name_image,ok,class_0_raw,class_1_raw,result,label,right,download_ms,inference_ms,heap_before,heap_after,heap_used,psram_before,psram_after,psram_used,stack_min_free_bytes
"A0001_pngxcr.raw",1,255,0,1,1,1,488.903,6202.543,2076056,2076408,0,1969096,1969096,0,13124
"A0002_og7hdg.raw",1,255,0,1,1,1,477.642,6205.530,2075844,2076192,0,1969096,1969096,0,13124
"A0003_s1ihic.raw",1,255,0,1,1,1,465.923,6225.518,2075844,2076212,0,1969096,1969096,0,13124
"A0004_tvdtsw.raw",1,255,0,1,1,1,480.015,6208.900,2075840,2076192,0,1969096,1969096,0,13124
"A0005_lkbtef.raw",1,255,0,1,1,1,744.386,6203.232,2075840,2076192,0,1969096,1969096,0,13076
"A0006_xtno5a.raw",1,255,0,1,1,1,586.779,6199.795,2075844,2076212,0,1969096,1969096,0,13076
"A0007_fbqrt3.raw",1,255,0,1,1,1,968.547,6193.634,2075828,2076192,0,1969096,1969096,0,13076
"A0008_gntaey.raw",1,255,0,1,1,1,458.276,6202.283,2075840,2076192,0,1969096,1969096,0,13076
"A0009_jwliki.raw",1,255,0,1,1,1,479.821,6202.974,2075844,2076212,0,1969096,1969096,0,13076
"A0010_luzdk8.raw",1,255,0,1,1,1,477.524,6196.046,2075840,2076192,0,1969096,1969096,0,13076
"A0011_y9xxcq.raw",1,255,0,1,1,1,465.970,6205.814,2075836,2076192,0,1969096,1969096,0,13076
"A0012_loynpr.raw",1,255,0,1,1,1,504.974,6204.454,2075844,2076212,0,1969096,1969096,0,13076
"A0013_lyk7g7.raw",1,255,0,1,1,1,497.863,6202.444,2075840,2076192,0,1969096,1969096,0,13076
"A0014_xebhqb.raw",1,255,0,1,1,1,498.470,6203.765,2075840,2076192,0,1969096,1969096,0,13076
"A0015_mmk45e.raw",1,255,0,1,1,1,471.728,6199.412,2075840,2076212,0,1969096,1969096,0,13076
"A0016_ux9mpm.raw",1,255,0,1,1,1,430.500,6201.314,2075840,2076192,0,1969096,1969096,0,13076
"A0017_wjyxc2.raw",1,255,0,1,1,1,467.849,6195.311,2075840,2076192,0,1969096,1969096,0,13076
"A0018_a4n97h.raw",1,255,0,1,1,1,627.617,6204.996,2075844,2076232,0,1969096,1969096,0,13076
"A0019_z88xx1.raw",1,255,0,1,1,1,459.405,6202.729,2075848,2076212,0,1969096,1969096,0,13076
"A0020_aej2s3.raw",1,255,0,1,1,1,461.655,6199.930,2075860,2076212,0,1969096,1969096,0,13076
"A0021_ip7hjm.raw",1,255,0,1,1,1,479.205,6216.560,2075856,2076232,0,1969096,1969096,0,13076
"A0022_nrgqxv.raw",1,255,0,1,1,1,782.615,6211.774,2075860,2076212,0,1969096,1969096,0,13076
"A0023_fitx0c.raw",1,255,0,1,1,1,732.012,6209.328,2075860,2076212,0,1969096,1969096,0,13076
"A0024_uipfcl.raw",1,255,0,1,1,1,829.593,6200.419,2075856,2076232,0,1969096,1969096,0,13076
"A0025_fcgk86.raw",1,255,0,1,1,1,839.222,6199.282,2075860,2076212,0,1969096,1969096,0,13076
"A0026_k4j7ld.raw",1,255,0,1,1,1,849.948,6205.024,2075860,2076220,0,1969096,1969096,0,13076
"A0027_h7xugf.raw",1,255,0,1,1,1,740.374,6223.002,2075868,2076240,0,1969096,1969096,0,13076
"A0028_pzbugc.raw",1,255,0,1,1,1,713.537,6209.947,2075868,2076220,0,1969096,1969096,0,13076
"A0029_dgl8ty.raw",1,255,0,1,1,1,843.861,6200.573,2075868,2076220,0,1969096,1969096,0,13076
"A0030_iabo50.raw",1,255,0,1,1,1,720.587,6204.894,2075868,2076240,0,1969096,1969096,0,13076
"A0031_y1oyri.raw",1,255,0,1,1,1,739.889,6202.228,2075868,2076220,0,1969096,1969096,0,13076
"A0032_z8so1m.raw",1,255,0,1,1,1,749.980,6200.450,2075868,2076220,0,1969096,1969096,0,13076
"A0033_gftspe.raw",1,255,0,1,1,1,1207.241,6203.336,2075868,2076240,0,1969096,1969096,0,13076
"A0034_s2ywtc.raw",1,255,0,1,1,1,778.233,6200.010,2075868,2076220,0,1969096,1969096,0,13076
"A0035_injh7h.raw",1,255,0,1,1,1,953.190,6201.315,2075868,2076220,0,1969096,1969096,0,13076
"A0036_ovpnp5.raw",1,255,0,1,1,1,730.028,6210.946,2075868,2076240,0,1969096,1969096,0,13076
"A0037_bp2gqm.raw",1,255,0,1,1,1,734.595,6204.434,2075868,2076220,0,1969096,1969096,0,13076
"A0038_k8stxs.raw",1,255,0,1,1,1,836.303,6204.328,2075868,2076220,0,1969096,1969096,0,13076
"A0039_wtctsw.raw",1,255,0,1,1,1,738.364,6202.332,2075868,2076240,0,1969096,1969096,0,13076
"A0040_d0jwlk.raw",1,255,0,1,1,1,491.612,6194.960,2075868,2075980,0,1969096,1969096,0,13076
"A0041_b4hu6s.raw",1,255,0,1,1,1,464.693,6197.743,2075648,2075768,0,1969096,1969096,0,13076
"A0042_y7f56p.raw",1,255,0,1,1,1,490.622,6201.125,2075436,2075556,0,1969096,1969096,0,13076
"A0043_ass1ml.raw",1,255,0,1,1,1,478.363,6200.374,2075224,2075344,0,1969096,1969096,0,13076
"A0044_ljaciu.raw",1,255,0,1,1,1,489.358,6198.891,2070916,2071036,0,1965000,1965000,0,13076
"A0045_pwe0bx.raw",1,255,0,1,1,1,472.867,6206.979,2070708,2070824,0,1965000,1965000,0,13076
"A0046_pu9lzg.raw",1,255,0,1,1,1,470.835,6203.008,2070496,2070612,0,1965000,1965000,0,13076
"A0047_hia2gg.raw",1,255,0,1,1,1,478.379,6195.878,2070284,2070400,0,1965000,1965000,0,13076
"A0048_e7drlt.raw",1,255,0,1,1,1,459.057,6201.039,2070064,2070188,0,1965000,1965000,0,13076
"A0049_z6tiwc.raw",1,255,0,1,1,1,474.320,6202.583,2069860,2069976,0,1965000,1965000,0,13076
"A0050_bhp1zt.raw",1,255,0,1,1,1,502.321,6201.431,2069648,2069764,0,1965000,1965000,0,13076
"A0051_hrjzui.raw",1,255,0,1,1,1,468.788,6203.424,2069436,2069552,0,1965000,1965000,0,13028
"A0052_nn7lwr.raw",1,255,0,1,1,1,474.439,6204.038,2069224,2069340,0,1965000,1965000,0,13028
"A0053_fyyelc.raw",1,255,0,1,1,1,469.844,6202.122,2069012,2069128,0,1965000,1965000,0,13028
"A0054_n4fxj6.raw",1,255,0,1,1,1,476.237,6200.353,2068800,2068916,0,1965000,1965000,0,13028
"A0055_ewya0t.raw",1,255,0,1,1,1,477.503,6211.257,2068588,2068704,0,1965000,1965000,0,13028
"A0056_a0acwa.raw",1,255,0,1,1,1,473.857,6212.109,2068376,2068492,0,1965000,1965000,0,13028
"A0057_yusm7j.raw",1,255,0,1,1,1,482.880,6212.818,2068164,2068280,0,1965000,1965000,0,13028
"A0058_xkdviy.raw",1,255,0,1,1,1,483.336,6213.171,2068168,2068492,0,1965000,1965000,0,13028
"A0059_p22lmg.raw",1,255,0,1,1,1,467.000,6214.934,2068164,2068280,0,1965000,1965000,0,13028
"A0060_dancqa.raw",1,255,0,1,1,1,483.394,6209.690,2068164,2068280,0,1965000,1965000,0,13028
"A0061_jnzho0.raw",1,255,0,1,1,1,494.107,6198.561,2068164,2068280,0,1965000,1965000,0,13028
"A0062_wslntj.raw",1,255,0,1,1,1,466.304,6205.714,2068152,2068280,0,1965000,1965000,0,13028
"A0063_fw20ng.raw",1,255,0,1,1,1,522.980,6200.331,2068148,2068488,0,1965000,1965000,0,13028
"A0064_u235d3.raw",1,255,0,1,1,1,497.239,6200.226,2068164,2068276,0,1965000,1965000,0,13028
"A0065_k5sww8.raw",1,255,0,1,1,1,496.963,6200.346,2068148,2068488,0,1965000,1965000,0,13028
"A0066_eblayi.raw",1,255,0,1,1,1,469.255,6204.888,2068148,2068488,0,1965000,1965000,0,13028
"A0067_qvzekt.raw",1,255,0,1,1,1,470.333,6195.339,2068148,2068276,0,1965000,1965000,0,13028
"A0068_jnyp3t.raw",1,255,0,1,1,1,459.194,6203.637,2068148,2068488,0,1965000,1965000,0,13028
"A0069_el3q49.raw",1,255,0,1,1,1,465.243,6202.519,2068148,2068276,0,1965000,1965000,0,13028
"A0070_e7a48y.raw",1,255,0,1,1,1,478.506,6208.302,2068148,2068488,0,1965000,1965000,0,13028
"A0071_rabdpq.raw",1,255,0,1,1,1,489.543,6200.321,2068148,2068276,0,1965000,1965000,0,13028
"A0072_jzmgzt.raw",1,255,0,1,1,1,473.527,6193.850,2068148,2068276,0,1965000,1965000,0,13028
"A0073_aaom1j.raw",1,255,0,1,1,1,468.008,6200.651,2068148,2068488,0,1965000,1965000,0,13028
"A0074_z2njia.raw",1,255,0,1,1,1,474.004,6200.904,2068148,2068276,0,1965000,1965000,0,13028
"A0075_thixnn.raw",1,255,0,1,1,1,475.806,6195.607,2068148,2068488,0,1965000,1965000,0,13028
"A0076_uepirg.raw",1,255,0,1,1,1,474.061,6207.599,2068148,2068276,0,1965000,1965000,0,13028
"A0077_yzpefp.raw",1,255,0,1,1,1,474.731,6199.887,2068148,2068276,0,1965000,1965000,0,13028
"A0078_j4xkdw.raw",1,255,0,1,1,1,466.456,6201.857,2068156,2068284,0,1965000,1965000,0,13028
"A0079_fpq2a0.raw",1,255,0,1,1,1,473.236,6205.810,2068164,2068284,0,1965000,1965000,0,13028
"A0080_ty7pql.raw",1,255,0,1,1,1,480.567,6205.568,2068164,2068500,0,1965000,1965000,0,13028
"A0081_lay34z.raw",1,255,0,1,1,1,478.543,6215.581,2068172,2068288,0,1965000,1965000,0,13028
"A0082_mrkhe4.raw",1,255,0,1,1,1,548.221,6203.334,2068172,2068500,0,1965000,1965000,0,13028
"A0083_dni2q2.raw",1,255,0,1,1,1,477.659,6201.006,2068172,2068288,0,1965000,1965000,0,13028
"A0084_alnglc.raw",1,255,0,1,1,1,476.452,6199.488,2068172,2068308,0,1965000,1965000,0,13028
"A0085_oateqz.raw",1,255,0,1,1,1,500.832,6200.828,2068160,2068500,0,1965000,1965000,0,13028
"A0086_pahizi.raw",1,255,0,1,1,1,472.232,6203.195,2068164,2068288,0,1965000,1965000,0,13028
"A0087_yukxlc.raw",1,255,0,1,1,1,481.252,6203.242,2068172,2068500,0,1965000,1965000,0,13028
"A0088_pdgosv.raw",1,255,0,1,1,1,466.494,6207.473,2068172,2068288,0,1965000,1965000,0,13028
"A0089_eds2md.raw",1,255,0,1,1,1,484.220,6197.576,2059976,2060096,0,1956808,1956808,0,13028
"A0090_szdiau.raw",1,255,0,1,1,1,481.548,6209.416,2059980,2060308,0,1956808,1956808,0,13028
"A0091_x0ti6u.raw",1,255,0,1,1,1,475.636,6199.068,2059976,2060096,0,1956808,1956808,0,13028
"A0092_u4sqxd.raw",1,255,0,1,1,1,480.902,6202.803,2059980,2060308,0,1956808,1956808,0,13028
"A0093_at2jv8.raw",1,255,0,1,1,1,470.581,6211.420,2059980,2060096,0,1956808,1956808,0,13028
"A0094_zfb8nu.raw",1,255,0,1,1,1,459.008,6204.811,2059976,2060088,0,1956808,1956808,0,13028
"A0095_jkkj9n.raw",1,255,0,1,1,1,467.514,6206.110,2059972,2060300,0,1956808,1956808,0,13028
"A0096_lxnofi.raw",1,255,0,1,1,1,476.584,6197.118,2059972,2060088,0,1956808,1956808,0,13028
"A0097_ntrg1i.raw",1,255,0,1,1,1,521.659,6200.681,2059972,2060300,0,1956808,1956808,0,13028
"A0098_rt7au4.raw",1,255,0,1,1,1,470.474,6206.806,2059968,2060088,0,1956808,1956808,0,13028
"A0099_wwf9mo.raw",1,255,0,1,1,1,495.180,6195.832,2059968,2060088,0,1956808,1956808,0,13028
"A0100_oi2b8q.raw",1,255,0,1,1,1,483.202,6205.510,2059964,2060292,0,1956808,1956808,0,13028
"A0101_auofjv.raw",1,255,0,1,1,1,465.866,6202.919,2059960,2060080,0,1956808,1956808,0,13028
"A0102_idx02p.raw",1,255,0,1,1,1,516.251,6201.152,2059948,2060292,0,1956808,1956808,0,13028
"A0103_t0glqy.raw",1,255,0,1,1,1,464.145,6196.126,2059964,2060088,0,1956808,1956808,0,13028
"A0104_j7srio.raw",1,255,0,1,1,1,489.017,6204.415,2059968,2060292,0,1956808,1956808,0,13028
"A0105_fzuugw.raw",1,255,0,1,1,1,473.368,6197.649,2059960,2060080,0,1956808,1956808,0,13028
"A0106_qphfdn.raw",1,255,0,1,1,1,600.508,6200.633,2059960,2060292,0,1956808,1956808,0,13028
"A0107_wadfu2.raw",1,255,0,1,1,1,480.675,6199.666,2059972,2060292,0,1956808,1956808,0,13028
"A0108_jkpzov.raw",1,255,0,1,1,1,460.277,6208.808,2059956,2060080,0,1956808,1956808,0,13028
"A0109_chn51b.raw",1,255,0,1,1,1,468.097,6198.303,2059960,2060292,0,1956808,1956808,0,13028
"A0110_uxtbiv.raw",1,255,0,1,1,1,465.280,6208.578,2059964,2060080,0,1956808,1956808,0,13028
"A0111_u7etpv.raw",1,255,0,1,1,1,458.557,6206.521,2059952,2060292,0,1956808,1956808,0,13028
"A0112_conneq.raw",1,255,0,1,1,1,469.264,6200.168,2059948,2060292,0,1956808,1956808,0,13028
"A0113_axcwln.raw",1,255,0,1,1,1,487.016,6195.983,2059964,2060080,0,1956808,1956808,0,13028
"A0114_epzka5.raw",1,255,0,1,1,1,479.089,6211.517,2059956,2060292,0,1956808,1956808,0,13028
"A0115_uxm5qb.raw",1,255,0,1,1,1,463.400,6199.628,2059964,2060084,0,1956808,1956808,0,13028
"A0116_doy9hj.raw",1,255,0,1,1,1,469.076,6203.061,2059956,2060084,0,1956808,1956808,0,13028
"A0117_pu5hmu.raw",1,255,0,1,1,1,485.044,6197.040,2059968,2060304,0,1956808,1956808,0,13028
"A0118_a7dv0n.raw",1,255,0,1,1,1,487.888,6204.072,2059972,2060092,0,1956808,1956808,0,13028
"A0119_oedla2.raw",1,255,0,1,1,1,474.260,6200.122,2059976,2060308,0,1956808,1956808,0,13028
"A0120_epjujj.raw",1,255,0,1,1,1,480.728,6201.915,2059976,2060096,0,1956808,1956808,0,13028
"A0121_g3jyy8.raw",1,255,0,1,1,1,478.720,6205.259,2059976,2060308,0,1956808,1956808,0,13028
"A0122_pmx2yd.raw",1,255,0,1,1,1,487.421,6200.129,2059980,2060096,0,1956808,1956808,0,13028
"A0123_xfgb6h.raw",1,255,0,1,1,1,478.291,6201.173,2059980,2060096,0,1956808,1956808,0,13028
"A0124_edx00r.raw",1,255,0,1,1,1,481.038,6205.667,2059980,2060096,0,1956808,1956808,0,13028
"A0125_nk5v0r.raw",1,255,0,1,1,1,465.652,6208.113,2059980,2060096,0,1956808,1956808,0,13028
"A0126_xrfib4.raw",1,255,0,1,1,1,468.780,6197.425,2059976,2060304,0,1956808,1956808,0,13028
"A0127_yjaolz.raw",1,255,0,1,1,1,468.981,6203.689,2059972,2060092,0,1956808,1956808,0,13028
"A0128_z5lkxc.raw",1,255,0,1,1,1,465.529,6203.843,2059972,2060092,0,1956808,1956808,0,13028
"A0129_n862po.raw",1,255,0,1,1,1,466.223,6199.039,2059976,2060324,0,1956808,1956808,0,13028
"A0130_neigqw.raw",1,255,0,1,1,1,494.721,6201.121,2059972,2060088,0,1956808,1956808,0,13028
"A0131_za9qd1.raw",1,255,0,1,1,1,478.104,6199.302,2059968,2060296,0,1956808,1956808,0,13028
"A0132_eounyo.raw",1,255,0,1,1,1,491.975,6207.818,2059964,2060084,0,1956808,1956808,0,13028
"A0133_ymmvtg.raw",1,255,0,1,1,1,475.544,6198.642,2059964,2060084,0,1956808,1956808,0,13028
"A0134_mjqqoe.raw",1,255,0,1,1,1,465.678,6208.403,2059964,2060296,0,1956808,1956808,0,13028
"A0135_enzni9.raw",1,255,0,1,1,1,471.821,6199.634,2059968,2060084,0,1956808,1956808,0,13028
"A0136_ml45ow.raw",1,255,0,1,1,1,472.483,6208.981,2059964,2060296,0,1956808,1956808,0,13028
"A0137_qdzoid.raw",1,255,0,1,1,1,488.714,6198.895,2059972,2060084,0,1956808,1956808,0,13028
"A0138_lrkwgg.raw",1,255,0,1,1,1,508.455,6207.742,2059972,2060084,0,1956808,1956808,0,13028
"A0139_c7zcva.raw",1,255,0,1,1,1,472.545,6200.490,2059968,2060088,0,1956808,1956808,0,13028
"A0140_hmgnyz.raw",1,255,0,1,1,1,472.510,6202.552,2059968,2060088,0,1956808,1956808,0,13028
"A0141_zb8g2z.raw",1,255,0,1,1,1,501.928,6198.440,2059968,2060300,0,1956808,1956808,0,13028
"A0142_quqwbe.raw",1,255,0,1,1,1,481.175,6206.860,2059968,2060088,0,1956808,1956808,0,13028
"A0143_scl1ia.raw",1,255,0,1,1,1,472.606,6208.005,2059972,2060088,0,1956808,1956808,0,13028
"A0144_seuevk.raw",1,255,0,1,1,1,466.630,6197.171,2059976,2060304,0,1956808,1956808,0,13028
"A0145_aj799g.raw",1,255,0,1,1,1,475.396,6206.149,2059976,2060092,0,1956808,1956808,0,13028
"A0146_pdyurx.raw",1,255,0,1,1,1,466.615,6203.678,2059976,2060304,0,1956808,1956808,0,13028
"A0147_ryewk1.raw",1,255,0,1,1,1,479.052,6202.123,2059972,2060092,0,1956808,1956808,0,13028
"A0148_ofubry.raw",1,255,0,1,1,1,475.013,6199.815,2059976,2060092,0,1956808,1956808,0,13028
"A0149_web0fw.raw",1,255,0,1,1,1,468.431,6199.761,2059972,2060092,0,1956808,1956808,0,13028
"A0150_wse9nd.raw",1,255,0,1,1,1,491.967,6196.601,2059972,2060092,0,1956808,1956808,0,13028
"A0151_d8j5q5.raw",1,255,0,1,1,1,482.219,6214.658,2059976,2060304,0,1956808,1956808,0,13028
"A0152_pkc90o.raw",1,255,0,1,1,1,477.112,6203.796,2059976,2060092,0,1956808,1956808,0,13028
"A0153_ypv0ko.raw",1,255,0,1,1,1,477.673,6200.910,2059972,2060092,0,1956808,1956808,0,13028
"A0154_rqnhhr.raw",1,255,0,1,1,1,465.413,6210.545,2059976,2060092,0,1956808,1956808,0,13028
"A0155_jpj4jd.raw",1,255,0,1,1,1,473.455,6198.387,2059972,2060064,0,1956808,1956808,0,13028
"A0156_jyhznq.raw",1,255,0,1,1,1,462.038,6208.241,2059972,2060300,0,1956808,1956808,0,13028
"A0157_wdpbft.raw",1,255,0,1,1,1,492.565,6197.591,2059968,2060088,0,1956808,1956808,0,13028
"A0158_piwgzx.raw",1,255,0,1,1,1,472.921,6204.627,2059968,2060092,0,1956808,1956808,0,13028
"A0159_k0mdgr.raw",1,255,0,1,1,1,490.792,6204.397,2059972,2060092,0,1956808,1956808,0,13028
"A0160_h2xppl.raw",1,255,0,1,1,1,461.503,6204.483,2059972,2060092,0,1956808,1956808,0,13028
"A0161_hu558c.raw",1,255,0,1,1,1,466.348,6200.281,2059972,2060304,0,1956808,1956808,0,13028
"A0162_wszbpa.raw",1,255,0,1,1,1,464.077,6201.265,2059972,2060092,0,1956808,1956808,0,13028
"A0163_qujlmb.raw",1,255,0,1,1,1,479.896,6201.745,2059960,2060092,0,1956808,1956808,0,13028
"A0164_ufwztd.raw",1,255,0,1,1,1,504.344,6195.798,2059968,2060092,0,1956808,1956808,0,13028
"A0165_mlk6uo.raw",1,255,0,1,1,1,478.970,6205.584,2059960,2060092,0,1956808,1956808,0,13028
"A0166_btzmek.raw",1,255,0,1,1,1,467.947,6204.448,2059972,2060304,0,1956808,1956808,0,13028
"A0167_lylbhn.raw",1,255,0,1,1,1,470.963,6205.109,2059976,2060092,0,1956808,1956808,0,13028
"A0168_kkus6d.raw",1,255,0,1,1,1,463.820,6202.660,2059976,2060092,0,1956808,1956808,0,13028
"A0169_ozaahc.raw",1,255,0,1,1,1,472.668,6199.141,2059960,2060092,0,1956808,1956808,0,13028
"A0170_ncl2k4.raw",1,255,0,1,1,1,474.156,6201.934,2059976,2060092,0,1956808,1956808,0,13028
"A0171_gdk0wj.raw",1,255,0,1,1,1,602.866,6212.193,2059972,2060304,0,1956808,1956808,0,13028
"A0172_fh9j69.raw",1,255,0,1,1,1,475.854,6202.948,2059976,2060092,0,1956808,1956808,0,13028
"A0173_fdiofg.raw",1,255,0,1,1,1,465.331,6201.046,2059964,2060304,0,1956808,1956808,0,13028
"A0174_qhr2xh.raw",1,255,0,1,1,1,471.995,6200.707,2059972,2060116,0,1956808,1956808,0,13028
"A0175_atyzgx.raw",1,255,0,1,1,1,472.505,6198.072,2059976,2060088,0,1956808,1956808,0,13028
"A0176_t9el8k.raw",1,255,0,1,1,1,490.048,6206.295,2059972,2060300,0,1956808,1956808,0,13028
"A0177_zjv7ht.raw",1,255,0,1,1,1,467.203,6205.251,2059968,2060088,0,1956808,1956808,0,13028
"A0178_ztki3l.raw",1,255,0,1,1,1,486.991,6197.438,2043584,2043916,0,1940424,1940424,0,13028
"A0179_zbcidy.raw",1,255,0,1,1,1,480.452,6205.260,2043584,2043704,0,1940424,1940424,0,13028
"A0180_iydqnn.raw",1,255,0,1,1,1,476.485,6199.364,2043580,2043916,0,1940424,1940424,0,13028
"A0181_iu3rku.raw",1,255,0,1,1,1,461.309,6198.084,2043584,2043920,0,1940424,1940424,0,13028
"A0182_ugicji.raw",1,255,0,1,1,1,463.950,6200.586,2043576,2043720,0,1940424,1940424,0,13028
"A0183_dfukym.raw",1,255,0,1,1,1,497.778,6202.024,2043580,2043908,0,1940424,1940424,0,13028
"A0184_rd2y4r.raw",1,255,0,1,1,1,466.731,6203.610,2043576,2043696,0,1940424,1940424,0,13028
"A0185_qtqkkp.raw",1,255,0,1,1,1,472.223,6197.740,2043576,2043696,0,1940424,1940424,0,13028
"A0188_bdgn9q.raw",1,255,0,1,1,1,461.962,6199.495,2043576,2043908,0,1940424,1940424,0,13028
"A0189_ny2ilw.raw",1,255,0,1,1,1,489.705,6204.131,2043580,2043696,0,1940424,1940424,0,13028
"A0190_cqjpqk.raw",1,255,0,1,1,1,482.751,6199.749,2043576,2043908,0,1940424,1940424,0,13028
"A0191_fwkpbo.raw",1,255,0,1,1,1,466.036,6197.411,2043576,2043696,0,1940424,1940424,0,13028
"A0192_uzchni.raw",1,255,0,1,1,1,481.314,6201.821,2043576,2043720,0,1940424,1940424,0,13028
"A0193_nkhiuo.raw",1,255,0,1,1,1,466.240,6206.302,2043584,2043696,0,1940424,1940424,0,13028
"A0194_zvbcfo.raw",1,255,0,1,1,1,480.727,6218.542,2043580,2043696,0,1940424,1940424,0,13028
"A0195_tr6ora.raw",1,255,0,1,1,1,482.152,6225.375,2043580,2043908,0,1940424,1940424,0,13028
"A0196_whkx6w.raw",1,255,0,1,1,1,470.142,6214.360,2043580,2043700,0,1940424,1940424,0,13028
"A0197_xfivh2.raw",1,255,0,1,1,1,472.802,6208.939,2043584,2043912,0,1940424,1940424,0,13028
"A0198_jimefi.raw",1,255,0,1,1,1,497.906,6210.504,2043584,2043700,0,1940424,1940424,0,13028
"A0199_ar2ay8.raw",1,255,0,1,1,1,508.327,6215.089,2043580,2043912,0,1940424,1940424,0,13028
"A0200_ohacof.raw",1,255,0,1,1,1,763.768,6213.915,2043584,2043932,0,1940424,1940424,0,13028
"A0201_ysj9co.raw",1,255,0,1,1,1,718.429,6217.527,2043580,2043924,0,1940424,1940424,0,13028
"A0202_nvcfjl.raw",1,255,0,1,1,1,725.020,6215.372,2043592,2043924,0,1940424,1940424,0,13028
"A0203_ch7mwc.raw",1,255,0,1,1,1,724.997,6212.765,2043580,2043924,0,1940424,1940424,0,13028
"A0204_jkbdpj.raw",1,255,0,1,1,1,826.548,6203.716,2043596,2043924,0,1940424,1940424,0,13028
"A0205_fvodso.raw",1,255,0,1,1,1,739.623,6200.974,2043596,2043916,0,1940424,1940424,0,13028
"A0206_f9brjr.raw",1,255,0,1,1,1,738.539,6205.909,2043584,2043916,0,1940424,1940424,0,13028
"A0207_crypbs.raw",1,255,0,1,1,1,744.416,6206.917,2043588,2043920,0,1940424,1940424,0,13028
"A0208_ciqneq.raw",1,255,0,1,1,1,730.066,6200.720,2043588,2043944,0,1940424,1940424,0,13028
"A0209_zvqfpy.raw",1,255,0,1,1,1,952.192,6198.473,2043596,2043920,0,1940424,1940424,0,13028
"A0210_ww71zb.raw",1,255,0,1,1,1,735.532,6199.244,2043588,2043920,0,1940424,1940424,0,13028
"A0211_tsumyc.raw",1,255,0,1,1,1,742.368,6207.668,2043588,2043920,0,1940424,1940424,0,13028
"A0212_s1cswj.raw",1,255,0,1,1,1,831.116,6201.019,2043584,2043920,0,1940424,1940424,0,13028
"A0213_vt8gg8.raw",1,255,0,1,1,1,844.473,6208.023,2043592,2043920,0,1940424,1940424,0,13028
"A0214_s9etmp.raw",1,255,0,1,1,1,841.799,6211.679,2043596,2043916,0,1940424,1940424,0,13028
"A0215_slzstg.raw",1,255,0,1,1,1,737.621,6208.661,2043588,2043916,0,1940424,1940424,0,13028
"A0216_pey3bs.raw",1,255,0,1,1,1,713.989,6205.003,2043576,2043944,0,1940424,1940424,0,13028
"A0217_hgh87m.raw",1,255,0,1,1,1,738.168,6213.883,2043596,2043916,0,1940424,1940424,0,13028
"A0218_p313qk.raw",1,255,0,1,1,1,935.619,6208.541,2043584,2043916,0,1940424,1940424,0,13028
"A0219_v2w2a3.raw",1,255,0,1,1,1,728.545,6202.617,2043584,2043916,0,1940424,1940424,0,13028
"A0220_znt3dh.raw",1,255,0,1,1,1,841.905,6205.632,2043576,2043916,0,1940424,1940424,0,13028
"A0222_sbfsny.raw",1,255,0,1,1,1,944.205,6200.041,2043580,2043916,0,1940424,1940424,0,13028
"A0223_kns6ja.raw",1,255,0,1,1,1,946.522,6206.219,2043588,2043916,0,1940424,1940424,0,13028
"A0224_ec1q80.raw",1,255,0,1,1,1,834.515,6205.381,2043584,2043916,0,1940424,1940424,0,13028
"A0225_ijfo9b.raw",1,255,0,1,1,1,735.152,6202.829,2043588,2043944,0,1940424,1940424,0,13028
"A0226_hluh5b.raw",1,255,0,1,1,1,732.256,6202.344,2043596,2044128,0,1940424,1940424,0,13028
"A0227_kmqc8p.raw",1,255,0,1,1,1,839.294,6208.005,2043800,2044340,0,1940424,1940424,0,13028
"A0228_cm4srd.raw",1,255,0,1,1,1,729.353,6202.606,2044012,2044580,0,1940424,1940424,0,13028
"A0229_asb2qh.raw",1,255,0,1,1,1,851.957,6206.215,2044228,2044764,0,1940424,1940424,0,13028
"A0230_vrqiqx.raw",1,255,0,1,1,1,836.547,6198.915,2044436,2044976,0,1940424,1940424,0,13028
"A0231_bfqh0p.raw",1,255,0,1,1,1,837.133,6204.899,2044648,2045216,0,1940424,1940424,0,13028
"A0232_dgrsxo.raw",1,255,0,1,1,1,842.436,6204.832,2044868,2045400,0,1940424,1940424,0,13028
"A0233_xqv5rq.raw",1,255,0,1,1,1,916.818,6201.569,2045072,2045612,0,1940424,1940424,0,13028
"A0234_s9tsrz.raw",1,255,0,1,1,1,864.406,6200.696,2045284,2045852,0,1940424,1940424,0,13028
"A0235_f5egs1.raw",1,255,0,1,1,1,739.484,6206.246,2045504,2046036,0,1940424,1940424,0,13028
"A0236_eknpio.raw",1,255,0,1,1,1,843.958,6203.589,2045700,2046248,0,1940424,1940424,0,13028
"A0237_gmrxbk.raw",1,255,0,1,1,1,837.337,6200.213,2045920,2046488,0,1940424,1940424,0,13028
"A0238_cutltl.raw",1,255,0,1,1,1,740.033,6206.991,2046140,2046672,0,1940424,1940424,0,13028
"A0239_pyv9f4.raw",1,255,0,1,1,1,727.333,6205.939,2046344,2046884,0,1940424,1940424,0,13028
"A0240_tjh4sv.raw",1,255,0,1,1,1,735.226,6207.391,2046548,2047124,0,1940424,1940424,0,13028
"A0241_jn8liu.raw",1,255,0,1,1,1,839.641,6207.659,2046764,2047308,0,1940424,1940424,0,13028
"A0242_vcn7h9.raw",1,255,0,1,1,1,733.410,6197.875,2046976,2047548,0,1940424,1940424,0,13028
"A0243_wmkjie.raw",1,255,0,1,1,1,951.302,6198.548,2047196,2047568,0,1940424,1940424,0,13028
"A0244_uvkbjy.raw",1,255,0,1,1,1,740.925,6199.538,2047196,2047548,0,1940424,1940424,0,13028
"A0245_qcwoib.raw",1,255,0,1,1,1,743.657,6197.132,2047196,2047548,0,1940424,1940424,0,13028
"A0246_zemmnk.raw",1,255,0,1,1,1,744.201,6198.777,2047196,2047568,0,1940424,1940424,0,13028
"A0247_pq1oev.raw",1,255,0,1,1,1,845.124,6202.346,2047196,2047548,0,1940424,1940424,0,13028
"A0248_x0oo3k.raw",1,255,0,1,1,1,834.732,6199.798,2047196,2047548,0,1940424,1940424,0,13028
"A0249_i0dxqu.raw",1,255,0,1,1,1,746.506,6198.727,2047192,2047568,0,1940424,1940424,0,13028
"A0250_axxp23.raw",1,255,0,1,1,1,939.904,6202.462,2047196,2047548,0,1940424,1940424,0,13028
"A0252_w9tnqy.raw",1,255,0,1,1,1,845.556,6203.929,2047196,2047548,0,1940424,1940424,0,13028
"A0253_bxpt22.raw",1,255,0,1,1,1,738.125,6199.218,2047200,2047568,0,1940424,1940424,0,13028
"A0254_hukz5u.raw",1,255,0,1,1,1,745.422,6200.619,2047200,2047548,0,1940424,1940424,0,13028
"A0255_g1clny.raw",1,255,0,1,1,1,837.353,6202.471,2047196,2047548,0,1940424,1940424,0,13028
"A0256_kbw8md.raw",1,255,0,1,1,1,947.521,6203.735,2047196,2047568,0,1940424,1940424,0,13028
"A0257_ux4eb4.raw",1,255,0,1,1,1,734.979,6202.871,2047196,2047548,0,1940424,1940424,0,13028
"A0258_hevype.raw",1,255,0,1,1,1,839.243,6199.937,2047200,2047548,0,1940424,1940424,0,13028
"A0259_jkmxqq.raw",1,255,0,1,1,1,850.227,6201.600,2047196,2047568,0,1940424,1940424,0,13028
"A0260_zuqtnh.raw",1,255,0,1,1,1,796.362,6201.407,2047200,2047548,0,1940424,1940424,0,13028
"A0261_y0babc.raw",1,255,0,1,1,1,876.058,6198.965,2047196,2047548,0,1940424,1940424,0,13028
"A0262_bn3bfl.raw",1,255,0,1,1,1,847.890,6197.936,2047196,2047568,0,1940424,1940424,0,13028
"A0263_eaovwh.raw",1,255,0,1,1,1,750.174,6200.835,2047196,2047548,0,1940424,1940424,0,13028
"A0264_znxwji.raw",1,255,0,1,1,1,831.873,6204.669,2047196,2047548,0,1940424,1940424,0,13028
"A0265_x7adfc.raw",1,255,0,1,1,1,842.244,6199.493,2047196,2047568,0,1940424,1940424,0,13028
"A0266_sxsryp.raw",1,255,0,1,1,1,739.537,6198.786,2047196,2047548,0,1940424,1940424,0,13028
"A0267_fmmmsv.raw",1,255,0,1,1,1,852.499,6219.442,2047196,2047548,0,1940424,1940424,0,13028
"A0268_o7e2th.raw",1,255,0,1,1,1,818.526,6206.930,2047200,2047568,0,1940424,1940424,0,13028
"A0269_ajpovb.raw",1,255,0,1,1,1,836.000,6208.982,2047196,2047548,0,1940424,1940424,0,13028
"A0270_l00eru.raw",1,255,0,1,1,1,838.084,6202.018,2047192,2047548,0,1940424,1940424,0,13028
"A0271_idqtq6.raw",1,255,0,1,1,1,840.565,6204.872,2047196,2047568,0,1940424,1940424,0,13028
"A0272_ci12kp.raw",1,255,0,1,1,1,1348.224,6203.239,2047196,2047548,0,1940424,1940424,0,13028
"A0273_oobnvs.raw",1,255,0,1,1,1,839.961,6201.183,2047196,2047548,0,1940424,1940424,0,13028
"A0274_z8y0ts.raw",1,255,0,1,1,1,848.955,6199.662,2047200,2047568,0,1940424,1940424,0,13028
"A0275_qcom4d.raw",1,255,0,1,1,1,730.441,6198.684,2047196,2047548,0,1940424,1940424,0,13028
"A0276_u8civs.raw",1,255,0,1,1,1,756.684,6202.629,2047196,2047548,0,1940424,1940424,0,13028
"A0277_lp0jyl.raw",1,255,0,1,1,1,728.173,6201.752,2047196,2047568,0,1940424,1940424,0,13028
"A0278_alargq.raw",1,255,0,1,1,1,739.804,6198.834,2047196,2047548,0,1940424,1940424,0,13028
"A0279_yofu8q.raw",1,255,0,1,1,1,846.004,6204.413,2047196,2047548,0,1940424,1940424,0,13028
"A0280_sudwco.raw",1,255,0,1,1,1,741.604,6202.312,2047196,2047568,0,1940424,1940424,0,13028
"A0284_eqeqpu.raw",1,255,0,1,1,1,828.402,6201.450,2047200,2047548,0,1940424,1940424,0,13028
"A0285_hlnoe3.raw",1,255,0,1,1,1,848.074,6207.382,2047196,2047548,0,1940424,1940424,0,13028
"A0286_ssxkmx.raw",1,255,0,1,1,1,839.820,6209.356,2047200,2047568,0,1940424,1940424,0,13028
"A0287_kpxbdk.raw",1,255,0,1,1,1,823.320,6209.832,2047196,2047548,0,1940424,1940424,0,13028
"A0288_aql3s9.raw",1,255,0,1,1,1,844.113,6196.604,2047196,2047548,0,1940424,1940424,0,13028
"A0289_n1hkoe.raw",1,255,0,1,1,1,834.806,6200.947,2047200,2047568,0,1940424,1940424,0,13028
"A0290_bdpny1.raw",1,255,0,1,1,1,850.702,6196.927,2047196,2047548,0,1940424,1940424,0,13028
"A0291_zkzfpo.raw",1,255,0,1,1,1,844.454,6201.113,2047196,2047548,0,1940424,1940424,0,13028
"A0292_gc2isa.raw",1,255,0,1,1,1,947.770,6196.947,2047196,2047568,0,1940424,1940424,0,13028
"A0293_wrvywi.raw",1,255,0,1,1,1,837.759,6200.507,2047196,2047548,0,1940424,1940424,0,13028
"A0294_hbaudo.raw",1,255,0,1,1,1,744.244,6201.982,2047196,2047548,0,1940424,1940424,0,13028
"A0295_s5k0wm.raw",1,255,0,1,1,1,740.617,6200.383,2047188,2047568,0,1940424,1940424,0,13028
"A0296_d9znpe.raw",1,255,0,1,1,1,745.976,6199.592,2047196,2047548,0,1940424,1940424,0,13028
"A0297_xfqrcq.raw",1,255,0,1,1,1,735.547,6200.731,2047196,2047548,0,1940424,1940424,0,13028
"A0298_mrexge.raw",1,255,0,1,1,1,838.964,6201.638,2047192,2047568,0,1940424,1940424,0,13028
"A0299_ixvobf.raw",1,255,0,1,1,1,750.543,6204.074,2047196,2047548,0,1940424,1940424,0,13028
"A0300_ti9hcd.raw",1,255,0,1,1,1,836.989,6198.695,2047192,2047548,0,1940424,1940424,0,13028
"A0301_qub0zf.raw",1,255,0,1,1,1,834.267,6201.625,2047196,2047568,0,1940424,1940424,0,13028
"A0302_dvtavh.raw",1,255,0,1,1,1,740.693,6202.801,2047196,2047548,0,1940424,1940424,0,13028
"A0303_yp97an.raw",1,255,0,1,1,1,843.007,6202.018,2047196,2047548,0,1940424,1940424,0,13028
"A0304_y71j7t.raw",1,255,0,1,1,1,844.973,6202.121,2047196,2047568,0,1940424,1940424,0,13028
"A0305_yybafz.raw",1,255,0,1,1,1,732.126,6201.918,2047196,2047548,0,1940424,1940424,0,13028
"A0306_qjkmac.raw",1,255,0,1,1,1,638.784,6208.936,2047200,2047548,0,1940424,1940424,0,13028
"A0307_flkxrv.raw",1,255,0,1,1,1,846.180,6203.020,2047196,2047568,0,1940424,1940424,0,13028
"A0308_xkictc.raw",1,255,0,1,1,1,828.821,6197.841,2047196,2047548,0,1940424,1940424,0,13028
"A0309_gzx0lp.raw",1,255,0,1,1,1,845.614,6196.343,2047196,2047548,0,1940424,1940424,0,13028
"A0310_b9zuuj.raw",1,255,0,1,1,1,747.951,6201.730,2047196,2047568,0,1940424,1940424,0,13028
"A0311_ynnqsg.raw",1,255,0,1,1,1,741.146,6200.860,2047196,2047548,0,1940424,1940424,0,13028
"A0312_r5dft8.raw",1,255,0,1,1,1,735.622,6201.267,2047196,2047548,0,1940424,1940424,0,13028
"A0313_xyi7vm.raw",1,255,0,1,1,1,842.431,6204.866,2047196,2047568,0,1940424,1940424,0,13028
"A0314_hjwlcr.raw",1,255,0,1,1,1,847.933,6207.590,2047196,2047308,0,1940424,1940424,0,13028
"A0315_im4uan.raw",1,255,0,1,1,1,836.048,6201.233,2046980,2047096,0,1940424,1940424,0,13028
"A0316_d8tfsd.raw",1,255,0,1,1,1,841.221,6202.327,2046764,2046884,0,1940424,1940424,0,13028
"A0317_ik34xx.raw",1,255,0,1,1,1,740.078,6201.619,2046552,2046672,0,1940424,1940424,0,13028
"A0318_i0fam1.raw",1,255,0,1,1,1,738.518,6204.289,2046340,2046460,0,1940424,1940424,0,13028
"A0319_co5vs4.raw",1,255,0,1,1,1,737.665,6202.519,2046128,2046248,0,1940424,1940424,0,13028
"A0320_jk1elq.raw",1,255,0,1,1,1,737.318,6200.790,2045920,2046036,0,1940424,1940424,0,13028
"A0321_qdoo2i.raw",1,255,0,1,1,1,843.995,6206.715,2045708,2045824,0,1940424,1940424,0,13028
"A0322_bj3jaj.raw",1,255,0,1,1,1,833.526,6204.399,2045496,2045612,0,1940424,1940424,0,13028
"A0323_udkkdk.raw",1,255,0,1,1,1,841.761,6201.508,2045284,2045400,0,1940424,1940424,0,13028
"A0324_ix2x76.raw",1,255,0,1,1,1,840.584,6208.166,2045072,2045188,0,1940424,1940424,0,13028
"A0325_vtxqtl.raw",1,255,0,1,1,1,730.848,6198.232,2044860,2044976,0,1940424,1940424,0,13028
"A0326_jbtwvz.raw",1,255,0,1,1,1,743.682,6206.284,2044656,2044764,0,1940424,1940424,0,13028
"A0327_bdutno.raw",1,255,0,1,1,1,735.605,6204.530,2044436,2044552,0,1940424,1940424,0,13028
"A0328_fk3csq.raw",1,255,0,1,1,1,943.200,6202.430,2044224,2044340,0,1940424,1940424,0,13028
"A0329_yuy1yj.raw",1,255,0,1,1,1,736.347,6219.285,2044012,2044128,0,1940424,1940424,0,13028
"A0330_eymoe2.raw",1,255,0,1,1,1,719.220,6216.569,2043800,2043916,0,1940424,1940424,0,13028
"A0331_hseg4s.raw",1,255,0,1,1,1,732.766,6215.099,2043588,2043916,0,1940424,1940424,0,13028
"A0332_ekfdwv.raw",1,255,0,1,1,1,823.783,6213.146,2043584,2043916,0,1940424,1940424,0,13028
"A0333_lmugko.raw",1,255,0,1,1,1,728.206,6211.034,2043588,2043916,0,1940424,1940424,0,13028
"A0334_tjccqp.raw",1,255,0,1,1,1,727.691,6206.751,2043588,2043916,0,1940424,1940424,0,13028
"A0335_ycajns.raw",1,255,0,1,1,1,736.675,6199.902,2043588,2043916,0,1940424,1940424,0,13028
"A0336_zcwtf9.raw",1,255,0,1,1,1,743.658,6198.330,2043576,2043916,0,1940424,1940424,0,13028
"A0337_p6uclg.raw",1,255,0,1,1,1,849.640,6206.378,2043584,2043916,0,1940424,1940424,0,13028
"A0338_n0t7rv.raw",1,255,0,1,1,1,834.024,6203.659,2043588,2043916,0,1940424,1940424,0,13028
"A0339_pudo2p.raw",1,255,0,1,1,1,733.442,6204.982,2043588,2043916,0,1940424,1940424,0,13028
"A0340_tlndrh.raw",1,255,0,1,1,1,738.079,6200.014,2043584,2043916,0,1940424,1940424,0,13028
"A0341_hejolh.raw",1,255,0,1,1,1,740.383,6204.617,2043588,2043916,0,1940424,1940424,0,13028
"A0342_lp6gkv.raw",1,255,0,1,1,1,733.863,6203.644,2043576,2043916,0,1940424,1940424,0,13028
"A0343_y3pszq.raw",1,255,0,1,1,1,844.024,6200.239,2043588,2043916,0,1940424,1940424,0,13028
"A0344_ptvhiq.raw",1,255,0,1,1,1,740.013,6202.459,2043584,2043916,0,1940424,1940424,0,13028
"A0345_wetetm.raw",1,255,0,1,1,1,747.607,6208.610,2043584,2043916,0,1940424,1940424,0,13028
"A0346_jhdhsf.raw",1,255,0,1,1,1,752.768,6199.412,2043584,2043916,0,1940424,1940424,0,13028
"A0347_qjv2cy.raw",1,255,0,1,1,1,920.154,6199.888,2043588,2043916,0,1940424,1940424,0,13028
"A0348_g7ge9x.raw",1,255,0,1,1,1,736.593,6200.059,2043584,2043916,0,1940424,1940424,0,13028
"A0349_lbh80x.raw",1,255,0,1,1,1,845.767,6206.234,2043588,2043916,0,1940424,1940424,0,13028
"A0350_tex9fb.raw",1,255,0,1,1,1,729.389,6199.835,2043588,2043916,0,1940424,1940424,0,13028
"A0352_zvdebj.raw",1,255,0,1,1,1,746.940,6199.876,2043580,2043916,0,1940424,1940424,0,13028
"A0353_cssdbg.raw",1,255,0,1,1,1,735.816,6200.396,2043584,2043916,0,1940424,1940424,0,13028
"A0354_syikha.raw",1,255,0,1,1,1,743.984,6206.986,2043588,2043916,0,1940424,1940424,0,13028
"A0355_d5zrql.raw",1,255,0,1,1,1,732.520,6199.002,2043584,2043916,0,1940424,1940424,0,13028
"A0356_ew2wb9.raw",1,255,0,1,1,1,743.560,6202.994,2043588,2043916,0,1940424,1940424,0,13028
"A0357_jyzhgd.raw",1,255,0,1,1,1,734.558,6202.519,2043584,2043944,0,1940424,1940424,0,13028
"A0358_azetfv.raw",1,255,0,1,1,1,740.556,6207.633,2043584,2043916,0,1940424,1940424,0,13028
"A0359_pqllv9.raw",1,255,0,1,1,1,735.173,6200.100,2043588,2043916,0,1940424,1940424,0,13028
"A0360_pwtuqo.raw",1,255,0,1,1,1,739.364,6200.239,2043592,2043920,0,1940424,1940424,0,13028
"A0361_cjbzmd.raw",1,255,0,1,1,1,844.821,6200.391,2043592,2043920,0,1940424,1940424,0,13028
"A0362_ogt4km.raw",1,255,0,1,1,1,841.292,6203.786,2043596,2043920,0,1940424,1940424,0,13028
"A0363_njr5v5.raw",1,255,0,1,1,1,843.720,6203.694,2043592,2043920,0,1940424,1940424,0,13028
"A0364_layfgn.raw",1,255,0,1,1,1,739.151,6200.136,2010816,2011152,0,1907656,1907656,0,13028
"A0365_btvcvn.raw",1,255,0,1,1,1,836.591,6203.571,2010824,2011152,0,1907656,1907656,0,13028
"A0366_km2ell.raw",1,255,0,1,1,1,736.970,6206.260,2010824,2011152,0,1907656,1907656,0,13028
"A0367_ruqycj.raw",1,255,0,1,1,1,735.490,6197.986,2010824,2011152,0,1907656,1907656,0,13028
"A0368_bsgs52.raw",1,255,0,1,1,1,952.245,6204.278,2010824,2011152,0,1907656,1907656,0,13028
"A0369_s4pwkw.raw",1,255,0,1,1,1,833.298,6199.087,2010824,2011152,0,1907656,1907656,0,13028
"A0370_wfarv0.raw",1,255,0,1,1,1,743.392,6199.312,2010824,2011152,0,1907656,1907656,0,13028
"A0371_joxrak.raw",1,255,0,1,1,1,842.788,6201.434,2010812,2011152,0,1907656,1907656,0,13028
"A0372_zoohxs.raw",1,255,0,1,1,1,740.713,6199.131,2010820,2011148,0,1907656,1907656,0,13028
"A0373_z41pvo.raw",1,255,0,1,1,1,748.482,6207.705,2010816,2011148,0,1907656,1907656,0,13028
"A0374_r21kou.raw",1,255,0,1,1,1,832.198,6213.288,2010812,2011148,0,1907656,1907656,0,13028
"A0376_thu5jh.raw",1,255,0,1,1,1,722.744,6201.250,2010816,2011148,0,1907656,1907656,0,13028
"A0377_kkzhwn.raw",1,255,0,1,1,1,848.690,6206.218,2010820,2011152,0,1907656,1907656,0,13028
"A0378_wigkro.raw",1,255,0,1,1,1,728.474,6204.260,2010824,2011152,0,1907656,1907656,0,13028
"A0379_hbssm3.raw",1,255,0,1,1,1,739.883,6199.045,2010820,2011152,0,1907656,1907656,0,13028
"A0380_tjsogc.raw",1,255,0,1,1,1,740.053,6201.342,2010824,2011152,0,1907656,1907656,0,13028
"A0381_rm2xed.raw",1,255,0,1,1,1,1153.833,6196.544,2010820,2011152,0,1907656,1907656,0,13028
"A0382_s5qt3h.raw",1,255,0,1,1,1,741.146,6199.474,2010820,2011152,0,1907656,1907656,0,13028
"A0383_vvjhh8.raw",1,255,0,1,1,1,740.343,6205.613,2010820,2011152,0,1907656,1907656,0,13028
"A0384_z6tazi.raw",1,255,0,1,1,1,944.558,6200.259,2010820,2011148,0,1907656,1907656,0,13028
"A0385_k1aoy5.raw",1,255,0,1,1,1,840.107,6199.573,2010816,2011148,0,1907656,1907656,0,13028
"A0386_mjlxio.raw",1,255,0,1,1,1,741.004,6202.779,2010816,2011148,0,1907656,1907656,0,13028
"A0387_ynmcl2.raw",1,255,0,1,1,1,743.116,6203.576,2010816,2011148,0,1907656,1907656,0,13028
"A0388_trhvtl.raw",1,255,0,1,1,1,734.034,6202.694,2010816,2011148,0,1907656,1907656,0,13028
"A0389_kemn1f.raw",1,255,0,1,1,1,738.072,6203.221,2010820,2011152,0,1907656,1907656,0,13028
"A0390_hnpat7.raw",1,255,0,1,1,1,740.525,6204.932,2010816,2011152,0,1907656,1907656,0,13028
"A0391_fsubq3.raw",1,255,0,1,1,1,738.382,6202.548,2010824,2011152,0,1907656,1907656,0,13028
"A0392_oc7uwv.raw",1,255,0,1,1,1,730.806,6202.318,2010820,2011152,0,1907656,1907656,0,13028
"A0393_ebtlw8.raw",1,255,0,1,1,1,943.414,6199.910,2010816,2011152,0,1907656,1907656,0,13028
"A0394_pryct3.raw",1,255,0,1,1,1,846.984,6204.617,2010824,2011148,0,1907656,1907656,0,13028
"A0395_pswwpv.raw",1,255,0,1,1,1,838.172,6201.815,2010820,2011148,0,1907656,1907656,0,13028
"A0396_lfswc9.raw",1,255,0,1,1,1,743.519,6197.955,2010820,2011148,0,1907656,1907656,0,13028
"A0397_kfddhc.raw",1,255,0,1,1,1,737.934,6198.881,2010820,2011148,0,1907656,1907656,0,13028
"A0398_vk698p.raw",1,255,0,1,1,1,742.097,6204.767,2010820,2011148,0,1907656,1907656,0,13028
"A0399_rbwika.raw",1,255,0,1,1,1,733.957,6202.008,2010820,2011148,0,1907656,1907656,0,13028
"A0400_eqg00u.raw",1,255,0,1,1,1,739.217,6204.416,2010820,2011148,0,1907656,1907656,0,13028
"A0401_rilc1b.raw",1,255,0,1,1,1,742.712,6206.294,2010816,2011176,0,1907656,1907656,0,13028
"A0402_w0vt9h.raw",1,255,0,1,1,1,731.433,6204.019,2010820,2011148,0,1907656,1907656,0,13028
"A0403_wffqhr.raw",1,255,0,1,1,1,835.896,6199.781,2010812,2011148,0,1907656,1907656,0,13028
"A0404_uzsvg8.raw",1,255,0,1,1,1,847.741,6203.022,2010812,2011148,0,1907656,1907656,0,13028
"A0405_tg9teh.raw",1,255,0,1,1,1,736.266,6198.380,2010816,2011148,0,1907656,1907656,0,13028
"A0406_zflebv.raw",1,255,0,1,1,1,751.373,6211.024,2010812,2011148,0,1907656,1907656,0,13028
"A0407_rbgpmh.raw",1,255,0,1,1,1,825.077,6201.531,2010812,2011148,0,1907656,1907656,0,13028
"A0408_f7y5c6.raw",1,255,0,1,1,1,740.304,6201.827,2010816,2011148,0,1907656,1907656,0,13028
"A0409_e4wdni.raw",1,255,0,1,1,1,743.060,6203.674,2010812,2011148,0,1907656,1907656,0,13028
"A0410_dojvrg.raw",1,255,0,1,1,1,834.086,6206.367,2010820,2011148,0,1907656,1907656,0,13028
"A0411_dfilzh.raw",1,255,0,1,1,1,733.932,6203.908,2010816,2011148,0,1907656,1907656,0,13028
"A0412_n3jvir.raw",1,255,0,1,1,1,839.264,6201.175,2010816,2011148,0,1907656,1907656,0,13028
"A0413_g1j1dn.raw",1,255,0,1,1,1,850.409,6201.902,2010812,2011148,0,1907656,1907656,0,13028
"A0414_lv2t3u.raw",1,255,0,1,1,1,835.696,6203.400,2010820,2011148,0,1907656,1907656,0,13028
"A0415_vah7zi.raw",1,255,0,1,1,1,737.702,6205.031,2010816,2011148,0,1907656,1907656,0,13028
"A0416_scjbfe.raw",1,255,0,1,1,1,843.919,6206.246,2010828,2011148,0,1907656,1907656,0,13028
"A0417_ad97qt.raw",1,255,0,1,1,1,833.101,6204.007,2010820,2011148,0,1907656,1907656,0,13028
"A0418_qs0nro.raw",1,255,0,1,1,1,737.552,6209.180,2010820,2011152,0,1907656,1907656,0,13028
"A0419_ahvcmt.raw",1,255,0,1,1,1,734.046,6204.834,2010824,2011152,0,1907656,1907656,0,13028
"A0420_vsemxf.raw",1,255,0,1,1,1,733.748,6199.377,2010820,2011152,0,1907656,1907656,0,13028
"A0421_keuvyd.raw",1,255,0,1,1,1,743.634,6200.860,2010820,2011152,0,1907656,1907656,0,13028
"A0422_r5hsns.raw",1,255,0,1,1,1,735.618,6205.112,2010824,2011152,0,1907656,1907656,0,13028
"A0423_tvwfxt.raw",1,255,0,1,1,1,741.548,6200.610,2010820,2011152,0,1907656,1907656,0,13028
"A0424_dpdtdp.raw",1,255,0,1,1,1,840.794,6206.869,2010816,2011152,0,1907656,1907656,0,13028
"A0425_zb0vdx.raw",1,255,0,1,1,1,734.317,6200.108,2010824,2011152,0,1907656,1907656,0,13028
"A0426_hddmf6.raw",1,255,0,1,1,1,847.412,6202.329,2010824,2011152,0,1907656,1907656,0,13028
"A0427_crhssy.raw",1,255,0,1,1,1,834.177,6200.408,2010820,2011152,0,1907656,1907656,0,13028
"A0428_xgl8bw.raw",1,255,0,1,1,1,953.317,6203.445,2010824,2011152,0,1907656,1907656,0,13028
"A0429_lrjppg.raw",1,255,0,1,1,1,736.787,6212.732,2010824,2011152,0,1907656,1907656,0,13028
"A0430_iohwav.raw",1,255,0,1,1,1,722.543,6202.491,2010824,2011152,0,1907656,1907656,0,13028
"A0431_oknhqk.raw",1,255,0,1,1,1,736.637,6198.067,2010824,2011152,0,1907656,1907656,0,13028
"A0432_r8uyuf.raw",1,255,0,1,1,1,748.683,6201.212,2010824,2011152,0,1907656,1907656,0,13028
"A0433_ftsb7l.raw",1,255,0,1,1,1,842.572,6203.411,2010824,2011152,0,1907656,1907656,0,13028
"A0434_g58dax.raw",1,255,0,1,1,1,737.420,6200.241,2010812,2011152,0,1907656,1907656,0,13028
"A0435_vs0v09.raw",1,255,0,1,1,1,740.876,6200.555,2010820,2011152,0,1907656,1907656,0,13028
"A0436_rf7nm6.raw",1,255,0,1,1,1,737.337,6210.233,2010820,2011148,0,1907656,1907656,0,13028
"A0437_msxuo6.raw",1,255,0,1,1,1,731.170,6203.455,2010820,2011148,0,1907656,1907656,0,13028
"A0440_ntynus.raw",1,255,0,1,1,1,743.979,6199.893,2010816,2011148,0,1907656,1907656,0,13028
"A0441_v7wwui.raw",1,255,0,1,1,1,741.075,6200.296,2010820,2011148,0,1907656,1907656,0,13028
"A0442_dqkqpe.raw",1,255,0,1,1,1,838.565,6201.596,2010820,2011152,0,1907656,1907656,0,13028
"A0443_nsskxx.raw",1,255,0,1,1,1,848.256,6202.104,2010824,2011152,0,1907656,1907656,0,13028
"A0444_il9w1f.raw",1,255,0,1,1,1,832.262,6202.031,2010820,2011152,0,1907656,1907656,0,13028
"A0445_qwyknw.raw",1,255,0,1,1,1,742.134,6202.064,2010808,2011140,0,1907656,1907656,0,13028
"A0446_acwzym.raw",1,255,0,1,1,1,746.238,6203.605,2010800,2011164,0,1907656,1907656,0,13028
"A0447_ztuewd.raw",1,255,0,1,1,1,727.733,6206.439,2010796,2011140,0,1907656,1907656,0,13028
"A0448_hjoceg.raw",1,255,0,1,1,1,942.280,6200.094,2010812,2011140,0,1907656,1907656,0,13028
"A0449_hchlnu.raw",1,255,0,1,1,1,742.981,6201.506,2010808,2011140,0,1907656,1907656,0,13028
"A0450_r9v6aw.raw",1,255,0,1,1,1,840.983,6205.042,2010808,2011140,0,1907656,1907656,0,13028
"A0451_cjyaqu.raw",1,255,0,1,1,1,732.145,6201.309,2010812,2011140,0,1907656,1907656,0,13028
"A0452_m0ut30.raw",1,255,0,1,1,1,846.315,6201.147,2010808,2011140,0,1907656,1907656,0,13028
"A0453_dvu9kl.raw",1,255,0,1,1,1,740.336,6203.873,2010808,2011140,0,1907656,1907656,0,13028
"A0454_jk4df0.raw",1,255,0,1,1,1,742.741,6203.455,2010808,2011140,0,1907656,1907656,0,13028
"A0455_zaucsk.raw",1,255,0,1,1,1,735.598,6205.411,2010808,2011140,0,1907656,1907656,0,13028
"A0456_q4rdoh.raw",1,255,0,1,1,1,731.349,6200.590,2010812,2011140,0,1907656,1907656,0,13028
"A0457_ygc8fl.raw",1,255,0,1,1,1,750.302,6198.985,2010808,2011140,0,1907656,1907656,0,13028
"A0460_qeqqbx.raw",1,255,0,1,1,1,733.328,6205.366,2010808,2011136,0,1907656,1907656,0,13028
"A0461_vyvota.raw",1,255,0,1,1,1,734.145,6202.439,2010808,2011140,0,1907656,1907656,0,13028
"A0462_tbli0t.raw",1,255,0,1,1,1,837.645,6198.731,2010808,2011140,0,1907656,1907656,0,13028
"A0463_xlxxae.raw",1,255,0,1,1,1,748.548,6205.413,2010808,2011140,0,1907656,1907656,0,13028
"A0464_vlecha.raw",1,255,0,1,1,1,832.007,6209.487,2010812,2011152,0,1907656,1907656,0,13028
"A0465_asowsq.raw",1,255,0,1,1,1,838.838,6212.760,2010812,2011140,0,1907656,1907656,0,13028
"A0466_swkz2f.raw",1,255,0,1,1,1,725.196,6213.614,2010812,2011140,0,1907656,1907656,0,13028
"A0467_kefijj.raw",1,255,0,1,1,1,729.081,6205.182,2010812,2011140,0,1907656,1907656,0,13028
"A0468_xznvsy.raw",1,255,0,1,1,1,841.459,6201.881,2010812,2011140,0,1907656,1907656,0,13028
"A0469_cjnozm.raw",1,255,0,1,1,1,939.393,6204.957,2010808,2011140,0,1907656,1907656,0,13028
"A0470_sr1crp.raw",1,255,0,1,1,1,738.554,6202.293,2010808,2011140,0,1907656,1907656,0,13028
"A0471_vegjb2.raw",1,255,0,1,1,1,736.527,6200.839,2010808,2011140,0,1907656,1907656,0,13028
"A0472_anpbxw.raw",1,255,0,1,1,1,1045.004,6206.205,2010812,2011140,0,1907656,1907656,0,13028
"A0473_f0xhxn.raw",1,255,0,1,1,1,843.987,6205.427,2010808,2011140,0,1907656,1907656,0,13028
"A0474_lcgqt3.raw",1,255,0,1,1,1,732.627,6200.826,2010808,2011140,0,1907656,1907656,0,13028
"A0475_izdi4w.raw",1,255,0,1,1,1,743.801,6203.740,2010808,2011140,0,1907656,1907656,0,13028
"A0476_sicood.raw",1,255,0,1,1,1,732.042,6206.016,2010800,2011140,0,1907656,1907656,0,13028
"A0477_hkkbrr.raw",1,255,0,1,1,1,843.964,6200.827,2010812,2011140,0,1907656,1907656,0,13028
"A0478_assip5.raw",1,255,0,1,1,1,738.105,6199.780,2010812,2011140,0,1907656,1907656,0,13028
"A0479_iwl6rk.raw",1,255,0,1,1,1,741.699,6203.752,2010812,2011140,0,1907656,1907656,0,13028
"A0480_d6kou8.raw",1,255,0,1,1,1,732.358,6201.128,2010808,2011136,0,1907656,1907656,0,13028
"A0481_tfxlsp.raw",1,255,0,1,1,1,748.640,6203.133,2010796,2011136,0,1907656,1907656,0,13028
"A0482_qkkfjr.raw",1,255,0,1,1,1,735.938,6202.037,2010808,2011148,0,1907656,1907656,0,13028
"A0483_jknnb3.raw",1,255,0,1,1,1,732.135,6204.406,2010820,2011148,0,1907656,1907656,0,13028
"A0484_bntigi.raw",1,255,0,1,1,1,738.060,6202.462,2010816,2011148,0,1907656,1907656,0,13028
"A0485_xhwwsw.raw",1,255,0,1,1,1,740.551,6207.704,2010820,2011148,0,1907656,1907656,0,13028
"A0486_tpalip.raw",1,255,0,1,1,1,734.552,6200.837,2010816,2011148,0,1907656,1907656,0,13028
"A0487_svmkzb.raw",1,255,0,1,1,1,739.411,6210.144,2010820,2011148,0,1907656,1907656,0,13028
"A0488_n1nhui.raw",1,255,0,1,1,1,737.112,6203.214,2010820,2011148,0,1907656,1907656,0,13028
"A0489_r5fgah.raw",1,255,0,1,1,1,735.084,6200.191,2010804,2011148,0,1907656,1907656,0,13028
"A0490_qgy6rp.raw",1,255,0,1,1,1,738.706,6200.080,2010820,2011148,0,1907656,1907656,0,13028
"A0491_i88loc.raw",1,255,0,1,1,1,739.410,6202.576,2010816,2011176,0,1907656,1907656,0,13028
"A0492_swhvle.raw",1,255,0,1,1,1,737.891,6208.812,2010824,2011148,0,1907656,1907656,0,13028
"A0493_o51twc.raw",1,255,0,1,1,1,734.702,6204.904,2010816,2011148,0,1907656,1907656,0,13028
"A0494_mqhtek.raw",1,255,0,1,1,1,735.465,6198.016,2010816,2011148,0,1907656,1907656,0,13028
"A0495_y2b89h.raw",1,255,0,1,1,1,741.350,6205.842,2010816,2011148,0,1907656,1907656,0,13028
"A0496_vm1dk9.raw",1,255,0,1,1,1,735.400,6202.751,2010816,2011148,0,1907656,1907656,0,13028
"A0497_eamtyq.raw",1,255,0,1,1,1,734.757,6200.666,2010808,2011148,0,1907656,1907656,0,13028
"A0498_lfav63.raw",1,255,0,1,1,1,742.546,6207.279,2010808,2011148,0,1907656,1907656,0,13028
"A0499_xne8pi.raw",1,255,0,1,1,1,739.696,6206.101,2010816,2011148,0,1907656,1907656,0,13028
"A0500_xtopuy.raw",1,255,0,1,1,1,730.265,6202.125,2010820,2011148,0,1907656,1907656,0,13028
"A0501_at6y7x.raw",1,255,0,1,1,1,739.865,6201.322,2010804,2011148,0,1907656,1907656,0,13028
"A0502_p0l3k7.raw",1,255,0,1,1,1,735.677,6203.854,2010820,2011148,0,1907656,1907656,0,13028
"A0503_o9cfdx.raw",1,255,0,1,1,1,739.280,6205.421,2010808,2011148,0,1907656,1907656,0,13028
"A0504_pyua7m.raw",1,255,0,1,1,1,736.504,6199.308,2010816,2011148,0,1907656,1907656,0,13028
"A0505_bbbusp.raw",1,255,0,1,1,1,846.352,6206.707,2010808,2011148,0,1907656,1907656,0,13028
"A0506_kadii0.raw",1,255,0,1,1,1,734.521,6202.283,2010816,2011148,0,1907656,1907656,0,13028
"A0507_pe5hgg.raw",1,255,0,1,1,1,736.536,6204.899,2010812,2011148,0,1907656,1907656,0,13028
"A0508_earveh.raw",1,255,0,1,1,1,1040.501,6208.097,2010816,2011148,0,1907656,1907656,0,13028
"A0509_va1ytr.raw",1,255,0,1,1,1,734.963,6209.321,2010812,2011148,0,1907656,1907656,0,13028
"A0510_sidcww.raw",1,255,0,1,1,1,738.040,6203.094,2010812,2011148,0,1907656,1907656,0,13028
"A0511_kamyz0.raw",1,255,0,1,1,1,839.592,6204.977,2010820,2011148,0,1907656,1907656,0,13028
"A0512_yzhvei.raw",1,255,0,1,1,1,731.203,6202.323,2010816,2011148,0,1907656,1907656,0,13028
"A0513_cbwrja.raw",1,255,0,1,1,1,746.289,6210.085,2010820,2011148,0,1907656,1907656,0,13028
"A0514_j9x2cs.raw",1,255,0,1,1,1,723.341,6200.112,2010820,2011148,0,1907656,1907656,0,13028
"A0515_riyszz.raw",1,255,0,1,1,1,742.844,6201.420,2010816,2011148,0,1907656,1907656,0,13028
"A0516_fzplpi.raw",1,255,0,1,1,1,741.256,6201.809,2010816,2011148,0,1907656,1907656,0,13028
"A0517_azl09d.raw",1,255,0,1,1,1,737.871,6203.564,2010816,2011148,0,1907656,1907656,0,13028
"A0518_ouwrq5.raw",1,255,0,1,1,1,740.162,6204.605,2010816,2011148,0,1907656,1907656,0,13028
"A0519_fch6p5.raw",1,255,0,1,1,1,938.755,6202.208,2010820,2011148,0,1907656,1907656,0,13028
"A0520_wms8t7.raw",1,255,0,1,1,1,843.388,6198.859,2010740,2011076,0,1907656,1907656,0,13028
"A0521_zrv9be.raw",1,255,0,1,1,1,842.636,6202.417,2010736,2011076,0,1907656,1907656,0,13028
"A0522_sdy6pp.raw",1,255,0,1,1,1,858.961,6204.950,2010752,2011084,0,1907656,1907656,0,13028
"A0523_my3hwa.raw",1,255,0,1,1,1,736.825,6202.174,2010752,2011084,0,1907656,1907656,0,13028
"A0524_eayaz7.raw",1,255,0,1,1,1,724.705,6200.682,2010756,2011076,0,1907656,1907656,0,13028
"A0525_ns7v4d.raw",1,255,0,1,1,1,737.224,6206.856,2010748,2011076,0,1907656,1907656,0,13028
"A0526_vc3lwl.raw",1,255,0,1,1,1,726.019,6207.300,2010748,2011076,0,1907656,1907656,0,13028
"A0527_fukqby.raw",1,255,0,1,1,1,735.471,6203.388,2010744,2011076,0,1907656,1907656,0,13028
"A0528_d5qz3n.raw",1,255,0,1,1,1,842.471,6200.173,2010744,2011076,0,1907656,1907656,0,13028
"A0529_fqs9ek.raw",1,255,0,1,1,1,743.485,6201.799,2010748,2011076,0,1907656,1907656,0,13028
"A0530_ittubu.raw",1,255,0,1,1,1,839.038,6202.399,2010744,2011076,0,1907656,1907656,0,13028
"A0531_rh96q9.raw",1,255,0,1,1,1,741.959,6200.740,2010736,2011076,0,1907656,1907656,0,13028
"A0532_shp5kf.raw",1,255,0,1,1,1,732.748,6200.437,2010744,2011076,0,1907656,1907656,0,13028
"A0533_jgfkhr.raw",1,255,0,1,1,1,747.431,6205.125,2010752,2011084,0,1907656,1907656,0,13028
"A0534_q4vdru.raw",1,255,0,1,1,1,739.362,6208.171,2010756,2011104,0,1907656,1907656,0,13028
"A0535_yeyi8o.raw",1,255,0,1,1,1,727.201,6200.226,2010756,2011084,0,1907656,1907656,0,13028
"A0536_ym5n6g.raw",1,255,0,1,1,1,744.665,6218.900,2010752,2011084,0,1907656,1907656,0,13028
"A0537_dhqjia.raw",1,255,0,1,1,1,714.403,6203.587,2010752,2011084,0,1907656,1907656,0,13028
"A0538_usmtyp.raw",1,255,0,1,1,1,739.575,6202.559,2010752,2011084,0,1907656,1907656,0,13028
"A0539_yjmbql.raw",1,255,0,1,1,1,845.523,6201.636,2010752,2011084,0,1907656,1907656,0,13028
"A0540_nlzdb8.raw",1,255,0,1,1,1,738.409,6197.686,2010752,2011084,0,1907656,1907656,0,13028
"A0541_yaxz8u.raw",1,255,0,1,1,1,847.483,6204.916,2010752,2011084,0,1907656,1907656,0,13028
"A0542_gd2z73.raw",1,255,0,1,1,1,737.270,6207.647,2010752,2011084,0,1907656,1907656,0,13028
"A0543_zbw18s.raw",1,255,0,1,1,1,829.926,6200.865,2010752,2011084,0,1907656,1907656,0,13028
"A0544_ii5kta.raw",1,255,0,1,1,1,842.147,6197.914,2010752,2011084,0,1907656,1907656,0,13028
"A0545_nnauux.raw",1,255,0,1,1,1,754.306,6204.746,2010744,2011076,0,1907656,1907656,0,13028
"A0546_l4sstw.raw",1,255,0,1,1,1,829.817,6201.308,2010744,2011076,0,1907656,1907656,0,13028
"A0547_urqdkk.raw",1,255,0,1,1,1,840.481,6201.209,2010748,2011076,0,1907656,1907656,0,13028
"A0548_oebfwb.raw",1,255,0,1,1,1,842.985,6199.417,2010748,2011076,0,1907656,1907656,0,13028
"A0549_foic2s.raw",1,255,0,1,1,1,745.059,6207.279,2010744,2011076,0,1907656,1907656,0,13028
"A0550_lv0l9j.raw",1,255,0,1,1,1,837.837,6203.057,2010748,2011076,0,1907656,1907656,0,13028
"A0551_wvilcl.raw",1,255,0,1,1,1,735.124,6211.096,2010744,2011076,0,1907656,1907656,0,13028
"A0552_akjoqp.raw",1,255,0,1,1,1,728.551,6215.817,2010744,2011076,0,1907656,1907656,0,13028
"A0553_htgzxm.raw",1,255,0,1,1,1,723.141,6215.180,2010744,2011076,0,1907656,1907656,0,13028
"A0554_i4prpo.raw",1,255,0,1,1,1,731.721,6214.599,2010744,2011076,0,1907656,1907656,0,13028
"A0555_isv0te.raw",1,255,0,1,1,1,722.497,6202.358,2010744,2011076,0,1907656,1907656,0,13028
"A0556_faycyw.raw",1,255,0,1,1,1,845.178,6205.051,2010744,2011076,0,1907656,1907656,0,13028
"A0557_atmlcs.raw",1,255,0,1,1,1,944.515,6205.140,2010736,2011068,0,1907656,1907656,0,13028
"A0558_i0cs51.raw",1,255,0,1,1,1,725.723,6202.438,2010728,2011068,0,1907656,1907656,0,13028
"A0559_spqliz.raw",1,255,0,1,1,1,738.479,6204.247,2010736,2011060,0,1907656,1907656,0,13028
"A0560_dwktsk.raw",1,255,0,1,1,1,744.200,6203.921,2010728,2011060,0,1907656,1907656,0,13028
"A0561_i9r032.raw",1,255,0,1,1,1,731.448,6202.819,2010728,2011060,0,1907656,1907656,0,13028
"A0562_ei6oeg.raw",1,255,0,1,1,1,847.426,6203.311,2010728,2011068,0,1907656,1907656,0,13028
"A0563_knj4me.raw",1,255,0,1,1,1,730.952,6199.106,2010736,2011068,0,1907656,1907656,0,13028
"A0564_evwdra.raw",1,255,0,1,1,1,744.486,6197.622,2010732,2011068,0,1907656,1907656,0,13028
"A0565_dbksyo.raw",1,255,0,1,1,1,742.816,6205.327,2010740,2011068,0,1907656,1907656,0,13028
"A0566_sn7wu2.raw",1,255,0,1,1,1,738.950,6200.718,2010736,2011068,0,1907656,1907656,0,13028
"A0567_jnanrf.raw",1,255,0,1,1,1,733.135,6199.901,2010740,2011068,0,1907656,1907656,0,13028
"A0568_s9glwg.raw",1,255,0,1,1,1,752.864,6210.129,2010736,2011072,0,1907656,1907656,0,13028
"A0569_e1vypc.raw",1,255,0,1,1,1,728.011,6202.785,2010740,2011072,0,1907656,1907656,0,13028
"A0570_fxtrl3.raw",1,255,0,1,1,1,734.054,6200.820,2010744,2011072,0,1907656,1907656,0,13028
"A0571_sief6k.raw",1,255,0,1,1,1,740.484,6200.573,2010736,2011072,0,1907656,1907656,0,13028
"A0572_v03ba8.raw",1,255,0,1,1,1,739.697,6205.453,2010748,2011072,0,1907656,1907656,0,13028
"A0573_xqffl5.raw",1,255,0,1,1,1,732.428,6201.077,2010740,2011072,0,1907656,1907656,0,13028
"A0574_lbz9zz.raw",1,255,0,1,1,1,757.825,6200.317,2010740,2011080,0,1907656,1907656,0,13028
"A0575_vpxnsv.raw",1,255,0,1,1,1,830.340,6205.674,2010744,2011080,0,1907656,1907656,0,13028
"A0576_hcjuac.raw",1,255,0,1,1,1,735.232,6204.979,2010748,2011080,0,1907656,1907656,0,13028
"A0577_cdkzzx.raw",1,255,0,1,1,1,839.855,6202.224,2010744,2011100,0,1907656,1907656,0,13028
"A0578_on2wmu.raw",1,255,0,1,1,1,738.809,6198.203,2010752,2011076,0,1907656,1907656,0,13028
"A0579_chs7nw.raw",1,255,0,1,1,1,749.094,6199.125,2010736,2011076,0,1907656,1907656,0,13028
"A0580_ynnbef.raw",1,255,0,1,1,1,736.599,6204.023,2010736,2011072,0,1907656,1907656,0,13028
"A0581_h5l9cs.raw",1,255,0,1,1,1,730.448,6202.048,2010740,2011072,0,1907656,1907656,0,13028
"A0582_bqjsii.raw",1,255,0,1,1,1,744.076,6208.565,2010740,2011072,0,1907656,1907656,0,13028
"A0583_mplo71.raw",1,255,0,1,1,1,830.626,6202.927,2010740,2011072,0,1907656,1907656,0,13028
"A0584_iwfs4b.raw",1,255,0,1,1,1,742.720,6203.029,2010736,2011072,0,1907656,1907656,0,13028
"A0585_menq9v.raw",1,255,0,1,1,1,839.361,6206.766,2010740,2011072,0,1907656,1907656,0,13028
"A0586_fg0wng.raw",1,255,0,1,1,1,940.669,6202.340,2010740,2011072,0,1907656,1907656,0,13028
"A0587_momwkg.raw",1,255,0,1,1,1,843.663,6203.184,2010732,2011072,0,1907656,1907656,0,13028
"A0588_n4dijx.raw",1,255,0,1,1,1,832.299,6202.530,2010740,2011072,0,1907656,1907656,0,13028
"A0589_xjzlbe.raw",1,255,0,1,1,1,947.744,6201.906,2010744,2011072,0,1907656,1907656,0,13028
"A0590_i27ewf.raw",1,255,0,1,1,1,735.903,6199.995,2010744,2011072,0,1907656,1907656,0,13028
"A0591_ki5rd1.raw",1,255,0,1,1,1,743.500,6231.733,2010744,2011072,0,1907656,1907656,0,13028
"A0592_rgvqpl.raw",1,255,0,1,1,1,705.797,6212.665,2010740,2011072,0,1907656,1907656,0,13028
"A0593_sxuxxl.raw",1,255,0,1,1,1,731.076,6207.159,2010740,2011072,0,1907656,1907656,0,13028
"A0594_p078ft.raw",1,255,0,1,1,1,731.075,6208.278,2010744,2011076,0,1907656,1907656,0,13028
"A0595_zetnpm.raw",1,255,0,1,1,1,940.364,6207.427,2010744,2011076,0,1907656,1907656,0,13028
"A0596_qie1ae.raw",1,255,0,1,1,1,729.903,6205.793,2010744,2011076,0,1907656,1907656,0,13028
"A0597_rdg7tz.raw",1,255,0,1,1,1,735.803,6206.396,2010744,2011076,0,1907656,1907656,0,13028
"A0598_b1pg6g.raw",1,255,0,1,1,1,740.034,6205.240,2010744,2011076,0,1907656,1907656,0,13028
"A0599_lyhlth.raw",1,255,0,1,1,1,938.407,6201.815,2010744,2011076,0,1907656,1907656,0,13028
"A0600_nkp0p3.raw",1,255,0,1,1,1,737.578,6207.336,2010736,2011104,0,1907656,1907656,0,13028
"A0601_i7vyaq.raw",1,255,0,1,1,1,842.467,6206.146,2010756,2011076,0,1907656,1907656,0,13028
"A0602_mpdwwr.raw",1,255,0,1,1,1,728.660,6206.910,2010744,2011076,0,1907656,1907656,0,13028
"A0603_lp2rah.raw",1,255,0,1,1,1,839.438,6207.752,2010744,2011076,0,1907656,1907656,0,13028
"A0604_aejyfi.raw",1,255,0,1,1,1,736.373,6211.621,2010744,2011076,0,1907656,1907656,0,13028
"A0605_nsdrki.raw",1,255,0,1,1,1,927.439,6202.648,2010748,2011076,0,1907656,1907656,0,13028
"A0606_sjc7jq.raw",1,255,0,1,1,1,947.661,6202.296,2010744,2011076,0,1907656,1907656,0,13028
"A0607_ok4fm3.raw",1,255,0,1,1,1,740.295,6203.392,2010744,2011076,0,1907656,1907656,0,13028
"A0608_aufur4.raw",1,255,0,1,1,1,834.434,6215.636,2010744,2011076,0,1907656,1907656,0,13028
"A0609_tscimb.raw",1,255,0,1,1,1,832.938,6202.015,2010748,2011076,0,1907656,1907656,0,13028
"A0610_fz7qvg.raw",1,255,0,1,1,1,937.679,6199.658,2010748,2011076,0,1907656,1907656,0,13028
"A0611_sn0dis.raw",1,255,0,1,1,1,849.120,6204.044,2010744,2011076,0,1907656,1907656,0,13028
"A0612_ty02k6.raw",1,255,0,1,1,1,735.750,6203.257,2010748,2011076,0,1907656,1907656,0,13028
"A0613_kds5wx.raw",1,255,0,1,1,1,733.832,6199.532,2010732,2011064,0,1907656,1907656,0,13028
"A0614_ryniaw.raw",1,255,0,1,1,1,743.801,6197.821,2010732,2011064,0,1907656,1907656,0,13028
"A0615_tp31h9.raw",1,255,0,1,1,1,742.981,6204.404,2010736,2011064,0,1907656,1907656,0,13028
"A0616_ly3kod.raw",1,255,0,1,1,1,1152.829,6201.979,2010724,2011056,0,1907656,1907656,0,13028
"A0617_hnhxyx.raw",1,255,0,1,1,1,734.523,6200.138,2010716,2011056,0,1907656,1907656,0,13028
"A0618_obxrip.raw",1,255,0,1,1,1,843.312,6199.821,2010732,2011056,0,1907656,1907656,0,13028
"A0619_nohwmg.raw",1,255,0,1,1,1,737.873,6207.587,2010724,2011056,0,1907656,1907656,0,13028
"A0620_jkbrxh.raw",1,255,0,1,1,1,945.375,6208.878,2010728,2011056,0,1907656,1907656,0,13028
"A0621_plfsth.raw",1,255,0,1,1,1,725.341,6202.932,2010728,2011064,0,1907656,1907656,0,13028
"A0622_qqipcw.raw",1,255,0,1,1,1,739.268,6201.687,2010736,2011064,0,1907656,1907656,0,13028
"A0623_gcouvg.raw",1,255,0,1,1,1,736.296,6206.210,2010736,2011084,0,1907656,1907656,0,13028
"A0624_itvr4o.raw",1,255,0,1,1,1,733.608,6202.993,2010736,2011064,0,1907656,1907656,0,13028
"A0625_ociik5.raw",1,255,0,1,1,1,848.062,6206.488,2010736,2011064,0,1907656,1907656,0,13028
"A0626_tiou4h.raw",1,255,0,1,1,1,734.062,6199.978,2010736,2011064,0,1907656,1907656,0,13028
"A0627_g9kvwn.raw",1,255,0,1,1,1,739.673,6208.058,2010736,2011064,0,1907656,1907656,0,13028
"A0628_m5syea.raw",1,255,0,1,1,1,832.942,6203.021,2010736,2011064,0,1907656,1907656,0,13028
"A0629_rewfuc.raw",1,255,0,1,1,1,743.992,6200.172,2010724,2011052,0,1907656,1907656,0,13028
"A0630_zkjwlp.raw",1,255,0,1,1,1,944.296,6204.575,2010724,2011064,0,1907656,1907656,0,13028
"A0631_qesp0w.raw",1,255,0,1,1,1,833.257,6201.842,2010736,2011064,0,1907656,1907656,0,13028
"A0632_xb5z2u.raw",1,255,0,1,1,1,745.132,6200.843,2010736,2011064,0,1907656,1907656,0,13028
"A0633_wirreq.raw",1,255,0,1,1,1,945.148,6206.711,2010736,2011072,0,1907656,1907656,0,13028
"A0634_efv4ae.raw",1,255,0,1,1,1,734.980,6203.919,2010744,2011072,0,1907656,1907656,0,13028
"A0635_sk2sjl.raw",1,255,0,1,1,1,838.972,6205.024,2010740,2011072,0,1907656,1907656,0,13028
"A0636_qtd8mb.raw",1,255,0,1,1,1,732.638,6201.661,2010740,2011072,0,1907656,1907656,0,13028
"A0637_uoilmo.raw",1,255,0,1,1,1,946.887,6200.312,2010740,2011072,0,1907656,1907656,0,13028
"A0638_nwwze3.raw",1,255,0,1,1,1,747.235,6207.567,2010744,2011064,0,1907656,1907656,0,13028
"A0639_wgyyoo.raw",1,255,0,1,1,1,725.969,6205.369,2010740,2011064,0,1907656,1907656,0,13028
"A0640_dgyjq1.raw",1,255,0,1,1,1,734.540,6206.654,2010744,2011064,0,1907656,1907656,0,13028
"A0641_xqdfff.raw",1,255,0,1,1,1,739.880,6200.772,2010736,2011064,0,1907656,1907656,0,13028
"A0642_g7rx9w.raw",1,255,0,1,1,1,838.756,6202.309,2010736,2011064,0,1907656,1907656,0,13028
"A0643_lrgckf.raw",1,255,0,1,1,1,947.181,6206.849,2010736,2011064,0,1907656,1907656,0,13028
"A0644_remdtu.raw",1,255,0,1,1,1,741.425,6204.760,2010740,2011064,0,1907656,1907656,0,13028
"A0645_un8xfo.raw",1,255,0,1,1,1,726.643,6198.521,2010736,2011064,0,1907656,1907656,0,13028
"A0646_r1e5ug.raw",1,255,0,1,1,1,843.103,6204.887,2010736,2011076,0,1907656,1907656,0,13028
"A0647_ttzxf3.raw",1,255,0,1,1,1,735.258,6202.738,2010744,2011076,0,1907656,1907656,0,13028
"A0648_vuew7a.raw",1,255,0,1,1,1,736.113,6201.773,2010752,2011076,0,1907656,1907656,0,13028
"A0649_sv5gou.raw",1,255,0,1,1,1,739.229,6198.706,2010748,2011068,0,1907656,1907656,0,13028
"A0650_jrwr6j.raw",1,255,0,1,1,1,746.201,6207.908,2010748,2011068,0,1907656,1907656,0,13028
"A0651_vhn4py.raw",1,255,0,1,1,1,832.929,6203.082,2010744,2011068,0,1907656,1907656,0,13028
"A0652_esu1qq.raw",1,255,0,1,1,1,738.544,6200.366,2010744,2011068,0,1907656,1907656,0,13028
"A0653_ztnaae.raw",1,255,0,1,1,1,739.906,6204.342,2010740,2011068,0,1907656,1907656,0,13028
"A0654_urtqrl.raw",1,255,0,1,1,1,742.537,6201.200,2010736,2011068,0,1907656,1907656,0,13028
"A0655_shsfbu.raw",1,255,0,1,1,1,733.214,6202.777,2010740,2011072,0,1907656,1907656,0,13028
"A0656_befkeu.raw",1,255,0,1,1,1,739.365,6201.992,2010744,2011072,0,1907656,1907656,0,13028
"A0657_oy1eha.raw",1,255,0,1,1,1,738.442,6203.696,2010740,2011072,0,1907656,1907656,0,13028
"A0658_j94z9v.raw",1,255,0,1,1,1,847.144,6206.770,2010740,2011072,0,1907656,1907656,0,13028
"A0659_ukpcdr.raw",1,255,0,1,1,1,727.147,6202.638,2010732,2011072,0,1907656,1907656,0,13028
"A0660_i5c5ro.raw",1,255,0,1,1,1,737.625,6200.776,2010744,2011072,0,1907656,1907656,0,13028
"A0661_ewykqr.raw",1,255,0,1,1,1,743.517,6201.703,2010744,2011072,0,1907656,1907656,0,13028
"A0662_pypp3w.raw",1,255,0,1,1,1,743.328,6205.272,2010744,2011068,0,1907656,1907656,0,13028
"A0663_aceitj.raw",1,255,0,1,1,1,737.868,6202.869,2010736,2011068,0,1907656,1907656,0,13028
"A0664_pxrqel.raw",1,255,0,1,1,1,733.587,6201.057,2010736,2011068,0,1907656,1907656,0,13028
"A0665_y38dxs.raw",1,255,0,1,1,1,843.171,6204.428,2010728,2011068,0,1907656,1907656,0,13028
"A0666_pnaj6a.raw",1,255,0,1,1,1,737.549,6204.910,2010740,2011104,0,1907656,1907656,0,13028
"A0667_siwrct.raw",1,255,0,1,1,1,836.729,6203.445,2010748,2011288,0,1907656,1907656,0,13028
"A0668_x3c59z.raw",1,255,0,1,1,1,722.090,6205.711,2010960,2011500,0,1907656,1907656,0,13028
"A0669_c7prb5.raw",1,255,0,1,1,1,743.985,6200.198,2011172,2011740,0,1907656,1907656,0,13028
"A0670_sga8io.raw",1,255,0,1,1,1,736.536,6205.029,2011392,2011924,0,1907656,1907656,0,13028
"A0671_msnxzl.raw",1,255,0,1,1,1,842.185,6205.744,2011600,2012136,0,1907656,1907656,0,13028
"A0672_ctojhv.raw",1,255,0,1,1,1,839.552,6202.692,2011808,2012376,0,1907656,1907656,0,13028
"A0673_rba4g5.raw",1,255,0,1,1,1,732.972,6207.387,2012020,2012560,0,1907656,1907656,0,13028
"A0674_l7jonk.raw",1,255,0,1,1,1,735.654,6207.662,2012232,2012772,0,1907656,1907656,0,13028
"A0675_iw97ln.raw",1,255,0,1,1,1,735.670,6199.973,2012440,2013012,0,1907656,1907656,0,13028
"A0676_pn5y4b.raw",1,255,0,1,1,1,740.928,6202.521,2012660,2013196,0,1907656,1907656,0,13028
"A0677_tkqlzq.raw",1,255,0,1,1,1,738.741,6214.055,2012868,2013408,0,1907656,1907656,0,13028
"A0678_pycwhr.raw",1,255,0,1,1,1,836.940,6206.158,2013080,2013648,0,1907656,1907656,0,13028
"A0679_qvognb.raw",1,255,0,1,1,1,824.741,6211.583,2013300,2013832,0,1907656,1907656,0,13028
"A0680_uaqgt7.raw",1,255,0,1,1,1,832.840,6199.653,2013504,2014044,0,1907656,1907656,0,13028
"A0681_ekf6ej.raw",1,255,0,1,1,1,1049.564,6214.625,2013712,2014284,0,1907656,1907656,0,13028
"A0682_bee18y.raw",1,255,0,1,1,1,935.028,6215.180,2013936,2014468,0,1907656,1907656,0,13028
"A0683_szqrai.raw",1,255,0,1,1,1,930.059,6209.029,2014140,2014708,0,1907656,1907656,0,13028
"A0684_tcjrco.raw",1,255,0,1,1,1,835.451,6215.253,2014360,2014728,0,1907656,1907656,0,13028
"A0685_tfz1ay.raw",1,255,0,1,1,1,720.622,6208.045,2014356,2014708,0,1907656,1907656,0,13028
"A0686_mxyzkg.raw",1,255,0,1,1,1,837.640,6202.483,2014356,2014708,0,1907656,1907656,0,13028
"A0687_dotstg.raw",1,255,0,1,1,1,1052.204,6200.600,2014360,2014728,0,1907656,1907656,0,13028
"A0688_lkidhn.raw",1,255,0,1,1,1,732.084,6195.339,2014356,2014708,0,1907656,1907656,0,13028
"A0689_ecg8rq.raw",1,255,0,1,1,1,750.330,6199.042,2014356,2014708,0,1907656,1907656,0,13028
"A0690_fp6cif.raw",1,255,0,1,1,1,742.178,6197.169,2014356,2014728,0,1907656,1907656,0,13028
"A0691_lu7vv3.raw",1,255,0,1,1,1,739.384,6193.997,2014360,2014708,0,1907656,1907656,0,13028
"A0692_frjo2c.raw",1,255,0,1,1,1,747.294,6193.957,2014356,2014708,0,1907656,1907656,0,13028
"A0693_btuo7s.raw",1,255,0,1,1,1,845.327,6196.484,2014356,2014728,0,1907656,1907656,0,13028
"A0694_atxruj.raw",1,255,0,1,1,1,752.181,6193.623,2014356,2014708,0,1907656,1907656,0,13028
"A0695_hrkksx.raw",1,255,0,1,1,1,746.051,6194.040,2014356,2014708,0,1907656,1907656,0,13028
"A0696_ljtnbr.raw",1,255,0,1,1,1,742.689,6200.400,2014356,2014728,0,1907656,1907656,0,13028
"A0697_a8houf.raw",1,255,0,1,1,1,843.663,6194.157,2014356,2014708,0,1907656,1907656,0,13028
"A0698_yqtdye.raw",1,255,0,1,1,1,747.992,6194.569,2014360,2014708,0,1907656,1907656,0,13028
"A0699_c5ntrp.raw",1,255,0,1,1,1,843.816,6197.259,2014360,2014728,0,1907656,1907656,0,13028
"A0700_yzn9kl.raw",1,255,0,1,1,1,851.799,6195.854,2014360,2014708,0,1907656,1907656,0,13028
"A0701_v1ki5d.raw",1,255,0,1,1,1,755.263,6199.250,2014360,2014708,0,1907656,1907656,0,13028
"A0702_hstgbe.raw",1,255,0,1,1,1,723.973,6197.113,2014360,2014728,0,1907656,1907656,0,13028
"A0703_mbaedx.raw",1,255,0,1,1,1,854.889,6202.091,2014360,2014708,0,1907656,1907656,0,13028
"A0704_k5if1t.raw",1,255,0,1,1,1,738.358,6203.697,2014360,2014708,0,1907656,1907656,0,13028
"A0705_ydwgpw.raw",1,255,0,1,1,1,735.855,6204.130,2014360,2014728,0,1907656,1907656,0,13028
"A0706_agsphd.raw",1,255,0,1,1,1,742.050,6206.191,2014356,2014468,0,1907656,1907656,0,13028
"A0707_wbtmo0.raw",1,255,0,1,1,1,737.228,6211.268,2014132,2014256,0,1907656,1907656,0,13028
"A0708_pdxciv.raw",1,255,0,1,1,1,930.655,6206.523,2013928,2014044,0,1907656,1907656,0,13028
"A0709_zo25jz.raw",1,255,0,1,1,1,839.062,6203.298,2013712,2013832,0,1907656,1907656,0,13028
"A0710_qsdnmb.raw",1,255,0,1,1,1,742.124,6209.641,2013500,2013620,0,1907656,1907656,0,13028
"A0711_eao2r7.raw",1,255,0,1,1,1,727.227,6208.863,2013288,2013408,0,1907656,1907656,0,13028
"A0712_fkstvf.raw",1,255,0,1,1,1,733.967,6210.394,2013076,2013196,0,1907656,1907656,0,13028
"A0713_p604zz.raw",1,255,0,1,1,1,933.353,6206.918,2012864,2012984,0,1907656,1907656,0,13028
"A0714_th7vbn.raw",1,255,0,1,1,1,736.686,6203.861,2012652,2012772,0,1907656,1907656,0,13028
"A0715_arhy7w.raw",1,255,0,1,1,1,740.961,6229.088,2012440,2012560,0,1907656,1907656,0,13028
"A0716_qfyl1a.raw",1,255,0,1,1,1,707.039,6206.311,2012228,2012348,0,1907656,1907656,0,13028
"A0717_tmb9mj.raw",1,255,0,1,1,1,734.507,6200.970,2012016,2012136,0,1907656,1907656,0,13028
"A0718_w9cpn2.raw",1,255,0,1,1,1,736.862,6203.981,2011808,2011924,0,1907656,1907656,0,13028
"A0719_codgmh.raw",1,255,0,1,1,1,738.168,6208.923,2011592,2011712,0,1907656,1907656,0,13028
"A0720_t0hofq.raw",1,255,0,1,1,1,832.439,6203.805,2011380,2011500,0,1907656,1907656,0,13028
"A0721_sx9kqm.raw",1,255,0,1,1,1,739.266,6203.700,2011172,2011288,0,1907656,1907656,0,13028
"A0722_zs38xf.raw",1,255,0,1,1,1,739.262,6206.421,2010960,2011076,0,1907656,1907656,0,13028
"A0723_lfvpxj.raw",1,255,0,1,1,1,729.358,6206.395,2010748,2011076,0,1907656,1907656,0,13028
"A0724_w1gcov.raw",1,255,0,1,1,1,744.517,6204.292,2010748,2011076,0,1907656,1907656,0,13028
"A0725_jgx9al.raw",1,255,0,1,1,1,733.278,6211.604,1945208,1945540,0,1842120,1842120,0,13028
"A0726_cwzhr6.raw",1,255,0,1,1,1,831.656,6206.450,1945208,1945540,0,1842120,1842120,0,13028
"A0727_ziohsv.raw",1,255,0,1,1,1,730.303,6207.262,1945208,1945540,0,1842120,1842120,0,13028
"A0728_mo46nf.raw",1,255,0,1,1,1,741.940,6211.128,1945208,1945540,0,1842120,1842120,0,13028
"A0729_neyan5.raw",1,255,0,1,1,1,726.817,6205.351,1945208,1945540,0,1842120,1842120,0,13028
"A0730_cqwiwg.raw",1,255,0,1,1,1,832.460,6204.395,1945208,1945540,0,1842120,1842120,0,13028
"A0731_uhkr2d.raw",1,255,0,1,1,1,946.418,6204.526,1945208,1945540,0,1842120,1842120,0,13028
"A0732_cluebf.raw",1,255,0,1,1,1,738.683,6206.883,1945212,1945540,0,1842120,1842120,0,13028
"A0733_tozvut.raw",1,255,0,1,1,1,830.664,6208.491,1945212,1945540,0,1842120,1842120,0,13028
"A0734_zrfaqr.raw",1,255,0,1,1,1,734.831,6202.092,1945212,1945540,0,1842120,1842120,0,13028
"A0735_i6jg2b.raw",1,255,0,1,1,1,744.094,6204.153,1945212,1945540,0,1842120,1842120,0,13028
"A0736_quqpgm.raw",1,255,0,1,1,1,734.948,6202.592,1945212,1945540,0,1842120,1842120,0,13028
"A0737_ahipjn.raw",1,255,0,1,1,1,738.308,6205.551,1945212,1945540,0,1842120,1842120,0,13028
"A0738_bv3jys.raw",1,255,0,1,1,1,730.208,6194.793,1945204,1945536,0,1842120,1842120,0,13028
"A0739_ayrmtw.raw",1,255,0,1,1,1,850.426,6210.410,1945204,1945536,0,1842120,1842120,0,13028
"A0740_af8mbp.raw",1,255,0,1,1,1,728.098,6201.131,1945204,1945536,0,1842120,1842120,0,13028
"A0741_v5un76.raw",1,255,0,1,1,1,744.670,6194.820,1945208,1945536,0,1842120,1842120,0,13028
"A0742_jvuzp7.raw",1,255,0,1,1,1,743.644,6197.200,1945208,1945536,0,1842120,1842120,0,13028
"A0743_b7akht.raw",1,255,0,1,1,1,744.999,6194.557,1945204,1945536,0,1842120,1842120,0,13028
"A0744_y2fd2p.raw",1,255,0,1,1,1,752.997,6194.571,1945204,1945536,0,1842120,1842120,0,13028
"A0745_ldzhkv.raw",1,255,0,1,1,1,839.374,6196.575,1945208,1945536,0,1842120,1842120,0,13028
"A0746_gqwpws.raw",1,255,0,1,1,1,744.581,6199.680,1945204,1945536,0,1842120,1842120,0,13028
"A0747_ezfdnk.raw",1,255,0,1,1,1,843.399,6196.155,1945208,1945536,0,1842120,1842120,0,13028
"A0748_wzqehg.raw",1,255,0,1,1,1,853.920,6197.778,1945204,1945564,0,1842120,1842120,0,13028
"A0749_vgsiah.raw",1,255,0,1,1,1,742.230,6208.279,1945212,1945544,0,1842120,1842120,0,13028
"A0750_bpxh1s.raw",1,255,0,1,1,1,736.738,6204.064,1945200,1945532,0,1842120,1842120,0,13028
"A0751_tap7c8.raw",1,255,0,1,1,1,729.864,6203.070,1945204,1945532,0,1842120,1842120,0,13028
"A0752_dzsxgl.raw",1,255,0,1,1,1,734.023,6208.414,1945204,1945532,0,1842120,1842120,0,13028
"A0753_qxijro.raw",1,255,0,1,1,1,741.459,6207.755,1945204,1945532,0,1842120,1842120,0,13028
"A0754_ivnsif.raw",1,255,0,1,1,1,828.474,6206.874,1945204,1945532,0,1842120,1842120,0,13028
"A0755_pmnbme.raw",1,255,0,1,1,1,733.152,6209.698,1945196,1945536,0,1842120,1842120,0,13028
"A0756_elnhgh.raw",1,255,0,1,1,1,732.070,6208.959,1945200,1945532,0,1842120,1842120,0,13028
"A0757_ulqvah.raw",1,255,0,1,1,1,836.713,6215.585,1945204,1945532,0,1842120,1842120,0,13028
"A0758_nvc3n3.raw",1,255,0,1,1,1,724.716,6209.738,1945204,1945532,0,1842120,1842120,0,13028
"A0759_mp4ucz.raw",1,255,0,1,1,1,739.321,6206.298,1945200,1945532,0,1842120,1842120,0,13028
"A0760_pwodmg.raw",1,255,0,1,1,1,735.534,6206.164,1945200,1945532,0,1842120,1842120,0,13028
"A0761_gktx9g.raw",1,255,0,1,1,1,728.994,6202.228,1945200,1945524,0,1842120,1842120,0,13028
"A0762_mhfrja.raw",1,255,0,1,1,1,735.032,6205.628,1945192,1945524,0,1842120,1842120,0,13028
"A0763_kz7nwg.raw",1,255,0,1,1,1,841.878,6207.992,1945192,1945524,0,1842120,1842120,0,13028
"A0764_lxm0zi.raw",1,255,0,1,1,1,834.475,6208.903,1945192,1945524,0,1842120,1842120,0,13028
"A0765_hb6vpl.raw",1,255,0,1,1,1,729.757,6196.381,1945192,1945524,0,1842120,1842120,0,13028
"A0766_gdqm08.raw",1,255,0,1,1,1,747.343,6196.897,1945188,1945524,0,1842120,1842120,0,13028
"A0767_c4eudg.raw",1,255,0,1,1,1,744.201,6195.275,1945192,1945536,0,1842120,1842120,0,13028
"A0768_z8pnck.raw",1,255,0,1,1,1,747.802,6200.828,1945208,1945536,0,1842120,1842120,0,13028
"A0769_t2p9wf.raw",1,255,0,1,1,1,737.667,6197.351,1945208,1945536,0,1842120,1842120,0,13028
"A0770_qc16xw.raw",1,255,0,1,1,1,743.267,6196.882,1945200,1945536,0,1842120,1842120,0,13028
"A0771_lteyd8.raw",1,255,0,1,1,1,845.715,6194.989,1945200,1945536,0,1842120,1842120,0,13028
"A0772_hisnqq.raw",1,255,0,1,1,1,746.750,6195.092,1945200,1945536,0,1842120,1842120,0,13028
"A0773_pe60gn.raw",1,255,0,1,1,1,1049.839,6200.422,1945200,1945540,0,1842120,1842120,0,13028
"A0774_gfy44o.raw",1,255,0,1,1,1,848.436,6196.944,1945200,1945540,0,1842120,1842120,0,13028
"A0775_kd4cr3.raw",1,255,0,1,1,1,946.643,6222.780,1945212,1945540,0,1842120,1842120,0,13028
"A0776_sepafz.raw",1,255,0,1,1,1,718.919,6202.046,1945212,1945540,0,1842120,1842120,0,13028
"A0777_yegzuc.raw",1,255,0,1,1,1,738.247,6207.340,1945212,1945540,0,1842120,1842120,0,13028
"A0778_tvv5oo.raw",1,255,0,1,1,1,840.255,6206.379,1945212,1945540,0,1842120,1842120,0,13028
"A0779_lvwafk.raw",1,255,0,1,1,1,735.000,6195.390,1945208,1945540,0,1842120,1842120,0,13028
"A0780_oyqtpe.raw",1,255,0,1,1,1,742.672,6198.741,1945212,1945540,0,1842120,1842120,0,13028
"A0781_jmchun.raw",1,255,0,1,1,1,775.597,6209.570,1945212,1945540,0,1842120,1842120,0,13028
"A0782_anecaj.raw",1,255,0,1,1,1,797.020,6199.124,1945204,1945540,0,1842120,1842120,0,13028
"A0783_j769tq.raw",1,255,0,1,1,1,745.280,6199.652,1945200,1945540,0,1842120,1842120,0,13028
"A0784_abqfgd.raw",1,255,0,1,1,1,736.245,6203.361,1945208,1945544,0,1842120,1842120,0,13028
"A0785_c6yplw.raw",1,255,0,1,1,1,848.042,6195.092,1945216,1945544,0,1842120,1842120,0,13028
"A0786_hz3ruq.raw",1,255,0,1,1,1,842.405,6201.858,1945212,1945544,0,1842120,1842120,0,13028
"A0787_xygfgg.raw",1,255,0,1,1,1,945.673,6194.673,1945212,1945544,0,1842120,1842120,0,13028
"A0788_yjwwxm.raw",1,255,0,1,1,1,747.235,6195.009,1945212,1945544,0,1842120,1842120,0,13028
"A0789_wrmiqn.raw",1,255,0,1,1,1,741.297,6195.050,1945208,1945540,0,1842120,1842120,0,13028
"A0790_ffjth8.raw",1,255,0,1,1,1,1062.311,6200.817,1945204,1945540,0,1842120,1842120,0,13028
"A0791_rwkksd.raw",1,255,0,1,1,1,728.867,6207.362,1945204,1945564,0,1842120,1842120,0,13028
"A0792_jz0kby.raw",1,255,0,1,1,1,736.748,6208.857,1945204,1945540,0,1842120,1842120,0,13028
"A0793_q5eknu.raw",1,255,0,1,1,1,732.009,6212.726,1945216,1945540,0,1842120,1842120,0,13028
"A0794_jlctou.raw",1,255,0,1,1,1,724.977,6196.408,1945204,1945540,0,1842120,1842120,0,13028
"A0795_dlu2tf.raw",1,255,0,1,1,1,749.571,6200.523,1945208,1945540,0,1842120,1842120,0,13028
"A0796_fen6x8.raw",1,255,0,1,1,1,743.452,6194.703,1945208,1945540,0,1842120,1842120,0,13028
"A0797_xdtxb3.raw",1,255,0,1,1,1,742.604,6194.873,1945208,1945540,0,1842120,1842120,0,13028
"A0798_jkunfk.raw",1,255,0,1,1,1,746.214,6197.170,1945208,1945540,0,1842120,1842120,0,13028
"A0799_vjt21o.raw",1,255,0,1,1,1,744.532,6197.466,1945208,1945540,0,1842120,1842120,0,13028
"A0800_kthm4k.raw",1,255,0,1,1,1,847.751,6194.972,1945204,1945540,0,1842120,1842120,0,13028
"A0801_qy2gh7.raw",1,255,0,1,1,1,742.002,6194.998,1945200,1945532,0,1842120,1842120,0,13028
"A0802_lt20a2.raw",1,255,0,1,1,1,749.725,6195.190,1945200,1945532,0,1842120,1842120,0,13028
"A0803_znzztd.raw",1,255,0,1,1,1,946.756,6195.202,1945200,1945532,0,1842120,1842120,0,13028
"A0804_gnttml.raw",1,255,0,1,1,1,950.115,6197.202,1945200,1945532,0,1842120,1842120,0,13028
"A0805_qgyejs.raw",1,255,0,1,1,1,742.003,6195.011,1945204,1945532,0,1842120,1842120,0,13028
"A0806_gbqjrm.raw",1,255,0,1,1,1,752.800,6195.060,1945200,1945536,0,1842120,1842120,0,13028
"A0807_srsgal.raw",1,255,0,1,1,1,744.452,6199.542,1945204,1945536,0,1842120,1842120,0,13028
"A0808_o72bpe.raw",1,255,0,1,1,1,841.314,6196.134,1945204,1945536,0,1842120,1842120,0,13028
"A0809_mtwcdw.raw",1,255,0,1,1,1,754.164,6200.763,1945204,1945536,0,1842120,1842120,0,13028
"A0810_am9etb.raw",1,255,0,1,1,1,729.846,6210.168,1945200,1945532,0,1842120,1842120,0,13028
"A0811_twfcsa.raw",1,255,0,1,1,1,734.226,6210.891,1945204,1945532,0,1842120,1842120,0,13028
"A0812_gsoo5u.raw",1,255,0,1,1,1,728.804,6206.958,1945204,1945532,0,1842120,1842120,0,13028
"A0813_czg8xs.raw",1,255,0,1,1,1,733.221,6202.724,1945200,1945532,0,1842120,1842120,0,13028
"A0814_iqcu4r.raw",1,255,0,1,1,1,742.918,6203.881,1945200,1945532,0,1842120,1842120,0,13028
"A0815_ixtziy.raw",1,255,0,1,1,1,731.263,6210.589,1945200,1945532,0,1842120,1842120,0,12996
"A0816_tghjgs.raw",1,255,0,1,1,1,735.621,6211.935,1945200,1945532,0,1842120,1842120,0,12996
"A0817_dxebmm.raw",1,255,0,1,1,1,828.687,6207.569,1945192,1945532,0,1842120,1842120,0,12996
"A0818_kuijdh.raw",1,255,0,1,1,1,731.785,6225.407,1945200,1945540,0,1842120,1842120,0,12996
"A0819_rp57wb.raw",1,255,0,1,1,1,716.269,6208.356,1945212,1945540,0,1842120,1842120,0,12996
"A0820_amhgh5.raw",1,255,0,1,1,1,944.499,6204.471,1945208,1945540,0,1842120,1842120,0,12996
"A0821_dpb0zj.raw",1,255,0,1,1,1,732.773,6202.098,1945212,1945544,0,1842120,1842120,0,12996
"A0822_bex9ua.raw",1,255,0,1,1,1,739.558,6206.008,1945212,1945544,0,1842120,1842120,0,12996
"A0823_o967ym.raw",1,255,0,1,1,1,736.643,6204.570,1945208,1945540,0,1842120,1842120,0,12996
"A0824_qsi0hj.raw",1,255,0,1,1,1,839.082,6203.972,1945212,1945536,0,1842120,1842120,0,12996
"A0825_hjytxc.raw",1,255,0,1,1,1,836.461,6204.009,1945208,1945536,0,1842120,1842120,0,12996
"A0826_kkg5ee.raw",1,255,0,1,1,1,837.287,6212.620,1945208,1945536,0,1842120,1842120,0,12996
"A0827_ftxg1t.raw",1,255,0,1,1,1,730.042,6208.681,1945204,1945540,0,1842120,1842120,0,12996
"A0828_xddlp6.raw",1,255,0,1,1,1,730.833,6203.055,1945204,1945536,0,1842120,1842120,0,12996
"A0829_dgebqn.raw",1,255,0,1,1,1,736.816,6205.888,1945208,1945536,0,1842120,1842120,0,12996
"A0830_o3xuwi.raw",1,255,0,1,1,1,740.025,6205.938,1945204,1945536,0,1842120,1842120,0,12996
"A0831_uabfse.raw",1,255,0,1,1,1,735.697,6203.368,1945204,1945536,0,1842120,1842120,0,12996
"A0832_pjntoi.raw",1,255,0,1,1,1,735.620,6204.018,1945200,1945532,0,1842120,1842120,0,12996
"A0833_iqqihe.raw",1,255,0,1,1,1,835.485,6202.298,1945200,1945532,0,1842120,1842120,0,12996
"A0834_oqopsc.raw",1,255,0,1,1,1,871.400,6208.914,1945200,1945556,0,1842120,1842120,0,12996
"A0835_kpnzqt.raw",1,255,0,1,1,1,804.396,6206.201,1945204,1945532,0,1842120,1842120,0,12996
"A0836_fayzsd.raw",1,255,0,1,1,1,735.082,6195.312,1945188,1945532,0,1842120,1842120,0,12996
"A0837_pn2hjo.raw",1,255,0,1,1,1,748.634,6194.695,1945204,1945532,0,1842120,1842120,0,12996
"A0838_gafnw9.raw",1,255,0,1,1,1,745.314,6203.687,1945204,1945532,0,1842120,1842120,0,12996
"A0839_qmlmte.raw",1,255,0,1,1,1,740.079,6204.068,1945196,1945524,0,1842120,1842120,0,12996
"A0840_kxoujm.raw",1,255,0,1,1,1,734.669,6197.210,1945192,1945528,0,1842120,1842120,0,12996
"A0841_n7lygh.raw",1,255,0,1,1,1,744.319,6202.724,1945200,1945528,0,1842120,1842120,0,12996
"A0842_c2lqo5.raw",1,255,0,1,1,1,739.291,6201.491,1945200,1945524,0,1842120,1842120,0,12996
"A0843_agsv4a.raw",1,255,0,1,1,1,744.895,6196.076,1945204,1945532,0,1842120,1842120,0,12996
"A0844_aizd01.raw",1,255,0,1,1,1,839.411,6201.507,1945192,1945532,0,1842120,1842120,0,12996
"A0845_v6auie.raw",1,255,0,1,1,1,741.591,6203.755,1945196,1945536,0,1842120,1842120,0,12996
"A0846_wyvlez.raw",1,255,0,1,1,1,740.229,6208.831,1945204,1945536,0,1842120,1842120,0,12996
"A0847_jcpyws.raw",1,255,0,1,1,1,731.117,6210.867,1945200,1945536,0,1842120,1842120,0,12996
"A0848_ytdcof.raw",1,255,0,1,1,1,830.566,6212.019,1945204,1945536,0,1842120,1842120,0,12996
"A0849_fi8nwc.raw",1,255,0,1,1,1,831.579,6208.586,1945204,1945540,0,1842120,1842120,0,12996
"A0850_adz62q.raw",1,255,0,1,1,1,732.703,6205.294,1945200,1945540,0,1842120,1842120,0,12996
"A0851_jwbnzd.raw",1,255,0,1,1,1,740.434,6208.857,1945200,1945532,0,1842120,1842120,0,12996
"A0852_ziwclm.raw",1,255,0,1,1,1,832.641,6209.604,1945196,1945532,0,1842120,1842120,0,12996
"A0853_ys0kkm.raw",1,255,0,1,1,1,734.974,6205.116,1945200,1945532,0,1842120,1842120,0,12996
"A0854_uyc7pt.raw",1,255,0,1,1,1,832.510,6202.551,1945204,1945532,0,1842120,1842120,0,12996
"A0855_p8gbah.raw",1,255,0,1,1,1,749.530,6216.150,1945192,1945532,0,1842120,1842120,0,12996
"A0856_w4ydp5.raw",1,255,0,1,1,1,917.617,6213.209,1945204,1945540,0,1842120,1842120,0,12996
"A0857_eiffvb.raw",1,255,0,1,1,1,727.175,6209.283,1945212,1945540,0,1842120,1842120,0,12996
"A0858_fbtdia.raw",1,255,0,1,1,1,731.756,6206.955,1945208,1945540,0,1842120,1842120,0,12996
"A0859_bosar1.raw",1,255,0,1,1,1,739.515,6207.500,1945208,1945540,0,1842120,1842120,0,12996
"A0860_brpwnp.raw",1,255,0,1,1,1,729.843,6209.999,1945216,1945540,0,1842120,1842120,0,12996
"A0861_qctamz.raw",1,255,0,1,1,1,941.928,6197.243,1945208,1945540,0,1842120,1842120,0,12996
"A0862_se4vht.raw",1,255,0,1,1,1,734.230,6199.438,1945212,1945540,0,1842120,1842120,0,12996
"A0863_kl7mi5.raw",1,255,0,1,1,1,751.231,6195.043,1945212,1945544,0,1842120,1842120,0,12996
"A0864_fxj0vg.raw",1,255,0,1,1,1,740.089,6196.940,1945212,1945544,0,1842120,1842120,0,12996
"A0865_ayay7r.raw",1,255,0,1,1,1,848.067,6195.787,1945212,1945544,0,1842120,1842120,0,12996
"A0866_auzumj.raw",1,255,0,1,1,1,745.851,6194.747,1945220,1945544,0,1842120,1842120,0,12996
"A0867_zzxjey.raw",1,255,0,1,1,1,745.392,6197.882,1945204,1945544,0,1842120,1842120,0,12996
"A0868_qi0zfk.raw",1,255,0,1,1,1,841.387,6201.846,1945212,1945544,0,1842120,1842120,0,12996
"A0869_yea4tb.raw",1,255,0,1,1,1,744.002,6197.767,1945212,1945544,0,1842120,1842120,0,12996
"A0870_u0jlmt.raw",1,255,0,1,1,1,739.691,6199.387,1945212,1945540,0,1842120,1842120,0,12996
"A0871_ftgu40.raw",1,255,0,1,1,1,749.724,6194.895,1945208,1945540,0,1842120,1842120,0,12996
"A0872_difcct.raw",1,255,0,1,1,1,741.911,6204.345,1945212,1945540,0,1842120,1842120,0,12996
"A0873_i2kbuf.raw",1,255,0,1,1,1,839.867,6195.761,1945200,1945540,0,1842120,1842120,0,12996
"A0874_dumoqo.raw",1,255,0,1,1,1,741.767,6195.276,1945208,1945540,0,1842120,1842120,0,12996
"A0875_jplqug.raw",1,255,0,1,1,1,748.182,6196.532,1945208,1945540,0,1842120,1842120,0,12996
"A0876_kfliex.raw",1,255,0,1,1,1,745.059,6202.553,1945216,1945544,0,1842120,1842120,0,12996
"A0877_scracb.raw",1,255,0,1,1,1,736.237,6194.916,1945212,1945568,0,1842120,1842120,0,12996
"A0878_cz9uy5.raw",1,255,0,1,1,1,955.036,6216.251,1945204,1945544,0,1842120,1842120,0,12996
"A0879_frshjz.raw",1,255,0,1,1,1,822.024,6194.140,1945212,1945544,0,1842120,1842120,0,12996
"A0880_exaxxq.raw",1,255,0,1,1,1,746.290,6196.603,1945216,1945544,0,1842120,1842120,0,12996
"A0881_gzcqbu.raw",1,255,0,1,1,1,748.449,6203.933,1945216,1945544,0,1842120,1842120,0,12996
"A0882_yhj7yc.raw",1,255,0,1,1,1,834.572,6196.392,1945216,1945544,0,1842120,1842120,0,12996
"A0883_o9zey3.raw",1,255,0,1,1,1,849.365,6202.198,1945216,1945544,0,1842120,1842120,0,12996
"A0884_jmyqbb.raw",1,255,0,1,1,1,739.929,6206.333,1945212,1945544,0,1842120,1842120,0,12996
"A0885_bee8l1.raw",1,255,0,1,1,1,736.734,6196.567,1945212,1945544,0,1842120,1842120,0,12996
"A0886_ppwfed.raw",1,255,0,1,1,1,840.570,6210.391,1945216,1945544,0,1842120,1842120,0,12996
"A0887_rtxoyc.raw",1,255,0,1,1,1,729.744,6205.241,1945216,1945544,0,1842120,1842120,0,12996
"A0888_hdrgut.raw",1,255,0,1,1,1,841.349,6196.915,1945216,1945544,0,1842120,1842120,0,12996
"A0889_mcpdko.raw",1,255,0,1,1,1,952.312,6194.140,1945216,1945544,0,1842120,1842120,0,12996
"A0890_oxneji.raw",1,255,0,1,1,1,742.378,6194.525,1945216,1945544,0,1842120,1842120,0,12996
"A0891_bcygob.raw",1,255,0,1,1,1,743.436,6196.675,1945208,1945540,0,1842120,1842120,0,12996
"A0892_th92wz.raw",1,255,0,1,1,1,745.904,6194.765,1945208,1945540,0,1842120,1842120,0,12996
"A0893_fplwq6.raw",1,255,0,1,1,1,751.192,6197.095,1945208,1945540,0,1842120,1842120,0,12996
"A0894_vuezk5.raw",1,255,0,1,1,1,725.615,6197.861,1945212,1945536,0,1842120,1842120,0,12996
"A0895_wjqzqn.raw",1,255,0,1,1,1,1065.509,6196.319,1945200,1945536,0,1842120,1842120,0,12996
"A0896_hqikrt.raw",1,255,0,1,1,1,2293.488,6197.207,1945424,1945748,0,1842120,1842120,0,12996
"A0897_lxyfxm.raw",1,255,0,1,1,1,829.185,6194.688,1945408,1945736,0,1842120,1842120,0,12996
"A0898_pruxop.raw",1,255,0,1,1,1,752.916,6197.530,1945408,1945524,0,1842120,1842120,0,12996
"A0899_inbs3j.raw",1,255,0,1,1,1,737.686,6199.369,1945408,1945524,0,1842120,1842120,0,12996
"A0900_mw2tuh.raw",1,255,0,1,1,1,2009.178,6196.561,1945408,1945740,0,1842120,1842120,0,12996
"A0901_movtmq.raw",1,255,0,1,1,1,1019.231,6198.798,1945400,1945740,0,1842120,1842120,0,12996
"A0902_y0wpck.raw",1,255,0,1,1,1,1876.063,6196.810,1945412,1945740,0,1842120,1842120,0,12996
"A0903_m2kica.raw",1,255,0,1,1,1,733.093,6194.281,1945416,1945740,0,1842120,1842120,0,12996
"A0904_lsbbc8.raw",1,255,0,1,1,1,743.095,6195.256,1945408,1945740,0,1842120,1842120,0,12996
"A0905_fl7bey.raw",1,255,0,1,1,1,1966.108,6196.576,1945412,1945744,0,1842120,1842120,0,12996
"A0906_cfdivt.raw",1,255,0,1,1,1,757.525,6196.428,1945412,1945744,0,1842120,1842120,0,12996
"A0907_t5t37f.raw",1,255,0,1,1,1,737.146,6195.002,1945412,1945748,0,1842120,1842120,0,12996
"A0908_k60xvl.raw",1,255,0,1,1,1,750.452,6194.515,1945412,1945748,0,1842120,1842120,0,12996
"A0909_dwrszu.raw",1,255,0,1,1,1,856.721,6196.346,1945420,1945748,0,1842120,1842120,0,12996
"A0910_kcymyw.raw",1,255,0,1,1,1,2000.011,6194.928,1945420,1945748,0,1842120,1842120,0,12996
"A0911_aaduoq.raw",1,255,0,1,1,1,2182.166,6195.154,1945416,1945748,0,1842120,1842120,0,12996
"A0912_dxf2w9.raw",1,255,0,1,1,1,811.133,6194.207,1945416,1945740,0,1842120,1842120,0,12996
"A0913_r5zegi.raw",1,255,0,1,1,1,1492.000,6193.759,1945412,1945752,0,1842120,1842120,0,12996
"A0914_fufv24.raw",1,255,0,1,1,1,722.010,6194.252,1945412,1945752,0,1842120,1842120,0,12996
"A0915_rgzmn7.raw",1,255,0,1,1,1,745.074,6194.313,1945416,1945752,0,1842120,1842120,0,12996
"A0916_djkwxt.raw",1,255,0,1,1,1,1307.423,6193.264,1945412,1945752,0,1842120,1842120,0,12996
"A0917_aqpad1.raw",1,255,0,1,1,1,697.732,6204.917,1945412,1945752,0,1842120,1842120,0,12996
"A0918_b5kvk6.raw",1,255,0,1,1,1,1267.758,6196.216,1945424,1945752,0,1842120,1842120,0,12996
"A0919_q602qj.raw",1,255,0,1,1,1,830.738,6212.709,1945424,1945780,0,1842120,1842120,0,12996
"A0920_uuwqit.raw",1,255,0,1,1,1,822.280,6211.100,1945424,1945964,0,1842120,1842120,0,12996
"A0921_bl0uay.raw",1,255,0,1,1,1,729.977,6211.152,1945636,1946176,0,1842120,1842120,0,12996
"A0922_l5kxcb.raw",1,255,0,1,1,1,732.215,6202.851,1945840,1946416,0,1842120,1842120,0,12996
"A0923_rsqd44.raw",1,255,0,1,1,1,735.194,6205.196,1946060,1946600,0,1842120,1842120,0,12996
"A0924_ho9ij1.raw",1,255,0,1,1,1,737.774,6214.810,1946272,1946812,0,1842120,1842120,0,12996
"A0925_jhtjw9.raw",1,255,0,1,1,1,932.661,6205.208,1946472,1947052,0,1842120,1842120,0,12996
"A0926_iq2dhc.raw",1,255,0,1,1,1,833.015,6207.258,1946704,1947236,0,1842120,1842120,0,12996
"A0927_dkovhx.raw",1,255,0,1,1,1,732.400,6203.398,1946908,1947236,0,1842120,1842120,0,12996
"A0928_gzektb.raw",1,255,0,1,1,1,745.868,6206.977,1947120,1947476,0,1842120,1842120,0,12996
"A0929_iewzh0.raw",1,255,0,1,1,1,831.255,6205.371,1947336,1947660,0,1842120,1842120,0,12996
"A0930_ifpg3o.raw",1,255,0,1,1,1,742.779,6208.957,1947332,1947872,0,1842120,1842120,0,12996
"A0931_lqgex5.raw",1,255,0,1,1,1,716.471,6207.162,1947540,1948112,0,1842120,1842120,0,12996
"A0932_pxasek.raw",1,255,0,1,1,1,745.551,6209.799,1947764,1948296,0,1842120,1842120,0,12996
"A0933_bjr2vw.raw",1,255,0,1,1,1,733.714,6202.810,1947972,1948508,0,1842120,1842120,0,12996
"A0934_cwffb2.raw",1,255,0,1,1,1,839.562,6209.576,1948180,1948748,0,1842120,1842120,0,12996
"A0935_d3dpjg.raw",1,255,0,1,1,1,832.407,6201.418,1948396,1948932,0,1842120,1842120,0,12996
"A0936_m1q0gj.raw",1,255,0,1,1,1,837.536,6207.959,1948604,1949172,0,1842120,1842120,0,12996
"A0937_yncgxd.raw",1,255,0,1,1,1,735.607,6196.708,1948824,1949192,0,1842120,1842120,0,12996
"A0938_earpmh.raw",1,255,0,1,1,1,743.097,6193.634,1948820,1949172,0,1842120,1842120,0,12996
"A0939_lirvvg.raw",1,255,0,1,1,1,749.882,6194.150,1948820,1949172,0,1842120,1842120,0,12996
"A0940_oue4rn.raw",1,255,0,1,1,1,850.039,6196.476,1948820,1949192,0,1842120,1842120,0,12996
"A0941_nykmym.raw",1,255,0,1,1,1,837.686,6208.755,1948820,1949172,0,1842120,1842120,0,12996
"A0942_ojc7ej.raw",1,255,0,1,1,1,733.142,6209.877,1948820,1949172,0,1842120,1842120,0,12996
"A0943_hza3n4.raw",1,255,0,1,1,1,831.338,6209.564,1948820,1949192,0,1842120,1842120,0,12996
"A0944_jyclyi.raw",1,255,0,1,1,1,841.006,6203.655,1948824,1949172,0,1842120,1842120,0,12996
"A0947_uc7qcl.raw",1,255,0,1,1,1,730.198,6209.513,1948820,1949172,0,1842120,1842120,0,12996
"A0948_avwkpd.raw",1,255,0,1,1,1,837.370,6211.222,1948824,1949192,0,1842120,1842120,0,12996
"A0949_uj3blf.raw",1,255,0,1,1,1,829.669,6208.166,1948820,1949172,0,1842120,1842120,0,12996
"A0950_fyd3zc.raw",1,255,0,1,1,1,845.220,6205.738,1948824,1949172,0,1842120,1842120,0,12996
"A0951_yfyz5w.raw",1,255,0,1,1,1,831.588,6198.828,1948820,1949192,0,1842120,1842120,0,12996
"A0952_xm0rpx.raw",1,255,0,1,1,1,750.789,6200.058,1948820,1949172,0,1842120,1842120,0,12996
"A0953_zset6z.raw",1,255,0,1,1,1,835.399,6206.032,1948820,1949172,0,1842120,1842120,0,12996
"A0954_exazoy.raw",1,255,0,1,1,1,844.380,6208.629,1948824,1949192,0,1842120,1842120,0,12996
"A0955_vriuls.raw",1,255,0,1,1,1,723.031,6204.121,1948820,1949172,0,1842120,1842120,0,12996
"A0956_sb5dwz.raw",1,255,0,1,1,1,737.740,6208.241,1948812,1949172,0,1842120,1842120,0,12996
"A0957_osix3a.raw",1,255,0,1,1,1,732.946,6207.573,1948824,1949192,0,1842120,1842120,0,12996
"A0958_ozeqgv.raw",1,255,0,1,1,1,843.132,6202.029,1948820,1949172,0,1842120,1842120,0,12996
"A0959_sulk1r.raw",1,255,0,1,1,1,733.230,6203.332,1948820,1949172,0,1842120,1842120,0,12996
"A0960_n1xkrj.raw",1,255,0,1,1,1,1245.444,6205.055,1948820,1949192,0,1842120,1842120,0,12996
"A0961_lr7oar.raw",1,255,0,1,1,1,847.615,6208.740,1948824,1949172,0,1842120,1842120,0,12996
"A0962_qqflsp.raw",1,255,0,1,1,1,826.889,6207.974,1948820,1949172,0,1842120,1842120,0,12996
"A0963_vfipci.raw",1,255,0,1,1,1,734.796,6207.192,1948824,1949192,0,1842120,1842120,0,12996
"A0964_eh32xh.raw",1,255,0,1,1,1,1381.085,6208.421,1948820,1948932,0,1842120,1842120,0,12996
"A0965_z8y0qg.raw",1,255,0,1,1,1,1339.946,6206.295,1948596,1948720,0,1842120,1842120,0,12996
"A0966_nxurdu.raw",1,255,0,1,1,1,1343.739,6203.367,1948392,1948508,0,1842120,1842120,0,12996
"A0967_u1zejj.raw",1,255,0,1,1,1,719.546,6205.308,1948176,1948296,0,1842120,1842120,0,12996
"A0968_kxktln.raw",1,255,0,1,1,1,841.585,6212.215,1947964,1948084,0,1842120,1842120,0,12996
"A0969_npm4sf.raw",1,255,0,1,1,1,935.100,6197.967,1947752,1947872,0,1842120,1842120,0,12996
"A0970_yjih8o.raw",1,255,0,1,1,1,1265.849,6197.026,1947540,1947660,0,1842120,1842120,0,12996
"A0971_teu6lq.raw",1,255,0,1,1,1,725.928,6206.162,1947328,1947448,0,1842120,1842120,0,12996
"A0972_ubdknw.raw",1,255,0,1,1,1,739.221,6203.844,1947116,1947236,0,1842120,1842120,0,12996
"A0973_j68alr.raw",1,255,0,1,1,1,742.311,6201.766,1946904,1947024,0,1842120,1842120,0,12996
"A0974_ehxrey.raw",1,255,0,1,1,1,1168.768,6194.198,1946692,1946812,0,1842120,1842120,0,12996
"A0975_acqn9l.raw",1,255,0,1,1,1,1361.563,6198.087,1946480,1946600,0,1842120,1842120,0,12996
"A0976_d3gg2g.raw",1,255,0,1,1,1,1357.262,6193.827,1946272,1946388,0,1842120,1842120,0,12996
"A0977_xzp3uo.raw",1,255,0,1,1,1,722.066,6195.829,1946056,1946176,0,1842120,1842120,0,12996
"A0978_sbc38e.raw",1,255,0,1,1,1,1292.482,6195.114,1945844,1945964,0,1842120,1842120,0,12996
"A0979_bdumow.raw",1,255,0,1,1,1,1452.657,6195.035,1945636,1945752,0,1842120,1842120,0,12996
"A0980_phmssa.raw",1,255,0,1,1,1,1464.263,6210.825,1945424,1945752,0,1842120,1842120,0,12996
"A0981_adw7q1.raw",1,255,0,1,1,1,1333.707,6194.258,1945420,1945752,0,1842120,1842120,0,12996
"A0982_odsnfw.raw",1,255,0,1,1,1,1369.124,6194.345,1945424,1945752,0,1842120,1842120,0,12996
"A0983_zr7jyi.raw",1,255,0,1,1,1,1251.546,6205.085,1945424,1945752,0,1842120,1842120,0,12996
"A0984_w17bjj.raw",1,255,0,1,1,1,1356.670,6195.955,1945424,1945752,0,1842120,1842120,0,12996
"A0985_olsxej.raw",1,255,0,1,1,1,1271.415,6207.329,1945424,1945760,0,1842120,1842120,0,12996
"A0986_bgdl8r.raw",1,255,0,1,1,1,1326.295,6202.548,1945416,1945760,0,1842120,1842120,0,12996
"A0987_no4kp5.raw",1,255,0,1,1,1,1252.472,6198.924,1945428,1945760,0,1842120,1842120,0,12996
"A0988_opffxs.raw",1,255,0,1,1,1,1355.316,6201.313,1945432,1945760,0,1842120,1842120,0,12996
"A0989_rngptt.raw",1,255,0,1,1,1,1256.345,6198.481,1945432,1945760,0,1842120,1842120,0,12996
"A0990_b40cri.raw",1,255,0,1,1,1,1251.754,6194.331,1945428,1945760,0,1842120,1842120,0,12996
"A0991_zo6ct1.raw",1,255,0,1,1,1,723.365,6195.223,1945432,1945760,0,1842120,1842120,0,12996
"A0992_xubgxa.raw",1,255,0,1,1,1,860.146,6194.361,1945420,1945748,0,1842120,1842120,0,12996
"A0993_tmitcp.raw",1,255,0,1,1,1,1170.276,6200.758,1945416,1945748,0,1842120,1842120,0,12996
"A0994_n27ptg.raw",1,255,0,1,1,1,1247.671,6194.896,1945416,1945748,0,1842120,1842120,0,12996
"A0995_nkice8.raw",1,255,0,1,1,1,1266.878,6194.415,1945416,1945748,0,1842120,1842120,0,12996
"A0996_nkqj0h.raw",1,255,0,1,1,1,1349.130,6194.208,1945416,1945748,0,1842120,1842120,0,12996
"A0997_uciipm.raw",1,255,0,1,1,1,1265.337,6194.006,1945420,1945748,0,1842120,1842120,0,12996
"A0998_vexok9.raw",1,255,0,1,1,1,1259.287,6195.921,1945416,1945748,0,1842120,1842120,0,12996
"A0999_owxuzi.raw",1,255,0,1,1,1,1100.764,6193.485,1945420,1945748,0,1842120,1842120,0,12996
"A1000_rrfcql.raw",1,255,0,1,1,1,1208.496,6195.715,1945416,1945748,0,1842120,1842120,0,12996
"A1001_uz1k5x.raw",1,255,0,1,1,1,1052.145,6194.517,1945416,1945748,0,1842120,1842120,0,12996
"A1002_deycz1.raw",1,255,0,1,1,1,1260.803,6193.897,1945420,1945744,0,1842120,1842120,0,12996
"A1003_xkpfzz.raw",1,255,0,1,1,1,716.979,6198.466,1945420,1945748,0,1842120,1842120,0,12996
"A1004_k9awe7.raw",1,255,0,1,1,1,750.395,6200.072,1945420,1945768,0,1842120,1842120,0,12996
"A1005_cehhmw.raw",1,255,0,1,1,1,842.291,6197.677,1945408,1945960,0,1842120,1842120,0,12996
"A1008_drw787.raw",1,255,0,1,1,1,759.196,6200.896,1945632,1946172,0,1842120,1842120,0,12996
"A1009_rppmiy.raw",1,255,0,1,1,1,719.987,6198.236,1945844,1946404,0,1842120,1842120,0,12996
"A1010_ccwiws.raw",1,255,0,1,1,1,945.953,6201.662,1946052,1946608,0,1842120,1842120,0,12996
"A1011_cbdlad.raw",1,255,0,1,1,1,838.604,6200.500,1946280,1946820,0,1842120,1842120,0,12996
"A1012_p9ydh4.raw",1,255,0,1,1,1,745.794,6196.954,1946492,1947052,0,1842120,1842120,0,12996
"A1013_wzifat.raw",1,255,0,1,1,1,849.472,6197.708,1946704,1947244,0,1842120,1842120,0,12996
"A1014_fo3jtg.raw",1,255,0,1,1,1,736.359,6198.776,1946916,1947456,0,1842120,1842120,0,12996
"A1015_kee2oy.raw",1,255,0,1,1,1,738.697,6198.866,1947128,1947688,0,1842120,1842120,0,12996
"A1016_mkyxbt.raw",1,255,0,1,1,1,743.234,6197.351,1947332,1947668,0,1842120,1842120,0,12996
"A1017_xrafjc.raw",1,255,0,1,1,1,855.110,6197.225,1947548,1947880,0,1842120,1842120,0,12996
"a0002_zqq7gr.raw",1,4,251,0,0,1,742.384,6197.117,1947548,1948112,0,1842120,1842120,0,12996
"a0003_h81hoy.raw",1,0,255,0,0,1,837.489,6198.753,1947764,1948296,0,1842120,1842120,0,12996
"a0004_sxpn10.raw",1,12,243,0,0,1,758.919,6198.859,1947956,1948508,0,1842120,1842120,0,12996
"a0005_xdzwbd.raw",1,30,225,0,0,1,730.790,6201.185,1948180,1948748,0,1842120,1842120,0,12996
"a0006_hap79c.raw",1,68,187,0,0,1,732.127,6199.405,1948396,1948932,0,1842120,1842120,0,12996
"a0007_vdoztm.raw",1,225,30,1,0,0,847.120,6194.137,1948604,1949172,0,1842120,1842120,0,12996
"a0009_kl0gfn.raw",1,0,255,0,0,1,749.054,6222.092,1948824,1949192,0,1842120,1842120,0,12996
"a0010_x4dcmt.raw",1,0,255,0,0,1,911.462,6205.640,1948824,1949172,0,1842120,1842120,0,12996
"a0011_flsplt.raw",1,0,255,0,0,1,740.879,6202.568,1948808,1949172,0,1842120,1842120,0,12996
"a0012_ft7amk.raw",1,0,255,0,0,1,742.441,6204.572,1948824,1949192,0,1842120,1842120,0,12996
"a0013_ebcpt8.raw",1,0,255,0,0,1,836.702,6199.220,1948824,1949172,0,1842120,1842120,0,12996
"a0014_lrsf2j.raw",1,0,255,0,0,1,839.334,6213.981,1948808,1949172,0,1842120,1842120,0,12996
"a0015_zgpohn.raw",1,1,254,0,0,1,727.910,6214.258,1948820,1949192,0,1842120,1842120,0,12996
"a0016_ufymvk.raw",1,0,255,0,0,1,732.400,6214.330,1948824,1949172,0,1842120,1842120,0,12996
"a0017_laaomg.raw",1,0,255,0,0,1,835.334,6214.390,1948808,1949172,0,1842120,1842120,0,12996
"a0018_u55chk.raw",1,0,255,0,0,1,815.037,6216.789,1948808,1949192,0,1842120,1842120,0,12996
"a0019_pxv1ti.raw",1,0,255,0,0,1,820.324,6215.599,1948824,1949172,0,1842120,1842120,0,12996
"a0020_pormst.raw",1,187,68,1,0,0,732.083,6204.731,1948824,1949172,0,1842120,1842120,0,12996
"a0021_zl872h.raw",1,68,187,0,0,1,736.844,6204.551,1948824,1949192,0,1842120,1842120,0,12996
"a0022_vjolwb.raw",1,0,255,0,0,1,732.726,6201.722,1948824,1949172,0,1842120,1842120,0,12996
"a0023_x4hdbq.raw",1,0,255,0,0,1,848.384,6202.392,1948808,1949172,0,1842120,1842120,0,12996
"a0024_sciqht.raw",1,0,255,0,0,1,739.257,6205.607,1948808,1949192,0,1842120,1842120,0,12996
"a0026_l57y5n.raw",1,0,255,0,0,1,729.481,6201.687,1948824,1949172,0,1842120,1842120,0,12996
"a0029_dvulku.raw",1,0,255,0,0,1,1044.611,6206.520,1948808,1949172,0,1842120,1842120,0,12996
"a0033_naqglc.raw",1,0,255,0,0,1,842.797,6193.779,1948824,1949192,0,1842120,1842120,0,12996
"a0034_h7n79n.raw",1,0,255,0,0,1,752.667,6193.582,1948824,1949172,0,1842120,1842120,0,12996
"a0035_yr8bei.raw",1,0,255,0,0,1,944.961,6194.681,1948808,1949172,0,1842120,1842120,0,12996
"a0036_pwbk3g.raw",1,0,255,0,0,1,842.925,6205.379,1948824,1949192,0,1842120,1842120,0,12996
"a0037_ybmx1q.raw",1,0,255,0,0,1,729.585,6201.408,1948824,1949172,0,1842120,1842120,0,12996
"a0038_smiks9.raw",1,0,255,0,0,1,738.655,6198.738,1948808,1949172,0,1842120,1842120,0,12996
"a0039_gxucnd.raw",1,0,255,0,0,1,740.356,6208.267,1948824,1949192,0,1842120,1842120,0,12996
"a0040_lbkfep.raw",1,0,255,0,0,1,1217.810,6191.047,1948824,1948932,0,1842120,1842120,0,12996
"a0041_mrc5vz.raw",1,0,255,0,0,1,1462.817,6195.357,1948600,1948720,0,1842120,1842120,0,12996
"a0042_hyljpx.raw",1,0,255,0,0,1,1329.762,6202.856,1948392,1948508,0,1842120,1842120,0,12996
"a0043_g8f6cw.raw",1,0,255,0,0,1,912.794,6196.377,1948168,1948296,0,1842120,1842120,0,12996
"a0044_uzcylm.raw",1,0,255,0,0,1,4358.227,6193.418,1947964,1948084,0,1842120,1842120,0,12996
"a0045_rcl5lf.raw",1,0,255,0,0,1,1257.887,6193.765,1947752,1947872,0,1842120,1842120,0,12996
"a0046_y9eobh.raw",1,0,255,0,0,1,714.225,6203.053,1947540,1947660,0,1842120,1842120,0,12996
"a0047_zwq3eq.raw",1,4,251,0,0,1,1177.539,6197.416,1947328,1947448,0,1842120,1842120,0,12996
"a0048_qqzcrl.raw",1,0,255,0,0,1,1246.781,6197.453,1947116,1947236,0,1842120,1842120,0,12996
"a0049_eqcyv6.raw",1,0,255,0,0,1,991.257,6191.594,1946904,1947024,0,1842120,1842120,0,12996
"a0050_lexekr.raw",1,0,255,0,0,1,891.170,6194.817,1946692,1946812,0,1842120,1842120,0,12996
"a0051_mwrqz1.raw",1,0,255,0,0,1,1174.363,6194.998,1946488,1946600,0,1842120,1842120,0,12996
"a0052_luo2re.raw",1,12,243,0,0,1,1206.710,6192.163,1946272,1946388,0,1842120,1842120,0,12996
"a0053_m5vljh.raw",1,187,68,1,0,0,1431.081,6195.046,1946056,1946176,0,1842120,1842120,0,12996
"a0054_efp41x.raw",1,255,0,1,0,0,1192.916,6194.565,1945856,1945964,0,1842120,1842120,0,12996
"a0055_mdde5c.raw",1,1,254,0,0,1,1215.183,6194.740,1945636,1945752,0,1842120,1842120,0,12996
"a0056_uk1xbl.raw",1,4,251,0,0,1,1245.228,6194.241,1945632,1945752,0,1842120,1842120,0,12996
"a0057_tqu6hy.raw",1,4,251,0,0,1,1372.956,6198.428,1945636,1945752,0,1842120,1842120,0,12996
"a0058_rs118h.raw",1,187,68,1,0,0,710.475,6195.053,1945636,1945752,0,1842120,1842120,0,12996
"a0059_anyfxy.raw",1,0,255,0,0,1,1281.324,6195.913,1945632,1945752,0,1842120,1842120,0,12996
"a0060_c698ty.raw",1,1,254,0,0,1,2311.181,6192.019,1945424,1945752,0,1842120,1842120,0,12996
"a0061_yctxsi.raw",1,68,187,0,0,1,1338.735,6195.636,1945420,1945752,0,1842120,1842120,0,12996
"a0062_fqmvyz.raw",1,30,225,0,0,1,1350.397,6198.347,1945424,1945752,0,1842120,1842120,0,12996
"a0063_vbisb9.raw",1,0,255,0,0,1,1259.299,6195.943,1945412,1945740,0,1842120,1842120,0,12996
"a0064_kwp7cd.raw",1,0,255,0,0,1,1356.825,6203.042,1945412,1945740,0,1842120,1842120,0,12996
"a0065_ntjdqy.raw",1,0,255,0,0,1,814.569,6203.431,1945412,1945740,0,1842120,1842120,0,12996
"a0066_rv5ww5.raw",1,30,225,0,0,1,1279.804,6200.490,1945416,1945740,0,1842120,1842120,0,12996
"a0067_d7tibh.raw",1,0,255,0,0,1,1173.293,6192.081,1945412,1945740,0,1842120,1842120,0,12996
"a0068_jfoj6o.raw",1,0,255,0,0,1,1236.315,6199.936,1945412,1945740,0,1842120,1842120,0,12996
"a0069_btqbzv.raw",1,0,255,0,0,1,1356.060,6196.098,1945408,1945740,0,1842120,1842120,0,12996
"a0070_efjezh.raw",1,0,255,0,0,1,716.877,6197.523,1945408,1945740,0,1842120,1842120,0,12996
"a0071_e4cuqf.raw",1,0,255,0,0,1,1283.233,6195.213,1945412,1945740,0,1842120,1842120,0,12996
"a0072_t5ibmg.raw",1,0,255,0,0,1,1390.082,6214.017,1945408,1945740,0,1842120,1842120,0,12996
"a0073_dkeyjo.raw",1,0,255,0,0,1,1304.323,6197.622,1945420,1945740,0,1842120,1842120,0,12996
"a0074_iwmcoy.raw",1,0,255,0,0,1,1362.173,6194.075,1945412,1945740,0,1842120,1842120,0,12996
"a0075_kinxwd.raw",1,0,255,0,0,1,1253.405,6196.348,1945408,1945740,0,1842120,1842120,0,12996
"a0076_nagxkv.raw",1,0,255,0,0,1,1409.112,6194.426,1945408,1945740,0,1842120,1842120,0,12996
"a0077_thtrkf.raw",1,0,255,0,0,1,1434.480,6196.019,1945408,1945740,0,1842120,1842120,0,12996
"a0078_pcdglm.raw",1,0,255,0,0,1,1239.687,6204.668,1945408,1945740,0,1842120,1842120,0,12996
"a0079_hyr6xx.raw",1,0,255,0,0,1,1351.037,6194.367,1945408,1945780,0,1842120,1842120,0,12996
"a0080_lzrrpt.raw",1,0,255,0,0,1,816.071,6199.468,1945432,1945964,0,1842120,1842120,0,12996
"a0081_v2ovst.raw",1,0,255,0,0,1,734.267,6197.272,1945636,1946176,0,1842120,1842120,0,12996
"a0082_wdddcd.raw",1,0,255,0,0,1,742.779,6197.252,1945848,1946416,0,1842120,1842120,0,12996
"a0083_vgn5pa.raw",1,0,255,0,0,1,847.003,6197.382,1946068,1946600,0,1842120,1842120,0,12996
"a0084_tr6vlx.raw",1,0,255,0,0,1,840.967,6199.184,1946268,1946812,0,1842120,1842120,0,12996
"a0085_imechq.raw",1,0,255,0,0,1,757.288,6197.072,1946484,1947052,0,1842120,1842120,0,12996
"a0086_nmlcg2.raw",1,0,255,0,0,1,733.405,6198.656,1946704,1947236,0,1842120,1842120,0,12996
"a0087_tvrsu6.raw",1,0,255,0,0,1,744.630,6200.470,1946908,1947448,0,1842120,1842120,0,12996
"a0088_movh4z.raw",1,0,255,0,0,1,736.680,6199.436,1947120,1947688,0,1842120,1842120,0,12996
"a0089_g7scnd.raw",1,0,255,0,0,1,950.687,6211.454,1947332,1947872,0,1842120,1842120,0,12996
"a0090_hsatob.raw",1,0,255,0,0,1,823.299,6208.693,1947540,1948084,0,1842120,1842120,0,12996
"a0091_ya20ve.raw",1,0,255,0,0,1,848.613,6196.681,1947752,1948324,0,1842120,1842120,0,12996
"a0092_ymr2r7.raw",1,0,255,0,0,1,835.707,6200.164,1947976,1948508,0,1842120,1842120,0,12996
"a0093_x7gbas.raw",1,0,255,0,0,1,849.219,6197.292,1948180,1948508,0,1842120,1842120,0,12996
"a0094_jflpre.raw",1,0,255,0,0,1,743.163,6197.246,1948380,1948748,0,1842120,1842120,0,12996
"a0095_o8z7ji.raw",1,0,255,0,0,1,947.921,6197.359,1948400,1948932,0,1842120,1842120,0,12996
"a0096_m1urqv.raw",1,0,255,0,0,1,844.405,6194.244,1948604,1949172,0,1842120,1842120,0,12996
"a0097_qv53m0.raw",1,0,255,0,0,1,748.504,6194.463,1948824,1949192,0,1842120,1842120,0,12996
"a0098_byyggi.raw",1,0,255,0,0,1,839.602,6193.606,1948824,1949172,0,1842120,1842120,0,12996
"a0099_vouy1n.raw",1,0,255,0,0,1,746.554,6192.224,1948808,1949172,0,1842120,1842120,0,12996
"a0100_atpeq2.raw",1,0,255,0,0,1,749.247,6199.440,1948808,1949192,0,1842120,1842120,0,12996
"a0101_qhqclb.raw",1,0,255,0,0,1,954.583,6195.587,1948824,1949172,0,1842120,1842120,0,12996
"a0102_tdrvrf.raw",1,0,255,0,0,1,745.368,6195.665,1948812,1949172,0,1842120,1842120,0,12996
"a0103_t5qk6i.raw",1,0,255,0,0,1,1475.805,6197.080,1948820,1949192,0,1842120,1842120,0,12996
"a0104_aiir4v.raw",1,0,255,0,0,1,820.244,6197.118,1948824,1949172,0,1842120,1842120,0,12996
"a0105_ximfad.raw",1,0,255,0,0,1,763.812,6195.909,1948812,1949172,0,1842120,1842120,0,12996
"a0106_ehxaik.raw",1,0,255,0,0,1,834.150,6197.938,1948808,1949192,0,1842120,1842120,0,12996
"a0107_dfhjod.raw",1,0,255,0,0,1,736.051,6193.516,1948824,1949172,0,1842120,1842120,0,12996
"a0108_mubaht.raw",1,0,255,0,0,1,867.383,6193.991,1948808,1949172,0,1842120,1842120,0,12996
"a0109_hwndhw.raw",1,0,255,0,0,1,736.625,6202.733,1948808,1949192,0,1842120,1842120,0,12996
"a0110_f7itxx.raw",1,0,255,0,0,1,741.286,6193.989,1948824,1949172,0,1842120,1842120,0,12996
"a0111_q3m5nt.raw",1,0,255,0,0,1,1164.613,6193.720,1948808,1949172,0,1842120,1842120,0,12996
"a0112_qyxkoh.raw",1,0,255,0,0,1,732.065,6202.968,1948808,1949192,0,1842120,1842120,0,12996
"a0113_t1qgfz.raw",1,0,255,0,0,1,1268.563,6194.866,1948824,1949172,0,1842120,1842120,0,12996
"a0114_ro56rr.raw",1,0,255,0,0,1,726.775,6217.714,1948824,1949172,0,1842120,1842120,0,12996
"a0115_ehs7u1.raw",1,0,255,0,0,1,822.663,6207.747,1948808,1949192,0,1842120,1842120,0,12996
"a0116_i9gpyq.raw",1,0,255,0,0,1,744.906,6204.733,1948824,1949172,0,1842120,1842120,0,12996
"a0117_do8ad0.raw",1,0,255,0,0,1,725.230,6206.005,1948824,1949172,0,1842120,1842120,0,12996
"a0118_zq1zyf.raw",1,0,255,0,0,1,736.811,6211.270,1948824,1949192,0,1842120,1842120,0,12996
"a0119_d4dqgq.raw",1,0,255,0,0,1,729.529,6201.149,1948824,1949172,0,1842120,1842120,0,12996
"a0120_tz7dpm.raw",1,0,255,0,0,1,839.081,6203.949,1948808,1949172,0,1842120,1842120,0,12996
"a0121_bwr0nt.raw",1,0,255,0,0,1,835.565,6207.876,1948808,1949192,0,1842120,1842120,0,12996
"a0122_mb1rzy.raw",1,0,255,0,0,1,1388.222,6203.457,1948824,1948932,0,1842120,1842120,0,12996
"a0123_qlq6pv.raw",1,0,255,0,0,1,1236.069,6205.075,1948600,1948720,0,1842120,1842120,0,12996
"a0124_ij6tbn.raw",1,0,255,0,0,1,718.472,6202.422,1948392,1948508,0,1842120,1842120,0,12996
"a0125_b2vhup.raw",1,4,251,0,0,1,1403.718,6205.806,1948176,1948296,0,1842120,1842120,0,12996
"a0126_loaplq.raw",1,0,255,0,0,1,2026.765,6209.176,1947964,1948084,0,1842120,1842120,0,12996
"a0127_c6lmoo.raw",1,0,255,0,0,1,1197.670,6202.853,1947752,1947872,0,1842120,1842120,0,12996
"a0128_oy1f63.raw",1,0,255,0,0,1,983.888,6203.659,1947540,1947660,0,1842120,1842120,0,12996
"a0129_eyyc9x.raw",1,0,255,0,0,1,1293.147,6201.973,1947340,1947448,0,1842120,1842120,0,12996
"a0130_jvjwea.raw",1,0,255,0,0,1,1809.538,6208.741,1947124,1947236,0,1842120,1842120,0,12996
"a0131_oofgf7.raw",1,0,255,0,0,1,1299.207,6198.670,1946904,1947024,0,1842120,1842120,0,12996
"a0132_n4lsdx.raw",1,0,255,0,0,1,2056.575,6193.698,1946700,1946812,0,1842120,1842120,0,12996
"a0133_a6jddk.raw",1,0,255,0,0,1,2054.012,6204.375,1946480,1946600,0,1842120,1842120,0,12996
"a0134_jrlrub.raw",1,0,255,0,0,1,1643.046,6210.224,1946268,1946388,0,1842120,1842120,0,12996
"a0135_zh17tc.raw",1,0,255,0,0,1,1094.757,6198.468,1946056,1946176,0,1842120,1842120,0,12996
"a0136_uf6cjb.raw",1,0,255,0,0,1,946.240,6201.095,1945848,1945964,0,1842120,1842120,0,12996
"a0137_c0p4j0.raw",1,0,255,0,0,1,1232.958,6194.588,1945636,1945964,0,1842120,1842120,0,12996
"a0138_m4b2ck.raw",1,0,255,0,0,1,1333.665,6195.553,1945632,1945964,0,1842120,1842120,0,12996
"a0139_uv51qs.raw",1,0,255,0,0,1,1324.129,6193.558,1945636,1945964,0,1842120,1842120,0,12996
"a0140_uyqvkf.raw",1,0,255,0,0,1,1462.609,6192.861,1945632,1945964,0,1842120,1842120,0,12996
"a0141_x8ianl.raw",1,0,255,0,0,1,1998.321,6197.016,1945636,1945964,0,1842120,1842120,0,12996
"a0142_ozrt3u.raw",1,0,255,0,0,1,1193.365,6193.944,1945636,1945964,0,1842120,1842120,0,12996
"a0143_hly1a7.raw",1,0,255,0,0,1,1255.660,6196.086,1945636,1945964,0,1842120,1842120,0,12996
"a0144_v9mvte.raw",1,0,255,0,0,1,1362.298,6195.748,1945636,1945964,0,1842120,1842120,0,12996
"a0145_msme8x.raw",1,0,255,0,0,1,1245.925,6198.889,1945636,1945964,0,1842120,1842120,0,12996
"a0146_qa7qxt.raw",1,0,255,0,0,1,1261.030,6199.165,1945636,1945964,0,1842120,1842120,0,12996
"a0147_zbmyhh.raw",1,0,255,0,0,1,1400.077,6193.597,1945636,1945752,0,1842120,1842120,0,12996
"a0148_ucux67.raw",1,0,255,0,0,1,2118.497,6198.874,1945632,1945960,0,1842120,1842120,0,12996
"a0149_vq27pa.raw",1,0,255,0,0,1,2196.155,6194.132,1945628,1945956,0,1842120,1842120,0,12996
"a0150_thhzku.raw",1,0,255,0,0,1,1196.878,6195.608,1945628,1945956,0,1842120,1842120,0,12996
"a0151_cmjo48.raw",1,0,255,0,0,1,1421.217,6197.775,1945616,1945956,0,1842120,1842120,0,12996
"a0152_okityq.raw",1,0,255,0,0,1,1275.700,6199.279,1945628,1945956,0,1842120,1842120,0,12996
"a0153_sguu6u.raw",1,0,255,0,0,1,1351.756,6194.310,1945628,1945956,0,1842120,1842120,0,12996
"a0154_znnqhl.raw",1,0,255,0,0,1,1168.454,6200.463,1945628,1945956,0,1842120,1842120,0,12996
"a0155_y4pb1y.raw",1,0,255,0,0,1,1244.689,6192.218,1945624,1945956,0,1842120,1842120,0,12996
"a0156_yvzvpr.raw",1,0,255,0,0,1,973.992,6202.683,1945624,1945744,0,1842120,1842120,0,12996
"a0157_e6lwgj.raw",1,0,255,0,0,1,2033.379,6197.682,1945628,1945956,0,1842120,1842120,0,12996
"a0158_u7tlmh.raw",1,0,255,0,0,1,1964.161,6195.013,1945620,1945956,0,1842120,1842120,0,12996
"a0159_b2q7rr.raw",1,0,255,0,0,1,1277.123,6196.945,1945620,1945956,0,1842120,1842120,0,12996
"a0160_c7m7s1.raw",1,0,255,0,0,1,1173.747,6194.953,1945624,1945960,0,1842120,1842120,0,12996
"a0161_hk0ygt.raw",1,0,255,0,0,1,1209.483,6206.551,1945632,1945984,0,1842120,1842120,0,12996
"a0162_neipmu.raw",1,0,255,0,0,1,1272.857,6199.313,1945636,1945960,0,1842120,1842120,0,12996
"a0163_cgxbzr.raw",1,0,255,0,0,1,1900.144,6200.222,1945628,1945960,0,1842120,1842120,0,12996
"a0164_it0o7e.raw",1,0,255,0,0,1,1299.946,6197.188,1945628,1945748,0,1842120,1842120,0,12996
"a0165_ws9muv.raw",1,0,255,0,0,1,1386.792,6196.949,1945632,1945964,0,1842120,1842120,0,12996
"a0166_tuptw1.raw",1,0,255,0,0,1,1222.019,6194.623,1945624,1945740,0,1842120,1842120,0,12996
"a0167_eyyncx.raw",1,0,255,0,0,1,977.792,6194.962,1945620,1945740,0,1842120,1842120,0,12996
"a0168_juburw.raw",1,0,255,0,0,1,1462.558,6200.150,1945616,1945736,0,1842120,1842120,0,12996
"a0169_udigcx.raw",1,0,255,0,0,1,1358.942,6193.571,1945620,1945736,0,1842120,1842120,0,12996
"a0170_xwu9s1.raw",1,0,255,0,0,1,1256.770,6224.010,1945608,1945724,0,1842120,1842120,0,12996
"a0171_pwxejn.raw",1,0,255,0,0,1,1198.306,6202.410,1945604,1945936,0,1842120,1842120,0,12996
"a0172_nyfjrh.raw",1,0,255,0,0,1,1360.588,6207.338,1945608,1945724,0,1842120,1842120,0,12996
"a0173_eervjt.raw",1,0,255,0,0,1,1246.157,6198.406,1945604,1945724,0,1842120,1842120,0,12996
"a0174_e7cpdr.raw",1,0,255,0,0,1,1363.180,6193.532,1945604,1945724,0,1842120,1842120,0,12996
"a0175_swjlo7.raw",1,0,255,0,0,1,1357.164,6210.448,1945604,1945724,0,1842120,1842120,0,12996
"a0176_mcvzoh.raw",1,0,255,0,0,1,1286.403,6210.779,1945608,1945724,0,1842120,1842120,0,12996
"a0177_y3zolp.raw",1,0,255,0,0,1,1216.393,6195.538,1945608,1945724,0,1842120,1842120,0,12996
"a0178_aaj5hy.raw",1,0,255,0,0,1,1329.889,6200.678,1945596,1945712,0,1842120,1842120,0,12996
"a0179_ynprqc.raw",1,0,255,0,0,1,1378.418,6193.875,1945372,1945700,0,1842120,1842120,0,12996
"a0180_kfthlj.raw",1,0,255,0,0,1,1340.805,6194.666,1945372,1945720,0,1842120,1842120,0,12996
"a0181_d8jlaf.raw",1,0,255,0,0,1,1252.693,6194.657,1945372,1945700,0,1842120,1842120,0,12996
"a0182_nm812y.raw",1,0,255,0,0,1,1157.249,6196.724,1945380,1945712,0,1842120,1842120,0,12996
"a0183_deeois.raw",1,0,255,0,0,1,1364.466,6198.957,1945596,1945712,0,1842120,1842120,0,12996
"a0184_qvfn5j.raw",1,0,255,0,0,1,1172.307,6197.811,1945384,1945716,0,1842120,1842120,0,12996
"a0185_pvwq9t.raw",1,0,255,0,0,1,1233.631,6205.808,1945388,1945716,0,1842120,1842120,0,12996
"a0186_q9lbfb.raw",1,0,255,0,0,1,1245.924,6207.174,1945388,1945728,0,1842120,1842120,0,12996
"a0187_zs38ta.raw",1,0,255,0,0,1,1487.780,6201.689,1945396,1945732,0,1842120,1842120,0,12996
"a0188_yyagcg.raw",1,0,255,0,0,1,1316.838,6202.986,1945388,1945728,0,1842120,1842120,0,12996
"a0189_tdyi1e.raw",1,0,255,0,0,1,1343.058,6197.702,1945608,1945728,0,1842120,1842120,0,12996
"a0190_cugc2u.raw",1,0,255,0,0,1,1187.541,6191.988,1945400,1945728,0,1842120,1842120,0,12996
"a0191_v3xe2h.raw",1,0,255,0,0,1,1249.650,6195.150,1945396,1945728,0,1842120,1842120,0,12996
"a0192_ovl89c.raw",1,0,255,0,0,1,1231.789,6202.212,1945400,1945728,0,1842120,1842120,0,12996
"a0193_hu0wy9.raw",1,12,243,0,0,1,1259.890,6193.910,1945396,1945728,0,1842120,1842120,0,12996
"a0194_kqcnoq.raw",1,30,225,0,0,1,982.310,6197.371,1945400,1945744,0,1842120,1842120,0,12996
"a0195_czmb8s.raw",1,4,251,0,0,1,1249.966,6192.143,1945412,1945756,0,1842120,1842120,0,12996
"a0196_vjvhwl.raw",1,0,255,0,0,1,1333.438,6195.440,1945428,1945756,0,1842120,1842120,0,12996
"a0197_i439rf.raw",1,0,255,0,0,1,1257.764,6201.037,1945428,1945756,0,1842120,1842120,0,12996
"a0198_nplldi.raw",1,0,255,0,0,1,1355.973,6193.580,1945428,1945756,0,1842120,1842120,0,12996
"a0199_igszhh.raw",1,0,255,0,0,1,1449.919,6195.130,1945428,1945756,0,1842120,1842120,0,12996
"a0200_b6ivgn.raw",1,12,243,0,0,1,1360.995,6195.819,1945432,1945756,0,1842120,1842120,0,12996
"a0201_fhwq3q.raw",1,0,255,0,0,1,981.815,6195.457,1945428,1945780,0,1842120,1842120,0,12996
"a0202_irq4vt.raw",1,0,255,0,0,1,1464.085,6193.899,1945424,1945756,0,1842120,1842120,0,12996
"a0203_m4vpew.raw",1,0,255,0,0,1,954.770,6191.647,1945424,1945752,0,1842120,1842120,0,12996
"a0204_kpkjl1.raw",1,0,255,0,0,1,1232.549,6193.285,1945424,1945752,0,1842120,1842120,0,12996
"a0205_cjopmr.raw",1,0,255,0,0,1,1261.268,6195.937,1945424,1945752,0,1842120,1842120,0,12996
"a0206_grls61.raw",1,0,255,0,0,1,1479.665,6194.102,1945424,1945752,0,1842120,1842120,0,12996
"a0207_zt4ggr.raw",1,0,255,0,0,1,1227.781,6194.683,1945428,1945752,0,1842120,1842120,0,12996
"a0208_avivkh.raw",1,0,255,0,0,1,1258.093,6200.102,1945412,1945748,0,1842120,1842120,0,12996
"a0209_mbpspx.raw",1,4,251,0,0,1,1249.709,6194.115,1945412,1945744,0,1842120,1842120,0,12996
"a0210_kcvrv3.raw",1,0,255,0,0,1,1169.439,6227.609,1945412,1945744,0,1842120,1842120,0,12996
"a0211_jpy47f.raw",1,12,243,0,0,1,1327.199,6211.353,1945412,1945744,0,1842120,1842120,0,12996
"a0212_jimcuz.raw",1,254,1,1,0,0,1161.356,6199.337,1945412,1945744,0,1842120,1842120,0,12996
"a0213_ne51o9.raw",1,30,225,0,0,1,1215.542,6204.095,1945412,1945744,0,1842120,1842120,0,12996
"a0214_uajkl9.raw",1,0,255,0,0,1,1385.343,6199.527,1945416,1945744,0,1842120,1842120,0,12996
"a0215_yxsy3c.raw",1,0,255,0,0,1,1359.494,6198.040,1945416,1945748,0,1842120,1842120,0,12996
"a0216_w34qky.raw",1,0,255,0,0,1,1227.511,6203.708,1945420,1945748,0,1842120,1842120,0,12996
"a0217_pqf42k.raw",1,0,255,0,0,1,1476.700,6204.141,1945420,1945748,0,1842120,1842120,0,12996
"a0218_nsways.raw",1,0,255,0,0,1,1323.949,6203.503,1945416,1945748,0,1842120,1842120,0,12996
"a0219_e0y8kf.raw",1,0,255,0,0,1,1242.731,6205.697,1945636,1945752,0,1842120,1842120,0,12996
"a0220_sqnyow.raw",1,0,255,0,0,1,1345.112,6205.719,1945628,1945752,0,1842120,1842120,0,12996
"a0221_zwdiwc.raw",1,0,255,0,0,1,1248.471,6210.988,1945636,1945752,0,1842120,1842120,0,12996
"a0222_icjvhp.raw",1,0,255,0,0,1,1460.257,6202.479,1945420,1945748,0,1842120,1842120,0,12996
"a0223_cvjnie.raw",1,0,255,0,0,1,1255.637,6198.068,1945628,1945748,0,1842120,1842120,0,12996
"a0224_zbgdda.raw",1,0,255,0,0,1,1271.481,6208.645,1945632,1945748,0,1842120,1842120,0,12996
"a0225_gvoddm.raw",1,0,255,0,0,1,1220.394,6204.724,1945628,1945752,0,1842120,1842120,0,12996
"a0226_ajgork.raw",1,0,255,0,0,1,1238.486,6203.639,1945628,1945756,0,1842120,1842120,0,12996
"a0227_hosyqe.raw",1,12,243,0,0,1,1247.665,6194.813,1945640,1945756,0,1842120,1842120,0,12996
"a0228_beax1m.raw",1,0,255,0,0,1,1496.428,6197.910,1945636,1945756,0,1842120,1842120,0,12996
"a0229_edkzub.raw",1,0,255,0,0,1,1217.709,6206.798,1945636,1945756,0,1842120,1842120,0,12996
"a0230_hkndfz.raw",1,0,255,0,0,1,1148.834,6201.674,1945636,1945756,0,1842120,1842120,0,12996
"a0231_dfkgjq.raw",1,68,187,0,0,1,1254.223,6202.193,1945640,1945756,0,1842120,1842120,0,12996
"a0232_yxjqmf.raw",1,4,251,0,0,1,1253.000,6203.229,1945636,1945756,0,1842120,1842120,0,12996
"a0233_pk87en.raw",1,0,255,0,0,1,1243.606,6212.835,1945416,1945756,0,1842120,1842120,0,12996
"a0234_tzi0v2.raw",1,0,255,0,0,1,1230.744,6194.628,1945428,1945756,0,1842120,1842120,0,12996
"a0235_n0quvm.raw",1,4,251,0,0,1,1159.093,6208.104,1945428,1945756,0,1842120,1842120,0,12996
"a0236_ktgdmg.raw",1,1,254,0,0,1,1192.996,6206.370,1945424,1945756,0,1842120,1842120,0,12996
"a0237_u2zqsb.raw",1,12,243,0,0,1,1047.278,6199.738,1945420,1945748,0,1842120,1842120,0,12996
"a0238_lycwgz.raw",1,0,255,0,0,1,1204.327,6204.164,1945412,1945752,0,1842120,1842120,0,12996
"a0239_deyj9t.raw",1,0,255,0,0,1,1240.007,6195.683,1945424,1945752,0,1842120,1842120,0,12996
"a0240_ln1bk4.raw",1,225,30,1,0,0,1258.906,6204.951,1945424,1945744,0,1842120,1842120,0,12996
"a0241_jbqsqk.raw",1,30,225,0,0,1,1232.648,6194.468,1945416,1945744,0,1842120,1842120,0,12996
"a0242_emlbat.raw",1,4,251,0,0,1,1018.004,6193.626,1945436,1945772,0,1842120,1842120,0,12996
"a0243_jgsndb.raw",1,0,255,0,0,1,772.342,6201.638,1945424,1945960,0,1842120,1842120,0,12996
"a0244_xvueor.raw",1,0,255,0,0,1,729.673,6198.363,1945632,1946168,0,1842120,1842120,0,12996
"a0245_artfzj.raw",1,0,255,0,0,1,848.891,6199.124,1945840,1946408,0,1842120,1842120,0,12996
"a0246_zilsnr.raw",1,0,255,0,0,1,742.496,6197.148,1946048,1946592,0,1842120,1842120,0,12996
"a0247_k09zly.raw",1,0,255,0,0,1,842.361,6199.533,1946272,1946804,0,1842120,1842120,0,12996
"a0248_jcgmcm.raw",1,0,255,0,0,1,739.255,6198.288,1946476,1947044,0,1842120,1842120,0,12996
"a0249_ryzzky.raw",1,0,255,0,0,1,749.337,6198.373,1946696,1947228,0,1842120,1842120,0,12996
"a0250_eilcen.raw",1,0,255,0,0,1,742.021,6200.427,1946908,1947440,0,1842120,1842120,0,12996
"a0251_gou8iz.raw",1,0,255,0,0,1,838.352,6197.675,1947104,1947680,0,1842120,1842120,0,12996
"a0252_g8rdu7.raw",1,0,255,0,0,1,946.482,6200.296,1947332,1947864,0,1842120,1842120,0,12996
"a0253_zrs5z5.raw",1,0,255,0,0,1,750.583,6204.041,1947536,1948084,0,1842120,1842120,0,12996
"a0254_duhhpx.raw",1,0,255,0,0,1,737.196,6198.487,1947756,1948112,0,1842120,1842120,0,12996
"a0255_snzsh6.raw",1,0,255,0,0,1,737.191,6196.742,1947976,1948296,0,1842120,1842120,0,12996
"a0256_tl0mch.raw",1,0,255,0,0,1,733.457,6202.971,1947960,1948508,0,1842120,1842120,0,12996
"a0257_ecnd4h.raw",1,0,255,0,0,1,849.085,6201.394,1948176,1948748,0,1842120,1842120,0,12996
"a0258_k3844w.raw",1,0,255,0,0,1,732.375,6203.166,1948400,1948932,0,1842120,1842120,0,12996
"a0259_yprawt.raw",1,0,255,0,0,1,745.568,6197.895,1948612,1949172,0,1842120,1842120,0,12996
"a0260_c5y9zb.raw",1,0,255,0,0,1,1041.504,6193.762,1948824,1949192,0,1842120,1842120,0,12996
"a0261_vb7hzl.raw",1,12,243,0,0,1,753.000,6194.553,1948824,1949172,0,1842120,1842120,0,12996
"a0262_ls88bb.raw",1,0,255,0,0,1,752.506,6193.341,1948808,1949172,0,1842120,1842120,0,12996
"a0263_klkxph.raw",1,0,255,0,0,1,736.598,6195.096,1948816,1949192,0,1842120,1842120,0,12996
"a0264_cni2ln.raw",1,0,255,0,0,1,745.073,6198.427,1948824,1949172,0,1842120,1842120,0,12996
"a0265_hjrfb7.raw",1,0,255,0,0,1,746.798,6193.844,1948808,1949172,0,1842120,1842120,0,12996
"a0266_zd7nqm.raw",1,0,255,0,0,1,746.684,6197.362,1948808,1949192,0,1842120,1842120,0,12996
"a0267_rvg9bm.raw",1,0,255,0,0,1,734.660,6204.784,1948824,1949172,0,1842120,1842120,0,12996
"a0268_ol9uxv.raw",1,0,255,0,0,1,843.273,6215.148,1948808,1949172,0,1842120,1842120,0,12996
"a0269_rijhyf.raw",1,0,255,0,0,1,833.899,6204.559,1948824,1949192,0,1842120,1842120,0,12996
"a0270_agqlwh.raw",1,0,255,0,0,1,833.163,6203.752,1948824,1949172,0,1842120,1842120,0,12996
"a0271_a00g3l.raw",1,0,255,0,0,1,846.542,6201.618,1948808,1949172,0,1842120,1842120,0,12996
"a0272_uwcqou.raw",1,0,255,0,0,1,737.189,6194.800,1948824,1949192,0,1842120,1842120,0,12996
"a0273_ey4uyg.raw",1,0,255,0,0,1,749.433,6204.422,1948824,1949172,0,1842120,1842120,0,12996
"a0274_rbiyxi.raw",1,0,255,0,0,1,828.089,6197.944,1948808,1949172,0,1842120,1842120,0,12996
"a0275_fgksxn.raw",1,0,255,0,0,1,849.828,6204.791,1948808,1949192,0,1842120,1842120,0,12996
"a0276_obkijn.raw",1,0,255,0,0,1,828.796,6207.248,1948824,1949172,0,1842120,1842120,0,12996
"a0277_bf7ihi.raw",1,0,255,0,0,1,735.983,6193.546,1948808,1949172,0,1842120,1842120,0,12996
"a0278_e6witx.raw",1,0,255,0,0,1,747.951,6193.909,1948808,1949192,0,1842120,1842120,0,12996
"a0279_dgrnno.raw",1,0,255,0,0,1,754.422,6195.548,1948824,1949172,0,1842120,1842120,0,12996
"a0280_xwfgrz.raw",1,0,255,0,0,1,743.423,6196.037,1948808,1949172,0,1842120,1842120,0,12996
"a0281_wvnftg.raw",1,0,255,0,0,1,748.356,6194.143,1948824,1949192,0,1842120,1842120,0,12996
"a0282_neuqgk.raw",1,0,255,0,0,1,747.647,6196.201,1948824,1949172,0,1842120,1842120,0,12996
"a0283_ed9ybp.raw",1,0,255,0,0,1,732.593,6195.490,1948824,1949172,0,1842120,1842120,0,12996
"a0284_l2pshn.raw",1,0,255,0,0,1,752.537,6193.849,1948808,1949192,0,1842120,1842120,0,12964
"a0285_czrrzg.raw",1,0,255,0,0,1,1286.976,6194.886,1948824,1948932,0,1842120,1842120,0,12964
"a0286_ptumns.raw",1,0,255,0,0,1,996.874,6203.584,1948600,1948720,0,1842120,1842120,0,12964
"a0287_eehsa2.raw",1,0,255,0,0,1,1024.520,6194.381,1948392,1948508,0,1842120,1842120,0,12964
"a0288_fmukvl.raw",1,0,255,0,0,1,1358.337,6194.710,1948176,1948296,0,1842120,1842120,0,12964
"a0289_l9cwjl.raw",1,0,255,0,0,1,953.718,6193.093,1947964,1948084,0,1842120,1842120,0,12964
"a0290_yvjttp.raw",1,0,255,0,0,1,1231.699,6193.986,1947752,1947872,0,1842120,1842120,0,12964
"a0291_xwtzfw.raw",1,0,255,0,0,1,975.134,6193.573,1947540,1947660,0,1842120,1842120,0,12964
"a0292_mfxjuh.raw",1,0,255,0,0,1,951.397,6198.888,1947328,1947448,0,1842120,1842120,0,12964
"a0293_rws1fy.raw",1,0,255,0,0,1,1273.255,6195.830,1947116,1947236,0,1842120,1842120,0,12964
"a0294_amp8ud.raw",1,0,255,0,0,1,1045.323,6191.963,1946908,1947024,0,1842120,1842120,0,12964
"a0295_gdssqr.raw",1,0,255,0,0,1,1350.274,6191.830,1946692,1946812,0,1842120,1842120,0,12964
"a0296_cbjusq.raw",1,0,255,0,0,1,1157.371,6193.604,1946480,1946600,0,1842120,1842120,0,12964
"a0297_bi3qaq.raw",1,0,255,0,0,1,1055.065,6192.054,1946268,1946388,0,1842120,1842120,0,12964
"a0298_snhzju.raw",1,0,255,0,0,1,956.620,6194.069,1946056,1946176,0,1842120,1842120,0,12964
"a0299_wvgl0v.raw",1,0,255,0,0,1,1234.850,6199.844,1945844,1945964,0,1842120,1842120,0,12964
"a0300_m3senv.raw",1,0,255,0,0,1,1172.791,6193.208,1945636,1945752,0,1842120,1842120,0,12964
"a0301_uli8mh.raw",1,0,255,0,0,1,958.691,6191.486,1945424,1945752,0,1842120,1842120,0,12964
"a0302_vc4qix.raw",1,0,255,0,0,1,943.620,6192.683,1945420,1945752,0,1842120,1842120,0,12964
"a0303_cuf6xn.raw",1,0,255,0,0,1,1230.964,6194.741,1945424,1945752,0,1842120,1842120,0,12964
"a0304_fwwn3g.raw",1,0,255,0,0,1,1203.129,6200.305,1945424,1945752,0,1842120,1842120,0,12964
"a0305_fmqlfv.raw",1,0,255,0,0,1,1132.758,6193.108,1945420,1945752,0,1842120,1842120,0,12964
"a0306_ulbssu.raw",1,0,255,0,0,1,1361.795,6192.340,1945420,1945752,0,1842120,1842120,0,12964
"a0307_hebntn.raw",1,0,255,0,0,1,959.332,6194.255,1945424,1945752,0,1842120,1842120,0,12964
"a0308_a3dpi0.raw",1,0,255,0,0,1,1173.073,6201.409,1945420,1945752,0,1842120,1842120,0,12964
"a0309_hwfzr3.raw",1,0,255,0,0,1,1229.707,6225.758,1945420,1945752,0,1842120,1842120,0,12964
"a0310_xnncrg.raw",1,0,255,0,0,1,1020.246,6214.196,1945408,1945740,0,1842120,1842120,0,12964
"a0311_yeksvg.raw",1,0,255,0,0,1,1146.870,6213.418,1945408,1945740,0,1842120,1842120,0,12964
"a0312_hg3seh.raw",1,0,255,0,0,1,1034.044,6211.565,1945404,1945740,0,1842120,1842120,0,12964
"a0313_qmcgor.raw",1,12,243,0,0,1,1028.159,6208.328,1945404,1945740,0,1842120,1842120,0,12964
"a0314_qn2tkn.raw",1,0,255,0,0,1,1048.075,6210.636,1945404,1945740,0,1842120,1842120,0,12964
"a0315_gzqrrt.raw",1,0,255,0,0,1,1030.956,6211.813,1945404,1945740,0,1842120,1842120,0,12964
"a0316_wy1qyy.raw",1,0,255,0,0,1,1057.451,6207.881,1945412,1945740,0,1842120,1842120,0,12964
"a0317_sncbpq.raw",1,1,254,0,0,1,1187.245,6202.966,1945412,1945740,0,1842120,1842120,0,12964
"a0318_cwzoi8.raw",1,0,255,0,0,1,1463.522,6209.063,1945404,1945740,0,1842120,1842120,0,12964
"a0319_ghigad.raw",1,0,255,0,0,1,969.808,6210.713,1945416,1945740,0,1842120,1842120,0,12964
"a0320_yzr3ed.raw",1,0,255,0,0,1,1042.328,6205.399,1945412,1945740,0,1842120,1842120,0,12964
"a0321_autrsj.raw",1,0,255,0,0,1,1026.513,6199.785,1945408,1945740,0,1842120,1842120,0,12964
"a0322_ybf4bi.raw",1,12,243,0,0,1,1151.732,6199.081,1945412,1945740,0,1842120,1842120,0,12964
"a0323_gejwiv.raw",1,0,255,0,0,1,945.547,6200.721,1945412,1945740,0,1842120,1842120,0,12964
"a0324_qe07mh.raw",1,0,255,0,0,1,955.655,6206.875,1945412,1945740,0,1842120,1842120,0,12964
"a0325_hqewpd.raw",1,0,255,0,0,1,1143.372,6200.647,1945400,1945768,0,1842120,1842120,0,12964
"a0326_b0apf0.raw",1,0,255,0,0,1,1212.420,6202.022,1945404,1945964,0,1842120,1842120,0,12964
"a0327_psfuag.raw",1,68,187,0,0,1,710.510,6197.008,1945636,1946176,0,1842120,1842120,0,12964
"a0328_y3tnna.raw",1,0,255,0,0,1,737.947,6197.310,1945848,1946416,0,1842120,1842120,0,12964
"a0329_tt1jeo.raw",1,0,255,0,0,1,744.587,6202.496,1946068,1946600,0,1842120,1842120,0,12964
"a0330_w42viz.raw",1,0,255,0,0,1,834.561,6201.216,1946268,1946812,0,1842120,1842120,0,12964
"a0331_pstkz0.raw",1,0,255,0,0,1,858.153,6205.418,1946484,1947052,0,1842120,1842120,0,12964
"a0332_mlywvc.raw",1,0,255,0,0,1,828.760,6197.861,1946704,1947236,0,1842120,1842120,0,12964
"a0333_mntmbr.raw",1,0,255,0,0,1,745.322,6209.930,1946908,1947448,0,1842120,1842120,0,12964
"a0334_hh8lbt.raw",1,0,255,0,0,1,725.785,6204.537,1947112,1947688,0,1842120,1842120,0,12964
"a0335_lj2th9.raw",1,0,255,0,0,1,747.708,6197.823,1947340,1947660,0,1842120,1842120,0,12964
"a0336_rbou7p.raw",1,0,255,0,0,1,732.264,6197.230,1947540,1947872,0,1842120,1842120,0,12964
"a0337_ne0tny.raw",1,0,255,0,0,1,745.880,6198.530,1947752,1948112,0,1842120,1842120,0,12964
"a0338_pih7ys.raw",1,0,255,0,0,1,742.919,6197.434,1947976,1948296,0,1842120,1842120,0,12964
"a0339_relvff.raw",1,0,255,0,0,1,739.987,6197.436,1947968,1948508,0,1842120,1842120,0,12964
"a0340_xhnbwm.raw",1,0,255,0,0,1,743.554,6197.459,1948180,1948748,0,1842120,1842120,0,12964
"a0341_gjtu0s.raw",1,0,255,0,0,1,1047.839,6202.429,1948400,1948932,0,1842120,1842120,0,12964
"a0342_cyuqlc.raw",1,0,255,0,0,1,739.206,6195.969,1948604,1949172,0,1842120,1842120,0,12964
"a0343_izq4tl.raw",1,0,255,0,0,1,844.210,6194.059,1948808,1949192,0,1842120,1842120,0,12964
"a0344_rkf6lh.raw",1,0,255,0,0,1,746.652,6195.114,1948824,1949172,0,1842120,1842120,0,12964
"a0345_hlud7p.raw",1,0,255,0,0,1,753.344,6199.340,1948808,1949172,0,1842120,1842120,0,12964
"a0346_rw1jth.raw",1,0,255,0,0,1,733.044,6201.945,1948808,1949192,0,1842120,1842120,0,12964
"a0347_ckscd3.raw",1,0,255,0,0,1,746.561,6197.873,1948824,1949172,0,1842120,1842120,0,12964
"a0348_kax7ko.raw",1,0,255,0,0,1,739.810,6199.969,1948820,1949172,0,1842120,1842120,0,12964
"a0349_ufa15g.raw",1,0,255,0,0,1,842.076,6199.682,1948824,1949192,0,1842120,1842120,0,12964
"a0350_vxnkox.raw",1,4,251,0,0,1,743.957,6195.870,1948824,1949172,0,1842120,1842120,0,12964
"a0351_mztyty.raw",1,0,255,0,0,1,839.509,6197.540,1948808,1949172,0,1842120,1842120,0,12964
"a0352_ssssf5.raw",1,0,255,0,0,1,849.920,6197.079,1948808,1949192,0,1842120,1842120,0,12964
"a0353_ekcswn.raw",1,0,255,0,0,1,746.284,6206.357,1948824,1949172,0,1842120,1842120,0,12964
"a0354_mozps1.raw",1,12,243,0,0,1,834.443,6198.541,1948820,1949172,0,1842120,1842120,0,12964
"a0355_e8krxs.raw",1,0,255,0,0,1,752.811,6202.954,1948808,1949192,0,1842120,1842120,0,12964
"a0356_hyiott.raw",1,1,254,0,0,1,721.849,6193.568,1948824,1949172,0,1842120,1842120,0,12964
"a0357_efrban.raw",1,0,255,0,0,1,751.260,6205.949,1948808,1949172,0,1842120,1842120,0,12964
"a0358_a6ukmk.raw",1,4,251,0,0,1,731.578,6212.056,1948824,1949192,0,1842120,1842120,0,12964
"a0359_uy7niw.raw",1,0,255,0,0,1,738.014,6210.025,1948824,1949172,0,1842120,1842120,0,12964
"a0360_ya0ihl.raw",1,68,187,0,0,1,832.503,6207.506,1948808,1949172,0,1842120,1842120,0,12964
"a0361_mskx0o.raw",1,4,251,0,0,1,833.370,6201.968,1948824,1949192,0,1842120,1842120,0,12964
"a0362_e7v87k.raw",1,0,255,0,0,1,838.188,6204.562,1948824,1949172,0,1842120,1842120,0,12964
"a0363_utqzrc.raw",1,0,255,0,0,1,832.264,6205.580,1948808,1949172,0,1842120,1842120,0,12964
"a0364_wtolk5.raw",1,0,255,0,0,1,741.820,6207.698,1948820,1949192,0,1842120,1842120,0,12964
"a0365_brwton.raw",1,1,254,0,0,1,731.205,6203.527,1948824,1949172,0,1842120,1842120,0,12964
"a0366_aszhel.raw",1,0,255,0,0,1,734.981,6203.161,1948808,1949172,0,1842120,1842120,0,12964
"a0367_iqzcw7.raw",1,0,255,0,0,1,940.020,6204.993,1948808,1949192,0,1842120,1842120,0,12964
"a0368_ywq7qy.raw",1,0,255,0,0,1,834.010,6215.866,1948824,1949172,0,1842120,1842120,0,12964
"a0369_h6dlbk.raw",1,0,255,0,0,1,838.017,6204.136,1948808,1949172,0,1842120,1842120,0,12964
"a0370_e50gdu.raw",1,0,255,0,0,1,831.083,6195.991,1948824,1949192,0,1842120,1842120,0,12964
"a0371_tmswzg.raw",1,30,225,0,0,1,1218.282,6192.270,1948824,1948932,0,1842120,1842120,0,12964
"a0372_dweigx.raw",1,0,255,0,0,1,1177.486,6194.207,1948604,1948720,0,1842120,1842120,0,12964
"a0373_q2cyb8.raw",1,187,68,1,0,0,1038.619,6204.591,1948392,1948508,0,1842120,1842120,0,12964
"a0374_oarx5d.raw",1,0,255,0,0,1,938.251,6198.282,1948176,1948296,0,1842120,1842120,0,12964
"a0375_gusroz.raw",1,0,255,0,0,1,1152.151,6201.143,1947964,1948084,0,1842120,1842120,0,12964
"a0376_m1fxpo.raw",1,1,254,0,0,1,1247.971,6199.043,1947752,1947872,0,1842120,1842120,0,12964
"a0377_ifo97c.raw",1,30,225,0,0,1,1067.725,6194.336,1947540,1947660,0,1842120,1842120,0,12964
"a0378_fik4u6.raw",1,0,255,0,0,1,982.822,6194.900,1947328,1947448,0,1842120,1842120,0,12964
"a0379_gw8z6g.raw",1,0,255,0,0,1,1014.515,6191.948,1947116,1947236,0,1842120,1842120,0,12964
"a0380_lp7x8s.raw",1,0,255,0,0,1,940.661,6197.441,1946904,1947024,0,1842120,1842120,0,12964
"a0381_wio2x9.raw",1,4,251,0,0,1,896.640,6195.145,1946700,1946812,0,1842120,1842120,0,12964
"a0382_bfgu3h.raw",1,0,255,0,0,1,841.129,6198.512,1946480,1946600,0,1842120,1842120,0,12964
"a0383_ne5pb0.raw",1,0,255,0,0,1,1005.463,6198.401,1946272,1946388,0,1842120,1842120,0,12964
"a0384_yurynn.raw",1,4,251,0,0,1,1151.483,6196.139,1946056,1946176,0,1842120,1842120,0,12964
"a0385_k94gtl.raw",1,30,225,0,0,1,954.345,6196.939,1945844,1945964,0,1842120,1842120,0,12964
"a0386_zhu1uu.raw",1,68,187,0,0,1,893.544,6195.078,1945636,1945752,0,1842120,1842120,0,12964
"a0387_eyzakq.raw",1,4,251,0,0,1,1000.489,6196.683,1945424,1945752,0,1842120,1842120,0,12964
"a0388_skrfsx.raw",0,,,-1,0,-1,15017.866,0.000,0,0,0,0,0,0,0
"a0389_cdwqt5.raw",0,,,-1,0,-1,15024.167,0.000,0,0,0,0,0,0,0
"a0390_vefwrh.raw",0,,,-1,0,-1,15024.380,0.000,0,0,0,0,0,0,0
"a0391_ynqs8w.raw",0,,,-1,0,-1,15024.390,0.000,0,0,0,0,0,0,0
"a0392_kkdykz.raw",0,,,-1,0,-1,15024.420,0.000,0,0,0,0,0,0,0
"a0393_adm5xz.raw",0,,,-1,0,-1,15024.728,0.000,0,0,0,0,0,0,0
"a0394_xo3wmq.raw",0,,,-1,0,-1,15024.323,0.000,0,0,0,0,0,0,0
"a0395_elaeka.raw",0,,,-1,0,-1,15024.232,0.000,0,0,0,0,0,0,0
"a0396_irvlsi.raw",0,,,-1,0,-1,15024.429,0.000,0,0,0,0,0,0,0
"a0397_bavjyv.raw",0,,,-1,0,-1,15024.419,0.000,0,0,0,0,0,0,0
"a0398_qdxpcm.raw",0,,,-1,0,-1,15024.413,0.000,0,0,0,0,0,0,0
"a0399_xbysfr.raw",0,,,-1,0,-1,15024.428,0.000,0,0,0,0,0,0,0
"a0400_tskj33.raw",0,,,-1,0,-1,7009.524,0.000,0,0,0,0,0,0,0
"a0401_zxpxkv.raw",0,,,-1,0,-1,5999.516,0.000,0,0,0,0,0,0,0
"a0402_bfbuwq.raw",0,,,-1,0,-1,6107.355,0.000,0,0,0,0,0,0,0
"a0403_aj20fw.raw",0,,,-1,0,-1,6006.151,0.000,0,0,0,0,0,0,0
"a0404_pmyywf.raw",0,,,-1,0,-1,6824.617,0.000,0,0,0,0,0,0,0
"a0405_z2vo4z.raw",0,,,-1,0,-1,7014.479,0.000,0,0,0,0,0,0,0
"a0406_dilr56.raw",0,,,-1,0,-1,6124.605,0.000,0,0,0,0,0,0,0
"a0407_n23xab.raw",0,,,-1,0,-1,6005.988,0.000,0,0,0,0,0,0,0
"a0408_pnh30f.raw",0,,,-1,0,-1,6812.985,0.000,0,0,0,0,0,0,0
"a0409_jz7fsx.raw",0,,,-1,0,-1,6018.456,0.000,0,0,0,0,0,0,0
"a0410_eyyshb.raw",0,,,-1,0,-1,6108.277,0.000,0,0,0,0,0,0,0
"a0411_ivfjal.raw",0,,,-1,0,-1,6816.923,0.000,0,0,0,0,0,0,0
"a0412_nabmfn.raw",0,,,-1,0,-1,6117.663,0.000,0,0,0,0,0,0,0
"a0413_gkh0aj.raw",0,,,-1,0,-1,6860.742,0.000,0,0,0,0,0,0,0
"a0414_uib6fx.raw",0,,,-1,0,-1,7014.213,0.000,0,0,0,0,0,0,0
"a0415_pmkd1b.raw",0,,,-1,0,-1,7014.256,0.000,0,0,0,0,0,0,0
"a0416_xleknl.raw",0,,,-1,0,-1,7014.260,0.000,0,0,0,0,0,0,0
"a0417_eyobc6.raw",0,,,-1,0,-1,7014.272,0.000,0,0,0,0,0,0,0
"a0418_tcunvq.raw",0,,,-1,0,-1,7014.284,0.000,0,0,0,0,0,0,0
"a0419_kiw6cu.raw",0,,,-1,0,-1,6047.030,0.000,0,0,0,0,0,0,0
"a0420_f5zypq.raw",0,,,-1,0,-1,6931.356,0.000,0,0,0,0,0,0,0
"a0421_btxrs5.raw",0,,,-1,0,-1,6001.940,0.000,0,0,0,0,0,0,0
"a0422_k7og1c.raw",0,,,-1,0,-1,6005.380,0.000,0,0,0,0,0,0,0
"a0423_q0gp9y.raw",0,,,-1,0,-1,6005.825,0.000,0,0,0,0,0,0,0
"a0424_iqpyaf.raw",0,,,-1,0,-1,6008.000,0.000,0,0,0,0,0,0,0
"a0425_njco0n.raw",0,,,-1,0,-1,6106.002,0.000,0,0,0,0,0,0,0
"a0426_cxdnij.raw",0,,,-1,0,-1,6006.698,0.000,0,0,0,0,0,0,0
"a0427_rag1kt.raw",0,,,-1,0,-1,6825.688,0.000,0,0,0,0,0,0,0
"a0428_njrrll.raw",0,,,-1,0,-1,7014.215,0.000,0,0,0,0,0,0,0
"a0429_aecy13.raw",0,,,-1,0,-1,6019.814,0.000,0,0,0,0,0,0,0
"a0430_z635ag.raw",0,,,-1,0,-1,6005.518,0.000,0,0,0,0,0,0,0
"a0431_gkfosz.raw",0,,,-1,0,-1,6108.103,0.000,0,0,0,0,0,0,0
"a0432_tivk7v.raw",0,,,-1,0,-1,6773.281,0.000,0,0,0,0,0,0,0
"a0433_ncbqdq.raw",0,,,-1,0,-1,7014.172,0.000,0,0,0,0,0,0,0
"a0434_ep6no7.raw",0,,,-1,0,-1,6073.220,0.000,0,0,0,0,0,0,0
"a0435_dpxauv.raw",0,,,-1,0,-1,6108.488,0.000,0,0,0,0,0,0,0
"a0436_pga3xo.raw",0,,,-1,0,-1,6005.041,0.000,0,0,0,0,0,0,0
"a0437_btzm2d.raw",0,,,-1,0,-1,6720.021,0.000,0,0,0,0,0,0,0
"a0438_opm3it.raw",0,,,-1,0,-1,7014.177,0.000,0,0,0,0,0,0,0
"a0439_cd87fj.raw",0,,,-1,0,-1,7014.280,0.000,0,0,0,0,0,0,0
"a0440_acyc6p.raw",0,,,-1,0,-1,7014.257,0.000,0,0,0,0,0,0,0
"a0441_ytxgcy.raw",0,,,-1,0,-1,7013.955,0.000,0,0,0,0,0,0,0
"a0442_xspmhr.raw",0,,,-1,0,-1,6071.727,0.000,0,0,0,0,0,0,0
"a0443_cdcvwu.raw",0,,,-1,0,-1,6004.683,0.000,0,0,0,0,0,0,0
"a0444_j6y02a.raw",0,,,-1,0,-1,6108.093,0.000,0,0,0,0,0,0,0
"a0445_aibcf1.raw",0,,,-1,0,-1,6005.688,0.000,0,0,0,0,0,0,0
"a0446_ciqbyy.raw",0,,,-1,0,-1,6108.077,0.000,0,0,0,0,0,0,0
"a0447_mt29xi.raw",0,,,-1,0,-1,6005.836,0.000,0,0,0,0,0,0,0
"a0448_pqutrh.raw",0,,,-1,0,-1,6495.140,0.000,0,0,0,0,0,0,0
"a0449_wtugor.raw",0,,,-1,0,-1,7014.175,0.000,0,0,0,0,0,0,0
"a0450_us5s4a.raw",0,,,-1,0,-1,7014.281,0.000,0,0,0,0,0,0,0
"a0451_jblp9q.raw",0,,,-1,0,-1,6059.628,0.000,0,0,0,0,0,0,0
"a0452_dgfibu.raw",0,,,-1,0,-1,6918.832,0.000,0,0,0,0,0,0,0
"a0453_ssx81x.raw",0,,,-1,0,-1,6014.235,0.000,0,0,0,0,0,0,0
"a0454_fihwzz.raw",0,,,-1,0,-1,6107.999,0.000,0,0,0,0,0,0,0
"a0455_f1v08x.raw",0,,,-1,0,-1,6005.645,0.000,0,0,0,0,0,0,0
"a0456_jbbytw.raw",0,,,-1,0,-1,6108.084,0.000,0,0,0,0,0,0,0
"a0457_rvidg3.raw",0,,,-1,0,-1,6005.941,0.000,0,0,0,0,0,0,0
"a0458_ncuapq.raw",0,,,-1,0,-1,6643.044,0.000,0,0,0,0,0,0,0
"a0459_n0bre1.raw",0,,,-1,0,-1,7014.220,0.000,0,0,0,0,0,0,0
"a0460_vnexx0.raw",0,,,-1,0,-1,6100.764,0.000,0,0,0,0,0,0,0
"a0461_iapxlr.raw",0,,,-1,0,-1,6877.686,0.000,0,0,0,0,0,0,0
"a0462_h8twiu.raw",0,,,-1,0,-1,6055.412,0.000,0,0,0,0,0,0,0
"a0463_mhfiyh.raw",0,,,-1,0,-1,6923.338,0.000,0,0,0,0,0,0,0
"a0464_x53o1v.raw",0,,,-1,0,-1,6112.083,0.000,0,0,0,0,0,0,0
"a0465_ec97ce.raw",0,,,-1,0,-1,6865.721,0.000,0,0,0,0,0,0,0
"a0466_txwy5x.raw",0,,,-1,0,-1,7014.218,0.000,0,0,0,0,0,0,0
"a0467_wcwcy1.raw",0,,,-1,0,-1,7014.271,0.000,0,0,0,0,0,0,0
"a0468_bvpuar.raw",0,,,-1,0,-1,7014.274,0.000,0,0,0,0,0,0,0
"a0469_iginmo.raw",0,,,-1,0,-1,7014.288,0.000,0,0,0,0,0,0,0
"a0470_dgvbr5.raw",0,,,-1,0,-1,6028.096,0.000,0,0,0,0,0,0,0
"a0471_tymfzy.raw",0,,,-1,0,-1,6950.319,0.000,0,0,0,0,0,0,0
"a0472_qovckd.raw",0,,,-1,0,-1,7014.223,0.000,0,0,0,0,0,0,0
"a0473_t1qzgj.raw",0,,,-1,0,-1,7014.270,0.000,0,0,0,0,0,0,0
"a0474_f1fjub.raw",0,,,-1,0,-1,7014.272,0.000,0,0,0,0,0,0,0
"a0475_x17tls.raw",0,,,-1,0,-1,7014.262,0.000,0,0,0,0,0,0,0
"a0476_drui7y.raw",0,,,-1,0,-1,7014.226,0.000,0,0,0,0,0,0,0
"a0477_xehlxc.raw",0,,,-1,0,-1,7014.264,0.000,0,0,0,0,0,0,0
"a0478_pq1mjn.raw",0,,,-1,0,-1,6075.076,0.000,0,0,0,0,0,0,0
"a0479_utpr3r.raw",0,,,-1,0,-1,6903.399,0.000,0,0,0,0,0,0,0
"a0480_nluqsp.raw",0,,,-1,0,-1,6029.664,0.000,0,0,0,0,0,0,0
"a0481_d6enwf.raw",0,,,-1,0,-1,6948.695,0.000,0,0,0,0,0,0,0
"a0482_ilzi6s.raw",0,,,-1,0,-1,7014.210,0.000,0,0,0,0,0,0,0
"a0483_y7mohq.raw",0,,,-1,0,-1,7014.286,0.000,0,0,0,0,0,0,0
"a0484_ef6jfj.raw",0,,,-1,0,-1,7014.245,0.000,0,0,0,0,0,0,0
"a0485_i4zqb5.raw",0,,,-1,0,-1,7014.268,0.000,0,0,0,0,0,0,0
"a0486_y3nchs.raw",0,,,-1,0,-1,6047.596,0.000,0,0,0,0,0,0,0
"a0487_rsqfdb.raw",0,,,-1,0,-1,6107.158,0.000,0,0,0,0,0,0,0
"a0488_cmhvem.raw",0,,,-1,0,-1,6005.656,0.000,0,0,0,0,0,0,0
"a0489_qjhusp.raw",0,,,-1,0,-1,6008.220,0.000,0,0,0,0,0,0,0
"a0490_rrkrzr.raw",0,,,-1,0,-1,6108.893,0.000,0,0,0,0,0,0,0
"a0491_mdyrqw.raw",0,,,-1,0,-1,6557.468,0.000,0,0,0,0,0,0,0
"a0492_odjwal.raw",0,,,-1,0,-1,7014.188,0.000,0,0,0,0,0,0,0
"a0493_qlzfzy.raw",0,,,-1,0,-1,7014.282,0.000,0,0,0,0,0,0,0
"a0494_itdnei.raw",0,,,-1,0,-1,7014.268,0.000,0,0,0,0,0,0,0
"a0495_yv6xrp.raw",0,,,-1,0,-1,7014.256,0.000,0,0,0,0,0,0,0
"a0496_ajmtaz.raw",0,,,-1,0,-1,7014.300,0.000,0,0,0,0,0,0,0
"a0497_ddab9f.raw",0,,,-1,0,-1,7014.261,0.000,0,0,0,0,0,0,0
"a0498_we22f9.raw",0,,,-1,0,-1,6978.919,0.000,0,0,0,0,0,0,0
"a0499_rwv63j.raw",0,,,-1,0,-1,6004.333,0.000,0,0,0,0,0,0,0
"a0500_wnfhhn.raw",0,,,-1,0,-1,6108.490,0.000,0,0,0,0,0,0,0
"a0501_vdeng8.raw",0,,,-1,0,-1,6006.181,0.000,0,0,0,0,0,0,0
"a0502_l1nrsi.raw",0,,,-1,0,-1,6107.277,0.000,0,0,0,0,0,0,0
"a0503_yciwk7.raw",0,,,-1,0,-1,6005.662,0.000,0,0,0,0,0,0,0
"a0504_t5yaii.raw",0,,,-1,0,-1,6005.797,0.000,0,0,0,0,0,0,0
"a0505_ntf7d7.raw",0,,,-1,0,-1,6005.631,0.000,0,0,0,0,0,0,0
"a0506_lvoq8i.raw",0,,,-1,0,-1,6005.763,0.000,0,0,0,0,0,0,0
"a0507_wxvyq0.raw",0,,,-1,0,-1,6108.126,0.000,0,0,0,0,0,0,0
"a0508_hhrsyn.raw",0,,,-1,0,-1,6005.673,0.000,0,0,0,0,0,0,0
"a0509_dcjswu.raw",0,,,-1,0,-1,6327.940,0.000,0,0,0,0,0,0,0
"a0510_cmenkd.raw",0,,,-1,0,-1,5990.812,0.000,0,0,0,0,0,0,0
"a0511_scur8z.raw",0,,,-1,0,-1,7017.513,0.000,0,0,0,0,0,0,0
"a0512_w9c2sj.raw",0,,,-1,0,-1,7014.202,0.000,0,0,0,0,0,0,0
"a0513_xqp4r5.raw",0,,,-1,0,-1,7014.297,0.000,0,0,0,0,0,0,0
"a0514_sbdvnj.raw",0,,,-1,0,-1,6050.124,0.000,0,0,0,0,0,0,0
"a0515_as3vgi.raw",0,,,-1,0,-1,6107.058,0.000,0,0,0,0,0,0,0
"a0516_nck4nk.raw",0,,,-1,0,-1,6005.663,0.000,0,0,0,0,0,0,0
"a0517_wdvfet.raw",0,,,-1,0,-1,6743.946,0.000,0,0,0,0,0,0,0
"a0518_axs6q3.raw",0,,,-1,0,-1,7008.488,0.000,0,0,0,0,0,0,0
"a0519_mne2yx.raw",0,,,-1,0,-1,7009.883,0.000,0,0,0,0,0,0,0
"a0520_xnp6dj.raw",0,,,-1,0,-1,7014.221,0.000,0,0,0,0,0,0,0
"a0521_hnvoqg.raw",0,,,-1,0,-1,7014.254,0.000,0,0,0,0,0,0,0
"a0522_ksetdo.raw",0,,,-1,0,-1,7014.263,0.000,0,0,0,0,0,0,0
"a0523_fzkjoj.raw",0,,,-1,0,-1,6072.335,0.000,0,0,0,0,0,0,0
"a0524_ctltpm.raw",0,,,-1,0,-1,6906.151,0.000,0,0,0,0,0,0,0
"a0525_fquagl.raw",0,,,-1,0,-1,7014.208,0.000,0,0,0,0,0,0,0
"a0526_w6ivtw.raw",0,,,-1,0,-1,7014.242,0.000,0,0,0,0,0,0,0
"a0527_sqlxhv.raw",0,,,-1,0,-1,6979.653,0.000,0,0,0,0,0,0,0
"a0528_bt4vm3.raw",0,,,-1,0,-1,6007.084,0.000,0,0,0,0,0,0,0
"a0529_rrgdnq.raw",0,,,-1,0,-1,7015.820,0.000,0,0,0,0,0,0,0
"a0530_s0ul7h.raw",0,,,-1,0,-1,7014.263,0.000,0,0,0,0,0,0,0
"a0531_jh6xfy.raw",0,,,-1,0,-1,7013.925,0.000,0,0,0,0,0,0,0
"a0532_hq1ucu.raw",0,,,-1,0,-1,7014.394,0.000,0,0,0,0,0,0,0
"a0533_cw1dlm.raw",0,,,-1,0,-1,6065.341,0.000,0,0,0,0,0,0,0
"a0534_ra8j3s.raw",0,,,-1,0,-1,6913.099,0.000,0,0,0,0,0,0,0
"a0535_spf3f7.raw",0,,,-1,0,-1,7014.219,0.000,0,0,0,0,0,0,0
"a0536_mkjxcx.raw",0,,,-1,0,-1,7014.270,0.000,0,0,0,0,0,0,0
"a0537_l1h8tc.raw",0,,,-1,0,-1,7014.265,0.000,0,0,0,0,0,0,0
"a0538_adfb5b.raw",0,,,-1,0,-1,6066.503,0.000,0,0,0,0,0,0,0
"a0539_a1vvau.raw",0,,,-1,0,-1,6005.359,0.000,0,0,0,0,0,0,0
"a0540_wwrhlt.raw",0,,,-1,0,-1,6006.817,0.000,0,0,0,0,0,0,0
"a0541_rasb78.raw",0,,,-1,0,-1,6828.050,0.000,0,0,0,0,0,0,0
"a0542_wu5des.raw",0,,,-1,0,-1,7014.188,0.000,0,0,0,0,0,0,0
"a0543_fojjsl.raw",0,,,-1,0,-1,6017.462,0.000,0,0,0,0,0,0,0
"a0544_d9bjli.raw",1,1,254,0,0,1,1999.327,6200.476,1817748,1817868,0,1711048,1711048,0,12964
"a0545_j6zdji.raw",1,0,255,0,0,1,1270.952,6221.947,1817540,1817656,0,1711048,1711048,0,12964
"a0546_yxoqjg.raw",1,0,255,0,0,1,1210.701,6215.926,1817324,1817444,0,1711048,1711048,0,12964
"a0547_pinzq9.raw",1,4,251,0,0,1,1587.335,6212.807,1817116,1817232,0,1711048,1711048,0,12964
"a0548_ena0nh.raw",1,4,251,0,0,1,1190.362,6196.700,1816900,1817020,0,1711048,1711048,0,12964
"a0549_ff63qe.raw",1,0,255,0,0,1,988.291,6216.097,1816688,1816800,0,1711048,1711048,0,12964
"a0550_pozqkn.raw",1,0,255,0,0,1,1123.946,6212.500,1816464,1816588,0,1711048,1711048,0,12964
"a0551_as5jnv.raw",1,0,255,0,0,1,1211.728,6209.903,1816252,1816376,0,1711048,1711048,0,12964
"a0552_gbhlm9.raw",1,0,255,0,0,1,1448.399,6203.367,1816040,1816164,0,1711048,1711048,0,12964
"a0553_evgaab.raw",1,0,255,0,0,1,1129.562,6209.944,1815836,1815952,0,1711048,1711048,0,12964
"a0554_vtqnds.raw",1,0,255,0,0,1,2147.319,6214.004,1815616,1815740,0,1711048,1711048,0,12964
"a0555_qwz43p.raw",1,30,225,0,0,1,1191.696,6210.694,1815404,1815528,0,1711048,1711048,0,12964
"a0556_gc3ou5.raw",1,0,255,0,0,1,1109.197,6208.838,1815196,1815316,0,1711048,1711048,0,12964
"a0557_oxwjci.raw",1,0,255,0,0,1,1029.978,6198.420,1814980,1815104,0,1711048,1711048,0,12964
"a0558_ci3fht.raw",1,68,187,0,0,1,2193.914,6203.439,1814772,1814892,0,1711048,1711048,0,12964
"a0559_kpcy4e.raw",1,187,68,1,0,0,970.567,6191.326,1814564,1814680,0,1711048,1711048,0,12964
"a0560_y7shea.raw",1,30,225,0,0,1,1272.551,6195.035,1814564,1814680,0,1711048,1711048,0,12964
"a0561_q5euyp.raw",1,187,68,1,0,0,1258.779,6196.206,1814564,1814680,0,1711048,1711048,0,12964
"a0562_jvyukt.raw",1,0,255,0,0,1,1133.872,6190.645,1814564,1814680,0,1711048,1711048,0,12964
"a0563_x59wk4.raw",1,0,255,0,0,1,971.302,6190.350,1814352,1814680,0,1711048,1711048,0,12964
"a0564_x5albw.raw",1,0,255,0,0,1,1441.948,6192.082,1814564,1814680,0,1711048,1711048,0,12964
"a0565_q7vh5u.raw",1,0,255,0,0,1,1968.807,6199.136,1814552,1814668,0,1711048,1711048,0,12964
"a0566_tkqf1u.raw",1,0,255,0,0,1,1288.756,6195.612,1814552,1814880,0,1711048,1711048,0,12964
"a0567_jaeh7l.raw",1,1,254,0,0,1,1914.188,6193.714,1814552,1814880,0,1711048,1711048,0,12964
"a0568_pn3hjm.raw",1,0,255,0,0,1,1199.768,6191.260,1814532,1814880,0,1711048,1711048,0,12964
"a0569_sb3kjv.raw",1,0,255,0,0,1,1236.269,6193.278,1814552,1814668,0,1711048,1711048,0,12964
"a0570_bhndyp.raw",1,0,255,0,0,1,1195.182,6193.532,1814548,1814668,0,1711048,1711048,0,12964
"a0571_uugbnx.raw",1,0,255,0,0,1,1263.431,6195.099,1814552,1814668,0,1711048,1711048,0,12964
"a0572_vow98l.raw",1,0,255,0,0,1,2033.374,6198.143,1814544,1814880,0,1711048,1711048,0,12964
"a0573_kl4vin.raw",1,1,254,0,0,1,1174.604,6194.018,1814548,1814668,0,1711048,1711048,0,12964
"a0574_mdbjbm.raw",1,0,255,0,0,1,1067.814,6204.853,1814548,1814668,0,1711048,1711048,0,12964
"a0575_onpbfw.raw",1,0,255,0,0,1,1034.146,6194.919,1814552,1814668,0,1711048,1711048,0,12964
"a0576_vyfcxa.raw",1,0,255,0,0,1,2053.541,6194.866,1814548,1814880,0,1711048,1711048,0,12964
"a0577_y0qkbo.raw",1,0,255,0,0,1,1173.859,6192.976,1814540,1814880,0,1711048,1711048,0,12964
"a0578_oeih0e.raw",1,0,255,0,0,1,1166.459,6192.464,1814552,1814864,0,1711048,1711048,0,12964
"a0579_utchud.raw",1,0,255,0,0,1,2048.060,6195.354,1814540,1814880,0,1711048,1711048,0,12964
"a0580_zzlxop.raw",1,0,255,0,0,1,2278.455,6203.225,1814552,1814892,0,1711048,1711048,0,12964
"a0581_we2iix.raw",1,0,255,0,0,1,1349.664,6194.885,1814560,1814892,0,1711048,1711048,0,12964
"a0582_boixmz.raw",1,30,225,0,0,1,1186.725,6220.290,1814560,1814892,0,1711048,1711048,0,12964
"a0583_bpxanm.raw",1,4,251,0,0,1,1188.664,6204.628,1814560,1814912,0,1711048,1711048,0,12964
"a0584_gprpij.raw",1,0,255,0,0,1,982.962,6212.542,1814564,1814892,0,1711048,1711048,0,12964
"a0585_hrd0bx.raw",1,0,255,0,0,1,1030.010,6205.111,1814556,1814892,0,1711048,1711048,0,12964
"a0586_uzznzm.raw",1,1,254,0,0,1,1222.383,6194.795,1814552,1814892,0,1711048,1711048,0,12964
"a0587_xo8y8t.raw",1,0,255,0,0,1,1256.223,6206.641,1814560,1814680,0,1711048,1711048,0,12964
"a0588_oaqs1s.raw",1,1,254,0,0,1,1190.227,6203.311,1814564,1814680,0,1711048,1711048,0,12964
"a0589_tnyzqy.raw",1,1,254,0,0,1,1196.921,6195.731,1814564,1814680,0,1711048,1711048,0,12964
"a0590_i2xg5w.raw",1,0,255,0,0,1,1779.636,6206.599,1814556,1814892,0,1711048,1711048,0,12964
"a0591_juna3x.raw",1,0,255,0,0,1,1822.417,6197.397,1814564,1814892,0,1711048,1711048,0,12964
"a0592_bpzfci.raw",1,0,255,0,0,1,1189.628,6193.693,1814564,1814892,0,1711048,1711048,0,12964
"a0593_yyvxqe.raw",1,0,255,0,0,1,1256.696,6199.661,1814564,1814892,0,1711048,1711048,0,12964
"a0594_abccov.raw",1,0,255,0,0,1,1375.682,6192.855,1814560,1814680,0,1711048,1711048,0,12964
"a0595_ywpxll.raw",1,0,255,0,0,1,1427.723,6195.513,1814564,1814680,0,1711048,1711048,0,12964
"a0596_n0zlvg.raw",1,0,255,0,0,1,1887.222,6211.987,1814564,1814680,0,1711048,1711048,0,12964
"a0597_z1wxys.raw",1,0,255,0,0,1,1252.339,6201.436,1814564,1814680,0,1711048,1711048,0,12964
"a0598_yymfbg.raw",1,4,251,0,0,1,1429.956,6201.419,1814564,1814680,0,1711048,1711048,0,12964
"a0599_f1rqmp.raw",1,128,128,-1,0,0,1151.184,6194.958,1814564,1814680,0,1711048,1711048,0,12964
"a0600_p7xv1u.raw",1,0,255,0,0,1,1086.712,6194.305,1814564,1814680,0,1711048,1711048,0,12964
"a0601_jompz5.raw",1,4,251,0,0,1,1154.140,6194.970,1814564,1814680,0,1711048,1711048,0,12964
"a0602_eu5616.raw",1,0,255,0,0,1,1247.926,6193.171,1814560,1814680,0,1711048,1711048,0,12964
"a0603_iacu7h.raw",1,0,255,0,0,1,1167.061,6194.486,1814560,1814680,0,1711048,1711048,0,12964
"a0604_z8dlmd.raw",1,1,254,0,0,1,1235.654,6195.939,1814560,1814680,0,1711048,1711048,0,12964
"a0605_czshfu.raw",1,0,255,0,0,1,1256.550,6214.523,1814560,1814684,0,1711048,1711048,0,12964
"a0606_mlcyro.raw",1,4,251,0,0,1,953.897,6201.583,1814568,1814684,0,1711048,1711048,0,12964
"a0607_kysimp.raw",1,0,255,0,0,1,1243.655,6206.985,1814356,1814684,0,1711048,1711048,0,12964
"a0608_qdjnjk.raw",1,0,255,0,0,1,1332.827,6193.816,1814352,1814684,0,1711048,1711048,0,12964
"a0609_sasgdm.raw",1,0,255,0,0,1,1086.110,6204.263,1814348,1814684,0,1711048,1711048,0,12964
"a0610_bmwy1m.raw",1,0,255,0,0,1,1196.904,6197.632,1814352,1814684,0,1711048,1711048,0,12964
"a0611_yp0qq3.raw",1,0,255,0,0,1,1156.087,6196.615,1814356,1814684,0,1711048,1711048,0,12964
"a0612_fzvure.raw",1,12,243,0,0,1,1086.430,6204.139,1814336,1814684,0,1711048,1711048,0,12964
"a0613_aj1zh1.raw",1,4,251,0,0,1,1315.530,6196.722,1814348,1814688,0,1711048,1711048,0,12964
"a0614_rohvfe.raw",1,0,255,0,0,1,990.924,6198.070,1814360,1814688,0,1711048,1711048,0,12964
"a0615_jpsupv.raw",1,0,255,0,0,1,1244.058,6204.572,1814360,1814688,0,1711048,1711048,0,12964
"a0616_wp4r4d.raw",1,0,255,0,0,1,1254.234,6198.200,1814356,1814688,0,1711048,1711048,0,12964
"a0617_za0k82.raw",1,0,255,0,0,1,940.621,6198.245,1814344,1814688,0,1711048,1711048,0,12964
"a0618_gis7rc.raw",1,0,255,0,0,1,1434.511,6203.372,1814356,1814688,0,1711048,1711048,0,12964
"a0619_fkp7lg.raw",1,0,255,0,0,1,1360.186,6193.101,1814352,1814688,0,1711048,1711048,0,12964
"a0620_olycak.raw",1,30,225,0,0,1,1275.187,6197.583,1814360,1814688,0,1711048,1711048,0,12964
"a0621_gcmg2i.raw",1,0,255,0,0,1,1355.596,6194.967,1814348,1814672,0,1711048,1711048,0,12964
"a0622_nfd9zi.raw",1,0,255,0,0,1,1357.236,6217.935,1814344,1814672,0,1711048,1711048,0,12964
"a0623_bdvofi.raw",1,0,255,0,0,1,1043.935,6210.815,1814344,1814672,0,1711048,1711048,0,12964
"a0624_mlai6p.raw",1,0,255,0,0,1,1199.858,6205.915,1814356,1814692,0,1711048,1711048,0,12964
"a0625_kogqyx.raw",1,0,255,0,0,1,710.948,6204.391,1814344,1814884,0,1711048,1711048,0,12964
"a0626_tgzpf9.raw",1,0,255,0,0,1,740.724,6210.942,1814552,1815096,0,1711048,1711048,0,12964
"a0627_uenvke.raw",1,0,255,0,0,1,722.762,6210.110,1814768,1815328,0,1711048,1711048,0,12964
"a0628_mpar7n.raw",1,30,225,0,0,1,837.465,6204.930,1814976,1815520,0,1711048,1711048,0,12964
"a0629_ttcqzt.raw",1,0,255,0,0,1,735.346,6214.158,1815188,1815728,0,1711048,1711048,0,12964
"a0630_mf6zwg.raw",1,0,255,0,0,1,821.375,6209.080,1815396,1815960,0,1711048,1711048,0,12964
"a0631_cxnyqw.raw",1,0,255,0,0,1,839.616,6210.046,1815612,1816152,0,1711048,1711048,0,12964
"a0632_mexgmw.raw",1,0,255,0,0,1,731.274,6202.656,1815812,1816364,0,1711048,1711048,0,12964
"a0633_qnejd0.raw",1,0,255,0,0,1,738.906,6206.636,1816036,1816596,0,1711048,1711048,0,12964
"a0634_ttvgpf.raw",1,0,255,0,0,1,830.067,6209.636,1816232,1816788,0,1711048,1711048,0,12964
"a0635_wzjqyp.raw",1,0,255,0,0,1,726.177,6211.013,1816456,1817000,0,1711048,1711048,0,12964
"a0636_wxvrax.raw",1,0,255,0,0,1,837.098,6206.848,1816668,1817232,0,1711048,1711048,0,12964
"a0637_sagkhq.raw",1,0,255,0,0,1,739.403,6207.318,1816884,1817212,0,1711048,1711048,0,12964
"a0638_wbqkdb.raw",1,0,255,0,0,1,726.679,6212.752,1817108,1817436,0,1711048,1711048,0,12964
"a0639_d74bsz.raw",1,0,255,0,0,1,734.358,6205.477,1817100,1817668,0,1711048,1711048,0,12964
"a0640_hebnb8.raw",1,0,255,0,0,1,738.150,6197.494,1817320,1817860,0,1711048,1711048,0,12964
"a0641_ldjphh.raw",1,0,255,0,0,1,739.138,6195.340,1817532,1818092,0,1711048,1711048,0,12964
"a0642_ibo8f5.raw",1,1,254,0,0,1,844.930,6198.757,1817728,1818112,0,1711048,1711048,0,12964
"a0643_ee3z2q.raw",1,0,255,0,0,1,745.839,6211.452,1817744,1818092,0,1711048,1711048,0,12964
"a0644_xczfq2.raw",1,0,255,0,0,1,833.198,6195.972,1817728,1818092,0,1711048,1711048,0,12964
"a0645_xnlh5d.raw",1,4,251,0,0,1,743.615,6193.503,1817744,1818112,0,1711048,1711048,0,12964
"a0646_ooesqs.raw",1,0,255,0,0,1,742.387,6217.612,1817744,1818100,0,1711048,1711048,0,12964
"a0647_uprnic.raw",1,0,255,0,0,1,721.240,6202.695,1817736,1818100,0,1711048,1711048,0,12964
"a0648_dezlz6.raw",1,0,255,0,0,1,740.855,6194.506,1817736,1818120,0,1711048,1711048,0,12964
"a0649_kqjhrg.raw",1,0,255,0,0,1,747.102,6194.434,1817752,1818100,0,1711048,1711048,0,12964
"a0650_upldwg.raw",1,0,255,0,0,1,1150.127,6194.725,1817736,1818100,0,1711048,1711048,0,12964
"a0651_bgzfqg.raw",1,0,255,0,0,1,846.719,6193.683,1817736,1818120,0,1711048,1711048,0,12964
"a0652_wczeqm.raw",1,0,255,0,0,1,848.470,6194.391,1817752,1818100,0,1711048,1711048,0,12964
"a0653_cwyesj.raw",1,0,255,0,0,1,850.924,6195.746,1817736,1818100,0,1711048,1711048,0,12964
"a0654_yrpogb.raw",1,0,255,0,0,1,754.442,6195.774,1817736,1818120,0,1711048,1711048,0,12964
"a0655_eqlumw.raw",1,0,255,0,0,1,836.893,6196.321,1817752,1818100,0,1711048,1711048,0,12964
"a0656_pohd3d.raw",1,0,255,0,0,1,849.822,6196.418,1817740,1818100,0,1711048,1711048,0,12964
"a0657_jgs4ke.raw",1,1,254,0,0,1,841.945,6199.760,1817752,1818120,0,1711048,1711048,0,12964
"a0658_oeowvk.raw",1,0,255,0,0,1,1117.167,6194.108,1817752,1817860,0,1711048,1711048,0,12964
"a0659_yuhdpz.raw",1,0,255,0,0,1,1149.272,6204.791,1817528,1817648,0,1711048,1711048,0,12964
"a0660_bmt8ir.raw",1,0,255,0,0,1,1039.918,6192.176,1817320,1817436,0,1711048,1711048,0,12964
"a0661_d3ryzs.raw",1,1,254,0,0,1,1240.938,6194.323,1817104,1817224,0,1711048,1711048,0,12964
"a0662_pszeho.raw",1,0,255,0,0,1,971.368,6211.685,1816892,1817012,0,1711048,1711048,0,12964
"a0663_gya6lx.raw",1,1,254,0,0,1,1005.501,6198.144,1816680,1816800,0,1711048,1711048,0,12964
"a0664_xuflth.raw",1,30,225,0,0,1,1076.730,6196.621,1816468,1816588,0,1711048,1711048,0,12964
"a0665_vel4ht.raw",1,0,255,0,0,1,936.057,6195.761,1816260,1816376,0,1711048,1711048,0,12964
"a0666_vyr75r.raw",1,0,255,0,0,1,1067.235,6198.264,1816048,1816164,0,1711048,1711048,0,12964
"a0667_z9zuag.raw",1,0,255,0,0,1,1436.775,6201.762,1815832,1815952,0,1711048,1711048,0,12964
"a0668_cbsegh.raw",1,0,255,0,0,1,1046.449,6196.634,1815620,1815740,0,1711048,1711048,0,12964
"a0669_vjvxad.raw",1,0,255,0,0,1,1195.469,6193.460,1815408,1815528,0,1711048,1711048,0,12964
"a0670_ilprgk.raw",1,0,255,0,0,1,1216.600,6198.125,1815200,1815316,0,1711048,1711048,0,12964
"a0671_olak7t.raw",1,0,255,0,0,1,1370.381,6201.897,1814984,1815104,0,1711048,1711048,0,12964
"a0672_jxl2je.raw",1,0,255,0,0,1,1323.178,6199.820,1814772,1814892,0,1711048,1711048,0,12964
"a0673_jaiutc.raw",1,0,255,0,0,1,1183.424,6193.649,1814564,1814680,0,1711048,1711048,0,12964
"a0674_lasnd4.raw",1,0,255,0,0,1,933.815,6193.913,1814352,1814680,0,1711048,1711048,0,12964
"a0675_wru6ul.raw",1,0,255,0,0,1,1054.373,6197.932,1814348,1814680,0,1711048,1711048,0,12964
"a0676_yqu7tq.raw",1,0,255,0,0,1,1034.474,6205.248,1814352,1814680,0,1711048,1711048,0,12964
"a0677_aedco5.raw",1,0,255,0,0,1,952.804,6203.919,1814352,1814680,0,1711048,1711048,0,12964
"a0678_vbkryv.raw",1,30,225,0,0,1,1240.307,6207.709,1814348,1814680,0,1711048,1711048,0,12964
"a0679_wfsxje.raw",1,0,255,0,0,1,1254.917,6208.100,1814348,1814680,0,1711048,1711048,0,12964
"a0680_ve8rnb.raw",1,0,255,0,0,1,1037.152,6210.574,1814352,1814680,0,1711048,1711048,0,12964
"a0681_kcmnwb.raw",1,0,255,0,0,1,1081.296,6229.859,1814348,1814680,0,1711048,1711048,0,12964
"a0682_ys3bp4.raw",1,68,187,0,0,1,1098.029,6203.052,1814348,1814680,0,1711048,1711048,0,12964
"a0683_e9djb0.raw",1,0,255,0,0,1,922.519,6204.121,1814336,1814668,0,1711048,1711048,0,12964
"a0684_waxp5q.raw",1,0,255,0,0,1,963.889,6198.192,1814336,1814668,0,1711048,1711048,0,12964
"a0685_bssujn.raw",1,0,255,0,0,1,1060.435,6193.172,1814332,1814652,0,1711048,1711048,0,12964
"a0686_rqe20r.raw",1,0,255,0,0,1,942.511,6200.348,1814332,1814668,0,1711048,1711048,0,12964
"a0687_garg3x.raw",1,1,254,0,0,1,1042.579,6205.734,1814332,1814668,0,1711048,1711048,0,12964
"a0688_rjhmhh.raw",1,0,255,0,0,1,1144.442,6197.831,1814332,1814668,0,1711048,1711048,0,12964
"a0689_zk4tlc.raw",1,0,255,0,0,1,1164.810,6203.006,1814340,1814668,0,1711048,1711048,0,12964
"a0690_f6ntnp.raw",1,0,255,0,0,1,1238.910,6197.581,1814340,1814668,0,1711048,1711048,0,12964
"a0691_nmp8lx.raw",1,0,255,0,0,1,925.794,6193.664,1814332,1814668,0,1711048,1711048,0,12964
"a0692_bmegkx.raw",1,0,255,0,0,1,1092.242,6200.115,1814340,1814668,0,1711048,1711048,0,12964
"a0693_rnp3zq.raw",1,4,251,0,0,1,908.393,6195.521,1814340,1814668,0,1711048,1711048,0,12964
"a0694_sryr4a.raw",1,0,255,0,0,1,934.787,6195.868,1814336,1814668,0,1711048,1711048,0,12964
"a0695_asrnis.raw",1,0,255,0,0,1,1155.766,6199.084,1814340,1814668,0,1711048,1711048,0,12964
"a0696_kslrep.raw",1,0,255,0,0,1,980.465,6193.213,1814340,1814668,0,1711048,1711048,0,12964
"a0697_cejjwf.raw",1,4,251,0,0,1,957.558,6191.159,1814340,1814696,0,1711048,1711048,0,12964
"a0698_mzgl33.raw",1,0,255,0,0,1,915.530,6198.365,1814336,1814668,0,1711048,1711048,0,12964
"a0699_ni65d1.raw",1,0,255,0,0,1,1146.505,6195.052,1814336,1814680,0,1711048,1711048,0,12964
"a0700_ksh7wu.raw",1,0,255,0,0,1,1065.342,6197.993,1814352,1814684,0,1711048,1711048,0,12964
"a0701_hbrcgl.raw",1,1,254,0,0,1,1048.300,6199.420,1814356,1814684,0,1711048,1711048,0,12964
"a0702_tbpnqg.raw",1,1,254,0,0,1,975.413,6192.079,1814356,1814684,0,1711048,1711048,0,12964
"a0703_nds0dd.raw",1,0,255,0,0,1,1016.705,6200.528,1814352,1814684,0,1711048,1711048,0,12964
"a0704_eu2stn.raw",1,0,255,0,0,1,978.867,6194.259,1814344,1814684,0,1711048,1711048,0,12964
"a0705_nlwccs.raw",1,0,255,0,0,1,1130.399,6194.479,1814356,1814684,0,1711048,1711048,0,12964
"a0706_hum8pu.raw",1,0,255,0,0,1,1191.320,6196.490,1814356,1814684,0,1711048,1711048,0,12964
"a0707_mmaddx.raw",1,0,255,0,0,1,1117.720,6194.911,1814356,1814684,0,1711048,1711048,0,12964
"a0708_lqfyba.raw",1,0,255,0,0,1,951.051,6195.004,1814348,1814684,0,1711048,1711048,0,12964
"a0709_tpxi8p.raw",1,0,255,0,0,1,1079.298,6197.794,1814356,1814684,0,1711048,1711048,0,12964
"a0710_prgxd8.raw",1,4,251,0,0,1,1333.667,6194.078,1814356,1814684,0,1711048,1711048,0,12964
"a0711_rewvuv.raw",1,1,254,0,0,1,1156.480,6194.917,1814356,1814684,0,1711048,1711048,0,12964
"a0712_fzdims.raw",1,4,251,0,0,1,1153.423,6200.945,1814348,1814684,0,1711048,1711048,0,12964
"a0713_gs5cry.raw",1,30,225,0,0,1,932.556,6201.972,1814356,1814684,0,1711048,1711048,0,12964
"a0714_cyq1ji.raw",1,30,225,0,0,1,976.258,6193.388,1814344,1814684,0,1711048,1711048,0,12964
"a0715_bpkr0e.raw",1,0,255,0,0,1,955.994,6192.294,1814356,1814684,0,1711048,1711048,0,12964
"a0716_hiynya.raw",1,0,255,0,0,1,1036.222,6193.689,1814356,1814684,0,1711048,1711048,0,12964
"a0717_xzbvm2.raw",1,30,225,0,0,1,1163.756,6194.689,1814348,1814684,0,1711048,1711048,0,12964
"a0718_silz3t.raw",1,0,255,0,0,1,1162.591,6194.203,1814356,1814684,0,1711048,1711048,0,12964
"a0719_o8a5oo.raw",1,1,254,0,0,1,1155.123,6192.360,1814356,1814684,0,1711048,1711048,0,12964
"a0720_vpddbj.raw",1,0,255,0,0,1,1035.748,6196.192,1814344,1814672,0,1711048,1711048,0,12964
"a0721_yefy3d.raw",1,0,255,0,0,1,1241.494,6195.648,1814340,1814672,0,1711048,1711048,0,12964
"a0722_hskghr.raw",1,0,255,0,0,1,954.984,6223.130,1814344,1814672,0,1711048,1711048,0,12964
"a0723_jwft40.raw",1,187,68,1,0,0,1122.745,6205.192,1814332,1814672,0,1711048,1711048,0,12964
"a0724_juvbew.raw",1,0,255,0,0,1,1181.233,6208.641,1814336,1814672,0,1711048,1711048,0,12964
"a0725_wsesl2.raw",1,0,255,0,0,1,1327.486,6209.118,1814340,1814672,0,1711048,1711048,0,12964
"a0726_dmmulp.raw",1,30,225,0,0,1,952.462,6206.104,1814336,1814672,0,1711048,1711048,0,12964
"a0727_cwcuqt.raw",1,4,251,0,0,1,1040.022,6199.352,1814344,1814668,0,1711048,1711048,0,12964
"a0728_ibbstl.raw",1,12,243,0,0,1,1019.505,6204.216,1814340,1814668,0,1711048,1711048,0,12964
"a0729_nviu2e.raw",1,12,243,0,0,1,1150.883,6202.964,1814344,1814668,0,1711048,1711048,0,12964
"a0730_ct28hm.raw",1,0,255,0,0,1,956.396,6200.720,1814340,1814668,0,1711048,1711048,0,12964
"a0731_akbizi.raw",1,0,255,0,0,1,1466.218,6199.034,1814332,1814668,0,1711048,1711048,0,12964
"a0732_utvay2.raw",1,0,255,0,0,1,1249.003,6204.278,1814348,1814652,0,1711048,1711048,0,12964
"a0733_wds78g.raw",1,0,255,0,0,1,1024.421,6205.629,1814340,1814668,0,1711048,1711048,0,12964
"a0734_hbjpa5.raw",1,0,255,0,0,1,957.086,6217.677,1814328,1814656,0,1711048,1711048,0,12964
"a0735_yjrj0n.raw",1,0,255,0,0,1,998.380,6208.076,1814328,1814656,0,1711048,1711048,0,12964
"a0736_gb3git.raw",1,4,251,0,0,1,952.464,6203.884,1814328,1814668,0,1711048,1711048,0,12964
"a0737_k6v9j7.raw",1,0,255,0,0,1,1129.357,6208.352,1814340,1814696,0,1711048,1711048,0,12964
"a0738_dwsc1y.raw",1,251,4,1,0,0,710.096,6209.480,1814348,1814880,0,1711048,1711048,0,12964
"a0739_e3ferw.raw",1,4,251,0,0,1,727.330,6205.627,1814548,1815092,0,1711048,1711048,0,12964
"a0740_ahujpt.raw",1,187,68,1,0,0,837.273,6199.615,1814760,1815332,0,1711048,1711048,0,12964
"a0741_cq0dq1.raw",1,12,243,0,0,1,743.571,6197.981,1814984,1815516,0,1711048,1711048,0,12964
"a0742_xsh1bu.raw",1,0,255,0,0,1,743.061,6203.621,1815188,1815728,0,1711048,1711048,0,12964
"a0743_gkqxqs.raw",1,0,255,0,0,1,733.229,6201.283,1815400,1815968,0,1711048,1711048,0,12964
"a0744_lzysbl.raw",1,1,254,0,0,1,844.055,6199.003,1815616,1816152,0,1711048,1711048,0,12964
"a0745_f0vhir.raw",1,4,251,0,0,1,745.202,6213.820,1815824,1816364,0,1711048,1711048,0,12964
"a0746_c2yp2x.raw",1,1,254,0,0,1,824.710,6199.668,1816036,1816604,0,1711048,1711048,0,12964
"a0747_cuo48h.raw",1,0,255,0,0,1,748.057,6206.878,1816252,1816576,0,1711048,1711048,0,12964
"a0748_ilgos5.raw",1,0,255,0,0,1,822.844,6210.930,1816468,1816788,0,1711048,1711048,0,12964
"a0749_pwkwof.raw",1,0,255,0,0,1,837.735,6215.537,1816456,1817028,0,1711048,1711048,0,12964
"a0750_lhkgrp.raw",1,0,255,0,0,1,732.693,6215.639,1816672,1817212,0,1711048,1711048,0,12964
"a0751_kejtsr.raw",1,1,254,0,0,1,719.036,6209.483,1816884,1817436,0,1711048,1711048,0,12964
"a0752_osomim.raw",1,0,255,0,0,1,829.464,6208.493,1817108,1817676,0,1711048,1711048,0,12964
"a0753_uohkaf.raw",1,0,255,0,0,1,736.761,6212.020,1817328,1817860,0,1711048,1711048,0,12964
"a0754_elpjrt.raw",1,12,243,0,0,1,821.676,6209.420,1817536,1818100,0,1711048,1711048,0,12964
"a0755_unt17r.raw",1,4,251,0,0,1,735.142,6202.573,1817736,1818120,0,1711048,1711048,0,12964
"a0756_ud9ocf.raw",1,0,255,0,0,1,735.262,6205.008,1817752,1818100,0,1711048,1711048,0,12964
"a0757_yxnbvd.raw",1,0,255,0,0,1,837.681,6205.628,1817736,1818100,0,1711048,1711048,0,12964
"a0758_o6d7rp.raw",1,4,251,0,0,1,845.216,6205.327,1817736,1818120,0,1711048,1711048,0,12964
"a0759_sxgamc.raw",1,0,255,0,0,1,729.034,6201.722,1817752,1818100,0,1711048,1711048,0,12964
"a0760_yl14ql.raw",1,12,243,0,0,1,737.896,6203.184,1817736,1818100,0,1711048,1711048,0,12964
"a0761_dcyfun.raw",1,0,255,0,0,1,737.485,6206.697,1817736,1818120,0,1711048,1711048,0,12964
"a0762_rza9ov.raw",1,0,255,0,0,1,939.565,6212.721,1817752,1818100,0,1711048,1711048,0,12964
"a0763_y60ubl.raw",1,0,255,0,0,1,721.908,6210.369,1817736,1818100,0,1711048,1711048,0,12964
"a0764_rgixeu.raw",1,0,255,0,0,1,733.034,6203.829,1817736,1818120,0,1711048,1711048,0,12964
"a0765_xd0bu7.raw",1,0,255,0,0,1,746.247,6201.117,1817752,1818100,0,1711048,1711048,0,12964
"a0766_ze9b3f.raw",1,0,255,0,0,1,732.065,6204.262,1817736,1818100,0,1711048,1711048,0,12964
"a0767_qwxmbg.raw",1,0,255,0,0,1,734.844,6204.695,1817752,1818120,0,1711048,1711048,0,12964
"a0768_jj4gjl.raw",1,0,255,0,0,1,837.603,6202.054,1817752,1818100,0,1711048,1711048,0,12964
"a0769_gitmsy.raw",1,225,30,1,0,0,751.452,6205.433,1817748,1818100,0,1711048,1711048,0,12964
"a0770_aexvbp.raw",1,0,255,0,0,1,732.360,6204.005,1817736,1818120,0,1711048,1711048,0,12964
"a0771_upzakb.raw",1,0,255,0,0,1,833.273,6211.193,1817752,1818100,0,1711048,1711048,0,12964
"a0772_oxud4q.raw",1,0,255,0,0,1,830.881,6208.090,1817736,1818100,0,1711048,1711048,0,12964
"a0773_ru9dbg.raw",1,0,255,0,0,1,732.769,6203.973,1817736,1818120,0,1711048,1711048,0,12964
"a0774_nn8hcb.raw",1,0,255,0,0,1,738.090,6203.179,1817740,1818100,0,1711048,1711048,0,12964
"a0775_o04m03.raw",1,0,255,0,0,1,737.734,6211.048,1817752,1818100,0,1711048,1711048,0,12964
"a0776_negbbp.raw",1,0,255,0,0,1,835.572,6209.430,1817752,1818120,0,1711048,1711048,0,12964
"a0777_gqwblp.raw",1,0,255,0,0,1,728.799,6203.573,1817752,1818100,0,1711048,1711048,0,12964
"a0778_qaafrk.raw",1,4,251,0,0,1,739.010,6207.079,1817736,1818100,0,1711048,1711048,0,12964
"a0779_bptrkt.raw",1,0,255,0,0,1,728.334,6207.904,1817736,1818120,0,1711048,1711048,0,12964
"a0780_fz72nw.raw",1,0,255,0,0,1,733.062,6207.132,1817752,1818100,0,1711048,1711048,0,12964
"a0781_t9hi3t.raw",1,1,254,0,0,1,839.327,6222.558,1817736,1818100,0,1711048,1711048,0,12964
"a0782_vctoja.raw",1,0,255,0,0,1,823.530,6208.645,1817736,1818120,0,1711048,1711048,0,12964
"a0783_xnqnl3.raw",1,0,255,0,0,1,827.384,6211.082,1817752,1818100,0,1711048,1711048,0,12964
"a0784_qtsviy.raw",1,4,251,0,0,1,834.778,6201.311,1817736,1818100,0,1711048,1711048,0,12964
"a0785_msdluh.raw",1,0,255,0,0,1,835.389,6195.721,1817748,1818120,0,1711048,1711048,0,12964
"a0786_h0hyyy.raw",1,0,255,0,0,1,953.612,6201.809,1817752,1818100,0,1711048,1711048,0,12964
"a0787_b6d0ky.raw",1,4,251,0,0,1,954.272,6202.409,1817736,1818100,0,1711048,1711048,0,12964
"a0788_twesiw.raw",1,0,255,0,0,1,833.451,6196.774,1817736,1818120,0,1711048,1711048,0,12964
"a0789_gb92pe.raw",1,1,254,0,0,1,746.125,6197.544,1817752,1818100,0,1711048,1711048,0,12964
"a0790_bco4tj.raw",1,0,255,0,0,1,840.945,6199.365,1817736,1818100,0,1711048,1711048,0,12964
"a0791_wb6o3f.raw",1,0,255,0,0,1,734.183,6196.957,1817736,1818120,0,1711048,1711048,0,12964
"a0792_pa5pgp.raw",1,0,255,0,0,1,748.171,6192.803,1817752,1818100,0,1711048,1711048,0,12964
"a0793_vd9iof.raw",1,0,255,0,0,1,748.435,6199.139,1817736,1818100,0,1711048,1711048,0,12964
"a0794_k219ra.raw",1,0,255,0,0,1,740.547,6194.505,1817736,1818120,0,1711048,1711048,0,12964
"a0795_sb6rst.raw",1,0,255,0,0,1,744.740,6194.859,1817752,1818100,0,1711048,1711048,0,12964
"a0796_xclwib.raw",1,0,255,0,0,1,848.204,6199.540,1817736,1818100,0,1711048,1711048,0,12964
"a0797_egxwye.raw",1,0,255,0,0,1,841.809,6195.780,1817736,1818120,0,1711048,1711048,0,12964
"a0798_kva4rd.raw",1,0,255,0,0,1,747.009,6196.300,1817752,1818100,0,1711048,1711048,0,12964
"a0799_rjx1y5.raw",1,0,255,0,0,1,747.068,6195.040,1817736,1818100,0,1711048,1711048,0,12964
"a0800_tk2jif.raw",1,30,225,0,0,1,746.465,6198.046,1817752,1818120,0,1711048,1711048,0,12964
"a0801_pmshvh.raw",1,0,255,0,0,1,737.532,6194.714,1817752,1818100,0,1711048,1711048,0,12964
"a0802_ekiupc.raw",1,4,251,0,0,1,745.340,6197.365,1817752,1818100,0,1711048,1711048,0,12964
"a0803_xfgf45.raw",1,0,255,0,0,1,743.291,6192.699,1817744,1818120,0,1711048,1711048,0,12964
"a0804_ooc5vn.raw",1,0,255,0,0,1,737.568,6192.903,1817752,1818100,0,1711048,1711048,0,12964
"a0805_dghslm.raw",1,0,255,0,0,1,757.973,6194.828,1817736,1818100,0,1711048,1711048,0,12964
"a0806_wum0iu.raw",1,0,255,0,0,1,748.439,6197.526,1817736,1818120,0,1711048,1711048,0,12964
"a0807_f3pigs.raw",1,0,255,0,0,1,849.007,6195.068,1817752,1818100,0,1711048,1711048,0,12964
"a0808_rawpbf.raw",1,0,255,0,0,1,736.234,6194.916,1817736,1818100,0,1711048,1711048,0,12964
"a0809_wfdsgj.raw",1,68,187,0,0,1,756.324,6193.463,1817736,1818120,0,1711048,1711048,0,12964
"a0810_ewvsfz.raw",1,0,255,0,0,1,846.045,6198.749,1817752,1818100,0,1711048,1711048,0,12964
"a0811_elqoqf.raw",1,4,251,0,0,1,837.208,6191.841,1817736,1818100,0,1711048,1711048,0,12964
"a0812_hsg2wa.raw",1,0,255,0,0,1,752.353,6192.697,1817740,1818120,0,1711048,1711048,0,12964
"a0813_lqjwai.raw",1,0,255,0,0,1,849.748,6198.844,1817752,1818100,0,1711048,1711048,0,12964
"a0814_nkzdfz.raw",1,0,255,0,0,1,735.494,6194.326,1817736,1818100,0,1711048,1711048,0,12964
"a0815_jb7ymq.raw",1,187,68,1,0,0,858.758,6195.724,1817752,1818120,0,1711048,1711048,0,12964
"a0816_o4htwx.raw",1,12,243,0,0,1,743.000,6198.012,1817752,1818100,0,1711048,1711048,0,12964
"a0817_ocsex0.raw",1,0,255,0,0,1,737.163,6195.328,1817736,1818100,0,1711048,1711048,0,12964
"a0818_dpor8o.raw",1,0,255,0,0,1,756.723,6204.847,1817736,1818120,0,1711048,1711048,0,12964
"a0819_xuvowc.raw",1,128,128,-1,0,0,936.213,6204.825,1817752,1818100,0,1711048,1711048,0,12964
"a0820_paaohf.raw",1,0,255,0,0,1,731.708,6204.104,1817736,1818100,0,1711048,1711048,0,12964
"a0821_dx76jf.raw",1,30,225,0,0,1,738.090,6198.482,1817736,1818120,0,1711048,1711048,0,12964
"a0822_hiit6y.raw",1,0,255,0,0,1,740.152,6199.951,1817752,1818100,0,1711048,1711048,0,12964
"a0823_ja8t9a.raw",1,0,255,0,0,1,741.111,6194.671,1817748,1818100,0,1711048,1711048,0,12964
"a0824_rxppzr.raw",1,0,255,0,0,1,744.749,6220.653,1817736,1818120,0,1711048,1711048,0,12964
"a0825_auy9db.raw",1,30,225,0,0,1,722.024,6207.603,1817752,1818100,0,1711048,1711048,0,12964
"a0826_qdzqux.raw",1,0,255,0,0,1,833.477,6207.220,1817752,1818100,0,1711048,1711048,0,12964
"a0827_emcfqn.raw",1,12,243,0,0,1,834.539,6203.088,1817752,1818120,0,1711048,1711048,0,12964
"a0828_ct8vho.raw",1,0,255,0,0,1,1054.385,6203.407,1817752,1817860,0,1711048,1711048,0,12964
"a0829_wgpf7s.raw",1,0,255,0,0,1,1038.686,6205.822,1817528,1817648,0,1711048,1711048,0,12964
"a0830_qrkzkk.raw",1,0,255,0,0,1,938.892,6210.351,1817320,1817436,0,1711048,1711048,0,12964
"a0831_jcvthf.raw",1,1,254,0,0,1,1044.593,6208.809,1817104,1817224,0,1711048,1711048,0,12964
"a0832_sybcyr.raw",1,0,255,0,0,1,927.915,6201.703,1816892,1817012,0,1711048,1711048,0,12964
"a0833_dm6xib.raw",1,0,255,0,0,1,841.949,6207.805,1816680,1816800,0,1711048,1711048,0,12964
"a0834_p7u54n.raw",1,0,255,0,0,1,733.855,6201.160,1816468,1816588,0,1711048,1711048,0,12964
"a0835_vantug.raw",1,0,255,0,0,1,1150.419,6208.044,1816256,1816376,0,1711048,1711048,0,12964
"a0836_mun9q0.raw",1,0,255,0,0,1,942.044,6209.961,1816048,1816164,0,1711048,1711048,0,12964
"a0837_scdivg.raw",1,0,255,0,0,1,835.816,6206.404,1815832,1815952,0,1711048,1711048,0,12964
"a0838_bpbznd.raw",1,0,255,0,0,1,932.699,6203.605,1815620,1815740,0,1711048,1711048,0,12964
"a0839_kbw6wl.raw",1,0,255,0,0,1,1062.426,6206.048,1815408,1815528,0,1711048,1711048,0,12964
"a0840_vmqgjq.raw",1,0,255,0,0,1,817.761,6204.440,1815200,1815316,0,1711048,1711048,0,12964
"a0841_tykaik.raw",1,0,255,0,0,1,937.270,6201.504,1814984,1815104,0,1711048,1711048,0,12964
"a0842_yjt6jg.raw",1,0,255,0,0,1,845.610,6196.816,1814772,1814892,0,1711048,1711048,0,12964
"a0843_sxn9db.raw",1,0,255,0,0,1,944.940,6194.693,1814564,1814680,0,1711048,1711048,0,12964
"a0844_orspbr.raw",1,0,255,0,0,1,852.699,6194.550,1814352,1814680,0,1711048,1711048,0,12964
"a0845_t6gxnm.raw",1,0,255,0,0,1,1049.800,6208.833,1814348,1814680,0,1711048,1711048,0,12964
"a0846_bh9gxd.raw",1,4,251,0,0,1,1038.157,6198.760,1814352,1814680,0,1711048,1711048,0,12964
"a0847_ybdqxw.raw",1,0,255,0,0,1,1180.452,6197.890,1814360,1814680,0,1711048,1711048,0,12964
"a0848_ncpp26.raw",1,0,255,0,0,1,1027.524,6202.220,1814348,1814680,0,1711048,1711048,0,12964
"a0849_atsaxb.raw",1,0,255,0,0,1,1039.791,6198.119,1814348,1814680,0,1711048,1711048,0,12964
"a0850_hxq9qe.raw",1,4,251,0,0,1,1049.117,6211.892,1814352,1814680,0,1711048,1711048,0,12964
"a0851_gyh0is.raw",1,1,254,0,0,1,839.105,6203.020,1814348,1814680,0,1711048,1711048,0,12964
"a0852_t8myv6.raw",1,0,255,0,0,1,939.969,6210.343,1814348,1814680,0,1711048,1711048,0,12964
"a0853_v7iovm.raw",1,0,255,0,0,1,1031.571,6210.231,1814336,1814668,0,1711048,1711048,0,12964
"a0854_kt4cfx.raw",1,12,243,0,0,1,1048.086,6210.745,1814336,1814668,0,1711048,1711048,0,12964
"a0855_msi9bq.raw",1,0,255,0,0,1,920.091,6205.228,1814332,1814668,0,1711048,1711048,0,12964
"a0856_qb3144.raw",1,1,254,0,0,1,943.743,6208.909,1814332,1814668,0,1711048,1711048,0,12964
"a0857_evjxmt.raw",1,12,243,0,0,1,1040.451,6207.599,1814332,1814668,0,1711048,1711048,0,12964
"a0858_tbkvom.raw",1,0,255,0,0,1,939.396,6209.129,1814332,1814668,0,1711048,1711048,0,12964
"a0859_xevmvq.raw",1,0,255,0,0,1,935.656,6202.694,1814340,1814668,0,1711048,1711048,0,12964
"a0860_ypkcpl.raw",1,0,255,0,0,1,1040.769,6216.080,1814340,1814668,0,1711048,1711048,0,12964
"a0861_to1dkl.raw",1,0,255,0,0,1,1031.012,6213.174,1814332,1814668,0,1711048,1711048,0,12964
"a0862_vjnuox.raw",1,0,255,0,0,1,828.601,6207.607,1814340,1814668,0,1711048,1711048,0,12964
"a0863_t6og9h.raw",1,0,255,0,0,1,940.607,6207.019,1814340,1814668,0,1711048,1711048,0,12964
"a0864_jo5rr4.raw",1,0,255,0,0,1,1052.026,6212.385,1814336,1814668,0,1711048,1711048,0,12964
"a0865_p2e5xc.raw",1,0,255,0,0,1,919.915,6210.469,1814340,1814668,0,1711048,1711048,0,12964
"a0866_csdd84.raw",1,0,255,0,0,1,1147.370,6210.486,1814340,1814668,0,1711048,1711048,0,12964
"a0867_yuoqce.raw",1,0,255,0,0,1,1035.404,6208.907,1814340,1814668,0,1711048,1711048,0,12964
"a0868_meddym.raw",1,0,255,0,0,1,934.584,6204.698,1814328,1814668,0,1711048,1711048,0,12964
"a0869_mengeh.raw",1,0,255,0,0,1,1044.747,6207.361,1814336,1814708,0,1711048,1711048,0,12964
"a0870_lr9loo.raw",1,0,255,0,0,1,834.381,6206.259,1814348,1814680,0,1711048,1711048,0,12964
"a0871_g1yqnr.raw",1,1,254,0,0,1,1037.276,6211.816,1814348,1814680,0,1711048,1711048,0,12964
"a0872_cwd26g.raw",1,0,255,0,0,1,950.461,6203.235,1814340,1814680,0,1711048,1711048,0,12964
"a0873_n7uczw.raw",1,1,254,0,0,1,831.008,6209.266,1814352,1814684,0,1711048,1711048,0,12964
"a0874_atkpzx.raw",1,0,255,0,0,1,1037.017,6209.355,1814352,1814684,0,1711048,1711048,0,12964
"a0875_tzaliv.raw",1,0,255,0,0,1,836.898,6209.302,1814352,1814684,0,1711048,1711048,0,12964
"a0876_cjzvjc.raw",1,1,254,0,0,1,932.479,6206.368,1814340,1814676,0,1711048,1711048,0,12964
"a0877_y9gzac.raw",1,0,255,0,0,1,1137.992,6204.432,1814348,1814676,0,1711048,1711048,0,12964
"a0878_dlogyd.raw",1,0,255,0,0,1,941.018,6203.275,1814348,1814676,0,1711048,1711048,0,12964
"a0879_myemcq.raw",1,0,255,0,0,1,1048.350,6206.547,1814344,1814676,0,1711048,1711048,0,12964
"a0880_cfnnmp.raw",1,4,251,0,0,1,939.032,6210.570,1814352,1814676,0,1711048,1711048,0,12964
"a0881_ljtvq1.raw",1,4,251,0,0,1,951.890,6200.954,1814336,1814676,0,1711048,1711048,0,12964
"a0882_a84tnc.raw",1,1,254,0,0,1,924.468,6215.352,1814348,1814676,0,1711048,1711048,0,12964
"a0883_pmjcjh.raw",1,0,255,0,0,1,834.474,6210.364,1814348,1814672,0,1711048,1711048,0,12964
"a0884_gfbw71.raw",1,0,255,0,0,1,932.744,6199.875,1814344,1814672,0,1711048,1711048,0,12964
"a0885_fhifeg.raw",1,0,255,0,0,1,838.899,6205.058,1814336,1814672,0,1711048,1711048,0,12964
"a0886_rdx8hw.raw",1,0,255,0,0,1,942.141,6200.606,1814344,1814672,0,1711048,1711048,0,12964
"a0887_ugr4tq.raw",1,0,255,0,0,1,1049.760,6195.042,1814344,1814672,0,1711048,1711048,0,12964
"a0888_dddc2r.raw",1,4,251,0,0,1,1049.090,6207.367,1814340,1814672,0,1711048,1711048,0,12964
"a0889_p7edum.raw",1,187,68,1,0,0,1076.623,6203.228,1814344,1814672,0,1711048,1711048,0,12964
"a0890_nsgjou.raw",1,1,254,0,0,1,906.046,6196.018,1814344,1814672,0,1711048,1711048,0,12964
"a0891_xrxbn8.raw",1,4,251,0,0,1,846.806,6209.684,1814344,1814672,0,1711048,1711048,0,12964
"a0892_trop1o.raw",1,0,255,0,0,1,839.253,6195.174,1814352,1814680,0,1711048,1711048,0,12964
"a0893_pidjvq.raw",1,0,255,0,0,1,844.847,6195.081,1814352,1814680,0,1711048,1711048,0,12964
"a0894_xkszfb.raw",1,1,254,0,0,1,844.690,6215.713,1814352,1814680,0,1711048,1711048,0,12964
"a0895_fqwgdf.raw",1,187,68,1,0,0,933.481,6196.691,1814352,1814680,0,1711048,1711048,0,12964
"a0896_itt8b0.raw",1,30,225,0,0,1,1051.539,6195.186,1814352,1814680,0,1711048,1711048,0,12964
"a0897_m8645c.raw",1,0,255,0,0,1,846.898,6204.922,1814340,1814680,0,1711048,1711048,0,12964
"a0898_rzwgnv.raw",1,68,187,0,0,1,943.629,6196.455,1814352,1814680,0,1711048,1711048,0,12964
"a0899_quzq7p.raw",1,1,254,0,0,1,858.916,6199.179,1814356,1814680,0,1711048,1711048,0,12964
"a0900_iabglw.raw",1,1,254,0,0,1,827.771,6194.664,1814356,1814680,0,1711048,1711048,0,12964
"a0901_ilsl9y.raw",1,0,255,0,0,1,851.676,6200.246,1814348,1814676,0,1711048,1711048,0,12964
"a0902_rembu7.raw",1,0,255,0,0,1,836.349,6197.996,1814324,1814452,0,1711048,1711048,0,12964
"a0903_m8c2rs.raw",1,1,254,0,0,1,955.295,6194.798,1814332,1814664,0,1711048,1711048,0,12964
"a0904_uvav8u.raw",1,4,251,0,0,1,1154.440,6195.075,1814336,1814664,0,1711048,1711048,0,12964
"a0905_qf09nh.raw",1,30,225,0,0,1,952.575,6197.109,1814336,1814664,0,1711048,1711048,0,12964
"a0906_vfzxgn.raw",1,0,255,0,0,1,1052.799,6197.510,1814336,1814452,0,1711048,1711048,0,12964
"a0907_gtspia.raw",1,0,255,0,0,1,1156.679,6196.705,1814336,1814664,0,1711048,1711048,0,12964
"a0908_zsoqqj.raw",1,0,255,0,0,1,835.974,6196.862,1814332,1814664,0,1711048,1711048,0,12964
"a0909_abdxqi.raw",1,0,255,0,0,1,848.364,6194.478,1814336,1814664,0,1711048,1711048,0,12964
"a0910_wmnbxs.raw",1,0,255,0,0,1,1045.172,6194.902,1814336,1814664,0,1711048,1711048,0,12964
"a0911_qhshgz.raw",1,0,255,0,0,1,953.200,6197.021,1814336,1814692,0,1711048,1711048,0,12964
"a0912_hsoiv1.raw",1,0,255,0,0,1,840.769,6195.291,1814332,1814664,0,1711048,1711048,0,12964
"a0913_zdvegf.raw",1,0,255,0,0,1,852.823,6195.129,1814336,1814664,0,1711048,1711048,0,12964
"a0914_fw1mbt.raw",1,0,255,0,0,1,947.575,6214.302,1814332,1814664,0,1711048,1711048,0,12964
"a0915_onsav3.raw",1,0,255,0,0,1,1036.780,6197.455,1814332,1814664,0,1711048,1711048,0,12964
"a0916_vzortr.raw",1,0,255,0,0,1,945.706,6198.957,1814332,1814664,0,1711048,1711048,0,12964
"a0917_rimnro.raw",1,0,255,0,0,1,1048.221,6196.834,1814340,1814668,0,1711048,1711048,0,12964
"a0918_let3nb.raw",1,0,255,0,0,1,952.964,6198.351,1814340,1814680,0,1711048,1711048,0,12964
"a0919_thhrs9.raw",1,0,255,0,0,1,1049.820,6196.535,1814352,1814680,0,1711048,1711048,0,12964
"a0920_tzu4or.raw",1,4,251,0,0,1,840.366,6195.155,1814348,1814680,0,1711048,1711048,0,12964
"a0921_xwl2m2.raw",1,0,255,0,0,1,855.606,6199.660,1814352,1814680,0,1711048,1711048,0,12964
"a0922_ptnhyf.raw",1,0,255,0,0,1,1040.631,6198.316,1814348,1814680,0,1711048,1711048,0,12964
"a0923_zhqnfa.raw",1,0,255,0,0,1,1053.757,6197.332,1814356,1814680,0,1711048,1711048,0,12964
"a0924_yrvcde.raw",1,0,255,0,0,1,1147.065,6212.468,1814352,1814680,0,1711048,1711048,0,12964
"a0925_jojxoz.raw",1,0,255,0,0,1,1045.548,6219.689,1814352,1814680,0,1711048,1711048,0,12964
"a0926_s5fqda.raw",1,30,225,0,0,1,1018.594,6205.331,1814352,1814680,0,1711048,1711048,0,12964
"a0927_agxdjn.raw",1,0,255,0,0,1,1046.374,6204.451,1814352,1814680,0,1711048,1711048,0,12964
"a0928_nxwt0j.raw",1,0,255,0,0,1,836.709,6207.349,1814352,1814680,0,1711048,1711048,0,12964
"a0929_insdo7.raw",1,0,255,0,0,1,1041.165,6206.310,1814348,1814680,0,1711048,1711048,0,12964
"a0930_nstgfg.raw",1,12,243,0,0,1,829.796,6205.230,1814344,1814680,0,1711048,1711048,0,12964
"a0931_cvujv4.raw",1,0,255,0,0,1,838.735,6210.684,1814352,1814680,0,1711048,1711048,0,12964
"a0932_qenein.raw",1,4,251,0,0,1,837.864,6209.511,1814360,1814680,0,1711048,1711048,0,12964
"a0933_ddzhlj.raw",1,4,251,0,0,1,942.626,6208.920,1814340,1814680,0,1711048,1711048,0,12964
"a0934_h9y6jq.raw",1,0,255,0,0,1,966.177,6202.941,1814352,1814680,0,1711048,1711048,0,12964
"a0935_wkfaia.raw",1,0,255,0,0,1,801.610,6208.308,1814340,1814684,0,1711048,1711048,0,12964
"a0936_bokibz.raw",1,0,255,0,0,1,934.130,6209.228,1814352,1814684,0,1711048,1711048,0,12964
"a0937_q2grnt.raw",1,0,255,0,0,1,935.040,6202.756,1814356,1814684,0,1711048,1711048,0,12964
"a0938_zlqrwc.raw",1,1,254,0,0,1,848.399,6202.994,1814356,1814684,0,1711048,1711048,0,12964
"a0939_gnzseb.raw",1,0,255,0,0,1,1039.550,6204.190,1814356,1814684,0,1711048,1711048,0,12964
"a0940_cedhge.raw",1,0,255,0,0,1,1255.148,6207.972,1814356,1814680,0,1711048,1711048,0,12964
"a0941_p7wolj.raw",1,0,255,0,0,1,928.339,6211.534,1814352,1814680,0,1711048,1711048,0,12964
"a0942_nrr0yn.raw",1,30,225,0,0,1,1236.334,6195.618,1814340,1814680,0,1711048,1711048,0,12964
"a0943_z4hnpo.raw",1,12,243,0,0,1,853.197,6195.151,1814348,1814680,0,1711048,1711048,0,12964
"a0944_v7qrn1.raw",1,187,68,1,0,0,949.308,6197.035,1814352,1814680,0,1711048,1711048,0,12964
"a0945_doysg3.raw",1,12,243,0,0,1,1057.722,6202.944,1814352,1814680,0,1711048,1711048,0,12964
"a0946_urjknv.raw",1,0,255,0,0,1,936.017,6196.995,1814336,1814680,0,1711048,1711048,0,12964
"a0947_wlc3jr.raw",1,0,255,0,0,1,1051.118,6197.537,1814352,1814676,0,1711048,1711048,0,12964
"a0948_f1hper.raw",1,0,255,0,0,1,948.691,6207.608,1814348,1814676,0,1711048,1711048,0,12964
"a0949_qlz4h3.raw",1,0,255,0,0,1,834.981,6203.300,1814344,1814676,0,1711048,1711048,0,12964
"a0950_xtmcwu.raw",1,0,255,0,0,1,1047.894,6195.564,1814344,1814676,0,1711048,1711048,0,12964
"a0951_xcmxlj.raw",1,0,255,0,0,1,1154.271,6197.102,1814348,1814684,0,1711048,1711048,0,12964
"a0952_oip6ep.raw",1,12,243,0,0,1,1056.279,6195.967,1814352,1814684,0,1711048,1711048,0,12964
"a0953_eolxuo.raw",1,0,255,0,0,1,1232.689,6194.900,1814356,1814704,0,1711048,1711048,0,12964
"a0954_oxhbh8.raw",1,0,255,0,0,1,1145.617,6194.338,1814356,1814684,0,1711048,1711048,0,12964
"a0955_qbygdh.raw",1,1,254,0,0,1,1055.298,6195.079,1814356,1814684,0,1711048,1711048,0,12964
"a0956_aeym4u.raw",1,0,255,0,0,1,1139.124,6201.264,1814356,1814688,0,1711048,1711048,0,12964
"a0957_z4pde7.raw",1,4,251,0,0,1,961.059,6215.511,1814360,1814688,0,1711048,1711048,0,12964
"a0958_huwfsz.raw",1,1,254,0,0,1,1188.633,6201.040,1814360,1814688,0,1711048,1711048,0,12964
"a0959_cbmjkb.raw",1,68,187,0,0,1,1150.552,6193.324,1814360,1814688,0,1711048,1711048,0,12964
"a0960_vvgfi8.raw",1,128,128,-1,0,0,1021.703,6203.419,1814360,1814688,0,1711048,1711048,0,12964
"a0961_tarbfe.raw",1,0,255,0,0,1,835.185,6198.253,1814360,1814688,0,1711048,1711048,0,12964
"a0962_hum61t.raw",1,12,243,0,0,1,849.290,6194.943,1814360,1814688,0,1711048,1711048,0,12964
"a0963_wz8emn.raw",1,187,68,1,0,0,841.046,6198.164,1814356,1814684,0,1711048,1711048,0,12964
"a0964_canail.raw",1,68,187,0,0,1,1155.505,6197.860,1814344,1814672,0,1711048,1711048,0,12964
"a0965_jc384x.raw",1,187,68,1,0,0,951.533,6194.540,1814340,1814672,0,1711048,1711048,0,12964
"a0966_yn5vst.raw",1,251,4,1,0,0,844.371,6196.760,1814340,1814672,0,1711048,1711048,0,12964
"a0967_gxvuny.raw",1,255,0,1,0,0,848.331,6194.930,1814344,1814672,0,1711048,1711048,0,12964
"a0968_g3zqqc.raw",1,254,1,1,0,0,1053.887,6208.044,1814340,1814672,0,1711048,1711048,0,12964
"a0969_o4uupq.raw",1,68,187,0,0,1,934.698,6194.702,1814340,1814672,0,1711048,1711048,0,12964
"a0970_dnatzm.raw",1,0,255,0,0,1,948.101,6194.832,1814344,1814672,0,1711048,1711048,0,12964
"a0971_nweobd.raw",1,1,254,0,0,1,1047.288,6209.354,1814340,1814664,0,1711048,1711048,0,12964
"a0972_k39yu4.raw",1,0,255,0,0,1,841.092,6211.881,1814332,1814664,0,1711048,1711048,0,12964
"a0973_nofz6m.raw",1,0,255,0,0,1,928.264,6206.040,1814336,1814664,0,1711048,1711048,0,12964
"a0974_rysqbw.raw",1,1,254,0,0,1,942.494,6206.935,1814332,1814664,0,1711048,1711048,0,12964
"a0975_qf9j0w.raw",1,0,255,0,0,1,844.078,6203.337,1814336,1814664,0,1711048,1711048,0,12964
"a0976_wj5hvf.raw",1,0,255,0,0,1,941.028,6204.088,1814336,1814664,0,1711048,1711048,0,12964
"a0977_zzrxw7.raw",1,0,255,0,0,1,1140.910,6211.141,1814336,1814668,0,1711048,1711048,0,12964
"a0978_lwts50.raw",1,0,255,0,0,1,935.434,6207.317,1814320,1814668,0,1711048,1711048,0,12964
"a0979_kvhksp.raw",1,0,255,0,0,1,827.996,6209.181,1814328,1814672,0,1711048,1711048,0,12964
"a0980_pxxmht.raw",1,0,255,0,0,1,1040.097,6206.249,1814344,1814680,0,1711048,1711048,0,12964
"a0981_kuxkk2.raw",1,0,255,0,0,1,948.086,6209.835,1814352,1814680,0,1711048,1711048,0,12964
"a0982_eclgce.raw",1,0,255,0,0,1,927.712,6208.201,1814352,1814680,0,1711048,1711048,0,12964
"a0983_cnhiiq.raw",1,30,225,0,0,1,1143.043,6210.356,1814352,1814680,0,1711048,1711048,0,12964
"a0984_lt0wwh.raw",1,0,255,0,0,1,934.704,6205.028,1814348,1814680,0,1711048,1711048,0,12964
"a0985_ybph7v.raw",1,0,255,0,0,1,1040.189,6206.556,1814336,1814668,0,1711048,1711048,0,12964
"a0986_fxpzyo.raw",1,0,255,0,0,1,839.971,6205.944,1814340,1814668,0,1711048,1711048,0,12964
"a0987_yvjwwy.raw",1,12,243,0,0,1,1044.536,6194.711,1814328,1814668,0,1711048,1711048,0,12964
"a0988_nnmdgy.raw",1,0,255,0,0,1,944.862,6204.399,1814340,1814672,0,1711048,1711048,0,12964
"a0989_uk4obq.raw",1,0,255,0,0,1,837.793,6203.647,1814344,1814672,0,1711048,1711048,0,12964
"a0990_begep6.raw",1,30,225,0,0,1,850.169,6199.041,1814332,1814672,0,1711048,1711048,0,12964
"a0991_h9jlfy.raw",1,0,255,0,0,1,838.034,6206.101,1814344,1814672,0,1711048,1711048,0,12964
"a0992_pkredq.raw",1,0,255,0,0,1,932.979,6194.750,1814340,1814672,0,1711048,1711048,0,12964
"a0993_hco1q2.raw",1,0,255,0,0,1,951.620,6195.004,1814344,1814672,0,1711048,1711048,0,12964
"a0994_bdkrnc.raw",1,0,255,0,0,1,1052.043,6199.722,1814344,1814676,0,1711048,1711048,0,12964
"a0995_nyipoo.raw",1,4,251,0,0,1,846.277,6196.159,1814348,1814696,0,1711048,1711048,0,12964
"a0996_rfgrox.raw",1,1,254,0,0,1,842.263,6196.954,1814348,1814888,0,1711048,1711048,0,12964
"a0997_zo21tb.raw",1,0,255,0,0,1,743.555,6199.912,1814560,1815100,0,1711048,1711048,0,12964
"a0998_qcaubk.raw",1,0,255,0,0,1,738.436,6196.489,1814772,1815120,0,1711048,1711048,0,12964
"a0999_datefo.raw",1,0,255,0,0,1,744.083,6198.968,1814972,1815312,0,1711048,1711048,0,12964
"a1000_xlkjpv.raw",1,0,255,0,0,1,845.931,6199.259,1815192,1815524,0,1711048,1711048,0,12964
"a1001_b5sgfg.raw",1,1,254,0,0,1,838.559,6196.786,1815404,1815756,0,1711048,1711048,0,12964
"a1002_lghd3i.raw",1,0,255,0,0,1,852.063,6196.882,1815632,1815960,0,1711048,1711048,0,12964
"a1003_dtql8u.raw",1,0,255,0,0,1,1148.658,6200.986,1815844,1816172,0,1711048,1711048,0,12964
"a1004_pjfizq.raw",1,0,255,0,0,1,756.166,6198.735,1816052,1816404,0,1711048,1711048,0,12964
"a1005_ts2gmv.raw",1,0,255,0,0,1,932.862,6198.688,1816268,1816596,0,1711048,1711048,0,12964
"a1006_qspmhh.raw",1,1,254,0,0,1,842.044,6207.429,1816480,1816808,0,1711048,1711048,0,12964
"a1007_wyhoel.raw",1,1,254,0,0,1,727.288,6213.124,1816480,1817040,0,1711048,1711048,0,12964
"a1008_vewmzh.raw",1,0,255,0,0,1,730.558,6209.488,1816692,1817232,0,1711048,1711048,0,12964

# total=2000 sucesso=1844 erros=156 empates=3
# rotuladas_com_sucesso=1844 acertos=1818
# accuracy_pct=98.590
# inference_avg_ms=6202.161 inference_min_ms=6190.350 inference_max_ms=6231.733
# download_avg_ms=880.186
# heap_min_free_bytes=1780920 psram_min_free_bytes=1710944 psram_total_bytes=4194304
