name_image,ok,class_0_raw,class_1_raw,result,label,right,download_ms,inference_ms,heap_before,heap_after,heap_used,psram_before,psram_after,psram_used,stack_min_free_bytes,preprocess_ms,invoke_ms,arena_reserved_bytes,arena_used_bytes,input_sha256,recovery_attempts,recovery_skipped
"A0001_pngxcr.raw",1,255,0,1,1,1,805.921,1781.597,3201104,3201124,0,3105496,3105496,0,29396,11.650,1769.947,1048576,312380,d389ac8d9b94f8adcf5844ac8d433e874de62790e775cd556c1e597c08e90d6e,1,0
"A0002_og7hdg.raw",1,255,0,1,1,1,751.759,1782.786,3201124,3201124,0,3105496,3105496,0,29396,11.653,1771.133,1048576,312380,78ae13411520084e16b94c37622364d6f1a8ced82c64697aebdedfb002a3cb01,1,0
"A0003_s1ihic.raw",1,255,0,1,1,1,708.944,1784.106,3201096,3201124,0,3105496,3105496,0,29396,11.631,1772.475,1048576,312380,9b11512c9b927452a99c4be0f56d102920ec17f43ff304461d3ffc9621e9a23d,1,0
"A0004_tvdtsw.raw",1,255,0,1,1,1,745.720,1781.168,3201124,3201124,0,3105496,3105496,0,29396,11.556,1769.612,1048576,312380,c9153ea9710889154434ddd66765e584a93cdc1ed22a46b1caaa24e4c4c0fbec,1,0
"A0005_lkbtef.raw",1,255,0,1,1,1,730.183,1781.196,3201104,3201124,0,3105496,3105496,0,29396,11.789,1769.407,1048576,312380,b4885440403eee59bd163f3a0dd4445715f6df172840017520993684f91817ba,1,0
"A0006_xtno5a.raw",1,255,0,1,1,1,725.558,1780.930,3201104,3201124,0,3105496,3105496,0,29396,11.771,1769.159,1048576,312380,1d05bdd31521ac31c7a8061b9a4430851ca877dd6471d1d8d15e7bab4d40b35f,1,0
"A0007_fbqrt3.raw",1,255,0,1,1,1,724.476,1779.911,3201104,3201124,0,3105496,3105496,0,29396,11.750,1768.161,1048576,312380,899fcc43048db13f8e038812f3cb3d2e240605af5cabbbd2db6b49f1cbf2d3d0,1,0
"A0008_gntaey.raw",1,255,0,1,1,1,581.770,1782.798,3201104,3201124,0,3105496,3105496,0,29348,11.956,1770.842,1048576,312380,1acd58876768f7b4cfe0e0ea07e76636a9dc53aa3e6c93f1a1a998f009bd69cb,1,0
"A0009_jwliki.raw",1,255,0,1,1,1,658.744,1780.332,3201104,3201124,0,3105496,3105496,0,29348,11.612,1768.720,1048576,312380,22a4680f5a676fbd94c650c4c85228eda0b9666b17a08772ae5ac49ede6a1213,1,0
"A0010_luzdk8.raw",1,255,0,1,1,1,727.305,1782.340,3201104,3201124,0,3105496,3105496,0,29348,11.669,1770.671,1048576,312380,bdd1b52c0678b713e0d43afb5cbe04b2a5fc76a8637aeaf9e87adf4e7a85d623,1,0
"A0011_y9xxcq.raw",1,255,0,1,1,1,725.457,1781.839,3201104,3201124,0,3105496,3105496,0,29348,11.756,1770.083,1048576,312380,808c2bb167e70b615b46b5f62e0a57b39c1b4e5a0fb1f827138a10e91faac814,1,0
"A0012_loynpr.raw",1,255,0,1,1,1,720.953,1782.229,3201104,3201124,0,3105496,3105496,0,29348,11.725,1770.504,1048576,312380,58bc44b74b06c67b8b166914bfb4475e39027dd9f8e1ebb7b7734d1262fc386e,1,0
"A0013_lyk7g7.raw",1,255,0,1,1,1,732.528,1780.676,3201104,3201124,0,3105496,3105496,0,29348,11.748,1768.928,1048576,312380,cf9214683ec8e43d3f6c802f2b8b79b9f044b6b2c6a4299ca68a49b1fa69d287,1,0
"A0014_xebhqb.raw",1,255,0,1,1,1,769.517,1779.219,3201104,3201108,0,3105496,3105496,0,29348,11.649,1767.570,1048576,312380,681b00b7ff831173654604418af4b68eb0aba43619613f7ec58f0c31249e0178,1,0
"A0015_mmk45e.raw",1,255,0,1,1,1,735.421,1782.927,3201104,3201124,0,3105496,3105496,0,29348,11.664,1771.263,1048576,312380,8eb8b02959902549b42801854007ee96b49056b11dde3373676d92eabe504a1d,1,0
"A0016_ux9mpm.raw",1,255,0,1,1,1,603.798,1782.212,3201104,3201124,0,3105496,3105496,0,29348,11.581,1770.631,1048576,312380,10a6818faf9fcda6079a1ecdbc3fd84dfaa46f5f4b83c363d180e3198c80de4b,1,0
"A0017_wjyxc2.raw",1,255,0,1,1,1,761.668,1782.585,3201104,3201124,0,3105496,3105496,0,29348,11.659,1770.926,1048576,312380,1945b81a2a527ddfa010463add571831ac315e11cc1e0d302a8f182b8dc9f717,1,0
"A0018_a4n97h.raw",1,255,0,1,1,1,670.796,1778.537,3201104,3201124,0,3105496,3105496,0,29348,11.636,1766.901,1048576,312380,418d525a1d38fcf7301714397d74b6386315255019af8a6029e4114cf3a0c799,1,0
"A0019_z88xx1.raw",1,255,0,1,1,1,729.741,1781.598,3201104,3201124,0,3105496,3105496,0,29348,11.677,1769.921,1048576,312380,4092896894ef03fadaa8b0a3cdffc5d9ad051c5094b4dad0cf5dd95b8fd577bd,1,0
"A0020_aej2s3.raw",1,255,0,1,1,1,955.926,1783.679,3200972,3200992,0,3105496,3105496,0,29348,11.554,1772.125,1048576,312380,b8f67300a23cf9b604d517502e283764cff23d7d3b388694ff4a66c92479faaa,1,0
"A0021_ip7hjm.raw",1,255,0,1,1,1,699.834,1781.076,3196876,3196896,0,3101400,3101400,0,29348,11.600,1769.476,1048576,312380,5778b906c335736598537fa24dcd8ae5c9f6a14603c8438954c54d68ee2ecfc0,1,0
"A0022_nrgqxv.raw",1,255,0,1,1,1,787.435,1785.180,3196876,3196896,0,3101400,3101400,0,29348,11.579,1773.601,1048576,312380,36f633a14dc86aea0ec59e6ecd4f45e7f261158d8a6d6c24fcc56d7d0bdefc4a,1,0
"A0023_fitx0c.raw",1,255,0,1,1,1,2471.561,1785.181,3196876,3196896,0,3101400,3101400,0,29252,11.638,1773.543,1048576,312380,d8027dc5a4204a57f91f6e574f0b166a03fd667f04611065e9fe4f004b339fc8,1,0
"A0024_uipfcl.raw",1,255,0,1,1,1,793.488,1781.215,3196876,3196896,0,3101400,3101400,0,29252,11.663,1769.552,1048576,312380,3fbe565316b1543309f2e48540cc82c8ce3ee5ab53ed6727fe29b3d8a58642dd,1,0
"A0025_fcgk86.raw",1,255,0,1,1,1,752.140,1782.933,3196896,3196896,0,3101400,3101400,0,29252,11.636,1771.297,1048576,312380,54c8bf227b68169f41abd455ba20b253a4fcbb2d0349278f030f6bc4eae03f5d,1,0
"A0026_k4j7ld.raw",1,255,0,1,1,1,674.814,1782.575,3196876,3196896,0,3101400,3101400,0,29252,11.668,1770.907,1048576,312380,8c207ab010b56337c7de28c60afd9eef781e4ee787356e4b5f84aca4ec901eb7,1,0
"A0027_h7xugf.raw",1,255,0,1,1,1,1168.471,1780.705,3196876,3196896,0,3101400,3101400,0,29252,11.640,1769.065,1048576,312380,06c3c56491e2f0a92bbbd132c14f8138a1257cfc202466d150419285757047bd,1,0
"A0028_pzbugc.raw",1,255,0,1,1,1,694.818,1780.266,3196876,3196896,0,3101400,3101400,0,29252,11.666,1768.600,1048576,312380,244231812a60f5db81735876ceb7a0da58dc2199157917138a67630d503818da,1,0
"A0029_dgl8ty.raw",1,255,0,1,1,1,737.953,1781.811,3196896,3196896,0,3101400,3101400,0,29252,11.664,1770.147,1048576,312380,02a1f8f8360931572e003ee24caabb25baf18ab58fac728b22f092cb9a651a6e,1,0
"A0030_iabo50.raw",1,255,0,1,1,1,926.560,1779.633,3196876,3196896,0,3101400,3101400,0,29252,11.682,1767.951,1048576,312380,1f21c2b45b31e3f610359c5b104ec39ba5124801ed3d5641ee16453f61319c64,1,0
"A0031_y1oyri.raw",1,255,0,1,1,1,760.707,1782.479,3196876,3196896,0,3101400,3101400,0,29252,11.687,1770.792,1048576,312380,4a9115755eb95bb252d7495ec1d4ce2c16cba36e3c39142bd239b32888ca70d6,1,0
"A0032_z8so1m.raw",1,255,0,1,1,1,1242.572,1781.526,3196896,3196896,0,3101400,3101400,0,29252,11.669,1769.857,1048576,312380,61045c25b1b61345920da569123926b316dc9c25e8854ccf9f790f785e9b18f1,1,0
"A0033_gftspe.raw",1,255,0,1,1,1,714.026,1781.611,3196876,3196896,0,3101400,3101400,0,29252,11.635,1769.976,1048576,312380,846122d9b3032855f70bfe6f5d19b88871375331a4a354f77a353c5fde3e67c9,1,0
"A0034_s2ywtc.raw",1,255,0,1,1,1,716.959,1782.054,3196876,3196896,0,3101400,3101400,0,29252,11.646,1770.408,1048576,312380,980b3452664e2b439b48be6ddb3fd1fa368a193c16872ed89a1b4b167b8b1650,1,0
"A0035_injh7h.raw",1,255,0,1,1,1,968.742,1782.879,3196876,3196896,0,3101400,3101400,0,29252,11.793,1771.086,1048576,312380,5b62af628aeb8f5e6b5343c0773f0a5f3e7d33553b8243e1353517df7cd8e7fc,1,0
"A0036_ovpnp5.raw",1,255,0,1,1,1,895.140,1780.674,3196876,3196896,0,3101400,3101400,0,29252,11.659,1769.015,1048576,312380,16e67a7353dae6e79f890e425850455133744587c6b75a65d7761059016b083d,1,0
"A0037_bp2gqm.raw",1,255,0,1,1,1,724.771,1780.778,3196876,3196896,0,3101400,3101400,0,29252,11.740,1769.038,1048576,312380,ac82d74300cafb68d790a31f58befb529916e337c5b53fb2c20d9ce587a558ba,1,0
"A0038_k8stxs.raw",1,255,0,1,1,1,756.839,1779.608,3196896,3196896,0,3101400,3101400,0,29252,11.659,1767.949,1048576,312380,eb58d18eb4096f2f62598f04b8f35da7f061ea50d3718c42eed869e3f17c688b,1,0
"A0039_wtctsw.raw",1,255,0,1,1,1,1015.402,1782.231,3196876,3196896,0,3101400,3101400,0,29252,11.620,1770.611,1048576,312380,b644eb3a29c1b23275548daf7d8074396fba6ce56738ed52b12a54bfc15cd545,1,0
"A0040_d0jwlk.raw",1,255,0,1,1,1,1045.229,1781.912,3196876,3196896,0,3101400,3101400,0,29252,11.646,1770.266,1048576,312380,1e09de5c61ffab96daa04f0d4a49ac75672be057659b397d2a5233edaa651d8f,1,0
"A0041_b4hu6s.raw",1,255,0,1,1,1,659.583,1784.381,3196876,3196896,0,3101400,3101400,0,29252,11.723,1772.658,1048576,312380,1721b7718d4512e9b5c4095d5b1b940ef7015e18b382e562a33f1cdd030a0ae2,1,0
"A0042_y7f56p.raw",1,255,0,1,1,1,667.489,1782.417,3196876,3196896,0,3101400,3101400,0,29252,11.679,1770.738,1048576,312380,a3fab439ff0a2b50e23034805ed194b46f89961cc02eaa93dcb3860b94a79a07,1,0
"A0043_ass1ml.raw",1,255,0,1,1,1,681.375,1781.494,3188684,3188704,0,3093208,3093208,0,29252,11.710,1769.784,1048576,312380,de3e066eb5a804ea5b3ec0e1af6453147ba97f478997220223af79a67f09cb68,1,0
"A0044_ljaciu.raw",1,255,0,1,1,1,711.001,1784.405,3188684,3188724,0,3093208,3093208,0,29252,11.678,1772.727,1048576,312380,1dcc97ef35420c2c4f6e3c723e0f1107de1fe5ace9511ba3e35912522d793a73,1,0
"A0045_pwe0bx.raw",1,255,0,1,1,1,590.014,1781.049,3188704,3188724,0,3093208,3093208,0,29252,11.577,1769.472,1048576,312380,3e9589577a3890b53c335c52fff654deb32e92a224832a9071702a764988872e,1,0
"A0046_pu9lzg.raw",1,255,0,1,1,1,585.598,1779.806,3188704,3188724,0,3093208,3093208,0,29252,11.726,1768.080,1048576,312380,b9f193a0a93cf216ccaf56d6887c1a170dbdbc46d70c816f6f21effb43b6bf20,1,0
"A0047_hia2gg.raw",1,255,0,1,1,1,785.325,1780.350,3188704,3188724,0,3093208,3093208,0,29252,11.638,1768.712,1048576,312380,adf54c2a5ce30b90bf7a930cb115343bd2d4cee36140bf0f8760028df6d7d96e,1,0
"A0048_e7drlt.raw",1,255,0,1,1,1,713.527,1781.590,3188704,3188724,0,3093208,3093208,0,29252,11.663,1769.927,1048576,312380,948f9642a6fa2aa0dd127916616238226f7a8422a602a8db0a5e0e3d114ef844,1,0
"A0049_z6tiwc.raw",1,255,0,1,1,1,731.847,1779.069,3188704,3188724,0,3093208,3093208,0,29252,11.678,1767.391,1048576,312380,7c15ec5e62f4992f12e4a258cbe37dc0e9e84641723eae1e17be7a75ab16ff3c,1,0
"A0050_bhp1zt.raw",1,255,0,1,1,1,741.294,1781.399,3188724,3188724,0,3093208,3093208,0,29252,11.655,1769.744,1048576,312380,d8131609b9c593fa45102e197b2e03fe0ca784a5cc9e9e25028ce8c3c5587a3a,1,0
"A0051_hrjzui.raw",1,255,0,1,1,1,705.274,1782.298,3188704,3188724,0,3093208,3093208,0,29252,11.675,1770.623,1048576,312380,e66e62278fac8d670942e21000982e34a2364a6ebfe9b2ca07dbf3edbde955fb,1,0
"A0052_nn7lwr.raw",1,255,0,1,1,1,751.454,1781.469,3188724,3188724,0,3093208,3093208,0,29252,11.601,1769.868,1048576,312380,9398deafb1bcf6a2479506a10275b1680b198f73dae7994bd7f997d0ef1b5c69,1,0
"A0053_fyyelc.raw",1,255,0,1,1,1,705.675,1782.429,3188704,3188724,0,3093208,3093208,0,29252,11.641,1770.788,1048576,312380,cd52b68129fadad33a925074e9fdf9e8ed7997c6c83338758d786613f914d9be,1,0
"A0054_n4fxj6.raw",1,255,0,1,1,1,733.747,1781.103,3188724,3188724,0,3093208,3093208,0,29252,11.761,1769.342,1048576,312380,ff73455952403ef432c399c3b91c66e5193606d382509bf18ea8227cf8a0bded,1,0
"A0055_ewya0t.raw",1,255,0,1,1,1,950.777,1779.186,3188704,3188724,0,3093208,3093208,0,29252,11.656,1767.530,1048576,312380,5e2e8f5d9abd24680942a674f9d9332a758686e551e832e2b7936c35aa0cbc7a,1,0
"A0056_a0acwa.raw",1,255,0,1,1,1,675.917,1783.112,3188704,3188724,0,3093208,3093208,0,29252,11.936,1771.176,1048576,312380,a186099cba96eae2a738b191c4e2ffd748cb0ec1bf185850223c4982b262de05,1,0
"A0057_yusm7j.raw",1,255,0,1,1,1,800.161,1781.528,3188704,3188724,0,3093208,3093208,0,29252,11.627,1769.901,1048576,312380,ac171377f077976d826fbd9f0aefb425e6949abc51be1cbfbeaddbf1184601fb,1,0
"A0058_xkdviy.raw",1,255,0,1,1,1,645.569,1784.125,3188704,3188724,0,3093208,3093208,0,29252,11.652,1772.473,1048576,312380,e21b3c0c7a6418ef3ff6d1f57c2ae5a68f3e1b00ba61b798dfc1f174021799d0,1,0
"A0059_p22lmg.raw",1,255,0,1,1,1,684.034,1781.670,3188704,3188724,0,3093208,3093208,0,29252,11.554,1770.116,1048576,312380,8e3c1589ab63e705ff07b2407a5bf184412942b38cf2ac69487eabb4dad6142a,1,0
"A0060_dancqa.raw",1,255,0,1,1,1,739.424,1781.826,3188724,3188724,0,3093208,3093208,0,29252,11.554,1770.272,1048576,312380,ca6243f15ede5d1588fe46e8868a5b9e83115fba78efc480709d54008313d7a0,1,0
"A0061_jnzho0.raw",1,255,0,1,1,1,733.656,1779.555,3188724,3188724,0,3093208,3093208,0,29252,11.621,1767.934,1048576,312380,9a17a982edfdfe0053cb1682bd6782be279b27c71de5984e7db77728fb19b016,1,0
"A0062_wslntj.raw",1,255,0,1,1,1,706.724,1781.406,3188704,3188724,0,3093208,3093208,0,29252,11.737,1769.669,1048576,312380,80506903535f3529e47c5ce6035b3c935408f093966c96a91b106c9d4165be8d,1,0
"A0063_fw20ng.raw",1,255,0,1,1,1,669.498,1781.983,3188704,3188724,0,3093208,3093208,0,29252,11.725,1770.258,1048576,312380,96e82f02d1a00152e4514e8e3c94700c877ac489335dbefad9389890777801af,1,0
"A0064_u235d3.raw",1,255,0,1,1,1,694.530,1778.929,3188704,3188724,0,3093208,3093208,0,29252,11.640,1767.289,1048576,312380,0b777ff3cad2fa76760523e60ec927c0cfebd9ca626704bc6f1b178f5a57b3fd,1,0
"A0065_k5sww8.raw",1,255,0,1,1,1,744.293,1782.741,3188724,3188724,0,3093208,3093208,0,29252,11.585,1771.156,1048576,312380,2dabf9059ed784ae2e03b6dd09b342645846ea527dc78df75f024dc66c543f41,1,0
"A0066_eblayi.raw",1,255,0,1,1,1,684.064,1779.837,3188704,3188724,0,3093208,3093208,0,29252,11.664,1768.173,1048576,312380,b00ac8c03eb9e7bbb19e59d2c8e28d4b67b883e7227ce08887d45960fd78a6f3,1,0
"A0067_qvzekt.raw",1,255,0,1,1,1,1080.810,1782.297,3188704,3188724,0,3093208,3093208,0,29252,11.576,1770.721,1048576,312380,f3ffad2e511bf7f09419bb3c9f4cb967fb049981b424257ae5f13ef82d0def71,1,0
"A0068_jnyp3t.raw",1,255,0,1,1,1,681.631,1780.470,3188704,3188724,0,3093208,3093208,0,29252,11.664,1768.806,1048576,312380,bc620e5289d8d2eec6aefb3c8f60bb426dda47c821e91acaa7e4e38fbd44e03d,1,0
"A0069_el3q49.raw",1,255,0,1,1,1,747.735,1776.698,3188724,3188724,0,3093208,3093208,0,29252,11.679,1765.019,1048576,312380,30abd3b76ec6c3dc079656e92bdc48b69f017d536c51efc520201aa8e850b529,1,0
"A0070_e7a48y.raw",1,255,0,1,1,1,722.198,1781.819,3188704,3188708,0,3093208,3093208,0,29252,11.695,1770.124,1048576,312380,5c29b2ec135d6c5ad55b1edbd4688678ebebd3e2025810fb344816cd5b24940f,1,0
"A0071_rabdpq.raw",1,255,0,1,1,1,760.878,1782.311,3188724,3188724,0,3093208,3093208,0,29252,11.642,1770.669,1048576,312380,d613d08ca4e19e726a624ef2c66c1f6188971468b1c37d8f4b0f423813714b68,1,0
"A0072_jzmgzt.raw",1,255,0,1,1,1,680.874,1781.194,3188704,3188724,0,3093208,3093208,0,29252,11.712,1769.482,1048576,312380,33661de8aa2df1d01b3ca7e2330573c8c4bf0c2ef907ff1e22f00f3730eaffb3,1,0
"A0073_aaom1j.raw",1,255,0,1,1,1,943.497,1781.839,3188704,3188724,0,3093208,3093208,0,29252,11.665,1770.174,1048576,312380,699bf1443dc0f2166f93c5155386897080ac505d6456d856948c85f119ea04e3,1,0
"A0074_z2njia.raw",1,255,0,1,1,1,725.666,1779.226,3188704,3188724,0,3093208,3093208,0,29252,11.764,1767.462,1048576,312380,126a2948729b5ba7cf4c3529ab53b12cf9ae500d1ae7812a294fa0241f3333c1,1,0
"A0075_thixnn.raw",1,255,0,1,1,1,722.365,1780.763,3188704,3188724,0,3093208,3093208,0,29252,11.661,1769.102,1048576,312380,958d12140bce93f7087d48fd6cbe70e2a9c7f29dd5eecdf4921a72feacda4e56,1,0
"A0076_uepirg.raw",1,255,0,1,1,1,750.452,1781.039,3188724,3188724,0,3093208,3093208,0,29252,11.657,1769.382,1048576,312380,162982eaa94857c4fb6137e3120d5bcb82df91dbe6254975bd09ba2de0e434b5,1,0
"A0077_yzpefp.raw",1,255,0,1,1,1,709.201,1781.227,3188704,3188724,0,3093208,3093208,0,29252,11.676,1769.551,1048576,312380,eb44d58f6e958fa746535ee95ac924197c0dd2aa9cb9188addd13481276ce19d,1,0
"A0078_j4xkdw.raw",1,255,0,1,1,1,875.606,1781.156,3188704,3188724,0,3093208,3093208,0,29252,11.637,1769.519,1048576,312380,0f1e57851aaceb6c8722cda7f78c110e94f1d3014e498ce3f677721d141d37c2,1,0
"A0079_fpq2a0.raw",1,255,0,1,1,1,1119.383,1788.014,3188704,3188724,0,3093208,3093208,0,29252,11.621,1776.393,1048576,312380,dbe0c26b8e514a8f2379c483f6b5d0221efa84bfa03b7440eb4911d5e6986cb4,1,0
"A0080_ty7pql.raw",1,255,0,1,1,1,729.676,1784.289,3188704,3188724,0,3093208,3093208,0,29252,11.732,1772.557,1048576,312380,2e404afe3b3dffa1ce477071895526f9a47a6ebb22e09efbc4271b4457ac27aa,1,0
"A0081_lay34z.raw",1,255,0,1,1,1,726.677,1780.575,3188704,3188724,0,3093208,3093208,0,29252,11.794,1768.781,1048576,312380,e2a5f60a9e63b0ae27ee8a1b6339c05905be1dbcd067e04a1c6c8239c1aab99a,1,0
"A0082_mrkhe4.raw",1,255,0,1,1,1,1030.404,1781.127,3188704,3188724,0,3093208,3093208,0,29252,11.613,1769.514,1048576,312380,b98cc0e9149ab150ffe744152560b0a374491fa28945fe21681dbe7bdb0f72ed,1,0
"A0083_dni2q2.raw",1,255,0,1,1,1,694.691,1781.294,3188704,3188724,0,3093208,3093208,0,29252,11.658,1769.636,1048576,312380,37aacf6fed1260869a1d0dad4287ca25eea0b29652bc21baec36e9134193a3b8,1,0
"A0084_alnglc.raw",1,255,0,1,1,1,777.817,1782.395,3188704,3188724,0,3093208,3093208,0,29252,11.634,1770.761,1048576,312380,9b292d11ffb544176e2d0980aa85a48dec4755556c01156553d4f89ffba2f7eb,1,0
"A0085_oateqz.raw",1,255,0,1,1,1,886.337,1781.965,3172320,3172340,0,3076824,3076824,0,29252,11.667,1770.298,1048576,312380,f4899ca45e53ef6a9487451cde71a5add148fecf5497fb0e425a1134234f76f7,1,0
"A0086_pahizi.raw",1,255,0,1,1,1,1048.948,1781.789,3172320,3172340,0,3076824,3076824,0,29252,11.643,1770.146,1048576,312380,74fbee029a4085199c013aa565cfaa5939cb8988ad0b16ea91cf8d48fc2d9561,1,0
"A0087_yukxlc.raw",1,255,0,1,1,1,944.687,1780.615,3172320,3172340,0,3076824,3076824,0,29252,11.608,1769.007,1048576,312380,035e18156c25e4f9591d5a4cad971c9600406477e03d566cb6bb96072a4f464b,1,0
"A0088_pdgosv.raw",1,255,0,1,1,1,945.329,1781.108,3172320,3172340,0,3076824,3076824,0,29252,11.599,1769.509,1048576,312380,01b9da6ff344c13a83bf48bd9ae81992dd70cda1d597262508edc8b713e59200,1,0
"A0089_eds2md.raw",1,255,0,1,1,1,727.354,1781.171,3172320,3172340,0,3076824,3076824,0,29252,11.785,1769.386,1048576,312380,d4cb33aee694e63da2f32d5a45365509e05ea257c3f65f87f06246a1b6c50924,1,0
"A0090_szdiau.raw",1,255,0,1,1,1,727.942,1783.351,3172320,3172340,0,3076824,3076824,0,29252,11.763,1771.588,1048576,312380,a49a2a94aca0afec972897a6689b6a26fb5a814155b20992f3617f306bbad97a,1,0
"A0091_x0ti6u.raw",1,255,0,1,1,1,697.745,1780.924,3172320,3172340,0,3076824,3076824,0,29252,11.695,1769.229,1048576,312380,b9d68048b38080acac78560960c0575d33b3da646b27963e975194ebcb88e9b2,1,0
"A0092_u4sqxd.raw",1,255,0,1,1,1,982.504,1780.719,3172340,3172340,0,3076824,3076824,0,29252,11.674,1769.045,1048576,312380,8b603157c8b340443aa0569134fc27b88e2c818bc01d7d6355149836facb27ac,1,0
"A0093_at2jv8.raw",1,255,0,1,1,1,985.414,1780.322,3172320,3172340,0,3076824,3076824,0,29252,11.624,1768.698,1048576,312380,b102ee8a6eb7f085e4e5c9ffa09f0988ae4f588508d83b279f02a5e4c68b8f81,1,0
"A0094_zfb8nu.raw",1,255,0,1,1,1,777.363,1783.002,3172320,3172340,0,3076824,3076824,0,29252,11.562,1771.440,1048576,312380,d24b042157ac248690638ab2b7c90a0ce6b73de14e1a6427707da26f56dfda30,1,0
"A0095_jkkj9n.raw",1,255,0,1,1,1,890.629,1781.992,3172320,3172340,0,3076824,3076824,0,29252,11.651,1770.341,1048576,312380,b0fa33bbcbe53f53f098cca5255b15164f9de4bd4f9f6b25b1bd8fc3b3a32cf7,1,0
"A0096_lxnofi.raw",1,255,0,1,1,1,723.496,1782.134,3172320,3172340,0,3076824,3076824,0,29252,11.561,1770.573,1048576,312380,393941566994fbb615a6b3001875902564ea46263c2b193a20f1be895ba6f388,1,0
"A0097_ntrg1i.raw",1,255,0,1,1,1,660.270,1782.561,3172320,3172340,0,3076824,3076824,0,29252,11.654,1770.907,1048576,312380,dfe3b7520960ff038d81b865dafcc263547fcd550824c47f92aa67c008c4f06a,1,0
"A0098_rt7au4.raw",1,255,0,1,1,1,698.735,1780.464,3172320,3172340,0,3076824,3076824,0,29252,11.668,1768.796,1048576,312380,a71fcf7e96dd8615a68d9a02cbfc2f2f994f6e7bab16d2059ebac000f463a818,1,0
"A0099_wwf9mo.raw",1,255,0,1,1,1,733.345,1780.671,3172320,3172340,0,3076824,3076824,0,29252,11.741,1768.930,1048576,312380,084e80522651887a3ce74daaa2fb24553098a3788665eb0ea3fa9295415582a5,1,0
"A0100_oi2b8q.raw",1,255,0,1,1,1,722.335,1779.040,3172320,3172340,0,3076824,3076824,0,29252,11.756,1767.284,1048576,312380,66e5763cc9827f81c2228ba1b86b2e3bb00c9329fc409daf57e185360dffab99,1,0
"A0101_auofjv.raw",1,255,0,1,1,1,720.644,1779.337,3172320,3172360,0,3076824,3076824,0,29252,11.765,1767.572,1048576,312380,a5c52d80de5ff9a7b09758fe56b80daf0bd86c5e284935fab612b33157be2560,1,0
"A0102_idx02p.raw",1,255,0,1,1,1,739.530,1781.039,3172320,3172340,0,3076824,3076824,0,29252,11.811,1769.228,1048576,312380,96d528238e42754254ad9aa247ca43c76cd72fcbf819a6b7bf634235104511aa,1,0
"A0103_t0glqy.raw",1,255,0,1,1,1,751.663,1780.834,3172340,3172340,0,3076824,3076824,0,29252,11.572,1769.262,1048576,312380,a3877cdc39a07a27bce6a324f5ff0de945836be9115d5a9b09ace00f49cb39a6,1,0
"A0104_j7srio.raw",1,255,0,1,1,1,733.528,1779.548,3172320,3172340,0,3076824,3076824,0,29252,11.702,1767.846,1048576,312380,1159e4237e47f9056bf304618fdd87aa6e03465c5f17a511294f2b63c86ed4f6,1,0
"A0105_fzuugw.raw",1,255,0,1,1,1,1009.243,1779.397,3172320,3172340,0,3076824,3076824,0,29252,11.601,1767.796,1048576,312380,3a50d1c0db8738e90322d3035911b7a2ce3c9ade0688d259713519122203f00c,1,0
"A0106_qphfdn.raw",1,255,0,1,1,1,719.078,1779.530,3172320,3172340,0,3076824,3076824,0,29252,11.722,1767.808,1048576,312380,505e620959aec8e220653c44a295aeb01250fd54d25d1a6a6f25233adc87dbbc,1,0
"A0107_wadfu2.raw",1,255,0,1,1,1,595.233,1782.368,3172304,3172340,0,3076824,3076824,0,29252,12.474,1769.894,1048576,312380,0f3eb7c6e277d1bdd4c6f6866ac8a9e86202634156290005f9c6a8a8a8440219,1,0
"A0108_jkpzov.raw",1,255,0,1,1,1,739.937,1780.709,3172472,3172472,0,3076824,3076824,0,29252,11.630,1769.079,1048576,312380,26e96fbcf6e121729146c79c912e871a0191ffab5ed4b89ebeb1907d8586e398,1,0
"A0109_chn51b.raw",1,255,0,1,1,1,722.143,1779.077,3172452,3172472,0,3076824,3076824,0,29252,11.612,1767.465,1048576,312380,da3652206040f19de7172920e465694695ad168f9281b8b80ca1091d7b6d6767,1,0
"A0110_uxtbiv.raw",1,255,0,1,1,1,947.457,1781.135,3172444,3172472,0,3076824,3076824,0,29252,11.670,1769.465,1048576,312380,3a4f81d05ce67578432ef1809d27747494f1a9623ec825167010ed439b3fcc7c,1,0
"A0111_u7etpv.raw",1,255,0,1,1,1,767.895,1781.184,3172452,3172472,0,3076824,3076824,0,29252,11.619,1769.565,1048576,312380,9f2dcbfe8b8c37e6c3474db1a68142448b20b08218ee47b10390e835e3c9e543,1,0
"A0112_conneq.raw",1,255,0,1,1,1,693.784,1779.922,3172444,3172472,0,3076824,3076824,0,29252,11.671,1768.251,1048576,312380,5b56780622d677c51029b43618e76020a6c507b54355b224d85ebbfec08e40f5,1,0
"A0113_axcwln.raw",1,255,0,1,1,1,951.908,1782.401,3172444,3172472,0,3076824,3076824,0,29252,11.670,1770.731,1048576,312380,c2a2e6afc5f19d5c15058d435d6c1260e8c7ba5cf9866abff2390f6575ed28c4,1,0
"A0114_epzka5.raw",1,255,0,1,1,1,644.620,1780.214,3172444,3172472,0,3076824,3076824,0,29252,11.581,1768.633,1048576,312380,63ac532d652510d5091be9eda18607cb6f80aed2177e9b3714ef3c334ced4bf7,1,0
"A0115_uxm5qb.raw",1,255,0,1,1,1,710.827,1777.799,3172444,3172472,0,3076824,3076824,0,29252,11.673,1766.126,1048576,312380,f3c5c57862612c390e815678bfd89909efcaf50629977946243f3c4a8adbab3d,1,0
"A0116_doy9hj.raw",1,255,0,1,1,1,708.259,1780.611,3172444,3172472,0,3076824,3076824,0,29252,11.662,1768.949,1048576,312380,de7afcf1bfda2ade6806eab17f683a06834aadcd8e581a3b138a511044810d63,1,0
"A0117_pu5hmu.raw",1,255,0,1,1,1,729.062,1777.960,3172444,3172472,0,3076824,3076824,0,29252,11.773,1766.187,1048576,312380,e24e5002f3ddd80a3ae3f69c1ad3a7c6f162713ba7c4bcfbbbb0eabea2314430,1,0
"A0118_a7dv0n.raw",1,255,0,1,1,1,1078.805,1778.826,3172444,3172472,0,3076824,3076824,0,29252,11.660,1767.166,1048576,312380,747bb0dc8032352f889034ad4b51afa1fc048aef6cf75457846e0d60ae58b081,1,0
"A0119_oedla2.raw",1,255,0,1,1,1,708.727,1779.895,3172444,3172472,0,3076824,3076824,0,29252,11.598,1768.297,1048576,312380,23b75a8dc0bd58b225352e7460b053a2b4a3283547c48cabfdf30b083769b71e,1,0
"A0120_epjujj.raw",1,255,0,1,1,1,881.870,1782.505,3172444,3172472,0,3076824,3076824,0,29252,12.631,1769.874,1048576,312380,e8949a1b79cc72dcb9feb861e00181e1c714a4729bbe4c58a22e87fb060e7ce9,1,0
"A0121_g3jyy8.raw",1,255,0,1,1,1,693.967,1781.866,3172444,3172472,0,3076824,3076824,0,29252,11.656,1770.210,1048576,312380,091938d937445903f18cd0f8b9f986b0d41a6c35f2cf4f2a4c5ff93a9074779f,1,0
"A0122_pmx2yd.raw",1,255,0,1,1,1,987.764,1778.565,3172360,3172388,0,3076824,3076824,0,29252,11.785,1766.780,1048576,312380,69cbadbcd1fc7199606f3f1f3379eb03cc145b171526874fc930e586e5c4b977,1,0
"A0123_xfgb6h.raw",1,255,0,1,1,1,780.116,1782.050,3172368,3172388,0,3076824,3076824,0,29252,11.762,1770.288,1048576,312380,1f45299bfa01b4826ca73166b492afe91ac45d493c9cc9fa9814fa90839d4859,1,0
"A0124_edx00r.raw",1,255,0,1,1,1,1132.125,1781.596,3172368,3172388,0,3076824,3076824,0,29252,11.662,1769.934,1048576,312380,3abd90dd40c9d0ba62ae86dcd3108b973a51a908966a4b0b98e5196f1f3bc574,1,0
"A0125_nk5v0r.raw",1,255,0,1,1,1,883.487,1780.699,3172368,3172388,0,3076824,3076824,0,29252,11.672,1769.027,1048576,312380,0d40d493df92ab9a485146a11e4650795db73573b7991d943a4bf364c5d0bb77,1,0
"A0126_xrfib4.raw",1,255,0,1,1,1,734.295,1777.459,3172368,3172388,0,3076824,3076824,0,29252,11.723,1765.736,1048576,312380,ebdd4582324e28473eacdd6fc198b66b1e364df02faf2ab13b97e6cea1888edb,1,0
"A0127_yjaolz.raw",1,255,0,1,1,1,2478.773,1779.218,3172368,3172388,0,3076824,3076824,0,29252,11.765,1767.453,1048576,312380,3f108eda467206b3206d049eab24f91a8bfde129f0056b84a009e7e92dd6976f,1,0
"A0128_z5lkxc.raw",1,255,0,1,1,1,766.782,1781.764,3172368,3172388,0,3076824,3076824,0,29252,11.697,1770.067,1048576,312380,244696aeac387f99b9dd4fe1cc0c5d8a600533c373196ecebb355fb55a18ce42,1,0
"A0129_n862po.raw",1,255,0,1,1,1,713.231,1778.544,3172368,3172388,0,3076824,3076824,0,29252,11.573,1766.971,1048576,312380,a164535692e8a131987c7f51f7fbfb6b01508603ccfe369e071f8bfc3239f57b,1,0
"A0130_neigqw.raw",1,255,0,1,1,1,706.044,1779.530,3172368,3172388,0,3076824,3076824,0,29252,11.667,1767.863,1048576,312380,f22b8492c5fc635169d4b7a6b5702521824630837235425ed95dbb7c29a24738,1,0
"A0131_za9qd1.raw",1,255,0,1,1,1,755.387,1779.106,3172368,3172388,0,3076824,3076824,0,29252,11.822,1767.284,1048576,312380,512d4d9a15d370ed51444844709fecd629b7170ef479ab7462ed909e1a13b634,1,0
"A0132_eounyo.raw",1,255,0,1,1,1,722.498,1780.452,3172368,3172388,0,3076824,3076824,0,29252,11.639,1768.813,1048576,312380,a9fbba2fef9f9280f3351851abcf60fc0e9ee58325591a228e17619356989b56,1,0
"A0133_ymmvtg.raw",1,255,0,1,1,1,734.933,1778.826,3172388,3172388,0,3076824,3076824,0,29252,11.651,1767.175,1048576,312380,28dcead306ca05f3e5562a23e2ba1d7d0765cfeb740a4f6258a2c35eda5be7e3,1,0
"A0134_mjqqoe.raw",1,255,0,1,1,1,705.263,1780.712,3172368,3172388,0,3076824,3076824,0,29252,11.562,1769.150,1048576,312380,45df5a64ddc47115d28e856e2ba24fbbc00e9aeeb51defdc764d105434aead3e,1,0
"A0135_enzni9.raw",1,255,0,1,1,1,683.487,1781.360,3172368,3172388,0,3076824,3076824,0,29252,11.699,1769.661,1048576,312380,7fd70b54a078bafb95f64faabb75e6df0b55d75207e3d897c73da115a3d6c08d,1,0
"A0136_ml45ow.raw",1,255,0,1,1,1,781.103,1779.386,3172236,3172256,0,3076824,3076824,0,29252,11.647,1767.739,1048576,312380,9a90c9aa156e6a67ae21798e4ca18b0b23dd2bf5e5183a04e940459511da91b6,1,0
"A0137_qdzoid.raw",1,255,0,1,1,1,738.343,1778.451,3172256,3172256,0,3076824,3076824,0,29252,11.657,1766.794,1048576,312380,5c33ea71b038d294b53a7fe36ce4d5cb970faf447e3505e611427e61f02b30c1,1,0
"A0138_lrkwgg.raw",1,255,0,1,1,1,722.349,1780.552,3172236,3172256,0,3076824,3076824,0,29252,11.666,1768.886,1048576,312380,1a36cd243f2f500e3260abc2826fadfec5ea3cf710d86b0b118e489e10e42524,1,0
"A0139_c7zcva.raw",1,255,0,1,1,1,734.146,1778.861,3172236,3172256,0,3076824,3076824,0,29252,11.656,1767.205,1048576,312380,6f690bac6caae154757483e505171bc233f173fc2a844905f0b4285e27334a2c,1,0
"A0140_hmgnyz.raw",1,255,0,1,1,1,724.970,1780.491,3172236,3172256,0,3076824,3076824,0,29252,11.739,1768.752,1048576,312380,98e664af4d29de351327f03c2f3c56d857c74198d6ad3d39d91fd90b40c9a33b,1,0
"A0141_zb8g2z.raw",1,255,0,1,1,1,724.559,1780.521,3172236,3172256,0,3076824,3076824,0,29252,11.762,1768.759,1048576,312380,4fb03891600b069ba602ef8b94cf1909375082412efcf8e676f3d6ed93e8488e,1,0
"A0142_quqwbe.raw",1,255,0,1,1,1,669.143,1781.470,3172228,3172256,0,3076824,3076824,0,29252,11.552,1769.918,1048576,312380,cd5909fcd96cb512e15bfd030715723c8d14ac8fde9957d0ebe681797b50c59f,1,0
"A0143_scl1ia.raw",1,255,0,1,1,1,574.611,1779.070,3172236,3172256,0,3076824,3076824,0,29252,11.683,1767.387,1048576,312380,bbcec6ea40fc1fb615632e4b45043c9f7ca84ca4f4985a2ac7b693d41f677b6e,1,0
"A0144_seuevk.raw",1,255,0,1,1,1,738.101,1780.492,3172256,3172256,0,3076824,3076824,0,29252,11.586,1768.906,1048576,312380,338a9ace34e297f44efc1da176f78a46c741dc96309c83779b5219c5a5aa8dde,1,0
"A0145_aj799g.raw",1,255,0,1,1,1,764.104,1780.905,3172236,3172256,0,3076824,3076824,0,29252,11.604,1769.301,1048576,312380,42a4fc26567b46892a60ec052d0208bcbdcb4d9181445e03384697998c8cb4be,1,0
"A0146_pdyurx.raw",1,255,0,1,1,1,719.964,1778.996,3172236,3172256,0,3076824,3076824,0,29252,11.800,1767.196,1048576,312380,e9364a804564e92d64277095c9d781a57d6875684783325c5400127d391d0f85,1,0
"A0147_ryewk1.raw",1,255,0,1,1,1,720.130,1780.649,3172236,3172256,0,3076824,3076824,0,29252,11.791,1768.858,1048576,312380,186c8510884c8d7aecf8403764d5e15fb606025938d938fd312e64499f3d7525,1,0
"A0148_ofubry.raw",1,255,0,1,1,1,731.543,1780.369,3172256,3172256,0,3076824,3076824,0,29252,11.610,1768.759,1048576,312380,9a70340960cf642fd3a2b3f15af4b1b198dcf1dfcb7570d300603fae51eaaa79,1,0
"A0149_web0fw.raw",1,255,0,1,1,1,759.432,1780.517,3172256,3172256,0,3076824,3076824,0,29252,11.680,1768.837,1048576,312380,a307e983fb032cfaf224c5107e9f93c6fbf2decbe151db6e5bc4f839d97e170f,1,0
"A0150_wse9nd.raw",1,255,0,1,1,1,713.238,1778.749,3172236,3172256,0,3076824,3076824,0,29252,11.623,1767.126,1048576,312380,96858ca1b9262684abe57f3efb9434d8c09bc55b4016a4c3ca6b2b9510a5b065,1,0
"A0151_d8j5q5.raw",1,255,0,1,1,1,917.144,1780.635,3172236,3172256,0,3076824,3076824,0,29252,11.661,1768.974,1048576,312380,60665ee4e4e7f3c22ad3f9283f36f12de21c5a4844512af87a1afd0bea7f9ca7,1,0
"A0152_pkc90o.raw",1,255,0,1,1,1,942.401,1780.445,3172236,3172256,0,3076824,3076824,0,29252,11.583,1768.862,1048576,312380,2f7eda4365a603301b390a95cbce5771dfc1cdd28f20682f89ad4d55a32c0cbc,1,0
"A0153_ypv0ko.raw",1,255,0,1,1,1,725.460,1779.177,3172236,3172256,0,3076824,3076824,0,29252,11.768,1767.409,1048576,312380,27f61dd47af8b81408a36d3fdf6450a9160024c80653aefaa06aba200c011170,1,0
"A0154_rqnhhr.raw",1,255,0,1,1,1,731.078,1779.187,3172236,3172256,0,3076824,3076824,0,29252,11.806,1767.381,1048576,312380,ca2b7736859f45b0d939188877406799325d0638c73691fb8f525dbef4cafa07,1,0
"A0155_jpj4jd.raw",1,255,0,1,1,1,731.555,1780.511,3172256,3172256,0,3076824,3076824,0,29252,11.649,1768.862,1048576,312380,c0b80b2c244406b5dba5492426e52413bc03fadb62ec013a225ad5c9e524a207,1,0
"A0156_jyhznq.raw",1,255,0,1,1,1,731.083,1780.238,3172236,3172256,0,3076824,3076824,0,29252,11.794,1768.444,1048576,312380,ad01f9fd604fd85ecd35b4c7ab437bdfd39482db67938c12a4ef969fbb183790,1,0
"A0157_wdpbft.raw",1,255,0,1,1,1,929.903,1781.277,3172236,3172256,0,3076824,3076824,0,29252,11.633,1769.644,1048576,312380,f3f18613a6d78b06bc40c650436fe87175e645bfcc9e91c1d03b2ff6da363093,1,0
"A0158_piwgzx.raw",1,255,0,1,1,1,757.688,1782.002,3172256,3172256,0,3076824,3076824,0,29252,11.572,1770.430,1048576,312380,6efc21e3785d95967db25c06d4f469109d113ca1fc485a8171a93d7ce6120525,1,0
"A0159_k0mdgr.raw",1,255,0,1,1,1,700.948,1782.708,3172236,3172256,0,3076824,3076824,0,29252,11.567,1771.141,1048576,312380,397efa60b8e695df59c1e8d4d196c8f56cc3f646b58dfd111890d35c3f807953,1,0
"A0160_h2xppl.raw",1,255,0,1,1,1,739.624,1778.699,3172256,3172256,0,3076824,3076824,0,29252,11.652,1767.047,1048576,312380,a734760833edc92ebb2cfd763ee3712173fc9e52392615ca82f9d9d97b947aef,1,0
"A0161_hu558c.raw",1,255,0,1,1,1,739.295,1784.259,3172256,3172256,0,3076824,3076824,0,29252,11.688,1772.571,1048576,312380,932a03fb59a23dfa11836e2e99c7403610a7ce03b26591acf83caf40d4fe4295,1,0
"A0162_wszbpa.raw",1,255,0,1,1,1,701.385,1781.813,3172236,3172256,0,3076824,3076824,0,29252,11.676,1770.137,1048576,312380,5f32470115e7078e4f07becb8a76697fb9060c203d1f56ae514ac7d64a78a229,1,0
"A0163_qujlmb.raw",1,255,0,1,1,1,727.136,1779.514,3172236,3172256,0,3076824,3076824,0,29252,11.785,1767.729,1048576,312380,1e7d223c5b9f4522e5ca7618ee9032b22b6d9f77bb814a584762c53c42aeb8ff,1,0
"A0164_ufwztd.raw",1,255,0,1,1,1,731.466,1781.433,3172228,3172256,0,3076824,3076824,0,29252,11.763,1769.670,1048576,312380,20a9a80c96d207f4876b7159043d02f32a8bbf521cc3f4ee1ca87b2c6610134b,1,0
"A0165_mlk6uo.raw",1,255,0,1,1,1,720.825,1781.581,3172236,3172256,0,3076824,3076824,0,29252,11.783,1769.798,1048576,312380,018bdc7322b2de870d6e92cc8c748821b016ea4828935eeed7bb3be027ab79fc,1,0
"A0166_btzmek.raw",1,255,0,1,1,1,732.476,1780.525,3172236,3172256,0,3076824,3076824,0,29252,11.804,1768.721,1048576,312380,3507fbd1560bc0bbcdf132d094aff5946cc2a8075129b5941ee05d27e611ff84,1,0
"A0167_lylbhn.raw",1,255,0,1,1,1,708.560,1781.269,3172236,3172256,0,3076824,3076824,0,29252,11.544,1769.725,1048576,312380,e2664c4640313d8ce4fe96a75516fd6f54e82f92b2fba18ce623d751ae87dca8,1,0
"A0168_kkus6d.raw",1,255,0,1,1,1,769.026,1780.302,3172236,3172256,0,3076824,3076824,0,29252,11.710,1768.592,1048576,312380,b978bcd3851093c4d6f2fcc981c1bd6c30ea92253d01cbafd8f06374e8f13f66,1,0
"A0169_ozaahc.raw",1,255,0,1,1,1,748.190,1786.943,3172256,3172256,0,3076824,3076824,0,29252,11.654,1775.289,1048576,312380,65021268a2acd5a5fbcace7203894823cef3195d39e94d0208438052a35536b1,1,0
"A0170_ncl2k4.raw",1,255,0,1,1,1,709.627,1783.021,3172236,3172256,0,3076824,3076824,0,29252,11.576,1771.445,1048576,312380,87664a4e520f7a98c8d02073c0c99cd19021b8430f056ea942224ed872e1242b,1,0
"A0171_gdk0wj.raw",1,255,0,1,1,1,716.762,1776.548,3139468,3139488,0,3044056,3044056,0,29252,11.574,1764.974,1048576,312380,bc9357c586cacc268ebc5c418f8787b84636b34e6af114b2d11eaed61d211ecb,1,0
"A0172_fh9j69.raw",1,255,0,1,1,1,739.355,1781.377,3139488,3139488,0,3044056,3044056,0,29252,11.611,1769.766,1048576,312380,a8e03cc0f9432b30b4ffc7daa351c67123fa53f05b0e7925aa8bc2a2a2edef10,1,0
"A0173_fdiofg.raw",1,255,0,1,1,1,703.717,1781.558,3139468,3139488,0,3044056,3044056,0,29252,11.627,1769.931,1048576,312380,5d2cd6a2f45d55b1e50a3d0245d9e7760776e9515db00ca6aa7910cd6c9f10da,1,0
"A0174_qhr2xh.raw",1,255,0,1,1,1,868.279,1780.000,3139468,3139488,0,3044056,3044056,0,29252,11.601,1768.399,1048576,312380,a76d2a8d571f7c05767895460db0bf3b6a28d46f8fbed94edbf2fe900b2836e9,1,0
"A0175_atyzgx.raw",1,255,0,1,1,1,798.096,1780.954,3139468,3139488,0,3044056,3044056,0,29252,11.604,1769.350,1048576,312380,c41352f80e0d4bbf1692389afb893d327a0427a0b647794841096022b5289d29,1,0
"A0176_t9el8k.raw",1,255,0,1,1,1,746.329,1782.495,3139488,3139488,0,3044056,3044056,0,29252,11.555,1770.940,1048576,312380,197f93c6b8543043e507d301a96252e3756b8085dd487b5e7871f295cb2e5086,1,0
"A0177_zjv7ht.raw",1,255,0,1,1,1,727.359,1786.865,3139468,3139488,0,3044056,3044056,0,29252,11.671,1775.194,1048576,312380,611df8fdb5d8cd746daa4259976fc8c391079b851aa4c7114607fd54ed337cc0,1,0
"A0178_ztki3l.raw",1,255,0,1,1,1,628.618,1783.923,3139468,3139488,0,3044056,3044056,0,29252,11.618,1772.305,1048576,312380,0b0f9c0cbe582ccd914da0a78cf86540a58421c9cbdbfab14e8a477d0abfd8ec,1,0
"A0179_zbcidy.raw",1,255,0,1,1,1,704.610,1784.770,3139468,3139488,0,3044056,3044056,0,29252,11.803,1772.967,1048576,312380,cad21aaf0a0d25811eb1566708801fa49bbbc970c94fd34e58281ab9b53ace96,1,0
"A0180_iydqnn.raw",1,255,0,1,1,1,876.745,1785.049,3139468,3139488,0,3044056,3044056,0,29252,12.912,1772.137,1048576,312380,de446e9b6067c77c53cad3e672035b002586b61b975d0fff920d059484bfeb08,1,0
"A0181_iu3rku.raw",1,255,0,1,1,1,850.651,1782.622,3139468,3139488,0,3044056,3044056,0,29252,11.660,1770.962,1048576,312380,2261e0e665566a22ae402f92bfb387a79027a51cf2e54f918ca0b7f3973da90c,1,0
"A0182_ugicji.raw",1,255,0,1,1,1,761.904,1784.548,3139468,3139488,0,3044056,3044056,0,29252,11.633,1772.915,1048576,312380,9374459142de9f563fd168efe1bb585e1046bb5e8fd01e83fb5870442d577d09,1,0
"A0183_dfukym.raw",1,255,0,1,1,1,570.952,1781.330,3139468,3139488,0,3044056,3044056,0,29252,11.703,1769.627,1048576,312380,534496e1754d37617e1c9196a941615017639bc9277e508ed0bce2ea8adf246a,1,0
"A0184_rd2y4r.raw",1,255,0,1,1,1,654.424,1780.077,3139468,3139488,0,3044056,3044056,0,29252,11.649,1768.428,1048576,312380,31ec8b4399d5fe653bda7cf4c848a56ebeeeeddfa62e99ca3d0c730a5b28a852,1,0
"A0185_qtqkkp.raw",1,255,0,1,1,1,950.388,1780.668,3139468,3139488,0,3044056,3044056,0,29252,11.582,1769.086,1048576,312380,e5965c002887a04b5c5d6721ed1102a721db32a8bb8ab13421e9b87adfa84790,1,0
"A0188_bdgn9q.raw",1,255,0,1,1,1,773.969,1782.304,3139468,3139488,0,3044056,3044056,0,29252,12.294,1770.010,1048576,312380,f4ed287144b952b9324aba7ec05f0a39d3ac367f3d90c5cf1207d6cf32e87f8b,1,0
"A0189_ny2ilw.raw",1,255,0,1,1,1,752.996,1780.556,3139488,3139488,0,3044056,3044056,0,29252,11.570,1768.986,1048576,312380,2e7e68ebd211949b49425e57ade2b71549f263a6e6a075b4f8cd39f539f42949,1,0
"A0190_cqjpqk.raw",1,255,0,1,1,1,756.969,1779.001,3139488,3139488,0,3044056,3044056,0,29252,11.655,1767.346,1048576,312380,5d08c4b86da2d96096bfc570be2e42e06f8aebe1c117841af0aa6e78f6fac024,1,0
"A0191_fwkpbo.raw",1,255,0,1,1,1,933.225,1781.203,3139468,3139488,0,3044056,3044056,0,29252,11.675,1769.528,1048576,312380,287e6e88d0d11b5783170712228b1feafe7919a717a11a96a1a2d090ed724415,1,0
"A0192_uzchni.raw",1,255,0,1,1,1,904.452,1780.794,3139468,3139488,0,3044056,3044056,0,29252,11.543,1769.251,1048576,312380,f829c82e7042897643cb445a79cef5f82e0c4661701abdc6ff4d335ae4c4f7d9,1,0
"A0193_nkhiuo.raw",1,255,0,1,1,1,745.616,1780.462,3139488,3139488,0,3044056,3044056,0,29252,11.647,1768.815,1048576,312380,c9eb31f5ccc67bd67cda84ae736e1299af6458bf1084820232b286533fb76a7a,1,0
"A0194_zvbcfo.raw",1,255,0,1,1,1,942.072,1780.495,3139468,3139488,0,3044056,3044056,0,29252,11.652,1768.843,1048576,312380,0d4265b8e66c48202e117ed2302f7d8d8b1cffc2b9614a66157b85c73d5d9442,1,0
"A0195_tr6ora.raw",1,255,0,1,1,1,938.354,1785.933,3139468,3139488,0,3044056,3044056,0,29252,11.683,1774.250,1048576,312380,1028d9071b59d920dc4368a31df20e7ceca3f76ba106ba2c408033ef37bb26f3,1,0
"A0196_whkx6w.raw",1,255,0,1,1,1,706.574,1782.345,3139468,3139488,0,3044056,3044056,0,29252,11.665,1770.680,1048576,312380,5d8dd4742d5b0e12efbfb04761f872deaa5bfa2485ca72db853554847785b88e,1,0
"A0197_xfivh2.raw",1,255,0,1,1,1,662.553,1781.230,3139468,3139488,0,3044056,3044056,0,29252,11.657,1769.573,1048576,312380,300ebf62e845fa7402b54d6d4b37f16c4b5eb39cf409b580220e7706b57c71fa,1,0
"A0198_jimefi.raw",1,255,0,1,1,1,610.089,1781.309,3139468,3139488,0,3044056,3044056,0,29252,11.660,1769.649,1048576,312380,f50b9291abb8b9731f5f58af5b2163a83ea6ba5cbbbf8b91f37a54c5c2121e40,1,0
"A0199_ar2ay8.raw",1,255,0,1,1,1,689.873,1781.099,3139468,3139488,0,3044056,3044056,0,29252,11.631,1769.468,1048576,312380,8e1c86557dee856697d3b23cc90b31617228b5108a7e865b20ab66c683e09690,1,0
"A0200_ohacof.raw",1,255,0,1,1,1,747.375,1778.914,3139488,3139488,0,3044056,3044056,0,29252,11.656,1767.258,1048576,312380,480cb72139f8cf8aacb83ad68c53d319a980ad567c713b08711263b9b9c668b3,1,0
"A0201_ysj9co.raw",1,255,0,1,1,1,726.104,1781.142,3139468,3139488,0,3044056,3044056,0,29252,11.759,1769.383,1048576,312380,957de75c8e473ef1c95129231b9ce717a1f594be746d6124f7d2c13d96fe9e80,1,0
"A0202_nvcfjl.raw",1,255,0,1,1,1,643.493,1781.818,3139468,3139488,0,3044056,3044056,0,29252,11.669,1770.149,1048576,312380,409d541ddd5f984715474e01a7537babac0804ec896dbf1b737f8f8a5eebc0bb,1,0
"A0203_ch7mwc.raw",1,255,0,1,1,1,718.390,1778.240,3139468,3139488,0,3044056,3044056,0,29252,11.651,1766.589,1048576,312380,fe954f57701107a5ed4bb895a9e25aff1c3c18b907e35382454d02b55301b1bd,1,0
"A0204_jkbdpj.raw",1,255,0,1,1,1,705.824,1781.213,3139468,3139488,0,3044056,3044056,0,29252,11.661,1769.552,1048576,312380,0e85da3be3f6a55ab22d728c2593d24ec4d8fd24f47ea07b585edaa90b41f7a2,1,0
"A0205_fvodso.raw",1,255,0,1,1,1,747.348,1779.036,3139508,3139508,0,3044056,3044056,0,29252,11.604,1767.432,1048576,312380,1f7c25a94c64da53b1850be7f63e9e997d671f258f51ed172be08f6da4cdc398,1,0
"A0206_f9brjr.raw",1,255,0,1,1,1,997.159,1781.929,3139488,3139488,0,3044056,3044056,0,29252,11.733,1770.196,1048576,312380,f3851b8f5c9796cbb04823b3f4a0244ec0177fd1da166a79ca01fc97ec470915,1,0
"A0207_crypbs.raw",1,255,0,1,1,1,1043.327,1783.758,3139468,3139488,0,3044056,3044056,0,29252,11.649,1772.109,1048576,312380,77ce8f8f8f4b7c26603957edfd08f6f174f94527296c6ad3ff758609d0812dc3,1,0
"A0208_ciqneq.raw",1,255,0,1,1,1,1158.526,1781.107,3139468,3139488,0,3044056,3044056,0,29252,11.698,1769.409,1048576,312380,b2946e8065abc747402462b9df5d5f1f3dd5963ddaeefebdd04a4b82f24357fe,1,0
"A0209_zvqfpy.raw",1,255,0,1,1,1,850.375,1783.538,3139468,3139488,0,3044056,3044056,0,29252,11.725,1771.813,1048576,312380,19085abf5bf8035dc63137f0dca58bc023f98330d6b8c467c6f12e839981c03d,1,0
"A0210_ww71zb.raw",1,255,0,1,1,1,912.142,1780.477,3139468,3139488,0,3044056,3044056,0,29252,11.706,1768.771,1048576,312380,acf1504f98cdc809d22375b2a66b956a93345ed2da263f13559dbe00304cb0dc,1,0
"A0211_tsumyc.raw",1,255,0,1,1,1,818.263,1781.940,3139468,3139488,0,3044056,3044056,0,29252,11.643,1770.297,1048576,312380,04d46440b71290f93cc6b40404bc3bc8ccaab57341bc8c9179566687ece825c5,1,0
"A0212_s1cswj.raw",1,255,0,1,1,1,939.469,1781.545,3139468,3139488,0,3044056,3044056,0,29252,11.715,1769.830,1048576,312380,12d798d31734e8eaa49ba95cfe9b313bdf124b38a9530f2ccf8737ed1ae7918e,1,0
"A0213_vt8gg8.raw",1,255,0,1,1,1,932.726,1780.179,3139488,3139508,0,3044056,3044056,0,29252,11.678,1768.501,1048576,312380,657bb7be1cfa61be871a9a315aed66a01630cc82a72f6e5031164a568eaacaa6,1,0
"A0214_s9etmp.raw",1,255,0,1,1,1,818.773,1780.722,3139468,3139488,0,3044056,3044056,0,29252,11.613,1769.109,1048576,312380,4f9577d289e403ab5cfedf392e5f0f43d690f4bc4895f9f5d5f3ab9be1da172e,1,0
"A0215_slzstg.raw",1,255,0,1,1,1,740.153,1779.740,3139488,3139488,0,3044056,3044056,0,29252,11.696,1768.044,1048576,312380,ca2e933e6340f4474758866cae35039094e4d86595a8bb3118b8115e80639fd0,1,0
"A0216_pey3bs.raw",1,255,0,1,1,1,706.454,1784.243,3139468,3139488,0,3044056,3044056,0,29252,12.504,1771.739,1048576,312380,119b6f07237caab087d696aaea85ef1dc15565fe11403ca6c79f27ad098f2b6d,1,0
"A0217_hgh87m.raw",1,255,0,1,1,1,946.098,1781.500,3139468,3139488,0,3044056,3044056,0,29252,11.702,1769.798,1048576,312380,81015de90e9331e499683a845c9a27072bd67d343a31162cec5ceece32e512c2,1,0
"A0218_p313qk.raw",1,255,0,1,1,1,928.179,1778.438,3139468,3139488,0,3044056,3044056,0,29252,11.659,1766.779,1048576,312380,b6c9ae4bacca67e0e094f6bca642d8172cf4971dde3b69a871f9daba7f29ff04,1,0
"A0219_v2w2a3.raw",1,255,0,1,1,1,947.891,1779.661,3139468,3139488,0,3044056,3044056,0,29252,11.675,1767.986,1048576,312380,491e1a84796fb053323e292e54095c095d0103493667aa5b72b3f4a4a41f796a,1,0
"A0220_znt3dh.raw",1,255,0,1,1,1,865.425,1782.300,3139468,3139488,0,3044056,3044056,0,29252,11.709,1770.591,1048576,312380,df8d536e266b19dfc33b58ef76744600f07853fc034976ebbbd2517f14aa7030,1,0
"A0222_sbfsny.raw",1,255,0,1,1,1,812.958,1780.685,3139468,3139508,0,3044056,3044056,0,29252,11.675,1769.010,1048576,312380,b69f00972183f3665ef7b18f3b90d2dc313c22d61c03c62862a1d20040e3bb2a,1,0
"A0223_kns6ja.raw",1,255,0,1,1,1,806.526,1778.582,3139468,3139488,0,3044056,3044056,0,29252,11.687,1766.895,1048576,312380,9769d03bfcfaf329af8aed4362e71ec151fe87282d366deae564aa912c2b9770,1,0
"A0224_ec1q80.raw",1,255,0,1,1,1,1654.083,1778.543,3139468,3139488,0,3044056,3044056,0,29252,11.698,1766.845,1048576,312380,238b5552740847007ba3c553b63c9a83746fe4bcef7b7a6f3cdf81d139dbd9f7,1,0
"A0225_ijfo9b.raw",1,255,0,1,1,1,1026.282,1780.364,3139468,3139488,0,3044056,3044056,0,29252,11.675,1768.689,1048576,312380,5c386cf1ed363ab8ae0cb6fa43057a7191059e39345c5696522b9499a48a8a2f,1,0
"A0226_hluh5b.raw",1,255,0,1,1,1,557.663,1781.036,3139468,3139488,0,3044056,3044056,0,29252,11.716,1769.320,1048576,312380,6df6d652617aaeca6e0956975ae4edfe74b5e1ce105487706bc37b3fed136855,1,0
"A0227_kmqc8p.raw",1,255,0,1,1,1,710.962,1781.218,3139468,3139488,0,3044056,3044056,0,29252,11.690,1769.528,1048576,312380,4f3d988005176f5421550e5a7d8825856541deed3b50325baf3b410c1c66b2c4,1,0
"A0228_cm4srd.raw",1,255,0,1,1,1,522.980,1781.673,3139468,3139488,0,3044056,3044056,0,29252,11.629,1770.044,1048576,312380,6890af9f08e02f857696dbf136828b601d0ba2a57d7eeec35b44047234bb2098,1,0
"A0229_asb2qh.raw",1,255,0,1,1,1,477.611,1782.583,3139468,3139488,0,3044056,3044056,0,29252,12.199,1770.384,1048576,312380,b15ed017f3bd9794bef051a396c1d05405bd46e693e5f554c419785fb74dca59,1,0
"A0230_vrqiqx.raw",1,255,0,1,1,1,516.038,1782.610,3139468,3139516,0,3044056,3044056,0,29252,11.814,1770.796,1048576,312380,bd11e0fbabaa4cc20080baa1287be55ee5e1e15aa387ada6ab3b6425c36ec815,1,0
"A0231_bfqh0p.raw",1,255,0,1,1,1,600.930,1782.123,3139476,3139488,0,3044056,3044056,0,29252,11.747,1770.376,1048576,312380,9d75364daee6d80e268c486188ad0fdaab0024f9e4eaaa9c28a37b131afd3001,1,0
"A0232_dgrsxo.raw",1,255,0,1,1,1,587.509,1779.480,3139468,3139488,0,3044056,3044056,0,29252,11.678,1767.802,1048576,312380,8f88c72ba5eecbc548807bac2d4edbd421c92a445849633df8f954c2bbb2683a,1,0
"A0233_xqv5rq.raw",1,255,0,1,1,1,553.586,1779.993,3139468,3139488,0,3044056,3044056,0,29252,11.714,1768.279,1048576,312380,3bb1b565733be46669447c0e6c32db54b59b40b1698c4b129068a3850a0f3bf5,1,0
"A0234_s9tsrz.raw",1,255,0,1,1,1,554.871,1782.774,3139468,3139488,0,3044056,3044056,0,29252,11.807,1770.967,1048576,312380,7c63425d706cfd0460e79b272727aa70681533da41d95994c3555a5121ef5157,1,0
"A0235_f5egs1.raw",1,255,0,1,1,1,533.899,1779.813,3139468,3139488,0,3044056,3044056,0,29252,12.050,1767.763,1048576,312380,c3d87ce6b1b6adac0b8ae1ece13f98cf1f611f39f9290bd9b851a255d09dc3a4,1,0
"A0236_eknpio.raw",1,255,0,1,1,1,556.923,1779.813,3139600,3139620,0,3044056,3044056,0,29252,11.675,1768.138,1048576,312380,fae79b898b85e83aeaf506f226009dc3dd8162954c2fe46ff3263410a4ad6e26,1,0
"A0237_gmrxbk.raw",1,255,0,1,1,1,584.067,1778.308,3139600,3139620,0,3044056,3044056,0,29252,11.750,1766.558,1048576,312380,3ffd66d3bb5468af888da82c70f32cdcd1129a568e656101fe5cd1296e43eb45,1,0
"A0238_cutltl.raw",1,255,0,1,1,1,568.664,1781.160,3139600,3139620,0,3044056,3044056,0,29252,11.654,1769.506,1048576,312380,12fdcf4b0e764268fe9c440573fda6c796e2f52f7f380578a77d43a8e65f80fe,1,0
"A0239_pyv9f4.raw",1,255,0,1,1,1,781.705,1781.259,3139600,3139648,0,3044056,3044056,0,29252,11.842,1769.417,1048576,312380,aa7858d9030b4f23e41883ad7b9dc3d14d4ed6772513a342dd0a66dc6fd78cf8,1,0
"A0240_tjh4sv.raw",1,255,0,1,1,1,711.727,1782.321,3139608,3139620,0,3044056,3044056,0,29252,11.720,1770.601,1048576,312380,a36e520d84d2eb3dfa48d1056db0284329231685688325ea81b01a5fda1d8b62,1,0
"A0241_jn8liu.raw",1,255,0,1,1,1,636.453,1782.709,3139600,3139620,0,3044056,3044056,0,29252,11.699,1771.010,1048576,312380,ef505dea562d3f05df0a3d816482bd4e061606520d1f15df6ddccb2433f56c0e,1,0
"A0242_vcn7h9.raw",1,255,0,1,1,1,609.223,1782.275,3139600,3139620,0,3044056,3044056,0,29252,11.709,1770.566,1048576,312380,f4be2428e77baaa54516f1c57cd312ebb597ce3ed844fdb36a7b36139c736c02,1,0
"A0243_wmkjie.raw",1,255,0,1,1,1,596.752,1779.660,3139600,3139620,0,3044056,3044056,0,29252,11.643,1768.017,1048576,312380,8c5bda67bb3028375b0b7fc0ceddd8d8abf16ae6077a3decd9c00c97dbd3120f,1,0
"A0244_uvkbjy.raw",1,255,0,1,1,1,865.624,1781.849,3139600,3139620,0,3044056,3044056,0,29252,11.710,1770.139,1048576,312380,8452bf6265f7576ec70653eb9d014cb33e336c7f4214662817f1c4702da0c9db,1,0
"A0245_qcwoib.raw",1,255,0,1,1,1,635.762,1782.154,3139600,3139620,0,3044056,3044056,0,29252,11.692,1770.462,1048576,312380,4f0c434a63dab51553383ccf243941afe8dbdc0ba0eebcc20eb0c5ae3d3ef2c3,1,0
"A0246_zemmnk.raw",1,255,0,1,1,1,565.098,1780.539,3139600,3139620,0,3044056,3044056,0,29252,11.667,1768.872,1048576,312380,2773cbe383298bc3977fd875dc8b2afa9408c33387cdfbb7783f53eaae0464fe,1,0
"A0247_pq1oev.raw",1,255,0,1,1,1,590.980,1778.621,3139600,3139620,0,3044056,3044056,0,29252,11.677,1766.944,1048576,312380,a0a66d108911e102610dbf719b2fc128b08ce38588975fd5ddfd7c8d7cfc4cc0,1,0
"A0248_x0oo3k.raw",1,255,0,1,1,1,565.585,1780.247,3139628,3139648,0,3044056,3044056,0,29252,11.642,1768.605,1048576,312380,97e52d4360c502f439a86eed8f899c2f6f4cc9aa10efaaab59018e46ff02dc57,1,0
"A0249_i0dxqu.raw",1,255,0,1,1,1,527.490,1779.521,3139608,3139620,0,3044056,3044056,0,29252,11.658,1767.863,1048576,312380,b870522e50d6d338c1da69f73f9c6d5c410f251cfe13115d0a7bf058303fcd10,1,0
"A0250_axxp23.raw",1,255,0,1,1,1,608.131,1778.102,3139600,3139620,0,3044056,3044056,0,29252,11.722,1766.380,1048576,312380,32e6417a3659a15aca8eae0d572473acb9074ba802bcedf80ac3501f96d9fe67,1,0
"A0252_w9tnqy.raw",1,255,0,1,1,1,964.253,1781.725,3139600,3139620,0,3044056,3044056,0,29252,11.730,1769.995,1048576,312380,bd73fe74b9f69d045283fa07685f72250a4b3ef29909dfbc9b1a2a565c900059,1,0
"A0253_bxpt22.raw",1,255,0,1,1,1,725.904,1782.881,3139600,3139620,0,3044056,3044056,0,29252,11.840,1771.041,1048576,312380,8794a2413c0a68072c0cc0570526480dd63b17a302cca54b753ba013893d8f27,1,0
"A0254_hukz5u.raw",1,255,0,1,1,1,560.094,1782.514,3139600,3139620,0,3044056,3044056,0,29252,11.718,1770.796,1048576,312380,18f65355405c9d9b8199fd3e2ec47072077482f70e5061c9de785b4642444155,1,0
"A0255_g1clny.raw",1,255,0,1,1,1,773.835,1782.382,3139600,3139620,0,3044056,3044056,0,29252,11.666,1770.716,1048576,312380,df53ef3945190c79f7ee20431fd3a000bde09e52e6553b2a079d6fbc6a1a44bb,1,0
"A0256_kbw8md.raw",1,255,0,1,1,1,528.914,1783.812,3139600,3139620,0,3044056,3044056,0,29252,11.679,1772.133,1048576,312380,312aed6e365cb7be8330593b0deca59aa75930618f13da6759e5bbe1bd5b8999,1,0
"A0257_ux4eb4.raw",1,255,0,1,1,1,723.137,1781.282,3139600,3139648,0,3044056,3044056,0,29252,11.792,1769.490,1048576,312380,0235eb9016123c225dad506d9cb4b46eb34ced9ec30f1cdca8d0249d0a70f358,1,0
"A0258_hevype.raw",1,255,0,1,1,1,497.593,1782.499,3139628,3139620,8,3044056,3044056,0,29252,12.503,1769.996,1048576,312380,8227a0138c030b9df186c1248a6f7cbc710684635de8dddb7b71948888446eec,1,0
"A0259_jkmxqq.raw",1,255,0,1,1,1,548.717,1781.773,3139600,3139620,0,3044056,3044056,0,29252,11.674,1770.099,1048576,312380,b1b8b59b0acc6ef2e528ff523a6ab7dd257538f85c0c63e64eadd13248978ff1,1,0
"A0260_zuqtnh.raw",1,255,0,1,1,1,569.772,1785.500,3139600,3139620,0,3044056,3044056,0,29252,11.847,1773.653,1048576,312380,9263d7277ac8327c5f5e19c3c0ab16e324fe2846254be5fe74890e64ea15a82d,1,0
"A0261_y0babc.raw",1,255,0,1,1,1,715.347,1783.807,3139600,3139620,0,3044056,3044056,0,29252,11.716,1772.091,1048576,312380,f741532f8c4f2195d36c486ab2b2899917ae07d85efe3c830455e8e916925383,1,0
"A0262_bn3bfl.raw",1,255,0,1,1,1,551.028,1784.706,3139600,3139620,0,3044056,3044056,0,29252,12.064,1772.642,1048576,312380,e91de5a46091c5b064d35a49ec5420d2b9faae7dc28e9de2ef65b88865ec854b,1,0
"A0263_eaovwh.raw",1,255,0,1,1,1,536.042,1781.717,3139600,3139620,0,3044056,3044056,0,29252,11.682,1770.035,1048576,312380,bd7378212a2731f0266524e2b0f45eeb3aee85724a86db102fc4866da61723f8,1,0
"A0264_znxwji.raw",1,255,0,1,1,1,594.343,1783.412,3139468,3139488,0,3044056,3044056,0,29252,11.702,1771.710,1048576,312380,6c5de3ae26fb0511d7f0912e44a6608d36b3b115ed82573daa1dc0f09aff2862,1,0
"A0265_x7adfc.raw",1,255,0,1,1,1,546.680,1783.346,3139468,3139488,0,3044056,3044056,0,29252,12.541,1770.805,1048576,312380,e30e7eaa8f36391ede9d3546242acc23f5a7baa27529a3f5cbcadaaf2dbcf0a1,1,0
"A0266_sxsryp.raw",1,255,0,1,1,1,564.343,1781.527,3139468,3139516,0,3044056,3044056,0,29252,11.733,1769.794,1048576,312380,589846ea7968ad6c38170bf717bc7d2ff44d03b9a479dad78deec5463f49030e,1,0
"A0267_fmmmsv.raw",1,255,0,1,1,1,729.115,1781.620,3139468,3139488,0,3044056,3044056,0,29252,11.688,1769.932,1048576,312380,2f6648e77ffd6d3172ce75cf9ae2bb5ab405a018ec44ddab7bb2ae16e4ae1928,1,0
"A0268_o7e2th.raw",1,255,0,1,1,1,621.130,1781.362,3139468,3139488,0,3044056,3044056,0,29252,11.694,1769.668,1048576,312380,5b2be55fcd66791e359ebca7a857e404c0ca4b3765d70da4ede89b49bad773c6,1,0
"A0269_ajpovb.raw",1,255,0,1,1,1,570.338,1782.571,3139468,3139488,0,3044056,3044056,0,29252,12.848,1769.723,1048576,312380,77eb995e411046fedcc093ddb4b9034add8083a684a447aaa0f905026c98442b,1,0
"A0270_l00eru.raw",1,255,0,1,1,1,518.866,1783.225,3139468,3139488,0,3044056,3044056,0,29252,12.102,1771.123,1048576,312380,5dcdae0e60625b5b2a9a1994e4a17e3dafdb955a29b30575486d8212e3b21e61,1,0
"A0271_idqtq6.raw",1,255,0,1,1,1,545.955,1781.584,3139468,3139488,0,3044056,3044056,0,29252,11.624,1769.960,1048576,312380,290b072cdfd11a1c866822e40e3d12bc77fa1ef8f16d71778f616bfe91af4cff,1,0
"A0272_ci12kp.raw",1,255,0,1,1,1,579.323,1782.190,3139468,3139488,0,3044056,3044056,0,29252,11.719,1770.471,1048576,312380,6694ea4e746a908177b0e24d0cb7a3d0a139f9df9fdac3caebcc26da2b8b1422,1,0
"A0273_oobnvs.raw",1,255,0,1,1,1,525.646,1780.527,3139468,3139488,0,3044056,3044056,0,29252,11.681,1768.846,1048576,312380,d52bfea6777adc4bd698269d213982c8e10c645a8cdb8bac82fbf632a1677db3,1,0
"A0274_z8y0ts.raw",1,255,0,1,1,1,527.329,1782.821,3139468,3139488,0,3044056,3044056,0,29252,11.690,1771.131,1048576,312380,e2b54cf0ba2c0b3114e7ccc6765fc9e77813ec26f9f64b58ffe2ec95ae3cd02c,1,0
"A0275_qcom4d.raw",1,255,0,1,1,1,556.657,1782.016,3139468,3139516,0,3044056,3044056,0,29252,11.699,1770.317,1048576,312380,db0aba8e8d9bfd98d7bfaba6869f093ce47673e3d9253b2761682c55049336ad,1,0
"A0276_u8civs.raw",1,255,0,1,1,1,594.809,1782.023,3139468,3139488,0,3044056,3044056,0,29252,11.740,1770.283,1048576,312380,b87379a4eb717f7addf645f6a3ea8c276e84a828313e0d44bdeb7feffc170395,1,0
"A0277_lp0jyl.raw",1,255,0,1,1,1,561.318,1781.031,3139468,3139488,0,3044056,3044056,0,29252,11.672,1769.359,1048576,312380,444f7a6d28830cfd2805f4207fd1371beb4ac02def7dc9caf3500c4ec0274dda,1,0
"A0278_alargq.raw",1,255,0,1,1,1,567.359,1782.157,3139468,3139488,0,3044056,3044056,0,29252,11.670,1770.487,1048576,312380,0488463e59e31d9e2ab820972e731a25227add43e379fc0b3740df09b6ffa604,1,0
"A0279_yofu8q.raw",1,255,0,1,1,1,539.274,1779.678,3139468,3139488,0,3044056,3044056,0,29252,11.810,1767.868,1048576,312380,d44bf125a2876c8228828ef3401bcb7706c01c6dc1bd710bd98bd8f1566ae0a0,1,0
"A0280_sudwco.raw",1,255,0,1,1,1,505.575,1782.775,3139488,3139488,0,3044056,3044056,0,29252,11.673,1771.102,1048576,312380,4203ad818dcb8ac5f491cfd22ba586ec5fe0cbba95096c78f6f534cc0e5fd2d8,1,0
"A0284_eqeqpu.raw",1,255,0,1,1,1,518.470,1782.885,3139468,3139488,0,3044056,3044056,0,29252,11.707,1771.178,1048576,312380,0282e70e5680485b98c1d7be9ab85e758df872fdb1fe97daff8ef03172767328,1,0
"A0285_hlnoe3.raw",1,255,0,1,1,1,687.743,1780.576,3139468,3139488,0,3044056,3044056,0,29252,11.640,1768.936,1048576,312380,2dbd9d8cbe3c5211d274224f3628bea92034b0872cf8601a25b5439d2805d731,1,0
"A0286_ssxkmx.raw",1,255,0,1,1,1,620.084,1779.275,3139468,3139488,0,3044056,3044056,0,29252,11.673,1767.602,1048576,312380,fcd7f36a2a35cff4a646a7e0d058d6f367b46d8e810bee66c046beda88b3bfcb,1,0
"A0287_kpxbdk.raw",1,255,0,1,1,1,638.327,1781.126,3139468,3139516,0,3044056,3044056,0,29252,11.671,1769.455,1048576,312380,2715c5ae03caf2a0f46f88a14d3e5c3f7e914468b3238958e6e74c34f63fddf8,1,0
"A0288_aql3s9.raw",1,255,0,1,1,1,573.107,1783.506,3139468,3139488,0,3044056,3044056,0,29252,11.729,1771.777,1048576,312380,2abfff075ebb6a2e613cc2d83a1800682ea8a95ee870b2b585ad5c85224e8ecf,1,0
"A0289_n1hkoe.raw",1,255,0,1,1,1,557.831,1778.960,3139468,3139488,0,3044056,3044056,0,29252,11.684,1767.276,1048576,312380,26942205d46386fad3710644dff4f15514261cbf03be4955fadb3c09e7933081,1,0
"A0290_bdpny1.raw",1,255,0,1,1,1,533.825,1781.663,3139468,3139488,0,3044056,3044056,0,29252,11.618,1770.045,1048576,312380,ecf6e2dcc2253aedbf280493791958c8ca3753fedfcb1dff7d6ae2e330729c3d,1,0
"A0291_zkzfpo.raw",1,255,0,1,1,1,548.587,1782.145,3139468,3139488,0,3044056,3044056,0,29252,11.704,1770.441,1048576,312380,b72b720f9918b5e66e86a7fcdfac4d086ee2aca808850812e371b406e405d8b4,1,0
"A0292_gc2isa.raw",1,255,0,1,1,1,505.791,1780.511,3139488,3139488,0,3044056,3044056,0,29252,11.684,1768.827,1048576,312380,2c3246627a8c214f2ef3227f19c23c7c6fe554bde80c61327b092c951057124c,1,0
"A0293_wrvywi.raw",1,255,0,1,1,1,574.124,1782.778,3139468,3139488,0,3044056,3044056,0,29252,11.832,1770.946,1048576,312380,606248f03e2cfec6c74de25c8d3670040f1b37d956cc7ff93a0220a439231b64,1,0
"A0294_hbaudo.raw",1,255,0,1,1,1,548.767,1780.896,3139468,3139488,0,3044056,3044056,0,29252,11.728,1769.168,1048576,312380,c058fd27740d0e8c5590c6bc033b9adfef254b36617148a2a5968e9bad8edee0,1,0
"A0295_s5k0wm.raw",1,255,0,1,1,1,540.014,1781.736,3139468,3139488,0,3044056,3044056,0,29252,11.694,1770.042,1048576,312380,c33341c1bcff9f526bbff89e609cf228bc9e2863424357715530204b224ac932,1,0
"A0296_d9znpe.raw",1,255,0,1,1,1,618.006,1780.465,3139468,3139516,0,3044056,3044056,0,29252,11.720,1768.745,1048576,312380,8666a1a2795b0f1b38e59ce2210427d5bfea46519331777ef8ddf2359a485d0a,1,0
"A0297_xfqrcq.raw",1,255,0,1,1,1,942.619,1778.382,3139476,3139488,0,3044056,3044056,0,29252,11.670,1766.712,1048576,312380,b7322e7da7374975d4ab3c6ee9084b8661851e10f9fd4aff6edfbb1266fe2e7c,1,0
"A0298_mrexge.raw",1,255,0,1,1,1,522.826,1779.254,3139468,3139488,0,3044056,3044056,0,29252,11.664,1767.590,1048576,312380,7d2b12bc58a4e72b1949900d1dc684640fc4d8f8a98c093aa03a0a107724123c,1,0
"A0299_ixvobf.raw",1,255,0,1,1,1,518.813,1778.488,3139468,3139488,0,3044056,3044056,0,29252,11.703,1766.785,1048576,312380,e58273c7a305bb5a27abdcf0f4a5810ef27f18665b47ddef158f0a050b980467,1,0
"A0300_ti9hcd.raw",1,255,0,1,1,1,527.146,1779.971,3139468,3139488,0,3044056,3044056,0,29252,11.675,1768.296,1048576,312380,b1b5f98ecb5222361fe46a3843e9f2797c3ef6b404d804139c9cf255b94d0a26,1,0
"A0301_qub0zf.raw",1,255,0,1,1,1,542.117,1782.125,3139468,3139488,0,3044056,3044056,0,29252,11.688,1770.437,1048576,312380,4a8118b53e0fe9ac48e10d01b93d1734e43033898c4e94dad89f9e0d2dafea87,1,0
"A0302_dvtavh.raw",1,255,0,1,1,1,536.363,1780.472,3139468,3139488,0,3044056,3044056,0,29252,11.681,1768.791,1048576,312380,9910013dfb77500c7e062db0847b10d465a1a7228735c375a1d1273397047904,1,0
"A0303_yp97an.raw",1,255,0,1,1,1,534.248,1777.580,3139468,3139488,0,3044056,3044056,0,29252,11.836,1765.744,1048576,312380,9ca5d136385cf5faaa1ce13d1750ca47cd8c7bc31a7b9f9206ba5c03f4bf1fef,1,0
"A0304_y71j7t.raw",1,255,0,1,1,1,542.814,1778.744,3139468,3139488,0,3044056,3044056,0,29252,11.662,1767.082,1048576,312380,f24c60258be76bc0938e7c2058d119e5479fe883bb192ab4f6619b8003824097,1,0
"A0305_yybafz.raw",1,255,0,1,1,1,537.261,1777.706,3139468,3139516,0,3044056,3044056,0,29252,11.716,1765.990,1048576,312380,2a6b0d4d212da738fbb41b7054da11eddc660ea9abff4333fbcf5e36db92efed,1,0
"A0306_qjkmac.raw",1,255,0,1,1,1,670.115,1777.780,3139476,3139488,0,3044056,3044056,0,29252,11.671,1766.109,1048576,312380,c3cb734b196461f5b762de476d7f7ae3168c47b40e0bfeed0f418dc8415c0e30,1,0
"A0307_flkxrv.raw",1,255,0,1,1,1,541.495,1780.840,3139468,3139488,0,3044056,3044056,0,29252,11.735,1769.105,1048576,312380,941ba9282bfef5595352ab84951749005ff4e0f334ca3d9b38341ca651b8bc71,1,0
"A0308_xkictc.raw",1,255,0,1,1,1,521.456,1781.340,3139468,3139488,0,3044056,3044056,0,29252,11.681,1769.659,1048576,312380,d9296db821867d47c8496e50563245ffb44fcbc17cd43a6c010a0ff0f2fe4147,1,0
"A0309_gzx0lp.raw",1,255,0,1,1,1,522.999,1781.434,3139468,3139488,0,3044056,3044056,0,29252,11.659,1769.775,1048576,312380,954bc45f943b09d0890e3088d62b2efd0eded79e3903b9730d80784777d040b2,1,0
"A0310_b9zuuj.raw",1,255,0,1,1,1,518.772,1780.468,3139468,3139488,0,3044056,3044056,0,29252,11.655,1768.813,1048576,312380,378665e3f6c46a4435895d3b36db6587f0a8d4da5d1299941d559ffa035fada1,1,0
"A0311_ynnqsg.raw",1,255,0,1,1,1,485.636,1781.672,3139468,3139488,0,3044056,3044056,0,29252,12.184,1769.488,1048576,312380,8d42f3d10fe50b4419278fe4213771170430fea075688a76092a5cf99e09623a,1,0
"A0312_r5dft8.raw",1,255,0,1,1,1,544.082,1780.598,3139468,3139488,0,3044056,3044056,0,29252,11.696,1768.902,1048576,312380,7a7d66f4f3f8eee8815c4ce8d6a41d4b7de4abe29dacbe3e61e42031f2de13ff,1,0
"A0313_xyi7vm.raw",1,255,0,1,1,1,520.817,1779.971,3139468,3139488,0,3044056,3044056,0,29252,11.710,1768.261,1048576,312380,4bd1d0d52e1278af6e020cddc669428da8c38ea3e1570550364871eb532f18a8,1,0
"A0314_hjwlcr.raw",1,255,0,1,1,1,634.317,1776.410,3139468,3139516,0,3044056,3044056,0,29252,11.670,1764.740,1048576,312380,daeaeb6ce87288a577b496147b5e59c2904428184f5fbedbeb67670dd2e1e9b4,1,0
"A0315_im4uan.raw",1,255,0,1,1,1,586.248,1778.312,3139476,3139488,0,3044056,3044056,0,29252,11.703,1766.609,1048576,312380,b349a096a4a1cf1089591b238cbcf2bfee48af5a4d7c9de304cf067dd06169d6,1,0
"A0316_d8tfsd.raw",1,255,0,1,1,1,528.570,1780.830,3139468,3139488,0,3044056,3044056,0,29252,11.720,1769.110,1048576,312380,6edc89b3d2d80a8fd12c9a255de20d9e5cab39d2921cae79264529fab2ac3deb,1,0
"A0317_ik34xx.raw",1,255,0,1,1,1,513.571,1782.771,3139468,3139488,0,3044056,3044056,0,29252,11.622,1771.149,1048576,312380,2b9962a00136f7ed3988803f9e2275d2fb71ad120fd96906ed0352cd1493f6d8,1,0
"A0318_i0fam1.raw",1,255,0,1,1,1,543.463,1777.882,3139468,3139488,0,3044056,3044056,0,29252,11.834,1766.048,1048576,312380,69abe36c8aec4e32ced1bd3f78bc5eaf219c4db14eb0ab9ba72686c219401d11,1,0
"A0319_co5vs4.raw",1,255,0,1,1,1,549.526,1779.446,3139468,3139488,0,3044056,3044056,0,29252,11.702,1767.744,1048576,312380,b1c80a5ccffd0fd1c8c9ff98d293b55ade2a918b2a31abf810fb1ee723eda069,1,0
"A0320_jk1elq.raw",1,255,0,1,1,1,551.154,1780.745,3139468,3139488,0,3044056,3044056,0,29252,11.689,1769.056,1048576,312380,315dedbaed6cd3bcbeb0b6f226136675e66ccd75d5434e8a2f252cbaf113d6f6,1,0
"A0321_qdoo2i.raw",1,255,0,1,1,1,542.742,1775.342,3139468,3139488,0,3044056,3044056,0,29252,11.718,1763.624,1048576,312380,c34f3807dc3cbd7faa393b44bc9a81c36b018a67190ba5e03095d9f86933ab02,1,0
"A0322_bj3jaj.raw",1,255,0,1,1,1,515.397,1779.484,3139468,3139488,0,3044056,3044056,0,29252,11.735,1767.749,1048576,312380,05017e2235133ce3f73fdecb352240551cec5aa1c7d394950d93091ba5969f23,1,0
"A0323_udkkdk.raw",1,255,0,1,1,1,554.659,1775.206,3139468,3139516,0,3044056,3044056,0,29252,11.744,1763.462,1048576,312380,4b73a18c8aa965505c0e30419613675a66fb794fe6791965fd55e76f57407114,1,0
"A0324_ix2x76.raw",1,255,0,1,1,1,516.760,1778.618,3139476,3139488,0,3044056,3044056,0,29252,11.684,1766.934,1048576,312380,44588990ee95aa9a36569857372848d08f6bb87d4f2ac5b360fc5456d643be18,1,0
"A0325_vtxqtl.raw",1,255,0,1,1,1,538.615,1779.579,3139468,3139488,0,3044056,3044056,0,29252,11.653,1767.926,1048576,312380,1d790ac80aef9bfbfdd2c3cc416ff47e442941cde18072a517918e30d3f18ce7,1,0
"A0326_jbtwvz.raw",1,255,0,1,1,1,513.604,1779.438,3139468,3139488,0,3044056,3044056,0,29252,11.724,1767.714,1048576,312380,0d045ac75a1d5915604f3aee6095886fe76e669876710fb4145c4fa451555fe7,1,0
"A0327_bdutno.raw",1,255,0,1,1,1,501.663,1776.966,3139488,3139488,0,3044056,3044056,0,29252,11.671,1765.295,1048576,312380,8bedc327fedb407e05b2b3a85df74aa29c26fc492f08843da25e18e84d7f0f62,1,0
"A0328_fk3csq.raw",1,255,0,1,1,1,562.619,1776.277,3139468,3139488,0,3044056,3044056,0,29252,11.746,1764.531,1048576,312380,e5d526d3b6104df1bd07601ee76ea57a7e7c8578604595b9e641931f21b7577d,1,0
"A0329_yuy1yj.raw",1,255,0,1,1,1,590.725,1775.479,3139468,3139488,0,3044056,3044056,0,29252,11.600,1763.879,1048576,312380,c616a68689c5c18f55c21d3eb1db9f5016117e8d227e776b43394664f6e21fa4,1,0
"A0330_eymoe2.raw",1,255,0,1,1,1,540.058,1779.557,3139468,3139488,0,3044056,3044056,0,29252,11.639,1767.918,1048576,312380,557a2fa8c38aa454fd2d4c1223afaea90fbb7a876de024e5df61a4672371b8be,1,0
"A0331_hseg4s.raw",1,255,0,1,1,1,510.711,1779.697,3139468,3139488,0,3044056,3044056,0,29252,11.665,1768.032,1048576,312380,254beda39e062a6b4d3817c47f6dc885a87aaa357ba1e3ba580ffb1b973fced4,1,0
"A0332_ekfdwv.raw",1,255,0,1,1,1,520.167,1778.227,3139460,3139516,0,3044056,3044056,0,29252,11.671,1766.556,1048576,312380,94c0483046529d708ae4a7a915f0d7b0eac941b7f275d1dd646085bee664e0a3,1,0
"A0333_lmugko.raw",1,255,0,1,1,1,519.071,1779.275,3139468,3139488,0,3044056,3044056,0,29252,11.742,1767.533,1048576,312380,9dc260e2b50e72a58aa9c9d4b9cbb72dfaf539d7a4204c407b1d49913cae4f04,1,0
"A0334_tjccqp.raw",1,255,0,1,1,1,510.788,1784.195,3139468,3139488,0,3044056,3044056,0,29252,12.774,1771.421,1048576,312380,c186e881a07eb8d35c31d68692f79df5c140cc15876e0853b715a36766e0d010,1,0
"A0335_ycajns.raw",1,255,0,1,1,1,499.555,1780.304,3139488,3139488,0,3044056,3044056,0,29252,11.794,1768.510,1048576,312380,b8e8c430cb24608f42db6fa794511deb65fe4b378a0d85b5654c533ee60861bb,1,0
"A0336_zcwtf9.raw",1,255,0,1,1,1,523.184,1782.317,3139468,3139488,0,3044056,3044056,0,29252,11.737,1770.580,1048576,312380,a86c8af7aecceacdecf897e3dd698bf717db037cfdd6c54a2dc569a731f8b630,1,0
"A0337_p6uclg.raw",1,255,0,1,1,1,529.302,1778.137,3139468,3139488,0,3044056,3044056,0,29252,11.819,1766.318,1048576,312380,e524b00ef392f6e4ec22ba0999dd3459497a0a73285b0cf70831fd2e6848bc16,1,0
"A0338_n0t7rv.raw",1,255,0,1,1,1,480.615,1780.280,3139468,3139488,0,3044056,3044056,0,29252,11.871,1768.409,1048576,312380,2bc039a637adcedbe4b518708552fbca3773b0536fea0983f05d62c716ff01c7,1,0
"A0339_pudo2p.raw",1,255,0,1,1,1,495.287,1781.350,3139488,3139488,0,3044056,3044056,0,29252,11.712,1769.638,1048576,312380,6b8437db5d6c1e84726085bcd9a0ef7ab1062ea3231452771f946b2f3337ea10,1,0
"A0340_tlndrh.raw",1,255,0,1,1,1,522.212,1780.162,3139468,3139488,0,3044056,3044056,0,29252,11.727,1768.435,1048576,312380,bdac63c5da68166309d137f85325e022249c1dda5ea3eac2d353ef78c1003818,1,0
"A0341_hejolh.raw",1,255,0,1,1,1,534.078,1778.255,3139468,3139516,0,3044056,3044056,0,29252,11.668,1766.587,1048576,312380,8f76799a25c35693cfd2ecd956f9316697b53875179f55186a070d8e506a76e4,1,0
"A0342_lp6gkv.raw",1,255,0,1,1,1,526.164,1780.468,3139468,3139488,0,3044056,3044056,0,29252,11.689,1768.779,1048576,312380,ac292d84c001121126eb8644c5fea39990118cdda2a421d2105aadfae2f945bf,1,0
"A0343_y3pszq.raw",1,255,0,1,1,1,520.527,1781.115,3139468,3139488,0,3044056,3044056,0,29252,11.707,1769.408,1048576,312380,53391b419a9f761c0a723078543baa03346622cd23d72834986ba1d6fea3911a,1,0
"A0344_ptvhiq.raw",1,255,0,1,1,1,535.302,1775.917,3139468,3139488,0,3044056,3044056,0,29252,11.641,1764.276,1048576,312380,1b9571d01deb45504fbd1689cd8471154dfdba5830e94e977cb127459d70fcda,1,0
"A0345_wetetm.raw",1,255,0,1,1,1,565.214,1781.186,3139468,3139472,0,3044056,3044056,0,29252,11.655,1769.531,1048576,312380,24d51c50e58b3a711ec4eae3b3b42c6dec6d92aeb724278fe9f6029da3b9d9fe,1,0
"A0346_jhdhsf.raw",1,255,0,1,1,1,519.455,1781.094,3139468,3139488,0,3044056,3044056,0,29252,11.838,1769.256,1048576,312380,26bc399aac6df1062bd18726b266eea3546a2b660f14453e8d929ac5802094aa,1,0
"A0347_qjv2cy.raw",1,255,0,1,1,1,540.054,1777.598,3139468,3139488,0,3044056,3044056,0,29252,11.718,1765.880,1048576,312380,de1efec8f3eee67fc21a132196a6dacb42fdc5676e5f30f1f9df2182c3a8b79b,1,0
"A0348_g7ge9x.raw",1,255,0,1,1,1,520.913,1775.767,3073932,3073952,0,2978520,2978520,0,29252,11.651,1764.116,1048576,312380,a88dfce046fc3fd9ec3ecf27d8a3bca9d4a1e91420dc67d8f1457f01a4fd56c0,1,0
"A0349_lbh80x.raw",1,255,0,1,1,1,457.281,1778.052,3073916,3073952,0,2978520,2978520,0,29252,12.642,1765.410,1048576,312380,2ded8c0cc0152be61ba61544689380fa2f1c7824ef913d376a92a996e667ff3f,1,0
"A0350_tex9fb.raw",1,255,0,1,1,1,456.511,1782.141,3073932,3073980,0,2978520,2978520,0,29252,11.698,1770.443,1048576,312380,512ced4fec501089a10945e7529ea429d034d3b5ea0e5e209385de995a8c78ee,1,0
"A0352_zvdebj.raw",1,255,0,1,1,1,509.672,1781.870,3073960,3073952,8,2978520,2978520,0,29252,11.692,1770.178,1048576,312380,d72b654e193e0dc0082e760ce2ac87ff84eb3cf409c56cc04f5745124c8fa1b4,1,0
"A0353_cssdbg.raw",1,255,0,1,1,1,485.445,1776.684,3073932,3073952,0,2978520,2978520,0,29252,12.024,1764.660,1048576,312380,47e80c8bfadeca5e2d7b0777238f366644f2a88ad9c0427585994f89aa0af555,1,0
"A0354_syikha.raw",1,255,0,1,1,1,472.266,1780.198,3073932,3073952,0,2978520,2978520,0,29252,11.781,1768.417,1048576,312380,292ec03a2942ed1ce5f9861e59799ca46eb9e87db6d368895523b6c6de7cd95e,1,0
"A0355_d5zrql.raw",1,255,0,1,1,1,511.841,1781.713,3073952,3073952,0,2978520,2978520,0,29252,11.701,1770.012,1048576,312380,3b96410f1037bd0e3685ab102dcc92742f39caaf69992ba0b663683fce13550e,1,0
"A0356_ew2wb9.raw",1,255,0,1,1,1,514.246,1783.992,3073932,3073952,0,2978520,2978520,0,29252,12.524,1771.468,1048576,312380,ab68f8aa51b2ed455daf7a3573fe1ea90ddf82cd9e6d8cd289f7086aacce7725,1,0
"A0357_jyzhgd.raw",1,255,0,1,1,1,515.222,1781.154,3073932,3073952,0,2978520,2978520,0,29252,12.888,1768.266,1048576,312380,784a4b3c47233ee677bbe2465f21c2154ffa315eab7fd2af1414911db2528752,1,0
"A0358_azetfv.raw",1,255,0,1,1,1,509.695,1777.847,3073932,3073952,0,2978520,2978520,0,29252,11.800,1766.047,1048576,312380,6d32d6b1f76b5186909476ef0702da5cfcf19c26b9441d046700dba9dc2a2dd6,1,0
"A0359_pqllv9.raw",1,255,0,1,1,1,504.254,1779.404,3073952,3073952,0,2978520,2978520,0,29252,11.698,1767.706,1048576,312380,e666b59ee13251a90fbd2b6e1073943da3ce18ad04697c2ee5a89ab07e6cdd3c,1,0
"A0360_pwtuqo.raw",1,255,0,1,1,1,545.642,1780.944,3073932,3073980,0,2978520,2978520,0,29252,11.782,1769.162,1048576,312380,be292bc54cdaf86b23917a9c4ba145c2158b757bfcd0c1b88e758fc2d16efc70,1,0
"A0361_cjbzmd.raw",1,255,0,1,1,1,560.295,1779.364,3073940,3073952,0,2978520,2978520,0,29252,11.681,1767.683,1048576,312380,ef16d5b8d7780780fcd2cca5ffe07dacb8dbe80b6bbc2460eb57a97e0bf2cd7c,1,0
"A0362_ogt4km.raw",1,255,0,1,1,1,634.945,1777.638,3073932,3073952,0,2978520,2978520,0,29252,11.830,1765.808,1048576,312380,726972b5aa03c72ab59a48ec804412c5c930b6a754d0d996cbc3f0fba285d6bd,1,0
"A0363_njr5v5.raw",1,255,0,1,1,1,495.422,1780.540,3073952,3073952,0,2978520,2978520,0,29252,12.818,1767.722,1048576,312380,be200d497565d101d1f588fa93dc0edc4e743b471918afbfccc0c2c3b07f6627,1,0
"A0364_layfgn.raw",1,255,0,1,1,1,512.529,1782.335,3073932,3073952,0,2978520,2978520,0,29252,11.796,1770.539,1048576,312380,444877b0e6d3aff1b3e175d778c972c4a39d4668a34ba50b52e11547085adecc,1,0
"A0365_btvcvn.raw",1,255,0,1,1,1,499.579,1780.856,3074084,3074084,0,2978520,2978520,0,29252,11.662,1769.194,1048576,312380,026ca75d14e7c40d5c3758830ec9e2767c6c3bc27e088322e7cf092c5f5b5411,1,0
"A0366_km2ell.raw",1,255,0,1,1,1,521.577,1778.741,3074064,3074084,0,2978520,2978520,0,29252,11.643,1767.098,1048576,312380,43fb16f4e0c7b97facdadb11b0c5fce5900ccb378975eba55cbe89ceb33285ad,1,0
"A0367_ruqycj.raw",1,255,0,1,1,1,531.981,1780.532,3074064,3074084,0,2978520,2978520,0,29252,11.764,1768.768,1048576,312380,6bcf662b21ebb88f19cd9bf98d28c38a1ebedd924c5bc08c4a762f426eb1c222,1,0
"A0368_bsgs52.raw",1,255,0,1,1,1,529.851,1778.840,3074064,3074084,0,2978520,2978520,0,29252,11.682,1767.158,1048576,312380,d355ae0c346e0e2b89cedee122e7f2df48290968c3a82eb47452a5b5d902e2d2,1,0
"A0369_s4pwkw.raw",1,255,0,1,1,1,559.061,1779.884,3074064,3074112,0,2978520,2978520,0,29252,11.722,1768.162,1048576,312380,eba455f30b84129208e7a86e675decd744750c92bea70f1b7032aef4f750e397,1,0
"A0370_wfarv0.raw",1,255,0,1,1,1,763.128,1777.489,3074092,3074084,8,2978520,2978520,0,29252,11.578,1765.911,1048576,312380,549cf247a33b097daa62dfcabefa0a12d075da07730e4a9dabc56cd23739bc67,1,0
"A0371_joxrak.raw",1,255,0,1,1,1,739.841,1778.293,3074084,3074084,0,2978520,2978520,0,29252,11.638,1766.655,1048576,312380,f82f3f99bed2ebe1b19831dfa8df3b3d7b8fd12c38465bafaa78c24cc3043572,1,0
"A0372_zoohxs.raw",1,255,0,1,1,1,752.058,1779.289,3074084,3074084,0,2978520,2978520,0,29252,11.615,1767.674,1048576,312380,57f50b4bdf6d7c50df58e3338001d7a8e35b0a0750052afa5ed96319712c81c3,1,0
"A0373_z41pvo.raw",1,255,0,1,1,1,727.072,1786.455,3074064,3074084,0,2978520,2978520,0,29252,11.765,1774.690,1048576,312380,545016398796fe5f16f1a425de40a9d9d7dc6bd441f16d81bf71a9eee03499e2,1,0
"A0374_r21kou.raw",1,255,0,1,1,1,801.912,1780.419,3074064,3074084,0,2978520,2978520,0,29252,11.654,1768.765,1048576,312380,942ea19876e1b9369c0c2d0e388ac5f1704386d57bfc33b7816cfba86eee3c28,1,0
"A0376_thu5jh.raw",1,255,0,1,1,1,726.891,1780.246,3074064,3074084,0,2978520,2978520,0,29252,11.768,1768.478,1048576,312380,5b83142c0f4bd5dce6afae91c817e19479793425de38eef96f121800d655ca3d,1,0
"A0377_kkzhwn.raw",1,255,0,1,1,1,772.437,1779.600,3074064,3074084,0,2978520,2978520,0,29252,11.599,1768.001,1048576,312380,2af925d04a8902ab8bfdde54e6372f83e6837b6c04ee6b5dc6e69799ac675f83,1,0
"A0378_wigkro.raw",1,255,0,1,1,1,719.372,1782.183,3074064,3074084,0,2978520,2978520,0,29252,11.843,1770.340,1048576,312380,e67510a87d17d3d1ed77f99a30abf525ca27c02bd28e83cbd84c84fc2ddc3224,1,0
"A0379_hbssm3.raw",1,255,0,1,1,1,822.670,1779.931,3074064,3074084,0,2978520,2978520,0,29252,11.627,1768.304,1048576,312380,7695da8092bcbf677646a00ae145ad60d157c901275d06d747c78097d71a7f48,1,0
"A0380_tjsogc.raw",1,255,0,1,1,1,1027.614,1780.724,3074064,3074084,0,2978520,2978520,0,29252,11.633,1769.091,1048576,312380,6b2ff8b6b8e0879da141601324805616349b9860f6196d4c3cbff7520088746a,1,0
"A0381_rm2xed.raw",1,255,0,1,1,1,1163.551,1777.899,3074064,3074084,0,2978520,2978520,0,29252,11.660,1766.239,1048576,312380,ef6aedb14d309fd7505665a0c86c89c8528d04df76531d777593941eec5b27d9,1,0
"A0382_s5qt3h.raw",1,255,0,1,1,1,729.167,1775.900,3074064,3074084,0,2978520,2978520,0,29252,11.677,1764.223,1048576,312380,8f340d64812614ef25ea917bead9bb95445de5880673f9801fc119a48dd25169,1,0
"A0383_vvjhh8.raw",1,255,0,1,1,1,701.892,1778.913,3074064,3074084,0,2978520,2978520,0,29252,11.672,1767.241,1048576,312380,fcd5ced31bb8d57ef10fd3ae6c788e1ff95fc8d46d472c2614f1fe37dd86d67d,1,0
"A0384_z6tazi.raw",1,255,0,1,1,1,1046.888,1778.168,3074064,3074084,0,2978520,2978520,0,29252,11.622,1766.546,1048576,312380,a599cce1290927ce7f8ea479fa98be7bb2a63d132c76ef2e0f362618e76ce1d8,1,0
"A0385_k1aoy5.raw",1,255,0,1,1,1,743.235,1780.024,3074092,3074084,8,2978520,2978520,0,29252,11.614,1768.410,1048576,312380,9694ef3ee10b0032e6b250aba6b4e0c5e83b08b30413fc449a6ab07f2acb9c78,1,0
"A0386_mjlxio.raw",1,255,0,1,1,1,910.326,1777.460,3074064,3074084,0,2978520,2978520,0,29252,11.675,1765.785,1048576,312380,7497f823de74e0228cee45c365caa7c044d35ec7a05c6b0f1ec9c979aaafd6e4,1,0
"A0387_ynmcl2.raw",1,255,0,1,1,1,733.270,1772.253,3074084,3074084,0,2978520,2978520,0,29252,11.673,1760.580,1048576,312380,33dde3992d2f8b833ff753629f1ab62d59ecb44369f41c85b97d297ec23684aa,1,0
"A0388_trhvtl.raw",1,255,0,1,1,1,727.339,1777.381,3074064,3074084,0,2978520,2978520,0,29252,11.785,1765.596,1048576,312380,b06a885afb161cb044ac1dfbb8a8f417841f1e1bf8d5fe0f29715682ad6bdecb,1,0
"A0389_kemn1f.raw",1,255,0,1,1,1,760.220,1776.662,3074084,3074084,0,2978520,2978520,0,29252,11.656,1765.006,1048576,312380,f2d04afcb5f03f08c4a7ef470fcdae33728cc583bcd4f46dc5e604147997b9ae,1,0
"A0390_hnpat7.raw",1,255,0,1,1,1,714.054,1776.632,3074064,3074084,0,2978520,2978520,0,29252,11.578,1765.054,1048576,312380,b3fbdbc794b3fa1aab03b7512015142b0559784d1221c4d89c748431bbdc292d,1,0
"A0391_fsubq3.raw",1,255,0,1,1,1,726.757,1777.589,3074064,3074084,0,2978520,2978520,0,29252,11.656,1765.933,1048576,312380,c117adea88f388dc5004663591b0936dbe6eaf70685c0500cc9c5ee57567a4c3,1,0
"A0392_oc7uwv.raw",1,255,0,1,1,1,930.287,1774.492,3074064,3074084,0,2978520,2978520,0,29252,11.610,1762.882,1048576,312380,9b4e8e59f7c1fb2de310c482c41e52e59a5515ecebc572f82f2c017456f99a76,1,0
"A0393_ebtlw8.raw",1,255,0,1,1,1,1067.866,1778.472,3073932,3073952,0,2978520,2978520,0,29252,11.577,1766.895,1048576,312380,899f2b997c4da7df45239a7e3c1ecf87ba38530b000fb481d85e62541be84689,1,0
"A0394_pryct3.raw",1,255,0,1,1,1,889.045,1779.499,3073932,3073952,0,2978520,2978520,0,29252,11.660,1767.839,1048576,312380,95fe4745e900064c2f65cdec4a51953afecd2cce2ca162e81202ba65edbcfe54,1,0
"A0395_pswwpv.raw",1,255,0,1,1,1,680.452,1776.979,3073932,3073952,0,2978520,2978520,0,29252,11.678,1765.301,1048576,312380,c2e28454c7ddc89c49b2aba67b84fafa726f8a69a9bbe5744ce457512d12e1be,1,0
"A0396_lfswc9.raw",1,255,0,1,1,1,722.229,1777.504,3073932,3073952,0,2978520,2978520,0,29252,11.726,1765.778,1048576,312380,9b6cc66fffc2b55ead7029bccc14fbb3b2b1ddb866eb72337af85d73e6022cf7,1,0
"A0397_kfddhc.raw",1,255,0,1,1,1,840.984,1774.826,3073932,3073952,0,2978520,2978520,0,29252,11.676,1763.150,1048576,312380,3fb3a5d96b996675c0f6eb95f95a5cc5cf120a2f0b168ffbf1fcc0949cc08b03,1,0
"A0398_vk698p.raw",1,255,0,1,1,1,701.635,1774.899,3073932,3073952,0,2978520,2978520,0,29252,11.794,1763.105,1048576,312380,04089b8441dd5b15b5c283e7e932e657eaac74b53df1cfdb2eab5cbed5e5b41d,1,0
"A0399_rbwika.raw",1,255,0,1,1,1,927.978,1776.211,3073932,3073952,0,2978520,2978520,0,29252,11.653,1764.558,1048576,312380,6cb3fdee1ed9d2538d965bbb48f89ac31e3238a66f80c2e2c01ff67e9bb6b3d4,1,0
"A0400_eqg00u.raw",1,255,0,1,1,1,749.242,1777.528,3073952,3073952,0,2978520,2978520,0,29252,11.636,1765.892,1048576,312380,120f3c081dad5d9267ffa53f896b43ea5422b212863c7e6c18a94403f58db78b,1,0
"A0401_rilc1b.raw",1,255,0,1,1,1,719.002,1778.499,3073932,3073952,0,2978520,2978520,0,29252,11.632,1766.867,1048576,312380,8fef6f1fec190c71fd6b21257ed64877873d9efc2d282953abd1eb260a3ec38f,1,0
"A0402_w0vt9h.raw",1,255,0,1,1,1,842.747,1779.308,3073932,3073952,0,2978520,2978520,0,29252,11.672,1767.636,1048576,312380,fff3ed59b361d8b54c22f88dd598cb576c14f02f9ff8776b5e44e1ca2994de94,1,0
"A0403_wffqhr.raw",1,255,0,1,1,1,720.041,1774.596,3073932,3073952,0,2978520,2978520,0,29252,11.674,1762.922,1048576,312380,a854289b58ab6b37ad78968b938d694b0d2cd63ea96930ef2cec4479c4f1426c,1,0
"A0404_uzsvg8.raw",1,255,0,1,1,1,649.057,1774.943,3073932,3073952,0,2978520,2978520,0,29252,11.650,1763.293,1048576,312380,c9e0136c09881e7b41688ebc736f11cfbc20fe66d1d239e2cf51e14a2870b74b,1,0
"A0405_tg9teh.raw",1,255,0,1,1,1,736.765,1775.983,3073932,3073952,0,2978520,2978520,0,29252,11.941,1764.042,1048576,312380,445f9f1dcb092769f7b07f15f339d09cf0c190ad6d35afb9e18e8aa9bd7b918e,1,0
"A0406_zflebv.raw",1,255,0,1,1,1,948.717,1776.089,3073932,3073952,0,2978520,2978520,0,29252,11.639,1764.450,1048576,312380,efc21d7cfc643a2199d72b6c3b3f248c444552e5cc8595e5497af38f2adf1d47,1,0
"A0407_rbgpmh.raw",1,255,0,1,1,1,734.776,1777.142,3073932,3073952,0,2978520,2978520,0,29252,11.816,1765.326,1048576,312380,b29567912845404b2043db0cc6af03f540ff985ba29393f3ddafcbf112c1187e,1,0
"A0408_f7y5c6.raw",1,255,0,1,1,1,815.703,1777.368,3073932,3073952,0,2978520,2978520,0,29252,11.678,1765.690,1048576,312380,cd308b821d37b3482f97e76d9f5c8981fa4a7f58b996bf97ed642af6e37a7f09,1,0
"A0409_e4wdni.raw",1,255,0,1,1,1,934.958,1777.956,3073932,3073952,0,2978520,2978520,0,29252,11.545,1766.411,1048576,312380,c7e565833629bb8f9ecd221eb2ab8cb4289419cdbf93f85c6c1bd865c8b7bfc8,1,0
"A0410_dojvrg.raw",1,255,0,1,1,1,711.700,1774.476,3073932,3073952,0,2978520,2978520,0,29252,11.605,1762.871,1048576,312380,294e4b8a1f77caeda7befbadd347d331962cbe9c3469544d6b50b09d21b27d0c,1,0
"A0411_dfilzh.raw",1,255,0,1,1,1,675.132,1779.479,3073932,3073952,0,2978520,2978520,0,29252,11.688,1767.791,1048576,312380,87eef430ef4236564a1df0f634b841662bebfccddd86b9938cb0e5b3b4204ad5,1,0
"A0412_n3jvir.raw",1,255,0,1,1,1,894.975,1779.078,3073932,3073952,0,2978520,2978520,0,29252,11.642,1767.436,1048576,312380,28a3b15fa8adbc9132f1ce53bb25226ad77f7130875b99b631a8b5e36bf54212,1,0
"A0413_g1j1dn.raw",1,255,0,1,1,1,728.462,1776.773,3073932,3073952,0,2978520,2978520,0,29252,11.771,1765.002,1048576,312380,13882d8bfae5d7268bc1f4e67ba5d94ce4d7b2158e1881c6aad8668e42e821ad,1,0
"A0414_lv2t3u.raw",1,255,0,1,1,1,663.137,1778.981,3073932,3073936,0,2978520,2978520,0,29252,11.688,1767.293,1048576,312380,138a948cc2ca71c70dee3d25a44b0ab8568e91be51f447f5fc5c9e743344fdf8,1,0
"A0415_vah7zi.raw",1,255,0,1,1,1,718.227,1773.664,3073932,3073952,0,2978520,2978520,0,29252,11.583,1762.081,1048576,312380,166c02daa3d185ce0a5d2df4f947fb3d3f4db3cd562897eff03db4c6a7689af5,1,0
"A0416_scjbfe.raw",1,255,0,1,1,1,1033.509,1779.435,3073932,3073952,0,2978520,2978520,0,29252,11.654,1767.781,1048576,312380,2e8c0ff2223e04de26e2890725f6867c3b468db439e9e176494ca2c258b55a28,1,0
"A0417_ad97qt.raw",1,255,0,1,1,1,732.669,1779.573,3073932,3073952,0,2978520,2978520,0,29252,11.781,1767.792,1048576,312380,0d2b2e7a7e03c1c782aada10da8441f4b4d273d31e01acc586b94f34b345e9ba,1,0
"A0418_qs0nro.raw",1,255,0,1,1,1,716.798,1776.454,3073932,3073952,0,2978520,2978520,0,29252,11.694,1764.760,1048576,312380,a7b4805b3f217f66c01156637ec22e3f3f6869d983d25ec17f0d2f5e346b4eb3,1,0
"A0419_ahvcmt.raw",1,255,0,1,1,1,652.318,1777.912,3073932,3073952,0,2978520,2978520,0,29252,11.594,1766.318,1048576,312380,63152b84fb7194f8df02a83cb8867075d62ae3e35d4960d0fc5942921da5a396,1,0
"A0420_vsemxf.raw",1,255,0,1,1,1,756.763,1779.500,3073932,3073952,0,2978520,2978520,0,29252,11.671,1767.829,1048576,312380,fa6bdca230f910061d7fd0c395b198a4e9e9b1ed36530ebd52d9e97bf132f578,1,0
"A0421_keuvyd.raw",1,255,0,1,1,1,702.111,1780.876,3073932,3073952,0,2978520,2978520,0,29252,11.658,1769.218,1048576,312380,f5649cb703cb08f1a9274bb79794973aa5b5717e1839461255edc5fba9e3bb33,1,0
"A0422_r5hsns.raw",1,255,0,1,1,1,932.848,1775.070,3073932,3073952,0,2978520,2978520,0,29252,11.642,1763.428,1048576,312380,47d9810d055468370d7dffe886d4ae856b392ab05200adab5016e9335e40fbd5,1,0
"A0423_tvwfxt.raw",1,255,0,1,1,1,743.543,1772.665,3073952,3073952,0,2978520,2978520,0,29252,11.678,1760.987,1048576,312380,3452c223f3f92a55d2a5de64ba7438318d1dcc0b6528835c8b9f9c9b8b816f9d,1,0
"A0424_dpdtdp.raw",1,255,0,1,1,1,828.727,1776.180,3073932,3073952,0,2978520,2978520,0,29252,11.637,1764.543,1048576,312380,ab7e6a326d72ae0d3c3925059e2c932402220ee100736e619fad90694a1c4065,1,0
"A0425_zb0vdx.raw",1,255,0,1,1,1,827.696,1777.387,3073932,3073952,0,2978520,2978520,0,29252,11.678,1765.709,1048576,312380,c2e5b16d1f6de2f6336d8cb85bd0c9fce1e2a1462f52ef6c1231ab0d763f6f5b,1,0
"A0426_hddmf6.raw",1,255,0,1,1,1,735.774,1774.351,3073952,3073952,0,2978520,2978520,0,29252,11.658,1762.693,1048576,312380,e595671f2a8f8165f7fe5ed8b147cdb67754da1666fcdf63a931b197028d37b3,1,0
"A0427_crhssy.raw",1,255,0,1,1,1,727.789,1776.493,3073932,3073952,0,2978520,2978520,0,29252,11.582,1764.911,1048576,312380,84a558d01d9842c8b826d45441560ac33ddf7b8231d0eed4536b208e370abc0d,1,0
"A0428_xgl8bw.raw",1,255,0,1,1,1,1038.647,1776.224,3073932,3073952,0,2978520,2978520,0,29252,11.642,1764.582,1048576,312380,c33768a6a51f04a730b1bb8e30172c861ab0781a1f21b75fd8f7cb612485977c,1,0
"A0429_lrjppg.raw",1,255,0,1,1,1,730.335,1778.764,3073952,3073952,0,2978520,2978520,0,29252,11.600,1767.164,1048576,312380,d1cf66f854a20a00945023fe25a9928ca8e1f8e32d78477c27e8fe966cd467e0,1,0
"A0430_iohwav.raw",1,255,0,1,1,1,656.578,1780.706,3073932,3073952,0,2978520,2978520,0,29252,11.698,1769.008,1048576,312380,e77efe6086272b12fa533cff27c078181a26bf6f74eeaa0f77f4e21a34dd625d,1,0
"A0431_oknhqk.raw",1,255,0,1,1,1,707.052,1778.345,3073932,3073952,0,2978520,2978520,0,29252,11.640,1766.705,1048576,312380,6006e9f92409fc3b7d85978304d0f69ed573c866cc370c5900591412548bc9d5,1,0
"A0432_r8uyuf.raw",1,255,0,1,1,1,926.612,1776.654,3073932,3073952,0,2978520,2978520,0,29252,11.672,1764.982,1048576,312380,c78be044abc7a402dbb63630e78d489ecb87cb4b19dc4c2a1e82794a687eaf9d,1,0
"A0433_ftsb7l.raw",1,255,0,1,1,1,733.828,1778.991,3073932,3073952,0,2978520,2978520,0,29252,11.766,1767.225,1048576,312380,5af019ca9c69eaf3391c018ead12f80bf9ec1a7cd2311850f14aaf0ff1fa74b6,1,0
"A0434_g58dax.raw",1,255,0,1,1,1,713.863,1776.258,3073932,3073952,0,2978520,2978520,0,29252,11.663,1764.595,1048576,312380,c97e61d8d62520c330995280040a67c64cd1182f192871d9251791ecbad03e0c,1,0
"A0435_vs0v09.raw",1,255,0,1,1,1,815.470,1776.636,3073932,3073952,0,2978520,2978520,0,29252,11.600,1765.036,1048576,312380,21879407e7873e15f3a56e1f9062a68957bfac508ff602dc0a48d2c5580459ce,1,0
"A0436_rf7nm6.raw",1,255,0,1,1,1,577.333,1775.700,3073932,3073952,0,2978520,2978520,0,29252,11.823,1763.877,1048576,312380,b63386a3c9e6e2955f69d4be26f1654d8ca2b7a6364a59fab897729f3b4ccaf7,1,0
"A0437_msxuo6.raw",1,255,0,1,1,1,701.402,1777.797,3073932,3073952,0,2978520,2978520,0,29252,11.558,1766.239,1048576,312380,f302ff200b4b78c318ce98d4f5b1f84b81d4076a50bb9fa47bcc9702556d5579,1,0
"A0440_ntynus.raw",1,255,0,1,1,1,748.741,1776.640,3073952,3073952,0,2978520,2978520,0,29252,11.633,1765.007,1048576,312380,afb52966fada95204d7179d174eae19bb38a18de41b190760f5cb28e47fb4b07,1,0
"A0441_v7wwui.raw",1,255,0,1,1,1,730.731,1776.825,3073952,3073952,0,2978520,2978520,0,29252,11.802,1765.023,1048576,312380,223cdadf28451adb1e379a96f31f1d2ed7af2281d34f69fbf4f8f851cd5c04fa,1,0
"A0442_dqkqpe.raw",1,255,0,1,1,1,731.778,1775.432,3073952,3073952,0,2978520,2978520,0,29252,11.674,1763.758,1048576,312380,e0fa6c21e2d91543ba15ea2f7caa6f5cce28d714d42180da12356d76d86f9289,1,0
"A0443_nsskxx.raw",1,255,0,1,1,1,727.164,1778.426,3073932,3073952,0,2978520,2978520,0,29252,11.665,1766.761,1048576,312380,ccb3ef31983af08cd9f388ec05e70ed22e1dfacd463abb8187399bdc31004a25,1,0
"A0444_il9w1f.raw",1,255,0,1,1,1,741.093,1775.054,3073952,3073952,0,2978520,2978520,0,29252,11.687,1763.367,1048576,312380,1bfa823e18be1a7b5b2938d4f1bd946c72a892b269b96c00fa42292ba4deb4e5,1,0
"A0445_qwyknw.raw",1,255,0,1,1,1,731.214,1778.143,3073932,3073952,0,2978520,2978520,0,29252,11.773,1766.370,1048576,312380,a8b7a452a004796a2c7d7791c71e2487cba81c4a5f61899dc4f77bb1f88b3ea3,1,0
"A0446_acwzym.raw",1,255,0,1,1,1,735.941,1777.141,3073952,3073952,0,2978520,2978520,0,29252,11.669,1765.472,1048576,312380,f9dd396ed82caccba652005c77416c48d0fa9e74333e06e971cdbd9daf4d0ccc,1,0
"A0447_ztuewd.raw",1,255,0,1,1,1,1027.294,1777.754,3073932,3073952,0,2978520,2978520,0,29252,11.593,1766.161,1048576,312380,22164c6f58efa97baff45ab1916e96329444a1318e8b699c92fa2920e999ca6d,1,0
"A0448_hjoceg.raw",1,255,0,1,1,1,1060.406,1776.136,3073932,3073952,0,2978520,2978520,0,29252,11.705,1764.431,1048576,312380,7b9e1c18802c3e06e7962d54aa5638119d6569f2b1d3f06c0f1a9c2c721ff9fa,1,0
"A0449_hchlnu.raw",1,255,0,1,1,1,734.788,1780.671,3073952,3073952,0,2978520,2978520,0,29252,11.682,1768.989,1048576,312380,77b6282c6e91abff7064f29fa4f14bd70215112fccaeae8da65123c9a7c7e164,1,0
"A0450_r9v6aw.raw",1,255,0,1,1,1,598.593,1776.989,3073932,3073952,0,2978520,2978520,0,29252,11.671,1765.318,1048576,312380,5ee3063ce7ba3d1d5953b420b4b4249751e99d02aa5740f2c50defe5426b454f,1,0
"A0451_cjyaqu.raw",1,255,0,1,1,1,755.191,1778.331,3073952,3073936,16,2978520,2978520,0,29252,11.662,1766.669,1048576,312380,277103eb70aed96cf7382cacf9ba4acb2d5e1ab80ab5ea84ba5efa0f229b6ee4,1,0
"A0452_m0ut30.raw",1,255,0,1,1,1,712.360,1777.848,3073932,3073952,0,2978520,2978520,0,29252,11.648,1766.200,1048576,312380,fdeabd445b39a5516d6a8287ba8702391424b17dace143ea95c1c3c8feb0d761,1,0
"A0453_dvu9kl.raw",1,255,0,1,1,1,870.197,1777.637,3073932,3073952,0,2978520,2978520,0,29252,11.700,1765.937,1048576,312380,7b8a5483def32ad412a1419a1337e9eb77dcf3bb6644ecfe03b105ceaea473f0,1,0
"A0454_jk4df0.raw",1,255,0,1,1,1,690.778,1776.176,3073932,3073952,0,2978520,2978520,0,29252,11.673,1764.503,1048576,312380,ce70c96557edc13439625711f1ab04a387542ae7c93176189f00b47647170322,1,0
"A0455_zaucsk.raw",1,255,0,1,1,1,744.920,1777.776,3073952,3073952,0,2978520,2978520,0,29252,11.656,1766.120,1048576,312380,666e8963d88930d0267c5a56db8ed448b580b2bf2891b5e4306eecd11d6c84c4,1,0
"A0456_q4rdoh.raw",1,255,0,1,1,1,825.983,1775.301,3073932,3073952,0,2978520,2978520,0,29252,11.614,1763.687,1048576,312380,2076d580918f93f1f650ed94f0ca56267e8c6de4bc1f41fb58eed2f5c3538372,1,0
"A0457_ygc8fl.raw",1,255,0,1,1,1,751.508,1776.419,3073952,3073952,0,2978520,2978520,0,29252,11.665,1764.754,1048576,312380,f0a1efd351f0454d3b60283286610d0299b766fbd4780cbf13c381062a867ec2,1,0
"A0460_qeqqbx.raw",1,255,0,1,1,1,719.371,1774.740,3073932,3073952,0,2978520,2978520,0,29252,11.651,1763.089,1048576,312380,4467e6f0bfcb1a09ba549cfd9e60b676c698295fe7211661df5276269ff8d466,1,0
"A0461_vyvota.raw",1,255,0,1,1,1,736.684,1774.810,3073952,3073952,0,2978520,2978520,0,29252,11.580,1763.230,1048576,312380,32605b455b2c547cd87d3d9d20e69529ecd5732e9beb8974348c69a7e2b06358,1,0
"A0462_tbli0t.raw",1,255,0,1,1,1,816.318,1778.293,3073932,3073952,0,2978520,2978520,0,29252,11.629,1766.664,1048576,312380,05168ee6194733ef17cc25a6d4e96757da69f5456f5a941f971b880b8918affa,1,0
"A0463_xlxxae.raw",1,255,0,1,1,1,711.573,1773.744,3073932,3073952,0,2978520,2978520,0,29252,11.680,1762.064,1048576,312380,be3460ec164028e5e62c1f9ab09b5c867ceff34c03474e357c7effa65ce31450,1,0
"A0464_vlecha.raw",1,255,0,1,1,1,760.843,1774.694,3073932,3073952,0,2978520,2978520,0,29252,11.608,1763.086,1048576,312380,5c283aa1a7717c866744ecd39c08c399f1e32815ec457aac8d32ff4a7728e6fe,1,0
"A0465_asowsq.raw",1,255,0,1,1,1,720.466,1774.016,3073932,3073952,0,2978520,2978520,0,29252,11.783,1762.233,1048576,312380,a2d760f6970b1ab708c4ae8b1e0f19ce87a8ed2e5a2df17c479d291754c847e1,1,0
"A0466_swkz2f.raw",1,255,0,1,1,1,728.919,1780.501,3073932,3073952,0,2978520,2978520,0,29252,11.764,1768.737,1048576,312380,9e1a33519fdb2d79c5f4be80a4ed0561ce0e3bc8a3e41135a958dc83832900e4,1,0
"A0467_kefijj.raw",1,255,0,1,1,1,745.504,1773.760,3073952,3073952,0,2978520,2978520,0,29252,11.598,1762.162,1048576,312380,9b85c621ce295c346eb67e6acf1b95ec97a9199ad5d2f778125f5ab3528f3d29,1,0
"A0468_xznvsy.raw",1,255,0,1,1,1,660.055,1777.750,3073932,3073952,0,2978520,2978520,0,29252,11.576,1766.174,1048576,312380,7387d08f605855afe11def5aaaf25dc5fc1be8c1e10c0dead85da7b75f05c9ce,1,0
"A0469_cjnozm.raw",1,255,0,1,1,1,1114.384,1777.163,3073932,3073952,0,2978520,2978520,0,29252,11.651,1765.512,1048576,312380,9920945051c8ca0af07da3222812216581c97b0860588dd86c19a27ff52ca277,1,0
"A0470_sr1crp.raw",1,255,0,1,1,1,731.652,1779.220,3073940,3073952,0,2978520,2978520,0,29252,11.742,1767.478,1048576,312380,8351bc9b2678b672c207d99c417b0e48b023a43a0b59d2ce0d20adf1da8c7937,1,0
"A0471_vegjb2.raw",1,255,0,1,1,1,718.164,1776.177,3073932,3073952,0,2978520,2978520,0,29252,11.637,1764.540,1048576,312380,5f7fab66a6ee264a92d4b9f9eb856d78b46dd62f9c799556dbac813fa5839723,1,0
"A0472_anpbxw.raw",1,255,0,1,1,1,948.758,1776.462,3073932,3073952,0,2978520,2978520,0,29252,11.576,1764.886,1048576,312380,550f9af0d4c2b90e1f348b83ca4c419e36a3cb779853db377c7fa830df8a2b23,1,0
"A0473_f0xhxn.raw",1,255,0,1,1,1,627.634,1779.385,3073932,3073952,0,2978520,2978520,0,29252,11.635,1767.750,1048576,312380,5a259fd0b64e4c159411d5ea0cdb51aff492528f8d4ad0c283899e78ed729401,1,0
"A0474_lcgqt3.raw",1,255,0,1,1,1,775.177,1778.097,3073932,3073952,0,2978520,2978520,0,29252,11.704,1766.393,1048576,312380,635d1ace266ef7c1e7c008882f7c511e7c6c8635e4897767121a96e71cc411ef,1,0
"A0475_izdi4w.raw",1,255,0,1,1,1,887.838,1775.256,3073932,3073952,0,2978520,2978520,0,29252,11.671,1763.585,1048576,312380,744792a623000ecc152baba9d111eba1a9bc9051a92d5a8bfeea8a9e21a3051a,1,0
"A0476_sicood.raw",1,255,0,1,1,1,736.108,1778.979,3073952,3073952,0,2978520,2978520,0,29252,11.579,1767.400,1048576,312380,1cbe184048192dc181d39ad735b080245cdaa43eb1447b28a1fc5b6af96ee80b,1,0
"A0477_hkkbrr.raw",1,255,0,1,1,1,655.031,1779.840,3073932,3073952,0,2978520,2978520,0,29252,11.721,1768.119,1048576,312380,428cf488e84162d10f63a4e3c4de146c70b16fb1f76a3a9962a2370aae7df99e,1,0
"A0478_assip5.raw",1,255,0,1,1,1,916.793,1775.365,3073932,3073952,0,2978520,2978520,0,29252,11.661,1763.704,1048576,312380,4d467691e69c778da303c0f2dd5b316aadba0f4c0d8dc9cb62838cbe7cf879f8,1,0
"A0479_iwl6rk.raw",1,255,0,1,1,1,739.167,1777.674,3073952,3073952,0,2978520,2978520,0,29252,11.587,1766.087,1048576,312380,f7fbdbe46a41ff30ed900d3218dec769a1edb4bf914d5014a7b99dd349773079,1,0
"A0480_d6kou8.raw",1,255,0,1,1,1,748.908,1779.097,3073952,3073952,0,2978520,2978520,0,29252,11.557,1767.540,1048576,312380,16f802976c5fc8fd00c4b103b29b18e901639590265d002d6fb476fae747ee32,1,0
"A0481_tfxlsp.raw",1,255,0,1,1,1,700.069,1773.412,3073932,3073952,0,2978520,2978520,0,29252,11.697,1761.715,1048576,312380,fa0fba25c29fe30e61f15f88565fb418f4c20ca8df750b5c8fb64a9d5025908a,1,0
"A0482_qkkfjr.raw",1,255,0,1,1,1,694.795,1776.108,3073932,3073952,0,2978520,2978520,0,29252,12.515,1763.593,1048576,312380,e654b4b56afb1355e69bac53186bcb4c17eab8b29e4fd252de637f0a3b4c564d,1,0
"A0483_jknnb3.raw",1,255,0,1,1,1,665.271,1770.374,3073932,3073952,0,2978520,2978520,0,29252,11.675,1758.699,1048576,312380,1659fb567a77880a96debb11ed40ad2c3d48ba6f980841a20b96b3c6e3ca35dc,1,0
"A0484_bntigi.raw",1,255,0,1,1,1,949.980,1774.500,3073932,3073952,0,2978520,2978520,0,29252,11.675,1762.825,1048576,312380,45b39e79ec26f4491dae9cd8e584521a697eb40431381c6f373e0516953ce77b,1,0
"A0485_xhwwsw.raw",1,255,0,1,1,1,665.383,1775.896,3073932,3073952,0,2978520,2978520,0,29252,11.738,1764.158,1048576,312380,de52c19084f0d2bfb9ed1821e977f9b9646ecd7f9e960635ff20e57fc4b2d387,1,0
"A0486_tpalip.raw",1,255,0,1,1,1,707.454,1776.613,3073932,3073952,0,2978520,2978520,0,29252,11.654,1764.959,1048576,312380,5df320de95700b4758a69eaad7c043ad640ad8c6cc43c913c6d41dbe53a59ac9,1,0
"A0487_svmkzb.raw",1,255,0,1,1,1,726.905,1778.079,3073932,3073952,0,2978520,2978520,0,29252,11.782,1766.297,1048576,312380,4b7fb30d5f43eb0f35ab02b20a4a10725dac6eedf28a3323f3f406e12b84ef45,1,0
"A0488_n1nhui.raw",1,255,0,1,1,1,710.105,1773.146,3073932,3073952,0,2978520,2978520,0,29252,11.656,1761.490,1048576,312380,6c12638c394fb1861f1177573a084c09fb63e38483548e407a77e7f5b66599d2,1,0
"A0489_r5fgah.raw",1,255,0,1,1,1,779.456,1772.917,3073932,3073952,0,2978520,2978520,0,29252,11.587,1761.330,1048576,312380,77672267e508fa2352c2fd96d97f39b4ac24230787d0ab7e88480ca3745c07be,1,0
"A0490_qgy6rp.raw",1,255,0,1,1,1,726.256,1774.609,3073952,3073980,0,2978520,2978520,0,29252,11.773,1762.836,1048576,312380,9089b05eb7243b5c7970f3d8cd26d97923c17fe56a848762f3534f517bd34350,1,0
"A0491_i88loc.raw",1,255,0,1,1,1,737.681,1775.830,3073940,3073952,0,2978520,2978520,0,29252,11.656,1764.174,1048576,312380,8e7675b056512f6ba73e9b41e390d22d94fa662d016efee6b920727a441a5e51,1,0
"A0492_swhvle.raw",1,255,0,1,1,1,700.613,1779.008,3073932,3073952,0,2978520,2978520,0,29252,11.655,1767.353,1048576,312380,ac13bcd56de5d5ce1fdd224e3aae74bd75851e90fdaa69ff91f4388237e60f21,1,0
"A0493_o51twc.raw",1,255,0,1,1,1,683.960,1783.292,3073932,3073952,0,2978520,2978520,0,29252,11.712,1771.580,1048576,312380,d46b3cb70df178d053edc818809ce86b3c75ccab449bf54886f65979c35cbe4d,1,0
"A0494_mqhtek.raw",1,255,0,1,1,1,676.720,1783.353,3074064,3074084,0,2978520,2978520,0,29252,11.620,1771.733,1048576,312380,b5cfeb2f8ba8b76ee94a43fa4fa2074636e33690ad8cac052dd08a71a896e0a3,1,0
"A0495_y2b89h.raw",1,255,0,1,1,1,723.575,1778.944,3074064,3074084,0,2978520,2978520,0,29252,11.607,1767.337,1048576,312380,d47a277ee0f1d0f220962f01ffed668d2a47579d45060265697a8f7cc93d44ef,1,0
"A0496_vm1dk9.raw",1,255,0,1,1,1,640.649,1775.998,3074064,3074084,0,2978520,2978520,0,29252,11.589,1764.409,1048576,312380,7f07f0c27354353eddaac516a1066db33a5f5d0089a761289daff112437a7f5b,1,0
"A0497_eamtyq.raw",1,255,0,1,1,1,704.072,1775.670,3074064,3074084,0,2978520,2978520,0,29252,11.667,1764.003,1048576,312380,bd588bbb32063eff3bf8ee695437508a226b48eb80c22e72e9f10c7d0bbe6234,1,0
"A0498_lfav63.raw",1,255,0,1,1,1,737.292,1777.319,3074064,3074084,0,2978520,2978520,0,29252,11.742,1765.577,1048576,312380,13a65769768f67ede78502877991a678af29a10d60c4e21be308eac103a6f44b,1,0
"A0499_xne8pi.raw",1,255,0,1,1,1,725.585,1775.054,3074064,3074084,0,2978520,2978520,0,29252,11.790,1763.264,1048576,312380,8d7f0c5d71bc66279b21810546cd95078c252e4b45ef7b60f4c95c291abd9777,1,0
"A0500_xtopuy.raw",1,255,0,1,1,1,732.808,1778.747,3074092,3074084,8,2978520,2978520,0,29252,11.673,1767.074,1048576,312380,61be9c6554dc091e56cef9827a7526d0d99e37bced96b62857651f65b6422cb1,1,0
"A0501_at6y7x.raw",1,255,0,1,1,1,936.224,1775.260,3074064,3074084,0,2978520,2978520,0,29252,11.645,1763.615,1048576,312380,c5891d88021223d56f4abeec1a81d071cc444986198ee162731da294598cc185,1,0
"A0502_p0l3k7.raw",1,255,0,1,1,1,741.609,1776.152,3074084,3074084,0,2978520,2978520,0,29252,11.660,1764.492,1048576,312380,6431d7797261598cbb325f9c7a4c73f613656884cf6afeb746451c4192be89e1,1,0
"A0503_o9cfdx.raw",1,255,0,1,1,1,735.582,1774.768,3074064,3074084,0,2978520,2978520,0,29252,11.747,1763.021,1048576,312380,fab22776ac980d3e8241841264bd4d5d2a6c99a4491e125e31607e29cf204d3d,1,0
"A0504_pyua7m.raw",1,255,0,1,1,1,746.767,1776.172,3074084,3074084,0,2978520,2978520,0,29252,11.689,1764.483,1048576,312380,26f6903f4e4395fb96b473343d6419ceeda31cb4e5729106759e26efc018c5d2,1,0
"A0505_bbbusp.raw",1,255,0,1,1,1,727.220,1779.459,3074064,3074084,0,2978520,2978520,0,29252,11.749,1767.710,1048576,312380,85a30a65d7b53d7ceee7dc116ffa31c36d6d75ff2463d679b79ad989d82dc0af,1,0
"A0506_kadii0.raw",1,255,0,1,1,1,735.647,1773.128,3074084,3074084,0,2978520,2978520,0,29252,11.673,1761.455,1048576,312380,c0046e6b5d25fed82d03b9fbbd7bf08db4976af4cee6d5ca5da94576e7eb6fba,1,0
"A0507_pe5hgg.raw",1,255,0,1,1,1,734.809,1771.400,3074084,3074084,0,2978520,2978520,0,29252,11.672,1759.728,1048576,312380,0c97f0ba67ed0d76748b003a7e3ab7cd17f68ba81ea10c62a5886d0a1394d94b,1,0
"A0508_earveh.raw",1,255,0,1,1,1,1100.103,1779.330,3074064,3074084,0,2978520,2978520,0,29252,12.411,1766.919,1048576,312380,f1698ac9450d78f7543512320747137a19dbafd954c90bc392df61d96d9c62d5,1,0
"A0509_va1ytr.raw",1,255,0,1,1,1,650.792,1776.878,3074064,3074084,0,2978520,2978520,0,29252,11.569,1765.309,1048576,312380,5a3b0f8c25532fe9019769d12af651df80040769c454ad5168f17285c3d3a10d,1,0
"A0510_sidcww.raw",1,255,0,1,1,1,732.619,1775.346,3074084,3074084,0,2978520,2978520,0,29252,11.660,1763.686,1048576,312380,80a44806c59e729f738a20db7ea4d734976a935728254c4ef22f21239ae27467,1,0
"A0511_kamyz0.raw",1,255,0,1,1,1,952.009,1777.515,3074064,3074084,0,2978520,2978520,0,29252,11.652,1765.863,1048576,312380,eeac47fd94eae1f9e04fa19b41a2d95a03b1cfd46cce9419f45e8a286a395934,1,0
"A0512_yzhvei.raw",1,255,0,1,1,1,999.084,1777.567,3074084,3074084,0,2978520,2978520,0,29252,12.487,1765.080,1048576,312380,78747f821d164c050ef37b07ac468a86fed53bdb2653ed4a7253139e9a434075,1,0
"A0513_cbwrja.raw",1,255,0,1,1,1,682.819,1776.077,3074064,3074084,0,2978520,2978520,0,29252,11.656,1764.421,1048576,312380,3ea8569ce525fef89c7b75637135add9fb405812580f34dc543129f8820a641e,1,0
"A0514_j9x2cs.raw",1,255,0,1,1,1,748.184,1777.859,3074084,3074084,0,2978520,2978520,0,29252,11.647,1766.212,1048576,312380,e07761cd47c944432952607f08be095756f08534525c363672489cca83de0a55,1,0
"A0515_riyszz.raw",1,255,0,1,1,1,751.186,1777.661,3074084,3074084,0,2978520,2978520,0,29252,12.586,1765.075,1048576,312380,461ee7f3350e36ba5e91d3dd7b655411956d2972c9f7dc43227a92b6d7adeb79,1,0
"A0516_fzplpi.raw",1,255,0,1,1,1,795.633,1775.912,3074064,3074084,0,2978520,2978520,0,29252,11.629,1764.283,1048576,312380,aee79c339c1ca648cc7c33af5ae7d1b201570a1ce8018383582a66a604947b66,1,0
"A0517_azl09d.raw",1,255,0,1,1,1,854.181,1778.321,3074064,3074084,0,2978520,2978520,0,29252,11.576,1766.745,1048576,312380,8ed7a38b4cdd8f36695d57a2aa3ff3a48a4c9e86502e2fcbcd01c673764de57c,1,0
"A0518_ouwrq5.raw",1,255,0,1,1,1,724.917,1772.383,3074064,3074084,0,2978520,2978520,0,29252,11.825,1760.558,1048576,312380,26d5bfb884d707382d89b7f8dc927fab26d2a1da1041009c916cd6e5fac8d22a,1,0
"A0519_fch6p5.raw",1,255,0,1,1,1,722.736,1774.051,3074064,3074084,0,2978520,2978520,0,29252,11.670,1762.381,1048576,312380,09151cdb5946fa84ba21424160ab0f0e1b4599f8a6b017e56b395273ddd77d69,1,0
"A0520_wms8t7.raw",1,255,0,1,1,1,844.840,1773.038,3074072,3074084,0,2978520,2978520,0,29252,11.653,1761.385,1048576,312380,4996599f76e1a8c6f64e4e1b2e13cd4cd06ba3652f227538e71c5f20cddb0888,1,0
"A0521_zrv9be.raw",1,255,0,1,1,1,708.088,1774.155,3073932,3073952,0,2978520,2978520,0,29252,11.636,1762.519,1048576,312380,342bc6c64620cf18250d1a41f9b975b30547e3f6aa4c6ef38193c8c4ee43a997,1,0
"A0522_sdy6pp.raw",1,255,0,1,1,1,743.180,1775.551,3073952,3073952,0,2978520,2978520,0,29252,11.580,1763.971,1048576,312380,0344e77f709672fd29957ff2d25e9ea26b3d5e45d7a84635dae232900b5e8365,1,0
"A0523_my3hwa.raw",1,255,0,1,1,1,739.304,1771.629,3073952,3073952,0,2978520,2978520,0,29252,11.583,1760.046,1048576,312380,4bdb50eae51be04d84f943060741f4dd358ab09a89530f131ae82b488f06a252,1,0
"A0524_eayaz7.raw",1,255,0,1,1,1,747.865,1777.558,3073952,3073952,0,2978520,2978520,0,29252,11.606,1765.952,1048576,312380,93a00f57c03827a4b1e0fbfe80f218cb15abf480d43e45eccb5e02636ed6dd64,1,0
"A0525_ns7v4d.raw",1,255,0,1,1,1,723.866,1773.912,3073932,3073952,0,2978520,2978520,0,29252,11.615,1762.297,1048576,312380,5d80f8898c50534b56facba2f4ceb4090a25d61d29612e577d2977407b89bb59,1,0
"A0526_vc3lwl.raw",1,255,0,1,1,1,727.241,1771.364,3073932,3073952,0,2978520,2978520,0,29252,11.687,1759.677,1048576,312380,b6dbf5fc1ffc8cbedcb8f25c927fa28e92b7f1b8838ad18f3dcb812b20afdc6f,1,0
"A0527_fukqby.raw",1,255,0,1,1,1,740.892,1777.987,3073952,3073952,0,2978520,2978520,0,29252,11.664,1766.323,1048576,312380,cac23da72c8f6e7c24ee1b531a5d922d566592c56b00938b934e5740612985b0,1,0
"A0528_d5qz3n.raw",1,255,0,1,1,1,617.536,1783.376,3073932,3073952,0,2978520,2978520,0,29252,11.592,1771.784,1048576,312380,057069133730a635f590bec5117b2db36dfa53c2842c076246de57ae380c98a1,1,0
"A0529_fqs9ek.raw",1,255,0,1,1,1,735.918,1773.297,3073932,3073952,0,2978520,2978520,0,29252,11.769,1761.528,1048576,312380,7ce1d02a21b413f72544cb3021805241db1d52c58a6941597439d49126aa4bd5,1,0
"A0530_ittubu.raw",1,255,0,1,1,1,710.980,1776.773,3073932,3073952,0,2978520,2978520,0,29252,11.573,1765.200,1048576,312380,81433119fe21cc2da1add81b22d7ee19a5f82bc7a500f6e12e7ec4adc672d186,1,0
"A0531_rh96q9.raw",1,255,0,1,1,1,732.559,1772.436,3073924,3073952,0,2978520,2978520,0,29252,11.753,1760.683,1048576,312380,66e437c71b47ccd36333f82dc4abfe257ad653e2ca567f1e8b96c6d84966db91,1,0
"A0532_shp5kf.raw",1,255,0,1,1,1,746.031,1778.092,3073952,3073952,0,2978520,2978520,0,29252,11.653,1766.439,1048576,312380,628379d12fc40ea5d36ba7f275d55100797d0824f804cbcd5c439e6be9a8aed5,1,0
"A0533_jgfkhr.raw",1,255,0,1,1,1,719.071,1776.002,3073932,3073952,0,2978520,2978520,0,29252,11.573,1764.429,1048576,312380,3aba95c759d127c1dcd74326e204e38b0b58b8dfc61e9095e63d94ebe0886085,1,0
"A0534_q4vdru.raw",1,255,0,1,1,1,759.455,1771.355,3073960,3073952,8,2978520,2978520,0,29252,11.666,1759.689,1048576,312380,139472b7cfd40e35ba09d3d6d529a995b0d0499fe10fb78c2d99213710b1fec7,1,0
"A0535_yeyi8o.raw",1,255,0,1,1,1,727.940,1773.633,3073932,3073952,0,2978520,2978520,0,29252,11.790,1761.843,1048576,312380,162bad5ad5777713d8bd5fdefe30f50b87cf61db7ed11e3f67e5298dfbf7ef3f,1,0
"A0536_ym5n6g.raw",1,255,0,1,1,1,729.559,1774.639,3073932,3073952,0,2978520,2978520,0,29252,11.769,1762.870,1048576,312380,cc83e56359176f328de6a1e5418a6939a7866d1ccbc61100091386428ebacf09,1,0
"A0537_dhqjia.raw",1,255,0,1,1,1,724.666,1777.049,3073932,3073952,0,2978520,2978520,0,29252,11.603,1765.446,1048576,312380,c4e149ca025c04bfdac29b8d6e4348215ad31d75479d95d832b4bed527d31185,1,0
"A0538_usmtyp.raw",1,255,0,1,1,1,754.810,1774.863,3073952,3073952,0,2978520,2978520,0,29252,11.592,1763.271,1048576,312380,38fcb95ad3b2e5f4d0fa2b196733881caeeed5e3913bf09410d3549645cf49c4,1,0
"A0539_yjmbql.raw",1,255,0,1,1,1,710.162,1775.309,3073932,3073952,0,2978520,2978520,0,29252,11.571,1763.738,1048576,312380,de18038c45b15e55ef497b8da7e2c306490efab733a6e4d575808d54f50c3660,1,0
"A0540_nlzdb8.raw",1,255,0,1,1,1,763.850,1773.077,3073924,3073952,0,2978520,2978520,0,29252,11.665,1761.412,1048576,312380,ba76452f9f90c6f2867b6aac71783dec1d5dabe0fb756be2debd335d7ac5614d,1,0
"A0541_yaxz8u.raw",1,255,0,1,1,1,705.938,1771.594,3073932,3073952,0,2978520,2978520,0,29252,11.654,1759.940,1048576,312380,4631df35ff134ca1b9833f167df89a7d14b081d668b7eedbd886754c74bdab90,1,0
"A0542_gd2z73.raw",1,255,0,1,1,1,864.201,1778.257,3073924,3073952,0,2978520,2978520,0,29252,11.688,1766.569,1048576,312380,8e57a7d84864d39a1c6cd06caaa18b12c178bd11761803d6f56104cd1a47f054,1,0
"A0543_zbw18s.raw",1,255,0,1,1,1,702.538,1778.038,3073932,3073828,104,2978520,2978520,0,29252,11.656,1766.382,1048576,312380,cfe3d6c091148bdf5ff116be13beb74b28fced63d3197c59b2abc2c1f5f27e72,1,0
"A0544_ii5kta.raw",1,255,0,1,1,1,726.164,1774.145,3073932,3073952,0,2978520,2978520,0,29252,11.759,1762.386,1048576,312380,022db222e3cf2302155651e63c0d589297651f0b8e14d0f92d3044fe409de790,1,0
"A0545_nnauux.raw",1,255,0,1,1,1,734.244,1775.687,3073932,3073952,0,2978520,2978520,0,29252,11.805,1763.882,1048576,312380,1330f0c7e27bb9e6c559790deec186a81ed84c229c068631207c2a1a06e6ece3,1,0
"A0546_l4sstw.raw",1,255,0,1,1,1,855.473,1776.752,3073932,3073952,0,2978520,2978520,0,29252,11.632,1765.120,1048576,312380,5a97063891601acc25652d0561aedd5cdbed5a4d7750939633fca4a57f46f5ae,1,0
"A0547_urqdkk.raw",1,255,0,1,1,1,731.200,1772.925,3073952,3073952,0,2978520,2978520,0,29252,11.674,1761.251,1048576,312380,948f304534d604d83132118eddeef32189ecd89ef9627ba999acb45d9f92e8fa,1,0
"A0548_oebfwb.raw",1,255,0,1,1,1,722.893,1774.729,3073932,3073952,0,2978520,2978520,0,29252,11.607,1763.122,1048576,312380,de1c3d6b7ccda5c537d910105344341dff4f15cac9b2939c94e257f7b8481dee,1,0
"A0549_foic2s.raw",1,255,0,1,1,1,741.956,1778.100,3073952,3073952,0,2978520,2978520,0,29252,11.656,1766.444,1048576,312380,0b5e28f9fbdf9565d108a0618e94401408dc368d9e5808ee99d7b14f96246b58,1,0
"A0550_lv0l9j.raw",1,255,0,1,1,1,750.252,1777.189,3073952,3073952,0,2978520,2978520,0,29252,11.639,1765.550,1048576,312380,d29f75423bb497318beeb95758df4f70c62de5fac239fd9a1cdbf2844d0d9637,1,0
"A0551_wvilcl.raw",1,255,0,1,1,1,707.642,1778.556,3073932,3073952,0,2978520,2978520,0,29252,11.638,1766.918,1048576,312380,9d75b2e7b2534f3519b639044fb055cb4ebfbd26c688a7d114ef79a039bfc271,1,0
"A0552_akjoqp.raw",1,255,0,1,1,1,659.330,1775.415,3073932,3073952,0,2978520,2978520,0,29252,11.655,1763.760,1048576,312380,98926f501feb960d69c53fbef0d155b59872409827d3509ae122650a450c6285,1,0
"A0553_htgzxm.raw",1,255,0,1,1,1,716.729,1779.651,3073932,3073952,0,2978520,2978520,0,29252,11.581,1768.070,1048576,312380,eaf788b8f87c83f5a9d0cec39a0dda314764e31d9459377e128d476921b64b5a,1,0
"A0554_i4prpo.raw",1,255,0,1,1,1,731.928,1776.416,3073932,3073952,0,2978520,2978520,0,29252,11.785,1764.631,1048576,312380,88bc11daf513bb19dc49f6ee54d3dc724ba8640aba42ee821fae294f0d5cb6b3,1,0
"A0555_isv0te.raw",1,255,0,1,1,1,730.271,1780.710,3073932,3073952,0,2978520,2978520,0,29252,11.794,1768.916,1048576,312380,243aadba4bd3a91f1b844149748883f542577641cb167d4eccd7b1f961d737c0,1,0
"A0556_faycyw.raw",1,255,0,1,1,1,563.969,1777.055,3073932,3073952,0,2978520,2978520,0,29252,11.753,1765.302,1048576,312380,8c706117eb8fbd44f5754211db6cb7a132129fb4a6e2d74eb5ef2e1d0fb08405,1,0
"A0557_atmlcs.raw",1,255,0,1,1,1,570.865,1776.212,3073932,3073952,0,2978520,2978520,0,29252,11.572,1764.640,1048576,312380,bfc595f357df32170fbdbfe2ff686ce2be07ca93acf53bc867e832233267c5fe,1,0
"A0558_i0cs51.raw",1,255,0,1,1,1,735.937,1775.200,3073952,3073952,0,2978520,2978520,0,29252,11.653,1763.547,1048576,312380,4ac579f69b09b5c7e81d7d6ec6de1c3d9c4ad17c71a78c39def23f2be804ce43,1,0
"A0559_spqliz.raw",1,255,0,1,1,1,727.666,1774.791,3073932,3073952,0,2978520,2978520,0,29252,11.905,1762.886,1048576,312380,5976ead4d10533d18b6432583ebb4cf03f050496f7d00c11f43b0f7f7e60975b,1,0
"A0560_dwktsk.raw",1,255,0,1,1,1,767.651,1774.002,3073932,3073952,0,2978520,2978520,0,29252,11.576,1762.426,1048576,312380,fca63381449d94cb05f0b94f5f9f1f9bedeb8c3a048ff73af8c71016f56dbc02,1,0
"A0561_i9r032.raw",1,255,0,1,1,1,722.779,1775.083,3073932,3073952,0,2978520,2978520,0,29252,11.725,1763.358,1048576,312380,e243b3353c74854280638fbebc0c9d4cc40a16a28506851aad77dc952ab3ef39,1,0
"A0562_ei6oeg.raw",1,255,0,1,1,1,722.415,1777.417,3073932,3073952,0,2978520,2978520,0,29252,11.763,1765.654,1048576,312380,6358e4ad9ab32f5f35df89e2b53931ad33c39b43aa981efad03c76a7e4a2e3d3,1,0
"A0563_knj4me.raw",1,255,0,1,1,1,733.824,1778.647,3073952,3073952,0,2978520,2978520,0,29252,11.670,1766.977,1048576,312380,b29b3509655878bf2cbcdf7e64ab5248b678a2fe8d65adf229b504aa3303a87d,1,0
"A0564_evwdra.raw",1,255,0,1,1,1,745.112,1776.142,3073952,3073952,0,2978520,2978520,0,29252,11.556,1764.586,1048576,312380,d7eea5fbb252f7acfe12ccda427c7ea0c2e250782f89ad54405de0fd2a094cf8,1,0
"A0565_dbksyo.raw",1,255,0,1,1,1,728.200,1775.654,3073932,3073952,0,2978520,2978520,0,29252,11.782,1763.872,1048576,312380,ac744ce80984283841c4d71502471cd056740c173884e1d02c642336c1dcc546,1,0
"A0566_sn7wu2.raw",1,255,0,1,1,1,670.539,1774.647,3073932,3073952,0,2978520,2978520,0,29252,11.737,1762.910,1048576,312380,72fb3d18fbf9f73fa42ef46d05b15412905a16a3182b6e48478553e933054560,1,0
"A0567_jnanrf.raw",1,255,0,1,1,1,689.377,1774.496,3073932,3073952,0,2978520,2978520,0,29252,11.643,1762.853,1048576,312380,6317d493a6872362ec0e07a0553eb5448a8915d8bbd97dceac982c1616aa8b37,1,0
"A0568_s9glwg.raw",1,255,0,1,1,1,735.415,1771.933,3073932,3073952,0,2978520,2978520,0,29252,11.801,1760.132,1048576,312380,7b23dacbd7264c1ad8524b21810573b22d3d0a6a88e3aaef4ef21489b3a6721b,1,0
"A0569_e1vypc.raw",1,255,0,1,1,1,725.809,1773.776,3073932,3073952,0,2978520,2978520,0,29252,11.545,1762.231,1048576,312380,04530424082ec209e33a74a1f1d6a8b3db34626ac94c44fbd0968dd2bf3b5a90,1,0
"A0570_fxtrl3.raw",1,255,0,1,1,1,727.387,1772.330,3073932,3073952,0,2978520,2978520,0,29252,11.608,1760.722,1048576,312380,c610abe34bb50c96a42fe5e7c36a9436e5fa22e234c1094167f7409cc9f2fb65,1,0
"A0571_sief6k.raw",1,255,0,1,1,1,759.869,1779.724,3073952,3073952,0,2978520,2978520,0,29252,11.664,1768.060,1048576,312380,df3b4034df00a05758dc052b92534f84c840372401e81ff8deb5879f32dd0db2,1,0
"A0572_v03ba8.raw",1,255,0,1,1,1,743.015,1776.170,3073952,3073952,0,2978520,2978520,0,29252,11.663,1764.507,1048576,312380,00f43c7e997946b95fa376aeb4db67261149a81f82b41189ab131a04fe07fa77,1,0
"A0573_xqffl5.raw",1,255,0,1,1,1,736.798,1778.403,3073952,3073952,0,2978520,2978520,0,29252,11.654,1766.749,1048576,312380,39f682933b5d764436d323ea5d04c62e1dba0d3d7eedb9adba77571f71151aec,1,0
"A0574_lbz9zz.raw",1,255,0,1,1,1,710.580,1778.645,3073932,3073952,0,2978520,2978520,0,29252,11.687,1766.958,1048576,312380,07d6bd4e9fd8fa17299f67ef5039e91fb5a5b25b39b57a302446818493d3ee31,1,0
"A0575_vpxnsv.raw",1,255,0,1,1,1,728.921,1775.984,3073932,3073952,0,2978520,2978520,0,29252,11.816,1764.168,1048576,312380,4e51d0a493c821b2683b1e426de021064b026146c637ca0d70e4066c8ca1e574,1,0
"A0576_hcjuac.raw",1,255,0,1,1,1,715.366,1778.319,3073932,3073952,0,2978520,2978520,0,29252,11.571,1766.748,1048576,312380,383e92f73c35eec1546a763b6293dcae64b96affcbeafe5dd80ed909ce20aedd,1,0
"A0577_cdkzzx.raw",1,255,0,1,1,1,742.769,1778.509,3073952,3073952,0,2978520,2978520,0,29252,11.657,1766.852,1048576,312380,38b501aaacdbda62f98315534aeccc168ef157ac0c2f93d0f172aef611f04ed5,1,0
"A0578_on2wmu.raw",1,255,0,1,1,1,744.702,1774.424,3073952,3073952,0,2978520,2978520,0,29252,11.685,1762.739,1048576,312380,3718bf69aa495704a742f1dc31de4b2de3b39c6b67d08df39c4c31945aacdb44,1,0
"A0579_chs7nw.raw",1,255,0,1,1,1,652.156,1774.930,3073932,3073952,0,2978520,2978520,0,29252,11.649,1763.281,1048576,312380,e803496a13e2cebb7e2aa7d4d84294d82bd114cc1d31d6a0035c6cbb5c4012fa,1,0
"A0580_ynnbef.raw",1,255,0,1,1,1,707.131,1778.093,3073932,3073952,0,2978520,2978520,0,29252,11.598,1766.495,1048576,312380,c6ed958f992e4f7f41409012ae0d60ac82e96423783a855359c530f7d4744706,1,0
"A0581_h5l9cs.raw",1,255,0,1,1,1,714.930,1778.976,3073932,3073952,0,2978520,2978520,0,29252,11.572,1767.404,1048576,312380,5bf7c6ca1359b69b3c65f3dc617168b9bd39eb6ab7605f1c2b67d728f71ad3c5,1,0
"A0582_bqjsii.raw",1,255,0,1,1,1,744.020,1771.581,3073952,3073952,0,2978520,2978520,0,29252,11.643,1759.938,1048576,312380,403d8892e6aeb3b86869d596205fea15cb483b5882115700bccdc82e389c98c5,1,0
"A0583_mplo71.raw",1,255,0,1,1,1,756.062,1776.621,3073932,3073952,0,2978520,2978520,0,29252,11.580,1765.041,1048576,312380,07385b683180846e72755009b41993bb4aa34a27c2487ba73831fdfc293a855a,1,0
"A0584_iwfs4b.raw",1,255,0,1,1,1,714.078,1774.149,3073932,3073952,0,2978520,2978520,0,29252,11.638,1762.511,1048576,312380,1e0f7006ec1e8c343222fb59efd0e3c55f6b48163ead23a1ca0e5036de28b335,1,0
"A0585_menq9v.raw",1,255,0,1,1,1,597.860,1776.831,3073920,3073952,0,2978520,2978520,0,29252,12.488,1764.343,1048576,312380,e5d13a5ed737b73911a87a8ba93ad2a32fbc2afdb723f8713fdb49737722be02,1,0
"A0586_fg0wng.raw",1,255,0,1,1,1,582.488,1769.210,3073932,3073952,0,2978520,2978520,0,29252,11.682,1757.528,1048576,312380,1d5af68faaee8c5a0b55c08aabaeea9c73d5403b1ba6c801d32cb7b6e4ef1917,1,0
"A0587_momwkg.raw",1,255,0,1,1,1,717.354,1781.631,3073932,3073952,0,2978520,2978520,0,29252,11.638,1769.993,1048576,312380,a94f929bfcf9555cc98711c13f46ed65025a1e667383656751f7ba28921a2c9b,1,0
"A0588_n4dijx.raw",1,255,0,1,1,1,596.159,1772.836,3073932,3073952,0,2978520,2978520,0,29252,11.682,1761.154,1048576,312380,45d58d202f20aa4d45adb9c6ee2e4252edd80809f71b2a7e70c1c0fe1a1879e8,1,0
"A0589_xjzlbe.raw",1,255,0,1,1,1,662.849,1775.854,3073932,3073952,0,2978520,2978520,0,29252,11.610,1764.244,1048576,312380,fc748c0eec5576daf263800327ba22ac8e8dc2101eab42d14d688882d5939993,1,0
"A0590_i27ewf.raw",1,255,0,1,1,1,744.881,1774.097,3073952,3073952,0,2978520,2978520,0,29252,11.660,1762.437,1048576,312380,16da102143e276296c14ada6197461875ea33e00119d379e66f4dc5a10f86455,1,0
"A0591_ki5rd1.raw",1,255,0,1,1,1,740.239,1776.359,3073952,3073952,0,2978520,2978520,0,29252,11.610,1764.749,1048576,312380,bf60fb23bfa491c7b9b3b04ce5834f91d9c732cdd8b8d8e2bffdbb145f8f089a,1,0
"A0592_rgvqpl.raw",1,255,0,1,1,1,741.965,1776.116,3073952,3073952,0,2978520,2978520,0,29252,11.678,1764.438,1048576,312380,cafeb94b51a8a9971f4105225f483f5da1d2bbe24fef1441bd4787181fca304e,1,0
"A0593_sxuxxl.raw",1,255,0,1,1,1,714.710,1776.912,3073932,3073952,0,2978520,2978520,0,29252,11.674,1765.238,1048576,312380,f8bf35a121a5b22a2fe509f071133553014ed5d5c78762dab6de0c511cc57d89,1,0
"A0594_p078ft.raw",1,255,0,1,1,1,724.127,1771.287,3073932,3073952,0,2978520,2978520,0,29252,11.665,1759.622,1048576,312380,e696808a2849a981353c78e8b3095cd74b17ab5bb5c9dd4d166b135067197dd7,1,0
"A0595_zetnpm.raw",1,255,0,1,1,1,749.115,1777.601,3073952,3073952,0,2978520,2978520,0,29252,11.812,1765.789,1048576,312380,a0de35896a17401f94affd1c2219c9289feb802e6faea915ad7cd915d76fd47b,1,0
"A0596_qie1ae.raw",1,255,0,1,1,1,719.731,1775.007,3073932,3073952,0,2978520,2978520,0,29252,11.760,1763.247,1048576,312380,ae18ee28084ae88e5fd085fa6b1230f0385320ff4bbfc48b081c06df6ebff0d5,1,0
"A0597_rdg7tz.raw",1,255,0,1,1,1,729.639,1773.315,3073932,3073952,0,2978520,2978520,0,29252,11.773,1761.542,1048576,312380,58d70fb565470e9cbc81e40e430a338acc0a3f08a3707b80ab56da0be3341fb0,1,0
"A0598_b1pg6g.raw",1,255,0,1,1,1,752.795,1770.262,3073952,3073952,0,2978520,2978520,0,29252,11.667,1758.595,1048576,312380,48736b103caea4856cb0e9f519d1584f26aec1d9ac18938500abcac110ebbf30,1,0
"A0599_lyhlth.raw",1,255,0,1,1,1,757.009,1778.489,3073952,3073952,0,2978520,2978520,0,29252,11.632,1766.857,1048576,312380,36e0db7491f279ee6fb77e99ad29929334d7ba6e68862609e058d85e88159196,1,0
"A0600_nkp0p3.raw",1,255,0,1,1,1,695.945,1773.875,3073932,3073952,0,2978520,2978520,0,29252,11.622,1762.253,1048576,312380,07d921f87bb6af1bf20c3e01dd9ed12ed48a8f59934ce935f821d5df2bfe931d,1,0
"A0601_i7vyaq.raw",1,255,0,1,1,1,702.995,1770.899,3073932,3073952,0,2978520,2978520,0,29252,11.641,1759.258,1048576,312380,76d7bc0e998f07595a2db32dd1057cc3c02bd0db02f5ae4181eb197167510029,1,0
"A0602_mpdwwr.raw",1,255,0,1,1,1,683.778,1773.952,3073932,3073952,0,2978520,2978520,0,29252,11.715,1762.237,1048576,312380,3a6bfa9a3c8e131fcaa584a951dc660f22441b99b42c6bddbe96ee0208502da7,1,0
"A0603_lp2rah.raw",1,255,0,1,1,1,756.130,1773.257,3073952,3073952,0,2978520,2978520,0,29252,11.642,1761.615,1048576,312380,0210604f9a28393c98d981c6322f9c58e1ff4c5f2774ab3e39a4bd258e058604,1,0
"A0604_aejyfi.raw",1,255,0,1,1,1,726.255,1780.255,3073932,3073952,0,2978520,2978520,0,29252,11.816,1768.439,1048576,312380,5f8bb8175b462989c7ac22464a3a492613c7c1922b8647d9833d4adb2290119c,1,0
"A0605_nsdrki.raw",1,255,0,1,1,1,587.433,1775.331,3073932,3073952,0,2978520,2978520,0,29252,11.642,1763.689,1048576,312380,b7bb290dde2130f209b18fe722356dce383f031b4f61b4b2b0e7068844ddf7da,1,0
"A0606_sjc7jq.raw",1,255,0,1,1,1,600.292,1781.406,3073924,3073952,0,2978520,2978520,0,29252,12.675,1768.731,1048576,312380,16acbd032e9d428a6e2e2aee49682c75e093494bdc277957077c8fd82b6b796e,1,0
"A0607_ok4fm3.raw",1,255,0,1,1,1,788.715,1774.412,3073932,3073952,0,2978520,2978520,0,29252,11.676,1762.736,1048576,312380,c65d39175af63b7bde0d132a0bcf83c0e12674691b12a0bebd60546b90d3a7d4,1,0
"A0608_aufur4.raw",1,255,0,1,1,1,740.623,1778.114,3073952,3073980,0,2978520,2978520,0,29252,11.667,1766.447,1048576,312380,b6e65cf8c3c4b1850eac1004cac22f4913608e8eb6569e64b0c95aaadf2c1a81,1,0
"A0609_tscimb.raw",1,255,0,1,1,1,743.514,1774.543,3073960,3073952,8,2978520,2978520,0,29252,11.701,1762.842,1048576,312380,9711fe68f3d1be05563ed98e9ca7b773e22d6fef228a07161d4044e5fc2bef6c,1,0
"A0610_fz7qvg.raw",1,255,0,1,1,1,627.768,1777.982,3073932,3073952,0,2978520,2978520,0,29252,11.662,1766.320,1048576,312380,a839ef66a69fd40f9025d882e66a70ed27c4b698910d1e54aa0ce413d293de39,1,0
"A0611_sn0dis.raw",1,255,0,1,1,1,737.601,1777.036,3073952,3073952,0,2978520,2978520,0,29252,11.678,1765.358,1048576,312380,c7b857eccb70660427bf005c24a3ff942c1825928f612a289e4fea2491e27ca3,1,0
"A0612_ty02k6.raw",1,255,0,1,1,1,738.884,1774.770,3073952,3073952,0,2978520,2978520,0,29252,11.770,1763.000,1048576,312380,a17f8a4c3fc8ab955550762eb7388c5aa45ffd477a4914f424a0c22a61f9c8b0,1,0
"A0613_kds5wx.raw",1,255,0,1,1,1,725.856,1776.811,3073932,3073952,0,2978520,2978520,0,29252,11.809,1765.002,1048576,312380,dcbed6e6a90b370da097cece67fcd8a6b923e267c858a817b405a2eefe7ea9c6,1,0
"A0614_ryniaw.raw",1,255,0,1,1,1,703.839,1779.226,3073932,3073952,0,2978520,2978520,0,29252,11.653,1767.573,1048576,312380,1eda392d819eb66e75c73ddc21013109ae3237264f9300e10df7f89fb7da1a89,1,0
"A0615_tp31h9.raw",1,255,0,1,1,1,676.159,1776.585,3073932,3073952,0,2978520,2978520,0,29252,12.284,1764.301,1048576,312380,aa868c4820710b1523211a131da577f6fae01f126bce9a732680c5bfb0a23048,1,0
"A0616_ly3kod.raw",1,255,0,1,1,1,670.379,1771.433,3073932,3073952,0,2978520,2978520,0,29252,11.597,1759.836,1048576,312380,1ca0e747325db3189618fe40578f08e1c9f3e4456b0f8dca4906a7d74855cd76,1,0
"A0617_hnhxyx.raw",1,255,0,1,1,1,753.529,1779.417,3073952,3073952,0,2978520,2978520,0,29252,11.622,1767.795,1048576,312380,1e94d793df45879cff2fed87aa17f8f292e4a50ce05171c4c3085dffe143ac42,1,0
"A0618_obxrip.raw",1,255,0,1,1,1,702.700,1772.946,3074064,3074084,0,2978520,2978520,0,29252,11.682,1761.264,1048576,312380,717e783017691373284c600b7257ad4b5da189ae0b2ea7745e595d5cf69270e6,1,0
"A0619_nohwmg.raw",1,255,0,1,1,1,742.990,1774.066,3074084,3074084,0,2978520,2978520,0,29252,11.645,1762.421,1048576,312380,78d707af2549a55f03dc4b2005e834b7878abc3baad11108308a07fe171d369e,1,0
"A0620_jkbrxh.raw",1,255,0,1,1,1,589.238,1776.815,3074064,3074084,0,2978520,2978520,0,29252,12.465,1764.350,1048576,312380,902ce5758f90ea4a15ba371d012cee4896438393d7b2b13d5f8bbd360d440bfd,1,0
"A0621_plfsth.raw",1,255,0,1,1,1,781.112,1770.787,3074064,3074084,0,2978520,2978520,0,29252,11.646,1759.141,1048576,312380,e16e9619a09f55feb4915503448c7e4f6b0b418588c89c77fd5829326d06e6d5,1,0
"A0622_qqipcw.raw",1,255,0,1,1,1,737.514,1777.336,3074064,3074084,0,2978520,2978520,0,29252,11.746,1765.590,1048576,312380,ed128c61293c30d0807a5c7fa79acd6a7d6aadba6e3f471d85f634f88143ca30,1,0
"A0623_gcouvg.raw",1,255,0,1,1,1,750.706,1773.343,3074084,3074084,0,2978520,2978520,0,29252,11.648,1761.695,1048576,312380,6a12b7ed0be2dca20048f31e1d66bdada2fbfea55c39402e02594dc5b0f5484b,1,0
"A0624_itvr4o.raw",1,255,0,1,1,1,718.298,1775.671,3074064,3074084,0,2978520,2978520,0,29252,11.679,1763.992,1048576,312380,25ba0a7fd83ceff1458cda184ad8d96ffa8c9e9a4667e0c2a2e1fed28e5070eb,1,0
"A0625_ociik5.raw",1,255,0,1,1,1,736.176,1772.296,3074064,3074084,0,2978520,2978520,0,29252,11.871,1760.425,1048576,312380,f2314e062c5dcca47ef39dadad6da5a2295396251bee9748621e0dc49e265200,1,0
"A0626_tiou4h.raw",1,255,0,1,1,1,729.752,1772.755,3074064,3074084,0,2978520,2978520,0,29252,11.833,1760.922,1048576,312380,a3d7940f272171ad87ccda5ccfde0a8aa5da9fb13763c5db9fd6afee4e7b2765,1,0
"A0627_g9kvwn.raw",1,255,0,1,1,1,861.710,1777.866,3074064,3074084,0,2978520,2978520,0,29252,11.679,1766.187,1048576,312380,514a911f458e1289224fd5ca4b49184e7155167c4a340badbefffb74a72ecda6,1,0
"A0628_m5syea.raw",1,255,0,1,1,1,610.555,1778.221,3074072,3074084,0,2978520,2978520,0,29252,11.615,1766.606,1048576,312380,8d564876c163cd96ddddd311884aef0ec32f97de888f0a119e8ebdff6939841a,1,0
"A0629_rewfuc.raw",1,255,0,1,1,1,717.577,1772.730,3074064,3074084,0,2978520,2978520,0,29252,11.695,1761.035,1048576,312380,571e048be123d5ad8beab3e0574bf13eb374b58f2b8715cc89e13f6f43bd4063,1,0
"A0630_zkjwlp.raw",1,255,0,1,1,1,641.303,1774.823,3074064,3074084,0,2978520,2978520,0,29252,11.577,1763.246,1048576,312380,758ea97831b121d6c701060c7bc09d61f63c9eb96fdd55c1992d22a8a5765e3d,1,0
"A0631_qesp0w.raw",1,255,0,1,1,1,658.208,1778.001,3074064,3074084,0,2978520,2978520,0,29252,11.686,1766.315,1048576,312380,e469367ca63716c079d05d2434f957991e8d68d6b6bda05ccf77a23e787cebec,1,0
"A0632_xb5z2u.raw",1,255,0,1,1,1,680.637,1777.750,3074068,3074084,0,2978520,2978520,0,29252,11.618,1766.132,1048576,312380,16a98815be69b31163c4f5c1b20930819d242658f1885c32b1df158240080b54,1,0
"A0633_wirreq.raw",1,255,0,1,1,1,747.564,1780.507,3074080,3074084,0,2978520,2978520,0,29252,11.645,1768.862,1048576,312380,cea13cd90025045e36bb12a06f18d492e13e8cc188dd70beea70df7d385c8b88,1,0
"A0634_efv4ae.raw",1,255,0,1,1,1,728.875,1769.530,3074064,3074084,0,2978520,2978520,0,29252,11.750,1757.780,1048576,312380,f46d854d285d4ffffc1f250beb9ab4c1f059f34a2e8acb5d0cb09103c2488111,1,0
"A0635_sk2sjl.raw",1,255,0,1,1,1,724.086,1776.333,3074064,3074084,0,2978520,2978520,0,29252,11.686,1764.647,1048576,312380,0f80f9c8ef64726264c631f573c83d9fdf93c22c9899ce91862caaf170c10b10,1,0
"A0636_qtd8mb.raw",1,255,0,1,1,1,777.614,1776.949,3074064,3074084,0,2978520,2978520,0,29252,11.545,1765.404,1048576,312380,126763fe1ba6fcfbe93ab3fb4cb66aa3d899ec8521a3983258431b27d8a7464e,1,0
"A0637_uoilmo.raw",1,255,0,1,1,1,604.348,1771.508,3074064,3074084,0,2978520,2978520,0,29252,11.669,1759.839,1048576,312380,951e91bf95d5be4ea315b1ff90bfd1770365d4931720ff145c72f618cffd776c,1,0
"A0638_nwwze3.raw",1,255,0,1,1,1,737.278,1773.306,3074064,3074084,0,2978520,2978520,0,29252,11.734,1761.572,1048576,312380,8f835c4ff4a18772638e5abf72bc45abfd4d2d7cbe6d11a2cab0f2a321db360b,1,0
"A0639_wgyyoo.raw",1,255,0,1,1,1,743.773,1776.454,3074084,3074084,0,2978520,2978520,0,29252,11.667,1764.787,1048576,312380,323ddbe213cedf42a650110e75989ccb009fb13736515ac0a2a69ae85faf21b4,1,0
"A0640_dgyjq1.raw",1,255,0,1,1,1,835.035,1775.587,3074064,3074084,0,2978520,2978520,0,29252,11.640,1763.947,1048576,312380,d43fa64f8f9b072ca6248ac53ca988e7a2be2d0d9b28910eb3b3a987f213f9db,1,0
"A0641_xqdfff.raw",1,255,0,1,1,1,738.889,1779.841,3074084,3074084,0,2978520,2978520,0,29252,11.673,1768.168,1048576,312380,7e219cf3529706e92603c4ef49b53858e11f5659ed44db24af185997f60ba25a,1,0
"A0642_g7rx9w.raw",1,255,0,1,1,1,714.359,1771.184,3074064,3074084,0,2978520,2978520,0,29252,11.592,1759.592,1048576,312380,6195acffff25b1a190367ef7af8d0551711e05f54957f646bf0c8d7b62354140,1,0
"A0643_lrgckf.raw",1,255,0,1,1,1,595.418,1775.065,3074064,3074084,0,2978520,2978520,0,29252,12.439,1762.626,1048576,312380,f8f0997ee6eb584043ddfbfad21679da2a1fceddb1546e22e2e167d73e0b80d1,1,0
"A0644_remdtu.raw",1,255,0,1,1,1,776.747,1774.161,3074064,3074084,0,2978520,2978520,0,29252,11.639,1762.522,1048576,312380,bd5f01fb0f0699240f8cc959214fecf9840ec9bc91ee629a85a1dc66c9c457b8,1,0
"A0645_un8xfo.raw",1,255,0,1,1,1,740.056,1778.826,3073952,3073952,0,2978520,2978520,0,29252,11.670,1767.156,1048576,312380,94dca5ec3a2ee98f38a322e045027473928caaf5839d67f9e87ab12da74fd4b1,1,0
"A0646_r1e5ug.raw",1,255,0,1,1,1,752.575,1780.338,3073952,3073952,0,2978520,2978520,0,29252,11.671,1768.667,1048576,312380,de7aa13d8f3c2183e82ff9fc1512eb7053171936c0740e8889e4333fe0fc8992,1,0
"A0647_ttzxf3.raw",1,255,0,1,1,1,697.213,1774.834,3073932,3073952,0,2978520,2978520,0,29252,11.672,1763.162,1048576,312380,8059780f3c688abbe9f014c807652a0cc6bd5f096d2b43eb7d9afd95235fb4cd,1,0
"A0648_vuew7a.raw",1,255,0,1,1,1,744.198,1775.259,3073952,3073952,0,2978520,2978520,0,29252,11.660,1763.599,1048576,312380,09a1847ee5933637d4b5a5fe4ff2deb72359b1004b70b53dc41a0eceda82858e,1,0
"A0649_sv5gou.raw",1,255,0,1,1,1,730.969,1775.210,3073952,3073952,0,2978520,2978520,0,29252,11.681,1763.529,1048576,312380,190901886c0eb4d94d65038b42ca5ec5c816835fabb7683440a22a17889f2cfb,1,0
"A0650_jrwr6j.raw",1,255,0,1,1,1,735.456,1774.338,3073952,3073952,0,2978520,2978520,0,29252,11.669,1762.669,1048576,312380,9bfe82d598e3a276dbab61d385a7c11289bd94d6d8c361f72ff6ca2871a25aef,1,0
"A0651_vhn4py.raw",1,255,0,1,1,1,733.173,1775.800,3073952,3073952,0,2978520,2978520,0,29252,11.678,1764.122,1048576,312380,e669309c62d79825e8688fa3eeed303a6caa1a64b9bc0d3b1b3f645c4c27fe04,1,0
"A0652_esu1qq.raw",1,255,0,1,1,1,729.783,1773.700,3073932,3073952,0,2978520,2978520,0,29252,11.800,1761.900,1048576,312380,9a01f786adb234933eaff87f23e1b1e5f287139351f849233f6432371b07f789,1,0
"A0653_ztnaae.raw",1,255,0,1,1,1,737.686,1778.961,3073952,3073952,0,2978520,2978520,0,29252,11.607,1767.354,1048576,312380,3392830d6fbcd86e5cf66a27e1df7f6b8621822e1bbfc2b704acc0cbc240dfe5,1,0
"A0654_urtqrl.raw",1,255,0,1,1,1,709.421,1773.984,3073932,3073952,0,2978520,2978520,0,29252,11.669,1762.315,1048576,312380,6b9e1fc7fca7db8ec2f054cc4a6dcde22860189cebbe41bbe74ce72e310fa969,1,0
"A0655_shsfbu.raw",1,255,0,1,1,1,751.700,1777.196,3073952,3073952,0,2978520,2978520,0,29252,11.551,1765.645,1048576,312380,f005ecd2585a704faa053cab3d04d695e20443fb473dfd05c545f3a269f4fdc2,1,0
"A0656_befkeu.raw",1,255,0,1,1,1,743.879,1773.989,3073952,3073952,0,2978520,2978520,0,29252,11.602,1762.387,1048576,312380,0794572bff7faa9055c25458695d0578bf6d9bcb46b52895d221cc27feed72fa,1,0
"A0657_oy1eha.raw",1,255,0,1,1,1,724.931,1780.545,3073932,3073952,0,2978520,2978520,0,29252,11.739,1768.806,1048576,312380,6c545503051bcda696e2ff2ddc95342d67a41b5904ee5c94e3e0ce0e26158e96,1,0
"A0658_j94z9v.raw",1,255,0,1,1,1,730.328,1776.106,3073932,3073952,0,2978520,2978520,0,29252,11.803,1764.303,1048576,312380,565b0377aea1bfa459d06f79f96807c51fe829759e5d075bf717e7f2d6efba7d,1,0
"A0659_ukpcdr.raw",1,255,0,1,1,1,757.922,1773.544,3073932,3073952,0,2978520,2978520,0,29252,11.546,1761.998,1048576,312380,6c77abca2f5cab28b481fdbb784a73cd2bdc28ac0decb99160f501fbf8aa6f69,1,0
"A0660_i5c5ro.raw",1,255,0,1,1,1,712.328,1776.213,3073940,3073952,0,2978520,2978520,0,29252,11.645,1764.568,1048576,312380,13ee1d2b12f086e600d7cff702b24096befa6ff07c588e5f5644e54c2d4ff4e9,1,0
"A0661_ewykqr.raw",1,255,0,1,1,1,739.720,1774.911,3073952,3073952,0,2978520,2978520,0,29252,11.706,1763.205,1048576,312380,c74b19cce3ab1a37c38666d3006bb884969e64c55e79e59dc503cb13d32d29a2,1,0
"A0662_pypp3w.raw",1,255,0,1,1,1,735.040,1770.698,3073932,3073952,0,2978520,2978520,0,29252,11.726,1758.972,1048576,312380,e910474e6992c0a9d6b2e1dd4a5a2316cc57b4c7ab579f21ac09b1b2af3871ef,1,0
"A0663_aceitj.raw",1,255,0,1,1,1,673.046,1778.069,3073932,3073952,0,2978520,2978520,0,29252,11.968,1766.101,1048576,312380,ba65c2c1244789b7b69b53c96e7f0bdd4a96c1c7dd179134046557747237e8ec,1,0
"A0664_pxrqel.raw",1,255,0,1,1,1,708.358,1772.688,3073932,3073952,0,2978520,2978520,0,29252,11.585,1761.103,1048576,312380,c82d364bed3938b8501731ab3852687601aa1d7f500955e08d7371174c54e38f,1,0
"A0665_y38dxs.raw",1,255,0,1,1,1,616.145,1776.084,3073932,3073952,0,2978520,2978520,0,29252,11.685,1764.399,1048576,312380,6c0deb69c406559b9204a4447c4c4cf6ee66cb02fd8545e45b5a13b58bc730f2,1,0
"A0666_pnaj6a.raw",1,255,0,1,1,1,714.152,1776.962,3073932,3073952,0,2978520,2978520,0,29252,11.648,1765.314,1048576,312380,6b0e7764950c57b135cde1fae19bde16ff0f721a987e85308733b7cfa80ad82c,1,0
"A0667_siwrct.raw",1,255,0,1,1,1,679.864,1776.087,3073932,3073952,0,2978520,2978520,0,29252,11.743,1764.344,1048576,312380,f3265b3324b3d0240ca2fb1901e1e969e4c22bc0bbb4db13907ffe7c6e13c522,1,0
"A0668_x3c59z.raw",1,255,0,1,1,1,702.635,1775.784,3073932,3073952,0,2978520,2978520,0,29252,11.771,1764.013,1048576,312380,4e5b1c567586ff052393dcfea3045fae3e6e1671579afb1b0c722a7c8703e8f2,1,0
"A0669_c7prb5.raw",1,255,0,1,1,1,754.216,1777.957,3073952,3073952,0,2978520,2978520,0,29252,11.688,1766.269,1048576,312380,2eba6e1e3155a526aa1b3b61d707cba4b90ae473d51da60838a9236d58d9900a,1,0
"A0670_sga8io.raw",1,255,0,1,1,1,1823.447,1772.850,3073932,3073952,0,2978520,2978520,0,29252,11.581,1761.269,1048576,312380,2129aeafda08de13212df3f3d9f8a9e4f471c19125ccf816ccdc6bee86967c12,1,0
"A0671_msnxzl.raw",1,255,0,1,1,1,637.398,1778.732,3073932,3073952,0,2978520,2978520,0,29252,11.560,1767.172,1048576,312380,f1ebb65298263ffa854fea5f4d78314fee960be145f3b9fc6b361c76f922c3ae,1,0
"A0672_ctojhv.raw",1,255,0,1,1,1,738.552,1783.402,3073952,3073952,0,2978520,2978520,0,29252,11.650,1771.752,1048576,312380,5f58d9489974664e588ab5ac0f6ef2a9c33a73682ab0083eab49d0fff7166f5f,1,0
"A0673_rba4g5.raw",1,255,0,1,1,1,737.217,1780.299,3073932,3073952,0,2978520,2978520,0,29252,11.783,1768.516,1048576,312380,9d32ba6c038e1416e0de0e23e06c779c492ada2349353acb19e6f7e7603f9aec,1,0
"A0674_l7jonk.raw",1,255,0,1,1,1,604.801,1780.510,3073940,3073952,0,2978520,2978520,0,29252,11.593,1768.917,1048576,312380,6b9324e9cadd84edbf238094a6e94a067ed45504e0659d8c557fa34caa246ca7,1,0
"A0675_iw97ln.raw",1,255,0,1,1,1,721.194,1776.466,3073932,3073952,0,2978520,2978520,0,29252,11.596,1764.870,1048576,312380,9e04ea6b51af99c28ede1fbd2993b349141aff66445e8d35e366256920ea2866,1,0
"A0676_pn5y4b.raw",1,255,0,1,1,1,867.309,1773.772,3073932,3073952,0,2978520,2978520,0,29252,11.713,1762.059,1048576,312380,7f27bd0a69638f2e04959b031c5d36834e4f878211a3d7e1b76eca21eaf6ae87,1,0
"A0677_tkqlzq.raw",1,255,0,1,1,1,841.452,1782.022,3073932,3073952,0,2978520,2978520,0,29252,11.664,1770.358,1048576,312380,080930013a17b5890bfb6c46b136c62f04cfd60e96e72fcb691bdad974d04652,1,0
"A0678_pycwhr.raw",1,255,0,1,1,1,701.665,1777.790,3073932,3073952,0,2978520,2978520,0,29252,11.590,1766.200,1048576,312380,472b362d8328244478d90a792d794f8e218ceb636bff187fc60863ec84a6189c,1,0
"A0679_qvognb.raw",1,255,0,1,1,1,864.508,1785.218,3073932,3073952,0,2978520,2978520,0,29252,11.665,1773.553,1048576,312380,96beb7bd252c0663f9286b1a8d653c3031b64cf4e3b5f31f9bf733c210a72c33,1,0
"A0680_uaqgt7.raw",1,255,0,1,1,1,697.359,1779.408,3073932,3073952,0,2978520,2978520,0,29252,11.634,1767.774,1048576,312380,e490a13a5367ae02b0ea61497efa98bf3bbd21318ce4875d1267b7d46a233587,1,0
"A0681_ekf6ej.raw",1,255,0,1,1,1,735.837,1775.324,3073952,3073952,0,2978520,2978520,0,29252,11.583,1763.741,1048576,312380,2ec9407a87871a09ddc13b025a8c5fb66099e264203bc6ab89314cf24203086d,1,0
"A0682_bee18y.raw",1,255,0,1,1,1,729.830,1777.784,3073932,3073952,0,2978520,2978520,0,29252,11.786,1765.998,1048576,312380,6e4ce26e92aa25981bb3e43446cffdb32fa7e7f141d690dd756b00cf372387b9,1,0
"A0683_szqrai.raw",1,255,0,1,1,1,717.939,1776.177,3073932,3073952,0,2978520,2978520,0,29252,11.687,1764.490,1048576,312380,af8f6a07c7c75a25929ced4887ed2bbb4b39dde965fe5acf04593dad4493ad07,1,0
"A0684_tcjrco.raw",1,255,0,1,1,1,740.701,1772.844,3073952,3073952,0,2978520,2978520,0,29252,11.653,1761.191,1048576,312380,c826d3095b80545b4cd87e4c18a7a28071dd4b46478563cac513ea0d8db3a0da,1,0
"A0685_tfz1ay.raw",1,255,0,1,1,1,736.944,1773.053,3073952,3073952,0,2978520,2978520,0,29252,11.669,1761.384,1048576,312380,63d9869325a59700d6823cc07dabce0dbaecd9c44a2b082dfb33786d5c1c4560,1,0
"A0686_mxyzkg.raw",1,255,0,1,1,1,749.325,1772.773,3073952,3073952,0,2978520,2978520,0,29252,11.647,1761.126,1048576,312380,1d7c950923fc59eeb35910c673e15e086efcfadf8d60ecec357b133906570cb0,1,0
"A0687_dotstg.raw",1,255,0,1,1,1,750.687,1782.623,3073952,3073952,0,2978520,2978520,0,29252,11.647,1770.976,1048576,312380,8af493a7c2ff243b667cb6f90d37d9b8d91e6c4b438596877f77723e91db6981,1,0
"A0688_lkidhn.raw",1,255,0,1,1,1,687.475,1774.964,3073932,3073952,0,2978520,2978520,0,29252,11.627,1763.337,1048576,312380,14bf02c4bc3672612403293cc104af30801743080656e86be67c37746675f59d,1,0
"A0689_ecg8rq.raw",1,255,0,1,1,1,721.399,1772.932,3073932,3073952,0,2978520,2978520,0,29252,11.684,1761.248,1048576,312380,9a29e7459e561956403db22767d06021516e1bed01805280e438f9d4ef2f49f1,1,0
"A0690_fp6cif.raw",1,255,0,1,1,1,782.899,1781.777,3073932,3073952,0,2978520,2978520,0,29252,11.650,1770.127,1048576,312380,fbadee44fbc37266f33a753720fd1698250cc945a6d2cf47c33f87cc67294f97,1,0
"A0691_lu7vv3.raw",1,255,0,1,1,1,707.489,1776.733,3073932,3073952,0,2978520,2978520,0,29252,11.650,1765.083,1048576,312380,d7e40a3285bf97ebcf82d664964616b0f1c13a558dd08120d71f7c31cf30bef9,1,0
"A0692_frjo2c.raw",1,255,0,1,1,1,741.439,1771.616,3073952,3073952,0,2978520,2978520,0,29252,11.575,1760.041,1048576,312380,4cb208c1db96b34680991f9fb3d7823c320d5d563b836f5a4c4a22bc018ca271,1,0
"A0693_btuo7s.raw",1,255,0,1,1,1,747.700,1775.328,3073952,3073952,0,2978520,2978520,0,29252,11.551,1763.777,1048576,312380,54c3a233e83ddaaab6152d050648c622065f5dc11b1885eb1f069c520ba60ed4,1,0
"A0694_atxruj.raw",1,255,0,1,1,1,737.616,1774.811,3073952,3073820,132,2978520,2978520,0,29252,11.611,1763.200,1048576,312380,abfb9c870eda67b0065926509176de64322c047b8a4629b07a3d184c2fc53d7c,1,0
"A0695_hrkksx.raw",1,255,0,1,1,1,706.136,1771.725,3073932,3073952,0,2978520,2978520,0,29252,11.669,1760.056,1048576,312380,f260d5fdf2a70742e1493d70e05df39c7d88d80c6c9e33ed92b413fda8c6cb58,1,0
"A0696_ljtnbr.raw",1,255,0,1,1,1,741.264,1772.153,2942880,2942880,0,2847448,2847448,0,29252,11.582,1760.571,1048576,312380,27e54f948469c60298d32ed1d2d0d35609ad250d6f22fc582e6e5e0746fc9572,1,0
"A0697_a8houf.raw",1,255,0,1,1,1,741.523,1765.379,2942880,2942880,0,2847448,2847448,0,29252,11.667,1753.712,1048576,312380,3ba581543e57cc9327805e6b1c108912e26760d5eda1554e1417a0fc72d4e386,1,0
"A0698_yqtdye.raw",1,255,0,1,1,1,740.104,1774.469,2942880,2942880,0,2847448,2847448,0,29252,11.603,1762.866,1048576,312380,17f453f61bae68761df1fc991657d5e0e42f0a246cb8e225b885cbf44cc7c2a0,1,0
"A0699_c5ntrp.raw",1,255,0,1,1,1,727.531,1775.333,2942868,2942880,0,2847448,2847448,0,29252,11.771,1763.562,1048576,312380,a4d1307f79e2c06ad7b749c1291290f682f0e739c90e12195f14fbc528cf3378,1,0
"A0700_yzn9kl.raw",1,255,0,1,1,1,742.285,1770.631,2942880,2942880,0,2847448,2847448,0,29252,11.594,1759.037,1048576,312380,2689cbb5fbca6acd0d06494699c21b3795d36ab04bca6dbe7bdef008c577ef7b,1,0
"A0701_v1ki5d.raw",1,255,0,1,1,1,732.570,1773.200,2942860,2942880,0,2847448,2847448,0,29252,11.768,1761.432,1048576,312380,d3445311b78f7d01d34f98cd939fef5862b3a567cd784d6c7439fc6bb0df9c5d,1,0
"A0702_hstgbe.raw",1,255,0,1,1,1,740.323,1775.129,2942880,2942880,0,2847448,2847448,0,29252,11.665,1763.464,1048576,312380,a4784c8ad75e1f85b437294479a0bba96a48248a93fe4c764399c8b0435fb2e1,1,0
"A0703_mbaedx.raw",1,255,0,1,1,1,720.999,1776.617,2942860,2942880,0,2847448,2847448,0,29252,11.687,1764.930,1048576,312380,17c3360fdb880c6add62ffb72fdb5b7d890ea3ccbdd07d3b6b98c11e76388d05,1,0
"A0704_k5if1t.raw",1,255,0,1,1,1,750.026,1780.095,2942880,2942880,0,2847448,2847448,0,29252,11.622,1768.473,1048576,312380,1efa00f8e4fca1b5dd853e00243707867c0465484f33845a50c41f461ff02450,1,0
"A0705_ydwgpw.raw",1,255,0,1,1,1,709.754,1774.240,2942860,2942880,0,2847448,2847448,0,29252,11.696,1762.544,1048576,312380,7f553a82fdb4a845c28517b98b59d8a605f7b9e1d90ab84bb3b64e3f8d665342,1,0
"A0706_agsphd.raw",1,255,0,1,1,1,746.023,1773.394,2942880,2942880,0,2847448,2847448,0,29252,11.685,1761.709,1048576,312380,60f18f5432fab0a4cdef8da68bef33eff013146ba303410ebfb1456a9e2596ee,1,0
"A0707_wbtmo0.raw",1,255,0,1,1,1,745.133,1777.851,2942880,2942880,0,2847448,2847448,0,29252,11.712,1766.139,1048576,312380,73844b28b96f1af73310d681766ebee7c695bfd86f864d7c8aebfd4d75211373,1,0
"A0708_pdxciv.raw",1,255,0,1,1,1,698.910,1775.397,2942860,2942880,0,2847448,2847448,0,29252,11.686,1763.711,1048576,312380,88fb524ceea42a9169bc214c0c173cbdd2e024dee3aab157d4dec5f209a1b6f8,1,0
"A0709_zo25jz.raw",1,255,0,1,1,1,748.424,1773.634,2942880,2942880,0,2847448,2847448,0,29252,11.577,1762.057,1048576,312380,e79a3ad15ee57a17cc75ac97b2de12d7712b8e8b62b5430dced8ed980787e4ef,1,0
"A0710_qsdnmb.raw",1,255,0,1,1,1,739.823,1775.243,2942880,2942880,0,2847448,2847448,0,29252,11.692,1763.551,1048576,312380,8746221f4c5443cc517b003a17ee2f476a01bdacf33a945771d16f8996881260,1,0
"A0711_eao2r7.raw",1,255,0,1,1,1,723.340,1772.453,2942860,2942880,0,2847448,2847448,0,29252,11.561,1760.892,1048576,312380,a0aad734f2d0a757ffdc4468ea0414df1987db5b0d782b28174ac0af8ddb3e6a,1,0
"A0712_fkstvf.raw",1,255,0,1,1,1,752.136,1776.024,2942880,2942880,0,2847448,2847448,0,29252,11.834,1764.190,1048576,312380,1e1be8ce5b92058a29d790be7b0a7aa97dbceb34d61493a73fa29e54f0f2cf75,1,0
"A0713_p604zz.raw",1,255,0,1,1,1,1031.458,1773.461,2942860,2942880,0,2847448,2847448,0,29252,11.644,1761.817,1048576,312380,fdca4acc74d19a6582e63f251eb9abc3e5f34c29d696ec8fb6d7dbea07e9ae6b,1,0
"A0714_th7vbn.raw",1,255,0,1,1,1,974.465,1776.528,2942860,2942880,0,2847448,2847448,0,29252,12.003,1764.525,1048576,312380,f38913cf79e27a18148a25554f03e5146e0ac35b8f157dc0aba362ac012b8066,1,0
"A0715_arhy7w.raw",1,255,0,1,1,1,703.478,1777.092,2942860,2942880,0,2847448,2847448,0,29252,11.688,1765.404,1048576,312380,bb8c4d158a26fe7ad234b38c43998111bc15356f7366189ddab69a867001bf52,1,0
"A0716_qfyl1a.raw",1,255,0,1,1,1,721.663,1774.003,2942860,2942880,0,2847448,2847448,0,29252,11.676,1762.327,1048576,312380,d612edd0988b54edfacce701f3ab32c43aa5979d301dd8f1f59dc905896cb511,1,0
"A0717_tmb9mj.raw",1,255,0,1,1,1,751.642,1769.459,2942880,2942880,0,2847448,2847448,0,29252,11.658,1757.801,1048576,312380,04a44f7382b242ac9e17b11f7b6a5cc4b8a6cce44de3c80217b84fd8c32447cf,1,0
"A0718_w9cpn2.raw",1,255,0,1,1,1,726.960,1775.671,2942860,2942880,0,2847448,2847448,0,29252,11.664,1764.007,1048576,312380,f7c18601a276d39fa15735dcffe280f3f8d9efcc13e4259c37279e54e894e993,1,0
"A0719_codgmh.raw",1,255,0,1,1,1,924.328,1774.630,2942860,2942880,0,2847448,2847448,0,29252,11.563,1763.067,1048576,312380,d8f1f53872dc6810ccd636cd3890c85b0bf8db6f7fda63be8402b525924d44cf,1,0
"A0720_t0hofq.raw",1,255,0,1,1,1,765.228,1776.965,2942860,2942880,0,2847448,2847448,0,29252,11.677,1765.288,1048576,312380,eaf38b894ced07b6518fec51c7ddcd98eae63009a30938fa85031e10945b6cea,1,0
"A0721_sx9kqm.raw",1,255,0,1,1,1,704.486,1778.454,2942860,2942880,0,2847448,2847448,0,29252,11.688,1766.766,1048576,312380,c96e5f3a871d7f93bdfc92d8f39724a45fed33b5d41b792b1875aa4920f7e6f8,1,0
"A0722_zs38xf.raw",1,255,0,1,1,1,948.692,1772.580,2942860,2942880,0,2847448,2847448,0,29252,11.680,1760.900,1048576,312380,21c61e6fe5a8a649a1ac5f75fa8bb094c357437cb032ce579a3ecf00fea15712,1,0
"A0723_lfvpxj.raw",1,255,0,1,1,1,732.768,1779.066,2942860,2942880,0,2847448,2847448,0,29252,11.680,1767.386,1048576,312380,b1e4364b8ed5927052478b592e74b9cd35ede918428e0959fbd235cc2fb9a7ae,1,0
"A0724_w1gcov.raw",1,255,0,1,1,1,732.246,1770.989,2942880,2942880,0,2847448,2847448,0,29252,11.677,1759.312,1048576,312380,26821e7c389800cc1bce909c3e410800cbee6cf93c3da891efd8be310cbde7dd,1,0
"A0725_jgx9al.raw",1,255,0,1,1,1,897.708,1776.010,2942860,2942908,0,2847448,2847448,0,29252,11.590,1764.420,1048576,312380,bbadb7dbd2eb84d00afdf2a7ac38fecb546c75b892381d7e3481feffa8ed7f70,1,0
"A0726_cwzhr6.raw",1,255,0,1,1,1,776.755,1773.899,2942868,2942880,0,2847448,2847448,0,29252,11.668,1762.231,1048576,312380,a6cb86f93aa3ca3cdcf0c080ae629920908bd868bc6750ddd0fd209d85be088d,1,0
"A0727_ziohsv.raw",1,255,0,1,1,1,735.756,1769.856,2942880,2942880,0,2847448,2847448,0,29252,11.656,1758.200,1048576,312380,5a8771245c8d04e6bd428389969662f445e7ff773fd74b0843aad5d6af58666b,1,0
"A0728_mo46nf.raw",1,255,0,1,1,1,727.214,1773.001,2942860,2942880,0,2847448,2847448,0,29252,11.763,1761.238,1048576,312380,159066e91f7bcbdf64670789013ac6d8d4b11636787ffff700ae8660849a2e5e,1,0
"A0729_neyan5.raw",1,255,0,1,1,1,740.517,1771.793,2942880,2942880,0,2847448,2847448,0,29252,11.630,1760.163,1048576,312380,8d0127fac7ffd4348c8f4149a5f4687509f4f7800fb81a7b3fbefe7433fa3af2,1,0
"A0730_cqwiwg.raw",1,255,0,1,1,1,739.166,1773.821,2942880,2942880,0,2847448,2847448,0,29252,11.611,1762.210,1048576,312380,7045f57bba58a3044c7e68c03e8c9002aaa14fa2d3c999f803055ec4b185a2fa,1,0
"A0731_uhkr2d.raw",1,255,0,1,1,1,1066.311,1774.699,2942860,2942880,0,2847448,2847448,0,29252,11.639,1763.060,1048576,312380,166b8a59415cf778e928582c3c9d3eabfd5fa9a8d6d41f607f1cd7882c7ee87d,1,0
"A0732_cluebf.raw",1,255,0,1,1,1,805.565,1774.682,2942860,2942880,0,2847448,2847448,0,29252,11.647,1763.035,1048576,312380,e37a5db2f645ad1264d1c1ad16041e22f6a96d8238d75b3775fce9f48250614b,1,0
"A0733_tozvut.raw",1,255,0,1,1,1,987.104,1773.986,2942880,2942880,0,2847448,2847448,0,29252,11.836,1762.150,1048576,312380,1d41f4e5771c6d66422bf2921993dc4b49863e2d93263e7768985b2dba2e6a00,1,0
"A0734_zrfaqr.raw",1,255,0,1,1,1,792.722,1776.054,2942860,2942880,0,2847448,2847448,0,29252,11.585,1764.469,1048576,312380,cb86860e2b1774f8ea35c30d56669e0c5117b954081f588c8c29118de5b6413a,1,0
"A0735_i6jg2b.raw",1,255,0,1,1,1,761.858,1776.416,2942868,2942880,0,2847448,2847448,0,29252,11.664,1764.752,1048576,312380,944b148a94601fe60a5a2faf842b76c4af97168975269d673e5f83c168276eef,1,0
"A0736_quqpgm.raw",1,255,0,1,1,1,895.755,1772.164,2942860,2942880,0,2847448,2847448,0,29252,11.574,1760.590,1048576,312380,b2c2aa2917908f2084276aff9ef842f919cf2269fd4d6e5606f2b9cbefde9a05,1,0
"A0737_ahipjn.raw",1,255,0,1,1,1,2789.874,1774.229,2942860,2942880,0,2847448,2847448,0,29252,11.631,1762.598,1048576,312380,09b2a16e38435ae5e47bc626327251546dc6cb3fcddfbd7dd68ba5658b01e6c4,1,0
"A0738_bv3jys.raw",1,255,0,1,1,1,763.947,1773.733,2942860,2942880,0,2847448,2847448,0,29252,11.640,1762.093,1048576,312380,a94d6e3ded59176ea7a1f136a2779962c9788bcb7ed3e82a69ea7dac78dfab86,1,0
"A0739_ayrmtw.raw",1,255,0,1,1,1,721.406,1774.139,2942860,2942880,0,2847448,2847448,0,29252,11.612,1762.527,1048576,312380,7df3bc959b32204153ca0b56d74193a0bbe94734e528e26fc25f609447c7fd2e,1,0
"A0740_af8mbp.raw",1,255,0,1,1,1,750.033,1773.270,2942880,2942880,0,2847448,2847448,0,29252,11.707,1761.563,1048576,312380,a7b7ae029dd67334a38f2aa8f59710a1c6e5685cbcdff48a4aa599be2179d5f2,1,0
"A0741_v5un76.raw",1,255,0,1,1,1,725.837,1774.531,2942860,2942880,0,2847448,2847448,0,29252,11.752,1762.779,1048576,312380,45ad7f0a9f278e0d7b347331fdb5a574b40a733de42a4501d8e658e973c4a01d,1,0
"A0742_jvuzp7.raw",1,255,0,1,1,1,710.200,1774.539,2942992,2943012,0,2847448,2847448,0,29252,11.665,1762.874,1048576,312380,763a43cdc0a436632b0acd294b3c986e7ae656714cdcfd11f346ed4cc2f089a1,1,0
"A0743_b7akht.raw",1,255,0,1,1,1,747.968,1775.306,2943012,2943012,0,2847448,2847448,0,29252,11.681,1763.625,1048576,312380,1df95add3202b37b9bda109edb5fa5d5f376c1b24ce17b93c15417ddb901bdfb,1,0
"A0744_y2fd2p.raw",1,255,0,1,1,1,726.472,1775.062,2942992,2943012,0,2847448,2847448,0,29252,11.840,1763.222,1048576,312380,611abb01d61e6af1a45619635d51dc336c3093b46fe1d2788c72f5ba3cfe5309,1,0
"A0745_ldzhkv.raw",1,255,0,1,1,1,753.101,1775.342,2943012,2943012,0,2847448,2847448,0,29252,11.670,1763.672,1048576,312380,2627f373e6fc5755f62ff39f7988064f741079d68edae03f7cb756dbe7d8a12f,1,0
"A0746_gqwpws.raw",1,255,0,1,1,1,736.518,1771.008,2943020,2943012,8,2847448,2847448,0,29252,11.639,1759.369,1048576,312380,9ccc4e96284d226adf60958ba49455d4e39b92f52f27761147bc954bbfd7c8e6,1,0
"A0747_ezfdnk.raw",1,255,0,1,1,1,1938.679,1772.845,2942992,2943012,0,2847448,2847448,0,29252,11.606,1761.239,1048576,312380,c12cf05451740a4a8811a4000f7c1974e5cfcbb40365275bdd501e041b57fe63,1,0
"A0748_wzqehg.raw",1,255,0,1,1,1,683.361,1777.321,2942992,2943012,0,2847448,2847448,0,29252,11.927,1765.394,1048576,312380,88a99688acf14f0665fe3d04d3ced2135173a3c83c8e2ae6548c41d813b954e2,1,0
"A0749_vgsiah.raw",1,255,0,1,1,1,699.371,1776.164,2942992,2943012,0,2847448,2847448,0,29252,11.659,1764.505,1048576,312380,ae2cac1f845503db461677eed90fb03bcf1d82787ce003c407a150cbb5479969,1,0
"A0750_bpxh1s.raw",1,255,0,1,1,1,717.217,1772.331,2942992,2943012,0,2847448,2847448,0,29252,11.764,1760.567,1048576,312380,3b78241636022978e3ad27db7ca924a67cc1055670381a03332e99d64ea16fa5,1,0
"A0751_tap7c8.raw",1,255,0,1,1,1,678.045,1778.003,2942992,2943012,0,2847448,2847448,0,29252,11.712,1766.291,1048576,312380,8f759219384a1eefe4a64fcf6c0b4f7374778f1f281c616f489baae07af7b92d,1,0
"A0752_dzsxgl.raw",1,255,0,1,1,1,694.068,1768.999,2942992,2943012,0,2847448,2847448,0,29252,11.663,1757.336,1048576,312380,3ce97c1a72e6c251c3da064021b11865adc7b45d7be0f8a3793d65d642f03a08,1,0
"A0753_qxijro.raw",1,255,0,1,1,1,759.251,1778.725,2943012,2943012,0,2847448,2847448,0,29252,11.658,1767.067,1048576,312380,8f9fc8e2a06455e5da98415100f5c7a047faebeb9de9907256978402fed4e2fd,1,0
"A0754_ivnsif.raw",1,255,0,1,1,1,611.288,1772.651,2942992,2943012,0,2847448,2847448,0,29252,11.676,1760.975,1048576,312380,86d89965ed22f2dfc05d693564e3286f3b32c049b5b808e700a60fe05b4e13a4,1,0
"A0755_pmnbme.raw",1,255,0,1,1,1,723.145,1778.778,2942992,2943012,0,2847448,2847448,0,29252,11.632,1767.146,1048576,312380,f9dae5ba03eb83758337062a6041272b6d8a6c28d589515088da745885d5590b,1,0
"A0756_elnhgh.raw",1,255,0,1,1,1,745.873,1772.548,2943012,2943012,0,2847448,2847448,0,29252,11.659,1760.889,1048576,312380,26e42110bf112f15a3cd4a4c81b0d48c5b46790da17a5c4eaac7cb349f70073d,1,0
"A0757_ulqvah.raw",1,255,0,1,1,1,738.213,1773.283,2942992,2943012,0,2847448,2847448,0,29252,11.800,1761.483,1048576,312380,3fc33bd7df2260b9930a339dc1eab0a09dffa36719b4e090087b9fa71003f100,1,0
"A0758_nvc3n3.raw",1,255,0,1,1,1,732.100,1776.748,2942992,2943012,0,2847448,2847448,0,29252,11.794,1764.954,1048576,312380,d59bf3752edb8e57817e87fe5f8fa36ddbba0940829a287dbe0023d82c2121f7,1,0
"A0759_mp4ucz.raw",1,255,0,1,1,1,835.744,1775.636,2942992,2943012,0,2847448,2847448,0,29252,11.587,1764.049,1048576,312380,165d820e76bae8014982a835533d95957cb896a52343ba20f4aa89ecb8266290,1,0
"A0760_pwodmg.raw",1,255,0,1,1,1,775.051,1782.211,2942992,2943012,0,2847448,2847448,0,29252,12.281,1769.930,1048576,312380,9e14770b2ffe88ad3845d1bcc88b0540ec2820ab84798da0f6c38bb26076e6aa,1,0
"A0761_gktx9g.raw",1,255,0,1,1,1,762.557,1772.243,2942992,2943012,0,2847448,2847448,0,29252,11.651,1760.592,1048576,312380,2cb637ec4b7380b38ae00d622124352d5f787fefdae138fc27f6863b5296e75b,1,0
"A0762_mhfrja.raw",1,255,0,1,1,1,720.574,1775.479,2942992,2943012,0,2847448,2847448,0,29252,11.779,1763.700,1048576,312380,789b87a3ab892db02a0b345a85f8f13ea597603d0c5ec5c64ad6e55d95742091,1,0
"A0763_kz7nwg.raw",1,255,0,1,1,1,765.285,1774.981,2942992,2943012,0,2847448,2847448,0,29252,11.672,1763.309,1048576,312380,d6ff0fa5159d36daf43e4aa798a1fd474b3047dc3106b74e6c9f88588a76035b,1,0
"A0764_lxm0zi.raw",1,255,0,1,1,1,732.964,1774.040,2943012,2943012,0,2847448,2847448,0,29252,11.679,1762.361,1048576,312380,906300d7d85c3dfff71a7d68d92ae61ac49f01937c5855ec29be7cbaa44adae2,1,0
"A0765_hb6vpl.raw",1,255,0,1,1,1,756.438,1774.875,2942992,2943012,0,2847448,2847448,0,29252,11.670,1763.205,1048576,312380,8144c2a178f504acaf3b6e098dd3ca6ee64c5c5296425a33899e66895e8b21b9,1,0
"A0766_gdqm08.raw",1,255,0,1,1,1,710.983,1769.971,2942992,2943012,0,2847448,2847448,0,29252,11.687,1758.284,1048576,312380,15b4e7252c805149bbd29cc01c08937d095583af957f423e5a309eff5c2eef05,1,0
"A0767_c4eudg.raw",1,255,0,1,1,1,745.253,1773.745,2943012,2943012,0,2847448,2847448,0,29252,11.626,1762.119,1048576,312380,658165d966b96fef4519f9c3e9da9c85c452b565f94295e5774f3f06cc6681aa,1,0
"A0768_z8pnck.raw",1,255,0,1,1,1,728.602,1774.589,2942992,2943012,0,2847448,2847448,0,29252,11.762,1762.827,1048576,312380,4b09ba679b71405fe180d6ab966f248984197904bbc01b5d140c6980052bc597,1,0
"A0769_t2p9wf.raw",1,255,0,1,1,1,731.855,1778.708,2942860,2942880,0,2847448,2847448,0,29252,11.779,1766.929,1048576,312380,f6db975a46205bf6fefd4bd0876b8a6c49db3a2355f70bcda1c72723fbe3b4f2,1,0
"A0770_qc16xw.raw",1,255,0,1,1,1,710.444,1774.391,2942860,2942880,0,2847448,2847448,0,29252,11.690,1762.701,1048576,312380,fa2efc8b2663e46c411e63ba5b3aaead6041ba846d94e8865f6f9615434a3584,1,0
"A0771_lteyd8.raw",1,255,0,1,1,1,756.079,1773.624,2942880,2942880,0,2847448,2847448,0,29252,11.658,1761.966,1048576,312380,23091a1ad84285ecc85b73ab53f3e37798a74fe274a27b8da52dac9db410f905,1,0
"A0772_hisnqq.raw",1,255,0,1,1,1,734.547,1783.330,2942860,2942880,0,2847448,2847448,0,29252,11.813,1771.517,1048576,312380,17f3823c55dd86ab7a2864a99054fb17843aaada65add763e187c285b27c33e5,1,0
"A0773_pe60gn.raw",1,255,0,1,1,1,743.270,1775.765,2942880,2942880,0,2847448,2847448,0,29252,11.700,1764.065,1048576,312380,352e216f6e072275777a4deb630b894633aeb4ad1e7cbc4269ffdd0f98f95a4a,1,0
"A0774_gfy44o.raw",1,255,0,1,1,1,749.842,1774.951,2942880,2942880,0,2847448,2847448,0,29252,11.741,1763.210,1048576,312380,7ec9eab7073f79257f819e349c3547fb8ede95fdc083a9d11d96a43e56c3af5c,1,0
"A0775_kd4cr3.raw",1,255,0,1,1,1,603.647,1776.346,2942848,2942880,0,2847448,2847448,0,29252,11.678,1764.668,1048576,312380,3bf636590b4ed347c1926cfbf9491e3143d111dcdde6d7658f20fa753e24fa3f,1,0
"A0776_sepafz.raw",1,255,0,1,1,1,724.500,1774.489,2942860,2942880,0,2847448,2847448,0,29252,11.774,1762.715,1048576,312380,1b2c1fd85952c4ee5c7d8800db6bc5c395d99461719a780f7e2bb29273fb93ef,1,0
"A0777_yegzuc.raw",1,255,0,1,1,1,730.078,1772.679,2942860,2942880,0,2847448,2847448,0,29252,11.766,1760.913,1048576,312380,50d3a47f4079ca9739f2777018e2d653a298946f9a3f61af358df983c34125a9,1,0
"A0778_tvv5oo.raw",1,255,0,1,1,1,741.460,1776.912,2942880,2942880,0,2847448,2847448,0,29252,11.633,1765.279,1048576,312380,0ec7aa23fb0e903a9401f52da5c54f5b8610a6d7cb7100332c6546168b35c035,1,0
"A0779_lvwafk.raw",1,255,0,1,1,1,733.463,1774.824,2942860,2942880,0,2847448,2847448,0,29252,11.785,1763.039,1048576,312380,e93691007d3c12179278d8e889719d3cda1b1fa693494d6a98d577d1bcfc5609,1,0
"A0780_oyqtpe.raw",1,255,0,1,1,1,721.099,1778.266,2942860,2942880,0,2847448,2847448,0,29252,11.769,1766.497,1048576,312380,4b7ef08e11a23b7ea165d5de3e3594a729eb391b259166be81d597ed4a2848d7,1,0
"A0781_jmchun.raw",1,255,0,1,1,1,656.858,1776.317,2942860,2942880,0,2847448,2847448,0,29252,11.579,1764.738,1048576,312380,85d808afdaae06f2cdab195cfddb0f630aeef1813c9074cd2f6f0ac07c15b37c,1,0
"A0782_anecaj.raw",1,255,0,1,1,1,691.996,1775.647,2942860,2942880,0,2847448,2847448,0,29252,11.649,1763.998,1048576,312380,fbae2a04cdc26792648e5cc3702d95e316e8c78c93205e72cc4c426c79f778c9,1,0
"A0783_j769tq.raw",1,255,0,1,1,1,747.262,1768.294,2942880,2942880,0,2847448,2847448,0,29252,11.558,1756.736,1048576,312380,834f5dda5da4bd8b6007a2fa73f4c3e259e69e7726002c10478586f178537ac4,1,0
"A0784_abqfgd.raw",1,255,0,1,1,1,751.033,1779.024,2942880,2942880,0,2847448,2847448,0,29252,11.685,1767.339,1048576,312380,a21446937c684f55042abe27831505bf36f31a748f3eaed3100e74b358e73264,1,0
"A0785_c6yplw.raw",1,255,0,1,1,1,737.157,1781.917,2942880,2942880,0,2847448,2847448,0,29252,11.655,1770.262,1048576,312380,31128235d00718dbcbf99dba21c39d6d945ece9026bb25040273131f2caf772a,1,0
"A0786_hz3ruq.raw",1,255,0,1,1,1,706.465,1776.457,2942860,2942880,0,2847448,2847448,0,29252,11.560,1764.897,1048576,312380,e23fbc488a045d71ce4d955e2ab657a2e5c5f43db65617e3cdf89253aa0efec8,1,0
"A0787_xygfgg.raw",1,255,0,1,1,1,611.648,1775.860,2942860,2942880,0,2847448,2847448,0,29252,11.562,1764.298,1048576,312380,712f11da9476988288cef56f7998b0c0c288b1feeeb59c3d0d42eaa5827c96e2,1,0
"A0788_yjwwxm.raw",1,255,0,1,1,1,769.198,1772.393,2942860,2942880,0,2847448,2847448,0,29252,11.671,1760.722,1048576,312380,e0aa14e16c202ce86dbc329945c119252c92246baddd1535495b0a44cee20205,1,0
"A0789_wrmiqn.raw",1,255,0,1,1,1,738.463,1778.696,2942880,2942880,0,2847448,2847448,0,29252,11.656,1767.040,1048576,312380,dba80a3c23ee4d2dc7665a82811882362c6ed015ca4b9c98a1f19cbd56b2271b,1,0
"A0790_ffjth8.raw",1,255,0,1,1,1,728.634,1772.498,2942860,2942880,0,2847448,2847448,0,29252,11.817,1760.681,1048576,312380,d1dc4d52e38781a1104716bafb76a4a807d94f5ec412545bc8b243d7ed02e427,1,0
"A0791_rwkksd.raw",1,255,0,1,1,1,740.944,1773.951,2942880,2942880,0,2847448,2847448,0,29252,11.667,1762.284,1048576,312380,945984b8da0ba6acc0c01688ea78faf05f41b1bffa2d205425cd12831455e9c2,1,0
"A0792_jz0kby.raw",1,255,0,1,1,1,715.018,1774.228,2942868,2942880,0,2847448,2847448,0,29252,11.674,1762.554,1048576,312380,be3e59ee1572d3ed88a6cf0988816f598ce355b1a68926f50ec1075b55d44722,1,0
"A0793_q5eknu.raw",1,255,0,1,1,1,779.100,1775.617,2942860,2942880,0,2847448,2847448,0,29252,11.608,1764.009,1048576,312380,ebd4d3968b8d4281273b2aeca079646374143ec1a585dcb4105c4d40fc9eb4a9,1,0
"A0794_jlctou.raw",1,255,0,1,1,1,827.124,1777.458,2942860,2942880,0,2847448,2847448,0,29252,11.603,1765.855,1048576,312380,617c17ce52cf899c43e214eff8a3a909594737fddcfefcb766d3f79b1000c54f,1,0
"A0795_dlu2tf.raw",1,255,0,1,1,1,714.856,1775.170,2942860,2942880,0,2847448,2847448,0,29252,11.680,1763.490,1048576,312380,e6268509c70dcb5be58f4973c29d3aacd7f431b29d917a6e17cfccf37cb8a0eb,1,0
"A0796_fen6x8.raw",1,255,0,1,1,1,731.580,1767.904,2942880,2942880,0,2847448,2847448,0,29252,11.655,1756.249,1048576,312380,9941f2e8d0abc20c146b4f688c7b052ecd246fc82b116ebc64092f6cb0bc9598,1,0
"A0797_xdtxb3.raw",1,255,0,1,1,1,760.917,1777.552,2942860,2942880,0,2847448,2847448,0,29252,11.654,1765.898,1048576,312380,5aedb375a86747c328e992d907d94712f6a6144016d004de84d49295ccf8502c,1,0
"A0798_jkunfk.raw",1,255,0,1,1,1,816.211,1770.913,2942860,2942880,0,2847448,2847448,0,29252,11.563,1759.350,1048576,312380,6cce47b30cb9fb8a34dcc994d27efd6d5235d2a31e7b6a98d6c1618d1c768c42,1,0
"A0799_vjt21o.raw",1,255,0,1,1,1,724.896,1775.934,2942860,2942880,0,2847448,2847448,0,29252,11.680,1764.254,1048576,312380,d927d623660e17ee18291e7a74b50ce9124ca373441613b73435dc505356de2f,1,0
"A0800_kthm4k.raw",1,255,0,1,1,1,743.473,1776.989,2942880,2942880,0,2847448,2847448,0,29252,11.675,1765.314,1048576,312380,973d2c733afe98b4bdd6b6c10361603f0133252e8b10f608e58a5ba20f77d0df,1,0
"A0801_qy2gh7.raw",1,255,0,1,1,1,716.889,1777.687,2942860,2942880,0,2847448,2847448,0,29252,11.599,1766.088,1048576,312380,d323bbc126d34a59833ff0e2408a377ea50d8eaf05428a02014f07dc200e4699,1,0
"A0802_lt20a2.raw",1,255,0,1,1,1,727.016,1770.737,2942860,2942880,0,2847448,2847448,0,29252,11.759,1758.978,1048576,312380,227f83c31f812dd3cbe7199d13d1aee06693e80f4f99cc4493ac99f114566efa,1,0
"A0803_znzztd.raw",1,255,0,1,1,1,656.171,1775.779,2942860,2942880,0,2847448,2847448,0,29252,11.574,1764.205,1048576,312380,cb433219e0788999b021e4ae1fee684b92f12d1ef915671deeb926f82224c252,1,0
"A0804_gnttml.raw",1,255,0,1,1,1,718.148,1774.352,2942860,2942880,0,2847448,2847448,0,29252,11.627,1762.725,1048576,312380,3e24983d3951fd3c8a9dafe2e633cbe318d4fbf1f746156e70eefb69b049e7b2,1,0
"A0805_qgyejs.raw",1,255,0,1,1,1,748.986,1769.022,2942880,2942880,0,2847448,2847448,0,29252,11.665,1757.357,1048576,312380,c2a2685e64854933bdc89760fb09e051419dbaf3bb7d4d88d1f573c211415100,1,0
"A0806_gbqjrm.raw",1,255,0,1,1,1,729.506,1772.140,2942860,2942880,0,2847448,2847448,0,29252,11.733,1760.407,1048576,312380,2e3614ce39d3e49ba6b2863c0f61d32ef8d8adfc08b316e19e36cd038d71ddb9,1,0
"A0807_srsgal.raw",1,255,0,1,1,1,733.538,1772.964,2942860,2942880,0,2847448,2847448,0,29252,11.769,1761.195,1048576,312380,3c7b32abb2848ccb0c1dc01668e0acf43608615728d6a66815f19e699b17bc8e,1,0
"A0808_o72bpe.raw",1,255,0,1,1,1,632.707,1768.307,2942860,2942880,0,2847448,2847448,0,29252,11.682,1756.625,1048576,312380,45d74604d2ab525af318479845fd6b9e6ee9db4afbd7791898ddd75f4de77e07,1,0
"A0809_mtwcdw.raw",1,255,0,1,1,1,757.569,1772.085,2942876,2942880,0,2847448,2847448,0,29252,11.657,1760.428,1048576,312380,6a4d743b921cff6465f8e6f31cd8db9b21738ce810203dca956b5f63dcbc98fe,1,0
"A0810_am9etb.raw",1,255,0,1,1,1,725.057,1776.933,2942860,2942880,0,2847448,2847448,0,29252,11.808,1765.125,1048576,312380,bd51a415218b1cdfc04d35d42c8e8691422e0054d727f03ef3847f211fb585a6,1,0
"A0811_twfcsa.raw",1,255,0,1,1,1,716.739,1772.973,2942860,2942880,0,2847448,2847448,0,29252,11.657,1761.316,1048576,312380,c0e1fb3908fdc69acb49aa1407a9f59d4f6eaf35e4174fa4506a4669ecbed206,1,0
"A0812_gsoo5u.raw",1,255,0,1,1,1,758.713,1773.285,2942868,2942880,0,2847448,2847448,0,29252,11.635,1761.650,1048576,312380,4d35d99ad925bd62d86d0650a829a2053e9e06b6eaf8524f7de6d3f6f2a9cea1,1,0
"A0813_czg8xs.raw",1,255,0,1,1,1,726.230,1775.199,2942860,2942880,0,2847448,2847448,0,29252,11.652,1763.547,1048576,312380,871c383bfbbbb593a7c84edb426d1d1b137878f9f323e5cef0b9a44b6941908b,1,0
"A0814_iqcu4r.raw",1,255,0,1,1,1,735.079,1775.030,2942860,2942880,0,2847448,2847448,0,29252,11.724,1763.306,1048576,312380,5ac5266d62b09944f585988bf1d67dc3fb65db92ce0a65356ecfc2279997dc3f,1,0
"A0815_ixtziy.raw",1,255,0,1,1,1,742.378,1772.867,2942880,2942880,0,2847448,2847448,0,29252,11.564,1761.303,1048576,312380,102deaa98a295f665011244052f216be7f4925420279fed6bcba31a0a80eb28d,1,0
"A0816_tghjgs.raw",1,255,0,1,1,1,733.019,1773.611,2942880,2942880,0,2847448,2847448,0,29252,11.664,1761.947,1048576,312380,670d9c11c917dd439751d0bba2ec951aec5776b72c12209c28ccff59598dcf13,1,0
"A0817_dxebmm.raw",1,255,0,1,1,1,728.378,1777.670,2942868,2942880,0,2847448,2847448,0,29252,11.671,1765.999,1048576,312380,206ef1a0832d70c1946d3e02564779bb1a147c4f5b8916adeeccb054963f5f72,1,0
"A0818_kuijdh.raw",1,255,0,1,1,1,672.584,1778.176,2942860,2942880,0,2847448,2847448,0,29252,11.581,1766.595,1048576,312380,8ab44f026e0d85ddd72dd1953cf193351dda7d7bc21abe4837c3293bb251647f,1,0
"A0819_rp57wb.raw",1,255,0,1,1,1,696.766,1773.576,2942860,2942880,0,2847448,2847448,0,29252,11.678,1761.898,1048576,312380,07a864a7d009cea2ec380341476de4b010c16e85f8f2ed7cb827764ba2df36c4,1,0
"A0820_amhgh5.raw",1,255,0,1,1,1,654.848,1773.461,2942860,2942880,0,2847448,2847448,0,29252,11.632,1761.829,1048576,312380,38e23695a2dda46511aa5c38b8d55940c196407159a27cd95e274ca0b59dc354,1,0
"A0821_dpb0zj.raw",1,255,0,1,1,1,813.494,1766.355,2942860,2942880,0,2847448,2847448,0,29252,11.664,1754.691,1048576,312380,3672248fd2b6d8e4d95e52475cf84099852689e426ace2f9d19510204d9af6e1,1,0
"A0822_bex9ua.raw",1,255,0,1,1,1,761.112,1776.252,2942880,2942880,0,2847448,2847448,0,29252,11.579,1764.673,1048576,312380,c161e05e5fff3c1433a860626595e121d1f52b09618bd471738c8394c4767855,1,0
"A0823_o967ym.raw",1,255,0,1,1,1,719.996,1769.768,2942860,2942880,0,2847448,2847448,0,29252,11.683,1758.085,1048576,312380,5e38fdf34247f2c1e188de215cd79137fc95d4cc075af940f0d034138966e5de,1,0
"A0824_qsi0hj.raw",1,255,0,1,1,1,722.843,1775.266,2942860,2942900,0,2847448,2847448,0,29252,11.673,1763.593,1048576,312380,56ca4337a50af6f7ed60683110a27a7a57c24c55ad975ca6b002e52af5933fac,1,0
"A0825_hjytxc.raw",1,255,0,1,1,1,734.231,1773.886,2942852,2942880,0,2847448,2847448,0,29252,11.746,1762.140,1048576,312380,a981e459984b52ae8f15f076fa9f2d9439ae01d4a8d555f17cb4f00ad33fb223,1,0
"A0826_kkg5ee.raw",1,255,0,1,1,1,728.933,1766.881,2942860,2942880,0,2847448,2847448,0,29252,11.789,1755.092,1048576,312380,549a7a2f9efcb86b7ba84cdc771ed165722107319a0cf5f94fb783a245f591da,1,0
"A0827_ftxg1t.raw",1,255,0,1,1,1,742.664,1776.537,2942880,2942880,0,2847448,2847448,0,29252,11.672,1764.865,1048576,312380,f161219b458073bc97f4c9ab6e79261406674c06430097aea3a652d070c900d6,1,0
"A0828_xddlp6.raw",1,255,0,1,1,1,687.121,1773.826,2942860,2942880,0,2847448,2847448,0,29252,12.781,1761.045,1048576,312380,54d0a43c750d6d23a6c85fa7e3a67431ba97288e1e4a26cd3878f1725c37b702,1,0
"A0829_dgebqn.raw",1,255,0,1,1,1,677.943,1776.913,2942860,2942880,0,2847448,2847448,0,29252,11.601,1765.312,1048576,312380,abcb5b4721e850e1c116b31dc7095f1a4440ff3cb4c955f28fd4f78574ee7893,1,0
"A0830_o3xuwi.raw",1,255,0,1,1,1,740.828,1777.168,2942880,2942880,0,2847448,2847448,0,29252,11.580,1765.588,1048576,312380,88d74fe447f1ce96b399129087fd422d3c15ec467be0975dda4ac09973c214cd,1,0
"A0831_uabfse.raw",1,255,0,1,1,1,733.713,1773.551,2942880,2942880,0,2847448,2847448,0,29252,11.676,1761.875,1048576,312380,bd9bb5d20dd03ede2d043be17d91cbd42275855d2dadfdea4d29fce94b11ff01,1,0
"A0832_pjntoi.raw",1,255,0,1,1,1,717.587,1772.537,2942860,2942880,0,2847448,2847448,0,29252,11.633,1760.904,1048576,312380,30841b9c6c407f38d76fd24ad29522022ab13e8a7f6772571bfdc838d5b7f2d2,1,0
"A0833_iqqihe.raw",1,255,0,1,1,1,745.881,1773.918,2942880,2942880,0,2847448,2847448,0,29252,11.656,1762.262,1048576,312380,41d2784f19358bac763d4fd2688004f809391a331f82b6ba8b82d0def008ddb5,1,0
"A0834_oqopsc.raw",1,255,0,1,1,1,631.737,1774.317,2942860,2942880,0,2847448,2847448,0,29252,11.670,1762.647,1048576,312380,0941eca984aff46bb80a24338ecf4e8263549e4d8fca008abc82b45ae40e8d6d,1,0
"A0835_kpnzqt.raw",1,255,0,1,1,1,664.302,1772.664,2942860,2942880,0,2847448,2847448,0,29252,11.717,1760.947,1048576,312380,744306e883da4b21397ffaa5e04dc7097e16f90a8baacd2c8c2b714bf6ad85bc,1,0
"A0836_fayzsd.raw",1,255,0,1,1,1,695.868,1778.167,2942860,2942880,0,2847448,2847448,0,29252,11.642,1766.525,1048576,312380,638be9c41b48ba3a2a5f124ddaa613ea323684af4d29325cb2d3ac1f23d5e072,1,0
"A0837_pn2hjo.raw",1,255,0,1,1,1,732.885,1777.664,2942860,2942880,0,2847448,2847448,0,29252,11.761,1765.903,1048576,312380,530754304b1efe39ea14f1ac35da8f250f24f76fa59d2b1cafcbfd176ad4ed1d,1,0
"A0838_gafnw9.raw",1,255,0,1,1,1,739.939,1776.120,2942880,2942880,0,2847448,2847448,0,29252,11.674,1764.446,1048576,312380,ff2d94aeb3b311391e2df65e1f0d275e9effefe3f1f9f4176806707c2a19f9ff,1,0
"A0839_qmlmte.raw",1,255,0,1,1,1,739.432,1773.754,2942860,2942880,0,2847448,2847448,0,29252,11.817,1761.937,1048576,312380,b17704d7061c8a2d086893f2535bd4ea24a924da93bc7007594f7d8161973b53,1,0
"A0840_kxoujm.raw",1,255,0,1,1,1,710.506,1777.222,2942860,2942880,0,2847448,2847448,0,29252,11.566,1765.656,1048576,312380,d4836c81e2358a5674ec4366ca0a1df707fbc57319d8fdb4d28a2a9700c77973,1,0
"A0841_n7lygh.raw",1,255,0,1,1,1,770.243,1772.128,2942868,2942880,0,2847448,2847448,0,29252,11.619,1760.509,1048576,312380,36758ed2f241e2fbed3b872be07f2be247f00f255fe89f72031f08ea76b55205,1,0
"A0842_c2lqo5.raw",1,255,0,1,1,1,728.394,1773.918,2942860,2942880,0,2847448,2847448,0,29252,11.685,1762.233,1048576,312380,ec39cb012b3f503b066b63918485076c5b8e7655752e3733be6ce138fc079023,1,0
"A0843_agsv4a.raw",1,255,0,1,1,1,757.841,1778.617,2942860,2942880,0,2847448,2847448,0,29252,11.625,1766.992,1048576,312380,54cdb531096a326f1aa4f9e3f0ea7fd278d11ba65d26450c5137b2cf6ea07460,1,0
"A0844_aizd01.raw",1,255,0,1,1,1,810.608,1769.247,2942860,2942880,0,2847448,2847448,0,29252,11.674,1757.573,1048576,312380,b209bef6416c5efa4bab62bc1dd5e7f5cbd8be38b7e246995a1d46cc16973e12,1,0
"A0845_v6auie.raw",1,255,0,1,1,1,738.269,1776.665,2942880,2942880,0,2847448,2847448,0,29252,11.639,1765.026,1048576,312380,789b33597536bba81c8933e794a2bde537a4ab2aee5fe7ce6f1c995a35beacba,1,0
"A0846_wyvlez.raw",1,255,0,1,1,1,767.732,1779.549,2942860,2942880,0,2847448,2847448,0,29252,11.858,1767.691,1048576,312380,2bba5e28c16899af407cdb68a525779611986fea61115c7715a6bc2b9f9ab330,1,0
"A0847_jcpyws.raw",1,255,0,1,1,1,799.529,1772.879,2942860,2942880,0,2847448,2847448,0,29252,11.786,1761.093,1048576,312380,b44133ad56eb707a0a620411da12009992e52f0fa06e2fc86e1cd104606e0236,1,0
"A0848_ytdcof.raw",1,255,0,1,1,1,745.747,1779.239,2942880,2942880,0,2847448,2847448,0,29252,11.696,1767.543,1048576,312380,d47a87d6f07063d57518a9a73da17f05fc486b184fa4853094efa35cf5ad0568,1,0
"A0849_fi8nwc.raw",1,255,0,1,1,1,722.110,1769.290,2942860,2942880,0,2847448,2847448,0,29252,11.751,1757.539,1048576,312380,7ac2fea683d35bd2546c5da1c09bf7c992aff99ef0a5ae49e7503899d4408de6,1,0
"A0850_adz62q.raw",1,255,0,1,1,1,856.734,1774.992,2942860,2942880,0,2847448,2847448,0,29252,11.582,1763.410,1048576,312380,495097c0566a53e6228f48a822d85e32bf7719f944020abce8886e8005e7b32d,1,0
"A0851_jwbnzd.raw",1,255,0,1,1,1,784.565,1770.495,2942860,2942880,0,2847448,2847448,0,29252,11.620,1758.875,1048576,312380,ce1d3a5f631c746af8dc55d43d513b60784fd2eaabe0a6464aa8ba2e2a2d433f,1,0
"A0852_ziwclm.raw",1,255,0,1,1,1,766.708,1776.204,2942860,2942880,0,2847448,2847448,0,29252,11.666,1764.538,1048576,312380,e5f2639900c2c034814b4404cae1d3a9e4fe5514987682603dcd189d70f6ef14,1,0
"A0853_ys0kkm.raw",1,255,0,1,1,1,756.535,1778.338,2942880,2942880,0,2847448,2847448,0,29252,11.598,1766.740,1048576,312380,5db343eda24cb3f493a06a1d904fb53f3c635d64437e76ba302c83de563b74e7,1,0
"A0854_uyc7pt.raw",1,255,0,1,1,1,613.369,1772.192,2942860,2942880,0,2847448,2847448,0,29252,11.669,1760.523,1048576,312380,d117118d05b7e8ecace8c5a5b3a2ed554f3da460d0d3009f84388fd201cabc0f,1,0
"A0855_p8gbah.raw",1,255,0,1,1,1,835.095,1776.221,2942860,2942880,0,2847448,2847448,0,29252,11.591,1764.630,1048576,312380,35faba79be4939e023d0cd77dda4e819f792cb00eee200a0eb43ae6bcc336b5f,1,0
"A0856_w4ydp5.raw",1,255,0,1,1,1,734.316,1778.721,2942860,2942880,0,2847448,2847448,0,29252,11.782,1766.939,1048576,312380,ad2f497346732208e4cb73d31f8d0eb088d7c573a9899847106c1144b7986a67,1,0
"A0857_eiffvb.raw",1,255,0,1,1,1,706.032,1774.042,2942860,2942880,0,2847448,2847448,0,29252,11.658,1762.384,1048576,312380,4e5e7561437cc81c483b1de8ae59cc603df4143a9e6f68dd3e76c2a74cfaac6a,1,0
"A0858_fbtdia.raw",1,255,0,1,1,1,731.141,1773.632,2942860,2942880,0,2847448,2847448,0,29252,11.758,1761.874,1048576,312380,7dcdf86fbc6ed0a3cb379729af25c86548cc575e6fb94777f7d697ef109cb85d,1,0
"A0859_bosar1.raw",1,255,0,1,1,1,744.546,1777.071,2942880,2942880,0,2847448,2847448,0,29252,11.657,1765.414,1048576,312380,6d057691f32060a1af110767296014f3f331a8916bb9dc034293674915e3f459,1,0
"A0860_brpwnp.raw",1,255,0,1,1,1,752.147,1777.218,2942880,2942880,0,2847448,2847448,0,29252,11.666,1765.552,1048576,312380,6bb619e0997ac1c8b60414ea953ba8bdce01d40425085cd7b96159ecb078c3dd,1,0
"A0861_qctamz.raw",1,255,0,1,1,1,574.364,1774.816,2942860,2942880,0,2847448,2847448,0,29252,12.449,1762.367,1048576,312380,59ec34d7f71302c578a021b0ed238605e7b04cf1da7caf3aedef6c9b7bf63e5c,1,0
"A0862_se4vht.raw",1,255,0,1,1,1,655.007,1776.914,2942860,2942880,0,2847448,2847448,0,29252,11.612,1765.302,1048576,312380,9bf4ae8d976a31ea1b725fb3e6405cddfd57338c83ba67df01baf009567d9a3f,1,0
"A0863_kl7mi5.raw",1,255,0,1,1,1,752.051,1776.582,2942880,2942880,0,2847448,2847448,0,29252,11.668,1764.914,1048576,312380,ec9423809537a10bdd469ef5d00582bed9140c034a0596eb932a1905cb8bb667,1,0
"A0864_fxj0vg.raw",1,255,0,1,1,1,720.192,1772.569,2942860,2942880,0,2847448,2847448,0,29252,11.674,1760.895,1048576,312380,1aa33b5ec5b9ca339cd306ec07f76916612207911faf928c061377ef84215f04,1,0
"A0865_ayay7r.raw",1,255,0,1,1,1,753.422,1774.750,2942880,2942880,0,2847448,2847448,0,29252,11.622,1763.128,1048576,312380,4c1db2de28e79c05b90b4609037a7f6ae0eb2d7a5c4f08588189c7622aad1932,1,0
"A0866_auzumj.raw",1,255,0,1,1,1,755.363,1782.088,2943012,2943012,0,2847448,2847448,0,29252,11.629,1770.459,1048576,312380,aa58348cea08fc916dd6200dd869784922c10f05ce2480a42f1f536885dcb487,1,0
"A0867_zzxjey.raw",1,255,0,1,1,1,723.813,1777.273,2942992,2943012,0,2847448,2847448,0,29252,11.585,1765.688,1048576,312380,9a8ee367596c7307e325c4f271a036c8b8518a18e1d4645fcf97c5cf46987669,1,0
"A0868_qi0zfk.raw",1,255,0,1,1,1,732.162,1773.459,2943000,2943012,0,2847448,2847448,0,29252,11.714,1761.745,1048576,312380,471aec71ecd0ab0aec9d90b2690b85680272afcd7d29a3a0e1a074b86c44b04c,1,0
"A0869_yea4tb.raw",1,255,0,1,1,1,721.755,1774.493,2942992,2943012,0,2847448,2847448,0,29252,11.665,1762.828,1048576,312380,983cd3d0885db7170aca40413f7c1071d097126a03317351e11dcefdf5aeeddc,1,0
"A0870_u0jlmt.raw",1,255,0,1,1,1,738.795,1773.985,2943012,2943012,0,2847448,2847448,0,29252,11.649,1762.336,1048576,312380,9236f04bb28705f8be1f3731f21981a10fe7f5226ff51039505348a1bb7579c2,1,0
"A0871_ftgu40.raw",1,255,0,1,1,1,741.196,1771.451,2943012,2943012,0,2847448,2847448,0,29252,11.668,1759.783,1048576,312380,0bef06abdad79621c7eeb9ff2dde8736a862fe94bbea7041a11f48d7b509bcf5,1,0
"A0872_difcct.raw",1,255,0,1,1,1,834.497,1773.015,2942992,2943012,0,2847448,2847448,0,29252,11.676,1761.339,1048576,312380,e73f4301d073deae3ea5e70dd91a39d9f06b58ccf281b00f17a29a6f3160889f,1,0
"A0873_i2kbuf.raw",1,255,0,1,1,1,722.506,1772.669,2942992,2943012,0,2847448,2847448,0,29252,11.786,1760.883,1048576,312380,0580b6872d9d2e8a32b3f6ec8e3055535227a685c258cacc60e3c462128f24c6,1,0
"A0874_dumoqo.raw",1,255,0,1,1,1,713.814,1776.694,2942992,2943012,0,2847448,2847448,0,29252,11.544,1765.150,1048576,312380,0ff4693b9239fddc7c62cb85fb310f5e7d4dc5fe8e4fee63723feceb6f66d9ba,1,0
"A0875_jplqug.raw",1,255,0,1,1,1,744.816,1777.836,2943012,2943012,0,2847448,2847448,0,29252,11.653,1766.183,1048576,312380,7195f7439a8f5eb50ba235a960d8a8bc5511500ce8868ecdc0377a9266bc02ed,1,0
"A0876_kfliex.raw",1,255,0,1,1,1,751.745,1774.968,2943012,2943012,0,2847448,2847448,0,29252,11.678,1763.290,1048576,312380,3de4f35c6b96e4497137150d08cad195f734de485e7d628dd3611f9a0c0ca6b9,1,0
"A0877_scracb.raw",1,255,0,1,1,1,714.036,1773.310,2942992,2943012,0,2847448,2847448,0,29252,11.676,1761.634,1048576,312380,c53f1392b20d7f644e7c06fc06fe2a72dac85a1975da1312fe629f811528d3a2,1,0
"A0878_cz9uy5.raw",1,255,0,1,1,1,626.232,1774.822,2942992,2943012,0,2847448,2847448,0,29252,11.667,1763.155,1048576,312380,44b49a20bc312632fb867792a1866154c91c32736bb370116bd805a29091adf9,1,0
"A0879_frshjz.raw",1,255,0,1,1,1,739.010,1779.224,2942992,2943012,0,2847448,2847448,0,29252,11.801,1767.423,1048576,312380,eb23dc499f7d9e42b7eac92837e925ca1541a4d39974d51b087ef8fa04dc5352,1,0
"A0880_exaxxq.raw",1,255,0,1,1,1,767.985,1776.435,2942992,2943012,0,2847448,2847448,0,29252,11.644,1764.791,1048576,312380,44d604125bb0e91332f96e49b064bea07844474839d947237a6d1a38776a4989,1,0
"A0881_gzcqbu.raw",1,255,0,1,1,1,708.653,1770.900,2942992,2943012,0,2847448,2847448,0,29252,11.669,1759.231,1048576,312380,928e7cef18523941e38427d5d444777fdee3cfb9e0d9ccd6e40710b2ffd72014,1,0
"A0882_yhj7yc.raw",1,255,0,1,1,1,604.556,1773.328,2942992,2943012,0,2847448,2847448,0,29252,11.590,1761.738,1048576,312380,eeaa1bce735f44ecdff22418fc2d8dc1ebacd7e4d202c358fecb7230defd9825,1,0
"A0883_o9zey3.raw",1,255,0,1,1,1,767.709,1777.787,2942992,2943012,0,2847448,2847448,0,29252,11.688,1766.099,1048576,312380,a6c0ffbca51b60485fb7cb9f2a3b11f253b945020131d6652eddebab10566543,1,0
"A0884_jmyqbb.raw",1,255,0,1,1,1,715.509,1776.551,2942992,2943012,0,2847448,2847448,0,29252,11.654,1764.897,1048576,312380,75ffcc8936620249350a275317367c535eeb63bc931a6f7cab0c1a5c5335bbc4,1,0
"A0885_bee8l1.raw",1,255,0,1,1,1,736.540,1774.537,2942992,2943012,0,2847448,2847448,0,29252,11.809,1762.728,1048576,312380,3563204ef777002a8b8e7a8061810f4cd8d568bd6f97c6effae7ce6d8e4ef014,1,0
"A0886_ppwfed.raw",1,255,0,1,1,1,731.202,1773.464,2942992,2943012,0,2847448,2847448,0,29252,11.764,1761.700,1048576,312380,ccfabc8cf1fca10c251628274422f3b379e0c714876f1a4ae01a8177ddfbdaf9,1,0
"A0887_rtxoyc.raw",1,255,0,1,1,1,845.138,1767.613,2942992,2943012,0,2847448,2847448,0,29252,11.678,1755.935,1048576,312380,58f84a0b1687cef07008a4d11f496d0df37713340df6a685f66de0ec39ef06df,1,0
"A0888_hdrgut.raw",1,255,0,1,1,1,826.520,1776.486,2942992,2943012,0,2847448,2847448,0,29252,11.584,1764.902,1048576,312380,467fa0fd263e1a0315da5bff3d5d35d87a73d6407e24ca8dbdefb215620752c8,1,0
"A0889_mcpdko.raw",1,255,0,1,1,1,731.346,1771.462,2942992,2943012,0,2847448,2847448,0,29252,11.739,1759.723,1048576,312380,8cd17efbede914701b9a68c4db0d66770dd5b2cd5b527cb37d3932f246bec8e2,1,0
"A0890_oxneji.raw",1,255,0,1,1,1,753.267,1771.086,2943012,2943012,0,2847448,2847448,0,29252,11.666,1759.420,1048576,312380,c1bd2cf89519e189ebd00d29cf988bc8c7de6ebc192a8c4ae36fcd2d567422c2,1,0
"A0891_bcygob.raw",1,255,0,1,1,1,750.502,1769.531,2943012,2943012,0,2847448,2847448,0,29252,11.648,1757.883,1048576,312380,362868223e6d993abc4ab16a9a8b42bf4edcdb47b10555a8c5bcaec7d2181fb3,1,0
"A0892_th92wz.raw",1,255,0,1,1,1,824.003,1775.046,2942992,2943012,0,2847448,2847448,0,29252,11.642,1763.404,1048576,312380,9978774b714ca7b52046712f2e525d8c04bb644d9e709685b4f76853a94619a0,1,0
"A0893_fplwq6.raw",1,255,0,1,1,1,764.622,1772.156,2942860,2942880,0,2847448,2847448,0,29252,11.619,1760.537,1048576,312380,600459c073f16e8fd9b8a669038ec2c9ab5cbf8b3001d8f5650591b79f039fab,1,0
"A0894_vuezk5.raw",1,255,0,1,1,1,736.894,1777.545,2942880,2942880,0,2847448,2847448,0,29252,11.626,1765.919,1048576,312380,03748d48b072c13c177150278846289b0848690fac17374dcb72c9aac0246fd3,1,0
"A0895_wjqzqn.raw",1,255,0,1,1,1,839.343,1775.259,2942860,2941180,1680,2847448,2847448,0,29252,11.596,1763.663,1048576,312380,7bd3607c83d2adb6c57b5e71512518d14f429510fdafee138061a9a15e227207,1,0
"A0896_hqikrt.raw",1,255,0,1,1,1,712.061,1774.038,2942860,2942880,0,2847448,2847448,0,29252,11.618,1762.420,1048576,312380,d27f198b5d4cd31d7fd48cffbe9f7d84a5122d72623ecdff4741b72ac2fbe5ec,1,0
"A0897_lxyfxm.raw",1,255,0,1,1,1,742.903,1771.212,2942880,2942880,0,2847448,2847448,0,29252,11.643,1759.569,1048576,312380,1291bd0d7db0165980024acdb35c7d65859fa15b9b4475417e330408e8ae2ff9,1,0
"A0898_pruxop.raw",1,255,0,1,1,1,739.852,1773.561,2942880,2942880,0,2847448,2847448,0,29252,11.680,1761.881,1048576,312380,25988aeb1a53c06b188896d0b1b5b36a28247f20667fa8b8210be294c0b81957,1,0
"A0899_inbs3j.raw",1,255,0,1,1,1,744.223,1776.864,2942880,2942880,0,2847448,2847448,0,29252,11.671,1765.193,1048576,312380,5bfef36cc512a0cf0b60774172e33d2c5584ac052d16066b36340c9bee5fe518,1,0
"A0900_mw2tuh.raw",1,255,0,1,1,1,696.769,1777.018,2942860,2942880,0,2847448,2847448,0,29252,11.648,1765.370,1048576,312380,82dfcf90131e35111fc86c996b2090c0289b4203388b47720482186076631bfd,1,0
"A0901_movtmq.raw",1,255,0,1,1,1,646.289,1771.239,2942860,2942880,0,2847448,2847448,0,29252,11.632,1759.607,1048576,312380,ba63254e4eb3d9ffe78a4dd6c02f1f9bfd4932e673169c2210b31925a381f60d,1,0
"A0902_y0wpck.raw",1,255,0,1,1,1,722.833,1771.949,2942860,2942880,0,2847448,2847448,0,29252,11.658,1760.291,1048576,312380,49f59b19da1201a2089e6ee6cb65111896b4d7785adaff81c250725933a38931,1,0
"A0903_m2kica.raw",1,255,0,1,1,1,763.790,1771.781,2942880,2942880,0,2847448,2847448,0,29252,11.591,1760.190,1048576,312380,b71c7555191aebf38fb7d40ebe7d73b1100676332236de7968901294f8ee06a8,1,0
"A0904_lsbbc8.raw",1,255,0,1,1,1,707.350,1776.299,2942860,2942880,0,2847448,2847448,0,29252,11.658,1764.641,1048576,312380,530ef3022d5d794209f20325ed3228a681e5376407a8c0f0bd9ddaa1e9722168,1,0
"A0905_fl7bey.raw",1,255,0,1,1,1,660.810,1767.916,2942860,2942880,0,2847448,2847448,0,29252,11.714,1756.202,1048576,312380,8ce6c402f16c8dd9771dec3d281b321a8010ee7a5cd6a48433d9a525e0828b29,1,0
"A0906_cfdivt.raw",1,255,0,1,1,1,698.329,1776.959,2942860,2942880,0,2847448,2847448,0,29252,11.657,1765.302,1048576,312380,323382e1478568e8adde636250127ec10848812f6f814fe96db93ebb0f71465a,1,0
"A0907_t5t37f.raw",1,255,0,1,1,1,737.942,1773.117,2942880,2942880,0,2847448,2847448,0,29252,11.624,1761.493,1048576,312380,06deab07af92bb1767fe38e3ef9fdb9ca3881a501aac844b4ffb10d9e8028c9a,1,0
"A0908_k60xvl.raw",1,255,0,1,1,1,749.871,1778.911,2942880,2942880,0,2847448,2847448,0,29252,11.673,1767.238,1048576,312380,1e3771aa371723d40c4a5a32511a0cd7755c4007d8c02c229cff23b58b317789,1,0
"A0909_dwrszu.raw",1,255,0,1,1,1,780.963,1780.329,2942860,2942880,0,2847448,2847448,0,29252,12.541,1767.788,1048576,312380,795c12314590156fa444e0b5b37a5005a234fc78ab20fc30deb1553d784e6b43,1,0
"A0910_kcymyw.raw",1,255,0,1,1,1,800.302,1775.175,2942860,2942880,0,2847448,2847448,0,29252,11.581,1763.594,1048576,312380,33c0dba3b002251795a1336164648932ac455f7cf1f056165596dc0b154db3b6,1,0
"A0911_aaduoq.raw",1,255,0,1,1,1,1020.244,1775.136,2942860,2942880,0,2847448,2847448,0,29252,11.640,1763.496,1048576,312380,c398255cc6f57d9e56f995155ae4a32124ba1c58354ea4584435e62062219abf,1,0
"A0912_dxf2w9.raw",1,255,0,1,1,1,727.481,1776.322,2942860,2942880,0,2847448,2847448,0,29252,11.669,1764.653,1048576,312380,723d17fae5e238a7a87e776395d338b486b8357eb8f7b8f7a90144f41328ff19,1,0
"A0913_r5zegi.raw",1,255,0,1,1,1,737.372,1774.857,2942880,2942880,0,2847448,2847448,0,29252,11.646,1763.211,1048576,312380,c220e2e372fa08449620227a6a38f660313bb660afb51a2d2c08e1a8b5780b15,1,0
"A0914_fufv24.raw",1,255,0,1,1,1,722.148,1772.040,2942860,2942880,0,2847448,2847448,0,29252,11.771,1760.269,1048576,312380,cba3ef4c86b847281f8b3878ecf0b579426b3071893e33320778d5bea3317542,1,0
"A0915_rgzmn7.raw",1,255,0,1,1,1,699.844,1778.966,2942860,2942880,0,2847448,2847448,0,29252,12.423,1766.543,1048576,312380,f6fabae46f29c6c8da217d084f9a9a1e0d6abe7b65a769fc4b87ab5db6eed4af,1,0
"A0916_djkwxt.raw",1,255,0,1,1,1,701.305,1771.971,2942860,2942880,0,2847448,2847448,0,29252,11.734,1760.237,1048576,312380,f2d67c7c9aa93012e0be6d1d6d9e95821a43950dc72edc98421c52047d9b8725,1,0
"A0917_aqpad1.raw",1,255,0,1,1,1,688.858,1775.506,2942860,2942880,0,2847448,2847448,0,29252,11.561,1763.945,1048576,312380,34dfe6686c4675b965a9ed3e5a1f9d42f5ecf276b4ab6bb76f1a73913c122039,1,0
"A0918_b5kvk6.raw",1,255,0,1,1,1,745.172,1775.791,2942880,2942880,0,2847448,2847448,0,29252,11.681,1764.110,1048576,312380,0699b3adbb9d7a28a01b3a7dce95acd690fbee9dad03ed638129374f6e1ddb42,1,0
"A0919_q602qj.raw",1,255,0,1,1,1,657.329,1770.787,2942860,2942880,0,2847448,2847448,0,29252,11.604,1759.183,1048576,312380,2e280553dc84dd3d3651500c71ee25e47206939d6b3c70d69dc17655ad345e42,1,0
"A0920_uuwqit.raw",1,255,0,1,1,1,873.443,1775.722,2942860,2942880,0,2847448,2847448,0,29252,11.834,1763.888,1048576,312380,bffe2bdf3b431383ecd5a569c5d8bef9e8210cb503a538622abdd289ac7f85ee,1,0
"A0921_bl0uay.raw",1,255,0,1,1,1,797.371,1774.111,2942860,2942880,0,2847448,2847448,0,29252,11.636,1762.475,1048576,312380,06f224c570d05657e309abe2e16462d8f588e976f3b84c078462a3efe96bc11f,1,0
"A0922_l5kxcb.raw",1,255,0,1,1,1,962.722,1778.410,2942860,2942880,0,2847448,2847448,0,29252,11.597,1766.813,1048576,312380,29180529116db3a5d0e5775a1b103680ad753746d7e475007193fa10f5c15671,1,0
"A0923_rsqd44.raw",1,255,0,1,1,1,829.649,1769.893,2942860,2942880,0,2847448,2847448,0,29252,11.701,1758.192,1048576,312380,67458a174bd522013667a090361e16277ed01d2534ec972577d97591fcff2ee4,1,0
"A0924_ho9ij1.raw",1,255,0,1,1,1,922.384,1780.724,2942860,2942864,0,2847448,2847448,0,29252,11.672,1769.052,1048576,312380,69aac4fab25f0bfd0ca1116d1216a5bc2e000bd3546f01c09553ba4e4b78aea6,1,0
"A0925_jhtjw9.raw",1,255,0,1,1,1,718.601,1774.895,2942880,2942908,0,2847448,2847448,0,29252,11.839,1763.056,1048576,312380,732b1c4793ee96c89a1436a8b26b56aadb945d496bf99ff32807f927ec7543fd,1,0
"A0926_iq2dhc.raw",1,255,0,1,1,1,722.833,1770.236,2942860,2942880,0,2847448,2847448,0,29252,11.679,1758.557,1048576,312380,946c28770ceff7223eb3cb4275f22d78cff7211652fa15708ce146a25a0a55c0,1,0
"A0927_dkovhx.raw",1,255,0,1,1,1,745.901,1775.008,2942880,2942880,0,2847448,2847448,0,29252,11.700,1763.308,1048576,312380,867785032be62fea4846d9dab47a28b11a3176498670421f72afb17a6fa02aff,1,0
"A0928_gzektb.raw",1,255,0,1,1,1,923.995,1773.748,2942860,2942880,0,2847448,2847448,0,29252,11.674,1762.074,1048576,312380,5bbfebb3210966c0a1d817d308504918ae04fcf8e3eff52cb739e45dc1a22a47,1,0
"A0929_iewzh0.raw",1,255,0,1,1,1,730.081,1771.208,2942860,2942880,0,2847448,2847448,0,29252,11.770,1759.438,1048576,312380,eb14dc5aca82206a706f8a591394a8444f0f0c165a5a459a8c92d54a37ad37bd,1,0
"A0930_ifpg3o.raw",1,255,0,1,1,1,764.801,1777.385,2942860,2942880,0,2847448,2847448,0,29252,11.881,1765.504,1048576,312380,9e37d468aef8538068916743136d70929501aa127db49636302331bb76837b49,1,0
"A0931_lqgex5.raw",1,255,0,1,1,1,725.420,1775.392,2942860,2942880,0,2847448,2847448,0,29252,11.795,1763.597,1048576,312380,525e774251b41a9528c32334ce8bd1b4eb6d0f87de40ae8def92a80dc3d7b734,1,0
"A0932_pxasek.raw",1,255,0,1,1,1,722.323,1776.571,2942860,2942880,0,2847448,2847448,0,29252,11.574,1764.997,1048576,312380,1ecc4838fd6865898faa8dcf6f126b75ebeada537beeadf1cd53abd30ebf3ebb,1,0
"A0933_bjr2vw.raw",1,255,0,1,1,1,735.902,1776.736,2942860,2942880,0,2847448,2847448,0,29252,11.680,1765.056,1048576,312380,b7e70e8381bb812119099b2b8f7d6ea0211f1771c4bed749df93886268b3b5eb,1,0
"A0934_cwffb2.raw",1,255,0,1,1,1,801.080,1778.878,2942860,2942880,0,2847448,2847448,0,29252,12.218,1766.660,1048576,312380,669b35419a174fa4e03d53c4f79b967c13cb211fbdad61ed88fa37164fd18202,1,0
"A0935_d3dpjg.raw",1,255,0,1,1,1,782.696,1776.008,2942860,2942880,0,2847448,2847448,0,29252,11.655,1764.353,1048576,312380,2697b9a9ca23aaa1081be48d2382f729aa745773f28cd22412154d508013bfc8,1,0
"A0936_m1q0gj.raw",1,255,0,1,1,1,827.241,1775.259,2942860,2942880,0,2847448,2847448,0,29252,11.629,1763.630,1048576,312380,98a1b684d51901540b6ac1c925c2972b436669be289b41c7a0cdbdf81cd022e1,1,0
"A0937_yncgxd.raw",1,255,0,1,1,1,738.684,1777.470,2942880,2942880,0,2847448,2847448,0,29252,11.677,1765.793,1048576,312380,f4ea69e6df66474a7148db2cd2dfcfde1737a1c01ec95a40ae16d47d6b5bbd18,1,0
"A0938_earpmh.raw",1,255,0,1,1,1,710.706,1776.613,2942860,2942880,0,2847448,2847448,0,29252,11.583,1765.030,1048576,312380,dfe527a4b2d274b57c395d44f4c9da9c316cba5bdf17d1a57475f328549ff007,1,0
"A0939_lirvvg.raw",1,255,0,1,1,1,726.143,1777.463,2942860,2942880,0,2847448,2847448,0,29252,11.686,1765.777,1048576,312380,ac9ad71c761ea2caf21574f2f4a6bdb95482121f29ba4201b09160421926c3ac,1,0
"A0940_oue4rn.raw",1,255,0,1,1,1,1185.352,1778.471,2942860,2942880,0,2847448,2847448,0,29252,11.686,1766.785,1048576,312380,9c1b66a38b590b4309a8f0d7d27c2187635da6ed181fd6a9795acdc4bf702918,1,0
"A0941_nykmym.raw",1,255,0,1,1,1,1079.331,1766.747,2942860,2942880,0,2847448,2847448,0,29252,11.645,1755.102,1048576,312380,c4a39fd413cf171857c94ac4a54c369ecb2c215b7d63900856460f9751f823b4,1,0
"A0942_ojc7ej.raw",1,255,0,1,1,1,759.020,1772.840,2942860,2942880,0,2847448,2847448,0,29252,11.618,1761.222,1048576,312380,779f74313c04070c1132615842be89ecd1bb0fc417ffec4de33641a8199ca592,1,0
"A0943_hza3n4.raw",1,255,0,1,1,1,769.339,1774.586,2942860,2942880,0,2847448,2847448,0,29252,11.673,1762.913,1048576,312380,f5926f44d2a1660bef307d030af7fe75409d0fbbce7de01a8449316178a55842,1,0
"A0944_jyclyi.raw",1,255,0,1,1,1,723.157,1775.387,2942860,2942880,0,2847448,2847448,0,29252,11.774,1763.613,1048576,312380,ff6d6257d51a774c6b4aa43d0fcddc3cf43bc3a06f06f15a46225ad563016ee8,1,0
"A0947_uc7qcl.raw",1,255,0,1,1,1,939.010,1776.972,2942860,2942880,0,2847448,2847448,0,29252,11.675,1765.297,1048576,312380,1270b662631bb8671591c0e9a5f1537db4feac167c5afd225cadbb6a472b333f,1,0
"A0948_avwkpd.raw",1,255,0,1,1,1,739.335,1772.124,2942860,2942880,0,2847448,2847448,0,29252,11.762,1760.362,1048576,312380,53bd3c8a560409c724a144d4160408ed586d3ab076a25dbf1508c438f0ca8af7,1,0
"A0949_uj3blf.raw",1,255,0,1,1,1,726.286,1775.165,2942860,2942880,0,2847448,2847448,0,29252,11.803,1763.362,1048576,312380,e95398bd31dc46e06baf994265845d7f900f42330c8a8886d60b4b67725382d8,1,0
"A0950_fyd3zc.raw",1,255,0,1,1,1,727.393,1773.072,2942860,2942880,0,2847448,2847448,0,29252,11.714,1761.358,1048576,312380,47554f218d2a2f72804f11e82c7bb38a2ed95894e853c23c9cf563ad71cb34aa,1,0
"A0951_yfyz5w.raw",1,255,0,1,1,1,751.954,1774.811,2942880,2942880,0,2847448,2847448,0,29252,11.624,1763.187,1048576,312380,449f2b6788937d4bca56e5bb79c3e31df91da2a6f95a27fe3e1352acef6fe2a0,1,0
"A0952_xm0rpx.raw",1,255,0,1,1,1,711.343,1776.853,2942860,2942880,0,2847448,2847448,0,29252,11.664,1765.189,1048576,312380,e3bb3f01768ef26c25664e24cd287dc79c0d8e328336923967dc15419b8dabc0,1,0
"A0953_zset6z.raw",1,255,0,1,1,1,743.870,1779.248,2942880,2942880,0,2847448,2847448,0,29252,11.646,1767.602,1048576,312380,8da9c9c937f82906b5dfdaf14dde353cf54b7d2407437607f71bcaf67d53a6e2,1,0
"A0954_exazoy.raw",1,255,0,1,1,1,730.402,1771.385,2942860,2942880,0,2847448,2847448,0,29252,11.780,1759.605,1048576,312380,112abeb7598c8c3874647a074198902fc3a45409a4cb912af83528d85c8b7dbe,1,0
"A0955_vriuls.raw",1,255,0,1,1,1,723.653,1772.498,2942860,2942880,0,2847448,2847448,0,29252,11.729,1760.769,1048576,312380,eb69fff7dfab46b4404dcd28e7813401ccf1db4078e063530e5e564d522ad7c0,1,0
"A0956_sb5dwz.raw",1,255,0,1,1,1,775.182,1771.590,2942860,2942880,0,2847448,2847448,0,29252,11.658,1759.932,1048576,312380,c5278095fadbc5480a108bcc2756c4055c230c0c1e44320e1ecc168c1fba0216,1,0
"A0957_osix3a.raw",1,255,0,1,1,1,814.077,1772.218,2942860,2942880,0,2847448,2847448,0,29252,11.566,1760.652,1048576,312380,02f27aa08473ef58479713c5ac300a73dacf97a0317621228cd7e8e5211f53c7,1,0
"A0958_ozeqgv.raw",1,255,0,1,1,1,726.056,1774.485,2942860,2942880,0,2847448,2847448,0,29252,11.772,1762.713,1048576,312380,463d7ea75f11c821592afb70bdcf8836cfa25c5d26723148c03720c2d2d9f151,1,0
"A0959_sulk1r.raw",1,255,0,1,1,1,752.309,1768.892,2942880,2942880,0,2847448,2847448,0,29252,11.659,1757.233,1048576,312380,bf6a64b9ab40f5f1f5f1d3e3ce04ffa140e40d471fc8df21164c24ed842edc61,1,0
"A0960_n1xkrj.raw",1,255,0,1,1,1,735.591,1774.575,2942860,2942880,0,2847448,2847448,0,29252,11.846,1762.729,1048576,312380,452584cd58d2582398cb0d9b4de875bd8528db874c094be35e8c7b50c9bd227d,1,0
"A0961_lr7oar.raw",1,255,0,1,1,1,735.174,1768.881,2942860,2942880,0,2847448,2847448,0,29252,11.751,1757.130,1048576,312380,ce78f53214073582dd6b40c779e3302a9f85a127ba719d29491b57b5fa892139,1,0
"A0962_qqflsp.raw",1,255,0,1,1,1,754.901,1773.774,2942880,2942880,0,2847448,2847448,0,29252,11.579,1762.195,1048576,312380,6a6405683364a18409c5f7658591c3d8edb939b1f79e561934d7f9c9bb8df047,1,0
"A0963_vfipci.raw",1,255,0,1,1,1,735.254,1770.971,2942880,2942880,0,2847448,2847448,0,29252,11.668,1759.303,1048576,312380,b933fc12924729abf83dcab381aaf1cdaa2e2fe86d9f9cf4fb1ca51120d642f3,1,0
"A0964_eh32xh.raw",1,255,0,1,1,1,765.772,1773.642,2942860,2942880,0,2847448,2847448,0,29252,11.599,1762.043,1048576,312380,3b9cd2a81fba5f08ee7088d2de85efb30be837363d62757a42d37792b05d4fdb,1,0
"A0965_z8y0qg.raw",1,255,0,1,1,1,930.943,1771.582,2942860,2942880,0,2847448,2847448,0,29252,11.583,1759.999,1048576,312380,16750700e9bf000fb48bac5e6cfd9e21263722b1b94e30d0cc9224831a39d4a8,1,0
"A0966_nxurdu.raw",1,255,0,1,1,1,704.420,1770.167,2942860,2942880,0,2847448,2847448,0,29252,11.654,1758.513,1048576,312380,212241657666834c42d2e67a57cdd47169293c9dfc922990b166ebf5e9d491a9,1,0
"A0967_u1zejj.raw",1,255,0,1,1,1,786.138,1779.468,2942860,2942880,0,2847448,2847448,0,29252,11.797,1767.671,1048576,312380,89ba3da49c152d3c000a95afb0ea75b46344d6fa4719173fecc02f42ef5039f1,1,0
"A0968_kxktln.raw",1,255,0,1,1,1,695.307,1777.223,2942860,2942880,0,2847448,2847448,0,29252,11.688,1765.535,1048576,312380,6afc17954a90ba21b4305d5847be72fe87e9606da573115bdddb8e74e0e69eca,1,0
"A0969_npm4sf.raw",1,255,0,1,1,1,590.112,1773.948,2942860,2942880,0,2847448,2847448,0,29252,11.666,1762.282,1048576,312380,5935ce0789b26164fd25c921dd39725277e1519090953410842bf1cb512e6d64,1,0
"A0970_yjih8o.raw",1,255,0,1,1,1,760.206,1774.502,2942860,2942880,0,2847448,2847448,0,29252,11.714,1762.788,1048576,312380,aec5ad3b7eceea9d68f347f3d6f497ff7e98254e69c47143157683b16d0fa9b4,1,0
"A0971_teu6lq.raw",1,255,0,1,1,1,710.313,1776.238,2942860,2942880,0,2847448,2847448,0,29252,11.665,1764.573,1048576,312380,3aeff43ac05c74d2817069c2869760e1dfe8892886c688c5f16bc011a04a6803,1,0
"A0972_ubdknw.raw",1,255,0,1,1,1,873.679,1777.898,2942860,2942880,0,2847448,2847448,0,29252,11.644,1766.254,1048576,312380,80167a43ed766125a9acd225cf02e66c1ee34672625852e8a3ae4b88c0789410,1,0
"A0973_j68alr.raw",1,255,0,1,1,1,716.200,1771.006,2942860,2942880,0,2847448,2847448,0,29252,11.695,1759.311,1048576,312380,7688363ba4fb050c4a2e3d840fc9bcc32770d72391aa3493b86f82bef105bd2a,1,0
"A0974_ehxrey.raw",1,255,0,1,1,1,801.689,1779.424,2942860,2942880,0,2847448,2847448,0,29252,11.621,1767.803,1048576,312380,d96247838e01cb31b82b1c5bc4fe5f55fc16e9dfba7fe9f49e88a7c5e0768559,1,0
"A0975_acqn9l.raw",1,255,0,1,1,1,770.253,1769.860,2942860,2942880,0,2847448,2847448,0,29252,11.664,1758.196,1048576,312380,6de9f697aeef96e3e136ccf32bde68fa98a68422f5e08072da0f9f89a1bcbb88,1,0
"A0976_d3gg2g.raw",1,255,0,1,1,1,616.828,1774.610,2942860,2942880,0,2847448,2847448,0,29252,11.683,1762.927,1048576,312380,07f57226cf82794433995411bf9bd5eb78be06210ae1510d010083bf1fd45c20,1,0
"A0977_xzp3uo.raw",1,255,0,1,1,1,767.185,1777.329,2942860,2942880,0,2847448,2847448,0,29252,11.593,1765.736,1048576,312380,8f3120bd967ca1418388422780e0c86e170b8abd4206243d6277e36c600aa3a2,1,0
"A0978_sbc38e.raw",1,255,0,1,1,1,838.098,1775.279,2942860,2942880,0,2847448,2847448,0,29252,11.657,1763.622,1048576,312380,f25f32ad2ee6fda52f23e421b3c6bd9c97d50273ea174ce86ec13ea52ebf0d62,1,0
"A0979_bdumow.raw",1,255,0,1,1,1,701.155,1775.165,2942860,2942880,0,2847448,2847448,0,29252,11.569,1763.596,1048576,312380,de8e5bf55e45c456df22a6ac5e6fafee7cbf2b16f2f0e34a188f04a0af78ee38,1,0
"A0980_phmssa.raw",1,255,0,1,1,1,680.386,1780.404,2942860,2942880,0,2847448,2847448,0,29252,11.659,1768.745,1048576,312380,e3f49614660443e642219cf0946525a5b9aeea5276208109429b9c86b38d5cbf,1,0
"A0981_adw7q1.raw",1,255,0,1,1,1,798.082,1778.063,2942860,2942880,0,2847448,2847448,0,29252,11.604,1766.459,1048576,312380,899a0f0cf1cd5cb928a37464530e83dbf58f911da958314779dc380de87d6f5f,1,0
"A0982_odsnfw.raw",1,255,0,1,1,1,731.164,1778.014,2942860,2942880,0,2847448,2847448,0,29252,11.773,1766.241,1048576,312380,c162c8eea02ef04c1b5ddce48732d30ec999329e7da3762fbb61146de9635f01,1,0
"A0983_zr7jyi.raw",1,255,0,1,1,1,712.073,1777.040,2942860,2942880,0,2847448,2847448,0,29252,11.672,1765.368,1048576,312380,d6106062287dba6c09d13cb3f87f1083a7b34c22d5bb30df42ef17ea259b8ca4,1,0
"A0984_w17bjj.raw",1,255,0,1,1,1,581.013,1778.296,2942860,2942880,0,2847448,2847448,0,29252,12.276,1766.020,1048576,312380,03003292beef16f11ed5885492a30b86bceca42020d3bb3b3ca2c9ce44b6288f,1,0
"A0985_olsxej.raw",1,255,0,1,1,1,792.856,1773.391,2942860,2942880,0,2847448,2847448,0,29252,11.667,1761.724,1048576,312380,57a128702245764c7db63ef0b6575bde623f802e79e8493ebb4cf51f8b21c968,1,0
"A0986_bgdl8r.raw",1,255,0,1,1,1,755.855,1775.116,2942860,2942880,0,2847448,2847448,0,29252,11.610,1763.506,1048576,312380,27e1001db98e29a4b2aa4ef66763696ebe4e2cc8df872fa74d48185718f8dabf,1,0
"A0987_no4kp5.raw",1,255,0,1,1,1,698.193,1774.622,2942860,2942880,0,2847448,2847448,0,29252,11.669,1762.953,1048576,312380,4f20099e6cf6bdc0b3aa6416c4b26abbe98ea19db8a4350215714fdd52aede7f,1,0
"A0988_opffxs.raw",1,255,0,1,1,1,765.860,1775.158,2942860,2942880,0,2847448,2847448,0,29252,11.685,1763.473,1048576,312380,aea5cf953145d309083958158c53455a749bc0694efcc72ade27bfdc00b3b5d9,1,0
"A0989_rngptt.raw",1,255,0,1,1,1,698.375,1773.484,2942860,2942880,0,2847448,2847448,0,29252,11.664,1761.820,1048576,312380,19e3707d7c5b9af34aa0ed737dd1569461492dc38797e7d04c16092a16c75578,1,0
"A0990_b40cri.raw",1,255,0,1,1,1,654.770,1775.183,2942860,2942880,0,2847448,2847448,0,29252,11.671,1763.512,1048576,312380,44584da843b222b1eb1938eb7b6e9fe215c4f31df728371b48abca7fd8539f36,1,0
"A0991_zo6ct1.raw",1,255,0,1,1,1,763.971,1778.226,2942860,2942880,0,2847448,2847448,0,29252,11.595,1766.631,1048576,312380,85631d3dab1ed5caf475c511b6629bd39ece997af026f7198fe2c8d8c30663d0,1,0
"A0992_xubgxa.raw",1,255,0,1,1,1,705.471,1771.498,2942988,2943012,0,2847448,2847448,0,29252,11.645,1759.853,1048576,312380,25ae481a8d2c665fae7acb86489846d5c015a846fd11b58dd1acf2cdc9b8333c,1,0
"A0993_tmitcp.raw",1,255,0,1,1,1,733.054,1773.742,2943012,2943012,0,2847448,2847448,0,29252,11.669,1762.073,1048576,312380,205295ca47b672576724040203493b22563180da17fd133171f9d7589da712b0,1,0
"A0994_n27ptg.raw",1,255,0,1,1,1,742.632,1777.337,2943012,2943012,0,2847448,2847448,0,29252,11.614,1765.723,1048576,312380,1a5a5613d1af1af1bd511f200ddec235aa577458d6226f045049eeafc5eddf22,1,0
"A0995_nkice8.raw",1,255,0,1,1,1,740.609,1768.621,2943012,2943012,0,2847448,2847448,0,29252,11.701,1756.920,1048576,312380,a9af89e999227e4ce2a69cbcb1f9d50c06a252ccfdc01d3b0ae424962bb7cf02,1,0
"A0996_nkqj0h.raw",1,255,0,1,1,1,831.204,1779.260,2942992,2943012,0,2847448,2847448,0,29252,11.677,1767.583,1048576,312380,68a88736805cc914cafbda6a9e532288f8c865dc171fefc5bdfe6fb104b89b75,1,0
"A0997_uciipm.raw",1,255,0,1,1,1,829.483,1774.993,2942992,2943012,0,2847448,2847448,0,29252,11.651,1763.342,1048576,312380,af19adff306c26b8271fc7b12c853e067e00afc81e6385da7bae41dd3972bed7,1,0
"A0998_vexok9.raw",1,255,0,1,1,1,897.116,1772.815,2942992,2943012,0,2847448,2847448,0,29252,11.572,1761.243,1048576,312380,2ea3faff2e4299b76eb280c55866ecce1c03eb747cbcbe6fa8a08230f2ebc946,1,0
"A0999_owxuzi.raw",1,255,0,1,1,1,785.946,1769.888,2942992,2943012,0,2847448,2847448,0,29252,11.574,1758.314,1048576,312380,a9755f4a4f4886ccba2ccd47179e86c5a3d48fdb43b7ab7c8ad3f695c107104f,1,0
"A1000_rrfcql.raw",1,255,0,1,1,1,730.442,1775.094,2942992,2943012,0,2847448,2847448,0,29252,11.734,1763.360,1048576,312380,7fa181b05c4bbbc75815bb909ef7a62abeb0f29eae0d29e4574b983f32e8dc69,1,0
"A1001_uz1k5x.raw",1,255,0,1,1,1,838.216,1772.081,2942992,2943012,0,2847448,2847448,0,29252,11.635,1760.446,1048576,312380,863aa8d424afe671977e939b4cc3ca21de3e80c44eeea5525fc99be3dcd16402,1,0
"A1002_deycz1.raw",1,255,0,1,1,1,746.766,1775.849,2943012,2943012,0,2847448,2847448,0,29252,11.622,1764.227,1048576,312380,6c0ee4ccee8e90e3f662b598ac2d7e676a9badd756136a9e8365ae83fb91d0f2,1,0
"A1003_xkpfzz.raw",1,255,0,1,1,1,728.667,1771.828,2942992,2943012,0,2847448,2847448,0,29252,11.694,1760.134,1048576,312380,374ef699ede8e2ebf9ea38388cbe7f043362d94e9cf46a47d855f95af1362dbb,1,0
"A1004_k9awe7.raw",1,255,0,1,1,1,727.911,1770.625,2942992,2943012,0,2847448,2847448,0,29252,11.760,1758.865,1048576,312380,e4e74c5707e3b5f3bfdef154d09022bebb0392decfda4a47762b1a299c80c48b,1,0
"A1005_cehhmw.raw",1,255,0,1,1,1,757.175,1776.749,2942992,2943012,0,2847448,2847448,0,29252,11.623,1765.126,1048576,312380,cc6f036f85af78e380e71f00bb87063dcbe6c49ea8adfff032f251485fbfe83d,1,0
"A1008_drw787.raw",1,255,0,1,1,1,718.442,1776.967,2942992,2943012,0,2847448,2847448,0,29252,11.670,1765.297,1048576,312380,df46fa8b299460df9186fcc1656e3265d4ae09dc92a98f1496e18e87302f55f3,1,0
"A1009_rppmiy.raw",1,255,0,1,1,1,740.793,1768.912,2943012,2943012,0,2847448,2847448,0,29252,11.624,1757.288,1048576,312380,db27a563ca0709dc0234b1e53e602398500b9c1c5d2b8997883ac905b4c38b0c,1,0
"A1010_ccwiws.raw",1,255,0,1,1,1,724.318,1774.252,2942992,2943012,0,2847448,2847448,0,29252,11.790,1762.462,1048576,312380,f64c9963a6a3a14a5dca7d21461f7121d2eab73194cb02822a262327e25df8af,1,0
"A1011_cbdlad.raw",1,255,0,1,1,1,784.865,1771.618,2942992,2943012,0,2847448,2847448,0,29252,12.372,1759.246,1048576,312380,0ad15bc5201701a7d9fa1ad554eb582f4146f68f271e44f8e129579a36a6dd9e,1,0
"A1012_p9ydh4.raw",1,255,0,1,1,1,794.332,1773.070,2942992,2943012,0,2847448,2847448,0,29252,11.698,1761.372,1048576,312380,fce20e9d0f534b003e5d576e3a69e6ac505491cbbe899d568d8762bbb65fcf7c,1,0
"A1013_wzifat.raw",1,255,0,1,1,1,860.658,1777.180,2942992,2943012,0,2847448,2847448,0,29252,11.675,1765.505,1048576,312380,485bbe48de8a8456f178f5db6ae3cd9684ddedc5204c85d56b7331a235d87a58,1,0
"A1014_fo3jtg.raw",1,255,0,1,1,1,799.259,1768.717,2942992,2943012,0,2847448,2847448,0,29252,11.678,1757.039,1048576,312380,d8f59e433992dbe20daa42078bc76de00351c5749fc6a6d29ac73479142fe814,1,0
"A1015_kee2oy.raw",1,255,0,1,1,1,738.138,1775.482,2943012,2943012,0,2847448,2847448,0,29252,11.645,1763.837,1048576,312380,fba962d91c1e769e61586c2c41341d212ae133225b48b905a751a5c9f4fc7dc4,1,0
"A1016_mkyxbt.raw",1,255,0,1,1,1,724.372,1768.285,2942992,2943012,0,2847448,2847448,0,29252,11.646,1756.639,1048576,312380,4946013e1a65ff353d6ecb38a0e5f36b9a4a9afecf67fef2383ec58002f8565e,1,0
"A1017_xrafjc.raw",1,255,0,1,1,1,738.840,1765.803,2943016,2943012,4,2847448,2847448,0,29252,11.649,1754.154,1048576,312380,7513fad57260420db99c8f7a12b589e76559d3f5702f2a597314cf427ce48398,1,0
"a0002_zqq7gr.raw",1,29,227,0,0,1,759.925,1773.249,2942992,2943012,0,2847448,2847448,0,29252,11.599,1761.650,1048576,312380,44a77963348af037d1dab525213e0e60a65c13c2cd3457b046c39b8845848546,1,0
"a0003_h81hoy.raw",1,0,255,0,0,1,709.276,1774.387,2942992,2943012,0,2847448,2847448,0,29252,11.627,1762.760,1048576,312380,22a21cd28f2a922051791bab0f5de94f82765d5f3044df9343ca55639c58522e,1,0
"a0004_sxpn10.raw",1,14,242,0,0,1,730.570,1774.459,2942992,2943012,0,2847448,2847448,0,29252,11.700,1762.759,1048576,312380,b50fd5da846ae455e26b87bdcb11339143caee0465623a718688031c7a720094,1,0
"a0005_xdzwbd.raw",1,0,255,0,0,1,730.356,1774.215,2942848,2942880,0,2847448,2847448,0,29252,11.778,1762.437,1048576,312380,ff41af0d7f566646d76a703cbcadc5f02fa5cc758ad75fa9bb03b8f4b972e633,1,0
"a0006_hap79c.raw",1,3,253,0,0,1,731.385,1775.103,2942880,2942880,0,2847448,2847448,0,29252,11.660,1763.443,1048576,312380,b3c7d707a1f37c096463a28b3970f96e799eb59f0aca823eea319295c87e3817,1,0
"a0007_vdoztm.raw",1,2,254,0,0,1,747.974,1772.480,2942880,2942880,0,2847448,2847448,0,29252,11.630,1760.850,1048576,312380,f8a167d1159f137c01041589192da13632b62b384def355949419c07ddc72594,1,0
"a0009_kl0gfn.raw",1,1,255,0,0,1,733.755,1772.294,2942860,2942880,0,2847448,2847448,0,29252,11.765,1760.529,1048576,312380,e1a5c5b6bffe7ee188102a7ec03f9b8bb617ff874b1dae63c87104c31acc543c,1,0
"a0010_x4dcmt.raw",1,0,255,0,0,1,695.905,1774.132,2942860,2942880,0,2847448,2847448,0,29252,12.562,1761.570,1048576,312380,d8d3af8a907e729aa9e2e6b1f9888fc233b9bc7c71c427ab31cd1d2ab09629ad,1,0
"a0011_flsplt.raw",1,0,255,0,0,1,798.100,1773.201,2942868,2942880,0,2847448,2847448,0,29252,11.621,1761.580,1048576,312380,1114cdac15cd87f647799c0370600addb882fbea153474ab29f58a6eb6e6d875,1,0
"a0012_ft7amk.raw",1,0,255,0,0,1,739.045,1773.057,2942880,2942880,0,2847448,2847448,0,29252,11.636,1761.421,1048576,312380,5974f32fa73dbad12acff5395834d3b29f858c2ec722ce8612a210d3d975c678,1,0
"a0013_ebcpt8.raw",1,0,255,0,0,1,753.723,1773.802,2942880,2942880,0,2847448,2847448,0,29252,11.656,1762.146,1048576,312380,a876c3f4c7f86fcc9968e20883ba89d72869f4fb9489db68fb56fa28f9753096,1,0
"a0014_lrsf2j.raw",1,0,255,0,0,1,832.926,1775.706,2942860,2942880,0,2847448,2847448,0,29252,11.557,1764.149,1048576,312380,f46fa15a41b3f00cdfc4cc8d6690683cc35f40031637e444a8ab1b6ee83976d5,1,0
"a0015_zgpohn.raw",1,0,255,0,0,1,849.655,1774.423,2942860,2942880,0,2847448,2847448,0,29252,11.887,1762.536,1048576,312380,54d65191f17cc336a0215bed3521dbde2d344fa2505887d8471e5861d13054df,1,0
"a0016_ufymvk.raw",1,0,255,0,0,1,805.879,1770.411,2942860,2942880,0,2847448,2847448,0,29252,11.629,1758.782,1048576,312380,c6b9302379b8117b9ccf3d74b01ccf108bafc7530aaf6af9f73684d4517d20e1,1,0
"a0017_laaomg.raw",1,0,255,0,0,1,737.005,1773.264,2942880,2942880,0,2847448,2847448,0,29252,11.566,1761.698,1048576,312380,409da4948af8f0f5880bd308063b0b1c3c6aaa0836506c14ec6cf48f744c66d0,1,0
"a0018_u55chk.raw",1,0,255,0,0,1,733.398,1773.159,2942860,2942880,0,2847448,2847448,0,29252,11.693,1761.466,1048576,312380,fef19c80c9e9aab80354b9fe8389d473c57e7484182f550d97582639b4157f66,1,0
"a0019_pxv1ti.raw",1,0,255,0,0,1,734.208,1775.685,2942880,2942880,0,2847448,2847448,0,29252,11.591,1764.094,1048576,312380,b42ce8e541bad7fccaa6e3f339bc1cdd1b232418fc4c02544035dd73d0f68188,1,0
"a0020_pormst.raw",1,237,19,1,0,0,835.521,1777.042,2942860,2942880,0,2847448,2847448,0,29252,11.609,1765.433,1048576,312380,3999ac74be6d8a9b201f87aea2f6da8c9caf7172fc3cf6ef35bf1e467311cbc3,1,0
"a0021_zl872h.raw",1,14,242,0,0,1,748.409,1780.124,2942880,2942880,0,2847448,2847448,0,29252,11.670,1768.454,1048576,312380,28b79c70cecb2622cefc5d0f081ba21effef5ad1aab9500e976a2630e24e4a43,1,0
"a0022_vjolwb.raw",1,0,255,0,0,1,728.687,1775.742,2942860,2942880,0,2847448,2847448,0,29252,11.777,1763.965,1048576,312380,6832a932d8fd5d7c88a710209527ba610139ad983bc237497ce7878a5a939303,1,0
"a0023_x4hdbq.raw",1,0,255,0,0,1,825.653,1776.419,2942860,2942880,0,2847448,2847448,0,29252,11.639,1764.780,1048576,312380,2e39545bec1265068779a9babea25ba2a31429a3ad39c60318751ce4bd0d4d1e,1,0
"a0024_sciqht.raw",1,0,255,0,0,1,858.600,1774.004,2942860,2942880,0,2847448,2847448,0,29252,11.868,1762.136,1048576,312380,dca8ce592f18aae285a9f43bef7f2d13f95e601de6ae7c24ee7eb5a22f7945d2,1,0
"a0026_l57y5n.raw",1,0,255,0,0,1,806.224,1771.854,2942860,2942880,0,2847448,2847448,0,29252,11.662,1760.192,1048576,312380,0abde977af047aecd9cc11ca02a1a2587a1daad0aecebe489fa947df701b13e3,1,0
"a0029_dvulku.raw",1,0,255,0,0,1,740.214,1779.275,2942880,2942880,0,2847448,2847448,0,29252,11.659,1767.616,1048576,312380,39cd1f3ac54dd1a965744fb87e5d1aeade9c020a53d352838d5ff06feba89772,1,0
"a0033_naqglc.raw",1,0,255,0,0,1,707.779,1776.004,2942860,2942880,0,2847448,2847448,0,29252,11.639,1764.365,1048576,312380,eff7ffe7fffcc1a62993e7a64fdaa07558fc4d3bf58628746c0b76606bebe4c8,1,0
"a0034_h7n79n.raw",1,0,255,0,0,1,833.249,1776.199,2942860,2942880,0,2847448,2847448,0,29252,11.644,1764.555,1048576,312380,6b5396f0c002bf0456cb22bcd790053809ccc7f43ca8427fa1d4a27614df98d0,1,0
"a0035_yr8bei.raw",1,0,255,0,0,1,747.558,1779.270,2942880,2942880,0,2847448,2847448,0,29252,11.668,1767.602,1048576,312380,72191df592644094329811825082c8277db2a4b71205e22d623131b247337a59,1,0
"a0036_pwbk3g.raw",1,0,255,0,0,1,636.831,1775.003,2942864,2942900,0,2847448,2847448,0,29252,11.656,1763.347,1048576,312380,c8f578b966005a953b90daef26e589b247b97a35139d5ddd153ba245b6dd025d,1,0
"a0037_ybmx1q.raw",1,0,255,0,0,1,728.523,1770.952,2942852,2942880,0,2847448,2847448,0,29252,11.692,1759.260,1048576,312380,90679a440b6a129a6455c37f19c5d64b39cd3d91b322efa51da3618efd6a9262,1,0
"a0038_smiks9.raw",1,0,255,0,0,1,731.614,1769.355,2942860,2942880,0,2847448,2847448,0,29252,11.760,1757.595,1048576,312380,66bbc2c6d92081e504e87acd385745149da2240dd32924d31f3f410b70efbaa9,1,0
"a0039_gxucnd.raw",1,0,255,0,0,1,725.042,1773.146,2942860,2942880,0,2847448,2847448,0,29252,11.788,1761.358,1048576,312380,d40eaa455abe54854365323baf02c43d58e0a52137b1e22d913766fb496e83ef,1,0
"a0040_lbkfep.raw",1,0,255,0,0,1,755.510,1772.002,2942880,2942880,0,2847448,2847448,0,29252,11.644,1760.358,1048576,312380,7be4f91fe7e0d5a538c256873993afaa57d1bee8ed9c4fbee0fd19827dd02d39,1,0
"a0041_mrc5vz.raw",1,0,255,0,0,1,722.997,1771.513,2942860,2942880,0,2847448,2847448,0,29252,11.668,1759.845,1048576,312380,b6ca30b250c5d5a959e524f794c128c2b0e4876ebdcb2e3262e7a1edcd1611fe,1,0
"a0042_hyljpx.raw",1,0,255,0,0,1,746.382,1775.528,2942880,2942880,0,2847448,2847448,0,29252,11.663,1763.865,1048576,312380,9d6f125428263b9108dd7cdce2e37501c79c01b004ef5e0b1dda2edc9518c9b1,1,0
"a0043_g8f6cw.raw",1,0,255,0,0,1,716.357,1773.484,2942860,2942880,0,2847448,2847448,0,29252,11.610,1761.874,1048576,312380,52c4eb26246e95f3531eec11c94fd6b32afaef6ae63e248d62bc219ac65d642f,1,0
"a0044_uzcylm.raw",1,0,255,0,0,1,836.295,1775.174,2942860,2942880,0,2847448,2847448,0,29252,11.699,1763.475,1048576,312380,f3e149c440a5a84e5ad9ad3195e7a0a9b2d23bcda5cd0bc57380f2017c01b596,1,0
"a0045_rcl5lf.raw",1,0,255,0,0,1,735.215,1776.485,2942860,2942880,0,2847448,2847448,0,29252,11.792,1764.693,1048576,312380,be5029273eed3e83acc8c1251c508f4dd96b05782f94e9b7375414d181cd3fe5,1,0
"a0046_y9eobh.raw",1,0,255,0,0,1,731.916,1774.571,2942880,2942880,0,2847448,2847448,0,29252,11.675,1762.896,1048576,312380,5e020d1ebbbfd982ba68576893ab4d198577df11a2c54581ad07a24fa9ec9f3b,1,0
"a0047_zwq3eq.raw",1,0,255,0,0,1,666.576,1779.443,2942860,2942880,0,2847448,2847448,0,29252,11.719,1767.724,1048576,312380,a0167930f610dcca700aa5f22898211fec75c23d7409e9cdae90e394e4115c61,1,0
"a0048_qqzcrl.raw",1,0,255,0,0,1,792.470,1771.525,2942860,2942880,0,2847448,2847448,0,29252,11.786,1759.739,1048576,312380,71bcbca7704934ecca144d7adc0dbe060b0574f7e432983bc3bb38e9ac7b376b,1,0
"a0049_eqcyv6.raw",1,0,255,0,0,1,763.227,1772.236,2942860,2942880,0,2847448,2847448,0,29252,11.583,1760.653,1048576,312380,6c17a2b416db453292bc0a528f68e3dfbd618d08aa0dd5d246645e5503c26c37,1,0
"a0050_lexekr.raw",1,0,255,0,0,1,741.885,1773.732,2942880,2942880,0,2847448,2847448,0,29252,11.671,1762.061,1048576,312380,73bad97d8e6e0943f4cdc076e620fafc558965ca2d8a889335c6d371b9f1d01f,1,0
"a0051_mwrqz1.raw",1,0,255,0,0,1,724.543,1771.645,2942860,2942880,0,2847448,2847448,0,29252,11.689,1759.956,1048576,312380,64e704e30ed48979a88c77d7f85d82cf8629b472dd1cf16461c2b6c98af39142,1,0
"a0052_luo2re.raw",1,1,255,0,0,1,706.460,1772.200,2942860,2942880,0,2847448,2847448,0,29252,11.576,1760.624,1048576,312380,9748fe301a62522571b24ac8b6650d5e432c2a4892788dba3a01d2af0f109c4a,1,0
"a0053_m5vljh.raw",1,113,143,0,0,1,841.302,1774.772,2942860,2942880,0,2847448,2847448,0,29252,11.665,1763.107,1048576,312380,0aa6e3b24e92cce76fba342ff87d2403021a4253806515051e95412d921752d5,1,0
"a0054_efp41x.raw",1,251,5,1,0,0,730.264,1776.199,2942880,2942880,0,2847448,2847448,0,29252,11.583,1764.616,1048576,312380,decb002b931b7bf84e000e26b706f784d2aa7b7b73d03ea3a0bc110a984fe6d1,1,0
"a0055_mdde5c.raw",1,0,255,0,0,1,741.718,1772.647,2942880,2942880,0,2847448,2847448,0,29252,11.662,1760.985,1048576,312380,2393ce1e9f31b247b7960a60c8a7a5932d28db2066d2c46d421e4156b8b0c075,1,0
"a0056_uk1xbl.raw",1,3,253,0,0,1,725.823,1777.359,2942860,2942880,0,2847448,2847448,0,29252,11.772,1765.587,1048576,312380,20c84d594badda4c43c2adff325918e1499f42b5664f1c49a6839f9a2104aae8,1,0
"a0057_tqu6hy.raw",1,12,244,0,0,1,774.522,1773.017,2942860,2942880,0,2847448,2847448,0,29252,11.725,1761.292,1048576,312380,dd0340973210f0a716216ea6a08b2b93d3e07856d4cef3e09685b5a0abd8955d,1,0
"a0058_rs118h.raw",1,253,3,1,0,0,808.421,1775.613,2942860,2942880,0,2847448,2847448,0,29252,11.692,1763.921,1048576,312380,70559657d3da8bfc115e820631b347fd512740762ff6b0b99c0c3bfaeee4fb4b,1,0
"a0059_anyfxy.raw",1,0,255,0,0,1,726.506,1772.734,2942860,2942880,0,2847448,2847448,0,29252,11.786,1760.948,1048576,312380,d005b5126f26d3e207ecaa67b08326afb8f04d9c99251a07331c74864c117153,1,0
"a0060_c698ty.raw",1,1,255,0,0,1,844.837,1778.778,2942860,2942880,0,2847448,2847448,0,29252,11.580,1767.198,1048576,312380,44be0498e0e3062167a8e9e2653e33ef76cea76cd93424b8c6a4386cb8e2ac3f,1,0
"a0061_yctxsi.raw",1,10,246,0,0,1,722.879,1776.365,2942860,2942880,0,2847448,2847448,0,29252,11.649,1764.716,1048576,312380,5d04faa5f925037e8488f5dd5bebcc74e064746f233d5cb388e7501a9ed8221c,1,0
"a0062_fqmvyz.raw",1,120,136,0,0,1,738.189,1771.783,2942880,2942880,0,2847448,2847448,0,29252,11.667,1760.116,1048576,312380,3574df7102b1cab6e43a822a2a3426a86cae2535bcdf66dc27271c35c86477f9,1,0
"a0063_vbisb9.raw",1,0,255,0,0,1,935.966,1770.721,2942860,2942880,0,2847448,2847448,0,29252,11.590,1759.131,1048576,312380,f7b87dc9ce41216101c1f102868c8c74ce56a6888c0099075910faa69f641e0b,1,0
"a0064_kwp7cd.raw",1,0,255,0,0,1,730.856,1774.458,2942860,2942880,0,2847448,2847448,0,29252,11.780,1762.678,1048576,312380,8fa343854c57e220d339bb32a662e9ecd64ce0604af8785df8336bb1491c4df4,1,0
"a0065_ntjdqy.raw",1,0,255,0,0,1,714.149,1770.098,2942860,2942880,0,2847448,2847448,0,29252,11.661,1758.437,1048576,312380,b90c3d31d42e676b4b2c1dc6379846ebdeb70ace5eac882f05ae9586601734fc,1,0
"a0066_rv5ww5.raw",1,7,249,0,0,1,756.868,1772.529,2942880,2942880,0,2847448,2847448,0,29252,11.665,1760.864,1048576,312380,4889d57b697967288d0e32196a2b1c4dc7f45e3e5219cef2fc21eb11dd994c7e,1,0
"a0067_d7tibh.raw",1,0,255,0,0,1,732.384,1775.292,2942860,2942880,0,2847448,2847448,0,29252,11.745,1763.547,1048576,312380,f1cf383bf9aa42818fa4c46c7df7b01aa274da52f09fd9952ce4994164a54941,1,0
"a0068_jfoj6o.raw",1,0,255,0,0,1,748.833,1770.366,2942880,2942880,0,2847448,2847448,0,29252,11.636,1758.730,1048576,312380,73c35aaaadfc0354c9110f8b66dd0dd23c3e57a3138f161dbff1238a28abecb8,1,0
"a0069_btqbzv.raw",1,0,255,0,0,1,751.875,1775.593,2942880,2942880,0,2847448,2847448,0,29252,11.613,1763.980,1048576,312380,abc01a1eb475c9656693d581dd2e2addfeef893a0a874056cf9e3341d64121b0,1,0
"a0070_efjezh.raw",1,0,255,0,0,1,746.242,1780.882,2942880,2942880,0,2847448,2847448,0,29252,11.699,1769.183,1048576,312380,c4c3df30667822752df3f6791d8ee20a908b4fd1c32e8e33820a47cc601583f6,1,0
"a0071_e4cuqf.raw",1,0,255,0,0,1,806.582,1774.196,2942860,2942880,0,2847448,2847448,0,29252,11.585,1762.611,1048576,312380,039a30a52a2687a7570a702264fc57ac3db69fc41e8f3885931a615cc72bc677,1,0
"a0072_t5ibmg.raw",1,0,255,0,0,1,734.249,1772.677,2942860,2942880,0,2847448,2847448,0,29252,11.670,1761.007,1048576,312380,e9ae1d0f199ee9ef28feffd331bf9bcb97d421cfbb558a1c02d230843146200b,1,0
"a0073_dkeyjo.raw",1,0,255,0,0,1,740.778,1770.733,2942880,2942880,0,2847448,2847448,0,29252,11.664,1759.069,1048576,312380,df343dcad5bea6ed189320eed20dca55a501ba620d58d004e57a58dd1e463cd0,1,0
"a0074_iwmcoy.raw",1,0,255,0,0,1,820.495,1771.856,2942860,2942880,0,2847448,2847448,0,29252,11.586,1760.270,1048576,312380,6915cd22391af3625b092a89221054483dc007d9fae9f2a78cf838afa740068a,1,0
"a0075_kinxwd.raw",1,0,255,0,0,1,739.703,1774.678,2942880,2942880,0,2847448,2847448,0,29252,11.695,1762.983,1048576,312380,09f3f6314af4b7cf40b6c97dd77ddef3e58c5dd3540ea1fb8155845f475d9dee,1,0
"a0076_nagxkv.raw",1,0,255,0,0,1,624.768,1774.948,2942860,2942880,0,2847448,2847448,0,29252,11.796,1763.152,1048576,312380,e879e5e0dd1bc9b40866f8f5f487e82da7d011939cdb77cf9046e4946512d7e3,1,0
"a0077_thtrkf.raw",1,0,255,0,0,1,743.984,1778.605,2942880,2942880,0,2847448,2847448,0,29252,11.705,1766.900,1048576,312380,983d2f34c7fb28cdccc401f2f5ea864747c66ffd0a8f64c99034ff69c7d0809f,1,0
"a0078_pcdglm.raw",1,0,255,0,0,1,719.636,1776.300,2942860,2942880,0,2847448,2847448,0,29252,11.679,1764.621,1048576,312380,3a8f538d2c3a207b3b8900d7bf7a17f0944d08a70de75c8d5c9986d07d5e2be3,1,0
"a0079_hyr6xx.raw",1,0,255,0,0,1,746.348,1775.267,2942880,2942880,0,2847448,2847448,0,29252,11.568,1763.699,1048576,312380,840eb0ec14f74826bbd12572662cfd41034219aaf5464fe3fe9eb55c6dc80782,1,0
"a0080_lzrrpt.raw",1,0,255,0,0,1,833.737,1774.974,2942860,2942880,0,2847448,2847448,0,29252,11.673,1763.301,1048576,312380,e239eef780ecbafb9a2ab5e696b504570230f3185d06e33bdc49ba0d62294e6c,1,0
"a0081_v2ovst.raw",1,0,255,0,0,1,740.973,1772.087,2942880,2942880,0,2847448,2847448,0,29252,11.666,1760.421,1048576,312380,39deaad4795783578ffd03cc7046a551d70276f22e6c65968fbc31db915fed9a,1,0
"a0082_wdddcd.raw",1,0,255,0,0,1,750.302,1781.335,2942880,2942880,0,2847448,2847448,0,29252,11.598,1769.737,1048576,312380,090180054acf367e0fd4607a9868119882889924dddfd4ae5dae060cf42c8c9e,1,0
"a0083_vgn5pa.raw",1,0,255,0,0,1,814.155,1772.048,2942860,2942880,0,2847448,2847448,0,29252,11.664,1760.384,1048576,312380,e1cfef09a66e5eb475349bd6420f1f9a0e1c499ec05df03e813d41f31aa214fb,1,0
"a0084_tr6vlx.raw",1,0,255,0,0,1,746.755,1771.341,2942880,2942880,0,2847448,2847448,0,29252,11.763,1759.578,1048576,312380,1dd0774ecab2cb660225e0f958aff7bfc33be10ef90cdbbfa6d3bfb9c55cec5e,1,0
"a0085_imechq.raw",1,1,255,0,0,1,822.298,1772.326,2942860,2942880,0,2847448,2847448,0,29252,11.670,1760.656,1048576,312380,7b3982311cf7e11ad1d2665c599633a1a217a94e9b76378651ae57edf1c97a9f,1,0
"a0086_nmlcg2.raw",1,0,255,0,0,1,720.827,1770.274,2942860,2942880,0,2847448,2847448,0,29252,11.650,1758.624,1048576,312380,5e9a5528906d2801a0520c348d3be421e4fff6c230931b0d9074e57f78a2d386,1,0
"a0087_tvrsu6.raw",1,0,255,0,0,1,841.052,1774.477,2942860,2942880,0,2847448,2847448,0,29252,11.675,1762.802,1048576,312380,d4aee10cd2e0fd7086af6ea1975b5fac45d1adca8c43d658b6833959fa805e82,1,0
"a0088_movh4z.raw",1,0,255,0,0,1,760.244,1766.299,2942860,2942880,0,2847448,2847448,0,29252,11.680,1754.619,1048576,312380,a93a949a62bbf39aaa54cc9f6bc075e63691f83a57c83a38f2ffb4accb8a6d4c,1,0
"a0089_g7scnd.raw",1,0,255,0,0,1,726.952,1769.115,2942860,2942880,0,2847448,2847448,0,29252,11.775,1757.340,1048576,312380,dfd3ad88ac538c6c65bc012bd4a87a47a534daa10c3d43652724e7f437ca5aac,1,0
"a0090_hsatob.raw",1,0,255,0,0,1,745.637,1772.301,2942880,2942880,0,2847448,2847448,0,29252,11.638,1760.663,1048576,312380,a6cbb097494c5ef683cf983c8e6782241fda419864056fa0a07b490d6756d5db,1,0
"a0091_ya20ve.raw",1,0,255,0,0,1,836.170,1774.715,2942860,2942880,0,2847448,2847448,0,29252,11.648,1763.067,1048576,312380,d421bfa0b8053cf23afdba0974ff64b2fc7a38936436e1b39587ee2bd77c1d5d,1,0
"a0092_ymr2r7.raw",1,0,255,0,0,1,857.955,1776.483,2942860,2942880,0,2847448,2847448,0,29252,11.708,1764.775,1048576,312380,8eecdccf8d247735bd9a0c9b0ee301554edeef4e3eb4776a244a2de8720e7677,1,0
"a0093_x7gbas.raw",1,0,255,0,0,1,702.783,1776.190,2942860,2942880,0,2847448,2847448,0,29252,11.588,1764.602,1048576,312380,572ac7054e4fce939494119620e810b2a277f18a15c943eb5a84e09fc08d9770,1,0
"a0094_jflpre.raw",1,0,255,0,0,1,1251.235,1778.718,2942880,2942880,0,2847448,2847448,0,29252,11.662,1767.056,1048576,312380,a17027df67b68e6af22e888beaa64ac565f873715b0220d2360637e547df083d,1,0
"a0095_o8z7ji.raw",1,0,255,0,0,1,672.209,1779.049,2942860,2942880,0,2847448,2847448,0,29252,11.623,1767.426,1048576,312380,fcd6998d9c7e023476d058340f5b44b131f5d08cd5fd3516febc42f793ff7609,1,0
"a0096_m1urqv.raw",1,0,255,0,0,1,767.311,1777.428,2942860,2942880,0,2847448,2847448,0,29252,11.584,1765.844,1048576,312380,7b88d5ad3d17d48da27b8e0d6da085f3f62c77feff42e5a245b268c7133f9235,1,0
"a0097_qv53m0.raw",1,0,255,0,0,1,752.540,1778.296,2942880,2942880,0,2847448,2847448,0,29252,11.612,1766.684,1048576,312380,462f736c9fc12ffb6ef55568b097fc71de1b5a89594709a17b2bf6bb8d17b057,1,0
"a0098_byyggi.raw",1,0,255,0,0,1,718.466,1778.330,2942860,2942880,0,2847448,2847448,0,29252,11.713,1766.617,1048576,312380,6d77ee99b8bb22c5340578c5883e9efcfd01352939c200202b2a9e40895ecd37,1,0
"a0099_vouy1n.raw",1,0,255,0,0,1,728.416,1776.450,2942860,2942880,0,2847448,2847448,0,29252,11.806,1764.644,1048576,312380,f84acf0f70b5249b9267f22ac15264154ad513ce0abeb54b65f6654b99eedbcb,1,0
"a0100_atpeq2.raw",1,0,255,0,0,1,854.179,1775.496,2942860,2942880,0,2847448,2847448,0,29252,11.807,1763.689,1048576,312380,9fff74faf489cb21f397c4d706d41521af03169a3911c6652f569c31a2a627e8,1,0
"a0101_qhqclb.raw",1,0,255,0,0,1,820.921,1773.375,2942860,2942880,0,2847448,2847448,0,29252,11.673,1761.702,1048576,312380,7872ea96cfdf2b666d1621b022e6e20879b2e138a0268a2dc83f4d22d7d79781,1,0
"a0102_tdrvrf.raw",1,0,255,0,0,1,944.672,1773.690,2942860,2942880,0,2847448,2847448,0,29252,11.690,1762.000,1048576,312380,c0a305ee13e78016f7a9eae5f78a8e26b41aac93d7a457f9c6ce937509b705b3,1,0
"a0103_t5qk6i.raw",1,0,255,0,0,1,802.030,1774.512,2942860,2942880,0,2847448,2847448,0,29252,11.562,1762.950,1048576,312380,999a7c2e8b2b3f85e625e0fece314095bc2c14bef8877c77fbf8012ba6ff5776,1,0
"a0104_aiir4v.raw",1,0,255,0,0,1,871.881,1777.559,2942856,2942880,0,2847448,2847448,0,29252,11.669,1765.890,1048576,312380,5962f9082650bcbc7b22a57bf0abec452bc108d8effe3acb2e2cd2b1b5f6765e,1,0
"a0105_ximfad.raw",1,0,255,0,0,1,811.801,1778.197,2942860,2942880,0,2847448,2847448,0,29252,11.576,1766.621,1048576,312380,bdc611e990da58f682f20e978a9e8ab86d8d659fe386990af5493a7322268808,1,0
"a0106_ehxaik.raw",1,0,255,0,0,1,768.810,1775.961,2942860,2942880,0,2847448,2847448,0,29252,11.583,1764.378,1048576,312380,9c0ace1761f4fb004517b3cda383d05a405b6a54fc63794121a04a01e0ed70da,1,0
"a0107_dfhjod.raw",1,0,255,0,0,1,1052.179,1783.051,2942860,2942880,0,2847448,2847448,0,29252,11.868,1771.183,1048576,312380,8f91b61f00d4287d07b28cb5a4925405d0a288f050ed472eee7a34912d76a3d5,1,0
"a0108_mubaht.raw",1,0,255,0,0,1,748.310,1777.158,2942880,2942880,0,2847448,2847448,0,29252,11.635,1765.523,1048576,312380,d4058996248720c4ffb0d0a87ab04ebd62693e7f4352e4fef22a40a6dbbe0f7d,1,0
"a0109_hwndhw.raw",1,0,255,0,0,1,770.486,1775.521,2942992,2943012,0,2847448,2847448,0,29252,11.695,1763.826,1048576,312380,78b38023089e9135b710bdabf11c50c631fd40ff8a15641b06ed87a3096326c1,1,0
"a0110_f7itxx.raw",1,0,255,0,0,1,739.057,1773.087,2943012,2943012,0,2847448,2847448,0,29252,11.625,1761.462,1048576,312380,99ecadcb71daaef9f9305c291dcc31e0141c606556a3e90179ab2cfd78f99f50,1,0
"a0111_q3m5nt.raw",1,0,255,0,0,1,828.883,1773.599,2942992,2943012,0,2847448,2847448,0,29252,11.678,1761.921,1048576,312380,fd7699b29b7b09cf96cb024c2080d29314e83dba5bda2b8acda67ff62c0be80f,1,0
"a0112_qyxkoh.raw",1,0,255,0,0,1,747.552,1776.813,2943012,2943012,0,2847448,2847448,0,29252,11.614,1765.199,1048576,312380,8f8021162b061d49cede6dc934a3c0d0c49217f9a08576b4c1795feb5392933d,1,0
"a0113_t1qgfz.raw",1,0,255,0,0,1,1066.804,1772.314,2942992,2943012,0,2847448,2847448,0,29252,12.601,1759.713,1048576,312380,059f34a08c48e72436978bb211ac9e284246da35beebdb6fc1a6e24d6e76aba5,1,0
"a0114_ro56rr.raw",1,0,255,0,0,1,773.434,1775.495,2942992,2943012,0,2847448,2847448,0,29252,11.650,1763.845,1048576,312380,bee05f1600b3fd3bbf728b03d7a3f745e4858f4b5a2dfad285489ac55ae106af,1,0
"a0115_ehs7u1.raw",1,0,255,0,0,1,763.798,1778.902,2942980,2943012,0,2847448,2847448,0,29252,11.691,1767.211,1048576,312380,37a2654acf53191025f934e5ef5db9885fd286069cbb59bbffc6ccdd3f5944ce,1,0
"a0116_i9gpyq.raw",1,0,255,0,0,1,493.500,1777.568,2943012,2943012,0,2847448,2847448,0,29252,11.572,1765.996,1048576,312380,1bff621f1819c3d01738f6049bf602475c31b577949a63836d5ee77dff3e97cd,1,0
"a0117_do8ad0.raw",1,0,255,0,0,1,763.802,1772.082,2942992,2943012,0,2847448,2847448,0,29252,11.621,1760.461,1048576,312380,f5a04606dbb17c1eb24ba32fe5e4dca2f10245c1045c79419e6b975ae3d9599c,1,0
"a0118_zq1zyf.raw",1,0,255,0,0,1,492.724,1775.592,2943020,2943012,8,2847448,2847448,0,29252,11.595,1763.997,1048576,312380,d4e8d6edd84ba6b5bd38101580ec1428fb526f916cefe48d724d5a77651e68b8,1,0
"a0119_d4dqgq.raw",1,0,255,0,0,1,499.432,1778.109,2943012,2943012,0,2847448,2847448,0,29252,12.399,1765.710,1048576,312380,b14b967f564796f2e1880c2787e0eb2a6a0f5eb72f0a65a685124bb7d83fd5d9,1,0
"a0120_tz7dpm.raw",1,0,255,0,0,1,1000.250,1776.903,2943012,2943012,0,2847448,2847448,0,29252,11.696,1765.207,1048576,312380,a18caf5356e0175f9ce9bd6aca5eaf83c3cb16453182a435971e0f06ad1f6e50,1,0
"a0121_bwr0nt.raw",1,0,255,0,0,1,1099.547,1778.436,2942992,2943012,0,2847448,2847448,0,29252,11.647,1766.789,1048576,312380,b953bb4264b8fd591a3ef10c34c25d77dea296f8e77cb84abd17918543929055,1,0
"a0122_mb1rzy.raw",1,0,255,0,0,1,732.052,1776.229,2943012,2943012,0,2847448,2847448,0,29252,11.668,1764.561,1048576,312380,e8e73d7b3e957e719c0f84fdb39ee3556e7f8b3d51becfbab8092dde521464d1,1,0
"a0123_qlq6pv.raw",1,0,255,0,0,1,729.391,1778.040,2942992,2943012,0,2847448,2847448,0,29252,11.772,1766.268,1048576,312380,833f2b3f6af4c81aebb5b1ca4ce7e7cd579272c8da71cb8c8a14a53f6c8bc4c3,1,0
"a0124_ij6tbn.raw",1,0,255,0,0,1,495.778,1780.631,2943012,2943012,0,2847448,2847448,0,29252,12.678,1767.953,1048576,312380,e9f3c72dbe595c1ca95d7f84d0c529b7cff52a2fd0184549a5a225c6558cf1ea,1,0
"a0125_b2vhup.raw",1,0,255,0,0,1,803.772,1776.472,2942992,2943012,0,2847448,2847448,0,29252,11.601,1764.871,1048576,312380,471110c64a560355b330239175c665f506eb89cd0ed00c274780b2b9dad865f3,1,0
"a0126_loaplq.raw",1,0,255,0,0,1,570.253,1774.847,2942992,2943012,0,2847448,2847448,0,29252,11.702,1763.145,1048576,312380,3978f90d1472f15ffbd5201738150f71001ba16c714a864bbb1f80995515d72c,1,0
"a0127_c6lmoo.raw",1,0,255,0,0,1,508.790,1776.614,2942992,2943012,0,2847448,2847448,0,29252,12.808,1763.806,1048576,312380,91bc6983a290e3712ec51db3a6e66a3817742e04ae788956724c9f2eaf905936,1,0
"a0128_oy1f63.raw",1,0,255,0,0,1,977.641,1774.969,2942992,2943012,0,2847448,2847448,0,29252,11.704,1763.265,1048576,312380,0fd773db0b6eebd4315daa79a9166f9879da983f80f7b2238659208aa1bf05f7,1,0
"a0129_eyyc9x.raw",1,0,255,0,0,1,520.222,1777.898,2942992,2943012,0,2847448,2847448,0,29252,11.601,1766.297,1048576,312380,4d1ea9994997661e4ac7d9d52359e61315d42617e3c1139d3135d17d41d15dbc,1,0
"a0130_jvjwea.raw",1,0,255,0,0,1,484.949,1778.201,2943012,2943012,0,2847448,2847448,0,29252,11.979,1766.222,1048576,312380,f81a2a14ce2e3794592be3b57dea9a78df7c9970d486018da24c772bcac0a03e,1,0
"a0131_oofgf7.raw",1,0,255,0,0,1,679.215,1774.350,2942992,2943012,0,2847448,2847448,0,29252,11.645,1762.705,1048576,312380,8def3a58ed1f312894dcab90ba1252bf7d10988a9f61c920d07ff4f6470874f3,1,0
"a0132_n4lsdx.raw",1,0,255,0,0,1,614.211,1773.450,2942992,2943012,0,2847448,2847448,0,29252,11.570,1761.880,1048576,312380,0da3a6e1a5c66142fb88a5b3ac2905a1d905cf29cbbafb0920c9232f80387beb,1,0
"a0133_a6jddk.raw",1,0,255,0,0,1,533.543,1779.431,2942992,2943012,0,2847448,2847448,0,29252,11.654,1767.777,1048576,312380,5c77056d8c119621ee37edb52c4fef30dd4f129cb71c47342c8d77fd433c64d3,1,0
"a0134_jrlrub.raw",1,0,255,0,0,1,526.969,1775.337,2942992,2943012,0,2847448,2847448,0,29252,11.653,1763.684,1048576,312380,eb2c094d23699f14832308ddd89ead586ab02a0d3aa77beda665a484b22166e1,1,0
"a0135_zh17tc.raw",1,0,255,0,0,1,696.997,1776.572,2942992,2943012,0,2847448,2847448,0,29252,12.002,1764.570,1048576,312380,c235adad7c9b1898f41d5328c6eb2c571454b6132008030a89fef01a1ea43a55,1,0
"a0136_uf6cjb.raw",1,0,255,0,0,1,530.572,1774.842,2942860,2942880,0,2847448,2847448,0,29252,12.687,1762.155,1048576,312380,5e7d3735f0a80beffb57b1a74d8b88667c37eccbf7c6f746537a418b351d688f,1,0
"a0137_c0p4j0.raw",1,0,255,0,0,1,512.684,1774.854,2942880,2942880,0,2847448,2847448,0,29252,11.738,1763.116,1048576,312380,fb903bfec471529f5267b4313bd4ba00a8db536ccc3a37a12f90fb3f5ed44b98,1,0
"a0138_m4b2ck.raw",1,0,255,0,0,1,510.231,1772.629,2942880,2942880,0,2847448,2847448,0,29252,11.687,1760.942,1048576,312380,6285ef7dc1e18a9a83cc6af28b5a20d7ddce4e440ff1e91db5b4f748d448b57c,1,0
"a0139_uv51qs.raw",1,0,255,0,0,1,596.136,1774.948,2942860,2942880,0,2847448,2847448,0,29252,11.577,1763.371,1048576,312380,50dca34c6245c65db0ac1caea581eb9946bdc0ceb2e5b29a1f9e6b6eabf03c55,1,0
"a0140_uyqvkf.raw",1,0,255,0,0,1,507.020,1777.644,2942860,2942880,0,2847448,2847448,0,29252,11.641,1766.003,1048576,312380,4e935bc9f96f192f86812d2837b305f1352b7939b18253346e4bfc1832fd4b77,1,0
"a0141_x8ianl.raw",1,0,255,0,0,1,499.152,1780.496,2942880,2942880,0,2847448,2847448,0,29252,11.622,1768.874,1048576,312380,b5909fb03b588537cc8827a2f5c066aea627acd22bdb84cf2a3b30b63463216d,1,0
"a0142_ozrt3u.raw",1,0,255,0,0,1,493.448,1773.114,2942880,2942880,0,2847448,2847448,0,29252,11.702,1761.412,1048576,312380,ef3fc4f09a7bc5ce25ebbe9b23d6abac05a5ebc641ec3d556d2e15a7d3017a65,1,0
"a0143_hly1a7.raw",1,0,255,0,0,1,504.703,1778.600,2942880,2942880,0,2847448,2847448,0,29252,11.627,1766.973,1048576,312380,a27ad128c3c6da95f42dd89d82ece70ac2c77d0535602c59ba665d90565d843f,1,0
"a0144_v9mvte.raw",1,0,255,0,0,1,551.211,1780.158,2942860,2942880,0,2847448,2847448,0,29252,11.588,1768.570,1048576,312380,aa07a42737199dc2331db2b20677039e57412e84bcebcc74121d200cfdf4c508,1,0
"a0145_msme8x.raw",1,0,255,0,0,1,738.530,1769.656,2942860,2942880,0,2847448,2847448,0,29252,11.762,1757.894,1048576,312380,930ca02d8458c88553ae95eba7e0bc2a38f40a28162b5d8db5c69f3b2873437e,1,0
"a0146_qa7qxt.raw",1,0,255,0,0,1,536.728,1767.686,2942860,2942880,0,2847448,2847448,0,29252,11.584,1756.102,1048576,312380,995f72503c89ee27bf2460f21e97605f576434088c5d54fea6c0748c8258ac2a,1,0
"a0147_zbmyhh.raw",1,0,255,0,0,1,527.944,1776.759,2942860,2942880,0,2847448,2847448,0,29252,11.664,1765.095,1048576,312380,29b1329bc971a97725606d2fc6b8fb34bf93daf129ee273154f5977bbda49711,1,0
"a0148_ucux67.raw",1,0,255,0,0,1,541.731,1773.433,2942860,2942880,0,2847448,2847448,0,29252,11.617,1761.816,1048576,312380,3f4a415e4e687ce20f5a48001f2ed9c7e31d49a22e3c4b5c5a49c4d32e27f655,1,0
"a0149_vq27pa.raw",1,0,255,0,0,1,546.205,1775.217,2942860,2942880,0,2847448,2847448,0,29252,11.727,1763.490,1048576,312380,58749a1ab10bb26bebeb151e6412b42f30b62cd1ec0c7bd3f02386914b3c52fb,1,0
"a0150_thhzku.raw",1,0,255,0,0,1,533.181,1771.439,2942860,2942880,0,2847448,2847448,0,29252,11.972,1759.467,1048576,312380,c760dc8f9319ccc31bf5e449ab5bdd40cce2fc855bf1a8308c0a1e85b4130bb9,1,0
"a0151_cmjo48.raw",1,0,255,0,0,1,626.586,1779.429,2942860,2942880,0,2847448,2847448,0,29252,11.684,1767.745,1048576,312380,c29e96b4eed61be86580538e4a3c47e1eca84f273ea7e8ae10cd2f05a5608b63,1,0
"a0152_okityq.raw",1,0,255,0,0,1,544.691,1776.862,2942860,2942880,0,2847448,2847448,0,29252,12.344,1764.518,1048576,312380,eb653d05b3b3bf0e8ddc8a42aa1288614cc85de652e475c32822c3292e1eff20,1,0
"a0153_sguu6u.raw",1,0,255,0,0,1,544.355,1778.769,2942860,2942880,0,2847448,2847448,0,29252,11.632,1767.137,1048576,312380,a18cf2f253e046bb940400fd476089e98a2f48f1d291e9095fbf8fa7685ce5f6,1,0
"a0154_znnqhl.raw",1,0,255,0,0,1,615.043,1773.811,2942860,2942908,0,2847448,2847448,0,29252,11.744,1762.067,1048576,312380,3995c556e1529c329eb56ab841f4e95790a973c07592d964ce59cbe191629911,1,0
"a0155_y4pb1y.raw",1,0,255,0,0,1,913.852,1778.856,2942868,2942880,0,2847448,2847448,0,29252,11.844,1767.012,1048576,312380,669a0d294c72ac22c040eeda46aa1d51c80ec1b2309d0f2ea0bc11262a1ab487,1,0
"a0156_yvzvpr.raw",1,0,255,0,0,1,869.250,1778.431,2942860,2942880,0,2847448,2847448,0,29252,11.664,1766.767,1048576,312380,f2be7087b95da26f4583ad19d81365e4d7196d37efbcf5c8b0feabf216691891,1,0
"a0157_e6lwgj.raw",1,0,255,0,0,1,1134.094,1776.518,2942856,2942880,0,2847448,2847448,0,29252,11.671,1764.847,1048576,312380,1d9f4ce0f5e28c7b2e54af0fb52acf81a34e1c30261f5f60865d4d1c0a582342,1,0
"a0158_u7tlmh.raw",1,0,255,0,0,1,1045.272,1778.989,2942860,2942880,0,2847448,2847448,0,29252,11.641,1767.348,1048576,312380,b50266f5ff94700dfeff7ab35a19dccb13112ae62bf02267f252420422459a23,1,0
"a0159_b2q7rr.raw",1,0,255,0,0,1,825.487,1775.965,2942860,2942880,0,2847448,2847448,0,29252,11.668,1764.297,1048576,312380,7de59731f21660a5eefc0468e4a6ce87c3f234b2d0041cf3bcf259372d2ed5fc,1,0
"a0160_c7m7s1.raw",1,0,255,0,0,1,849.517,1775.128,2942860,2942880,0,2847448,2847448,0,29252,11.683,1763.445,1048576,312380,0afe8a85a246381681d86ad57efa13d3d9f947a4e3ebaabb1c0ec7ab64e224a8,1,0
"a0161_hk0ygt.raw",1,0,255,0,0,1,927.065,1773.843,2942860,2942880,0,2847448,2847448,0,29252,11.642,1762.201,1048576,312380,178dd632d589267b64e24a030b68de858283a2a3c0bde533759250497819e111,1,0
"a0162_neipmu.raw",1,0,255,0,0,1,1249.388,1772.046,2942908,2942908,0,2847448,2847448,0,29252,11.672,1760.374,1048576,312380,01d68912ef854e5518f566d973bd1986954d72c112cf047eebedf4522ee3a9ae,1,0
"a0163_cgxbzr.raw",1,0,255,0,0,1,840.150,1777.767,2942868,2942880,0,2847448,2847448,0,29252,11.677,1766.090,1048576,312380,accb19dceb721d0fdcab22ee7e651bb95d9cf0f58cfbc2970a23e69f16a6a382,1,0
"a0164_it0o7e.raw",1,0,255,0,0,1,933.463,1779.582,2942860,2942880,0,2847448,2847448,0,29252,11.605,1767.977,1048576,312380,781f43c4ad5579a5b410a80fcfcf8883fb0612d71e319addf359fd4319a6e89a,1,0
"a0165_ws9muv.raw",1,0,255,0,0,1,1040.413,1773.978,2942860,2942880,0,2847448,2847448,0,29252,11.719,1762.259,1048576,312380,1d684f15e3e8e7a3fff11696db26380ddbf1b6662e281405c50f25a5a015312e,1,0
"a0166_tuptw1.raw",1,0,255,0,0,1,846.104,1772.590,2942860,2942880,0,2847448,2847448,0,29252,11.735,1760.855,1048576,312380,c8dc5850b26c1484b8d9b17a09a75bee6a03c3289caf8581e3f6c7e7ff2f21d0,1,0
"a0167_eyyncx.raw",1,0,255,0,0,1,1020.839,1776.405,2942860,2942880,0,2847448,2847448,0,29252,11.714,1764.691,1048576,312380,77b773b2143f5c0d0e29d4a96064f83e44a64ddc9092c228b365fa1f7f87b71e,1,0
"a0168_juburw.raw",1,0,255,0,0,1,874.515,1772.562,2942860,2942880,0,2847448,2847448,0,29252,11.718,1760.844,1048576,312380,8781ff6b0e63dbed771d1a3af4d7009b91a660d2d09147edbb26e99e7341468e,1,0
"a0169_udigcx.raw",1,0,255,0,0,1,906.568,1774.404,2942860,2942880,0,2847448,2847448,0,29252,11.657,1762.747,1048576,312380,8fe1159e6009c10f97b26393c1e4f5c7ec1cf0421ba6d4420e7de4e9d83ecdab,1,0
"a0170_xwu9s1.raw",1,0,255,0,0,1,946.561,1777.976,2942888,2942908,0,2847448,2847448,0,29252,11.672,1766.304,1048576,312380,edd49d749664e39bcf76e86bb2d3a53b3841b6dd8e7c2f8b3c355c6c6331b847,1,0
"a0171_pwxejn.raw",1,0,255,0,0,1,830.913,1775.919,2942860,2942880,0,2847448,2847448,0,29252,11.698,1764.221,1048576,312380,e09de627941f8f9d8bd82ed5e42356f89ba677204ed04e24068fe29199c2297c,1,0
"a0172_nyfjrh.raw",1,0,255,0,0,1,837.618,1776.905,2942860,2942880,0,2847448,2847448,0,29252,11.668,1765.237,1048576,312380,7a95490d93db5a403c4ff458a7b1736f3317e7bf10dd84f863a7cc1b810587b2,1,0
"a0173_eervjt.raw",1,0,255,0,0,1,835.926,1776.200,2942860,2942880,0,2847448,2847448,0,29252,11.689,1764.511,1048576,312380,28296870aa5dfcd9184d11a3262cc276221581ccd2aaae1406c51fb8046e74fb,1,0
"a0174_e7cpdr.raw",1,0,255,0,0,1,1352.497,1777.163,2942860,2942880,0,2847448,2847448,0,29252,11.717,1765.446,1048576,312380,d87e5f5c9d00dbda114909ef4cf9192f7e9ec4d2b091077b15132cae34331988,1,0
"a0175_swjlo7.raw",1,0,255,0,0,1,827.349,1766.043,2942860,2942880,0,2847448,2847448,0,29252,11.644,1754.399,1048576,312380,e4e00a523776244acffe7ca8507c23a53d10dea025b7c5a92e0dbaae8f21ecf1,1,0
"a0176_mcvzoh.raw",1,0,255,0,0,1,870.517,1774.278,2942860,2942880,0,2847448,2847448,0,29252,11.741,1762.537,1048576,312380,a3c4f585cf6db014eb36022584f391ae58da2c2926343f409c72f93bf0361e54,1,0
"a0177_y3zolp.raw",1,0,255,0,0,1,815.327,1773.789,2942860,2942880,0,2847448,2847448,0,29252,11.723,1762.066,1048576,312380,7b93e87a407db1cb2d05711fe925a75809f55a27d9834317f58910cef4566514,1,0
"a0178_aaj5hy.raw",1,0,255,0,0,1,829.575,1769.296,2942860,2942908,0,2847448,2847448,0,29252,11.831,1757.465,1048576,312380,3656f4e808a5248741f2d901bcfddc40c696125c8a3e504481622cfec2aa58ef,1,0
"a0179_ynprqc.raw",1,0,255,0,0,1,842.822,1771.370,2942856,2942880,0,2847448,2847448,0,29252,11.694,1759.676,1048576,312380,550c6c51443478e59b1738658b671aa6e7f353a4b59be264755def86ddd41bea,1,0
"a0180_kfthlj.raw",1,0,255,0,0,1,942.457,1771.112,2942860,2942880,0,2847448,2847448,0,29252,11.674,1759.438,1048576,312380,19bd7a920defd232c4152845b060c06176140381821f9128567ce1f391f26a1a,1,0
"a0181_d8jlaf.raw",1,0,255,0,0,1,930.824,1773.683,2942860,2942880,0,2847448,2847448,0,29252,11.732,1761.951,1048576,312380,29714b1454c5405663e7278583bfcad4298ee7a8a4d57d53e2793be1bbe695fb,1,0
"a0182_nm812y.raw",1,0,255,0,0,1,848.717,1774.409,2942860,2942880,0,2847448,2847448,0,29252,11.659,1762.750,1048576,312380,e7bc0a3d289da00e83d24366d1587236a804a4d228e6240c1e783989cda3cea2,1,0
"a0183_deeois.raw",1,0,255,0,0,1,831.924,1776.088,2942860,2942880,0,2847448,2847448,0,29252,11.679,1764.409,1048576,312380,62c336820876ce646483c41b373e48d94c2411ce04d198d0148abc7f4bbeb4aa,1,0
"a0184_qvfn5j.raw",1,0,255,0,0,1,727.224,1777.074,2942860,2942880,0,2847448,2847448,0,29252,11.805,1765.269,1048576,312380,86df82a741ebe90ccfb153ed96a728380e21d9c34515336cc61959a09cea639f,1,0
"a0185_pvwq9t.raw",1,0,255,0,0,1,963.678,1770.229,2942860,2942880,0,2847448,2847448,0,29252,11.607,1758.622,1048576,312380,92a112473bf648e9e8ff577ef3f33f31da7b492db6115fc7bce337525072c8cb,1,0
"a0186_q9lbfb.raw",1,0,255,0,0,1,916.666,1771.992,2942860,2942908,0,2847448,2847448,0,29252,11.669,1760.323,1048576,312380,5ce84d160011d485dc4ad7c4c61da8e4acce281bb89fdcbc4324ab3ed950098f,1,0
"a0187_zs38ta.raw",1,0,255,0,0,1,862.992,1773.175,2942868,2942880,0,2847448,2847448,0,29252,11.723,1761.452,1048576,312380,e9a6cd0f790670c612e8aadb0141d994f556a5484ef6b6334e7d112beb0ef86e,1,0
"a0188_yyagcg.raw",1,0,255,0,0,1,851.625,1770.737,2942848,2942880,0,2847448,2847448,0,29252,11.648,1759.089,1048576,312380,16e61700e0d29983808ef83c5184e80596a1db5b5d364b50b04e2d249c477ebe,1,0
"a0189_tdyi1e.raw",1,0,255,0,0,1,816.414,1771.173,2942848,2942880,0,2847448,2847448,0,29252,11.862,1759.311,1048576,312380,8336ad2dd0ebd6d32d58c7dea9ac3b05899fa499f529cc9fbabd6de8ddb4bbf8,1,0
"a0190_cugc2u.raw",1,0,255,0,0,1,855.465,1770.224,2942840,2942880,0,2847448,2847448,0,29252,11.714,1758.510,1048576,312380,f6dbe9dc812788cf6b9a8edf5b085f5cf46a3c916721823440784248773846be,1,0
"a0191_v3xe2h.raw",1,2,254,0,0,1,1028.938,1773.623,2942848,2942880,0,2847448,2847448,0,29252,11.725,1761.898,1048576,312380,1e53b7da4523f16f71ab02e2c28b58ca39d99f0cc743a29ae0f9cb3c6728cc85,1,0
"a0192_ovl89c.raw",1,0,255,0,0,1,833.354,1772.077,2942860,2942880,0,2847448,2847448,0,29252,11.794,1760.283,1048576,312380,1b41a3008f5e9cbf5a1a5659d5cc1c350855449f9148d48c97c1681be80404c2,1,0
"a0193_hu0wy9.raw",1,0,255,0,0,1,830.926,1768.601,2942848,2942880,0,2847448,2847448,0,29252,11.666,1756.935,1048576,312380,fb07d5e224c47e161fd07607773a4bbed424f451fca565b831da048e851b561a,1,0
"a0194_kqcnoq.raw",1,4,252,0,0,1,1048.293,1769.462,2942860,2942908,0,2847448,2847448,0,29252,11.682,1757.780,1048576,312380,dee5a23f867180a6242642b732a31f2096063825f78b26b862d0ac76983f851a,1,0
"a0195_czmb8s.raw",1,5,251,0,0,1,1154.152,1775.926,2942860,2942880,0,2847448,2847448,0,29252,11.705,1764.221,1048576,312380,43b57e28232da6296460b27842d1d0b4ddf08cedbee28cd3f40da26143aff2e3,1,0
"a0196_vjvhwl.raw",1,0,255,0,0,1,943.541,1777.741,2942860,2942880,0,2847448,2847448,0,29252,11.727,1766.014,1048576,312380,95bc26bcf6efe6bedf774ccd3ec96ace4968b2d9cea7d4ce2d2cf6d18cf4a50a,1,0
"a0197_i439rf.raw",1,0,255,0,0,1,1026.112,1775.164,2942860,2942880,0,2847448,2847448,0,29252,11.654,1763.510,1048576,312380,2bfd6f2df8a4cdc0e13ad72d7bd285e7f9f313dd3ae2eb2c163e946424860fa7,1,0
"a0198_nplldi.raw",1,0,255,0,0,1,1066.689,1770.497,2942860,2942880,0,2847448,2847448,0,29252,11.706,1758.791,1048576,312380,7b727f0b2ff5311960220452e8403a5d0af4a00f3faf896d38cd2715836af363,1,0
"a0199_igszhh.raw",1,0,255,0,0,1,719.652,1776.528,2942860,2942880,0,2847448,2847448,0,29252,11.834,1764.694,1048576,312380,f45836c51e5a4c1ac77d662a3f651854e1c21aa25c4e75dc24ffcf72b2baa22e,1,0
"a0200_b6ivgn.raw",1,17,239,0,0,1,931.340,1769.673,2942860,2942880,0,2847448,2847448,0,29252,11.726,1757.947,1048576,312380,5e27299ba743a053d622e000c57681817d2c1f9654ec5ba4a07cbb086c0f1b22,1,0
"a0201_fhwq3q.raw",1,0,255,0,0,1,572.363,1771.464,2942860,2942880,0,2847448,2847448,0,29252,11.773,1759.691,1048576,312380,cae6af3a4e5acdc253c2b94a472a8fe399627f512d171d529fe15c6d53d90ee3,1,0
"a0202_irq4vt.raw",1,0,255,0,0,1,561.215,1775.323,2942860,2942908,0,2847448,2847448,0,29252,12.926,1762.397,1048576,312380,2757e30e32515234af05d814c767319af893d32fd3d5b9b68dbb22d49ba4e6b7,1,0
"a0203_m4vpew.raw",1,0,255,0,0,1,656.770,1773.081,2942860,2942880,0,2847448,2847448,0,29252,11.656,1761.425,1048576,312380,f02eab0cf0bd00e2c5edfe12a7f7129cbe5f2b916e408b4262401295b3715b04,1,0
"a0204_kpkjl1.raw",1,0,255,0,0,1,737.477,1772.187,2942880,2942880,0,2847448,2847448,0,29252,11.633,1760.554,1048576,312380,2e8b60ddb90f22415f421ce2dcf2cd36b8fc8cec9ae764e8e74ba74355490d58,1,0
"a0205_cjopmr.raw",1,0,255,0,0,1,528.626,1772.027,2942860,2942880,0,2847448,2847448,0,29252,11.680,1760.347,1048576,312380,b0b42cf6001e0d27ec57df66951196242dfd25c9e3caec83caf04087cb96e385,1,0
"a0206_grls61.raw",1,0,255,0,0,1,1454.719,1773.917,2942860,2942880,0,2847448,2847448,0,29252,11.596,1762.321,1048576,312380,3fc1d90050738cee80f208799b25ad01b1bde495ec31be8a6762296da432c69c,1,0
"a0207_zt4ggr.raw",1,0,255,0,0,1,625.471,1773.103,2942860,2942880,0,2847448,2847448,0,29252,11.624,1761.479,1048576,312380,f31f1543bfe39845200c377fe6a34db2d63fd4b3b071f6ddb8ac3b33b2a2d3c7,1,0
"a0208_avivkh.raw",1,0,255,0,0,1,643.853,1778.702,2942860,2942880,0,2847448,2847448,0,29252,11.810,1766.892,1048576,312380,48bb4ff740aef63f73c76788441b351fd4b6953a7e055f0726a8b101528bb876,1,0
"a0209_mbpspx.raw",1,0,255,0,0,1,551.815,1773.820,2942860,2942880,0,2847448,2847448,0,29252,11.687,1762.133,1048576,312380,89679d3c92412a17c0f6f0bc825ee38c83413171466305376a7785a6c9a9a322,1,0
"a0210_kcvrv3.raw",1,0,255,0,0,1,564.561,1773.565,2942860,2942908,0,2847448,2847448,0,29252,11.764,1761.801,1048576,312380,cee28cfe6027310c144dd4b6ed71c0bd47fc6820e292bdeb94eff60b3cbdd79e,1,0
"a0211_jpy47f.raw",1,1,255,0,0,1,672.088,1770.951,2942860,2942880,0,2847448,2847448,0,29252,11.675,1759.276,1048576,312380,f6617b25fcdd3292267cb869f6f37312ab45b933bf9fc7077c1ea9c6a4d5a318,1,0
"a0212_jimcuz.raw",1,165,91,1,0,0,564.600,1771.040,2942860,2942880,0,2847448,2847448,0,29252,11.717,1759.323,1048576,312380,c02a05b1ad2f1a31fa0ffdfe1ede32ed8ce65e9e63ee570324ded90a10ca1fd4,1,0
"a0213_ne51o9.raw",1,3,253,0,0,1,736.782,1770.333,2942860,2942880,0,2847448,2847448,0,29252,11.861,1758.472,1048576,312380,626f422a14bfe67b08bd823f3bdd7645f7f152712bc34f72777bf74735058ea6,1,0
"a0214_uajkl9.raw",1,0,255,0,0,1,732.903,1768.900,2942880,2942880,0,2847448,2847448,0,29252,11.706,1757.194,1048576,312380,b7442a7d5a6692935392bb0cefabdd6c37f8b76195d250709e14bd772e7bfa98,1,0
"a0215_yxsy3c.raw",1,0,255,0,0,1,536.560,1770.432,2942860,2942880,0,2847448,2847448,0,29252,11.735,1758.697,1048576,312380,3ca070fe9e2c7e544f73ba3fb3c3733fcd6066483dfe68e6ed3a80ce2fbc3d94,1,0
"a0216_w34qky.raw",1,0,255,0,0,1,610.876,1777.726,2942860,2942880,0,2847448,2847448,0,29252,11.668,1766.058,1048576,312380,2dc1ae4aee7366c35d4babdb08aff42d5f860ddc3e713f2f4045f17a46edc2be,1,0
"a0217_pqf42k.raw",1,0,255,0,0,1,624.440,1771.081,2942860,2942880,0,2847448,2847448,0,29252,11.667,1759.414,1048576,312380,7846d2971491bcff958a3e932a99c0d2d87c1d1eabf10560511e1a7c8b057aad,1,0
"a0218_nsways.raw",1,0,255,0,0,1,744.331,1775.194,2942880,2942880,0,2847448,2847448,0,29252,11.800,1763.394,1048576,312380,37c876de06bf76a99b8529f05e9c4de66fc0721d58e7657700307f6b51636e7f,1,0
"a0219_e0y8kf.raw",1,0,255,0,0,1,517.642,1771.929,2942888,2942908,0,2847448,2847448,0,29252,11.646,1760.283,1048576,312380,66a1569ebdd13c1c3416c8ebfb157cc8db2484c2c6fd57eb67e4493c7328c9c1,1,0
"a0220_sqnyow.raw",1,1,255,0,0,1,603.089,1767.460,2942864,2942880,0,2847448,2847448,0,29252,11.845,1755.615,1048576,312380,ad2d9139c6f85a36e81c9f7779c56f71f50eed9e0899444c5536a2b91bc19d14,1,0
"a0221_zwdiwc.raw",1,0,255,0,0,1,547.282,1775.334,2942860,2942880,0,2847448,2847448,0,29252,12.945,1762.389,1048576,312380,4bb3dcc9c8cbb0c30c8d153adfa3258ffb7a5ee05136aa32e70a196152a9b2b1,1,0
"a0222_icjvhp.raw",1,0,255,0,0,1,502.899,1777.414,2942880,2942880,0,2847448,2847448,0,29252,11.786,1765.628,1048576,312380,4d3619abdb5b3084d69bce85a4b91b30ee076d95c4e317163ad9e45d1fd33af8,1,0
"a0223_cvjnie.raw",1,0,255,0,0,1,709.713,1768.963,2942848,2942880,0,2847448,2847448,0,29252,11.666,1757.297,1048576,312380,bc6759cbacf2353a3c2dd6da7ca6c2ec6e0b38a93bceef49038e16146329526e,1,0
"a0224_zbgdda.raw",1,0,255,0,0,1,539.319,1771.327,2942848,2942880,0,2847448,2847448,0,29252,11.732,1759.595,1048576,312380,1323295b8dcb3377836696f10f7e90a579082098fca7291ff78647cf40c1b96f,1,0
"a0225_gvoddm.raw",1,0,255,0,0,1,559.681,1771.236,2942848,2942880,0,2847448,2847448,0,29252,11.768,1759.468,1048576,312380,91f0a8da86d46666552614b9e81595fbdceef06860372c0d2f854e9f471eb7eb,1,0
"a0226_ajgork.raw",1,0,255,0,0,1,581.669,1772.609,2942848,2942880,0,2847448,2847448,0,29252,11.671,1760.938,1048576,312380,e12dcdf51d6e6de77a9e66ff97a6b6b9b754115794e8c7a6fe015e98051bb9e8,1,0
"a0227_hosyqe.raw",1,0,255,0,0,1,566.031,1767.170,2942860,2942880,0,2847448,2847448,0,29252,11.725,1755.445,1048576,312380,57ea57f1112f2fa58b52211f89ed4ea08910485f5319f3f2f8f4c7ce5c0f1d49,1,0
"a0228_beax1m.raw",1,0,255,0,0,1,696.202,1772.403,2942848,2942908,0,2847448,2847448,0,29252,11.670,1760.733,1048576,312380,7e5bb32cea4127e44912dc5372850d6db4f8f84b0e3eae23e100680a8bb8700e,1,0
"a0229_edkzub.raw",1,0,255,0,0,1,580.426,1769.294,2942856,2942880,0,2847448,2847448,0,29252,11.749,1757.545,1048576,312380,ca4d1a2c6f57b96f02b38255cebf13b7d9b2cfe7fb71d523b083c0c2b6f90ff7,1,0
"a0230_hkndfz.raw",1,0,255,0,0,1,594.017,1767.490,2942848,2942880,0,2847448,2847448,0,29252,11.692,1755.798,1048576,312380,f0f0951e3a1b59b362565e753048075dcd1c0e8c9a287774f3bb8b9609f30ba0,1,0
"a0231_dfkgjq.raw",1,10,246,0,0,1,527.886,1764.176,2942848,2942880,0,2847448,2847448,0,29252,11.638,1752.538,1048576,312380,af7a76eff23f89e6e154ba31009e2aa32e4e010e8086bea112557fa8f1b4f8ad,1,0
"a0232_yxjqmf.raw",1,2,254,0,0,1,643.240,1771.045,2942848,2942880,0,2847448,2847448,0,29252,11.670,1759.375,1048576,312380,99b5bf8f247c4c265bf0cae0e8f7bc3c5ea1909b6d2b1cced9c4ccbe7c517066,1,0
"a0233_pk87en.raw",1,0,255,0,0,1,572.724,1770.522,2942992,2943012,0,2847448,2847448,0,29252,11.749,1758.773,1048576,312380,bb8cda3ae060752da4fc297b240e5c63216d72e8504cb0d386d1728e354bf80e,1,0
"a0234_tzi0v2.raw",1,0,255,0,0,1,591.239,1766.727,2942992,2943012,0,2847448,2847448,0,29252,11.682,1755.045,1048576,312380,8e9850242b8b78ba67ee065f2c519b39e305d9dd08582eaa434d4dd71c0746b7,1,0
"a0235_n0quvm.raw",1,0,255,0,0,1,578.923,1766.555,2942992,2943012,0,2847448,2847448,0,29252,11.726,1754.829,1048576,312380,4fa3d24c7f8ebca16896f274a0b9a91c6bb935cb6ff1f8f13432937fa35f91d1,1,0
"a0236_ktgdmg.raw",1,0,255,0,0,1,792.277,1778.070,2942992,2943012,0,2847448,2847448,0,29252,11.584,1766.486,1048576,312380,516f1477758111cd19988c13597f09aa0423b48a78331e9269fcd4392bb8ca9f,1,0
"a0237_u2zqsb.raw",1,2,254,0,0,1,667.525,1772.406,2943020,2943040,0,2847448,2847448,0,29252,11.750,1760.656,1048576,312380,92a294197f5bbe9ee2266393d2a619e3005bf808eb6b0ab8dd3f0ac302f7b799,1,0
"a0238_lycwgz.raw",1,0,255,0,0,1,602.630,1769.982,2943000,2943012,0,2847448,2847448,0,29252,11.682,1758.300,1048576,312380,b0d8de47b097400800d95b1af265b7f9390d5b1198ff9b2344201555f3ceb225,1,0
"a0239_deyj9t.raw",1,0,255,0,0,1,750.827,1775.769,2943012,2943012,0,2847448,2847448,0,29252,11.662,1764.107,1048576,312380,f1b6c42da00acd3243742ead2eebf641487c77b59a5563cc29e5add509d306bd,1,0
"a0240_ln1bk4.raw",1,1,255,0,0,1,548.998,1773.414,2942992,2943012,0,2847448,2847448,0,29252,11.712,1761.702,1048576,312380,ab515a7a68b2afb8c4e28527a2a30fed90bf9bb833e019db8543ee9fa9b9d7e5,1,0
"a0241_jbqsqk.raw",1,1,255,0,0,1,521.949,1771.744,2942992,2943012,0,2847448,2847448,0,29252,11.635,1760.109,1048576,312380,a4ef7d0aa053ca9edc5f1ae9f4e4ba50d796e0e00cb128077af5c6c2e581b694,1,0
"a0242_emlbat.raw",1,0,255,0,0,1,613.209,1770.733,2942992,2943012,0,2847448,2847448,0,29252,11.685,1759.048,1048576,312380,17d8ec50613bfe15e758872214ede110a868982a8121a030f11c28cc3172e1ed,1,0
"a0243_jgsndb.raw",1,0,255,0,0,1,545.457,1768.481,2942992,2943012,0,2847448,2847448,0,29252,11.680,1756.801,1048576,312380,08ac5761adf314250897ebb20d7a3599445b7e3842bd2bcc19871b420a26b74a,1,0
"a0244_xvueor.raw",1,0,255,0,0,1,565.660,1768.588,2942992,2943012,0,2847448,2847448,0,29252,11.710,1756.878,1048576,312380,22d443a89be740cf0e7561913494d82986c77ae89db60a45d95c507cba160f84,1,0
"a0245_artfzj.raw",1,0,255,0,0,1,642.027,1774.176,2942992,2943012,0,2847448,2847448,0,29252,11.725,1762.451,1048576,312380,c417b3e7152a81fce1912b0792297f5422871e3bbce14ddfdf06e04b3626468d,1,0
"a0246_zilsnr.raw",1,0,255,0,0,1,508.499,1767.377,2942984,2943040,0,2847448,2847448,0,29252,11.722,1755.655,1048576,312380,41b44264c5bad3ca695224289568769a76c2e8c1c701f96501992b18d71a7d8b,1,0
"a0247_k09zly.raw",1,0,255,0,0,1,536.395,1768.435,2943000,2943012,0,2847448,2847448,0,29252,11.722,1756.713,1048576,312380,0d444bf440aa0cef0a15946905f233c03d588f32c5e4ece3135597913ce9d4fb,1,0
"a0248_jcgmcm.raw",1,0,255,0,0,1,582.701,1771.621,2942992,2943012,0,2847448,2847448,0,29252,12.542,1759.079,1048576,312380,cef6e0a3bf6fbeaf633baf6fc715ac53a607606fda14c66d70da13d87a2edeee,1,0
"a0249_ryzzky.raw",1,0,255,0,0,1,519.296,1773.561,2942992,2943012,0,2847448,2847448,0,29252,12.054,1761.507,1048576,312380,40f9d7a51ce6cb6f39fa4ea78a3e4965c45b2ebd456a12b9010d1b9799ef2a1d,1,0
"a0250_eilcen.raw",1,0,255,0,0,1,561.738,1768.877,2942992,2943012,0,2847448,2847448,0,29252,11.657,1757.220,1048576,312380,5493d880abff6ca6759db7f95ae0238d6b2b0de9360c889ac056be87af4a4b9d,1,0
"a0251_gou8iz.raw",1,0,255,0,0,1,577.268,1766.241,2942992,2943012,0,2847448,2847448,0,29252,11.749,1754.492,1048576,312380,b543f3608a7707de24b0a789408cb5318c04265f7ca22917e959d2fa583b24fa,1,0
"a0252_g8rdu7.raw",1,0,255,0,0,1,522.238,1769.581,2942992,2943012,0,2847448,2847448,0,29252,11.649,1757.932,1048576,312380,8f54201a39527c04e3c807d5c115d052acf0fab2ef03a47cfae85b05d874837f,1,0
"a0253_zrs5z5.raw",1,0,255,0,0,1,559.060,1772.416,2942992,2943012,0,2847448,2847448,0,29252,11.723,1760.693,1048576,312380,9b59eaa2a1f8504d9990cd76dc4cc19bd6b7455bd29fff87eb240122cc1d9094,1,0
"a0254_duhhpx.raw",1,0,255,0,0,1,493.548,1770.602,2943012,2943012,0,2847448,2847448,0,29252,11.703,1758.899,1048576,312380,2700c48971ad82043f434610a4eec7491d5f2a2252d51e7f7ba62f2209860942,1,0
"a0255_snzsh6.raw",1,0,255,0,0,1,544.974,1768.842,2942992,2943040,0,2847448,2847448,0,29252,11.765,1757.077,1048576,312380,7556a0a685489247cd599ef767e23f9ac25323d777958aebd48d7ec7eeedd28a,1,0
"a0256_tl0mch.raw",1,0,255,0,0,1,570.088,1775.164,2943000,2943012,0,2847448,2847448,0,29252,11.792,1763.372,1048576,312380,e9424e1af60e70994c61e494daa49fb28ad88025301d448f6c4367a11f8e4dbf,1,0
"a0257_ecnd4h.raw",1,0,255,0,0,1,523.013,1775.542,2942992,2943012,0,2847448,2847448,0,29252,11.794,1763.748,1048576,312380,b504681d49e6cc259f0a578a3c64c7bb64cf4a44270c0ed3eda3fc6b3ae12c27,1,0
"a0258_k3844w.raw",1,0,255,0,0,1,538.552,1774.049,2942992,2943012,0,2847448,2847448,0,29252,12.136,1761.913,1048576,312380,b2cca49e9996f5ae1916914cbb7f011579566dd5d87eae5e28705f9862516a7f,1,0
"a0259_yprawt.raw",1,0,255,0,0,1,529.156,1772.209,2942992,2943012,0,2847448,2847448,0,29252,11.942,1760.267,1048576,312380,1a6fde6decaae93e275af0bf51155180e51460fef948ae88e01fcf8cbe0460b6,1,0
"a0260_c5y9zb.raw",1,0,255,0,0,1,556.881,1776.455,2942860,2942880,0,2847448,2847448,0,29252,11.618,1764.837,1048576,312380,d7d1cd9a45496937663ea9eaac8d6d8d542ddf48d2a15d08d1ba4f3a8315c271,1,0
"a0261_vb7hzl.raw",1,0,255,0,0,1,516.004,1775.115,2942860,2942880,0,2847448,2847448,0,29252,11.733,1763.382,1048576,312380,a87f2d979f52fd355c8b07b4a8ca8238520f1912925cfb29c8456ae9b6fbe275,1,0
"a0262_ls88bb.raw",1,0,255,0,0,1,496.238,1779.273,2942880,2942880,0,2847448,2847448,0,29252,11.820,1767.453,1048576,312380,53662a034975d1e3b901bc5b11dfdaf555eb3e8ffd98fea349ca826c074e6ea4,1,0
"a0263_klkxph.raw",1,0,255,0,0,1,535.887,1774.915,2942860,2942880,0,2847448,2847448,0,29252,11.730,1763.185,1048576,312380,9a5c5e1c4b1aef4a33fa69f5c765679ae4fa0560b05bd10b31e2aff5d220a0e9,1,0
"a0264_cni2ln.raw",1,0,255,0,0,1,579.583,1777.512,2942860,2942908,0,2847448,2847448,0,29252,11.694,1765.818,1048576,312380,62ab0fb57c31b3dfd30fbfb07a80f81e5d057e2284e216cb9fad2cf6f6fc50c3,1,0
"a0265_hjrfb7.raw",1,0,255,0,0,1,520.166,1775.252,2942888,2942880,8,2847448,2847448,0,29252,11.666,1763.586,1048576,312380,d9f928eed04bcdf9f0394abd523cd362dc378a3260ad90fb74105c0ae2977126,1,0
"a0266_zd7nqm.raw",1,0,255,0,0,1,474.691,1776.900,2942860,2942880,0,2847448,2847448,0,29252,11.965,1764.935,1048576,312380,20e4675958e0f49b5df9499851336486668fb84b105ba0bc5eb133085d11d511,1,0
"a0267_rvg9bm.raw",1,0,255,0,0,1,683.101,1773.083,2942860,2942880,0,2847448,2847448,0,29252,11.681,1761.402,1048576,312380,c23be61b30e2e1930c6efaa7f2dd78e49b4a062f9d75c6b8bb945b4b57b9daf6,1,0
"a0268_ol9uxv.raw",1,0,255,0,0,1,640.709,1780.204,2942860,2942880,0,2847448,2847448,0,29252,11.746,1768.458,1048576,312380,3917f13692a1903bac98485c04f41f4fce08a4f46877f9b00c505c1a502d6841,1,0
"a0269_rijhyf.raw",1,0,255,0,0,1,489.841,1777.332,2942880,2942880,0,2847448,2847448,0,29252,12.377,1764.955,1048576,312380,9c94228c6b731a35c3fc31d1b62b61135ae1fbceee339a9c785ee3e7dcc32ee3,1,0
"a0270_agqlwh.raw",1,0,255,0,0,1,510.395,1780.245,2942880,2942880,0,2847448,2847448,0,29252,11.964,1768.281,1048576,312380,6d9c023cad3a0236c610826b4e32d0ead81d7b2c74f1adbe763eb11f3702d7ff,1,0
"a0271_a00g3l.raw",1,0,255,0,0,1,509.357,1779.776,2942880,2942880,0,2847448,2847448,0,29252,11.732,1768.044,1048576,312380,6b128628dc3570e0ff01ebdcd2430a2928d177894165ed56872978ea1fcb9568,1,0
"a0272_uwcqou.raw",1,0,255,0,0,1,587.670,1777.616,2942860,2942880,0,2847448,2847448,0,29252,11.714,1765.902,1048576,312380,76f54eb2e2d410f60565ccb6a3d982de94dbe4c58247807ab69882428efe4cde,1,0
"a0273_ey4uyg.raw",1,0,255,0,0,1,526.003,1776.809,2942860,2942908,0,2847448,2847448,0,29252,11.628,1765.181,1048576,312380,ce34e2c3f942a2b1aaf9f32fc87024f6da00d19ae7f0e987a4e5aef376f50a14,1,0
"a0274_rbiyxi.raw",1,0,255,0,0,1,499.114,1773.254,2942888,2942880,8,2847448,2847448,0,29252,12.346,1760.908,1048576,312380,3254c0d76b6acda4597c91ee3ebc3ead61acadf1d2af29ebacf0250cfbebc1e0,1,0
"a0275_fgksxn.raw",1,0,255,0,0,1,676.131,1772.985,2942860,2942880,0,2847448,2847448,0,29252,11.704,1761.281,1048576,312380,ae07b80429454ffae5479d7dfb1e8219b1c7f9c87641515f457a007c11856e49,1,0
"a0276_obkijn.raw",1,0,255,0,0,1,536.762,1772.568,2942860,2942880,0,2847448,2847448,0,29252,11.644,1760.924,1048576,312380,6606b46015ec212335d196e0e85d0f4c98669a1574e89dc6d76da6fcbaad96ec,1,0
"a0277_bf7ihi.raw",1,0,255,0,0,1,586.084,1777.785,2942860,2942880,0,2847448,2847448,0,29252,11.655,1766.130,1048576,312380,7014a9a0b66a97e7dfd3e73ec4407afafaa4dc06e9c1ec123093b9da90b1747d,1,0
"a0278_e6witx.raw",1,0,255,0,0,1,509.318,1772.477,2942860,2942880,0,2847448,2847448,0,29252,11.968,1760.509,1048576,312380,2a4f0320b3720326246978569c7ec2ce1c91f450ffe38f57d258c63c50a85e30,1,0
"a0279_dgrnno.raw",1,0,255,0,0,1,505.372,1772.595,2942880,2942880,0,2847448,2847448,0,29252,11.703,1760.892,1048576,312380,0ea38e841f06a73dbf62d7c06526267c31fa2ebe6b5060bda846e6feab74a1c0,1,0
"a0280_xwfgrz.raw",1,0,255,0,0,1,626.079,1777.076,2942860,2942880,0,2847448,2847448,0,29252,11.693,1765.383,1048576,312380,4c6a36bede18c1c51999e043329951b5afc8682c20f99f26ce5776ffad3e4d76,1,0
"a0281_wvnftg.raw",1,0,255,0,0,1,781.651,1771.275,2942860,2942880,0,2847448,2847448,0,29252,11.657,1759.618,1048576,312380,39de2b8a5d0a2d321b59f8e74d90efef1ea79e3e767da5ce223d42acc0f07624,1,0
"a0282_neuqgk.raw",1,0,255,0,0,1,660.720,1772.020,2942888,2942908,0,2847448,2847448,0,29252,11.784,1760.236,1048576,312380,ebd2717ca3160500a023a3cc9d4b9839216bf660ffd8952605f66c5e36683708,1,0
"a0283_ed9ybp.raw",1,0,255,0,0,1,611.398,1775.605,2942860,2942880,0,2847448,2847448,0,29252,11.701,1763.904,1048576,312380,1431c75b01c96288840748349763f374cba200fca9f9484d7a3d473b28a674a6,1,0
"a0284_l2pshn.raw",1,0,255,0,0,1,675.641,1772.167,2942860,2942880,0,2847448,2847448,0,29252,11.742,1760.425,1048576,312380,9f7e6bc3d91fa75c1e3dde8378ef63e95a126e7365d5b2d43e600c933b0e0947,1,0
"a0285_czrrzg.raw",1,0,255,0,0,1,834.423,1773.208,2942860,2942880,0,2847448,2847448,0,29252,11.803,1761.405,1048576,312380,827b566a2c2dbbe478a643d334a62cef60323a4a10efeed47ec84999e6864a7e,1,0
"a0286_ptumns.raw",1,0,255,0,0,1,656.279,1776.316,2942860,2942880,0,2847448,2847448,0,29252,11.779,1764.537,1048576,312380,2c813652869c241da7031c40946809e4b1385335bce229e630a89c5d8623ab53,1,0
"a0287_eehsa2.raw",1,0,255,0,0,1,509.361,1771.633,2942880,2942880,0,2847448,2847448,0,29252,11.613,1760.020,1048576,312380,5d0f8c5f19c78492b4170bae2650c19e19bdaf11d64e252cc27720d5e7c4ade7,1,0
"a0288_fmukvl.raw",1,0,255,0,0,1,588.297,1775.180,2942860,2942880,0,2847448,2847448,0,29252,11.694,1763.486,1048576,312380,a4c59987dd6b426cc8450a2d0942c5114f164733f44e330488d14adbe1fb87d8,1,0
"a0289_l9cwjl.raw",1,0,255,0,0,1,544.729,1775.976,2942848,2942880,0,2847448,2847448,0,29252,11.688,1764.288,1048576,312380,2aeb2d0bd7184c265b8a64de58a05273f1e0fe87a12d971fa7ec3f54fbb9180c,1,0
"a0290_yvjttp.raw",1,0,255,0,0,1,526.806,1775.055,2942860,2942880,0,2847448,2847448,0,29252,11.691,1763.364,1048576,312380,cc424df0f0ee7ee682cda4f2734b9365155367d1a5840058207fb5499d824328,1,0
"a0291_xwtzfw.raw",1,0,255,0,0,1,744.949,1772.374,2942908,2942908,0,2847448,2847448,0,29252,11.778,1760.596,1048576,312380,1540b559974dba7a0d62df7b6a42cc8b4172cd482b7f617576109f795a8a3ed9,1,0
"a0292_mfxjuh.raw",1,0,255,0,0,1,570.755,1771.807,2942868,2942880,0,2847448,2847448,0,29252,11.767,1760.040,1048576,312380,51225638b72197c4eedf8263c0016752f49cb31665f3da04484fae2b1a85a1eb,1,0
"a0293_rws1fy.raw",1,0,255,0,0,1,577.334,1771.642,2942848,2942880,0,2847448,2847448,0,29252,11.664,1759.978,1048576,312380,f5b9403f4bb8cda4e9234c6f475b47ab15eadd72f1bd6181da928326341918da,1,0
"a0294_amp8ud.raw",1,0,255,0,0,1,542.052,1774.343,2942848,2942880,0,2847448,2847448,0,29252,11.659,1762.684,1048576,312380,91f6cde9f9f83a1123ea466bcd767756cbaedd174316385ab617d69ed23efa07,1,0
"a0295_gdssqr.raw",1,0,255,0,0,1,513.453,1775.416,2942848,2942880,0,2847448,2847448,0,29252,11.653,1763.763,1048576,312380,1b927b5e659066af8170f1d3b3c77dc0465967f2f0076acdc53c238558094bc9,1,0
"a0296_cbjusq.raw",1,0,255,0,0,1,490.213,1771.100,2942880,2942880,0,2847448,2847448,0,29252,11.737,1759.363,1048576,312380,d225c3e65612b3e7eb6beff8172649b63a5475250ecab8532b8b59c5ed2d64da,1,0
"a0297_bi3qaq.raw",1,0,255,0,0,1,523.337,1782.376,2942848,2942880,0,2847448,2847448,0,29252,11.693,1770.683,1048576,312380,33dc4e68b00d77ecb78338ef84b1b164327762c3be4ef608fce2f64f84d97b5f,1,0
"a0298_snhzju.raw",1,0,255,0,0,1,518.206,1778.816,2942848,2942880,0,2847448,2847448,0,29252,11.739,1767.077,1048576,312380,75b8f90c68ac773eb1398efc9d371f21f2c0190a5f5cd855e4ba5071c90a87f7,1,0
"a0299_wvgl0v.raw",1,0,255,0,0,1,492.817,1778.060,2942888,2942880,8,2847448,2847448,0,29252,11.681,1766.379,1048576,312380,b47ab95f4d0281611408f20dc741ab687e48a532f1419201dfbff8f4e91b670c,1,0
"a0300_m3senv.raw",1,0,255,0,0,1,511.303,1772.632,2942880,2942908,0,2847448,2847448,0,29252,11.674,1760.958,1048576,312380,bbc01dbc5871cb92a9878ebba3000f98005c30bd8de58ed43175f3209bd1155b,1,0
"a0301_uli8mh.raw",1,0,255,0,0,1,563.310,1777.385,2942868,2942880,0,2847448,2847448,0,29252,11.687,1765.698,1048576,312380,309138c0bc76b4f88edaa40bde2abbd690bc66c0635fdf2aad7995574c37aea0,1,0
"a0302_vc4qix.raw",1,0,255,0,0,1,503.026,1774.438,2942880,2942880,0,2847448,2847448,0,29252,11.665,1762.773,1048576,312380,98f0fdf0d955b7cab8d124a2f3baa1cf0538de6fb5221ffffd31efc2dd238dbe,1,0
"a0303_cuf6xn.raw",1,0,255,0,0,1,513.947,1773.246,2942860,2942880,0,2847448,2847448,0,29252,11.675,1761.571,1048576,312380,8fd1f3472e406fadf714d133a1bbd86fee90e6c549cbe5a12204726a0cbc58f6,1,0
"a0304_fwwn3g.raw",1,0,255,0,0,1,511.560,1778.025,2942848,2942880,0,2847448,2847448,0,29252,12.682,1765.343,1048576,312380,369e8130ef6824dac7546f89fde665cae6836b5dacf965792275f53cbb2940ef,1,0
"a0305_fmqlfv.raw",1,0,255,0,0,1,515.829,1773.126,2942848,2942880,0,2847448,2847448,0,29252,11.604,1761.522,1048576,312380,bd14720b091bafbb1a2ce66512c37aec11f922ffb707580d931e07a6a77464bb,1,0
"a0306_ulbssu.raw",1,0,255,0,0,1,501.570,1774.027,2942880,2942880,0,2847448,2847448,0,29252,11.607,1762.420,1048576,312380,891d51a175ed79a178511bac00e3cc352c2aa9c1a4789f8139d084f9d60d2121,1,0
"a0307_hebntn.raw",1,0,255,0,0,1,817.244,1778.206,2942848,2942880,0,2847448,2847448,0,29252,11.657,1766.549,1048576,312380,a934a161f6d711ad40881ef81da18fc370a521a74003f6b8ec5e44c0e2081788,1,0
"a0308_a3dpi0.raw",1,0,255,0,0,1,485.134,1782.817,2942848,2942880,0,2847448,2847448,0,29252,12.898,1769.919,1048576,312380,433546bba1dde0569f2b695204859026c81087f42e4c2e94d876f732211302a9,1,0
"a0309_hwfzr3.raw",1,0,255,0,0,1,520.611,1786.182,2942848,2942880,0,2847448,2847448,0,29252,12.685,1773.497,1048576,312380,c0db20333d53294c53640cb9a022c7c30b6be55b0c6dbdb7385b55ad64f39b43,1,0
"a0310_xnncrg.raw",1,0,255,0,0,1,475.896,1777.915,2942848,2942880,0,2847448,2847448,0,29252,11.652,1766.263,1048576,312380,d4f2ce99cc88077f5fea6827d4527df8134dc69e678a4773a63aee85b688b4b0,1,0
"a0311_yeksvg.raw",1,0,255,0,0,1,497.273,1776.220,2942880,2942880,0,2847448,2847448,0,29252,11.645,1764.575,1048576,312380,e865800a5523189067bd09230f463a29a5f5cdb30288d83d937f724df366f8ab,1,0
"a0312_hg3seh.raw",1,0,255,0,0,1,502.922,1782.693,2942880,2942880,0,2847448,2847448,0,29252,12.846,1769.847,1048576,312380,673f8eaaf0a2b5894917075cff0a255ab44e99eeec6ace2502d04868e39953fd,1,0
"a0313_qmcgor.raw",1,1,255,0,0,1,501.155,1781.191,2942880,2942880,0,2847448,2847448,0,29252,11.720,1769.471,1048576,312380,95df299dfa923bfa6d62692ffc891f25d7497032f3d2a8c3f2b8a5faf9e5c44d,1,0
"a0314_qn2tkn.raw",1,0,255,0,0,1,494.402,1776.068,2942880,2942880,0,2847448,2847448,0,29252,11.694,1764.374,1048576,312380,9508f22d389a6cea7bf589608b6106e59371d2eeb0f30acba8aa13fd18efcf14,1,0
"a0315_gzqrrt.raw",1,0,255,0,0,1,530.178,1778.944,2942868,2942880,0,2847448,2847448,0,29252,11.696,1767.248,1048576,312380,23147abc2779eb97cb1cc6410b911000bff0c4a3577ac1f24ba91c7aa50fc0fa,1,0
"a0316_wy1qyy.raw",1,0,255,0,0,1,517.901,1781.645,2942848,2942880,0,2847448,2847448,0,29252,11.668,1769.977,1048576,312380,edc171352254432b9a826009078991d650f0223e6f966ae7b28f63d9ebbd7409,1,0
"a0317_sncbpq.raw",1,0,255,0,0,1,508.068,1779.749,2942880,2942880,0,2847448,2847448,0,29252,11.646,1768.103,1048576,312380,555b5f6b38c48bf6667416209090709a3be91dd05945cc27d0c818bfefd14510,1,0
"a0318_cwzoi8.raw",1,0,255,0,0,1,643.285,1774.481,2942860,2942880,0,2847448,2847448,0,29252,11.682,1762.799,1048576,312380,848ff9fdc63bc63435334939cf4d37e10b03590d66986e5fa42b961cb1155292,1,0
"a0319_ghigad.raw",1,0,255,0,0,1,809.433,1777.521,2942860,2942880,0,2847448,2847448,0,29252,11.676,1765.845,1048576,312380,d5fa0836d138a257cd56a89d8024ae54bcfd8bde539f49da92aeb54a3578bcf3,1,0
"a0320_yzr3ed.raw",1,0,255,0,0,1,596.275,1779.479,2942860,2942880,0,2847448,2847448,0,29252,12.740,1766.739,1048576,312380,0f9c0ab77c71646843aa161b3c331330bfd4900d52c3f9b0b1be87c3afd5fb6e,1,0
"a0321_autrsj.raw",1,0,255,0,0,1,481.965,1778.261,2942880,2942880,0,2847448,2847448,0,29252,11.726,1766.535,1048576,312380,a9f228ef99487ce216c5852036da462b3ce46423725e6992dd4ff3d06b72ba02,1,0
"a0322_ybf4bi.raw",1,0,255,0,0,1,485.164,1780.073,2942880,2942880,0,2847448,2847448,0,29252,11.584,1768.489,1048576,312380,6b24362e5630742db4cab52e5c5fafcacf1700d2b2dc6e4083dbf0a61194c33a,1,0
"a0323_gejwiv.raw",1,0,255,0,0,1,662.331,1782.918,2942860,2942880,0,2847448,2847448,0,29252,11.912,1771.006,1048576,312380,31f4253482e041576cb3a6de85b57539781157b4dca0ebe98c7f870a93fa6114,1,0
"a0324_qe07mh.raw",1,0,255,0,0,1,505.769,1778.276,2942880,2942880,0,2847448,2847448,0,29252,11.656,1766.620,1048576,312380,592c0f7a17b1656fa04fee1af2925c4fa565ee40207edab12d3c76a5bcfe2b01,1,0
"a0325_hqewpd.raw",1,0,255,0,0,1,517.632,1773.968,2942860,2942880,0,2847448,2847448,0,29252,11.641,1762.327,1048576,312380,9dfb29e0efee5b670931b291def0c6b61722689688a10b6ddfaec99abe30fb8c,1,0
"a0326_b0apf0.raw",1,0,255,0,0,1,1567.934,1778.915,2942860,2942880,0,2847448,2847448,0,29252,11.907,1767.008,1048576,312380,c6fd77057c656c59d9752616f59143fb91d650a6b46a1b5313fc65b75a2d7b63,1,0
"a0327_psfuag.raw",1,0,255,0,0,1,555.982,1781.942,2942860,2942880,0,2847448,2847448,0,29252,11.696,1770.246,1048576,312380,78dba4e22992a793ab11e32cf8cc43594542b17877a123a74049acce2bc38c24,1,0
"a0328_y3tnna.raw",1,0,255,0,0,1,506.402,1778.961,2942880,2942880,0,2847448,2847448,0,29252,11.644,1767.317,1048576,312380,d2cb90e30cac75660fd0982352586b880dfc4f9b30508b361fe2bc8cb648864f,1,0
"a0329_tt1jeo.raw",1,0,255,0,0,1,529.575,1782.813,2942860,2942880,0,2847448,2847448,0,29252,11.667,1771.146,1048576,312380,21ad7620db9627ae624bd5091aae866351b2cd4c508f75c32fa811f77f399c4b,1,0
"a0330_w42viz.raw",1,0,255,0,0,1,1442.816,1781.269,2942860,2942880,0,2847448,2847448,0,29252,11.639,1769.630,1048576,312380,a83ac9bf5e07e8fd78db99f33cfc222adfed9b02c545e85c89987739053c7166,1,0
"a0331_pstkz0.raw",1,0,255,0,0,1,1735.220,1780.539,2942880,2942880,0,2847448,2847448,0,29252,11.673,1768.866,1048576,312380,7fd645a03f89123e2f1507f91f428060e5d6ea5b9e8f3c1f9afca38b4bf92594,1,0
"a0332_mlywvc.raw",1,0,255,0,0,1,2028.264,1780.979,2942860,2942880,0,2847448,2847448,0,29252,11.564,1769.415,1048576,312380,0b22545dd97c076987523e9c2b0bbf925333b2c499c6fc0bcad48951361a5943,1,0
"a0333_mntmbr.raw",1,0,255,0,0,1,641.658,1781.963,2942860,2942908,0,2847448,2847448,0,29252,11.656,1770.307,1048576,312380,9c0f010fb8225fbdf4357d8cd6d6b7a30ae87e1f3dd0a154216677d5ef64eb30,1,0
"a0334_hh8lbt.raw",1,0,255,0,0,1,794.470,1783.068,2942860,2942880,0,2847448,2847448,0,29252,12.329,1770.739,1048576,312380,f4d5a5a1871b66fed205e31d85631796e62319dc2b03a1bc4b4ea1da1f96678b,1,0
"a0335_lj2th9.raw",1,0,255,0,0,1,976.691,1781.453,2942860,2942880,0,2847448,2847448,0,29252,12.388,1769.065,1048576,312380,2a77116e4baa65930bdf6cc4b5d3c681d990fb8d60ccefb1fb69a20f04a1e5bc,1,0
"a0336_rbou7p.raw",1,0,255,0,0,1,1212.307,1773.774,2942860,2942880,0,2847448,2847448,0,29252,11.659,1762.115,1048576,312380,a265d37c7d4b6c336c275cded2b40897d66b11e79fd9ce800d50c35f7d011720,1,0
"a0337_ne0tny.raw",1,0,255,0,0,1,706.369,1784.456,2942860,2942880,0,2847448,2847448,0,29252,13.718,1770.738,1048576,312380,df285e20c4a1f9272cb025ffa7a865423908ee46bb6f8c528ecc9c1c7f7b2d70,1,0
"a0338_pih7ys.raw",1,0,255,0,0,1,1866.276,1779.303,2942860,2942880,0,2847448,2847448,0,29252,11.636,1767.667,1048576,312380,e6980cec1cb5d9ccbefe6cd5da9372a0eca11e417a19700ab3adb5c5f47aa983,1,0
"a0339_relvff.raw",1,0,255,0,0,1,1572.389,1776.245,2942860,2942880,0,2847448,2847448,0,29252,11.661,1764.584,1048576,312380,797ca6e69ceaf1413258e4f9ccd8519fd7562cbdfab1086a26db8efa8c356557,1,0
"a0340_xhnbwm.raw",1,0,255,0,0,1,996.877,1781.077,2942880,2942880,0,2847448,2847448,0,29252,12.652,1768.425,1048576,312380,486a8f8bca09a538123a4b036e9b5de6eb50a27c3a68f128e45297e992a9a273,1,0
"a0341_gjtu0s.raw",1,0,255,0,0,1,499.038,1780.558,2942880,2942880,0,2847448,2847448,0,29252,11.781,1768.777,1048576,312380,dfc583a51a81da6bc5cb57b4827ccc53f559b6903d144780ecca5c622389fb67,1,0
"a0342_cyuqlc.raw",1,0,255,0,0,1,504.163,1775.026,2942880,2942880,0,2847448,2847448,0,29252,11.671,1763.355,1048576,312380,b3946d5f88b474b3b6109911ca03637a6d46ddfb30c8dd49c724fce1ba3c8f53,1,0
"a0343_izq4tl.raw",1,0,255,0,0,1,1072.162,1779.098,2942860,2942880,0,2847448,2847448,0,29252,11.600,1767.498,1048576,312380,1cfbaf5adaef33737bcf3c7bbdcb534d633fde43e63cdf457e52f5627e06d168,1,0
"a0344_rkf6lh.raw",1,0,255,0,0,1,1164.494,1778.436,2942860,2942880,0,2847448,2847448,0,29252,11.682,1766.754,1048576,312380,6fdad0122a90722022d994e780090057601221be24a99aa507c9fdd544fe3f6a,1,0
"a0345_hlud7p.raw",1,0,255,0,0,1,494.435,1776.208,2942880,2942880,0,2847448,2847448,0,29252,11.739,1764.469,1048576,312380,16ca07a808191dffe40c6eacb06db467a9e666165d5902a2405c9760c75a3ee2,1,0
"a0346_rw1jth.raw",1,0,255,0,0,1,495.460,1776.363,2942880,2942880,0,2847448,2847448,0,29252,11.657,1764.706,1048576,312380,17de8dca1451af83a8a90080c671a4fb82f0795160e25f33e83b4288325b8e7c,1,0
"a0347_ckscd3.raw",1,0,255,0,0,1,502.416,1770.303,2942880,2942880,0,2847448,2847448,0,29252,11.574,1758.729,1048576,312380,ce572ff8428829b6cac0956c5b4ebcf58637314a46b6c2ece03a0cc5e2f7d024,1,0
"a0348_kax7ko.raw",1,0,255,0,0,1,498.912,1777.690,2942880,2942880,0,2847448,2847448,0,29252,12.177,1765.513,1048576,312380,d6363b289844420f4411e495f8d06bea53b63889725e34719a7715b0b221e805,1,0
"a0349_ufa15g.raw",1,0,255,0,0,1,496.936,1779.894,2942888,2942880,8,2847448,2847448,0,29252,11.677,1768.217,1048576,312380,089f8fbd0112bceed7e14b399f4e451b358bed13fb6ce8f40c73f04bf8679614,1,0
"a0350_vxnkox.raw",1,0,255,0,0,1,532.695,1776.368,2942848,2942880,0,2847448,2847448,0,29252,11.601,1764.767,1048576,312380,77fe1433ead78004df1524612979d127833a2fe04af84755819bd890cb2ff2cd,1,0
"a0351_mztyty.raw",1,0,255,0,0,1,526.878,1782.528,2942848,2942880,0,2847448,2847448,0,29252,11.680,1770.848,1048576,312380,349b00d7ec234999a1f5537153515468b35041337d10ce0724c487de63602eca,1,0
"a0352_ssssf5.raw",1,0,255,0,0,1,515.702,1774.777,2942848,2942880,0,2847448,2847448,0,29252,11.656,1763.121,1048576,312380,7b8d27149ab3cc500004cd460d94c6bef57d676fb8fa5fd04b3a81cda8018100,1,0
"a0353_ekcswn.raw",1,0,255,0,0,1,532.291,1778.727,2942848,2942880,0,2847448,2847448,0,29252,11.699,1767.028,1048576,312380,2bab353e6d9ee82f7f9efa0b0e20ae13804ce1918f898acd8fe6fdfe84c34b88,1,0
"a0354_mozps1.raw",1,0,255,0,0,1,510.709,1776.547,2942848,2942880,0,2847448,2847448,0,29252,11.572,1764.975,1048576,312380,d6506f2ea02427a96a7edb2610d708c09e1b26411dead1e223131da0b50d302c,1,0
"a0355_e8krxs.raw",1,0,255,0,0,1,489.800,1776.842,2942880,2942880,0,2847448,2847448,0,29252,11.659,1765.183,1048576,312380,ded65f942a3eb375f430e28008043845734173fba6ccf31e63d4ba6a51c74c93,1,0
"a0356_hyiott.raw",1,0,255,0,0,1,499.245,1782.652,2942880,2942880,0,2847448,2847448,0,29252,12.006,1770.646,1048576,312380,1e608adcb121a9c250d9a94be704653e814afad127f28de2f9e87bdd41e6d0ee,1,0
"a0357_efrban.raw",1,0,255,0,0,1,483.513,1770.994,2943012,2943012,0,2847448,2847448,0,29252,11.610,1759.384,1048576,312380,38541da6f301df1b2b784561b831e51579bd1941e2de354af29b3c432462521d,1,0
"a0358_a6ukmk.raw",1,0,255,0,0,1,497.636,1777.289,2943012,2943012,0,2847448,2847448,0,29252,11.657,1765.632,1048576,312380,a483cd4546fceb35ae444801ac8a89dae1370547401d5a773874e587f790555e,1,0
"a0359_uy7niw.raw",1,0,255,0,0,1,486.956,1780.175,2943012,2943012,0,2847448,2847448,0,29252,11.678,1768.497,1048576,312380,12c507ee81df736ace7af40e5e80669e5899b4d6bd3ccc0af133d42b68f37466,1,0
"a0360_ya0ihl.raw",1,0,255,0,0,1,491.395,1779.040,2943012,2943012,0,2847448,2847448,0,29252,11.680,1767.360,1048576,312380,e74653629e34d5479ccf0e3175e99154903b4edbca8631194322d24871937729,1,0
"a0361_mskx0o.raw",1,0,255,0,0,1,514.374,1775.651,2942992,2943012,0,2847448,2847448,0,29252,11.644,1764.007,1048576,312380,9bd25a33c94ab0652cbc2b2003dca42a61928bfa47e5cd99f8fcd2301d501d7a,1,0
"a0362_e7v87k.raw",1,0,255,0,0,1,627.635,1777.248,2942992,2943012,0,2847448,2847448,0,29252,11.624,1765.624,1048576,312380,3067efb51490690fcbcac5c693b82ad6b59164c974c22585fe7d8767a6e121e6,1,0
"a0363_utqzrc.raw",1,0,255,0,0,1,535.532,1775.246,2942992,2943012,0,2847448,2847448,0,29252,11.657,1763.589,1048576,312380,696bad0137070ad812f8d5ab310a8c0f4ee000d44ba0d2a49c2517cae3f25647,1,0
"a0364_wtolk5.raw",1,0,255,0,0,1,534.228,1779.920,2942996,2943012,0,2847448,2847448,0,29252,11.605,1768.315,1048576,312380,7ecb6bcf8a6df95fbc11a990d9c4662b49ba2304da9d67d53fb3045ab38219a0,1,0
"a0365_brwton.raw",1,0,255,0,0,1,512.312,1775.119,2942992,2943012,0,2847448,2847448,0,29252,11.664,1763.455,1048576,312380,e7b9bfb8bf715bd9c7c09f6c49ac7b3f474e53863bd459fae35a8788f3e98501,1,0
"a0366_aszhel.raw",1,0,255,0,0,1,541.556,1776.235,2942992,2943040,0,2847448,2847448,0,29252,11.592,1764.643,1048576,312380,844dd97c256502be6c442608a3092255a68dfd50d3b32c0f9f421ed10d87e9c8,1,0
"a0367_iqzcw7.raw",1,0,255,0,0,1,523.980,1778.417,2943000,2943012,0,2847448,2847448,0,29252,11.647,1766.770,1048576,312380,9912ce4c14cb0cfc024f92b0c08c1ce76686f32d84a2fe70dd844130dbda861f,1,0
"a0368_ywq7qy.raw",1,0,255,0,0,1,573.677,1775.064,2942992,2943012,0,2847448,2847448,0,29252,11.607,1763.457,1048576,312380,5d037d7323015938d8d4a9fcff599d3df668eca6278064326d3071afa6ee5c13,1,0
"a0369_h6dlbk.raw",1,0,255,0,0,1,514.157,1771.874,2942992,2943012,0,2847448,2847448,0,29252,11.834,1760.040,1048576,312380,7c5ce73037e3de016ea1431d103d7fcb1cef8a171193f2841510627d8a070b1a,1,0
"a0370_e50gdu.raw",1,0,255,0,0,1,526.688,1777.316,2942992,2943012,0,2847448,2847448,0,29252,11.704,1765.612,1048576,312380,55b1383de7d08ddf21d6c8a42c1da668ba0a36d6999a2c71eb5b334e927d11ff,1,0
"a0371_tmswzg.raw",1,0,255,0,0,1,550.479,1776.898,2942992,2943012,0,2847448,2847448,0,29252,11.720,1765.178,1048576,312380,4b9488248e406a16f858c746b2bb30db8128ffc2fff0174228c449563e4aa0f3,1,0
"a0372_dweigx.raw",1,0,255,0,0,1,529.601,1772.686,2942992,2943012,0,2847448,2847448,0,29252,11.707,1760.979,1048576,312380,58b0d1ef9ca5f14e58f5b8c292540ef3949c91be9e9b45e2cd3b9e09b35ddbb9,1,0
"a0373_q2cyb8.raw",1,0,255,0,0,1,558.399,1777.488,2680848,2680868,0,2585304,2585304,0,29252,11.603,1765.885,1048576,312380,56a3368ecb3550fe6155f4512676a31ca56f9922a4a0ea702e4b3191d585274f,1,0
"a0374_oarx5d.raw",1,0,255,0,0,1,533.696,1774.679,2680848,2680868,0,2585304,2585304,0,29252,11.552,1763.127,1048576,312380,ddee492022ba4bd32d00fc5fcc085980d92cb95bf8f6991e014a34fdd5f8d45e,1,0
"a0375_gusroz.raw",1,0,255,0,0,1,503.691,1776.346,2680868,2680868,0,2585304,2585304,0,29252,11.651,1764.695,1048576,312380,cf663798a8c1d46cf5e56b58aa2a00a4d9eeb0702038463e035f955ca3eab0d4,1,0
"a0376_m1fxpo.raw",1,0,255,0,0,1,509.092,1777.355,2680868,2680868,0,2585304,2585304,0,29252,12.411,1764.944,1048576,312380,ff50da56168fe62586182773203ad3f9ebb47fec99ec7fbf7a9399b0c0a8620d,1,0
"a0377_ifo97c.raw",1,0,255,0,0,1,501.489,1776.960,2680868,2680868,0,2585304,2585304,0,29252,11.697,1765.263,1048576,312380,fce2a46b2170cd187074911b91b48595964d05530b0b66d22ef74e718c13d210,1,0
"a0378_fik4u6.raw",1,0,255,0,0,1,489.115,1782.673,2680868,2680868,0,2585304,2585304,0,29252,11.621,1771.052,1048576,312380,6078394d22d4e36e223cc8e83ab83daeb9d12a7a023156379411459aceec90db,1,0
"a0379_gw8z6g.raw",1,0,255,0,0,1,539.870,1778.982,2680848,2680868,0,2585304,2585304,0,29252,11.678,1767.304,1048576,312380,4ce8b1ee27b78017a8d279d9764fc369add7c5522ac3a6f40de4ba4342ea6d23,1,0
"a0380_lp7x8s.raw",1,0,255,0,0,1,621.326,1780.206,2680848,2680868,0,2585304,2585304,0,29252,11.673,1768.533,1048576,312380,d8bc7dccea81ac1354c341182f6119d63a866f25f8a960ebe438578b39c3e98a,1,0
"a0381_wio2x9.raw",1,0,255,0,0,1,856.914,1783.636,2680848,2680868,0,2585304,2585304,0,29252,12.353,1771.283,1048576,312380,8ee77fb7ca1f4a3f1486804b0b002554990cb8e6e07e897715999af00f5b4f66,1,0
"a0382_bfgu3h.raw",1,0,255,0,0,1,648.836,1782.529,2680848,2680868,0,2585304,2585304,0,29252,12.372,1770.157,1048576,312380,90f44fb7d805c9868adf7e020eac3ffe12890dbce9c05ab21bf780ee6ba681bc,1,0
"a0383_ne5pb0.raw",1,0,255,0,0,1,629.390,1781.382,2680848,2680868,0,2585304,2585304,0,29252,11.594,1769.788,1048576,312380,a658282b2fb56280c1a2bae3cefded7fbccce1552336c36f29aad4c3dd7fd9d0,1,0
"a0384_yurynn.raw",1,1,255,0,0,1,600.944,1779.756,2680712,2680736,0,2585304,2585304,0,29252,11.952,1767.804,1048576,312380,21f27c7212e43cb372e4e4831db66a2d09ec2305f06a5ed8aee9327c5e3bdedf,1,0
"a0385_k94gtl.raw",1,227,29,1,0,0,703.598,1780.125,2680716,2680736,0,2585304,2585304,0,29252,11.582,1768.543,1048576,312380,051e25bb11fb65d28fa9cb2a025bc3a7da485744c30f52110c03790f52cfe323,1,0
"a0386_zhu1uu.raw",1,1,255,0,0,1,575.598,1773.722,2680716,2680736,0,2585304,2585304,0,29252,11.574,1762.148,1048576,312380,498a2bca209ff5f9d5ed494d732356086799c2e694e9af63c684d9b8e39eef90,1,0
"a0387_eyzakq.raw",1,2,254,0,0,1,546.088,1775.781,2680716,2680736,0,2585304,2585304,0,29252,11.618,1764.163,1048576,312380,9c5ed9f3d5aee051cf6698bb691b789d9f13fe9c618370b0c732c8bd477d086a,1,0
"a0388_skrfsx.raw",1,2,254,0,0,1,517.423,1775.554,2680712,2680736,0,2585304,2585304,0,29252,11.696,1763.858,1048576,312380,800f1b88cebce91800fa0fb540e61a011df1c38f0a48b9699accf90066d8d332,1,0
"a0389_cdwqt5.raw",1,0,255,0,0,1,526.648,1773.515,2680716,2680736,0,2585304,2585304,0,29252,11.647,1761.868,1048576,312380,910d375e64fc9ccdf8d37a3fe5ec82218066817fac54027a32945fd43d2d7189,1,0
"a0390_vefwrh.raw",1,4,252,0,0,1,531.931,1776.709,2680716,2680736,0,2585304,2585304,0,29252,11.631,1765.078,1048576,312380,c174f4ad9300ce0d5f0ac3f384806b2f6d4996135b15648ea1f495ab829e759a,1,0
"a0391_ynqs8w.raw",1,98,158,0,0,1,555.461,1775.462,2680716,2680736,0,2585304,2585304,0,29252,11.638,1763.824,1048576,312380,972f291253b307b05eb6fb15017fb5a038f85efc01fdcb7a90babf5edd7f707b,1,0
"a0392_kkdykz.raw",1,1,255,0,0,1,551.754,1775.206,2680716,2680736,0,2585304,2585304,0,29252,11.677,1763.529,1048576,312380,ff2d473f38250ad009ae1885dae45779c9a0a8f2f64be38e2bbd76d93f866f7a,1,0
"a0393_adm5xz.raw",1,0,255,0,0,1,553.335,1772.772,2680716,2680736,0,2585304,2585304,0,29252,11.978,1760.794,1048576,312380,eb0ed8c998781f70b07085fb20b03fcd261cbcf12e2c6193cf5bba71d3be3ccb,1,0
"a0394_xo3wmq.raw",1,1,255,0,0,1,542.045,1775.166,2680716,2680736,0,2585304,2585304,0,29252,12.325,1762.841,1048576,312380,a40208c146ad1b144d5cc7f5292ac3c281403b78e3f962f55a3a410a58ccfd05,1,0
"a0395_elaeka.raw",1,0,255,0,0,1,541.549,1777.750,2680716,2680736,0,2585304,2585304,0,29252,11.627,1766.123,1048576,312380,e99f5f4565aa1d91d461fe5f20862d875773c7abd84a154f04ec914f79286175,1,0
"a0396_irvlsi.raw",1,0,255,0,0,1,556.979,1776.452,2680716,2680736,0,2585304,2585304,0,29252,11.604,1764.848,1048576,312380,ca490b826bdb87c07f186f63747397ed7c4c5c18ffa858739e548353ef793b04,1,0
"a0397_bavjyv.raw",1,2,254,0,0,1,526.359,1766.406,2680716,2680736,0,2585304,2585304,0,29252,11.676,1754.730,1048576,312380,3db4e25182dc95407018ebe57063094a1953b636eaa778d1cfba6184c65ab499,1,0
"a0398_qdxpcm.raw",1,0,255,0,0,1,492.844,1774.425,2680736,2680736,0,2585304,2585304,0,29252,12.437,1761.988,1048576,312380,28b1caf5d95f61dab78ed027f37f7557481c73331ac0ad27fb970a6453a96c06,1,0
"a0399_xbysfr.raw",1,0,255,0,0,1,473.214,1774.617,2680716,2680736,0,2585304,2585304,0,29252,11.690,1762.927,1048576,312380,948bd825dd3396d31d2c0f2a70526225d063f328683ae794ad10c8e57ed03b81,1,0
"a0400_tskj33.raw",1,0,255,0,0,1,485.797,1773.723,2680716,2680736,0,2585304,2585304,0,29252,11.695,1762.028,1048576,312380,3fdcf1d5882d3d04f15787f46ac9ccc1c614de0409d1244748ad2c67f09533d8,1,0
"a0401_zxpxkv.raw",1,0,255,0,0,1,505.948,1777.038,2680736,2680764,0,2585304,2585304,0,29252,11.654,1765.384,1048576,312380,660ebda2a650afca154adf135633d8cc72a5c9975d36a190e5dee78d0d049ff5,1,0
"a0402_bfbuwq.raw",1,0,255,0,0,1,511.653,1781.912,2680744,2680736,8,2585304,2585304,0,29252,11.697,1770.215,1048576,312380,3865bd0d3dec9a2fce862869865b3d15423eea4055ea53165b87ddee5821d5d6,1,0
"a0403_aj20fw.raw",1,0,255,0,0,1,517.973,1777.205,2680716,2680736,0,2585304,2585304,0,29252,11.735,1765.470,1048576,312380,f61fd938e60126fb75f1b6adb8e44ea80165db905250adb5bfff33e0c0c60b81,1,0
"a0404_pmyywf.raw",1,0,255,0,0,1,512.368,1776.563,2680716,2680736,0,2585304,2585304,0,29252,11.669,1764.894,1048576,312380,fd25ad18661bedf52ea57baa9006b790cdcd4c926f0792f53bee622470aa0a57,1,0
"a0405_z2vo4z.raw",1,0,255,0,0,1,517.594,1776.250,2680716,2680736,0,2585304,2585304,0,29252,11.695,1764.555,1048576,312380,a0b0547f5c20725ab3827b1b056e4c345497ee3595425d2ce85c0028adfda1a2,1,0
"a0406_dilr56.raw",1,0,255,0,0,1,492.505,1777.811,2680736,2680736,0,2585304,2585304,0,29252,11.710,1766.101,1048576,312380,49eca324b2ec9c0782ad421fa6b19975f340e93b753c69e20cac3ecc3d44e9b5,1,0
"a0407_n23xab.raw",1,0,255,0,0,1,489.373,1780.607,2680736,2680736,0,2585304,2585304,0,29252,11.658,1768.949,1048576,312380,cedf7b7a6a38ae257e5c6076ef43ad2d3c711b72a52fd5a36344665bf20c5ae9,1,0
"a0408_pnh30f.raw",1,0,255,0,0,1,491.265,1775.398,2680736,2680736,0,2585304,2585304,0,29252,11.618,1763.780,1048576,312380,8742d18bacbd272b677175f30dc8894a3292c28b963f0ba6c4664945ed9dca9a,1,0
"a0409_jz7fsx.raw",1,1,255,0,0,1,498.445,1777.995,2680736,2680736,0,2585304,2585304,0,29252,11.574,1766.421,1048576,312380,be73741b6b742afe6845e1259e7eaac7a29a147ca744f00dde8064026b222093,1,0
"a0410_eyyshb.raw",1,0,255,0,0,1,525.022,1780.175,2680716,2680736,0,2585304,2585304,0,29252,11.630,1768.545,1048576,312380,a26feb86d1671bed0c1e68982f3a170aa66ab09a4c2b044991c5937579b9a429,1,0
"a0411_ivfjal.raw",1,0,255,0,0,1,477.151,1777.808,2680716,2680736,0,2585304,2585304,0,29252,11.774,1766.034,1048576,312380,2cbd9c9177e133c308b63ada5421f8caa17e043b6cc07525a7233a3b374089b6,1,0
"a0412_nabmfn.raw",1,0,255,0,0,1,501.476,1777.518,2680736,2680736,0,2585304,2585304,0,29252,11.610,1765.908,1048576,312380,fd2ee6108ac8d6b9a0377b079f7b3c50819550fa0511a2e662b70947dbe2673c,1,0
"a0413_gkh0aj.raw",1,0,255,0,0,1,492.461,1773.524,2680736,2680736,0,2585304,2585304,0,29252,11.652,1761.872,1048576,312380,543338c17701536d713c9f9a70f0f61702ddd6050105325b5433f8c741400b59,1,0
"a0414_uib6fx.raw",1,0,255,0,0,1,529.147,1777.108,2680704,2680736,0,2585304,2585304,0,29252,11.708,1765.400,1048576,312380,0111ee1b5b13a52ea724b0946a732718ecf1b4ec2fd1580cd3e5e3626ee9adbe,1,0
"a0415_pmkd1b.raw",1,1,255,0,0,1,507.570,1779.084,2680704,2680736,0,2585304,2585304,0,29252,12.430,1766.654,1048576,312380,ff982d9bec914c1f4ad34daaacd1426e49668e5884135ea2782109c0fab7f855,1,0
"a0416_xleknl.raw",1,71,185,0,0,1,489.599,1771.213,2680744,2680736,8,2585304,2585304,0,29252,11.695,1759.518,1048576,312380,1ecc31ec1b6a22d9853a3bf42799f701ba8ff867cca0c37526e64c89e9e7ffb0,1,0
"a0417_eyobc6.raw",1,2,254,0,0,1,526.333,1775.749,2680704,2680736,0,2585304,2585304,0,29252,11.582,1764.167,1048576,312380,d85786e3c3f7ba0b9a796433fc1a8471b5a0cfc01ac32b1f6f79382839747103,1,0
"a0418_tcunvq.raw",1,44,212,0,0,1,525.947,1774.967,2680704,2680736,0,2585304,2585304,0,29252,11.611,1763.356,1048576,312380,37c5fd42bafac4a91cb6daabb9eb2c7aa0bbeed77945c008fd554ab78cb68be9,1,0
"a0419_kiw6cu.raw",1,0,255,0,0,1,529.126,1776.319,2680704,2680736,0,2585304,2585304,0,29252,11.587,1764.732,1048576,312380,cee1f421b4ce9c397696e53bde12095f3220e9cfa8405d183880988e7e24a259,1,0
"a0420_f5zypq.raw",1,0,255,0,0,1,517.704,1775.729,2680704,2680736,0,2585304,2585304,0,29252,11.623,1764.106,1048576,312380,b5cd4da77c501f1ff573043d770ba0753df331815715cbcc9e57123f4508c662,1,0
"a0421_btxrs5.raw",1,0,255,0,0,1,531.881,1778.769,2680704,2680736,0,2585304,2585304,0,29252,11.544,1767.225,1048576,312380,f9bc3d4bf1956f4d8a1e26c06fd4caceba86c8ae5ba1c3e618dd1112937821b4,1,0
"a0422_k7og1c.raw",1,0,255,0,0,1,544.511,1778.975,2680704,2680736,0,2585304,2585304,0,29252,11.630,1767.345,1048576,312380,ab909b66953a2bc9ecf2dbec36e1ac4d73fb2b8a575cef97313bfaf5b019d3db,1,0
"a0423_q0gp9y.raw",1,1,255,0,0,1,514.562,1781.782,2680704,2680736,0,2585304,2585304,0,29252,11.652,1770.130,1048576,312380,35f3ea05760b36edb9bd7d18745dcc9982b29ec32e3f70a3efb40d1171748874,1,0
"a0424_iqpyaf.raw",1,0,255,0,0,1,513.720,1776.723,2680712,2680736,0,2585304,2585304,0,29252,11.569,1765.154,1048576,312380,0911a391791711cdaaff94e03295e5f5d6afa56ce20276fe8cd74070b447b476,1,0
"a0425_njco0n.raw",1,0,255,0,0,1,489.787,1776.848,2680736,2680736,0,2585304,2585304,0,29252,11.704,1765.144,1048576,312380,9945a3715ad46264752169ca81deea11d099353e9012f2a5139a0b7c3c58b791,1,0
"a0426_cxdnij.raw",1,0,255,0,0,1,523.477,1776.278,2680704,2680736,0,2585304,2585304,0,29252,11.591,1764.687,1048576,312380,100e54acebceb23ad23c8a6675ae75172a9082cd7265e062286e873dd0bd2a4e,1,0
"a0427_rag1kt.raw",1,0,255,0,0,1,484.432,1770.197,2680704,2680736,0,2585304,2585304,0,29252,11.899,1758.298,1048576,312380,70f8cf61bbf99c7cdda78f945d973a9d998ab0d1a9918d340271edaac3674a5a,1,0
"a0428_njrrll.raw",1,0,255,0,0,1,804.725,1773.767,2680704,2680736,0,2585304,2585304,0,29252,11.653,1762.114,1048576,312380,1fb46d7e4170ee729093941a0a589db260687a8aa86462456bb750fec65889ab,1,0
"a0429_aecy13.raw",1,0,255,0,0,1,1975.252,1774.551,2680704,2680736,0,2585304,2585304,0,29252,11.545,1763.006,1048576,312380,4b66b6ba067f539f44d17c82e988a29b2ebaf8c0d30f2216b1b188ccae59631f,1,0
"a0430_z635ag.raw",1,0,255,0,0,1,495.013,1774.846,2680736,2680736,0,2585304,2585304,0,29252,11.669,1763.177,1048576,312380,04fbc064ddf801b1d8e47f2bbb274b1632a8035ad0da6f8dc9dc019d4843b274,1,0
"a0431_gkfosz.raw",1,0,255,0,0,1,490.292,1771.889,2680736,2680736,0,2585304,2585304,0,29252,11.651,1760.238,1048576,312380,1f4579ceea9747a0c33e3f8b85afef9013332695a07018866c72e40d64f62e54,1,0
"a0432_tivk7v.raw",1,0,255,0,0,1,512.006,1777.328,2680704,2680736,0,2585304,2585304,0,29252,11.608,1765.720,1048576,312380,2518c3062d04347fae4a026a63a3723f67a3542c1ec61a4b258c7e54cff031e2,1,0
"a0433_ncbqdq.raw",1,0,255,0,0,1,489.458,1772.220,2680736,2680736,0,2585304,2585304,0,29252,11.628,1760.592,1048576,312380,de94d41f658f9eb16eb47495c956be4c7f61ed722156e536f0d385982842481e,1,0
"a0434_ep6no7.raw",1,191,65,1,0,0,507.188,1777.618,2680736,2680736,0,2585304,2585304,0,29252,12.636,1764.982,1048576,312380,fd2d871a518bb811df4c2aa612d5660f2e40bb8b7b02a5456a1183851c4eae8e,1,0
"a0435_dpxauv.raw",1,0,255,0,0,1,485.262,1769.720,2680736,2680736,0,2585304,2585304,0,29252,11.608,1758.112,1048576,312380,bfbe29ae43000d0c5fe25883da8b3443f28cba73171f86e63c383a3246a67cd3,1,0
"a0436_pga3xo.raw",1,1,255,0,0,1,539.756,1780.940,2680704,2680764,0,2585304,2585304,0,29252,11.630,1769.310,1048576,312380,8bfe8274215bd87887ad6c9b55fbe99ce28ce6faa86ef6d79f7bfd96dcc05306,1,0
"a0437_btzm2d.raw",1,0,255,0,0,1,518.854,1775.025,2680724,2680736,0,2585304,2585304,0,29252,11.661,1763.364,1048576,312380,eb229f90f9c6c71d42449885bd19b265d86fff326d183c289fb7b1bddcdc7754,1,0
"a0438_opm3it.raw",1,0,255,0,0,1,510.722,1778.630,2680704,2680736,0,2585304,2585304,0,29252,11.669,1766.961,1048576,312380,0021fb2a18c160019dc29e6d8f2ce800b5c218d3fad5e7b52c7008ebeb2d29b1,1,0
"a0439_cd87fj.raw",1,1,255,0,0,1,516.028,1772.592,2680704,2680736,0,2585304,2585304,0,29252,11.650,1760.942,1048576,312380,ee70dc4053630b6242b740c60eabaab8e6490b015a09074a5c39a66425388192,1,0
"a0440_acyc6p.raw",1,0,255,0,0,1,817.633,1779.367,2680704,2680736,0,2585304,2585304,0,29252,11.595,1767.772,1048576,312380,22110bc28ab3e2703949ef36b7429d463086101c9f5cee244d3c7cbe67f706dc,1,0
"a0441_ytxgcy.raw",1,0,255,0,0,1,493.026,1778.409,2680736,2680736,0,2585304,2585304,0,29252,11.726,1766.683,1048576,312380,2f9e2ce9e538db89f167e8a9d2c1667780cb420cf5ac5b83264ec24522cd08d1,1,0
"a0442_xspmhr.raw",1,0,255,0,0,1,517.583,1781.176,2680716,2680736,0,2585304,2585304,0,29252,11.760,1769.416,1048576,312380,29e0a658c4f6e5b700d2874beae18ab5f3f766d8a2124e45f43e955851a6df2a,1,0
"a0443_cdcvwu.raw",1,0,255,0,0,1,495.609,1777.309,2680736,2680736,0,2585304,2585304,0,29252,11.680,1765.629,1048576,312380,07c3497f7b25cf1abdaaa59a2f5fa91ccd5490b40bdd4486c1c93fd8cbabd85e,1,0
"a0444_j6y02a.raw",1,0,255,0,0,1,534.233,1780.476,2680716,2680736,0,2585304,2585304,0,29252,11.719,1768.757,1048576,312380,2a4f654880b87943df8dccae6f4c9bf0203813bdccf749e1ba5da42e3b54b71c,1,0
"a0445_aibcf1.raw",1,0,255,0,0,1,630.320,1777.059,2680716,2680736,0,2585304,2585304,0,29252,11.663,1765.396,1048576,312380,4633c4ba52976189a50b44675312f2790755a89e591a844875463ea2dcea4436,1,0
"a0446_ciqbyy.raw",1,0,255,0,0,1,527.348,1774.157,2680716,2680736,0,2585304,2585304,0,29252,11.612,1762.545,1048576,312380,c6345fd71a2028acdde5040b7501f7b14170bfb370cf58fc762451338d3ec269,1,0
"a0447_mt29xi.raw",1,0,255,0,0,1,488.784,1776.065,2680736,2680736,0,2585304,2585304,0,29252,11.657,1764.408,1048576,312380,052191419b88033ce1d1c8d213dd5776c0882313780afeeeea6d6719372ec6dc,1,0
"a0448_pqutrh.raw",1,0,255,0,0,1,515.367,1778.421,2680716,2680736,0,2585304,2585304,0,29252,11.714,1766.707,1048576,312380,89d8ef3bb3da03440c12308f5c17e6a80e8d3c633e2aec45ad2a8351b17036f2,1,0
"a0449_wtugor.raw",1,0,255,0,0,1,500.236,1771.784,2680736,2680736,0,2585304,2585304,0,29252,11.738,1760.046,1048576,312380,eaf6ed11e120a7d46ae71cfcb6ff88f3e8adea8a10c14ae8893ecf6a8f94f075,1,0
"a0450_us5s4a.raw",1,0,255,0,0,1,503.230,1779.482,2680736,2680736,0,2585304,2585304,0,29252,11.663,1767.819,1048576,312380,ff47bbdebb652967bb7c5d91317321349c1fa07183b31930acfc9a3c879a24a3,1,0
"a0451_jblp9q.raw",1,0,255,0,0,1,495.978,1774.952,2680736,2680736,0,2585304,2585304,0,29252,11.680,1763.272,1048576,312380,e0f1dff2781db1246b48f3c8112b180a134770a9975f49af6832dbbd95ccfcc4,1,0
"a0452_dgfibu.raw",1,0,255,0,0,1,505.466,1777.957,2680736,2680736,0,2585304,2585304,0,29252,12.420,1765.537,1048576,312380,647fc44de2986ace32f8824c5a733828fbd0d614aa15123ef19aa7b6ab3dad61,1,0
"a0453_ssx81x.raw",1,0,255,0,0,1,530.189,1777.823,2680716,2680736,0,2585304,2585304,0,29252,11.632,1766.191,1048576,312380,865182fd3b9226365146511c355fd3a2f6f11c428e974b83a7e0d39a0bed7397,1,0
"a0454_fihwzz.raw",1,0,255,0,0,1,537.367,1776.388,2680716,2680736,0,2585304,2585304,0,29252,11.624,1764.764,1048576,312380,fe9859f81ce303029f8ec67183c7f457558c42756f4119c8e395b3ca22f98180,1,0
"a0455_f1v08x.raw",1,0,255,0,0,1,496.787,1779.492,2680736,2680736,0,2585304,2585304,0,29252,11.872,1767.620,1048576,312380,68a47616fbd07b1e55860be8c2d354d7b02ac714290903646669ffd1a88667ea,1,0
"a0456_jbbytw.raw",1,0,255,0,0,1,517.789,1776.828,2680716,2680736,0,2585304,2585304,0,29252,11.766,1765.062,1048576,312380,8d99d936942899141cfe9a33b51b93be557f1fb77461aa64dc0a5b0d6e1b16c5,1,0
"a0457_rvidg3.raw",1,0,255,0,0,1,518.175,1776.780,2680716,2680736,0,2585304,2585304,0,29252,11.569,1765.211,1048576,312380,16a9e401372f337de313b8f60a7d70888bae7ee904ec213589fb65cf2ef6b38f,1,0
"a0458_ncuapq.raw",1,0,255,0,0,1,848.980,1776.821,2680716,2680736,0,2585304,2585304,0,29252,11.909,1764.912,1048576,312380,9424beeade5def0eff965b08fc995099157930eecd23190837d21b1c4ac55214,1,0
"a0459_n0bre1.raw",1,0,255,0,0,1,596.074,1771.973,2680716,2680736,0,2585304,2585304,0,29252,11.675,1760.298,1048576,312380,c18102d89b027e2d9239d756a1c4996b8aee16abcbd141d149e25e42b8379b96,1,0
"a0460_vnexx0.raw",1,0,255,0,0,1,486.906,1775.942,2680716,2680736,0,2585304,2585304,0,29252,11.954,1763.988,1048576,312380,2191f31c4ad51e30112f03a3b4931adc66654a1da494783bcf1ef8129d3bf7d2,1,0
"a0461_iapxlr.raw",1,0,255,0,0,1,478.960,1780.204,2680716,2680736,0,2585304,2585304,0,29252,11.852,1768.352,1048576,312380,8739ab2e2550629a9ff454c438208681ca1df441708e7d91d2c83b9b91b29b48,1,0
"a0462_h8twiu.raw",1,0,255,0,0,1,507.190,1773.776,2680736,2680736,0,2585304,2585304,0,29252,11.660,1762.116,1048576,312380,c90f7c5cb62a9b7e859d570ba9f5a83b3c317e060f332a62fba732ad4949e802,1,0
"a0463_mhfiyh.raw",1,0,255,0,0,1,503.489,1774.886,2680736,2680736,0,2585304,2585304,0,29252,11.650,1763.236,1048576,312380,0671b41415d7cabafad7edacd48d43841b8be86793876b00492e947e3d3f3fb6,1,0
"a0464_x53o1v.raw",1,0,255,0,0,1,517.165,1775.285,2680712,2680736,0,2585304,2585304,0,29252,11.576,1763.709,1048576,312380,b0058f7bc9613959d71a6ff93d53cb22f82c4f745458ed9f928d3ae24ba26281,1,0
"a0465_ec97ce.raw",1,0,255,0,0,1,530.188,1780.139,2680716,2680736,0,2585304,2585304,0,29252,11.696,1768.443,1048576,312380,1744f224aa499f5fd0d2f731742ea3329c25fcbd4b6837d7b5792a14c3a397fb,1,0
"a0466_txwy5x.raw",1,0,255,0,0,1,572.723,1771.979,2680716,2680736,0,2585304,2585304,0,29252,11.712,1760.267,1048576,312380,b06ee4f1ff8674d125d49e4c32eacf51251f14ba8b70365bd7f2578b565c26f5,1,0
"a0467_wcwcy1.raw",1,0,255,0,0,1,534.984,1776.896,2680716,2680736,0,2585304,2585304,0,29252,11.688,1765.208,1048576,312380,ab9eee1de7b04d7f0d184d92c8ae12b295b407e177276447059620bb6b9edaf2,1,0
"a0468_bvpuar.raw",1,0,255,0,0,1,549.916,1781.432,2680716,2680736,0,2585304,2585304,0,29252,11.892,1769.540,1048576,312380,6903f811825c206dd9402e924eed48e5be7e8107a2beaa6837a1ad3e83859027,1,0
"a0469_iginmo.raw",1,1,255,0,0,1,495.968,1777.798,2680736,2680736,0,2585304,2585304,0,29252,11.719,1766.079,1048576,312380,8a179374012ec3dfb4b80aaaf22ae86c072385deff679b4c033188c1e495b830,1,0
"a0470_dgvbr5.raw",1,0,255,0,0,1,515.005,1778.895,2680716,2680736,0,2585304,2585304,0,29252,11.656,1767.239,1048576,312380,3c5f30ddd7193b0fc01d503bd75efb8dda93760811acd8d13cbd9c36c05a50e2,1,0
"a0471_tymfzy.raw",1,0,255,0,0,1,488.030,1773.947,2680736,2680736,0,2585304,2585304,0,29252,11.663,1762.284,1048576,312380,c3346dd904a10c77b8a021919630c64beedda511179f185c8ffd7a89d9ac2103,1,0
"a0472_qovckd.raw",1,0,255,0,0,1,494.283,1777.560,2680736,2680736,0,2585304,2585304,0,29252,11.711,1765.849,1048576,312380,a7dab8876048b8ac409a229002f2509e83a187160fbb89e532da2eb00d4c69c6,1,0
"a0473_t1qzgj.raw",1,0,255,0,0,1,497.995,1779.306,2680736,2680736,0,2585304,2585304,0,29252,11.714,1767.592,1048576,312380,220236267c0da126c98238a0ba245086cf92b754f2f3b259a0d68466f5d97740,1,0
"a0474_f1fjub.raw",1,0,255,0,0,1,503.027,1779.125,2680736,2680736,0,2585304,2585304,0,29252,11.656,1767.469,1048576,312380,7687d868ff0e96bc0c1a76b1d613738e016f251118043466bc9fcdc220181374,1,0
"a0475_x17tls.raw",1,0,255,0,0,1,485.383,1777.145,2680704,2680736,0,2585304,2585304,0,29252,12.105,1765.040,1048576,312380,d61c4ea088366601ed00ff7483a069d75612c326fbb5e9e0883601f2f5cfd432,1,0
"a0476_drui7y.raw",1,0,255,0,0,1,511.522,1777.792,2680704,2680736,0,2585304,2585304,0,29252,11.733,1766.059,1048576,312380,9acf2202cd44023e13c483d7b966d2a526b0fd47258d91f3cd06e424a6b53dd7,1,0
"a0477_xehlxc.raw",1,5,251,0,0,1,530.254,1775.647,2680704,2680736,0,2585304,2585304,0,29252,11.684,1763.963,1048576,312380,d7c2b2888a1f6dcccc103958971149de7569ec01a77c656c09b48e30efecbd5d,1,0
"a0478_pq1mjn.raw",1,0,255,0,0,1,512.767,1778.022,2680704,2680736,0,2585304,2585304,0,29252,11.710,1766.312,1048576,312380,6190d4071586058bdebfd7345d832f8f8ab4998e417501bac800a7eb42686f5e,1,0
"a0479_utpr3r.raw",1,0,255,0,0,1,513.657,1778.251,2680716,2680736,0,2585304,2585304,0,29252,11.677,1766.574,1048576,312380,3cbcf9e24cde08c25e21227e4c6bafecbcd0ad7fb487ef87c8eddcf0a50c56c3,1,0
"a0480_nluqsp.raw",1,1,255,0,0,1,486.595,1775.680,2680704,2680736,0,2585304,2585304,0,29252,11.685,1763.995,1048576,312380,15ad49e3d5caa8518656fb300debacc9eb5637bb6981b797225415322ffc5773,1,0
"a0481_d6enwf.raw",1,0,255,0,0,1,521.294,1779.321,2680848,2680868,0,2585304,2585304,0,29252,11.595,1767.726,1048576,312380,31e81a8438586aa54475ae2a111da8122a23dd703728bdd4f1891060476cf7dc,1,0
"a0482_ilzi6s.raw",1,0,255,0,0,1,502.515,1767.759,2680868,2680868,0,2585304,2585304,0,29252,11.751,1756.008,1048576,312380,e3b46400590a47601749ae3b21534a1a2a9ca8de20215015adc057c0902a3523,1,0
"a0483_y7mohq.raw",1,0,255,0,0,1,483.791,1770.838,2680848,2680868,0,2585304,2585304,0,29252,11.813,1759.025,1048576,312380,824eb0134c1688032ed7f4f996e1ebc0fb49b40af28a695f1f1e806e5906e2cd,1,0
"a0484_ef6jfj.raw",1,0,255,0,0,1,478.347,1770.383,2680848,2680868,0,2585304,2585304,0,29252,11.836,1758.547,1048576,312380,25a93e45a4fa82d57cef65d1623621789b83f18c569b5915b2be4ba25f1adb45,1,0
"a0485_i4zqb5.raw",1,0,255,0,0,1,495.417,1776.944,2680868,2680852,16,2585304,2585304,0,29252,11.708,1765.236,1048576,312380,f5fd920420c8a1a856872ad100d7d5684857a4c0ffe9798cd2949c2800b93ab7,1,0
"a0486_y3nchs.raw",1,0,255,0,0,1,485.273,1779.221,2680848,2680868,0,2585304,2585304,0,29252,11.786,1767.435,1048576,312380,b70923b29039d43ae826117378b34f1c77dab47860eaa0d311b7d036ae38fa99,1,0
"a0487_rsqfdb.raw",1,0,255,0,0,1,518.141,1779.403,2680848,2680868,0,2585304,2585304,0,29252,11.557,1767.846,1048576,312380,d1e823f7be596e9d0dd7a5817d93ec9fa7f20f7b2ed5500dcbee3ed2c21969d4,1,0
"a0488_cmhvem.raw",1,0,255,0,0,1,560.321,1773.595,2680848,2680868,0,2585304,2585304,0,29252,11.610,1761.985,1048576,312380,7a2eb97d71ee7f0a8593359958d8d2ccbe1a0555a1179e3098ffb0ced8efc0cf,1,0
"a0489_qjhusp.raw",1,0,255,0,0,1,551.315,1779.208,2680848,2680868,0,2585304,2585304,0,29252,11.583,1767.625,1048576,312380,8d6f4c21cce4eb079802874b56bb13433bdf7f1f7e7377ca21cd56f9c70cdfd6,1,0
"a0490_rrkrzr.raw",1,0,255,0,0,1,530.949,1778.577,2680848,2680868,0,2585304,2585304,0,29252,11.592,1766.985,1048576,312380,6b05a623b690ebaa4d5683d784fe51b0c1bdc982a3c6f85e1bcf1faef7168338,1,0
"a0491_mdyrqw.raw",1,0,255,0,0,1,521.971,1775.904,2680848,2680868,0,2585304,2585304,0,29252,11.598,1764.306,1048576,312380,c5c4fcd61a8e6a9b28b10fb47590b81879de414dd8380adc778401c1b074c487,1,0
"a0492_odjwal.raw",1,0,255,0,0,1,539.183,1779.472,2680848,2680868,0,2585304,2585304,0,29252,11.854,1767.618,1048576,312380,8e49bcf4b42635e07c5630af1b532b9ccaae15000ef74622212a52dcc23962a8,1,0
"a0493_qlzfzy.raw",1,0,255,0,0,1,536.584,1780.224,2680848,2680868,0,2585304,2585304,0,29252,12.346,1767.878,1048576,312380,805ae572432ec883f7c87a8084cd430f4afe458c59a34bfd6f170d88f7a3753f,1,0
"a0494_itdnei.raw",1,0,255,0,0,1,522.076,1782.407,2680848,2680868,0,2585304,2585304,0,29252,12.313,1770.094,1048576,312380,9bd4eb5415c9ab60c69c6a777d3cc124ee8f285efffa2e706a43a18b56f48f73,1,0
"a0495_yv6xrp.raw",1,0,255,0,0,1,527.760,1776.293,2680848,2680868,0,2585304,2585304,0,29252,11.608,1764.685,1048576,312380,1e11be90d0b95f57ef9d3a324e4a4fa8441ac5801a43a1a346aa23ed13179011,1,0
"a0496_ajmtaz.raw",1,0,255,0,0,1,527.320,1774.984,2680848,2680868,0,2585304,2585304,0,29252,11.632,1763.352,1048576,312380,42f75e514248665a5241c9864a7d92024a1aa53ad2649f467eb662dc37b2fa99,1,0
"a0497_ddab9f.raw",1,0,255,0,0,1,532.283,1781.260,2680848,2680868,0,2585304,2585304,0,29252,11.678,1769.582,1048576,312380,cbf72dc46a328362aaa22f74065290412cec5b01b6dbf65b8305fc9ed7d820c0,1,0
"a0498_we22f9.raw",1,1,255,0,0,1,507.546,1781.218,2680848,2680868,0,2585304,2585304,0,29252,12.671,1768.547,1048576,312380,e9732e61866d77624b91e14789bbecee83bce6d949471190aa90e142bcee6342,1,0
"a0499_rwv63j.raw",1,0,255,0,0,1,517.349,1779.824,2680848,2680868,0,2585304,2585304,0,29252,12.032,1767.792,1048576,312380,fd71d26171379666540d8c530cdd262f891caf8e268aef923035528870a8af47,1,0
"a0500_wnfhhn.raw",1,1,255,0,0,1,511.202,1781.484,2680868,2680868,0,2585304,2585304,0,29252,11.697,1769.787,1048576,312380,409099f3fd4bf1f4f0754cfb240a5bd5eb5c1d8629c5733e5f529085b5f64820,1,0
"a0501_vdeng8.raw",1,0,255,0,0,1,1891.795,1778.382,2680856,2680868,0,2585304,2585304,0,29252,11.604,1766.778,1048576,312380,e3a87c26795b9582c3e6507dcffcaed6452ba4aee87c6d9d70ccc1299c99004c,1,0
"a0502_l1nrsi.raw",1,0,255,0,0,1,525.904,1776.264,2680848,2680868,0,2585304,2585304,0,29252,11.642,1764.622,1048576,312380,c189ccd452927b0bfecbeceea192f73658f29db44d05228653d4c41624848852,1,0
"a0503_yciwk7.raw",1,0,255,0,0,1,500.662,1777.519,2680868,2680868,0,2585304,2585304,0,29252,12.002,1765.517,1048576,312380,cb85cfc47e6012c3ba0874d42869858657e582997b181824e343acffc292b5fa,1,0
"a0504_t5yaii.raw",1,0,255,0,0,1,494.006,1781.191,2680868,2680868,0,2585304,2585304,0,29252,11.728,1769.463,1048576,312380,ef00ca82062f3d550aa81fb3a2e107c94d7efdbfa913c226d7ec0159c7d45ccc,1,0
"a0505_ntf7d7.raw",1,0,255,0,0,1,512.212,1772.493,2680848,2680868,0,2585304,2585304,0,29252,11.625,1760.868,1048576,312380,4654eed535d4142df5af4dcfec476551e2c5a11064f5353d941b8cca8b0589f6,1,0
"a0506_lvoq8i.raw",1,1,255,0,0,1,482.828,1786.026,2680848,2680868,0,2585304,2585304,0,29252,12.537,1773.489,1048576,312380,08a6fb7c71ddc35c15238ca675b396b95dd81ef8f018e385f5713fffb64a31bd,1,0
"a0507_wxvyq0.raw",1,0,255,0,0,1,500.814,1782.168,2680868,2680868,0,2585304,2585304,0,29252,11.656,1770.512,1048576,312380,420b47ae46de24c8825125cf43faa433c16d240b74cfecc98748cfadaec15d4d,1,0
"a0508_hhrsyn.raw",1,0,255,0,0,1,517.298,1775.919,2680716,2680736,0,2585304,2585304,0,29252,11.634,1764.285,1048576,312380,014c384356189a1aeeadb997a5f600b72fb952899b6089cb2e1f4dc3b8bb4465,1,0
"a0509_dcjswu.raw",1,0,255,0,0,1,475.737,1775.176,2680716,2680736,0,2585304,2585304,0,29252,11.558,1763.618,1048576,312380,3aa1b74ee99b796231301fab763fb894b7ab0f74781a8f0e9bc8bea360e85e12,1,0
"a0510_cmenkd.raw",1,24,232,0,0,1,510.162,1773.775,2680736,2680736,0,2585304,2585304,0,29252,11.591,1762.184,1048576,312380,c3e852bb0687ce9e4a43b99d36b6b3f2a0e6cc2a75b3b98965c4995939ec8a27,1,0
"a0511_scur8z.raw",1,0,255,0,0,1,517.785,1775.278,2680716,2680736,0,2585304,2585304,0,29252,12.302,1762.976,1048576,312380,97eecef8bf68ec3e532116a09b2ce4ecec0f408866efb8a2269a003fdafbe53e,1,0
"a0512_w9c2sj.raw",1,0,255,0,0,1,499.830,1771.562,2680736,2680736,0,2585304,2585304,0,29252,11.738,1759.824,1048576,312380,d1f0fe1197e83a86bbe9236289f00e37dd6411de252d030453483b12aa335159,1,0
"a0513_xqp4r5.raw",1,0,255,0,0,1,528.300,1773.924,2680716,2680736,0,2585304,2585304,0,29252,11.695,1762.229,1048576,312380,03033e0a7ab9a75f772b9e7ac5f8d31e3ce0f8f0e9958fe9ab1dd8e6fb3e2ec7,1,0
"a0514_sbdvnj.raw",1,0,255,0,0,1,509.353,1767.140,2680736,2680736,0,2585304,2585304,0,29252,11.744,1755.396,1048576,312380,48a603dabc93b0ced16f606dd98b675f44c8048342a92aab2fc8105319d2651b,1,0
"a0515_as3vgi.raw",1,4,252,0,0,1,491.148,1769.403,2680736,2680736,0,2585304,2585304,0,29252,11.606,1757.797,1048576,312380,97aa44c346c5b64d1fd748d2a2b65e2c0f717ad2d7145ba72d0526eecb811e9a,1,0
"a0516_nck4nk.raw",1,0,255,0,0,1,485.386,1768.794,2680716,2680736,0,2585304,2585304,0,29252,11.788,1757.006,1048576,312380,681600caf154312ca1e3884be49ca4940f3b0f79a90fb2caa7cc9716c2f57fa6,1,0
"a0517_wdvfet.raw",1,0,255,0,0,1,489.603,1771.717,2680736,2680736,0,2585304,2585304,0,29252,11.646,1760.071,1048576,312380,ee42d8fab9d8240b05c63d7534b45f1057c64cbe3df3db9272c1d38fc2b552af,1,0
"a0518_axs6q3.raw",1,0,255,0,0,1,502.746,1769.531,2680736,2680736,0,2585304,2585304,0,29252,11.893,1757.638,1048576,312380,13b62f7cca398b3377a51dbb9bd9081d23b90eece3138d8dd101227a6c6d64ac,1,0
"a0519_mne2yx.raw",1,0,255,0,0,1,485.097,1773.261,2680716,2680736,0,2585304,2585304,0,29252,11.814,1761.447,1048576,312380,21c1c90616cfe3ef84133c72086963930cdd9e78d8789a76856e788e71167b20,1,0
"a0520_xnp6dj.raw",1,0,255,0,0,1,480.843,1772.533,2680716,2680736,0,2585304,2585304,0,29252,12.087,1760.446,1048576,312380,8d107f4a146cfec74049e9ca336a25bdfcb13fe6cef1420cf18147446ff509c6,1,0
"a0521_hnvoqg.raw",1,0,255,0,0,1,501.437,1767.674,2680736,2680736,0,2585304,2585304,0,29252,11.655,1756.019,1048576,312380,7327776ca8309e5b2d0cd9c74ea50154a1954724623a3af8e077dfcdf3074c9f,1,0
"a0522_ksetdo.raw",1,0,255,0,0,1,527.602,1770.108,2680716,2680736,0,2585304,2585304,0,29252,11.620,1758.488,1048576,312380,97704f3de60453291be7b7bf6ab52a7d29535ff17b9294fab9898f2ad0befe95,1,0
"a0523_fzkjoj.raw",1,0,255,0,0,1,549.097,1769.282,2680716,2680736,0,2585304,2585304,0,29252,11.690,1757.592,1048576,312380,9b2d23641761dc5bccca2734e0a1829ec9cd4c8f71890cf75b276739939ab5cb,1,0
"a0524_ctltpm.raw",1,0,255,0,0,1,533.783,1763.543,2680716,2680736,0,2585304,2585304,0,29252,11.605,1751.938,1048576,312380,110d6974f351d36eab52bf5774b289769d6837916ec67db90150497310263527,1,0
"a0525_fquagl.raw",1,0,255,0,0,1,530.311,1770.458,2680716,2680736,0,2585304,2585304,0,29252,11.668,1758.790,1048576,312380,11129b48422c71c39f3faac5ab6e2811afa35ff4f54e96499ff9813b93724c4a,1,0
"a0526_w6ivtw.raw",1,0,255,0,0,1,505.337,1773.539,2680736,2680736,0,2585304,2585304,0,29252,11.636,1761.903,1048576,312380,14d5c86148ac0fc5e599f6232e936d6b7b704c00c52c17987e5130a835783fc8,1,0
"a0527_sqlxhv.raw",1,0,255,0,0,1,523.520,1775.858,2680716,2680736,0,2585304,2585304,0,29252,11.645,1764.213,1048576,312380,12d029dcceb5267af9dfd2fb4fe8b69beec682a4656a55ec2c0c97168241d815,1,0
"a0528_bt4vm3.raw",1,0,255,0,0,1,517.917,1774.398,2680716,2680736,0,2585304,2585304,0,29252,11.727,1762.671,1048576,312380,ec6f8e1337177567332ccf520669a6046012c8644ce3b7fc50538cce30e911de,1,0
"a0529_rrgdnq.raw",1,0,255,0,0,1,564.818,1774.135,2680716,2680736,0,2585304,2585304,0,29252,11.635,1762.500,1048576,312380,9de3ca993917b718eae53d9eb319b9180812d6fda9bfba639b654c14a2cb1ba1,1,0
"a0530_s0ul7h.raw",1,0,255,0,0,1,554.109,1771.647,2680716,2680736,0,2585304,2585304,0,29252,11.697,1759.950,1048576,312380,f72069039e81945e98a49941e684741944c721063f8b0ba9c698e65d54e0533f,1,0
"a0531_jh6xfy.raw",1,0,255,0,0,1,541.569,1767.647,2680716,2680736,0,2585304,2585304,0,29252,11.696,1755.951,1048576,312380,532e0818dcc0eb89b2e897b6088d70dc6842aa72a3e0c22d2308ac183ca16154,1,0
"a0532_hq1ucu.raw",1,0,255,0,0,1,539.569,1765.813,2680716,2680736,0,2585304,2585304,0,29252,11.607,1754.206,1048576,312380,9a4574dc0e4ddd4971f0efb99e67395c690e1bbef3de21d40a93552a06b1a6c8,1,0
"a0533_cw1dlm.raw",1,0,255,0,0,1,559.386,1773.755,2680716,2680736,0,2585304,2585304,0,29252,11.705,1762.050,1048576,312380,cffa043fc2a02ae56f19859d7463be02127e4e0195e66e8a92719aec068cb400,1,0
"a0534_ra8j3s.raw",1,0,255,0,0,1,602.171,1775.564,2680716,2680736,0,2585304,2585304,0,29252,11.624,1763.940,1048576,312380,f06035c66afa928648b54ab69efe683d98e4af8a3220613f6e576f6f121ccb5c,1,0
"a0535_spf3f7.raw",1,0,255,0,0,1,535.744,1772.909,2680716,2680736,0,2585304,2585304,0,29252,11.670,1761.239,1048576,312380,039c94b7bebf0cea3cead5da0f82379165a7e16126a6039f815efcbbcc10cdef,1,0
"a0536_mkjxcx.raw",1,0,255,0,0,1,532.160,1766.645,2680716,2680736,0,2585304,2585304,0,29252,11.724,1754.921,1048576,312380,1477c37cbe49e0f03bda65d414b4fb843f3dff5c11a3122139c5c8f234b6a6d2,1,0
"a0537_l1h8tc.raw",1,0,255,0,0,1,508.201,1767.075,2680736,2680736,0,2585304,2585304,0,29252,11.611,1755.464,1048576,312380,bf730bffbc2fa033812c2d1b41877917b201f1fb191286418eb768a5cd2e0d09,1,0
"a0538_adfb5b.raw",1,0,255,0,0,1,521.056,1772.589,2680704,2680736,0,2585304,2585304,0,29252,11.653,1760.936,1048576,312380,74fb65d180f8a43febe4e49b5b3395b5fa0de86b7813ce26e484f963cac0b607,1,0
"a0539_a1vvau.raw",1,0,255,0,0,1,526.001,1769.131,2680704,2680736,0,2585304,2585304,0,29252,11.643,1757.488,1048576,312380,4ffecf1cb4c8edf4e84804d0bb0d97963439888cec1cc07c09f77a8807478541,1,0
"a0540_wwrhlt.raw",1,0,255,0,0,1,503.397,1770.740,2680736,2680736,0,2585304,2585304,0,29252,12.340,1758.400,1048576,312380,d9ea18c98a4d45bc78f07a13b867900f90d8a80d0b7e2742121b5bff343fe423,1,0
"a0541_rasb78.raw",1,0,255,0,0,1,488.606,1770.255,2680736,2680736,0,2585304,2585304,0,29252,11.733,1758.522,1048576,312380,0f22922ba58bd7ab9b9c5b8f072fa363b92397c4e71c54f7f66a1a13498aeafb,1,0
"a0542_wu5des.raw",1,0,255,0,0,1,518.046,1768.785,2680704,2680736,0,2585304,2585304,0,29252,11.756,1757.029,1048576,312380,ee7d75633ec7cd24f128bccebe014bda791016b9e698fee926b23bd16fe336f8,1,0
"a0543_fojjsl.raw",1,0,255,0,0,1,473.075,1767.102,2680704,2680736,0,2585304,2585304,0,29252,11.674,1755.428,1048576,312380,3268e012d9f1490e1840f9bf7010f200b7b7c9bde7b8b0d4de88892ec5d0ffbc,1,0
"a0544_d9bjli.raw",1,0,255,0,0,1,535.709,1769.141,2680704,2680736,0,2585304,2585304,0,29252,11.631,1757.510,1048576,312380,42085c364ea94f1cd6dfcd3b665fb9cfea081cd65e8297885649d15521c029d0,1,0
"a0545_j6zdji.raw",1,0,255,0,0,1,545.787,1771.945,2680704,2680736,0,2585304,2585304,0,29252,12.613,1759.332,1048576,312380,2b14dd2c2bb884e0d22475d18707c2aab042e3288224846213b4364c4f29be51,1,0
"a0546_yxoqjg.raw",1,0,255,0,0,1,512.313,1769.753,2680736,2680736,0,2585304,2585304,0,29252,11.738,1758.015,1048576,312380,36bb0f4ba42107db65913f2733129032b1452915a95806a3c2d591e95c3ca11a,1,0
"a0547_pinzq9.raw",1,0,255,0,0,1,522.934,1761.711,2680704,2680736,0,2585304,2585304,0,29252,11.675,1750.036,1048576,312380,40094ffb0e0e648c78f07a21d450dd8f9cc437ae252959d357e0811bf569d438,1,0
"a0548_ena0nh.raw",1,0,255,0,0,1,504.019,1769.127,2680736,2680736,0,2585304,2585304,0,29252,11.654,1757.473,1048576,312380,bed53b6793a640dd571eac5cb81d7cc5ddfe5e8f84e2f9e20a350242e22e77a5,1,0
"a0549_ff63qe.raw",1,0,255,0,0,1,532.626,1764.644,2680716,2680736,0,2585304,2585304,0,29252,11.712,1752.932,1048576,312380,071b9e8335010b1d99495d0ed508ac4af7426458b3bc628e148787e4eb70fe62,1,0
"a0550_pozqkn.raw",1,0,255,0,0,1,479.118,1766.515,2680704,2680736,0,2585304,2585304,0,29252,11.760,1754.755,1048576,312380,35f034fe7fa63a09788095b21654ef1730cf478cf2e91acb6cccea019d52892b,1,0
"a0551_as5jnv.raw",1,0,255,0,0,1,516.398,1770.427,2680704,2680736,0,2585304,2585304,0,29252,11.552,1758.875,1048576,312380,e89fe73f059daf8a8c1dae3f86c7b5859382a76d173859bf057caca35586f05e,1,0
"a0552_gbhlm9.raw",1,0,255,0,0,1,476.673,1766.252,2680704,2680736,0,2585304,2585304,0,29252,12.864,1753.388,1048576,312380,a4decb55a162901859f1716b09af7e21171a47dd4c72c9a2bd629e9f087e354f,1,0
"a0553_evgaab.raw",1,0,255,0,0,1,500.735,1769.161,2680736,2680736,0,2585304,2585304,0,29252,11.591,1757.570,1048576,312380,940a71463c8e1442bb07163091cb333125a8e344124849af518b0b60ddc774a5,1,0
"a0554_vtqnds.raw",1,0,255,0,0,1,507.893,1764.517,2680736,2680736,0,2585304,2585304,0,29252,11.661,1752.856,1048576,312380,e640ce8f26f752bf0b81036b9f9491db692b80e0ca734ee45f311b140b4d3029,1,0
"a0555_qwz43p.raw",1,0,255,0,0,1,510.708,1764.090,2680704,2680736,0,2585304,2585304,0,29252,12.362,1751.728,1048576,312380,9bc04a269f056641e0718050cb59a4b763dd2cf7aa3393f0442d2de6858e8aba,1,0
"a0556_gc3ou5.raw",1,0,255,0,0,1,493.391,1765.899,2680736,2680736,0,2585304,2585304,0,29252,11.566,1754.333,1048576,312380,87b85a1d8eb3cd94a38d586f3f440e334da70ac7091862f7f20a823592e91eb3,1,0
"a0557_oxwjci.raw",1,1,255,0,0,1,501.105,1769.981,2680736,2680736,0,2585304,2585304,0,29252,11.637,1758.344,1048576,312380,d634f137a9240cb0982c8f9c11fc5c941e4ff8474ff415283c115bb2340fb843,1,0
"a0558_ci3fht.raw",1,26,230,0,0,1,497.161,1769.466,2680736,2680736,0,2585304,2585304,0,29252,11.952,1757.514,1048576,312380,fed7ee11134a6850f78cd8571991840725366b80fd944df6028b8c50236a2ba9,1,0
"a0559_kpcy4e.raw",1,3,253,0,0,1,525.735,1768.354,2680704,2680736,0,2585304,2585304,0,29252,11.642,1756.712,1048576,312380,fb36557066bb0b8e90af4872cb82015925415e275d9c9d4376a86950ed04cb73,1,0
"a0560_y7shea.raw",1,0,255,0,0,1,515.467,1770.079,2680704,2680736,0,2585304,2585304,0,29252,11.658,1758.421,1048576,312380,231eea77c76d0fdf40d231aa57bfccb14cb6c5dd705ab37fbd6f8a958761570d,1,0
"a0561_q5euyp.raw",1,0,255,0,0,1,498.100,1764.540,2680736,2680736,0,2585304,2585304,0,29252,11.636,1752.904,1048576,312380,e521f1be2e9cd3f74f6b379de93b060d06dc476dc9fc058f1296ceaec89c3d0c,1,0
"a0562_jvyukt.raw",1,0,255,0,0,1,488.909,1764.487,2680736,2680720,16,2585304,2585304,0,29252,11.641,1752.846,1048576,312380,8a211dbc9b2ab86862918e16bdf9a21ea584cfc84ac521e0a394b1bb52330b29,1,0
"a0563_x59wk4.raw",1,0,255,0,0,1,508.381,1763.768,2680736,2680736,0,2585304,2585304,0,29252,11.692,1752.076,1048576,312380,ee84eecb584cea925f959cf9864c0d9d4232996e5728bc7773b983b5532d98ee,1,0
"a0564_x5albw.raw",1,0,255,0,0,1,490.157,1768.938,2680736,2680764,0,2585304,2585304,0,29252,11.860,1757.078,1048576,312380,ca28b3d3742ec4f1d9034d9b9a987ccb098b1f9ce66502f5ac86d26d438328c6,1,0
"a0565_q7vh5u.raw",1,0,255,0,0,1,493.048,1767.156,2680744,2680736,8,2585304,2585304,0,29252,11.606,1755.550,1048576,312380,480645b1b3bf80a993bb6cfcf3bf693b446357ac95a277eb5288a6a1ccab52d1,1,0
"a0566_tkqf1u.raw",1,0,255,0,0,1,521.023,1766.065,2680716,2680736,0,2585304,2585304,0,29252,11.632,1754.433,1048576,312380,9380a809b4998b7af11c6819233ab00f57dcfe31b5856b4c34f6fe79da7ed148,1,0
"a0567_jaeh7l.raw",1,0,255,0,0,1,505.201,1769.043,2680736,2680736,0,2585304,2585304,0,29252,11.691,1757.352,1048576,312380,05e493c735d47e2aa3f1c1d5d40891232c748cadb6fe189122dccbac4c0d831e,1,0
"a0568_pn3hjm.raw",1,0,255,0,0,1,513.277,1768.546,2680724,2680736,0,2585304,2585304,0,29252,11.859,1756.687,1048576,312380,bd53945d77c359d838c128a0e1884cb728dcf0f73bddacfea5bbf94061f6dc06,1,0
"a0569_sb3kjv.raw",1,0,255,0,0,1,511.946,1763.620,2680736,2680736,0,2585304,2585304,0,29252,11.662,1751.958,1048576,312380,c717c2f0cdbe5d668370423f787a11e5738ce15de3cc40274059f24d34e226c4,1,0
"a0570_bhndyp.raw",1,0,255,0,0,1,494.171,1767.838,2680736,2680736,0,2585304,2585304,0,29252,11.655,1756.183,1048576,312380,88bdebb8e49040b8fe7b376184ef28f3973c6f3209c436a454aa1d04fd622356,1,0
"a0571_uugbnx.raw",1,0,255,0,0,1,485.965,1765.260,2680716,2680736,0,2585304,2585304,0,29252,11.890,1753.370,1048576,312380,a9c072cbc3277d3de05894f9a26da2232e36c78dcd58da94dbc7a0fa551c398e,1,0
"a0572_vow98l.raw",1,0,255,0,0,1,554.209,1764.430,2680716,2680736,0,2585304,2585304,0,29252,11.858,1752.572,1048576,312380,926b0bf974fe849cf64d22838f2acf19075ea5ad37dcbc144dab5721eb7cd5c2,1,0
"a0573_kl4vin.raw",1,0,255,0,0,1,558.249,1764.803,2680716,2680736,0,2585304,2585304,0,29252,12.217,1752.586,1048576,312380,1c8241d56f06c635e0b449e17942d73c2ee81cae66f05c56552121ecbec25fae,1,0
"a0574_mdbjbm.raw",1,0,255,0,0,1,539.100,1769.527,2680716,2680736,0,2585304,2585304,0,29252,11.641,1757.886,1048576,312380,b586063dd9853a1ff3244c8ae71d4dc11bdd1226d1620cd7d3cb3f9bc0ba160d,1,0
"a0575_onpbfw.raw",1,0,255,0,0,1,540.622,1766.592,2680716,2680736,0,2585304,2585304,0,29252,11.640,1754.952,1048576,312380,87b75d0a5ee46df5686d24ebebdc0b0868803d2b2743224a1a7d86d33c5c22e7,1,0
"a0576_vyfcxa.raw",1,0,255,0,0,1,529.217,1763.325,2680716,2680736,0,2585304,2585304,0,29252,11.705,1751.620,1048576,312380,abd29e4756d337f67523d08937b79a1ee07c0af0eda26c45769c91af17e9f074,1,0
"a0577_y0qkbo.raw",1,0,255,0,0,1,517.390,1768.165,2680716,2680736,0,2585304,2585304,0,29252,11.617,1756.548,1048576,312380,c8dd58c6c818fc85bc7c6228fec55bf089a0f640d74ad996d2a897787c132b23,1,0
"a0578_oeih0e.raw",1,0,255,0,0,1,535.049,1766.774,2680716,2680736,0,2585304,2585304,0,29252,11.605,1755.169,1048576,312380,f8f51424ecb8db6c09fcefd5c527b638fff9c2ac5ade378bef730781b27c6bbe,1,0
"a0579_utchud.raw",1,0,255,0,0,1,522.873,1772.741,2680716,2680720,0,2585304,2585304,0,29252,11.608,1761.133,1048576,312380,8ac99365d81fe91571397d2fe7c62f6e34805a844d53dafe59096da279b0d3cd,1,0
"a0580_zzlxop.raw",1,0,255,0,0,1,522.600,1766.232,2680716,2680736,0,2585304,2585304,0,29252,11.655,1754.577,1048576,312380,7595ea09db6fd75de9a23060dc6307a59948127c86cc6666db74eac48ef91378,1,0
"a0581_we2iix.raw",1,0,255,0,0,1,533.415,1765.407,2680716,2680736,0,2585304,2585304,0,29252,11.678,1753.729,1048576,312380,7c08b7bf636924bbd6b0f3832906595f5feb2fa0ac4b9955e2beae907b58093f,1,0
"a0582_boixmz.raw",1,0,255,0,0,1,560.264,1769.656,2680716,2680736,0,2585304,2585304,0,29252,11.712,1757.944,1048576,312380,d370afae6b89ec5ba4a84516a17a2edb8ace1605f3f938e12b0072238c2f7d77,1,0
"a0583_bpxanm.raw",1,2,254,0,0,1,539.048,1768.440,2680716,2680736,0,2585304,2585304,0,29252,11.751,1756.689,1048576,312380,b8fa361d97d6dedf4472eedff4717c77eafd5eeda82793076fbaf18a8058c182,1,0
"a0584_gprpij.raw",1,0,255,0,0,1,544.222,1770.141,2680716,2680736,0,2585304,2585304,0,29252,11.855,1758.286,1048576,312380,be4c597d84697a8be67993802134973d7194c93685784afb8f35a18eafa78956,1,0
"a0585_hrd0bx.raw",1,0,255,0,0,1,547.286,1766.251,2680716,2680736,0,2585304,2585304,0,29252,12.421,1753.830,1048576,312380,93615114567ee83e31bb34a09894af34ab86012ed41d03d8d373b9d41f035b49,1,0
"a0586_uzznzm.raw",1,0,255,0,0,1,530.972,1768.133,2680716,2680736,0,2585304,2585304,0,29252,11.958,1756.175,1048576,312380,24bd8bbf000a9442db4fd76e3844e2769855abba5fec614f0537ea0bc8f4d093,1,0
"a0587_xo8y8t.raw",1,0,255,0,0,1,548.107,1763.152,2680716,2680736,0,2585304,2585304,0,29252,11.702,1751.450,1048576,312380,7b56cf45d2ec35ca638b8f29cc1e0a11e754fefb097bcb062b3d57845b57dafa,1,0
"a0588_oaqs1s.raw",1,0,255,0,0,1,558.096,1764.188,2680724,2680736,0,2585304,2585304,0,29252,11.580,1752.608,1048576,312380,cc4f49ad4fde4d705a59ff9cea47de4f8b49f33892615538d2a0f600a410e2b4,1,0
"a0589_tnyzqy.raw",1,0,255,0,0,1,524.369,1768.398,2680716,2680736,0,2585304,2585304,0,29252,11.711,1756.687,1048576,312380,4b407e4c992ba3b4422f2b5a8276326b6094ac380cfaba1642addbd1b44b920f,1,0
"a0590_i2xg5w.raw",1,0,255,0,0,1,533.047,1760.819,2680716,2680736,0,2585304,2585304,0,29252,11.706,1749.113,1048576,312380,27c4c20447fa40efb3397b3c373584e5a13a7228115ce485e9df9f1fb1eb98b6,1,0
"a0591_juna3x.raw",1,0,255,0,0,1,515.948,1771.267,2680716,2680736,0,2585304,2585304,0,29252,11.658,1759.609,1048576,312380,eb56b481a5001ae015483799ca2f5f25530dc6af5f83c800d23c10737cbae6a3,1,0
"a0592_bpzfci.raw",1,0,255,0,0,1,518.981,1765.395,2680716,2680736,0,2585304,2585304,0,29252,11.773,1753.622,1048576,312380,1acf65a526d55c7d1546cc799cf6ed98666947e6d65f48710eceacf63dc93a12,1,0
"a0593_yyvxqe.raw",1,0,255,0,0,1,556.292,1766.290,2680716,2680736,0,2585304,2585304,0,29252,11.928,1754.362,1048576,312380,6fdf193d7926f66f5f7b4033926930806d2bfbbfbfbe2e877c811f307f257cd8,1,0
"a0594_abccov.raw",1,0,255,0,0,1,546.545,1765.098,2680716,2680736,0,2585304,2585304,0,29252,11.669,1753.429,1048576,312380,ef7b2c333ebf151a547982a833ae4dc21e5effbabfe24f281312ec95ec1280fb,1,0
"a0595_ywpxll.raw",1,0,255,0,0,1,559.817,1767.936,2680704,2680736,0,2585304,2585304,0,29252,11.640,1756.296,1048576,312380,4aac0b4c11faee42c9d4c2f021d7ae1d843024f34b635d48e4210713811eac9e,1,0
"a0596_n0zlvg.raw",1,0,255,0,0,1,519.061,1771.386,2680704,2680736,0,2585304,2585304,0,29252,12.449,1758.937,1048576,312380,94a3e7e08cfb7bdc2d29ead5bda518d427a42e6d80be2166897401aa05f6591d,1,0
"a0597_z1wxys.raw",1,1,255,0,0,1,535.737,1764.419,2680704,2680736,0,2585304,2585304,0,29252,11.591,1752.828,1048576,312380,a515c574dbd643fa0aa602accb40025ae9b37eb754af6eceebee960310b8b3e7,1,0
"a0598_yymfbg.raw",1,0,255,0,0,1,886.311,1769.909,2680704,2680736,0,2585304,2585304,0,29252,11.698,1758.211,1048576,312380,d92c3375ba92dfaf02d4773fd0d4a74715e6dea8966112aefc5440bec84f2e7a,1,0
"a0599_f1rqmp.raw",1,2,254,0,0,1,553.684,1767.607,2680704,2680736,0,2585304,2585304,0,29252,11.733,1755.874,1048576,312380,e060b977b85c34c4776848b5a165b3c9abfaad36494dad56a2f936e1dae02daf,1,0
"a0600_p7xv1u.raw",1,0,255,0,0,1,502.376,1768.194,2680736,2680736,0,2585304,2585304,0,29252,11.652,1756.542,1048576,312380,94db33e1bf21b9ed9b938dafe7843db9f5c09be4df60675d5ae375d7a25e1bf4,1,0
"a0601_jompz5.raw",1,0,255,0,0,1,772.789,1765.913,2680704,2680736,0,2585304,2585304,0,29252,11.615,1754.298,1048576,312380,d23d0b171d0b461428aa1a578d7dac4bcddf762f11a0e4490e4963b8eb0c4517,1,0
"a0602_eu5616.raw",1,0,255,0,0,1,483.656,1765.393,2680704,2680736,0,2585304,2585304,0,29252,11.775,1753.618,1048576,312380,ed901b6a52ff094fe6797446a49d075010ae2439854fe7301469d9b18ad07095,1,0
"a0603_iacu7h.raw",1,0,255,0,0,1,601.156,1772.805,2680704,2680736,0,2585304,2585304,0,29252,11.661,1761.144,1048576,312380,b6cdab38b73b767ef909eb2dabe790a0a01b39331f9339b7c40cb00d95a94a20,1,0
"a0604_z8dlmd.raw",1,0,255,0,0,1,550.023,1770.755,2680704,2680736,0,2585304,2585304,0,29252,11.857,1758.898,1048576,312380,bcb94b2e53dcd05384ca08e12c7a92d690f36ed754d983fa810911ddc04530e3,1,0
"a0605_czshfu.raw",1,0,255,0,0,1,511.278,1767.822,2680848,2680868,0,2585304,2585304,0,29252,11.626,1756.196,1048576,312380,5ee6487aabc44b019392830d6f6404c0405d1dc6eee21a35363c281d324a1337,1,0
"a0606_mlcyro.raw",1,0,255,0,0,1,511.153,1766.510,2680868,2680868,0,2585304,2585304,0,29252,11.675,1754.835,1048576,312380,8f6576a9a848a514b2f145f10749377ceff2fdeea24e8eb72cc38115592ce5eb,1,0
"a0607_kysimp.raw",1,0,255,0,0,1,512.343,1768.486,2680868,2680868,0,2585304,2585304,0,29252,11.666,1756.820,1048576,312380,c9cdbb367bc168407c1e2748b49d159e6fc6ee6387d5944a8ab186c76f98a572,1,0
"a0608_qdjnjk.raw",1,0,255,0,0,1,491.359,1772.465,2680868,2680868,0,2585304,2585304,0,29252,11.763,1760.702,1048576,312380,30a2ca0012895d54095e29d80623ac64d35cfc076336d811cd84d0c21177210f,1,0
"a0609_sasgdm.raw",1,0,255,0,0,1,497.071,1774.894,2680868,2680868,0,2585304,2585304,0,29252,11.598,1763.296,1048576,312380,bfe81f961542d8e6a63c9b72376d6c8a8adf57897b0fd37b13e2414d85a5c747,1,0
"a0610_bmwy1m.raw",1,0,255,0,0,1,528.847,1767.404,2680848,2680868,0,2585304,2585304,0,29252,11.607,1755.797,1048576,312380,d2166bc34cdef58016bc40b7b940199d86bbda870cd496fc80a73f088f3fe44e,1,0
"a0611_yp0qq3.raw",1,0,255,0,0,1,480.083,1766.854,2680848,2680868,0,2585304,2585304,0,29252,12.135,1754.719,1048576,312380,bed23d112037b0abf3a945b9dcf6d06f2d0371fad9cc6fc3802052e05e4c4071,1,0
"a0612_fzvure.raw",1,0,255,0,0,1,505.402,1768.748,2680848,2680868,0,2585304,2585304,0,29252,11.709,1757.039,1048576,312380,f7e60ee8f5d32b5f9652002cdbfdc259440c3d741575936f3257846c34d505ea,1,0
"a0613_aj1zh1.raw",1,0,255,0,0,1,504.655,1770.976,2680868,2680868,0,2585304,2585304,0,29252,11.599,1759.377,1048576,312380,da7dc3471464dc73d2a6aca7ceda1d89a63c85f8cf94ec2e31a94628b7bcfc57,1,0
"a0614_rohvfe.raw",1,0,255,0,0,1,487.887,1775.493,2680848,2680868,0,2585304,2585304,0,29252,12.025,1763.468,1048576,312380,e6b47fc7d851c6b0d0c9422798f93f4f7b04df1319b8517be03338ea9e1dcabf,1,0
"a0615_jpsupv.raw",1,0,255,0,0,1,501.150,1769.522,2680868,2680868,0,2585304,2585304,0,29252,11.764,1757.758,1048576,312380,5361a79326222bc90ebe423f2d2117ad08d8595737c236f93d10a82d1af14246,1,0
"a0616_wp4r4d.raw",1,0,255,0,0,1,493.151,1767.004,2680868,2680868,0,2585304,2585304,0,29252,11.573,1755.431,1048576,312380,3508fcb84889b3e82be27092c0518ee9f0e906f13b7d5d32b67358ba08ce291d,1,0
"a0617_za0k82.raw",1,0,255,0,0,1,496.192,1770.939,2680868,2680868,0,2585304,2585304,0,29252,11.617,1759.322,1048576,312380,fea911c9bc262ba005f8a0828869c0d88aecaa8158ee0975ecfcd300c180ce0f,1,0
"a0618_gis7rc.raw",1,0,255,0,0,1,531.373,1769.333,2680848,2680868,0,2585304,2585304,0,29252,11.646,1757.687,1048576,312380,6267757d57998e1d19ac611b536278db245de9d8f4e6ae16fefe7b0edad2e2eb,1,0
"a0619_fkp7lg.raw",1,0,255,0,0,1,504.695,1770.103,2680868,2680868,0,2585304,2585304,0,29252,11.664,1758.439,1048576,312380,b471277efb80d9e2ac60596cf93e8f3c395eb40bf8909c012cdc784dc503fef7,1,0
"a0620_olycak.raw",1,3,253,0,0,1,507.031,1769.036,2680848,2680868,0,2585304,2585304,0,29252,11.627,1757.409,1048576,312380,c4cc5a890d47978ce030f25912b2f06999fac29fe274d2d26827d5d9a32d8f30,1,0
"a0621_gcmg2i.raw",1,0,255,0,0,1,539.230,1766.883,2680848,2680868,0,2585304,2585304,0,29252,11.647,1755.236,1048576,312380,aefc1fa98762aac5716b819ab111fc66830b59ec88afd46e1cea5bd76eba54dc,1,0
"a0622_nfd9zi.raw",1,0,255,0,0,1,492.983,1773.816,2680868,2680868,0,2585304,2585304,0,29252,12.065,1761.751,1048576,312380,70a7375044d3faaff39687b3628a7d3f07229af25713599e3322a5664edaf12e,1,0
"a0623_bdvofi.raw",1,0,255,0,0,1,488.441,1766.611,2680868,2680868,0,2585304,2585304,0,29252,11.699,1754.912,1048576,312380,f33d87b6812dc877cff34aea85894fdd30d3b6a7fdaf79ad7fbea23281c90c60,1,0
"a0624_mlai6p.raw",1,2,254,0,0,1,487.940,1772.535,2680868,2680868,0,2585304,2585304,0,29252,11.729,1760.806,1048576,312380,dd1c2d05850dbe478cf4a45aca19d3484d903add7c1968d80749f7648f59a7e0,1,0
"a0625_kogqyx.raw",1,0,255,0,0,1,503.736,1771.117,2680868,2680868,0,2585304,2585304,0,29252,11.700,1759.417,1048576,312380,6912be10d9dc285accee88d78261af20af5f4a7ff2f4a6eb16640a93aa6939e7,1,0
"a0626_tgzpf9.raw",1,0,255,0,0,1,512.286,1761.635,2680848,2680868,0,2585304,2585304,0,29252,11.665,1749.970,1048576,312380,110f282d9560d6eaa8a74a65dfa445450c268c0b693a72f6ee31005078647d47,1,0
"a0627_uenvke.raw",1,0,255,0,0,1,515.260,1766.681,2680848,2680868,0,2585304,2585304,0,29252,11.668,1755.013,1048576,312380,7e116fb7eebc32f1cac231eb7576832cc937d6f5488b357463adc35847ca7c32,1,0
"a0628_mpar7n.raw",1,0,255,0,0,1,519.987,1767.514,2680848,2680868,0,2585304,2585304,0,29252,11.638,1755.876,1048576,312380,bf7a6fee81070edaad6bf38573d4f2d85b50e60e72ba13aefb42e1fad17cfc01,1,0
"a0629_ttcqzt.raw",1,1,255,0,0,1,531.306,1768.953,2680848,2680868,0,2585304,2585304,0,29252,11.749,1757.204,1048576,312380,fa75f04538da394c1df5b948b7a2cff293a22550e9d1cecf7636d7cdc24908b9,1,0
"a0630_mf6zwg.raw",1,0,255,0,0,1,540.162,1768.422,2680856,2680868,0,2585304,2585304,0,29252,11.638,1756.784,1048576,312380,4c4d7141140855dec8271bb73c966d036b98637bfeb4efc515abfca9e411b507,1,0
"a0631_cxnyqw.raw",1,0,255,0,0,1,537.288,1768.656,2680848,2680868,0,2585304,2585304,0,29252,11.615,1757.041,1048576,312380,dcc0d4f4d220344e302f345cc9dc3f5c95d994a0777dd58d544a0049ff940976,1,0
"a0632_mexgmw.raw",1,0,255,0,0,1,526.046,1772.554,2680716,2680736,0,2585304,2585304,0,29252,11.674,1760.880,1048576,312380,9024983edba8f85d48acf22ce8941da7316d445ab01290efeb4ef4c79472690c,1,0
"a0633_qnejd0.raw",1,0,255,0,0,1,536.442,1766.635,2680716,2680736,0,2585304,2585304,0,29252,11.626,1755.009,1048576,312380,6ed565f7261dc5f6cab385210d512a0a7c0b5f852ac7ba56fee102d84fb10eb9,1,0
"a0634_ttvgpf.raw",1,0,255,0,0,1,528.074,1768.522,2680716,2680736,0,2585304,2585304,0,29252,11.737,1756.785,1048576,312380,599a9a959a2af6ef06b125d4675204dab3bdcc99c95621f139d6897477a5249b,1,0
"a0635_wzjqyp.raw",1,0,255,0,0,1,512.937,1766.622,2680716,2680736,0,2585304,2585304,0,29252,11.993,1754.629,1048576,312380,514f3f22ed2ba18d573ff4e81cd573a06400b30eb59d3dde9fe87eda47ddbe45,1,0
"a0636_wxvrax.raw",1,0,255,0,0,1,507.624,1773.080,2680736,2680736,0,2585304,2585304,0,29252,11.595,1761.485,1048576,312380,53656dba11b1c7b899385a668ea83182fa2295180bd58f97a75a85fdd537e01b,1,0
"a0637_sagkhq.raw",1,0,255,0,0,1,482.953,1773.767,2680716,2680736,0,2585304,2585304,0,29252,11.783,1761.984,1048576,312380,4e4c966e77af473a47f3e416eaca5a3f59f6cec2446872f1c88409a0ecf38741,1,0
"a0638_wbqkdb.raw",1,0,255,0,0,1,509.794,1770.016,2680736,2680736,0,2585304,2585304,0,29252,11.943,1758.073,1048576,312380,4d0f0a87805c20fc80d583b39694e4a9e3e73ff28eb5bf716e086b466106a750,1,0
"a0639_d74bsz.raw",1,0,255,0,0,1,487.891,1766.156,2680736,2680736,0,2585304,2585304,0,29252,11.592,1754.564,1048576,312380,4bbddc3357abb82f4a9d8e536c48ea6f70c62dd7c56a7e1586cd267a43442518,1,0
"a0640_hebnb8.raw",1,0,255,0,0,1,515.275,1769.937,2680716,2680736,0,2585304,2585304,0,29252,11.643,1758.294,1048576,312380,419a502e83f1fb02d40134cf1a17e303c999cd4fd766a54d2a736d7b50c81e90,1,0
"a0641_ldjphh.raw",1,3,253,0,0,1,522.370,1765.251,2680716,2680736,0,2585304,2585304,0,29252,11.562,1753.689,1048576,312380,f9ef612da1bc4a8ed5bba93a01fb85897c8e4cac1d7b32dd775e61e2de221ee8,1,0
"a0642_ibo8f5.raw",1,0,255,0,0,1,491.468,1767.017,2680736,2680736,0,2585304,2585304,0,29252,11.678,1755.339,1048576,312380,d41812a4fcdf140d7613e77d86b83942abb72c31bfdf8034c1d831ebde5f8572,1,0
"a0643_ee3z2q.raw",1,0,255,0,0,1,520.189,1766.067,2680716,2680736,0,2585304,2585304,0,29252,11.647,1754.420,1048576,312380,34933e28a69957a687228ab35ce4bfb14e8306da0e45606bb9ad8a27ecf98dd7,1,0
"a0644_xczfq2.raw",1,0,255,0,0,1,496.952,1770.238,2680736,2680736,0,2585304,2585304,0,29252,11.603,1758.635,1048576,312380,a2c086c9fdf94f8bf434fca21e98e94343d0fef20b8516782a09f49719837224,1,0
"a0645_xnlh5d.raw",1,0,255,0,0,1,477.096,1764.856,2680716,2680736,0,2585304,2585304,0,29252,11.732,1753.124,1048576,312380,53d20488c87c324fa21581a9baaacfb3318a435ff07ee08e518d3aa0b6a91f4c,1,0
"a0646_ooesqs.raw",1,0,255,0,0,1,486.541,1766.675,2680716,2680736,0,2585304,2585304,0,29252,12.194,1754.481,1048576,312380,17313d45bdd341c878e233534381d78668e6a450727e5e06bc0b9e70ae68469e,1,0
"a0647_uprnic.raw",1,0,255,0,0,1,487.319,1770.379,2680736,2680736,0,2585304,2585304,0,29252,11.619,1758.760,1048576,312380,1bf889c4892147eba17b1b2b406ccc3000514ed7cc441a4797443ba60c33cb2b,1,0
"a0648_dezlz6.raw",1,0,255,0,0,1,483.554,1772.007,2680736,2680736,0,2585304,2585304,0,29252,11.777,1760.230,1048576,312380,e68447f0c3eca77bff1bc45e93cc5f1cf762330866e998e89e9f513c2d776f38,1,0
"a0649_kqjhrg.raw",1,0,255,0,0,1,503.625,1768.083,2680736,2680736,0,2585304,2585304,0,29252,11.713,1756.370,1048576,312380,a660e800450cb3e1880d15c0ae723227e359447cb990a8940cc6ea25f4b46436,1,0
"a0650_upldwg.raw",1,0,255,0,0,1,617.794,1772.529,2680716,2680736,0,2585304,2585304,0,29252,11.867,1760.662,1048576,312380,5cd5faf536f6286f29054a1512919fe1895445179733dd0aaf32e8ed76b3ee7b,1,0
"a0651_bgzfqg.raw",1,0,255,0,0,1,528.811,1766.626,2680716,2680736,0,2585304,2585304,0,29252,11.596,1755.030,1048576,312380,c9732a7e90a01695a4fa4e491c7b19a166636f3c34e0bd3883f96a5d9ae0ca3a,1,0
"a0652_wczeqm.raw",1,0,255,0,0,1,534.459,1771.910,2680716,2680736,0,2585304,2585304,0,29252,11.577,1760.333,1048576,312380,9cf9b749d9c91958e6238aeae77b0aacb3c627de130b359f2db8217eee63df4b,1,0
"a0653_cwyesj.raw",1,0,255,0,0,1,501.494,1766.955,2680736,2680736,0,2585304,2585304,0,29252,11.600,1755.355,1048576,312380,1d894ac344c04848655fd15ca8a51f017c4f9e7d030cf4e183f1dac418d89578,1,0
"a0654_yrpogb.raw",1,0,255,0,0,1,525.820,1764.855,2680716,2680736,0,2585304,2585304,0,29252,11.635,1753.220,1048576,312380,a571b3e711a3e1450c23c7bf748983d15a105f46d0ac5fec29d9afb9b5e8324c,1,0
"a0655_eqlumw.raw",1,0,255,0,0,1,502.620,1766.321,2680736,2680736,0,2585304,2585304,0,29252,11.605,1754.716,1048576,312380,634c19040654241c5cc02e93e064d1d0ad583c5ae62ab0547143525b28ebd35b,1,0
"a0656_pohd3d.raw",1,0,255,0,0,1,514.831,1772.716,2680716,2680736,0,2585304,2585304,0,29252,11.616,1761.100,1048576,312380,fae7caca1e76edd9d5acd286aa47861f26f52ac773a77a6b92062064992ca08d,1,0
"a0657_jgs4ke.raw",1,0,255,0,0,1,524.047,1770.989,2680716,2680736,0,2585304,2585304,0,29252,11.656,1759.333,1048576,312380,c2ff8b91f89691ea56b855809856aa604bc77eaba77620338ca06fd95a61a610,1,0
"a0658_oeowvk.raw",1,0,255,0,0,1,498.977,1781.086,2680736,2680736,0,2585304,2585304,0,29252,11.676,1769.410,1048576,312380,9b3b72a1aee6899030fae9cd1e2f1f078d4de72cc982866d28b2caca73ce571b,1,0
"a0659_yuhdpz.raw",1,0,255,0,0,1,500.866,1776.551,2680736,2680736,0,2585304,2585304,0,29252,12.422,1764.129,1048576,312380,9015d44dff5da1dd16fcf62dbac7adad9437ad609ee45478cdab88e61095b0e5,1,0
"a0660_bmt8ir.raw",1,1,255,0,0,1,492.228,1776.057,2680736,2680736,0,2585304,2585304,0,29252,11.673,1764.384,1048576,312380,099e7fc5bb3d755ed8db6b23bcd6ca63288420fd1ac18ad88c435f88bd58942c,1,0
"a0661_d3ryzs.raw",1,0,255,0,0,1,514.879,1776.851,2680704,2680736,0,2585304,2585304,0,29252,11.602,1765.249,1048576,312380,9c95d12f9e4e811b63845a1788fa9eb0db8f9aea6cb9abbae1e57fa9118b69ce,1,0
"a0662_pszeho.raw",1,0,255,0,0,1,592.245,1775.088,2680704,2680736,0,2585304,2585304,0,29252,11.561,1763.527,1048576,312380,436f4eac7a2b0aa02b4b3e7df86994f81fac72589d9f450d8c4287530a6a289f,1,0
"a0663_gya6lx.raw",1,0,255,0,0,1,519.241,1776.483,2680704,2680736,0,2585304,2585304,0,29252,11.708,1764.775,1048576,312380,c33e4a7ae26edfdb5e477a98cbd728e8947140eb7ddc3bac809ac0cdc90c19d3,1,0
"a0664_xuflth.raw",1,0,255,0,0,1,500.004,1778.902,2680736,2680736,0,2585304,2585304,0,29252,11.975,1766.927,1048576,312380,dfeb03476b29758ca7b95808208ef1a7924851b0a2a33a7dc12239d92d77aa99,1,0
"a0665_vel4ht.raw",1,0,255,0,0,1,493.876,1776.660,2680736,2680736,0,2585304,2585304,0,29252,11.629,1765.031,1048576,312380,f5dbee2dd691ac78e28d8df33e3a7820d82052b1235137c84f2a4b4bc1978811,1,0
"a0666_vyr75r.raw",1,0,255,0,0,1,493.183,1779.673,2680736,2680736,0,2585304,2585304,0,29252,11.653,1768.020,1048576,312380,db0f911fbc8a0b4e6f940165befc1fc94f5d599ba022ef7eef036bdbe52f00e1,1,0
"a0667_z9zuag.raw",1,0,255,0,0,1,495.677,1779.904,2680736,2680736,0,2585304,2585304,0,29252,12.396,1767.508,1048576,312380,7bf3a9ea47331807ccd3a1ad332ea885de8ed11e23365daa4cd3b32113e5186c,1,0
"a0668_cbsegh.raw",1,0,255,0,0,1,483.840,1775.277,2680704,2680736,0,2585304,2585304,0,29252,11.869,1763.408,1048576,312380,bdc6133e3fa88c18d5041f23fa08bd4ff650de00db8f83680619397134ac4e15,1,0
"a0669_vjvxad.raw",1,0,255,0,0,1,486.541,1777.095,2680736,2680736,0,2585304,2585304,0,29252,11.658,1765.437,1048576,312380,db085cd0ccac11ed5a02448adff2e7961958d6219f9e9e9b35698481eeb662bd,1,0
"a0670_ilprgk.raw",1,0,255,0,0,1,519.573,1773.420,2680704,2680736,0,2585304,2585304,0,29252,11.636,1761.784,1048576,312380,5fc7d0f07cec41d77d13e73aded83b9607351424b14caa51c686906a1c67dd73,1,0
"a0671_olak7t.raw",1,0,255,0,0,1,530.485,1777.605,2680704,2680736,0,2585304,2585304,0,29252,11.596,1766.009,1048576,312380,9e2725fb9fd9d4a0239cab93c2056c2f86c2ab8bffae3929468db45a09dffb88,1,0
"a0672_jxl2je.raw",1,0,255,0,0,1,521.338,1776.811,2680704,2680736,0,2585304,2585304,0,29252,12.425,1764.386,1048576,312380,bce3d3c547c7d7fb047a286c511fa3df85fc4d27f31d0b563c5e630cbf521e2c,1,0
"a0673_jaiutc.raw",1,0,255,0,0,1,516.722,1776.663,2680704,2680736,0,2585304,2585304,0,29252,12.713,1763.950,1048576,312380,f50a1c4d85baf75a2e70fc0c333baed696e56736a72ea737fd33c88fe1025ac2,1,0
"a0674_lasnd4.raw",1,0,255,0,0,1,515.579,1777.662,2680704,2680736,0,2585304,2585304,0,29252,11.626,1766.036,1048576,312380,00cbe87322f4a57845f8b83ed5dfc079f405691ce63735814b3ec95b5eb18bae,1,0
"a0675_wru6ul.raw",1,0,255,0,0,1,531.353,1775.734,2680704,2680736,0,2585304,2585304,0,29252,11.787,1763.947,1048576,312380,7d49dd74235fdb35c16e9bf081e753c18453a786a2f23195b968f8fb90bf6c5e,1,0
"a0676_yqu7tq.raw",1,0,255,0,0,1,516.889,1782.075,2680704,2680736,0,2585304,2585304,0,29252,11.595,1770.480,1048576,312380,8f57ad2e05199303a1fde41583422fbbca4a56df3e70fd353c085672fae7a1fb,1,0
"a0677_aedco5.raw",1,0,255,0,0,1,510.488,1777.940,2680736,2680736,0,2585304,2585304,0,29252,11.699,1766.241,1048576,312380,65787d7c44ec7b619760f1d18b6b0b0618d8037b770d4e6cb77b9b4a2483f762,1,0
"a0678_vbkryv.raw",1,0,255,0,0,1,509.082,1775.596,2680736,2680736,0,2585304,2585304,0,29252,11.670,1763.926,1048576,312380,95b4a7f0044181fe9a1ddbcc4f0dffef15e642b3b95e0d72b7dc68e5a54a293d,1,0
"a0679_wfsxje.raw",1,0,255,0,0,1,495.479,1777.435,2680736,2680736,0,2585304,2585304,0,29252,11.577,1765.858,1048576,312380,056a509530372d827e15de667dfbd9cf626ddc84cb7e258ac9faa9a00871798d,1,0
"a0680_ve8rnb.raw",1,0,255,0,0,1,476.976,1780.494,2680704,2680736,0,2585304,2585304,0,29252,11.801,1768.693,1048576,312380,eb40e42301fb8f1cc295320265cce940cadc8d3018568990d8089e538dd5f12e,1,0
"a0681_kcmnwb.raw",1,0,255,0,0,1,506.631,1775.205,2680736,2680736,0,2585304,2585304,0,29252,11.636,1763.569,1048576,312380,9321d5a42cd95e410855f2d1b150469b38d32760edb7bed1797ea3a6a3c513c7,1,0
"a0682_ys3bp4.raw",1,1,255,0,0,1,484.659,1778.930,2680704,2680736,0,2585304,2585304,0,29252,11.753,1767.177,1048576,312380,909d17c530df55b92c24f41861281efd7a055853466911d6dc0fbf978fb97ab0,1,0
"a0683_e9djb0.raw",1,0,255,0,0,1,497.361,1776.235,2680736,2680736,0,2585304,2585304,0,29252,11.606,1764.629,1048576,312380,6bdd764552780c3269e049c49055033a2fe0d2c9105fbeecfc79865a62cec9cc,1,0
"a0684_waxp5q.raw",1,0,255,0,0,1,492.754,1774.956,2680736,2680736,0,2585304,2585304,0,29252,11.647,1763.309,1048576,312380,4d238f372fc091265e1a228c3389484dc56f55c79994f6fa93b8da45c708dc54,1,0
"a0685_bssujn.raw",1,0,255,0,0,1,536.058,1773.874,2680704,2680736,0,2585304,2585304,0,29252,11.697,1762.177,1048576,312380,ca78f5c69df2a8656fb199d499ddfc0032fbeaf95066ac29e768b0a36426462e,1,0
"a0686_rqe20r.raw",1,0,255,0,0,1,531.586,1778.459,2680704,2680736,0,2585304,2585304,0,29252,11.578,1766.881,1048576,312380,199eaccbcd10fb942a59f705a6686cc946a6616152bc1c5215ef75279185a55f,1,0
"a0687_garg3x.raw",1,0,255,0,0,1,510.206,1779.713,2680712,2680736,0,2585304,2585304,0,29252,11.578,1768.135,1048576,312380,27c6c28362c47366d9fb156b03f2cac2198bea31ff01335dee26682d7d40729e,1,0
"a0688_rjhmhh.raw",1,0,255,0,0,1,505.997,1779.414,2680736,2680736,0,2585304,2585304,0,29252,11.666,1767.748,1048576,312380,e9bf0191f8314743bc2df3763c2f94ae1a382a18638d7b31c02d4f61716061be,1,0
"a0689_zk4tlc.raw",1,0,255,0,0,1,504.372,1776.307,2680736,2680736,0,2585304,2585304,0,29252,11.757,1764.550,1048576,312380,fd65e4a98af7a2dce64fa807f43e77feb08ebdbae7b56de3713c61172cfbc382,1,0
"a0690_f6ntnp.raw",1,0,255,0,0,1,516.308,1781.004,2680724,2680736,0,2585304,2585304,0,29252,12.817,1768.187,1048576,312380,a3cb9fc5a0e8763ba6e815f7be8cd2e46529e57ad711fe7d4f9b980a72dbcfdf,1,0
"a0691_nmp8lx.raw",1,0,255,0,0,1,491.033,1773.775,2680736,2680736,0,2585304,2585304,0,29252,11.698,1762.077,1048576,312380,f5945fd133bf96a18cf61e68d92789c088c9fba82b71e689e6b86004dc1bf151,1,0
"a0692_bmegkx.raw",1,0,255,0,0,1,524.380,1777.747,2680716,2680736,0,2585304,2585304,0,29252,11.675,1766.072,1048576,312380,d885b1735e32a90cc5655e2e22d42e3c22c457c952621d21f32b554d5320c9f2,1,0
"a0693_rnp3zq.raw",1,0,255,0,0,1,487.964,1778.453,2680736,2680736,0,2585304,2585304,0,29252,11.667,1766.786,1048576,312380,e5dc2e0747c92ca9848dcf01e6e4e7f878764e692eff29e7f1741c230659b7ee,1,0
"a0694_sryr4a.raw",1,0,255,0,0,1,527.764,1781.246,2680716,2680736,0,2585304,2585304,0,29252,11.640,1769.606,1048576,312380,513e71aee499d89696049760514ca65365093d7757bab712345460d080cc64f0,1,0
"a0695_asrnis.raw",1,0,255,0,0,1,524.708,1778.631,2680716,2680736,0,2585304,2585304,0,29252,11.659,1766.972,1048576,312380,82d72ccdeb8faac1190d878620bc945d6797e371c772c5924078444d2e5b6fe2,1,0
"a0696_kslrep.raw",1,0,255,0,0,1,486.414,1779.195,2680736,2680736,0,2585304,2585304,0,29252,12.038,1767.157,1048576,312380,17851ca541933a5a343812ce83657c97b3a716e4cdbc05977d3a95d5ee586fc4,1,0
"a0697_cejjwf.raw",1,0,255,0,0,1,504.664,1778.042,2680736,2680736,0,2585304,2585304,0,29252,11.730,1766.312,1048576,312380,9dfdc1074afb34a51d940b1f9145397ac13621fc1be24b0ef464b44fd25d8ff0,1,0
"a0698_mzgl33.raw",1,0,255,0,0,1,570.577,1779.988,2680716,2680736,0,2585304,2585304,0,29252,11.628,1768.360,1048576,312380,81033504f137915f62bd85b6c950b4d9e97df4b071ce48b85aeb4b36d2a07a7e,1,0
"a0699_ni65d1.raw",1,0,255,0,0,1,537.759,1779.362,2680716,2680736,0,2585304,2585304,0,29252,11.642,1767.720,1048576,312380,9e1a5d5697325306751dbdc84379d9ff488c08fd4d5d6f3593588d5bb857c038,1,0
"a0700_ksh7wu.raw",1,0,255,0,0,1,513.061,1778.557,2680716,2680736,0,2585304,2585304,0,29252,11.664,1766.893,1048576,312380,7f36c1f39e0065acb41bc31f495a474da81819171f4ff45fe4d7d9f4003fe583,1,0
"a0701_hbrcgl.raw",1,0,255,0,0,1,584.755,1780.510,2680716,2680764,0,2585304,2585304,0,29252,11.723,1768.787,1048576,312380,3e3acc630f6aaf19bd89482ee39aebe965f007cc2a47709fa8a41c44e86f733b,1,0
"a0702_tbpnqg.raw",1,0,255,0,0,1,454.944,1776.412,2680716,2680736,0,2585304,2585304,0,29252,11.859,1764.553,1048576,312380,1b341324125dcf38bf906c969e36eee92d0074d9e8b326dc195e136ffd41ac9b,1,0
"a0703_nds0dd.raw",1,0,255,0,0,1,652.663,1780.772,2680716,2680736,0,2585304,2585304,0,29252,11.703,1769.069,1048576,312380,5c9f43c6a091b7758b674fc8ba3c671623339fe2048d418194a2b9d8ce022161,1,0
"a0704_eu2stn.raw",1,0,255,0,0,1,827.614,1779.228,2680716,2680736,0,2585304,2585304,0,29252,11.660,1767.568,1048576,312380,5277cc938bd8fe108c9d1e9fc21105c6073e2c6a096e942ea41627b2a8d0cd6c,1,0
"a0705_nlwccs.raw",1,0,255,0,0,1,728.184,1778.626,2680716,2680736,0,2585304,2585304,0,29252,11.801,1766.825,1048576,312380,21915f5fbc067051afe2254240d2e32c955545c4644e9ed05390d947eba1f1a3,1,0
"a0706_hum8pu.raw",1,0,255,0,0,1,558.861,1779.171,2680716,2680736,0,2585304,2585304,0,29252,11.722,1767.449,1048576,312380,fdbf1882ccbae27e4dbf8f10909ae15ab1e731b5341fcf60455fad2b42898a95,1,0
"a0707_mmaddx.raw",1,0,255,0,0,1,674.560,1774.242,2680716,2680736,0,2585304,2585304,0,29252,11.717,1762.525,1048576,312380,c936739834e90548fe5fb0151f0f9fe6eda7ed327db5f073679ea2801ea68901,1,0
"a0708_lqfyba.raw",1,0,255,0,0,1,831.430,1780.247,2680716,2680736,0,2585304,2585304,0,29252,11.735,1768.512,1048576,312380,eab64dd9927db08472022d149e610c56d196464dc69bb52bcfae9f948a92bfed,1,0
"a0709_tpxi8p.raw",1,0,255,0,0,1,641.769,1779.898,2680716,2680736,0,2585304,2585304,0,29252,11.665,1768.233,1048576,312380,6911f0cb7fa9672f271360b7ee3b416ad621da3bb5ccf6cf7f4e5cb12d293a56,1,0
"a0710_prgxd8.raw",1,0,255,0,0,1,508.544,1778.125,2680744,2680736,8,2585304,2585304,0,29252,11.714,1766.411,1048576,312380,c2eaa8c1da4446b4bada0f09cc9d513d91cc3d566aa9a705af316d0ed7da7a02,1,0
"a0711_rewvuv.raw",1,0,255,0,0,1,670.486,1778.301,2680716,2680736,0,2585304,2585304,0,29252,11.720,1766.581,1048576,312380,69aca4ad6863a93a51372f88ecac666156e5cdbff974b34171886ce830d15f65,1,0
"a0712_fzdims.raw",1,1,255,0,0,1,612.826,1774.686,2680716,2680736,0,2585304,2585304,0,29252,11.707,1762.979,1048576,312380,9b3c3add3de2013b14133ebfda01f3a662b9fb913ab62852487a5e8a3d758cc9,1,0
"a0713_gs5cry.raw",1,1,255,0,0,1,731.873,1778.038,2680736,2680736,0,2585304,2585304,0,29252,11.676,1766.362,1048576,312380,893e70179f61c1446884d719df1149b1c793370d75fd787447c9ff71452ab12f,1,0
"a0714_cyq1ji.raw",1,1,255,0,0,1,633.940,1776.401,2680716,2680736,0,2585304,2585304,0,29252,11.744,1764.657,1048576,312380,ff6e367238e8ebb37a52e9253b9ec54ef98cfab1acae276cdc8b13b93ed72a77,1,0
"a0715_bpkr0e.raw",1,0,255,0,0,1,498.779,1780.762,2680736,2680736,0,2585304,2585304,0,29252,11.725,1769.037,1048576,312380,bf3189972879796b54c062b843378701c96bb1fc5abafaeeacb1ed2867f72cee,1,0
"a0716_hiynya.raw",1,0,255,0,0,1,568.759,1774.083,2680716,2680736,0,2585304,2585304,0,29252,11.726,1762.357,1048576,312380,ad0e4f5add5599c9ff49ff332ca0f2dc6b5de5511116459cc9df8ec79a300d4e,1,0
"a0717_xzbvm2.raw",1,1,255,0,0,1,607.282,1780.009,2680716,2680736,0,2585304,2585304,0,29252,11.700,1768.309,1048576,312380,153eb7c2a9039390e8216526def3fb702ce8fe07d6610494ba192e54e248e0f1,1,0
"a0718_silz3t.raw",1,0,255,0,0,1,524.234,1776.020,2680716,2680764,0,2585304,2585304,0,29252,11.774,1764.246,1048576,312380,bb2f68686eedfddef624cb8bc8f85237551fce4d6f5d1a3dba15efb9a70c546c,1,0
"a0719_o8a5oo.raw",1,0,255,0,0,1,531.513,1778.030,2680724,2680736,0,2585304,2585304,0,29252,11.653,1766.377,1048576,312380,2a10b510c20c3a9cd9838a07d7849f1e461ff3f83c9624146c2102f399518548,1,0
"a0720_vpddbj.raw",1,0,255,0,0,1,623.346,1776.069,2680716,2680736,0,2585304,2585304,0,29252,11.803,1764.266,1048576,312380,4a4b01dcf28b5836e8d3e069ec4c0560a0a407c2be691320cbf32e032db652c4,1,0
"a0721_yefy3d.raw",1,0,255,0,0,1,535.171,1776.265,2680704,2680736,0,2585304,2585304,0,29252,11.692,1764.573,1048576,312380,95b46dee6ce1ea35ece0f1db6d5cac9dbf7c9757ae6d07feccca774a13a00a69,1,0
"a0722_hskghr.raw",1,0,255,0,0,1,614.870,1780.653,2680704,2680736,0,2585304,2585304,0,29252,11.674,1768.979,1048576,312380,197dd8a6478f49d600a3fe42398093b0348316ec0b5de7c56478c6eb0f0e8024,1,0
"a0723_jwft40.raw",1,29,227,0,0,1,579.218,1781.389,2680704,2680736,0,2585304,2585304,0,29252,11.757,1769.632,1048576,312380,deb990e427b2073bfd1029a328f5e720a2c108d08534dedeeab019a60fb927c8,1,0
"a0724_juvbew.raw",1,1,255,0,0,1,690.640,1779.099,2680704,2680736,0,2585304,2585304,0,29252,11.725,1767.374,1048576,312380,4ac2e51012d2a9f2ebce6f78a5683ad0d50df24211d9c4881fbbc2c30cd924f5,1,0
"a0725_wsesl2.raw",1,0,255,0,0,1,604.855,1780.015,2680704,2680736,0,2585304,2585304,0,29252,11.746,1768.269,1048576,312380,7ce399468581e3c833f16f89b7cfdf56b38d034d48d9f15b9ce4ed32e15b0073,1,0
"a0726_dmmulp.raw",1,2,254,0,0,1,546.600,1780.719,2680704,2680736,0,2585304,2585304,0,29252,11.730,1768.989,1048576,312380,8b7247c1d5d00936fbf9b48f43507cfb35df2375275e3df0991c5ac4491454b7,1,0
"a0727_cwcuqt.raw",1,3,253,0,0,1,623.290,1772.002,2680732,2680764,0,2585304,2585304,0,29252,11.677,1760.325,1048576,312380,d409a69111665ae6c1732564808f1be4c085d2f350542e1bdb034e57a52630ba,1,0
"a0728_ibbstl.raw",1,0,255,0,0,1,622.930,1777.231,2680724,2680736,0,2585304,2585304,0,29252,11.668,1765.563,1048576,312380,8937cd143e5e18d78aeae1384a6e02916d29af3da383656d067f4d36fd36a383,1,0
"a0729_nviu2e.raw",1,0,255,0,0,1,722.263,1775.666,2680848,2680868,0,2585304,2585304,0,29252,11.782,1763.884,1048576,312380,e138e098ce3d435de9b36271aeffdad218e7344a5944744a45336cc7761caccb,1,0
"a0730_ct28hm.raw",1,0,255,0,0,1,481.674,1776.878,2680868,2680868,0,2585304,2585304,0,29252,11.825,1765.053,1048576,312380,c99632ae2bae9f219dec0cd881539a10ad9c99253c78c58a9060ebe7ef43f8e9,1,0
"a0731_akbizi.raw",1,0,255,0,0,1,515.411,1777.406,2680848,2680868,0,2585304,2585304,0,29252,11.671,1765.735,1048576,312380,5d4fca5eca9d583601fcce75a68ce4820701ba95f58c42e4f9d6615319a450ad,1,0
"a0732_utvay2.raw",1,0,255,0,0,1,675.669,1777.323,2680848,2680868,0,2585304,2585304,0,29252,11.660,1765.663,1048576,312380,7aafedf7199d2b380971b48ca7725b54e27a33b6e6cce04289eaf6f791f18771,1,0
"a0733_wds78g.raw",1,0,255,0,0,1,508.643,1779.490,2680868,2680868,0,2585304,2585304,0,29252,12.784,1766.706,1048576,312380,05cf18a81b0bde58eff84338743c4e186bceb45bc11b72471a42f1b707b8c9bf,1,0
"a0734_hbjpa5.raw",1,0,255,0,0,1,751.380,1774.263,2680868,2680868,0,2585304,2585304,0,29252,11.649,1762.614,1048576,312380,49812b2d3beca272512069bdb0638fd4d331086b40a1f1502252da98eea16a73,1,0
"a0735_yjrj0n.raw",1,0,255,0,0,1,474.862,1781.161,2680848,2680868,0,2585304,2585304,0,29252,11.880,1769.281,1048576,312380,860e857bb904a2db309ddc0d8f023c01131d7f405badea0b366431868cc609fa,1,0
"a0736_gb3git.raw",1,0,255,0,0,1,509.325,1776.620,2680848,2680896,0,2585304,2585304,0,29252,11.710,1764.910,1048576,312380,3e94aaa87c91e9d2cb61fb60c3ab4d4e76d3c6f0f397eb04bdb5a0c86998da0e,1,0
"a0737_k6v9j7.raw",1,0,255,0,0,1,618.646,1772.379,2680856,2680868,0,2585304,2585304,0,29252,11.685,1760.694,1048576,312380,fb1428fac44c058523bad9de2db7e244a2abf1c159805234ebdd4a2aff265031,1,0
"a0738_dwsc1y.raw",1,9,247,0,0,1,514.429,1777.608,2680848,2680868,0,2585304,2585304,0,29252,11.670,1765.938,1048576,312380,f6cec298f08797456df2b6a41b87a5eb4748c87da552c0819d04302e0c49f2a5,1,0
"a0739_e3ferw.raw",1,0,255,0,0,1,612.055,1777.623,2680848,2680868,0,2585304,2585304,0,29252,11.711,1765.912,1048576,312380,fc1e8bd2607838cffa4e902c56d670b1b84712abb7883e782f0a8ef13152d05b,1,0
"a0740_ahujpt.raw",1,1,255,0,0,1,525.999,1781.149,2680848,2680868,0,2585304,2585304,0,29252,11.707,1769.442,1048576,312380,d8222db079ad52dd3dc1f6ed857a0beec97883f6e302a915c2ad66691759fc7d,1,0
"a0741_cq0dq1.raw",1,0,255,0,0,1,517.516,1780.649,2680848,2680868,0,2585304,2585304,0,29252,11.731,1768.918,1048576,312380,7c2b3f940d21e85e098ca83335b62254fdf67338d74e60332ea1bc4502838df2,1,0
"a0742_xsh1bu.raw",1,0,255,0,0,1,524.247,1778.639,2680848,2680868,0,2585304,2585304,0,29252,11.708,1766.931,1048576,312380,354185f2366cdce559a88170ac074462eb2afd46f6032de9853803a668e1094e,1,0
"a0743_gkqxqs.raw",1,0,255,0,0,1,518.026,1771.364,2680848,2680868,0,2585304,2585304,0,29252,11.831,1759.533,1048576,312380,4ee8c36e87feb10e69ae3f42c539b7e02701039830f17bf2f124c9fbda4f090a,1,0
"a0744_lzysbl.raw",1,3,253,0,0,1,531.180,1782.885,2680848,2680868,0,2585304,2585304,0,29252,12.506,1770.379,1048576,312380,5a1da96ddfefbc3e8851e924466617eb79d5545e551aba4e56e13e1ac1fae970,1,0
"a0745_f0vhir.raw",1,0,255,0,0,1,546.435,1778.622,2680848,2680896,0,2585304,2585304,0,29252,11.640,1766.982,1048576,312380,ec696bf023d240687c32e9aac6ad80574ae872709fa4562ad99bf45edf599bb8,1,0
"a0746_c2yp2x.raw",1,1,255,0,0,1,529.218,1778.834,2680856,2680868,0,2585304,2585304,0,29252,11.621,1767.213,1048576,312380,f5d595d02bacb27be835ee9f5eaf7c0ead7333ffeaeec790b8389bf1bb6e5da8,1,0
"a0747_cuo48h.raw",1,0,255,0,0,1,742.630,1780.319,2680872,2680868,4,2585304,2585304,0,29252,11.638,1768.681,1048576,312380,647553aeba472df33aa8575f541875aa3f7de071915671de054a9efc2f7f6703,1,0
"a0748_ilgos5.raw",1,0,255,0,0,1,565.458,1781.824,2680848,2680868,0,2585304,2585304,0,29252,11.855,1769.969,1048576,312380,40dec6b4baf7de9ca15647438ca29196d96812917d88a79c6a28def0cd1deebd,1,0
"a0749_pwkwof.raw",1,0,255,0,0,1,556.487,1779.543,2680848,2680868,0,2585304,2585304,0,29252,11.657,1767.886,1048576,312380,08232c009e424ef362c3a65536ea7c244cb1899c6c6045a020bbefeb14f2f9d2,1,0
"a0750_lhkgrp.raw",1,0,255,0,0,1,532.679,1779.912,2680848,2680868,0,2585304,2585304,0,29252,11.687,1768.225,1048576,312380,10a656c42e59642131621ec11732aace39a825061f8483a558d80e23c0007452,1,0
"a0751_kejtsr.raw",1,0,255,0,0,1,597.725,1778.812,2680848,2680868,0,2585304,2585304,0,29252,12.855,1765.957,1048576,312380,1cf79ccd88bdae9f139374af0f0b9c6b11d42def47de1149229ecc44e3c22732,1,0
"a0752_osomim.raw",1,0,255,0,0,1,521.668,1780.553,2680848,2680868,0,2585304,2585304,0,29252,12.807,1767.746,1048576,312380,c4f74f70830a6e3fc59b8e273efdd41bf0abbd99672ce11d6b5eff0a0ebe8947,1,0
"a0753_uohkaf.raw",1,0,255,0,0,1,651.998,1781.482,2680848,2680868,0,2585304,2585304,0,29252,11.666,1769.816,1048576,312380,2dc9ee6daf6e80d49dd3e0964231109c242e08c969270f3bfbfd08d9459f81ae,1,0
"a0754_elpjrt.raw",1,0,255,0,0,1,635.788,1779.773,2680876,2680896,0,2585304,2585304,0,29252,11.688,1768.085,1048576,312380,55c11741c3dd9d2a683e86ad5f09b6d4884db0ed2b7084964c4bb51acd9e9f78,1,0
"a0755_unt17r.raw",1,0,255,0,0,1,502.488,1779.777,2680876,2680868,8,2585304,2585304,0,29252,11.594,1768.183,1048576,312380,9fcadccb37d02e802bfed49da60815649fc755e2459dcb89ebd0cf137f472399,1,0
"a0756_ud9ocf.raw",1,0,255,0,0,1,546.290,1782.886,2680716,2680736,0,2585304,2585304,0,29252,11.700,1771.186,1048576,312380,8819cccf7722b1b6a2c9c82f8615e4727c6ec60701eb22ff872bc52d5ed3e3ff,1,0
"a0757_yxnbvd.raw",1,0,255,0,0,1,561.608,1776.123,2680716,2680736,0,2585304,2585304,0,29252,11.873,1764.250,1048576,312380,5124924ada87a1a4a22cad367c6a0f788368bf022c2c775a19d9d22af57bfc3c,1,0
"a0758_o6d7rp.raw",1,0,255,0,0,1,515.420,1781.840,2680716,2680736,0,2585304,2585304,0,29252,11.672,1770.168,1048576,312380,c3b88d108b8b968fff25a0a0292b7df5824ad7a822398fad07e26df668c9ad97,1,0
"a0759_sxgamc.raw",1,0,255,0,0,1,720.796,1781.543,2680716,2680736,0,2585304,2585304,0,29252,11.797,1769.746,1048576,312380,9d0459ca15065f0eb6954a7422078e630538c365acd9ebf9a6c9bf93ac301655,1,0
"a0760_yl14ql.raw",1,0,255,0,0,1,829.861,1780.105,2680716,2680736,0,2585304,2585304,0,29252,11.677,1768.428,1048576,312380,e22535554643170c675be6622e8728172e0279223705a8dff722040d574cfb31,1,0
"a0761_dcyfun.raw",1,0,255,0,0,1,540.411,1780.147,2680716,2680736,0,2585304,2585304,0,29252,11.719,1768.428,1048576,312380,8219c00a48468c7088e5bdffeb40fdf0297ff1d06b43eafe110b58cd02692615,1,0
"a0762_rza9ov.raw",1,0,255,0,0,1,591.429,1776.152,2680716,2680736,0,2585304,2585304,0,29252,11.681,1764.471,1048576,312380,d9c32f47f859132d3ccea7b426e2104478df09e36d4a60644953272c7d80833c,1,0
"a0763_y60ubl.raw",1,0,255,0,0,1,751.005,1777.524,2680764,2680764,0,2585304,2585304,0,29252,11.709,1765.815,1048576,312380,fbc8b1282e918e98b5c8bf406125e12eaff15b9986b0d19370bedf3967c2daf8,1,0
"a0764_rgixeu.raw",1,0,255,0,0,1,584.122,1781.572,2680716,2680736,0,2585304,2585304,0,29252,11.780,1769.792,1048576,312380,2a370b6c1a9f0a420eb560cae52a6eaa15b667957fff1129f287c56b0b97d70c,1,0
"a0765_xd0bu7.raw",1,0,255,0,0,1,548.720,1778.976,2680716,2680736,0,2585304,2585304,0,29252,11.756,1767.220,1048576,312380,ca9ce69d3c48eabd716caedd517aeac73bcf5c0018a3841e9ab73f5b22771cb7,1,0
"a0766_ze9b3f.raw",1,0,255,0,0,1,556.184,1779.214,2680716,2680736,0,2585304,2585304,0,29252,11.632,1767.582,1048576,312380,4b6f922f3976b295c1814dd0803a8fa86a19fa444802ef5e4732ec6030f99637,1,0
"a0767_qwxmbg.raw",1,0,255,0,0,1,525.734,1777.727,2680716,2680736,0,2585304,2585304,0,29252,11.663,1766.064,1048576,312380,b32f1df11b26359830ba2b9aae75f2fe5a669b96d3dfc8ff356ab6c02b33e724,1,0
"a0768_jj4gjl.raw",1,0,255,0,0,1,530.614,1778.983,2680716,2680736,0,2585304,2585304,0,29252,11.765,1767.218,1048576,312380,9db04afe114d16eb2cf43fc5a22989756cd47f2912e9a89f69d4fbffdd13622c,1,0
"a0769_gitmsy.raw",1,5,251,0,0,1,553.495,1783.459,2680716,2680736,0,2585304,2585304,0,29252,12.531,1770.928,1048576,312380,ca29045df831b1fdc2d54efac0e6b9cacc1a01c097c186a80e811588d2c8de73,1,0
"a0770_aexvbp.raw",1,0,255,0,0,1,539.111,1777.788,2680716,2680736,0,2585304,2585304,0,29252,11.701,1766.087,1048576,312380,c0f725c508759de03b1cb5a5798f191dd5619a0fe0f81309d45fec5465f3e2ef,1,0
"a0771_upzakb.raw",1,0,255,0,0,1,498.092,1779.251,2680736,2680736,0,2585304,2585304,0,29252,12.118,1767.133,1048576,312380,7513b8bc67765a0f0287a18da2fb907b699757a80e5e7a6888fc17f3e138a234,1,0
"a0772_oxud4q.raw",1,0,255,0,0,1,487.121,1781.673,2680724,2680764,0,2585304,2585304,0,29252,11.803,1769.870,1048576,312380,27a2f7bd0eb558fe1ef60fe9aece4b745830b02f155cf1d32d92c13fd17c7720,1,0
"a0773_ru9dbg.raw",1,0,255,0,0,1,760.931,1783.055,2680744,2680736,8,2585304,2585304,0,29252,12.077,1770.978,1048576,312380,6c4585bad1b39830fc208b4bb122b6ffa39693288d2b91bea1f6f2dec7cce976,1,0
"a0774_nn8hcb.raw",1,0,255,0,0,1,659.615,1779.707,2680716,2680736,0,2585304,2585304,0,29252,11.701,1768.006,1048576,312380,078afc42277a26a097f1f6912f5e9ec9bd0dc35277f67e7402fcd1a21df26395,1,0
"a0775_o04m03.raw",1,0,255,0,0,1,505.655,1782.041,2680736,2680736,0,2585304,2585304,0,29252,11.719,1770.322,1048576,312380,b59c030e5bddff54ba251ecbc760cfb98f610a51dc616a0197bd6671a7a0bbc0,1,0
"a0776_negbbp.raw",1,0,255,0,0,1,636.857,1778.536,2680716,2680736,0,2585304,2585304,0,29252,11.669,1766.867,1048576,312380,24bafcd65b431561c1f850eaa315ca9f30e2695bc7b72ff44e928ea9a14459eb,1,0
"a0777_gqwblp.raw",1,0,255,0,0,1,541.631,1780.546,2680716,2680736,0,2585304,2585304,0,29252,11.928,1768.618,1048576,312380,952eb4ff7f0af02d4d60c3168ccba4ed1391d222478c3990c6c8287dc9c00f79,1,0
"a0778_qaafrk.raw",1,0,255,0,0,1,628.062,1780.481,2680716,2680736,0,2585304,2585304,0,29252,11.736,1768.745,1048576,312380,b36cc6db312d3e76396eee7d5940de8e22044e646c7c71bb67e19fe1d75b69dd,1,0
"a0779_bptrkt.raw",1,0,255,0,0,1,516.155,1781.595,2680716,2680736,0,2585304,2585304,0,29252,11.658,1769.937,1048576,312380,f754276590786d9c82c334ee4d9ee07cdd787230fb8e50f493edf3e299e3d4a3,1,0
"a0780_fz72nw.raw",1,0,255,0,0,1,511.666,1780.003,2680716,2680736,0,2585304,2585304,0,29252,11.669,1768.334,1048576,312380,f32bac776c66defa2bba11dc8491c2591327ab63e02b1ae42e5f21f8cd01feeb,1,0
"a0781_t9hi3t.raw",1,0,255,0,0,1,507.172,1779.810,2680736,2680764,0,2585304,2585304,0,29252,12.389,1767.421,1048576,312380,dc733edccf56ee4d43050aeee420a0c1a360e3614996d16e2219d10f13f31950,1,0
"a0782_vctoja.raw",1,0,255,0,0,1,579.153,1781.013,2680716,2680736,0,2585304,2585304,0,29252,11.745,1769.268,1048576,312380,2b28c8ba087532ae6db573da2a6ee2d4dc9dd511df3ad98451ed26c0bd0de338,1,0
"a0783_xnqnl3.raw",1,0,255,0,0,1,892.207,1780.594,2680716,2680736,0,2585304,2585304,0,29252,11.666,1768.928,1048576,312380,406ed3422556f432ec8a3409f9f459daca89c7940aab593d753deb3e9f7302ef,1,0
"a0784_qtsviy.raw",1,0,255,0,0,1,844.465,1781.443,2680716,2680736,0,2585304,2585304,0,29252,11.852,1769.591,1048576,312380,214f30128518a58070091b65f55a4d0c347e32ed701d9c88ff8868756a019f88,1,0
"a0785_msdluh.raw",1,0,255,0,0,1,568.351,1779.808,2680704,2680736,0,2585304,2585304,0,29252,11.736,1768.072,1048576,312380,c856644e35722d0ab3acf1179ab894c2a6275b9ded6ecdf59e0f11a02dfd3943,1,0
"a0786_h0hyyy.raw",1,0,255,0,0,1,555.146,1782.066,2680704,2680736,0,2585304,2585304,0,29252,12.468,1769.598,1048576,312380,aa2a78657a85a3210382ce78fa54e92aed14b167081c4be787a6494ac77c8437,1,0
"a0787_b6d0ky.raw",1,0,255,0,0,1,586.421,1780.533,2680704,2680736,0,2585304,2585304,0,29252,11.718,1768.815,1048576,312380,e1ff0e1cf7abf3d2a4ea4a27fa2c484d705c724c33c0756867343baf63c2d660,1,0
"a0788_twesiw.raw",1,0,255,0,0,1,559.221,1781.131,2680704,2680736,0,2585304,2585304,0,29252,12.529,1768.602,1048576,312380,ff6726583e0f5616e232b75adf86883fdb6454803df8c093089703bea0e58fb5,1,0
"a0789_gb92pe.raw",1,0,255,0,0,1,568.998,1779.424,2680704,2680736,0,2585304,2585304,0,29252,11.651,1767.773,1048576,312380,e03ce712b7cb862c90feec296634e7ffe32d1bc83a71061c6b04abd4b0c31f67,1,0
"a0790_bco4tj.raw",1,0,255,0,0,1,739.631,1780.209,2680764,2680764,0,2585304,2585304,0,29252,11.716,1768.493,1048576,312380,64a7d3c8cf3b96e127f2204cf52b5380b1c8c487a222858bcc6241f2aaaf0fd6,1,0
"a0791_wb6o3f.raw",1,0,255,0,0,1,580.631,1781.554,2680724,2680736,0,2585304,2585304,0,29252,11.725,1769.829,1048576,312380,8a53c111df60c3b5864db16bfeab8e1736f76f51656791704cc24083c78ca078,1,0
"a0792_pa5pgp.raw",1,0,255,0,0,1,514.282,1780.551,2680704,2680736,0,2585304,2585304,0,29252,12.479,1768.072,1048576,312380,83864ba43379c19a33c84a33a58914e34285e01fc9b05dac71bf3b98e0865dae,1,0
"a0793_vd9iof.raw",1,0,255,0,0,1,604.662,1781.706,2680704,2680736,0,2585304,2585304,0,29252,11.766,1769.940,1048576,312380,1f49a90c0265accfcafb268b1618bd36a1bb19e0bcc56b5200bceb12535b28e9,1,0
"a0794_k219ra.raw",1,0,255,0,0,1,543.324,1779.534,2680704,2680736,0,2585304,2585304,0,29252,11.980,1767.554,1048576,312380,ea2a858a26f17bab63509f637992b456c8d6dfcc4747538aa0f84b7691a542b9,1,0
"a0795_sb6rst.raw",1,0,255,0,0,1,525.316,1778.555,2680704,2680736,0,2585304,2585304,0,29252,12.136,1766.419,1048576,312380,a450621b632065e3994304c2e7cd60f076d21f73868567e89616011a668bd08f,1,0
"a0796_xclwib.raw",1,0,255,0,0,1,551.942,1776.239,2680704,2680736,0,2585304,2585304,0,29252,11.702,1764.537,1048576,312380,5735e4e3cd422428d967033f5d9b84b683cd50193890788594fce73ac46cfd2d,1,0
"a0797_egxwye.raw",1,0,255,0,0,1,545.875,1782.826,2680704,2680736,0,2585304,2585304,0,29252,11.715,1771.111,1048576,312380,e3211daf7a5428367534664aba739720b0d8a2c095e00f7146dc907b3cebe675,1,0
"a0798_kva4rd.raw",1,0,255,0,0,1,543.296,1782.919,2680704,2680736,0,2585304,2585304,0,29252,11.729,1771.190,1048576,312380,39354f5365687ed186cd425073cb216ff0163c401bbc711c6d51fc99917eda58,1,0
"a0799_rjx1y5.raw",1,0,255,0,0,1,574.955,1778.345,2680704,2680764,0,2585304,2585304,0,29252,11.682,1766.663,1048576,312380,8fef304f066f7df72d40881aaa44c5fc3f59c2fb4c5fb38bf929464df18f473c,1,0
"a0800_tk2jif.raw",1,0,255,0,0,1,548.044,1779.216,2680724,2680736,0,2585304,2585304,0,29252,11.747,1767.469,1048576,312380,4aa33f1693714655a96d4203e958faf08641bcbe51eea663fdac798f37c58f60,1,0
"a0801_pmshvh.raw",1,0,255,0,0,1,634.581,1779.670,2680704,2680736,0,2585304,2585304,0,29252,11.661,1768.009,1048576,312380,3920fad6a53caa9eb2391b5e4191383cabdf696e0c2fc48b427c92cd7cc44dc4,1,0
"a0802_ekiupc.raw",1,0,255,0,0,1,567.075,1779.313,2680704,2680736,0,2585304,2585304,0,29252,12.518,1766.795,1048576,312380,428657e67d6be237ed63193ebb49b078d584609586d97a9491d0981b77bcb059,1,0
"a0803_xfgf45.raw",1,0,255,0,0,1,560.284,1781.370,2680704,2680736,0,2585304,2585304,0,29252,11.669,1769.701,1048576,312380,38cf664f71d649950a8dad85777edca66ae2bba506d287f668cb747d495294d4,1,0
"a0804_ooc5vn.raw",1,0,255,0,0,1,513.404,1779.990,2680704,2680736,0,2585304,2585304,0,29252,11.667,1768.323,1048576,312380,4bcf28cfbfd8537a0c3977738eda97bf38e6de0031051dc5cabde1e592957e2c,1,0
"a0805_dghslm.raw",1,0,255,0,0,1,510.332,1777.101,2680716,2680736,0,2585304,2585304,0,29252,11.702,1765.399,1048576,312380,0305f3fd532b3a3a516462e80524fecd318a878d36e389337132c080cd21cfcd,1,0
"a0806_wum0iu.raw",1,0,255,0,0,1,528.387,1779.303,2680704,2680736,0,2585304,2585304,0,29252,11.645,1767.658,1048576,312380,b0ee2afc8b79fce8bdfa8cfe155f639a65cbad083eae782f6b9d103d314254e5,1,0
"a0807_f3pigs.raw",1,0,255,0,0,1,624.360,1780.582,2680704,2680736,0,2585304,2585304,0,29252,11.684,1768.898,1048576,312380,f27defaeb9521804fde46b388ef03cb16c7a7d19cf53dba1bf7f40617eba7536,1,0
"a0808_rawpbf.raw",1,0,255,0,0,1,526.556,1780.905,2680704,2680764,0,2585304,2585304,0,29252,11.672,1769.233,1048576,312380,8655b0f9d3e8bf5d672b5fbfc8b0e2f7ba691a6e1868fd3b0b5de4f60c5740f9,1,0
"a0809_wfdsgj.raw",1,26,230,0,0,1,498.747,1780.555,2680724,2680736,0,2585304,2585304,0,29252,12.755,1767.800,1048576,312380,d7c771a88bc2024326713a126ee726b6e83d0f9542ba8e596c8035aaa057ac29,1,0
"a0810_ewvsfz.raw",1,0,255,0,0,1,493.946,1779.197,2680736,2680736,0,2585304,2585304,0,29252,11.678,1767.519,1048576,312380,05ff97576e72aa8eea97663f7c12ddd3d17f8148e4ba48afdd025e2d0225c025,1,0
"a0811_elqoqf.raw",1,0,255,0,0,1,540.384,1777.532,2680704,2680736,0,2585304,2585304,0,29252,11.730,1765.802,1048576,312380,3a4e7f739672473fb87ee72c9cc30589c7d6fa5da7165acc0ea8d560f2b6c824,1,0
"a0812_hsg2wa.raw",1,0,255,0,0,1,521.169,1775.809,2680704,2680736,0,2585304,2585304,0,29252,11.678,1764.131,1048576,312380,c4e15ec2935413ebf2ec3b0e42b9a19dcef252bde61144a2f2158270a0aa574d,1,0
"a0813_lqjwai.raw",1,0,255,0,0,1,520.249,1779.781,2680704,2680736,0,2585304,2585304,0,29252,11.663,1768.118,1048576,312380,5f9e790560ac0eb6727d79d35b5ad304554ff9e44a0ab36c62d838ecee6d7448,1,0
"a0814_nkzdfz.raw",1,0,255,0,0,1,501.496,1777.544,2680736,2680736,0,2585304,2585304,0,29252,11.654,1765.890,1048576,312380,7cdd83aba0b178e548a847eef3187e58bf6b1c755b68a5ee1bfffb4d48047b9c,1,0
"a0815_jb7ymq.raw",1,12,244,0,0,1,548.988,1780.821,2680716,2680736,0,2585304,2585304,0,29252,11.702,1769.119,1048576,312380,3a3db36c46e8d3a9bdceecfc80c9c9a6e344818f5f69a53719c12d1419a12f5d,1,0
"a0816_o4htwx.raw",1,0,255,0,0,1,501.794,1783.578,2680736,2680736,0,2585304,2585304,0,29252,11.669,1771.909,1048576,312380,beb6f6563326dff54e7778e9427717315f87202d3b1cf8281bea0f117e0f0f4a,1,0
"a0817_ocsex0.raw",1,0,255,0,0,1,498.309,1780.093,2680736,2680736,0,2585304,2585304,0,29252,11.590,1768.503,1048576,312380,29853419bcdb3b73453dedad4b5cda6d78f76c7391454fbd37fb48429bd687c5,1,0
"a0818_dpor8o.raw",1,0,255,0,0,1,509.883,1780.484,2680736,2680736,0,2585304,2585304,0,29252,11.638,1768.846,1048576,312380,fe0afc65ddd54b02d96bd8fb8f5504f4f9109e18d13cf9d13ac67bd95f24d4b1,1,0
"a0819_xuvowc.raw",1,1,255,0,0,1,582.986,1783.479,2680712,2680736,0,2585304,2585304,0,29252,11.665,1771.814,1048576,312380,c115a404b820f15aad6d16d2fcc5a8148d3cd580d38d9ab93c1904b9a1d41d7f,1,0
"a0820_paaohf.raw",1,0,255,0,0,1,497.396,1781.092,2680736,2680736,0,2585304,2585304,0,29252,11.584,1769.508,1048576,312380,e47a4d41090f1c0463e799b3b7c372c3bc483c79a87f5dd46799beff971266f1,1,0
"a0821_dx76jf.raw",1,0,255,0,0,1,497.948,1780.586,2680736,2680736,0,2585304,2585304,0,29252,11.635,1768.951,1048576,312380,e3079660769bc5d58e4e1f472024e7ceac12c12ca31b3860a0f31c4592771bca,1,0
"a0822_hiit6y.raw",1,0,255,0,0,1,506.875,1780.925,2680716,2680736,0,2585304,2585304,0,29252,11.633,1769.292,1048576,312380,00b3d9fcee25832eaa7b3b7256507de45536dc1aac1f95b55fd216b449574090,1,0
"a0823_ja8t9a.raw",1,0,255,0,0,1,485.751,1782.423,2680736,2680736,0,2585304,2585304,0,29252,11.715,1770.708,1048576,312380,aef79fae802a68e3a2eefac9710557dbdeff48463c127cc177c4f13ea874e7f0,1,0
"a0824_rxppzr.raw",1,0,255,0,0,1,497.339,1780.987,2680736,2680736,0,2585304,2585304,0,29252,11.599,1769.388,1048576,312380,64472a2c032e6a4362cce1d09bf01839ae6956ddf1d65e65d19a648500f83a8a,1,0
"a0825_auy9db.raw",1,0,255,0,0,1,488.734,1779.182,2680716,2680736,0,2585304,2585304,0,29252,11.684,1767.498,1048576,312380,af6d034fc93f6cec9ac717548d771fd2f1c3e086060774c81c9e832a4e8547e3,1,0
"a0826_qdzqux.raw",1,0,255,0,0,1,526.485,1779.954,2680716,2680736,0,2585304,2585304,0,29252,11.580,1768.374,1048576,312380,12f1a58d5ceb30a3f479f4d069ae02f7b2615811a1b8f1286d6ade4967dbd7b4,1,0
"a0827_emcfqn.raw",1,1,255,0,0,1,542.524,1781.140,2680716,2680736,0,2585304,2585304,0,29252,11.602,1769.538,1048576,312380,63617811ca7ead9e4129abf3242a24168a8e561fdb6faee03261ce9445d1672d,1,0
"a0828_ct8vho.raw",1,0,255,0,0,1,557.682,1780.353,2680716,2680736,0,2585304,2585304,0,29252,11.718,1768.635,1048576,312380,87eea7e01c6b6f33505fe092d5c3f75c6e97c6bb039a65964429c7dd317153f0,1,0
"a0829_wgpf7s.raw",1,0,255,0,0,1,515.389,1779.954,2680716,2680736,0,2585304,2585304,0,29252,11.624,1768.330,1048576,312380,98f9b2c8ef7aabb885f4e59845b6563a96afa88856b3852f68a6e007c9d9ee1b,1,0
"a0830_qrkzkk.raw",1,0,255,0,0,1,522.194,1782.451,2680716,2680736,0,2585304,2585304,0,29252,11.662,1770.789,1048576,312380,b8a9b589a3dfbac8aaef314f479dadbdf6eaa69fb1d25d0dbec07cff005f1f47,1,0
"a0831_jcvthf.raw",1,1,255,0,0,1,507.233,1781.331,2680716,2680736,0,2585304,2585304,0,29252,11.638,1769.693,1048576,312380,ba9ee898fcf33b33fe6c07f6f196efa945e4454d6e83abc6c6ca733294aa47fa,1,0
"a0832_sybcyr.raw",1,0,255,0,0,1,508.910,1781.028,2680736,2680736,0,2585304,2585304,0,29252,11.686,1769.342,1048576,312380,2074fe904a44c8b016c5ee01f8bca46c29ee2a21a24cb02506cd0a43af9b2359,1,0
"a0833_dm6xib.raw",1,0,255,0,0,1,482.277,1781.664,2680716,2680736,0,2585304,2585304,0,29252,12.379,1769.285,1048576,312380,a7c6c94997ba1a568e065697ee90bee2bf982bba7f5c4312d666674ca40e55a0,1,0
"a0834_p7u54n.raw",1,0,255,0,0,1,506.067,1782.351,2680716,2680736,0,2585304,2585304,0,29252,11.690,1770.661,1048576,312380,242a6e0d658be2166731404b39ca8a25f6b6dd34005034ce39fb6e2b333afedd,1,0
"a0835_vantug.raw",1,0,255,0,0,1,488.117,1780.851,2680716,2680736,0,2585304,2585304,0,29252,11.845,1769.006,1048576,312380,a36709bbb02f4aedcd8f0e4c2644f2d23ea0bedf825ad35d6afdd811729bd730,1,0
"a0836_mun9q0.raw",1,0,255,0,0,1,554.623,1779.895,2680716,2680736,0,2585304,2585304,0,29252,11.730,1768.165,1048576,312380,29670fa59f2aed9052293d86de11019eb2ac69092451ec1e2dac8118314bf729,1,0
"a0837_scdivg.raw",1,0,255,0,0,1,528.466,1781.604,2680716,2680736,0,2585304,2585304,0,29252,12.016,1769.588,1048576,312380,878dbe76e549673e7d7bad68b521ef53e569126b1be9737663013dde2adfcd2a,1,0
"a0838_bpbznd.raw",1,0,255,0,0,1,513.517,1779.732,2680716,2680736,0,2585304,2585304,0,29252,11.734,1767.998,1048576,312380,a83e89cfce76044a857f98c4fb313ecb0158e582d6823959473de2ffd2e41afd,1,0
"a0839_kbw6wl.raw",1,0,255,0,0,1,524.499,1781.414,2680716,2680736,0,2585304,2585304,0,29252,11.707,1769.707,1048576,312380,992a8984c0c4faecde79ed7a30d879f4c18a6945966588eeca8dd7ce238e6d0c,1,0
"a0840_vmqgjq.raw",1,0,255,0,0,1,500.600,1779.844,2680736,2680720,16,2585304,2585304,0,29252,11.622,1768.222,1048576,312380,cd272a024832b282921eca1db10611dca03f32bd7159744a731dd1516edd532f,1,0
"a0841_tykaik.raw",1,0,255,0,0,1,507.754,1778.712,2680736,2680736,0,2585304,2585304,0,29252,11.681,1767.031,1048576,312380,7fd69da3c7ffd4c53d24cca10a5f83fc9c2fa5690ca5853cbde659cddff2ffd0,1,0
"a0842_yjt6jg.raw",1,0,255,0,0,1,496.574,1779.945,2680736,2680736,0,2585304,2585304,0,29252,11.620,1768.325,1048576,312380,7e0b13e6a9ce864e5fe33fb5aa971f0f0368f98f07fd71c962482f9d316d34a8,1,0
"a0843_sxn9db.raw",1,0,255,0,0,1,493.614,1782.947,2680736,2680736,0,2585304,2585304,0,29252,11.974,1770.973,1048576,312380,b04e2d91bb835065e3e13cfadd10f599b76d99cde9960cc5e4ef26da8fe05ca5,1,0
"a0844_orspbr.raw",1,0,255,0,0,1,491.726,1778.622,2680736,2680736,0,2585304,2585304,0,29252,11.716,1766.906,1048576,312380,00d023266f6fa792bd687471edfac554b79b206c55adacd2da6b4e08fe783643,1,0
"a0845_t6gxnm.raw",1,0,255,0,0,1,490.507,1781.334,2680736,2680736,0,2585304,2585304,0,29252,11.576,1769.758,1048576,312380,408e271dedd039ed28c3fb05ec38f3c4fcd5d2ffbd4b0a730186a7c89957c0b2,1,0
"a0846_bh9gxd.raw",1,0,255,0,0,1,487.904,1781.698,2680736,2680736,0,2585304,2585304,0,29252,13.017,1768.681,1048576,312380,ea2df6e5cf816894b4abbaa0f7b299eda7f92c0edb68a0fd8f4644493256f55d,1,0
"a0847_ybdqxw.raw",1,0,255,0,0,1,500.962,1779.037,2680736,2680736,0,2585304,2585304,0,29252,11.673,1767.364,1048576,312380,46609e377b50a7613d97af559f55be1b3d6d489d81211d26f391fc3215f8012c,1,0
"a0848_ncpp26.raw",1,0,255,0,0,1,506.438,1779.643,2680736,2680736,0,2585304,2585304,0,29252,11.667,1767.976,1048576,312380,d35c0a099beb39fab093a7177a9108cca80e3c8620013d372ffc9a9130a84035,1,0
"a0849_atsaxb.raw",1,0,255,0,0,1,485.755,1780.303,2680704,2680736,0,2585304,2585304,0,29252,11.729,1768.574,1048576,312380,f8c237b3296de978bb932e4a95f51e456b869f9ab2e895b8f131e462602539cb,1,0
"a0850_hxq9qe.raw",1,0,255,0,0,1,518.507,1777.494,2680704,2680736,0,2585304,2585304,0,29252,11.707,1765.787,1048576,312380,b095781e91cdda9821ef22ea9e309957dda91bf7b42da42167138462d4734f5a,1,0
"a0851_gyh0is.raw",1,0,255,0,0,1,531.751,1781.193,2680704,2680736,0,2585304,2585304,0,29252,11.654,1769.539,1048576,312380,11ed51d50ed06295dc8586da2fd2c21659b6a2c1af27f623e8501eeafadd60a2,1,0
"a0852_t8myv6.raw",1,0,255,0,0,1,525.497,1779.419,2680704,2680736,0,2585304,2585304,0,29252,11.648,1767.771,1048576,312380,b4efe889cc47a67a9adca0bf3180b9ad16f39f0bf7cdde961955f4ab6eb2121e,1,0
"a0853_v7iovm.raw",1,0,255,0,0,1,500.219,1779.114,2680868,2680868,0,2585304,2585304,0,29252,11.714,1767.400,1048576,312380,cebb5dab1159f87aee32b0714505da2519b5384a272c505ddd62a2f2893f8233,1,0
"a0854_kt4cfx.raw",1,0,255,0,0,1,502.624,1781.447,2680868,2680868,0,2585304,2585304,0,29252,11.908,1769.539,1048576,312380,1e7d368f489304e1b10a7ad87e5f119aaa8532cfde0dc180721515e26ea01cb6,1,0
"a0855_msi9bq.raw",1,0,255,0,0,1,522.081,1782.709,2680848,2680868,0,2585304,2585304,0,29252,11.708,1771.001,1048576,312380,a0fae63ffd35e2d15412584acd51f99ef4517b9563c6b6aed4c77ae4c96a07e5,1,0
"a0856_qb3144.raw",1,1,255,0,0,1,494.491,1781.889,2680868,2680868,0,2585304,2585304,0,29252,11.612,1770.277,1048576,312380,dba72ed81222f148c2160a240c56175f44ee70031c8da593443ea6592a64bf28,1,0
"a0857_evjxmt.raw",1,0,255,0,0,1,482.578,1779.820,2680848,2680868,0,2585304,2585304,0,29252,11.777,1768.043,1048576,312380,80bdbcf98afda102401fe6785d0509288bd217bdf3e15773f429bd1898ca529b,1,0
"a0858_tbkvom.raw",1,0,255,0,0,1,504.624,1782.857,2680868,2680868,0,2585304,2585304,0,29252,12.808,1770.049,1048576,312380,3dfe8da527cc63dedc1362475431bb18d7cf1ca5340b8c8a0a279e36884d22a5,1,0
"a0859_xevmvq.raw",1,0,255,0,0,1,488.560,1782.754,2680868,2680868,0,2585304,2585304,0,29252,11.757,1770.997,1048576,312380,6e61e582b390face7cd1e279c519872255e76c4ab25a473b4dab81a9cec2e6b3,1,0
"a0860_ypkcpl.raw",1,0,255,0,0,1,565.804,1781.485,2680848,2680868,0,2585304,2585304,0,29252,11.704,1769.781,1048576,312380,af6ad569152837e3162221f9facb34b3cd96d6f7d0e9d40294e07fb8b7c413f3,1,0
"a0861_to1dkl.raw",1,0,255,0,0,1,502.303,1783.078,2680868,2680868,0,2585304,2585304,0,29252,12.681,1770.397,1048576,312380,83adade61e78db446b81a50dda77d573ad0f6d90004884a6ded3a4c3bd956ac7,1,0
"a0862_vjnuox.raw",1,0,255,0,0,1,516.160,1781.313,2680848,2680868,0,2585304,2585304,0,29252,11.957,1769.356,1048576,312380,71e83957706380d49b209760d11a292dbc048a79f2e17e138b4697cefdfebcd9,1,0
"a0863_t6og9h.raw",1,0,255,0,0,1,491.988,1774.699,2680868,2680868,0,2585304,2585304,0,29252,11.725,1762.974,1048576,312380,91269eab43d9f364182fa9d1aee9a87aa92442b77e7da8c6a94d4fbb064204b1,1,0
"a0864_jo5rr4.raw",1,0,255,0,0,1,532.216,1781.741,2680848,2680868,0,2585304,2585304,0,29252,11.647,1770.094,1048576,312380,c71c3f8ebd4ba5b6e00bc58544cbaa4c7e51338bf41fba04ecd87d0454cdf055,1,0
"a0865_p2e5xc.raw",1,0,255,0,0,1,503.699,1781.059,2680868,2680868,0,2585304,2585304,0,29252,11.680,1769.379,1048576,312380,d5c07f3114ff169957552ec283e398056e648b3d11968feaac18093b5fdf5e1e,1,0
"a0866_csdd84.raw",1,0,255,0,0,1,509.175,1780.697,2680848,2680868,0,2585304,2585304,0,29252,11.622,1769.075,1048576,312380,064f00e9852b5e52fbdcf0bbef9fd16dbaeb473ef727ecd7b020d78e73559b2b,1,0
"a0867_yuoqce.raw",1,0,255,0,0,1,497.852,1781.128,2680868,2680868,0,2585304,2585304,0,29252,11.618,1769.510,1048576,312380,fffffca5955e2420f30985d004f4263badfc7068078fbd236a97069241b7f0a0,1,0
"a0868_meddym.raw",1,0,255,0,0,1,491.745,1782.149,2680868,2680868,0,2585304,2585304,0,29252,11.907,1770.242,1048576,312380,fa14c20b56984be90126d8078cefd73dbd5a2641dc7f4ca09839007869e680ab,1,0
"a0869_mengeh.raw",1,0,255,0,0,1,518.925,1782.260,2680856,2680868,0,2585304,2585304,0,29252,11.623,1770.637,1048576,312380,ae38fdbeff86f692b8e69f1737cfef74ae97f646c352fd580b1db05f3347c495,1,0
"a0870_lr9loo.raw",1,0,255,0,0,1,499.490,1778.233,2680868,2680868,0,2585304,2585304,0,29252,11.645,1766.588,1048576,312380,25bc88efba81fe3050a3a04f5d6f3d0df4a4a46bb567059eec98781b0bbd9d2d,1,0
"a0871_g1yqnr.raw",1,0,255,0,0,1,519.061,1782.210,2680848,2680868,0,2585304,2585304,0,29252,11.626,1770.584,1048576,312380,1bb47d2d39e833c669b38734a2fa4d1dda0cb40703a6397d3291bbd03f0be82b,1,0
"a0872_cwd26g.raw",1,0,255,0,0,1,485.939,1781.114,2680848,2680868,0,2585304,2585304,0,29252,11.652,1769.462,1048576,312380,9ac6819e3ffbf6932ed72ac00cb24f5427d6f335c571b41c438ef6a0dcb2dd5a,1,0
"a0873_n7uczw.raw",1,0,255,0,0,1,514.297,1779.673,2680848,2680868,0,2585304,2585304,0,29252,11.670,1768.003,1048576,312380,8ccd2badac7106b8b9596388254ff755c0c3b3da4c6102028e0e448ffa457b8a,1,0
"a0874_atkpzx.raw",1,0,255,0,0,1,513.095,1781.671,2680848,2680868,0,2585304,2585304,0,29252,12.475,1769.196,1048576,312380,db8fc83ac46b5ddb5c0af79a5cfa74674d86b6a5b9237e3272705eeeca94db8d,1,0
"a0875_tzaliv.raw",1,0,255,0,0,1,492.493,1778.438,2680868,2680868,0,2585304,2585304,0,29252,11.665,1766.773,1048576,312380,83a5bc111a007b6a04b49515631b1d1437c1818da7eb9b163078fcbb06f95a17,1,0
"a0876_cjzvjc.raw",1,0,255,0,0,1,514.365,1780.366,2680848,2680868,0,2585304,2585304,0,29252,11.621,1768.745,1048576,312380,4270c910fd7aeead9eeaf6d4843ebb27be2320cf048e3876015d5281f16a1619,1,0
"a0877_y9gzac.raw",1,0,255,0,0,1,526.488,1780.223,2680848,2680868,0,2585304,2585304,0,29252,11.692,1768.531,1048576,312380,65616d111806dc3ac699d41efdde70dd1a257b58841a40ae67d5e8aa587bc580,1,0
"a0878_dlogyd.raw",1,0,255,0,0,1,527.692,1781.340,2680848,2680868,0,2585304,2585304,0,29252,11.664,1769.676,1048576,312380,cb0caa855300e3990b84091983a104a5bd2eae712dca9b15699d2e2c6e9d22a2,1,0
"a0879_myemcq.raw",1,0,255,0,0,1,480.994,1779.243,2680848,2680868,0,2585304,2585304,0,29252,11.677,1767.566,1048576,312380,1bf4772b1084f0ec12e8b3483b7d7a8ae68281856bd14085d5e90e3f9e0d4b81,1,0
"a0880_cfnnmp.raw",1,0,255,0,0,1,509.795,1779.765,2680736,2680736,0,2585304,2585304,0,29252,11.581,1768.184,1048576,312380,25d9ab82b4685d0825ba756c49512e423096f9550fcbb29152aef84a31d7938b,1,0
"a0881_ljtvq1.raw",1,0,255,0,0,1,527.573,1779.686,2680716,2680736,0,2585304,2585304,0,29252,11.657,1768.029,1048576,312380,7d4978cfc0e1817f1e4db1637c815a3f895d5fbb91fb3ab9dbd00633458f01a2,1,0
"a0882_a84tnc.raw",1,0,255,0,0,1,497.870,1782.517,2680736,2680736,0,2585304,2585304,0,29252,12.645,1769.872,1048576,312380,3c36b5f70fe8cd65ff99a35b963ef6ce61af3f9ae42644d6d839af5d991b9697,1,0
"a0883_pmjcjh.raw",1,0,255,0,0,1,512.941,1781.196,2680716,2680736,0,2585304,2585304,0,29252,11.959,1769.237,1048576,312380,34ff51db90e1f47bb7a996ba0f27d821dacdd4cca97cfd2d0ae605c9ef1bd398,1,0
"a0884_gfbw71.raw",1,0,255,0,0,1,521.189,1779.756,2680716,2680736,0,2585304,2585304,0,29252,11.976,1767.780,1048576,312380,70a781459f4279b53c652abfa90553607a1c26eab4a67f03ff49bdd100a573a4,1,0
"a0885_fhifeg.raw",1,0,255,0,0,1,562.097,1779.313,2680716,2680736,0,2585304,2585304,0,29252,11.647,1767.666,1048576,312380,5a86e6a535d3fb2839223aaecca4628bdf2691877bfa7afd1ee29cd83c5c54b8,1,0
"a0886_rdx8hw.raw",1,0,255,0,0,1,503.754,1778.276,2680736,2680736,0,2585304,2585304,0,29252,12.395,1765.881,1048576,312380,1c373c086a4e635bd7a03c7fb7e503c91f36372a4e3affd6b97b2e468c37d7b1,1,0
"a0887_ugr4tq.raw",1,0,255,0,0,1,507.008,1780.217,2680716,2680736,0,2585304,2585304,0,29252,11.957,1768.260,1048576,312380,54b58b671db63b1bd52af234d69ecc8608e3b82dcbfc7d6e50005ba30dbb1792,1,0
"a0888_dddc2r.raw",1,0,255,0,0,1,523.775,1781.074,2680716,2680736,0,2585304,2585304,0,29252,11.923,1769.151,1048576,312380,061acad059b00d38ff5ac93bc04d20d8b93bfdd5901e5909b194d8c7b8c0123e,1,0
"a0889_p7edum.raw",1,33,223,0,0,1,552.117,1778.332,2680716,2680736,0,2585304,2585304,0,29252,11.575,1766.757,1048576,312380,4f750f14a6be0644e192f530f75a83515840c38f244eadb86bece6a6dc33e94f,1,0
"a0890_nsgjou.raw",1,0,255,0,0,1,504.643,1782.625,2680736,2680736,0,2585304,2585304,0,29252,12.897,1769.728,1048576,312380,7cb8bef867605b5ec72d0eafb7ea76b4cc5b0997262c4a3c6a733b4326a64061,1,0
"a0891_xrxbn8.raw",1,0,255,0,0,1,493.998,1781.546,2680736,2680736,0,2585304,2585304,0,29252,11.750,1769.796,1048576,312380,ae174d34d2e07f9d0bd108aa0b1e117025166c55604160d742d558e64324d294,1,0
"a0892_trop1o.raw",1,0,255,0,0,1,505.837,1782.384,2680736,2680736,0,2585304,2585304,0,29252,11.690,1770.694,1048576,312380,d7dab6f6cf7911de414c847b24edde6b0b6b1a482b7856133cfddb215e46f86f,1,0
"a0893_pidjvq.raw",1,0,255,0,0,1,490.111,1779.161,2680736,2680736,0,2585304,2585304,0,29252,11.659,1767.502,1048576,312380,26a0804ceaf6d6fe862cc5181ba8c71dc9cc9e1704f169f38f2b3bdc67f5c5af,1,0
"a0894_xkszfb.raw",1,0,255,0,0,1,489.596,1782.996,2680736,2680736,0,2585304,2585304,0,29252,11.840,1771.156,1048576,312380,88ade5490e0a1937e3b55c199c44a6c659aee2bc72786dc35acac2636e4cb5b8,1,0
"a0895_fqwgdf.raw",1,65,191,0,0,1,480.615,1780.308,2680716,2680736,0,2585304,2585304,0,29252,11.908,1768.400,1048576,312380,efe7debe58a47ab16ae4a51abce48d35b3c9e0e882c7b2eab4df5aae1e5909e0,1,0
"a0896_itt8b0.raw",1,5,251,0,0,1,496.173,1780.320,2680736,2680736,0,2585304,2585304,0,29252,11.634,1768.686,1048576,312380,994b63842ba0d8090e37bb2cb4cc64afa0faba690029e3520ff77beffa0ba89f,1,0
"a0897_m8645c.raw",1,2,254,0,0,1,507.893,1779.127,2680736,2680736,0,2585304,2585304,0,29252,11.704,1767.423,1048576,312380,373b5bac633eefa6120002d1644b796c6a3910d9ce0df1b44e813858fa9c4fd1,1,0
"a0898_rzwgnv.raw",1,151,105,1,0,0,519.041,1780.911,2680716,2680736,0,2585304,2585304,0,29252,11.601,1769.310,1048576,312380,73ace1bce429103ad04adbfd1b8889c39aa53e4c8a4f8b6233fec9438e810602,1,0
"a0899_quzq7p.raw",1,1,255,0,0,1,509.007,1781.265,2680736,2680736,0,2585304,2585304,0,29252,13.004,1768.261,1048576,312380,7a18bcf76b1c9ad7e4aaaebb2f7470469322298d16429340a2911111333c4713,1,0
"a0900_iabglw.raw",1,2,254,0,0,1,497.006,1782.310,2680736,2680736,0,2585304,2585304,0,29252,11.664,1770.646,1048576,312380,d2450de7d8cc3c303b88ce7883846d3ee0cbe87f8781691d7dc8d72b75eb7023,1,0
"a0901_ilsl9y.raw",1,0,255,0,0,1,495.563,1778.458,2680736,2680736,0,2585304,2585304,0,29252,11.683,1766.775,1048576,312380,c00171c3b68f1a96163903e652c3b55cf22d0c9005177f2ecb54bd0f06a692e5,1,0
"a0902_rembu7.raw",1,0,255,0,0,1,501.761,1779.996,2680736,2680736,0,2585304,2585304,0,29252,11.813,1768.183,1048576,312380,3f991887dd0c5432dcfb231fd46b0bdc10699b74464a44ee67d22c99a3b53372,1,0
"a0903_m8c2rs.raw",1,3,253,0,0,1,508.087,1780.101,2680736,2680736,0,2585304,2585304,0,29252,11.707,1768.394,1048576,312380,36babf92301cdc036f076f723bd236b4a44ec16f10478e04f89477c3d15d1332,1,0
"a0904_uvav8u.raw",1,0,255,0,0,1,489.570,1780.179,2680736,2680736,0,2585304,2585304,0,29252,11.667,1768.512,1048576,312380,0a8b557c7b6fa500603da6b4e14440c793332649e24ababf3b3f7414f6e808b8,1,0
"a0905_qf09nh.raw",1,0,255,0,0,1,500.583,1781.451,2680736,2680736,0,2585304,2585304,0,29252,11.588,1769.863,1048576,312380,98a68921093a762e670abf8c9a5a896d1bbfc7d9b2942f40d51f0861ed6048f1,1,0
"a0906_vfzxgn.raw",1,0,255,0,0,1,520.712,1779.602,2680716,2680736,0,2585304,2585304,0,29252,11.650,1767.952,1048576,312380,81a96eef097c1495c288937a42c8ba364f9256c0252c38853261bf86fe20fa6b,1,0
"a0907_gtspia.raw",1,0,255,0,0,1,486.746,1781.577,2680736,2680736,0,2585304,2585304,0,29252,11.610,1769.967,1048576,312380,ee5177c1a53cdd7508b613e751bf54686d7b9444bc7fdc55792dac727049ff82,1,0
"a0908_zsoqqj.raw",1,0,255,0,0,1,529.773,1778.315,2680716,2680736,0,2585304,2585304,0,29252,11.642,1766.673,1048576,312380,3aaed876e67d69337192b14db0e4cec2cc065db27b012a33ae9ef4f6d4cffe26,1,0
"a0909_abdxqi.raw",1,0,255,0,0,1,495.953,1782.947,2680736,2680736,0,2585304,2585304,0,29252,12.732,1770.215,1048576,312380,0511182fc8c88f42353bd39204ea5ef07b3f1131903465ce5bcf81204938e57b,1,0
"a0910_wmnbxs.raw",1,0,255,0,0,1,499.811,1782.330,2680736,2680736,0,2585304,2585304,0,29252,11.683,1770.647,1048576,312380,22ff29179c9280d8d1b9eff1e842b088c49550cd7fe73e16cce5851fd4419343,1,0
"a0911_qhshgz.raw",1,0,255,0,0,1,520.040,1781.320,2680704,2680736,0,2585304,2585304,0,29252,11.702,1769.618,1048576,312380,0a091fe79f57b69d99041b3c2199034968579c9373889dc3ac5f49af4542370d,1,0
"a0912_hsoiv1.raw",1,0,255,0,0,1,601.162,1780.044,2680704,2680736,0,2585304,2585304,0,29252,11.602,1768.442,1048576,312380,ae5e815305924acda3951af428f3688efcf83f39f9fdc554b274fb8d0fbe3970,1,0
"a0913_zdvegf.raw",1,0,255,0,0,1,493.914,1783.123,2680736,2680736,0,2585304,2585304,0,29252,11.633,1771.490,1048576,312380,13cf1079cfc2110b091e4e299771b019916fee046a2a3a61e3d9545dabff40c0,1,0
"a0914_fw1mbt.raw",1,0,255,0,0,1,492.931,1783.668,2680736,2680736,0,2585304,2585304,0,29252,12.557,1771.111,1048576,312380,b46cbcf4362f0803741268a498422dc9d13b755bd0051080dc4be284e46f00f1,1,0
"a0915_onsav3.raw",1,0,255,0,0,1,506.033,1780.714,2680736,2680736,0,2585304,2585304,0,29252,11.663,1769.051,1048576,312380,4e3cc623eb8790bf6274f87473ca72fc7ae03e65e0f75d7fa5c7f25ad274dd0f,1,0
"a0916_vzortr.raw",1,0,255,0,0,1,508.682,1778.959,2680736,2680736,0,2585304,2585304,0,29252,11.754,1767.205,1048576,312380,b5280b091c198b78a30fc431efc890222e76eac9378755adaabf38aee32545c5,1,0
"a0917_rimnro.raw",1,0,255,0,0,1,503.045,1780.473,2680740,2680736,4,2585304,2585304,0,29252,11.676,1768.797,1048576,312380,dad4397542e670571a830b7e65fc81f11053cf613275d90c87eda586368a776e,1,0
"a0918_let3nb.raw",1,0,255,0,0,1,495.384,1779.732,2680736,2680736,0,2585304,2585304,0,29252,11.572,1768.160,1048576,312380,bff3d225421928a0cd8954186944d5032efe42cdada53a3fc4a55f4ba68a5266,1,0
"a0919_thhrs9.raw",1,0,255,0,0,1,501.289,1792.774,2680736,2680736,0,2585304,2585304,0,29252,12.359,1780.415,1048576,312380,0425c530e584ad175727f57deb273e7fb767db29a6e02d0933bdd77493ca8ff9,1,0
"a0920_tzu4or.raw",1,0,255,0,0,1,525.329,1778.151,2680704,2680736,0,2585304,2585304,0,29252,11.661,1766.490,1048576,312380,40456b0b044b9a9de8843c6e7cc0abd815bec922e6df860743731bb95f5f4dfc,1,0
"a0921_xwl2m2.raw",1,1,255,0,0,1,496.824,1781.057,2680736,2680736,0,2585304,2585304,0,29252,11.890,1769.167,1048576,312380,1aefe9f81b382f9be27cd29f01342227f77ed09120c9a7874122a88bb8d14260,1,0
"a0922_ptnhyf.raw",1,0,255,0,0,1,502.684,1782.097,2680736,2680736,0,2585304,2585304,0,29252,11.619,1770.478,1048576,312380,993fb51284a3caa03f3638a2275e326dc5c663756900c6037b0eee9211c90a82,1,0
"a0923_zhqnfa.raw",1,0,255,0,0,1,502.641,1779.229,2680736,2680736,0,2585304,2585304,0,29252,11.664,1767.565,1048576,312380,04ec7e96d915f01b5788256e37001e221886269daabffec1d6099f5c15f6253c,1,0
"a0924_yrvcde.raw",1,0,255,0,0,1,491.257,1778.260,2680736,2680736,0,2585304,2585304,0,29252,11.661,1766.599,1048576,312380,8be64cb6aa4cfc4e4cc947f82ce5f9c94009151107f231b29aac60ef130fc479,1,0
"a0925_jojxoz.raw",1,0,255,0,0,1,553.777,1781.914,2680704,2680736,0,2585304,2585304,0,29252,11.574,1770.340,1048576,312380,1a89ed7a91eece3f5a8fb0e42581d19a73f9f284508dc9c6bfe58aa5ecb96e88,1,0
"a0926_s5fqda.raw",1,3,253,0,0,1,487.691,1778.365,2680704,2680736,0,2585304,2585304,0,29252,11.840,1766.525,1048576,312380,4bcd40382d2c25aed29fb9a36f06c426939f590b24349b0aba72a386e348d089,1,0
"a0927_agxdjn.raw",1,0,255,0,0,1,503.092,1776.689,2680736,2680736,0,2585304,2585304,0,29252,12.695,1763.994,1048576,312380,fe0e2b33fdee34874903160208b9426997bfe68df1c2f996c4db003805a78c12,1,0
"a0928_nxwt0j.raw",1,0,255,0,0,1,494.987,1781.016,2680736,2680736,0,2585304,2585304,0,29252,11.715,1769.301,1048576,312380,705f3eab6a2454a86345a7635003f43049faadca3099f53d9bb2f3cddc601609,1,0
"a0929_insdo7.raw",1,0,255,0,0,1,483.175,1779.292,2680736,2680736,0,2585304,2585304,0,29252,11.664,1767.628,1048576,312380,7add8ef11e110051515448fbfa288f4ecf29ec2a4bda455cfd59c4b4bef604eb,1,0
"a0930_nstgfg.raw",1,0,255,0,0,1,505.978,1783.343,2680736,2680736,0,2585304,2585304,0,29252,11.897,1771.446,1048576,312380,2ccde73818b80fc13110048b50fa40ba607ae16d1f6396db9086e4ba35994a7c,1,0
"a0931_cvujv4.raw",1,0,255,0,0,1,560.815,1779.319,2680704,2680736,0,2585304,2585304,0,29252,11.675,1767.644,1048576,312380,0e32865e068af23f7db789acffc99b304d2f3ad9beceb4eab9bbb88be5896ad2,1,0
"a0932_qenein.raw",1,0,255,0,0,1,500.801,1781.206,2680736,2680736,0,2585304,2585304,0,29252,11.603,1769.603,1048576,312380,04893d53a9e46bfa29fa0239db639864b9f413a40bddd0136b62c091cc417909,1,0
"a0933_ddzhlj.raw",1,0,255,0,0,1,518.403,1781.266,2680704,2680736,0,2585304,2585304,0,29252,11.624,1769.642,1048576,312380,41644077af723868f1f6a1831b3d483f3b071921bb329197f91926b0ce443323,1,0
"a0934_h9y6jq.raw",1,0,255,0,0,1,524.613,1779.763,2680704,2680736,0,2585304,2585304,0,29252,11.571,1768.192,1048576,312380,0ac1e20e3a21904396739c83bbc38b45a21f9c89647bf05ed8b3529cc2e29ab5,1,0
"a0935_wkfaia.raw",1,0,255,0,0,1,522.128,1780.610,2680704,2680736,0,2585304,2585304,0,29252,11.580,1769.030,1048576,312380,e2c512e8c7377c9ac0d14618098e59a99e3830efa996670682bc722256099acb,1,0
"a0936_bokibz.raw",1,0,255,0,0,1,495.106,1782.076,2680736,2680736,0,2585304,2585304,0,29252,11.965,1770.111,1048576,312380,8f7555e32bf60c22cbf6ab332ea02178b07fed152ad6572daf27a4ab8d49c341,1,0
"a0937_q2grnt.raw",1,0,255,0,0,1,511.487,1779.528,2680756,2680764,0,2585304,2585304,0,29252,11.632,1767.896,1048576,312380,1e1040f056838431c7552e72a442b2a978fd9739605502852c9282c20766c8b1,1,0
"a0938_zlqrwc.raw",1,4,252,0,0,1,508.792,1778.891,2680744,2680736,8,2585304,2585304,0,29252,11.692,1767.199,1048576,312380,ee1e3e8a83213a9ea661132bef33ada99737df002673288e50c3392593aca32a,1,0
"a0939_gnzseb.raw",1,0,255,0,0,1,526.056,1780.838,2680716,2680736,0,2585304,2585304,0,29252,11.668,1769.170,1048576,312380,69acd929a48de3b767e5e93f364fffc3d0b60d7fbe7c85fb9ed7947df2ffe71f,1,0
"a0940_cedhge.raw",1,0,255,0,0,1,502.703,1778.611,2680736,2680736,0,2585304,2585304,0,29252,11.676,1766.935,1048576,312380,867dc0c2d888283d32a44c942b8c77bfb1ab8551bf7cdb555e36338f515f2dae,1,0
"a0941_p7wolj.raw",1,0,255,0,0,1,492.431,1778.408,2680736,2680736,0,2585304,2585304,0,29252,11.584,1766.824,1048576,312380,b5800cbc77a8dc2679664c3442fcb69ea8957f7067336404a55210b75b4af4ed,1,0
"a0942_nrr0yn.raw",1,9,247,0,0,1,495.050,1781.993,2680736,2680736,0,2585304,2585304,0,29252,11.766,1770.227,1048576,312380,116a996a003bb7be78356cfaf05354967a5753a184ac6d49fabc1a1f5655bc56,1,0
"a0943_z4hnpo.raw",1,0,255,0,0,1,523.038,1781.865,2680716,2680736,0,2585304,2585304,0,29252,11.946,1769.919,1048576,312380,54a1f9dea058656237c1245f818521bb9de218701074fea3efc0953827083b11,1,0
"a0944_v7qrn1.raw",1,0,255,0,0,1,514.325,1782.295,2680716,2680736,0,2585304,2585304,0,29252,11.727,1770.568,1048576,312380,4434dba803de0912588c825002654d42f92afc26f6a517ff4c0d562e66d31320,1,0
"a0945_doysg3.raw",1,1,255,0,0,1,509.689,1782.693,2680716,2680736,0,2585304,2585304,0,29252,11.778,1770.915,1048576,312380,6a36a7b98285d5f077ba6cebddd56c4379c4aa20056bbdaf1ba8eb027c90724b,1,0
"a0946_urjknv.raw",1,0,255,0,0,1,495.279,1778.094,2680736,2680736,0,2585304,2585304,0,29252,11.632,1766.462,1048576,312380,c1f49894ab2d3318c878a8ad2334eeff2459ff8740796f5c0baad0e7cbc5d75e,1,0
"a0947_wlc3jr.raw",1,0,255,0,0,1,490.406,1780.602,2680736,2680736,0,2585304,2585304,0,29252,11.700,1768.902,1048576,312380,50be5f3937de0ae41b6ec1598b543bf407813ad0ae4582f86ffa0264c8585141,1,0
"a0948_f1hper.raw",1,0,255,0,0,1,498.316,1777.200,2680736,2680736,0,2585304,2585304,0,29252,11.988,1765.212,1048576,312380,485dc7dd993cfb2610fe87b0c2389bc21fefcd068df7e1b627916377e6162a4f,1,0
"a0949_qlz4h3.raw",1,0,255,0,0,1,494.696,1782.451,2680736,2680720,16,2585304,2585304,0,29252,11.686,1770.765,1048576,312380,41a375dbcfecac5ae640b9d91cd2f3b2c24f632e826f3e7ba874c59ee984745e,1,0
"a0950_xtmcwu.raw",1,0,255,0,0,1,517.552,1779.409,2680716,2680736,0,2585304,2585304,0,29252,11.664,1767.745,1048576,312380,b0cddceac42185f02655af3b582862e00788e00d67934d67641191ba91d2d8f9,1,0
"a0951_xcmxlj.raw",1,0,255,0,0,1,491.806,1783.158,2680736,2680736,0,2585304,2585304,0,29252,11.661,1771.497,1048576,312380,857e7bf43ce9a7c2aa6af87f7abe321291d4ec11f9ddfac89b7d8f8b87b16afc,1,0
"a0952_oip6ep.raw",1,0,255,0,0,1,492.056,1782.715,2680736,2680736,0,2585304,2585304,0,29252,12.651,1770.064,1048576,312380,fba4d20a1ce57a44e1ac85cf5f0c706dffcf8fc2ab478e1819a5dd04a2bb3f04,1,0
"a0953_eolxuo.raw",1,0,255,0,0,1,489.765,1778.231,2680736,2680736,0,2585304,2585304,0,29252,11.623,1766.608,1048576,312380,53f647c69d03d6cdd2828eeeae82f2b61e429c1bf4cadba37515e0825a46e1fc,1,0
"a0954_oxhbh8.raw",1,0,255,0,0,1,513.126,1778.179,2680716,2680736,0,2585304,2585304,0,29252,11.568,1766.611,1048576,312380,46db4e0e5ab9ceb286608ee4bfc26eb7ec4348ce541ad5dca9942aac3bdd42eb,1,0
"a0955_qbygdh.raw",1,0,255,0,0,1,520.656,1778.233,2680716,2680736,0,2585304,2585304,0,29252,11.675,1766.558,1048576,312380,6abd07dae290c21123388df8df2fa61404be25a60f690141d4627cbc638f6a21,1,0
"a0956_aeym4u.raw",1,0,255,0,0,1,528.578,1780.081,2680716,2680736,0,2585304,2585304,0,29252,11.684,1768.397,1048576,312380,774da8cf3badbc80f4e787b667710eae7f8c2e32a12cc045a09f36d73f5b7133,1,0
"a0957_z4pde7.raw",1,0,255,0,0,1,513.260,1779.920,2680736,2680736,0,2585304,2585304,0,29252,11.672,1768.248,1048576,312380,8d661b70a8a3c2f40f1109896ba7fed7905beb4546b7967c18b39063780bd7b1,1,0
"a0958_huwfsz.raw",1,8,248,0,0,1,533.344,1777.584,2680716,2680736,0,2585304,2585304,0,29252,11.608,1765.976,1048576,312380,7e10af3a45a9c2eb82556d4f94ad5ed14efb729edb22b368d5efdd636d936fb5,1,0
"a0959_cbmjkb.raw",1,21,235,0,0,1,510.880,1779.805,2680716,2680736,0,2585304,2585304,0,29252,11.664,1768.141,1048576,312380,70abde2355558801a5df4eb9c6dd637dfc08f71d3c86bbe25e202e90b170e315,1,0
"a0960_vvgfi8.raw",1,2,254,0,0,1,491.493,1777.693,2680736,2680736,0,2585304,2585304,0,29252,11.712,1765.981,1048576,312380,259092496b79ce6a1668f60ba45006fc774aca6c9413dba8a8a38dee578ca511,1,0
"a0961_tarbfe.raw",1,0,255,0,0,1,485.546,1781.437,2680716,2680736,0,2585304,2585304,0,29252,11.747,1769.690,1048576,312380,f523147a07d1207f55e7ff3c4b374d54a4c50381f9f40ee094a47fe4ff603435,1,0
"a0962_hum61t.raw",1,2,254,0,0,1,492.159,1779.681,2680736,2680736,0,2585304,2585304,0,29252,11.678,1768.003,1048576,312380,46ff559bc919b96302b6e930fa68693ca9acac5f0dcc53650e36c47bde14d997,1,0
"a0963_wz8emn.raw",1,9,247,0,0,1,494.566,1780.059,2680736,2680736,0,2585304,2585304,0,29252,11.590,1768.469,1048576,312380,cdec23a20dc029ed86145fdbf74580c043d93604147272ba50ca373a1ea18944,1,0
"a0964_canail.raw",1,19,237,0,0,1,508.084,1781.272,2680736,2680736,0,2585304,2585304,0,29252,12.463,1768.809,1048576,312380,4252d47013a3c58a13f12761a65ada5e1d18bf1a35e1c7434cf55637b8026790,1,0
"a0965_jc384x.raw",1,24,232,0,0,1,481.935,1778.610,2680716,2680736,0,2585304,2585304,0,29252,11.716,1766.894,1048576,312380,83665a43b786de50d34877b67f5f19a0dde2cbb02978b9e1198c574afaa6381b,1,0
"a0966_yn5vst.raw",1,158,98,1,0,0,522.446,1780.201,2680716,2680736,0,2585304,2585304,0,29252,11.614,1768.587,1048576,312380,48c7947299ec4bf08f24528d9a786b0def860a45bc44d3a9c8951b4212b9a576,1,0
"a0967_gxvuny.raw",1,179,77,1,0,0,527.938,1783.216,2680716,2680736,0,2585304,2585304,0,29252,11.664,1771.552,1048576,312380,741af8d71f9f09dbbc8d1750efdb6c66ebea74cb92d38e4c8e5e780c8d80a3a9,1,0
"a0968_g3zqqc.raw",1,128,128,-1,0,0,540.292,1782.536,2680704,2680736,0,2585304,2585304,0,29252,11.640,1770.896,1048576,312380,6310f57512d16b6ca1a154c8a425687f9738576be564e32223c23a5f5ab957fc,1,0
"a0969_o4uupq.raw",1,0,255,0,0,1,502.443,1778.938,2680736,2680736,0,2585304,2585304,0,29252,11.691,1767.247,1048576,312380,04554bc4c582b84cb58d9530bbcc83aaa16b1a56d4c82ce3dc605bb1f1ae1173,1,0
"a0970_dnatzm.raw",1,0,255,0,0,1,513.293,1777.160,2680704,2680736,0,2585304,2585304,0,29252,11.664,1765.496,1048576,312380,c8471357b8e3c0821f6ad2a603f963f7454394351b464fae580e4c8422444daa,1,0
"a0971_nweobd.raw",1,0,255,0,0,1,500.938,1781.411,2680736,2680736,0,2585304,2585304,0,29252,11.572,1769.839,1048576,312380,d4a7386460fc38f9113bd1b604f3af2352106f8b09cd0912f1eafda63d0ed16f,1,0
"a0972_k39yu4.raw",1,0,255,0,0,1,505.479,1779.684,2680736,2680736,0,2585304,2585304,0,29252,11.697,1767.987,1048576,312380,b2f6acd40e3548d5ee65fe6b95150a9f52b42276f01aa16ab49294a3ac8116e9,1,0
"a0973_nofz6m.raw",1,5,251,0,0,1,477.387,1781.165,2680704,2680736,0,2585304,2585304,0,29252,11.797,1769.368,1048576,312380,7020f2edd5ede318812c5bad5b63353515e6ce406a7650084ffc308c4d474280,1,0
"a0974_rysqbw.raw",1,0,255,0,0,1,513.425,1777.326,2680704,2680736,0,2585304,2585304,0,29252,11.586,1765.740,1048576,312380,be6d33a805f92877986afbc756487fc8c1b5679c05078a76687c6b28c67c6132,1,0
"a0975_qf9j0w.raw",1,0,255,0,0,1,529.681,1778.455,2680704,2680736,0,2585304,2585304,0,29252,11.600,1766.855,1048576,312380,779f5b7fb2c7bdf896daf4d71d9df7eaf25dfbb89f054f0be250226382ac5d8a,1,0
"a0976_wj5hvf.raw",1,0,255,0,0,1,551.600,1780.136,2680704,2680736,0,2585304,2585304,0,29252,11.776,1768.360,1048576,312380,51c0aca0c3f90a4400669f39594acb3a3b9ed62efc3db18c07f3b3cffb53b8e7,1,0
"a0977_zzrxw7.raw",1,0,255,0,0,1,500.235,1782.448,2680868,2680868,0,2585304,2585304,0,29252,11.630,1770.818,1048576,312380,0b06a7a9e219dcfbe8a341de9f257ba9317329fe5bea2becc78acdc83a12b4cf,1,0
"a0978_lwts50.raw",1,0,255,0,0,1,516.054,1777.823,2680848,2680868,0,2585304,2585304,0,29252,11.717,1766.106,1048576,312380,3b9b78ac066a29a6136baebecc388041adaaebee55c15c3698f3a5271027a73a,1,0
"a0979_kvhksp.raw",1,0,255,0,0,1,545.804,1780.875,2680848,2680868,0,2585304,2585304,0,29252,11.736,1769.139,1048576,312380,dea5c04f47f88ddcc765f5e9000e73024c911e57aa97a0171170ae1b5c52d83f,1,0
"a0980_pxxmht.raw",1,0,255,0,0,1,500.277,1782.197,2680868,2680868,0,2585304,2585304,0,29252,11.753,1770.444,1048576,312380,ea295f47fd63a2d751785820d8f3861b67db71092139f8c52297397a5c2e8f42,1,0
"a0981_kuxkk2.raw",1,0,255,0,0,1,520.915,1782.273,2680848,2680868,0,2585304,2585304,0,29252,11.650,1770.623,1048576,312380,045254186a27a9bc2187e0793aa07e6b172ef763dbfe3296330fd40887488729,1,0
"a0982_eclgce.raw",1,0,255,0,0,1,518.946,1779.954,2680848,2680852,0,2585304,2585304,0,29252,11.569,1768.385,1048576,312380,ecbbdec46690cf1b20e04b2b795494e1fae6bc011b52691d1809a67e43607941,1,0
"a0983_cnhiiq.raw",1,0,255,0,0,1,522.765,1780.526,2680848,2680868,0,2585304,2585304,0,29252,11.614,1768.912,1048576,312380,be7f8337e037dd2aafb9189274474e2e92b8e8dcfd4677a8753664c99980a024,1,0
"a0984_lt0wwh.raw",1,0,255,0,0,1,481.627,1781.274,2680848,2680868,0,2585304,2585304,0,29252,11.671,1769.603,1048576,312380,0183448383e50306c694f6f74450071359c5ec100b29228361b536e5a35039aa,1,0
"a0985_ybph7v.raw",1,0,255,0,0,1,487.363,1781.659,2680868,2680868,0,2585304,2585304,0,29252,11.768,1769.891,1048576,312380,a228b9624ecaf88ac3ec85673a61a3abf25e8f7773b3cd5125d896d4f215e6cf,1,0
"a0986_fxpzyo.raw",1,0,255,0,0,1,503.118,1780.078,2680868,2680868,0,2585304,2585304,0,29252,11.741,1768.337,1048576,312380,8967e1cb50fc420b913553a02be1b0cef3c3841858daad2a625e33607c6b64a7,1,0
"a0987_yvjwwy.raw",1,0,255,0,0,1,512.069,1781.542,2680848,2680868,0,2585304,2585304,0,29252,11.590,1769.952,1048576,312380,f1f5414c5478eeb25a8059d7e30f41cf054ddbcde996f0c36d47657f7d9c524c,1,0
"a0988_nnmdgy.raw",1,0,255,0,0,1,474.209,1779.479,2680848,2680868,0,2585304,2585304,0,29252,11.723,1767.756,1048576,312380,66d875b49d537fcdcfeacbb0429043e0fa1b1d988a2d8989ad13609d15608253,1,0
"a0989_uk4obq.raw",1,0,255,0,0,1,486.913,1782.838,2680868,2680868,0,2585304,2585304,0,29252,11.755,1771.083,1048576,312380,609657700c44eb5387f95852e8f9485f55e653b9aff5489c96822f135bb957fc,1,0
"a0990_begep6.raw",1,0,255,0,0,1,512.225,1781.181,2680848,2680868,0,2585304,2585304,0,29252,11.587,1769.594,1048576,312380,396215e3707f5b0f9b8209013101c34c55df57e9e5082911bfa6fb3f3f8efecf,1,0
"a0991_h9jlfy.raw",1,0,255,0,0,1,540.775,1780.509,2680848,2680868,0,2585304,2585304,0,29252,11.722,1768.787,1048576,312380,2749a57273463dfa2d25f0a01bd6d539252731b4a38f8e27071f55ec76d78ef8,1,0
"a0992_pkredq.raw",1,0,255,0,0,1,506.617,1782.103,2680868,2680868,0,2585304,2585304,0,29252,11.643,1770.460,1048576,312380,1ed8bb36c03319d1b23bd455cdc0825c583bafba67ee10cacea6a9a681dc5fe0,1,0
"a0993_hco1q2.raw",1,0,255,0,0,1,529.782,1780.419,2680848,2680868,0,2585304,2585304,0,29252,11.647,1768.772,1048576,312380,7770218858384b861625667dbe091d9b3f456b920bb2ac69bb13b1b8508c4d43,1,0
"a0994_bdkrnc.raw",1,0,255,0,0,1,508.809,1779.000,2680868,2680868,0,2585304,2585304,0,29252,11.572,1767.428,1048576,312380,4ca19b600a0004a47fe0b7c8e82a9cb5d5444243df1c1545c75d6380b9e07ce7,1,0
"a0995_nyipoo.raw",1,0,255,0,0,1,504.720,1776.182,2680868,2680868,0,2585304,2585304,0,29252,11.624,1764.558,1048576,312380,3a04e2f8a2c54f5fad4834dacf5be5f45201e80b82d57f4da284fe405b341448,1,0
"a0996_rfgrox.raw",1,0,255,0,0,1,510.046,1780.721,2680868,2680868,0,2585304,2585304,0,29252,11.589,1769.132,1048576,312380,96337dfebbfeb780fae3f0c3cb35d33a1207f35db33f6682ebbd5ad5bcd1a241,1,0
"a0997_zo21tb.raw",1,0,255,0,0,1,504.676,1781.361,2680868,2680868,0,2585304,2585304,0,29252,12.377,1768.984,1048576,312380,20f4258f2a2b1cd429395101ad71997c8ca5a5f14b9cc0bf69f0fd349cb0b780,1,0
"a0998_qcaubk.raw",1,0,255,0,0,1,492.175,1782.427,2680868,2680868,0,2585304,2585304,0,29252,11.654,1770.773,1048576,312380,812739fc33451733d8ece266cd9b926be6a54af5f23e6e78c62668985ac2f66f,1,0
"a0999_datefo.raw",1,0,255,0,0,1,512.141,1781.757,2680848,2680852,0,2585304,2585304,0,29252,11.725,1770.032,1048576,312380,7f031dc5aedfafe6c62fbfedd86bf23c7af33cde73925b2737e07b33869c7e0f,1,0
"a1000_xlkjpv.raw",1,0,255,0,0,1,503.198,1778.726,2680868,2680868,0,2585304,2585304,0,29252,11.658,1767.068,1048576,312380,cd27f27123af0a20c7ca0d09f94fe5051c706102406271f3c5fb8a0dd3a120da,1,0
"a1001_b5sgfg.raw",1,0,255,0,0,1,549.004,1781.628,2680848,2680868,0,2585304,2585304,0,29252,11.689,1769.939,1048576,312380,5149d5c7da98a07a92009dd21a599e305879714d3e483f5edb8879f40ae6951a,1,0
"a1002_lghd3i.raw",1,0,255,0,0,1,504.270,1781.152,2680868,2680868,0,2585304,2585304,0,29252,11.673,1769.479,1048576,312380,08ee3b211a08a064b0841e21e82f77182be9fb2102eeff9fdc777ba48ca11083,1,0
"a1003_dtql8u.raw",1,0,255,0,0,1,533.699,1781.520,2680848,2680868,0,2585304,2585304,0,29252,11.662,1769.858,1048576,312380,6ecc369aa0111b7aa1c3b7f3ba61799df949a4401be925eb2991f30da9a09cb6,1,0
"a1004_pjfizq.raw",1,0,255,0,0,1,535.747,1780.554,2680716,2680736,0,2585304,2585304,0,29252,11.632,1768.922,1048576,312380,276924c65dd9ca11660a82747f54f1f2480c30d65197404e99f316af9c04a7b3,1,0
"a1005_ts2gmv.raw",1,0,255,0,0,1,511.556,1781.928,2680716,2680736,0,2585304,2585304,0,29252,11.639,1770.289,1048576,312380,7df8de24f129f0b780dc411eca02dc9fe5165d8dc778c1ce07c7cab4c1739e62,1,0
"a1006_qspmhh.raw",1,0,255,0,0,1,511.412,1781.206,2680716,2680736,0,2585304,2585304,0,29252,11.670,1769.536,1048576,312380,373278c5b04006e74cd7b5013a176a38107478c483a25b70c7970cff7154eff9,1,0
"a1007_wyhoel.raw",1,0,255,0,0,1,489.306,1778.286,2680736,2680736,0,2585304,2585304,0,29252,11.659,1766.627,1048576,312380,e8ddbc5fa6476e333ed0e428a092d28d7ee4a42a1555ec12899628cf5a20e0b2,1,0
"a1008_vewmzh.raw",1,0,255,0,0,1,490.113,1781.098,2680736,2680736,0,2585304,2585304,0,29252,11.803,1769.295,1048576,312380,b0cd99a3dfc4bdfb1012aeecffa3639f907c55fce79b894a57ae2f711e5de1f1,1,0
