name_image,ok,result,label,right,invalid,inference_ms,quantized,scores,error
test/drowsy/A0001.raw,1,1,1,1,False,43.4959,"[255, 0]","[0.99609375, 0.0]",
test/drowsy/A0002.raw,1,1,1,1,False,44.6536,"[255, 0]","[0.99609375, 0.0]",
test/drowsy/A0003.raw,1,1,1,1,False,45.2641,"[255, 0]","[0.99609375, 0.0]",
test/drowsy/A0004.raw,1,1,1,1,False,45.0216,"[255, 0]","[0.99609375, 0.0]",
test/drowsy/A0005.raw,1,1,1,1,False,44.6113,"[255, 0]","[0.99609375, 0.0]",
test/drowsy/A0006.raw,1,1,1,1,False,45.3912,"[255, 0]","[0.99609375, 0.0]",
test/drowsy/A0007.raw,1,1,1,1,False,46.2795,"[255, 0]","[0.99609375, 0.0]",
test/drowsy/A0008.raw,1,1,1,1,False,45.2642,"[255, 0]","[0.99609375, 0.0]",
test/drowsy/A0009.raw,1,1,1,1,False,44.3261,"[255, 0]","[0.99609375, 0.0]",
test/drowsy/A0010.raw,1,1,1,1,False,43.7908,"[255, 0]","[0.99609375, 0.0]",
test/drowsy/A0011.raw,1,1,1,1,False,44.2286,"[255, 0]","[0.99609375, 0.0]",
test/drowsy/A0012.raw,1,1,1,1,False,48.5297,"[255, 0]","[0.99609375, 0.0]",
test/drowsy/A0013.raw,1,1,1,1,False,44.8192,"[255, 0]","[0.99609375, 0.0]",
test/drowsy/A0014.raw,1,1,1,1,False,49.4136,"[255, 0]","[0.99609375, 0.0]",
test/drowsy/A0015.raw,1,1,1,1,False,48.3656,"[255, 0]","[0.99609375, 0.0]",
test/drowsy/A0016.raw,1,1,1,1,False,45.0448,"[255, 0]","[0.99609375, 0.0]",
test/drowsy/A0017.raw,1,1,1,1,False,44.1448,"[255, 0]","[0.99609375, 0.0]",
test/drowsy/A0018.raw,1,1,1,1,False,43.7615,"[255, 0]","[0.99609375, 0.0]",
test/drowsy/A0019.raw,1,1,1,1,False,58.9947,"[255, 0]","[0.99609375, 0.0]",
test/drowsy/A0020.raw,1,1,1,1,False,77.6559,"[255, 0]","[0.99609375, 0.0]",
test/drowsy/A0021.raw,1,1,1,1,False,78.8912,"[255, 0]","[0.99609375, 0.0]",
test/drowsy/A0022.raw,1,1,1,1,False,90.2681,"[255, 0]","[0.99609375, 0.0]",
test/drowsy/A0023.raw,1,1,1,1,False,64.6887,"[255, 0]","[0.99609375, 0.0]",
test/drowsy/A0024.raw,1,1,1,1,False,69.1735,"[255, 0]","[0.99609375, 0.0]",
test/drowsy/A0025.raw,1,1,1,1,False,80.7651,"[255, 0]","[0.99609375, 0.0]",
test/drowsy/A0026.raw,1,1,1,1,False,122.334,"[255, 0]","[0.99609375, 0.0]",
test/drowsy/A0027.raw,1,1,1,1,False,109.3503,"[255, 0]","[0.99609375, 0.0]",
test/drowsy/A0028.raw,1,1,1,1,False,83.3737,"[255, 0]","[0.99609375, 0.0]",
test/drowsy/A0029.raw,1,1,1,1,False,107.4493,"[255, 0]","[0.99609375, 0.0]",
test/drowsy/A0030.raw,1,1,1,1,False,122.1603,"[255, 0]","[0.99609375, 0.0]",
test/drowsy/A0031.raw,1,1,1,1,False,108.2922,"[255, 0]","[0.99609375, 0.0]",
test/drowsy/A0032.raw,1,1,1,1,False,57.3027,"[255, 0]","[0.99609375, 0.0]",
test/drowsy/A0033.raw,1,1,1,1,False,64.3341,"[255, 0]","[0.99609375, 0.0]",
test/drowsy/A0034.raw,1,1,1,1,False,60.6947,"[255, 0]","[0.99609375, 0.0]",
test/drowsy/A0035.raw,1,1,1,1,False,87.536,"[255, 0]","[0.99609375, 0.0]",
test/drowsy/A0036.raw,1,1,1,1,False,77.1235,"[255, 0]","[0.99609375, 0.0]",
test/drowsy/A0037.raw,1,1,1,1,False,54.3891,"[255, 0]","[0.99609375, 0.0]",
test/drowsy/A0038.raw,1,1,1,1,False,77.3544,"[255, 0]","[0.99609375, 0.0]",
test/drowsy/A0039.raw,1,1,1,1,False,72.8031,"[255, 0]","[0.99609375, 0.0]",
test/drowsy/A0040.raw,1,1,1,1,False,60.8011,"[255, 0]","[0.99609375, 0.0]",
test/drowsy/A0041.raw,1,1,1,1,False,73.1627,"[255, 0]","[0.99609375, 0.0]",
test/drowsy/A0042.raw,1,1,1,1,False,65.5564,"[255, 0]","[0.99609375, 0.0]",
test/drowsy/A0043.raw,1,1,1,1,False,65.6969,"[255, 0]","[0.99609375, 0.0]",
test/drowsy/A0044.raw,1,1,1,1,False,59.2398,"[255, 0]","[0.99609375, 0.0]",
test/drowsy/A0045.raw,1,1,1,1,False,101.3997,"[255, 0]","[0.99609375, 0.0]",
test/drowsy/A0046.raw,1,1,1,1,False,78.8544,"[255, 0]","[0.99609375, 0.0]",
test/drowsy/A0047.raw,1,1,1,1,False,73.2133,"[255, 0]","[0.99609375, 0.0]",
test/drowsy/A0048.raw,1,1,1,1,False,77.7183,"[255, 0]","[0.99609375, 0.0]",
test/drowsy/A0049.raw,1,1,1,1,False,91.773,"[255, 0]","[0.99609375, 0.0]",
test/drowsy/A0050.raw,1,1,1,1,False,87.2984,"[255, 0]","[0.99609375, 0.0]",
test/drowsy/A0051.raw,1,1,1,1,False,79.3969,"[255, 0]","[0.99609375, 0.0]",
test/drowsy/A0052.raw,1,1,1,1,False,114.0172,"[255, 0]","[0.99609375, 0.0]",
test/drowsy/A0053.raw,1,1,1,1,False,67.9439,"[255, 0]","[0.99609375, 0.0]",
test/drowsy/A0054.raw,1,1,1,1,False,94.1383,"[255, 0]","[0.99609375, 0.0]",
test/drowsy/A0055.raw,1,1,1,1,False,61.087,"[255, 0]","[0.99609375, 0.0]",
test/drowsy/A0056.raw,1,1,1,1,False,68.9451,"[255, 0]","[0.99609375, 0.0]",
test/drowsy/A0057.raw,1,1,1,1,False,106.0754,"[255, 0]","[0.99609375, 0.0]",
test/drowsy/A0058.raw,1,1,1,1,False,53.8691,"[255, 0]","[0.99609375, 0.0]",
test/drowsy/A0059.raw,1,1,1,1,False,55.704,"[255, 0]","[0.99609375, 0.0]",
test/drowsy/A0060.raw,1,1,1,1,False,114.3141,"[255, 0]","[0.99609375, 0.0]",
test/drowsy/A0061.raw,1,1,1,1,False,111.8777,"[255, 0]","[0.99609375, 0.0]",
test/drowsy/A0062.raw,1,1,1,1,False,92.199,"[255, 0]","[0.99609375, 0.0]",
test/drowsy/A0063.raw,1,1,1,1,False,73.766,"[255, 0]","[0.99609375, 0.0]",
test/drowsy/A0064.raw,1,1,1,1,False,92.4417,"[255, 0]","[0.99609375, 0.0]",
test/drowsy/A0065.raw,1,1,1,1,False,86.5847,"[255, 0]","[0.99609375, 0.0]",
test/drowsy/A0066.raw,1,1,1,1,False,69.4569,"[255, 0]","[0.99609375, 0.0]",
test/drowsy/A0067.raw,1,1,1,1,False,90.6159,"[255, 0]","[0.99609375, 0.0]",
test/drowsy/A0068.raw,1,1,1,1,False,118.5726,"[255, 0]","[0.99609375, 0.0]",
test/drowsy/A0069.raw,1,1,1,1,False,95.0515,"[255, 0]","[0.99609375, 0.0]",
test/drowsy/A0070.raw,1,1,1,1,False,78.7324,"[255, 0]","[0.99609375, 0.0]",
test/drowsy/A0071.raw,1,1,1,1,False,75.3704,"[255, 0]","[0.99609375, 0.0]",
test/drowsy/A0072.raw,1,1,1,1,False,123.4735,"[255, 0]","[0.99609375, 0.0]",
test/drowsy/A0073.raw,1,1,1,1,False,97.727,"[255, 0]","[0.99609375, 0.0]",
test/drowsy/A0074.raw,1,1,1,1,False,72.5844,"[255, 0]","[0.99609375, 0.0]",
test/drowsy/A0075.raw,1,1,1,1,False,86.044,"[255, 0]","[0.99609375, 0.0]",
test/drowsy/A0076.raw,1,1,1,1,False,66.9009,"[255, 0]","[0.99609375, 0.0]",
test/drowsy/A0077.raw,1,1,1,1,False,116.0995,"[255, 0]","[0.99609375, 0.0]",
test/drowsy/A0078.raw,1,1,1,1,False,120.0172,"[255, 0]","[0.99609375, 0.0]",
test/drowsy/A0079.raw,1,1,1,1,False,114.3661,"[255, 0]","[0.99609375, 0.0]",
test/drowsy/A0080.raw,1,1,1,1,False,105.6268,"[255, 0]","[0.99609375, 0.0]",
test/drowsy/A0081.raw,1,1,1,1,False,77.6754,"[255, 0]","[0.99609375, 0.0]",
test/drowsy/A0082.raw,1,1,1,1,False,109.5043,"[255, 0]","[0.99609375, 0.0]",
test/drowsy/A0083.raw,1,1,1,1,False,72.2682,"[255, 0]","[0.99609375, 0.0]",
test/drowsy/A0084.raw,1,1,1,1,False,119.4455,"[255, 0]","[0.99609375, 0.0]",
test/drowsy/A0085.raw,1,1,1,1,False,118.5863,"[255, 0]","[0.99609375, 0.0]",
test/drowsy/A0086.raw,1,1,1,1,False,76.7252,"[255, 0]","[0.99609375, 0.0]",
test/drowsy/A0087.raw,1,1,1,1,False,72.1036,"[255, 0]","[0.99609375, 0.0]",
test/drowsy/A0088.raw,1,1,1,1,False,80.4665,"[255, 0]","[0.99609375, 0.0]",
test/drowsy/A0089.raw,1,1,1,1,False,100.5822,"[255, 0]","[0.99609375, 0.0]",
test/drowsy/A0090.raw,1,1,1,1,False,87.2788,"[255, 0]","[0.99609375, 0.0]",
test/drowsy/A0091.raw,1,1,1,1,False,91.8254,"[255, 0]","[0.99609375, 0.0]",
test/drowsy/A0092.raw,1,1,1,1,False,56.1112,"[255, 0]","[0.99609375, 0.0]",
test/drowsy/A0093.raw,1,1,1,1,False,72.4645,"[255, 0]","[0.99609375, 0.0]",
test/drowsy/A0094.raw,1,1,1,1,False,76.0726,"[255, 0]","[0.99609375, 0.0]",
test/drowsy/A0095.raw,1,1,1,1,False,116.1024,"[255, 0]","[0.99609375, 0.0]",
test/drowsy/A0096.raw,1,1,1,1,False,108.3679,"[255, 0]","[0.99609375, 0.0]",
test/drowsy/A0097.raw,1,1,1,1,False,120.9691,"[255, 0]","[0.99609375, 0.0]",
test/drowsy/A0098.raw,1,1,1,1,False,108.3629,"[255, 0]","[0.99609375, 0.0]",
test/drowsy/A0099.raw,1,1,1,1,False,89.2451,"[255, 0]","[0.99609375, 0.0]",
test/drowsy/A0100.raw,1,1,1,1,False,53.3774,"[255, 0]","[0.99609375, 0.0]",
test/drowsy/A0101.raw,1,1,1,1,False,74.0692,"[255, 0]","[0.99609375, 0.0]",
test/drowsy/A0102.raw,1,1,1,1,False,103.4186,"[255, 0]","[0.99609375, 0.0]",
test/drowsy/A0103.raw,1,1,1,1,False,78.0499,"[255, 0]","[0.99609375, 0.0]",
test/drowsy/A0104.raw,1,1,1,1,False,96.9668,"[255, 0]","[0.99609375, 0.0]",
test/drowsy/A0105.raw,1,1,1,1,False,88.3184,"[255, 0]","[0.99609375, 0.0]",
test/drowsy/A0106.raw,1,1,1,1,False,94.7354,"[255, 0]","[0.99609375, 0.0]",
test/drowsy/A0107.raw,1,1,1,1,False,71.9391,"[255, 0]","[0.99609375, 0.0]",
test/drowsy/A0108.raw,1,1,1,1,False,61.815,"[255, 0]","[0.99609375, 0.0]",
test/drowsy/A0109.raw,1,1,1,1,False,74.6709,"[255, 0]","[0.99609375, 0.0]",
test/drowsy/A0110.raw,1,1,1,1,False,89.1701,"[255, 0]","[0.99609375, 0.0]",
test/drowsy/A0111.raw,1,1,1,1,False,67.8153,"[255, 0]","[0.99609375, 0.0]",
test/drowsy/A0112.raw,1,1,1,1,False,93.318,"[255, 0]","[0.99609375, 0.0]",
test/drowsy/A0113.raw,1,1,1,1,False,116.2171,"[255, 0]","[0.99609375, 0.0]",
test/drowsy/A0114.raw,1,1,1,1,False,98.8701,"[255, 0]","[0.99609375, 0.0]",
test/drowsy/A0115.raw,1,1,1,1,False,109.8322,"[255, 0]","[0.99609375, 0.0]",
test/drowsy/A0116.raw,1,1,1,1,False,118.8478,"[255, 0]","[0.99609375, 0.0]",
test/drowsy/A0117.raw,1,1,1,1,False,122.1575,"[255, 0]","[0.99609375, 0.0]",
test/drowsy/A0118.raw,1,1,1,1,False,107.8832,"[255, 0]","[0.99609375, 0.0]",
test/drowsy/A0119.raw,1,1,1,1,False,84.7981,"[255, 0]","[0.99609375, 0.0]",
test/drowsy/A0120.raw,1,1,1,1,False,112.1992,"[255, 0]","[0.99609375, 0.0]",
test/drowsy/A0121.raw,1,1,1,1,False,91.1209,"[255, 0]","[0.99609375, 0.0]",
test/drowsy/A0122.raw,1,1,1,1,False,87.1873,"[255, 0]","[0.99609375, 0.0]",
test/drowsy/A0123.raw,1,1,1,1,False,78.2507,"[255, 0]","[0.99609375, 0.0]",
test/drowsy/A0124.raw,1,1,1,1,False,70.7958,"[255, 0]","[0.99609375, 0.0]",
test/drowsy/A0125.raw,1,1,1,1,False,87.3836,"[255, 0]","[0.99609375, 0.0]",
test/drowsy/A0126.raw,1,1,1,1,False,105.4484,"[255, 0]","[0.99609375, 0.0]",
test/drowsy/A0127.raw,1,1,1,1,False,123.6289,"[255, 0]","[0.99609375, 0.0]",
test/drowsy/A0128.raw,1,1,1,1,False,62.1316,"[255, 0]","[0.99609375, 0.0]",
test/drowsy/A0129.raw,1,1,1,1,False,102.415,"[255, 0]","[0.99609375, 0.0]",
test/drowsy/A0130.raw,1,1,1,1,False,102.5116,"[255, 0]","[0.99609375, 0.0]",
test/drowsy/A0131.raw,1,1,1,1,False,86.0817,"[255, 0]","[0.99609375, 0.0]",
test/drowsy/A0132.raw,1,1,1,1,False,79.4309,"[255, 0]","[0.99609375, 0.0]",
test/drowsy/A0133.raw,1,1,1,1,False,93.0988,"[255, 0]","[0.99609375, 0.0]",
test/drowsy/A0134.raw,1,1,1,1,False,118.0513,"[255, 0]","[0.99609375, 0.0]",
test/drowsy/A0135.raw,1,1,1,1,False,108.9149,"[255, 0]","[0.99609375, 0.0]",
test/drowsy/A0136.raw,1,1,1,1,False,54.2709,"[255, 0]","[0.99609375, 0.0]",
test/drowsy/A0137.raw,1,1,1,1,False,90.3896,"[255, 0]","[0.99609375, 0.0]",
test/drowsy/A0138.raw,1,1,1,1,False,115.3136,"[255, 0]","[0.99609375, 0.0]",
test/drowsy/A0139.raw,1,1,1,1,False,118.4072,"[255, 0]","[0.99609375, 0.0]",
test/drowsy/A0140.raw,1,1,1,1,False,106.1997,"[255, 0]","[0.99609375, 0.0]",
test/drowsy/A0141.raw,1,1,1,1,False,110.6821,"[255, 0]","[0.99609375, 0.0]",
test/drowsy/A0142.raw,1,1,1,1,False,83.9096,"[255, 0]","[0.99609375, 0.0]",
test/drowsy/A0143.raw,1,1,1,1,False,52.0083,"[255, 0]","[0.99609375, 0.0]",
test/drowsy/A0144.raw,1,1,1,1,False,112.5999,"[255, 0]","[0.99609375, 0.0]",
test/drowsy/A0145.raw,1,1,1,1,False,70.218,"[255, 0]","[0.99609375, 0.0]",
test/drowsy/A0146.raw,1,1,1,1,False,76.7593,"[255, 0]","[0.99609375, 0.0]",
test/drowsy/A0147.raw,1,1,1,1,False,114.0151,"[255, 0]","[0.99609375, 0.0]",
test/drowsy/A0148.raw,1,1,1,1,False,106.1949,"[255, 0]","[0.99609375, 0.0]",
test/drowsy/A0149.raw,1,1,1,1,False,114.9695,"[255, 0]","[0.99609375, 0.0]",
test/drowsy/A0150.raw,1,1,1,1,False,96.1055,"[255, 0]","[0.99609375, 0.0]",
test/drowsy/A0151.raw,1,1,1,1,False,90.6487,"[255, 0]","[0.99609375, 0.0]",
test/drowsy/A0152.raw,1,1,1,1,False,89.7319,"[255, 0]","[0.99609375, 0.0]",
test/drowsy/A0153.raw,1,1,1,1,False,106.4459,"[255, 0]","[0.99609375, 0.0]",
test/drowsy/A0154.raw,1,1,1,1,False,102.5686,"[255, 0]","[0.99609375, 0.0]",
test/drowsy/A0155.raw,1,1,1,1,False,51.8353,"[255, 0]","[0.99609375, 0.0]",
test/drowsy/A0156.raw,1,1,1,1,False,51.6126,"[255, 0]","[0.99609375, 0.0]",
test/drowsy/A0157.raw,1,1,1,1,False,116.5162,"[255, 0]","[0.99609375, 0.0]",
test/drowsy/A0158.raw,1,1,1,1,False,56.761,"[255, 0]","[0.99609375, 0.0]",
test/drowsy/A0159.raw,1,1,1,1,False,91.147,"[255, 0]","[0.99609375, 0.0]",
test/drowsy/A0160.raw,1,1,1,1,False,63.9985,"[255, 0]","[0.99609375, 0.0]",
test/drowsy/A0161.raw,1,1,1,1,False,99.033,"[255, 0]","[0.99609375, 0.0]",
test/drowsy/A0162.raw,1,1,1,1,False,81.8583,"[255, 0]","[0.99609375, 0.0]",
test/drowsy/A0163.raw,1,1,1,1,False,104.7911,"[255, 0]","[0.99609375, 0.0]",
test/drowsy/A0164.raw,1,1,1,1,False,68.5687,"[255, 0]","[0.99609375, 0.0]",
test/drowsy/A0165.raw,1,1,1,1,False,84.5252,"[255, 0]","[0.99609375, 0.0]",
test/drowsy/A0166.raw,1,1,1,1,False,91.6667,"[255, 0]","[0.99609375, 0.0]",
test/drowsy/A0167.raw,1,1,1,1,False,54.6278,"[255, 0]","[0.99609375, 0.0]",
test/drowsy/A0168.raw,1,1,1,1,False,89.7039,"[255, 0]","[0.99609375, 0.0]",
test/drowsy/A0169.raw,1,1,1,1,False,78.8134,"[255, 0]","[0.99609375, 0.0]",
test/drowsy/A0170.raw,1,1,1,1,False,125.9511,"[255, 0]","[0.99609375, 0.0]",
test/drowsy/A0171.raw,1,1,1,1,False,60.5801,"[255, 0]","[0.99609375, 0.0]",
test/drowsy/A0172.raw,1,1,1,1,False,78.0047,"[255, 0]","[0.99609375, 0.0]",
test/drowsy/A0173.raw,1,1,1,1,False,51.5507,"[255, 0]","[0.99609375, 0.0]",
test/drowsy/A0174.raw,1,1,1,1,False,49.8904,"[255, 0]","[0.99609375, 0.0]",
test/drowsy/A0175.raw,1,1,1,1,False,79.9859,"[255, 0]","[0.99609375, 0.0]",
test/drowsy/A0176.raw,1,1,1,1,False,80.7292,"[255, 0]","[0.99609375, 0.0]",
test/drowsy/A0177.raw,1,1,1,1,False,81.4901,"[255, 0]","[0.99609375, 0.0]",
test/drowsy/A0178.raw,1,1,1,1,False,58.0091,"[255, 0]","[0.99609375, 0.0]",
test/drowsy/A0179.raw,1,1,1,1,False,79.7238,"[255, 0]","[0.99609375, 0.0]",
test/drowsy/A0180.raw,1,1,1,1,False,81.8022,"[255, 0]","[0.99609375, 0.0]",
test/drowsy/A0181.raw,1,1,1,1,False,100.0281,"[255, 0]","[0.99609375, 0.0]",
test/drowsy/A0182.raw,1,1,1,1,False,109.8216,"[255, 0]","[0.99609375, 0.0]",
test/drowsy/A0183.raw,1,1,1,1,False,115.6355,"[255, 0]","[0.99609375, 0.0]",
test/drowsy/A0184.raw,1,1,1,1,False,78.5031,"[255, 0]","[0.99609375, 0.0]",
test/drowsy/A0185.raw,1,1,1,1,False,67.9317,"[255, 0]","[0.99609375, 0.0]",
test/drowsy/A0188.raw,1,1,1,1,False,107.6891,"[255, 0]","[0.99609375, 0.0]",
test/drowsy/A0189.raw,1,1,1,1,False,90.0041,"[255, 0]","[0.99609375, 0.0]",
test/drowsy/A0190.raw,1,1,1,1,False,97.5777,"[255, 0]","[0.99609375, 0.0]",
test/drowsy/A0191.raw,1,1,1,1,False,89.4859,"[255, 0]","[0.99609375, 0.0]",
test/drowsy/A0192.raw,1,1,1,1,False,100.1803,"[255, 0]","[0.99609375, 0.0]",
test/drowsy/A0193.raw,1,1,1,1,False,88.3702,"[255, 0]","[0.99609375, 0.0]",
test/drowsy/A0194.raw,1,1,1,1,False,65.347,"[255, 0]","[0.99609375, 0.0]",
test/drowsy/A0195.raw,1,1,1,1,False,95.1295,"[255, 0]","[0.99609375, 0.0]",
test/drowsy/A0196.raw,1,1,1,1,False,55.1139,"[255, 0]","[0.99609375, 0.0]",
test/drowsy/A0197.raw,1,1,1,1,False,52.2265,"[255, 0]","[0.99609375, 0.0]",
test/drowsy/A0198.raw,1,1,1,1,False,100.4191,"[255, 0]","[0.99609375, 0.0]",
test/drowsy/A0199.raw,1,1,1,1,False,106.2264,"[255, 0]","[0.99609375, 0.0]",
test/drowsy/A0200.raw,1,1,1,1,False,116.8339,"[255, 0]","[0.99609375, 0.0]",
test/drowsy/A0201.raw,1,1,1,1,False,115.9375,"[255, 0]","[0.99609375, 0.0]",
test/drowsy/A0202.raw,1,1,1,1,False,91.5785,"[255, 0]","[0.99609375, 0.0]",
test/drowsy/A0203.raw,1,1,1,1,False,126.8713,"[255, 0]","[0.99609375, 0.0]",
test/drowsy/A0204.raw,1,1,1,1,False,112.0527,"[255, 0]","[0.99609375, 0.0]",
test/drowsy/A0205.raw,1,1,1,1,False,76.8785,"[255, 0]","[0.99609375, 0.0]",
test/drowsy/A0206.raw,1,1,1,1,False,93.9078,"[255, 0]","[0.99609375, 0.0]",
test/drowsy/A0207.raw,1,1,1,1,False,111.7016,"[255, 0]","[0.99609375, 0.0]",
test/drowsy/A0208.raw,1,1,1,1,False,100.8028,"[255, 0]","[0.99609375, 0.0]",
test/drowsy/A0209.raw,1,1,1,1,False,80.3508,"[255, 0]","[0.99609375, 0.0]",
test/drowsy/A0210.raw,1,1,1,1,False,64.9611,"[255, 0]","[0.99609375, 0.0]",
test/drowsy/A0211.raw,1,1,1,1,False,58.9924,"[255, 0]","[0.99609375, 0.0]",
test/drowsy/A0212.raw,1,1,1,1,False,78.4333,"[255, 0]","[0.99609375, 0.0]",
test/drowsy/A0213.raw,1,1,1,1,False,81.262,"[255, 0]","[0.99609375, 0.0]",
test/drowsy/A0214.raw,1,1,1,1,False,110.1405,"[255, 0]","[0.99609375, 0.0]",
test/drowsy/A0215.raw,1,1,1,1,False,67.8277,"[255, 0]","[0.99609375, 0.0]",
test/drowsy/A0216.raw,1,1,1,1,False,100.7276,"[255, 0]","[0.99609375, 0.0]",
test/drowsy/A0217.raw,1,1,1,1,False,120.7246,"[255, 0]","[0.99609375, 0.0]",
test/drowsy/A0218.raw,1,1,1,1,False,67.5727,"[255, 0]","[0.99609375, 0.0]",
test/drowsy/A0219.raw,1,1,1,1,False,89.7186,"[255, 0]","[0.99609375, 0.0]",
test/drowsy/A0220.raw,1,1,1,1,False,102.853,"[255, 0]","[0.99609375, 0.0]",
test/drowsy/A0222.raw,1,1,1,1,False,108.0328,"[255, 0]","[0.99609375, 0.0]",
test/drowsy/A0223.raw,1,1,1,1,False,88.3282,"[255, 0]","[0.99609375, 0.0]",
test/drowsy/A0224.raw,1,1,1,1,False,116.6005,"[255, 0]","[0.99609375, 0.0]",
test/drowsy/A0225.raw,1,1,1,1,False,91.7877,"[255, 0]","[0.99609375, 0.0]",
test/drowsy/A0226.raw,1,1,1,1,False,113.3824,"[255, 0]","[0.99609375, 0.0]",
test/drowsy/A0227.raw,1,1,1,1,False,87.4111,"[255, 0]","[0.99609375, 0.0]",
test/drowsy/A0228.raw,1,1,1,1,False,80.7861,"[255, 0]","[0.99609375, 0.0]",
test/drowsy/A0229.raw,1,1,1,1,False,115.4053,"[255, 0]","[0.99609375, 0.0]",
test/drowsy/A0230.raw,1,1,1,1,False,81.8949,"[255, 0]","[0.99609375, 0.0]",
test/drowsy/A0231.raw,1,1,1,1,False,102.6523,"[255, 0]","[0.99609375, 0.0]",
test/drowsy/A0232.raw,1,1,1,1,False,92.7767,"[255, 0]","[0.99609375, 0.0]",
test/drowsy/A0233.raw,1,1,1,1,False,93.4772,"[255, 0]","[0.99609375, 0.0]",
test/drowsy/A0234.raw,1,1,1,1,False,79.0536,"[255, 0]","[0.99609375, 0.0]",
test/drowsy/A0235.raw,1,1,1,1,False,105.6523,"[255, 0]","[0.99609375, 0.0]",
test/drowsy/A0236.raw,1,1,1,1,False,101.4844,"[255, 0]","[0.99609375, 0.0]",
test/drowsy/A0237.raw,1,1,1,1,False,83.9673,"[255, 0]","[0.99609375, 0.0]",
test/drowsy/A0238.raw,1,1,1,1,False,83.1583,"[255, 0]","[0.99609375, 0.0]",
test/drowsy/A0239.raw,1,1,1,1,False,62.7737,"[255, 0]","[0.99609375, 0.0]",
test/drowsy/A0240.raw,1,1,1,1,False,86.7441,"[255, 0]","[0.99609375, 0.0]",
test/drowsy/A0241.raw,1,1,1,1,False,114.8743,"[255, 0]","[0.99609375, 0.0]",
test/drowsy/A0242.raw,1,1,1,1,False,66.914,"[255, 0]","[0.99609375, 0.0]",
test/drowsy/A0243.raw,1,1,1,1,False,95.5168,"[255, 0]","[0.99609375, 0.0]",
test/drowsy/A0244.raw,1,1,1,1,False,113.7963,"[255, 0]","[0.99609375, 0.0]",
test/drowsy/A0245.raw,1,1,1,1,False,79.9538,"[255, 0]","[0.99609375, 0.0]",
test/drowsy/A0246.raw,1,1,1,1,False,91.3681,"[255, 0]","[0.99609375, 0.0]",
test/drowsy/A0247.raw,1,1,1,1,False,83.0392,"[255, 0]","[0.99609375, 0.0]",
test/drowsy/A0248.raw,1,1,1,1,False,80.0422,"[255, 0]","[0.99609375, 0.0]",
test/drowsy/A0249.raw,1,1,1,1,False,90.8354,"[255, 0]","[0.99609375, 0.0]",
test/drowsy/A0250.raw,1,1,1,1,False,101.1247,"[255, 0]","[0.99609375, 0.0]",
test/drowsy/A0252.raw,1,1,1,1,False,96.3278,"[255, 0]","[0.99609375, 0.0]",
test/drowsy/A0253.raw,1,1,1,1,False,68.5401,"[255, 0]","[0.99609375, 0.0]",
test/drowsy/A0254.raw,1,1,1,1,False,66.6375,"[255, 0]","[0.99609375, 0.0]",
test/drowsy/A0255.raw,1,1,1,1,False,88.146,"[255, 0]","[0.99609375, 0.0]",
test/drowsy/A0256.raw,1,1,1,1,False,51.5139,"[255, 0]","[0.99609375, 0.0]",
test/drowsy/A0257.raw,1,1,1,1,False,111.7743,"[255, 0]","[0.99609375, 0.0]",
test/drowsy/A0258.raw,1,1,1,1,False,78.8599,"[255, 0]","[0.99609375, 0.0]",
test/drowsy/A0259.raw,1,1,1,1,False,117.4478,"[255, 0]","[0.99609375, 0.0]",
test/drowsy/A0260.raw,1,1,1,1,False,113.0297,"[255, 0]","[0.99609375, 0.0]",
test/drowsy/A0261.raw,1,1,1,1,False,79.4549,"[255, 0]","[0.99609375, 0.0]",
test/drowsy/A0262.raw,1,1,1,1,False,60.2772,"[255, 0]","[0.99609375, 0.0]",
test/drowsy/A0263.raw,1,1,1,1,False,93.7265,"[255, 0]","[0.99609375, 0.0]",
test/drowsy/A0264.raw,1,1,1,1,False,97.2468,"[255, 0]","[0.99609375, 0.0]",
test/drowsy/A0265.raw,1,1,1,1,False,120.8869,"[255, 0]","[0.99609375, 0.0]",
test/drowsy/A0266.raw,1,1,1,1,False,97.8136,"[255, 0]","[0.99609375, 0.0]",
test/drowsy/A0267.raw,1,1,1,1,False,90.7321,"[255, 0]","[0.99609375, 0.0]",
test/drowsy/A0268.raw,1,1,1,1,False,97.6931,"[255, 0]","[0.99609375, 0.0]",
test/drowsy/A0269.raw,1,1,1,1,False,106.9379,"[255, 0]","[0.99609375, 0.0]",
test/drowsy/A0270.raw,1,1,1,1,False,78.756,"[255, 0]","[0.99609375, 0.0]",
test/drowsy/A0271.raw,1,1,1,1,False,58.2256,"[255, 0]","[0.99609375, 0.0]",
test/drowsy/A0272.raw,1,1,1,1,False,90.3065,"[255, 0]","[0.99609375, 0.0]",
test/drowsy/A0273.raw,1,1,1,1,False,60.6601,"[255, 0]","[0.99609375, 0.0]",
test/drowsy/A0274.raw,1,1,1,1,False,94.1762,"[255, 0]","[0.99609375, 0.0]",
test/drowsy/A0275.raw,1,1,1,1,False,109.3255,"[255, 0]","[0.99609375, 0.0]",
test/drowsy/A0276.raw,1,1,1,1,False,114.1442,"[255, 0]","[0.99609375, 0.0]",
test/drowsy/A0277.raw,1,1,1,1,False,78.7274,"[255, 0]","[0.99609375, 0.0]",
test/drowsy/A0278.raw,1,1,1,1,False,107.003,"[255, 0]","[0.99609375, 0.0]",
test/drowsy/A0279.raw,1,1,1,1,False,70.8212,"[255, 0]","[0.99609375, 0.0]",
test/drowsy/A0280.raw,1,1,1,1,False,70.0211,"[255, 0]","[0.99609375, 0.0]",
test/drowsy/A0284.raw,1,1,1,1,False,80.6032,"[255, 0]","[0.99609375, 0.0]",
test/drowsy/A0285.raw,1,1,1,1,False,94.7124,"[255, 0]","[0.99609375, 0.0]",
test/drowsy/A0286.raw,1,1,1,1,False,92.1759,"[255, 0]","[0.99609375, 0.0]",
test/drowsy/A0287.raw,1,1,1,1,False,77.4107,"[255, 0]","[0.99609375, 0.0]",
test/drowsy/A0288.raw,1,1,1,1,False,107.0752,"[255, 0]","[0.99609375, 0.0]",
test/drowsy/A0289.raw,1,1,1,1,False,53.2087,"[255, 0]","[0.99609375, 0.0]",
test/drowsy/A0290.raw,1,1,1,1,False,76.2179,"[255, 0]","[0.99609375, 0.0]",
test/drowsy/A0291.raw,1,1,1,1,False,94.7462,"[255, 0]","[0.99609375, 0.0]",
test/drowsy/A0292.raw,1,1,1,1,False,111.7962,"[255, 0]","[0.99609375, 0.0]",
test/drowsy/A0293.raw,1,1,1,1,False,92.0387,"[255, 0]","[0.99609375, 0.0]",
test/drowsy/A0294.raw,1,1,1,1,False,92.3109,"[255, 0]","[0.99609375, 0.0]",
test/drowsy/A0295.raw,1,1,1,1,False,53.687,"[255, 0]","[0.99609375, 0.0]",
test/drowsy/A0296.raw,1,1,1,1,False,100.1172,"[255, 0]","[0.99609375, 0.0]",
test/drowsy/A0297.raw,1,1,1,1,False,65.329,"[255, 0]","[0.99609375, 0.0]",
test/drowsy/A0298.raw,1,1,1,1,False,77.0884,"[255, 0]","[0.99609375, 0.0]",
test/drowsy/A0299.raw,1,1,1,1,False,86.3179,"[255, 0]","[0.99609375, 0.0]",
test/drowsy/A0300.raw,1,1,1,1,False,106.034,"[255, 0]","[0.99609375, 0.0]",
test/drowsy/A0301.raw,1,1,1,1,False,99.3811,"[255, 0]","[0.99609375, 0.0]",
test/drowsy/A0302.raw,1,1,1,1,False,91.6998,"[255, 0]","[0.99609375, 0.0]",
test/drowsy/A0303.raw,1,1,1,1,False,90.0597,"[255, 0]","[0.99609375, 0.0]",
test/drowsy/A0304.raw,1,1,1,1,False,98.4564,"[255, 0]","[0.99609375, 0.0]",
test/drowsy/A0305.raw,1,1,1,1,False,118.0081,"[255, 0]","[0.99609375, 0.0]",
test/drowsy/A0306.raw,1,1,1,1,False,56.3929,"[255, 0]","[0.99609375, 0.0]",
test/drowsy/A0307.raw,1,1,1,1,False,81.9933,"[255, 0]","[0.99609375, 0.0]",
test/drowsy/A0308.raw,1,1,1,1,False,71.4067,"[255, 0]","[0.99609375, 0.0]",
test/drowsy/A0309.raw,1,1,1,1,False,118.8475,"[255, 0]","[0.99609375, 0.0]",
test/drowsy/A0310.raw,1,1,1,1,False,93.329,"[255, 0]","[0.99609375, 0.0]",
test/drowsy/A0311.raw,1,1,1,1,False,79.3007,"[255, 0]","[0.99609375, 0.0]",
test/drowsy/A0312.raw,1,1,1,1,False,81.4651,"[255, 0]","[0.99609375, 0.0]",
test/drowsy/A0313.raw,1,1,1,1,False,94.2013,"[255, 0]","[0.99609375, 0.0]",
test/drowsy/A0314.raw,1,1,1,1,False,106.6128,"[255, 0]","[0.99609375, 0.0]",
test/drowsy/A0315.raw,1,1,1,1,False,66.5958,"[255, 0]","[0.99609375, 0.0]",
test/drowsy/A0316.raw,1,1,1,1,False,51.5083,"[255, 0]","[0.99609375, 0.0]",
test/drowsy/A0317.raw,1,1,1,1,False,89.1143,"[255, 0]","[0.99609375, 0.0]",
test/drowsy/A0318.raw,1,1,1,1,False,71.7593,"[255, 0]","[0.99609375, 0.0]",
test/drowsy/A0319.raw,1,1,1,1,False,91.6446,"[255, 0]","[0.99609375, 0.0]",
test/drowsy/A0320.raw,1,1,1,1,False,117.6724,"[255, 0]","[0.99609375, 0.0]",
test/drowsy/A0321.raw,1,1,1,1,False,95.7062,"[255, 0]","[0.99609375, 0.0]",
test/drowsy/A0322.raw,1,1,1,1,False,95.3415,"[255, 0]","[0.99609375, 0.0]",
test/drowsy/A0323.raw,1,1,1,1,False,71.1746,"[255, 0]","[0.99609375, 0.0]",
test/drowsy/A0324.raw,1,1,1,1,False,117.4341,"[255, 0]","[0.99609375, 0.0]",
test/drowsy/A0325.raw,1,1,1,1,False,115.8921,"[255, 0]","[0.99609375, 0.0]",
test/drowsy/A0326.raw,1,1,1,1,False,92.6846,"[255, 0]","[0.99609375, 0.0]",
test/drowsy/A0327.raw,1,1,1,1,False,88.6505,"[255, 0]","[0.99609375, 0.0]",
test/drowsy/A0328.raw,1,1,1,1,False,96.5456,"[255, 0]","[0.99609375, 0.0]",
test/drowsy/A0329.raw,1,1,1,1,False,81.4237,"[255, 0]","[0.99609375, 0.0]",
test/drowsy/A0330.raw,1,1,1,1,False,52.469,"[255, 0]","[0.99609375, 0.0]",
test/drowsy/A0331.raw,1,1,1,1,False,62.5106,"[255, 0]","[0.99609375, 0.0]",
test/drowsy/A0332.raw,1,1,1,1,False,51.6809,"[255, 0]","[0.99609375, 0.0]",
test/drowsy/A0333.raw,1,1,1,1,False,86.166,"[255, 0]","[0.99609375, 0.0]",
test/drowsy/A0334.raw,1,1,1,1,False,73.672,"[255, 0]","[0.99609375, 0.0]",
test/drowsy/A0335.raw,1,1,1,1,False,67.6637,"[255, 0]","[0.99609375, 0.0]",
test/drowsy/A0336.raw,1,1,1,1,False,62.7115,"[255, 0]","[0.99609375, 0.0]",
test/drowsy/A0337.raw,1,1,1,1,False,113.3671,"[255, 0]","[0.99609375, 0.0]",
test/drowsy/A0338.raw,1,1,1,1,False,55.8292,"[255, 0]","[0.99609375, 0.0]",
test/drowsy/A0339.raw,1,1,1,1,False,103.6361,"[255, 0]","[0.99609375, 0.0]",
test/drowsy/A0340.raw,1,1,1,1,False,107.7677,"[255, 0]","[0.99609375, 0.0]",
test/drowsy/A0341.raw,1,1,1,1,False,112.9855,"[255, 0]","[0.99609375, 0.0]",
test/drowsy/A0342.raw,1,1,1,1,False,116.1186,"[255, 0]","[0.99609375, 0.0]",
test/drowsy/A0343.raw,1,1,1,1,False,121.6375,"[255, 0]","[0.99609375, 0.0]",
test/drowsy/A0344.raw,1,1,1,1,False,94.2383,"[255, 0]","[0.99609375, 0.0]",
test/drowsy/A0345.raw,1,1,1,1,False,78.3361,"[255, 0]","[0.99609375, 0.0]",
test/drowsy/A0346.raw,1,1,1,1,False,60.3543,"[255, 0]","[0.99609375, 0.0]",
test/drowsy/A0347.raw,1,1,1,1,False,88.0549,"[255, 0]","[0.99609375, 0.0]",
test/drowsy/A0348.raw,1,1,1,1,False,107.1751,"[255, 0]","[0.99609375, 0.0]",
test/drowsy/A0349.raw,1,1,1,1,False,99.8932,"[255, 0]","[0.99609375, 0.0]",
test/drowsy/A0350.raw,1,1,1,1,False,64.3397,"[255, 0]","[0.99609375, 0.0]",
test/drowsy/A0352.raw,1,1,1,1,False,65.2521,"[255, 0]","[0.99609375, 0.0]",
test/drowsy/A0353.raw,1,1,1,1,False,79.9986,"[255, 0]","[0.99609375, 0.0]",
test/drowsy/A0354.raw,1,1,1,1,False,58.3516,"[255, 0]","[0.99609375, 0.0]",
test/drowsy/A0355.raw,1,1,1,1,False,65.2977,"[255, 0]","[0.99609375, 0.0]",
test/drowsy/A0356.raw,1,1,1,1,False,99.0337,"[255, 0]","[0.99609375, 0.0]",
test/drowsy/A0357.raw,1,1,1,1,False,59.9183,"[255, 0]","[0.99609375, 0.0]",
test/drowsy/A0358.raw,1,1,1,1,False,100.2235,"[255, 0]","[0.99609375, 0.0]",
test/drowsy/A0359.raw,1,1,1,1,False,83.2347,"[255, 0]","[0.99609375, 0.0]",
test/drowsy/A0360.raw,1,1,1,1,False,80.3078,"[255, 0]","[0.99609375, 0.0]",
test/drowsy/A0361.raw,1,1,1,1,False,56.6226,"[255, 0]","[0.99609375, 0.0]",
test/drowsy/A0362.raw,1,1,1,1,False,120.2769,"[255, 0]","[0.99609375, 0.0]",
test/drowsy/A0363.raw,1,1,1,1,False,77.4008,"[255, 0]","[0.99609375, 0.0]",
test/drowsy/A0364.raw,1,1,1,1,False,68.4164,"[255, 0]","[0.99609375, 0.0]",
test/drowsy/A0365.raw,1,1,1,1,False,112.7357,"[255, 0]","[0.99609375, 0.0]",
test/drowsy/A0366.raw,1,1,1,1,False,112.0083,"[255, 0]","[0.99609375, 0.0]",
test/drowsy/A0367.raw,1,1,1,1,False,53.1956,"[255, 0]","[0.99609375, 0.0]",
test/drowsy/A0368.raw,1,1,1,1,False,84.5741,"[255, 0]","[0.99609375, 0.0]",
test/drowsy/A0369.raw,1,1,1,1,False,63.8044,"[255, 0]","[0.99609375, 0.0]",
test/drowsy/A0370.raw,1,1,1,1,False,92.438,"[255, 0]","[0.99609375, 0.0]",
test/drowsy/A0371.raw,1,1,1,1,False,52.6322,"[255, 0]","[0.99609375, 0.0]",
test/drowsy/A0372.raw,1,1,1,1,False,94.0669,"[255, 0]","[0.99609375, 0.0]",
test/drowsy/A0373.raw,1,1,1,1,False,95.0043,"[255, 0]","[0.99609375, 0.0]",
test/drowsy/A0374.raw,1,1,1,1,False,56.3538,"[255, 0]","[0.99609375, 0.0]",
test/drowsy/A0376.raw,1,1,1,1,False,105.5285,"[255, 0]","[0.99609375, 0.0]",
test/drowsy/A0377.raw,1,1,1,1,False,59.5655,"[255, 0]","[0.99609375, 0.0]",
test/drowsy/A0378.raw,1,1,1,1,False,66.5336,"[255, 0]","[0.99609375, 0.0]",
test/drowsy/A0379.raw,1,1,1,1,False,97.0669,"[255, 0]","[0.99609375, 0.0]",
test/drowsy/A0380.raw,1,1,1,1,False,120.3024,"[255, 0]","[0.99609375, 0.0]",
test/drowsy/A0381.raw,1,1,1,1,False,91.9843,"[255, 0]","[0.99609375, 0.0]",
test/drowsy/A0382.raw,1,1,1,1,False,120.2999,"[255, 0]","[0.99609375, 0.0]",
test/drowsy/A0383.raw,1,1,1,1,False,86.5807,"[255, 0]","[0.99609375, 0.0]",
test/drowsy/A0384.raw,1,1,1,1,False,68.0621,"[255, 0]","[0.99609375, 0.0]",
test/drowsy/A0385.raw,1,1,1,1,False,82.4235,"[255, 0]","[0.99609375, 0.0]",
test/drowsy/A0386.raw,1,1,1,1,False,86.9674,"[255, 0]","[0.99609375, 0.0]",
test/drowsy/A0387.raw,1,1,1,1,False,55.9607,"[255, 0]","[0.99609375, 0.0]",
test/drowsy/A0388.raw,1,1,1,1,False,79.5471,"[255, 0]","[0.99609375, 0.0]",
test/drowsy/A0389.raw,1,1,1,1,False,59.3491,"[255, 0]","[0.99609375, 0.0]",
test/drowsy/A0390.raw,1,1,1,1,False,98.0065,"[255, 0]","[0.99609375, 0.0]",
test/drowsy/A0391.raw,1,1,1,1,False,52.343,"[255, 0]","[0.99609375, 0.0]",
test/drowsy/A0392.raw,1,1,1,1,False,99.6222,"[255, 0]","[0.99609375, 0.0]",
test/drowsy/A0393.raw,1,1,1,1,False,119.2792,"[255, 0]","[0.99609375, 0.0]",
test/drowsy/A0394.raw,1,1,1,1,False,81.6651,"[255, 0]","[0.99609375, 0.0]",
test/drowsy/A0395.raw,1,1,1,1,False,78.6443,"[255, 0]","[0.99609375, 0.0]",
test/drowsy/A0396.raw,1,1,1,1,False,109.521,"[255, 0]","[0.99609375, 0.0]",
test/drowsy/A0397.raw,1,1,1,1,False,78.6848,"[255, 0]","[0.99609375, 0.0]",
test/drowsy/A0398.raw,1,1,1,1,False,52.6165,"[255, 0]","[0.99609375, 0.0]",
test/drowsy/A0399.raw,1,1,1,1,False,71.7968,"[255, 0]","[0.99609375, 0.0]",
test/drowsy/A0400.raw,1,1,1,1,False,107.3263,"[255, 0]","[0.99609375, 0.0]",
test/drowsy/A0401.raw,1,1,1,1,False,119.3653,"[255, 0]","[0.99609375, 0.0]",
test/drowsy/A0402.raw,1,1,1,1,False,107.3555,"[255, 0]","[0.99609375, 0.0]",
test/drowsy/A0403.raw,1,1,1,1,False,99.8382,"[255, 0]","[0.99609375, 0.0]",
test/drowsy/A0404.raw,1,1,1,1,False,90.0513,"[255, 0]","[0.99609375, 0.0]",
test/drowsy/A0405.raw,1,1,1,1,False,52.0286,"[255, 0]","[0.99609375, 0.0]",
test/drowsy/A0406.raw,1,1,1,1,False,69.9199,"[255, 0]","[0.99609375, 0.0]",
test/drowsy/A0407.raw,1,1,1,1,False,60.0366,"[255, 0]","[0.99609375, 0.0]",
test/drowsy/A0408.raw,1,1,1,1,False,71.5211,"[255, 0]","[0.99609375, 0.0]",
test/drowsy/A0409.raw,1,1,1,1,False,78.1097,"[255, 0]","[0.99609375, 0.0]",
test/drowsy/A0410.raw,1,1,1,1,False,60.6241,"[255, 0]","[0.99609375, 0.0]",
test/drowsy/A0411.raw,1,1,1,1,False,94.8727,"[255, 0]","[0.99609375, 0.0]",
test/drowsy/A0412.raw,1,1,1,1,False,66.9496,"[255, 0]","[0.99609375, 0.0]",
test/drowsy/A0413.raw,1,1,1,1,False,70.1616,"[255, 0]","[0.99609375, 0.0]",
test/drowsy/A0414.raw,1,1,1,1,False,114.4098,"[255, 0]","[0.99609375, 0.0]",
test/drowsy/A0415.raw,1,1,1,1,False,107.4242,"[255, 0]","[0.99609375, 0.0]",
test/drowsy/A0416.raw,1,1,1,1,False,108.9703,"[255, 0]","[0.99609375, 0.0]",
test/drowsy/A0417.raw,1,1,1,1,False,86.7755,"[255, 0]","[0.99609375, 0.0]",
test/drowsy/A0418.raw,1,1,1,1,False,64.7456,"[255, 0]","[0.99609375, 0.0]",
test/drowsy/A0419.raw,1,1,1,1,False,57.4559,"[255, 0]","[0.99609375, 0.0]",
test/drowsy/A0420.raw,1,1,1,1,False,112.2514,"[255, 0]","[0.99609375, 0.0]",
test/drowsy/A0421.raw,1,1,1,1,False,83.4562,"[255, 0]","[0.99609375, 0.0]",
test/drowsy/A0422.raw,1,1,1,1,False,53.9295,"[255, 0]","[0.99609375, 0.0]",
test/drowsy/A0423.raw,1,1,1,1,False,88.2426,"[255, 0]","[0.99609375, 0.0]",
test/drowsy/A0424.raw,1,1,1,1,False,80.8547,"[255, 0]","[0.99609375, 0.0]",
test/drowsy/A0425.raw,1,1,1,1,False,84.9191,"[255, 0]","[0.99609375, 0.0]",
test/drowsy/A0426.raw,1,1,1,1,False,95.9466,"[255, 0]","[0.99609375, 0.0]",
test/drowsy/A0427.raw,1,1,1,1,False,111.7039,"[255, 0]","[0.99609375, 0.0]",
test/drowsy/A0428.raw,1,1,1,1,False,76.9088,"[255, 0]","[0.99609375, 0.0]",
test/drowsy/A0429.raw,1,1,1,1,False,63.4191,"[255, 0]","[0.99609375, 0.0]",
test/drowsy/A0430.raw,1,1,1,1,False,116.4989,"[255, 0]","[0.99609375, 0.0]",
test/drowsy/A0431.raw,1,1,1,1,False,91.0005,"[255, 0]","[0.99609375, 0.0]",
test/drowsy/A0432.raw,1,1,1,1,False,114.7785,"[255, 0]","[0.99609375, 0.0]",
test/drowsy/A0433.raw,1,1,1,1,False,103.7502,"[255, 0]","[0.99609375, 0.0]",
test/drowsy/A0434.raw,1,1,1,1,False,102.5191,"[255, 0]","[0.99609375, 0.0]",
test/drowsy/A0435.raw,1,1,1,1,False,109.2991,"[255, 0]","[0.99609375, 0.0]",
test/drowsy/A0436.raw,1,1,1,1,False,122.1435,"[255, 0]","[0.99609375, 0.0]",
test/drowsy/A0437.raw,1,1,1,1,False,52.6478,"[255, 0]","[0.99609375, 0.0]",
test/drowsy/A0440.raw,1,1,1,1,False,68.5088,"[255, 0]","[0.99609375, 0.0]",
test/drowsy/A0441.raw,1,1,1,1,False,51.5792,"[255, 0]","[0.99609375, 0.0]",
test/drowsy/A0442.raw,1,1,1,1,False,101.104,"[255, 0]","[0.99609375, 0.0]",
test/drowsy/A0443.raw,1,1,1,1,False,99.3462,"[255, 0]","[0.99609375, 0.0]",
test/drowsy/A0444.raw,1,1,1,1,False,81.6369,"[255, 0]","[0.99609375, 0.0]",
test/drowsy/A0445.raw,1,1,1,1,False,78.9168,"[255, 0]","[0.99609375, 0.0]",
test/drowsy/A0446.raw,1,1,1,1,False,70.001,"[255, 0]","[0.99609375, 0.0]",
test/drowsy/A0447.raw,1,1,1,1,False,83.1696,"[255, 0]","[0.99609375, 0.0]",
test/drowsy/A0448.raw,1,1,1,1,False,92.5812,"[255, 0]","[0.99609375, 0.0]",
test/drowsy/A0449.raw,1,1,1,1,False,71.9441,"[255, 0]","[0.99609375, 0.0]",
test/drowsy/A0450.raw,1,1,1,1,False,91.444,"[255, 0]","[0.99609375, 0.0]",
test/drowsy/A0451.raw,1,1,1,1,False,103.6094,"[255, 0]","[0.99609375, 0.0]",
test/drowsy/A0452.raw,1,1,1,1,False,132.9214,"[255, 0]","[0.99609375, 0.0]",
test/drowsy/A0453.raw,1,1,1,1,False,63.5572,"[255, 0]","[0.99609375, 0.0]",
test/drowsy/A0454.raw,1,1,1,1,False,68.9208,"[255, 0]","[0.99609375, 0.0]",
test/drowsy/A0455.raw,1,1,1,1,False,55.3847,"[255, 0]","[0.99609375, 0.0]",
test/drowsy/A0456.raw,1,1,1,1,False,78.4994,"[255, 0]","[0.99609375, 0.0]",
test/drowsy/A0457.raw,1,1,1,1,False,101.5167,"[255, 0]","[0.99609375, 0.0]",
test/drowsy/A0460.raw,1,1,1,1,False,108.8419,"[255, 0]","[0.99609375, 0.0]",
test/drowsy/A0461.raw,1,1,1,1,False,82.9671,"[255, 0]","[0.99609375, 0.0]",
test/drowsy/A0462.raw,1,1,1,1,False,75.9161,"[255, 0]","[0.99609375, 0.0]",
test/drowsy/A0463.raw,1,1,1,1,False,92.2832,"[255, 0]","[0.99609375, 0.0]",
test/drowsy/A0464.raw,1,1,1,1,False,78.5939,"[255, 0]","[0.99609375, 0.0]",
test/drowsy/A0465.raw,1,1,1,1,False,106.7223,"[255, 0]","[0.99609375, 0.0]",
test/drowsy/A0466.raw,1,1,1,1,False,66.2192,"[255, 0]","[0.99609375, 0.0]",
test/drowsy/A0467.raw,1,1,1,1,False,55.095,"[255, 0]","[0.99609375, 0.0]",
test/drowsy/A0468.raw,1,1,1,1,False,55.2545,"[255, 0]","[0.99609375, 0.0]",
test/drowsy/A0469.raw,1,1,1,1,False,56.2164,"[255, 0]","[0.99609375, 0.0]",
test/drowsy/A0470.raw,1,1,1,1,False,101.0704,"[255, 0]","[0.99609375, 0.0]",
test/drowsy/A0471.raw,1,1,1,1,False,95.1593,"[255, 0]","[0.99609375, 0.0]",
test/drowsy/A0472.raw,1,1,1,1,False,95.0612,"[255, 0]","[0.99609375, 0.0]",
test/drowsy/A0473.raw,1,1,1,1,False,66.8833,"[255, 0]","[0.99609375, 0.0]",
test/drowsy/A0474.raw,1,1,1,1,False,67.9173,"[255, 0]","[0.99609375, 0.0]",
test/drowsy/A0475.raw,1,1,1,1,False,82.1441,"[255, 0]","[0.99609375, 0.0]",
test/drowsy/A0476.raw,1,1,1,1,False,83.2019,"[255, 0]","[0.99609375, 0.0]",
test/drowsy/A0477.raw,1,1,1,1,False,116.8214,"[255, 0]","[0.99609375, 0.0]",
test/drowsy/A0478.raw,1,1,1,1,False,114.7006,"[255, 0]","[0.99609375, 0.0]",
test/drowsy/A0479.raw,1,1,1,1,False,86.1876,"[255, 0]","[0.99609375, 0.0]",
test/drowsy/A0480.raw,1,1,1,1,False,92.3508,"[255, 0]","[0.99609375, 0.0]",
test/drowsy/A0481.raw,1,1,1,1,False,117.7038,"[255, 0]","[0.99609375, 0.0]",
test/drowsy/A0482.raw,1,1,1,1,False,62.534,"[255, 0]","[0.99609375, 0.0]",
test/drowsy/A0483.raw,1,1,1,1,False,53.3433,"[255, 0]","[0.99609375, 0.0]",
test/drowsy/A0484.raw,1,1,1,1,False,89.0894,"[255, 0]","[0.99609375, 0.0]",
test/drowsy/A0485.raw,1,1,1,1,False,109.5208,"[255, 0]","[0.99609375, 0.0]",
test/drowsy/A0486.raw,1,1,1,1,False,94.4489,"[255, 0]","[0.99609375, 0.0]",
test/drowsy/A0487.raw,1,1,1,1,False,72.282,"[255, 0]","[0.99609375, 0.0]",
test/drowsy/A0488.raw,1,1,1,1,False,90.1564,"[255, 0]","[0.99609375, 0.0]",
test/drowsy/A0489.raw,1,1,1,1,False,71.6953,"[255, 0]","[0.99609375, 0.0]",
test/drowsy/A0490.raw,1,1,1,1,False,90.2156,"[255, 0]","[0.99609375, 0.0]",
test/drowsy/A0491.raw,1,1,1,1,False,85.927,"[255, 0]","[0.99609375, 0.0]",
test/drowsy/A0492.raw,1,1,1,1,False,54.7084,"[255, 0]","[0.99609375, 0.0]",
test/drowsy/A0493.raw,1,1,1,1,False,121.0488,"[255, 0]","[0.99609375, 0.0]",
test/drowsy/A0494.raw,1,1,1,1,False,115.326,"[255, 0]","[0.99609375, 0.0]",
test/drowsy/A0495.raw,1,1,1,1,False,84.4501,"[255, 0]","[0.99609375, 0.0]",
test/drowsy/A0496.raw,1,1,1,1,False,56.977,"[255, 0]","[0.99609375, 0.0]",
test/drowsy/A0497.raw,1,1,1,1,False,51.4621,"[255, 0]","[0.99609375, 0.0]",
test/drowsy/A0498.raw,1,1,1,1,False,105.1766,"[255, 0]","[0.99609375, 0.0]",
test/drowsy/A0499.raw,1,1,1,1,False,99.6441,"[255, 0]","[0.99609375, 0.0]",
test/drowsy/A0500.raw,1,1,1,1,False,107.9426,"[255, 0]","[0.99609375, 0.0]",
test/drowsy/A0501.raw,1,1,1,1,False,97.2642,"[255, 0]","[0.99609375, 0.0]",
test/drowsy/A0502.raw,1,1,1,1,False,85.0313,"[255, 0]","[0.99609375, 0.0]",
test/drowsy/A0503.raw,1,1,1,1,False,97.6205,"[255, 0]","[0.99609375, 0.0]",
test/drowsy/A0504.raw,1,1,1,1,False,79.3041,"[255, 0]","[0.99609375, 0.0]",
test/drowsy/A0505.raw,1,1,1,1,False,79.1819,"[255, 0]","[0.99609375, 0.0]",
test/drowsy/A0506.raw,1,1,1,1,False,100.9106,"[255, 0]","[0.99609375, 0.0]",
test/drowsy/A0507.raw,1,1,1,1,False,76.6027,"[255, 0]","[0.99609375, 0.0]",
test/drowsy/A0508.raw,1,1,1,1,False,103.5929,"[255, 0]","[0.99609375, 0.0]",
test/drowsy/A0509.raw,1,1,1,1,False,110.5626,"[255, 0]","[0.99609375, 0.0]",
test/drowsy/A0510.raw,1,1,1,1,False,74.7693,"[255, 0]","[0.99609375, 0.0]",
test/drowsy/A0511.raw,1,1,1,1,False,118.2721,"[255, 0]","[0.99609375, 0.0]",
test/drowsy/A0512.raw,1,1,1,1,False,83.9333,"[255, 0]","[0.99609375, 0.0]",
test/drowsy/A0513.raw,1,1,1,1,False,80.8532,"[255, 0]","[0.99609375, 0.0]",
test/drowsy/A0514.raw,1,1,1,1,False,104.7515,"[255, 0]","[0.99609375, 0.0]",
test/drowsy/A0515.raw,1,1,1,1,False,96.6872,"[255, 0]","[0.99609375, 0.0]",
test/drowsy/A0516.raw,1,1,1,1,False,88.5931,"[255, 0]","[0.99609375, 0.0]",
test/drowsy/A0517.raw,1,1,1,1,False,85.3569,"[255, 0]","[0.99609375, 0.0]",
test/drowsy/A0518.raw,1,1,1,1,False,54.7166,"[255, 0]","[0.99609375, 0.0]",
test/drowsy/A0519.raw,1,1,1,1,False,73.8589,"[255, 0]","[0.99609375, 0.0]",
test/drowsy/A0520.raw,1,1,1,1,False,82.5502,"[255, 0]","[0.99609375, 0.0]",
test/drowsy/A0521.raw,1,1,1,1,False,96.4034,"[255, 0]","[0.99609375, 0.0]",
test/drowsy/A0522.raw,1,1,1,1,False,64.1875,"[255, 0]","[0.99609375, 0.0]",
test/drowsy/A0523.raw,1,1,1,1,False,72.9444,"[255, 0]","[0.99609375, 0.0]",
test/drowsy/A0524.raw,1,1,1,1,False,68.3411,"[255, 0]","[0.99609375, 0.0]",
test/drowsy/A0525.raw,1,1,1,1,False,104.9154,"[255, 0]","[0.99609375, 0.0]",
test/drowsy/A0526.raw,1,1,1,1,False,112.0387,"[255, 0]","[0.99609375, 0.0]",
test/drowsy/A0527.raw,1,1,1,1,False,120.3429,"[255, 0]","[0.99609375, 0.0]",
test/drowsy/A0528.raw,1,1,1,1,False,92.4734,"[255, 0]","[0.99609375, 0.0]",
test/drowsy/A0529.raw,1,1,1,1,False,88.0879,"[255, 0]","[0.99609375, 0.0]",
test/drowsy/A0530.raw,1,1,1,1,False,51.8183,"[255, 0]","[0.99609375, 0.0]",
test/drowsy/A0531.raw,1,1,1,1,False,103.7405,"[255, 0]","[0.99609375, 0.0]",
test/drowsy/A0532.raw,1,1,1,1,False,102.8376,"[255, 0]","[0.99609375, 0.0]",
test/drowsy/A0533.raw,1,1,1,1,False,95.608,"[255, 0]","[0.99609375, 0.0]",
test/drowsy/A0534.raw,1,1,1,1,False,103.5781,"[255, 0]","[0.99609375, 0.0]",
test/drowsy/A0535.raw,1,1,1,1,False,60.1452,"[255, 0]","[0.99609375, 0.0]",
test/drowsy/A0536.raw,1,1,1,1,False,92.1098,"[255, 0]","[0.99609375, 0.0]",
test/drowsy/A0537.raw,1,1,1,1,False,134.3372,"[255, 0]","[0.99609375, 0.0]",
test/drowsy/A0538.raw,1,1,1,1,False,156.8663,"[255, 0]","[0.99609375, 0.0]",
test/drowsy/A0539.raw,1,1,1,1,False,102.2312,"[255, 0]","[0.99609375, 0.0]",
test/drowsy/A0540.raw,1,1,1,1,False,126.4984,"[255, 0]","[0.99609375, 0.0]",
test/drowsy/A0541.raw,1,1,1,1,False,141.2156,"[255, 0]","[0.99609375, 0.0]",
test/drowsy/A0542.raw,1,1,1,1,False,94.2113,"[255, 0]","[0.99609375, 0.0]",
test/drowsy/A0543.raw,1,1,1,1,False,66.5777,"[255, 0]","[0.99609375, 0.0]",
test/drowsy/A0544.raw,1,1,1,1,False,76.4699,"[255, 0]","[0.99609375, 0.0]",
test/drowsy/A0545.raw,1,1,1,1,False,73.0079,"[255, 0]","[0.99609375, 0.0]",
test/drowsy/A0546.raw,1,1,1,1,False,96.0114,"[255, 0]","[0.99609375, 0.0]",
test/drowsy/A0547.raw,1,1,1,1,False,116.1388,"[255, 0]","[0.99609375, 0.0]",
test/drowsy/A0548.raw,1,1,1,1,False,93.9749,"[255, 0]","[0.99609375, 0.0]",
test/drowsy/A0549.raw,1,1,1,1,False,79.8169,"[255, 0]","[0.99609375, 0.0]",
test/drowsy/A0550.raw,1,1,1,1,False,55.5208,"[255, 0]","[0.99609375, 0.0]",
test/drowsy/A0551.raw,1,1,1,1,False,119.1623,"[255, 0]","[0.99609375, 0.0]",
test/drowsy/A0552.raw,1,1,1,1,False,84.5834,"[255, 0]","[0.99609375, 0.0]",
test/drowsy/A0553.raw,1,1,1,1,False,114.5629,"[255, 0]","[0.99609375, 0.0]",
test/drowsy/A0554.raw,1,1,1,1,False,112.3177,"[255, 0]","[0.99609375, 0.0]",
test/drowsy/A0555.raw,1,1,1,1,False,93.8743,"[255, 0]","[0.99609375, 0.0]",
test/drowsy/A0556.raw,1,1,1,1,False,76.4654,"[255, 0]","[0.99609375, 0.0]",
test/drowsy/A0557.raw,1,1,1,1,False,130.0153,"[255, 0]","[0.99609375, 0.0]",
test/drowsy/A0558.raw,1,1,1,1,False,107.4357,"[255, 0]","[0.99609375, 0.0]",
test/drowsy/A0559.raw,1,1,1,1,False,54.7665,"[255, 0]","[0.99609375, 0.0]",
test/drowsy/A0560.raw,1,1,1,1,False,113.4939,"[255, 0]","[0.99609375, 0.0]",
test/drowsy/A0561.raw,1,1,1,1,False,107.4377,"[255, 0]","[0.99609375, 0.0]",
test/drowsy/A0562.raw,1,1,1,1,False,108.7596,"[255, 0]","[0.99609375, 0.0]",
test/drowsy/A0563.raw,1,1,1,1,False,107.5296,"[255, 0]","[0.99609375, 0.0]",
test/drowsy/A0564.raw,1,1,1,1,False,77.9265,"[255, 0]","[0.99609375, 0.0]",
test/drowsy/A0565.raw,1,1,1,1,False,85.1009,"[255, 0]","[0.99609375, 0.0]",
test/drowsy/A0566.raw,1,1,1,1,False,122.2099,"[255, 0]","[0.99609375, 0.0]",
test/drowsy/A0567.raw,1,1,1,1,False,77.8962,"[255, 0]","[0.99609375, 0.0]",
test/drowsy/A0568.raw,1,1,1,1,False,104.6178,"[255, 0]","[0.99609375, 0.0]",
test/drowsy/A0569.raw,1,1,1,1,False,105.7578,"[255, 0]","[0.99609375, 0.0]",
test/drowsy/A0570.raw,1,1,1,1,False,102.4039,"[255, 0]","[0.99609375, 0.0]",
test/drowsy/A0571.raw,1,1,1,1,False,79.141,"[255, 0]","[0.99609375, 0.0]",
test/drowsy/A0572.raw,1,1,1,1,False,111.286,"[255, 0]","[0.99609375, 0.0]",
test/drowsy/A0573.raw,1,1,1,1,False,98.5411,"[255, 0]","[0.99609375, 0.0]",
test/drowsy/A0574.raw,1,1,1,1,False,77.8517,"[255, 0]","[0.99609375, 0.0]",
test/drowsy/A0575.raw,1,1,1,1,False,70.7859,"[255, 0]","[0.99609375, 0.0]",
test/drowsy/A0576.raw,1,1,1,1,False,92.2617,"[255, 0]","[0.99609375, 0.0]",
test/drowsy/A0577.raw,1,1,1,1,False,70.8562,"[255, 0]","[0.99609375, 0.0]",
test/drowsy/A0578.raw,1,1,1,1,False,113.0971,"[255, 0]","[0.99609375, 0.0]",
test/drowsy/A0579.raw,1,1,1,1,False,69.4524,"[255, 0]","[0.99609375, 0.0]",
test/drowsy/A0580.raw,1,1,1,1,False,96.0089,"[255, 0]","[0.99609375, 0.0]",
test/drowsy/A0581.raw,1,1,1,1,False,121.2485,"[255, 0]","[0.99609375, 0.0]",
test/drowsy/A0582.raw,1,1,1,1,False,104.7705,"[255, 0]","[0.99609375, 0.0]",
test/drowsy/A0583.raw,1,1,1,1,False,75.703,"[255, 0]","[0.99609375, 0.0]",
test/drowsy/A0584.raw,1,1,1,1,False,106.5441,"[255, 0]","[0.99609375, 0.0]",
test/drowsy/A0585.raw,1,1,1,1,False,106.1595,"[255, 0]","[0.99609375, 0.0]",
test/drowsy/A0586.raw,1,1,1,1,False,53.8583,"[255, 0]","[0.99609375, 0.0]",
test/drowsy/A0587.raw,1,1,1,1,False,87.2615,"[255, 0]","[0.99609375, 0.0]",
test/drowsy/A0588.raw,1,1,1,1,False,70.4316,"[255, 0]","[0.99609375, 0.0]",
test/drowsy/A0589.raw,1,1,1,1,False,106.4913,"[255, 0]","[0.99609375, 0.0]",
test/drowsy/A0590.raw,1,1,1,1,False,105.0126,"[255, 0]","[0.99609375, 0.0]",
test/drowsy/A0591.raw,1,1,1,1,False,78.8893,"[255, 0]","[0.99609375, 0.0]",
test/drowsy/A0592.raw,1,1,1,1,False,96.8276,"[255, 0]","[0.99609375, 0.0]",
test/drowsy/A0593.raw,1,1,1,1,False,95.4511,"[255, 0]","[0.99609375, 0.0]",
test/drowsy/A0594.raw,1,1,1,1,False,122.0972,"[255, 0]","[0.99609375, 0.0]",
test/drowsy/A0595.raw,1,1,1,1,False,56.3829,"[255, 0]","[0.99609375, 0.0]",
test/drowsy/A0596.raw,1,1,1,1,False,99.7298,"[255, 0]","[0.99609375, 0.0]",
test/drowsy/A0597.raw,1,1,1,1,False,88.8606,"[255, 0]","[0.99609375, 0.0]",
test/drowsy/A0598.raw,1,1,1,1,False,57.6208,"[255, 0]","[0.99609375, 0.0]",
test/drowsy/A0599.raw,1,1,1,1,False,89.085,"[255, 0]","[0.99609375, 0.0]",
test/drowsy/A0600.raw,1,1,1,1,False,114.3049,"[255, 0]","[0.99609375, 0.0]",
test/drowsy/A0601.raw,1,1,1,1,False,89.7919,"[255, 0]","[0.99609375, 0.0]",
test/drowsy/A0602.raw,1,1,1,1,False,115.0834,"[255, 0]","[0.99609375, 0.0]",
test/drowsy/A0603.raw,1,1,1,1,False,119.1686,"[255, 0]","[0.99609375, 0.0]",
test/drowsy/A0604.raw,1,1,1,1,False,104.3266,"[255, 0]","[0.99609375, 0.0]",
test/drowsy/A0605.raw,1,1,1,1,False,75.9764,"[255, 0]","[0.99609375, 0.0]",
test/drowsy/A0606.raw,1,1,1,1,False,113.0676,"[255, 0]","[0.99609375, 0.0]",
test/drowsy/A0607.raw,1,1,1,1,False,76.9805,"[255, 0]","[0.99609375, 0.0]",
test/drowsy/A0608.raw,1,1,1,1,False,50.9425,"[255, 0]","[0.99609375, 0.0]",
test/drowsy/A0609.raw,1,1,1,1,False,106.9374,"[255, 0]","[0.99609375, 0.0]",
test/drowsy/A0610.raw,1,1,1,1,False,75.4699,"[255, 0]","[0.99609375, 0.0]",
test/drowsy/A0611.raw,1,1,1,1,False,70.4251,"[255, 0]","[0.99609375, 0.0]",
test/drowsy/A0612.raw,1,1,1,1,False,68.223,"[255, 0]","[0.99609375, 0.0]",
test/drowsy/A0613.raw,1,1,1,1,False,70.3618,"[255, 0]","[0.99609375, 0.0]",
test/drowsy/A0614.raw,1,1,1,1,False,67.2663,"[255, 0]","[0.99609375, 0.0]",
test/drowsy/A0615.raw,1,1,1,1,False,67.8644,"[255, 0]","[0.99609375, 0.0]",
test/drowsy/A0616.raw,1,1,1,1,False,72.2593,"[255, 0]","[0.99609375, 0.0]",
test/drowsy/A0617.raw,1,1,1,1,False,93.5132,"[255, 0]","[0.99609375, 0.0]",
test/drowsy/A0618.raw,1,1,1,1,False,85.2732,"[255, 0]","[0.99609375, 0.0]",
test/drowsy/A0619.raw,1,1,1,1,False,113.9849,"[255, 0]","[0.99609375, 0.0]",
test/drowsy/A0620.raw,1,1,1,1,False,86.4355,"[255, 0]","[0.99609375, 0.0]",
test/drowsy/A0621.raw,1,1,1,1,False,110.89,"[255, 0]","[0.99609375, 0.0]",
test/drowsy/A0622.raw,1,1,1,1,False,61.1158,"[255, 0]","[0.99609375, 0.0]",
test/drowsy/A0623.raw,1,1,1,1,False,83.6261,"[255, 0]","[0.99609375, 0.0]",
test/drowsy/A0624.raw,1,1,1,1,False,104.0759,"[255, 0]","[0.99609375, 0.0]",
test/drowsy/A0625.raw,1,1,1,1,False,102.9929,"[255, 0]","[0.99609375, 0.0]",
test/drowsy/A0626.raw,1,1,1,1,False,117.0006,"[255, 0]","[0.99609375, 0.0]",
test/drowsy/A0627.raw,1,1,1,1,False,61.7167,"[255, 0]","[0.99609375, 0.0]",
test/drowsy/A0628.raw,1,1,1,1,False,56.2261,"[255, 0]","[0.99609375, 0.0]",
test/drowsy/A0629.raw,1,1,1,1,False,62.1507,"[255, 0]","[0.99609375, 0.0]",
test/drowsy/A0630.raw,1,1,1,1,False,94.7401,"[255, 0]","[0.99609375, 0.0]",
test/drowsy/A0631.raw,1,1,1,1,False,55.2366,"[255, 0]","[0.99609375, 0.0]",
test/drowsy/A0632.raw,1,1,1,1,False,93.3034,"[255, 0]","[0.99609375, 0.0]",
test/drowsy/A0633.raw,1,1,1,1,False,87.9735,"[255, 0]","[0.99609375, 0.0]",
test/drowsy/A0634.raw,1,1,1,1,False,53.0642,"[255, 0]","[0.99609375, 0.0]",
test/drowsy/A0635.raw,1,1,1,1,False,87.5135,"[255, 0]","[0.99609375, 0.0]",
test/drowsy/A0636.raw,1,1,1,1,False,86.9785,"[255, 0]","[0.99609375, 0.0]",
test/drowsy/A0637.raw,1,1,1,1,False,99.9595,"[255, 0]","[0.99609375, 0.0]",
test/drowsy/A0638.raw,1,1,1,1,False,79.6021,"[255, 0]","[0.99609375, 0.0]",
test/drowsy/A0639.raw,1,1,1,1,False,91.8413,"[255, 0]","[0.99609375, 0.0]",
test/drowsy/A0640.raw,1,1,1,1,False,72.9613,"[255, 0]","[0.99609375, 0.0]",
test/drowsy/A0641.raw,1,1,1,1,False,106.6086,"[255, 0]","[0.99609375, 0.0]",
test/drowsy/A0642.raw,1,1,1,1,False,82.5804,"[255, 0]","[0.99609375, 0.0]",
test/drowsy/A0643.raw,1,1,1,1,False,83.1146,"[255, 0]","[0.99609375, 0.0]",
test/drowsy/A0644.raw,1,1,1,1,False,84.3317,"[255, 0]","[0.99609375, 0.0]",
test/drowsy/A0645.raw,1,1,1,1,False,57.6105,"[255, 0]","[0.99609375, 0.0]",
test/drowsy/A0646.raw,1,1,1,1,False,78.5447,"[255, 0]","[0.99609375, 0.0]",
test/drowsy/A0647.raw,1,1,1,1,False,119.7592,"[255, 0]","[0.99609375, 0.0]",
test/drowsy/A0648.raw,1,1,1,1,False,112.163,"[255, 0]","[0.99609375, 0.0]",
test/drowsy/A0649.raw,1,1,1,1,False,109.1834,"[255, 0]","[0.99609375, 0.0]",
test/drowsy/A0650.raw,1,1,1,1,False,83.1598,"[255, 0]","[0.99609375, 0.0]",
test/drowsy/A0651.raw,1,1,1,1,False,106.7789,"[255, 0]","[0.99609375, 0.0]",
test/drowsy/A0652.raw,1,1,1,1,False,83.3735,"[255, 0]","[0.99609375, 0.0]",
test/drowsy/A0653.raw,1,1,1,1,False,85.629,"[255, 0]","[0.99609375, 0.0]",
test/drowsy/A0654.raw,1,1,1,1,False,120.6861,"[255, 0]","[0.99609375, 0.0]",
test/drowsy/A0655.raw,1,1,1,1,False,118.9351,"[255, 0]","[0.99609375, 0.0]",
test/drowsy/A0656.raw,1,1,1,1,False,74.2349,"[255, 0]","[0.99609375, 0.0]",
test/drowsy/A0657.raw,1,1,1,1,False,111.6641,"[255, 0]","[0.99609375, 0.0]",
test/drowsy/A0658.raw,1,1,1,1,False,73.2902,"[255, 0]","[0.99609375, 0.0]",
test/drowsy/A0659.raw,1,1,1,1,False,74.0634,"[255, 0]","[0.99609375, 0.0]",
test/drowsy/A0660.raw,1,1,1,1,False,71.123,"[255, 0]","[0.99609375, 0.0]",
test/drowsy/A0661.raw,1,1,1,1,False,94.1134,"[255, 0]","[0.99609375, 0.0]",
test/drowsy/A0662.raw,1,1,1,1,False,86.8407,"[255, 0]","[0.99609375, 0.0]",
test/drowsy/A0663.raw,1,1,1,1,False,107.5715,"[255, 0]","[0.99609375, 0.0]",
test/drowsy/A0664.raw,1,1,1,1,False,107.6176,"[255, 0]","[0.99609375, 0.0]",
test/drowsy/A0665.raw,1,1,1,1,False,61.212,"[255, 0]","[0.99609375, 0.0]",
test/drowsy/A0666.raw,1,1,1,1,False,110.0672,"[255, 0]","[0.99609375, 0.0]",
test/drowsy/A0667.raw,1,1,1,1,False,113.1025,"[255, 0]","[0.99609375, 0.0]",
test/drowsy/A0668.raw,1,1,1,1,False,109.9598,"[255, 0]","[0.99609375, 0.0]",
test/drowsy/A0669.raw,1,1,1,1,False,100.7475,"[255, 0]","[0.99609375, 0.0]",
test/drowsy/A0670.raw,1,1,1,1,False,121.1952,"[255, 0]","[0.99609375, 0.0]",
test/drowsy/A0671.raw,1,1,1,1,False,119.885,"[255, 0]","[0.99609375, 0.0]",
test/drowsy/A0672.raw,1,1,1,1,False,85.6379,"[255, 0]","[0.99609375, 0.0]",
test/drowsy/A0673.raw,1,1,1,1,False,100.2551,"[255, 0]","[0.99609375, 0.0]",
test/drowsy/A0674.raw,1,1,1,1,False,94.8195,"[255, 0]","[0.99609375, 0.0]",
test/drowsy/A0675.raw,1,1,1,1,False,63.4644,"[255, 0]","[0.99609375, 0.0]",
test/drowsy/A0676.raw,1,1,1,1,False,79.3253,"[255, 0]","[0.99609375, 0.0]",
test/drowsy/A0677.raw,1,1,1,1,False,106.5635,"[255, 0]","[0.99609375, 0.0]",
test/drowsy/A0678.raw,1,1,1,1,False,81.618,"[255, 0]","[0.99609375, 0.0]",
test/drowsy/A0679.raw,1,1,1,1,False,74.0308,"[255, 0]","[0.99609375, 0.0]",
test/drowsy/A0680.raw,1,1,1,1,False,121.0739,"[255, 0]","[0.99609375, 0.0]",
test/drowsy/A0681.raw,1,1,1,1,False,63.0242,"[255, 0]","[0.99609375, 0.0]",
test/drowsy/A0682.raw,1,1,1,1,False,52.5447,"[255, 0]","[0.99609375, 0.0]",
test/drowsy/A0683.raw,1,1,1,1,False,95.69,"[255, 0]","[0.99609375, 0.0]",
test/drowsy/A0684.raw,1,1,1,1,False,97.6207,"[255, 0]","[0.99609375, 0.0]",
test/drowsy/A0685.raw,1,1,1,1,False,54.3344,"[255, 0]","[0.99609375, 0.0]",
test/drowsy/A0686.raw,1,1,1,1,False,106.0402,"[255, 0]","[0.99609375, 0.0]",
test/drowsy/A0687.raw,1,1,1,1,False,93.1498,"[255, 0]","[0.99609375, 0.0]",
test/drowsy/A0688.raw,1,1,1,1,False,94.0881,"[255, 0]","[0.99609375, 0.0]",
test/drowsy/A0689.raw,1,1,1,1,False,99.3814,"[255, 0]","[0.99609375, 0.0]",
test/drowsy/A0690.raw,1,1,1,1,False,116.5543,"[255, 0]","[0.99609375, 0.0]",
test/drowsy/A0691.raw,1,1,1,1,False,115.5661,"[255, 0]","[0.99609375, 0.0]",
test/drowsy/A0692.raw,1,1,1,1,False,66.9327,"[255, 0]","[0.99609375, 0.0]",
test/drowsy/A0693.raw,1,1,1,1,False,108.2557,"[255, 0]","[0.99609375, 0.0]",
test/drowsy/A0694.raw,1,1,1,1,False,84.5122,"[255, 0]","[0.99609375, 0.0]",
test/drowsy/A0695.raw,1,1,1,1,False,104.5746,"[255, 0]","[0.99609375, 0.0]",
test/drowsy/A0696.raw,1,1,1,1,False,55.9546,"[255, 0]","[0.99609375, 0.0]",
test/drowsy/A0697.raw,1,1,1,1,False,51.8698,"[255, 0]","[0.99609375, 0.0]",
test/drowsy/A0698.raw,1,1,1,1,False,101.2568,"[255, 0]","[0.99609375, 0.0]",
test/drowsy/A0699.raw,1,1,1,1,False,78.9187,"[255, 0]","[0.99609375, 0.0]",
test/drowsy/A0700.raw,1,1,1,1,False,67.9417,"[255, 0]","[0.99609375, 0.0]",
test/drowsy/A0701.raw,1,1,1,1,False,103.036,"[255, 0]","[0.99609375, 0.0]",
test/drowsy/A0702.raw,1,1,1,1,False,53.5249,"[255, 0]","[0.99609375, 0.0]",
test/drowsy/A0703.raw,1,1,1,1,False,67.6453,"[255, 0]","[0.99609375, 0.0]",
test/drowsy/A0704.raw,1,1,1,1,False,112.9759,"[255, 0]","[0.99609375, 0.0]",
test/drowsy/A0705.raw,1,1,1,1,False,55.5285,"[255, 0]","[0.99609375, 0.0]",
test/drowsy/A0706.raw,1,1,1,1,False,97.6382,"[255, 0]","[0.99609375, 0.0]",
test/drowsy/A0707.raw,1,1,1,1,False,110.2093,"[255, 0]","[0.99609375, 0.0]",
test/drowsy/A0708.raw,1,1,1,1,False,113.2173,"[255, 0]","[0.99609375, 0.0]",
test/drowsy/A0709.raw,1,1,1,1,False,53.2251,"[255, 0]","[0.99609375, 0.0]",
test/drowsy/A0710.raw,1,1,1,1,False,53.4374,"[255, 0]","[0.99609375, 0.0]",
test/drowsy/A0711.raw,1,1,1,1,False,51.652,"[255, 0]","[0.99609375, 0.0]",
test/drowsy/A0712.raw,1,1,1,1,False,51.4951,"[255, 0]","[0.99609375, 0.0]",
test/drowsy/A0713.raw,1,1,1,1,False,87.9984,"[255, 0]","[0.99609375, 0.0]",
test/drowsy/A0714.raw,1,1,1,1,False,100.9929,"[255, 0]","[0.99609375, 0.0]",
test/drowsy/A0715.raw,1,1,1,1,False,111.9632,"[255, 0]","[0.99609375, 0.0]",
test/drowsy/A0716.raw,1,1,1,1,False,101.4483,"[255, 0]","[0.99609375, 0.0]",
test/drowsy/A0717.raw,1,1,1,1,False,77.2686,"[255, 0]","[0.99609375, 0.0]",
test/drowsy/A0718.raw,1,1,1,1,False,106.3291,"[255, 0]","[0.99609375, 0.0]",
test/drowsy/A0719.raw,1,1,1,1,False,114.1343,"[255, 0]","[0.99609375, 0.0]",
test/drowsy/A0720.raw,1,1,1,1,False,107.2821,"[255, 0]","[0.99609375, 0.0]",
test/drowsy/A0721.raw,1,1,1,1,False,56.1441,"[255, 0]","[0.99609375, 0.0]",
test/drowsy/A0722.raw,1,1,1,1,False,88.7591,"[255, 0]","[0.99609375, 0.0]",
test/drowsy/A0723.raw,1,1,1,1,False,97.5838,"[255, 0]","[0.99609375, 0.0]",
test/drowsy/A0724.raw,1,1,1,1,False,119.4135,"[255, 0]","[0.99609375, 0.0]",
test/drowsy/A0725.raw,1,1,1,1,False,98.9769,"[255, 0]","[0.99609375, 0.0]",
test/drowsy/A0726.raw,1,1,1,1,False,49.3255,"[255, 0]","[0.99609375, 0.0]",
test/drowsy/A0727.raw,1,1,1,1,False,51.7539,"[255, 0]","[0.99609375, 0.0]",
test/drowsy/A0728.raw,1,1,1,1,False,50.5979,"[255, 0]","[0.99609375, 0.0]",
test/drowsy/A0729.raw,1,1,1,1,False,51.802,"[255, 0]","[0.99609375, 0.0]",
test/drowsy/A0730.raw,1,1,1,1,False,51.7863,"[255, 0]","[0.99609375, 0.0]",
test/drowsy/A0731.raw,1,1,1,1,False,71.4141,"[255, 0]","[0.99609375, 0.0]",
test/drowsy/A0732.raw,1,1,1,1,False,77.4367,"[255, 0]","[0.99609375, 0.0]",
test/drowsy/A0733.raw,1,1,1,1,False,51.7445,"[255, 0]","[0.99609375, 0.0]",
test/drowsy/A0734.raw,1,1,1,1,False,75.8327,"[255, 0]","[0.99609375, 0.0]",
test/drowsy/A0735.raw,1,1,1,1,False,119.2321,"[255, 0]","[0.99609375, 0.0]",
test/drowsy/A0736.raw,1,1,1,1,False,114.2161,"[255, 0]","[0.99609375, 0.0]",
test/drowsy/A0737.raw,1,1,1,1,False,115.8309,"[255, 0]","[0.99609375, 0.0]",
test/drowsy/A0738.raw,1,1,1,1,False,54.2268,"[255, 0]","[0.99609375, 0.0]",
test/drowsy/A0739.raw,1,1,1,1,False,52.135,"[255, 0]","[0.99609375, 0.0]",
test/drowsy/A0740.raw,1,1,1,1,False,111.7913,"[255, 0]","[0.99609375, 0.0]",
test/drowsy/A0741.raw,1,1,1,1,False,117.2726,"[255, 0]","[0.99609375, 0.0]",
test/drowsy/A0742.raw,1,1,1,1,False,122.6672,"[255, 0]","[0.99609375, 0.0]",
test/drowsy/A0743.raw,1,1,1,1,False,100.2545,"[255, 0]","[0.99609375, 0.0]",
test/drowsy/A0744.raw,1,1,1,1,False,85.2631,"[255, 0]","[0.99609375, 0.0]",
test/drowsy/A0745.raw,1,1,1,1,False,51.5782,"[255, 0]","[0.99609375, 0.0]",
test/drowsy/A0746.raw,1,1,1,1,False,96.8356,"[255, 0]","[0.99609375, 0.0]",
test/drowsy/A0747.raw,1,1,1,1,False,112.9608,"[255, 0]","[0.99609375, 0.0]",
test/drowsy/A0748.raw,1,1,1,1,False,91.923,"[255, 0]","[0.99609375, 0.0]",
test/drowsy/A0749.raw,1,1,1,1,False,78.8755,"[255, 0]","[0.99609375, 0.0]",
test/drowsy/A0750.raw,1,1,1,1,False,73.9252,"[255, 0]","[0.99609375, 0.0]",
test/drowsy/A0751.raw,1,1,1,1,False,91.0975,"[255, 0]","[0.99609375, 0.0]",
test/drowsy/A0752.raw,1,1,1,1,False,117.7195,"[255, 0]","[0.99609375, 0.0]",
test/drowsy/A0753.raw,1,1,1,1,False,117.4448,"[255, 0]","[0.99609375, 0.0]",
test/drowsy/A0754.raw,1,1,1,1,False,101.9134,"[255, 0]","[0.99609375, 0.0]",
test/drowsy/A0755.raw,1,1,1,1,False,57.9196,"[255, 0]","[0.99609375, 0.0]",
test/drowsy/A0756.raw,1,1,1,1,False,120.4708,"[255, 0]","[0.99609375, 0.0]",
test/drowsy/A0757.raw,1,1,1,1,False,63.163,"[255, 0]","[0.99609375, 0.0]",
test/drowsy/A0758.raw,1,1,1,1,False,66.0317,"[255, 0]","[0.99609375, 0.0]",
test/drowsy/A0759.raw,1,1,1,1,False,105.7957,"[255, 0]","[0.99609375, 0.0]",
test/drowsy/A0760.raw,1,1,1,1,False,112.5638,"[255, 0]","[0.99609375, 0.0]",
test/drowsy/A0761.raw,1,1,1,1,False,96.3569,"[255, 0]","[0.99609375, 0.0]",
test/drowsy/A0762.raw,1,1,1,1,False,77.3088,"[255, 0]","[0.99609375, 0.0]",
test/drowsy/A0763.raw,1,1,1,1,False,78.5561,"[255, 0]","[0.99609375, 0.0]",
test/drowsy/A0764.raw,1,1,1,1,False,112.5809,"[255, 0]","[0.99609375, 0.0]",
test/drowsy/A0765.raw,1,1,1,1,False,81.9547,"[255, 0]","[0.99609375, 0.0]",
test/drowsy/A0766.raw,1,1,1,1,False,96.3739,"[255, 0]","[0.99609375, 0.0]",
test/drowsy/A0767.raw,1,1,1,1,False,68.6029,"[255, 0]","[0.99609375, 0.0]",
test/drowsy/A0768.raw,1,1,1,1,False,81.9819,"[255, 0]","[0.99609375, 0.0]",
test/drowsy/A0769.raw,1,1,1,1,False,104.2641,"[255, 0]","[0.99609375, 0.0]",
test/drowsy/A0770.raw,1,1,1,1,False,78.8293,"[255, 0]","[0.99609375, 0.0]",
test/drowsy/A0771.raw,1,1,1,1,False,98.9896,"[255, 0]","[0.99609375, 0.0]",
test/drowsy/A0772.raw,1,1,1,1,False,93.1597,"[255, 0]","[0.99609375, 0.0]",
test/drowsy/A0773.raw,1,1,1,1,False,80.3532,"[255, 0]","[0.99609375, 0.0]",
test/drowsy/A0774.raw,1,1,1,1,False,66.5285,"[255, 0]","[0.99609375, 0.0]",
test/drowsy/A0775.raw,1,1,1,1,False,61.8072,"[255, 0]","[0.99609375, 0.0]",
test/drowsy/A0776.raw,1,1,1,1,False,87.3984,"[255, 0]","[0.99609375, 0.0]",
test/drowsy/A0777.raw,1,1,1,1,False,127.9504,"[255, 0]","[0.99609375, 0.0]",
test/drowsy/A0778.raw,1,1,1,1,False,60.434,"[255, 0]","[0.99609375, 0.0]",
test/drowsy/A0779.raw,1,1,1,1,False,89.0737,"[255, 0]","[0.99609375, 0.0]",
test/drowsy/A0780.raw,1,1,1,1,False,126.6288,"[255, 0]","[0.99609375, 0.0]",
test/drowsy/A0781.raw,1,1,1,1,False,72.9651,"[255, 0]","[0.99609375, 0.0]",
test/drowsy/A0782.raw,1,1,1,1,False,88.699,"[255, 0]","[0.99609375, 0.0]",
test/drowsy/A0783.raw,1,1,1,1,False,139.7873,"[255, 0]","[0.99609375, 0.0]",
test/drowsy/A0784.raw,1,1,1,1,False,75.7148,"[255, 0]","[0.99609375, 0.0]",
test/drowsy/A0785.raw,1,1,1,1,False,75.3655,"[255, 0]","[0.99609375, 0.0]",
test/drowsy/A0786.raw,1,1,1,1,False,99.4052,"[255, 0]","[0.99609375, 0.0]",
test/drowsy/A0787.raw,1,1,1,1,False,52.472,"[255, 0]","[0.99609375, 0.0]",
test/drowsy/A0788.raw,1,1,1,1,False,108.0125,"[255, 0]","[0.99609375, 0.0]",
test/drowsy/A0789.raw,1,1,1,1,False,114.417,"[255, 0]","[0.99609375, 0.0]",
test/drowsy/A0790.raw,1,1,1,1,False,90.7711,"[255, 0]","[0.99609375, 0.0]",
test/drowsy/A0791.raw,1,1,1,1,False,111.9884,"[255, 0]","[0.99609375, 0.0]",
test/drowsy/A0792.raw,1,1,1,1,False,86.2703,"[255, 0]","[0.99609375, 0.0]",
test/drowsy/A0793.raw,1,1,1,1,False,100.7176,"[255, 0]","[0.99609375, 0.0]",
test/drowsy/A0794.raw,1,1,1,1,False,86.4094,"[255, 0]","[0.99609375, 0.0]",
test/drowsy/A0795.raw,1,1,1,1,False,74.4929,"[255, 0]","[0.99609375, 0.0]",
test/drowsy/A0796.raw,1,1,1,1,False,94.1872,"[255, 0]","[0.99609375, 0.0]",
test/drowsy/A0797.raw,1,1,1,1,False,121.8102,"[255, 0]","[0.99609375, 0.0]",
test/drowsy/A0798.raw,1,1,1,1,False,81.6158,"[255, 0]","[0.99609375, 0.0]",
test/drowsy/A0799.raw,1,1,1,1,False,85.6453,"[255, 0]","[0.99609375, 0.0]",
test/drowsy/A0800.raw,1,1,1,1,False,96.3435,"[255, 0]","[0.99609375, 0.0]",
test/drowsy/A0801.raw,1,1,1,1,False,115.4001,"[255, 0]","[0.99609375, 0.0]",
test/drowsy/A0802.raw,1,1,1,1,False,86.4314,"[255, 0]","[0.99609375, 0.0]",
test/drowsy/A0803.raw,1,1,1,1,False,71.4999,"[255, 0]","[0.99609375, 0.0]",
test/drowsy/A0804.raw,1,1,1,1,False,53.0386,"[255, 0]","[0.99609375, 0.0]",
test/drowsy/A0805.raw,1,1,1,1,False,92.2926,"[255, 0]","[0.99609375, 0.0]",
test/drowsy/A0806.raw,1,1,1,1,False,53.5468,"[255, 0]","[0.99609375, 0.0]",
test/drowsy/A0807.raw,1,1,1,1,False,57.5113,"[255, 0]","[0.99609375, 0.0]",
test/drowsy/A0808.raw,1,1,1,1,False,67.7718,"[255, 0]","[0.99609375, 0.0]",
test/drowsy/A0809.raw,1,1,1,1,False,111.9209,"[255, 0]","[0.99609375, 0.0]",
test/drowsy/A0810.raw,1,1,1,1,False,73.7138,"[255, 0]","[0.99609375, 0.0]",
test/drowsy/A0811.raw,1,1,1,1,False,107.895,"[255, 0]","[0.99609375, 0.0]",
test/drowsy/A0812.raw,1,1,1,1,False,58.3577,"[255, 0]","[0.99609375, 0.0]",
test/drowsy/A0813.raw,1,1,1,1,False,79.255,"[255, 0]","[0.99609375, 0.0]",
test/drowsy/A0814.raw,1,1,1,1,False,52.6277,"[255, 0]","[0.99609375, 0.0]",
test/drowsy/A0815.raw,1,1,1,1,False,110.2972,"[255, 0]","[0.99609375, 0.0]",
test/drowsy/A0816.raw,1,1,1,1,False,119.133,"[255, 0]","[0.99609375, 0.0]",
test/drowsy/A0817.raw,1,1,1,1,False,85.6429,"[255, 0]","[0.99609375, 0.0]",
test/drowsy/A0818.raw,1,1,1,1,False,106.2298,"[255, 0]","[0.99609375, 0.0]",
test/drowsy/A0819.raw,1,1,1,1,False,118.1454,"[255, 0]","[0.99609375, 0.0]",
test/drowsy/A0820.raw,1,1,1,1,False,109.901,"[255, 0]","[0.99609375, 0.0]",
test/drowsy/A0821.raw,1,1,1,1,False,53.691,"[255, 0]","[0.99609375, 0.0]",
test/drowsy/A0822.raw,1,1,1,1,False,75.0254,"[255, 0]","[0.99609375, 0.0]",
test/drowsy/A0823.raw,1,1,1,1,False,92.5679,"[255, 0]","[0.99609375, 0.0]",
test/drowsy/A0824.raw,1,1,1,1,False,64.5725,"[255, 0]","[0.99609375, 0.0]",
test/drowsy/A0825.raw,1,1,1,1,False,92.8213,"[255, 0]","[0.99609375, 0.0]",
test/drowsy/A0826.raw,1,1,1,1,False,108.8414,"[255, 0]","[0.99609375, 0.0]",
test/drowsy/A0827.raw,1,1,1,1,False,108.0938,"[255, 0]","[0.99609375, 0.0]",
test/drowsy/A0828.raw,1,1,1,1,False,75.0811,"[255, 0]","[0.99609375, 0.0]",
test/drowsy/A0829.raw,1,1,1,1,False,97.4941,"[255, 0]","[0.99609375, 0.0]",
test/drowsy/A0830.raw,1,1,1,1,False,58.093,"[255, 0]","[0.99609375, 0.0]",
test/drowsy/A0831.raw,1,1,1,1,False,113.0343,"[255, 0]","[0.99609375, 0.0]",
test/drowsy/A0832.raw,1,1,1,1,False,92.9809,"[255, 0]","[0.99609375, 0.0]",
test/drowsy/A0833.raw,1,1,1,1,False,94.0967,"[255, 0]","[0.99609375, 0.0]",
test/drowsy/A0834.raw,1,1,1,1,False,111.5469,"[255, 0]","[0.99609375, 0.0]",
test/drowsy/A0835.raw,1,1,1,1,False,101.1188,"[255, 0]","[0.99609375, 0.0]",
test/drowsy/A0836.raw,1,1,1,1,False,113.6066,"[255, 0]","[0.99609375, 0.0]",
test/drowsy/A0837.raw,1,1,1,1,False,82.0112,"[255, 0]","[0.99609375, 0.0]",
test/drowsy/A0838.raw,1,1,1,1,False,121.8353,"[255, 0]","[0.99609375, 0.0]",
test/drowsy/A0839.raw,1,1,1,1,False,56.3375,"[255, 0]","[0.99609375, 0.0]",
test/drowsy/A0840.raw,1,1,1,1,False,79.8674,"[255, 0]","[0.99609375, 0.0]",
test/drowsy/A0841.raw,1,1,1,1,False,87.9693,"[255, 0]","[0.99609375, 0.0]",
test/drowsy/A0842.raw,1,1,1,1,False,82.0526,"[255, 0]","[0.99609375, 0.0]",
test/drowsy/A0843.raw,1,1,1,1,False,117.6968,"[255, 0]","[0.99609375, 0.0]",
test/drowsy/A0844.raw,1,1,1,1,False,69.7211,"[255, 0]","[0.99609375, 0.0]",
test/drowsy/A0845.raw,1,1,1,1,False,111.2777,"[255, 0]","[0.99609375, 0.0]",
test/drowsy/A0846.raw,1,1,1,1,False,103.4994,"[255, 0]","[0.99609375, 0.0]",
test/drowsy/A0847.raw,1,1,1,1,False,58.5344,"[255, 0]","[0.99609375, 0.0]",
test/drowsy/A0848.raw,1,1,1,1,False,75.6242,"[255, 0]","[0.99609375, 0.0]",
test/drowsy/A0849.raw,1,1,1,1,False,104.5365,"[255, 0]","[0.99609375, 0.0]",
test/drowsy/A0850.raw,1,1,1,1,False,98.5816,"[255, 0]","[0.99609375, 0.0]",
test/drowsy/A0851.raw,1,1,1,1,False,108.8205,"[255, 0]","[0.99609375, 0.0]",
test/drowsy/A0852.raw,1,1,1,1,False,59.0404,"[255, 0]","[0.99609375, 0.0]",
test/drowsy/A0853.raw,1,1,1,1,False,81.2019,"[255, 0]","[0.99609375, 0.0]",
test/drowsy/A0854.raw,1,1,1,1,False,95.4007,"[255, 0]","[0.99609375, 0.0]",
test/drowsy/A0855.raw,1,1,1,1,False,74.4691,"[255, 0]","[0.99609375, 0.0]",
test/drowsy/A0856.raw,1,1,1,1,False,109.4356,"[255, 0]","[0.99609375, 0.0]",
test/drowsy/A0857.raw,1,1,1,1,False,88.2807,"[255, 0]","[0.99609375, 0.0]",
test/drowsy/A0858.raw,1,1,1,1,False,53.4637,"[255, 0]","[0.99609375, 0.0]",
test/drowsy/A0859.raw,1,1,1,1,False,93.3292,"[255, 0]","[0.99609375, 0.0]",
test/drowsy/A0860.raw,1,1,1,1,False,79.4544,"[255, 0]","[0.99609375, 0.0]",
test/drowsy/A0861.raw,1,1,1,1,False,71.8827,"[255, 0]","[0.99609375, 0.0]",
test/drowsy/A0862.raw,1,1,1,1,False,65.0401,"[255, 0]","[0.99609375, 0.0]",
test/drowsy/A0863.raw,1,1,1,1,False,68.6642,"[255, 0]","[0.99609375, 0.0]",
test/drowsy/A0864.raw,1,1,1,1,False,78.5041,"[255, 0]","[0.99609375, 0.0]",
test/drowsy/A0865.raw,1,1,1,1,False,95.9439,"[255, 0]","[0.99609375, 0.0]",
test/drowsy/A0866.raw,1,1,1,1,False,119.9508,"[255, 0]","[0.99609375, 0.0]",
test/drowsy/A0867.raw,1,1,1,1,False,74.9422,"[255, 0]","[0.99609375, 0.0]",
test/drowsy/A0868.raw,1,1,1,1,False,76.9123,"[255, 0]","[0.99609375, 0.0]",
test/drowsy/A0869.raw,1,1,1,1,False,74.4281,"[255, 0]","[0.99609375, 0.0]",
test/drowsy/A0870.raw,1,1,1,1,False,95.5751,"[255, 0]","[0.99609375, 0.0]",
test/drowsy/A0871.raw,1,1,1,1,False,69.9986,"[255, 0]","[0.99609375, 0.0]",
test/drowsy/A0872.raw,1,1,1,1,False,102.484,"[255, 0]","[0.99609375, 0.0]",
test/drowsy/A0873.raw,1,1,1,1,False,123.9224,"[255, 0]","[0.99609375, 0.0]",
test/drowsy/A0874.raw,1,1,1,1,False,91.9354,"[255, 0]","[0.99609375, 0.0]",
test/drowsy/A0875.raw,1,1,1,1,False,65.7855,"[255, 0]","[0.99609375, 0.0]",
test/drowsy/A0876.raw,1,1,1,1,False,73.2633,"[255, 0]","[0.99609375, 0.0]",
test/drowsy/A0877.raw,1,1,1,1,False,75.007,"[255, 0]","[0.99609375, 0.0]",
test/drowsy/A0878.raw,1,1,1,1,False,74.4808,"[255, 0]","[0.99609375, 0.0]",
test/drowsy/A0879.raw,1,1,1,1,False,114.7193,"[255, 0]","[0.99609375, 0.0]",
test/drowsy/A0880.raw,1,1,1,1,False,114.6982,"[255, 0]","[0.99609375, 0.0]",
test/drowsy/A0881.raw,1,1,1,1,False,86.08,"[255, 0]","[0.99609375, 0.0]",
test/drowsy/A0882.raw,1,1,1,1,False,119.8472,"[255, 0]","[0.99609375, 0.0]",
test/drowsy/A0883.raw,1,1,1,1,False,90.4944,"[255, 0]","[0.99609375, 0.0]",
test/drowsy/A0884.raw,1,1,1,1,False,92.3871,"[255, 0]","[0.99609375, 0.0]",
test/drowsy/A0885.raw,1,1,1,1,False,114.5249,"[255, 0]","[0.99609375, 0.0]",
test/drowsy/A0886.raw,1,1,1,1,False,108.8513,"[255, 0]","[0.99609375, 0.0]",
test/drowsy/A0887.raw,1,1,1,1,False,52.4236,"[255, 0]","[0.99609375, 0.0]",
test/drowsy/A0888.raw,1,1,1,1,False,53.4735,"[255, 0]","[0.99609375, 0.0]",
test/drowsy/A0889.raw,1,1,1,1,False,70.6669,"[255, 0]","[0.99609375, 0.0]",
test/drowsy/A0890.raw,1,1,1,1,False,105.7319,"[255, 0]","[0.99609375, 0.0]",
test/drowsy/A0891.raw,1,1,1,1,False,96.0765,"[255, 0]","[0.99609375, 0.0]",
test/drowsy/A0892.raw,1,1,1,1,False,51.4546,"[255, 0]","[0.99609375, 0.0]",
test/drowsy/A0893.raw,1,1,1,1,False,51.1689,"[255, 0]","[0.99609375, 0.0]",
test/drowsy/A0894.raw,1,1,1,1,False,75.0089,"[255, 0]","[0.99609375, 0.0]",
test/drowsy/A0895.raw,1,1,1,1,False,106.379,"[255, 0]","[0.99609375, 0.0]",
test/drowsy/A0896.raw,1,1,1,1,False,53.1304,"[255, 0]","[0.99609375, 0.0]",
test/drowsy/A0897.raw,1,1,1,1,False,51.8205,"[255, 0]","[0.99609375, 0.0]",
test/drowsy/A0898.raw,1,1,1,1,False,64.0067,"[255, 0]","[0.99609375, 0.0]",
test/drowsy/A0899.raw,1,1,1,1,False,53.006,"[255, 0]","[0.99609375, 0.0]",
test/drowsy/A0900.raw,1,1,1,1,False,52.2513,"[255, 0]","[0.99609375, 0.0]",
test/drowsy/A0901.raw,1,1,1,1,False,67.8207,"[255, 0]","[0.99609375, 0.0]",
test/drowsy/A0902.raw,1,1,1,1,False,108.8143,"[255, 0]","[0.99609375, 0.0]",
test/drowsy/A0903.raw,1,1,1,1,False,89.9714,"[255, 0]","[0.99609375, 0.0]",
test/drowsy/A0904.raw,1,1,1,1,False,68.343,"[255, 0]","[0.99609375, 0.0]",
test/drowsy/A0905.raw,1,1,1,1,False,96.5509,"[255, 0]","[0.99609375, 0.0]",
test/drowsy/A0906.raw,1,1,1,1,False,100.9805,"[255, 0]","[0.99609375, 0.0]",
test/drowsy/A0907.raw,1,1,1,1,False,90.5197,"[255, 0]","[0.99609375, 0.0]",
test/drowsy/A0908.raw,1,1,1,1,False,87.4315,"[255, 0]","[0.99609375, 0.0]",
test/drowsy/A0909.raw,1,1,1,1,False,93.448,"[255, 0]","[0.99609375, 0.0]",
test/drowsy/A0910.raw,1,1,1,1,False,112.6431,"[255, 0]","[0.99609375, 0.0]",
test/drowsy/A0911.raw,1,1,1,1,False,105.8699,"[255, 0]","[0.99609375, 0.0]",
test/drowsy/A0912.raw,1,1,1,1,False,87.7471,"[255, 0]","[0.99609375, 0.0]",
test/drowsy/A0913.raw,1,1,1,1,False,98.5235,"[255, 0]","[0.99609375, 0.0]",
test/drowsy/A0914.raw,1,1,1,1,False,114.2502,"[255, 0]","[0.99609375, 0.0]",
test/drowsy/A0915.raw,1,1,1,1,False,116.1675,"[255, 0]","[0.99609375, 0.0]",
test/drowsy/A0916.raw,1,1,1,1,False,100.7693,"[255, 0]","[0.99609375, 0.0]",
test/drowsy/A0917.raw,1,1,1,1,False,97.616,"[255, 0]","[0.99609375, 0.0]",
test/drowsy/A0918.raw,1,1,1,1,False,77.5255,"[255, 0]","[0.99609375, 0.0]",
test/drowsy/A0919.raw,1,1,1,1,False,97.3851,"[255, 0]","[0.99609375, 0.0]",
test/drowsy/A0920.raw,1,1,1,1,False,108.7137,"[255, 0]","[0.99609375, 0.0]",
test/drowsy/A0921.raw,1,1,1,1,False,125.4711,"[255, 0]","[0.99609375, 0.0]",
test/drowsy/A0922.raw,1,1,1,1,False,89.1457,"[255, 0]","[0.99609375, 0.0]",
test/drowsy/A0923.raw,1,1,1,1,False,89.1395,"[255, 0]","[0.99609375, 0.0]",
test/drowsy/A0924.raw,1,1,1,1,False,87.4124,"[255, 0]","[0.99609375, 0.0]",
test/drowsy/A0925.raw,1,1,1,1,False,101.894,"[255, 0]","[0.99609375, 0.0]",
test/drowsy/A0926.raw,1,1,1,1,False,90.2089,"[255, 0]","[0.99609375, 0.0]",
test/drowsy/A0927.raw,1,1,1,1,False,88.2011,"[255, 0]","[0.99609375, 0.0]",
test/drowsy/A0928.raw,1,1,1,1,False,128.0896,"[255, 0]","[0.99609375, 0.0]",
test/drowsy/A0929.raw,1,1,1,1,False,74.9539,"[255, 0]","[0.99609375, 0.0]",
test/drowsy/A0930.raw,1,1,1,1,False,52.0692,"[255, 0]","[0.99609375, 0.0]",
test/drowsy/A0931.raw,1,1,1,1,False,53.3892,"[255, 0]","[0.99609375, 0.0]",
test/drowsy/A0932.raw,1,1,1,1,False,112.5332,"[255, 0]","[0.99609375, 0.0]",
test/drowsy/A0933.raw,1,1,1,1,False,54.3056,"[255, 0]","[0.99609375, 0.0]",
test/drowsy/A0934.raw,1,1,1,1,False,80.9351,"[255, 0]","[0.99609375, 0.0]",
test/drowsy/A0935.raw,1,1,1,1,False,67.2721,"[255, 0]","[0.99609375, 0.0]",
test/drowsy/A0936.raw,1,1,1,1,False,99.4612,"[255, 0]","[0.99609375, 0.0]",
test/drowsy/A0937.raw,1,1,1,1,False,101.3735,"[255, 0]","[0.99609375, 0.0]",
test/drowsy/A0938.raw,1,1,1,1,False,62.35,"[255, 0]","[0.99609375, 0.0]",
test/drowsy/A0939.raw,1,1,1,1,False,95.3066,"[255, 0]","[0.99609375, 0.0]",
test/drowsy/A0940.raw,1,1,1,1,False,55.8296,"[255, 0]","[0.99609375, 0.0]",
test/drowsy/A0941.raw,1,1,1,1,False,52.6429,"[255, 0]","[0.99609375, 0.0]",
test/drowsy/A0942.raw,1,1,1,1,False,97.5294,"[255, 0]","[0.99609375, 0.0]",
test/drowsy/A0943.raw,1,1,1,1,False,106.2804,"[255, 0]","[0.99609375, 0.0]",
test/drowsy/A0944.raw,1,1,1,1,False,72.762,"[255, 0]","[0.99609375, 0.0]",
test/drowsy/A0947.raw,1,1,1,1,False,96.3572,"[255, 0]","[0.99609375, 0.0]",
test/drowsy/A0948.raw,1,1,1,1,False,84.8357,"[255, 0]","[0.99609375, 0.0]",
test/drowsy/A0949.raw,1,1,1,1,False,110.7048,"[255, 0]","[0.99609375, 0.0]",
test/drowsy/A0950.raw,1,1,1,1,False,63.3436,"[255, 0]","[0.99609375, 0.0]",
test/drowsy/A0951.raw,1,1,1,1,False,102.7576,"[255, 0]","[0.99609375, 0.0]",
test/drowsy/A0952.raw,1,1,1,1,False,111.3034,"[255, 0]","[0.99609375, 0.0]",
test/drowsy/A0953.raw,1,1,1,1,False,102.7113,"[255, 0]","[0.99609375, 0.0]",
test/drowsy/A0954.raw,1,1,1,1,False,72.2399,"[255, 0]","[0.99609375, 0.0]",
test/drowsy/A0955.raw,1,1,1,1,False,86.6151,"[255, 0]","[0.99609375, 0.0]",
test/drowsy/A0956.raw,1,1,1,1,False,88.8283,"[255, 0]","[0.99609375, 0.0]",
test/drowsy/A0957.raw,1,1,1,1,False,68.6015,"[255, 0]","[0.99609375, 0.0]",
test/drowsy/A0958.raw,1,1,1,1,False,65.3044,"[255, 0]","[0.99609375, 0.0]",
test/drowsy/A0959.raw,1,1,1,1,False,94.6657,"[255, 0]","[0.99609375, 0.0]",
test/drowsy/A0960.raw,1,1,1,1,False,94.5165,"[255, 0]","[0.99609375, 0.0]",
test/drowsy/A0961.raw,1,1,1,1,False,121.5884,"[255, 0]","[0.99609375, 0.0]",
test/drowsy/A0962.raw,1,1,1,1,False,77.4972,"[255, 0]","[0.99609375, 0.0]",
test/drowsy/A0963.raw,1,1,1,1,False,96.0656,"[255, 0]","[0.99609375, 0.0]",
test/drowsy/A0964.raw,1,1,1,1,False,100.8948,"[255, 0]","[0.99609375, 0.0]",
test/drowsy/A0965.raw,1,1,1,1,False,125.6519,"[255, 0]","[0.99609375, 0.0]",
test/drowsy/A0966.raw,1,1,1,1,False,82.0505,"[255, 0]","[0.99609375, 0.0]",
test/drowsy/A0967.raw,1,1,1,1,False,53.8861,"[255, 0]","[0.99609375, 0.0]",
test/drowsy/A0968.raw,1,1,1,1,False,76.4809,"[255, 0]","[0.99609375, 0.0]",
test/drowsy/A0969.raw,1,1,1,1,False,91.051,"[255, 0]","[0.99609375, 0.0]",
test/drowsy/A0970.raw,1,1,1,1,False,104.2497,"[255, 0]","[0.99609375, 0.0]",
test/drowsy/A0971.raw,1,1,1,1,False,108.0102,"[255, 0]","[0.99609375, 0.0]",
test/drowsy/A0972.raw,1,1,1,1,False,93.7946,"[255, 0]","[0.99609375, 0.0]",
test/drowsy/A0973.raw,1,1,1,1,False,103.7704,"[255, 0]","[0.99609375, 0.0]",
test/drowsy/A0974.raw,1,1,1,1,False,102.3966,"[255, 0]","[0.99609375, 0.0]",
test/drowsy/A0975.raw,1,1,1,1,False,88.3118,"[255, 0]","[0.99609375, 0.0]",
test/drowsy/A0976.raw,1,1,1,1,False,62.8554,"[255, 0]","[0.99609375, 0.0]",
test/drowsy/A0977.raw,1,1,1,1,False,91.607,"[255, 0]","[0.99609375, 0.0]",
test/drowsy/A0978.raw,1,1,1,1,False,93.3575,"[255, 0]","[0.99609375, 0.0]",
test/drowsy/A0979.raw,1,1,1,1,False,118.191,"[255, 0]","[0.99609375, 0.0]",
test/drowsy/A0980.raw,1,1,1,1,False,108.4457,"[255, 0]","[0.99609375, 0.0]",
test/drowsy/A0981.raw,1,1,1,1,False,77.4594,"[255, 0]","[0.99609375, 0.0]",
test/drowsy/A0982.raw,1,1,1,1,False,51.1439,"[255, 0]","[0.99609375, 0.0]",
test/drowsy/A0983.raw,1,1,1,1,False,111.2391,"[255, 0]","[0.99609375, 0.0]",
test/drowsy/A0984.raw,1,1,1,1,False,117.8234,"[255, 0]","[0.99609375, 0.0]",
test/drowsy/A0985.raw,1,1,1,1,False,116.6263,"[255, 0]","[0.99609375, 0.0]",
test/drowsy/A0986.raw,1,1,1,1,False,100.3155,"[255, 0]","[0.99609375, 0.0]",
test/drowsy/A0987.raw,1,1,1,1,False,117.5683,"[255, 0]","[0.99609375, 0.0]",
test/drowsy/A0988.raw,1,1,1,1,False,95.6128,"[255, 0]","[0.99609375, 0.0]",
test/drowsy/A0989.raw,1,1,1,1,False,52.474,"[255, 0]","[0.99609375, 0.0]",
test/drowsy/A0990.raw,1,1,1,1,False,73.1511,"[255, 0]","[0.99609375, 0.0]",
test/drowsy/A0991.raw,1,1,1,1,False,77.5267,"[255, 0]","[0.99609375, 0.0]",
test/drowsy/A0992.raw,1,1,1,1,False,95.9949,"[255, 0]","[0.99609375, 0.0]",
test/drowsy/A0993.raw,1,1,1,1,False,100.7224,"[255, 0]","[0.99609375, 0.0]",
test/drowsy/A0994.raw,1,1,1,1,False,104.9808,"[255, 0]","[0.99609375, 0.0]",
test/drowsy/A0995.raw,1,1,1,1,False,88.4074,"[255, 0]","[0.99609375, 0.0]",
test/drowsy/A0996.raw,1,1,1,1,False,69.5695,"[255, 0]","[0.99609375, 0.0]",
test/drowsy/A0997.raw,1,1,1,1,False,93.7715,"[255, 0]","[0.99609375, 0.0]",
test/drowsy/A0998.raw,1,1,1,1,False,104.1272,"[255, 0]","[0.99609375, 0.0]",
test/drowsy/A0999.raw,1,1,1,1,False,97.8713,"[255, 0]","[0.99609375, 0.0]",
test/drowsy/A1000.raw,1,1,1,1,False,83.6167,"[255, 0]","[0.99609375, 0.0]",
test/drowsy/A1001.raw,1,1,1,1,False,92.4634,"[255, 0]","[0.99609375, 0.0]",
test/drowsy/A1002.raw,1,1,1,1,False,77.3799,"[255, 0]","[0.99609375, 0.0]",
test/drowsy/A1003.raw,1,1,1,1,False,98.5875,"[255, 0]","[0.99609375, 0.0]",
test/drowsy/A1004.raw,1,1,1,1,False,106.3933,"[255, 0]","[0.99609375, 0.0]",
test/drowsy/A1005.raw,1,1,1,1,False,58.8609,"[255, 0]","[0.99609375, 0.0]",
test/drowsy/A1008.raw,1,1,1,1,False,90.076,"[255, 0]","[0.99609375, 0.0]",
test/drowsy/A1009.raw,1,1,1,1,False,112.2034,"[255, 0]","[0.99609375, 0.0]",
test/drowsy/A1010.raw,1,1,1,1,False,62.6872,"[255, 0]","[0.99609375, 0.0]",
test/drowsy/A1011.raw,1,1,1,1,False,121.0759,"[255, 0]","[0.99609375, 0.0]",
test/drowsy/A1012.raw,1,1,1,1,False,71.7331,"[255, 0]","[0.99609375, 0.0]",
test/drowsy/A1013.raw,1,1,1,1,False,107.1987,"[255, 0]","[0.99609375, 0.0]",
test/drowsy/A1014.raw,1,1,1,1,False,119.5984,"[255, 0]","[0.99609375, 0.0]",
test/drowsy/A1015.raw,1,1,1,1,False,100.1744,"[255, 0]","[0.99609375, 0.0]",
test/drowsy/A1016.raw,1,1,1,1,False,68.5145,"[255, 0]","[0.99609375, 0.0]",
test/drowsy/A1017.raw,1,1,1,1,False,104.914,"[255, 0]","[0.99609375, 0.0]",
test/non_drowsy/a0002.raw,1,0,0,1,False,105.8115,"[59, 197]","[0.23046875, 0.76953125]",
test/non_drowsy/a0003.raw,1,0,0,1,False,51.0669,"[0, 255]","[0.0, 0.99609375]",
test/non_drowsy/a0004.raw,1,0,0,1,False,61.0137,"[6, 250]","[0.0234375, 0.9765625]",
test/non_drowsy/a0005.raw,1,0,0,1,False,109.0075,"[0, 255]","[0.0, 0.99609375]",
test/non_drowsy/a0006.raw,1,0,0,1,False,79.6998,"[1, 255]","[0.00390625, 0.99609375]",
test/non_drowsy/a0007.raw,1,0,0,1,False,124.7342,"[3, 253]","[0.01171875, 0.98828125]",
test/non_drowsy/a0009.raw,1,0,0,1,False,96.8178,"[0, 255]","[0.0, 0.99609375]",
test/non_drowsy/a0010.raw,1,0,0,1,False,132.987,"[0, 255]","[0.0, 0.99609375]",
test/non_drowsy/a0011.raw,1,0,0,1,False,79.8358,"[0, 255]","[0.0, 0.99609375]",
test/non_drowsy/a0012.raw,1,0,0,1,False,63.6703,"[0, 255]","[0.0, 0.99609375]",
test/non_drowsy/a0013.raw,1,0,0,1,False,53.4593,"[0, 255]","[0.0, 0.99609375]",
test/non_drowsy/a0014.raw,1,0,0,1,False,87.6667,"[0, 255]","[0.0, 0.99609375]",
test/non_drowsy/a0015.raw,1,0,0,1,False,114.4493,"[0, 255]","[0.0, 0.99609375]",
test/non_drowsy/a0016.raw,1,0,0,1,False,65.4178,"[0, 255]","[0.0, 0.99609375]",
test/non_drowsy/a0017.raw,1,0,0,1,False,104.5299,"[0, 255]","[0.0, 0.99609375]",
test/non_drowsy/a0018.raw,1,0,0,1,False,73.5864,"[0, 255]","[0.0, 0.99609375]",
test/non_drowsy/a0019.raw,1,0,0,1,False,51.5553,"[0, 255]","[0.0, 0.99609375]",
test/non_drowsy/a0020.raw,1,1,0,0,False,58.8222,"[151, 105]","[0.58984375, 0.41015625]",
test/non_drowsy/a0021.raw,1,0,0,1,False,75.4586,"[6, 250]","[0.0234375, 0.9765625]",
test/non_drowsy/a0022.raw,1,0,0,1,False,102.9749,"[0, 255]","[0.0, 0.99609375]",
test/non_drowsy/a0023.raw,1,0,0,1,False,88.9109,"[0, 255]","[0.0, 0.99609375]",
test/non_drowsy/a0024.raw,1,0,0,1,False,98.0681,"[0, 255]","[0.0, 0.99609375]",
test/non_drowsy/a0026.raw,1,0,0,1,False,102.6942,"[0, 255]","[0.0, 0.99609375]",
test/non_drowsy/a0029.raw,1,0,0,1,False,102.2077,"[0, 255]","[0.0, 0.99609375]",
test/non_drowsy/a0033.raw,1,0,0,1,False,104.1901,"[0, 255]","[0.0, 0.99609375]",
test/non_drowsy/a0034.raw,1,0,0,1,False,85.1245,"[0, 255]","[0.0, 0.99609375]",
test/non_drowsy/a0035.raw,1,0,0,1,False,67.4452,"[0, 255]","[0.0, 0.99609375]",
test/non_drowsy/a0036.raw,1,0,0,1,False,74.0407,"[0, 255]","[0.0, 0.99609375]",
test/non_drowsy/a0037.raw,1,0,0,1,False,81.5139,"[0, 255]","[0.0, 0.99609375]",
test/non_drowsy/a0038.raw,1,0,0,1,False,113.9802,"[0, 255]","[0.0, 0.99609375]",
test/non_drowsy/a0039.raw,1,0,0,1,False,105.636,"[0, 255]","[0.0, 0.99609375]",
test/non_drowsy/a0040.raw,1,0,0,1,False,85.0566,"[0, 255]","[0.0, 0.99609375]",
test/non_drowsy/a0041.raw,1,0,0,1,False,82.8051,"[0, 255]","[0.0, 0.99609375]",
test/non_drowsy/a0042.raw,1,0,0,1,False,90.6876,"[0, 255]","[0.0, 0.99609375]",
test/non_drowsy/a0043.raw,1,0,0,1,False,92.3664,"[0, 255]","[0.0, 0.99609375]",
test/non_drowsy/a0044.raw,1,0,0,1,False,104.7518,"[0, 255]","[0.0, 0.99609375]",
test/non_drowsy/a0045.raw,1,0,0,1,False,98.754,"[0, 255]","[0.0, 0.99609375]",
test/non_drowsy/a0046.raw,1,0,0,1,False,92.384,"[0, 255]","[0.0, 0.99609375]",
test/non_drowsy/a0047.raw,1,0,0,1,False,60.4287,"[0, 255]","[0.0, 0.99609375]",
test/non_drowsy/a0048.raw,1,0,0,1,False,113.4787,"[0, 255]","[0.0, 0.99609375]",
test/non_drowsy/a0049.raw,1,0,0,1,False,79.6563,"[0, 255]","[0.0, 0.99609375]",
test/non_drowsy/a0050.raw,1,0,0,1,False,53.532,"[0, 255]","[0.0, 0.99609375]",
test/non_drowsy/a0051.raw,1,0,0,1,False,98.5465,"[0, 255]","[0.0, 0.99609375]",
test/non_drowsy/a0052.raw,1,0,0,1,False,102.7431,"[0, 255]","[0.0, 0.99609375]",
test/non_drowsy/a0053.raw,1,0,0,1,False,96.7946,"[36, 220]","[0.140625, 0.859375]",
test/non_drowsy/a0054.raw,1,1,0,0,False,105.4183,"[239, 17]","[0.93359375, 0.06640625]",
test/non_drowsy/a0055.raw,1,0,0,1,False,76.6781,"[0, 255]","[0.0, 0.99609375]",
test/non_drowsy/a0056.raw,1,0,0,1,False,81.5301,"[1, 255]","[0.00390625, 0.99609375]",
test/non_drowsy/a0057.raw,1,0,0,1,False,114.8936,"[5, 251]","[0.01953125, 0.98046875]",
test/non_drowsy/a0058.raw,1,1,0,0,False,61.6785,"[235, 21]","[0.91796875, 0.08203125]",
test/non_drowsy/a0059.raw,1,0,0,1,False,67.0178,"[0, 255]","[0.0, 0.99609375]",
test/non_drowsy/a0060.raw,1,0,0,1,False,60.6166,"[0, 255]","[0.0, 0.99609375]",
test/non_drowsy/a0061.raw,1,0,0,1,False,67.1534,"[36, 220]","[0.140625, 0.859375]",
test/non_drowsy/a0062.raw,1,0,0,1,False,80.423,"[36, 220]","[0.140625, 0.859375]",
test/non_drowsy/a0063.raw,1,0,0,1,False,95.6501,"[0, 255]","[0.0, 0.99609375]",
test/non_drowsy/a0064.raw,1,0,0,1,False,121.6603,"[0, 255]","[0.0, 0.99609375]",
test/non_drowsy/a0065.raw,1,0,0,1,False,69.8752,"[0, 255]","[0.0, 0.99609375]",
test/non_drowsy/a0066.raw,1,0,0,1,False,94.175,"[4, 252]","[0.015625, 0.984375]",
test/non_drowsy/a0067.raw,1,0,0,1,False,82.8606,"[0, 255]","[0.0, 0.99609375]",
test/non_drowsy/a0068.raw,1,0,0,1,False,84.9895,"[0, 255]","[0.0, 0.99609375]",
test/non_drowsy/a0069.raw,1,0,0,1,False,96.8912,"[0, 255]","[0.0, 0.99609375]",
test/non_drowsy/a0070.raw,1,0,0,1,False,135.9843,"[0, 255]","[0.0, 0.99609375]",
test/non_drowsy/a0071.raw,1,0,0,1,False,167.1263,"[0, 255]","[0.0, 0.99609375]",
test/non_drowsy/a0072.raw,1,0,0,1,False,96.6788,"[0, 255]","[0.0, 0.99609375]",
test/non_drowsy/a0073.raw,1,0,0,1,False,102.7963,"[0, 255]","[0.0, 0.99609375]",
test/non_drowsy/a0074.raw,1,0,0,1,False,87.08,"[0, 255]","[0.0, 0.99609375]",
test/non_drowsy/a0075.raw,1,0,0,1,False,79.7443,"[0, 255]","[0.0, 0.99609375]",
test/non_drowsy/a0076.raw,1,0,0,1,False,107.9728,"[0, 255]","[0.0, 0.99609375]",
test/non_drowsy/a0077.raw,1,0,0,1,False,137.0268,"[0, 255]","[0.0, 0.99609375]",
test/non_drowsy/a0078.raw,1,0,0,1,False,170.8126,"[0, 255]","[0.0, 0.99609375]",
test/non_drowsy/a0079.raw,1,0,0,1,False,187.0649,"[0, 255]","[0.0, 0.99609375]",
test/non_drowsy/a0080.raw,1,0,0,1,False,112.9732,"[0, 255]","[0.0, 0.99609375]",
test/non_drowsy/a0081.raw,1,0,0,1,False,80.6932,"[0, 255]","[0.0, 0.99609375]",
test/non_drowsy/a0082.raw,1,0,0,1,False,60.4389,"[0, 255]","[0.0, 0.99609375]",
test/non_drowsy/a0083.raw,1,0,0,1,False,139.9308,"[0, 255]","[0.0, 0.99609375]",
test/non_drowsy/a0084.raw,1,0,0,1,False,103.2726,"[0, 255]","[0.0, 0.99609375]",
test/non_drowsy/a0085.raw,1,0,0,1,False,94.1042,"[1, 255]","[0.00390625, 0.99609375]",
test/non_drowsy/a0086.raw,1,0,0,1,False,73.3599,"[0, 255]","[0.0, 0.99609375]",
test/non_drowsy/a0087.raw,1,0,0,1,False,99.1575,"[0, 255]","[0.0, 0.99609375]",
test/non_drowsy/a0088.raw,1,0,0,1,False,100.371,"[0, 255]","[0.0, 0.99609375]",
test/non_drowsy/a0089.raw,1,0,0,1,False,82.9058,"[0, 255]","[0.0, 0.99609375]",
test/non_drowsy/a0090.raw,1,0,0,1,False,101.3077,"[0, 255]","[0.0, 0.99609375]",
test/non_drowsy/a0091.raw,1,0,0,1,False,111.1756,"[0, 255]","[0.0, 0.99609375]",
test/non_drowsy/a0092.raw,1,0,0,1,False,67.8298,"[0, 255]","[0.0, 0.99609375]",
test/non_drowsy/a0093.raw,1,0,0,1,False,97.9588,"[0, 255]","[0.0, 0.99609375]",
test/non_drowsy/a0094.raw,1,0,0,1,False,70.4707,"[0, 255]","[0.0, 0.99609375]",
test/non_drowsy/a0095.raw,1,0,0,1,False,117.1287,"[0, 255]","[0.0, 0.99609375]",
test/non_drowsy/a0096.raw,1,0,0,1,False,53.9341,"[0, 255]","[0.0, 0.99609375]",
test/non_drowsy/a0097.raw,1,0,0,1,False,52.8571,"[0, 255]","[0.0, 0.99609375]",
test/non_drowsy/a0098.raw,1,0,0,1,False,54.7023,"[0, 255]","[0.0, 0.99609375]",
test/non_drowsy/a0099.raw,1,0,0,1,False,110.1309,"[0, 255]","[0.0, 0.99609375]",
test/non_drowsy/a0100.raw,1,0,0,1,False,117.2179,"[0, 255]","[0.0, 0.99609375]",
test/non_drowsy/a0101.raw,1,0,0,1,False,114.1102,"[0, 255]","[0.0, 0.99609375]",
test/non_drowsy/a0102.raw,1,0,0,1,False,94.3807,"[0, 255]","[0.0, 0.99609375]",
test/non_drowsy/a0103.raw,1,0,0,1,False,95.301,"[0, 255]","[0.0, 0.99609375]",
test/non_drowsy/a0104.raw,1,0,0,1,False,51.6111,"[0, 255]","[0.0, 0.99609375]",
test/non_drowsy/a0105.raw,1,0,0,1,False,51.5597,"[0, 255]","[0.0, 0.99609375]",
test/non_drowsy/a0106.raw,1,0,0,1,False,54.1171,"[0, 255]","[0.0, 0.99609375]",
test/non_drowsy/a0107.raw,1,0,0,1,False,56.3512,"[0, 255]","[0.0, 0.99609375]",
test/non_drowsy/a0108.raw,1,0,0,1,False,50.6106,"[0, 255]","[0.0, 0.99609375]",
test/non_drowsy/a0109.raw,1,0,0,1,False,62.7401,"[0, 255]","[0.0, 0.99609375]",
test/non_drowsy/a0110.raw,1,0,0,1,False,75.7893,"[0, 255]","[0.0, 0.99609375]",
test/non_drowsy/a0111.raw,1,0,0,1,False,115.042,"[0, 255]","[0.0, 0.99609375]",
test/non_drowsy/a0112.raw,1,0,0,1,False,122.0389,"[0, 255]","[0.0, 0.99609375]",
test/non_drowsy/a0113.raw,1,0,0,1,False,98.8031,"[0, 255]","[0.0, 0.99609375]",
test/non_drowsy/a0114.raw,1,0,0,1,False,111.2908,"[0, 255]","[0.0, 0.99609375]",
test/non_drowsy/a0115.raw,1,0,0,1,False,70.1118,"[0, 255]","[0.0, 0.99609375]",
test/non_drowsy/a0116.raw,1,0,0,1,False,91.7494,"[0, 255]","[0.0, 0.99609375]",
test/non_drowsy/a0117.raw,1,0,0,1,False,114.8789,"[0, 255]","[0.0, 0.99609375]",
test/non_drowsy/a0118.raw,1,0,0,1,False,101.6807,"[0, 255]","[0.0, 0.99609375]",
test/non_drowsy/a0119.raw,1,0,0,1,False,51.8817,"[0, 255]","[0.0, 0.99609375]",
test/non_drowsy/a0120.raw,1,0,0,1,False,77.1621,"[0, 255]","[0.0, 0.99609375]",
test/non_drowsy/a0121.raw,1,0,0,1,False,117.4245,"[0, 255]","[0.0, 0.99609375]",
test/non_drowsy/a0122.raw,1,0,0,1,False,122.5433,"[0, 255]","[0.0, 0.99609375]",
test/non_drowsy/a0123.raw,1,0,0,1,False,80.0225,"[0, 255]","[0.0, 0.99609375]",
test/non_drowsy/a0124.raw,1,0,0,1,False,97.6478,"[0, 255]","[0.0, 0.99609375]",
test/non_drowsy/a0125.raw,1,0,0,1,False,80.3829,"[0, 255]","[0.0, 0.99609375]",
test/non_drowsy/a0126.raw,1,0,0,1,False,94.1167,"[0, 255]","[0.0, 0.99609375]",
test/non_drowsy/a0127.raw,1,0,0,1,False,65.7958,"[0, 255]","[0.0, 0.99609375]",
test/non_drowsy/a0128.raw,1,0,0,1,False,107.8413,"[0, 255]","[0.0, 0.99609375]",
test/non_drowsy/a0129.raw,1,0,0,1,False,72.2487,"[0, 255]","[0.0, 0.99609375]",
test/non_drowsy/a0130.raw,1,0,0,1,False,79.2705,"[0, 255]","[0.0, 0.99609375]",
test/non_drowsy/a0131.raw,1,0,0,1,False,96.77,"[0, 255]","[0.0, 0.99609375]",
test/non_drowsy/a0132.raw,1,0,0,1,False,102.046,"[0, 255]","[0.0, 0.99609375]",
test/non_drowsy/a0133.raw,1,0,0,1,False,77.9952,"[0, 255]","[0.0, 0.99609375]",
test/non_drowsy/a0134.raw,1,0,0,1,False,95.9173,"[0, 255]","[0.0, 0.99609375]",
test/non_drowsy/a0135.raw,1,0,0,1,False,102.7105,"[0, 255]","[0.0, 0.99609375]",
test/non_drowsy/a0136.raw,1,0,0,1,False,79.1125,"[0, 255]","[0.0, 0.99609375]",
test/non_drowsy/a0137.raw,1,0,0,1,False,95.5278,"[0, 255]","[0.0, 0.99609375]",
test/non_drowsy/a0138.raw,1,0,0,1,False,100.4742,"[0, 255]","[0.0, 0.99609375]",
test/non_drowsy/a0139.raw,1,0,0,1,False,114.3929,"[0, 255]","[0.0, 0.99609375]",
test/non_drowsy/a0140.raw,1,0,0,1,False,104.8154,"[0, 255]","[0.0, 0.99609375]",
test/non_drowsy/a0141.raw,1,0,0,1,False,63.0974,"[0, 255]","[0.0, 0.99609375]",
test/non_drowsy/a0142.raw,1,0,0,1,False,107.0831,"[0, 255]","[0.0, 0.99609375]",
test/non_drowsy/a0143.raw,1,0,0,1,False,83.8582,"[0, 255]","[0.0, 0.99609375]",
test/non_drowsy/a0144.raw,1,0,0,1,False,109.8268,"[0, 255]","[0.0, 0.99609375]",
test/non_drowsy/a0145.raw,1,0,0,1,False,90.2266,"[0, 255]","[0.0, 0.99609375]",
test/non_drowsy/a0146.raw,1,0,0,1,False,75.4562,"[0, 255]","[0.0, 0.99609375]",
test/non_drowsy/a0147.raw,1,0,0,1,False,79.0868,"[0, 255]","[0.0, 0.99609375]",
test/non_drowsy/a0148.raw,1,0,0,1,False,80.5833,"[0, 255]","[0.0, 0.99609375]",
test/non_drowsy/a0149.raw,1,0,0,1,False,67.4203,"[0, 255]","[0.0, 0.99609375]",
test/non_drowsy/a0150.raw,1,0,0,1,False,96.0736,"[0, 255]","[0.0, 0.99609375]",
test/non_drowsy/a0151.raw,1,0,0,1,False,62.4558,"[0, 255]","[0.0, 0.99609375]",
test/non_drowsy/a0152.raw,1,0,0,1,False,101.2252,"[0, 255]","[0.0, 0.99609375]",
test/non_drowsy/a0153.raw,1,0,0,1,False,89.0077,"[0, 255]","[0.0, 0.99609375]",
test/non_drowsy/a0154.raw,1,0,0,1,False,111.0327,"[0, 255]","[0.0, 0.99609375]",
test/non_drowsy/a0155.raw,1,0,0,1,False,89.9859,"[0, 255]","[0.0, 0.99609375]",
test/non_drowsy/a0156.raw,1,0,0,1,False,61.5209,"[0, 255]","[0.0, 0.99609375]",
test/non_drowsy/a0157.raw,1,0,0,1,False,81.7956,"[0, 255]","[0.0, 0.99609375]",
test/non_drowsy/a0158.raw,1,0,0,1,False,51.5831,"[0, 255]","[0.0, 0.99609375]",
test/non_drowsy/a0159.raw,1,0,0,1,False,87.5458,"[0, 255]","[0.0, 0.99609375]",
test/non_drowsy/a0160.raw,1,0,0,1,False,65.9906,"[0, 255]","[0.0, 0.99609375]",
test/non_drowsy/a0161.raw,1,0,0,1,False,115.8128,"[0, 255]","[0.0, 0.99609375]",
test/non_drowsy/a0162.raw,1,0,0,1,False,88.1832,"[0, 255]","[0.0, 0.99609375]",
test/non_drowsy/a0163.raw,1,0,0,1,False,52.5987,"[0, 255]","[0.0, 0.99609375]",
test/non_drowsy/a0164.raw,1,0,0,1,False,70.9456,"[0, 255]","[0.0, 0.99609375]",
test/non_drowsy/a0165.raw,1,0,0,1,False,90.3253,"[0, 255]","[0.0, 0.99609375]",
test/non_drowsy/a0166.raw,1,0,0,1,False,123.0858,"[0, 255]","[0.0, 0.99609375]",
test/non_drowsy/a0167.raw,1,0,0,1,False,57.9697,"[0, 255]","[0.0, 0.99609375]",
test/non_drowsy/a0168.raw,1,0,0,1,False,91.0241,"[0, 255]","[0.0, 0.99609375]",
test/non_drowsy/a0169.raw,1,0,0,1,False,65.5237,"[0, 255]","[0.0, 0.99609375]",
test/non_drowsy/a0170.raw,1,0,0,1,False,92.7973,"[0, 255]","[0.0, 0.99609375]",
test/non_drowsy/a0171.raw,1,0,0,1,False,79.6186,"[0, 255]","[0.0, 0.99609375]",
test/non_drowsy/a0172.raw,1,0,0,1,False,81.8749,"[0, 255]","[0.0, 0.99609375]",
test/non_drowsy/a0173.raw,1,0,0,1,False,106.5417,"[0, 255]","[0.0, 0.99609375]",
test/non_drowsy/a0174.raw,1,0,0,1,False,88.5286,"[0, 255]","[0.0, 0.99609375]",
test/non_drowsy/a0175.raw,1,0,0,1,False,51.7235,"[0, 255]","[0.0, 0.99609375]",
test/non_drowsy/a0176.raw,1,0,0,1,False,51.4849,"[0, 255]","[0.0, 0.99609375]",
test/non_drowsy/a0177.raw,1,0,0,1,False,95.369,"[0, 255]","[0.0, 0.99609375]",
test/non_drowsy/a0178.raw,1,0,0,1,False,75.7759,"[0, 255]","[0.0, 0.99609375]",
test/non_drowsy/a0179.raw,1,0,0,1,False,55.9187,"[0, 255]","[0.0, 0.99609375]",
test/non_drowsy/a0180.raw,1,0,0,1,False,93.2585,"[0, 255]","[0.0, 0.99609375]",
test/non_drowsy/a0181.raw,1,0,0,1,False,84.1021,"[0, 255]","[0.0, 0.99609375]",
test/non_drowsy/a0182.raw,1,0,0,1,False,56.9966,"[0, 255]","[0.0, 0.99609375]",
test/non_drowsy/a0183.raw,1,0,0,1,False,53.9185,"[0, 255]","[0.0, 0.99609375]",
test/non_drowsy/a0184.raw,1,0,0,1,False,65.9852,"[0, 255]","[0.0, 0.99609375]",
test/non_drowsy/a0185.raw,1,0,0,1,False,60.0178,"[0, 255]","[0.0, 0.99609375]",
test/non_drowsy/a0186.raw,1,0,0,1,False,92.0573,"[0, 255]","[0.0, 0.99609375]",
test/non_drowsy/a0187.raw,1,0,0,1,False,73.8411,"[0, 255]","[0.0, 0.99609375]",
test/non_drowsy/a0188.raw,1,0,0,1,False,117.687,"[0, 255]","[0.0, 0.99609375]",
test/non_drowsy/a0189.raw,1,0,0,1,False,120.6311,"[0, 255]","[0.0, 0.99609375]",
test/non_drowsy/a0190.raw,1,0,0,1,False,123.6014,"[0, 255]","[0.0, 0.99609375]",
test/non_drowsy/a0191.raw,1,0,0,1,False,118.8852,"[1, 255]","[0.00390625, 0.99609375]",
test/non_drowsy/a0192.raw,1,0,0,1,False,119.7626,"[0, 255]","[0.0, 0.99609375]",
test/non_drowsy/a0193.raw,1,0,0,1,False,79.2098,"[0, 255]","[0.0, 0.99609375]",
test/non_drowsy/a0194.raw,1,0,0,1,False,91.4454,"[1, 255]","[0.00390625, 0.99609375]",
test/non_drowsy/a0195.raw,1,0,0,1,False,89.4074,"[1, 255]","[0.00390625, 0.99609375]",
test/non_drowsy/a0196.raw,1,0,0,1,False,115.1317,"[0, 255]","[0.0, 0.99609375]",
test/non_drowsy/a0197.raw,1,0,0,1,False,55.9379,"[0, 255]","[0.0, 0.99609375]",
test/non_drowsy/a0198.raw,1,0,0,1,False,56.1528,"[0, 255]","[0.0, 0.99609375]",
test/non_drowsy/a0199.raw,1,0,0,1,False,102.5765,"[0, 255]","[0.0, 0.99609375]",
test/non_drowsy/a0200.raw,1,0,0,1,False,89.0568,"[8, 248]","[0.03125, 0.96875]",
test/non_drowsy/a0201.raw,1,0,0,1,False,96.9141,"[0, 255]","[0.0, 0.99609375]",
test/non_drowsy/a0202.raw,1,0,0,1,False,87.7906,"[0, 255]","[0.0, 0.99609375]",
test/non_drowsy/a0203.raw,1,0,0,1,False,100.61,"[0, 255]","[0.0, 0.99609375]",
test/non_drowsy/a0204.raw,1,0,0,1,False,72.5641,"[0, 255]","[0.0, 0.99609375]",
test/non_drowsy/a0205.raw,1,0,0,1,False,115.0654,"[0, 255]","[0.0, 0.99609375]",
test/non_drowsy/a0206.raw,1,0,0,1,False,116.5638,"[0, 255]","[0.0, 0.99609375]",
test/non_drowsy/a0207.raw,1,0,0,1,False,95.4174,"[0, 255]","[0.0, 0.99609375]",
test/non_drowsy/a0208.raw,1,0,0,1,False,85.4339,"[0, 255]","[0.0, 0.99609375]",
test/non_drowsy/a0209.raw,1,0,0,1,False,80.5694,"[1, 255]","[0.00390625, 0.99609375]",
test/non_drowsy/a0210.raw,1,0,0,1,False,69.4699,"[0, 255]","[0.0, 0.99609375]",
test/non_drowsy/a0211.raw,1,0,0,1,False,99.5759,"[0, 255]","[0.0, 0.99609375]",
test/non_drowsy/a0212.raw,1,1,0,0,False,75.6728,"[212, 44]","[0.828125, 0.171875]",
test/non_drowsy/a0213.raw,1,0,0,1,False,83.9201,"[1, 255]","[0.00390625, 0.99609375]",
test/non_drowsy/a0214.raw,1,0,0,1,False,126.0337,"[0, 255]","[0.0, 0.99609375]",
test/non_drowsy/a0215.raw,1,0,0,1,False,56.5225,"[0, 255]","[0.0, 0.99609375]",
test/non_drowsy/a0216.raw,1,0,0,1,False,113.8079,"[0, 255]","[0.0, 0.99609375]",
test/non_drowsy/a0217.raw,1,0,0,1,False,105.1625,"[0, 255]","[0.0, 0.99609375]",
test/non_drowsy/a0218.raw,1,0,0,1,False,64.2345,"[0, 255]","[0.0, 0.99609375]",
test/non_drowsy/a0219.raw,1,0,0,1,False,111.04,"[0, 255]","[0.0, 0.99609375]",
test/non_drowsy/a0220.raw,1,0,0,1,False,53.1439,"[0, 255]","[0.0, 0.99609375]",
test/non_drowsy/a0221.raw,1,0,0,1,False,105.6429,"[0, 255]","[0.0, 0.99609375]",
test/non_drowsy/a0222.raw,1,0,0,1,False,85.9992,"[0, 255]","[0.0, 0.99609375]",
test/non_drowsy/a0223.raw,1,0,0,1,False,75.5481,"[1, 255]","[0.00390625, 0.99609375]",
test/non_drowsy/a0224.raw,1,0,0,1,False,75.6983,"[0, 255]","[0.0, 0.99609375]",
test/non_drowsy/a0225.raw,1,0,0,1,False,92.7016,"[0, 255]","[0.0, 0.99609375]",
test/non_drowsy/a0226.raw,1,0,0,1,False,87.4604,"[0, 255]","[0.0, 0.99609375]",
test/non_drowsy/a0227.raw,1,0,0,1,False,102.4654,"[1, 255]","[0.00390625, 0.99609375]",
test/non_drowsy/a0228.raw,1,0,0,1,False,67.1216,"[0, 255]","[0.0, 0.99609375]",
test/non_drowsy/a0229.raw,1,0,0,1,False,72.5177,"[1, 255]","[0.00390625, 0.99609375]",
test/non_drowsy/a0230.raw,1,0,0,1,False,59.8412,"[0, 255]","[0.0, 0.99609375]",
test/non_drowsy/a0231.raw,1,0,0,1,False,51.9762,"[1, 255]","[0.00390625, 0.99609375]",
test/non_drowsy/a0232.raw,1,0,0,1,False,80.9198,"[0, 255]","[0.0, 0.99609375]",
test/non_drowsy/a0233.raw,1,0,0,1,False,69.2399,"[0, 255]","[0.0, 0.99609375]",
test/non_drowsy/a0234.raw,1,0,0,1,False,109.8776,"[0, 255]","[0.0, 0.99609375]",
test/non_drowsy/a0235.raw,1,0,0,1,False,94.3161,"[1, 255]","[0.00390625, 0.99609375]",
test/non_drowsy/a0236.raw,1,0,0,1,False,111.2132,"[0, 255]","[0.0, 0.99609375]",
test/non_drowsy/a0237.raw,1,0,0,1,False,112.4624,"[1, 255]","[0.00390625, 0.99609375]",
test/non_drowsy/a0238.raw,1,0,0,1,False,109.2186,"[0, 255]","[0.0, 0.99609375]",
test/non_drowsy/a0239.raw,1,0,0,1,False,58.8095,"[0, 255]","[0.0, 0.99609375]",
test/non_drowsy/a0240.raw,1,0,0,1,False,111.0638,"[3, 253]","[0.01171875, 0.98828125]",
test/non_drowsy/a0241.raw,1,0,0,1,False,82.4808,"[2, 254]","[0.0078125, 0.9921875]",
test/non_drowsy/a0242.raw,1,0,0,1,False,103.8973,"[0, 255]","[0.0, 0.99609375]",
test/non_drowsy/a0243.raw,1,0,0,1,False,79.9966,"[0, 255]","[0.0, 0.99609375]",
test/non_drowsy/a0244.raw,1,0,0,1,False,78.3053,"[0, 255]","[0.0, 0.99609375]",
test/non_drowsy/a0245.raw,1,0,0,1,False,75.2561,"[0, 255]","[0.0, 0.99609375]",
test/non_drowsy/a0246.raw,1,0,0,1,False,53.5956,"[0, 255]","[0.0, 0.99609375]",
test/non_drowsy/a0247.raw,1,0,0,1,False,51.5516,"[0, 255]","[0.0, 0.99609375]",
test/non_drowsy/a0248.raw,1,0,0,1,False,69.4502,"[0, 255]","[0.0, 0.99609375]",
test/non_drowsy/a0249.raw,1,0,0,1,False,87.7527,"[0, 255]","[0.0, 0.99609375]",
test/non_drowsy/a0250.raw,1,0,0,1,False,96.8049,"[0, 255]","[0.0, 0.99609375]",
test/non_drowsy/a0251.raw,1,0,0,1,False,90.0317,"[0, 255]","[0.0, 0.99609375]",
test/non_drowsy/a0252.raw,1,0,0,1,False,80.4642,"[0, 255]","[0.0, 0.99609375]",
test/non_drowsy/a0253.raw,1,0,0,1,False,97.3556,"[0, 255]","[0.0, 0.99609375]",
test/non_drowsy/a0254.raw,1,0,0,1,False,75.7654,"[0, 255]","[0.0, 0.99609375]",
test/non_drowsy/a0255.raw,1,0,0,1,False,72.6128,"[0, 255]","[0.0, 0.99609375]",
test/non_drowsy/a0256.raw,1,0,0,1,False,93.3445,"[0, 255]","[0.0, 0.99609375]",
test/non_drowsy/a0257.raw,1,0,0,1,False,57.6972,"[0, 255]","[0.0, 0.99609375]",
test/non_drowsy/a0258.raw,1,0,0,1,False,109.0972,"[0, 255]","[0.0, 0.99609375]",
test/non_drowsy/a0259.raw,1,0,0,1,False,72.9564,"[0, 255]","[0.0, 0.99609375]",
test/non_drowsy/a0260.raw,1,0,0,1,False,95.8225,"[0, 255]","[0.0, 0.99609375]",
test/non_drowsy/a0261.raw,1,0,0,1,False,63.5159,"[0, 255]","[0.0, 0.99609375]",
test/non_drowsy/a0262.raw,1,0,0,1,False,77.2948,"[0, 255]","[0.0, 0.99609375]",
test/non_drowsy/a0263.raw,1,0,0,1,False,105.1796,"[0, 255]","[0.0, 0.99609375]",
test/non_drowsy/a0264.raw,1,0,0,1,False,75.5837,"[0, 255]","[0.0, 0.99609375]",
test/non_drowsy/a0265.raw,1,0,0,1,False,84.2518,"[0, 255]","[0.0, 0.99609375]",
test/non_drowsy/a0266.raw,1,0,0,1,False,70.6646,"[0, 255]","[0.0, 0.99609375]",
test/non_drowsy/a0267.raw,1,0,0,1,False,119.2891,"[0, 255]","[0.0, 0.99609375]",
test/non_drowsy/a0268.raw,1,0,0,1,False,87.0771,"[0, 255]","[0.0, 0.99609375]",
test/non_drowsy/a0269.raw,1,0,0,1,False,65.4998,"[0, 255]","[0.0, 0.99609375]",
test/non_drowsy/a0270.raw,1,0,0,1,False,111.0272,"[0, 255]","[0.0, 0.99609375]",
test/non_drowsy/a0271.raw,1,0,0,1,False,115.9417,"[0, 255]","[0.0, 0.99609375]",
test/non_drowsy/a0272.raw,1,0,0,1,False,109.3409,"[0, 255]","[0.0, 0.99609375]",
test/non_drowsy/a0273.raw,1,0,0,1,False,84.1503,"[0, 255]","[0.0, 0.99609375]",
test/non_drowsy/a0274.raw,1,0,0,1,False,113.3856,"[0, 255]","[0.0, 0.99609375]",
test/non_drowsy/a0275.raw,1,0,0,1,False,92.3509,"[0, 255]","[0.0, 0.99609375]",
test/non_drowsy/a0276.raw,1,0,0,1,False,95.541,"[0, 255]","[0.0, 0.99609375]",
test/non_drowsy/a0277.raw,1,0,0,1,False,51.5281,"[0, 255]","[0.0, 0.99609375]",
test/non_drowsy/a0278.raw,1,0,0,1,False,101.5852,"[0, 255]","[0.0, 0.99609375]",
test/non_drowsy/a0279.raw,1,0,0,1,False,115.6949,"[0, 255]","[0.0, 0.99609375]",
test/non_drowsy/a0280.raw,1,0,0,1,False,116.2955,"[0, 255]","[0.0, 0.99609375]",
test/non_drowsy/a0281.raw,1,0,0,1,False,53.138,"[0, 255]","[0.0, 0.99609375]",
test/non_drowsy/a0282.raw,1,0,0,1,False,82.9406,"[0, 255]","[0.0, 0.99609375]",
test/non_drowsy/a0283.raw,1,0,0,1,False,71.5877,"[0, 255]","[0.0, 0.99609375]",
test/non_drowsy/a0284.raw,1,0,0,1,False,81.7847,"[0, 255]","[0.0, 0.99609375]",
test/non_drowsy/a0285.raw,1,0,0,1,False,96.0861,"[0, 255]","[0.0, 0.99609375]",
test/non_drowsy/a0286.raw,1,0,0,1,False,71.247,"[0, 255]","[0.0, 0.99609375]",
test/non_drowsy/a0287.raw,1,0,0,1,False,75.6933,"[0, 255]","[0.0, 0.99609375]",
test/non_drowsy/a0288.raw,1,0,0,1,False,104.9987,"[0, 255]","[0.0, 0.99609375]",
test/non_drowsy/a0289.raw,1,0,0,1,False,63.7437,"[0, 255]","[0.0, 0.99609375]",
test/non_drowsy/a0290.raw,1,0,0,1,False,53.9451,"[0, 255]","[0.0, 0.99609375]",
test/non_drowsy/a0291.raw,1,0,0,1,False,96.9213,"[0, 255]","[0.0, 0.99609375]",
test/non_drowsy/a0292.raw,1,0,0,1,False,100.7625,"[0, 255]","[0.0, 0.99609375]",
test/non_drowsy/a0293.raw,1,0,0,1,False,75.1493,"[0, 255]","[0.0, 0.99609375]",
test/non_drowsy/a0294.raw,1,0,0,1,False,118.4848,"[0, 255]","[0.0, 0.99609375]",
test/non_drowsy/a0295.raw,1,0,0,1,False,78.7433,"[0, 255]","[0.0, 0.99609375]",
test/non_drowsy/a0296.raw,1,0,0,1,False,118.4193,"[0, 255]","[0.0, 0.99609375]",
test/non_drowsy/a0297.raw,1,0,0,1,False,117.8272,"[0, 255]","[0.0, 0.99609375]",
test/non_drowsy/a0298.raw,1,0,0,1,False,106.5853,"[0, 255]","[0.0, 0.99609375]",
test/non_drowsy/a0299.raw,1,0,0,1,False,85.4679,"[0, 255]","[0.0, 0.99609375]",
test/non_drowsy/a0300.raw,1,0,0,1,False,71.4083,"[0, 255]","[0.0, 0.99609375]",
test/non_drowsy/a0301.raw,1,0,0,1,False,116.8186,"[0, 255]","[0.0, 0.99609375]",
test/non_drowsy/a0302.raw,1,0,0,1,False,72.8015,"[0, 255]","[0.0, 0.99609375]",
test/non_drowsy/a0303.raw,1,0,0,1,False,114.0027,"[0, 255]","[0.0, 0.99609375]",
test/non_drowsy/a0304.raw,1,0,0,1,False,84.2983,"[0, 255]","[0.0, 0.99609375]",
test/non_drowsy/a0305.raw,1,0,0,1,False,117.8226,"[0, 255]","[0.0, 0.99609375]",
test/non_drowsy/a0306.raw,1,0,0,1,False,84.1286,"[0, 255]","[0.0, 0.99609375]",
test/non_drowsy/a0307.raw,1,0,0,1,False,99.1764,"[0, 255]","[0.0, 0.99609375]",
test/non_drowsy/a0308.raw,1,0,0,1,False,56.5725,"[0, 255]","[0.0, 0.99609375]",
test/non_drowsy/a0309.raw,1,0,0,1,False,82.754,"[0, 255]","[0.0, 0.99609375]",
test/non_drowsy/a0310.raw,1,0,0,1,False,111.3675,"[0, 255]","[0.0, 0.99609375]",
test/non_drowsy/a0311.raw,1,0,0,1,False,101.5557,"[0, 255]","[0.0, 0.99609375]",
test/non_drowsy/a0312.raw,1,0,0,1,False,73.8267,"[0, 255]","[0.0, 0.99609375]",
test/non_drowsy/a0313.raw,1,0,0,1,False,56.1692,"[1, 255]","[0.00390625, 0.99609375]",
test/non_drowsy/a0314.raw,1,0,0,1,False,114.4718,"[0, 255]","[0.0, 0.99609375]",
test/non_drowsy/a0315.raw,1,0,0,1,False,106.4824,"[0, 255]","[0.0, 0.99609375]",
test/non_drowsy/a0316.raw,1,0,0,1,False,106.6879,"[0, 255]","[0.0, 0.99609375]",
test/non_drowsy/a0317.raw,1,0,0,1,False,66.4989,"[0, 255]","[0.0, 0.99609375]",
test/non_drowsy/a0318.raw,1,0,0,1,False,99.1813,"[0, 255]","[0.0, 0.99609375]",
test/non_drowsy/a0319.raw,1,0,0,1,False,59.0236,"[0, 255]","[0.0, 0.99609375]",
test/non_drowsy/a0320.raw,1,0,0,1,False,61.1956,"[0, 255]","[0.0, 0.99609375]",
test/non_drowsy/a0321.raw,1,0,0,1,False,77.6374,"[0, 255]","[0.0, 0.99609375]",
test/non_drowsy/a0322.raw,1,0,0,1,False,80.0415,"[0, 255]","[0.0, 0.99609375]",
test/non_drowsy/a0323.raw,1,0,0,1,False,123.095,"[0, 255]","[0.0, 0.99609375]",
test/non_drowsy/a0324.raw,1,0,0,1,False,107.3329,"[0, 255]","[0.0, 0.99609375]",
test/non_drowsy/a0325.raw,1,0,0,1,False,110.5903,"[0, 255]","[0.0, 0.99609375]",
test/non_drowsy/a0326.raw,1,0,0,1,False,107.9203,"[0, 255]","[0.0, 0.99609375]",
test/non_drowsy/a0327.raw,1,0,0,1,False,96.7649,"[0, 255]","[0.0, 0.99609375]",
test/non_drowsy/a0328.raw,1,0,0,1,False,111.079,"[0, 255]","[0.0, 0.99609375]",
test/non_drowsy/a0329.raw,1,0,0,1,False,99.1128,"[0, 255]","[0.0, 0.99609375]",
test/non_drowsy/a0330.raw,1,0,0,1,False,65.0596,"[0, 255]","[0.0, 0.99609375]",
test/non_drowsy/a0331.raw,1,0,0,1,False,92.0312,"[0, 255]","[0.0, 0.99609375]",
test/non_drowsy/a0332.raw,1,0,0,1,False,107.1077,"[0, 255]","[0.0, 0.99609375]",
test/non_drowsy/a0333.raw,1,0,0,1,False,116.8385,"[0, 255]","[0.0, 0.99609375]",
test/non_drowsy/a0334.raw,1,0,0,1,False,107.5957,"[0, 255]","[0.0, 0.99609375]",
test/non_drowsy/a0335.raw,1,0,0,1,False,116.6321,"[0, 255]","[0.0, 0.99609375]",
test/non_drowsy/a0336.raw,1,0,0,1,False,94.7406,"[0, 255]","[0.0, 0.99609375]",
test/non_drowsy/a0337.raw,1,0,0,1,False,75.9359,"[0, 255]","[0.0, 0.99609375]",
test/non_drowsy/a0338.raw,1,0,0,1,False,99.6452,"[0, 255]","[0.0, 0.99609375]",
test/non_drowsy/a0339.raw,1,0,0,1,False,69.165,"[0, 255]","[0.0, 0.99609375]",
test/non_drowsy/a0340.raw,1,0,0,1,False,51.7371,"[0, 255]","[0.0, 0.99609375]",
test/non_drowsy/a0341.raw,1,0,0,1,False,51.434,"[0, 255]","[0.0, 0.99609375]",
test/non_drowsy/a0342.raw,1,0,0,1,False,51.4857,"[0, 255]","[0.0, 0.99609375]",
test/non_drowsy/a0343.raw,1,0,0,1,False,72.9807,"[0, 255]","[0.0, 0.99609375]",
test/non_drowsy/a0344.raw,1,0,0,1,False,99.3196,"[0, 255]","[0.0, 0.99609375]",
test/non_drowsy/a0345.raw,1,0,0,1,False,97.745,"[0, 255]","[0.0, 0.99609375]",
test/non_drowsy/a0346.raw,1,0,0,1,False,87.2228,"[0, 255]","[0.0, 0.99609375]",
test/non_drowsy/a0347.raw,1,0,0,1,False,91.6698,"[0, 255]","[0.0, 0.99609375]",
test/non_drowsy/a0348.raw,1,0,0,1,False,87.0515,"[0, 255]","[0.0, 0.99609375]",
test/non_drowsy/a0349.raw,1,0,0,1,False,53.6925,"[0, 255]","[0.0, 0.99609375]",
test/non_drowsy/a0350.raw,1,0,0,1,False,72.4371,"[0, 255]","[0.0, 0.99609375]",
test/non_drowsy/a0351.raw,1,0,0,1,False,84.4353,"[0, 255]","[0.0, 0.99609375]",
test/non_drowsy/a0352.raw,1,0,0,1,False,78.842,"[0, 255]","[0.0, 0.99609375]",
test/non_drowsy/a0353.raw,1,0,0,1,False,113.2298,"[0, 255]","[0.0, 0.99609375]",
test/non_drowsy/a0354.raw,1,0,0,1,False,94.2614,"[0, 255]","[0.0, 0.99609375]",
test/non_drowsy/a0355.raw,1,0,0,1,False,69.182,"[0, 255]","[0.0, 0.99609375]",
test/non_drowsy/a0356.raw,1,0,0,1,False,87.4254,"[0, 255]","[0.0, 0.99609375]",
test/non_drowsy/a0357.raw,1,0,0,1,False,102.9553,"[0, 255]","[0.0, 0.99609375]",
test/non_drowsy/a0358.raw,1,0,0,1,False,125.6534,"[0, 255]","[0.0, 0.99609375]",
test/non_drowsy/a0359.raw,1,0,0,1,False,76.3388,"[0, 255]","[0.0, 0.99609375]",
test/non_drowsy/a0360.raw,1,0,0,1,False,98.7591,"[0, 255]","[0.0, 0.99609375]",
test/non_drowsy/a0361.raw,1,0,0,1,False,113.5889,"[0, 255]","[0.0, 0.99609375]",
test/non_drowsy/a0362.raw,1,0,0,1,False,101.286,"[0, 255]","[0.0, 0.99609375]",
test/non_drowsy/a0363.raw,1,0,0,1,False,61.0358,"[0, 255]","[0.0, 0.99609375]",
test/non_drowsy/a0364.raw,1,0,0,1,False,70.7198,"[0, 255]","[0.0, 0.99609375]",
test/non_drowsy/a0365.raw,1,0,0,1,False,94.2941,"[0, 255]","[0.0, 0.99609375]",
test/non_drowsy/a0366.raw,1,0,0,1,False,70.4301,"[0, 255]","[0.0, 0.99609375]",
test/non_drowsy/a0367.raw,1,0,0,1,False,67.8947,"[0, 255]","[0.0, 0.99609375]",
test/non_drowsy/a0368.raw,1,0,0,1,False,85.9142,"[0, 255]","[0.0, 0.99609375]",
test/non_drowsy/a0369.raw,1,0,0,1,False,61.3389,"[0, 255]","[0.0, 0.99609375]",
test/non_drowsy/a0370.raw,1,0,0,1,False,101.6703,"[0, 255]","[0.0, 0.99609375]",
test/non_drowsy/a0371.raw,1,0,0,1,False,100.4789,"[0, 255]","[0.0, 0.99609375]",
test/non_drowsy/a0372.raw,1,0,0,1,False,80.0465,"[0, 255]","[0.0, 0.99609375]",
test/non_drowsy/a0373.raw,1,0,0,1,False,81.8776,"[2, 254]","[0.0078125, 0.9921875]",
test/non_drowsy/a0374.raw,1,0,0,1,False,102.5683,"[0, 255]","[0.0, 0.99609375]",
test/non_drowsy/a0375.raw,1,0,0,1,False,119.049,"[0, 255]","[0.0, 0.99609375]",
test/non_drowsy/a0376.raw,1,0,0,1,False,68.5635,"[0, 255]","[0.0, 0.99609375]",
test/non_drowsy/a0377.raw,1,0,0,1,False,85.7428,"[0, 255]","[0.0, 0.99609375]",
test/non_drowsy/a0378.raw,1,0,0,1,False,66.6867,"[0, 255]","[0.0, 0.99609375]",
test/non_drowsy/a0379.raw,1,0,0,1,False,80.5057,"[0, 255]","[0.0, 0.99609375]",
test/non_drowsy/a0380.raw,1,0,0,1,False,69.9281,"[0, 255]","[0.0, 0.99609375]",
test/non_drowsy/a0381.raw,1,0,0,1,False,88.4113,"[0, 255]","[0.0, 0.99609375]",
test/non_drowsy/a0382.raw,1,0,0,1,False,110.1689,"[0, 255]","[0.0, 0.99609375]",
test/non_drowsy/a0383.raw,1,0,0,1,False,117.3601,"[0, 255]","[0.0, 0.99609375]",
test/non_drowsy/a0384.raw,1,0,0,1,False,123.5409,"[0, 255]","[0.0, 0.99609375]",
test/non_drowsy/a0385.raw,1,1,0,0,False,114.1096,"[151, 105]","[0.58984375, 0.41015625]",
test/non_drowsy/a0386.raw,1,0,0,1,False,64.5453,"[4, 252]","[0.015625, 0.984375]",
test/non_drowsy/a0387.raw,1,0,0,1,False,107.3858,"[3, 253]","[0.01171875, 0.98828125]",
test/non_drowsy/a0388.raw,1,0,0,1,False,96.4601,"[1, 255]","[0.00390625, 0.99609375]",
test/non_drowsy/a0389.raw,1,0,0,1,False,117.7834,"[0, 255]","[0.0, 0.99609375]",
test/non_drowsy/a0390.raw,1,0,0,1,False,100.2661,"[4, 252]","[0.015625, 0.984375]",
test/non_drowsy/a0391.raw,1,,0,0,True,119.4638,"[128, 128]","[0.5, 0.5]",
test/non_drowsy/a0392.raw,1,0,0,1,False,93.8828,"[0, 255]","[0.0, 0.99609375]",
test/non_drowsy/a0393.raw,1,0,0,1,False,111.2915,"[6, 250]","[0.0234375, 0.9765625]",
test/non_drowsy/a0394.raw,1,0,0,1,False,52.6697,"[0, 255]","[0.0, 0.99609375]",
test/non_drowsy/a0395.raw,1,0,0,1,False,49.7869,"[0, 255]","[0.0, 0.99609375]",
test/non_drowsy/a0396.raw,1,0,0,1,False,58.9633,"[0, 255]","[0.0, 0.99609375]",
test/non_drowsy/a0397.raw,1,1,0,0,False,87.6841,"[255, 1]","[0.99609375, 0.00390625]",
test/non_drowsy/a0398.raw,1,0,0,1,False,95.823,"[1, 255]","[0.00390625, 0.99609375]",
test/non_drowsy/a0399.raw,1,0,0,1,False,73.9409,"[0, 255]","[0.0, 0.99609375]",
test/non_drowsy/a0400.raw,1,0,0,1,False,52.698,"[0, 255]","[0.0, 0.99609375]",
test/non_drowsy/a0401.raw,1,0,0,1,False,52.7874,"[0, 255]","[0.0, 0.99609375]",
test/non_drowsy/a0402.raw,1,0,0,1,False,115.4705,"[0, 255]","[0.0, 0.99609375]",
test/non_drowsy/a0403.raw,1,0,0,1,False,99.1224,"[0, 255]","[0.0, 0.99609375]",
test/non_drowsy/a0404.raw,1,0,0,1,False,70.4566,"[0, 255]","[0.0, 0.99609375]",
test/non_drowsy/a0405.raw,1,0,0,1,False,98.4221,"[0, 255]","[0.0, 0.99609375]",
test/non_drowsy/a0406.raw,1,0,0,1,False,55.3647,"[0, 255]","[0.0, 0.99609375]",
test/non_drowsy/a0407.raw,1,0,0,1,False,52.8168,"[0, 255]","[0.0, 0.99609375]",
test/non_drowsy/a0408.raw,1,0,0,1,False,55.9256,"[0, 255]","[0.0, 0.99609375]",
test/non_drowsy/a0409.raw,1,0,0,1,False,81.9905,"[1, 255]","[0.00390625, 0.99609375]",
test/non_drowsy/a0410.raw,1,0,0,1,False,59.4834,"[0, 255]","[0.0, 0.99609375]",
test/non_drowsy/a0411.raw,1,0,0,1,False,95.3883,"[0, 255]","[0.0, 0.99609375]",
test/non_drowsy/a0412.raw,1,0,0,1,False,91.3336,"[0, 255]","[0.0, 0.99609375]",
test/non_drowsy/a0413.raw,1,0,0,1,False,110.7258,"[0, 255]","[0.0, 0.99609375]",
test/non_drowsy/a0414.raw,1,0,0,1,False,106.524,"[0, 255]","[0.0, 0.99609375]",
test/non_drowsy/a0415.raw,1,0,0,1,False,50.9598,"[1, 255]","[0.00390625, 0.99609375]",
test/non_drowsy/a0416.raw,1,0,0,1,False,107.4532,"[49, 207]","[0.19140625, 0.80859375]",
test/non_drowsy/a0417.raw,1,0,0,1,False,100.5961,"[11, 245]","[0.04296875, 0.95703125]",
test/non_drowsy/a0418.raw,1,0,0,1,False,78.742,"[15, 241]","[0.05859375, 0.94140625]",
test/non_drowsy/a0419.raw,1,0,0,1,False,106.271,"[0, 255]","[0.0, 0.99609375]",
test/non_drowsy/a0420.raw,1,0,0,1,False,74.3953,"[0, 255]","[0.0, 0.99609375]",
test/non_drowsy/a0421.raw,1,0,0,1,False,78.6089,"[0, 255]","[0.0, 0.99609375]",
test/non_drowsy/a0422.raw,1,0,0,1,False,53.308,"[0, 255]","[0.0, 0.99609375]",
test/non_drowsy/a0423.raw,1,0,0,1,False,70.2323,"[3, 253]","[0.01171875, 0.98828125]",
test/non_drowsy/a0424.raw,1,0,0,1,False,52.8281,"[0, 255]","[0.0, 0.99609375]",
test/non_drowsy/a0425.raw,1,0,0,1,False,54.4794,"[0, 255]","[0.0, 0.99609375]",
test/non_drowsy/a0426.raw,1,0,0,1,False,61.2319,"[0, 255]","[0.0, 0.99609375]",
test/non_drowsy/a0427.raw,1,0,0,1,False,88.7329,"[0, 255]","[0.0, 0.99609375]",
test/non_drowsy/a0428.raw,1,0,0,1,False,113.0209,"[0, 255]","[0.0, 0.99609375]",
test/non_drowsy/a0429.raw,1,0,0,1,False,116.5258,"[0, 255]","[0.0, 0.99609375]",
test/non_drowsy/a0430.raw,1,0,0,1,False,121.942,"[0, 255]","[0.0, 0.99609375]",
test/non_drowsy/a0431.raw,1,0,0,1,False,112.3977,"[0, 255]","[0.0, 0.99609375]",
test/non_drowsy/a0432.raw,1,0,0,1,False,106.4077,"[0, 255]","[0.0, 0.99609375]",
test/non_drowsy/a0433.raw,1,0,0,1,False,81.7915,"[0, 255]","[0.0, 0.99609375]",
test/non_drowsy/a0434.raw,1,1,0,0,False,90.2548,"[252, 4]","[0.984375, 0.015625]",
test/non_drowsy/a0435.raw,1,0,0,1,False,58.4917,"[0, 255]","[0.0, 0.99609375]",
test/non_drowsy/a0436.raw,1,0,0,1,False,52.4486,"[8, 248]","[0.03125, 0.96875]",
test/non_drowsy/a0437.raw,1,0,0,1,False,85.67,"[0, 255]","[0.0, 0.99609375]",
test/non_drowsy/a0438.raw,1,0,0,1,False,116.3775,"[0, 255]","[0.0, 0.99609375]",
test/non_drowsy/a0439.raw,1,0,0,1,False,88.5251,"[0, 255]","[0.0, 0.99609375]",
test/non_drowsy/a0440.raw,1,0,0,1,False,78.6478,"[0, 255]","[0.0, 0.99609375]",
test/non_drowsy/a0441.raw,1,0,0,1,False,118.2397,"[0, 255]","[0.0, 0.99609375]",
test/non_drowsy/a0442.raw,1,0,0,1,False,117.5748,"[0, 255]","[0.0, 0.99609375]",
test/non_drowsy/a0443.raw,1,0,0,1,False,111.6792,"[0, 255]","[0.0, 0.99609375]",
test/non_drowsy/a0444.raw,1,0,0,1,False,89.4101,"[8, 248]","[0.03125, 0.96875]",
test/non_drowsy/a0445.raw,1,0,0,1,False,105.5614,"[0, 255]","[0.0, 0.99609375]",
test/non_drowsy/a0446.raw,1,0,0,1,False,55.7421,"[0, 255]","[0.0, 0.99609375]",
test/non_drowsy/a0447.raw,1,0,0,1,False,115.6712,"[0, 255]","[0.0, 0.99609375]",
test/non_drowsy/a0448.raw,1,0,0,1,False,89.6486,"[0, 255]","[0.0, 0.99609375]",
test/non_drowsy/a0449.raw,1,0,0,1,False,58.3313,"[0, 255]","[0.0, 0.99609375]",
test/non_drowsy/a0450.raw,1,0,0,1,False,81.3073,"[0, 255]","[0.0, 0.99609375]",
test/non_drowsy/a0451.raw,1,0,0,1,False,88.3234,"[0, 255]","[0.0, 0.99609375]",
test/non_drowsy/a0452.raw,1,0,0,1,False,123.1481,"[0, 255]","[0.0, 0.99609375]",
test/non_drowsy/a0453.raw,1,0,0,1,False,121.4236,"[0, 255]","[0.0, 0.99609375]",
test/non_drowsy/a0454.raw,1,0,0,1,False,72.3774,"[0, 255]","[0.0, 0.99609375]",
test/non_drowsy/a0455.raw,1,0,0,1,False,100.4938,"[0, 255]","[0.0, 0.99609375]",
test/non_drowsy/a0456.raw,1,0,0,1,False,78.9511,"[0, 255]","[0.0, 0.99609375]",
test/non_drowsy/a0457.raw,1,0,0,1,False,97.795,"[0, 255]","[0.0, 0.99609375]",
test/non_drowsy/a0458.raw,1,0,0,1,False,114.7043,"[0, 255]","[0.0, 0.99609375]",
test/non_drowsy/a0459.raw,1,0,0,1,False,88.7296,"[0, 255]","[0.0, 0.99609375]",
test/non_drowsy/a0460.raw,1,0,0,1,False,113.5921,"[0, 255]","[0.0, 0.99609375]",
test/non_drowsy/a0461.raw,1,0,0,1,False,66.3801,"[0, 255]","[0.0, 0.99609375]",
test/non_drowsy/a0462.raw,1,0,0,1,False,82.6378,"[0, 255]","[0.0, 0.99609375]",
test/non_drowsy/a0463.raw,1,0,0,1,False,118.2687,"[0, 255]","[0.0, 0.99609375]",
test/non_drowsy/a0464.raw,1,0,0,1,False,116.1838,"[0, 255]","[0.0, 0.99609375]",
test/non_drowsy/a0465.raw,1,0,0,1,False,78.8505,"[0, 255]","[0.0, 0.99609375]",
test/non_drowsy/a0466.raw,1,0,0,1,False,51.4288,"[0, 255]","[0.0, 0.99609375]",
test/non_drowsy/a0467.raw,1,0,0,1,False,58.0406,"[0, 255]","[0.0, 0.99609375]",
test/non_drowsy/a0468.raw,1,0,0,1,False,77.6141,"[0, 255]","[0.0, 0.99609375]",
test/non_drowsy/a0469.raw,1,0,0,1,False,117.2462,"[1, 255]","[0.00390625, 0.99609375]",
test/non_drowsy/a0470.raw,1,0,0,1,False,76.9951,"[0, 255]","[0.0, 0.99609375]",
test/non_drowsy/a0471.raw,1,0,0,1,False,116.0844,"[0, 255]","[0.0, 0.99609375]",
test/non_drowsy/a0472.raw,1,0,0,1,False,115.3899,"[0, 255]","[0.0, 0.99609375]",
test/non_drowsy/a0473.raw,1,0,0,1,False,61.5486,"[0, 255]","[0.0, 0.99609375]",
test/non_drowsy/a0474.raw,1,0,0,1,False,112.5439,"[0, 255]","[0.0, 0.99609375]",
test/non_drowsy/a0475.raw,1,0,0,1,False,113.1014,"[0, 255]","[0.0, 0.99609375]",
test/non_drowsy/a0476.raw,1,0,0,1,False,99.7368,"[1, 255]","[0.00390625, 0.99609375]",
test/non_drowsy/a0477.raw,1,0,0,1,False,90.9319,"[11, 245]","[0.04296875, 0.95703125]",
test/non_drowsy/a0478.raw,1,0,0,1,False,108.5939,"[0, 255]","[0.0, 0.99609375]",
test/non_drowsy/a0479.raw,1,0,0,1,False,81.8119,"[0, 255]","[0.0, 0.99609375]",
test/non_drowsy/a0480.raw,1,0,0,1,False,106.873,"[1, 255]","[0.00390625, 0.99609375]",
test/non_drowsy/a0481.raw,1,0,0,1,False,87.0171,"[0, 255]","[0.0, 0.99609375]",
test/non_drowsy/a0482.raw,1,0,0,1,False,70.3497,"[1, 255]","[0.00390625, 0.99609375]",
test/non_drowsy/a0483.raw,1,0,0,1,False,61.7294,"[0, 255]","[0.0, 0.99609375]",
test/non_drowsy/a0484.raw,1,0,0,1,False,64.5313,"[0, 255]","[0.0, 0.99609375]",
test/non_drowsy/a0485.raw,1,0,0,1,False,52.7415,"[0, 255]","[0.0, 0.99609375]",
test/non_drowsy/a0486.raw,1,0,0,1,False,60.3588,"[0, 255]","[0.0, 0.99609375]",
test/non_drowsy/a0487.raw,1,0,0,1,False,67.3305,"[0, 255]","[0.0, 0.99609375]",
test/non_drowsy/a0488.raw,1,0,0,1,False,92.8606,"[0, 255]","[0.0, 0.99609375]",
test/non_drowsy/a0489.raw,1,0,0,1,False,74.1034,"[0, 255]","[0.0, 0.99609375]",
test/non_drowsy/a0490.raw,1,0,0,1,False,61.051,"[0, 255]","[0.0, 0.99609375]",
test/non_drowsy/a0491.raw,1,0,0,1,False,57.689,"[0, 255]","[0.0, 0.99609375]",
test/non_drowsy/a0492.raw,1,0,0,1,False,60.7244,"[0, 255]","[0.0, 0.99609375]",
test/non_drowsy/a0493.raw,1,0,0,1,False,71.0582,"[0, 255]","[0.0, 0.99609375]",
test/non_drowsy/a0494.raw,1,0,0,1,False,61.5581,"[0, 255]","[0.0, 0.99609375]",
test/non_drowsy/a0495.raw,1,0,0,1,False,109.6298,"[0, 255]","[0.0, 0.99609375]",
test/non_drowsy/a0496.raw,1,0,0,1,False,122.6315,"[0, 255]","[0.0, 0.99609375]",
test/non_drowsy/a0497.raw,1,0,0,1,False,123.8725,"[0, 255]","[0.0, 0.99609375]",
test/non_drowsy/a0498.raw,1,0,0,1,False,141.0886,"[1, 255]","[0.00390625, 0.99609375]",
test/non_drowsy/a0499.raw,1,0,0,1,False,63.5017,"[0, 255]","[0.0, 0.99609375]",
test/non_drowsy/a0500.raw,1,0,0,1,False,124.7243,"[5, 251]","[0.01953125, 0.98046875]",
test/non_drowsy/a0501.raw,1,0,0,1,False,105.1244,"[0, 255]","[0.0, 0.99609375]",
test/non_drowsy/a0502.raw,1,0,0,1,False,99.354,"[0, 255]","[0.0, 0.99609375]",
test/non_drowsy/a0503.raw,1,0,0,1,False,72.5881,"[0, 255]","[0.0, 0.99609375]",
test/non_drowsy/a0504.raw,1,0,0,1,False,112.3663,"[0, 255]","[0.0, 0.99609375]",
test/non_drowsy/a0505.raw,1,0,0,1,False,99.342,"[0, 255]","[0.0, 0.99609375]",
test/non_drowsy/a0506.raw,1,0,0,1,False,61.9251,"[0, 255]","[0.0, 0.99609375]",
test/non_drowsy/a0507.raw,1,0,0,1,False,68.676,"[0, 255]","[0.0, 0.99609375]",
test/non_drowsy/a0508.raw,1,0,0,1,False,107.5607,"[0, 255]","[0.0, 0.99609375]",
test/non_drowsy/a0509.raw,1,0,0,1,False,106.1738,"[0, 255]","[0.0, 0.99609375]",
test/non_drowsy/a0510.raw,1,0,0,1,False,90.1523,"[10, 246]","[0.0390625, 0.9609375]",
test/non_drowsy/a0511.raw,1,0,0,1,False,121.3106,"[0, 255]","[0.0, 0.99609375]",
test/non_drowsy/a0512.raw,1,0,0,1,False,75.2389,"[0, 255]","[0.0, 0.99609375]",
test/non_drowsy/a0513.raw,1,0,0,1,False,88.5374,"[0, 255]","[0.0, 0.99609375]",
test/non_drowsy/a0514.raw,1,0,0,1,False,118.6751,"[0, 255]","[0.0, 0.99609375]",
test/non_drowsy/a0515.raw,1,0,0,1,False,56.1518,"[7, 249]","[0.02734375, 0.97265625]",
test/non_drowsy/a0516.raw,1,0,0,1,False,63.4838,"[0, 255]","[0.0, 0.99609375]",
test/non_drowsy/a0517.raw,1,0,0,1,False,100.5271,"[0, 255]","[0.0, 0.99609375]",
test/non_drowsy/a0518.raw,1,0,0,1,False,115.3308,"[0, 255]","[0.0, 0.99609375]",
test/non_drowsy/a0519.raw,1,0,0,1,False,66.7845,"[0, 255]","[0.0, 0.99609375]",
test/non_drowsy/a0520.raw,1,0,0,1,False,76.1369,"[0, 255]","[0.0, 0.99609375]",
test/non_drowsy/a0521.raw,1,0,0,1,False,109.0971,"[0, 255]","[0.0, 0.99609375]",
test/non_drowsy/a0522.raw,1,0,0,1,False,52.2728,"[0, 255]","[0.0, 0.99609375]",
test/non_drowsy/a0523.raw,1,0,0,1,False,76.4671,"[0, 255]","[0.0, 0.99609375]",
test/non_drowsy/a0524.raw,1,0,0,1,False,99.3724,"[0, 255]","[0.0, 0.99609375]",
test/non_drowsy/a0525.raw,1,0,0,1,False,112.1801,"[0, 255]","[0.0, 0.99609375]",
test/non_drowsy/a0526.raw,1,0,0,1,False,52.9785,"[0, 255]","[0.0, 0.99609375]",
test/non_drowsy/a0527.raw,1,0,0,1,False,88.7946,"[0, 255]","[0.0, 0.99609375]",
test/non_drowsy/a0528.raw,1,0,0,1,False,104.5054,"[0, 255]","[0.0, 0.99609375]",
test/non_drowsy/a0529.raw,1,0,0,1,False,53.3028,"[0, 255]","[0.0, 0.99609375]",
test/non_drowsy/a0530.raw,1,0,0,1,False,57.4534,"[0, 255]","[0.0, 0.99609375]",
test/non_drowsy/a0531.raw,1,0,0,1,False,102.4391,"[0, 255]","[0.0, 0.99609375]",
test/non_drowsy/a0532.raw,1,0,0,1,False,84.8696,"[0, 255]","[0.0, 0.99609375]",
test/non_drowsy/a0533.raw,1,0,0,1,False,112.1035,"[0, 255]","[0.0, 0.99609375]",
test/non_drowsy/a0534.raw,1,0,0,1,False,113.109,"[0, 255]","[0.0, 0.99609375]",
test/non_drowsy/a0535.raw,1,0,0,1,False,56.2187,"[0, 255]","[0.0, 0.99609375]",
test/non_drowsy/a0536.raw,1,0,0,1,False,83.4227,"[0, 255]","[0.0, 0.99609375]",
test/non_drowsy/a0537.raw,1,0,0,1,False,95.8214,"[0, 255]","[0.0, 0.99609375]",
test/non_drowsy/a0538.raw,1,0,0,1,False,99.2921,"[0, 255]","[0.0, 0.99609375]",
test/non_drowsy/a0539.raw,1,0,0,1,False,120.2732,"[0, 255]","[0.0, 0.99609375]",
test/non_drowsy/a0540.raw,1,0,0,1,False,105.5574,"[0, 255]","[0.0, 0.99609375]",
test/non_drowsy/a0541.raw,1,0,0,1,False,118.9006,"[0, 255]","[0.0, 0.99609375]",
test/non_drowsy/a0542.raw,1,0,0,1,False,119.9086,"[0, 255]","[0.0, 0.99609375]",
test/non_drowsy/a0543.raw,1,0,0,1,False,76.7302,"[0, 255]","[0.0, 0.99609375]",
test/non_drowsy/a0544.raw,1,0,0,1,False,113.9565,"[0, 255]","[0.0, 0.99609375]",
test/non_drowsy/a0545.raw,1,0,0,1,False,84.8905,"[0, 255]","[0.0, 0.99609375]",
test/non_drowsy/a0546.raw,1,0,0,1,False,126.3774,"[0, 255]","[0.0, 0.99609375]",
test/non_drowsy/a0547.raw,1,0,0,1,False,95.2492,"[0, 255]","[0.0, 0.99609375]",
test/non_drowsy/a0548.raw,1,0,0,1,False,50.7912,"[0, 255]","[0.0, 0.99609375]",
test/non_drowsy/a0549.raw,1,0,0,1,False,54.7222,"[0, 255]","[0.0, 0.99609375]",
test/non_drowsy/a0550.raw,1,0,0,1,False,74.897,"[0, 255]","[0.0, 0.99609375]",
test/non_drowsy/a0551.raw,1,0,0,1,False,86.0946,"[0, 255]","[0.0, 0.99609375]",
test/non_drowsy/a0552.raw,1,0,0,1,False,94.5594,"[0, 255]","[0.0, 0.99609375]",
test/non_drowsy/a0553.raw,1,0,0,1,False,108.2567,"[0, 255]","[0.0, 0.99609375]",
test/non_drowsy/a0554.raw,1,0,0,1,False,52.3955,"[0, 255]","[0.0, 0.99609375]",
test/non_drowsy/a0555.raw,1,0,0,1,False,95.4529,"[0, 255]","[0.0, 0.99609375]",
test/non_drowsy/a0556.raw,1,0,0,1,False,96.5199,"[0, 255]","[0.0, 0.99609375]",
test/non_drowsy/a0557.raw,1,0,0,1,False,55.0013,"[0, 255]","[0.0, 0.99609375]",
test/non_drowsy/a0558.raw,1,0,0,1,False,52.571,"[54, 202]","[0.2109375, 0.7890625]",
test/non_drowsy/a0559.raw,1,0,0,1,False,57.9608,"[5, 251]","[0.01953125, 0.98046875]",
test/non_drowsy/a0560.raw,1,0,0,1,False,75.2411,"[1, 255]","[0.00390625, 0.99609375]",
test/non_drowsy/a0561.raw,1,0,0,1,False,100.7474,"[0, 255]","[0.0, 0.99609375]",
test/non_drowsy/a0562.raw,1,0,0,1,False,83.3446,"[0, 255]","[0.0, 0.99609375]",
test/non_drowsy/a0563.raw,1,0,0,1,False,58.8428,"[0, 255]","[0.0, 0.99609375]",
test/non_drowsy/a0564.raw,1,0,0,1,False,65.1837,"[0, 255]","[0.0, 0.99609375]",
test/non_drowsy/a0565.raw,1,0,0,1,False,68.5886,"[0, 255]","[0.0, 0.99609375]",
test/non_drowsy/a0566.raw,1,0,0,1,False,104.2984,"[0, 255]","[0.0, 0.99609375]",
test/non_drowsy/a0567.raw,1,0,0,1,False,114.1326,"[0, 255]","[0.0, 0.99609375]",
test/non_drowsy/a0568.raw,1,0,0,1,False,78.3114,"[0, 255]","[0.0, 0.99609375]",
test/non_drowsy/a0569.raw,1,0,0,1,False,115.3922,"[0, 255]","[0.0, 0.99609375]",
test/non_drowsy/a0570.raw,1,0,0,1,False,96.1725,"[0, 255]","[0.0, 0.99609375]",
test/non_drowsy/a0571.raw,1,0,0,1,False,109.0881,"[0, 255]","[0.0, 0.99609375]",
test/non_drowsy/a0572.raw,1,0,0,1,False,98.9275,"[0, 255]","[0.0, 0.99609375]",
test/non_drowsy/a0573.raw,1,0,0,1,False,52.906,"[0, 255]","[0.0, 0.99609375]",
test/non_drowsy/a0574.raw,1,0,0,1,False,94.5467,"[0, 255]","[0.0, 0.99609375]",
test/non_drowsy/a0575.raw,1,0,0,1,False,100.0936,"[0, 255]","[0.0, 0.99609375]",
test/non_drowsy/a0576.raw,1,0,0,1,False,96.455,"[0, 255]","[0.0, 0.99609375]",
test/non_drowsy/a0577.raw,1,0,0,1,False,88.7146,"[0, 255]","[0.0, 0.99609375]",
test/non_drowsy/a0578.raw,1,0,0,1,False,88.8487,"[0, 255]","[0.0, 0.99609375]",
test/non_drowsy/a0579.raw,1,0,0,1,False,64.2083,"[0, 255]","[0.0, 0.99609375]",
test/non_drowsy/a0580.raw,1,0,0,1,False,78.4164,"[0, 255]","[0.0, 0.99609375]",
test/non_drowsy/a0581.raw,1,0,0,1,False,116.0639,"[0, 255]","[0.0, 0.99609375]",
test/non_drowsy/a0582.raw,1,0,0,1,False,77.0967,"[0, 255]","[0.0, 0.99609375]",
test/non_drowsy/a0583.raw,1,0,0,1,False,74.5831,"[0, 255]","[0.0, 0.99609375]",
test/non_drowsy/a0584.raw,1,0,0,1,False,100.6114,"[0, 255]","[0.0, 0.99609375]",
test/non_drowsy/a0585.raw,1,0,0,1,False,99.3866,"[0, 255]","[0.0, 0.99609375]",
test/non_drowsy/a0586.raw,1,0,0,1,False,77.9371,"[0, 255]","[0.0, 0.99609375]",
test/non_drowsy/a0587.raw,1,0,0,1,False,87.4967,"[0, 255]","[0.0, 0.99609375]",
test/non_drowsy/a0588.raw,1,0,0,1,False,110.1451,"[0, 255]","[0.0, 0.99609375]",
test/non_drowsy/a0589.raw,1,0,0,1,False,106.3487,"[0, 255]","[0.0, 0.99609375]",
test/non_drowsy/a0590.raw,1,0,0,1,False,107.1395,"[0, 255]","[0.0, 0.99609375]",
test/non_drowsy/a0591.raw,1,0,0,1,False,101.7689,"[0, 255]","[0.0, 0.99609375]",
test/non_drowsy/a0592.raw,1,0,0,1,False,115.0617,"[0, 255]","[0.0, 0.99609375]",
test/non_drowsy/a0593.raw,1,0,0,1,False,97.6153,"[0, 255]","[0.0, 0.99609375]",
test/non_drowsy/a0594.raw,1,0,0,1,False,80.0296,"[0, 255]","[0.0, 0.99609375]",
test/non_drowsy/a0595.raw,1,0,0,1,False,85.9154,"[0, 255]","[0.0, 0.99609375]",
test/non_drowsy/a0596.raw,1,0,0,1,False,90.2113,"[0, 255]","[0.0, 0.99609375]",
test/non_drowsy/a0597.raw,1,0,0,1,False,101.419,"[0, 255]","[0.0, 0.99609375]",
test/non_drowsy/a0598.raw,1,0,0,1,False,130.7912,"[4, 252]","[0.015625, 0.984375]",
test/non_drowsy/a0599.raw,1,0,0,1,False,95.8894,"[0, 255]","[0.0, 0.99609375]",
test/non_drowsy/a0600.raw,1,0,0,1,False,115.487,"[0, 255]","[0.0, 0.99609375]",
test/non_drowsy/a0601.raw,1,0,0,1,False,66.1468,"[0, 255]","[0.0, 0.99609375]",
test/non_drowsy/a0602.raw,1,0,0,1,False,103.9194,"[0, 255]","[0.0, 0.99609375]",
test/non_drowsy/a0603.raw,1,0,0,1,False,52.1999,"[0, 255]","[0.0, 0.99609375]",
test/non_drowsy/a0604.raw,1,0,0,1,False,58.388,"[0, 255]","[0.0, 0.99609375]",
test/non_drowsy/a0605.raw,1,0,0,1,False,63.5055,"[0, 255]","[0.0, 0.99609375]",
test/non_drowsy/a0606.raw,1,0,0,1,False,79.2047,"[0, 255]","[0.0, 0.99609375]",
test/non_drowsy/a0607.raw,1,0,0,1,False,73.1798,"[0, 255]","[0.0, 0.99609375]",
test/non_drowsy/a0608.raw,1,0,0,1,False,57.3529,"[0, 255]","[0.0, 0.99609375]",
test/non_drowsy/a0609.raw,1,0,0,1,False,80.655,"[0, 255]","[0.0, 0.99609375]",
test/non_drowsy/a0610.raw,1,0,0,1,False,59.7156,"[0, 255]","[0.0, 0.99609375]",
test/non_drowsy/a0611.raw,1,0,0,1,False,93.7827,"[0, 255]","[0.0, 0.99609375]",
test/non_drowsy/a0612.raw,1,0,0,1,False,120.9626,"[0, 255]","[0.0, 0.99609375]",
test/non_drowsy/a0613.raw,1,0,0,1,False,98.1534,"[0, 255]","[0.0, 0.99609375]",
test/non_drowsy/a0614.raw,1,0,0,1,False,99.6571,"[0, 255]","[0.0, 0.99609375]",
test/non_drowsy/a0615.raw,1,0,0,1,False,79.1827,"[0, 255]","[0.0, 0.99609375]",
test/non_drowsy/a0616.raw,1,0,0,1,False,96.7673,"[0, 255]","[0.0, 0.99609375]",
test/non_drowsy/a0617.raw,1,0,0,1,False,62.7824,"[0, 255]","[0.0, 0.99609375]",
test/non_drowsy/a0618.raw,1,0,0,1,False,51.613,"[0, 255]","[0.0, 0.99609375]",
test/non_drowsy/a0619.raw,1,0,0,1,False,71.7773,"[0, 255]","[0.0, 0.99609375]",
test/non_drowsy/a0620.raw,1,0,0,1,False,87.2315,"[3, 253]","[0.01171875, 0.98828125]",
test/non_drowsy/a0621.raw,1,0,0,1,False,64.2304,"[0, 255]","[0.0, 0.99609375]",
test/non_drowsy/a0622.raw,1,0,0,1,False,75.8646,"[0, 255]","[0.0, 0.99609375]",
test/non_drowsy/a0623.raw,1,0,0,1,False,63.9626,"[0, 255]","[0.0, 0.99609375]",
test/non_drowsy/a0624.raw,1,0,0,1,False,94.8062,"[0, 255]","[0.0, 0.99609375]",
test/non_drowsy/a0625.raw,1,0,0,1,False,92.7723,"[0, 255]","[0.0, 0.99609375]",
test/non_drowsy/a0626.raw,1,0,0,1,False,74.3619,"[0, 255]","[0.0, 0.99609375]",
test/non_drowsy/a0627.raw,1,0,0,1,False,80.8459,"[0, 255]","[0.0, 0.99609375]",
test/non_drowsy/a0628.raw,1,0,0,1,False,61.4597,"[0, 255]","[0.0, 0.99609375]",
test/non_drowsy/a0629.raw,1,0,0,1,False,98.6444,"[0, 255]","[0.0, 0.99609375]",
test/non_drowsy/a0630.raw,1,0,0,1,False,119.7625,"[0, 255]","[0.0, 0.99609375]",
test/non_drowsy/a0631.raw,1,0,0,1,False,83.3937,"[0, 255]","[0.0, 0.99609375]",
test/non_drowsy/a0632.raw,1,0,0,1,False,70.2725,"[0, 255]","[0.0, 0.99609375]",
test/non_drowsy/a0633.raw,1,0,0,1,False,90.4283,"[0, 255]","[0.0, 0.99609375]",
test/non_drowsy/a0634.raw,1,0,0,1,False,126.4174,"[0, 255]","[0.0, 0.99609375]",
test/non_drowsy/a0635.raw,1,0,0,1,False,80.0749,"[0, 255]","[0.0, 0.99609375]",
test/non_drowsy/a0636.raw,1,0,0,1,False,106.6605,"[0, 255]","[0.0, 0.99609375]",
test/non_drowsy/a0637.raw,1,0,0,1,False,121.1577,"[0, 255]","[0.0, 0.99609375]",
test/non_drowsy/a0638.raw,1,0,0,1,False,81.2496,"[0, 255]","[0.0, 0.99609375]",
test/non_drowsy/a0639.raw,1,0,0,1,False,102.0592,"[0, 255]","[0.0, 0.99609375]",
test/non_drowsy/a0640.raw,1,0,0,1,False,119.5193,"[0, 255]","[0.0, 0.99609375]",
test/non_drowsy/a0641.raw,1,0,0,1,False,94.6211,"[0, 255]","[0.0, 0.99609375]",
test/non_drowsy/a0642.raw,1,0,0,1,False,101.2618,"[0, 255]","[0.0, 0.99609375]",
test/non_drowsy/a0643.raw,1,0,0,1,False,107.7464,"[0, 255]","[0.0, 0.99609375]",
test/non_drowsy/a0644.raw,1,0,0,1,False,123.579,"[0, 255]","[0.0, 0.99609375]",
test/non_drowsy/a0645.raw,1,0,0,1,False,107.5577,"[0, 255]","[0.0, 0.99609375]",
test/non_drowsy/a0646.raw,1,0,0,1,False,103.7922,"[0, 255]","[0.0, 0.99609375]",
test/non_drowsy/a0647.raw,1,0,0,1,False,93.8287,"[0, 255]","[0.0, 0.99609375]",
test/non_drowsy/a0648.raw,1,0,0,1,False,112.451,"[0, 255]","[0.0, 0.99609375]",
test/non_drowsy/a0649.raw,1,0,0,1,False,84.9456,"[0, 255]","[0.0, 0.99609375]",
test/non_drowsy/a0650.raw,1,0,0,1,False,51.5488,"[0, 255]","[0.0, 0.99609375]",
test/non_drowsy/a0651.raw,1,0,0,1,False,71.5482,"[0, 255]","[0.0, 0.99609375]",
test/non_drowsy/a0652.raw,1,0,0,1,False,65.3272,"[0, 255]","[0.0, 0.99609375]",
test/non_drowsy/a0653.raw,1,0,0,1,False,109.0504,"[1, 255]","[0.00390625, 0.99609375]",
test/non_drowsy/a0654.raw,1,0,0,1,False,55.0127,"[0, 255]","[0.0, 0.99609375]",
test/non_drowsy/a0655.raw,1,0,0,1,False,126.7559,"[0, 255]","[0.0, 0.99609375]",
test/non_drowsy/a0656.raw,1,0,0,1,False,115.6666,"[0, 255]","[0.0, 0.99609375]",
test/non_drowsy/a0657.raw,1,0,0,1,False,111.4974,"[0, 255]","[0.0, 0.99609375]",
test/non_drowsy/a0658.raw,1,0,0,1,False,112.0686,"[0, 255]","[0.0, 0.99609375]",
test/non_drowsy/a0659.raw,1,0,0,1,False,90.0951,"[0, 255]","[0.0, 0.99609375]",
test/non_drowsy/a0660.raw,1,0,0,1,False,81.9026,"[0, 255]","[0.0, 0.99609375]",
test/non_drowsy/a0661.raw,1,0,0,1,False,97.6743,"[0, 255]","[0.0, 0.99609375]",
test/non_drowsy/a0662.raw,1,0,0,1,False,57.3123,"[0, 255]","[0.0, 0.99609375]",
test/non_drowsy/a0663.raw,1,0,0,1,False,90.4074,"[0, 255]","[0.0, 0.99609375]",
test/non_drowsy/a0664.raw,1,0,0,1,False,94.2247,"[0, 255]","[0.0, 0.99609375]",
test/non_drowsy/a0665.raw,1,0,0,1,False,99.6206,"[0, 255]","[0.0, 0.99609375]",
test/non_drowsy/a0666.raw,1,0,0,1,False,72.3812,"[0, 255]","[0.0, 0.99609375]",
test/non_drowsy/a0667.raw,1,0,0,1,False,51.3546,"[0, 255]","[0.0, 0.99609375]",
test/non_drowsy/a0668.raw,1,0,0,1,False,68.7118,"[0, 255]","[0.0, 0.99609375]",
test/non_drowsy/a0669.raw,1,0,0,1,False,89.7389,"[0, 255]","[0.0, 0.99609375]",
test/non_drowsy/a0670.raw,1,0,0,1,False,75.3974,"[0, 255]","[0.0, 0.99609375]",
test/non_drowsy/a0671.raw,1,0,0,1,False,114.4505,"[0, 255]","[0.0, 0.99609375]",
test/non_drowsy/a0672.raw,1,0,0,1,False,92.5996,"[0, 255]","[0.0, 0.99609375]",
test/non_drowsy/a0673.raw,1,0,0,1,False,52.6126,"[0, 255]","[0.0, 0.99609375]",
test/non_drowsy/a0674.raw,1,0,0,1,False,56.393,"[0, 255]","[0.0, 0.99609375]",
test/non_drowsy/a0675.raw,1,0,0,1,False,102.5885,"[0, 255]","[0.0, 0.99609375]",
test/non_drowsy/a0676.raw,1,0,0,1,False,59.4463,"[0, 255]","[0.0, 0.99609375]",
test/non_drowsy/a0677.raw,1,0,0,1,False,118.7462,"[0, 255]","[0.0, 0.99609375]",
test/non_drowsy/a0678.raw,1,0,0,1,False,122.0915,"[0, 255]","[0.0, 0.99609375]",
test/non_drowsy/a0679.raw,1,0,0,1,False,105.9293,"[0, 255]","[0.0, 0.99609375]",
test/non_drowsy/a0680.raw,1,0,0,1,False,84.2154,"[0, 255]","[0.0, 0.99609375]",
test/non_drowsy/a0681.raw,1,0,0,1,False,64.6383,"[0, 255]","[0.0, 0.99609375]",
test/non_drowsy/a0682.raw,1,0,0,1,False,83.4023,"[0, 255]","[0.0, 0.99609375]",
test/non_drowsy/a0683.raw,1,0,0,1,False,67.1619,"[0, 255]","[0.0, 0.99609375]",
test/non_drowsy/a0684.raw,1,0,0,1,False,79.237,"[0, 255]","[0.0, 0.99609375]",
test/non_drowsy/a0685.raw,1,0,0,1,False,115.3631,"[0, 255]","[0.0, 0.99609375]",
test/non_drowsy/a0686.raw,1,0,0,1,False,106.2899,"[0, 255]","[0.0, 0.99609375]",
test/non_drowsy/a0687.raw,1,0,0,1,False,76.8534,"[0, 255]","[0.0, 0.99609375]",
test/non_drowsy/a0688.raw,1,0,0,1,False,83.9898,"[0, 255]","[0.0, 0.99609375]",
test/non_drowsy/a0689.raw,1,0,0,1,False,79.7658,"[0, 255]","[0.0, 0.99609375]",
test/non_drowsy/a0690.raw,1,0,0,1,False,93.4684,"[0, 255]","[0.0, 0.99609375]",
test/non_drowsy/a0691.raw,1,0,0,1,False,108.0768,"[0, 255]","[0.0, 0.99609375]",
test/non_drowsy/a0692.raw,1,0,0,1,False,80.871,"[0, 255]","[0.0, 0.99609375]",
test/non_drowsy/a0693.raw,1,0,0,1,False,80.5375,"[0, 255]","[0.0, 0.99609375]",
test/non_drowsy/a0694.raw,1,0,0,1,False,64.7475,"[0, 255]","[0.0, 0.99609375]",
test/non_drowsy/a0695.raw,1,0,0,1,False,84.8359,"[0, 255]","[0.0, 0.99609375]",
test/non_drowsy/a0696.raw,1,0,0,1,False,83.6017,"[0, 255]","[0.0, 0.99609375]",
test/non_drowsy/a0697.raw,1,0,0,1,False,107.7655,"[0, 255]","[0.0, 0.99609375]",
test/non_drowsy/a0698.raw,1,0,0,1,False,87.5836,"[0, 255]","[0.0, 0.99609375]",
test/non_drowsy/a0699.raw,1,0,0,1,False,89.918,"[0, 255]","[0.0, 0.99609375]",
test/non_drowsy/a0700.raw,1,0,0,1,False,124.5543,"[0, 255]","[0.0, 0.99609375]",
test/non_drowsy/a0701.raw,1,0,0,1,False,117.1499,"[0, 255]","[0.0, 0.99609375]",
test/non_drowsy/a0702.raw,1,0,0,1,False,106.293,"[0, 255]","[0.0, 0.99609375]",
test/non_drowsy/a0703.raw,1,0,0,1,False,57.9423,"[0, 255]","[0.0, 0.99609375]",
test/non_drowsy/a0704.raw,1,0,0,1,False,83.0183,"[0, 255]","[0.0, 0.99609375]",
test/non_drowsy/a0705.raw,1,0,0,1,False,113.5841,"[0, 255]","[0.0, 0.99609375]",
test/non_drowsy/a0706.raw,1,0,0,1,False,100.6426,"[0, 255]","[0.0, 0.99609375]",
test/non_drowsy/a0707.raw,1,0,0,1,False,54.0984,"[0, 255]","[0.0, 0.99609375]",
test/non_drowsy/a0708.raw,1,0,0,1,False,53.675,"[0, 255]","[0.0, 0.99609375]",
test/non_drowsy/a0709.raw,1,0,0,1,False,52.4217,"[0, 255]","[0.0, 0.99609375]",
test/non_drowsy/a0710.raw,1,0,0,1,False,52.3621,"[0, 255]","[0.0, 0.99609375]",
test/non_drowsy/a0711.raw,1,0,0,1,False,83.2789,"[0, 255]","[0.0, 0.99609375]",
test/non_drowsy/a0712.raw,1,0,0,1,False,97.2301,"[0, 255]","[0.0, 0.99609375]",
test/non_drowsy/a0713.raw,1,0,0,1,False,89.2172,"[2, 254]","[0.0078125, 0.9921875]",
test/non_drowsy/a0714.raw,1,0,0,1,False,92.4782,"[0, 255]","[0.0, 0.99609375]",
test/non_drowsy/a0715.raw,1,0,0,1,False,65.1784,"[0, 255]","[0.0, 0.99609375]",
test/non_drowsy/a0716.raw,1,0,0,1,False,97.2615,"[0, 255]","[0.0, 0.99609375]",
test/non_drowsy/a0717.raw,1,0,0,1,False,117.5415,"[0, 255]","[0.0, 0.99609375]",
test/non_drowsy/a0718.raw,1,0,0,1,False,113.7863,"[0, 255]","[0.0, 0.99609375]",
test/non_drowsy/a0719.raw,1,0,0,1,False,76.9052,"[1, 255]","[0.00390625, 0.99609375]",
test/non_drowsy/a0720.raw,1,0,0,1,False,55.263,"[0, 255]","[0.0, 0.99609375]",
test/non_drowsy/a0721.raw,1,0,0,1,False,74.8115,"[0, 255]","[0.0, 0.99609375]",
test/non_drowsy/a0722.raw,1,0,0,1,False,93.139,"[0, 255]","[0.0, 0.99609375]",
test/non_drowsy/a0723.raw,1,0,0,1,False,84.9051,"[11, 245]","[0.04296875, 0.95703125]",
test/non_drowsy/a0724.raw,1,0,0,1,False,102.8817,"[0, 255]","[0.0, 0.99609375]",
test/non_drowsy/a0725.raw,1,0,0,1,False,96.6021,"[0, 255]","[0.0, 0.99609375]",
test/non_drowsy/a0726.raw,1,0,0,1,False,68.6392,"[2, 254]","[0.0078125, 0.9921875]",
test/non_drowsy/a0727.raw,1,0,0,1,False,93.8626,"[0, 255]","[0.0, 0.99609375]",
test/non_drowsy/a0728.raw,1,0,0,1,False,62.9633,"[0, 255]","[0.0, 0.99609375]",
test/non_drowsy/a0729.raw,1,0,0,1,False,107.8878,"[0, 255]","[0.0, 0.99609375]",
test/non_drowsy/a0730.raw,1,0,0,1,False,70.5097,"[0, 255]","[0.0, 0.99609375]",
test/non_drowsy/a0731.raw,1,0,0,1,False,92.5581,"[0, 255]","[0.0, 0.99609375]",
test/non_drowsy/a0732.raw,1,0,0,1,False,56.6891,"[0, 255]","[0.0, 0.99609375]",
test/non_drowsy/a0733.raw,1,0,0,1,False,85.6127,"[0, 255]","[0.0, 0.99609375]",
test/non_drowsy/a0734.raw,1,0,0,1,False,111.574,"[0, 255]","[0.0, 0.99609375]",
test/non_drowsy/a0735.raw,1,0,0,1,False,88.0488,"[0, 255]","[0.0, 0.99609375]",
test/non_drowsy/a0736.raw,1,0,0,1,False,57.7417,"[0, 255]","[0.0, 0.99609375]",
test/non_drowsy/a0737.raw,1,0,0,1,False,92.9499,"[0, 255]","[0.0, 0.99609375]",
test/non_drowsy/a0738.raw,1,0,0,1,False,52.1853,"[5, 251]","[0.01953125, 0.98046875]",
test/non_drowsy/a0739.raw,1,0,0,1,False,66.8825,"[1, 255]","[0.00390625, 0.99609375]",
test/non_drowsy/a0740.raw,1,0,0,1,False,77.604,"[1, 255]","[0.00390625, 0.99609375]",
test/non_drowsy/a0741.raw,1,0,0,1,False,83.0266,"[0, 255]","[0.0, 0.99609375]",
test/non_drowsy/a0742.raw,1,0,0,1,False,52.7365,"[0, 255]","[0.0, 0.99609375]",
test/non_drowsy/a0743.raw,1,0,0,1,False,89.8309,"[0, 255]","[0.0, 0.99609375]",
test/non_drowsy/a0744.raw,1,0,0,1,False,101.7287,"[0, 255]","[0.0, 0.99609375]",
test/non_drowsy/a0745.raw,1,0,0,1,False,97.5881,"[2, 254]","[0.0078125, 0.9921875]",
test/non_drowsy/a0746.raw,1,0,0,1,False,112.3669,"[0, 255]","[0.0, 0.99609375]",
test/non_drowsy/a0747.raw,1,0,0,1,False,65.1097,"[0, 255]","[0.0, 0.99609375]",
test/non_drowsy/a0748.raw,1,0,0,1,False,96.4923,"[0, 255]","[0.0, 0.99609375]",
test/non_drowsy/a0749.raw,1,0,0,1,False,101.9622,"[0, 255]","[0.0, 0.99609375]",
test/non_drowsy/a0750.raw,1,0,0,1,False,94.2689,"[0, 255]","[0.0, 0.99609375]",
test/non_drowsy/a0751.raw,1,0,0,1,False,92.5734,"[0, 255]","[0.0, 0.99609375]",
test/non_drowsy/a0752.raw,1,0,0,1,False,79.4581,"[0, 255]","[0.0, 0.99609375]",
test/non_drowsy/a0753.raw,1,0,0,1,False,90.2635,"[0, 255]","[0.0, 0.99609375]",
test/non_drowsy/a0754.raw,1,0,0,1,False,88.9184,"[0, 255]","[0.0, 0.99609375]",
test/non_drowsy/a0755.raw,1,0,0,1,False,55.7678,"[0, 255]","[0.0, 0.99609375]",
test/non_drowsy/a0756.raw,1,0,0,1,False,75.4362,"[0, 255]","[0.0, 0.99609375]",
test/non_drowsy/a0757.raw,1,0,0,1,False,83.7076,"[0, 255]","[0.0, 0.99609375]",
test/non_drowsy/a0758.raw,1,0,0,1,False,100.976,"[0, 255]","[0.0, 0.99609375]",
test/non_drowsy/a0759.raw,1,0,0,1,False,57.3311,"[0, 255]","[0.0, 0.99609375]",
test/non_drowsy/a0760.raw,1,0,0,1,False,58.7532,"[0, 255]","[0.0, 0.99609375]",
test/non_drowsy/a0761.raw,1,0,0,1,False,82.4617,"[0, 255]","[0.0, 0.99609375]",
test/non_drowsy/a0762.raw,1,0,0,1,False,53.5492,"[0, 255]","[0.0, 0.99609375]",
test/non_drowsy/a0763.raw,1,0,0,1,False,53.6226,"[0, 255]","[0.0, 0.99609375]",
test/non_drowsy/a0764.raw,1,0,0,1,False,65.9392,"[0, 255]","[0.0, 0.99609375]",
test/non_drowsy/a0765.raw,1,0,0,1,False,75.5003,"[0, 255]","[0.0, 0.99609375]",
test/non_drowsy/a0766.raw,1,0,0,1,False,107.9658,"[0, 255]","[0.0, 0.99609375]",
test/non_drowsy/a0767.raw,1,0,0,1,False,97.3075,"[0, 255]","[0.0, 0.99609375]",
test/non_drowsy/a0768.raw,1,0,0,1,False,73.2059,"[0, 255]","[0.0, 0.99609375]",
test/non_drowsy/a0769.raw,1,0,0,1,False,54.528,"[3, 253]","[0.01171875, 0.98828125]",
test/non_drowsy/a0770.raw,1,0,0,1,False,73.3527,"[0, 255]","[0.0, 0.99609375]",
test/non_drowsy/a0771.raw,1,0,0,1,False,76.5477,"[0, 255]","[0.0, 0.99609375]",
test/non_drowsy/a0772.raw,1,0,0,1,False,89.7692,"[0, 255]","[0.0, 0.99609375]",
test/non_drowsy/a0773.raw,1,0,0,1,False,73.6353,"[0, 255]","[0.0, 0.99609375]",
test/non_drowsy/a0774.raw,1,0,0,1,False,51.8405,"[0, 255]","[0.0, 0.99609375]",
test/non_drowsy/a0775.raw,1,0,0,1,False,88.1152,"[0, 255]","[0.0, 0.99609375]",
test/non_drowsy/a0776.raw,1,0,0,1,False,128.4945,"[0, 255]","[0.0, 0.99609375]",
test/non_drowsy/a0777.raw,1,0,0,1,False,74.3725,"[0, 255]","[0.0, 0.99609375]",
test/non_drowsy/a0778.raw,1,0,0,1,False,57.8842,"[0, 255]","[0.0, 0.99609375]",
test/non_drowsy/a0779.raw,1,0,0,1,False,92.7485,"[0, 255]","[0.0, 0.99609375]",
test/non_drowsy/a0780.raw,1,0,0,1,False,54.0891,"[0, 255]","[0.0, 0.99609375]",
test/non_drowsy/a0781.raw,1,0,0,1,False,93.5251,"[0, 255]","[0.0, 0.99609375]",
test/non_drowsy/a0782.raw,1,0,0,1,False,83.8527,"[0, 255]","[0.0, 0.99609375]",
test/non_drowsy/a0783.raw,1,0,0,1,False,76.9127,"[0, 255]","[0.0, 0.99609375]",
test/non_drowsy/a0784.raw,1,0,0,1,False,103.8626,"[0, 255]","[0.0, 0.99609375]",
test/non_drowsy/a0785.raw,1,0,0,1,False,94.8193,"[0, 255]","[0.0, 0.99609375]",
test/non_drowsy/a0786.raw,1,0,0,1,False,93.9608,"[0, 255]","[0.0, 0.99609375]",
test/non_drowsy/a0787.raw,1,0,0,1,False,56.9424,"[0, 255]","[0.0, 0.99609375]",
test/non_drowsy/a0788.raw,1,0,0,1,False,92.0144,"[0, 255]","[0.0, 0.99609375]",
test/non_drowsy/a0789.raw,1,0,0,1,False,126.7892,"[0, 255]","[0.0, 0.99609375]",
test/non_drowsy/a0790.raw,1,0,0,1,False,102.5729,"[0, 255]","[0.0, 0.99609375]",
test/non_drowsy/a0791.raw,1,0,0,1,False,77.1603,"[0, 255]","[0.0, 0.99609375]",
test/non_drowsy/a0792.raw,1,0,0,1,False,111.7495,"[0, 255]","[0.0, 0.99609375]",
test/non_drowsy/a0793.raw,1,0,0,1,False,125.2989,"[0, 255]","[0.0, 0.99609375]",
test/non_drowsy/a0794.raw,1,0,0,1,False,98.1044,"[0, 255]","[0.0, 0.99609375]",
test/non_drowsy/a0795.raw,1,0,0,1,False,57.7906,"[0, 255]","[0.0, 0.99609375]",
test/non_drowsy/a0796.raw,1,0,0,1,False,106.1264,"[0, 255]","[0.0, 0.99609375]",
test/non_drowsy/a0797.raw,1,0,0,1,False,72.1498,"[0, 255]","[0.0, 0.99609375]",
test/non_drowsy/a0798.raw,1,0,0,1,False,54.2998,"[0, 255]","[0.0, 0.99609375]",
test/non_drowsy/a0799.raw,1,0,0,1,False,92.2854,"[0, 255]","[0.0, 0.99609375]",
test/non_drowsy/a0800.raw,1,0,0,1,False,116.3879,"[0, 255]","[0.0, 0.99609375]",
test/non_drowsy/a0801.raw,1,0,0,1,False,121.552,"[0, 255]","[0.0, 0.99609375]",
test/non_drowsy/a0802.raw,1,0,0,1,False,82.1181,"[0, 255]","[0.0, 0.99609375]",
test/non_drowsy/a0803.raw,1,0,0,1,False,114.5926,"[0, 255]","[0.0, 0.99609375]",
test/non_drowsy/a0804.raw,1,0,0,1,False,118.0633,"[0, 255]","[0.0, 0.99609375]",
test/non_drowsy/a0805.raw,1,0,0,1,False,103.5466,"[0, 255]","[0.0, 0.99609375]",
test/non_drowsy/a0806.raw,1,0,0,1,False,116.4264,"[0, 255]","[0.0, 0.99609375]",
test/non_drowsy/a0807.raw,1,0,0,1,False,90.0899,"[0, 255]","[0.0, 0.99609375]",
test/non_drowsy/a0808.raw,1,0,0,1,False,96.2565,"[0, 255]","[0.0, 0.99609375]",
test/non_drowsy/a0809.raw,1,0,0,1,False,108.6873,"[19, 237]","[0.07421875, 0.92578125]",
test/non_drowsy/a0810.raw,1,0,0,1,False,120.5097,"[0, 255]","[0.0, 0.99609375]",
test/non_drowsy/a0811.raw,1,0,0,1,False,107.9273,"[0, 255]","[0.0, 0.99609375]",
test/non_drowsy/a0812.raw,1,0,0,1,False,111.2778,"[0, 255]","[0.0, 0.99609375]",
test/non_drowsy/a0813.raw,1,0,0,1,False,70.279,"[0, 255]","[0.0, 0.99609375]",
test/non_drowsy/a0814.raw,1,0,0,1,False,64.1123,"[0, 255]","[0.0, 0.99609375]",
test/non_drowsy/a0815.raw,1,0,0,1,False,75.3351,"[40, 216]","[0.15625, 0.84375]",
test/non_drowsy/a0816.raw,1,0,0,1,False,75.7778,"[0, 255]","[0.0, 0.99609375]",
test/non_drowsy/a0817.raw,1,0,0,1,False,115.9682,"[0, 255]","[0.0, 0.99609375]",
test/non_drowsy/a0818.raw,1,0,0,1,False,107.573,"[0, 255]","[0.0, 0.99609375]",
test/non_drowsy/a0819.raw,1,0,0,1,False,120.1126,"[2, 254]","[0.0078125, 0.9921875]",
test/non_drowsy/a0820.raw,1,0,0,1,False,96.8402,"[0, 255]","[0.0, 0.99609375]",
test/non_drowsy/a0821.raw,1,0,0,1,False,107.9978,"[0, 255]","[0.0, 0.99609375]",
test/non_drowsy/a0822.raw,1,0,0,1,False,115.3874,"[0, 255]","[0.0, 0.99609375]",
test/non_drowsy/a0823.raw,1,0,0,1,False,64.6401,"[0, 255]","[0.0, 0.99609375]",
test/non_drowsy/a0824.raw,1,0,0,1,False,108.43,"[0, 255]","[0.0, 0.99609375]",
test/non_drowsy/a0825.raw,1,0,0,1,False,83.89,"[0, 255]","[0.0, 0.99609375]",
test/non_drowsy/a0826.raw,1,0,0,1,False,121.6521,"[0, 255]","[0.0, 0.99609375]",
test/non_drowsy/a0827.raw,1,0,0,1,False,115.3323,"[3, 253]","[0.01171875, 0.98828125]",
test/non_drowsy/a0828.raw,1,0,0,1,False,79.1773,"[0, 255]","[0.0, 0.99609375]",
test/non_drowsy/a0829.raw,1,0,0,1,False,51.5555,"[0, 255]","[0.0, 0.99609375]",
test/non_drowsy/a0830.raw,1,0,0,1,False,52.0985,"[0, 255]","[0.0, 0.99609375]",
test/non_drowsy/a0831.raw,1,0,0,1,False,100.4528,"[0, 255]","[0.0, 0.99609375]",
test/non_drowsy/a0832.raw,1,0,0,1,False,96.5952,"[0, 255]","[0.0, 0.99609375]",
test/non_drowsy/a0833.raw,1,0,0,1,False,66.7453,"[0, 255]","[0.0, 0.99609375]",
test/non_drowsy/a0834.raw,1,0,0,1,False,116.9431,"[0, 255]","[0.0, 0.99609375]",
test/non_drowsy/a0835.raw,1,0,0,1,False,106.3989,"[0, 255]","[0.0, 0.99609375]",
test/non_drowsy/a0836.raw,1,0,0,1,False,120.6173,"[0, 255]","[0.0, 0.99609375]",
test/non_drowsy/a0837.raw,1,0,0,1,False,69.6428,"[0, 255]","[0.0, 0.99609375]",
test/non_drowsy/a0838.raw,1,0,0,1,False,51.6647,"[0, 255]","[0.0, 0.99609375]",
test/non_drowsy/a0839.raw,1,0,0,1,False,103.3557,"[0, 255]","[0.0, 0.99609375]",
test/non_drowsy/a0840.raw,1,0,0,1,False,73.937,"[0, 255]","[0.0, 0.99609375]",
test/non_drowsy/a0841.raw,1,0,0,1,False,71.8599,"[0, 255]","[0.0, 0.99609375]",
test/non_drowsy/a0842.raw,1,0,0,1,False,69.3611,"[0, 255]","[0.0, 0.99609375]",
test/non_drowsy/a0843.raw,1,0,0,1,False,64.6513,"[0, 255]","[0.0, 0.99609375]",
test/non_drowsy/a0844.raw,1,0,0,1,False,65.153,"[0, 255]","[0.0, 0.99609375]",
test/non_drowsy/a0845.raw,1,0,0,1,False,75.7277,"[0, 255]","[0.0, 0.99609375]",
test/non_drowsy/a0846.raw,1,0,0,1,False,97.947,"[0, 255]","[0.0, 0.99609375]",
test/non_drowsy/a0847.raw,1,0,0,1,False,124.7905,"[0, 255]","[0.0, 0.99609375]",
test/non_drowsy/a0848.raw,1,0,0,1,False,60.3604,"[0, 255]","[0.0, 0.99609375]",
test/non_drowsy/a0849.raw,1,0,0,1,False,78.4504,"[0, 255]","[0.0, 0.99609375]",
test/non_drowsy/a0850.raw,1,0,0,1,False,87.0974,"[0, 255]","[0.0, 0.99609375]",
test/non_drowsy/a0851.raw,1,0,0,1,False,86.12,"[0, 255]","[0.0, 0.99609375]",
test/non_drowsy/a0852.raw,1,0,0,1,False,55.9073,"[0, 255]","[0.0, 0.99609375]",
test/non_drowsy/a0853.raw,1,0,0,1,False,59.7906,"[0, 255]","[0.0, 0.99609375]",
test/non_drowsy/a0854.raw,1,0,0,1,False,124.7334,"[0, 255]","[0.0, 0.99609375]",
test/non_drowsy/a0855.raw,1,0,0,1,False,123.7777,"[0, 255]","[0.0, 0.99609375]",
test/non_drowsy/a0856.raw,1,0,0,1,False,107.002,"[1, 255]","[0.00390625, 0.99609375]",
test/non_drowsy/a0857.raw,1,0,0,1,False,62.5578,"[0, 255]","[0.0, 0.99609375]",
test/non_drowsy/a0858.raw,1,0,0,1,False,77.0957,"[0, 255]","[0.0, 0.99609375]",
test/non_drowsy/a0859.raw,1,0,0,1,False,90.0822,"[0, 255]","[0.0, 0.99609375]",
test/non_drowsy/a0860.raw,1,0,0,1,False,106.6816,"[0, 255]","[0.0, 0.99609375]",
test/non_drowsy/a0861.raw,1,0,0,1,False,106.2099,"[0, 255]","[0.0, 0.99609375]",
test/non_drowsy/a0862.raw,1,0,0,1,False,121.8422,"[0, 255]","[0.0, 0.99609375]",
test/non_drowsy/a0863.raw,1,0,0,1,False,99.7019,"[0, 255]","[0.0, 0.99609375]",
test/non_drowsy/a0864.raw,1,0,0,1,False,119.8764,"[0, 255]","[0.0, 0.99609375]",
test/non_drowsy/a0865.raw,1,0,0,1,False,103.8144,"[0, 255]","[0.0, 0.99609375]",
test/non_drowsy/a0866.raw,1,0,0,1,False,124.338,"[0, 255]","[0.0, 0.99609375]",
test/non_drowsy/a0867.raw,1,0,0,1,False,118.611,"[0, 255]","[0.0, 0.99609375]",
test/non_drowsy/a0868.raw,1,0,0,1,False,118.9751,"[0, 255]","[0.0, 0.99609375]",
test/non_drowsy/a0869.raw,1,0,0,1,False,111.4917,"[0, 255]","[0.0, 0.99609375]",
test/non_drowsy/a0870.raw,1,0,0,1,False,106.0897,"[0, 255]","[0.0, 0.99609375]",
test/non_drowsy/a0871.raw,1,0,0,1,False,81.4725,"[0, 255]","[0.0, 0.99609375]",
test/non_drowsy/a0872.raw,1,0,0,1,False,82.5854,"[0, 255]","[0.0, 0.99609375]",
test/non_drowsy/a0873.raw,1,0,0,1,False,96.7879,"[2, 254]","[0.0078125, 0.9921875]",
test/non_drowsy/a0874.raw,1,0,0,1,False,101.0823,"[0, 255]","[0.0, 0.99609375]",
test/non_drowsy/a0875.raw,1,0,0,1,False,104.0662,"[0, 255]","[0.0, 0.99609375]",
test/non_drowsy/a0876.raw,1,0,0,1,False,106.1823,"[0, 255]","[0.0, 0.99609375]",
test/non_drowsy/a0877.raw,1,0,0,1,False,111.8548,"[0, 255]","[0.0, 0.99609375]",
test/non_drowsy/a0878.raw,1,0,0,1,False,97.3887,"[0, 255]","[0.0, 0.99609375]",
test/non_drowsy/a0879.raw,1,0,0,1,False,53.7243,"[0, 255]","[0.0, 0.99609375]",
test/non_drowsy/a0880.raw,1,0,0,1,False,60.8732,"[0, 255]","[0.0, 0.99609375]",
test/non_drowsy/a0881.raw,1,0,0,1,False,52.5637,"[0, 255]","[0.0, 0.99609375]",
test/non_drowsy/a0882.raw,1,0,0,1,False,71.7953,"[0, 255]","[0.0, 0.99609375]",
test/non_drowsy/a0883.raw,1,0,0,1,False,73.5748,"[0, 255]","[0.0, 0.99609375]",
test/non_drowsy/a0884.raw,1,0,0,1,False,102.7011,"[0, 255]","[0.0, 0.99609375]",
test/non_drowsy/a0885.raw,1,0,0,1,False,77.1567,"[0, 255]","[0.0, 0.99609375]",
test/non_drowsy/a0886.raw,1,0,0,1,False,99.5063,"[0, 255]","[0.0, 0.99609375]",
test/non_drowsy/a0887.raw,1,0,0,1,False,102.9914,"[0, 255]","[0.0, 0.99609375]",
test/non_drowsy/a0888.raw,1,0,0,1,False,75.9829,"[0, 255]","[0.0, 0.99609375]",
test/non_drowsy/a0889.raw,1,0,0,1,False,86.6499,"[5, 251]","[0.01953125, 0.98046875]",
test/non_drowsy/a0890.raw,1,0,0,1,False,105.9879,"[0, 255]","[0.0, 0.99609375]",
test/non_drowsy/a0891.raw,1,0,0,1,False,116.1333,"[0, 255]","[0.0, 0.99609375]",
test/non_drowsy/a0892.raw,1,0,0,1,False,109.8249,"[0, 255]","[0.0, 0.99609375]",
test/non_drowsy/a0893.raw,1,0,0,1,False,96.6101,"[0, 255]","[0.0, 0.99609375]",
test/non_drowsy/a0894.raw,1,0,0,1,False,88.8842,"[0, 255]","[0.0, 0.99609375]",
test/non_drowsy/a0895.raw,1,0,0,1,False,84.5582,"[12, 244]","[0.046875, 0.953125]",
test/non_drowsy/a0896.raw,1,0,0,1,False,79.495,"[4, 252]","[0.015625, 0.984375]",
test/non_drowsy/a0897.raw,1,0,0,1,False,61.6444,"[6, 250]","[0.0234375, 0.9765625]",
test/non_drowsy/a0898.raw,1,0,0,1,False,96.0205,"[65, 191]","[0.25390625, 0.74609375]",
test/non_drowsy/a0899.raw,1,0,0,1,False,69.229,"[0, 255]","[0.0, 0.99609375]",
test/non_drowsy/a0900.raw,1,0,0,1,False,78.9843,"[8, 248]","[0.03125, 0.96875]",
test/non_drowsy/a0901.raw,1,0,0,1,False,51.5345,"[0, 255]","[0.0, 0.99609375]",
test/non_drowsy/a0902.raw,1,0,0,1,False,70.571,"[0, 255]","[0.0, 0.99609375]",
test/non_drowsy/a0903.raw,1,0,0,1,False,97.5683,"[0, 255]","[0.0, 0.99609375]",
test/non_drowsy/a0904.raw,1,0,0,1,False,88.3381,"[0, 255]","[0.0, 0.99609375]",
test/non_drowsy/a0905.raw,1,0,0,1,False,86.7951,"[0, 255]","[0.0, 0.99609375]",
test/non_drowsy/a0906.raw,1,0,0,1,False,51.4019,"[0, 255]","[0.0, 0.99609375]",
test/non_drowsy/a0907.raw,1,0,0,1,False,95.2967,"[0, 255]","[0.0, 0.99609375]",
test/non_drowsy/a0908.raw,1,0,0,1,False,88.0792,"[0, 255]","[0.0, 0.99609375]",
test/non_drowsy/a0909.raw,1,0,0,1,False,105.2661,"[0, 255]","[0.0, 0.99609375]",
test/non_drowsy/a0910.raw,1,0,0,1,False,112.6934,"[0, 255]","[0.0, 0.99609375]",
test/non_drowsy/a0911.raw,1,0,0,1,False,85.0541,"[0, 255]","[0.0, 0.99609375]",
test/non_drowsy/a0912.raw,1,0,0,1,False,79.7125,"[0, 255]","[0.0, 0.99609375]",
test/non_drowsy/a0913.raw,1,0,0,1,False,115.3461,"[0, 255]","[0.0, 0.99609375]",
test/non_drowsy/a0914.raw,1,0,0,1,False,108.4947,"[0, 255]","[0.0, 0.99609375]",
test/non_drowsy/a0915.raw,1,0,0,1,False,100.7796,"[0, 255]","[0.0, 0.99609375]",
test/non_drowsy/a0916.raw,1,0,0,1,False,104.1261,"[0, 255]","[0.0, 0.99609375]",
test/non_drowsy/a0917.raw,1,0,0,1,False,107.1501,"[0, 255]","[0.0, 0.99609375]",
test/non_drowsy/a0918.raw,1,0,0,1,False,80.2476,"[0, 255]","[0.0, 0.99609375]",
test/non_drowsy/a0919.raw,1,0,0,1,False,110.3738,"[0, 255]","[0.0, 0.99609375]",
test/non_drowsy/a0920.raw,1,0,0,1,False,89.3503,"[0, 255]","[0.0, 0.99609375]",
test/non_drowsy/a0921.raw,1,0,0,1,False,57.7369,"[0, 255]","[0.0, 0.99609375]",
test/non_drowsy/a0922.raw,1,0,0,1,False,98.1882,"[0, 255]","[0.0, 0.99609375]",
test/non_drowsy/a0923.raw,1,0,0,1,False,75.9499,"[0, 255]","[0.0, 0.99609375]",
test/non_drowsy/a0924.raw,1,0,0,1,False,91.2129,"[0, 255]","[0.0, 0.99609375]",
test/non_drowsy/a0925.raw,1,0,0,1,False,68.8126,"[0, 255]","[0.0, 0.99609375]",
test/non_drowsy/a0926.raw,1,0,0,1,False,103.9355,"[3, 253]","[0.01171875, 0.98828125]",
test/non_drowsy/a0927.raw,1,0,0,1,False,111.815,"[0, 255]","[0.0, 0.99609375]",
test/non_drowsy/a0928.raw,1,0,0,1,False,65.1669,"[0, 255]","[0.0, 0.99609375]",
test/non_drowsy/a0929.raw,1,0,0,1,False,111.9716,"[0, 255]","[0.0, 0.99609375]",
test/non_drowsy/a0930.raw,1,0,0,1,False,57.7311,"[1, 255]","[0.00390625, 0.99609375]",
test/non_drowsy/a0931.raw,1,0,0,1,False,113.1447,"[0, 255]","[0.0, 0.99609375]",
test/non_drowsy/a0932.raw,1,0,0,1,False,83.4062,"[1, 255]","[0.00390625, 0.99609375]",
test/non_drowsy/a0933.raw,1,0,0,1,False,78.4158,"[0, 255]","[0.0, 0.99609375]",
test/non_drowsy/a0934.raw,1,0,0,1,False,113.5768,"[0, 255]","[0.0, 0.99609375]",
test/non_drowsy/a0935.raw,1,0,0,1,False,121.5374,"[0, 255]","[0.0, 0.99609375]",
test/non_drowsy/a0936.raw,1,0,0,1,False,92.8378,"[0, 255]","[0.0, 0.99609375]",
test/non_drowsy/a0937.raw,1,0,0,1,False,78.9789,"[0, 255]","[0.0, 0.99609375]",
test/non_drowsy/a0938.raw,1,0,0,1,False,76.9788,"[1, 255]","[0.00390625, 0.99609375]",
test/non_drowsy/a0939.raw,1,0,0,1,False,85.3091,"[0, 255]","[0.0, 0.99609375]",
test/non_drowsy/a0940.raw,1,0,0,1,False,51.5029,"[0, 255]","[0.0, 0.99609375]",
test/non_drowsy/a0941.raw,1,0,0,1,False,132.2891,"[0, 255]","[0.0, 0.99609375]",
test/non_drowsy/a0942.raw,1,0,0,1,False,82.153,"[4, 252]","[0.015625, 0.984375]",
test/non_drowsy/a0943.raw,1,0,0,1,False,100.6485,"[0, 255]","[0.0, 0.99609375]",
test/non_drowsy/a0944.raw,1,0,0,1,False,107.599,"[0, 255]","[0.0, 0.99609375]",
test/non_drowsy/a0945.raw,1,0,0,1,False,75.3497,"[4, 252]","[0.015625, 0.984375]",
test/non_drowsy/a0946.raw,1,0,0,1,False,111.1036,"[0, 255]","[0.0, 0.99609375]",
test/non_drowsy/a0947.raw,1,0,0,1,False,119.4474,"[0, 255]","[0.0, 0.99609375]",
test/non_drowsy/a0948.raw,1,0,0,1,False,109.3529,"[0, 255]","[0.0, 0.99609375]",
test/non_drowsy/a0949.raw,1,0,0,1,False,93.7165,"[1, 255]","[0.00390625, 0.99609375]",
test/non_drowsy/a0950.raw,1,0,0,1,False,116.3874,"[0, 255]","[0.0, 0.99609375]",
test/non_drowsy/a0951.raw,1,0,0,1,False,89.6649,"[0, 255]","[0.0, 0.99609375]",
test/non_drowsy/a0952.raw,1,0,0,1,False,70.4269,"[0, 255]","[0.0, 0.99609375]",
test/non_drowsy/a0953.raw,1,0,0,1,False,75.7918,"[0, 255]","[0.0, 0.99609375]",
test/non_drowsy/a0954.raw,1,0,0,1,False,84.8232,"[1, 255]","[0.00390625, 0.99609375]",
test/non_drowsy/a0955.raw,1,0,0,1,False,81.1381,"[0, 255]","[0.0, 0.99609375]",
test/non_drowsy/a0956.raw,1,0,0,1,False,84.8983,"[0, 255]","[0.0, 0.99609375]",
test/non_drowsy/a0957.raw,1,0,0,1,False,94.9404,"[0, 255]","[0.0, 0.99609375]",
test/non_drowsy/a0958.raw,1,0,0,1,False,101.4032,"[1, 255]","[0.00390625, 0.99609375]",
test/non_drowsy/a0959.raw,1,0,0,1,False,90.6761,"[3, 253]","[0.01171875, 0.98828125]",
test/non_drowsy/a0960.raw,1,0,0,1,False,89.042,"[3, 253]","[0.01171875, 0.98828125]",
test/non_drowsy/a0961.raw,1,0,0,1,False,63.6871,"[0, 255]","[0.0, 0.99609375]",
test/non_drowsy/a0962.raw,1,0,0,1,False,68.0321,"[12, 244]","[0.046875, 0.953125]",
test/non_drowsy/a0963.raw,1,0,0,1,False,88.7777,"[1, 255]","[0.00390625, 0.99609375]",
test/non_drowsy/a0964.raw,1,0,0,1,False,88.3388,"[49, 207]","[0.19140625, 0.80859375]",
test/non_drowsy/a0965.raw,1,0,0,1,False,71.1614,"[7, 249]","[0.02734375, 0.97265625]",
test/non_drowsy/a0966.raw,1,1,0,0,False,86.7789,"[227, 29]","[0.88671875, 0.11328125]",
test/non_drowsy/a0967.raw,1,,0,0,True,94.9215,"[128, 128]","[0.5, 0.5]",
test/non_drowsy/a0968.raw,1,0,0,1,False,82.8729,"[105, 151]","[0.41015625, 0.58984375]",
test/non_drowsy/a0969.raw,1,0,0,1,False,101.0865,"[0, 255]","[0.0, 0.99609375]",
test/non_drowsy/a0970.raw,1,0,0,1,False,79.6931,"[0, 255]","[0.0, 0.99609375]",
test/non_drowsy/a0971.raw,1,0,0,1,False,70.7059,"[0, 255]","[0.0, 0.99609375]",
test/non_drowsy/a0972.raw,1,0,0,1,False,51.6522,"[0, 255]","[0.0, 0.99609375]",
test/non_drowsy/a0973.raw,1,0,0,1,False,80.5111,"[1, 255]","[0.00390625, 0.99609375]",
test/non_drowsy/a0974.raw,1,0,0,1,False,51.7599,"[0, 255]","[0.0, 0.99609375]",
test/non_drowsy/a0975.raw,1,0,0,1,False,64.9689,"[0, 255]","[0.0, 0.99609375]",
test/non_drowsy/a0976.raw,1,0,0,1,False,117.6161,"[0, 255]","[0.0, 0.99609375]",
test/non_drowsy/a0977.raw,1,0,0,1,False,97.5357,"[0, 255]","[0.0, 0.99609375]",
test/non_drowsy/a0978.raw,1,0,0,1,False,103.1559,"[0, 255]","[0.0, 0.99609375]",
test/non_drowsy/a0979.raw,1,0,0,1,False,86.2387,"[0, 255]","[0.0, 0.99609375]",
test/non_drowsy/a0980.raw,1,0,0,1,False,51.5579,"[0, 255]","[0.0, 0.99609375]",
test/non_drowsy/a0981.raw,1,0,0,1,False,92.2983,"[0, 255]","[0.0, 0.99609375]",
test/non_drowsy/a0982.raw,1,0,0,1,False,87.6875,"[0, 255]","[0.0, 0.99609375]",
test/non_drowsy/a0983.raw,1,0,0,1,False,121.4903,"[0, 255]","[0.0, 0.99609375]",
test/non_drowsy/a0984.raw,1,0,0,1,False,93.5793,"[0, 255]","[0.0, 0.99609375]",
test/non_drowsy/a0985.raw,1,0,0,1,False,70.6067,"[0, 255]","[0.0, 0.99609375]",
test/non_drowsy/a0986.raw,1,0,0,1,False,69.8496,"[0, 255]","[0.0, 0.99609375]",
test/non_drowsy/a0987.raw,1,0,0,1,False,84.9687,"[0, 255]","[0.0, 0.99609375]",
test/non_drowsy/a0988.raw,1,0,0,1,False,98.7441,"[0, 255]","[0.0, 0.99609375]",
test/non_drowsy/a0989.raw,1,0,0,1,False,64.3047,"[0, 255]","[0.0, 0.99609375]",
test/non_drowsy/a0990.raw,1,0,0,1,False,60.0835,"[0, 255]","[0.0, 0.99609375]",
test/non_drowsy/a0991.raw,1,0,0,1,False,65.1782,"[0, 255]","[0.0, 0.99609375]",
test/non_drowsy/a0992.raw,1,0,0,1,False,73.6145,"[0, 255]","[0.0, 0.99609375]",
test/non_drowsy/a0993.raw,1,0,0,1,False,65.8036,"[0, 255]","[0.0, 0.99609375]",
test/non_drowsy/a0994.raw,1,0,0,1,False,103.6653,"[0, 255]","[0.0, 0.99609375]",
test/non_drowsy/a0995.raw,1,0,0,1,False,85.7109,"[0, 255]","[0.0, 0.99609375]",
test/non_drowsy/a0996.raw,1,0,0,1,False,86.7398,"[0, 255]","[0.0, 0.99609375]",
test/non_drowsy/a0997.raw,1,0,0,1,False,120.5787,"[0, 255]","[0.0, 0.99609375]",
test/non_drowsy/a0998.raw,1,0,0,1,False,106.5263,"[0, 255]","[0.0, 0.99609375]",
test/non_drowsy/a0999.raw,1,0,0,1,False,120.7176,"[0, 255]","[0.0, 0.99609375]",
test/non_drowsy/a1000.raw,1,0,0,1,False,54.415,"[0, 255]","[0.0, 0.99609375]",
test/non_drowsy/a1001.raw,1,0,0,1,False,82.4095,"[0, 255]","[0.0, 0.99609375]",
test/non_drowsy/a1002.raw,1,0,0,1,False,93.5577,"[0, 255]","[0.0, 0.99609375]",
test/non_drowsy/a1003.raw,1,0,0,1,False,83.1667,"[0, 255]","[0.0, 0.99609375]",
test/non_drowsy/a1004.raw,1,0,0,1,False,100.9795,"[0, 255]","[0.0, 0.99609375]",
test/non_drowsy/a1005.raw,1,0,0,1,False,81.7842,"[0, 255]","[0.0, 0.99609375]",
test/non_drowsy/a1006.raw,1,0,0,1,False,78.9303,"[0, 255]","[0.0, 0.99609375]",
test/non_drowsy/a1007.raw,1,0,0,1,False,71.5771,"[0, 255]","[0.0, 0.99609375]",
test/non_drowsy/a1008.raw,1,0,0,1,False,51.6362,"[0, 255]","[0.0, 0.99609375]",
