name_image,ok,class_0_raw,class_1_raw,result,label,right,download_ms,inference_ms,heap_before,heap_after,heap_used,psram_before,psram_after,psram_used,stack_min_free_bytes,preprocess_ms,invoke_ms,arena_reserved_bytes,arena_used_bytes,input_sha256
"A0001_pngxcr.raw",1,255,0,1,1,1,496.574,1786.609,3202052,3202044,8,3105812,3105812,0,29460,11.804,1774.805,1048576,312380,d389ac8d9b94f8adcf5844ac8d433e874de62790e775cd556c1e597c08e90d6e
"A0002_og7hdg.raw",1,255,0,1,1,1,521.162,1784.822,3201832,3201840,0,3105812,3105812,0,29460,11.697,1773.125,1048576,312380,78ae13411520084e16b94c37622364d6f1a8ced82c64697aebdedfb002a3cb01
"A0003_s1ihic.raw",1,255,0,1,1,1,498.546,1784.508,3201512,3201628,0,3105812,3105812,0,29460,13.260,1771.248,1048576,312380,9b11512c9b927452a99c4be0f56d102920ec17f43ff304461d3ffc9621e9a23d
"A0004_tvdtsw.raw",1,255,0,1,1,1,531.568,1783.741,3201416,3201416,0,3105812,3105812,0,29460,11.653,1772.088,1048576,312380,c9153ea9710889154434ddd66765e584a93cdc1ed22a46b1caaa24e4c4c0fbec
"A0005_lkbtef.raw",1,255,0,1,1,1,529.194,1783.486,3201204,3201204,0,3105812,3105812,0,29460,11.657,1771.829,1048576,312380,b4885440403eee59bd163f3a0dd4445715f6df172840017520993684f91817ba
"A0006_xtno5a.raw",1,255,0,1,1,1,476.325,1783.279,3200992,3200992,0,3105812,3105812,0,29460,11.798,1771.481,1048576,312380,1d05bdd31521ac31c7a8061b9a4430851ca877dd6471d1d8d15e7bab4d40b35f
"A0007_fbqrt3.raw",1,255,0,1,1,1,485.671,1784.692,3200660,3200780,0,3105812,3105812,0,29460,13.270,1771.422,1048576,312380,899fcc43048db13f8e038812f3cb3d2e240605af5cabbbd2db6b49f1cbf2d3d0
"A0008_gntaey.raw",1,255,0,1,1,1,498.923,1784.146,3200568,3200568,0,3105812,3105812,0,29460,11.660,1772.486,1048576,312380,1acd58876768f7b4cfe0e0ea07e76636a9dc53aa3e6c93f1a1a998f009bd69cb
"A0009_jwliki.raw",1,255,0,1,1,1,507.434,1782.962,3200356,3200356,0,3105812,3105812,0,29460,11.620,1771.342,1048576,312380,22a4680f5a676fbd94c650c4c85228eda0b9666b17a08772ae5ac49ede6a1213
"A0010_luzdk8.raw",1,255,0,1,1,1,522.674,1781.956,3200136,3200144,0,3105812,3105812,0,29460,11.776,1770.180,1048576,312380,bdd1b52c0678b713e0d43afb5cbe04b2a5fc76a8637aeaf9e87adf4e7a85d623
"A0011_y9xxcq.raw",1,255,0,1,1,1,524.464,1788.329,3199932,3199932,0,3105812,3105812,0,29460,11.611,1776.718,1048576,312380,808c2bb167e70b615b46b5f62e0a57b39c1b4e5a0fb1f827138a10e91faac814
"A0012_loynpr.raw",1,255,0,1,1,1,530.213,1785.453,3199720,3199720,0,3105812,3105812,0,29460,11.548,1773.905,1048576,312380,58bc44b74b06c67b8b166914bfb4475e39027dd9f8e1ebb7b7734d1262fc386e
"A0013_lyk7g7.raw",1,255,0,1,1,1,488.216,1785.926,3199508,3199508,0,3105812,3105812,0,29460,12.729,1773.197,1048576,312380,cf9214683ec8e43d3f6c802f2b8b79b9f044b6b2c6a4299ca68a49b1fa69d287
"A0014_xebhqb.raw",1,255,0,1,1,1,515.096,1785.793,3199296,3199296,0,3105812,3105812,0,29460,11.669,1774.124,1048576,312380,681b00b7ff831173654604418af4b68eb0aba43619613f7ec58f0c31249e0178
"A0015_mmk45e.raw",1,255,0,1,1,1,498.309,1782.764,3199084,3199084,0,3105812,3105812,0,29460,11.593,1771.171,1048576,312380,8eb8b02959902549b42801854007ee96b49056b11dde3373676d92eabe504a1d
"A0016_ux9mpm.raw",1,255,0,1,1,1,497.438,1785.298,3198748,3198872,0,3105812,3105812,0,29460,13.294,1772.004,1048576,312380,10a6818faf9fcda6079a1ecdbc3fd84dfaa46f5f4b83c363d180e3198c80de4b
"A0017_wjyxc2.raw",1,255,0,1,1,1,512.211,1786.560,3198660,3198660,0,3105812,3105812,0,29460,12.678,1773.882,1048576,312380,1945b81a2a527ddfa010463add571831ac315e11cc1e0d302a8f182b8dc9f717
"A0018_a4n97h.raw",1,255,0,1,1,1,468.857,1783.090,3198448,3198448,0,3105812,3105812,0,29460,11.766,1771.324,1048576,312380,418d525a1d38fcf7301714397d74b6386315255019af8a6029e4114cf3a0c799
"A0019_z88xx1.raw",1,255,0,1,1,1,501.170,1787.289,3198112,3198236,0,3105812,3105812,0,29460,13.840,1773.449,1048576,312380,4092896894ef03fadaa8b0a3cdffc5d9ad051c5094b4dad0cf5dd95b8fd577bd
"A0020_aej2s3.raw",1,255,0,1,1,1,518.828,1786.623,3198024,3198024,0,3105812,3105812,0,29460,12.662,1773.961,1048576,312380,b8f67300a23cf9b604d517502e283764cff23d7d3b388694ff4a66c92479faaa
"A0021_ip7hjm.raw",1,255,0,1,1,1,524.738,1786.006,3197812,3197812,0,3105812,3105812,0,29460,11.867,1774.139,1048576,312380,5778b906c335736598537fa24dcd8ae5c9f6a14603c8438954c54d68ee2ecfc0
"A0022_nrgqxv.raw",1,255,0,1,1,1,508.407,1784.814,3193504,3193504,0,3101716,3101716,0,29460,11.600,1773.214,1048576,312380,36f633a14dc86aea0ec59e6ecd4f45e7f261158d8a6d6c24fcc56d7d0bdefc4a
"A0023_fitx0c.raw",1,255,0,1,1,1,553.904,1785.110,3193292,3193292,0,3101716,3101716,0,29460,11.908,1773.202,1048576,312380,d8027dc5a4204a57f91f6e574f0b166a03fd667f04611065e9fe4f004b339fc8
"A0024_uipfcl.raw",1,255,0,1,1,1,519.453,1784.318,3193080,3193080,0,3101716,3101716,0,29460,11.690,1772.628,1048576,312380,3fbe565316b1543309f2e48540cc82c8ce3ee5ab53ed6727fe29b3d8a58642dd
"A0025_fcgk86.raw",1,255,0,1,1,1,516.802,1785.085,3192868,3192868,0,3101716,3101716,0,29460,11.627,1773.458,1048576,312380,54c8bf227b68169f41abd455ba20b253a4fcbb2d0349278f030f6bc4eae03f5d
"A0026_k4j7ld.raw",1,255,0,1,1,1,512.554,1782.945,3192656,3192656,0,3101716,3101716,0,29460,11.621,1771.324,1048576,312380,8c207ab010b56337c7de28c60afd9eef781e4ee787356e4b5f84aca4ec901eb7
"A0027_h7xugf.raw",1,255,0,1,1,1,517.078,1783.727,3192444,3192444,0,3101716,3101716,0,29460,11.635,1772.092,1048576,312380,06c3c56491e2f0a92bbbd132c14f8138a1257cfc202466d150419285757047bd
"A0028_pzbugc.raw",1,255,0,1,1,1,495.878,1788.222,3192232,3192232,0,3101716,3101716,0,29460,12.406,1775.816,1048576,312380,244231812a60f5db81735876ceb7a0da58dc2199157917138a67630d503818da
"A0029_dgl8ty.raw",1,255,0,1,1,1,483.469,1785.257,3192020,3192020,0,3101716,3101716,0,29460,11.708,1773.549,1048576,312380,02a1f8f8360931572e003ee24caabb25baf18ab58fac728b22f092cb9a651a6e
"A0030_iabo50.raw",1,255,0,1,1,1,508.876,1782.579,3191808,3191808,0,3101716,3101716,0,29460,11.616,1770.963,1048576,312380,1f21c2b45b31e3f610359c5b104ec39ba5124801ed3d5641ee16453f61319c64
"A0031_y1oyri.raw",1,255,0,1,1,1,518.849,1782.714,3191596,3191596,0,3101716,3101716,0,29460,11.600,1771.114,1048576,312380,4a9115755eb95bb252d7495ec1d4ce2c16cba36e3c39142bd239b32888ca70d6
"A0032_z8so1m.raw",1,255,0,1,1,1,548.229,1782.643,3191380,3191384,0,3101716,3101716,0,29460,11.601,1771.042,1048576,312380,61045c25b1b61345920da569123926b316dc9c25e8854ccf9f790f785e9b18f1
"A0033_gftspe.raw",1,255,0,1,1,1,542.869,1782.080,3191172,3191172,0,3101716,3101716,0,29460,11.674,1770.406,1048576,312380,846122d9b3032855f70bfe6f5d19b88871375331a4a354f77a353c5fde3e67c9
"A0034_s2ywtc.raw",1,255,0,1,1,1,485.436,1785.170,3190960,3190960,0,3101716,3101716,0,29460,12.670,1772.500,1048576,312380,980b3452664e2b439b48be6ddb3fd1fa368a193c16872ed89a1b4b167b8b1650
"A0035_injh7h.raw",1,255,0,1,1,1,526.727,1785.218,3190748,3190748,0,3101716,3101716,0,29460,12.025,1773.193,1048576,312380,5b62af628aeb8f5e6b5343c0773f0a5f3e7d33553b8243e1353517df7cd8e7fc
"A0036_ovpnp5.raw",1,255,0,1,1,1,484.232,1783.453,3190536,3190536,0,3101716,3101716,0,29460,11.597,1771.856,1048576,312380,16e67a7353dae6e79f890e425850455133744587c6b75a65d7761059016b083d
"A0037_bp2gqm.raw",1,255,0,1,1,1,508.043,1783.931,3190324,3190324,0,3101716,3101716,0,29460,11.531,1772.400,1048576,312380,ac82d74300cafb68d790a31f58befb529916e337c5b53fb2c20d9ce587a558ba
"A0038_k8stxs.raw",1,255,0,1,1,1,526.767,1782.951,3190112,3190112,0,3101716,3101716,0,29396,11.605,1771.346,1048576,312380,eb58d18eb4096f2f62598f04b8f35da7f061ea50d3718c42eed869e3f17c688b
"A0039_wtctsw.raw",1,255,0,1,1,1,513.466,1786.101,3189884,3189900,0,3101716,3101716,0,29396,12.424,1773.677,1048576,312380,b644eb3a29c1b23275548daf7d8074396fba6ce56738ed52b12a54bfc15cd545
"A0040_d0jwlk.raw",1,255,0,1,1,1,557.496,1782.771,3189688,3189688,0,3101716,3101716,0,29396,11.649,1771.122,1048576,312380,1e09de5c61ffab96daa04f0d4a49ac75672be057659b397d2a5233edaa651d8f
"A0041_b4hu6s.raw",1,255,0,1,1,1,486.402,1784.572,3189476,3189476,0,3101716,3101716,0,29396,11.668,1772.904,1048576,312380,1721b7718d4512e9b5c4095d5b1b940ef7015e18b382e562a33f1cdd030a0ae2
"A0042_y7f56p.raw",1,255,0,1,1,1,528.017,1784.200,3189264,3189264,0,3101716,3101716,0,29396,11.635,1772.565,1048576,312380,a3fab439ff0a2b50e23034805ed194b46f89961cc02eaa93dcb3860b94a79a07
"A0043_ass1ml.raw",1,255,0,1,1,1,496.664,1782.351,3189052,3189052,0,3101716,3101716,0,29396,11.545,1770.806,1048576,312380,de3e066eb5a804ea5b3ec0e1af6453147ba97f478997220223af79a67f09cb68
"A0044_ljaciu.raw",1,255,0,1,1,1,488.428,1785.240,3180648,3180648,0,3093524,3093524,0,29396,12.511,1772.729,1048576,312380,1dcc97ef35420c2c4f6e3c723e0f1107de1fe5ace9511ba3e35912522d793a73
"A0045_pwe0bx.raw",1,255,0,1,1,1,639.917,1784.217,3180436,3180436,0,3093524,3093524,0,29396,12.180,1772.037,1048576,312380,3e9589577a3890b53c335c52fff654deb32e92a224832a9071702a764988872e
"A0046_pu9lzg.raw",1,255,0,1,1,1,536.917,1783.139,3180224,3180224,0,3093524,3093524,0,29396,11.596,1771.543,1048576,312380,b9f193a0a93cf216ccaf56d6887c1a170dbdbc46d70c816f6f21effb43b6bf20
"A0047_hia2gg.raw",1,255,0,1,1,1,564.523,1782.505,3180012,3180012,0,3093524,3093524,0,29396,11.771,1770.734,1048576,312380,adf54c2a5ce30b90bf7a930cb115343bd2d4cee36140bf0f8760028df6d7d96e
"A0048_e7drlt.raw",1,255,0,1,1,1,555.651,1784.612,3179800,3179800,0,3093524,3093524,0,29396,11.680,1772.932,1048576,312380,948f9642a6fa2aa0dd127916616238226f7a8422a602a8db0a5e0e3d114ef844
"A0049_z6tiwc.raw",1,255,0,1,1,1,506.943,1782.422,3179588,3179588,0,3093524,3093524,0,29396,12.031,1770.391,1048576,312380,7c15ec5e62f4992f12e4a258cbe37dc0e9e84641723eae1e17be7a75ab16ff3c
"A0050_bhp1zt.raw",1,255,0,1,1,1,499.427,1785.766,3179376,3179396,0,3093524,3093524,0,29396,11.654,1774.112,1048576,312380,d8131609b9c593fa45102e197b2e03fe0ca784a5cc9e9e25028ce8c3c5587a3a
"A0051_hrjzui.raw",1,255,0,1,1,1,522.917,1785.650,3179060,3179184,0,3093524,3093524,0,29396,13.493,1772.157,1048576,312380,e66e62278fac8d670942e21000982e34a2364a6ebfe9b2ca07dbf3edbde955fb
"A0052_nn7lwr.raw",1,255,0,1,1,1,498.058,1784.653,3178972,3179184,0,3093524,3093524,0,29396,11.646,1773.007,1048576,312380,9398deafb1bcf6a2479506a10275b1680b198f73dae7994bd7f997d0ef1b5c69
"A0053_fyyelc.raw",1,255,0,1,1,1,551.372,1784.957,3178972,3179184,0,3093524,3093524,0,29396,12.687,1772.270,1048576,312380,cd52b68129fadad33a925074e9fdf9e8ed7997c6c83338758d786613f914d9be
"A0054_n4fxj6.raw",1,255,0,1,1,1,484.366,1784.499,3178972,3179184,0,3093524,3093524,0,29396,11.815,1772.684,1048576,312380,ff73455952403ef432c399c3b91c66e5193606d382509bf18ea8227cf8a0bded
"A0055_ewya0t.raw",1,255,0,1,1,1,520.087,1783.885,3178972,3179184,0,3093524,3093524,0,29396,11.645,1772.240,1048576,312380,5e2e8f5d9abd24680942a674f9d9332a758686e551e832e2b7936c35aa0cbc7a
"A0056_a0acwa.raw",1,255,0,1,1,1,526.525,1782.702,3178972,3179184,0,3093524,3093524,0,29396,11.598,1771.104,1048576,312380,a186099cba96eae2a738b191c4e2ffd748cb0ec1bf185850223c4982b262de05
"A0057_yusm7j.raw",1,255,0,1,1,1,578.156,1784.091,3178972,3179184,0,3093524,3093524,0,29396,11.652,1772.439,1048576,312380,ac171377f077976d826fbd9f0aefb425e6949abc51be1cbfbeaddbf1184601fb
"A0058_xkdviy.raw",1,255,0,1,1,1,507.582,1783.026,3178972,3179184,0,3093524,3093524,0,29396,11.590,1771.436,1048576,312380,e21b3c0c7a6418ef3ff6d1f57c2ae5a68f3e1b00ba61b798dfc1f174021799d0
"A0059_p22lmg.raw",1,255,0,1,1,1,516.578,1782.349,3178972,3179184,0,3093524,3093524,0,29396,11.601,1770.748,1048576,312380,8e3c1589ab63e705ff07b2407a5bf184412942b38cf2ac69487eabb4dad6142a
"A0060_dancqa.raw",1,255,0,1,1,1,528.466,1783.485,3178972,3179184,0,3093524,3093524,0,29396,11.618,1771.867,1048576,312380,ca6243f15ede5d1588fe46e8868a5b9e83115fba78efc480709d54008313d7a0
"A0061_jnzho0.raw",1,255,0,1,1,1,542.017,1782.196,3178972,3179184,0,3093524,3093524,0,29396,11.772,1770.424,1048576,312380,9a17a982edfdfe0053cb1682bd6782be279b27c71de5984e7db77728fb19b016
"A0062_wslntj.raw",1,255,0,1,1,1,528.309,1782.260,3178972,3179184,0,3093524,3093524,0,29396,11.650,1770.610,1048576,312380,80506903535f3529e47c5ce6035b3c935408f093966c96a91b106c9d4165be8d
"A0063_fw20ng.raw",1,255,0,1,1,1,508.076,1784.358,3178972,3179184,0,3093524,3093524,0,29396,12.000,1772.358,1048576,312380,96e82f02d1a00152e4514e8e3c94700c877ac489335dbefad9389890777801af
"A0064_u235d3.raw",1,255,0,1,1,1,506.158,1785.056,3178972,3179184,0,3093524,3093524,0,29396,11.827,1773.229,1048576,312380,0b777ff3cad2fa76760523e60ec927c0cfebd9ca626704bc6f1b178f5a57b3fd
"A0065_k5sww8.raw",1,255,0,1,1,1,493.631,1782.905,3178972,3179168,0,3093524,3093524,0,29396,11.617,1771.288,1048576,312380,2dabf9059ed784ae2e03b6dd09b342645846ea527dc78df75f024dc66c543f41
"A0066_eblayi.raw",1,255,0,1,1,1,527.065,1782.429,3178972,3179184,0,3093524,3093524,0,29396,11.734,1770.695,1048576,312380,b00ac8c03eb9e7bbb19e59d2c8e28d4b67b883e7227ce08887d45960fd78a6f3
"A0067_qvzekt.raw",1,255,0,1,1,1,517.712,1782.544,3178972,3179184,0,3093524,3093524,0,29396,11.659,1770.885,1048576,312380,f3ffad2e511bf7f09419bb3c9f4cb967fb049981b424257ae5f13ef82d0def71
"A0068_jnyp3t.raw",1,255,0,1,1,1,492.990,1785.380,3178972,3179184,0,3093524,3093524,0,29396,12.570,1772.810,1048576,312380,bc620e5289d8d2eec6aefb3c8f60bb426dda47c821e91acaa7e4e38fbd44e03d
"A0069_el3q49.raw",1,255,0,1,1,1,486.754,1782.657,3178972,3179184,0,3093524,3093524,0,29396,11.597,1771.060,1048576,312380,30abd3b76ec6c3dc079656e92bdc48b69f017d536c51efc520201aa8e850b529
"A0070_e7a48y.raw",1,255,0,1,1,1,537.897,1784.533,3178972,3179184,0,3093524,3093524,0,29396,11.694,1772.839,1048576,312380,5c29b2ec135d6c5ad55b1edbd4688678ebebd3e2025810fb344816cd5b24940f
"A0071_rabdpq.raw",1,255,0,1,1,1,519.842,1782.927,3178972,3179184,0,3093524,3093524,0,29396,11.631,1771.296,1048576,312380,d613d08ca4e19e726a624ef2c66c1f6188971468b1c37d8f4b0f423813714b68
"A0072_jzmgzt.raw",1,255,0,1,1,1,499.769,1782.821,3178972,3179184,0,3093524,3093524,0,29396,11.631,1771.190,1048576,312380,33661de8aa2df1d01b3ca7e2330573c8c4bf0c2ef907ff1e22f00f3730eaffb3
"A0073_aaom1j.raw",1,255,0,1,1,1,517.454,1784.720,3178972,3179184,0,3093524,3093524,0,29396,12.252,1772.468,1048576,312380,699bf1443dc0f2166f93c5155386897080ac505d6456d856948c85f119ea04e3
"A0074_z2njia.raw",1,255,0,1,1,1,484.931,1783.034,3178972,3179168,0,3093524,3093524,0,29396,11.623,1771.411,1048576,312380,126a2948729b5ba7cf4c3529ab53b12cf9ae500d1ae7812a294fa0241f3333c1
"A0075_thixnn.raw",1,255,0,1,1,1,490.033,1782.705,3178972,3179184,0,3093524,3093524,0,29396,11.827,1770.878,1048576,312380,958d12140bce93f7087d48fd6cbe70e2a9c7f29dd5eecdf4921a72feacda4e56
"A0076_uepirg.raw",1,255,0,1,1,1,537.963,1785.513,3178972,3179184,0,3093524,3093524,0,29396,11.932,1773.581,1048576,312380,162982eaa94857c4fb6137e3120d5bcb82df91dbe6254975bd09ba2de0e434b5
"A0077_yzpefp.raw",1,255,0,1,1,1,519.478,1782.421,3178972,3179184,0,3093524,3093524,0,29396,11.685,1770.736,1048576,312380,eb44d58f6e958fa746535ee95ac924197c0dd2aa9cb9188addd13481276ce19d
"A0078_j4xkdw.raw",1,255,0,1,1,1,613.066,1784.612,3178972,3179184,0,3093524,3093524,0,29396,11.898,1772.714,1048576,312380,0f1e57851aaceb6c8722cda7f78c110e94f1d3014e498ce3f677721d141d37c2
"A0079_fpq2a0.raw",1,255,0,1,1,1,526.425,1784.804,3178972,3179184,0,3093524,3093524,0,29396,11.574,1773.230,1048576,312380,dbe0c26b8e514a8f2379c483f6b5d0221efa84bfa03b7440eb4911d5e6986cb4
"A0080_ty7pql.raw",1,255,0,1,1,1,500.873,1783.957,3178972,3179184,0,3093524,3093524,0,29396,11.569,1772.388,1048576,312380,2e404afe3b3dffa1ce477071895526f9a47a6ebb22e09efbc4271b4457ac27aa
"A0081_lay34z.raw",1,255,0,1,1,1,511.368,1782.735,3178972,3179184,0,3093524,3093524,0,29396,11.600,1771.135,1048576,312380,e2a5f60a9e63b0ae27ee8a1b6339c05905be1dbcd067e04a1c6c8239c1aab99a
"A0082_mrkhe4.raw",1,255,0,1,1,1,504.990,1785.315,3178856,3179184,0,3093524,3093524,0,29396,13.111,1772.204,1048576,312380,b98cc0e9149ab150ffe744152560b0a374491fa28945fe21681dbe7bdb0f72ed
"A0083_dni2q2.raw",1,255,0,1,1,1,479.909,1783.071,3178972,3179184,0,3093524,3093524,0,29396,11.643,1771.428,1048576,312380,37aacf6fed1260869a1d0dad4287ca25eea0b29652bc21baec36e9134193a3b8
"A0084_alnglc.raw",1,255,0,1,1,1,520.704,1782.447,3178972,3179184,0,3093524,3093524,0,29396,11.658,1770.789,1048576,312380,9b292d11ffb544176e2d0980aa85a48dec4755556c01156553d4f89ffba2f7eb
"A0085_oateqz.raw",1,255,0,1,1,1,536.291,1782.558,3178972,3179184,0,3093524,3093524,0,29396,11.839,1770.719,1048576,312380,f4899ca45e53ef6a9487451cde71a5add148fecf5497fb0e425a1134234f76f7
"A0086_pahizi.raw",1,255,0,1,1,1,525.386,1782.726,3178972,3179184,0,3093524,3093524,0,29396,11.617,1771.109,1048576,312380,74fbee029a4085199c013aa565cfaa5939cb8988ad0b16ea91cf8d48fc2d9561
"A0087_yukxlc.raw",1,255,0,1,1,1,493.163,1784.916,3162588,3162800,0,3077140,3077140,0,29396,12.405,1772.511,1048576,312380,035e18156c25e4f9591d5a4cad971c9600406477e03d566cb6bb96072a4f464b
"A0088_pdgosv.raw",1,255,0,1,1,1,508.946,1785.946,3162588,3162800,0,3077140,3077140,0,29396,11.768,1774.178,1048576,312380,01b9da6ff344c13a83bf48bd9ae81992dd70cda1d597262508edc8b713e59200
"A0089_eds2md.raw",1,255,0,1,1,1,629.097,1784.364,3162588,3162800,0,3077140,3077140,0,29396,11.725,1772.639,1048576,312380,d4cb33aee694e63da2f32d5a45365509e05ea257c3f65f87f06246a1b6c50924
"A0090_szdiau.raw",1,255,0,1,1,1,544.863,1785.478,3162588,3162800,0,3077140,3077140,0,29396,12.715,1772.763,1048576,312380,a49a2a94aca0afec972897a6689b6a26fb5a814155b20992f3617f306bbad97a
"A0091_x0ti6u.raw",1,255,0,1,1,1,508.469,1784.532,3162588,3162800,0,3077140,3077140,0,29396,11.739,1772.793,1048576,312380,b9d68048b38080acac78560960c0575d33b3da646b27963e975194ebcb88e9b2
"A0092_u4sqxd.raw",1,255,0,1,1,1,507.291,1782.115,3162588,3162800,0,3077140,3077140,0,29396,11.548,1770.567,1048576,312380,8b603157c8b340443aa0569134fc27b88e2c818bc01d7d6355149836facb27ac
"A0093_at2jv8.raw",1,255,0,1,1,1,484.635,1785.077,3162588,3162800,0,3077140,3077140,0,29396,12.403,1772.674,1048576,312380,b102ee8a6eb7f085e4e5c9ffa09f0988ae4f588508d83b279f02a5e4c68b8f81
"A0094_zfb8nu.raw",1,255,0,1,1,1,543.735,1783.779,3162472,3162800,0,3077140,3077140,0,29396,12.902,1770.877,1048576,312380,d24b042157ac248690638ab2b7c90a0ce6b73de14e1a6427707da26f56dfda30
"A0095_jkkj9n.raw",1,255,0,1,1,1,515.219,1785.041,3162588,3162800,0,3077140,3077140,0,29396,12.673,1772.368,1048576,312380,b0fa33bbcbe53f53f098cca5255b15164f9de4bd4f9f6b25b1bd8fc3b3a32cf7
"A0096_lxnofi.raw",1,255,0,1,1,1,488.632,1783.665,3162588,3162784,0,3077140,3077140,0,29396,11.666,1771.999,1048576,312380,393941566994fbb615a6b3001875902564ea46263c2b193a20f1be895ba6f388
"A0097_ntrg1i.raw",1,255,0,1,1,1,479.357,1785.490,3162472,3162800,0,3077140,3077140,0,29396,13.245,1772.245,1048576,312380,dfe3b7520960ff038d81b865dafcc263547fcd550824c47f92aa67c008c4f06a
"A0098_rt7au4.raw",1,255,0,1,1,1,529.026,1785.429,3162472,3162800,0,3077140,3077140,0,29396,13.140,1772.289,1048576,312380,a71fcf7e96dd8615a68d9a02cbfc2f2f994f6e7bab16d2059ebac000f463a818
"A0099_wwf9mo.raw",1,255,0,1,1,1,478.863,1783.879,3162588,3162800,0,3077140,3077140,0,29396,11.697,1772.182,1048576,312380,084e80522651887a3ce74daaa2fb24553098a3788665eb0ea3fa9295415582a5
"A0100_oi2b8q.raw",1,255,0,1,1,1,663.348,1784.535,3162588,3162800,0,3077140,3077140,0,29364,11.615,1772.920,1048576,312380,66e5763cc9827f81c2228ba1b86b2e3bb00c9329fc409daf57e185360dffab99
"A0101_auofjv.raw",1,255,0,1,1,1,633.605,1786.207,3162588,3162800,0,3077140,3077140,0,29364,11.746,1774.461,1048576,312380,a5c52d80de5ff9a7b09758fe56b80daf0bd86c5e284935fab612b33157be2560
"A0102_idx02p.raw",1,255,0,1,1,1,501.347,1783.501,3162588,3162800,0,3077140,3077140,0,29364,11.601,1771.900,1048576,312380,96d528238e42754254ad9aa247ca43c76cd72fcbf819a6b7bf634235104511aa
"A0103_t0glqy.raw",1,255,0,1,1,1,510.154,1782.695,3162588,3162800,0,3077140,3077140,0,29364,11.757,1770.938,1048576,312380,a3877cdc39a07a27bce6a324f5ff0de945836be9115d5a9b09ace00f49cb39a6
"A0104_j7srio.raw",1,255,0,1,1,1,537.877,1782.628,3162588,3162800,0,3077140,3077140,0,29364,11.585,1771.043,1048576,312380,1159e4237e47f9056bf304618fdd87aa6e03465c5f17a511294f2b63c86ed4f6
"A0105_fzuugw.raw",1,255,0,1,1,1,504.584,1784.267,3162472,3162800,0,3077140,3077140,0,29364,13.187,1771.080,1048576,312380,3a50d1c0db8738e90322d3035911b7a2ce3c9ade0688d259713519122203f00c
"A0106_qphfdn.raw",1,255,0,1,1,1,510.662,1785.171,3162588,3162800,0,3077140,3077140,0,29364,11.964,1773.207,1048576,312380,505e620959aec8e220653c44a295aeb01250fd54d25d1a6a6f25233adc87dbbc
"A0107_wadfu2.raw",1,255,0,1,1,1,496.317,1783.984,3162588,3162800,0,3077140,3077140,0,29364,11.707,1772.277,1048576,312380,0f3eb7c6e277d1bdd4c6f6866ac8a9e86202634156290005f9c6a8a8a8440219
"A0108_jkpzov.raw",1,255,0,1,1,1,518.048,1782.198,3162588,3162800,0,3077140,3077140,0,29364,11.620,1770.578,1048576,312380,26e96fbcf6e121729146c79c912e871a0191ffab5ed4b89ebeb1907d8586e398
"A0109_chn51b.raw",1,255,0,1,1,1,493.083,1783.470,3162588,3162800,0,3077140,3077140,0,29364,12.299,1771.171,1048576,312380,da3652206040f19de7172920e465694695ad168f9281b8b80ca1091d7b6d6767
"A0110_uxtbiv.raw",1,255,0,1,1,1,504.647,1784.345,3162588,3162800,0,3077140,3077140,0,29364,11.620,1772.725,1048576,312380,3a4f81d05ce67578432ef1809d27747494f1a9623ec825167010ed439b3fcc7c
"A0111_u7etpv.raw",1,255,0,1,1,1,498.898,1782.449,3162588,3162800,0,3077140,3077140,0,29364,11.663,1770.786,1048576,312380,9f2dcbfe8b8c37e6c3474db1a68142448b20b08218ee47b10390e835e3c9e543
"A0112_conneq.raw",1,255,0,1,1,1,532.767,1782.613,3162588,3162800,0,3077140,3077140,0,29364,11.742,1770.871,1048576,312380,5b56780622d677c51029b43618e76020a6c507b54355b224d85ebbfec08e40f5
"A0113_axcwln.raw",1,255,0,1,1,1,518.178,1782.712,3162588,3162800,0,3077140,3077140,0,29364,11.598,1771.114,1048576,312380,c2a2e6afc5f19d5c15058d435d6c1260e8c7ba5cf9866abff2390f6575ed28c4
"A0114_epzka5.raw",1,255,0,1,1,1,508.786,1784.864,3162588,3162800,0,3077140,3077140,0,29364,11.657,1773.207,1048576,312380,63ac532d652510d5091be9eda18607cb6f80aed2177e9b3714ef3c334ced4bf7
"A0115_uxm5qb.raw",1,255,0,1,1,1,483.652,1786.087,3162588,3162800,0,3077140,3077140,0,29364,11.763,1774.324,1048576,312380,f3c5c57862612c390e815678bfd89909efcaf50629977946243f3c4a8adbab3d
"A0116_doy9hj.raw",1,255,0,1,1,1,510.848,1784.082,3162588,3162800,0,3077140,3077140,0,29364,11.697,1772.385,1048576,312380,de7afcf1bfda2ade6806eab17f683a06834aadcd8e581a3b138a511044810d63
"A0117_pu5hmu.raw",1,255,0,1,1,1,484.402,1786.598,3162588,3162800,0,3077140,3077140,0,29364,12.599,1773.999,1048576,312380,e24e5002f3ddd80a3ae3f69c1ad3a7c6f162713ba7c4bcfbbbb0eabea2314430
"A0118_a7dv0n.raw",1,255,0,1,1,1,508.328,1784.646,3162588,3162800,0,3077140,3077140,0,29364,11.680,1772.966,1048576,312380,747bb0dc8032352f889034ad4b51afa1fc048aef6cf75457846e0d60ae58b081
"A0119_oedla2.raw",1,255,0,1,1,1,506.893,1785.339,3162588,3162800,0,3077140,3077140,0,29364,12.101,1773.238,1048576,312380,23b75a8dc0bd58b225352e7460b053a2b4a3283547c48cabfdf30b083769b71e
"A0120_epjujj.raw",1,255,0,1,1,1,514.772,1783.785,3162588,3162800,0,3077140,3077140,0,29364,11.833,1771.952,1048576,312380,e8949a1b79cc72dcb9feb861e00181e1c714a4729bbe4c58a22e87fb060e7ce9
"A0121_g3jyy8.raw",1,255,0,1,1,1,494.073,1786.797,3162472,3162800,0,3077140,3077140,0,29364,13.105,1773.692,1048576,312380,091938d937445903f18cd0f8b9f986b0d41a6c35f2cf4f2a4c5ff93a9074779f
"A0122_pmx2yd.raw",1,255,0,1,1,1,536.495,1784.270,3162588,3162800,0,3077140,3077140,0,29364,11.608,1772.662,1048576,312380,69cbadbcd1fc7199606f3f1f3379eb03cc145b171526874fc930e586e5c4b977
"A0123_xfgb6h.raw",1,255,0,1,1,1,522.645,1786.609,3162472,3162800,0,3077140,3077140,0,29364,14.083,1772.526,1048576,312380,1f45299bfa01b4826ca73166b492afe91ac45d493c9cc9fa9814fa90839d4859
"A0124_edx00r.raw",1,255,0,1,1,1,511.966,1784.655,3162588,3162800,0,3077140,3077140,0,29364,12.140,1772.515,1048576,312380,3abd90dd40c9d0ba62ae86dcd3108b973a51a908966a4b0b98e5196f1f3bc574
"A0125_nk5v0r.raw",1,255,0,1,1,1,506.339,1785.997,3162588,3162800,0,3077140,3077140,0,29364,11.669,1774.328,1048576,312380,0d40d493df92ab9a485146a11e4650795db73573b7991d943a4bf364c5d0bb77
"A0126_xrfib4.raw",1,255,0,1,1,1,504.249,1784.629,3162588,3162800,0,3077140,3077140,0,29364,11.578,1773.051,1048576,312380,ebdd4582324e28473eacdd6fc198b66b1e364df02faf2ab13b97e6cea1888edb
"A0127_yjaolz.raw",1,255,0,1,1,1,533.952,1784.396,3162588,3162800,0,3077140,3077140,0,29364,11.651,1772.745,1048576,312380,3f108eda467206b3206d049eab24f91a8bfde129f0056b84a009e7e92dd6976f
"A0128_z5lkxc.raw",1,255,0,1,1,1,520.194,1782.649,3162588,3162800,0,3077140,3077140,0,29364,11.596,1771.053,1048576,312380,244696aeac387f99b9dd4fe1cc0c5d8a600533c373196ecebb355fb55a18ce42
"A0129_n862po.raw",1,255,0,1,1,1,536.829,1782.697,3162588,3162800,0,3077140,3077140,0,29364,11.598,1771.099,1048576,312380,a164535692e8a131987c7f51f7fbfb6b01508603ccfe369e071f8bfc3239f57b
"A0130_neigqw.raw",1,255,0,1,1,1,517.867,1782.627,3162588,3162800,0,3077140,3077140,0,29364,11.583,1771.044,1048576,312380,f22b8492c5fc635169d4b7a6b5702521824630837235425ed95dbb7c29a24738
"A0131_za9qd1.raw",1,255,0,1,1,1,497.773,1786.009,3162588,3162800,0,3077140,3077140,0,29364,12.012,1773.997,1048576,312380,512d4d9a15d370ed51444844709fecd629b7170ef479ab7462ed909e1a13b634
"A0132_eounyo.raw",1,255,0,1,1,1,507.014,1785.989,3162588,3162800,0,3077140,3077140,0,29364,11.657,1774.332,1048576,312380,a9fbba2fef9f9280f3351851abcf60fc0e9ee58325591a228e17619356989b56
"A0133_ymmvtg.raw",1,255,0,1,1,1,512.437,1782.790,3162588,3162800,0,3077140,3077140,0,29364,11.582,1771.208,1048576,312380,28dcead306ca05f3e5562a23e2ba1d7d0765cfeb740a4f6258a2c35eda5be7e3
"A0134_mjqqoe.raw",1,255,0,1,1,1,483.116,1784.954,3162588,3162800,0,3077140,3077140,0,29364,12.364,1772.590,1048576,312380,45df5a64ddc47115d28e856e2ba24fbbc00e9aeeb51defdc764d105434aead3e
"A0135_enzni9.raw",1,255,0,1,1,1,489.708,1784.237,3162608,3162820,0,3077140,3077140,0,29364,11.714,1772.523,1048576,312380,7fd70b54a078bafb95f64faabb75e6df0b55d75207e3d897c73da115a3d6c08d
"A0136_ml45ow.raw",1,255,0,1,1,1,534.506,1784.762,3162588,3162800,0,3077140,3077140,0,29364,11.707,1773.055,1048576,312380,9a90c9aa156e6a67ae21798e4ca18b0b23dd2bf5e5183a04e940459511da91b6
"A0137_qdzoid.raw",1,255,0,1,1,1,546.153,1785.506,3162588,3162800,0,3077140,3077140,0,29364,11.690,1773.816,1048576,312380,5c33ea71b038d294b53a7fe36ce4d5cb970faf447e3505e611427e61f02b30c1
"A0138_lrkwgg.raw",1,255,0,1,1,1,524.928,1784.899,3162588,3162800,0,3077140,3077140,0,29364,12.066,1772.833,1048576,312380,1a36cd243f2f500e3260abc2826fadfec5ea3cf710d86b0b118e489e10e42524
"A0139_c7zcva.raw",1,255,0,1,1,1,650.422,1789.922,3162588,3162800,0,3077140,3077140,0,29364,12.107,1777.815,1048576,312380,6f690bac6caae154757483e505171bc233f173fc2a844905f0b4285e27334a2c
"A0140_hmgnyz.raw",1,255,0,1,1,1,497.958,1788.188,3162588,3162800,0,3077140,3077140,0,29364,11.740,1776.448,1048576,312380,98e664af4d29de351327f03c2f3c56d857c74198d6ad3d39d91fd90b40c9a33b
"A0141_zb8g2z.raw",1,255,0,1,1,1,508.335,1786.867,3162588,3162800,0,3077140,3077140,0,29364,11.598,1775.269,1048576,312380,4fb03891600b069ba602ef8b94cf1909375082412efcf8e676f3d6ed93e8488e
"A0142_quqwbe.raw",1,255,0,1,1,1,548.304,1786.664,3162588,3162820,0,3077140,3077140,0,29364,11.663,1775.001,1048576,312380,cd5909fcd96cb512e15bfd030715723c8d14ac8fde9957d0ebe681797b50c59f
"A0143_scl1ia.raw",1,255,0,1,1,1,549.350,1785.705,3162588,3162788,0,3077140,3077140,0,29364,11.946,1773.759,1048576,312380,bbcec6ea40fc1fb615632e4b45043c9f7ca84ca4f4985a2ac7b693d41f677b6e
"A0144_seuevk.raw",1,255,0,1,1,1,495.759,1784.642,3162576,3162800,0,3077140,3077140,0,29364,11.725,1772.917,1048576,312380,338a9ace34e297f44efc1da176f78a46c741dc96309c83779b5219c5a5aa8dde
"A0145_aj799g.raw",1,255,0,1,1,1,519.116,1782.940,3162588,3162800,0,3077140,3077140,0,29364,11.594,1771.346,1048576,312380,42a4fc26567b46892a60ec052d0208bcbdcb4d9181445e03384697998c8cb4be
"A0146_pdyurx.raw",1,255,0,1,1,1,523.225,1782.772,3162588,3162800,0,3077140,3077140,0,29364,11.579,1771.193,1048576,312380,e9364a804564e92d64277095c9d781a57d6875684783325c5400127d391d0f85
"A0147_ryewk1.raw",1,255,0,1,1,1,542.511,1784.168,3162588,3162800,0,3077140,3077140,0,29364,11.658,1772.510,1048576,312380,186c8510884c8d7aecf8403764d5e15fb606025938d938fd312e64499f3d7525
"A0148_ofubry.raw",1,255,0,1,1,1,498.095,1784.767,3162588,3162800,0,3077140,3077140,0,29364,11.688,1773.079,1048576,312380,9a70340960cf642fd3a2b3f15af4b1b198dcf1dfcb7570d300603fae51eaaa79
"A0149_web0fw.raw",1,255,0,1,1,1,486.394,1785.855,3162588,3162820,0,3077140,3077140,0,29364,11.619,1774.236,1048576,312380,a307e983fb032cfaf224c5107e9f93c6fbf2decbe151db6e5bc4f839d97e170f
"A0150_wse9nd.raw",1,255,0,1,1,1,503.646,1784.317,3162588,3162800,0,3077140,3077140,0,29364,11.694,1772.623,1048576,312380,96858ca1b9262684abe57f3efb9434d8c09bc55b4016a4c3ca6b2b9510a5b065
"A0151_d8j5q5.raw",1,255,0,1,1,1,488.149,1786.586,3162588,3162800,0,3077140,3077140,0,29364,12.356,1774.230,1048576,312380,60665ee4e4e7f3c22ad3f9283f36f12de21c5a4844512af87a1afd0bea7f9ca7
"A0152_pkc90o.raw",1,255,0,1,1,1,518.311,1785.442,3162588,3162800,0,3077140,3077140,0,29364,11.878,1773.564,1048576,312380,2f7eda4365a603301b390a95cbce5771dfc1cdd28f20682f89ad4d55a32c0cbc
"A0153_ypv0ko.raw",1,255,0,1,1,1,518.354,1786.351,3162588,3162800,0,3077140,3077140,0,29364,11.669,1774.682,1048576,312380,27f61dd47af8b81408a36d3fdf6450a9160024c80653aefaa06aba200c011170
"A0154_rqnhhr.raw",1,255,0,1,1,1,610.752,1784.765,3162588,3162800,0,3077140,3077140,0,29364,11.615,1773.150,1048576,312380,ca2b7736859f45b0d939188877406799325d0638c73691fb8f525dbef4cafa07
"A0155_jpj4jd.raw",1,255,0,1,1,1,529.632,1783.942,3162588,3162800,0,3077140,3077140,0,29364,11.598,1772.344,1048576,312380,c0b80b2c244406b5dba5492426e52413bc03fadb62ec013a225ad5c9e524a207
"A0156_jyhznq.raw",1,255,0,1,1,1,487.904,1785.357,3162472,3162820,0,3077140,3077140,0,29364,13.153,1772.204,1048576,312380,ad01f9fd604fd85ecd35b4c7ab437bdfd39482db67938c12a4ef969fbb183790
"A0157_wdpbft.raw",1,255,0,1,1,1,527.365,1784.368,3162588,3162800,0,3077140,3077140,0,29364,11.642,1772.726,1048576,312380,f3f18613a6d78b06bc40c650436fe87175e645bfcc9e91c1d03b2ff6da363093
"A0158_piwgzx.raw",1,255,0,1,1,1,523.827,1784.648,3162588,3162800,0,3077140,3077140,0,29364,12.080,1772.568,1048576,312380,6efc21e3785d95967db25c06d4f469109d113ca1fc485a8171a93d7ce6120525
"A0159_k0mdgr.raw",1,255,0,1,1,1,498.889,1785.260,3162588,3162800,0,3077140,3077140,0,29364,11.642,1773.618,1048576,312380,397efa60b8e695df59c1e8d4d196c8f56cc3f646b58dfd111890d35c3f807953
"A0160_h2xppl.raw",1,255,0,1,1,1,500.539,1783.228,3162588,3162800,0,3077140,3077140,0,29364,11.695,1771.533,1048576,312380,a734760833edc92ebb2cfd763ee3712173fc9e52392615ca82f9d9d97b947aef
"A0161_hu558c.raw",1,255,0,1,1,1,521.681,1783.531,3162588,3162800,0,3077140,3077140,0,29364,11.578,1771.953,1048576,312380,932a03fb59a23dfa11836e2e99c7403610a7ce03b26591acf83caf40d4fe4295
"A0162_wszbpa.raw",1,255,0,1,1,1,537.799,1784.083,3162588,3162800,0,3077140,3077140,0,29364,11.538,1772.545,1048576,312380,5f32470115e7078e4f07becb8a76697fb9060c203d1f56ae514ac7d64a78a229
"A0163_qujlmb.raw",1,255,0,1,1,1,493.855,1784.610,3160720,3162820,0,3077140,3077140,0,29364,13.045,1771.565,1048576,312380,1e7d223c5b9f4522e5ca7618ee9032b22b6d9f77bb814a584762c53c42aeb8ff
"A0164_ufwztd.raw",1,255,0,1,1,1,729.233,1786.189,3162508,3162720,0,3077140,3077140,0,29364,12.466,1773.723,1048576,312380,20a9a80c96d207f4876b7159043d02f32a8bbf521cc3f4ee1ca87b2c6610134b
"A0165_mlk6uo.raw",1,255,0,1,1,1,507.867,1785.286,3162508,3162720,0,3077140,3077140,0,29364,11.610,1773.676,1048576,312380,018bdc7322b2de870d6e92cc8c748821b016ea4828935eeed7bb3be027ab79fc
"A0166_btzmek.raw",1,255,0,1,1,1,528.784,1785.447,3162508,3162720,0,3077140,3077140,0,29364,11.692,1773.755,1048576,312380,3507fbd1560bc0bbcdf132d094aff5946cc2a8075129b5941ee05d27e611ff84
"A0167_lylbhn.raw",1,255,0,1,1,1,525.159,1785.887,3162508,3162720,0,3077140,3077140,0,29364,11.563,1774.324,1048576,312380,e2664c4640313d8ce4fe96a75516fd6f54e82f92b2fba18ce623d751ae87dca8
"A0168_kkus6d.raw",1,255,0,1,1,1,494.623,1783.175,3162508,3162720,0,3077140,3077140,0,29364,11.635,1771.540,1048576,312380,b978bcd3851093c4d6f2fcc981c1bd6c30ea92253d01cbafd8f06374e8f13f66
"A0169_ozaahc.raw",1,255,0,1,1,1,517.403,1783.032,3162508,3162720,0,3077140,3077140,0,29364,11.558,1771.474,1048576,312380,65021268a2acd5a5fbcace7203894823cef3195d39e94d0208438052a35536b1
"A0170_ncl2k4.raw",1,255,0,1,1,1,547.736,1783.911,3162508,3162740,0,3077140,3077140,0,29364,11.597,1772.314,1048576,312380,87664a4e520f7a98c8d02073c0c99cd19021b8430f056ea942224ed872e1242b
"A0171_gdk0wj.raw",1,255,0,1,1,1,497.802,1786.244,3162392,3162720,0,3077140,3077140,0,29364,13.228,1773.016,1048576,312380,bc9357c586cacc268ebc5c418f8787b84636b34e6af114b2d11eaed61d211ecb
"A0172_fh9j69.raw",1,255,0,1,1,1,523.500,1786.347,3162508,3162720,0,3077140,3077140,0,29364,12.557,1773.790,1048576,312380,a8e03cc0f9432b30b4ffc7daa351c67123fa53f05b0e7925aa8bc2a2a2edef10
"A0173_fdiofg.raw",1,255,0,1,1,1,513.716,1785.611,3162508,3162720,0,3077140,3077140,0,29364,11.863,1773.748,1048576,312380,5d2cd6a2f45d55b1e50a3d0245d9e7760776e9515db00ca6aa7910cd6c9f10da
"A0174_qhr2xh.raw",1,255,0,1,1,1,540.056,1785.907,3129740,3129952,0,3044372,3044372,0,29364,12.878,1773.029,1048576,312380,a76d2a8d571f7c05767895460db0bf3b6a28d46f8fbed94edbf2fe900b2836e9
"A0175_atyzgx.raw",1,255,0,1,1,1,517.501,1785.628,3129740,3129952,0,3044372,3044372,0,29364,12.015,1773.613,1048576,312380,c41352f80e0d4bbf1692389afb893d327a0427a0b647794841096022b5289d29
"A0176_t9el8k.raw",1,255,0,1,1,1,530.123,1786.266,3129740,3129952,0,3044372,3044372,0,29364,11.958,1774.308,1048576,312380,197f93c6b8543043e507d301a96252e3756b8085dd487b5e7871f295cb2e5086
"A0177_zjv7ht.raw",1,255,0,1,1,1,600.061,1784.573,3129740,3129956,0,3044372,3044372,0,29364,11.706,1772.867,1048576,312380,611df8fdb5d8cd746daa4259976fc8c391079b851aa4c7114607fd54ed337cc0
"A0178_ztki3l.raw",1,255,0,1,1,1,486.028,1785.852,3129740,3129952,0,3044372,3044372,0,29364,11.689,1774.163,1048576,312380,0b0f9c0cbe582ccd914da0a78cf86540a58421c9cbdbfab14e8a477d0abfd8ec
"A0179_zbcidy.raw",1,255,0,1,1,1,508.293,1786.475,3129740,3129952,0,3044372,3044372,0,29364,11.908,1774.567,1048576,312380,cad21aaf0a0d25811eb1566708801fa49bbbc970c94fd34e58281ab9b53ace96
"A0180_iydqnn.raw",1,255,0,1,1,1,479.285,1783.387,3129740,3129952,0,3044372,3044372,0,29364,11.555,1771.832,1048576,312380,de446e9b6067c77c53cad3e672035b002586b61b975d0fff920d059484bfeb08
"A0181_iu3rku.raw",1,255,0,1,1,1,507.327,1784.351,3129740,3129952,0,3044372,3044372,0,29364,11.569,1772.782,1048576,312380,2261e0e665566a22ae402f92bfb387a79027a51cf2e54f918ca0b7f3973da90c
"A0182_ugicji.raw",1,255,0,1,1,1,558.206,1783.619,3129740,3129952,0,3044372,3044372,0,29364,11.778,1771.841,1048576,312380,9374459142de9f563fd168efe1bb585e1046bb5e8fd01e83fb5870442d577d09
"A0183_dfukym.raw",1,255,0,1,1,1,501.667,1783.820,3129740,3129952,0,3044372,3044372,0,29364,11.998,1771.822,1048576,312380,534496e1754d37617e1c9196a941615017639bc9277e508ed0bce2ea8adf246a
"A0184_rd2y4r.raw",1,255,0,1,1,1,522.551,1786.758,3129624,3129972,0,3044372,3044372,0,29364,14.035,1772.723,1048576,312380,31ec8b4399d5fe653bda7cf4c848a56ebeeeeddfa62e99ca3d0c730a5b28a852
"A0185_qtqkkp.raw",1,255,0,1,1,1,532.752,1784.154,3129740,3129952,0,3044372,3044372,0,29364,11.562,1772.592,1048576,312380,e5965c002887a04b5c5d6721ed1102a721db32a8bb8ab13421e9b87adfa84790
"A0188_bdgn9q.raw",1,255,0,1,1,1,571.978,1782.613,3129740,3129952,0,3044372,3044372,0,29364,11.590,1771.023,1048576,312380,f4ed287144b952b9324aba7ec05f0a39d3ac367f3d90c5cf1207d6cf32e87f8b
"A0189_ny2ilw.raw",1,255,0,1,1,1,499.590,1783.840,3129740,3129952,0,3044372,3044372,0,29364,11.764,1772.076,1048576,312380,2e7e68ebd211949b49425e57ade2b71549f263a6e6a075b4f8cd39f539f42949
"A0190_cqjpqk.raw",1,255,0,1,1,1,524.935,1784.494,3129740,3129952,0,3044372,3044372,0,29364,11.658,1772.836,1048576,312380,5d08c4b86da2d96096bfc570be2e42e06f8aebe1c117841af0aa6e78f6fac024
"A0191_fwkpbo.raw",1,255,0,1,1,1,515.794,1786.239,3129740,3129952,0,3044372,3044372,0,29364,12.580,1773.659,1048576,312380,287e6e88d0d11b5783170712228b1feafe7919a717a11a96a1a2d090ed724415
"A0192_uzchni.raw",1,255,0,1,1,1,485.960,1784.499,3129740,3129952,0,3044372,3044372,0,29364,11.862,1772.637,1048576,312380,f829c82e7042897643cb445a79cef5f82e0c4661701abdc6ff4d335ae4c4f7d9
"A0193_nkhiuo.raw",1,255,0,1,1,1,499.623,1784.060,3129740,3129972,0,3044372,3044372,0,29364,11.670,1772.390,1048576,312380,c9eb31f5ccc67bd67cda84ae736e1299af6458bf1084820232b286533fb76a7a
"A0194_zvbcfo.raw",1,255,0,1,1,1,513.842,1784.871,3129624,3129952,0,3044372,3044372,0,29364,13.198,1771.673,1048576,312380,0d4265b8e66c48202e117ed2302f7d8d8b1cffc2b9614a66157b85c73d5d9442
"A0195_tr6ora.raw",1,255,0,1,1,1,544.097,1783.013,3129740,3129952,0,3044372,3044372,0,29364,11.599,1771.414,1048576,312380,1028d9071b59d920dc4368a31df20e7ceca3f76ba106ba2c408033ef37bb26f3
"A0196_whkx6w.raw",1,255,0,1,1,1,542.241,1783.166,3129740,3129952,0,3044372,3044372,0,29364,11.552,1771.614,1048576,312380,5d8dd4742d5b0e12efbfb04761f872deaa5bfa2485ca72db853554847785b88e
"A0197_xfivh2.raw",1,255,0,1,1,1,498.273,1784.816,3129728,3129952,0,3044372,3044372,0,29364,12.489,1772.327,1048576,312380,300ebf62e845fa7402b54d6d4b37f16c4b5eb39cf409b580220e7706b57c71fa
"A0198_jimefi.raw",1,255,0,1,1,1,486.663,1783.194,3129740,3129952,0,3044372,3044372,0,29364,11.574,1771.620,1048576,312380,f50b9291abb8b9731f5f58af5b2163a83ea6ba5cbbbf8b91f37a54c5c2121e40
"A0199_ar2ay8.raw",1,255,0,1,1,1,525.636,1782.650,3129740,3129952,0,3044372,3044372,0,29364,11.644,1771.006,1048576,312380,8e1c86557dee856697d3b23cc90b31617228b5108a7e865b20ab66c683e09690
"A0200_ohacof.raw",1,255,0,1,1,1,499.953,1783.594,3129740,3129972,0,3044372,3044372,0,29364,11.615,1771.979,1048576,312380,480cb72139f8cf8aacb83ad68c53d319a980ad567c713b08711263b9b9c668b3
"A0201_ysj9co.raw",1,255,0,1,1,1,564.318,1782.390,3129740,3129952,0,3044372,3044372,0,29364,11.600,1770.790,1048576,312380,957de75c8e473ef1c95129231b9ce717a1f594be746d6124f7d2c13d96fe9e80
"A0202_nvcfjl.raw",1,255,0,1,1,1,524.190,1782.709,3129740,3129952,0,3044372,3044372,0,29364,11.702,1771.007,1048576,312380,409d541ddd5f984715474e01a7537babac0804ec896dbf1b737f8f8a5eebc0bb
"A0203_ch7mwc.raw",1,255,0,1,1,1,509.217,1784.315,3129740,3129952,0,3044372,3044372,0,29364,11.857,1772.458,1048576,312380,fe954f57701107a5ed4bb895a9e25aff1c3c18b907e35382454d02b55301b1bd
"A0204_jkbdpj.raw",1,255,0,1,1,1,554.543,1783.847,3129740,3129952,0,3044372,3044372,0,29364,11.675,1772.172,1048576,312380,0e85da3be3f6a55ab22d728c2593d24ec4d8fd24f47ea07b585edaa90b41f7a2
"A0205_fvodso.raw",1,255,0,1,1,1,563.614,1787.333,3129624,3129952,0,3044372,3044372,0,29364,13.276,1774.057,1048576,312380,1f7c25a94c64da53b1850be7f63e9e997d671f258f51ed172be08f6da4cdc398
"A0206_f9brjr.raw",1,255,0,1,1,1,538.501,1786.801,3129740,3129952,0,3044372,3044372,0,29364,11.593,1775.208,1048576,312380,f3851b8f5c9796cbb04823b3f4a0244ec0177fd1da166a79ca01fc97ec470915
"A0207_crypbs.raw",1,255,0,1,1,1,599.326,1783.148,3129740,3129972,0,3044372,3044372,0,29364,11.712,1771.436,1048576,312380,77ce8f8f8f4b7c26603957edfd08f6f174f94527296c6ad3ff758609d0812dc3
"A0208_ciqneq.raw",1,255,0,1,1,1,526.584,1783.417,3129740,3129952,0,3044372,3044372,0,29364,11.655,1771.762,1048576,312380,b2946e8065abc747402462b9df5d5f1f3dd5963ddaeefebdd04a4b82f24357fe
"A0209_zvqfpy.raw",1,255,0,1,1,1,580.848,1786.554,3129740,3129952,0,3044372,3044372,0,29364,12.012,1774.542,1048576,312380,19085abf5bf8035dc63137f0dca58bc023f98330d6b8c467c6f12e839981c03d
"A0210_ww71zb.raw",1,255,0,1,1,1,496.334,1785.103,3129740,3129952,0,3044372,3044372,0,29364,11.674,1773.429,1048576,312380,acf1504f98cdc809d22375b2a66b956a93345ed2da263f13559dbe00304cb0dc
"A0211_tsumyc.raw",1,255,0,1,1,1,555.062,1785.632,3129952,3129952,0,3044372,3044372,0,29364,11.600,1774.032,1048576,312380,04d46440b71290f93cc6b40404bc3bc8ccaab57341bc8c9179566687ece825c5
"A0212_s1cswj.raw",1,255,0,1,1,1,529.974,1787.045,3129740,3129952,0,3044372,3044372,0,29364,11.657,1775.388,1048576,312380,12d798d31734e8eaa49ba95cfe9b313bdf124b38a9530f2ccf8737ed1ae7918e
"A0213_vt8gg8.raw",1,255,0,1,1,1,538.091,1787.849,3129740,3129952,0,3044372,3044372,0,29364,11.784,1776.065,1048576,312380,657bb7be1cfa61be871a9a315aed66a01630cc82a72f6e5031164a568eaacaa6
"A0214_s9etmp.raw",1,255,0,1,1,1,552.823,1784.479,3129952,3129972,0,3044372,3044372,0,29364,11.597,1772.882,1048576,312380,4f9577d289e403ab5cfedf392e5f0f43d690f4bc4895f9f5d5f3ab9be1da172e
"A0215_slzstg.raw",1,255,0,1,1,1,500.352,1786.934,3129740,3129940,0,3044372,3044372,0,29364,12.063,1774.871,1048576,312380,ca2e933e6340f4474758866cae35039094e4d86595a8bb3118b8115e80639fd0
"A0216_pey3bs.raw",1,255,0,1,1,1,534.857,1786.891,3129728,3129940,0,3044372,3044372,0,29364,11.965,1774.926,1048576,312380,119b6f07237caab087d696aaea85ef1dc15565fe11403ca6c79f27ad098f2b6d
"A0217_hgh87m.raw",1,255,0,1,1,1,494.816,1785.337,3129728,3129940,0,3044372,3044372,0,29364,11.699,1773.638,1048576,312380,81015de90e9331e499683a845c9a27072bd67d343a31162cec5ceece32e512c2
"A0218_p313qk.raw",1,255,0,1,1,1,529.372,1784.828,3129728,3129940,0,3044372,3044372,0,29364,11.588,1773.240,1048576,312380,b6c9ae4bacca67e0e094f6bca642d8172cf4971dde3b69a871f9daba7f29ff04
"A0219_v2w2a3.raw",1,255,0,1,1,1,483.852,1783.981,3129728,3129940,0,3044372,3044372,0,29364,11.665,1772.316,1048576,312380,491e1a84796fb053323e292e54095c095d0103493667aa5b72b3f4a4a41f796a
"A0220_znt3dh.raw",1,255,0,1,1,1,506.868,1785.743,3129728,3129940,0,3044372,3044372,0,29364,11.938,1773.805,1048576,312380,df8d536e266b19dfc33b58ef76744600f07853fc034976ebbbd2517f14aa7030
"A0222_sbfsny.raw",1,255,0,1,1,1,501.674,1785.151,3129740,3129960,0,3044372,3044372,0,29364,11.594,1773.557,1048576,312380,b69f00972183f3665ef7b18f3b90d2dc313c22d61c03c62862a1d20040e3bb2a
"A0223_kns6ja.raw",1,255,0,1,1,1,529.422,1784.717,3129728,3129940,0,3044372,3044372,0,29364,11.587,1773.130,1048576,312380,9769d03bfcfaf329af8aed4362e71ec151fe87282d366deae564aa912c2b9770
"A0224_ec1q80.raw",1,255,0,1,1,1,479.010,1784.019,3129728,3129940,0,3044372,3044372,0,29364,12.106,1771.913,1048576,312380,238b5552740847007ba3c553b63c9a83746fe4bcef7b7a6f3cdf81d139dbd9f7
"A0225_ijfo9b.raw",1,255,0,1,1,1,512.714,1786.131,3129728,3129940,0,3044372,3044372,0,29364,11.896,1774.235,1048576,312380,5c386cf1ed363ab8ae0cb6fa43057a7191059e39345c5696522b9499a48a8a2f
"A0226_hluh5b.raw",1,255,0,1,1,1,479.064,1784.055,3129728,3129940,0,3044372,3044372,0,29364,11.809,1772.246,1048576,312380,6df6d652617aaeca6e0956975ae4edfe74b5e1ce105487706bc37b3fed136855
"A0227_kmqc8p.raw",1,255,0,1,1,1,492.991,1786.228,3129728,3129940,0,3044372,3044372,0,29364,12.389,1773.839,1048576,312380,4f3d988005176f5421550e5a7d8825856541deed3b50325baf3b410c1c66b2c4
"A0228_cm4srd.raw",1,255,0,1,1,1,505.013,1785.119,3129728,3129940,0,3044372,3044372,0,29364,11.690,1773.429,1048576,312380,6890af9f08e02f857696dbf136828b601d0ba2a57d7eeec35b44047234bb2098
"A0229_asb2qh.raw",1,255,0,1,1,1,503.776,1784.142,3129728,3129960,0,3044372,3044372,0,29364,11.667,1772.475,1048576,312380,b15ed017f3bd9794bef051a396c1d05405bd46e693e5f554c419785fb74dca59
"A0230_vrqiqx.raw",1,255,0,1,1,1,520.663,1783.588,3129728,3129940,0,3044372,3044372,0,29364,11.675,1771.913,1048576,312380,bd11e0fbabaa4cc20080baa1287be55ee5e1e15aa387ada6ab3b6425c36ec815
"A0231_bfqh0p.raw",1,255,0,1,1,1,527.362,1783.899,3129736,3129940,0,3044372,3044372,0,29364,11.634,1772.265,1048576,312380,9d75364daee6d80e268c486188ad0fdaab0024f9e4eaaa9c28a37b131afd3001
"A0232_dgrsxo.raw",1,255,0,1,1,1,488.101,1789.044,3129728,3129940,0,3044372,3044372,0,29364,12.754,1776.290,1048576,312380,8f88c72ba5eecbc548807bac2d4edbd421c92a445849633df8f954c2bbb2683a
"A0233_xqv5rq.raw",1,255,0,1,1,1,519.505,1785.338,3129728,3129940,0,3044372,3044372,0,29364,12.037,1773.301,1048576,312380,3bb1b565733be46669447c0e6c32db54b59b40b1698c4b129068a3850a0f3bf5
"A0234_s9tsrz.raw",1,255,0,1,1,1,653.406,1784.823,3129728,3129940,0,3044372,3044372,0,29364,11.644,1773.179,1048576,312380,7c63425d706cfd0460e79b272727aa70681533da41d95994c3555a5121ef5157
"A0235_f5egs1.raw",1,255,0,1,1,1,569.760,1783.502,3129728,3129940,0,3044372,3044372,0,29364,11.757,1771.745,1048576,312380,c3d87ce6b1b6adac0b8ae1ece13f98cf1f611f39f9290bd9b851a255d09dc3a4
"A0236_eknpio.raw",1,255,0,1,1,1,547.580,1785.068,3129728,3129972,0,3044372,3044372,0,29364,11.585,1773.483,1048576,312380,fae79b898b85e83aeaf506f226009dc3dd8162954c2fe46ff3263410a4ad6e26
"A0237_gmrxbk.raw",1,255,0,1,1,1,519.744,1784.194,3129740,3129940,0,3044372,3044372,0,29364,11.593,1772.601,1048576,312380,3ffd66d3bb5468af888da82c70f32cdcd1129a568e656101fe5cd1296e43eb45
"A0238_cutltl.raw",1,255,0,1,1,1,498.347,1784.266,3129728,3129940,0,3044372,3044372,0,29364,11.581,1772.685,1048576,312380,12fdcf4b0e764268fe9c440573fda6c796e2f52f7f380578a77d43a8e65f80fe
"A0239_pyv9f4.raw",1,255,0,1,1,1,507.473,1786.667,3129728,3129940,0,3044372,3044372,0,29364,12.497,1774.170,1048576,312380,aa7858d9030b4f23e41883ad7b9dc3d14d4ed6772513a342dd0a66dc6fd78cf8
"A0240_tjh4sv.raw",1,255,0,1,1,1,514.332,1785.340,3129728,3129940,0,3044372,3044372,0,29364,11.910,1773.430,1048576,312380,a36e520d84d2eb3dfa48d1056db0284329231685688325ea81b01a5fda1d8b62
"A0241_jn8liu.raw",1,255,0,1,1,1,628.160,1786.280,3129736,3129940,0,3044372,3044372,0,29364,11.738,1774.542,1048576,312380,ef505dea562d3f05df0a3d816482bd4e061606520d1f15df6ddccb2433f56c0e
"A0242_vcn7h9.raw",1,255,0,1,1,1,503.899,1785.412,3129728,3129940,0,3044372,3044372,0,29364,11.647,1773.765,1048576,312380,f4be2428e77baaa54516f1c57cd312ebb597ce3ed844fdb36a7b36139c736c02
"A0243_wmkjie.raw",1,255,0,1,1,1,480.150,1786.077,3129728,3129972,0,3044372,3044372,0,29364,12.013,1774.064,1048576,312380,8c5bda67bb3028375b0b7fc0ceddd8d8abf16ae6077a3decd9c00c97dbd3120f
"A0244_uvkbjy.raw",1,255,0,1,1,1,529.489,1784.865,3129740,3129940,0,3044372,3044372,0,29364,12.166,1772.699,1048576,312380,8452bf6265f7576ec70653eb9d014cb33e336c7f4214662817f1c4702da0c9db
"A0245_qcwoib.raw",1,255,0,1,1,1,498.737,1785.942,3129728,3129940,0,3044372,3044372,0,29364,11.681,1774.261,1048576,312380,4f0c434a63dab51553383ccf243941afe8dbdc0ba0eebcc20eb0c5ae3d3ef2c3
"A0246_zemmnk.raw",1,255,0,1,1,1,655.180,1786.494,3129728,3129940,0,3044372,3044372,0,29364,12.434,1774.060,1048576,312380,2773cbe383298bc3977fd875dc8b2afa9408c33387cdfbb7783f53eaae0464fe
"A0247_pq1oev.raw",1,255,0,1,1,1,484.656,1785.402,3129736,3129940,0,3044372,3044372,0,29364,11.794,1773.608,1048576,312380,a0a66d108911e102610dbf719b2fc128b08ce38588975fd5ddfd7c8d7cfc4cc0
"A0248_x0oo3k.raw",1,255,0,1,1,1,519.153,1783.083,3129728,3129940,0,3044372,3044372,0,29364,11.646,1771.437,1048576,312380,97e52d4360c502f439a86eed8f899c2f6f4cc9aa10efaaab59018e46ff02dc57
"A0249_i0dxqu.raw",1,255,0,1,1,1,522.870,1784.178,3129728,3129940,0,3044372,3044372,0,29364,11.589,1772.589,1048576,312380,b870522e50d6d338c1da69f73f9c6d5c410f251cfe13115d0a7bf058303fcd10
"A0250_axxp23.raw",1,255,0,1,1,1,552.059,1785.940,3129736,3129972,0,3044372,3044372,0,29364,11.990,1773.950,1048576,312380,32e6417a3659a15aca8eae0d572473acb9074ba802bcedf80ac3501f96d9fe67
"A0252_w9tnqy.raw",1,255,0,1,1,1,486.851,1784.017,3129740,3129940,0,3044372,3044372,0,29364,11.609,1772.408,1048576,312380,bd73fe74b9f69d045283fa07685f72250a4b3ef29909dfbc9b1a2a565c900059
"A0253_bxpt22.raw",1,255,0,1,1,1,563.126,1784.913,3129728,3129940,0,3044372,3044372,0,29364,11.639,1773.274,1048576,312380,8794a2413c0a68072c0cc0570526480dd63b17a302cca54b753ba013893d8f27
"A0254_hukz5u.raw",1,255,0,1,1,1,800.200,1784.911,3129940,3129940,0,3044372,3044372,0,29364,11.683,1773.228,1048576,312380,18f65355405c9d9b8199fd3e2ec47072077482f70e5061c9de785b4642444155
"A0255_g1clny.raw",1,255,0,1,1,1,937.718,1786.232,3129812,3130152,0,3044372,3044372,0,29364,13.191,1773.041,1048576,312380,df53ef3945190c79f7ee20431fd3a000bde09e52e6553b2a079d6fbc6a1a44bb
"A0256_kbw8md.raw",1,255,0,1,1,1,730.137,1787.082,3129812,3130152,0,3044372,3044372,0,29364,13.901,1773.181,1048576,312380,312aed6e365cb7be8330593b0deca59aa75930618f13da6759e5bbe1bd5b8999
"A0257_ux4eb4.raw",1,255,0,1,1,1,766.668,1783.928,3129940,3130152,0,3044372,3044372,0,29364,11.647,1772.281,1048576,312380,0235eb9016123c225dad506d9cb4b46eb34ced9ec30f1cdca8d0249d0a70f358
"A0258_hevype.raw",1,255,0,1,1,1,731.821,1785.892,3129940,3130184,0,3044372,3044372,0,29364,11.594,1774.298,1048576,312380,8227a0138c030b9df186c1248a6f7cbc710684635de8dddb7b71948888446eec
"A0259_jkmxqq.raw",1,255,0,1,1,1,852.060,1784.075,3129952,3130152,0,3044372,3044372,0,29364,11.628,1772.447,1048576,312380,b1b8b59b0acc6ef2e528ff523a6ab7dd257538f85c0c63e64eadd13248978ff1
"A0260_zuqtnh.raw",1,255,0,1,1,1,833.884,1784.733,3129940,3130152,0,3044372,3044372,0,29364,11.677,1773.056,1048576,312380,9263d7277ac8327c5f5e19c3c0ab16e324fe2846254be5fe74890e64ea15a82d
"A0261_y0babc.raw",1,255,0,1,1,1,814.262,1784.075,3129948,3130152,0,3044372,3044372,0,29364,11.619,1772.456,1048576,312380,f741532f8c4f2195d36c486ab2b2899917ae07d85efe3c830455e8e916925383
"A0262_bn3bfl.raw",1,255,0,1,1,1,816.632,1786.022,3129940,3130152,0,3044372,3044372,0,29364,12.411,1773.611,1048576,312380,e91de5a46091c5b064d35a49ec5420d2b9faae7dc28e9de2ef65b88865ec854b
"A0263_eaovwh.raw",1,255,0,1,1,1,767.237,1783.824,3129940,3130152,0,3044372,3044372,0,29364,11.622,1772.202,1048576,312380,bd7378212a2731f0266524e2b0f45eeb3aee85724a86db102fc4866da61723f8
"A0264_znxwji.raw",1,255,0,1,1,1,908.045,1785.632,3130152,3130152,0,3044372,3044372,0,29364,12.282,1773.350,1048576,312380,6c5de3ae26fb0511d7f0912e44a6608d36b3b115ed82573daa1dc0f09aff2862
"A0265_x7adfc.raw",1,255,0,1,1,1,738.894,1787.046,3130032,3130152,0,3044372,3044372,0,29364,14.002,1773.044,1048576,312380,e30e7eaa8f36391ede9d3546242acc23f5a7baa27529a3f5cbcadaaf2dbcf0a1
"A0266_sxsryp.raw",1,255,0,1,1,1,829.036,1786.110,3130164,3130376,0,3044372,3044372,0,29364,12.588,1773.522,1048576,312380,589846ea7968ad6c38170bf717bc7d2ff44d03b9a479dad78deec5463f49030e
"A0267_fmmmsv.raw",1,255,0,1,1,1,745.127,1787.929,3130164,3130376,0,3044372,3044372,0,29364,12.198,1775.731,1048576,312380,2f6648e77ffd6d3172ce75cf9ae2bb5ab405a018ec44ddab7bb2ae16e4ae1928
"A0268_o7e2th.raw",1,255,0,1,1,1,738.292,1785.422,3130164,3130376,0,3044372,3044372,0,29364,11.647,1773.775,1048576,312380,5b2be55fcd66791e359ebca7a857e404c0ca4b3765d70da4ede89b49bad773c6
"A0269_ajpovb.raw",1,255,0,1,1,1,825.454,1786.672,3130048,3130376,0,3044372,3044372,0,29364,13.939,1772.733,1048576,312380,77eb995e411046fedcc093ddb4b9034add8083a684a447aaa0f905026c98442b
"A0270_l00eru.raw",1,255,0,1,1,1,834.674,1785.744,3130164,3130376,0,3044372,3044372,0,29364,12.686,1773.058,1048576,312380,5dcdae0e60625b5b2a9a1994e4a17e3dafdb955a29b30575486d8212e3b21e61
"A0271_idqtq6.raw",1,255,0,1,1,1,734.326,1785.798,3130164,3130376,0,3044372,3044372,0,29364,12.036,1773.762,1048576,312380,290b072cdfd11a1c866822e40e3d12bc77fa1ef8f16d71778f616bfe91af4cff
"A0272_ci12kp.raw",1,255,0,1,1,1,790.356,1784.941,3130376,3130376,0,3044372,3044372,0,29364,11.568,1773.373,1048576,312380,6694ea4e746a908177b0e24d0cb7a3d0a139f9df9fdac3caebcc26da2b8b1422
"A0273_oobnvs.raw",1,255,0,1,1,1,1074.965,1786.743,3130376,3130588,0,3044372,3044372,0,29364,11.994,1774.749,1048576,312380,d52bfea6777adc4bd698269d213982c8e10c645a8cdb8bac82fbf632a1677db3
"A0274_z8y0ts.raw",1,255,0,1,1,1,767.890,1784.188,3130376,3130588,0,3044372,3044372,0,29364,11.606,1772.582,1048576,312380,e2b54cf0ba2c0b3114e7ccc6765fc9e77813ec26f9f64b58ffe2ec95ae3cd02c
"A0275_qcom4d.raw",1,255,0,1,1,1,756.335,1786.847,3130376,3130588,0,3044372,3044372,0,29364,11.614,1775.233,1048576,312380,db0aba8e8d9bfd98d7bfaba6869f093ce47673e3d9253b2761682c55049336ad
"A0276_u8civs.raw",1,255,0,1,1,1,801.508,1785.231,3130376,3130588,0,3044372,3044372,0,29364,11.836,1773.395,1048576,312380,b87379a4eb717f7addf645f6a3ea8c276e84a828313e0d44bdeb7feffc170395
"A0277_lp0jyl.raw",1,255,0,1,1,1,847.854,1784.466,3130376,3130588,0,3044372,3044372,0,29364,11.590,1772.876,1048576,312380,444f7a6d28830cfd2805f4207fd1371beb4ac02def7dc9caf3500c4ec0274dda
"A0278_alargq.raw",1,255,0,1,1,1,842.814,1783.904,3130376,3130588,0,3044372,3044372,0,29364,11.639,1772.265,1048576,312380,0488463e59e31d9e2ab820972e731a25227add43e379fc0b3740df09b6ffa604
"A0279_yofu8q.raw",1,255,0,1,1,1,749.666,1784.360,3130376,3130588,0,3044372,3044372,0,29364,11.627,1772.733,1048576,312380,d44bf125a2876c8228828ef3401bcb7706c01c6dc1bd710bd98bd8f1566ae0a0
"A0280_sudwco.raw",1,255,0,1,1,1,909.680,1786.721,3130472,3130588,0,3044372,3044372,0,29364,14.023,1772.698,1048576,312380,4203ad818dcb8ac5f491cfd22ba586ec5fe0cbba95096c78f6f534cc0e5fd2d8
"A0284_eqeqpu.raw",1,255,0,1,1,1,769.999,1785.468,3130588,3130804,0,3044372,3044372,0,29364,11.651,1773.817,1048576,312380,0282e70e5680485b98c1d7be9ab85e758df872fdb1fe97daff8ef03172767328
"A0285_hlnoe3.raw",1,255,0,1,1,1,798.642,1785.726,3130592,3130804,0,3044372,3044372,0,29364,11.594,1774.132,1048576,312380,2dbd9d8cbe3c5211d274224f3628bea92034b0872cf8601a25b5439d2805d731
"A0286_ssxkmx.raw",1,255,0,1,1,1,840.575,1786.820,3130476,3130804,0,3044372,3044372,0,29364,13.153,1773.667,1048576,312380,fcd7f36a2a35cff4a646a7e0d058d6f367b46d8e810bee66c046beda88b3bfcb
"A0287_kpxbdk.raw",1,255,0,1,1,1,843.089,1784.231,3130592,3130804,0,3044372,3044372,0,29364,11.556,1772.675,1048576,312380,2715c5ae03caf2a0f46f88a14d3e5c3f7e914468b3238958e6e74c34f63fddf8
"A0288_aql3s9.raw",1,255,0,1,1,1,767.523,1783.801,3130592,3130804,0,3044372,3044372,0,29364,11.675,1772.126,1048576,312380,2abfff075ebb6a2e613cc2d83a1800682ea8a95ee870b2b585ad5c85224e8ecf
"A0289_n1hkoe.raw",1,255,0,1,1,1,691.392,1786.656,3130592,3130804,0,3044372,3044372,0,29364,12.574,1774.082,1048576,312380,26942205d46386fad3710644dff4f15514261cbf03be4955fadb3c09e7933081
"A0290_bdpny1.raw",1,255,0,1,1,1,1151.133,1784.646,3130804,3130804,0,3044372,3044372,0,29364,11.756,1772.890,1048576,312380,ecf6e2dcc2253aedbf280493791958c8ca3753fedfcb1dff7d6ae2e330729c3d
"A0291_zkzfpo.raw",1,255,0,1,1,1,1141.030,1789.652,3130680,3131016,0,3044372,3044372,0,29364,14.042,1775.610,1048576,312380,b72b720f9918b5e66e86a7fcdfac4d086ee2aca808850812e371b406e405d8b4
"A0292_gc2isa.raw",1,255,0,1,1,1,478.230,1785.410,3130804,3131016,0,3044372,3044372,0,29364,11.689,1773.721,1048576,312380,2c3246627a8c214f2ef3227f19c23c7c6fe554bde80c61327b092c951057124c
"A0293_wrvywi.raw",1,255,0,1,1,1,486.084,1785.505,3130680,3131016,0,3044372,3044372,0,29364,12.883,1772.622,1048576,312380,606248f03e2cfec6c74de25c8d3670040f1b37d956cc7ff93a0220a439231b64
"A0294_hbaudo.raw",1,255,0,1,1,1,507.965,1789.007,3130800,3131016,0,3044372,3044372,0,29364,12.064,1776.943,1048576,312380,c058fd27740d0e8c5590c6bc033b9adfef254b36617148a2a5968e9bad8edee0
"A0295_s5k0wm.raw",1,255,0,1,1,1,493.277,1785.920,3130804,3131016,0,3044372,3044372,0,29364,11.743,1774.177,1048576,312380,c33341c1bcff9f526bbff89e609cf228bc9e2863424357715530204b224ac932
"A0296_d9znpe.raw",1,255,0,1,1,1,513.862,1784.696,3130804,3131016,0,3044372,3044372,0,29364,11.706,1772.990,1048576,312380,8666a1a2795b0f1b38e59ce2210427d5bfea46519331777ef8ddf2359a485d0a
"A0297_xfqrcq.raw",1,255,0,1,1,1,487.872,1787.269,3130804,3131016,0,3044372,3044372,0,29364,12.463,1774.806,1048576,312380,b7322e7da7374975d4ab3c6ee9084b8661851e10f9fd4aff6edfbb1266fe2e7c
"A0298_mrexge.raw",1,255,0,1,1,1,528.773,1786.596,3130804,3130804,0,3044372,3044372,0,29364,11.803,1774.793,1048576,312380,7d2b12bc58a4e72b1949900d1dc684640fc4d8f8a98c093aa03a0a107724123c
"A0299_ixvobf.raw",1,255,0,1,1,1,629.574,1787.282,3130804,3131016,0,3044372,3044372,0,29364,12.415,1774.867,1048576,312380,e58273c7a305bb5a27abdcf0f4a5810ef27f18665b47ddef158f0a050b980467
"A0300_ti9hcd.raw",1,255,0,1,1,1,521.151,1787.351,3130804,3131016,0,3044372,3044372,0,29364,12.604,1774.747,1048576,312380,b1b5f98ecb5222361fe46a3843e9f2797c3ef6b404d804139c9cf255b94d0a26
"A0301_qub0zf.raw",1,255,0,1,1,1,543.690,1785.834,3130804,3131016,0,3044372,3044372,0,29364,11.637,1774.197,1048576,312380,4a8118b53e0fe9ac48e10d01b93d1734e43033898c4e94dad89f9e0d2dafea87
"A0302_dvtavh.raw",1,255,0,1,1,1,502.340,1788.397,3130804,3131016,0,3044372,3044372,0,29364,11.997,1776.400,1048576,312380,9910013dfb77500c7e062db0847b10d465a1a7228735c375a1d1273397047904
"A0303_yp97an.raw",1,255,0,1,1,1,498.652,1785.665,3130804,3130804,0,3044372,3044372,0,29364,11.635,1774.030,1048576,312380,9ca5d136385cf5faaa1ce13d1750ca47cd8c7bc31a7b9f9206ba5c03f4bf1fef
"A0304_y71j7t.raw",1,255,0,1,1,1,535.598,1786.568,3130804,3130804,0,3044372,3044372,0,29364,11.580,1774.988,1048576,312380,f24c60258be76bc0938e7c2058d119e5479fe883bb192ab4f6619b8003824097
"A0305_yybafz.raw",1,255,0,1,1,1,516.708,1784.603,3130804,3130804,0,3044372,3044372,0,29364,11.671,1772.932,1048576,312380,2a6b0d4d212da738fbb41b7054da11eddc660ea9abff4333fbcf5e36db92efed
"A0306_qjkmac.raw",1,255,0,1,1,1,482.270,1787.201,3130592,3130804,0,3044372,3044372,0,29364,12.422,1774.779,1048576,312380,c3cb734b196461f5b762de476d7f7ae3168c47b40e0bfeed0f418dc8415c0e30
"A0307_flkxrv.raw",1,255,0,1,1,1,478.889,1786.126,3130592,3130804,0,3044372,3044372,0,29364,11.742,1774.384,1048576,312380,941ba9282bfef5595352ab84951749005ff4e0f334ca3d9b38341ca651b8bc71
"A0308_xkictc.raw",1,255,0,1,1,1,467.233,1789.335,3130592,3130804,0,3044372,3044372,0,29364,12.567,1776.768,1048576,312380,d9296db821867d47c8496e50563245ffb44fcbc17cd43a6c010a0ff0f2fe4147
"A0309_gzx0lp.raw",1,255,0,1,1,1,546.920,1785.606,3130592,3130804,0,3044372,3044372,0,29364,12.049,1773.557,1048576,312380,954bc45f943b09d0890e3088d62b2efd0eded79e3903b9730d80784777d040b2
"A0310_b9zuuj.raw",1,255,0,1,1,1,513.455,1787.744,3130592,3130804,0,3044372,3044372,0,29364,12.433,1775.311,1048576,312380,378665e3f6c46a4435895d3b36db6587f0a8d4da5d1299941d559ffa035fada1
"A0311_ynnqsg.raw",1,255,0,1,1,1,499.199,1787.466,3130592,3130592,0,3044372,3044372,0,29364,11.674,1775.792,1048576,312380,8d42f3d10fe50b4419278fe4213771170430fea075688a76092a5cf99e09623a
"A0312_r5dft8.raw",1,255,0,1,1,1,615.673,1786.141,3130592,3130592,0,3044372,3044372,0,29364,11.697,1774.444,1048576,312380,7a7d66f4f3f8eee8815c4ce8d6a41d4b7de4abe29dacbe3e61e42031f2de13ff
"A0313_xyi7vm.raw",1,255,0,1,1,1,474.894,1787.410,3130468,3130592,0,3044372,3044372,0,29364,13.989,1773.421,1048576,312380,4bd1d0d52e1278af6e020cddc669428da8c38ea3e1570550364871eb532f18a8
"A0314_hjwlcr.raw",1,255,0,1,1,1,510.911,1787.584,3130592,3130592,0,3044372,3044372,0,29364,11.982,1775.602,1048576,312380,daeaeb6ce87288a577b496147b5e59c2904428184f5fbedbeb67670dd2e1e9b4
"A0315_im4uan.raw",1,255,0,1,1,1,593.918,1784.821,3130380,3130592,0,3044372,3044372,0,29364,11.634,1773.187,1048576,312380,b349a096a4a1cf1089591b238cbcf2bfee48af5a4d7c9de304cf067dd06169d6
"A0316_d8tfsd.raw",1,255,0,1,1,1,484.464,1787.041,3128532,3130592,0,3044372,3044372,0,29364,13.098,1773.943,1048576,312380,6edc89b3d2d80a8fd12c9a255de20d9e5cab39d2921cae79264529fab2ac3deb
"A0317_ik34xx.raw",1,255,0,1,1,1,516.930,1787.291,3130380,3130592,0,3044372,3044372,0,29364,12.647,1774.644,1048576,312380,2b9962a00136f7ed3988803f9e2275d2fb71ad120fd96906ed0352cd1493f6d8
"A0318_i0fam1.raw",1,255,0,1,1,1,518.733,1787.042,3130380,3130592,0,3044372,3044372,0,29364,11.992,1775.050,1048576,312380,69abe36c8aec4e32ced1bd3f78bc5eaf219c4db14eb0ab9ba72686c219401d11
"A0319_co5vs4.raw",1,255,0,1,1,1,498.918,1787.828,3130380,3130592,0,3044372,3044372,0,29364,11.716,1776.112,1048576,312380,b1c80a5ccffd0fd1c8c9ff98d293b55ade2a918b2a31abf810fb1ee723eda069
"A0320_jk1elq.raw",1,255,0,1,1,1,479.847,1790.017,3130380,3130584,0,3044372,3044372,0,29364,11.629,1778.388,1048576,312380,315dedbaed6cd3bcbeb0b6f226136675e66ccd75d5434e8a2f252cbaf113d6f6
"A0321_qdoo2i.raw",1,255,0,1,1,1,552.899,1787.356,3130372,3130372,0,3044372,3044372,0,29364,11.517,1775.839,1048576,312380,c34f3807dc3cbd7faa393b44bc9a81c36b018a67190ba5e03095d9f86933ab02
"A0322_bj3jaj.raw",1,255,0,1,1,1,489.714,1787.771,3130372,3130372,0,3044372,3044372,0,29364,12.440,1775.331,1048576,312380,05017e2235133ce3f73fdecb352240551cec5aa1c7d394950d93091ba5969f23
"A0323_udkkdk.raw",1,255,0,1,1,1,527.631,1787.267,3130372,3130372,0,3044372,3044372,0,29364,12.452,1774.815,1048576,312380,4b73a18c8aa965505c0e30419613675a66fb794fe6791965fd55e76f57407114
"A0324_ix2x76.raw",1,255,0,1,1,1,482.837,1784.873,3130372,3130372,0,3044372,3044372,0,29364,11.711,1773.162,1048576,312380,44588990ee95aa9a36569857372848d08f6bb87d4f2ac5b360fc5456d643be18
"A0325_vtxqtl.raw",1,255,0,1,1,1,483.069,1784.254,3130160,3130372,0,3044372,3044372,0,29364,11.618,1772.636,1048576,312380,1d790ac80aef9bfbfdd2c3cc416ff47e442941cde18072a517918e30d3f18ce7
"A0326_jbtwvz.raw",1,255,0,1,1,1,508.199,1788.828,3130160,3130372,0,3044372,3044372,0,29364,12.003,1776.825,1048576,312380,0d045ac75a1d5915604f3aee6095886fe76e669876710fb4145c4fa451555fe7
"A0327_bdutno.raw",1,255,0,1,1,1,501.796,1784.856,3130160,3130372,0,3044372,3044372,0,29364,11.621,1773.235,1048576,312380,8bedc327fedb407e05b2b3a85df74aa29c26fc492f08843da25e18e84d7f0f62
"A0328_fk3csq.raw",1,255,0,1,1,1,525.535,1787.057,3130160,3130372,0,3044372,3044372,0,29364,12.253,1774.804,1048576,312380,e5d526d3b6104df1bd07601ee76ea57a7e7c8578604595b9e641931f21b7577d
"A0329_yuy1yj.raw",1,255,0,1,1,1,485.125,1784.625,3130160,3130160,0,3044372,3044372,0,29364,12.038,1772.587,1048576,312380,c616a68689c5c18f55c21d3eb1db9f5016117e8d227e776b43394664f6e21fa4
"A0330_eymoe2.raw",1,255,0,1,1,1,509.114,1786.579,3130160,3130160,0,3044372,3044372,0,29364,11.921,1774.658,1048576,312380,557a2fa8c38aa454fd2d4c1223afaea90fbb7a876de024e5df61a4672371b8be
"A0331_hseg4s.raw",1,255,0,1,1,1,483.758,1784.333,3130160,3130160,0,3044372,3044372,0,29364,11.689,1772.644,1048576,312380,254beda39e062a6b4d3817c47f6dc885a87aaa357ba1e3ba580ffb1b973fced4
"A0332_ekfdwv.raw",1,255,0,1,1,1,539.622,1784.696,3130160,3130160,0,3044372,3044372,0,29364,11.631,1773.065,1048576,312380,94c0483046529d708ae4a7a915f0d7b0eac941b7f275d1dd646085bee664e0a3
"A0333_lmugko.raw",1,255,0,1,1,1,559.431,1785.978,3129948,3130160,0,3044372,3044372,0,29364,11.888,1774.090,1048576,312380,9dc260e2b50e72a58aa9c9d4b9cbb72dfaf539d7a4204c407b1d49913cae4f04
"A0334_tjccqp.raw",1,255,0,1,1,1,751.544,1785.883,3129948,3130164,0,3044372,3044372,0,29364,11.693,1774.190,1048576,312380,c186e881a07eb8d35c31d68692f79df5c140cc15876e0853b715a36766e0d010
"A0335_ycajns.raw",1,255,0,1,1,1,773.384,1783.641,3129952,3130164,0,3044372,3044372,0,29364,11.744,1771.897,1048576,312380,b8e8c430cb24608f42db6fa794511deb65fe4b378a0d85b5654c533ee60861bb
"A0336_zcwtf9.raw",1,255,0,1,1,1,851.936,1784.673,3129952,3130164,0,3044372,3044372,0,29364,11.655,1773.018,1048576,312380,a86c8af7aecceacdecf897e3dd698bf717db037cfdd6c54a2dc569a731f8b630
"A0337_p6uclg.raw",1,255,0,1,1,1,1315.512,1784.870,3130164,3130164,0,3044372,3044372,0,29364,11.578,1773.292,1048576,312380,e524b00ef392f6e4ec22ba0999dd3459497a0a73285b0cf70831fd2e6848bc16
"A0338_n0t7rv.raw",1,255,0,1,1,1,803.506,1785.514,3130164,3130164,0,3044372,3044372,0,29364,12.005,1773.509,1048576,312380,2bc039a637adcedbe4b518708552fbca3773b0536fea0983f05d62c716ff01c7
"A0339_pudo2p.raw",1,255,0,1,1,1,1082.146,1784.004,3130184,3130192,0,3044372,3044372,0,29364,11.615,1772.389,1048576,312380,6b8437db5d6c1e84726085bcd9a0ef7ab1062ea3231452771f946b2f3337ea10
"A0340_tlndrh.raw",1,255,0,1,1,1,851.341,1783.879,3130160,3130164,0,3044372,3044372,0,29364,11.629,1772.250,1048576,312380,bdac63c5da68166309d137f85325e022249c1dda5ea3eac2d353ef78c1003818
"A0341_hejolh.raw",1,255,0,1,1,1,836.959,1784.037,3129952,3130164,0,3044372,3044372,0,29364,11.618,1772.419,1048576,312380,8f76799a25c35693cfd2ecd956f9316697b53875179f55186a070d8e506a76e4
"A0342_lp6gkv.raw",1,255,0,1,1,1,909.883,1785.002,3130164,3130164,0,3044372,3044372,0,29364,11.609,1773.393,1048576,312380,ac292d84c001121126eb8644c5fea39990118cdda2a421d2105aadfae2f945bf
"A0343_y3pszq.raw",1,255,0,1,1,1,829.534,1787.453,3130164,3130376,0,3044372,3044372,0,29364,12.455,1774.998,1048576,312380,53391b419a9f761c0a723078543baa03346622cd23d72834986ba1d6fea3911a
"A0344_ptvhiq.raw",1,255,0,1,1,1,736.593,1785.795,3130164,3130376,0,3044372,3044372,0,29364,12.180,1773.615,1048576,312380,1b9571d01deb45504fbd1689cd8471154dfdba5830e94e977cb127459d70fcda
"A0345_wetetm.raw",1,255,0,1,1,1,768.915,1783.498,3130164,3130376,0,3044372,3044372,0,29364,11.628,1771.870,1048576,312380,24d51c50e58b3a711ec4eae3b3b42c6dec6d92aeb724278fe9f6029da3b9d9fe
"A0346_jhdhsf.raw",1,255,0,1,1,1,741.482,1784.943,3130164,3130376,0,3044372,3044372,0,29364,11.630,1773.313,1048576,312380,26bc399aac6df1062bd18726b266eea3546a2b660f14453e8d929ac5802094aa
"A0347_qjv2cy.raw",1,255,0,1,1,1,884.921,1785.251,3130164,3130376,0,3044372,3044372,0,29364,11.912,1773.339,1048576,312380,de1efec8f3eee67fc21a132196a6dacb42fdc5676e5f30f1f9df2182c3a8b79b
"A0348_g7ge9x.raw",1,255,0,1,1,1,792.953,1784.246,3130164,3130376,0,3044372,3044372,0,29364,11.674,1772.572,1048576,312380,a88dfce046fc3fd9ec3ecf27d8a3bca9d4a1e91420dc67d8f1457f01a4fd56c0
"A0349_lbh80x.raw",1,255,0,1,1,1,836.408,1783.705,3130376,3130376,0,3044372,3044372,0,29364,11.600,1772.105,1048576,312380,2ded8c0cc0152be61ba61544689380fa2f1c7824ef913d376a92a996e667ff3f
"A0350_tex9fb.raw",1,255,0,1,1,1,783.384,1786.315,3130376,3130376,0,3044372,3044372,0,29364,12.185,1774.130,1048576,312380,512ced4fec501089a10945e7529ea429d034d3b5ea0e5e209385de995a8c78ee
"A0352_zvdebj.raw",1,255,0,1,1,1,950.679,1787.470,3130376,3130588,0,3044372,3044372,0,29364,12.408,1775.062,1048576,312380,d72b654e193e0dc0082e760ce2ac87ff84eb3cf409c56cc04f5745124c8fa1b4
"A0353_cssdbg.raw",1,255,0,1,1,1,736.024,1784.326,3130384,3130588,0,3044372,3044372,0,29364,11.584,1772.742,1048576,312380,47e80c8bfadeca5e2d7b0777238f366644f2a88ad9c0427585994f89aa0af555
"A0354_syikha.raw",1,255,0,1,1,1,872.520,1782.808,3130376,3130588,0,3044372,3044372,0,29364,11.658,1771.150,1048576,312380,292ec03a2942ed1ce5f9861e59799ca46eb9e87db6d368895523b6c6de7cd95e
"A0355_d5zrql.raw",1,255,0,1,1,1,837.340,1784.054,3130376,3130588,0,3044372,3044372,0,29364,11.684,1772.370,1048576,312380,3b96410f1037bd0e3685ab102dcc92742f39caaf69992ba0b663683fce13550e
"A0356_ew2wb9.raw",1,255,0,1,1,1,1457.500,1782.772,3130588,3130588,0,3044372,3044372,0,29364,11.530,1771.242,1048576,312380,ab68f8aa51b2ed455daf7a3573fe1ea90ddf82cd9e6d8cd289f7086aacce7725
"A0357_jyzhgd.raw",1,255,0,1,1,1,1048.790,1785.553,3065052,3065264,0,2978836,2978836,0,29364,12.279,1773.274,1048576,312380,784a4b3c47233ee677bbe2465f21c2154ffa315eab7fd2af1414911db2528752
"A0358_azetfv.raw",1,255,0,1,1,1,729.874,1784.408,3064704,3065264,0,2978836,2978836,0,29364,13.762,1770.646,1048576,312380,6d32d6b1f76b5186909476ef0702da5cfcf19c26b9441d046700dba9dc2a2dd6
"A0359_pqllv9.raw",1,255,0,1,1,1,716.567,1783.288,3065052,3065264,0,2978836,2978836,0,29364,11.561,1771.727,1048576,312380,e666b59ee13251a90fbd2b6e1073943da3ce18ad04697c2ee5a89ab07e6cdd3c
"A0360_pwtuqo.raw",1,255,0,1,1,1,716.040,1786.555,3065052,3065264,0,2978836,2978836,0,29364,12.316,1774.239,1048576,312380,be292bc54cdaf86b23917a9c4ba145c2158b757bfcd0c1b88e758fc2d16efc70
"A0361_cjbzmd.raw",1,255,0,1,1,1,944.062,1784.145,3065052,3065264,0,2978836,2978836,0,29364,11.713,1772.432,1048576,312380,ef16d5b8d7780780fcd2cca5ffe07dacb8dbe80b6bbc2460eb57a97e0bf2cd7c
"A0362_ogt4km.raw",1,255,0,1,1,1,765.539,1783.537,3065052,3065264,0,2978836,2978836,0,29364,11.530,1772.007,1048576,312380,726972b5aa03c72ab59a48ec804412c5c930b6a754d0d996cbc3f0fba285d6bd
"A0363_njr5v5.raw",1,255,0,1,1,1,837.046,1784.207,3065052,3065264,0,2978836,2978836,0,29364,11.582,1772.625,1048576,312380,be200d497565d101d1f588fa93dc0edc4e743b471918afbfccc0c2c3b07f6627
"A0364_layfgn.raw",1,255,0,1,1,1,828.097,1784.004,3065264,3065264,0,2978836,2978836,0,29364,11.609,1772.395,1048576,312380,444877b0e6d3aff1b3e175d778c972c4a39d4668a34ba50b52e11547085adecc
"A0365_btvcvn.raw",1,255,0,1,1,1,1059.680,1782.786,3065264,3065264,0,2978836,2978836,0,29364,11.642,1771.144,1048576,312380,026ca75d14e7c40d5c3758830ec9e2767c6c3bc27e088322e7cf092c5f5b5411
"A0366_km2ell.raw",1,255,0,1,1,1,703.899,1786.880,3065140,3065476,0,2978836,2978836,0,29364,14.128,1772.752,1048576,312380,43fb16f4e0c7b97facdadb11b0c5fce5900ccb378975eba55cbe89ceb33285ad
"A0367_ruqycj.raw",1,255,0,1,1,1,1080.199,1783.552,3065264,3065476,0,2978836,2978836,0,29364,11.644,1771.908,1048576,312380,6bcf662b21ebb88f19cd9bf98d28c38a1ebedd924c5bc08c4a762f426eb1c222
"A0368_bsgs52.raw",1,255,0,1,1,1,1036.330,1784.588,3065264,3065476,0,2978836,2978836,0,29364,11.577,1773.011,1048576,312380,d355ae0c346e0e2b89cedee122e7f2df48290968c3a82eb47452a5b5d902e2d2
"A0369_s4pwkw.raw",1,255,0,1,1,1,1153.330,1782.563,3065476,3065476,0,2978836,2978836,0,29364,11.647,1770.916,1048576,312380,eba455f30b84129208e7a86e675decd744750c92bea70f1b7032aef4f750e397
"A0370_wfarv0.raw",1,255,0,1,1,1,933.125,1783.149,3065476,3065688,0,2978836,2978836,0,29364,11.616,1771.533,1048576,312380,549cf247a33b097daa62dfcabefa0a12d075da07730e4a9dabc56cd23739bc67
"A0371_joxrak.raw",1,255,0,1,1,1,722.464,1783.067,3065476,3065688,0,2978836,2978836,0,29364,11.626,1771.441,1048576,312380,f82f3f99bed2ebe1b19831dfa8df3b3d7b8fd12c38465bafaa78c24cc3043572
"A0372_zoohxs.raw",1,255,0,1,1,1,722.247,1784.889,3065476,3065688,0,2978836,2978836,0,29364,12.744,1772.145,1048576,312380,57f50b4bdf6d7c50df58e3338001d7a8e35b0a0750052afa5ed96319712c81c3
"A0373_z41pvo.raw",1,255,0,1,1,1,718.904,1785.182,3065476,3065688,0,2978836,2978836,0,29364,11.951,1773.231,1048576,312380,545016398796fe5f16f1a425de40a9d9d7dc6bd441f16d81bf71a9eee03499e2
"A0374_r21kou.raw",1,255,0,1,1,1,855.389,1783.915,3065476,3065688,0,2978836,2978836,0,29364,11.644,1772.271,1048576,312380,942ea19876e1b9369c0c2d0e388ac5f1704386d57bfc33b7816cfba86eee3c28
"A0376_thu5jh.raw",1,255,0,1,1,1,734.482,1785.550,3065480,3065688,0,2978836,2978836,0,29364,11.903,1773.647,1048576,312380,5b83142c0f4bd5dce6afae91c817e19479793425de38eef96f121800d655ca3d
"A0377_kkzhwn.raw",1,255,0,1,1,1,730.766,1786.244,3065476,3065688,0,2978836,2978836,0,29364,12.396,1773.848,1048576,312380,2af925d04a8902ab8bfdde54e6372f83e6837b6c04ee6b5dc6e69799ac675f83
"A0378_wigkro.raw",1,255,0,1,1,1,495.456,1785.757,3065476,3065688,0,2978836,2978836,0,29364,11.758,1773.999,1048576,312380,e67510a87d17d3d1ed77f99a30abf525ca27c02bd28e83cbd84c84fc2ddc3224
"A0379_hbssm3.raw",1,255,0,1,1,1,497.631,1785.990,3065476,3065688,0,2978836,2978836,0,29364,11.546,1774.444,1048576,312380,7695da8092bcbf677646a00ae145ad60d157c901275d06d747c78097d71a7f48
"A0380_tjsogc.raw",1,255,0,1,1,1,500.896,1785.089,3065360,3065688,0,2978836,2978836,0,29364,13.175,1771.914,1048576,312380,6b2ff8b6b8e0879da141601324805616349b9860f6196d4c3cbff7520088746a
"A0381_rm2xed.raw",1,255,0,1,1,1,518.762,1801.009,3065476,3065688,0,2978836,2978836,0,29364,13.148,1787.861,1048576,312380,ef6aedb14d309fd7505665a0c86c89c8528d04df76531d777593941eec5b27d9
"A0382_s5qt3h.raw",1,255,0,1,1,1,527.057,1789.461,3065360,3065688,0,2978836,2978836,0,29364,13.439,1776.022,1048576,312380,8f340d64812614ef25ea917bead9bb95445de5880673f9801fc119a48dd25169
"A0383_vvjhh8.raw",1,255,0,1,1,1,513.380,1787.878,3065476,3065688,0,2978836,2978836,0,29364,12.599,1775.279,1048576,312380,fcd5ced31bb8d57ef10fd3ae6c788e1ff95fc8d46d472c2614f1fe37dd86d67d
"A0384_z6tazi.raw",1,255,0,1,1,1,494.541,1787.917,3065476,3065476,0,2978836,2978836,0,29364,11.629,1776.288,1048576,312380,a599cce1290927ce7f8ea479fa98be7bb2a63d132c76ef2e0f362618e76ce1d8
"A0385_k1aoy5.raw",1,255,0,1,1,1,520.216,1791.066,3065476,3065476,0,2978836,2978836,0,29364,11.590,1779.476,1048576,312380,9694ef3ee10b0032e6b250aba6b4e0c5e83b08b30413fc449a6ab07f2acb9c78
"A0386_mjlxio.raw",1,255,0,1,1,1,508.518,1787.985,3065476,3065476,0,2978836,2978836,0,29364,11.615,1776.370,1048576,312380,7497f823de74e0228cee45c365caa7c044d35ec7a05c6b0f1ec9c979aaafd6e4
"A0387_ynmcl2.raw",1,255,0,1,1,1,499.192,1784.791,3065264,3065476,0,2978836,2978836,0,29364,11.668,1773.123,1048576,312380,33dde3992d2f8b833ff753629f1ab62d59ecb44369f41c85b97d297ec23684aa
"A0388_trhvtl.raw",1,255,0,1,1,1,510.195,1788.894,3065264,3065476,0,2978836,2978836,0,29364,12.764,1776.130,1048576,312380,b06a885afb161cb044ac1dfbb8a8f417841f1e1bf8d5fe0f29715682ad6bdecb
"A0389_kemn1f.raw",1,255,0,1,1,1,550.570,1785.165,3065264,3065476,0,2978836,2978836,0,29364,11.776,1773.389,1048576,312380,f2d04afcb5f03f08c4a7ef470fcdae33728cc583bcd4f46dc5e604147997b9ae
"A0390_hnpat7.raw",1,255,0,1,1,1,497.737,1785.472,3065264,3065476,0,2978836,2978836,0,29364,11.968,1773.504,1048576,312380,b3fbdbc794b3fa1aab03b7512015142b0559784d1221c4d89c748431bbdc292d
"A0391_fsubq3.raw",1,255,0,1,1,1,533.156,1786.201,3065264,3065476,0,2978836,2978836,0,29364,11.846,1774.355,1048576,312380,c117adea88f388dc5004663591b0936dbe6eaf70685c0500cc9c5ee57567a4c3
"A0392_oc7uwv.raw",1,255,0,1,1,1,529.848,1786.445,3065264,3065476,0,2978836,2978836,0,29364,11.841,1774.604,1048576,312380,9b4e8e59f7c1fb2de310c482c41e52e59a5515ecebc572f82f2c017456f99a76
"A0393_ebtlw8.raw",1,255,0,1,1,1,494.877,1785.014,3065264,3065264,0,2978836,2978836,0,29364,11.713,1773.301,1048576,312380,899f2b997c4da7df45239a7e3c1ecf87ba38530b000fb481d85e62541be84689
"A0394_pryct3.raw",1,255,0,1,1,1,514.430,1783.873,3065264,3065264,0,2978836,2978836,0,29364,11.576,1772.297,1048576,312380,95fe4745e900064c2f65cdec4a51953afecd2cce2ca162e81202ba65edbcfe54
"A0395_pswwpv.raw",1,255,0,1,1,1,497.982,1784.968,3065052,3065264,0,2978836,2978836,0,29364,12.089,1772.879,1048576,312380,c2e28454c7ddc89c49b2aba67b84fafa726f8a69a9bbe5744ce457512d12e1be
"A0396_lfswc9.raw",1,255,0,1,1,1,504.179,1786.290,3065052,3065264,0,2978836,2978836,0,29364,11.710,1774.580,1048576,312380,9b6cc66fffc2b55ead7029bccc14fbb3b2b1ddb866eb72337af85d73e6022cf7
"A0397_kfddhc.raw",1,255,0,1,1,1,488.904,1784.796,3065052,3065264,0,2978836,2978836,0,29364,11.688,1773.108,1048576,312380,3fb3a5d96b996675c0f6eb95f95a5cc5cf120a2f0b168ffbf1fcc0949cc08b03
"A0398_vk698p.raw",1,255,0,1,1,1,583.682,1787.714,3065052,3065264,0,2978836,2978836,0,29364,12.784,1774.930,1048576,312380,04089b8441dd5b15b5c283e7e932e657eaac74b53df1cfdb2eab5cbed5e5b41d
"A0399_rbwika.raw",1,255,0,1,1,1,486.872,1784.727,3065052,3065264,0,2978836,2978836,0,29364,11.700,1773.027,1048576,312380,6cb3fdee1ed9d2538d965bbb48f89ac31e3238a66f80c2e2c01ff67e9bb6b3d4
"A0400_eqg00u.raw",1,255,0,1,1,1,483.498,1784.306,3065052,3065264,0,2978836,2978836,0,29364,11.663,1772.643,1048576,312380,120f3c081dad5d9267ffa53f896b43ea5422b212863c7e6c18a94403f58db78b
"A0401_rilc1b.raw",1,255,0,1,1,1,499.812,1786.122,3065052,3065264,0,2978836,2978836,0,29364,11.555,1774.567,1048576,312380,8fef6f1fec190c71fd6b21257ed64877873d9efc2d282953abd1eb260a3ec38f
"A0402_w0vt9h.raw",1,255,0,1,1,1,494.505,1783.915,3065052,3065052,0,2978836,2978836,0,29364,11.666,1772.249,1048576,312380,fff3ed59b361d8b54c22f88dd598cb576c14f02f9ff8776b5e44e1ca2994de94
"A0403_wffqhr.raw",1,255,0,1,1,1,521.485,1783.143,3064840,3065052,0,2978836,2978836,0,29364,11.557,1771.586,1048576,312380,a854289b58ab6b37ad78968b938d694b0d2cd63ea96930ef2cec4479c4f1426c
"A0404_uzsvg8.raw",1,255,0,1,1,1,537.409,1783.980,3064840,3065052,0,2978836,2978836,0,29364,11.656,1772.324,1048576,312380,c9e0136c09881e7b41688ebc736f11cfbc20fe66d1d239e2cf51e14a2870b74b
"A0405_tg9teh.raw",1,255,0,1,1,1,498.069,1785.930,3064724,3065052,0,2978836,2978836,0,29364,13.200,1772.730,1048576,312380,445f9f1dcb092769f7b07f15f339d09cf0c190ad6d35afb9e18e8aa9bd7b918e
"A0406_zflebv.raw",1,255,0,1,1,1,514.586,1788.058,3064724,3064840,0,2978836,2978836,0,29364,14.122,1773.936,1048576,312380,efc21d7cfc643a2199d72b6c3b3f248c444552e5cc8595e5497af38f2adf1d47
"A0407_rbgpmh.raw",1,255,0,1,1,1,526.490,1785.796,3064840,3064840,0,2978836,2978836,0,29364,11.811,1773.985,1048576,312380,b29567912845404b2043db0cc6af03f540ff985ba29393f3ddafcbf112c1187e
"A0408_f7y5c6.raw",1,255,0,1,1,1,491.554,1784.267,3064840,3064840,0,2978836,2978836,0,29364,11.587,1772.680,1048576,312380,cd308b821d37b3482f97e76d9f5c8981fa4a7f58b996bf97ed642af6e37a7f09
"A0409_e4wdni.raw",1,255,0,1,1,1,554.356,1786.916,3064628,3064840,0,2978836,2978836,0,29364,11.836,1775.080,1048576,312380,c7e565833629bb8f9ecd221eb2ab8cb4289419cdbf93f85c6c1bd865c8b7bfc8
"A0410_dojvrg.raw",1,255,0,1,1,1,523.643,1786.503,3064628,3064840,0,2978836,2978836,0,29364,11.864,1774.639,1048576,312380,294e4b8a1f77caeda7befbadd347d331962cbe9c3469544d6b50b09d21b27d0c
"A0411_dfilzh.raw",1,255,0,1,1,1,520.085,1784.743,3064628,3064840,0,2978836,2978836,0,29364,11.697,1773.046,1048576,312380,87eef430ef4236564a1df0f634b841662bebfccddd86b9938cb0e5b3b4204ad5
"A0412_n3jvir.raw",1,255,0,1,1,1,504.261,1783.529,3064628,3064840,0,2978836,2978836,0,29364,11.612,1771.917,1048576,312380,28a3b15fa8adbc9132f1ce53bb25226ad77f7130875b99b631a8b5e36bf54212
"A0413_g1j1dn.raw",1,255,0,1,1,1,541.904,1783.786,3064628,3064840,0,2978836,2978836,0,29364,11.666,1772.120,1048576,312380,13882d8bfae5d7268bc1f4e67ba5d94ce4d7b2158e1881c6aad8668e42e821ad
"A0414_lv2t3u.raw",1,255,0,1,1,1,488.145,1786.499,3064628,3064840,0,2978836,2978836,0,29364,12.304,1774.195,1048576,312380,138a948cc2ca71c70dee3d25a44b0ab8568e91be51f447f5fc5c9e743344fdf8
"A0415_vah7zi.raw",1,255,0,1,1,1,572.932,1784.744,3064288,3064628,0,2978836,2978836,0,29364,13.558,1771.186,1048576,312380,166c02daa3d185ce0a5d2df4f947fb3d3f4db3cd562897eff03db4c6a7689af5
"A0416_scjbfe.raw",1,255,0,1,1,1,529.062,1783.778,3064628,3064628,0,2978836,2978836,0,29364,11.640,1772.138,1048576,312380,2e8c0ff2223e04de26e2890725f6867c3b468db439e9e176494ca2c258b55a28
"A0417_ad97qt.raw",1,255,0,1,1,1,520.070,1783.506,3064628,3064628,0,2978836,2978836,0,29364,11.656,1771.850,1048576,312380,0d2b2e7a7e03c1c782aada10da8441f4b4d273d31e01acc586b94f34b345e9ba
"A0418_qs0nro.raw",1,255,0,1,1,1,496.019,1787.242,3064416,3064656,0,2978836,2978836,0,29364,13.010,1774.232,1048576,312380,a7b4805b3f217f66c01156637ec22e3f3f6869d983d25ec17f0d2f5e346b4eb3
"A0419_ahvcmt.raw",1,255,0,1,1,1,486.155,1785.077,3064424,3064628,0,2978836,2978836,0,29364,11.633,1773.444,1048576,312380,63152b84fb7194f8df02a83cb8867075d62ae3e35d4960d0fc5942921da5a396
"A0420_vsemxf.raw",1,255,0,1,1,1,471.989,1785.894,3064416,3064628,0,2978836,2978836,0,29364,12.420,1773.474,1048576,312380,fa6bdca230f910061d7fd0c395b198a4e9e9b1ed36530ebd52d9e97bf132f578
"A0421_keuvyd.raw",1,255,0,1,1,1,538.778,1783.873,3064416,3064416,0,2978836,2978836,0,29364,11.633,1772.240,1048576,312380,f5649cb703cb08f1a9274bb79794973aa5b5717e1839461255edc5fba9e3bb33
"A0422_r5hsns.raw",1,255,0,1,1,1,531.051,1784.484,3064416,3064416,0,2978836,2978836,0,29364,11.884,1772.600,1048576,312380,47d9810d055468370d7dffe886d4ae856b392ab05200adab5016e9335e40fbd5
"A0423_tvwfxt.raw",1,255,0,1,1,1,531.913,1785.313,3064296,3064416,0,2978836,2978836,0,29364,13.417,1771.896,1048576,312380,3452c223f3f92a55d2a5de64ba7438318d1dcc0b6528835c8b9f9c9b8b816f9d
"A0424_dpdtdp.raw",1,255,0,1,1,1,504.930,1785.910,3064416,3064416,0,2978836,2978836,0,29364,11.876,1774.034,1048576,312380,ab7e6a326d72ae0d3c3925059e2c932402220ee100736e619fad90694a1c4065
"A0425_zb0vdx.raw",1,255,0,1,1,1,497.057,1784.837,3064204,3064416,0,2978836,2978836,0,29364,11.725,1773.112,1048576,312380,c2e5b16d1f6de2f6336d8cb85bd0c9fce1e2a1462f52ef6c1231ab0d763f6f5b
"A0426_hddmf6.raw",1,255,0,1,1,1,483.398,1786.045,3064204,3064416,0,2978836,2978836,0,29364,11.670,1774.375,1048576,312380,e595671f2a8f8165f7fe5ed8b147cdb67754da1666fcdf63a931b197028d37b3
"A0427_crhssy.raw",1,255,0,1,1,1,583.539,1785.639,3064204,3064416,0,2978836,2978836,0,29364,11.621,1774.018,1048576,312380,84a558d01d9842c8b826d45441560ac33ddf7b8231d0eed4536b208e370abc0d
"A0428_xgl8bw.raw",1,255,0,1,1,1,493.455,1783.534,3064204,3064416,0,2978836,2978836,0,29364,11.530,1772.004,1048576,312380,c33768a6a51f04a730b1bb8e30172c861ab0781a1f21b75fd8f7cb612485977c
"A0429_lrjppg.raw",1,255,0,1,1,1,514.051,1786.160,3064076,3064416,0,2978836,2978836,0,29364,13.263,1772.897,1048576,312380,d1cf66f854a20a00945023fe25a9928ca8e1f8e32d78477c27e8fe966cd467e0
"A0430_iohwav.raw",1,255,0,1,1,1,510.754,1786.574,3064204,3064416,0,2978836,2978836,0,29364,12.604,1773.970,1048576,312380,e77efe6086272b12fa533cff27c078181a26bf6f74eeaa0f77f4e21a34dd625d
"A0431_oknhqk.raw",1,255,0,1,1,1,534.143,1786.192,3064204,3064416,0,2978836,2978836,0,29364,12.299,1773.893,1048576,312380,6006e9f92409fc3b7d85978304d0f69ed573c866cc370c5900591412548bc9d5
"A0432_r8uyuf.raw",1,255,0,1,1,1,494.523,1788.544,3064204,3064416,0,2978836,2978836,0,29364,11.703,1776.841,1048576,312380,c78be044abc7a402dbb63630e78d489ecb87cb4b19dc4c2a1e82794a687eaf9d
"A0433_ftsb7l.raw",1,255,0,1,1,1,500.272,1783.916,3064204,3064416,0,2978836,2978836,0,29364,11.693,1772.223,1048576,312380,5af019ca9c69eaf3391c018ead12f80bf9ec1a7cd2311850f14aaf0ff1fa74b6
"A0434_g58dax.raw",1,255,0,1,1,1,481.719,1786.554,3064204,3064416,0,2978836,2978836,0,29364,11.867,1774.687,1048576,312380,c97e61d8d62520c330995280040a67c64cd1182f192871d9251791ecbad03e0c
"A0435_vs0v09.raw",1,255,0,1,1,1,527.895,1787.915,3064204,3064416,0,2978836,2978836,0,29364,11.920,1775.995,1048576,312380,21879407e7873e15f3a56e1f9062a68957bfac508ff602dc0a48d2c5580459ce
"A0436_rf7nm6.raw",1,255,0,1,1,1,522.211,1785.152,3064204,3064416,0,2978836,2978836,0,29364,11.745,1773.407,1048576,312380,b63386a3c9e6e2955f69d4be26f1654d8ca2b7a6364a59fab897729f3b4ccaf7
"A0437_msxuo6.raw",1,255,0,1,1,1,504.715,1786.185,3064204,3064416,0,2978836,2978836,0,29364,11.636,1774.549,1048576,312380,f302ff200b4b78c318ce98d4f5b1f84b81d4076a50bb9fa47bcc9702556d5579
"A0440_ntynus.raw",1,255,0,1,1,1,513.144,1784.553,3064204,3064416,0,2978836,2978836,0,29364,11.675,1772.878,1048576,312380,afb52966fada95204d7179d174eae19bb38a18de41b190760f5cb28e47fb4b07
"A0441_v7wwui.raw",1,255,0,1,1,1,509.718,1784.207,3064204,3064416,0,2978836,2978836,0,29364,11.583,1772.624,1048576,312380,223cdadf28451adb1e379a96f31f1d2ed7af2281d34f69fbf4f8f851cd5c04fa
"A0442_dqkqpe.raw",1,255,0,1,1,1,543.978,1784.055,3064204,3064416,0,2978836,2978836,0,29364,11.578,1772.477,1048576,312380,e0fa6c21e2d91543ba15ea2f7caa6f5cce28d714d42180da12356d76d86f9289
"A0443_nsskxx.raw",1,255,0,1,1,1,516.385,1784.302,3064204,3064416,0,2978836,2978836,0,29364,11.580,1772.722,1048576,312380,ccb3ef31983af08cd9f388ec05e70ed22e1dfacd463abb8187399bdc31004a25
"A0444_il9w1f.raw",1,255,0,1,1,1,506.379,1786.531,3064204,3064416,0,2978836,2978836,0,29364,12.459,1774.072,1048576,312380,1bfa823e18be1a7b5b2938d4f1bd946c72a892b269b96c00fa42292ba4deb4e5
"A0445_qwyknw.raw",1,255,0,1,1,1,517.777,1788.219,3064204,3064416,0,2978836,2978836,0,29364,12.008,1776.211,1048576,312380,a8b7a452a004796a2c7d7791c71e2487cba81c4a5f61899dc4f77bb1f88b3ea3
"A0446_acwzym.raw",1,255,0,1,1,1,521.764,1785.039,3064204,3064416,0,2978836,2978836,0,29364,11.672,1773.367,1048576,312380,f9dd396ed82caccba652005c77416c48d0fa9e74333e06e971cdbd9daf4d0ccc
"A0447_ztuewd.raw",1,255,0,1,1,1,638.447,1786.468,3064204,3064416,0,2978836,2978836,0,29364,12.738,1773.730,1048576,312380,22164c6f58efa97baff45ab1916e96329444a1318e8b699c92fa2920e999ca6d
"A0448_hjoceg.raw",1,255,0,1,1,1,483.549,1783.771,3064204,3064416,0,2978836,2978836,0,29364,11.647,1772.124,1048576,312380,7b9e1c18802c3e06e7962d54aa5638119d6569f2b1d3f06c0f1a9c2c721ff9fa
"A0449_hchlnu.raw",1,255,0,1,1,1,531.878,1783.359,3064204,3064416,0,2978836,2978836,0,29364,11.671,1771.688,1048576,312380,77b6282c6e91abff7064f29fa4f14bd70215112fccaeae8da65123c9a7c7e164
"A0450_r9v6aw.raw",1,255,0,1,1,1,491.961,1783.911,3064204,3064416,0,2978836,2978836,0,29364,11.713,1772.198,1048576,312380,5ee3063ce7ba3d1d5953b420b4b4249751e99d02aa5740f2c50defe5426b454f
"A0451_cjyaqu.raw",1,255,0,1,1,1,505.399,1785.783,3064204,3064416,0,2978836,2978836,0,29364,11.727,1774.056,1048576,312380,277103eb70aed96cf7382cacf9ba4acb2d5e1ab80ab5ea84ba5efa0f229b6ee4
"A0452_m0ut30.raw",1,255,0,1,1,1,632.206,1785.810,3064204,3064416,0,2978836,2978836,0,29364,11.726,1774.084,1048576,312380,fdeabd445b39a5516d6a8287ba8702391424b17dace143ea95c1c3c8feb0d761
"A0453_dvu9kl.raw",1,255,0,1,1,1,526.490,1785.693,3064204,3064416,0,2978836,2978836,0,29364,11.725,1773.968,1048576,312380,7b8a5483def32ad412a1419a1337e9eb77dcf3bb6644ecfe03b105ceaea473f0
"A0454_jk4df0.raw",1,255,0,1,1,1,544.596,1788.572,3064204,3064416,0,2978836,2978836,0,29364,12.843,1775.729,1048576,312380,ce70c96557edc13439625711f1ab04a387542ae7c93176189f00b47647170322
"A0455_zaucsk.raw",1,255,0,1,1,1,521.884,1786.529,3064204,3064416,0,2978836,2978836,0,29364,11.889,1774.640,1048576,312380,666e8963d88930d0267c5a56db8ed448b580b2bf2891b5e4306eecd11d6c84c4
"A0456_q4rdoh.raw",1,255,0,1,1,1,523.551,1785.784,3064204,3064416,0,2978836,2978836,0,29364,11.961,1773.823,1048576,312380,2076d580918f93f1f650ed94f0ca56267e8c6de4bc1f41fb58eed2f5c3538372
"A0457_ygc8fl.raw",1,255,0,1,1,1,478.748,1783.874,3064204,3064416,0,2978836,2978836,0,29364,11.583,1772.291,1048576,312380,f0a1efd351f0454d3b60283286610d0299b766fbd4780cbf13c381062a867ec2
"A0460_qeqqbx.raw",1,255,0,1,1,1,536.230,1783.277,3064204,3064416,0,2978836,2978836,0,29364,12.387,1770.890,1048576,312380,4467e6f0bfcb1a09ba549cfd9e60b676c698295fe7211661df5276269ff8d466
"A0461_vyvota.raw",1,255,0,1,1,1,532.496,1783.582,3064204,3064416,0,2978836,2978836,0,29364,11.563,1772.019,1048576,312380,32605b455b2c547cd87d3d9d20e69529ecd5732e9beb8974348c69a7e2b06358
"A0462_tbli0t.raw",1,255,0,1,1,1,526.350,1785.728,3064204,3064416,0,2978836,2978836,0,29364,11.605,1774.123,1048576,312380,05168ee6194733ef17cc25a6d4e96757da69f5456f5a941f971b880b8918affa
"A0463_xlxxae.raw",1,255,0,1,1,1,524.661,1784.764,3064084,3064416,0,2978836,2978836,0,29364,13.206,1771.558,1048576,312380,be3460ec164028e5e62c1f9ab09b5c867ceff34c03474e357c7effa65ce31450
"A0464_vlecha.raw",1,255,0,1,1,1,509.888,1786.036,3064204,3064416,0,2978836,2978836,0,29364,11.945,1774.091,1048576,312380,5c283aa1a7717c866744ecd39c08c399f1e32815ec457aac8d32ff4a7728e6fe
"A0465_asowsq.raw",1,255,0,1,1,1,509.467,1786.285,3064204,3064416,0,2978836,2978836,0,29364,12.753,1773.532,1048576,312380,a2d760f6970b1ab708c4ae8b1e0f19ce87a8ed2e5a2df17c479d291754c847e1
"A0466_swkz2f.raw",1,255,0,1,1,1,513.871,1785.254,3064204,3064416,0,2978836,2978836,0,29364,11.679,1773.575,1048576,312380,9e1a33519fdb2d79c5f4be80a4ed0561ce0e3bc8a3e41135a958dc83832900e4
"A0467_kefijj.raw",1,255,0,1,1,1,510.022,1785.076,3064204,3064416,0,2978836,2978836,0,29364,11.655,1773.421,1048576,312380,9b85c621ce295c346eb67e6acf1b95ec97a9199ad5d2f778125f5ab3528f3d29
"A0468_xznvsy.raw",1,255,0,1,1,1,481.489,1783.426,3064212,3064416,0,2978836,2978836,0,29364,11.623,1771.803,1048576,312380,7387d08f605855afe11def5aaaf25dc5fc1be8c1e10c0dead85da7b75f05c9ce
"A0469_cjnozm.raw",1,255,0,1,1,1,523.345,1785.859,3064204,3064416,0,2978836,2978836,0,29364,12.414,1773.445,1048576,312380,9920945051c8ca0af07da3222812216581c97b0860588dd86c19a27ff52ca277
"A0470_sr1crp.raw",1,255,0,1,1,1,495.788,1792.275,3064204,3064416,0,2978836,2978836,0,29364,11.679,1780.596,1048576,312380,8351bc9b2678b672c207d99c417b0e48b023a43a0b59d2ce0d20adf1da8c7937
"A0471_vegjb2.raw",1,255,0,1,1,1,496.486,1784.537,3064212,3064416,0,2978836,2978836,0,29364,11.653,1772.884,1048576,312380,5f7fab66a6ee264a92d4b9f9eb856d78b46dd62f9c799556dbac813fa5839723
"A0472_anpbxw.raw",1,255,0,1,1,1,491.844,1785.876,3064084,3064416,0,2978836,2978836,0,29364,13.102,1772.774,1048576,312380,550f9af0d4c2b90e1f348b83ca4c419e36a3cb779853db377c7fa830df8a2b23
"A0473_f0xhxn.raw",1,255,0,1,1,1,474.839,1786.387,3064204,3064416,0,2978836,2978836,0,29364,11.712,1774.675,1048576,312380,5a259fd0b64e4c159411d5ea0cdb51aff492528f8d4ad0c283899e78ed729401
"A0474_lcgqt3.raw",1,255,0,1,1,1,532.510,1785.911,3064204,3064416,0,2978836,2978836,0,29364,11.597,1774.314,1048576,312380,635d1ace266ef7c1e7c008882f7c511e7c6c8635e4897767121a96e71cc411ef
"A0475_izdi4w.raw",1,255,0,1,1,1,508.351,1784.447,3064204,3064416,0,2978836,2978836,0,29364,11.656,1772.791,1048576,312380,744792a623000ecc152baba9d111eba1a9bc9051a92d5a8bfeea8a9e21a3051a
"A0476_sicood.raw",1,255,0,1,1,1,511.251,1783.790,3064204,3064416,0,2978836,2978836,0,29364,11.639,1772.151,1048576,312380,1cbe184048192dc181d39ad735b080245cdaa43eb1447b28a1fc5b6af96ee80b
"A0477_hkkbrr.raw",1,255,0,1,1,1,514.814,1785.891,3064212,3064416,0,2978836,2978836,0,29364,12.389,1773.502,1048576,312380,428cf488e84162d10f63a4e3c4de146c70b16fb1f76a3a9962a2370aae7df99e
"A0478_assip5.raw",1,255,0,1,1,1,473.910,1783.845,3064204,3064416,0,2978836,2978836,0,29364,11.686,1772.159,1048576,312380,4d467691e69c778da303c0f2dd5b316aadba0f4c0d8dc9cb62838cbe7cf879f8
"A0479_iwl6rk.raw",1,255,0,1,1,1,479.001,1786.210,3064204,3064416,0,2978836,2978836,0,29364,12.385,1773.825,1048576,312380,f7fbdbe46a41ff30ed900d3218dec769a1edb4bf914d5014a7b99dd349773079
"A0480_d6kou8.raw",1,255,0,1,1,1,495.907,1785.954,3064204,3064416,0,2978836,2978836,0,29364,11.753,1774.201,1048576,312380,16f802976c5fc8fd00c4b103b29b18e901639590265d002d6fb476fae747ee32
"A0481_tfxlsp.raw",1,255,0,1,1,1,501.795,1782.747,3064204,3064416,0,2978836,2978836,0,29364,11.619,1771.128,1048576,312380,fa0fba25c29fe30e61f15f88565fb418f4c20ca8df750b5c8fb64a9d5025908a
"A0482_qkkfjr.raw",1,255,0,1,1,1,521.917,1785.893,3064088,3064416,0,2978836,2978836,0,29364,13.158,1772.735,1048576,312380,e654b4b56afb1355e69bac53186bcb4c17eab8b29e4fd252de637f0a3b4c564d
"A0483_jknnb3.raw",1,255,0,1,1,1,480.979,1786.136,3064204,3064416,0,2978836,2978836,0,29364,11.785,1774.351,1048576,312380,1659fb567a77880a96debb11ed40ad2c3d48ba6f980841a20b96b3c6e3ca35dc
"A0484_bntigi.raw",1,255,0,1,1,1,598.214,1783.790,3064204,3064416,0,2978836,2978836,0,29364,11.581,1772.209,1048576,312380,45b39e79ec26f4491dae9cd8e584521a697eb40431381c6f373e0516953ce77b
"A0485_xhwwsw.raw",1,255,0,1,1,1,556.218,1785.173,3064204,3064416,0,2978836,2978836,0,29364,11.658,1773.515,1048576,312380,de52c19084f0d2bfb9ed1821e977f9b9646ecd7f9e960635ff20e57fc4b2d387
"A0486_tpalip.raw",1,255,0,1,1,1,610.426,1784.808,3064204,3064416,0,2978836,2978836,0,29364,11.688,1773.120,1048576,312380,5df320de95700b4758a69eaad7c043ad640ad8c6cc43c913c6d41dbe53a59ac9
"A0487_svmkzb.raw",1,255,0,1,1,1,563.011,1789.068,3064204,3064416,0,2978836,2978836,0,29364,11.954,1777.114,1048576,312380,4b7fb30d5f43eb0f35ab02b20a4a10725dac6eedf28a3323f3f406e12b84ef45
"A0488_n1nhui.raw",1,255,0,1,1,1,575.787,1783.634,3064204,3064416,0,2978836,2978836,0,29364,11.818,1771.816,1048576,312380,6c12638c394fb1861f1177573a084c09fb63e38483548e407a77e7f5b66599d2
"A0489_r5fgah.raw",1,255,0,1,1,1,501.448,1784.277,3064204,3064416,0,2978836,2978836,0,29364,11.669,1772.608,1048576,312380,77672267e508fa2352c2fd96d97f39b4ac24230787d0ab7e88480ca3745c07be
"A0490_qgy6rp.raw",1,255,0,1,1,1,548.695,1784.887,3064204,3064416,0,2978836,2978836,0,29364,11.554,1773.333,1048576,312380,9089b05eb7243b5c7970f3d8cd26d97923c17fe56a848762f3534f517bd34350
"A0491_i88loc.raw",1,255,0,1,1,1,525.289,1784.058,3064204,3064416,0,2978836,2978836,0,29364,11.577,1772.481,1048576,312380,8e7675b056512f6ba73e9b41e390d22d94fa662d016efee6b920727a441a5e51
"A0492_swhvle.raw",1,255,0,1,1,1,510.541,1784.532,3064204,3064416,0,2978836,2978836,0,29364,11.589,1772.943,1048576,312380,ac13bcd56de5d5ce1fdd224e3aae74bd75851e90fdaa69ff91f4388237e60f21
"A0493_o51twc.raw",1,255,0,1,1,1,484.714,1785.827,3064204,3064416,0,2978836,2978836,0,29364,11.745,1774.082,1048576,312380,d46b3cb70df178d053edc818809ce86b3c75ccab449bf54886f65979c35cbe4d
"A0494_mqhtek.raw",1,255,0,1,1,1,523.032,1784.915,3064204,3064416,0,2978836,2978836,0,29364,11.662,1773.253,1048576,312380,b5cfeb2f8ba8b76ee94a43fa4fa2074636e33690ad8cac052dd08a71a896e0a3
"A0495_y2b89h.raw",1,255,0,1,1,1,507.825,1783.762,3064204,3064416,0,2978836,2978836,0,29332,11.635,1772.127,1048576,312380,d47a277ee0f1d0f220962f01ffed668d2a47579d45060265697a8f7cc93d44ef
"A0496_vm1dk9.raw",1,255,0,1,1,1,502.845,1785.572,3064088,3064416,0,2978836,2978836,0,29332,13.177,1772.395,1048576,312380,7f07f0c27354353eddaac516a1066db33a5f5d0089a761289daff112437a7f5b
"A0497_eamtyq.raw",1,255,0,1,1,1,519.454,1786.463,3064204,3064416,0,2978836,2978836,0,29332,12.297,1774.166,1048576,312380,bd588bbb32063eff3bf8ee695437508a226b48eb80c22e72e9f10c7d0bbe6234
"A0498_lfav63.raw",1,255,0,1,1,1,579.611,1783.855,3064204,3064416,0,2978836,2978836,0,29332,11.666,1772.189,1048576,312380,13a65769768f67ede78502877991a678af29a10d60c4e21be308eac103a6f44b
"A0499_xne8pi.raw",1,255,0,1,1,1,493.524,1791.668,3064204,3064416,0,2978836,2978836,0,29332,11.834,1779.834,1048576,312380,8d7f0c5d71bc66279b21810546cd95078c252e4b45ef7b60f4c95c291abd9777
"A0500_xtopuy.raw",1,255,0,1,1,1,504.099,1788.605,3064204,3064416,0,2978836,2978836,0,29332,12.201,1776.404,1048576,312380,61be9c6554dc091e56cef9827a7526d0d99e37bced96b62857651f65b6422cb1
"A0501_at6y7x.raw",1,255,0,1,1,1,523.580,1787.718,3064204,3064416,0,2978836,2978836,0,29332,11.858,1775.860,1048576,312380,c5891d88021223d56f4abeec1a81d071cc444986198ee162731da294598cc185
"A0502_p0l3k7.raw",1,255,0,1,1,1,504.529,1786.664,3064204,3064416,0,2978836,2978836,0,29332,12.123,1774.541,1048576,312380,6431d7797261598cbb325f9c7a4c73f613656884cf6afeb746451c4192be89e1
"A0503_o9cfdx.raw",1,255,0,1,1,1,512.473,1785.012,3064204,3064416,0,2978836,2978836,0,29332,11.658,1773.354,1048576,312380,fab22776ac980d3e8241841264bd4d5d2a6c99a4491e125e31607e29cf204d3d
"A0504_pyua7m.raw",1,255,0,1,1,1,486.131,1785.798,3064204,3064416,0,2978836,2978836,0,29332,12.200,1773.598,1048576,312380,26f6903f4e4395fb96b473343d6419ceeda31cb4e5729106759e26efc018c5d2
"A0505_bbbusp.raw",1,255,0,1,1,1,502.823,1786.235,3064204,3064416,0,2978836,2978836,0,29332,11.801,1774.434,1048576,312380,85a30a65d7b53d7ceee7dc116ffa31c36d6d75ff2463d679b79ad989d82dc0af
"A0506_kadii0.raw",1,255,0,1,1,1,525.648,1786.667,3064204,3064416,0,2978836,2978836,0,29332,11.587,1775.080,1048576,312380,c0046e6b5d25fed82d03b9fbbd7bf08db4976af4cee6d5ca5da94576e7eb6fba
"A0507_pe5hgg.raw",1,255,0,1,1,1,607.870,1786.403,3064204,3064416,0,2978836,2978836,0,29332,11.579,1774.824,1048576,312380,0c97f0ba67ed0d76748b003a7e3ab7cd17f68ba81ea10c62a5886d0a1394d94b
"A0508_earveh.raw",1,255,0,1,1,1,525.242,1784.545,3064204,3064416,0,2978836,2978836,0,29332,11.558,1772.987,1048576,312380,f1698ac9450d78f7543512320747137a19dbafd954c90bc392df61d96d9c62d5
"A0509_va1ytr.raw",1,255,0,1,1,1,524.450,1785.585,3064204,3064416,0,2978836,2978836,0,29332,11.686,1773.899,1048576,312380,5a3b0f8c25532fe9019769d12af651df80040769c454ad5168f17285c3d3a10d
"A0510_sidcww.raw",1,255,0,1,1,1,522.463,1783.015,3064204,3064416,0,2978836,2978836,0,29332,11.807,1771.208,1048576,312380,80a44806c59e729f738a20db7ea4d734976a935728254c4ef22f21239ae27467
"A0511_kamyz0.raw",1,255,0,1,1,1,542.287,1783.548,3064204,3064416,0,2978836,2978836,0,29332,11.528,1772.020,1048576,312380,eeac47fd94eae1f9e04fa19b41a2d95a03b1cfd46cce9419f45e8a286a395934
"A0512_yzhvei.raw",1,255,0,1,1,1,566.621,1785.293,3064204,3064416,0,2978836,2978836,0,29332,12.096,1773.197,1048576,312380,78747f821d164c050ef37b07ac468a86fed53bdb2653ed4a7253139e9a434075
"A0513_cbwrja.raw",1,255,0,1,1,1,491.131,1786.644,3064204,3064416,0,2978836,2978836,0,29332,11.706,1774.938,1048576,312380,3ea8569ce525fef89c7b75637135add9fb405812580f34dc543129f8820a641e
"A0514_j9x2cs.raw",1,255,0,1,1,1,521.814,1785.191,3064204,3064416,0,2978836,2978836,0,29332,11.773,1773.418,1048576,312380,e07761cd47c944432952607f08be095756f08534525c363672489cca83de0a55
"A0515_riyszz.raw",1,255,0,1,1,1,517.918,1784.339,3064204,3064416,0,2978836,2978836,0,29332,11.574,1772.765,1048576,312380,461ee7f3350e36ba5e91d3dd7b655411956d2972c9f7dc43227a92b6d7adeb79
"A0516_fzplpi.raw",1,255,0,1,1,1,580.712,1786.265,3064204,3064416,0,2978836,2978836,0,29332,11.719,1774.546,1048576,312380,aee79c339c1ca648cc7c33af5ae7d1b201570a1ce8018383582a66a604947b66
"A0517_azl09d.raw",1,255,0,1,1,1,549.668,1786.286,3064204,3064416,0,2978836,2978836,0,29332,12.727,1773.559,1048576,312380,8ed7a38b4cdd8f36695d57a2aa3ff3a48a4c9e86502e2fcbcd01c673764de57c
"A0518_ouwrq5.raw",1,255,0,1,1,1,553.528,1783.189,3064204,3064416,0,2978836,2978836,0,29332,11.596,1771.593,1048576,312380,26d5bfb884d707382d89b7f8dc927fab26d2a1da1041009c916cd6e5fac8d22a
"A0519_fch6p5.raw",1,255,0,1,1,1,546.583,1782.748,3064204,3064416,0,2978836,2978836,0,29332,11.606,1771.142,1048576,312380,09151cdb5946fa84ba21424160ab0f0e1b4599f8a6b017e56b395273ddd77d69
"A0520_wms8t7.raw",1,255,0,1,1,1,527.540,1782.823,3064204,3064416,0,2978836,2978836,0,29332,11.626,1771.197,1048576,312380,4996599f76e1a8c6f64e4e1b2e13cd4cd06ba3652f227538e71c5f20cddb0888
"A0521_zrv9be.raw",1,255,0,1,1,1,539.892,1783.571,3064204,3064416,0,2978836,2978836,0,29332,11.587,1771.984,1048576,312380,342bc6c64620cf18250d1a41f9b975b30547e3f6aa4c6ef38193c8c4ee43a997
"A0522_sdy6pp.raw",1,255,0,1,1,1,514.300,1784.829,3064204,3064416,0,2978836,2978836,0,29332,11.568,1773.261,1048576,312380,0344e77f709672fd29957ff2d25e9ea26b3d5e45d7a84635dae232900b5e8365
"A0523_my3hwa.raw",1,255,0,1,1,1,495.208,1786.594,3064204,3064416,0,2978836,2978836,0,29332,11.844,1774.750,1048576,312380,4bdb50eae51be04d84f943060741f4dd358ab09a89530f131ae82b488f06a252
"A0524_eayaz7.raw",1,255,0,1,1,1,539.230,1786.817,3064204,3064416,0,2978836,2978836,0,29332,12.366,1774.451,1048576,312380,93a00f57c03827a4b1e0fbfe80f218cb15abf480d43e45eccb5e02636ed6dd64
"A0525_ns7v4d.raw",1,255,0,1,1,1,537.929,1783.667,3064204,3064416,0,2978836,2978836,0,29332,11.608,1772.059,1048576,312380,5d80f8898c50534b56facba2f4ceb4090a25d61d29612e577d2977407b89bb59
"A0526_vc3lwl.raw",1,255,0,1,1,1,516.145,1787.932,3064204,3064416,0,2978836,2978836,0,29332,12.523,1775.409,1048576,312380,b6dbf5fc1ffc8cbedcb8f25c927fa28e92b7f1b8838ad18f3dcb812b20afdc6f
"A0527_fukqby.raw",1,255,0,1,1,1,502.331,1784.827,3064204,3064416,0,2978836,2978836,0,29332,11.707,1773.120,1048576,312380,cac23da72c8f6e7c24ee1b531a5d922d566592c56b00938b934e5740612985b0
"A0528_d5qz3n.raw",1,255,0,1,1,1,522.656,1786.203,3064088,3064416,0,2978836,2978836,0,29332,13.265,1772.938,1048576,312380,057069133730a635f590bec5117b2db36dfa53c2842c076246de57ae380c98a1
"A0529_fqs9ek.raw",1,255,0,1,1,1,496.624,1783.206,3064204,3064416,0,2978836,2978836,0,29332,11.610,1771.596,1048576,312380,7ce1d02a21b413f72544cb3021805241db1d52c58a6941597439d49126aa4bd5
"A0530_ittubu.raw",1,255,0,1,1,1,542.276,1782.199,3064204,3064416,0,2978836,2978836,0,29332,11.696,1770.503,1048576,312380,81433119fe21cc2da1add81b22d7ee19a5f82bc7a500f6e12e7ec4adc672d186
"A0531_rh96q9.raw",1,255,0,1,1,1,494.568,1784.049,3064180,3064404,0,2978836,2978836,0,29332,11.721,1772.328,1048576,312380,66e437c71b47ccd36333f82dc4abfe257ad653e2ca567f1e8b96c6d84966db91
"A0532_shp5kf.raw",1,255,0,1,1,1,480.515,1783.302,3064192,3064404,0,2978836,2978836,0,29332,11.715,1771.587,1048576,312380,628379d12fc40ea5d36ba7f275d55100797d0824f804cbcd5c439e6be9a8aed5
"A0533_jgfkhr.raw",1,255,0,1,1,1,518.233,1783.007,3064192,3064404,0,2978836,2978836,0,29332,12.269,1770.738,1048576,312380,3aba95c759d127c1dcd74326e204e38b0b58b8dfc61e9095e63d94ebe0886085
"A0534_q4vdru.raw",1,255,0,1,1,1,507.928,1782.838,3064192,3064404,0,2978836,2978836,0,29332,11.635,1771.203,1048576,312380,139472b7cfd40e35ba09d3d6d529a995b0d0499fe10fb78c2d99213710b1fec7
"A0535_yeyi8o.raw",1,255,0,1,1,1,522.961,1785.899,3064064,3064404,0,2978836,2978836,0,29332,13.155,1772.744,1048576,312380,162bad5ad5777713d8bd5fdefe30f50b87cf61db7ed11e3f67e5298dfbf7ef3f
"A0536_ym5n6g.raw",1,255,0,1,1,1,502.550,1784.368,3064192,3064404,0,2978836,2978836,0,29332,11.758,1772.610,1048576,312380,cc83e56359176f328de6a1e5418a6939a7866d1ccbc61100091386428ebacf09
"A0537_dhqjia.raw",1,255,0,1,1,1,615.726,1784.875,3064192,3064404,0,2978836,2978836,0,29332,11.736,1773.139,1048576,312380,c4e149ca025c04bfdac29b8d6e4348215ad31d75479d95d832b4bed527d31185
"A0538_usmtyp.raw",1,255,0,1,1,1,560.213,1786.993,3064192,3064404,0,2978836,2978836,0,29332,12.317,1774.676,1048576,312380,38fcb95ad3b2e5f4d0fa2b196733881caeeed5e3913bf09410d3549645cf49c4
"A0539_yjmbql.raw",1,255,0,1,1,1,513.516,1784.549,3064192,3064392,0,2978836,2978836,0,29332,11.874,1772.675,1048576,312380,de18038c45b15e55ef497b8da7e2c306490efab733a6e4d575808d54f50c3660
"A0540_nlzdb8.raw",1,255,0,1,1,1,644.293,1784.995,3064180,3064392,0,2978836,2978836,0,29332,12.408,1772.587,1048576,312380,ba76452f9f90c6f2867b6aac71783dec1d5dabe0fb756be2debd335d7ac5614d
"A0541_yaxz8u.raw",1,255,0,1,1,1,512.163,1784.575,3064180,3064392,0,2978836,2978836,0,29332,11.728,1772.847,1048576,312380,4631df35ff134ca1b9833f167df89a7d14b081d668b7eedbd886754c74bdab90
"A0542_gd2z73.raw",1,255,0,1,1,1,494.689,1783.327,3064180,3064392,0,2978836,2978836,0,29332,11.865,1771.462,1048576,312380,8e57a7d84864d39a1c6cd06caaa18b12c178bd11761803d6f56104cd1a47f054
"A0543_zbw18s.raw",1,255,0,1,1,1,523.440,1784.208,3064180,3064392,0,2978836,2978836,0,29332,11.687,1772.521,1048576,312380,cfe3d6c091148bdf5ff116be13beb74b28fced63d3197c59b2abc2c1f5f27e72
"A0544_ii5kta.raw",1,255,0,1,1,1,490.350,1783.775,3064180,3064392,0,2978836,2978836,0,29332,11.684,1772.091,1048576,312380,022db222e3cf2302155651e63c0d589297651f0b8e14d0f92d3044fe409de790
"A0545_nnauux.raw",1,255,0,1,1,1,509.525,1784.996,3064180,3064392,0,2978836,2978836,0,29332,11.643,1773.353,1048576,312380,1330f0c7e27bb9e6c559790deec186a81ed84c229c068631207c2a1a06e6ece3
"A0546_l4sstw.raw",1,255,0,1,1,1,494.158,1782.951,3064180,3064392,0,2978836,2978836,0,29332,11.718,1771.233,1048576,312380,5a97063891601acc25652d0561aedd5cdbed5a4d7750939633fca4a57f46f5ae
"A0547_urqdkk.raw",1,255,0,1,1,1,465.164,1785.420,3064180,3064392,0,2978836,2978836,0,29332,11.995,1773.425,1048576,312380,948f304534d604d83132118eddeef32189ecd89ef9627ba999acb45d9f92e8fa
"A0548_oebfwb.raw",1,255,0,1,1,1,482.953,1782.681,3064180,3064392,0,2978836,2978836,0,29332,11.674,1771.007,1048576,312380,de1c3d6b7ccda5c537d910105344341dff4f15cac9b2939c94e257f7b8481dee
"A0549_foic2s.raw",1,255,0,1,1,1,508.843,1783.031,3064180,3064392,0,2978836,2978836,0,29332,11.648,1771.383,1048576,312380,0b5e28f9fbdf9565d108a0618e94401408dc368d9e5808ee99d7b14f96246b58
"A0550_lv0l9j.raw",1,255,0,1,1,1,509.760,1785.001,3064180,3064412,0,2978836,2978836,0,29332,12.463,1772.538,1048576,312380,d29f75423bb497318beeb95758df4f70c62de5fac239fd9a1cdbf2844d0d9637
"A0551_wvilcl.raw",1,255,0,1,1,1,514.219,1784.148,3064180,3064392,0,2978836,2978836,0,29332,11.565,1772.583,1048576,312380,9d75b2e7b2534f3519b639044fb055cb4ebfbd26c688a7d114ef79a039bfc271
"A0552_akjoqp.raw",1,255,0,1,1,1,635.873,1785.641,3064180,3064392,0,2978836,2978836,0,29332,12.263,1773.378,1048576,312380,98926f501feb960d69c53fbef0d155b59872409827d3509ae122650a450c6285
"A0553_htgzxm.raw",1,255,0,1,1,1,529.237,1784.564,3064180,3064392,0,2978836,2978836,0,29332,11.985,1772.579,1048576,312380,eaf788b8f87c83f5a9d0cec39a0dda314764e31d9459377e128d476921b64b5a
"A0554_i4prpo.raw",1,255,0,1,1,1,493.920,1782.640,3064180,3064392,0,2978836,2978836,0,29332,11.667,1770.973,1048576,312380,88bc11daf513bb19dc49f6ee54d3dc724ba8640aba42ee821fae294f0d5cb6b3
"A0555_isv0te.raw",1,255,0,1,1,1,521.947,1782.363,3064180,3064392,0,2978836,2978836,0,29332,11.627,1770.736,1048576,312380,243aadba4bd3a91f1b844149748883f542577641cb167d4eccd7b1f961d737c0
"A0556_faycyw.raw",1,255,0,1,1,1,489.144,1784.990,3064180,3064392,0,2978836,2978836,0,29332,12.469,1772.521,1048576,312380,8c706117eb8fbd44f5754211db6cb7a132129fb4a6e2d74eb5ef2e1d0fb08405
"A0557_atmlcs.raw",1,255,0,1,1,1,529.622,1784.919,3064180,3064392,0,2978836,2978836,0,29332,12.380,1772.539,1048576,312380,bfc595f357df32170fbdbfe2ff686ce2be07ca93acf53bc867e832233267c5fe
"A0558_i0cs51.raw",1,255,0,1,1,1,523.305,1785.679,3064180,3064392,0,2978836,2978836,0,29332,12.595,1773.084,1048576,312380,4ac579f69b09b5c7e81d7d6ec6de1c3d9c4ad17c71a78c39def23f2be804ce43
"A0559_spqliz.raw",1,255,0,1,1,1,518.805,1784.751,3064180,3064392,0,2978836,2978836,0,29332,11.703,1773.048,1048576,312380,5976ead4d10533d18b6432583ebb4cf03f050496f7d00c11f43b0f7f7e60975b
"A0560_dwktsk.raw",1,255,0,1,1,1,600.543,1783.536,3064180,3064392,0,2978836,2978836,0,29332,11.578,1771.958,1048576,312380,fca63381449d94cb05f0b94f5f9f1f9bedeb8c3a048ff73af8c71016f56dbc02
"A0561_i9r032.raw",1,255,0,1,1,1,488.049,1784.603,3063828,3064392,0,2978836,2978836,0,29332,13.137,1771.466,1048576,312380,e243b3353c74854280638fbebc0c9d4cc40a16a28506851aad77dc952ab3ef39
"A0562_ei6oeg.raw",1,255,0,1,1,1,503.332,1786.131,3064052,3064392,0,2978836,2978836,0,29332,13.166,1772.965,1048576,312380,6358e4ad9ab32f5f35df89e2b53931ad33c39b43aa981efad03c76a7e4a2e3d3
"A0563_knj4me.raw",1,255,0,1,1,1,516.193,1784.934,3064180,3064392,0,2978836,2978836,0,29332,11.709,1773.225,1048576,312380,b29b3509655878bf2cbcdf7e64ab5248b678a2fe8d65adf229b504aa3303a87d
"A0564_evwdra.raw",1,255,0,1,1,1,568.216,1786.210,3064188,3064392,0,2978836,2978836,0,29332,11.655,1774.555,1048576,312380,d7eea5fbb252f7acfe12ccda427c7ea0c2e250782f89ad54405de0fd2a094cf8
"A0565_dbksyo.raw",1,255,0,1,1,1,531.880,1783.389,3064184,3064392,0,2978836,2978836,0,29332,11.938,1771.451,1048576,312380,ac744ce80984283841c4d71502471cd056740c173884e1d02c642336c1dcc546
"A0566_sn7wu2.raw",1,255,0,1,1,1,508.767,1784.625,3064180,3064392,0,2978836,2978836,0,29332,12.022,1772.603,1048576,312380,72fb3d18fbf9f73fa42ef46d05b15412905a16a3182b6e48478553e933054560
"A0567_jnanrf.raw",1,255,0,1,1,1,481.580,1782.596,3064180,3064392,0,2978836,2978836,0,29332,11.628,1770.968,1048576,312380,6317d493a6872362ec0e07a0553eb5448a8915d8bbd97dceac982c1616aa8b37
"A0568_s9glwg.raw",1,255,0,1,1,1,503.733,1782.973,3064188,3064392,0,2978836,2978836,0,29332,11.677,1771.296,1048576,312380,7b23dacbd7264c1ad8524b21810573b22d3d0a6a88e3aaef4ef21489b3a6721b
"A0569_e1vypc.raw",1,255,0,1,1,1,509.301,1785.029,3064180,3064392,0,2978836,2978836,0,29332,11.983,1773.046,1048576,312380,04530424082ec209e33a74a1f1d6a8b3db34626ac94c44fbd0968dd2bf3b5a90
"A0570_fxtrl3.raw",1,255,0,1,1,1,630.859,1784.385,3064180,3064392,0,2978836,2978836,0,29332,11.933,1772.452,1048576,312380,c610abe34bb50c96a42fe5e7c36a9436e5fa22e234c1094167f7409cc9f2fb65
"A0571_sief6k.raw",1,255,0,1,1,1,493.660,1783.005,3064180,3064392,0,2978836,2978836,0,29332,11.655,1771.350,1048576,312380,df3b4034df00a05758dc052b92534f84c840372401e81ff8deb5879f32dd0db2
"A0572_v03ba8.raw",1,255,0,1,1,1,516.662,1782.729,3064180,3064392,0,2978836,2978836,0,29332,11.621,1771.108,1048576,312380,00f43c7e997946b95fa376aeb4db67261149a81f82b41189ab131a04fe07fa77
"A0573_xqffl5.raw",1,255,0,1,1,1,537.776,1782.658,3064180,3064392,0,2978836,2978836,0,29332,11.518,1771.140,1048576,312380,39f682933b5d764436d323ea5d04c62e1dba0d3d7eedb9adba77571f71151aec
"A0574_lbz9zz.raw",1,255,0,1,1,1,500.946,1782.926,3064180,3064392,0,2978836,2978836,0,29332,11.690,1771.236,1048576,312380,07d6bd4e9fd8fa17299f67ef5039e91fb5a5b25b39b57a302446818493d3ee31
"A0575_vpxnsv.raw",1,255,0,1,1,1,543.872,1783.147,3064180,3064392,0,2978836,2978836,0,29332,11.898,1771.249,1048576,312380,4e51d0a493c821b2683b1e426de021064b026146c637ca0d70e4066c8ca1e574
"A0576_hcjuac.raw",1,255,0,1,1,1,501.521,1785.292,3064180,3064392,0,2978836,2978836,0,29332,11.972,1773.320,1048576,312380,383e92f73c35eec1546a763b6293dcae64b96affcbeafe5dd80ed909ce20aedd
"A0577_cdkzzx.raw",1,255,0,1,1,1,523.793,1786.170,3064180,3064392,0,2978836,2978836,0,29332,12.007,1774.163,1048576,312380,38b501aaacdbda62f98315534aeccc168ef157ac0c2f93d0f172aef611f04ed5
"A0578_on2wmu.raw",1,255,0,1,1,1,594.650,1782.619,3064192,3064392,0,2978836,2978836,0,29332,11.586,1771.033,1048576,312380,3718bf69aa495704a742f1dc31de4b2de3b39c6b67d08df39c4c31945aacdb44
"A0579_chs7nw.raw",1,255,0,1,1,1,523.513,1782.828,3064180,3064392,0,2978836,2978836,0,29332,11.676,1771.152,1048576,312380,e803496a13e2cebb7e2aa7d4d84294d82bd114cc1d31d6a0035c6cbb5c4012fa
"A0580_ynnbef.raw",1,255,0,1,1,1,527.481,1782.397,3064180,3064392,0,2978836,2978836,0,29332,11.657,1770.740,1048576,312380,c6ed958f992e4f7f41409012ae0d60ac82e96423783a855359c530f7d4744706
"A0581_h5l9cs.raw",1,255,0,1,1,1,494.110,1784.969,3064188,3064392,0,2978836,2978836,0,29332,12.401,1772.568,1048576,312380,5bf7c6ca1359b69b3c65f3dc617168b9bd39eb6ab7605f1c2b67d728f71ad3c5
"A0582_bqjsii.raw",1,255,0,1,1,1,508.422,1784.620,3064180,3064404,0,2978836,2978836,0,29332,11.637,1772.983,1048576,312380,403d8892e6aeb3b86869d596205fea15cb483b5882115700bccdc82e389c98c5
"A0583_mplo71.raw",1,255,0,1,1,1,528.170,1784.396,3064192,3064404,0,2978836,2978836,0,29332,11.657,1772.739,1048576,312380,07385b683180846e72755009b41993bb4aa34a27c2487ba73831fdfc293a855a
"A0584_iwfs4b.raw",1,255,0,1,1,1,512.056,1785.137,3064196,3064404,0,2978836,2978836,0,29332,11.744,1773.393,1048576,312380,1e0f7006ec1e8c343222fb59efd0e3c55f6b48163ead23a1ca0e5036de28b335
"A0585_menq9v.raw",1,255,0,1,1,1,481.120,1782.726,3064192,3064404,0,2978836,2978836,0,29332,11.652,1771.074,1048576,312380,e5d13a5ed737b73911a87a8ba93ad2a32fbc2afdb723f8713fdb49737722be02
"A0586_fg0wng.raw",1,255,0,1,1,1,514.873,1785.875,3064192,3064404,0,2978836,2978836,0,29332,12.500,1773.375,1048576,312380,1d5af68faaee8c5a0b55c08aabaeea9c73d5403b1ba6c801d32cb7b6e4ef1917
"A0587_momwkg.raw",1,255,0,1,1,1,479.723,1782.157,3064192,3064404,0,2978836,2978836,0,29332,11.593,1770.564,1048576,312380,a94f929bfcf9555cc98711c13f46ed65025a1e667383656751f7ba28921a2c9b
"A0588_n4dijx.raw",1,255,0,1,1,1,522.593,1782.703,3064192,3064404,0,2978836,2978836,0,29332,11.597,1771.106,1048576,312380,45d58d202f20aa4d45adb9c6ee2e4252edd80809f71b2a7e70c1c0fe1a1879e8
"A0589_xjzlbe.raw",1,255,0,1,1,1,513.744,1782.713,3064192,3064404,0,2978836,2978836,0,29332,11.567,1771.146,1048576,312380,fc748c0eec5576daf263800327ba22ac8e8dc2101eab42d14d688882d5939993
"A0590_i27ewf.raw",1,255,0,1,1,1,498.062,1784.766,3064192,3064404,0,2978836,2978836,0,29332,12.027,1772.739,1048576,312380,16da102143e276296c14ada6197461875ea33e00119d379e66f4dc5a10f86455
"A0591_ki5rd1.raw",1,255,0,1,1,1,525.645,1784.307,3064192,3064404,0,2978836,2978836,0,29332,11.574,1772.733,1048576,312380,bf60fb23bfa491c7b9b3b04ce5834f91d9c732cdd8b8d8e2bffdbb145f8f089a
"A0592_rgvqpl.raw",1,255,0,1,1,1,612.169,1786.582,3064192,3064404,0,2978836,2978836,0,29332,11.645,1774.937,1048576,312380,cafeb94b51a8a9971f4105225f483f5da1d2bbe24fef1441bd4787181fca304e
"A0593_sxuxxl.raw",1,255,0,1,1,1,806.960,1782.535,3064192,3064404,0,2978836,2978836,0,29332,11.599,1770.936,1048576,312380,f8bf35a121a5b22a2fe509f071133553014ed5d5c78762dab6de0c511cc57d89
"A0594_p078ft.raw",1,255,0,1,1,1,847.796,1784.126,3064192,3064404,0,2978836,2978836,0,29332,11.637,1772.489,1048576,312380,e696808a2849a981353c78e8b3095cd74b17ab5bb5c9dd4d166b135067197dd7
"A0595_zetnpm.raw",1,255,0,1,1,1,883.235,1784.659,3064412,3064404,8,2978836,2978836,0,29332,11.955,1772.704,1048576,312380,a0de35896a17401f94affd1c2219c9289feb802e6faea915ad7cd915d76fd47b
"A0596_qie1ae.raw",1,255,0,1,1,1,1374.503,1783.596,3064404,3064616,0,2978836,2978836,0,29332,12.204,1771.392,1048576,312380,ae18ee28084ae88e5fd085fa6b1230f0385320ff4bbfc48b081c06df6ebff0d5
"A0597_rdg7tz.raw",1,255,0,1,1,1,871.939,1782.173,3064404,3064616,0,2978836,2978836,0,29332,11.584,1770.589,1048576,312380,58d70fb565470e9cbc81e40e430a338acc0a3f08a3707b80ab56da0be3341fb0
"A0598_b1pg6g.raw",1,255,0,1,1,1,801.465,1783.953,3064404,3064616,0,2978836,2978836,0,29332,11.608,1772.345,1048576,312380,48736b103caea4856cb0e9f519d1584f26aec1d9ac18938500abcac110ebbf30
"A0599_lyhlth.raw",1,255,0,1,1,1,1039.885,1784.512,3064616,3064616,0,2978836,2978836,0,29332,12.068,1772.444,1048576,312380,36e0db7491f279ee6fb77e99ad29929334d7ba6e68862609e058d85e88159196
"A0600_nkp0p3.raw",1,255,0,1,1,1,513.907,1787.077,3064616,3064616,0,2978836,2978836,0,29332,11.916,1775.161,1048576,312380,07d921f87bb6af1bf20c3e01dd9ed12ed48a8f59934ce935f821d5df2bfe931d
"A0601_i7vyaq.raw",1,255,0,1,1,1,563.076,1783.150,3064616,3064616,0,2978836,2978836,0,29332,11.713,1771.437,1048576,312380,76d7bc0e998f07595a2db32dd1057cc3c02bd0db02f5ae4181eb197167510029
"A0602_mpdwwr.raw",1,255,0,1,1,1,544.632,1782.920,3064616,3064616,0,2978836,2978836,0,29332,11.637,1771.283,1048576,312380,3a6bfa9a3c8e131fcaa584a951dc660f22441b99b42c6bddbe96ee0208502da7
"A0603_lp2rah.raw",1,255,0,1,1,1,514.147,1782.667,3064404,3064616,0,2978836,2978836,0,29332,11.639,1771.028,1048576,312380,0210604f9a28393c98d981c6322f9c58e1ff4c5f2774ab3e39a4bd258e058604
"A0604_aejyfi.raw",1,255,0,1,1,1,489.681,1784.808,3064616,3064616,0,2978836,2978836,0,29332,11.758,1773.050,1048576,312380,5f8bb8175b462989c7ac22464a3a492613c7c1922b8647d9833d4adb2290119c
"A0605_nsdrki.raw",1,255,0,1,1,1,487.755,1782.760,3064616,3064616,0,2978836,2978836,0,29332,11.550,1771.210,1048576,312380,b7bb290dde2130f209b18fe722356dce383f031b4f61b4b2b0e7068844ddf7da
"A0606_sjc7jq.raw",1,255,0,1,1,1,510.184,1783.410,3064404,3064616,0,2978836,2978836,0,29332,12.190,1771.220,1048576,312380,16acbd032e9d428a6e2e2aee49682c75e093494bdc277957077c8fd82b6b796e
"A0607_ok4fm3.raw",1,255,0,1,1,1,524.672,1784.453,3064616,3064616,0,2978836,2978836,0,29332,12.217,1772.236,1048576,312380,c65d39175af63b7bde0d132a0bcf83c0e12674691b12a0bebd60546b90d3a7d4
"A0608_aufur4.raw",1,255,0,1,1,1,505.184,1784.572,3064616,3064616,0,2978836,2978836,0,29332,11.663,1772.909,1048576,312380,b6e65cf8c3c4b1850eac1004cac22f4913608e8eb6569e64b0c95aaadf2c1a81
"A0609_tscimb.raw",1,255,0,1,1,1,495.567,1783.611,3064404,3064616,0,2978836,2978836,0,29332,11.635,1771.976,1048576,312380,9711fe68f3d1be05563ed98e9ca7b773e22d6fef228a07161d4044e5fc2bef6c
"A0610_fz7qvg.raw",1,255,0,1,1,1,498.647,1785.661,3064404,3064616,0,2978836,2978836,0,29332,12.070,1773.591,1048576,312380,a839ef66a69fd40f9025d882e66a70ed27c4b698910d1e54aa0ce413d293de39
"A0611_sn0dis.raw",1,255,0,1,1,1,512.764,1785.216,3064616,3064616,0,2978836,2978836,0,29332,12.680,1772.536,1048576,312380,c7b857eccb70660427bf005c24a3ff942c1825928f612a289e4fea2491e27ca3
"A0612_ty02k6.raw",1,255,0,1,1,1,494.033,1783.627,3064412,3064616,0,2978836,2978836,0,29332,11.618,1772.009,1048576,312380,a17f8a4c3fc8ab955550762eb7388c5aa45ffd477a4914f424a0c22a61f9c8b0
"A0613_kds5wx.raw",1,255,0,1,1,1,483.975,1782.871,3064392,3064616,0,2978836,2978836,0,29332,11.580,1771.291,1048576,312380,dcbed6e6a90b370da097cece67fcd8a6b923e267c858a817b405a2eefe7ea9c6
"A0614_ryniaw.raw",1,255,0,1,1,1,511.380,1786.719,3064616,3064628,0,2978836,2978836,0,29332,12.691,1774.028,1048576,312380,1eda392d819eb66e75c73ddc21013109ae3237264f9300e10df7f89fb7da1a89
"A0615_tp31h9.raw",1,255,0,1,1,1,511.939,1784.446,3064416,3064628,0,2978836,2978836,0,29332,11.658,1772.788,1048576,312380,aa868c4820710b1523211a131da577f6fae01f126bce9a732680c5bfb0a23048
"A0616_ly3kod.raw",1,255,0,1,1,1,495.696,1782.452,3064416,3064628,0,2978836,2978836,0,29332,11.685,1770.767,1048576,312380,1ca0e747325db3189618fe40578f08e1c9f3e4456b0f8dca4906a7d74855cd76
"A0617_hnhxyx.raw",1,255,0,1,1,1,476.306,1784.748,3064416,3064628,0,2978836,2978836,0,29332,11.865,1772.883,1048576,312380,1e94d793df45879cff2fed87aa17f8f292e4a50ce05171c4c3085dffe143ac42
"A0618_obxrip.raw",1,255,0,1,1,1,487.048,1782.601,3064416,3064628,0,2978836,2978836,0,29332,11.661,1770.940,1048576,312380,717e783017691373284c600b7257ad4b5da189ae0b2ea7745e595d5cf69270e6
"A0619_nohwmg.raw",1,255,0,1,1,1,553.747,1785.436,3064416,3064628,0,2978836,2978836,0,29332,11.698,1773.738,1048576,312380,78d707af2549a55f03dc4b2005e834b7878abc3baad11108308a07fe171d369e
"A0620_jkbrxh.raw",1,255,0,1,1,1,508.419,1782.692,3064416,3064628,0,2978836,2978836,0,29332,11.633,1771.059,1048576,312380,902ce5758f90ea4a15ba371d012cee4896438393d7b2b13d5f8bbd360d440bfd
"A0621_plfsth.raw",1,255,0,1,1,1,532.061,1782.593,3064416,3064628,0,2978836,2978836,0,29332,11.630,1770.963,1048576,312380,e16e9619a09f55feb4915503448c7e4f6b0b418588c89c77fd5829326d06e6d5
"A0622_qqipcw.raw",1,255,0,1,1,1,538.330,1782.843,3064416,3064628,0,2978836,2978836,0,29332,11.685,1771.158,1048576,312380,ed128c61293c30d0807a5c7fa79acd6a7d6aadba6e3f471d85f634f88143ca30
"A0623_gcouvg.raw",1,255,0,1,1,1,517.461,1782.607,3064416,3064628,0,2978836,2978836,0,29332,11.640,1770.967,1048576,312380,6a12b7ed0be2dca20048f31e1d66bdada2fbfea55c39402e02594dc5b0f5484b
"A0624_itvr4o.raw",1,255,0,1,1,1,491.937,1785.155,3064416,3064628,0,2978836,2978836,0,29332,12.865,1772.290,1048576,312380,25ba0a7fd83ceff1458cda184ad8d96ffa8c9e9a4667e0c2a2e1fed28e5070eb
"A0625_ociik5.raw",1,255,0,1,1,1,515.116,1784.456,3064416,3064628,0,2978836,2978836,0,29332,11.588,1772.868,1048576,312380,f2314e062c5dcca47ef39dadad6da5a2295396251bee9748621e0dc49e265200
"A0626_tiou4h.raw",1,255,0,1,1,1,535.737,1789.606,3064416,3064628,0,2978836,2978836,0,29284,11.725,1777.881,1048576,312380,a3d7940f272171ad87ccda5ccfde0a8aa5da9fb13763c5db9fd6afee4e7b2765
"A0627_g9kvwn.raw",1,255,0,1,1,1,534.362,1790.815,3064416,3064628,0,2978836,2978836,0,29284,13.060,1777.755,1048576,312380,514a911f458e1289224fd5ca4b49184e7155167c4a340badbefffb74a72ecda6
"A0628_m5syea.raw",1,255,0,1,1,1,513.296,1786.178,3064416,3064628,0,2978836,2978836,0,29284,11.674,1774.504,1048576,312380,8d564876c163cd96ddddd311884aef0ec32f97de888f0a119e8ebdff6939841a
"A0629_rewfuc.raw",1,255,0,1,1,1,503.576,1784.815,3064416,3064628,0,2978836,2978836,0,29284,11.830,1772.985,1048576,312380,571e048be123d5ad8beab3e0574bf13eb374b58f2b8715cc89e13f6f43bd4063
"A0630_zkjwlp.raw",1,255,0,1,1,1,505.529,1783.803,3064416,3064628,0,2978836,2978836,0,29284,11.598,1772.205,1048576,312380,758ea97831b121d6c701060c7bc09d61f63c9eb96fdd55c1992d22a8a5765e3d
"A0631_qesp0w.raw",1,255,0,1,1,1,532.568,1783.268,3064416,3064628,0,2978836,2978836,0,29284,11.653,1771.615,1048576,312380,e469367ca63716c079d05d2434f957991e8d68d6b6bda05ccf77a23e787cebec
"A0632_xb5z2u.raw",1,255,0,1,1,1,528.504,1783.235,3064416,3064628,0,2978836,2978836,0,29284,11.583,1771.652,1048576,312380,16a98815be69b31163c4f5c1b20930819d242658f1885c32b1df158240080b54
"A0633_wirreq.raw",1,255,0,1,1,1,647.002,1783.867,3064416,3064628,0,2978836,2978836,0,29284,11.593,1772.274,1048576,312380,cea13cd90025045e36bb12a06f18d492e13e8cc188dd70beea70df7d385c8b88
"A0634_efv4ae.raw",1,255,0,1,1,1,492.085,1784.854,3064416,3064628,0,2978836,2978836,0,29284,11.858,1772.996,1048576,312380,f46d854d285d4ffffc1f250beb9ab4c1f059f34a2e8acb5d0cb09103c2488111
"A0635_sk2sjl.raw",1,255,0,1,1,1,525.774,1785.115,3064416,3064628,0,2978836,2978836,0,29284,11.907,1773.208,1048576,312380,0f80f9c8ef64726264c631f573c83d9fdf93c22c9899ce91862caaf170c10b10
"A0636_qtd8mb.raw",1,255,0,1,1,1,490.489,1786.544,3064404,3064628,0,2978836,2978836,0,29284,11.745,1774.799,1048576,312380,126763fe1ba6fcfbe93ab3fb4cb66aa3d899ec8521a3983258431b27d8a7464e
"A0637_uoilmo.raw",1,255,0,1,1,1,501.983,1783.681,3064416,3064628,0,2978836,2978836,0,29284,11.601,1772.080,1048576,312380,951e91bf95d5be4ea315b1ff90bfd1770365d4931720ff145c72f618cffd776c
"A0638_nwwze3.raw",1,255,0,1,1,1,526.426,1783.326,3064416,3064628,0,2978836,2978836,0,29284,11.576,1771.750,1048576,312380,8f835c4ff4a18772638e5abf72bc45abfd4d2d7cbe6d11a2cab0f2a321db360b
"A0639_wgyyoo.raw",1,255,0,1,1,1,498.107,1785.983,3064628,3064628,0,2978836,2978836,0,29284,12.457,1773.526,1048576,312380,323ddbe213cedf42a650110e75989ccb009fb13736515ac0a2a69ae85faf21b4
"A0640_dgyjq1.raw",1,255,0,1,1,1,528.486,1785.003,3064416,3064628,0,2978836,2978836,0,29284,12.296,1772.707,1048576,312380,d43fa64f8f9b072ca6248ac53ca988e7a2be2d0d9b28910eb3b3a987f213f9db
"A0641_xqdfff.raw",1,255,0,1,1,1,485.071,1783.392,3064416,3064612,0,2978836,2978836,0,29284,11.670,1771.722,1048576,312380,7e219cf3529706e92603c4ef49b53858e11f5659ed44db24af185997f60ba25a
"A0642_g7rx9w.raw",1,255,0,1,1,1,519.394,1785.777,3064416,3064628,0,2978836,2978836,0,29284,11.643,1774.134,1048576,312380,6195acffff25b1a190367ef7af8d0551711e05f54957f646bf0c8d7b62354140
"A0643_lrgckf.raw",1,255,0,1,1,1,494.785,1785.105,3064416,3064628,0,2978836,2978836,0,29284,12.210,1772.895,1048576,312380,f8f0997ee6eb584043ddfbfad21679da2a1fceddb1546e22e2e167d73e0b80d1
"A0644_remdtu.raw",1,255,0,1,1,1,519.059,1786.250,3064416,3064628,0,2978836,2978836,0,29284,12.297,1773.953,1048576,312380,bd5f01fb0f0699240f8cc959214fecf9840ec9bc91ee629a85a1dc66c9c457b8
"A0645_un8xfo.raw",1,255,0,1,1,1,489.718,1784.634,3064416,3064628,0,2978836,2978836,0,29284,11.599,1773.035,1048576,312380,94dca5ec3a2ee98f38a322e045027473928caaf5839d67f9e87ab12da74fd4b1
"A0646_r1e5ug.raw",1,255,0,1,1,1,518.597,1784.141,3064416,3064416,0,2978836,2978836,0,29284,11.616,1772.525,1048576,312380,de7aa13d8f3c2183e82ff9fc1512eb7053171936c0740e8889e4333fe0fc8992
"A0647_ttzxf3.raw",1,255,0,1,1,1,506.181,1783.397,3064416,3064416,0,2978836,2978836,0,29284,11.558,1771.839,1048576,312380,8059780f3c688abbe9f014c807652a0cc6bd5f096d2b43eb7d9afd95235fb4cd
"A0648_vuew7a.raw",1,255,0,1,1,1,502.799,1794.534,3064204,3064416,0,2978836,2978836,0,29284,12.469,1782.065,1048576,312380,09a1847ee5933637d4b5a5fe4ff2deb72359b1004b70b53dc41a0eceda82858e
"A0649_sv5gou.raw",1,255,0,1,1,1,500.023,1787.630,3064204,3064416,0,2978836,2978836,0,29284,11.691,1775.939,1048576,312380,190901886c0eb4d94d65038b42ca5ec5c816835fabb7683440a22a17889f2cfb
"A0650_jrwr6j.raw",1,255,0,1,1,1,497.241,1785.412,3064204,3064416,0,2978836,2978836,0,29284,11.619,1773.793,1048576,312380,9bfe82d598e3a276dbab61d385a7c11289bd94d6d8c361f72ff6ca2871a25aef
"A0651_vhn4py.raw",1,255,0,1,1,1,485.470,1784.473,3064204,3064416,0,2978836,2978836,0,29284,11.697,1772.776,1048576,312380,e669309c62d79825e8688fa3eeed303a6caa1a64b9bc0d3b1b3f645c4c27fe04
"A0652_esu1qq.raw",1,255,0,1,1,1,626.577,1786.170,3064204,3064416,0,2978836,2978836,0,29284,12.470,1773.700,1048576,312380,9a01f786adb234933eaff87f23e1b1e5f287139351f849233f6432371b07f789
"A0653_ztnaae.raw",1,255,0,1,1,1,527.936,1785.493,3064204,3064416,0,2978836,2978836,0,29284,12.490,1773.003,1048576,312380,3392830d6fbcd86e5cf66a27e1df7f6b8621822e1bbfc2b704acc0cbc240dfe5
"A0654_urtqrl.raw",1,255,0,1,1,1,495.124,1785.031,3064204,3064416,0,2978836,2978836,0,29284,11.577,1773.454,1048576,312380,6b9e1fc7fca7db8ec2f054cc4a6dcde22860189cebbe41bbe74ce72e310fa969
"A0655_shsfbu.raw",1,255,0,1,1,1,489.441,1783.192,3064204,3064416,0,2978836,2978836,0,29284,11.582,1771.610,1048576,312380,f005ecd2585a704faa053cab3d04d695e20443fb473dfd05c545f3a269f4fdc2
"A0656_befkeu.raw",1,255,0,1,1,1,497.352,1786.208,3064204,3064416,0,2978836,2978836,0,29284,12.026,1774.182,1048576,312380,0794572bff7faa9055c25458695d0578bf6d9bcb46b52895d221cc27feed72fa
"A0657_oy1eha.raw",1,255,0,1,1,1,494.193,1785.156,3064204,3064416,0,2978836,2978836,0,29284,11.708,1773.448,1048576,312380,6c545503051bcda696e2ff2ddc95342d67a41b5904ee5c94e3e0ce0e26158e96
"A0658_j94z9v.raw",1,255,0,1,1,1,494.315,1784.186,3064204,3064416,0,2978836,2978836,0,29284,11.612,1772.574,1048576,312380,565b0377aea1bfa459d06f79f96807c51fe829759e5d075bf717e7f2d6efba7d
"A0659_ukpcdr.raw",1,255,0,1,1,1,499.432,1785.646,3064204,3064416,0,2978836,2978836,0,29284,11.959,1773.687,1048576,312380,6c77abca2f5cab28b481fdbb784a73cd2bdc28ac0decb99160f501fbf8aa6f69
"A0660_i5c5ro.raw",1,255,0,1,1,1,493.927,1784.927,3064204,3064416,0,2978836,2978836,0,29284,11.690,1773.237,1048576,312380,13ee1d2b12f086e600d7cff702b24096befa6ff07c588e5f5644e54c2d4ff4e9
"A0661_ewykqr.raw",1,255,0,1,1,1,484.621,1784.434,3064204,3064416,0,2978836,2978836,0,29284,11.670,1772.764,1048576,312380,c74b19cce3ab1a37c38666d3006bb884969e64c55e79e59dc503cb13d32d29a2
"A0662_pypp3w.raw",1,255,0,1,1,1,528.942,1787.513,3064088,3064416,0,2978836,2978836,0,29284,13.091,1774.422,1048576,312380,e910474e6992c0a9d6b2e1dd4a5a2316cc57b4c7ab579f21ac09b1b2af3871ef
"A0663_aceitj.raw",1,255,0,1,1,1,507.526,1785.676,3064204,3064416,0,2978836,2978836,0,29284,12.747,1772.929,1048576,312380,ba65c2c1244789b7b69b53c96e7f0bdd4a96c1c7dd179134046557747237e8ec
"A0664_pxrqel.raw",1,255,0,1,1,1,493.748,1784.679,3064204,3064416,0,2978836,2978836,0,29284,11.705,1772.974,1048576,312380,c82d364bed3938b8501731ab3852687601aa1d7f500955e08d7371174c54e38f
"A0665_y38dxs.raw",1,255,0,1,1,1,509.058,1785.660,3064204,3064416,0,2978836,2978836,0,29284,11.633,1774.027,1048576,312380,6c0deb69c406559b9204a4447c4c4cf6ee66cb02fd8545e45b5a13b58bc730f2
"A0666_pnaj6a.raw",1,255,0,1,1,1,485.102,1786.181,3064204,3064416,0,2978836,2978836,0,29284,12.695,1773.486,1048576,312380,6b0e7764950c57b135cde1fae19bde16ff0f721a987e85308733b7cfa80ad82c
"A0667_siwrct.raw",1,255,0,1,1,1,494.626,1784.397,3064204,3064416,0,2978836,2978836,0,29284,11.707,1772.690,1048576,312380,f3265b3324b3d0240ca2fb1901e1e969e4c22bc0bbb4db13907ffe7c6e13c522
"A0668_x3c59z.raw",1,255,0,1,1,1,481.023,1783.943,3064204,3064416,0,2978836,2978836,0,29284,11.850,1772.093,1048576,312380,4e5b1c567586ff052393dcfea3045fae3e6e1671579afb1b0c722a7c8703e8f2
"A0669_c7prb5.raw",1,255,0,1,1,1,521.941,1785.441,3064204,3064416,0,2978836,2978836,0,29284,12.384,1773.057,1048576,312380,2eba6e1e3155a526aa1b3b61d707cba4b90ae473d51da60838a9236d58d9900a
"A0670_sga8io.raw",1,255,0,1,1,1,498.351,1786.033,3064212,3064416,0,2978836,2978836,0,29284,11.743,1774.290,1048576,312380,2129aeafda08de13212df3f3d9f8a9e4f471c19125ccf816ccdc6bee86967c12
"A0671_msnxzl.raw",1,255,0,1,1,1,514.083,1784.368,3064204,3064416,0,2978836,2978836,0,29284,11.624,1772.744,1048576,312380,f1ebb65298263ffa854fea5f4d78314fee960be145f3b9fc6b361c76f922c3ae
"A0672_ctojhv.raw",1,255,0,1,1,1,519.741,1783.204,3064204,3064416,0,2978836,2978836,0,29284,11.631,1771.573,1048576,312380,5f58d9489974664e588ab5ac0f6ef2a9c33a73682ab0083eab49d0fff7166f5f
"A0673_rba4g5.raw",1,255,0,1,1,1,524.348,1783.626,3064212,3064416,0,2978836,2978836,0,29284,11.641,1771.985,1048576,312380,9d32ba6c038e1416e0de0e23e06c779c492ada2349353acb19e6f7e7603f9aec
"A0674_l7jonk.raw",1,255,0,1,1,1,499.134,1784.448,3064204,3064416,0,2978836,2978836,0,29284,11.839,1772.609,1048576,312380,6b9324e9cadd84edbf238094a6e94a067ed45504e0659d8c557fa34caa246ca7
"A0675_iw97ln.raw",1,255,0,1,1,1,505.432,1785.577,3064204,3064416,0,2978836,2978836,0,29284,11.707,1773.870,1048576,312380,9e04ea6b51af99c28ede1fbd2993b349141aff66445e8d35e366256920ea2866
"A0676_pn5y4b.raw",1,255,0,1,1,1,511.635,1784.856,3064204,3064416,0,2978836,2978836,0,29284,11.588,1773.268,1048576,312380,7f27bd0a69638f2e04959b031c5d36834e4f878211a3d7e1b76eca21eaf6ae87
"A0677_tkqlzq.raw",1,255,0,1,1,1,629.692,1783.716,3064204,3064436,0,2978836,2978836,0,29284,11.599,1772.117,1048576,312380,080930013a17b5890bfb6c46b136c62f04cfd60e96e72fcb691bdad974d04652
"A0678_pycwhr.raw",1,255,0,1,1,1,604.714,1783.162,3064204,3064416,0,2978836,2978836,0,29284,11.595,1771.567,1048576,312380,472b362d8328244478d90a792d794f8e218ceb636bff187fc60863ec84a6189c
"A0679_qvognb.raw",1,255,0,1,1,1,686.068,1784.436,3064204,3064416,0,2978836,2978836,0,29284,11.655,1772.781,1048576,312380,96beb7bd252c0663f9286b1a8d653c3031b64cf4e3b5f31f9bf733c210a72c33
"A0680_uaqgt7.raw",1,255,0,1,1,1,740.971,1787.151,3064088,3064416,0,2978836,2978836,0,29284,12.262,1774.889,1048576,312380,e490a13a5367ae02b0ea61497efa98bf3bbd21318ce4875d1267b7d46a233587
"A0681_ekf6ej.raw",1,255,0,1,1,1,658.475,1782.964,3064204,3064416,0,2978836,2978836,0,29284,11.644,1771.320,1048576,312380,2ec9407a87871a09ddc13b025a8c5fb66099e264203bc6ab89314cf24203086d
"A0682_bee18y.raw",1,255,0,1,1,1,501.625,1784.517,3064204,3064416,0,2978836,2978836,0,29284,11.882,1772.635,1048576,312380,6e4ce26e92aa25981bb3e43446cffdb32fa7e7f141d690dd756b00cf372387b9
"A0683_szqrai.raw",1,255,0,1,1,1,545.139,1786.093,3064204,3064416,0,2978836,2978836,0,29284,12.245,1773.848,1048576,312380,af8f6a07c7c75a25929ced4887ed2bbb4b39dde965fe5acf04593dad4493ad07
"A0684_tcjrco.raw",1,255,0,1,1,1,517.673,1786.120,3064204,3064416,0,2978836,2978836,0,29284,12.195,1773.925,1048576,312380,c826d3095b80545b4cd87e4c18a7a28071dd4b46478563cac513ea0d8db3a0da
"A0685_tfz1ay.raw",1,255,0,1,1,1,490.508,1784.301,3064204,3064416,0,2978836,2978836,0,29284,11.723,1772.578,1048576,312380,63d9869325a59700d6823cc07dabce0dbaecd9c44a2b082dfb33786d5c1c4560
"A0686_mxyzkg.raw",1,255,0,1,1,1,495.115,1785.249,3064204,3064424,0,2978836,2978836,0,29284,11.617,1773.632,1048576,312380,1d7c950923fc59eeb35910c673e15e086efcfadf8d60ecec357b133906570cb0
"A0687_dotstg.raw",1,255,0,1,1,1,508.689,1787.027,3064212,3064424,0,2978836,2978836,0,29284,12.525,1774.502,1048576,312380,8af493a7c2ff243b667cb6f90d37d9b8d91e6c4b438596877f77723e91db6981
"A0688_lkidhn.raw",1,255,0,1,1,1,478.711,1784.410,3064212,3064424,0,2978836,2978836,0,29284,11.723,1772.687,1048576,312380,14bf02c4bc3672612403293cc104af30801743080656e86be67c37746675f59d
"A0689_ecg8rq.raw",1,255,0,1,1,1,490.235,1785.304,3063808,3064436,0,2978836,2978836,0,29284,12.471,1772.833,1048576,312380,9a29e7459e561956403db22767d06021516e1bed01805280e438f9d4ef2f49f1
"A0690_fp6cif.raw",1,255,0,1,1,1,526.964,1784.449,3064192,3064424,0,2978836,2978836,0,29284,11.621,1772.828,1048576,312380,fbadee44fbc37266f33a753720fd1698250cc945a6d2cf47c33f87cc67294f97
"A0691_lu7vv3.raw",1,255,0,1,1,1,508.819,1786.441,3064212,3064424,0,2978836,2978836,0,29284,11.914,1774.527,1048576,312380,d7e40a3285bf97ebcf82d664964616b0f1c13a558dd08120d71f7c31cf30bef9
"A0692_frjo2c.raw",1,255,0,1,1,1,594.604,1789.488,3064212,3064424,0,2978836,2978836,0,29284,12.170,1777.318,1048576,312380,4cb208c1db96b34680991f9fb3d7823c320d5d563b836f5a4c4a22bc018ca271
"A0693_btuo7s.raw",1,255,0,1,1,1,575.229,1793.100,3064212,3064424,0,2978836,2978836,0,29284,12.848,1780.252,1048576,312380,54c3a233e83ddaaab6152d050648c622065f5dc11b1885eb1f069c520ba60ed4
"A0694_atxruj.raw",1,255,0,1,1,1,671.235,1793.206,3064092,3064424,0,2978836,2978836,0,29284,11.865,1781.341,1048576,312380,abfb9c870eda67b0065926509176de64322c047b8a4629b07a3d184c2fc53d7c
"A0695_hrkksx.raw",1,255,0,1,1,1,480.600,1785.562,3064212,3064424,0,2978836,2978836,0,29284,11.657,1773.905,1048576,312380,f260d5fdf2a70742e1493d70e05df39c7d88d80c6c9e33ed92b413fda8c6cb58
"A0696_ljtnbr.raw",1,255,0,1,1,1,514.321,1792.776,3064212,3064424,0,2978836,2978836,0,29284,12.715,1780.061,1048576,312380,27e54f948469c60298d32ed1d2d0d35609ad250d6f22fc582e6e5e0746fc9572
"A0697_a8houf.raw",1,255,0,1,1,1,472.094,1784.180,3064212,3064424,0,2978836,2978836,0,29284,11.711,1772.469,1048576,312380,3ba581543e57cc9327805e6b1c108912e26760d5eda1554e1417a0fc72d4e386
"A0698_yqtdye.raw",1,255,0,1,1,1,575.901,1787.716,3064092,3064424,0,2978836,2978836,0,29284,13.546,1774.170,1048576,312380,17f453f61bae68761df1fc991657d5e0e42f0a246cb8e225b885cbf44cc7c2a0
"A0699_c5ntrp.raw",1,255,0,1,1,1,517.570,1787.165,3064092,3064424,0,2978836,2978836,0,29284,13.058,1774.107,1048576,312380,a4d1307f79e2c06ad7b749c1291290f682f0e739c90e12195f14fbc528cf3378
"A0700_yzn9kl.raw",1,255,0,1,1,1,517.739,1786.114,3064424,3064424,0,2978836,2978836,0,29284,11.558,1774.556,1048576,312380,2689cbb5fbca6acd0d06494699c21b3795d36ab04bca6dbe7bdef008c577ef7b
"A0701_v1ki5d.raw",1,255,0,1,1,1,484.254,1786.468,3064212,3064436,0,2978836,2978836,0,29284,11.577,1774.891,1048576,312380,d3445311b78f7d01d34f98cd939fef5862b3a567cd784d6c7439fc6bb0df9c5d
"A0702_hstgbe.raw",1,255,0,1,1,1,543.594,1783.390,3064192,3064424,0,2978836,2978836,0,29284,11.574,1771.816,1048576,312380,a4784c8ad75e1f85b437294479a0bba96a48248a93fe4c764399c8b0435fb2e1
"A0703_mbaedx.raw",1,255,0,1,1,1,576.830,1787.139,3064092,3064424,0,2978836,2978836,0,29284,13.495,1773.644,1048576,312380,17c3360fdb880c6add62ffb72fdb5b7d890ea3ccbdd07d3b6b98c11e76388d05
"A0704_k5if1t.raw",1,255,0,1,1,1,493.508,1783.527,3064212,3064424,0,2978836,2978836,0,29284,11.695,1771.832,1048576,312380,1efa00f8e4fca1b5dd853e00243707867c0465484f33845a50c41f461ff02450
"A0705_ydwgpw.raw",1,255,0,1,1,1,492.754,1786.013,3064092,3064424,0,2978836,2978836,0,29284,13.286,1772.727,1048576,312380,7f553a82fdb4a845c28517b98b59d8a605f7b9e1d90ab84bb3b64e3f8d665342
"A0706_agsphd.raw",1,255,0,1,1,1,517.487,1785.939,3064424,3064424,0,2978836,2978836,0,29284,12.404,1773.535,1048576,312380,60f18f5432fab0a4cdef8da68bef33eff013146ba303410ebfb1456a9e2596ee
"A0707_wbtmo0.raw",1,255,0,1,1,1,501.266,1788.459,3064212,3064424,0,2978836,2978836,0,29284,11.736,1776.723,1048576,312380,73844b28b96f1af73310d681766ebee7c695bfd86f864d7c8aebfd4d75211373
"A0708_pdxciv.raw",1,255,0,1,1,1,534.950,1785.860,3064212,3064424,0,2978836,2978836,0,29284,11.644,1774.216,1048576,312380,88fb524ceea42a9169bc214c0c173cbdd2e024dee3aab157d4dec5f209a1b6f8
"A0709_zo25jz.raw",1,255,0,1,1,1,516.881,1786.251,3064424,3064424,0,2978836,2978836,0,29284,11.609,1774.642,1048576,312380,e79a3ad15ee57a17cc75ac97b2de12d7712b8e8b62b5430dced8ed980787e4ef
"A0710_qsdnmb.raw",1,255,0,1,1,1,501.287,1784.409,2933140,2933352,0,2847764,2847764,0,29284,11.603,1772.806,1048576,312380,8746221f4c5443cc517b003a17ee2f476a01bdacf33a945771d16f8996881260
"A0711_eao2r7.raw",1,255,0,1,1,1,479.655,1786.055,2933140,2933352,0,2847764,2847764,0,29284,12.971,1773.084,1048576,312380,a0aad734f2d0a757ffdc4468ea0414df1987db5b0d782b28174ac0af8ddb3e6a
"A0712_fkstvf.raw",1,255,0,1,1,1,488.740,1783.917,2933352,2933352,0,2847764,2847764,0,29284,11.705,1772.212,1048576,312380,1e1be8ce5b92058a29d790be7b0a7aa97dbceb34d61493a73fa29e54f0f2cf75
"A0713_p604zz.raw",1,255,0,1,1,1,481.718,1785.389,2933140,2933364,0,2847764,2847764,0,29284,12.251,1773.138,1048576,312380,fdca4acc74d19a6582e63f251eb9abc3e5f34c29d696ec8fb6d7dbea07e9ae6b
"A0714_th7vbn.raw",1,255,0,1,1,1,508.591,1786.069,2933120,2933352,0,2847764,2847764,0,29284,11.591,1774.478,1048576,312380,f38913cf79e27a18148a25554f03e5146e0ac35b8f157dc0aba362ac012b8066
"A0715_arhy7w.raw",1,255,0,1,1,1,523.836,1784.752,2933352,2933352,0,2847764,2847764,0,29284,11.636,1773.116,1048576,312380,bb8c4d158a26fe7ad234b38c43998111bc15356f7366189ddab69a867001bf52
"A0716_qfyl1a.raw",1,255,0,1,1,1,500.196,1786.679,2933140,2933344,0,2847764,2847764,0,29284,11.660,1775.019,1048576,312380,d612edd0988b54edfacce701f3ab32c43aa5979d301dd8f1f59dc905896cb511
"A0717_tmb9mj.raw",1,255,0,1,1,1,523.006,1782.698,2933120,2933344,0,2847764,2847764,0,29284,11.792,1770.906,1048576,312380,04a44f7382b242ac9e17b11f7b6a5cc4b8a6cce44de3c80217b84fd8c32447cf
"A0718_w9cpn2.raw",1,255,0,1,1,1,573.119,1785.533,2933344,2933344,0,2847764,2847764,0,29284,11.722,1773.811,1048576,312380,f7c18601a276d39fa15735dcffe280f3f8d9efcc13e4259c37279e54e894e993
"A0719_codgmh.raw",1,255,0,1,1,1,534.694,1785.363,2933132,2933344,0,2847764,2847764,0,29284,12.171,1773.192,1048576,312380,d8f1f53872dc6810ccd636cd3890c85b0bf8db6f7fda63be8402b525924d44cf
"A0720_t0hofq.raw",1,255,0,1,1,1,529.460,1784.731,2933132,2933344,0,2847764,2847764,0,29284,11.985,1772.746,1048576,312380,eaf38b894ced07b6518fec51c7ddcd98eae63009a30938fa85031e10945b6cea
"A0721_sx9kqm.raw",1,255,0,1,1,1,538.434,1785.735,2933344,2933344,0,2847764,2847764,0,29284,12.573,1773.162,1048576,312380,c96e5f3a871d7f93bdfc92d8f39724a45fed33b5d41b792b1875aa4920f7e6f8
"A0722_zs38xf.raw",1,255,0,1,1,1,519.269,1784.832,2933344,2933344,0,2847764,2847764,0,29284,12.013,1772.819,1048576,312380,21c61e6fe5a8a649a1ac5f75fa8bb094c357437cb032ce579a3ecf00fea15712
"A0723_lfvpxj.raw",1,255,0,1,1,1,498.893,1783.743,2933132,2933344,0,2847764,2847764,0,29284,11.631,1772.112,1048576,312380,b1e4364b8ed5927052478b592e74b9cd35ede918428e0959fbd235cc2fb9a7ae
"A0724_w1gcov.raw",1,255,0,1,1,1,531.269,1784.903,2933344,2933344,0,2847764,2847764,0,29284,11.795,1773.108,1048576,312380,26821e7c389800cc1bce909c3e410800cbee6cf93c3da891efd8be310cbde7dd
"A0725_jgx9al.raw",1,255,0,1,1,1,722.883,1785.524,2933220,2933364,0,2847764,2847764,0,29284,11.667,1773.857,1048576,312380,bbadb7dbd2eb84d00afdf2a7ac38fecb546c75b892381d7e3481feffa8ed7f70
"A0726_cwzhr6.raw",1,255,0,1,1,1,496.676,1783.815,2933344,2933344,0,2847764,2847764,0,29284,11.635,1772.180,1048576,312380,a6cb86f93aa3ca3cdcf0c080ae629920908bd868bc6750ddd0fd209d85be088d
"A0727_ziohsv.raw",1,255,0,1,1,1,512.446,1785.647,2933344,2933344,0,2847764,2847764,0,29284,12.629,1773.018,1048576,312380,5a8771245c8d04e6bd428389969662f445e7ff773fd74b0843aad5d6af58666b
"A0728_mo46nf.raw",1,255,0,1,1,1,489.574,1784.110,2933344,2933344,0,2847764,2847764,0,29284,11.628,1772.482,1048576,312380,159066e91f7bcbdf64670789013ac6d8d4b11636787ffff700ae8660849a2e5e
"A0729_neyan5.raw",1,255,0,1,1,1,517.288,1782.952,2933344,2933344,0,2847764,2847764,0,29284,11.658,1771.294,1048576,312380,8d0127fac7ffd4348c8f4149a5f4687509f4f7800fb81a7b3fbefe7433fa3af2
"A0730_cqwiwg.raw",1,255,0,1,1,1,500.408,1784.245,2933132,2933344,0,2847764,2847764,0,29284,12.122,1772.123,1048576,312380,7045f57bba58a3044c7e68c03e8c9002aaa14fa2d3c999f803055ec4b185a2fa
"A0731_uhkr2d.raw",1,255,0,1,1,1,508.762,1785.899,2933132,2933344,0,2847764,2847764,0,29284,12.556,1773.343,1048576,312380,166b8a59415cf778e928582c3c9d3eabfd5fa9a8d6d41f607f1cd7882c7ee87d
"A0732_cluebf.raw",1,255,0,1,1,1,485.274,1783.528,2933132,2933344,0,2847764,2847764,0,29284,11.734,1771.794,1048576,312380,e37a5db2f645ad1264d1c1ad16041e22f6a96d8238d75b3775fce9f48250614b
"A0733_tozvut.raw",1,255,0,1,1,1,486.142,1783.313,2933132,2933344,0,2847764,2847764,0,29284,11.666,1771.647,1048576,312380,1d41f4e5771c6d66422bf2921993dc4b49863e2d93263e7768985b2dba2e6a00
"A0734_zrfaqr.raw",1,255,0,1,1,1,510.138,1784.777,2933132,2933344,0,2847764,2847764,0,29284,11.888,1772.889,1048576,312380,cb86860e2b1774f8ea35c30d56669e0c5117b954081f588c8c29118de5b6413a
"A0735_i6jg2b.raw",1,255,0,1,1,1,548.657,1784.424,2933132,2933344,0,2847764,2847764,0,29284,11.748,1772.676,1048576,312380,944b148a94601fe60a5a2faf842b76c4af97168975269d673e5f83c168276eef
"A0736_quqpgm.raw",1,255,0,1,1,1,487.015,1786.460,2933132,2933344,0,2847764,2847764,0,29284,11.641,1774.819,1048576,312380,b2c2aa2917908f2084276aff9ef842f919cf2269fd4d6e5606f2b9cbefde9a05
"A0737_ahipjn.raw",1,255,0,1,1,1,479.115,1783.849,2933132,2933364,0,2847764,2847764,0,29284,11.762,1772.087,1048576,312380,09b2a16e38435ae5e47bc626327251546dc6cb3fcddfbd7dd68ba5658b01e6c4
"A0738_bv3jys.raw",1,255,0,1,1,1,569.300,1783.270,2933132,2933336,0,2847764,2847764,0,29284,11.628,1771.642,1048576,312380,a94d6e3ded59176ea7a1f136a2779962c9788bcb7ed3e82a69ea7dac78dfab86
"A0739_ayrmtw.raw",1,255,0,1,1,1,531.368,1782.919,2933132,2933336,0,2847764,2847764,0,29284,11.670,1771.249,1048576,312380,7df3bc959b32204153ca0b56d74193a0bbe94734e528e26fc25f609447c7fd2e
"A0740_af8mbp.raw",1,255,0,1,1,1,490.478,1783.406,2933124,2933336,0,2847764,2847764,0,29284,11.664,1771.742,1048576,312380,a7b7ae029dd67334a38f2aa8f59710a1c6e5685cbcdff48a4aa599be2179d5f2
"A0741_v5un76.raw",1,255,0,1,1,1,664.610,1783.336,2933124,2933336,0,2847764,2847764,0,29284,12.233,1771.103,1048576,312380,45ad7f0a9f278e0d7b347331fdb5a574b40a733de42a4501d8e658e973c4a01d
"A0742_jvuzp7.raw",1,255,0,1,1,1,645.326,1783.514,2933132,2933336,0,2847764,2847764,0,29284,11.574,1771.940,1048576,312380,763a43cdc0a436632b0acd294b3c986e7ae656714cdcfd11f346ed4cc2f089a1
"A0743_b7akht.raw",1,255,0,1,1,1,608.240,1783.307,2933124,2933336,0,2847764,2847764,0,29284,11.623,1771.684,1048576,312380,1df95add3202b37b9bda109edb5fa5d5f376c1b24ce17b93c15417ddb901bdfb
"A0744_y2fd2p.raw",1,255,0,1,1,1,504.108,1785.693,2933124,2933336,0,2847764,2847764,0,29284,12.554,1773.139,1048576,312380,611abb01d61e6af1a45619635d51dc336c3093b46fe1d2788c72f5ba3cfe5309
"A0745_ldzhkv.raw",1,255,0,1,1,1,528.273,1784.666,2933124,2933336,0,2847764,2847764,0,29284,12.318,1772.348,1048576,312380,2627f373e6fc5755f62ff39f7988064f741079d68edae03f7cb756dbe7d8a12f
"A0746_gqwpws.raw",1,255,0,1,1,1,520.222,1785.852,2933124,2933336,0,2847764,2847764,0,29284,11.830,1774.022,1048576,312380,9ccc4e96284d226adf60958ba49455d4e39b92f52f27761147bc954bbfd7c8e6
"A0747_ezfdnk.raw",1,255,0,1,1,1,523.007,1784.723,2933124,2933336,0,2847764,2847764,0,29284,11.623,1773.100,1048576,312380,c12cf05451740a4a8811a4000f7c1974e5cfcbb40365275bdd501e041b57fe63
"A0748_wzqehg.raw",1,255,0,1,1,1,510.357,1785.689,2933128,2933336,0,2847764,2847764,0,29284,12.091,1773.598,1048576,312380,88a99688acf14f0665fe3d04d3ced2135173a3c83c8e2ae6548c41d813b954e2
"A0749_vgsiah.raw",1,255,0,1,1,1,542.321,1785.559,2933124,2933356,0,2847764,2847764,0,29284,11.801,1773.758,1048576,312380,ae2cac1f845503db461677eed90fb03bcf1d82787ce003c407a150cbb5479969
"A0750_bpxh1s.raw",1,255,0,1,1,1,604.800,1783.160,2933124,2933336,0,2847764,2847764,0,29284,11.580,1771.580,1048576,312380,3b78241636022978e3ad27db7ca924a67cc1055670381a03332e99d64ea16fa5
"A0751_tap7c8.raw",1,255,0,1,1,1,521.871,1782.453,2933124,2933336,0,2847764,2847764,0,29284,11.666,1770.787,1048576,312380,8f759219384a1eefe4a64fcf6c0b4f7374778f1f281c616f489baae07af7b92d
"A0752_dzsxgl.raw",1,255,0,1,1,1,533.174,1784.675,2933124,2933336,0,2847764,2847764,0,29284,11.849,1772.826,1048576,312380,3ce97c1a72e6c251c3da064021b11865adc7b45d7be0f8a3793d65d642f03a08
"A0753_qxijro.raw",1,255,0,1,1,1,525.487,1783.871,2933124,2933336,0,2847764,2847764,0,29284,11.622,1772.249,1048576,312380,8f9fc8e2a06455e5da98415100f5c7a047faebeb9de9907256978402fed4e2fd
"A0754_ivnsif.raw",1,255,0,1,1,1,472.332,1786.850,2933004,2933336,0,2847764,2847764,0,29284,13.162,1773.688,1048576,312380,86d89965ed22f2dfc05d693564e3286f3b32c049b5b808e700a60fe05b4e13a4
"A0755_pmnbme.raw",1,255,0,1,1,1,531.483,1785.012,2933124,2933336,0,2847764,2847764,0,29284,11.735,1773.277,1048576,312380,f9dae5ba03eb83758337062a6041272b6d8a6c28d589515088da745885d5590b
"A0756_elnhgh.raw",1,255,0,1,1,1,488.599,1782.868,2933124,2933336,0,2847764,2847764,0,29284,11.571,1771.297,1048576,312380,26e42110bf112f15a3cd4a4c81b0d48c5b46790da17a5c4eaac7cb349f70073d
"A0757_ulqvah.raw",1,255,0,1,1,1,499.123,1784.584,2933124,2933336,0,2847764,2847764,0,29284,11.693,1772.891,1048576,312380,3fc33bd7df2260b9930a339dc1eab0a09dffa36719b4e090087b9fa71003f100
"A0758_nvc3n3.raw",1,255,0,1,1,1,554.302,1783.262,2933132,2933336,0,2847764,2847764,0,29284,11.686,1771.576,1048576,312380,d59bf3752edb8e57817e87fe5f8fa36ddbba0940829a287dbe0023d82c2121f7
"A0759_mp4ucz.raw",1,255,0,1,1,1,497.139,1785.783,2933124,2933336,0,2847764,2847764,0,29284,12.353,1773.430,1048576,312380,165d820e76bae8014982a835533d95957cb896a52343ba20f4aa89ecb8266290
"A0760_pwodmg.raw",1,255,0,1,1,1,543.435,1785.122,2933008,2933336,0,2847764,2847764,0,29284,11.562,1773.560,1048576,312380,9e14770b2ffe88ad3845d1bcc88b0540ec2820ab84798da0f6c38bb26076e6aa
"A0761_gktx9g.raw",1,255,0,1,1,1,575.244,1786.836,2933008,2933356,0,2847764,2847764,0,29284,12.255,1774.581,1048576,312380,2cb637ec4b7380b38ae00d622124352d5f787fefdae138fc27f6863b5296e75b
"A0762_mhfrja.raw",1,255,0,1,1,1,480.094,1785.063,2933000,2933336,0,2847764,2847764,0,29284,13.114,1771.949,1048576,312380,789b87a3ab892db02a0b345a85f8f13ea597603d0c5ec5c64ad6e55d95742091
"A0763_kz7nwg.raw",1,255,0,1,1,1,508.813,1785.863,2933124,2933336,0,2847764,2847764,0,29284,11.972,1773.891,1048576,312380,d6ff0fa5159d36daf43e4aa798a1fd474b3047dc3106b74e6c9f88588a76035b
"A0764_lxm0zi.raw",1,255,0,1,1,1,489.180,1783.062,2933132,2933336,0,2847764,2847764,0,29284,11.625,1771.437,1048576,312380,906300d7d85c3dfff71a7d68d92ae61ac49f01937c5855ec29be7cbaa44adae2
"A0765_hb6vpl.raw",1,255,0,1,1,1,521.499,1783.405,2933124,2933336,0,2847764,2847764,0,29284,11.852,1771.553,1048576,312380,8144c2a178f504acaf3b6e098dd3ca6ee64c5c5296425a33899e66895e8b21b9
"A0766_gdqm08.raw",1,255,0,1,1,1,508.787,1783.657,2933124,2933336,0,2847764,2847764,0,29284,11.621,1772.036,1048576,312380,15b4e7252c805149bbd29cc01c08937d095583af957f423e5a309eff5c2eef05
"A0767_c4eudg.raw",1,255,0,1,1,1,512.735,1787.977,2933124,2933336,0,2847764,2847764,0,29284,12.339,1775.638,1048576,312380,658165d966b96fef4519f9c3e9da9c85c452b565f94295e5774f3f06cc6681aa
"A0768_z8pnck.raw",1,255,0,1,1,1,514.021,1785.258,2933128,2933336,0,2847764,2847764,0,29284,11.963,1773.295,1048576,312380,4b09ba679b71405fe180d6ab966f248984197904bbc01b5d140c6980052bc597
"A0769_t2p9wf.raw",1,255,0,1,1,1,509.707,1786.414,2933124,2933336,0,2847764,2847764,0,29284,11.745,1774.669,1048576,312380,f6db975a46205bf6fefd4bd0876b8a6c49db3a2355f70bcda1c72723fbe3b4f2
"A0770_qc16xw.raw",1,255,0,1,1,1,519.689,1784.557,2933124,2933336,0,2847764,2847764,0,29284,11.695,1772.862,1048576,312380,fa2efc8b2663e46c411e63ba5b3aaead6041ba846d94e8865f6f9615434a3584
"A0771_lteyd8.raw",1,255,0,1,1,1,481.372,1784.101,2933124,2933336,0,2847764,2847764,0,29284,11.647,1772.454,1048576,312380,23091a1ad84285ecc85b73ab53f3e37798a74fe274a27b8da52dac9db410f905
"A0772_hisnqq.raw",1,255,0,1,1,1,480.338,1784.423,2933124,2933336,0,2847764,2847764,0,29284,11.582,1772.841,1048576,312380,17f3823c55dd86ab7a2864a99054fb17843aaada65add763e187c285b27c33e5
"A0773_pe60gn.raw",1,255,0,1,1,1,491.083,1783.399,2933124,2933356,0,2847764,2847764,0,29284,11.650,1771.749,1048576,312380,352e216f6e072275777a4deb630b894633aeb4ad1e7cbc4269ffdd0f98f95a4a
"A0774_gfy44o.raw",1,255,0,1,1,1,512.946,1785.483,2933124,2933336,0,2847764,2847764,0,29284,12.692,1772.791,1048576,312380,7ec9eab7073f79257f819e349c3547fb8ede95fdc083a9d11d96a43e56c3af5c
"A0775_kd4cr3.raw",1,255,0,1,1,1,478.415,1783.849,2933124,2933320,0,2847764,2847764,0,29284,11.698,1772.151,1048576,312380,3bf636590b4ed347c1926cfbf9491e3143d111dcdde6d7658f20fa753e24fa3f
"A0776_sepafz.raw",1,255,0,1,1,1,504.978,1783.720,2933124,2933336,0,2847764,2847764,0,29284,11.721,1771.999,1048576,312380,1b2c1fd85952c4ee5c7d8800db6bc5c395d99461719a780f7e2bb29273fb93ef
"A0777_yegzuc.raw",1,255,0,1,1,1,502.514,1785.795,2933124,2933336,0,2847764,2847764,0,29284,12.284,1773.511,1048576,312380,50d3a47f4079ca9739f2777018e2d653a298946f9a3f61af358df983c34125a9
"A0778_tvv5oo.raw",1,255,0,1,1,1,483.313,1785.305,2933124,2933336,0,2847764,2847764,0,29284,11.570,1773.735,1048576,312380,0ec7aa23fb0e903a9401f52da5c54f5b8610a6d7cb7100332c6546168b35c035
"A0779_lvwafk.raw",1,255,0,1,1,1,512.185,1782.961,2933124,2933336,0,2847764,2847764,0,29284,11.652,1771.309,1048576,312380,e93691007d3c12179278d8e889719d3cda1b1fa693494d6a98d577d1bcfc5609
"A0780_oyqtpe.raw",1,255,0,1,1,1,498.661,1783.667,2933124,2933336,0,2847764,2847764,0,29284,11.671,1771.996,1048576,312380,4b7ef08e11a23b7ea165d5de3e3594a729eb391b259166be81d597ed4a2848d7
"A0781_jmchun.raw",1,255,0,1,1,1,519.318,1785.207,2933124,2933336,0,2847764,2847764,0,29284,12.465,1772.742,1048576,312380,85d808afdaae06f2cdab195cfddb0f630aeef1813c9074cd2f6f0ac07c15b37c
"A0782_anecaj.raw",1,255,0,1,1,1,481.826,1783.742,2933124,2933336,0,2847764,2847764,0,29284,11.684,1772.058,1048576,312380,fbae2a04cdc26792648e5cc3702d95e316e8c78c93205e72cc4c426c79f778c9
"A0783_j769tq.raw",1,255,0,1,1,1,494.599,1783.817,2933124,2933336,0,2847764,2847764,0,29284,11.613,1772.204,1048576,312380,834f5dda5da4bd8b6007a2fa73f4c3e259e69e7726002c10478586f178537ac4
"A0784_abqfgd.raw",1,255,0,1,1,1,482.024,1785.568,2933124,2933336,0,2847764,2847764,0,29284,11.717,1773.851,1048576,312380,a21446937c684f55042abe27831505bf36f31a748f3eaed3100e74b358e73264
"A0785_c6yplw.raw",1,255,0,1,1,1,542.586,1785.596,2933124,2933336,0,2847764,2847764,0,29284,12.022,1773.574,1048576,312380,31128235d00718dbcbf99dba21c39d6d945ece9026bb25040273131f2caf772a
"A0786_hz3ruq.raw",1,255,0,1,1,1,498.965,1786.016,2933124,2933336,0,2847764,2847764,0,29284,11.727,1774.289,1048576,312380,e23fbc488a045d71ce4d955e2ab657a2e5c5f43db65617e3cdf89253aa0efec8
"A0787_xygfgg.raw",1,255,0,1,1,1,522.618,1786.170,2933124,2933344,0,2847764,2847764,0,29284,11.764,1774.406,1048576,312380,712f11da9476988288cef56f7998b0c0c288b1feeeb59c3d0d42eaa5827c96e2
"A0788_yjwwxm.raw",1,255,0,1,1,1,501.355,1783.632,2933132,2933344,0,2847764,2847764,0,29284,11.662,1771.970,1048576,312380,e0aa14e16c202ce86dbc329945c119252c92246baddd1535495b0a44cee20205
"A0789_wrmiqn.raw",1,255,0,1,1,1,504.789,1785.908,2933132,2933344,0,2847764,2847764,0,29284,12.643,1773.265,1048576,312380,dba80a3c23ee4d2dc7665a82811882362c6ed015ca4b9c98a1f19cbd56b2271b
"A0790_ffjth8.raw",1,255,0,1,1,1,518.697,1785.405,2933132,2933344,0,2847764,2847764,0,29284,12.154,1773.251,1048576,312380,d1dc4d52e38781a1104716bafb76a4a807d94f5ec412545bc8b243d7ed02e427
"A0791_rwkksd.raw",1,255,0,1,1,1,490.377,1782.672,2933132,2933344,0,2847764,2847764,0,29284,11.620,1771.052,1048576,312380,945984b8da0ba6acc0c01688ea78faf05f41b1bffa2d205425cd12831455e9c2
"A0792_jz0kby.raw",1,255,0,1,1,1,528.899,1782.476,2933132,2933344,0,2847764,2847764,0,29284,11.672,1770.804,1048576,312380,be3e59ee1572d3ed88a6cf0988816f598ce355b1a68926f50ec1075b55d44722
"A0793_q5eknu.raw",1,255,0,1,1,1,489.852,1786.268,2933132,2933344,0,2847764,2847764,0,29284,12.417,1773.851,1048576,312380,ebd4d3968b8d4281273b2aeca079646374143ec1a585dcb4105c4d40fc9eb4a9
"A0794_jlctou.raw",1,255,0,1,1,1,484.225,1784.398,2933132,2933344,0,2847764,2847764,0,29284,11.672,1772.726,1048576,312380,617c17ce52cf899c43e214eff8a3a909594737fddcfefcb766d3f79b1000c54f
"A0795_dlu2tf.raw",1,255,0,1,1,1,515.593,1783.617,2933132,2933344,0,2847764,2847764,0,29284,11.718,1771.899,1048576,312380,e6268509c70dcb5be58f4973c29d3aacd7f431b29d917a6e17cfccf37cb8a0eb
"A0796_fen6x8.raw",1,255,0,1,1,1,479.131,1786.857,2933132,2933344,0,2847764,2847764,0,29284,12.655,1774.202,1048576,312380,9941f2e8d0abc20c146b4f688c7b052ecd246fc82b116ebc64092f6cb0bc9598
"A0797_xdtxb3.raw",1,255,0,1,1,1,496.327,1785.079,2933132,2933344,0,2847764,2847764,0,29284,11.606,1773.473,1048576,312380,5aedb375a86747c328e992d907d94712f6a6144016d004de84d49295ccf8502c
"A0798_jkunfk.raw",1,255,0,1,1,1,532.188,1785.110,2933132,2933344,0,2847764,2847764,0,29284,11.711,1773.399,1048576,312380,6cce47b30cb9fb8a34dcc994d27efd6d5235d2a31e7b6a98d6c1618d1c768c42
"A0799_vjt21o.raw",1,255,0,1,1,1,508.959,1782.746,2933132,2933344,0,2847764,2847764,0,29284,11.577,1771.169,1048576,312380,d927d623660e17ee18291e7a74b50ce9124ca373441613b73435dc505356de2f
"A0800_kthm4k.raw",1,255,0,1,1,1,489.598,1786.064,2933132,2933344,0,2847764,2847764,0,29284,12.284,1773.780,1048576,312380,973d2c733afe98b4bdd6b6c10361603f0133252e8b10f608e58a5ba20f77d0df
"A0801_qy2gh7.raw",1,255,0,1,1,1,481.833,1784.250,2933132,2933344,0,2847764,2847764,0,29284,11.641,1772.609,1048576,312380,d323bbc126d34a59833ff0e2408a377ea50d8eaf05428a02014f07dc200e4699
"A0802_lt20a2.raw",1,255,0,1,1,1,515.676,1796.826,2933004,2933344,0,2847764,2847764,0,29284,13.000,1783.826,1048576,312380,227f83c31f812dd3cbe7199d13d1aee06693e80f4f99cc4493ac99f114566efa
"A0803_znzztd.raw",1,255,0,1,1,1,480.010,1794.101,2933004,2933344,0,2847764,2847764,0,29284,13.213,1780.888,1048576,312380,cb433219e0788999b021e4ae1fee684b92f12d1ef915671deeb926f82224c252
"A0804_gnttml.raw",1,255,0,1,1,1,618.388,1791.255,2933008,2933344,0,2847764,2847764,0,29284,13.920,1777.335,1048576,312380,3e24983d3951fd3c8a9dafe2e633cbe318d4fbf1f746156e70eefb69b049e7b2
"A0805_qgyejs.raw",1,255,0,1,1,1,480.389,1784.579,2933132,2933344,0,2847764,2847764,0,29284,11.831,1772.748,1048576,312380,c2a2685e64854933bdc89760fb09e051419dbaf3bb7d4d88d1f573c211415100
"A0806_gbqjrm.raw",1,255,0,1,1,1,525.075,1785.278,2933132,2933344,0,2847764,2847764,0,29284,11.628,1773.650,1048576,312380,2e3614ce39d3e49ba6b2863c0f61d32ef8d8adfc08b316e19e36cd038d71ddb9
"A0807_srsgal.raw",1,255,0,1,1,1,495.210,1784.134,2933132,2933344,0,2847764,2847764,0,29284,11.609,1772.525,1048576,312380,3c7b32abb2848ccb0c1dc01668e0acf43608615728d6a66815f19e699b17bc8e
"A0808_o72bpe.raw",1,255,0,1,1,1,615.465,1787.824,2933004,2933344,0,2847764,2847764,0,29284,12.801,1775.023,1048576,312380,45d74604d2ab525af318479845fd6b9e6ee9db4afbd7791898ddd75f4de77e07
"A0809_mtwcdw.raw",1,255,0,1,1,1,504.797,1784.551,2933132,2933344,0,2847764,2847764,0,29284,11.748,1772.803,1048576,312380,6a4d743b921cff6465f8e6f31cd8db9b21738ce810203dca956b5f63dcbc98fe
"A0810_am9etb.raw",1,255,0,1,1,1,533.077,1785.825,2933132,2933344,0,2847764,2847764,0,29284,11.606,1774.219,1048576,312380,bd51a415218b1cdfc04d35d42c8e8691422e0054d727f03ef3847f211fb585a6
"A0811_twfcsa.raw",1,255,0,1,1,1,499.686,1782.659,2933132,2933344,0,2847764,2847764,0,29284,11.707,1770.952,1048576,312380,c0e1fb3908fdc69acb49aa1407a9f59d4f6eaf35e4174fa4506a4669ecbed206
"A0812_gsoo5u.raw",1,255,0,1,1,1,511.810,1783.700,2933132,2933344,0,2847764,2847764,0,29284,11.609,1772.091,1048576,312380,4d35d99ad925bd62d86d0650a829a2053e9e06b6eaf8524f7de6d3f6f2a9cea1
"A0813_czg8xs.raw",1,255,0,1,1,1,536.409,1784.397,2933132,2933344,0,2847764,2847764,0,29284,11.603,1772.794,1048576,312380,871c383bfbbbb593a7c84edb426d1d1b137878f9f323e5cef0b9a44b6941908b
"A0814_iqcu4r.raw",1,255,0,1,1,1,540.647,1783.113,2933132,2933344,0,2847764,2847764,0,29284,11.863,1771.250,1048576,312380,5ac5266d62b09944f585988bf1d67dc3fb65db92ce0a65356ecfc2279997dc3f
"A0815_ixtziy.raw",1,255,0,1,1,1,522.334,1782.938,2933132,2933344,0,2847764,2847764,0,29284,11.562,1771.376,1048576,312380,102deaa98a295f665011244052f216be7f4925420279fed6bcba31a0a80eb28d
"A0816_tghjgs.raw",1,255,0,1,1,1,500.877,1785.279,2933132,2933344,0,2847764,2847764,0,29284,11.776,1773.503,1048576,312380,670d9c11c917dd439751d0bba2ec951aec5776b72c12209c28ccff59598dcf13
"A0817_dxebmm.raw",1,255,0,1,1,1,474.558,1783.496,2933132,2933344,0,2847764,2847764,0,29284,11.693,1771.803,1048576,312380,206ef1a0832d70c1946d3e02564779bb1a147c4f5b8916adeeccb054963f5f72
"A0818_kuijdh.raw",1,255,0,1,1,1,486.681,1784.225,2933132,2933344,0,2847764,2847764,0,29284,12.078,1772.147,1048576,312380,8ab44f026e0d85ddd72dd1953cf193351dda7d7bc21abe4837c3293bb251647f
"A0819_rp57wb.raw",1,255,0,1,1,1,508.230,1785.412,2933132,2933344,0,2847764,2847764,0,29284,11.811,1773.601,1048576,312380,07a864a7d009cea2ec380341476de4b010c16e85f8f2ed7cb827764ba2df36c4
"A0820_amhgh5.raw",1,255,0,1,1,1,495.985,1784.235,2933132,2933328,0,2847764,2847764,0,29284,11.867,1772.368,1048576,312380,38e23695a2dda46511aa5c38b8d55940c196407159a27cd95e274ca0b59dc354
"A0821_dpb0zj.raw",1,255,0,1,1,1,514.021,1783.250,2933132,2933344,0,2847764,2847764,0,29284,11.601,1771.649,1048576,312380,3672248fd2b6d8e4d95e52475cf84099852689e426ace2f9d19510204d9af6e1
"A0822_bex9ua.raw",1,255,0,1,1,1,705.000,1784.397,2933004,2933344,0,2847764,2847764,0,29284,13.006,1771.391,1048576,312380,c161e05e5fff3c1433a860626595e121d1f52b09618bd471738c8394c4767855
"A0823_o967ym.raw",1,255,0,1,1,1,736.914,1785.219,2933004,2933344,0,2847764,2847764,0,29284,13.051,1772.168,1048576,312380,5e38fdf34247f2c1e188de215cd79137fc95d4cc075af940f0d034138966e5de
"A0824_qsi0hj.raw",1,255,0,1,1,1,1246.722,1783.265,2933344,2933344,0,2847764,2847764,0,29284,11.639,1771.626,1048576,312380,56ca4337a50af6f7ed60683110a27a7a57c24c55ad975ca6b002e52af5933fac
"A0825_hjytxc.raw",1,255,0,1,1,1,750.550,1782.952,2933344,2933344,0,2847764,2847764,0,29284,11.619,1771.333,1048576,312380,a981e459984b52ae8f15f076fa9f2d9439ae01d4a8d555f17cb4f00ad33fb223
"A0826_kkg5ee.raw",1,255,0,1,1,1,752.496,1783.346,2933344,2933556,0,2847764,2847764,0,29284,11.653,1771.693,1048576,312380,549a7a2f9efcb86b7ba84cdc771ed165722107319a0cf5f94fb783a245f591da
"A0827_ftxg1t.raw",1,255,0,1,1,1,836.249,1782.688,2933332,2933556,0,2847764,2847764,0,29284,11.549,1771.139,1048576,312380,f161219b458073bc97f4c9ab6e79261406674c06430097aea3a652d070c900d6
"A0828_xddlp6.raw",1,255,0,1,1,1,812.957,1785.021,2933332,2933556,0,2847764,2847764,0,29284,12.078,1772.943,1048576,312380,54d0a43c750d6d23a6c85fa7e3a67431ba97288e1e4a26cd3878f1725c37b702
"A0829_dgebqn.raw",1,255,0,1,1,1,753.893,1784.388,2933344,2933556,0,2847764,2847764,0,29284,11.640,1772.748,1048576,312380,abcb5b4721e850e1c116b31dc7095f1a4440ff3cb4c955f28fd4f78574ee7893
"A0830_o3xuwi.raw",1,255,0,1,1,1,933.640,1782.878,2933332,2933556,0,2847764,2847764,0,29284,11.639,1771.239,1048576,312380,88d74fe447f1ce96b399129087fd422d3c15ec467be0975dda4ac09973c214cd
"A0831_uabfse.raw",1,255,0,1,1,1,1338.553,1783.925,2933544,2933556,0,2847764,2847764,0,29284,11.604,1772.321,1048576,312380,bd9bb5d20dd03ede2d043be17d91cbd42275855d2dadfdea4d29fce94b11ff01
"A0832_pjntoi.raw",1,255,0,1,1,1,1040.515,1783.479,2933556,2933768,0,2847764,2847764,0,29284,11.686,1771.793,1048576,312380,30841b9c6c407f38d76fd24ad29522022ab13e8a7f6772571bfdc838d5b7f2d2
"A0833_iqqihe.raw",1,255,0,1,1,1,1073.626,1783.430,2933556,2933768,0,2847764,2847764,0,29284,11.578,1771.852,1048576,312380,41d2784f19358bac763d4fd2688004f809391a331f82b6ba8b82d0def008ddb5
"A0834_oqopsc.raw",1,255,0,1,1,1,740.891,1783.184,2933544,2933768,0,2847764,2847764,0,29284,11.657,1771.527,1048576,312380,0941eca984aff46bb80a24338ecf4e8263549e4d8fca008abc82b45ae40e8d6d
"A0835_kpnzqt.raw",1,255,0,1,1,1,1069.747,1785.558,2933556,2933768,0,2847764,2847764,0,29284,11.762,1773.796,1048576,312380,744306e883da4b21397ffaa5e04dc7097e16f90a8baacd2c8c2b714bf6ad85bc
"A0836_fayzsd.raw",1,255,0,1,1,1,807.022,1784.175,2933768,2933768,0,2847764,2847764,0,29284,11.616,1772.559,1048576,312380,638be9c41b48ba3a2a5f124ddaa613ea323684af4d29325cb2d3ac1f23d5e072
"A0837_pn2hjo.raw",1,255,0,1,1,1,736.321,1783.523,2933768,2933768,0,2847764,2847764,0,29284,11.579,1771.944,1048576,312380,530754304b1efe39ea14f1ac35da8f250f24f76fa59d2b1cafcbfd176ad4ed1d
"A0838_gafnw9.raw",1,255,0,1,1,1,711.374,1782.859,2933768,2933980,0,2847764,2847764,0,29284,11.642,1771.217,1048576,312380,ff2d94aeb3b311391e2df65e1f0d275e9effefe3f1f9f4176806707c2a19f9ff
"A0839_qmlmte.raw",1,255,0,1,1,1,723.813,1785.270,2933768,2933980,0,2847764,2847764,0,29284,12.435,1772.835,1048576,312380,b17704d7061c8a2d086893f2535bd4ea24a924da93bc7007594f7d8161973b53
"A0840_kxoujm.raw",1,255,0,1,1,1,1459.958,1783.922,2933768,2933980,0,2847764,2847764,0,29284,11.761,1772.161,1048576,312380,d4836c81e2358a5674ec4366ca0a1df707fbc57319d8fdb4d28a2a9700c77973
"A0841_n7lygh.raw",1,255,0,1,1,1,772.008,1785.912,2933768,2933980,0,2847764,2847764,0,29284,12.350,1773.562,1048576,312380,36758ed2f241e2fbed3b872be07f2be247f00f255fe89f72031f08ea76b55205
"A0842_c2lqo5.raw",1,255,0,1,1,1,1105.857,1783.834,2933980,2933980,0,2847764,2847764,0,29284,11.669,1772.165,1048576,312380,ec39cb012b3f503b066b63918485076c5b8e7655752e3733be6ce138fc079023
"A0843_agsv4a.raw",1,255,0,1,1,1,747.917,1786.435,2933980,2934192,0,2847764,2847764,0,29284,11.523,1774.912,1048576,312380,54cdb531096a326f1aa4f9e3f0ea7fd278d11ba65d26450c5137b2cf6ea07460
"A0844_aizd01.raw",1,255,0,1,1,1,1534.750,1784.786,2933980,2934192,0,2847764,2847764,0,29284,11.679,1773.107,1048576,312380,b209bef6416c5efa4bab62bc1dd5e7f5cbd8be38b7e246995a1d46cc16973e12
"A0845_v6auie.raw",1,255,0,1,1,1,1060.038,1784.917,2933852,2934192,0,2847764,2847764,0,29284,13.221,1771.696,1048576,312380,789b33597536bba81c8933e794a2bde537a4ab2aee5fe7ce6f1c995a35beacba
"A0846_wyvlez.raw",1,255,0,1,1,1,1042.381,1783.405,2934192,2934192,0,2847764,2847764,0,29284,11.616,1771.789,1048576,312380,2bba5e28c16899af407cdb68a525779611986fea61115c7715a6bc2b9f9ab330
"A0847_jcpyws.raw",1,255,0,1,1,1,1013.404,1785.770,2934192,2934404,0,2847764,2847764,0,29284,12.610,1773.160,1048576,312380,b44133ad56eb707a0a620411da12009992e52f0fa06e2fc86e1cd104606e0236
"A0848_ytdcof.raw",1,255,0,1,1,1,1186.364,1782.946,2934192,2934404,0,2847764,2847764,0,29284,11.634,1771.312,1048576,312380,d47a87d6f07063d57518a9a73da17f05fc486b184fa4853094efa35cf5ad0568
"A0849_fi8nwc.raw",1,255,0,1,1,1,742.702,1783.394,2934192,2934404,0,2847764,2847764,0,29284,11.644,1771.750,1048576,312380,7ac2fea683d35bd2546c5da1c09bf7c992aff99ef0a5ae49e7503899d4408de6
"A0850_adz62q.raw",1,255,0,1,1,1,1010.005,1785.409,2934064,2934404,0,2847764,2847764,0,29284,13.154,1772.255,1048576,312380,495097c0566a53e6228f48a822d85e32bf7719f944020abce8886e8005e7b32d
"A0851_jwbnzd.raw",1,255,0,1,1,1,735.069,1784.244,2934404,2934404,0,2847764,2847764,0,29284,11.731,1772.513,1048576,312380,ce1d3a5f631c746af8dc55d43d513b60784fd2eaabe0a6464aa8ba2e2a2d433f
"A0852_ziwclm.raw",1,255,0,1,1,1,735.705,1784.989,2934404,2934404,0,2847764,2847764,0,29284,11.838,1773.151,1048576,312380,e5f2639900c2c034814b4404cae1d3a9e4fe5514987682603dcd189d70f6ef14
"A0853_ys0kkm.raw",1,255,0,1,1,1,1178.652,1786.232,2934404,2934616,0,2847764,2847764,0,29284,11.668,1774.564,1048576,312380,5db343eda24cb3f493a06a1d904fb53f3c635d64437e76ba302c83de563b74e7
"A0854_uyc7pt.raw",1,255,0,1,1,1,941.393,1783.755,2934404,2934616,0,2847764,2847764,0,29284,11.661,1772.094,1048576,312380,d117118d05b7e8ecace8c5a5b3a2ed554f3da460d0d3009f84388fd201cabc0f
"A0855_p8gbah.raw",1,255,0,1,1,1,1105.304,1785.402,2934404,2934616,0,2847764,2847764,0,29284,12.420,1772.982,1048576,312380,35faba79be4939e023d0cd77dda4e819f792cb00eee200a0eb43ae6bcc336b5f
"A0856_w4ydp5.raw",1,255,0,1,1,1,1148.628,1783.853,2934616,2934616,0,2847764,2847764,0,29284,11.592,1772.261,1048576,312380,ad2f497346732208e4cb73d31f8d0eb088d7c573a9899847106c1144b7986a67
"A0857_eiffvb.raw",1,255,0,1,1,1,833.793,1786.102,2934616,2934828,0,2847764,2847764,0,29284,12.272,1773.830,1048576,312380,4e5e7561437cc81c483b1de8ae59cc603df4143a9e6f68dd3e76c2a74cfaac6a
"A0858_fbtdia.raw",1,255,0,1,1,1,776.068,1783.472,2934616,2934828,0,2847764,2847764,0,29284,11.642,1771.830,1048576,312380,7dcdf86fbc6ed0a3cb379729af25c86548cc575e6fb94777f7d697ef109cb85d
"A0859_bosar1.raw",1,255,0,1,1,1,831.855,1783.294,2934616,2934828,0,2847764,2847764,0,29284,11.625,1771.669,1048576,312380,6d057691f32060a1af110767296014f3f331a8916bb9dc034293674915e3f459
"A0860_brpwnp.raw",1,255,0,1,1,1,699.036,1785.727,2934616,2934828,0,2847764,2847764,0,29284,12.307,1773.420,1048576,312380,6bb619e0997ac1c8b60414ea953ba8bdce01d40425085cd7b96159ecb078c3dd
"A0861_qctamz.raw",1,255,0,1,1,1,776.928,1783.099,2934616,2934828,0,2847764,2847764,0,29284,11.674,1771.425,1048576,312380,59ec34d7f71302c578a021b0ed238605e7b04cf1da7caf3aedef6c9b7bf63e5c
"A0862_se4vht.raw",1,255,0,1,1,1,1007.360,1785.766,2934496,2934828,0,2847764,2847764,0,29284,11.572,1774.194,1048576,312380,9bf4ae8d976a31ea1b725fb3e6405cddfd57338c83ba67df01baf009567d9a3f
"A0863_kl7mi5.raw",1,255,0,1,1,1,773.948,1783.356,2934828,2934828,0,2847764,2847764,0,29284,11.640,1771.716,1048576,312380,ec9423809537a10bdd469ef5d00582bed9140c034a0596eb932a1905cb8bb667
"A0864_fxj0vg.raw",1,255,0,1,1,1,732.188,1783.201,2934828,2934828,0,2847764,2847764,0,29284,11.612,1771.589,1048576,312380,1aa33b5ec5b9ca339cd306ec07f76916612207911faf928c061377ef84215f04
"A0865_ayay7r.raw",1,255,0,1,1,1,807.731,1783.192,2934828,2935040,0,2847764,2847764,0,29284,11.807,1771.385,1048576,312380,4c1db2de28e79c05b90b4609037a7f6ae0eb2d7a5c4f08588189c7622aad1932
"A0866_auzumj.raw",1,255,0,1,1,1,1088.574,1783.482,2934828,2934828,0,2847764,2847764,0,29284,11.576,1771.906,1048576,312380,aa58348cea08fc916dd6200dd869784922c10f05ce2480a42f1f536885dcb487
"A0867_zzxjey.raw",1,255,0,1,1,1,804.744,1783.396,2934828,2934828,0,2847764,2847764,0,29284,11.649,1771.747,1048576,312380,9a8ee367596c7307e325c4f271a036c8b8518a18e1d4645fcf97c5cf46987669
"A0868_qi0zfk.raw",1,255,0,1,1,1,1070.450,1783.266,2934828,2934828,0,2847764,2847764,0,29284,11.672,1771.594,1048576,312380,471aec71ecd0ab0aec9d90b2690b85680272afcd7d29a3a0e1a074b86c44b04c
"A0869_yea4tb.raw",1,255,0,1,1,1,812.870,1784.223,2934828,2935040,0,2847764,2847764,0,29284,11.640,1772.583,1048576,312380,983cd3d0885db7170aca40413f7c1071d097126a03317351e11dcefdf5aeeddc
"A0870_u0jlmt.raw",1,255,0,1,1,1,726.303,1785.032,2934708,2935040,0,2847764,2847764,0,29284,13.205,1771.827,1048576,312380,9236f04bb28705f8be1f3731f21981a10fe7f5226ff51039505348a1bb7579c2
"A0871_ftgu40.raw",1,255,0,1,1,1,725.427,1785.239,2934828,2934828,0,2847764,2847764,0,29284,12.449,1772.790,1048576,312380,0bef06abdad79621c7eeb9ff2dde8736a862fe94bbea7041a11f48d7b509bcf5
"A0872_difcct.raw",1,255,0,1,1,1,778.240,1786.495,2934708,2934828,0,2847764,2847764,0,29284,13.649,1772.846,1048576,312380,e73f4301d073deae3ea5e70dd91a39d9f06b58ccf281b00f17a29a6f3160889f
"A0873_i2kbuf.raw",1,255,0,1,1,1,826.894,1782.985,2934828,2934828,0,2847764,2847764,0,29284,11.647,1771.338,1048576,312380,0580b6872d9d2e8a32b3f6ec8e3055535227a685c258cacc60e3c462128f24c6
"A0874_dumoqo.raw",1,255,0,1,1,1,949.633,1783.411,2934828,2934828,0,2847764,2847764,0,29284,11.628,1771.783,1048576,312380,0ff4693b9239fddc7c62cb85fb310f5e7d4dc5fe8e4fee63723feceb6f66d9ba
"A0875_jplqug.raw",1,255,0,1,1,1,1265.530,1786.531,2934708,2934828,0,2847764,2847764,0,29284,13.763,1772.768,1048576,312380,7195f7439a8f5eb50ba235a960d8a8bc5511500ce8868ecdc0377a9266bc02ed
"A0876_kfliex.raw",1,255,0,1,1,1,734.643,1784.036,2934828,2934828,0,2847764,2847764,0,29284,11.622,1772.414,1048576,312380,3de4f35c6b96e4497137150d08cad195f734de485e7d628dd3611f9a0c0ca6b9
"A0877_scracb.raw",1,255,0,1,1,1,796.770,1784.134,2934828,2934828,0,2847764,2847764,0,29284,11.583,1772.551,1048576,312380,c53f1392b20d7f644e7c06fc06fe2a72dac85a1975da1312fe629f811528d3a2
"A0878_cz9uy5.raw",1,255,0,1,1,1,1125.953,1785.600,2934828,2934828,0,2847764,2847764,0,29284,12.499,1773.101,1048576,312380,44b49a20bc312632fb867792a1866154c91c32736bb370116bd805a29091adf9
"A0879_frshjz.raw",1,255,0,1,1,1,821.037,1786.534,2934828,2934828,0,2847764,2847764,0,29284,11.566,1774.968,1048576,312380,eb23dc499f7d9e42b7eac92837e925ca1541a4d39974d51b087ef8fa04dc5352
"A0880_exaxxq.raw",1,255,0,1,1,1,866.858,1784.426,2934828,2934828,0,2847764,2847764,0,29284,11.638,1772.788,1048576,312380,44d604125bb0e91332f96e49b064bea07844474839d947237a6d1a38776a4989
"A0881_gzcqbu.raw",1,255,0,1,1,1,875.353,1784.983,2934828,2934828,0,2847764,2847764,0,29284,11.631,1773.352,1048576,312380,928e7cef18523941e38427d5d444777fdee3cfb9e0d9ccd6e40710b2ffd72014
"A0882_yhj7yc.raw",1,255,0,1,1,1,927.566,1783.412,2934828,2934828,0,2847764,2847764,0,29284,11.595,1771.817,1048576,312380,eeaa1bce735f44ecdff22418fc2d8dc1ebacd7e4d202c358fecb7230defd9825
"A0883_o9zey3.raw",1,255,0,1,1,1,1046.238,1783.169,2934828,2934828,0,2847764,2847764,0,29284,11.606,1771.563,1048576,312380,a6c0ffbca51b60485fb7cb9f2a3b11f253b945020131d6652eddebab10566543
"A0884_jmyqbb.raw",1,255,0,1,1,1,807.554,1783.517,2934828,2934828,0,2847764,2847764,0,29284,11.590,1771.927,1048576,312380,75ffcc8936620249350a275317367c535eeb63bc931a6f7cab0c1a5c5335bbc4
"A0885_bee8l1.raw",1,255,0,1,1,1,813.559,1785.033,2934828,2934828,0,2847764,2847764,0,29284,11.612,1773.421,1048576,312380,3563204ef777002a8b8e7a8061810f4cd8d568bd6f97c6effae7ce6d8e4ef014
"A0886_ppwfed.raw",1,255,0,1,1,1,908.845,1783.680,2934828,2934828,0,2847764,2847764,0,29284,11.707,1771.973,1048576,312380,ccfabc8cf1fca10c251628274422f3b379e0c714876f1a4ae01a8177ddfbdaf9
"A0887_rtxoyc.raw",1,255,0,1,1,1,1154.899,1784.698,2934828,2934828,0,2847764,2847764,0,29284,11.561,1773.137,1048576,312380,58f84a0b1687cef07008a4d11f496d0df37713340df6a685f66de0ec39ef06df
"A0888_hdrgut.raw",1,255,0,1,1,1,1005.485,1783.865,2934828,2934828,0,2847764,2847764,0,29284,11.607,1772.258,1048576,312380,467fa0fd263e1a0315da5bff3d5d35d87a73d6407e24ca8dbdefb215620752c8
"A0889_mcpdko.raw",1,255,0,1,1,1,1899.652,1787.957,2934712,2934828,0,2847764,2847764,0,29284,12.332,1775.625,1048576,312380,8cd17efbede914701b9a68c4db0d66770dd5b2cd5b527cb37d3932f246bec8e2
"A0890_oxneji.raw",1,255,0,1,1,1,781.389,1783.320,2934848,2934848,0,2847764,2847764,0,29284,11.671,1771.649,1048576,312380,c1bd2cf89519e189ebd00d29cf988bc8c7de6ebc192a8c4ae36fcd2d567422c2
"A0891_bcygob.raw",1,255,0,1,1,1,730.649,1785.878,2934712,2934828,0,2847764,2847764,0,29284,13.588,1772.290,1048576,312380,362868223e6d993abc4ab16a9a8b42bf4edcdb47b10555a8c5bcaec7d2181fb3
"A0892_th92wz.raw",1,255,0,1,1,1,873.147,1785.288,2934712,2934828,0,2847764,2847764,0,29284,13.149,1772.139,1048576,312380,9978774b714ca7b52046712f2e525d8c04bb644d9e709685b4f76853a94619a0
"A0893_fplwq6.raw",1,255,0,1,1,1,730.578,1784.225,2934712,2934828,0,2847764,2847764,0,29284,13.216,1771.009,1048576,312380,600459c073f16e8fd9b8a669038ec2c9ab5cbf8b3001d8f5650591b79f039fab
"A0894_vuezk5.raw",1,255,0,1,1,1,772.445,1785.442,2934616,2934828,0,2847764,2847764,0,29284,11.825,1773.617,1048576,312380,03748d48b072c13c177150278846289b0848690fac17374dcb72c9aac0246fd3
"A0895_wjqzqn.raw",1,255,0,1,1,1,911.900,1782.808,2934828,2934828,0,2847764,2847764,0,29284,11.663,1771.145,1048576,312380,7bd3607c83d2adb6c57b5e71512518d14f429510fdafee138061a9a15e227207
"A0896_hqikrt.raw",1,255,0,1,1,1,1145.648,1782.559,2934828,2934828,0,2847764,2847764,0,29284,11.632,1770.927,1048576,312380,d27f198b5d4cd31d7fd48cffbe9f7d84a5122d72623ecdff4741b72ac2fbe5ec
"A0897_lxyfxm.raw",1,255,0,1,1,1,827.737,1785.845,2934828,2934828,0,2847764,2847764,0,29284,11.558,1774.287,1048576,312380,1291bd0d7db0165980024acdb35c7d65859fa15b9b4475417e330408e8ae2ff9
"A0898_pruxop.raw",1,255,0,1,1,1,736.562,1783.476,2934616,2934828,0,2847764,2847764,0,29284,11.593,1771.883,1048576,312380,25988aeb1a53c06b188896d0b1b5b36a28247f20667fa8b8210be294c0b81957
"A0899_inbs3j.raw",1,255,0,1,1,1,1164.466,1784.176,2934616,2934828,0,2847764,2847764,0,29284,11.632,1772.544,1048576,312380,5bfef36cc512a0cf0b60774172e33d2c5584ac052d16066b36340c9bee5fe518
"A0900_mw2tuh.raw",1,255,0,1,1,1,795.656,1783.639,2934616,2934828,0,2847764,2847764,0,29284,11.655,1771.984,1048576,312380,82dfcf90131e35111fc86c996b2090c0289b4203388b47720482186076631bfd
"A0901_movtmq.raw",1,255,0,1,1,1,1600.934,1787.713,2934828,2934828,0,2847764,2847764,0,29284,11.674,1776.039,1048576,312380,ba63254e4eb3d9ffe78a4dd6c02f1f9bfd4932e673169c2210b31925a381f60d
"A0902_y0wpck.raw",1,255,0,1,1,1,802.543,1783.369,2934828,2934828,0,2847764,2847764,0,29284,11.568,1771.801,1048576,312380,49f59b19da1201a2089e6ee6cb65111896b4d7785adaff81c250725933a38931
"A0903_m2kica.raw",1,255,0,1,1,1,853.929,1783.399,2934828,2934828,0,2847764,2847764,0,29284,11.633,1771.766,1048576,312380,b71c7555191aebf38fb7d40ebe7d73b1100676332236de7968901294f8ee06a8
"A0904_lsbbc8.raw",1,255,0,1,1,1,1531.950,1783.704,2934828,2935040,0,2847764,2847764,0,29284,11.786,1771.918,1048576,312380,530ef3022d5d794209f20325ed3228a681e5376407a8c0f0bd9ddaa1e9722168
"A0905_fl7bey.raw",1,255,0,1,1,1,820.187,1786.170,2934828,2935040,0,2847764,2847764,0,29284,12.493,1773.677,1048576,312380,8ce6c402f16c8dd9771dec3d281b321a8010ee7a5cd6a48433d9a525e0828b29
"A0906_cfdivt.raw",1,255,0,1,1,1,1049.811,1785.684,2934816,2935040,0,2847764,2847764,0,29284,11.593,1774.091,1048576,312380,323382e1478568e8adde636250127ec10848812f6f814fe96db93ebb0f71465a
"A0907_t5t37f.raw",1,255,0,1,1,1,872.108,1783.155,2934828,2935040,0,2847764,2847764,0,29284,12.018,1771.137,1048576,312380,06deab07af92bb1767fe38e3ef9fdb9ca3881a501aac844b4ffb10d9e8028c9a
"A0908_k60xvl.raw",1,255,0,1,1,1,854.249,1785.340,2934828,2935040,0,2847764,2847764,0,29284,11.684,1773.656,1048576,312380,1e3771aa371723d40c4a5a32511a0cd7755c4007d8c02c229cff23b58b317789
"A0909_dwrszu.raw",1,255,0,1,1,1,814.012,1782.978,2934828,2935040,0,2847764,2847764,0,29284,11.566,1771.412,1048576,312380,795c12314590156fa444e0b5b37a5005a234fc78ab20fc30deb1553d784e6b43
"A0910_kcymyw.raw",1,255,0,1,1,1,756.278,1783.912,2934816,2935040,0,2847764,2847764,0,29284,11.715,1772.197,1048576,312380,33c0dba3b002251795a1336164648932ac455f7cf1f056165596dc0b154db3b6
"A0911_aaduoq.raw",1,255,0,1,1,1,1402.004,1786.019,2934712,2935040,0,2847764,2847764,0,29284,12.143,1773.876,1048576,312380,c398255cc6f57d9e56f995155ae4a32124ba1c58354ea4584435e62062219abf
"A0912_dxf2w9.raw",1,255,0,1,1,1,909.625,1785.732,2934828,2935040,0,2847764,2847764,0,29284,11.833,1773.899,1048576,312380,723d17fae5e238a7a87e776395d338b486b8357eb8f7b8f7a90144f41328ff19
"A0913_r5zegi.raw",1,255,0,1,1,1,969.475,1788.644,2934712,2935040,0,2847764,2847764,0,29284,14.013,1774.631,1048576,312380,c220e2e372fa08449620227a6a38f660313bb660afb51a2d2c08e1a8b5780b15
"A0914_fufv24.raw",1,255,0,1,1,1,865.263,1783.185,2934828,2935040,0,2847764,2847764,0,29284,11.628,1771.557,1048576,312380,cba3ef4c86b847281f8b3878ecf0b579426b3071893e33320778d5bea3317542
"A0915_rgzmn7.raw",1,255,0,1,1,1,740.425,1785.224,2934828,2935040,0,2847764,2847764,0,29284,12.106,1773.118,1048576,312380,f6fabae46f29c6c8da217d084f9a9a1e0d6abe7b65a769fc4b87ab5db6eed4af
"A0916_djkwxt.raw",1,255,0,1,1,1,1418.073,1783.599,2934828,2935040,0,2847764,2847764,0,29284,11.562,1772.037,1048576,312380,f2d67c7c9aa93012e0be6d1d6d9e95821a43950dc72edc98421c52047d9b8725
"A0917_aqpad1.raw",1,255,0,1,1,1,1078.514,1783.298,2935040,2935040,0,2847764,2847764,0,29284,11.607,1771.691,1048576,312380,34dfe6686c4675b965a9ed3e5a1f9d42f5ecf276b4ab6bb76f1a73913c122039
"A0918_b5kvk6.raw",1,255,0,1,1,1,924.490,1784.423,2934712,2935040,0,2847764,2847764,0,29284,11.604,1772.819,1048576,312380,0699b3adbb9d7a28a01b3a7dce95acd690fbee9dad03ed638129374f6e1ddb42
"A0919_q602qj.raw",1,255,0,1,1,1,818.234,1784.685,2934712,2935040,0,2847764,2847764,0,29284,13.178,1771.507,1048576,312380,2e280553dc84dd3d3651500c71ee25e47206939d6b3c70d69dc17655ad345e42
"A0920_uuwqit.raw",1,255,0,1,1,1,767.391,1783.595,2934828,2935040,0,2847764,2847764,0,29284,11.676,1771.919,1048576,312380,bffe2bdf3b431383ecd5a569c5d8bef9e8210cb503a538622abdd289ac7f85ee
"A0921_bl0uay.raw",1,255,0,1,1,1,814.981,1783.940,2934828,2935040,0,2847764,2847764,0,29284,12.407,1771.533,1048576,312380,06f224c570d05657e309abe2e16462d8f588e976f3b84c078462a3efe96bc11f
"A0922_l5kxcb.raw",1,255,0,1,1,1,1419.302,1786.948,2935040,2935040,0,2847764,2847764,0,29284,11.663,1775.285,1048576,312380,29180529116db3a5d0e5775a1b103680ad753746d7e475007193fa10f5c15671
"A0923_rsqd44.raw",1,255,0,1,1,1,1067.873,1785.554,2934912,2935040,0,2847764,2847764,0,29284,13.360,1772.194,1048576,312380,67458a174bd522013667a090361e16277ed01d2534ec972577d97591fcff2ee4
"A0924_ho9ij1.raw",1,255,0,1,1,1,1035.373,1783.696,2935040,2935040,0,2847764,2847764,0,29284,11.575,1772.121,1048576,312380,69aac4fab25f0bfd0ca1116d1216a5bc2e000bd3546f01c09553ba4e4b78aea6
"A0925_jhtjw9.raw",1,255,0,1,1,1,1073.190,1783.017,2935040,2935040,0,2847764,2847764,0,29284,11.567,1771.450,1048576,312380,732b1c4793ee96c89a1436a8b26b56aadb945d496bf99ff32807f927ec7543fd
"A0926_iq2dhc.raw",1,255,0,1,1,1,741.935,1783.251,2935040,2935040,0,2847764,2847764,0,29284,11.588,1771.663,1048576,312380,946c28770ceff7223eb3cb4275f22d78cff7211652fa15708ce146a25a0a55c0
"A0927_dkovhx.raw",1,255,0,1,1,1,832.483,1783.329,2935040,2935040,0,2847764,2847764,0,29284,11.593,1771.736,1048576,312380,867785032be62fea4846d9dab47a28b11a3176498670421f72afb17a6fa02aff
"A0928_gzektb.raw",1,255,0,1,1,1,1196.587,1784.892,2935040,2935040,0,2847764,2847764,0,29284,11.620,1773.272,1048576,312380,5bbfebb3210966c0a1d817d308504918ae04fcf8e3eff52cb739e45dc1a22a47
"A0929_iewzh0.raw",1,255,0,1,1,1,771.039,1784.571,2935040,2935040,0,2847764,2847764,0,29284,11.639,1772.932,1048576,312380,eb14dc5aca82206a706f8a591394a8444f0f0c165a5a459a8c92d54a37ad37bd
"A0930_ifpg3o.raw",1,255,0,1,1,1,799.211,1787.139,2934668,2935040,0,2847764,2847764,0,29284,13.286,1773.853,1048576,312380,9e37d468aef8538068916743136d70929501aa127db49636302331bb76837b49
"A0931_lqgex5.raw",1,255,0,1,1,1,1003.390,1782.748,2935040,2935040,0,2847764,2847764,0,29284,11.627,1771.121,1048576,312380,525e774251b41a9528c32334ce8bd1b4eb6d0f87de40ae8def92a80dc3d7b734
"A0932_pxasek.raw",1,255,0,1,1,1,1019.175,1782.850,2934828,2935040,0,2847764,2847764,0,29284,11.567,1771.283,1048576,312380,1ecc4838fd6865898faa8dcf6f126b75ebeada537beeadf1cd53abd30ebf3ebb
"A0933_bjr2vw.raw",1,255,0,1,1,1,860.061,1783.692,2934828,2935040,0,2847764,2847764,0,29284,11.629,1772.063,1048576,312380,b7e70e8381bb812119099b2b8f7d6ea0211f1771c4bed749df93886268b3b5eb
"A0934_cwffb2.raw",1,255,0,1,1,1,836.833,1783.585,2934828,2935040,0,2847764,2847764,0,29284,11.650,1771.935,1048576,312380,669b35419a174fa4e03d53c4f79b967c13cb211fbdad61ed88fa37164fd18202
"A0935_d3dpjg.raw",1,255,0,1,1,1,845.726,1782.398,2934828,2935040,0,2847764,2847764,0,29284,11.565,1770.833,1048576,312380,2697b9a9ca23aaa1081be48d2382f729aa745773f28cd22412154d508013bfc8
"A0936_m1q0gj.raw",1,255,0,1,1,1,598.855,1785.390,2934700,2935040,0,2847764,2847764,0,29284,11.665,1773.725,1048576,312380,98a1b684d51901540b6ac1c925c2972b436669be289b41c7a0cdbdf81cd022e1
"A0937_yncgxd.raw",1,255,0,1,1,1,553.934,1785.101,2934828,2935040,0,2847764,2847764,0,29284,11.637,1773.464,1048576,312380,f4ea69e6df66474a7148db2cd2dfcfde1737a1c01ec95a40ae16d47d6b5bbd18
"A0938_earpmh.raw",1,255,0,1,1,1,502.754,1784.154,2934828,2935040,0,2847764,2847764,0,29284,11.655,1772.499,1048576,312380,dfe527a4b2d274b57c395d44f4c9da9c316cba5bdf17d1a57475f328549ff007
"A0939_lirvvg.raw",1,255,0,1,1,1,584.098,1786.167,2934712,2934828,0,2847764,2847764,0,29284,13.290,1772.877,1048576,312380,ac9ad71c761ea2caf21574f2f4a6bdb95482121f29ba4201b09160421926c3ac
"A0940_oue4rn.raw",1,255,0,1,1,1,565.933,1785.444,2934828,2934828,0,2847764,2847764,0,29284,13.037,1772.407,1048576,312380,9c1b66a38b590b4309a8f0d7d27c2187635da6ed181fd6a9795acdc4bf702918
"A0941_nykmym.raw",1,255,0,1,1,1,639.136,1787.042,2934700,2934828,0,2847764,2847764,0,29284,13.907,1773.135,1048576,312380,c4a39fd413cf171857c94ac4a54c369ecb2c215b7d63900856460f9751f823b4
"A0942_ojc7ej.raw",1,255,0,1,1,1,607.193,1787.280,2934700,2934828,0,2847764,2847764,0,29284,13.299,1773.981,1048576,312380,779f74313c04070c1132615842be89ecd1bb0fc417ffec4de33641a8199ca592
"A0943_hza3n4.raw",1,255,0,1,1,1,527.958,1785.605,2934616,2934828,0,2847764,2847764,0,29284,11.713,1773.892,1048576,312380,f5926f44d2a1660bef307d030af7fe75409d0fbbce7de01a8449316178a55842
"A0944_jyclyi.raw",1,255,0,1,1,1,509.976,1785.227,2934616,2934828,0,2847764,2847764,0,29284,11.734,1773.493,1048576,312380,ff6d6257d51a774c6b4aa43d0fcddc3cf43bc3a06f06f15a46225ad563016ee8
"A0947_uc7qcl.raw",1,255,0,1,1,1,559.334,1785.146,2934616,2934828,0,2847764,2847764,0,29284,11.931,1773.215,1048576,312380,1270b662631bb8671591c0e9a5f1537db4feac167c5afd225cadbb6a472b333f
"A0948_avwkpd.raw",1,255,0,1,1,1,519.695,1787.385,2934616,2934616,0,2847764,2847764,0,29284,11.725,1775.660,1048576,312380,53bd3c8a560409c724a144d4160408ed586d3ab076a25dbf1508c438f0ca8af7
"A0949_uj3blf.raw",1,255,0,1,1,1,687.999,1783.318,2934616,2934616,0,2847764,2847764,0,29284,11.672,1771.646,1048576,312380,e95398bd31dc46e06baf994265845d7f900f42330c8a8886d60b4b67725382d8
"A0950_fyd3zc.raw",1,255,0,1,1,1,541.362,1782.252,2934616,2934616,0,2847764,2847764,0,29284,11.644,1770.608,1048576,312380,47554f218d2a2f72804f11e82c7bb38a2ed95894e853c23c9cf563ad71cb34aa
"A0951_yfyz5w.raw",1,255,0,1,1,1,573.441,1784.976,2934404,2934616,0,2847764,2847764,0,29284,11.563,1773.413,1048576,312380,449f2b6788937d4bca56e5bb79c3e31df91da2a6f95a27fe3e1352acef6fe2a0
"A0952_xm0rpx.raw",1,255,0,1,1,1,902.076,1783.380,2934404,2934616,0,2847764,2847764,0,29284,11.605,1771.775,1048576,312380,e3bb3f01768ef26c25664e24cd287dc79c0d8e328336923967dc15419b8dabc0
"A0953_zset6z.raw",1,255,0,1,1,1,829.768,1786.204,2934404,2934616,0,2847764,2847764,0,29284,11.575,1774.629,1048576,312380,8da9c9c937f82906b5dfdaf14dde353cf54b7d2407437607f71bcaf67d53a6e2
"A0954_exazoy.raw",1,255,0,1,1,1,836.208,1783.249,2934404,2934616,0,2847764,2847764,0,29284,11.555,1771.694,1048576,312380,112abeb7598c8c3874647a074198902fc3a45409a4cb912af83528d85c8b7dbe
"A0955_vriuls.raw",1,255,0,1,1,1,1441.252,1785.018,2934404,2934616,0,2847764,2847764,0,29284,11.582,1773.436,1048576,312380,eb69fff7dfab46b4404dcd28e7813401ccf1db4078e063530e5e564d522ad7c0
"A0956_sb5dwz.raw",1,255,0,1,1,1,959.921,1783.316,2934404,2934616,0,2847764,2847764,0,29284,11.671,1771.645,1048576,312380,c5278095fadbc5480a108bcc2756c4055c230c0c1e44320e1ecc168c1fba0216
"A0957_osix3a.raw",1,255,0,1,1,1,835.244,1783.315,2934404,2934616,0,2847764,2847764,0,29284,11.684,1771.631,1048576,312380,02f27aa08473ef58479713c5ac300a73dacf97a0317621228cd7e8e5211f53c7
"A0958_ozeqgv.raw",1,255,0,1,1,1,906.377,1785.359,2934276,2934616,0,2847764,2847764,0,29284,13.224,1772.135,1048576,312380,463d7ea75f11c821592afb70bdcf8836cfa25c5d26723148c03720c2d2d9f151
"A0959_sulk1r.raw",1,255,0,1,1,1,795.035,1785.126,2934404,2934616,0,2847764,2847764,0,29284,11.607,1773.519,1048576,312380,bf6a64b9ab40f5f1f5f1d3e3ce04ffa140e40d471fc8df21164c24ed842edc61
"A0960_n1xkrj.raw",1,255,0,1,1,1,1295.256,1785.599,2934276,2934616,0,2847764,2847764,0,29284,13.749,1771.850,1048576,312380,452584cd58d2582398cb0d9b4de875bd8528db874c094be35e8c7b50c9bd227d
"A0961_lr7oar.raw",1,255,0,1,1,1,924.345,1785.569,2934404,2934616,0,2847764,2847764,0,29284,12.408,1773.161,1048576,312380,ce78f53214073582dd6b40c779e3302a9f85a127ba719d29491b57b5fa892139
"A0962_qqflsp.raw",1,255,0,1,1,1,1216.438,1786.212,2934404,2934616,0,2847764,2847764,0,29284,11.936,1774.276,1048576,312380,6a6405683364a18409c5f7658591c3d8edb939b1f79e561934d7f9c9bb8df047
"A0963_vfipci.raw",1,255,0,1,1,1,1191.745,1785.877,2934276,2934616,0,2847764,2847764,0,29284,11.593,1774.284,1048576,312380,b933fc12924729abf83dcab381aaf1cdaa2e2fe86d9f9cf4fb1ca51120d642f3
"A0964_eh32xh.raw",1,255,0,1,1,1,1104.142,1784.854,2934404,2934616,0,2847764,2847764,0,29284,11.550,1773.304,1048576,312380,3b9cd2a81fba5f08ee7088d2de85efb30be837363d62757a42d37792b05d4fdb
"A0965_z8y0qg.raw",1,255,0,1,1,1,939.995,1785.123,2934616,2934616,0,2847764,2847764,0,29284,11.722,1773.401,1048576,312380,16750700e9bf000fb48bac5e6cfd9e21263722b1b94e30d0cc9224831a39d4a8
"A0966_nxurdu.raw",1,255,0,1,1,1,832.888,1784.971,2934404,2934616,0,2847764,2847764,0,29284,11.593,1773.378,1048576,312380,212241657666834c42d2e67a57cdd47169293c9dfc922990b166ebf5e9d491a9
"A0967_u1zejj.raw",1,255,0,1,1,1,2143.010,1783.285,2934616,2934828,0,2847764,2847764,0,29284,11.729,1771.556,1048576,312380,89ba3da49c152d3c000a95afb0ea75b46344d6fa4719173fecc02f42ef5039f1
"A0968_kxktln.raw",1,255,0,1,1,1,934.486,1783.712,2934616,2934616,0,2847764,2847764,0,29284,11.651,1772.061,1048576,312380,6afc17954a90ba21b4305d5847be72fe87e9606da573115bdddb8e74e0e69eca
"A0969_npm4sf.raw",1,255,0,1,1,1,901.707,1785.657,2934616,2934828,0,2847764,2847764,0,29284,11.794,1773.863,1048576,312380,5935ce0789b26164fd25c921dd39725277e1519090953410842bf1cb512e6d64
"A0970_yjih8o.raw",1,255,0,1,1,1,861.158,1784.449,2934488,2934616,0,2847764,2847764,0,29284,13.189,1771.260,1048576,312380,aec5ad3b7eceea9d68f347f3d6f497ff7e98254e69c47143157683b16d0fa9b4
"A0971_teu6lq.raw",1,255,0,1,1,1,768.612,1785.484,2934616,2934616,0,2847764,2847764,0,29284,11.638,1773.846,1048576,312380,3aeff43ac05c74d2817069c2869760e1dfe8892886c688c5f16bc011a04a6803
"A0972_ubdknw.raw",1,255,0,1,1,1,819.566,1783.204,2934616,2934616,0,2847764,2847764,0,29284,11.668,1771.536,1048576,312380,80167a43ed766125a9acd225cf02e66c1ee34672625852e8a3ae4b88c0789410
"A0973_j68alr.raw",1,255,0,1,1,1,1029.469,1782.902,2934616,2934616,0,2847764,2847764,0,29284,11.613,1771.289,1048576,312380,7688363ba4fb050c4a2e3d840fc9bcc32770d72391aa3493b86f82bef105bd2a
"A0974_ehxrey.raw",1,255,0,1,1,1,952.451,1785.833,2934616,2934616,0,2847764,2847764,0,29284,11.558,1774.275,1048576,312380,d96247838e01cb31b82b1c5bc4fe5f55fc16e9dfba7fe9f49e88a7c5e0768559
"A0975_acqn9l.raw",1,255,0,1,1,1,833.705,1784.000,2934492,2934616,0,2847764,2847764,0,29284,13.274,1770.726,1048576,312380,6de9f697aeef96e3e136ccf32bde68fa98a68422f5e08072da0f9f89a1bcbb88
"A0976_d3gg2g.raw",1,255,0,1,1,1,934.736,1783.627,2934616,2934616,0,2847764,2847764,0,29284,11.576,1772.051,1048576,312380,07f57226cf82794433995411bf9bd5eb78be06210ae1510d010083bf1fd45c20
"A0977_xzp3uo.raw",1,255,0,1,1,1,878.331,1789.482,2934500,2934616,0,2847764,2847764,0,29284,13.201,1776.281,1048576,312380,8f3120bd967ca1418388422780e0c86e170b8abd4206243d6277e36c600aa3a2
"A0978_sbc38e.raw",1,255,0,1,1,1,1174.274,1783.793,2934616,2934616,0,2847764,2847764,0,29284,12.224,1771.569,1048576,312380,f25f32ad2ee6fda52f23e421b3c6bd9c97d50273ea174ce86ec13ea52ebf0d62
"A0979_bdumow.raw",1,255,0,1,1,1,1236.820,1785.557,2934616,2934616,0,2847764,2847764,0,29284,12.377,1773.180,1048576,312380,de8e5bf55e45c456df22a6ac5e6fafee7cbf2b16f2f0e34a188f04a0af78ee38
"A0980_phmssa.raw",1,255,0,1,1,1,895.693,1783.591,2934616,2934812,0,2847764,2847764,0,29284,11.681,1771.910,1048576,312380,e3f49614660443e642219cf0946525a5b9aeea5276208109429b9c86b38d5cbf
"A0981_adw7q1.raw",1,255,0,1,1,1,801.090,1785.751,2934608,2934828,0,2847764,2847764,0,29284,11.634,1774.117,1048576,312380,899a0f0cf1cd5cb928a37464530e83dbf58f911da958314779dc380de87d6f5f
"A0982_odsnfw.raw",1,255,0,1,1,1,1039.814,1783.825,2934616,2934828,0,2847764,2847764,0,29284,11.642,1772.183,1048576,312380,c162c8eea02ef04c1b5ddce48732d30ec999329e7da3762fbb61146de9635f01
"A0983_zr7jyi.raw",1,255,0,1,1,1,884.497,1784.732,2934616,2934828,0,2847764,2847764,0,29284,11.631,1773.101,1048576,312380,d6106062287dba6c09d13cb3f87f1083a7b34c22d5bb30df42ef17ea259b8ca4
"A0984_w17bjj.raw",1,255,0,1,1,1,922.377,1783.175,2934616,2934828,0,2847764,2847764,0,29284,11.597,1771.578,1048576,312380,03003292beef16f11ed5885492a30b86bceca42020d3bb3b3ca2c9ce44b6288f
"A0985_olsxej.raw",1,255,0,1,1,1,827.740,1783.034,2934616,2934828,0,2847764,2847764,0,29284,11.539,1771.495,1048576,312380,57a128702245764c7db63ef0b6575bde623f802e79e8493ebb4cf51f8b21c968
"A0986_bgdl8r.raw",1,255,0,1,1,1,1456.774,1783.692,2934828,2934828,0,2847764,2847764,0,29284,11.622,1772.070,1048576,312380,27e1001db98e29a4b2aa4ef66763696ebe4e2cc8df872fa74d48185718f8dabf
"A0987_no4kp5.raw",1,255,0,1,1,1,808.878,1783.748,2934828,2935040,0,2847764,2847764,0,29284,11.594,1772.154,1048576,312380,4f20099e6cf6bdc0b3aa6416c4b26abbe98ea19db8a4350215714fdd52aede7f
"A0988_opffxs.raw",1,255,0,1,1,1,1657.616,1783.977,2934828,2935040,0,2847764,2847764,0,29284,11.666,1772.311,1048576,312380,aea5cf953145d309083958158c53455a749bc0694efcc72ade27bfdc00b3b5d9
"A0989_rngptt.raw",1,255,0,1,1,1,986.329,1785.389,2935040,2935024,16,2847764,2847764,0,29284,11.742,1773.647,1048576,312380,19e3707d7c5b9af34aa0ed737dd1569461492dc38797e7d04c16092a16c75578
"A0990_b40cri.raw",1,255,0,1,1,1,995.862,1783.823,2935040,2935040,0,2847764,2847764,0,29284,11.686,1772.137,1048576,312380,44584da843b222b1eb1938eb7b6e9fe215c4f31df728371b48abca7fd8539f36
"A0991_zo6ct1.raw",1,255,0,1,1,1,908.544,1787.617,2934924,2935040,0,2847764,2847764,0,29284,13.481,1774.136,1048576,312380,85631d3dab1ed5caf475c511b6629bd39ece997af026f7198fe2c8d8c30663d0
"A0992_xubgxa.raw",1,255,0,1,1,1,1402.248,1783.370,2935040,2935252,0,2847764,2847764,0,29284,11.615,1771.755,1048576,312380,25ae481a8d2c665fae7acb86489846d5c015a846fd11b58dd1acf2cdc9b8333c
"A0993_tmitcp.raw",1,255,0,1,1,1,886.849,1784.892,2935040,2935252,0,2847764,2847764,0,29284,11.653,1773.239,1048576,312380,205295ca47b672576724040203493b22563180da17fd133171f9d7589da712b0
"A0994_n27ptg.raw",1,255,0,1,1,1,842.623,1785.319,2935040,2935252,0,2847764,2847764,0,29284,11.724,1773.595,1048576,312380,1a5a5613d1af1af1bd511f200ddec235aa577458d6226f045049eeafc5eddf22
"A0995_nkice8.raw",1,255,0,1,1,1,1115.850,1789.439,2934924,2935252,0,2847764,2847764,0,29284,11.672,1777.767,1048576,312380,a9af89e999227e4ce2a69cbcb1f9d50c06a252ccfdc01d3b0ae424962bb7cf02
"A0996_nkqj0h.raw",1,255,0,1,1,1,795.506,1783.781,2935040,2935252,0,2847764,2847764,0,29284,11.563,1772.218,1048576,312380,68a88736805cc914cafbda6a9e532288f8c865dc171fefc5bdfe6fb104b89b75
"A0997_uciipm.raw",1,255,0,1,1,1,703.203,1785.486,2935040,2935252,0,2847764,2847764,0,29284,12.019,1773.467,1048576,312380,af19adff306c26b8271fc7b12c853e067e00afc81e6385da7bae41dd3972bed7
"A0998_vexok9.raw",1,255,0,1,1,1,911.969,1785.305,2935040,2935252,0,2847764,2847764,0,29284,11.653,1773.652,1048576,312380,2ea3faff2e4299b76eb280c55866ecce1c03eb747cbcbe6fa8a08230f2ebc946
"A0999_owxuzi.raw",1,255,0,1,1,1,787.413,1786.054,2935040,2935252,0,2847764,2847764,0,29284,12.007,1774.047,1048576,312380,a9755f4a4f4886ccba2ccd47179e86c5a3d48fdb43b7ab7c8ad3f695c107104f
"A1000_rrfcql.raw",1,255,0,1,1,1,884.357,1784.413,2935040,2935252,0,2847764,2847764,0,29284,11.889,1772.524,1048576,312380,7fa181b05c4bbbc75815bb909ef7a62abeb0f29eae0d29e4574b983f32e8dc69
"A1001_uz1k5x.raw",1,255,0,1,1,1,815.691,1783.404,2935040,2935252,0,2847764,2847764,0,29284,11.565,1771.839,1048576,312380,863aa8d424afe671977e939b4cc3ca21de3e80c44eeea5525fc99be3dcd16402
"A1002_deycz1.raw",1,255,0,1,1,1,803.537,1785.612,2935060,2935060,0,2847764,2847764,0,29284,12.395,1773.217,1048576,312380,6c0ee4ccee8e90e3f662b598ac2d7e676a9badd756136a9e8365ae83fb91d0f2
"A1003_xkpfzz.raw",1,255,0,1,1,1,887.684,1783.738,2935040,2935252,0,2847764,2847764,0,29284,11.644,1772.094,1048576,312380,374ef699ede8e2ebf9ea38388cbe7f043362d94e9cf46a47d855f95af1362dbb
"A1004_k9awe7.raw",1,255,0,1,1,1,942.656,1784.710,2935040,2935024,16,2847764,2847764,0,29284,11.577,1773.133,1048576,312380,e4e74c5707e3b5f3bfdef154d09022bebb0392decfda4a47762b1a299c80c48b
"A1005_cehhmw.raw",1,255,0,1,1,1,810.265,1783.462,2935040,2935040,0,2847764,2847764,0,29284,11.610,1771.852,1048576,312380,cc6f036f85af78e380e71f00bb87063dcbe6c49ea8adfff032f251485fbfe83d
"A1008_drw787.raw",1,255,0,1,1,1,1064.838,1782.469,2935040,2935040,0,2847764,2847764,0,29284,11.600,1770.869,1048576,312380,df46fa8b299460df9186fcc1656e3265d4ae09dc92a98f1496e18e87302f55f3
"A1009_rppmiy.raw",1,255,0,1,1,1,1184.914,1785.109,2935040,2935040,0,2847764,2847764,0,29284,11.627,1773.482,1048576,312380,db27a563ca0709dc0234b1e53e602398500b9c1c5d2b8997883ac905b4c38b0c
"A1010_ccwiws.raw",1,255,0,1,1,1,1075.863,1783.100,2935040,2935040,0,2847764,2847764,0,29284,11.610,1771.490,1048576,312380,f64c9963a6a3a14a5dca7d21461f7121d2eab73194cb02822a262327e25df8af
"A1011_cbdlad.raw",1,255,0,1,1,1,758.886,1783.642,2935040,2935040,0,2847764,2847764,0,29284,11.616,1772.026,1048576,312380,0ad15bc5201701a7d9fa1ad554eb582f4146f68f271e44f8e129579a36a6dd9e
"A1012_p9ydh4.raw",1,255,0,1,1,1,1143.599,1783.260,2934828,2935040,0,2847764,2847764,0,29284,11.613,1771.647,1048576,312380,fce20e9d0f534b003e5d576e3a69e6ac505491cbbe899d568d8762bbb65fcf7c
"A1013_wzifat.raw",1,255,0,1,1,1,839.521,1784.349,2934828,2935040,0,2847764,2847764,0,29284,12.102,1772.247,1048576,312380,485bbe48de8a8456f178f5db6ae3cd9684ddedc5204c85d56b7331a235d87a58
"A1014_fo3jtg.raw",1,255,0,1,1,1,1149.964,1783.714,2934828,2935040,0,2847764,2847764,0,29284,11.800,1771.914,1048576,312380,d8f59e433992dbe20daa42078bc76de00351c5749fc6a6d29ac73479142fe814
"A1015_kee2oy.raw",1,255,0,1,1,1,801.619,1784.413,2934828,2935040,0,2847764,2847764,0,29284,11.899,1772.514,1048576,312380,fba962d91c1e769e61586c2c41341d212ae133225b48b905a751a5c9f4fc7dc4
"A1016_mkyxbt.raw",1,255,0,1,1,1,1075.547,1783.634,2934828,2935040,0,2847764,2847764,0,29284,11.607,1772.027,1048576,312380,4946013e1a65ff353d6ecb38a0e5f36b9a4a9afecf67fef2383ec58002f8565e
"A1017_xrafjc.raw",1,255,0,1,1,1,1106.204,1785.368,2935040,2935040,0,2847764,2847764,0,29284,12.534,1772.834,1048576,312380,7513fad57260420db99c8f7a12b589e76559d3f5702f2a597314cf427ce48398
"a0002_zqq7gr.raw",1,29,227,0,0,1,814.607,1785.000,2934828,2935040,0,2847764,2847764,0,29284,11.939,1773.061,1048576,312380,44a77963348af037d1dab525213e0e60a65c13c2cd3457b046c39b8845848546
"a0003_h81hoy.raw",1,0,255,0,0,1,1644.672,1787.209,2935040,2935252,0,2847764,2847764,0,29284,11.719,1775.490,1048576,312380,22a21cd28f2a922051791bab0f5de94f82765d5f3044df9343ca55639c58522e
"a0004_sxpn10.raw",1,14,242,0,0,1,1199.707,1783.911,2935040,2935252,0,2847764,2847764,0,29284,11.668,1772.243,1048576,312380,b50fd5da846ae455e26b87bdcb11339143caee0465623a718688031c7a720094
"a0005_xdzwbd.raw",1,0,255,0,0,1,848.383,1786.072,2935040,2935252,0,2847764,2847764,0,29284,11.524,1774.548,1048576,312380,ff41af0d7f566646d76a703cbcadc5f02fa5cc758ad75fa9bb03b8f4b972e633
"a0006_hap79c.raw",1,3,253,0,0,1,848.402,1782.815,2935040,2935040,0,2847764,2847764,0,29284,11.669,1771.146,1048576,312380,b3c7d707a1f37c096463a28b3970f96e799eb59f0aca823eea319295c87e3817
"a0007_vdoztm.raw",1,2,254,0,0,1,1293.234,1785.309,2935040,2935040,0,2847764,2847764,0,29284,11.839,1773.470,1048576,312380,f8a167d1159f137c01041589192da13632b62b384def355949419c07ddc72594
"a0009_kl0gfn.raw",1,0,255,0,0,1,759.609,1783.817,2935040,2935040,0,2847764,2847764,0,29284,11.571,1772.246,1048576,312380,e1a5c5b6bffe7ee188102a7ec03f9b8bb617ff874b1dae63c87104c31acc543c
"a0010_x4dcmt.raw",1,0,255,0,0,1,861.827,1784.293,2935040,2935040,0,2847764,2847764,0,29284,11.808,1772.485,1048576,312380,d8d3af8a907e729aa9e2e6b1f9888fc233b9bc7c71c427ab31cd1d2ab09629ad
"a0011_flsplt.raw",1,0,255,0,0,1,865.644,1785.259,2935040,2935040,0,2847764,2847764,0,29284,11.659,1773.600,1048576,312380,1114cdac15cd87f647799c0370600addb882fbea153474ab29f58a6eb6e6d875
"a0012_ft7amk.raw",1,0,255,0,0,1,1011.958,1783.401,2935040,2935040,0,2847764,2847764,0,29284,11.989,1771.412,1048576,312380,5974f32fa73dbad12acff5395834d3b29f858c2ec722ce8612a210d3d975c678
"a0013_ebcpt8.raw",1,0,255,0,0,1,757.546,1784.828,2935040,2935040,0,2847764,2847764,0,29284,11.682,1773.146,1048576,312380,a876c3f4c7f86fcc9968e20883ba89d72869f4fb9489db68fb56fa28f9753096
"a0014_lrsf2j.raw",1,0,255,0,0,1,783.518,1784.114,2935040,2935040,0,2847764,2847764,0,29284,11.726,1772.388,1048576,312380,f46fa15a41b3f00cdfc4cc8d6690683cc35f40031637e444a8ab1b6ee83976d5
"a0015_zgpohn.raw",1,0,255,0,0,1,866.024,1782.959,2935040,2935040,0,2847764,2847764,0,29284,11.587,1771.372,1048576,312380,54d65191f17cc336a0215bed3521dbde2d344fa2505887d8471e5861d13054df
"a0016_ufymvk.raw",1,0,255,0,0,1,705.832,1784.846,2934828,2935040,0,2847764,2847764,0,29284,11.901,1772.945,1048576,312380,c6b9302379b8117b9ccf3d74b01ccf108bafc7530aaf6af9f73684d4517d20e1
"a0017_laaomg.raw",1,0,255,0,0,1,1270.149,1785.817,2934924,2935040,0,2847764,2847764,0,29284,11.552,1774.265,1048576,312380,409da4948af8f0f5880bd308063b0b1c3c6aaa0836506c14ec6cf48f744c66d0
"a0018_u55chk.raw",1,0,255,0,0,1,1047.989,1785.302,2934712,2935040,0,2847764,2847764,0,29284,13.223,1772.079,1048576,312380,fef19c80c9e9aab80354b9fe8389d473c57e7484182f550d97582639b4157f66
"a0019_pxv1ti.raw",1,0,255,0,0,1,876.299,1788.714,2934828,2935040,0,2847764,2847764,0,29284,11.669,1777.045,1048576,312380,b42ce8e541bad7fccaa6e3f339bc1cdd1b232418fc4c02544035dd73d0f68188
"a0020_pormst.raw",1,237,19,1,0,0,1220.153,1783.447,2934828,2935040,0,2847764,2847764,0,29284,11.624,1771.823,1048576,312380,3999ac74be6d8a9b201f87aea2f6da8c9caf7172fc3cf6ef35bf1e467311cbc3
"a0021_zl872h.raw",1,14,242,0,0,1,741.672,1786.725,2934828,2935040,0,2847764,2847764,0,29284,12.402,1774.323,1048576,312380,28b79c70cecb2622cefc5d0f081ba21effef5ad1aab9500e976a2630e24e4a43
"a0022_vjolwb.raw",1,0,255,0,0,1,910.686,1783.050,2934828,2935040,0,2847764,2847764,0,29284,11.609,1771.441,1048576,312380,6832a932d8fd5d7c88a710209527ba610139ad983bc237497ce7878a5a939303
"a0023_x4hdbq.raw",1,0,255,0,0,1,820.394,1783.310,2934828,2935040,0,2847764,2847764,0,29284,11.825,1771.485,1048576,312380,2e39545bec1265068779a9babea25ba2a31429a3ad39c60318751ce4bd0d4d1e
"a0024_sciqht.raw",1,0,255,0,0,1,862.615,1783.372,2934828,2935040,0,2847764,2847764,0,29284,11.844,1771.528,1048576,312380,dca8ce592f18aae285a9f43bef7f2d13f95e601de6ae7c24ee7eb5a22f7945d2
"a0026_l57y5n.raw",1,0,255,0,0,1,1175.092,1786.775,2934828,2935040,0,2847764,2847764,0,29284,11.833,1774.942,1048576,312380,0abde977af047aecd9cc11ca02a1a2587a1daad0aecebe489fa947df701b13e3
"a0029_dvulku.raw",1,0,255,0,0,1,936.948,1786.239,2934828,2935040,0,2847764,2847764,0,29284,11.637,1774.602,1048576,312380,39cd1f3ac54dd1a965744fb87e5d1aeade9c020a53d352838d5ff06feba89772
"a0033_naqglc.raw",1,0,255,0,0,1,905.897,1783.986,2934828,2935040,0,2847764,2847764,0,29284,11.876,1772.110,1048576,312380,eff7ffe7fffcc1a62993e7a64fdaa07558fc4d3bf58628746c0b76606bebe4c8
"a0034_h7n79n.raw",1,0,255,0,0,1,838.395,1783.443,2934828,2935040,0,2847764,2847764,0,29284,11.662,1771.781,1048576,312380,6b5396f0c002bf0456cb22bcd790053809ccc7f43ca8427fa1d4a27614df98d0
"a0035_yr8bei.raw",1,0,255,0,0,1,1255.802,1786.029,2934828,2935040,0,2847764,2847764,0,29284,11.667,1774.362,1048576,312380,72191df592644094329811825082c8277db2a4b71205e22d623131b247337a59
"a0036_pwbk3g.raw",1,0,255,0,0,1,1039.420,1782.954,2934828,2935040,0,2847764,2847764,0,29284,11.556,1771.398,1048576,312380,c8f578b966005a953b90daef26e589b247b97a35139d5ddd153ba245b6dd025d
"a0037_ybmx1q.raw",1,0,255,0,0,1,1136.143,1782.745,2935040,2935040,0,2847764,2847764,0,29284,11.548,1771.197,1048576,312380,90679a440b6a129a6455c37f19c5d64b39cd3d91b322efa51da3618efd6a9262
"a0038_smiks9.raw",1,0,255,0,0,1,1048.991,1783.385,2935040,2935040,0,2847764,2847764,0,29284,11.601,1771.784,1048576,312380,66bbc2c6d92081e504e87acd385745149da2240dd32924d31f3f410b70efbaa9
"a0039_gxucnd.raw",1,0,255,0,0,1,834.513,1783.093,2935040,2935040,0,2847764,2847764,0,29284,11.546,1771.547,1048576,312380,d40eaa455abe54854365323baf02c43d58e0a52137b1e22d913766fb496e83ef
"a0040_lbkfep.raw",1,0,255,0,0,1,836.229,1782.754,2935040,2935040,0,2847764,2847764,0,29284,11.607,1771.147,1048576,312380,7be4f91fe7e0d5a538c256873993afaa57d1bee8ed9c4fbee0fd19827dd02d39
"a0041_mrc5vz.raw",1,0,255,0,0,1,1182.404,1785.214,2935040,2935040,0,2847764,2847764,0,29284,11.580,1773.634,1048576,312380,b6ca30b250c5d5a959e524f794c128c2b0e4876ebdcb2e3262e7a1edcd1611fe
"a0042_hyljpx.raw",1,0,255,0,0,1,870.152,1785.223,2935040,2935040,0,2847764,2847764,0,29284,12.404,1772.819,1048576,312380,9d6f125428263b9108dd7cdce2e37501c79c01b004ef5e0b1dda2edc9518c9b1
"a0043_g8f6cw.raw",1,0,255,0,0,1,877.800,1782.406,2935040,2935040,0,2847764,2847764,0,29284,11.620,1770.786,1048576,312380,52c4eb26246e95f3531eec11c94fd6b32afaef6ae63e248d62bc219ac65d642f
"a0044_uzcylm.raw",1,0,255,0,0,1,835.308,1784.031,2934712,2935040,0,2847764,2847764,0,29284,13.229,1770.802,1048576,312380,f3e149c440a5a84e5ad9ad3195e7a0a9b2d23bcda5cd0bc57380f2017c01b596
"a0045_rcl5lf.raw",1,0,255,0,0,1,858.993,1784.274,2934828,2935040,0,2847764,2847764,0,29284,11.852,1772.422,1048576,312380,be5029273eed3e83acc8c1251c508f4dd96b05782f94e9b7375414d181cd3fe5
"a0046_y9eobh.raw",1,0,255,0,0,1,1014.616,1785.030,2934828,2935040,0,2847764,2847764,0,29284,11.584,1773.446,1048576,312380,5e020d1ebbbfd982ba68576893ab4d198577df11a2c54581ad07a24fa9ec9f3b
"a0047_zwq3eq.raw",1,0,255,0,0,1,791.600,1786.752,2934828,2935040,0,2847764,2847764,0,29284,11.991,1774.761,1048576,312380,a0167930f610dcca700aa5f22898211fec75c23d7409e9cdae90e394e4115c61
"a0048_qqzcrl.raw",1,0,255,0,0,1,752.584,1783.882,2934828,2935040,0,2847764,2847764,0,29284,11.576,1772.306,1048576,312380,71bcbca7704934ecca144d7adc0dbe060b0574f7e432983bc3bb38e9ac7b376b
"a0049_eqcyv6.raw",1,0,255,0,0,1,832.551,1785.718,2934828,2935040,0,2847764,2847764,0,29284,12.428,1773.290,1048576,312380,6c17a2b416db453292bc0a528f68e3dfbd618d08aa0dd5d246645e5503c26c37
"a0050_lexekr.raw",1,0,255,0,0,1,834.333,1785.301,2934828,2935040,0,2847764,2847764,0,29284,12.376,1772.925,1048576,312380,73bad97d8e6e0943f4cdc076e620fafc558965ca2d8a889335c6d371b9f1d01f
"a0051_mwrqz1.raw",1,0,255,0,0,1,817.956,1785.144,2934828,2935040,0,2847764,2847764,0,29284,11.861,1773.283,1048576,312380,64e704e30ed48979a88c77d7f85d82cf8629b472dd1cf16461c2b6c98af39142
"a0052_luo2re.raw",1,1,255,0,0,1,899.572,1784.133,2934828,2935040,0,2847764,2847764,0,29284,12.165,1771.968,1048576,312380,9748fe301a62522571b24ac8b6650d5e432c2a4892788dba3a01d2af0f109c4a
"a0053_m5vljh.raw",1,113,143,0,0,1,1033.781,1786.370,2934828,2935044,0,2847764,2847764,0,29284,11.656,1774.714,1048576,312380,0aa6e3b24e92cce76fba342ff87d2403021a4253806515051e95412d921752d5
"a0054_efp41x.raw",1,251,5,1,0,0,837.686,1783.801,2934832,2934824,8,2847764,2847764,0,29284,11.652,1772.149,1048576,312380,decb002b931b7bf84e000e26b706f784d2aa7b7b73d03ea3a0bc110a984fe6d1
"a0055_mdde5c.raw",1,0,255,0,0,1,851.442,1783.455,2934824,2935036,0,2847764,2847764,0,29284,11.621,1771.834,1048576,312380,2393ce1e9f31b247b7960a60c8a7a5932d28db2066d2c46d421e4156b8b0c075
"a0056_uk1xbl.raw",1,3,253,0,0,1,1143.785,1785.223,2934824,2935036,0,2847764,2847764,0,29284,12.050,1773.173,1048576,312380,20c84d594badda4c43c2adff325918e1499f42b5664f1c49a6839f9a2104aae8
"a0057_tqu6hy.raw",1,24,232,0,0,1,1033.429,1783.281,2934824,2934824,0,2847764,2847764,0,29284,11.581,1771.700,1048576,312380,dd0340973210f0a716216ea6a08b2b93d3e07856d4cef3e09685b5a0abd8955d
"a0058_rs118h.raw",1,253,3,1,0,0,798.076,1784.814,2934824,2935036,0,2847764,2847764,0,29284,12.192,1772.622,1048576,312380,70559657d3da8bfc115e820631b347fd512740762ff6b0b99c0c3bfaeee4fb4b
"a0059_anyfxy.raw",1,0,255,0,0,1,891.661,1783.679,2934824,2934824,0,2847764,2847764,0,29284,11.644,1772.035,1048576,312380,d005b5126f26d3e207ecaa67b08326afb8f04d9c99251a07331c74864c117153
"a0060_c698ty.raw",1,1,255,0,0,1,1945.924,1785.267,2934824,2935036,0,2847764,2847764,0,29284,11.687,1773.580,1048576,312380,44be0498e0e3062167a8e9e2653e33ef76cea76cd93424b8c6a4386cb8e2ac3f
"a0061_yctxsi.raw",1,10,246,0,0,1,797.664,1786.379,2934824,2935036,0,2847764,2847764,0,29284,12.918,1773.461,1048576,312380,5d04faa5f925037e8488f5dd5bebcc74e064746f233d5cb388e7501a9ed8221c
"a0062_fqmvyz.raw",1,120,136,0,0,1,1182.681,1782.902,2934824,2935036,0,2847764,2847764,0,29284,11.784,1771.118,1048576,312380,3574df7102b1cab6e43a822a2a3426a86cae2535bcdf66dc27271c35c86477f9
"a0063_vbisb9.raw",1,0,255,0,0,1,834.095,1782.689,2934824,2935036,0,2847764,2847764,0,29284,11.563,1771.126,1048576,312380,f7b87dc9ce41216101c1f102868c8c74ce56a6888c0099075910faa69f641e0b
"a0064_kwp7cd.raw",1,0,255,0,0,1,842.061,1782.832,2934824,2935036,0,2847764,2847764,0,29284,11.677,1771.155,1048576,312380,8fa343854c57e220d339bb32a662e9ecd64ce0604af8785df8336bb1491c4df4
"a0065_ntjdqy.raw",1,0,255,0,0,1,1148.201,1784.667,2935036,2935036,0,2847764,2847764,0,29284,11.886,1772.781,1048576,312380,b90c3d31d42e676b4b2c1dc6379846ebdeb70ace5eac882f05ae9586601734fc
"a0066_rv5ww5.raw",1,7,249,0,0,1,740.335,1786.457,2934824,2935036,0,2847764,2847764,0,29284,11.704,1774.753,1048576,312380,4889d57b697967288d0e32196a2b1c4dc7f45e3e5219cef2fc21eb11dd994c7e
"a0067_d7tibh.raw",1,0,255,0,0,1,1256.144,1784.667,2934824,2935036,0,2847764,2847764,0,29284,11.643,1773.024,1048576,312380,f1cf383bf9aa42818fa4c46c7df7b01aa274da52f09fd9952ce4994164a54941
"a0068_jfoj6o.raw",1,0,255,0,0,1,894.539,1787.242,2934708,2935036,0,2847764,2847764,0,29284,13.127,1774.115,1048576,312380,73c35aaaadfc0354c9110f8b66dd0dd23c3e57a3138f161dbff1238a28abecb8
"a0069_btqbzv.raw",1,0,255,0,0,1,881.867,1787.348,2934824,2935036,0,2847764,2847764,0,29284,11.810,1775.538,1048576,312380,abc01a1eb475c9656693d581dd2e2addfeef893a0a874056cf9e3341d64121b0
"a0070_efjezh.raw",1,0,255,0,0,1,774.711,1785.867,2934824,2935036,0,2847764,2847764,0,29284,12.401,1773.466,1048576,312380,c4c3df30667822752df3f6791d8ee20a908b4fd1c32e8e33820a47cc601583f6
"a0071_e4cuqf.raw",1,0,255,0,0,1,765.854,1785.105,2934708,2935036,0,2847764,2847764,0,29284,13.407,1771.698,1048576,312380,039a30a52a2687a7570a702264fc57ac3db69fc41e8f3885931a615cc72bc677
"a0072_t5ibmg.raw",1,0,255,0,0,1,1094.119,1786.057,2934812,2935036,0,2847764,2847764,0,29284,11.658,1774.399,1048576,312380,e9ae1d0f199ee9ef28feffd331bf9bcb97d421cfbb558a1c02d230843146200b
"a0073_dkeyjo.raw",1,0,255,0,0,1,883.664,1782.884,2934824,2935036,0,2847764,2847764,0,29284,11.563,1771.321,1048576,312380,df343dcad5bea6ed189320eed20dca55a501ba620d58d004e57a58dd1e463cd0
"a0074_iwmcoy.raw",1,0,255,0,0,1,813.588,1786.900,2934824,2935036,0,2847764,2847764,0,29284,11.678,1775.222,1048576,312380,6915cd22391af3625b092a89221054483dc007d9fae9f2a78cf838afa740068a
"a0075_kinxwd.raw",1,0,255,0,0,1,788.516,1787.218,2934824,2935040,0,2847764,2847764,0,29284,11.675,1775.543,1048576,312380,09f3f6314af4b7cf40b6c97dd77ddef3e58c5dd3540ea1fb8155845f475d9dee
"a0076_nagxkv.raw",1,0,255,0,0,1,908.901,1784.386,2934704,2935040,0,2847764,2847764,0,29284,13.501,1770.885,1048576,312380,e879e5e0dd1bc9b40866f8f5f487e82da7d011939cdb77cf9046e4946512d7e3
"a0077_thtrkf.raw",1,0,255,0,0,1,1254.220,1782.707,2934828,2935040,0,2847764,2847764,0,29284,11.618,1771.089,1048576,312380,983d2f34c7fb28cdccc401f2f5ea864747c66ffd0a8f64c99034ff69c7d0809f
"a0078_pcdglm.raw",1,0,255,0,0,1,958.675,1783.876,2934828,2935040,0,2847764,2847764,0,29284,11.669,1772.207,1048576,312380,3a8f538d2c3a207b3b8900d7bf7a17f0944d08a70de75c8d5c9986d07d5e2be3
"a0079_hyr6xx.raw",1,0,255,0,0,1,765.287,1784.611,2934828,2935040,0,2847764,2847764,0,29284,11.814,1772.797,1048576,312380,840eb0ec14f74826bbd12572662cfd41034219aaf5464fe3fe9eb55c6dc80782
"a0080_lzrrpt.raw",1,0,255,0,0,1,956.309,1786.932,2934704,2935040,0,2847764,2847764,0,29284,13.319,1773.613,1048576,312380,e239eef780ecbafb9a2ab5e696b504570230f3185d06e33bdc49ba0d62294e6c
"a0081_v2ovst.raw",1,0,255,0,0,1,888.672,1783.847,2934828,2935040,0,2847764,2847764,0,29284,11.661,1772.186,1048576,312380,39deaad4795783578ffd03cc7046a551d70276f22e6c65968fbc31db915fed9a
"a0082_wdddcd.raw",1,0,255,0,0,1,819.741,1784.088,2934828,2935040,0,2847764,2847764,0,29284,11.681,1772.407,1048576,312380,090180054acf367e0fd4607a9868119882889924dddfd4ae5dae060cf42c8c9e
"a0083_vgn5pa.raw",1,0,255,0,0,1,851.453,1785.369,2934704,2935024,0,2847764,2847764,0,29284,13.510,1771.859,1048576,312380,e1cfef09a66e5eb475349bd6420f1f9a0e1c499ec05df03e813d41f31aa214fb
"a0084_tr6vlx.raw",1,0,255,0,0,1,1116.695,1783.104,2934828,2935040,0,2847764,2847764,0,29284,11.609,1771.495,1048576,312380,1dd0774ecab2cb660225e0f958aff7bfc33be10ef90cdbbfa6d3bfb9c55cec5e
"a0085_imechq.raw",1,1,255,0,0,1,857.678,1784.669,2934828,2935040,0,2847764,2847764,0,29284,11.678,1772.991,1048576,312380,7b3982311cf7e11ad1d2665c599633a1a217a94e9b76378651ae57edf1c97a9f
"a0086_nmlcg2.raw",1,0,255,0,0,1,903.889,1783.662,2934828,2935040,0,2847764,2847764,0,29284,12.074,1771.588,1048576,312380,5e9a5528906d2801a0520c348d3be421e4fff6c230931b0d9074e57f78a2d386
"a0087_tvrsu6.raw",1,0,255,0,0,1,729.607,1785.830,2934708,2935040,0,2847764,2847764,0,29284,13.600,1772.230,1048576,312380,d4aee10cd2e0fd7086af6ea1975b5fac45d1adca8c43d658b6833959fa805e82
"a0088_movh4z.raw",1,0,255,0,0,1,972.240,1782.437,2934828,2935040,0,2847764,2847764,0,29284,11.570,1770.867,1048576,312380,a93a949a62bbf39aaa54cc9f6bc075e63691f83a57c83a38f2ffb4accb8a6d4c
"a0089_g7scnd.raw",1,0,255,0,0,1,1114.324,1789.062,2934704,2935040,0,2847764,2847764,0,29284,13.969,1775.093,1048576,312380,dfd3ad88ac538c6c65bc012bd4a87a47a534daa10c3d43652724e7f437ca5aac
"a0090_hsatob.raw",1,0,255,0,0,1,1137.197,1784.575,2934704,2935040,0,2847764,2847764,0,29284,13.216,1771.359,1048576,312380,a6cbb097494c5ef683cf983c8e6782241fda419864056fa0a07b490d6756d5db
"a0091_ya20ve.raw",1,0,255,0,0,1,788.383,1783.771,2934828,2935040,0,2847764,2847764,0,29284,11.629,1772.142,1048576,312380,d421bfa0b8053cf23afdba0974ff64b2fc7a38936436e1b39587ee2bd77c1d5d
"a0092_ymr2r7.raw",1,0,255,0,0,1,823.209,1782.694,2934828,2935040,0,2847764,2847764,0,29284,11.786,1770.908,1048576,312380,8eecdccf8d247735bd9a0c9b0ee301554edeef4e3eb4776a244a2de8720e7677
"a0093_x7gbas.raw",1,0,255,0,0,1,837.167,1782.704,2934828,2935040,0,2847764,2847764,0,29284,11.649,1771.055,1048576,312380,572ac7054e4fce939494119620e810b2a277f18a15c943eb5a84e09fc08d9770
"a0094_jflpre.raw",1,0,255,0,0,1,977.264,1784.417,2934828,2935040,0,2847764,2847764,0,29284,11.634,1772.783,1048576,312380,a17027df67b68e6af22e888beaa64ac565f873715b0220d2360637e547df083d
"a0095_o8z7ji.raw",1,0,255,0,0,1,1425.504,1783.186,2934828,2935040,0,2847764,2847764,0,29284,11.608,1771.578,1048576,312380,fcd6998d9c7e023476d058340f5b44b131f5d08cd5fd3516febc42f793ff7609
"a0096_m1urqv.raw",1,0,255,0,0,1,943.236,1784.062,2934828,2935040,0,2847764,2847764,0,29284,11.696,1772.366,1048576,312380,7b88d5ad3d17d48da27b8e0d6da085f3f62c77feff42e5a245b268c7133f9235
"a0097_qv53m0.raw",1,0,255,0,0,1,793.089,1783.356,2934828,2935040,0,2847764,2847764,0,29284,11.745,1771.611,1048576,312380,462f736c9fc12ffb6ef55568b097fc71de1b5a89594709a17b2bf6bb8d17b057
"a0098_byyggi.raw",1,0,255,0,0,1,859.825,1782.999,2934828,2935040,0,2847764,2847764,0,29284,11.777,1771.222,1048576,312380,6d77ee99b8bb22c5340578c5883e9efcfd01352939c200202b2a9e40895ecd37
"a0099_vouy1n.raw",1,0,255,0,0,1,764.756,1784.439,2934828,2935040,0,2847764,2847764,0,29284,11.843,1772.596,1048576,312380,f84acf0f70b5249b9267f22ac15264154ad513ce0abeb54b65f6654b99eedbcb
"a0100_atpeq2.raw",1,0,255,0,0,1,1430.840,1782.821,2934828,2935040,0,2847764,2847764,0,29284,12.198,1770.623,1048576,312380,9fff74faf489cb21f397c4d706d41521af03169a3911c6652f569c31a2a627e8
"a0101_qhqclb.raw",1,0,255,0,0,1,811.696,1782.827,2934828,2935040,0,2847764,2847764,0,29284,11.624,1771.203,1048576,312380,7872ea96cfdf2b666d1621b022e6e20879b2e138a0268a2dc83f4d22d7d79781
"a0102_tdrvrf.raw",1,0,255,0,0,1,942.185,1783.741,2934828,2935040,0,2847764,2847764,0,29284,11.573,1772.168,1048576,312380,c0a305ee13e78016f7a9eae5f78a8e26b41aac93d7a457f9c6ce937509b705b3
"a0103_t5qk6i.raw",1,0,255,0,0,1,764.972,1783.882,2934828,2935068,0,2847764,2847764,0,29284,11.590,1772.292,1048576,312380,999a7c2e8b2b3f85e625e0fece314095bc2c14bef8877c77fbf8012ba6ff5776
"a0104_aiir4v.raw",1,0,255,0,0,1,838.436,1784.913,2934836,2935040,0,2847764,2847764,0,29284,11.630,1773.283,1048576,312380,5962f9082650bcbc7b22a57bf0abec452bc108d8effe3acb2e2cd2b1b5f6765e
"a0105_ximfad.raw",1,0,255,0,0,1,2531.203,1787.416,2934444,2935040,0,2847764,2847764,0,29284,13.001,1774.415,1048576,312380,bdc611e990da58f682f20e978a9e8ab86d8d659fe386990af5493a7322268808
"a0106_ehxaik.raw",1,0,255,0,0,1,806.206,1784.974,2934828,2935040,0,2847764,2847764,0,29284,11.617,1773.357,1048576,312380,9c0ace1761f4fb004517b3cda383d05a405b6a54fc63794121a04a01e0ed70da
"a0107_dfhjod.raw",1,0,255,0,0,1,1126.604,1786.478,2934700,2935040,0,2847764,2847764,0,29284,13.331,1773.147,1048576,312380,8f91b61f00d4287d07b28cb5a4925405d0a288f050ed472eee7a34912d76a3d5
"a0108_mubaht.raw",1,0,255,0,0,1,778.714,1785.423,2934828,2935040,0,2847764,2847764,0,29284,11.742,1773.681,1048576,312380,d4058996248720c4ffb0d0a87ab04ebd62693e7f4352e4fef22a40a6dbbe0f7d
"a0109_hwndhw.raw",1,0,255,0,0,1,842.997,1783.994,2934828,2935040,0,2847764,2847764,0,29284,11.820,1772.174,1048576,312380,78b38023089e9135b710bdabf11c50c631fd40ff8a15641b06ed87a3096326c1
"a0110_f7itxx.raw",1,0,255,0,0,1,879.039,1783.972,2934828,2935040,0,2847764,2847764,0,29284,11.601,1772.371,1048576,312380,99ecadcb71daaef9f9305c291dcc31e0141c606556a3e90179ab2cfd78f99f50
"a0111_q3m5nt.raw",1,0,255,0,0,1,825.911,1785.490,2934828,2935040,0,2847764,2847764,0,29284,11.612,1773.878,1048576,312380,fd7699b29b7b09cf96cb024c2080d29314e83dba5bda2b8acda67ff62c0be80f
"a0112_qyxkoh.raw",1,0,255,0,0,1,964.462,1786.160,2934828,2935040,0,2847764,2847764,0,29284,11.684,1774.476,1048576,312380,8f8021162b061d49cede6dc934a3c0d0c49217f9a08576b4c1795feb5392933d
"a0113_t1qgfz.raw",1,0,255,0,0,1,1193.503,1784.878,2934828,2935040,0,2847764,2847764,0,29284,11.648,1773.230,1048576,312380,059f34a08c48e72436978bb211ac9e284246da35beebdb6fc1a6e24d6e76aba5
"a0114_ro56rr.raw",1,0,255,0,0,1,866.639,1784.412,2935040,2935040,0,2847764,2847764,0,29284,11.657,1772.755,1048576,312380,bee05f1600b3fd3bbf728b03d7a3f745e4858f4b5a2dfad285489ac55ae106af
"a0115_ehs7u1.raw",1,0,255,0,0,1,2384.487,1784.519,2935040,2935252,0,2847764,2847764,0,29284,11.576,1772.943,1048576,312380,37a2654acf53191025f934e5ef5db9885fd286069cbb59bbffc6ccdd3f5944ce
"a0116_i9gpyq.raw",1,0,255,0,0,1,858.633,1785.263,2935040,2935252,0,2847764,2847764,0,29284,11.665,1773.598,1048576,312380,1bff621f1819c3d01738f6049bf602475c31b577949a63836d5ee77dff3e97cd
"a0117_do8ad0.raw",1,0,255,0,0,1,850.597,1789.374,2935040,2935252,0,2847764,2847764,0,29284,12.034,1777.340,1048576,312380,f5a04606dbb17c1eb24ba32fe5e4dca2f10245c1045c79419e6b975ae3d9599c
"a0118_zq1zyf.raw",1,0,255,0,0,1,801.978,1784.445,2935040,2935252,0,2847764,2847764,0,29284,11.670,1772.775,1048576,312380,d4e8d6edd84ba6b5bd38101580ec1428fb526f916cefe48d724d5a77651e68b8
"a0119_d4dqgq.raw",1,0,255,0,0,1,1117.940,1783.644,2935040,2935040,0,2847764,2847764,0,29284,11.622,1772.022,1048576,312380,b14b967f564796f2e1880c2787e0eb2a6a0f5eb72f0a65a685124bb7d83fd5d9
"a0120_tz7dpm.raw",1,0,255,0,0,1,1171.503,1785.182,2935040,2935252,0,2847764,2847764,0,29284,11.603,1773.579,1048576,312380,a18caf5356e0175f9ce9bd6aca5eaf83c3cb16453182a435971e0f06ad1f6e50
"a0121_bwr0nt.raw",1,0,255,0,0,1,1500.248,1786.301,2934924,2935252,0,2847764,2847764,0,29284,11.654,1774.647,1048576,312380,b953bb4264b8fd591a3ef10c34c25d77dea296f8e77cb84abd17918543929055
"a0122_mb1rzy.raw",1,0,255,0,0,1,1158.540,1786.954,2934924,2935252,0,2847764,2847764,0,29284,13.215,1773.739,1048576,312380,e8e73d7b3e957e719c0f84fdb39ee3556e7f8b3d51becfbab8092dde521464d1
"a0123_qlq6pv.raw",1,0,255,0,0,1,746.122,1783.854,2935040,2935252,0,2847764,2847764,0,29284,11.591,1772.263,1048576,312380,833f2b3f6af4c81aebb5b1ca4ce7e7cd579272c8da71cb8c8a14a53f6c8bc4c3
"a0124_ij6tbn.raw",1,0,255,0,0,1,861.000,1787.628,2935040,2935252,0,2847764,2847764,0,29284,11.606,1776.022,1048576,312380,e9f3c72dbe595c1ca95d7f84d0c529b7cff52a2fd0184549a5a225c6558cf1ea
"a0125_b2vhup.raw",1,0,255,0,0,1,826.432,1783.984,2935040,2935252,0,2847764,2847764,0,29284,11.651,1772.333,1048576,312380,471110c64a560355b330239175c665f506eb89cd0ed00c274780b2b9dad865f3
"a0126_loaplq.raw",1,0,255,0,0,1,899.419,1783.885,2935044,2935252,0,2847764,2847764,0,29284,11.729,1772.156,1048576,312380,3978f90d1472f15ffbd5201738150f71001ba16c714a864bbb1f80995515d72c
"a0127_c6lmoo.raw",1,0,255,0,0,1,861.847,1792.837,2935040,2935252,0,2847764,2847764,0,29284,11.587,1781.250,1048576,312380,91bc6983a290e3712ec51db3a6e66a3817742e04ae788956724c9f2eaf905936
"a0128_oy1f63.raw",1,0,255,0,0,1,822.925,1787.925,2935040,2935252,0,2847764,2847764,0,29284,11.753,1776.172,1048576,312380,0fd773db0b6eebd4315daa79a9166f9879da983f80f7b2238659208aa1bf05f7
"a0129_eyyc9x.raw",1,0,255,0,0,1,885.956,1785.802,2935040,2935252,0,2847764,2847764,0,29284,11.647,1774.155,1048576,312380,4d1ea9994997661e4ac7d9d52359e61315d42617e3c1139d3135d17d41d15dbc
"a0130_jvjwea.raw",1,0,255,0,0,1,758.656,1786.140,2935040,2935252,0,2847764,2847764,0,29284,12.896,1773.244,1048576,312380,f81a2a14ce2e3794592be3b57dea9a78df7c9970d486018da24c772bcac0a03e
"a0131_oofgf7.raw",1,0,255,0,0,1,884.613,1783.432,2935040,2935252,0,2847764,2847764,0,29284,11.677,1771.755,1048576,312380,8def3a58ed1f312894dcab90ba1252bf7d10988a9f61c920d07ff4f6470874f3
"a0132_n4lsdx.raw",1,0,255,0,0,1,928.643,1783.411,2935040,2935252,0,2847764,2847764,0,29284,11.667,1771.744,1048576,312380,0da3a6e1a5c66142fb88a5b3ac2905a1d905cf29cbbafb0920c9232f80387beb
"a0133_a6jddk.raw",1,0,255,0,0,1,908.934,1785.343,2935040,2935252,0,2847764,2847764,0,29284,11.778,1773.565,1048576,312380,5c77056d8c119621ee37edb52c4fef30dd4f129cb71c47342c8d77fd433c64d3
"a0134_jrlrub.raw",1,0,255,0,0,1,887.113,1786.581,2935040,2935252,0,2847764,2847764,0,29284,11.571,1775.010,1048576,312380,eb2c094d23699f14832308ddd89ead586ab02a0d3aa77beda665a484b22166e1
"a0135_zh17tc.raw",1,0,255,0,0,1,817.147,1783.634,2935040,2935252,0,2847764,2847764,0,29284,11.608,1772.026,1048576,312380,c235adad7c9b1898f41d5328c6eb2c571454b6132008030a89fef01a1ea43a55
"a0136_uf6cjb.raw",1,0,255,0,0,1,841.087,1784.475,2935048,2935252,0,2847764,2847764,0,29284,11.643,1772.832,1048576,312380,5e7d3735f0a80beffb57b1a74d8b88667c37eccbf7c6f746537a418b351d688f
"a0137_c0p4j0.raw",1,0,255,0,0,1,693.707,1786.656,2935040,2935040,0,2847764,2847764,0,29284,11.601,1775.055,1048576,312380,fb903bfec471529f5267b4313bd4ba00a8db536ccc3a37a12f90fb3f5ed44b98
"a0138_m4b2ck.raw",1,0,255,0,0,1,737.555,1783.842,2935040,2935040,0,2847764,2847764,0,29284,11.542,1772.300,1048576,312380,6285ef7dc1e18a9a83cc6af28b5a20d7ddce4e440ff1e91db5b4f748d448b57c
"a0139_uv51qs.raw",1,0,255,0,0,1,952.396,1785.623,2935040,2935040,0,2847764,2847764,0,29284,11.811,1773.812,1048576,312380,50dca34c6245c65db0ac1caea581eb9946bdc0ceb2e5b29a1f9e6b6eabf03c55
"a0140_uyqvkf.raw",1,0,255,0,0,1,1202.246,1785.671,2935040,2935252,0,2847764,2847764,0,29284,12.060,1773.611,1048576,312380,4e935bc9f96f192f86812d2837b305f1352b7939b18253346e4bfc1832fd4b77
"a0141_x8ianl.raw",1,0,255,0,0,1,1194.151,1784.913,2935040,2935252,0,2847764,2847764,0,29284,11.611,1773.302,1048576,312380,b5909fb03b588537cc8827a2f5c066aea627acd22bdb84cf2a3b30b63463216d
"a0142_ozrt3u.raw",1,0,255,0,0,1,847.389,1783.361,2935048,2935040,8,2847764,2847764,0,29284,11.595,1771.766,1048576,312380,ef3fc4f09a7bc5ce25ebbe9b23d6abac05a5ebc641ec3d556d2e15a7d3017a65
"a0143_hly1a7.raw",1,0,255,0,0,1,840.826,1783.050,2935048,2935252,0,2847764,2847764,0,29284,11.583,1771.467,1048576,312380,a27ad128c3c6da95f42dd89d82ece70ac2c77d0535602c59ba665d90565d843f
"a0144_v9mvte.raw",1,0,255,0,0,1,1081.404,1784.731,2935040,2935040,0,2847764,2847764,0,29284,11.537,1773.194,1048576,312380,aa07a42737199dc2331db2b20677039e57412e84bcebcc74121d200cfdf4c508
"a0145_msme8x.raw",1,0,255,0,0,1,794.982,1785.020,2935040,2935252,0,2847764,2847764,0,29284,11.630,1773.390,1048576,312380,930ca02d8458c88553ae95eba7e0bc2a38f40a28162b5d8db5c69f3b2873437e
"a0146_qa7qxt.raw",1,0,255,0,0,1,759.545,1785.903,2935040,2935252,0,2847764,2847764,0,29284,11.903,1774.000,1048576,312380,995f72503c89ee27bf2460f21e97605f576434088c5d54fea6c0748c8258ac2a
"a0147_zbmyhh.raw",1,0,255,0,0,1,1090.354,1783.910,2935040,2935040,0,2847764,2847764,0,29284,11.610,1772.300,1048576,312380,29b1329bc971a97725606d2fc6b8fb34bf93daf129ee273154f5977bbda49711
"a0148_ucux67.raw",1,0,255,0,0,1,906.308,1785.846,2934832,2935040,0,2847764,2847764,0,29284,11.792,1774.054,1048576,312380,3f4a415e4e687ce20f5a48001f2ed9c7e31d49a22e3c4b5c5a49c4d32e27f655
"a0149_vq27pa.raw",1,0,255,0,0,1,1201.752,1783.640,2935040,2935040,0,2847764,2847764,0,29284,11.628,1772.012,1048576,312380,58749a1ab10bb26bebeb151e6412b42f30b62cd1ec0c7bd3f02386914b3c52fb
"a0150_thhzku.raw",1,0,255,0,0,1,721.221,1784.099,2934828,2935040,0,2847764,2847764,0,29284,11.632,1772.467,1048576,312380,c760dc8f9319ccc31bf5e449ab5bdd40cce2fc855bf1a8308c0a1e85b4130bb9
"a0151_cmjo48.raw",1,0,255,0,0,1,848.166,1782.771,2934828,2935040,0,2847764,2847764,0,29284,11.598,1771.173,1048576,312380,c29e96b4eed61be86580538e4a3c47e1eca84f273ea7e8ae10cd2f05a5608b63
"a0152_okityq.raw",1,0,255,0,0,1,846.784,1783.208,2934828,2935040,0,2847764,2847764,0,29284,11.590,1771.618,1048576,312380,eb653d05b3b3bf0e8ddc8a42aa1288614cc85de652e475c32822c3292e1eff20
"a0153_sguu6u.raw",1,0,255,0,0,1,1256.582,1783.049,2935040,2935040,0,2847764,2847764,0,29284,11.635,1771.414,1048576,312380,a18cf2f253e046bb940400fd476089e98a2f48f1d291e9095fbf8fa7685ce5f6
"a0154_znnqhl.raw",1,0,255,0,0,1,900.338,1784.557,2934828,2935040,0,2847764,2847764,0,29284,11.900,1772.657,1048576,312380,3995c556e1529c329eb56ab841f4e95790a973c07592d964ce59cbe191629911
"a0155_y4pb1y.raw",1,0,255,0,0,1,728.143,1785.372,2934828,2935040,0,2847764,2847764,0,29284,12.693,1772.679,1048576,312380,669a0d294c72ac22c040eeda46aa1d51c80ec1b2309d0f2ea0bc11262a1ab487
"a0156_yvzvpr.raw",1,0,255,0,0,1,797.458,1786.482,2934828,2935040,0,2847764,2847764,0,29284,12.122,1774.360,1048576,312380,f2be7087b95da26f4583ad19d81365e4d7196d37efbcf5c8b0feabf216691891
"a0157_e6lwgj.raw",1,0,255,0,0,1,1530.321,1783.331,2934828,2935040,0,2847764,2847764,0,29284,11.966,1771.365,1048576,312380,1d9f4ce0f5e28c7b2e54af0fb52acf81a34e1c30261f5f60865d4d1c0a582342
"a0158_u7tlmh.raw",1,0,255,0,0,1,839.118,1783.942,2934828,2935040,0,2847764,2847764,0,29284,11.538,1772.404,1048576,312380,b50266f5ff94700dfeff7ab35a19dccb13112ae62bf02267f252420422459a23
"a0159_b2q7rr.raw",1,0,255,0,0,1,840.339,1783.492,2934828,2935040,0,2847764,2847764,0,29284,11.643,1771.849,1048576,312380,7de59731f21660a5eefc0468e4a6ce87c3f234b2d0041cf3bcf259372d2ed5fc
"a0160_c7m7s1.raw",1,0,255,0,0,1,841.848,1782.843,2934828,2935040,0,2847764,2847764,0,29284,11.758,1771.085,1048576,312380,0afe8a85a246381681d86ad57efa13d3d9f947a4e3ebaabb1c0ec7ab64e224a8
"a0161_hk0ygt.raw",1,0,255,0,0,1,812.644,1786.050,2934828,2935040,0,2847764,2847764,0,29284,11.590,1774.460,1048576,312380,178dd632d589267b64e24a030b68de858283a2a3c0bde533759250497819e111
"a0162_neipmu.raw",1,0,255,0,0,1,857.765,1784.740,2934828,2934828,0,2847764,2847764,0,29284,11.718,1773.022,1048576,312380,01d68912ef854e5518f566d973bd1986954d72c112cf047eebedf4522ee3a9ae
"a0163_cgxbzr.raw",1,0,255,0,0,1,839.694,1781.950,2934828,2934828,0,2847764,2847764,0,29284,11.670,1770.280,1048576,312380,accb19dceb721d0fdcab22ee7e651bb95d9cf0f58cfbc2970a23e69f16a6a382
"a0164_it0o7e.raw",1,0,255,0,0,1,806.753,1786.010,2934828,2934828,0,2847764,2847764,0,29284,11.694,1774.316,1048576,312380,781f43c4ad5579a5b410a80fcfcf8883fb0612d71e319addf359fd4319a6e89a
"a0165_ws9muv.raw",1,0,255,0,0,1,1172.218,1783.202,2934616,2934828,0,2847764,2847764,0,29284,11.628,1771.574,1048576,312380,1d684f15e3e8e7a3fff11696db26380ddbf1b6662e281405c50f25a5a015312e
"a0166_tuptw1.raw",1,0,255,0,0,1,839.099,1783.687,2934816,2934828,0,2847764,2847764,0,29284,11.591,1772.096,1048576,312380,c8dc5850b26c1484b8d9b17a09a75bee6a03c3289caf8581e3f6c7e7ff2f21d0
"a0167_eyyncx.raw",1,0,255,0,0,1,838.858,1784.813,2934616,2934828,0,2847764,2847764,0,29284,11.621,1773.192,1048576,312380,77b773b2143f5c0d0e29d4a96064f83e44a64ddc9092c228b365fa1f7f87b71e
"a0168_juburw.raw",1,0,255,0,0,1,905.951,1784.381,2934616,2934828,0,2847764,2847764,0,29284,11.628,1772.753,1048576,312380,8781ff6b0e63dbed771d1a3af4d7009b91a660d2d09147edbb26e99e7341468e
"a0169_udigcx.raw",1,0,255,0,0,1,1789.945,1783.566,2934828,2934828,0,2847764,2847764,0,29284,11.935,1771.631,1048576,312380,8fe1159e6009c10f97b26393c1e4f5c7ec1cf0421ba6d4420e7de4e9d83ecdab
"a0170_xwu9s1.raw",1,0,255,0,0,1,814.282,1783.919,2934828,2934828,0,2847764,2847764,0,29284,11.621,1772.298,1048576,312380,edd49d749664e39bcf76e86bb2d3a53b3841b6dd8e7c2f8b3c355c6c6331b847
"a0171_pwxejn.raw",1,0,255,0,0,1,851.808,1784.041,2934828,2935040,0,2847764,2847764,0,29284,11.823,1772.218,1048576,312380,e09de627941f8f9d8bd82ed5e42356f89ba677204ed04e24068fe29199c2297c
"a0172_nyfjrh.raw",1,0,255,0,0,1,1052.776,1783.069,2934828,2935040,0,2847764,2847764,0,29284,11.763,1771.306,1048576,312380,7a95490d93db5a403c4ff458a7b1736f3317e7bf10dd84f863a7cc1b810587b2
"a0173_eervjt.raw",1,0,255,0,0,1,739.259,1782.799,2934828,2935040,0,2847764,2847764,0,29284,11.635,1771.164,1048576,312380,28296870aa5dfcd9184d11a3262cc276221581ccd2aaae1406c51fb8046e74fb
"a0174_e7cpdr.raw",1,0,255,0,0,1,762.520,1784.916,2934828,2935040,0,2847764,2847764,0,29284,11.628,1773.288,1048576,312380,d87e5f5c9d00dbda114909ef4cf9192f7e9ec4d2b091077b15132cae34331988
"a0175_swjlo7.raw",1,0,255,0,0,1,1104.766,1783.196,2934828,2935040,0,2847764,2847764,0,29284,11.519,1771.677,1048576,312380,e4e00a523776244acffe7ca8507c23a53d10dea025b7c5a92e0dbaae8f21ecf1
"a0176_mcvzoh.raw",1,0,255,0,0,1,856.523,1782.603,2934828,2935040,0,2847764,2847764,0,29284,11.529,1771.074,1048576,312380,a3c4f585cf6db014eb36022584f391ae58da2c2926343f409c72f93bf0361e54
"a0177_y3zolp.raw",1,0,255,0,0,1,828.269,1784.903,2934828,2934828,0,2847764,2847764,0,29284,11.679,1773.224,1048576,312380,7b93e87a407db1cb2d05711fe925a75809f55a27d9834317f58910cef4566514
"a0178_aaj5hy.raw",1,0,255,0,0,1,694.620,1785.625,2934828,2934828,0,2847764,2847764,0,29284,12.459,1773.166,1048576,312380,3656f4e808a5248741f2d901bcfddc40c696125c8a3e504481622cfec2aa58ef
"a0179_ynprqc.raw",1,0,255,0,0,1,1212.855,1785.323,2934828,2935040,0,2847764,2847764,0,29284,12.128,1773.195,1048576,312380,550c6c51443478e59b1738658b671aa6e7f353a4b59be264755def86ddd41bea
"a0180_kfthlj.raw",1,0,255,0,0,1,826.321,1784.962,2934828,2935040,0,2847764,2847764,0,29284,11.644,1773.318,1048576,312380,19bd7a920defd232c4152845b060c06176140381821f9128567ce1f391f26a1a
"a0181_d8jlaf.raw",1,0,255,0,0,1,799.255,1784.381,2934828,2935040,0,2847764,2847764,0,29284,11.687,1772.694,1048576,312380,29714b1454c5405663e7278583bfcad4298ee7a8a4d57d53e2793be1bbe695fb
"a0182_nm812y.raw",1,0,255,0,0,1,846.461,1783.198,2934828,2935040,0,2847764,2847764,0,29284,11.632,1771.566,1048576,312380,e7bc0a3d289da00e83d24366d1587236a804a4d228e6240c1e783989cda3cea2
"a0183_deeois.raw",1,0,255,0,0,1,849.700,1783.706,2934828,2935040,0,2847764,2847764,0,29284,11.659,1772.047,1048576,312380,62c336820876ce646483c41b373e48d94c2411ce04d198d0148abc7f4bbeb4aa
"a0184_qvfn5j.raw",1,0,255,0,0,1,823.034,1782.819,2934828,2934828,0,2847764,2847764,0,29284,11.624,1771.195,1048576,312380,86df82a741ebe90ccfb153ed96a728380e21d9c34515336cc61959a09cea639f
"a0185_pvwq9t.raw",1,0,255,0,0,1,848.901,1782.994,2934828,2934828,0,2847764,2847764,0,29284,11.535,1771.459,1048576,312380,92a112473bf648e9e8ff577ef3f33f31da7b492db6115fc7bce337525072c8cb
"a0186_q9lbfb.raw",1,0,255,0,0,1,846.616,1782.684,2934828,2934828,0,2847764,2847764,0,29284,11.592,1771.092,1048576,312380,5ce84d160011d485dc4ad7c4c61da8e4acce281bb89fdcbc4324ab3ed950098f
"a0187_zs38ta.raw",1,0,255,0,0,1,904.730,1784.499,2934828,2934828,0,2847764,2847764,0,29284,12.096,1772.403,1048576,312380,e9a6cd0f790670c612e8aadb0141d994f556a5484ef6b6334e7d112beb0ef86e
"a0188_yyagcg.raw",1,0,255,0,0,1,1077.531,1785.389,2934720,2934828,0,2847764,2847764,0,29284,13.571,1771.818,1048576,312380,16e61700e0d29983808ef83c5184e80596a1db5b5d364b50b04e2d249c477ebe
"a0189_tdyi1e.raw",1,0,255,0,0,1,1271.603,1785.769,2934828,2935040,0,2847764,2847764,0,29284,11.648,1774.121,1048576,312380,8336ad2dd0ebd6d32d58c7dea9ac3b05899fa499f529cc9fbabd6de8ddb4bbf8
"a0190_cugc2u.raw",1,0,255,0,0,1,1228.510,1783.237,2934828,2935040,0,2847764,2847764,0,29284,11.798,1771.439,1048576,312380,f6dbe9dc812788cf6b9a8edf5b085f5cf46a3c916721823440784248773846be
"a0191_v3xe2h.raw",1,2,254,0,0,1,829.367,1784.325,2934708,2935040,0,2847764,2847764,0,29284,13.227,1771.098,1048576,312380,1e53b7da4523f16f71ab02e2c28b58ca39d99f0cc743a29ae0f9cb3c6728cc85
"a0192_ovl89c.raw",1,0,255,0,0,1,838.518,1782.721,2934824,2934824,0,2847764,2847764,0,29284,11.597,1771.124,1048576,312380,1b41a3008f5e9cbf5a1a5659d5cc1c350855449f9148d48c97c1681be80404c2
"a0193_hu0wy9.raw",1,0,255,0,0,1,831.391,1782.802,2934824,2934824,0,2847764,2847764,0,29284,11.654,1771.148,1048576,312380,fb07d5e224c47e161fd07607773a4bbed424f451fca565b831da048e851b561a
"a0194_kqcnoq.raw",1,7,249,0,0,1,844.129,1784.652,2934708,2935036,0,2847764,2847764,0,29284,13.347,1771.305,1048576,312380,dee5a23f867180a6242642b732a31f2096063825f78b26b862d0ac76983f851a
"a0195_czmb8s.raw",1,5,251,0,0,1,857.998,1785.542,2934708,2935036,0,2847764,2847764,0,29284,13.180,1772.362,1048576,312380,43b57e28232da6296460b27842d1d0b4ddf08cedbee28cd3f40da26143aff2e3
"a0196_vjvhwl.raw",1,0,255,0,0,1,1629.020,1782.999,2934824,2935036,0,2847764,2847764,0,29284,11.669,1771.330,1048576,312380,95bc26bcf6efe6bedf774ccd3ec96ace4968b2d9cea7d4ce2d2cf6d18cf4a50a
"a0197_i439rf.raw",1,0,255,0,0,1,853.285,1782.475,2934824,2935036,0,2847764,2847764,0,29284,11.576,1770.899,1048576,312380,2bfd6f2df8a4cdc0e13ad72d7bd285e7f9f313dd3ae2eb2c163e946424860fa7
"a0198_nplldi.raw",1,0,255,0,0,1,1549.864,1782.751,2934824,2935036,0,2847764,2847764,0,29284,11.635,1771.116,1048576,312380,7b727f0b2ff5311960220452e8403a5d0af4a00f3faf896d38cd2715836af363
"a0199_igszhh.raw",1,0,255,0,0,1,1007.148,1784.617,2934824,2935036,0,2847764,2847764,0,29284,11.610,1773.007,1048576,312380,f45836c51e5a4c1ac77d662a3f651854e1c21aa25c4e75dc24ffcf72b2baa22e
"a0200_b6ivgn.raw",1,17,239,0,0,1,941.841,1784.678,2934708,2935036,0,2847764,2847764,0,29284,13.425,1771.253,1048576,312380,5e27299ba743a053d622e000c57681817d2c1f9654ec5ba4a07cbb086c0f1b22
"a0201_fhwq3q.raw",1,0,255,0,0,1,950.875,1783.049,2934824,2935036,0,2847764,2847764,0,29284,11.639,1771.410,1048576,312380,cae6af3a4e5acdc253c2b94a472a8fe399627f512d171d529fe15c6d53d90ee3
"a0202_irq4vt.raw",1,0,255,0,0,1,1033.038,1786.414,2934824,2935036,0,2847764,2847764,0,29284,11.583,1774.831,1048576,312380,2757e30e32515234af05d814c767319af893d32fd3d5b9b68dbb22d49ba4e6b7
"a0203_m4vpew.raw",1,0,255,0,0,1,881.656,1783.272,2934824,2935036,0,2847764,2847764,0,29284,11.862,1771.410,1048576,312380,f02eab0cf0bd00e2c5edfe12a7f7129cbe5f2b916e408b4262401295b3715b04
"a0204_kpkjl1.raw",1,0,255,0,0,1,801.210,1785.325,2934824,2935036,0,2847764,2847764,0,29284,12.207,1773.118,1048576,312380,2e8b60ddb90f22415f421ce2dcf2cd36b8fc8cec9ae764e8e74ba74355490d58
"a0205_cjopmr.raw",1,0,255,0,0,1,755.554,1782.851,2934824,2935036,0,2847764,2847764,0,29284,11.663,1771.188,1048576,312380,b0b42cf6001e0d27ec57df66951196242dfd25c9e3caec83caf04087cb96e385
"a0206_grls61.raw",1,0,255,0,0,1,1465.116,1786.584,2934700,2935036,0,2847764,2847764,0,29284,13.199,1773.385,1048576,312380,3fc1d90050738cee80f208799b25ad01b1bde495ec31be8a6762296da432c69c
"a0207_zt4ggr.raw",1,0,255,0,0,1,835.587,1783.056,2935036,2935036,0,2847764,2847764,0,29284,12.102,1770.954,1048576,312380,f31f1543bfe39845200c377fe6a34db2d63fd4b3b071f6ddb8ac3b33b2a2d3c7
"a0208_avivkh.raw",1,0,255,0,0,1,790.919,1784.112,2934832,2935036,0,2847764,2847764,0,29284,11.653,1772.459,1048576,312380,48bb4ff740aef63f73c76788441b351fd4b6953a7e055f0726a8b101528bb876
"a0209_mbpspx.raw",1,0,255,0,0,1,915.926,1786.544,2934700,2935036,0,2847764,2847764,0,29284,13.288,1773.256,1048576,312380,89679d3c92412a17c0f6f0bc825ee38c83413171466305376a7785a6c9a9a322
"a0210_kcvrv3.raw",1,0,255,0,0,1,1033.155,1785.977,2934824,2935036,0,2847764,2847764,0,29284,11.689,1774.288,1048576,312380,cee28cfe6027310c144dd4b6ed71c0bd47fc6820e292bdeb94eff60b3cbdd79e
"a0211_jpy47f.raw",1,1,255,0,0,1,875.311,1785.294,2934824,2935064,0,2847764,2847764,0,29284,12.020,1773.274,1048576,312380,f6617b25fcdd3292267cb869f6f37312ab45b933bf9fc7077c1ea9c6a4d5a318
"a0212_jimcuz.raw",1,165,91,1,0,0,1170.363,1783.704,2934832,2935036,0,2847764,2847764,0,29284,11.570,1772.134,1048576,312380,c02a05b1ad2f1a31fa0ffdfe1ede32ed8ce65e9e63ee570324ded90a10ca1fd4
"a0213_ne51o9.raw",1,3,253,0,0,1,1983.054,1788.038,2935036,2935036,0,2847764,2847764,0,29284,11.744,1776.294,1048576,312380,626f422a14bfe67b08bd823f3bdd7645f7f152712bc34f72777bf74735058ea6
"a0214_uajkl9.raw",1,0,255,0,0,1,781.421,1784.279,2935036,2935036,0,2847764,2847764,0,29284,11.670,1772.609,1048576,312380,b7442a7d5a6692935392bb0cefabdd6c37f8b76195d250709e14bd772e7bfa98
"a0215_yxsy3c.raw",1,0,255,0,0,1,915.823,1785.111,2935036,2935036,0,2847764,2847764,0,29284,11.629,1773.482,1048576,312380,3ca070fe9e2c7e544f73ba3fb3c3733fcd6066483dfe68e6ed3a80ce2fbc3d94
"a0216_w34qky.raw",1,0,255,0,0,1,755.274,1785.826,2935036,2935036,0,2847764,2847764,0,29284,12.459,1773.367,1048576,312380,2dc1ae4aee7366c35d4babdb08aff42d5f860ddc3e713f2f4045f17a46edc2be
"a0217_pqf42k.raw",1,0,255,0,0,1,1500.674,1782.271,2935036,2935036,0,2847764,2847764,0,29284,11.558,1770.713,1048576,312380,7846d2971491bcff958a3e932a99c0d2d87c1d1eabf10560511e1a7c8b057aad
"a0218_nsways.raw",1,0,255,0,0,1,1650.248,1783.392,2935036,2935248,0,2847764,2847764,0,29284,11.807,1771.585,1048576,312380,37c876de06bf76a99b8529f05e9c4de66fc0721d58e7657700307f6b51636e7f
"a0219_e0y8kf.raw",1,0,255,0,0,1,793.481,1785.091,2935036,2935248,0,2847764,2847764,0,29284,11.788,1773.303,1048576,312380,66a1569ebdd13c1c3416c8ebfb157cc8db2484c2c6fd57eb67e4493c7328c9c1
"a0220_sqnyow.raw",1,1,255,0,0,1,874.445,1784.604,2935036,2935248,0,2847764,2847764,0,29284,11.622,1772.982,1048576,312380,ad2d9139c6f85a36e81c9f7779c56f71f50eed9e0899444c5536a2b91bc19d14
"a0221_zwdiwc.raw",1,0,255,0,0,1,806.070,1784.267,2935036,2935248,0,2847764,2847764,0,29284,11.626,1772.641,1048576,312380,4bb3dcc9c8cbb0c30c8d153adfa3258ffb7a5ee05136aa32e70a196152a9b2b1
"a0222_icjvhp.raw",1,0,255,0,0,1,1145.977,1784.535,2935036,2935248,0,2847764,2847764,0,29284,11.839,1772.696,1048576,312380,4d3619abdb5b3084d69bce85a4b91b30ee076d95c4e317163ad9e45d1fd33af8
"a0223_cvjnie.raw",1,0,255,0,0,1,773.729,1782.990,2935036,2935248,0,2847764,2847764,0,29284,11.565,1771.425,1048576,312380,bc6759cbacf2353a3c2dd6da7ca6c2ec6e0b38a93bceef49038e16146329526e
"a0224_zbgdda.raw",1,0,255,0,0,1,899.100,1785.324,2935036,2935248,0,2847764,2847764,0,29284,12.445,1772.879,1048576,312380,1323295b8dcb3377836696f10f7e90a579082098fca7291ff78647cf40c1b96f
"a0225_gvoddm.raw",1,0,255,0,0,1,839.258,1787.175,2935036,2935248,0,2847764,2847764,0,29284,12.214,1774.961,1048576,312380,91f0a8da86d46666552614b9e81595fbdceef06860372c0d2f854e9f471eb7eb
"a0226_ajgork.raw",1,0,255,0,0,1,809.983,1784.592,2935036,2935248,0,2847764,2847764,0,29284,11.841,1772.751,1048576,312380,e12dcdf51d6e6de77a9e66ff97a6b6b9b754115794e8c7a6fe015e98051bb9e8
"a0227_hosyqe.raw",1,0,255,0,0,1,778.689,1784.001,2935036,2935248,0,2847764,2847764,0,29284,11.661,1772.340,1048576,312380,57ea57f1112f2fa58b52211f89ed4ea08910485f5319f3f2f8f4c7ce5c0f1d49
"a0228_beax1m.raw",1,0,255,0,0,1,1060.533,1782.318,2935036,2935248,0,2847764,2847764,0,29284,11.638,1770.680,1048576,312380,7e5bb32cea4127e44912dc5372850d6db4f8f84b0e3eae23e100680a8bb8700e
"a0229_edkzub.raw",1,0,255,0,0,1,872.180,1784.697,2935036,2935248,0,2847764,2847764,0,29284,11.691,1773.006,1048576,312380,ca4d1a2c6f57b96f02b38255cebf13b7d9b2cfe7fb71d523b083c0c2b6f90ff7
"a0230_hkndfz.raw",1,0,255,0,0,1,914.867,1782.486,2935036,2935248,0,2847764,2847764,0,29284,11.620,1770.866,1048576,312380,f0f0951e3a1b59b362565e753048075dcd1c0e8c9a287774f3bb8b9609f30ba0
"a0231_dfkgjq.raw",1,10,246,0,0,1,871.762,1784.737,2935036,2935036,0,2847764,2847764,0,29284,11.697,1773.040,1048576,312380,af7a76eff23f89e6e154ba31009e2aa32e4e010e8086bea112557fa8f1b4f8ad
"a0232_yxjqmf.raw",1,2,254,0,0,1,788.238,1782.385,2935036,2935036,0,2847764,2847764,0,29284,11.597,1770.788,1048576,312380,99b5bf8f247c4c265bf0cae0e8f7bc3c5ea1909b6d2b1cced9c4ccbe7c517066
"a0233_pk87en.raw",1,0,255,0,0,1,971.573,1784.310,2935036,2935036,0,2847764,2847764,0,29284,11.664,1772.646,1048576,312380,bb8cda3ae060752da4fc297b240e5c63216d72e8504cb0d386d1728e354bf80e
"a0234_tzi0v2.raw",1,0,255,0,0,1,836.508,1784.684,2935036,2935252,0,2847764,2847764,0,29284,11.713,1772.971,1048576,312380,8e9850242b8b78ba67ee065f2c519b39e305d9dd08582eaa434d4dd71c0746b7
"a0235_n0quvm.raw",1,0,255,0,0,1,847.583,1784.554,2935040,2935040,0,2847764,2847764,0,29284,11.648,1772.906,1048576,312380,4fa3d24c7f8ebca16896f274a0b9a91c6bb935cb6ff1f8f13432937fa35f91d1
"a0236_ktgdmg.raw",1,0,255,0,0,1,797.708,1784.631,2935040,2935040,0,2847764,2847764,0,29284,11.637,1772.994,1048576,312380,516f1477758111cd19988c13597f09aa0423b48a78331e9269fcd4392bb8ca9f
"a0237_u2zqsb.raw",1,2,254,0,0,1,742.581,1782.454,2935040,2935040,0,2847764,2847764,0,29284,11.541,1770.913,1048576,312380,92a294197f5bbe9ee2266393d2a619e3005bf808eb6b0ab8dd3f0ac302f7b799
"a0238_lycwgz.raw",1,0,255,0,0,1,834.358,1783.029,2935040,2935040,0,2847764,2847764,0,29284,11.757,1771.272,1048576,312380,b0d8de47b097400800d95b1af265b7f9390d5b1198ff9b2344201555f3ceb225
"a0239_deyj9t.raw",1,0,255,0,0,1,857.071,1784.666,2934828,2935040,0,2847764,2847764,0,29284,11.594,1773.072,1048576,312380,f1b6c42da00acd3243742ead2eebf641487c77b59a5563cc29e5add509d306bd
"a0240_ln1bk4.raw",1,1,255,0,0,1,802.121,1784.590,2934828,2935040,0,2847764,2847764,0,29284,11.625,1772.965,1048576,312380,ab515a7a68b2afb8c4e28527a2a30fed90bf9bb833e019db8543ee9fa9b9d7e5
"a0241_jbqsqk.raw",1,3,253,0,0,1,890.682,1785.847,2934708,2935040,0,2847764,2847764,0,29284,13.265,1772.582,1048576,312380,a4ef7d0aa053ca9edc5f1ae9f4e4ba50d796e0e00cb128077af5c6c2e581b694
"a0242_emlbat.raw",1,0,255,0,0,1,815.852,1784.392,2934836,2935040,0,2847764,2847764,0,29284,11.648,1772.744,1048576,312380,17d8ec50613bfe15e758872214ede110a868982a8121a030f11c28cc3172e1ed
"a0243_jgsndb.raw",1,0,255,0,0,1,760.846,1786.499,2934708,2935040,0,2847764,2847764,0,29284,13.479,1773.020,1048576,312380,08ac5761adf314250897ebb20d7a3599445b7e3842bd2bcc19871b420a26b74a
"a0244_xvueor.raw",1,0,255,0,0,1,900.411,1782.975,2934828,2935040,0,2847764,2847764,0,29284,11.673,1771.302,1048576,312380,22d443a89be740cf0e7561913494d82986c77ae89db60a45d95c507cba160f84
"a0245_artfzj.raw",1,0,255,0,0,1,1134.318,1782.562,2934828,2935040,0,2847764,2847764,0,29284,11.632,1770.930,1048576,312380,c417b3e7152a81fce1912b0792297f5422871e3bbce14ddfdf06e04b3626468d
"a0246_zilsnr.raw",1,0,255,0,0,1,937.868,1782.603,2934836,2935040,0,2847764,2847764,0,29284,11.642,1770.961,1048576,312380,41b44264c5bad3ca695224289568769a76c2e8c1c701f96501992b18d71a7d8b
"a0247_k09zly.raw",1,0,255,0,0,1,1181.424,1788.578,2934828,2935040,0,2847764,2847764,0,29284,11.826,1776.752,1048576,312380,0d444bf440aa0cef0a15946905f233c03d588f32c5e4ece3135597913ce9d4fb
"a0248_jcgmcm.raw",1,0,255,0,0,1,1077.625,1784.884,2934708,2935044,0,2847764,2847764,0,29284,13.185,1771.699,1048576,312380,cef6e0a3bf6fbeaf633baf6fc715ac53a607606fda14c66d70da13d87a2edeee
"a0249_ryzzky.raw",1,0,255,0,0,1,790.483,1788.166,2934832,2935044,0,2847764,2847764,0,29284,11.680,1776.486,1048576,312380,40f9d7a51ce6cb6f39fa4ea78a3e4965c45b2ebd456a12b9010d1b9799ef2a1d
"a0250_eilcen.raw",1,0,255,0,0,1,724.904,1782.590,2934836,2935044,0,2847764,2847764,0,29284,11.533,1771.057,1048576,312380,5493d880abff6ca6759db7f95ae0238d6b2b0de9360c889ac056be87af4a4b9d
"a0251_gou8iz.raw",1,0,255,0,0,1,801.787,1782.980,2934832,2935044,0,2847764,2847764,0,29284,11.642,1771.338,1048576,312380,b543f3608a7707de24b0a789408cb5318c04265f7ca22917e959d2fa583b24fa
"a0252_g8rdu7.raw",1,0,255,0,0,1,852.284,1782.710,2934832,2935044,0,2847764,2847764,0,29284,11.691,1771.019,1048576,312380,8f54201a39527c04e3c807d5c115d052acf0fab2ef03a47cfae85b05d874837f
"a0253_zrs5z5.raw",1,0,255,0,0,1,846.337,1782.643,2934832,2935044,0,2847764,2847764,0,29284,11.756,1770.887,1048576,312380,9b59eaa2a1f8504d9990cd76dc4cc19bd6b7455bd29fff87eb240122cc1d9094
"a0254_duhhpx.raw",1,0,255,0,0,1,726.684,1783.235,2934832,2935044,0,2847764,2847764,0,29284,11.584,1771.651,1048576,312380,2700c48971ad82043f434610a4eec7491d5f2a2252d51e7f7ba62f2209860942
"a0255_snzsh6.raw",1,0,255,0,0,1,1342.412,1782.997,2934832,2935044,0,2847764,2847764,0,29284,11.609,1771.388,1048576,312380,7556a0a685489247cd599ef767e23f9ac25323d777958aebd48d7ec7eeedd28a
"a0256_tl0mch.raw",1,0,255,0,0,1,879.499,1784.869,2934832,2934832,0,2847764,2847764,0,29284,11.574,1773.295,1048576,312380,e9424e1af60e70994c61e494daa49fb28ad88025301d448f6c4367a11f8e4dbf
"a0257_ecnd4h.raw",1,0,255,0,0,1,807.856,1783.344,2934832,2934832,0,2847764,2847764,0,29284,11.593,1771.751,1048576,312380,b504681d49e6cc259f0a578a3c64c7bb64cf4a44270c0ed3eda3fc6b3ae12c27
"a0258_k3844w.raw",1,0,255,0,0,1,946.433,1782.899,2934832,2934832,0,2847764,2847764,0,29284,11.652,1771.247,1048576,312380,b2cca49e9996f5ae1916914cbb7f011579566dd5d87eae5e28705f9862516a7f
"a0259_yprawt.raw",1,0,255,0,0,1,812.865,1782.968,2934620,2934832,0,2847764,2847764,0,29284,11.626,1771.342,1048576,312380,1a6fde6decaae93e275af0bf51155180e51460fef948ae88e01fcf8cbe0460b6
"a0260_c5y9zb.raw",1,0,255,0,0,1,895.796,1784.672,2934832,2934832,0,2847764,2847764,0,29284,11.563,1773.109,1048576,312380,d7d1cd9a45496937663ea9eaac8d6d8d542ddf48d2a15d08d1ba4f3a8315c271
"a0261_vb7hzl.raw",1,0,255,0,0,1,954.918,1787.251,2934620,2934828,0,2847764,2847764,0,29284,11.641,1775.610,1048576,312380,a87f2d979f52fd355c8b07b4a8ca8238520f1912925cfb29c8456ae9b6fbe275
"a0262_ls88bb.raw",1,0,255,0,0,1,763.732,1784.560,2934616,2934832,0,2847764,2847764,0,29284,11.667,1772.893,1048576,312380,53662a034975d1e3b901bc5b11dfdaf555eb3e8ffd98fea349ca826c074e6ea4
"a0263_klkxph.raw",1,0,255,0,0,1,1074.199,1782.568,2934620,2934832,0,2847764,2847764,0,29284,11.613,1770.955,1048576,312380,9a5c5e1c4b1aef4a33fa69f5c765679ae4fa0560b05bd10b31e2aff5d220a0e9
"a0264_cni2ln.raw",1,0,255,0,0,1,807.670,1784.833,2934500,2934832,0,2847764,2847764,0,29284,13.467,1771.366,1048576,312380,62ab0fb57c31b3dfd30fbfb07a80f81e5d057e2284e216cb9fad2cf6f6fc50c3
"a0265_hjrfb7.raw",1,0,255,0,0,1,2579.927,1784.787,2934712,2934832,0,2847764,2847764,0,29284,13.440,1771.347,1048576,312380,d9f928eed04bcdf9f0394abd523cd362dc378a3260ad90fb74105c0ae2977126
"a0266_zd7nqm.raw",1,0,255,0,0,1,896.854,1784.726,2934832,2934832,0,2847764,2847764,0,29284,11.866,1772.860,1048576,312380,20e4675958e0f49b5df9499851336486668fb84b105ba0bc5eb133085d11d511
"a0267_rvg9bm.raw",1,0,255,0,0,1,747.780,1784.398,2934832,2934832,0,2847764,2847764,0,29284,11.947,1772.451,1048576,312380,c23be61b30e2e1930c6efaa7f2dd78e49b4a062f9d75c6b8bb945b4b57b9daf6
"a0268_ol9uxv.raw",1,0,255,0,0,1,952.612,1785.131,2934832,2934832,0,2847764,2847764,0,29284,12.410,1772.721,1048576,312380,3917f13692a1903bac98485c04f41f4fce08a4f46877f9b00c505c1a502d6841
"a0269_rijhyf.raw",1,0,255,0,0,1,1147.415,1785.489,2934832,2935044,0,2847764,2847764,0,29284,12.292,1773.197,1048576,312380,9c94228c6b731a35c3fc31d1b62b61135ae1fbceee339a9c785ee3e7dcc32ee3
"a0270_agqlwh.raw",1,0,255,0,0,1,1115.592,1785.059,2934832,2935044,0,2847764,2847764,0,29284,11.645,1773.414,1048576,312380,6d9c023cad3a0236c610826b4e32d0ead81d7b2c74f1adbe763eb11f3702d7ff
"a0271_a00g3l.raw",1,0,255,0,0,1,942.732,1785.549,2934832,2935044,0,2847764,2847764,0,29284,11.814,1773.735,1048576,312380,6b128628dc3570e0ff01ebdcd2430a2928d177894165ed56872978ea1fcb9568
"a0272_uwcqou.raw",1,0,255,0,0,1,971.647,1786.120,2934832,2935044,0,2847764,2847764,0,29284,11.888,1774.232,1048576,312380,76f54eb2e2d410f60565ccb6a3d982de94dbe4c58247807ab69882428efe4cde
"a0273_ey4uyg.raw",1,0,255,0,0,1,903.585,1785.379,2934832,2935044,0,2847764,2847764,0,29284,12.170,1773.209,1048576,312380,ce34e2c3f942a2b1aaf9f32fc87024f6da00d19ae7f0e987a4e5aef376f50a14
"a0274_rbiyxi.raw",1,0,255,0,0,1,789.559,1782.773,2934832,2935044,0,2847764,2847764,0,29284,11.655,1771.118,1048576,312380,3254c0d76b6acda4597c91ee3ebc3ead61acadf1d2af29ebacf0250cfbebc1e0
"a0275_fgksxn.raw",1,0,255,0,0,1,861.573,1783.612,2934832,2935044,0,2847764,2847764,0,29284,11.657,1771.955,1048576,312380,ae07b80429454ffae5479d7dfb1e8219b1c7f9c87641515f457a007c11856e49
"a0276_obkijn.raw",1,0,255,0,0,1,826.062,1783.696,2934832,2935044,0,2847764,2847764,0,29284,11.690,1772.006,1048576,312380,6606b46015ec212335d196e0e85d0f4c98669a1574e89dc6d76da6fcbaad96ec
"a0277_bf7ihi.raw",1,0,255,0,0,1,836.172,1782.831,2934832,2935044,0,2847764,2847764,0,29284,11.658,1771.173,1048576,312380,7014a9a0b66a97e7dfd3e73ec4407afafaa4dc06e9c1ec123093b9da90b1747d
"a0278_e6witx.raw",1,0,255,0,0,1,834.494,1783.222,2934832,2935044,0,2847764,2847764,0,29284,11.655,1771.567,1048576,312380,2a4f0320b3720326246978569c7ec2ce1c91f450ffe38f57d258c63c50a85e30
"a0279_dgrnno.raw",1,0,255,0,0,1,801.684,1789.103,2934832,2934832,0,2847764,2847764,0,29284,11.683,1777.420,1048576,312380,0ea38e841f06a73dbf62d7c06526267c31fa2ebe6b5060bda846e6feab74a1c0
"a0280_xwfgrz.raw",1,0,255,0,0,1,1070.867,1783.624,2934832,2935044,0,2847764,2847764,0,29284,11.693,1771.931,1048576,312380,4c6a36bede18c1c51999e043329951b5afc8682c20f99f26ce5776ffad3e4d76
"a0281_wvnftg.raw",1,0,255,0,0,1,856.631,1783.667,2934832,2935044,0,2847764,2847764,0,29284,11.671,1771.996,1048576,312380,39de2b8a5d0a2d321b59f8e74d90efef1ea79e3e767da5ce223d42acc0f07624
"a0282_neuqgk.raw",1,0,255,0,0,1,6538.370,1784.362,2935256,2935468,0,2847764,2847764,0,29284,11.600,1772.762,1048576,312380,ebd2717ca3160500a023a3cc9d4b9839216bf660ffd8952605f66c5e36683708
"a0283_ed9ybp.raw",1,0,255,0,0,1,865.013,1782.684,2935256,2935468,0,2847764,2847764,0,29284,11.549,1771.135,1048576,312380,1431c75b01c96288840748349763f374cba200fca9f9484d7a3d473b28a674a6
"a0284_l2pshn.raw",1,0,255,0,0,1,803.570,1782.983,2935256,2935468,0,2847764,2847764,0,29284,11.624,1771.359,1048576,312380,9f7e6bc3d91fa75c1e3dde8378ef63e95a126e7365d5b2d43e600c933b0e0947
"a0285_czrrzg.raw",1,0,255,0,0,1,1163.086,1783.713,2935256,2935468,0,2847764,2847764,0,29284,11.561,1772.152,1048576,312380,827b566a2c2dbbe478a643d334a62cef60323a4a10efeed47ec84999e6864a7e
"a0286_ptumns.raw",1,0,255,0,0,1,858.311,1783.877,2935256,2935468,0,2847764,2847764,0,29284,11.785,1772.092,1048576,312380,2c813652869c241da7031c40946809e4b1385335bce229e630a89c5d8623ab53
"a0287_eehsa2.raw",1,0,255,0,0,1,813.266,1782.792,2935256,2935468,0,2847764,2847764,0,29284,11.721,1771.071,1048576,312380,5d0f8c5f19c78492b4170bae2650c19e19bdaf11d64e252cc27720d5e7c4ade7
"a0288_fmukvl.raw",1,0,255,0,0,1,846.563,1783.615,2935256,2935468,0,2847764,2847764,0,29284,11.681,1771.934,1048576,312380,a4c59987dd6b426cc8450a2d0942c5114f164733f44e330488d14adbe1fb87d8
"a0289_l9cwjl.raw",1,0,255,0,0,1,857.138,1784.228,2935256,2935468,0,2847764,2847764,0,29284,11.653,1772.575,1048576,312380,2aeb2d0bd7184c265b8a64de58a05273f1e0fe87a12d971fa7ec3f54fbb9180c
"a0290_yvjttp.raw",1,0,255,0,0,1,832.675,1785.346,2935256,2935468,0,2847764,2847764,0,29284,12.555,1772.791,1048576,312380,cc424df0f0ee7ee682cda4f2734b9365155367d1a5840058207fb5499d824328
"a0291_xwtzfw.raw",1,0,255,0,0,1,680.463,1785.562,2935256,2935468,0,2847764,2847764,0,29284,12.378,1773.184,1048576,312380,1540b559974dba7a0d62df7b6a42cc8b4172cd482b7f617576109f795a8a3ed9
"a0292_mfxjuh.raw",1,0,255,0,0,1,767.750,1782.537,2935256,2935468,0,2847764,2847764,0,29284,11.634,1770.903,1048576,312380,51225638b72197c4eedf8263c0016752f49cb31665f3da04484fae2b1a85a1eb
"a0293_rws1fy.raw",1,0,255,0,0,1,949.362,1782.519,2935256,2935468,0,2847764,2847764,0,29284,11.688,1770.831,1048576,312380,f5b9403f4bb8cda4e9234c6f475b47ab15eadd72f1bd6181da928326341918da
"a0294_amp8ud.raw",1,0,255,0,0,1,817.888,1782.626,2935256,2935468,0,2847764,2847764,0,29284,11.591,1771.035,1048576,312380,91f6cde9f9f83a1123ea466bcd767756cbaedd174316385ab617d69ed23efa07
"a0295_gdssqr.raw",1,0,255,0,0,1,1028.926,1783.145,2935256,2935468,0,2847764,2847764,0,29284,11.707,1771.438,1048576,312380,1b927b5e659066af8170f1d3b3c77dc0465967f2f0076acdc53c238558094bc9
"a0296_cbjusq.raw",1,0,255,0,0,1,769.185,1784.730,2935256,2935256,0,2847764,2847764,0,29284,11.579,1773.151,1048576,312380,d225c3e65612b3e7eb6beff8172649b63a5475250ecab8532b8b59c5ed2d64da
"a0297_bi3qaq.raw",1,0,255,0,0,1,858.124,1784.849,2935256,2935468,0,2847764,2847764,0,29284,11.585,1773.264,1048576,312380,33dc4e68b00d77ecb78338ef84b1b164327762c3be4ef608fce2f64f84d97b5f
"a0298_snhzju.raw",1,0,255,0,0,1,775.671,1785.717,2935256,2935256,0,2847764,2847764,0,29284,13.139,1772.578,1048576,312380,75b8f90c68ac773eb1398efc9d371f21f2c0190a5f5cd855e4ba5071c90a87f7
"a0299_wvgl0v.raw",1,0,255,0,0,1,840.884,1785.253,2935256,2935256,0,2847764,2847764,0,29284,11.587,1773.666,1048576,312380,b47ab95f4d0281611408f20dc741ab687e48a532f1419201dfbff8f4e91b670c
"a0300_m3senv.raw",1,0,255,0,0,1,1706.836,1783.759,2935256,2935468,0,2847764,2847764,0,29284,11.659,1772.100,1048576,312380,bbc01dbc5871cb92a9878ebba3000f98005c30bd8de58ed43175f3209bd1155b
"a0301_uli8mh.raw",1,0,255,0,0,1,691.550,1784.460,2935140,2935468,0,2847764,2847764,0,29284,13.158,1771.302,1048576,312380,309138c0bc76b4f88edaa40bde2abbd690bc66c0635fdf2aad7995574c37aea0
"a0302_vc4qix.raw",1,0,255,0,0,1,847.989,1784.318,2935140,2935468,0,2847764,2847764,0,29284,13.156,1771.162,1048576,312380,98f0fdf0d955b7cab8d124a2f3baa1cf0538de6fb5221ffffd31efc2dd238dbe
"a0303_cuf6xn.raw",1,0,255,0,0,1,864.783,1784.508,2935256,2935468,0,2847764,2847764,0,29284,11.576,1772.932,1048576,312380,8fd1f3472e406fadf714d133a1bbd86fee90e6c549cbe5a12204726a0cbc58f6
"a0304_fwwn3g.raw",1,0,255,0,0,1,1095.754,1785.098,2935256,2935468,0,2847764,2847764,0,29284,11.878,1773.220,1048576,312380,369e8130ef6824dac7546f89fde665cae6836b5dacf965792275f53cbb2940ef
"a0305_fmqlfv.raw",1,0,255,0,0,1,868.836,1784.036,2935256,2935468,0,2847764,2847764,0,29284,11.653,1772.383,1048576,312380,bd14720b091bafbb1a2ce66512c37aec11f922ffb707580d931e07a6a77464bb
"a0306_ulbssu.raw",1,0,255,0,0,1,860.759,1786.922,2935140,2935256,0,2847764,2847764,0,29284,13.531,1773.391,1048576,312380,891d51a175ed79a178511bac00e3cc352c2aa9c1a4789f8139d084f9d60d2121
"a0307_hebntn.raw",1,0,255,0,0,1,792.529,1786.491,2935044,2935256,0,2847764,2847764,0,29284,11.783,1774.708,1048576,312380,a934a161f6d711ad40881ef81da18fc370a521a74003f6b8ec5e44c0e2081788
"a0308_a3dpi0.raw",1,0,255,0,0,1,1077.656,1784.585,2935044,2935256,0,2847764,2847764,0,29284,11.685,1772.900,1048576,312380,433546bba1dde0569f2b695204859026c81087f42e4c2e94d876f732211302a9
"a0309_hwfzr3.raw",1,0,255,0,0,1,1124.453,1783.713,2935256,2935256,0,2847764,2847764,0,29284,11.568,1772.145,1048576,312380,c0db20333d53294c53640cb9a022c7c30b6be55b0c6dbdb7385b55ad64f39b43
"a0310_xnncrg.raw",1,0,255,0,0,1,839.142,1785.295,2935140,2935256,0,2847764,2847764,0,29284,13.258,1772.037,1048576,312380,d4f2ce99cc88077f5fea6827d4527df8134dc69e678a4773a63aee85b688b4b0
"a0311_yeksvg.raw",1,0,255,0,0,1,1176.075,1785.723,2935256,2935256,0,2847764,2847764,0,29284,11.601,1774.122,1048576,312380,e865800a5523189067bd09230f463a29a5f5cdb30288d83d937f724df366f8ab
"a0312_hg3seh.raw",1,0,255,0,0,1,771.528,1784.915,2935256,2935256,0,2847764,2847764,0,29284,11.617,1773.298,1048576,312380,673f8eaaf0a2b5894917075cff0a255ab44e99eeec6ace2502d04868e39953fd
"a0313_qmcgor.raw",1,1,255,0,0,1,794.584,1786.460,2935044,2935256,0,2847764,2847764,0,29284,11.634,1774.826,1048576,312380,95df299dfa923bfa6d62692ffc891f25d7497032f3d2a8c3f2b8a5faf9e5c44d
"a0314_qn2tkn.raw",1,0,255,0,0,1,813.804,1784.709,2935044,2935256,0,2847764,2847764,0,29284,11.946,1772.763,1048576,312380,9508f22d389a6cea7bf589608b6106e59371d2eeb0f30acba8aa13fd18efcf14
"a0315_gzqrrt.raw",1,0,255,0,0,1,693.229,1786.760,2935044,2935256,0,2847764,2847764,0,29284,12.325,1774.435,1048576,312380,23147abc2779eb97cb1cc6410b911000bff0c4a3577ac1f24ba91c7aa50fc0fa
"a0316_wy1qyy.raw",1,0,255,0,0,1,879.070,1782.868,2935044,2935256,0,2847764,2847764,0,29284,11.556,1771.312,1048576,312380,edc171352254432b9a826009078991d650f0223e6f966ae7b28f63d9ebbd7409
"a0317_sncbpq.raw",1,0,255,0,0,1,793.439,1788.202,2934928,2935256,0,2847764,2847764,0,29284,14.173,1774.029,1048576,312380,555b5f6b38c48bf6667416209090709a3be91dd05945cc27d0c818bfefd14510
"a0318_cwzoi8.raw",1,0,255,0,0,1,1798.225,1783.044,2935256,2935272,0,2847764,2847764,0,29284,11.687,1771.357,1048576,312380,848ff9fdc63bc63435334939cf4d37e10b03590d66986e5fa42b961cb1155292
"a0319_ghigad.raw",1,0,255,0,0,1,801.948,1787.367,2934864,2935256,0,2847764,2847764,0,29284,13.046,1774.321,1048576,312380,d5fa0836d138a257cd56a89d8024ae54bcfd8bde539f49da92aeb54a3578bcf3
"a0320_yzr3ed.raw",1,0,255,0,0,1,868.372,1783.976,2935256,2935256,0,2847764,2847764,0,29284,11.655,1772.321,1048576,312380,0f9c0ab77c71646843aa161b3c331330bfd4900d52c3f9b0b1be87c3afd5fb6e
"a0321_autrsj.raw",1,0,255,0,0,1,778.697,1788.022,2935128,2935256,0,2847764,2847764,0,29284,13.415,1774.607,1048576,312380,a9f228ef99487ce216c5852036da462b3ce46423725e6992dd4ff3d06b72ba02
"a0322_ybf4bi.raw",1,0,255,0,0,1,962.569,1787.626,2935256,2935256,0,2847764,2847764,0,29284,12.322,1775.304,1048576,312380,6b24362e5630742db4cab52e5c5fafcacf1700d2b2dc6e4083dbf0a61194c33a
"a0323_gejwiv.raw",1,0,255,0,0,1,770.714,1784.129,2935256,2935256,0,2847764,2847764,0,29284,11.673,1772.456,1048576,312380,31f4253482e041576cb3a6de85b57539781157b4dca0ebe98c7f870a93fa6114
"a0324_qe07mh.raw",1,0,255,0,0,1,783.362,1786.545,2935044,2935044,0,2847764,2847764,0,29284,13.013,1773.532,1048576,312380,592c0f7a17b1656fa04fee1af2925c4fa565ee40207edab12d3c76a5bcfe2b01
"a0325_hqewpd.raw",1,0,255,0,0,1,778.253,1784.226,2934832,2934832,0,2847764,2847764,0,29284,11.728,1772.498,1048576,312380,9dfb29e0efee5b670931b291def0c6b61722689688a10b6ddfaec99abe30fb8c
"a0326_b0apf0.raw",1,0,255,0,0,1,875.805,1786.007,2934620,2934832,0,2847764,2847764,0,29284,11.645,1774.362,1048576,312380,c6fd77057c656c59d9752616f59143fb91d650a6b46a1b5313fc65b75a2d7b63
"a0327_psfuag.raw",1,0,255,0,0,1,890.806,1784.101,2934620,2934832,0,2847764,2847764,0,29284,11.551,1772.550,1048576,312380,78dba4e22992a793ab11e32cf8cc43594542b17877a123a74049acce2bc38c24
"a0328_y3tnna.raw",1,0,255,0,0,1,890.209,1785.991,2934832,2934832,0,2847764,2847764,0,29284,11.634,1774.357,1048576,312380,d2cb90e30cac75660fd0982352586b880dfc4f9b30508b361fe2bc8cb648864f
"a0329_tt1jeo.raw",1,0,255,0,0,1,891.566,1785.410,2934620,2934832,0,2847764,2847764,0,29284,11.641,1773.769,1048576,312380,21ad7620db9627ae624bd5091aae866351b2cd4c508f75c32fa811f77f399c4b
"a0330_w42viz.raw",1,0,255,0,0,1,1494.288,1788.123,2934832,2934832,0,2847764,2847764,0,29284,11.641,1776.482,1048576,312380,a83ac9bf5e07e8fd78db99f33cfc222adfed9b02c545e85c89987739053c7166
"a0331_pstkz0.raw",1,0,255,0,0,1,941.862,1785.588,2934832,2934832,0,2847764,2847764,0,29284,11.663,1773.925,1048576,312380,7fd645a03f89123e2f1507f91f428060e5d6ea5b9e8f3c1f9afca38b4bf92594
"a0332_mlywvc.raw",1,0,255,0,0,1,754.778,1788.168,2934832,2934816,16,2847764,2847764,0,29284,12.583,1775.585,1048576,312380,0b22545dd97c076987523e9c2b0bbf925333b2c499c6fc0bcad48951361a5943
"a0333_mntmbr.raw",1,0,255,0,0,1,832.021,1786.350,2934816,2934820,0,2847764,2847764,0,29284,12.429,1773.921,1048576,312380,9c0f010fb8225fbdf4357d8cd6d6b7a30ae87e1f3dd0a154216677d5ef64eb30
"a0334_hh8lbt.raw",1,0,255,0,0,1,899.606,1786.397,2934820,2934820,0,2847764,2847764,0,29284,11.682,1774.715,1048576,312380,f4d5a5a1871b66fed205e31d85631796e62319dc2b03a1bc4b4ea1da1f96678b
"a0335_lj2th9.raw",1,0,255,0,0,1,1120.913,1784.040,2934820,2935032,0,2847764,2847764,0,29284,11.646,1772.394,1048576,312380,2a77116e4baa65930bdf6cc4b5d3c681d990fb8d60ccefb1fb69a20f04a1e5bc
"a0336_rbou7p.raw",1,0,255,0,0,1,828.289,1784.996,2934820,2934820,0,2847764,2847764,0,29284,11.615,1773.381,1048576,312380,a265d37c7d4b6c336c275cded2b40897d66b11e79fd9ce800d50c35f7d011720
"a0337_ne0tny.raw",1,0,255,0,0,1,824.731,1786.814,2934820,2934820,0,2847764,2847764,0,29284,11.557,1775.257,1048576,312380,df285e20c4a1f9272cb025ffa7a865423908ee46bb6f8c528ecc9c1c7f7b2d70
"a0338_pih7ys.raw",1,0,255,0,0,1,701.297,1786.840,2934820,2934820,0,2847764,2847764,0,29284,12.618,1774.222,1048576,312380,e6980cec1cb5d9ccbefe6cd5da9372a0eca11e417a19700ab3adb5c5f47aa983
"a0339_relvff.raw",1,0,255,0,0,1,1051.798,1785.936,2934820,2934820,0,2847764,2847764,0,29284,12.105,1773.831,1048576,312380,797ca6e69ceaf1413258e4f9ccd8519fd7562cbdfab1086a26db8efa8c356557
"a0340_xhnbwm.raw",1,0,255,0,0,1,847.576,1785.399,2934704,2934820,0,2847764,2847764,0,29284,13.493,1771.906,1048576,312380,486a8f8bca09a538123a4b036e9b5de6eb50a27c3a68f128e45297e992a9a273
"a0341_gjtu0s.raw",1,0,255,0,0,1,832.685,1783.441,2934820,2935032,0,2847764,2847764,0,29284,11.647,1771.794,1048576,312380,dfc583a51a81da6bc5cb57b4827ccc53f559b6903d144780ecca5c622389fb67
"a0342_cyuqlc.raw",1,0,255,0,0,1,1186.472,1782.826,2934820,2935032,0,2847764,2847764,0,29284,11.605,1771.221,1048576,312380,b3946d5f88b474b3b6109911ca03637a6d46ddfb30c8dd49c724fce1ba3c8f53
"a0343_izq4tl.raw",1,0,255,0,0,1,787.649,1785.444,2934820,2934820,0,2847764,2847764,0,29284,12.734,1772.710,1048576,312380,1cfbaf5adaef33737bcf3c7bbdcb534d633fde43e63cdf457e52f5627e06d168
"a0344_rkf6lh.raw",1,0,255,0,0,1,976.104,1782.831,2934820,2934820,0,2847764,2847764,0,29284,11.645,1771.186,1048576,312380,6fdad0122a90722022d994e780090057601221be24a99aa507c9fdd544fe3f6a
"a0345_hlud7p.raw",1,0,255,0,0,1,845.668,1785.132,2934820,2934820,0,2847764,2847764,0,29284,11.845,1773.287,1048576,312380,16ca07a808191dffe40c6eacb06db467a9e666165d5902a2405c9760c75a3ee2
"a0346_rw1jth.raw",1,0,255,0,0,1,722.603,1783.178,2934820,2934820,0,2847764,2847764,0,29284,11.525,1771.653,1048576,312380,17de8dca1451af83a8a90080c671a4fb82f0795160e25f33e83b4288325b8e7c
"a0347_ckscd3.raw",1,0,255,0,0,1,821.384,1784.722,2934700,2934820,0,2847764,2847764,0,29284,11.605,1773.117,1048576,312380,ce572ff8428829b6cac0956c5b4ebcf58637314a46b6c2ece03a0cc5e2f7d024
"a0348_kax7ko.raw",1,0,255,0,0,1,853.968,1783.127,2934820,2934820,0,2847764,2847764,0,29284,11.858,1771.269,1048576,312380,d6363b289844420f4411e495f8d06bea53b63889725e34719a7715b0b221e805
"a0349_ufa15g.raw",1,0,255,0,0,1,805.572,1785.147,2934608,2934820,0,2847764,2847764,0,29284,12.310,1772.837,1048576,312380,089f8fbd0112bceed7e14b399f4e451b358bed13fb6ce8f40c73f04bf8679614
"a0350_vxnkox.raw",1,0,255,0,0,1,738.048,1783.949,2934608,2934820,0,2847764,2847764,0,29284,11.964,1771.985,1048576,312380,77fe1433ead78004df1524612979d127833a2fe04af84755819bd890cb2ff2cd
"a0351_mztyty.raw",1,0,255,0,0,1,1100.606,1785.640,2934828,2934820,8,2847764,2847764,0,29284,11.658,1773.982,1048576,312380,349b00d7ec234999a1f5537153515468b35041337d10ce0724c487de63602eca
"a0352_ssssf5.raw",1,0,255,0,0,1,779.844,1783.790,2934608,2934820,0,2847764,2847764,0,29284,11.663,1772.127,1048576,312380,7b8d27149ab3cc500004cd460d94c6bef57d676fb8fa5fd04b3a81cda8018100
"a0353_ekcswn.raw",1,0,255,0,0,1,872.178,1785.453,2934608,2934820,0,2847764,2847764,0,29284,12.141,1773.312,1048576,312380,2bab353e6d9ee82f7f9efa0b0e20ae13804ce1918f898acd8fe6fdfe84c34b88
"a0354_mozps1.raw",1,0,255,0,0,1,697.699,1784.187,2934608,2934820,0,2847764,2847764,0,29284,11.601,1772.586,1048576,312380,d6506f2ea02427a96a7edb2610d708c09e1b26411dead1e223131da0b50d302c
"a0355_e8krxs.raw",1,0,255,0,0,1,774.456,1782.372,2934608,2934820,0,2847764,2847764,0,29284,11.550,1770.822,1048576,312380,ded65f942a3eb375f430e28008043845734173fba6ccf31e63d4ba6a51c74c93
"a0356_hyiott.raw",1,0,255,0,0,1,809.881,1783.012,2934608,2934820,0,2847764,2847764,0,29284,11.574,1771.438,1048576,312380,1e608adcb121a9c250d9a94be704653e814afad127f28de2f9e87bdd41e6d0ee
"a0357_efrban.raw",1,0,255,0,0,1,923.998,1785.706,2934608,2934820,0,2847764,2847764,0,29284,12.620,1773.086,1048576,312380,38541da6f301df1b2b784561b831e51579bd1941e2de354af29b3c432462521d
"a0358_a6ukmk.raw",1,0,255,0,0,1,771.577,1782.713,2934608,2934820,0,2847764,2847764,0,29284,11.577,1771.136,1048576,312380,a483cd4546fceb35ae444801ac8a89dae1370547401d5a773874e587f790555e
"a0359_uy7niw.raw",1,0,255,0,0,1,887.339,1784.686,2934608,2934820,0,2847764,2847764,0,29284,11.639,1773.047,1048576,312380,12c507ee81df736ace7af40e5e80669e5899b4d6bd3ccc0af133d42b68f37466
"a0360_ya0ihl.raw",1,0,255,0,0,1,767.354,1783.164,2934608,2934820,0,2847764,2847764,0,29284,11.633,1771.531,1048576,312380,e74653629e34d5479ccf0e3175e99154903b4edbca8631194322d24871937729
"a0361_mskx0o.raw",1,0,255,0,0,1,725.469,1786.769,2934608,2934820,0,2847764,2847764,0,29284,12.419,1774.350,1048576,312380,9bd25a33c94ab0652cbc2b2003dca42a61928bfa47e5cd99f8fcd2301d501d7a
"a0362_e7v87k.raw",1,0,255,0,0,1,871.795,1782.997,2934608,2934820,0,2847764,2847764,0,29284,11.578,1771.419,1048576,312380,3067efb51490690fcbcac5c693b82ad6b59164c974c22585fe7d8767a6e121e6
"a0363_utqzrc.raw",1,0,255,0,0,1,756.758,1783.975,2934608,2934820,0,2847764,2847764,0,29284,11.636,1772.339,1048576,312380,696bad0137070ad812f8d5ab310a8c0f4ee000d44ba0d2a49c2517cae3f25647
"a0364_wtolk5.raw",1,0,255,0,0,1,925.583,1783.374,2934608,2934608,0,2847764,2847764,0,29284,11.791,1771.583,1048576,312380,7ecb6bcf8a6df95fbc11a990d9c4662b49ba2304da9d67d53fb3045ab38219a0
"a0365_brwton.raw",1,0,255,0,0,1,876.380,1787.677,2934492,2934820,0,2847764,2847764,0,29284,13.313,1774.364,1048576,312380,e7b9bfb8bf715bd9c7c09f6c49ac7b3f474e53863bd459fae35a8788f3e98501
"a0366_aszhel.raw",1,0,255,0,0,1,792.404,1785.602,2934492,2934608,0,2847764,2847764,0,29284,13.236,1772.366,1048576,312380,844dd97c256502be6c442608a3092255a68dfd50d3b32c0f9f421ed10d87e9c8
"a0367_iqzcw7.raw",1,0,255,0,0,1,1468.193,1784.242,2934608,2934820,0,2847764,2847764,0,29284,11.672,1772.570,1048576,312380,9912ce4c14cb0cfc024f92b0c08c1ce76686f32d84a2fe70dd844130dbda861f
"a0368_ywq7qy.raw",1,0,255,0,0,1,965.583,1784.539,2934608,2934820,0,2847764,2847764,0,29284,11.675,1772.864,1048576,312380,5d037d7323015938d8d4a9fcff599d3df668eca6278064326d3071afa6ee5c13
"a0369_h6dlbk.raw",1,0,255,0,0,1,768.482,1785.274,2934608,2934828,0,2847764,2847764,0,29284,11.772,1773.502,1048576,312380,7c5ce73037e3de016ea1431d103d7fcb1cef8a171193f2841510627d8a070b1a
"a0370_e50gdu.raw",1,0,255,0,0,1,827.651,1784.577,2934616,2934828,0,2847764,2847764,0,29284,12.257,1772.320,1048576,312380,55b1383de7d08ddf21d6c8a42c1da668ba0a36d6999a2c71eb5b334e927d11ff
"a0371_tmswzg.raw",1,0,255,0,0,1,898.697,1786.413,2934488,2934828,0,2847764,2847764,0,29284,13.154,1773.259,1048576,312380,4b9488248e406a16f858c746b2bb30db8128ffc2fff0174228c449563e4aa0f3
"a0372_dweigx.raw",1,0,255,0,0,1,1217.970,1783.326,2934616,2934828,0,2847764,2847764,0,29284,11.646,1771.680,1048576,312380,58b0d1ef9ca5f14e58f5b8c292540ef3949c91be9e9b45e2cd3b9e09b35ddbb9
"a0373_q2cyb8.raw",1,0,255,0,0,1,805.755,1784.477,2934616,2934828,0,2847764,2847764,0,29284,11.673,1772.804,1048576,312380,56a3368ecb3550fe6155f4512676a31ca56f9922a4a0ea702e4b3191d585274f
"a0374_oarx5d.raw",1,0,255,0,0,1,761.244,1782.882,2934616,2934828,0,2847764,2847764,0,29284,12.024,1770.858,1048576,312380,ddee492022ba4bd32d00fc5fcc085980d92cb95bf8f6991e014a34fdd5f8d45e
"a0375_gusroz.raw",1,0,255,0,0,1,808.394,1785.483,2934488,2934828,0,2847764,2847764,0,29284,13.255,1772.228,1048576,312380,cf663798a8c1d46cf5e56b58aa2a00a4d9eeb0702038463e035f955ca3eab0d4
"a0376_m1fxpo.raw",1,0,255,0,0,1,1384.942,1782.850,2934616,2934828,0,2847764,2847764,0,29284,11.660,1771.190,1048576,312380,ff50da56168fe62586182773203ad3f9ebb47fec99ec7fbf7a9399b0c0a8620d
"a0377_ifo97c.raw",1,0,255,0,0,1,686.921,1785.414,2934616,2934828,0,2847764,2847764,0,29284,12.919,1772.495,1048576,312380,fce2a46b2170cd187074911b91b48595964d05530b0b66d22ef74e718c13d210
"a0378_fik4u6.raw",1,0,255,0,0,1,1095.882,1782.567,2934616,2934828,0,2847764,2847764,0,29284,11.634,1770.933,1048576,312380,6078394d22d4e36e223cc8e83ab83daeb9d12a7a023156379411459aceec90db
"a0379_gw8z6g.raw",1,0,255,0,0,1,733.552,1782.767,2934616,2934828,0,2847764,2847764,0,29284,11.623,1771.144,1048576,312380,4ce8b1ee27b78017a8d279d9764fc369add7c5522ac3a6f40de4ba4342ea6d23
"a0380_lp7x8s.raw",1,0,255,0,0,1,733.939,1782.772,2934616,2934828,0,2847764,2847764,0,29284,11.658,1771.114,1048576,312380,d8bc7dccea81ac1354c341182f6119d63a866f25f8a960ebe438578b39c3e98a
"a0381_wio2x9.raw",1,0,255,0,0,1,844.735,1782.488,2934616,2934828,0,2847764,2847764,0,29284,11.660,1770.828,1048576,312380,8ee77fb7ca1f4a3f1486804b0b002554990cb8e6e07e897715999af00f5b4f66
"a0382_bfgu3h.raw",1,0,255,0,0,1,795.988,1783.984,2934616,2934828,0,2847764,2847764,0,29284,11.704,1772.280,1048576,312380,90f44fb7d805c9868adf7e020eac3ffe12890dbce9c05ab21bf780ee6ba681bc
"a0383_ne5pb0.raw",1,0,255,0,0,1,787.648,1783.712,2934616,2934828,0,2847764,2847764,0,29284,11.619,1772.093,1048576,312380,a658282b2fb56280c1a2bae3cefded7fbccce1552336c36f29aad4c3dd7fd9d0
"a0384_yurynn.raw",1,1,255,0,0,1,1108.548,1782.992,2934616,2934828,0,2847764,2847764,0,29284,11.549,1771.443,1048576,312380,21f27c7212e43cb372e4e4831db66a2d09ec2305f06a5ed8aee9327c5e3bdedf
"a0385_k94gtl.raw",1,227,29,1,0,0,836.008,1783.195,2934616,2934828,0,2847764,2847764,0,29284,11.642,1771.553,1048576,312380,051e25bb11fb65d28fa9cb2a025bc3a7da485744c30f52110c03790f52cfe323
"a0386_zhu1uu.raw",1,1,255,0,0,1,718.721,1787.124,2934616,2934616,0,2847764,2847764,0,29284,12.439,1774.685,1048576,312380,498a2bca209ff5f9d5ed494d732356086799c2e694e9af63c684d9b8e39eef90
"a0387_eyzakq.raw",1,2,254,0,0,1,769.887,1792.543,2934616,2934828,0,2847764,2847764,0,29284,11.682,1780.861,1048576,312380,9c5ed9f3d5aee051cf6698bb691b789d9f13fe9c618370b0c732c8bd477d086a
"a0388_skrfsx.raw",1,2,254,0,0,1,730.115,1786.774,2934616,2934616,0,2847764,2847764,0,29284,11.650,1775.124,1048576,312380,800f1b88cebce91800fa0fb540e61a011df1c38f0a48b9699accf90066d8d332
"a0389_cdwqt5.raw",1,0,255,0,0,1,838.330,1784.284,2934616,2934616,0,2847764,2847764,0,29284,11.572,1772.712,1048576,312380,910d375e64fc9ccdf8d37a3fe5ec82218066817fac54027a32945fd43d2d7189
"a0390_vefwrh.raw",1,4,252,0,0,1,812.327,1785.778,2934488,2934616,0,2847764,2847764,0,29284,13.361,1772.417,1048576,312380,c174f4ad9300ce0d5f0ac3f384806b2f6d4996135b15648ea1f495ab829e759a
"a0391_ynqs8w.raw",1,105,151,0,0,1,861.265,1783.606,2934616,2934616,0,2847764,2847764,0,29284,11.669,1771.937,1048576,312380,972f291253b307b05eb6fb15017fb5a038f85efc01fdcb7a90babf5edd7f707b
"a0392_kkdykz.raw",1,1,255,0,0,1,798.792,1786.191,2934616,2934616,0,2847764,2847764,0,29284,12.388,1773.803,1048576,312380,ff2d473f38250ad009ae1885dae45779c9a0a8f2f64be38e2bbd76d93f866f7a
"a0393_adm5xz.raw",1,0,255,0,0,1,836.473,1784.821,2934616,2934616,0,2847764,2847764,0,29284,11.881,1772.940,1048576,312380,eb0ed8c998781f70b07085fb20b03fcd261cbcf12e2c6193cf5bba71d3be3ccb
"a0394_xo3wmq.raw",1,0,255,0,0,1,804.800,1787.564,2934616,2934828,0,2847764,2847764,0,29284,11.551,1776.013,1048576,312380,a40208c146ad1b144d5cc7f5292ac3c281403b78e3f962f55a3a410a58ccfd05
"a0395_elaeka.raw",1,0,255,0,0,1,763.191,1786.005,2934616,2934616,0,2847764,2847764,0,29284,12.715,1773.290,1048576,312380,e99f5f4565aa1d91d461fe5f20862d875773c7abd84a154f04ec914f79286175
"a0396_irvlsi.raw",1,0,255,0,0,1,868.908,1784.400,2934616,2934616,0,2847764,2847764,0,29284,11.661,1772.739,1048576,312380,ca490b826bdb87c07f186f63747397ed7c4c5c18ffa858739e548353ef793b04
"a0397_bavjyv.raw",1,2,254,0,0,1,739.115,1784.535,2934616,2934616,0,2847764,2847764,0,29284,11.534,1773.001,1048576,312380,3db4e25182dc95407018ebe57063094a1953b636eaa778d1cfba6184c65ab499
"a0398_qdxpcm.raw",1,0,255,0,0,1,1263.338,1784.473,2934616,2934828,0,2847764,2847764,0,29284,11.656,1772.817,1048576,312380,28b1caf5d95f61dab78ed027f37f7557481c73331ac0ad27fb970a6453a96c06
"a0399_xbysfr.raw",1,0,255,0,0,1,736.595,1786.914,2934616,2934828,0,2847764,2847764,0,29284,11.888,1775.026,1048576,312380,948bd825dd3396d31d2c0f2a70526225d063f328683ae794ad10c8e57ed03b81
"a0400_tskj33.raw",1,0,255,0,0,1,814.574,1783.781,2934616,2934828,0,2847764,2847764,0,29284,11.584,1772.197,1048576,312380,3fdcf1d5882d3d04f15787f46ac9ccc1c614de0409d1244748ad2c67f09533d8
"a0401_zxpxkv.raw",1,0,255,0,0,1,873.759,1788.299,2934488,2934616,0,2847764,2847764,0,29284,13.340,1774.959,1048576,312380,660ebda2a650afca154adf135633d8cc72a5c9975d36a190e5dee78d0d049ff5
"a0402_bfbuwq.raw",1,0,255,0,0,1,901.444,1786.637,2672472,2672684,0,2585620,2585620,0,29284,11.644,1774.993,1048576,312380,3865bd0d3dec9a2fce862869865b3d15423eea4055ea53165b87ddee5821d5d6
"a0403_aj20fw.raw",1,0,255,0,0,1,843.123,1782.956,2672472,2672684,0,2585620,2585620,0,29284,11.526,1771.430,1048576,312380,f61fd938e60126fb75f1b6adb8e44ea80165db905250adb5bfff33e0c0c60b81
"a0404_pmyywf.raw",1,0,255,0,0,1,746.637,1783.812,2672472,2672472,0,2585620,2585620,0,29284,11.662,1772.150,1048576,312380,fd25ad18661bedf52ea57baa9006b790cdcd4c926f0792f53bee622470aa0a57
"a0405_z2vo4z.raw",1,0,255,0,0,1,796.276,1783.713,2672472,2672472,0,2585620,2585620,0,29284,11.628,1772.085,1048576,312380,a0b0547f5c20725ab3827b1b056e4c345497ee3595425d2ce85c0028adfda1a2
"a0406_dilr56.raw",1,0,255,0,0,1,866.155,1783.305,2672472,2672684,0,2585620,2585620,0,29284,11.667,1771.638,1048576,312380,49eca324b2ec9c0782ad421fa6b19975f340e93b753c69e20cac3ecc3d44e9b5
"a0407_n23xab.raw",1,0,255,0,0,1,856.280,1784.773,2672472,2672684,0,2585620,2585620,0,29284,11.655,1773.118,1048576,312380,cedf7b7a6a38ae257e5c6076ef43ad2d3c711b72a52fd5a36344665bf20c5ae9
"a0408_pnh30f.raw",1,0,255,0,0,1,815.965,1784.105,2672472,2672684,0,2585620,2585620,0,29284,11.686,1772.419,1048576,312380,8742d18bacbd272b677175f30dc8894a3292c28b963f0ba6c4664945ed9dca9a
"a0409_jz7fsx.raw",1,1,255,0,0,1,813.222,1785.613,2672356,2672684,0,2585620,2585620,0,29284,13.360,1772.253,1048576,312380,be73741b6b742afe6845e1259e7eaac7a29a147ca744f00dde8064026b222093
"a0410_eyyshb.raw",1,0,255,0,0,1,769.563,1783.807,2672472,2672684,0,2585620,2585620,0,29284,11.564,1772.243,1048576,312380,a26feb86d1671bed0c1e68982f3a170aa66ab09a4c2b044991c5937579b9a429
"a0411_ivfjal.raw",1,0,255,0,0,1,951.739,1784.503,2672472,2672472,0,2585620,2585620,0,29284,11.638,1772.865,1048576,312380,2cbd9c9177e133c308b63ada5421f8caa17e043b6cc07525a7233a3b374089b6
"a0412_nabmfn.raw",1,0,255,0,0,1,1125.117,1783.727,2672356,2672472,0,2585620,2585620,0,29284,13.240,1770.487,1048576,312380,fd2ee6108ac8d6b9a0377b079f7b3c50819550fa0511a2e662b70947dbe2673c
"a0413_gkh0aj.raw",1,0,255,0,0,1,800.929,1785.886,2672472,2672472,0,2585620,2585620,0,29284,12.300,1773.586,1048576,312380,543338c17701536d713c9f9a70f0f61702ddd6050105325b5433f8c741400b59
"a0414_uib6fx.raw",1,0,255,0,0,1,839.562,1784.745,2672472,2672472,0,2585620,2585620,0,29284,12.109,1772.636,1048576,312380,0111ee1b5b13a52ea724b0946a732718ecf1b4ec2fd1580cd3e5e3626ee9adbe
"a0415_pmkd1b.raw",1,1,255,0,0,1,789.814,1784.559,2672472,2672472,0,2585620,2585620,0,29284,11.857,1772.702,1048576,312380,ff982d9bec914c1f4ad34daaacd1426e49668e5884135ea2782109c0fab7f855
"a0416_xleknl.raw",1,71,185,0,0,1,787.624,1784.068,2672472,2672472,0,2585620,2585620,0,29284,11.574,1772.494,1048576,312380,1ecc31ec1b6a22d9853a3bf42799f701ba8ff867cca0c37526e64c89e9e7ffb0
"a0417_eyobc6.raw",1,2,254,0,0,1,827.009,1788.517,2672260,2672472,0,2585620,2585620,0,29284,12.301,1776.216,1048576,312380,d85786e3c3f7ba0b9a796433fc1a8471b5a0cfc01ac32b1f6f79382839747103
"a0418_tcunvq.raw",1,44,212,0,0,1,914.506,1785.184,2672472,2672472,0,2585620,2585620,0,29284,11.661,1773.523,1048576,312380,37c5fd42bafac4a91cb6daabb9eb2c7aa0bbeed77945c008fd554ab78cb68be9
"a0419_kiw6cu.raw",1,0,255,0,0,1,1114.579,1784.587,2672472,2672472,0,2585620,2585620,0,29284,11.753,1772.834,1048576,312380,cee1f421b4ce9c397696e53bde12095f3220e9cfa8405d183880988e7e24a259
"a0420_f5zypq.raw",1,0,255,0,0,1,924.854,1783.679,2672472,2672472,0,2585620,2585620,0,29284,11.560,1772.119,1048576,312380,b5cd4da77c501f1ff573043d770ba0753df331815715cbcc9e57123f4508c662
"a0421_btxrs5.raw",1,0,255,0,0,1,853.072,1784.178,2672260,2672472,0,2585620,2585620,0,29284,11.649,1772.529,1048576,312380,f9bc3d4bf1956f4d8a1e26c06fd4caceba86c8ae5ba1c3e618dd1112937821b4
"a0422_k7og1c.raw",1,0,255,0,0,1,1438.293,1783.620,2672472,2672472,0,2585620,2585620,0,29284,11.627,1771.993,1048576,312380,ab909b66953a2bc9ecf2dbec36e1ac4d73fb2b8a575cef97313bfaf5b019d3db
"a0423_q0gp9y.raw",1,1,255,0,0,1,797.279,1786.462,2672472,2672472,0,2585620,2585620,0,29284,12.364,1774.098,1048576,312380,35f3ea05760b36edb9bd7d18745dcc9982b29ec32e3f70a3efb40d1171748874
"a0424_iqpyaf.raw",1,0,255,0,0,1,717.897,1786.498,2672472,2672472,0,2585620,2585620,0,29284,11.853,1774.645,1048576,312380,0911a391791711cdaaff94e03295e5f5d6afa56ce20276fe8cd74070b447b476
"a0425_njco0n.raw",1,0,255,0,0,1,797.095,1783.472,2672472,2672472,0,2585620,2585620,0,29284,11.808,1771.664,1048576,312380,9945a3715ad46264752169ca81deea11d099353e9012f2a5139a0b7c3c58b791
"a0426_cxdnij.raw",1,0,255,0,0,1,797.684,1784.226,2672356,2672472,0,2585620,2585620,0,29284,12.727,1771.499,1048576,312380,100e54acebceb23ad23c8a6675ae75172a9082cd7265e062286e873dd0bd2a4e
"a0427_rag1kt.raw",1,0,255,0,0,1,759.163,1783.760,2672472,2672472,0,2585620,2585620,0,29284,11.608,1772.152,1048576,312380,70f8cf61bbf99c7cdda78f945d973a9d998ab0d1a9918d340271edaac3674a5a
"a0428_njrrll.raw",1,0,255,0,0,1,812.393,1783.908,2672472,2672472,0,2585620,2585620,0,29284,11.595,1772.313,1048576,312380,1fb46d7e4170ee729093941a0a589db260687a8aa86462456bb750fec65889ab
"a0429_aecy13.raw",1,0,255,0,0,1,864.613,1782.976,2672472,2672472,0,2585620,2585620,0,29284,11.543,1771.433,1048576,312380,4b66b6ba067f539f44d17c82e988a29b2ebaf8c0d30f2216b1b188ccae59631f
"a0430_z635ag.raw",1,0,255,0,0,1,766.960,1785.874,2672472,2672492,0,2585620,2585620,0,29284,11.725,1774.149,1048576,312380,04fbc064ddf801b1d8e47f2bbb274b1632a8035ad0da6f8dc9dc019d4843b274
"a0431_gkfosz.raw",1,0,255,0,0,1,908.607,1784.205,2672472,2672472,0,2585620,2585620,0,29284,11.823,1772.382,1048576,312380,1f4579ceea9747a0c33e3f8b85afef9013332695a07018866c72e40d64f62e54
"a0432_tivk7v.raw",1,0,255,0,0,1,1040.127,1786.605,2672472,2672684,0,2585620,2585620,0,29284,11.692,1774.913,1048576,312380,2518c3062d04347fae4a026a63a3723f67a3542c1ec61a4b258c7e54cff031e2
"a0433_ncbqdq.raw",1,0,255,0,0,1,923.206,1783.216,2672472,2672472,0,2585620,2585620,0,29284,11.786,1771.430,1048576,312380,de94d41f658f9eb16eb47495c956be4c7f61ed722156e536f0d385982842481e
"a0434_ep6no7.raw",1,191,65,1,0,0,754.290,1782.407,2672472,2672472,0,2585620,2585620,0,29284,11.666,1770.741,1048576,312380,fd2d871a518bb811df4c2aa612d5660f2e40bb8b7b02a5456a1183851c4eae8e
"a0435_dpxauv.raw",1,0,255,0,0,1,860.007,1784.740,2672472,2672684,0,2585620,2585620,0,29284,12.105,1772.635,1048576,312380,bfbe29ae43000d0c5fe25883da8b3443f28cba73171f86e63c383a3246a67cd3
"a0436_pga3xo.raw",1,1,255,0,0,1,1126.384,1782.773,2672472,2672684,0,2585620,2585620,0,29284,11.682,1771.091,1048576,312380,8bfe8274215bd87887ad6c9b55fbe99ce28ce6faa86ef6d79f7bfd96dcc05306
"a0437_btzm2d.raw",1,0,255,0,0,1,813.806,1785.393,2672472,2672684,0,2585620,2585620,0,29284,11.642,1773.751,1048576,312380,eb229f90f9c6c71d42449885bd19b265d86fff326d183c289fb7b1bddcdc7754
"a0438_opm3it.raw",1,0,255,0,0,1,763.969,1784.492,2672472,2672684,0,2585620,2585620,0,29284,11.653,1772.839,1048576,312380,0021fb2a18c160019dc29e6d8f2ce800b5c218d3fad5e7b52c7008ebeb2d29b1
"a0439_cd87fj.raw",1,1,255,0,0,1,794.398,1784.752,2672472,2672684,0,2585620,2585620,0,29284,11.598,1773.154,1048576,312380,ee70dc4053630b6242b740c60eabaab8e6490b015a09074a5c39a66425388192
"a0440_acyc6p.raw",1,0,255,0,0,1,802.313,1785.815,2672472,2672472,0,2585620,2585620,0,29284,11.669,1774.146,1048576,312380,22110bc28ab3e2703949ef36b7429d463086101c9f5cee244d3c7cbe67f706dc
"a0441_ytxgcy.raw",1,0,255,0,0,1,779.988,1784.373,2672472,2672684,0,2585620,2585620,0,29284,11.646,1772.727,1048576,312380,2f9e2ce9e538db89f167e8a9d2c1667780cb420cf5ac5b83264ec24522cd08d1
"a0442_xspmhr.raw",1,0,255,0,0,1,859.165,1783.398,2672472,2672472,0,2585620,2585620,0,29284,11.568,1771.830,1048576,312380,29e0a658c4f6e5b700d2874beae18ab5f3f766d8a2124e45f43e955851a6df2a
"a0443_cdcvwu.raw",1,0,255,0,0,1,831.492,1783.139,2672472,2672472,0,2585620,2585620,0,29284,11.626,1771.513,1048576,312380,07c3497f7b25cf1abdaaa59a2f5fa91ccd5490b40bdd4486c1c93fd8cbabd85e
"a0444_j6y02a.raw",1,0,255,0,0,1,1320.376,1785.968,2672472,2672684,0,2585620,2585620,0,29284,12.410,1773.558,1048576,312380,2a4f654880b87943df8dccae6f4c9bf0203813bdccf749e1ba5da42e3b54b71c
"a0445_aibcf1.raw",1,0,255,0,0,1,867.655,1783.462,2672472,2672684,0,2585620,2585620,0,29284,11.598,1771.864,1048576,312380,4633c4ba52976189a50b44675312f2790755a89e591a844875463ea2dcea4436
"a0446_ciqbyy.raw",1,0,255,0,0,1,871.082,1785.795,2672472,2672684,0,2585620,2585620,0,29284,11.646,1774.149,1048576,312380,c6345fd71a2028acdde5040b7501f7b14170bfb370cf58fc762451338d3ec269
"a0447_mt29xi.raw",1,0,255,0,0,1,774.979,1787.178,2672472,2672684,0,2585620,2585620,0,29284,11.813,1775.365,1048576,312380,052191419b88033ce1d1c8d213dd5776c0882313780afeeeea6d6719372ec6dc
"a0448_pqutrh.raw",1,0,255,0,0,1,846.879,1784.273,2672472,2672684,0,2585620,2585620,0,29284,11.830,1772.443,1048576,312380,89d8ef3bb3da03440c12308f5c17e6a80e8d3c633e2aec45ad2a8351b17036f2
"a0449_wtugor.raw",1,0,255,0,0,1,864.826,1783.037,2672472,2672684,0,2585620,2585620,0,29284,11.627,1771.410,1048576,312380,eaf6ed11e120a7d46ae71cfcb6ff88f3e8adea8a10c14ae8893ecf6a8f94f075
"a0450_us5s4a.raw",1,0,255,0,0,1,797.853,1784.935,2672472,2672684,0,2585620,2585620,0,29284,11.886,1773.049,1048576,312380,ff47bbdebb652967bb7c5d91317321349c1fa07183b31930acfc9a3c879a24a3
"a0451_jblp9q.raw",1,0,255,0,0,1,879.196,1782.713,2672472,2672684,0,2585620,2585620,0,29284,11.642,1771.071,1048576,312380,e0f1dff2781db1246b48f3c8112b180a134770a9975f49af6832dbbd95ccfcc4
"a0452_dgfibu.raw",1,0,255,0,0,1,847.704,1783.193,2672472,2672684,0,2585620,2585620,0,29284,11.616,1771.577,1048576,312380,647fc44de2986ace32f8824c5a733828fbd0d614aa15123ef19aa7b6ab3dad61
"a0453_ssx81x.raw",1,0,255,0,0,1,1007.822,1784.249,2672472,2672684,0,2585620,2585620,0,29284,11.578,1772.671,1048576,312380,865182fd3b9226365146511c355fd3a2f6f11c428e974b83a7e0d39a0bed7397
"a0454_fihwzz.raw",1,0,255,0,0,1,857.137,1783.178,2672472,2672684,0,2585620,2585620,0,29284,11.575,1771.603,1048576,312380,fe9859f81ce303029f8ec67183c7f457558c42756f4119c8e395b3ca22f98180
"a0455_f1v08x.raw",1,0,255,0,0,1,1168.874,1785.422,2672472,2672684,0,2585620,2585620,0,29284,11.562,1773.860,1048576,312380,68a47616fbd07b1e55860be8c2d354d7b02ac714290903646669ffd1a88667ea
"a0456_jbbytw.raw",1,0,255,0,0,1,807.387,1784.631,2672472,2672684,0,2585620,2585620,0,29284,11.766,1772.865,1048576,312380,8d99d936942899141cfe9a33b51b93be557f1fb77461aa64dc0a5b0d6e1b16c5
"a0457_rvidg3.raw",1,0,255,0,0,1,803.572,1785.760,2672472,2672684,0,2585620,2585620,0,29284,11.593,1774.167,1048576,312380,16a9e401372f337de313b8f60a7d70888bae7ee904ec213589fb65cf2ef6b38f
"a0458_ncuapq.raw",1,0,255,0,0,1,736.781,1785.001,2672472,2672684,0,2585620,2585620,0,29284,11.678,1773.323,1048576,312380,9424beeade5def0eff965b08fc995099157930eecd23190837d21b1c4ac55214
"a0459_n0bre1.raw",1,0,255,0,0,1,770.704,1784.761,2672472,2672684,0,2585620,2585620,0,29284,11.666,1773.095,1048576,312380,c18102d89b027e2d9239d756a1c4996b8aee16abcbd141d149e25e42b8379b96
"a0460_vnexx0.raw",1,0,255,0,0,1,905.793,1785.557,2672472,2672684,0,2585620,2585620,0,29284,11.591,1773.966,1048576,312380,2191f31c4ad51e30112f03a3b4931adc66654a1da494783bcf1ef8129d3bf7d2
"a0461_iapxlr.raw",1,0,255,0,0,1,748.078,1786.480,2672472,2672684,0,2585620,2585620,0,29284,12.364,1774.116,1048576,312380,8739ab2e2550629a9ff454c438208681ca1df441708e7d91d2c83b9b91b29b48
"a0462_h8twiu.raw",1,0,255,0,0,1,852.613,1787.071,2672472,2672684,0,2585620,2585620,0,29284,11.664,1775.407,1048576,312380,c90f7c5cb62a9b7e859d570ba9f5a83b3c317e060f332a62fba732ad4949e802
"a0463_mhfiyh.raw",1,0,255,0,0,1,876.047,1786.593,2672472,2672684,0,2585620,2585620,0,29284,11.702,1774.891,1048576,312380,0671b41415d7cabafad7edacd48d43841b8be86793876b00492e947e3d3f3fb6
"a0464_x53o1v.raw",1,0,255,0,0,1,788.321,1785.327,2672472,2672684,0,2585620,2585620,0,29284,11.576,1773.751,1048576,312380,b0058f7bc9613959d71a6ff93d53cb22f82c4f745458ed9f928d3ae24ba26281
"a0465_ec97ce.raw",1,0,255,0,0,1,1193.847,1787.471,2672472,2672684,0,2585620,2585620,0,29284,11.852,1775.619,1048576,312380,1744f224aa499f5fd0d2f731742ea3329c25fcbd4b6837d7b5792a14c3a397fb
"a0466_txwy5x.raw",1,0,255,0,0,1,787.175,1786.650,2672472,2672472,0,2585620,2585620,0,29284,11.576,1775.074,1048576,312380,b06ee4f1ff8674d125d49e4c32eacf51251f14ba8b70365bd7f2578b565c26f5
"a0467_wcwcy1.raw",1,0,255,0,0,1,940.211,1785.271,2672472,2672684,0,2585620,2585620,0,29284,11.722,1773.549,1048576,312380,ab9eee1de7b04d7f0d184d92c8ae12b295b407e177276447059620bb6b9edaf2
"a0468_bvpuar.raw",1,0,255,0,0,1,899.650,1787.854,2672472,2672684,0,2585620,2585620,0,29284,12.336,1775.518,1048576,312380,6903f811825c206dd9402e924eed48e5be7e8107a2beaa6837a1ad3e83859027
"a0469_iginmo.raw",1,1,255,0,0,1,735.628,1786.546,2672472,2672684,0,2585620,2585620,0,29284,11.978,1774.568,1048576,312380,8a179374012ec3dfb4b80aaaf22ae86c072385deff679b4c033188c1e495b830
"a0470_dgvbr5.raw",1,0,255,0,0,1,1147.776,1785.624,2672472,2672684,0,2585620,2585620,0,29284,11.681,1773.943,1048576,312380,3c5f30ddd7193b0fc01d503bd75efb8dda93760811acd8d13cbd9c36c05a50e2
"a0471_tymfzy.raw",1,0,255,0,0,1,773.032,1784.928,2672472,2672684,0,2585620,2585620,0,29284,11.656,1773.272,1048576,312380,c3346dd904a10c77b8a021919630c64beedda511179f185c8ffd7a89d9ac2103
"a0472_qovckd.raw",1,0,255,0,0,1,789.003,1787.529,2672472,2672684,0,2585620,2585620,0,29284,12.429,1775.100,1048576,312380,a7dab8876048b8ac409a229002f2509e83a187160fbb89e532da2eb00d4c69c6
"a0473_t1qzgj.raw",1,0,255,0,0,1,1144.423,1786.204,2672472,2672684,0,2585620,2585620,0,29284,11.674,1774.530,1048576,312380,220236267c0da126c98238a0ba245086cf92b754f2f3b259a0d68466f5d97740
"a0474_f1fjub.raw",1,0,255,0,0,1,762.999,1784.868,2672472,2672684,0,2585620,2585620,0,29284,11.639,1773.229,1048576,312380,7687d868ff0e96bc0c1a76b1d613738e016f251118043466bc9fcdc220181374
"a0475_x17tls.raw",1,0,255,0,0,1,839.359,1785.596,2672472,2672684,0,2585620,2585620,0,29284,11.647,1773.949,1048576,312380,d61c4ea088366601ed00ff7483a069d75612c326fbb5e9e0883601f2f5cfd432
"a0476_drui7y.raw",1,0,255,0,0,1,839.360,1784.371,2672472,2672684,0,2585620,2585620,0,29284,11.629,1772.742,1048576,312380,9acf2202cd44023e13c483d7b966d2a526b0fd47258d91f3cd06e424a6b53dd7
"a0477_xehlxc.raw",1,5,251,0,0,1,1145.242,1787.071,2672472,2672684,0,2585620,2585620,0,29284,11.584,1775.487,1048576,312380,d7c2b2888a1f6dcccc103958971149de7569ec01a77c656c09b48e30efecbd5d
"a0478_pq1mjn.raw",1,0,255,0,0,1,796.721,1785.827,2672472,2672684,0,2585620,2585620,0,29284,11.704,1774.123,1048576,312380,6190d4071586058bdebfd7345d832f8f8ab4998e417501bac800a7eb42686f5e
"a0479_utpr3r.raw",1,0,255,0,0,1,892.766,1786.750,2672472,2672684,0,2585620,2585620,0,29284,11.981,1774.769,1048576,312380,3cbcf9e24cde08c25e21227e4c6bafecbcd0ad7fb487ef87c8eddcf0a50c56c3
"a0480_nluqsp.raw",1,1,255,0,0,1,808.908,1785.169,2672472,2672684,0,2585620,2585620,0,29284,11.653,1773.516,1048576,312380,15ad49e3d5caa8518656fb300debacc9eb5637bb6981b797225415322ffc5773
"a0481_d6enwf.raw",1,0,255,0,0,1,723.018,1785.614,2672472,2672684,0,2585620,2585620,0,29284,11.570,1774.044,1048576,312380,31e81a8438586aa54475ae2a111da8122a23dd703728bdd4f1891060476cf7dc
"a0482_ilzi6s.raw",1,0,255,0,0,1,961.017,1784.949,2672472,2672684,0,2585620,2585620,0,29284,11.674,1773.275,1048576,312380,e3b46400590a47601749ae3b21534a1a2a9ca8de20215015adc057c0902a3523
"a0483_y7mohq.raw",1,0,255,0,0,1,828.949,1786.036,2672472,2672684,0,2585620,2585620,0,29284,11.586,1774.450,1048576,312380,824eb0134c1688032ed7f4f996e1ebc0fb49b40af28a695f1f1e806e5906e2cd
"a0484_ef6jfj.raw",1,0,255,0,0,1,1444.733,1784.544,2672472,2672684,0,2585620,2585620,0,29284,11.634,1772.910,1048576,312380,25a93e45a4fa82d57cef65d1623621789b83f18c569b5915b2be4ba25f1adb45
"a0485_i4zqb5.raw",1,0,255,0,0,1,858.181,1786.061,2672472,2672668,0,2585620,2585620,0,29284,11.742,1774.319,1048576,312380,f5fd920420c8a1a856872ad100d7d5684857a4c0ffe9798cd2949c2800b93ab7
"a0486_y3nchs.raw",1,0,255,0,0,1,794.875,1784.944,2672472,2672684,0,2585620,2585620,0,29284,11.571,1773.373,1048576,312380,b70923b29039d43ae826117378b34f1c77dab47860eaa0d311b7d036ae38fa99
"a0487_rsqfdb.raw",1,0,255,0,0,1,1129.920,1786.544,2672472,2672684,0,2585620,2585620,0,29284,12.340,1774.204,1048576,312380,d1e823f7be596e9d0dd7a5817d93ec9fa7f20f7b2ed5500dcbee3ed2c21969d4
"a0488_cmhvem.raw",1,0,255,0,0,1,880.676,1786.695,2672472,2672684,0,2585620,2585620,0,29284,11.591,1775.104,1048576,312380,7a2eb97d71ee7f0a8593359958d8d2ccbe1a0555a1179e3098ffb0ced8efc0cf
"a0489_qjhusp.raw",1,0,255,0,0,1,803.858,1784.766,2672472,2672684,0,2585620,2585620,0,29284,11.635,1773.131,1048576,312380,8d6f4c21cce4eb079802874b56bb13433bdf7f1f7e7377ca21cd56f9c70cdfd6
"a0490_rrkrzr.raw",1,0,255,0,0,1,744.532,1786.433,2672472,2672684,0,2585620,2585620,0,29284,11.712,1774.721,1048576,312380,6b05a623b690ebaa4d5683d784fe51b0c1bdc982a3c6f85e1bcf1faef7168338
"a0491_mdyrqw.raw",1,0,255,0,0,1,845.975,1786.964,2672352,2672684,0,2585620,2585620,0,29284,13.281,1773.683,1048576,312380,c5c4fcd61a8e6a9b28b10fb47590b81879de414dd8380adc778401c1b074c487
"a0492_odjwal.raw",1,0,255,0,0,1,717.876,1786.516,2672472,2672684,0,2585620,2585620,0,29284,11.630,1774.886,1048576,312380,8e49bcf4b42635e07c5630af1b532b9ccaae15000ef74622212a52dcc23962a8
"a0493_qlzfzy.raw",1,0,255,0,0,1,819.561,1786.723,2672352,2672684,0,2585620,2585620,0,29284,13.514,1773.209,1048576,312380,805ae572432ec883f7c87a8084cd430f4afe458c59a34bfd6f170d88f7a3753f
"a0494_itdnei.raw",1,0,255,0,0,1,881.172,1783.795,2672472,2672684,0,2585620,2585620,0,29284,11.537,1772.258,1048576,312380,9bd4eb5415c9ab60c69c6a777d3cc124ee8f285efffa2e706a43a18b56f48f73
"a0495_yv6xrp.raw",1,0,255,0,0,1,825.854,1784.005,2672472,2672684,0,2585620,2585620,0,29284,11.545,1772.460,1048576,312380,1e11be90d0b95f57ef9d3a324e4a4fa8441ac5801a43a1a346aa23ed13179011
"a0496_ajmtaz.raw",1,0,255,0,0,1,837.917,1782.873,2672472,2672684,0,2585620,2585620,0,29284,11.654,1771.219,1048576,312380,42f75e514248665a5241c9864a7d92024a1aa53ad2649f467eb662dc37b2fa99
"a0497_ddab9f.raw",1,0,255,0,0,1,717.413,1785.047,2672356,2672684,0,2585620,2585620,0,29284,13.493,1771.554,1048576,312380,cbf72dc46a328362aaa22f74065290412cec5b01b6dbf65b8305fc9ed7d820c0
"a0498_we22f9.raw",1,1,255,0,0,1,826.248,1784.587,2672344,2672684,0,2585620,2585620,0,29284,13.432,1771.155,1048576,312380,e9732e61866d77624b91e14789bbecee83bce6d949471190aa90e142bcee6342
"a0499_rwv63j.raw",1,0,255,0,0,1,730.008,1784.241,2672472,2672472,0,2585620,2585620,0,29284,11.855,1772.386,1048576,312380,fd71d26171379666540d8c530cdd262f891caf8e268aef923035528870a8af47
"a0500_wnfhhn.raw",1,1,255,0,0,1,818.679,1784.530,2672472,2672684,0,2585620,2585620,0,29284,11.860,1772.670,1048576,312380,409099f3fd4bf1f4f0754cfb240a5bd5eb5c1d8629c5733e5f529085b5f64820
"a0501_vdeng8.raw",1,0,255,0,0,1,788.432,1782.878,2672472,2672684,0,2585620,2585620,0,29284,11.622,1771.256,1048576,312380,e3a87c26795b9582c3e6507dcffcaed6452ba4aee87c6d9d70ccc1299c99004c
"a0502_l1nrsi.raw",1,0,255,0,0,1,831.538,1782.755,2672472,2672684,0,2585620,2585620,0,29284,11.651,1771.104,1048576,312380,c189ccd452927b0bfecbeceea192f73658f29db44d05228653d4c41624848852
"a0503_yciwk7.raw",1,0,255,0,0,1,867.026,1784.254,2672472,2672684,0,2585620,2585620,0,29284,11.846,1772.408,1048576,312380,cb85cfc47e6012c3ba0874d42869858657e582997b181824e343acffc292b5fa
"a0504_t5yaii.raw",1,0,255,0,0,1,820.729,1783.994,2672472,2672684,0,2585620,2585620,0,29284,11.647,1772.347,1048576,312380,ef00ca82062f3d550aa81fb3a2e107c94d7efdbfa913c226d7ec0159c7d45ccc
"a0505_ntf7d7.raw",1,0,255,0,0,1,843.496,1784.643,2672472,2672684,0,2585620,2585620,0,29284,11.569,1773.074,1048576,312380,4654eed535d4142df5af4dcfec476551e2c5a11064f5353d941b8cca8b0589f6
"a0506_lvoq8i.raw",1,1,255,0,0,1,829.788,1783.089,2672472,2672472,0,2585620,2585620,0,29284,11.683,1771.406,1048576,312380,08a6fb7c71ddc35c15238ca675b396b95dd81ef8f018e385f5713fffb64a31bd
"a0507_wxvyq0.raw",1,0,255,0,0,1,801.343,1785.261,2672472,2672684,0,2585620,2585620,0,29284,11.676,1773.585,1048576,312380,420b47ae46de24c8825125cf43faa433c16d240b74cfecc98748cfadaec15d4d
"a0508_hhrsyn.raw",1,0,255,0,0,1,775.037,1782.629,2672472,2672684,0,2585620,2585620,0,29284,11.613,1771.016,1048576,312380,014c384356189a1aeeadb997a5f600b72fb952899b6089cb2e1f4dc3b8bb4465
"a0509_dcjswu.raw",1,0,255,0,0,1,844.180,1782.584,2672472,2672472,0,2585620,2585620,0,29284,11.648,1770.936,1048576,312380,3aa1b74ee99b796231301fab763fb894b7ab0f74781a8f0e9bc8bea360e85e12
"a0510_cmenkd.raw",1,24,232,0,0,1,790.991,1785.026,2672472,2672472,0,2585620,2585620,0,29284,11.664,1773.362,1048576,312380,c3e852bb0687ce9e4a43b99d36b6b3f2a0e6cc2a75b3b98965c4995939ec8a27
"a0511_scur8z.raw",1,0,255,0,0,1,1115.835,1784.799,2672472,2672472,0,2585620,2585620,0,29284,11.856,1772.943,1048576,312380,97eecef8bf68ec3e532116a09b2ce4ecec0f408866efb8a2269a003fdafbe53e
"a0512_w9c2sj.raw",1,0,255,0,0,1,893.506,1783.000,2672472,2672684,0,2585620,2585620,0,29284,11.884,1771.116,1048576,312380,d1f0fe1197e83a86bbe9236289f00e37dd6411de252d030453483b12aa335159
"a0513_xqp4r5.raw",1,0,255,0,0,1,807.191,1785.050,2672472,2672472,0,2585620,2585620,0,29284,12.363,1772.687,1048576,312380,03033e0a7ab9a75f772b9e7ac5f8d31e3ce0f8f0e9958fe9ab1dd8e6fb3e2ec7
"a0514_sbdvnj.raw",1,0,255,0,0,1,754.000,1783.084,2672472,2672472,0,2585620,2585620,0,29284,11.625,1771.459,1048576,312380,48a603dabc93b0ced16f606dd98b675f44c8048342a92aab2fc8105319d2651b
"a0515_as3vgi.raw",1,4,252,0,0,1,726.042,1785.247,2672344,2672472,0,2585620,2585620,0,29284,13.366,1771.881,1048576,312380,97aa44c346c5b64d1fd748d2a2b65e2c0f717ad2d7145ba72d0526eecb811e9a
"a0516_nck4nk.raw",1,0,255,0,0,1,864.740,1783.494,2672472,2672472,0,2585620,2585620,0,29284,11.682,1771.812,1048576,312380,681600caf154312ca1e3884be49ca4940f3b0f79a90fb2caa7cc9716c2f57fa6
"a0517_wdvfet.raw",1,0,255,0,0,1,855.100,1783.768,2672472,2672472,0,2585620,2585620,0,29284,11.669,1772.099,1048576,312380,ee42d8fab9d8240b05c63d7534b45f1057c64cbe3df3db9272c1d38fc2b552af
"a0518_axs6q3.raw",1,0,255,0,0,1,917.701,1782.932,2672472,2672472,0,2585620,2585620,0,29284,11.884,1771.048,1048576,312380,13b62f7cca398b3377a51dbb9bd9081d23b90eece3138d8dd101227a6c6d64ac
"a0519_mne2yx.raw",1,0,255,0,0,1,846.449,1782.805,2672472,2672472,0,2585620,2585620,0,29284,11.617,1771.188,1048576,312380,21c1c90616cfe3ef84133c72086963930cdd9e78d8789a76856e788e71167b20
"a0520_xnp6dj.raw",1,0,255,0,0,1,801.285,1786.386,2672472,2672472,0,2585620,2585620,0,29284,11.881,1774.505,1048576,312380,8d107f4a146cfec74049e9ca336a25bdfcb13fe6cef1420cf18147446ff509c6
"a0521_hnvoqg.raw",1,0,255,0,0,1,779.141,1783.527,2672472,2672472,0,2585620,2585620,0,29284,11.641,1771.886,1048576,312380,7327776ca8309e5b2d0cd9c74ea50154a1954724623a3af8e077dfcdf3074c9f
"a0522_ksetdo.raw",1,0,255,0,0,1,791.920,1785.171,2672132,2672472,0,2585620,2585620,0,29284,13.170,1772.001,1048576,312380,97704f3de60453291be7b7bf6ab52a7d29535ff17b9294fab9898f2ad0befe95
"a0523_fzkjoj.raw",1,0,255,0,0,1,869.095,1782.832,2672260,2672472,0,2585620,2585620,0,29284,11.674,1771.158,1048576,312380,9b2d23641761dc5bccca2734e0a1829ec9cd4c8f71890cf75b276739939ab5cb
"a0524_ctltpm.raw",1,0,255,0,0,1,706.237,1783.392,2672260,2672472,0,2585620,2585620,0,29284,11.774,1771.618,1048576,312380,110d6974f351d36eab52bf5774b289769d6837916ec67db90150497310263527
"a0525_fquagl.raw",1,0,255,0,0,1,990.667,1786.406,2672260,2672472,0,2585620,2585620,0,29284,11.668,1774.738,1048576,312380,11129b48422c71c39f3faac5ab6e2811afa35ff4f54e96499ff9813b93724c4a
"a0526_w6ivtw.raw",1,0,255,0,0,1,1194.345,1784.001,2672472,2672472,0,2585620,2585620,0,29284,11.796,1772.205,1048576,312380,14d5c86148ac0fc5e599f6232e936d6b7b704c00c52c17987e5130a835783fc8
"a0527_sqlxhv.raw",1,0,255,0,0,1,772.806,1781.947,2672472,2672472,0,2585620,2585620,0,29284,11.573,1770.374,1048576,312380,12d029dcceb5267af9dfd2fb4fe8b69beec682a4656a55ec2c0c97168241d815
"a0528_bt4vm3.raw",1,0,255,0,0,1,1107.340,1784.467,2672472,2672472,0,2585620,2585620,0,29284,11.634,1772.833,1048576,312380,ec6f8e1337177567332ccf520669a6046012c8644ce3b7fc50538cce30e911de
"a0529_rrgdnq.raw",1,0,255,0,0,1,788.557,1783.918,2672260,2672472,0,2585620,2585620,0,29284,11.743,1772.175,1048576,312380,9de3ca993917b718eae53d9eb319b9180812d6fda9bfba639b654c14a2cb1ba1
"a0530_s0ul7h.raw",1,0,255,0,0,1,1295.522,1783.704,2672472,2672472,0,2585620,2585620,0,29284,11.815,1771.889,1048576,312380,f72069039e81945e98a49941e684741944c721063f8b0ba9c698e65d54e0533f
"a0531_jh6xfy.raw",1,0,255,0,0,1,743.323,1785.262,2672344,2672472,0,2585620,2585620,0,29284,13.604,1771.658,1048576,312380,532e0818dcc0eb89b2e897b6088d70dc6842aa72a3e0c22d2308ac183ca16154
"a0532_hq1ucu.raw",1,0,255,0,0,1,867.613,1782.539,2672260,2672472,0,2585620,2585620,0,29284,11.549,1770.990,1048576,312380,9a4574dc0e4ddd4971f0efb99e67395c690e1bbef3de21d40a93552a06b1a6c8
"a0533_cw1dlm.raw",1,0,255,0,0,1,698.114,1785.081,2672260,2672472,0,2585620,2585620,0,29284,11.667,1773.414,1048576,312380,cffa043fc2a02ae56f19859d7463be02127e4e0195e66e8a92719aec068cb400
"a0534_ra8j3s.raw",1,0,255,0,0,1,773.645,1782.824,2672260,2672472,0,2585620,2585620,0,29284,11.625,1771.199,1048576,312380,f06035c66afa928648b54ab69efe683d98e4af8a3220613f6e576f6f121ccb5c
"a0535_spf3f7.raw",1,0,255,0,0,1,801.280,1784.338,2672472,2672472,0,2585620,2585620,0,29284,11.812,1772.526,1048576,312380,039c94b7bebf0cea3cead5da0f82379165a7e16126a6039f815efcbbcc10cdef
"a0536_mkjxcx.raw",1,0,255,0,0,1,748.018,1785.137,2672132,2672472,0,2585620,2585620,0,29284,13.189,1771.948,1048576,312380,1477c37cbe49e0f03bda65d414b4fb843f3dff5c11a3122139c5c8f234b6a6d2
"a0537_l1h8tc.raw",1,0,255,0,0,1,827.339,1783.207,2672260,2672472,0,2585620,2585620,0,29284,11.550,1771.657,1048576,312380,bf730bffbc2fa033812c2d1b41877917b201f1fb191286418eb768a5cd2e0d09
"a0538_adfb5b.raw",1,0,255,0,0,1,906.663,1784.406,2672472,2672472,0,2585620,2585620,0,29284,11.624,1772.782,1048576,312380,74fb65d180f8a43febe4e49b5b3395b5fa0de86b7813ce26e484f963cac0b607
"a0539_a1vvau.raw",1,0,255,0,0,1,820.896,1785.005,2672260,2672472,0,2585620,2585620,0,29284,12.478,1772.527,1048576,312380,4ffecf1cb4c8edf4e84804d0bb0d97963439888cec1cc07c09f77a8807478541
"a0540_wwrhlt.raw",1,0,255,0,0,1,778.996,1785.142,2672260,2672472,0,2585620,2585620,0,29284,12.246,1772.896,1048576,312380,d9ea18c98a4d45bc78f07a13b867900f90d8a80d0b7e2742121b5bff343fe423
"a0541_rasb78.raw",1,0,255,0,0,1,876.386,1782.492,2672280,2672472,0,2585620,2585620,0,29284,11.658,1770.834,1048576,312380,0f22922ba58bd7ab9b9c5b8f072fa363b92397c4e71c54f7f66a1a13498aeafb
"a0542_wu5des.raw",1,0,255,0,0,1,1342.440,1786.939,2672492,2672492,0,2585620,2585620,0,29284,11.797,1775.142,1048576,312380,ee7d75633ec7cd24f128bccebe014bda791016b9e698fee926b23bd16fe336f8
"a0543_fojjsl.raw",1,0,255,0,0,1,863.490,1798.435,2672348,2672684,0,2585620,2585620,0,29284,13.622,1784.813,1048576,312380,3268e012d9f1490e1840f9bf7010f200b7b7c9bde7b8b0d4de88892ec5d0ffbc
"a0544_d9bjli.raw",1,0,255,0,0,1,831.021,1792.236,2672896,2672896,0,2585620,2585620,0,29284,11.623,1780.613,1048576,312380,42085c364ea94f1cd6dfcd3b665fb9cfea081cd65e8297885649d15521c029d0
"a0545_j6zdji.raw",1,0,255,0,0,1,927.531,1787.318,2673108,2673320,0,2585620,2585620,0,29284,11.680,1775.638,1048576,312380,2b14dd2c2bb884e0d22475d18707c2aab042e3288224846213b4364c4f29be51
"a0546_yxoqjg.raw",1,0,255,0,0,1,814.025,1786.501,2673320,2673320,0,2585620,2585620,0,29284,11.708,1774.793,1048576,312380,36bb0f4ba42107db65913f2733129032b1452915a95806a3c2d591e95c3ca11a
"a0547_pinzq9.raw",1,0,255,0,0,1,850.279,1788.755,2673192,2673532,0,2585620,2585620,0,29284,13.516,1775.239,1048576,312380,40094ffb0e0e648c78f07a21d450dd8f9cc437ae252959d357e0811bf569d438
"a0548_ena0nh.raw",1,0,255,0,0,1,812.903,1787.108,2673404,2673956,0,2585620,2585620,0,29284,11.783,1775.325,1048576,312380,bed53b6793a640dd571eac5cb81d7cc5ddfe5e8f84e2f9e20a350242e22e77a5
"a0549_ff63qe.raw",1,0,255,0,0,1,840.574,1786.555,2673956,2673956,0,2585620,2585620,0,29284,11.712,1774.843,1048576,312380,071b9e8335010b1d99495d0ed508ac4af7426458b3bc628e148787e4eb70fe62
"a0550_pozqkn.raw",1,0,255,0,0,1,852.538,1788.665,2674168,2674188,0,2585620,2585620,0,29284,11.725,1776.940,1048576,312380,35f034fe7fa63a09788095b21654ef1730cf478cf2e91acb6cccea019d52892b
"a0551_as5jnv.raw",1,0,255,0,0,1,810.961,1787.247,2674052,2674592,0,2585620,2585620,0,29284,11.664,1775.583,1048576,312380,e89fe73f059daf8a8c1dae3f86c7b5859382a76d173859bf057caca35586f05e
"a0552_gbhlm9.raw",1,0,255,0,0,1,851.680,1787.266,2674592,2674804,0,2585620,2585620,0,29284,11.694,1775.572,1048576,312380,a4decb55a162901859f1716b09af7e21171a47dd4c72c9a2bd629e9f087e354f
"a0553_evgaab.raw",1,0,255,0,0,1,907.050,1785.351,2674804,2674804,0,2585620,2585620,0,29284,11.635,1773.716,1048576,312380,940a71463c8e1442bb07163091cb333125a8e344124849af518b0b60ddc774a5
"a0554_vtqnds.raw",1,0,255,0,0,1,866.750,1788.883,2674688,2675228,0,2585620,2585620,0,29284,13.469,1775.414,1048576,312380,e640ce8f26f752bf0b81036b9f9491db692b80e0ca734ee45f311b140b4d3029
"a0555_qwz43p.raw",1,0,255,0,0,1,812.539,1789.608,2674900,2675228,0,2585620,2585620,0,29284,11.869,1777.739,1048576,312380,9bc04a269f056641e0718050cb59a4b763dd2cf7aa3393f0442d2de6858e8aba
"a0556_gc3ou5.raw",1,0,255,0,0,1,855.416,1789.939,2675108,2675440,0,2585620,2585620,0,29284,13.469,1776.470,1048576,312380,87b85a1d8eb3cd94a38d586f3f440e334da70ac7091862f7f20a823592e91eb3
"a0557_oxwjci.raw",1,1,255,0,0,1,811.584,1787.456,2675324,2675864,0,2585620,2585620,0,29284,13.355,1774.101,1048576,312380,d634f137a9240cb0982c8f9c11fc5c941e4ff8474ff415283c115bb2340fb843
"a0558_ci3fht.raw",1,26,230,0,0,1,949.814,1788.919,2675536,2675884,0,2585620,2585620,0,29284,13.432,1775.487,1048576,312380,fed7ee11134a6850f78cd8571991840725366b80fd944df6028b8c50236a2ba9
"a0559_kpcy4e.raw",1,3,253,0,0,1,1030.849,1790.471,2676076,2676288,0,2585620,2585620,0,29284,11.706,1778.765,1048576,312380,fb36557066bb0b8e90af4872cb82015925415e275d9c9d4376a86950ed04cb73
"a0560_y7shea.raw",1,0,255,0,0,1,836.279,1789.103,2675960,2676500,0,2585620,2585620,0,29284,13.735,1775.368,1048576,312380,231eea77c76d0fdf40d231aa57bfccb14cb6c5dd705ab37fbd6f8a958761570d
"a0561_q5euyp.raw",1,0,255,0,0,1,940.300,1787.971,2676500,2676712,0,2585620,2585620,0,29284,11.688,1776.283,1048576,312380,e521f1be2e9cd3f74f6b379de93b060d06dc476dc9fc058f1296ceaec89c3d0c
"a0562_jvyukt.raw",1,0,255,0,0,1,1013.902,1786.042,2676384,2676924,0,2585620,2585620,0,29284,13.608,1772.434,1048576,312380,8a211dbc9b2ab86862918e16bdf9a21ea584cfc84ac521e0a394b1bb52330b29
"a0563_x59wk4.raw",1,0,255,0,0,1,832.881,1787.252,2676596,2677136,0,2585620,2585620,0,29284,11.778,1775.474,1048576,312380,ee84eecb584cea925f959cf9864c0d9d4232996e5728bc7773b983b5532d98ee
"a0564_x5albw.raw",1,0,255,0,0,1,859.899,1789.582,2676808,2677348,0,2585620,2585620,0,29284,13.423,1776.159,1048576,312380,ca28b3d3742ec4f1d9034d9b9a987ccb098b1f9ce66502f5ac86d26d438328c6
"a0565_q7vh5u.raw",1,0,255,0,0,1,829.770,1790.754,2677020,2677560,0,2585620,2585620,0,29284,13.762,1776.992,1048576,312380,480645b1b3bf80a993bb6cfcf3bf693b446357ac95a277eb5288a6a1ccab52d1
"a0566_tkqf1u.raw",1,0,255,0,0,1,826.362,1786.955,2677560,2677792,0,2585620,2585620,0,29284,11.806,1775.149,1048576,312380,9380a809b4998b7af11c6819233ab00f57dcfe31b5856b4c34f6fe79da7ed148
"a0567_jaeh7l.raw",1,0,255,0,0,1,1042.590,1785.592,2677772,2677976,0,2585620,2585620,0,29284,11.837,1773.755,1048576,312380,05e493c735d47e2aa3f1c1d5d40891232c748cadb6fe189122dccbac4c0d831e
"a0568_pn3hjm.raw",1,0,255,0,0,1,1043.096,1787.496,2677976,2678196,0,2585620,2585620,0,29284,11.703,1775.793,1048576,312380,bd53945d77c359d838c128a0e1884cb728dcf0f73bddacfea5bbf94061f6dc06
"a0569_sb3kjv.raw",1,0,255,0,0,1,831.816,1788.679,2677868,2678408,0,2585620,2585620,0,29284,11.671,1777.008,1048576,312380,c717c2f0cdbe5d668370423f787a11e5738ce15de3cc40274059f24d34e226c4
"a0570_bhndyp.raw",1,0,255,0,0,1,1140.922,1789.921,2678080,2678620,0,2585620,2585620,0,29284,13.363,1776.558,1048576,312380,88bdebb8e49040b8fe7b376184ef28f3973c6f3209c436a454aa1d04fd622356
"a0571_uugbnx.raw",1,0,255,0,0,1,809.435,1784.592,2678620,2678832,0,2585620,2585620,0,29284,12.149,1772.443,1048576,312380,a9c072cbc3277d3de05894f9a26da2232e36c78dcd58da94dbc7a0fa551c398e
"a0572_vow98l.raw",1,0,255,0,0,1,962.132,1788.942,2678832,2679044,0,2585620,2585620,0,29284,11.711,1777.231,1048576,312380,926b0bf974fe849cf64d22838f2acf19075ea5ad37dcbc144dab5721eb7cd5c2
"a0573_kl4vin.raw",1,0,255,0,0,1,912.918,1786.246,2678716,2679256,0,2585620,2585620,0,29284,13.357,1772.889,1048576,312380,1c8241d56f06c635e0b449e17942d73c2ee81cae66f05c56552121ecbec25fae
"a0574_mdbjbm.raw",1,0,255,0,0,1,860.618,1789.363,2679276,2679488,0,2585620,2585620,0,29284,11.906,1777.457,1048576,312380,b586063dd9853a1ff3244c8ae71d4dc11bdd1226d1620cd7d3cb3f9bc0ba160d
"a0575_onpbfw.raw",1,0,255,0,0,1,795.140,1783.354,2679468,2679672,0,2585620,2585620,0,29284,11.562,1771.792,1048576,312380,87b75d0a5ee46df5686d24ebebdc0b0868803d2b2743224a1a7d86d33c5c22e7
"a0576_vyfcxa.raw",1,0,255,0,0,1,770.770,1789.754,2679672,2679892,0,2585620,2585620,0,29284,12.326,1777.428,1048576,312380,abd29e4756d337f67523d08937b79a1ee07c0af0eda26c45769c91af17e9f074
"a0577_y0qkbo.raw",1,0,255,0,0,1,911.853,1790.830,2679564,2680104,0,2585620,2585620,0,29284,13.868,1776.962,1048576,312380,c8dd58c6c818fc85bc7c6228fec55bf089a0f640d74ad996d2a897787c132b23
"a0578_oeih0e.raw",1,0,255,0,0,1,1458.531,1788.761,2679776,2680316,0,2585620,2585620,0,29284,11.698,1777.063,1048576,312380,f8f51424ecb8db6c09fcefd5c527b638fff9c2ac5ade378bef730781b27c6bbe
"a0579_utchud.raw",1,0,255,0,0,1,818.295,1786.068,2680316,2680528,0,2585620,2585620,0,29284,11.970,1774.098,1048576,312380,8ac99365d81fe91571397d2fe7c62f6e34805a844d53dafe59096da279b0d3cd
"a0580_zzlxop.raw",1,0,255,0,0,1,850.783,1784.214,2680528,2680740,0,2585620,2585620,0,29284,11.697,1772.517,1048576,312380,7595ea09db6fd75de9a23060dc6307a59948127c86cc6666db74eac48ef91378
"a0581_we2iix.raw",1,0,255,0,0,1,945.121,1789.691,2680740,2680952,0,2585620,2585620,0,29284,12.164,1777.527,1048576,312380,7c08b7bf636924bbd6b0f3832906595f5feb2fa0ac4b9955e2beae907b58093f
"a0582_boixmz.raw",1,0,255,0,0,1,939.425,1786.833,2680972,2681184,0,2585620,2585620,0,29284,11.700,1775.133,1048576,312380,d370afae6b89ec5ba4a84516a17a2edb8ace1605f3f938e12b0072238c2f7d77
"a0583_bpxanm.raw",1,4,252,0,0,1,932.673,1789.946,2681036,2681376,0,2585620,2585620,0,29284,13.349,1776.597,1048576,312380,b8fa361d97d6dedf4472eedff4717c77eafd5eeda82793076fbaf18a8058c182
"a0584_gprpij.raw",1,0,255,0,0,1,1139.312,1789.032,2681588,2681588,0,2585620,2585620,0,29284,12.630,1776.402,1048576,312380,be4c597d84697a8be67993802134973d7194c93685784afb8f35a18eafa78956
"a0585_hrd0bx.raw",1,0,255,0,0,1,830.011,1787.328,2681800,2681800,0,2585620,2585620,0,29284,11.694,1775.634,1048576,312380,93615114567ee83e31bb34a09894af34ab86012ed41d03d8d373b9d41f035b49
"a0586_uzznzm.raw",1,0,255,0,0,1,932.046,1788.424,2681472,2682032,0,2585620,2585620,0,29284,11.665,1776.759,1048576,312380,24bd8bbf000a9442db4fd76e3844e2769855abba5fec614f0537ea0bc8f4d093
"a0587_xo8y8t.raw",1,0,255,0,0,1,920.820,1784.722,2682012,2682032,0,2585620,2585620,0,29284,11.699,1773.023,1048576,312380,7b56cf45d2ec35ca638b8f29cc1e0a11e754fefb097bcb062b3d57845b57dafa
"a0588_oaqs1s.raw",1,0,255,0,0,1,854.241,1790.911,2682012,2682032,0,2585620,2585620,0,29284,12.017,1778.894,1048576,312380,cc4f49ad4fde4d705a59ff9cea47de4f8b49f33892615538d2a0f600a410e2b4
"a0589_tnyzqy.raw",1,0,255,0,0,1,826.192,1785.633,2682012,2682032,0,2585620,2585620,0,29284,12.295,1773.338,1048576,312380,4b407e4c992ba3b4422f2b5a8276326b6094ac380cfaba1642addbd1b44b920f
"a0590_i2xg5w.raw",1,0,255,0,0,1,943.250,1786.425,2682032,2682052,0,2585620,2585620,0,29284,11.685,1774.740,1048576,312380,27c4c20447fa40efb3397b3c373584e5a13a7228115ce485e9df9f1fb1eb98b6
"a0591_juna3x.raw",1,0,255,0,0,1,1042.929,1786.512,2682012,2682032,0,2585620,2585620,0,29284,11.845,1774.667,1048576,312380,eb56b481a5001ae015483799ca2f5f25530dc6af5f83c800d23c10737cbae6a3
"a0592_bpzfci.raw",1,0,255,0,0,1,932.677,1788.980,2681684,2682032,0,2585620,2585620,0,29284,13.736,1775.244,1048576,312380,1acf65a526d55c7d1546cc799cf6ed98666947e6d65f48710eceacf63dc93a12
"a0593_yyvxqe.raw",1,0,255,0,0,1,1022.875,1786.721,2682012,2682032,0,2585620,2585620,0,29284,11.693,1775.028,1048576,312380,6fdf193d7926f66f5f7b4033926930806d2bfbbfbfbe2e877c811f307f257cd8
"a0594_abccov.raw",1,0,255,0,0,1,949.942,1785.734,2682012,2682032,0,2585620,2585620,0,29284,11.711,1774.023,1048576,312380,ef7b2c333ebf151a547982a833ae4dc21e5effbabfe24f281312ec95ec1280fb
"a0595_ywpxll.raw",1,0,255,0,0,1,943.603,1785.833,2682012,2682032,0,2585620,2585620,0,29284,11.694,1774.139,1048576,312380,4aac0b4c11faee42c9d4c2f021d7ae1d843024f34b635d48e4210713811eac9e
"a0596_n0zlvg.raw",1,0,255,0,0,1,1023.995,1785.616,2681684,2682032,0,2585620,2585620,0,29284,13.459,1772.157,1048576,312380,94a3e7e08cfb7bdc2d29ead5bda518d427a42e6d80be2166897401aa05f6591d
"a0597_z1wxys.raw",1,1,255,0,0,1,953.181,1787.394,2681684,2682032,0,2585620,2585620,0,29284,11.692,1775.702,1048576,312380,a515c574dbd643fa0aa602accb40025ae9b37eb754af6eceebee960310b8b3e7
"a0598_yymfbg.raw",1,0,255,0,0,1,812.412,1784.722,2682032,2682052,0,2585620,2585620,0,29284,11.662,1773.060,1048576,312380,d92c3375ba92dfaf02d4773fd0d4a74715e6dea8966112aefc5440bec84f2e7a
"a0599_f1rqmp.raw",1,2,254,0,0,1,964.213,1786.298,2682008,2682032,0,2585620,2585620,0,29284,11.699,1774.599,1048576,312380,e060b977b85c34c4776848b5a165b3c9abfaad36494dad56a2f936e1dae02daf
"a0600_p7xv1u.raw",1,0,255,0,0,1,933.060,1785.711,2682012,2682032,0,2585620,2585620,0,29284,11.787,1773.924,1048576,312380,94db33e1bf21b9ed9b938dafe7843db9f5c09be4df60675d5ae375d7a25e1bf4
"a0601_jompz5.raw",1,0,255,0,0,1,1043.219,1787.506,2681684,2682032,0,2585620,2585620,0,29284,11.696,1775.810,1048576,312380,d23d0b171d0b461428aa1a578d7dac4bcddf762f11a0e4490e4963b8eb0c4517
"a0602_eu5616.raw",1,0,255,0,0,1,931.713,1783.844,2682012,2682032,0,2585620,2585620,0,29284,11.695,1772.149,1048576,312380,ed901b6a52ff094fe6797446a49d075010ae2439854fe7301469d9b18ad07095
"a0603_iacu7h.raw",1,0,255,0,0,1,945.505,1786.181,2682012,2682032,0,2585620,2585620,0,29284,11.724,1774.457,1048576,312380,b6cdab38b73b767ef909eb2dabe790a0a01b39331f9339b7c40cb00d95a94a20
"a0604_z8dlmd.raw",1,0,255,0,0,1,933.202,1787.301,2681684,2682032,0,2585620,2585620,0,29284,11.703,1775.598,1048576,312380,bcb94b2e53dcd05384ca08e12c7a92d690f36ed754d983fa810911ddc04530e3
"a0605_czshfu.raw",1,0,255,0,0,1,804.241,1785.209,2681684,2682032,0,2585620,2585620,0,29284,11.697,1773.512,1048576,312380,5ee6487aabc44b019392830d6f6404c0405d1dc6eee21a35363c281d324a1337
"a0606_mlcyro.raw",1,0,255,0,0,1,953.982,1783.654,2682032,2682052,0,2585620,2585620,0,29284,11.937,1771.717,1048576,312380,8f6576a9a848a514b2f145f10749377ceff2fdeea24e8eb72cc38115592ce5eb
"a0607_kysimp.raw",1,0,255,0,0,1,853.158,1786.981,2681680,2682032,0,2585620,2585620,0,29284,11.712,1775.269,1048576,312380,c9cdbb367bc168407c1e2748b49d159e6fc6ee6387d5944a8ab186c76f98a572
"a0608_qdjnjk.raw",1,0,255,0,0,1,941.907,1785.951,2682012,2682032,0,2585620,2585620,0,29284,11.728,1774.223,1048576,312380,30a2ca0012895d54095e29d80623ac64d35cfc076336d811cd84d0c21177210f
"a0609_sasgdm.raw",1,0,255,0,0,1,833.450,1783.278,2682012,2682032,0,2585620,2585620,0,29284,11.680,1771.598,1048576,312380,bfe81f961542d8e6a63c9b72376d6c8a8adf57897b0fd37b13e2414d85a5c747
"a0610_bmwy1m.raw",1,0,255,0,0,1,816.461,1787.243,2682012,2682032,0,2585620,2585620,0,29284,11.893,1775.350,1048576,312380,d2166bc34cdef58016bc40b7b940199d86bbda870cd496fc80a73f088f3fe44e
"a0611_yp0qq3.raw",1,0,255,0,0,1,842.188,1783.734,2682012,2682032,0,2585620,2585620,0,29284,11.717,1772.017,1048576,312380,bed23d112037b0abf3a945b9dcf6d06f2d0371fad9cc6fc3802052e05e4c4071
"a0612_fzvure.raw",1,0,255,0,0,1,855.215,1788.049,2681684,2682032,0,2585620,2585620,0,29284,11.713,1776.336,1048576,312380,f7e60ee8f5d32b5f9652002cdbfdc259440c3d741575936f3257846c34d505ea
"a0613_aj1zh1.raw",1,0,255,0,0,1,931.326,1787.570,2681684,2682032,0,2585620,2585620,0,29284,13.451,1774.119,1048576,312380,da7dc3471464dc73d2a6aca7ceda1d89a63c85f8cf94ec2e31a94628b7bcfc57
"a0614_rohvfe.raw",1,0,255,0,0,1,941.756,1786.512,2682012,2682052,0,2585620,2585620,0,29284,11.888,1774.624,1048576,312380,e6b47fc7d851c6b0d0c9422798f93f4f7b04df1319b8517be03338ea9e1dcabf
"a0615_jpsupv.raw",1,0,255,0,0,1,832.869,1787.351,2681680,2682032,0,2585620,2585620,0,29284,11.671,1775.680,1048576,312380,5361a79326222bc90ebe423f2d2117ad08d8595737c236f93d10a82d1af14246
"a0616_wp4r4d.raw",1,0,255,0,0,1,912.405,1783.388,2681684,2682032,0,2585620,2585620,0,29284,13.460,1769.928,1048576,312380,3508fcb84889b3e82be27092c0518ee9f0e906f13b7d5d32b67358ba08ce291d
"a0617_za0k82.raw",1,0,255,0,0,1,865.533,1787.823,2681684,2682032,0,2585620,2585620,0,29284,13.456,1774.367,1048576,312380,fea911c9bc262ba005f8a0828869c0d88aecaa8158ee0975ecfcd300c180ce0f
"a0618_gis7rc.raw",1,0,255,0,0,1,1031.531,1787.285,2681684,2682032,0,2585620,2585620,0,29284,13.571,1773.714,1048576,312380,6267757d57998e1d19ac611b536278db245de9d8f4e6ae16fefe7b0edad2e2eb
"a0619_fkp7lg.raw",1,0,255,0,0,1,941.489,1787.543,2681684,2682032,0,2585620,2585620,0,29284,11.684,1775.859,1048576,312380,b471277efb80d9e2ac60596cf93e8f3c395eb40bf8909c012cdc784dc503fef7
"a0620_olycak.raw",1,3,253,0,0,1,814.353,1785.312,2681684,2682032,0,2585620,2585620,0,29284,13.572,1771.740,1048576,312380,c4cc5a890d47978ce030f25912b2f06999fac29fe274d2d26827d5d9a32d8f30
"a0621_gcmg2i.raw",1,0,255,0,0,1,851.489,1787.184,2681684,2682032,0,2585620,2585620,0,29284,13.435,1773.749,1048576,312380,aefc1fa98762aac5716b819ab111fc66830b59ec88afd46e1cea5bd76eba54dc
"a0622_nfd9zi.raw",1,0,255,0,0,1,824.104,1785.245,2681680,2682052,0,2585620,2585620,0,29284,13.314,1771.931,1048576,312380,70a7375044d3faaff39687b3628a7d3f07229af25713599e3322a5664edaf12e
"a0623_bdvofi.raw",1,0,255,0,0,1,852.334,1786.336,2682008,2682032,0,2585620,2585620,0,29284,11.703,1774.633,1048576,312380,f33d87b6812dc877cff34aea85894fdd30d3b6a7fdaf79ad7fbea23281c90c60
"a0624_mlai6p.raw",1,2,254,0,0,1,1025.225,1784.088,2682012,2682032,0,2585620,2585620,0,29284,11.681,1772.407,1048576,312380,dd1c2d05850dbe478cf4a45aca19d3484d903add7c1968d80749f7648f59a7e0
"a0625_kogqyx.raw",1,0,255,0,0,1,517.023,1784.616,2682012,2682032,0,2585620,2585620,0,29284,11.652,1772.964,1048576,312380,6912be10d9dc285accee88d78261af20af5f4a7ff2f4a6eb16640a93aa6939e7
"a0626_tgzpf9.raw",1,0,255,0,0,1,522.837,1784.252,2682012,2682032,0,2585620,2585620,0,29284,11.650,1772.602,1048576,312380,110f282d9560d6eaa8a74a65dfa445450c268c0b693a72f6ee31005078647d47
"a0627_uenvke.raw",1,0,255,0,0,1,575.520,1787.526,2681680,2682032,0,2585620,2585620,0,29284,13.495,1774.031,1048576,312380,7e116fb7eebc32f1cac231eb7576832cc937d6f5488b357463adc35847ca7c32
"a0628_mpar7n.raw",1,0,255,0,0,1,539.425,1786.447,2682012,2682032,0,2585620,2585620,0,29284,12.030,1774.417,1048576,312380,bf7a6fee81070edaad6bf38573d4f2d85b50e60e72ba13aefb42e1fad17cfc01
"a0629_ttcqzt.raw",1,1,255,0,0,1,529.495,1788.134,2681684,2682032,0,2585620,2585620,0,29284,13.668,1774.466,1048576,312380,fa75f04538da394c1df5b948b7a2cff293a22550e9d1cecf7636d7cdc24908b9
"a0630_mf6zwg.raw",1,0,255,0,0,1,515.272,1786.196,2682012,2682032,0,2585620,2585620,0,29284,11.842,1774.354,1048576,312380,4c4d7141140855dec8271bb73c966d036b98637bfeb4efc515abfca9e411b507
"a0631_cxnyqw.raw",1,0,255,0,0,1,553.132,1785.692,2682032,2682052,0,2585620,2585620,0,29284,12.442,1773.250,1048576,312380,dcc0d4f4d220344e302f345cc9dc3f5c95d994a0777dd58d544a0049ff940976
"a0632_mexgmw.raw",1,0,255,0,0,1,654.032,1784.897,2682008,2682032,0,2585620,2585620,0,29284,11.669,1773.228,1048576,312380,9024983edba8f85d48acf22ce8941da7316d445ab01290efeb4ef4c79472690c
"a0633_qnejd0.raw",1,0,255,0,0,1,514.172,1787.322,2681684,2682032,0,2585620,2585620,0,29284,11.706,1775.616,1048576,312380,6ed565f7261dc5f6cab385210d512a0a7c0b5f852ac7ba56fee102d84fb10eb9
"a0634_ttvgpf.raw",1,0,255,0,0,1,519.721,1784.880,2682012,2682032,0,2585620,2585620,0,29284,12.015,1772.865,1048576,312380,599a9a959a2af6ef06b125d4675204dab3bdcc99c95621f139d6897477a5249b
"a0635_wzjqyp.raw",1,0,255,0,0,1,553.384,1785.674,2681684,2682032,0,2585620,2585620,0,29284,13.383,1772.291,1048576,312380,514f3f22ed2ba18d573ff4e81cd573a06400b30eb59d3dde9fe87eda47ddbe45
"a0636_wxvrax.raw",1,0,255,0,0,1,713.654,1785.653,2681684,2682032,0,2585620,2585620,0,29284,13.230,1772.423,1048576,312380,53656dba11b1c7b899385a668ea83182fa2295180bd58f97a75a85fdd537e01b
"a0637_sagkhq.raw",1,0,255,0,0,1,563.192,1783.684,2682012,2682032,0,2585620,2585620,0,29284,11.646,1772.038,1048576,312380,4e4c966e77af473a47f3e416eaca5a3f59f6cec2446872f1c88409a0ecf38741
"a0638_wbqkdb.raw",1,0,255,0,0,1,645.790,1785.038,2682012,2682032,0,2585620,2585620,0,29284,11.644,1773.394,1048576,312380,4d0f0a87805c20fc80d583b39694e4a9e3e73ff28eb5bf716e086b466106a750
"a0639_d74bsz.raw",1,0,255,0,0,1,644.739,1786.136,2682012,2682032,0,2585620,2585620,0,29284,11.761,1774.375,1048576,312380,4bbddc3357abb82f4a9d8e536c48ea6f70c62dd7c56a7e1586cd267a43442518
"a0640_hebnb8.raw",1,0,255,0,0,1,793.185,1784.030,2682032,2682052,0,2585620,2585620,0,29284,11.662,1772.368,1048576,312380,419a502e83f1fb02d40134cf1a17e303c999cd4fd766a54d2a736d7b50c81e90
"a0641_ldjphh.raw",1,3,253,0,0,1,535.406,1785.755,2681680,2682032,0,2585620,2585620,0,29284,13.438,1772.317,1048576,312380,f9ef612da1bc4a8ed5bba93a01fb85897c8e4cac1d7b32dd775e61e2de221ee8
"a0642_ibo8f5.raw",1,0,255,0,0,1,573.099,1788.498,2681684,2682032,0,2585620,2585620,0,29284,13.655,1774.843,1048576,312380,d41812a4fcdf140d7613e77d86b83942abb72c31bfdf8034c1d831ebde5f8572
"a0643_ee3z2q.raw",1,0,255,0,0,1,559.196,1784.960,2682012,2682032,0,2585620,2585620,0,29284,11.685,1773.275,1048576,312380,34933e28a69957a687228ab35ce4bfb14e8306da0e45606bb9ad8a27ecf98dd7
"a0644_xczfq2.raw",1,0,255,0,0,1,533.998,1785.655,2681684,2682032,0,2585620,2585620,0,29284,13.310,1772.345,1048576,312380,a2c086c9fdf94f8bf434fca21e98e94343d0fef20b8516782a09f49719837224
"a0645_xnlh5d.raw",1,0,255,0,0,1,954.225,1786.512,2682012,2682032,0,2585620,2585620,0,29284,11.854,1774.658,1048576,312380,53d20488c87c324fa21581a9baaacfb3318a435ff07ee08e518d3aa0b6a91f4c
"a0646_ooesqs.raw",1,0,255,0,0,1,1032.726,1784.129,2682012,2682032,0,2585620,2585620,0,29284,11.650,1772.479,1048576,312380,17313d45bdd341c878e233534381d78668e6a450727e5e06bc0b9e70ae68469e
"a0647_uprnic.raw",1,0,255,0,0,1,554.965,1785.998,2682012,2682032,0,2585620,2585620,0,29284,11.729,1774.269,1048576,312380,1bf889c4892147eba17b1b2b406ccc3000514ed7cc441a4797443ba60c33cb2b
"a0648_dezlz6.raw",1,0,255,0,0,1,573.326,1786.118,2682012,2682032,0,2585620,2585620,0,29284,12.079,1774.039,1048576,312380,e68447f0c3eca77bff1bc45e93cc5f1cf762330866e998e89e9f513c2d776f38
"a0649_kqjhrg.raw",1,0,255,0,0,1,582.869,1783.946,2682032,2682052,0,2585620,2585620,0,29284,12.618,1771.328,1048576,312380,a660e800450cb3e1880d15c0ae723227e359447cb990a8940cc6ea25f4b46436
"a0650_upldwg.raw",1,0,255,0,0,1,714.872,1785.387,2681508,2682032,0,2585620,2585620,0,29284,12.501,1772.886,1048576,312380,5cd5faf536f6286f29054a1512919fe1895445179733dd0aaf32e8ed76b3ee7b
"a0651_bgzfqg.raw",1,0,255,0,0,1,593.918,1785.840,2682012,2682032,0,2585620,2585620,0,29284,11.916,1773.924,1048576,312380,c9732a7e90a01695a4fa4e491c7b19a166636f3c34e0bd3883f96a5d9ae0ca3a
"a0652_wczeqm.raw",1,0,255,0,0,1,634.006,1786.409,2682012,2682032,0,2585620,2585620,0,29284,11.984,1774.425,1048576,312380,9cf9b749d9c91958e6238aeae77b0aacb3c627de130b359f2db8217eee63df4b
"a0653_cwyesj.raw",1,0,255,0,0,1,562.556,1786.614,2681684,2682032,0,2585620,2585620,0,29284,13.750,1772.864,1048576,312380,1d894ac344c04848655fd15ca8a51f017c4f9e7d030cf4e183f1dac418d89578
"a0654_yrpogb.raw",1,0,255,0,0,1,553.206,1784.038,2682012,2682032,0,2585620,2585620,0,29284,11.732,1772.306,1048576,312380,a571b3e711a3e1450c23c7bf748983d15a105f46d0ac5fec29d9afb9b5e8324c
"a0655_eqlumw.raw",1,0,255,0,0,1,525.373,1783.588,2682012,2682032,0,2585620,2585620,0,29284,11.851,1771.737,1048576,312380,634c19040654241c5cc02e93e064d1d0ad583c5ae62ab0547143525b28ebd35b
"a0656_pohd3d.raw",1,0,255,0,0,1,715.778,1793.731,2681680,2682032,0,2585620,2585620,0,29284,13.401,1780.330,1048576,312380,fae7caca1e76edd9d5acd286aa47861f26f52ac773a77a6b92062064992ca08d
"a0657_jgs4ke.raw",1,0,255,0,0,1,541.700,1790.079,2681684,2682032,0,2585620,2585620,0,29284,11.690,1778.389,1048576,312380,c2ff8b91f89691ea56b855809856aa604bc77eaba77620338ca06fd95a61a610
"a0658_oeowvk.raw",1,0,255,0,0,1,850.352,1786.304,2682032,2682052,0,2585620,2585620,0,29284,11.732,1774.572,1048576,312380,9b3b72a1aee6899030fae9cd1e2f1f078d4de72cc982866d28b2caca73ce571b
"a0659_yuhdpz.raw",1,0,255,0,0,1,791.182,1784.121,2681796,2681792,4,2585620,2585620,0,29284,11.633,1772.488,1048576,312380,9015d44dff5da1dd16fcf62dbac7adad9437ad609ee45478cdab88e61095b0e5
"a0660_bmt8ir.raw",1,0,255,0,0,1,720.037,1787.572,2681588,2681588,0,2585620,2585620,0,29284,12.651,1774.921,1048576,312380,099e7fc5bb3d755ed8db6b23bcd6ca63288420fd1ac18ad88c435f88bd58942c
"a0661_d3ryzs.raw",1,0,255,0,0,1,751.478,1783.463,2681376,2681376,0,2585620,2585620,0,29284,11.538,1771.925,1048576,312380,9c95d12f9e4e811b63845a1788fa9eb0db8f9aea6cb9abbae1e57fa9118b69ce
"a0662_pszeho.raw",1,0,255,0,0,1,821.666,1788.414,2681040,2681164,0,2585620,2585620,0,29284,13.828,1774.586,1048576,312380,436f4eac7a2b0aa02b4b3e7df86994f81fac72589d9f450d8c4287530a6a289f
"a0663_gya6lx.raw",1,0,255,0,0,1,844.982,1784.247,2680952,2680952,0,2585620,2585620,0,29284,11.740,1772.507,1048576,312380,c33e4a7ae26edfdb5e477a98cbd728e8947140eb7ddc3bac809ac0cdc90c19d3
"a0664_xuflth.raw",1,0,255,0,0,1,822.101,1786.089,2680740,2680740,0,2585620,2585620,0,29284,12.398,1773.691,1048576,312380,dfeb03476b29758ca7b95808208ef1a7924851b0a2a33a7dc12239d92d77aa99
"a0665_vel4ht.raw",1,0,255,0,0,1,847.367,1784.815,2680528,2680528,0,2585620,2585620,0,29284,11.610,1773.205,1048576,312380,f5dbee2dd691ac78e28d8df33e3a7820d82052b1235137c84f2a4b4bc1978811
"a0666_vyr75r.raw",1,0,255,0,0,1,784.928,1784.382,2680316,2680316,0,2585620,2585620,0,29284,11.573,1772.809,1048576,312380,db0f911fbc8a0b4e6f940165befc1fc94f5d599ba022ef7eef036bdbe52f00e1
"a0667_z9zuag.raw",1,0,255,0,0,1,810.855,1782.832,2680104,2680104,0,2585620,2585620,0,29284,11.648,1771.184,1048576,312380,7bf3a9ea47331807ccd3a1ad332ea885de8ed11e23365daa4cd3b32113e5186c
"a0668_cbsegh.raw",1,0,255,0,0,1,838.511,1782.571,2679892,2679892,0,2585620,2585620,0,29284,11.547,1771.024,1048576,312380,bdc6133e3fa88c18d5041f23fa08bd4ff650de00db8f83680619397134ac4e15
"a0669_vjvxad.raw",1,0,255,0,0,1,807.057,1785.421,2679680,2679680,0,2585620,2585620,0,29284,12.505,1772.916,1048576,312380,db085cd0ccac11ed5a02448adff2e7961958d6219f9e9e9b35698481eeb662bd
"a0670_ilprgk.raw",1,0,255,0,0,1,854.012,1783.344,2679468,2679468,0,2585620,2585620,0,29284,11.600,1771.744,1048576,312380,5fc7d0f07cec41d77d13e73aded83b9607351424b14caa51c686906a1c67dd73
"a0671_olak7t.raw",1,0,255,0,0,1,936.801,1783.387,2679256,2679256,0,2585620,2585620,0,29284,11.592,1771.795,1048576,312380,9e2725fb9fd9d4a0239cab93c2056c2f86c2ab8bffae3929468db45a09dffb88
"a0672_jxl2je.raw",1,0,255,0,0,1,851.994,1787.300,2679044,2679044,0,2585620,2585620,0,29284,11.789,1775.511,1048576,312380,bce3d3c547c7d7fb047a286c511fa3df85fc4d27f31d0b563c5e630cbf521e2c
"a0673_jaiutc.raw",1,0,255,0,0,1,1328.146,1784.052,2678832,2678832,0,2585620,2585620,0,29284,11.779,1772.273,1048576,312380,f50a1c4d85baf75a2e70fc0c333baed696e56736a72ea737fd33c88fe1025ac2
"a0674_lasnd4.raw",1,0,255,0,0,1,735.150,1784.196,2678620,2678620,0,2585620,2585620,0,29284,11.698,1772.498,1048576,312380,00cbe87322f4a57845f8b83ed5dfc079f405691ce63735814b3ec95b5eb18bae
"a0675_wru6ul.raw",1,0,255,0,0,1,725.063,1787.067,2678292,2678408,0,2585620,2585620,0,29284,14.217,1772.850,1048576,312380,7d49dd74235fdb35c16e9bf081e753c18453a786a2f23195b968f8fb90bf6c5e
"a0676_yqu7tq.raw",1,0,255,0,0,1,743.599,1783.507,2678196,2678196,0,2585620,2585620,0,29284,11.674,1771.833,1048576,312380,8f57ad2e05199303a1fde41583422fbbca4a56df3e70fd353c085672fae7a1fb
"a0677_aedco5.raw",1,0,255,0,0,1,724.366,1784.908,2677984,2677984,0,2585620,2585620,0,29284,12.450,1772.458,1048576,312380,65787d7c44ec7b619760f1d18b6b0b0618d8037b770d4e6cb77b9b4a2483f762
"a0678_vbkryv.raw",1,0,255,0,0,1,742.722,1784.494,2677772,2677772,0,2585620,2585620,0,29284,11.585,1772.909,1048576,312380,95b4a7f0044181fe9a1ddbcc4f0dffef15e642b3b95e0d72b7dc68e5a54a293d
"a0679_wfsxje.raw",1,0,255,0,0,1,782.535,1785.336,2677560,2677560,0,2585620,2585620,0,29284,11.842,1773.494,1048576,312380,056a509530372d827e15de667dfbd9cf626ddc84cb7e258ac9faa9a00871798d
"a0680_ve8rnb.raw",1,0,255,0,0,1,779.744,1786.272,2677348,2677348,0,2585620,2585620,0,29284,12.487,1773.785,1048576,312380,eb40e42301fb8f1cc295320265cce940cadc8d3018568990d8089e538dd5f12e
"a0681_kcmnwb.raw",1,0,255,0,0,1,838.149,1786.450,2677128,2677136,0,2585620,2585620,0,29284,12.402,1774.048,1048576,312380,9321d5a42cd95e410855f2d1b150469b38d32760edb7bed1797ea3a6a3c513c7
"a0682_ys3bp4.raw",1,1,255,0,0,1,787.704,1784.847,2676924,2676924,0,2585620,2585620,0,29284,11.573,1773.274,1048576,312380,909d17c530df55b92c24f41861281efd7a055853466911d6dc0fbf978fb97ab0
"a0683_e9djb0.raw",1,0,255,0,0,1,824.999,1782.856,2676712,2676712,0,2585620,2585620,0,29284,11.611,1771.245,1048576,312380,6bdd764552780c3269e049c49055033a2fe0d2c9105fbeecfc79865a62cec9cc
"a0684_waxp5q.raw",1,0,255,0,0,1,708.753,1785.645,2676500,2676500,0,2585620,2585620,0,29284,11.637,1774.008,1048576,312380,4d238f372fc091265e1a228c3389484dc56f55c79994f6fa93b8da45c708dc54
"a0685_bssujn.raw",1,0,255,0,0,1,717.492,1785.894,2676288,2676288,0,2585620,2585620,0,29284,12.735,1773.159,1048576,312380,ca78f5c69df2a8656fb199d499ddfc0032fbeaf95066ac29e768b0a36426462e
"a0686_rqe20r.raw",1,0,255,0,0,1,845.039,1785.050,2676076,2676076,0,2585620,2585620,0,29284,11.602,1773.448,1048576,312380,199eaccbcd10fb942a59f705a6686cc946a6616152bc1c5215ef75279185a55f
"a0687_garg3x.raw",1,0,255,0,0,1,893.212,1786.183,2675864,2675864,0,2585620,2585620,0,29284,12.282,1773.901,1048576,312380,27c6c28362c47366d9fb156b03f2cac2198bea31ff01335dee26682d7d40729e
"a0688_rjhmhh.raw",1,0,255,0,0,1,769.004,1786.644,2675652,2675652,0,2585620,2585620,0,29284,12.482,1774.162,1048576,312380,e9bf0191f8314743bc2df3763c2f94ae1a382a18638d7b31c02d4f61716061be
"a0689_zk4tlc.raw",1,0,255,0,0,1,742.986,1784.377,2675440,2675440,0,2585620,2585620,0,29284,11.703,1772.674,1048576,312380,fd65e4a98af7a2dce64fa807f43e77feb08ebdbae7b56de3713c61172cfbc382
"a0690_f6ntnp.raw",1,0,255,0,0,1,870.510,1783.281,2675228,2675228,0,2585620,2585620,0,29284,11.671,1771.610,1048576,312380,a3cb9fc5a0e8763ba6e815f7be8cd2e46529e57ad711fe7d4f9b980a72dbcfdf
"a0691_nmp8lx.raw",1,0,255,0,0,1,815.132,1785.901,2675016,2675016,0,2585620,2585620,0,29284,11.607,1774.294,1048576,312380,f5945fd133bf96a18cf61e68d92789c088c9fba82b71e689e6b86004dc1bf151
"a0692_bmegkx.raw",1,0,255,0,0,1,717.850,1784.716,2674804,2674804,0,2585620,2585620,0,29284,12.064,1772.652,1048576,312380,d885b1735e32a90cc5655e2e22d42e3c22c457c952621d21f32b554d5320c9f2
"a0693_rnp3zq.raw",1,0,255,0,0,1,913.284,1786.137,2674476,2674592,0,2585620,2585620,0,29284,13.628,1772.509,1048576,312380,e5dc2e0747c92ca9848dcf01e6e4e7f878764e692eff29e7f1741c230659b7ee
"a0694_sryr4a.raw",1,0,255,0,0,1,874.091,1785.607,2674264,2674380,0,2585620,2585620,0,29284,11.571,1774.036,1048576,312380,513e71aee499d89696049760514ca65365093d7757bab712345460d080cc64f0
"a0695_asrnis.raw",1,0,255,0,0,1,1047.978,1783.514,2674168,2674168,0,2585620,2585620,0,29284,11.663,1771.851,1048576,312380,82d72ccdeb8faac1190d878620bc945d6797e371c772c5924078444d2e5b6fe2
"a0696_kslrep.raw",1,0,255,0,0,1,818.517,1788.825,2673956,2673956,0,2585620,2585620,0,29284,12.414,1776.411,1048576,312380,17851ca541933a5a343812ce83657c97b3a716e4cdbc05977d3a95d5ee586fc4
"a0697_cejjwf.raw",1,0,255,0,0,1,864.334,1783.491,2673744,2673744,0,2585620,2585620,0,29284,11.609,1771.882,1048576,312380,9dfdc1074afb34a51d940b1f9145397ac13621fc1be24b0ef464b44fd25d8ff0
"a0698_mzgl33.raw",1,0,255,0,0,1,707.050,1785.183,2673532,2673532,0,2585620,2585620,0,29284,11.896,1773.287,1048576,312380,81033504f137915f62bd85b6c950b4d9e97df4b071ce48b85aeb4b36d2a07a7e
"a0699_ni65d1.raw",1,0,255,0,0,1,1493.299,1783.532,2673320,2673320,0,2585620,2585620,0,29284,11.636,1771.896,1048576,312380,9e1a5d5697325306751dbdc84379d9ff488c08fd4d5d6f3593588d5bb857c038
"a0700_ksh7wu.raw",1,0,255,0,0,1,836.436,1783.407,2673108,2673108,0,2585620,2585620,0,29284,11.645,1771.762,1048576,312380,7f36c1f39e0065acb41bc31f495a474da81819171f4ff45fe4d7d9f4003fe583
"a0701_hbrcgl.raw",1,0,255,0,0,1,730.868,1782.150,2672896,2672896,0,2585620,2585620,0,29284,11.585,1770.565,1048576,312380,3e3acc630f6aaf19bd89482ee39aebe965f007cc2a47709fa8a41c44e86f733b
"a0702_tbpnqg.raw",1,0,255,0,0,1,839.826,1784.441,2672684,2672684,0,2585620,2585620,0,29284,11.653,1772.788,1048576,312380,1b341324125dcf38bf906c969e36eee92d0074d9e8b326dc195e136ffd41ac9b
"a0703_nds0dd.raw",1,0,255,0,0,1,838.537,1782.732,2672472,2672472,0,2585620,2585620,0,29284,11.675,1771.057,1048576,312380,5c9f43c6a091b7758b674fc8ba3c671623339fe2048d418194a2b9d8ce022161
"a0704_eu2stn.raw",1,0,255,0,0,1,1091.166,1783.866,2672260,2672472,0,2585620,2585620,0,29284,11.605,1772.261,1048576,312380,5277cc938bd8fe108c9d1e9fc21105c6073e2c6a096e942ea41627b2a8d0cd6c
"a0705_nlwccs.raw",1,0,255,0,0,1,791.538,1782.720,2672260,2672472,0,2585620,2585620,0,29284,11.672,1771.048,1048576,312380,21915f5fbc067051afe2254240d2e32c955545c4644e9ed05390d947eba1f1a3
"a0706_hum8pu.raw",1,0,255,0,0,1,803.110,1786.964,2672136,2672472,0,2585620,2585620,0,29284,13.785,1773.179,1048576,312380,fdbf1882ccbae27e4dbf8f10909ae15ab1e731b5341fcf60455fad2b42898a95
"a0707_mmaddx.raw",1,0,255,0,0,1,766.507,1784.075,2672260,2672472,0,2585620,2585620,0,29284,11.674,1772.401,1048576,312380,c936739834e90548fe5fb0151f0f9fe6eda7ed327db5f073679ea2801ea68901
"a0708_lqfyba.raw",1,0,255,0,0,1,777.676,1789.131,2672144,2672472,0,2585620,2585620,0,29284,13.343,1775.788,1048576,312380,eab64dd9927db08472022d149e610c56d196464dc69bb52bcfae9f948a92bfed
"a0709_tpxi8p.raw",1,0,255,0,0,1,755.650,1786.444,2672260,2672472,0,2585620,2585620,0,29284,12.300,1774.144,1048576,312380,6911f0cb7fa9672f271360b7ee3b416ad621da3bb5ccf6cf7f4e5cb12d293a56
"a0710_prgxd8.raw",1,0,255,0,0,1,738.135,1783.583,2672260,2672472,0,2585620,2585620,0,29284,11.787,1771.796,1048576,312380,c2eaa8c1da4446b4bada0f09cc9d513d91cc3d566aa9a705af316d0ed7da7a02
"a0711_rewvuv.raw",1,0,255,0,0,1,1055.907,1782.776,2672472,2672472,0,2585620,2585620,0,29284,11.557,1771.219,1048576,312380,69aca4ad6863a93a51372f88ecac666156e5cdbff974b34171886ce830d15f65
"a0712_fzdims.raw",1,1,255,0,0,1,736.541,1782.780,2672260,2672472,0,2585620,2585620,0,29284,11.629,1771.151,1048576,312380,9b3c3add3de2013b14133ebfda01f3a662b9fb913ab62852487a5e8a3d758cc9
"a0713_gs5cry.raw",1,1,255,0,0,1,752.682,1782.624,2672260,2672472,0,2585620,2585620,0,29284,11.609,1771.015,1048576,312380,893e70179f61c1446884d719df1149b1c793370d75fd787447c9ff71452ab12f
"a0714_cyq1ji.raw",1,1,255,0,0,1,833.875,1782.729,2672260,2672472,0,2585620,2585620,0,29284,11.561,1771.168,1048576,312380,ff6e367238e8ebb37a52e9253b9ec54ef98cfab1acae276cdc8b13b93ed72a77
"a0715_bpkr0e.raw",1,0,255,0,0,1,837.711,1783.254,2672260,2672472,0,2585620,2585620,0,29284,11.533,1771.721,1048576,312380,bf3189972879796b54c062b843378701c96bb1fc5abafaeeacb1ed2867f72cee
"a0716_hiynya.raw",1,0,255,0,0,1,740.951,1783.339,2672260,2672472,0,2585620,2585620,0,29284,11.588,1771.751,1048576,312380,ad0e4f5add5599c9ff49ff332ca0f2dc6b5de5511116459cc9df8ec79a300d4e
"a0717_xzbvm2.raw",1,1,255,0,0,1,836.428,1783.686,2672260,2672472,0,2585620,2585620,0,29284,11.671,1772.015,1048576,312380,153eb7c2a9039390e8216526def3fb702ce8fe07d6610494ba192e54e248e0f1
"a0718_silz3t.raw",1,0,255,0,0,1,1130.560,1783.275,2672260,2672472,0,2585620,2585620,0,29284,11.622,1771.653,1048576,312380,bb2f68686eedfddef624cb8bc8f85237551fce4d6f5d1a3dba15efb9a70c546c
"a0719_o8a5oo.raw",1,0,255,0,0,1,838.842,1782.769,2672260,2672472,0,2585620,2585620,0,29284,11.625,1771.144,1048576,312380,2a10b510c20c3a9cd9838a07d7849f1e461ff3f83c9624146c2102f399518548
"a0720_vpddbj.raw",1,0,255,0,0,1,877.031,1785.922,2672280,2672472,0,2585620,2585620,0,29284,11.771,1774.151,1048576,312380,4a4b01dcf28b5836e8d3e069ec4c0560a0a407c2be691320cbf32e032db652c4
"a0721_yefy3d.raw",1,0,255,0,0,1,816.685,1782.736,2672260,2672472,0,2585620,2585620,0,29284,11.639,1771.097,1048576,312380,95b46dee6ce1ea35ece0f1db6d5cac9dbf7c9757ae6d07feccca774a13a00a69
"a0722_hskghr.raw",1,0,255,0,0,1,832.707,1783.317,2672248,2672472,0,2585620,2585620,0,29284,11.567,1771.750,1048576,312380,197dd8a6478f49d600a3fe42398093b0348316ec0b5de7c56478c6eb0f0e8024
"a0723_jwft40.raw",1,29,227,0,0,1,845.797,1783.164,2672260,2672472,0,2585620,2585620,0,29284,11.621,1771.543,1048576,312380,deb990e427b2073bfd1029a328f5e720a2c108d08534dedeeab019a60fb927c8
"a0724_juvbew.raw",1,1,255,0,0,1,1061.481,1785.445,2672260,2672472,0,2585620,2585620,0,29284,11.669,1773.776,1048576,312380,4ac2e51012d2a9f2ebce6f78a5683ad0d50df24211d9c4881fbbc2c30cd924f5
"a0725_wsesl2.raw",1,0,255,0,0,1,1114.430,1784.524,2672472,2672472,0,2585620,2585620,0,29284,11.744,1772.780,1048576,312380,7ce399468581e3c833f16f89b7cfdf56b38d034d48d9f15b9ce4ed32e15b0073
"a0726_dmmulp.raw",1,2,254,0,0,1,708.693,1786.416,2672352,2672472,0,2585620,2585620,0,29284,13.884,1772.532,1048576,312380,8b7247c1d5d00936fbf9b48f43507cfb35df2375275e3df0991c5ac4491454b7
"a0727_cwcuqt.raw",1,0,255,0,0,1,807.147,1785.770,2672472,2672472,0,2585620,2585620,0,29284,11.682,1774.088,1048576,312380,d409a69111665ae6c1732564808f1be4c085d2f350542e1bdb034e57a52630ba
"a0728_ibbstl.raw",1,0,255,0,0,1,763.979,1785.659,2672472,2672472,0,2585620,2585620,0,29284,11.693,1773.966,1048576,312380,8937cd143e5e18d78aeae1384a6e02916d29af3da383656d067f4d36fd36a383
"a0729_nviu2e.raw",1,0,255,0,0,1,872.827,1785.258,2672472,2672472,0,2585620,2585620,0,29284,11.615,1773.643,1048576,312380,e138e098ce3d435de9b36271aeffdad218e7344a5944744a45336cc7761caccb
"a0730_ct28hm.raw",1,0,255,0,0,1,794.768,1786.518,2672472,2672472,0,2585620,2585620,0,29284,12.401,1774.117,1048576,312380,c99632ae2bae9f219dec0cd881539a10ad9c99253c78c58a9060ebe7ef43f8e9
"a0731_akbizi.raw",1,0,255,0,0,1,822.466,1788.212,2672472,2672472,0,2585620,2585620,0,29284,12.032,1776.180,1048576,312380,5d4fca5eca9d583601fcce75a68ce4820701ba95f58c42e4f9d6615319a450ad
"a0732_utvay2.raw",1,0,255,0,0,1,746.579,1788.935,2672472,2672472,0,2585620,2585620,0,29284,12.249,1776.686,1048576,312380,7aafedf7199d2b380971b48ca7725b54e27a33b6e6cce04289eaf6f791f18771
"a0733_wds78g.raw",1,0,255,0,0,1,730.925,1785.578,2672472,2672472,0,2585620,2585620,0,29284,11.695,1773.883,1048576,312380,05cf18a81b0bde58eff84338743c4e186bceb45bc11b72471a42f1b707b8c9bf
"a0734_hbjpa5.raw",1,0,255,0,0,1,763.578,1784.385,2672472,2672472,0,2585620,2585620,0,29284,11.585,1772.800,1048576,312380,49812b2d3beca272512069bdb0638fd4d331086b40a1f1502252da98eea16a73
"a0735_yjrj0n.raw",1,0,255,0,0,1,1344.322,1784.630,2672472,2672472,0,2585620,2585620,0,29284,11.588,1773.042,1048576,312380,860e857bb904a2db309ddc0d8f023c01131d7f405badea0b366431868cc609fa
"a0736_gb3git.raw",1,0,255,0,0,1,1109.339,1788.513,2672472,2672684,0,2585620,2585620,0,29284,13.500,1775.013,1048576,312380,3e94aaa87c91e9d2cb61fb60c3ab4d4e76d3c6f0f397eb04bdb5a0c86998da0e
"a0737_k6v9j7.raw",1,0,255,0,0,1,840.228,1787.556,2672472,2672684,0,2585620,2585620,0,29284,12.631,1774.925,1048576,312380,fb1428fac44c058523bad9de2db7e244a2abf1c159805234ebdd4a2aff265031
"a0738_dwsc1y.raw",1,9,247,0,0,1,817.433,1787.304,2672472,2672684,0,2585620,2585620,0,29284,11.615,1775.689,1048576,312380,f6cec298f08797456df2b6a41b87a5eb4748c87da552c0819d04302e0c49f2a5
"a0739_e3ferw.raw",1,0,255,0,0,1,752.585,1786.074,2670720,2672684,0,2585620,2585620,0,29284,11.929,1774.145,1048576,312380,fc1e8bd2607838cffa4e902c56d670b1b84712abb7883e782f0a8ef13152d05b
"a0740_ahujpt.raw",1,1,255,0,0,1,863.473,1784.369,2672472,2672472,0,2585620,2585620,0,29284,11.607,1772.762,1048576,312380,d8222db079ad52dd3dc1f6ed857a0beec97883f6e302a915c2ad66691759fc7d
"a0741_cq0dq1.raw",1,0,255,0,0,1,806.169,1787.761,2672472,2672472,0,2585620,2585620,0,29284,12.760,1775.001,1048576,312380,7c2b3f940d21e85e098ca83335b62254fdf67338d74e60332ea1bc4502838df2
"a0742_xsh1bu.raw",1,0,255,0,0,1,791.284,1785.567,2672472,2672472,0,2585620,2585620,0,29284,11.660,1773.907,1048576,312380,354185f2366cdce559a88170ac074462eb2afd46f6032de9853803a668e1094e
"a0743_gkqxqs.raw",1,0,255,0,0,1,811.051,1785.541,2672472,2672472,0,2585620,2585620,0,29284,11.987,1773.554,1048576,312380,4ee8c36e87feb10e69ae3f42c539b7e02701039830f17bf2f124c9fbda4f090a
"a0744_lzysbl.raw",1,3,253,0,0,1,704.699,1786.913,2672260,2672472,0,2585620,2585620,0,29284,11.581,1775.332,1048576,312380,5a1da96ddfefbc3e8851e924466617eb79d5545e551aba4e56e13e1ac1fae970
"a0745_f0vhir.raw",1,0,255,0,0,1,763.245,1784.682,2672260,2672472,0,2585620,2585620,0,29284,11.593,1773.089,1048576,312380,ec696bf023d240687c32e9aac6ad80574ae872709fa4562ad99bf45edf599bb8
"a0746_c2yp2x.raw",1,1,255,0,0,1,809.828,1785.034,2672472,2672472,0,2585620,2585620,0,29284,11.587,1773.447,1048576,312380,f5d595d02bacb27be835ee9f5eaf7c0ead7333ffeaeec790b8389bf1bb6e5da8
"a0747_cuo48h.raw",1,0,255,0,0,1,771.080,1784.470,2672472,2672472,0,2585620,2585620,0,29284,11.592,1772.878,1048576,312380,647553aeba472df33aa8575f541875aa3f7de071915671de054a9efc2f7f6703
"a0748_ilgos5.raw",1,0,255,0,0,1,807.704,1784.952,2672260,2672472,0,2585620,2585620,0,29284,11.554,1773.398,1048576,312380,40dec6b4baf7de9ca15647438ca29196d96812917d88a79c6a28def0cd1deebd
"a0749_pwkwof.raw",1,0,255,0,0,1,733.303,1784.721,2672260,2672472,0,2585620,2585620,0,29284,11.578,1773.143,1048576,312380,08232c009e424ef362c3a65536ea7c244cb1899c6c6045a020bbefeb14f2f9d2
"a0750_lhkgrp.raw",1,0,255,0,0,1,780.914,1786.915,2671916,2672472,0,2585620,2585620,0,29284,12.856,1774.059,1048576,312380,10a656c42e59642131621ec11732aace39a825061f8483a558d80e23c0007452
"a0751_kejtsr.raw",1,0,255,0,0,1,776.277,1787.906,2672260,2672472,0,2585620,2585620,0,29284,12.590,1775.316,1048576,312380,1cf79ccd88bdae9f139374af0f0b9c6b11d42def47de1149229ecc44e3c22732
"a0752_osomim.raw",1,0,255,0,0,1,873.195,1783.668,2672260,2672472,0,2585620,2585620,0,29284,11.622,1772.046,1048576,312380,c4f74f70830a6e3fc59b8e273efdd41bf0abbd99672ce11d6b5eff0a0ebe8947
"a0753_uohkaf.raw",1,0,255,0,0,1,1038.257,1785.963,2672472,2672472,0,2585620,2585620,0,29284,11.581,1774.382,1048576,312380,2dc9ee6daf6e80d49dd3e0964231109c242e08c969270f3bfbfd08d9459f81ae
"a0754_elpjrt.raw",1,0,255,0,0,1,1108.768,1788.536,2672348,2672472,0,2585620,2585620,0,29284,13.957,1774.579,1048576,312380,55c11741c3dd9d2a683e86ad5f09b6d4884db0ed2b7084964c4bb51acd9e9f78
"a0755_unt17r.raw",1,0,255,0,0,1,729.515,1786.751,2672472,2672472,0,2585620,2585620,0,29284,12.477,1774.274,1048576,312380,9fcadccb37d02e802bfed49da60815649fc755e2459dcb89ebd0cf137f472399
"a0756_ud9ocf.raw",1,0,255,0,0,1,782.450,1787.358,2672472,2672472,0,2585620,2585620,0,29284,11.781,1775.577,1048576,312380,8819cccf7722b1b6a2c9c82f8615e4727c6ec60701eb22ff872bc52d5ed3e3ff
"a0757_yxnbvd.raw",1,0,255,0,0,1,837.701,1784.865,2672260,2672472,0,2585620,2585620,0,29284,11.836,1773.029,1048576,312380,5124924ada87a1a4a22cad367c6a0f788368bf022c2c775a19d9d22af57bfc3c
"a0758_o6d7rp.raw",1,0,255,0,0,1,784.821,1787.122,2672472,2672472,0,2585620,2585620,0,29284,12.351,1774.771,1048576,312380,c3b88d108b8b968fff25a0a0292b7df5824ad7a822398fad07e26df668c9ad97
"a0759_sxgamc.raw",1,0,255,0,0,1,838.145,1785.883,2672472,2672472,0,2585620,2585620,0,29284,11.875,1774.008,1048576,312380,9d0459ca15065f0eb6954a7422078e630538c365acd9ebf9a6c9bf93ac301655
"a0760_yl14ql.raw",1,0,255,0,0,1,744.911,1784.809,2672472,2672472,0,2585620,2585620,0,29284,11.642,1773.167,1048576,312380,e22535554643170c675be6622e8728172e0279223705a8dff722040d574cfb31
"a0761_dcyfun.raw",1,0,255,0,0,1,889.488,1787.622,2672260,2672472,0,2585620,2585620,0,29284,11.815,1775.807,1048576,312380,8219c00a48468c7088e5bdffeb40fdf0297ff1d06b43eafe110b58cd02692615
"a0762_rza9ov.raw",1,0,255,0,0,1,869.536,1787.181,2672472,2672472,0,2585620,2585620,0,29284,12.721,1774.460,1048576,312380,d9c32f47f859132d3ccea7b426e2104478df09e36d4a60644953272c7d80833c
"a0763_y60ubl.raw",1,0,255,0,0,1,849.979,1785.243,2672260,2672472,0,2585620,2585620,0,29284,11.575,1773.668,1048576,312380,fbc8b1282e918e98b5c8bf406125e12eaff15b9986b0d19370bedf3967c2daf8
"a0764_rgixeu.raw",1,0,255,0,0,1,827.550,1785.023,2672472,2672472,0,2585620,2585620,0,29284,11.847,1773.176,1048576,312380,2a370b6c1a9f0a420eb560cae52a6eaa15b667957fff1129f287c56b0b97d70c
"a0765_xd0bu7.raw",1,0,255,0,0,1,768.959,1784.590,2672472,2672472,0,2585620,2585620,0,29284,11.590,1773.000,1048576,312380,ca9ce69d3c48eabd716caedd517aeac73bcf5c0018a3841e9ab73f5b22771cb7
"a0766_ze9b3f.raw",1,0,255,0,0,1,1034.734,1784.494,2672260,2672472,0,2585620,2585620,0,29284,11.548,1772.946,1048576,312380,4b6f922f3976b295c1814dd0803a8fa86a19fa444802ef5e4732ec6030f99637
"a0767_qwxmbg.raw",1,0,255,0,0,1,837.329,1783.618,2672472,2672472,0,2585620,2585620,0,29284,11.654,1771.964,1048576,312380,b32f1df11b26359830ba2b9aae75f2fe5a669b96d3dfc8ff356ab6c02b33e724
"a0768_jj4gjl.raw",1,0,255,0,0,1,738.974,1784.803,2672472,2672472,0,2585620,2585620,0,29284,11.657,1773.146,1048576,312380,9db04afe114d16eb2cf43fc5a22989756cd47f2912e9a89f69d4fbffdd13622c
"a0769_gitmsy.raw",1,5,251,0,0,1,806.157,1785.140,2672260,2672472,0,2585620,2585620,0,29284,11.667,1773.473,1048576,312380,ca29045df831b1fdc2d54efac0e6b9cacc1a01c097c186a80e811588d2c8de73
"a0770_aexvbp.raw",1,0,255,0,0,1,810.747,1785.405,2672260,2672472,0,2585620,2585620,0,29284,11.703,1773.702,1048576,312380,c0f725c508759de03b1cb5a5798f191dd5619a0fe0f81309d45fec5465f3e2ef
"a0771_upzakb.raw",1,0,255,0,0,1,784.711,1783.577,2672260,2672492,0,2585620,2585620,0,29284,11.578,1771.999,1048576,312380,7513b8bc67765a0f0287a18da2fb907b699757a80e5e7a6888fc17f3e138a234
"a0772_oxud4q.raw",1,0,255,0,0,1,539.961,1785.560,2672472,2672684,0,2585620,2585620,0,29284,11.651,1773.909,1048576,312380,27a2f7bd0eb558fe1ef60fe9aece4b745830b02f155cf1d32d92c13fd17c7720
"a0773_ru9dbg.raw",1,0,255,0,0,1,544.185,1787.436,2672684,2672896,0,2585620,2585620,0,29284,11.718,1775.718,1048576,312380,6c4585bad1b39830fc208b4bb122b6ffa39693288d2b91bea1f6f2dec7cce976
"a0774_nn8hcb.raw",1,0,255,0,0,1,558.727,1790.272,2672568,2673108,0,2585620,2585620,0,29284,14.670,1775.602,1048576,312380,078afc42277a26a097f1f6912f5e9ec9bd0dc35277f67e7402fcd1a21df26395
"a0775_o04m03.raw",1,0,255,0,0,1,499.834,1788.302,2673108,2673320,0,2585620,2585620,0,29284,11.825,1776.477,1048576,312380,b59c030e5bddff54ba251ecbc760cfb98f610a51dc616a0197bd6671a7a0bbc0
"a0776_negbbp.raw",1,0,255,0,0,1,558.321,1790.486,2673320,2673320,0,2585620,2585620,0,29284,12.442,1778.044,1048576,312380,24bafcd65b431561c1f850eaa315ca9f30e2695bc7b72ff44e928ea9a14459eb
"a0777_gqwblp.raw",1,0,255,0,0,1,598.727,1788.058,2673532,2673532,0,2585620,2585620,0,29284,11.720,1776.338,1048576,312380,952eb4ff7f0af02d4d60c3168ccba4ed1391d222478c3990c6c8287dc9c00f79
"a0778_qaafrk.raw",1,0,255,0,0,1,559.280,1788.564,2673416,2673744,0,2585620,2585620,0,29284,13.608,1774.956,1048576,312380,b36cc6db312d3e76396eee7d5940de8e22044e646c7c71bb67e19fe1d75b69dd
"a0779_bptrkt.raw",1,0,255,0,0,1,489.017,1787.543,2673956,2673956,0,2585620,2585620,0,29284,11.820,1775.723,1048576,312380,f754276590786d9c82c334ee4d9ee07cdd787230fb8e50f493edf3e299e3d4a3
"a0780_fz72nw.raw",1,0,255,0,0,1,549.287,1788.436,2673956,2674188,0,2585620,2585620,0,29284,12.681,1775.755,1048576,312380,f32bac776c66defa2bba11dc8491c2591327ab63e02b1ae42e5f21f8cd01feeb
"a0781_t9hi3t.raw",1,0,255,0,0,1,510.724,1789.423,2673840,2674380,0,2585620,2585620,0,29284,13.304,1776.119,1048576,312380,dc733edccf56ee4d43050aeee420a0c1a360e3614996d16e2219d10f13f31950
"a0782_vctoja.raw",1,0,255,0,0,1,518.126,1789.889,2674380,2674592,0,2585620,2585620,0,29284,11.702,1778.187,1048576,312380,2b28c8ba087532ae6db573da2a6ee2d4dc9dd511df3ad98451ed26c0bd0de338
"a0783_xnqnl3.raw",1,0,255,0,0,1,579.925,1786.601,2674264,2674804,0,2585620,2585620,0,29284,11.753,1774.848,1048576,312380,406ed3422556f432ec8a3409f9f459daca89c7940aab593d753deb3e9f7302ef
"a0784_qtsviy.raw",1,0,255,0,0,1,513.121,1786.316,2674804,2674804,0,2585620,2585620,0,29284,11.658,1774.658,1048576,312380,214f30128518a58070091b65f55a4d0c347e32ed701d9c88ff8868756a019f88
"a0785_msdluh.raw",1,0,255,0,0,1,658.490,1787.419,2674464,2675016,0,2585620,2585620,0,29284,13.234,1774.185,1048576,312380,c856644e35722d0ab3acf1179ab894c2a6275b9ded6ecdf59e0f11a02dfd3943
"a0786_h0hyyy.raw",1,0,255,0,0,1,516.142,1787.034,2674900,2675228,0,2585620,2585620,0,29284,11.761,1775.273,1048576,312380,aa2a78657a85a3210382ce78fa54e92aed14b167081c4be787a6494ac77c8437
"a0787_b6d0ky.raw",1,0,255,0,0,1,529.779,1784.638,2675112,2675440,0,2585620,2585620,0,29284,13.804,1770.834,1048576,312380,e1ff0e1cf7abf3d2a4ea4a27fa2c484d705c724c33c0756867343baf63c2d660
"a0788_twesiw.raw",1,0,255,0,0,1,535.269,1787.351,2675112,2675652,0,2585620,2585620,0,29284,11.692,1775.659,1048576,312380,ff6726583e0f5616e232b75adf86883fdb6454803df8c093089703bea0e58fb5
"a0789_gb92pe.raw",1,0,255,0,0,1,938.786,1787.137,2675324,2675884,0,2585620,2585620,0,29284,13.506,1773.631,1048576,312380,e03ce712b7cb862c90feec296634e7ffe32d1bc83a71061c6b04abd4b0c31f67
"a0790_bco4tj.raw",1,0,255,0,0,1,912.743,1786.297,2675864,2676076,0,2585620,2585620,0,29284,11.636,1774.661,1048576,312380,64a7d3c8cf3b96e127f2204cf52b5380b1c8c487a222858bcc6241f2aaaf0fd6
"a0791_wb6o3f.raw",1,0,255,0,0,1,563.470,1789.271,2675748,2676288,0,2585620,2585620,0,29284,13.781,1775.490,1048576,312380,8a53c111df60c3b5864db16bfeab8e1736f76f51656791704cc24083c78ca078
"a0792_pa5pgp.raw",1,0,255,0,0,1,699.820,1783.788,2676288,2676500,0,2585620,2585620,0,29284,11.627,1772.161,1048576,312380,83864ba43379c19a33c84a33a58914e34285e01fc9b05dac71bf3b98e0865dae
"a0793_vd9iof.raw",1,0,255,0,0,1,545.429,1786.676,2676500,2676712,0,2585620,2585620,0,29284,11.678,1774.998,1048576,312380,1f49a90c0265accfcafb268b1618bd36a1bb19e0bcc56b5200bceb12535b28e9
"a0794_k219ra.raw",1,0,255,0,0,1,552.941,1787.904,2676712,2676924,0,2585620,2585620,0,29284,11.930,1775.974,1048576,312380,ea2a858a26f17bab63509f637992b456c8d6dfcc4747538aa0f84b7691a542b9
"a0795_sb6rst.raw",1,0,255,0,0,1,519.147,1787.807,2676924,2677136,0,2585620,2585620,0,29284,11.730,1776.077,1048576,312380,a450621b632065e3994304c2e7cd60f076d21f73868567e89616011a668bd08f
"a0796_xclwib.raw",1,0,255,0,0,1,539.064,1788.031,2677136,2677348,0,2585620,2585620,0,29284,11.887,1776.144,1048576,312380,5735e4e3cd422428d967033f5d9b84b683cd50193890788594fce73ac46cfd2d
"a0797_egxwye.raw",1,0,255,0,0,1,479.468,1785.810,2677348,2677560,0,2585620,2585620,0,29284,11.668,1774.142,1048576,312380,e3211daf7a5428367534664aba739720b0d8a2c095e00f7146dc907b3cebe675
"a0798_kva4rd.raw",1,0,255,0,0,1,543.573,1785.241,2677560,2677580,0,2585620,2585620,0,29284,11.800,1773.441,1048576,312380,39354f5365687ed186cd425073cb216ff0163c401bbc711c6d51fc99917eda58
"a0799_rjx1y5.raw",1,0,255,0,0,1,563.403,1787.600,2677772,2677772,0,2585620,2585620,0,29284,11.690,1775.910,1048576,312380,8fef304f066f7df72d40881aaa44c5fc3f59c2fb4c5fb38bf929464df18f473c
"a0800_tk2jif.raw",1,0,255,0,0,1,532.417,1788.449,2677984,2677984,0,2585620,2585620,0,29284,12.355,1776.094,1048576,312380,4aa33f1693714655a96d4203e958faf08641bcbe51eea663fdac798f37c58f60
"a0801_pmshvh.raw",1,0,255,0,0,1,540.150,1790.543,2677984,2678196,0,2585620,2585620,0,29284,12.680,1777.863,1048576,312380,3920fad6a53caa9eb2391b5e4191383cabdf696e0c2fc48b427c92cd7cc44dc4
"a0802_ekiupc.raw",1,0,255,0,0,1,528.909,1786.550,2678196,2678408,0,2585620,2585620,0,29284,12.024,1774.526,1048576,312380,428657e67d6be237ed63193ebb49b078d584609586d97a9491d0981b77bcb059
"a0803_xfgf45.raw",1,0,255,0,0,1,531.740,1787.940,2678080,2678620,0,2585620,2585620,0,29284,13.323,1774.617,1048576,312380,38cf664f71d649950a8dad85777edca66ae2bba506d287f668cb747d495294d4
"a0804_ooc5vn.raw",1,0,255,0,0,1,639.401,1788.149,2678292,2678832,0,2585620,2585620,0,29284,13.482,1774.667,1048576,312380,4bcf28cfbfd8537a0c3977738eda97bf38e6de0031051dc5cabde1e592957e2c
"a0805_dghslm.raw",1,0,255,0,0,1,588.989,1790.266,2678504,2679044,0,2585620,2585620,0,29284,11.862,1778.404,1048576,312380,0305f3fd532b3a3a516462e80524fecd318a878d36e389337132c080cd21cfcd
"a0806_wum0iu.raw",1,0,255,0,0,1,539.072,1786.445,2679044,2679044,0,2585620,2585620,0,29284,12.732,1773.713,1048576,312380,b0ee2afc8b79fce8bdfa8cfe155f639a65cbad083eae782f6b9d103d314254e5
"a0807_f3pigs.raw",1,0,255,0,0,1,581.854,1791.129,2678920,2679276,0,2585620,2585620,0,29284,13.440,1777.689,1048576,312380,f27defaeb9521804fde46b388ef03cb16c7a7d19cf53dba1bf7f40617eba7536
"a0808_rawpbf.raw",1,0,255,0,0,1,549.177,1787.705,2679468,2679468,0,2585620,2585620,0,29284,11.806,1775.899,1048576,312380,8655b0f9d3e8bf5d672b5fbfc8b0e2f7ba691a6e1868fd3b0b5de4f60c5740f9
"a0809_wfdsgj.raw",1,26,230,0,0,1,529.074,1789.215,2679352,2679680,0,2585620,2585620,0,29284,11.849,1777.366,1048576,312380,d7c771a88bc2024326713a126ee726b6e83d0f9542ba8e596c8035aaa057ac29
"a0810_ewvsfz.raw",1,0,255,0,0,1,528.342,1788.431,2679892,2679892,0,2585620,2585620,0,29284,12.026,1776.405,1048576,312380,05ff97576e72aa8eea97663f7c12ddd3d17f8148e4ba48afdd025e2d0225c025
"a0811_elqoqf.raw",1,0,255,0,0,1,538.684,1788.436,2679892,2680104,0,2585620,2585620,0,29284,12.500,1775.936,1048576,312380,3a4e7f739672473fb87ee72c9cc30589c7d6fa5da7165acc0ea8d560f2b6c824
"a0812_hsg2wa.raw",1,0,255,0,0,1,558.293,1787.287,2680104,2680316,0,2585620,2585620,0,29284,11.643,1775.644,1048576,312380,c4e15ec2935413ebf2ec3b0e42b9a19dcef252bde61144a2f2158270a0aa574d
"a0813_lqjwai.raw",1,0,255,0,0,1,522.419,1786.823,2679988,2680528,0,2585620,2585620,0,29284,11.701,1775.122,1048576,312380,5f9e790560ac0eb6727d79d35b5ad304554ff9e44a0ab36c62d838ecee6d7448
"a0814_nkzdfz.raw",1,0,255,0,0,1,541.984,1786.046,2680200,2680740,0,2585620,2585620,0,29284,13.727,1772.319,1048576,312380,7cdd83aba0b178e548a847eef3187e58bf6b1c755b68a5ee1bfffb4d48047b9c
"a0815_jb7ymq.raw",1,12,244,0,0,1,523.834,1785.959,2680740,2680952,0,2585620,2585620,0,29284,11.739,1774.220,1048576,312380,3a3db36c46e8d3a9bdceecfc80c9c9a6e344818f5f69a53719c12d1419a12f5d
"a0816_o4htwx.raw",1,0,255,0,0,1,523.460,1785.767,2680952,2680972,0,2585620,2585620,0,29284,11.740,1774.027,1048576,312380,beb6f6563326dff54e7778e9427717315f87202d3b1cf8281bea0f117e0f0f4a
"a0817_ocsex0.raw",1,0,255,0,0,1,543.051,1788.120,2680828,2681164,0,2585620,2585620,0,29284,13.401,1774.719,1048576,312380,29853419bcdb3b73453dedad4b5cda6d78f76c7391454fbd37fb48429bd687c5
"a0818_dpor8o.raw",1,0,255,0,0,1,499.366,1789.865,2680836,2681376,0,2585620,2585620,0,29284,11.960,1777.905,1048576,312380,fe0afc65ddd54b02d96bd8fb8f5504f4f9109e18d13cf9d13ac67bd95f24d4b1
"a0819_xuvowc.raw",1,0,255,0,0,1,589.629,1793.237,2681376,2681588,0,2585620,2585620,0,29284,12.037,1781.200,1048576,312380,c115a404b820f15aad6d16d2fcc5a8148d3cd580d38d9ab93c1904b9a1d41d7f
"a0820_paaohf.raw",1,0,255,0,0,1,576.296,1788.621,2681588,2681800,0,2585620,2585620,0,29284,11.637,1776.984,1048576,312380,e47a4d41090f1c0463e799b3b7c372c3bc483c79a87f5dd46799beff971266f1
"a0821_dx76jf.raw",1,0,255,0,0,1,709.109,1784.447,2681800,2682032,0,2585620,2585620,0,29284,11.644,1772.803,1048576,312380,e3079660769bc5d58e4e1f472024e7ceac12c12ca31b3860a0f31c4592771bca
"a0822_hiit6y.raw",1,0,255,0,0,1,700.703,1786.524,2682000,2682032,0,2585620,2585620,0,29284,12.100,1774.424,1048576,312380,00b3d9fcee25832eaa7b3b7256507de45536dc1aac1f95b55fd216b449574090
"a0823_ja8t9a.raw",1,0,255,0,0,1,546.823,1786.196,2681684,2682032,0,2585620,2585620,0,29284,11.712,1774.484,1048576,312380,aef79fae802a68e3a2eefac9710557dbdeff48463c127cc177c4f13ea874e7f0
"a0824_rxppzr.raw",1,0,255,0,0,1,553.379,1785.012,2681684,2682032,0,2585620,2585620,0,29284,11.683,1773.329,1048576,312380,64472a2c032e6a4362cce1d09bf01839ae6956ddf1d65e65d19a648500f83a8a
"a0825_auy9db.raw",1,0,255,0,0,1,623.614,1784.466,2682012,2682052,0,2585620,2585620,0,29284,12.111,1772.355,1048576,312380,af6d034fc93f6cec9ac717548d771fd2f1c3e086060774c81c9e832a4e8547e3
"a0826_qdzqux.raw",1,0,255,0,0,1,584.384,1787.683,2681680,2682032,0,2585620,2585620,0,29284,13.468,1774.215,1048576,312380,12f1a58d5ceb30a3f479f4d069ae02f7b2615811a1b8f1286d6ade4967dbd7b4
"a0827_emcfqn.raw",1,1,255,0,0,1,679.103,1783.898,2682012,2682032,0,2585620,2585620,0,29284,11.649,1772.249,1048576,312380,63617811ca7ead9e4129abf3242a24168a8e561fdb6faee03261ce9445d1672d
"a0828_ct8vho.raw",1,0,255,0,0,1,873.065,1789.496,2681684,2682032,0,2585620,2585620,0,29284,11.672,1777.824,1048576,312380,87eea7e01c6b6f33505fe092d5c3f75c6e97c6bb039a65964429c7dd317153f0
"a0829_wgpf7s.raw",1,0,255,0,0,1,939.938,1786.582,2682012,2682032,0,2585620,2585620,0,29284,11.668,1774.914,1048576,312380,98f9b2c8ef7aabb885f4e59845b6563a96afa88856b3852f68a6e007c9d9ee1b
"a0830_qrkzkk.raw",1,0,255,0,0,1,932.737,1789.731,2681680,2682032,0,2585620,2585620,0,29284,11.682,1778.049,1048576,312380,b8a9b589a3dfbac8aaef314f479dadbdf6eaa69fb1d25d0dbec07cff005f1f47
"a0831_jcvthf.raw",1,1,255,0,0,1,823.847,1785.311,2682012,2682032,0,2585620,2585620,0,29284,11.884,1773.427,1048576,312380,ba9ee898fcf33b33fe6c07f6f196efa945e4454d6e83abc6c6ca733294aa47fa
"a0832_sybcyr.raw",1,0,255,0,0,1,805.259,1786.018,2682012,2682032,0,2585620,2585620,0,29284,11.676,1774.342,1048576,312380,2074fe904a44c8b016c5ee01f8bca46c29ee2a21a24cb02506cd0a43af9b2359
"a0833_dm6xib.raw",1,0,255,0,0,1,856.317,1787.889,2681684,2682052,0,2585620,2585620,0,29284,11.684,1776.205,1048576,312380,a7c6c94997ba1a568e065697ee90bee2bf982bba7f5c4312d666674ca40e55a0
"a0834_p7u54n.raw",1,0,255,0,0,1,823.215,1784.412,2682008,2682032,0,2585620,2585620,0,29284,11.687,1772.725,1048576,312380,242a6e0d658be2166731404b39ca8a25f6b6dd34005034ce39fb6e2b333afedd
"a0835_vantug.raw",1,0,255,0,0,1,843.202,1785.367,2682012,2682032,0,2585620,2585620,0,29284,11.722,1773.645,1048576,312380,a36709bbb02f4aedcd8f0e4c2644f2d23ea0bedf825ad35d6afdd811729bd730
"a0836_mun9q0.raw",1,0,255,0,0,1,854.536,1785.266,2682012,2682032,0,2585620,2585620,0,29284,11.713,1773.553,1048576,312380,29670fa59f2aed9052293d86de11019eb2ac69092451ec1e2dac8118314bf729
"a0837_scdivg.raw",1,0,255,0,0,1,825.622,1784.117,2682012,2682032,0,2585620,2585620,0,29284,12.005,1772.112,1048576,312380,878dbe76e549673e7d7bad68b521ef53e569126b1be9737663013dde2adfcd2a
"a0838_bpbznd.raw",1,0,255,0,0,1,833.170,1783.276,2682012,2682032,0,2585620,2585620,0,29284,11.676,1771.600,1048576,312380,a83e89cfce76044a857f98c4fb313ecb0158e582d6823959473de2ffd2e41afd
"a0839_kbw6wl.raw",1,0,255,0,0,1,755.955,1787.007,2682012,2682032,0,2585620,2585620,0,29284,11.626,1775.381,1048576,312380,992a8984c0c4faecde79ed7a30d879f4c18a6945966588eeca8dd7ce238e6d0c
"a0840_vmqgjq.raw",1,0,255,0,0,1,831.991,1787.032,2682012,2682032,0,2585620,2585620,0,29284,11.930,1775.102,1048576,312380,cd272a024832b282921eca1db10611dca03f32bd7159744a731dd1516edd532f
"a0841_tykaik.raw",1,0,255,0,0,1,1042.284,1784.207,2682012,2682052,0,2585620,2585620,0,29284,11.691,1772.516,1048576,312380,7fd69da3c7ffd4c53d24cca10a5f83fc9c2fa5690ca5853cbde659cddff2ffd0
"a0842_yjt6jg.raw",1,0,255,0,0,1,835.055,1788.015,2682008,2682032,0,2585620,2585620,0,29284,11.692,1776.323,1048576,312380,7e0b13e6a9ce864e5fe33fb5aa971f0f0368f98f07fd71c962482f9d316d34a8
"a0843_sxn9db.raw",1,0,255,0,0,1,941.277,1787.720,2681684,2682032,0,2585620,2585620,0,29284,13.413,1774.307,1048576,312380,b04e2d91bb835065e3e13cfadd10f599b76d99cde9960cc5e4ef26da8fe05ca5
"a0844_orspbr.raw",1,0,255,0,0,1,931.678,1787.725,2681684,2682032,0,2585620,2585620,0,29284,11.699,1776.026,1048576,312380,00d023266f6fa792bd687471edfac554b79b206c55adacd2da6b4e08fe783643
"a0845_t6gxnm.raw",1,0,255,0,0,1,931.622,1783.062,2682012,2682032,0,2585620,2585620,0,29284,11.722,1771.340,1048576,312380,408e271dedd039ed28c3fb05ec38f3c4fcd5d2ffbd4b0a730186a7c89957c0b2
"a0846_bh9gxd.raw",1,0,255,0,0,1,846.262,1786.377,2682012,2682032,0,2585620,2585620,0,29284,11.709,1774.668,1048576,312380,ea2df6e5cf816894b4abbaa0f7b299eda7f92c0edb68a0fd8f4644493256f55d
"a0847_ybdqxw.raw",1,0,255,0,0,1,1142.922,1786.168,2682012,2682032,0,2585620,2585620,0,29284,11.677,1774.491,1048576,312380,46609e377b50a7613d97af559f55be1b3d6d489d81211d26f391fc3215f8012c
"a0848_ncpp26.raw",1,0,255,0,0,1,843.075,1786.041,2682012,2682032,0,2585620,2585620,0,29284,11.691,1774.350,1048576,312380,d35c0a099beb39fab093a7177a9108cca80e3c8620013d372ffc9a9130a84035
"a0849_atsaxb.raw",1,0,255,0,0,1,933.226,1783.890,2682032,2682052,0,2585620,2585620,0,29284,11.686,1772.204,1048576,312380,f8c237b3296de978bb932e4a95f51e456b869f9ab2e895b8f131e462602539cb
"a0850_hxq9qe.raw",1,0,255,0,0,1,935.464,1788.435,2681680,2682032,0,2585620,2585620,0,29284,11.692,1776.743,1048576,312380,b095781e91cdda9821ef22ea9e309957dda91bf7b42da42167138462d4734f5a
"a0851_gyh0is.raw",1,0,255,0,0,1,811.298,1784.303,2682012,2682032,0,2585620,2585620,0,29284,12.013,1772.290,1048576,312380,11ed51d50ed06295dc8586da2fd2c21659b6a2c1af27f623e8501eeafadd60a2
"a0852_t8myv6.raw",1,0,255,0,0,1,854.644,1784.969,2682012,2682032,0,2585620,2585620,0,29284,11.704,1773.265,1048576,312380,b4efe889cc47a67a9adca0bf3180b9ad16f39f0bf7cdde961955f4ab6eb2121e
"a0853_v7iovm.raw",1,0,255,0,0,1,864.391,1788.138,2681684,2682032,0,2585620,2585620,0,29284,12.011,1776.127,1048576,312380,cebb5dab1159f87aee32b0714505da2519b5384a272c505ddd62a2f2893f8233
"a0854_kt4cfx.raw",1,0,255,0,0,1,1011.431,1785.910,2682012,2682032,0,2585620,2585620,0,29284,11.642,1774.268,1048576,312380,1e7d368f489304e1b10a7ad87e5f119aaa8532cfde0dc180721515e26ea01cb6
"a0855_msi9bq.raw",1,0,255,0,0,1,942.531,1785.865,2682012,2682032,0,2585620,2585620,0,29284,11.706,1774.159,1048576,312380,a0fae63ffd35e2d15412584acd51f99ef4517b9563c6b6aed4c77ae4c96a07e5
"a0856_qb3144.raw",1,1,255,0,0,1,933.536,1789.370,2681684,2682032,0,2585620,2585620,0,29284,14.084,1775.286,1048576,312380,dba72ed81222f148c2160a240c56175f44ee70031c8da593443ea6592a64bf28
"a0857_evjxmt.raw",1,0,255,0,0,1,839.936,1787.183,2682032,2682052,0,2585620,2585620,0,29284,11.833,1775.350,1048576,312380,80bdbcf98afda102401fe6785d0509288bd217bdf3e15773f429bd1898ca529b
"a0858_tbkvom.raw",1,0,255,0,0,1,936.434,1788.673,2681680,2682032,0,2585620,2585620,0,29284,13.388,1775.285,1048576,312380,3dfe8da527cc63dedc1362475431bb18d7cf1ca5340b8c8a0a279e36884d22a5
"a0859_xevmvq.raw",1,0,255,0,0,1,908.880,1784.216,2682012,2682032,0,2585620,2585620,0,29284,11.887,1772.329,1048576,312380,6e61e582b390face7cd1e279c519872255e76c4ab25a473b4dab81a9cec2e6b3
"a0860_ypkcpl.raw",1,0,255,0,0,1,962.601,1787.345,2681684,2682032,0,2585620,2585620,0,29284,13.465,1773.880,1048576,312380,af6ad569152837e3162221f9facb34b3cd96d6f7d0e9d40294e07fb8b7c413f3
"a0861_to1dkl.raw",1,0,255,0,0,1,936.104,1786.836,2682012,2682032,0,2585620,2585620,0,29284,11.678,1775.158,1048576,312380,83adade61e78db446b81a50dda77d573ad0f6d90004884a6ded3a4c3bd956ac7
"a0862_vjnuox.raw",1,0,255,0,0,1,936.364,1787.521,2682012,2682032,0,2585620,2585620,0,29284,12.291,1775.230,1048576,312380,71e83957706380d49b209760d11a292dbc048a79f2e17e138b4697cefdfebcd9
"a0863_t6og9h.raw",1,0,255,0,0,1,812.269,1783.768,2682012,2682032,0,2585620,2585620,0,29284,11.659,1772.109,1048576,312380,91269eab43d9f364182fa9d1aee9a87aa92442b77e7da8c6a94d4fbb064204b1
"a0864_jo5rr4.raw",1,0,255,0,0,1,760.180,1788.419,2681684,2682032,0,2585620,2585620,0,29284,13.458,1774.961,1048576,312380,c71c3f8ebd4ba5b6e00bc58544cbaa4c7e51338bf41fba04ecd87d0454cdf055
"a0865_p2e5xc.raw",1,0,255,0,0,1,1136.031,1785.888,2682032,2682052,0,2585620,2585620,0,29284,11.679,1774.209,1048576,312380,d5c07f3114ff169957552ec283e398056e648b3d11968feaac18093b5fdf5e1e
"a0866_csdd84.raw",1,0,255,0,0,1,833.395,1786.833,2682008,2682032,0,2585620,2585620,0,29284,11.698,1775.135,1048576,312380,064f00e9852b5e52fbdcf0bbef9fd16dbaeb473ef727ecd7b020d78e73559b2b
"a0867_yuoqce.raw",1,0,255,0,0,1,946.259,1785.949,2682012,2682032,0,2585620,2585620,0,29284,11.709,1774.240,1048576,312380,fffffca5955e2420f30985d004f4263badfc7068078fbd236a97069241b7f0a0
"a0868_meddym.raw",1,0,255,0,0,1,809.959,1785.554,2681684,2682032,0,2585620,2585620,0,29284,11.678,1773.876,1048576,312380,fa14c20b56984be90126d8078cefd73dbd5a2641dc7f4ca09839007869e680ab
"a0869_mengeh.raw",1,0,255,0,0,1,835.595,1783.904,2682012,2682032,0,2585620,2585620,0,29284,11.639,1772.265,1048576,312380,ae38fdbeff86f692b8e69f1737cfef74ae97f646c352fd580b1db05f3347c495
"a0870_lr9loo.raw",1,0,255,0,0,1,843.741,1785.924,2681684,2682032,0,2585620,2585620,0,29284,13.688,1772.236,1048576,312380,25bc88efba81fe3050a3a04f5d6f3d0df4a4a46bb567059eec98781b0bbd9d2d
"a0871_g1yqnr.raw",1,0,255,0,0,1,838.698,1786.373,2682012,2682032,0,2585620,2585620,0,29284,11.710,1774.663,1048576,312380,1bb47d2d39e833c669b38734a2fa4d1dda0cb40703a6397d3291bbd03f0be82b
"a0872_cwd26g.raw",1,0,255,0,0,1,827.975,1786.764,2681684,2682032,0,2585620,2585620,0,29284,13.680,1773.084,1048576,312380,9ac6819e3ffbf6932ed72ac00cb24f5427d6f335c571b41c438ef6a0dcb2dd5a
"a0873_n7uczw.raw",1,0,255,0,0,1,962.180,1786.089,2682012,2682052,0,2585620,2585620,0,29284,11.710,1774.379,1048576,312380,8ccd2badac7106b8b9596388254ff755c0c3b3da4c6102028e0e448ffa457b8a
"a0874_atkpzx.raw",1,0,255,0,0,1,933.280,1787.345,2681680,2682032,0,2585620,2585620,0,29284,13.473,1773.872,1048576,312380,db8fc83ac46b5ddb5c0af79a5cfa74674d86b6a5b9237e3272705eeeca94db8d
"a0875_tzaliv.raw",1,0,255,0,0,1,931.985,1785.520,2682012,2682032,0,2585620,2585620,0,29284,11.667,1773.853,1048576,312380,83a5bc111a007b6a04b49515631b1d1437c1818da7eb9b163078fcbb06f95a17
"a0876_cjzvjc.raw",1,0,255,0,0,1,824.295,1785.302,2682012,2682032,0,2585620,2585620,0,29284,11.686,1773.616,1048576,312380,4270c910fd7aeead9eeaf6d4843ebb27be2320cf048e3876015d5281f16a1619
"a0877_y9gzac.raw",1,0,255,0,0,1,853.670,1787.096,2681684,2682032,0,2585620,2585620,0,29284,11.640,1775.456,1048576,312380,65616d111806dc3ac699d41efdde70dd1a257b58841a40ae67d5e8aa587bc580
"a0878_dlogyd.raw",1,0,255,0,0,1,836.367,1788.266,2681684,2682032,0,2585620,2585620,0,29284,13.251,1775.015,1048576,312380,cb0caa855300e3990b84091983a104a5bd2eae712dca9b15699d2e2c6e9d22a2
"a0879_myemcq.raw",1,0,255,0,0,1,1037.047,1786.648,2682012,2682032,0,2585620,2585620,0,29284,11.701,1774.947,1048576,312380,1bf4772b1084f0ec12e8b3483b7d7a8ae68281856bd14085d5e90e3f9e0d4b81
"a0880_cfnnmp.raw",1,0,255,0,0,1,832.618,1788.301,2681680,2682032,0,2585620,2585620,0,29284,11.676,1776.625,1048576,312380,25d9ab82b4685d0825ba756c49512e423096f9550fcbb29152aef84a31d7938b
"a0881_ljtvq1.raw",1,0,255,0,0,1,1021.448,1784.728,2682032,2682052,0,2585620,2585620,0,29284,12.000,1772.728,1048576,312380,7d4978cfc0e1817f1e4db1637c815a3f895d5fbb91fb3ab9dbd00633458f01a2
"a0882_a84tnc.raw",1,0,255,0,0,1,895.611,1784.945,2681796,2681792,4,2585620,2585620,0,29284,12.433,1772.512,1048576,312380,3c36b5f70fe8cd65ff99a35b963ef6ce61af3f9ae42644d6d839af5d991b9697
"a0883_pmjcjh.raw",1,0,255,0,0,1,875.415,1782.435,2681580,2681588,0,2585620,2585620,0,29284,11.636,1770.799,1048576,312380,34ff51db90e1f47bb7a996ba0f27d821dacdd4cca97cfd2d0ae605c9ef1bd398
"a0884_gfbw71.raw",1,0,255,0,0,1,861.279,1783.453,2681376,2681376,0,2585620,2585620,0,29284,11.565,1771.888,1048576,312380,70a781459f4279b53c652abfa90553607a1c26eab4a67f03ff49bdd100a573a4
"a0885_fhifeg.raw",1,0,255,0,0,1,696.684,1782.688,2681164,2681164,0,2585620,2585620,0,29284,11.642,1771.046,1048576,312380,5a86e6a535d3fb2839223aaecca4628bdf2691877bfa7afd1ee29cd83c5c54b8
"a0886_rdx8hw.raw",1,0,255,0,0,1,805.391,1785.508,2680952,2680952,0,2585620,2585620,0,29284,12.001,1773.507,1048576,312380,1c373c086a4e635bd7a03c7fb7e503c91f36372a4e3affd6b97b2e468c37d7b1
"a0887_ugr4tq.raw",1,0,255,0,0,1,768.773,1783.808,2680740,2680740,0,2585620,2585620,0,29284,11.548,1772.260,1048576,312380,54b58b671db63b1bd52af234d69ecc8608e3b82dcbfc7d6e50005ba30dbb1792
"a0888_dddc2r.raw",1,0,255,0,0,1,846.093,1782.440,2680528,2680528,0,2585620,2585620,0,29284,11.607,1770.833,1048576,312380,061acad059b00d38ff5ac93bc04d20d8b93bfdd5901e5909b194d8c7b8c0123e
"a0889_p7edum.raw",1,33,223,0,0,1,1066.473,1782.855,2680316,2680316,0,2585620,2585620,0,29284,11.639,1771.216,1048576,312380,4f750f14a6be0644e192f530f75a83515840c38f244eadb86bece6a6dc33e94f
"a0890_nsgjou.raw",1,0,255,0,0,1,826.356,1782.619,2680104,2680104,0,2585620,2585620,0,29284,11.749,1770.870,1048576,312380,7cb8bef867605b5ec72d0eafb7ea76b4cc5b0997262c4a3c6a733b4326a64061
"a0891_xrxbn8.raw",1,0,255,0,0,1,837.400,1784.924,2679892,2679892,0,2585620,2585620,0,29284,11.541,1773.383,1048576,312380,ae174d34d2e07f9d0bd108aa0b1e117025166c55604160d742d558e64324d294
"a0892_trop1o.raw",1,0,255,0,0,1,840.801,1782.217,2679680,2679680,0,2585620,2585620,0,29284,11.650,1770.567,1048576,312380,d7dab6f6cf7911de414c847b24edde6b0b6b1a482b7856133cfddb215e46f86f
"a0893_pidjvq.raw",1,0,255,0,0,1,819.183,1782.723,2679468,2679468,0,2585620,2585620,0,29284,11.620,1771.103,1048576,312380,26a0804ceaf6d6fe862cc5181ba8c71dc9cc9e1704f169f38f2b3bdc67f5c5af
"a0894_xkszfb.raw",1,0,255,0,0,1,831.836,1784.264,2679256,2679256,0,2585620,2585620,0,29284,11.630,1772.634,1048576,312380,88ade5490e0a1937e3b55c199c44a6c659aee2bc72786dc35acac2636e4cb5b8
"a0895_fqwgdf.raw",1,65,191,0,0,1,719.324,1784.874,2679044,2679044,0,2585620,2585620,0,29284,12.334,1772.540,1048576,312380,efe7debe58a47ab16ae4a51abce48d35b3c9e0e882c7b2eab4df5aae1e5909e0
"a0896_itt8b0.raw",1,5,251,0,0,1,1149.462,1783.781,2678832,2678832,0,2585620,2585620,0,29284,11.923,1771.858,1048576,312380,994b63842ba0d8090e37bb2cb4cc64afa0faba690029e3520ff77beffa0ba89f
"a0897_m8645c.raw",1,2,254,0,0,1,774.334,1782.672,2678620,2678620,0,2585620,2585620,0,29284,11.533,1771.139,1048576,312380,373b5bac633eefa6120002d1644b796c6a3910d9ce0df1b44e813858fa9c4fd1
"a0898_rzwgnv.raw",1,151,105,1,0,0,1156.742,1784.902,2678408,2678408,0,2585620,2585620,0,29284,11.652,1773.250,1048576,312380,73ace1bce429103ad04adbfd1b8889c39aa53e4c8a4f8b6233fec9438e810602
"a0899_quzq7p.raw",1,1,255,0,0,1,842.264,1785.550,2678080,2678196,0,2585620,2585620,0,29284,13.478,1772.072,1048576,312380,7a18bcf76b1c9ad7e4aaaebb2f7470469322298d16429340a2911111333c4713
"a0900_iabglw.raw",1,2,254,0,0,1,861.663,1784.401,2677984,2677984,0,2585620,2585620,0,29284,11.682,1772.719,1048576,312380,d2450de7d8cc3c303b88ce7883846d3ee0cbe87f8781691d7dc8d72b75eb7023
"a0901_ilsl9y.raw",1,0,255,0,0,1,828.359,1784.767,2677772,2677772,0,2585620,2585620,0,29284,11.936,1772.831,1048576,312380,c00171c3b68f1a96163903e652c3b55cf22d0c9005177f2ecb54bd0f06a692e5
"a0902_rembu7.raw",1,0,255,0,0,1,796.928,1784.086,2677444,2677560,0,2585620,2585620,0,29284,13.274,1770.812,1048576,312380,3f991887dd0c5432dcfb231fd46b0bdc10699b74464a44ee67d22c99a3b53372
"a0903_m8c2rs.raw",1,3,253,0,0,1,802.535,1786.561,2677232,2677348,0,2585620,2585620,0,29284,13.954,1772.607,1048576,312380,36babf92301cdc036f076f723bd236b4a44ec16f10478e04f89477c3d15d1332
"a0904_uvav8u.raw",1,0,255,0,0,1,735.269,1784.561,2677136,2677136,0,2585620,2585620,0,29284,12.160,1772.401,1048576,312380,0a8b557c7b6fa500603da6b4e14440c793332649e24ababf3b3f7414f6e808b8
"a0905_qf09nh.raw",1,0,255,0,0,1,846.002,1786.281,2676808,2676924,0,2585620,2585620,0,29284,13.250,1773.031,1048576,312380,98a68921093a762e670abf8c9a5a896d1bbfc7d9b2942f40d51f0861ed6048f1
"a0906_vfzxgn.raw",1,0,255,0,0,1,708.746,1784.736,2676712,2676712,0,2585620,2585620,0,29284,12.137,1772.599,1048576,312380,81a96eef097c1495c288937a42c8ba364f9256c0252c38853261bf86fe20fa6b
"a0907_gtspia.raw",1,0,255,0,0,1,912.928,1786.243,2676384,2676500,0,2585620,2585620,0,29284,13.247,1772.996,1048576,312380,ee5177c1a53cdd7508b613e751bf54686d7b9444bc7fdc55792dac727049ff82
"a0908_zsoqqj.raw",1,0,255,0,0,1,712.905,1782.221,2676288,2676288,0,2585620,2585620,0,29284,11.663,1770.558,1048576,312380,3aaed876e67d69337192b14db0e4cec2cc065db27b012a33ae9ef4f6d4cffe26
"a0909_abdxqi.raw",1,0,255,0,0,1,734.656,1783.498,2676076,2676076,0,2585620,2585620,0,29284,11.629,1771.869,1048576,312380,0511182fc8c88f42353bd39204ea5ef07b3f1131903465ce5bcf81204938e57b
"a0910_wmnbxs.raw",1,0,255,0,0,1,816.494,1783.124,2675864,2675864,0,2585620,2585620,0,29284,11.647,1771.477,1048576,312380,22ff29179c9280d8d1b9eff1e842b088c49550cd7fe73e16cce5851fd4419343
"a0911_qhshgz.raw",1,0,255,0,0,1,847.159,1782.840,2675652,2675652,0,2585620,2585620,0,29284,11.575,1771.265,1048576,312380,0a091fe79f57b69d99041b3c2199034968579c9373889dc3ac5f49af4542370d
"a0912_hsoiv1.raw",1,0,255,0,0,1,756.032,1782.658,2675440,2675440,0,2585620,2585620,0,29284,11.580,1771.078,1048576,312380,ae5e815305924acda3951af428f3688efcf83f39f9fdc554b274fb8d0fbe3970
"a0913_zdvegf.raw",1,0,255,0,0,1,740.892,1781.999,2675228,2675228,0,2585620,2585620,0,29284,11.662,1770.337,1048576,312380,13cf1079cfc2110b091e4e299771b019916fee046a2a3a61e3d9545dabff40c0
"a0914_fw1mbt.raw",1,0,255,0,0,1,804.335,1782.810,2675016,2675016,0,2585620,2585620,0,29284,11.573,1771.237,1048576,312380,b46cbcf4362f0803741268a498422dc9d13b755bd0051080dc4be284e46f00f1
"a0915_onsav3.raw",1,0,255,0,0,1,861.912,1782.538,2674804,2674804,0,2585620,2585620,0,29284,11.622,1770.916,1048576,312380,4e3cc623eb8790bf6274f87473ca72fc7ae03e65e0f75d7fa5c7f25ad274dd0f
"a0916_vzortr.raw",1,0,255,0,0,1,777.397,1784.002,2674592,2674592,0,2585620,2585620,0,29284,11.529,1772.473,1048576,312380,b5280b091c198b78a30fc431efc890222e76eac9378755adaabf38aee32545c5
"a0917_rimnro.raw",1,0,255,0,0,1,1069.469,1785.506,2674380,2674380,0,2585620,2585620,0,29284,12.392,1773.114,1048576,312380,dad4397542e670571a830b7e65fc81f11053cf613275d90c87eda586368a776e
"a0918_let3nb.raw",1,0,255,0,0,1,852.959,1782.484,2674168,2674168,0,2585620,2585620,0,29284,11.569,1770.915,1048576,312380,bff3d225421928a0cd8954186944d5032efe42cdada53a3fc4a55f4ba68a5266
"a0919_thhrs9.raw",1,0,255,0,0,1,1674.471,1784.419,2673956,2673956,0,2585620,2585620,0,29284,11.583,1772.836,1048576,312380,0425c530e584ad175727f57deb273e7fb767db29a6e02d0933bdd77493ca8ff9
"a0920_tzu4or.raw",1,0,255,0,0,1,827.866,1785.106,2673744,2673744,0,2585620,2585620,0,29284,11.566,1773.540,1048576,312380,40456b0b044b9a9de8843c6e7cc0abd815bec922e6df860743731bb95f5f4dfc
"a0921_xwl2m2.raw",1,1,255,0,0,1,842.432,1783.911,2673416,2673532,0,2585620,2585620,0,29284,13.204,1770.707,1048576,312380,1aefe9f81b382f9be27cd29f01342227f77ed09120c9a7874122a88bb8d14260
"a0922_ptnhyf.raw",1,0,255,0,0,1,885.808,1784.846,2673320,2673320,0,2585620,2585620,0,29284,12.136,1772.710,1048576,312380,993fb51284a3caa03f3638a2275e326dc5c663756900c6037b0eee9211c90a82
"a0923_zhqnfa.raw",1,0,255,0,0,1,772.439,1782.697,2673108,2673108,0,2585620,2585620,0,29284,11.626,1771.071,1048576,312380,04ec7e96d915f01b5788256e37001e221886269daabffec1d6099f5c15f6253c
"a0924_yrvcde.raw",1,0,255,0,0,1,1051.550,1783.922,2672896,2672896,0,2585620,2585620,0,29284,11.620,1772.302,1048576,312380,8be64cb6aa4cfc4e4cc947f82ce5f9c94009151107f231b29aac60ef130fc479
"a0925_jojxoz.raw",1,0,255,0,0,1,1416.813,1785.164,2672684,2672684,0,2585620,2585620,0,29284,12.744,1772.420,1048576,312380,1a89ed7a91eece3f5a8fb0e42581d19a73f9f284508dc9c6bfe58aa5ecb96e88
"a0926_s5fqda.raw",1,3,253,0,0,1,850.884,1783.812,2672472,2672684,0,2585620,2585620,0,29284,11.869,1771.943,1048576,312380,4bcd40382d2c25aed29fb9a36f06c426939f590b24349b0aba72a386e348d089
"a0927_agxdjn.raw",1,0,255,0,0,1,1058.821,1782.829,2672472,2672684,0,2585620,2585620,0,29284,11.592,1771.237,1048576,312380,fe0e2b33fdee34874903160208b9426997bfe68df1c2f996c4db003805a78c12
"a0928_nxwt0j.raw",1,0,255,0,0,1,728.876,1782.780,2672472,2672684,0,2585620,2585620,0,29284,11.829,1770.951,1048576,312380,705f3eab6a2454a86345a7635003f43049faadca3099f53d9bb2f3cddc601609
"a0929_insdo7.raw",1,0,255,0,0,1,892.154,1786.353,2672344,2672684,0,2585620,2585620,0,29284,13.564,1772.789,1048576,312380,7add8ef11e110051515448fbfa288f4ecf29ec2a4bda455cfd59c4b4bef604eb
"a0930_nstgfg.raw",1,0,255,0,0,1,826.527,1794.777,2672472,2672684,0,2585620,2585620,0,29284,11.768,1783.009,1048576,312380,2ccde73818b80fc13110048b50fa40ba607ae16d1f6396db9086e4ba35994a7c
"a0931_cvujv4.raw",1,0,255,0,0,1,775.456,1787.583,2672472,2672684,0,2585620,2585620,0,29284,12.074,1775.509,1048576,312380,0e32865e068af23f7db789acffc99b304d2f3ad9beceb4eab9bbb88be5896ad2
"a0932_qenein.raw",1,0,255,0,0,1,852.663,1784.287,2672472,2672684,0,2585620,2585620,0,29284,11.590,1772.697,1048576,312380,04893d53a9e46bfa29fa0239db639864b9f413a40bddd0136b62c091cc417909
"a0933_ddzhlj.raw",1,0,255,0,0,1,874.122,1784.782,2672472,2672684,0,2585620,2585620,0,29284,11.650,1773.132,1048576,312380,41644077af723868f1f6a1831b3d483f3b071921bb329197f91926b0ce443323
"a0934_h9y6jq.raw",1,0,255,0,0,1,801.342,1783.234,2672472,2672684,0,2585620,2585620,0,29284,11.569,1771.665,1048576,312380,0ac1e20e3a21904396739c83bbc38b45a21f9c89647bf05ed8b3529cc2e29ab5
"a0935_wkfaia.raw",1,0,255,0,0,1,720.890,1783.875,2672472,2672684,0,2585620,2585620,0,29284,11.752,1772.123,1048576,312380,e2c512e8c7377c9ac0d14618098e59a99e3830efa996670682bc722256099acb
"a0936_bokibz.raw",1,0,255,0,0,1,847.315,1783.666,2672472,2672684,0,2585620,2585620,0,29284,11.630,1772.036,1048576,312380,8f7555e32bf60c22cbf6ab332ea02178b07fed152ad6572daf27a4ab8d49c341
"a0937_q2grnt.raw",1,0,255,0,0,1,851.473,1783.171,2672472,2672684,0,2585620,2585620,0,29284,11.599,1771.572,1048576,312380,1e1040f056838431c7552e72a442b2a978fd9739605502852c9282c20766c8b1
"a0938_zlqrwc.raw",1,4,252,0,0,1,723.378,1784.219,2672472,2672684,0,2585620,2585620,0,29284,11.618,1772.601,1048576,312380,ee1e3e8a83213a9ea661132bef33ada99737df002673288e50c3392593aca32a
"a0939_gnzseb.raw",1,0,255,0,0,1,735.516,1785.802,2672472,2672684,0,2585620,2585620,0,29284,11.623,1774.179,1048576,312380,69acd929a48de3b767e5e93f364fffc3d0b60d7fbe7c85fb9ed7947df2ffe71f
"a0940_cedhge.raw",1,0,255,0,0,1,1061.691,1783.147,2672472,2672684,0,2585620,2585620,0,29284,11.674,1771.473,1048576,312380,867dc0c2d888283d32a44c942b8c77bfb1ab8551bf7cdb555e36338f515f2dae
"a0941_p7wolj.raw",1,0,255,0,0,1,831.852,1783.066,2672472,2672684,0,2585620,2585620,0,29284,11.613,1771.453,1048576,312380,b5800cbc77a8dc2679664c3442fcb69ea8957f7067336404a55210b75b4af4ed
"a0942_nrr0yn.raw",1,9,247,0,0,1,1014.496,1786.410,2672472,2672684,0,2585620,2585620,0,29284,12.016,1774.394,1048576,312380,116a996a003bb7be78356cfaf05354967a5753a184ac6d49fabc1a1f5655bc56
"a0943_z4hnpo.raw",1,0,255,0,0,1,765.017,1782.323,2672472,2672684,0,2585620,2585620,0,29284,11.607,1770.716,1048576,312380,54a1f9dea058656237c1245f818521bb9de218701074fea3efc0953827083b11
"a0944_v7qrn1.raw",1,0,255,0,0,1,837.803,1783.225,2672472,2672472,0,2585620,2585620,0,29284,11.743,1771.482,1048576,312380,4434dba803de0912588c825002654d42f92afc26f6a517ff4c0d562e66d31320
"a0945_doysg3.raw",1,1,255,0,0,1,707.844,1785.045,2672472,2672472,0,2585620,2585620,0,29284,11.577,1773.468,1048576,312380,6a36a7b98285d5f077ba6cebddd56c4379c4aa20056bbdaf1ba8eb027c90724b
"a0946_urjknv.raw",1,0,255,0,0,1,763.371,1783.849,2672472,2672472,0,2585620,2585620,0,29284,11.569,1772.280,1048576,312380,c1f49894ab2d3318c878a8ad2334eeff2459ff8740796f5c0baad0e7cbc5d75e
"a0947_wlc3jr.raw",1,0,255,0,0,1,717.043,1783.664,2672472,2672472,0,2585620,2585620,0,29284,11.586,1772.078,1048576,312380,50be5f3937de0ae41b6ec1598b543bf407813ad0ae4582f86ffa0264c8585141
"a0948_f1hper.raw",1,0,255,0,0,1,831.965,1784.220,2672472,2672472,0,2585620,2585620,0,29284,11.630,1772.590,1048576,312380,485dc7dd993cfb2610fe87b0c2389bc21fefcd068df7e1b627916377e6162a4f
"a0949_qlz4h3.raw",1,0,255,0,0,1,868.156,1782.748,2672472,2672472,0,2585620,2585620,0,29284,11.614,1771.134,1048576,312380,41a375dbcfecac5ae640b9d91cd2f3b2c24f632e826f3e7ba874c59ee984745e
"a0950_xtmcwu.raw",1,0,255,0,0,1,1134.175,1783.838,2672472,2672684,0,2585620,2585620,0,29284,11.754,1772.084,1048576,312380,b0cddceac42185f02655af3b582862e00788e00d67934d67641191ba91d2d8f9
"a0951_xcmxlj.raw",1,0,255,0,0,1,752.827,1782.495,2672472,2672684,0,2585620,2585620,0,29284,11.567,1770.928,1048576,312380,857e7bf43ce9a7c2aa6af87f7abe321291d4ec11f9ddfac89b7d8f8b87b16afc
"a0952_oip6ep.raw",1,0,255,0,0,1,998.548,1784.769,2672472,2672684,0,2585620,2585620,0,29284,12.258,1772.511,1048576,312380,fba4d20a1ce57a44e1ac85cf5f0c706dffcf8fc2ab478e1819a5dd04a2bb3f04
"a0953_eolxuo.raw",1,0,255,0,0,1,842.908,1785.782,2672472,2672684,0,2585620,2585620,0,29284,12.235,1773.547,1048576,312380,53f647c69d03d6cdd2828eeeae82f2b61e429c1bf4cadba37515e0825a46e1fc
"a0954_oxhbh8.raw",1,0,255,0,0,1,833.658,1785.297,2672472,2672684,0,2585620,2585620,0,29284,12.414,1772.883,1048576,312380,46db4e0e5ab9ceb286608ee4bfc26eb7ec4348ce541ad5dca9942aac3bdd42eb
"a0955_qbygdh.raw",1,0,255,0,0,1,749.273,1783.718,2672472,2672684,0,2585620,2585620,0,29284,12.307,1771.411,1048576,312380,6abd07dae290c21123388df8df2fa61404be25a60f690141d4627cbc638f6a21
"a0956_aeym4u.raw",1,0,255,0,0,1,754.637,1783.887,2672472,2672684,0,2585620,2585620,0,29284,11.584,1772.303,1048576,312380,774da8cf3badbc80f4e787b667710eae7f8c2e32a12cc045a09f36d73f5b7133
"a0957_z4pde7.raw",1,0,255,0,0,1,716.408,1784.311,2672472,2672684,0,2585620,2585620,0,29284,11.642,1772.669,1048576,312380,8d661b70a8a3c2f40f1109896ba7fed7905beb4546b7967c18b39063780bd7b1
"a0958_huwfsz.raw",1,8,248,0,0,1,737.426,1783.111,2672472,2672684,0,2585620,2585620,0,29284,11.621,1771.490,1048576,312380,7e10af3a45a9c2eb82556d4f94ad5ed14efb729edb22b368d5efdd636d936fb5
"a0959_cbmjkb.raw",1,21,235,0,0,1,854.190,1783.103,2672472,2672684,0,2585620,2585620,0,29284,11.607,1771.496,1048576,312380,70abde2355558801a5df4eb9c6dd637dfc08f71d3c86bbe25e202e90b170e315
"a0960_vvgfi8.raw",1,2,254,0,0,1,1048.480,1783.388,2672492,2672684,0,2585620,2585620,0,29284,11.682,1771.706,1048576,312380,259092496b79ce6a1668f60ba45006fc774aca6c9413dba8a8a38dee578ca511
"a0961_tarbfe.raw",1,0,255,0,0,1,722.666,1783.733,2672472,2672684,0,2585620,2585620,0,29284,11.665,1772.068,1048576,312380,f523147a07d1207f55e7ff3c4b374d54a4c50381f9f40ee094a47fe4ff603435
"a0962_hum61t.raw",1,2,254,0,0,1,838.196,1784.047,2672472,2672472,0,2585620,2585620,0,29284,11.690,1772.357,1048576,312380,46ff559bc919b96302b6e930fa68693ca9acac5f0dcc53650e36c47bde14d997
"a0963_wz8emn.raw",1,9,247,0,0,1,735.302,1783.861,2672472,2672472,0,2585620,2585620,0,29284,11.796,1772.065,1048576,312380,cdec23a20dc029ed86145fdbf74580c043d93604147272ba50ca373a1ea18944
"a0964_canail.raw",1,19,237,0,0,1,950.492,1783.362,2672472,2672472,0,2585620,2585620,0,29284,11.647,1771.715,1048576,312380,4252d47013a3c58a13f12761a65ada5e1d18bf1a35e1c7434cf55637b8026790
"a0965_jc384x.raw",1,24,232,0,0,1,822.103,1785.857,2672472,2672472,0,2585620,2585620,0,29284,11.667,1774.190,1048576,312380,83665a43b786de50d34877b67f5f19a0dde2cbb02978b9e1198c574afaa6381b
"a0966_yn5vst.raw",1,158,98,1,0,0,860.358,1783.498,2672472,2672472,0,2585620,2585620,0,29284,11.636,1771.862,1048576,312380,48c7947299ec4bf08f24528d9a786b0def860a45bc44d3a9c8951b4212b9a576
"a0967_gxvuny.raw",1,179,77,1,0,0,749.289,1783.569,2672260,2672456,0,2585620,2585620,0,29284,11.630,1771.939,1048576,312380,741af8d71f9f09dbbc8d1750efdb6c66ebea74cb92d38e4c8e5e780c8d80a3a9
"a0968_g3zqqc.raw",1,128,128,-1,0,0,840.282,1784.564,2672472,2672472,0,2585620,2585620,0,29284,11.603,1772.961,1048576,312380,6310f57512d16b6ca1a154c8a425687f9738576be564e32223c23a5f5ab957fc
"a0969_o4uupq.raw",1,0,255,0,0,1,776.856,1785.705,2672260,2672472,0,2585620,2585620,0,29284,12.423,1773.282,1048576,312380,04554bc4c582b84cb58d9530bbcc83aaa16b1a56d4c82ce3dc605bb1f1ae1173
"a0970_dnatzm.raw",1,0,255,0,0,1,775.548,1783.129,2672260,2672472,0,2585620,2585620,0,29284,11.591,1771.538,1048576,312380,c8471357b8e3c0821f6ad2a603f963f7454394351b464fae580e4c8422444daa
"a0971_nweobd.raw",1,0,255,0,0,1,816.673,1783.098,2672260,2672472,0,2585620,2585620,0,29284,11.804,1771.294,1048576,312380,d4a7386460fc38f9113bd1b604f3af2352106f8b09cd0912f1eafda63d0ed16f
"a0972_k39yu4.raw",1,0,255,0,0,1,823.467,1785.437,2672260,2672472,0,2585620,2585620,0,29284,12.049,1773.388,1048576,312380,b2f6acd40e3548d5ee65fe6b95150a9f52b42276f01aa16ab49294a3ac8116e9
"a0973_nofz6m.raw",1,5,251,0,0,1,791.854,1785.000,2672260,2672472,0,2585620,2585620,0,29284,11.668,1773.332,1048576,312380,7020f2edd5ede318812c5bad5b63353515e6ce406a7650084ffc308c4d474280
"a0974_rysqbw.raw",1,0,255,0,0,1,919.800,1782.399,2672260,2672472,0,2585620,2585620,0,29284,11.685,1770.714,1048576,312380,be6d33a805f92877986afbc756487fc8c1b5679c05078a76687c6b28c67c6132
"a0975_qf9j0w.raw",1,0,255,0,0,1,719.705,1783.989,2672260,2672472,0,2585620,2585620,0,29284,12.056,1771.933,1048576,312380,779f5b7fb2c7bdf896daf4d71d9df7eaf25dfbb89f054f0be250226382ac5d8a
"a0976_wj5hvf.raw",1,0,255,0,0,1,855.296,1784.390,2672260,2672472,0,2585620,2585620,0,29284,11.703,1772.687,1048576,312380,51c0aca0c3f90a4400669f39594acb3a3b9ed62efc3db18c07f3b3cffb53b8e7
"a0977_zzrxw7.raw",1,0,255,0,0,1,830.600,1782.406,2672260,2672472,0,2585620,2585620,0,29284,11.600,1770.806,1048576,312380,0b06a7a9e219dcfbe8a341de9f257ba9317329fe5bea2becc78acdc83a12b4cf
"a0978_lwts50.raw",1,0,255,0,0,1,700.999,1784.862,2672260,2672472,0,2585620,2585620,0,29284,12.383,1772.479,1048576,312380,3b9b78ac066a29a6136baebecc388041adaaebee55c15c3698f3a5271027a73a
"a0979_kvhksp.raw",1,0,255,0,0,1,798.703,1785.023,2672260,2672472,0,2585620,2585620,0,29284,12.201,1772.822,1048576,312380,dea5c04f47f88ddcc765f5e9000e73024c911e57aa97a0171170ae1b5c52d83f
"a0980_pxxmht.raw",1,0,255,0,0,1,773.436,1785.846,2672144,2672472,0,2585620,2585620,0,29284,13.935,1771.911,1048576,312380,ea295f47fd63a2d751785820d8f3861b67db71092139f8c52297397a5c2e8f42
"a0981_kuxkk2.raw",1,0,255,0,0,1,722.232,1787.780,2672260,2672472,0,2585620,2585620,0,29284,12.023,1775.757,1048576,312380,045254186a27a9bc2187e0793aa07e6b172ef763dbfe3296330fd40887488729
"a0982_eclgce.raw",1,0,255,0,0,1,877.786,1783.764,2672260,2672472,0,2585620,2585620,0,29284,11.666,1772.098,1048576,312380,ecbbdec46690cf1b20e04b2b795494e1fae6bc011b52691d1809a67e43607941
"a0983_cnhiiq.raw",1,0,255,0,0,1,808.347,1784.672,2672260,2672472,0,2585620,2585620,0,29284,11.694,1772.978,1048576,312380,be7f8337e037dd2aafb9189274474e2e92b8e8dcfd4677a8753664c99980a024
"a0984_lt0wwh.raw",1,0,255,0,0,1,772.420,1783.225,2672260,2672472,0,2585620,2585620,0,29284,11.656,1771.569,1048576,312380,0183448383e50306c694f6f74450071359c5ec100b29228361b536e5a35039aa
"a0985_ybph7v.raw",1,0,255,0,0,1,1368.760,1785.558,2672260,2672472,0,2585620,2585620,0,29284,11.656,1773.902,1048576,312380,a228b9624ecaf88ac3ec85673a61a3abf25e8f7773b3cd5125d896d4f215e6cf
"a0986_fxpzyo.raw",1,0,255,0,0,1,986.082,1784.375,2672260,2672472,0,2585620,2585620,0,29284,11.676,1772.699,1048576,312380,8967e1cb50fc420b913553a02be1b0cef3c3841858daad2a625e33607c6b64a7
"a0987_yvjwwy.raw",1,0,255,0,0,1,1359.301,1786.246,2672256,2672472,0,2585620,2585620,0,29284,11.790,1774.456,1048576,312380,f1f5414c5478eeb25a8059d7e30f41cf054ddbcde996f0c36d47657f7d9c524c
"a0988_nnmdgy.raw",1,0,255,0,0,1,842.538,1782.952,2672260,2672472,0,2585620,2585620,0,29284,11.685,1771.267,1048576,312380,66d875b49d537fcdcfeacbb0429043e0fa1b1d988a2d8989ad13609d15608253
"a0989_uk4obq.raw",1,0,255,0,0,1,713.046,1786.062,2672260,2672472,0,2585620,2585620,0,29284,12.349,1773.713,1048576,312380,609657700c44eb5387f95852e8f9485f55e653b9aff5489c96822f135bb957fc
"a0990_begep6.raw",1,0,255,0,0,1,802.835,1784.507,2672260,2672472,0,2585620,2585620,0,29284,11.628,1772.879,1048576,312380,396215e3707f5b0f9b8209013101c34c55df57e9e5082911bfa6fb3f3f8efecf
"a0991_h9jlfy.raw",1,0,255,0,0,1,811.011,1783.995,2672260,2672472,0,2585620,2585620,0,29284,11.738,1772.257,1048576,312380,2749a57273463dfa2d25f0a01bd6d539252731b4a38f8e27071f55ec76d78ef8
"a0992_pkredq.raw",1,0,255,0,0,1,695.368,1785.799,2672260,2672472,0,2585620,2585620,0,29284,11.561,1774.238,1048576,312380,1ed8bb36c03319d1b23bd455cdc0825c583bafba67ee10cacea6a9a681dc5fe0
"a0993_hco1q2.raw",1,0,255,0,0,1,894.246,1785.746,2672260,2672492,0,2585620,2585620,0,29284,11.696,1774.050,1048576,312380,7770218858384b861625667dbe091d9b3f456b920bb2ac69bb13b1b8508c4d43
"a0994_bdkrnc.raw",1,0,255,0,0,1,805.925,1784.918,2672472,2672472,0,2585620,2585620,0,29284,11.602,1773.316,1048576,312380,4ca19b600a0004a47fe0b7c8e82a9cb5d5444243df1c1545c75d6380b9e07ce7
"a0995_nyipoo.raw",1,0,255,0,0,1,754.776,1783.927,2672260,2672472,0,2585620,2585620,0,29284,11.533,1772.394,1048576,312380,3a04e2f8a2c54f5fad4834dacf5be5f45201e80b82d57f4da284fe405b341448
"a0996_rfgrox.raw",1,0,255,0,0,1,818.434,1784.788,2672260,2672472,0,2585620,2585620,0,29284,11.657,1773.131,1048576,312380,96337dfebbfeb780fae3f0c3cb35d33a1207f35db33f6682ebbd5ad5bcd1a241
"a0997_zo21tb.raw",1,0,255,0,0,1,1319.688,1785.353,2672260,2672472,0,2585620,2585620,0,29284,11.668,1773.685,1048576,312380,20f4258f2a2b1cd429395101ad71997c8ca5a5f14b9cc0bf69f0fd349cb0b780
"a0998_qcaubk.raw",1,0,255,0,0,1,896.183,1785.977,2672260,2672472,0,2585620,2585620,0,29284,11.575,1774.402,1048576,312380,812739fc33451733d8ece266cd9b926be6a54af5f23e6e78c62668985ac2f66f
"a0999_datefo.raw",1,0,255,0,0,1,774.999,1784.611,2670560,2672472,0,2585620,2585620,0,29284,11.913,1772.698,1048576,312380,7f031dc5aedfafe6c62fbfedd86bf23c7af33cde73925b2737e07b33869c7e0f
"a1000_xlkjpv.raw",1,0,255,0,0,1,766.584,1785.172,2672260,2672472,0,2585620,2585620,0,29284,11.874,1773.298,1048576,312380,cd27f27123af0a20c7ca0d09f94fe5051c706102406271f3c5fb8a0dd3a120da
"a1001_b5sgfg.raw",1,0,255,0,0,1,703.123,1785.759,2672260,2672472,0,2585620,2585620,0,29284,11.710,1774.049,1048576,312380,5149d5c7da98a07a92009dd21a599e305879714d3e483f5edb8879f40ae6951a
"a1002_lghd3i.raw",1,0,255,0,0,1,1040.696,1786.278,2672472,2672472,0,2585620,2585620,0,29284,11.937,1774.341,1048576,312380,08ee3b211a08a064b0841e21e82f77182be9fb2102eeff9fdc777ba48ca11083
"a1003_dtql8u.raw",1,0,255,0,0,1,810.127,1787.834,2672472,2672472,0,2585620,2585620,0,29284,11.677,1776.157,1048576,312380,6ecc369aa0111b7aa1c3b7f3ba61799df949a4401be925eb2991f30da9a09cb6
"a1004_pjfizq.raw",1,0,255,0,0,1,807.109,1786.335,2672472,2672456,16,2585620,2585620,0,29284,11.626,1774.709,1048576,312380,276924c65dd9ca11660a82747f54f1f2480c30d65197404e99f316af9c04a7b3
"a1005_ts2gmv.raw",1,0,255,0,0,1,1095.213,1787.863,2672472,2672472,0,2585620,2585620,0,29284,11.886,1775.977,1048576,312380,7df8de24f129f0b780dc411eca02dc9fe5165d8dc778c1ce07c7cab4c1739e62
"a1006_qspmhh.raw",1,0,255,0,0,1,867.728,1784.946,2672472,2672472,0,2585620,2585620,0,29284,11.575,1773.371,1048576,312380,373278c5b04006e74cd7b5013a176a38107478c483a25b70c7970cff7154eff9
"a1007_wyhoel.raw",1,0,255,0,0,1,731.775,1785.292,2672464,2672472,0,2585620,2585620,0,29284,11.779,1773.513,1048576,312380,e8ddbc5fa6476e333ed0e428a092d28d7ee4a42a1555ec12899628cf5a20e0b2
"a1008_vewmzh.raw",1,0,255,0,0,1,822.198,1784.675,2672472,2672472,0,2585620,2585620,0,29284,11.675,1773.000,1048576,312380,b0cd99a3dfc4bdfb1012aeecffa3639f907c55fce79b894a57ae2f711e5de1f1
