name_image,ok,class_0_raw,class_1_raw,result,label,right,download_ms,inference_ms,heap_before,heap_after,heap_used,psram_before,psram_after,psram_used,stack_min_free_bytes,preprocess_ms,invoke_ms,arena_reserved_bytes,arena_used_bytes,input_sha256,recovery_attempts,recovery_skipped
"A0001_pngxcr.raw",1,255,0,1,1,1,526.388,1784.060,3201092,3201120,0,3105496,3105496,0,29396,11.617,1772.443,1048576,312380,d389ac8d9b94f8adcf5844ac8d433e874de62790e775cd556c1e597c08e90d6e,1,0
"A0002_og7hdg.raw",1,255,0,1,1,1,535.325,1783.258,3201100,3201120,0,3105496,3105496,0,29396,11.695,1771.563,1048576,312380,78ae13411520084e16b94c37622364d6f1a8ced82c64697aebdedfb002a3cb01,1,0
"A0003_s1ihic.raw",1,255,0,1,1,1,480.975,1781.089,3201100,3201120,0,3105496,3105496,0,29396,11.783,1769.306,1048576,312380,9b11512c9b927452a99c4be0f56d102920ec17f43ff304461d3ffc9621e9a23d,1,0
"A0004_tvdtsw.raw",1,255,0,1,1,1,485.744,1782.910,3201120,3201120,0,3105496,3105496,0,29396,12.427,1770.483,1048576,312380,c9153ea9710889154434ddd66765e584a93cdc1ed22a46b1caaa24e4c4c0fbec,1,0
"A0005_lkbtef.raw",1,255,0,1,1,1,522.629,1790.117,3201100,3201120,0,3105496,3105496,0,29396,12.338,1777.779,1048576,312380,b4885440403eee59bd163f3a0dd4445715f6df172840017520993684f91817ba,1,0
"A0006_xtno5a.raw",1,255,0,1,1,1,519.754,1785.510,3201100,3201120,0,3105496,3105496,0,29396,12.464,1773.046,1048576,312380,1d05bdd31521ac31c7a8061b9a4430851ca877dd6471d1d8d15e7bab4d40b35f,1,0
"A0007_fbqrt3.raw",1,255,0,1,1,1,503.873,1785.222,3201120,3201120,0,3105496,3105496,0,29348,11.934,1773.288,1048576,312380,899fcc43048db13f8e038812f3cb3d2e240605af5cabbbd2db6b49f1cbf2d3d0,1,0
"A0008_gntaey.raw",1,255,0,1,1,1,522.420,1782.884,3201100,3201120,0,3105496,3105496,0,29348,12.702,1770.182,1048576,312380,1acd58876768f7b4cfe0e0ea07e76636a9dc53aa3e6c93f1a1a998f009bd69cb,1,0
"A0009_jwliki.raw",1,255,0,1,1,1,529.818,1784.410,3201100,3201120,0,3105496,3105496,0,29348,12.357,1772.053,1048576,312380,22a4680f5a676fbd94c650c4c85228eda0b9666b17a08772ae5ac49ede6a1213,1,0
"A0010_luzdk8.raw",1,255,0,1,1,1,505.935,1780.105,3201100,3201120,0,3105496,3105496,0,29348,11.854,1768.251,1048576,312380,bdd1b52c0678b713e0d43afb5cbe04b2a5fc76a8637aeaf9e87adf4e7a85d623,1,0
"A0011_y9xxcq.raw",1,255,0,1,1,1,518.462,1780.972,3201100,3201120,0,3105496,3105496,0,29348,11.741,1769.231,1048576,312380,808c2bb167e70b615b46b5f62e0a57b39c1b4e5a0fb1f827138a10e91faac814,1,0
"A0012_loynpr.raw",1,255,0,1,1,1,512.075,1780.656,3201100,3201120,0,3105496,3105496,0,29348,11.690,1768.966,1048576,312380,58bc44b74b06c67b8b166914bfb4475e39027dd9f8e1ebb7b7734d1262fc386e,1,0
"A0013_lyk7g7.raw",1,255,0,1,1,1,497.532,1780.843,3201120,3201120,0,3105496,3105496,0,29348,11.563,1769.280,1048576,312380,cf9214683ec8e43d3f6c802f2b8b79b9f044b6b2c6a4299ca68a49b1fa69d287,1,0
"A0014_xebhqb.raw",1,255,0,1,1,1,515.203,1780.999,3201100,3201120,0,3105496,3105496,0,29348,11.668,1769.331,1048576,312380,681b00b7ff831173654604418af4b68eb0aba43619613f7ec58f0c31249e0178,1,0
"A0015_mmk45e.raw",1,255,0,1,1,1,481.069,1783.364,3201100,3201120,0,3105496,3105496,0,29348,12.816,1770.548,1048576,312380,8eb8b02959902549b42801854007ee96b49056b11dde3373676d92eabe504a1d,1,0
"A0016_ux9mpm.raw",1,255,0,1,1,1,518.077,1779.931,3201100,3201120,0,3105496,3105496,0,29348,11.822,1768.109,1048576,312380,10a6818faf9fcda6079a1ecdbc3fd84dfaa46f5f4b83c363d180e3198c80de4b,1,0
"A0017_wjyxc2.raw",1,255,0,1,1,1,548.865,1779.407,3201100,3201120,0,3105496,3105496,0,29348,11.623,1767.784,1048576,312380,1945b81a2a527ddfa010463add571831ac315e11cc1e0d302a8f182b8dc9f717,1,0
"A0018_a4n97h.raw",1,255,0,1,1,1,513.920,1782.606,3201100,3201120,0,3105496,3105496,0,29348,11.596,1771.010,1048576,312380,418d525a1d38fcf7301714397d74b6386315255019af8a6029e4114cf3a0c799,1,0
"A0019_z88xx1.raw",1,255,0,1,1,1,531.182,1780.923,3201100,3201120,0,3105496,3105496,0,29348,11.657,1769.266,1048576,312380,4092896894ef03fadaa8b0a3cdffc5d9ad051c5094b4dad0cf5dd95b8fd577bd,1,0
"A0020_aej2s3.raw",1,255,0,1,1,1,552.920,1779.575,3201100,3201120,0,3105496,3105496,0,29348,11.572,1768.003,1048576,312380,b8f67300a23cf9b604d517502e283764cff23d7d3b388694ff4a66c92479faaa,1,0
"A0021_ip7hjm.raw",1,255,0,1,1,1,571.613,1782.448,3197004,3197024,0,3101400,3101400,0,29348,11.967,1770.481,1048576,312380,5778b906c335736598537fa24dcd8ae5c9f6a14603c8438954c54d68ee2ecfc0,1,0
"A0022_nrgqxv.raw",1,255,0,1,1,1,534.327,1781.548,3197004,3197024,0,3101400,3101400,0,29348,12.404,1769.144,1048576,312380,36f633a14dc86aea0ec59e6ecd4f45e7f261158d8a6d6c24fcc56d7d0bdefc4a,1,0
"A0023_fitx0c.raw",1,255,0,1,1,1,529.721,1779.814,3196872,3196892,0,3101400,3101400,0,29348,11.692,1768.122,1048576,312380,d8027dc5a4204a57f91f6e574f0b166a03fd667f04611065e9fe4f004b339fc8,1,0
"A0024_uipfcl.raw",1,255,0,1,1,1,493.404,1782.778,3196892,3196892,0,3101400,3101400,0,29348,11.633,1771.145,1048576,312380,3fbe565316b1543309f2e48540cc82c8ce3ee5ab53ed6727fe29b3d8a58642dd,1,0
"A0025_fcgk86.raw",1,255,0,1,1,1,508.948,1783.265,3196872,3196892,0,3101400,3101400,0,29348,11.618,1771.647,1048576,312380,54c8bf227b68169f41abd455ba20b253a4fcbb2d0349278f030f6bc4eae03f5d,1,0
"A0026_k4j7ld.raw",1,255,0,1,1,1,483.653,1781.669,3196872,3196892,0,3101400,3101400,0,29332,11.763,1769.906,1048576,312380,8c207ab010b56337c7de28c60afd9eef781e4ee787356e4b5f84aca4ec901eb7,1,0
"A0027_h7xugf.raw",1,255,0,1,1,1,503.011,1781.805,3196892,3196892,0,3101400,3101400,0,29332,11.609,1770.196,1048576,312380,06c3c56491e2f0a92bbbd132c14f8138a1257cfc202466d150419285757047bd,1,0
"A0028_pzbugc.raw",1,255,0,1,1,1,502.645,1782.490,3196892,3196892,0,3101400,3101400,0,29332,11.857,1770.633,1048576,312380,244231812a60f5db81735876ceb7a0da58dc2199157917138a67630d503818da,1,0
"A0029_dgl8ty.raw",1,255,0,1,1,1,518.168,1782.265,3196872,3196892,0,3101400,3101400,0,29332,11.730,1770.535,1048576,312380,02a1f8f8360931572e003ee24caabb25baf18ab58fac728b22f092cb9a651a6e,1,0
"A0030_iabo50.raw",1,255,0,1,1,1,508.844,1782.809,3196872,3196892,0,3101400,3101400,0,29332,11.584,1771.225,1048576,312380,1f21c2b45b31e3f610359c5b104ec39ba5124801ed3d5641ee16453f61319c64,1,0
"A0031_y1oyri.raw",1,255,0,1,1,1,536.313,1779.271,3196872,3196892,0,3101400,3101400,0,29332,11.694,1767.577,1048576,312380,4a9115755eb95bb252d7495ec1d4ce2c16cba36e3c39142bd239b32888ca70d6,1,0
"A0032_z8so1m.raw",1,255,0,1,1,1,508.214,1783.231,3196872,3196892,0,3101400,3101400,0,29332,11.692,1771.539,1048576,312380,61045c25b1b61345920da569123926b316dc9c25e8854ccf9f790f785e9b18f1,1,0
"A0033_gftspe.raw",1,255,0,1,1,1,532.239,1782.682,3196872,3196880,0,3101400,3101400,0,29332,11.777,1770.905,1048576,312380,846122d9b3032855f70bfe6f5d19b88871375331a4a354f77a353c5fde3e67c9,1,0
"A0034_s2ywtc.raw",1,255,0,1,1,1,491.676,1781.409,3196880,3196880,0,3101400,3101400,0,29332,11.675,1769.734,1048576,312380,980b3452664e2b439b48be6ddb3fd1fa368a193c16872ed89a1b4b167b8b1650,1,0
"A0035_injh7h.raw",1,255,0,1,1,1,516.784,1780.652,3196860,3196880,0,3101400,3101400,0,29332,11.581,1769.071,1048576,312380,5b62af628aeb8f5e6b5343c0773f0a5f3e7d33553b8243e1353517df7cd8e7fc,1,0
"A0036_ovpnp5.raw",1,255,0,1,1,1,532.869,1782.693,3196860,3196880,0,3101400,3101400,0,29332,11.681,1771.012,1048576,312380,16e67a7353dae6e79f890e425850455133744587c6b75a65d7761059016b083d,1,0
"A0037_bp2gqm.raw",1,255,0,1,1,1,521.165,1782.537,3196860,3196880,0,3101400,3101400,0,29332,11.669,1770.868,1048576,312380,ac82d74300cafb68d790a31f58befb529916e337c5b53fb2c20d9ce587a558ba,1,0
"A0038_k8stxs.raw",1,255,0,1,1,1,489.515,1781.194,3196892,3196880,12,3101400,3101400,0,29332,11.637,1769.557,1048576,312380,eb58d18eb4096f2f62598f04b8f35da7f061ea50d3718c42eed869e3f17c688b,1,0
"A0039_wtctsw.raw",1,255,0,1,1,1,511.217,1782.769,3196860,3196880,0,3101400,3101400,0,29332,11.685,1771.084,1048576,312380,b644eb3a29c1b23275548daf7d8074396fba6ce56738ed52b12a54bfc15cd545,1,0
"A0040_d0jwlk.raw",1,255,0,1,1,1,530.922,1781.071,3196860,3196880,0,3101400,3101400,0,29332,11.651,1769.420,1048576,312380,1e09de5c61ffab96daa04f0d4a49ac75672be057659b397d2a5233edaa651d8f,1,0
"A0041_b4hu6s.raw",1,255,0,1,1,1,521.569,1781.271,3196868,3196880,0,3101400,3101400,0,29332,11.580,1769.691,1048576,312380,1721b7718d4512e9b5c4095d5b1b940ef7015e18b382e562a33f1cdd030a0ae2,1,0
"A0042_y7f56p.raw",1,255,0,1,1,1,525.168,1781.466,3196860,3196880,0,3101400,3101400,0,29332,11.661,1769.805,1048576,312380,a3fab439ff0a2b50e23034805ed194b46f89961cc02eaa93dcb3860b94a79a07,1,0
"A0043_ass1ml.raw",1,255,0,1,1,1,505.485,1781.979,3188688,3188688,0,3093208,3093208,0,29332,11.612,1770.367,1048576,312380,de3e066eb5a804ea5b3ec0e1af6453147ba97f478997220223af79a67f09cb68,1,0
"A0044_ljaciu.raw",1,255,0,1,1,1,543.902,1781.248,3188668,3188688,0,3093208,3093208,0,29332,11.569,1769.679,1048576,312380,1dcc97ef35420c2c4f6e3c723e0f1107de1fe5ace9511ba3e35912522d793a73,1,0
"A0045_pwe0bx.raw",1,255,0,1,1,1,491.053,1783.060,3188688,3188688,0,3093208,3093208,0,29332,12.559,1770.501,1048576,312380,3e9589577a3890b53c335c52fff654deb32e92a224832a9071702a764988872e,1,0
"A0046_pu9lzg.raw",1,255,0,1,1,1,523.712,1781.848,3188652,3188688,0,3093208,3093208,0,29332,12.815,1769.033,1048576,312380,b9f193a0a93cf216ccaf56d6887c1a170dbdbc46d70c816f6f21effb43b6bf20,1,0
"A0047_hia2gg.raw",1,255,0,1,1,1,495.045,1781.740,3188688,3188688,0,3093208,3093208,0,29332,11.673,1770.067,1048576,312380,adf54c2a5ce30b90bf7a930cb115343bd2d4cee36140bf0f8760028df6d7d96e,1,0
"A0048_e7drlt.raw",1,255,0,1,1,1,505.075,1780.963,3188688,3188688,0,3093208,3093208,0,29332,11.584,1769.379,1048576,312380,948f9642a6fa2aa0dd127916616238226f7a8422a602a8db0a5e0e3d114ef844,1,0
"A0049_z6tiwc.raw",1,255,0,1,1,1,515.269,1783.895,3188668,3188720,0,3093208,3093208,0,29332,11.701,1772.194,1048576,312380,7c15ec5e62f4992f12e4a258cbe37dc0e9e84641723eae1e17be7a75ab16ff3c,1,0
"A0050_bhp1zt.raw",1,255,0,1,1,1,527.207,1781.498,3188700,3188708,0,3093208,3093208,0,29332,11.601,1769.897,1048576,312380,d8131609b9c593fa45102e197b2e03fe0ca784a5cc9e9e25028ce8c3c5587a3a,1,0
"A0051_hrjzui.raw",1,255,0,1,1,1,518.351,1780.930,3188688,3188740,0,3093208,3093208,0,29332,11.635,1769.295,1048576,312380,e66e62278fac8d670942e21000982e34a2364a6ebfe9b2ca07dbf3edbde955fb,1,0
"A0052_nn7lwr.raw",1,255,0,1,1,1,529.417,1780.966,3188692,3188708,0,3093208,3093208,0,29332,11.659,1769.307,1048576,312380,9398deafb1bcf6a2479506a10275b1680b198f73dae7994bd7f997d0ef1b5c69,1,0
"A0053_fyyelc.raw",1,255,0,1,1,1,511.869,1781.940,3188708,3188708,0,3093208,3093208,0,29332,11.603,1770.337,1048576,312380,cd52b68129fadad33a925074e9fdf9e8ed7997c6c83338758d786613f914d9be,1,0
"A0054_n4fxj6.raw",1,255,0,1,1,1,507.283,1780.918,3188708,3188708,0,3093208,3093208,0,29332,11.651,1769.267,1048576,312380,ff73455952403ef432c399c3b91c66e5193606d382509bf18ea8227cf8a0bded,1,0
"A0055_ewya0t.raw",1,255,0,1,1,1,500.785,1783.138,3188708,3188708,0,3093208,3093208,0,29332,12.412,1770.726,1048576,312380,5e2e8f5d9abd24680942a674f9d9332a758686e551e832e2b7936c35aa0cbc7a,1,0
"A0056_a0acwa.raw",1,255,0,1,1,1,488.680,1782.944,3188708,3188708,0,3093208,3093208,0,29332,11.714,1771.230,1048576,312380,a186099cba96eae2a738b191c4e2ffd748cb0ec1bf185850223c4982b262de05,1,0
"A0057_yusm7j.raw",1,255,0,1,1,1,1514.203,1781.121,3188708,3188708,0,3093208,3093208,0,29332,11.671,1769.450,1048576,312380,ac171377f077976d826fbd9f0aefb425e6949abc51be1cbfbeaddbf1184601fb,1,0
"A0058_xkdviy.raw",1,255,0,1,1,1,556.847,1781.072,3188688,3188708,0,3093208,3093208,0,29332,11.619,1769.453,1048576,312380,e21b3c0c7a6418ef3ff6d1f57c2ae5a68f3e1b00ba61b798dfc1f174021799d0,1,0
"A0059_p22lmg.raw",1,255,0,1,1,1,502.386,1781.326,3188708,3188708,0,3093208,3093208,0,29332,11.660,1769.666,1048576,312380,8e3c1589ab63e705ff07b2407a5bf184412942b38cf2ac69487eabb4dad6142a,1,0
"A0060_dancqa.raw",1,255,0,1,1,1,535.596,1782.338,3188688,3188708,0,3093208,3093208,0,29332,11.710,1770.628,1048576,312380,ca6243f15ede5d1588fe46e8868a5b9e83115fba78efc480709d54008313d7a0,1,0
"A0061_jnzho0.raw",1,255,0,1,1,1,515.003,1781.093,3188688,3188708,0,3093208,3093208,0,29332,11.625,1769.468,1048576,312380,9a17a982edfdfe0053cb1682bd6782be279b27c71de5984e7db77728fb19b016,1,0
"A0062_wslntj.raw",1,255,0,1,1,1,551.516,1782.751,3188700,3188720,0,3093208,3093208,0,29332,11.639,1771.112,1048576,312380,80506903535f3529e47c5ce6035b3c935408f093966c96a91b106c9d4165be8d,1,0
"A0063_fw20ng.raw",1,255,0,1,1,1,492.474,1781.812,3188720,3188720,0,3093208,3093208,0,29332,11.665,1770.147,1048576,312380,96e82f02d1a00152e4514e8e3c94700c877ac489335dbefad9389890777801af,1,0
"A0064_u235d3.raw",1,255,0,1,1,1,557.338,1782.889,3188700,3188720,0,3093208,3093208,0,29332,11.873,1771.016,1048576,312380,0b777ff3cad2fa76760523e60ec927c0cfebd9ca626704bc6f1b178f5a57b3fd,1,0
"A0065_k5sww8.raw",1,255,0,1,1,1,493.766,1782.282,3188720,3188720,0,3093208,3093208,0,29332,11.597,1770.685,1048576,312380,2dabf9059ed784ae2e03b6dd09b342645846ea527dc78df75f024dc66c543f41,1,0
"A0066_eblayi.raw",1,255,0,1,1,1,521.288,1781.892,3188700,3188720,0,3093208,3093208,0,29332,11.673,1770.219,1048576,312380,b00ac8c03eb9e7bbb19e59d2c8e28d4b67b883e7227ce08887d45960fd78a6f3,1,0
"A0067_qvzekt.raw",1,255,0,1,1,1,516.119,1781.910,3188700,3188704,0,3093208,3093208,0,29332,11.654,1770.256,1048576,312380,f3ffad2e511bf7f09419bb3c9f4cb967fb049981b424257ae5f13ef82d0def71,1,0
"A0068_jnyp3t.raw",1,255,0,1,1,1,532.522,1782.583,3188700,3188720,0,3093208,3093208,0,29332,11.700,1770.883,1048576,312380,bc620e5289d8d2eec6aefb3c8f60bb426dda47c821e91acaa7e4e38fbd44e03d,1,0
"A0069_el3q49.raw",1,255,0,1,1,1,507.309,1780.732,3188700,3188720,0,3093208,3093208,0,29332,11.657,1769.075,1048576,312380,30abd3b76ec6c3dc079656e92bdc48b69f017d536c51efc520201aa8e850b529,1,0
"A0070_e7a48y.raw",1,255,0,1,1,1,510.248,1780.716,3188700,3188720,0,3093208,3093208,0,29332,11.593,1769.123,1048576,312380,5c29b2ec135d6c5ad55b1edbd4688678ebebd3e2025810fb344816cd5b24940f,1,0
"A0071_rabdpq.raw",1,255,0,1,1,1,517.386,1779.401,3188700,3188720,0,3093208,3093208,0,29332,11.577,1767.824,1048576,312380,d613d08ca4e19e726a624ef2c66c1f6188971468b1c37d8f4b0f423813714b68,1,0
"A0072_jzmgzt.raw",1,255,0,1,1,1,544.784,1779.900,3188700,3188720,0,3093208,3093208,0,29332,11.594,1768.306,1048576,312380,33661de8aa2df1d01b3ca7e2330573c8c4bf0c2ef907ff1e22f00f3730eaffb3,1,0
"A0073_aaom1j.raw",1,255,0,1,1,1,522.663,1781.930,3188700,3188720,0,3093208,3093208,0,29332,11.644,1770.286,1048576,312380,699bf1443dc0f2166f93c5155386897080ac505d6456d856948c85f119ea04e3,1,0
"A0074_z2njia.raw",1,255,0,1,1,1,517.376,1783.734,3188700,3188720,0,3093208,3093208,0,29332,11.604,1772.130,1048576,312380,126a2948729b5ba7cf4c3529ab53b12cf9ae500d1ae7812a294fa0241f3333c1,1,0
"A0075_thixnn.raw",1,255,0,1,1,1,524.247,1780.458,3188700,3188720,0,3093208,3093208,0,29332,11.679,1768.779,1048576,312380,958d12140bce93f7087d48fd6cbe70e2a9c7f29dd5eecdf4921a72feacda4e56,1,0
"A0076_uepirg.raw",1,255,0,1,1,1,507.020,1781.205,3188700,3188720,0,3093208,3093208,0,29332,11.659,1769.546,1048576,312380,162982eaa94857c4fb6137e3120d5bcb82df91dbe6254975bd09ba2de0e434b5,1,0
"A0077_yzpefp.raw",1,255,0,1,1,1,520.136,1781.003,3188700,3188720,0,3093208,3093208,0,29332,11.675,1769.328,1048576,312380,eb44d58f6e958fa746535ee95ac924197c0dd2aa9cb9188addd13481276ce19d,1,0
"A0078_j4xkdw.raw",1,255,0,1,1,1,500.722,1780.536,3188720,3188720,0,3093208,3093208,0,29332,11.666,1768.870,1048576,312380,0f1e57851aaceb6c8722cda7f78c110e94f1d3014e498ce3f677721d141d37c2,1,0
"A0079_fpq2a0.raw",1,255,0,1,1,1,526.652,1779.842,3188700,3188720,0,3093208,3093208,0,29332,11.618,1768.224,1048576,312380,dbe0c26b8e514a8f2379c483f6b5d0221efa84bfa03b7440eb4911d5e6986cb4,1,0
"A0080_ty7pql.raw",1,255,0,1,1,1,502.400,1783.157,3188720,3188720,0,3093208,3093208,0,29332,12.563,1770.594,1048576,312380,2e404afe3b3dffa1ce477071895526f9a47a6ebb22e09efbc4271b4457ac27aa,1,0
"A0081_lay34z.raw",1,255,0,1,1,1,506.920,1782.339,3188720,3188720,0,3093208,3093208,0,29332,11.724,1770.615,1048576,312380,e2a5f60a9e63b0ae27ee8a1b6339c05905be1dbcd067e04a1c6c8239c1aab99a,1,0
"A0082_mrkhe4.raw",1,255,0,1,1,1,512.121,1781.400,3188700,3188720,0,3093208,3093208,0,29332,11.694,1769.706,1048576,312380,b98cc0e9149ab150ffe744152560b0a374491fa28945fe21681dbe7bdb0f72ed,1,0
"A0083_dni2q2.raw",1,255,0,1,1,1,532.401,1781.186,3188700,3188720,0,3093208,3093208,0,29332,11.601,1769.585,1048576,312380,37aacf6fed1260869a1d0dad4287ca25eea0b29652bc21baec36e9134193a3b8,1,0
"A0084_alnglc.raw",1,255,0,1,1,1,528.567,1782.137,3188628,3188648,0,3093208,3093208,0,29332,11.750,1770.387,1048576,312380,9b292d11ffb544176e2d0980aa85a48dec4755556c01156553d4f89ffba2f7eb,1,0
"A0085_oateqz.raw",1,255,0,1,1,1,523.448,1782.490,3172244,3172264,0,3076824,3076824,0,29332,11.963,1770.527,1048576,312380,f4899ca45e53ef6a9487451cde71a5add148fecf5497fb0e425a1134234f76f7,1,0
"A0086_pahizi.raw",1,255,0,1,1,1,505.421,1781.514,3172244,3172264,0,3076824,3076824,0,29332,11.602,1769.912,1048576,312380,74fbee029a4085199c013aa565cfaa5939cb8988ad0b16ea91cf8d48fc2d9561,1,0
"A0087_yukxlc.raw",1,255,0,1,1,1,522.105,1782.661,3172244,3172264,0,3076824,3076824,0,29332,11.597,1771.064,1048576,312380,035e18156c25e4f9591d5a4cad971c9600406477e03d566cb6bb96072a4f464b,1,0
"A0088_pdgosv.raw",1,255,0,1,1,1,520.696,1782.170,3172244,3172264,0,3076824,3076824,0,29332,11.592,1770.578,1048576,312380,01b9da6ff344c13a83bf48bd9ae81992dd70cda1d597262508edc8b713e59200,1,0
"A0089_eds2md.raw",1,255,0,1,1,1,590.665,1780.168,3172244,3172264,0,3076824,3076824,0,29332,11.663,1768.505,1048576,312380,d4cb33aee694e63da2f32d5a45365509e05ea257c3f65f87f06246a1b6c50924,1,0
"A0090_szdiau.raw",1,255,0,1,1,1,574.495,1782.417,3172244,3172264,0,3076824,3076824,0,29332,11.629,1770.788,1048576,312380,a49a2a94aca0afec972897a6689b6a26fb5a814155b20992f3617f306bbad97a,1,0
"A0091_x0ti6u.raw",1,255,0,1,1,1,492.281,1784.338,3172264,3172264,0,3076824,3076824,0,29332,11.605,1772.733,1048576,312380,b9d68048b38080acac78560960c0575d33b3da646b27963e975194ebcb88e9b2,1,0
"A0092_u4sqxd.raw",1,255,0,1,1,1,485.986,1781.395,3172264,3172264,0,3076824,3076824,0,29332,11.640,1769.755,1048576,312380,8b603157c8b340443aa0569134fc27b88e2c818bc01d7d6355149836facb27ac,1,0
"A0093_at2jv8.raw",1,255,0,1,1,1,492.587,1781.690,3172264,3172264,0,3076824,3076824,0,29332,12.391,1769.299,1048576,312380,b102ee8a6eb7f085e4e5c9ffa09f0988ae4f588508d83b279f02a5e4c68b8f81,1,0
"A0094_zfb8nu.raw",1,255,0,1,1,1,560.711,1779.865,3172244,3172264,0,3076824,3076824,0,29300,11.638,1768.227,1048576,312380,d24b042157ac248690638ab2b7c90a0ce6b73de14e1a6427707da26f56dfda30,1,0
"A0095_jkkj9n.raw",1,255,0,1,1,1,495.135,1781.554,3172264,3172264,0,3076824,3076824,0,29300,11.572,1769.982,1048576,312380,b0fa33bbcbe53f53f098cca5255b15164f9de4bd4f9f6b25b1bd8fc3b3a32cf7,1,0
"A0096_lxnofi.raw",1,255,0,1,1,1,506.145,1784.897,3172244,3172264,0,3076824,3076824,0,29300,11.927,1772.970,1048576,312380,393941566994fbb615a6b3001875902564ea46263c2b193a20f1be895ba6f388,1,0
"A0097_ntrg1i.raw",1,255,0,1,1,1,514.079,1779.526,3172244,3172264,0,3076824,3076824,0,29300,11.622,1767.904,1048576,312380,dfe3b7520960ff038d81b865dafcc263547fcd550824c47f92aa67c008c4f06a,1,0
"A0098_rt7au4.raw",1,255,0,1,1,1,497.164,1781.542,3172264,3172264,0,3076824,3076824,0,29300,11.686,1769.856,1048576,312380,a71fcf7e96dd8615a68d9a02cbfc2f2f994f6e7bab16d2059ebac000f463a818,1,0
"A0099_wwf9mo.raw",1,255,0,1,1,1,507.514,1780.088,3172264,3172264,0,3076824,3076824,0,29300,11.677,1768.411,1048576,312380,084e80522651887a3ce74daaa2fb24553098a3788665eb0ea3fa9295415582a5,1,0
"A0100_oi2b8q.raw",1,255,0,1,1,1,521.528,1782.296,3172244,3172264,0,3076824,3076824,0,29300,11.656,1770.640,1048576,312380,66e5763cc9827f81c2228ba1b86b2e3bb00c9329fc409daf57e185360dffab99,1,0
"A0101_auofjv.raw",1,255,0,1,1,1,514.666,1780.821,3172244,3172264,0,3076824,3076824,0,29300,11.627,1769.194,1048576,312380,a5c52d80de5ff9a7b09758fe56b80daf0bd86c5e284935fab612b33157be2560,1,0
"A0102_idx02p.raw",1,255,0,1,1,1,530.287,1779.390,3172244,3172264,0,3076824,3076824,0,29300,11.668,1767.722,1048576,312380,96d528238e42754254ad9aa247ca43c76cd72fcbf819a6b7bf634235104511aa,1,0
"A0103_t0glqy.raw",1,255,0,1,1,1,490.990,1782.057,3172264,3172264,0,3076824,3076824,0,29300,11.759,1770.298,1048576,312380,a3877cdc39a07a27bce6a324f5ff0de945836be9115d5a9b09ace00f49cb39a6,1,0
"A0104_j7srio.raw",1,255,0,1,1,1,578.054,1778.500,3172244,3172264,0,3076824,3076824,0,29300,11.615,1766.885,1048576,312380,1159e4237e47f9056bf304618fdd87aa6e03465c5f17a511294f2b63c86ed4f6,1,0
"A0105_fzuugw.raw",1,255,0,1,1,1,532.702,1784.226,3172244,3172264,0,3076824,3076824,0,29300,11.697,1772.529,1048576,312380,3a50d1c0db8738e90322d3035911b7a2ce3c9ade0688d259713519122203f00c,1,0
"A0106_qphfdn.raw",1,255,0,1,1,1,499.016,1778.818,3172264,3172264,0,3076824,3076824,0,29300,11.632,1767.186,1048576,312380,505e620959aec8e220653c44a295aeb01250fd54d25d1a6a6f25233adc87dbbc,1,0
"A0107_wadfu2.raw",1,255,0,1,1,1,512.963,1781.448,3172244,3172264,0,3076824,3076824,0,29300,11.575,1769.873,1048576,312380,0f3eb7c6e277d1bdd4c6f6866ac8a9e86202634156290005f9c6a8a8a8440219,1,0
"A0108_jkpzov.raw",1,255,0,1,1,1,519.695,1781.226,3172244,3172264,0,3076824,3076824,0,29300,11.652,1769.574,1048576,312380,26e96fbcf6e121729146c79c912e871a0191ffab5ed4b89ebeb1907d8586e398,1,0
"A0109_chn51b.raw",1,255,0,1,1,1,497.893,1782.637,3172264,3172264,0,3076824,3076824,0,29300,12.291,1770.346,1048576,312380,da3652206040f19de7172920e465694695ad168f9281b8b80ca1091d7b6d6767,1,0
"A0110_uxtbiv.raw",1,255,0,1,1,1,498.705,1781.491,3172264,3172264,0,3076824,3076824,0,29300,11.611,1769.880,1048576,312380,3a4f81d05ce67578432ef1809d27747494f1a9623ec825167010ed439b3fcc7c,1,0
"A0111_u7etpv.raw",1,255,0,1,1,1,522.281,1782.579,3172244,3172264,0,3076824,3076824,0,29300,11.571,1771.008,1048576,312380,9f2dcbfe8b8c37e6c3474db1a68142448b20b08218ee47b10390e835e3c9e543,1,0
"A0112_conneq.raw",1,255,0,1,1,1,487.047,1779.634,3172264,3172264,0,3076824,3076824,0,29300,11.585,1768.049,1048576,312380,5b56780622d677c51029b43618e76020a6c507b54355b224d85ebbfec08e40f5,1,0
"A0113_axcwln.raw",1,255,0,1,1,1,511.414,1781.607,3172244,3172264,0,3076824,3076824,0,29300,11.690,1769.917,1048576,312380,c2a2e6afc5f19d5c15058d435d6c1260e8c7ba5cf9866abff2390f6575ed28c4,1,0
"A0114_epzka5.raw",1,255,0,1,1,1,498.805,1778.995,3172264,3172264,0,3076824,3076824,0,29300,12.371,1766.624,1048576,312380,63ac532d652510d5091be9eda18607cb6f80aed2177e9b3714ef3c334ced4bf7,1,0
"A0115_uxm5qb.raw",1,255,0,1,1,1,505.947,1782.669,3172244,3172264,0,3076824,3076824,0,29300,11.801,1770.868,1048576,312380,f3c5c57862612c390e815678bfd89909efcaf50629977946243f3c4a8adbab3d,1,0
"A0116_doy9hj.raw",1,255,0,1,1,1,502.406,1781.392,3172264,3172264,0,3076824,3076824,0,29300,11.711,1769.681,1048576,312380,de7afcf1bfda2ade6806eab17f683a06834aadcd8e581a3b138a511044810d63,1,0
"A0117_pu5hmu.raw",1,255,0,1,1,1,580.461,1779.893,3172244,3172264,0,3076824,3076824,0,29300,11.658,1768.235,1048576,312380,e24e5002f3ddd80a3ae3f69c1ad3a7c6f162713ba7c4bcfbbbb0eabea2314430,1,0
"A0118_a7dv0n.raw",1,255,0,1,1,1,526.014,1779.170,3172236,3172264,0,3076824,3076824,0,29300,11.673,1767.497,1048576,312380,747bb0dc8032352f889034ad4b51afa1fc048aef6cf75457846e0d60ae58b081,1,0
"A0119_oedla2.raw",1,255,0,1,1,1,505.798,1783.853,3172236,3172264,0,3076824,3076824,0,29300,12.425,1771.428,1048576,312380,23b75a8dc0bd58b225352e7460b053a2b4a3283547c48cabfdf30b083769b71e,1,0
"A0120_epjujj.raw",1,255,0,1,1,1,510.566,1783.135,3172264,3172264,0,3076824,3076824,0,29300,12.613,1770.522,1048576,312380,e8949a1b79cc72dcb9feb861e00181e1c714a4729bbe4c58a22e87fb060e7ce9,1,0
"A0121_g3jyy8.raw",1,255,0,1,1,1,526.884,1780.295,3172244,3172264,0,3076824,3076824,0,29300,11.615,1768.680,1048576,312380,091938d937445903f18cd0f8b9f986b0d41a6c35f2cf4f2a4c5ff93a9074779f,1,0
"A0122_pmx2yd.raw",1,255,0,1,1,1,509.371,1782.769,3172264,3172264,0,3076824,3076824,0,29300,11.731,1771.038,1048576,312380,69cbadbcd1fc7199606f3f1f3379eb03cc145b171526874fc930e586e5c4b977,1,0
"A0123_xfgb6h.raw",1,255,0,1,1,1,495.040,1780.197,3172264,3172264,0,3076824,3076824,0,29300,11.662,1768.535,1048576,312380,1f45299bfa01b4826ca73166b492afe91ac45d493c9cc9fa9814fa90839d4859,1,0
"A0124_edx00r.raw",1,255,0,1,1,1,494.783,1779.427,3172264,3172264,0,3076824,3076824,0,29300,11.581,1767.846,1048576,312380,3abd90dd40c9d0ba62ae86dcd3108b973a51a908966a4b0b98e5196f1f3bc574,1,0
"A0125_nk5v0r.raw",1,255,0,1,1,1,534.499,1782.302,3172244,3172264,0,3076824,3076824,0,29300,11.664,1770.638,1048576,312380,0d40d493df92ab9a485146a11e4650795db73573b7991d943a4bf364c5d0bb77,1,0
"A0126_xrfib4.raw",1,255,0,1,1,1,550.726,1782.947,3172244,3172264,0,3076824,3076824,0,29300,11.711,1771.236,1048576,312380,ebdd4582324e28473eacdd6fc198b66b1e364df02faf2ab13b97e6cea1888edb,1,0
"A0127_yjaolz.raw",1,255,0,1,1,1,509.728,1781.494,3172244,3172264,0,3076824,3076824,0,29300,11.600,1769.894,1048576,312380,3f108eda467206b3206d049eab24f91a8bfde129f0056b84a009e7e92dd6976f,1,0
"A0128_z5lkxc.raw",1,255,0,1,1,1,552.953,1777.618,3172244,3172264,0,3076824,3076824,0,29300,11.614,1766.004,1048576,312380,244696aeac387f99b9dd4fe1cc0c5d8a600533c373196ecebb355fb55a18ce42,1,0
"A0129_n862po.raw",1,255,0,1,1,1,536.286,1783.392,3172244,3172264,0,3076824,3076824,0,29300,11.831,1771.561,1048576,312380,a164535692e8a131987c7f51f7fbfb6b01508603ccfe369e071f8bfc3239f57b,1,0
"A0130_neigqw.raw",1,255,0,1,1,1,507.480,1782.452,3172264,3172284,0,3076824,3076824,0,29300,11.707,1770.745,1048576,312380,f22b8492c5fc635169d4b7a6b5702521824630837235425ed95dbb7c29a24738,1,0
"A0131_za9qd1.raw",1,255,0,1,1,1,518.442,1781.754,3172244,3172264,0,3076824,3076824,0,29284,11.621,1770.133,1048576,312380,512d4d9a15d370ed51444844709fecd629b7170ef479ab7462ed909e1a13b634,1,0
"A0132_eounyo.raw",1,255,0,1,1,1,523.308,1782.718,3172244,3172264,0,3076824,3076824,0,29284,11.598,1771.120,1048576,312380,a9fbba2fef9f9280f3351851abcf60fc0e9ee58325591a228e17619356989b56,1,0
"A0133_ymmvtg.raw",1,255,0,1,1,1,494.074,1779.521,3172264,3172264,0,3076824,3076824,0,29284,11.665,1767.856,1048576,312380,28dcead306ca05f3e5562a23e2ba1d7d0765cfeb740a4f6258a2c35eda5be7e3,1,0
"A0134_mjqqoe.raw",1,255,0,1,1,1,549.230,1782.614,3172244,3172264,0,3076824,3076824,0,29284,11.671,1770.943,1048576,312380,45df5a64ddc47115d28e856e2ba24fbbc00e9aeeb51defdc764d105434aead3e,1,0
"A0135_enzni9.raw",1,255,0,1,1,1,493.618,1780.752,3172264,3172264,0,3076824,3076824,0,29284,11.629,1769.123,1048576,312380,7fd70b54a078bafb95f64faabb75e6df0b55d75207e3d897c73da115a3d6c08d,1,0
"A0136_ml45ow.raw",1,255,0,1,1,1,536.815,1782.342,3172244,3172264,0,3076824,3076824,0,29284,11.554,1770.788,1048576,312380,9a90c9aa156e6a67ae21798e4ca18b0b23dd2bf5e5183a04e940459511da91b6,1,0
"A0137_qdzoid.raw",1,255,0,1,1,1,511.700,1780.999,3172244,3172264,0,3076824,3076824,0,29284,11.600,1769.399,1048576,312380,5c33ea71b038d294b53a7fe36ce4d5cb970faf447e3505e611427e61f02b30c1,1,0
"A0138_lrkwgg.raw",1,255,0,1,1,1,534.487,1778.531,3172244,3172264,0,3076824,3076824,0,29284,11.602,1766.929,1048576,312380,1a36cd243f2f500e3260abc2826fadfec5ea3cf710d86b0b118e489e10e42524,1,0
"A0139_c7zcva.raw",1,255,0,1,1,1,537.121,1782.753,3172244,3172264,0,3076824,3076824,0,29284,11.684,1771.069,1048576,312380,6f690bac6caae154757483e505171bc233f173fc2a844905f0b4285e27334a2c,1,0
"A0140_hmgnyz.raw",1,255,0,1,1,1,523.105,1782.293,3172244,3172264,0,3076824,3076824,0,29284,11.696,1770.597,1048576,312380,98e664af4d29de351327f03c2f3c56d857c74198d6ad3d39d91fd90b40c9a33b,1,0
"A0141_zb8g2z.raw",1,255,0,1,1,1,536.502,1782.155,3172244,3172264,0,3076824,3076824,0,29284,11.893,1770.262,1048576,312380,4fb03891600b069ba602ef8b94cf1909375082412efcf8e676f3d6ed93e8488e,1,0
"A0142_quqwbe.raw",1,255,0,1,1,1,552.174,1780.121,3172244,3172264,0,3076824,3076824,0,29284,11.653,1768.468,1048576,312380,cd5909fcd96cb512e15bfd030715723c8d14ac8fde9957d0ebe681797b50c59f,1,0
"A0143_scl1ia.raw",1,255,0,1,1,1,524.560,1780.273,3172244,3172264,0,3076824,3076824,0,29284,11.646,1768.627,1048576,312380,bbcec6ea40fc1fb615632e4b45043c9f7ca84ca4f4985a2ac7b693d41f677b6e,1,0
"A0144_seuevk.raw",1,255,0,1,1,1,520.259,1781.057,3172244,3172264,0,3076824,3076824,0,29284,11.660,1769.397,1048576,312380,338a9ace34e297f44efc1da176f78a46c741dc96309c83779b5219c5a5aa8dde,1,0
"A0145_aj799g.raw",1,255,0,1,1,1,509.853,1781.253,3172244,3172264,0,3076824,3076824,0,29284,12.407,1768.846,1048576,312380,42a4fc26567b46892a60ec052d0208bcbdcb4d9181445e03384697998c8cb4be,1,0
"A0146_pdyurx.raw",1,255,0,1,1,1,534.480,1781.414,3172244,3172264,0,3076824,3076824,0,29284,11.664,1769.750,1048576,312380,e9364a804564e92d64277095c9d781a57d6875684783325c5400127d391d0f85,1,0
"A0147_ryewk1.raw",1,255,0,1,1,1,530.884,1779.824,3172244,3172264,0,3076824,3076824,0,29284,11.659,1768.165,1048576,312380,186c8510884c8d7aecf8403764d5e15fb606025938d938fd312e64499f3d7525,1,0
"A0148_ofubry.raw",1,255,0,1,1,1,521.310,1781.352,3172244,3172264,0,3076824,3076824,0,29284,11.648,1769.704,1048576,312380,9a70340960cf642fd3a2b3f15af4b1b198dcf1dfcb7570d300603fae51eaaa79,1,0
"A0149_web0fw.raw",1,255,0,1,1,1,529.591,1779.719,3172244,3172264,0,3076824,3076824,0,29284,11.569,1768.150,1048576,312380,a307e983fb032cfaf224c5107e9f93c6fbf2decbe151db6e5bc4f839d97e170f,1,0
"A0150_wse9nd.raw",1,255,0,1,1,1,499.888,1782.567,3172264,3172264,0,3076824,3076824,0,29284,12.287,1770.280,1048576,312380,96858ca1b9262684abe57f3efb9434d8c09bc55b4016a4c3ca6b2b9510a5b065,1,0
"A0151_d8j5q5.raw",1,255,0,1,1,1,502.168,1782.192,3172264,3172264,0,3076824,3076824,0,29284,11.732,1770.460,1048576,312380,60665ee4e4e7f3c22ad3f9283f36f12de21c5a4844512af87a1afd0bea7f9ca7,1,0
"A0152_pkc90o.raw",1,255,0,1,1,1,529.618,1781.905,3172244,3172264,0,3076824,3076824,0,29284,11.888,1770.017,1048576,312380,2f7eda4365a603301b390a95cbce5771dfc1cdd28f20682f89ad4d55a32c0cbc,1,0
"A0153_ypv0ko.raw",1,255,0,1,1,1,524.306,1780.047,3172244,3172264,0,3076824,3076824,0,29284,11.901,1768.146,1048576,312380,27f61dd47af8b81408a36d3fdf6450a9160024c80653aefaa06aba200c011170,1,0
"A0154_rqnhhr.raw",1,255,0,1,1,1,517.422,1782.114,3172244,3172264,0,3076824,3076824,0,29284,11.740,1770.374,1048576,312380,ca2b7736859f45b0d939188877406799325d0638c73691fb8f525dbef4cafa07,1,0
"A0155_jpj4jd.raw",1,255,0,1,1,1,515.585,1782.464,3172244,3172264,0,3076824,3076824,0,29284,11.688,1770.776,1048576,312380,c0b80b2c244406b5dba5492426e52413bc03fadb62ec013a225ad5c9e524a207,1,0
"A0156_jyhznq.raw",1,255,0,1,1,1,539.493,1780.404,3172244,3172264,0,3076824,3076824,0,29284,12.577,1767.827,1048576,312380,ad01f9fd604fd85ecd35b4c7ab437bdfd39482db67938c12a4ef969fbb183790,1,0
"A0157_wdpbft.raw",1,255,0,1,1,1,527.743,1783.185,3172244,3172264,0,3076824,3076824,0,29284,12.455,1770.730,1048576,312380,f3f18613a6d78b06bc40c650436fe87175e645bfcc9e91c1d03b2ff6da363093,1,0
"A0158_piwgzx.raw",1,255,0,1,1,1,514.756,1781.188,3172244,3172264,0,3076824,3076824,0,29284,11.942,1769.246,1048576,312380,6efc21e3785d95967db25c06d4f469109d113ca1fc485a8171a93d7ce6120525,1,0
"A0159_k0mdgr.raw",1,255,0,1,1,1,555.853,1781.249,3172244,3172264,0,3076824,3076824,0,29284,11.607,1769.642,1048576,312380,397efa60b8e695df59c1e8d4d196c8f56cc3f646b58dfd111890d35c3f807953,1,0
"A0160_h2xppl.raw",1,255,0,1,1,1,500.552,1781.670,3172264,3172264,0,3076824,3076824,0,29284,12.036,1769.634,1048576,312380,a734760833edc92ebb2cfd763ee3712173fc9e52392615ca82f9d9d97b947aef,1,0
"A0161_hu558c.raw",1,255,0,1,1,1,508.523,1783.047,3172264,3172264,0,3076824,3076824,0,29284,11.972,1771.075,1048576,312380,932a03fb59a23dfa11836e2e99c7403610a7ce03b26591acf83caf40d4fe4295,1,0
"A0162_wszbpa.raw",1,255,0,1,1,1,523.935,1781.176,3172244,3172264,0,3076824,3076824,0,29284,11.837,1769.339,1048576,312380,5f32470115e7078e4f07becb8a76697fb9060c203d1f56ae514ac7d64a78a229,1,0
"A0163_qujlmb.raw",1,255,0,1,1,1,496.399,1782.961,3172264,3172264,0,3076824,3076824,0,29284,11.711,1771.250,1048576,312380,1e7d223c5b9f4522e5ca7618ee9032b22b6d9f77bb814a584762c53c42aeb8ff,1,0
"A0164_ufwztd.raw",1,255,0,1,1,1,491.269,1778.676,3172264,3172264,0,3076824,3076824,0,29284,11.677,1766.999,1048576,312380,20a9a80c96d207f4876b7159043d02f32a8bbf521cc3f4ee1ca87b2c6610134b,1,0
"A0165_mlk6uo.raw",1,255,0,1,1,1,525.348,1781.208,3172244,3172264,0,3076824,3076824,0,29284,11.651,1769.557,1048576,312380,018bdc7322b2de870d6e92cc8c748821b016ea4828935eeed7bb3be027ab79fc,1,0
"A0166_btzmek.raw",1,255,0,1,1,1,502.673,1780.985,3172264,3172264,0,3076824,3076824,0,29284,11.571,1769.414,1048576,312380,3507fbd1560bc0bbcdf132d094aff5946cc2a8075129b5941ee05d27e611ff84,1,0
"A0167_lylbhn.raw",1,255,0,1,1,1,510.646,1782.286,3172264,3172264,0,3076824,3076824,0,29284,11.678,1770.608,1048576,312380,e2664c4640313d8ce4fe96a75516fd6f54e82f92b2fba18ce623d751ae87dca8,1,0
"A0168_kkus6d.raw",1,255,0,1,1,1,543.726,1780.401,3172244,3172264,0,3076824,3076824,0,29284,11.665,1768.736,1048576,312380,b978bcd3851093c4d6f2fcc981c1bd6c30ea92253d01cbafd8f06374e8f13f66,1,0
"A0169_ozaahc.raw",1,255,0,1,1,1,514.294,1779.619,3172244,3172264,0,3076824,3076824,0,29284,11.572,1768.047,1048576,312380,65021268a2acd5a5fbcace7203894823cef3195d39e94d0208438052a35536b1,1,0
"A0170_ncl2k4.raw",1,255,0,1,1,1,523.550,1780.840,3172244,3172264,0,3076824,3076824,0,29284,11.576,1769.264,1048576,312380,87664a4e520f7a98c8d02073c0c99cd19021b8430f056ea942224ed872e1242b,1,0
"A0171_gdk0wj.raw",1,255,0,1,1,1,494.483,1780.113,3139496,3139496,0,3044056,3044056,0,29284,11.888,1768.225,1048576,312380,bc9357c586cacc268ebc5c418f8787b84636b34e6af114b2d11eaed61d211ecb,1,0
"A0172_fh9j69.raw",1,255,0,1,1,1,527.924,1782.000,3139476,3139496,0,3044056,3044056,0,29284,12.677,1769.323,1048576,312380,a8e03cc0f9432b30b4ffc7daa351c67123fa53f05b0e7925aa8bc2a2a2edef10,1,0
"A0173_fdiofg.raw",1,255,0,1,1,1,513.045,1782.927,3139472,3139496,0,3044056,3044056,0,29284,11.728,1771.199,1048576,312380,5d2cd6a2f45d55b1e50a3d0245d9e7760776e9515db00ca6aa7910cd6c9f10da,1,0
"A0174_qhr2xh.raw",1,255,0,1,1,1,498.926,1782.159,3139496,3139496,0,3044056,3044056,0,29284,11.616,1770.543,1048576,312380,a76d2a8d571f7c05767895460db0bf3b6a28d46f8fbed94edbf2fe900b2836e9,1,0
"A0175_atyzgx.raw",1,255,0,1,1,1,546.203,1781.619,3139476,3139496,0,3044056,3044056,0,29284,11.640,1769.979,1048576,312380,c41352f80e0d4bbf1692389afb893d327a0427a0b647794841096022b5289d29,1,0
"A0176_t9el8k.raw",1,255,0,1,1,1,506.236,1784.539,3139476,3139496,0,3044056,3044056,0,29284,11.717,1772.822,1048576,312380,197f93c6b8543043e507d301a96252e3756b8085dd487b5e7871f295cb2e5086,1,0
"A0177_zjv7ht.raw",1,255,0,1,1,1,513.954,1781.018,3139476,3139496,0,3044056,3044056,0,29284,11.604,1769.414,1048576,312380,611df8fdb5d8cd746daa4259976fc8c391079b851aa4c7114607fd54ed337cc0,1,0
"A0178_ztki3l.raw",1,255,0,1,1,1,509.048,1781.066,3139496,3139496,0,3044056,3044056,0,29284,11.643,1769.423,1048576,312380,0b0f9c0cbe582ccd914da0a78cf86540a58421c9cbdbfab14e8a477d0abfd8ec,1,0
"A0179_zbcidy.raw",1,255,0,1,1,1,524.607,1781.111,3139476,3139496,0,3044056,3044056,0,29284,11.655,1769.456,1048576,312380,cad21aaf0a0d25811eb1566708801fa49bbbc970c94fd34e58281ab9b53ace96,1,0
"A0180_iydqnn.raw",1,255,0,1,1,1,517.359,1779.842,3139476,3139496,0,3044056,3044056,0,29284,11.648,1768.194,1048576,312380,de446e9b6067c77c53cad3e672035b002586b61b975d0fff920d059484bfeb08,1,0
"A0181_iu3rku.raw",1,255,0,1,1,1,555.726,1780.989,3139476,3139496,0,3044056,3044056,0,29284,11.613,1769.376,1048576,312380,2261e0e665566a22ae402f92bfb387a79027a51cf2e54f918ca0b7f3973da90c,1,0
"A0182_ugicji.raw",1,255,0,1,1,1,513.326,1782.694,3139476,3139496,0,3044056,3044056,0,29284,11.606,1771.088,1048576,312380,9374459142de9f563fd168efe1bb585e1046bb5e8fd01e83fb5870442d577d09,1,0
"A0183_dfukym.raw",1,255,0,1,1,1,534.845,1783.307,3139476,3139496,0,3044056,3044056,0,29284,11.620,1771.687,1048576,312380,534496e1754d37617e1c9196a941615017639bc9277e508ed0bce2ea8adf246a,1,0
"A0184_rd2y4r.raw",1,255,0,1,1,1,503.477,1782.528,3139496,3139496,0,3044056,3044056,0,29284,11.690,1770.838,1048576,312380,31ec8b4399d5fe653bda7cf4c848a56ebeeeeddfa62e99ca3d0c730a5b28a852,1,0
"A0185_qtqkkp.raw",1,255,0,1,1,1,535.416,1782.844,3139476,3139496,0,3044056,3044056,0,29284,11.654,1771.190,1048576,312380,e5965c002887a04b5c5d6721ed1102a721db32a8bb8ab13421e9b87adfa84790,1,0
"A0188_bdgn9q.raw",1,255,0,1,1,1,667.367,1780.531,3139476,3139496,0,3044056,3044056,0,29284,11.652,1768.879,1048576,312380,f4ed287144b952b9324aba7ec05f0a39d3ac367f3d90c5cf1207d6cf32e87f8b,1,0
"A0189_ny2ilw.raw",1,255,0,1,1,1,521.331,1781.364,3139476,3139496,0,3044056,3044056,0,29284,11.696,1769.668,1048576,312380,2e7e68ebd211949b49425e57ade2b71549f263a6e6a075b4f8cd39f539f42949,1,0
"A0190_cqjpqk.raw",1,255,0,1,1,1,514.562,1782.445,3139476,3139496,0,3044056,3044056,0,29284,11.626,1770.819,1048576,312380,5d08c4b86da2d96096bfc570be2e42e06f8aebe1c117841af0aa6e78f6fac024,1,0
"A0191_fwkpbo.raw",1,255,0,1,1,1,514.893,1783.425,3139476,3139496,0,3044056,3044056,0,29284,12.419,1771.006,1048576,312380,287e6e88d0d11b5783170712228b1feafe7919a717a11a96a1a2d090ed724415,1,0
"A0192_uzchni.raw",1,255,0,1,1,1,538.528,1781.287,3139476,3139496,0,3044056,3044056,0,29284,11.688,1769.599,1048576,312380,f829c82e7042897643cb445a79cef5f82e0c4661701abdc6ff4d335ae4c4f7d9,1,0
"A0193_nkhiuo.raw",1,255,0,1,1,1,522.410,1780.783,3139472,3139496,0,3044056,3044056,0,29284,11.647,1769.136,1048576,312380,c9eb31f5ccc67bd67cda84ae736e1299af6458bf1084820232b286533fb76a7a,1,0
"A0194_zvbcfo.raw",1,255,0,1,1,1,582.347,1782.656,3139476,3139496,0,3044056,3044056,0,29284,11.661,1770.995,1048576,312380,0d4265b8e66c48202e117ed2302f7d8d8b1cffc2b9614a66157b85c73d5d9442,1,0
"A0195_tr6ora.raw",1,255,0,1,1,1,593.057,1776.179,3139476,3139496,0,3044056,3044056,0,29284,11.664,1764.515,1048576,312380,1028d9071b59d920dc4368a31df20e7ceca3f76ba106ba2c408033ef37bb26f3,1,0
"A0196_whkx6w.raw",1,255,0,1,1,1,559.792,1784.101,3139476,3139496,0,3044056,3044056,0,29284,11.764,1772.337,1048576,312380,5d8dd4742d5b0e12efbfb04761f872deaa5bfa2485ca72db853554847785b88e,1,0
"A0197_xfivh2.raw",1,255,0,1,1,1,553.661,1786.225,3139476,3139496,0,3044056,3044056,0,29284,11.580,1774.645,1048576,312380,300ebf62e845fa7402b54d6d4b37f16c4b5eb39cf409b580220e7706b57c71fa,1,0
"A0198_jimefi.raw",1,255,0,1,1,1,527.440,1781.745,3139472,3139496,0,3044056,3044056,0,29284,11.672,1770.073,1048576,312380,f50b9291abb8b9731f5f58af5b2163a83ea6ba5cbbbf8b91f37a54c5c2121e40,1,0
"A0199_ar2ay8.raw",1,255,0,1,1,1,523.177,1781.407,3139476,3139496,0,3044056,3044056,0,29284,11.586,1769.821,1048576,312380,8e1c86557dee856697d3b23cc90b31617228b5108a7e865b20ab66c683e09690,1,0
"A0200_ohacof.raw",1,255,0,1,1,1,507.819,1784.270,3139476,3139496,0,3044056,3044056,0,29284,12.405,1771.865,1048576,312380,480cb72139f8cf8aacb83ad68c53d319a980ad567c713b08711263b9b9c668b3,1,0
"A0201_ysj9co.raw",1,255,0,1,1,1,525.888,1783.783,3139476,3139496,0,3044056,3044056,0,29284,12.217,1771.566,1048576,312380,957de75c8e473ef1c95129231b9ce717a1f594be746d6124f7d2c13d96fe9e80,1,0
"A0202_nvcfjl.raw",1,255,0,1,1,1,507.864,1783.419,3139476,3139496,0,3044056,3044056,0,29284,11.942,1771.477,1048576,312380,409d541ddd5f984715474e01a7537babac0804ec896dbf1b737f8f8a5eebc0bb,1,0
"A0203_ch7mwc.raw",1,255,0,1,1,1,507.456,1783.264,3139496,3139496,0,3044056,3044056,0,29284,11.772,1771.492,1048576,312380,fe954f57701107a5ed4bb895a9e25aff1c3c18b907e35382454d02b55301b1bd,1,0
"A0204_jkbdpj.raw",1,255,0,1,1,1,549.311,1783.417,3139476,3139492,0,3044056,3044056,0,29284,12.043,1771.374,1048576,312380,0e85da3be3f6a55ab22d728c2593d24ec4d8fd24f47ea07b585edaa90b41f7a2,1,0
"A0205_fvodso.raw",1,255,0,1,1,1,517.401,1783.147,3139472,3139492,0,3044056,3044056,0,29284,12.416,1770.731,1048576,312380,1f7c25a94c64da53b1850be7f63e9e997d671f258f51ed172be08f6da4cdc398,1,0
"A0206_f9brjr.raw",1,255,0,1,1,1,546.999,1781.514,3139472,3139492,0,3044056,3044056,0,29284,11.645,1769.869,1048576,312380,f3851b8f5c9796cbb04823b3f4a0244ec0177fd1da166a79ca01fc97ec470915,1,0
"A0207_crypbs.raw",1,255,0,1,1,1,503.851,1781.979,3139492,3139492,0,3044056,3044056,0,29284,11.577,1770.402,1048576,312380,77ce8f8f8f4b7c26603957edfd08f6f174f94527296c6ad3ff758609d0812dc3,1,0
"A0208_ciqneq.raw",1,255,0,1,1,1,491.192,1783.085,3139492,3139492,0,3044056,3044056,0,29284,11.750,1771.335,1048576,312380,b2946e8065abc747402462b9df5d5f1f3dd5963ddaeefebdd04a4b82f24357fe,1,0
"A0209_zvqfpy.raw",1,255,0,1,1,1,502.034,1780.339,3139492,3139492,0,3044056,3044056,0,29284,11.669,1768.670,1048576,312380,19085abf5bf8035dc63137f0dca58bc023f98330d6b8c467c6f12e839981c03d,1,0
"A0210_ww71zb.raw",1,255,0,1,1,1,515.303,1780.785,3139472,3139492,0,3044056,3044056,0,29284,11.660,1769.125,1048576,312380,acf1504f98cdc809d22375b2a66b956a93345ed2da263f13559dbe00304cb0dc,1,0
"A0211_tsumyc.raw",1,255,0,1,1,1,501.966,1781.057,3139492,3139492,0,3044056,3044056,0,29284,11.605,1769.452,1048576,312380,04d46440b71290f93cc6b40404bc3bc8ccaab57341bc8c9179566687ece825c5,1,0
"A0212_s1cswj.raw",1,255,0,1,1,1,476.509,1782.375,3139472,3139492,0,3044056,3044056,0,29284,11.716,1770.659,1048576,312380,12d798d31734e8eaa49ba95cfe9b313bdf124b38a9530f2ccf8737ed1ae7918e,1,0
"A0213_vt8gg8.raw",1,255,0,1,1,1,541.096,1783.600,3139472,3139492,0,3044056,3044056,0,29284,12.430,1771.170,1048576,312380,657bb7be1cfa61be871a9a315aed66a01630cc82a72f6e5031164a568eaacaa6,1,0
"A0214_s9etmp.raw",1,255,0,1,1,1,535.824,1781.240,3139480,3139492,0,3044056,3044056,0,29284,11.588,1769.652,1048576,312380,4f9577d289e403ab5cfedf392e5f0f43d690f4bc4895f9f5d5f3ab9be1da172e,1,0
"A0215_slzstg.raw",1,255,0,1,1,1,526.358,1781.050,3139472,3139492,0,3044056,3044056,0,29284,11.662,1769.388,1048576,312380,ca2e933e6340f4474758866cae35039094e4d86595a8bb3118b8115e80639fd0,1,0
"A0216_pey3bs.raw",1,255,0,1,1,1,534.913,1780.829,3139472,3139492,0,3044056,3044056,0,29284,11.645,1769.184,1048576,312380,119b6f07237caab087d696aaea85ef1dc15565fe11403ca6c79f27ad098f2b6d,1,0
"A0217_hgh87m.raw",1,255,0,1,1,1,572.532,1780.274,3139472,3139492,0,3044056,3044056,0,29284,11.590,1768.684,1048576,312380,81015de90e9331e499683a845c9a27072bd67d343a31162cec5ceece32e512c2,1,0
"A0218_p313qk.raw",1,255,0,1,1,1,574.689,1781.110,3139472,3139492,0,3044056,3044056,0,29284,11.649,1769.461,1048576,312380,b6c9ae4bacca67e0e094f6bca642d8172cf4971dde3b69a871f9daba7f29ff04,1,0
"A0219_v2w2a3.raw",1,255,0,1,1,1,535.844,1781.232,3139472,3139492,0,3044056,3044056,0,29284,11.651,1769.581,1048576,312380,491e1a84796fb053323e292e54095c095d0103493667aa5b72b3f4a4a41f796a,1,0
"A0220_znt3dh.raw",1,255,0,1,1,1,552.212,1779.710,3139472,3139492,0,3044056,3044056,0,29284,11.696,1768.014,1048576,312380,df8d536e266b19dfc33b58ef76744600f07853fc034976ebbbd2517f14aa7030,1,0
"A0222_sbfsny.raw",1,255,0,1,1,1,593.180,1780.395,3139472,3139492,0,3044056,3044056,0,29284,11.615,1768.780,1048576,312380,b69f00972183f3665ef7b18f3b90d2dc313c22d61c03c62862a1d20040e3bb2a,1,0
"A0223_kns6ja.raw",1,255,0,1,1,1,515.092,1779.935,3139476,3139492,0,3044056,3044056,0,29284,11.689,1768.246,1048576,312380,9769d03bfcfaf329af8aed4362e71ec151fe87282d366deae564aa912c2b9770,1,0
"A0224_ec1q80.raw",1,255,0,1,1,1,510.052,1781.738,3139472,3139492,0,3044056,3044056,0,29284,11.699,1770.039,1048576,312380,238b5552740847007ba3c553b63c9a83746fe4bcef7b7a6f3cdf81d139dbd9f7,1,0
"A0225_ijfo9b.raw",1,255,0,1,1,1,502.561,1777.925,3139492,3139492,0,3044056,3044056,0,29284,11.952,1765.973,1048576,312380,5c386cf1ed363ab8ae0cb6fa43057a7191059e39345c5696522b9499a48a8a2f,1,0
"A0226_hluh5b.raw",1,255,0,1,1,1,533.259,1783.028,3139472,3139492,0,3044056,3044056,0,29284,12.595,1770.433,1048576,312380,6df6d652617aaeca6e0956975ae4edfe74b5e1ce105487706bc37b3fed136855,1,0
"A0227_kmqc8p.raw",1,255,0,1,1,1,512.311,1782.707,3139472,3139492,0,3044056,3044056,0,29284,11.943,1770.764,1048576,312380,4f3d988005176f5421550e5a7d8825856541deed3b50325baf3b410c1c66b2c4,1,0
"A0228_cm4srd.raw",1,255,0,1,1,1,525.850,1782.742,3139472,3139492,0,3044056,3044056,0,29284,11.984,1770.758,1048576,312380,6890af9f08e02f857696dbf136828b601d0ba2a57d7eeec35b44047234bb2098,1,0
"A0229_asb2qh.raw",1,255,0,1,1,1,513.719,1782.742,3139472,3139492,0,3044056,3044056,0,29284,11.617,1771.125,1048576,312380,b15ed017f3bd9794bef051a396c1d05405bd46e693e5f554c419785fb74dca59,1,0
"A0230_vrqiqx.raw",1,255,0,1,1,1,518.963,1785.796,3139472,3139496,0,3044056,3044056,0,29284,11.695,1774.101,1048576,312380,bd11e0fbabaa4cc20080baa1287be55ee5e1e15aa387ada6ab3b6425c36ec815,1,0
"A0231_bfqh0p.raw",1,255,0,1,1,1,528.392,1782.709,3139476,3139496,0,3044056,3044056,0,29284,11.897,1770.812,1048576,312380,9d75364daee6d80e268c486188ad0fdaab0024f9e4eaaa9c28a37b131afd3001,1,0
"A0232_dgrsxo.raw",1,255,0,1,1,1,516.220,1782.649,3139476,3139496,0,3044056,3044056,0,29284,11.682,1770.967,1048576,312380,8f88c72ba5eecbc548807bac2d4edbd421c92a445849633df8f954c2bbb2683a,1,0
"A0233_xqv5rq.raw",1,255,0,1,1,1,507.691,1782.111,3139496,3139496,0,3044056,3044056,0,29284,11.684,1770.427,1048576,312380,3bb1b565733be46669447c0e6c32db54b59b40b1698c4b129068a3850a0f3bf5,1,0
"A0234_s9tsrz.raw",1,255,0,1,1,1,513.803,1780.352,3139476,3139496,0,3044056,3044056,0,29284,11.646,1768.706,1048576,312380,7c63425d706cfd0460e79b272727aa70681533da41d95994c3555a5121ef5157,1,0
"A0235_f5egs1.raw",1,255,0,1,1,1,528.122,1783.311,3139476,3139496,0,3044056,3044056,0,29284,11.582,1771.729,1048576,312380,c3d87ce6b1b6adac0b8ae1ece13f98cf1f611f39f9290bd9b851a255d09dc3a4,1,0
"A0236_eknpio.raw",1,255,0,1,1,1,487.498,1781.382,3139476,3139496,0,3044056,3044056,0,29284,11.710,1769.672,1048576,312380,fae79b898b85e83aeaf506f226009dc3dd8162954c2fe46ff3263410a4ad6e26,1,0
"A0237_gmrxbk.raw",1,255,0,1,1,1,540.139,1780.674,3139476,3139496,0,3044056,3044056,0,29284,11.595,1769.079,1048576,312380,3ffd66d3bb5468af888da82c70f32cdcd1129a568e656101fe5cd1296e43eb45,1,0
"A0238_cutltl.raw",1,255,0,1,1,1,502.704,1779.900,3139496,3139496,0,3044056,3044056,0,29284,11.597,1768.303,1048576,312380,12fdcf4b0e764268fe9c440573fda6c796e2f52f7f380578a77d43a8e65f80fe,1,0
"A0239_pyv9f4.raw",1,255,0,1,1,1,516.208,1781.457,3139476,3139496,0,3044056,3044056,0,29284,11.628,1769.829,1048576,312380,aa7858d9030b4f23e41883ad7b9dc3d14d4ed6772513a342dd0a66dc6fd78cf8,1,0
"A0240_tjh4sv.raw",1,255,0,1,1,1,509.471,1783.230,3139476,3139496,0,3044056,3044056,0,29284,12.344,1770.886,1048576,312380,a36e520d84d2eb3dfa48d1056db0284329231685688325ea81b01a5fda1d8b62,1,0
"A0241_jn8liu.raw",1,255,0,1,1,1,512.100,1781.718,3139476,3139496,0,3044056,3044056,0,29284,11.914,1769.804,1048576,312380,ef505dea562d3f05df0a3d816482bd4e061606520d1f15df6ddccb2433f56c0e,1,0
"A0242_vcn7h9.raw",1,255,0,1,1,1,509.726,1782.227,3139476,3139496,0,3044056,3044056,0,29284,11.630,1770.597,1048576,312380,f4be2428e77baaa54516f1c57cd312ebb597ce3ed844fdb36a7b36139c736c02,1,0
"A0243_wmkjie.raw",1,255,0,1,1,1,496.385,1781.516,3139496,3139496,0,3044056,3044056,0,29284,11.652,1769.864,1048576,312380,8c5bda67bb3028375b0b7fc0ceddd8d8abf16ae6077a3decd9c00c97dbd3120f,1,0
"A0244_uvkbjy.raw",1,255,0,1,1,1,898.605,1780.449,3139476,3139496,0,3044056,3044056,0,29284,11.580,1768.869,1048576,312380,8452bf6265f7576ec70653eb9d014cb33e336c7f4214662817f1c4702da0c9db,1,0
"A0245_qcwoib.raw",1,255,0,1,1,1,522.971,1779.934,3139476,3139496,0,3044056,3044056,0,29284,11.651,1768.283,1048576,312380,4f0c434a63dab51553383ccf243941afe8dbdc0ba0eebcc20eb0c5ae3d3ef2c3,1,0
"A0246_zemmnk.raw",1,255,0,1,1,1,504.093,1786.190,3139496,3139496,0,3044056,3044056,0,29284,12.318,1773.872,1048576,312380,2773cbe383298bc3977fd875dc8b2afa9408c33387cdfbb7783f53eaae0464fe,1,0
"A0247_pq1oev.raw",1,255,0,1,1,1,527.025,1783.111,3139476,3139496,0,3044056,3044056,0,29284,11.603,1771.508,1048576,312380,a0a66d108911e102610dbf719b2fc128b08ce38588975fd5ddfd7c8d7cfc4cc0,1,0
"A0248_x0oo3k.raw",1,255,0,1,1,1,562.521,1781.129,3139476,3139496,0,3044056,3044056,0,29284,11.581,1769.548,1048576,312380,97e52d4360c502f439a86eed8f899c2f6f4cc9aa10efaaab59018e46ff02dc57,1,0
"A0249_i0dxqu.raw",1,255,0,1,1,1,583.585,1781.756,3139476,3139496,0,3044056,3044056,0,29284,11.694,1770.062,1048576,312380,b870522e50d6d338c1da69f73f9c6d5c410f251cfe13115d0a7bf058303fcd10,1,0
"A0250_axxp23.raw",1,255,0,1,1,1,502.116,1780.574,3139496,3139496,0,3044056,3044056,0,29284,11.916,1768.658,1048576,312380,32e6417a3659a15aca8eae0d572473acb9074ba802bcedf80ac3501f96d9fe67,1,0
"A0252_w9tnqy.raw",1,255,0,1,1,1,519.604,1783.024,3139476,3139496,0,3044056,3044056,0,29284,11.747,1771.277,1048576,312380,bd73fe74b9f69d045283fa07685f72250a4b3ef29909dfbc9b1a2a565c900059,1,0
"A0253_bxpt22.raw",1,255,0,1,1,1,514.140,1783.342,3139476,3139496,0,3044056,3044056,0,29284,11.726,1771.616,1048576,312380,8794a2413c0a68072c0cc0570526480dd63b17a302cca54b753ba013893d8f27,1,0
"A0254_hukz5u.raw",1,255,0,1,1,1,570.114,1783.611,3139476,3139496,0,3044056,3044056,0,29284,11.636,1771.975,1048576,312380,18f65355405c9d9b8199fd3e2ec47072077482f70e5061c9de785b4642444155,1,0
"A0255_g1clny.raw",1,255,0,1,1,1,500.608,1782.987,3139496,3139496,0,3044056,3044056,0,29284,12.192,1770.795,1048576,312380,df53ef3945190c79f7ee20431fd3a000bde09e52e6553b2a079d6fbc6a1a44bb,1,0
"A0256_kbw8md.raw",1,255,0,1,1,1,535.381,1779.820,3139476,3139496,0,3044056,3044056,0,29284,11.617,1768.203,1048576,312380,312aed6e365cb7be8330593b0deca59aa75930618f13da6759e5bbe1bd5b8999,1,0
"A0257_ux4eb4.raw",1,255,0,1,1,1,556.615,1779.957,3139480,3139496,0,3044056,3044056,0,29284,11.589,1768.368,1048576,312380,0235eb9016123c225dad506d9cb4b46eb34ced9ec30f1cdca8d0249d0a70f358,1,0
"A0258_hevype.raw",1,255,0,1,1,1,506.277,1781.086,3139496,3139496,0,3044056,3044056,0,29284,11.637,1769.449,1048576,312380,8227a0138c030b9df186c1248a6f7cbc710684635de8dddb7b71948888446eec,1,0
"A0259_jkmxqq.raw",1,255,0,1,1,1,547.600,1781.621,3139476,3139496,0,3044056,3044056,0,29284,11.568,1770.053,1048576,312380,b1b8b59b0acc6ef2e528ff523a6ab7dd257538f85c0c63e64eadd13248978ff1,1,0
"A0260_zuqtnh.raw",1,255,0,1,1,1,520.390,1781.534,3139476,3139496,0,3044056,3044056,0,29284,11.603,1769.931,1048576,312380,9263d7277ac8327c5f5e19c3c0ab16e324fe2846254be5fe74890e64ea15a82d,1,0
"A0261_y0babc.raw",1,255,0,1,1,1,517.360,1780.719,3139476,3139496,0,3044056,3044056,0,29284,11.613,1769.106,1048576,312380,f741532f8c4f2195d36c486ab2b2899917ae07d85efe3c830455e8e916925383,1,0
"A0262_bn3bfl.raw",1,255,0,1,1,1,524.514,1779.814,3139496,3139524,0,3044056,3044056,0,29284,11.627,1768.187,1048576,312380,e91de5a46091c5b064d35a49ec5420d2b9faae7dc28e9de2ef65b88865ec854b,1,0
"A0263_eaovwh.raw",1,255,0,1,1,1,548.347,1781.230,3139484,3139524,0,3044056,3044056,0,29284,11.654,1769.576,1048576,312380,bd7378212a2731f0266524e2b0f45eeb3aee85724a86db102fc4866da61723f8,1,0
"A0264_znxwji.raw",1,255,0,1,1,1,583.713,1781.563,3139484,3139524,0,3044056,3044056,0,29284,11.645,1769.918,1048576,312380,6c5de3ae26fb0511d7f0912e44a6608d36b3b115ed82573daa1dc0f09aff2862,1,0
"A0265_x7adfc.raw",1,255,0,1,1,1,611.409,1781.008,3139484,3139524,0,3044056,3044056,0,29284,11.715,1769.293,1048576,312380,e30e7eaa8f36391ede9d3546242acc23f5a7baa27529a3f5cbcadaaf2dbcf0a1,1,0
"A0266_sxsryp.raw",1,255,0,1,1,1,542.353,1781.158,3139484,3139524,0,3044056,3044056,0,29284,11.696,1769.462,1048576,312380,589846ea7968ad6c38170bf717bc7d2ff44d03b9a479dad78deec5463f49030e,1,0
"A0267_fmmmsv.raw",1,255,0,1,1,1,553.875,1781.692,3139484,3139524,0,3044056,3044056,0,29284,11.678,1770.014,1048576,312380,2f6648e77ffd6d3172ce75cf9ae2bb5ab405a018ec44ddab7bb2ae16e4ae1928,1,0
"A0268_o7e2th.raw",1,255,0,1,1,1,552.417,1783.321,3139484,3139524,0,3044056,3044056,0,29284,12.276,1771.045,1048576,312380,5b2be55fcd66791e359ebca7a857e404c0ca4b3765d70da4ede89b49bad773c6,1,0
"A0269_ajpovb.raw",1,255,0,1,1,1,568.684,1781.009,3139484,3139524,0,3044056,3044056,0,29284,11.744,1769.265,1048576,312380,77eb995e411046fedcc093ddb4b9034add8083a684a447aaa0f905026c98442b,1,0
"A0270_l00eru.raw",1,255,0,1,1,1,551.294,1782.485,3139484,3139524,0,3044056,3044056,0,29284,11.738,1770.747,1048576,312380,5dcdae0e60625b5b2a9a1994e4a17e3dafdb955a29b30575486d8212e3b21e61,1,0
"A0271_idqtq6.raw",1,255,0,1,1,1,538.498,1781.993,3139484,3139524,0,3044056,3044056,0,29284,11.695,1770.298,1048576,312380,290b072cdfd11a1c866822e40e3d12bc77fa1ef8f16d71778f616bfe91af4cff,1,0
"A0272_ci12kp.raw",1,255,0,1,1,1,544.797,1782.908,3139484,3139524,0,3044056,3044056,0,29284,12.858,1770.050,1048576,312380,6694ea4e746a908177b0e24d0cb7a3d0a139f9df9fdac3caebcc26da2b8b1422,1,0
"A0273_oobnvs.raw",1,255,0,1,1,1,592.905,1782.586,3139484,3139524,0,3044056,3044056,0,29284,11.707,1770.879,1048576,312380,d52bfea6777adc4bd698269d213982c8e10c645a8cdb8bac82fbf632a1677db3,1,0
"A0274_z8y0ts.raw",1,255,0,1,1,1,570.932,1781.078,3139484,3139524,0,3044056,3044056,0,29284,11.677,1769.401,1048576,312380,e2b54cf0ba2c0b3114e7ccc6765fc9e77813ec26f9f64b58ffe2ec95ae3cd02c,1,0
"A0275_qcom4d.raw",1,255,0,1,1,1,590.961,1782.480,3139484,3139524,0,3044056,3044056,0,29284,11.743,1770.737,1048576,312380,db0aba8e8d9bfd98d7bfaba6869f093ce47673e3d9253b2761682c55049336ad,1,0
"A0276_u8civs.raw",1,255,0,1,1,1,543.366,1782.655,3139484,3139524,0,3044056,3044056,0,29284,12.485,1770.170,1048576,312380,b87379a4eb717f7addf645f6a3ea8c276e84a828313e0d44bdeb7feffc170395,1,0
"A0277_lp0jyl.raw",1,255,0,1,1,1,531.352,1780.819,3139484,3139524,0,3044056,3044056,0,29284,11.643,1769.176,1048576,312380,444f7a6d28830cfd2805f4207fd1371beb4ac02def7dc9caf3500c4ec0274dda,1,0
"A0278_alargq.raw",1,255,0,1,1,1,514.732,1784.069,3139484,3139524,0,3044056,3044056,0,29284,12.459,1771.610,1048576,312380,0488463e59e31d9e2ab820972e731a25227add43e379fc0b3740df09b6ffa604,1,0
"A0279_yofu8q.raw",1,255,0,1,1,1,531.399,1781.305,3139484,3139524,0,3044056,3044056,0,29284,11.680,1769.625,1048576,312380,d44bf125a2876c8228828ef3401bcb7706c01c6dc1bd710bd98bd8f1566ae0a0,1,0
"A0280_sudwco.raw",1,255,0,1,1,1,513.114,1782.973,3139484,3139524,0,3044056,3044056,0,29284,12.369,1770.604,1048576,312380,4203ad818dcb8ac5f491cfd22ba586ec5fe0cbba95096c78f6f534cc0e5fd2d8,1,0
"A0284_eqeqpu.raw",1,255,0,1,1,1,521.122,1783.612,3139484,3139524,0,3044056,3044056,0,29284,12.518,1771.094,1048576,312380,0282e70e5680485b98c1d7be9ab85e758df872fdb1fe97daff8ef03172767328,1,0
"A0285_hlnoe3.raw",1,255,0,1,1,1,502.674,1784.172,3139504,3139516,0,3044056,3044056,0,29284,11.793,1772.379,1048576,312380,2dbd9d8cbe3c5211d274224f3628bea92034b0872cf8601a25b5439d2805d731,1,0
"A0286_ssxkmx.raw",1,255,0,1,1,1,507.867,1781.885,3139496,3139516,0,3044056,3044056,0,29284,11.712,1770.173,1048576,312380,fcd7f36a2a35cff4a646a7e0d058d6f367b46d8e810bee66c046beda88b3bfcb,1,0
"A0287_kpxbdk.raw",1,255,0,1,1,1,515.279,1782.427,3139476,3139516,0,3044056,3044056,0,29284,11.690,1770.737,1048576,312380,2715c5ae03caf2a0f46f88a14d3e5c3f7e914468b3238958e6e74c34f63fddf8,1,0
"A0288_aql3s9.raw",1,255,0,1,1,1,674.737,1780.426,3139476,3139516,0,3044056,3044056,0,29284,11.727,1768.699,1048576,312380,2abfff075ebb6a2e613cc2d83a1800682ea8a95ee870b2b585ad5c85224e8ecf,1,0
"A0289_n1hkoe.raw",1,255,0,1,1,1,516.559,1782.834,3139496,3139516,0,3044056,3044056,0,29284,12.486,1770.348,1048576,312380,26942205d46386fad3710644dff4f15514261cbf03be4955fadb3c09e7933081,1,0
"A0290_bdpny1.raw",1,255,0,1,1,1,510.269,1782.962,3139496,3139516,0,3044056,3044056,0,29284,11.921,1771.041,1048576,312380,ecf6e2dcc2253aedbf280493791958c8ca3753fedfcb1dff7d6ae2e330729c3d,1,0
"A0291_zkzfpo.raw",1,255,0,1,1,1,520.508,1782.755,3139464,3139516,0,3044056,3044056,0,29284,12.879,1769.876,1048576,312380,b72b720f9918b5e66e86a7fcdfac4d086ee2aca808850812e371b406e405d8b4,1,0
"A0292_gc2isa.raw",1,255,0,1,1,1,557.745,1778.667,3139456,3139516,0,3044056,3044056,0,29284,11.753,1766.914,1048576,312380,2c3246627a8c214f2ef3227f19c23c7c6fe554bde80c61327b092c951057124c,1,0
"A0293_wrvywi.raw",1,255,0,1,1,1,502.365,1781.280,3139484,3139516,0,3044056,3044056,0,29284,11.715,1769.565,1048576,312380,606248f03e2cfec6c74de25c8d3670040f1b37d956cc7ff93a0220a439231b64,1,0
"A0294_hbaudo.raw",1,255,0,1,1,1,569.658,1783.559,3139456,3139516,0,3044056,3044056,0,29284,11.668,1771.891,1048576,312380,c058fd27740d0e8c5590c6bc033b9adfef254b36617148a2a5968e9bad8edee0,1,0
"A0295_s5k0wm.raw",1,255,0,1,1,1,510.632,1779.356,3139484,3139516,0,3044056,3044056,0,29284,11.629,1767.727,1048576,312380,c33341c1bcff9f526bbff89e609cf228bc9e2863424357715530204b224ac932,1,0
"A0296_d9znpe.raw",1,255,0,1,1,1,505.467,1780.171,3139484,3139516,0,3044056,3044056,0,29284,11.673,1768.498,1048576,312380,8666a1a2795b0f1b38e59ce2210427d5bfea46519331777ef8ddf2359a485d0a,1,0
"A0297_xfqrcq.raw",1,255,0,1,1,1,530.027,1780.298,3139456,3139516,0,3044056,3044056,0,29284,11.716,1768.582,1048576,312380,b7322e7da7374975d4ab3c6ee9084b8661851e10f9fd4aff6edfbb1266fe2e7c,1,0
"A0298_mrexge.raw",1,255,0,1,1,1,498.373,1781.515,3139484,3139516,0,3044056,3044056,0,29284,11.698,1769.817,1048576,312380,7d2b12bc58a4e72b1949900d1dc684640fc4d8f8a98c093aa03a0a107724123c,1,0
"A0299_ixvobf.raw",1,255,0,1,1,1,576.279,1779.003,3139456,3139516,0,3044056,3044056,0,29284,11.644,1767.359,1048576,312380,e58273c7a305bb5a27abdcf0f4a5810ef27f18665b47ddef158f0a050b980467,1,0
"A0300_ti9hcd.raw",1,255,0,1,1,1,479.221,1780.899,3139456,3139516,0,3044056,3044056,0,29284,11.558,1769.341,1048576,312380,b1b5f98ecb5222361fe46a3843e9f2797c3ef6b404d804139c9cf255b94d0a26,1,0
"A0301_qub0zf.raw",1,255,0,1,1,1,528.464,1780.291,3139456,3139516,0,3044056,3044056,0,29284,11.699,1768.592,1048576,312380,4a8118b53e0fe9ac48e10d01b93d1734e43033898c4e94dad89f9e0d2dafea87,1,0
"A0302_dvtavh.raw",1,255,0,1,1,1,514.263,1781.011,3139484,3139516,0,3044056,3044056,0,29284,11.666,1769.345,1048576,312380,9910013dfb77500c7e062db0847b10d465a1a7228735c375a1d1273397047904,1,0
"A0303_yp97an.raw",1,255,0,1,1,1,544.149,1780.261,3139456,3139516,0,3044056,3044056,0,29284,11.633,1768.628,1048576,312380,9ca5d136385cf5faaa1ce13d1750ca47cd8c7bc31a7b9f9206ba5c03f4bf1fef,1,0
"A0304_y71j7t.raw",1,255,0,1,1,1,507.361,1780.844,3139484,3139516,0,3044056,3044056,0,29284,11.638,1769.206,1048576,312380,f24c60258be76bc0938e7c2058d119e5479fe883bb192ab4f6619b8003824097,1,0
"A0305_yybafz.raw",1,255,0,1,1,1,541.509,1780.944,3139456,3139516,0,3044056,3044056,0,29284,11.681,1769.263,1048576,312380,2a6b0d4d212da738fbb41b7054da11eddc660ea9abff4333fbcf5e36db92efed,1,0
"A0306_qjkmac.raw",1,255,0,1,1,1,505.051,1781.031,3139484,3139516,0,3044056,3044056,0,29284,11.644,1769.387,1048576,312380,c3cb734b196461f5b762de476d7f7ae3168c47b40e0bfeed0f418dc8415c0e30,1,0
"A0307_flkxrv.raw",1,255,0,1,1,1,569.186,1782.413,3139456,3139516,0,3044056,3044056,0,29284,11.784,1770.629,1048576,312380,941ba9282bfef5595352ab84951749005ff4e0f334ca3d9b38341ca651b8bc71,1,0
"A0308_xkictc.raw",1,255,0,1,1,1,509.548,1780.797,3139484,3139516,0,3044056,3044056,0,29284,11.709,1769.088,1048576,312380,d9296db821867d47c8496e50563245ffb44fcbc17cd43a6c010a0ff0f2fe4147,1,0
"A0309_gzx0lp.raw",1,255,0,1,1,1,473.075,1781.776,3139456,3139516,0,3044056,3044056,0,29284,12.423,1769.353,1048576,312380,954bc45f943b09d0890e3088d62b2efd0eded79e3903b9730d80784777d040b2,1,0
"A0310_b9zuuj.raw",1,255,0,1,1,1,539.152,1783.179,3139456,3139516,0,3044056,3044056,0,29284,11.643,1771.536,1048576,312380,378665e3f6c46a4435895d3b36db6587f0a8d4da5d1299941d559ffa035fada1,1,0
"A0311_ynnqsg.raw",1,255,0,1,1,1,502.088,1783.145,3139484,3139516,0,3044056,3044056,0,29284,12.518,1770.627,1048576,312380,8d42f3d10fe50b4419278fe4213771170430fea075688a76092a5cf99e09623a,1,0
"A0312_r5dft8.raw",1,255,0,1,1,1,504.382,1782.412,3139484,3139516,0,3044056,3044056,0,29284,12.126,1770.286,1048576,312380,7a7d66f4f3f8eee8815c4ce8d6a41d4b7de4abe29dacbe3e61e42031f2de13ff,1,0
"A0313_xyi7vm.raw",1,255,0,1,1,1,641.464,1782.148,3139456,3139516,0,3044056,3044056,0,29284,11.746,1770.402,1048576,312380,4bd1d0d52e1278af6e020cddc669428da8c38ea3e1570550364871eb532f18a8,1,0
"A0314_hjwlcr.raw",1,255,0,1,1,1,590.359,1782.713,3139456,3139516,0,3044056,3044056,0,29284,11.755,1770.958,1048576,312380,daeaeb6ce87288a577b496147b5e59c2904428184f5fbedbeb67670dd2e1e9b4,1,0
"A0315_im4uan.raw",1,255,0,1,1,1,583.813,1781.132,3139456,3139516,0,3044056,3044056,0,29284,11.699,1769.433,1048576,312380,b349a096a4a1cf1089591b238cbcf2bfee48af5a4d7c9de304cf067dd06169d6,1,0
"A0316_d8tfsd.raw",1,255,0,1,1,1,514.908,1781.053,3139456,3139516,0,3044056,3044056,0,29284,11.657,1769.396,1048576,312380,6edc89b3d2d80a8fd12c9a255de20d9e5cab39d2921cae79264529fab2ac3deb,1,0
"A0317_ik34xx.raw",1,255,0,1,1,1,479.216,1782.662,3139456,3139516,0,3044056,3044056,0,29268,11.860,1770.802,1048576,312380,2b9962a00136f7ed3988803f9e2275d2fb71ad120fd96906ed0352cd1493f6d8,1,0
"A0318_i0fam1.raw",1,255,0,1,1,1,532.771,1782.792,3139456,3139516,0,3044056,3044056,0,29268,12.033,1770.759,1048576,312380,69abe36c8aec4e32ced1bd3f78bc5eaf219c4db14eb0ab9ba72686c219401d11,1,0
"A0319_co5vs4.raw",1,255,0,1,1,1,526.549,1783.325,3139476,3139516,0,3044056,3044056,0,29268,12.719,1770.606,1048576,312380,b1c80a5ccffd0fd1c8c9ff98d293b55ade2a918b2a31abf810fb1ee723eda069,1,0
"A0320_jk1elq.raw",1,255,0,1,1,1,542.404,1781.123,3139476,3139516,0,3044056,3044056,0,29268,11.670,1769.453,1048576,312380,315dedbaed6cd3bcbeb0b6f226136675e66ccd75d5434e8a2f252cbaf113d6f6,1,0
"A0321_qdoo2i.raw",1,255,0,1,1,1,521.382,1780.979,3139476,3139516,0,3044056,3044056,0,29268,11.654,1769.325,1048576,312380,c34f3807dc3cbd7faa393b44bc9a81c36b018a67190ba5e03095d9f86933ab02,1,0
"A0322_bj3jaj.raw",1,255,0,1,1,1,506.714,1783.087,3139496,3139516,0,3044056,3044056,0,29268,12.527,1770.560,1048576,312380,05017e2235133ce3f73fdecb352240551cec5aa1c7d394950d93091ba5969f23,1,0
"A0323_udkkdk.raw",1,255,0,1,1,1,515.122,1783.224,3139476,3139516,0,3044056,3044056,0,29268,12.700,1770.524,1048576,312380,4b73a18c8aa965505c0e30419613675a66fb794fe6791965fd55e76f57407114,1,0
"A0324_ix2x76.raw",1,255,0,1,1,1,608.784,1782.687,3139476,3139516,0,3044056,3044056,0,29268,11.841,1770.846,1048576,312380,44588990ee95aa9a36569857372848d08f6bb87d4f2ac5b360fc5456d643be18,1,0
"A0325_vtxqtl.raw",1,255,0,1,1,1,494.709,1780.829,3139496,3139516,0,3044056,3044056,0,29268,11.746,1769.083,1048576,312380,1d790ac80aef9bfbfdd2c3cc416ff47e442941cde18072a517918e30d3f18ce7,1,0
"A0326_jbtwvz.raw",1,255,0,1,1,1,567.909,1783.067,3139476,3139516,0,3044056,3044056,0,29268,12.469,1770.598,1048576,312380,0d045ac75a1d5915604f3aee6095886fe76e669876710fb4145c4fa451555fe7,1,0
"A0327_bdutno.raw",1,255,0,1,1,1,534.670,1780.029,3139476,3139516,0,3044056,3044056,0,29268,11.701,1768.328,1048576,312380,8bedc327fedb407e05b2b3a85df74aa29c26fc492f08843da25e18e84d7f0f62,1,0
"A0328_fk3csq.raw",1,255,0,1,1,1,542.810,1781.241,3139476,3139516,0,3044056,3044056,0,29268,11.706,1769.535,1048576,312380,e5d526d3b6104df1bd07601ee76ea57a7e7c8578604595b9e641931f21b7577d,1,0
"A0329_yuy1yj.raw",1,255,0,1,1,1,503.557,1781.067,3139496,3139516,0,3044056,3044056,0,29268,11.703,1769.364,1048576,312380,c616a68689c5c18f55c21d3eb1db9f5016117e8d227e776b43394664f6e21fa4,1,0
"A0330_eymoe2.raw",1,255,0,1,1,1,547.826,1780.293,3139476,3139516,0,3044056,3044056,0,29268,11.712,1768.581,1048576,312380,557a2fa8c38aa454fd2d4c1223afaea90fbb7a876de024e5df61a4672371b8be,1,0
"A0331_hseg4s.raw",1,255,0,1,1,1,560.343,1781.629,3139476,3139516,0,3044056,3044056,0,29268,11.690,1769.939,1048576,312380,254beda39e062a6b4d3817c47f6dc885a87aaa357ba1e3ba580ffb1b973fced4,1,0
"A0332_ekfdwv.raw",1,255,0,1,1,1,614.137,1783.854,3139476,3139516,0,3044056,3044056,0,29268,11.717,1772.137,1048576,312380,94c0483046529d708ae4a7a915f0d7b0eac941b7f275d1dd646085bee664e0a3,1,0
"A0333_lmugko.raw",1,255,0,1,1,1,571.631,1780.137,3139476,3139516,0,3044056,3044056,0,29268,11.717,1768.420,1048576,312380,9dc260e2b50e72a58aa9c9d4b9cbb72dfaf539d7a4204c407b1d49913cae4f04,1,0
"A0334_tjccqp.raw",1,255,0,1,1,1,565.400,1781.146,3139476,3139516,0,3044056,3044056,0,29268,11.613,1769.533,1048576,312380,c186e881a07eb8d35c31d68692f79df5c140cc15876e0853b715a36766e0d010,1,0
"A0335_ycajns.raw",1,255,0,1,1,1,529.453,1785.024,3139476,3139516,0,3044056,3044056,0,29268,11.723,1773.301,1048576,312380,b8e8c430cb24608f42db6fa794511deb65fe4b378a0d85b5654c533ee60861bb,1,0
"A0336_zcwtf9.raw",1,255,0,1,1,1,518.084,1780.312,3139476,3139516,0,3044056,3044056,0,29268,11.724,1768.588,1048576,312380,a86c8af7aecceacdecf897e3dd698bf717db037cfdd6c54a2dc569a731f8b630,1,0
"A0337_p6uclg.raw",1,255,0,1,1,1,549.070,1782.448,3139476,3139516,0,3044056,3044056,0,29268,11.823,1770.625,1048576,312380,e524b00ef392f6e4ec22ba0999dd3459497a0a73285b0cf70831fd2e6848bc16,1,0
"A0338_n0t7rv.raw",1,255,0,1,1,1,549.206,1782.022,3139476,3139516,0,3044056,3044056,0,29268,11.728,1770.294,1048576,312380,2bc039a637adcedbe4b518708552fbca3773b0536fea0983f05d62c716ff01c7,1,0
"A0339_pudo2p.raw",1,255,0,1,1,1,500.857,1782.312,3139496,3139516,0,3044056,3044056,0,29268,11.808,1770.504,1048576,312380,6b8437db5d6c1e84726085bcd9a0ef7ab1062ea3231452771f946b2f3337ea10,1,0
"A0340_tlndrh.raw",1,255,0,1,1,1,549.253,1781.491,3139476,3139516,0,3044056,3044056,0,29268,11.717,1769.774,1048576,312380,bdac63c5da68166309d137f85325e022249c1dda5ea3eac2d353ef78c1003818,1,0
"A0341_hejolh.raw",1,255,0,1,1,1,510.859,1784.384,3139496,3139516,0,3044056,3044056,0,29268,12.499,1771.885,1048576,312380,8f76799a25c35693cfd2ecd956f9316697b53875179f55186a070d8e506a76e4,1,0
"A0342_lp6gkv.raw",1,255,0,1,1,1,551.437,1780.538,3139476,3139516,0,3044056,3044056,0,29268,11.701,1768.837,1048576,312380,ac292d84c001121126eb8644c5fea39990118cdda2a421d2105aadfae2f945bf,1,0
"A0343_y3pszq.raw",1,255,0,1,1,1,511.168,1781.161,3139496,3139516,0,3044056,3044056,0,29268,11.655,1769.506,1048576,312380,53391b419a9f761c0a723078543baa03346622cd23d72834986ba1d6fea3911a,1,0
"A0344_ptvhiq.raw",1,255,0,1,1,1,502.271,1782.970,3139496,3139516,0,3044056,3044056,0,29268,12.520,1770.450,1048576,312380,1b9571d01deb45504fbd1689cd8471154dfdba5830e94e977cb127459d70fcda,1,0
"A0345_wetetm.raw",1,255,0,1,1,1,551.339,1781.141,3139476,3139516,0,3044056,3044056,0,29268,11.631,1769.510,1048576,312380,24d51c50e58b3a711ec4eae3b3b42c6dec6d92aeb724278fe9f6029da3b9d9fe,1,0
"A0346_jhdhsf.raw",1,255,0,1,1,1,624.896,1780.516,3139476,3139516,0,3044056,3044056,0,29268,11.671,1768.845,1048576,312380,26bc399aac6df1062bd18726b266eea3546a2b660f14453e8d929ac5802094aa,1,0
"A0347_qjv2cy.raw",1,255,0,1,1,1,563.561,1782.488,3139476,3139516,0,3044056,3044056,0,29268,11.622,1770.866,1048576,312380,de1efec8f3eee67fc21a132196a6dacb42fdc5676e5f30f1f9df2182c3a8b79b,1,0
"A0348_g7ge9x.raw",1,255,0,1,1,1,513.773,1780.899,3073948,3073980,0,2978520,2978520,0,29268,11.694,1769.205,1048576,312380,a88dfce046fc3fd9ec3ecf27d8a3bca9d4a1e91420dc67d8f1457f01a4fd56c0,1,0
"A0349_lbh80x.raw",1,255,0,1,1,1,524.808,1782.281,3073920,3073980,0,2978520,2978520,0,29268,11.700,1770.581,1048576,312380,2ded8c0cc0152be61ba61544689380fa2f1c7824ef913d376a92a996e667ff3f,1,0
"A0350_tex9fb.raw",1,255,0,1,1,1,509.417,1780.502,3073940,3073980,0,2978520,2978520,0,29268,11.741,1768.761,1048576,312380,512ced4fec501089a10945e7529ea429d034d3b5ea0e5e209385de995a8c78ee,1,0
"A0352_zvdebj.raw",1,255,0,1,1,1,595.686,1780.243,3073920,3073980,0,2978520,2978520,0,29268,11.653,1768.590,1048576,312380,d72b654e193e0dc0082e760ce2ac87ff84eb3cf409c56cc04f5745124c8fa1b4,1,0
"A0353_cssdbg.raw",1,255,0,1,1,1,561.224,1778.916,3073920,3073980,0,2978520,2978520,0,29268,11.743,1767.173,1048576,312380,47e80c8bfadeca5e2d7b0777238f366644f2a88ad9c0427585994f89aa0af555,1,0
"A0354_syikha.raw",1,255,0,1,1,1,537.623,1782.625,3073920,3073980,0,2978520,2978520,0,29268,11.706,1770.919,1048576,312380,292ec03a2942ed1ce5f9861e59799ca46eb9e87db6d368895523b6c6de7cd95e,1,0
"A0355_d5zrql.raw",1,255,0,1,1,1,520.071,1780.952,3073928,3073980,0,2978520,2978520,0,29268,11.674,1769.278,1048576,312380,3b96410f1037bd0e3685ab102dcc92742f39caaf69992ba0b663683fce13550e,1,0
"A0356_ew2wb9.raw",1,255,0,1,1,1,510.503,1781.012,3073948,3073980,0,2978520,2978520,0,29268,11.687,1769.325,1048576,312380,ab68f8aa51b2ed455daf7a3573fe1ea90ddf82cd9e6d8cd289f7086aacce7725,1,0
"A0357_jyzhgd.raw",1,255,0,1,1,1,509.844,1779.310,3073948,3073980,0,2978520,2978520,0,29268,11.750,1767.560,1048576,312380,784a4b3c47233ee677bbe2465f21c2154ffa315eab7fd2af1414911db2528752,1,0
"A0358_azetfv.raw",1,255,0,1,1,1,539.393,1781.269,3073920,3073980,0,2978520,2978520,0,29268,11.767,1769.502,1048576,312380,6d32d6b1f76b5186909476ef0702da5cfcf19c26b9441d046700dba9dc2a2dd6,1,0
"A0359_pqllv9.raw",1,255,0,1,1,1,511.869,1780.604,3073948,3073980,0,2978520,2978520,0,29268,11.698,1768.906,1048576,312380,e666b59ee13251a90fbd2b6e1073943da3ce18ad04697c2ee5a89ab07e6cdd3c,1,0
"A0360_pwtuqo.raw",1,255,0,1,1,1,544.271,1781.909,3073920,3073980,0,2978520,2978520,0,29268,11.703,1770.206,1048576,312380,be292bc54cdaf86b23917a9c4ba145c2158b757bfcd0c1b88e758fc2d16efc70,1,0
"A0361_cjbzmd.raw",1,255,0,1,1,1,572.846,1783.515,3073920,3073960,0,2978520,2978520,0,29268,12.199,1771.316,1048576,312380,ef16d5b8d7780780fcd2cca5ffe07dacb8dbe80b6bbc2460eb57a97e0bf2cd7c,1,0
"A0362_ogt4km.raw",1,255,0,1,1,1,626.866,1780.950,3073940,3073960,0,2978520,2978520,0,29268,11.767,1769.183,1048576,312380,726972b5aa03c72ab59a48ec804412c5c930b6a754d0d996cbc3f0fba285d6bd,1,0
"A0363_njr5v5.raw",1,255,0,1,1,1,728.420,1781.717,3073940,3073960,0,2978520,2978520,0,29268,11.777,1769.940,1048576,312380,be200d497565d101d1f588fa93dc0edc4e743b471918afbfccc0c2c3b07f6627,1,0
"A0364_layfgn.raw",1,255,0,1,1,1,550.803,1781.209,3073940,3073960,0,2978520,2978520,0,29268,11.899,1769.310,1048576,312380,444877b0e6d3aff1b3e175d778c972c4a39d4668a34ba50b52e11547085adecc,1,0
"A0365_btvcvn.raw",1,255,0,1,1,1,550.299,1782.367,3073940,3073960,0,2978520,2978520,0,29268,11.762,1770.605,1048576,312380,026ca75d14e7c40d5c3758830ec9e2767c6c3bc27e088322e7cf092c5f5b5411,1,0
"A0366_km2ell.raw",1,255,0,1,1,1,495.135,1779.754,3073960,3073960,0,2978520,2978520,0,29268,11.665,1768.089,1048576,312380,43fb16f4e0c7b97facdadb11b0c5fce5900ccb378975eba55cbe89ceb33285ad,1,0
"A0367_ruqycj.raw",1,255,0,1,1,1,698.860,1781.753,3073940,3073960,0,2978520,2978520,0,29268,11.756,1769.997,1048576,312380,6bcf662b21ebb88f19cd9bf98d28c38a1ebedd924c5bc08c4a762f426eb1c222,1,0
"A0368_bsgs52.raw",1,255,0,1,1,1,635.744,1780.220,3073940,3073960,0,2978520,2978520,0,29268,11.648,1768.572,1048576,312380,d355ae0c346e0e2b89cedee122e7f2df48290968c3a82eb47452a5b5d902e2d2,1,0
"A0369_s4pwkw.raw",1,255,0,1,1,1,608.513,1783.187,3073960,3073980,0,2978520,2978520,0,29268,12.556,1770.631,1048576,312380,eba455f30b84129208e7a86e675decd744750c92bea70f1b7032aef4f750e397,1,0
"A0370_wfarv0.raw",1,255,0,1,1,1,646.726,1781.053,3073920,3073960,0,2978520,2978520,0,29268,11.631,1769.422,1048576,312380,549cf247a33b097daa62dfcabefa0a12d075da07730e4a9dabc56cd23739bc67,1,0
"A0371_joxrak.raw",1,255,0,1,1,1,717.925,1781.057,3073940,3073960,0,2978520,2978520,0,29268,11.727,1769.330,1048576,312380,f82f3f99bed2ebe1b19831dfa8df3b3d7b8fd12c38465bafaa78c24cc3043572,1,0
"A0372_zoohxs.raw",1,255,0,1,1,1,563.860,1781.010,3073940,3073960,0,2978520,2978520,0,29268,11.721,1769.289,1048576,312380,57f50b4bdf6d7c50df58e3338001d7a8e35b0a0750052afa5ed96319712c81c3,1,0
"A0373_z41pvo.raw",1,255,0,1,1,1,575.015,1781.881,3073936,3073960,0,2978520,2978520,0,29268,12.521,1769.360,1048576,312380,545016398796fe5f16f1a425de40a9d9d7dc6bd441f16d81bf71a9eee03499e2,1,0
"A0374_r21kou.raw",1,255,0,1,1,1,755.170,1780.238,3073960,3073960,0,2978520,2978520,0,29268,11.675,1768.563,1048576,312380,942ea19876e1b9369c0c2d0e388ac5f1704386d57bfc33b7816cfba86eee3c28,1,0
"A0376_thu5jh.raw",1,255,0,1,1,1,707.512,1781.480,3073940,3073960,0,2978520,2978520,0,29268,11.721,1769.759,1048576,312380,5b83142c0f4bd5dce6afae91c817e19479793425de38eef96f121800d655ca3d,1,0
"A0377_kkzhwn.raw",1,255,0,1,1,1,585.943,1782.272,3073940,3073960,0,2978520,2978520,0,29268,11.711,1770.561,1048576,312380,2af925d04a8902ab8bfdde54e6372f83e6837b6c04ee6b5dc6e69799ac675f83,1,0
"A0378_wigkro.raw",1,255,0,1,1,1,514.639,1783.426,3073940,3073960,0,2978520,2978520,0,29268,11.803,1771.623,1048576,312380,e67510a87d17d3d1ed77f99a30abf525ca27c02bd28e83cbd84c84fc2ddc3224,1,0
"A0379_hbssm3.raw",1,255,0,1,1,1,870.930,1782.392,3073960,3073980,0,2978520,2978520,0,29268,11.706,1770.686,1048576,312380,7695da8092bcbf677646a00ae145ad60d157c901275d06d747c78097d71a7f48,1,0
"A0380_tjsogc.raw",1,255,0,1,1,1,723.259,1782.361,3073940,3073960,0,2978520,2978520,0,29268,11.717,1770.644,1048576,312380,6b2ff8b6b8e0879da141601324805616349b9860f6196d4c3cbff7520088746a,1,0
"A0381_rm2xed.raw",1,255,0,1,1,1,635.044,1781.295,3073940,3073960,0,2978520,2978520,0,29268,11.697,1769.598,1048576,312380,ef6aedb14d309fd7505665a0c86c89c8528d04df76531d777593941eec5b27d9,1,0
"A0382_s5qt3h.raw",1,255,0,1,1,1,613.797,1783.466,3073940,3073960,0,2978520,2978520,0,29268,12.545,1770.921,1048576,312380,8f340d64812614ef25ea917bead9bb95445de5880673f9801fc119a48dd25169,1,0
"A0383_vvjhh8.raw",1,255,0,1,1,1,736.350,1781.490,3073940,3073960,0,2978520,2978520,0,29268,11.840,1769.650,1048576,312380,fcd5ced31bb8d57ef10fd3ae6c788e1ff95fc8d46d472c2614f1fe37dd86d67d,1,0
"A0384_z6tazi.raw",1,255,0,1,1,1,528.986,1780.833,3073940,3073960,0,2978520,2978520,0,29268,11.667,1769.166,1048576,312380,a599cce1290927ce7f8ea479fa98be7bb2a63d132c76ef2e0f362618e76ce1d8,1,0
"A0385_k1aoy5.raw",1,255,0,1,1,1,611.702,1782.673,3073940,3073960,0,2978520,2978520,0,29268,12.521,1770.152,1048576,312380,9694ef3ee10b0032e6b250aba6b4e0c5e83b08b30413fc449a6ab07f2acb9c78,1,0
"A0386_mjlxio.raw",1,255,0,1,1,1,521.689,1783.329,3073940,3073960,0,2978520,2978520,0,29268,12.478,1770.851,1048576,312380,7497f823de74e0228cee45c365caa7c044d35ec7a05c6b0f1ec9c979aaafd6e4,1,0
"A0387_ynmcl2.raw",1,255,0,1,1,1,552.513,1783.695,3073940,3073960,0,2978520,2978520,0,29268,11.702,1771.993,1048576,312380,33dde3992d2f8b833ff753629f1ab62d59ecb44369f41c85b97d297ec23684aa,1,0
"A0388_trhvtl.raw",1,255,0,1,1,1,756.383,1782.132,3073980,3073980,0,2978520,2978520,0,29268,11.714,1770.418,1048576,312380,b06a885afb161cb044ac1dfbb8a8f417841f1e1bf8d5fe0f29715682ad6bdecb,1,0
"A0389_kemn1f.raw",1,255,0,1,1,1,572.705,1781.657,3073940,3073960,0,2978520,2978520,0,29268,11.669,1769.988,1048576,312380,f2d04afcb5f03f08c4a7ef470fcdae33728cc583bcd4f46dc5e604147997b9ae,1,0
"A0390_hnpat7.raw",1,255,0,1,1,1,509.826,1782.846,3073924,3073960,0,2978520,2978520,0,29268,12.616,1770.230,1048576,312380,b3fbdbc794b3fa1aab03b7512015142b0559784d1221c4d89c748431bbdc292d,1,0
"A0391_fsubq3.raw",1,255,0,1,1,1,663.788,1781.056,3073940,3073960,0,2978520,2978520,0,29268,11.737,1769.319,1048576,312380,c117adea88f388dc5004663591b0936dbe6eaf70685c0500cc9c5ee57567a4c3,1,0
"A0392_oc7uwv.raw",1,255,0,1,1,1,701.799,1781.812,3073940,3073960,0,2978520,2978520,0,29268,11.734,1770.078,1048576,312380,9b4e8e59f7c1fb2de310c482c41e52e59a5515ecebc572f82f2c017456f99a76,1,0
"A0393_ebtlw8.raw",1,255,0,1,1,1,639.739,1780.925,3073940,3073960,0,2978520,2978520,0,29268,11.675,1769.250,1048576,312380,899f2b997c4da7df45239a7e3c1ecf87ba38530b000fb481d85e62541be84689,1,0
"A0394_pryct3.raw",1,255,0,1,1,1,928.287,1781.226,3073940,3073960,0,2978520,2978520,0,29268,11.669,1769.557,1048576,312380,95fe4745e900064c2f65cdec4a51953afecd2cce2ca162e81202ba65edbcfe54,1,0
"A0395_pswwpv.raw",1,255,0,1,1,1,630.164,1781.019,3073940,3073960,0,2978520,2978520,0,29268,11.632,1769.387,1048576,312380,c2e28454c7ddc89c49b2aba67b84fafa726f8a69a9bbe5744ce457512d12e1be,1,0
"A0396_lfswc9.raw",1,255,0,1,1,1,496.066,1785.813,3073960,3073960,0,2978520,2978520,0,29268,12.876,1772.937,1048576,312380,9b6cc66fffc2b55ead7029bccc14fbb3b2b1ddb866eb72337af85d73e6022cf7,1,0
"A0397_kfddhc.raw",1,255,0,1,1,1,479.197,1782.093,3073960,3073980,0,2978520,2978520,0,29268,11.901,1770.192,1048576,312380,3fb3a5d96b996675c0f6eb95f95a5cc5cf120a2f0b168ffbf1fcc0949cc08b03,1,0
"A0398_vk698p.raw",1,255,0,1,1,1,617.430,1781.189,3073940,3073960,0,2978520,2978520,0,29268,11.727,1769.462,1048576,312380,04089b8441dd5b15b5c283e7e932e657eaac74b53df1cfdb2eab5cbed5e5b41d,1,0
"A0399_rbwika.raw",1,255,0,1,1,1,685.192,1781.371,3073940,3073960,0,2978520,2978520,0,29268,11.707,1769.664,1048576,312380,6cb3fdee1ed9d2538d965bbb48f89ac31e3238a66f80c2e2c01ff67e9bb6b3d4,1,0
"A0400_eqg00u.raw",1,255,0,1,1,1,539.645,1779.595,3073940,3073960,0,2978520,2978520,0,29268,11.703,1767.892,1048576,312380,120f3c081dad5d9267ffa53f896b43ea5422b212863c7e6c18a94403f58db78b,1,0
"A0401_rilc1b.raw",1,255,0,1,1,1,489.337,1782.050,3073960,3073960,0,2978520,2978520,0,29268,12.888,1769.162,1048576,312380,8fef6f1fec190c71fd6b21257ed64877873d9efc2d282953abd1eb260a3ec38f,1,0
"A0402_w0vt9h.raw",1,255,0,1,1,1,743.487,1781.378,3073960,3073960,0,2978520,2978520,0,29268,11.694,1769.684,1048576,312380,fff3ed59b361d8b54c22f88dd598cb576c14f02f9ff8776b5e44e1ca2994de94,1,0
"A0403_wffqhr.raw",1,255,0,1,1,1,512.763,1782.526,3073940,3073960,0,2978520,2978520,0,29268,12.431,1770.095,1048576,312380,a854289b58ab6b37ad78968b938d694b0d2cd63ea96930ef2cec4479c4f1426c,1,0
"A0404_uzsvg8.raw",1,255,0,1,1,1,634.131,1781.684,3073940,3073960,0,2978520,2978520,0,29268,11.702,1769.982,1048576,312380,c9e0136c09881e7b41688ebc736f11cfbc20fe66d1d239e2cf51e14a2870b74b,1,0
"A0405_tg9teh.raw",1,255,0,1,1,1,662.766,1777.615,3073940,3073960,0,2978520,2978520,0,29268,11.752,1765.863,1048576,312380,445f9f1dcb092769f7b07f15f339d09cf0c190ad6d35afb9e18e8aa9bd7b918e,1,0
"A0406_zflebv.raw",1,255,0,1,1,1,540.776,1779.889,3073960,3073980,0,2978520,2978520,0,29268,11.912,1767.977,1048576,312380,efc21d7cfc643a2199d72b6c3b3f248c444552e5cc8595e5497af38f2adf1d47,1,0
"A0407_rbgpmh.raw",1,255,0,1,1,1,600.389,1780.218,3073940,3073960,0,2978520,2978520,0,29268,11.704,1768.514,1048576,312380,b29567912845404b2043db0cc6af03f540ff985ba29393f3ddafcbf112c1187e,1,0
"A0408_f7y5c6.raw",1,255,0,1,1,1,1019.379,1782.100,3073940,3073960,0,2978520,2978520,0,29268,11.719,1770.381,1048576,312380,cd308b821d37b3482f97e76d9f5c8981fa4a7f58b996bf97ed642af6e37a7f09,1,0
"A0409_e4wdni.raw",1,255,0,1,1,1,471.984,1782.848,3073940,3073960,0,2978520,2978520,0,29268,11.769,1771.079,1048576,312380,c7e565833629bb8f9ecd221eb2ab8cb4289419cdbf93f85c6c1bd865c8b7bfc8,1,0
"A0410_dojvrg.raw",1,255,0,1,1,1,772.338,1781.139,3073940,3073960,0,2978520,2978520,0,29268,11.663,1769.476,1048576,312380,294e4b8a1f77caeda7befbadd347d331962cbe9c3469544d6b50b09d21b27d0c,1,0
"A0411_dfilzh.raw",1,255,0,1,1,1,732.834,1783.235,3073940,3073960,0,2978520,2978520,0,29268,11.823,1771.412,1048576,312380,87eef430ef4236564a1df0f634b841662bebfccddd86b9938cb0e5b3b4204ad5,1,0
"A0412_n3jvir.raw",1,255,0,1,1,1,612.297,1782.916,3073940,3073960,0,2978520,2978520,0,29268,12.236,1770.680,1048576,312380,28a3b15fa8adbc9132f1ce53bb25226ad77f7130875b99b631a8b5e36bf54212,1,0
"A0413_g1j1dn.raw",1,255,0,1,1,1,627.358,1781.720,3073940,3073960,0,2978520,2978520,0,29268,11.716,1770.004,1048576,312380,13882d8bfae5d7268bc1f4e67ba5d94ce4d7b2158e1881c6aad8668e42e821ad,1,0
"A0414_lv2t3u.raw",1,255,0,1,1,1,565.748,1783.484,3073940,3073980,0,2978520,2978520,0,29268,11.690,1771.794,1048576,312380,138a948cc2ca71c70dee3d25a44b0ab8568e91be51f447f5fc5c9e743344fdf8,1,0
"A0415_vah7zi.raw",1,255,0,1,1,1,682.995,1779.681,3073940,3073960,0,2978520,2978520,0,29268,11.728,1767.953,1048576,312380,166c02daa3d185ce0a5d2df4f947fb3d3f4db3cd562897eff03db4c6a7689af5,1,0
"A0416_scjbfe.raw",1,255,0,1,1,1,637.626,1781.092,3073940,3073960,0,2978520,2978520,0,29268,11.699,1769.393,1048576,312380,2e8c0ff2223e04de26e2890725f6867c3b468db439e9e176494ca2c258b55a28,1,0
"A0417_ad97qt.raw",1,255,0,1,1,1,616.809,1781.762,3073940,3073960,0,2978520,2978520,0,29268,11.719,1770.043,1048576,312380,0d2b2e7a7e03c1c782aada10da8441f4b4d273d31e01acc586b94f34b345e9ba,1,0
"A0418_qs0nro.raw",1,255,0,1,1,1,925.808,1780.390,3073940,3073960,0,2978520,2978520,0,29268,11.740,1768.650,1048576,312380,a7b4805b3f217f66c01156637ec22e3f3f6869d983d25ec17f0d2f5e346b4eb3,1,0
"A0419_ahvcmt.raw",1,255,0,1,1,1,629.468,1779.857,3073940,3073960,0,2978520,2978520,0,29268,11.718,1768.139,1048576,312380,63152b84fb7194f8df02a83cb8867075d62ae3e35d4960d0fc5942921da5a396,1,0
"A0420_vsemxf.raw",1,255,0,1,1,1,627.286,1782.806,3073940,3073960,0,2978520,2978520,0,29268,11.727,1771.079,1048576,312380,fa6bdca230f910061d7fd0c395b198a4e9e9b1ed36530ebd52d9e97bf132f578,1,0
"A0421_keuvyd.raw",1,255,0,1,1,1,557.661,1779.927,3073940,3073960,0,2978520,2978520,0,29268,11.643,1768.284,1048576,312380,f5649cb703cb08f1a9274bb79794973aa5b5717e1839461255edc5fba9e3bb33,1,0
"A0422_r5hsns.raw",1,255,0,1,1,1,530.396,1781.433,3073940,3073960,0,2978520,2978520,0,29268,11.679,1769.754,1048576,312380,47d9810d055468370d7dffe886d4ae856b392ab05200adab5016e9335e40fbd5,1,0
"A0423_tvwfxt.raw",1,255,0,1,1,1,690.262,1780.700,3073960,3073980,0,2978520,2978520,0,29268,11.622,1769.078,1048576,312380,3452c223f3f92a55d2a5de64ba7438318d1dcc0b6528835c8b9f9c9b8b816f9d,1,0
"A0424_dpdtdp.raw",1,255,0,1,1,1,748.716,1781.074,3073960,3073960,0,2978520,2978520,0,29268,11.738,1769.336,1048576,312380,ab7e6a326d72ae0d3c3925059e2c932402220ee100736e619fad90694a1c4065,1,0
"A0425_zb0vdx.raw",1,255,0,1,1,1,910.179,1781.802,3073940,3073960,0,2978520,2978520,0,29268,11.746,1770.056,1048576,312380,c2e5b16d1f6de2f6336d8cb85bd0c9fce1e2a1462f52ef6c1231ab0d763f6f5b,1,0
"A0426_hddmf6.raw",1,255,0,1,1,1,1041.029,1779.684,3073940,3073960,0,2978520,2978520,0,29268,11.634,1768.050,1048576,312380,e595671f2a8f8165f7fe5ed8b147cdb67754da1666fcdf63a931b197028d37b3,1,0
"A0427_crhssy.raw",1,255,0,1,1,1,619.255,1778.864,3073940,3073960,0,2978520,2978520,0,29268,11.699,1767.165,1048576,312380,84a558d01d9842c8b826d45441560ac33ddf7b8231d0eed4536b208e370abc0d,1,0
"A0428_xgl8bw.raw",1,255,0,1,1,1,738.688,1781.140,3073960,3073960,0,2978520,2978520,0,29268,11.636,1769.504,1048576,312380,c33768a6a51f04a730b1bb8e30172c861ab0781a1f21b75fd8f7cb612485977c,1,0
"A0429_lrjppg.raw",1,255,0,1,1,1,613.039,1781.378,3073940,3073960,0,2978520,2978520,0,29268,11.733,1769.645,1048576,312380,d1cf66f854a20a00945023fe25a9928ca8e1f8e32d78477c27e8fe966cd467e0,1,0
"A0430_iohwav.raw",1,255,0,1,1,1,630.797,1780.320,3073940,3073960,0,2978520,2978520,0,29268,11.661,1768.659,1048576,312380,e77efe6086272b12fa533cff27c078181a26bf6f74eeaa0f77f4e21a34dd625d,1,0
"A0431_oknhqk.raw",1,255,0,1,1,1,728.851,1781.131,3073940,3073980,0,2978520,2978520,0,29268,11.761,1769.370,1048576,312380,6006e9f92409fc3b7d85978304d0f69ed573c866cc370c5900591412548bc9d5,1,0
"A0432_r8uyuf.raw",1,255,0,1,1,1,510.984,1783.724,3073960,3073960,0,2978520,2978520,0,29268,12.547,1771.177,1048576,312380,c78be044abc7a402dbb63630e78d489ecb87cb4b19dc4c2a1e82794a687eaf9d,1,0
"A0433_ftsb7l.raw",1,255,0,1,1,1,632.529,1781.773,3073940,3073960,0,2978520,2978520,0,29268,11.825,1769.948,1048576,312380,5af019ca9c69eaf3391c018ead12f80bf9ec1a7cd2311850f14aaf0ff1fa74b6,1,0
"A0434_g58dax.raw",1,255,0,1,1,1,647.844,1781.104,3073940,3073960,0,2978520,2978520,0,29268,11.746,1769.358,1048576,312380,c97e61d8d62520c330995280040a67c64cd1182f192871d9251791ecbad03e0c,1,0
"A0435_vs0v09.raw",1,255,0,1,1,1,1235.445,1780.820,3073960,3073960,0,2978520,2978520,0,29268,11.708,1769.112,1048576,312380,21879407e7873e15f3a56e1f9062a68957bfac508ff602dc0a48d2c5580459ce,1,0
"A0436_rf7nm6.raw",1,255,0,1,1,1,1339.999,1780.653,3073940,3073960,0,2978520,2978520,0,29268,11.695,1768.958,1048576,312380,b63386a3c9e6e2955f69d4be26f1654d8ca2b7a6364a59fab897729f3b4ccaf7,1,0
"A0437_msxuo6.raw",1,255,0,1,1,1,832.844,1780.236,3073940,3073960,0,2978520,2978520,0,29268,11.707,1768.529,1048576,312380,f302ff200b4b78c318ce98d4f5b1f84b81d4076a50bb9fa47bcc9702556d5579,1,0
"A0440_ntynus.raw",1,255,0,1,1,1,610.555,1780.371,3073940,3073960,0,2978520,2978520,0,29268,11.687,1768.684,1048576,312380,afb52966fada95204d7179d174eae19bb38a18de41b190760f5cb28e47fb4b07,1,0
"A0441_v7wwui.raw",1,255,0,1,1,1,824.559,1781.558,3073940,3073980,0,2978520,2978520,0,29268,11.719,1769.839,1048576,312380,223cdadf28451adb1e379a96f31f1d2ed7af2281d34f69fbf4f8f851cd5c04fa,1,0
"A0442_dqkqpe.raw",1,255,0,1,1,1,632.408,1780.654,3073940,3073960,0,2978520,2978520,0,29268,11.693,1768.961,1048576,312380,e0fa6c21e2d91543ba15ea2f7caa6f5cce28d714d42180da12356d76d86f9289,1,0
"A0443_nsskxx.raw",1,255,0,1,1,1,521.390,1781.088,3073940,3073960,0,2978520,2978520,0,29268,11.828,1769.260,1048576,312380,ccb3ef31983af08cd9f388ec05e70ed22e1dfacd463abb8187399bdc31004a25,1,0
"A0444_il9w1f.raw",1,255,0,1,1,1,511.633,1783.619,3073940,3073960,0,2978520,2978520,0,29268,12.534,1771.085,1048576,312380,1bfa823e18be1a7b5b2938d4f1bd946c72a892b269b96c00fa42292ba4deb4e5,1,0
"A0445_qwyknw.raw",1,255,0,1,1,1,734.755,1781.910,3073940,3073960,0,2978520,2978520,0,29268,11.821,1770.089,1048576,312380,a8b7a452a004796a2c7d7791c71e2487cba81c4a5f61899dc4f77bb1f88b3ea3,1,0
"A0446_acwzym.raw",1,255,0,1,1,1,680.168,1782.598,3073940,3073960,0,2978520,2978520,0,29268,11.818,1770.780,1048576,312380,f9dd396ed82caccba652005c77416c48d0fa9e74333e06e971cdbd9daf4d0ccc,1,0
"A0447_ztuewd.raw",1,255,0,1,1,1,678.022,1780.921,3073940,3073960,0,2978520,2978520,0,29268,11.662,1769.259,1048576,312380,22164c6f58efa97baff45ab1916e96329444a1318e8b699c92fa2920e999ca6d,1,0
"A0448_hjoceg.raw",1,255,0,1,1,1,818.299,1782.771,3073940,3073960,0,2978520,2978520,0,29268,12.083,1770.688,1048576,312380,7b9e1c18802c3e06e7962d54aa5638119d6569f2b1d3f06c0f1a9c2c721ff9fa,1,0
"A0449_hchlnu.raw",1,255,0,1,1,1,627.649,1781.152,3073940,3073960,0,2978520,2978520,0,29268,11.697,1769.455,1048576,312380,77b6282c6e91abff7064f29fa4f14bd70215112fccaeae8da65123c9a7c7e164,1,0
"A0450_r9v6aw.raw",1,255,0,1,1,1,630.943,1780.133,3073960,3073980,0,2978520,2978520,0,29268,11.663,1768.470,1048576,312380,5ee3063ce7ba3d1d5953b420b4b4249751e99d02aa5740f2c50defe5426b454f,1,0
"A0451_cjyaqu.raw",1,255,0,1,1,1,626.299,1782.931,3073940,3073960,0,2978520,2978520,0,29268,11.646,1771.285,1048576,312380,277103eb70aed96cf7382cacf9ba4acb2d5e1ab80ab5ea84ba5efa0f229b6ee4,1,0
"A0452_m0ut30.raw",1,255,0,1,1,1,623.645,1780.992,3073940,3073960,0,2978520,2978520,0,29268,11.684,1769.308,1048576,312380,fdeabd445b39a5516d6a8287ba8702391424b17dace143ea95c1c3c8feb0d761,1,0
"A0453_dvu9kl.raw",1,255,0,1,1,1,713.563,1780.461,3073940,3073960,0,2978520,2978520,0,29268,12.542,1767.919,1048576,312380,7b8a5483def32ad412a1419a1337e9eb77dcf3bb6644ecfe03b105ceaea473f0,1,0
"A0454_jk4df0.raw",1,255,0,1,1,1,633.305,1779.778,3073940,3073960,0,2978520,2978520,0,29268,11.693,1768.085,1048576,312380,ce70c96557edc13439625711f1ab04a387542ae7c93176189f00b47647170322,1,0
"A0455_zaucsk.raw",1,255,0,1,1,1,1138.520,1780.219,3073940,3073960,0,2978520,2978520,0,29268,11.705,1768.514,1048576,312380,666e8963d88930d0267c5a56db8ed448b580b2bf2891b5e4306eecd11d6c84c4,1,0
"A0456_q4rdoh.raw",1,255,0,1,1,1,622.642,1781.325,3073940,3073960,0,2978520,2978520,0,29268,11.708,1769.617,1048576,312380,2076d580918f93f1f650ed94f0ca56267e8c6de4bc1f41fb58eed2f5c3538372,1,0
"A0457_ygc8fl.raw",1,255,0,1,1,1,950.787,1780.166,3073940,3073960,0,2978520,2978520,0,29268,11.689,1768.477,1048576,312380,f0a1efd351f0454d3b60283286610d0299b766fbd4780cbf13c381062a867ec2,1,0
"A0460_qeqqbx.raw",1,255,0,1,1,1,812.875,1781.795,3073940,3073980,0,2978520,2978520,0,29268,11.718,1770.077,1048576,312380,4467e6f0bfcb1a09ba549cfd9e60b676c698295fe7211661df5276269ff8d466,1,0
"A0461_vyvota.raw",1,255,0,1,1,1,735.842,1781.249,3073940,3073960,0,2978520,2978520,0,29268,11.792,1769.457,1048576,312380,32605b455b2c547cd87d3d9d20e69529ecd5732e9beb8974348c69a7e2b06358,1,0
"A0462_tbli0t.raw",1,255,0,1,1,1,2043.108,1784.774,3073940,3073960,0,2978520,2978520,0,29268,12.545,1772.229,1048576,312380,05168ee6194733ef17cc25a6d4e96757da69f5456f5a941f971b880b8918affa,1,0
"A0463_xlxxae.raw",1,255,0,1,1,1,506.989,1781.797,3073940,3073960,0,2978520,2978520,0,29268,12.048,1769.749,1048576,312380,be3460ec164028e5e62c1f9ab09b5c867ceff34c03474e357c7effa65ce31450,1,0
"A0464_vlecha.raw",1,255,0,1,1,1,534.978,1782.567,3073940,3073960,0,2978520,2978520,0,29268,12.900,1769.667,1048576,312380,5c283aa1a7717c866744ecd39c08c399f1e32815ec457aac8d32ff4a7728e6fe,1,0
"A0465_asowsq.raw",1,255,0,1,1,1,623.495,1782.589,3073940,3073960,0,2978520,2978520,0,29268,11.784,1770.805,1048576,312380,a2d760f6970b1ab708c4ae8b1e0f19ce87a8ed2e5a2df17c479d291754c847e1,1,0
"A0466_swkz2f.raw",1,255,0,1,1,1,621.876,1780.239,3073940,3073960,0,2978520,2978520,0,29268,12.393,1767.846,1048576,312380,9e1a33519fdb2d79c5f4be80a4ed0561ce0e3bc8a3e41135a958dc83832900e4,1,0
"A0467_kefijj.raw",1,255,0,1,1,1,1557.819,1781.612,3073940,3073960,0,2978520,2978520,0,29268,11.898,1769.714,1048576,312380,9b85c621ce295c346eb67e6acf1b95ec97a9199ad5d2f778125f5ab3528f3d29,1,0
"A0468_xznvsy.raw",1,255,0,1,1,1,937.356,1781.033,3073960,3073980,0,2978520,2978520,0,29268,11.702,1769.331,1048576,312380,7387d08f605855afe11def5aaaf25dc5fc1be8c1e10c0dead85da7b75f05c9ce,1,0
"A0469_cjnozm.raw",1,255,0,1,1,1,764.853,1782.689,3073960,3073960,0,2978520,2978520,0,29268,11.712,1770.977,1048576,312380,9920945051c8ca0af07da3222812216581c97b0860588dd86c19a27ff52ca277,1,0
"A0470_sr1crp.raw",1,255,0,1,1,1,536.499,1783.256,3073940,3073960,0,2978520,2978520,0,29268,11.703,1771.553,1048576,312380,8351bc9b2678b672c207d99c417b0e48b023a43a0b59d2ce0d20adf1da8c7937,1,0
"A0471_vegjb2.raw",1,255,0,1,1,1,769.879,1781.888,3073940,3073960,0,2978520,2978520,0,29268,11.682,1770.206,1048576,312380,5f7fab66a6ee264a92d4b9f9eb856d78b46dd62f9c799556dbac813fa5839723,1,0
"A0472_anpbxw.raw",1,255,0,1,1,1,744.463,1781.531,3073960,3073960,0,2978520,2978520,0,29268,11.649,1769.882,1048576,312380,550f9af0d4c2b90e1f348b83ca4c419e36a3cb779853db377c7fa830df8a2b23,1,0
"A0473_f0xhxn.raw",1,255,0,1,1,1,505.590,1781.200,3073940,3073960,0,2978520,2978520,0,29268,11.705,1769.495,1048576,312380,5a259fd0b64e4c159411d5ea0cdb51aff492528f8d4ad0c283899e78ed729401,1,0
"A0474_lcgqt3.raw",1,255,0,1,1,1,629.717,1780.904,3073940,3073960,0,2978520,2978520,0,29268,11.653,1769.251,1048576,312380,635d1ace266ef7c1e7c008882f7c511e7c6c8635e4897767121a96e71cc411ef,1,0
"A0475_izdi4w.raw",1,255,0,1,1,1,626.465,1780.794,3073940,3073960,0,2978520,2978520,0,29268,11.597,1769.197,1048576,312380,744792a623000ecc152baba9d111eba1a9bc9051a92d5a8bfeea8a9e21a3051a,1,0
"A0476_sicood.raw",1,255,0,1,1,1,482.826,1782.867,3073960,3073960,0,2978520,2978520,0,29268,11.864,1771.003,1048576,312380,1cbe184048192dc181d39ad735b080245cdaa43eb1447b28a1fc5b6af96ee80b,1,0
"A0477_hkkbrr.raw",1,255,0,1,1,1,654.742,1781.513,3073960,3073980,0,2978520,2978520,0,29268,11.726,1769.787,1048576,312380,428cf488e84162d10f63a4e3c4de146c70b16fb1f76a3a9962a2370aae7df99e,1,0
"A0478_assip5.raw",1,255,0,1,1,1,937.910,1780.683,3073940,3073960,0,2978520,2978520,0,29268,11.658,1769.025,1048576,312380,4d467691e69c778da303c0f2dd5b316aadba0f4c0d8dc9cb62838cbe7cf879f8,1,0
"A0479_iwl6rk.raw",1,255,0,1,1,1,629.098,1781.101,3073940,3073960,0,2978520,2978520,0,29268,11.670,1769.431,1048576,312380,f7fbdbe46a41ff30ed900d3218dec769a1edb4bf914d5014a7b99dd349773079,1,0
"A0480_d6kou8.raw",1,255,0,1,1,1,711.969,1783.592,3073940,3073960,0,2978520,2978520,0,29268,12.565,1771.027,1048576,312380,16f802976c5fc8fd00c4b103b29b18e901639590265d002d6fb476fae747ee32,1,0
"A0481_tfxlsp.raw",1,255,0,1,1,1,732.967,1781.551,3073940,3073960,0,2978520,2978520,0,29268,11.814,1769.737,1048576,312380,fa0fba25c29fe30e61f15f88565fb418f4c20ca8df750b5c8fb64a9d5025908a,1,0
"A0482_qkkfjr.raw",1,255,0,1,1,1,625.134,1781.710,3073940,3073960,0,2978520,2978520,0,29268,11.732,1769.978,1048576,312380,e654b4b56afb1355e69bac53186bcb4c17eab8b29e4fd252de637f0a3b4c564d,1,0
"A0483_jknnb3.raw",1,255,0,1,1,1,622.134,1781.390,3073940,3073960,0,2978520,2978520,0,29268,11.711,1769.679,1048576,312380,1659fb567a77880a96debb11ed40ad2c3d48ba6f980841a20b96b3c6e3ca35dc,1,0
"A0484_bntigi.raw",1,255,0,1,1,1,740.732,1780.914,3073960,3073960,0,2978520,2978520,0,29268,11.659,1769.255,1048576,312380,45b39e79ec26f4491dae9cd8e584521a697eb40431381c6f373e0516953ce77b,1,0
"A0485_xhwwsw.raw",1,255,0,1,1,1,613.831,1782.870,3073940,3073980,0,2978520,2978520,0,29268,11.742,1771.128,1048576,312380,de52c19084f0d2bfb9ed1821e977f9b9646ecd7f9e960635ff20e57fc4b2d387,1,0
"A0486_tpalip.raw",1,255,0,1,1,1,507.618,1782.950,3073944,3073960,0,2978520,2978520,0,29268,12.442,1770.508,1048576,312380,5df320de95700b4758a69eaad7c043ad640ad8c6cc43c913c6d41dbe53a59ac9,1,0
"A0487_svmkzb.raw",1,255,0,1,1,1,543.992,1780.868,3073940,3073960,0,2978520,2978520,0,29268,11.546,1769.322,1048576,312380,4b7fb30d5f43eb0f35ab02b20a4a10725dac6eedf28a3323f3f406e12b84ef45,1,0
"A0488_n1nhui.raw",1,255,0,1,1,1,495.224,1785.174,3073960,3073960,0,2978520,2978520,0,29268,12.720,1772.454,1048576,312380,6c12638c394fb1861f1177573a084c09fb63e38483548e407a77e7f5b66599d2,1,0
"A0489_r5fgah.raw",1,255,0,1,1,1,514.053,1782.803,3073940,3073960,0,2978520,2978520,0,29268,11.953,1770.850,1048576,312380,77672267e508fa2352c2fd96d97f39b4ac24230787d0ab7e88480ca3745c07be,1,0
"A0490_qgy6rp.raw",1,255,0,1,1,1,530.682,1783.038,3073940,3073960,0,2978520,2978520,0,29268,12.299,1770.739,1048576,312380,9089b05eb7243b5c7970f3d8cd26d97923c17fe56a848762f3534f517bd34350,1,0
"A0491_i88loc.raw",1,255,0,1,1,1,543.474,1781.248,3073940,3073960,0,2978520,2978520,0,29268,11.605,1769.643,1048576,312380,8e7675b056512f6ba73e9b41e390d22d94fa662d016efee6b920727a441a5e51,1,0
"A0492_swhvle.raw",1,255,0,1,1,1,487.805,1782.331,3073960,3073960,0,2978520,2978520,0,29268,11.684,1770.647,1048576,312380,ac13bcd56de5d5ce1fdd224e3aae74bd75851e90fdaa69ff91f4388237e60f21,1,0
"A0493_o51twc.raw",1,255,0,1,1,1,524.699,1782.288,3073940,3073960,0,2978520,2978520,0,29268,11.995,1770.293,1048576,312380,d46b3cb70df178d053edc818809ce86b3c75ccab449bf54886f65979c35cbe4d,1,0
"A0494_mqhtek.raw",1,255,0,1,1,1,521.439,1781.435,3073940,3073960,0,2978520,2978520,0,29268,12.029,1769.406,1048576,312380,b5cfeb2f8ba8b76ee94a43fa4fa2074636e33690ad8cac052dd08a71a896e0a3,1,0
"A0495_y2b89h.raw",1,255,0,1,1,1,501.132,1783.090,3073960,3073960,0,2978520,2978520,0,29268,11.733,1771.357,1048576,312380,d47a277ee0f1d0f220962f01ffed668d2a47579d45060265697a8f7cc93d44ef,1,0
"A0496_vm1dk9.raw",1,255,0,1,1,1,524.063,1782.535,3073940,3073960,0,2978520,2978520,0,29268,11.701,1770.834,1048576,312380,7f07f0c27354353eddaac516a1066db33a5f5d0089a761289daff112437a7f5b,1,0
"A0497_eamtyq.raw",1,255,0,1,1,1,498.924,1781.050,3073960,3073960,0,2978520,2978520,0,29268,11.642,1769.408,1048576,312380,bd588bbb32063eff3bf8ee695437508a226b48eb80c22e72e9f10c7d0bbe6234,1,0
"A0498_lfav63.raw",1,255,0,1,1,1,511.923,1780.961,3073940,3073960,0,2978520,2978520,0,29268,11.577,1769.384,1048576,312380,13a65769768f67ede78502877991a678af29a10d60c4e21be308eac103a6f44b,1,0
"A0499_xne8pi.raw",1,255,0,1,1,1,543.750,1781.406,3073940,3073944,0,2978520,2978520,0,29268,11.588,1769.818,1048576,312380,8d7f0c5d71bc66279b21810546cd95078c252e4b45ef7b60f4c95c291abd9777,1,0
"A0500_xtopuy.raw",1,255,0,1,1,1,541.956,1782.662,3073940,3073960,0,2978520,2978520,0,29268,11.708,1770.954,1048576,312380,61be9c6554dc091e56cef9827a7526d0d99e37bced96b62857651f65b6422cb1,1,0
"A0501_at6y7x.raw",1,255,0,1,1,1,520.723,1782.881,3073940,3073960,0,2978520,2978520,0,29268,11.586,1771.295,1048576,312380,c5891d88021223d56f4abeec1a81d071cc444986198ee162731da294598cc185,1,0
"A0502_p0l3k7.raw",1,255,0,1,1,1,504.439,1782.154,3073960,3073960,0,2978520,2978520,0,29268,11.723,1770.431,1048576,312380,6431d7797261598cbb325f9c7a4c73f613656884cf6afeb746451c4192be89e1,1,0
"A0503_o9cfdx.raw",1,255,0,1,1,1,521.290,1782.110,3073940,3073960,0,2978520,2978520,0,29268,11.605,1770.505,1048576,312380,fab22776ac980d3e8241841264bd4d5d2a6c99a4491e125e31607e29cf204d3d,1,0
"A0504_pyua7m.raw",1,255,0,1,1,1,514.513,1777.897,3073940,3073960,0,2978520,2978520,0,29268,11.564,1766.333,1048576,312380,26f6903f4e4395fb96b473343d6419ceeda31cb4e5729106759e26efc018c5d2,1,0
"A0505_bbbusp.raw",1,255,0,1,1,1,486.979,1781.225,3073960,3073960,0,2978520,2978520,0,29268,11.597,1769.628,1048576,312380,85a30a65d7b53d7ceee7dc116ffa31c36d6d75ff2463d679b79ad989d82dc0af,1,0
"A0506_kadii0.raw",1,255,0,1,1,1,520.042,1785.025,3073940,3073960,0,2978520,2978520,0,29268,11.682,1773.343,1048576,312380,c0046e6b5d25fed82d03b9fbbd7bf08db4976af4cee6d5ca5da94576e7eb6fba,1,0
"A0507_pe5hgg.raw",1,255,0,1,1,1,561.650,1781.581,3073940,3073960,0,2978520,2978520,0,29268,11.668,1769.913,1048576,312380,0c97f0ba67ed0d76748b003a7e3ab7cd17f68ba81ea10c62a5886d0a1394d94b,1,0
"A0508_earveh.raw",1,255,0,1,1,1,514.970,1780.946,3073940,3073960,0,2978520,2978520,0,29268,11.629,1769.317,1048576,312380,f1698ac9450d78f7543512320747137a19dbafd954c90bc392df61d96d9c62d5,1,0
"A0509_va1ytr.raw",1,255,0,1,1,1,513.959,1781.229,3073940,3073960,0,2978520,2978520,0,29268,11.607,1769.622,1048576,312380,5a3b0f8c25532fe9019769d12af651df80040769c454ad5168f17285c3d3a10d,1,0
"A0510_sidcww.raw",1,255,0,1,1,1,503.330,1781.034,3073960,3073960,0,2978520,2978520,0,29268,11.666,1769.368,1048576,312380,80a44806c59e729f738a20db7ea4d734976a935728254c4ef22f21239ae27467,1,0
"A0511_kamyz0.raw",1,255,0,1,1,1,547.729,1782.808,3073940,3073960,0,2978520,2978520,0,29268,11.632,1771.176,1048576,312380,eeac47fd94eae1f9e04fa19b41a2d95a03b1cfd46cce9419f45e8a286a395934,1,0
"A0512_yzhvei.raw",1,255,0,1,1,1,564.671,1781.761,3073940,3073960,0,2978520,2978520,0,29268,11.634,1770.127,1048576,312380,78747f821d164c050ef37b07ac468a86fed53bdb2653ed4a7253139e9a434075,1,0
"A0513_cbwrja.raw",1,255,0,1,1,1,541.004,1782.818,3073940,3073960,0,2978520,2978520,0,29268,12.421,1770.397,1048576,312380,3ea8569ce525fef89c7b75637135add9fb405812580f34dc543129f8820a641e,1,0
"A0514_j9x2cs.raw",1,255,0,1,1,1,551.430,1781.534,3073940,3073960,0,2978520,2978520,0,29268,11.654,1769.880,1048576,312380,e07761cd47c944432952607f08be095756f08534525c363672489cca83de0a55,1,0
"A0515_riyszz.raw",1,255,0,1,1,1,497.070,1782.533,3073960,3073960,0,2978520,2978520,0,29268,12.789,1769.744,1048576,312380,461ee7f3350e36ba5e91d3dd7b655411956d2972c9f7dc43227a92b6d7adeb79,1,0
"A0516_fzplpi.raw",1,255,0,1,1,1,511.795,1780.198,3073960,3073960,0,2978520,2978520,0,29268,12.683,1767.515,1048576,312380,aee79c339c1ca648cc7c33af5ae7d1b201570a1ce8018383582a66a604947b66,1,0
"A0517_azl09d.raw",1,255,0,1,1,1,501.156,1785.364,3073960,3073960,0,2978520,2978520,0,29268,11.648,1773.716,1048576,312380,8ed7a38b4cdd8f36695d57a2aa3ff3a48a4c9e86502e2fcbcd01c673764de57c,1,0
"A0518_ouwrq5.raw",1,255,0,1,1,1,503.429,1781.933,3073960,3073960,0,2978520,2978520,0,29268,11.667,1770.266,1048576,312380,26d5bfb884d707382d89b7f8dc927fab26d2a1da1041009c916cd6e5fac8d22a,1,0
"A0519_fch6p5.raw",1,255,0,1,1,1,517.521,1781.447,3073940,3073960,0,2978520,2978520,0,29268,11.624,1769.823,1048576,312380,09151cdb5946fa84ba21424160ab0f0e1b4599f8a6b017e56b395273ddd77d69,1,0
"A0520_wms8t7.raw",1,255,0,1,1,1,521.290,1781.798,3073940,3073960,0,2978520,2978520,0,29268,11.682,1770.116,1048576,312380,4996599f76e1a8c6f64e4e1b2e13cd4cd06ba3652f227538e71c5f20cddb0888,1,0
"A0521_zrv9be.raw",1,255,0,1,1,1,518.887,1780.790,3073960,3073960,0,2978520,2978520,0,29268,11.588,1769.202,1048576,312380,342bc6c64620cf18250d1a41f9b975b30547e3f6aa4c6ef38193c8c4ee43a997,1,0
"A0522_sdy6pp.raw",1,255,0,1,1,1,485.314,1781.728,3073940,3073960,0,2978520,2978520,0,29268,11.821,1769.907,1048576,312380,0344e77f709672fd29957ff2d25e9ea26b3d5e45d7a84635dae232900b5e8365,1,0
"A0523_my3hwa.raw",1,255,0,1,1,1,508.571,1783.096,3073960,3073960,0,2978520,2978520,0,29268,12.434,1770.662,1048576,312380,4bdb50eae51be04d84f943060741f4dd358ab09a89530f131ae82b488f06a252,1,0
"A0524_eayaz7.raw",1,255,0,1,1,1,538.958,1780.264,3073940,3073960,0,2978520,2978520,0,29268,11.651,1768.613,1048576,312380,93a00f57c03827a4b1e0fbfe80f218cb15abf480d43e45eccb5e02636ed6dd64,1,0
"A0525_ns7v4d.raw",1,255,0,1,1,1,530.332,1782.694,3073940,3073960,0,2978520,2978520,0,29268,11.590,1771.104,1048576,312380,5d80f8898c50534b56facba2f4ceb4090a25d61d29612e577d2977407b89bb59,1,0
"A0526_vc3lwl.raw",1,255,0,1,1,1,525.224,1779.892,3073940,3073960,0,2978520,2978520,0,29268,11.569,1768.323,1048576,312380,b6dbf5fc1ffc8cbedcb8f25c927fa28e92b7f1b8838ad18f3dcb812b20afdc6f,1,0
"A0527_fukqby.raw",1,255,0,1,1,1,549.292,1780.481,3073940,3073960,0,2978520,2978520,0,29268,11.663,1768.818,1048576,312380,cac23da72c8f6e7c24ee1b531a5d922d566592c56b00938b934e5740612985b0,1,0
"A0528_d5qz3n.raw",1,255,0,1,1,1,528.131,1778.872,3073940,3073960,0,2978520,2978520,0,29268,11.655,1767.217,1048576,312380,057069133730a635f590bec5117b2db36dfa53c2842c076246de57ae380c98a1,1,0
"A0529_fqs9ek.raw",1,255,0,1,1,1,568.858,1783.383,3073940,3073960,0,2978520,2978520,0,29268,12.650,1770.733,1048576,312380,7ce1d02a21b413f72544cb3021805241db1d52c58a6941597439d49126aa4bd5,1,0
"A0530_ittubu.raw",1,255,0,1,1,1,581.628,1777.620,3073940,3073960,0,2978520,2978520,0,29268,11.668,1765.952,1048576,312380,81433119fe21cc2da1add81b22d7ee19a5f82bc7a500f6e12e7ec4adc672d186,1,0
"A0531_rh96q9.raw",1,255,0,1,1,1,588.607,1781.730,3073940,3073960,0,2978520,2978520,0,29268,11.619,1770.111,1048576,312380,66e437c71b47ccd36333f82dc4abfe257ad653e2ca567f1e8b96c6d84966db91,1,0
"A0532_shp5kf.raw",1,255,0,1,1,1,530.737,1780.191,3073940,3073960,0,2978520,2978520,0,29268,11.565,1768.626,1048576,312380,628379d12fc40ea5d36ba7f275d55100797d0824f804cbcd5c439e6be9a8aed5,1,0
"A0533_jgfkhr.raw",1,255,0,1,1,1,541.989,1781.405,3073940,3073960,0,2978520,2978520,0,29268,11.576,1769.829,1048576,312380,3aba95c759d127c1dcd74326e204e38b0b58b8dfc61e9095e63d94ebe0886085,1,0
"A0534_q4vdru.raw",1,255,0,1,1,1,487.032,1782.178,3073940,3073960,0,2978520,2978520,0,29268,11.762,1770.416,1048576,312380,139472b7cfd40e35ba09d3d6d529a995b0d0499fe10fb78c2d99213710b1fec7,1,0
"A0535_yeyi8o.raw",1,255,0,1,1,1,508.762,1782.860,3073956,3073960,0,2978520,2978520,0,29268,12.726,1770.134,1048576,312380,162bad5ad5777713d8bd5fdefe30f50b87cf61db7ed11e3f67e5298dfbf7ef3f,1,0
"A0536_ym5n6g.raw",1,255,0,1,1,1,503.676,1784.012,3073960,3073960,0,2978520,2978520,0,29268,11.642,1772.370,1048576,312380,cc83e56359176f328de6a1e5418a6939a7866d1ccbc61100091386428ebacf09,1,0
"A0537_dhqjia.raw",1,255,0,1,1,1,509.623,1784.758,3073960,3073960,0,2978520,2978520,0,29268,11.684,1773.074,1048576,312380,c4e149ca025c04bfdac29b8d6e4348215ad31d75479d95d832b4bed527d31185,1,0
"A0538_usmtyp.raw",1,255,0,1,1,1,539.658,1782.314,3073940,3073960,0,2978520,2978520,0,29268,11.693,1770.621,1048576,312380,38fcb95ad3b2e5f4d0fa2b196733881caeeed5e3913bf09410d3549645cf49c4,1,0
"A0539_yjmbql.raw",1,255,0,1,1,1,663.250,1781.294,3073940,3073960,0,2978520,2978520,0,29268,11.667,1769.627,1048576,312380,de18038c45b15e55ef497b8da7e2c306490efab733a6e4d575808d54f50c3660,1,0
"A0540_nlzdb8.raw",1,255,0,1,1,1,496.092,1783.387,3073960,3073960,0,2978520,2978520,0,29268,12.422,1770.965,1048576,312380,ba76452f9f90c6f2867b6aac71783dec1d5dabe0fb756be2debd335d7ac5614d,1,0
"A0541_yaxz8u.raw",1,255,0,1,1,1,517.265,1781.541,3073940,3073960,0,2978520,2978520,0,29268,12.754,1768.787,1048576,312380,4631df35ff134ca1b9833f167df89a7d14b081d668b7eedbd886754c74bdab90,1,0
"A0542_gd2z73.raw",1,255,0,1,1,1,518.883,1783.423,3073940,3073960,0,2978520,2978520,0,29268,11.939,1771.484,1048576,312380,8e57a7d84864d39a1c6cd06caaa18b12c178bd11761803d6f56104cd1a47f054,1,0
"A0543_zbw18s.raw",1,255,0,1,1,1,533.641,1782.528,3073940,3073960,0,2978520,2978520,0,29268,12.325,1770.203,1048576,312380,cfe3d6c091148bdf5ff116be13beb74b28fced63d3197c59b2abc2c1f5f27e72,1,0
"A0544_ii5kta.raw",1,255,0,1,1,1,505.111,1782.244,3073960,3073960,0,2978520,2978520,0,29268,11.975,1770.269,1048576,312380,022db222e3cf2302155651e63c0d589297651f0b8e14d0f92d3044fe409de790,1,0
"A0545_nnauux.raw",1,255,0,1,1,1,490.603,1780.573,3073960,3073960,0,2978520,2978520,0,29268,11.626,1768.947,1048576,312380,1330f0c7e27bb9e6c559790deec186a81ed84c229c068631207c2a1a06e6ece3,1,0
"A0546_l4sstw.raw",1,255,0,1,1,1,529.985,1783.231,3073940,3073960,0,2978520,2978520,0,29268,11.685,1771.546,1048576,312380,5a97063891601acc25652d0561aedd5cdbed5a4d7750939633fca4a57f46f5ae,1,0
"A0547_urqdkk.raw",1,255,0,1,1,1,527.518,1781.568,3073940,3073960,0,2978520,2978520,0,29268,11.672,1769.896,1048576,312380,948f304534d604d83132118eddeef32189ecd89ef9627ba999acb45d9f92e8fa,1,0
"A0548_oebfwb.raw",1,255,0,1,1,1,516.602,1781.119,3073940,3073960,0,2978520,2978520,0,29268,11.579,1769.540,1048576,312380,de1c3d6b7ccda5c537d910105344341dff4f15cac9b2939c94e257f7b8481dee,1,0
"A0549_foic2s.raw",1,255,0,1,1,1,511.743,1777.614,3073940,3073960,0,2978520,2978520,0,29268,11.656,1765.958,1048576,312380,0b5e28f9fbdf9565d108a0618e94401408dc368d9e5808ee99d7b14f96246b58,1,0
"A0550_lv0l9j.raw",1,255,0,1,1,1,532.342,1782.942,3073940,3073960,0,2978520,2978520,0,29268,11.692,1771.250,1048576,312380,d29f75423bb497318beeb95758df4f70c62de5fac239fd9a1cdbf2844d0d9637,1,0
"A0551_wvilcl.raw",1,255,0,1,1,1,509.775,1780.199,3073940,3073960,0,2978520,2978520,0,29268,11.623,1768.576,1048576,312380,9d75b2e7b2534f3519b639044fb055cb4ebfbd26c688a7d114ef79a039bfc271,1,0
"A0552_akjoqp.raw",1,255,0,1,1,1,572.424,1781.658,3073940,3073960,0,2978520,2978520,0,29268,12.354,1769.304,1048576,312380,98926f501feb960d69c53fbef0d155b59872409827d3509ae122650a450c6285,1,0
"A0553_htgzxm.raw",1,255,0,1,1,1,604.604,1782.772,3073940,3073960,0,2978520,2978520,0,29268,11.687,1771.085,1048576,312380,eaf788b8f87c83f5a9d0cec39a0dda314764e31d9459377e128d476921b64b5a,1,0
"A0554_i4prpo.raw",1,255,0,1,1,1,537.615,1783.094,3073940,3073960,0,2978520,2978520,0,29268,12.569,1770.525,1048576,312380,88bc11daf513bb19dc49f6ee54d3dc724ba8640aba42ee821fae294f0d5cb6b3,1,0
"A0555_isv0te.raw",1,255,0,1,1,1,703.189,1783.014,3073940,3073960,0,2978520,2978520,0,29268,11.967,1771.047,1048576,312380,243aadba4bd3a91f1b844149748883f542577641cb167d4eccd7b1f961d737c0,1,0
"A0556_faycyw.raw",1,255,0,1,1,1,540.237,1782.246,3073940,3073960,0,2978520,2978520,0,29268,12.732,1769.514,1048576,312380,8c706117eb8fbd44f5754211db6cb7a132129fb4a6e2d74eb5ef2e1d0fb08405,1,0
"A0557_atmlcs.raw",1,255,0,1,1,1,571.355,1779.328,3073940,3073960,0,2978520,2978520,0,29268,11.669,1767.659,1048576,312380,bfc595f357df32170fbdbfe2ff686ce2be07ca93acf53bc867e832233267c5fe,1,0
"A0558_i0cs51.raw",1,255,0,1,1,1,514.482,1780.724,3073940,3073960,0,2978520,2978520,0,29268,11.675,1769.049,1048576,312380,4ac579f69b09b5c7e81d7d6ec6de1c3d9c4ad17c71a78c39def23f2be804ce43,1,0
"A0559_spqliz.raw",1,255,0,1,1,1,531.506,1780.432,3073936,3073960,0,2978520,2978520,0,29268,11.647,1768.785,1048576,312380,5976ead4d10533d18b6432583ebb4cf03f050496f7d00c11f43b0f7f7e60975b,1,0
"A0560_dwktsk.raw",1,255,0,1,1,1,513.806,1781.693,3073940,3073960,0,2978520,2978520,0,29268,11.643,1770.050,1048576,312380,fca63381449d94cb05f0b94f5f9f1f9bedeb8c3a048ff73af8c71016f56dbc02,1,0
"A0561_i9r032.raw",1,255,0,1,1,1,551.538,1782.882,3073940,3073960,0,2978520,2978520,0,29268,11.663,1771.219,1048576,312380,e243b3353c74854280638fbebc0c9d4cc40a16a28506851aad77dc952ab3ef39,1,0
"A0562_ei6oeg.raw",1,255,0,1,1,1,519.682,1781.770,3073940,3073956,0,2978520,2978520,0,29268,12.472,1769.298,1048576,312380,6358e4ad9ab32f5f35df89e2b53931ad33c39b43aa981efad03c76a7e4a2e3d3,1,0
"A0563_knj4me.raw",1,255,0,1,1,1,545.589,1782.292,3073936,3073956,0,2978520,2978520,0,29268,11.702,1770.590,1048576,312380,b29b3509655878bf2cbcdf7e64ab5248b678a2fe8d65adf229b504aa3303a87d,1,0
"A0564_evwdra.raw",1,255,0,1,1,1,512.495,1779.895,3073936,3073956,0,2978520,2978520,0,29268,11.660,1768.235,1048576,312380,d7eea5fbb252f7acfe12ccda427c7ea0c2e250782f89ad54405de0fd2a094cf8,1,0
"A0565_dbksyo.raw",1,255,0,1,1,1,531.490,1782.540,3073936,3073956,0,2978520,2978520,0,29268,11.700,1770.840,1048576,312380,ac744ce80984283841c4d71502471cd056740c173884e1d02c642336c1dcc546,1,0
"A0566_sn7wu2.raw",1,255,0,1,1,1,565.056,1780.074,3073936,3073956,0,2978520,2978520,0,29268,11.656,1768.418,1048576,312380,72fb3d18fbf9f73fa42ef46d05b15412905a16a3182b6e48478553e933054560,1,0
"A0567_jnanrf.raw",1,255,0,1,1,1,542.306,1781.207,3073936,3073956,0,2978520,2978520,0,29268,11.561,1769.646,1048576,312380,6317d493a6872362ec0e07a0553eb5448a8915d8bbd97dceac982c1616aa8b37,1,0
"A0568_s9glwg.raw",1,255,0,1,1,1,537.310,1780.222,3073936,3073956,0,2978520,2978520,0,29268,11.646,1768.576,1048576,312380,7b23dacbd7264c1ad8524b21810573b22d3d0a6a88e3aaef4ef21489b3a6721b,1,0
"A0569_e1vypc.raw",1,255,0,1,1,1,511.783,1780.805,3073936,3073956,0,2978520,2978520,0,29268,11.670,1769.135,1048576,312380,04530424082ec209e33a74a1f1d6a8b3db34626ac94c44fbd0968dd2bf3b5a90,1,0
"A0570_fxtrl3.raw",1,255,0,1,1,1,504.515,1777.467,3073956,3073956,0,2978520,2978520,0,29268,11.729,1765.738,1048576,312380,c610abe34bb50c96a42fe5e7c36a9436e5fa22e234c1094167f7409cc9f2fb65,1,0
"A0571_sief6k.raw",1,255,0,1,1,1,505.863,1780.319,3073936,3073956,0,2978520,2978520,0,29268,11.713,1768.606,1048576,312380,df3b4034df00a05758dc052b92534f84c840372401e81ff8deb5879f32dd0db2,1,0
"A0572_v03ba8.raw",1,255,0,1,1,1,525.667,1781.722,3073936,3073956,0,2978520,2978520,0,29268,11.602,1770.120,1048576,312380,00f43c7e997946b95fa376aeb4db67261149a81f82b41189ab131a04fe07fa77,1,0
"A0573_xqffl5.raw",1,255,0,1,1,1,515.252,1782.878,3073936,3073956,0,2978520,2978520,0,29268,12.356,1770.522,1048576,312380,39f682933b5d764436d323ea5d04c62e1dba0d3d7eedb9adba77571f71151aec,1,0
"A0574_lbz9zz.raw",1,255,0,1,1,1,535.413,1776.998,3073936,3073956,0,2978520,2978520,0,29268,11.579,1765.419,1048576,312380,07d6bd4e9fd8fa17299f67ef5039e91fb5a5b25b39b57a302446818493d3ee31,1,0
"A0575_vpxnsv.raw",1,255,0,1,1,1,651.481,1776.536,3073936,3073956,0,2978520,2978520,0,29268,11.648,1764.888,1048576,312380,4e51d0a493c821b2683b1e426de021064b026146c637ca0d70e4066c8ca1e574,1,0
"A0576_hcjuac.raw",1,255,0,1,1,1,517.824,1778.201,3073936,3073956,0,2978520,2978520,0,29268,11.570,1766.631,1048576,312380,383e92f73c35eec1546a763b6293dcae64b96affcbeafe5dd80ed909ce20aedd,1,0
"A0577_cdkzzx.raw",1,255,0,1,1,1,526.378,1781.440,3073936,3073956,0,2978520,2978520,0,29268,11.630,1769.810,1048576,312380,38b501aaacdbda62f98315534aeccc168ef157ac0c2f93d0f172aef611f04ed5,1,0
"A0578_on2wmu.raw",1,255,0,1,1,1,541.259,1776.911,3073936,3073956,0,2978520,2978520,0,29268,11.654,1765.257,1048576,312380,3718bf69aa495704a742f1dc31de4b2de3b39c6b67d08df39c4c31945aacdb44,1,0
"A0579_chs7nw.raw",1,255,0,1,1,1,536.369,1784.587,3073936,3073956,0,2978520,2978520,0,29268,11.579,1773.008,1048576,312380,e803496a13e2cebb7e2aa7d4d84294d82bd114cc1d31d6a0035c6cbb5c4012fa,1,0
"A0580_ynnbef.raw",1,255,0,1,1,1,547.076,1783.223,3073936,3073956,0,2978520,2978520,0,29268,11.708,1771.515,1048576,312380,c6ed958f992e4f7f41409012ae0d60ac82e96423783a855359c530f7d4744706,1,0
"A0581_h5l9cs.raw",1,255,0,1,1,1,578.829,1777.995,3073936,3073956,0,2978520,2978520,0,29268,11.639,1766.356,1048576,312380,5bf7c6ca1359b69b3c65f3dc617168b9bd39eb6ab7605f1c2b67d728f71ad3c5,1,0
"A0582_bqjsii.raw",1,255,0,1,1,1,542.807,1780.041,3073936,3073956,0,2978520,2978520,0,29268,11.671,1768.370,1048576,312380,403d8892e6aeb3b86869d596205fea15cb483b5882115700bccdc82e389c98c5,1,0
"A0583_mplo71.raw",1,255,0,1,1,1,540.198,1777.061,3073936,3073956,0,2978520,2978520,0,29268,11.706,1765.355,1048576,312380,07385b683180846e72755009b41993bb4aa34a27c2487ba73831fdfc293a855a,1,0
"A0584_iwfs4b.raw",1,255,0,1,1,1,556.914,1781.997,3073936,3073956,0,2978520,2978520,0,29268,12.696,1769.301,1048576,312380,1e0f7006ec1e8c343222fb59efd0e3c55f6b48163ead23a1ca0e5036de28b335,1,0
"A0585_menq9v.raw",1,255,0,1,1,1,557.158,1778.204,3073936,3073956,0,2978520,2978520,0,29268,11.642,1766.562,1048576,312380,e5d13a5ed737b73911a87a8ba93ad2a32fbc2afdb723f8713fdb49737722be02,1,0
"A0586_fg0wng.raw",1,255,0,1,1,1,499.789,1782.413,3073956,3073956,0,2978520,2978520,0,29268,12.757,1769.656,1048576,312380,1d5af68faaee8c5a0b55c08aabaeea9c73d5403b1ba6c801d32cb7b6e4ef1917,1,0
"A0587_momwkg.raw",1,255,0,1,1,1,519.615,1779.418,3073936,3073960,0,2978520,2978520,0,29268,12.324,1767.094,1048576,312380,a94f929bfcf9555cc98711c13f46ed65025a1e667383656751f7ba28921a2c9b,1,0
"A0588_n4dijx.raw",1,255,0,1,1,1,544.831,1779.894,3073940,3073960,0,2978520,2978520,0,29268,11.569,1768.325,1048576,312380,45d58d202f20aa4d45adb9c6ee2e4252edd80809f71b2a7e70c1c0fe1a1879e8,1,0
"A0589_xjzlbe.raw",1,255,0,1,1,1,527.266,1778.552,3073940,3073960,0,2978520,2978520,0,29268,11.616,1766.936,1048576,312380,fc748c0eec5576daf263800327ba22ac8e8dc2101eab42d14d688882d5939993,1,0
"A0590_i27ewf.raw",1,255,0,1,1,1,527.949,1776.977,3073940,3073960,0,2978520,2978520,0,29268,11.574,1765.403,1048576,312380,16da102143e276296c14ada6197461875ea33e00119d379e66f4dc5a10f86455,1,0
"A0591_ki5rd1.raw",1,255,0,1,1,1,541.961,1780.805,3073940,3073960,0,2978520,2978520,0,29268,11.677,1769.128,1048576,312380,bf60fb23bfa491c7b9b3b04ce5834f91d9c732cdd8b8d8e2bffdbb145f8f089a,1,0
"A0592_rgvqpl.raw",1,255,0,1,1,1,499.856,1776.660,3073960,3073960,0,2978520,2978520,0,29268,11.775,1764.885,1048576,312380,cafeb94b51a8a9971f4105225f483f5da1d2bbe24fef1441bd4787181fca304e,1,0
"A0593_sxuxxl.raw",1,255,0,1,1,1,515.541,1781.045,3073940,3073960,0,2978520,2978520,0,29268,11.692,1769.353,1048576,312380,f8bf35a121a5b22a2fe509f071133553014ed5d5c78762dab6de0c511cc57d89,1,0
"A0594_p078ft.raw",1,255,0,1,1,1,517.195,1779.085,3073940,3073960,0,2978520,2978520,0,29268,12.447,1766.638,1048576,312380,e696808a2849a981353c78e8b3095cd74b17ab5bb5c9dd4d166b135067197dd7,1,0
"A0595_zetnpm.raw",1,255,0,1,1,1,524.521,1782.280,3073940,3073960,0,2978520,2978520,0,29268,11.711,1770.569,1048576,312380,a0de35896a17401f94affd1c2219c9289feb802e6faea915ad7cd915d76fd47b,1,0
"A0596_qie1ae.raw",1,255,0,1,1,1,510.881,1781.387,3073940,3073960,0,2978520,2978520,0,29268,12.749,1768.638,1048576,312380,ae18ee28084ae88e5fd085fa6b1230f0385320ff4bbfc48b081c06df6ebff0d5,1,0
"A0597_rdg7tz.raw",1,255,0,1,1,1,515.472,1781.637,3073940,3073960,0,2978520,2978520,0,29268,11.908,1769.729,1048576,312380,58d70fb565470e9cbc81e40e430a338acc0a3f08a3707b80ab56da0be3341fb0,1,0
"A0598_b1pg6g.raw",1,255,0,1,1,1,582.953,1776.812,3073940,3073960,0,2978520,2978520,0,29268,11.677,1765.135,1048576,312380,48736b103caea4856cb0e9f519d1584f26aec1d9ac18938500abcac110ebbf30,1,0
"A0599_lyhlth.raw",1,255,0,1,1,1,522.269,1777.328,3073940,3073960,0,2978520,2978520,0,29268,11.625,1765.703,1048576,312380,36e0db7491f279ee6fb77e99ad29929334d7ba6e68862609e058d85e88159196,1,0
"A0600_nkp0p3.raw",1,255,0,1,1,1,532.265,1778.145,3073940,3073960,0,2978520,2978520,0,29268,11.570,1766.575,1048576,312380,07d921f87bb6af1bf20c3e01dd9ed12ed48a8f59934ce935f821d5df2bfe931d,1,0
"A0601_i7vyaq.raw",1,255,0,1,1,1,504.660,1778.407,3073960,3073960,0,2978520,2978520,0,29268,11.625,1766.782,1048576,312380,76d7bc0e998f07595a2db32dd1057cc3c02bd0db02f5ae4181eb197167510029,1,0
"A0602_mpdwwr.raw",1,255,0,1,1,1,519.694,1780.130,3073940,3073960,0,2978520,2978520,0,29268,11.647,1768.483,1048576,312380,3a6bfa9a3c8e131fcaa584a951dc660f22441b99b42c6bddbe96ee0208502da7,1,0
"A0603_lp2rah.raw",1,255,0,1,1,1,503.462,1782.580,3073960,3073960,0,2978520,2978520,0,29268,12.916,1769.664,1048576,312380,0210604f9a28393c98d981c6322f9c58e1ff4c5f2774ab3e39a4bd258e058604,1,0
"A0604_aejyfi.raw",1,255,0,1,1,1,522.517,1783.113,3073940,3073960,0,2978520,2978520,0,29268,12.403,1770.710,1048576,312380,5f8bb8175b462989c7ac22464a3a492613c7c1922b8647d9833d4adb2290119c,1,0
"A0605_nsdrki.raw",1,255,0,1,1,1,512.611,1786.218,3073940,3073960,0,2978520,2978520,0,29268,12.790,1773.428,1048576,312380,b7bb290dde2130f209b18fe722356dce383f031b4f61b4b2b0e7068844ddf7da,1,0
"A0606_sjc7jq.raw",1,255,0,1,1,1,520.758,1781.907,3073940,3073960,0,2978520,2978520,0,29268,12.645,1769.262,1048576,312380,16acbd032e9d428a6e2e2aee49682c75e093494bdc277957077c8fd82b6b796e,1,0
"A0607_ok4fm3.raw",1,255,0,1,1,1,590.517,1776.451,3073940,3073944,0,2978520,2978520,0,29268,11.726,1764.725,1048576,312380,c65d39175af63b7bde0d132a0bcf83c0e12674691b12a0bebd60546b90d3a7d4,1,0
"A0608_aufur4.raw",1,255,0,1,1,1,534.288,1780.880,3073940,3073960,0,2978520,2978520,0,29268,11.665,1769.215,1048576,312380,b6e65cf8c3c4b1850eac1004cac22f4913608e8eb6569e64b0c95aaadf2c1a81,1,0
"A0609_tscimb.raw",1,255,0,1,1,1,566.569,1778.952,3073940,3073960,0,2978520,2978520,0,29268,11.571,1767.381,1048576,312380,9711fe68f3d1be05563ed98e9ca7b773e22d6fef228a07161d4044e5fc2bef6c,1,0
"A0610_fz7qvg.raw",1,255,0,1,1,1,597.089,1780.720,3073940,3073960,0,2978520,2978520,0,29268,11.725,1768.995,1048576,312380,a839ef66a69fd40f9025d882e66a70ed27c4b698910d1e54aa0ce413d293de39,1,0
"A0611_sn0dis.raw",1,255,0,1,1,1,637.627,1783.308,3073940,3073960,0,2978520,2978520,0,29268,12.694,1770.614,1048576,312380,c7b857eccb70660427bf005c24a3ff942c1825928f612a289e4fea2491e27ca3,1,0
"A0612_ty02k6.raw",1,255,0,1,1,1,679.069,1783.139,3073940,3073980,0,2978520,2978520,0,29268,11.641,1771.498,1048576,312380,a17f8a4c3fc8ab955550762eb7388c5aa45ffd477a4914f424a0c22a61f9c8b0,1,0
"A0613_kds5wx.raw",1,255,0,1,1,1,957.357,1782.058,3073940,3073960,0,2978520,2978520,0,29268,11.686,1770.372,1048576,312380,dcbed6e6a90b370da097cece67fcd8a6b923e267c858a817b405a2eefe7ea9c6,1,0
"A0614_ryniaw.raw",1,255,0,1,1,1,1015.773,1779.759,3073940,3073960,0,2978520,2978520,0,29268,11.669,1768.090,1048576,312380,1eda392d819eb66e75c73ddc21013109ae3237264f9300e10df7f89fb7da1a89,1,0
"A0615_tp31h9.raw",1,255,0,1,1,1,930.191,1779.136,3073940,3073960,0,2978520,2978520,0,29268,11.662,1767.474,1048576,312380,aa868c4820710b1523211a131da577f6fae01f126bce9a732680c5bfb0a23048,1,0
"A0616_ly3kod.raw",1,255,0,1,1,1,841.786,1781.082,3073940,3073960,0,2978520,2978520,0,29268,11.712,1769.370,1048576,312380,1ca0e747325db3189618fe40578f08e1c9f3e4456b0f8dca4906a7d74855cd76,1,0
"A0617_hnhxyx.raw",1,255,0,1,1,1,882.196,1781.637,3073940,3073960,0,2978520,2978520,0,29268,11.716,1769.921,1048576,312380,1e94d793df45879cff2fed87aa17f8f292e4a50ce05171c4c3085dffe143ac42,1,0
"A0618_obxrip.raw",1,255,0,1,1,1,866.925,1782.301,3073940,3073960,0,2978520,2978520,0,29268,11.736,1770.565,1048576,312380,717e783017691373284c600b7257ad4b5da189ae0b2ea7745e595d5cf69270e6,1,0
"A0619_nohwmg.raw",1,255,0,1,1,1,934.050,1781.102,3073940,3073960,0,2978520,2978520,0,29268,11.636,1769.466,1048576,312380,78d707af2549a55f03dc4b2005e834b7878abc3baad11108308a07fe171d369e,1,0
"A0620_jkbrxh.raw",1,255,0,1,1,1,834.759,1781.482,3073968,3073980,0,2978520,2978520,0,29268,11.718,1769.764,1048576,312380,902ce5758f90ea4a15ba371d012cee4896438393d7b2b13d5f8bbd360d440bfd,1,0
"A0621_plfsth.raw",1,255,0,1,1,1,910.937,1780.255,3073940,3073960,0,2978520,2978520,0,29268,11.766,1768.489,1048576,312380,e16e9619a09f55feb4915503448c7e4f6b0b418588c89c77fd5829326d06e6d5,1,0
"A0622_qqipcw.raw",1,255,0,1,1,1,974.061,1782.382,3073940,3073960,0,2978520,2978520,0,29268,11.808,1770.574,1048576,312380,ed128c61293c30d0807a5c7fa79acd6a7d6aadba6e3f471d85f634f88143ca30,1,0
"A0623_gcouvg.raw",1,255,0,1,1,1,813.415,1781.758,3073940,3073960,0,2978520,2978520,0,29268,11.691,1770.067,1048576,312380,6a12b7ed0be2dca20048f31e1d66bdada2fbfea55c39402e02594dc5b0f5484b,1,0
"A0624_itvr4o.raw",1,255,0,1,1,1,946.988,1781.823,3073940,3073960,0,2978520,2978520,0,29268,11.701,1770.122,1048576,312380,25ba0a7fd83ceff1458cda184ad8d96ffa8c9e9a4667e0c2a2e1fed28e5070eb,1,0
"A0625_ociik5.raw",1,255,0,1,1,1,931.670,1782.785,3073944,3073960,0,2978520,2978520,0,29268,11.663,1771.122,1048576,312380,f2314e062c5dcca47ef39dadad6da5a2295396251bee9748621e0dc49e265200,1,0
"A0626_tiou4h.raw",1,255,0,1,1,1,1013.708,1777.843,3073936,3073960,0,2978520,2978520,0,29268,11.669,1766.174,1048576,312380,a3d7940f272171ad87ccda5ccfde0a8aa5da9fb13763c5db9fd6afee4e7b2765,1,0
"A0627_g9kvwn.raw",1,255,0,1,1,1,928.244,1781.371,3073940,3073960,0,2978520,2978520,0,29268,11.869,1769.502,1048576,312380,514a911f458e1289224fd5ca4b49184e7155167c4a340badbefffb74a72ecda6,1,0
"A0628_m5syea.raw",1,255,0,1,1,1,948.662,1782.572,3073968,3073980,0,2978520,2978520,0,29268,11.718,1770.854,1048576,312380,8d564876c163cd96ddddd311884aef0ec32f97de888f0a119e8ebdff6939841a,1,0
"A0629_rewfuc.raw",1,255,0,1,1,1,801.148,1780.138,3073940,3073960,0,2978520,2978520,0,29268,11.723,1768.415,1048576,312380,571e048be123d5ad8beab3e0574bf13eb374b58f2b8715cc89e13f6f43bd4063,1,0
"A0630_zkjwlp.raw",1,255,0,1,1,1,817.364,1780.025,3073940,3073960,0,2978520,2978520,0,29268,11.644,1768.381,1048576,312380,758ea97831b121d6c701060c7bc09d61f63c9eb96fdd55c1992d22a8a5765e3d,1,0
"A0631_qesp0w.raw",1,255,0,1,1,1,827.650,1781.764,3073940,3073960,0,2978520,2978520,0,29268,11.651,1770.113,1048576,312380,e469367ca63716c079d05d2434f957991e8d68d6b6bda05ccf77a23e787cebec,1,0
"A0632_xb5z2u.raw",1,255,0,1,1,1,841.951,1781.199,3073940,3073960,0,2978520,2978520,0,29268,11.742,1769.457,1048576,312380,16a98815be69b31163c4f5c1b20930819d242658f1885c32b1df158240080b54,1,0
"A0633_wirreq.raw",1,255,0,1,1,1,914.572,1780.195,3073940,3073960,0,2978520,2978520,0,29268,11.681,1768.514,1048576,312380,cea13cd90025045e36bb12a06f18d492e13e8cc188dd70beea70df7d385c8b88,1,0
"A0634_efv4ae.raw",1,255,0,1,1,1,876.432,1784.114,3073940,3073960,0,2978520,2978520,0,29268,11.741,1772.373,1048576,312380,f46d854d285d4ffffc1f250beb9ab4c1f059f34a2e8acb5d0cb09103c2488111,1,0
"A0635_sk2sjl.raw",1,255,0,1,1,1,888.816,1780.045,3073940,3073960,0,2978520,2978520,0,29268,11.628,1768.417,1048576,312380,0f80f9c8ef64726264c631f573c83d9fdf93c22c9899ce91862caaf170c10b10,1,0
"A0636_qtd8mb.raw",1,255,0,1,1,1,871.001,1781.720,3073940,3073964,0,2978520,2978520,0,29268,11.728,1769.992,1048576,312380,126763fe1ba6fcfbe93ab3fb4cb66aa3d899ec8521a3983258431b27d8a7464e,1,0
"A0637_uoilmo.raw",1,255,0,1,1,1,1010.324,1776.381,3073960,3073960,0,2978520,2978520,0,29268,11.675,1764.706,1048576,312380,951e91bf95d5be4ea315b1ff90bfd1770365d4931720ff145c72f618cffd776c,1,0
"A0638_nwwze3.raw",1,255,0,1,1,1,850.158,1779.846,3073940,3073960,0,2978520,2978520,0,29268,11.633,1768.213,1048576,312380,8f835c4ff4a18772638e5abf72bc45abfd4d2d7cbe6d11a2cab0f2a321db360b,1,0
"A0639_wgyyoo.raw",1,255,0,1,1,1,832.303,1780.674,3073940,3073960,0,2978520,2978520,0,29268,11.710,1768.964,1048576,312380,323ddbe213cedf42a650110e75989ccb009fb13736515ac0a2a69ae85faf21b4,1,0
"A0640_dgyjq1.raw",1,255,0,1,1,1,881.500,1782.545,3073940,3073960,0,2978520,2978520,0,29268,12.805,1769.740,1048576,312380,d43fa64f8f9b072ca6248ac53ca988e7a2be2d0d9b28910eb3b3a987f213f9db,1,0
"A0641_xqdfff.raw",1,255,0,1,1,1,885.953,1781.689,3073940,3073960,0,2978520,2978520,0,29268,11.725,1769.964,1048576,312380,7e219cf3529706e92603c4ef49b53858e11f5659ed44db24af185997f60ba25a,1,0
"A0642_g7rx9w.raw",1,255,0,1,1,1,910.791,1781.677,3073940,3073960,0,2978520,2978520,0,29268,11.721,1769.956,1048576,312380,6195acffff25b1a190367ef7af8d0551711e05f54957f646bf0c8d7b62354140,1,0
"A0643_lrgckf.raw",1,255,0,1,1,1,832.280,1780.372,3073940,3073960,0,2978520,2978520,0,29268,11.736,1768.636,1048576,312380,f8f0997ee6eb584043ddfbfad21679da2a1fceddb1546e22e2e167d73e0b80d1,1,0
"A0644_remdtu.raw",1,255,0,1,1,1,849.829,1780.393,3073940,3073980,0,2978520,2978520,0,29268,11.718,1768.675,1048576,312380,bd5f01fb0f0699240f8cc959214fecf9840ec9bc91ee629a85a1dc66c9c457b8,1,0
"A0645_un8xfo.raw",1,255,0,1,1,1,1117.324,1781.223,3073940,3073960,0,2978520,2978520,0,29268,11.709,1769.514,1048576,312380,94dca5ec3a2ee98f38a322e045027473928caaf5839d67f9e87ab12da74fd4b1,1,0
"A0646_r1e5ug.raw",1,255,0,1,1,1,924.957,1781.650,3073940,3073960,0,2978520,2978520,0,29268,11.695,1769.955,1048576,312380,de7aa13d8f3c2183e82ff9fc1512eb7053171936c0740e8889e4333fe0fc8992,1,0
"A0647_ttzxf3.raw",1,255,0,1,1,1,978.800,1782.462,3073940,3073960,0,2978520,2978520,0,29268,11.854,1770.608,1048576,312380,8059780f3c688abbe9f014c807652a0cc6bd5f096d2b43eb7d9afd95235fb4cd,1,0
"A0648_vuew7a.raw",1,255,0,1,1,1,808.466,1779.164,3073940,3073960,0,2978520,2978520,0,29268,11.714,1767.450,1048576,312380,09a1847ee5933637d4b5a5fe4ff2deb72359b1004b70b53dc41a0eceda82858e,1,0
"A0649_sv5gou.raw",1,255,0,1,1,1,1136.309,1780.694,3073948,3073960,0,2978520,2978520,0,29268,11.656,1769.038,1048576,312380,190901886c0eb4d94d65038b42ca5ec5c816835fabb7683440a22a17889f2cfb,1,0
"A0650_jrwr6j.raw",1,255,0,1,1,1,854.162,1782.219,3073940,3073960,0,2978520,2978520,0,29268,11.640,1770.579,1048576,312380,9bfe82d598e3a276dbab61d385a7c11289bd94d6d8c361f72ff6ca2871a25aef,1,0
"A0651_vhn4py.raw",1,255,0,1,1,1,1396.353,1777.161,3073948,3073988,0,2978520,2978520,0,29268,11.887,1765.274,1048576,312380,e669309c62d79825e8688fa3eeed303a6caa1a64b9bc0d3b1b3f645c4c27fe04,1,0
"A0652_esu1qq.raw",1,255,0,1,1,1,848.471,1779.677,3073948,3073960,0,2978520,2978520,0,29268,11.676,1768.001,1048576,312380,9a01f786adb234933eaff87f23e1b1e5f287139351f849233f6432371b07f789,1,0
"A0653_ztnaae.raw",1,255,0,1,1,1,797.969,1778.562,3073940,3073960,0,2978520,2978520,0,29268,11.750,1766.812,1048576,312380,3392830d6fbcd86e5cf66a27e1df7f6b8621822e1bbfc2b704acc0cbc240dfe5,1,0
"A0654_urtqrl.raw",1,255,0,1,1,1,838.906,1777.815,3073940,3073960,0,2978520,2978520,0,29268,11.870,1765.945,1048576,312380,6b9e1fc7fca7db8ec2f054cc4a6dcde22860189cebbe41bbe74ce72e310fa969,1,0
"A0655_shsfbu.raw",1,255,0,1,1,1,1027.473,1781.474,3073940,3073960,0,2978520,2978520,0,29268,11.619,1769.855,1048576,312380,f005ecd2585a704faa053cab3d04d695e20443fb473dfd05c545f3a269f4fdc2,1,0
"A0656_befkeu.raw",1,255,0,1,1,1,820.395,1781.300,3073940,3073960,0,2978520,2978520,0,29268,12.212,1769.088,1048576,312380,0794572bff7faa9055c25458695d0578bf6d9bcb46b52895d221cc27feed72fa,1,0
"A0657_oy1eha.raw",1,255,0,1,1,1,861.277,1779.905,3073940,3073960,0,2978520,2978520,0,29268,11.728,1768.177,1048576,312380,6c545503051bcda696e2ff2ddc95342d67a41b5904ee5c94e3e0ce0e26158e96,1,0
"A0658_j94z9v.raw",1,255,0,1,1,1,819.758,1781.124,3073940,3073960,0,2978520,2978520,0,29268,11.652,1769.472,1048576,312380,565b0377aea1bfa459d06f79f96807c51fe829759e5d075bf717e7f2d6efba7d,1,0
"A0659_ukpcdr.raw",1,255,0,1,1,1,960.370,1775.060,3073940,3073980,0,2978520,2978520,0,29268,11.722,1763.338,1048576,312380,6c77abca2f5cab28b481fdbb784a73cd2bdc28ac0decb99160f501fbf8aa6f69,1,0
"A0660_i5c5ro.raw",1,255,0,1,1,1,1025.536,1777.575,3073940,3073960,0,2978520,2978520,0,29268,11.694,1765.881,1048576,312380,13ee1d2b12f086e600d7cff702b24096befa6ff07c588e5f5644e54c2d4ff4e9,1,0
"A0661_ewykqr.raw",1,255,0,1,1,1,946.842,1780.165,3073940,3073960,0,2978520,2978520,0,29268,11.706,1768.459,1048576,312380,c74b19cce3ab1a37c38666d3006bb884969e64c55e79e59dc503cb13d32d29a2,1,0
"A0662_pypp3w.raw",1,255,0,1,1,1,1230.086,1778.911,3073940,3073960,0,2978520,2978520,0,29268,11.864,1767.047,1048576,312380,e910474e6992c0a9d6b2e1dd4a5a2316cc57b4c7ab579f21ac09b1b2af3871ef,1,0
"A0663_aceitj.raw",1,255,0,1,1,1,815.004,1781.044,3073940,3073960,0,2978520,2978520,0,29268,11.612,1769.432,1048576,312380,ba65c2c1244789b7b69b53c96e7f0bdd4a96c1c7dd179134046557747237e8ec,1,0
"A0664_pxrqel.raw",1,255,0,1,1,1,947.657,1781.829,3073940,3073960,0,2978520,2978520,0,29268,11.704,1770.125,1048576,312380,c82d364bed3938b8501731ab3852687601aa1d7f500955e08d7371174c54e38f,1,0
"A0665_y38dxs.raw",1,255,0,1,1,1,924.276,1779.039,3073940,3073960,0,2978520,2978520,0,29268,11.739,1767.300,1048576,312380,6c0deb69c406559b9204a4447c4c4cf6ee66cb02fd8545e45b5a13b58bc730f2,1,0
"A0666_pnaj6a.raw",1,255,0,1,1,1,813.134,1781.121,3073940,3073960,0,2978520,2978520,0,29268,11.680,1769.441,1048576,312380,6b0e7764950c57b135cde1fae19bde16ff0f721a987e85308733b7cfa80ad82c,1,0
"A0667_siwrct.raw",1,255,0,1,1,1,504.054,1782.828,3073988,3073980,8,2978520,2978520,0,29268,12.845,1769.983,1048576,312380,f3265b3324b3d0240ca2fb1901e1e969e4c22bc0bbb4db13907ffe7c6e13c522,1,0
"A0668_x3c59z.raw",1,255,0,1,1,1,984.307,1779.507,3073940,3073960,0,2978520,2978520,0,29268,11.812,1767.695,1048576,312380,4e5b1c567586ff052393dcfea3045fae3e6e1671579afb1b0c722a7c8703e8f2,1,0
"A0669_c7prb5.raw",1,255,0,1,1,1,817.605,1781.458,3073940,3073960,0,2978520,2978520,0,29268,11.716,1769.742,1048576,312380,2eba6e1e3155a526aa1b3b61d707cba4b90ae473d51da60838a9236d58d9900a,1,0
"A0670_sga8io.raw",1,255,0,1,1,1,544.218,1780.782,3073940,3073960,0,2978520,2978520,0,29268,11.656,1769.126,1048576,312380,2129aeafda08de13212df3f3d9f8a9e4f471c19125ccf816ccdc6bee86967c12,1,0
"A0671_msnxzl.raw",1,255,0,1,1,1,929.033,1776.158,3073940,3073960,0,2978520,2978520,0,29268,11.739,1764.419,1048576,312380,f1ebb65298263ffa854fea5f4d78314fee960be145f3b9fc6b361c76f922c3ae,1,0
"A0672_ctojhv.raw",1,255,0,1,1,1,587.753,1779.882,3073940,3073960,0,2978520,2978520,0,29268,11.703,1768.179,1048576,312380,5f58d9489974664e588ab5ac0f6ef2a9c33a73682ab0083eab49d0fff7166f5f,1,0
"A0673_rba4g5.raw",1,255,0,1,1,1,873.608,1779.040,3073940,3073960,0,2978520,2978520,0,29268,11.707,1767.333,1048576,312380,9d32ba6c038e1416e0de0e23e06c779c492ada2349353acb19e6f7e7603f9aec,1,0
"A0674_l7jonk.raw",1,255,0,1,1,1,842.617,1780.750,3073940,3073960,0,2978520,2978520,0,29268,11.721,1769.029,1048576,312380,6b9324e9cadd84edbf238094a6e94a067ed45504e0659d8c557fa34caa246ca7,1,0
"A0675_iw97ln.raw",1,255,0,1,1,1,800.426,1781.726,3073940,3073980,0,2978520,2978520,0,29268,11.730,1769.996,1048576,312380,9e04ea6b51af99c28ede1fbd2993b349141aff66445e8d35e366256920ea2866,1,0
"A0676_pn5y4b.raw",1,255,0,1,1,1,635.421,1780.684,3073944,3073960,0,2978520,2978520,0,29268,11.718,1768.966,1048576,312380,7f27bd0a69638f2e04959b031c5d36834e4f878211a3d7e1b76eca21eaf6ae87,1,0
"A0677_tkqlzq.raw",1,255,0,1,1,1,569.460,1779.880,3073940,3073960,0,2978520,2978520,0,29268,12.743,1767.137,1048576,312380,080930013a17b5890bfb6c46b136c62f04cfd60e96e72fcb691bdad974d04652,1,0
"A0678_pycwhr.raw",1,255,0,1,1,1,683.990,1780.688,3073940,3073960,0,2978520,2978520,0,29268,11.770,1768.918,1048576,312380,472b362d8328244478d90a792d794f8e218ceb636bff187fc60863ec84a6189c,1,0
"A0679_qvognb.raw",1,255,0,1,1,1,944.703,1781.465,3073940,3073944,0,2978520,2978520,0,29268,11.718,1769.747,1048576,312380,96beb7bd252c0663f9286b1a8d653c3031b64cf4e3b5f31f9bf733c210a72c33,1,0
"A0680_uaqgt7.raw",1,255,0,1,1,1,938.673,1784.208,3073948,3073960,0,2978520,2978520,0,29268,11.988,1772.220,1048576,312380,e490a13a5367ae02b0ea61497efa98bf3bbd21318ce4875d1267b7d46a233587,1,0
"A0681_ekf6ej.raw",1,255,0,1,1,1,762.758,1783.314,3073940,3073960,0,2978520,2978520,0,29268,12.388,1770.926,1048576,312380,2ec9407a87871a09ddc13b025a8c5fb66099e264203bc6ab89314cf24203086d,1,0
"A0682_bee18y.raw",1,255,0,1,1,1,880.095,1781.375,3073940,3073960,0,2978520,2978520,0,29268,12.452,1768.923,1048576,312380,6e4ce26e92aa25981bb3e43446cffdb32fa7e7f141d690dd756b00cf372387b9,1,0
"A0683_szqrai.raw",1,255,0,1,1,1,570.092,1782.758,3073940,3073980,0,2978520,2978520,0,29268,13.169,1769.589,1048576,312380,af8f6a07c7c75a25929ced4887ed2bbb4b39dde965fe5acf04593dad4493ad07,1,0
"A0684_tcjrco.raw",1,255,0,1,1,1,663.297,1779.539,3073940,3073960,0,2978520,2978520,0,29268,11.714,1767.825,1048576,312380,c826d3095b80545b4cd87e4c18a7a28071dd4b46478563cac513ea0d8db3a0da,1,0
"A0685_tfz1ay.raw",1,255,0,1,1,1,723.045,1780.187,3073940,3073960,0,2978520,2978520,0,29268,11.695,1768.492,1048576,312380,63d9869325a59700d6823cc07dabce0dbaecd9c44a2b082dfb33786d5c1c4560,1,0
"A0686_mxyzkg.raw",1,255,0,1,1,1,644.139,1778.915,3073940,3073960,0,2978520,2978520,0,29268,11.730,1767.185,1048576,312380,1d7c950923fc59eeb35910c673e15e086efcfadf8d60ecec357b133906570cb0,1,0
"A0687_dotstg.raw",1,255,0,1,1,1,573.559,1781.578,3073940,3073960,0,2978520,2978520,0,29268,12.789,1768.789,1048576,312380,8af493a7c2ff243b667cb6f90d37d9b8d91e6c4b438596877f77723e91db6981,1,0
"A0688_lkidhn.raw",1,255,0,1,1,1,696.692,1782.270,3073940,3073960,0,2978520,2978520,0,29268,11.689,1770.581,1048576,312380,14bf02c4bc3672612403293cc104af30801743080656e86be67c37746675f59d,1,0
"A0689_ecg8rq.raw",1,255,0,1,1,1,718.132,1781.505,3073940,3073960,0,2978520,2978520,0,29268,11.674,1769.831,1048576,312380,9a29e7459e561956403db22767d06021516e1bed01805280e438f9d4ef2f49f1,1,0
"A0690_fp6cif.raw",1,255,0,1,1,1,599.019,1779.695,3073940,3073960,0,2978520,2978520,0,29268,11.720,1767.975,1048576,312380,fbadee44fbc37266f33a753720fd1698250cc945a6d2cf47c33f87cc67294f97,1,0
"A0691_lu7vv3.raw",1,255,0,1,1,1,747.502,1780.836,3073968,3073960,8,2978520,2978520,0,29268,11.699,1769.137,1048576,312380,d7e40a3285bf97ebcf82d664964616b0f1c13a558dd08120d71f7c31cf30bef9,1,0
"A0692_frjo2c.raw",1,255,0,1,1,1,747.271,1782.971,3073960,3073960,0,2978520,2978520,0,29268,11.677,1771.294,1048576,312380,4cb208c1db96b34680991f9fb3d7823c320d5d563b836f5a4c4a22bc018ca271,1,0
"A0693_btuo7s.raw",1,255,0,1,1,1,735.602,1781.260,3073960,3073960,0,2978520,2978520,0,29268,11.685,1769.575,1048576,312380,54c3a233e83ddaaab6152d050648c622065f5dc11b1885eb1f069c520ba60ed4,1,0
"A0694_atxruj.raw",1,255,0,1,1,1,976.827,1779.635,3073948,3073960,0,2978520,2978520,0,29268,11.775,1767.860,1048576,312380,abfb9c870eda67b0065926509176de64322c047b8a4629b07a3d184c2fc53d7c,1,0
"A0695_hrkksx.raw",1,255,0,1,1,1,582.989,1782.423,3073940,3073960,0,2978520,2978520,0,29268,11.868,1770.555,1048576,312380,f260d5fdf2a70742e1493d70e05df39c7d88d80c6c9e33ed92b413fda8c6cb58,1,0
"A0696_ljtnbr.raw",1,255,0,1,1,1,698.316,1776.398,2942868,2942888,0,2847448,2847448,0,29268,11.725,1764.673,1048576,312380,27e54f948469c60298d32ed1d2d0d35609ad250d6f22fc582e6e5e0746fc9572,1,0
"A0697_a8houf.raw",1,255,0,1,1,1,515.911,1779.766,2942868,2942888,0,2847448,2847448,0,29268,11.688,1768.078,1048576,312380,3ba581543e57cc9327805e6b1c108912e26760d5eda1554e1417a0fc72d4e386,1,0
"A0698_yqtdye.raw",1,255,0,1,1,1,923.732,1780.126,2942868,2942888,0,2847448,2847448,0,29268,11.753,1768.373,1048576,312380,17f453f61bae68761df1fc991657d5e0e42f0a246cb8e225b885cbf44cc7c2a0,1,0
"A0699_c5ntrp.raw",1,255,0,1,1,1,551.747,1777.551,2942868,2942892,0,2847448,2847448,0,29268,11.725,1765.826,1048576,312380,a4d1307f79e2c06ad7b749c1291290f682f0e739c90e12195f14fbc528cf3378,1,0
"A0700_yzn9kl.raw",1,255,0,1,1,1,806.820,1778.072,2942848,2942888,0,2847448,2847448,0,29268,11.766,1766.306,1048576,312380,2689cbb5fbca6acd0d06494699c21b3795d36ab04bca6dbe7bdef008c577ef7b,1,0
"A0701_v1ki5d.raw",1,255,0,1,1,1,571.978,1782.364,2942868,2942888,0,2847448,2847448,0,29268,11.719,1770.645,1048576,312380,d3445311b78f7d01d34f98cd939fef5862b3a567cd784d6c7439fc6bb0df9c5d,1,0
"A0702_hstgbe.raw",1,255,0,1,1,1,802.648,1784.740,2942868,2942872,0,2847448,2847448,0,29268,11.671,1773.069,1048576,312380,a4784c8ad75e1f85b437294479a0bba96a48248a93fe4c764399c8b0435fb2e1,1,0
"A0703_mbaedx.raw",1,255,0,1,1,1,828.118,1780.251,2942868,2942888,0,2847448,2847448,0,29268,11.671,1768.580,1048576,312380,17c3360fdb880c6add62ffb72fdb5b7d890ea3ccbdd07d3b6b98c11e76388d05,1,0
"A0704_k5if1t.raw",1,255,0,1,1,1,710.013,1780.946,2942868,2942888,0,2847448,2847448,0,29268,11.733,1769.213,1048576,312380,1efa00f8e4fca1b5dd853e00243707867c0465484f33845a50c41f461ff02450,1,0
"A0705_ydwgpw.raw",1,255,0,1,1,1,847.622,1779.665,2942868,2942888,0,2847448,2847448,0,29268,11.704,1767.961,1048576,312380,7f553a82fdb4a845c28517b98b59d8a605f7b9e1d90ab84bb3b64e3f8d665342,1,0
"A0706_agsphd.raw",1,255,0,1,1,1,609.728,1778.249,2942868,2942888,0,2847448,2847448,0,29268,11.701,1766.548,1048576,312380,60f18f5432fab0a4cdef8da68bef33eff013146ba303410ebfb1456a9e2596ee,1,0
"A0707_wbtmo0.raw",1,255,0,1,1,1,640.783,1780.621,2942872,2942916,0,2847448,2847448,0,29268,11.758,1768.863,1048576,312380,73844b28b96f1af73310d681766ebee7c695bfd86f864d7c8aebfd4d75211373,1,0
"A0708_pdxciv.raw",1,255,0,1,1,1,553.053,1779.813,2942876,2942888,0,2847448,2847448,0,29268,11.843,1767.970,1048576,312380,88fb524ceea42a9169bc214c0c173cbdd2e024dee3aab157d4dec5f209a1b6f8,1,0
"A0709_zo25jz.raw",1,255,0,1,1,1,700.686,1776.809,2942868,2942888,0,2847448,2847448,0,29268,11.716,1765.093,1048576,312380,e79a3ad15ee57a17cc75ac97b2de12d7712b8e8b62b5430dced8ed980787e4ef,1,0
"A0710_qsdnmb.raw",1,255,0,1,1,1,797.936,1780.177,2942868,2942888,0,2847448,2847448,0,29268,11.871,1768.306,1048576,312380,8746221f4c5443cc517b003a17ee2f476a01bdacf33a945771d16f8996881260,1,0
"A0711_eao2r7.raw",1,255,0,1,1,1,614.205,1781.667,2942868,2942888,0,2847448,2847448,0,29268,12.517,1769.150,1048576,312380,a0aad734f2d0a757ffdc4468ea0414df1987db5b0d782b28174ac0af8ddb3e6a,1,0
"A0712_fkstvf.raw",1,255,0,1,1,1,514.809,1779.259,2942872,2942888,0,2847448,2847448,0,29268,12.095,1767.164,1048576,312380,1e1be8ce5b92058a29d790be7b0a7aa97dbceb34d61493a73fa29e54f0f2cf75,1,0
"A0713_p604zz.raw",1,255,0,1,1,1,557.418,1781.065,2942868,2942888,0,2847448,2847448,0,29268,11.675,1769.390,1048576,312380,fdca4acc74d19a6582e63f251eb9abc3e5f34c29d696ec8fb6d7dbea07e9ae6b,1,0
"A0714_th7vbn.raw",1,255,0,1,1,1,723.735,1780.498,2942868,2942888,0,2847448,2847448,0,29268,11.598,1768.900,1048576,312380,f38913cf79e27a18148a25554f03e5146e0ac35b8f157dc0aba362ac012b8066,1,0
"A0715_arhy7w.raw",1,255,0,1,1,1,509.966,1779.444,2942868,2942888,0,2847448,2847448,0,29268,11.746,1767.698,1048576,312380,bb8c4d158a26fe7ad234b38c43998111bc15356f7366189ddab69a867001bf52,1,0
"A0716_qfyl1a.raw",1,255,0,1,1,1,744.396,1773.682,2942908,2942908,0,2847448,2847448,0,29268,11.654,1762.028,1048576,312380,d612edd0988b54edfacce701f3ab32c43aa5979d301dd8f1f59dc905896cb511,1,0
"A0717_tmb9mj.raw",1,255,0,1,1,1,542.271,1777.571,2942848,2942888,0,2847448,2847448,0,29268,11.724,1765.847,1048576,312380,04a44f7382b242ac9e17b11f7b6a5cc4b8a6cce44de3c80217b84fd8c32447cf,1,0
"A0718_w9cpn2.raw",1,255,0,1,1,1,741.693,1779.519,2942888,2942888,0,2847448,2847448,0,29268,11.697,1767.822,1048576,312380,f7c18601a276d39fa15735dcffe280f3f8d9efcc13e4259c37279e54e894e993,1,0
"A0719_codgmh.raw",1,255,0,1,1,1,530.960,1778.174,2942868,2942888,0,2847448,2847448,0,29268,11.667,1766.507,1048576,312380,d8f1f53872dc6810ccd636cd3890c85b0bf8db6f7fda63be8402b525924d44cf,1,0
"A0720_t0hofq.raw",1,255,0,1,1,1,1135.512,1780.056,2942868,2942888,0,2847448,2847448,0,29268,11.734,1768.322,1048576,312380,eaf38b894ced07b6518fec51c7ddcd98eae63009a30938fa85031e10945b6cea,1,0
"A0721_sx9kqm.raw",1,255,0,1,1,1,717.963,1779.586,2942872,2942888,0,2847448,2847448,0,29268,11.658,1767.928,1048576,312380,c96e5f3a871d7f93bdfc92d8f39724a45fed33b5d41b792b1875aa4920f7e6f8,1,0
"A0722_zs38xf.raw",1,255,0,1,1,1,850.569,1781.215,2942868,2942888,0,2847448,2847448,0,29268,11.838,1769.377,1048576,312380,21c61e6fe5a8a649a1ac5f75fa8bb094c357437cb032ce579a3ecf00fea15712,1,0
"A0723_lfvpxj.raw",1,255,0,1,1,1,539.330,1782.382,2942868,2942888,0,2847448,2847448,0,29268,11.702,1770.680,1048576,312380,b1e4364b8ed5927052478b592e74b9cd35ede918428e0959fbd235cc2fb9a7ae,1,0
"A0724_w1gcov.raw",1,255,0,1,1,1,589.307,1777.408,2942868,2942908,0,2847448,2847448,0,29268,11.688,1765.720,1048576,312380,26821e7c389800cc1bce909c3e410800cbee6cf93c3da891efd8be310cbde7dd,1,0
"A0725_jgx9al.raw",1,255,0,1,1,1,730.947,1780.098,2942848,2942888,0,2847448,2847448,0,29268,11.855,1768.243,1048576,312380,bbadb7dbd2eb84d00afdf2a7ac38fecb546c75b892381d7e3481feffa8ed7f70,1,0
"A0726_cwzhr6.raw",1,255,0,1,1,1,562.802,1781.078,2942868,2942888,0,2847448,2847448,0,29268,11.732,1769.346,1048576,312380,a6cb86f93aa3ca3cdcf0c080ae629920908bd868bc6750ddd0fd209d85be088d,1,0
"A0727_ziohsv.raw",1,255,0,1,1,1,705.332,1780.001,2942868,2942888,0,2847448,2847448,0,29268,11.705,1768.296,1048576,312380,5a8771245c8d04e6bd428389969662f445e7ff773fd74b0843aad5d6af58666b,1,0
"A0728_mo46nf.raw",1,255,0,1,1,1,714.139,1779.976,2942860,2942888,0,2847448,2847448,0,29268,11.746,1768.230,1048576,312380,159066e91f7bcbdf64670789013ac6d8d4b11636787ffff700ae8660849a2e5e,1,0
"A0729_neyan5.raw",1,255,0,1,1,1,645.976,1780.095,2942868,2942888,0,2847448,2847448,0,29268,11.670,1768.425,1048576,312380,8d0127fac7ffd4348c8f4149a5f4687509f4f7800fb81a7b3fbefe7433fa3af2,1,0
"A0730_cqwiwg.raw",1,255,0,1,1,1,608.273,1776.740,2942868,2942888,0,2847448,2847448,0,29268,11.713,1765.027,1048576,312380,7045f57bba58a3044c7e68c03e8c9002aaa14fa2d3c999f803055ec4b185a2fa,1,0
"A0731_uhkr2d.raw",1,255,0,1,1,1,583.880,1781.847,2942868,2942888,0,2847448,2847448,0,29268,12.058,1769.789,1048576,312380,166b8a59415cf778e928582c3c9d3eabfd5fa9a8d6d41f607f1cd7882c7ee87d,1,0
"A0732_cluebf.raw",1,255,0,1,1,1,638.730,1778.925,2942868,2942888,0,2847448,2847448,0,29268,11.818,1767.107,1048576,312380,e37a5db2f645ad1264d1c1ad16041e22f6a96d8238d75b3775fce9f48250614b,1,0
"A0733_tozvut.raw",1,255,0,1,1,1,975.289,1779.129,2942888,2942908,0,2847448,2847448,0,29268,11.841,1767.288,1048576,312380,1d41f4e5771c6d66422bf2921993dc4b49863e2d93263e7768985b2dba2e6a00,1,0
"A0734_zrfaqr.raw",1,255,0,1,1,1,506.344,1779.046,2942888,2942888,0,2847448,2847448,0,29268,11.665,1767.381,1048576,312380,cb86860e2b1774f8ea35c30d56669e0c5117b954081f588c8c29118de5b6413a,1,0
"A0735_i6jg2b.raw",1,255,0,1,1,1,526.597,1781.397,2942868,2942888,0,2847448,2847448,0,29268,11.637,1769.760,1048576,312380,944b148a94601fe60a5a2faf842b76c4af97168975269d673e5f83c168276eef,1,0
"A0736_quqpgm.raw",1,255,0,1,1,1,502.413,1775.848,2942888,2942888,0,2847448,2847448,0,29268,11.702,1764.146,1048576,312380,b2c2aa2917908f2084276aff9ef842f919cf2269fd4d6e5606f2b9cbefde9a05,1,0
"A0737_ahipjn.raw",1,255,0,1,1,1,531.156,1778.918,2942868,2942888,0,2847448,2847448,0,29268,11.688,1767.230,1048576,312380,09b2a16e38435ae5e47bc626327251546dc6cb3fcddfbd7dd68ba5658b01e6c4,1,0
"A0738_bv3jys.raw",1,255,0,1,1,1,549.933,1779.704,2942868,2942888,0,2847448,2847448,0,29268,11.649,1768.055,1048576,312380,a94d6e3ded59176ea7a1f136a2779962c9788bcb7ed3e82a69ea7dac78dfab86,1,0
"A0739_ayrmtw.raw",1,255,0,1,1,1,535.393,1778.198,2942868,2942888,0,2847448,2847448,0,29268,11.651,1766.547,1048576,312380,7df3bc959b32204153ca0b56d74193a0bbe94734e528e26fc25f609447c7fd2e,1,0
"A0740_af8mbp.raw",1,255,0,1,1,1,523.323,1778.386,2942868,2942888,0,2847448,2847448,0,29268,11.650,1766.736,1048576,312380,a7b7ae029dd67334a38f2aa8f59710a1c6e5685cbcdff48a4aa599be2179d5f2,1,0
"A0741_v5un76.raw",1,255,0,1,1,1,515.526,1782.523,2942876,2942888,0,2847448,2847448,0,29268,11.581,1770.942,1048576,312380,45ad7f0a9f278e0d7b347331fdb5a574b40a733de42a4501d8e658e973c4a01d,1,0
"A0742_jvuzp7.raw",1,255,0,1,1,1,502.497,1780.856,2942888,2942888,0,2847448,2847448,0,29268,11.576,1769.280,1048576,312380,763a43cdc0a436632b0acd294b3c986e7ae656714cdcfd11f346ed4cc2f089a1,1,0
"A0743_b7akht.raw",1,255,0,1,1,1,551.356,1776.318,2942868,2942888,0,2847448,2847448,0,29268,11.680,1764.638,1048576,312380,1df95add3202b37b9bda109edb5fa5d5f376c1b24ce17b93c15417ddb901bdfb,1,0
"A0744_y2fd2p.raw",1,255,0,1,1,1,522.813,1780.748,2942868,2942888,0,2847448,2847448,0,29268,11.632,1769.116,1048576,312380,611abb01d61e6af1a45619635d51dc336c3093b46fe1d2788c72f5ba3cfe5309,1,0
"A0745_ldzhkv.raw",1,255,0,1,1,1,528.405,1778.765,2942868,2942888,0,2847448,2847448,0,29268,11.615,1767.150,1048576,312380,2627f373e6fc5755f62ff39f7988064f741079d68edae03f7cb756dbe7d8a12f,1,0
"A0746_gqwpws.raw",1,255,0,1,1,1,577.314,1780.808,2942868,2942888,0,2847448,2847448,0,29268,12.659,1768.149,1048576,312380,9ccc4e96284d226adf60958ba49455d4e39b92f52f27761147bc954bbfd7c8e6,1,0
"A0747_ezfdnk.raw",1,255,0,1,1,1,514.369,1782.950,2942868,2942888,0,2847448,2847448,0,29268,11.783,1771.167,1048576,312380,c12cf05451740a4a8811a4000f7c1974e5cfcbb40365275bdd501e041b57fe63,1,0
"A0748_wzqehg.raw",1,255,0,1,1,1,537.951,1781.849,2942868,2942888,0,2847448,2847448,0,29268,12.431,1769.418,1048576,312380,88a99688acf14f0665fe3d04d3ced2135173a3c83c8e2ae6548c41d813b954e2,1,0
"A0749_vgsiah.raw",1,255,0,1,1,1,538.046,1778.117,2942868,2942888,0,2847448,2847448,0,29268,11.606,1766.511,1048576,312380,ae2cac1f845503db461677eed90fb03bcf1d82787ce003c407a150cbb5479969,1,0
"A0750_bpxh1s.raw",1,255,0,1,1,1,522.528,1780.946,2942868,2942888,0,2847448,2847448,0,29268,11.683,1769.263,1048576,312380,3b78241636022978e3ad27db7ca924a67cc1055670381a03332e99d64ea16fa5,1,0
"A0751_tap7c8.raw",1,255,0,1,1,1,523.144,1783.262,2942868,2942888,0,2847448,2847448,0,29268,11.618,1771.644,1048576,312380,8f759219384a1eefe4a64fcf6c0b4f7374778f1f281c616f489baae07af7b92d,1,0
"A0752_dzsxgl.raw",1,255,0,1,1,1,550.282,1780.731,2942868,2942888,0,2847448,2847448,0,29268,11.642,1769.089,1048576,312380,3ce97c1a72e6c251c3da064021b11865adc7b45d7be0f8a3793d65d642f03a08,1,0
"A0753_qxijro.raw",1,255,0,1,1,1,567.026,1777.305,2942868,2942888,0,2847448,2847448,0,29268,11.734,1765.571,1048576,312380,8f9fc8e2a06455e5da98415100f5c7a047faebeb9de9907256978402fed4e2fd,1,0
"A0754_ivnsif.raw",1,255,0,1,1,1,535.954,1780.869,2942868,2942888,0,2847448,2847448,0,29268,11.986,1768.883,1048576,312380,86d89965ed22f2dfc05d693564e3286f3b32c049b5b808e700a60fe05b4e13a4,1,0
"A0755_pmnbme.raw",1,255,0,1,1,1,656.759,1777.099,2942868,2942888,0,2847448,2847448,0,29268,11.653,1765.446,1048576,312380,f9dae5ba03eb83758337062a6041272b6d8a6c28d589515088da745885d5590b,1,0
"A0756_elnhgh.raw",1,255,0,1,1,1,569.230,1776.289,2942868,2942888,0,2847448,2847448,0,29268,11.684,1764.605,1048576,312380,26e42110bf112f15a3cd4a4c81b0d48c5b46790da17a5c4eaac7cb349f70073d,1,0
"A0757_ulqvah.raw",1,255,0,1,1,1,546.692,1781.055,2942868,2942888,0,2847448,2847448,0,29268,11.861,1769.194,1048576,312380,3fc33bd7df2260b9930a339dc1eab0a09dffa36719b4e090087b9fa71003f100,1,0
"A0758_nvc3n3.raw",1,255,0,1,1,1,598.917,1780.880,2942868,2942888,0,2847448,2847448,0,29268,11.571,1769.309,1048576,312380,d59bf3752edb8e57817e87fe5f8fa36ddbba0940829a287dbe0023d82c2121f7,1,0
"A0759_mp4ucz.raw",1,255,0,1,1,1,541.056,1782.627,2942868,2942888,0,2847448,2847448,0,29268,11.726,1770.901,1048576,312380,165d820e76bae8014982a835533d95957cb896a52343ba20f4aa89ecb8266290,1,0
"A0760_pwodmg.raw",1,255,0,1,1,1,601.343,1781.210,2942868,2942888,0,2847448,2847448,0,29268,11.660,1769.550,1048576,312380,9e14770b2ffe88ad3845d1bcc88b0540ec2820ab84798da0f6c38bb26076e6aa,1,0
"A0761_gktx9g.raw",1,255,0,1,1,1,523.124,1780.204,2942868,2942888,0,2847448,2847448,0,29268,11.661,1768.543,1048576,312380,2cb637ec4b7380b38ae00d622124352d5f787fefdae138fc27f6863b5296e75b,1,0
"A0762_mhfrja.raw",1,255,0,1,1,1,518.732,1781.125,2942864,2942888,0,2847448,2847448,0,29268,11.665,1769.460,1048576,312380,789b87a3ab892db02a0b345a85f8f13ea597603d0c5ec5c64ad6e55d95742091,1,0
"A0763_kz7nwg.raw",1,255,0,1,1,1,489.686,1780.806,2942888,2942888,0,2847448,2847448,0,29268,11.666,1769.140,1048576,312380,d6ff0fa5159d36daf43e4aa798a1fd474b3047dc3106b74e6c9f88588a76035b,1,0
"A0764_lxm0zi.raw",1,255,0,1,1,1,494.224,1782.507,2942888,2942916,0,2847448,2847448,0,29268,12.038,1770.469,1048576,312380,906300d7d85c3dfff71a7d68d92ae61ac49f01937c5855ec29be7cbaa44adae2,1,0
"A0765_hb6vpl.raw",1,255,0,1,1,1,528.803,1783.038,2942872,2942888,0,2847448,2847448,0,29268,12.745,1770.293,1048576,312380,8144c2a178f504acaf3b6e098dd3ca6ee64c5c5296425a33899e66895e8b21b9,1,0
"A0766_gdqm08.raw",1,255,0,1,1,1,544.133,1779.660,2942868,2942888,0,2847448,2847448,0,29268,11.545,1768.115,1048576,312380,15b4e7252c805149bbd29cc01c08937d095583af957f423e5a309eff5c2eef05,1,0
"A0767_c4eudg.raw",1,255,0,1,1,1,518.215,1781.278,2942868,2942888,0,2847448,2847448,0,29268,11.659,1769.619,1048576,312380,658165d966b96fef4519f9c3e9da9c85c452b565f94295e5774f3f06cc6681aa,1,0
"A0768_z8pnck.raw",1,255,0,1,1,1,500.138,1781.217,2942888,2942888,0,2847448,2847448,0,29268,11.835,1769.382,1048576,312380,4b09ba679b71405fe180d6ab966f248984197904bbc01b5d140c6980052bc597,1,0
"A0769_t2p9wf.raw",1,255,0,1,1,1,517.166,1782.642,2942868,2942888,0,2847448,2847448,0,29268,11.778,1770.864,1048576,312380,f6db975a46205bf6fefd4bd0876b8a6c49db3a2355f70bcda1c72723fbe3b4f2,1,0
"A0770_qc16xw.raw",1,255,0,1,1,1,527.127,1781.003,2942868,2942888,0,2847448,2847448,0,29268,11.912,1769.091,1048576,312380,fa2efc8b2663e46c411e63ba5b3aaead6041ba846d94e8865f6f9615434a3584,1,0
"A0771_lteyd8.raw",1,255,0,1,1,1,488.318,1787.314,2942868,2942888,0,2847448,2847448,0,29268,11.728,1775.586,1048576,312380,23091a1ad84285ecc85b73ab53f3e37798a74fe274a27b8da52dac9db410f905,1,0
"A0772_hisnqq.raw",1,255,0,1,1,1,506.866,1781.531,2942868,2942888,0,2847448,2847448,0,29268,11.555,1769.976,1048576,312380,17f3823c55dd86ab7a2864a99054fb17843aaada65add763e187c285b27c33e5,1,0
"A0773_pe60gn.raw",1,255,0,1,1,1,556.184,1783.230,2942868,2942888,0,2847448,2847448,0,29268,11.914,1771.316,1048576,312380,352e216f6e072275777a4deb630b894633aeb4ad1e7cbc4269ffdd0f98f95a4a,1,0
"A0774_gfy44o.raw",1,255,0,1,1,1,533.890,1782.945,2942868,2942888,0,2847448,2847448,0,29268,12.420,1770.525,1048576,312380,7ec9eab7073f79257f819e349c3547fb8ede95fdc083a9d11d96a43e56c3af5c,1,0
"A0775_kd4cr3.raw",1,255,0,1,1,1,512.016,1783.512,2942868,2942888,0,2847448,2847448,0,29268,12.604,1770.908,1048576,312380,3bf636590b4ed347c1926cfbf9491e3143d111dcdde6d7658f20fa753e24fa3f,1,0
"A0776_sepafz.raw",1,255,0,1,1,1,535.447,1784.858,2942868,2942888,0,2847448,2847448,0,29268,11.658,1773.200,1048576,312380,1b2c1fd85952c4ee5c7d8800db6bc5c395d99461719a780f7e2bb29273fb93ef,1,0
"A0777_yegzuc.raw",1,255,0,1,1,1,525.836,1780.234,2942868,2942888,0,2847448,2847448,0,29268,11.595,1768.639,1048576,312380,50d3a47f4079ca9739f2777018e2d653a298946f9a3f61af358df983c34125a9,1,0
"A0778_tvv5oo.raw",1,255,0,1,1,1,542.449,1781.374,2942868,2942888,0,2847448,2847448,0,29268,11.681,1769.693,1048576,312380,0ec7aa23fb0e903a9401f52da5c54f5b8610a6d7cb7100332c6546168b35c035,1,0
"A0779_lvwafk.raw",1,255,0,1,1,1,568.097,1784.535,2942868,2942888,0,2847448,2847448,0,29268,11.612,1772.923,1048576,312380,e93691007d3c12179278d8e889719d3cda1b1fa693494d6a98d577d1bcfc5609,1,0
"A0780_oyqtpe.raw",1,255,0,1,1,1,520.363,1782.036,2942868,2942888,0,2847448,2847448,0,29268,11.749,1770.287,1048576,312380,4b7ef08e11a23b7ea165d5de3e3594a729eb391b259166be81d597ed4a2848d7,1,0
"A0781_jmchun.raw",1,255,0,1,1,1,515.295,1780.763,2942868,2942888,0,2847448,2847448,0,29268,11.716,1769.047,1048576,312380,85d808afdaae06f2cdab195cfddb0f630aeef1813c9074cd2f6f0ac07c15b37c,1,0
"A0782_anecaj.raw",1,255,0,1,1,1,511.513,1784.066,2942868,2942888,0,2847448,2847448,0,29268,11.701,1772.365,1048576,312380,fbae2a04cdc26792648e5cc3702d95e316e8c78c93205e72cc4c426c79f778c9,1,0
"A0783_j769tq.raw",1,255,0,1,1,1,515.485,1778.990,2942868,2942888,0,2847448,2847448,0,29268,11.680,1767.310,1048576,312380,834f5dda5da4bd8b6007a2fa73f4c3e259e69e7726002c10478586f178537ac4,1,0
"A0784_abqfgd.raw",1,255,0,1,1,1,512.734,1777.386,2942868,2942888,0,2847448,2847448,0,29268,11.597,1765.789,1048576,312380,a21446937c684f55042abe27831505bf36f31a748f3eaed3100e74b358e73264,1,0
"A0785_c6yplw.raw",1,255,0,1,1,1,522.441,1780.688,2942868,2942888,0,2847448,2847448,0,29268,11.641,1769.047,1048576,312380,31128235d00718dbcbf99dba21c39d6d945ece9026bb25040273131f2caf772a,1,0
"A0786_hz3ruq.raw",1,255,0,1,1,1,544.077,1776.631,2942872,2942888,0,2847448,2847448,0,29268,11.615,1765.016,1048576,312380,e23fbc488a045d71ce4d955e2ab657a2e5c5f43db65617e3cdf89253aa0efec8,1,0
"A0787_xygfgg.raw",1,255,0,1,1,1,528.310,1780.334,2942868,2942888,0,2847448,2847448,0,29268,11.641,1768.693,1048576,312380,712f11da9476988288cef56f7998b0c0c288b1feeeb59c3d0d42eaa5827c96e2,1,0
"A0788_yjwwxm.raw",1,255,0,1,1,1,602.491,1778.434,2942868,2942888,0,2847448,2847448,0,29268,11.653,1766.781,1048576,312380,e0aa14e16c202ce86dbc329945c119252c92246baddd1535495b0a44cee20205,1,0
"A0789_wrmiqn.raw",1,255,0,1,1,1,525.980,1774.979,2942868,2942888,0,2847448,2847448,0,29268,11.642,1763.337,1048576,312380,dba80a3c23ee4d2dc7665a82811882362c6ed015ca4b9c98a1f19cbd56b2271b,1,0
"A0790_ffjth8.raw",1,255,0,1,1,1,510.644,1781.060,2942896,2942888,8,2847448,2847448,0,29268,11.646,1769.414,1048576,312380,d1dc4d52e38781a1104716bafb76a4a807d94f5ec412545bc8b243d7ed02e427,1,0
"A0791_rwkksd.raw",1,255,0,1,1,1,516.892,1781.470,2942868,2942888,0,2847448,2847448,0,29268,11.647,1769.823,1048576,312380,945984b8da0ba6acc0c01688ea78faf05f41b1bffa2d205425cd12831455e9c2,1,0
"A0792_jz0kby.raw",1,255,0,1,1,1,518.395,1781.678,2942868,2942888,0,2847448,2847448,0,29268,11.704,1769.974,1048576,312380,be3e59ee1572d3ed88a6cf0988816f598ce355b1a68926f50ec1075b55d44722,1,0
"A0793_q5eknu.raw",1,255,0,1,1,1,502.989,1779.187,2942888,2942888,0,2847448,2847448,0,29268,12.724,1766.463,1048576,312380,ebd4d3968b8d4281273b2aeca079646374143ec1a585dcb4105c4d40fc9eb4a9,1,0
"A0794_jlctou.raw",1,255,0,1,1,1,488.309,1781.555,2942888,2942888,0,2847448,2847448,0,29268,11.594,1769.961,1048576,312380,617c17ce52cf899c43e214eff8a3a909594737fddcfefcb766d3f79b1000c54f,1,0
"A0795_dlu2tf.raw",1,255,0,1,1,1,512.212,1780.522,2942868,2942908,0,2847448,2847448,0,29268,11.595,1768.927,1048576,312380,e6268509c70dcb5be58f4973c29d3aacd7f431b29d917a6e17cfccf37cb8a0eb,1,0
"A0796_fen6x8.raw",1,255,0,1,1,1,488.214,1779.220,2942888,2942888,0,2847448,2847448,0,29268,11.700,1767.520,1048576,312380,9941f2e8d0abc20c146b4f688c7b052ecd246fc82b116ebc64092f6cb0bc9598,1,0
"A0797_xdtxb3.raw",1,255,0,1,1,1,517.500,1779.062,2942860,2942888,0,2847448,2847448,0,29268,11.633,1767.429,1048576,312380,5aedb375a86747c328e992d907d94712f6a6144016d004de84d49295ccf8502c,1,0
"A0798_jkunfk.raw",1,255,0,1,1,1,550.540,1779.910,2942868,2942888,0,2847448,2847448,0,29268,11.658,1768.252,1048576,312380,6cce47b30cb9fb8a34dcc994d27efd6d5235d2a31e7b6a98d6c1618d1c768c42,1,0
"A0799_vjt21o.raw",1,255,0,1,1,1,500.197,1780.522,2942888,2942888,0,2847448,2847448,0,29268,11.592,1768.930,1048576,312380,d927d623660e17ee18291e7a74b50ce9124ca373441613b73435dc505356de2f,1,0
"A0800_kthm4k.raw",1,255,0,1,1,1,523.558,1778.407,2942868,2942888,0,2847448,2847448,0,29268,11.570,1766.837,1048576,312380,973d2c733afe98b4bdd6b6c10361603f0133252e8b10f608e58a5ba20f77d0df,1,0
"A0801_qy2gh7.raw",1,255,0,1,1,1,521.424,1780.918,2942868,2942888,0,2847448,2847448,0,29268,11.597,1769.321,1048576,312380,d323bbc126d34a59833ff0e2408a377ea50d8eaf05428a02014f07dc200e4699,1,0
"A0802_lt20a2.raw",1,255,0,1,1,1,535.422,1781.133,2942868,2942888,0,2847448,2847448,0,29268,11.571,1769.562,1048576,312380,227f83c31f812dd3cbe7199d13d1aee06693e80f4f99cc4493ac99f114566efa,1,0
"A0803_znzztd.raw",1,255,0,1,1,1,520.295,1781.312,2942868,2942888,0,2847448,2847448,0,29268,11.759,1769.553,1048576,312380,cb433219e0788999b021e4ae1fee684b92f12d1ef915671deeb926f82224c252,1,0
"A0804_gnttml.raw",1,255,0,1,1,1,512.296,1779.179,2942868,2942888,0,2847448,2847448,0,29268,11.701,1767.478,1048576,312380,3e24983d3951fd3c8a9dafe2e633cbe318d4fbf1f746156e70eefb69b049e7b2,1,0
"A0805_qgyejs.raw",1,255,0,1,1,1,521.499,1791.081,2942868,2942888,0,2847448,2847448,0,29268,12.372,1778.709,1048576,312380,c2a2685e64854933bdc89760fb09e051419dbaf3bb7d4d88d1f573c211415100,1,0
"A0806_gbqjrm.raw",1,255,0,1,1,1,503.007,1784.405,2942888,2942888,0,2847448,2847448,0,29268,13.033,1771.372,1048576,312380,2e3614ce39d3e49ba6b2863c0f61d32ef8d8adfc08b316e19e36cd038d71ddb9,1,0
"A0807_srsgal.raw",1,255,0,1,1,1,515.320,1783.565,2942868,2942888,0,2847448,2847448,0,29268,12.739,1770.826,1048576,312380,3c7b32abb2848ccb0c1dc01668e0acf43608615728d6a66815f19e699b17bc8e,1,0
"A0808_o72bpe.raw",1,255,0,1,1,1,494.997,1784.626,2942888,2942888,0,2847448,2847448,0,29268,11.732,1772.894,1048576,312380,45d74604d2ab525af318479845fd6b9e6ee9db4afbd7791898ddd75f4de77e07,1,0
"A0809_mtwcdw.raw",1,255,0,1,1,1,520.786,1781.633,2942868,2942888,0,2847448,2847448,0,29268,11.579,1770.054,1048576,312380,6a4d743b921cff6465f8e6f31cd8db9b21738ce810203dca956b5f63dcbc98fe,1,0
"A0810_am9etb.raw",1,255,0,1,1,1,521.555,1781.564,2942868,2942888,0,2847448,2847448,0,29268,11.641,1769.923,1048576,312380,bd51a415218b1cdfc04d35d42c8e8691422e0054d727f03ef3847f211fb585a6,1,0
"A0811_twfcsa.raw",1,255,0,1,1,1,511.028,1780.602,2942868,2942888,0,2847448,2847448,0,29268,11.688,1768.914,1048576,312380,c0e1fb3908fdc69acb49aa1407a9f59d4f6eaf35e4174fa4506a4669ecbed206,1,0
"A0812_gsoo5u.raw",1,255,0,1,1,1,558.483,1782.337,2942868,2942888,0,2847448,2847448,0,29268,11.948,1770.389,1048576,312380,4d35d99ad925bd62d86d0650a829a2053e9e06b6eaf8524f7de6d3f6f2a9cea1,1,0
"A0813_czg8xs.raw",1,255,0,1,1,1,558.573,1784.787,2942868,2942888,0,2847448,2847448,0,29268,11.642,1773.145,1048576,312380,871c383bfbbbb593a7c84edb426d1d1b137878f9f323e5cef0b9a44b6941908b,1,0
"A0814_iqcu4r.raw",1,255,0,1,1,1,543.463,1783.485,2942868,2942888,0,2847448,2847448,0,29268,11.674,1771.811,1048576,312380,5ac5266d62b09944f585988bf1d67dc3fb65db92ce0a65356ecfc2279997dc3f,1,0
"A0815_ixtziy.raw",1,255,0,1,1,1,542.419,1783.688,2942868,2942888,0,2847448,2847448,0,29268,11.635,1772.053,1048576,312380,102deaa98a295f665011244052f216be7f4925420279fed6bcba31a0a80eb28d,1,0
"A0816_tghjgs.raw",1,255,0,1,1,1,722.139,1784.077,2942868,2942888,0,2847448,2847448,0,29268,11.587,1772.490,1048576,312380,670d9c11c917dd439751d0bba2ec951aec5776b72c12209c28ccff59598dcf13,1,0
"A0817_dxebmm.raw",1,255,0,1,1,1,527.270,1783.707,2942868,2942888,0,2847448,2847448,0,29268,11.727,1771.980,1048576,312380,206ef1a0832d70c1946d3e02564779bb1a147c4f5b8916adeeccb054963f5f72,1,0
"A0818_kuijdh.raw",1,255,0,1,1,1,495.777,1779.452,2942888,2942888,0,2847448,2847448,0,29268,11.705,1767.747,1048576,312380,8ab44f026e0d85ddd72dd1953cf193351dda7d7bc21abe4837c3293bb251647f,1,0
"A0819_rp57wb.raw",1,255,0,1,1,1,497.846,1780.344,2942888,2942888,0,2847448,2847448,0,29268,11.664,1768.680,1048576,312380,07a864a7d009cea2ec380341476de4b010c16e85f8f2ed7cb827764ba2df36c4,1,0
"A0820_amhgh5.raw",1,255,0,1,1,1,574.463,1782.556,2942868,2942888,0,2847448,2847448,0,29268,11.729,1770.827,1048576,312380,38e23695a2dda46511aa5c38b8d55940c196407159a27cd95e274ca0b59dc354,1,0
"A0821_dpb0zj.raw",1,255,0,1,1,1,528.734,1782.235,2942868,2942888,0,2847448,2847448,0,29268,11.578,1770.657,1048576,312380,3672248fd2b6d8e4d95e52475cf84099852689e426ace2f9d19510204d9af6e1,1,0
"A0822_bex9ua.raw",1,255,0,1,1,1,502.395,1779.969,2942888,2942888,0,2847448,2847448,0,29268,11.754,1768.215,1048576,312380,c161e05e5fff3c1433a860626595e121d1f52b09618bd471738c8394c4767855,1,0
"A0823_o967ym.raw",1,255,0,1,1,1,527.110,1781.619,2942868,2942888,0,2847448,2847448,0,29268,11.723,1769.896,1048576,312380,5e38fdf34247f2c1e188de215cd79137fc95d4cc075af940f0d034138966e5de,1,0
"A0824_qsi0hj.raw",1,255,0,1,1,1,652.483,1783.538,2942868,2942888,0,2847448,2847448,0,29268,12.696,1770.842,1048576,312380,56ca4337a50af6f7ed60683110a27a7a57c24c55ad975ca6b002e52af5933fac,1,0
"A0825_hjytxc.raw",1,255,0,1,1,1,522.789,1780.671,2942868,2942888,0,2847448,2847448,0,29268,12.651,1768.020,1048576,312380,a981e459984b52ae8f15f076fa9f2d9439ae01d4a8d555f17cb4f00ad33fb223,1,0
"A0826_kkg5ee.raw",1,255,0,1,1,1,530.775,1781.702,2942868,2942908,0,2847448,2847448,0,29268,12.466,1769.236,1048576,312380,549a7a2f9efcb86b7ba84cdc771ed165722107319a0cf5f94fb783a245f591da,1,0
"A0827_ftxg1t.raw",1,255,0,1,1,1,515.752,1783.786,2942868,2942888,0,2847448,2847448,0,29268,12.325,1771.461,1048576,312380,f161219b458073bc97f4c9ab6e79261406674c06430097aea3a652d070c900d6,1,0
"A0828_xddlp6.raw",1,255,0,1,1,1,510.517,1783.007,2942868,2942888,0,2847448,2847448,0,29268,12.037,1770.970,1048576,312380,54d0a43c750d6d23a6c85fa7e3a67431ba97288e1e4a26cd3878f1725c37b702,1,0
"A0829_dgebqn.raw",1,255,0,1,1,1,525.060,1781.555,2942868,2942888,0,2847448,2847448,0,29268,11.969,1769.586,1048576,312380,abcb5b4721e850e1c116b31dc7095f1a4440ff3cb4c955f28fd4f78574ee7893,1,0
"A0830_o3xuwi.raw",1,255,0,1,1,1,502.007,1781.361,2942888,2942888,0,2847448,2847448,0,29268,11.730,1769.631,1048576,312380,88d74fe447f1ce96b399129087fd422d3c15ec467be0975dda4ac09973c214cd,1,0
"A0831_uabfse.raw",1,255,0,1,1,1,508.427,1779.024,2942888,2942888,0,2847448,2847448,0,29268,11.638,1767.386,1048576,312380,bd9bb5d20dd03ede2d043be17d91cbd42275855d2dadfdea4d29fce94b11ff01,1,0
"A0832_pjntoi.raw",1,255,0,1,1,1,496.025,1779.897,2942888,2942888,0,2847448,2847448,0,29268,11.572,1768.325,1048576,312380,30841b9c6c407f38d76fd24ad29522022ab13e8a7f6772571bfdc838d5b7f2d2,1,0
"A0833_iqqihe.raw",1,255,0,1,1,1,502.290,1781.731,2942888,2942888,0,2847448,2847448,0,29268,11.599,1770.132,1048576,312380,41d2784f19358bac763d4fd2688004f809391a331f82b6ba8b82d0def008ddb5,1,0
"A0834_oqopsc.raw",1,255,0,1,1,1,523.471,1781.353,2942868,2942888,0,2847448,2847448,0,29268,11.618,1769.735,1048576,312380,0941eca984aff46bb80a24338ecf4e8263549e4d8fca008abc82b45ae40e8d6d,1,0
"A0835_kpnzqt.raw",1,255,0,1,1,1,523.740,1781.772,2942868,2942888,0,2847448,2847448,0,29268,11.593,1770.179,1048576,312380,744306e883da4b21397ffaa5e04dc7097e16f90a8baacd2c8c2b714bf6ad85bc,1,0
"A0836_fayzsd.raw",1,255,0,1,1,1,538.085,1781.707,2942868,2942888,0,2847448,2847448,0,29268,11.608,1770.099,1048576,312380,638be9c41b48ba3a2a5f124ddaa613ea323684af4d29325cb2d3ac1f23d5e072,1,0
"A0837_pn2hjo.raw",1,255,0,1,1,1,526.012,1779.736,2942868,2942888,0,2847448,2847448,0,29268,11.627,1768.109,1048576,312380,530754304b1efe39ea14f1ac35da8f250f24f76fa59d2b1cafcbfd176ad4ed1d,1,0
"A0838_gafnw9.raw",1,255,0,1,1,1,544.620,1780.884,2942868,2942888,0,2847448,2847448,0,29268,11.663,1769.221,1048576,312380,ff2d94aeb3b311391e2df65e1f0d275e9effefe3f1f9f4176806707c2a19f9ff,1,0
"A0839_qmlmte.raw",1,255,0,1,1,1,529.144,1781.647,2942868,2942888,0,2847448,2847448,0,29268,11.650,1769.997,1048576,312380,b17704d7061c8a2d086893f2535bd4ea24a924da93bc7007594f7d8161973b53,1,0
"A0840_kxoujm.raw",1,255,0,1,1,1,510.754,1779.618,2942868,2942888,0,2847448,2847448,0,29268,11.659,1767.959,1048576,312380,d4836c81e2358a5674ec4366ca0a1df707fbc57319d8fdb4d28a2a9700c77973,1,0
"A0841_n7lygh.raw",1,255,0,1,1,1,518.570,1787.526,2942868,2942888,0,2847448,2847448,0,29268,11.631,1775.895,1048576,312380,36758ed2f241e2fbed3b872be07f2be247f00f255fe89f72031f08ea76b55205,1,0
"A0842_c2lqo5.raw",1,255,0,1,1,1,520.806,1784.411,2942868,2942888,0,2847448,2847448,0,29268,11.653,1772.758,1048576,312380,ec39cb012b3f503b066b63918485076c5b8e7655752e3733be6ce138fc079023,1,0
"A0843_agsv4a.raw",1,255,0,1,1,1,545.017,1784.335,2942868,2942888,0,2847448,2847448,0,29268,11.656,1772.679,1048576,312380,54cdb531096a326f1aa4f9e3f0ea7fd278d11ba65d26450c5137b2cf6ea07460,1,0
"A0844_aizd01.raw",1,255,0,1,1,1,549.894,1785.055,2942868,2942888,0,2847448,2847448,0,29268,11.932,1773.123,1048576,312380,b209bef6416c5efa4bab62bc1dd5e7f5cbd8be38b7e246995a1d46cc16973e12,1,0
"A0845_v6auie.raw",1,255,0,1,1,1,577.341,1781.838,2942868,2942888,0,2847448,2847448,0,29268,11.567,1770.271,1048576,312380,789b33597536bba81c8933e794a2bde537a4ab2aee5fe7ce6f1c995a35beacba,1,0
"A0846_wyvlez.raw",1,255,0,1,1,1,522.425,1781.172,2942868,2942888,0,2847448,2847448,0,29268,11.661,1769.511,1048576,312380,2bba5e28c16899af407cdb68a525779611986fea61115c7715a6bc2b9f9ab330,1,0
"A0847_jcpyws.raw",1,255,0,1,1,1,505.590,1782.048,2942888,2942888,0,2847448,2847448,0,29268,11.673,1770.375,1048576,312380,b44133ad56eb707a0a620411da12009992e52f0fa06e2fc86e1cd104606e0236,1,0
"A0848_ytdcof.raw",1,255,0,1,1,1,548.686,1781.003,2942868,2942888,0,2847448,2847448,0,29268,11.662,1769.341,1048576,312380,d47a87d6f07063d57518a9a73da17f05fc486b184fa4853094efa35cf5ad0568,1,0
"A0849_fi8nwc.raw",1,255,0,1,1,1,551.659,1787.162,2942868,2942888,0,2847448,2847448,0,29268,11.727,1775.435,1048576,312380,7ac2fea683d35bd2546c5da1c09bf7c992aff99ef0a5ae49e7503899d4408de6,1,0
"A0850_adz62q.raw",1,255,0,1,1,1,553.784,1782.343,2942868,2942888,0,2847448,2847448,0,29268,11.655,1770.688,1048576,312380,495097c0566a53e6228f48a822d85e32bf7719f944020abce8886e8005e7b32d,1,0
"A0851_jwbnzd.raw",1,255,0,1,1,1,542.687,1783.901,2942868,2942888,0,2847448,2847448,0,29268,11.603,1772.298,1048576,312380,ce1d3a5f631c746af8dc55d43d513b60784fd2eaabe0a6464aa8ba2e2a2d433f,1,0
"A0852_ziwclm.raw",1,255,0,1,1,1,532.510,1785.617,2942868,2942888,0,2847448,2847448,0,29268,11.666,1773.951,1048576,312380,e5f2639900c2c034814b4404cae1d3a9e4fe5514987682603dcd189d70f6ef14,1,0
"A0853_ys0kkm.raw",1,255,0,1,1,1,584.898,1780.514,2942868,2942888,0,2847448,2847448,0,29268,11.742,1768.772,1048576,312380,5db343eda24cb3f493a06a1d904fb53f3c635d64437e76ba302c83de563b74e7,1,0
"A0854_uyc7pt.raw",1,255,0,1,1,1,545.124,1781.361,2942868,2942888,0,2847448,2847448,0,29268,11.654,1769.707,1048576,312380,d117118d05b7e8ecace8c5a5b3a2ed554f3da460d0d3009f84388fd201cabc0f,1,0
"A0855_p8gbah.raw",1,255,0,1,1,1,540.433,1782.253,2942868,2942888,0,2847448,2847448,0,29268,11.677,1770.576,1048576,312380,35faba79be4939e023d0cd77dda4e819f792cb00eee200a0eb43ae6bcc336b5f,1,0
"A0856_w4ydp5.raw",1,255,0,1,1,1,498.332,1780.137,2942888,2942888,0,2847448,2847448,0,29268,11.583,1768.554,1048576,312380,ad2f497346732208e4cb73d31f8d0eb088d7c573a9899847106c1144b7986a67,1,0
"A0857_eiffvb.raw",1,255,0,1,1,1,509.393,1780.080,2942868,2942908,0,2847448,2847448,0,29268,11.678,1768.402,1048576,312380,4e5e7561437cc81c483b1de8ae59cc603df4143a9e6f68dd3e76c2a74cfaac6a,1,0
"A0858_fbtdia.raw",1,255,0,1,1,1,520.696,1781.459,2942868,2942888,0,2847448,2847448,0,29268,11.579,1769.880,1048576,312380,7dcdf86fbc6ed0a3cb379729af25c86548cc575e6fb94777f7d697ef109cb85d,1,0
"A0859_bosar1.raw",1,255,0,1,1,1,491.912,1782.515,2942884,2942888,0,2847448,2847448,0,29268,11.994,1770.521,1048576,312380,6d057691f32060a1af110767296014f3f331a8916bb9dc034293674915e3f459,1,0
"A0860_brpwnp.raw",1,255,0,1,1,1,511.741,1778.288,2942868,2942888,0,2847448,2847448,0,29268,11.748,1766.540,1048576,312380,6bb619e0997ac1c8b60414ea953ba8bdce01d40425085cd7b96159ecb078c3dd,1,0
"A0861_qctamz.raw",1,255,0,1,1,1,537.692,1782.331,2942868,2942888,0,2847448,2847448,0,29268,11.938,1770.393,1048576,312380,59ec34d7f71302c578a021b0ed238605e7b04cf1da7caf3aedef6c9b7bf63e5c,1,0
"A0862_se4vht.raw",1,255,0,1,1,1,549.315,1774.260,2942868,2942888,0,2847448,2847448,0,29268,11.670,1762.590,1048576,312380,9bf4ae8d976a31ea1b725fb3e6405cddfd57338c83ba67df01baf009567d9a3f,1,0
"A0863_kl7mi5.raw",1,255,0,1,1,1,553.326,1781.340,2942868,2942888,0,2847448,2847448,0,29268,11.631,1769.709,1048576,312380,ec9423809537a10bdd469ef5d00582bed9140c034a0596eb932a1905cb8bb667,1,0
"A0864_fxj0vg.raw",1,255,0,1,1,1,520.794,1779.312,2942868,2942888,0,2847448,2847448,0,29268,11.666,1767.646,1048576,312380,1aa33b5ec5b9ca339cd306ec07f76916612207911faf928c061377ef84215f04,1,0
"A0865_ayay7r.raw",1,255,0,1,1,1,531.570,1780.602,2942868,2942888,0,2847448,2847448,0,29268,11.656,1768.946,1048576,312380,4c1db2de28e79c05b90b4609037a7f6ae0eb2d7a5c4f08588189c7622aad1932,1,0
"A0866_auzumj.raw",1,255,0,1,1,1,549.468,1780.950,2942868,2942888,0,2847448,2847448,0,29268,11.641,1769.309,1048576,312380,aa58348cea08fc916dd6200dd869784922c10f05ce2480a42f1f536885dcb487,1,0
"A0867_zzxjey.raw",1,255,0,1,1,1,526.390,1782.830,2942868,2942888,0,2847448,2847448,0,29268,11.714,1771.116,1048576,312380,9a8ee367596c7307e325c4f271a036c8b8518a18e1d4645fcf97c5cf46987669,1,0
"A0868_qi0zfk.raw",1,255,0,1,1,1,525.753,1782.532,2942868,2942888,0,2847448,2847448,0,29268,11.636,1770.896,1048576,312380,471aec71ecd0ab0aec9d90b2690b85680272afcd7d29a3a0e1a074b86c44b04c,1,0
"A0869_yea4tb.raw",1,255,0,1,1,1,496.360,1781.197,2942888,2942888,0,2847448,2847448,0,29268,11.615,1769.582,1048576,312380,983cd3d0885db7170aca40413f7c1071d097126a03317351e11dcefdf5aeeddc,1,0
"A0870_u0jlmt.raw",1,255,0,1,1,1,514.077,1783.125,2942868,2942888,0,2847448,2847448,0,29268,11.622,1771.503,1048576,312380,9236f04bb28705f8be1f3731f21981a10fe7f5226ff51039505348a1bb7579c2,1,0
"A0871_ftgu40.raw",1,255,0,1,1,1,541.069,1780.258,2942868,2942888,0,2847448,2847448,0,29268,11.617,1768.641,1048576,312380,0bef06abdad79621c7eeb9ff2dde8736a862fe94bbea7041a11f48d7b509bcf5,1,0
"A0872_difcct.raw",1,255,0,1,1,1,526.178,1781.453,2942868,2942888,0,2847448,2847448,0,29268,11.676,1769.777,1048576,312380,e73f4301d073deae3ea5e70dd91a39d9f06b58ccf281b00f17a29a6f3160889f,1,0
"A0873_i2kbuf.raw",1,255,0,1,1,1,541.087,1782.457,2942868,2942888,0,2847448,2847448,0,29268,11.715,1770.742,1048576,312380,0580b6872d9d2e8a32b3f6ec8e3055535227a685c258cacc60e3c462128f24c6,1,0
"A0874_dumoqo.raw",1,255,0,1,1,1,504.138,1782.824,2942888,2942888,0,2847448,2847448,0,29268,11.692,1771.132,1048576,312380,0ff4693b9239fddc7c62cb85fb310f5e7d4dc5fe8e4fee63723feceb6f66d9ba,1,0
"A0875_jplqug.raw",1,255,0,1,1,1,567.181,1781.716,2942868,2942888,0,2847448,2847448,0,29268,11.655,1770.061,1048576,312380,7195f7439a8f5eb50ba235a960d8a8bc5511500ce8868ecdc0377a9266bc02ed,1,0
"A0876_kfliex.raw",1,255,0,1,1,1,552.583,1780.558,2942868,2942888,0,2847448,2847448,0,29268,11.624,1768.934,1048576,312380,3de4f35c6b96e4497137150d08cad195f734de485e7d628dd3611f9a0c0ca6b9,1,0
"A0877_scracb.raw",1,255,0,1,1,1,545.642,1782.216,2942868,2942888,0,2847448,2847448,0,29268,11.707,1770.509,1048576,312380,c53f1392b20d7f644e7c06fc06fe2a72dac85a1975da1312fe629f811528d3a2,1,0
"A0878_cz9uy5.raw",1,255,0,1,1,1,532.969,1783.630,2942868,2942888,0,2847448,2847448,0,29268,11.724,1771.906,1048576,312380,44b49a20bc312632fb867792a1866154c91c32736bb370116bd805a29091adf9,1,0
"A0879_frshjz.raw",1,255,0,1,1,1,521.421,1782.478,2942868,2942888,0,2847448,2847448,0,29268,11.614,1770.864,1048576,312380,eb23dc499f7d9e42b7eac92837e925ca1541a4d39974d51b087ef8fa04dc5352,1,0
"A0880_exaxxq.raw",1,255,0,1,1,1,528.105,1782.856,2942876,2942888,0,2847448,2847448,0,29268,11.666,1771.190,1048576,312380,44d604125bb0e91332f96e49b064bea07844474839d947237a6d1a38776a4989,1,0
"A0881_gzcqbu.raw",1,255,0,1,1,1,625.870,1782.746,2942868,2942888,0,2847448,2847448,0,29268,11.691,1771.055,1048576,312380,928e7cef18523941e38427d5d444777fdee3cfb9e0d9ccd6e40710b2ffd72014,1,0
"A0882_yhj7yc.raw",1,255,0,1,1,1,531.767,1782.887,2942868,2942888,0,2847448,2847448,0,29268,11.948,1770.939,1048576,312380,eeaa1bce735f44ecdff22418fc2d8dc1ebacd7e4d202c358fecb7230defd9825,1,0
"A0883_o9zey3.raw",1,255,0,1,1,1,521.282,1782.382,2942868,2942888,0,2847448,2847448,0,29268,11.982,1770.400,1048576,312380,a6c0ffbca51b60485fb7cb9f2a3b11f253b945020131d6652eddebab10566543,1,0
"A0884_jmyqbb.raw",1,255,0,1,1,1,506.189,1782.917,2942868,2942888,0,2847448,2847448,0,29268,11.717,1771.200,1048576,312380,75ffcc8936620249350a275317367c535eeb63bc931a6f7cab0c1a5c5335bbc4,1,0
"A0885_bee8l1.raw",1,255,0,1,1,1,531.922,1782.656,2942868,2942888,0,2847448,2847448,0,29268,11.715,1770.941,1048576,312380,3563204ef777002a8b8e7a8061810f4cd8d568bd6f97c6effae7ce6d8e4ef014,1,0
"A0886_ppwfed.raw",1,255,0,1,1,1,576.790,1780.945,2942868,2942888,0,2847448,2847448,0,29268,11.660,1769.285,1048576,312380,ccfabc8cf1fca10c251628274422f3b379e0c714876f1a4ae01a8177ddfbdaf9,1,0
"A0887_rtxoyc.raw",1,255,0,1,1,1,566.468,1781.374,2942868,2942888,0,2847448,2847448,0,29268,11.713,1769.661,1048576,312380,58f84a0b1687cef07008a4d11f496d0df37713340df6a685f66de0ec39ef06df,1,0
"A0888_hdrgut.raw",1,255,0,1,1,1,516.993,1782.617,2942868,2942888,0,2847448,2847448,0,29268,11.622,1770.995,1048576,312380,467fa0fd263e1a0315da5bff3d5d35d87a73d6407e24ca8dbdefb215620752c8,1,0
"A0889_mcpdko.raw",1,255,0,1,1,1,550.132,1782.817,2942868,2942888,0,2847448,2847448,0,29268,12.285,1770.532,1048576,312380,8cd17efbede914701b9a68c4db0d66770dd5b2cd5b527cb37d3932f246bec8e2,1,0
"A0890_oxneji.raw",1,255,0,1,1,1,512.680,1785.301,2942868,2942888,0,2847448,2847448,0,29268,11.888,1773.413,1048576,312380,c1bd2cf89519e189ebd00d29cf988bc8c7de6ebc192a8c4ae36fcd2d567422c2,1,0
"A0891_bcygob.raw",1,255,0,1,1,1,497.223,1786.368,2942888,2942888,0,2847448,2847448,0,29268,11.755,1774.613,1048576,312380,362868223e6d993abc4ab16a9a8b42bf4edcdb47b10555a8c5bcaec7d2181fb3,1,0
"A0892_th92wz.raw",1,255,0,1,1,1,509.512,1786.104,2942868,2942888,0,2847448,2847448,0,29268,11.597,1774.507,1048576,312380,9978774b714ca7b52046712f2e525d8c04bb644d9e709685b4f76853a94619a0,1,0
"A0893_fplwq6.raw",1,255,0,1,1,1,522.724,1783.290,2942868,2942888,0,2847448,2847448,0,29268,11.576,1771.714,1048576,312380,600459c073f16e8fd9b8a669038ec2c9ab5cbf8b3001d8f5650591b79f039fab,1,0
"A0894_vuezk5.raw",1,255,0,1,1,1,538.146,1781.411,2942868,2942888,0,2847448,2847448,0,29268,11.707,1769.704,1048576,312380,03748d48b072c13c177150278846289b0848690fac17374dcb72c9aac0246fd3,1,0
"A0895_wjqzqn.raw",1,255,0,1,1,1,529.280,1783.455,2942868,2942888,0,2847448,2847448,0,29268,11.841,1771.614,1048576,312380,7bd3607c83d2adb6c57b5e71512518d14f429510fdafee138061a9a15e227207,1,0
"A0896_hqikrt.raw",1,255,0,1,1,1,510.962,1784.305,2942868,2942888,0,2847448,2847448,0,29268,11.736,1772.569,1048576,312380,d27f198b5d4cd31d7fd48cffbe9f7d84a5122d72623ecdff4741b72ac2fbe5ec,1,0
"A0897_lxyfxm.raw",1,255,0,1,1,1,1165.071,1781.058,2942868,2942888,0,2847448,2847448,0,29268,12.526,1768.532,1048576,312380,1291bd0d7db0165980024acdb35c7d65859fa15b9b4475417e330408e8ae2ff9,1,0
"A0898_pruxop.raw",1,255,0,1,1,1,528.227,1780.294,2942868,2942888,0,2847448,2847448,0,29268,11.609,1768.685,1048576,312380,25988aeb1a53c06b188896d0b1b5b36a28247f20667fa8b8210be294c0b81957,1,0
"A0899_inbs3j.raw",1,255,0,1,1,1,516.840,1788.634,2942868,2942888,0,2847448,2847448,0,29268,11.605,1777.029,1048576,312380,5bfef36cc512a0cf0b60774172e33d2c5584ac052d16066b36340c9bee5fe518,1,0
"A0900_mw2tuh.raw",1,255,0,1,1,1,542.150,1781.701,2942868,2942888,0,2847448,2847448,0,29268,11.604,1770.097,1048576,312380,82dfcf90131e35111fc86c996b2090c0289b4203388b47720482186076631bfd,1,0
"A0901_movtmq.raw",1,255,0,1,1,1,524.831,1780.569,2942868,2942888,0,2847448,2847448,0,29268,11.805,1768.764,1048576,312380,ba63254e4eb3d9ffe78a4dd6c02f1f9bfd4932e673169c2210b31925a381f60d,1,0
"A0902_y0wpck.raw",1,255,0,1,1,1,502.909,1783.777,2942888,2942888,0,2847448,2847448,0,29268,11.652,1772.125,1048576,312380,49f59b19da1201a2089e6ee6cb65111896b4d7785adaff81c250725933a38931,1,0
"A0903_m2kica.raw",1,255,0,1,1,1,508.587,1782.212,2942868,2942888,0,2847448,2847448,0,29268,11.725,1770.487,1048576,312380,b71c7555191aebf38fb7d40ebe7d73b1100676332236de7968901294f8ee06a8,1,0
"A0904_lsbbc8.raw",1,255,0,1,1,1,551.543,1781.024,2942868,2942888,0,2847448,2847448,0,29268,11.643,1769.381,1048576,312380,530ef3022d5d794209f20325ed3228a681e5376407a8c0f0bd9ddaa1e9722168,1,0
"A0905_fl7bey.raw",1,255,0,1,1,1,505.169,1782.064,2942888,2942888,0,2847448,2847448,0,29268,11.633,1770.431,1048576,312380,8ce6c402f16c8dd9771dec3d281b321a8010ee7a5cd6a48433d9a525e0828b29,1,0
"A0906_cfdivt.raw",1,255,0,1,1,1,527.746,1781.236,2942868,2942888,0,2847448,2847448,0,29268,11.595,1769.641,1048576,312380,323382e1478568e8adde636250127ec10848812f6f814fe96db93ebb0f71465a,1,0
"A0907_t5t37f.raw",1,255,0,1,1,1,500.235,1782.907,2942888,2942888,0,2847448,2847448,0,29268,12.430,1770.477,1048576,312380,06deab07af92bb1767fe38e3ef9fdb9ca3881a501aac844b4ffb10d9e8028c9a,1,0
"A0908_k60xvl.raw",1,255,0,1,1,1,535.310,1780.459,2942868,2942888,0,2847448,2847448,0,29268,11.694,1768.765,1048576,312380,1e3771aa371723d40c4a5a32511a0cd7755c4007d8c02c229cff23b58b317789,1,0
"A0909_dwrszu.raw",1,255,0,1,1,1,496.226,1781.691,2942888,2942888,0,2847448,2847448,0,29268,12.003,1769.688,1048576,312380,795c12314590156fa444e0b5b37a5005a234fc78ab20fc30deb1553d784e6b43,1,0
"A0910_kcymyw.raw",1,255,0,1,1,1,561.046,1779.361,2942868,2942888,0,2847448,2847448,0,29268,11.637,1767.724,1048576,312380,33c0dba3b002251795a1336164648932ac455f7cf1f056165596dc0b154db3b6,1,0
"A0911_aaduoq.raw",1,255,0,1,1,1,511.791,1781.733,2942888,2942888,0,2847448,2847448,0,29268,11.713,1770.020,1048576,312380,c398255cc6f57d9e56f995155ae4a32124ba1c58354ea4584435e62062219abf,1,0
"A0912_dxf2w9.raw",1,255,0,1,1,1,527.095,1782.111,2942868,2942888,0,2847448,2847448,0,29268,11.644,1770.467,1048576,312380,723d17fae5e238a7a87e776395d338b486b8357eb8f7b8f7a90144f41328ff19,1,0
"A0913_r5zegi.raw",1,255,0,1,1,1,516.713,1780.731,2942868,2942888,0,2847448,2847448,0,29268,11.604,1769.127,1048576,312380,c220e2e372fa08449620227a6a38f660313bb660afb51a2d2c08e1a8b5780b15,1,0
"A0914_fufv24.raw",1,255,0,1,1,1,512.094,1781.901,2942888,2942888,0,2847448,2847448,0,29268,11.714,1770.187,1048576,312380,cba3ef4c86b847281f8b3878ecf0b579426b3071893e33320778d5bea3317542,1,0
"A0915_rgzmn7.raw",1,255,0,1,1,1,512.294,1787.076,2942868,2942888,0,2847448,2847448,0,29268,13.121,1773.955,1048576,312380,f6fabae46f29c6c8da217d084f9a9a1e0d6abe7b65a769fc4b87ab5db6eed4af,1,0
"A0916_djkwxt.raw",1,255,0,1,1,1,506.979,1783.725,2942888,2942888,0,2847448,2847448,0,29268,11.757,1771.968,1048576,312380,f2d67c7c9aa93012e0be6d1d6d9e95821a43950dc72edc98421c52047d9b8725,1,0
"A0917_aqpad1.raw",1,255,0,1,1,1,528.379,1783.297,2942868,2942888,0,2847448,2847448,0,29268,12.608,1770.689,1048576,312380,34dfe6686c4675b965a9ed3e5a1f9d42f5ecf276b4ab6bb76f1a73913c122039,1,0
"A0918_b5kvk6.raw",1,255,0,1,1,1,700.603,1783.507,2942868,2942888,0,2847448,2847448,0,29268,11.625,1771.882,1048576,312380,0699b3adbb9d7a28a01b3a7dce95acd690fbee9dad03ed638129374f6e1ddb42,1,0
"A0919_q602qj.raw",1,255,0,1,1,1,547.402,1784.352,2942868,2942888,0,2847448,2847448,0,29268,12.596,1771.756,1048576,312380,2e280553dc84dd3d3651500c71ee25e47206939d6b3c70d69dc17655ad345e42,1,0
"A0920_uuwqit.raw",1,255,0,1,1,1,572.692,1780.543,2942868,2942888,0,2847448,2847448,0,29268,11.590,1768.953,1048576,312380,bffe2bdf3b431383ecd5a569c5d8bef9e8210cb503a538622abdd289ac7f85ee,1,0
"A0921_bl0uay.raw",1,255,0,1,1,1,512.356,1781.681,2942868,2942888,0,2847448,2847448,0,29268,11.595,1770.086,1048576,312380,06f224c570d05657e309abe2e16462d8f588e976f3b84c078462a3efe96bc11f,1,0
"A0922_l5kxcb.raw",1,255,0,1,1,1,519.319,1779.995,2942872,2942888,0,2847448,2847448,0,29268,11.646,1768.349,1048576,312380,29180529116db3a5d0e5775a1b103680ad753746d7e475007193fa10f5c15671,1,0
"A0923_rsqd44.raw",1,255,0,1,1,1,498.029,1781.202,2942888,2942888,0,2847448,2847448,0,29268,11.792,1769.410,1048576,312380,67458a174bd522013667a090361e16277ed01d2534ec972577d97591fcff2ee4,1,0
"A0924_ho9ij1.raw",1,255,0,1,1,1,524.219,1781.025,2942868,2942888,0,2847448,2847448,0,29268,11.593,1769.432,1048576,312380,69aac4fab25f0bfd0ca1116d1216a5bc2e000bd3546f01c09553ba4e4b78aea6,1,0
"A0925_jhtjw9.raw",1,255,0,1,1,1,537.567,1781.413,2942868,2942888,0,2847448,2847448,0,29268,11.654,1769.759,1048576,312380,732b1c4793ee96c89a1436a8b26b56aadb945d496bf99ff32807f927ec7543fd,1,0
"A0926_iq2dhc.raw",1,255,0,1,1,1,502.873,1781.627,2942888,2942888,0,2847448,2847448,0,29268,11.670,1769.957,1048576,312380,946c28770ceff7223eb3cb4275f22d78cff7211652fa15708ce146a25a0a55c0,1,0
"A0927_dkovhx.raw",1,255,0,1,1,1,529.423,1781.536,2942868,2942888,0,2847448,2847448,0,29268,11.665,1769.871,1048576,312380,867785032be62fea4846d9dab47a28b11a3176498670421f72afb17a6fa02aff,1,0
"A0928_gzektb.raw",1,255,0,1,1,1,530.937,1782.709,2942868,2942888,0,2847448,2847448,0,29268,11.637,1771.072,1048576,312380,5bbfebb3210966c0a1d817d308504918ae04fcf8e3eff52cb739e45dc1a22a47,1,0
"A0929_iewzh0.raw",1,255,0,1,1,1,500.223,1780.103,2942888,2942888,0,2847448,2847448,0,29268,11.710,1768.393,1048576,312380,eb14dc5aca82206a706f8a591394a8444f0f0c165a5a459a8c92d54a37ad37bd,1,0
"A0930_ifpg3o.raw",1,255,0,1,1,1,503.738,1782.175,2942888,2942888,0,2847448,2847448,0,29268,11.785,1770.390,1048576,312380,9e37d468aef8538068916743136d70929501aa127db49636302331bb76837b49,1,0
"A0931_lqgex5.raw",1,255,0,1,1,1,501.869,1782.554,2942888,2942888,0,2847448,2847448,0,29268,11.729,1770.825,1048576,312380,525e774251b41a9528c32334ce8bd1b4eb6d0f87de40ae8def92a80dc3d7b734,1,0
"A0932_pxasek.raw",1,255,0,1,1,1,531.649,1782.231,2942868,2942888,0,2847448,2847448,0,29268,11.634,1770.597,1048576,312380,1ecc4838fd6865898faa8dcf6f126b75ebeada537beeadf1cd53abd30ebf3ebb,1,0
"A0933_bjr2vw.raw",1,255,0,1,1,1,529.188,1782.625,2942868,2942888,0,2847448,2847448,0,29268,11.607,1771.018,1048576,312380,b7e70e8381bb812119099b2b8f7d6ea0211f1771c4bed749df93886268b3b5eb,1,0
"A0934_cwffb2.raw",1,255,0,1,1,1,547.868,1781.961,2942868,2942888,0,2847448,2847448,0,29268,11.645,1770.316,1048576,312380,669b35419a174fa4e03d53c4f79b967c13cb211fbdad61ed88fa37164fd18202,1,0
"A0935_d3dpjg.raw",1,255,0,1,1,1,508.184,1782.725,2942888,2942888,0,2847448,2847448,0,29268,12.676,1770.049,1048576,312380,2697b9a9ca23aaa1081be48d2382f729aa745773f28cd22412154d508013bfc8,1,0
"A0936_m1q0gj.raw",1,255,0,1,1,1,550.121,1780.923,2942868,2942888,0,2847448,2847448,0,29268,11.616,1769.307,1048576,312380,98a1b684d51901540b6ac1c925c2972b436669be289b41c7a0cdbdf81cd022e1,1,0
"A0937_yncgxd.raw",1,255,0,1,1,1,510.582,1780.947,2942868,2942888,0,2847448,2847448,0,29268,11.695,1769.252,1048576,312380,f4ea69e6df66474a7148db2cd2dfcfde1737a1c01ec95a40ae16d47d6b5bbd18,1,0
"A0938_earpmh.raw",1,255,0,1,1,1,527.087,1780.323,2942868,2942888,0,2847448,2847448,0,29268,11.716,1768.607,1048576,312380,dfe527a4b2d274b57c395d44f4c9da9c316cba5bdf17d1a57475f328549ff007,1,0
"A0939_lirvvg.raw",1,255,0,1,1,1,508.821,1781.068,2942868,2942888,0,2847448,2847448,0,29268,12.484,1768.584,1048576,312380,ac9ad71c761ea2caf21574f2f4a6bdb95482121f29ba4201b09160421926c3ac,1,0
"A0940_oue4rn.raw",1,255,0,1,1,1,529.428,1780.082,2942868,2942888,0,2847448,2847448,0,29268,12.451,1767.631,1048576,312380,9c1b66a38b590b4309a8f0d7d27c2187635da6ed181fd6a9795acdc4bf702918,1,0
"A0941_nykmym.raw",1,255,0,1,1,1,531.898,1782.268,2942868,2942888,0,2847448,2847448,0,29268,11.686,1770.582,1048576,312380,c4a39fd413cf171857c94ac4a54c369ecb2c215b7d63900856460f9751f823b4,1,0
"A0942_ojc7ej.raw",1,255,0,1,1,1,557.744,1780.570,2942868,2942888,0,2847448,2847448,0,29268,11.646,1768.924,1048576,312380,779f74313c04070c1132615842be89ecd1bb0fc417ffec4de33641a8199ca592,1,0
"A0943_hza3n4.raw",1,255,0,1,1,1,501.815,1780.992,2942888,2942888,0,2847448,2847448,0,29268,11.653,1769.339,1048576,312380,f5926f44d2a1660bef307d030af7fe75409d0fbbce7de01a8449316178a55842,1,0
"A0944_jyclyi.raw",1,255,0,1,1,1,586.144,1782.505,2942868,2942888,0,2847448,2847448,0,29268,11.907,1770.598,1048576,312380,ff6d6257d51a774c6b4aa43d0fcddc3cf43bc3a06f06f15a46225ad563016ee8,1,0
"A0947_uc7qcl.raw",1,255,0,1,1,1,572.047,1781.148,2942868,2942888,0,2847448,2847448,0,29268,11.602,1769.546,1048576,312380,1270b662631bb8671591c0e9a5f1537db4feac167c5afd225cadbb6a472b333f,1,0
"A0948_avwkpd.raw",1,255,0,1,1,1,597.276,1781.305,2942868,2942888,0,2847448,2847448,0,29268,11.584,1769.721,1048576,312380,53bd3c8a560409c724a144d4160408ed586d3ab076a25dbf1508c438f0ca8af7,1,0
"A0949_uj3blf.raw",1,255,0,1,1,1,610.567,1782.923,2942868,2942888,0,2847448,2847448,0,29268,13.051,1769.872,1048576,312380,e95398bd31dc46e06baf994265845d7f900f42330c8a8886d60b4b67725382d8,1,0
"A0950_fyd3zc.raw",1,255,0,1,1,1,607.888,1782.185,2942868,2942888,0,2847448,2847448,0,29268,11.592,1770.593,1048576,312380,47554f218d2a2f72804f11e82c7bb38a2ed95894e853c23c9cf563ad71cb34aa,1,0
"A0951_yfyz5w.raw",1,255,0,1,1,1,618.305,1782.548,2942868,2942888,0,2847448,2847448,0,29268,11.561,1770.987,1048576,312380,449f2b6788937d4bca56e5bb79c3e31df91da2a6f95a27fe3e1352acef6fe2a0,1,0
"A0952_xm0rpx.raw",1,255,0,1,1,1,615.301,1784.406,2942872,2942888,0,2847448,2847448,0,29268,11.576,1772.830,1048576,312380,e3bb3f01768ef26c25664e24cd287dc79c0d8e328336923967dc15419b8dabc0,1,0
"A0953_zset6z.raw",1,255,0,1,1,1,646.814,1782.756,2942876,2942888,0,2847448,2847448,0,29268,11.919,1770.837,1048576,312380,8da9c9c937f82906b5dfdaf14dde353cf54b7d2407437607f71bcaf67d53a6e2,1,0
"A0954_exazoy.raw",1,255,0,1,1,1,630.873,1782.860,2942868,2942888,0,2847448,2847448,0,29268,12.725,1770.135,1048576,312380,112abeb7598c8c3874647a074198902fc3a45409a4cb912af83528d85c8b7dbe,1,0
"A0955_vriuls.raw",1,255,0,1,1,1,683.959,1783.437,2942868,2942888,0,2847448,2847448,0,29268,11.656,1771.781,1048576,312380,eb69fff7dfab46b4404dcd28e7813401ccf1db4078e063530e5e564d522ad7c0,1,0
"A0956_sb5dwz.raw",1,255,0,1,1,1,637.030,1782.414,2942876,2942888,0,2847448,2847448,0,29268,11.604,1770.810,1048576,312380,c5278095fadbc5480a108bcc2756c4055c230c0c1e44320e1ecc168c1fba0216,1,0
"A0957_osix3a.raw",1,255,0,1,1,1,612.477,1781.520,2942876,2942888,0,2847448,2847448,0,29268,11.674,1769.846,1048576,312380,02f27aa08473ef58479713c5ac300a73dacf97a0317621228cd7e8e5211f53c7,1,0
"A0958_ozeqgv.raw",1,255,0,1,1,1,595.029,1779.187,2942868,2942888,0,2847448,2847448,0,29268,11.642,1767.545,1048576,312380,463d7ea75f11c821592afb70bdcf8836cfa25c5d26723148c03720c2d2d9f151,1,0
"A0959_sulk1r.raw",1,255,0,1,1,1,595.632,1783.133,2942868,2942888,0,2847448,2847448,0,29268,12.748,1770.385,1048576,312380,bf6a64b9ab40f5f1f5f1d3e3ce04ffa140e40d471fc8df21164c24ed842edc61,1,0
"A0960_n1xkrj.raw",1,255,0,1,1,1,595.022,1782.709,2942868,2942888,0,2847448,2847448,0,29268,11.651,1771.058,1048576,312380,452584cd58d2582398cb0d9b4de875bd8528db874c094be35e8c7b50c9bd227d,1,0
"A0961_lr7oar.raw",1,255,0,1,1,1,530.196,1784.568,2942868,2942888,0,2847448,2847448,0,29268,11.659,1772.909,1048576,312380,ce78f53214073582dd6b40c779e3302a9f85a127ba719d29491b57b5fa892139,1,0
"A0962_qqflsp.raw",1,255,0,1,1,1,548.895,1781.901,2942868,2942888,0,2847448,2847448,0,29268,11.647,1770.254,1048576,312380,6a6405683364a18409c5f7658591c3d8edb939b1f79e561934d7f9c9bb8df047,1,0
"A0963_vfipci.raw",1,255,0,1,1,1,513.561,1781.626,2942868,2942888,0,2847448,2847448,0,29268,12.736,1768.890,1048576,312380,b933fc12924729abf83dcab381aaf1cdaa2e2fe86d9f9cf4fb1ca51120d642f3,1,0
"A0964_eh32xh.raw",1,255,0,1,1,1,552.626,1781.400,2942868,2942888,0,2847448,2847448,0,29268,11.626,1769.774,1048576,312380,3b9cd2a81fba5f08ee7088d2de85efb30be837363d62757a42d37792b05d4fdb,1,0
"A0965_z8y0qg.raw",1,255,0,1,1,1,534.304,1779.475,2942868,2942888,0,2847448,2847448,0,29268,11.566,1767.909,1048576,312380,16750700e9bf000fb48bac5e6cfd9e21263722b1b94e30d0cc9224831a39d4a8,1,0
"A0966_nxurdu.raw",1,255,0,1,1,1,520.720,1781.180,2942868,2942888,0,2847448,2847448,0,29268,11.618,1769.562,1048576,312380,212241657666834c42d2e67a57cdd47169293c9dfc922990b166ebf5e9d491a9,1,0
"A0967_u1zejj.raw",1,255,0,1,1,1,517.161,1781.412,2942868,2942888,0,2847448,2847448,0,29268,11.645,1769.767,1048576,312380,89ba3da49c152d3c000a95afb0ea75b46344d6fa4719173fecc02f42ef5039f1,1,0
"A0968_kxktln.raw",1,255,0,1,1,1,537.693,1780.921,2942868,2942888,0,2847448,2847448,0,29268,11.577,1769.344,1048576,312380,6afc17954a90ba21b4305d5847be72fe87e9606da573115bdddb8e74e0e69eca,1,0
"A0969_npm4sf.raw",1,255,0,1,1,1,538.280,1781.188,2942868,2942888,0,2847448,2847448,0,29268,11.596,1769.592,1048576,312380,5935ce0789b26164fd25c921dd39725277e1519090953410842bf1cb512e6d64,1,0
"A0970_yjih8o.raw",1,255,0,1,1,1,556.905,1783.389,2942868,2942888,0,2847448,2847448,0,29268,11.975,1771.414,1048576,312380,aec5ad3b7eceea9d68f347f3d6f497ff7e98254e69c47143157683b16d0fa9b4,1,0
"A0971_teu6lq.raw",1,255,0,1,1,1,544.775,1781.635,2942868,2942888,0,2847448,2847448,0,29268,11.668,1769.967,1048576,312380,3aeff43ac05c74d2817069c2869760e1dfe8892886c688c5f16bc011a04a6803,1,0
"A0972_ubdknw.raw",1,255,0,1,1,1,519.831,1781.495,2942868,2942888,0,2847448,2847448,0,29268,11.694,1769.801,1048576,312380,80167a43ed766125a9acd225cf02e66c1ee34672625852e8a3ae4b88c0789410,1,0
"A0973_j68alr.raw",1,255,0,1,1,1,556.049,1780.844,2942868,2942888,0,2847448,2847448,0,29268,11.633,1769.211,1048576,312380,7688363ba4fb050c4a2e3d840fc9bcc32770d72391aa3493b86f82bef105bd2a,1,0
"A0974_ehxrey.raw",1,255,0,1,1,1,584.312,1782.385,2942868,2942888,0,2847448,2847448,0,29268,12.474,1769.911,1048576,312380,d96247838e01cb31b82b1c5bc4fe5f55fc16e9dfba7fe9f49e88a7c5e0768559,1,0
"A0975_acqn9l.raw",1,255,0,1,1,1,573.402,1782.044,2942868,2942888,0,2847448,2847448,0,29268,11.690,1770.354,1048576,312380,6de9f697aeef96e3e136ccf32bde68fa98a68422f5e08072da0f9f89a1bcbb88,1,0
"A0976_d3gg2g.raw",1,255,0,1,1,1,650.261,1782.661,2942868,2942888,0,2847448,2847448,0,29268,11.695,1770.966,1048576,312380,07f57226cf82794433995411bf9bd5eb78be06210ae1510d010083bf1fd45c20,1,0
"A0977_xzp3uo.raw",1,255,0,1,1,1,568.122,1781.632,2942868,2942888,0,2847448,2847448,0,29268,11.574,1770.058,1048576,312380,8f3120bd967ca1418388422780e0c86e170b8abd4206243d6277e36c600aa3a2,1,0
"A0978_sbc38e.raw",1,255,0,1,1,1,590.094,1783.120,2942872,2942888,0,2847448,2847448,0,29268,12.704,1770.416,1048576,312380,f25f32ad2ee6fda52f23e421b3c6bd9c97d50273ea174ce86ec13ea52ebf0d62,1,0
"A0979_bdumow.raw",1,255,0,1,1,1,491.885,1778.686,2942888,2942888,0,2847448,2847448,0,29268,11.688,1766.998,1048576,312380,de8e5bf55e45c456df22a6ac5e6fafee7cbf2b16f2f0e34a188f04a0af78ee38,1,0
"A0980_phmssa.raw",1,255,0,1,1,1,527.423,1780.687,2942868,2942888,0,2847448,2847448,0,29268,11.679,1769.008,1048576,312380,e3f49614660443e642219cf0946525a5b9aeea5276208109429b9c86b38d5cbf,1,0
"A0981_adw7q1.raw",1,255,0,1,1,1,530.276,1782.832,2942868,2942888,0,2847448,2847448,0,29268,11.689,1771.143,1048576,312380,899a0f0cf1cd5cb928a37464530e83dbf58f911da958314779dc380de87d6f5f,1,0
"A0982_odsnfw.raw",1,255,0,1,1,1,555.260,1781.916,2942868,2942888,0,2847448,2847448,0,29268,11.670,1770.246,1048576,312380,c162c8eea02ef04c1b5ddce48732d30ec999329e7da3762fbb61146de9635f01,1,0
"A0983_zr7jyi.raw",1,255,0,1,1,1,543.473,1781.350,2942868,2942888,0,2847448,2847448,0,29268,11.660,1769.690,1048576,312380,d6106062287dba6c09d13cb3f87f1083a7b34c22d5bb30df42ef17ea259b8ca4,1,0
"A0984_w17bjj.raw",1,255,0,1,1,1,499.096,1782.520,2942888,2942888,0,2847448,2847448,0,29268,12.464,1770.056,1048576,312380,03003292beef16f11ed5885492a30b86bceca42020d3bb3b3ca2c9ce44b6288f,1,0
"A0985_olsxej.raw",1,255,0,1,1,1,530.167,1779.807,2942868,2942888,0,2847448,2847448,0,29268,11.631,1768.176,1048576,312380,57a128702245764c7db63ef0b6575bde623f802e79e8493ebb4cf51f8b21c968,1,0
"A0986_bgdl8r.raw",1,255,0,1,1,1,513.940,1782.902,2942888,2942908,0,2847448,2847448,0,29268,12.377,1770.525,1048576,312380,27e1001db98e29a4b2aa4ef66763696ebe4e2cc8df872fa74d48185718f8dabf,1,0
"A0987_no4kp5.raw",1,255,0,1,1,1,556.571,1781.397,2942868,2942888,0,2847448,2847448,0,29268,11.599,1769.798,1048576,312380,4f20099e6cf6bdc0b3aa6416c4b26abbe98ea19db8a4350215714fdd52aede7f,1,0
"A0988_opffxs.raw",1,255,0,1,1,1,557.332,1782.932,2942868,2942888,0,2847448,2847448,0,29268,11.604,1771.328,1048576,312380,aea5cf953145d309083958158c53455a749bc0694efcc72ade27bfdc00b3b5d9,1,0
"A0989_rngptt.raw",1,255,0,1,1,1,512.048,1781.306,2942868,2942888,0,2847448,2847448,0,29268,11.691,1769.615,1048576,312380,19e3707d7c5b9af34aa0ed737dd1569461492dc38797e7d04c16092a16c75578,1,0
"A0990_b40cri.raw",1,255,0,1,1,1,522.261,1780.040,2942868,2942888,0,2847448,2847448,0,29268,11.646,1768.394,1048576,312380,44584da843b222b1eb1938eb7b6e9fe215c4f31df728371b48abca7fd8539f36,1,0
"A0991_zo6ct1.raw",1,255,0,1,1,1,511.738,1781.596,2942868,2942888,0,2847448,2847448,0,29268,11.676,1769.920,1048576,312380,85631d3dab1ed5caf475c511b6629bd39ece997af026f7198fe2c8d8c30663d0,1,0
"A0992_xubgxa.raw",1,255,0,1,1,1,562.219,1783.483,2942868,2942888,0,2847448,2847448,0,29268,12.292,1771.191,1048576,312380,25ae481a8d2c665fae7acb86489846d5c015a846fd11b58dd1acf2cdc9b8333c,1,0
"A0993_tmitcp.raw",1,255,0,1,1,1,532.684,1781.927,2942868,2942888,0,2847448,2847448,0,29268,11.596,1770.331,1048576,312380,205295ca47b672576724040203493b22563180da17fd133171f9d7589da712b0,1,0
"A0994_n27ptg.raw",1,255,0,1,1,1,527.687,1781.485,2942868,2942888,0,2847448,2847448,0,29268,11.680,1769.805,1048576,312380,1a5a5613d1af1af1bd511f200ddec235aa577458d6226f045049eeafc5eddf22,1,0
"A0995_nkice8.raw",1,255,0,1,1,1,512.696,1781.952,2941136,2942888,0,2847448,2847448,0,29268,11.890,1770.062,1048576,312380,a9af89e999227e4ce2a69cbcb1f9d50c06a252ccfdc01d3b0ae424962bb7cf02,1,0
"A0996_nkqj0h.raw",1,255,0,1,1,1,498.277,1783.618,2942888,2942888,0,2847448,2847448,0,29268,11.607,1772.011,1048576,312380,68a88736805cc914cafbda6a9e532288f8c865dc171fefc5bdfe6fb104b89b75,1,0
"A0997_uciipm.raw",1,255,0,1,1,1,498.815,1780.014,2942888,2942888,0,2847448,2847448,0,29268,11.715,1768.299,1048576,312380,af19adff306c26b8271fc7b12c853e067e00afc81e6385da7bae41dd3972bed7,1,0
"A0998_vexok9.raw",1,255,0,1,1,1,499.983,1781.372,2942888,2942888,0,2847448,2847448,0,29268,11.673,1769.699,1048576,312380,2ea3faff2e4299b76eb280c55866ecce1c03eb747cbcbe6fa8a08230f2ebc946,1,0
"A0999_owxuzi.raw",1,255,0,1,1,1,530.213,1780.876,2942868,2942888,0,2847448,2847448,0,29268,11.624,1769.252,1048576,312380,a9755f4a4f4886ccba2ccd47179e86c5a3d48fdb43b7ab7c8ad3f695c107104f,1,0
"A1000_rrfcql.raw",1,255,0,1,1,1,521.505,1779.032,2942868,2942888,0,2847448,2847448,0,29268,11.576,1767.456,1048576,312380,7fa181b05c4bbbc75815bb909ef7a62abeb0f29eae0d29e4574b983f32e8dc69,1,0
"A1001_uz1k5x.raw",1,255,0,1,1,1,526.835,1779.296,2942868,2942888,0,2847448,2847448,0,29268,11.637,1767.659,1048576,312380,863aa8d424afe671977e939b4cc3ca21de3e80c44eeea5525fc99be3dcd16402,1,0
"A1002_deycz1.raw",1,255,0,1,1,1,654.275,1783.270,2942868,2942888,0,2847448,2847448,0,29268,11.642,1771.628,1048576,312380,6c0ee4ccee8e90e3f662b598ac2d7e676a9badd756136a9e8365ae83fb91d0f2,1,0
"A1003_xkpfzz.raw",1,255,0,1,1,1,548.538,1783.352,2942868,2942888,0,2847448,2847448,0,29268,12.689,1770.663,1048576,312380,374ef699ede8e2ebf9ea38388cbe7f043362d94e9cf46a47d855f95af1362dbb,1,0
"A1004_k9awe7.raw",1,255,0,1,1,1,505.726,1781.184,2942888,2942888,0,2847448,2847448,0,29268,11.719,1769.465,1048576,312380,e4e74c5707e3b5f3bfdef154d09022bebb0392decfda4a47762b1a299c80c48b,1,0
"A1005_cehhmw.raw",1,255,0,1,1,1,858.986,1781.953,2942872,2942888,0,2847448,2847448,0,29268,11.635,1770.318,1048576,312380,cc6f036f85af78e380e71f00bb87063dcbe6c49ea8adfff032f251485fbfe83d,1,0
"A1008_drw787.raw",1,255,0,1,1,1,529.380,1781.271,2942868,2942888,0,2847448,2847448,0,29268,11.656,1769.615,1048576,312380,df46fa8b299460df9186fcc1656e3265d4ae09dc92a98f1496e18e87302f55f3,1,0
"A1009_rppmiy.raw",1,255,0,1,1,1,528.295,1780.017,2942868,2942888,0,2847448,2847448,0,29268,11.571,1768.446,1048576,312380,db27a563ca0709dc0234b1e53e602398500b9c1c5d2b8997883ac905b4c38b0c,1,0
"A1010_ccwiws.raw",1,255,0,1,1,1,532.367,1781.612,2942868,2942888,0,2847448,2847448,0,29268,11.592,1770.020,1048576,312380,f64c9963a6a3a14a5dca7d21461f7121d2eab73194cb02822a262327e25df8af,1,0
"A1011_cbdlad.raw",1,255,0,1,1,1,524.941,1779.585,2942868,2942888,0,2847448,2847448,0,29268,11.655,1767.930,1048576,312380,0ad15bc5201701a7d9fa1ad554eb582f4146f68f271e44f8e129579a36a6dd9e,1,0
"A1012_p9ydh4.raw",1,255,0,1,1,1,538.564,1779.195,2942868,2942888,0,2847448,2847448,0,29268,11.618,1767.577,1048576,312380,fce20e9d0f534b003e5d576e3a69e6ac505491cbbe899d568d8762bbb65fcf7c,1,0
"A1013_wzifat.raw",1,255,0,1,1,1,533.613,1780.783,2942868,2942888,0,2847448,2847448,0,29268,11.643,1769.140,1048576,312380,485bbe48de8a8456f178f5db6ae3cd9684ddedc5204c85d56b7331a235d87a58,1,0
"A1014_fo3jtg.raw",1,255,0,1,1,1,482.062,1781.381,2942868,2942888,0,2847448,2847448,0,29268,11.676,1769.705,1048576,312380,d8f59e433992dbe20daa42078bc76de00351c5749fc6a6d29ac73479142fe814,1,0
"A1015_kee2oy.raw",1,255,0,1,1,1,521.638,1782.470,2942868,2942888,0,2847448,2847448,0,29268,11.675,1770.795,1048576,312380,fba962d91c1e769e61586c2c41341d212ae133225b48b905a751a5c9f4fc7dc4,1,0
"A1016_mkyxbt.raw",1,255,0,1,1,1,576.397,1782.348,2942868,2942888,0,2847448,2847448,0,29268,11.718,1770.630,1048576,312380,4946013e1a65ff353d6ecb38a0e5f36b9a4a9afecf67fef2383ec58002f8565e,1,0
"A1017_xrafjc.raw",1,255,0,1,1,1,543.528,1782.561,2942868,2942888,0,2847448,2847448,0,29268,11.634,1770.927,1048576,312380,7513fad57260420db99c8f7a12b589e76559d3f5702f2a597314cf427ce48398,1,0
"a0002_zqq7gr.raw",1,29,227,0,0,1,545.005,1781.978,2942868,2942888,0,2847448,2847448,0,29268,11.683,1770.295,1048576,312380,44a77963348af037d1dab525213e0e60a65c13c2cd3457b046c39b8845848546,1,0
"a0003_h81hoy.raw",1,0,255,0,0,1,530.345,1781.204,2942868,2942888,0,2847448,2847448,0,29268,11.599,1769.605,1048576,312380,22a21cd28f2a922051791bab0f5de94f82765d5f3044df9343ca55639c58522e,1,0
"a0004_sxpn10.raw",1,14,242,0,0,1,579.561,1782.683,2942868,2942888,0,2847448,2847448,0,29268,11.640,1771.043,1048576,312380,b50fd5da846ae455e26b87bdcb11339143caee0465623a718688031c7a720094,1,0
"a0005_xdzwbd.raw",1,0,255,0,0,1,540.765,1782.758,2942868,2942888,0,2847448,2847448,0,29268,11.907,1770.851,1048576,312380,ff41af0d7f566646d76a703cbcadc5f02fa5cc758ad75fa9bb03b8f4b972e633,1,0
"a0006_hap79c.raw",1,3,253,0,0,1,526.851,1783.097,2942868,2942888,0,2847448,2847448,0,29268,12.689,1770.408,1048576,312380,b3c7d707a1f37c096463a28b3970f96e799eb59f0aca823eea319295c87e3817,1,0
"a0007_vdoztm.raw",1,2,254,0,0,1,517.325,1783.318,2942868,2942888,0,2847448,2847448,0,29268,11.904,1771.414,1048576,312380,f8a167d1159f137c01041589192da13632b62b384def355949419c07ddc72594,1,0
"a0009_kl0gfn.raw",1,1,255,0,0,1,554.746,1781.249,2942876,2942888,0,2847448,2847448,0,29268,11.622,1769.627,1048576,312380,e1a5c5b6bffe7ee188102a7ec03f9b8bb617ff874b1dae63c87104c31acc543c,1,0
"a0010_x4dcmt.raw",1,0,255,0,0,1,544.629,1780.599,2942868,2942888,0,2847448,2847448,0,29268,11.657,1768.942,1048576,312380,d8d3af8a907e729aa9e2e6b1f9888fc233b9bc7c71c427ab31cd1d2ab09629ad,1,0
"a0011_flsplt.raw",1,0,255,0,0,1,501.620,1781.539,2942888,2942888,0,2847448,2847448,0,29268,11.654,1769.885,1048576,312380,1114cdac15cd87f647799c0370600addb882fbea153474ab29f58a6eb6e6d875,1,0
"a0012_ft7amk.raw",1,0,255,0,0,1,530.261,1775.657,2942868,2942888,0,2847448,2847448,0,29268,11.671,1763.986,1048576,312380,5974f32fa73dbad12acff5395834d3b29f858c2ec722ce8612a210d3d975c678,1,0
"a0013_ebcpt8.raw",1,0,255,0,0,1,505.933,1781.740,2942868,2942888,0,2847448,2847448,0,29268,11.683,1770.057,1048576,312380,a876c3f4c7f86fcc9968e20883ba89d72869f4fb9489db68fb56fa28f9753096,1,0
"a0014_lrsf2j.raw",1,0,255,0,0,1,510.016,1781.545,2942888,2942888,0,2847448,2847448,0,29268,12.446,1769.099,1048576,312380,f46fa15a41b3f00cdfc4cc8d6690683cc35f40031637e444a8ab1b6ee83976d5,1,0
"a0015_zgpohn.raw",1,0,255,0,0,1,575.303,1781.756,2942868,2942888,0,2847448,2847448,0,29268,11.634,1770.122,1048576,312380,54d65191f17cc336a0215bed3521dbde2d344fa2505887d8471e5861d13054df,1,0
"a0016_ufymvk.raw",1,0,255,0,0,1,507.681,1781.038,2942888,2942888,0,2847448,2847448,0,29268,11.630,1769.408,1048576,312380,c6b9302379b8117b9ccf3d74b01ccf108bafc7530aaf6af9f73684d4517d20e1,1,0
"a0017_laaomg.raw",1,0,255,0,0,1,519.347,1780.350,2942868,2942888,0,2847448,2847448,0,29268,11.676,1768.674,1048576,312380,409da4948af8f0f5880bd308063b0b1c3c6aaa0836506c14ec6cf48f744c66d0,1,0
"a0018_u55chk.raw",1,0,255,0,0,1,499.144,1784.033,2942888,2942888,0,2847448,2847448,0,29268,11.699,1772.334,1048576,312380,fef19c80c9e9aab80354b9fe8389d473c57e7484182f550d97582639b4157f66,1,0
"a0019_pxv1ti.raw",1,0,255,0,0,1,501.803,1782.020,2942888,2942888,0,2847448,2847448,0,29268,12.044,1769.976,1048576,312380,b42ce8e541bad7fccaa6e3f339bc1cdd1b232418fc4c02544035dd73d0f68188,1,0
"a0020_pormst.raw",1,237,19,1,0,0,500.655,1779.746,2942888,2942888,0,2847448,2847448,0,29268,11.746,1768.000,1048576,312380,3999ac74be6d8a9b201f87aea2f6da8c9caf7172fc3cf6ef35bf1e467311cbc3,1,0
"a0021_zl872h.raw",1,14,242,0,0,1,536.602,1782.575,2942868,2942888,0,2847448,2847448,0,29268,11.745,1770.830,1048576,312380,28b79c70cecb2622cefc5d0f081ba21effef5ad1aab9500e976a2630e24e4a43,1,0
"a0022_vjolwb.raw",1,0,255,0,0,1,528.245,1782.350,2942868,2942888,0,2847448,2847448,0,29268,12.011,1770.339,1048576,312380,6832a932d8fd5d7c88a710209527ba610139ad983bc237497ce7878a5a939303,1,0
"a0023_x4hdbq.raw",1,0,255,0,0,1,492.345,1781.650,2942888,2942888,0,2847448,2847448,0,29268,11.687,1769.963,1048576,312380,2e39545bec1265068779a9babea25ba2a31429a3ad39c60318751ce4bd0d4d1e,1,0
"a0024_sciqht.raw",1,0,255,0,0,1,502.625,1780.916,2942888,2942888,0,2847448,2847448,0,29268,11.666,1769.250,1048576,312380,dca8ce592f18aae285a9f43bef7f2d13f95e601de6ae7c24ee7eb5a22f7945d2,1,0
"a0026_l57y5n.raw",1,0,255,0,0,1,518.928,1781.001,2942868,2942888,0,2847448,2847448,0,29268,11.655,1769.346,1048576,312380,0abde977af047aecd9cc11ca02a1a2587a1daad0aecebe489fa947df701b13e3,1,0
"a0029_dvulku.raw",1,0,255,0,0,1,500.900,1779.032,2942888,2942888,0,2847448,2847448,0,29268,11.596,1767.436,1048576,312380,39cd1f3ac54dd1a965744fb87e5d1aeade9c020a53d352838d5ff06feba89772,1,0
"a0033_naqglc.raw",1,0,255,0,0,1,520.651,1781.687,2942868,2942888,0,2847448,2847448,0,29268,11.744,1769.943,1048576,312380,eff7ffe7fffcc1a62993e7a64fdaa07558fc4d3bf58628746c0b76606bebe4c8,1,0
"a0034_h7n79n.raw",1,0,255,0,0,1,587.663,1782.483,2942868,2942888,0,2847448,2847448,0,29268,11.617,1770.866,1048576,312380,6b5396f0c002bf0456cb22bcd790053809ccc7f43ca8427fa1d4a27614df98d0,1,0
"a0035_yr8bei.raw",1,0,255,0,0,1,535.303,1783.168,2942868,2942888,0,2847448,2847448,0,29268,12.715,1770.453,1048576,312380,72191df592644094329811825082c8277db2a4b71205e22d623131b247337a59,1,0
"a0036_pwbk3g.raw",1,0,255,0,0,1,522.279,1781.964,2942868,2942888,0,2847448,2847448,0,29268,12.677,1769.287,1048576,312380,c8f578b966005a953b90daef26e589b247b97a35139d5ddd153ba245b6dd025d,1,0
"a0037_ybmx1q.raw",1,0,255,0,0,1,512.589,1782.286,2942868,2942888,0,2847448,2847448,0,29268,11.967,1770.319,1048576,312380,90679a440b6a129a6455c37f19c5d64b39cd3d91b322efa51da3618efd6a9262,1,0
"a0038_smiks9.raw",1,0,255,0,0,1,494.676,1781.659,2942888,2942888,0,2847448,2847448,0,29268,11.680,1769.979,1048576,312380,66bbc2c6d92081e504e87acd385745149da2240dd32924d31f3f410b70efbaa9,1,0
"a0039_gxucnd.raw",1,0,255,0,0,1,490.359,1781.268,2942888,2942888,0,2847448,2847448,0,29268,11.655,1769.613,1048576,312380,d40eaa455abe54854365323baf02c43d58e0a52137b1e22d913766fb496e83ef,1,0
"a0040_lbkfep.raw",1,0,255,0,0,1,501.902,1779.125,2942888,2942888,0,2847448,2847448,0,29268,11.611,1767.514,1048576,312380,7be4f91fe7e0d5a538c256873993afaa57d1bee8ed9c4fbee0fd19827dd02d39,1,0
"a0041_mrc5vz.raw",1,0,255,0,0,1,496.307,1780.887,2942888,2942888,0,2847448,2847448,0,29268,11.739,1769.148,1048576,312380,b6ca30b250c5d5a959e524f794c128c2b0e4876ebdcb2e3262e7a1edcd1611fe,1,0
"a0042_hyljpx.raw",1,0,255,0,0,1,483.607,1781.090,2942888,2942888,0,2847448,2847448,0,29268,11.637,1769.453,1048576,312380,9d6f125428263b9108dd7cdce2e37501c79c01b004ef5e0b1dda2edc9518c9b1,1,0
"a0043_g8f6cw.raw",1,0,255,0,0,1,488.188,1782.301,2942888,2942888,0,2847448,2847448,0,29268,11.573,1770.728,1048576,312380,52c4eb26246e95f3531eec11c94fd6b32afaef6ae63e248d62bc219ac65d642f,1,0
"a0044_uzcylm.raw",1,0,255,0,0,1,531.271,1780.654,2942868,2942888,0,2847448,2847448,0,29268,11.635,1769.019,1048576,312380,f3e149c440a5a84e5ad9ad3195e7a0a9b2d23bcda5cd0bc57380f2017c01b596,1,0
"a0045_rcl5lf.raw",1,0,255,0,0,1,502.521,1781.765,2942888,2942888,0,2847448,2847448,0,29268,11.699,1770.066,1048576,312380,be5029273eed3e83acc8c1251c508f4dd96b05782f94e9b7375414d181cd3fe5,1,0
"a0046_y9eobh.raw",1,0,255,0,0,1,512.882,1784.022,2942868,2942888,0,2847448,2847448,0,29268,12.388,1771.634,1048576,312380,5e020d1ebbbfd982ba68576893ab4d198577df11a2c54581ad07a24fa9ec9f3b,1,0
"a0047_zwq3eq.raw",1,0,255,0,0,1,515.715,1786.005,2942868,2942888,0,2847448,2847448,0,29268,12.669,1773.336,1048576,312380,a0167930f610dcca700aa5f22898211fec75c23d7409e9cdae90e394e4115c61,1,0
"a0048_qqzcrl.raw",1,0,255,0,0,1,643.616,1781.181,2942868,2942888,0,2847448,2847448,0,29268,11.657,1769.524,1048576,312380,71bcbca7704934ecca144d7adc0dbe060b0574f7e432983bc3bb38e9ac7b376b,1,0
"a0049_eqcyv6.raw",1,0,255,0,0,1,509.161,1783.102,2942888,2942888,0,2847448,2847448,0,29268,12.793,1770.309,1048576,312380,6c17a2b416db453292bc0a528f68e3dfbd618d08aa0dd5d246645e5503c26c37,1,0
"a0050_lexekr.raw",1,0,255,0,0,1,508.736,1782.859,2942888,2942888,0,2847448,2847448,0,29268,11.936,1770.923,1048576,312380,73bad97d8e6e0943f4cdc076e620fafc558965ca2d8a889335c6d371b9f1d01f,1,0
"a0051_mwrqz1.raw",1,0,255,0,0,1,538.864,1779.725,2942868,2942888,0,2847448,2847448,0,29268,11.637,1768.088,1048576,312380,64e704e30ed48979a88c77d7f85d82cf8629b472dd1cf16461c2b6c98af39142,1,0
"a0052_luo2re.raw",1,1,255,0,0,1,500.502,1782.859,2942888,2942888,0,2847448,2847448,0,29268,11.973,1770.886,1048576,312380,9748fe301a62522571b24ac8b6650d5e432c2a4892788dba3a01d2af0f109c4a,1,0
"a0053_m5vljh.raw",1,113,143,0,0,1,536.369,1782.650,2942868,2942888,0,2847448,2847448,0,29268,12.126,1770.524,1048576,312380,0aa6e3b24e92cce76fba342ff87d2403021a4253806515051e95412d921752d5,1,0
"a0054_efp41x.raw",1,251,5,1,0,0,521.876,1781.923,2942868,2942888,0,2847448,2847448,0,29268,12.415,1769.508,1048576,312380,decb002b931b7bf84e000e26b706f784d2aa7b7b73d03ea3a0bc110a984fe6d1,1,0
"a0055_mdde5c.raw",1,0,255,0,0,1,658.072,1779.672,2942868,2942888,0,2847448,2847448,0,29268,11.695,1767.977,1048576,312380,2393ce1e9f31b247b7960a60c8a7a5932d28db2066d2c46d421e4156b8b0c075,1,0
"a0056_uk1xbl.raw",1,3,253,0,0,1,506.389,1781.308,2942868,2942888,0,2847448,2847448,0,29268,11.629,1769.679,1048576,312380,20c84d594badda4c43c2adff325918e1499f42b5664f1c49a6839f9a2104aae8,1,0
"a0057_tqu6hy.raw",1,12,244,0,0,1,506.143,1782.071,2942896,2942888,8,2847448,2847448,0,29268,11.678,1770.393,1048576,312380,dd0340973210f0a716216ea6a08b2b93d3e07856d4cef3e09685b5a0abd8955d,1,0
"a0058_rs118h.raw",1,253,3,1,0,0,530.919,1781.343,2942868,2942888,0,2847448,2847448,0,29268,11.685,1769.658,1048576,312380,70559657d3da8bfc115e820631b347fd512740762ff6b0b99c0c3bfaeee4fb4b,1,0
"a0059_anyfxy.raw",1,0,255,0,0,1,525.733,1780.628,2942868,2942888,0,2847448,2847448,0,29268,11.567,1769.061,1048576,312380,d005b5126f26d3e207ecaa67b08326afb8f04d9c99251a07331c74864c117153,1,0
"a0060_c698ty.raw",1,1,255,0,0,1,494.377,1781.112,2942888,2942888,0,2847448,2847448,0,29268,11.949,1769.163,1048576,312380,44be0498e0e3062167a8e9e2653e33ef76cea76cd93424b8c6a4386cb8e2ac3f,1,0
"a0061_yctxsi.raw",1,10,246,0,0,1,533.597,1782.939,2942868,2942888,0,2847448,2847448,0,29268,12.412,1770.527,1048576,312380,5d04faa5f925037e8488f5dd5bebcc74e064746f233d5cb388e7501a9ed8221c,1,0
"a0062_fqmvyz.raw",1,120,136,0,0,1,498.761,1782.603,2942888,2942888,0,2847448,2847448,0,29268,11.748,1770.855,1048576,312380,3574df7102b1cab6e43a822a2a3426a86cae2535bcdf66dc27271c35c86477f9,1,0
"a0063_vbisb9.raw",1,0,255,0,0,1,503.235,1782.810,2942888,2942888,0,2847448,2847448,0,29268,11.719,1771.091,1048576,312380,f7b87dc9ce41216101c1f102868c8c74ce56a6888c0099075910faa69f641e0b,1,0
"a0064_kwp7cd.raw",1,0,255,0,0,1,476.615,1781.106,2942868,2942888,0,2847448,2847448,0,29268,11.693,1769.413,1048576,312380,8fa343854c57e220d339bb32a662e9ecd64ce0604af8785df8336bb1491c4df4,1,0
"a0065_ntjdqy.raw",1,0,255,0,0,1,499.478,1782.952,2942888,2942888,0,2847448,2847448,0,29268,12.321,1770.631,1048576,312380,b90c3d31d42e676b4b2c1dc6379846ebdeb70ace5eac882f05ae9586601734fc,1,0
"a0066_rv5ww5.raw",1,7,249,0,0,1,524.954,1782.376,2942868,2942888,0,2847448,2847448,0,29268,11.960,1770.416,1048576,312380,4889d57b697967288d0e32196a2b1c4dc7f45e3e5219cef2fc21eb11dd994c7e,1,0
"a0067_d7tibh.raw",1,0,255,0,0,1,509.273,1782.984,2942888,2942888,0,2847448,2847448,0,29268,12.173,1770.811,1048576,312380,f1cf383bf9aa42818fa4c46c7df7b01aa274da52f09fd9952ce4994164a54941,1,0
"a0068_jfoj6o.raw",1,0,255,0,0,1,555.857,1781.223,2942868,2942888,0,2847448,2847448,0,29268,11.599,1769.624,1048576,312380,73c35aaaadfc0354c9110f8b66dd0dd23c3e57a3138f161dbff1238a28abecb8,1,0
"a0069_btqbzv.raw",1,0,255,0,0,1,522.374,1780.927,2942868,2942888,0,2847448,2847448,0,29268,11.641,1769.286,1048576,312380,abc01a1eb475c9656693d581dd2e2addfeef893a0a874056cf9e3341d64121b0,1,0
"a0070_efjezh.raw",1,0,255,0,0,1,511.156,1781.036,2942868,2942888,0,2847448,2847448,0,29268,11.670,1769.366,1048576,312380,c4c3df30667822752df3f6791d8ee20a908b4fd1c32e8e33820a47cc601583f6,1,0
"a0071_e4cuqf.raw",1,0,255,0,0,1,560.575,1782.261,2942868,2942888,0,2847448,2847448,0,29268,11.587,1770.674,1048576,312380,039a30a52a2687a7570a702264fc57ac3db69fc41e8f3885931a615cc72bc677,1,0
"a0072_t5ibmg.raw",1,0,255,0,0,1,538.082,1783.733,2942868,2942888,0,2847448,2847448,0,29268,11.608,1772.125,1048576,312380,e9ae1d0f199ee9ef28feffd331bf9bcb97d421cfbb558a1c02d230843146200b,1,0
"a0073_dkeyjo.raw",1,0,255,0,0,1,492.966,1779.872,2942888,2942888,0,2847448,2847448,0,29268,11.669,1768.203,1048576,312380,df343dcad5bea6ed189320eed20dca55a501ba620d58d004e57a58dd1e463cd0,1,0
"a0074_iwmcoy.raw",1,0,255,0,0,1,526.389,1780.985,2942868,2942888,0,2847448,2847448,0,29268,11.833,1769.152,1048576,312380,6915cd22391af3625b092a89221054483dc007d9fae9f2a78cf838afa740068a,1,0
"a0075_kinxwd.raw",1,0,255,0,0,1,529.392,1783.475,2942864,2942888,0,2847448,2847448,0,29268,11.665,1771.810,1048576,312380,09f3f6314af4b7cf40b6c97dd77ddef3e58c5dd3540ea1fb8155845f475d9dee,1,0
"a0076_nagxkv.raw",1,0,255,0,0,1,500.620,1781.181,2942888,2942888,0,2847448,2847448,0,29268,11.631,1769.550,1048576,312380,e879e5e0dd1bc9b40866f8f5f487e82da7d011939cdb77cf9046e4946512d7e3,1,0
"a0077_thtrkf.raw",1,0,255,0,0,1,494.263,1779.856,2942888,2942916,0,2847448,2847448,0,29268,12.333,1767.523,1048576,312380,983d2f34c7fb28cdccc401f2f5ea864747c66ffd0a8f64c99034ff69c7d0809f,1,0
"a0078_pcdglm.raw",1,0,255,0,0,1,511.403,1781.269,2942896,2942888,8,2847448,2847448,0,29268,11.928,1769.341,1048576,312380,3a8f538d2c3a207b3b8900d7bf7a17f0944d08a70de75c8d5c9986d07d5e2be3,1,0
"a0079_hyr6xx.raw",1,0,255,0,0,1,570.069,1781.295,2942868,2942888,0,2847448,2847448,0,29268,11.668,1769.627,1048576,312380,840eb0ec14f74826bbd12572662cfd41034219aaf5464fe3fe9eb55c6dc80782,1,0
"a0080_lzrrpt.raw",1,0,255,0,0,1,523.404,1780.933,2942868,2942888,0,2847448,2847448,0,29268,11.636,1769.297,1048576,312380,e239eef780ecbafb9a2ab5e696b504570230f3185d06e33bdc49ba0d62294e6c,1,0
"a0081_v2ovst.raw",1,0,255,0,0,1,491.984,1781.830,2942888,2942888,0,2847448,2847448,0,29268,11.681,1770.149,1048576,312380,39deaad4795783578ffd03cc7046a551d70276f22e6c65968fbc31db915fed9a,1,0
"a0082_wdddcd.raw",1,0,255,0,0,1,526.115,1778.665,2942868,2942888,0,2847448,2847448,0,29268,11.593,1767.072,1048576,312380,090180054acf367e0fd4607a9868119882889924dddfd4ae5dae060cf42c8c9e,1,0
"a0083_vgn5pa.raw",1,0,255,0,0,1,527.422,1780.651,2942868,2942888,0,2847448,2847448,0,29268,11.659,1768.992,1048576,312380,e1cfef09a66e5eb475349bd6420f1f9a0e1c499ec05df03e813d41f31aa214fb,1,0
"a0084_tr6vlx.raw",1,0,255,0,0,1,555.875,1783.470,2942868,2942888,0,2847448,2847448,0,29268,11.646,1771.824,1048576,312380,1dd0774ecab2cb660225e0f958aff7bfc33be10ef90cdbbfa6d3bfb9c55cec5e,1,0
"a0085_imechq.raw",1,1,255,0,0,1,647.017,1782.592,2942868,2942888,0,2847448,2847448,0,29268,11.632,1770.960,1048576,312380,7b3982311cf7e11ad1d2665c599633a1a217a94e9b76378651ae57edf1c97a9f,1,0
"a0086_nmlcg2.raw",1,0,255,0,0,1,539.002,1783.659,2942868,2942888,0,2847448,2847448,0,29268,11.895,1771.764,1048576,312380,5e9a5528906d2801a0520c348d3be421e4fff6c230931b0d9074e57f78a2d386,1,0
"a0087_tvrsu6.raw",1,0,255,0,0,1,506.542,1782.950,2942888,2942888,0,2847448,2847448,0,29268,11.776,1771.174,1048576,312380,d4aee10cd2e0fd7086af6ea1975b5fac45d1adca8c43d658b6833959fa805e82,1,0
"a0088_movh4z.raw",1,0,255,0,0,1,485.203,1780.874,2942868,2942888,0,2847448,2847448,0,29268,11.746,1769.128,1048576,312380,a93a949a62bbf39aaa54cc9f6bc075e63691f83a57c83a38f2ffb4accb8a6d4c,1,0
"a0089_g7scnd.raw",1,0,255,0,0,1,496.546,1780.252,2942888,2942888,0,2847448,2847448,0,29268,11.627,1768.625,1048576,312380,dfd3ad88ac538c6c65bc012bd4a87a47a534daa10c3d43652724e7f437ca5aac,1,0
"a0090_hsatob.raw",1,0,255,0,0,1,518.607,1782.320,2942868,2942888,0,2847448,2847448,0,29268,11.669,1770.651,1048576,312380,a6cbb097494c5ef683cf983c8e6782241fda419864056fa0a07b490d6756d5db,1,0
"a0091_ya20ve.raw",1,0,255,0,0,1,509.681,1781.311,2942888,2942888,0,2847448,2847448,0,29268,12.703,1768.608,1048576,312380,d421bfa0b8053cf23afdba0974ff64b2fc7a38936436e1b39587ee2bd77c1d5d,1,0
"a0092_ymr2r7.raw",1,0,255,0,0,1,503.860,1782.735,2942888,2942888,0,2847448,2847448,0,29268,11.715,1771.020,1048576,312380,8eecdccf8d247735bd9a0c9b0ee301554edeef4e3eb4776a244a2de8720e7677,1,0
"a0093_x7gbas.raw",1,0,255,0,0,1,496.108,1778.829,2942888,2942888,0,2847448,2847448,0,29268,11.643,1767.186,1048576,312380,572ac7054e4fce939494119620e810b2a277f18a15c943eb5a84e09fc08d9770,1,0
"a0094_jflpre.raw",1,0,255,0,0,1,716.431,1780.645,2942868,2942888,0,2847448,2847448,0,29268,11.656,1768.989,1048576,312380,a17027df67b68e6af22e888beaa64ac565f873715b0220d2360637e547df083d,1,0
"a0095_o8z7ji.raw",1,0,255,0,0,1,537.241,1780.599,2942868,2942888,0,2847448,2847448,0,29268,11.553,1769.046,1048576,312380,fcd6998d9c7e023476d058340f5b44b131f5d08cd5fd3516febc42f793ff7609,1,0
"a0096_m1urqv.raw",1,0,255,0,0,1,586.358,1781.260,2942868,2942888,0,2847448,2847448,0,29268,11.634,1769.626,1048576,312380,7b88d5ad3d17d48da27b8e0d6da085f3f62c77feff42e5a245b268c7133f9235,1,0
"a0097_qv53m0.raw",1,0,255,0,0,1,492.521,1781.998,2942888,2942888,0,2847448,2847448,0,29268,11.995,1770.003,1048576,312380,462f736c9fc12ffb6ef55568b097fc71de1b5a89594709a17b2bf6bb8d17b057,1,0
"a0098_byyggi.raw",1,0,255,0,0,1,594.113,1779.840,2942868,2942888,0,2847448,2847448,0,29268,11.587,1768.253,1048576,312380,6d77ee99b8bb22c5340578c5883e9efcfd01352939c200202b2a9e40895ecd37,1,0
"a0099_vouy1n.raw",1,0,255,0,0,1,528.927,1780.730,2942868,2942888,0,2847448,2847448,0,29268,11.691,1769.039,1048576,312380,f84acf0f70b5249b9267f22ac15264154ad513ce0abeb54b65f6654b99eedbcb,1,0
"a0100_atpeq2.raw",1,0,255,0,0,1,550.299,1784.396,2942868,2942888,0,2847448,2847448,0,29268,11.972,1772.424,1048576,312380,9fff74faf489cb21f397c4d706d41521af03169a3911c6652f569c31a2a627e8,1,0
"a0101_qhqclb.raw",1,0,255,0,0,1,543.692,1780.843,2942868,2942888,0,2847448,2847448,0,29268,11.644,1769.199,1048576,312380,7872ea96cfdf2b666d1621b022e6e20879b2e138a0268a2dc83f4d22d7d79781,1,0
"a0102_tdrvrf.raw",1,0,255,0,0,1,549.674,1780.817,2942860,2942888,0,2847448,2847448,0,29268,11.586,1769.231,1048576,312380,c0a305ee13e78016f7a9eae5f78a8e26b41aac93d7a457f9c6ce937509b705b3,1,0
"a0103_t5qk6i.raw",1,0,255,0,0,1,536.190,1782.583,2942868,2942888,0,2847448,2847448,0,29268,11.650,1770.933,1048576,312380,999a7c2e8b2b3f85e625e0fece314095bc2c14bef8877c77fbf8012ba6ff5776,1,0
"a0104_aiir4v.raw",1,0,255,0,0,1,525.832,1782.678,2942868,2942888,0,2847448,2847448,0,29268,11.667,1771.011,1048576,312380,5962f9082650bcbc7b22a57bf0abec452bc108d8effe3acb2e2cd2b1b5f6765e,1,0
"a0105_ximfad.raw",1,0,255,0,0,1,507.661,1781.123,2942868,2942888,0,2847448,2847448,0,29268,11.640,1769.483,1048576,312380,bdc611e990da58f682f20e978a9e8ab86d8d659fe386990af5493a7322268808,1,0
"a0106_ehxaik.raw",1,0,255,0,0,1,486.227,1780.885,2942888,2942888,0,2847448,2847448,0,29268,11.628,1769.257,1048576,312380,9c0ace1761f4fb004517b3cda383d05a405b6a54fc63794121a04a01e0ed70da,1,0
"a0107_dfhjod.raw",1,0,255,0,0,1,504.947,1781.855,2942868,2942888,0,2847448,2847448,0,29268,12.389,1769.466,1048576,312380,8f91b61f00d4287d07b28cb5a4925405d0a288f050ed472eee7a34912d76a3d5,1,0
"a0108_mubaht.raw",1,0,255,0,0,1,494.406,1782.668,2942888,2942888,0,2847448,2847448,0,29268,11.619,1771.049,1048576,312380,d4058996248720c4ffb0d0a87ab04ebd62693e7f4352e4fef22a40a6dbbe0f7d,1,0
"a0109_hwndhw.raw",1,0,255,0,0,1,545.771,1783.238,2942868,2942888,0,2847448,2847448,0,29268,12.379,1770.859,1048576,312380,78b38023089e9135b710bdabf11c50c631fd40ff8a15641b06ed87a3096326c1,1,0
"a0110_f7itxx.raw",1,0,255,0,0,1,537.198,1780.791,2942868,2942888,0,2847448,2847448,0,29268,11.659,1769.132,1048576,312380,99ecadcb71daaef9f9305c291dcc31e0141c606556a3e90179ab2cfd78f99f50,1,0
"a0111_q3m5nt.raw",1,0,255,0,0,1,566.736,1782.298,2942876,2942888,0,2847448,2847448,0,29268,11.649,1770.649,1048576,312380,fd7699b29b7b09cf96cb024c2080d29314e83dba5bda2b8acda67ff62c0be80f,1,0
"a0112_qyxkoh.raw",1,0,255,0,0,1,531.984,1782.938,2942868,2942888,0,2847448,2847448,0,29268,11.598,1771.340,1048576,312380,8f8021162b061d49cede6dc934a3c0d0c49217f9a08576b4c1795feb5392933d,1,0
"a0113_t1qgfz.raw",1,0,255,0,0,1,560.150,1782.255,2942868,2942888,0,2847448,2847448,0,29268,11.691,1770.564,1048576,312380,059f34a08c48e72436978bb211ac9e284246da35beebdb6fc1a6e24d6e76aba5,1,0
"a0114_ro56rr.raw",1,0,255,0,0,1,668.402,1778.595,2942868,2942888,0,2847448,2847448,0,29268,11.806,1766.789,1048576,312380,bee05f1600b3fd3bbf728b03d7a3f745e4858f4b5a2dfad285489ac55ae106af,1,0
"a0115_ehs7u1.raw",1,0,255,0,0,1,528.689,1781.509,2942868,2942888,0,2847448,2847448,0,29268,11.723,1769.786,1048576,312380,37a2654acf53191025f934e5ef5db9885fd286069cbb59bbffc6ccdd3f5944ce,1,0
"a0116_i9gpyq.raw",1,0,255,0,0,1,481.418,1780.208,2942868,2942888,0,2847448,2847448,0,29268,11.689,1768.519,1048576,312380,1bff621f1819c3d01738f6049bf602475c31b577949a63836d5ee77dff3e97cd,1,0
"a0117_do8ad0.raw",1,0,255,0,0,1,515.711,1780.935,2942868,2942888,0,2847448,2847448,0,29268,11.699,1769.236,1048576,312380,f5a04606dbb17c1eb24ba32fe5e4dca2f10245c1045c79419e6b975ae3d9599c,1,0
"a0118_zq1zyf.raw",1,0,255,0,0,1,506.701,1781.415,2942888,2942888,0,2847448,2847448,0,29268,11.973,1769.442,1048576,312380,d4e8d6edd84ba6b5bd38101580ec1428fb526f916cefe48d724d5a77651e68b8,1,0
"a0119_d4dqgq.raw",1,0,255,0,0,1,497.520,1781.436,2942896,2942888,8,2847448,2847448,0,29268,11.590,1769.846,1048576,312380,b14b967f564796f2e1880c2787e0eb2a6a0f5eb72f0a65a685124bb7d83fd5d9,1,0
"a0120_tz7dpm.raw",1,0,255,0,0,1,533.251,1784.247,2942868,2942888,0,2847448,2847448,0,29268,11.625,1772.622,1048576,312380,a18caf5356e0175f9ce9bd6aca5eaf83c3cb16453182a435971e0f06ad1f6e50,1,0
"a0121_bwr0nt.raw",1,0,255,0,0,1,487.655,1780.025,2942868,2942888,0,2847448,2847448,0,29268,11.790,1768.235,1048576,312380,b953bb4264b8fd591a3ef10c34c25d77dea296f8e77cb84abd17918543929055,1,0
"a0122_mb1rzy.raw",1,0,255,0,0,1,479.360,1783.419,2942868,2942888,0,2847448,2847448,0,29268,12.219,1771.200,1048576,312380,e8e73d7b3e957e719c0f84fdb39ee3556e7f8b3d51becfbab8092dde521464d1,1,0
"a0123_qlq6pv.raw",1,0,255,0,0,1,503.846,1782.369,2942888,2942888,0,2847448,2847448,0,29268,11.873,1770.496,1048576,312380,833f2b3f6af4c81aebb5b1ca4ce7e7cd579272c8da71cb8c8a14a53f6c8bc4c3,1,0
"a0124_ij6tbn.raw",1,0,255,0,0,1,544.669,1781.527,2942868,2942888,0,2847448,2847448,0,29268,11.635,1769.892,1048576,312380,e9f3c72dbe595c1ca95d7f84d0c529b7cff52a2fd0184549a5a225c6558cf1ea,1,0
"a0125_b2vhup.raw",1,0,255,0,0,1,531.338,1781.760,2942868,2942888,0,2847448,2847448,0,29268,11.581,1770.179,1048576,312380,471110c64a560355b330239175c665f506eb89cd0ed00c274780b2b9dad865f3,1,0
"a0126_loaplq.raw",1,0,255,0,0,1,490.850,1781.890,2942888,2942888,0,2847448,2847448,0,29268,11.980,1769.910,1048576,312380,3978f90d1472f15ffbd5201738150f71001ba16c714a864bbb1f80995515d72c,1,0
"a0127_c6lmoo.raw",1,0,255,0,0,1,536.142,1782.390,2942868,2942888,0,2847448,2847448,0,29268,12.164,1770.226,1048576,312380,91bc6983a290e3712ec51db3a6e66a3817742e04ae788956724c9f2eaf905936,1,0
"a0128_oy1f63.raw",1,0,255,0,0,1,521.856,1783.152,2942868,2942888,0,2847448,2847448,0,29268,12.328,1770.824,1048576,312380,0fd773db0b6eebd4315daa79a9166f9879da983f80f7b2238659208aa1bf05f7,1,0
"a0129_eyyc9x.raw",1,0,255,0,0,1,544.450,1779.289,2942868,2942888,0,2847448,2847448,0,29268,11.603,1767.686,1048576,312380,4d1ea9994997661e4ac7d9d52359e61315d42617e3c1139d3135d17d41d15dbc,1,0
"a0130_jvjwea.raw",1,0,255,0,0,1,487.918,1781.225,2942888,2942888,0,2847448,2847448,0,29268,11.851,1769.374,1048576,312380,f81a2a14ce2e3794592be3b57dea9a78df7c9970d486018da24c772bcac0a03e,1,0
"a0131_oofgf7.raw",1,0,255,0,0,1,512.067,1781.242,2942868,2942888,0,2847448,2847448,0,29268,11.758,1769.484,1048576,312380,8def3a58ed1f312894dcab90ba1252bf7d10988a9f61c920d07ff4f6470874f3,1,0
"a0132_n4lsdx.raw",1,0,255,0,0,1,524.346,1780.755,2942856,2942888,0,2847448,2847448,0,29268,11.686,1769.069,1048576,312380,0da3a6e1a5c66142fb88a5b3ac2905a1d905cf29cbbafb0920c9232f80387beb,1,0
"a0133_a6jddk.raw",1,0,255,0,0,1,497.633,1779.101,2942888,2942888,0,2847448,2847448,0,29268,11.570,1767.531,1048576,312380,5c77056d8c119621ee37edb52c4fef30dd4f129cb71c47342c8d77fd433c64d3,1,0
"a0134_jrlrub.raw",1,0,255,0,0,1,558.559,1783.284,2942868,2942888,0,2847448,2847448,0,29268,12.029,1771.255,1048576,312380,eb2c094d23699f14832308ddd89ead586ab02a0d3aa77beda665a484b22166e1,1,0
"a0135_zh17tc.raw",1,0,255,0,0,1,597.086,1781.953,2942868,2942888,0,2847448,2847448,0,29268,11.713,1770.240,1048576,312380,c235adad7c9b1898f41d5328c6eb2c571454b6132008030a89fef01a1ea43a55,1,0
"a0136_uf6cjb.raw",1,0,255,0,0,1,543.717,1779.958,2942868,2942888,0,2847448,2847448,0,29268,11.689,1768.269,1048576,312380,5e7d3735f0a80beffb57b1a74d8b88667c37eccbf7c6f746537a418b351d688f,1,0
"a0137_c0p4j0.raw",1,0,255,0,0,1,552.452,1781.136,2942868,2942888,0,2847448,2847448,0,29268,11.690,1769.446,1048576,312380,fb903bfec471529f5267b4313bd4ba00a8db536ccc3a37a12f90fb3f5ed44b98,1,0
"a0138_m4b2ck.raw",1,0,255,0,0,1,565.503,1781.195,2942868,2942888,0,2847448,2847448,0,29268,11.612,1769.583,1048576,312380,6285ef7dc1e18a9a83cc6af28b5a20d7ddce4e440ff1e91db5b4f748d448b57c,1,0
"a0139_uv51qs.raw",1,0,255,0,0,1,532.008,1783.091,2942868,2942888,0,2847448,2847448,0,29268,11.626,1771.465,1048576,312380,50dca34c6245c65db0ac1caea581eb9946bdc0ceb2e5b29a1f9e6b6eabf03c55,1,0
"a0140_uyqvkf.raw",1,0,255,0,0,1,533.624,1782.420,2942868,2942888,0,2847448,2847448,0,29268,11.601,1770.819,1048576,312380,4e935bc9f96f192f86812d2837b305f1352b7939b18253346e4bfc1832fd4b77,1,0
"a0141_x8ianl.raw",1,0,255,0,0,1,495.358,1779.831,2942888,2942888,0,2847448,2847448,0,29268,11.680,1768.151,1048576,312380,b5909fb03b588537cc8827a2f5c066aea627acd22bdb84cf2a3b30b63463216d,1,0
"a0142_ozrt3u.raw",1,0,255,0,0,1,483.721,1784.252,2942868,2942888,0,2847448,2847448,0,29268,11.705,1772.547,1048576,312380,ef3fc4f09a7bc5ce25ebbe9b23d6abac05a5ebc641ec3d556d2e15a7d3017a65,1,0
"a0143_hly1a7.raw",1,0,255,0,0,1,496.493,1785.238,2942888,2942888,0,2847448,2847448,0,29268,12.646,1772.592,1048576,312380,a27ad128c3c6da95f42dd89d82ece70ac2c77d0535602c59ba665d90565d843f,1,0
"a0144_v9mvte.raw",1,0,255,0,0,1,518.793,1781.541,2942868,2942888,0,2847448,2847448,0,29268,12.751,1768.790,1048576,312380,aa07a42737199dc2331db2b20677039e57412e84bcebcc74121d200cfdf4c508,1,0
"a0145_msme8x.raw",1,0,255,0,0,1,548.857,1777.227,2942868,2942888,0,2847448,2847448,0,29268,11.618,1765.609,1048576,312380,930ca02d8458c88553ae95eba7e0bc2a38f40a28162b5d8db5c69f3b2873437e,1,0
"a0146_qa7qxt.raw",1,0,255,0,0,1,498.262,1783.089,2942888,2942888,0,2847448,2847448,0,29268,12.585,1770.504,1048576,312380,995f72503c89ee27bf2460f21e97605f576434088c5d54fea6c0748c8258ac2a,1,0
"a0147_zbmyhh.raw",1,0,255,0,0,1,506.332,1782.212,2942888,2942888,0,2847448,2847448,0,29268,11.734,1770.478,1048576,312380,29b1329bc971a97725606d2fc6b8fb34bf93daf129ee273154f5977bbda49711,1,0
"a0148_ucux67.raw",1,0,255,0,0,1,525.876,1782.891,2942868,2942888,0,2847448,2847448,0,29268,11.818,1771.073,1048576,312380,3f4a415e4e687ce20f5a48001f2ed9c7e31d49a22e3c4b5c5a49c4d32e27f655,1,0
"a0149_vq27pa.raw",1,0,255,0,0,1,499.721,1780.105,2942888,2942888,0,2847448,2847448,0,29268,11.644,1768.461,1048576,312380,58749a1ab10bb26bebeb151e6412b42f30b62cd1ec0c7bd3f02386914b3c52fb,1,0
"a0150_thhzku.raw",1,0,255,0,0,1,520.722,1782.143,2942876,2942888,0,2847448,2847448,0,29268,11.675,1770.468,1048576,312380,c760dc8f9319ccc31bf5e449ab5bdd40cce2fc855bf1a8308c0a1e85b4130bb9,1,0
"a0151_cmjo48.raw",1,0,255,0,0,1,501.144,1783.453,2942888,2942888,0,2847448,2847448,0,29268,11.651,1771.802,1048576,312380,c29e96b4eed61be86580538e4a3c47e1eca84f273ea7e8ae10cd2f05a5608b63,1,0
"a0152_okityq.raw",1,0,255,0,0,1,540.369,1781.668,2942868,2942888,0,2847448,2847448,0,29268,11.583,1770.085,1048576,312380,eb653d05b3b3bf0e8ddc8a42aa1288614cc85de652e475c32822c3292e1eff20,1,0
"a0153_sguu6u.raw",1,0,255,0,0,1,491.424,1777.982,2942888,2942888,0,2847448,2847448,0,29268,11.569,1766.413,1048576,312380,a18cf2f253e046bb940400fd476089e98a2f48f1d291e9095fbf8fa7685ce5f6,1,0
"a0154_znnqhl.raw",1,0,255,0,0,1,512.604,1781.462,2942868,2942888,0,2847448,2847448,0,29268,11.588,1769.874,1048576,312380,3995c556e1529c329eb56ab841f4e95790a973c07592d964ce59cbe191629911,1,0
"a0155_y4pb1y.raw",1,0,255,0,0,1,555.687,1780.378,2942868,2942888,0,2847448,2847448,0,29268,11.617,1768.761,1048576,312380,669a0d294c72ac22c040eeda46aa1d51c80ec1b2309d0f2ea0bc11262a1ab487,1,0
"a0156_yvzvpr.raw",1,0,255,0,0,1,524.186,1781.329,2942868,2942888,0,2847448,2847448,0,29268,11.677,1769.652,1048576,312380,f2be7087b95da26f4583ad19d81365e4d7196d37efbcf5c8b0feabf216691891,1,0
"a0157_e6lwgj.raw",1,0,255,0,0,1,488.620,1779.832,2942888,2942888,0,2847448,2847448,0,29268,11.578,1768.254,1048576,312380,1d9f4ce0f5e28c7b2e54af0fb52acf81a34e1c30261f5f60865d4d1c0a582342,1,0
"a0158_u7tlmh.raw",1,0,255,0,0,1,496.804,1782.897,2942888,2942888,0,2847448,2847448,0,29268,11.969,1770.928,1048576,312380,b50266f5ff94700dfeff7ab35a19dccb13112ae62bf02267f252420422459a23,1,0
"a0159_b2q7rr.raw",1,0,255,0,0,1,493.809,1781.263,2942888,2942888,0,2847448,2847448,0,29268,11.711,1769.552,1048576,312380,7de59731f21660a5eefc0468e4a6ce87c3f234b2d0041cf3bcf259372d2ed5fc,1,0
"a0160_c7m7s1.raw",1,0,255,0,0,1,532.346,1782.707,2942868,2942888,0,2847448,2847448,0,29268,11.703,1771.004,1048576,312380,0afe8a85a246381681d86ad57efa13d3d9f947a4e3ebaabb1c0ec7ab64e224a8,1,0
"a0161_hk0ygt.raw",1,0,255,0,0,1,551.452,1782.597,2942868,2942888,0,2847448,2847448,0,29268,12.427,1770.170,1048576,312380,178dd632d589267b64e24a030b68de858283a2a3c0bde533759250497819e111,1,0
"a0162_neipmu.raw",1,0,255,0,0,1,536.562,1780.788,2942868,2942888,0,2847448,2847448,0,29268,11.778,1769.010,1048576,312380,01d68912ef854e5518f566d973bd1986954d72c112cf047eebedf4522ee3a9ae,1,0
"a0163_cgxbzr.raw",1,0,255,0,0,1,516.667,1781.601,2942868,2942888,0,2847448,2847448,0,29268,11.689,1769.912,1048576,312380,accb19dceb721d0fdcab22ee7e651bb95d9cf0f58cfbc2970a23e69f16a6a382,1,0
"a0164_it0o7e.raw",1,0,255,0,0,1,517.626,1782.653,2942868,2942888,0,2847448,2847448,0,29268,11.839,1770.814,1048576,312380,781f43c4ad5579a5b410a80fcfcf8883fb0612d71e319addf359fd4319a6e89a,1,0
"a0165_ws9muv.raw",1,0,255,0,0,1,543.179,1778.602,2942868,2942888,0,2847448,2847448,0,29268,11.648,1766.954,1048576,312380,1d684f15e3e8e7a3fff11696db26380ddbf1b6662e281405c50f25a5a015312e,1,0
"a0166_tuptw1.raw",1,0,255,0,0,1,731.487,1779.410,2942868,2942888,0,2847448,2847448,0,29268,11.732,1767.678,1048576,312380,c8dc5850b26c1484b8d9b17a09a75bee6a03c3289caf8581e3f6c7e7ff2f21d0,1,0
"a0167_eyyncx.raw",1,0,255,0,0,1,518.535,1781.687,2942868,2942888,0,2847448,2847448,0,29268,11.637,1770.050,1048576,312380,77b773b2143f5c0d0e29d4a96064f83e44a64ddc9092c228b365fa1f7f87b71e,1,0
"a0168_juburw.raw",1,0,255,0,0,1,500.071,1781.121,2942888,2942888,0,2847448,2847448,0,29268,11.670,1769.451,1048576,312380,8781ff6b0e63dbed771d1a3af4d7009b91a660d2d09147edbb26e99e7341468e,1,0
"a0169_udigcx.raw",1,0,255,0,0,1,530.546,1779.685,2942868,2942888,0,2847448,2847448,0,29268,11.644,1768.041,1048576,312380,8fe1159e6009c10f97b26393c1e4f5c7ec1cf0421ba6d4420e7de4e9d83ecdab,1,0
"a0170_xwu9s1.raw",1,0,255,0,0,1,520.872,1777.987,2942868,2942888,0,2847448,2847448,0,29268,11.566,1766.421,1048576,312380,edd49d749664e39bcf76e86bb2d3a53b3841b6dd8e7c2f8b3c355c6c6331b847,1,0
"a0171_pwxejn.raw",1,0,255,0,0,1,576.695,1782.417,2942868,2942888,0,2847448,2847448,0,29268,11.684,1770.733,1048576,312380,e09de627941f8f9d8bd82ed5e42356f89ba677204ed04e24068fe29199c2297c,1,0
"a0172_nyfjrh.raw",1,0,255,0,0,1,516.510,1782.540,2942868,2942888,0,2847448,2847448,0,29268,11.698,1770.842,1048576,312380,7a95490d93db5a403c4ff458a7b1736f3317e7bf10dd84f863a7cc1b810587b2,1,0
"a0173_eervjt.raw",1,0,255,0,0,1,520.428,1785.904,2942868,2942888,0,2847448,2847448,0,29268,11.670,1774.234,1048576,312380,28296870aa5dfcd9184d11a3262cc276221581ccd2aaae1406c51fb8046e74fb,1,0
"a0174_e7cpdr.raw",1,0,255,0,0,1,516.786,1781.648,2942868,2942888,0,2847448,2847448,0,29268,11.655,1769.993,1048576,312380,d87e5f5c9d00dbda114909ef4cf9192f7e9ec4d2b091077b15132cae34331988,1,0
"a0175_swjlo7.raw",1,0,255,0,0,1,536.501,1782.610,2942868,2942908,0,2847448,2847448,0,29268,11.667,1770.943,1048576,312380,e4e00a523776244acffe7ca8507c23a53d10dea025b7c5a92e0dbaae8f21ecf1,1,0
"a0176_mcvzoh.raw",1,0,255,0,0,1,504.105,1782.785,2942888,2942888,0,2847448,2847448,0,29268,11.675,1771.110,1048576,312380,a3c4f585cf6db014eb36022584f391ae58da2c2926343f409c72f93bf0361e54,1,0
"a0177_y3zolp.raw",1,0,255,0,0,1,523.263,1782.230,2942868,2942888,0,2847448,2847448,0,29268,11.604,1770.626,1048576,312380,7b93e87a407db1cb2d05711fe925a75809f55a27d9834317f58910cef4566514,1,0
"a0178_aaj5hy.raw",1,0,255,0,0,1,549.263,1783.008,2942868,2942888,0,2847448,2847448,0,29268,12.687,1770.321,1048576,312380,3656f4e808a5248741f2d901bcfddc40c696125c8a3e504481622cfec2aa58ef,1,0
"a0179_ynprqc.raw",1,0,255,0,0,1,507.008,1782.023,2942888,2942888,0,2847448,2847448,0,29268,11.677,1770.346,1048576,312380,550c6c51443478e59b1738658b671aa6e7f353a4b59be264755def86ddd41bea,1,0
"a0180_kfthlj.raw",1,0,255,0,0,1,519.361,1781.681,2942868,2942888,0,2847448,2847448,0,29268,11.680,1770.001,1048576,312380,19bd7a920defd232c4152845b060c06176140381821f9128567ce1f391f26a1a,1,0
"a0181_d8jlaf.raw",1,0,255,0,0,1,499.026,1781.519,2942888,2942888,0,2847448,2847448,0,29268,11.580,1769.939,1048576,312380,29714b1454c5405663e7278583bfcad4298ee7a8a4d57d53e2793be1bbe695fb,1,0
"a0182_nm812y.raw",1,0,255,0,0,1,535.670,1781.172,2942868,2942888,0,2847448,2847448,0,29268,11.646,1769.526,1048576,312380,e7bc0a3d289da00e83d24366d1587236a804a4d228e6240c1e783989cda3cea2,1,0
"a0183_deeois.raw",1,0,255,0,0,1,518.545,1781.414,2942868,2942888,0,2847448,2847448,0,29268,11.596,1769.818,1048576,312380,62c336820876ce646483c41b373e48d94c2411ce04d198d0148abc7f4bbeb4aa,1,0
"a0184_qvfn5j.raw",1,0,255,0,0,1,495.698,1780.762,2942888,2942888,0,2847448,2847448,0,29268,11.729,1769.033,1048576,312380,86df82a741ebe90ccfb153ed96a728380e21d9c34515336cc61959a09cea639f,1,0
"a0185_pvwq9t.raw",1,0,255,0,0,1,502.594,1781.207,2942888,2942888,0,2847448,2847448,0,29268,11.675,1769.532,1048576,312380,92a112473bf648e9e8ff577ef3f33f31da7b492db6115fc7bce337525072c8cb,1,0
"a0186_q9lbfb.raw",1,0,255,0,0,1,508.259,1783.457,2942888,2942888,0,2847448,2847448,0,29268,12.302,1771.155,1048576,312380,5ce84d160011d485dc4ad7c4c61da8e4acce281bb89fdcbc4324ab3ed950098f,1,0
"a0187_zs38ta.raw",1,0,255,0,0,1,528.297,1780.224,2942868,2942888,0,2847448,2847448,0,29268,11.658,1768.566,1048576,312380,e9a6cd0f790670c612e8aadb0141d994f556a5484ef6b6334e7d112beb0ef86e,1,0
"a0188_yyagcg.raw",1,0,255,0,0,1,573.491,1782.098,2942868,2942888,0,2847448,2847448,0,29268,11.591,1770.507,1048576,312380,16e61700e0d29983808ef83c5184e80596a1db5b5d364b50b04e2d249c477ebe,1,0
"a0189_tdyi1e.raw",1,0,255,0,0,1,531.025,1781.127,2942868,2942872,0,2847448,2847448,0,29268,11.664,1769.463,1048576,312380,8336ad2dd0ebd6d32d58c7dea9ac3b05899fa499f529cc9fbabd6de8ddb4bbf8,1,0
"a0190_cugc2u.raw",1,0,255,0,0,1,527.120,1781.487,2942876,2942888,0,2847448,2847448,0,29268,11.637,1769.850,1048576,312380,f6dbe9dc812788cf6b9a8edf5b085f5cf46a3c916721823440784248773846be,1,0
"a0191_v3xe2h.raw",1,2,254,0,0,1,519.026,1782.972,2942868,2942888,0,2847448,2847448,0,29268,11.681,1771.291,1048576,312380,1e53b7da4523f16f71ab02e2c28b58ca39d99f0cc743a29ae0f9cb3c6728cc85,1,0
"a0192_ovl89c.raw",1,0,255,0,0,1,565.863,1780.229,2942868,2942888,0,2847448,2847448,0,29268,11.695,1768.534,1048576,312380,1b41a3008f5e9cbf5a1a5659d5cc1c350855449f9148d48c97c1681be80404c2,1,0
"a0193_hu0wy9.raw",1,0,255,0,0,1,530.902,1780.121,2942868,2942888,0,2847448,2847448,0,29268,11.632,1768.489,1048576,312380,fb07d5e224c47e161fd07607773a4bbed424f451fca565b831da048e851b561a,1,0
"a0194_kqcnoq.raw",1,4,252,0,0,1,510.882,1780.491,2942868,2942888,0,2847448,2847448,0,29268,11.635,1768.856,1048576,312380,dee5a23f867180a6242642b732a31f2096063825f78b26b862d0ac76983f851a,1,0
"a0195_czmb8s.raw",1,5,251,0,0,1,517.932,1783.095,2942868,2942888,0,2847448,2847448,0,29268,12.342,1770.753,1048576,312380,43b57e28232da6296460b27842d1d0b4ddf08cedbee28cd3f40da26143aff2e3,1,0
"a0196_vjvhwl.raw",1,0,255,0,0,1,528.164,1779.426,2942868,2942888,0,2847448,2847448,0,29268,11.575,1767.851,1048576,312380,95bc26bcf6efe6bedf774ccd3ec96ace4968b2d9cea7d4ce2d2cf6d18cf4a50a,1,0
"a0197_i439rf.raw",1,0,255,0,0,1,516.409,1782.904,2942876,2942888,0,2847448,2847448,0,29268,12.192,1770.712,1048576,312380,2bfd6f2df8a4cdc0e13ad72d7bd285e7f9f313dd3ae2eb2c163e946424860fa7,1,0
"a0198_nplldi.raw",1,0,255,0,0,1,501.513,1780.699,2942888,2942888,0,2847448,2847448,0,29268,11.635,1769.064,1048576,312380,7b727f0b2ff5311960220452e8403a5d0af4a00f3faf896d38cd2715836af363,1,0
"a0199_igszhh.raw",1,0,255,0,0,1,495.733,1781.523,2942888,2942888,0,2847448,2847448,0,29268,11.724,1769.799,1048576,312380,f45836c51e5a4c1ac77d662a3f651854e1c21aa25c4e75dc24ffcf72b2baa22e,1,0
"a0200_b6ivgn.raw",1,17,239,0,0,1,891.899,1781.246,2942868,2942888,0,2847448,2847448,0,29268,11.657,1769.589,1048576,312380,5e27299ba743a053d622e000c57681817d2c1f9654ec5ba4a07cbb086c0f1b22,1,0
"a0201_fhwq3q.raw",1,0,255,0,0,1,502.715,1782.131,2942888,2942888,0,2847448,2847448,0,29268,12.346,1769.785,1048576,312380,cae6af3a4e5acdc253c2b94a472a8fe399627f512d171d529fe15c6d53d90ee3,1,0
"a0202_irq4vt.raw",1,0,255,0,0,1,496.532,1783.430,2942888,2942888,0,2847448,2847448,0,29268,11.719,1771.711,1048576,312380,2757e30e32515234af05d814c767319af893d32fd3d5b9b68dbb22d49ba4e6b7,1,0
"a0203_m4vpew.raw",1,0,255,0,0,1,498.270,1781.086,2942888,2942888,0,2847448,2847448,0,29268,11.660,1769.426,1048576,312380,f02eab0cf0bd00e2c5edfe12a7f7129cbe5f2b916e408b4262401295b3715b04,1,0
"a0204_kpkjl1.raw",1,0,255,0,0,1,527.961,1777.089,2942868,2942888,0,2847448,2847448,0,29268,11.681,1765.408,1048576,312380,2e8b60ddb90f22415f421ce2dcf2cd36b8fc8cec9ae764e8e74ba74355490d58,1,0
"a0205_cjopmr.raw",1,0,255,0,0,1,507.735,1780.450,2942868,2942888,0,2847448,2847448,0,29268,11.571,1768.879,1048576,312380,b0b42cf6001e0d27ec57df66951196242dfd25c9e3caec83caf04087cb96e385,1,0
"a0206_grls61.raw",1,0,255,0,0,1,498.841,1781.334,2942888,2942888,0,2847448,2847448,0,29268,11.706,1769.628,1048576,312380,3fc1d90050738cee80f208799b25ad01b1bde495ec31be8a6762296da432c69c,1,0
"a0207_zt4ggr.raw",1,0,255,0,0,1,524.532,1779.187,2942868,2942888,0,2847448,2847448,0,29268,11.622,1767.565,1048576,312380,f31f1543bfe39845200c377fe6a34db2d63fd4b3b071f6ddb8ac3b33b2a2d3c7,1,0
"a0208_avivkh.raw",1,0,255,0,0,1,523.851,1781.860,2942868,2942888,0,2847448,2847448,0,29268,11.641,1770.219,1048576,312380,48bb4ff740aef63f73c76788441b351fd4b6953a7e055f0726a8b101528bb876,1,0
"a0209_mbpspx.raw",1,0,255,0,0,1,516.941,1781.677,2942868,2942888,0,2847448,2847448,0,29268,11.712,1769.965,1048576,312380,89679d3c92412a17c0f6f0bc825ee38c83413171466305376a7785a6c9a9a322,1,0
"a0210_kcvrv3.raw",1,0,255,0,0,1,536.366,1780.810,2942868,2942888,0,2847448,2847448,0,29268,11.743,1769.067,1048576,312380,cee28cfe6027310c144dd4b6ed71c0bd47fc6820e292bdeb94eff60b3cbdd79e,1,0
"a0211_jpy47f.raw",1,1,255,0,0,1,541.106,1781.682,2942868,2942888,0,2847448,2847448,0,29268,11.638,1770.044,1048576,312380,f6617b25fcdd3292267cb869f6f37312ab45b933bf9fc7077c1ea9c6a4d5a318,1,0
"a0212_jimcuz.raw",1,165,91,1,0,0,491.465,1780.085,2942888,2942888,0,2847448,2847448,0,29268,11.665,1768.420,1048576,312380,c02a05b1ad2f1a31fa0ffdfe1ede32ed8ce65e9e63ee570324ded90a10ca1fd4,1,0
"a0213_ne51o9.raw",1,3,253,0,0,1,513.566,1782.634,2942868,2942888,0,2847448,2847448,0,29268,11.682,1770.952,1048576,312380,626f422a14bfe67b08bd823f3bdd7645f7f152712bc34f72777bf74735058ea6,1,0
"a0214_uajkl9.raw",1,0,255,0,0,1,512.850,1780.190,2942888,2942888,0,2847448,2847448,0,29268,12.397,1767.793,1048576,312380,b7442a7d5a6692935392bb0cefabdd6c37f8b76195d250709e14bd772e7bfa98,1,0
"a0215_yxsy3c.raw",1,0,255,0,0,1,503.428,1780.671,2942888,2942888,0,2847448,2847448,0,29268,11.592,1769.079,1048576,312380,3ca070fe9e2c7e544f73ba3fb3c3733fcd6066483dfe68e6ed3a80ce2fbc3d94,1,0
"a0216_w34qky.raw",1,0,255,0,0,1,506.305,1783.102,2942868,2942888,0,2847448,2847448,0,29268,11.659,1771.443,1048576,312380,2dc1ae4aee7366c35d4babdb08aff42d5f860ddc3e713f2f4045f17a46edc2be,1,0
"a0217_pqf42k.raw",1,0,255,0,0,1,578.165,1780.988,2942868,2942888,0,2847448,2847448,0,29268,11.581,1769.407,1048576,312380,7846d2971491bcff958a3e932a99c0d2d87c1d1eabf10560511e1a7c8b057aad,1,0
"a0218_nsways.raw",1,0,255,0,0,1,563.665,1780.985,2942868,2942888,0,2847448,2847448,0,29268,11.682,1769.303,1048576,312380,37c876de06bf76a99b8529f05e9c4de66fc0721d58e7657700307f6b51636e7f,1,0
"a0219_e0y8kf.raw",1,0,255,0,0,1,540.511,1781.476,2942876,2942888,0,2847448,2847448,0,29268,11.647,1769.829,1048576,312380,66a1569ebdd13c1c3416c8ebfb157cc8db2484c2c6fd57eb67e4493c7328c9c1,1,0
"a0220_sqnyow.raw",1,1,255,0,0,1,536.356,1782.710,2942868,2942888,0,2847448,2847448,0,29268,11.923,1770.787,1048576,312380,ad2d9139c6f85a36e81c9f7779c56f71f50eed9e0899444c5536a2b91bc19d14,1,0
"a0221_zwdiwc.raw",1,0,255,0,0,1,530.107,1783.239,2942868,2942888,0,2847448,2847448,0,29268,12.713,1770.526,1048576,312380,4bb3dcc9c8cbb0c30c8d153adfa3258ffb7a5ee05136aa32e70a196152a9b2b1,1,0
"a0222_icjvhp.raw",1,0,255,0,0,1,534.033,1781.823,2942868,2942888,0,2847448,2847448,0,29268,11.688,1770.135,1048576,312380,4d3619abdb5b3084d69bce85a4b91b30ee076d95c4e317163ad9e45d1fd33af8,1,0
"a0223_cvjnie.raw",1,0,255,0,0,1,553.983,1780.936,2942868,2942888,0,2847448,2847448,0,29268,11.583,1769.353,1048576,312380,bc6759cbacf2353a3c2dd6da7ca6c2ec6e0b38a93bceef49038e16146329526e,1,0
"a0224_zbgdda.raw",1,0,255,0,0,1,500.347,1781.765,2942888,2942888,0,2847448,2847448,0,29268,11.596,1770.169,1048576,312380,1323295b8dcb3377836696f10f7e90a579082098fca7291ff78647cf40c1b96f,1,0
"a0225_gvoddm.raw",1,0,255,0,0,1,523.301,1780.341,2942868,2942888,0,2847448,2847448,0,29268,11.629,1768.712,1048576,312380,91f0a8da86d46666552614b9e81595fbdceef06860372c0d2f854e9f471eb7eb,1,0
"a0226_ajgork.raw",1,0,255,0,0,1,508.906,1781.573,2942868,2942888,0,2847448,2847448,0,29268,11.601,1769.972,1048576,312380,e12dcdf51d6e6de77a9e66ff97a6b6b9b754115794e8c7a6fe015e98051bb9e8,1,0
"a0227_hosyqe.raw",1,0,255,0,0,1,538.598,1781.608,2942868,2942888,0,2847448,2847448,0,29268,11.664,1769.944,1048576,312380,57ea57f1112f2fa58b52211f89ed4ea08910485f5319f3f2f8f4c7ce5c0f1d49,1,0
"a0228_beax1m.raw",1,0,255,0,0,1,518.466,1778.130,2942868,2942888,0,2847448,2847448,0,29268,11.674,1766.456,1048576,312380,7e5bb32cea4127e44912dc5372850d6db4f8f84b0e3eae23e100680a8bb8700e,1,0
"a0229_edkzub.raw",1,0,255,0,0,1,510.442,1780.136,2942888,2942888,0,2847448,2847448,0,29268,11.702,1768.434,1048576,312380,ca4d1a2c6f57b96f02b38255cebf13b7d9b2cfe7fb71d523b083c0c2b6f90ff7,1,0
"a0230_hkndfz.raw",1,0,255,0,0,1,528.475,1779.021,2942868,2942888,0,2847448,2847448,0,29268,11.681,1767.340,1048576,312380,f0f0951e3a1b59b362565e753048075dcd1c0e8c9a287774f3bb8b9609f30ba0,1,0
"a0231_dfkgjq.raw",1,10,246,0,0,1,558.371,1780.939,2942868,2942888,0,2847448,2847448,0,29268,11.633,1769.306,1048576,312380,af7a76eff23f89e6e154ba31009e2aa32e4e010e8086bea112557fa8f1b4f8ad,1,0
"a0232_yxjqmf.raw",1,2,254,0,0,1,490.883,1781.011,2942888,2942888,0,2847448,2847448,0,29268,11.698,1769.313,1048576,312380,99b5bf8f247c4c265bf0cae0e8f7bc3c5ea1909b6d2b1cced9c4ccbe7c517066,1,0
"a0233_pk87en.raw",1,0,255,0,0,1,535.430,1780.407,2942868,2942888,0,2847448,2847448,0,29268,11.615,1768.792,1048576,312380,bb8cda3ae060752da4fc297b240e5c63216d72e8504cb0d386d1728e354bf80e,1,0
"a0234_tzi0v2.raw",1,0,255,0,0,1,507.433,1781.271,2942868,2942888,0,2847448,2847448,0,29268,11.586,1769.685,1048576,312380,8e9850242b8b78ba67ee065f2c519b39e305d9dd08582eaa434d4dd71c0746b7,1,0
"a0235_n0quvm.raw",1,0,255,0,0,1,539.116,1787.188,2942868,2942888,0,2847448,2847448,0,29268,11.645,1775.543,1048576,312380,4fa3d24c7f8ebca16896f274a0b9a91c6bb935cb6ff1f8f13432937fa35f91d1,1,0
"a0236_ktgdmg.raw",1,0,255,0,0,1,504.337,1781.016,2942888,2942888,0,2847448,2847448,0,29268,11.654,1769.362,1048576,312380,516f1477758111cd19988c13597f09aa0423b48a78331e9269fcd4392bb8ca9f,1,0
"a0237_u2zqsb.raw",1,2,254,0,0,1,516.494,1781.638,2942868,2942888,0,2847448,2847448,0,29268,11.601,1770.037,1048576,312380,92a294197f5bbe9ee2266393d2a619e3005bf808eb6b0ab8dd3f0ac302f7b799,1,0
"a0238_lycwgz.raw",1,0,255,0,0,1,563.760,1781.403,2942868,2942888,0,2847448,2847448,0,29268,11.675,1769.728,1048576,312380,b0d8de47b097400800d95b1af265b7f9390d5b1198ff9b2344201555f3ceb225,1,0
"a0239_deyj9t.raw",1,0,255,0,0,1,512.537,1780.833,2942868,2942888,0,2847448,2847448,0,29268,11.605,1769.228,1048576,312380,f1b6c42da00acd3243742ead2eebf641487c77b59a5563cc29e5add509d306bd,1,0
"a0240_ln1bk4.raw",1,1,255,0,0,1,583.151,1783.401,2942868,2942888,0,2847448,2847448,0,29268,12.410,1770.991,1048576,312380,ab515a7a68b2afb8c4e28527a2a30fed90bf9bb833e019db8543ee9fa9b9d7e5,1,0
"a0241_jbqsqk.raw",1,1,255,0,0,1,559.434,1780.909,2942876,2942888,0,2847448,2847448,0,29268,11.667,1769.242,1048576,312380,a4ef7d0aa053ca9edc5f1ae9f4e4ba50d796e0e00cb128077af5c6c2e581b694,1,0
"a0242_emlbat.raw",1,0,255,0,0,1,559.946,1783.029,2942868,2942888,0,2847448,2847448,0,29268,11.740,1771.289,1048576,312380,17d8ec50613bfe15e758872214ede110a868982a8121a030f11c28cc3172e1ed,1,0
"a0243_jgsndb.raw",1,0,255,0,0,1,590.910,1780.909,2942868,2942888,0,2847448,2847448,0,29268,11.644,1769.265,1048576,312380,08ac5761adf314250897ebb20d7a3599445b7e3842bd2bcc19871b420a26b74a,1,0
"a0244_xvueor.raw",1,0,255,0,0,1,546.215,1783.535,2942868,2942888,0,2847448,2847448,0,29268,11.572,1771.963,1048576,312380,22d443a89be740cf0e7561913494d82986c77ae89db60a45d95c507cba160f84,1,0
"a0245_artfzj.raw",1,0,255,0,0,1,571.921,1780.836,2942868,2942888,0,2847448,2847448,0,29268,11.604,1769.232,1048576,312380,c417b3e7152a81fce1912b0792297f5422871e3bbce14ddfdf06e04b3626468d,1,0
"a0246_zilsnr.raw",1,0,255,0,0,1,547.252,1780.953,2942868,2942888,0,2847448,2847448,0,29268,11.644,1769.309,1048576,312380,41b44264c5bad3ca695224289568769a76c2e8c1c701f96501992b18d71a7d8b,1,0
"a0247_k09zly.raw",1,0,255,0,0,1,662.628,1782.334,2942868,2942888,0,2847448,2847448,0,29268,11.628,1770.706,1048576,312380,0d444bf440aa0cef0a15946905f233c03d588f32c5e4ece3135597913ce9d4fb,1,0
"a0248_jcgmcm.raw",1,0,255,0,0,1,594.234,1780.224,2942868,2942888,0,2847448,2847448,0,29268,11.583,1768.641,1048576,312380,cef6e0a3bf6fbeaf633baf6fc715ac53a607606fda14c66d70da13d87a2edeee,1,0
"a0249_ryzzky.raw",1,0,255,0,0,1,545.158,1783.476,2942868,2942888,0,2847448,2847448,0,29268,11.681,1771.795,1048576,312380,40f9d7a51ce6cb6f39fa4ea78a3e4965c45b2ebd456a12b9010d1b9799ef2a1d,1,0
"a0250_eilcen.raw",1,0,255,0,0,1,595.632,1779.554,2942868,2942888,0,2847448,2847448,0,29268,11.559,1767.995,1048576,312380,5493d880abff6ca6759db7f95ae0238d6b2b0de9360c889ac056be87af4a4b9d,1,0
"a0251_gou8iz.raw",1,0,255,0,0,1,617.127,1780.890,2942868,2942888,0,2847448,2847448,0,29268,11.553,1769.337,1048576,312380,b543f3608a7707de24b0a789408cb5318c04265f7ca22917e959d2fa583b24fa,1,0
"a0252_g8rdu7.raw",1,0,255,0,0,1,542.674,1781.286,2942868,2942888,0,2847448,2847448,0,29268,11.627,1769.659,1048576,312380,8f54201a39527c04e3c807d5c115d052acf0fab2ef03a47cfae85b05d874837f,1,0
"a0253_zrs5z5.raw",1,0,255,0,0,1,583.312,1780.550,2942868,2942888,0,2847448,2847448,0,29268,11.614,1768.936,1048576,312380,9b59eaa2a1f8504d9990cd76dc4cc19bd6b7455bd29fff87eb240122cc1d9094,1,0
"a0254_duhhpx.raw",1,0,255,0,0,1,583.941,1781.651,2942868,2942888,0,2847448,2847448,0,29268,11.691,1769.960,1048576,312380,2700c48971ad82043f434610a4eec7491d5f2a2252d51e7f7ba62f2209860942,1,0
"a0255_snzsh6.raw",1,0,255,0,0,1,592.455,1781.157,2942868,2942888,0,2847448,2847448,0,29268,11.649,1769.508,1048576,312380,7556a0a685489247cd599ef767e23f9ac25323d777958aebd48d7ec7eeedd28a,1,0
"a0256_tl0mch.raw",1,0,255,0,0,1,526.856,1781.400,2942868,2942888,0,2847448,2847448,0,29268,11.649,1769.751,1048576,312380,e9424e1af60e70994c61e494daa49fb28ad88025301d448f6c4367a11f8e4dbf,1,0
"a0257_ecnd4h.raw",1,0,255,0,0,1,825.698,1781.046,2942868,2942888,0,2847448,2847448,0,29268,11.683,1769.363,1048576,312380,b504681d49e6cc259f0a578a3c64c7bb64cf4a44270c0ed3eda3fc6b3ae12c27,1,0
"a0258_k3844w.raw",1,0,255,0,0,1,587.356,1781.199,2942868,2942888,0,2847448,2847448,0,29268,11.626,1769.573,1048576,312380,b2cca49e9996f5ae1916914cbb7f011579566dd5d87eae5e28705f9862516a7f,1,0
"a0259_yprawt.raw",1,0,255,0,0,1,552.603,1778.757,2942868,2942888,0,2847448,2847448,0,29268,11.661,1767.096,1048576,312380,1a6fde6decaae93e275af0bf51155180e51460fef948ae88e01fcf8cbe0460b6,1,0
"a0260_c5y9zb.raw",1,0,255,0,0,1,551.780,1782.776,2942876,2942888,0,2847448,2847448,0,29268,11.713,1771.063,1048576,312380,d7d1cd9a45496937663ea9eaac8d6d8d542ddf48d2a15d08d1ba4f3a8315c271,1,0
"a0261_vb7hzl.raw",1,0,255,0,0,1,536.757,1783.236,2942868,2942888,0,2847448,2847448,0,29268,12.711,1770.525,1048576,312380,a87f2d979f52fd355c8b07b4a8ca8238520f1912925cfb29c8456ae9b6fbe275,1,0
"a0262_ls88bb.raw",1,0,255,0,0,1,549.683,1780.943,2942868,2942888,0,2847448,2847448,0,29268,11.645,1769.298,1048576,312380,53662a034975d1e3b901bc5b11dfdaf555eb3e8ffd98fea349ca826c074e6ea4,1,0
"a0263_klkxph.raw",1,0,255,0,0,1,549.996,1778.584,2942868,2942888,0,2847448,2847448,0,29268,11.679,1766.905,1048576,312380,9a5c5e1c4b1aef4a33fa69f5c765679ae4fa0560b05bd10b31e2aff5d220a0e9,1,0
"a0264_cni2ln.raw",1,0,255,0,0,1,548.737,1782.293,2942868,2942888,0,2847448,2847448,0,29268,11.677,1770.616,1048576,312380,62ab0fb57c31b3dfd30fbfb07a80f81e5d057e2284e216cb9fad2cf6f6fc50c3,1,0
"a0265_hjrfb7.raw",1,0,255,0,0,1,568.131,1781.520,2942876,2942888,0,2847448,2847448,0,29268,11.603,1769.917,1048576,312380,d9f928eed04bcdf9f0394abd523cd362dc378a3260ad90fb74105c0ae2977126,1,0
"a0266_zd7nqm.raw",1,0,255,0,0,1,556.090,1775.799,2942868,2942888,0,2847448,2847448,0,29268,11.673,1764.126,1048576,312380,20e4675958e0f49b5df9499851336486668fb84b105ba0bc5eb133085d11d511,1,0
"a0267_rvg9bm.raw",1,0,255,0,0,1,727.073,1780.929,2942868,2942888,0,2847448,2847448,0,29268,11.756,1769.173,1048576,312380,c23be61b30e2e1930c6efaa7f2dd78e49b4a062f9d75c6b8bb945b4b57b9daf6,1,0
"a0268_ol9uxv.raw",1,0,255,0,0,1,601.220,1781.048,2942868,2942888,0,2847448,2847448,0,29268,11.656,1769.392,1048576,312380,3917f13692a1903bac98485c04f41f4fce08a4f46877f9b00c505c1a502d6841,1,0
"a0269_rijhyf.raw",1,0,255,0,0,1,517.950,1781.207,2942868,2942888,0,2847448,2847448,0,29268,11.674,1769.533,1048576,312380,9c94228c6b731a35c3fc31d1b62b61135ae1fbceee339a9c785ee3e7dcc32ee3,1,0
"a0270_agqlwh.raw",1,0,255,0,0,1,523.700,1780.664,2942868,2942888,0,2847448,2847448,0,29268,11.553,1769.111,1048576,312380,6d9c023cad3a0236c610826b4e32d0ead81d7b2c74f1adbe763eb11f3702d7ff,1,0
"a0271_a00g3l.raw",1,0,255,0,0,1,519.277,1781.448,2942868,2942888,0,2847448,2847448,0,29268,11.654,1769.794,1048576,312380,6b128628dc3570e0ff01ebdcd2430a2928d177894165ed56872978ea1fcb9568,1,0
"a0272_uwcqou.raw",1,0,255,0,0,1,611.338,1783.210,2942868,2942888,0,2847448,2847448,0,29268,12.404,1770.806,1048576,312380,76f54eb2e2d410f60565ccb6a3d982de94dbe4c58247807ab69882428efe4cde,1,0
"a0273_ey4uyg.raw",1,0,255,0,0,1,528.980,1781.569,2942868,2942888,0,2847448,2847448,0,29268,11.664,1769.905,1048576,312380,ce34e2c3f942a2b1aaf9f32fc87024f6da00d19ae7f0e987a4e5aef376f50a14,1,0
"a0274_rbiyxi.raw",1,0,255,0,0,1,533.059,1780.718,2942868,2942888,0,2847448,2847448,0,29268,11.593,1769.125,1048576,312380,3254c0d76b6acda4597c91ee3ebc3ead61acadf1d2af29ebacf0250cfbebc1e0,1,0
"a0275_fgksxn.raw",1,0,255,0,0,1,501.776,1781.205,2942888,2942888,0,2847448,2847448,0,29268,12.304,1768.901,1048576,312380,ae07b80429454ffae5479d7dfb1e8219b1c7f9c87641515f457a007c11856e49,1,0
"a0276_obkijn.raw",1,0,255,0,0,1,535.549,1779.806,2942868,2942888,0,2847448,2847448,0,29268,11.570,1768.236,1048576,312380,6606b46015ec212335d196e0e85d0f4c98669a1574e89dc6d76da6fcbaad96ec,1,0
"a0277_bf7ihi.raw",1,0,255,0,0,1,486.657,1781.222,2942888,2942888,0,2847448,2847448,0,29268,11.750,1769.472,1048576,312380,7014a9a0b66a97e7dfd3e73ec4407afafaa4dc06e9c1ec123093b9da90b1747d,1,0
"a0278_e6witx.raw",1,0,255,0,0,1,526.585,1782.468,2942868,2942888,0,2847448,2847448,0,29268,11.576,1770.892,1048576,312380,2a4f0320b3720326246978569c7ec2ce1c91f450ffe38f57d258c63c50a85e30,1,0
"a0279_dgrnno.raw",1,0,255,0,0,1,532.379,1781.659,2942868,2942888,0,2847448,2847448,0,29268,12.700,1768.959,1048576,312380,0ea38e841f06a73dbf62d7c06526267c31fa2ebe6b5060bda846e6feab74a1c0,1,0
"a0280_xwfgrz.raw",1,0,255,0,0,1,489.361,1781.266,2942888,2942888,0,2847448,2847448,0,29268,11.717,1769.549,1048576,312380,4c6a36bede18c1c51999e043329951b5afc8682c20f99f26ce5776ffad3e4d76,1,0
"a0281_wvnftg.raw",1,0,255,0,0,1,565.562,1779.764,2942868,2942888,0,2847448,2847448,0,29268,12.126,1767.638,1048576,312380,39de2b8a5d0a2d321b59f8e74d90efef1ea79e3e767da5ce223d42acc0f07624,1,0
"a0282_neuqgk.raw",1,0,255,0,0,1,589.617,1781.448,2942868,2942888,0,2847448,2847448,0,29268,11.698,1769.750,1048576,312380,ebd2717ca3160500a023a3cc9d4b9839216bf660ffd8952605f66c5e36683708,1,0
"a0283_ed9ybp.raw",1,0,255,0,0,1,611.237,1781.801,2942868,2942888,0,2847448,2847448,0,29268,11.677,1770.124,1048576,312380,1431c75b01c96288840748349763f374cba200fca9f9484d7a3d473b28a674a6,1,0
"a0284_l2pshn.raw",1,0,255,0,0,1,470.627,1781.848,2942868,2942888,0,2847448,2847448,0,29268,11.677,1770.171,1048576,312380,9f7e6bc3d91fa75c1e3dde8378ef63e95a126e7365d5b2d43e600c933b0e0947,1,0
"a0285_czrrzg.raw",1,0,255,0,0,1,539.740,1779.252,2942868,2942888,0,2847448,2847448,0,29268,11.678,1767.574,1048576,312380,827b566a2c2dbbe478a643d334a62cef60323a4a10efeed47ec84999e6864a7e,1,0
"a0286_ptumns.raw",1,0,255,0,0,1,492.519,1779.797,2942888,2942888,0,2847448,2847448,0,29268,12.745,1767.052,1048576,312380,2c813652869c241da7031c40946809e4b1385335bce229e630a89c5d8623ab53,1,0
"a0287_eehsa2.raw",1,0,255,0,0,1,496.800,1782.909,2942888,2942888,0,2847448,2847448,0,29268,11.750,1771.159,1048576,312380,5d0f8c5f19c78492b4170bae2650c19e19bdaf11d64e252cc27720d5e7c4ade7,1,0
"a0288_fmukvl.raw",1,0,255,0,0,1,515.582,1782.019,2942868,2942888,0,2847448,2847448,0,29268,11.676,1770.343,1048576,312380,a4c59987dd6b426cc8450a2d0942c5114f164733f44e330488d14adbe1fb87d8,1,0
"a0289_l9cwjl.raw",1,0,255,0,0,1,577.813,1781.965,2942868,2942888,0,2847448,2847448,0,29268,11.654,1770.311,1048576,312380,2aeb2d0bd7184c265b8a64de58a05273f1e0fe87a12d971fa7ec3f54fbb9180c,1,0
"a0290_yvjttp.raw",1,0,255,0,0,1,551.243,1780.950,2942868,2942888,0,2847448,2847448,0,29268,11.666,1769.284,1048576,312380,cc424df0f0ee7ee682cda4f2734b9365155367d1a5840058207fb5499d824328,1,0
"a0291_xwtzfw.raw",1,0,255,0,0,1,537.026,1781.119,2942868,2942888,0,2847448,2847448,0,29268,11.656,1769.463,1048576,312380,1540b559974dba7a0d62df7b6a42cc8b4172cd482b7f617576109f795a8a3ed9,1,0
"a0292_mfxjuh.raw",1,0,255,0,0,1,542.435,1782.841,2942868,2942888,0,2847448,2847448,0,29268,11.880,1770.961,1048576,312380,51225638b72197c4eedf8263c0016752f49cb31665f3da04484fae2b1a85a1eb,1,0
"a0293_rws1fy.raw",1,0,255,0,0,1,500.242,1780.147,2942888,2942888,0,2847448,2847448,0,29268,11.620,1768.527,1048576,312380,f5b9403f4bb8cda4e9234c6f475b47ab15eadd72f1bd6181da928326341918da,1,0
"a0294_amp8ud.raw",1,0,255,0,0,1,516.442,1781.939,2942868,2942888,0,2847448,2847448,0,29268,11.691,1770.248,1048576,312380,91f6cde9f9f83a1123ea466bcd767756cbaedd174316385ab617d69ed23efa07,1,0
"a0295_gdssqr.raw",1,0,255,0,0,1,574.233,1780.581,2942868,2942888,0,2847448,2847448,0,29268,11.598,1768.983,1048576,312380,1b927b5e659066af8170f1d3b3c77dc0465967f2f0076acdc53c238558094bc9,1,0
"a0296_cbjusq.raw",1,0,255,0,0,1,501.803,1781.634,2942888,2942888,0,2847448,2847448,0,29268,11.983,1769.651,1048576,312380,d225c3e65612b3e7eb6beff8172649b63a5475250ecab8532b8b59c5ed2d64da,1,0
"a0297_bi3qaq.raw",1,0,255,0,0,1,519.626,1782.696,2942868,2942888,0,2847448,2847448,0,29268,11.968,1770.728,1048576,312380,33dc4e68b00d77ecb78338ef84b1b164327762c3be4ef608fce2f64f84d97b5f,1,0
"a0298_snhzju.raw",1,0,255,0,0,1,680.636,1780.834,2942868,2942888,0,2847448,2847448,0,29268,11.683,1769.151,1048576,312380,75b8f90c68ac773eb1398efc9d371f21f2c0190a5f5cd855e4ba5071c90a87f7,1,0
"a0299_wvgl0v.raw",1,0,255,0,0,1,536.188,1782.343,2942868,2942888,0,2847448,2847448,0,29268,11.642,1770.701,1048576,312380,b47ab95f4d0281611408f20dc741ab687e48a532f1419201dfbff8f4e91b670c,1,0
"a0300_m3senv.raw",1,0,255,0,0,1,554.156,1780.740,2942868,2942888,0,2847448,2847448,0,29268,11.889,1768.851,1048576,312380,bbc01dbc5871cb92a9878ebba3000f98005c30bd8de58ed43175f3209bd1155b,1,0
"a0301_uli8mh.raw",1,0,255,0,0,1,557.697,1781.080,2942868,2942888,0,2847448,2847448,0,29268,11.633,1769.447,1048576,312380,309138c0bc76b4f88edaa40bde2abbd690bc66c0635fdf2aad7995574c37aea0,1,0
"a0302_vc4qix.raw",1,0,255,0,0,1,516.397,1780.407,2942868,2942908,0,2847448,2847448,0,29268,11.846,1768.561,1048576,312380,98f0fdf0d955b7cab8d124a2f3baa1cf0538de6fb5221ffffd31efc2dd238dbe,1,0
"a0303_cuf6xn.raw",1,0,255,0,0,1,547.423,1782.234,2942864,2942888,0,2847448,2847448,0,29268,11.625,1770.609,1048576,312380,8fd1f3472e406fadf714d133a1bbd86fee90e6c549cbe5a12204726a0cbc58f6,1,0
"a0304_fwwn3g.raw",1,0,255,0,0,1,544.956,1782.394,2942868,2942888,0,2847448,2847448,0,29268,11.595,1770.799,1048576,312380,369e8130ef6824dac7546f89fde665cae6836b5dacf965792275f53cbb2940ef,1,0
"a0305_fmqlfv.raw",1,0,255,0,0,1,537.292,1780.576,2942868,2942888,0,2847448,2847448,0,29268,11.655,1768.921,1048576,312380,bd14720b091bafbb1a2ce66512c37aec11f922ffb707580d931e07a6a77464bb,1,0
"a0306_ulbssu.raw",1,0,255,0,0,1,520.698,1781.074,2942868,2942888,0,2847448,2847448,0,29268,11.630,1769.444,1048576,312380,891d51a175ed79a178511bac00e3cc352c2aa9c1a4789f8139d084f9d60d2121,1,0
"a0307_hebntn.raw",1,0,255,0,0,1,522.958,1781.434,2942876,2942888,0,2847448,2847448,0,29268,11.723,1769.711,1048576,312380,a934a161f6d711ad40881ef81da18fc370a521a74003f6b8ec5e44c0e2081788,1,0
"a0308_a3dpi0.raw",1,0,255,0,0,1,655.546,1780.295,2942868,2942888,0,2847448,2847448,0,29268,11.679,1768.616,1048576,312380,433546bba1dde0569f2b695204859026c81087f42e4c2e94d876f732211302a9,1,0
"a0309_hwfzr3.raw",1,0,255,0,0,1,594.179,1777.946,2942868,2942888,0,2847448,2847448,0,29268,11.962,1765.984,1048576,312380,c0db20333d53294c53640cb9a022c7c30b6be55b0c6dbdb7385b55ad64f39b43,1,0
"a0310_xnncrg.raw",1,0,255,0,0,1,596.256,1776.929,2942868,2942888,0,2847448,2847448,0,29268,11.681,1765.248,1048576,312380,d4f2ce99cc88077f5fea6827d4527df8134dc69e678a4773a63aee85b688b4b0,1,0
"a0311_yeksvg.raw",1,0,255,0,0,1,586.578,1777.905,2942868,2942888,0,2847448,2847448,0,29268,11.679,1766.226,1048576,312380,e865800a5523189067bd09230f463a29a5f5cdb30288d83d937f724df366f8ab,1,0
"a0312_hg3seh.raw",1,0,255,0,0,1,584.310,1775.592,2942868,2942888,0,2847448,2847448,0,29268,11.738,1763.854,1048576,312380,673f8eaaf0a2b5894917075cff0a255ab44e99eeec6ace2502d04868e39953fd,1,0
"a0313_qmcgor.raw",1,1,255,0,0,1,619.243,1778.281,2942868,2942888,0,2847448,2847448,0,29268,11.775,1766.506,1048576,312380,95df299dfa923bfa6d62692ffc891f25d7497032f3d2a8c3f2b8a5faf9e5c44d,1,0
"a0314_qn2tkn.raw",1,0,255,0,0,1,530.792,1779.406,2942868,2942872,0,2847448,2847448,0,29268,11.798,1767.608,1048576,312380,9508f22d389a6cea7bf589608b6106e59371d2eeb0f30acba8aa13fd18efcf14,1,0
"a0315_gzqrrt.raw",1,0,255,0,0,1,1022.235,1780.582,2942868,2942888,0,2847448,2847448,0,29268,11.559,1769.023,1048576,312380,23147abc2779eb97cb1cc6410b911000bff0c4a3577ac1f24ba91c7aa50fc0fa,1,0
"a0316_wy1qyy.raw",1,0,255,0,0,1,486.128,1781.621,2942876,2942888,0,2847448,2847448,0,29268,11.779,1769.842,1048576,312380,edc171352254432b9a826009078991d650f0223e6f966ae7b28f63d9ebbd7409,1,0
"a0317_sncbpq.raw",1,0,255,0,0,1,499.448,1781.847,2942888,2942888,0,2847448,2847448,0,29268,11.882,1769.965,1048576,312380,555b5f6b38c48bf6667416209090709a3be91dd05945cc27d0c818bfefd14510,1,0
"a0318_cwzoi8.raw",1,0,255,0,0,1,518.876,1775.586,2942868,2942888,0,2847448,2847448,0,29268,11.961,1763.625,1048576,312380,848ff9fdc63bc63435334939cf4d37e10b03590d66986e5fa42b961cb1155292,1,0
"a0319_ghigad.raw",1,0,255,0,0,1,543.093,1769.900,2942868,2942888,0,2847448,2847448,0,29268,12.456,1757.444,1048576,312380,d5fa0836d138a257cd56a89d8024ae54bcfd8bde539f49da92aeb54a3578bcf3,1,0
"a0320_yzr3ed.raw",1,0,255,0,0,1,1132.374,1780.891,2942864,2942888,0,2847448,2847448,0,29268,11.839,1769.052,1048576,312380,0f9c0ab77c71646843aa161b3c331330bfd4900d52c3f9b0b1be87c3afd5fb6e,1,0
"a0321_autrsj.raw",1,0,255,0,0,1,499.215,1781.094,2942888,2942888,0,2847448,2847448,0,29268,11.742,1769.352,1048576,312380,a9f228ef99487ce216c5852036da462b3ce46423725e6992dd4ff3d06b72ba02,1,0
"a0322_ybf4bi.raw",1,0,255,0,0,1,512.078,1771.329,2942864,2942888,0,2847448,2847448,0,29268,11.671,1759.658,1048576,312380,6b24362e5630742db4cab52e5c5fafcacf1700d2b2dc6e4083dbf0a61194c33a,1,0
"a0323_gejwiv.raw",1,0,255,0,0,1,531.576,1767.076,2942868,2942888,0,2847448,2847448,0,29268,11.646,1755.430,1048576,312380,31f4253482e041576cb3a6de85b57539781157b4dca0ebe98c7f870a93fa6114,1,0
"a0324_qe07mh.raw",1,0,255,0,0,1,500.360,1772.455,2942888,2942888,0,2847448,2847448,0,29268,11.630,1760.825,1048576,312380,592c0f7a17b1656fa04fee1af2925c4fa565ee40207edab12d3c76a5bcfe2b01,1,0
"a0325_hqewpd.raw",1,0,255,0,0,1,527.573,1779.997,2942868,2942888,0,2847448,2847448,0,29268,11.593,1768.404,1048576,312380,9dfb29e0efee5b670931b291def0c6b61722689688a10b6ddfaec99abe30fb8c,1,0
"a0326_b0apf0.raw",1,0,255,0,0,1,535.624,1782.061,2942868,2942888,0,2847448,2847448,0,29268,11.930,1770.131,1048576,312380,c6fd77057c656c59d9752616f59143fb91d650a6b46a1b5313fc65b75a2d7b63,1,0
"a0327_psfuag.raw",1,0,255,0,0,1,516.258,1779.960,2942868,2942888,0,2847448,2847448,0,29268,11.553,1768.407,1048576,312380,78dba4e22992a793ab11e32cf8cc43594542b17877a123a74049acce2bc38c24,1,0
"a0328_y3tnna.raw",1,0,255,0,0,1,517.639,1781.215,2942868,2942888,0,2847448,2847448,0,29268,11.626,1769.589,1048576,312380,d2cb90e30cac75660fd0982352586b880dfc4f9b30508b361fe2bc8cb648864f,1,0
"a0329_tt1jeo.raw",1,0,255,0,0,1,506.811,1781.151,2942868,2942888,0,2847448,2847448,0,29268,12.392,1768.759,1048576,312380,21ad7620db9627ae624bd5091aae866351b2cd4c508f75c32fa811f77f399c4b,1,0
"a0330_w42viz.raw",1,0,255,0,0,1,498.446,1779.049,2942888,2942888,0,2847448,2847448,0,29268,11.688,1767.361,1048576,312380,a83ac9bf5e07e8fd78db99f33cfc222adfed9b02c545e85c89987739053c7166,1,0
"a0331_pstkz0.raw",1,0,255,0,0,1,528.931,1781.128,2942868,2942888,0,2847448,2847448,0,29268,11.767,1769.361,1048576,312380,7fd645a03f89123e2f1507f91f428060e5d6ea5b9e8f3c1f9afca38b4bf92594,1,0
"a0332_mlywvc.raw",1,0,255,0,0,1,506.606,1779.150,2942888,2942888,0,2847448,2847448,0,29268,11.721,1767.429,1048576,312380,0b22545dd97c076987523e9c2b0bbf925333b2c499c6fc0bcad48951361a5943,1,0
"a0333_mntmbr.raw",1,0,255,0,0,1,531.045,1781.711,2942868,2942888,0,2847448,2847448,0,29268,11.714,1769.997,1048576,312380,9c0f010fb8225fbdf4357d8cd6d6b7a30ae87e1f3dd0a154216677d5ef64eb30,1,0
"a0334_hh8lbt.raw",1,0,255,0,0,1,529.717,1776.328,2942868,2942888,0,2847448,2847448,0,29268,11.696,1764.632,1048576,312380,f4d5a5a1871b66fed205e31d85631796e62319dc2b03a1bc4b4ea1da1f96678b,1,0
"a0335_lj2th9.raw",1,0,255,0,0,1,544.035,1779.938,2942868,2942888,0,2847448,2847448,0,29268,12.761,1767.177,1048576,312380,2a77116e4baa65930bdf6cc4b5d3c681d990fb8d60ccefb1fb69a20f04a1e5bc,1,0
"a0336_rbou7p.raw",1,0,255,0,0,1,511.132,1783.153,2942868,2942888,0,2847448,2847448,0,29268,11.964,1771.189,1048576,312380,a265d37c7d4b6c336c275cded2b40897d66b11e79fd9ce800d50c35f7d011720,1,0
"a0337_ne0tny.raw",1,0,255,0,0,1,495.654,1781.787,2942888,2942888,0,2847448,2847448,0,29268,11.664,1770.123,1048576,312380,df285e20c4a1f9272cb025ffa7a865423908ee46bb6f8c528ecc9c1c7f7b2d70,1,0
"a0338_pih7ys.raw",1,0,255,0,0,1,511.737,1777.649,2942888,2942888,0,2847448,2847448,0,29268,11.673,1765.976,1048576,312380,e6980cec1cb5d9ccbefe6cd5da9372a0eca11e417a19700ab3adb5c5f47aa983,1,0
"a0339_relvff.raw",1,0,255,0,0,1,535.176,1779.502,2942868,2942888,0,2847448,2847448,0,29268,11.671,1767.831,1048576,312380,797ca6e69ceaf1413258e4f9ccd8519fd7562cbdfab1086a26db8efa8c356557,1,0
"a0340_xhnbwm.raw",1,0,255,0,0,1,521.276,1775.300,2942868,2942888,0,2847448,2847448,0,29268,11.685,1763.615,1048576,312380,486a8f8bca09a538123a4b036e9b5de6eb50a27c3a68f128e45297e992a9a273,1,0
"a0341_gjtu0s.raw",1,0,255,0,0,1,521.975,1780.341,2942868,2942888,0,2847448,2847448,0,29268,11.593,1768.748,1048576,312380,dfc583a51a81da6bc5cb57b4827ccc53f559b6903d144780ecca5c622389fb67,1,0
"a0342_cyuqlc.raw",1,0,255,0,0,1,538.547,1780.111,2942868,2942888,0,2847448,2847448,0,29268,11.635,1768.476,1048576,312380,b3946d5f88b474b3b6109911ca03637a6d46ddfb30c8dd49c724fce1ba3c8f53,1,0
"a0343_izq4tl.raw",1,0,255,0,0,1,503.586,1773.733,2942888,2942888,0,2847448,2847448,0,29268,11.663,1762.070,1048576,312380,1cfbaf5adaef33737bcf3c7bbdcb534d633fde43e63cdf457e52f5627e06d168,1,0
"a0344_rkf6lh.raw",1,0,255,0,0,1,491.187,1777.654,2942888,2942888,0,2847448,2847448,0,29268,11.601,1766.053,1048576,312380,6fdad0122a90722022d994e780090057601221be24a99aa507c9fdd544fe3f6a,1,0
"a0345_hlud7p.raw",1,0,255,0,0,1,492.162,1778.763,2942888,2942888,0,2847448,2847448,0,29268,11.753,1767.010,1048576,312380,16ca07a808191dffe40c6eacb06db467a9e666165d5902a2405c9760c75a3ee2,1,0
"a0346_rw1jth.raw",1,0,255,0,0,1,525.542,1778.435,2942868,2942888,0,2847448,2847448,0,29268,11.737,1766.698,1048576,312380,17de8dca1451af83a8a90080c671a4fb82f0795160e25f33e83b4288325b8e7c,1,0
"a0347_ckscd3.raw",1,0,255,0,0,1,751.130,1776.926,2942888,2942888,0,2847448,2847448,0,29268,12.640,1764.286,1048576,312380,ce572ff8428829b6cac0956c5b4ebcf58637314a46b6c2ece03a0cc5e2f7d024,1,0
"a0348_kax7ko.raw",1,0,255,0,0,1,519.051,1778.551,2942868,2942888,0,2847448,2847448,0,29268,11.880,1766.671,1048576,312380,d6363b289844420f4411e495f8d06bea53b63889725e34719a7715b0b221e805,1,0
"a0349_ufa15g.raw",1,0,255,0,0,1,554.356,1779.331,2942868,2942888,0,2847448,2847448,0,29268,11.630,1767.701,1048576,312380,089f8fbd0112bceed7e14b399f4e451b358bed13fb6ce8f40c73f04bf8679614,1,0
"a0350_vxnkox.raw",1,0,255,0,0,1,1372.061,1775.550,2942868,2942888,0,2847448,2847448,0,29268,11.556,1763.994,1048576,312380,77fe1433ead78004df1524612979d127833a2fe04af84755819bd890cb2ff2cd,1,0
"a0351_mztyty.raw",1,0,255,0,0,1,561.763,1780.504,2942868,2942888,0,2847448,2847448,0,29268,11.812,1768.692,1048576,312380,349b00d7ec234999a1f5537153515468b35041337d10ce0724c487de63602eca,1,0
"a0352_ssssf5.raw",1,0,255,0,0,1,751.750,1778.056,2942888,2942888,0,2847448,2847448,0,29268,12.366,1765.690,1048576,312380,7b8d27149ab3cc500004cd460d94c6bef57d676fb8fa5fd04b3a81cda8018100,1,0
"a0353_ekcswn.raw",1,0,255,0,0,1,530.923,1778.941,2942868,2942888,0,2847448,2847448,0,29268,11.709,1767.232,1048576,312380,2bab353e6d9ee82f7f9efa0b0e20ae13804ce1918f898acd8fe6fdfe84c34b88,1,0
"a0354_mozps1.raw",1,0,255,0,0,1,503.968,1778.016,2942888,2942888,0,2847448,2847448,0,29268,11.606,1766.410,1048576,312380,d6506f2ea02427a96a7edb2610d708c09e1b26411dead1e223131da0b50d302c,1,0
"a0355_e8krxs.raw",1,0,255,0,0,1,525.212,1779.311,2942868,2942888,0,2847448,2847448,0,29268,12.053,1767.258,1048576,312380,ded65f942a3eb375f430e28008043845734173fba6ccf31e63d4ba6a51c74c93,1,0
"a0356_hyiott.raw",1,0,255,0,0,1,716.181,1779.420,2942868,2942888,0,2847448,2847448,0,29268,11.613,1767.807,1048576,312380,1e608adcb121a9c250d9a94be704653e814afad127f28de2f9e87bdd41e6d0ee,1,0
"a0357_efrban.raw",1,0,255,0,0,1,723.453,1778.953,2942868,2942888,0,2847448,2847448,0,29268,11.688,1767.265,1048576,312380,38541da6f301df1b2b784561b831e51579bd1941e2de354af29b3c432462521d,1,0
"a0358_a6ukmk.raw",1,0,255,0,0,1,610.415,1779.443,2942868,2942888,0,2847448,2847448,0,29268,11.671,1767.772,1048576,312380,a483cd4546fceb35ae444801ac8a89dae1370547401d5a773874e587f790555e,1,0
"a0359_uy7niw.raw",1,0,255,0,0,1,622.391,1779.206,2942868,2942888,0,2847448,2847448,0,29268,11.640,1767.566,1048576,312380,12c507ee81df736ace7af40e5e80669e5899b4d6bd3ccc0af133d42b68f37466,1,0
"a0360_ya0ihl.raw",1,0,255,0,0,1,571.145,1781.974,2942868,2942888,0,2847448,2847448,0,29268,11.899,1770.075,1048576,312380,e74653629e34d5479ccf0e3175e99154903b4edbca8631194322d24871937729,1,0
"a0361_mskx0o.raw",1,0,255,0,0,1,515.359,1779.152,2942868,2942888,0,2847448,2847448,0,29268,11.746,1767.406,1048576,312380,9bd25a33c94ab0652cbc2b2003dca42a61928bfa47e5cd99f8fcd2301d501d7a,1,0
"a0362_e7v87k.raw",1,0,255,0,0,1,622.283,1780.663,2942868,2942888,0,2847448,2847448,0,29268,11.749,1768.914,1048576,312380,3067efb51490690fcbcac5c693b82ad6b59164c974c22585fe7d8767a6e121e6,1,0
"a0363_utqzrc.raw",1,0,255,0,0,1,526.175,1778.776,2942868,2942888,0,2847448,2847448,0,29268,11.721,1767.055,1048576,312380,696bad0137070ad812f8d5ab310a8c0f4ee000d44ba0d2a49c2517cae3f25647,1,0
"a0364_wtolk5.raw",1,0,255,0,0,1,499.333,1779.907,2942888,2942888,0,2847448,2847448,0,29268,11.732,1768.175,1048576,312380,7ecb6bcf8a6df95fbc11a990d9c4662b49ba2304da9d67d53fb3045ab38219a0,1,0
"a0365_brwton.raw",1,0,255,0,0,1,527.087,1782.789,2942868,2942888,0,2847448,2847448,0,29268,11.667,1771.122,1048576,312380,e7b9bfb8bf715bd9c7c09f6c49ac7b3f474e53863bd459fae35a8788f3e98501,1,0
"a0366_aszhel.raw",1,0,255,0,0,1,524.075,1781.486,2942868,2942888,0,2847448,2847448,0,29268,11.645,1769.841,1048576,312380,844dd97c256502be6c442608a3092255a68dfd50d3b32c0f9f421ed10d87e9c8,1,0
"a0367_iqzcw7.raw",1,0,255,0,0,1,521.148,1780.920,2942868,2942888,0,2847448,2847448,0,29268,11.631,1769.289,1048576,312380,9912ce4c14cb0cfc024f92b0c08c1ce76686f32d84a2fe70dd844130dbda861f,1,0
"a0368_ywq7qy.raw",1,0,255,0,0,1,500.361,1778.449,2942896,2942888,8,2847448,2847448,0,29268,11.644,1766.805,1048576,312380,5d037d7323015938d8d4a9fcff599d3df668eca6278064326d3071afa6ee5c13,1,0
"a0369_h6dlbk.raw",1,0,255,0,0,1,507.149,1781.541,2942888,2942888,0,2847448,2847448,0,29268,11.614,1769.927,1048576,312380,7c5ce73037e3de016ea1431d103d7fcb1cef8a171193f2841510627d8a070b1a,1,0
"a0370_e50gdu.raw",1,0,255,0,0,1,521.542,1779.785,2942868,2942888,0,2847448,2847448,0,29268,11.636,1768.149,1048576,312380,55b1383de7d08ddf21d6c8a42c1da668ba0a36d6999a2c71eb5b334e927d11ff,1,0
"a0371_tmswzg.raw",1,0,255,0,0,1,508.229,1780.716,2942888,2942888,0,2847448,2847448,0,29268,11.602,1769.114,1048576,312380,4b9488248e406a16f858c746b2bb30db8128ffc2fff0174228c449563e4aa0f3,1,0
"a0372_dweigx.raw",1,0,255,0,0,1,508.111,1783.256,2942888,2942888,0,2847448,2847448,0,29268,11.963,1771.293,1048576,312380,58b0d1ef9ca5f14e58f5b8c292540ef3949c91be9e9b45e2cd3b9e09b35ddbb9,1,0
"a0373_q2cyb8.raw",1,0,255,0,0,1,507.985,1782.881,2680724,2680744,0,2585304,2585304,0,29268,11.666,1771.215,1048576,312380,56a3368ecb3550fe6155f4512676a31ca56f9922a4a0ea702e4b3191d585274f,1,0
"a0374_oarx5d.raw",1,0,255,0,0,1,492.905,1780.597,2680744,2680744,0,2585304,2585304,0,29268,11.639,1768.958,1048576,312380,ddee492022ba4bd32d00fc5fcc085980d92cb95bf8f6991e014a34fdd5f8d45e,1,0
"a0375_gusroz.raw",1,0,255,0,0,1,514.979,1780.533,2680724,2680744,0,2585304,2585304,0,29268,11.678,1768.855,1048576,312380,cf663798a8c1d46cf5e56b58aa2a00a4d9eeb0702038463e035f955ca3eab0d4,1,0
"a0376_m1fxpo.raw",1,0,255,0,0,1,553.981,1769.463,2680724,2680744,0,2585304,2585304,0,29268,11.657,1757.806,1048576,312380,ff50da56168fe62586182773203ad3f9ebb47fec99ec7fbf7a9399b0c0a8620d,1,0
"a0377_ifo97c.raw",1,0,255,0,0,1,504.487,1769.357,2680744,2680744,0,2585304,2585304,0,29268,11.674,1757.683,1048576,312380,fce2a46b2170cd187074911b91b48595964d05530b0b66d22ef74e718c13d210,1,0
"a0378_fik4u6.raw",1,0,255,0,0,1,523.758,1777.814,2680724,2680744,0,2585304,2585304,0,29268,11.632,1766.182,1048576,312380,6078394d22d4e36e223cc8e83ab83daeb9d12a7a023156379411459aceec90db,1,0
"a0379_gw8z6g.raw",1,0,255,0,0,1,744.183,1772.632,2680744,2680744,0,2585304,2585304,0,29268,11.666,1760.966,1048576,312380,4ce8b1ee27b78017a8d279d9764fc369add7c5522ac3a6f40de4ba4342ea6d23,1,0
"a0380_lp7x8s.raw",1,0,255,0,0,1,762.433,1775.808,2680724,2680744,0,2585304,2585304,0,29268,11.790,1764.018,1048576,312380,d8bc7dccea81ac1354c341182f6119d63a866f25f8a960ebe438578b39c3e98a,1,0
"a0381_wio2x9.raw",1,0,255,0,0,1,503.030,1774.723,2680744,2680744,0,2585304,2585304,0,29268,11.623,1763.100,1048576,312380,8ee77fb7ca1f4a3f1486804b0b002554990cb8e6e07e897715999af00f5b4f66,1,0
"a0382_bfgu3h.raw",1,0,255,0,0,1,491.021,1775.828,2680744,2680744,0,2585304,2585304,0,29268,11.626,1764.202,1048576,312380,90f44fb7d805c9868adf7e020eac3ffe12890dbce9c05ab21bf780ee6ba681bc,1,0
"a0383_ne5pb0.raw",1,0,255,0,0,1,559.813,1776.507,2680724,2680744,0,2585304,2585304,0,29268,11.594,1764.913,1048576,312380,a658282b2fb56280c1a2bae3cefded7fbccce1552336c36f29aad4c3dd7fd9d0,1,0
"a0384_yurynn.raw",1,1,255,0,0,1,514.121,1773.891,2680724,2680744,0,2585304,2585304,0,29268,11.672,1762.219,1048576,312380,21f27c7212e43cb372e4e4831db66a2d09ec2305f06a5ed8aee9327c5e3bdedf,1,0
"a0385_k94gtl.raw",1,227,29,1,0,0,495.384,1772.847,2680744,2680744,0,2585304,2585304,0,29268,11.765,1761.082,1048576,312380,051e25bb11fb65d28fa9cb2a025bc3a7da485744c30f52110c03790f52cfe323,1,0
"a0386_zhu1uu.raw",1,1,255,0,0,1,505.683,1780.339,2680724,2680744,0,2585304,2585304,0,29268,11.718,1768.621,1048576,312380,498a2bca209ff5f9d5ed494d732356086799c2e694e9af63c684d9b8e39eef90,1,0
"a0387_eyzakq.raw",1,2,254,0,0,1,494.233,1780.692,2680744,2680728,16,2585304,2585304,0,29268,11.800,1768.892,1048576,312380,9c5ed9f3d5aee051cf6698bb691b789d9f13fe9c618370b0c732c8bd477d086a,1,0
"a0388_skrfsx.raw",1,2,254,0,0,1,492.058,1780.479,2680744,2680744,0,2585304,2585304,0,29268,11.633,1768.846,1048576,312380,800f1b88cebce91800fa0fb540e61a011df1c38f0a48b9699accf90066d8d332,1,0
"a0389_cdwqt5.raw",1,0,255,0,0,1,516.171,1778.309,2680724,2680744,0,2585304,2585304,0,29268,11.630,1766.679,1048576,312380,910d375e64fc9ccdf8d37a3fe5ec82218066817fac54027a32945fd43d2d7189,1,0
"a0390_vefwrh.raw",1,4,252,0,0,1,522.611,1774.281,2680724,2680744,0,2585304,2585304,0,29268,11.625,1762.656,1048576,312380,c174f4ad9300ce0d5f0ac3f384806b2f6d4996135b15648ea1f495ab829e759a,1,0
"a0391_ynqs8w.raw",1,98,158,0,0,1,510.170,1782.062,2680724,2680744,0,2585304,2585304,0,29268,11.710,1770.352,1048576,312380,972f291253b307b05eb6fb15017fb5a038f85efc01fdcb7a90babf5edd7f707b,1,0
"a0392_kkdykz.raw",1,1,255,0,0,1,498.767,1778.267,2680744,2680744,0,2585304,2585304,0,29268,11.700,1766.567,1048576,312380,ff2d473f38250ad009ae1885dae45779c9a0a8f2f64be38e2bbd76d93f866f7a,1,0
"a0393_adm5xz.raw",1,0,255,0,0,1,507.216,1779.514,2680724,2680744,0,2585304,2585304,0,29268,11.671,1767.843,1048576,312380,eb0ed8c998781f70b07085fb20b03fcd261cbcf12e2c6193cf5bba71d3be3ccb,1,0
"a0394_xo3wmq.raw",1,1,255,0,0,1,495.987,1777.015,2680744,2680744,0,2585304,2585304,0,29268,11.622,1765.393,1048576,312380,a40208c146ad1b144d5cc7f5292ac3c281403b78e3f962f55a3a410a58ccfd05,1,0
"a0395_elaeka.raw",1,0,255,0,0,1,496.511,1775.784,2680744,2680744,0,2585304,2585304,0,29268,11.697,1764.087,1048576,312380,e99f5f4565aa1d91d461fe5f20862d875773c7abd84a154f04ec914f79286175,1,0
"a0396_irvlsi.raw",1,0,255,0,0,1,488.366,1779.503,2680744,2680744,0,2585304,2585304,0,29268,11.812,1767.691,1048576,312380,ca490b826bdb87c07f186f63747397ed7c4c5c18ffa858739e548353ef793b04,1,0
"a0397_bavjyv.raw",1,2,254,0,0,1,503.029,1778.441,2680744,2680744,0,2585304,2585304,0,29268,11.669,1766.772,1048576,312380,3db4e25182dc95407018ebe57063094a1953b636eaa778d1cfba6184c65ab499,1,0
"a0398_qdxpcm.raw",1,0,255,0,0,1,512.324,1778.379,2680724,2680744,0,2585304,2585304,0,29268,11.619,1766.760,1048576,312380,28b1caf5d95f61dab78ed027f37f7557481c73331ac0ad27fb970a6453a96c06,1,0
"a0399_xbysfr.raw",1,0,255,0,0,1,540.145,1779.144,2680724,2680744,0,2585304,2585304,0,29268,11.608,1767.536,1048576,312380,948bd825dd3396d31d2c0f2a70526225d063f328683ae794ad10c8e57ed03b81,1,0
"a0400_tskj33.raw",1,0,255,0,0,1,540.036,1781.240,2680724,2680744,0,2585304,2585304,0,29268,11.642,1769.598,1048576,312380,3fdcf1d5882d3d04f15787f46ac9ccc1c614de0409d1244748ad2c67f09533d8,1,0
"a0401_zxpxkv.raw",1,0,255,0,0,1,527.686,1778.684,2680724,2680744,0,2585304,2585304,0,29268,11.679,1767.005,1048576,312380,660ebda2a650afca154adf135633d8cc72a5c9975d36a190e5dee78d0d049ff5,1,0
"a0402_bfbuwq.raw",1,0,255,0,0,1,524.039,1781.077,2680724,2680744,0,2585304,2585304,0,29268,11.637,1769.440,1048576,312380,3865bd0d3dec9a2fce862869865b3d15423eea4055ea53165b87ddee5821d5d6,1,0
"a0403_aj20fw.raw",1,0,255,0,0,1,559.402,1776.515,2680732,2680744,0,2585304,2585304,0,29268,11.622,1764.893,1048576,312380,f61fd938e60126fb75f1b6adb8e44ea80165db905250adb5bfff33e0c0c60b81,1,0
"a0404_pmyywf.raw",1,0,255,0,0,1,561.797,1779.363,2680724,2680744,0,2585304,2585304,0,29268,11.770,1767.593,1048576,312380,fd25ad18661bedf52ea57baa9006b790cdcd4c926f0792f53bee622470aa0a57,1,0
"a0405_z2vo4z.raw",1,0,255,0,0,1,569.486,1777.472,2680732,2680744,0,2585304,2585304,0,29268,11.661,1765.811,1048576,312380,a0b0547f5c20725ab3827b1b056e4c345497ee3595425d2ce85c0028adfda1a2,1,0
"a0406_dilr56.raw",1,0,255,0,0,1,559.198,1779.992,2680724,2680744,0,2585304,2585304,0,29268,11.646,1768.346,1048576,312380,49eca324b2ec9c0782ad421fa6b19975f340e93b753c69e20cac3ecc3d44e9b5,1,0
"a0407_n23xab.raw",1,0,255,0,0,1,574.746,1777.566,2680724,2680744,0,2585304,2585304,0,29268,11.703,1765.863,1048576,312380,cedf7b7a6a38ae257e5c6076ef43ad2d3c711b72a52fd5a36344665bf20c5ae9,1,0
"a0408_pnh30f.raw",1,0,255,0,0,1,676.476,1775.978,2680724,2680744,0,2585304,2585304,0,29268,11.615,1764.363,1048576,312380,8742d18bacbd272b677175f30dc8894a3292c28b963f0ba6c4664945ed9dca9a,1,0
"a0409_jz7fsx.raw",1,1,255,0,0,1,538.591,1782.202,2680724,2680744,0,2585304,2585304,0,29268,11.647,1770.555,1048576,312380,be73741b6b742afe6845e1259e7eaac7a29a147ca744f00dde8064026b222093,1,0
"a0410_eyyshb.raw",1,0,255,0,0,1,1273.342,1778.061,2680724,2680744,0,2585304,2585304,0,29268,11.566,1766.495,1048576,312380,a26feb86d1671bed0c1e68982f3a170aa66ab09a4c2b044991c5937579b9a429,1,0
"a0411_ivfjal.raw",1,0,255,0,0,1,506.601,1777.028,2680744,2680744,0,2585304,2585304,0,29268,11.641,1765.387,1048576,312380,2cbd9c9177e133c308b63ada5421f8caa17e043b6cc07525a7233a3b374089b6,1,0
"a0412_nabmfn.raw",1,0,255,0,0,1,831.617,1779.721,2680724,2680744,0,2585304,2585304,0,29268,11.655,1768.066,1048576,312380,fd2ee6108ac8d6b9a0377b079f7b3c50819550fa0511a2e662b70947dbe2673c,1,0
"a0413_gkh0aj.raw",1,0,255,0,0,1,2304.539,1779.764,2680724,2680744,0,2585304,2585304,0,29268,11.629,1768.135,1048576,312380,543338c17701536d713c9f9a70f0f61702ddd6050105325b5433f8c741400b59,1,0
"a0414_uib6fx.raw",1,0,255,0,0,1,513.313,1776.041,2680724,2680744,0,2585304,2585304,0,29268,11.654,1764.387,1048576,312380,0111ee1b5b13a52ea724b0946a732718ecf1b4ec2fd1580cd3e5e3626ee9adbe,1,0
"a0415_pmkd1b.raw",1,1,255,0,0,1,505.958,1776.071,2680724,2680744,0,2585304,2585304,0,29268,11.644,1764.427,1048576,312380,ff982d9bec914c1f4ad34daaacd1426e49668e5884135ea2782109c0fab7f855,1,0
"a0416_xleknl.raw",1,71,185,0,0,1,1345.342,1774.349,2680732,2680744,0,2585304,2585304,0,29268,11.553,1762.796,1048576,312380,1ecc31ec1b6a22d9853a3bf42799f701ba8ff867cca0c37526e64c89e9e7ffb0,1,0
"a0417_eyobc6.raw",1,2,254,0,0,1,1379.047,1778.626,2680720,2680744,0,2585304,2585304,0,29268,11.587,1767.039,1048576,312380,d85786e3c3f7ba0b9a796433fc1a8471b5a0cfc01ac32b1f6f79382839747103,1,0
"a0418_tcunvq.raw",1,44,212,0,0,1,1935.866,1778.852,2680724,2680744,0,2585304,2585304,0,29268,11.868,1766.984,1048576,312380,37c5fd42bafac4a91cb6daabb9eb2c7aa0bbeed77945c008fd554ab78cb68be9,1,0
"a0419_kiw6cu.raw",1,0,255,0,0,1,1264.319,1779.835,2680724,2680744,0,2585304,2585304,0,29268,11.743,1768.092,1048576,312380,cee1f421b4ce9c397696e53bde12095f3220e9cfa8405d183880988e7e24a259,1,0
"a0420_f5zypq.raw",1,0,255,0,0,1,526.924,1785.788,2680724,2680744,0,2585304,2585304,0,29268,11.608,1774.180,1048576,312380,b5cd4da77c501f1ff573043d770ba0753df331815715cbcc9e57123f4508c662,1,0
"a0421_btxrs5.raw",1,0,255,0,0,1,506.851,1779.464,2680744,2680744,0,2585304,2585304,0,29268,11.660,1767.804,1048576,312380,f9bc3d4bf1956f4d8a1e26c06fd4caceba86c8ae5ba1c3e618dd1112937821b4,1,0
"a0422_k7og1c.raw",1,0,255,0,0,1,544.132,1784.117,2680724,2680744,0,2585304,2585304,0,29268,11.864,1772.253,1048576,312380,ab909b66953a2bc9ecf2dbec36e1ac4d73fb2b8a575cef97313bfaf5b019d3db,1,0
"a0423_q0gp9y.raw",1,1,255,0,0,1,1678.621,1782.433,2680724,2680744,0,2585304,2585304,0,29268,11.614,1770.819,1048576,312380,35f3ea05760b36edb9bd7d18745dcc9982b29ec32e3f70a3efb40d1171748874,1,0
"a0424_iqpyaf.raw",1,0,255,0,0,1,517.670,1779.952,2680724,2680744,0,2585304,2585304,0,29268,11.615,1768.337,1048576,312380,0911a391791711cdaaff94e03295e5f5d6afa56ce20276fe8cd74070b447b476,1,0
"a0425_njco0n.raw",1,0,255,0,0,1,519.056,1778.147,2680724,2680764,0,2585304,2585304,0,29268,11.705,1766.442,1048576,312380,9945a3715ad46264752169ca81deea11d099353e9012f2a5139a0b7c3c58b791,1,0
"a0426_cxdnij.raw",1,0,255,0,0,1,530.579,1770.555,2680724,2680744,0,2585304,2585304,0,29268,11.727,1758.828,1048576,312380,100e54acebceb23ad23c8a6675ae75172a9082cd7265e062286e873dd0bd2a4e,1,0
"a0427_rag1kt.raw",1,0,255,0,0,1,2094.425,1776.003,2680728,2680744,0,2585304,2585304,0,29268,11.633,1764.370,1048576,312380,70f8cf61bbf99c7cdda78f945d973a9d998ab0d1a9918d340271edaac3674a5a,1,0
"a0428_njrrll.raw",1,0,255,0,0,1,547.958,1779.431,2680724,2680728,0,2585304,2585304,0,29268,11.665,1767.766,1048576,312380,1fb46d7e4170ee729093941a0a589db260687a8aa86462456bb750fec65889ab,1,0
"a0429_aecy13.raw",1,0,255,0,0,1,512.724,1778.037,2680744,2680744,0,2585304,2585304,0,29268,11.588,1766.449,1048576,312380,4b66b6ba067f539f44d17c82e988a29b2ebaf8c0d30f2216b1b188ccae59631f,1,0
"a0430_z635ag.raw",1,0,255,0,0,1,1275.461,1779.573,2680724,2680744,0,2585304,2585304,0,29268,11.638,1767.935,1048576,312380,04fbc064ddf801b1d8e47f2bbb274b1632a8035ad0da6f8dc9dc019d4843b274,1,0
"a0431_gkfosz.raw",1,0,255,0,0,1,1618.700,1782.544,2680724,2680744,0,2585304,2585304,0,29268,11.888,1770.656,1048576,312380,1f4579ceea9747a0c33e3f8b85afef9013332695a07018866c72e40d64f62e54,1,0
"a0432_tivk7v.raw",1,0,255,0,0,1,516.842,1773.587,2680724,2680744,0,2585304,2585304,0,29268,11.604,1761.983,1048576,312380,2518c3062d04347fae4a026a63a3723f67a3542c1ec61a4b258c7e54cff031e2,1,0
"a0433_ncbqdq.raw",1,0,255,0,0,1,533.383,1775.037,2680724,2680744,0,2585304,2585304,0,29268,11.599,1763.438,1048576,312380,de94d41f658f9eb16eb47495c956be4c7f61ed722156e536f0d385982842481e,1,0
"a0434_ep6no7.raw",1,191,65,1,0,0,1105.198,1778.928,2680724,2680744,0,2585304,2585304,0,29268,11.621,1767.307,1048576,312380,fd2d871a518bb811df4c2aa612d5660f2e40bb8b7b02a5456a1183851c4eae8e,1,0
"a0435_dpxauv.raw",1,0,255,0,0,1,492.233,1779.522,2680744,2680744,0,2585304,2585304,0,29268,11.629,1767.893,1048576,312380,bfbe29ae43000d0c5fe25883da8b3443f28cba73171f86e63c383a3246a67cd3,1,0
"a0436_pga3xo.raw",1,1,255,0,0,1,500.933,1778.671,2680744,2680744,0,2585304,2585304,0,29268,11.628,1767.043,1048576,312380,8bfe8274215bd87887ad6c9b55fbe99ce28ce6faa86ef6d79f7bfd96dcc05306,1,0
"a0437_btzm2d.raw",1,0,255,0,0,1,504.304,1778.011,2680744,2680744,0,2585304,2585304,0,29268,11.623,1766.388,1048576,312380,eb229f90f9c6c71d42449885bd19b265d86fff326d183c289fb7b1bddcdc7754,1,0
"a0438_opm3it.raw",1,0,255,0,0,1,539.101,1776.375,2680724,2680744,0,2585304,2585304,0,29268,11.676,1764.699,1048576,312380,0021fb2a18c160019dc29e6d8f2ce800b5c218d3fad5e7b52c7008ebeb2d29b1,1,0
"a0439_cd87fj.raw",1,1,255,0,0,1,515.160,1779.224,2680724,2680744,0,2585304,2585304,0,29268,11.643,1767.581,1048576,312380,ee70dc4053630b6242b740c60eabaab8e6490b015a09074a5c39a66425388192,1,0
"a0440_acyc6p.raw",1,0,255,0,0,1,529.818,1777.876,2680724,2680744,0,2585304,2585304,0,29268,11.593,1766.283,1048576,312380,22110bc28ab3e2703949ef36b7429d463086101c9f5cee244d3c7cbe67f706dc,1,0
"a0441_ytxgcy.raw",1,0,255,0,0,1,544.948,1780.631,2680724,2680744,0,2585304,2585304,0,29268,11.622,1769.009,1048576,312380,2f9e2ce9e538db89f167e8a9d2c1667780cb420cf5ac5b83264ec24522cd08d1,1,0
"a0442_xspmhr.raw",1,0,255,0,0,1,552.106,1773.152,2680724,2680744,0,2585304,2585304,0,29268,11.925,1761.227,1048576,312380,29e0a658c4f6e5b700d2874beae18ab5f3f766d8a2124e45f43e955851a6df2a,1,0
"a0443_cdcvwu.raw",1,0,255,0,0,1,515.916,1779.789,2680724,2680744,0,2585304,2585304,0,29268,11.722,1768.067,1048576,312380,07c3497f7b25cf1abdaaa59a2f5fa91ccd5490b40bdd4486c1c93fd8cbabd85e,1,0
"a0444_j6y02a.raw",1,0,255,0,0,1,623.857,1772.476,2680724,2680744,0,2585304,2585304,0,29268,11.731,1760.745,1048576,312380,2a4f654880b87943df8dccae6f4c9bf0203813bdccf749e1ba5da42e3b54b71c,1,0
"a0445_aibcf1.raw",1,0,255,0,0,1,517.442,1781.466,2680724,2680744,0,2585304,2585304,0,29268,11.569,1769.897,1048576,312380,4633c4ba52976189a50b44675312f2790755a89e591a844875463ea2dcea4436,1,0
"a0446_ciqbyy.raw",1,0,255,0,0,1,508.124,1774.750,2680744,2680744,0,2585304,2585304,0,29268,11.701,1763.049,1048576,312380,c6345fd71a2028acdde5040b7501f7b14170bfb370cf58fc762451338d3ec269,1,0
"a0447_mt29xi.raw",1,0,255,0,0,1,1870.757,1777.576,2680720,2680744,0,2585304,2585304,0,29268,11.657,1765.919,1048576,312380,052191419b88033ce1d1c8d213dd5776c0882313780afeeeea6d6719372ec6dc,1,0
"a0448_pqutrh.raw",1,0,255,0,0,1,529.318,1780.026,2680724,2680744,0,2585304,2585304,0,29268,11.583,1768.443,1048576,312380,89d8ef3bb3da03440c12308f5c17e6a80e8d3c633e2aec45ad2a8351b17036f2,1,0
"a0449_wtugor.raw",1,0,255,0,0,1,538.453,1767.454,2680724,2680744,0,2585304,2585304,0,29268,11.713,1755.741,1048576,312380,eaf6ed11e120a7d46ae71cfcb6ff88f3e8adea8a10c14ae8893ecf6a8f94f075,1,0
"a0450_us5s4a.raw",1,0,255,0,0,1,630.997,1771.489,2680724,2680744,0,2585304,2585304,0,29268,11.668,1759.821,1048576,312380,ff47bbdebb652967bb7c5d91317321349c1fa07183b31930acfc9a3c879a24a3,1,0
"a0451_jblp9q.raw",1,0,255,0,0,1,1116.191,1774.516,2680724,2680744,0,2585304,2585304,0,29268,11.876,1762.640,1048576,312380,e0f1dff2781db1246b48f3c8112b180a134770a9975f49af6832dbbd95ccfcc4,1,0
"a0452_dgfibu.raw",1,0,255,0,0,1,508.387,1780.297,2680744,2680744,0,2585304,2585304,0,29268,11.591,1768.706,1048576,312380,647fc44de2986ace32f8824c5a733828fbd0d614aa15123ef19aa7b6ab3dad61,1,0
"a0453_ssx81x.raw",1,0,255,0,0,1,548.693,1778.482,2680724,2680744,0,2585304,2585304,0,29268,11.668,1766.814,1048576,312380,865182fd3b9226365146511c355fd3a2f6f11c428e974b83a7e0d39a0bed7397,1,0
"a0454_fihwzz.raw",1,0,255,0,0,1,581.441,1776.783,2680724,2680744,0,2585304,2585304,0,29268,12.642,1764.141,1048576,312380,fe9859f81ce303029f8ec67183c7f457558c42756f4119c8e395b3ca22f98180,1,0
"a0455_f1v08x.raw",1,0,255,0,0,1,542.245,1781.087,2680724,2680744,0,2585304,2585304,0,29268,11.635,1769.452,1048576,312380,68a47616fbd07b1e55860be8c2d354d7b02ac714290903646669ffd1a88667ea,1,0
"a0456_jbbytw.raw",1,0,255,0,0,1,529.794,1778.331,2680724,2680744,0,2585304,2585304,0,29268,11.643,1766.688,1048576,312380,8d99d936942899141cfe9a33b51b93be557f1fb77461aa64dc0a5b0d6e1b16c5,1,0
"a0457_rvidg3.raw",1,0,255,0,0,1,552.364,1783.482,2680724,2680744,0,2585304,2585304,0,29268,11.547,1771.935,1048576,312380,16a9e401372f337de313b8f60a7d70888bae7ee904ec213589fb65cf2ef6b38f,1,0
"a0458_ncuapq.raw",1,0,255,0,0,1,2549.170,1780.581,2680720,2680744,0,2585304,2585304,0,29268,11.781,1768.800,1048576,312380,9424beeade5def0eff965b08fc995099157930eecd23190837d21b1c4ac55214,1,0
"a0459_n0bre1.raw",1,0,255,0,0,1,1000.130,1782.823,2680752,2680744,8,2585304,2585304,0,29268,11.675,1771.148,1048576,312380,c18102d89b027e2d9239d756a1c4996b8aee16abcbd141d149e25e42b8379b96,1,0
"a0460_vnexx0.raw",1,0,255,0,0,1,707.000,1782.556,2680724,2680744,0,2585304,2585304,0,29268,11.669,1770.887,1048576,312380,2191f31c4ad51e30112f03a3b4931adc66654a1da494783bcf1ef8129d3bf7d2,1,0
"a0461_iapxlr.raw",1,0,255,0,0,1,589.532,1779.852,2680724,2680744,0,2585304,2585304,0,29268,11.620,1768.232,1048576,312380,8739ab2e2550629a9ff454c438208681ca1df441708e7d91d2c83b9b91b29b48,1,0
"a0462_h8twiu.raw",1,0,255,0,0,1,552.686,1780.845,2680724,2680744,0,2585304,2585304,0,29268,11.683,1769.162,1048576,312380,c90f7c5cb62a9b7e859d570ba9f5a83b3c317e060f332a62fba732ad4949e802,1,0
"a0463_mhfiyh.raw",1,0,255,0,0,1,579.884,1778.258,2680724,2680744,0,2585304,2585304,0,29268,11.650,1766.608,1048576,312380,0671b41415d7cabafad7edacd48d43841b8be86793876b00492e947e3d3f3fb6,1,0
"a0464_x53o1v.raw",1,0,255,0,0,1,598.187,1779.783,2680724,2680744,0,2585304,2585304,0,29268,11.903,1767.880,1048576,312380,b0058f7bc9613959d71a6ff93d53cb22f82c4f745458ed9f928d3ae24ba26281,1,0
"a0465_ec97ce.raw",1,0,255,0,0,1,544.196,1778.812,2680724,2680744,0,2585304,2585304,0,29268,11.858,1766.954,1048576,312380,1744f224aa499f5fd0d2f731742ea3329c25fcbd4b6837d7b5792a14c3a397fb,1,0
"a0466_txwy5x.raw",1,0,255,0,0,1,663.449,1780.972,2680724,2680744,0,2585304,2585304,0,29268,11.795,1769.177,1048576,312380,b06ee4f1ff8674d125d49e4c32eacf51251f14ba8b70365bd7f2578b565c26f5,1,0
"a0467_wcwcy1.raw",1,0,255,0,0,1,619.183,1780.486,2680724,2680744,0,2585304,2585304,0,29268,11.683,1768.803,1048576,312380,ab9eee1de7b04d7f0d184d92c8ae12b295b407e177276447059620bb6b9edaf2,1,0
"a0468_bvpuar.raw",1,0,255,0,0,1,499.402,1778.535,2680744,2680744,0,2585304,2585304,0,29268,11.683,1766.852,1048576,312380,6903f811825c206dd9402e924eed48e5be7e8107a2beaa6837a1ad3e83859027,1,0
"a0469_iginmo.raw",1,1,255,0,0,1,674.103,1780.822,2680724,2680744,0,2585304,2585304,0,29268,11.802,1769.020,1048576,312380,8a179374012ec3dfb4b80aaaf22ae86c072385deff679b4c033188c1e495b830,1,0
"a0470_dgvbr5.raw",1,0,255,0,0,1,500.869,1778.062,2680744,2680744,0,2585304,2585304,0,29268,11.660,1766.402,1048576,312380,3c5f30ddd7193b0fc01d503bd75efb8dda93760811acd8d13cbd9c36c05a50e2,1,0
"a0471_tymfzy.raw",1,0,255,0,0,1,511.059,1781.145,2680724,2680744,0,2585304,2585304,0,29268,11.652,1769.493,1048576,312380,c3346dd904a10c77b8a021919630c64beedda511179f185c8ffd7a89d9ac2103,1,0
"a0472_qovckd.raw",1,0,255,0,0,1,518.890,1780.326,2680724,2680744,0,2585304,2585304,0,29268,11.578,1768.748,1048576,312380,a7dab8876048b8ac409a229002f2509e83a187160fbb89e532da2eb00d4c69c6,1,0
"a0473_t1qzgj.raw",1,0,255,0,0,1,522.062,1780.025,2680724,2680744,0,2585304,2585304,0,29268,11.709,1768.316,1048576,312380,220236267c0da126c98238a0ba245086cf92b754f2f3b259a0d68466f5d97740,1,0
"a0474_f1fjub.raw",1,0,255,0,0,1,546.307,1779.378,2680724,2680744,0,2585304,2585304,0,29268,11.643,1767.735,1048576,312380,7687d868ff0e96bc0c1a76b1d613738e016f251118043466bc9fcdc220181374,1,0
"a0475_x17tls.raw",1,0,255,0,0,1,509.188,1780.029,2680744,2680744,0,2585304,2585304,0,29268,11.652,1768.377,1048576,312380,d61c4ea088366601ed00ff7483a069d75612c326fbb5e9e0883601f2f5cfd432,1,0
"a0476_drui7y.raw",1,0,255,0,0,1,563.614,1780.124,2680724,2680744,0,2585304,2585304,0,29268,11.585,1768.539,1048576,312380,9acf2202cd44023e13c483d7b966d2a526b0fd47258d91f3cd06e424a6b53dd7,1,0
"a0477_xehlxc.raw",1,5,251,0,0,1,528.218,1781.137,2680724,2680744,0,2585304,2585304,0,29268,11.582,1769.555,1048576,312380,d7c2b2888a1f6dcccc103958971149de7569ec01a77c656c09b48e30efecbd5d,1,0
"a0478_pq1mjn.raw",1,0,255,0,0,1,562.072,1781.266,2680724,2680744,0,2585304,2585304,0,29268,11.581,1769.685,1048576,312380,6190d4071586058bdebfd7345d832f8f8ab4998e417501bac800a7eb42686f5e,1,0
"a0479_utpr3r.raw",1,0,255,0,0,1,604.233,1781.634,2680724,2680744,0,2585304,2585304,0,29268,11.598,1770.036,1048576,312380,3cbcf9e24cde08c25e21227e4c6bafecbcd0ad7fb487ef87c8eddcf0a50c56c3,1,0
"a0480_nluqsp.raw",1,1,255,0,0,1,526.381,1780.568,2680724,2680744,0,2585304,2585304,0,29268,11.963,1768.605,1048576,312380,15ad49e3d5caa8518656fb300debacc9eb5637bb6981b797225415322ffc5773,1,0
"a0481_d6enwf.raw",1,0,255,0,0,1,515.569,1781.857,2680724,2680744,0,2585304,2585304,0,29268,11.659,1770.198,1048576,312380,31e81a8438586aa54475ae2a111da8122a23dd703728bdd4f1891060476cf7dc,1,0
"a0482_ilzi6s.raw",1,0,255,0,0,1,545.249,1780.148,2680724,2680744,0,2585304,2585304,0,29268,11.589,1768.559,1048576,312380,e3b46400590a47601749ae3b21534a1a2a9ca8de20215015adc057c0902a3523,1,0
"a0483_y7mohq.raw",1,0,255,0,0,1,567.193,1781.089,2680724,2680744,0,2585304,2585304,0,29268,11.636,1769.453,1048576,312380,824eb0134c1688032ed7f4f996e1ebc0fb49b40af28a695f1f1e806e5906e2cd,1,0
"a0484_ef6jfj.raw",1,0,255,0,0,1,644.878,1783.004,2680724,2680744,0,2585304,2585304,0,29268,11.716,1771.288,1048576,312380,25a93e45a4fa82d57cef65d1623621789b83f18c569b5915b2be4ba25f1adb45,1,0
"a0485_i4zqb5.raw",1,0,255,0,0,1,570.235,1778.218,2680724,2680744,0,2585304,2585304,0,29268,11.658,1766.560,1048576,312380,f5fd920420c8a1a856872ad100d7d5684857a4c0ffe9798cd2949c2800b93ab7,1,0
"a0486_y3nchs.raw",1,0,255,0,0,1,514.277,1779.089,2680724,2680744,0,2585304,2585304,0,29268,11.656,1767.433,1048576,312380,b70923b29039d43ae826117378b34f1c77dab47860eaa0d311b7d036ae38fa99,1,0
"a0487_rsqfdb.raw",1,0,255,0,0,1,523.558,1780.714,2680724,2680744,0,2585304,2585304,0,29268,11.653,1769.061,1048576,312380,d1e823f7be596e9d0dd7a5817d93ec9fa7f20f7b2ed5500dcbee3ed2c21969d4,1,0
"a0488_cmhvem.raw",1,0,255,0,0,1,532.422,1775.634,2680724,2680744,0,2585304,2585304,0,29268,11.648,1763.986,1048576,312380,7a2eb97d71ee7f0a8593359958d8d2ccbe1a0555a1179e3098ffb0ced8efc0cf,1,0
"a0489_qjhusp.raw",1,0,255,0,0,1,501.621,1771.765,2680744,2680744,0,2585304,2585304,0,29268,11.948,1759.817,1048576,312380,8d6f4c21cce4eb079802874b56bb13433bdf7f1f7e7377ca21cd56f9c70cdfd6,1,0
"a0490_rrkrzr.raw",1,0,255,0,0,1,530.300,1782.423,2680724,2680744,0,2585304,2585304,0,29268,11.921,1770.502,1048576,312380,6b05a623b690ebaa4d5683d784fe51b0c1bdc982a3c6f85e1bcf1faef7168338,1,0
"a0491_mdyrqw.raw",1,0,255,0,0,1,494.593,1781.659,2680744,2680744,0,2585304,2585304,0,29268,11.743,1769.916,1048576,312380,c5c4fcd61a8e6a9b28b10fb47590b81879de414dd8380adc778401c1b074c487,1,0
"a0492_odjwal.raw",1,0,255,0,0,1,508.427,1778.079,2680724,2680744,0,2585304,2585304,0,29268,11.712,1766.367,1048576,312380,8e49bcf4b42635e07c5630af1b532b9ccaae15000ef74622212a52dcc23962a8,1,0
"a0493_qlzfzy.raw",1,0,255,0,0,1,524.240,1777.184,2680724,2680744,0,2585304,2585304,0,29268,11.670,1765.514,1048576,312380,805ae572432ec883f7c87a8084cd430f4afe458c59a34bfd6f170d88f7a3753f,1,0
"a0494_itdnei.raw",1,0,255,0,0,1,490.795,1780.151,2680744,2680744,0,2585304,2585304,0,29268,11.770,1768.381,1048576,312380,9bd4eb5415c9ab60c69c6a777d3cc124ee8f285efffa2e706a43a18b56f48f73,1,0
"a0495_yv6xrp.raw",1,0,255,0,0,1,549.459,1780.770,2680724,2680744,0,2585304,2585304,0,29268,11.673,1769.097,1048576,312380,1e11be90d0b95f57ef9d3a324e4a4fa8441ac5801a43a1a346aa23ed13179011,1,0
"a0496_ajmtaz.raw",1,0,255,0,0,1,589.779,1779.781,2680724,2680744,0,2585304,2585304,0,29268,11.596,1768.185,1048576,312380,42f75e514248665a5241c9864a7d92024a1aa53ad2649f467eb662dc37b2fa99,1,0
"a0497_ddab9f.raw",1,0,255,0,0,1,533.533,1777.696,2680724,2680744,0,2585304,2585304,0,29268,11.746,1765.950,1048576,312380,cbf72dc46a328362aaa22f74065290412cec5b01b6dbf65b8305fc9ed7d820c0,1,0
"a0498_we22f9.raw",1,1,255,0,0,1,539.068,1780.784,2680724,2680744,0,2585304,2585304,0,29268,11.654,1769.130,1048576,312380,e9732e61866d77624b91e14789bbecee83bce6d949471190aa90e142bcee6342,1,0
"a0499_rwv63j.raw",1,0,255,0,0,1,1247.340,1776.659,2680744,2680744,0,2585304,2585304,0,29268,12.365,1764.294,1048576,312380,fd71d26171379666540d8c530cdd262f891caf8e268aef923035528870a8af47,1,0
"a0500_wnfhhn.raw",1,1,255,0,0,1,831.328,1778.577,2680724,2680744,0,2585304,2585304,0,29268,11.573,1767.004,1048576,312380,409099f3fd4bf1f4f0754cfb240a5bd5eb5c1d8629c5733e5f529085b5f64820,1,0
"a0501_vdeng8.raw",1,0,255,0,0,1,661.609,1782.162,2680724,2680744,0,2585304,2585304,0,29268,11.556,1770.606,1048576,312380,e3a87c26795b9582c3e6507dcffcaed6452ba4aee87c6d9d70ccc1299c99004c,1,0
"a0502_l1nrsi.raw",1,0,255,0,0,1,614.832,1778.247,2680724,2680744,0,2585304,2585304,0,29268,11.578,1766.669,1048576,312380,c189ccd452927b0bfecbeceea192f73658f29db44d05228653d4c41624848852,1,0
"a0503_yciwk7.raw",1,0,255,0,0,1,562.329,1780.182,2680724,2680744,0,2585304,2585304,0,29268,12.629,1767.553,1048576,312380,cb85cfc47e6012c3ba0874d42869858657e582997b181824e343acffc292b5fa,1,0
"a0504_t5yaii.raw",1,0,255,0,0,1,586.954,1781.152,2680724,2680744,0,2585304,2585304,0,29268,11.554,1769.598,1048576,312380,ef00ca82062f3d550aa81fb3a2e107c94d7efdbfa913c226d7ec0159c7d45ccc,1,0
"a0505_ntf7d7.raw",1,0,255,0,0,1,552.417,1781.599,2680724,2680744,0,2585304,2585304,0,29268,11.873,1769.726,1048576,312380,4654eed535d4142df5af4dcfec476551e2c5a11064f5353d941b8cca8b0589f6,1,0
"a0506_lvoq8i.raw",1,1,255,0,0,1,647.205,1778.694,2680724,2680744,0,2585304,2585304,0,29268,11.622,1767.072,1048576,312380,08a6fb7c71ddc35c15238ca675b396b95dd81ef8f018e385f5713fffb64a31bd,1,0
"a0507_wxvyq0.raw",1,0,255,0,0,1,732.072,1777.784,2680724,2680744,0,2585304,2585304,0,29268,11.683,1766.101,1048576,312380,420b47ae46de24c8825125cf43faa433c16d240b74cfecc98748cfadaec15d4d,1,0
"a0508_hhrsyn.raw",1,0,255,0,0,1,1353.927,1778.228,2680724,2680744,0,2585304,2585304,0,29268,11.802,1766.426,1048576,312380,014c384356189a1aeeadb997a5f600b72fb952899b6089cb2e1f4dc3b8bb4465,1,0
"a0509_dcjswu.raw",1,0,255,0,0,1,1959.666,1778.674,2680724,2680744,0,2585304,2585304,0,29268,11.558,1767.116,1048576,312380,3aa1b74ee99b796231301fab763fb894b7ab0f74781a8f0e9bc8bea360e85e12,1,0
"a0510_cmenkd.raw",1,24,232,0,0,1,990.617,1780.639,2680744,2680744,0,2585304,2585304,0,29268,11.638,1769.001,1048576,312380,c3e852bb0687ce9e4a43b99d36b6b3f2a0e6cc2a75b3b98965c4995939ec8a27,1,0
"a0511_scur8z.raw",1,0,255,0,0,1,1030.967,1779.881,2680732,2680744,0,2585304,2585304,0,29268,11.604,1768.277,1048576,312380,97eecef8bf68ec3e532116a09b2ce4ecec0f408866efb8a2269a003fdafbe53e,1,0
"a0512_w9c2sj.raw",1,0,255,0,0,1,819.694,1775.166,2680724,2680744,0,2585304,2585304,0,29268,11.642,1763.524,1048576,312380,d1f0fe1197e83a86bbe9236289f00e37dd6411de252d030453483b12aa335159,1,0
"a0513_xqp4r5.raw",1,0,255,0,0,1,693.016,1778.941,2680724,2680744,0,2585304,2585304,0,29268,11.590,1767.351,1048576,312380,03033e0a7ab9a75f772b9e7ac5f8d31e3ce0f8f0e9958fe9ab1dd8e6fb3e2ec7,1,0
"a0514_sbdvnj.raw",1,0,255,0,0,1,1055.828,1777.287,2680724,2680744,0,2585304,2585304,0,29268,11.682,1765.605,1048576,312380,48a603dabc93b0ced16f606dd98b675f44c8048342a92aab2fc8105319d2651b,1,0
"a0515_as3vgi.raw",1,4,252,0,0,1,835.765,1771.603,2680724,2680744,0,2585304,2585304,0,29268,11.596,1760.007,1048576,312380,97aa44c346c5b64d1fd748d2a2b65e2c0f717ad2d7145ba72d0526eecb811e9a,1,0
"a0516_nck4nk.raw",1,0,255,0,0,1,676.443,1769.046,2680724,2680744,0,2585304,2585304,0,29268,12.786,1756.260,1048576,312380,681600caf154312ca1e3884be49ca4940f3b0f79a90fb2caa7cc9716c2f57fa6,1,0
"a0517_wdvfet.raw",1,0,255,0,0,1,702.693,1762.040,2680724,2680744,0,2585304,2585304,0,29268,11.655,1750.385,1048576,312380,ee42d8fab9d8240b05c63d7534b45f1057c64cbe3df3db9272c1d38fc2b552af,1,0
"a0518_axs6q3.raw",1,0,255,0,0,1,620.639,1773.519,2680724,2680744,0,2585304,2585304,0,29268,11.633,1761.886,1048576,312380,13b62f7cca398b3377a51dbb9bd9081d23b90eece3138d8dd101227a6c6d64ac,1,0
"a0519_mne2yx.raw",1,0,255,0,0,1,623.898,1776.137,2680724,2680744,0,2585304,2585304,0,29268,12.166,1763.971,1048576,312380,21c1c90616cfe3ef84133c72086963930cdd9e78d8789a76856e788e71167b20,1,0
"a0520_xnp6dj.raw",1,0,255,0,0,1,568.744,1783.195,2680732,2680744,0,2585304,2585304,0,29268,11.722,1771.473,1048576,312380,8d107f4a146cfec74049e9ca336a25bdfcb13fe6cef1420cf18147446ff509c6,1,0
"a0521_hnvoqg.raw",1,0,255,0,0,1,588.430,1781.593,2680724,2680744,0,2585304,2585304,0,29268,11.653,1769.940,1048576,312380,7327776ca8309e5b2d0cd9c74ea50154a1954724623a3af8e077dfcdf3074c9f,1,0
"a0522_ksetdo.raw",1,0,255,0,0,1,662.629,1783.022,2680724,2680744,0,2585304,2585304,0,29268,11.628,1771.394,1048576,312380,97704f3de60453291be7b7bf6ab52a7d29535ff17b9294fab9898f2ad0befe95,1,0
"a0523_fzkjoj.raw",1,0,255,0,0,1,638.706,1778.798,2680724,2680744,0,2585304,2585304,0,29268,12.830,1765.968,1048576,312380,9b2d23641761dc5bccca2734e0a1829ec9cd4c8f71890cf75b276739939ab5cb,1,0
"a0524_ctltpm.raw",1,0,255,0,0,1,801.048,1768.447,2680720,2680744,0,2585304,2585304,0,29268,11.649,1756.798,1048576,312380,110d6974f351d36eab52bf5774b289769d6837916ec67db90150497310263527,1,0
"a0525_fquagl.raw",1,0,255,0,0,1,613.899,1761.600,2680724,2680744,0,2585304,2585304,0,29268,11.632,1749.968,1048576,312380,11129b48422c71c39f3faac5ab6e2811afa35ff4f54e96499ff9813b93724c4a,1,0
"a0526_w6ivtw.raw",1,0,255,0,0,1,554.791,1769.964,2680724,2680744,0,2585304,2585304,0,29268,11.755,1758.209,1048576,312380,14d5c86148ac0fc5e599f6232e936d6b7b704c00c52c17987e5130a835783fc8,1,0
"a0527_sqlxhv.raw",1,0,255,0,0,1,548.697,1779.577,2680724,2680744,0,2585304,2585304,0,29268,12.471,1767.106,1048576,312380,12d029dcceb5267af9dfd2fb4fe8b69beec682a4656a55ec2c0c97168241d815,1,0
"a0528_bt4vm3.raw",1,0,255,0,0,1,528.343,1764.093,2680724,2680744,0,2585304,2585304,0,29268,11.782,1752.311,1048576,312380,ec6f8e1337177567332ccf520669a6046012c8644ce3b7fc50538cce30e911de,1,0
"a0529_rrgdnq.raw",1,0,255,0,0,1,532.191,1767.933,2680724,2680744,0,2585304,2585304,0,29268,11.730,1756.203,1048576,312380,9de3ca993917b718eae53d9eb319b9180812d6fda9bfba639b654c14a2cb1ba1,1,0
"a0530_s0ul7h.raw",1,0,255,0,0,1,520.862,1775.671,2680724,2680744,0,2585304,2585304,0,29268,11.587,1764.084,1048576,312380,f72069039e81945e98a49941e684741944c721063f8b0ba9c698e65d54e0533f,1,0
"a0531_jh6xfy.raw",1,0,255,0,0,1,528.096,1770.403,2680724,2680744,0,2585304,2585304,0,29268,11.541,1758.862,1048576,312380,532e0818dcc0eb89b2e897b6088d70dc6842aa72a3e0c22d2308ac183ca16154,1,0
"a0532_hq1ucu.raw",1,0,255,0,0,1,500.589,1781.135,2680744,2680744,0,2585304,2585304,0,29268,12.780,1768.355,1048576,312380,9a4574dc0e4ddd4971f0efb99e67395c690e1bbef3de21d40a93552a06b1a6c8,1,0
"a0533_cw1dlm.raw",1,0,255,0,0,1,496.164,1777.194,2680744,2680764,0,2585304,2585304,0,29268,11.666,1765.528,1048576,312380,cffa043fc2a02ae56f19859d7463be02127e4e0195e66e8a92719aec068cb400,1,0
"a0534_ra8j3s.raw",1,0,255,0,0,1,781.714,1782.307,2680724,2680744,0,2585304,2585304,0,29268,11.662,1770.645,1048576,312380,f06035c66afa928648b54ab69efe683d98e4af8a3220613f6e576f6f121ccb5c,1,0
"a0535_spf3f7.raw",1,0,255,0,0,1,835.727,1780.357,2680724,2680744,0,2585304,2585304,0,29268,11.624,1768.733,1048576,312380,039c94b7bebf0cea3cead5da0f82379165a7e16126a6039f815efcbbcc10cdef,1,0
"a0536_mkjxcx.raw",1,0,255,0,0,1,926.399,1776.541,2680724,2680744,0,2585304,2585304,0,29268,11.656,1764.885,1048576,312380,1477c37cbe49e0f03bda65d414b4fb843f3dff5c11a3122139c5c8f234b6a6d2,1,0
"a0537_l1h8tc.raw",1,0,255,0,0,1,950.160,1780.723,2680724,2680744,0,2585304,2585304,0,29268,11.672,1769.051,1048576,312380,bf730bffbc2fa033812c2d1b41877917b201f1fb191286418eb768a5cd2e0d09,1,0
"a0538_adfb5b.raw",1,0,255,0,0,1,1018.357,1781.473,2680724,2680744,0,2585304,2585304,0,29268,11.632,1769.841,1048576,312380,74fb65d180f8a43febe4e49b5b3395b5fa0de86b7813ce26e484f963cac0b607,1,0
"a0539_a1vvau.raw",1,0,255,0,0,1,894.683,1781.140,2680724,2680744,0,2585304,2585304,0,29268,11.736,1769.404,1048576,312380,4ffecf1cb4c8edf4e84804d0bb0d97963439888cec1cc07c09f77a8807478541,1,0
"a0540_wwrhlt.raw",1,0,255,0,0,1,906.355,1775.296,2680724,2680744,0,2585304,2585304,0,29268,11.685,1763.611,1048576,312380,d9ea18c98a4d45bc78f07a13b867900f90d8a80d0b7e2742121b5bff343fe423,1,0
"a0541_rasb78.raw",1,0,255,0,0,1,940.574,1777.229,2680752,2680764,0,2585304,2585304,0,29268,11.729,1765.500,1048576,312380,0f22922ba58bd7ab9b9c5b8f072fa363b92397c4e71c54f7f66a1a13498aeafb,1,0
"a0542_wu5des.raw",1,0,255,0,0,1,929.687,1781.287,2680708,2680728,0,2585304,2585304,0,29268,11.730,1769.557,1048576,312380,ee7d75633ec7cd24f128bccebe014bda791016b9e698fee926b23bd16fe336f8,1,0
"a0543_fojjsl.raw",1,0,255,0,0,1,616.284,1779.978,2680724,2680744,0,2585304,2585304,0,29268,11.687,1768.291,1048576,312380,3268e012d9f1490e1840f9bf7010f200b7b7c9bde7b8b0d4de88892ec5d0ffbc,1,0
"a0544_d9bjli.raw",1,0,255,0,0,1,676.934,1782.149,2680724,2680744,0,2585304,2585304,0,29268,12.500,1769.649,1048576,312380,42085c364ea94f1cd6dfcd3b665fb9cfea081cd65e8297885649d15521c029d0,1,0
"a0545_j6zdji.raw",1,0,255,0,0,1,602.810,1781.931,2680724,2680744,0,2585304,2585304,0,29268,11.750,1770.181,1048576,312380,2b14dd2c2bb884e0d22475d18707c2aab042e3288224846213b4364c4f29be51,1,0
"a0546_yxoqjg.raw",1,0,255,0,0,1,548.236,1781.372,2680724,2680744,0,2585304,2585304,0,29268,11.907,1769.465,1048576,312380,36bb0f4ba42107db65913f2733129032b1452915a95806a3c2d591e95c3ca11a,1,0
"a0547_pinzq9.raw",1,0,255,0,0,1,1092.633,1780.663,2680724,2680744,0,2585304,2585304,0,29268,11.700,1768.963,1048576,312380,40094ffb0e0e648c78f07a21d450dd8f9cc437ae252959d357e0811bf569d438,1,0
"a0548_ena0nh.raw",1,0,255,0,0,1,571.574,1780.240,2680724,2680744,0,2585304,2585304,0,29268,11.657,1768.583,1048576,312380,bed53b6793a640dd571eac5cb81d7cc5ddfe5e8f84e2f9e20a350242e22e77a5,1,0
"a0549_ff63qe.raw",1,0,255,0,0,1,565.623,1777.524,2680724,2680764,0,2585304,2585304,0,29268,11.791,1765.733,1048576,312380,071b9e8335010b1d99495d0ed508ac4af7426458b3bc628e148787e4eb70fe62,1,0
"a0550_pozqkn.raw",1,0,255,0,0,1,504.622,1781.135,2680736,2680744,0,2585304,2585304,0,29268,11.683,1769.452,1048576,312380,35f034fe7fa63a09788095b21654ef1730cf478cf2e91acb6cccea019d52892b,1,0
"a0551_as5jnv.raw",1,0,255,0,0,1,563.452,1779.479,2680724,2680744,0,2585304,2585304,0,29268,11.735,1767.744,1048576,312380,e89fe73f059daf8a8c1dae3f86c7b5859382a76d173859bf057caca35586f05e,1,0
"a0552_gbhlm9.raw",1,0,255,0,0,1,530.149,1782.782,2680724,2680744,0,2585304,2585304,0,29268,11.803,1770.979,1048576,312380,a4decb55a162901859f1716b09af7e21171a47dd4c72c9a2bd629e9f087e354f,1,0
"a0553_evgaab.raw",1,0,255,0,0,1,483.358,1779.136,2680724,2680744,0,2585304,2585304,0,29268,11.742,1767.394,1048576,312380,940a71463c8e1442bb07163091cb333125a8e344124849af518b0b60ddc774a5,1,0
"a0554_vtqnds.raw",1,0,255,0,0,1,509.993,1777.374,2680724,2680744,0,2585304,2585304,0,29268,11.674,1765.700,1048576,312380,e640ce8f26f752bf0b81036b9f9491db692b80e0ca734ee45f311b140b4d3029,1,0
"a0555_qwz43p.raw",1,0,255,0,0,1,532.011,1780.100,2680724,2680744,0,2585304,2585304,0,29268,11.692,1768.408,1048576,312380,9bc04a269f056641e0718050cb59a4b763dd2cf7aa3393f0442d2de6858e8aba,1,0
"a0556_gc3ou5.raw",1,0,255,0,0,1,509.332,1779.410,2680744,2680744,0,2585304,2585304,0,29268,11.599,1767.811,1048576,312380,87b85a1d8eb3cd94a38d586f3f440e334da70ac7091862f7f20a823592e91eb3,1,0
"a0557_oxwjci.raw",1,1,255,0,0,1,838.570,1781.072,2680724,2680744,0,2585304,2585304,0,29268,11.663,1769.409,1048576,312380,d634f137a9240cb0982c8f9c11fc5c941e4ff8474ff415283c115bb2340fb843,1,0
"a0558_ci3fht.raw",1,26,230,0,0,1,558.088,1781.844,2680724,2680764,0,2585304,2585304,0,29268,11.751,1770.093,1048576,312380,fed7ee11134a6850f78cd8571991840725366b80fd944df6028b8c50236a2ba9,1,0
"a0559_kpcy4e.raw",1,3,253,0,0,1,688.029,1778.578,2680708,2680744,0,2585304,2585304,0,29268,11.658,1766.920,1048576,312380,fb36557066bb0b8e90af4872cb82015925415e275d9c9d4376a86950ed04cb73,1,0
"a0560_y7shea.raw",1,0,255,0,0,1,531.543,1778.320,2680724,2680744,0,2585304,2585304,0,29268,11.656,1766.664,1048576,312380,231eea77c76d0fdf40d231aa57bfccb14cb6c5dd705ab37fbd6f8a958761570d,1,0
"a0561_q5euyp.raw",1,0,255,0,0,1,569.278,1780.373,2680724,2680744,0,2585304,2585304,0,29268,11.921,1768.452,1048576,312380,e521f1be2e9cd3f74f6b379de93b060d06dc476dc9fc058f1296ceaec89c3d0c,1,0
"a0562_jvyukt.raw",1,0,255,0,0,1,484.744,1781.623,2680724,2680744,0,2585304,2585304,0,29268,11.752,1769.871,1048576,312380,8a211dbc9b2ab86862918e16bdf9a21ea584cfc84ac521e0a394b1bb52330b29,1,0
"a0563_x59wk4.raw",1,0,255,0,0,1,698.518,1783.361,2680724,2680744,0,2585304,2585304,0,29268,12.568,1770.793,1048576,312380,ee84eecb584cea925f959cf9864c0d9d4232996e5728bc7773b983b5532d98ee,1,0
"a0564_x5albw.raw",1,0,255,0,0,1,495.380,1782.582,2680744,2680744,0,2585304,2585304,0,29268,11.767,1770.815,1048576,312380,ca28b3d3742ec4f1d9034d9b9a987ccb098b1f9ce66502f5ac86d26d438328c6,1,0
"a0565_q7vh5u.raw",1,0,255,0,0,1,642.695,1783.970,2680724,2680744,0,2585304,2585304,0,29268,12.830,1771.140,1048576,312380,480645b1b3bf80a993bb6cfcf3bf693b446357ac95a277eb5288a6a1ccab52d1,1,0
"a0566_tkqf1u.raw",1,0,255,0,0,1,542.688,1778.338,2680724,2680744,0,2585304,2585304,0,29268,11.665,1766.673,1048576,312380,9380a809b4998b7af11c6819233ab00f57dcfe31b5856b4c34f6fe79da7ed148,1,0
"a0567_jaeh7l.raw",1,0,255,0,0,1,538.246,1780.078,2680724,2680764,0,2585304,2585304,0,29268,11.620,1768.458,1048576,312380,05e493c735d47e2aa3f1c1d5d40891232c748cadb6fe189122dccbac4c0d831e,1,0
"a0568_pn3hjm.raw",1,0,255,0,0,1,630.644,1779.012,2680708,2680744,0,2585304,2585304,0,29268,11.686,1767.326,1048576,312380,bd53945d77c359d838c128a0e1884cb728dcf0f73bddacfea5bbf94061f6dc06,1,0
"a0569_sb3kjv.raw",1,0,255,0,0,1,516.712,1778.107,2680724,2680744,0,2585304,2585304,0,29268,11.625,1766.482,1048576,312380,c717c2f0cdbe5d668370423f787a11e5738ce15de3cc40274059f24d34e226c4,1,0
"a0570_bhndyp.raw",1,0,255,0,0,1,535.926,1777.795,2680724,2680744,0,2585304,2585304,0,29268,11.685,1766.110,1048576,312380,88bdebb8e49040b8fe7b376184ef28f3973c6f3209c436a454aa1d04fd622356,1,0
"a0571_uugbnx.raw",1,0,255,0,0,1,526.323,1779.205,2680724,2680744,0,2585304,2585304,0,29268,11.734,1767.471,1048576,312380,a9c072cbc3277d3de05894f9a26da2232e36c78dcd58da94dbc7a0fa551c398e,1,0
"a0572_vow98l.raw",1,0,255,0,0,1,665.544,1783.032,2680724,2680744,0,2585304,2585304,0,29268,11.721,1771.311,1048576,312380,926b0bf974fe849cf64d22838f2acf19075ea5ad37dcbc144dab5721eb7cd5c2,1,0
"a0573_kl4vin.raw",1,0,255,0,0,1,568.450,1778.918,2680724,2680744,0,2585304,2585304,0,29268,11.622,1767.296,1048576,312380,1c8241d56f06c635e0b449e17942d73c2ee81cae66f05c56552121ecbec25fae,1,0
"a0574_mdbjbm.raw",1,0,255,0,0,1,522.721,1778.361,2680724,2680744,0,2585304,2585304,0,29268,11.652,1766.709,1048576,312380,b586063dd9853a1ff3244c8ae71d4dc11bdd1226d1620cd7d3cb3f9bc0ba160d,1,0
"a0575_onpbfw.raw",1,0,255,0,0,1,528.292,1781.164,2680724,2680744,0,2585304,2585304,0,29268,11.606,1769.558,1048576,312380,87b75d0a5ee46df5686d24ebebdc0b0868803d2b2743224a1a7d86d33c5c22e7,1,0
"a0576_vyfcxa.raw",1,0,255,0,0,1,531.828,1779.502,2680724,2680764,0,2585304,2585304,0,29268,11.681,1767.821,1048576,312380,abd29e4756d337f67523d08937b79a1ee07c0af0eda26c45769c91af17e9f074,1,0
"a0577_y0qkbo.raw",1,0,255,0,0,1,527.372,1781.310,2680724,2680744,0,2585304,2585304,0,29268,11.678,1769.632,1048576,312380,c8dd58c6c818fc85bc7c6228fec55bf089a0f640d74ad996d2a897787c132b23,1,0
"a0578_oeih0e.raw",1,0,255,0,0,1,572.845,1783.056,2680724,2680744,0,2585304,2585304,0,29268,11.821,1771.235,1048576,312380,f8f51424ecb8db6c09fcefd5c527b638fff9c2ac5ade378bef730781b27c6bbe,1,0
"a0579_utchud.raw",1,0,255,0,0,1,521.825,1782.420,2680724,2680744,0,2585304,2585304,0,29268,11.832,1770.588,1048576,312380,8ac99365d81fe91571397d2fe7c62f6e34805a844d53dafe59096da279b0d3cd,1,0
"a0580_zzlxop.raw",1,0,255,0,0,1,523.371,1782.364,2680724,2680744,0,2585304,2585304,0,29268,11.853,1770.511,1048576,312380,7595ea09db6fd75de9a23060dc6307a59948127c86cc6666db74eac48ef91378,1,0
"a0581_we2iix.raw",1,0,255,0,0,1,647.045,1782.869,2680724,2680744,0,2585304,2585304,0,29268,12.534,1770.335,1048576,312380,7c08b7bf636924bbd6b0f3832906595f5feb2fa0ac4b9955e2beae907b58093f,1,0
"a0582_boixmz.raw",1,0,255,0,0,1,776.844,1782.314,2680724,2680744,0,2585304,2585304,0,29268,12.834,1769.480,1048576,312380,d370afae6b89ec5ba4a84516a17a2edb8ace1605f3f938e12b0072238c2f7d77,1,0
"a0583_bpxanm.raw",1,6,250,0,0,1,532.853,1779.100,2680724,2680744,0,2585304,2585304,0,29268,11.718,1767.382,1048576,312380,b8fa361d97d6dedf4472eedff4717c77eafd5eeda82793076fbaf18a8058c182,1,0
"a0584_gprpij.raw",1,0,255,0,0,1,553.885,1786.177,2680724,2680744,0,2585304,2585304,0,29268,12.129,1774.048,1048576,312380,be4c597d84697a8be67993802134973d7194c93685784afb8f35a18eafa78956,1,0
"a0585_hrd0bx.raw",1,0,255,0,0,1,491.849,1780.491,2680744,2680764,0,2585304,2585304,0,29268,11.700,1768.791,1048576,312380,93615114567ee83e31bb34a09894af34ab86012ed41d03d8d373b9d41f035b49,1,0
"a0586_uzznzm.raw",1,0,255,0,0,1,517.097,1780.874,2680724,2680744,0,2585304,2585304,0,29268,11.695,1769.179,1048576,312380,24bd8bbf000a9442db4fd76e3844e2769855abba5fec614f0537ea0bc8f4d093,1,0
"a0587_xo8y8t.raw",1,0,255,0,0,1,494.977,1779.482,2680752,2680744,8,2585304,2585304,0,29268,11.668,1767.814,1048576,312380,7b56cf45d2ec35ca638b8f29cc1e0a11e754fefb097bcb062b3d57845b57dafa,1,0
"a0588_oaqs1s.raw",1,0,255,0,0,1,559.819,1781.400,2680724,2680744,0,2585304,2585304,0,29268,11.750,1769.650,1048576,312380,cc4f49ad4fde4d705a59ff9cea47de4f8b49f33892615538d2a0f600a410e2b4,1,0
"a0589_tnyzqy.raw",1,0,255,0,0,1,520.132,1781.718,2680724,2680744,0,2585304,2585304,0,29268,11.755,1769.963,1048576,312380,4b407e4c992ba3b4422f2b5a8276326b6094ac380cfaba1642addbd1b44b920f,1,0
"a0590_i2xg5w.raw",1,0,255,0,0,1,491.491,1782.238,2680744,2680744,0,2585304,2585304,0,29268,11.702,1770.536,1048576,312380,27c4c20447fa40efb3397b3c373584e5a13a7228115ce485e9df9f1fb1eb98b6,1,0
"a0591_juna3x.raw",1,0,255,0,0,1,516.424,1781.424,2680724,2680744,0,2585304,2585304,0,29268,11.699,1769.725,1048576,312380,eb56b481a5001ae015483799ca2f5f25530dc6af5f83c800d23c10737cbae6a3,1,0
"a0592_bpzfci.raw",1,0,255,0,0,1,537.707,1781.557,2680724,2680744,0,2585304,2585304,0,29268,11.715,1769.842,1048576,312380,1acf65a526d55c7d1546cc799cf6ed98666947e6d65f48710eceacf63dc93a12,1,0
"a0593_yyvxqe.raw",1,0,255,0,0,1,490.129,1781.807,2680744,2680744,0,2585304,2585304,0,29268,11.659,1770.148,1048576,312380,6fdf193d7926f66f5f7b4033926930806d2bfbbfbfbe2e877c811f307f257cd8,1,0
"a0594_abccov.raw",1,0,255,0,0,1,543.265,1783.265,2680724,2680764,0,2585304,2585304,0,29268,11.667,1771.598,1048576,312380,ef7b2c333ebf151a547982a833ae4dc21e5effbabfe24f281312ec95ec1280fb,1,0
"a0595_ywpxll.raw",1,0,255,0,0,1,816.690,1781.676,2680732,2680744,0,2585304,2585304,0,29268,11.648,1770.028,1048576,312380,4aac0b4c11faee42c9d4c2f021d7ae1d843024f34b635d48e4210713811eac9e,1,0
"a0596_n0zlvg.raw",1,0,255,0,0,1,510.563,1779.830,2680744,2680744,0,2585304,2585304,0,29268,11.660,1768.170,1048576,312380,94a3e7e08cfb7bdc2d29ead5bda518d427a42e6d80be2166897401aa05f6591d,1,0
"a0597_z1wxys.raw",1,1,255,0,0,1,499.449,1782.531,2680744,2680744,0,2585304,2585304,0,29268,12.055,1770.476,1048576,312380,a515c574dbd643fa0aa602accb40025ae9b37eb754af6eceebee960310b8b3e7,1,0
"a0598_yymfbg.raw",1,0,255,0,0,1,490.609,1781.884,2680744,2680744,0,2585304,2585304,0,29268,11.698,1770.186,1048576,312380,d92c3375ba92dfaf02d4773fd0d4a74715e6dea8966112aefc5440bec84f2e7a,1,0
"a0599_f1rqmp.raw",1,2,254,0,0,1,562.547,1781.649,2680724,2680744,0,2585304,2585304,0,29268,12.488,1769.161,1048576,312380,e060b977b85c34c4776848b5a165b3c9abfaad36494dad56a2f936e1dae02daf,1,0
"a0600_p7xv1u.raw",1,0,255,0,0,1,964.144,1779.440,2680724,2680744,0,2585304,2585304,0,29268,11.697,1767.743,1048576,312380,94db33e1bf21b9ed9b938dafe7843db9f5c09be4df60675d5ae375d7a25e1bf4,1,0
"a0601_jompz5.raw",1,0,255,0,0,1,542.524,1778.649,2680724,2680744,0,2585304,2585304,0,29268,11.750,1766.899,1048576,312380,d23d0b171d0b461428aa1a578d7dac4bcddf762f11a0e4490e4963b8eb0c4517,1,0
"a0602_eu5616.raw",1,0,255,0,0,1,650.404,1778.499,2680724,2680744,0,2585304,2585304,0,29268,11.738,1766.761,1048576,312380,ed901b6a52ff094fe6797446a49d075010ae2439854fe7301469d9b18ad07095,1,0
"a0603_iacu7h.raw",1,0,255,0,0,1,482.637,1777.019,2680752,2680764,0,2585304,2585304,0,29268,11.723,1765.296,1048576,312380,b6cdab38b73b767ef909eb2dabe790a0a01b39331f9339b7c40cb00d95a94a20,1,0
"a0604_z8dlmd.raw",1,0,255,0,0,1,496.023,1774.000,2680724,2680744,0,2585304,2585304,0,29268,11.844,1762.156,1048576,312380,bcb94b2e53dcd05384ca08e12c7a92d690f36ed754d983fa810911ddc04530e3,1,0
"a0605_czshfu.raw",1,0,255,0,0,1,492.363,1773.510,2680744,2680744,0,2585304,2585304,0,29268,11.697,1761.813,1048576,312380,5ee6487aabc44b019392830d6f6404c0405d1dc6eee21a35363c281d324a1337,1,0
"a0606_mlcyro.raw",1,0,255,0,0,1,529.442,1775.328,2680724,2680744,0,2585304,2585304,0,29268,11.682,1763.646,1048576,312380,8f6576a9a848a514b2f145f10749377ceff2fdeea24e8eb72cc38115592ce5eb,1,0
"a0607_kysimp.raw",1,0,255,0,0,1,508.862,1779.176,2680732,2680744,0,2585304,2585304,0,29268,11.637,1767.539,1048576,312380,c9cdbb367bc168407c1e2748b49d159e6fc6ee6387d5944a8ab186c76f98a572,1,0
"a0608_qdjnjk.raw",1,0,255,0,0,1,506.954,1776.790,2680724,2680744,0,2585304,2585304,0,29268,11.640,1765.150,1048576,312380,30a2ca0012895d54095e29d80623ac64d35cfc076336d811cd84d0c21177210f,1,0
"a0609_sasgdm.raw",1,0,255,0,0,1,496.307,1775.053,2680744,2680744,0,2585304,2585304,0,29268,11.781,1763.272,1048576,312380,bfe81f961542d8e6a63c9b72376d6c8a8adf57897b0fd37b13e2414d85a5c747,1,0
"a0610_bmwy1m.raw",1,0,255,0,0,1,487.573,1771.163,2680744,2680744,0,2585304,2585304,0,29268,11.581,1759.582,1048576,312380,d2166bc34cdef58016bc40b7b940199d86bbda870cd496fc80a73f088f3fe44e,1,0
"a0611_yp0qq3.raw",1,0,255,0,0,1,509.189,1779.592,2680744,2680744,0,2585304,2585304,0,29268,11.622,1767.970,1048576,312380,bed23d112037b0abf3a945b9dcf6d06f2d0371fad9cc6fc3802052e05e4c4071,1,0
"a0612_fzvure.raw",1,0,255,0,0,1,491.162,1775.552,2680744,2680744,0,2585304,2585304,0,29268,11.716,1763.836,1048576,312380,f7e60ee8f5d32b5f9652002cdbfdc259440c3d741575936f3257846c34d505ea,1,0
"a0613_aj1zh1.raw",1,0,255,0,0,1,540.820,1775.744,2680724,2680744,0,2585304,2585304,0,29268,11.657,1764.087,1048576,312380,da7dc3471464dc73d2a6aca7ceda1d89a63c85f8cf94ec2e31a94628b7bcfc57,1,0
"a0614_rohvfe.raw",1,0,255,0,0,1,512.118,1777.375,2680724,2680744,0,2585304,2585304,0,29268,11.782,1765.593,1048576,312380,e6b47fc7d851c6b0d0c9422798f93f4f7b04df1319b8517be03338ea9e1dcabf,1,0
"a0615_jpsupv.raw",1,0,255,0,0,1,733.093,1771.049,2680744,2680744,0,2585304,2585304,0,29268,11.776,1759.273,1048576,312380,5361a79326222bc90ebe423f2d2117ad08d8595737c236f93d10a82d1af14246,1,0
"a0616_wp4r4d.raw",1,0,255,0,0,1,513.715,1771.552,2680724,2680744,0,2585304,2585304,0,29268,11.990,1759.562,1048576,312380,3508fcb84889b3e82be27092c0518ee9f0e906f13b7d5d32b67358ba08ce291d,1,0
"a0617_za0k82.raw",1,0,255,0,0,1,506.019,1774.381,2680744,2680744,0,2585304,2585304,0,29268,11.727,1762.654,1048576,312380,fea911c9bc262ba005f8a0828869c0d88aecaa8158ee0975ecfcd300c180ce0f,1,0
"a0618_gis7rc.raw",1,0,255,0,0,1,525.678,1776.011,2680724,2680744,0,2585304,2585304,0,29268,11.635,1764.376,1048576,312380,6267757d57998e1d19ac611b536278db245de9d8f4e6ae16fefe7b0edad2e2eb,1,0
"a0619_fkp7lg.raw",1,0,255,0,0,1,917.365,1774.098,2680724,2680744,0,2585304,2585304,0,29268,11.663,1762.435,1048576,312380,b471277efb80d9e2ac60596cf93e8f3c395eb40bf8909c012cdc784dc503fef7,1,0
"a0620_olycak.raw",1,3,253,0,0,1,839.915,1776.979,2680732,2680744,0,2585304,2585304,0,29268,11.685,1765.294,1048576,312380,c4cc5a890d47978ce030f25912b2f06999fac29fe274d2d26827d5d9a32d8f30,1,0
"a0621_gcmg2i.raw",1,0,255,0,0,1,802.356,1777.842,2680724,2680744,0,2585304,2585304,0,29268,11.695,1766.147,1048576,312380,aefc1fa98762aac5716b819ab111fc66830b59ec88afd46e1cea5bd76eba54dc,1,0
"a0622_nfd9zi.raw",1,0,255,0,0,1,856.306,1776.233,2680724,2680744,0,2585304,2585304,0,29268,11.734,1764.499,1048576,312380,70a7375044d3faaff39687b3628a7d3f07229af25713599e3322a5664edaf12e,1,0
"a0623_bdvofi.raw",1,0,255,0,0,1,1023.619,1771.476,2680732,2680744,0,2585304,2585304,0,29268,11.607,1759.869,1048576,312380,f33d87b6812dc877cff34aea85894fdd30d3b6a7fdaf79ad7fbea23281c90c60,1,0
"a0624_mlai6p.raw",1,2,254,0,0,1,735.388,1770.427,2680744,2680744,0,2585304,2585304,0,29268,11.649,1758.778,1048576,312380,dd1c2d05850dbe478cf4a45aca19d3484d903add7c1968d80749f7648f59a7e0,1,0
"a0625_kogqyx.raw",1,0,255,0,0,1,1658.671,1772.121,2680724,2680744,0,2585304,2585304,0,29268,11.623,1760.498,1048576,312380,6912be10d9dc285accee88d78261af20af5f4a7ff2f4a6eb16640a93aa6939e7,1,0
"a0626_tgzpf9.raw",1,0,255,0,0,1,833.636,1770.231,2680724,2680744,0,2585304,2585304,0,29268,11.699,1758.532,1048576,312380,110f282d9560d6eaa8a74a65dfa445450c268c0b693a72f6ee31005078647d47,1,0
"a0627_uenvke.raw",1,0,255,0,0,1,741.353,1771.263,2680744,2680744,0,2585304,2585304,0,29268,11.632,1759.631,1048576,312380,7e116fb7eebc32f1cac231eb7576832cc937d6f5488b357463adc35847ca7c32,1,0
"a0628_mpar7n.raw",1,0,255,0,0,1,838.365,1773.683,2680724,2680744,0,2585304,2585304,0,29268,11.788,1761.895,1048576,312380,bf7a6fee81070edaad6bf38573d4f2d85b50e60e72ba13aefb42e1fad17cfc01,1,0
"a0629_ttcqzt.raw",1,1,255,0,0,1,842.629,1772.915,2680724,2680744,0,2585304,2585304,0,29268,11.638,1761.277,1048576,312380,fa75f04538da394c1df5b948b7a2cff293a22550e9d1cecf7636d7cdc24908b9,1,0
"a0630_mf6zwg.raw",1,0,255,0,0,1,1069.321,1778.763,2680724,2680744,0,2585304,2585304,0,29268,11.690,1767.073,1048576,312380,4c4d7141140855dec8271bb73c966d036b98637bfeb4efc515abfca9e411b507,1,0
"a0631_cxnyqw.raw",1,0,255,0,0,1,827.560,1774.245,2680724,2680744,0,2585304,2585304,0,29268,11.686,1762.559,1048576,312380,dcc0d4f4d220344e302f345cc9dc3f5c95d994a0777dd58d544a0049ff940976,1,0
"a0632_mexgmw.raw",1,0,255,0,0,1,716.967,1771.125,2680724,2680744,0,2585304,2585304,0,29268,11.650,1759.475,1048576,312380,9024983edba8f85d48acf22ce8941da7316d445ab01290efeb4ef4c79472690c,1,0
"a0633_qnejd0.raw",1,0,255,0,0,1,936.276,1779.793,2680724,2680744,0,2585304,2585304,0,29268,11.616,1768.177,1048576,312380,6ed565f7261dc5f6cab385210d512a0a7c0b5f852ac7ba56fee102d84fb10eb9,1,0
"a0634_ttvgpf.raw",1,0,255,0,0,1,929.011,1777.429,2680724,2680744,0,2585304,2585304,0,29268,11.694,1765.735,1048576,312380,599a9a959a2af6ef06b125d4675204dab3bdcc99c95621f139d6897477a5249b,1,0
"a0635_wzjqyp.raw",1,0,255,0,0,1,855.140,1776.681,2680724,2680744,0,2585304,2585304,0,29268,11.591,1765.090,1048576,312380,514f3f22ed2ba18d573ff4e81cd573a06400b30eb59d3dde9fe87eda47ddbe45,1,0
"a0636_wxvrax.raw",1,0,255,0,0,1,1006.620,1777.514,2680744,2680744,0,2585304,2585304,0,29268,12.299,1765.215,1048576,312380,53656dba11b1c7b899385a668ea83182fa2295180bd58f97a75a85fdd537e01b,1,0
"a0637_sagkhq.raw",1,0,255,0,0,1,841.323,1777.994,2680724,2680744,0,2585304,2585304,0,29268,11.764,1766.230,1048576,312380,4e4c966e77af473a47f3e416eaca5a3f59f6cec2446872f1c88409a0ecf38741,1,0
"a0638_wbqkdb.raw",1,0,255,0,0,1,832.334,1781.086,2680724,2680744,0,2585304,2585304,0,29268,11.683,1769.403,1048576,312380,4d0f0a87805c20fc80d583b39694e4a9e3e73ff28eb5bf716e086b466106a750,1,0
"a0639_d74bsz.raw",1,0,255,0,0,1,831.734,1770.607,2680724,2680744,0,2585304,2585304,0,29268,11.701,1758.906,1048576,312380,4bbddc3357abb82f4a9d8e536c48ea6f70c62dd7c56a7e1586cd267a43442518,1,0
"a0640_hebnb8.raw",1,0,255,0,0,1,841.291,1779.230,2680724,2680744,0,2585304,2585304,0,29268,11.768,1767.462,1048576,312380,419a502e83f1fb02d40134cf1a17e303c999cd4fd766a54d2a736d7b50c81e90,1,0
"a0641_ldjphh.raw",1,3,253,0,0,1,933.778,1779.554,2680724,2680744,0,2585304,2585304,0,29268,11.700,1767.854,1048576,312380,f9ef612da1bc4a8ed5bba93a01fb85897c8e4cac1d7b32dd775e61e2de221ee8,1,0
"a0642_ibo8f5.raw",1,0,255,0,0,1,727.357,1773.089,2680724,2680744,0,2585304,2585304,0,29268,11.864,1761.225,1048576,312380,d41812a4fcdf140d7613e77d86b83942abb72c31bfdf8034c1d831ebde5f8572,1,0
"a0643_ee3z2q.raw",1,0,255,0,0,1,740.986,1774.749,2680744,2680744,0,2585304,2585304,0,29268,11.742,1763.007,1048576,312380,34933e28a69957a687228ab35ce4bfb14e8306da0e45606bb9ad8a27ecf98dd7,1,0
"a0644_xczfq2.raw",1,0,255,0,0,1,831.180,1774.385,2680724,2680744,0,2585304,2585304,0,29268,11.717,1762.668,1048576,312380,a2c086c9fdf94f8bf434fca21e98e94343d0fef20b8516782a09f49719837224,1,0
"a0645_xnlh5d.raw",1,0,255,0,0,1,1283.594,1776.386,2680724,2680744,0,2585304,2585304,0,29268,11.597,1764.789,1048576,312380,53d20488c87c324fa21581a9baaacfb3318a435ff07ee08e518d3aa0b6a91f4c,1,0
"a0646_ooesqs.raw",1,0,255,0,0,1,931.521,1773.511,2680724,2680744,0,2585304,2585304,0,29268,11.650,1761.861,1048576,312380,17313d45bdd341c878e233534381d78668e6a450727e5e06bc0b9e70ae68469e,1,0
"a0647_uprnic.raw",1,0,255,0,0,1,906.438,1772.090,2680724,2680744,0,2585304,2585304,0,29268,11.778,1760.312,1048576,312380,1bf889c4892147eba17b1b2b406ccc3000514ed7cc441a4797443ba60c33cb2b,1,0
"a0648_dezlz6.raw",1,0,255,0,0,1,848.157,1776.508,2680724,2680744,0,2585304,2585304,0,29268,11.659,1764.849,1048576,312380,e68447f0c3eca77bff1bc45e93cc5f1cf762330866e998e89e9f513c2d776f38,1,0
"a0649_kqjhrg.raw",1,0,255,0,0,1,893.467,1776.398,2680724,2680744,0,2585304,2585304,0,29268,11.661,1764.737,1048576,312380,a660e800450cb3e1880d15c0ae723227e359447cb990a8940cc6ea25f4b46436,1,0
"a0650_upldwg.raw",1,0,255,0,0,1,1007.383,1777.877,2680724,2680744,0,2585304,2585304,0,29268,11.541,1766.336,1048576,312380,5cd5faf536f6286f29054a1512919fe1895445179733dd0aaf32e8ed76b3ee7b,1,0
"a0651_bgzfqg.raw",1,0,255,0,0,1,874.062,1788.467,2680724,2680744,0,2585304,2585304,0,29268,11.908,1776.559,1048576,312380,c9732a7e90a01695a4fa4e491c7b19a166636f3c34e0bd3883f96a5d9ae0ca3a,1,0
"a0652_wczeqm.raw",1,0,255,0,0,1,874.059,1779.856,2680724,2680744,0,2585304,2585304,0,29268,11.835,1768.021,1048576,312380,9cf9b749d9c91958e6238aeae77b0aacb3c627de130b359f2db8217eee63df4b,1,0
"a0653_cwyesj.raw",1,0,255,0,0,1,840.982,1781.202,2680724,2680744,0,2585304,2585304,0,29268,11.661,1769.541,1048576,312380,1d894ac344c04848655fd15ca8a51f017c4f9e7d030cf4e183f1dac418d89578,1,0
"a0654_yrpogb.raw",1,0,255,0,0,1,897.152,1782.166,2680724,2680744,0,2585304,2585304,0,29268,11.617,1770.549,1048576,312380,a571b3e711a3e1450c23c7bf748983d15a105f46d0ac5fec29d9afb9b5e8324c,1,0
"a0655_eqlumw.raw",1,0,255,0,0,1,934.408,1782.359,2680724,2680744,0,2585304,2585304,0,29268,11.561,1770.798,1048576,312380,634c19040654241c5cc02e93e064d1d0ad583c5ae62ab0547143525b28ebd35b,1,0
"a0656_pohd3d.raw",1,0,255,0,0,1,949.347,1771.060,2680724,2680744,0,2585304,2585304,0,29268,11.788,1759.272,1048576,312380,fae7caca1e76edd9d5acd286aa47861f26f52ac773a77a6b92062064992ca08d,1,0
"a0657_jgs4ke.raw",1,0,255,0,0,1,726.352,1777.690,2680724,2680744,0,2585304,2585304,0,29268,11.640,1766.050,1048576,312380,c2ff8b91f89691ea56b855809856aa604bc77eaba77620338ca06fd95a61a610,1,0
"a0658_oeowvk.raw",1,0,255,0,0,1,1152.873,1783.945,2680724,2680744,0,2585304,2585304,0,29268,11.684,1772.261,1048576,312380,9b3b72a1aee6899030fae9cd1e2f1f078d4de72cc982866d28b2caca73ce571b,1,0
"a0659_yuhdpz.raw",1,0,255,0,0,1,519.490,1763.850,2680724,2680744,0,2585304,2585304,0,29268,11.739,1752.111,1048576,312380,9015d44dff5da1dd16fcf62dbac7adad9437ad609ee45478cdab88e61095b0e5,1,0
"a0660_bmt8ir.raw",1,0,255,0,0,1,520.257,1770.378,2680724,2680744,0,2585304,2585304,0,29268,11.772,1758.606,1048576,312380,099e7fc5bb3d755ed8db6b23bcd6ca63288420fd1ac18ad88c435f88bd58942c,1,0
"a0661_d3ryzs.raw",1,0,255,0,0,1,555.606,1775.768,2680724,2680744,0,2585304,2585304,0,29268,11.636,1764.132,1048576,312380,9c95d12f9e4e811b63845a1788fa9eb0db8f9aea6cb9abbae1e57fa9118b69ce,1,0
"a0662_pszeho.raw",1,0,255,0,0,1,491.958,1768.389,2680744,2680744,0,2585304,2585304,0,29268,11.688,1756.701,1048576,312380,436f4eac7a2b0aa02b4b3e7df86994f81fac72589d9f450d8c4287530a6a289f,1,0
"a0663_gya6lx.raw",1,0,255,0,0,1,489.698,1775.296,2680744,2680744,0,2585304,2585304,0,29268,11.588,1763.708,1048576,312380,c33e4a7ae26edfdb5e477a98cbd728e8947140eb7ddc3bac809ac0cdc90c19d3,1,0
"a0664_xuflth.raw",1,0,255,0,0,1,484.920,1773.555,2680744,2680764,0,2585304,2585304,0,29268,11.696,1761.859,1048576,312380,dfeb03476b29758ca7b95808208ef1a7924851b0a2a33a7dc12239d92d77aa99,1,0
"a0665_vel4ht.raw",1,0,255,0,0,1,569.863,1771.991,2680724,2680744,0,2585304,2585304,0,29268,11.572,1760.419,1048576,312380,f5dbee2dd691ac78e28d8df33e3a7820d82052b1235137c84f2a4b4bc1978811,1,0
"a0666_vyr75r.raw",1,0,255,0,0,1,500.701,1766.513,2680744,2680744,0,2585304,2585304,0,29268,11.759,1754.754,1048576,312380,db0f911fbc8a0b4e6f940165befc1fc94f5d599ba022ef7eef036bdbe52f00e1,1,0
"a0667_z9zuag.raw",1,0,255,0,0,1,510.709,1776.071,2680724,2680744,0,2585304,2585304,0,29268,11.777,1764.294,1048576,312380,7bf3a9ea47331807ccd3a1ad332ea885de8ed11e23365daa4cd3b32113e5186c,1,0
"a0668_cbsegh.raw",1,0,255,0,0,1,510.591,1774.026,2680724,2680744,0,2585304,2585304,0,29268,12.072,1761.954,1048576,312380,bdc6133e3fa88c18d5041f23fa08bd4ff650de00db8f83680619397134ac4e15,1,0
"a0669_vjvxad.raw",1,0,255,0,0,1,522.312,1777.055,2680724,2680744,0,2585304,2585304,0,29268,11.625,1765.430,1048576,312380,db085cd0ccac11ed5a02448adff2e7961958d6219f9e9e9b35698481eeb662bd,1,0
"a0670_ilprgk.raw",1,0,255,0,0,1,611.660,1769.701,2680724,2680744,0,2585304,2585304,0,29268,11.805,1757.896,1048576,312380,5fc7d0f07cec41d77d13e73aded83b9607351424b14caa51c686906a1c67dd73,1,0
"a0671_olak7t.raw",1,0,255,0,0,1,552.178,1774.456,2680724,2680744,0,2585304,2585304,0,29268,11.775,1762.681,1048576,312380,9e2725fb9fd9d4a0239cab93c2056c2f86c2ab8bffae3929468db45a09dffb88,1,0
"a0672_jxl2je.raw",1,0,255,0,0,1,496.558,1773.324,2680744,2680744,0,2585304,2585304,0,29268,11.748,1761.576,1048576,312380,bce3d3c547c7d7fb047a286c511fa3df85fc4d27f31d0b563c5e630cbf521e2c,1,0
"a0673_jaiutc.raw",1,0,255,0,0,1,527.665,1772.931,2680724,2680744,0,2585304,2585304,0,29268,11.627,1761.304,1048576,312380,f50a1c4d85baf75a2e70fc0c333baed696e56736a72ea737fd33c88fe1025ac2,1,0
"a0674_lasnd4.raw",1,0,255,0,0,1,501.473,1768.757,2680744,2680744,0,2585304,2585304,0,29268,11.581,1757.176,1048576,312380,00cbe87322f4a57845f8b83ed5dfc079f405691ce63735814b3ec95b5eb18bae,1,0
"a0675_wru6ul.raw",1,0,255,0,0,1,524.147,1776.645,2680724,2680744,0,2585304,2585304,0,29268,11.599,1765.046,1048576,312380,7d49dd74235fdb35c16e9bf081e753c18453a786a2f23195b968f8fb90bf6c5e,1,0
"a0676_yqu7tq.raw",1,0,255,0,0,1,514.519,1772.885,2680724,2680744,0,2585304,2585304,0,29268,12.424,1760.461,1048576,312380,8f57ad2e05199303a1fde41583422fbbca4a56df3e70fd353c085672fae7a1fb,1,0
"a0677_aedco5.raw",1,0,255,0,0,1,538.825,1769.305,2680724,2680744,0,2585304,2585304,0,29268,11.725,1757.580,1048576,312380,65787d7c44ec7b619760f1d18b6b0b0618d8037b770d4e6cb77b9b4a2483f762,1,0
"a0678_vbkryv.raw",1,0,255,0,0,1,506.980,1771.702,2680744,2680744,0,2585304,2585304,0,29268,11.673,1760.029,1048576,312380,95b4a7f0044181fe9a1ddbcc4f0dffef15e642b3b95e0d72b7dc68e5a54a293d,1,0
"a0679_wfsxje.raw",1,0,255,0,0,1,621.281,1768.038,2680724,2680744,0,2585304,2585304,0,29268,11.663,1756.375,1048576,312380,056a509530372d827e15de667dfbd9cf626ddc84cb7e258ac9faa9a00871798d,1,0
"a0680_ve8rnb.raw",1,0,255,0,0,1,515.070,1768.788,2680724,2680744,0,2585304,2585304,0,29268,11.776,1757.012,1048576,312380,eb40e42301fb8f1cc295320265cce940cadc8d3018568990d8089e538dd5f12e,1,0
"a0681_kcmnwb.raw",1,0,255,0,0,1,508.328,1774.933,2680744,2680744,0,2585304,2585304,0,29268,11.748,1763.185,1048576,312380,9321d5a42cd95e410855f2d1b150469b38d32760edb7bed1797ea3a6a3c513c7,1,0
"a0682_ys3bp4.raw",1,1,255,0,0,1,526.866,1770.995,2680724,2680744,0,2585304,2585304,0,29268,11.721,1759.274,1048576,312380,909d17c530df55b92c24f41861281efd7a055853466911d6dc0fbf978fb97ab0,1,0
"a0683_e9djb0.raw",1,0,255,0,0,1,529.103,1775.462,2680724,2680744,0,2585304,2585304,0,29268,11.706,1763.756,1048576,312380,6bdd764552780c3269e049c49055033a2fe0d2c9105fbeecfc79865a62cec9cc,1,0
"a0684_waxp5q.raw",1,0,255,0,0,1,489.162,1770.846,2680744,2680744,0,2585304,2585304,0,29268,11.657,1759.189,1048576,312380,4d238f372fc091265e1a228c3389484dc56f55c79994f6fa93b8da45c708dc54,1,0
"a0685_bssujn.raw",1,0,255,0,0,1,487.248,1772.103,2680744,2680744,0,2585304,2585304,0,29268,11.629,1760.474,1048576,312380,ca78f5c69df2a8656fb199d499ddfc0032fbeaf95066ac29e768b0a36426462e,1,0
"a0686_rqe20r.raw",1,0,255,0,0,1,515.270,1764.696,2680724,2680744,0,2585304,2585304,0,29268,11.597,1753.099,1048576,312380,199eaccbcd10fb942a59f705a6686cc946a6616152bc1c5215ef75279185a55f,1,0
"a0687_garg3x.raw",1,0,255,0,0,1,479.706,1766.668,2680724,2680744,0,2585304,2585304,0,29268,11.812,1754.856,1048576,312380,27c6c28362c47366d9fb156b03f2cac2198bea31ff01335dee26682d7d40729e,1,0
"a0688_rjhmhh.raw",1,0,255,0,0,1,484.649,1769.002,2680744,2680744,0,2585304,2585304,0,29268,11.702,1757.300,1048576,312380,e9bf0191f8314743bc2df3763c2f94ae1a382a18638d7b31c02d4f61716061be,1,0
"a0689_zk4tlc.raw",1,0,255,0,0,1,613.601,1772.691,2680724,2680744,0,2585304,2585304,0,29268,11.552,1761.139,1048576,312380,fd65e4a98af7a2dce64fa807f43e77feb08ebdbae7b56de3713c61172cfbc382,1,0
"a0690_f6ntnp.raw",1,0,255,0,0,1,520.857,1768.914,2680724,2680744,0,2585304,2585304,0,29268,11.588,1757.326,1048576,312380,a3cb9fc5a0e8763ba6e815f7be8cd2e46529e57ad711fe7d4f9b980a72dbcfdf,1,0
"a0691_nmp8lx.raw",1,0,255,0,0,1,525.702,1770.199,2680724,2680744,0,2585304,2585304,0,29268,11.572,1758.627,1048576,312380,f5945fd133bf96a18cf61e68d92789c088c9fba82b71e689e6b86004dc1bf151,1,0
"a0692_bmegkx.raw",1,0,255,0,0,1,497.407,1770.853,2680744,2680744,0,2585304,2585304,0,29268,11.752,1759.101,1048576,312380,d885b1735e32a90cc5655e2e22d42e3c22c457c952621d21f32b554d5320c9f2,1,0
"a0693_rnp3zq.raw",1,0,255,0,0,1,507.757,1767.984,2680744,2680744,0,2585304,2585304,0,29268,11.703,1756.281,1048576,312380,e5dc2e0747c92ca9848dcf01e6e4e7f878764e692eff29e7f1741c230659b7ee,1,0
"a0694_sryr4a.raw",1,0,255,0,0,1,499.595,1772.085,2680744,2680744,0,2585304,2585304,0,29268,11.795,1760.290,1048576,312380,513e71aee499d89696049760514ca65365093d7757bab712345460d080cc64f0,1,0
"a0695_asrnis.raw",1,0,255,0,0,1,482.020,1769.625,2680724,2680744,0,2585304,2585304,0,29268,11.763,1757.862,1048576,312380,82d72ccdeb8faac1190d878620bc945d6797e371c772c5924078444d2e5b6fe2,1,0
"a0696_kslrep.raw",1,0,255,0,0,1,488.562,1765.958,2680744,2680744,0,2585304,2585304,0,29268,11.793,1754.165,1048576,312380,17851ca541933a5a343812ce83657c97b3a716e4cdbc05977d3a95d5ee586fc4,1,0
"a0697_cejjwf.raw",1,0,255,0,0,1,509.593,1767.971,2680724,2680744,0,2585304,2585304,0,29268,11.685,1756.286,1048576,312380,9dfdc1074afb34a51d940b1f9145397ac13621fc1be24b0ef464b44fd25d8ff0,1,0
"a0698_mzgl33.raw",1,0,255,0,0,1,494.575,1769.057,2680744,2680744,0,2585304,2585304,0,29268,11.688,1757.369,1048576,312380,81033504f137915f62bd85b6c950b4d9e97df4b071ce48b85aeb4b36d2a07a7e,1,0
"a0699_ni65d1.raw",1,0,255,0,0,1,506.627,1773.340,2680744,2680744,0,2585304,2585304,0,29268,11.759,1761.581,1048576,312380,9e1a5d5697325306751dbdc84379d9ff488c08fd4d5d6f3593588d5bb857c038,1,0
"a0700_ksh7wu.raw",1,0,255,0,0,1,1129.009,1765.946,2680732,2680744,0,2585304,2585304,0,29268,11.718,1754.228,1048576,312380,7f36c1f39e0065acb41bc31f495a474da81819171f4ff45fe4d7d9f4003fe583,1,0
"a0701_hbrcgl.raw",1,0,255,0,0,1,480.372,1762.406,2680724,2680744,0,2585304,2585304,0,29268,11.726,1750.680,1048576,312380,3e3acc630f6aaf19bd89482ee39aebe965f007cc2a47709fa8a41c44e86f733b,1,0
"a0702_tbpnqg.raw",1,0,255,0,0,1,484.509,1768.641,2680732,2680744,0,2585304,2585304,0,29268,11.896,1756.745,1048576,312380,1b341324125dcf38bf906c969e36eee92d0074d9e8b326dc195e136ffd41ac9b,1,0
"a0703_nds0dd.raw",1,0,255,0,0,1,533.820,1766.860,2680724,2680744,0,2585304,2585304,0,29268,11.661,1755.199,1048576,312380,5c9f43c6a091b7758b674fc8ba3c671623339fe2048d418194a2b9d8ce022161,1,0
"a0704_eu2stn.raw",1,0,255,0,0,1,491.081,1770.505,2680744,2680744,0,2585304,2585304,0,29268,11.809,1758.696,1048576,312380,5277cc938bd8fe108c9d1e9fc21105c6073e2c6a096e942ea41627b2a8d0cd6c,1,0
"a0705_nlwccs.raw",1,0,255,0,0,1,512.402,1768.843,2680724,2680744,0,2585304,2585304,0,29268,11.872,1756.971,1048576,312380,21915f5fbc067051afe2254240d2e32c955545c4644e9ed05390d947eba1f1a3,1,0
"a0706_hum8pu.raw",1,0,255,0,0,1,509.225,1770.440,2680724,2680744,0,2585304,2585304,0,29268,11.741,1758.699,1048576,312380,fdbf1882ccbae27e4dbf8f10909ae15ab1e731b5341fcf60455fad2b42898a95,1,0
"a0707_mmaddx.raw",1,0,255,0,0,1,486.304,1769.142,2680744,2680744,0,2585304,2585304,0,29268,11.614,1757.528,1048576,312380,c936739834e90548fe5fb0151f0f9fe6eda7ed327db5f073679ea2801ea68901,1,0
"a0708_lqfyba.raw",1,0,255,0,0,1,511.623,1767.631,2680724,2680744,0,2585304,2585304,0,29268,11.989,1755.642,1048576,312380,eab64dd9927db08472022d149e610c56d196464dc69bb52bcfae9f948a92bfed,1,0
"a0709_tpxi8p.raw",1,0,255,0,0,1,615.990,1764.449,2680724,2680744,0,2585304,2585304,0,29268,11.795,1752.654,1048576,312380,6911f0cb7fa9672f271360b7ee3b416ad621da3bb5ccf6cf7f4e5cb12d293a56,1,0
"a0710_prgxd8.raw",1,0,255,0,0,1,490.201,1766.748,2680744,2680744,0,2585304,2585304,0,29268,11.689,1755.059,1048576,312380,c2eaa8c1da4446b4bada0f09cc9d513d91cc3d566aa9a705af316d0ed7da7a02,1,0
"a0711_rewvuv.raw",1,0,255,0,0,1,491.725,1772.503,2680744,2680744,0,2585304,2585304,0,29268,11.741,1760.762,1048576,312380,69aca4ad6863a93a51372f88ecac666156e5cdbff974b34171886ce830d15f65,1,0
"a0712_fzdims.raw",1,1,255,0,0,1,927.550,1769.386,2680724,2680744,0,2585304,2585304,0,29268,11.685,1757.701,1048576,312380,9b3c3add3de2013b14133ebfda01f3a662b9fb913ab62852487a5e8a3d758cc9,1,0
"a0713_gs5cry.raw",1,1,255,0,0,1,511.660,1771.171,2680744,2680744,0,2585304,2585304,0,29268,11.677,1759.494,1048576,312380,893e70179f61c1446884d719df1149b1c793370d75fd787447c9ff71452ab12f,1,0
"a0714_cyq1ji.raw",1,1,255,0,0,1,497.435,1772.992,2680744,2680744,0,2585304,2585304,0,29268,11.703,1761.289,1048576,312380,ff6e367238e8ebb37a52e9253b9ec54ef98cfab1acae276cdc8b13b93ed72a77,1,0
"a0715_bpkr0e.raw",1,0,255,0,0,1,537.721,1781.121,2680724,2680744,0,2585304,2585304,0,29268,11.549,1769.572,1048576,312380,bf3189972879796b54c062b843378701c96bb1fc5abafaeeacb1ed2867f72cee,1,0
"a0716_hiynya.raw",1,0,255,0,0,1,520.487,1778.126,2680724,2680744,0,2585304,2585304,0,29268,11.577,1766.549,1048576,312380,ad0e4f5add5599c9ff49ff332ca0f2dc6b5de5511116459cc9df8ec79a300d4e,1,0
"a0717_xzbvm2.raw",1,1,255,0,0,1,513.438,1781.220,2680752,2680744,8,2585304,2585304,0,29268,11.705,1769.515,1048576,312380,153eb7c2a9039390e8216526def3fb702ce8fe07d6610494ba192e54e248e0f1,1,0
"a0718_silz3t.raw",1,0,255,0,0,1,502.692,1780.219,2680744,2680744,0,2585304,2585304,0,29268,12.002,1768.217,1048576,312380,bb2f68686eedfddef624cb8bc8f85237551fce4d6f5d1a3dba15efb9a70c546c,1,0
"a0719_o8a5oo.raw",1,0,255,0,0,1,508.513,1779.574,2680724,2680744,0,2585304,2585304,0,29268,11.595,1767.979,1048576,312380,2a10b510c20c3a9cd9838a07d7849f1e461ff3f83c9624146c2102f399518548,1,0
"a0720_vpddbj.raw",1,0,255,0,0,1,766.890,1780.319,2680732,2680744,0,2585304,2585304,0,29268,11.594,1768.725,1048576,312380,4a4b01dcf28b5836e8d3e069ec4c0560a0a407c2be691320cbf32e032db652c4,1,0
"a0721_yefy3d.raw",1,0,255,0,0,1,529.953,1778.429,2680724,2680744,0,2585304,2585304,0,29268,11.634,1766.795,1048576,312380,95b46dee6ce1ea35ece0f1db6d5cac9dbf7c9757ae6d07feccca774a13a00a69,1,0
"a0722_hskghr.raw",1,0,255,0,0,1,623.579,1778.449,2680724,2680744,0,2585304,2585304,0,29268,11.721,1766.728,1048576,312380,197dd8a6478f49d600a3fe42398093b0348316ec0b5de7c56478c6eb0f0e8024,1,0
"a0723_jwft40.raw",1,29,227,0,0,1,511.347,1779.782,2680744,2680744,0,2585304,2585304,0,29268,12.423,1767.359,1048576,312380,deb990e427b2073bfd1029a328f5e720a2c108d08534dedeeab019a60fb927c8,1,0
"a0724_juvbew.raw",1,1,255,0,0,1,491.228,1782.353,2680744,2680744,0,2585304,2585304,0,29268,11.591,1770.762,1048576,312380,4ac2e51012d2a9f2ebce6f78a5683ad0d50df24211d9c4881fbbc2c30cd924f5,1,0
"a0725_wsesl2.raw",1,0,255,0,0,1,625.851,1782.269,2680724,2680744,0,2585304,2585304,0,29268,11.575,1770.694,1048576,312380,7ce399468581e3c833f16f89b7cfdf56b38d034d48d9f15b9ce4ed32e15b0073,1,0
"a0726_dmmulp.raw",1,2,254,0,0,1,527.719,1779.652,2680724,2680744,0,2585304,2585304,0,29268,11.645,1768.007,1048576,312380,8b7247c1d5d00936fbf9b48f43507cfb35df2375275e3df0991c5ac4491454b7,1,0
"a0727_cwcuqt.raw",1,3,253,0,0,1,617.191,1778.661,2680724,2680744,0,2585304,2585304,0,29268,11.667,1766.994,1048576,312380,d409a69111665ae6c1732564808f1be4c085d2f350542e1bdb034e57a52630ba,1,0
"a0728_ibbstl.raw",1,0,255,0,0,1,629.157,1779.683,2680724,2680744,0,2585304,2585304,0,29268,11.889,1767.794,1048576,312380,8937cd143e5e18d78aeae1384a6e02916d29af3da383656d067f4d36fd36a383,1,0
"a0729_nviu2e.raw",1,0,255,0,0,1,512.381,1780.594,2680744,2680744,0,2585304,2585304,0,29268,11.670,1768.924,1048576,312380,e138e098ce3d435de9b36271aeffdad218e7344a5944744a45336cc7761caccb,1,0
"a0730_ct28hm.raw",1,0,255,0,0,1,527.229,1779.823,2680724,2680744,0,2585304,2585304,0,29268,11.685,1768.138,1048576,312380,c99632ae2bae9f219dec0cd881539a10ad9c99253c78c58a9060ebe7ef43f8e9,1,0
"a0731_akbizi.raw",1,0,255,0,0,1,511.866,1777.890,2680724,2680764,0,2585304,2585304,0,29268,11.642,1766.248,1048576,312380,5d4fca5eca9d583601fcce75a68ce4820701ba95f58c42e4f9d6615319a450ad,1,0
"a0732_utvay2.raw",1,0,255,0,0,1,680.880,1783.864,2680724,2680744,0,2585304,2585304,0,29268,12.905,1770.959,1048576,312380,7aafedf7199d2b380971b48ca7725b54e27a33b6e6cce04289eaf6f791f18771,1,0
"a0733_wds78g.raw",1,0,255,0,0,1,519.393,1778.752,2680724,2680744,0,2585304,2585304,0,29268,12.486,1766.266,1048576,312380,05cf18a81b0bde58eff84338743c4e186bceb45bc11b72471a42f1b707b8c9bf,1,0
"a0734_hbjpa5.raw",1,0,255,0,0,1,555.261,1779.426,2680724,2680744,0,2585304,2585304,0,29268,11.656,1767.770,1048576,312380,49812b2d3beca272512069bdb0638fd4d331086b40a1f1502252da98eea16a73,1,0
"a0735_yjrj0n.raw",1,0,255,0,0,1,497.159,1780.606,2680744,2680744,0,2585304,2585304,0,29268,11.729,1768.877,1048576,312380,860e857bb904a2db309ddc0d8f023c01131d7f405badea0b366431868cc609fa,1,0
"a0736_gb3git.raw",1,0,255,0,0,1,555.598,1780.104,2680724,2680744,0,2585304,2585304,0,29268,11.940,1768.164,1048576,312380,3e94aaa87c91e9d2cb61fb60c3ab4d4e76d3c6f0f397eb04bdb5a0c86998da0e,1,0
"a0737_k6v9j7.raw",1,0,255,0,0,1,560.241,1779.072,2680724,2680744,0,2585304,2585304,0,29268,11.694,1767.378,1048576,312380,fb1428fac44c058523bad9de2db7e244a2abf1c159805234ebdd4a2aff265031,1,0
"a0738_dwsc1y.raw",1,9,247,0,0,1,517.337,1777.768,2680724,2680744,0,2585304,2585304,0,29268,11.675,1766.093,1048576,312380,f6cec298f08797456df2b6a41b87a5eb4748c87da552c0819d04302e0c49f2a5,1,0
"a0739_e3ferw.raw",1,0,255,0,0,1,595.226,1780.353,2680724,2680744,0,2585304,2585304,0,29268,11.733,1768.620,1048576,312380,fc1e8bd2607838cffa4e902c56d670b1b84712abb7883e782f0a8ef13152d05b,1,0
"a0740_ahujpt.raw",1,1,255,0,0,1,517.439,1780.886,2680728,2680764,0,2585304,2585304,0,29268,11.673,1769.213,1048576,312380,d8222db079ad52dd3dc1f6ed857a0beec97883f6e302a915c2ad66691759fc7d,1,0
"a0741_cq0dq1.raw",1,0,255,0,0,1,559.378,1778.764,2680724,2680744,0,2585304,2585304,0,29268,11.609,1767.155,1048576,312380,7c2b3f940d21e85e098ca83335b62254fdf67338d74e60332ea1bc4502838df2,1,0
"a0742_xsh1bu.raw",1,0,255,0,0,1,545.930,1777.962,2680724,2680744,0,2585304,2585304,0,29268,11.667,1766.295,1048576,312380,354185f2366cdce559a88170ac074462eb2afd46f6032de9853803a668e1094e,1,0
"a0743_gkqxqs.raw",1,0,255,0,0,1,541.449,1779.386,2680724,2680744,0,2585304,2585304,0,29268,12.335,1767.051,1048576,312380,4ee8c36e87feb10e69ae3f42c539b7e02701039830f17bf2f124c9fbda4f090a,1,0
"a0744_lzysbl.raw",1,3,253,0,0,1,543.982,1780.304,2680724,2680744,0,2585304,2585304,0,29268,11.648,1768.656,1048576,312380,5a1da96ddfefbc3e8851e924466617eb79d5545e551aba4e56e13e1ac1fae970,1,0
"a0745_f0vhir.raw",1,0,255,0,0,1,628.058,1777.762,2680724,2680744,0,2585304,2585304,0,29268,11.648,1766.114,1048576,312380,ec696bf023d240687c32e9aac6ad80574ae872709fa4562ad99bf45edf599bb8,1,0
"a0746_c2yp2x.raw",1,1,255,0,0,1,540.742,1778.981,2680732,2680744,0,2585304,2585304,0,29268,11.652,1767.329,1048576,312380,f5d595d02bacb27be835ee9f5eaf7c0ead7333ffeaeec790b8389bf1bb6e5da8,1,0
"a0747_cuo48h.raw",1,0,255,0,0,1,518.684,1779.199,2680724,2680744,0,2585304,2585304,0,29268,11.737,1767.462,1048576,312380,647553aeba472df33aa8575f541875aa3f7de071915671de054a9efc2f7f6703,1,0
"a0748_ilgos5.raw",1,0,255,0,0,1,568.911,1779.169,2680724,2680744,0,2585304,2585304,0,29268,11.734,1767.435,1048576,312380,40dec6b4baf7de9ca15647438ca29196d96812917d88a79c6a28def0cd1deebd,1,0
"a0749_pwkwof.raw",1,0,255,0,0,1,519.615,1780.582,2680724,2680764,0,2585304,2585304,0,29268,11.770,1768.812,1048576,312380,08232c009e424ef362c3a65536ea7c244cb1899c6c6045a020bbefeb14f2f9d2,1,0
"a0750_lhkgrp.raw",1,0,255,0,0,1,518.217,1777.162,2680724,2680744,0,2585304,2585304,0,29268,11.700,1765.462,1048576,312380,10a656c42e59642131621ec11732aace39a825061f8483a558d80e23c0007452,1,0
"a0751_kejtsr.raw",1,0,255,0,0,1,530.596,1781.310,2680724,2680744,0,2585304,2585304,0,29268,11.679,1769.631,1048576,312380,1cf79ccd88bdae9f139374af0f0b9c6b11d42def47de1149229ecc44e3c22732,1,0
"a0752_osomim.raw",1,0,255,0,0,1,510.422,1778.971,2680744,2680744,0,2585304,2585304,0,29268,11.660,1767.311,1048576,312380,c4f74f70830a6e3fc59b8e273efdd41bf0abbd99672ce11d6b5eff0a0ebe8947,1,0
"a0753_uohkaf.raw",1,0,255,0,0,1,644.555,1781.044,2680724,2680744,0,2585304,2585304,0,29268,11.642,1769.402,1048576,312380,2dc9ee6daf6e80d49dd3e0964231109c242e08c969270f3bfbfd08d9459f81ae,1,0
"a0754_elpjrt.raw",1,0,255,0,0,1,505.102,1776.767,2680724,2680744,0,2585304,2585304,0,29268,11.662,1765.105,1048576,312380,55c11741c3dd9d2a683e86ad5f09b6d4884db0ed2b7084964c4bb51acd9e9f78,1,0
"a0755_unt17r.raw",1,0,255,0,0,1,543.339,1779.376,2680724,2680744,0,2585304,2585304,0,29268,11.772,1767.604,1048576,312380,9fcadccb37d02e802bfed49da60815649fc755e2459dcb89ebd0cf137f472399,1,0
"a0756_ud9ocf.raw",1,0,255,0,0,1,487.930,1780.736,2680744,2680744,0,2585304,2585304,0,29268,11.686,1769.050,1048576,312380,8819cccf7722b1b6a2c9c82f8615e4727c6ec60701eb22ff872bc52d5ed3e3ff,1,0
"a0757_yxnbvd.raw",1,0,255,0,0,1,560.958,1778.609,2680724,2680744,0,2585304,2585304,0,29268,11.702,1766.907,1048576,312380,5124924ada87a1a4a22cad367c6a0f788368bf022c2c775a19d9d22af57bfc3c,1,0
"a0758_o6d7rp.raw",1,0,255,0,0,1,516.359,1781.177,2680724,2680764,0,2585304,2585304,0,29268,11.591,1769.586,1048576,312380,c3b88d108b8b968fff25a0a0292b7df5824ad7a822398fad07e26df668c9ad97,1,0
"a0759_sxgamc.raw",1,0,255,0,0,1,540.927,1775.106,2680724,2680744,0,2585304,2585304,0,29268,11.779,1763.327,1048576,312380,9d0459ca15065f0eb6954a7422078e630538c365acd9ebf9a6c9bf93ac301655,1,0
"a0760_yl14ql.raw",1,0,255,0,0,1,551.094,1780.440,2680724,2680744,0,2585304,2585304,0,29268,11.788,1768.652,1048576,312380,e22535554643170c675be6622e8728172e0279223705a8dff722040d574cfb31,1,0
"a0761_dcyfun.raw",1,0,255,0,0,1,523.712,1783.256,2680724,2680744,0,2585304,2585304,0,29268,12.459,1770.797,1048576,312380,8219c00a48468c7088e5bdffeb40fdf0297ff1d06b43eafe110b58cd02692615,1,0
"a0762_rza9ov.raw",1,0,255,0,0,1,547.856,1780.253,2680724,2680744,0,2585304,2585304,0,29268,11.643,1768.610,1048576,312380,d9c32f47f859132d3ccea7b426e2104478df09e36d4a60644953272c7d80833c,1,0
"a0763_y60ubl.raw",1,0,255,0,0,1,504.267,1778.423,2680744,2680744,0,2585304,2585304,0,29268,11.689,1766.734,1048576,312380,fbc8b1282e918e98b5c8bf406125e12eaff15b9986b0d19370bedf3967c2daf8,1,0
"a0764_rgixeu.raw",1,0,255,0,0,1,538.028,1780.395,2680724,2680744,0,2585304,2585304,0,29268,11.604,1768.791,1048576,312380,2a370b6c1a9f0a420eb560cae52a6eaa15b667957fff1129f287c56b0b97d70c,1,0
"a0765_xd0bu7.raw",1,0,255,0,0,1,522.051,1779.148,2680724,2680744,0,2585304,2585304,0,29268,11.795,1767.353,1048576,312380,ca9ce69d3c48eabd716caedd517aeac73bcf5c0018a3841e9ab73f5b22771cb7,1,0
"a0766_ze9b3f.raw",1,0,255,0,0,1,505.579,1778.960,2680744,2680744,0,2585304,2585304,0,29268,12.416,1766.544,1048576,312380,4b6f922f3976b295c1814dd0803a8fa86a19fa444802ef5e4732ec6030f99637,1,0
"a0767_qwxmbg.raw",1,0,255,0,0,1,534.555,1779.316,2680724,2680764,0,2585304,2585304,0,29268,11.688,1767.628,1048576,312380,b32f1df11b26359830ba2b9aae75f2fe5a669b96d3dfc8ff356ab6c02b33e724,1,0
"a0768_jj4gjl.raw",1,0,255,0,0,1,569.262,1776.936,2680724,2680744,0,2585304,2585304,0,29268,11.814,1765.122,1048576,312380,9db04afe114d16eb2cf43fc5a22989756cd47f2912e9a89f69d4fbffdd13622c,1,0
"a0769_gitmsy.raw",1,5,251,0,0,1,554.435,1779.637,2680724,2680744,0,2585304,2585304,0,29268,11.889,1767.748,1048576,312380,ca29045df831b1fdc2d54efac0e6b9cacc1a01c097c186a80e811588d2c8de73,1,0
"a0770_aexvbp.raw",1,0,255,0,0,1,509.729,1779.221,2680744,2680744,0,2585304,2585304,0,29268,11.752,1767.469,1048576,312380,c0f725c508759de03b1cb5a5798f191dd5619a0fe0f81309d45fec5465f3e2ef,1,0
"a0771_upzakb.raw",1,0,255,0,0,1,525.093,1779.536,2680724,2680744,0,2585304,2585304,0,29268,11.740,1767.796,1048576,312380,7513b8bc67765a0f0287a18da2fb907b699757a80e5e7a6888fc17f3e138a234,1,0
"a0772_oxud4q.raw",1,0,255,0,0,1,551.416,1769.335,2680724,2680744,0,2585304,2585304,0,29268,12.348,1756.987,1048576,312380,27a2f7bd0eb558fe1ef60fe9aece4b745830b02f155cf1d32d92c13fd17c7720,1,0
"a0773_ru9dbg.raw",1,0,255,0,0,1,493.592,1771.718,2680744,2680744,0,2585304,2585304,0,29268,11.724,1759.994,1048576,312380,6c4585bad1b39830fc208b4bb122b6ffa39693288d2b91bea1f6f2dec7cce976,1,0
"a0774_nn8hcb.raw",1,0,255,0,0,1,509.552,1769.211,2680744,2680744,0,2585304,2585304,0,29268,11.760,1757.451,1048576,312380,078afc42277a26a097f1f6912f5e9ec9bd0dc35277f67e7402fcd1a21df26395,1,0
"a0775_o04m03.raw",1,0,255,0,0,1,524.415,1761.937,2680724,2680744,0,2585304,2585304,0,29268,11.667,1750.270,1048576,312380,b59c030e5bddff54ba251ecbc760cfb98f610a51dc616a0197bd6671a7a0bbc0,1,0
"a0776_negbbp.raw",1,0,255,0,0,1,540.040,1760.679,2680724,2680764,0,2585304,2585304,0,29268,11.706,1748.973,1048576,312380,24bafcd65b431561c1f850eaa315ca9f30e2695bc7b72ff44e928ea9a14459eb,1,0
"a0777_gqwblp.raw",1,0,255,0,0,1,532.883,1769.925,2680724,2680744,0,2585304,2585304,0,29268,11.621,1758.304,1048576,312380,952eb4ff7f0af02d4d60c3168ccba4ed1391d222478c3990c6c8287dc9c00f79,1,0
"a0778_qaafrk.raw",1,0,255,0,0,1,536.486,1763.495,2680724,2680744,0,2585304,2585304,0,29268,11.790,1751.705,1048576,312380,b36cc6db312d3e76396eee7d5940de8e22044e646c7c71bb67e19fe1d75b69dd,1,0
"a0779_bptrkt.raw",1,0,255,0,0,1,512.146,1770.129,2680724,2680744,0,2585304,2585304,0,29268,12.003,1758.126,1048576,312380,f754276590786d9c82c334ee4d9ee07cdd787230fb8e50f493edf3e299e3d4a3,1,0
"a0780_fz72nw.raw",1,0,255,0,0,1,545.196,1770.171,2680724,2680744,0,2585304,2585304,0,29268,11.761,1758.410,1048576,312380,f32bac776c66defa2bba11dc8491c2591327ab63e02b1ae42e5f21f8cd01feeb,1,0
"a0781_t9hi3t.raw",1,0,255,0,0,1,498.786,1769.892,2680744,2680744,0,2585304,2585304,0,29268,11.709,1758.183,1048576,312380,dc733edccf56ee4d43050aeee420a0c1a360e3614996d16e2219d10f13f31950,1,0
"a0782_vctoja.raw",1,0,255,0,0,1,533.959,1770.520,2680724,2680744,0,2585304,2585304,0,29268,11.710,1758.810,1048576,312380,2b28c8ba087532ae6db573da2a6ee2d4dc9dd511df3ad98451ed26c0bd0de338,1,0
"a0783_xnqnl3.raw",1,0,255,0,0,1,579.866,1764.674,2680724,2680744,0,2585304,2585304,0,29268,11.702,1752.972,1048576,312380,406ed3422556f432ec8a3409f9f459daca89c7940aab593d753deb3e9f7302ef,1,0
"a0784_qtsviy.raw",1,0,255,0,0,1,544.991,1768.701,2680724,2680744,0,2585304,2585304,0,29268,11.670,1757.031,1048576,312380,214f30128518a58070091b65f55a4d0c347e32ed701d9c88ff8868756a019f88,1,0
"a0785_msdluh.raw",1,0,255,0,0,1,555.748,1768.970,2680724,2680764,0,2585304,2585304,0,29268,11.779,1757.191,1048576,312380,c856644e35722d0ab3acf1179ab894c2a6275b9ded6ecdf59e0f11a02dfd3943,1,0
"a0786_h0hyyy.raw",1,0,255,0,0,1,614.288,1772.575,2680724,2680744,0,2585304,2585304,0,29268,11.677,1760.898,1048576,312380,aa2a78657a85a3210382ce78fa54e92aed14b167081c4be787a6494ac77c8437,1,0
"a0787_b6d0ky.raw",1,0,255,0,0,1,587.798,1770.815,2680724,2680744,0,2585304,2585304,0,29268,11.766,1759.049,1048576,312380,e1ff0e1cf7abf3d2a4ea4a27fa2c484d705c724c33c0756867343baf63c2d660,1,0
"a0788_twesiw.raw",1,0,255,0,0,1,779.451,1765.020,2680724,2680744,0,2585304,2585304,0,29268,11.707,1753.313,1048576,312380,ff6726583e0f5616e232b75adf86883fdb6454803df8c093089703bea0e58fb5,1,0
"a0789_gb92pe.raw",1,0,255,0,0,1,562.005,1765.277,2680724,2680744,0,2585304,2585304,0,29268,11.803,1753.474,1048576,312380,e03ce712b7cb862c90feec296634e7ffe32d1bc83a71061c6b04abd4b0c31f67,1,0
"a0790_bco4tj.raw",1,0,255,0,0,1,544.268,1765.647,2680724,2680744,0,2585304,2585304,0,29268,11.700,1753.947,1048576,312380,64a7d3c8cf3b96e127f2204cf52b5380b1c8c487a222858bcc6241f2aaaf0fd6,1,0
"a0791_wb6o3f.raw",1,0,255,0,0,1,532.751,1761.222,2680724,2680744,0,2585304,2585304,0,29268,11.823,1749.399,1048576,312380,8a53c111df60c3b5864db16bfeab8e1736f76f51656791704cc24083c78ca078,1,0
"a0792_pa5pgp.raw",1,0,255,0,0,1,503.028,1767.344,2680744,2680744,0,2585304,2585304,0,29268,11.747,1755.597,1048576,312380,83864ba43379c19a33c84a33a58914e34285e01fc9b05dac71bf3b98e0865dae,1,0
"a0793_vd9iof.raw",1,0,255,0,0,1,569.262,1764.965,2680724,2680744,0,2585304,2585304,0,29268,11.749,1753.216,1048576,312380,1f49a90c0265accfcafb268b1618bd36a1bb19e0bcc56b5200bceb12535b28e9,1,0
"a0794_k219ra.raw",1,0,255,0,0,1,484.241,1765.394,2680732,2680764,0,2585304,2585304,0,29268,12.091,1753.303,1048576,312380,ea2a858a26f17bab63509f637992b456c8d6dfcc4747538aa0f84b7691a542b9,1,0
"a0795_sb6rst.raw",1,0,255,0,0,1,506.263,1760.458,2680744,2680744,0,2585304,2585304,0,29268,11.807,1748.651,1048576,312380,a450621b632065e3994304c2e7cd60f076d21f73868567e89616011a668bd08f,1,0
"a0796_xclwib.raw",1,0,255,0,0,1,468.093,1762.927,2680724,2680744,0,2585304,2585304,0,29268,12.096,1750.831,1048576,312380,5735e4e3cd422428d967033f5d9b84b683cd50193890788594fce73ac46cfd2d,1,0
"a0797_egxwye.raw",1,0,255,0,0,1,1188.597,1763.508,2680724,2680744,0,2585304,2585304,0,29268,11.773,1751.735,1048576,312380,e3211daf7a5428367534664aba739720b0d8a2c095e00f7146dc907b3cebe675,1,0
"a0798_kva4rd.raw",1,0,255,0,0,1,488.880,1764.101,2680744,2680744,0,2585304,2585304,0,29268,11.806,1752.295,1048576,312380,39354f5365687ed186cd425073cb216ff0163c401bbc711c6d51fc99917eda58,1,0
"a0799_rjx1y5.raw",1,0,255,0,0,1,517.538,1766.702,2680724,2680744,0,2585304,2585304,0,29268,11.740,1754.962,1048576,312380,8fef304f066f7df72d40881aaa44c5fc3f59c2fb4c5fb38bf929464df18f473c,1,0
"a0800_tk2jif.raw",1,0,255,0,0,1,458.160,1766.154,2680724,2680744,0,2585304,2585304,0,29268,11.972,1754.182,1048576,312380,4aa33f1693714655a96d4203e958faf08641bcbe51eea663fdac798f37c58f60,1,0
"a0801_pmshvh.raw",1,0,255,0,0,1,633.297,1761.347,2680724,2680744,0,2585304,2585304,0,29268,11.885,1749.462,1048576,312380,3920fad6a53caa9eb2391b5e4191383cabdf696e0c2fc48b427c92cd7cc44dc4,1,0
"a0802_ekiupc.raw",1,0,255,0,0,1,494.475,1767.059,2680744,2680744,0,2585304,2585304,0,29268,11.670,1755.389,1048576,312380,428657e67d6be237ed63193ebb49b078d584609586d97a9491d0981b77bcb059,1,0
"a0803_xfgf45.raw",1,0,255,0,0,1,548.457,1766.486,2680724,2680752,0,2585304,2585304,0,29268,11.794,1754.692,1048576,312380,38cf664f71d649950a8dad85777edca66ae2bba506d287f668cb747d495294d4,1,0
"a0804_ooc5vn.raw",1,0,255,0,0,1,494.298,1766.773,2680696,2680744,0,2585304,2585304,0,29268,12.237,1754.536,1048576,312380,4bcf28cfbfd8537a0c3977738eda97bf38e6de0031051dc5cabde1e592957e2c,1,0
"a0805_dghslm.raw",1,0,255,0,0,1,495.439,1764.190,2680744,2680744,0,2585304,2585304,0,29268,11.612,1752.578,1048576,312380,0305f3fd532b3a3a516462e80524fecd318a878d36e389337132c080cd21cfcd,1,0
"a0806_wum0iu.raw",1,0,255,0,0,1,521.970,1767.757,2680732,2680744,0,2585304,2585304,0,29268,11.664,1756.093,1048576,312380,b0ee2afc8b79fce8bdfa8cfe155f639a65cbad083eae782f6b9d103d314254e5,1,0
"a0807_f3pigs.raw",1,0,255,0,0,1,554.278,1770.325,2680724,2680744,0,2585304,2585304,0,29268,11.675,1758.650,1048576,312380,f27defaeb9521804fde46b388ef03cb16c7a7d19cf53dba1bf7f40617eba7536,1,0
"a0808_rawpbf.raw",1,0,255,0,0,1,603.564,1772.442,2680724,2680744,0,2585304,2585304,0,29268,11.630,1760.812,1048576,312380,8655b0f9d3e8bf5d672b5fbfc8b0e2f7ba691a6e1868fd3b0b5de4f60c5740f9,1,0
"a0809_wfdsgj.raw",1,26,230,0,0,1,529.581,1765.043,2680724,2680744,0,2585304,2585304,0,29268,11.801,1753.242,1048576,312380,d7c771a88bc2024326713a126ee726b6e83d0f9542ba8e596c8035aaa057ac29,1,0
"a0810_ewvsfz.raw",1,0,255,0,0,1,594.441,1764.105,2680716,2680744,0,2585304,2585304,0,29268,11.710,1752.395,1048576,312380,05ff97576e72aa8eea97663f7c12ddd3d17f8148e4ba48afdd025e2d0225c025,1,0
"a0811_elqoqf.raw",1,0,255,0,0,1,591.175,1767.249,2680724,2680744,0,2585304,2585304,0,29268,11.794,1755.455,1048576,312380,3a4e7f739672473fb87ee72c9cc30589c7d6fa5da7165acc0ea8d560f2b6c824,1,0
"a0812_hsg2wa.raw",1,0,255,0,0,1,579.482,1769.014,2680724,2680752,0,2585304,2585304,0,29268,11.719,1757.295,1048576,312380,c4e15ec2935413ebf2ec3b0e42b9a19dcef252bde61144a2f2158270a0aa574d,1,0
"a0813_lqjwai.raw",1,0,255,0,0,1,753.666,1768.831,2680724,2680744,0,2585304,2585304,0,29268,11.645,1757.186,1048576,312380,5f9e790560ac0eb6727d79d35b5ad304554ff9e44a0ab36c62d838ecee6d7448,1,0
"a0814_nkzdfz.raw",1,0,255,0,0,1,518.723,1766.362,2680724,2680744,0,2585304,2585304,0,29268,11.673,1754.689,1048576,312380,7cdd83aba0b178e548a847eef3187e58bf6b1c755b68a5ee1bfffb4d48047b9c,1,0
"a0815_jb7ymq.raw",1,12,244,0,0,1,537.196,1766.385,2680724,2680744,0,2585304,2585304,0,29268,11.705,1754.680,1048576,312380,3a3db36c46e8d3a9bdceecfc80c9c9a6e344818f5f69a53719c12d1419a12f5d,1,0
"a0816_o4htwx.raw",1,0,255,0,0,1,512.468,1768.012,2680724,2680744,0,2585304,2585304,0,29268,11.713,1756.299,1048576,312380,beb6f6563326dff54e7778e9427717315f87202d3b1cf8281bea0f117e0f0f4a,1,0
"a0817_ocsex0.raw",1,0,255,0,0,1,531.546,1770.606,2680724,2680744,0,2585304,2585304,0,29268,11.675,1758.931,1048576,312380,29853419bcdb3b73453dedad4b5cda6d78f76c7391454fbd37fb48429bd687c5,1,0
"a0818_dpor8o.raw",1,0,255,0,0,1,502.875,1770.679,2680744,2680744,0,2585304,2585304,0,29268,11.761,1758.918,1048576,312380,fe0afc65ddd54b02d96bd8fb8f5504f4f9109e18d13cf9d13ac67bd95f24d4b1,1,0
"a0819_xuvowc.raw",1,0,255,0,0,1,510.411,1767.337,2680724,2680744,0,2585304,2585304,0,29268,11.791,1755.546,1048576,312380,c115a404b820f15aad6d16d2fcc5a8148d3cd580d38d9ab93c1904b9a1d41d7f,1,0
"a0820_paaohf.raw",1,0,255,0,0,1,553.819,1768.708,2680724,2680744,0,2585304,2585304,0,29268,11.763,1756.945,1048576,312380,e47a4d41090f1c0463e799b3b7c372c3bc483c79a87f5dd46799beff971266f1,1,0
"a0821_dx76jf.raw",1,0,255,0,0,1,502.358,1767.322,2680744,2680764,0,2585304,2585304,0,29268,11.682,1755.640,1048576,312380,e3079660769bc5d58e4e1f472024e7ceac12c12ca31b3860a0f31c4592771bca,1,0
"a0822_hiit6y.raw",1,0,255,0,0,1,748.409,1771.075,2680744,2680744,0,2585304,2585304,0,29268,11.833,1759.242,1048576,312380,00b3d9fcee25832eaa7b3b7256507de45536dc1aac1f95b55fd216b449574090,1,0
"a0823_ja8t9a.raw",1,0,255,0,0,1,550.904,1769.598,2680724,2680744,0,2585304,2585304,0,29268,12.024,1757.574,1048576,312380,aef79fae802a68e3a2eefac9710557dbdeff48463c127cc177c4f13ea874e7f0,1,0
"a0824_rxppzr.raw",1,0,255,0,0,1,576.901,1765.814,2680724,2680744,0,2585304,2585304,0,29268,11.662,1754.152,1048576,312380,64472a2c032e6a4362cce1d09bf01839ae6956ddf1d65e65d19a648500f83a8a,1,0
"a0825_auy9db.raw",1,0,255,0,0,1,532.467,1766.627,2680724,2680744,0,2585304,2585304,0,29268,11.786,1754.841,1048576,312380,af6d034fc93f6cec9ac717548d771fd2f1c3e086060774c81c9e832a4e8547e3,1,0
"a0826_qdzqux.raw",1,0,255,0,0,1,531.351,1765.669,2680724,2680744,0,2585304,2585304,0,29268,11.780,1753.889,1048576,312380,12f1a58d5ceb30a3f479f4d069ae02f7b2615811a1b8f1286d6ade4967dbd7b4,1,0
"a0827_emcfqn.raw",1,1,255,0,0,1,512.034,1765.632,2680744,2680744,0,2585304,2585304,0,29268,12.080,1753.552,1048576,312380,63617811ca7ead9e4129abf3242a24168a8e561fdb6faee03261ce9445d1672d,1,0
"a0828_ct8vho.raw",1,0,255,0,0,1,550.251,1766.112,2680724,2680744,0,2585304,2585304,0,29268,11.712,1754.400,1048576,312380,87eea7e01c6b6f33505fe092d5c3f75c6e97c6bb039a65964429c7dd317153f0,1,0
"a0829_wgpf7s.raw",1,0,255,0,0,1,493.589,1768.211,2680744,2680744,0,2585304,2585304,0,29268,11.839,1756.372,1048576,312380,98f9b2c8ef7aabb885f4e59845b6563a96afa88856b3852f68a6e007c9d9ee1b,1,0
"a0830_qrkzkk.raw",1,0,255,0,0,1,480.453,1762.976,2680724,2680764,0,2585304,2585304,0,29268,11.944,1751.032,1048576,312380,b8a9b589a3dfbac8aaef314f479dadbdf6eaa69fb1d25d0dbec07cff005f1f47,1,0
"a0831_jcvthf.raw",1,1,255,0,0,1,734.687,1766.497,2680724,2680744,0,2585304,2585304,0,29268,11.809,1754.688,1048576,312380,ba9ee898fcf33b33fe6c07f6f196efa945e4454d6e83abc6c6ca733294aa47fa,1,0
"a0832_sybcyr.raw",1,0,255,0,0,1,1373.090,1766.112,2680724,2680744,0,2585304,2585304,0,29268,11.798,1754.314,1048576,312380,2074fe904a44c8b016c5ee01f8bca46c29ee2a21a24cb02506cd0a43af9b2359,1,0
"a0833_dm6xib.raw",1,0,255,0,0,1,475.235,1768.093,2680724,2680744,0,2585304,2585304,0,29268,11.830,1756.263,1048576,312380,a7c6c94997ba1a568e065697ee90bee2bf982bba7f5c4312d666674ca40e55a0,1,0
"a0834_p7u54n.raw",1,0,255,0,0,1,1632.496,1763.842,2680724,2680744,0,2585304,2585304,0,29268,11.658,1752.184,1048576,312380,242a6e0d658be2166731404b39ca8a25f6b6dd34005034ce39fb6e2b333afedd,1,0
"a0835_vantug.raw",1,0,255,0,0,1,1146.951,1767.515,2680724,2680744,0,2585304,2585304,0,29268,11.700,1755.815,1048576,312380,a36709bbb02f4aedcd8f0e4c2644f2d23ea0bedf825ad35d6afdd811729bd730,1,0
"a0836_mun9q0.raw",1,0,255,0,0,1,549.964,1767.225,2680724,2680744,0,2585304,2585304,0,29268,11.804,1755.421,1048576,312380,29670fa59f2aed9052293d86de11019eb2ac69092451ec1e2dac8118314bf729,1,0
"a0837_scdivg.raw",1,0,255,0,0,1,503.985,1761.452,2680744,2680744,0,2585304,2585304,0,29268,11.689,1749.763,1048576,312380,878dbe76e549673e7d7bad68b521ef53e569126b1be9737663013dde2adfcd2a,1,0
"a0838_bpbznd.raw",1,0,255,0,0,1,491.583,1765.511,2680744,2680764,0,2585304,2585304,0,29268,11.705,1753.806,1048576,312380,a83e89cfce76044a857f98c4fb313ecb0158e582d6823959473de2ffd2e41afd,1,0
"a0839_kbw6wl.raw",1,0,255,0,0,1,553.822,1768.652,2680724,2680744,0,2585304,2585304,0,29268,11.789,1756.863,1048576,312380,992a8984c0c4faecde79ed7a30d879f4c18a6945966588eeca8dd7ce238e6d0c,1,0
"a0840_vmqgjq.raw",1,0,255,0,0,1,492.444,1759.206,2680744,2680744,0,2585304,2585304,0,29268,11.642,1747.564,1048576,312380,cd272a024832b282921eca1db10611dca03f32bd7159744a731dd1516edd532f,1,0
"a0841_tykaik.raw",1,0,255,0,0,1,525.247,1766.196,2680724,2680744,0,2585304,2585304,0,29268,11.694,1754.502,1048576,312380,7fd69da3c7ffd4c53d24cca10a5f83fc9c2fa5690ca5853cbde659cddff2ffd0,1,0
"a0842_yjt6jg.raw",1,0,255,0,0,1,542.518,1766.656,2680724,2680744,0,2585304,2585304,0,29268,11.659,1754.997,1048576,312380,7e0b13e6a9ce864e5fe33fb5aa971f0f0368f98f07fd71c962482f9d316d34a8,1,0
"a0843_sxn9db.raw",1,0,255,0,0,1,534.689,1763.537,2680724,2680744,0,2585304,2585304,0,29268,11.823,1751.714,1048576,312380,b04e2d91bb835065e3e13cfadd10f599b76d99cde9960cc5e4ef26da8fe05ca5,1,0
"a0844_orspbr.raw",1,0,255,0,0,1,524.994,1764.640,2680724,2680744,0,2585304,2585304,0,29268,11.775,1752.865,1048576,312380,00d023266f6fa792bd687471edfac554b79b206c55adacd2da6b4e08fe783643,1,0
"a0845_t6gxnm.raw",1,0,255,0,0,1,1172.577,1767.085,2680724,2680744,0,2585304,2585304,0,29268,11.661,1755.424,1048576,312380,408e271dedd039ed28c3fb05ec38f3c4fcd5d2ffbd4b0a730186a7c89957c0b2,1,0
"a0846_bh9gxd.raw",1,0,255,0,0,1,542.716,1767.990,2680724,2680744,0,2585304,2585304,0,29268,11.772,1756.218,1048576,312380,ea2df6e5cf816894b4abbaa0f7b299eda7f92c0edb68a0fd8f4644493256f55d,1,0
"a0847_ybdqxw.raw",1,0,255,0,0,1,509.494,1759.978,2680744,2680764,0,2585304,2585304,0,29268,11.768,1748.210,1048576,312380,46609e377b50a7613d97af559f55be1b3d6d489d81211d26f391fc3215f8012c,1,0
"a0848_ncpp26.raw",1,0,255,0,0,1,540.561,1769.900,2680724,2680744,0,2585304,2585304,0,29268,12.698,1757.202,1048576,312380,d35c0a099beb39fab093a7177a9108cca80e3c8620013d372ffc9a9130a84035,1,0
"a0849_atsaxb.raw",1,0,255,0,0,1,527.877,1765.021,2680724,2680744,0,2585304,2585304,0,29268,11.990,1753.031,1048576,312380,f8c237b3296de978bb932e4a95f51e456b869f9ab2e895b8f131e462602539cb,1,0
"a0850_hxq9qe.raw",1,0,255,0,0,1,505.983,1763.364,2680724,2680744,0,2585304,2585304,0,29268,11.726,1751.638,1048576,312380,b095781e91cdda9821ef22ea9e309957dda91bf7b42da42167138462d4734f5a,1,0
"a0851_gyh0is.raw",1,0,255,0,0,1,505.860,1764.696,2680724,2680744,0,2585304,2585304,0,29268,11.593,1753.103,1048576,312380,11ed51d50ed06295dc8586da2fd2c21659b6a2c1af27f623e8501eeafadd60a2,1,0
"a0852_t8myv6.raw",1,0,255,0,0,1,555.936,1768.768,2680724,2680744,0,2585304,2585304,0,29268,11.612,1757.156,1048576,312380,b4efe889cc47a67a9adca0bf3180b9ad16f39f0bf7cdde961955f4ab6eb2121e,1,0
"a0853_v7iovm.raw",1,0,255,0,0,1,527.341,1762.917,2680724,2680744,0,2585304,2585304,0,29268,11.569,1751.348,1048576,312380,cebb5dab1159f87aee32b0714505da2519b5384a272c505ddd62a2f2893f8233,1,0
"a0854_kt4cfx.raw",1,0,255,0,0,1,495.011,1764.322,2680744,2680744,0,2585304,2585304,0,29268,11.975,1752.347,1048576,312380,1e7d368f489304e1b10a7ad87e5f119aaa8532cfde0dc180721515e26ea01cb6,1,0
"a0855_msi9bq.raw",1,0,255,0,0,1,534.080,1769.438,2680724,2680744,0,2585304,2585304,0,29268,11.620,1757.818,1048576,312380,a0fae63ffd35e2d15412584acd51f99ef4517b9563c6b6aed4c77ae4c96a07e5,1,0
"a0856_qb3144.raw",1,1,255,0,0,1,508.742,1771.668,2680744,2680744,0,2585304,2585304,0,29268,11.652,1760.016,1048576,312380,dba72ed81222f148c2160a240c56175f44ee70031c8da593443ea6592a64bf28,1,0
"a0857_evjxmt.raw",1,0,255,0,0,1,534.480,1771.909,2680724,2680744,0,2585304,2585304,0,29268,11.627,1760.282,1048576,312380,80bdbcf98afda102401fe6785d0509288bd217bdf3e15773f429bd1898ca529b,1,0
"a0858_tbkvom.raw",1,0,255,0,0,1,499.283,1769.800,2680744,2680744,0,2585304,2585304,0,29268,11.639,1758.161,1048576,312380,3dfe8da527cc63dedc1362475431bb18d7cf1ca5340b8c8a0a279e36884d22a5,1,0
"a0859_xevmvq.raw",1,0,255,0,0,1,535.098,1768.045,2680724,2680744,0,2585304,2585304,0,29268,11.588,1756.457,1048576,312380,6e61e582b390face7cd1e279c519872255e76c4ab25a473b4dab81a9cec2e6b3,1,0
"a0860_ypkcpl.raw",1,0,255,0,0,1,528.368,1770.404,2680724,2680744,0,2585304,2585304,0,29268,11.731,1758.673,1048576,312380,af6ad569152837e3162221f9facb34b3cd96d6f7d0e9d40294e07fb8b7c413f3,1,0
"a0861_to1dkl.raw",1,0,255,0,0,1,515.877,1764.771,2680724,2680744,0,2585304,2585304,0,29268,11.740,1753.031,1048576,312380,83adade61e78db446b81a50dda77d573ad0f6d90004884a6ded3a4c3bd956ac7,1,0
"a0862_vjnuox.raw",1,0,255,0,0,1,530.459,1770.349,2680724,2680744,0,2585304,2585304,0,29268,12.456,1757.893,1048576,312380,71e83957706380d49b209760d11a292dbc048a79f2e17e138b4697cefdfebcd9,1,0
"a0863_t6og9h.raw",1,0,255,0,0,1,515.788,1775.329,2680724,2680744,0,2585304,2585304,0,29268,11.683,1763.646,1048576,312380,91269eab43d9f364182fa9d1aee9a87aa92442b77e7da8c6a94d4fbb064204b1,1,0
"a0864_jo5rr4.raw",1,0,255,0,0,1,575.475,1765.289,2680724,2680744,0,2585304,2585304,0,29268,11.570,1753.719,1048576,312380,c71c3f8ebd4ba5b6e00bc58544cbaa4c7e51338bf41fba04ecd87d0454cdf055,1,0
"a0865_p2e5xc.raw",1,0,255,0,0,1,518.301,1769.413,2680724,2680744,0,2585304,2585304,0,29268,11.686,1757.727,1048576,312380,d5c07f3114ff169957552ec283e398056e648b3d11968feaac18093b5fdf5e1e,1,0
"a0866_csdd84.raw",1,0,255,0,0,1,538.973,1765.508,2680724,2680744,0,2585304,2585304,0,29268,11.604,1753.904,1048576,312380,064f00e9852b5e52fbdcf0bbef9fd16dbaeb473ef727ecd7b020d78e73559b2b,1,0
"a0867_yuoqce.raw",1,0,255,0,0,1,566.359,1774.397,2680724,2680744,0,2585304,2585304,0,29268,11.660,1762.737,1048576,312380,fffffca5955e2420f30985d004f4263badfc7068078fbd236a97069241b7f0a0,1,0
"a0868_meddym.raw",1,0,255,0,0,1,530.229,1768.501,2680724,2680744,0,2585304,2585304,0,29268,11.620,1756.881,1048576,312380,fa14c20b56984be90126d8078cefd73dbd5a2641dc7f4ca09839007869e680ab,1,0
"a0869_mengeh.raw",1,0,255,0,0,1,510.494,1776.688,2680744,2680744,0,2585304,2585304,0,29268,11.755,1764.933,1048576,312380,ae38fdbeff86f692b8e69f1737cfef74ae97f646c352fd580b1db05f3347c495,1,0
"a0870_lr9loo.raw",1,0,255,0,0,1,497.711,1780.484,2680744,2680744,0,2585304,2585304,0,29268,11.920,1768.564,1048576,312380,25bc88efba81fe3050a3a04f5d6f3d0df4a4a46bb567059eec98781b0bbd9d2d,1,0
"a0871_g1yqnr.raw",1,0,255,0,0,1,500.790,1780.867,2680752,2680744,8,2585304,2585304,0,29268,11.605,1769.262,1048576,312380,1bb47d2d39e833c669b38734a2fa4d1dda0cb40703a6397d3291bbd03f0be82b,1,0
"a0872_cwd26g.raw",1,0,255,0,0,1,523.839,1781.365,2680724,2680744,0,2585304,2585304,0,29268,11.569,1769.796,1048576,312380,9ac6819e3ffbf6932ed72ac00cb24f5427d6f335c571b41c438ef6a0dcb2dd5a,1,0
"a0873_n7uczw.raw",1,0,255,0,0,1,564.737,1779.259,2680724,2680744,0,2585304,2585304,0,29268,11.673,1767.586,1048576,312380,8ccd2badac7106b8b9596388254ff755c0c3b3da4c6102028e0e448ffa457b8a,1,0
"a0874_atkpzx.raw",1,0,255,0,0,1,592.215,1782.956,2680724,2680744,0,2585304,2585304,0,29268,11.698,1771.258,1048576,312380,db8fc83ac46b5ddb5c0af79a5cfa74674d86b6a5b9237e3272705eeeca94db8d,1,0
"a0875_tzaliv.raw",1,0,255,0,0,1,526.975,1778.229,2680728,2680732,0,2585304,2585304,0,29268,11.668,1766.561,1048576,312380,83a5bc111a007b6a04b49515631b1d1437c1818da7eb9b163078fcbb06f95a17,1,0
"a0876_cjzvjc.raw",1,0,255,0,0,1,543.908,1775.063,2680720,2680744,0,2585304,2585304,0,29268,12.342,1762.721,1048576,312380,4270c910fd7aeead9eeaf6d4843ebb27be2320cf048e3876015d5281f16a1619,1,0
"a0877_y9gzac.raw",1,0,255,0,0,1,521.194,1774.882,2680724,2680744,0,2585304,2585304,0,29268,12.642,1762.240,1048576,312380,65616d111806dc3ac699d41efdde70dd1a257b58841a40ae67d5e8aa587bc580,1,0
"a0878_dlogyd.raw",1,0,255,0,0,1,545.671,1769.570,2680724,2680744,0,2585304,2585304,0,29268,11.580,1757.990,1048576,312380,cb0caa855300e3990b84091983a104a5bd2eae712dca9b15699d2e2c6e9d22a2,1,0
"a0879_myemcq.raw",1,0,255,0,0,1,521.530,1766.535,2680724,2680744,0,2585304,2585304,0,29268,11.753,1754.782,1048576,312380,1bf4772b1084f0ec12e8b3483b7d7a8ae68281856bd14085d5e90e3f9e0d4b81,1,0
"a0880_cfnnmp.raw",1,0,255,0,0,1,502.537,1771.429,2680744,2680744,0,2585304,2585304,0,29268,11.695,1759.734,1048576,312380,25d9ab82b4685d0825ba756c49512e423096f9550fcbb29152aef84a31d7938b,1,0
"a0881_ljtvq1.raw",1,0,255,0,0,1,489.788,1771.795,2680744,2680744,0,2585304,2585304,0,29268,11.661,1760.134,1048576,312380,7d4978cfc0e1817f1e4db1637c815a3f895d5fbb91fb3ab9dbd00633458f01a2,1,0
"a0882_a84tnc.raw",1,0,255,0,0,1,527.247,1775.523,2680724,2680744,0,2585304,2585304,0,29268,11.726,1763.797,1048576,312380,3c36b5f70fe8cd65ff99a35b963ef6ce61af3f9ae42644d6d839af5d991b9697,1,0
"a0883_pmjcjh.raw",1,0,255,0,0,1,484.950,1782.307,2680724,2680744,0,2585304,2585304,0,29268,11.838,1770.469,1048576,312380,34ff51db90e1f47bb7a996ba0f27d821dacdd4cca97cfd2d0ae605c9ef1bd398,1,0
"a0884_gfbw71.raw",1,0,255,0,0,1,552.087,1779.272,2680724,2680744,0,2585304,2585304,0,29268,11.685,1767.587,1048576,312380,70a781459f4279b53c652abfa90553607a1c26eab4a67f03ff49bdd100a573a4,1,0
"a0885_fhifeg.raw",1,0,255,0,0,1,728.494,1781.105,2680728,2680744,0,2585304,2585304,0,29268,11.759,1769.346,1048576,312380,5a86e6a535d3fb2839223aaecca4628bdf2691877bfa7afd1ee29cd83c5c54b8,1,0
"a0886_rdx8hw.raw",1,0,255,0,0,1,524.791,1780.640,2680724,2680744,0,2585304,2585304,0,29268,11.659,1768.981,1048576,312380,1c373c086a4e635bd7a03c7fb7e503c91f36372a4e3affd6b97b2e468c37d7b1,1,0
"a0887_ugr4tq.raw",1,0,255,0,0,1,537.707,1778.876,2680724,2680744,0,2585304,2585304,0,29268,11.613,1767.263,1048576,312380,54b58b671db63b1bd52af234d69ecc8608e3b82dcbfc7d6e50005ba30dbb1792,1,0
"a0888_dddc2r.raw",1,0,255,0,0,1,494.044,1782.925,2680744,2680744,0,2585304,2585304,0,29268,12.756,1770.169,1048576,312380,061acad059b00d38ff5ac93bc04d20d8b93bfdd5901e5909b194d8c7b8c0123e,1,0
"a0889_p7edum.raw",1,19,237,0,0,1,494.376,1779.409,2680744,2680744,0,2585304,2585304,0,29268,11.720,1767.689,1048576,312380,4f750f14a6be0644e192f530f75a83515840c38f244eadb86bece6a6dc33e94f,1,0
"a0890_nsgjou.raw",1,0,255,0,0,1,543.198,1784.587,2680724,2680744,0,2585304,2585304,0,29268,11.967,1772.620,1048576,312380,7cb8bef867605b5ec72d0eafb7ea76b4cc5b0997262c4a3c6a733b4326a64061,1,0
"a0891_xrxbn8.raw",1,0,255,0,0,1,501.219,1780.272,2680744,2680744,0,2585304,2585304,0,29268,11.729,1768.543,1048576,312380,ae174d34d2e07f9d0bd108aa0b1e117025166c55604160d742d558e64324d294,1,0
"a0892_trop1o.raw",1,0,255,0,0,1,536.373,1781.268,2680724,2680744,0,2585304,2585304,0,29268,11.630,1769.638,1048576,312380,d7dab6f6cf7911de414c847b24edde6b0b6b1a482b7856133cfddb215e46f86f,1,0
"a0893_pidjvq.raw",1,0,255,0,0,1,512.491,1782.320,2680724,2680744,0,2585304,2585304,0,29268,11.605,1770.715,1048576,312380,26a0804ceaf6d6fe862cc5181ba8c71dc9cc9e1704f169f38f2b3bdc67f5c5af,1,0
"a0894_xkszfb.raw",1,0,255,0,0,1,536.606,1782.727,2680724,2680744,0,2585304,2585304,0,29268,11.869,1770.858,1048576,312380,88ade5490e0a1937e3b55c199c44a6c659aee2bc72786dc35acac2636e4cb5b8,1,0
"a0895_fqwgdf.raw",1,65,191,0,0,1,539.961,1780.277,2680724,2680744,0,2585304,2585304,0,29268,11.687,1768.590,1048576,312380,efe7debe58a47ab16ae4a51abce48d35b3c9e0e882c7b2eab4df5aae1e5909e0,1,0
"a0896_itt8b0.raw",1,5,251,0,0,1,595.981,1782.353,2680724,2680744,0,2585304,2585304,0,29268,11.683,1770.670,1048576,312380,994b63842ba0d8090e37bb2cb4cc64afa0faba690029e3520ff77beffa0ba89f,1,0
"a0897_m8645c.raw",1,2,254,0,0,1,541.840,1782.355,2680724,2680744,0,2585304,2585304,0,29268,12.390,1769.965,1048576,312380,373b5bac633eefa6120002d1644b796c6a3910d9ce0df1b44e813858fa9c4fd1,1,0
"a0898_rzwgnv.raw",1,151,105,1,0,0,592.044,1779.416,2680728,2680744,0,2585304,2585304,0,29268,11.636,1767.780,1048576,312380,73ace1bce429103ad04adbfd1b8889c39aa53e4c8a4f8b6233fec9438e810602,1,0
"a0899_quzq7p.raw",1,1,255,0,0,1,629.147,1781.470,2680724,2680744,0,2585304,2585304,0,29268,11.736,1769.734,1048576,312380,7a18bcf76b1c9ad7e4aaaebb2f7470469322298d16429340a2911111333c4713,1,0
"a0900_iabglw.raw",1,2,254,0,0,1,544.952,1783.319,2680724,2680744,0,2585304,2585304,0,29268,12.662,1770.657,1048576,312380,d2450de7d8cc3c303b88ce7883846d3ee0cbe87f8781691d7dc8d72b75eb7023,1,0
"a0901_ilsl9y.raw",1,0,255,0,0,1,520.414,1782.627,2680724,2680744,0,2585304,2585304,0,29268,11.955,1770.672,1048576,312380,c00171c3b68f1a96163903e652c3b55cf22d0c9005177f2ecb54bd0f06a692e5,1,0
"a0902_rembu7.raw",1,0,255,0,0,1,498.075,1779.103,2680744,2680744,0,2585304,2585304,0,29268,11.683,1767.420,1048576,312380,3f991887dd0c5432dcfb231fd46b0bdc10699b74464a44ee67d22c99a3b53372,1,0
"a0903_m8c2rs.raw",1,3,253,0,0,1,545.541,1780.753,2680724,2680744,0,2585304,2585304,0,29268,11.910,1768.843,1048576,312380,36babf92301cdc036f076f723bd236b4a44ec16f10478e04f89477c3d15d1332,1,0
"a0904_uvav8u.raw",1,0,255,0,0,1,521.823,1781.846,2680724,2680744,0,2585304,2585304,0,29268,11.964,1769.882,1048576,312380,0a8b557c7b6fa500603da6b4e14440c793332649e24ababf3b3f7414f6e808b8,1,0
"a0905_qf09nh.raw",1,0,255,0,0,1,525.114,1782.427,2680724,2680744,0,2585304,2585304,0,29268,11.989,1770.438,1048576,312380,98a68921093a762e670abf8c9a5a896d1bbfc7d9b2942f40d51f0861ed6048f1,1,0
"a0906_vfzxgn.raw",1,0,255,0,0,1,617.889,1782.784,2680724,2680744,0,2585304,2585304,0,29268,11.735,1771.049,1048576,312380,81a96eef097c1495c288937a42c8ba364f9256c0252c38853261bf86fe20fa6b,1,0
"a0907_gtspia.raw",1,0,255,0,0,1,528.894,1782.724,2680724,2680744,0,2585304,2585304,0,29268,11.916,1770.808,1048576,312380,ee5177c1a53cdd7508b613e751bf54686d7b9444bc7fdc55792dac727049ff82,1,0
"a0908_zsoqqj.raw",1,0,255,0,0,1,503.616,1782.695,2680744,2680744,0,2585304,2585304,0,29268,11.729,1770.966,1048576,312380,3aaed876e67d69337192b14db0e4cec2cc065db27b012a33ae9ef4f6d4cffe26,1,0
"a0909_abdxqi.raw",1,0,255,0,0,1,542.320,1781.758,2680724,2680744,0,2585304,2585304,0,29268,12.370,1769.388,1048576,312380,0511182fc8c88f42353bd39204ea5ef07b3f1131903465ce5bcf81204938e57b,1,0
"a0910_wmnbxs.raw",1,0,255,0,0,1,522.518,1782.415,2680724,2680744,0,2585304,2585304,0,29268,12.324,1770.091,1048576,312380,22ff29179c9280d8d1b9eff1e842b088c49550cd7fe73e16cce5851fd4419343,1,0
"a0911_qhshgz.raw",1,0,255,0,0,1,511.248,1781.352,2680724,2680744,0,2585304,2585304,0,29268,11.961,1769.391,1048576,312380,0a091fe79f57b69d99041b3c2199034968579c9373889dc3ac5f49af4542370d,1,0
"a0912_hsoiv1.raw",1,0,255,0,0,1,550.293,1781.816,2680724,2680744,0,2585304,2585304,0,29268,11.682,1770.134,1048576,312380,ae5e815305924acda3951af428f3688efcf83f39f9fdc554b274fb8d0fbe3970,1,0
"a0913_zdvegf.raw",1,0,255,0,0,1,512.223,1781.391,2680724,2680744,0,2585304,2585304,0,29268,11.686,1769.705,1048576,312380,13cf1079cfc2110b091e4e299771b019916fee046a2a3a61e3d9545dabff40c0,1,0
"a0914_fw1mbt.raw",1,0,255,0,0,1,560.753,1778.072,2680732,2680744,0,2585304,2585304,0,29268,11.673,1766.399,1048576,312380,b46cbcf4362f0803741268a498422dc9d13b755bd0051080dc4be284e46f00f1,1,0
"a0915_onsav3.raw",1,0,255,0,0,1,502.245,1780.121,2680744,2680744,0,2585304,2585304,0,29268,11.645,1768.476,1048576,312380,4e3cc623eb8790bf6274f87473ca72fc7ae03e65e0f75d7fa5c7f25ad274dd0f,1,0
"a0916_vzortr.raw",1,0,255,0,0,1,545.709,1779.118,2680724,2680744,0,2585304,2585304,0,29268,11.576,1767.542,1048576,312380,b5280b091c198b78a30fc431efc890222e76eac9378755adaabf38aee32545c5,1,0
"a0917_rimnro.raw",1,0,255,0,0,1,496.574,1780.658,2680744,2680744,0,2585304,2585304,0,29268,11.655,1769.003,1048576,312380,dad4397542e670571a830b7e65fc81f11053cf613275d90c87eda586368a776e,1,0
"a0918_let3nb.raw",1,0,255,0,0,1,524.679,1779.999,2680724,2680744,0,2585304,2585304,0,29268,11.577,1768.422,1048576,312380,bff3d225421928a0cd8954186944d5032efe42cdada53a3fc4a55f4ba68a5266,1,0
"a0919_thhrs9.raw",1,0,255,0,0,1,562.816,1780.679,2680724,2680744,0,2585304,2585304,0,29268,11.644,1769.035,1048576,312380,0425c530e584ad175727f57deb273e7fb767db29a6e02d0933bdd77493ca8ff9,1,0
"a0920_tzu4or.raw",1,0,255,0,0,1,520.158,1778.958,2680724,2680744,0,2585304,2585304,0,29268,11.676,1767.282,1048576,312380,40456b0b044b9a9de8843c6e7cc0abd815bec922e6df860743731bb95f5f4dfc,1,0
"a0921_xwl2m2.raw",1,1,255,0,0,1,502.579,1778.840,2680744,2680744,0,2585304,2585304,0,29268,11.655,1767.185,1048576,312380,1aefe9f81b382f9be27cd29f01342227f77ed09120c9a7874122a88bb8d14260,1,0
"a0922_ptnhyf.raw",1,0,255,0,0,1,511.556,1780.522,2680724,2680744,0,2585304,2585304,0,29268,11.585,1768.937,1048576,312380,993fb51284a3caa03f3638a2275e326dc5c663756900c6037b0eee9211c90a82,1,0
"a0923_zhqnfa.raw",1,0,255,0,0,1,536.578,1780.976,2680724,2680744,0,2585304,2585304,0,29268,11.593,1769.383,1048576,312380,04ec7e96d915f01b5788256e37001e221886269daabffec1d6099f5c15f6253c,1,0
"a0924_yrvcde.raw",1,0,255,0,0,1,523.758,1777.164,2680724,2680744,0,2585304,2585304,0,29268,11.662,1765.502,1048576,312380,8be64cb6aa4cfc4e4cc947f82ce5f9c94009151107f231b29aac60ef130fc479,1,0
"a0925_jojxoz.raw",1,0,255,0,0,1,555.226,1782.412,2680724,2680744,0,2585304,2585304,0,29268,11.652,1770.760,1048576,312380,1a89ed7a91eece3f5a8fb0e42581d19a73f9f284508dc9c6bfe58aa5ecb96e88,1,0
"a0926_s5fqda.raw",1,3,253,0,0,1,536.850,1781.975,2680724,2680744,0,2585304,2585304,0,29268,11.601,1770.374,1048576,312380,4bcd40382d2c25aed29fb9a36f06c426939f590b24349b0aba72a386e348d089,1,0
"a0927_agxdjn.raw",1,0,255,0,0,1,522.525,1780.946,2680724,2680744,0,2585304,2585304,0,29268,11.748,1769.198,1048576,312380,fe0e2b33fdee34874903160208b9426997bfe68df1c2f996c4db003805a78c12,1,0
"a0928_nxwt0j.raw",1,0,255,0,0,1,516.057,1782.347,2680724,2680744,0,2585304,2585304,0,29268,11.751,1770.596,1048576,312380,705f3eab6a2454a86345a7635003f43049faadca3099f53d9bb2f3cddc601609,1,0
"a0929_insdo7.raw",1,0,255,0,0,1,516.706,1782.550,2680724,2680744,0,2585304,2585304,0,29268,11.677,1770.873,1048576,312380,7add8ef11e110051515448fbfa288f4ecf29ec2a4bda455cfd59c4b4bef604eb,1,0
"a0930_nstgfg.raw",1,0,255,0,0,1,523.911,1777.872,2680724,2680744,0,2585304,2585304,0,29268,11.670,1766.202,1048576,312380,2ccde73818b80fc13110048b50fa40ba607ae16d1f6396db9086e4ba35994a7c,1,0
"a0931_cvujv4.raw",1,0,255,0,0,1,516.931,1782.117,2680724,2680744,0,2585304,2585304,0,29268,11.609,1770.508,1048576,312380,0e32865e068af23f7db789acffc99b304d2f3ad9beceb4eab9bbb88be5896ad2,1,0
"a0932_qenein.raw",1,0,255,0,0,1,599.982,1780.614,2680724,2680744,0,2585304,2585304,0,29268,11.634,1768.980,1048576,312380,04893d53a9e46bfa29fa0239db639864b9f413a40bddd0136b62c091cc417909,1,0
"a0933_ddzhlj.raw",1,0,255,0,0,1,570.310,1779.714,2680724,2680744,0,2585304,2585304,0,29268,11.858,1767.856,1048576,312380,41644077af723868f1f6a1831b3d483f3b071921bb329197f91926b0ce443323,1,0
"a0934_h9y6jq.raw",1,0,255,0,0,1,554.425,1779.812,2680724,2680744,0,2585304,2585304,0,29268,11.662,1768.150,1048576,312380,0ac1e20e3a21904396739c83bbc38b45a21f9c89647bf05ed8b3529cc2e29ab5,1,0
"a0935_wkfaia.raw",1,0,255,0,0,1,560.822,1781.156,2680724,2680744,0,2585304,2585304,0,29268,11.634,1769.522,1048576,312380,e2c512e8c7377c9ac0d14618098e59a99e3830efa996670682bc722256099acb,1,0
"a0936_bokibz.raw",1,0,255,0,0,1,516.732,1778.871,2680724,2680744,0,2585304,2585304,0,29268,11.627,1767.244,1048576,312380,8f7555e32bf60c22cbf6ab332ea02178b07fed152ad6572daf27a4ab8d49c341,1,0
"a0937_q2grnt.raw",1,0,255,0,0,1,510.392,1776.282,2680724,2680744,0,2585304,2585304,0,29268,11.671,1764.611,1048576,312380,1e1040f056838431c7552e72a442b2a978fd9739605502852c9282c20766c8b1,1,0
"a0938_zlqrwc.raw",1,4,252,0,0,1,530.242,1782.772,2680724,2680744,0,2585304,2585304,0,29268,11.585,1771.187,1048576,312380,ee1e3e8a83213a9ea661132bef33ada99737df002673288e50c3392593aca32a,1,0
"a0939_gnzseb.raw",1,0,255,0,0,1,574.389,1783.511,2680724,2680744,0,2585304,2585304,0,29268,12.013,1771.498,1048576,312380,69acd929a48de3b767e5e93f364fffc3d0b60d7fbe7c85fb9ed7947df2ffe71f,1,0
"a0940_cedhge.raw",1,0,255,0,0,1,543.805,1781.963,2680724,2680744,0,2585304,2585304,0,29268,11.578,1770.385,1048576,312380,867dc0c2d888283d32a44c942b8c77bfb1ab8551bf7cdb555e36338f515f2dae,1,0
"a0941_p7wolj.raw",1,0,255,0,0,1,526.087,1781.374,2680724,2680744,0,2585304,2585304,0,29268,11.630,1769.744,1048576,312380,b5800cbc77a8dc2679664c3442fcb69ea8957f7067336404a55210b75b4af4ed,1,0
"a0942_nrr0yn.raw",1,9,247,0,0,1,519.809,1778.126,2680724,2680744,0,2585304,2585304,0,29268,11.653,1766.473,1048576,312380,116a996a003bb7be78356cfaf05354967a5753a184ac6d49fabc1a1f5655bc56,1,0
"a0943_z4hnpo.raw",1,0,255,0,0,1,632.717,1778.176,2680724,2680744,0,2585304,2585304,0,29268,11.569,1766.607,1048576,312380,54a1f9dea058656237c1245f818521bb9de218701074fea3efc0953827083b11,1,0
"a0944_v7qrn1.raw",1,0,255,0,0,1,528.430,1777.153,2680724,2680744,0,2585304,2585304,0,29268,11.680,1765.473,1048576,312380,4434dba803de0912588c825002654d42f92afc26f6a517ff4c0d562e66d31320,1,0
"a0945_doysg3.raw",1,1,255,0,0,1,496.985,1781.758,2680744,2680744,0,2585304,2585304,0,29268,12.646,1769.112,1048576,312380,6a36a7b98285d5f077ba6cebddd56c4379c4aa20056bbdaf1ba8eb027c90724b,1,0
"a0946_urjknv.raw",1,0,255,0,0,1,537.735,1776.667,2680724,2680744,0,2585304,2585304,0,29268,11.614,1765.053,1048576,312380,c1f49894ab2d3318c878a8ad2334eeff2459ff8740796f5c0baad0e7cbc5d75e,1,0
"a0947_wlc3jr.raw",1,0,255,0,0,1,508.232,1779.917,2680724,2680744,0,2585304,2585304,0,29268,11.696,1768.221,1048576,312380,50be5f3937de0ae41b6ec1598b543bf407813ad0ae4582f86ffa0264c8585141,1,0
"a0948_f1hper.raw",1,0,255,0,0,1,549.122,1776.132,2680724,2680744,0,2585304,2585304,0,29268,11.594,1764.538,1048576,312380,485dc7dd993cfb2610fe87b0c2389bc21fefcd068df7e1b627916377e6162a4f,1,0
"a0949_qlz4h3.raw",1,0,255,0,0,1,519.407,1779.335,2680724,2680744,0,2585304,2585304,0,29268,11.664,1767.671,1048576,312380,41a375dbcfecac5ae640b9d91cd2f3b2c24f632e826f3e7ba874c59ee984745e,1,0
"a0950_xtmcwu.raw",1,0,255,0,0,1,487.239,1780.246,2680724,2680744,0,2585304,2585304,0,29268,11.780,1768.466,1048576,312380,b0cddceac42185f02655af3b582862e00788e00d67934d67641191ba91d2d8f9,1,0
"a0951_xcmxlj.raw",1,0,255,0,0,1,502.051,1780.700,2680752,2680744,8,2585304,2585304,0,29268,11.714,1768.986,1048576,312380,857e7bf43ce9a7c2aa6af87f7abe321291d4ec11f9ddfac89b7d8f8b87b16afc,1,0
"a0952_oip6ep.raw",1,0,255,0,0,1,488.755,1778.378,2680744,2680744,0,2585304,2585304,0,29268,11.580,1766.798,1048576,312380,fba4d20a1ce57a44e1ac85cf5f0c706dffcf8fc2ab478e1819a5dd04a2bb3f04,1,0
"a0953_eolxuo.raw",1,0,255,0,0,1,538.384,1779.897,2680724,2680744,0,2585304,2585304,0,29268,11.578,1768.319,1048576,312380,53f647c69d03d6cdd2828eeeae82f2b61e429c1bf4cadba37515e0825a46e1fc,1,0
"a0954_oxhbh8.raw",1,0,255,0,0,1,503.139,1778.151,2680744,2680744,0,2585304,2585304,0,29268,11.643,1766.508,1048576,312380,46db4e0e5ab9ceb286608ee4bfc26eb7ec4348ce541ad5dca9942aac3bdd42eb,1,0
"a0955_qbygdh.raw",1,0,255,0,0,1,553.122,1781.011,2680724,2680744,0,2585304,2585304,0,29268,11.633,1769.378,1048576,312380,6abd07dae290c21123388df8df2fa61404be25a60f690141d4627cbc638f6a21,1,0
"a0956_aeym4u.raw",1,0,255,0,0,1,530.007,1776.564,2680724,2680744,0,2585304,2585304,0,29268,11.660,1764.904,1048576,312380,774da8cf3badbc80f4e787b667710eae7f8c2e32a12cc045a09f36d73f5b7133,1,0
"a0957_z4pde7.raw",1,0,255,0,0,1,533.256,1775.828,2680724,2680744,0,2585304,2585304,0,29268,11.610,1764.218,1048576,312380,8d661b70a8a3c2f40f1109896ba7fed7905beb4546b7967c18b39063780bd7b1,1,0
"a0958_huwfsz.raw",1,8,248,0,0,1,506.454,1779.133,2680752,2680744,8,2585304,2585304,0,29268,11.566,1767.567,1048576,312380,7e10af3a45a9c2eb82556d4f94ad5ed14efb729edb22b368d5efdd636d936fb5,1,0
"a0959_cbmjkb.raw",1,21,235,0,0,1,526.852,1775.298,2680724,2680744,0,2585304,2585304,0,29268,11.645,1763.653,1048576,312380,70abde2355558801a5df4eb9c6dd637dfc08f71d3c86bbe25e202e90b170e315,1,0
"a0960_vvgfi8.raw",1,2,254,0,0,1,502.813,1777.475,2680744,2680744,0,2585304,2585304,0,29268,11.568,1765.907,1048576,312380,259092496b79ce6a1668f60ba45006fc774aca6c9413dba8a8a38dee578ca511,1,0
"a0961_tarbfe.raw",1,0,255,0,0,1,526.472,1778.859,2680732,2680744,0,2585304,2585304,0,29268,11.678,1767.181,1048576,312380,f523147a07d1207f55e7ff3c4b374d54a4c50381f9f40ee094a47fe4ff603435,1,0
"a0962_hum61t.raw",1,2,254,0,0,1,514.534,1778.310,2680724,2680744,0,2585304,2585304,0,29268,11.691,1766.619,1048576,312380,46ff559bc919b96302b6e930fa68693ca9acac5f0dcc53650e36c47bde14d997,1,0
"a0963_wz8emn.raw",1,9,247,0,0,1,516.622,1783.162,2680724,2680744,0,2585304,2585304,0,29268,12.411,1770.751,1048576,312380,cdec23a20dc029ed86145fdbf74580c043d93604147272ba50ca373a1ea18944,1,0
"a0964_canail.raw",1,19,237,0,0,1,502.034,1780.650,2680744,2680744,0,2585304,2585304,0,29268,11.598,1769.052,1048576,312380,4252d47013a3c58a13f12761a65ada5e1d18bf1a35e1c7434cf55637b8026790,1,0
"a0965_jc384x.raw",1,24,232,0,0,1,510.056,1780.594,2680744,2680744,0,2585304,2585304,0,29268,11.716,1768.878,1048576,312380,83665a43b786de50d34877b67f5f19a0dde2cbb02978b9e1198c574afaa6381b,1,0
"a0966_yn5vst.raw",1,158,98,1,0,0,506.201,1780.950,2680744,2680744,0,2585304,2585304,0,29268,11.687,1769.263,1048576,312380,48c7947299ec4bf08f24528d9a786b0def860a45bc44d3a9c8951b4212b9a576,1,0
"a0967_gxvuny.raw",1,179,77,1,0,0,516.414,1778.646,2680724,2680744,0,2585304,2585304,0,29268,11.634,1767.012,1048576,312380,741af8d71f9f09dbbc8d1750efdb6c66ebea74cb92d38e4c8e5e780c8d80a3a9,1,0
"a0968_g3zqqc.raw",1,128,128,-1,0,0,513.097,1780.756,2680724,2680744,0,2585304,2585304,0,29268,11.655,1769.101,1048576,312380,6310f57512d16b6ca1a154c8a425687f9738576be564e32223c23a5f5ab957fc,1,0
"a0969_o4uupq.raw",1,0,255,0,0,1,492.576,1776.418,2680744,2680744,0,2585304,2585304,0,29268,11.681,1764.737,1048576,312380,04554bc4c582b84cb58d9530bbcc83aaa16b1a56d4c82ce3dc605bb1f1ae1173,1,0
"a0970_dnatzm.raw",1,0,255,0,0,1,496.021,1780.143,2680744,2680744,0,2585304,2585304,0,29268,11.754,1768.389,1048576,312380,c8471357b8e3c0821f6ad2a603f963f7454394351b464fae580e4c8422444daa,1,0
"a0971_nweobd.raw",1,0,255,0,0,1,505.992,1777.805,2680744,2680744,0,2585304,2585304,0,29268,11.606,1766.199,1048576,312380,d4a7386460fc38f9113bd1b604f3af2352106f8b09cd0912f1eafda63d0ed16f,1,0
"a0972_k39yu4.raw",1,0,255,0,0,1,803.083,1779.807,2680724,2680744,0,2585304,2585304,0,29268,11.623,1768.184,1048576,312380,b2f6acd40e3548d5ee65fe6b95150a9f52b42276f01aa16ab49294a3ac8116e9,1,0
"a0973_nofz6m.raw",1,5,251,0,0,1,513.696,1776.739,2680724,2680744,0,2585304,2585304,0,29268,11.652,1765.087,1048576,312380,7020f2edd5ede318812c5bad5b63353515e6ce406a7650084ffc308c4d474280,1,0
"a0974_rysqbw.raw",1,0,255,0,0,1,526.182,1779.069,2680724,2680744,0,2585304,2585304,0,29268,11.663,1767.406,1048576,312380,be6d33a805f92877986afbc756487fc8c1b5679c05078a76687c6b28c67c6132,1,0
"a0975_qf9j0w.raw",1,0,255,0,0,1,510.749,1779.632,2680744,2680772,0,2585304,2585304,0,29268,11.597,1768.035,1048576,312380,779f5b7fb2c7bdf896daf4d71d9df7eaf25dfbb89f054f0be250226382ac5d8a,1,0
"a0976_wj5hvf.raw",1,0,255,0,0,1,690.287,1777.126,2680732,2680744,0,2585304,2585304,0,29268,11.775,1765.351,1048576,312380,51c0aca0c3f90a4400669f39594acb3a3b9ed62efc3db18c07f3b3cffb53b8e7,1,0
"a0977_zzrxw7.raw",1,0,255,0,0,1,686.651,1776.664,2680724,2680744,0,2585304,2585304,0,29268,11.652,1765.012,1048576,312380,0b06a7a9e219dcfbe8a341de9f257ba9317329fe5bea2becc78acdc83a12b4cf,1,0
"a0978_lwts50.raw",1,0,255,0,0,1,668.733,1777.834,2680724,2680744,0,2585304,2585304,0,29268,11.726,1766.108,1048576,312380,3b9b78ac066a29a6136baebecc388041adaaebee55c15c3698f3a5271027a73a,1,0
"a0979_kvhksp.raw",1,0,255,0,0,1,534.417,1775.558,2680732,2680744,0,2585304,2585304,0,29268,11.770,1763.788,1048576,312380,dea5c04f47f88ddcc765f5e9000e73024c911e57aa97a0171170ae1b5c52d83f,1,0
"a0980_pxxmht.raw",1,0,255,0,0,1,577.557,1778.610,2680724,2680744,0,2585304,2585304,0,29268,11.702,1766.908,1048576,312380,ea295f47fd63a2d751785820d8f3861b67db71092139f8c52297397a5c2e8f42,1,0
"a0981_kuxkk2.raw",1,0,255,0,0,1,556.007,1779.333,2680724,2680744,0,2585304,2585304,0,29268,11.687,1767.646,1048576,312380,045254186a27a9bc2187e0793aa07e6b172ef763dbfe3296330fd40887488729,1,0
"a0982_eclgce.raw",1,0,255,0,0,1,537.150,1780.059,2680724,2680744,0,2585304,2585304,0,29268,11.769,1768.290,1048576,312380,ecbbdec46690cf1b20e04b2b795494e1fae6bc011b52691d1809a67e43607941,1,0
"a0983_cnhiiq.raw",1,0,255,0,0,1,532.859,1779.659,2680724,2680744,0,2585304,2585304,0,29268,11.675,1767.984,1048576,312380,be7f8337e037dd2aafb9189274474e2e92b8e8dcfd4677a8753664c99980a024,1,0
"a0984_lt0wwh.raw",1,0,255,0,0,1,558.599,1780.205,2680724,2680772,0,2585304,2585304,0,29268,11.822,1768.383,1048576,312380,0183448383e50306c694f6f74450071359c5ec100b29228361b536e5a35039aa,1,0
"a0985_ybph7v.raw",1,0,255,0,0,1,649.201,1776.905,2680732,2680744,0,2585304,2585304,0,29268,11.691,1765.214,1048576,312380,a228b9624ecaf88ac3ec85673a61a3abf25e8f7773b3cd5125d896d4f215e6cf,1,0
"a0986_fxpzyo.raw",1,0,255,0,0,1,616.706,1781.102,2680724,2680744,0,2585304,2585304,0,29268,11.656,1769.446,1048576,312380,8967e1cb50fc420b913553a02be1b0cef3c3841858daad2a625e33607c6b64a7,1,0
"a0987_yvjwwy.raw",1,0,255,0,0,1,631.734,1778.184,2680724,2680744,0,2585304,2585304,0,29268,11.673,1766.511,1048576,312380,f1f5414c5478eeb25a8059d7e30f41cf054ddbcde996f0c36d47657f7d9c524c,1,0
"a0988_nnmdgy.raw",1,0,255,0,0,1,558.841,1776.800,2680724,2680744,0,2585304,2585304,0,29268,11.676,1765.124,1048576,312380,66d875b49d537fcdcfeacbb0429043e0fa1b1d988a2d8989ad13609d15608253,1,0
"a0989_uk4obq.raw",1,0,255,0,0,1,543.039,1781.089,2680724,2680744,0,2585304,2585304,0,29268,11.855,1769.234,1048576,312380,609657700c44eb5387f95852e8f9485f55e653b9aff5489c96822f135bb957fc,1,0
"a0990_begep6.raw",1,0,255,0,0,1,678.749,1778.531,2680724,2680744,0,2585304,2585304,0,29268,11.584,1766.947,1048576,312380,396215e3707f5b0f9b8209013101c34c55df57e9e5082911bfa6fb3f3f8efecf,1,0
"a0991_h9jlfy.raw",1,0,255,0,0,1,595.952,1785.003,2680724,2680744,0,2585304,2585304,0,29268,12.111,1772.892,1048576,312380,2749a57273463dfa2d25f0a01bd6d539252731b4a38f8e27071f55ec76d78ef8,1,0
"a0992_pkredq.raw",1,0,255,0,0,1,544.623,1777.444,2680724,2680744,0,2585304,2585304,0,29268,11.692,1765.752,1048576,312380,1ed8bb36c03319d1b23bd455cdc0825c583bafba67ee10cacea6a9a681dc5fe0,1,0
"a0993_hco1q2.raw",1,0,255,0,0,1,581.684,1781.285,2680744,2680772,0,2585304,2585304,0,29268,11.800,1769.485,1048576,312380,7770218858384b861625667dbe091d9b3f456b920bb2ac69bb13b1b8508c4d43,1,0
"a0994_bdkrnc.raw",1,0,255,0,0,1,553.793,1782.873,2680732,2680744,0,2585304,2585304,0,29268,12.508,1770.365,1048576,312380,4ca19b600a0004a47fe0b7c8e82a9cb5d5444243df1c1545c75d6380b9e07ce7,1,0
"a0995_nyipoo.raw",1,0,255,0,0,1,602.155,1781.774,2680724,2680744,0,2585304,2585304,0,29268,11.722,1770.052,1048576,312380,3a04e2f8a2c54f5fad4834dacf5be5f45201e80b82d57f4da284fe405b341448,1,0
"a0996_rfgrox.raw",1,0,255,0,0,1,565.345,1777.964,2680724,2680744,0,2585304,2585304,0,29268,11.665,1766.299,1048576,312380,96337dfebbfeb780fae3f0c3cb35d33a1207f35db33f6682ebbd5ad5bcd1a241,1,0
"a0997_zo21tb.raw",1,0,255,0,0,1,545.580,1778.206,2680724,2680744,0,2585304,2585304,0,29268,11.705,1766.501,1048576,312380,20f4258f2a2b1cd429395101ad71997c8ca5a5f14b9cc0bf69f0fd349cb0b780,1,0
"a0998_qcaubk.raw",1,0,255,0,0,1,518.988,1780.587,2680724,2680744,0,2585304,2585304,0,29268,11.739,1768.848,1048576,312380,812739fc33451733d8ece266cd9b926be6a54af5f23e6e78c62668985ac2f66f,1,0
"a0999_datefo.raw",1,0,255,0,0,1,536.479,1777.500,2680724,2680744,0,2585304,2585304,0,29268,11.692,1765.808,1048576,312380,7f031dc5aedfafe6c62fbfedd86bf23c7af33cde73925b2737e07b33869c7e0f,1,0
"a1000_xlkjpv.raw",1,0,255,0,0,1,514.832,1778.605,2680724,2680744,0,2585304,2585304,0,29268,11.726,1766.879,1048576,312380,cd27f27123af0a20c7ca0d09f94fe5051c706102406271f3c5fb8a0dd3a120da,1,0
"a1001_b5sgfg.raw",1,0,255,0,0,1,515.996,1777.288,2680724,2680744,0,2585304,2585304,0,29268,11.646,1765.642,1048576,312380,5149d5c7da98a07a92009dd21a599e305879714d3e483f5edb8879f40ae6951a,1,0
"a1002_lghd3i.raw",1,0,255,0,0,1,520.108,1779.737,2680724,2680772,0,2585304,2585304,0,29268,11.571,1768.166,1048576,312380,08ee3b211a08a064b0841e21e82f77182be9fb2102eeff9fdc777ba48ca11083,1,0
"a1003_dtql8u.raw",1,0,255,0,0,1,587.668,1780.273,2680732,2680744,0,2585304,2585304,0,29268,12.010,1768.263,1048576,312380,6ecc369aa0111b7aa1c3b7f3ba61799df949a4401be925eb2991f30da9a09cb6,1,0
"a1004_pjfizq.raw",1,0,255,0,0,1,524.662,1781.880,2680724,2680744,0,2585304,2585304,0,29268,12.039,1769.841,1048576,312380,276924c65dd9ca11660a82747f54f1f2480c30d65197404e99f316af9c04a7b3,1,0
"a1005_ts2gmv.raw",1,0,255,0,0,1,766.105,1779.817,2680724,2680744,0,2585304,2585304,0,29268,11.627,1768.190,1048576,312380,7df8de24f129f0b780dc411eca02dc9fe5165d8dc778c1ce07c7cab4c1739e62,1,0
"a1006_qspmhh.raw",1,0,255,0,0,1,563.069,1773.117,2680724,2680744,0,2585304,2585304,0,29268,11.709,1761.408,1048576,312380,373278c5b04006e74cd7b5013a176a38107478c483a25b70c7970cff7154eff9,1,0
"a1007_wyhoel.raw",1,0,255,0,0,1,530.856,1782.015,2680724,2680744,0,2585304,2585304,0,29268,11.713,1770.302,1048576,312380,e8ddbc5fa6476e333ed0e428a092d28d7ee4a42a1555ec12899628cf5a20e0b2,1,0
"a1008_vewmzh.raw",1,0,255,0,0,1,530.997,1778.340,2680724,2680744,0,2585304,2585304,0,29268,11.695,1766.645,1048576,312380,b0cd99a3dfc4bdfb1012aeecffa3639f907c55fce79b894a57ae2f711e5de1f1,1,0
