================================================================================
OP_INDEX: 1
TIPO: CONV_2D
NFEAT: 16

INPUT_SCALE: 0.003921508323401213
WEIGHT_SCALES: [0.005714218597859144, 0.007307932712137699, 0.0021998113952577114, 8.969807936409779e-07, 0.003337143687531352, 0.0027391177136451006, 7.390229939119308e-07, 7.768516496753364e-08, 3.3937595844690804e-07, 7.172541671707222e-08, 9.7601215998111e-08, 0.014352942816913128, 7.550170266767964e-09, 2.961058420680729e-08, 0.004223909694701433, 0.024509921669960022]
OUTPUT_SCALES: [0.01953575573861599]
OUTPUT_ZERO_POINT: -128

REAL_MULTIPLIERS: [0.0011470432008393939, 0.0014669572726513968, 0.00044157895972071054, 1.8005536592787677e-07, 0.0006698812639826308, 0.0005498365692401895, 1.483477199749138e-07, 1.559412520820973e-08, 6.812460514036398e-08, 1.4397795632724567e-08, 1.959197207580296e-08, 0.0028811367973120452, 1.5155828082811865e-09, 5.943878188353806e-09, 0.0008478861655873789, 0.004919997113020277]

MULTIPLIERS: [1261187337, 1612936579, 1942084803, 1621794558, 1473084478, 1209103403, 1336197473, 1123675144, 1227223785, 2074941025, 1411750370, 1583921705, 1747348012, 1713206246, 1864521396, 1352398509]
SHIFTS: [-9, -9, -11, -22, -10, -10, -22, -25, -23, -26, -25, -8, -29, -27, -10, -7]
Q6: [179, 179, 179, 179, 179, 179, 179, 179, 179, 179, 179, 179, 179, 179, 179, 179]

OFFSETS:
  MUL   = 0
  SHIFT = 0
  Q6    = 0

================================================================================
OP_INDEX: 2
TIPO: DEPTHWISE_CONV_2D
NFEAT: 16

INPUT_SCALE: 0.01953575573861599
WEIGHT_SCALES: [0.00757900346070528, 0.00667955819517374, 0.009534644894301891, 0.3139938414096832, 0.01017471682280302, 0.0035282683093100786, 0.06294555217027664, 0.336553156375885, 0.6555811762809753, 0.011301085352897644, 0.33615633845329285, 0.004090350121259689, 0.3032977879047394, 0.01352775003761053, 0.002971520647406578, 0.0025094295851886272]
OUTPUT_SCALES: [0.0235294122248888]
OUTPUT_ZERO_POINT: -128

REAL_MULTIPLIERS: [0.006292616191825138, 0.005545834128604186, 0.00791632582782905, 0.2606995419426924, 0.008447758093574993, 0.0029294139272238898, 0.05226177858918639, 0.2794298554158036, 0.5443091227375617, 0.009382947645497448, 0.2791003895568875, 0.0033960933698897453, 0.25181893384918796, 0.011231679648515382, 0.002467163267197309, 0.0020835031045801293]

MULTIPLIERS: [1729701168, 1524427278, 1088011537, 1119696007, 1161051032, 1610462338, 1795701039, 1200142091, 1168894941, 1289582505, 1198727045, 1867022075, 1081554085, 1543670297, 1356337350, 1145417945]
SHIFTS: [-7, -7, -6, -1, -6, -8, -4, -1, 0, -6, -1, -8, -1, -6, -8, -8]
Q6: [127, 127, 127, 127, 127, 127, 127, 127, 127, 127, 127, 127, 127, 127, 127, 127]

OFFSETS:
  MUL   = 64
  SHIFT = 64
  Q6    = 64

================================================================================
OP_INDEX: 3
TIPO: CONV_2D
NFEAT: 8

INPUT_SCALE: 0.0235294122248888
WEIGHT_SCALES: [0.07427729666233063, 0.043750014156103134, 0.10243388265371323, 0.04025603458285332, 0.10025058686733246, 0.039632149040699005, 0.047637686133384705, 0.06723038852214813]
OUTPUT_SCALES: [0.3170193135738373]
OUTPUT_ZERO_POINT: -9

REAL_MULTIPLIERS: [0.005512916902178818, 0.003247159002140448, 0.007602719921332934, 0.0029878332066311845, 0.007440674063661077, 0.0029415279517966773, 0.0035357049443967424, 0.004989890072450163]

MULTIPLIERS: [1515379059, 1785144540, 2089819739, 1642578676, 2045276913, 1617122093, 1943774349, 1371610539]
SHIFTS: [-7, -8, -7, -8, -7, -8, -8, -7]
Q6: [10, 10, 10, 10, 10, 10, 10, 10]

OFFSETS:
  MUL   = 128
  SHIFT = 128
  Q6    = 128

================================================================================
OP_INDEX: 4
TIPO: CONV_2D
NFEAT: 48

INPUT_SCALE: 0.3170193135738373
WEIGHT_SCALES: [3.937008052901092e-09, 0.0016437878366559744, 0.0015594469150528312, 0.002818780718371272, 0.0014898428926244378, 0.0016853264532983303, 0.002845008624717593, 0.0031470218673348427, 0.001748637412674725, 0.002385150408372283, 0.0013528763083741069, 0.0008371855947189033, 0.0004974916810169816, 0.000714674883056432, 0.001207480439916253, 0.0017138440161943436, 3.937008052901092e-09, 0.0008119196863844991, 0.002620520070195198, 0.0006576663581654429, 0.0011674683773890138, 0.0005547254113480449, 0.0006418940611183643, 0.0017487367149442434, 0.00046650104923173785, 3.937008052901092e-09, 0.0014452955219894648, 0.0012331533944234252, 0.00047908039414323866, 0.0007917761686258018, 0.0015561722684651613, 0.0015153430867940187, 1.8215315478187222e-08, 0.0011465544812381268, 0.001016238471493125, 0.002542654052376747, 0.002992757596075535, 0.001346452860161662, 0.003926602192223072, 0.0005864862469024956, 0.0005527011817321181, 0.0007557786884717643, 0.0012808553874492645, 0.0008739684708416462, 0.0011040812823921442, 0.0006210759747773409, 0.0007849025423638523, 0.0021561377216130495]
OUTPUT_SCALES: [0.0235294122248888]
OUTPUT_ZERO_POINT: -128

REAL_MULTIPLIERS: [5.3044571557344644e-08, 0.02214728046145074, 0.0210109281880807, 0.037978336216490494, 0.02007313088140227, 0.02270694355923255, 0.03833171320640079, 0.042400834438568825, 0.023559952410085842, 0.0321358960438763, 0.018227736185326374, 0.011279669888691652, 0.006702864895956544, 0.009629043798015368, 0.016268771041002692, 0.023091169825816885, 5.3044571557344644e-08, 0.010939254206377251, 0.03530710694851077, 0.008860949667313649, 0.015729675696171192, 0.0074739932917450005, 0.00864844445317751, 0.023561290341395733, 0.0062853181794522844, 5.3044571557344644e-08, 0.019472929876581578, 0.01661467098688689, 0.006454803725922257, 0.010667854134340186, 0.020966807824873243, 0.02041670317187746, 2.454207846007125e-07, 0.015447896069101056, 0.013692106695266104, 0.034257993129448924, 0.04032238246041597, 0.018141191008437838, 0.05290437006069181, 0.00790191721053091, 0.0074467201972357325, 0.010182848544750933, 0.017257375230436137, 0.01177525736993646, 0.014875641045696955, 0.008367955702388779, 0.010575243564280074, 0.02905033470208824]

MULTIPLIERS: [1911132102, 1521949524, 1443859991, 1304925696, 1379415051, 1560409280, 1317067637, 1456881578, 1619027602, 1104180980, 1252600493, 1550266025, 1842469473, 1323405703, 1117981433, 1586813108, 1911132102, 1503479650, 1213142957, 1217839649, 1080935083, 2054435633, 1188633155, 1619119543, 1727695106, 1911132102, 1338169552, 1141751496, 1774282938, 1466178708, 1440828063, 1403025159, 1105276954, 2123142669, 1881828815, 1177095681, 1385466512, 1246653153, 1817780314, 1086031232, 2046938861, 1399520047, 1185917796, 1618379050, 2044492538, 1150083074, 1453450408, 1996323800]
SHIFTS: [-24, -5, -5, -4, -5, -5, -4, -4, -5, -4, -5, -6, -7, -6, -5, -5, -24, -6, -4, -6, -5, -7, -6, -5, -7, -24, -5, -5, -7, -6, -5, -5, -21, -6, -6, -4, -4, -5, -4, -6, -7, -6, -5, -6, -6, -6, -6, -5]
Q6: [127, 127, 127, 127, 127, 127, 127, 127, 127, 127, 127, 127, 127, 127, 127, 127, 127, 127, 127, 127, 127, 127, 127, 127, 127, 127, 127, 127, 127, 127, 127, 127, 127, 127, 127, 127, 127, 127, 127, 127, 127, 127, 127, 127, 127, 127, 127, 127]

OFFSETS:
  MUL   = 160
  SHIFT = 160
  Q6    = 160

================================================================================
OP_INDEX: 5
TIPO: DEPTHWISE_CONV_2D
NFEAT: 48

INPUT_SCALE: 0.0235294122248888
WEIGHT_SCALES: [0.035710372030735016, 0.012564068660140038, 0.007675550412386656, 0.0022173889447003603, 0.01293453760445118, 0.0021419781260192394, 0.0018176650628447533, 0.0009159664041362703, 0.010091796517372131, 0.004151238594204187, 0.007309692911803722, 0.02524654194712639, 0.016769874840974808, 0.004602468106895685, 0.004847642034292221, 0.005462410859763622, 0.0026014659088104963, 0.00828492734581232, 0.00458384258672595, 0.002545786090195179, 0.037004757672548294, 0.007258194033056498, 0.015889950096607208, 0.003049743128940463, 0.00967337191104889, 0.00805377122014761, 0.010932964272797108, 0.006358807440847158, 0.00901111401617527, 0.02497938834130764, 0.003767899237573147, 0.00674733892083168, 0.003981629386544228, 0.006342389155179262, 0.0027004354633390903, 0.004342146683484316, 0.0016758464043959975, 0.0026193251833319664, 0.0017537095118314028, 0.009581629186868668, 0.010199164040386677, 0.013854342512786388, 0.005984445568174124, 0.00944496039301157, 0.03516044467687607, 0.009928200393915176, 0.01021618489176035, 0.013015514239668846]
OUTPUT_SCALES: [0.0235294122248888]
OUTPUT_ZERO_POINT: -128

REAL_MULTIPLIERS: [0.035710372030735016, 0.012564068660140038, 0.007675550412386656, 0.0022173889447003603, 0.01293453760445118, 0.0021419781260192394, 0.0018176650628447533, 0.0009159664041362703, 0.010091796517372131, 0.004151238594204187, 0.007309692911803722, 0.02524654194712639, 0.016769874840974808, 0.004602468106895685, 0.004847642034292221, 0.005462410859763622, 0.0026014659088104963, 0.00828492734581232, 0.00458384258672595, 0.002545786090195179, 0.037004757672548294, 0.007258194033056498, 0.015889950096607208, 0.003049743128940463, 0.00967337191104889, 0.00805377122014761, 0.010932964272797108, 0.006358807440847158, 0.00901111401617527, 0.02497938834130764, 0.003767899237573147, 0.00674733892083168, 0.003981629386544228, 0.006342389155179262, 0.0027004354633390903, 0.004342146683484316, 0.0016758464043959975, 0.0026193251833319664, 0.0017537095118314028, 0.009581629186868668, 0.010199164040386677, 0.013854342512786388, 0.005984445568174124, 0.00944496039301157, 0.03516044467687607, 0.009928200393915176, 0.01021618489176035, 0.013015514239668846]

MULTIPLIERS: [1226999040, 1726792448, 2109839232, 1219022464, 1777709312, 1177564928, 1998543872, 2014231424, 1387005952, 1141083776, 2009273088, 1734929152, 1152417024, 1265116800, 1332509696, 1501496064, 1430171008, 1138671744, 1259997056, 1399560704, 1271473792, 1995117184, 1091949056, 1676614016, 1329498112, 1106901888, 1502615168, 1747895680, 1238478080, 1716570496, 2071424512, 1854694400, 1094461952, 1743382656, 1484580096, 1193560192, 1842612608, 1439989248, 1928224000, 1316889088, 1401762432, 1904126336, 1644991872, 1298105472, 1208103680, 1364521472, 1404101760, 1788838656]
SHIFTS: [-4, -6, -7, -8, -6, -8, -9, -10, -6, -7, -7, -5, -5, -7, -7, -7, -8, -6, -7, -8, -4, -7, -5, -8, -6, -6, -6, -7, -6, -5, -8, -7, -7, -7, -8, -7, -9, -8, -9, -6, -6, -6, -7, -6, -4, -6, -6, -6]
Q6: [127, 127, 127, 127, 127, 127, 127, 127, 127, 127, 127, 127, 127, 127, 127, 127, 127, 127, 127, 127, 127, 127, 127, 127, 127, 127, 127, 127, 127, 127, 127, 127, 127, 127, 127, 127, 127, 127, 127, 127, 127, 127, 127, 127, 127, 127, 127, 127]

OFFSETS:
  MUL   = 352
  SHIFT = 352
  Q6    = 352

================================================================================
OP_INDEX: 6
TIPO: CONV_2D
NFEAT: 8

INPUT_SCALE: 0.0235294122248888
WEIGHT_SCALES: [0.02732785791158676, 0.021867509931325912, 0.031966131180524826, 0.0285703893750906, 0.02597631886601448, 0.030163845047354698, 0.0361742340028286, 0.034575361758470535]
OUTPUT_SCALES: [0.24553821980953217]
OUTPUT_ZERO_POINT: 20

REAL_MULTIPLIERS: [0.002618771263079554, 0.002095517577284489, 0.003063247254805749, 0.0027378404451802265, 0.0024892561131938397, 0.002890537957624005, 0.0034665009155495233, 0.003313284344371249]

MULTIPLIERS: [1439684727, 1152022971, 1684037988, 1505143702, 1368483020, 1589090047, 1905729032, 1821497331]
SHIFTS: [-8, -8, -8, -8, -8, -8, -8, -8]
Q6: [44, 44, 44, 44, 44, 44, 44, 44]

OFFSETS:
  MUL   = 544
  SHIFT = 544
  Q6    = 544

================================================================================
OP_INDEX: 7
TIPO: CONV_2D
NFEAT: 48

INPUT_SCALE: 0.24553821980953217
WEIGHT_SCALES: [0.0005074846558272839, 0.001249194610863924, 3.937008052901092e-09, 0.00114387646317482, 0.0009242924861609936, 0.0006437629926949739, 0.0008648837101645768, 0.0006878037820570171, 0.0006542903138324618, 0.0012614150764420629, 0.00022903205535840243, 0.001961799804121256, 0.000252502562943846, 0.0023787557147443295, 0.001066416036337614, 0.0005292992573231459, 0.009933504275977612, 0.004623770248144865, 0.0017190820071846247, 0.0006207122933119535, 0.0008174960967153311, 0.0008407325949519873, 0.0011087697930634022, 0.0037609918508678675, 0.0007930087158456445, 0.0016068416880443692, 0.001309810671955347, 0.0012267653364688158, 0.0015649647684767842, 0.0003400508430786431, 0.000594356853980571, 0.005464424844831228, 0.0006850603967905045, 0.001564611797221005, 0.0014189914800226688, 0.0005656199646182358, 0.0016850174870342016, 0.000738676346372813, 0.000626404769718647, 0.003843545913696289, 0.0031313272193074226, 3.937008052901092e-09, 0.0006364296423271298, 0.0006194888264872134, 0.002267455914989114, 0.0009358564857393503, 0.004233742132782936, 0.001169794239103794]
OUTPUT_SCALES: [0.0235294122248888]
OUTPUT_ZERO_POINT: -128

REAL_MULTIPLIERS: [0.005295792252756679, 0.013035813135304051, 4.1084152015603314e-08, 0.011936778860666866, 0.009645337905858782, 0.006717907684849862, 0.009025385101266683, 0.007177489799167372, 0.006827764219588449, 0.01316333826575019, 0.002390035187217097, 0.02047211493949244, 0.002634958715075565, 0.024823205865816492, 0.011128450325745975, 0.005523435781033282, 0.10365983361938592, 0.04825077246667747, 0.01793926391855311, 0.006477365012649802, 0.008530877625425773, 0.0087733591781779, 0.011570427623321463, 0.03924735709306984, 0.008275342644395483, 0.016767994194977074, 0.013668364411553545, 0.01280175526535144, 0.016330992871550248, 0.003548557773404184, 0.006202336142660408, 0.05702331770377148, 0.00714886154750715, 0.0163273094844363, 0.014807706992404739, 0.005902455950607518, 0.017583787905958395, 0.007708364041152627, 0.006536768133724318, 0.04010883962528089, 0.03267657108138878, 4.1084152015603314e-08, 0.006641381430077744, 0.006464597678588437, 0.02366175081390721, 0.00976601256798844, 0.04418068315860988, 0.0122072405493057]

MULTIPLIERS: [1455696290, 1791628515, 1480212574, 1640578394, 1325645148, 1846604403, 1240439483, 1972933373, 1876801538, 1809155435, 1313935740, 1406833026, 1448583873, 1705837718, 1529482567, 1518270467, 1780862381, 1657883918, 1232776830, 1780484537, 1172474893, 1205801304, 1590227464, 1348528921, 1137354433, 1152287787, 1878565700, 1759459846, 1122257285, 1950840267, 1704885177, 1959306277, 1965064099, 1122004164, 2035155752, 1622454738, 1208348704, 2118858974, 1796813143, 1378129236, 1122758433, 1480212574, 1825569027, 1776975079, 1626023135, 1342230547, 1518036714, 1677750366]
SHIFTS: [-7, -6, -24, -6, -6, -7, -6, -7, -7, -6, -8, -5, -8, -5, -6, -7, -3, -4, -5, -7, -6, -6, -6, -4, -6, -5, -6, -6, -5, -8, -7, -4, -7, -5, -6, -7, -5, -7, -7, -4, -4, -24, -7, -7, -5, -6, -4, -6]
Q6: [127, 127, 127, 127, 127, 127, 127, 127, 127, 127, 127, 127, 127, 127, 127, 127, 127, 127, 127, 127, 127, 127, 127, 127, 127, 127, 127, 127, 127, 127, 127, 127, 127, 127, 127, 127, 127, 127, 127, 127, 127, 127, 127, 127, 127, 127, 127, 127]

OFFSETS:
  MUL   = 576
  SHIFT = 576
  Q6    = 576

================================================================================
OP_INDEX: 8
TIPO: DEPTHWISE_CONV_2D
NFEAT: 48

INPUT_SCALE: 0.0235294122248888
WEIGHT_SCALES: [0.005579360295087099, 0.0020833625458180904, 0.0005155862309038639, 0.009609628468751907, 0.005816595163196325, 0.0072334702126681805, 0.007113430183380842, 0.0052009462378919125, 0.010324576869606972, 0.004771088249981403, 0.008538291789591312, 0.006440948229283094, 0.008439851924777031, 0.0042297132313251495, 0.005242523271590471, 0.012576309964060783, 0.004163390025496483, 0.0017952857306227088, 0.006230869330465794, 0.003007178194820881, 0.002813174622133374, 0.008701177313923836, 0.003502880921587348, 0.006564117036759853, 0.010338678024709225, 0.006282544229179621, 0.0018423943547531962, 0.007257301826030016, 0.005136243533343077, 0.0078025441616773605, 0.004216035827994347, 0.001740046194754541, 0.00842028483748436, 0.0039072586223483086, 0.007807040121406317, 0.006719550117850304, 0.0023847687989473343, 0.007765599526464939, 0.006993668153882027, 0.003027759026736021, 0.004492002539336681, 0.11410766839981079, 0.0055764177814126015, 0.013564199209213257, 0.004070590250194073, 0.005394370295107365, 0.001364281983114779, 0.004403187893331051]
OUTPUT_SCALES: [0.0235294122248888]
OUTPUT_ZERO_POINT: -128

REAL_MULTIPLIERS: [0.005579360295087099, 0.0020833625458180904, 0.0005155862309038639, 0.009609628468751907, 0.005816595163196325, 0.0072334702126681805, 0.007113430183380842, 0.0052009462378919125, 0.010324576869606972, 0.004771088249981403, 0.008538291789591312, 0.006440948229283094, 0.008439851924777031, 0.0042297132313251495, 0.005242523271590471, 0.012576309964060783, 0.004163390025496483, 0.0017952857306227088, 0.006230869330465794, 0.003007178194820881, 0.002813174622133374, 0.008701177313923836, 0.003502880921587348, 0.006564117036759853, 0.010338678024709225, 0.006282544229179621, 0.0018423943547531962, 0.007257301826030016, 0.005136243533343077, 0.0078025441616773605, 0.004216035827994347, 0.001740046194754541, 0.00842028483748436, 0.0039072586223483086, 0.007807040121406317, 0.006719550117850304, 0.0023847687989473343, 0.007765599526464939, 0.006993668153882027, 0.003027759026736021, 0.004492002539336681, 0.11410766839981079, 0.0055764177814126015, 0.013564199209213257, 0.004070590250194073, 0.005394370295107365, 0.001364281983114779, 0.004403187893331051]

MULTIPLIERS: [1533642880, 1145340672, 1133786112, 1320737280, 1598853504, 1988321152, 1955324800, 1429625216, 1418999040, 1311466752, 1173493888, 1770474368, 1159964416, 1162654720, 1441053824, 1728474880, 1144423936, 1973937536, 1712728320, 1653213696, 1546559104, 1195880704, 1925729152, 1804330752, 1420937088, 1726932608, 2025734016, 1994871936, 1411839872, 2144747008, 1158895104, 1913201024, 1157275136, 1074019072, 2145982848, 1847055872, 1311040512, 2134591744, 1922404864, 1664528128, 1234752256, 1960354816, 1532834048, 1864249344, 1118915328, 1482793216, 1500043904, 1210339072]
SHIFTS: [-7, -8, -10, -6, -7, -7, -7, -7, -6, -7, -6, -7, -6, -7, -7, -6, -7, -9, -7, -8, -8, -6, -8, -7, -6, -7, -9, -7, -7, -7, -7, -9, -6, -7, -7, -7, -8, -7, -7, -8, -7, -3, -7, -6, -7, -7, -9, -7]
Q6: [127, 127, 127, 127, 127, 127, 127, 127, 127, 127, 127, 127, 127, 127, 127, 127, 127, 127, 127, 127, 127, 127, 127, 127, 127, 127, 127, 127, 127, 127, 127, 127, 127, 127, 127, 127, 127, 127, 127, 127, 127, 127, 127, 127, 127, 127, 127, 127]

OFFSETS:
  MUL   = 768
  SHIFT = 768
  Q6    = 768

================================================================================
OP_INDEX: 9
TIPO: CONV_2D
NFEAT: 8

INPUT_SCALE: 0.0235294122248888
WEIGHT_SCALES: [0.02735564112663269, 0.03534423187375069, 0.025989234447479248, 0.023500019684433937, 0.042085759341716766, 0.028304051607847214, 0.07017899304628372, 0.06589893996715546]
OUTPUT_SCALES: [0.4225665032863617]
OUTPUT_ZERO_POINT: 1

REAL_MULTIPLIERS: [0.001523220964602748, 0.0019680428880704767, 0.0014471365003335698, 0.001308531665779798, 0.00234342564459647, 0.0015760305010836342, 0.003907717351165892, 0.003669394785463217]

MULTIPLIERS: [1674799162, 1081943020, 1591143409, 1438745782, 1288311873, 1732863862, 1074145166, 2017271117]
SHIFTS: [-9, -8, -9, -9, -8, -9, -7, -8]
Q6: [15, 15, 15, 15, 15, 15, 15, 15]

OFFSETS:
  MUL   = 960
  SHIFT = 960
  Q6    = 960

================================================================================
OP_INDEX: 11
TIPO: CONV_2D
NFEAT: 48

INPUT_SCALE: 0.3752860128879547
WEIGHT_SCALES: [0.0006165472441352904, 0.000914356904104352, 0.000995383132249117, 0.0009171953424811363, 0.0008889760938473046, 0.00044903066009283066, 0.00010907356045208871, 0.00029302696930244565, 0.000376625859644264, 0.0007662020507268608, 0.0031835068948566914, 0.00039150213706307113, 0.00034701390541158617, 0.0004774048866238445, 0.0004206280573271215, 0.0027926552575081587, 0.002202005125582218, 0.0004553425242193043, 0.0004014914156869054, 0.0003125155926682055, 0.0005967037286609411, 0.0027521776501089334, 0.00036006042500957847, 0.0003031965752597898, 0.000462068390334025, 0.0025441949255764484, 0.0005084405420348048, 0.001100059482268989, 0.0008866770076565444, 0.0003521362377796322, 0.0007180361426435411, 0.0003692992322612554, 0.001581157324835658, 0.0003631357685662806, 0.0003979248576797545, 0.0002923719584941864, 0.0033688072580844164, 0.0010529592400416732, 0.0004879219923168421, 0.0011393303284421563, 0.0020662122406065464, 0.0009560995968058705, 0.0016784908948466182, 0.0004621467087417841, 0.0007136213243938982, 0.00015230926510412246, 0.002100033685564995, 0.0005980707937851548]
OUTPUT_SCALES: [0.0235294122248888]
OUTPUT_ZERO_POINT: -128

REAL_MULTIPLIERS: [0.00983371598053946, 0.014583677382936321, 0.01587601778690246, 0.01462894949645409, 0.014178862209731202, 0.007161884218783593, 0.0017396856845518214, 0.004673679135164866, 0.006007052614212179, 0.012220658550055085, 0.050775837413751086, 0.006244324110234244, 0.005534752153342729, 0.007614443349535705, 0.0067088724968712, 0.044541888549694715, 0.035121222580497165, 0.007262556275496051, 0.006403649660338731, 0.00498451595886906, 0.009517218750057361, 0.04389628466690707, 0.0057428396429577925, 0.004835880844068427, 0.0073698315211879846, 0.04057903191561192, 0.008109451353357562, 0.017545569481061174, 0.014142192577631192, 0.005616451588616234, 0.011452428922006985, 0.005890195433412033, 0.025218914204685923, 0.005791890312418825, 0.006346764289746198, 0.004663231938597409, 0.0537313143223015, 0.016794336856012896, 0.007782187559417468, 0.01817192593834126, 0.03295537288166078, 0.015249458940139416, 0.026771351089230174, 0.0073710806727903585, 0.011382014092996471, 0.0024292802676285615, 0.03349481326832457, 0.009539022967473453]

MULTIPLIERS: [1351535633, 2004365357, 1090991635, 2010587509, 1948727984, 1968643744, 1912804639, 1284691138, 1651206049, 1679594522, 1744644489, 1716426742, 1521381087, 2093042250, 1844120830, 1530447637, 1206756019, 1996316268, 1760221815, 1370133314, 1308036585, 1508264856, 1578579741, 1329276805, 2025803863, 1394284920, 1114554507, 1205722354, 1943688148, 1543838457, 1574009846, 1619084592, 1733030588, 1592062686, 1744585284, 1281819435, 1846193902, 1154098041, 2139151428, 1248765242, 1132337990, 2095869678, 1839713238, 2026147227, 1564332105, 1335510951, 1150873021, 1311033334]
SHIFTS: [-6, -6, -5, -6, -6, -7, -9, -7, -7, -6, -4, -7, -7, -7, -7, -4, -4, -7, -7, -7, -6, -4, -7, -7, -7, -4, -6, -5, -6, -7, -6, -7, -5, -7, -7, -7, -4, -5, -7, -5, -4, -6, -5, -7, -6, -8, -4, -6]
Q6: [127, 127, 127, 127, 127, 127, 127, 127, 127, 127, 127, 127, 127, 127, 127, 127, 127, 127, 127, 127, 127, 127, 127, 127, 127, 127, 127, 127, 127, 127, 127, 127, 127, 127, 127, 127, 127, 127, 127, 127, 127, 127, 127, 127, 127, 127, 127, 127]

OFFSETS:
  MUL   = 992
  SHIFT = 992
  Q6    = 992

================================================================================
OP_INDEX: 12
TIPO: DEPTHWISE_CONV_2D
NFEAT: 48

INPUT_SCALE: 0.0235294122248888
WEIGHT_SCALES: [0.003209961112588644, 0.002840508706867695, 0.0022436410654336214, 0.003977537155151367, 0.0016716185491532087, 0.005019441246986389, 0.013333799317479134, 0.00752747617661953, 0.005874603521078825, 0.0046453941613435745, 0.0015046069165691733, 0.005177588667720556, 0.006646296009421349, 0.003124835668131709, 0.005141780711710453, 0.0013121700612828135, 0.0010070460848510265, 0.003050717059522867, 0.0057509709149599075, 0.008459306322038174, 0.004681165795773268, 0.0011725795920938253, 0.0064229355193674564, 0.006041472312062979, 0.005044225137680769, 0.0010722436709329486, 0.0040436084382236, 0.002134260954335332, 0.0035349861718714237, 0.0056083546951413155, 0.0035284683108329773, 0.006056679412722588, 0.0019716492388397455, 0.005391788203269243, 0.004481467418372631, 0.005388982594013214, 0.0009439967689104378, 0.0030941483564674854, 0.004664558917284012, 0.0027705514803528786, 0.0011481443652883172, 0.0030034848023205996, 0.0015051272930577397, 0.005014731548726559, 0.003629498416557908, 0.015775371342897415, 0.0017326968954876065, 0.0039154947735369205]
OUTPUT_SCALES: [0.0235294122248888]
OUTPUT_ZERO_POINT: -128

REAL_MULTIPLIERS: [0.003209961112588644, 0.002840508706867695, 0.0022436410654336214, 0.003977537155151367, 0.0016716185491532087, 0.005019441246986389, 0.013333799317479134, 0.00752747617661953, 0.005874603521078825, 0.0046453941613435745, 0.0015046069165691733, 0.005177588667720556, 0.006646296009421349, 0.003124835668131709, 0.005141780711710453, 0.0013121700612828135, 0.0010070460848510265, 0.003050717059522867, 0.0057509709149599075, 0.008459306322038174, 0.004681165795773268, 0.0011725795920938253, 0.0064229355193674564, 0.006041472312062979, 0.005044225137680769, 0.0010722436709329486, 0.0040436084382236, 0.002134260954335332, 0.0035349861718714237, 0.0056083546951413155, 0.0035284683108329773, 0.006056679412722588, 0.0019716492388397455, 0.005391788203269243, 0.004481467418372631, 0.005388982594013214, 0.0009439967689104378, 0.0030941483564674854, 0.004664558917284012, 0.0027705514803528786, 0.0011481443652883172, 0.0030034848023205996, 0.0015051272930577397, 0.005014731548726559, 0.003629498416557908, 0.015775371342897415, 0.0017326968954876065, 0.0039154947735369205]

MULTIPLIERS: [1764694784, 1561586176, 1233454720, 1093337088, 1837964032, 1379733504, 1832583424, 2069136896, 1614798720, 1276916224, 1654332800, 1423204736, 1826919936, 1717896576, 1413361920, 1442746240, 1107258880, 1677149440, 1580814848, 1162638208, 1286749056, 1289264896, 1765523072, 1660667264, 1386546048, 1178944384, 1111498624, 1173322368, 1943379200, 1541612800, 1939795968, 1664847360, 1083925632, 1482083456, 1231856384, 1481312256, 2075870848, 1701026048, 1282184192, 1523126784, 1262398080, 1651183232, 1654904960, 1378438912, 1995337856, 1084075264, 1905120384, 1076283008]
SHIFTS: [-8, -8, -8, -7, -9, -7, -6, -7, -7, -7, -9, -7, -7, -8, -7, -9, -9, -8, -7, -6, -7, -9, -7, -7, -7, -9, -7, -8, -8, -7, -8, -7, -8, -7, -7, -7, -10, -8, -7, -8, -9, -8, -9, -7, -8, -5, -9, -7]
Q6: [127, 127, 127, 127, 127, 127, 127, 127, 127, 127, 127, 127, 127, 127, 127, 127, 127, 127, 127, 127, 127, 127, 127, 127, 127, 127, 127, 127, 127, 127, 127, 127, 127, 127, 127, 127, 127, 127, 127, 127, 127, 127, 127, 127, 127, 127, 127, 127]

OFFSETS:
  MUL   = 1184
  SHIFT = 1184
  Q6    = 1184

================================================================================
OP_INDEX: 13
TIPO: CONV_2D
NFEAT: 16

INPUT_SCALE: 0.0235294122248888
WEIGHT_SCALES: [0.04443444684147835, 0.03478139266371727, 0.040131740272045135, 0.03861455246806145, 0.026344897225499153, 0.052823446691036224, 0.03664147108793259, 0.043218355625867844, 0.02232813835144043, 0.024685410782694817, 0.03457645699381828, 0.04107110947370529, 0.03365728631615639, 0.037548623979091644, 0.02203379198908806, 0.026399023830890656]
OUTPUT_SCALES: [0.20355866849422455]
OUTPUT_ZERO_POINT: -2

REAL_MULTIPLIERS: [0.0051361920592819955, 0.004020392409687757, 0.00463884081748114, 0.004463468589284831, 0.003045215177651284, 0.006105879260887845, 0.004235399475403682, 0.004995623682966558, 0.0025809167222976648, 0.002853394603842287, 0.003996703829425827, 0.004747422806844338, 0.0038904565939741438, 0.004340257571032691, 0.0025468931312223383, 0.0030514716894471778]

MULTIPLIERS: [1411825723, 1105117051, 1275114855, 1226908904, 1674124748, 1678371311, 1164217743, 1373186582, 1418873973, 1568670273, 1098605583, 1304961645, 2138801131, 1193040917, 1400169306, 1677564302]
SHIFTS: [-7, -7, -7, -7, -8, -7, -7, -7, -8, -8, -7, -7, -8, -7, -8, -8]
Q6: [27, 27, 27, 27, 27, 27, 27, 27, 27, 27, 27, 27, 27, 27, 27, 27]

OFFSETS:
  MUL   = 1376
  SHIFT = 1376
  Q6    = 1376

================================================================================
OP_INDEX: 14
TIPO: CONV_2D
NFEAT: 96

INPUT_SCALE: 0.20355866849422455
WEIGHT_SCALES: [0.0008686546934768558, 0.002111651236191392, 0.0009017603006213903, 0.0017055057687684894, 0.0007320131408050656, 0.0005828093271702528, 0.0013928014086559415, 0.00120187783613801, 0.0008002251270227134, 0.000607869413215667, 0.0014841919764876366, 0.00044137085205875337, 0.0013195632491260767, 0.0011481178225949407, 0.001449602423235774, 0.0006818558904342353, 0.0015388629399240017, 0.001684058690443635, 0.0017240309389308095, 0.0007658367976546288, 0.0004007918469142169, 0.000643180392216891, 0.0005004779086448252, 0.0009184838854707778, 0.0002862465917132795, 0.0016459376784041524, 0.0011882770340889692, 0.0010955596808344126, 0.0020729333627969027, 0.0012013331288471818, 0.0013041712809354067, 0.0010527722770348191, 0.0009212176082655787, 0.0004617768572643399, 0.0008732997812330723, 0.0008067223825491965, 0.0007921630749478936, 0.0013481919886544347, 0.0007056457106955349, 0.0011439415393397212, 0.001495723845437169, 0.0005296256858855486, 0.0008660146850161254, 0.0005495697841979563, 0.0008095426019281149, 0.00048595666885375977, 0.0002987401676364243, 0.001739261206239462, 0.00037444487679749727, 0.0009992866544052958, 0.0014921864494681358, 0.0006940228631719947, 0.0009509144583716989, 0.00036435629590414464, 0.0009145842050202191, 0.0008503866265527904, 0.0008691696566529572, 0.0012535837013274431, 0.002942729741334915, 0.0008093391661532223, 0.0007124058320187032, 0.0009747425210662186, 0.000996316666714847, 0.001133145298808813, 0.000600531289819628, 0.002393784001469612, 0.0007063273224048316, 0.0005362718948163092, 0.0009095307905226946, 0.0005009667365811765, 0.0008528334437869489, 0.0009262232924811542, 0.0006381828570738435, 0.00035110683529637754, 0.0009051125380210578, 0.0008804180542938411, 0.0005597855197265744, 0.0013710313942283392, 0.0006700154044665396, 0.0010235822992399335, 0.0005162765737622976, 0.0007294270908460021, 0.0005922289565205574, 0.0015712695894762874, 0.001803513732738793, 0.000807036820333451, 0.0012441567378118634, 0.0005463390843942761, 0.001062581199221313, 0.0011475374922156334, 0.0036454966757446527, 0.0023681754246354103, 0.0007847557426430285, 0.0013692842330783606, 0.0007564827683381736, 0.0008601995068602264]
OUTPUT_SCALES: [0.0235294122248888]
OUTPUT_ZERO_POINT: -128

REAL_MULTIPLIERS: [0.007514943046404261, 0.018268408486150974, 0.007801347706479283, 0.014754745255918657, 0.006332823737302629, 0.00504202525294285, 0.01204946377381187, 0.010397737507364757, 0.006922942222078184, 0.005258826152982303, 0.012840105806130587, 0.0038184066010032176, 0.011415862641136856, 0.009932646553520906, 0.01254086316732334, 0.005898901164004438, 0.013313077609082437, 0.014569201364504288, 0.014915011009088727, 0.00662544042003556, 0.0034673477569873564, 0.005564310021428178, 0.0043297561248364855, 0.007946027506886307, 0.0024763888920493623, 0.014239407216726929, 0.010280073660554858, 0.009477953284813283, 0.017933450745609817, 0.010393025112096216, 0.011282702980349236, 0.009107789046857648, 0.007969677607739799, 0.0039949439156302955, 0.007555128830462823, 0.006979151560041953, 0.006853195448550815, 0.011663536830502972, 0.006104712685763773, 0.009896516511233324, 0.012939870809445617, 0.004581920635703946, 0.007492103691050059, 0.004754461881443067, 0.00700354996388423, 0.004204129347231394, 0.002584473856320453, 0.015046771756213596, 0.003239413709823035, 0.008645071915550227, 0.01290926793647493, 0.00600416060467521, 0.00822659228152328, 0.00315213494255001, 0.007912290422743211, 0.007356901555886591, 0.0075193981181012875, 0.010845057524146546, 0.02545827078718368, 0.0070017899915115495, 0.006163196139674618, 0.008432734647874562, 0.008619377829614987, 0.009803115608303398, 0.005195342262544787, 0.020709207665056066, 0.006110609474457362, 0.004639418605799816, 0.00786857210472346, 0.004333985094217251, 0.007378069566947538, 0.008012982999480408, 0.0055210751292962025, 0.003037510636009497, 0.007830348727628085, 0.0076167107421731255, 0.004842840694395096, 0.011861126083621068, 0.005796466239796718, 0.008855259448731192, 0.004466434219663567, 0.006310451190071309, 0.005123516757699985, 0.013593435417011206, 0.015602635991859862, 0.006981871837797954, 0.010763502569741639, 0.004726512311600177, 0.009192648418632949, 0.00992762597424891, 0.03153807847906028, 0.02048766163778692, 0.006789112815008543, 0.01184601096752997, 0.006544516437127927, 0.007441795170328942]

MULTIPLIERS: [2065691815, 1255395472, 2144418129, 2027876747, 1740753334, 1385941348, 1656065691, 1429054161, 1902963868, 1445535126, 1764730704, 2099191229, 1568984214, 1365132548, 1723603109, 1621477605, 1829735454, 2002375788, 2049903504, 1821187195, 1906194588, 1529505892, 1190154301, 1092093705, 1361409191, 1957049226, 1412882566, 1302639981, 1232377351, 1428406495, 1550682890, 1251764995, 1095344150, 1098121822, 2076738000, 1918414573, 1883792021, 1603024296, 1678050646, 1360166872, 1778442302, 1259468754, 2059413781, 1306896531, 1925121155, 1155622275, 1420829528, 2068012563, 1780886521, 1188169637, 1774236275, 1650411100, 1130654234, 1732904511, 1087456915, 2022249701, 2066916416, 1490533356, 1749479047, 1924637378, 1694126455, 1158986225, 1184638268, 1347329950, 1428084807, 1423125914, 1679671542, 1275273676, 1081448315, 1191316751, 2028068320, 1101295998, 1517621576, 1669889132, 1076194934, 2093665507, 1331189914, 1630180756, 1593320508, 1217057591, 1227724090, 1734603615, 1408341563, 1868267538, 2144409962, 1919162317, 1479324529, 1299213811, 1263427978, 1364442524, 1083640125, 1407901387, 1866177121, 1628103350, 1798942980, 2045585080]
SHIFTS: [-7, -5, -7, -6, -7, -7, -6, -6, -7, -7, -6, -8, -6, -6, -6, -7, -6, -6, -6, -7, -8, -7, -7, -6, -8, -6, -6, -6, -5, -6, -6, -6, -6, -7, -7, -7, -7, -6, -7, -6, -6, -7, -7, -7, -7, -7, -8, -6, -8, -6, -6, -7, -6, -8, -6, -7, -7, -6, -5, -7, -7, -6, -6, -6, -7, -5, -7, -7, -6, -7, -7, -6, -7, -8, -6, -7, -7, -6, -7, -6, -7, -7, -7, -6, -6, -7, -6, -7, -6, -6, -4, -5, -7, -6, -7, -7]
Q6: [127, 127, 127, 127, 127, 127, 127, 127, 127, 127, 127, 127, 127, 127, 127, 127, 127, 127, 127, 127, 127, 127, 127, 127, 127, 127, 127, 127, 127, 127, 127, 127, 127, 127, 127, 127, 127, 127, 127, 127, 127, 127, 127, 127, 127, 127, 127, 127, 127, 127, 127, 127, 127, 127, 127, 127, 127, 127, 127, 127, 127, 127, 127, 127, 127, 127, 127, 127, 127, 127, 127, 127, 127, 127, 127, 127, 127, 127, 127, 127, 127, 127, 127, 127, 127, 127, 127, 127, 127, 127, 127, 127, 127, 127, 127, 127]

OFFSETS:
  MUL   = 1440
  SHIFT = 1440
  Q6    = 1440

================================================================================
OP_INDEX: 15
TIPO: DEPTHWISE_CONV_2D
NFEAT: 96

INPUT_SCALE: 0.0235294122248888
WEIGHT_SCALES: [0.008140787482261658, 0.014674525707960129, 0.007888035848736763, 0.009193968959152699, 0.00686246482655406, 0.004995065741240978, 0.008789139799773693, 0.012373583391308784, 0.005579489748924971, 0.010223218239843845, 0.0016301682917401195, 0.02456958033144474, 0.005046133883297443, 0.018456434831023216, 0.009602906182408333, 0.010616675019264221, 0.005531176459044218, 0.007326933089643717, 0.009070167317986488, 0.007336507551372051, 0.017484568059444427, 0.012046168558299541, 0.010513144545257092, 0.006761828903108835, 0.053053710609674454, 0.004405946005135775, 0.008208900690078735, 0.006842318922281265, 0.0017054490745067596, 0.01180176716297865, 0.007258445955812931, 0.009313037618994713, 0.004078491125255823, 0.014992358162999153, 0.011332363821566105, 0.01463636476546526, 0.00830160640180111, 0.009992645122110844, 0.006770219188183546, 0.0017416003393009305, 0.004673989489674568, 0.013442332856357098, 0.011427854187786579, 0.01132392231374979, 0.005750361829996109, 0.015068302862346172, 0.01976940594613552, 0.006019202992320061, 0.021453265100717545, 0.03417174518108368, 0.005475442856550217, 0.006369853392243385, 0.009290890768170357, 0.011784814298152924, 0.011112969368696213, 0.0044004288502037525, 0.005101353861391544, 0.004497544374316931, 0.008289147168397903, 0.007246720138937235, 0.0070267035625875, 0.0037727602757513523, 0.003741534659639001, 0.004224733915179968, 0.006661216262727976, 0.0030649718828499317, 0.00647366838529706, 0.009548273868858814, 0.014429990202188492, 0.02092018350958824, 0.007683367468416691, 0.006147774402052164, 0.006676529999822378, 0.01517738401889801, 0.005783666390925646, 0.00887771975249052, 0.011759194545447826, 0.00579064479097724, 0.007958166301250458, 0.004988147411495447, 0.006864164024591446, 0.013576632365584373, 0.006492928601801395, 0.024333756417036057, 0.009028961881995201, 0.0056329104118049145, 0.007693382911384106, 0.008565336465835571, 0.00429608765989542, 0.004654670134186745, 0.0011787326075136662, 0.007283021695911884, 0.007346516475081444, 0.006542316172271967, 0.004445428028702736, 0.008407169952988625]
OUTPUT_SCALES: [0.0235294122248888]
OUTPUT_ZERO_POINT: -128

REAL_MULTIPLIERS: [0.008140787482261658, 0.014674525707960129, 0.007888035848736763, 0.009193968959152699, 0.00686246482655406, 0.004995065741240978, 0.008789139799773693, 0.012373583391308784, 0.005579489748924971, 0.010223218239843845, 0.0016301682917401195, 0.02456958033144474, 0.005046133883297443, 0.018456434831023216, 0.009602906182408333, 0.010616675019264221, 0.005531176459044218, 0.007326933089643717, 0.009070167317986488, 0.007336507551372051, 0.017484568059444427, 0.012046168558299541, 0.010513144545257092, 0.006761828903108835, 0.053053710609674454, 0.004405946005135775, 0.008208900690078735, 0.006842318922281265, 0.0017054490745067596, 0.01180176716297865, 0.007258445955812931, 0.009313037618994713, 0.004078491125255823, 0.014992358162999153, 0.011332363821566105, 0.01463636476546526, 0.00830160640180111, 0.009992645122110844, 0.006770219188183546, 0.0017416003393009305, 0.004673989489674568, 0.013442332856357098, 0.011427854187786579, 0.01132392231374979, 0.005750361829996109, 0.015068302862346172, 0.01976940594613552, 0.006019202992320061, 0.021453265100717545, 0.03417174518108368, 0.005475442856550217, 0.006369853392243385, 0.009290890768170357, 0.011784814298152924, 0.011112969368696213, 0.0044004288502037525, 0.005101353861391544, 0.004497544374316931, 0.008289147168397903, 0.007246720138937235, 0.0070267035625875, 0.0037727602757513523, 0.003741534659639001, 0.004224733915179968, 0.006661216262727976, 0.0030649718828499317, 0.00647366838529706, 0.009548273868858814, 0.014429990202188492, 0.02092018350958824, 0.007683367468416691, 0.006147774402052164, 0.006676529999822378, 0.01517738401889801, 0.005783666390925646, 0.00887771975249052, 0.011759194545447826, 0.00579064479097724, 0.007958166301250458, 0.004988147411495447, 0.006864164024591446, 0.013576632365584373, 0.006492928601801395, 0.024333756417036057, 0.009028961881995201, 0.0056329104118049145, 0.007693382911384106, 0.008565336465835571, 0.00429608765989542, 0.004654670134186745, 0.0011787326075136662, 0.007283021695911884, 0.007346516475081444, 0.006542316172271967, 0.004445428028702736, 0.008407169952988625]

MULTIPLIERS: [1118861312, 2016851456, 1084123392, 1263609472, 1886339968, 1373033216, 1207970176, 1700612352, 1533678464, 1405068416, 1792388992, 1688408704, 1387070720, 1268316544, 1319813376, 1459144704, 1520398208, 2014012032, 1246594304, 2016643840, 1201530368, 1655612800, 1444915584, 1858677376, 1822911616, 1211097216, 1128222720, 1880802304, 1875161088, 1622022528, 1995186432, 1279974144, 1121087104, 2060534016, 1557508224, 2011606656, 1140964096, 1373378688, 1860983680, 1914909824, 1284776448, 1847500160, 1570632320, 1556348032, 1580647424, 2070971776, 1358543232, 1654545920, 1474257152, 1174132224, 1505078272, 1750931968, 1276930304, 1619692544, 1527354880, 1209580672, 1402249472, 1236275584, 1139251712, 1991963264, 1931485568, 2074096896, 2056930432, 1161286016, 1831021184, 1684986112, 1779468416, 1312304768, 1983242752, 1437624064, 2111987968, 1689887360, 1835230592, 2085963776, 1589802112, 1220144512, 1616171392, 1591720320, 1093762048, 1371131520, 1886807040, 1865958144, 1784762624, 1672203008, 1240931072, 1548362624, 2114740992, 1177210880, 1180899584, 1279465984, 1296030208, 2001941760, 2019395072, 1798338176, 1221949952, 1155472640]
SHIFTS: [-6, -6, -6, -6, -7, -7, -6, -6, -7, -6, -9, -5, -7, -5, -6, -6, -7, -7, -6, -7, -5, -6, -6, -7, -4, -7, -6, -7, -9, -6, -7, -6, -7, -6, -6, -6, -6, -6, -7, -9, -7, -6, -6, -6, -7, -6, -5, -7, -5, -4, -7, -7, -6, -6, -6, -7, -7, -7, -6, -7, -7, -8, -8, -7, -7, -8, -7, -6, -6, -5, -7, -7, -7, -6, -7, -6, -6, -7, -6, -7, -7, -6, -7, -5, -6, -7, -7, -6, -7, -7, -9, -7, -7, -7, -7, -6]
Q6: [127, 127, 127, 127, 127, 127, 127, 127, 127, 127, 127, 127, 127, 127, 127, 127, 127, 127, 127, 127, 127, 127, 127, 127, 127, 127, 127, 127, 127, 127, 127, 127, 127, 127, 127, 127, 127, 127, 127, 127, 127, 127, 127, 127, 127, 127, 127, 127, 127, 127, 127, 127, 127, 127, 127, 127, 127, 127, 127, 127, 127, 127, 127, 127, 127, 127, 127, 127, 127, 127, 127, 127, 127, 127, 127, 127, 127, 127, 127, 127, 127, 127, 127, 127, 127, 127, 127, 127, 127, 127, 127, 127, 127, 127, 127, 127]

OFFSETS:
  MUL   = 1824
  SHIFT = 1824
  Q6    = 1824

================================================================================
OP_INDEX: 16
TIPO: CONV_2D
NFEAT: 16

INPUT_SCALE: 0.0235294122248888
WEIGHT_SCALES: [0.017082948237657547, 0.018293343484401703, 0.025338802486658096, 0.012014278210699558, 0.017662782222032547, 0.025195851922035217, 0.015276397578418255, 0.02536134421825409, 0.01291732583194971, 0.01538081094622612, 0.015335016883909702, 0.009243343956768513, 0.012354963459074497, 0.010932952165603638, 0.011383076198399067, 0.01161827240139246]
OUTPUT_SCALES: [0.24103443324565887]
OUTPUT_ZERO_POINT: 6

REAL_MULTIPLIERS: [0.001667611244118879, 0.00178576817436404, 0.0024735350919176348, 0.0011728154388461868, 0.0017242137496474323, 0.0024595804767304995, 0.0014912585355286365, 0.0024757355812329695, 0.0012609695645990175, 0.0015014512085830972, 0.0014969808623541952, 0.0009023210807128868, 0.0012060726110269876, 0.001067258046394132, 0.0011111984651026021, 0.0011341579582316188]

MULTIPLIERS: [1833557954, 1963472872, 1359840298, 1289524212, 1895793067, 1352168667, 1639656100, 1361050029, 1386450699, 1650863062, 1645947865, 1984225040, 1326090860, 1173462632, 1221775633, 1247019863]
SHIFTS: [-9, -9, -8, -9, -9, -8, -9, -8, -9, -9, -9, -10, -9, -9, -9, -9]
Q6: [31, 31, 31, 31, 31, 31, 31, 31, 31, 31, 31, 31, 31, 31, 31, 31]

OFFSETS:
  MUL   = 2208
  SHIFT = 2208
  Q6    = 2208

================================================================================
OP_INDEX: 18
TIPO: CONV_2D
NFEAT: 96

INPUT_SCALE: 0.24103443324565887
WEIGHT_SCALES: [0.00027425034204497933, 0.00028609714354388416, 0.0005351933068595827, 0.0004230379709042609, 0.000655128329526633, 0.000488175981445238, 0.0004372970142867416, 0.0010625000577419996, 0.0009366718586534262, 0.0002466634032316506, 0.0016290155472233891, 0.0006094058626331389, 0.0007594602648168802, 0.0005769157432951033, 0.003577639115974307, 0.0004039545019622892, 0.0005338572664186358, 0.00047753509716130793, 0.0005863256519660354, 0.0005497357342392206, 0.0017203306779265404, 0.00044145368156023324, 0.00036107137566432357, 0.000444755278294906, 0.0006779988179914653, 0.0005733722355216742, 0.0006206163088791072, 0.00036346286651678383, 0.0005558375269174576, 0.0017191607039421797, 0.0008501379052177072, 0.00061601004563272, 0.0005586744518950582, 0.0005803228123113513, 0.0011006153654307127, 0.0005173443350940943, 0.0011958961840718985, 0.00077068991959095, 0.00022939704649616033, 0.0007140442612580955, 0.0007466646493412554, 0.0008584086317569017, 0.0004244150477461517, 0.0007170856115408242, 0.0018587575759738684, 0.0007799787563271821, 0.0007773822289891541, 0.000918046513106674, 0.0006249775760807097, 0.0004700798017438501, 0.0006133320275694132, 0.00072987045859918, 0.001047639176249504, 0.002310867654159665, 0.0008022643160074949, 0.0008010933524928987, 0.000622726627625525, 0.0003690902376547456, 0.0014213077956810594, 0.0004798484733328223, 0.0007703757146373391, 0.0002719236072152853, 0.00037038844311609864, 0.0005367250414565206, 0.0015831540804356337, 0.0008899936801753938, 0.001936212764121592, 0.0005810302100144327, 0.0006839491543360054, 0.0016719361301511526, 0.0007669543847441673, 0.0006132019916549325, 0.0012561839539557695, 0.00117103464435786, 0.00055677694035694, 0.0007518286583945155, 0.0007945441757328808, 0.0006782528362236917, 0.0010542337549850345, 0.0007106764242053032, 0.000490909384097904, 0.0006380283157341182, 0.0018991159740835428, 0.0005602029268629849, 0.000679728458635509, 0.000658470147754997, 0.0005012003821320832, 0.0005338346818462014, 0.0006682789535261691, 0.001151759410277009, 0.0006173823494464159, 0.0008200363954529166, 0.0012637097388505936, 0.0007151685422286391, 0.0010985705303028226, 0.0008468143059872091]
OUTPUT_SCALES: [0.0235294122248888]
OUTPUT_ZERO_POINT: -128

REAL_MULTIPLIERS: [0.0028094104149493726, 0.0029307686136910258, 0.005482500547094697, 0.004333585411472553, 0.006711110507197275, 0.005000856795195712, 0.00447965452732943, 0.010884211504885265, 0.009595232062315294, 0.0025268108285976232, 0.01668757533849582, 0.006242731238351393, 0.007779883014209032, 0.0059099036510798526, 0.03664920349196876, 0.004138095057662365, 0.0054688141979671034, 0.004891851968041691, 0.0060062984093387254, 0.00563147263819349, 0.017623004178171878, 0.004522235273966061, 0.0036988018894250946, 0.004556056709458861, 0.006945394949685013, 0.005873604087805313, 0.006357570637291826, 0.0037233002337409464, 0.005693979177920209, 0.017611019007716396, 0.008708781426679694, 0.006310384246048324, 0.00572304053302763, 0.005944805540745057, 0.011274663314685044, 0.0052996563369464515, 0.012250716515710943, 0.007894919184604703, 0.0023499349053837815, 0.007314643144489922, 0.007648805199994267, 0.008793506445088606, 0.004347692135981794, 0.0073457986249027985, 0.01904104422940184, 0.007990073686418433, 0.007963474955887185, 0.009404434707712562, 0.006402247298065323, 0.004815480196046252, 0.006282950727525154, 0.007476766127847203, 0.010731977181569461, 0.023672443238378957, 0.008218366139955567, 0.008206370832788757, 0.006379188664896972, 0.003780946816661825, 0.014559824772726123, 0.004915550108439569, 0.007891700480618699, 0.002785575428948532, 0.003794245585650311, 0.0054981915799571825, 0.016217772159846572, 0.009117062519155556, 0.019834492327411468, 0.0059520520967920945, 0.007006349976301026, 0.01712725221107081, 0.007856652503054909, 0.006281618644400897, 0.012868302212570492, 0.011996035817471953, 0.005703602494635681, 0.007701705118765351, 0.008139281306986376, 0.006947997103111267, 0.010799531803538771, 0.007280143145615115, 0.0050288576714148225, 0.006535938594971947, 0.019454474174956465, 0.005738698174370439, 0.006963113324813599, 0.006745343970191803, 0.005134278276697804, 0.005468582842437913, 0.006845825015671143, 0.011798581028633627, 0.0063244420758323235, 0.008400422668005718, 0.012945396076178945, 0.007326160237392787, 0.011253716098859123, 0.008674734598429074]

MULTIPLIERS: [1544489709, 1611207085, 1507018275, 1191206887, 1844736009, 1374625049, 1231358060, 1495914639, 1318758653, 1389128944, 1146761445, 1715988896, 2138517959, 1624501946, 1259257043, 1137470908, 1503256200, 1344662030, 1650998735, 1547967412, 1211043626, 1243062567, 2033437843, 1252359332, 1909135627, 1614523998, 1747555710, 2046905950, 1565149079, 1210220011, 1196925805, 1734585214, 1573137403, 1634095704, 1549577927, 1456758441, 1683725657, 1085069430, 1291890376, 2010633798, 2102487564, 1208570323, 1195084514, 2019197751, 1308490596, 1098147366, 1094491664, 1292535664, 1759836337, 1323669117, 1727044345, 2055197824, 1474991713, 1626757912, 1129523642, 1127875019, 1753498028, 2078597494, 2001087079, 1351176125, 1084627055, 1531386287, 2085908570, 1511331393, 1114476817, 1253039531, 1363015934, 1636087622, 1925890817, 1176975810, 1079810098, 1726678185, 1768605989, 1648722609, 1567794316, 2117028583, 1118654305, 1909850901, 1484276349, 2001150510, 1382321871, 1796585121, 1336901285, 1577441343, 1914006017, 1854146032, 1411299666, 1503192606, 1881766052, 1621584629, 1738449400, 1154545300, 1779201689, 2013799592, 1546698963, 1192246445]
SHIFTS: [-8, -8, -7, -7, -7, -7, -7, -6, -6, -8, -5, -7, -7, -7, -4, -7, -7, -7, -7, -7, -5, -7, -8, -7, -7, -7, -7, -8, -7, -5, -6, -7, -7, -7, -6, -7, -6, -6, -8, -7, -7, -6, -7, -7, -5, -6, -6, -6, -7, -7, -7, -7, -6, -5, -6, -6, -7, -8, -6, -7, -6, -8, -8, -7, -5, -6, -5, -7, -7, -5, -6, -7, -6, -6, -7, -7, -6, -7, -6, -7, -7, -7, -5, -7, -7, -7, -7, -7, -7, -6, -7, -6, -6, -7, -6, -6]
Q6: [127, 127, 127, 127, 127, 127, 127, 127, 127, 127, 127, 127, 127, 127, 127, 127, 127, 127, 127, 127, 127, 127, 127, 127, 127, 127, 127, 127, 127, 127, 127, 127, 127, 127, 127, 127, 127, 127, 127, 127, 127, 127, 127, 127, 127, 127, 127, 127, 127, 127, 127, 127, 127, 127, 127, 127, 127, 127, 127, 127, 127, 127, 127, 127, 127, 127, 127, 127, 127, 127, 127, 127, 127, 127, 127, 127, 127, 127, 127, 127, 127, 127, 127, 127, 127, 127, 127, 127, 127, 127, 127, 127, 127, 127, 127, 127]

OFFSETS:
  MUL   = 2272
  SHIFT = 2272
  Q6    = 2272

================================================================================
OP_INDEX: 19
TIPO: DEPTHWISE_CONV_2D
NFEAT: 96

INPUT_SCALE: 0.0235294122248888
WEIGHT_SCALES: [0.02604261040687561, 0.013319289311766624, 0.0062398845329880714, 0.009756148792803288, 0.02079005166888237, 0.010045119561254978, 0.008217591792345047, 0.0029287966899573803, 0.005066941492259502, 0.01416960172355175, 0.005214236676692963, 0.013289985246956348, 0.003786772256717086, 0.008730222471058369, 0.0011997950496152043, 0.01246187835931778, 0.010912024416029453, 0.008537624962627888, 0.0053040641359984875, 0.007772429380565882, 0.009361484088003635, 0.020008932799100876, 0.010785755701363087, 0.0066672577522695065, 0.0071036601439118385, 0.010107854381203651, 0.005854660179466009, 0.0272192545235157, 0.015094943344593048, 0.011296429671347141, 0.005600013304501772, 0.007961999624967575, 0.020009802654385567, 0.01158954855054617, 0.0029745958745479584, 0.007243169005960226, 0.0031158511992543936, 0.015603764913976192, 0.011173794977366924, 0.009557344019412994, 0.010196621529757977, 0.0028063205536454916, 0.008232359774410725, 0.009243465028703213, 0.002074543386697769, 0.004601507447659969, 0.010803562588989735, 0.008476166985929012, 0.013710626401007175, 0.005414317827671766, 0.002421448240056634, 0.018468080088496208, 0.004637450911104679, 0.0033286705147475004, 0.006622171960771084, 0.0038505832199007273, 0.0058909873478114605, 0.005880715791136026, 0.0021514471154659986, 0.009588279761373997, 0.015437149442732334, 0.038554638624191284, 0.011988779529929161, 0.006633471697568893, 0.005276309791952372, 0.004692150745540857, 0.0023272570688277483, 0.010962757281959057, 0.006558929104357958, 0.002357825869694352, 0.0084163723513484, 0.007836708799004555, 0.001671280013397336, 0.007605085149407387, 0.012636478990316391, 0.012032515369355679, 0.010167041793465614, 0.005402881186455488, 0.004947819281369448, 0.004976965487003326, 0.00914542842656374, 0.01553995069116354, 0.00159930728841573, 0.023142263293266296, 0.004001193214207888, 0.004859034437686205, 0.01453423872590065, 0.006126460153609514, 0.008944676257669926, 0.005022864323109388, 0.01213056780397892, 0.006993760354816914, 0.007900286465883255, 0.009173218160867691, 0.0013800911838188767, 0.005998400039970875]
OUTPUT_SCALES: [0.0235294122248888]
OUTPUT_ZERO_POINT: -128

REAL_MULTIPLIERS: [0.02604261040687561, 0.013319289311766624, 0.0062398845329880714, 0.009756148792803288, 0.02079005166888237, 0.010045119561254978, 0.008217591792345047, 0.0029287966899573803, 0.005066941492259502, 0.01416960172355175, 0.005214236676692963, 0.013289985246956348, 0.003786772256717086, 0.008730222471058369, 0.0011997950496152043, 0.01246187835931778, 0.010912024416029453, 0.008537624962627888, 0.0053040641359984875, 0.007772429380565882, 0.009361484088003635, 0.020008932799100876, 0.010785755701363087, 0.0066672577522695065, 0.0071036601439118385, 0.010107854381203651, 0.005854660179466009, 0.0272192545235157, 0.015094943344593048, 0.011296429671347141, 0.005600013304501772, 0.007961999624967575, 0.020009802654385567, 0.01158954855054617, 0.0029745958745479584, 0.007243169005960226, 0.0031158511992543936, 0.015603764913976192, 0.011173794977366924, 0.009557344019412994, 0.010196621529757977, 0.0028063205536454916, 0.008232359774410725, 0.009243465028703213, 0.002074543386697769, 0.004601507447659969, 0.010803562588989735, 0.008476166985929012, 0.013710626401007175, 0.005414317827671766, 0.002421448240056634, 0.018468080088496208, 0.004637450911104679, 0.0033286705147475004, 0.006622171960771084, 0.0038505832199007273, 0.0058909873478114605, 0.005880715791136026, 0.0021514471154659986, 0.009588279761373997, 0.015437149442732334, 0.038554638624191284, 0.011988779529929161, 0.006633471697568893, 0.005276309791952372, 0.004692150745540857, 0.0023272570688277483, 0.010962757281959057, 0.006558929104357958, 0.002357825869694352, 0.0084163723513484, 0.007836708799004555, 0.001671280013397336, 0.007605085149407387, 0.012636478990316391, 0.012032515369355679, 0.010167041793465614, 0.005402881186455488, 0.004947819281369448, 0.004976965487003326, 0.00914542842656374, 0.01553995069116354, 0.00159930728841573, 0.023142263293266296, 0.004001193214207888, 0.004859034437686205, 0.01453423872590065, 0.006126460153609514, 0.008944676257669926, 0.005022864323109388, 0.01213056780397892, 0.006993760354816914, 0.007900286465883255, 0.009173218160867691, 0.0013800911838188767, 0.005998400039970875]

MULTIPLIERS: [1789634560, 1830589184, 1715206400, 1340874880, 1428681472, 1380590720, 1129417216, 1610123008, 1392790272, 1947455232, 1433278464, 1826561664, 2081800064, 1199872640, 1319188608, 1712747520, 1499737216, 1173402240, 1457970048, 2136469120, 1286632576, 1375003392, 1482382976, 1832681856, 1952639232, 1389212928, 1609316736, 1870492928, 2074633216, 1552569472, 1539319936, 1094288896, 1375063168, 1592855424, 1635301376, 1990987136, 1712957312, 2144565120, 1535714688, 1313551360, 1401412992, 1542791040, 1131446912, 1270412160, 1140492288, 1264852736, 1484830336, 1164955520, 1884374144, 1488276352, 1331205248, 1269116800, 1274732800, 1829955968, 1820288768, 2116880512, 1619302272, 1616478848, 1182770560, 1317803136, 2121665664, 1324727296, 1647725312, 1823394816, 1450340992, 1289768576, 1279423104, 1506709888, 1802904704, 1296228480, 1156737408, 1077069056, 1837591808, 2090469888, 1736744448, 1653736320, 1397347584, 1485132672, 1360046208, 1368057856, 1256938112, 2135794560, 1758456960, 1590324224, 1099839616, 1335641216, 1997570560, 1684028544, 1229346944, 1380674432, 1667212544, 1922430208, 1085807104, 1260757504, 1517426304, 1648827648]
SHIFTS: [-5, -6, -7, -6, -5, -6, -6, -8, -7, -6, -7, -6, -8, -6, -9, -6, -6, -6, -7, -7, -6, -5, -6, -7, -7, -6, -7, -5, -6, -6, -7, -6, -5, -6, -8, -7, -8, -6, -6, -6, -6, -8, -6, -6, -8, -7, -6, -6, -6, -7, -8, -5, -7, -8, -7, -8, -7, -7, -8, -6, -6, -4, -6, -7, -7, -7, -8, -6, -7, -8, -6, -6, -9, -7, -6, -6, -6, -7, -7, -7, -6, -6, -9, -5, -7, -7, -6, -7, -6, -7, -6, -7, -6, -6, -9, -7]
Q6: [127, 127, 127, 127, 127, 127, 127, 127, 127, 127, 127, 127, 127, 127, 127, 127, 127, 127, 127, 127, 127, 127, 127, 127, 127, 127, 127, 127, 127, 127, 127, 127, 127, 127, 127, 127, 127, 127, 127, 127, 127, 127, 127, 127, 127, 127, 127, 127, 127, 127, 127, 127, 127, 127, 127, 127, 127, 127, 127, 127, 127, 127, 127, 127, 127, 127, 127, 127, 127, 127, 127, 127, 127, 127, 127, 127, 127, 127, 127, 127, 127, 127, 127, 127, 127, 127, 127, 127, 127, 127, 127, 127, 127, 127, 127, 127]

OFFSETS:
  MUL   = 2656
  SHIFT = 2656
  Q6    = 2656

================================================================================
OP_INDEX: 20
TIPO: CONV_2D
NFEAT: 16

INPUT_SCALE: 0.0235294122248888
WEIGHT_SCALES: [0.009389534592628479, 0.01916314661502838, 0.03322482481598854, 0.005284617654979229, 0.0187351293861866, 0.020095717161893845, 0.008079382590949535, 0.021112598478794098, 0.014596633613109589, 0.020400013774633408, 0.011597881093621254, 0.008772355504333973, 0.014604008756577969, 0.015919720754027367, 0.009455965831875801, 0.0090110432356596]
OUTPUT_SCALES: [0.3496774137020111]
OUTPUT_ZERO_POINT: -8

REAL_MULTIPLIERS: [0.0006318115536569418, 0.0012894672591442584, 0.0022356622663118647, 0.00035559616487239055, 0.0012606664461030275, 0.0013522189152883604, 0.0005436528527605854, 0.0014206437512988546, 0.000982191574063762, 0.0013726947028549206, 0.0007804087839073638, 0.0005902822451685253, 0.000982687839433172, 0.0010712206663877905, 0.0006362816393748386, 0.0006063432825799097]

MULTIPLIERS: [1389368300, 1417784245, 1229068329, 1563928472, 1386117416, 1486780421, 1195505266, 1562014323, 1079931056, 1509293787, 1716137065, 1298044384, 1080476706, 1177819579, 1399198122, 1333362979]
SHIFTS: [-10, -9, -8, -11, -9, -9, -10, -9, -9, -9, -10, -10, -9, -9, -10, -10]
Q6: [9, 9, 9, 9, 9, 9, 9, 9, 9, 9, 9, 9, 9, 9, 9, 9]

OFFSETS:
  MUL   = 3040
  SHIFT = 3040
  Q6    = 3040

================================================================================
OP_INDEX: 22
TIPO: CONV_2D
NFEAT: 96

INPUT_SCALE: 0.3496774137020111
WEIGHT_SCALES: [0.0004314692341722548, 0.0012439112178981304, 0.0009615396847948432, 0.0012168973917141557, 0.00042240481707267463, 0.0006076750578358769, 0.0004180295509286225, 0.0005583750898949802, 0.0007024436490610242, 0.0007593232439830899, 0.0006263353861868382, 0.000438205199316144, 0.0013851580442860723, 0.0007255031960085034, 0.0015359787503257394, 0.0013342367019504309, 0.0009924797341227531, 0.0005800898652523756, 0.0011539972620084882, 0.00041058604256249964, 0.00033565235207788646, 0.0006658214260824025, 0.0007171418401412666, 0.000427096412749961, 0.0008921189582906663, 0.00046584897791035473, 0.0005690694670192897, 0.0005365558317862451, 4.9065893108490855e-05, 0.0005801487131975591, 0.001488798065111041, 0.0008488709572702646, 0.0008795877220109105, 0.0009622888755984604, 0.00045172421960160136, 0.001024494064040482, 0.0011778834741562605, 0.0006514299311675131, 0.0007047515246085823, 0.0016499364282935858, 0.0004817586450371891, 0.0011657646391540766, 0.001015932415612042, 0.001586224534548819, 0.0005408934084698558, 0.0007517815683968365, 0.0005382061935961246, 0.0004149969026912004, 0.0013456862652674317, 0.0006316142971627414, 0.0006662167725153267, 0.0012505766935646534, 0.004034832585602999, 0.0010437568416818976, 0.0007604116108268499, 0.000570611737202853, 0.0019554258324205875, 0.00033121620072051883, 0.00046803176519460976, 0.001348091522231698, 0.0011830455623567104, 0.0011349172564223409, 0.0012507708743214607, 0.0008017258951440454, 0.0004593930789269507, 0.00028079914045520127, 0.0012727512512356043, 0.0024394982028752565, 0.0009198824991472065, 0.0007755145197734237, 0.0013291628565639257, 0.001358128385618329, 0.0006446429761126637, 0.0005278931348584592, 0.0004120554367545992, 0.0011131680803373456, 0.0007552329916507006, 0.0006780675030313432, 0.0008816472836770117, 0.00030651254928670824, 0.0004943822859786451, 0.0005867069703526795, 0.0005922436248511076, 0.0013347237836569548, 0.001820807927288115, 0.0006050026277080178, 0.0005211702082306147, 0.0005151723162271082, 0.00042501394636929035, 0.0005717736203223467, 0.0005025219288654625, 0.001422216882929206, 0.0009402252617292106, 0.0009151629637926817, 0.0008880100795067847, 0.0006643121014349163]
OUTPUT_SCALES: [0.0235294122248888]
OUTPUT_ZERO_POINT: -128

REAL_MULTIPLIERS: [0.006412189325228862, 0.018486125084307865, 0.014289719901938466, 0.018084664785005696, 0.006277480395919325, 0.009030835133675919, 0.006212458297836833, 0.008298174023385634, 0.010439218631022259, 0.011284522774392545, 0.009308151680907487, 0.006512294455258866, 0.020585235103414427, 0.010781913240673638, 0.02282662532245596, 0.01982847827838303, 0.014749528941169463, 0.008620883592733157, 0.017149887729515405, 0.006101838162941074, 0.004988226873489054, 0.009894965162521375, 0.010657652708079252, 0.00634720355886488, 0.013258038367810813, 0.006923116659884519, 0.00845710626097153, 0.00797391170559222, 0.0007291824563729618, 0.008621758149100173, 0.022125459486910217, 0.012615317291735676, 0.013071808034009326, 0.014300853843580284, 0.006713204533420672, 0.015225303175563339, 0.017504867650269037, 0.009681088986055691, 0.010473516638337654, 0.02452018339872327, 0.007159554833545598, 0.01732476613136401, 0.015098066037173794, 0.02357334248260546, 0.008038373689681001, 0.011172443747990382, 0.007998438210709965, 0.0061673892335442695, 0.01999863355682519, 0.009386603106704876, 0.009900840520429171, 0.018585182649787466, 0.059962816315566624, 0.015511572896285143, 0.011300697309457321, 0.008480026385106533, 0.029060149961742814, 0.004922299942607451, 0.006955555694269431, 0.02003437877759461, 0.017581582938946145, 0.016866334237272764, 0.01858806842628635, 0.011914680861231094, 0.006827173674226329, 0.004173037399559885, 0.01891472517733783, 0.03625408973921596, 0.013670640394123053, 0.011525146016009735, 0.01975307439173599, 0.020183539512982854, 0.009580226080182455, 0.007845172856170883, 0.006123675255848079, 0.016543113428743334, 0.011223736349159805, 0.010076957660870817, 0.013102415776773095, 0.004555171819736898, 0.007347158419802713, 0.008719222309210788, 0.008801504136188345, 0.01983571694077591, 0.027059554262420023, 0.008991119375097783, 0.007745261495306272, 0.007656125084102953, 0.006316255422500298, 0.008497293466849392, 0.007468124011544508, 0.02113597724383321, 0.013972960084017595, 0.013600502011537372, 0.013196975129484655, 0.009872534651545355]

MULTIPLIERS: [1762569181, 1270356843, 1963964149, 1242768701, 1725540672, 1241188530, 1707667534, 1140492354, 1434755284, 1550933001, 1279302626, 1790085869, 1414606585, 1481854872, 1568633748, 1362602652, 2027159822, 1184845219, 1178531311, 1677260503, 1371153362, 1359953657, 1464776635, 1744706029, 1822170918, 1903011817, 1162335834, 1095926080, 1603489179, 1184965417, 1520449998, 1733836006, 1796575616, 1965494386, 1845311611, 2092549735, 1202925345, 1330558739, 1439469166, 1685014173, 1968003447, 1190548863, 2075062396, 1619947760, 1104785668, 1535528976, 1099296977, 1695279044, 1374295633, 1290084908, 1360761160, 1277164027, 2060306680, 2131894346, 1553156012, 1165485952, 1996998299, 1353031506, 1911928591, 1376752026, 1208197180, 1159045663, 1277362336, 1637541269, 1876639210, 1147075786, 1299810017, 1245681038, 1878878509, 1584004007, 1357420936, 1387002274, 1316696246, 1078232347, 1683263037, 1136834098, 1542578578, 1384966515, 1800782312, 1252116096, 2019571528, 1198360789, 1209669517, 1363100089, 1859518410, 1235730037, 2129001269, 2104499638, 1736199070, 1167859121, 2052822297, 1452453297, 1920429011, 1869238763, 1813778451, 1356870831]
SHIFTS: [-7, -5, -6, -5, -7, -6, -7, -6, -6, -6, -6, -7, -5, -6, -5, -5, -6, -6, -5, -7, -7, -6, -6, -7, -6, -7, -6, -6, -10, -6, -5, -6, -6, -6, -7, -6, -5, -6, -6, -5, -7, -5, -6, -5, -6, -6, -6, -7, -5, -6, -6, -5, -4, -6, -6, -6, -5, -7, -7, -5, -5, -5, -5, -6, -7, -7, -5, -4, -6, -6, -5, -5, -6, -6, -7, -5, -6, -6, -6, -7, -7, -6, -6, -5, -5, -6, -7, -7, -7, -6, -7, -5, -6, -6, -6, -6]
Q6: [127, 127, 127, 127, 127, 127, 127, 127, 127, 127, 127, 127, 127, 127, 127, 127, 127, 127, 127, 127, 127, 127, 127, 127, 127, 127, 127, 127, 127, 127, 127, 127, 127, 127, 127, 127, 127, 127, 127, 127, 127, 127, 127, 127, 127, 127, 127, 127, 127, 127, 127, 127, 127, 127, 127, 127, 127, 127, 127, 127, 127, 127, 127, 127, 127, 127, 127, 127, 127, 127, 127, 127, 127, 127, 127, 127, 127, 127, 127, 127, 127, 127, 127, 127, 127, 127, 127, 127, 127, 127, 127, 127, 127, 127, 127, 127]

OFFSETS:
  MUL   = 3104
  SHIFT = 3104
  Q6    = 3104

================================================================================
OP_INDEX: 23
TIPO: DEPTHWISE_CONV_2D
NFEAT: 96

INPUT_SCALE: 0.0235294122248888
WEIGHT_SCALES: [0.0028137294575572014, 0.0018763296538963914, 0.0033381490502506495, 0.00276276096701622, 0.006546694319695234, 0.002227701945230365, 0.004735232330858707, 0.007685127668082714, 0.004395607393234968, 0.0031498342286795378, 0.004886610433459282, 0.005397345405071974, 0.001513072638772428, 0.002775295404717326, 0.0018477258272469044, 0.0026943094562739134, 0.0035769138485193253, 0.004718046635389328, 0.0021564855705946684, 0.002936742966994643, 0.006747237406671047, 0.0025400251615792513, 0.002603932050988078, 0.009669382125139236, 0.0037606735713779926, 0.003406644333153963, 0.004948808345943689, 0.004119938239455223, 0.03532737120985985, 0.0029178764671087265, 0.00112024019472301, 0.0019520851783454418, 0.003948257304728031, 0.001849961350671947, 0.002671550726518035, 0.0031579805072396994, 0.0015255644684657454, 0.002272411249577999, 0.003714196151122451, 0.001239190110936761, 0.004097979981452227, 0.0010195355862379074, 0.0018332245526835322, 0.0017489048186689615, 0.004019139334559441, 0.0027796714566648006, 0.0036710361018776894, 0.002412214642390609, 0.001953533384948969, 0.003063304116949439, 0.0038791452534496784, 0.0026459526270627975, 0.0011293858988210559, 0.003508014837279916, 0.0032027317211031914, 0.0018096676794812083, 0.001068970188498497, 0.0030336438212543726, 0.0026218576822429895, 0.0019064318621531129, 0.002375443931668997, 0.002213911386206746, 0.0010163860861212015, 0.002917744917795062, 0.0030465612653642893, 0.008458795957267284, 0.0014164216117933393, 0.0012216032482683659, 0.0016621348913758993, 0.0020980481058359146, 0.0046911598183214664, 0.0019086446845903993, 0.002706727245822549, 0.0031403228640556335, 0.005468231160193682, 0.0016161215025931597, 0.003586102044209838, 0.0019694867078214884, 0.0030151831451803446, 0.0041847447864711285, 0.0036318323109298944, 0.002469502156600356, 0.0046124025247991085, 0.0010780645534396172, 0.0027185045182704926, 0.003279689699411392, 0.002292162738740444, 0.0038809566758573055, 0.00340819638222456, 0.00299860374070704, 0.0068433647975325584, 0.0027725191321223974, 0.001515392679721117, 0.0032682183664292097, 0.0026759877800941467, 0.002595205558463931]
OUTPUT_SCALES: [0.0235294122248888]
OUTPUT_ZERO_POINT: -128

REAL_MULTIPLIERS: [0.0028137294575572014, 0.0018763296538963914, 0.0033381490502506495, 0.00276276096701622, 0.006546694319695234, 0.002227701945230365, 0.004735232330858707, 0.007685127668082714, 0.004395607393234968, 0.0031498342286795378, 0.004886610433459282, 0.005397345405071974, 0.001513072638772428, 0.002775295404717326, 0.0018477258272469044, 0.0026943094562739134, 0.0035769138485193253, 0.004718046635389328, 0.0021564855705946684, 0.002936742966994643, 0.006747237406671047, 0.0025400251615792513, 0.002603932050988078, 0.009669382125139236, 0.0037606735713779926, 0.003406644333153963, 0.004948808345943689, 0.004119938239455223, 0.03532737120985985, 0.0029178764671087265, 0.00112024019472301, 0.0019520851783454418, 0.003948257304728031, 0.001849961350671947, 0.002671550726518035, 0.0031579805072396994, 0.0015255644684657454, 0.002272411249577999, 0.003714196151122451, 0.001239190110936761, 0.004097979981452227, 0.0010195355862379074, 0.0018332245526835322, 0.0017489048186689615, 0.004019139334559441, 0.0027796714566648006, 0.0036710361018776894, 0.002412214642390609, 0.001953533384948969, 0.003063304116949439, 0.0038791452534496784, 0.0026459526270627975, 0.0011293858988210559, 0.003508014837279916, 0.0032027317211031914, 0.0018096676794812083, 0.001068970188498497, 0.0030336438212543726, 0.0026218576822429895, 0.0019064318621531129, 0.002375443931668997, 0.002213911386206746, 0.0010163860861212015, 0.002917744917795062, 0.0030465612653642893, 0.008458795957267284, 0.0014164216117933393, 0.0012216032482683659, 0.0016621348913758993, 0.0020980481058359146, 0.0046911598183214664, 0.0019086446845903993, 0.002706727245822549, 0.0031403228640556335, 0.005468231160193682, 0.0016161215025931597, 0.003586102044209838, 0.0019694867078214884, 0.0030151831451803446, 0.0041847447864711285, 0.0036318323109298944, 0.002469502156600356, 0.0046124025247991085, 0.0010780645534396172, 0.0027185045182704926, 0.003279689699411392, 0.002292162738740444, 0.0038809566758573055, 0.00340819638222456, 0.00299860374070704, 0.0068433647975325584, 0.0027725191321223974, 0.001515392679721117, 0.0032682183664292097, 0.0026759877800941467, 0.002595205558463931]

MULTIPLIERS: [1546864128, 2063046272, 1835166848, 1518843904, 1799541632, 1224692096, 1301610752, 2112471808, 1208255360, 1731639680, 1343221248, 1483611008, 1663640960, 1525734784, 2031596032, 1481212288, 1966429184, 1296886784, 1185540480, 1614491520, 1854666496, 1396393600, 1431526784, 1328949760, 2067452160, 1872822528, 1360318080, 1132480000, 1213839232, 1604119552, 1231717120, 2146340352, 1085288704, 2034054016, 1468700544, 1736118144, 1677375872, 1249271296, 2041900928, 1362503936, 1126444160, 1120991232, 2015651712, 1922941184, 1104772608, 1528140544, 2018173440, 1326129024, 1073966336, 1684069248, 2132582656, 1454627840, 1241772928, 1928551552, 1760720384, 1989750656, 1175345152, 1667763328, 1441381504, 2096144000, 1305914112, 1217110656, 1117528320, 1604047232, 1674864768, 1162568064, 1557372032, 1343166976, 1827536640, 1153414144, 1289496192, 2098577024, 1488039040, 1726410752, 1503095936, 1776944384, 1971480448, 1082736768, 1657614464, 1150293888, 1996620928, 1357623168, 1267847552, 1185344512, 1494513664, 1803028480, 1260129792, 2133578496, 1873675776, 1648499840, 1881089792, 1524208512, 1666191872, 1796722048, 1471139840, 1426729344]
SHIFTS: [-8, -9, -8, -8, -7, -8, -7, -7, -7, -8, -7, -7, -9, -8, -9, -8, -8, -7, -8, -8, -7, -8, -8, -6, -8, -8, -7, -7, -4, -8, -9, -9, -7, -9, -8, -8, -9, -8, -8, -9, -7, -9, -9, -9, -7, -8, -8, -8, -8, -8, -8, -8, -9, -8, -8, -9, -9, -8, -8, -9, -8, -8, -9, -8, -8, -6, -9, -9, -9, -8, -7, -9, -8, -8, -7, -9, -8, -8, -8, -7, -8, -8, -7, -9, -8, -8, -8, -8, -8, -8, -7, -8, -9, -8, -8, -8]
Q6: [127, 127, 127, 127, 127, 127, 127, 127, 127, 127, 127, 127, 127, 127, 127, 127, 127, 127, 127, 127, 127, 127, 127, 127, 127, 127, 127, 127, 127, 127, 127, 127, 127, 127, 127, 127, 127, 127, 127, 127, 127, 127, 127, 127, 127, 127, 127, 127, 127, 127, 127, 127, 127, 127, 127, 127, 127, 127, 127, 127, 127, 127, 127, 127, 127, 127, 127, 127, 127, 127, 127, 127, 127, 127, 127, 127, 127, 127, 127, 127, 127, 127, 127, 127, 127, 127, 127, 127, 127, 127, 127, 127, 127, 127, 127, 127]

OFFSETS:
  MUL   = 3488
  SHIFT = 3488
  Q6    = 3488

================================================================================
OP_INDEX: 24
TIPO: CONV_2D
NFEAT: 24

INPUT_SCALE: 0.0235294122248888
WEIGHT_SCALES: [0.017981354147195816, 0.014385239221155643, 0.013797328807413578, 0.022279325872659683, 0.01660476252436638, 0.020261330530047417, 0.01571509800851345, 0.014035835862159729, 0.015158395282924175, 0.02473101206123829, 0.026983357965946198, 0.01410300750285387, 0.026118647307157516, 0.020144974812865257, 0.02263101190328598, 0.023060152307152748, 0.0144971814006567, 0.020352981984615326, 0.01729319617152214, 0.014935255981981754, 0.014455124735832214, 0.01445817481726408, 0.020783966407179832, 0.015931176021695137]
OUTPUT_SCALES: [0.1912367045879364]
OUTPUT_ZERO_POINT: -5

REAL_MULTIPLIERS: [0.002212392725563488, 0.0017699333625181136, 0.0016975979470650563, 0.002741207257675726, 0.0020430194254500234, 0.002492916824170604, 0.001933556740551404, 0.0017269434161880392, 0.0018650610616212857, 0.003042858214804651, 0.003319982710225681, 0.0017352080912519615, 0.0032135903019809646, 0.0024786006308425462, 0.002784478059722704, 0.0028372787053241523, 0.0017837065222915383, 0.002504193450486591, 0.0021277230345626928, 0.001837606412647069, 0.0017785319476428508, 0.0017789072240495662, 0.0025572209807553053, 0.0019601425816734934]

MULTIPLIERS: [1216275763, 1946062312, 1866528682, 1506994627, 1123161807, 1370495518, 2125968119, 1898794367, 2050656324, 1672828994, 1825179797, 1907881473, 1766689952, 1362625107, 1530783002, 1559810464, 1961206062, 1376694909, 1169728109, 2020469618, 1955516557, 1955929178, 1405847102, 1077599780]
SHIFTS: [-8, -9, -9, -8, -8, -8, -9, -9, -9, -8, -8, -9, -8, -8, -8, -8, -9, -8, -8, -9, -9, -9, -8, -8]
Q6: [26, 26, 26, 26, 26, 26, 26, 26, 26, 26, 26, 26, 26, 26, 26, 26, 26, 26, 26, 26, 26, 26, 26, 26]

OFFSETS:
  MUL   = 3872
  SHIFT = 3872
  Q6    = 3872

================================================================================
OP_INDEX: 25
TIPO: CONV_2D
NFEAT: 144

INPUT_SCALE: 0.1912367045879364
WEIGHT_SCALES: [0.0006564515642821789, 0.0007393184932880104, 0.0008271050173789263, 0.0006000240100547671, 0.0006068023503758013, 0.0005129831261001527, 0.0006503650220111012, 0.0010094728786498308, 0.001042072311975062, 0.0007245150627568364, 0.0005597453564405441, 0.0005529209156520665, 0.0009789009345695376, 0.0020653281826525927, 0.00040473247645422816, 0.0002942511055152863, 0.00041506701381877065, 0.00040352309588342905, 0.0005551836220547557, 0.00043803435983136296, 0.0005846692365594208, 0.00037517017335630953, 0.0007912832661531866, 0.0011578582925722003, 0.000423130055423826, 0.0007530220900662243, 0.0011114972876384854, 0.0008329007541760802, 0.0007939304923638701, 0.0012703541433438659, 0.0006489091902039945, 0.00032194118830375373, 0.00010650869808159769, 0.00037732001510448754, 0.0007799245649948716, 0.000735103152692318, 0.0009071920649148524, 0.0003125229850411415, 0.0006971058319322765, 0.000347976922057569, 0.00043273248593322933, 0.0006520512979477644, 0.0005655507557094097, 0.00021386427397374064, 0.0005836112541146576, 0.001229768036864698, 0.00031528237741440535, 0.0008233656408265233, 0.0009354754583910108, 0.0005584824248217046, 0.0005397910717874765, 0.0005454457132145762, 0.0006781884003430605, 0.0006281376699917018, 0.0007803756161592901, 0.0003186172107234597, 0.000586395850405097, 0.0005067884339950979, 0.000645725813228637, 0.00017053604824468493, 0.0004302184679545462, 9.75290167843923e-05, 0.0009528883965685964, 0.0007465590606443584, 0.0005476236692629755, 0.0007443123031407595, 0.0007111133309081197, 0.0010386861395090818, 0.0004301446897443384, 0.0004726004844997078, 0.0007956356857903302, 0.0006782303098589182, 0.0007534780306741595, 0.0003898795403074473, 0.001057997578755021, 0.0019976936746388674, 0.0007520564249716699, 0.0009028913918882608, 0.0004436580347828567, 0.0007699274574406445, 0.00039840227691456676, 0.0009997207671403885, 0.0005241287290118635, 0.0009616398019716144, 0.002136786002665758, 0.001014718203805387, 0.0002794191532302648, 0.0006661963416263461, 0.0007288026972673833, 0.0009214227902702987, 0.000405787315685302, 0.001246010884642601, 0.0013015859294682741, 0.0004945474211126566, 0.0007838086457923055, 0.0006094493437558413, 0.0008023889968171716, 0.0006669766735285521, 0.0010228747269138694, 0.0005795663455501199, 0.0003572197165340185, 0.0005052543710917234, 0.0008102752035483718, 0.0007074144668877125, 0.00022535462630912662, 0.00038967482396401465, 0.0005299263866618276, 0.0003121795889455825, 0.0009130394901148975, 0.0005187640781514347, 0.0003000744036398828, 0.0008544220472685993, 0.0005575542454607785, 0.0007539487560279667, 0.0005246114451438189, 0.0010480285855010152, 0.00019453965069260448, 0.0008072282071225345, 0.0006922503816895187, 0.000690243614371866, 0.0011439264053478837, 0.0006464898469857872, 0.0007272413349710405, 0.0003552360867615789, 0.0002689443645067513, 0.0008867447031661868, 0.0005725901573896408, 0.0005350772407837212, 0.00047304952749982476, 0.0007089049322530627, 0.00016416682046838105, 0.0006035467376932502, 0.0006428334163501859, 0.0006514191045425832, 0.0006762134726159275, 0.0005863633123226464, 0.0006143259815871716, 0.0004418384633027017, 0.00038474216125905514, 0.00022552207519765943, 0.0007984579424373806, 0.000505482719745487, 0.0006568586686626077, 0.00035215370007790625]
OUTPUT_SCALES: [0.0235294122248888]
OUTPUT_ZERO_POINT: -128

REAL_MULTIPLIERS: [0.005335349335336534, 0.0060088552551161595, 0.00672234547807287, 0.004876731014773777, 0.004931822380983043, 0.004169301026603721, 0.005285880599138149, 0.00820455117360263, 0.008469505016944153, 0.005888539488435696, 0.0045493638494233735, 0.004493897798908798, 0.00795607587031487, 0.016786078282282294, 0.003289487399729848, 0.002391543452181005, 0.003373481970021131, 0.0032796580868366147, 0.004512288080474888, 0.0035601504478649203, 0.004751934175189396, 0.003049218013888765, 0.006431202053345365, 0.009410562496631542, 0.003439014822723468, 0.006120232057214746, 0.009033760657292328, 0.006769450675395834, 0.006452717542639842, 0.0103248792494586, 0.005274048239087485, 0.0026165962555244034, 0.0008656558113904379, 0.0030666909812275857, 0.006338883530589508, 0.005974594822406189, 0.007373257745007761, 0.0025400492454305365, 0.005665769326219981, 0.002828203238181705, 0.0035170591507798455, 0.005299585907629124, 0.004596547579062855, 0.001738194672817545, 0.004743335359617013, 0.00999501324256697, 0.0025624763719173547, 0.006691953471580734, 0.007603132716437058, 0.004539099297185587, 0.004387184207918099, 0.004433142644185416, 0.005512016769980489, 0.005105226466715339, 0.006342549475894878, 0.0025895804290131394, 0.004765967332447517, 0.004118953296163838, 0.005248175152398795, 0.0013860419277820276, 0.003496626319354943, 0.0007926729147879029, 0.007744657412525835, 0.006067703399189658, 0.004450844112180127, 0.006049442743254445, 0.005779616111598905, 0.008441983697781092, 0.003496026682540573, 0.0038410886926782705, 0.006466576604160142, 0.005512357392076226, 0.006123937741764618, 0.0031687692731987957, 0.008598938574806755, 0.016236374774801995, 0.006112383556425472, 0.00733830376786397, 0.0036058572022503866, 0.006257631441255152, 0.0032380383245137483, 0.008125290304269603, 0.004259887580620004, 0.007815784983150652, 0.01736685598661869, 0.008247182867401582, 0.0022709958732409436, 0.005414550595802807, 0.005923387494260813, 0.007488918816132729, 0.003298060668645051, 0.010127027958977268, 0.01057871745840924, 0.004019463732120229, 0.006370451629484425, 0.004953335977932544, 0.006521464543284453, 0.005420892789990932, 0.008313475496611909, 0.004710460123429706, 0.002903324602879039, 0.004106485108201131, 0.006585560159977278, 0.005749553373132649, 0.0018315831983859476, 0.003167105428878369, 0.004307008389789023, 0.0025372582731335914, 0.007420783042915467, 0.00421628606002069, 0.0024388726558405415, 0.0069443662716779635, 0.004531555463937501, 0.006127763590220487, 0.0042638108848421525, 0.008517914986128288, 0.0015811326417575974, 0.006560795514358465, 0.005626306364083871, 0.005609996242732997, 0.009297330250283677, 0.005254384882438578, 0.005910697428849633, 0.002887202533310186, 0.0021858614016445517, 0.007207070589928892, 0.004653760737076816, 0.0043488722646138345, 0.0038447383165082193, 0.005761667219498541, 0.0013342756482392728, 0.004905362194265449, 0.005224667023844256, 0.00529444771793218, 0.005495965426805126, 0.0047657028772370765, 0.004992971143461498, 0.003591068526260471, 0.003127014917839489, 0.0018329441492386024, 0.006489514663790565, 0.004108341025536654, 0.005338658100527624, 0.002862150251254973]

MULTIPLIERS: [1466569658, 1651701556, 1847824255, 1340505614, 1355649014, 1146048740, 1452971795, 1127624927, 1164039906, 1618629410, 1250519613, 1235273221, 1093474741, 1153530516, 1808414823, 1314764917, 1854591326, 1803011101, 1240328303, 1957213407, 1306201720, 1676325331, 1767795360, 1293377861, 1890618393, 1682316578, 1241590611, 1860772433, 1773709492, 1419040599, 1449719341, 1438489004, 1903597261, 1685931196, 1742419037, 1642284120, 2026745656, 1396406840, 1557394814, 1554821173, 1933523716, 1456739082, 1263489378, 1911165254, 1303838096, 1373704160, 1408736283, 1839470164, 2089933207, 1247698114, 1205940012, 1218572971, 1515131633, 1403313966, 1743426725, 1423636896, 1310059125, 1132209261, 1442607401, 1523969216, 1922290648, 1743106174, 2128835220, 1667877610, 1223438714, 1662858159, 1588688780, 1160257405, 1921960994, 2111660840, 1777519042, 1515225262, 1683335189, 1742049331, 1181829119, 1115755179, 1680159198, 2017137580, 1982340961, 1720084633, 1780130394, 1116731396, 1170948982, 1074193309, 1193441256, 1133484182, 1248493185, 1488340335, 1628208356, 2058538329, 1813128027, 1391848124, 1453927857, 1104861778, 1751096410, 1361562626, 1792606524, 1490083664, 1142595372, 1294801419, 1596119580, 1128782031, 1810224993, 1580425197, 2013847024, 1741134623, 1183901451, 1394872487, 2039809311, 1158963887, 1340784422, 1908852866, 1245624481, 1684386830, 1172027412, 1170693321, 1738473725, 1803417739, 1546547317, 1542064025, 1277815340, 1444314319, 1624720138, 1587256379, 1201690014, 1981064479, 1279216011, 1195408906, 2113667242, 1583755026, 1467051590, 1348375693, 1436145536, 1455326707, 1510719473, 1309986432, 1372457457, 1974210800, 1719094631, 2015343405, 1783824208, 1129292182, 1467479165, 1573483741]
SHIFTS: [-7, -7, -7, -7, -7, -7, -7, -6, -6, -7, -7, -7, -6, -5, -8, -8, -8, -8, -7, -8, -7, -8, -7, -6, -8, -7, -6, -7, -7, -6, -7, -8, -10, -8, -7, -7, -7, -8, -7, -8, -8, -7, -7, -9, -7, -6, -8, -7, -7, -7, -7, -7, -7, -7, -7, -8, -7, -7, -7, -9, -8, -10, -7, -7, -7, -7, -7, -6, -8, -8, -7, -7, -7, -8, -6, -5, -7, -7, -8, -7, -8, -6, -7, -6, -5, -6, -8, -7, -7, -7, -8, -6, -6, -7, -7, -7, -7, -7, -6, -7, -8, -7, -7, -7, -9, -8, -7, -8, -7, -7, -8, -7, -7, -7, -7, -6, -9, -7, -7, -7, -6, -7, -7, -8, -8, -7, -7, -7, -8, -7, -9, -7, -7, -7, -7, -7, -7, -8, -8, -9, -7, -7, -7, -8]
Q6: [127, 127, 127, 127, 127, 127, 127, 127, 127, 127, 127, 127, 127, 127, 127, 127, 127, 127, 127, 127, 127, 127, 127, 127, 127, 127, 127, 127, 127, 127, 127, 127, 127, 127, 127, 127, 127, 127, 127, 127, 127, 127, 127, 127, 127, 127, 127, 127, 127, 127, 127, 127, 127, 127, 127, 127, 127, 127, 127, 127, 127, 127, 127, 127, 127, 127, 127, 127, 127, 127, 127, 127, 127, 127, 127, 127, 127, 127, 127, 127, 127, 127, 127, 127, 127, 127, 127, 127, 127, 127, 127, 127, 127, 127, 127, 127, 127, 127, 127, 127, 127, 127, 127, 127, 127, 127, 127, 127, 127, 127, 127, 127, 127, 127, 127, 127, 127, 127, 127, 127, 127, 127, 127, 127, 127, 127, 127, 127, 127, 127, 127, 127, 127, 127, 127, 127, 127, 127, 127, 127, 127, 127, 127, 127]

OFFSETS:
  MUL   = 3968
  SHIFT = 3968
  Q6    = 3968

================================================================================
OP_INDEX: 26
TIPO: DEPTHWISE_CONV_2D
NFEAT: 144

INPUT_SCALE: 0.0235294122248888
WEIGHT_SCALES: [0.007610206492245197, 0.00869226548820734, 0.0046976408921182156, 0.029094649478793144, 0.013593963347375393, 0.01910988800227642, 0.008741003461182117, 0.004294222220778465, 0.009206105954945087, 0.008890023455023766, 0.005626725498586893, 0.019388288259506226, 0.011462172493338585, 0.003600567113608122, 0.017707722261548042, 0.015173487365245819, 0.009356176480650902, 0.013755290769040585, 0.00521427346393466, 0.015233999118208885, 0.014813657850027084, 0.007134809624403715, 0.006880529224872589, 0.008042125031352043, 0.016857286915183067, 0.005248553119599819, 0.009337639436125755, 0.009166763164103031, 0.004801962990313768, 0.0025743257720023394, 0.019207071512937546, 0.022249417379498482, 0.057325176894664764, 0.009678687900304794, 0.004302750341594219, 0.008365926332771778, 0.009725774638354778, 0.009123342111706734, 0.005477129481732845, 0.013342614285647869, 0.018413057550787926, 0.009533492848277092, 0.007287079934030771, 0.022402755916118622, 0.013858051970601082, 0.01901894435286522, 0.016577817499637604, 0.005339422263205051, 0.009305729530751705, 0.009183533489704132, 0.01794552244246006, 0.017506832256913185, 0.019524022936820984, 0.010673311538994312, 0.014177365228533745, 0.01501594576984644, 0.007766916882246733, 0.014433730393648148, 0.011720559559762478, 0.05780962109565735, 0.019037971273064613, 0.019890014082193375, 0.009633990004658699, 0.008706632070243359, 0.04094148427248001, 0.008088549599051476, 0.01687442697584629, 0.02026582509279251, 0.02587001398205757, 0.011395779438316822, 0.006150397006422281, 0.0038367528468370438, 0.007622496224939823, 0.011788437142968178, 0.007816973142325878, 0.0048138475976884365, 0.006404567509889603, 0.00907565001398325, 0.009017515927553177, 0.0035240750294178724, 0.0053789978846907616, 0.012430447153747082, 0.008898901753127575, 0.010867767967283726, 0.0030765815172344446, 0.0023141494020819664, 0.018025794997811317, 0.008228713646531105, 0.006650636438280344, 0.006398828234523535, 0.008163449354469776, 0.004319226369261742, 0.0023502050898969173, 0.007314315997064114, 0.006354358047246933, 0.006961024831980467, 0.007778595667332411, 0.005147362593561411, 0.0054997834376990795, 0.005324947647750378, 0.009975861757993698, 0.008635924197733402, 0.011323745362460613, 0.010631103068590164, 0.037193190306425095, 0.0262262225151062, 0.009235280565917492, 0.019092515110969543, 0.006575088948011398, 0.009568563662469387, 0.012364404276013374, 0.0034196218475699425, 0.01089558470994234, 0.007916613481938839, 0.007412380538880825, 0.014321264810860157, 0.013098582625389099, 0.01400157529860735, 0.0025191751774400473, 0.007877250202000141, 0.01288392674177885, 0.008490923792123795, 0.0029527286533266306, 0.042682845145463943, 0.014382927678525448, 0.011100821197032928, 0.00662490539252758, 0.004130740184336901, 0.01205393299460411, 0.00793768372386694, 0.03944803401827812, 0.018512358888983727, 0.01747501827776432, 0.007728647906333208, 0.006263313349336386, 0.008265158161520958, 0.005575763061642647, 0.007118143606930971, 0.015012423507869244, 0.01365516148507595, 0.009057060815393925, 0.009555899538099766, 0.015582526102662086, 0.015866007655858994]
OUTPUT_SCALES: [0.0235294122248888]
OUTPUT_ZERO_POINT: -128

REAL_MULTIPLIERS: [0.007610206492245197, 0.00869226548820734, 0.0046976408921182156, 0.029094649478793144, 0.013593963347375393, 0.01910988800227642, 0.008741003461182117, 0.004294222220778465, 0.009206105954945087, 0.008890023455023766, 0.005626725498586893, 0.019388288259506226, 0.011462172493338585, 0.003600567113608122, 0.017707722261548042, 0.015173487365245819, 0.009356176480650902, 0.013755290769040585, 0.00521427346393466, 0.015233999118208885, 0.014813657850027084, 0.007134809624403715, 0.006880529224872589, 0.008042125031352043, 0.016857286915183067, 0.005248553119599819, 0.009337639436125755, 0.009166763164103031, 0.004801962990313768, 0.0025743257720023394, 0.019207071512937546, 0.022249417379498482, 0.057325176894664764, 0.009678687900304794, 0.004302750341594219, 0.008365926332771778, 0.009725774638354778, 0.009123342111706734, 0.005477129481732845, 0.013342614285647869, 0.018413057550787926, 0.009533492848277092, 0.007287079934030771, 0.022402755916118622, 0.013858051970601082, 0.01901894435286522, 0.016577817499637604, 0.005339422263205051, 0.009305729530751705, 0.009183533489704132, 0.01794552244246006, 0.017506832256913185, 0.019524022936820984, 0.010673311538994312, 0.014177365228533745, 0.01501594576984644, 0.007766916882246733, 0.014433730393648148, 0.011720559559762478, 0.05780962109565735, 0.019037971273064613, 0.019890014082193375, 0.009633990004658699, 0.008706632070243359, 0.04094148427248001, 0.008088549599051476, 0.01687442697584629, 0.02026582509279251, 0.02587001398205757, 0.011395779438316822, 0.006150397006422281, 0.0038367528468370438, 0.007622496224939823, 0.011788437142968178, 0.007816973142325878, 0.0048138475976884365, 0.006404567509889603, 0.00907565001398325, 0.009017515927553177, 0.0035240750294178724, 0.0053789978846907616, 0.012430447153747082, 0.008898901753127575, 0.010867767967283726, 0.0030765815172344446, 0.0023141494020819664, 0.018025794997811317, 0.008228713646531105, 0.006650636438280344, 0.006398828234523535, 0.008163449354469776, 0.004319226369261742, 0.0023502050898969173, 0.007314315997064114, 0.006354358047246933, 0.006961024831980467, 0.007778595667332411, 0.005147362593561411, 0.0054997834376990795, 0.005324947647750378, 0.009975861757993698, 0.008635924197733402, 0.011323745362460613, 0.010631103068590164, 0.037193190306425095, 0.0262262225151062, 0.009235280565917492, 0.019092515110969543, 0.006575088948011398, 0.009568563662469387, 0.012364404276013374, 0.0034196218475699425, 0.01089558470994234, 0.007916613481938839, 0.007412380538880825, 0.014321264810860157, 0.013098582625389099, 0.01400157529860735, 0.0025191751774400473, 0.007877250202000141, 0.01288392674177885, 0.008490923792123795, 0.0029527286533266306, 0.042682845145463943, 0.014382927678525448, 0.011100821197032928, 0.00662490539252758, 0.004130740184336901, 0.01205393299460411, 0.00793768372386694, 0.03944803401827812, 0.018512358888983727, 0.01747501827776432, 0.007728647906333208, 0.006263313349336386, 0.008265158161520958, 0.005575763061642647, 0.007118143606930971, 0.015012423507869244, 0.01365516148507595, 0.009057060815393925, 0.009555899538099766, 0.015582526102662086, 0.015866007655858994]

MULTIPLIERS: [2091877632, 1194655872, 1291277696, 1999369088, 1868340096, 1313221504, 1201354368, 1180386816, 1265277568, 1221835520, 1546662528, 1332353024, 1575348992, 1979432704, 1216865408, 2085428224, 1285903104, 1890512768, 1433288576, 2093744896, 2035973632, 1961201536, 1891305472, 1105301248, 1158423936, 1442711296, 1283355392, 1259870336, 1319953536, 1415250560, 1319899904, 1528968320, 1969678080, 1330228736, 1182731008, 1149804160, 1336700288, 1253902592, 1505541888, 1833794944, 1265335680, 1310273280, 2003057280, 1539505664, 1904636160, 1306971904, 1139218944, 1467689216, 1278969728, 1262175232, 1233206912, 1203060352, 1341680640, 1466928768, 1948522240, 2063775872, 2134953856, 1983756800, 1610861440, 1986323456, 1308279424, 1366831360, 1324085504, 1196630400, 1406738688, 1111681792, 1159601792, 1392656896, 1777773824, 1566224000, 1690608256, 2109277184, 2095255808, 1620190464, 1074356608, 1323220352, 1760474112, 1247347840, 1239357952, 1937380736, 1478567680, 1708427648, 1223055744, 1493654656, 1691368576, 1272217088, 1238723200, 1130945792, 1828113024, 1758896512, 1121975936, 1187259904, 1292038912, 2010543872, 1746672640, 1913431936, 2138164096, 1414896256, 1511768960, 1463710464, 1371072000, 1186912384, 1556323712, 1461127680, 1277948288, 1802252288, 1269287296, 1312027648, 1807346688, 1315093376, 1699350784, 1879956992, 1497477760, 1088051072, 2037499648, 1968299648, 1800255488, 1924361856, 1384931200, 1082641024, 1770753408, 1166983680, 1623279744, 1466571392, 1976774528, 1525685248, 1821040128, 1135449216, 1656679936, 1090946944, 1355424128, 1272159616, 1200874112, 2124434560, 1721646464, 1135954688, 1532654080, 1956620416, 2063291776, 1876751104, 1244792960, 1313352832, 2141646080, 1090303744]
SHIFTS: [-7, -6, -7, -5, -6, -5, -6, -7, -6, -6, -7, -5, -6, -8, -5, -6, -6, -6, -7, -6, -6, -7, -7, -6, -5, -7, -6, -6, -7, -8, -5, -5, -4, -6, -7, -6, -6, -6, -7, -6, -5, -6, -7, -5, -6, -5, -5, -7, -6, -6, -5, -5, -5, -6, -6, -6, -7, -6, -6, -4, -5, -5, -6, -6, -4, -6, -5, -5, -5, -6, -7, -8, -7, -6, -6, -7, -7, -6, -6, -8, -7, -6, -6, -6, -8, -8, -5, -6, -7, -7, -6, -7, -8, -7, -7, -7, -7, -7, -7, -7, -6, -6, -6, -6, -4, -5, -6, -5, -7, -6, -6, -8, -6, -6, -7, -6, -6, -6, -8, -6, -6, -6, -8, -4, -6, -6, -7, -7, -6, -6, -4, -5, -5, -7, -7, -6, -7, -7, -6, -6, -6, -6, -6, -5]
Q6: [127, 127, 127, 127, 127, 127, 127, 127, 127, 127, 127, 127, 127, 127, 127, 127, 127, 127, 127, 127, 127, 127, 127, 127, 127, 127, 127, 127, 127, 127, 127, 127, 127, 127, 127, 127, 127, 127, 127, 127, 127, 127, 127, 127, 127, 127, 127, 127, 127, 127, 127, 127, 127, 127, 127, 127, 127, 127, 127, 127, 127, 127, 127, 127, 127, 127, 127, 127, 127, 127, 127, 127, 127, 127, 127, 127, 127, 127, 127, 127, 127, 127, 127, 127, 127, 127, 127, 127, 127, 127, 127, 127, 127, 127, 127, 127, 127, 127, 127, 127, 127, 127, 127, 127, 127, 127, 127, 127, 127, 127, 127, 127, 127, 127, 127, 127, 127, 127, 127, 127, 127, 127, 127, 127, 127, 127, 127, 127, 127, 127, 127, 127, 127, 127, 127, 127, 127, 127, 127, 127, 127, 127, 127, 127]

OFFSETS:
  MUL   = 4544
  SHIFT = 4544
  Q6    = 4544

================================================================================
OP_INDEX: 27
TIPO: CONV_2D
NFEAT: 24

INPUT_SCALE: 0.0235294122248888
WEIGHT_SCALES: [0.0039997282437980175, 0.007405694108456373, 0.014907187782227993, 0.008230471983551979, 0.004868758842349052, 0.01016202475875616, 0.004970206413418055, 0.02962462790310383, 0.004818160552531481, 0.008583025075495243, 0.006258710287511349, 0.003681901842355728, 0.005067272111773491, 0.007249730639159679, 0.0033390659373253584, 0.004828707315027714, 0.005358878988772631, 0.0070867231115698814, 0.0039721583016216755, 0.02140829525887966, 0.005875615403056145, 0.004531090147793293, 0.010457607917487621, 0.004132025875151157]
OUTPUT_SCALES: [0.21476969122886658]
OUTPUT_ZERO_POINT: 1

REAL_MULTIPLIERS: [0.00043819616304968114, 0.0008113418075533355, 0.0016331790786442404, 0.0009017015715686966, 0.0005334040998509649, 0.0011133157021374078, 0.000544518339040109, 0.0032455700706775733, 0.0005278607291258874, 0.0009403260487192101, 0.0006856822930106887, 0.0004033762200088379, 0.0005551525156617439, 0.0007942549982363025, 0.0003658163236901521, 0.0005290161953417764, 0.0005870999397943862, 0.0007763964666601079, 0.00043517569712280034, 0.0023454175554106674, 0.0006437117644597723, 0.0004964103049435825, 0.001145698753715742, 0.0004526902263724579]

MULTIPLIERS: [1927207106, 1784159503, 1795699387, 1982862725, 1172968020, 1224103560, 1197408491, 1784271016, 1160778019, 2067798849, 1507831308, 1774067377, 1220793292, 1746585212, 1608877206, 1163318916, 1291046421, 1707313886, 1913922956, 1289406937, 1415537140, 1091617805, 1259709102, 1990952671]
SHIFTS: [-11, -10, -9, -10, -10, -9, -10, -8, -10, -10, -10, -11, -10, -10, -11, -10, -10, -10, -11, -8, -10, -10, -9, -11]
Q6: [29, 29, 29, 29, 29, 29, 29, 29, 29, 29, 29, 29, 29, 29, 29, 29, 29, 29, 29, 29, 29, 29, 29, 29]

OFFSETS:
  MUL   = 5120
  SHIFT = 5120
  Q6    = 5120

================================================================================
OP_INDEX: 29
TIPO: CONV_2D
NFEAT: 144

INPUT_SCALE: 0.21476969122886658
WEIGHT_SCALES: [0.00023754866560921073, 0.0007319764117710292, 0.0008782638469710946, 0.0007275941898114979, 0.0008496507070958614, 0.00016645679716020823, 0.0006244341493584216, 0.0001770465896697715, 0.0003872835368383676, 0.00015135602734517306, 0.0004745929909404367, 0.0002763047523330897, 0.0007964664837345481, 0.0003745989815797657, 0.0005763875669799745, 0.0003743451670743525, 0.00030484466697089374, 0.0010231098858639598, 0.00035196830867789686, 0.000296383019303903, 0.0004317548591643572, 0.00043860828736796975, 0.0005324978847056627, 0.0006920021842233837, 0.0005789833376184106, 0.0003801746934186667, 0.0004627020098268986, 0.00041636283276602626, 0.00039903083234094083, 0.0003844339807983488, 0.0004810405953321606, 0.0004336550773587078, 0.0007299008429981768, 0.0005445072893053293, 0.0007558195502497256, 0.0007137370994314551, 0.000726182188373059, 0.0006682834937237203, 0.00029816210735589266, 0.00046318775275722146, 0.0005744601949118078, 0.0004483768134377897, 0.0007966122939251363, 0.00019067697576247156, 0.000582990818656981, 0.00010605371062410995, 0.00047422878560610116, 0.0003702781395986676, 0.000503361748997122, 0.00045234267599880695, 0.0007045419770292938, 0.0006359380204230547, 0.0005761082866229117, 0.0001598340750206262, 0.0005701966001652181, 0.0007087229168973863, 0.0004095326876267791, 0.0005155472899787128, 0.0004055626632180065, 0.0006033297395333648, 0.0005522941355593503, 0.0002394645125605166, 0.0005893774214200675, 0.0005820774240419269, 0.0005056345253251493, 0.00045542101725004613, 0.0004366208740975708, 0.0005397084751166403, 0.0007753692334517837, 0.0007549691363237798, 0.0006715765921398997, 0.001002659322693944, 0.0005799902719445527, 0.00031562906224280596, 0.0005496367230080068, 0.0007276232354342937, 0.0005260281031951308, 0.00023210991639643908, 0.00023948168382048607, 0.0004154877969995141, 0.000405045720981434, 0.0008070144103839993, 0.0003501986793708056, 0.00021750302403233945, 0.00037226398126222193, 0.0005843173712491989, 0.0006184482481330633, 0.0007299109129235148, 0.0006344699067994952, 0.00035552590270526707, 0.00046929929521866143, 0.0008169718785211444, 0.0004351954848971218, 0.00039216980803757906, 0.00157188531011343, 0.0007295819814316928, 0.0006070180679671466, 0.00021225678210612386, 0.0006943648913875222, 0.0004592790501192212, 0.0003763204731512815, 0.0004641023697331548, 0.0005295724258758128, 0.0003179592313244939, 0.0006904358742758632, 0.0005473839119076729, 0.000656157557386905, 0.000682376732584089, 0.0003817048273049295, 0.0006120977341197431, 0.00037866743514314294, 0.0002905209839809686, 0.00045495913946069777, 0.0008207959472201765, 0.0004961580270901322, 0.00026834008167497814, 0.0006976217846386135, 0.00032841452048160136, 0.0004053180164191872, 0.0003486288187559694, 0.0007512604352086782, 0.0008808195707388222, 0.00040995440213009715, 0.0006652423762716353, 0.0004659533442463726, 0.00034999754279851913, 0.0007547126733697951, 0.0007606350700370967, 0.00040940020699054003, 0.001066488795913756, 0.0004961088998243213, 0.0004448320250958204, 0.0005022297264076769, 0.0006077946745790541, 0.0004251536447554827, 0.00033127577626146376, 0.0008579499553889036, 0.0009712210739962757, 0.001249828259460628, 0.0006753678317181766, 0.0004456347960513085, 0.00023862591478973627, 0.0004198273236397654, 0.0004930354771204293]
OUTPUT_SCALES: [0.0235294122248888]
OUTPUT_ZERO_POINT: -128

REAL_MULTIPLIERS: [0.0021682757340939305, 0.006681269656901538, 0.008016539190551324, 0.006641269998255183, 0.007755366698975359, 0.0015193696547688813, 0.005699654890172334, 0.001616030227745324, 0.003535012469917007, 0.0013815341814686715, 0.004331947995532369, 0.0025220301202796653, 0.007269916441213541, 0.003419231506490144, 0.005261099538113592, 0.0034169147608597824, 0.0027825342329993084, 0.009338652074265404, 0.003212665248694097, 0.002705298752598962, 0.003940933878969006, 0.004003489995759383, 0.00486048717176573, 0.006316396432468033, 0.005284792984137211, 0.0034701249966707123, 0.004223410548113198, 0.0038004398995461213, 0.003642238396504038, 0.0035090025439144003, 0.0043907998695673555, 0.003958278522811679, 0.006662324463532097, 0.004970105554624639, 0.006898902950927476, 0.006514786472283198, 0.006628381656206951, 0.006099899063716195, 0.002721537755424142, 0.004227844269540871, 0.005243507041539221, 0.004092654285446023, 0.007271247354595964, 0.0017404444623415844, 0.005321372115695324, 0.0009680276951551987, 0.004328623634241423, 0.003379792106591002, 0.004594540925003708, 0.004128853535539693, 0.006430856045961927, 0.005804658908669427, 0.00525855034753121, 0.0014589193564181187, 0.00520459017789222, 0.006469018459707515, 0.0037380963038547337, 0.004705767029976473, 0.0037018590656146193, 0.005507019921717812, 0.005041181642273514, 0.002185763032724301, 0.005379667184450957, 0.005313034912981957, 0.004615286172081591, 0.004156951746991248, 0.0039853494604009925, 0.004926303362214611, 0.007077346822996958, 0.006891140617786875, 0.006129957516654557, 0.009151985229573261, 0.005293983990365769, 0.0028809710838862447, 0.00501692554664032, 0.006641535118326173, 0.004801432871383957, 0.0021186323992781696, 0.002185919767034806, 0.0037924528253433392, 0.0036971405659142996, 0.0073661948746888625, 0.0031965125825653817, 0.0019853048969645927, 0.0033979182967752105, 0.005333480505310265, 0.005645017309530314, 0.006662416378907411, 0.005791258390772629, 0.0032451379413169818, 0.0042836286671633144, 0.007457083773093805, 0.0039723389187208405, 0.0035796129447051147, 0.014347715934151347, 0.0066594139870814325, 0.005540685920311524, 0.0019374187131604166, 0.006337962542290764, 0.004192166758745222, 0.003434944785246698, 0.004236192629611936, 0.004833784426980417, 0.0029022401954731376, 0.006302099606836246, 0.004996362536404821, 0.005989217012756844, 0.006228538084934685, 0.0034840916176449442, 0.005587051648478115, 0.0034563671776762376, 0.002651791784203568, 0.004152735859690039, 0.007491988769694627, 0.00452878742827903, 0.002449330902737255, 0.006367690524920197, 0.0029976730606258543, 0.0036996260001669846, 0.0031821833474659986, 0.006857288663231547, 0.00803986710028468, 0.0037419455922601853, 0.006072140620371651, 0.004253087791330246, 0.003194676665921484, 0.006888799697881504, 0.006942857627226028, 0.003736887058801482, 0.009734602259004178, 0.004528339008760161, 0.004060298479427583, 0.004584208149170827, 0.005547774561568327, 0.0038806798969834347, 0.0030237897784807033, 0.00783111984471025, 0.008865025959148627, 0.011408072025256014, 0.006164562858505804, 0.004067625941269375, 0.002178108554041438, 0.0038320627734244207, 0.0045002856923907686]

MULTIPLIERS: [1192022191, 1836533419, 1101784757, 1825538397, 2131778966, 1670564602, 1566709207, 1776844026, 1943393658, 1519012897, 1190756798, 1386500721, 1998339415, 1879742400, 1446160029, 1878468755, 1529714372, 1283494568, 1766181399, 1487253718, 1083275656, 1100470951, 1336040541, 1736237831, 1452672834, 1907721392, 1160922252, 2089313930, 2002341734, 1929094549, 1206933878, 1088043315, 1831325804, 1366172212, 1896356003, 1790770870, 1821995676, 1676727487, 1496181204, 1162140984, 1441324241, 1124980244, 1998705254, 1913638924, 1462727629, 2128715414, 1189843005, 1858060360, 1262937793, 1134930618, 1767700250, 1595572491, 1445459313, 1604098796, 1430626855, 1778190254, 2055040176, 1293511392, 2035118544, 1513758110, 1385709458, 1201635935, 1478751656, 1460435916, 1268640203, 1142654195, 1095484518, 1354131957, 1945406281, 1894222309, 1684989892, 1257839272, 1455199239, 1583830603, 1379041994, 1825611272, 1319807818, 1164730479, 1201722101, 2084922990, 2032524521, 2024804229, 1757301376, 1091432909, 1868025339, 1466055958, 1551690543, 1831351069, 1591888985, 1784033450, 1177474882, 2049787579, 1091908208, 1967913028, 1971935063, 1830525778, 1523012149, 2130214403, 1742165878, 1152334024, 1888380866, 1164435763, 1328700546, 1595523421, 1732307949, 1373389676, 1646303437, 1712087512, 1915399623, 1535757063, 1900157951, 1457837951, 1141495341, 2059382192, 1244863609, 1346533904, 1750337444, 1647988193, 2033890903, 1749423796, 1884917155, 1104990920, 2057156345, 1669097304, 1169079870, 1756292071, 1893578842, 1908438173, 2054375386, 1337913547, 1244740349, 1116086348, 1260097541, 1524960660, 2133426335, 1662346011, 1076300916, 1218399890, 1567913480, 1694502136, 1118100505, 1197427841, 2106698789, 1237029112]
SHIFTS: [-8, -7, -6, -7, -7, -9, -7, -9, -8, -9, -7, -8, -7, -8, -7, -8, -8, -6, -8, -8, -7, -7, -7, -7, -7, -8, -7, -8, -8, -8, -7, -7, -7, -7, -7, -7, -7, -7, -8, -7, -7, -7, -7, -9, -7, -10, -7, -8, -7, -7, -7, -7, -7, -9, -7, -7, -8, -7, -8, -7, -7, -8, -7, -7, -7, -7, -7, -7, -7, -7, -7, -6, -7, -8, -7, -7, -7, -8, -8, -8, -8, -7, -8, -8, -8, -7, -7, -7, -7, -8, -7, -7, -7, -8, -6, -7, -7, -9, -7, -7, -8, -7, -7, -8, -7, -7, -7, -7, -8, -7, -8, -8, -7, -7, -7, -8, -7, -8, -8, -8, -7, -6, -8, -7, -7, -8, -7, -7, -8, -6, -7, -7, -7, -7, -8, -8, -6, -6, -6, -7, -7, -8, -8, -7]
Q6: [127, 127, 127, 127, 127, 127, 127, 127, 127, 127, 127, 127, 127, 127, 127, 127, 127, 127, 127, 127, 127, 127, 127, 127, 127, 127, 127, 127, 127, 127, 127, 127, 127, 127, 127, 127, 127, 127, 127, 127, 127, 127, 127, 127, 127, 127, 127, 127, 127, 127, 127, 127, 127, 127, 127, 127, 127, 127, 127, 127, 127, 127, 127, 127, 127, 127, 127, 127, 127, 127, 127, 127, 127, 127, 127, 127, 127, 127, 127, 127, 127, 127, 127, 127, 127, 127, 127, 127, 127, 127, 127, 127, 127, 127, 127, 127, 127, 127, 127, 127, 127, 127, 127, 127, 127, 127, 127, 127, 127, 127, 127, 127, 127, 127, 127, 127, 127, 127, 127, 127, 127, 127, 127, 127, 127, 127, 127, 127, 127, 127, 127, 127, 127, 127, 127, 127, 127, 127, 127, 127, 127, 127, 127, 127]

OFFSETS:
  MUL   = 5216
  SHIFT = 5216
  Q6    = 5216

================================================================================
OP_INDEX: 30
TIPO: DEPTHWISE_CONV_2D
NFEAT: 144

INPUT_SCALE: 0.0235294122248888
WEIGHT_SCALES: [0.014679444022476673, 0.01116878166794777, 0.0030550851952284575, 0.005101720802485943, 0.0036934097297489643, 0.020634504035115242, 0.011679157614707947, 0.013926826417446136, 0.005487317685037851, 0.016176220029592514, 0.0048767211847007275, 0.020608527585864067, 0.020785123109817505, 0.0044711558148264885, 0.00749997328966856, 0.016597583889961243, 0.029188988730311394, 0.016355160623788834, 0.023693371564149857, 0.022167081013321877, 0.02485782839357853, 0.007084177806973457, 0.012799526564776897, 0.011916563846170902, 0.005835274234414101, 0.012887382879853249, 0.014673926867544651, 0.013827291317284107, 0.017925497144460678, 0.00662383483722806, 0.008732317946851254, 0.00759270042181015, 0.009514370933175087, 0.005209246650338173, 0.004211857449263334, 0.00832586083561182, 0.0076970867812633514, 0.01684723049402237, 0.019756611436605453, 0.01749693602323532, 0.010667553171515465, 0.00966467522084713, 0.009328550659120083, 0.014159959740936756, 0.005279622506350279, 0.007807814981788397, 0.005759837571531534, 0.01230785995721817, 0.014694362878799438, 0.017219722270965576, 0.008099735714495182, 0.011359209194779396, 0.006930622737854719, 0.019433848559856415, 0.003756601130589843, 0.008242890238761902, 0.007410331629216671, 0.01902291737496853, 0.006118801422417164, 0.006518730893731117, 0.009606027975678444, 0.009972872212529182, 0.004237676039338112, 0.004771581385284662, 0.015402075834572315, 0.013146989047527313, 0.005474740639328957, 0.004488514270633459, 0.006081319414079189, 0.004064629320055246, 0.007333565969020128, 0.004471735563129187, 0.013583973050117493, 0.009493974037468433, 0.005755765829235315, 0.00261477823369205, 0.022159960120916367, 0.006534619256854057, 0.01551591046154499, 0.007949890568852425, 0.010707490146160126, 0.009744779206812382, 0.017478343099355698, 0.009934953413903713, 0.01631292700767517, 0.007833334617316723, 0.0096407076343894, 0.0064298235811293125, 0.0017891275929287076, 0.012048016302287579, 0.01825718767940998, 0.004545662086457014, 0.0063072191551327705, 0.005861263256520033, 0.011310623958706856, 0.0024642148055136204, 0.010526936501264572, 0.016971800476312637, 0.008097978308796883, 0.009361295029520988, 0.012102936394512653, 0.013909289613366127, 0.03520997613668442, 0.03131721913814545, 0.007049939129501581, 0.0036040921695530415, 0.008560827001929283, 0.009241867810487747, 0.009202762506902218, 0.010171489790081978, 0.010725126601755619, 0.009825879707932472, 0.015310019254684448, 0.009556475095450878, 0.009888765402138233, 0.013896351680159569, 0.006009915377944708, 0.00894220918416977, 0.008711216039955616, 0.02719074673950672, 0.019959617406129837, 0.01023611519485712, 0.006439016666263342, 0.01914208196103573, 0.026781823486089706, 0.019887547940015793, 0.003658861853182316, 0.006210207939147949, 0.006823084317147732, 0.004744696896523237, 0.00917329266667366, 0.008912891149520874, 0.0031422593165189028, 0.0064039165154099464, 0.010801177471876144, 0.025121938437223434, 0.0061210631392896175, 0.008675686083734035, 0.020136654376983643, 0.00555524742230773, 0.011223684065043926, 0.015563827008008957, 0.018076298758387566, 0.006337663624435663]
OUTPUT_SCALES: [0.0235294122248888]
OUTPUT_ZERO_POINT: -128

REAL_MULTIPLIERS: [0.014679444022476673, 0.01116878166794777, 0.0030550851952284575, 0.005101720802485943, 0.0036934097297489643, 0.020634504035115242, 0.011679157614707947, 0.013926826417446136, 0.005487317685037851, 0.016176220029592514, 0.0048767211847007275, 0.020608527585864067, 0.020785123109817505, 0.0044711558148264885, 0.00749997328966856, 0.016597583889961243, 0.029188988730311394, 0.016355160623788834, 0.023693371564149857, 0.022167081013321877, 0.02485782839357853, 0.007084177806973457, 0.012799526564776897, 0.011916563846170902, 0.005835274234414101, 0.012887382879853249, 0.014673926867544651, 0.013827291317284107, 0.017925497144460678, 0.00662383483722806, 0.008732317946851254, 0.00759270042181015, 0.009514370933175087, 0.005209246650338173, 0.004211857449263334, 0.00832586083561182, 0.0076970867812633514, 0.01684723049402237, 0.019756611436605453, 0.01749693602323532, 0.010667553171515465, 0.00966467522084713, 0.009328550659120083, 0.014159959740936756, 0.005279622506350279, 0.007807814981788397, 0.005759837571531534, 0.01230785995721817, 0.014694362878799438, 0.017219722270965576, 0.008099735714495182, 0.011359209194779396, 0.006930622737854719, 0.019433848559856415, 0.003756601130589843, 0.008242890238761902, 0.007410331629216671, 0.01902291737496853, 0.006118801422417164, 0.006518730893731117, 0.009606027975678444, 0.009972872212529182, 0.004237676039338112, 0.004771581385284662, 0.015402075834572315, 0.013146989047527313, 0.005474740639328957, 0.004488514270633459, 0.006081319414079189, 0.004064629320055246, 0.007333565969020128, 0.004471735563129187, 0.013583973050117493, 0.009493974037468433, 0.005755765829235315, 0.00261477823369205, 0.022159960120916367, 0.006534619256854057, 0.01551591046154499, 0.007949890568852425, 0.010707490146160126, 0.009744779206812382, 0.017478343099355698, 0.009934953413903713, 0.01631292700767517, 0.007833334617316723, 0.0096407076343894, 0.0064298235811293125, 0.0017891275929287076, 0.012048016302287579, 0.01825718767940998, 0.004545662086457014, 0.0063072191551327705, 0.005861263256520033, 0.011310623958706856, 0.0024642148055136204, 0.010526936501264572, 0.016971800476312637, 0.008097978308796883, 0.009361295029520988, 0.012102936394512653, 0.013909289613366127, 0.03520997613668442, 0.03131721913814545, 0.007049939129501581, 0.0036040921695530415, 0.008560827001929283, 0.009241867810487747, 0.009202762506902218, 0.010171489790081978, 0.010725126601755619, 0.009825879707932472, 0.015310019254684448, 0.009556475095450878, 0.009888765402138233, 0.013896351680159569, 0.006009915377944708, 0.00894220918416977, 0.008711216039955616, 0.02719074673950672, 0.019959617406129837, 0.01023611519485712, 0.006439016666263342, 0.01914208196103573, 0.026781823486089706, 0.019887547940015793, 0.003658861853182316, 0.006210207939147949, 0.006823084317147732, 0.004744696896523237, 0.00917329266667366, 0.008912891149520874, 0.0031422593165189028, 0.0064039165154099464, 0.010801177471876144, 0.025121938437223434, 0.0061210631392896175, 0.008675686083734035, 0.020136654376983643, 0.00555524742230773, 0.011223684065043926, 0.015563827008008957, 0.018076298758387566, 0.006337663624435663]

MULTIPLIERS: [2017527424, 1535025664, 1679550848, 1402350336, 2030473472, 1417992320, 1605171200, 1914088448, 1508342400, 1111621376, 1340502912, 1416207232, 1428342784, 1229021952, 2061576960, 1140577280, 2005852032, 1123918080, 1628196096, 1523310208, 1708216960, 1947283968, 1759153536, 1637800064, 1603987968, 1771228416, 2016769152, 1900408448, 1231830784, 1820745856, 1200160640, 2087065600, 1307645184, 1431906816, 1157746560, 1144297600, 2115759104, 1157732864, 1357664000, 1202380288, 1466137344, 1328302848, 1282106240, 1946130048, 1451251584, 2146195840, 1583252096, 1691579392, 2019577856, 1183330304, 1113219200, 1561197824, 1905075072, 1335483904, 2065213312, 1132894208, 2036936448, 1307244928, 1681923328, 1791855104, 1320242432, 1370661120, 1164843520, 1311602304, 2116845184, 1806908416, 1504885248, 1233793408, 1671620352, 1117276800, 2015835264, 1229181312, 1866967040, 1304841856, 1582132864, 1437489536, 1522820864, 1796222464, 2132490496, 1092624640, 1471626240, 1339312256, 1201102592, 1365449600, 1121015808, 1076605312, 1325008768, 1767416448, 1967166592, 1655866752, 1254624384, 1249502080, 1733715200, 1611131776, 1554520320, 1354716416, 1446811136, 1166293248, 1112977664, 1286606592, 1663414912, 1911678208, 1209805568, 1076051456, 1937872512, 1981370624, 1176591104, 1270192640, 1264818048, 1397958912, 1474050176, 1350458624, 2104193024, 1313431936, 1359101568, 1909900032, 1651992960, 1229007872, 1197260416, 1868533888, 1371614464, 1406840960, 1769943424, 1315433856, 1840432896, 1366661888, 2011480576, 1707048960, 1875515136, 1304212352, 1260767744, 1224978432, 1727475328, 1760295168, 1484502528, 1726366464, 1682545024, 1192377216, 1383780352, 1527014784, 1542571392, 2139076096, 1242193792, 1742083712]
SHIFTS: [-6, -6, -8, -7, -8, -5, -6, -6, -7, -5, -7, -5, -5, -7, -7, -5, -5, -5, -5, -5, -5, -7, -6, -6, -7, -6, -6, -6, -5, -7, -6, -7, -6, -7, -7, -6, -7, -5, -5, -5, -6, -6, -6, -6, -7, -7, -7, -6, -6, -5, -6, -6, -7, -5, -8, -6, -7, -5, -7, -7, -6, -6, -7, -7, -6, -6, -7, -7, -7, -7, -7, -7, -6, -6, -7, -8, -5, -7, -6, -6, -6, -6, -5, -6, -5, -6, -6, -7, -9, -6, -5, -7, -7, -7, -6, -8, -6, -5, -6, -6, -6, -6, -4, -4, -7, -8, -6, -6, -6, -6, -6, -6, -6, -6, -6, -6, -7, -6, -6, -5, -5, -6, -7, -5, -5, -5, -8, -7, -7, -7, -6, -6, -8, -7, -6, -5, -7, -6, -5, -7, -6, -6, -5, -7]
Q6: [127, 127, 127, 127, 127, 127, 127, 127, 127, 127, 127, 127, 127, 127, 127, 127, 127, 127, 127, 127, 127, 127, 127, 127, 127, 127, 127, 127, 127, 127, 127, 127, 127, 127, 127, 127, 127, 127, 127, 127, 127, 127, 127, 127, 127, 127, 127, 127, 127, 127, 127, 127, 127, 127, 127, 127, 127, 127, 127, 127, 127, 127, 127, 127, 127, 127, 127, 127, 127, 127, 127, 127, 127, 127, 127, 127, 127, 127, 127, 127, 127, 127, 127, 127, 127, 127, 127, 127, 127, 127, 127, 127, 127, 127, 127, 127, 127, 127, 127, 127, 127, 127, 127, 127, 127, 127, 127, 127, 127, 127, 127, 127, 127, 127, 127, 127, 127, 127, 127, 127, 127, 127, 127, 127, 127, 127, 127, 127, 127, 127, 127, 127, 127, 127, 127, 127, 127, 127, 127, 127, 127, 127, 127, 127]

OFFSETS:
  MUL   = 5792
  SHIFT = 5792
  Q6    = 5792

================================================================================
OP_INDEX: 31
TIPO: CONV_2D
NFEAT: 24

INPUT_SCALE: 0.0235294122248888
WEIGHT_SCALES: [0.00605746079236269, 0.006618704181164503, 0.01880469173192978, 0.006541956681758165, 0.00780083704739809, 0.008207502774894238, 0.007069039158523083, 0.038919124752283096, 0.005465226247906685, 0.008977508172392845, 0.005349886137992144, 0.0037055430002510548, 0.009141706861555576, 0.013102782890200615, 0.0058362651616334915, 0.004798505920916796, 0.006801902782171965, 0.004578536842018366, 0.007678252644836903, 0.02607550099492073, 0.006544622592628002, 0.005170414224267006, 0.009179617278277874, 0.005679783411324024]
OUTPUT_SCALES: [0.22234487533569336]
OUTPUT_ZERO_POINT: 0

REAL_MULTIPLIERS: [0.0006410244077108395, 0.0007004173981437135, 0.0019899866945640578, 0.0006922956748612015, 0.0008255153635103757, 0.0008685503357603302, 0.0007480736227612502, 0.00411857538135639, 0.0005783518108754693, 0.0009500353458635769, 0.000566146065237546, 0.0003921351847589072, 0.0009674114991851375, 0.001386588197507506, 0.0006176166130858735, 0.0005077968345632294, 0.0007198041971226397, 0.0004845188384937631, 0.0008125429982339143, 0.002759412426095594, 0.0006925777920708583, 0.0005471536390147567, 0.0009714233291017458, 0.0006010570966898033]

MULTIPLIERS: [1409627580, 1540234147, 1094006755, 1522374289, 1815327482, 1909962387, 1645031293, 1132105380, 1271809082, 2089149819, 1244968363, 1724628781, 2127360384, 1524569846, 1358153295, 1116657048, 1582866169, 2130936387, 1786800949, 1517003024, 1522994671, 1203203577, 2136182492, 1321738534]
SHIFTS: [-10, -10, -8, -10, -10, -10, -10, -7, -10, -10, -10, -11, -10, -9, -10, -10, -10, -11, -10, -8, -10, -10, -10, -10]
Q6: [27, 27, 27, 27, 27, 27, 27, 27, 27, 27, 27, 27, 27, 27, 27, 27, 27, 27, 27, 27, 27, 27, 27, 27]

OFFSETS:
  MUL   = 6368
  SHIFT = 6368
  Q6    = 6368

================================================================================
OP_INDEX: 33
TIPO: CONV_2D
NFEAT: 144

INPUT_SCALE: 0.22095195949077606
WEIGHT_SCALES: [0.0005878520314581692, 0.000283417000900954, 0.0007926388643682003, 0.0011468722950667143, 0.001037751673720777, 0.0014270280953496695, 0.0005953071522526443, 0.0005985682946629822, 0.0005018364172428846, 0.0008084593573585153, 0.0003625742101576179, 0.0006050685769878328, 0.0012350536417216063, 0.00033471855567768216, 0.0003830137720797211, 0.0006140994955785573, 0.00020829957793466747, 0.0005434311460703611, 0.0005336821777746081, 0.0008486306178383529, 0.0005647113430313766, 0.0009807997848838568, 0.0009334607748314738, 0.00029033023747615516, 0.00043371933861635625, 0.0008055837824940681, 0.0007528857095167041, 0.0005138525739312172, 0.000599841121584177, 0.0004988821456208825, 0.00017628766363486648, 0.0005613864632323384, 0.0004424596263561398, 0.0004128270666114986, 0.0003296614158898592, 0.000303372711641714, 0.000940429512411356, 0.00047617664677090943, 0.0006221463554538786, 0.0005757465842179954, 0.00121893675532192, 0.00030563518521375954, 0.0006277672364376485, 0.00031553159351460636, 0.0010869824327528477, 0.001547107007354498, 0.0008025700808502734, 0.0007252785726450384, 0.0006943251355551183, 0.000533721991814673, 0.0003024742181878537, 0.0009589016553945839, 0.0006035944097675383, 0.00038972197216935456, 0.00042328733252361417, 0.00024343492987100035, 0.0005331379361450672, 0.0007042865618132055, 0.0003017117560375482, 0.0008745912928134203, 0.0007377016008831561, 0.0004259888955857605, 0.0004779556766152382, 0.0006480286247096956, 0.0007460989872924984, 0.0008066730806604028, 0.000790222140494734, 0.00034573901211842895, 0.0005987717304378748, 0.0005069618346169591, 0.0007780013256706297, 0.0003221779188606888, 0.0005791637231595814, 0.0004383318591862917, 0.00022904554498381913, 0.0006253478350117803, 0.0005617225542664528, 0.0004954118048772216, 0.00038429631968028843, 0.0014775170711800456, 0.0006534179556183517, 0.0005285333027131855, 0.0009392193169333041, 0.00043443244067020714, 0.0010347733041271567, 0.0002571607183199376, 0.000591305666603148, 0.0006536117289215326, 0.0003563105419743806, 0.00028027661028318107, 0.00030805522692389786, 0.0010572801111266017, 0.000496496562846005, 0.0008453121990896761, 0.0006783424760214984, 0.0007134186453185976, 0.0005148999043740332, 0.0006129369721747935, 0.0010813364060595632, 0.00041673268424347043, 0.0011069822357967496, 0.0005613166722469032, 0.000951819762121886, 0.0008689470705576241, 0.0009938768343999982, 0.0004508136189542711, 0.000393845810322091, 0.0005268900422379375, 0.00020837952615693212, 0.0007457221508957446, 0.0008029865566641092, 0.00037382752634584904, 0.0007491292199119925, 0.0005864215199835598, 0.0008407256100326777, 0.0006788593018427491, 0.0006177587201818824, 0.001684201299212873, 0.0007191511103883386, 0.0002943500003311783, 0.0007324523176066577, 0.0007021946366876364, 0.00028891616966575384, 0.000498154025990516, 0.00019296270329505205, 0.0006433820235542953, 0.0001987736759474501, 0.0008511429186910391, 0.0005682113114744425, 0.0003871953231282532, 0.0004133244219701737, 0.0005217317957431078, 0.0005898582166992128, 0.0007970843580551445, 0.0005351761938072741, 0.00027022341964766383, 0.0006732816691510379, 0.0003981435438618064, 0.0008889136370271444, 0.0009135321015492082, 0.0007261318969540298, 0.00032328913221135736, 0.0001995380880543962, 0.0003964944335166365]
OUTPUT_SCALES: [0.0235294122248888]
OUTPUT_ZERO_POINT: -128

REAL_MULTIPLIERS: [0.005520199867293101, 0.002661415470286393, 0.0074432420400813906, 0.010769656226798143, 0.009744963604781326, 0.013400447529342803, 0.0055902068667045566, 0.005620830487849689, 0.0047124738465144575, 0.007591803716544462, 0.003404737926704615, 0.005681871116624927, 0.011597719467295254, 0.0031431605706102937, 0.003596674776408182, 0.0057666755792077865, 0.0019560284577395093, 0.0051030674045293494, 0.005011520126281507, 0.007969030254691718, 0.00530289820233876, 0.009210159279244127, 0.008765624289102571, 0.002726333928644577, 0.0040728232741385545, 0.007564800751281695, 0.007069941705316235, 0.0048253110623556125, 0.005632782915714976, 0.004684731882647681, 0.0016554219179760515, 0.005271676057915973, 0.004154898579894625, 0.0038766352693738325, 0.003095671711353694, 0.0028488087357474846, 0.008831063927319426, 0.004471516847177715, 0.005842239279660927, 0.005406524172266628, 0.011446374520941934, 0.002870054399016148, 0.005895021926994323, 0.0029629862064533066, 0.010207262984442335, 0.014528043520581497, 0.007536500712285707, 0.006810698043408168, 0.006520031089528294, 0.005011893998356317, 0.0028403714706206457, 0.009004525811922763, 0.005668028011118169, 0.0036596678482407577, 0.003974861958080988, 0.002285965507740233, 0.0050064094480659115, 0.006613573445368321, 0.002833211601749406, 0.008212812885155255, 0.006927355969487506, 0.004000230872806267, 0.004488222752380108, 0.006085285644503458, 0.007006211274669451, 0.007575029760065295, 0.007420547895821141, 0.0032466477050016097, 0.005622740842968781, 0.004760603863583559, 0.007305788846332283, 0.0030253982460994463, 0.0054386126723013645, 0.004116136955261482, 0.0021508425919486264, 0.0058723026392904455, 0.005274832106687828, 0.0046521437933199974, 0.0036087184859057695, 0.013874562141122348, 0.006135893930559673, 0.004963169830782365, 0.008819699637396382, 0.004079519629092487, 0.009716995349921901, 0.0024148569489867164, 0.005552631083396412, 0.0061377135506430645, 0.00334591921311081, 0.0026319257637892023, 0.0028927796992826316, 0.009928344577895725, 0.0046623301675687515, 0.007937868782491597, 0.006369946594935955, 0.006699327892843021, 0.004835145974990181, 0.005755758951900633, 0.01015424420737748, 0.003913310808080791, 0.010395070296828379, 0.005271020688591855, 0.008938023589914345, 0.008159811052585019, 0.00933295876472779, 0.004233346397310824, 0.0036983925776033605, 0.004947738862150868, 0.0019567792081704315, 0.007002672608277177, 0.007540411610962989, 0.0035104117207966257, 0.00703466654710001, 0.0055067667092367914, 0.007894798610154236, 0.006374799826152669, 0.005801037374504412, 0.015815421723300346, 0.006753158365859764, 0.0027640813432853097, 0.006878062794852331, 0.006593929310139412, 0.002713055184127937, 0.004677894505770794, 0.0018120081791325102, 0.0060416519310708796, 0.0018665758743143105, 0.007992621910570149, 0.005335764509336148, 0.003635941456300278, 0.0038813056640276465, 0.0048993005645990295, 0.005539038865729329, 0.007484987262258901, 0.005025549621229069, 0.002537521698408332, 0.006322423300093518, 0.0037387502643102515, 0.008347306258312122, 0.008578484917762457, 0.0068187111495729424, 0.0030358330485031723, 0.0018737540541716704, 0.0037232643627203945]

MULTIPLIERS: [1517380985, 1463128628, 2045982793, 1480170281, 1339337599, 1841743484, 1536624363, 1545042120, 1295354947, 2086819116, 1871774470, 1561820840, 1593978426, 1727970798, 1977292869, 1585131713, 1075338017, 1402720487, 1377556163, 1095255178, 1457649559, 1265834653, 1204738229, 1498817928, 1119529137, 2079396597, 1943370778, 1326371405, 1548327578, 1287729294, 1820155648, 1449067281, 1142089825, 2131202778, 1701863521, 1566149165, 1213732184, 1229121192, 1605902505, 1486134048, 1573177735, 1577829092, 1620411289, 1628918893, 1402875542, 1996719097, 2071617541, 1872110423, 1792212499, 1377658932, 1561510730, 1237572604, 1558015676, 2011923676, 1092601735, 1256722828, 1376151350, 1817925226, 1557574550, 1128760408, 1904177110, 1099575090, 1233713276, 1672710581, 1925852691, 2082208325, 2039744674, 1784863451, 1545567234, 1308584826, 2008199947, 1663230275, 1494954468, 1131435111, 1182438220, 1614166258, 1449934809, 1278771549, 1983913968, 1906905301, 1686621681, 1364265735, 1212170288, 1121369817, 1335493672, 1327581647, 1526295610, 1687121854, 1839438540, 1446916490, 1590322458, 1364541288, 1281571558, 1090972378, 1750957587, 1841497229, 1329074805, 1582130974, 1395588697, 1075682684, 1428687583, 1448887134, 1228432608, 1121475892, 1282712085, 1163653397, 2033212822, 1360024103, 1075750746, 1924879990, 2072692561, 1929869253, 1933674417, 1513688507, 1085052859, 1752291633, 1594577012, 1086827505, 1856294037, 1519569789, 1890627505, 1812525487, 1491517861, 1285849851, 1992324063, 1660716637, 2052321878, 1098497591, 1466683780, 1998879955, 2133770354, 1346709485, 1522559410, 2057457632, 1381412561, 1395017307, 1737894484, 2055399694, 1147245036, 1179017989, 1874313049, 1668966868, 2060214370, 2046886230]
SHIFTS: [-7, -8, -7, -6, -6, -6, -7, -7, -7, -7, -8, -7, -6, -8, -8, -7, -8, -7, -7, -6, -7, -6, -6, -8, -7, -7, -7, -7, -7, -7, -9, -7, -7, -8, -8, -8, -6, -7, -7, -7, -6, -8, -7, -8, -6, -6, -7, -7, -7, -7, -8, -6, -7, -8, -7, -8, -7, -7, -8, -6, -7, -7, -7, -7, -7, -7, -7, -8, -7, -7, -7, -8, -7, -7, -8, -7, -7, -7, -8, -6, -7, -7, -6, -7, -6, -8, -7, -7, -8, -8, -8, -6, -7, -6, -7, -7, -7, -7, -6, -7, -6, -7, -6, -6, -6, -7, -8, -7, -8, -7, -7, -8, -7, -7, -6, -7, -7, -5, -7, -8, -7, -7, -8, -7, -9, -7, -9, -6, -7, -8, -8, -7, -7, -7, -7, -8, -7, -8, -6, -6, -7, -8, -9, -8]
Q6: [127, 127, 127, 127, 127, 127, 127, 127, 127, 127, 127, 127, 127, 127, 127, 127, 127, 127, 127, 127, 127, 127, 127, 127, 127, 127, 127, 127, 127, 127, 127, 127, 127, 127, 127, 127, 127, 127, 127, 127, 127, 127, 127, 127, 127, 127, 127, 127, 127, 127, 127, 127, 127, 127, 127, 127, 127, 127, 127, 127, 127, 127, 127, 127, 127, 127, 127, 127, 127, 127, 127, 127, 127, 127, 127, 127, 127, 127, 127, 127, 127, 127, 127, 127, 127, 127, 127, 127, 127, 127, 127, 127, 127, 127, 127, 127, 127, 127, 127, 127, 127, 127, 127, 127, 127, 127, 127, 127, 127, 127, 127, 127, 127, 127, 127, 127, 127, 127, 127, 127, 127, 127, 127, 127, 127, 127, 127, 127, 127, 127, 127, 127, 127, 127, 127, 127, 127, 127, 127, 127, 127, 127, 127, 127]

OFFSETS:
  MUL   = 6464
  SHIFT = 6464
  Q6    = 6464

================================================================================
OP_INDEX: 34
TIPO: DEPTHWISE_CONV_2D
NFEAT: 144

INPUT_SCALE: 0.0235294122248888
WEIGHT_SCALES: [0.0030549042858183384, 0.00527037912979722, 0.006058754399418831, 0.004700976889580488, 0.009391951374709606, 0.004164968151599169, 0.007526009809225798, 0.007015991024672985, 0.007170245982706547, 0.004513462074100971, 0.010687111876904964, 0.006598364561796188, 0.005200657062232494, 0.009768685325980186, 0.016635337844491005, 0.005909279454499483, 0.017903760075569153, 0.013262473046779633, 0.01592947356402874, 0.009228548035025597, 0.005234797950834036, 0.010436058044433594, 0.004755605012178421, 0.015976691618561745, 0.018221288919448853, 0.01481296494603157, 0.009392487816512585, 0.00972040556371212, 0.007317116484045982, 0.007811609655618668, 0.02772602252662182, 0.008579165674746037, 0.007318992633372545, 0.007223188877105713, 0.014048692770302296, 0.016546649858355522, 0.0026876970659941435, 0.00951923243701458, 0.010968998074531555, 0.01651332713663578, 0.006151969078928232, 0.012017914094030857, 0.002879907377064228, 0.008395722135901451, 0.004922750871628523, 0.00449759978801012, 0.009407784789800644, 0.004233927931636572, 0.006553277838975191, 0.007616278249770403, 0.009618713520467281, 0.008319406770169735, 0.01067535113543272, 0.005580774042755365, 0.006919235922396183, 0.01924038678407669, 0.006321580149233341, 0.005535672884434462, 0.01502676960080862, 0.006674944423139095, 0.0026338575407862663, 0.010387695394456387, 0.010046185925602913, 0.004528576508164406, 0.004904978442937136, 0.003406913485378027, 0.007993889041244984, 0.010220254771411419, 0.00453002005815506, 0.005404312163591385, 0.004950372502207756, 0.01618763990700245, 0.00613057054579258, 0.010013737715780735, 0.023825667798519135, 0.02847980707883835, 0.006497884634882212, 0.007924576289951801, 0.02953309938311577, 0.002101046498864889, 0.024006327614188194, 0.01362272072583437, 0.006991351954638958, 0.011226308532059193, 0.006866235751658678, 0.017967158928513527, 0.003778466721996665, 0.006722775753587484, 0.008621844463050365, 0.018863363191485405, 0.00965504813939333, 0.006339685991406441, 0.004789101891219616, 0.004247826989740133, 0.006303267553448677, 0.002885326975956559, 0.004549017641693354, 0.01589067652821541, 0.016468148678541183, 0.010198530741035938, 0.014225052669644356, 0.003982354421168566, 0.006027547176927328, 0.014197382144629955, 0.008141282014548779, 0.009888354688882828, 0.01539704017341137, 0.007550142705440521, 0.02828902192413807, 0.0042357658967375755, 0.005596477072685957, 0.005920620635151863, 0.00526955584064126, 0.004689814522862434, 0.010572725906968117, 0.009629079140722752, 0.009913410991430283, 0.003479595994576812, 0.007796524092555046, 0.011372529901564121, 0.011276488192379475, 0.006280885078012943, 0.015953920781612396, 0.008533278480172157, 0.037002235651016235, 0.009666342288255692, 0.01810968667268753, 0.003025981830433011, 0.008085480891168118, 0.01297089271247387, 0.00972835160791874, 0.008505899459123611, 0.005118860397487879, 0.009363356977701187, 0.01102746557444334, 0.006999744102358818, 0.009452778846025467, 0.01194776501506567, 0.0030752329621464014, 0.005139667075127363, 0.005940632428973913, 0.019194135442376137, 0.016252830624580383, 0.007388534490019083]
OUTPUT_SCALES: [0.022439615800976753]
OUTPUT_ZERO_POINT: -128

REAL_MULTIPLIERS: [0.0032032679563734063, 0.005526338963479564, 0.006353002257154463, 0.004929283285224526, 0.00984807839187845, 0.004367242889169443, 0.007891516003679638, 0.007356727782231679, 0.0075184742456068055, 0.004732661674996268, 0.011206139315195242, 0.006918818983426726, 0.005453230792490711, 0.010243108704214314, 0.01744324524603867, 0.006196267951741497, 0.018773269334461423, 0.013906574791961083, 0.016703100148318314, 0.009676739248978274, 0.005489029758424642, 0.010942892868943701, 0.004986564462722341, 0.016752611382352723, 0.01910621919987813, 0.0155323674691807, 0.009848640886371622, 0.010192484199828837, 0.007672477620724361, 0.008190986216393808, 0.029072557176181287, 0.008995819157381879, 0.007674444886621054, 0.007573988350560532, 0.014730977853857428, 0.017350250062712663, 0.0028182270481942767, 0.009981540952465834, 0.011501715523063017, 0.017315308998536113, 0.006450743976043077, 0.012601572919508027, 0.003019772194205434, 0.008803466548328795, 0.005161827883610037, 0.004716029025330113, 0.009864680768403479, 0.004439551751577287, 0.006871542590794443, 0.007986168397344034, 0.010085853407808107, 0.008723444870804507, 0.011193807404674799, 0.005851808433379435, 0.007255273697343422, 0.02017481030085806, 0.006628592332561721, 0.00580451690417659, 0.015756555704062612, 0.006999118001985842, 0.0027617727668980126, 0.010892181451346607, 0.01053408632428982, 0.004748510152651976, 0.005143192323864896, 0.003572372741270505, 0.008382118134272473, 0.010716608951453547, 0.004750023809708254, 0.0056667765534375745, 0.005190790978967226, 0.016973804529369082, 0.0064283062074278596, 0.010500062243323494, 0.02498277885578654, 0.02986294982885246, 0.006813459175056801, 0.008309439158300545, 0.030967396047560342, 0.002203085365360822, 0.025172212548103354, 0.014284318164161305, 0.00733089209766335, 0.011771522451962353, 0.007199699534383914, 0.018839747199267304, 0.003961970733741973, 0.007049272296130934, 0.009040570672388993, 0.019779476280557998, 0.010123952644191114, 0.006647577498259214, 0.005021688142298584, 0.004454125827646902, 0.006609390372111651, 0.0030254549998988208, 0.004769944024845352, 0.01666241890596318, 0.017267936415439285, 0.010693829877585962, 0.01491590280125241, 0.004175760388785486, 0.006320279432980065, 0.014886888436865895, 0.008536669355589107, 0.010368589897626882, 0.016144808738998106, 0.00791682093172533, 0.029662899052977025, 0.004441478978803459, 0.005868274092492929, 0.00620815992516268, 0.005525475690681015, 0.004917578809967733, 0.011086198106608656, 0.010096722442025129, 0.010394863077912122, 0.003648585129915904, 0.008175168011879225, 0.011924845169681054, 0.01182413912434448, 0.006585920875315815, 0.0167287346629811, 0.008947703417498065, 0.03879927640460495, 0.01013579530168885, 0.018989196908027813, 0.0031729408606979226, 0.008478158209663947, 0.01360083364454569, 0.010200816149508947, 0.008918994714181625, 0.00536746161264079, 0.009818095286975918, 0.011563022540054065, 0.007339691816201497, 0.009911859994018278, 0.012528016998996397, 0.0032245839097993344, 0.005389278781862935, 0.0062291436064509315, 0.020126312728774888, 0.01704216128203063, 0.007747364094616107]

MULTIPLIERS: [1761015182, 1519068487, 1746299963, 1354951072, 1353509588, 1200458584, 1084601701, 2022201935, 2066662464, 1300904135, 1540160060, 1901830481, 1498972666, 1407802141, 1198690686, 1703217165, 1290089245, 1911305086, 1147828302, 1329960915, 1508813011, 1503979744, 1370696402, 1151230688, 1312969386, 2134752330, 1353586897, 1400844362, 2108994589, 1125760573, 1997850917, 1236375971, 2109535347, 2081922065, 2024610180, 1192300106, 1549336705, 1371852543, 1580783745, 1189898974, 1773167002, 1731946994, 1660137320, 1209939229, 1418872445, 1296332188, 1355791401, 1220334693, 1888835245, 1097610627, 1386189137, 1198941134, 1538465175, 1608532854, 1994314448, 1386402407, 1822053586, 1595533457, 1082782263, 1923902907, 1518300635, 1497010020, 1447793800, 1305260532, 1413749941, 1963932684, 1152029544, 1472879519, 1305676603, 1557671678, 1426833760, 1166430965, 1766999355, 1443117566, 1716803490, 2052166286, 1872869397, 1142040622, 2128063252, 1211158988, 1729821275, 1963221740, 2015100276, 1617865727, 1979038339, 1294657569, 1089058223, 1937689214, 1242526572, 1359235260, 1391425456, 1827272189, 1380351126, 1224340785, 1816775392, 1663261476, 1311152230, 1145032708, 1186643555, 1469748787, 2050026071, 1147824276, 1737305182, 2046038367, 1173270902, 1425048145, 1109462809, 1088079584, 2038418901, 1220864445, 1613058900, 1706486006, 1518831193, 1351733771, 1523675466, 1387682966, 1428659103, 2005830888, 1123586536, 1638938240, 1625097307, 1810324146, 1149589892, 1229762994, 1333132986, 1393053099, 1304927675, 1744342685, 1165229192, 1869284342, 1401989496, 1225817300, 1475396614, 1349388741, 1589209717, 2017519124, 1362275665, 1721837545, 1772733752, 1481393671, 1712253957, 1383069679, 1171128406, 2129579227]
SHIFTS: [-8, -7, -7, -7, -6, -7, -6, -7, -7, -7, -6, -7, -7, -6, -5, -7, -5, -6, -5, -6, -7, -6, -7, -5, -5, -6, -6, -6, -7, -6, -5, -6, -7, -7, -6, -5, -8, -6, -6, -5, -7, -6, -8, -6, -7, -7, -6, -7, -7, -6, -6, -6, -6, -7, -7, -5, -7, -7, -5, -7, -8, -6, -6, -7, -7, -8, -6, -6, -7, -7, -7, -5, -7, -6, -5, -5, -7, -6, -5, -8, -5, -6, -7, -6, -7, -5, -7, -7, -6, -5, -6, -7, -7, -7, -7, -8, -7, -5, -5, -6, -6, -7, -7, -6, -6, -6, -5, -6, -5, -7, -7, -7, -7, -7, -6, -6, -6, -8, -6, -6, -6, -7, -5, -6, -4, -6, -5, -8, -6, -6, -6, -6, -7, -6, -6, -7, -6, -6, -8, -7, -7, -5, -5, -7]
Q6: [139, 139, 139, 139, 139, 139, 139, 139, 139, 139, 139, 139, 139, 139, 139, 139, 139, 139, 139, 139, 139, 139, 139, 139, 139, 139, 139, 139, 139, 139, 139, 139, 139, 139, 139, 139, 139, 139, 139, 139, 139, 139, 139, 139, 139, 139, 139, 139, 139, 139, 139, 139, 139, 139, 139, 139, 139, 139, 139, 139, 139, 139, 139, 139, 139, 139, 139, 139, 139, 139, 139, 139, 139, 139, 139, 139, 139, 139, 139, 139, 139, 139, 139, 139, 139, 139, 139, 139, 139, 139, 139, 139, 139, 139, 139, 139, 139, 139, 139, 139, 139, 139, 139, 139, 139, 139, 139, 139, 139, 139, 139, 139, 139, 139, 139, 139, 139, 139, 139, 139, 139, 139, 139, 139, 139, 139, 139, 139, 139, 139, 139, 139, 139, 139, 139, 139, 139, 139, 139, 139, 139, 139, 139, 139]

OFFSETS:
  MUL   = 7040
  SHIFT = 7040
  Q6    = 7040

================================================================================
OP_INDEX: 35
TIPO: CONV_2D
NFEAT: 24

INPUT_SCALE: 0.022439615800976753
WEIGHT_SCALES: [0.010201995261013508, 0.004922478925436735, 0.018837936222553253, 0.010228517465293407, 0.006896029692143202, 0.007385038770735264, 0.004365608096122742, 0.02303524874150753, 0.004216544795781374, 0.006967615336179733, 0.00605266448110342, 0.0037004027981311083, 0.005760293919593096, 0.008279301226139069, 0.003881930373609066, 0.004305263049900532, 0.005403495859354734, 0.013262963853776455, 0.006142990197986364, 0.024319538846611977, 0.005144244059920311, 0.004511899780482054, 0.006640596315264702, 0.004484010394662619]
OUTPUT_SCALES: [0.24708744883537292]
OUTPUT_ZERO_POINT: 2

REAL_MULTIPLIERS: [0.0009265094408460108, 0.00044704227752499277, 0.001710795320886742, 0.0009289180944503972, 0.0006262732387792104, 0.000670683328804085, 0.000396469221226601, 0.002091980527848498, 0.00038293181491376747, 0.0006327743959873837, 0.000549681767197619, 0.0003360576083095406, 0.000523129697868599, 0.0007518971096702652, 0.0003525433062687363, 0.0003909888957017671, 0.0004907265489914699, 0.0012044958765156798, 0.0005578848321179724, 0.0022086152524019944, 0.00046718220951797297, 0.00040975491909338296, 0.0006030756750546419, 0.00040722210285499]

MULTIPLIERS: [2037415807, 1966112729, 1881039348, 2042712492, 1377189416, 1474848237, 1743690075, 1150078458, 1684151933, 1391485612, 1208762989, 1477996992, 1150374371, 1653439230, 1550501858, 1719587349, 1079119093, 1324357222, 1226801720, 1214199076, 2054689087, 1802121192, 1326177434, 1790981749]
SHIFTS: [-10, -11, -9, -10, -10, -10, -11, -8, -11, -10, -10, -11, -10, -10, -11, -11, -10, -9, -10, -8, -11, -11, -10, -11]
Q6: [26, 26, 26, 26, 26, 26, 26, 26, 26, 26, 26, 26, 26, 26, 26, 26, 26, 26, 26, 26, 26, 26, 26, 26]

OFFSETS:
  MUL   = 7616
  SHIFT = 7616
  Q6    = 7616

================================================================================
OP_INDEX: 37
TIPO: CONV_2D
NFEAT: 144

INPUT_SCALE: 0.24708744883537292
WEIGHT_SCALES: [0.0006150905974209309, 0.0009825677843764424, 0.0003967561642639339, 0.0008248527301475406, 0.0004602064727805555, 0.0007701494032517076, 0.0005700949113816023, 0.0008672191761434078, 0.0007804404012858868, 0.0008603879832662642, 0.0003497892466839403, 0.0013612544862553477, 0.0006746185827068985, 0.0006658920901827514, 0.000733821711037308, 0.0007519307546317577, 0.0009151297272183001, 0.00042666203808039427, 0.0008098179823718965, 0.0005570277571678162, 0.0005793292075395584, 0.00036525705945678055, 0.0005221013561822474, 0.0008820108487270772, 0.0004889213596470654, 0.0010292791994288564, 0.0006111973780207336, 0.0009363529970869422, 0.0007034223526716232, 0.0010276588145643473, 0.000649465131573379, 0.001288252999074757, 0.0007812475669197738, 0.0007795190904289484, 0.0007885759696364403, 0.0006843028240837157, 0.0011474228231236339, 0.0008767602266743779, 0.000435881462180987, 0.0008453080663457513, 0.0004912861040793359, 0.0007845854270271957, 0.0008985294261947274, 0.0006167658139020205, 0.0012270502047613263, 0.001038620132021606, 0.0006466538179665804, 0.0005323633085936308, 0.0007903233636170626, 0.0005643432959914207, 0.0004976550699211657, 0.0006671958253718913, 0.000959674536716193, 0.0006250800215639174, 0.0007112750899977982, 0.0009704995900392532, 0.0006736911018379033, 0.0008170699584297836, 0.0010407792869955301, 0.000582203094381839, 0.0004650011542253196, 0.0007995972991921008, 0.0006405660533346236, 0.0007046630489639938, 0.0006641776999458671, 0.0007418685127049685, 0.0006158935138955712, 0.00023754616267979145, 0.0004789712547790259, 0.0006345041911117733, 0.0006428722408600152, 0.0006885406910441816, 0.000548016163520515, 0.0005643779295496643, 0.0006111921975389123, 0.0009424788877367973, 0.0002530803030822426, 0.0007166513823904097, 0.0006799317197874188, 0.0006830212660133839, 0.00031080617918632925, 0.000606970745138824, 0.0007516022305935621, 0.0002328775735804811, 0.00042114368989132345, 0.0012333288323134184, 0.0005976273096166551, 0.0008580292924307287, 0.0007372577674686909, 0.0006708306027576327, 0.0008705827058292925, 0.0008567656623199582, 0.000860069296322763, 0.0011036880314350128, 0.0004791409883182496, 0.0008112131617963314, 0.0010909326374530792, 0.0016261932905763388, 0.0007362182950600982, 0.0005597778945229948, 0.0005409646546468139, 0.0006636645412072539, 0.00039316629408858716, 0.0010322275338694453, 0.0005580194410867989, 0.0008787713013589382, 0.0009665167890489101, 0.0007054400630295277, 0.00043326104059815407, 0.0008997652330435812, 0.0006237689522095025, 0.0006912355893291533, 0.0006732349866069853, 0.0013512060977518559, 0.0006653851014561951, 0.0013903341023251414, 0.0007378174923360348, 0.0007263123407028615, 0.0006292045582085848, 0.0005964586162008345, 0.00043745088623836637, 0.0011018163058906794, 0.0008290789555758238, 0.0003421090077608824, 0.0009013625094667077, 0.0005559819983318448, 0.0008538864203728735, 0.0008350738207809627, 0.000685901555698365, 0.0008705336367711425, 0.0006084360065869987, 0.0007768509676679969, 0.0005854303017258644, 0.0005429190350696445, 0.0003253780887462199, 0.0008069569012150168, 0.0010786402272060513, 0.0012175479205325246, 0.0005596227711066604, 0.0006986113148741424, 0.0005422477843239903, 0.0010198834352195263, 0.0007564764237031341, 0.0010837600566446781]
OUTPUT_SCALES: [0.0235294122248888]
OUTPUT_ZERO_POINT: -128

REAL_MULTIPLIERS: [0.006459199450745373, 0.010318156902049317, 0.004166422327115606, 0.008661956992765946, 0.004832727745599703, 0.008087505520867238, 0.005986690015924264, 0.009106856209001677, 0.008195573517888664, 0.00903512037453275, 0.0036732125633703624, 0.01429482789496794, 0.0070843157043108135, 0.006992676918162485, 0.007706020564696599, 0.007896187549737903, 0.009609975272250947, 0.00448047037879985, 0.008504073853303684, 0.005849469002183532, 0.006083661357904756, 0.003835643412070509, 0.0054826993084044, 0.009262186763278805, 0.005134268985628525, 0.010808683578469333, 0.0064183159114475415, 0.009832845421223068, 0.007386790324985636, 0.01079166756640425, 0.006820173871502412, 0.013528223482743802, 0.00820404973885664, 0.008185898633235811, 0.008281006881431751, 0.007186012018389268, 0.012049335333638573, 0.00920704884502567, 0.0045772855460881005, 0.008876762904106964, 0.005159101678571841, 0.008239101330057879, 0.009435651919393237, 0.006476791261480091, 0.012885519697202336, 0.01090677473272453, 0.006790651659033148, 0.005590462291056242, 0.008299356643706115, 0.005926291058234239, 0.005225983566930817, 0.007006367723472986, 0.010077749954954227, 0.006564100555083805, 0.00746925361874554, 0.0101914261821178, 0.007074576027026345, 0.008580228422998507, 0.010929448486282333, 0.0061138406654587946, 0.004883077732876984, 0.008396744247782173, 0.006726722725422588, 0.007399819145201429, 0.006974673735342136, 0.007790521770096167, 0.006467631050372708, 0.002494523652192911, 0.005029780781503829, 0.006663065798614563, 0.006750940499616804, 0.0072305147762889155, 0.0057548363074535975, 0.005926654752723021, 0.006418261510087035, 0.009897174724396909, 0.0026576510216829194, 0.0075257112284293996, 0.007140110106397481, 0.007172554099801836, 0.003263842936806842, 0.006373931125037533, 0.007892737647730026, 0.002445497787917856, 0.004422521010460741, 0.01295145292363427, 0.006275813686978945, 0.009010351251718564, 0.007742103336742503, 0.007044537307257887, 0.009142177362000483, 0.008997081598513562, 0.00903177377398471, 0.01159006682321411, 0.005031563190124483, 0.008518724934314818, 0.01145611967112366, 0.017077007603984326, 0.007731187612069098, 0.0058783487895978205, 0.00568078688703502, 0.0069692849443957405, 0.004128724323663639, 0.010839644676361443, 0.005859882889587542, 0.009228167575424714, 0.010149601927159068, 0.007407978738026229, 0.004549767932065832, 0.009448629394504731, 0.006550332732116856, 0.007258814486274877, 0.007069786262296767, 0.014189307593121715, 0.006987352919847705, 0.014600199235276947, 0.0077479811286822195, 0.007627163042011194, 0.006607413206815958, 0.006263540984549075, 0.004593766407691117, 0.011570411428287578, 0.008706337500417265, 0.0035925607126650913, 0.009465402739826878, 0.00583848726237603, 0.00896684605584529, 0.008769290877046148, 0.007202800644992457, 0.009141662077203771, 0.006389318152543615, 0.00815788009882101, 0.006147730268049655, 0.005701310258724696, 0.0034168657120211164, 0.00847402902102281, 0.011327034411409306, 0.012785734154505282, 0.00587671980503882, 0.007336268576109451, 0.0056942613094059765, 0.010710016625544501, 0.007943922604203403, 0.01138079884812245]

MULTIPLIERS: [1775491226, 1418116686, 1145257449, 1190490304, 1328410088, 1111538295, 1645608821, 1251636787, 1126391047, 1241777489, 2019369962, 1964666186, 1947321873, 1922132395, 2118214804, 1085243753, 1320784944, 1231582320, 1168791011, 1607889796, 1672264101, 2108667266, 1507072910, 1272985256, 1411297112, 1485534159, 1764253244, 1351415984, 2030465464, 1483195497, 1874715119, 1859304878, 1127556010, 1125061341, 1138132919, 1975275943, 1656048038, 1265407158, 1258194670, 1220013004, 1418123071, 1132373464, 1296826125, 1780326826, 1770972342, 1499015705, 1866600115, 1536694573, 1140654892, 1629006482, 1436507425, 1925895695, 1385075407, 1804326222, 2053132801, 1400698949, 1944644651, 1179257615, 1502131962, 1680559726, 1342250187, 1154039742, 1849027463, 2034046798, 1917183718, 2141442318, 1777808886, 1371378881, 1382575614, 1831529581, 1855684394, 1987508768, 1581877359, 1629106454, 1764238290, 1360257336, 1461059100, 2068651751, 1962658521, 1971576658, 1794316630, 1752052847, 1084769602, 1344426627, 1215653319, 1780034136, 1725082531, 1238373246, 2128133161, 1936387670, 1256491289, 1236549479, 1241317535, 1592926655, 1383065558, 1170804640, 1574517098, 1173523027, 2125132669, 1615828212, 1561522809, 1915702458, 1134895100, 1489789420, 1610752344, 1268309694, 1394950667, 2036289690, 1250630686, 1298609736, 1800541751, 1995287733, 1943328050, 1950163586, 1920668946, 2006636103, 2129748836, 2096538613, 1816231913, 1721709036, 1262724895, 1590225238, 1196589915, 1975031139, 1300915047, 1604871158, 1232393938, 1205242161, 1979890765, 1256420469, 1756282401, 1121210503, 1689875229, 1567164231, 1878441790, 1164661680, 1556775755, 1757257922, 1615380440, 2016578151, 1565226630, 1471973477, 1091804409, 1564165083]
SHIFTS: [-7, -6, -7, -6, -7, -6, -7, -6, -6, -6, -8, -6, -7, -7, -7, -6, -6, -7, -6, -7, -7, -8, -7, -6, -7, -6, -7, -6, -7, -6, -7, -6, -6, -6, -6, -7, -6, -6, -7, -6, -7, -6, -6, -7, -6, -6, -7, -7, -6, -7, -7, -7, -6, -7, -7, -6, -7, -6, -6, -7, -7, -6, -7, -7, -7, -7, -7, -8, -7, -7, -7, -7, -7, -7, -7, -6, -8, -7, -7, -7, -8, -7, -6, -8, -7, -6, -7, -6, -7, -7, -6, -6, -6, -6, -7, -6, -6, -5, -7, -7, -7, -7, -7, -6, -7, -6, -6, -7, -7, -6, -7, -7, -7, -6, -7, -6, -7, -7, -7, -7, -7, -6, -6, -8, -6, -7, -6, -6, -7, -6, -7, -6, -7, -7, -8, -6, -6, -6, -7, -7, -7, -6, -6, -6]
Q6: [127, 127, 127, 127, 127, 127, 127, 127, 127, 127, 127, 127, 127, 127, 127, 127, 127, 127, 127, 127, 127, 127, 127, 127, 127, 127, 127, 127, 127, 127, 127, 127, 127, 127, 127, 127, 127, 127, 127, 127, 127, 127, 127, 127, 127, 127, 127, 127, 127, 127, 127, 127, 127, 127, 127, 127, 127, 127, 127, 127, 127, 127, 127, 127, 127, 127, 127, 127, 127, 127, 127, 127, 127, 127, 127, 127, 127, 127, 127, 127, 127, 127, 127, 127, 127, 127, 127, 127, 127, 127, 127, 127, 127, 127, 127, 127, 127, 127, 127, 127, 127, 127, 127, 127, 127, 127, 127, 127, 127, 127, 127, 127, 127, 127, 127, 127, 127, 127, 127, 127, 127, 127, 127, 127, 127, 127, 127, 127, 127, 127, 127, 127, 127, 127, 127, 127, 127, 127, 127, 127, 127, 127, 127, 127]

OFFSETS:
  MUL   = 7712
  SHIFT = 7712
  Q6    = 7712

================================================================================
OP_INDEX: 38
TIPO: DEPTHWISE_CONV_2D
NFEAT: 144

INPUT_SCALE: 0.0235294122248888
WEIGHT_SCALES: [0.0029378668405115604, 0.005974737927317619, 0.006984129082411528, 0.0035738591104745865, 0.006969102192670107, 0.004163928795605898, 0.010377802886068821, 0.0024077463895082474, 0.006710275076329708, 0.0048086391761898994, 0.010996083728969097, 0.0032236017286777496, 0.003159788902848959, 0.010029791854321957, 0.009340103715658188, 0.006610744632780552, 0.00534891989082098, 0.003143521025776863, 0.003672008402645588, 0.003376950044184923, 0.008815005421638489, 0.007811523508280516, 0.010228955186903477, 0.003999683540314436, 0.010464748367667198, 0.0038222423754632473, 0.0040042889304459095, 0.010401474311947823, 0.007109654601663351, 0.0038234766107052565, 0.0015261631924659014, 0.004205984529107809, 0.007476548198610544, 0.0036025794688612223, 0.0011714305728673935, 0.003538429504260421, 0.0034247899893671274, 0.004198684822767973, 0.0055440692231059074, 0.005529081914573908, 0.005551071837544441, 0.004516973625868559, 0.007477662526071072, 0.00987513829022646, 0.005885670892894268, 0.002268066629767418, 0.002593916840851307, 0.011071152053773403, 0.0051942989230155945, 0.006196295376867056, 0.0025159032084047794, 0.008646354079246521, 0.003717208979651332, 0.008276328444480896, 0.001798801007680595, 0.006326618604362011, 0.01048921886831522, 0.006389013957232237, 0.0014960069674998522, 0.008382824249565601, 0.011188034899532795, 0.003111290279775858, 0.006726123858243227, 0.006321912631392479, 0.0046907453797757626, 0.0025439998134970665, 0.0038328608497977257, 0.011001151986420155, 0.006415065843611956, 0.008538899011909962, 0.007856883108615875, 0.00961560569703579, 0.0033219396136701107, 0.00497074518352747, 0.005295211914926767, 0.0027041968423873186, 0.010924783535301685, 0.005294514819979668, 0.006754056550562382, 0.004977535922080278, 0.01356851402670145, 0.0076889768242836, 0.0025003752671182156, 0.0146408686414361, 0.006648448295891285, 0.004412948153913021, 0.003671640297397971, 0.0029563652351498604, 0.007471287157386541, 0.007905774749815464, 0.001484642387367785, 0.003003139514476061, 0.0017579717095941305, 0.006885603070259094, 0.008741607889533043, 0.00645052595064044, 0.002389292698353529, 0.006901306100189686, 0.0028278687968850136, 0.008696135133504868, 0.010966123081743717, 0.005054187029600143, 0.009023088030517101, 0.007139703258872032, 0.0037895748391747475, 0.00611497275531292, 0.0031520321499556303, 0.006592449266463518, 0.008022582158446312, 0.0018519358709454536, 0.009722735732793808, 0.0034554810263216496, 0.005320191849023104, 0.0067152101546525955, 0.008372225798666477, 0.00210947054438293, 0.004612092860043049, 0.005099839996546507, 0.009637550450861454, 0.002668562578037381, 0.022315703332424164, 0.0019500472117215395, 0.002042582957074046, 0.016562802717089653, 0.006073919590562582, 0.003772218246012926, 0.0067016854882240295, 0.005683965049684048, 0.003112285863608122, 0.00502749951556325, 0.0033980917651206255, 0.0030394908972084522, 0.0075882175005972385, 0.00641489727422595, 0.012835524044930935, 0.009348398074507713, 0.0043274457566440105, 0.005387976765632629, 0.0037191123701632023, 0.00788046047091484, 0.012019413523375988, 0.0035214617382735014, 0.005423010792583227, 0.0018378952518105507]
OUTPUT_SCALES: [0.0235294122248888]
OUTPUT_ZERO_POINT: -128

REAL_MULTIPLIERS: [0.0029378668405115604, 0.005974737927317619, 0.006984129082411528, 0.0035738591104745865, 0.006969102192670107, 0.004163928795605898, 0.010377802886068821, 0.0024077463895082474, 0.006710275076329708, 0.0048086391761898994, 0.010996083728969097, 0.0032236017286777496, 0.003159788902848959, 0.010029791854321957, 0.009340103715658188, 0.006610744632780552, 0.00534891989082098, 0.003143521025776863, 0.003672008402645588, 0.003376950044184923, 0.008815005421638489, 0.007811523508280516, 0.010228955186903477, 0.003999683540314436, 0.010464748367667198, 0.0038222423754632473, 0.0040042889304459095, 0.010401474311947823, 0.007109654601663351, 0.0038234766107052565, 0.0015261631924659014, 0.004205984529107809, 0.007476548198610544, 0.0036025794688612223, 0.0011714305728673935, 0.003538429504260421, 0.0034247899893671274, 0.004198684822767973, 0.0055440692231059074, 0.005529081914573908, 0.005551071837544441, 0.004516973625868559, 0.007477662526071072, 0.00987513829022646, 0.005885670892894268, 0.002268066629767418, 0.002593916840851307, 0.011071152053773403, 0.0051942989230155945, 0.006196295376867056, 0.0025159032084047794, 0.008646354079246521, 0.003717208979651332, 0.008276328444480896, 0.001798801007680595, 0.006326618604362011, 0.01048921886831522, 0.006389013957232237, 0.0014960069674998522, 0.008382824249565601, 0.011188034899532795, 0.003111290279775858, 0.006726123858243227, 0.006321912631392479, 0.0046907453797757626, 0.0025439998134970665, 0.0038328608497977257, 0.011001151986420155, 0.006415065843611956, 0.008538899011909962, 0.007856883108615875, 0.00961560569703579, 0.0033219396136701107, 0.00497074518352747, 0.005295211914926767, 0.0027041968423873186, 0.010924783535301685, 0.005294514819979668, 0.006754056550562382, 0.004977535922080278, 0.01356851402670145, 0.0076889768242836, 0.0025003752671182156, 0.0146408686414361, 0.006648448295891285, 0.004412948153913021, 0.003671640297397971, 0.0029563652351498604, 0.007471287157386541, 0.007905774749815464, 0.001484642387367785, 0.003003139514476061, 0.0017579717095941305, 0.006885603070259094, 0.008741607889533043, 0.00645052595064044, 0.002389292698353529, 0.006901306100189686, 0.0028278687968850136, 0.008696135133504868, 0.010966123081743717, 0.005054187029600143, 0.009023088030517101, 0.007139703258872032, 0.0037895748391747475, 0.00611497275531292, 0.0031520321499556303, 0.006592449266463518, 0.008022582158446312, 0.0018519358709454536, 0.009722735732793808, 0.0034554810263216496, 0.005320191849023104, 0.0067152101546525955, 0.008372225798666477, 0.00210947054438293, 0.004612092860043049, 0.005099839996546507, 0.009637550450861454, 0.002668562578037381, 0.022315703332424164, 0.0019500472117215395, 0.002042582957074046, 0.016562802717089653, 0.006073919590562582, 0.003772218246012926, 0.0067016854882240295, 0.005683965049684048, 0.003112285863608122, 0.00502749951556325, 0.0033980917651206255, 0.0030394908972084522, 0.0075882175005972385, 0.00641489727422595, 0.012835524044930935, 0.009348398074507713, 0.0043274457566440105, 0.005387976765632629, 0.0037191123701632023, 0.00788046047091484, 0.012019413523375988, 0.0035214617382735014, 0.005423010792583227, 0.0018378952518105507]

MULTIPLIERS: [1615109376, 1642323456, 1919782784, 1964749824, 1915652224, 1144572032, 1426314368, 1323672576, 1844506368, 1321788672, 1511290240, 1772193792, 1737112320, 1378484096, 1283694080, 1817147648, 1470299904, 1728168960, 2018707968, 1856497920, 1211525120, 2147215232, 1405856896, 1099424640, 1438264064, 2101299968, 1100690560, 1429567744, 1954286976, 2101978496, 1678034176, 1156132224, 2055137920, 1980539008, 1288001536, 1945272192, 1882798208, 1154125696, 1523942144, 1519822464, 1525867008, 1241616256, 2055444224, 1357228672, 1617840896, 1246882816, 1426020864, 1521607552, 1427798016, 1703224704, 1383132416, 1188345856, 2043557248, 1137489920, 1977802624, 1739047680, 1441627264, 1756198784, 1644877056, 1152126592, 1537671808, 1710449920, 1848862848, 1737754112, 1289382272, 1398578688, 2107137536, 1511986816, 1763359872, 1173577344, 1079841792, 1321558784, 1826255616, 1366348032, 1455536768, 1486647936, 1501490816, 1455345152, 1856540928, 1368214656, 1864842368, 2113529856, 1374595840, 2012225664, 1827511552, 1213021952, 2018505600, 1625278976, 2053691776, 1086561408, 1632381568, 1650993408, 1932910336, 1892700160, 1201437440, 1773107072, 1313527552, 1897016576, 1554637312, 1195187712, 1507172480, 1389284352, 1240123776, 1962546688, 2083340800, 1680870912, 1732848000, 1812118656, 1102615296, 2036225024, 1336282624, 1899670784, 1462403200, 1845862912, 1150669952, 1159693696, 1267762432, 1401833344, 1324574848, 1467057792, 1533523456, 2144099584, 1122921856, 1138187136, 1669586304, 2073798912, 1842145280, 1562396416, 1710997248, 1381948544, 1868120704, 1670977792, 2085833344, 1763313536, 1764100992, 1284834048, 1189519232, 1481035776, 2044603648, 1083082240, 1651935616, 1935944064, 1490665856, 2020787200]
SHIFTS: [-8, -7, -7, -8, -7, -7, -6, -8, -7, -7, -6, -8, -8, -6, -6, -7, -7, -8, -8, -8, -6, -7, -6, -7, -6, -8, -7, -6, -7, -8, -9, -7, -7, -8, -9, -8, -8, -7, -7, -7, -7, -7, -7, -6, -7, -8, -8, -6, -7, -7, -8, -6, -8, -6, -9, -7, -6, -7, -9, -6, -6, -8, -7, -7, -7, -8, -8, -6, -7, -6, -6, -6, -8, -7, -7, -8, -6, -7, -7, -7, -6, -7, -8, -6, -7, -7, -8, -8, -7, -6, -9, -8, -9, -7, -6, -7, -8, -7, -8, -6, -6, -7, -6, -7, -8, -7, -8, -7, -6, -9, -6, -8, -7, -7, -6, -8, -7, -7, -6, -8, -5, -9, -8, -5, -7, -8, -7, -7, -8, -7, -8, -8, -7, -7, -6, -6, -7, -7, -8, -6, -6, -8, -7, -9]
Q6: [127, 127, 127, 127, 127, 127, 127, 127, 127, 127, 127, 127, 127, 127, 127, 127, 127, 127, 127, 127, 127, 127, 127, 127, 127, 127, 127, 127, 127, 127, 127, 127, 127, 127, 127, 127, 127, 127, 127, 127, 127, 127, 127, 127, 127, 127, 127, 127, 127, 127, 127, 127, 127, 127, 127, 127, 127, 127, 127, 127, 127, 127, 127, 127, 127, 127, 127, 127, 127, 127, 127, 127, 127, 127, 127, 127, 127, 127, 127, 127, 127, 127, 127, 127, 127, 127, 127, 127, 127, 127, 127, 127, 127, 127, 127, 127, 127, 127, 127, 127, 127, 127, 127, 127, 127, 127, 127, 127, 127, 127, 127, 127, 127, 127, 127, 127, 127, 127, 127, 127, 127, 127, 127, 127, 127, 127, 127, 127, 127, 127, 127, 127, 127, 127, 127, 127, 127, 127, 127, 127, 127, 127, 127, 127]

OFFSETS:
  MUL   = 8288
  SHIFT = 8288
  Q6    = 8288

================================================================================
OP_INDEX: 39
TIPO: CONV_2D
NFEAT: 32

INPUT_SCALE: 0.0235294122248888
WEIGHT_SCALES: [0.01303776167333126, 0.017933087423443794, 0.01226895209401846, 0.011307962238788605, 0.015932800248265266, 0.013693023473024368, 0.016024839133024216, 0.01050027646124363, 0.01139986701309681, 0.014677142724394798, 0.010510191321372986, 0.01276696939021349, 0.011209421791136265, 0.014015535824000835, 0.012245153076946735, 0.015061440877616405, 0.012068190611898899, 0.014252017252147198, 0.012302624061703682, 0.01110837608575821, 0.016991199925541878, 0.02047867327928543, 0.012225989252328873, 0.01180193480104208, 0.0152390506118536, 0.02646428905427456, 0.011435721069574356, 0.011865630745887756, 0.010777706280350685, 0.015190670266747475, 0.017213979735970497, 0.01428381260484457]
OUTPUT_SCALES: [0.17403411865234375]
OUTPUT_ZERO_POINT: 0

REAL_MULTIPLIERS: [0.0017627053320187335, 0.0024245533560812243, 0.0016587622796208833, 0.0015288364546002793, 0.0021541145370876126, 0.0018512967250145, 0.0021665581939807675, 0.0014196373403392456, 0.0015412619797609687, 0.001984349644311322, 0.0014209778293935889, 0.0017260942163011027, 0.0015155137864269845, 0.0018949003937232915, 0.0016555446525971479, 0.0020363067532646406, 0.0016316193279499688, 0.0019268726819704112, 0.0016633147295325665, 0.0015018524074180534, 0.0022972101697036444, 0.002768716554767539, 0.001652953703576744, 0.001595621543265938, 0.002060319588703927, 0.003577971786328536, 0.0015461094480696393, 0.001604233234783287, 0.0014571458508990992, 0.002053778566217075, 0.0023273299992838943, 0.0019311714135423893]

MULTIPLIERS: [1938115009, 1332912304, 1823828414, 1680973459, 1184236991, 2035522276, 1191077963, 1560907763, 1694635468, 1090907754, 1562381646, 1897860661, 1666325030, 2083465016, 1820290596, 1119471476, 1793984423, 2118618919, 1828833886, 1651304185, 1262904647, 1522118023, 1817441817, 1754404440, 1132672672, 1967010791, 1699965316, 1763873095, 1602148806, 1129076707, 1279463198, 2123345424]
SHIFTS: [-9, -8, -9, -9, -8, -9, -8, -9, -9, -8, -9, -9, -9, -9, -9, -8, -9, -9, -9, -9, -8, -8, -9, -9, -8, -8, -9, -9, -9, -8, -8, -9]
Q6: [34, 34, 34, 34, 34, 34, 34, 34, 34, 34, 34, 34, 34, 34, 34, 34, 34, 34, 34, 34, 34, 34, 34, 34, 34, 34, 34, 34, 34, 34, 34, 34]

OFFSETS:
  MUL   = 8864
  SHIFT = 8864
  Q6    = 8864

================================================================================
OP_INDEX: 40
TIPO: CONV_2D
NFEAT: 192

INPUT_SCALE: 0.17403411865234375
WEIGHT_SCALES: [0.00036540869041346014, 0.0022268490865826607, 0.0009418668341822922, 0.00041777719161473215, 0.0007341487798839808, 0.0012948907678946853, 0.0005568175110965967, 0.0008127799956128001, 0.00047496965271420777, 0.001059563597664237, 0.001970963552594185, 0.0004483171505853534, 0.0004727934719994664, 0.00035451503936201334, 0.0006839990965090692, 0.0005737432511523366, 0.0008994695381261408, 0.0010244835866615176, 0.0007921200594864786, 0.0010908606927841902, 0.0011153530795127153, 0.0007362723699770868, 0.0009628567495383322, 0.00044241483556106687, 0.0023593336809426546, 0.00040720481774769723, 0.0008236383437179029, 0.0007486934773623943, 0.0007684836164116859, 0.0011078228708356619, 0.0003921118041034788, 0.0005094033549539745, 0.0011460286332294345, 0.0023219657596200705, 0.0007144085830077529, 0.0008883229456841946, 0.0015013632364571095, 0.0004898010520264506, 0.0005432639154605567, 0.001320762443356216, 0.0008327484247274697, 0.0008319431799463928, 0.0011380090145394206, 0.0007277908152900636, 0.0006223901291377842, 0.001289299107156694, 0.0008208490326069295, 0.0009078371222130954, 0.0008944388246163726, 0.000662823673337698, 0.000981341116130352, 0.0008444758132100105, 0.00048290903214365244, 0.00083963293582201, 0.0007828848902136087, 0.0007880930788815022, 0.0006466899649240077, 0.0009479809086769819, 0.0005029229796491563, 0.0011626790510490537, 0.0005838588112965226, 0.0008084020228125155, 0.0009269220754504204, 0.0009238286293111742, 0.0010105733526870608, 0.0010932640871033072, 0.0008282889029942453, 0.0006847944459877908, 0.0009820812847465277, 0.0007180780521593988, 0.0018725768895819783, 0.0010810645762830973, 0.0013285541208460927, 0.0005267062224447727, 0.0004037113976664841, 0.0009651731816120446, 0.0010260194540023804, 0.0005991359939798713, 0.0012289354344829917, 0.001070536789484322, 0.0013419868191704154, 0.00045382746611721814, 0.001429528696462512, 0.00047754720435477793, 0.0003276366333011538, 0.0009942407486960292, 0.0008489085012115538, 0.0002929773472715169, 0.0002752576838247478, 0.0008772775763645768, 0.00030476751271635294, 0.0006545805954374373, 0.00047299099969677627, 0.0004498072958085686, 0.0007499969215132296, 0.0006559222238138318, 0.0010933264857158065, 0.001397807733155787, 0.000691756431479007, 0.0006652994779869914, 0.0005437118234112859, 0.0003829867928288877, 0.0014685695059597492, 0.00045165582560002804, 0.0011606923071667552, 0.0007045411039143801, 0.000536060833837837, 0.0005036203074268997, 0.00037774493102915585, 0.0003040047304239124, 0.0010523275705054402, 0.0006736379582434893, 0.0006703464314341545, 0.0007540329825133085, 0.0006166305392980576, 0.00035298746661283076, 0.0008532525971531868, 0.0002856414648704231, 0.0007991762831807137, 0.0007253670482896268, 0.00044001356582157314, 0.0008685901411809027, 0.0006043051253072917, 0.00037428829818964005, 0.0009611091227270663, 0.0008577261469326913, 0.0007820061291567981, 0.000882698514033109, 0.00044923962559551, 0.00019886798691004515, 0.000955889408942312, 0.0010994942858815193, 0.0003689098230097443, 0.000452112581115216, 0.00032464158721268177, 0.0006432365626096725, 0.0011308708926662803, 0.00036845990689471364, 0.0005586096085608006, 0.0007365363417193294, 0.0011779781198129058, 0.0006265798583626747, 0.0003659500216599554, 0.0014956098748371005, 0.0009645771933719516, 0.0008905612048693001, 0.00038479053182527423, 0.001155695179477334, 0.0006822072900831699, 0.0010069170966744423, 0.0005351037252694368, 0.0028652718756347895, 0.0008123877923935652, 0.0005640335730277002, 0.0009081923635676503, 0.0004274407110642642, 0.0012969024246558547, 0.0004887391696684062, 0.0012049202341586351, 0.0012565422803163528, 0.0010097550693899393, 0.0007339371368288994, 0.0008489825413562357, 0.000931336369831115, 0.0005267684464342892, 0.0009181994828395545, 0.0015628279652446508, 0.0007374814595095813, 0.0010466980747878551, 0.000948962289839983, 0.0008069143514148891, 0.0011040082899853587, 0.0005881097167730331, 0.0008010455640032887, 0.0010746173793449998, 0.0009583591599948704, 0.0009161725174635649, 0.0007791817770339549, 0.001109166070818901, 0.0008062591659836471, 0.001983263995498419, 0.0019848986994475126, 0.00078230892540887, 0.0008235275745391846, 0.0004958506906405091, 0.000726844766177237, 0.000864059547893703, 0.00030446788878180087, 0.00040787033503875136, 0.0009699402726255357, 0.0012608987744897604, 0.0002928937610704452]
OUTPUT_SCALES: [0.0235294122248888]
OUTPUT_ZERO_POINT: -128

REAL_MULTIPLIERS: [0.0027027270709612554, 0.01647077769946383, 0.006966470849679845, 0.0030900680663332996, 0.0054300946681385244, 0.009577594688201914, 0.004118472823192072, 0.006011686515700797, 0.003513089239402689, 0.007837009063938635, 0.014578133167678071, 0.003315955342748507, 0.0034969932277769664, 0.0026221527267522096, 0.005059165047652092, 0.00424366321150205, 0.006652881373587028, 0.007577541520133398, 0.005858876333245205, 0.00806849645994839, 0.008249653171269996, 0.005445801695866214, 0.007121721706975451, 0.0032722991653887663, 0.01745069336391319, 0.003011870032722148, 0.006091999743435955, 0.005537673794320145, 0.005684050566274, 0.008193956360068184, 0.0029002353134918524, 0.0037677763928240645, 0.008476543367431156, 0.017174303406055805, 0.005284087290965536, 0.006570436161056006, 0.011104757957253998, 0.003622788941333912, 0.00401822433213145, 0.009768953239532162, 0.006159382001190543, 0.006153426048511628, 0.008417226659588871, 0.005383068301565936, 0.004603477407218768, 0.009536236249706375, 0.00607136874355352, 0.006714771790054046, 0.006615671953160501, 0.004902542091094688, 0.00725844039837082, 0.006246123042536818, 0.0035718124615743167, 0.006210302942573994, 0.0057905688664182595, 0.0058290909729600115, 0.004783209925142813, 0.007011693295352864, 0.0037198446215613097, 0.008599697348615843, 0.0043184824452994, 0.005979305059228394, 0.006855932690480863, 0.006833052171099561, 0.007474655171470946, 0.008086273045615038, 0.00612639737212141, 0.00506504781022291, 0.007263915018456485, 0.005311228335698186, 0.013850421144070332, 0.007996039975052433, 0.00982658399170793, 0.0038957561853126374, 0.0029860311261185562, 0.007138855080750939, 0.007588901485970166, 0.004431479361600398, 0.009089759369112051, 0.007918171727457766, 0.009925938271859624, 0.003356712115502482, 0.010573437381233303, 0.0035321539709718456, 0.0024233479429831744, 0.007353851884346319, 0.006278909197253994, 0.0021669922703622087, 0.0020359296674675805, 0.006488739640277812, 0.0022541976383648535, 0.004841572578399551, 0.0034984542314935993, 0.003326977127232861, 0.005547314653676726, 0.004851495865467377, 0.008086734573826096, 0.010338814865416705, 0.0051165417870997565, 0.004920854256140587, 0.004021537260847963, 0.002832742624780047, 0.010862200772659578, 0.0033406496852204743, 0.008585002497030132, 0.005211102976231185, 0.00396494709979732, 0.0037250023715319183, 0.002793971456605742, 0.002248555757355685, 0.007783488151597545, 0.004982529407583791, 0.004958183794450403, 0.00557716717664935, 0.004560876889535817, 0.0026108541114472287, 0.006311040085238676, 0.0021127327837244104, 0.005911067338269164, 0.005365141030382618, 0.0032545382940688578, 0.006424483461199067, 0.00446971258248019, 0.002768404644992252, 0.007108795472825406, 0.006344128472049288, 0.005784069154289188, 0.006528835334143651, 0.0033227783829433487, 0.001470917101509496, 0.007070188121334224, 0.008132354398733077, 0.0027286230227961585, 0.0033440280545042277, 0.002401195234647391, 0.004757667007946967, 0.008364429898787896, 0.002725295240793002, 0.004131727982298508, 0.005447754149632216, 0.00871285614421475, 0.004634466529517136, 0.0027067310004042153, 0.011062203506286143, 0.007134446883593255, 0.006586991332977526, 0.002846083889896009, 0.008548041492441089, 0.005045912041195894, 0.007447611857059108, 0.003957867894224138, 0.021192839872471787, 0.006008785604239865, 0.004171846063726824, 0.0067173993149347334, 0.003161543803780755, 0.009592473806648011, 0.0036149347816749958, 0.008912132143120916, 0.009293952021162153, 0.007468602780061361, 0.005428529260885342, 0.006279456831474579, 0.006888582797702987, 0.003896216421933554, 0.006791416471253349, 0.011559378744229295, 0.0054547446660155865, 0.007741849868571047, 0.007018952031955907, 0.0059683015722710635, 0.008165742003926793, 0.004349924054677827, 0.005924893380218758, 0.007948353605916827, 0.007088455511255169, 0.006776424123404725, 0.0057631789753180805, 0.008203891271447297, 0.005963455526054939, 0.014669112777343266, 0.014681203783200909, 0.00578630877159696, 0.006091180444755315, 0.003667534790244204, 0.005376070896701803, 0.006390973154941777, 0.0022519814849446774, 0.003016792498021727, 0.0071741146305917495, 0.00932617461204698, 0.002166374029213812]

MULTIPLIERS: [1485839921, 1131863225, 1914928926, 1698782885, 1492613057, 1316334591, 1132077189, 1652479807, 1931341234, 1077110324, 2003603366, 1822965728, 1922492358, 1441543706, 1390652699, 1166489261, 1828730107, 2082898753, 1610475664, 1108925710, 1133823698, 1496930572, 1957603957, 1798965491, 1199202517, 1655793061, 1674556139, 1522184182, 1562419923, 1126168787, 1594421225, 2071356977, 1165007249, 1180209143, 1452478855, 1806067740, 1526226312, 1991649283, 1104521094, 1342634710, 1693078033, 1691440873, 1156854823, 1479686548, 1265394234, 1310650330, 1668885133, 1845742415, 1818502060, 1347600509, 1995184904, 1716921228, 1963624667, 1707075074, 1591699450, 1602288326, 1314798733, 1927359577, 2045006207, 1181933404, 1187055416, 1643578860, 1884544428, 1878255079, 2054617569, 1111368905, 1684011287, 1392269741, 1996689756, 1459939328, 1903587387, 1098967366, 1350555420, 2141714612, 1641587972, 1962313543, 2086021356, 1218115772, 1249287015, 1088265236, 1364210568, 1845372001, 1453202168, 1941822181, 1332249621, 2021411414, 1725933418, 1191316599, 1119264171, 1783611171, 1239258257, 1330841337, 1923295553, 1829025018, 1524834241, 1333569029, 1111432337, 1420955895, 1406424297, 1352634118, 1105431745, 1557316727, 1492889507, 1836541587, 1179913759, 1432417079, 1089876360, 2047841710, 1536002052, 1236156600, 2139508932, 1369587255, 1362895184, 1533040040, 1253684293, 1435332227, 1734765489, 1161487131, 1624821818, 1474758737, 1789201349, 1765948567, 1228625239, 1521946549, 1954050820, 1743860756, 1589912823, 1794632591, 1826716734, 1617290457, 1943438512, 1117702278, 1500076371, 1838398865, 1320071041, 1307777549, 1149598492, 1498246903, 1135720740, 1497467258, 1197485830, 1273912459, 1488041104, 1520377673, 1961101827, 1810618391, 1564651165, 1174833877, 1387009741, 2047183959, 1087930443, 1456360867, 1651682410, 1146748314, 1846464664, 1738077087, 1318379561, 1987331413, 1224874115, 1277351039, 2052953900, 1492182761, 1726083951, 1893519221, 2141967630, 1866810345, 1588708917, 1499388797, 2128063488, 1929354843, 1640554244, 1122291035, 1195698020, 1628622291, 1092413401, 1948459814, 1862689280, 1584170574, 1127534231, 1639222173, 2016107508, 2017769284, 1590528444, 1674330931, 2016248574, 1477763116, 1756737324, 1238039914, 1658499215, 1972005614, 1281779679, 1190976718]
SHIFTS: [-8, -5, -7, -8, -7, -6, -7, -7, -8, -6, -6, -8, -8, -8, -7, -7, -7, -7, -7, -6, -6, -7, -7, -8, -5, -8, -7, -7, -7, -6, -8, -8, -6, -5, -7, -7, -6, -8, -7, -6, -7, -7, -6, -7, -7, -6, -7, -7, -7, -7, -7, -7, -8, -7, -7, -7, -7, -7, -8, -6, -7, -7, -7, -7, -7, -6, -7, -7, -7, -7, -6, -6, -6, -8, -8, -7, -7, -7, -6, -6, -6, -8, -6, -8, -8, -7, -7, -8, -8, -7, -8, -7, -8, -8, -7, -7, -6, -6, -7, -7, -7, -8, -6, -8, -6, -7, -7, -8, -8, -8, -7, -7, -7, -7, -7, -8, -7, -8, -7, -7, -8, -7, -7, -8, -7, -7, -7, -7, -8, -9, -7, -6, -8, -8, -8, -7, -6, -8, -7, -7, -6, -7, -8, -6, -7, -7, -8, -6, -7, -7, -7, -5, -7, -7, -7, -8, -6, -8, -6, -6, -7, -7, -7, -7, -8, -7, -6, -7, -7, -7, -7, -6, -7, -7, -6, -7, -7, -7, -6, -7, -6, -6, -7, -7, -8, -7, -7, -8, -8, -7, -6, -8]
Q6: [127, 127, 127, 127, 127, 127, 127, 127, 127, 127, 127, 127, 127, 127, 127, 127, 127, 127, 127, 127, 127, 127, 127, 127, 127, 127, 127, 127, 127, 127, 127, 127, 127, 127, 127, 127, 127, 127, 127, 127, 127, 127, 127, 127, 127, 127, 127, 127, 127, 127, 127, 127, 127, 127, 127, 127, 127, 127, 127, 127, 127, 127, 127, 127, 127, 127, 127, 127, 127, 127, 127, 127, 127, 127, 127, 127, 127, 127, 127, 127, 127, 127, 127, 127, 127, 127, 127, 127, 127, 127, 127, 127, 127, 127, 127, 127, 127, 127, 127, 127, 127, 127, 127, 127, 127, 127, 127, 127, 127, 127, 127, 127, 127, 127, 127, 127, 127, 127, 127, 127, 127, 127, 127, 127, 127, 127, 127, 127, 127, 127, 127, 127, 127, 127, 127, 127, 127, 127, 127, 127, 127, 127, 127, 127, 127, 127, 127, 127, 127, 127, 127, 127, 127, 127, 127, 127, 127, 127, 127, 127, 127, 127, 127, 127, 127, 127, 127, 127, 127, 127, 127, 127, 127, 127, 127, 127, 127, 127, 127, 127, 127, 127, 127, 127, 127, 127, 127, 127, 127, 127, 127, 127]

OFFSETS:
  MUL   = 8992
  SHIFT = 8992
  Q6    = 8992

================================================================================
OP_INDEX: 41
TIPO: DEPTHWISE_CONV_2D
NFEAT: 192

INPUT_SCALE: 0.0235294122248888
WEIGHT_SCALES: [0.047280922532081604, 0.00464929873123765, 0.0024155371356755495, 0.0073586986400187016, 0.014389471150934696, 0.004191878717392683, 0.007793400902301073, 0.003590779146179557, 0.010789868421852589, 0.008681599982082844, 0.0030955877155065536, 0.010818871669471264, 0.012499133124947548, 0.016691187396645546, 0.0041083721444010735, 0.007597561459988356, 0.017669038847088814, 0.0022648863960057497, 0.0070395697839558125, 0.00942634604871273, 0.014277264475822449, 0.007117378991097212, 0.0051455446518957615, 0.009851853363215923, 0.003751451149582863, 0.005167254712432623, 0.009348846971988678, 0.009994369931519032, 0.006069841794669628, 0.002820933237671852, 0.012834499590098858, 0.007716780994087458, 0.002475431654602289, 0.003379835281521082, 0.00958254374563694, 0.008184771053493023, 0.0021075797267258167, 0.006547539494931698, 0.00983437243849039, 0.008975788950920105, 0.01479221973568201, 0.002138114534318447, 0.001958314562216401, 0.004444013349711895, 0.010940258391201496, 0.0022882167249917984, 0.006587473209947348, 0.005882642697542906, 0.015107628889381886, 0.002875739010050893, 0.007492826785892248, 0.012087884359061718, 0.00579373212531209, 0.006555819883942604, 0.009032194502651691, 0.006082430016249418, 0.0037374873645603657, 0.009551729075610638, 0.006550735794007778, 0.016582757234573364, 0.012238521128892899, 0.0033937059342861176, 0.009378763847053051, 0.0065451376140117645, 0.012210400775074959, 0.0038934610784053802, 0.0015708871651440859, 0.009390013292431831, 0.009918693453073502, 0.005178721155971289, 0.011052155867218971, 0.005972445476800203, 0.012615746818482876, 0.008131556212902069, 0.010443422012031078, 0.0065448167733848095, 0.005403805058449507, 0.0026443128008395433, 0.010039187967777252, 0.01119286846369505, 0.0017015374032780528, 0.01668577268719673, 0.004436900839209557, 0.01356535218656063, 0.01257755421102047, 0.0051964689046144485, 0.0017048694426193833, 0.02298636920750141, 0.020068276673555374, 0.003232477931305766, 0.016551552340388298, 0.005876611918210983, 0.03733598440885544, 0.008335843682289124, 0.006999393459409475, 0.014908263459801674, 0.0013295012759044766, 0.001340530114248395, 0.008352819830179214, 0.003946739714592695, 0.004644778557121754, 0.008410024456679821, 0.007010573986917734, 0.013974263332784176, 0.0069197434931993484, 0.006287955678999424, 0.014952226541936398, 0.008036014623939991, 0.014301983639597893, 0.0061605460941791534, 0.010638274252414703, 0.008959569968283176, 0.004797819536179304, 0.0056326366029679775, 0.014379345811903477, 0.01529793068766594, 0.014909452758729458, 0.014117260463535786, 0.010971388779580593, 0.010496447794139385, 0.009806276299059391, 0.007706474047154188, 0.012781312689185143, 0.010181546211242676, 0.006650250405073166, 0.004677377641201019, 0.010995021089911461, 0.009563158266246319, 0.008283287286758423, 0.02524567022919655, 0.0026488578878343105, 0.008171262219548225, 0.013397988863289356, 0.018371889367699623, 0.015767298638820648, 0.006282326299697161, 0.0036115585826337337, 0.018157318234443665, 0.013838555663824081, 0.012632181867957115, 0.006349356845021248, 0.011250928975641727, 0.019092118367552757, 0.004311056807637215, 0.008221704512834549, 0.006013873964548111, 0.013798341155052185, 0.010397966019809246, 0.0050584133714437485, 0.011213758029043674, 0.006675035692751408, 0.003106016432866454, 0.00786508433520794, 0.009866341017186642, 0.01030751783400774, 0.01079544611275196, 0.0055367229506373405, 0.007570577785372734, 0.00755828944966197, 0.003794382093474269, 0.0026934125926345587, 0.005125061608850956, 0.012133334763348103, 0.006176566239446402, 0.01327542494982481, 0.012152696959674358, 0.0014356839237734675, 0.020266402512788773, 0.0032810179982334375, 0.011516214348375797, 0.008081634528934956, 0.0015880299033597112, 0.012512704357504845, 0.008294460363686085, 0.004938971251249313, 0.0017716261791065335, 0.004786962177604437, 0.01332338061183691, 0.01096300594508648, 0.013637874275445938, 0.004373764619231224, 0.005781447980552912, 0.011861531063914299, 0.011525186710059643, 0.0071905311197042465, 0.010072754696011543, 0.005432484671473503, 0.009973125532269478, 0.009023650549352169, 0.004157783929258585, 0.0020205669570714235, 0.015100731514394283]
OUTPUT_SCALES: [0.0235294122248888]
OUTPUT_ZERO_POINT: -128

REAL_MULTIPLIERS: [0.047280922532081604, 0.00464929873123765, 0.0024155371356755495, 0.0073586986400187016, 0.014389471150934696, 0.004191878717392683, 0.007793400902301073, 0.003590779146179557, 0.010789868421852589, 0.008681599982082844, 0.0030955877155065536, 0.010818871669471264, 0.012499133124947548, 0.016691187396645546, 0.0041083721444010735, 0.007597561459988356, 0.017669038847088814, 0.0022648863960057497, 0.0070395697839558125, 0.00942634604871273, 0.014277264475822449, 0.007117378991097212, 0.0051455446518957615, 0.009851853363215923, 0.003751451149582863, 0.005167254712432623, 0.009348846971988678, 0.009994369931519032, 0.006069841794669628, 0.002820933237671852, 0.012834499590098858, 0.007716780994087458, 0.002475431654602289, 0.003379835281521082, 0.00958254374563694, 0.008184771053493023, 0.0021075797267258167, 0.006547539494931698, 0.00983437243849039, 0.008975788950920105, 0.01479221973568201, 0.002138114534318447, 0.001958314562216401, 0.004444013349711895, 0.010940258391201496, 0.0022882167249917984, 0.006587473209947348, 0.005882642697542906, 0.015107628889381886, 0.002875739010050893, 0.007492826785892248, 0.012087884359061718, 0.00579373212531209, 0.006555819883942604, 0.009032194502651691, 0.006082430016249418, 0.0037374873645603657, 0.009551729075610638, 0.006550735794007778, 0.016582757234573364, 0.012238521128892899, 0.0033937059342861176, 0.009378763847053051, 0.0065451376140117645, 0.012210400775074959, 0.0038934610784053802, 0.0015708871651440859, 0.009390013292431831, 0.009918693453073502, 0.005178721155971289, 0.011052155867218971, 0.005972445476800203, 0.012615746818482876, 0.008131556212902069, 0.010443422012031078, 0.0065448167733848095, 0.005403805058449507, 0.0026443128008395433, 0.010039187967777252, 0.01119286846369505, 0.0017015374032780528, 0.01668577268719673, 0.004436900839209557, 0.01356535218656063, 0.01257755421102047, 0.0051964689046144485, 0.0017048694426193833, 0.02298636920750141, 0.020068276673555374, 0.003232477931305766, 0.016551552340388298, 0.005876611918210983, 0.03733598440885544, 0.008335843682289124, 0.006999393459409475, 0.014908263459801674, 0.0013295012759044766, 0.001340530114248395, 0.008352819830179214, 0.003946739714592695, 0.004644778557121754, 0.008410024456679821, 0.007010573986917734, 0.013974263332784176, 0.0069197434931993484, 0.006287955678999424, 0.014952226541936398, 0.008036014623939991, 0.014301983639597893, 0.0061605460941791534, 0.010638274252414703, 0.008959569968283176, 0.004797819536179304, 0.0056326366029679775, 0.014379345811903477, 0.01529793068766594, 0.014909452758729458, 0.014117260463535786, 0.010971388779580593, 0.010496447794139385, 0.009806276299059391, 0.007706474047154188, 0.012781312689185143, 0.010181546211242676, 0.006650250405073166, 0.004677377641201019, 0.010995021089911461, 0.009563158266246319, 0.008283287286758423, 0.02524567022919655, 0.0026488578878343105, 0.008171262219548225, 0.013397988863289356, 0.018371889367699623, 0.015767298638820648, 0.006282326299697161, 0.0036115585826337337, 0.018157318234443665, 0.013838555663824081, 0.012632181867957115, 0.006349356845021248, 0.011250928975641727, 0.019092118367552757, 0.004311056807637215, 0.008221704512834549, 0.006013873964548111, 0.013798341155052185, 0.010397966019809246, 0.0050584133714437485, 0.011213758029043674, 0.006675035692751408, 0.003106016432866454, 0.00786508433520794, 0.009866341017186642, 0.01030751783400774, 0.01079544611275196, 0.0055367229506373405, 0.007570577785372734, 0.00755828944966197, 0.003794382093474269, 0.0026934125926345587, 0.005125061608850956, 0.012133334763348103, 0.006176566239446402, 0.01327542494982481, 0.012152696959674358, 0.0014356839237734675, 0.020266402512788773, 0.0032810179982334375, 0.011516214348375797, 0.008081634528934956, 0.0015880299033597112, 0.012512704357504845, 0.008294460363686085, 0.004938971251249313, 0.0017716261791065335, 0.004786962177604437, 0.01332338061183691, 0.01096300594508648, 0.013637874275445938, 0.004373764619231224, 0.005781447980552912, 0.011861531063914299, 0.011525186710059643, 0.0071905311197042465, 0.010072754696011543, 0.005432484671473503, 0.009973125532269478, 0.009023650549352169, 0.004157783929258585, 0.0020205669570714235, 0.015100731514394283]

MULTIPLIERS: [1624560128, 1277989504, 1327955584, 2022743680, 1977673856, 1152254848, 2142233728, 1974051712, 1482948224, 1193190016, 1701817344, 1486934400, 1717867776, 1147009664, 1129300736, 2088401792, 1214207104, 1245134464, 1935022208, 1295547136, 1962252288, 1956410240, 1414396544, 1354028416, 2062382080, 1420364160, 1284895744, 1373615744, 1668465408, 1550824448, 1763960192, 2121172608, 1360882944, 1858084096, 1317014784, 1124906368, 1158654208, 1799773952, 1351625856, 1233623040, 2033027200, 1175440896, 1076594816, 1221561088, 1503617664, 1257960448, 1810750848, 1617008512, 2076376704, 1580954240, 2059612544, 1661346176, 1592568960, 1802050048, 1241375360, 1671925632, 2054705408, 1312779648, 1800652544, 1139558400, 1682049536, 1865709568, 1289007488, 1799113728, 1678184704, 2140452864, 1727208704, 1290553600, 1363214848, 1423516032, 1518996736, 1641693312, 1733895040, 1117592576, 1435332992, 1799025536, 1485386624, 1453726336, 1379775488, 1538336128, 1870860160, 1146637568, 1219606016, 1864407808, 1728645888, 1428394496, 1874523776, 1579611264, 1379081472, 1777073536, 1137414016, 1615350784, 1282854656, 1145669632, 1923978624, 2048976128, 1461802112, 1473928448, 1148002816, 1084871552, 1276747008, 1155864960, 1927051904, 1920608128, 1902084608, 1728420096, 2055018368, 1104461440, 1965649664, 1693398016, 1462113280, 1231393920, 1318814592, 1548287360, 1976282240, 2102531584, 2049139584, 1940261504, 1507896192, 1442620800, 1347764352, 2118339456, 1756650240, 1399341056, 1828006912, 1285707776, 1511144192, 1314350464, 1138446336, 1734869248, 1456225024, 1123049728, 1841405568, 1262506624, 1083520512, 1726872704, 1985475328, 1247761408, 1901956608, 1736153856, 1745297920, 1546315904, 1312000384, 1185014272, 1129982464, 1653081088, 1896429568, 1429085568, 1390446080, 1541207168, 1834819840, 1707550592, 1080968960, 1356019584, 1416654464, 1483714816, 1521922816, 2080984576, 2077606784, 2085983616, 1480719232, 1408766208, 1667592832, 1697801600, 1824560512, 1670253952, 1578551168, 1392696576, 1803758720, 1582776448, 1110731392, 1746057344, 1719732992, 1139981952, 1357614080, 1947923584, 1315830144, 1831151488, 1506744064, 1874375168, 1202251264, 1589192320, 1630236416, 1584009600, 1976518144, 1384388864, 1493270016, 1370695936, 1240201088, 1142882944, 1110818432, 2075428736]
SHIFTS: [-4, -7, -8, -7, -6, -7, -7, -8, -6, -6, -8, -6, -6, -5, -7, -7, -5, -8, -7, -6, -6, -7, -7, -6, -8, -7, -6, -6, -7, -8, -6, -7, -8, -8, -6, -6, -8, -7, -6, -6, -6, -8, -8, -7, -6, -8, -7, -7, -6, -8, -7, -6, -7, -7, -6, -7, -8, -6, -7, -5, -6, -8, -6, -7, -6, -8, -9, -6, -6, -7, -6, -7, -6, -6, -6, -7, -7, -8, -6, -6, -9, -5, -7, -6, -6, -7, -9, -5, -5, -8, -5, -7, -4, -6, -7, -6, -9, -9, -6, -7, -7, -6, -7, -6, -7, -7, -6, -6, -6, -7, -6, -6, -7, -7, -6, -6, -6, -6, -6, -6, -6, -7, -6, -6, -7, -7, -6, -6, -6, -5, -8, -6, -6, -5, -5, -7, -8, -5, -6, -6, -7, -6, -5, -7, -6, -7, -6, -6, -7, -6, -7, -8, -6, -6, -6, -6, -7, -7, -7, -8, -8, -7, -6, -7, -6, -6, -9, -5, -8, -6, -6, -9, -6, -6, -7, -9, -7, -6, -6, -6, -7, -7, -6, -6, -7, -6, -7, -6, -6, -7, -8, -6]
Q6: [127, 127, 127, 127, 127, 127, 127, 127, 127, 127, 127, 127, 127, 127, 127, 127, 127, 127, 127, 127, 127, 127, 127, 127, 127, 127, 127, 127, 127, 127, 127, 127, 127, 127, 127, 127, 127, 127, 127, 127, 127, 127, 127, 127, 127, 127, 127, 127, 127, 127, 127, 127, 127, 127, 127, 127, 127, 127, 127, 127, 127, 127, 127, 127, 127, 127, 127, 127, 127, 127, 127, 127, 127, 127, 127, 127, 127, 127, 127, 127, 127, 127, 127, 127, 127, 127, 127, 127, 127, 127, 127, 127, 127, 127, 127, 127, 127, 127, 127, 127, 127, 127, 127, 127, 127, 127, 127, 127, 127, 127, 127, 127, 127, 127, 127, 127, 127, 127, 127, 127, 127, 127, 127, 127, 127, 127, 127, 127, 127, 127, 127, 127, 127, 127, 127, 127, 127, 127, 127, 127, 127, 127, 127, 127, 127, 127, 127, 127, 127, 127, 127, 127, 127, 127, 127, 127, 127, 127, 127, 127, 127, 127, 127, 127, 127, 127, 127, 127, 127, 127, 127, 127, 127, 127, 127, 127, 127, 127, 127, 127, 127, 127, 127, 127, 127, 127, 127, 127, 127, 127, 127, 127]

OFFSETS:
  MUL   = 9760
  SHIFT = 9760
  Q6    = 9760

================================================================================
OP_INDEX: 42
TIPO: CONV_2D
NFEAT: 32

INPUT_SCALE: 0.0235294122248888
WEIGHT_SCALES: [0.0038242824375629425, 0.004543221089988947, 0.006646124646067619, 0.005168990232050419, 0.0046652029268443584, 0.005286220461130142, 0.005689685698598623, 0.012313933111727238, 0.014215606264770031, 0.017426662147045135, 0.004450263921171427, 0.011668923310935497, 0.004695703275501728, 0.01546990592032671, 0.0059691304340958595, 0.0036801507230848074, 0.015193707309663296, 0.004280731547623873, 0.008286001160740852, 0.005353518296033144, 0.0063743917271494865, 0.018883975222706795, 0.01272050105035305, 0.013420813716948032, 0.013262033462524414, 0.011259200982749462, 0.01432140450924635, 0.0052427686750888824, 0.004308012314140797, 0.005014642141759396, 0.009147397242486477, 0.004999084863811731]
OUTPUT_SCALES: [0.2261548787355423]
OUTPUT_ZERO_POINT: 9

REAL_MULTIPLIERS: [0.00039788271843139934, 0.00047268191804149815, 0.0006914704089942843, 0.0005377876552402834, 0.00048537304785204, 0.0005499844223436829, 0.0005919614070715236, 0.0012811556837310123, 0.0014790079334154927, 0.0018130898597203216, 0.0004630105478875795, 0.0012140481263934171, 0.0004885463390079706, 0.001609506704055062, 0.000621035156938659, 0.00038288709002135864, 0.001580770684728057, 0.00044537220585858076, 0.000862085037019978, 0.0005569861660519267, 0.0006631990053436312, 0.001964710378763207, 0.0013234554770356552, 0.0013963168077783504, 0.0013797971285196297, 0.001171420146791422, 0.0014900153037666045, 0.0005454636488304657, 0.00044821052800655557, 0.000521729103406747, 0.0009517056704974352, 0.0005201105064170451]

MULTIPLIERS: [1749906702, 2078877061, 1520559510, 1182607560, 2134693240, 1209428535, 1301736901, 1408645571, 1626186420, 1993513383, 2036341925, 1334860032, 1074324761, 1769671336, 1365670753, 1683955230, 1738075749, 1958767676, 1895745045, 1224825532, 1458390036, 1080110953, 1455154686, 1535266566, 1517102987, 1287990072, 1638289152, 1199487249, 1971250749, 1147294431, 2092822902, 1143735099]
SHIFTS: [-11, -11, -10, -10, -11, -10, -10, -9, -9, -9, -11, -9, -10, -9, -10, -11, -9, -11, -10, -10, -10, -8, -9, -9, -9, -9, -9, -10, -11, -10, -10, -10]
Q6: [36, 36, 36, 36, 36, 36, 36, 36, 36, 36, 36, 36, 36, 36, 36, 36, 36, 36, 36, 36, 36, 36, 36, 36, 36, 36, 36, 36, 36, 36, 36, 36]

OFFSETS:
  MUL   = 10528
  SHIFT = 10528
  Q6    = 10528

================================================================================
OP_INDEX: 44
TIPO: CONV_2D
NFEAT: 192

INPUT_SCALE: 0.21658003330230713
WEIGHT_SCALES: [0.00038382361526601017, 0.00042873111669905484, 0.00037247923319227993, 0.000555243925191462, 0.00030438313842751086, 0.0004839663452003151, 0.0006617378094233572, 0.0009137928718701005, 0.0006268214783631265, 0.0007373362896032631, 0.0005337926559150219, 0.0007060308125801384, 0.0007289128843694925, 0.00046421607839874923, 0.0008141492144204676, 0.00034881371539086103, 0.0008540136041119695, 0.0006387193570844829, 0.0009536432917229831, 0.000955890049226582, 0.0002853608166333288, 0.00037720813998021185, 0.0008028735173866153, 0.0006231390871107578, 0.0001862070639617741, 0.0004634767828974873, 0.000711059954483062, 0.0006440668948926032, 0.0006283958209678531, 0.0006874691462144256, 0.000687477586325258, 0.00107033911626786, 0.000345424487022683, 0.000285873917164281, 0.00047125507262535393, 0.0012007454643025994, 0.00031907728407531977, 0.0005440489039756358, 0.0006694452604278922, 0.0005620180163532495, 0.00040686663123779, 0.0007377656875178218, 0.0009081677999347448, 0.00022378006542567164, 0.0007542007369920611, 0.0006018573185428977, 0.0003623957163654268, 0.0006526430952362716, 0.0009484236943535507, 0.0010627415031194687, 0.0009044588659889996, 0.0007659400580450892, 0.00032977788941934705, 0.0012137379962950945, 0.000728845305275172, 0.0007785456255078316, 0.000635078817140311, 0.00028331816429272294, 0.00047828088281676173, 0.0006960222381167114, 0.0006275263731367886, 0.0008112927316688001, 0.000666439940687269, 0.0007794483099132776, 0.0005754745216108859, 0.00044857533066533506, 0.0007151716272346675, 0.0006362691055983305, 0.0005409200675785542, 0.0010687350295484066, 0.0003171866701450199, 0.00021274159371387213, 0.0008547640754841268, 0.0004600465181283653, 0.00013658888929057866, 0.00022627341968473047, 0.000266834074864164, 0.00036924934829585254, 0.0007571873720735312, 0.0003146574308630079, 0.000619969330728054, 0.0005332849104888737, 0.0004418960597831756, 0.0005951070925220847, 0.0005911829066462815, 0.0007020661141723394, 0.0011981495190411806, 9.847354522207752e-05, 0.0008022160036489367, 0.0008381266961805522, 0.0010309115750715137, 0.0009147733217105269, 0.0005591801018454134, 0.0007890836568549275, 0.00047409802209585905, 0.0007685901946388185, 0.0011101728305220604, 0.0006585211376659572, 0.000346721411915496, 0.0007146949064917862, 0.0008341355714946985, 0.00026599023840390146, 0.001030659070238471, 0.0007213707431219518, 0.0010047355899587274, 0.0003351164050400257, 0.0008708300883881748, 0.00043406934128142893, 0.0006837842520326376, 0.0007243781583383679, 0.0005055792280472815, 0.0008348313858732581, 0.0007447277312166989, 0.0006614807643927634, 0.0007839769823476672, 0.0009966654470190406, 0.0002732959110289812, 0.000990935368463397, 0.000685185834299773, 0.0010556938359513879, 0.0004024335939902812, 0.0007144404808059335, 0.000799379195086658, 0.0007981364615261555, 0.0005982360453344882, 0.0007286123582161963, 0.000317923171678558, 0.001343396259471774, 0.00022817081480752677, 0.0011890263995155692, 0.000794953724835068, 0.0009176724124699831, 0.0007054008892737329, 0.00037633616011589766, 0.0002751708962023258, 0.00027889362536370754, 0.0005511031486093998, 0.0008541213464923203, 0.0006978826131671667, 0.0005125668249092996, 0.0003519551537465304, 0.00038954135379754007, 0.0008274049614556134, 0.0006829776684753597, 0.0004564845294225961, 0.0009447580086998641, 0.0006136574666015804, 0.0008480587275698781, 0.0008961748681031168, 0.0007254211814142764, 0.001327384146861732, 0.0004652246134355664, 0.0010513649322092533, 0.0010002072667703032, 0.0010836038272827864, 0.0008257522713392973, 0.0009621190256439149, 0.0009013518574647605, 0.0006009102216921747, 0.00031086563831195235, 0.0006319895619526505, 0.00019656948279589415, 0.0008771964348852634, 0.0006306191207841039, 0.0003503749321680516, 0.0006160998600535095, 0.0006068670772947371, 0.001024016528390348, 0.0006088823429308832, 0.0005570331704802811, 0.0008992533548735082, 0.00048431282630190253, 0.0004351120151113719, 0.0010124525288119912, 0.0007177922525443137, 0.0004312202800065279, 0.000323592423228547, 0.0007146032294258475, 0.0009875936666503549, 0.0005657938891090453, 0.0006035318365320563, 0.0007594381459057331, 0.0008731724228709936, 0.00045014306670054793, 0.0008879578090272844, 0.00032376861781813204, 0.00040903661283664405, 0.0009638775372877717, 0.0007249368354678154, 0.0005811578594148159, 0.0005438731168396771, 0.0007591784815303981]
OUTPUT_SCALES: [0.0235294122248888]
OUTPUT_ZERO_POINT: -128

REAL_MULTIPLIERS: [0.0035329625144054043, 0.003946320402946463, 0.0034285414339364382, 0.005110826681920606, 0.00280174063113906, 0.0044547414172040785, 0.006091065744970338, 0.008411144686890816, 0.005769673095143748, 0.006786923388947044, 0.00491337522967592, 0.006498767391193683, 0.006709388881556369, 0.004272947099491036, 0.007493959572254695, 0.003210708596270989, 0.007860897376074077, 0.005879188919214035, 0.008777953903217894, 0.008798634522448872, 0.0026266467933374815, 0.0034720693716437153, 0.007390170713622889, 0.005735777967953681, 0.0017139710813220902, 0.004266142142242075, 0.006545058888423056, 0.0059284111397054995, 0.005784164369745171, 0.006327913725950823, 0.006327991414227423, 0.009852098268772229, 0.0031795119311850387, 0.002631369704773557, 0.0043377385863944025, 0.011052443221304489, 0.002936995117028218, 0.005007780416056855, 0.006162010143380442, 0.005173179828501162, 0.003745065439835674, 0.006790875846991732, 0.00835936786155225, 0.002059817455661644, 0.006942154745437426, 0.005539886710615615, 0.003335726178319718, 0.006007352072793247, 0.008729909329843445, 0.009782164889520365, 0.008325228418126805, 0.007050211101470065, 0.0030354904572268498, 0.011172034946959217, 0.00670876683956235, 0.007166240953587976, 0.0058456790187196616, 0.0026078448909471834, 0.004402408718851907, 0.006406641953895051, 0.005776161405692912, 0.007467666644765872, 0.0061343472233173655, 0.007174549848715674, 0.005297042266244029, 0.0041289794715452495, 0.006582905402095376, 0.005856635208845164, 0.004978980568249326, 0.009837333209968444, 0.0029195926751791595, 0.0019582121733835224, 0.007867805203316881, 0.004234567751397481, 0.0012572530885402715, 0.002082767912022394, 0.002456114596825381, 0.0033988114699345785, 0.006969645679729546, 0.0028963119096975538, 0.005706601465949946, 0.004908701610111894, 0.0040674991125687066, 0.005477753234334411, 0.005441632471965052, 0.006462273725096643, 0.011028548450547133, 0.0009064146396752836, 0.0073841185289851225, 0.007714663929357653, 0.009489181502993431, 0.008420169385725672, 0.00514705781522086, 0.007263239856844922, 0.004363906944750056, 0.007074604684541316, 0.010218753715889761, 0.006061457403304949, 0.0031914496725017937, 0.006578517353920508, 0.0076779270185876715, 0.002448347376509013, 0.00948685728407004, 0.006639966101805193, 0.009248240689289158, 0.0030846296316295345, 0.008015687248840882, 0.003995456898443058, 0.006293995560168384, 0.006667648309992115, 0.004653680466000355, 0.007684331747266838, 0.006854959031124992, 0.006088699735111947, 0.007216234699033263, 0.009173957838110118, 0.0025155935450623373, 0.0091212144634544, 0.006306896636114982, 0.009717293571215526, 0.0037042608780591484, 0.006576175454216925, 0.0073580066955479615, 0.007346567766545101, 0.005506554153704376, 0.006706622643128183, 0.00292637191492966, 0.012365494039278608, 0.002100232772383342, 0.010944573317135692, 0.007317271785329767, 0.00844685450506602, 0.0064929691668532165, 0.0034640431011084766, 0.002532852129654381, 0.002567118553228476, 0.00507271227763932, 0.00786188910710847, 0.0064237660574013936, 0.004717998858088286, 0.0032396244407121998, 0.0035855923034429195, 0.007615974100576912, 0.006286571239831493, 0.004201780887656708, 0.008696167971862925, 0.005648502958020993, 0.007806084814354704, 0.008248977106753078, 0.006677248973636249, 0.012218108127162411, 0.004282230312763544, 0.00967744752203788, 0.009206559053658877, 0.009974195307402008, 0.007600761664456153, 0.00885597007792349, 0.008296629488276, 0.005531169014418634, 0.002861409781708382, 0.0058172435021403264, 0.0018093535326445343, 0.00807428724798982, 0.005804629069145323, 0.003225079052207767, 0.005670984337925443, 0.005585999792699416, 0.009425715003042012, 0.005604549610026677, 0.005127296060778635, 0.008277313503807095, 0.004457930654903823, 0.004005054347399884, 0.009319272420037786, 0.006607027344089136, 0.0039692322830595225, 0.0029785553982126377, 0.006577673498502265, 0.009090455263732892, 0.005207935420327228, 0.005555300064693098, 0.006990363267864562, 0.008037247620831706, 0.0041434099349784365, 0.008173341943779975, 0.0029801772079593196, 0.0037650393636402, 0.008872156564298449, 0.006672790738121832, 0.005349355408581746, 0.005006162356778698, 0.006987973147851365]

MULTIPLIERS: [1942266683, 1084756292, 1884860586, 1404853341, 1540273201, 1224509997, 1674299403, 1156018923, 1585955664, 1865575296, 1350578299, 1786367578, 1844262773, 1174538755, 2059923922, 1765105718, 1080393509, 1616059145, 1206432798, 1209275121, 1444014346, 1908790323, 2031394658, 1576638643, 1884531134, 1172668223, 1799092088, 1629589246, 1589938995, 1739403680, 1739425035, 1354062076, 1747955169, 1446610794, 1192348503, 1519036230, 1614630141, 1376528199, 1693800451, 1421992844, 2058871499, 1866661739, 1148902771, 1132396622, 1908244966, 1522792464, 1833834860, 1651288364, 1199829602, 1344450505, 1144210681, 1937947271, 1668778527, 1535472791, 1844091787, 1969841314, 1606848013, 1433677891, 1210124894, 1761044331, 1587739157, 2052696577, 1686196525, 1972125246, 1456039891, 1134965235, 1809495259, 1609859628, 1368611757, 1352032781, 1605063047, 1076538527, 1081342913, 1163989120, 1382364390, 1145013769, 1350263279, 1868516366, 1915801617, 1592264311, 1568618667, 1349293624, 1118065643, 1505713344, 1495784544, 1776336276, 1515752157, 1993226872, 2029731046, 2120590674, 1304183175, 1157259268, 1414812479, 1996504169, 1199541607, 1944652528, 1404454816, 1666160724, 1754518012, 1808289081, 2110492509, 1345993205, 1303863737, 1825179984, 1271068522, 1695793074, 1101667667, 1098262830, 1730080326, 1832789212, 1279193946, 2112253027, 1884276791, 1673649039, 1983583490, 1260859164, 1382962177, 1253610170, 1733626547, 1335534659, 2036438954, 1807645345, 2022553480, 2019409171, 1513630080, 1843502395, 1608789974, 1699500560, 1154615177, 1504210703, 2011356353, 1160926843, 1784773774, 1904377834, 1392450184, 1411288350, 1394376533, 1080529811, 1765751369, 1296873651, 1781002371, 1971200215, 2093463020, 1728039544, 1154976736, 1195192225, 1552648670, 2145720255, 1133730781, 1835428222, 1679243994, 1177090505, 1330058260, 1265339841, 1370842965, 2089281458, 1217155259, 1140280074, 1520396162, 1573076663, 1599031718, 1989405248, 1109721589, 1595564289, 1773005959, 1558828305, 1535467931, 1295460406, 1540566866, 1409380409, 1137625306, 1225386648, 1100900956, 1280831049, 1816125847, 1091054262, 1637478147, 1808057124, 1249382658, 1431546388, 1527029254, 1921496424, 1104630902, 1138931851, 1123335563, 1638369746, 2069852280, 1219379913, 1834202752, 1470419618, 1376083430, 1920839433]
SHIFTS: [-8, -7, -8, -7, -8, -7, -7, -6, -7, -7, -7, -7, -7, -7, -7, -8, -6, -7, -6, -6, -8, -8, -7, -7, -9, -7, -7, -7, -7, -7, -7, -6, -8, -8, -7, -6, -8, -7, -7, -7, -8, -7, -6, -8, -7, -7, -8, -7, -6, -6, -6, -7, -8, -6, -7, -7, -7, -8, -7, -7, -7, -7, -7, -7, -7, -7, -7, -7, -7, -6, -8, -8, -6, -7, -9, -8, -8, -8, -7, -8, -7, -7, -7, -7, -7, -7, -6, -10, -7, -7, -6, -6, -7, -7, -7, -7, -6, -7, -8, -7, -7, -8, -6, -7, -6, -8, -6, -7, -7, -7, -7, -7, -7, -7, -7, -6, -8, -6, -7, -6, -8, -7, -7, -7, -7, -7, -8, -6, -8, -6, -7, -6, -7, -8, -8, -8, -7, -6, -7, -7, -8, -8, -7, -7, -7, -6, -7, -7, -6, -7, -6, -7, -6, -6, -6, -7, -6, -6, -7, -8, -7, -9, -6, -7, -8, -7, -7, -6, -7, -7, -6, -7, -7, -6, -7, -7, -8, -7, -6, -7, -7, -7, -6, -7, -6, -8, -8, -6, -7, -7, -7, -7]
Q6: [127, 127, 127, 127, 127, 127, 127, 127, 127, 127, 127, 127, 127, 127, 127, 127, 127, 127, 127, 127, 127, 127, 127, 127, 127, 127, 127, 127, 127, 127, 127, 127, 127, 127, 127, 127, 127, 127, 127, 127, 127, 127, 127, 127, 127, 127, 127, 127, 127, 127, 127, 127, 127, 127, 127, 127, 127, 127, 127, 127, 127, 127, 127, 127, 127, 127, 127, 127, 127, 127, 127, 127, 127, 127, 127, 127, 127, 127, 127, 127, 127, 127, 127, 127, 127, 127, 127, 127, 127, 127, 127, 127, 127, 127, 127, 127, 127, 127, 127, 127, 127, 127, 127, 127, 127, 127, 127, 127, 127, 127, 127, 127, 127, 127, 127, 127, 127, 127, 127, 127, 127, 127, 127, 127, 127, 127, 127, 127, 127, 127, 127, 127, 127, 127, 127, 127, 127, 127, 127, 127, 127, 127, 127, 127, 127, 127, 127, 127, 127, 127, 127, 127, 127, 127, 127, 127, 127, 127, 127, 127, 127, 127, 127, 127, 127, 127, 127, 127, 127, 127, 127, 127, 127, 127, 127, 127, 127, 127, 127, 127, 127, 127, 127, 127, 127, 127, 127, 127, 127, 127, 127, 127]

OFFSETS:
  MUL   = 10656
  SHIFT = 10656
  Q6    = 10656

================================================================================
OP_INDEX: 45
TIPO: DEPTHWISE_CONV_2D
NFEAT: 192

INPUT_SCALE: 0.0235294122248888
WEIGHT_SCALES: [0.0076323640532791615, 0.011606518179178238, 0.02349180355668068, 0.017240973189473152, 0.008921640925109386, 0.007939951494336128, 0.011203264817595482, 0.0015014361124485731, 0.008933227509260178, 0.007779879495501518, 0.003472417825832963, 0.01163577288389206, 0.004939479753375053, 0.009827904403209686, 0.009600717574357986, 0.010504486970603466, 0.0023189622443169355, 0.008342781104147434, 0.01103220321238041, 0.011756318621337414, 0.011164725758135319, 0.00712791969999671, 0.006373585667461157, 0.003419743850827217, 0.010648488998413086, 0.008846979588270187, 0.013933765701949596, 0.007458713371306658, 0.005650905426591635, 0.011702061630785465, 0.005438888445496559, 0.0026180159766227007, 0.007113211322575808, 0.021646080538630486, 0.009570160880684853, 0.00623673852533102, 0.011225462891161442, 0.016542011871933937, 0.001956257037818432, 0.006259523797780275, 0.004403343424201012, 0.008021930232644081, 0.004008992109447718, 0.00479200528934598, 0.005264256615191698, 0.004085138440132141, 0.013850233517587185, 0.011704834178090096, 0.0060477121733129025, 0.004495219327509403, 0.004202692769467831, 0.004632084630429745, 0.008090593852102757, 0.008853517472743988, 0.009719684720039368, 0.005165431648492813, 0.00792492926120758, 0.013540038838982582, 0.012474273331463337, 0.002006808528676629, 0.0022300772834569216, 0.00704445643350482, 0.008239771239459515, 0.0033894383814185858, 0.009836278855800629, 0.0037568756379187107, 0.0097753731533885, 0.0050885784439742565, 0.01686203107237816, 0.0027517101261764765, 0.01553133875131607, 0.02081371285021305, 0.002879091538488865, 0.009049477986991405, 0.033595532178878784, 0.008323997259140015, 0.012136174365878105, 0.005116699729114771, 0.0018356736982241273, 0.011787510477006435, 0.008674772456288338, 0.005571568850427866, 0.008024751208722591, 0.009794703684747219, 0.012386824004352093, 0.009966371580958366, 0.004119396675378084, 0.05840671434998512, 0.011964752338826656, 0.006670024711638689, 0.0024673808366060257, 0.004070803057402372, 0.00871871318668127, 0.0032012728042900562, 0.007250613067299128, 0.00689508905634284, 0.006895032245665789, 0.016179095953702927, 0.019716516137123108, 0.01846477761864662, 0.006450034212321043, 0.02245655283331871, 0.01511302962899208, 0.0064962017349898815, 0.0044800890609622, 0.02113918960094452, 0.01182053703814745, 0.009760838933289051, 0.007552507799118757, 0.007119004614651203, 0.0049859266728162766, 0.0047818501479923725, 0.006986618973314762, 0.003944578114897013, 0.010015955194830894, 0.0034542952198535204, 0.01126553863286972, 0.005352452863007784, 0.0016817533178254962, 0.0073801749385893345, 0.005549719091504812, 0.010528766550123692, 0.004319703206419945, 0.0055932095274329185, 0.004040478728711605, 0.010647604241967201, 0.008513332344591618, 0.0023319399915635586, 0.009800460189580917, 0.005766627844423056, 0.00626519275829196, 0.002609407529234886, 0.004730657674372196, 0.01179453544318676, 0.017318272963166237, 0.013126639649271965, 0.010640021413564682, 0.008080767467617989, 0.0028188268188387156, 0.0021435306407511234, 0.0045616161078214645, 0.006014424841850996, 0.004022238310426474, 0.005884112790226936, 0.02332051284611225, 0.00750656658783555, 0.004606626927852631, 0.006342951208353043, 0.004624238703399897, 0.003413588274270296, 0.004465640988200903, 0.010672548785805702, 0.0023921048268675804, 0.004715297371149063, 0.007671356201171875, 0.01087296660989523, 0.010651507414877415, 0.005265230778604746, 0.007120252121239901, 0.020444627851247787, 0.006478708237409592, 0.010969343595206738, 0.006407950073480606, 0.009439676068723202, 0.006874865386635065, 0.004274803679436445, 0.00567639572545886, 0.013056248426437378, 0.006570666097104549, 0.008861267007887363, 0.007177240680903196, 0.01894782856106758, 0.0072616334073245525, 0.0075307972729206085, 0.0030045523308217525, 0.006332981865853071, 0.013439273461699486, 0.007603819947689772, 0.0030520835425704718, 0.005007762927561998, 0.0034235860221087933, 0.005590467713773251, 0.008394078351557255, 0.007966181263327599, 0.006864318624138832, 0.015033643692731857, 0.006931949406862259, 0.004002672154456377, 0.00855096336454153, 0.005698089022189379, 0.003771710442379117, 0.0020516987424343824]
OUTPUT_SCALES: [0.0235294122248888]
OUTPUT_ZERO_POINT: -128

REAL_MULTIPLIERS: [0.0076323640532791615, 0.011606518179178238, 0.02349180355668068, 0.017240973189473152, 0.008921640925109386, 0.007939951494336128, 0.011203264817595482, 0.0015014361124485731, 0.008933227509260178, 0.007779879495501518, 0.003472417825832963, 0.01163577288389206, 0.004939479753375053, 0.009827904403209686, 0.009600717574357986, 0.010504486970603466, 0.0023189622443169355, 0.008342781104147434, 0.01103220321238041, 0.011756318621337414, 0.011164725758135319, 0.00712791969999671, 0.006373585667461157, 0.003419743850827217, 0.010648488998413086, 0.008846979588270187, 0.013933765701949596, 0.007458713371306658, 0.005650905426591635, 0.011702061630785465, 0.005438888445496559, 0.0026180159766227007, 0.007113211322575808, 0.021646080538630486, 0.009570160880684853, 0.00623673852533102, 0.011225462891161442, 0.016542011871933937, 0.001956257037818432, 0.006259523797780275, 0.004403343424201012, 0.008021930232644081, 0.004008992109447718, 0.00479200528934598, 0.005264256615191698, 0.004085138440132141, 0.013850233517587185, 0.011704834178090096, 0.0060477121733129025, 0.004495219327509403, 0.004202692769467831, 0.004632084630429745, 0.008090593852102757, 0.008853517472743988, 0.009719684720039368, 0.005165431648492813, 0.00792492926120758, 0.013540038838982582, 0.012474273331463337, 0.002006808528676629, 0.0022300772834569216, 0.00704445643350482, 0.008239771239459515, 0.0033894383814185858, 0.009836278855800629, 0.0037568756379187107, 0.0097753731533885, 0.0050885784439742565, 0.01686203107237816, 0.0027517101261764765, 0.01553133875131607, 0.02081371285021305, 0.002879091538488865, 0.009049477986991405, 0.033595532178878784, 0.008323997259140015, 0.012136174365878105, 0.005116699729114771, 0.0018356736982241273, 0.011787510477006435, 0.008674772456288338, 0.005571568850427866, 0.008024751208722591, 0.009794703684747219, 0.012386824004352093, 0.009966371580958366, 0.004119396675378084, 0.05840671434998512, 0.011964752338826656, 0.006670024711638689, 0.0024673808366060257, 0.004070803057402372, 0.00871871318668127, 0.0032012728042900562, 0.007250613067299128, 0.00689508905634284, 0.006895032245665789, 0.016179095953702927, 0.019716516137123108, 0.01846477761864662, 0.006450034212321043, 0.02245655283331871, 0.01511302962899208, 0.0064962017349898815, 0.0044800890609622, 0.02113918960094452, 0.01182053703814745, 0.009760838933289051, 0.007552507799118757, 0.007119004614651203, 0.0049859266728162766, 0.0047818501479923725, 0.006986618973314762, 0.003944578114897013, 0.010015955194830894, 0.0034542952198535204, 0.01126553863286972, 0.005352452863007784, 0.0016817533178254962, 0.0073801749385893345, 0.005549719091504812, 0.010528766550123692, 0.004319703206419945, 0.0055932095274329185, 0.004040478728711605, 0.010647604241967201, 0.008513332344591618, 0.0023319399915635586, 0.009800460189580917, 0.005766627844423056, 0.00626519275829196, 0.002609407529234886, 0.004730657674372196, 0.01179453544318676, 0.017318272963166237, 0.013126639649271965, 0.010640021413564682, 0.008080767467617989, 0.0028188268188387156, 0.0021435306407511234, 0.0045616161078214645, 0.006014424841850996, 0.004022238310426474, 0.005884112790226936, 0.02332051284611225, 0.00750656658783555, 0.004606626927852631, 0.006342951208353043, 0.004624238703399897, 0.003413588274270296, 0.004465640988200903, 0.010672548785805702, 0.0023921048268675804, 0.004715297371149063, 0.007671356201171875, 0.01087296660989523, 0.010651507414877415, 0.005265230778604746, 0.007120252121239901, 0.020444627851247787, 0.006478708237409592, 0.010969343595206738, 0.006407950073480606, 0.009439676068723202, 0.006874865386635065, 0.004274803679436445, 0.00567639572545886, 0.013056248426437378, 0.006570666097104549, 0.008861267007887363, 0.007177240680903196, 0.01894782856106758, 0.0072616334073245525, 0.0075307972729206085, 0.0030045523308217525, 0.006332981865853071, 0.013439273461699486, 0.007603819947689772, 0.0030520835425704718, 0.005007762927561998, 0.0034235860221087933, 0.005590467713773251, 0.008394078351557255, 0.007966181263327599, 0.006864318624138832, 0.015033643692731857, 0.006931949406862259, 0.004002672154456377, 0.00855096336454153, 0.005698089022189379, 0.003771710442379117, 0.0020516987424343824]

MULTIPLIERS: [2097968256, 1595187712, 1614344448, 1184790656, 1226180992, 1091258624, 1539764992, 1650846464, 1227773440, 2138516992, 1908981888, 1599208448, 1357753856, 1350736896, 1319512576, 1443725696, 1274862976, 1146623104, 1516254464, 1615776128, 1534468224, 1959307648, 1751957888, 1880024064, 1463517184, 1215919616, 1915042176, 2050235520, 1553309056, 1608319104, 1495030272, 1439269504, 1955264640, 1487507328, 1315312896, 1714341632, 1542815872, 1136758400, 1075463680, 1720604800, 1210381824, 1102525696, 1101983360, 1317216384, 1447027840, 1122914304, 1903561600, 1608700160, 1662382464, 1235636480, 1155227392, 1273257728, 1111962752, 1216818176, 1335863296, 1419863040, 1089193984, 1860928768, 1714451072, 1103254656, 1225997952, 1936365440, 1132465536, 1863363456, 1351887872, 2065364224, 1343517056, 1398737792, 1158749952, 1512768640, 2134610944, 1430307456, 1582797312, 1243750784, 1154333696, 1144041472, 1667983104, 1406467712, 2018344576, 1620063104, 1192251648, 1531501184, 1102913408, 1346173824, 1702432128, 1369767680, 1132331136, 2006839424, 1644423040, 1833442432, 1356456960, 1118973824, 1198290816, 1759918336, 1993033344, 1895307648, 1895292032, 1111819008, 1354908672, 1268889856, 1772971904, 1543202560, 2077118976, 1785662336, 1231477504, 1452674048, 1624602240, 1341519488, 2076017536, 1956857088, 1370521088, 1314424960, 1920467200, 1084277376, 1376582400, 1899018880, 1548323840, 1471271040, 1849107328, 2028647040, 1525495168, 1447062656, 1187390976, 1537449728, 1110638336, 1463395584, 1170063488, 1281997568, 1346964992, 1585118592, 1722163072, 1434536960, 1300353280, 1621028608, 1190102656, 1804111616, 1462353408, 1110612224, 1549666432, 1178418432, 1253887488, 1653232512, 1105624448, 1617412608, 1602573440, 2063389312, 1266259968, 1743537152, 1271101056, 1876640000, 1227506048, 1466823936, 1315073536, 1296131072, 2108686336, 1494369152, 1463932032, 1447295616, 1957200000, 1404944128, 1780853760, 1507615104, 1761403904, 1297379200, 1889748608, 1175049088, 1560315776, 1794437120, 1806130944, 1217883264, 1972864896, 1302084864, 1996062592, 2070049792, 1651770112, 1740796800, 1847079680, 2090122112, 1677900672, 1376523392, 1882136320, 1536696064, 1153673344, 1094863616, 1886849536, 2066208256, 1905439744, 1100246144, 1175235456, 1566278784, 2073519744, 1127933312]
SHIFTS: [-7, -6, -5, -5, -6, -6, -6, -9, -6, -7, -8, -6, -7, -6, -6, -6, -8, -6, -6, -6, -6, -7, -7, -8, -6, -6, -6, -7, -7, -6, -7, -8, -7, -5, -6, -7, -6, -5, -8, -7, -7, -6, -7, -7, -7, -7, -6, -6, -7, -7, -7, -7, -6, -6, -6, -7, -6, -6, -6, -8, -8, -7, -6, -8, -6, -8, -6, -7, -5, -8, -6, -5, -8, -6, -4, -6, -6, -7, -9, -6, -6, -7, -6, -6, -6, -6, -7, -4, -6, -7, -8, -7, -6, -8, -7, -7, -7, -5, -5, -5, -7, -5, -6, -7, -7, -5, -6, -6, -7, -7, -7, -7, -7, -7, -6, -8, -6, -7, -9, -7, -7, -6, -7, -7, -7, -6, -6, -8, -6, -7, -7, -8, -7, -6, -5, -6, -6, -6, -8, -8, -7, -7, -7, -7, -5, -7, -7, -7, -7, -8, -7, -6, -8, -7, -7, -6, -6, -7, -7, -5, -7, -6, -7, -6, -7, -7, -7, -6, -7, -6, -7, -5, -7, -7, -8, -7, -6, -7, -8, -7, -8, -7, -6, -6, -7, -6, -7, -7, -6, -7, -8, -8]
Q6: [127, 127, 127, 127, 127, 127, 127, 127, 127, 127, 127, 127, 127, 127, 127, 127, 127, 127, 127, 127, 127, 127, 127, 127, 127, 127, 127, 127, 127, 127, 127, 127, 127, 127, 127, 127, 127, 127, 127, 127, 127, 127, 127, 127, 127, 127, 127, 127, 127, 127, 127, 127, 127, 127, 127, 127, 127, 127, 127, 127, 127, 127, 127, 127, 127, 127, 127, 127, 127, 127, 127, 127, 127, 127, 127, 127, 127, 127, 127, 127, 127, 127, 127, 127, 127, 127, 127, 127, 127, 127, 127, 127, 127, 127, 127, 127, 127, 127, 127, 127, 127, 127, 127, 127, 127, 127, 127, 127, 127, 127, 127, 127, 127, 127, 127, 127, 127, 127, 127, 127, 127, 127, 127, 127, 127, 127, 127, 127, 127, 127, 127, 127, 127, 127, 127, 127, 127, 127, 127, 127, 127, 127, 127, 127, 127, 127, 127, 127, 127, 127, 127, 127, 127, 127, 127, 127, 127, 127, 127, 127, 127, 127, 127, 127, 127, 127, 127, 127, 127, 127, 127, 127, 127, 127, 127, 127, 127, 127, 127, 127, 127, 127, 127, 127, 127, 127, 127, 127, 127, 127, 127, 127]

OFFSETS:
  MUL   = 11424
  SHIFT = 11424
  Q6    = 11424

================================================================================
OP_INDEX: 46
TIPO: CONV_2D
NFEAT: 32

INPUT_SCALE: 0.0235294122248888
WEIGHT_SCALES: [0.005443176254630089, 0.0057284473441541195, 0.01071915589272976, 0.006772302091121674, 0.006204579956829548, 0.010661141015589237, 0.006768100894987583, 0.011537839658558369, 0.012530325911939144, 0.01777602918446064, 0.006016647908836603, 0.015923405066132545, 0.005118935834616423, 0.015854790806770325, 0.006724097765982151, 0.004666498396545649, 0.02175997942686081, 0.005262621212750673, 0.009491974487900734, 0.005668627098202705, 0.007475739810615778, 0.020318686962127686, 0.018817920237779617, 0.012139390222728252, 0.014022592455148697, 0.012625180184841156, 0.01246686652302742, 0.006849466357380152, 0.0047438181936740875, 0.006751607172191143, 0.008510776795446873, 0.009694498032331467]
OUTPUT_SCALES: [0.2526351511478424]
OUTPUT_ZERO_POINT: -4

REAL_MULTIPLIERS: [0.0005069553358905632, 0.0005335243269068848, 0.0009983386577716877, 0.0006307447197647784, 0.0005778693852507152, 0.0009929353876676917, 0.0006303534374146087, 0.0010745875396888872, 0.0011670236796212346, 0.0016555871837409604, 0.0005603661573451658, 0.0014830412954120506, 0.00047675689965629575, 0.001476650841883696, 0.0006262551646412055, 0.0004346187136676404, 0.0020266361336237202, 0.0004901391723821974, 0.0008840439643462163, 0.0005279529120820279, 0.000696260052850104, 0.0018924000054157107, 0.001752624686145444, 0.0011306135168110676, 0.0013060073265328226, 0.0011758580214705897, 0.001161113329796757, 0.0006379314862205845, 0.00044181996563718586, 0.0006288172790414083, 0.0007926591951446176, 0.000902906184985369]

MULTIPLIERS: [1114806573, 1173232402, 1097684963, 1387022307, 1270748217, 1091744004, 1386161868, 1181521495, 1283156106, 1820337359, 1232258212, 1630621149, 2096799019, 1623594771, 1377149671, 1911473317, 1114154997, 1077827439, 1944033237, 1160980732, 1531092048, 2080715810, 1927031222, 1243122708, 1435970241, 1292869567, 1276657607, 1402826174, 1943144758, 1382783820, 1743076004, 1985511698]
SHIFTS: [-10, -10, -9, -10, -10, -9, -10, -9, -9, -9, -10, -9, -11, -9, -10, -11, -8, -10, -10, -10, -10, -9, -9, -9, -9, -9, -9, -10, -11, -10, -10, -10]
Q6: [20, 20, 20, 20, 20, 20, 20, 20, 20, 20, 20, 20, 20, 20, 20, 20, 20, 20, 20, 20, 20, 20, 20, 20, 20, 20, 20, 20, 20, 20, 20, 20]

OFFSETS:
  MUL   = 12192
  SHIFT = 12192
  Q6    = 12192

================================================================================
OP_INDEX: 48
TIPO: CONV_2D
NFEAT: 192

INPUT_SCALE: 0.2526351511478424
WEIGHT_SCALES: [0.0009513862314634025, 0.0009057263960130513, 0.0009184282971546054, 0.0011355793103575706, 0.0007057804032228887, 0.0005935255903750658, 0.0005598057177849114, 0.0006904804613441229, 0.0011041316902264953, 0.0007424200884997845, 0.0007091056322678924, 0.0005276823067106307, 0.000813388149254024, 0.0008658075821585953, 0.001101164729334414, 0.0004620116960722953, 0.0005662903422489762, 0.0005004577687941492, 0.0009098791633732617, 0.0008126386092044413, 0.0007538361824117601, 0.00044213698129169643, 0.0010981363011524081, 0.0008504196302965283, 0.001081583322957158, 0.0009216021280735731, 0.0007744009490124881, 0.0006797394016757607, 0.0007502702646888793, 0.000958758348133415, 0.0005969757330603898, 0.0007117114728316665, 0.000654028553981334, 0.0007070577703416348, 0.00038744756602682173, 0.0006971720140427351, 0.0007045961683616042, 0.0011092639761045575, 0.0006628002738580108, 0.000850957294460386, 0.0007362447213381529, 0.0004847041273023933, 0.0010213759960606694, 0.0015114509733393788, 0.0005763464141637087, 0.0006038688006810844, 0.0006495731067843735, 0.0006303422851487994, 0.00012165358202764764, 0.0006365688168443739, 0.000536867359187454, 0.00059332704404369, 0.0006240086513571441, 0.000512725324369967, 0.001328993123024702, 0.0006335389916785061, 0.0004980991361662745, 0.0006199052440933883, 0.0008336532628163695, 0.000822574773337692, 0.0011889387387782335, 0.0008327302639372647, 0.00113762600813061, 0.0005726069794036448, 0.0003237721393816173, 0.0008877640939317644, 0.0005773709272034466, 0.0010572480969130993, 0.0009752435726113617, 0.0007885490776970983, 0.0009283286635763943, 0.0007609897875227034, 0.0011225328780710697, 0.0005248172674328089, 0.00043793785152956843, 0.0006796757224947214, 0.0008492545457556844, 0.001139167812652886, 0.0003427014744374901, 0.0007290019420906901, 0.0009325401624664664, 0.0006770436302758753, 0.0010331207886338234, 0.0010523798409849405, 0.0005408285651355982, 0.0009263479732908309, 0.0004893554141744971, 0.0006859726272523403, 0.0005129298660904169, 0.0007593140471726656, 0.0005448600859381258, 0.0007756243576295674, 0.0007529013091698289, 0.0008276441949419677, 0.000602720829192549, 0.0007196816150099039, 0.0004303421883378178, 0.0006276255589909852, 0.0006509199738502502, 0.0005841419333592057, 0.0006559753092005849, 0.0006073149270378053, 0.0007594682392664254, 0.0006550137768499553, 0.0006531207473017275, 0.0010695145465433598, 0.0012362609850242734, 0.0007585163111798465, 0.0007455531158484519, 0.0007776201236993074, 0.0007224855944514275, 0.0008423712570220232, 0.0007429723045788705, 0.0005573109956458211, 0.0006242264644242823, 0.0007438057800754905, 0.0007751574739813805, 0.0006178996409289539, 0.0008141855942085385, 0.0007928741979412735, 0.0011419375659897923, 0.0009303289698436856, 0.0010215648217126727, 0.0009312903275713325, 0.0010131823364645243, 0.0007055519381538033, 0.0006904967594891787, 0.000820166664198041, 0.0006072353571653366, 0.0008522539283148944, 0.0011045082937926054, 0.000538790482096374, 0.0017283029155805707, 0.0006230311701074243, 0.0008309225086122751, 0.0016119342762976885, 0.000471282284706831, 0.0008123409352265298, 0.0007182565168477595, 0.0007754035759717226, 0.0007810572278685868, 0.0005443647387437522, 0.0007942108786664903, 0.0006886202027089894, 0.0007799054146744311, 0.0008997870609164238, 0.0006976748118177056, 0.000905124528799206, 0.0007755360566079617, 0.0007129674195311964, 0.0006639151833951473, 0.0004809717647731304, 0.0006741594988852739, 0.0006039985455572605, 0.0008216315764002502, 0.0018407560419291258, 0.000617636542301625, 0.0006170791457407176, 0.0008359758649021387, 0.00044455306488089263, 0.0007819071179255843, 0.0009378010872751474, 0.0009565424406901002, 0.0006236726185306907, 0.0009116994915530086, 0.0014475331408903003, 0.0009124856442213058, 0.00037097526364959776, 0.0008149634231813252, 0.00012847298057749867, 0.0009761388064362109, 0.0007900671334937215, 0.0011807127157226205, 0.0008930523181334138, 0.0004463372169993818, 0.00061304826522246, 0.0007111967424862087, 0.0004945564433000982, 0.0006166069651953876, 0.0006406964384950697, 0.000831412326078862, 0.0009970238897949457, 0.0009251215378753841, 0.0005164317553862929, 0.00014138496771920472, 0.0011738745961338282, 0.0006250488804653287, 0.0009041312150657177, 0.0009128768579103053, 0.000631344853900373, 0.0010564757976680994, 0.0008063279674388468]
OUTPUT_SCALES: [0.0235294122248888]
OUTPUT_ZERO_POINT: -128

REAL_MULTIPLIERS: [0.010215027986610437, 0.009724778620407257, 0.009861158853117327, 0.012192707916821042, 0.00757795975272146, 0.006372680532831533, 0.006010630472801191, 0.0074136843729477745, 0.01185505501715998, 0.007971359823214792, 0.007613662716074582, 0.005665721610031095, 0.008733343445413044, 0.009296170566989947, 0.011823198776712637, 0.004960616676426432, 0.006080255844908154, 0.005373411917560952, 0.009769366857448676, 0.00872529563861244, 0.00809393435178373, 0.004747221988763741, 0.01179068256235977, 0.009130950224578806, 0.011612953339532842, 0.00989523625574292, 0.008314738121501339, 0.00729835768280911, 0.00805564711560926, 0.0102941823569537, 0.00640972469315554, 0.007641641609826968, 0.007022300472737796, 0.007591674835445641, 0.004160022080853843, 0.007485531532208279, 0.007565244630460196, 0.011910160338370114, 0.007116482373912816, 0.009136723121326277, 0.00790505494482, 0.005204265167894643, 0.010966507649121047, 0.016228439599449113, 0.006188227825842073, 0.006483735516867679, 0.006974462364191901, 0.006767981153179695, 0.0013061937454910842, 0.0068348353848538025, 0.005764341460735593, 0.006370548742119654, 0.006699976966973234, 0.005505128584662097, 0.0142693908075885, 0.006802304171093993, 0.005348087293862319, 0.006655918708977161, 0.008950929842341221, 0.008831980170450353, 0.012765627764345212, 0.008941019609178435, 0.012214683297944198, 0.006148077538330133, 0.0034763394252412846, 0.009531917495875253, 0.006199228015909437, 0.011351666170474084, 0.010471184108543858, 0.008466646490249911, 0.009967459025152307, 0.008170742564890875, 0.012052628455373474, 0.005634959701315357, 0.004702135958904377, 0.007297673959842591, 0.009118440719187729, 0.012231237643407769, 0.0036795835767424456, 0.00782728926956961, 0.010012677862260653, 0.007269413202234721, 0.011092611413148787, 0.011299395737176315, 0.005806872904099852, 0.009946192366007245, 0.005254206005801463, 0.00736528378664149, 0.005507324747828776, 0.008152750151286572, 0.005850159317613611, 0.008327873852132317, 0.008083896623661923, 0.008886410518348022, 0.006471409754211662, 0.007727216976292728, 0.004620581370962473, 0.00673881168150115, 0.0069889236674115325, 0.006271928266439866, 0.007043202771289185, 0.006520736553896723, 0.008154405710827988, 0.007032878804484868, 0.0070125533581255235, 0.011483370963044732, 0.01327372642481144, 0.008144184864946408, 0.008004999118162572, 0.008349302379877315, 0.007757323285929967, 0.009044534891324195, 0.007977288963784595, 0.0059838446568761215, 0.006702315624505878, 0.007986237984952403, 0.008322860925336661, 0.006634384560408268, 0.00874190560687676, 0.008513085279123013, 0.012260976467574887, 0.009988936300969873, 0.010968535068959609, 0.009999258392848322, 0.010878532377544287, 0.0075755067247108695, 0.0074138593660287855, 0.008806124317755796, 0.006519882212676219, 0.009150645070871223, 0.011859098607281895, 0.005784990019319517, 0.018556777540116292, 0.006689481756939643, 0.008921609751617949, 0.017307328191653502, 0.005060154928318589, 0.008722099514982845, 0.007711915706284248, 0.008325503320859916, 0.008386206545736513, 0.005844840777901477, 0.008527437211667014, 0.0073937107876763195, 0.008373839534711401, 0.009661008016810666, 0.007490930068757447, 0.009718316375915664, 0.008326925764618414, 0.007655126701644677, 0.0071284531506044975, 0.005164190814880356, 0.007238446301624085, 0.006485128586787578, 0.008821853070862173, 0.01976418605081694, 0.00663155967210053, 0.006625574908729979, 0.008975867606335763, 0.0047731634630729354, 0.00839533180993591, 0.01006916437886019, 0.010270390172664484, 0.006696368984627976, 0.009788911709671656, 0.015542154234244172, 0.009797352625929245, 0.003983159073777914, 0.008750257151667976, 0.0013794135848526742, 0.010480796228493636, 0.008482945845795441, 0.012677305006507591, 0.009588697125885485, 0.004792319893153602, 0.006582295369944402, 0.0076361149533434895, 0.005310049422828289, 0.006620505109182996, 0.006879153632570234, 0.008926868918677597, 0.010705039237228386, 0.009933024136661221, 0.005544924511184991, 0.0015180495096257301, 0.012603884159468573, 0.0067111459003687144, 0.009707651172603377, 0.00980155308484878, 0.006778745727562984, 0.011343373998335356, 0.00865753831764526]

MULTIPLIERS: [1403942756, 1336563396, 1355307353, 1675753016, 2083013716, 1751709086, 1652189524, 2037858043, 1629346355, 1095575352, 2092827672, 1557381697, 1200301583, 1277655954, 1624968067, 1363563929, 1671328000, 1477032221, 1342691557, 1199195501, 1112421867, 1304906444, 1620499072, 1254948243, 1596072154, 1359990915, 1142768906, 2006157284, 1107159709, 1414821650, 1761891708, 2100518451, 1930275256, 2086783689, 1143498162, 2057607240, 2079518610, 1636919973, 1956163780, 1255741664, 1086462479, 1430537517, 1507225335, 1115209878, 1701007112, 1782235648, 1917125617, 1860368494, 1436175211, 1878745245, 1584490116, 1751123104, 1841675645, 1513238223, 1961170139, 1869803133, 1470071041, 1829565004, 1230206430, 1213858112, 1754494520, 1228844378, 1678773289, 1689970685, 1911137810, 1310056765, 1704030822, 1560161119, 1439148585, 1163647033, 1369917137, 1122978307, 1656500641, 1548925928, 1292513291, 2005969344, 1253228950, 1681048501, 2022872464, 1075774446, 1376131967, 1998201086, 1524556904, 1552977125, 1596181070, 1366994270, 1444265150, 2024553791, 1513841900, 1120505449, 1608079549, 1144574267, 1111042292, 1221338962, 1778847568, 2124041229, 1270095736, 1852350450, 1921100709, 1724014514, 1936020836, 1792406416, 1120732987, 1933183006, 1927595989, 1578262487, 1824327068, 1119328245, 1100198701, 1147519381, 2132316788, 1243071410, 1096390247, 1644826695, 1842318491, 1097620191, 1143885295, 1823645742, 1201478358, 1170029532, 1685135774, 1372868952, 1507503981, 1374287609, 1495134105, 2082339433, 2037906145, 1210304510, 1792171576, 1257655082, 1629902102, 1590165948, 1275212042, 1838790744, 1226176708, 1189350537, 1390924796, 1198756229, 2119835248, 1144248464, 1152591451, 1606617599, 1172002046, 2032367746, 1150891742, 1327798831, 2059091178, 1335675232, 1144443963, 2104225205, 1959454282, 1419521962, 1989688969, 1782618572, 1212466254, 1358184524, 1822869242, 1821224163, 1233633850, 1312037182, 1153845618, 1383895415, 1411551677, 1840683891, 1345377781, 2136097413, 1346537892, 1094882429, 1202626186, 1516681276, 1440469665, 1165887199, 1742355533, 1317860498, 1317302862, 1809327574, 2098999296, 1459615271, 1819830587, 1890927352, 1226899522, 1471289390, 1365184442, 1524177244, 1669113087, 1732264649, 1844745738, 1334209418, 1347115198, 1863327437, 1559021451, 1189883006]
SHIFTS: [-6, -6, -6, -6, -7, -7, -7, -7, -6, -6, -7, -7, -6, -6, -6, -7, -7, -7, -6, -6, -6, -7, -6, -6, -6, -6, -6, -7, -6, -6, -7, -7, -7, -7, -7, -7, -7, -6, -7, -6, -6, -7, -6, -5, -7, -7, -7, -7, -9, -7, -7, -7, -7, -7, -6, -7, -7, -7, -6, -6, -6, -6, -6, -7, -8, -6, -7, -6, -6, -6, -6, -6, -6, -7, -7, -7, -6, -6, -8, -6, -6, -7, -6, -6, -7, -6, -7, -7, -7, -6, -7, -6, -6, -6, -7, -7, -7, -7, -7, -7, -7, -7, -6, -7, -7, -6, -6, -6, -6, -6, -7, -6, -6, -7, -7, -6, -6, -7, -6, -6, -6, -6, -6, -6, -6, -7, -7, -6, -7, -6, -6, -7, -5, -7, -6, -5, -7, -6, -7, -6, -6, -7, -6, -7, -6, -6, -7, -6, -6, -7, -7, -7, -7, -7, -6, -5, -7, -7, -6, -7, -6, -6, -6, -7, -6, -6, -6, -7, -6, -9, -6, -6, -6, -6, -7, -7, -7, -7, -7, -7, -6, -6, -6, -7, -9, -6, -7, -6, -6, -7, -6, -6]
Q6: [127, 127, 127, 127, 127, 127, 127, 127, 127, 127, 127, 127, 127, 127, 127, 127, 127, 127, 127, 127, 127, 127, 127, 127, 127, 127, 127, 127, 127, 127, 127, 127, 127, 127, 127, 127, 127, 127, 127, 127, 127, 127, 127, 127, 127, 127, 127, 127, 127, 127, 127, 127, 127, 127, 127, 127, 127, 127, 127, 127, 127, 127, 127, 127, 127, 127, 127, 127, 127, 127, 127, 127, 127, 127, 127, 127, 127, 127, 127, 127, 127, 127, 127, 127, 127, 127, 127, 127, 127, 127, 127, 127, 127, 127, 127, 127, 127, 127, 127, 127, 127, 127, 127, 127, 127, 127, 127, 127, 127, 127, 127, 127, 127, 127, 127, 127, 127, 127, 127, 127, 127, 127, 127, 127, 127, 127, 127, 127, 127, 127, 127, 127, 127, 127, 127, 127, 127, 127, 127, 127, 127, 127, 127, 127, 127, 127, 127, 127, 127, 127, 127, 127, 127, 127, 127, 127, 127, 127, 127, 127, 127, 127, 127, 127, 127, 127, 127, 127, 127, 127, 127, 127, 127, 127, 127, 127, 127, 127, 127, 127, 127, 127, 127, 127, 127, 127, 127, 127, 127, 127, 127, 127]

OFFSETS:
  MUL   = 12320
  SHIFT = 12320
  Q6    = 12320

================================================================================
OP_INDEX: 49
TIPO: DEPTHWISE_CONV_2D
NFEAT: 192

INPUT_SCALE: 0.0235294122248888
WEIGHT_SCALES: [0.005199425853788853, 0.004094801377505064, 0.0031173292081803083, 0.002877193968743086, 0.0039737895131111145, 0.004486665595322847, 0.0031764493323862553, 0.00524015910923481, 0.0033360889647156, 0.00236852141097188, 0.0026464262045919895, 0.004313748795539141, 0.0047653974033892155, 0.003466783557087183, 0.003137310268357396, 0.004302437417209148, 0.004696880467236042, 0.003118928987532854, 0.0024234706070274115, 0.006241369992494583, 0.004783285316079855, 0.005849165376275778, 0.0019482673378661275, 0.004421267658472061, 0.004960940685123205, 0.004532292019575834, 0.006054578814655542, 0.004483618773519993, 0.004592082928866148, 0.003057473339140415, 0.003252016380429268, 0.004425322636961937, 0.004322175867855549, 0.0034217152278870344, 0.005889575462788343, 0.005815770477056503, 0.004395391792058945, 0.0037673504557460546, 0.00694294786080718, 0.0018381348345428705, 0.003627620404586196, 0.003154854057356715, 0.0031694460194557905, 0.004198022186756134, 0.004447634331882, 0.005443056579679251, 0.004073418211191893, 0.0068391356617212296, 0.020887186750769615, 0.003152037039399147, 0.0047218590043485165, 0.002995923859998584, 0.002855932107195258, 0.004602455534040928, 0.002007596893236041, 0.0038974808994680643, 0.005124254152178764, 0.004902109038084745, 0.0032744393683969975, 0.002023995155468583, 0.0033661879133433104, 0.004197033122181892, 0.003978946711868048, 0.005159445106983185, 0.003552369074895978, 0.002431881846860051, 0.0034653248731046915, 0.004812088329344988, 0.0032862802036106586, 0.002028144197538495, 0.004491426981985569, 0.0026381227653473616, 0.006279610097408295, 0.005257871933281422, 0.004698490258306265, 0.003977510612457991, 0.0037784932646900415, 0.0035991910845041275, 0.006730333901941776, 0.003972368780523539, 0.0037932416889816523, 0.0026666363701224327, 0.0046032024547457695, 0.006093007046729326, 0.0051015825010836124, 0.0031063666101545095, 0.004315569531172514, 0.004536787047982216, 0.004594872239977121, 0.0052713751792907715, 0.006169380620121956, 0.004460309166461229, 0.006116876844316721, 0.004212013445794582, 0.0031324552837759256, 0.0025809069629758596, 0.003406995441764593, 0.005278893746435642, 0.004448923747986555, 0.003529927460476756, 0.004623455926775932, 0.003684164257720113, 0.0029481363017112017, 0.004466572310775518, 0.004284303169697523, 0.005685972981154919, 0.0055406056344509125, 0.003794117597863078, 0.002042714273557067, 0.003687771502882242, 0.0065309046767652035, 0.005181019194424152, 0.004420336335897446, 0.004107865039259195, 0.005711809266358614, 0.003261932637542486, 0.0037095684092491865, 0.004096389282494783, 0.0042837089858949184, 0.005640992894768715, 0.004961108788847923, 0.004075832199305296, 0.006595426704734564, 0.004641756881028414, 0.0020738004241138697, 0.0033456336241215467, 0.0022209419403225183, 0.0034954522270709276, 0.004002237692475319, 0.004657422658056021, 0.0033093143720179796, 0.00365307810716331, 0.002464236691594124, 0.0027560500893741846, 0.005977688357234001, 0.0014471497852355242, 0.005468588322401047, 0.002823567483574152, 0.0029899408109486103, 0.004073259420692921, 0.003090940648689866, 0.0029976549558341503, 0.0034621618688106537, 0.004382738843560219, 0.003271062159910798, 0.004936205223202705, 0.0030704904347658157, 0.00505684083327651, 0.004654455464333296, 0.003513839328661561, 0.003900242270901799, 0.005777372047305107, 0.002635579789057374, 0.0036596893332898617, 0.0032163807190954685, 0.00244720047339797, 0.005052999127656221, 0.004836986772716045, 0.002902127569541335, 0.0031462775077670813, 0.005702819209545851, 0.0020339416805654764, 0.0028166351839900017, 0.0021903603337705135, 0.0051728300750255585, 0.0037724399007856846, 0.0026085544377565384, 0.005437539424747229, 0.0017237912397831678, 0.008393999189138412, 0.00362119497731328, 0.0026582051068544388, 0.004818991757929325, 0.0030166860669851303, 0.0035981920082122087, 0.00423418078571558, 0.004568906035274267, 0.005126012954860926, 0.003264519851654768, 0.00511973025277257, 0.0025939950719475746, 0.005191676318645477, 0.004971669986844063, 0.004195571411401033, 0.0239038597792387, 0.005210337229073048, 0.004324917681515217, 0.002722271019592881, 0.0038124187849462032, 0.003859970485791564, 0.0027727424167096615, 0.005055122077465057]
OUTPUT_SCALES: [0.0235294122248888]
OUTPUT_ZERO_POINT: -128

REAL_MULTIPLIERS: [0.005199425853788853, 0.004094801377505064, 0.0031173292081803083, 0.002877193968743086, 0.0039737895131111145, 0.004486665595322847, 0.0031764493323862553, 0.00524015910923481, 0.0033360889647156, 0.00236852141097188, 0.0026464262045919895, 0.004313748795539141, 0.0047653974033892155, 0.003466783557087183, 0.003137310268357396, 0.004302437417209148, 0.004696880467236042, 0.003118928987532854, 0.0024234706070274115, 0.006241369992494583, 0.004783285316079855, 0.005849165376275778, 0.0019482673378661275, 0.004421267658472061, 0.004960940685123205, 0.004532292019575834, 0.006054578814655542, 0.004483618773519993, 0.004592082928866148, 0.003057473339140415, 0.003252016380429268, 0.004425322636961937, 0.004322175867855549, 0.0034217152278870344, 0.005889575462788343, 0.005815770477056503, 0.004395391792058945, 0.0037673504557460546, 0.00694294786080718, 0.0018381348345428705, 0.003627620404586196, 0.003154854057356715, 0.0031694460194557905, 0.004198022186756134, 0.004447634331882, 0.005443056579679251, 0.004073418211191893, 0.0068391356617212296, 0.020887186750769615, 0.003152037039399147, 0.0047218590043485165, 0.002995923859998584, 0.002855932107195258, 0.004602455534040928, 0.002007596893236041, 0.0038974808994680643, 0.005124254152178764, 0.004902109038084745, 0.0032744393683969975, 0.002023995155468583, 0.0033661879133433104, 0.004197033122181892, 0.003978946711868048, 0.005159445106983185, 0.003552369074895978, 0.002431881846860051, 0.0034653248731046915, 0.004812088329344988, 0.0032862802036106586, 0.002028144197538495, 0.004491426981985569, 0.0026381227653473616, 0.006279610097408295, 0.005257871933281422, 0.004698490258306265, 0.003977510612457991, 0.0037784932646900415, 0.0035991910845041275, 0.006730333901941776, 0.003972368780523539, 0.0037932416889816523, 0.0026666363701224327, 0.0046032024547457695, 0.006093007046729326, 0.0051015825010836124, 0.0031063666101545095, 0.004315569531172514, 0.004536787047982216, 0.004594872239977121, 0.0052713751792907715, 0.006169380620121956, 0.004460309166461229, 0.006116876844316721, 0.004212013445794582, 0.0031324552837759256, 0.0025809069629758596, 0.003406995441764593, 0.005278893746435642, 0.004448923747986555, 0.003529927460476756, 0.004623455926775932, 0.003684164257720113, 0.0029481363017112017, 0.004466572310775518, 0.004284303169697523, 0.005685972981154919, 0.0055406056344509125, 0.003794117597863078, 0.002042714273557067, 0.003687771502882242, 0.0065309046767652035, 0.005181019194424152, 0.004420336335897446, 0.004107865039259195, 0.005711809266358614, 0.003261932637542486, 0.0037095684092491865, 0.004096389282494783, 0.0042837089858949184, 0.005640992894768715, 0.004961108788847923, 0.004075832199305296, 0.006595426704734564, 0.004641756881028414, 0.0020738004241138697, 0.0033456336241215467, 0.0022209419403225183, 0.0034954522270709276, 0.004002237692475319, 0.004657422658056021, 0.0033093143720179796, 0.00365307810716331, 0.002464236691594124, 0.0027560500893741846, 0.005977688357234001, 0.0014471497852355242, 0.005468588322401047, 0.002823567483574152, 0.0029899408109486103, 0.004073259420692921, 0.003090940648689866, 0.0029976549558341503, 0.0034621618688106537, 0.004382738843560219, 0.003271062159910798, 0.004936205223202705, 0.0030704904347658157, 0.00505684083327651, 0.004654455464333296, 0.003513839328661561, 0.003900242270901799, 0.005777372047305107, 0.002635579789057374, 0.0036596893332898617, 0.0032163807190954685, 0.00244720047339797, 0.005052999127656221, 0.004836986772716045, 0.002902127569541335, 0.0031462775077670813, 0.005702819209545851, 0.0020339416805654764, 0.0028166351839900017, 0.0021903603337705135, 0.0051728300750255585, 0.0037724399007856846, 0.0026085544377565384, 0.005437539424747229, 0.0017237912397831678, 0.008393999189138412, 0.00362119497731328, 0.0026582051068544388, 0.004818991757929325, 0.0030166860669851303, 0.0035981920082122087, 0.00423418078571558, 0.004568906035274267, 0.005126012954860926, 0.003264519851654768, 0.00511973025277257, 0.0025939950719475746, 0.005191676318645477, 0.004971669986844063, 0.004195571411401033, 0.0239038597792387, 0.005210337229073048, 0.004324917681515217, 0.002722271019592881, 0.0038124187849462032, 0.003859970485791564, 0.0027727424167096615, 0.005055122077465057]

MULTIPLIERS: [1429207296, 1125570432, 1713769856, 1581754112, 1092306944, 1233285248, 1746271488, 1440403968, 1834034304, 1302108416, 1454888192, 1185754240, 1309902464, 1905884416, 1724754560, 1182644992, 1291068672, 1714649344, 1332317056, 1715614720, 1314819456, 1607806336, 2142142592, 1215308800, 1363652992, 1245826944, 1664269952, 1232447744, 1262262144, 1680863744, 1787814912, 1216423424, 1188070656, 1881107840, 1618914176, 1598626816, 1208196096, 2071122816, 1908462976, 2021050624, 1994305408, 1734399360, 1742421376, 1153943552, 1222556416, 1496176000, 1119692672, 1879927296, 1435356544, 1732850688, 1297934720, 1647026560, 1570065280, 1265113344, 1103688064, 2142662784, 1408544256, 1347481472, 1800142080, 1112703104, 1850581376, 1153671680, 1093724544, 1418217472, 1952935552, 1336941184, 1905082496, 1322736768, 1806651648, 1114984064, 1234594048, 1450323328, 1726126080, 1445272832, 1291511168, 1093329792, 2077248640, 1978676224, 1850020096, 1091916416, 2085356672, 1465998848, 1265318656, 1674833024, 1402312320, 1707743104, 1186254720, 1247062528, 1263028864, 1448984576, 1695826432, 1226040448, 1681394304, 1157789440, 1722085504, 1418868608, 1873015552, 1451051264, 1222910848, 1940598144, 1270885888, 2025390720, 1620755072, 1227762048, 1177660288, 1562948352, 1522990080, 2085838208, 1122994048, 2027373824, 1795201408, 1424147712, 1215052800, 1129161344, 1570050176, 1793266432, 2039356800, 1126006912, 1177496960, 1550584320, 1363699200, 1120356224, 1812937088, 1275916416, 1140083840, 1839281536, 1220975744, 1921645184, 1100126720, 1280222592, 1819314816, 2008300928, 1354728448, 1515154560, 1643134464, 1591158016, 1503194112, 1552272640, 1643737344, 1119649024, 1699262592, 1647978240, 1903343616, 1204718080, 1798285440, 1356853760, 1688019968, 1390013824, 1279406976, 1931753600, 2144180864, 1588071936, 1448925312, 2011935488, 1768224000, 1345362688, 1388957824, 1329580800, 1595461504, 1729684352, 1567579008, 1118171264, 1548461568, 1204163328, 1421896704, 2073920768, 1434067968, 1494659456, 1895328512, 1153662464, 1990772992, 1461363712, 1324634368, 1658440704, 1978126976, 1163882752, 1255891328, 1409027712, 1794688768, 1407300736, 1426063872, 1427077120, 1366602240, 1153269888, 1642660736, 1432206592, 1188824320, 1496584320, 2095899392, 2122041216, 1524331264, 1389541376]
SHIFTS: [-7, -7, -8, -8, -7, -7, -8, -7, -8, -8, -8, -7, -7, -8, -8, -7, -7, -8, -8, -7, -7, -7, -9, -7, -7, -7, -7, -7, -7, -8, -8, -7, -7, -8, -7, -7, -7, -8, -7, -9, -8, -8, -8, -7, -7, -7, -7, -7, -5, -8, -7, -8, -8, -7, -8, -8, -7, -7, -8, -8, -8, -7, -7, -7, -8, -8, -8, -7, -8, -8, -7, -8, -7, -7, -7, -7, -8, -8, -7, -7, -8, -8, -7, -7, -7, -8, -7, -7, -7, -7, -7, -7, -7, -7, -8, -8, -8, -7, -7, -8, -7, -8, -8, -7, -7, -7, -7, -8, -8, -8, -7, -7, -7, -7, -7, -8, -8, -7, -7, -7, -7, -7, -7, -7, -8, -8, -8, -8, -7, -7, -8, -8, -8, -8, -7, -9, -7, -8, -8, -7, -8, -8, -8, -7, -8, -7, -8, -7, -7, -8, -8, -7, -8, -8, -8, -8, -7, -7, -8, -8, -7, -8, -8, -8, -7, -8, -8, -7, -9, -6, -8, -8, -7, -8, -8, -7, -7, -7, -8, -7, -8, -7, -7, -7, -5, -7, -7, -8, -8, -8, -8, -7]
Q6: [127, 127, 127, 127, 127, 127, 127, 127, 127, 127, 127, 127, 127, 127, 127, 127, 127, 127, 127, 127, 127, 127, 127, 127, 127, 127, 127, 127, 127, 127, 127, 127, 127, 127, 127, 127, 127, 127, 127, 127, 127, 127, 127, 127, 127, 127, 127, 127, 127, 127, 127, 127, 127, 127, 127, 127, 127, 127, 127, 127, 127, 127, 127, 127, 127, 127, 127, 127, 127, 127, 127, 127, 127, 127, 127, 127, 127, 127, 127, 127, 127, 127, 127, 127, 127, 127, 127, 127, 127, 127, 127, 127, 127, 127, 127, 127, 127, 127, 127, 127, 127, 127, 127, 127, 127, 127, 127, 127, 127, 127, 127, 127, 127, 127, 127, 127, 127, 127, 127, 127, 127, 127, 127, 127, 127, 127, 127, 127, 127, 127, 127, 127, 127, 127, 127, 127, 127, 127, 127, 127, 127, 127, 127, 127, 127, 127, 127, 127, 127, 127, 127, 127, 127, 127, 127, 127, 127, 127, 127, 127, 127, 127, 127, 127, 127, 127, 127, 127, 127, 127, 127, 127, 127, 127, 127, 127, 127, 127, 127, 127, 127, 127, 127, 127, 127, 127, 127, 127, 127, 127, 127, 127]

OFFSETS:
  MUL   = 13088
  SHIFT = 13088
  Q6    = 13088

================================================================================
OP_INDEX: 50
TIPO: CONV_2D
NFEAT: 56

INPUT_SCALE: 0.0235294122248888
WEIGHT_SCALES: [0.009535127319395542, 0.008102224208414555, 0.011105886660516262, 0.007146470248699188, 0.008564264513552189, 0.009823639877140522, 0.009032649919390678, 0.006565830670297146, 0.00783620961010456, 0.007088548969477415, 0.008163649588823318, 0.007782917935401201, 0.008052722550928593, 0.01042854879051447, 0.010570448823273182, 0.00898186769336462, 0.008572349324822426, 0.008896443992853165, 0.012308904901146889, 0.008806664496660233, 0.011192708276212215, 0.012304648756980896, 0.007767065428197384, 0.009574806317687035, 0.008133888244628906, 0.009331770241260529, 0.010419811122119427, 0.010401037521660328, 0.008220264688134193, 0.010506385006010532, 0.008991116657853127, 0.009947367012500763, 0.009033427573740482, 0.00910587515681982, 0.012289431877434254, 0.010269628837704659, 0.011106053367257118, 0.006622843910008669, 0.008329854346811771, 0.01236793678253889, 0.013255251571536064, 0.008165120147168636, 0.011317049153149128, 0.011278774589300156, 0.012923268601298332, 0.00786233227699995, 0.0075880479998886585, 0.009934186935424805, 0.006747181061655283, 0.008776955306529999, 0.007840791717171669, 0.009253903292119503, 0.0078016784973442554, 0.01014153566211462, 0.00876415055245161, 0.006688473280519247]
OUTPUT_SCALES: [0.15203498303890228]
OUTPUT_ZERO_POINT: 16

REAL_MULTIPLIERS: [0.001475686298182104, 0.0012539257053061192, 0.0017187819548828197, 0.001106010216027192, 0.0013254325163491738, 0.0015203374091800354, 0.0013979213151361983, 0.0010161486083811973, 0.0012127564492811918, 0.001097046136654399, 0.0012634320904013087, 0.0012045088620668127, 0.0012462646730783955, 0.0016139550154492662, 0.0016359159108877237, 0.0013900620980929809, 0.0013266837471733925, 0.0013768416574882342, 0.0019049648420846129, 0.0013629471002419864, 0.00173221874123888, 0.0019043061478251175, 0.001202055478185412, 0.0014818271447741825, 0.0012588261311548244, 0.0014442141170784737, 0.0016126027464027487, 0.0016096972849404057, 0.0012721940212622983, 0.0016260011930054115, 0.0013914934969312847, 0.0015394858098514179, 0.001398041667369607, 0.001409253883222155, 0.0019019511356794076, 0.0015893600636448838, 0.0017188077549424366, 0.0010249721567030042, 0.0012891544615706305, 0.0019141008017428433, 0.0020514244296753205, 0.0012636596786367012, 0.001751462126487288, 0.0017455386345874015, 0.0020000457008970377, 0.0012167992753828517, 0.001174350177853069, 0.0015374460196631511, 0.001044214965413767, 0.001358349212522533, 0.001213465590584631, 0.0014321631830867567, 0.0012074123056473977, 0.0015695359608534764, 0.0013563675085020077, 0.001035129164530658]

MULTIPLIERS: [1622534244, 1378705893, 1889820745, 1216071093, 1457328464, 1671628660, 1537030741, 1117267210, 1333439818, 1206214983, 1389158274, 1324371500, 1370282499, 1774562306, 1798708566, 1528389440, 1458704206, 1513853412, 2094530994, 1498576185, 1904594648, 2093806752, 1321673975, 1629286176, 1384093969, 1587930215, 1773075471, 1769880882, 1398792119, 1787807218, 1529963280, 1692682549, 1537163069, 1549491031, 2091217389, 1747519871, 1889849112, 1126968804, 1417440320, 2104576088, 1127782507, 1389408510, 1925752974, 1919240025, 1099536752, 1337884952, 1291211676, 1690439776, 1148126496, 1493520754, 1334219527, 1574680073, 1327563870, 1725723039, 1491341847, 1138136553]
SHIFTS: [-9, -9, -9, -9, -9, -9, -9, -9, -9, -9, -9, -9, -9, -9, -9, -9, -9, -9, -9, -9, -9, -9, -9, -9, -9, -9, -9, -9, -9, -9, -9, -9, -9, -9, -9, -9, -9, -9, -9, -9, -8, -9, -9, -9, -8, -9, -9, -9, -9, -9, -9, -9, -9, -9, -9, -9]
Q6: [55, 55, 55, 55, 55, 55, 55, 55, 55, 55, 55, 55, 55, 55, 55, 55, 55, 55, 55, 55, 55, 55, 55, 55, 55, 55, 55, 55, 55, 55, 55, 55, 55, 55, 55, 55, 55, 55, 55, 55, 55, 55, 55, 55, 55, 55, 55, 55, 55, 55, 55, 55, 55, 55, 55, 55]

OFFSETS:
  MUL   = 13856
  SHIFT = 13856
  Q6    = 13856

================================================================================
OP_INDEX: 51
TIPO: CONV_2D
NFEAT: 336

INPUT_SCALE: 0.15203498303890228
WEIGHT_SCALES: [0.0004477972397580743, 0.0013176706852391362, 0.0007930932333692908, 0.0006823723088018596, 0.0007557503413408995, 0.0007996151107363403, 0.0006644698441959918, 0.0006358927930705249, 0.0006095648277550936, 0.0006393988733179867, 0.0005035637877881527, 0.0004496687324717641, 0.0008333961595781147, 0.0003735278733074665, 0.0006987964152358472, 0.0005984317976981401, 0.0008685777429491282, 0.0012564064236357808, 0.0008254952263087034, 0.0011359911877661943, 0.0007856311276555061, 0.0008954675286076963, 0.0004169348394498229, 0.00012069130752934143, 0.00033168739173561335, 0.0007765778573229909, 0.0009152036509476602, 0.0005931219784542918, 0.0002503681753296405, 0.0005073303473182023, 0.0003022666787728667, 0.0003532051632646471, 0.0007579541997984052, 0.0005370691069401801, 0.0007447822717949748, 0.000297715567285195, 0.0013426868245005608, 0.000548197072930634, 0.0005303172511048615, 0.0010185096180066466, 0.0006431370857171714, 0.0006305098067969084, 0.0005074661457911134, 0.0010077095357701182, 0.0003843994054477662, 0.0008758713956922293, 0.0007408226956613362, 0.0004410175606608391, 0.0011487272568047047, 0.0004128839646000415, 0.0006779686082154512, 0.0006963115883991122, 0.00034850797965191305, 0.0010530869476497173, 0.0005711960839107633, 0.0005878482479602098, 0.0005177321727387607, 0.0003310267929919064, 0.0005380907678045332, 0.0009974141139537096, 0.0004993805778212845, 0.000814627215731889, 0.0005369552527554333, 0.00041185211739502847, 0.0003786097513511777, 0.0006960943574085832, 0.00048745927051641047, 0.0003363388532306999, 0.0009651098516769707, 0.0005584756727330387, 0.0004293345264159143, 0.0006286308052949607, 0.0007335273548960686, 0.0004938933998346329, 0.000919604382943362, 0.0006209020502865314, 0.0011373115703463554, 0.00048342320951633155, 0.0003652712912298739, 0.00047873175935819745, 0.0005321372300386429, 0.0009235267643816769, 0.0009739504312165082, 0.0006873253732919693, 0.00040525372605770826, 0.0007684573065489531, 0.0006185313686728477, 0.0007579761440865695, 0.0005285455263219774, 0.0003860703727696091, 0.0010640363907441497, 0.0010858745081350207, 0.00033672014251351357, 0.0004528188146650791, 0.0016096315812319517, 0.0009175136801786721, 0.0005957105313427746, 0.0009338516974821687, 0.00023129394685383886, 0.0010674857767298818, 0.001207128050737083, 0.0004616201331373304, 0.00037949453690089285, 0.0006655778852291405, 0.0010053402511402965, 0.0010824629571288824, 0.0004732880333904177, 0.0007692105718888342, 0.00106266257353127, 0.0008987286128103733, 0.001066048163920641, 0.0006240897928364575, 0.0005116529646329582, 0.0008091746713034809, 0.0007606968865729868, 0.0004577537183649838, 0.0002515248488634825, 0.0007538289646618068, 0.0011597245465964079, 0.0010515231406316161, 0.0007466849056072533, 0.0004447788232937455, 0.0006569843972101808, 0.0010599953820928931, 0.0005672706174664199, 0.00046071401447989047, 0.0010184195125475526, 0.00032318028388544917, 0.0014035525964573026, 0.0005950680933892727, 0.000938056327868253, 0.0006734678172506392, 0.0008870880701579154, 0.0004302184679545462, 0.0008919541724026203, 0.0010314997052773833, 0.0004671334754675627, 0.0005887334118597209, 0.00048823453835211694, 0.00040994331357069314, 0.000468050769995898, 0.0005267119267955422, 0.0009220829815603793, 0.000502276758197695, 0.0019017031881958246, 0.000891558884177357, 0.0006583583308383822, 0.0010700034908950329, 0.00040516903391107917, 0.0013193723279982805, 0.0006511894753202796, 0.0005584223545156419, 0.0008224863559007645, 0.0006708938162773848, 0.00047758413711562753, 0.00033772073220461607, 0.0009251961018890142, 0.0008464209386147559, 0.0007182470289990306, 0.0006164813530631363, 0.0006592528661713004, 0.0008045091526582837, 0.0003804365114774555, 0.0006675295298919082, 0.0004489321436267346, 0.0009720814414322376, 0.0005175823462195694, 0.00031672962359152734, 0.00033936623367480934, 0.0009832339128479362, 0.0011622600723057985, 0.0005993457743898034, 0.00021890070638619363, 0.0004337318241596222, 0.0004213277134113014, 0.0003183895896654576, 0.0007157073123380542, 0.0010046858806163073, 0.0005836305790580809, 0.0011211095843464136, 0.000978299998678267, 0.0004456300812307745, 0.0009574805735610425, 0.0011783592635765672, 0.001111093908548355, 0.001002567121759057, 0.000976772396825254, 0.0005062994896434247, 0.0006978154415264726, 0.00040599185740575194, 0.0003635007597040385, 0.0013105435064062476, 0.0006824907613918185, 0.000656705058645457, 0.001482532825320959, 0.0008924426510930061, 0.0006454410613514483, 0.0007699212874285877, 0.0007508259732276201, 0.0009898670250549912, 0.0005699185421690345, 0.001066436991095543, 0.0008115286473184824, 0.000494192645419389, 0.000997096300125122, 0.0008197998395189643, 0.000503484916407615, 0.001454656943678856, 0.0006655695615336299, 0.000654921808745712, 0.0011144725140184164, 0.0007618197705596685, 0.000575103098526597, 0.0004265632014721632, 0.0016579724615439773, 0.00037714504287578166, 0.00021424595615826547, 0.0007189910975284874, 0.0006863930029794574, 0.00060401571681723, 0.0009454453829675913, 0.0006099482998251915, 0.000817261403426528, 0.0007977726054377854, 0.0006734142079949379, 0.0007091620936989784, 0.0005109503399580717, 0.0008832955500110984, 0.0007266786997206509, 0.000577806553337723, 0.00025699540856294334, 0.0011012296890839934, 0.00020083700655959547, 0.0014971006894484162, 0.0005024319980293512, 0.0007606721483170986, 0.0005785280372947454, 0.000618344871327281, 0.0008965934976004064, 0.00070533761754632, 0.001794581301510334, 0.0005993652157485485, 0.0005409414297901094, 0.0006134664872661233, 0.000591671618167311, 0.0006396002718247473, 0.0010841666953638196, 0.0003343055141158402, 0.0005575459799729288, 0.0011643758043646812, 0.0007589521119371057, 0.001001533237285912, 0.0006004392635077238, 0.00015744537813588977, 0.0010737664997577667, 0.0006126523949205875, 0.00039216314326040447, 0.0009075017878785729, 0.0009078299626708031, 0.0006465851911343634, 0.0006799468537792563, 0.0009295684867538512, 0.0009764248970896006, 0.0009677773341536522, 0.0004785784112755209, 0.0005869847955182195, 0.0008138725534081459, 0.0008759190677665174, 0.0009046048508025706, 0.0004764413752127439, 0.0003265194536652416, 0.0006966665969230235, 0.00036975645343773067, 0.001153569552116096, 0.00044990837341174483, 0.0005205912166275084, 0.0012327342992648482, 0.0008751918794587255, 0.0003924231568817049, 0.0007641399279236794, 0.000268093979684636, 0.0009709542500786483, 0.0005604737089015543, 0.0008882189285941422, 0.0008078942191787064, 0.000488320249132812, 0.0005518305697478354, 0.0002851421304512769, 0.0007088008569553494, 0.0009486513445153832, 0.0006718203076161444, 0.0005457235965877771, 0.0005972218932583928, 0.0004534577310550958, 0.0007267938926815987, 0.0005000804667361081, 0.0006472792010754347, 0.0005878856172785163, 0.0010055270977318287, 0.00047509337309747934, 0.0008196380804292858, 0.000525212730281055, 0.0009286785498261452, 0.0006319880485534668, 0.0006347033777274191, 0.0005589043139480054, 0.0006925209891051054, 0.000658592558465898, 0.00039208366069942713, 0.001004277728497982, 0.0005247832159511745, 0.0010161611717194319, 0.0003007400955539197, 0.00033169888774864376, 0.0005059397662989795, 0.0011856509372591972, 0.0006318404339253902, 0.000490441219881177, 0.0005254569696262479, 0.0011989326449111104, 0.0004242942959535867, 0.0006394904921762645, 0.0005084219155833125, 0.0005093383952043951, 0.0009743307018652558, 0.0005571714136749506, 0.0004671872593462467, 0.0005097179091535509, 0.0012440625578165054, 0.0012571885017678142, 0.0006587306852452457, 0.0005122193833813071, 0.001154285273514688, 0.0017263232730329037, 0.0011968750040978193, 0.0003757899394258857]
OUTPUT_SCALES: [0.0235294122248888]
OUTPUT_ZERO_POINT: -128

REAL_MULTIPLIERS: [0.0028934358878489933, 0.00851411154543354, 0.00512456134182664, 0.004409139565550606, 0.004883270743408945, 0.005166702365384905, 0.004293463029447905, 0.004108812795024859, 0.003938694998544317, 0.004131467285747413, 0.003253770693617018, 0.002905528513039277, 0.0053849781615929754, 0.0024135453678178864, 0.004515263710057672, 0.003866759073426303, 0.005612303492968482, 0.008118253336790972, 0.00533392638672816, 0.007340191897428157, 0.005076345045355379, 0.005786051484097464, 0.002694018900184441, 0.0007798452727075328, 0.0021431936545954254, 0.005017847459937813, 0.005913576175174794, 0.003832449747253497, 0.0016177506231736182, 0.0032781082677473387, 0.0019530921104713357, 0.0022822304481278696, 0.004897510945416737, 0.0034702648661150124, 0.004812400708431179, 0.0019236851643384264, 0.008675752995375346, 0.003542168069834932, 0.0034266378397535997, 0.006581086302479074, 0.004155621695270006, 0.004074030701065783, 0.003278985727767522, 0.006511301715258808, 0.0024837916276377126, 0.0056594313328180495, 0.004786815960093002, 0.002849629081852069, 0.00742248583752939, 0.0026678442264104923, 0.004380685112988684, 0.004499208034617636, 0.0022518796589085263, 0.006804507256456586, 0.003690775872310202, 0.0037983736080556218, 0.003345319523866836, 0.002138925204630119, 0.003476866314153699, 0.006444777984607333, 0.003226740938250319, 0.005263702881443791, 0.003469529198819908, 0.002661176959467591, 0.002446381854968387, 0.004497804399471762, 0.003149711570216174, 0.0021732490109618524, 0.006236044425078246, 0.003608583105267448, 0.0027741393120145038, 0.004061889557940393, 0.004739677213110736, 0.003191285610928135, 0.005942011446227488, 0.004011950310610812, 0.007348723531846433, 0.0031236326159343538, 0.0023601955729259305, 0.0030933188733553827, 0.003438397609342571, 0.005967355861538276, 0.006293167711775817, 0.004441143725643813, 0.0026185415419116703, 0.004965376629498136, 0.003996632183006001, 0.004897652738141816, 0.0034151898637165925, 0.0024945885606850343, 0.0068752569368666465, 0.007016363640909625, 0.002175712706573601, 0.002925882727086545, 0.010400612978025114, 0.0059285023982185115, 0.003849175647192446, 0.006034070278957961, 0.0014945027504651295, 0.006897545098373744, 0.007799841788035269, 0.0029827523289218724, 0.002452098884988445, 0.00430062262179433, 0.006495992614246575, 0.006994319949618181, 0.0030581443106731765, 0.0049702438434377815, 0.006866380035282263, 0.005807122936146656, 0.006888255982394968, 0.004032547866549661, 0.003306038801831714, 0.0052284713383959356, 0.004915232779403455, 0.002957769541476239, 0.0016252244537741632, 0.004870855793642023, 0.0074935446787352455, 0.0067944027382816, 0.0048246945514143465, 0.002873932430152198, 0.004245095913658987, 0.006849146013402779, 0.003665411523274138, 0.002976897455310988, 0.006580504087257795, 0.0020882250907678208, 0.009069036368485049, 0.0038450245429306534, 0.006061238442077522, 0.004351603312242593, 0.00573190772516667, 0.0027798508884682126, 0.0057633499798719, 0.0066650215779974, 0.003018376716800881, 0.003804093082777836, 0.003154720952988922, 0.002648843249033871, 0.0030243038031523887, 0.003403342084849986, 0.005958026878108947, 0.0032454545690965416, 0.012287829768078492, 0.005760795830280359, 0.004253973567459418, 0.006913813274847386, 0.002617994304736631, 0.008525106687409552, 0.004207652103213482, 0.0036082385903173884, 0.005314484610747315, 0.004334971439309664, 0.0030859035275525824, 0.0021821780035075704, 0.005978142263560923, 0.005469137597493654, 0.0046409435912768806, 0.0039833860345058585, 0.00425975359557351, 0.005198325151941693, 0.002458185441142164, 0.0043132331477337745, 0.0029007690540485314, 0.006281091259230568, 0.0033443514218128487, 0.0020465442353770204, 0.0021928103892943558, 0.006353152804428627, 0.007509927944264257, 0.003872664721620438, 0.0014144239925987338, 0.0028025523926937766, 0.0027224033966538838, 0.00205727008400779, 0.004624533245970136, 0.006491764407839846, 0.003771121196738666, 0.007244034615559263, 0.006321272383875342, 0.0028794328219503853, 0.006186747946361822, 0.007613952653780897, 0.0071793184600715265, 0.0064780740757632614, 0.0063114018048913345, 0.003271447394640847, 0.0045089251615278185, 0.0026233109677650536, 0.002348755307103417, 0.008468059374532847, 0.004409904945379612, 0.004243290971251418, 0.009579366063121158, 0.005766506278409996, 0.004170508803079218, 0.004974836122411823, 0.0048514520045716105, 0.006396012570420912, 0.0036825210533976507, 0.006890768383995835, 0.005243681522997835, 0.0031932191822799405, 0.0064427244347958455, 0.005297125721003835, 0.003253261067244387, 0.009399246425956204, 0.004300568838346886, 0.004231768525825643, 0.0072011492742213405, 0.004922488279296021, 0.0037160209951026322, 0.0027562324328799367, 0.010712966930944954, 0.0024369176607044003, 0.0013843473861289465, 0.004645751380148721, 0.004435119227314068, 0.0039028394922845104, 0.0061089827229785605, 0.00394117279820697, 0.00528072365007362, 0.005154797041990614, 0.004351256916752414, 0.004582241403094214, 0.0033014988018730206, 0.0057074024068576095, 0.0046954247191052755, 0.0037334893322811197, 0.0016605724022554715, 0.00711558093766245, 0.0012977056372693264, 0.00967349612274025, 0.0032464576491967683, 0.004915072933493221, 0.0037381511912396156, 0.003995427132896842, 0.005793326917715305, 0.004557529601479932, 0.01159566312703947, 0.003872790341700481, 0.00349528582852509, 0.003963905519398532, 0.003823078263617446, 0.004132768619510737, 0.00700532863148306, 0.0021601106174106086, 0.0036025759079068103, 0.007523598718723588, 0.0049039589413815985, 0.006471393645039518, 0.003879730286960842, 0.0010173312093671172, 0.0069381279063882376, 0.003958645272573722, 0.0025339569158897668, 0.00586381068975234, 0.0058659311867921135, 0.004177901582400574, 0.004393467520295134, 0.006006394370005889, 0.006309156439987565, 0.006253280327497851, 0.003092328016765939, 0.0037927944216263896, 0.005258826640911568, 0.005659739365289773, 0.005845092169501804, 0.0030785195867697934, 0.0021098010917313193, 0.0045015019174565124, 0.002389176388667555, 0.007453774264052769, 0.0029070769497744225, 0.003363793197793694, 0.007965296221125219, 0.005655040647744917, 0.0025356369904333408, 0.0049374799451359285, 0.0017322856714232298, 0.006273807927344221, 0.0036214933893020853, 0.005739214751858535, 0.005220197714082181, 0.0031552747720543822, 0.003565645861022201, 0.001842442070056479, 0.004579907276696761, 0.0061296980007289475, 0.004340957950728977, 0.003526185735459593, 0.0038589412920377346, 0.002930011076812881, 0.0046961690368849335, 0.0032312632611318807, 0.004182385918371704, 0.003798615069407082, 0.006497199921003879, 0.003069809489094091, 0.005296080516804911, 0.003393655046581731, 0.0060006440544256995, 0.004083582340445369, 0.004101127403660768, 0.0036113527647567874, 0.0044747151278733705, 0.0042554870261483245, 0.0025334433403828827, 0.006489127138374983, 0.00339087974547203, 0.006565911848139463, 0.0019432281133777499, 0.002143267935930182, 0.0032691230470520203, 0.007661067705957646, 0.004082628530496297, 0.0031689793962358815, 0.003395233195850779, 0.007746887282676623, 0.0027415719301552336, 0.004132059279777318, 0.003285161421522948, 0.003291083242362119, 0.006295624825497144, 0.003600155652771843, 0.0030187242406151324, 0.003293535466679133, 0.008038493612556005, 0.008123306724202538, 0.00425637953048947, 0.003309698709014056, 0.007458398888316882, 0.011154614787087406, 0.007733591864025325, 0.00242816167784976]

MULTIPLIERS: [1590683201, 1170170581, 1408628696, 1211975055, 1342303241, 1420212332, 1180178131, 1129421861, 1082660237, 1135649080, 1788779356, 1597331192, 1480211526, 1326860598, 1241146238, 2125773282, 1542698237, 1115764243, 1466178521, 2017656585, 1395375101, 1590457721, 1481052553, 1714897890, 1178233172, 1379295407, 1625511442, 2106911530, 1778735621, 1802159079, 2147447486, 1254669457, 1346217558, 1907798286, 1322822634, 2115114206, 1192386412, 1947327490, 1883814074, 1808995228, 1142288594, 1119861032, 1802641467, 1789812987, 1365478888, 1555652639, 1315789952, 1566600155, 2040277371, 1466662874, 1204153555, 1236732887, 1237983935, 1870408712, 2029025494, 2088177974, 1839108858, 1175886567, 1911427470, 1771527083, 1773919591, 1446875631, 1907393849, 1462997505, 1344912648, 1236347059, 1731572248, 1194756279, 1714150839, 1983839542, 1525099215, 1116523700, 1302832552, 1754427818, 1633327669, 1102796504, 2020001743, 1717235191, 1297531238, 1700570035, 1890279076, 1640294289, 1729852769, 1220772292, 1439558437, 1364872335, 1098585889, 1346256534, 1877520483, 1371414564, 1889856237, 1928643352, 1196110710, 1608521040, 1429449363, 1629614331, 2116106691, 1658632609, 1643223152, 1895982760, 2144004185, 1639785434, 1348055618, 1182146145, 1785604853, 1922584028, 1681232615, 1366210225, 1887416172, 1596249798, 1893429387, 1108458317, 1817514052, 1437191258, 1351088899, 1626051002, 1786953185, 1338890646, 2059809877, 1867631204, 1326201940, 1579961062, 1166883080, 1882678921, 2015081295, 1636566683, 1808835190, 1148013884, 1246438867, 2113824597, 1666100536, 1196159610, 1575574798, 1528239188, 1584217579, 1832067181, 1659370149, 2091322289, 1734326185, 1456216976, 1662628599, 1871007098, 1637729958, 1784207518, 1688826464, 1583515500, 1169323350, 1900454522, 1439257590, 1171681741, 1156590603, 1983650143, 1460834406, 1191587876, 1696493405, 1199665044, 1643259233, 1503345096, 1275692861, 1094944816, 1170912152, 1428904737, 1351401738, 1185612500, 1594714652, 1726533219, 1838576638, 1125099592, 1205510260, 1746341345, 2064313275, 2129019946, 1555175626, 1540719472, 1496657095, 1130996189, 1271182019, 1784442613, 2073195803, 1991225073, 1737578122, 1582984935, 1700600326, 2092907369, 1973436032, 1780679443, 1734864918, 1798497225, 1239403911, 1442180456, 1291241885, 1163841218, 1212185441, 1166386941, 1316578047, 1585085176, 1146380731, 1367472541, 1333556973, 1758122548, 2024487359, 1894119991, 1441372202, 1755490810, 1770962608, 1456062831, 1788499186, 1291822592, 1182131361, 1163219675, 1979436840, 1353083275, 2042904147, 1515254804, 1472378964, 1339709652, 1522106048, 1277014416, 1219116290, 2145608702, 1679224384, 1083341330, 1451554264, 1416939822, 1196064394, 1259556926, 1815018161, 1568838828, 1290668519, 2052507467, 1825818665, 1955915995, 1426842438, 1329515184, 1784758967, 1351044960, 2055070351, 1098254648, 1592457577, 1252764198, 1593695805, 2129089006, 1921553705, 1089590052, 2101759502, 1136006788, 1925610072, 1187533371, 1980537050, 2068071068, 1347989970, 1778843140, 2132904282, 1118567494, 1907138077, 1088144127, 1393057547, 1611832009, 1612414887, 1148412842, 1207667156, 1651025113, 1734247717, 1718888608, 1700025306, 2085110784, 1445535260, 1555737311, 1606686701, 1692434041, 1159875416, 1237363425, 1313463610, 2048877869, 1598182455, 1849264867, 1094741977, 1554445737, 1393981177, 1357204153, 1904668238, 1724531192, 1990937046, 1577583338, 1434917021, 1734630650, 1960234542, 2025786480, 1258915326, 1684918557, 1193233436, 1938541109, 2121475411, 1610790624, 1290873116, 1776405764, 1149645487, 2088310719, 1785936715, 1687645614, 1455775527, 1865681592, 1649444478, 1122486567, 1127309317, 1985362178, 1230000329, 1169739367, 1392775206, 1783717686, 1864155854, 1804824106, 2136601906, 1178274008, 1797219401, 2105858256, 1122224385, 1742164847, 1866549189, 2129448162, 1507195108, 1135811806, 1806036591, 1809292146, 1730528175, 1979206501, 1659561202, 1810640271, 1104802150, 1116458775, 1169984697, 1819526107, 2050149076, 1533078583, 2125793545, 1334895999]
SHIFTS: [-8, -6, -7, -7, -7, -7, -7, -7, -7, -7, -8, -8, -7, -8, -7, -8, -7, -6, -7, -7, -7, -7, -8, -10, -8, -7, -7, -8, -9, -8, -9, -8, -7, -8, -7, -9, -6, -8, -8, -7, -7, -7, -8, -7, -8, -7, -7, -8, -7, -8, -7, -7, -8, -7, -8, -8, -8, -8, -8, -7, -8, -7, -8, -8, -8, -7, -8, -8, -7, -8, -8, -7, -7, -8, -7, -7, -7, -8, -8, -8, -8, -7, -7, -7, -8, -7, -7, -7, -8, -8, -7, -7, -8, -8, -6, -7, -8, -7, -9, -7, -7, -8, -8, -7, -7, -7, -8, -7, -7, -7, -7, -7, -8, -7, -7, -8, -9, -7, -7, -7, -7, -8, -7, -7, -8, -8, -7, -8, -6, -8, -7, -7, -7, -8, -7, -7, -8, -8, -8, -8, -8, -8, -7, -8, -6, -7, -7, -7, -8, -6, -7, -8, -7, -7, -8, -8, -7, -7, -7, -7, -7, -7, -8, -7, -8, -7, -8, -8, -8, -7, -7, -8, -9, -8, -8, -8, -7, -7, -8, -7, -7, -8, -7, -7, -7, -7, -7, -8, -7, -8, -8, -6, -7, -7, -6, -7, -7, -7, -7, -7, -8, -7, -7, -8, -7, -7, -8, -6, -7, -7, -7, -7, -8, -8, -6, -8, -9, -7, -7, -8, -7, -7, -7, -7, -7, -7, -8, -7, -7, -8, -9, -7, -9, -6, -8, -7, -8, -7, -7, -7, -6, -8, -8, -7, -8, -7, -7, -8, -8, -7, -7, -7, -8, -9, -7, -7, -8, -7, -7, -7, -7, -7, -7, -7, -8, -8, -7, -7, -7, -8, -8, -7, -8, -7, -8, -8, -6, -7, -8, -7, -9, -7, -8, -7, -7, -8, -8, -9, -7, -7, -7, -8, -8, -8, -7, -8, -7, -8, -7, -8, -7, -8, -7, -7, -7, -8, -7, -7, -8, -7, -8, -7, -9, -8, -8, -7, -7, -8, -8, -7, -8, -7, -8, -8, -7, -8, -8, -8, -6, -6, -7, -8, -7, -6, -7, -8]
Q6: [127, 127, 127, 127, 127, 127, 127, 127, 127, 127, 127, 127, 127, 127, 127, 127, 127, 127, 127, 127, 127, 127, 127, 127, 127, 127, 127, 127, 127, 127, 127, 127, 127, 127, 127, 127, 127, 127, 127, 127, 127, 127, 127, 127, 127, 127, 127, 127, 127, 127, 127, 127, 127, 127, 127, 127, 127, 127, 127, 127, 127, 127, 127, 127, 127, 127, 127, 127, 127, 127, 127, 127, 127, 127, 127, 127, 127, 127, 127, 127, 127, 127, 127, 127, 127, 127, 127, 127, 127, 127, 127, 127, 127, 127, 127, 127, 127, 127, 127, 127, 127, 127, 127, 127, 127, 127, 127, 127, 127, 127, 127, 127, 127, 127, 127, 127, 127, 127, 127, 127, 127, 127, 127, 127, 127, 127, 127, 127, 127, 127, 127, 127, 127, 127, 127, 127, 127, 127, 127, 127, 127, 127, 127, 127, 127, 127, 127, 127, 127, 127, 127, 127, 127, 127, 127, 127, 127, 127, 127, 127, 127, 127, 127, 127, 127, 127, 127, 127, 127, 127, 127, 127, 127, 127, 127, 127, 127, 127, 127, 127, 127, 127, 127, 127, 127, 127, 127, 127, 127, 127, 127, 127, 127, 127, 127, 127, 127, 127, 127, 127, 127, 127, 127, 127, 127, 127, 127, 127, 127, 127, 127, 127, 127, 127, 127, 127, 127, 127, 127, 127, 127, 127, 127, 127, 127, 127, 127, 127, 127, 127, 127, 127, 127, 127, 127, 127, 127, 127, 127, 127, 127, 127, 127, 127, 127, 127, 127, 127, 127, 127, 127, 127, 127, 127, 127, 127, 127, 127, 127, 127, 127, 127, 127, 127, 127, 127, 127, 127, 127, 127, 127, 127, 127, 127, 127, 127, 127, 127, 127, 127, 127, 127, 127, 127, 127, 127, 127, 127, 127, 127, 127, 127, 127, 127, 127, 127, 127, 127, 127, 127, 127, 127, 127, 127, 127, 127, 127, 127, 127, 127, 127, 127, 127, 127, 127, 127, 127, 127, 127, 127, 127, 127, 127, 127, 127, 127, 127, 127, 127, 127, 127, 127, 127, 127, 127, 127]

OFFSETS:
  MUL   = 14080
  SHIFT = 14080
  Q6    = 14080

================================================================================
OP_INDEX: 52
TIPO: DEPTHWISE_CONV_2D
NFEAT: 336

INPUT_SCALE: 0.0235294122248888
WEIGHT_SCALES: [0.005682141054421663, 0.01091635599732399, 0.004844244569540024, 0.02214481681585312, 0.008129279129207134, 0.008495303802192211, 0.005179501138627529, 0.018083414062857628, 0.008030797354876995, 0.00626797042787075, 0.012701939791440964, 0.011077419854700565, 0.0022404035553336143, 0.012686653062701225, 0.00535297067835927, 0.0054769874550402164, 0.025405319407582283, 0.03334331512451172, 0.010151458904147148, 0.028877533972263336, 0.0033226918894797564, 0.01452163141220808, 0.007519364822655916, 0.014205146580934525, 0.019353007897734642, 0.021699966862797737, 0.010993235744535923, 0.006233231630176306, 0.016529692336916924, 0.011139113456010818, 0.014745869673788548, 0.013729077763855457, 0.00921395979821682, 0.016460588201880455, 0.008235707879066467, 0.016373759135603905, 0.01194902416318655, 0.01130856852978468, 0.009912816807627678, 0.006429683417081833, 0.009821422398090363, 0.01278363261371851, 0.02728584036231041, 0.024090532213449478, 0.019030442461371422, 0.01733257621526718, 0.008372030220925808, 0.007000718265771866, 0.003615860128775239, 0.011077893897891045, 0.008243812248110771, 0.0033408384770154953, 0.0100559676066041, 0.011224941350519657, 0.008435886353254318, 0.0052891504019498825, 0.008331038057804108, 0.016925157979130745, 0.010583938099443913, 0.015878913924098015, 0.014172397553920746, 0.016458317637443542, 0.019243156537413597, 0.010362460277974606, 0.02609640173614025, 0.003200584091246128, 0.010394121520221233, 0.011248734779655933, 0.0053332834504544735, 0.02037183754146099, 0.016201067715883255, 0.0038732578977942467, 0.004173030145466328, 0.012631826102733612, 0.006151930429041386, 0.007055549882352352, 0.01161800418049097, 0.004342641681432724, 0.00942735094577074, 0.004364175722002983, 0.029246991500258446, 0.010925878770649433, 0.013618813827633858, 0.00570948701351881, 0.01715030148625374, 0.0029442966915667057, 0.004093305207788944, 0.008645114488899708, 0.01390618272125721, 0.013225880451500416, 0.005582721438258886, 0.011207656003534794, 0.006432628724724054, 0.021146923303604126, 0.00580994738265872, 0.007760262116789818, 0.008045535534620285, 0.021313825622200966, 0.015077858231961727, 0.0032017361372709274, 0.008799741044640541, 0.016206087544560432, 0.008814641274511814, 0.00523123424500227, 0.010364498943090439, 0.005031037610024214, 0.011357573792338371, 0.018517546355724335, 0.025337044149637222, 0.006120501551777124, 0.021175572648644447, 0.007019590586423874, 0.006302050780504942, 0.002362130908295512, 0.023312333971261978, 0.017967619001865387, 0.023137113079428673, 0.00963712390512228, 0.005749813746660948, 0.005563861224800348, 0.012098565697669983, 0.0252043716609478, 0.009966371580958366, 0.009122606366872787, 0.005925602745264769, 0.017311517149209976, 0.01269338745623827, 0.021186435595154762, 0.048878785222768784, 0.012186715379357338, 0.011658301576972008, 0.0077439965680241585, 0.003140925895422697, 0.019962264224886894, 0.010941828601062298, 0.01683630980551243, 0.03185644373297691, 0.008399116806685925, 0.006253270898014307, 0.012617642059922218, 0.007363233715295792, 0.013230668380856514, 0.00487947091460228, 0.008621994405984879, 0.008758376352488995, 0.007311771623790264, 0.008759805001318455, 0.04243607819080353, 0.016150906682014465, 0.028702473267912865, 0.006924981717020273, 0.0035926157142966986, 0.008304987102746964, 0.004805981647223234, 0.011095153167843819, 0.02063605934381485, 0.027476519346237183, 0.012564132921397686, 0.012122650630772114, 0.005583947990089655, 0.00744849257171154, 0.006751223001629114, 0.023288395255804062, 0.006861228495836258, 0.009548373520374298, 0.005616189446300268, 0.014602971263229847, 0.010982840321958065, 0.009722378104925156, 0.007659586146473885, 0.012529751285910606, 0.015590655617415905, 0.014102891087532043, 0.008015328086912632, 0.017338452860713005, 0.012399463914334774, 0.00463072769343853, 0.001934918574988842, 0.015981489792466164, 0.01781988888978958, 0.0050948248244822025, 0.016453001648187637, 0.005104761105030775, 0.012444871477782726, 0.024249035865068436, 0.015360956080257893, 0.011543592438101768, 0.005195312667638063, 0.005243061110377312, 0.016464969143271446, 0.18673677742481232, 0.008086453191936016, 0.009527425281703472, 0.010617582127451897, 0.01123078353703022, 0.013501792214810848, 0.005518588237464428, 0.0051167067140340805, 0.011272492818534374, 0.014825032092630863, 0.012473370879888535, 0.007130968850106001, 0.006700778845697641, 0.005591144785284996, 0.005612560547888279, 0.008457805961370468, 0.010263901203870773, 0.004450603388249874, 0.011566928587853909, 0.011149086058139801, 0.004401806741952896, 0.007252144627273083, 0.013386120088398457, 0.016800951212644577, 0.007458127103745937, 0.014315769076347351, 0.01532102469354868, 0.0033074496313929558, 0.008423089049756527, 0.00780593091621995, 0.0033907380420714617, 0.007570189423859119, 0.01595301367342472, 0.010625914670526981, 0.0045844633132219315, 0.0033538700081408024, 0.00613214960321784, 0.006634831894189119, 0.006077607162296772, 0.006429287604987621, 0.011865578591823578, 0.006987990345805883, 0.013319752179086208, 0.010923832654953003, 0.013071724213659763, 0.01059719081968069, 0.009961829520761967, 0.00726457592099905, 0.0038822682108730078, 0.012012946419417858, 0.013022991828620434, 0.006399889476597309, 0.012659733183681965, 0.08700742572546005, 0.01214818935841322, 0.013573309406638145, 0.012323218397796154, 0.007103931158781052, 0.008026146329939365, 0.010485133156180382, 0.0030265487730503082, 0.004614018835127354, 0.010692061856389046, 0.0150922741740942, 0.0054728626273572445, 0.011834644712507725, 0.02290893718600273, 0.0014225104823708534, 0.006311057601124048, 0.1432725340127945, 0.003816021140664816, 0.011635025963187218, 0.004087523557245731, 0.0015068440698087215, 0.009467900730669498, 0.03273368626832962, 0.00797160342335701, 0.007019543554633856, 0.01361015159636736, 0.01076501328498125, 0.015987787395715714, 0.006094330921769142, 0.005556988995522261, 0.007062345277518034, 0.00805293396115303, 0.012315130792558193, 0.09227415174245834, 0.015285806730389595, 0.006940394174307585, 0.008093895390629768, 0.01183385867625475, 0.015031816437840462, 0.009454634040594101, 0.02036343887448311, 0.009729599580168724, 0.010564284399151802, 0.014909743331372738, 0.011686437763273716, 0.010193021036684513, 0.021603746339678764, 0.011066900566220284, 0.0114992531016469, 0.012495244853198528, 0.008027221076190472, 0.005937615409493446, 0.008628214709460735, 0.0056317392736673355, 0.0053685992024838924, 0.01902070827782154, 0.009218313731253147, 0.006890610326081514, 0.007754268124699593, 0.004269263707101345, 0.01322329230606556, 0.007399130146950483, 0.006506662350147963, 0.006414223928004503, 0.005072994623333216, 0.006912148091942072, 0.019230574369430542, 0.01565631665289402, 0.0056306300684809685, 0.015341365709900856, 0.00992284994572401, 0.010120009072124958, 0.02138534188270569, 0.007881700061261654, 0.006695314310491085, 0.0076761748641729355, 0.013349037617444992, 0.018617305904626846, 0.013786820694804192, 0.008742171339690685, 0.009546611458063126, 0.01706460677087307, 0.021561091765761375, 0.015335531905293465, 0.007962537929415703, 0.003659242996945977, 0.028857078403234482, 0.012230339460074902, 0.009619834832847118, 0.006159815471619368, 0.007734372280538082, 0.007189395371824503, 0.02253449708223343]
OUTPUT_SCALES: [0.0235294122248888]
OUTPUT_ZERO_POINT: -128

REAL_MULTIPLIERS: [0.005682141054421663, 0.01091635599732399, 0.004844244569540024, 0.02214481681585312, 0.008129279129207134, 0.008495303802192211, 0.005179501138627529, 0.018083414062857628, 0.008030797354876995, 0.00626797042787075, 0.012701939791440964, 0.011077419854700565, 0.0022404035553336143, 0.012686653062701225, 0.00535297067835927, 0.0054769874550402164, 0.025405319407582283, 0.03334331512451172, 0.010151458904147148, 0.028877533972263336, 0.0033226918894797564, 0.01452163141220808, 0.007519364822655916, 0.014205146580934525, 0.019353007897734642, 0.021699966862797737, 0.010993235744535923, 0.006233231630176306, 0.016529692336916924, 0.011139113456010818, 0.014745869673788548, 0.013729077763855457, 0.00921395979821682, 0.016460588201880455, 0.008235707879066467, 0.016373759135603905, 0.01194902416318655, 0.01130856852978468, 0.009912816807627678, 0.006429683417081833, 0.009821422398090363, 0.01278363261371851, 0.02728584036231041, 0.024090532213449478, 0.019030442461371422, 0.01733257621526718, 0.008372030220925808, 0.007000718265771866, 0.003615860128775239, 0.011077893897891045, 0.008243812248110771, 0.0033408384770154953, 0.0100559676066041, 0.011224941350519657, 0.008435886353254318, 0.0052891504019498825, 0.008331038057804108, 0.016925157979130745, 0.010583938099443913, 0.015878913924098015, 0.014172397553920746, 0.016458317637443542, 0.019243156537413597, 0.010362460277974606, 0.02609640173614025, 0.003200584091246128, 0.010394121520221233, 0.011248734779655933, 0.0053332834504544735, 0.02037183754146099, 0.016201067715883255, 0.0038732578977942467, 0.004173030145466328, 0.012631826102733612, 0.006151930429041386, 0.007055549882352352, 0.01161800418049097, 0.004342641681432724, 0.00942735094577074, 0.004364175722002983, 0.029246991500258446, 0.010925878770649433, 0.013618813827633858, 0.00570948701351881, 0.01715030148625374, 0.0029442966915667057, 0.004093305207788944, 0.008645114488899708, 0.01390618272125721, 0.013225880451500416, 0.005582721438258886, 0.011207656003534794, 0.006432628724724054, 0.021146923303604126, 0.00580994738265872, 0.007760262116789818, 0.008045535534620285, 0.021313825622200966, 0.015077858231961727, 0.0032017361372709274, 0.008799741044640541, 0.016206087544560432, 0.008814641274511814, 0.00523123424500227, 0.010364498943090439, 0.005031037610024214, 0.011357573792338371, 0.018517546355724335, 0.025337044149637222, 0.006120501551777124, 0.021175572648644447, 0.007019590586423874, 0.006302050780504942, 0.002362130908295512, 0.023312333971261978, 0.017967619001865387, 0.023137113079428673, 0.00963712390512228, 0.005749813746660948, 0.005563861224800348, 0.012098565697669983, 0.0252043716609478, 0.009966371580958366, 0.009122606366872787, 0.005925602745264769, 0.017311517149209976, 0.01269338745623827, 0.021186435595154762, 0.048878785222768784, 0.012186715379357338, 0.011658301576972008, 0.0077439965680241585, 0.003140925895422697, 0.019962264224886894, 0.010941828601062298, 0.01683630980551243, 0.03185644373297691, 0.008399116806685925, 0.006253270898014307, 0.012617642059922218, 0.007363233715295792, 0.013230668380856514, 0.00487947091460228, 0.008621994405984879, 0.008758376352488995, 0.007311771623790264, 0.008759805001318455, 0.04243607819080353, 0.016150906682014465, 0.028702473267912865, 0.006924981717020273, 0.0035926157142966986, 0.008304987102746964, 0.004805981647223234, 0.011095153167843819, 0.02063605934381485, 0.027476519346237183, 0.012564132921397686, 0.012122650630772114, 0.005583947990089655, 0.00744849257171154, 0.006751223001629114, 0.023288395255804062, 0.006861228495836258, 0.009548373520374298, 0.005616189446300268, 0.014602971263229847, 0.010982840321958065, 0.009722378104925156, 0.007659586146473885, 0.012529751285910606, 0.015590655617415905, 0.014102891087532043, 0.008015328086912632, 0.017338452860713005, 0.012399463914334774, 0.00463072769343853, 0.001934918574988842, 0.015981489792466164, 0.01781988888978958, 0.0050948248244822025, 0.016453001648187637, 0.005104761105030775, 0.012444871477782726, 0.024249035865068436, 0.015360956080257893, 0.011543592438101768, 0.005195312667638063, 0.005243061110377312, 0.016464969143271446, 0.18673677742481232, 0.008086453191936016, 0.009527425281703472, 0.010617582127451897, 0.01123078353703022, 0.013501792214810848, 0.005518588237464428, 0.0051167067140340805, 0.011272492818534374, 0.014825032092630863, 0.012473370879888535, 0.007130968850106001, 0.006700778845697641, 0.005591144785284996, 0.005612560547888279, 0.008457805961370468, 0.010263901203870773, 0.004450603388249874, 0.011566928587853909, 0.011149086058139801, 0.004401806741952896, 0.007252144627273083, 0.013386120088398457, 0.016800951212644577, 0.007458127103745937, 0.014315769076347351, 0.01532102469354868, 0.0033074496313929558, 0.008423089049756527, 0.00780593091621995, 0.0033907380420714617, 0.007570189423859119, 0.01595301367342472, 0.010625914670526981, 0.0045844633132219315, 0.0033538700081408024, 0.00613214960321784, 0.006634831894189119, 0.006077607162296772, 0.006429287604987621, 0.011865578591823578, 0.006987990345805883, 0.013319752179086208, 0.010923832654953003, 0.013071724213659763, 0.01059719081968069, 0.009961829520761967, 0.00726457592099905, 0.0038822682108730078, 0.012012946419417858, 0.013022991828620434, 0.006399889476597309, 0.012659733183681965, 0.08700742572546005, 0.01214818935841322, 0.013573309406638145, 0.012323218397796154, 0.007103931158781052, 0.008026146329939365, 0.010485133156180382, 0.0030265487730503082, 0.004614018835127354, 0.010692061856389046, 0.0150922741740942, 0.0054728626273572445, 0.011834644712507725, 0.02290893718600273, 0.0014225104823708534, 0.006311057601124048, 0.1432725340127945, 0.003816021140664816, 0.011635025963187218, 0.004087523557245731, 0.0015068440698087215, 0.009467900730669498, 0.03273368626832962, 0.00797160342335701, 0.007019543554633856, 0.01361015159636736, 0.01076501328498125, 0.015987787395715714, 0.006094330921769142, 0.005556988995522261, 0.007062345277518034, 0.00805293396115303, 0.012315130792558193, 0.09227415174245834, 0.015285806730389595, 0.006940394174307585, 0.008093895390629768, 0.01183385867625475, 0.015031816437840462, 0.009454634040594101, 0.02036343887448311, 0.009729599580168724, 0.010564284399151802, 0.014909743331372738, 0.011686437763273716, 0.010193021036684513, 0.021603746339678764, 0.011066900566220284, 0.0114992531016469, 0.012495244853198528, 0.008027221076190472, 0.005937615409493446, 0.008628214709460735, 0.0056317392736673355, 0.0053685992024838924, 0.01902070827782154, 0.009218313731253147, 0.006890610326081514, 0.007754268124699593, 0.004269263707101345, 0.01322329230606556, 0.007399130146950483, 0.006506662350147963, 0.006414223928004503, 0.005072994623333216, 0.006912148091942072, 0.019230574369430542, 0.01565631665289402, 0.0056306300684809685, 0.015341365709900856, 0.00992284994572401, 0.010120009072124958, 0.02138534188270569, 0.007881700061261654, 0.006695314310491085, 0.0076761748641729355, 0.013349037617444992, 0.018617305904626846, 0.013786820694804192, 0.008742171339690685, 0.009546611458063126, 0.01706460677087307, 0.021561091765761375, 0.015335531905293465, 0.007962537929415703, 0.003659242996945977, 0.028857078403234482, 0.012230339460074902, 0.009619834832847118, 0.006159815471619368, 0.007734372280538082, 0.007189395371824503, 0.02253449708223343]

MULTIPLIERS: [1561895040, 1500332544, 1331575808, 1521780224, 1117279616, 1167585664, 1423730432, 1242682752, 1103744384, 1722926592, 1745741312, 1522468992, 1231674880, 1743640320, 1471413376, 1505502848, 1745840256, 1145667584, 1395205888, 1984449024, 1826669184, 1995837824, 2066907264, 1952340480, 1329928576, 1491210368, 1510898816, 1713377664, 1135911808, 1530948096, 2026656896, 1886910080, 1266356992, 1131163008, 1131907072, 1125196160, 1642261376, 1554237824, 1362407168, 1767377920, 1349846016, 1756969088, 1875068672, 1655488768, 1307762048, 1191085568, 1150643072, 1924342784, 1987840128, 1522534144, 1133020928, 1836645376, 1382081664, 1542744192, 1159419392, 1453870592, 1145009152, 1163088000, 1454645376, 1091190656, 1947839488, 1131006976, 1322379648, 1424205696, 1793331072, 1759539712, 1428557184, 1546014336, 1466001792, 1399942016, 1113328896, 2129346048, 1147073792, 1736104960, 1691029760, 1939414784, 1596766336, 1193696256, 1295685248, 1199615488, 2009837952, 1501641344, 1871755520, 1569411840, 1178559744, 1618644224, 1125159168, 1188175488, 1911251200, 1817751168, 1534566784, 1540368512, 1768187520, 1453205504, 1597026176, 2133124608, 1105769984, 1464674944, 2072285056, 1760173056, 1209427200, 1113673856, 1211475072, 1437950720, 1424485888, 1382921088, 1560973056, 1272516096, 1741148416, 1682390656, 1455174272, 1929530368, 1732294528, 1298595200, 1602011392, 1234725376, 1589970304, 1324516224, 1580496768, 1529382528, 1662814208, 1732031232, 1369767680, 1253801472, 1628817280, 1189638400, 1744565888, 1455920768, 1679462272, 1674929408, 1602304768, 2128653568, 1726742272, 1371796352, 1503833472, 1156982400, 1094579072, 1154365824, 1718886016, 1734155520, 2023990272, 1818409216, 1341258752, 1184997888, 1203742080, 2009844480, 1203938432, 1458092544, 1109881856, 1972418944, 1903524480, 1975061376, 1141428736, 1321058176, 1524906240, 1418099200, 1888172032, 1726801280, 1666124416, 1534903936, 2047426048, 1855762048, 1600366336, 1886000128, 1312318464, 1543766400, 2007017088, 1509470080, 1336233472, 2105451008, 1722075904, 2142763392, 1938286592, 1101618304, 1191489408, 1704169344, 1272884736, 2127465472, 1098239616, 1224573440, 1400454784, 1130641664, 1403186048, 1710410112, 1666381056, 2111193728, 1586539264, 1428076672, 1441201664, 1131464064, 1604056704, 1111393664, 1309439360, 1459269376, 1543547136, 1855672192, 1516937984, 1406469632, 1549279616, 2037536896, 1714327040, 1960145792, 1841896064, 1536882176, 1542768896, 1162432000, 1410659840, 1223372544, 1589746560, 1532318720, 1209959424, 1993454336, 1839774336, 1154552576, 2050074368, 1967544320, 2105705600, 1818289664, 1157660544, 2145677952, 1864077952, 2080877824, 1096282752, 1460414592, 1260167680, 1843809536, 1685592448, 1823768704, 1670599936, 1767269120, 1630792704, 1920844160, 1830652800, 1501360128, 1796564096, 1456466816, 1369143424, 1996871424, 2134299520, 1651046784, 1789866368, 1759188224, 1739940480, 1494776192, 1669634432, 1865501440, 1693690240, 1952713728, 1103105152, 1441065728, 1663862784, 1268291840, 1469505792, 2074266368, 1504369024, 1626541184, 1574290176, 1564066816, 1734770304, 1230701696, 2097879808, 1599105792, 1123569920, 1656792576, 1301258368, 1124720896, 1095608832, 1929517440, 1870564992, 1479532160, 1098672384, 1675196928, 1527493504, 1941282688, 1106786816, 1692578688, 1585257856, 2100865280, 1907761024, 1112416512, 1626433152, 2065957120, 1299435008, 1399364864, 1337225984, 1451944192, 2049179520, 1606171776, 1400918144, 1484598144, 1521023232, 1580445312, 1717333376, 1103252864, 1632119296, 1185852800, 1548040704, 1475709312, 1307093120, 1266955392, 1894076544, 2131476992, 1173526272, 1817395456, 2033857408, 1788537728, 1763128448, 1394454144, 1899996800, 1321515008, 1075893888, 1547735808, 2108501248, 1363786112, 1390883456, 1469589504, 1083252608, 1840393984, 2110010880, 1834677760, 1279371520, 1894846208, 1201514880, 1312076288, 1172670848, 1481666944, 2107699456, 1094362880, 2011690112, 1983043328, 1680925056, 1322140032, 1693197184, 2126008064, 1976205952, 1548558848]
SHIFTS: [-7, -6, -7, -5, -6, -6, -7, -5, -6, -7, -6, -6, -8, -6, -7, -7, -5, -4, -6, -5, -8, -6, -7, -6, -5, -5, -6, -7, -5, -6, -6, -6, -6, -5, -6, -5, -6, -6, -6, -7, -6, -6, -5, -5, -5, -5, -6, -7, -8, -6, -6, -8, -6, -6, -6, -7, -6, -5, -6, -5, -6, -5, -5, -6, -5, -8, -6, -6, -7, -5, -5, -8, -7, -6, -7, -7, -6, -7, -6, -7, -5, -6, -6, -7, -5, -8, -7, -6, -6, -6, -7, -6, -7, -5, -7, -7, -6, -5, -6, -8, -6, -5, -6, -7, -6, -7, -6, -5, -5, -7, -5, -7, -7, -8, -5, -5, -5, -6, -7, -7, -6, -5, -6, -6, -7, -5, -6, -5, -4, -6, -6, -7, -8, -5, -6, -5, -4, -6, -7, -6, -7, -6, -7, -6, -6, -7, -6, -4, -5, -5, -7, -8, -6, -7, -6, -5, -5, -6, -6, -7, -7, -7, -5, -7, -6, -7, -6, -6, -6, -7, -6, -6, -6, -6, -5, -6, -7, -9, -5, -5, -7, -5, -7, -6, -5, -6, -6, -7, -7, -5, -2, -6, -6, -6, -6, -6, -7, -7, -6, -6, -6, -7, -7, -7, -7, -6, -6, -7, -6, -6, -7, -7, -6, -5, -7, -6, -6, -8, -6, -7, -8, -7, -5, -6, -7, -8, -7, -7, -7, -7, -6, -7, -6, -6, -6, -6, -6, -7, -8, -6, -6, -7, -6, -3, -6, -6, -6, -7, -6, -6, -8, -7, -6, -6, -7, -6, -5, -9, -7, -2, -8, -6, -7, -9, -6, -4, -6, -7, -6, -6, -5, -7, -7, -7, -6, -6, -3, -6, -7, -6, -6, -6, -6, -5, -6, -6, -6, -6, -6, -5, -6, -6, -6, -6, -7, -6, -7, -7, -5, -6, -7, -7, -7, -6, -7, -7, -7, -7, -7, -5, -5, -7, -6, -6, -6, -5, -6, -7, -7, -6, -5, -6, -6, -6, -5, -5, -6, -6, -8, -5, -6, -6, -7, -7, -7, -5]
Q6: [127, 127, 127, 127, 127, 127, 127, 127, 127, 127, 127, 127, 127, 127, 127, 127, 127, 127, 127, 127, 127, 127, 127, 127, 127, 127, 127, 127, 127, 127, 127, 127, 127, 127, 127, 127, 127, 127, 127, 127, 127, 127, 127, 127, 127, 127, 127, 127, 127, 127, 127, 127, 127, 127, 127, 127, 127, 127, 127, 127, 127, 127, 127, 127, 127, 127, 127, 127, 127, 127, 127, 127, 127, 127, 127, 127, 127, 127, 127, 127, 127, 127, 127, 127, 127, 127, 127, 127, 127, 127, 127, 127, 127, 127, 127, 127, 127, 127, 127, 127, 127, 127, 127, 127, 127, 127, 127, 127, 127, 127, 127, 127, 127, 127, 127, 127, 127, 127, 127, 127, 127, 127, 127, 127, 127, 127, 127, 127, 127, 127, 127, 127, 127, 127, 127, 127, 127, 127, 127, 127, 127, 127, 127, 127, 127, 127, 127, 127, 127, 127, 127, 127, 127, 127, 127, 127, 127, 127, 127, 127, 127, 127, 127, 127, 127, 127, 127, 127, 127, 127, 127, 127, 127, 127, 127, 127, 127, 127, 127, 127, 127, 127, 127, 127, 127, 127, 127, 127, 127, 127, 127, 127, 127, 127, 127, 127, 127, 127, 127, 127, 127, 127, 127, 127, 127, 127, 127, 127, 127, 127, 127, 127, 127, 127, 127, 127, 127, 127, 127, 127, 127, 127, 127, 127, 127, 127, 127, 127, 127, 127, 127, 127, 127, 127, 127, 127, 127, 127, 127, 127, 127, 127, 127, 127, 127, 127, 127, 127, 127, 127, 127, 127, 127, 127, 127, 127, 127, 127, 127, 127, 127, 127, 127, 127, 127, 127, 127, 127, 127, 127, 127, 127, 127, 127, 127, 127, 127, 127, 127, 127, 127, 127, 127, 127, 127, 127, 127, 127, 127, 127, 127, 127, 127, 127, 127, 127, 127, 127, 127, 127, 127, 127, 127, 127, 127, 127, 127, 127, 127, 127, 127, 127, 127, 127, 127, 127, 127, 127, 127, 127, 127, 127, 127, 127, 127, 127, 127, 127, 127, 127, 127, 127, 127, 127, 127, 127]

OFFSETS:
  MUL   = 15424
  SHIFT = 15424
  Q6    = 15424

================================================================================
OP_INDEX: 53
TIPO: CONV_2D
NFEAT: 56

INPUT_SCALE: 0.0235294122248888
WEIGHT_SCALES: [0.012404766865074635, 0.007632125169038773, 0.0029238443821668625, 0.011324661783874035, 0.008903431706130505, 0.005246617831289768, 0.009648221544921398, 0.005414163693785667, 0.003305441001430154, 0.01017021294683218, 0.006075284909456968, 0.0033452725037932396, 0.007775867823511362, 0.0055652218870818615, 0.003306105500087142, 0.006097401492297649, 0.01273887325078249, 0.0027425484731793404, 0.010170302353799343, 0.005025939550250769, 0.005755957681685686, 0.005568471737205982, 0.012206696905195713, 0.008324339985847473, 0.008890272118151188, 0.007185955531895161, 0.003161775879561901, 0.002727078041061759, 0.007325044367462397, 0.002806958742439747, 0.0026849019341170788, 0.002552337944507599, 0.007029294967651367, 0.004992704838514328, 0.008785341866314411, 0.0033942009322345257, 0.003406630363315344, 0.0028060509357601404, 0.007182203698903322, 0.0029630356002599, 0.005667571444064379, 0.004146045073866844, 0.006514131091535091, 0.004777650348842144, 0.004278853069990873, 0.005645992234349251, 0.012950052507221699, 0.002230995800346136, 0.0034465910866856575, 0.004150816239416599, 0.0033423961140215397, 0.005257861223071814, 0.003422242123633623, 0.010798081755638123, 0.004724838770925999, 0.0034941991325467825]
OUTPUT_SCALES: [0.16763269901275635]
OUTPUT_ZERO_POINT: -2

REAL_MULTIPLIERS: [0.001741169084796348, 0.001071267242679168, 0.0004103992845941962, 0.001589562400352092, 0.001249711518477358, 0.0007364305082833205, 0.0013542523821693866, 0.0007599477318826408, 0.0004639612937436561, 0.0014275206105385531, 0.0008527446247666832, 0.00046955215903519667, 0.0010914433789061936, 0.0007811506983739374, 0.0004640545647040072, 0.0008558489725325369, 0.0017880652269129263, 0.00038495206455672177, 0.0014275331599599879, 0.0007054554641885443, 0.0008079229281578986, 0.000781606856770777, 0.0017133674102853167, 0.0011684285236749981, 0.0012478644005099293, 0.0010086415773023778, 0.0004437960402180312, 0.00038278058979830345, 0.0010281644899990958, 0.0003939928769153467, 0.00037686062900195037, 0.0003582535626236898, 0.0009866522457627396, 0.0007007905435780222, 0.001233136085778559, 0.000476419895276939, 0.00047816452630265055, 0.0003938654545346849, 0.0010081149591331076, 0.0004159002777270242, 0.0007955167792845189, 0.0005819509213924841, 0.0009143423487325128, 0.0006706048711638063, 0.0006005922372334104, 0.0007924878587704135, 0.0018177069603418294, 0.00031314904650163336, 0.00048377352942985847, 0.0005826206160384244, 0.0004691484206174752, 0.0007380086633903116, 0.0004803558382975555, 0.0015156500990724144, 0.0006631920847900615, 0.0004904559329399432]

MULTIPLIERS: [1914435655, 1177870790, 1804955142, 1747742342, 1374072346, 1619427814, 1489016241, 1671142735, 2040523349, 1569575510, 1875205261, 2065112235, 1200054686, 1717768552, 2040933559, 1882031794, 1965998508, 1693037084, 1569589308, 1551312972, 1776641308, 1718771655, 1883867390, 1284700748, 1372041418, 1109013143, 1951835626, 1683486837, 1130478812, 1732798998, 1657450575, 1575615831, 1084835617, 1541054703, 1355847465, 2095316858, 2102989827, 1732238588, 1108434120, 1829148765, 1749359898, 1279723610, 2010660088, 1474675707, 1320716297, 1742699231, 1998589939, 1377244071, 2127658483, 1281196284, 2063336574, 1622898214, 2112627319, 1666474908, 1458374817, 1078524002]
SHIFTS: [-9, -9, -11, -9, -9, -10, -9, -10, -11, -9, -10, -11, -9, -10, -11, -10, -9, -11, -9, -10, -10, -10, -9, -9, -9, -9, -11, -11, -9, -11, -11, -11, -9, -10, -9, -11, -11, -11, -9, -11, -10, -10, -10, -10, -10, -10, -9, -11, -11, -10, -11, -10, -11, -9, -10, -10]
Q6: [34, 34, 34, 34, 34, 34, 34, 34, 34, 34, 34, 34, 34, 34, 34, 34, 34, 34, 34, 34, 34, 34, 34, 34, 34, 34, 34, 34, 34, 34, 34, 34, 34, 34, 34, 34, 34, 34, 34, 34, 34, 34, 34, 34, 34, 34, 34, 34, 34, 34, 34, 34, 34, 34, 34, 34]

OFFSETS:
  MUL   = 16768
  SHIFT = 16768
  Q6    = 16768

================================================================================
OP_INDEX: 55
TIPO: CONV_2D
NFEAT: 336

INPUT_SCALE: 0.16763269901275635
WEIGHT_SCALES: [0.0009485730552114546, 0.0006344244466163218, 0.0008778763003647327, 0.0003669282014016062, 0.0007923284429125488, 0.00042635449790395796, 0.0004509051505010575, 0.0011231784010306, 0.0008166991756297648, 0.0008715165313333273, 0.0004377027798909694, 0.0006266061100177467, 0.0007357905269600451, 0.0003228086279705167, 0.000346552231349051, 0.000826087431050837, 0.0010981917148455977, 0.0007592829642817378, 0.0008368482231162488, 0.0011581669095903635, 0.0011203802423551679, 0.0007819540333002806, 0.0005866780993528664, 0.0013831668766215444, 0.0011691228719428182, 0.002507732016965747, 0.0006452599773183465, 0.0010902342619374394, 0.0004383274063002318, 0.00028280590777285397, 0.000356869597453624, 0.0006337242666631937, 0.0012976443395018578, 0.0004082007799297571, 0.0005862904363311827, 0.0006887911586090922, 0.0010038994951173663, 0.001172832096926868, 0.000560674408916384, 0.0014525613514706492, 0.0008780824136920273, 0.001071390463039279, 0.0008782313670963049, 0.0010374212870374322, 0.0004979539662599564, 0.0006633715238422155, 0.00035507610300555825, 0.0012737471843138337, 0.0010025011142715812, 0.0005179140716791153, 0.0004244789597578347, 0.0005584383034147322, 0.0006349192699417472, 0.0005202321335673332, 0.0006903246394358575, 0.0004960998776368797, 0.00021510834631044418, 0.0009523658663965762, 0.0004528755962383002, 0.000937150209210813, 0.0011538249673321843, 0.0005028285668231547, 0.000668612658046186, 0.0011148287449032068, 0.001235338975675404, 0.000564427173230797, 0.0007067125989124179, 0.001180591993033886, 0.001239097211509943, 0.0004755081026814878, 0.00037285665166564286, 0.00061834417283535, 0.0004346374480519444, 0.0008351978613063693, 0.0008503191056661308, 0.0008879803935997188, 0.0007526544504798949, 0.0015091885579749942, 0.00041742983739823103, 0.0007793508702889085, 0.000671888526994735, 0.0010145950363948941, 0.0013738982379436493, 0.0009095327113755047, 0.0009561618790030479, 0.0007145167328417301, 0.0008638367871753871, 0.0014103692956268787, 0.0009412751533091068, 0.0005354703171178699, 0.0008066205773502588, 0.0007964112446643412, 0.0010944514069706202, 0.0007468846742995083, 0.0008464069105684757, 0.0017474947962909937, 0.0005115653038956225, 0.0005558041157200933, 0.00047640627599321306, 0.0007029192638583481, 0.0002946332097053528, 0.0005378134083002806, 0.00046078229206614196, 0.00035538850352168083, 0.0003887878847308457, 0.0008699048194102943, 0.0008572550723329186, 0.0009617413743399084, 0.0008183860336430371, 0.00048413319746032357, 0.0006201302167028189, 0.0014773266157135367, 0.0014149608323350549, 0.001965044531971216, 0.0006534545100294054, 0.0005344050587154925, 0.0011026355205103755, 0.0008812540327198803, 0.0008025086135603487, 0.0005464702262543142, 0.0011766940588131547, 0.0013085081009194255, 0.0005664894706569612, 0.000755573739297688, 0.0005434103077277541, 0.0009747592266649008, 0.0006941756000742316, 0.00030282550142146647, 0.0008008006261661649, 0.0007839047466404736, 0.0011937750969082117, 0.0005917180678807199, 0.0010267301695421338, 0.00047679050476290286, 0.0009664604440331459, 0.0005806064582429826, 0.0005338574410416186, 0.0005283689242787659, 0.0002172731765313074, 0.0012707940768450499, 0.0009267093264497817, 0.0004748270439449698, 0.0010565113043412566, 0.0009423118899576366, 0.000634526542853564, 0.000928030873183161, 0.0004617152735590935, 0.0007900774362497032, 0.0007314434624277055, 0.0008012890466488898, 0.000897074700333178, 0.0005332199507392943, 0.0006712538306601346, 0.0013118931092321873, 0.0001569049636600539, 0.0007906752289272845, 0.0018474585376679897, 0.0006995917647145689, 0.000288668175926432, 0.0009678976493887603, 0.0004946250119246542, 0.0006761109107173979, 0.000610380491707474, 0.000594738929066807, 0.0009475453407503664, 0.001166461850516498, 0.0011112835491076112, 0.0018073611427098513, 0.0005719391047023237, 0.0005408775177784264, 0.0008008154691196978, 0.0007221906562335789, 0.001716926577500999, 0.0011794229503720999, 0.0007309045176953077, 0.0009478417923673987, 0.001155772595666349, 0.0003599159244913608, 0.0006458240677602589, 0.0005139945424161851, 0.0006105765933170915, 0.0008131109061650932, 0.0009672040469013155, 0.0008140687714330852, 0.0011684698984026909, 0.0008102917927317321, 0.0011275878641754389, 0.0009756190120242536, 0.0010845328215509653, 0.0009897704003378749, 0.0018403278663754463, 0.0014402387896552682, 0.0008435148629359901, 0.0012255002511665225, 0.0016742255538702011, 0.0005319223273545504, 0.0020637137349694967, 0.0007043926743790507, 0.0008573112427257001, 0.000514750019647181, 0.00020345853408798575, 0.001030025421641767, 0.0011755501618608832, 0.00058080063899979, 0.0007285448373295367, 0.0011906734434887767, 0.0012473518727347255, 0.0006317782099358737, 0.0005770798306912184, 0.0004950945149175823, 0.0008565143216401339, 0.0009804564760997891, 0.000366074382327497, 0.0008483470301143825, 0.0004998096846975386, 0.0009024323080666363, 0.0003184612432960421, 0.00028991251019760966, 0.0005647434736602008, 0.0005889866733923554, 0.0009684773976914585, 0.00037008701474405825, 0.0007707196054980159, 0.0005635038251057267, 0.0005621358868665993, 0.0004771173989865929, 0.000706557126250118, 0.0009432908263988793, 0.0010944533860310912, 0.0008061878615990281, 0.001314698252826929, 0.0008503870922140777, 0.0011681676842272282, 0.0007234007935039699, 0.0013053311267867684, 0.0006510441889986396, 0.001250975881703198, 0.0004677213728427887, 0.0008771464345045388, 0.00035521600511856377, 0.0003988944517914206, 0.0006733568152412772, 0.0009988355450332165, 0.0009562328923493624, 0.0008049457683227956, 0.0012866636971011758, 0.00153316929936409, 0.0015317692887037992, 0.0006099303718656301, 0.0011487762676551938, 0.0006979447207413614, 0.0011783709051087499, 0.0012673974270001054, 0.0012691572774201632, 0.0012657238403335214, 0.001041546929627657, 0.00048126146430149674, 0.0010173999471589923, 0.0009367195307277143, 0.0011276733130216599, 0.0006365940207615495, 0.0006966968066990376, 0.0005163997993804514, 0.0006420909194275737, 0.0010743875754997134, 0.0006378723192028701, 0.0015652953879907727, 0.0018626995151862502, 0.0009443193557672203, 0.0007204915164038539, 0.0005013210466131568, 0.0009390430059283972, 0.0015601260820403695, 0.00033997843274846673, 0.0012745283311232924, 0.0007853236165829003, 0.0018535730196163058, 0.0006335983634926379, 0.0015001626452431083, 0.0009437169064767659, 0.0007312654051929712, 0.001086731324903667, 0.0011887840228155255, 0.000481859955471009, 0.0012444027233868837, 0.00046606463729403913, 0.0009871639776974916, 0.0005726077361032367, 0.001751727657392621, 0.000855372054502368, 0.0010245349258184433, 0.0015039495192468166, 0.0010823990451171994, 0.0007045884849503636, 0.0008110824273899198, 0.0009989406680688262, 0.0008988596964627504, 0.0007655288791283965, 0.000919538491871208, 0.0005726686795242131, 0.0007027834071777761, 0.0005382870440371335, 0.000519314780831337, 0.0007642487762495875, 0.0011911510955542326, 0.0005330951535142958, 0.0015672931913286448, 0.0005929965409450233, 0.0017885944107547402, 0.0012576831504702568, 0.0012398922117426991, 0.0004154641937930137, 0.0013122609816491604, 0.0007668576436117291, 0.0017843705136328936, 0.0009797877864912152, 0.0006754672504030168, 0.00103609764482826, 0.0007222518906928599, 0.00023262064496520907, 0.0004275277315173298, 0.000673185451887548, 0.0009425709722563624, 0.0003506704524625093, 0.0006217635236680508, 0.00085049046901986, 0.0010271223727613688, 0.0006170999258756638, 0.0006417140830308199, 0.0007815755670890212, 0.0007139186491258442, 0.0005092949140816927, 0.0009289904264733195, 0.0010719584533944726, 0.0005321206990629435, 0.0011526396265253425]
OUTPUT_SCALES: [0.0235294122248888]
OUTPUT_ZERO_POINT: -128

REAL_MULTIPLIERS: [0.0067580039797030655, 0.004519886909604729, 0.006254332756931789, 0.00261413945052927, 0.005644856493674392, 0.0030375155374373916, 0.0032124239507050666, 0.008001960484097105, 0.005818483087626622, 0.0062090232847850715, 0.003118365119248378, 0.004464186033897217, 0.005242058355026059, 0.002299814421801104, 0.002468973102034601, 0.005885368676616848, 0.00782394559768417, 0.00540942763042418, 0.0059620327513586705, 0.008251232249504827, 0.007982025311618275, 0.005570945158051277, 0.004179723331217204, 0.009854219667580728, 0.008329286793403778, 0.017866059822778176, 0.004597083451509616, 0.007767253603191826, 0.003122815201122865, 0.002014819459305053, 0.002542478037486531, 0.004514898554850447, 0.009244923796236051, 0.002908181378468784, 0.004176961468829348, 0.004907216545410808, 0.0071521710910423236, 0.008355712757188122, 0.003994462910323696, 0.010348612940321448, 0.006255801188570738, 0.007633003038886998, 0.006256862390650396, 0.007390993395721939, 0.0035476180429176865, 0.004726117164637383, 0.002529700484349201, 0.009074671153092769, 0.007142208481131535, 0.0036898216097561933, 0.0030241534730334426, 0.003978532023613204, 0.0045234122237427414, 0.0037063363856922257, 0.004918141660216825, 0.0035344087932719843, 0.001532515658595499, 0.0067850254441464124, 0.0032264621737611776, 0.006676623174811172, 0.008220298561372736, 0.00358234659632174, 0.004763457046488333, 0.00794247428108083, 0.008801036112116498, 0.0040211990652591085, 0.00503489586776399, 0.008410997280067197, 0.00882781124829282, 0.003387704966578671, 0.0026563760397489587, 0.004405324774817654, 0.003096526501069809, 0.005950274930895776, 0.006058004566478299, 0.006326318253376346, 0.005362203515838314, 0.010752047219645905, 0.002973932779226158, 0.005552399210647419, 0.0047867956130538195, 0.0072283702937515956, 0.009788186274867838, 0.00647986536131957, 0.006812069716762633, 0.0050904955581227585, 0.0061543097956159205, 0.010048020297785874, 0.0067060108835165465, 0.00381489914162568, 0.005746679227176942, 0.005673943963885953, 0.007797298187275935, 0.005321097382605006, 0.0060301325645338265, 0.012449833698061725, 0.0036445905147853472, 0.003959765044279508, 0.0033941039031516154, 0.005007870671074173, 0.0020990817658188715, 0.0038315922360041715, 0.0032827925550399763, 0.002531926147327523, 0.0027698763504152967, 0.0061975408211728585, 0.006107419095048047, 0.006851820215139199, 0.005830500921260266, 0.0034491535018500996, 0.004418049247116299, 0.010525050330559697, 0.010080732194013928, 0.01399974276561642, 0.004655464494876695, 0.0038073098257758076, 0.007855605000407665, 0.0062783970380886804, 0.005717383995245215, 0.003893266779534066, 0.00838322687816552, 0.00932232146475627, 0.00403589167552964, 0.005383001666639836, 0.0038714667279023548, 0.006944564466450316, 0.0049455774040183505, 0.0021574468434649397, 0.005705215627670612, 0.005584842799823682, 0.008504918847792597, 0.004215630030423644, 0.007314825709760636, 0.0033968412985903897, 0.006885440706035692, 0.0041364665946290275, 0.0038034083841324215, 0.0037643060525594917, 0.001547938752439034, 0.0090536320650469, 0.006602238258580409, 0.0033828528388205464, 0.007526998115867703, 0.0067133969992808264, 0.004520614282972342, 0.0066116534723422524, 0.003289439478656155, 0.00562881944528653, 0.005211088173817371, 0.005708695325462879, 0.006391109637402807, 0.003798866654872392, 0.004782273789108297, 0.00934643758266969, 0.0011178520863777163, 0.005633078353202939, 0.013162014334376715, 0.004984164270884358, 0.0020565845413873557, 0.006895679916879318, 0.0035239012753765647, 0.004816877519602629, 0.004348588408061722, 0.004237151822346309, 0.006750682141516882, 0.008310328640112004, 0.007917216925135672, 0.012876344872004711, 0.004074716991475679, 0.0038534221456076436, 0.0057053213746539305, 0.005145167577886687, 0.012232053798980397, 0.008402668564722196, 0.005207248521587768, 0.0067527941783248925, 0.008234174224360373, 0.0025641812580570467, 0.004601102251569783, 0.0036618973563611397, 0.004349985512323687, 0.005792918858082814, 0.006890738422552938, 0.0057997430634063206, 0.008324634755525856, 0.005772834395745181, 0.008033375217329783, 0.006950689912295815, 0.007726634320775837, 0.007051509915580072, 0.013111212654202254, 0.010260822209464225, 0.0060095284905487475, 0.00873094120585606, 0.011927835071652116, 0.003789621880366015, 0.0147027006062098, 0.005018367821618287, 0.00610781927480845, 0.003667279670465041, 0.0014495178579204447, 0.0073383023694455155, 0.008375077310651085, 0.004137850013987269, 0.00519043723940439, 0.008482821460525435, 0.008886620670615854, 0.00450103408860222, 0.004111341526086531, 0.003527246197601857, 0.00610214169853936, 0.006985153890894546, 0.002608056510824125, 0.006043954731988725, 0.0035608389039968507, 0.00642927932205227, 0.0022688419597751293, 0.0020654496634889157, 0.00402345251273893, 0.004196170512022723, 0.006899810269639536, 0.0026366440673557213, 0.005490906717806453, 0.004014620773508574, 0.004004875048587102, 0.0033991702203877167, 0.005033788219950482, 0.006720371323851241, 0.00779731228687371, 0.00574359639159266, 0.009366422518434787, 0.006058488929131304, 0.008322481664006674, 0.005153789067232562, 0.009299687463385524, 0.004638292428867877, 0.008912439522307733, 0.0033322292697415194, 0.0062491329082108695, 0.0025306972015037375, 0.0028418794713570734, 0.004797256270521337, 0.007116093537886364, 0.0068125756435063545, 0.005734747235212111, 0.009166693422058954, 0.010922895363448188, 0.010912921142103939, 0.004345381578955822, 0.00818432965805846, 0.00497243008798244, 0.00839517338442218, 0.009029433008323035, 0.009041970868298176, 0.0090175097249333, 0.00742038608075594, 0.00342869415608925, 0.007248353570740485, 0.0066735548535187175, 0.008033983988198457, 0.004535343801013521, 0.0049635394621966675, 0.0036790333439874136, 0.004574505848529972, 0.007654355635636353, 0.004544450897094558, 0.011151774134143418, 0.013270596995624676, 0.006727698967754156, 0.005133062243808023, 0.0035716064350630188, 0.006690108196001607, 0.011114945984752921, 0.0024221387998578313, 0.009080236347273705, 0.0055949513820408555, 0.013205576285787333, 0.004514001571615472, 0.010687743101130815, 0.006723406884313569, 0.005209819624711598, 0.007742297315128588, 0.00846936049159003, 0.0034329580403342852, 0.008865609781765538, 0.0033204260402799053, 0.007032940745309289, 0.004079480582053653, 0.012479990249539935, 0.006094003742458386, 0.00729918593827481, 0.010714722266780835, 0.007711432466209167, 0.00501976285240999, 0.005778467185056629, 0.007116842475344692, 0.00640382664520851, 0.005453925961004735, 0.006551150439509909, 0.004079914766726337, 0.005006902775156267, 0.003834966601507172, 0.003699800807429071, 0.005444806009408079, 0.00848622443991804, 0.0037979775508244096, 0.011166007263404077, 0.004224738370586838, 0.012742643362625036, 0.008960224717946268, 0.008833475139658186, 0.002959928768429356, 0.009349058449079788, 0.005463392596829056, 0.012712550674030869, 0.00698038988562252, 0.004812291832773063, 0.007381563252974214, 0.005145603836029634, 0.0016572800964555516, 0.003045874110754152, 0.00479603541123157, 0.006715242802507305, 0.0024983129135769436, 0.00442968556222189, 0.0060592254257680654, 0.007317619918284566, 0.004396460274757172, 0.0045718211192358315, 0.005568248817323674, 0.005086234576736089, 0.003628415373278092, 0.0066184897037932745, 0.007637049623448665, 0.0037910351576960167, 0.008211853731693112]

MULTIPLIERS: [1857625989, 1242417053, 1719177898, 1437138361, 1551646338, 1669891826, 1766048744, 1099781075, 1599372453, 1706723325, 1714339354, 1227106113, 1440926029, 1264336349, 1357332317, 1617757823, 1075314895, 1486932145, 1638831084, 1134040725, 1097041205, 1531329745, 1148913601, 1354353638, 1144768460, 1227746282, 1263636677, 2135046413, 1716785813, 1107658712, 1397742083, 1241045865, 1270612651, 1598789621, 1148154426, 1348885413, 1965973820, 1148400417, 1097989604, 1422302532, 1719581537, 2098143899, 1719873238, 2031620795, 1950323645, 1299105194, 1390717549, 1247213306, 1963235318, 2028500882, 1662545954, 1093610555, 1243386084, 2037579976, 1351888486, 1943061783, 1685018786, 1865053593, 1773766338, 1835256204, 1129789232, 1969415869, 1309369103, 1091605353, 1209605193, 1105338782, 1383981638, 1155998664, 1213285139, 1862410501, 1460358172, 1210926454, 1702333447, 1635599119, 1665211615, 1738965120, 1473951279, 1477750118, 1634936835, 1526231874, 1315784359, 1986919297, 1345278078, 1781171828, 1872487466, 1399264764, 1691683795, 1380989394, 1843334236, 2097262983, 1579635158, 1559641841, 2143305006, 1462652111, 1657550218, 1711092114, 2003634825, 1088451927, 1865928354, 1376553008, 1153982405, 2106440108, 1804734293, 1391941120, 1522755627, 1703567049, 1678794578, 1883413999, 1602675890, 1896192191, 1214424130, 1446551903, 1385485283, 1924109995, 1279684336, 2093090712, 1079666130, 1725792637, 1571582546, 2140346047, 1152181929, 1281250106, 1109377456, 1479668231, 2128361342, 1908907345, 1359429965, 1186068945, 1568237730, 1535149899, 1168907146, 1158783559, 2010683981, 1867433253, 1892655530, 1137023280, 2090945872, 2069449138, 1701976657, 1244321716, 1814809434, 1859743016, 2069005488, 1845364516, 1242616992, 1817397468, 1808388478, 1547238108, 1432413010, 1569194222, 1756774840, 2088449030, 1314541410, 1284564600, 1229091367, 1548408787, 1808973476, 1370036643, 1130619308, 1895470063, 1937285214, 1324053211, 1195330880, 1164699424, 1855613378, 1142162871, 1088134009, 1769711364, 1120049678, 2118441228, 1568266798, 1414292895, 1681160673, 1154853974, 1431357575, 1856193930, 1131696288, 1409673554, 1264741357, 2013149362, 1195714913, 1592345411, 1894111755, 1594221234, 1144129089, 1586824636, 1104098683, 1910591095, 2123881070, 1938304286, 1801991346, 1410236666, 1651886613, 1199971422, 1639349169, 2083366661, 2020723785, 1379438443, 1678904578, 2016108320, 1593761739, 2017137196, 1151061861, 1137403551, 1426736524, 1165870104, 1221367845, 1237234829, 1130116953, 1939124104, 1677343938, 1920064481, 1433794230, 1661349626, 1957591890, 1767266843, 1247309058, 1135492961, 1105958205, 1153434568, 1896605405, 1449510405, 1509328946, 1103530555, 1100851671, 1868713591, 1383677170, 1847281603, 2143308881, 1578787754, 1287311309, 1665344756, 1143833170, 1416662752, 1278139313, 1274964115, 1224916361, 1831912414, 1717748574, 1391265500, 1562339762, 1318659763, 1956056897, 1872626534, 1576355317, 1259860751, 1501231308, 1499860461, 1194449393, 1124845703, 1366811175, 1153823844, 1240995823, 1242719013, 1239357100, 2039700195, 1884944546, 1992412258, 1834412790, 1104182352, 1246665811, 1364367338, 2022569970, 1257430593, 2104013256, 1249169151, 1532688166, 1823896963, 1849295811, 1410965406, 1963511403, 1838962938, 1527626544, 1331584887, 1247978181, 1537928525, 1814960585, 1240799304, 1468912227, 1848116012, 1432064314, 2128186481, 1164020043, 1887288642, 1218480130, 1825423520, 1933200032, 1121359084, 1715236799, 1675106994, 2006384953, 1472620215, 2119702416, 1379821906, 1588372965, 1956262764, 1760270465, 1499163753, 1800766521, 1121478432, 1376286955, 2108295185, 2033987004, 1496656880, 1166337806, 2087960240, 1534644353, 1161287241, 1751335568, 1231483908, 1214063579, 1627238049, 1284924809, 1501765922, 1747199661, 1918754961, 1322792707, 2029028657, 1414412812, 1822198737, 1674487001, 1318324175, 1845871886, 1373462049, 1217622696, 1665547203, 2011452047, 1208489798, 1256692620, 1530588580, 1398093515, 1994742447, 1819276597, 2099256216, 2084143619, 1128628583]
SHIFTS: [-7, -7, -7, -8, -7, -8, -8, -6, -7, -7, -8, -7, -7, -8, -8, -7, -6, -7, -7, -6, -6, -7, -7, -6, -6, -5, -7, -7, -8, -8, -8, -7, -6, -8, -7, -7, -7, -6, -7, -6, -7, -7, -7, -7, -8, -7, -8, -6, -7, -8, -8, -7, -7, -8, -7, -8, -9, -7, -8, -7, -6, -8, -7, -6, -6, -7, -7, -6, -6, -8, -8, -7, -8, -7, -7, -7, -7, -6, -8, -7, -7, -7, -6, -7, -7, -7, -7, -6, -7, -8, -7, -7, -7, -7, -7, -6, -8, -7, -8, -7, -8, -8, -8, -8, -8, -7, -7, -7, -7, -8, -7, -6, -6, -6, -7, -8, -6, -7, -7, -8, -6, -6, -7, -7, -8, -7, -7, -8, -7, -7, -6, -7, -7, -8, -7, -7, -8, -8, -9, -6, -7, -8, -7, -7, -7, -7, -8, -7, -7, -7, -7, -8, -7, -6, -9, -7, -6, -7, -8, -7, -8, -7, -7, -7, -7, -6, -6, -6, -7, -8, -7, -7, -6, -6, -7, -7, -6, -8, -7, -8, -7, -7, -7, -7, -6, -7, -6, -7, -7, -7, -6, -6, -7, -6, -6, -8, -6, -7, -7, -8, -9, -7, -6, -7, -7, -6, -6, -7, -7, -8, -7, -7, -8, -7, -8, -7, -8, -8, -7, -7, -7, -8, -7, -7, -7, -8, -7, -7, -7, -7, -6, -7, -6, -7, -6, -7, -6, -8, -7, -8, -8, -7, -7, -7, -7, -6, -6, -6, -7, -6, -7, -6, -6, -6, -6, -7, -8, -7, -7, -6, -7, -7, -8, -7, -7, -7, -6, -6, -7, -7, -8, -7, -6, -8, -6, -7, -6, -7, -6, -7, -7, -7, -6, -8, -6, -8, -7, -7, -6, -7, -7, -6, -7, -7, -7, -7, -7, -7, -7, -7, -7, -8, -8, -7, -6, -8, -6, -7, -6, -6, -6, -8, -6, -7, -6, -7, -7, -7, -7, -9, -8, -7, -7, -8, -7, -7, -7, -7, -7, -7, -7, -8, -7, -7, -8, -6]
Q6: [127, 127, 127, 127, 127, 127, 127, 127, 127, 127, 127, 127, 127, 127, 127, 127, 127, 127, 127, 127, 127, 127, 127, 127, 127, 127, 127, 127, 127, 127, 127, 127, 127, 127, 127, 127, 127, 127, 127, 127, 127, 127, 127, 127, 127, 127, 127, 127, 127, 127, 127, 127, 127, 127, 127, 127, 127, 127, 127, 127, 127, 127, 127, 127, 127, 127, 127, 127, 127, 127, 127, 127, 127, 127, 127, 127, 127, 127, 127, 127, 127, 127, 127, 127, 127, 127, 127, 127, 127, 127, 127, 127, 127, 127, 127, 127, 127, 127, 127, 127, 127, 127, 127, 127, 127, 127, 127, 127, 127, 127, 127, 127, 127, 127, 127, 127, 127, 127, 127, 127, 127, 127, 127, 127, 127, 127, 127, 127, 127, 127, 127, 127, 127, 127, 127, 127, 127, 127, 127, 127, 127, 127, 127, 127, 127, 127, 127, 127, 127, 127, 127, 127, 127, 127, 127, 127, 127, 127, 127, 127, 127, 127, 127, 127, 127, 127, 127, 127, 127, 127, 127, 127, 127, 127, 127, 127, 127, 127, 127, 127, 127, 127, 127, 127, 127, 127, 127, 127, 127, 127, 127, 127, 127, 127, 127, 127, 127, 127, 127, 127, 127, 127, 127, 127, 127, 127, 127, 127, 127, 127, 127, 127, 127, 127, 127, 127, 127, 127, 127, 127, 127, 127, 127, 127, 127, 127, 127, 127, 127, 127, 127, 127, 127, 127, 127, 127, 127, 127, 127, 127, 127, 127, 127, 127, 127, 127, 127, 127, 127, 127, 127, 127, 127, 127, 127, 127, 127, 127, 127, 127, 127, 127, 127, 127, 127, 127, 127, 127, 127, 127, 127, 127, 127, 127, 127, 127, 127, 127, 127, 127, 127, 127, 127, 127, 127, 127, 127, 127, 127, 127, 127, 127, 127, 127, 127, 127, 127, 127, 127, 127, 127, 127, 127, 127, 127, 127, 127, 127, 127, 127, 127, 127, 127, 127, 127, 127, 127, 127, 127, 127, 127, 127, 127, 127, 127, 127, 127, 127, 127, 127, 127, 127, 127, 127, 127, 127]

OFFSETS:
  MUL   = 16992
  SHIFT = 16992
  Q6    = 16992

================================================================================
OP_INDEX: 56
TIPO: DEPTHWISE_CONV_2D
NFEAT: 336

INPUT_SCALE: 0.0235294122248888
WEIGHT_SCALES: [0.016453120857477188, 0.010406573303043842, 0.003410010365769267, 0.008673179894685745, 0.005014342721551657, 0.01068462710827589, 0.014629454351961613, 0.005840112455189228, 0.005638832692056894, 0.009506885893642902, 0.00912040751427412, 0.005562353879213333, 0.007859766483306885, 0.011273161508142948, 0.016420915722846985, 0.011345897801220417, 0.004383892752230167, 0.005054778885096312, 0.0031441187020391226, 0.0031361375004053116, 0.004009670577943325, 0.02758295275270939, 0.010532625950872898, 0.007693997584283352, 0.0018320349045097828, 0.0023221331648528576, 0.00832189992070198, 0.005808824673295021, 0.019094612449407578, 0.013646379113197327, 0.005635668523609638, 0.003686304669827223, 0.0014145764289423823, 0.005457588005810976, 0.006829594261944294, 0.01099771074950695, 0.008670886047184467, 0.007026422303169966, 0.006308159325271845, 0.0075125484727323055, 0.03827408701181412, 0.004847785457968712, 0.015190902166068554, 0.008177035488188267, 0.017265260219573975, 0.009179139509797096, 0.008764815516769886, 0.005957595072686672, 0.003483254462480545, 0.009200395084917545, 0.01737055741250515, 0.006772405002266169, 0.007182813715189695, 0.012707873247563839, 0.004437332507222891, 0.008915763348340988, 0.08372887223958969, 0.011797106824815273, 0.014667581766843796, 0.003993959166109562, 0.002152367029339075, 0.017099568620324135, 0.013752640224993229, 0.0030962403398007154, 0.005353061482310295, 0.01425832137465477, 0.003953475505113602, 0.00903448648750782, 0.008463862352073193, 0.011203131638467312, 0.01231748890131712, 0.009745093062520027, 0.005452416837215424, 0.003090552520006895, 0.008103970438241959, 0.008721071295440197, 0.004622347187250853, 0.0061205485835671425, 0.012384590692818165, 0.014602803625166416, 0.009681970812380314, 0.007945128716528416, 0.004632129333913326, 0.004280831664800644, 0.004246401600539684, 0.004493903834372759, 0.014634676277637482, 0.0014902473194524646, 0.00514258025214076, 0.010141651146113873, 0.0039302026852965355, 0.005243831314146519, 0.0077466657385230064, 0.0028772554360330105, 0.021818919107317924, 0.006658654659986496, 0.0025645422283560038, 0.012890652753412724, 0.019613225013017654, 0.003176370169967413, 0.01268073171377182, 0.0039998251013457775, 0.01164246629923582, 0.022149965167045593, 0.02431727573275566, 0.004502467345446348, 0.007219663821160793, 0.004819533322006464, 0.006174847017973661, 0.012171744368970394, 0.005575818009674549, 0.0042640939354896545, 0.005026198923587799, 0.0029036072082817554, 0.00802035816013813, 0.011339074932038784, 0.006286739371716976, 0.0035229867789894342, 0.013454124331474304, 0.005468697287142277, 0.010189696215093136, 0.0029836874455213547, 0.0033731283619999886, 0.011395446956157684, 0.004146389197558165, 0.00849035382270813, 0.0038526561111211777, 0.013936563394963741, 0.014552276581525803, 0.01367380190640688, 0.00958238635212183, 0.012283744290471077, 0.017812300473451614, 0.034714266657829285, 0.004630382172763348, 0.006946508772671223, 0.0060721938498318195, 0.007241967134177685, 0.02894890122115612, 0.004261247348040342, 0.009254645556211472, 0.023521505296230316, 0.006695653777569532, 0.005787794943898916, 0.013509421609342098, 0.0064370036125183105, 0.014610604383051395, 0.011882005259394646, 0.00983643252402544, 0.005310393869876862, 0.005768085364252329, 0.01581341028213501, 0.004216907545924187, 0.006735506001859903, 0.005665950942784548, 0.012226887978613377, 0.006253487430512905, 0.011991479434072971, 0.007330555934458971, 0.012781688943505287, 0.007982197217643261, 0.010776582174003124, 0.024804523214697838, 0.009907210245728493, 0.004973023198544979, 0.005178722087293863, 0.005283293779939413, 0.005724654067307711, 0.011950726620852947, 0.00521338265389204, 0.004701672587543726, 0.012438870966434479, 0.0022283184807747602, 0.006963149644434452, 0.004710881505161524, 0.008472248911857605, 0.010054944083094597, 0.0042570061050355434, 0.007916776463389397, 0.008028572425246239, 0.008652586489915848, 0.010611497797071934, 0.009939945302903652, 0.002888554008677602, 0.006374136079102755, 0.00301165203563869, 0.00585752772167325, 0.006116967648267746, 0.005782696884125471, 0.011260469444096088, 0.006337583065032959, 0.004832693375647068, 0.005325860809534788, 0.003632991574704647, 0.007026648614555597, 0.006363146472722292, 0.006552462000399828, 0.010437970981001854, 0.012800733558833599, 0.02431931160390377, 0.025521982461214066, 0.008369922637939453, 0.010553339496254921, 0.006689534988254309, 0.014549743384122849, 0.00419640215113759, 0.002727921586483717, 0.010764000006020069, 0.012037495151162148, 0.00985910464078188, 0.003314295783638954, 0.0037587773986160755, 0.009713699109852314, 0.0029368221294134855, 0.012484487146139145, 0.004738010931760073, 0.014828293584287167, 0.01964864321053028, 0.007129850797355175, 0.008400238119065762, 0.008714414201676846, 0.011749381199479103, 0.01238162349909544, 0.01667885296046734, 0.01626269705593586, 0.0157987792044878, 0.013495586812496185, 0.005366557277739048, 0.004548285622149706, 0.003082417882978916, 0.0032572755590081215, 0.010548124089837074, 0.009591944515705109, 0.006490703206509352, 0.008476956747472286, 0.004523846320807934, 0.007207684684544802, 0.004359345883131027, 0.0056535350158810616, 0.01238509826362133, 0.019187089055776596, 0.0049729980528354645, 0.0024654718581587076, 0.0064606815576553345, 0.006648376118391752, 0.010122321546077728, 0.005743410438299179, 0.006112340372055769, 0.005095601547509432, 0.010704202577471733, 0.01551420520991087, 0.0033456385135650635, 0.019878916442394257, 0.006240006070584059, 0.003873241599649191, 0.013164214789867401, 0.006217260379344225, 0.003264778293669224, 0.005440578795969486, 0.010492540895938873, 0.011358902789652348, 0.011069746688008308, 0.016870025545358658, 0.008002308197319508, 0.007899151183664799, 0.0132638830691576, 0.006079859100282192, 0.003184711327776313, 0.006578764878213406, 0.013737818226218224, 0.0076318527571856976, 0.006256639026105404, 0.002413035137578845, 0.05250752717256546, 0.0064755151979625225, 0.005543057341128588, 0.007536591961979866, 0.0061503383331000805, 0.010199830867350101, 0.0029817000031471252, 0.006733628921210766, 0.006300079636275768, 0.005366617348045111, 0.00534175056964159, 0.006265066564083099, 0.014828784391283989, 0.011065291240811348, 0.005975187756121159, 0.0058295815251767635, 0.0046773566864430904, 0.002656571799889207, 0.005540991667658091, 0.012556694447994232, 0.010867180302739143, 0.00299668381921947, 0.0050956797786056995, 0.007765128742903471, 0.011521736159920692, 0.016302738338708878, 0.0034211198799312115, 0.0044469526037573814, 0.01791774109005928, 0.014403987675905228, 0.007436908781528473, 0.005908386316150427, 0.010404059663414955, 0.004666909575462341, 0.007106476463377476, 0.00580030120909214, 0.006113033276051283, 0.01035568118095398, 0.005652811378240585, 0.004884997382760048, 0.007009480614215136, 0.007190539035946131, 0.013364376500248909, 0.002711615292355418, 0.005251970607787371, 0.008826608769595623, 0.00677070114761591, 0.016535822302103043, 0.01841704733669758, 0.004693168681114912, 0.023951513692736626, 0.006568677723407745, 0.006135026458650827, 0.0038619781844317913, 0.013189533725380898, 0.00872526504099369, 0.002638119040057063, 0.008164624683558941, 0.011025388725101948, 0.011093690060079098, 0.004921970888972282, 0.005617719609290361, 0.011436477303504944]
OUTPUT_SCALES: [0.0235294122248888]
OUTPUT_ZERO_POINT: -128

REAL_MULTIPLIERS: [0.016453120857477188, 0.010406573303043842, 0.003410010365769267, 0.008673179894685745, 0.005014342721551657, 0.01068462710827589, 0.014629454351961613, 0.005840112455189228, 0.005638832692056894, 0.009506885893642902, 0.00912040751427412, 0.005562353879213333, 0.007859766483306885, 0.011273161508142948, 0.016420915722846985, 0.011345897801220417, 0.004383892752230167, 0.005054778885096312, 0.0031441187020391226, 0.0031361375004053116, 0.004009670577943325, 0.02758295275270939, 0.010532625950872898, 0.007693997584283352, 0.0018320349045097828, 0.0023221331648528576, 0.00832189992070198, 0.005808824673295021, 0.019094612449407578, 0.013646379113197327, 0.005635668523609638, 0.003686304669827223, 0.0014145764289423823, 0.005457588005810976, 0.006829594261944294, 0.01099771074950695, 0.008670886047184467, 0.007026422303169966, 0.006308159325271845, 0.0075125484727323055, 0.03827408701181412, 0.004847785457968712, 0.015190902166068554, 0.008177035488188267, 0.017265260219573975, 0.009179139509797096, 0.008764815516769886, 0.005957595072686672, 0.003483254462480545, 0.009200395084917545, 0.01737055741250515, 0.006772405002266169, 0.007182813715189695, 0.012707873247563839, 0.004437332507222891, 0.008915763348340988, 0.08372887223958969, 0.011797106824815273, 0.014667581766843796, 0.003993959166109562, 0.002152367029339075, 0.017099568620324135, 0.013752640224993229, 0.0030962403398007154, 0.005353061482310295, 0.01425832137465477, 0.003953475505113602, 0.00903448648750782, 0.008463862352073193, 0.011203131638467312, 0.01231748890131712, 0.009745093062520027, 0.005452416837215424, 0.003090552520006895, 0.008103970438241959, 0.008721071295440197, 0.004622347187250853, 0.0061205485835671425, 0.012384590692818165, 0.014602803625166416, 0.009681970812380314, 0.007945128716528416, 0.004632129333913326, 0.004280831664800644, 0.004246401600539684, 0.004493903834372759, 0.014634676277637482, 0.0014902473194524646, 0.00514258025214076, 0.010141651146113873, 0.0039302026852965355, 0.005243831314146519, 0.0077466657385230064, 0.0028772554360330105, 0.021818919107317924, 0.006658654659986496, 0.0025645422283560038, 0.012890652753412724, 0.019613225013017654, 0.003176370169967413, 0.01268073171377182, 0.0039998251013457775, 0.01164246629923582, 0.022149965167045593, 0.02431727573275566, 0.004502467345446348, 0.007219663821160793, 0.004819533322006464, 0.006174847017973661, 0.012171744368970394, 0.005575818009674549, 0.0042640939354896545, 0.005026198923587799, 0.0029036072082817554, 0.00802035816013813, 0.011339074932038784, 0.006286739371716976, 0.0035229867789894342, 0.013454124331474304, 0.005468697287142277, 0.010189696215093136, 0.0029836874455213547, 0.0033731283619999886, 0.011395446956157684, 0.004146389197558165, 0.00849035382270813, 0.0038526561111211777, 0.013936563394963741, 0.014552276581525803, 0.01367380190640688, 0.00958238635212183, 0.012283744290471077, 0.017812300473451614, 0.034714266657829285, 0.004630382172763348, 0.006946508772671223, 0.0060721938498318195, 0.007241967134177685, 0.02894890122115612, 0.004261247348040342, 0.009254645556211472, 0.023521505296230316, 0.006695653777569532, 0.005787794943898916, 0.013509421609342098, 0.0064370036125183105, 0.014610604383051395, 0.011882005259394646, 0.00983643252402544, 0.005310393869876862, 0.005768085364252329, 0.01581341028213501, 0.004216907545924187, 0.006735506001859903, 0.005665950942784548, 0.012226887978613377, 0.006253487430512905, 0.011991479434072971, 0.007330555934458971, 0.012781688943505287, 0.007982197217643261, 0.010776582174003124, 0.024804523214697838, 0.009907210245728493, 0.004973023198544979, 0.005178722087293863, 0.005283293779939413, 0.005724654067307711, 0.011950726620852947, 0.00521338265389204, 0.004701672587543726, 0.012438870966434479, 0.0022283184807747602, 0.006963149644434452, 0.004710881505161524, 0.008472248911857605, 0.010054944083094597, 0.0042570061050355434, 0.007916776463389397, 0.008028572425246239, 0.008652586489915848, 0.010611497797071934, 0.009939945302903652, 0.002888554008677602, 0.006374136079102755, 0.00301165203563869, 0.00585752772167325, 0.006116967648267746, 0.005782696884125471, 0.011260469444096088, 0.006337583065032959, 0.004832693375647068, 0.005325860809534788, 0.003632991574704647, 0.007026648614555597, 0.006363146472722292, 0.006552462000399828, 0.010437970981001854, 0.012800733558833599, 0.02431931160390377, 0.025521982461214066, 0.008369922637939453, 0.010553339496254921, 0.006689534988254309, 0.014549743384122849, 0.00419640215113759, 0.002727921586483717, 0.010764000006020069, 0.012037495151162148, 0.00985910464078188, 0.003314295783638954, 0.0037587773986160755, 0.009713699109852314, 0.0029368221294134855, 0.012484487146139145, 0.004738010931760073, 0.014828293584287167, 0.01964864321053028, 0.007129850797355175, 0.008400238119065762, 0.008714414201676846, 0.011749381199479103, 0.01238162349909544, 0.01667885296046734, 0.01626269705593586, 0.0157987792044878, 0.013495586812496185, 0.005366557277739048, 0.004548285622149706, 0.003082417882978916, 0.0032572755590081215, 0.010548124089837074, 0.009591944515705109, 0.006490703206509352, 0.008476956747472286, 0.004523846320807934, 0.007207684684544802, 0.004359345883131027, 0.0056535350158810616, 0.01238509826362133, 0.019187089055776596, 0.0049729980528354645, 0.0024654718581587076, 0.0064606815576553345, 0.006648376118391752, 0.010122321546077728, 0.005743410438299179, 0.006112340372055769, 0.005095601547509432, 0.010704202577471733, 0.01551420520991087, 0.0033456385135650635, 0.019878916442394257, 0.006240006070584059, 0.003873241599649191, 0.013164214789867401, 0.006217260379344225, 0.003264778293669224, 0.005440578795969486, 0.010492540895938873, 0.011358902789652348, 0.011069746688008308, 0.016870025545358658, 0.008002308197319508, 0.007899151183664799, 0.0132638830691576, 0.006079859100282192, 0.003184711327776313, 0.006578764878213406, 0.013737818226218224, 0.0076318527571856976, 0.006256639026105404, 0.002413035137578845, 0.05250752717256546, 0.0064755151979625225, 0.005543057341128588, 0.007536591961979866, 0.0061503383331000805, 0.010199830867350101, 0.0029817000031471252, 0.006733628921210766, 0.006300079636275768, 0.005366617348045111, 0.00534175056964159, 0.006265066564083099, 0.014828784391283989, 0.011065291240811348, 0.005975187756121159, 0.0058295815251767635, 0.0046773566864430904, 0.002656571799889207, 0.005540991667658091, 0.012556694447994232, 0.010867180302739143, 0.00299668381921947, 0.0050956797786056995, 0.007765128742903471, 0.011521736159920692, 0.016302738338708878, 0.0034211198799312115, 0.0044469526037573814, 0.01791774109005928, 0.014403987675905228, 0.007436908781528473, 0.005908386316150427, 0.010404059663414955, 0.004666909575462341, 0.007106476463377476, 0.00580030120909214, 0.006113033276051283, 0.01035568118095398, 0.005652811378240585, 0.004884997382760048, 0.007009480614215136, 0.007190539035946131, 0.013364376500248909, 0.002711615292355418, 0.005251970607787371, 0.008826608769595623, 0.00677070114761591, 0.016535822302103043, 0.01841704733669758, 0.004693168681114912, 0.023951513692736626, 0.006568677723407745, 0.006135026458650827, 0.0038619781844317913, 0.013189533725380898, 0.00872526504099369, 0.002638119040057063, 0.008164624683558941, 0.011025388725101948, 0.011093690060079098, 0.004921970888972282, 0.005617719609290361, 0.011436477303504944]

MULTIPLIERS: [1130649856, 1430268544, 1874673024, 1192032768, 1378332032, 1468483968, 2010656896, 1605317888, 1549990528, 1306616448, 1253499264, 1528968192, 1080238080, 1549371520, 1128436736, 1559368320, 1205035264, 1389447040, 1728497536, 1724109824, 1102169856, 1895486080, 1447593088, 2114909952, 2014343680, 1276606208, 1143753216, 1596717568, 1312171776, 1875544064, 1549120768, 2026567424, 1555343232, 1500170368, 1877304576, 1511513856, 1191717504, 1931408256, 1733973632, 2065033600, 1315087616, 1332549120, 2087821696, 1123843200, 1186459648, 1261571328, 1204627072, 1637611264, 1914939392, 1264492672, 1193695616, 1861584512, 1974396800, 1746556800, 1219724672, 1225373184, 1438451072, 1621382016, 2015897088, 1097851136, 1183276288, 1175073408, 1890148480, 1702176128, 1471438336, 1959648768, 1086723072, 1241690368, 1163264384, 1539746688, 1692902784, 1339355392, 1498748928, 1699049216, 1113801216, 1198614912, 1270581120, 1682403584, 1702125184, 2006994048, 1330679936, 1091970176, 1273270016, 1176706048, 1167241984, 1235274880, 2011374592, 1638544256, 1413581696, 1393857920, 1080325888, 1441413376, 2129387264, 1581787904, 1499384704, 1830317056, 1409872000, 1771677824, 1347810560, 1746227968, 1742826496, 1099463552, 1600128384, 1522134016, 1671070464, 1237628800, 1984526080, 1324783232, 1697329024, 1672871808, 1532669184, 1172105216, 1381591040, 1596274944, 1102309632, 1558430592, 1728085760, 1936782464, 1849120768, 1503224064, 1400461184, 1640299520, 1854396928, 1566178304, 1139750784, 1166905344, 2118020096, 1915426688, 2000049664, 1879313024, 1316993152, 1688264960, 1224051968, 1192773120, 1272789760, 1909441792, 1669111936, 1990656768, 1989353344, 1171322752, 1271948800, 1616385536, 1840487296, 1590936960, 1856720768, 1769390080, 2008066176, 1633050368, 1351908992, 1459709952, 1585519232, 1086689280, 1159134720, 1851441792, 1557444736, 1680450688, 1718945536, 1648096384, 2015007872, 1756701952, 1097064832, 1481122176, 1704553856, 1361636608, 1366974208, 1423516288, 1452260736, 1573580928, 1642495360, 1433043712, 1292385920, 1709585408, 1225031040, 1914016000, 1294917248, 1164417024, 1381940992, 1170156928, 1088073472, 1103438592, 1189202432, 1458433152, 1366135680, 1587999360, 1752109184, 1655673216, 1610104960, 1681419264, 1589535616, 1547627136, 1742061568, 1328400640, 1463961472, 1997258240, 1931470464, 1749088384, 1801127040, 1434583808, 1759319424, 1671210368, 1753857280, 1150353408, 1450439936, 1838805376, 1999701504, 1153498240, 1499690752, 1479392896, 1654420736, 1355025024, 1822053376, 2066409728, 1335040640, 1614535040, 1715854848, 1302374528, 2037985152, 1350244480, 1959838464, 1154519936, 1197699968, 1614822656, 1701717376, 1146162048, 1117564032, 1085683840, 1854819328, 1475148032, 1250223232, 1694577152, 1790706176, 1449723136, 1318306816, 1784150912, 1165064064, 1243505408, 1981233280, 1198287872, 1554031872, 1702194944, 1318526720, 1366967296, 1355407488, 1775898624, 1827491712, 1391201280, 1578736640, 1680147328, 1400668288, 1471174400, 2132256128, 1839284224, 1366068736, 1715239808, 2129337088, 1809275904, 1708987520, 1794830848, 1495494912, 1442083840, 1561155712, 1521414400, 1159299328, 1099828864, 1085651072, 1822974208, 1671218944, 1750813568, 1808357120, 1888111360, 2097827712, 1719811840, 1326580096, 1804144896, 1779976064, 1523664000, 2071642624, 1690592128, 1401854080, 1639206912, 1850925824, 1731752704, 1475164544, 1468329216, 1722128384, 2038052608, 1520802048, 1642447104, 1602423168, 1285702016, 1460465792, 1523096192, 1725778944, 1493573888, 1647444352, 1400689792, 2134462336, 1583535360, 1120315648, 1880780544, 1222369024, 1231297792, 1979668992, 2044241920, 1624084864, 1429923072, 1282830336, 1953413376, 1594374656, 1680337792, 1423273984, 1553832960, 1342777856, 1926751360, 1976520320, 1836785920, 1490726272, 1443650688, 1213119872, 1861116160, 1136333056, 1265609856, 1290048384, 1645935488, 1805584384, 1686383232, 2123144960, 1812755712, 1199191296, 1450321280, 1122137472, 1515317888, 1524705152, 1352941056, 1544187008, 1571817472]
SHIFTS: [-5, -6, -8, -6, -7, -6, -6, -7, -7, -6, -6, -7, -6, -6, -5, -6, -7, -7, -8, -8, -7, -5, -6, -7, -9, -8, -6, -7, -5, -6, -7, -8, -9, -7, -7, -6, -6, -7, -7, -7, -4, -7, -6, -6, -5, -6, -6, -7, -8, -6, -5, -7, -7, -6, -7, -6, -3, -6, -6, -7, -8, -5, -6, -8, -7, -6, -7, -6, -6, -6, -6, -6, -7, -8, -6, -6, -7, -7, -6, -6, -6, -6, -7, -7, -7, -7, -6, -9, -7, -6, -7, -7, -7, -8, -5, -7, -8, -6, -5, -8, -6, -7, -6, -5, -5, -7, -7, -7, -7, -6, -7, -7, -7, -8, -6, -6, -7, -8, -6, -7, -6, -8, -8, -6, -7, -6, -8, -6, -6, -6, -6, -6, -5, -4, -7, -7, -7, -7, -5, -7, -6, -5, -7, -7, -6, -7, -6, -6, -6, -7, -7, -5, -7, -7, -7, -6, -7, -6, -7, -6, -6, -6, -5, -6, -7, -7, -7, -7, -6, -7, -7, -6, -8, -7, -7, -6, -6, -7, -6, -6, -6, -6, -6, -8, -7, -8, -7, -7, -7, -6, -7, -7, -7, -8, -7, -7, -7, -6, -6, -5, -5, -6, -6, -7, -6, -7, -8, -6, -6, -6, -8, -8, -6, -8, -6, -7, -6, -5, -7, -6, -6, -6, -6, -5, -5, -5, -6, -7, -7, -8, -8, -6, -6, -7, -6, -7, -7, -7, -7, -6, -5, -7, -8, -7, -7, -6, -7, -7, -7, -6, -6, -8, -5, -7, -8, -6, -7, -8, -7, -6, -6, -6, -5, -6, -6, -6, -7, -8, -7, -6, -7, -7, -8, -4, -7, -7, -7, -7, -6, -8, -7, -7, -7, -7, -7, -6, -6, -7, -7, -7, -8, -7, -6, -6, -8, -7, -7, -6, -5, -8, -7, -5, -6, -7, -7, -6, -7, -7, -7, -7, -6, -7, -7, -7, -7, -6, -8, -7, -6, -7, -5, -5, -7, -5, -7, -7, -8, -6, -6, -8, -6, -6, -6, -7, -7, -6]
Q6: [127, 127, 127, 127, 127, 127, 127, 127, 127, 127, 127, 127, 127, 127, 127, 127, 127, 127, 127, 127, 127, 127, 127, 127, 127, 127, 127, 127, 127, 127, 127, 127, 127, 127, 127, 127, 127, 127, 127, 127, 127, 127, 127, 127, 127, 127, 127, 127, 127, 127, 127, 127, 127, 127, 127, 127, 127, 127, 127, 127, 127, 127, 127, 127, 127, 127, 127, 127, 127, 127, 127, 127, 127, 127, 127, 127, 127, 127, 127, 127, 127, 127, 127, 127, 127, 127, 127, 127, 127, 127, 127, 127, 127, 127, 127, 127, 127, 127, 127, 127, 127, 127, 127, 127, 127, 127, 127, 127, 127, 127, 127, 127, 127, 127, 127, 127, 127, 127, 127, 127, 127, 127, 127, 127, 127, 127, 127, 127, 127, 127, 127, 127, 127, 127, 127, 127, 127, 127, 127, 127, 127, 127, 127, 127, 127, 127, 127, 127, 127, 127, 127, 127, 127, 127, 127, 127, 127, 127, 127, 127, 127, 127, 127, 127, 127, 127, 127, 127, 127, 127, 127, 127, 127, 127, 127, 127, 127, 127, 127, 127, 127, 127, 127, 127, 127, 127, 127, 127, 127, 127, 127, 127, 127, 127, 127, 127, 127, 127, 127, 127, 127, 127, 127, 127, 127, 127, 127, 127, 127, 127, 127, 127, 127, 127, 127, 127, 127, 127, 127, 127, 127, 127, 127, 127, 127, 127, 127, 127, 127, 127, 127, 127, 127, 127, 127, 127, 127, 127, 127, 127, 127, 127, 127, 127, 127, 127, 127, 127, 127, 127, 127, 127, 127, 127, 127, 127, 127, 127, 127, 127, 127, 127, 127, 127, 127, 127, 127, 127, 127, 127, 127, 127, 127, 127, 127, 127, 127, 127, 127, 127, 127, 127, 127, 127, 127, 127, 127, 127, 127, 127, 127, 127, 127, 127, 127, 127, 127, 127, 127, 127, 127, 127, 127, 127, 127, 127, 127, 127, 127, 127, 127, 127, 127, 127, 127, 127, 127, 127, 127, 127, 127, 127, 127, 127, 127, 127, 127, 127, 127, 127, 127, 127, 127, 127, 127, 127]

OFFSETS:
  MUL   = 18336
  SHIFT = 18336
  Q6    = 18336

================================================================================
OP_INDEX: 57
TIPO: CONV_2D
NFEAT: 56

INPUT_SCALE: 0.0235294122248888
WEIGHT_SCALES: [0.019575702026486397, 0.009259930811822414, 0.007208061404526234, 0.013129765167832375, 0.009175308980047703, 0.011373843997716904, 0.01005048118531704, 0.017807073891162872, 0.0062145027332007885, 0.019661393016576767, 0.008623335510492325, 0.006650988012552261, 0.009187032468616962, 0.008391354233026505, 0.004390441346913576, 0.0071996054612100124, 0.010841066017746925, 0.005730872508138418, 0.008680921047925949, 0.006070886272937059, 0.007345698308199644, 0.004865848459303379, 0.02205626480281353, 0.01611991599202156, 0.015971336513757706, 0.005981285125017166, 0.007142425049096346, 0.008057981729507446, 0.00977337546646595, 0.006105007603764534, 0.006224161479622126, 0.00784353632479906, 0.0081312982365489, 0.007914640940725803, 0.006126800086349249, 0.006453228183090687, 0.008988114073872566, 0.0058248331770300865, 0.01057414710521698, 0.01032090000808239, 0.006995261646807194, 0.007491429802030325, 0.006184834521263838, 0.005488486960530281, 0.006834691856056452, 0.00811876729130745, 0.020267298445105553, 0.009823978878557682, 0.005223154556006193, 0.00898690801113844, 0.005165801849216223, 0.007161603309214115, 0.006651496980339289, 0.008995392359793186, 0.007155402563512325, 0.009206200949847698]
OUTPUT_SCALES: [0.23106145858764648]
OUTPUT_ZERO_POINT: 3

REAL_MULTIPLIERS: [0.001993429650224736, 0.0009429557424985788, 0.000734010116468971, 0.0013370280744277759, 0.0009343385461248394, 0.0011582194003261015, 0.0010234589373463642, 0.0018133270025441916, 0.0006328342142214679, 0.002002155720951198, 0.0008781300750896577, 0.0006772823109777724, 0.0009355323704733309, 0.0008545069960209382, 0.00044708669689947435, 0.0007331490322481155, 0.0011039656412107446, 0.000583585261153028, 0.0008839941160108464, 0.0006182094865993022, 0.0007480259348736684, 0.0004954982753186447, 0.002246029908487956, 0.0016415206184764003, 0.0016263904976263103, 0.0006090852373276276, 0.0007273262459814862, 0.0008205590623945793, 0.0009952407536277317, 0.0006216841243152106, 0.0006338177820891359, 0.0007987216934194209, 0.0008280250168103953, 0.0008059624069051713, 0.0006239032927965044, 0.0006571440647407434, 0.0009152761454080906, 0.0005931534484430764, 0.0010767847986681367, 0.001050996182169051, 0.0007123403267457815, 0.0007628660402441202, 0.0006298130457717106, 0.0005589026961684227, 0.0006959892103781626, 0.0008267489676676441, 0.002063856182310243, 0.0010003937919162036, 0.000531883410646601, 0.0009151533298272759, 0.0005260430792969981, 0.0007292792033930139, 0.0006773341401012591, 0.0009160173066158648, 0.0007286477700825391, 0.000937484332082852]

MULTIPLIERS: [1095899540, 2073581607, 1614105316, 1470077914, 2054632191, 1273475698, 1125305002, 1993774124, 1391617154, 1100696748, 1931028457, 1489359552, 2057257439, 1879080756, 1966308087, 1612211772, 1213823059, 1283317561, 1943923619, 1359457038, 1644926427, 1089612231, 1234768000, 1804871007, 1788235263, 1339392601, 1599407329, 1804428461, 1094278781, 1367097847, 1393780043, 1756407579, 1820846268, 1772330076, 1371977850, 1445075081, 2012713529, 1304358227, 1183937407, 1155582523, 1566452944, 1677560163, 1384973534, 1229040026, 1530496459, 1818040206, 1134616935, 1099944607, 1169623989, 2012443455, 1156780965, 1603701928, 1489473526, 2014343360, 1602313392, 2061549848]
SHIFTS: [-8, -10, -10, -9, -10, -9, -9, -9, -10, -8, -10, -10, -10, -10, -11, -10, -9, -10, -10, -10, -10, -10, -8, -9, -9, -10, -10, -10, -9, -10, -10, -10, -10, -10, -10, -10, -10, -10, -9, -9, -10, -10, -10, -10, -10, -10, -8, -9, -10, -10, -10, -10, -10, -10, -10, -10]
Q6: [29, 29, 29, 29, 29, 29, 29, 29, 29, 29, 29, 29, 29, 29, 29, 29, 29, 29, 29, 29, 29, 29, 29, 29, 29, 29, 29, 29, 29, 29, 29, 29, 29, 29, 29, 29, 29, 29, 29, 29, 29, 29, 29, 29, 29, 29, 29, 29, 29, 29, 29, 29, 29, 29, 29, 29]

OFFSETS:
  MUL   = 19680
  SHIFT = 19680
  Q6    = 19680

================================================================================
OP_INDEX: 59
TIPO: CONV_2D
NFEAT: 336

INPUT_SCALE: 0.21971821784973145
WEIGHT_SCALES: [0.0005852055619470775, 0.0007564889965578914, 0.00057156418915838, 0.00047269166680052876, 0.0008478522067889571, 0.0005415407358668745, 0.0006823134026490152, 0.0008630763622932136, 0.0009927772916853428, 0.0012202151119709015, 0.0008574800449423492, 0.0007868139655329287, 0.0008042705012485385, 0.0008364070672541857, 0.0008356781327165663, 0.0008476427174173295, 0.0015182018978521228, 0.0007849688990972936, 0.0008510776096954942, 0.0015856764512136579, 0.0011548214824870229, 0.0007452029385603964, 0.0010188771411776543, 0.0006354622892104089, 0.0015066544292494655, 0.0007140137022361159, 0.000696537084877491, 0.0010293391533195972, 0.0012494457187131047, 0.0008185896440409124, 0.0007127130520530045, 0.0012894411338493228, 0.0008655670681037009, 0.0007090239669196308, 0.0011824953835457563, 0.0007176049402914941, 0.0009985800134018064, 0.0011264793574810028, 0.0007385981152765453, 0.0009828639449551702, 0.0007844818173907697, 0.0008485039579682052, 0.0009789606556296349, 0.0008216448477469385, 0.0017159641720354557, 0.0008682323968969285, 0.0008519930997863412, 0.0014688634546473622, 0.0011324260849505663, 0.0007941107614897192, 0.0012443013256415725, 0.0008622735040262341, 0.001386001124046743, 0.0008485258440487087, 0.0008931990014389157, 0.0004973058821633458, 0.0010708629852160811, 0.0012180693447589874, 0.0008160772267729044, 0.0008680972969159484, 0.0006680862279608846, 0.000454878609161824, 0.0009788988390937448, 0.0005064416909590364, 0.0008005222189240158, 0.0007180747343227267, 0.0016616735374554992, 0.0010598460212349892, 0.0006448350613936782, 0.0013215926010161638, 0.0009189174161292613, 0.0009559280588291585, 0.0009853910887613893, 0.0006381521234288812, 0.0011831421870738268, 0.0009587742970325053, 0.0007472449215129018, 0.0010665042791515589, 0.0015024590538814664, 0.0008605222101323307, 0.0009586156811565161, 0.0007153090555220842, 0.0018153699347749352, 0.0011974363587796688, 0.0006910425145179033, 0.0008821708615869284, 0.0008557654800824821, 0.000827741518151015, 0.001264138612896204, 0.0008456749492324889, 0.0007968036225065589, 0.0008000307134352624, 0.0004987335414625704, 0.0012196191819384694, 0.0009070712840184569, 0.0007142032845877111, 0.0006892360979691148, 0.0004180282703600824, 0.0006625365931540728, 0.0007044495432637632, 0.0006907520000822842, 0.001078851637430489, 0.0005921191768720746, 0.0011488209711387753, 0.0007867311942391098, 0.0009948485530912876, 0.00083304347936064, 0.0009160147164948285, 0.0005907465820200741, 0.0010194106725975871, 0.00040998219628818333, 0.0005892975023016334, 0.0007737964624539018, 0.000762959651183337, 0.0014894292689859867, 0.001988910837098956, 0.0007295816321857274, 0.0011857225326821208, 0.001043416210450232, 0.0006829449557699263, 0.0011171757942065597, 0.000576047517824918, 0.001085242722183466, 0.0007795775309205055, 0.0011400978546589613, 0.0005385695840232074, 0.0007868607062846422, 0.001278106588870287, 0.0008794444729574025, 0.0007142501999624074, 0.0009801803389564157, 0.0008636049460619688, 0.000631459173746407, 0.0007343957549892366, 0.001055418630130589, 0.0011508835013955832, 0.0011043595150113106, 0.0010439972393214703, 0.00140747195109725, 0.0008368510752916336, 0.0008532200590707362, 0.0008890429162420332, 0.0006451131775975227, 0.0006803887081332505, 0.0008604018948972225, 0.001158168539404869, 0.00078565813601017, 0.0012762153055518866, 0.0015405406011268497, 0.0009689447470009327, 0.0004440474440343678, 0.000901582301594317, 0.0007696872926317155, 0.0008614987600594759, 0.00104433111846447, 0.0007652310887351632, 0.0007262659491971135, 0.0010228707687929273, 0.0010220467811450362, 0.0005815607728436589, 0.0009943059412762523, 0.0015213970327749848, 0.0008203214965760708, 0.0007019318290986121, 0.0008069720352068543, 0.0007006570813246071, 0.0007546128472313285, 0.0008572220685891807, 0.0010468014515936375, 0.0011752888094633818, 0.0004679401754401624, 0.0013267811154946685, 0.0010228772880509496, 0.0011059301905333996, 0.0005894729401916265, 0.001390339806675911, 0.001060523558408022, 0.0007295190007425845, 0.0008073380449786782, 0.0006732295150868595, 0.0008471286855638027, 0.0008179716533049941, 0.0007532156887464225, 0.0010941941291093826, 0.0009060785523615777, 0.0008039607782848179, 0.0008800022769719362, 0.0009037759155035019, 0.0005812267190776765, 0.0007486218237318099, 0.0008819525828585029, 0.001015739981085062, 0.0009574976284056902, 0.0009601770434528589, 0.0006156570743769407, 0.0008557949913665652, 0.0007338318391703069, 0.0008267345256172121, 0.0009496876737102866, 0.0008272585109807551, 0.0008023370173759758, 0.0009017572156153619, 0.0007676291279494762, 0.001059578382410109, 0.0006943286280147731, 0.0011738283792510629, 0.0008453135960735381, 0.0008892404730431736, 0.0007563484832644463, 0.0009897564304992557, 0.0007470769924111664, 0.000917249359190464, 0.0012830763589590788, 0.0011425813427194953, 0.0007510260329581797, 0.001210757065564394, 0.0010162580292671919, 0.0011189148062840104, 0.000628518289886415, 0.0015406068414449692, 0.000904554093722254, 0.0007214209763333201, 0.0015311096794903278, 0.0009529472445137799, 0.0005546918837353587, 0.0008024235139600933, 0.0008294663857668638, 0.0007716598338447511, 0.0009719895897433162, 0.001104369992390275, 0.0014556434471160173, 0.0015228966949507594, 0.0007407848606817424, 0.0005948279867880046, 0.0007775089470669627, 0.0011464916169643402, 0.000862795568536967, 0.0006580489571206272, 0.0014966033631935716, 0.00083018938312307, 0.000637176213786006, 0.0008119099074974656, 0.0009206318645738065, 0.001472556497901678, 0.0008251650142483413, 0.0006709712324663997, 0.0010604433482512832, 0.0006842582952231169, 0.001284866244532168, 0.0009309371234849095, 0.0005851036985404789, 0.0009095636778511107, 0.0012551782419905066, 0.0007121706730686128, 0.0005605234764516354, 0.0007440923363901675, 0.0008892407640814781, 0.0006882723537273705, 0.0008251932449638844, 0.0007038860348984599, 0.000591157004237175, 0.0009023057646118104, 0.0016893487190827727, 0.0007549271686002612, 0.0009353028726764023, 0.0007109938305802643, 0.0006725870771333575, 0.00071091199060902, 0.0005245936918072402, 0.0011989715276286006, 0.0011768952244892716, 0.0011027364525943995, 0.000825650233309716, 0.0007330700173042715, 0.0004855490115005523, 0.0011253154370933771, 0.00063019257504493, 0.0007876749150454998, 0.0014131937641650438, 0.0006311584147624671, 0.000887640577275306, 0.0005392780294641852, 0.0008983035804703832, 0.001207515480928123, 0.0015446876641362906, 0.0005807321285828948, 0.0008915265207178891, 0.0009437062544748187, 0.0009084302582778037, 0.0013640702236443758, 0.0008737881435081363, 0.0006251467275433242, 0.0009007715852931142, 0.0006538427551276982, 0.0006185774691402912, 0.0007439701003022492, 0.0009785144357010722, 0.001115721184760332, 0.0007050199201330543, 0.0007426026277244091, 0.0009315902716480196, 0.0008056663791649044, 0.0008139197016134858, 0.000630068767350167, 0.0010449627880007029, 0.0005106487078592181, 0.0006467021303251386, 0.0007786939386278391, 0.0008363455417566001, 0.0008498452370986342, 0.0008288100361824036, 0.0007838624878786504, 0.0011027263244614005, 0.0009238279890269041, 0.0008875321364030242, 0.0007074215682223439, 0.0010135025950148702, 0.0014720770996063948, 0.0007092371233738959, 0.0009097346337512136, 0.0006142555503174663, 0.0007764567853882909, 0.000896751182153821, 0.0006066132336854935, 0.0011363261146470904, 0.0011264182394370437, 0.0007216823869384825, 0.001022891839966178, 0.0006814611260779202, 0.0007880995399318635, 0.0015162788331508636, 0.0005295448936522007, 0.0007693649968132377, 0.0017196378903463483, 0.0007268979679793119, 0.0007446750532835722]
OUTPUT_SCALES: [0.0235294122248888]
OUTPUT_ZERO_POINT: -128

REAL_MULTIPLIERS: [0.005464663626860749, 0.007064112463073524, 0.0053372801593304375, 0.004414006165099692, 0.007917264319870278, 0.005056920429650219, 0.006371458981302128, 0.008059427850505528, 0.009270578251846552, 0.011394398093462108, 0.008007169304346317, 0.007347287753465849, 0.007510297304261463, 0.007810389331341602, 0.007803582523079496, 0.007915308103074357, 0.01417700587434563, 0.0073300584786681, 0.007947383209866266, 0.01480708487815182, 0.010783750806925762, 0.00695872298176998, 0.00951429927478528, 0.00593396215602583, 0.014069175334517363, 0.006667477142062337, 0.006504280068400762, 0.009611993796049966, 0.011667354202976382, 0.0076440098044040835, 0.006655331639338011, 0.012040832352447305, 0.008082686121330049, 0.006620882873544218, 0.011042170361288576, 0.006701012209486043, 0.009324764206941116, 0.010519091361255038, 0.006897046982927767, 0.009178007181406636, 0.00732551009796561, 0.007923350388073647, 0.009141558171709262, 0.0076725393701679865, 0.01602371475199067, 0.008107575025771618, 0.007955932078375917, 0.013716282303828075, 0.010574622045539129, 0.00741542540978789, 0.011619315736618096, 0.008051930740678873, 0.012942511865687461, 0.007923554760820318, 0.008340713780080231, 0.0046438543007691, 0.009999744338026388, 0.011374360867575801, 0.007620548791466511, 0.00810631345889656, 0.006238605281531154, 0.0042476674040026014, 0.009140980927408827, 0.004729164703256831, 0.00747529575367149, 0.0067053991574604465, 0.015516747499182661, 0.009896867663126717, 0.006021485328331899, 0.012341063526929432, 0.008580872955654783, 0.008926479228254014, 0.009201605711112582, 0.005959079892718325, 0.011048210228206129, 0.008953057469122847, 0.006977791067743221, 0.009959042635855748, 0.014029998818323204, 0.00803557711613348, 0.008951576310254027, 0.006679573182233612, 0.016951968157743347, 0.011181689547741512, 0.006452971638095752, 0.00823773274462907, 0.007991158656405045, 0.007729470225184584, 0.011804556802604027, 0.007896933036388363, 0.007440571410796415, 0.007470706063584034, 0.00465718581767756, 0.011388833284471656, 0.008470253488796821, 0.006669247466625914, 0.00643610327687191, 0.0039035580530638217, 0.006186782658092234, 0.006578166795311982, 0.006450258807301519, 0.01007434256473918, 0.0055292231294824445, 0.010727717887487621, 0.007346514833131367, 0.00928991974072292, 0.007778980066609989, 0.008553767476583103, 0.005516405805707895, 0.009519281404029906, 0.0038284236196632886, 0.005502874264409077, 0.007225729996304717, 0.007124535591753303, 0.01390832637326434, 0.018572497281812803, 0.006812850846745019, 0.011072305557620735, 0.009743445694454816, 0.006377356439550458, 0.010432214463405861, 0.005379145590359112, 0.010134022668034124, 0.007279713752830767, 0.010646261215781517, 0.005029175742200656, 0.007347724219730679, 0.011934990098542762, 0.008212273661966071, 0.006669685563524362, 0.009152947603979816, 0.008064363778464338, 0.005896580967444042, 0.006857805241388926, 0.009855524578400037, 0.010746977844683134, 0.010312535739716109, 0.00974887135604328, 0.013143006965616355, 0.00781453548908522, 0.00796738945371385, 0.008301904156449907, 0.00602408238413932, 0.006353486137575005, 0.008034453609571333, 0.010815005705008296, 0.007336494589554596, 0.011917329249381034, 0.014385605223351262, 0.0090480293757916, 0.004146525723271472, 0.008418997238767557, 0.007187358469572841, 0.00804469616286456, 0.00975198912751908, 0.0071457463302993475, 0.006781888919169018, 0.009551591865607207, 0.00954389744911289, 0.005430628498461147, 0.009284852818530207, 0.01420684212118133, 0.0076601818850734445, 0.0065546563198213585, 0.007535524293406301, 0.006542752694416895, 0.007046592935491941, 0.008004760314949396, 0.009775057157754943, 0.010974875199002011, 0.004369636624379768, 0.012389514000048294, 0.009551652742595578, 0.010327202745556933, 0.005504512507649673, 0.01298302658853668, 0.00990319452156087, 0.006812265992821038, 0.007538942101467638, 0.006286633420543199, 0.007910508061250302, 0.007638238992033345, 0.007033546235921926, 0.010217611121422252, 0.008460983336683893, 0.007507405103769356, 0.008217482449283468, 0.008439481258264936, 0.005427509096351731, 0.006990648613813658, 0.008235694452607757, 0.009485004398310442, 0.008941135906748596, 0.008966156348968609, 0.005749020583080896, 0.007991434233486326, 0.006852539381894933, 0.0077200669046595975, 0.008868206361770584, 0.007724959892599825, 0.007492242385308949, 0.008420630590107302, 0.007168139278217753, 0.009894368445336319, 0.006483657445045933, 0.010961237666518084, 0.007893558711890148, 0.00830374894661533, 0.007062800346556338, 0.009242369377360669, 0.006976222941748158, 0.008565296599800183, 0.011981397931283997, 0.010669452087083198, 0.0070130991774532, 0.01130607862840638, 0.00948984194470769, 0.01044845340005352, 0.0058691189231547675, 0.014386223777036663, 0.00844674790520705, 0.006736646445919432, 0.014297539050050717, 0.008898644312410975, 0.005179726165072933, 0.007493050092493928, 0.007745577080509263, 0.007205778106911035, 0.009076462190627558, 0.010312633577733132, 0.013592833555215705, 0.014220846002684553, 0.006917466864169543, 0.00555451806169466, 0.007260397267003196, 0.010705966322125254, 0.008056805791649312, 0.006144877004767672, 0.013975318237698134, 0.007752328447228388, 0.0059499668249771735, 0.007581634263740157, 0.008596882516506978, 0.013750768030650522, 0.007705410769709554, 0.006265545523062972, 0.009902445517186106, 0.006389620434984289, 0.011998111925858758, 0.008693113272328091, 0.0054637124239174705, 0.008493527522412973, 0.011720884643356891, 0.0066502668913234544, 0.005234181718258849, 0.006948352151965543, 0.008303751664338025, 0.006427103809939412, 0.007705674388810977, 0.0065729047406297625, 0.005520238338252501, 0.008425752953842994, 0.015775179011525333, 0.007049528076002631, 0.008733880743387953, 0.006639277507833617, 0.006280634319466073, 0.0066385132842117596, 0.0048986685242046165, 0.011196024991413535, 0.01098987594118979, 0.010297379543790171, 0.007709941756986797, 0.006845425470968284, 0.00453406835946172, 0.010508222644652862, 0.005884753438275041, 0.007355327320742443, 0.013196437393801686, 0.005893772472810943, 0.00828880908141592, 0.005035791222785027, 0.00838838046197383, 0.011275808633028546, 0.014424330597578038, 0.005422890598403707, 0.008325096114840667, 0.00881235172494124, 0.008482943623149242, 0.01273772058972218, 0.008159454721387134, 0.00583763519282131, 0.008411426750428134, 0.006105599389289255, 0.005776291299692436, 0.006947210708433608, 0.009137391359273161, 0.010418631285375835, 0.006583492988249806, 0.006934441216578492, 0.008699212385600397, 0.00752333204585162, 0.007600401769583322, 0.005883597319040553, 0.009757887672856487, 0.0047684499283587945, 0.006038920062965395, 0.007271462746728495, 0.007809814804763861, 0.007935875284886205, 0.007739448072287312, 0.007319726784070473, 0.010297284967040382, 0.00862672800359984, 0.008287796457939731, 0.00660591963592963, 0.009464111633319722, 0.013746291397827182, 0.0066228733336460965, 0.008495123912724065, 0.0057359331176704545, 0.0072505721559159315, 0.008373884129118258, 0.00566456898096481, 0.010611040616742319, 0.010518520639489071, 0.006739087504444156, 0.009551788628730332, 0.0063635004021618475, 0.007359292478154569, 0.014159048249865601, 0.004944902966237907, 0.007184348863460306, 0.016058020022026165, 0.006787790725773659, 0.0069537935763456385]

MULTIPLIERS: [1502115300, 1941768448, 1467100399, 1213312776, 1088140522, 1390035703, 1751373309, 1107679329, 1274138573, 1566034149, 1100496969, 2019607079, 2064414804, 2146903472, 2145032431, 1087871662, 1948472851, 2014871132, 1092280031, 2035070250, 1482107425, 1912799208, 1307635335, 1631115097, 1933652734, 1832742161, 1787882891, 1321062368, 1603548951, 2101169416, 1829403631, 1654879397, 1110875922, 1819934426, 1517624339, 1841960211, 1281585834, 1445732908, 1895845839, 1261415702, 2013620883, 1088976985, 1256406188, 2109011563, 1101141293, 1114296627, 1093454979, 1885151485, 1453364987, 2038336616, 1596946595, 1106648934, 1778805286, 1089005074, 1146338973, 1276492950, 1374354397, 1563280254, 2094720502, 1114123238, 1714854762, 1167589925, 1256326852, 1299942895, 2054793651, 1843166086, 2132605538, 1360215134, 1655173284, 1696142856, 1179346199, 1226845963, 1264659059, 1638019408, 1518454452, 1230498849, 1918040604, 1368760397, 1928268355, 1104401309, 1230295280, 1836067096, 1164930381, 1536799709, 1773779337, 1132185367, 1098296483, 2124660597, 1622405933, 1085346212, 2045248696, 2053532046, 1280157490, 1565269328, 1164142775, 1833228785, 1769142598, 2146003735, 1700609868, 1808192720, 1773033640, 1384607099, 1519861281, 1474406320, 2019394621, 1276796847, 2138269759, 1175620850, 1516338082, 1308320074, 2104698143, 1512618560, 1986193538, 1958377431, 1911545821, 1276292295, 1872702181, 1521766088, 1339128979, 1752994390, 1433792638, 1478608281, 1392809470, 2001032480, 1463211000, 1382409302, 2019727054, 1640332549, 1128686298, 1833349208, 1257971540, 1108357718, 1620839834, 1885059151, 1354532984, 1477053388, 1417344120, 1339874677, 1806361123, 1074021579, 1095029668, 1141005019, 1655887157, 1746432971, 1104246896, 1486403066, 2016640277, 1637905260, 1977142527, 1243551688, 1139788312, 1157098170, 1975646053, 1105654622, 1340303180, 1964207795, 1864191431, 1312760790, 1311703277, 1492759795, 1276100455, 1952573513, 2105614763, 1801730210, 2071349145, 1798458166, 1936952717, 1100165880, 1343473626, 1508375362, 1201116569, 1702801838, 1312769157, 1419359938, 1513068877, 1784373587, 1361084691, 1872541418, 2072288625, 1728056636, 1087211949, 2099583147, 1933366468, 1404297780, 1162868695, 2063619802, 1129402188, 1159913472, 1491902340, 1921574859, 1131905227, 1303609078, 1228860362, 1232299145, 1580278745, 1098334358, 1883611683, 2122075832, 1218837002, 2123420807, 2059451905, 1157322656, 1970363121, 1359871644, 1782214188, 1506501034, 1084882449, 1141258565, 1941407776, 1270261575, 1917609561, 1177205401, 1646710793, 1466398329, 1927746023, 1553895615, 1304273945, 1436024501, 1613291125, 1977227540, 1160912192, 1851755275, 1965038804, 1223020362, 1423792287, 2059673926, 2129088016, 1980709204, 1247459465, 1417357566, 1868184819, 1954498192, 1901458813, 1526814299, 1995722804, 1471416807, 1107318956, 1689090929, 1920753113, 2130943818, 1635514427, 2084023758, 1181546536, 1889891168, 2118047185, 1722260039, 1360981749, 1756365491, 1649007947, 1194772391, 1501853835, 1167341534, 1610906119, 1828011444, 1438760915, 1909948496, 1141258939, 1766668843, 2118119648, 1806746298, 1517391560, 1158026668, 1084062047, 1937759522, 1200375429, 1824990705, 1726407616, 1824780637, 1346535751, 1538769958, 1510437048, 1415261068, 2119292653, 1881656226, 1246315221, 1444239123, 1617588708, 2021816979, 1813704545, 1620067841, 1139205246, 1384227751, 1152890232, 1549735338, 1982464902, 1490632817, 1144192498, 1211160399, 1165886894, 1750658987, 1121426918, 1604636943, 1156057690, 1678294381, 1587774862, 1909634739, 1255833506, 1431925780, 1809656773, 1906124687, 1195610646, 2067997766, 2089182530, 1617270916, 1341113870, 1310741536, 1659965707, 1998764460, 2146745547, 1090698394, 2127403287, 2012031178, 1415248069, 1185648469, 1139066072, 1815821363, 1300737598, 1889275904, 1820481560, 1167560940, 1576681290, 1993022098, 1150897871, 1557064865, 1458370318, 1445654469, 1852426268, 1312787833, 1749185671, 2022906913, 1946004774, 1359244577, 1974818778, 1103498733, 1865813707, 1911444224]
SHIFTS: [-7, -7, -7, -7, -6, -7, -7, -6, -6, -6, -6, -7, -7, -7, -7, -6, -6, -7, -6, -6, -6, -7, -6, -7, -6, -7, -7, -6, -6, -7, -7, -6, -6, -7, -6, -7, -6, -6, -7, -6, -7, -6, -6, -7, -5, -6, -6, -6, -6, -7, -6, -6, -6, -6, -6, -7, -6, -6, -7, -6, -7, -7, -6, -7, -7, -7, -6, -6, -7, -6, -6, -6, -6, -7, -6, -6, -7, -6, -6, -6, -6, -7, -5, -6, -7, -6, -6, -7, -6, -6, -7, -7, -7, -6, -6, -7, -7, -8, -7, -7, -7, -6, -7, -6, -7, -6, -7, -6, -7, -6, -8, -7, -7, -7, -6, -5, -7, -6, -6, -7, -6, -7, -6, -7, -6, -7, -7, -6, -6, -7, -6, -6, -7, -7, -6, -6, -6, -6, -6, -6, -6, -6, -7, -7, -6, -6, -7, -6, -6, -6, -7, -6, -7, -6, -6, -7, -7, -6, -6, -7, -6, -6, -7, -7, -7, -7, -7, -6, -6, -6, -7, -6, -6, -6, -7, -6, -6, -7, -7, -7, -6, -7, -7, -6, -6, -7, -6, -6, -7, -7, -6, -6, -6, -6, -7, -6, -7, -7, -6, -7, -7, -6, -7, -6, -7, -6, -6, -6, -7, -6, -7, -6, -6, -6, -7, -6, -6, -6, -7, -6, -6, -7, -6, -6, -7, -7, -7, -7, -6, -6, -6, -6, -7, -7, -7, -6, -6, -7, -6, -7, -7, -7, -6, -6, -7, -7, -6, -7, -6, -6, -7, -6, -6, -7, -7, -7, -6, -7, -7, -7, -7, -6, -5, -7, -6, -7, -7, -7, -7, -6, -6, -6, -7, -7, -7, -6, -7, -7, -6, -7, -6, -7, -6, -6, -6, -7, -6, -6, -6, -6, -6, -7, -6, -7, -7, -7, -6, -6, -7, -7, -6, -7, -7, -7, -6, -7, -7, -7, -7, -6, -7, -7, -6, -6, -6, -7, -6, -6, -7, -6, -7, -7, -6, -7, -6, -6, -7, -6, -7, -7, -6, -7, -7, -5, -7, -7]
Q6: [127, 127, 127, 127, 127, 127, 127, 127, 127, 127, 127, 127, 127, 127, 127, 127, 127, 127, 127, 127, 127, 127, 127, 127, 127, 127, 127, 127, 127, 127, 127, 127, 127, 127, 127, 127, 127, 127, 127, 127, 127, 127, 127, 127, 127, 127, 127, 127, 127, 127, 127, 127, 127, 127, 127, 127, 127, 127, 127, 127, 127, 127, 127, 127, 127, 127, 127, 127, 127, 127, 127, 127, 127, 127, 127, 127, 127, 127, 127, 127, 127, 127, 127, 127, 127, 127, 127, 127, 127, 127, 127, 127, 127, 127, 127, 127, 127, 127, 127, 127, 127, 127, 127, 127, 127, 127, 127, 127, 127, 127, 127, 127, 127, 127, 127, 127, 127, 127, 127, 127, 127, 127, 127, 127, 127, 127, 127, 127, 127, 127, 127, 127, 127, 127, 127, 127, 127, 127, 127, 127, 127, 127, 127, 127, 127, 127, 127, 127, 127, 127, 127, 127, 127, 127, 127, 127, 127, 127, 127, 127, 127, 127, 127, 127, 127, 127, 127, 127, 127, 127, 127, 127, 127, 127, 127, 127, 127, 127, 127, 127, 127, 127, 127, 127, 127, 127, 127, 127, 127, 127, 127, 127, 127, 127, 127, 127, 127, 127, 127, 127, 127, 127, 127, 127, 127, 127, 127, 127, 127, 127, 127, 127, 127, 127, 127, 127, 127, 127, 127, 127, 127, 127, 127, 127, 127, 127, 127, 127, 127, 127, 127, 127, 127, 127, 127, 127, 127, 127, 127, 127, 127, 127, 127, 127, 127, 127, 127, 127, 127, 127, 127, 127, 127, 127, 127, 127, 127, 127, 127, 127, 127, 127, 127, 127, 127, 127, 127, 127, 127, 127, 127, 127, 127, 127, 127, 127, 127, 127, 127, 127, 127, 127, 127, 127, 127, 127, 127, 127, 127, 127, 127, 127, 127, 127, 127, 127, 127, 127, 127, 127, 127, 127, 127, 127, 127, 127, 127, 127, 127, 127, 127, 127, 127, 127, 127, 127, 127, 127, 127, 127, 127, 127, 127, 127, 127, 127, 127, 127, 127, 127, 127, 127, 127, 127, 127, 127]

OFFSETS:
  MUL   = 19904
  SHIFT = 19904
  Q6    = 19904

================================================================================
OP_INDEX: 60
TIPO: DEPTHWISE_CONV_2D
NFEAT: 336

INPUT_SCALE: 0.0235294122248888
WEIGHT_SCALES: [0.024302653968334198, 0.007564476691186428, 0.007864734157919884, 0.007251222152262926, 0.012493872083723545, 0.013433272950351238, 0.014015724882483482, 0.008415295742452145, 0.010494563728570938, 0.00752801401540637, 0.011916857212781906, 0.00955004058778286, 0.005740768276154995, 0.009345756843686104, 0.004848291631788015, 0.010527552105486393, 0.010751687921583652, 0.004868322517722845, 0.015434415079653263, 0.012169438414275646, 0.008904618211090565, 0.008547513745725155, 0.004755976609885693, 0.011303691193461418, 0.005000521428883076, 0.012646649032831192, 0.0053345332853496075, 0.006331423297524452, 0.0064019206911325455, 0.00648105051368475, 0.008874642662703991, 0.008989335037767887, 0.011871536262333393, 0.00622217683121562, 0.007668375503271818, 0.009609409607946873, 0.006056741811335087, 0.0045852940529584885, 0.005591545719653368, 0.01408928819000721, 0.010930085554718971, 0.006580980494618416, 0.004736033268272877, 0.010750849731266499, 0.009232481941580772, 0.012075685895979404, 0.008785434067249298, 0.004578390624374151, 0.006224062759429216, 0.00906031858175993, 0.00479635875672102, 0.005753176286816597, 0.007970655336976051, 0.008834438398480415, 0.006151025183498859, 0.009482912719249725, 0.0066969506442546844, 0.004960822407156229, 0.005839165300130844, 0.006056902930140495, 0.008938383311033249, 0.005305399652570486, 0.007468008901923895, 0.009823343716561794, 0.01004872564226389, 0.009735804051160812, 0.008969810791313648, 0.0050516631454229355, 0.008541806600987911, 0.016231069341301918, 0.006838344968855381, 0.004787742160260677, 0.0072800335474312305, 0.01374590303748846, 0.010308213531970978, 0.0059371571987867355, 0.009217112325131893, 0.00708792032673955, 0.005402100272476673, 0.005452664103358984, 0.005757097154855728, 0.008909543976187706, 0.006273687817156315, 0.005936070811003447, 0.005808718036860228, 0.008949979208409786, 0.01044517569243908, 0.00792880728840828, 0.006403469480574131, 0.01071507204324007, 0.006543515715748072, 0.013265029527246952, 0.013807345181703568, 0.007059675175696611, 0.005072816275060177, 0.008461902849376202, 0.008426203392446041, 0.004115155432373285, 0.012630525976419449, 0.018135294318199158, 0.009867212735116482, 0.0037023178301751614, 0.009150820784270763, 0.0053069107234478, 0.013393647037446499, 0.009039664641022682, 0.007946501486003399, 0.007393145002424717, 0.010271023027598858, 0.0054009417071938515, 0.006590669043362141, 0.00804729014635086, 0.010304790921509266, 0.005253721494227648, 0.0034512924030423164, 0.00830758549273014, 0.006559543777257204, 0.007171171717345715, 0.003454693593084812, 0.0056373318657279015, 0.005620121490210295, 0.011303829960525036, 0.008835597895085812, 0.008175269700586796, 0.004115194547921419, 0.004288054537028074, 0.013032447546720505, 0.010657018981873989, 0.008334625512361526, 0.005105264019221067, 0.010667627677321434, 0.005391622893512249, 0.006056139245629311, 0.003446470480412245, 0.011298355646431446, 0.00532202422618866, 0.00966199766844511, 0.007241697981953621, 0.012517936527729034, 0.009622663259506226, 0.005566812586039305, 0.0057577877305448055, 0.012937340885400772, 0.004668897949159145, 0.005323383957147598, 0.02074793167412281, 0.006541867274791002, 0.007303413935005665, 0.0078092641197144985, 0.0052904123440384865, 0.011736487969756126, 0.008107585832476616, 0.012960514053702354, 0.007695034146308899, 0.006722755264490843, 0.011282578110694885, 0.007712593302130699, 0.005726407282054424, 0.00826141145080328, 0.015211272053420544, 0.004756531212478876, 0.00772455520927906, 0.005775369703769684, 0.007195749785751104, 0.0076473006047308445, 0.008226772770285606, 0.012163644656538963, 0.006557032931596041, 0.003894070629030466, 0.005979443900287151, 0.010078834369778633, 0.004083444830030203, 0.007665663491934538, 0.004358092322945595, 0.004481163807213306, 0.0053780353628098965, 0.0049637435004115105, 0.005959345959126949, 0.00794302485883236, 0.009051864966750145, 0.00794303324073553, 0.006041236221790314, 0.006513230036944151, 0.012398967519402504, 0.01566820591688156, 0.007451773155480623, 0.007992646656930447, 0.007074751891195774, 0.0073097385466098785, 0.008296900428831577, 0.00393290352076292, 0.007838405668735504, 0.007943596690893173, 0.007211831398308277, 0.014805329032242298, 0.008149619214236736, 0.01949397847056389, 0.007958978414535522, 0.00519088888540864, 0.007630230393260717, 0.016327720135450363, 0.00943714752793312, 0.006010208744555712, 0.006409446708858013, 0.008652454242110252, 0.006534594111144543, 0.009216995909810066, 0.007112316321581602, 0.01516773458570242, 0.005842962302267551, 0.006948620546609163, 0.01580531895160675, 0.0054641058668494225, 0.008280714973807335, 0.006942349951714277, 0.0061010438948869705, 0.003957576584070921, 0.010697386227548122, 0.048425134271383286, 0.007565926294773817, 0.007136350963264704, 0.012208872474730015, 0.008559636771678925, 0.005134882405400276, 0.012301143258810043, 0.008172888308763504, 0.0075190248899161816, 0.008712212555110455, 0.006834506522864103, 0.006402891594916582, 0.00532164890319109, 0.0071449982933700085, 0.01140528079122305, 0.010297040455043316, 0.011892812326550484, 0.01070044282823801, 0.009765811264514923, 0.006630872376263142, 0.010213105008006096, 0.007138293702155352, 0.011940035969018936, 0.008488921448588371, 0.007760637905448675, 0.004405180457979441, 0.007704539690166712, 0.005788426846265793, 0.010910573415458202, 0.011382837779819965, 0.006408155895769596, 0.0045251096598804, 0.009007357060909271, 0.006472874898463488, 0.011537963524460793, 0.010257627815008163, 0.008511645719408989, 0.005033860448747873, 0.007742118090391159, 0.007966346107423306, 0.0078076026402413845, 0.00542440777644515, 0.023223577067255974, 0.007414927706122398, 0.004705704748630524, 0.009818682447075844, 0.007944412529468536, 0.011960744857788086, 0.010288615711033344, 0.0110130300745368, 0.009334739297628403, 0.009509005583822727, 0.007097733672708273, 0.004161420743912458, 0.012797711417078972, 0.015426221303641796, 0.016210611909627914, 0.005884460639208555, 0.012471478432416916, 0.007894551381468773, 0.007857509888708591, 0.010894248262047768, 0.005299184937030077, 0.009686943143606186, 0.005517071112990379, 0.006049504037946463, 0.005184420850127935, 0.00765677634626627, 0.0076047079637646675, 0.013226629234850407, 0.014353078790009022, 0.002423998434096575, 0.008911979384720325, 0.007325360551476479, 0.005992748774588108, 0.006711945403367281, 0.007978945039212704, 0.013082018122076988, 0.006972051225602627, 0.009204292669892311, 0.011300007812678814, 0.011140013113617897, 0.008971872739493847, 0.010591092519462109, 0.008127911947667599, 0.008590907789766788, 0.0059500690549612045, 0.025289835408329964, 0.0052268011495471, 0.012462259270250797, 0.014222820289433002, 0.010430322028696537, 0.010266587138175964, 0.010431238450109959, 0.0055477614514529705, 0.009455791674554348, 0.0058959489688277245, 0.014027165248990059, 0.005723197944462299, 0.005621578544378281, 0.0069013782776892185, 0.009251491166651249, 0.011659414507448673, 0.009202677756547928, 0.010045020841062069, 0.007431885693222284, 0.005831665825098753, 0.0052964654751122, 0.007428633980453014, 0.006778398994356394, 0.008311443030834198, 0.010749360546469688, 0.006396699231117964, 0.013058837503194809, 0.00574927031993866, 0.0047465101815760136, 0.0076229567639529705, 0.008290331810712814]
OUTPUT_SCALES: [0.0235294122248888]
OUTPUT_ZERO_POINT: -128

REAL_MULTIPLIERS: [0.024302653968334198, 0.007564476691186428, 0.007864734157919884, 0.007251222152262926, 0.012493872083723545, 0.013433272950351238, 0.014015724882483482, 0.008415295742452145, 0.010494563728570938, 0.00752801401540637, 0.011916857212781906, 0.00955004058778286, 0.005740768276154995, 0.009345756843686104, 0.004848291631788015, 0.010527552105486393, 0.010751687921583652, 0.004868322517722845, 0.015434415079653263, 0.012169438414275646, 0.008904618211090565, 0.008547513745725155, 0.004755976609885693, 0.011303691193461418, 0.005000521428883076, 0.012646649032831192, 0.0053345332853496075, 0.006331423297524452, 0.0064019206911325455, 0.00648105051368475, 0.008874642662703991, 0.008989335037767887, 0.011871536262333393, 0.00622217683121562, 0.007668375503271818, 0.009609409607946873, 0.006056741811335087, 0.0045852940529584885, 0.005591545719653368, 0.01408928819000721, 0.010930085554718971, 0.006580980494618416, 0.004736033268272877, 0.010750849731266499, 0.009232481941580772, 0.012075685895979404, 0.008785434067249298, 0.004578390624374151, 0.006224062759429216, 0.00906031858175993, 0.00479635875672102, 0.005753176286816597, 0.007970655336976051, 0.008834438398480415, 0.006151025183498859, 0.009482912719249725, 0.0066969506442546844, 0.004960822407156229, 0.005839165300130844, 0.006056902930140495, 0.008938383311033249, 0.005305399652570486, 0.007468008901923895, 0.009823343716561794, 0.01004872564226389, 0.009735804051160812, 0.008969810791313648, 0.0050516631454229355, 0.008541806600987911, 0.016231069341301918, 0.006838344968855381, 0.004787742160260677, 0.0072800335474312305, 0.01374590303748846, 0.010308213531970978, 0.0059371571987867355, 0.009217112325131893, 0.00708792032673955, 0.005402100272476673, 0.005452664103358984, 0.005757097154855728, 0.008909543976187706, 0.006273687817156315, 0.005936070811003447, 0.005808718036860228, 0.008949979208409786, 0.01044517569243908, 0.00792880728840828, 0.006403469480574131, 0.01071507204324007, 0.006543515715748072, 0.013265029527246952, 0.013807345181703568, 0.007059675175696611, 0.005072816275060177, 0.008461902849376202, 0.008426203392446041, 0.004115155432373285, 0.012630525976419449, 0.018135294318199158, 0.009867212735116482, 0.0037023178301751614, 0.009150820784270763, 0.0053069107234478, 0.013393647037446499, 0.009039664641022682, 0.007946501486003399, 0.007393145002424717, 0.010271023027598858, 0.0054009417071938515, 0.006590669043362141, 0.00804729014635086, 0.010304790921509266, 0.005253721494227648, 0.0034512924030423164, 0.00830758549273014, 0.006559543777257204, 0.007171171717345715, 0.003454693593084812, 0.0056373318657279015, 0.005620121490210295, 0.011303829960525036, 0.008835597895085812, 0.008175269700586796, 0.004115194547921419, 0.004288054537028074, 0.013032447546720505, 0.010657018981873989, 0.008334625512361526, 0.005105264019221067, 0.010667627677321434, 0.005391622893512249, 0.006056139245629311, 0.003446470480412245, 0.011298355646431446, 0.00532202422618866, 0.00966199766844511, 0.007241697981953621, 0.012517936527729034, 0.009622663259506226, 0.005566812586039305, 0.0057577877305448055, 0.012937340885400772, 0.004668897949159145, 0.005323383957147598, 0.02074793167412281, 0.006541867274791002, 0.007303413935005665, 0.0078092641197144985, 0.0052904123440384865, 0.011736487969756126, 0.008107585832476616, 0.012960514053702354, 0.007695034146308899, 0.006722755264490843, 0.011282578110694885, 0.007712593302130699, 0.005726407282054424, 0.00826141145080328, 0.015211272053420544, 0.004756531212478876, 0.00772455520927906, 0.005775369703769684, 0.007195749785751104, 0.0076473006047308445, 0.008226772770285606, 0.012163644656538963, 0.006557032931596041, 0.003894070629030466, 0.005979443900287151, 0.010078834369778633, 0.004083444830030203, 0.007665663491934538, 0.004358092322945595, 0.004481163807213306, 0.0053780353628098965, 0.0049637435004115105, 0.005959345959126949, 0.00794302485883236, 0.009051864966750145, 0.00794303324073553, 0.006041236221790314, 0.006513230036944151, 0.012398967519402504, 0.01566820591688156, 0.007451773155480623, 0.007992646656930447, 0.007074751891195774, 0.0073097385466098785, 0.008296900428831577, 0.00393290352076292, 0.007838405668735504, 0.007943596690893173, 0.007211831398308277, 0.014805329032242298, 0.008149619214236736, 0.01949397847056389, 0.007958978414535522, 0.00519088888540864, 0.007630230393260717, 0.016327720135450363, 0.00943714752793312, 0.006010208744555712, 0.006409446708858013, 0.008652454242110252, 0.006534594111144543, 0.009216995909810066, 0.007112316321581602, 0.01516773458570242, 0.005842962302267551, 0.006948620546609163, 0.01580531895160675, 0.0054641058668494225, 0.008280714973807335, 0.006942349951714277, 0.0061010438948869705, 0.003957576584070921, 0.010697386227548122, 0.048425134271383286, 0.007565926294773817, 0.007136350963264704, 0.012208872474730015, 0.008559636771678925, 0.005134882405400276, 0.012301143258810043, 0.008172888308763504, 0.0075190248899161816, 0.008712212555110455, 0.006834506522864103, 0.006402891594916582, 0.00532164890319109, 0.0071449982933700085, 0.01140528079122305, 0.010297040455043316, 0.011892812326550484, 0.01070044282823801, 0.009765811264514923, 0.006630872376263142, 0.010213105008006096, 0.007138293702155352, 0.011940035969018936, 0.008488921448588371, 0.007760637905448675, 0.004405180457979441, 0.007704539690166712, 0.005788426846265793, 0.010910573415458202, 0.011382837779819965, 0.006408155895769596, 0.0045251096598804, 0.009007357060909271, 0.006472874898463488, 0.011537963524460793, 0.010257627815008163, 0.008511645719408989, 0.005033860448747873, 0.007742118090391159, 0.007966346107423306, 0.0078076026402413845, 0.00542440777644515, 0.023223577067255974, 0.007414927706122398, 0.004705704748630524, 0.009818682447075844, 0.007944412529468536, 0.011960744857788086, 0.010288615711033344, 0.0110130300745368, 0.009334739297628403, 0.009509005583822727, 0.007097733672708273, 0.004161420743912458, 0.012797711417078972, 0.015426221303641796, 0.016210611909627914, 0.005884460639208555, 0.012471478432416916, 0.007894551381468773, 0.007857509888708591, 0.010894248262047768, 0.005299184937030077, 0.009686943143606186, 0.005517071112990379, 0.006049504037946463, 0.005184420850127935, 0.00765677634626627, 0.0076047079637646675, 0.013226629234850407, 0.014353078790009022, 0.002423998434096575, 0.008911979384720325, 0.007325360551476479, 0.005992748774588108, 0.006711945403367281, 0.007978945039212704, 0.013082018122076988, 0.006972051225602627, 0.009204292669892311, 0.011300007812678814, 0.011140013113617897, 0.008971872739493847, 0.010591092519462109, 0.008127911947667599, 0.008590907789766788, 0.0059500690549612045, 0.025289835408329964, 0.0052268011495471, 0.012462259270250797, 0.014222820289433002, 0.010430322028696537, 0.010266587138175964, 0.010431238450109959, 0.0055477614514529705, 0.009455791674554348, 0.0058959489688277245, 0.014027165248990059, 0.005723197944462299, 0.005621578544378281, 0.0069013782776892185, 0.009251491166651249, 0.011659414507448673, 0.009202677756547928, 0.010045020841062069, 0.007431885693222284, 0.005831665825098753, 0.0052964654751122, 0.007428633980453014, 0.006778398994356394, 0.008311443030834198, 0.010749360546469688, 0.006396699231117964, 0.013058837503194809, 0.00574927031993866, 0.0047465101815760136, 0.0076229567639529705, 0.008290331810712814]

MULTIPLIERS: [1670065664, 2079307520, 1080920832, 1993200768, 1717144704, 1846254976, 1926306560, 1156589440, 1442361856, 2069284736, 1637840384, 1312547584, 1578010368, 1284471040, 1332688256, 1446895744, 1477700736, 1338194304, 2121289856, 1672554880, 1223841408, 1174761344, 1307312896, 1553567488, 1374532864, 1738142208, 1466345344, 1740368384, 1759746560, 1781497600, 1219721600, 1235484800, 1631611520, 1710338944, 2107867008, 1320707200, 1664864512, 1260396032, 1536992384, 1936417024, 1502219520, 1808966144, 1301830912, 1477585536, 1268902656, 1659669632, 1207460864, 1258498432, 1710857344, 1245240704, 1318413056, 1581421056, 1095478528, 1214195968, 1690780928, 1303321600, 1840843776, 1363620480, 1605057536, 1664908800, 1228482048, 1458337152, 2052790656, 1350110080, 1381086336, 1338078720, 1232801408, 1388590592, 1173976960, 1115390592, 1879709952, 1316044544, 2001120384, 1889222528, 1416750080, 1631993344, 1266790272, 1948312704, 1484918016, 1498816896, 1582498816, 1224518400, 1724498176, 1631694720, 1596688256, 1230075776, 1435574016, 1089726976, 1760172288, 1472668288, 1798667904, 1823131776, 1897667072, 1940548736, 1394405120, 1162995072, 1158088576, 1131165312, 1735926272, 1246247936, 1356139392, 2035370752, 1257679232, 1458752512, 1840808832, 1242402048, 1092158848, 2032212224, 1411638656, 1484599552, 1811629312, 1106011136, 1416279680, 1444131968, 1897368064, 1141785856, 1803073664, 1971196672, 1899237888, 1549577984, 1544847232, 1553586560, 1214355328, 1123600512, 1131176064, 1178691456, 1791165952, 1464689536, 1145502208, 1403324288, 1466147584, 1482038016, 1664698880, 1894717184, 1552834176, 1462906880, 1327934848, 1990582784, 1720452096, 1322528768, 1530193792, 1582688640, 1778094592, 1283376896, 1463280640, 1425787008, 1798214784, 2007547136, 2146594176, 1454217472, 1613050624, 1114298112, 1781279488, 2115194880, 1847936896, 1550665728, 2120021504, 1574062848, 1135439744, 2090621312, 1307465344, 2123309568, 1587521536, 1977952640, 2102073984, 1130679040, 1671758592, 1802383488, 2140787968, 1643617024, 1385224448, 1122448768, 2107121536, 1197943296, 1231772928, 1478303104, 1364423424, 1638092544, 1091681024, 1244078848, 1091682176, 1660602368, 1790343040, 1704101120, 1076710912, 2048327808, 1098500992, 1944692992, 2009285632, 1140317312, 1081068288, 1077302272, 1091759616, 1982373120, 2034828928, 1120075136, 1339616000, 1093873664, 1426860672, 2097381760, 1122032384, 1297031680, 1652073600, 1761815296, 1189184256, 1796215552, 1266774272, 1955018624, 2084637568, 1606101248, 1910022272, 1086133248, 1501961984, 1138092800, 1908298624, 1677042176, 1087850368, 1470237568, 1663874944, 2079705984, 1961625216, 1677974656, 1176427520, 1411465728, 1690656256, 1123273216, 2066813824, 1197397376, 1878654848, 1760013440, 1462803712, 1964002176, 1567529856, 1415214464, 1634535680, 1470657664, 1342202880, 1822680320, 1403678464, 1962159232, 1641026048, 1166708480, 2133227904, 1210886784, 2117807744, 1591110656, 1499537792, 1564445312, 1761460480, 1243852672, 1237961728, 1779250304, 1585765632, 1409797632, 1169831680, 1383697024, 2128137216, 1094886272, 2146137472, 1491049856, 1595912064, 2038199808, 1293494272, 1349469440, 1091871744, 1643872256, 1414056576, 1513619328, 1282956800, 1306907776, 1951010176, 1143882624, 1758904064, 2120163712, 1113984768, 1617508224, 1714066944, 1085018880, 1079927936, 1497294080, 1456628864, 1331363328, 1516520960, 1662875008, 1425082752, 2104678656, 2090366208, 1817854080, 1972672128, 1332607232, 1224853120, 2013579776, 1647274240, 1844965504, 1096617856, 1797978880, 1916462848, 1265028352, 1553061248, 1531071744, 1233084800, 1455628672, 1117091712, 1180725376, 1635542528, 1737904256, 1436732160, 1712799872, 1954769536, 1433532544, 1411028992, 1433658496, 1524957056, 1299594112, 1620666112, 1927878912, 1573180672, 1545247744, 1897036416, 1271515264, 1602457728, 1264806400, 1380577152, 2042861184, 1602996096, 1455881344, 2041967360, 1863232128, 1142316032, 1477380864, 1758311296, 1794792960, 1580347392, 1304710784, 2095382400, 1139414528]
SHIFTS: [-5, -7, -6, -7, -6, -6, -6, -6, -6, -7, -6, -6, -7, -6, -7, -6, -6, -7, -6, -6, -6, -6, -7, -6, -7, -6, -7, -7, -7, -7, -6, -6, -6, -7, -7, -6, -7, -7, -7, -6, -6, -7, -7, -6, -6, -6, -6, -7, -7, -6, -7, -7, -6, -6, -7, -6, -7, -7, -7, -7, -6, -7, -7, -6, -6, -6, -6, -7, -6, -5, -7, -7, -7, -6, -6, -7, -6, -7, -7, -7, -7, -6, -7, -7, -7, -6, -6, -6, -7, -6, -7, -6, -6, -7, -7, -6, -6, -7, -6, -5, -6, -8, -6, -7, -6, -6, -6, -7, -6, -7, -7, -6, -6, -7, -8, -6, -7, -7, -8, -7, -7, -6, -6, -6, -7, -7, -6, -6, -6, -7, -6, -7, -7, -8, -6, -7, -6, -7, -6, -6, -7, -7, -6, -7, -7, -5, -7, -7, -7, -7, -6, -6, -6, -7, -7, -6, -7, -7, -6, -6, -7, -7, -7, -7, -7, -6, -6, -7, -8, -7, -6, -7, -7, -7, -7, -7, -7, -7, -6, -6, -6, -7, -7, -6, -5, -7, -6, -7, -7, -6, -7, -6, -6, -7, -6, -6, -5, -6, -7, -7, -5, -6, -7, -7, -6, -7, -6, -7, -6, -7, -7, -5, -7, -6, -7, -7, -7, -6, -4, -7, -7, -6, -6, -7, -6, -6, -7, -6, -7, -7, -7, -7, -6, -6, -6, -6, -6, -7, -6, -7, -6, -6, -7, -7, -7, -7, -6, -6, -7, -7, -6, -7, -6, -6, -6, -7, -7, -6, -7, -7, -5, -7, -7, -6, -6, -6, -6, -6, -6, -6, -7, -7, -6, -6, -5, -7, -6, -6, -6, -6, -7, -6, -7, -7, -7, -7, -7, -6, -6, -8, -6, -7, -7, -7, -6, -6, -7, -6, -6, -6, -6, -6, -6, -6, -7, -5, -7, -6, -6, -6, -6, -6, -7, -6, -7, -6, -7, -7, -7, -6, -6, -6, -6, -7, -7, -7, -7, -7, -6, -6, -7, -6, -7, -7, -7, -6]
Q6: [127, 127, 127, 127, 127, 127, 127, 127, 127, 127, 127, 127, 127, 127, 127, 127, 127, 127, 127, 127, 127, 127, 127, 127, 127, 127, 127, 127, 127, 127, 127, 127, 127, 127, 127, 127, 127, 127, 127, 127, 127, 127, 127, 127, 127, 127, 127, 127, 127, 127, 127, 127, 127, 127, 127, 127, 127, 127, 127, 127, 127, 127, 127, 127, 127, 127, 127, 127, 127, 127, 127, 127, 127, 127, 127, 127, 127, 127, 127, 127, 127, 127, 127, 127, 127, 127, 127, 127, 127, 127, 127, 127, 127, 127, 127, 127, 127, 127, 127, 127, 127, 127, 127, 127, 127, 127, 127, 127, 127, 127, 127, 127, 127, 127, 127, 127, 127, 127, 127, 127, 127, 127, 127, 127, 127, 127, 127, 127, 127, 127, 127, 127, 127, 127, 127, 127, 127, 127, 127, 127, 127, 127, 127, 127, 127, 127, 127, 127, 127, 127, 127, 127, 127, 127, 127, 127, 127, 127, 127, 127, 127, 127, 127, 127, 127, 127, 127, 127, 127, 127, 127, 127, 127, 127, 127, 127, 127, 127, 127, 127, 127, 127, 127, 127, 127, 127, 127, 127, 127, 127, 127, 127, 127, 127, 127, 127, 127, 127, 127, 127, 127, 127, 127, 127, 127, 127, 127, 127, 127, 127, 127, 127, 127, 127, 127, 127, 127, 127, 127, 127, 127, 127, 127, 127, 127, 127, 127, 127, 127, 127, 127, 127, 127, 127, 127, 127, 127, 127, 127, 127, 127, 127, 127, 127, 127, 127, 127, 127, 127, 127, 127, 127, 127, 127, 127, 127, 127, 127, 127, 127, 127, 127, 127, 127, 127, 127, 127, 127, 127, 127, 127, 127, 127, 127, 127, 127, 127, 127, 127, 127, 127, 127, 127, 127, 127, 127, 127, 127, 127, 127, 127, 127, 127, 127, 127, 127, 127, 127, 127, 127, 127, 127, 127, 127, 127, 127, 127, 127, 127, 127, 127, 127, 127, 127, 127, 127, 127, 127, 127, 127, 127, 127, 127, 127, 127, 127, 127, 127, 127, 127, 127, 127, 127, 127, 127, 127]

OFFSETS:
  MUL   = 21248
  SHIFT = 21248
  Q6    = 21248

================================================================================
OP_INDEX: 61
TIPO: CONV_2D
NFEAT: 112

INPUT_SCALE: 0.0235294122248888
WEIGHT_SCALES: [0.0047356435097754, 0.002978673903271556, 0.0032354695722460747, 0.0030691970605403185, 0.0034416827838867903, 0.004473206587135792, 0.004483120981603861, 0.004763251636177301, 0.003955792635679245, 0.003618884366005659, 0.0041786497458815575, 0.003985106945037842, 0.004556834232062101, 0.005347439553588629, 0.005565521772950888, 0.0037440736778080463, 0.004352494142949581, 0.004977987613528967, 0.0036703399382531643, 0.004439010284841061, 0.004784963093698025, 0.003369799582287669, 0.004478966351598501, 0.003923484589904547, 0.004322526510804892, 0.0037686903961002827, 0.003987931180745363, 0.002905037021264434, 0.004154188092797995, 0.005217431113123894, 0.004964836873114109, 0.004318770952522755, 0.003969754092395306, 0.003909288439899683, 0.004293129313737154, 0.003954070620238781, 0.003923387266695499, 0.003939684480428696, 0.004684765357524157, 0.003306060563772917, 0.004195735324174166, 0.004754244349896908, 0.004857403226196766, 0.003805453423410654, 0.00544040696695447, 0.005113636143505573, 0.004899400752037764, 0.003895309753715992, 0.004333121702075005, 0.0036360728554427624, 0.005391737911850214, 0.006185134407132864, 0.004036149941384792, 0.004286116920411587, 0.004405743908137083, 0.004965060390532017, 0.004682429600507021, 0.003729935036972165, 0.0039573488757014275, 0.004780614748597145, 0.005183546803891659, 0.003542001126334071, 0.0041747321374714375, 0.00404678750783205, 0.004244349896907806, 0.003858763724565506, 0.0040924740023911, 0.005340775474905968, 0.0031209117732942104, 0.005005635321140289, 0.0033221784979104996, 0.003986968193203211, 0.004744195379316807, 0.004367420915514231, 0.003667292417958379, 0.004505641758441925, 0.0032684013713151217, 0.004111978691071272, 0.003561238991096616, 0.004378023557364941, 0.003974117338657379, 0.003494547214359045, 0.004199303686618805, 0.004721037112176418, 0.005497959442436695, 0.0027256717439740896, 0.004400758072733879, 0.004011962562799454, 0.0037665204145014286, 0.004457244649529457, 0.003114718711003661, 0.003922376316040754, 0.005237902514636517, 0.0036403650883585215, 0.004216561559587717, 0.003752081887796521, 0.0057394360192120075, 0.0043544284999370575, 0.005320582073181868, 0.003409611526876688, 0.002935249824076891, 0.006270930636674166, 0.0038112811744213104, 0.004476611502468586, 0.005617117043584585, 0.004340202547609806, 0.0036136747803539038, 0.0037603965029120445, 0.003944003023207188, 0.003812782233580947, 0.007646122016012669, 0.005501213949173689]
OUTPUT_SCALES: [0.19252420961856842]
OUTPUT_ZERO_POINT: -13

REAL_MULTIPLIERS: [0.0005787682936727028, 0.000364039651389564, 0.00039542402203488977, 0.0003751029700625509, 0.00042062644033088293, 0.0005466944752783692, 0.0005479061663943152, 0.0005821424302976716, 0.000483458551968517, 0.00044228319238735374, 0.0005106951100283401, 0.0004870412103279663, 0.0005569150565484662, 0.0006535391567291338, 0.0006801921498693706, 0.0004575832470110524, 0.0005319415625638671, 0.0006083864613243774, 0.00044857185277493713, 0.0005425151624799748, 0.0005847959035155094, 0.00041184121022490576, 0.0005473984068651023, 0.00047951001308751316, 0.0005282790581363293, 0.0004605917876692353, 0.00048738637526236174, 0.00035504009463182537, 0.0005077055207177505, 0.0006376501306452442, 0.0006067792390799815, 0.0005278200712944663, 0.00048516485618336336, 0.0004777750257519849, 0.0005246862696271154, 0.00048324809526160945, 0.00047949811869818276, 0.0004814898882569578, 0.0005725502028677493, 0.00040405132424425563, 0.0005127832298317864, 0.000581041601719599, 0.0005936491991221522, 0.00046508479364461026, 0.0006649012009982693, 0.0006249647928798906, 0.0005987819411284487, 0.0004760666158318504, 0.0005295739530666342, 0.00044438388951157525, 0.000658953095757829, 0.0007559183201951769, 0.0004932794476105416, 0.0005238292475748382, 0.0005384495008561868, 0.0006068065563377738, 0.0005722647375238206, 0.0004558552881783103, 0.0004836487483758953, 0.0005842644690295433, 0.0006335089481858515, 0.00043288688091566, 0.0005102163181745777, 0.0004945795214376362, 0.00051872467649064, 0.00047160013036091534, 0.0005001631120194117, 0.0006527247040702496, 0.0003814233013958872, 0.0006117654353804135, 0.0004060211830858432, 0.00048726868341004027, 0.0005798134633380239, 0.0005337658431858037, 0.0004481993990382264, 0.0005506585508497423, 0.00039944879313842, 0.0005025468842275051, 0.000435238043147264, 0.0005350616486913683, 0.00048569811181984896, 0.0004270872848089879, 0.0005132193384702484, 0.0005769831677869352, 0.0006719349965030893, 0.00033311890582883054, 0.0005378401552745592, 0.0004903233788517013, 0.00046032658262483585, 0.0005447436816062824, 0.00038066641416670467, 0.00047937456501762673, 0.000640152049993289, 0.00044490846622761645, 0.0005153285153265762, 0.0004585619731378892, 0.0007014471390479577, 0.0005321779706656773, 0.000650256760561584, 0.0004167068406698527, 0.0003587325626765041, 0.0007664039357768122, 0.0004657970342305886, 0.0005471106081720706, 0.0006864978835430742, 0.0005304393410291101, 0.000441646501092457, 0.0004595781466722828, 0.00048201768044188497, 0.00046598048668994947, 0.0009344734212543844, 0.0006723327471587347]

MULTIPLIERS: [1272724937, 1601063319, 1739093241, 1649720309, 1849934648, 1202193865, 1204858402, 1280144742, 2126273198, 1945182051, 1123030423, 2142029896, 1224669161, 1437147804, 1495758356, 2012472403, 1169751867, 1337855977, 1972839872, 1193003459, 1285979792, 1811296798, 1203741827, 2108907340, 1161697934, 2025704105, 2143547947, 1561482849, 1116456247, 1402207466, 1334321658, 1160688612, 2133777603, 2101276785, 1153797309, 2125347599, 2108855028, 2117614923, 1259051211, 1777036517, 1127622247, 1277723995, 1305448395, 2045464554, 1462133204, 1374312113, 1316735414, 2093763119, 1164545438, 1954421015, 1449053182, 1662281965, 1084732977, 1151912697, 1184062974, 1334381729, 1258423466, 2004872760, 2127109690, 1284811155, 1393100910, 1903856636, 1121977549, 1087591869, 1140687627, 2074119308, 1099870315, 1435356804, 1677517420, 1345286419, 1785700048, 2143030333, 1275023290, 1173763502, 1971201803, 1210910959, 1756794371, 1105112285, 1914197157, 1176613009, 2136122886, 1878349743, 1128581260, 1268799404, 1477600684, 1465072442, 1182723009, 1078232513, 2024537721, 1197904024, 1674188595, 2108311633, 1407709245, 1956728128, 1133219389, 2016776886, 1542498571, 1170271734, 1429929739, 1832696067, 1577722496, 1685340078, 2048597021, 1203108951, 1509624811, 1166448447, 1942381853, 2021246065, 2119936178, 2049403854, 2054928785, 1478475346]
SHIFTS: [-10, -11, -11, -11, -11, -10, -10, -10, -11, -11, -10, -11, -10, -10, -10, -11, -10, -10, -11, -10, -10, -11, -10, -11, -10, -11, -11, -11, -10, -10, -10, -10, -11, -11, -10, -11, -11, -11, -10, -11, -10, -10, -10, -11, -10, -10, -10, -11, -10, -11, -10, -10, -10, -10, -10, -10, -10, -11, -11, -10, -10, -11, -10, -10, -10, -11, -10, -10, -11, -10, -11, -11, -10, -10, -11, -10, -11, -10, -11, -10, -11, -11, -10, -10, -10, -11, -10, -10, -11, -10, -11, -11, -10, -11, -10, -11, -10, -10, -10, -11, -11, -10, -11, -10, -10, -10, -11, -11, -11, -11, -10, -10]
Q6: [18, 18, 18, 18, 18, 18, 18, 18, 18, 18, 18, 18, 18, 18, 18, 18, 18, 18, 18, 18, 18, 18, 18, 18, 18, 18, 18, 18, 18, 18, 18, 18, 18, 18, 18, 18, 18, 18, 18, 18, 18, 18, 18, 18, 18, 18, 18, 18, 18, 18, 18, 18, 18, 18, 18, 18, 18, 18, 18, 18, 18, 18, 18, 18, 18, 18, 18, 18, 18, 18, 18, 18, 18, 18, 18, 18, 18, 18, 18, 18, 18, 18, 18, 18, 18, 18, 18, 18, 18, 18, 18, 18, 18, 18, 18, 18, 18, 18, 18, 18, 18, 18, 18, 18, 18, 18, 18, 18, 18, 18, 18, 18]

OFFSETS:
  MUL   = 22592
  SHIFT = 22592
  Q6    = 22592

================================================================================
OP_INDEX: 62
TIPO: CONV_2D
NFEAT: 1280

INPUT_SCALE: 0.19252420961856842
WEIGHT_SCALES: [0.002501168753951788, 0.002880761632695794, 0.002416557166725397, 0.0034446539357304573, 0.003449541050940752, 0.0024699652567505836, 0.0028345100581645966, 0.0022848735097795725, 0.0021790394093841314, 0.0035942387767136097, 0.0021683017257601023, 0.0026223505847156048, 0.0029478194192051888, 0.002950176829472184, 0.003215810749679804, 0.0021851027850061655, 0.0029683925677090883, 0.002842924790456891, 0.0026703537441790104, 0.003001435426995158, 0.003871090244501829, 0.0023677425924688578, 0.0030443784780800343, 0.0036677909083664417, 0.0027269436977803707, 0.0034041183535009623, 0.0029993015341460705, 0.0031713705975562334, 0.0027437983080744743, 0.003391366684809327, 0.0031722134444862604, 0.0031346145551651716, 0.0027607239317148924, 0.002676241099834442, 0.0036763264797627926, 0.0023873434402048588, 0.002882573753595352, 0.003990969154983759, 0.0022711611818522215, 0.0029202643781900406, 0.0026808693073689938, 0.0027368650771677494, 0.002150555606931448, 0.0038475075270980597, 0.0032392465509474277, 0.004651070572435856, 0.0031130509451031685, 0.002628705929964781, 0.002665729494765401, 0.003620229661464691, 0.003110063960775733, 0.002455861773341894, 0.0033834439236670732, 0.0027497352566570044, 0.0025830897502601147, 0.002510152757167816, 0.0024097019340842962, 0.0028501253109425306, 0.0025273479986935854, 0.0025767344050109386, 0.0032770002726465464, 0.0022268120665103197, 0.0030552386306226254, 0.002771617379039526, 0.003324759192764759, 0.00216415012255311, 0.0033962344750761986, 0.003085066331550479, 0.003594819223508239, 0.0032941969111561775, 0.0019761836156249046, 0.0032163208816200495, 0.0023906107526272535, 0.0029036884661763906, 0.0020561479032039642, 0.003600925672799349, 0.003853503381833434, 0.003363204887136817, 0.002453786553815007, 0.0026362056378275156, 0.002803292591124773, 0.0023799454793334007, 0.0033825153950601816, 0.002291386714205146, 0.0023696802090853453, 0.002479306422173977, 0.0025588739663362503, 0.0021053836680948734, 0.0031307791359722614, 0.00251942640170455, 0.0030663912184536457, 0.002943389117717743, 0.002622199011966586, 0.0038092900067567825, 0.0029459602665156126, 0.004043937660753727, 0.004134002607315779, 0.002657901728525758, 0.003074260661378503, 0.0026203589513897896, 0.0030513282399624586, 0.00281876721419394, 0.0021343643311411142, 0.002394604030996561, 0.002238846616819501, 0.003926095552742481, 0.0022754210513085127, 0.003103848546743393, 0.002599540865048766, 0.002532069804146886, 0.0038064371328800917, 0.003547700121998787, 0.002362324856221676, 0.0031138844788074493, 0.0025999890640378, 0.0024162440095096827, 0.0027991284150630236, 0.002761965151876211, 0.0049168821424245834, 0.0024037761613726616, 0.002393244532868266, 0.0025421709287911654, 0.002869651187211275, 0.0026242313906550407, 0.0021831770427525043, 0.002278468571603298, 0.0028413382824510336, 0.0032676474656909704, 0.0025491134729236364, 0.004087368957698345, 0.0026971048209816217, 0.003534375922754407, 0.0031894103158265352, 0.002825282048434019, 0.003301868448033929, 0.0034674135968089104, 0.002551761921495199, 0.004423082340508699, 0.002489643869921565, 0.0029019154608249664, 0.0025378521531820297, 0.0024643291253596544, 0.0022191943135112524, 0.0025104288943111897, 0.003264394123107195, 0.00393297802656889, 0.002375188050791621, 0.0023227366618812084, 0.003271074267104268, 0.0030013974756002426, 0.002695379313081503, 0.0021941629238426685, 0.001996717182919383, 0.0025955140590667725, 0.0030868640169501305, 0.002825704636052251, 0.0039071859791874886, 0.003718458814546466, 0.002917648060247302, 0.002768040867522359, 0.0022446063812822104, 0.0023766765370965004, 0.0020128125324845314, 0.0044662319123744965, 0.002487050835043192, 0.002614386146888137, 0.0031298291869461536, 0.002181682037189603, 0.002946933964267373, 0.0032090984750539064, 0.0027372664771974087, 0.002538856118917465, 0.002955568488687277, 0.0032258296851068735, 0.0030976291745901108, 0.002398685785010457, 0.002657923847436905, 0.0027817576192319393, 0.002179995644837618, 0.0023429859429597855, 0.0026483535766601562, 0.0021995441056787968, 0.003693024395033717, 0.003984077833592892, 0.002408609725534916, 0.0028230114839971066, 0.0023658862337470055, 0.002713424852117896, 0.0034727812744677067, 0.003044646233320236, 0.002467360347509384, 0.0034839818254113197, 0.002667588647454977, 0.002904635388404131, 0.0027081347070634365, 0.002730610780417919, 0.0020729261450469494, 0.0026182534638792276, 0.002626693807542324, 0.0026906621642410755, 0.0022522739600390196, 0.0036640563048422337, 0.0032929552253335714, 0.00238992040976882, 0.0024059030693024397, 0.004109623376280069, 0.0028622669633477926, 0.002643679967150092, 0.0027557869907468557, 0.002895171521231532, 0.002993944101035595, 0.002761558163911104, 0.004009455908089876, 0.0025681518018245697, 0.0045701926574110985, 0.002539782552048564, 0.002790720434859395, 0.002942652441561222, 0.0026628789491951466, 0.0032556934747844934, 0.0031310059130191803, 0.0026585718151181936, 0.0033534890972077847, 0.0033307282719761133, 0.003189402399584651, 0.0035095387138426304, 0.002505069598555565, 0.0028385119512677193, 0.003196521196514368, 0.002487150952219963, 0.0019938258919864893, 0.0037686617579311132, 0.0033610789105296135, 0.002477644942700863, 0.0031451284885406494, 0.002281667897477746, 0.0033018365502357483, 0.0027863087598234415, 0.002400871366262436, 0.0028668027371168137, 0.0029707516077905893, 0.003192539094015956, 0.002355714328587055, 0.002866957802325487, 0.0032387750688940287, 0.002933586249127984, 0.003597937524318695, 0.003592057852074504, 0.003316484857350588, 0.0019744785968214273, 0.0019357288256287575, 0.002748388797044754, 0.0028388076461851597, 0.0028737906832247972, 0.002299098065122962, 0.002337296959012747, 0.0033074798993766308, 0.0038109426386654377, 0.0036638262681663036, 0.0030721155926585197, 0.0026453747414052486, 0.003707597032189369, 0.003713078098371625, 0.0026206541806459427, 0.0036830457393079996, 0.0035153967328369617, 0.003155957441776991, 0.00240557873621583, 0.002629570895805955, 0.003090153681114316, 0.002463596174493432, 0.002416430041193962, 0.002877788385376334, 0.0021600944455713034, 0.003860902041196823, 0.0026151740457862616, 0.003120142500847578, 0.0026099588721990585, 0.0030505191534757614, 0.0028431969694793224, 0.0028682819101959467, 0.002752810949459672, 0.003321296302601695, 0.002989678643643856, 0.0027221408672630787, 0.0030048436019569635, 0.00274248281493783, 0.0024107564240694046, 0.002978557487949729, 0.0024260084610432386, 0.0032628653571009636, 0.0021147027146071196, 0.002328961156308651, 0.003068914171308279, 0.00451165484264493, 0.0034977421164512634, 0.003127159783616662, 0.003036841982975602, 0.0024590601678937674, 0.0029371955897659063, 0.002896759659051895, 0.0026397942565381527, 0.0024812729097902775, 0.0024794803466647863, 0.003017270937561989, 0.0024654907174408436, 0.0029981269035488367, 0.002696757670491934, 0.002285668859258294, 0.003095651976764202, 0.002439162926748395, 0.0026194676756858826, 0.0025044954381883144, 0.002571934601292014, 0.003506286535412073, 0.0030405682045966387, 0.002837342908605933, 0.00455548195168376, 0.003571283770725131, 0.0036748473066836596, 0.002236398868262768, 0.004692975431680679, 0.0023998511023819447, 0.0033234860748052597, 0.0026211196091026068, 0.003081184346228838, 0.003098070155829191, 0.0024541285820305347, 0.002739464631304145, 0.0022632635664194822, 0.005100347567349672, 0.003352159634232521, 0.004169536288827658, 0.004217163193970919, 0.003277415409684181, 0.002387380227446556, 0.0026760296896100044, 0.003937153611332178, 0.0027066648472100496, 0.002283413428813219, 0.0037299541290849447, 0.0028141250368207693, 0.0026692922692745924, 0.0018259017961099744, 0.002939437283203006, 0.0024880787823349237, 0.003306017955765128, 0.0021821046248078346, 0.0029527468141168356, 0.0031641910318285227, 0.0026082778349518776, 0.004491668194532394, 0.0030899341218173504, 0.0032661587465554476, 0.002544797956943512, 0.002576101804152131, 0.002699029166251421, 0.0032170459162443876, 0.0030877122189849615, 0.00278886454179883, 0.002806329168379307, 0.0028343352023512125, 0.002293133409693837, 0.0022524269297719, 0.0024366178549826145, 0.0025035333819687366, 0.0024556717835366726, 0.0028127350378781557, 0.0023107363376766443, 0.0028006481006741524, 0.0027760500088334084, 0.0033038898836821318, 0.0042242975905537605, 0.0024067042395472527, 0.0024384292773902416, 0.003950329497456551, 0.0030935925897210836, 0.0028444756753742695, 0.0024010827764868736, 0.002483175601810217, 0.0023437393829226494, 0.004557690117508173, 0.0029028186108917, 0.002994497772306204, 0.003618009388446808, 0.003089027013629675, 0.0029782410711050034, 0.0028434970881789923, 0.002443126868456602, 0.0026719532907009125, 0.0025259198155254126, 0.0027057440020143986, 0.0035262007731944323, 0.003453526645898819, 0.0022523459047079086, 0.002429212676361203, 0.003522160928696394, 0.002501492854207754, 0.00298829423263669, 0.0031943165231496096, 0.0025372670497745275, 0.002840691711753607, 0.0030786702409386635, 0.002139541320502758, 0.003206682624295354, 0.0024820382241159678, 0.0021436691749840975, 0.0034533566795289516, 0.002642584266141057, 0.0026843331288546324, 0.0030661816708743572, 0.002292863093316555, 0.003777650883421302, 0.0024642369244247675, 0.002292207907885313, 0.0033712664153426886, 0.003606438171118498, 0.0032557067461311817, 0.0035704749170690775, 0.0021952546667307615, 0.003002787008881569, 0.0032180387061089277, 0.0024501450825482607, 0.002845483599230647, 0.0026806958485394716, 0.002772586653009057, 0.0038640305865556, 0.0024438693653792143, 0.002137035597115755, 0.003445700043812394, 0.002847089432179928, 0.0032246713526546955, 0.003855177666991949, 0.003170557087287307, 0.0025071895215660334, 0.002992842346429825, 0.0023656333796679974, 0.0027446637395769358, 0.0024913139641284943, 0.0026931853499263525, 0.0035193702206015587, 0.003605640260502696, 0.0021100882440805435, 0.0033017508685588837, 0.003566378029063344, 0.0022126580588519573, 0.0019786308985203505, 0.0030187841039150953, 0.0018374574137851596, 0.0030535999685525894, 0.0023024738766252995, 0.002364769112318754, 0.0026295464485883713, 0.0029653720557689667, 0.003671450773254037, 0.0030539087019860744, 0.002313843462616205, 0.0036658640019595623, 0.003091248217970133, 0.0036023668944835663, 0.004477277398109436, 0.0031702248379588127, 0.00289664464071393, 0.00245042541064322, 0.003092700382694602, 0.002613790798932314, 0.002869190415367484, 0.0021843770518898964, 0.002430426189675927, 0.0025258834939450026, 0.002239337656646967, 0.002784845419228077, 0.00358160980977118, 0.0026487470604479313, 0.00257092178799212, 0.0027488847263157368, 0.003941606264561415, 0.002853129059076309, 0.002988529624417424, 0.004225773736834526, 0.0023551606573164463, 0.002289430471137166, 0.004011742305010557, 0.002723017241805792, 0.002518321620300412, 0.0023902698885649443, 0.0031486672814935446, 0.002807876793667674, 0.0031365312170237303, 0.0034638596698641777, 0.002434194553643465, 0.002869189018383622, 0.003684961935505271, 0.0032021882943809032, 0.002332479227334261, 0.0030374922789633274, 0.002821115544065833, 0.002665273379534483, 0.0036471951752901077, 0.003451516618952155, 0.0028488710522651672, 0.003295069094747305, 0.0040523698553442955, 0.0025462526828050613, 0.0030144036281853914, 0.0026398932095617056, 0.0041415635496377945, 0.0031801918521523476, 0.0024336327333003283, 0.002443142933771014, 0.0021068379282951355, 0.002508062170818448, 0.004878320265561342, 0.0028200645465403795, 0.002862525638192892, 0.0021826999727636576, 0.0031548454426229, 0.002899135695770383, 0.002353674964979291, 0.001971176126971841, 0.003213828196749091, 0.0032307005021721125, 0.003103268099948764, 0.0034683900885283947, 0.003354438114911318, 0.0037435810081660748, 0.0030126047786325216, 0.002707521663978696, 0.002694161608815193, 0.0027999049052596092, 0.0030481447465717793, 0.0028970898129045963, 0.002348300302401185, 0.002426127204671502, 0.004055064637213945, 0.0021796822547912598, 0.003920246846973896, 0.0031037910375744104, 0.0018719711806625128, 0.0026897238567471504, 0.002728493418544531, 0.0026573019567877054, 0.003738666418939829, 0.0023401672951877117, 0.0019139915239065886, 0.0025942581705749035, 0.002503348281607032, 0.0024081822484731674, 0.002890063216909766, 0.003133646911010146, 0.0017972368514165282, 0.0029300409369170666, 0.0028391536325216293, 0.0025460903998464346, 0.0029441118240356445, 0.0026884048711508512, 0.0024889695923775434, 0.003107622032985091, 0.003166926559060812, 0.003822325961664319, 0.0035416758619248867, 0.0036157695576548576, 0.002353099174797535, 0.00263809971511364, 0.0025694172363728285, 0.002960699610412121, 0.004227692726999521, 0.0026006223633885384, 0.002704076701775193, 0.0035152528434991837, 0.002556562190875411, 0.003080217633396387, 0.0027326231356710196, 0.0032474701292812824, 0.0028574196621775627, 0.0030088576022535563, 0.0031543157529085875, 0.002405633917078376, 0.00262938579544425, 0.0030112990643829107, 0.002182707889005542, 0.0021530799567699432, 0.002547885524109006, 0.0030046883039176464, 0.002761876443400979, 0.0034811883233487606, 0.002457440597936511, 0.002876132959499955, 0.0024062530137598515, 0.0024674287997186184, 0.003225207095965743, 0.002840531524270773, 0.0029666642658412457, 0.0030334871262311935, 0.002518332563340664, 0.002832449972629547, 0.003020872361958027, 0.0034687111619859934, 0.0031406620983034372, 0.0026070522144436836, 0.0028975200839340687, 0.003136042272672057, 0.002276551676914096, 0.002841463778167963, 0.0025205949787050486, 0.0026991141494363546, 0.0033474345691502094, 0.00247529917396605, 0.0025525526143610477, 0.003170787589624524, 0.00276696658693254, 0.0030014850199222565, 0.002702620578929782, 0.0023843501694500446, 0.0027035903185606003, 0.0028726791497319937, 0.0037837086711078882, 0.0030573669355362654, 0.001989440293982625, 0.00350362085737288, 0.0031714115757495165, 0.0024737573694437742, 0.0028170852456241846, 0.003528818255290389, 0.0025536390021443367, 0.0024085710756480694, 0.0030006577726453543, 0.0025974225718528032, 0.0023193818051368, 0.00298581481911242, 0.0031547618564218283, 0.0021607447415590286, 0.003313404740765691, 0.002965303137898445, 0.0019247188465669751, 0.0029947145376354456, 0.002823461312800646, 0.003224004525691271, 0.0027661530766636133, 0.002406652085483074, 0.0026260600425302982, 0.0026577068492770195, 0.0029632183723151684, 0.002713037421926856, 0.002269779797643423, 0.0020151217468082905, 0.0025682111736387014, 0.002373720519244671, 0.002802770584821701, 0.0023020212538540363, 0.0025572895538061857, 0.003022167133167386, 0.0022738950792700052, 0.00276978500187397, 0.0023640226572752, 0.0033503170125186443, 0.0025520569179207087, 0.003267234656959772, 0.0023678410798311234, 0.003747753333300352, 0.0026651134248822927, 0.003419567132368684, 0.0031449878588318825, 0.002970956265926361, 0.0027325486298650503, 0.0030690724961459637, 0.0024331901222467422, 0.003083503572270274, 0.004621448460966349, 0.002273229416459799, 0.002984666032716632, 0.002911372808739543, 0.002932600909844041, 0.0031040902249515057, 0.003012640867382288, 0.0028899339959025383, 0.0027108832728117704, 0.0034766376484185457, 0.0025124589446932077, 0.002637480851262808, 0.0030404911376535892, 0.003064989112317562, 0.002259359695017338, 0.003569330321624875, 0.0024964360054582357, 0.003065525321289897, 0.0030447356402873993, 0.0025366574991494417, 0.002598758786916733, 0.0028057126328349113, 0.002490999875590205, 0.002251476515084505, 0.003258486045524478, 0.0024286035913974047, 0.0020662674214690924, 0.0026134985964745283, 0.002649403177201748, 0.0024660604540258646, 0.0031354976817965508, 0.003158110659569502, 0.0021642702631652355, 0.002698618220165372, 0.0034779151901602745, 0.002184459241107106, 0.0028951033018529415, 0.002363053383305669, 0.002600709907710552, 0.004656113218516111, 0.0024678532499819994, 0.0031945088412612677, 0.003150355536490679, 0.0025186478160321712, 0.0031629777513444424, 0.00229648151434958, 0.003031233325600624, 0.002666401444002986, 0.0029033245518803596, 0.0025545835960656404, 0.004911284893751144, 0.002854631980881095, 0.0028501844499260187, 0.0030121400486677885, 0.0026456827763468027, 0.0034741938579827547, 0.0028122032526880503, 0.002238256623968482, 0.0020845900289714336, 0.0038014904130250216, 0.0025394055992364883, 0.002963758772239089, 0.0026339201722294092, 0.003646072233095765, 0.0029839130584150553, 0.0024957614950835705, 0.0031602242961525917, 0.0024511709343641996, 0.0030578349251300097, 0.0022356233093887568, 0.001990125048905611, 0.002670343965291977, 0.0030420704279094934, 0.003566788276657462, 0.002659232122823596, 0.002800324698910117, 0.0032897824421525, 0.0028767832554876804, 0.0025879426393657923, 0.002805416937917471, 0.002893999917432666, 0.0030858400277793407, 0.0030779833905398846, 0.0020202321466058493, 0.0030648650135844946, 0.0034152658190578222, 0.003415736136958003, 0.0027665109373629093, 0.003676935564726591, 0.0030926684848964214, 0.004298625513911247, 0.0021745108533650637, 0.0029680870939046144, 0.0026065297424793243, 0.0019485864322632551, 0.0039021926932036877, 0.003178797895088792, 0.002543052891269326, 0.00244744005613029, 0.002686941297724843, 0.0026241294108331203, 0.0023358764592558146, 0.0027207357343286276, 0.002891850657761097, 0.003030110150575638, 0.0031599828507751226, 0.00463744904845953, 0.002856556558981538, 0.0023826174437999725, 0.003018645104020834, 0.0025368768256157637, 0.002768197562545538, 0.003438665298745036, 0.0026976855006068945, 0.0026039057411253452, 0.003119842382147908, 0.002483299933373928, 0.002801063936203718, 0.002874556463211775, 0.0027665335219353437, 0.0025045652873814106, 0.00229088612832129, 0.0036187039222568274, 0.0033002167474478483, 0.0028269444592297077, 0.002713167341426015, 0.002896649530157447, 0.0024828286841511726, 0.00356940645724535, 0.0033986906055361032, 0.002557282103225589, 0.003259265562519431, 0.0023628955241292715, 0.0030383425764739513, 0.0028277013916522264, 0.0034552705474197865, 0.002354583004489541, 0.002643275074660778, 0.003279533237218857, 0.002838284708559513, 0.003185943001881242, 0.0027113202959299088, 0.0031058734748512506, 0.003012087196111679, 0.002641477854922414, 0.00364978751167655, 0.003321283496916294, 0.0026071586180478334, 0.0031514510046690702, 0.003227260196581483, 0.002129010623320937, 0.003939412068575621, 0.00402142945677042, 0.003369949758052826, 0.002779194386675954, 0.0034455934073776007, 0.0029030703008174896, 0.002355394419282675, 0.002829901408404112, 0.0032018101774156094, 0.003485504537820816, 0.0030354538466781378, 0.0026724294293671846, 0.002630727831274271, 0.0024962720926851034, 0.0025691150221973658, 0.0038940191734582186, 0.002870786003768444, 0.0039754705503582954, 0.0028852694667875767, 0.0032974749337881804, 0.0029463127721101046, 0.0027670215349644423, 0.0030688473489135504, 0.002893980359658599, 0.003154611214995384, 0.0031190109439194202, 0.0031075950246304274, 0.0027891886420547962, 0.0030684242956340313, 0.0026803205255419016, 0.0020736963488161564, 0.0031600603833794594, 0.0037563350051641464, 0.0026470981538295746, 0.0029951948672533035, 0.0033828318119049072, 0.0029221796430647373, 0.002961068879812956, 0.0022198783699423075, 0.0027701356448233128, 0.003099583089351654, 0.0026064300909638405, 0.002673478564247489, 0.0027992106042802334, 0.00394023209810257, 0.0021533318795263767, 0.0032834934536367655, 0.0029355185106396675, 0.0033863575663417578, 0.002616404090076685, 0.0030242730863392353, 0.0024667102843523026, 0.0027969214133918285, 0.0024825166910886765, 0.0035243513993918896, 0.0025219374801963568, 0.002446493599563837, 0.003672652179375291, 0.002449966501444578, 0.002825481118634343, 0.005023356527090073, 0.0028775923419743776, 0.0034238628577440977, 0.00224931794218719, 0.00259355828166008, 0.002756852889433503, 0.0027849862817674875, 0.003043276723474264, 0.002798027591779828, 0.002998684998601675, 0.0028115580789744854, 0.002390064764767885, 0.0028120374772697687, 0.0025217062793672085, 0.002335053402930498, 0.003700968576595187, 0.0031190812587738037, 0.002271327655762434, 0.002657828386873007, 0.002859395695850253, 0.0029467372223734856, 0.004011794924736023, 0.002998039359226823, 0.0028130426071584225, 0.002865828573703766, 0.0026010582223534584, 0.002517865039408207, 0.002383667975664139, 0.0030488346237689257, 0.003793433541432023, 0.0021068034693598747, 0.0026758690364658833, 0.0034421503078192472, 0.0032652616500854492, 0.004100349731743336, 0.0029064316768199205, 0.0026041376404464245, 0.0026480674277991056, 0.0038846330717206, 0.002871218603104353, 0.0024211686104536057, 0.003072625258937478, 0.002955413656309247, 0.0027420888654887676, 0.0020070949103683233, 0.0022762385196983814, 0.0028582566883414984, 0.0021671494469046593, 0.0031886277720332146, 0.0026817666366696358, 0.0032063086982816458, 0.0025994700845330954, 0.0031741634011268616, 0.0025777360424399376, 0.0032669594511389732, 0.002515374915674329, 0.0029137844685465097, 0.0032236583065241575, 0.0022618286311626434, 0.0025837465655058622, 0.0026980277616530657, 0.0034783666487783194, 0.002258923137560487, 0.0028052679263055325, 0.0024787881411612034, 0.00268159294500947, 0.0026772122364491224, 0.002216267166659236, 0.003779592225328088, 0.0028505867812782526, 0.002931229304522276, 0.003258621087297797, 0.00225687213242054, 0.0035397871397435665, 0.0028627340216189623, 0.0030655788723379374, 0.0025935927405953407, 0.003151427721604705, 0.0025567468255758286, 0.0027623928617686033, 0.00212291581556201, 0.002601951826363802, 0.0025672640185803175, 0.0036584711633622646, 0.003694419050589204, 0.0027576424181461334, 0.002679361728951335, 0.003480197163298726, 0.0028270732145756483, 0.0020958425011485815, 0.002291886368766427, 0.001996332546696067, 0.002329867100343108, 0.002801397815346718, 0.0031104341614991426, 0.0030702068470418453, 0.002044505439698696, 0.002879744628444314, 0.0026505400892347097, 0.0027774737682193518, 0.004335167817771435, 0.00463470071554184, 0.0034315763041377068, 0.002563656074926257, 0.0028070928528904915, 0.0025093816220760345, 0.0027060864958912134, 0.002878626110032201, 0.002913673175498843, 0.00257121748290956, 0.0027718651108443737, 0.0024985431227833033, 0.0032677671406418085, 0.0030971348751336336, 0.003719380823895335, 0.00258680060505867, 0.0029563913121819496, 0.0033540022559463978, 0.003608151338994503, 0.0031344457529485226, 0.002470814622938633, 0.0027703428640961647, 0.002694557886570692, 0.0028474736027419567, 0.0024882310535758734, 0.0030667362734675407, 0.0034668396692723036, 0.0026824092492461205, 0.002696814713999629, 0.004042394459247589, 0.0033045546151697636, 0.002716788789257407, 0.0038207450415939093, 0.0023514723870903254, 0.0027940142899751663, 0.0032954432535916567, 0.0024245057720690966, 0.0023891262244433165, 0.003247329732403159, 0.0039706104435026646, 0.002546842908486724, 0.002616551937535405, 0.0030440445989370346, 0.0030946144834160805, 0.0033485405147075653, 0.0029410026036202908, 0.0020326124504208565, 0.0015234716702252626, 0.002993084257468581, 0.002387989079579711, 0.002500229747965932, 0.0025249330792576075, 0.002993342000991106, 0.0023391281720250845, 0.002817060798406601, 0.0027066196780651808, 0.0025822429452091455, 0.0047978865914046764, 0.003122108057141304, 0.0020757524762302637, 0.003206046298146248, 0.0024234228767454624, 0.003270333632826805, 0.002212596358731389, 0.0042649745009839535, 0.0027966902125626802, 0.0021038944832980633, 0.0035326313227415085, 0.002934598596766591, 0.0031944841612130404, 0.0023234952241182327, 0.0017932619666680694, 0.004962647333741188, 0.0025054363068193197, 0.002837618114426732, 0.0028581968508660793, 0.0032253307290375233, 0.002615498611703515, 0.0026251215022057295, 0.0029175346717238426, 0.0018902551382780075, 0.0031149350106716156, 0.0035346413496881723, 0.0026288668159395456, 0.0031880373135209084, 0.002996195340529084, 0.0034834309481084347, 0.003207927802577615, 0.002699107164517045, 0.0032363946083933115, 0.0037725481670349836, 0.002503141527995467, 0.002484468976035714, 0.003546837717294693, 0.0030554209370166063, 0.0033347096759825945, 0.0024283938109874725, 0.002365255728363991, 0.002034575678408146, 0.0027732299640774727, 0.00252747256308794, 0.0025078949984163046, 0.003346762852743268, 0.004277826752513647, 0.0026873378083109856, 0.003508086083456874, 0.002802587114274502, 0.0026525077410042286, 0.002096407348290086, 0.0029857088811695576, 0.003127424046397209, 0.002495007123798132, 0.0026729959063231945, 0.0033103700261563063, 0.0031214277260005474, 0.002979658544063568, 0.0029932879842817783, 0.002788339741528034, 0.003011219436302781, 0.0027006121817976236, 0.0033113944809883833, 0.002579008461907506, 0.003395069856196642, 0.0030838565435260534, 0.0031836205162107944, 0.0021446412429213524, 0.002744598314166069, 0.0031374148093163967, 0.002601002575829625, 0.0026469393633306026, 0.0028983221855014563, 0.0033197831362485886, 0.002849246608093381, 0.0027240889612585306, 0.002855097409337759, 0.0023881662636995316, 0.003096844768151641, 0.0025347277987748384, 0.0021495348773896694, 0.003572511952370405, 0.003295610658824444, 0.0032132614869624376, 0.0035965475253760815, 0.0023568037431687117, 0.0038753359112888575, 0.00208473764359951, 0.0032542808912694454, 0.0031834475230425596, 0.003557265503332019, 0.0025723413564264774, 0.00341965863481164, 0.002777860965579748, 0.0037943879142403603, 0.00357373571023345, 0.004285380709916353, 0.0023307467345148325, 0.004182000178843737, 0.0027782716788351536, 0.002274057362228632, 0.004782670643180609, 0.002685085404664278, 0.0029727728106081486, 0.0027657956816256046, 0.0029781037010252476, 0.00292654219083488, 0.0029562453273683786, 0.002819843590259552, 0.003208430716767907, 0.0025492352433502674, 0.0023040184751152992, 0.0023363144136965275, 0.004316398873925209, 0.005045720376074314, 0.004047435242682695, 0.0035053601022809744, 0.002708811778575182, 0.0028982777148485184, 0.0035159785766154528, 0.0020731959957629442, 0.0022957033943384886, 0.002951669041067362, 0.002174886642023921, 0.004059277009218931, 0.0025027201045304537, 0.002488573780283332, 0.0021336479112505913, 0.0022498955950140953, 0.0028443429619073868, 0.003712427569553256, 0.0030090399086475372, 0.0021498694550246, 0.0032372993882745504, 0.002857571467757225, 0.004362931475043297, 0.003508817870169878, 0.0030024040024727583, 0.002540025394409895, 0.002809955272823572, 0.0032241595908999443, 0.0025591233279556036, 0.0032978591043502092, 0.004102608654648066, 0.003094080602750182, 0.0036912024952471256, 0.0034057023003697395, 0.0033633671700954437, 0.003204067936167121, 0.0029142668936401606, 0.002469440223649144, 0.0030044002924114466, 0.0019992359448224306, 0.002858872525393963, 0.0022687967866659164, 0.0025945280212908983, 0.00303313578478992, 0.002429201966151595, 0.0031076809391379356, 0.002605022396892309, 0.0031109233386814594, 0.0027239611372351646, 0.002627989510074258, 0.0027129275258630514, 0.0032967126462608576, 0.0038808328099548817, 0.002131870249286294, 0.0022556588519364595, 0.0024022168945521116, 0.003691424848511815, 0.003156533231958747, 0.002801003400236368, 0.002356181154027581, 0.003029624931514263, 0.0021803330164402723, 0.0025404649786651134, 0.0033833247143775225, 0.0025872336700558662, 0.0023854037281125784, 0.002689917339012027, 0.0039036269299685955, 0.0038566773291677237, 0.0030442075803875923, 0.0025033182464540005, 0.003271704073995352, 0.0033674808219075203, 0.002080269856378436, 0.00237951404415071, 0.0027121794410049915, 0.00238552363589406, 0.0024215797893702984, 0.0031394166871905327, 0.0020649749785661697, 0.002218778943642974, 0.004247844219207764, 0.0041305930353701115, 0.0026284127961844206, 0.002391203073784709, 0.0032367694657295942, 0.003146158531308174, 0.003511805785819888, 0.002660099882632494, 0.0029710473027080297, 0.0030358426738530397, 0.003341702278703451, 0.002446601400151849, 0.0027460625860840082, 0.0026629208587110043, 0.0026641145814210176, 0.0032379503827542067, 0.0036035734228789806, 0.0033805500715970993, 0.0030779922381043434, 0.004153380636125803, 0.0018131867982447147, 0.002808556193485856, 0.0021590576507151127, 0.0030437842942774296, 0.002082542050629854, 0.0027949789073318243, 0.0025522527284920216, 0.003792195813730359, 0.002612888813018799, 0.0027563883922994137, 0.002803110284730792, 0.003284464357420802, 0.0022998247295618057, 0.0029083658009767532, 0.002517741173505783, 0.002713398775085807, 0.0027006249874830246, 0.0037075120490044355, 0.002997675910592079, 0.00197630119509995, 0.003492322051897645, 0.0033600362949073315, 0.00261995499022305, 0.002784585114568472, 0.0018480835715308785, 0.0029191512148827314, 0.0028475194703787565, 0.002793149324133992, 0.0029812150169163942]
OUTPUT_SCALES: [0.0235294122248888]
OUTPUT_ZERO_POINT: -128

REAL_MULTIPLIERS: [0.020465259942527243, 0.023571194687455714, 0.019772944350465723, 0.0281851186951667, 0.028225106434094645, 0.020209944230490773, 0.023192751412072315, 0.018695471962678636, 0.017829507852118676, 0.029409063560680092, 0.01774164913159085, 0.021456803461122095, 0.024119880188950553, 0.024139169176880304, 0.026312659957145452, 0.017879120081616608, 0.024288215424749137, 0.02326160309728408, 0.02184957869267295, 0.024558581310083878, 0.031674339442127206, 0.01937352989689658, 0.02490995332438266, 0.030010887604429205, 0.02231261346741879, 0.02785344526212161, 0.024541121203972654, 0.02594903824483301, 0.022450522587046898, 0.027749107554374788, 0.025955934653357028, 0.02564829006028803, 0.022589012757669436, 0.021897750677738796, 0.030080728028874106, 0.019533909496784577, 0.023586021965782356, 0.03265522210378824, 0.018583273873282617, 0.023894417162431042, 0.021935619961893617, 0.022393792959138542, 0.01759644544062615, 0.03148137907467628, 0.02650441821581774, 0.03805635590383421, 0.025471850591931113, 0.02150880466749547, 0.021811741794967, 0.029621728224640386, 0.02544741025354585, 0.020094545597912336, 0.027684281314249007, 0.022499100355266227, 0.021135560369698277, 0.02053876956112056, 0.019716852926108624, 0.023320519763033752, 0.020679465820436692, 0.021083559163324897, 0.02681332969056311, 0.01822039704929418, 0.02499881411974022, 0.02267814598021454, 0.027204106487710187, 0.017707679556896987, 0.027788937171228843, 0.025242872683166623, 0.02941381293815257, 0.026954037380390608, 0.016169685201779308, 0.026316833998879186, 0.019560643557783905, 0.023758788429820404, 0.01682397529269734, 0.029463777608417615, 0.031530438829458204, 0.027518679875752072, 0.020077565573278475, 0.02157016936776265, 0.02293732139492219, 0.019473377318761875, 0.02767668383436122, 0.01874876481683635, 0.019389384016160912, 0.020286376249823275, 0.020937420075513427, 0.01722683604544327, 0.025616907591333286, 0.02061464910573705, 0.025090067702143677, 0.024083630227239215, 0.021455563250638906, 0.031168672670157473, 0.024104668083407933, 0.03308862518290353, 0.03382556168116659, 0.02174769282961409, 0.02515445767775233, 0.02144050736208495, 0.02496681821334218, 0.023063939074406136, 0.017463963908811556, 0.01959331767452298, 0.0183188670945399, 0.032124408206813795, 0.01861812931260733, 0.025396554003394276, 0.0212701679766269, 0.02071810094885302, 0.031145329660863325, 0.029028271315211025, 0.01932920046873486, 0.025478670797046025, 0.02127383526569009, 0.019770382010834562, 0.022903248945626033, 0.022599168767017928, 0.040231300264128037, 0.019668366601980222, 0.01958219388187885, 0.020800751166368505, 0.023480285925478458, 0.021472192739590886, 0.01786336312169888, 0.018643064973151772, 0.02324862184654301, 0.02673680241696923, 0.020857556997685964, 0.03344399216092465, 0.022068463459901457, 0.028919249002889464, 0.026096644248269754, 0.02311724526416044, 0.02701680803355578, 0.028371344586337954, 0.020879227342150253, 0.03619089263876881, 0.020370960128844803, 0.023744281205812005, 0.020765413740481204, 0.020163827832385545, 0.018158066470816595, 0.02054102899220053, 0.026710182661083562, 0.03218072252614253, 0.019434450712305717, 0.019005278827480997, 0.026764841461349484, 0.024558270781191775, 0.022054344873279494, 0.017953252663079358, 0.016337696573089193, 0.021237219527615047, 0.02525758184620915, 0.02312070299384859, 0.031969684804966626, 0.030425466536410282, 0.023873009719728167, 0.022648881966032923, 0.018365995092901002, 0.019446629922165955, 0.01646939320979, 0.036543954463664506, 0.020349743194664694, 0.021391636210740566, 0.025609134843604556, 0.017851130569452273, 0.024112635149829878, 0.026257738255118117, 0.022397077326070977, 0.02077362846798274, 0.024183285235496524, 0.026394637679575582, 0.025345665366793835, 0.019626715723648554, 0.021747873812710716, 0.02276111625204827, 0.01783733203714855, 0.019170964089727946, 0.021669567189514228, 0.017997282992860335, 0.030217355026144022, 0.03259883539122086, 0.019707916171305812, 0.023098666873020597, 0.019358340652376686, 0.02220199850384693, 0.028415264421175725, 0.024912144172394436, 0.020188630136964054, 0.028506910451136076, 0.02182695390050962, 0.023766536411441174, 0.022158713062389958, 0.022342618559753957, 0.016961259544370787, 0.021423279676371497, 0.021492340920958298, 0.022015747846567717, 0.0184287333596173, 0.029980330037378024, 0.02694387756087166, 0.019554994980083982, 0.019685769555534617, 0.03362608401715195, 0.023419866147484182, 0.021631326413740017, 0.022548617330502778, 0.023689100412193714, 0.024497285192884896, 0.022595838678040034, 0.03280648587086204, 0.021013333911664014, 0.037394590258482956, 0.02078120880210348, 0.02283445250788587, 0.024077602537578995, 0.02178841783652513, 0.02663899153121227, 0.025618763144344997, 0.021753175664899208, 0.027439182574288318, 0.027252947157690926, 0.026096579475372014, 0.028716024036232073, 0.02049717774043095, 0.023225496016964813, 0.02615482745620679, 0.020350562381312574, 0.01631403922473249, 0.030836241013191785, 0.027501284542538588, 0.02027278156163891, 0.0257343179939121, 0.018669242749264632, 0.02701654703687959, 0.022798354952992747, 0.019644598758680316, 0.023456979112803634, 0.02430751774827548, 0.02612224478355864, 0.019275111288952002, 0.023458247899565236, 0.02650056041823179, 0.024003420423900326, 0.029439327744606215, 0.029391218627352885, 0.027136403568890684, 0.016155734262657376, 0.015838672833308202, 0.022488083247394843, 0.023227915475203902, 0.023514156435740483, 0.018811861239575442, 0.01912441523727604, 0.02706272249262688, 0.031182194965103188, 0.029978447813173128, 0.02513690612755018, 0.021645193529111935, 0.030336592405456133, 0.030381440016799762, 0.021442923010153585, 0.03013570688345827, 0.028763955980559235, 0.025822923507849156, 0.01968311577181253, 0.02151588205911612, 0.02528449879539033, 0.020157830624088966, 0.01977190417393144, 0.023546866749098883, 0.01767449487731691, 0.031590976722736586, 0.021398083019150867, 0.025529875677794255, 0.02135541101513719, 0.024960198042176165, 0.023263830141915177, 0.023469082119254768, 0.022524266531123216, 0.02717577215511965, 0.02446238403151472, 0.022273315369343245, 0.02458646794764592, 0.02243975885551079, 0.019725481057104557, 0.02437138763561699, 0.01985027747511089, 0.026697673871478946, 0.017303087081679144, 0.019056209375956448, 0.025110711205670273, 0.03691561754072277, 0.028619500988088988, 0.025587293041469783, 0.024848287620649518, 0.020120715753684286, 0.024032953055099043, 0.023702094998531376, 0.021599532446376107, 0.020302466599655837, 0.020287799348488313, 0.024688151871670654, 0.020173332302586187, 0.024531510048999262, 0.022065622977827062, 0.01870197973381622, 0.025329487383040805, 0.019957910980301512, 0.021433214695833584, 0.020492479800259616, 0.021044285831357312, 0.028689413805772543, 0.024878776604632502, 0.023215930584036884, 0.03727422316363086, 0.02922123930300286, 0.030068625022422975, 0.01829883893354183, 0.03839923314310299, 0.01963625067521284, 0.027193689481685508, 0.021446731275523618, 0.025211109197166355, 0.025349273598214966, 0.02008036414347786, 0.022415063235705027, 0.01851865338236142, 0.04173246551162518, 0.027428304537638552, 0.03411630816826652, 0.034506004782089525, 0.026816726457523976, 0.019534210500250542, 0.021896020860352108, 0.03221488832461484, 0.02214668625934793, 0.01868352517321617, 0.030519524404268812, 0.023025955485137656, 0.02184089340912019, 0.014940037463637007, 0.02405129521567066, 0.020358154145944676, 0.027050760462482594, 0.01785458829914042, 0.02416019750762288, 0.025890293036753824, 0.021341656299793704, 0.036752081214612584, 0.025282702300020676, 0.026724621302023764, 0.02082224624299185, 0.021078383046761427, 0.022084208989307817, 0.026322766434278024, 0.025264522071693406, 0.022819267073536435, 0.022962167516460935, 0.023191320693066366, 0.018763056766214026, 0.018429985000611854, 0.019937086493678292, 0.02048460798809905, 0.02009299104836659, 0.02301458212632871, 0.018907088829763736, 0.02291568343690677, 0.022714414992778157, 0.02703334798350206, 0.03456438040363455, 0.01969232495380289, 0.019951908056749252, 0.0323226970976464, 0.02531263690420242, 0.02327429286998532, 0.019646328576067, 0.020318034956136023, 0.019177128945524556, 0.037292290991929704, 0.02375167103140998, 0.0245018154855562, 0.029603561331909712, 0.02527528008797383, 0.024368798624792642, 0.023266285796773593, 0.019990345056301907, 0.021862666628186766, 0.02066778002765041, 0.022139151647272655, 0.02885235765037693, 0.02825771768302121, 0.018429322030952638, 0.01987649525801353, 0.02881930251659233, 0.020467911821164104, 0.024451056394751234, 0.026136788204186367, 0.02076062626130417, 0.02324333142486588, 0.02519053808687841, 0.017506323478847903, 0.02623797109079623, 0.020308728614799054, 0.017540098734848547, 0.028256326970805042, 0.021622361082658793, 0.021963961914825064, 0.02508835312543881, 0.01876084496226475, 0.03090979254366011, 0.020163073418635404, 0.0187554840524342, 0.027584641546673522, 0.029508882406266975, 0.026639100121070243, 0.029214621036922073, 0.017962185607711713, 0.024569640329830267, 0.026330889717688637, 0.020047770040318345, 0.02328253998393573, 0.021934200673399032, 0.022686076850017164, 0.03161657535294025, 0.019996420373092818, 0.01748582095162815, 0.02819367824309444, 0.023295679356750688, 0.026385159880568124, 0.031544138297330084, 0.02594238187704767, 0.020514523541428516, 0.024488270329587752, 0.01935627172981948, 0.022457603788837998, 0.02038462530518259, 0.022036393255179542, 0.028796468165053962, 0.029502353679191885, 0.017265330197552754, 0.027015845965515824, 0.029181099157256703, 0.018104585013221347, 0.016189709552606922, 0.02470053302056502, 0.015034588748569494, 0.02498540612990816, 0.018839483070290843, 0.01934920005345452, 0.021515682025167217, 0.024263500754091095, 0.030040833639122314, 0.024987932272919997, 0.018932512192126456, 0.029995121119085342, 0.025293454601045418, 0.029475570085976642, 0.036634331706863255, 0.025939663320427846, 0.023701153886428926, 0.02005006376293241, 0.02530533661761014, 0.021386764907813518, 0.023476515761812977, 0.017873181930962084, 0.019886424562219937, 0.020667482834354902, 0.018322884919284972, 0.022786381492337093, 0.029305729832848234, 0.021672786783548923, 0.02103599871061712, 0.022492141078929696, 0.032251321174508026, 0.023345097267555404, 0.024452982435916367, 0.03457645864397772, 0.0192705809962807, 0.018732758290753805, 0.03282519380779736, 0.022280486110140045, 0.020605609476331947, 0.019557854513010654, 0.025763273384286845, 0.02297483061796899, 0.025663972721881877, 0.028342265365423416, 0.019917258366629123, 0.02347650433130161, 0.030151385734881662, 0.026201197230647295, 0.01908499521374593, 0.02485360852369029, 0.02308315376401201, 0.021808009733006072, 0.02984236757536354, 0.028241271082251083, 0.023310257068912512, 0.02696117382965331, 0.033157619749507365, 0.02083414921549408, 0.024664690747092394, 0.02160034210759785, 0.033887427418848634, 0.026021216208852213, 0.019912661395974852, 0.019990476507182612, 0.017238735207775042, 0.020521663800861675, 0.03991577623855756, 0.02307455420929449, 0.023421982697172078, 0.01785945960206747, 0.025813824820801995, 0.023721536393279334, 0.019258424647443192, 0.016128712533788676, 0.026296438156432185, 0.026434492062537594, 0.025391804625921797, 0.02837933451378263, 0.027446947701676137, 0.030631023327386292, 0.024649972058623727, 0.02215369697298561, 0.022044381277538994, 0.022909602404860178, 0.0249407699830248, 0.023704796409384152, 0.01921444766004859, 0.019851249068576982, 0.03317966920593195, 0.01783476779243216, 0.03207655246589574, 0.02539608344734305, 0.015316990009829787, 0.022008070353100373, 0.022325293714693894, 0.021742785330067717, 0.030590810788401486, 0.01914790112796226, 0.015660812171371472, 0.021226943497897215, 0.020483093445343083, 0.019704418434827883, 0.02364730284229952, 0.025640372526082002, 0.014705492895837384, 0.02397441169113921, 0.02323074643185216, 0.020832821371090424, 0.02408954361178578, 0.02199727804528585, 0.02036544300202559, 0.02542742971967847, 0.025912675883093244, 0.03127533648696723, 0.028978979140031336, 0.029585234412019913, 0.019253713371675266, 0.021585667236089418, 0.02102368804987618, 0.024225269503743024, 0.034592160356423846, 0.02127901709750924, 0.022125509331957602, 0.028762778637888557, 0.02091850448428829, 0.025203199283301236, 0.02235908421137636, 0.02657170582605762, 0.02338020417813016, 0.024619311616970257, 0.02580949075190914, 0.01968356727701148, 0.021514367516360152, 0.02463928834066718, 0.01785952437496521, 0.01761710037466411, 0.020847509578195447, 0.024585197255799093, 0.022598442929546204, 0.028484053238574978, 0.020107463980840894, 0.023533321593130437, 0.019688632898631746, 0.020189190232020978, 0.0263895434816769, 0.023242020726229273, 0.024274073977104443, 0.024820837247604602, 0.020605699015337646, 0.02317589521797825, 0.024717619729971628, 0.02838196162631153, 0.02569777274399048, 0.02133162793115546, 0.023708317006884812, 0.025659972042903854, 0.018627380406472698, 0.023249648687480702, 0.020624210728494522, 0.022084904345415903, 0.027389642738029036, 0.020253587827970543, 0.02088569701158328, 0.025944267911423024, 0.02264009190279264, 0.024558987093237363, 0.022113594928944005, 0.019509417721098172, 0.02212152960891708, 0.02350506155886378, 0.030959359051112578, 0.02501622850380598, 0.016278155039384856, 0.02866760248500141, 0.025949373539833072, 0.02024097235359318, 0.023050176738721742, 0.028873774618505946, 0.020894586139255402, 0.019707599927158027, 0.024552218325423595, 0.021252835511225927, 0.01897782845443608, 0.024430769142162207, 0.025813140895205276, 0.017679815780357676, 0.027111201196414372, 0.024262936848863718, 0.015748586115606665, 0.02450358911990312, 0.02310234749768038, 0.026379703716476192, 0.022633435535007303, 0.019691898214711904, 0.02148715527896869, 0.021746098273278565, 0.02424587871573552, 0.022198828442028154, 0.01857197100262709, 0.016488287845077634, 0.02101381970839706, 0.019422442960115967, 0.022933050193841842, 0.01883577958460833, 0.020924455970539407, 0.024728213908922478, 0.018605643384025445, 0.022663152959473097, 0.01934309235021474, 0.02741322769314709, 0.02088164108513366, 0.026733424700860643, 0.019374335747947863, 0.030665162454665416, 0.021806700939454693, 0.027979851477145292, 0.02573316732243461, 0.024309192318190564, 0.02235847458410352, 0.02511200666362506, 0.01990903982895713, 0.02523008575111877, 0.0378139795306638, 0.018600196745359652, 0.02442136945164908, 0.023821663862673093, 0.023995358103217, 0.025398531481860557, 0.02465026734683401, 0.023646245519998183, 0.022181202593502126, 0.028446818347800957, 0.020557639430300232, 0.02158060351955438, 0.024878146021422156, 0.025078595278902893, 0.018486710818349752, 0.029205255637943045, 0.020426535275105216, 0.025082982690182123, 0.024912875725121846, 0.020755638748178235, 0.021263768795347294, 0.02295712285077817, 0.02038205534521052, 0.01842220844271267, 0.026661841123432457, 0.019871511555058053, 0.016906776011945807, 0.021384374025852842, 0.02167815531372038, 0.0201779940461382, 0.02565551604855643, 0.025840541736034273, 0.017708662580874446, 0.02208084651388105, 0.02845727155044496, 0.01787385442604744, 0.02368854222222202, 0.019335161480412116, 0.02127973340955483, 0.03809761623969421, 0.020192663202390947, 0.026138361804584388, 0.025777087157272387, 0.020608278500735856, 0.025880365637632644, 0.01879045189178734, 0.024802396022601148, 0.021817239870933938, 0.02375581078160962, 0.020902315070023894, 0.04018550201525582, 0.02335739459269975, 0.02332100365468157, 0.02464616950850938, 0.021647713956868087, 0.028426822573251756, 0.023010230911668803, 0.018314039608573085, 0.01705669669393412, 0.031104854220117106, 0.020778124469119946, 0.02425030041854885, 0.02155146905116824, 0.029833179349310682, 0.024415208406022928, 0.020421016243200772, 0.025857836099730695, 0.020056163845831282, 0.025020057725113516, 0.018292493094648594, 0.016283757895039316, 0.02184949867909339, 0.024891068214521167, 0.029184455917427785, 0.021758578486604768, 0.022913037273525595, 0.02691791696447475, 0.023538642496171207, 0.02117526806109776, 0.02295470339253908, 0.02367951402332828, 0.025249203281378037, 0.025184918085456903, 0.016530102560738877, 0.025077579868476564, 0.02794465693265006, 0.027948505204809872, 0.02263636365100217, 0.030085711731829584, 0.025305075620933957, 0.03517255219136212, 0.01779245394444128, 0.024285715952930487, 0.02132735291990466, 0.015943877354833595, 0.031928828347174885, 0.026009810463594397, 0.020807967629210767, 0.020025636760143746, 0.02198530267954497, 0.021471358312261185, 0.019112792312302274, 0.0222618181799945, 0.023661928181592032, 0.024793205891463062, 0.025855860526349646, 0.03794490079767696, 0.02337314202719134, 0.01949524007683415, 0.024699395684684124, 0.020757433338462663, 0.022650164088391118, 0.02813611799802684, 0.022073214742459168, 0.021305882609389273, 0.02552742002293584, 0.02031905227164758, 0.022919085919123318, 0.023520422261054157, 0.02263654844426925, 0.020493051325827905, 0.018744668883596945, 0.02960924420114373, 0.027003293358950974, 0.023130847572685718, 0.022199891479585173, 0.023701193893218706, 0.020315196379146857, 0.02920587860081248, 0.027809033915295107, 0.020924395007812124, 0.02666821934877456, 0.019333869832627783, 0.02486056589494159, 0.02313704100476074, 0.028271986771376156, 0.019265854479830948, 0.02162801347052917, 0.026834055112754496, 0.02322363665378265, 0.026068273719059894, 0.022184778438474387, 0.025413122529618973, 0.024645737054162706, 0.021613308117657097, 0.02986357879428797, 0.02717566737543213, 0.02133249855510449, 0.025786050583268383, 0.026406342523214138, 0.01742015837908744, 0.03223336765132285, 0.03290445678377812, 0.027573868289711277, 0.022740143168777295, 0.028192805714060187, 0.023753730428541047, 0.01927249370184924, 0.023155042155076615, 0.026198103372237627, 0.028519369708524776, 0.02483692950252239, 0.02186656252747727, 0.02152534842761221, 0.020425194095104963, 0.021021215249250717, 0.031861950330258945, 0.02348957131087792, 0.03252840820052585, 0.02360807904254785, 0.026980859075310407, 0.02410755238244256, 0.022640541502906363, 0.02511016444620994, 0.02367935399616916, 0.025811908305063, 0.025520616963587976, 0.025427208729792067, 0.022821918952173295, 0.02510670290635134, 0.021931129676012094, 0.016967561566303784, 0.025856494919730445, 0.03073538008598539, 0.02165929496996685, 0.02450751931072772, 0.02767927284518557, 0.023910088393513523, 0.024228290968914046, 0.01816366361121537, 0.02266602201782591, 0.0253616528420241, 0.021326537543427237, 0.02187514684151297, 0.022903921440711385, 0.032240077361494555, 0.017619161676880404, 0.02686645870739125, 0.024019230726204426, 0.027708121550787564, 0.021408147584408434, 0.024745445404806388, 0.020183311139008512, 0.022885190642753333, 0.020312643564941835, 0.02883722555841387, 0.020635195449917033, 0.02001789258869343, 0.030050663878896884, 0.020046308839948755, 0.023118874112030067, 0.04110250335906398, 0.02354526266733722, 0.02801500029959506, 0.018404546397567317, 0.02122121681170296, 0.022557338810674864, 0.022787534068899808, 0.024900938461085518, 0.0228942417026698, 0.02453607653828989, 0.02300495192050304, 0.019556176132925113, 0.02300887449098673, 0.020633303700285998, 0.019106057836022605, 0.030282356534110745, 0.025521192299326718, 0.018584636009220373, 0.021747092727767387, 0.023396372636457052, 0.02411102535281253, 0.032825624357058804, 0.024530793736953674, 0.02301709874391441, 0.02344900823621123, 0.021282583417055363, 0.020601873604200564, 0.019503835821381217, 0.024946414750554265, 0.03103893065090021, 0.017238453255161355, 0.021894706351545043, 0.028164633313714, 0.026717281008641708, 0.033550204472535455, 0.023781234143972336, 0.021307780074275993, 0.02166722583976947, 0.03178515062947751, 0.02349311095923086, 0.019810676468484157, 0.02514107635911346, 0.02418201835382015, 0.022436535451305643, 0.0164226100318551, 0.018624818066841537, 0.02338705295952349, 0.017732220864799312, 0.02609024125681969, 0.0219429621603609, 0.026234911523920657, 0.021269588830717702, 0.02597188974213843, 0.02109175483997416, 0.026731172890121585, 0.020581498717691066, 0.02384139673546088, 0.026376870854742707, 0.018506912342103537, 0.02114093461512542, 0.022076015217743782, 0.028460965510701333, 0.01848313878354795, 0.022953484137993398, 0.020282135530106573, 0.021941540966781088, 0.02190569678822324, 0.018134115739334832, 0.030925677144288084, 0.023324295641954915, 0.02398413524614103, 0.026662946072864485, 0.018466356887777757, 0.028963525088664805, 0.023423687748450807, 0.02508342085978448, 0.021221498764316647, 0.02578586007474562, 0.020920015216873804, 0.022602668408581085, 0.01737028896308378, 0.021289895134159006, 0.02100606982169106, 0.029934630852937644, 0.03022876648665752, 0.022563798954681757, 0.021923284535044715, 0.028475943290760957, 0.023131901084816598, 0.017148767557900232, 0.01875285312973484, 0.016334549372293148, 0.019063622062577154, 0.02292181781133974, 0.02545043933905778, 0.02512128823885407, 0.016728713410974948, 0.023562873275181428, 0.021687457844886897, 0.022726064588945112, 0.03547155150766814, 0.03792241317165002, 0.0280781138681012, 0.02097654862100371, 0.02296841619600756, 0.02053245991884665, 0.022141954027642498, 0.023553721245747897, 0.023840486104722076, 0.021038418168856213, 0.02268017299089674, 0.020443776296415264, 0.026737781630776232, 0.025341620870855577, 0.030433010673911694, 0.021165923618056234, 0.024190017806690965, 0.02744338138213001, 0.02952290002337187, 0.025646908873498, 0.02021689398140117, 0.0226677175436785, 0.022047623732596416, 0.02329882274737628, 0.020359400071683548, 0.025092891038451023, 0.028366648551251844, 0.02194822019558916, 0.022066089723707834, 0.0330759982780148, 0.027038787001826943, 0.022229523175215725, 0.031262400958271624, 0.01924040254118982, 0.02286140374860115, 0.026964235301614112, 0.019837982055051773, 0.019548496734372537, 0.026570557059665358, 0.03248864145148431, 0.02083897860654612, 0.02140935731352798, 0.02490722143216624, 0.025320998323266487, 0.027398691892860278, 0.024064103103656014, 0.016631401657547625, 0.012465469871625114, 0.024490249713139258, 0.019539192298120796, 0.020457576733804213, 0.020659706276455716, 0.024492358642486244, 0.01913939873259135, 0.02304997670477284, 0.022146316672813773, 0.021128631574725387, 0.03925764549582063, 0.025545958407285903, 0.016984385373948984, 0.02623276449286912, 0.019829121503658065, 0.026758781385240394, 0.018104080165636024, 0.034897210223412814, 0.022883298893122295, 0.01721465112032735, 0.028904974199278833, 0.02401170373447006, 0.026138159865550258, 0.019011485595152613, 0.014672969280831291, 0.040605763816470915, 0.020500178249664467, 0.023218182394775945, 0.023386563352619988, 0.026390555081932773, 0.02140073870795818, 0.021479475880416116, 0.023872081943222313, 0.015466594447670314, 0.02548726654159309, 0.02892142080004896, 0.021510121081387765, 0.026085409960682423, 0.024515705461950844, 0.028502403019487504, 0.026248159486593595, 0.022084847192859074, 0.026481082826864503, 0.030868040695811377, 0.02048140172966095, 0.020328617704575506, 0.029021214879527885, 0.02500030580147345, 0.027285524115083393, 0.019869795073267957, 0.019353181681580265, 0.016647465336187, 0.022691340600501105, 0.020680485041033474, 0.020520295949668234, 0.027384146567147324, 0.03500237092797797, 0.021988547039687622, 0.02870413820949689, 0.02293154898668247, 0.021703557720145594, 0.017153389294662463, 0.024429902328383636, 0.025589455313203145, 0.02041484376706325, 0.021871197599836092, 0.027086370315557447, 0.02554039174825077, 0.024380396783658453, 0.024491916662713435, 0.02281497301143336, 0.024638636801519332, 0.02209716166377047, 0.027094752690559016, 0.021102166130743154, 0.027779407934920237, 0.02523297386032386, 0.026049270493914287, 0.0175480524656739, 0.022457068459889033, 0.02567120252032073, 0.021282128101685963, 0.021657995701841605, 0.023714880025493996, 0.027163391006225286, 0.023313329971384678, 0.02228925521744282, 0.023361202858069783, 0.019540642067979022, 0.02533924713466195, 0.02073984940181164, 0.01758809354698822, 0.029231288627578605, 0.026965605057892778, 0.026291801178988133, 0.02942795438579727, 0.019284025182732083, 0.031709078671253034, 0.017057904517968438, 0.02662743337913624, 0.02604785501559016, 0.029106537931617733, 0.02104761401524998, 0.027980600175639747, 0.02272923274567866, 0.031046739595248264, 0.029241301755535024, 0.035064179513103186, 0.01907081947456714, 0.03421829119067198, 0.0227325933160202, 0.018606971228429102, 0.03913314436602457, 0.021970117245195535, 0.024324055793136533, 0.02263051122918289, 0.02436767462450834, 0.02394578397542362, 0.02418882331825324, 0.023072746283413468, 0.026252274470685275, 0.020858553357260015, 0.01885212140569094, 0.019116375777615446, 0.03531797877729846, 0.04128549060534826, 0.03311724337319298, 0.028681833471651805, 0.022164253050231904, 0.02371451615421552, 0.02876871678854308, 0.016963467538149608, 0.0187840850969566, 0.024151378868104183, 0.017795528751998673, 0.033214136007870224, 0.02047795352539894, 0.02036220435713862, 0.01745810196156614, 0.018409272914017064, 0.02327320697140557, 0.030376117208673763, 0.02462080329870349, 0.017590831154460324, 0.02648848598805907, 0.023381446293698576, 0.03569872149055161, 0.028710125892367332, 0.02456650646463082, 0.020783195805995896, 0.02299183731379604, 0.026380972503237794, 0.02093946042179222, 0.026984002465935995, 0.03356868760941392, 0.02531662996283953, 0.03020244773423782, 0.027866405556925173, 0.027520007720155733, 0.02621657698368995, 0.02384534407205253, 0.02020564826330247, 0.024582840665372516, 0.01635830578508169, 0.02339209190995057, 0.018563927732796037, 0.021229151491676035, 0.02481796247399611, 0.01987640762409306, 0.02542791170624106, 0.021315019398140986, 0.025454441923121032, 0.022288209325652855, 0.021502942720250058, 0.022197929241800713, 0.026974621826275146, 0.03175405582839214, 0.01744355663585319, 0.01845642948865658, 0.019655608246210786, 0.030204267090630205, 0.025827634783617083, 0.022918590596964133, 0.0192789309848334, 0.02478923569384868, 0.017840092505643387, 0.020786792606905663, 0.027683305910612462, 0.021169467076579625, 0.019518038231753194, 0.022009653478924533, 0.03194056367217708, 0.03155640895128125, 0.02490855499182558, 0.02048284768934872, 0.02676999471689022, 0.027553666765957493, 0.017021347837535453, 0.019469847195835076, 0.02219180820296434, 0.019519019350645424, 0.01981404084899615, 0.02568758244310789, 0.016896200883847235, 0.0181546677987705, 0.03475704548287519, 0.03379766361309318, 0.02150640616519389, 0.019565490094602993, 0.026484150014080988, 0.025742746090959136, 0.0287345738510935, 0.021765678739248142, 0.02430993720651457, 0.024840110994852532, 0.027342739539724794, 0.020018774643153825, 0.022469049540885598, 0.021788760751866105, 0.02179852812382816, 0.026493812606355523, 0.029485442237626218, 0.0276606030099548, 0.025184990478695553, 0.03398411811449175, 0.014835999806813539, 0.022980389656663214, 0.017666011532798273, 0.02490509154688175, 0.01703993956427189, 0.02286929651669922, 0.020883243261810097, 0.031028803217830133, 0.02137938460764168, 0.022553538165645745, 0.022935829713188954, 0.026874402912790463, 0.018817807010570873, 0.023797059686958257, 0.020600860098859464, 0.022201785134301436, 0.02209726644345799, 0.030335897049348047, 0.024527819898913342, 0.01617064726981926, 0.028575152509075, 0.02749275357088926, 0.021437202039215012, 0.022784251607052605, 0.015121534933273282, 0.023885308949957745, 0.023299198049166123, 0.022854326356980505, 0.024393132278405154]

MULTIPLIERS: [1406361955, 1619800165, 1358786389, 1936866608, 1939614545, 1388816792, 1593793741, 1284743051, 1225234450, 2020975459, 1219196845, 1474500306, 1657505546, 1658831075, 1808192224, 1228643777, 1669073455, 1598525193, 1501491615, 1687652857, 1088322016, 1331338837, 1711798958, 2062332493, 1533311122, 1914074184, 1686453008, 1783204330, 1542788165, 1906904151, 1783678248, 1762537072, 1552305137, 1504801968, 2067131890, 1342360039, 1620819088, 1122024888, 1277032857, 1642011844, 1507404326, 1538889734, 1209218523, 1081691948, 1821369751, 1307606432, 1750412244, 1478073802, 1498891483, 2035589664, 1748732717, 1380886659, 1902449326, 1546126403, 1452424649, 1411413497, 1354931816, 1602573915, 1421082070, 1448851153, 1842597986, 1252096151, 1717905425, 1558430325, 1869451963, 1216862473, 1909641221, 1734677002, 2021301834, 1852267345, 1111172306, 1808479062, 1344197190, 1632691509, 1156134779, 2024735380, 1083377629, 1891069282, 1379719800, 1482290752, 1576240724, 1338200300, 1901927231, 1288405308, 1332428324, 1394069161, 1438808552, 1183819159, 1760380485, 1416627900, 1724176324, 1655014467, 1474415080, 2141894876, 1656460178, 1136916504, 1162237450, 1494490071, 1728601169, 1473380447, 1715706683, 1584941825, 1200114462, 1346442538, 1258862961, 1103786261, 1279428104, 1745237902, 1461674813, 1423737056, 2140290757, 1994807615, 1328292542, 1750880925, 1461926828, 1358610307, 1573899283, 1553003052, 1382336951, 1351599861, 1345678117, 1429416736, 1613552962, 1475557849, 1227560966, 1281141670, 1597633128, 1837339072, 1433320403, 1149126821, 1516533261, 1987315659, 1793347737, 1588604998, 1856580911, 1949663954, 1434809578, 1243509602, 1399881721, 1631694580, 1426988366, 1385647698, 1247812826, 1411568764, 1835509776, 1105721206, 1335525284, 1306032816, 1839265900, 1687631518, 1515563039, 1233738129, 1122717960, 1459410613, 1735687808, 1588842612, 1098470006, 2090822140, 1640540736, 1556419317, 1262101573, 1336362233, 1131768084, 1255640714, 1398423704, 1470022047, 1759846346, 1226720352, 1657007670, 1804418033, 1539115434, 1427552878, 1661862707, 1813825690, 1741740862, 1348737635, 1494502509, 1564131999, 1225772124, 1317418621, 1489121318, 1236763870, 2076520826, 1120087455, 1354317687, 1587328301, 1330295040, 1525709720, 1952682102, 1711949512, 1387352099, 1958979970, 1499936851, 1633223946, 1522735167, 1535373056, 1165568881, 1472196569, 1476942422, 1512910672, 1266412913, 2060232593, 1851569167, 1343809023, 1352795783, 1155383449, 1609400947, 1486493432, 1549529184, 1627902585, 1683440620, 1552774210, 1127222271, 1444025311, 1284868338, 1428073795, 1569171628, 1654600247, 1497288673, 1830617559, 1760507998, 1494866849, 1885606269, 1872808268, 1793343286, 1973350146, 1408555329, 1596043933, 1797346057, 1398479998, 1121092239, 2119050347, 1889873883, 1393134941, 1768448867, 1282940593, 1856562976, 1566691023, 1349966547, 1611951330, 1670399900, 1795106993, 1324575562, 1612038521, 1821104645, 1649502491, 2023055198, 2019749165, 1864799454, 1110213605, 1088425309, 1545369314, 1596210197, 1615880526, 1292741261, 1314219808, 1859736129, 2142824121, 2060103247, 1727395036, 1487446373, 2084714756, 2087796660, 1473546449, 2070910008, 1976644004, 1774537791, 1352613416, 1478560157, 1737537527, 1385235573, 1358714909, 1618128362, 1214582040, 1085457695, 1470465068, 1754399698, 1467532670, 1715251749, 1598678234, 1612783043, 1547855810, 1867504842, 1681042230, 1530610577, 1689569212, 1542048487, 1355524737, 1674789006, 1364100681, 1834650179, 1189059090, 1309532737, 1725594935, 1268410960, 1966717132, 1758345389, 1707561323, 1382685058, 1651531958, 1628795566, 1484308567, 1395174881, 1394166955, 1696556878, 1386300840, 1685792534, 1516338065, 1285190261, 1740629119, 1371497199, 1472879299, 1408232489, 1446152311, 1971521505, 1709656510, 1595386602, 1280732556, 2008068274, 2066300178, 1257486636, 1319387604, 1349392871, 1868736112, 1473808151, 1732494232, 1741988817, 1379912117, 1540351417, 1272592170, 1433916596, 1884858736, 1172227423, 1185617296, 1842831410, 1342380724, 1504683096, 1106895134, 1521908691, 1283922073, 2097285747, 1582331612, 1500894767, 2053343114, 1652792422, 1399001700, 1858914104, 1226957965, 1660276131, 1779167390, 1466587454, 1262791895, 1737414073, 1836501992, 1430893866, 1448495453, 1517615286, 1808886736, 1736164737, 1568128093, 1577948136, 1593695423, 1289387443, 1266498925, 1370066151, 1407691542, 1380779831, 1581550041, 1299285251, 1574753775, 1560922713, 1857717528, 1187623068, 1353246267, 1371084682, 1110599416, 1739471163, 1599397227, 1350085420, 1396244730, 1317842266, 1281353362, 1632202405, 1683751939, 2034341244, 1736904022, 1674611090, 1598846986, 1373726052, 1502391011, 1420279029, 1521390917, 1982718920, 1941855573, 1266453367, 1365902353, 1980447389, 1406544190, 1680263801, 1796106409, 1426659373, 1597269573, 1731080596, 1203025389, 1803059644, 1395605204, 1205346407, 1941760004, 1485877339, 1509351970, 1724058499, 1289235449, 2124104770, 1385595855, 1288867050, 1895602133, 2027834958, 1830625021, 2007613471, 1234351996, 1688412827, 1809444963, 1377672267, 1599963965, 1507306793, 1558975330, 1086337257, 1374143545, 1201616466, 1937454816, 1600866896, 1813174381, 1083848339, 1782746908, 1409747323, 1682821123, 1330152865, 1543274781, 1400820784, 1514329414, 1978878224, 2027386307, 1186464457, 1856514798, 2005309865, 1244137609, 1112548369, 1697407704, 2066338143, 1716984035, 1294639419, 1329666903, 1478546410, 1667375076, 2064390368, 1717157631, 1301032331, 2061249028, 1738152965, 2025545753, 1258746053, 1782560090, 1628730893, 1377829890, 1738969491, 1469687294, 1613293879, 1228235710, 1366584690, 1420258606, 1259139064, 1565868213, 2013874419, 1489342567, 1445582824, 1545648166, 1108146958, 1604262869, 1680396158, 1188038073, 1324264242, 1287305348, 1127865071, 1531103347, 1416006701, 1344005528, 1770438666, 1578818338, 1763614776, 1947665645, 1368703573, 1613293093, 2071987451, 1800532564, 1311510885, 1707926973, 1586262248, 1498635018, 2050751884, 1940725371, 1601868668, 1852757758, 1139287139, 1431711832, 1694944642, 1484364207, 1164363140, 1788164362, 1368387672, 1373735085, 1184636863, 1410237998, 1371495628, 1585671291, 1609546395, 1227292719, 1773912534, 1630131568, 1323428865, 1108356686, 1807077470, 1816564462, 1744911527, 1950213018, 1886139884, 2104947895, 1693933181, 1522390464, 1514878346, 1574335889, 1713916663, 1628981205, 1320406789, 1364167449, 1140044753, 1225595910, 1102141950, 1745205566, 2105151077, 1512383079, 1534182502, 1494152831, 2102184510, 1315833746, 1076202818, 1458704450, 1407587463, 1354077324, 1625030278, 1761992983, 2021107554, 1647509026, 1596404739, 1431620584, 1655420832, 1511641437, 1399502587, 1747359665, 1780705528, 1074612379, 1991420283, 2033081828, 1323105108, 1483355757, 1444736842, 1664747844, 1188577579, 1462282920, 1520453424, 1976563097, 1437508682, 1731950667, 1536504567, 1825993720, 1606675397, 1691826212, 1773614699, 1352644444, 1478456078, 1693199002, 1227297170, 1210637919, 1432629949, 1689481891, 1552953173, 1957409234, 1381774403, 1617197546, 1352992550, 1387390588, 1813475619, 1597179503, 1668101662, 1705674948, 1416012854, 1592635392, 1698581894, 1950393552, 1765937496, 1465898309, 1629223139, 1763339852, 1280063834, 1597703692, 1417284969, 1517663070, 1882201917, 1391815958, 1435254170, 1782876515, 1555815269, 1687680742, 1519634672, 1340676977, 1520179939, 1615255531, 2127510954, 1719102133, 1118626297, 1970022642, 1783227371, 1390949029, 1583996084, 1984190683, 1435865026, 1354295955, 1687215596, 1460483735, 1304146441, 1678869672, 1773865535, 1214947689, 1863067560, 1667336324, 1082234597, 1683873822, 1587581231, 1812799436, 1555357847, 1353216941, 1476586067, 1494380494, 1666164098, 1525491875, 1276256129, 1133066513, 1444058695, 1334700117, 1575947209, 1294384917, 1437917665, 1699309920, 1278570078, 1557400013, 1329247185, 1883822663, 1434975449, 1837106957, 1331394215, 2107293918, 1498545078, 1922760753, 1768369793, 1670514976, 1536462674, 1725683958, 1368138799, 1733798291, 1299278443, 1278195788, 1678223730, 1637012276, 1648948453, 1745373793, 1693953473, 1624957619, 1524280636, 1954850472, 1412710225, 1483007782, 1709613177, 1723387945, 1270397094, 2006969885, 1403700816, 1723689445, 1711999784, 1426316634, 1461235065, 1577601470, 1400644178, 1265964525, 1832187771, 1365559876, 1161824801, 1469522993, 1489711490, 1386621192, 1763033638, 1775748507, 1216930026, 1517384218, 1955568810, 1228281923, 1627864226, 1328702180, 1462332145, 1309024126, 1387629249, 1796214546, 1771387941, 1416190115, 1778485184, 1291270022, 1704407676, 1499269308, 1632486886, 1436396154, 1380763335, 1605107934, 1602607168, 1693671872, 1487619576, 1953476373, 1581251028, 1258531219, 1172127272, 2137509306, 1427861841, 1666467955, 1481005676, 2050120474, 1677800346, 1403321551, 1776936966, 1378249085, 1719365275, 1257050554, 1119011322, 1501486116, 1710501183, 2005540539, 1495238128, 1574571932, 1849785169, 1617563195, 1455153341, 1577435206, 1627243813, 1735112037, 1730694392, 1135939998, 1723318166, 1920342202, 1920606653, 1555559065, 2067474367, 1738951555, 1208519691, 1222688125, 1668901692, 1465604533, 1095654909, 1097066188, 1787380565, 1429912647, 1376151279, 1510818496, 1475500508, 1313421087, 1529820497, 1626035323, 1703776135, 1776801206, 1303776864, 1606190090, 1339702697, 1697329547, 1426439957, 1556507424, 1933499306, 1516859767, 1464129104, 1754230946, 1396314640, 1574987592, 1616311110, 1555571764, 1408271764, 1288123837, 2034731768, 1855652190, 1589539742, 1525564926, 1628733642, 1396049665, 2007012695, 1911022259, 1437913476, 1832626079, 1328613418, 1708405080, 1589965351, 1942836137, 1323939439, 1486265769, 1844022226, 1595916159, 1791398129, 1524526366, 1746376482, 1693642154, 1485255224, 2052209508, 1867497642, 1465958138, 1772003903, 1814630041, 1197104168, 1107530079, 1130588526, 1894861800, 1562690739, 1937394856, 1632343926, 1324395683, 1591202381, 1800319955, 1959836163, 1706780799, 1502658735, 1479210681, 1403608650, 1444566912, 1094768277, 1614191049, 1117667595, 1622334839, 1854110518, 1656658385, 1555846165, 1725557361, 1627232816, 1773780832, 1753763444, 1747344479, 1568310329, 1725319486, 1507095756, 1166001952, 1776844801, 2112119237, 1488415417, 1684143903, 1902105146, 1643088763, 1664955478, 1248197459, 1557597173, 1742839512, 1465548501, 1503248644, 1573945497, 1107760623, 1210779571, 1846248984, 1650588967, 1904087614, 1471156700, 1700494060, 1386986580, 1572658326, 1395874237, 1981679051, 1418039834, 1375619104, 2065065897, 1377571854, 1588716932, 1412271262, 1618018130, 1925176161, 1264750798, 1458310915, 1550128520, 1565947417, 1711179461, 1573280310, 1686106341, 1580888258, 1343890191, 1581157815, 1417909834, 1312958297, 2080987695, 1753802980, 1277126462, 1494448833, 1607786485, 1656897046, 1127879865, 1685743310, 1581722982, 1611403576, 1462527996, 1415749974, 1340293392, 1714304568, 2132979073, 1184617487, 1504592764, 1935458864, 1835997571, 1152776248, 1634233967, 1464259497, 1488960422, 1092129460, 1614434292, 1361379321, 1727681612, 1661775648, 1541826976, 1128553168, 1279887752, 1607146042, 1218548939, 1792907727, 1507908878, 1802849392, 1461635015, 1784774673, 1449414356, 1836952214, 1414349822, 1638368308, 1812604763, 1271785332, 1452793964, 1517052214, 1955822657, 1270151626, 1577351419, 1393777741, 1507811214, 1505348021, 1246166945, 2125196351, 1602833392, 1648177224, 1832263702, 1268998383, 1990358289, 1609663565, 1723719556, 1458330291, 1771990812, 1437612499, 1553243546, 1193677168, 1463030453, 1443526126, 2057092168, 2077305015, 1550572457, 1506556642, 1956851923, 1589612138, 1178454333, 1288686254, 1122501686, 1310042133, 1575175326, 1748940874, 1726321783, 1149588432, 1619228322, 1490350755, 1561723267, 1218793229, 1303004195, 1929513293, 1441497445, 1578377542, 1410979902, 1521583495, 1618599399, 1638305730, 1445749088, 1558569620, 1404885610, 1837406363, 1741462926, 2091340569, 1454511196, 1662325366, 1885894808, 2028798241, 1762442158, 1389294376, 1557713688, 1515101166, 1601082908, 1399087320, 1724370342, 1949341245, 1508270207, 1516370139, 1136482647, 1858091294, 1527601201, 1074167918, 1322190395, 1571023703, 1852968141, 1363255746, 1343362467, 1825914778, 1116301220, 1432043706, 1471239832, 1711611224, 1740045755, 1882823770, 1653672573, 1142901219, 1713241134, 1682957145, 1342723071, 1405833968, 1419724205, 1683102070, 1315249466, 1583982338, 1521883293, 1451948506, 1348882428, 1755504894, 1167158076, 1802701849, 1362646854, 1838849455, 1244102916, 1199059013, 1572528326, 1182981817, 1986334702, 1650071716, 1796200669, 1306459342, 2016637542, 1395203421, 1408761522, 1595541345, 1607112396, 1813545136, 1470647566, 1476058343, 1640476980, 2125712555, 1751471620, 1987464904, 1478164265, 1792575723, 1684706451, 1958670221, 1803759785, 1517659143, 1819766155, 2121235604, 1407471210, 1396971971, 1994322701, 1718007933, 1875046940, 1365441920, 1329940518, 1144005107, 1559337053, 1421152111, 1410144000, 1881824223, 1202672307, 1511041447, 1972533358, 1575844047, 1491457130, 1178771937, 1678810105, 1758493979, 1402897381, 1502977255, 1861361195, 1755122357, 1675408110, 1683071697, 1567833007, 1693154228, 1518505387, 1861937227, 1450129815, 1908986377, 1733996760, 1790092238, 1205892983, 1543237994, 1764111604, 1462496707, 1488326132, 1629674146, 1866654016, 1602079837, 1531705955, 1605369636, 1342822698, 1741299804, 1425231598, 1208644585, 2008758859, 1853062269, 1806758819, 2022273627, 1325188120, 1089515647, 1172210273, 1829823289, 1789994967, 2000186056, 1446381022, 1922812203, 1561940981, 2133515699, 2009446956, 1204796034, 1310536735, 1175731533, 1562171918, 1278661326, 1344604602, 1509774961, 1671536386, 1555156890, 1674533849, 1645541745, 1662243281, 1585547051, 1804042565, 1433388872, 1295507918, 1313667341, 1213516510, 1418558656, 1137899818, 1971000588, 1523115872, 1629649141, 1976971164, 1165720613, 1290832499, 1659670118, 1222899424, 1141229023, 1407234251, 1399280029, 1199711632, 1265075602, 1599322605, 2087430880, 1691928720, 1208832712, 1820274897, 1606760755, 1226598730, 1972944828, 1688197469, 1428210341, 1579987029, 1812886626, 1438948763, 1854326530, 1153411324, 1739745564, 2075496404, 1914964808, 1891160530, 1801589452, 1638639567, 1388521576, 1689319947, 1124134214, 1607492316, 1275703400, 1458856182, 1705477395, 1365896331, 1747392787, 1464756980, 1749215930, 1531634082, 1477670972, 1525430082, 1853681897, 1091061050, 1198712084, 1268316177, 1350723114, 2075621430, 1774861548, 1574953553, 1324838049, 1703503306, 1225961822, 1428457511, 1902382296, 1454754700, 1341269374, 1512491870, 1097469411, 1084269955, 1711702865, 1407570575, 1839620029, 1893473562, 1169698117, 1337957711, 1525009448, 1341336796, 1361610519, 1765237224, 1161098084, 1247579271, 1194242989, 1161278879, 1477908978, 1344530241, 1819976931, 1769028041, 1974624879, 1495726054, 1670566164, 1706999430, 1878978754, 1375679718, 1544061327, 1497312238, 1497983446, 1820640939, 2026224162, 1900822165, 1730699367, 1167685407, 2039044287, 1579200352, 1213999069, 1711464859, 1170975730, 1571566090, 1435085550, 2132283121, 1469180123, 1549867341, 1576138216, 1846794906, 1293149851, 1635321490, 1415680326, 1525695057, 1518512587, 2084666972, 1685538949, 1111238419, 1963669528, 1889287639, 1473153307, 1565721848, 2078287936, 1641385933, 1601108698, 1570537348, 1676283286]
SHIFTS: [-5, -5, -5, -5, -5, -5, -5, -5, -5, -5, -5, -5, -5, -5, -5, -5, -5, -5, -5, -5, -4, -5, -5, -5, -5, -5, -5, -5, -5, -5, -5, -5, -5, -5, -5, -5, -5, -4, -5, -5, -5, -5, -5, -4, -5, -4, -5, -5, -5, -5, -5, -5, -5, -5, -5, -5, -5, -5, -5, -5, -5, -5, -5, -5, -5, -5, -5, -5, -5, -5, -5, -5, -5, -5, -5, -5, -4, -5, -5, -5, -5, -5, -5, -5, -5, -5, -5, -5, -5, -5, -5, -5, -5, -5, -5, -4, -4, -5, -5, -5, -5, -5, -5, -5, -5, -4, -5, -5, -5, -5, -5, -5, -5, -5, -5, -5, -5, -5, -4, -5, -5, -5, -5, -5, -5, -5, -5, -5, -5, -4, -5, -5, -5, -5, -5, -5, -5, -4, -5, -5, -5, -5, -5, -5, -5, -4, -5, -5, -5, -5, -5, -5, -5, -5, -5, -5, -4, -5, -5, -5, -5, -5, -5, -4, -5, -5, -5, -5, -5, -5, -5, -5, -5, -5, -5, -5, -5, -5, -5, -5, -5, -5, -5, -4, -5, -5, -5, -5, -5, -5, -5, -5, -5, -5, -5, -5, -5, -5, -5, -5, -5, -5, -5, -5, -5, -4, -5, -5, -5, -5, -5, -5, -4, -5, -4, -5, -5, -5, -5, -5, -5, -5, -5, -5, -5, -5, -5, -5, -5, -5, -5, -5, -5, -5, -5, -5, -5, -5, -5, -5, -5, -5, -5, -5, -5, -5, -5, -5, -5, -5, -5, -5, -5, -5, -5, -5, -5, -5, -5, -5, -5, -5, -5, -5, -5, -5, -5, -5, -5, -5, -5, -5, -5, -5, -4, -5, -5, -5, -5, -5, -5, -5, -5, -5, -5, -5, -5, -5, -5, -5, -5, -5, -5, -5, -4, -5, -5, -5, -5, -5, -5, -5, -5, -5, -5, -5, -5, -5, -5, -5, -5, -5, -5, -5, -5, -5, -5, -4, -5, -5, -5, -4, -5, -5, -5, -5, -5, -5, -5, -5, -4, -5, -4, -4, -5, -5, -5, -4, -5, -5, -5, -5, -5, -6, -5, -5, -5, -5, -5, -5, -5, -4, -5, -5, -5, -5, -5, -5, -5, -5, -5, -5, -5, -5, -5, -5, -5, -5, -5, -5, -5, -5, -4, -5, -5, -4, -5, -5, -5, -5, -5, -4, -5, -5, -5, -5, -5, -5, -5, -5, -5, -5, -5, -5, -5, -5, -5, -5, -5, -5, -5, -5, -5, -5, -5, -5, -5, -5, -5, -5, -5, -5, -5, -5, -5, -5, -5, -5, -5, -5, -5, -5, -5, -5, -5, -5, -4, -5, -5, -5, -5, -5, -4, -5, -5, -5, -5, -5, -5, -5, -5, -5, -5, -5, -5, -5, -5, -5, -6, -5, -5, -5, -5, -5, -5, -5, -5, -5, -5, -5, -4, -5, -5, -5, -5, -5, -5, -5, -5, -5, -5, -5, -5, -5, -5, -5, -4, -5, -5, -4, -5, -5, -4, -5, -5, -5, -5, -5, -5, -5, -5, -5, -5, -5, -5, -5, -5, -5, -5, -5, -5, -5, -4, -5, -5, -5, -4, -5, -5, -5, -5, -5, -4, -5, -5, -5, -5, -5, -5, -5, -5, -5, -5, -5, -5, -5, -5, -5, -5, -5, -5, -5, -5, -5, -4, -5, -4, -5, -6, -5, -5, -5, -5, -5, -5, -5, -5, -5, -5, -5, -6, -5, -5, -5, -5, -5, -5, -5, -5, -4, -5, -5, -5, -5, -5, -5, -4, -5, -5, -5, -5, -5, -5, -5, -5, -5, -5, -5, -5, -5, -5, -5, -5, -5, -5, -5, -5, -5, -5, -5, -5, -5, -5, -5, -5, -5, -5, -5, -5, -5, -5, -5, -5, -5, -5, -5, -5, -5, -5, -5, -5, -5, -5, -5, -5, -5, -5, -5, -5, -5, -5, -5, -5, -5, -5, -5, -5, -5, -5, -5, -5, -5, -5, -5, -5, -5, -5, -5, -5, -5, -5, -5, -5, -5, -5, -5, -5, -5, -5, -5, -5, -5, -5, -5, -5, -5, -5, -5, -5, -5, -5, -5, -5, -5, -5, -5, -5, -5, -4, -5, -5, -5, -5, -5, -5, -5, -5, -5, -5, -5, -5, -5, -5, -5, -5, -5, -5, -5, -5, -5, -5, -5, -5, -5, -5, -5, -5, -5, -5, -5, -5, -5, -5, -5, -5, -5, -5, -4, -5, -5, -5, -5, -5, -5, -5, -5, -5, -5, -4, -5, -5, -5, -5, -5, -5, -5, -5, -5, -5, -5, -5, -5, -5, -5, -5, -5, -5, -5, -5, -5, -5, -5, -5, -5, -5, -5, -5, -5, -5, -5, -5, -5, -5, -5, -5, -5, -5, -5, -4, -5, -5, -5, -5, -4, -5, -5, -5, -5, -5, -5, -5, -5, -5, -5, -4, -5, -5, -5, -5, -5, -5, -5, -5, -5, -5, -5, -5, -5, -5, -5, -5, -5, -5, -5, -5, -5, -5, -5, -5, -5, -5, -5, -5, -5, -5, -5, -5, -5, -5, -5, -5, -5, -5, -5, -5, -5, -5, -5, -5, -4, -4, -5, -5, -5, -5, -5, -5, -5, -5, -5, -5, -5, -5, -5, -4, -5, -4, -5, -5, -5, -5, -5, -5, -5, -5, -5, -5, -5, -5, -5, -5, -5, -5, -5, -5, -5, -5, -5, -5, -5, -5, -5, -5, -4, -5, -5, -5, -5, -5, -5, -5, -5, -5, -5, -5, -5, -5, -5, -5, -4, -5, -5, -5, -5, -5, -5, -5, -5, -5, -5, -5, -5, -5, -5, -5, -5, -5, -5, -5, -5, -4, -5, -5, -5, -5, -5, -5, -5, -5, -5, -5, -5, -5, -4, -5, -5, -5, -4, -5, -5, -5, -5, -5, -5, -5, -5, -5, -5, -5, -5, -5, -5, -5, -5, -5, -5, -5, -5, -5, -5, -5, -5, -5, -5, -5, -5, -5, -5, -5, -5, -5, -5, -5, -5, -5, -5, -5, -5, -5, -5, -5, -5, -5, -5, -5, -5, -5, -5, -5, -5, -5, -5, -5, -5, -5, -5, -5, -5, -5, -4, -4, -5, -5, -5, -5, -5, -5, -5, -5, -5, -5, -5, -5, -5, -5, -5, -5, -5, -5, -5, -5, -5, -5, -5, -5, -5, -5, -5, -4, -5, -5, -4, -5, -5, -5, -5, -5, -5, -4, -5, -5, -5, -5, -5, -5, -5, -6, -5, -5, -5, -5, -5, -5, -5, -5, -5, -4, -5, -5, -5, -5, -5, -5, -4, -5, -5, -5, -5, -5, -5, -6, -4, -5, -5, -5, -5, -5, -5, -5, -6, -5, -5, -5, -5, -5, -5, -5, -5, -5, -5, -5, -5, -5, -5, -5, -5, -5, -5, -5, -5, -5, -5, -4, -5, -5, -5, -5, -5, -5, -5, -5, -5, -5, -5, -5, -5, -5, -5, -5, -5, -5, -5, -5, -5, -5, -5, -5, -5, -5, -5, -5, -5, -5, -5, -5, -5, -5, -5, -5, -5, -5, -5, -5, -4, -5, -5, -5, -5, -5, -5, -5, -5, -5, -4, -5, -4, -5, -5, -4, -5, -5, -5, -5, -5, -5, -5, -5, -5, -5, -5, -4, -4, -4, -5, -5, -5, -5, -5, -5, -5, -5, -4, -5, -5, -5, -5, -5, -5, -5, -5, -5, -5, -4, -5, -5, -5, -5, -5, -5, -5, -4, -5, -5, -5, -5, -5, -5, -5, -5, -5, -5, -5, -5, -5, -5, -5, -5, -5, -5, -5, -5, -5, -4, -5, -5, -5, -5, -5, -5, -5, -5, -5, -5, -5, -5, -5, -5, -4, -4, -5, -5, -5, -5, -5, -5, -5, -5, -5, -5, -5, -5, -4, -4, -5, -5, -5, -5, -5, -5, -5, -5, -5, -5, -5, -5, -5, -5, -5, -5, -5, -4, -6, -5, -5, -5, -5, -5, -5, -5, -5, -5, -5, -5, -5, -5, -5, -5, -5, -5, -5, -5, -5, -5, -5, -5, -6, -5, -5, -5, -5]
Q6: [127, 127, 127, 127, 127, 127, 127, 127, 127, 127, 127, 127, 127, 127, 127, 127, 127, 127, 127, 127, 127, 127, 127, 127, 127, 127, 127, 127, 127, 127, 127, 127, 127, 127, 127, 127, 127, 127, 127, 127, 127, 127, 127, 127, 127, 127, 127, 127, 127, 127, 127, 127, 127, 127, 127, 127, 127, 127, 127, 127, 127, 127, 127, 127, 127, 127, 127, 127, 127, 127, 127, 127, 127, 127, 127, 127, 127, 127, 127, 127, 127, 127, 127, 127, 127, 127, 127, 127, 127, 127, 127, 127, 127, 127, 127, 127, 127, 127, 127, 127, 127, 127, 127, 127, 127, 127, 127, 127, 127, 127, 127, 127, 127, 127, 127, 127, 127, 127, 127, 127, 127, 127, 127, 127, 127, 127, 127, 127, 127, 127, 127, 127, 127, 127, 127, 127, 127, 127, 127, 127, 127, 127, 127, 127, 127, 127, 127, 127, 127, 127, 127, 127, 127, 127, 127, 127, 127, 127, 127, 127, 127, 127, 127, 127, 127, 127, 127, 127, 127, 127, 127, 127, 127, 127, 127, 127, 127, 127, 127, 127, 127, 127, 127, 127, 127, 127, 127, 127, 127, 127, 127, 127, 127, 127, 127, 127, 127, 127, 127, 127, 127, 127, 127, 127, 127, 127, 127, 127, 127, 127, 127, 127, 127, 127, 127, 127, 127, 127, 127, 127, 127, 127, 127, 127, 127, 127, 127, 127, 127, 127, 127, 127, 127, 127, 127, 127, 127, 127, 127, 127, 127, 127, 127, 127, 127, 127, 127, 127, 127, 127, 127, 127, 127, 127, 127, 127, 127, 127, 127, 127, 127, 127, 127, 127, 127, 127, 127, 127, 127, 127, 127, 127, 127, 127, 127, 127, 127, 127, 127, 127, 127, 127, 127, 127, 127, 127, 127, 127, 127, 127, 127, 127, 127, 127, 127, 127, 127, 127, 127, 127, 127, 127, 127, 127, 127, 127, 127, 127, 127, 127, 127, 127, 127, 127, 127, 127, 127, 127, 127, 127, 127, 127, 127, 127, 127, 127, 127, 127, 127, 127, 127, 127, 127, 127, 127, 127, 127, 127, 127, 127, 127, 127, 127, 127, 127, 127, 127, 127, 127, 127, 127, 127, 127, 127, 127, 127, 127, 127, 127, 127, 127, 127, 127, 127, 127, 127, 127, 127, 127, 127, 127, 127, 127, 127, 127, 127, 127, 127, 127, 127, 127, 127, 127, 127, 127, 127, 127, 127, 127, 127, 127, 127, 127, 127, 127, 127, 127, 127, 127, 127, 127, 127, 127, 127, 127, 127, 127, 127, 127, 127, 127, 127, 127, 127, 127, 127, 127, 127, 127, 127, 127, 127, 127, 127, 127, 127, 127, 127, 127, 127, 127, 127, 127, 127, 127, 127, 127, 127, 127, 127, 127, 127, 127, 127, 127, 127, 127, 127, 127, 127, 127, 127, 127, 127, 127, 127, 127, 127, 127, 127, 127, 127, 127, 127, 127, 127, 127, 127, 127, 127, 127, 127, 127, 127, 127, 127, 127, 127, 127, 127, 127, 127, 127, 127, 127, 127, 127, 127, 127, 127, 127, 127, 127, 127, 127, 127, 127, 127, 127, 127, 127, 127, 127, 127, 127, 127, 127, 127, 127, 127, 127, 127, 127, 127, 127, 127, 127, 127, 127, 127, 127, 127, 127, 127, 127, 127, 127, 127, 127, 127, 127, 127, 127, 127, 127, 127, 127, 127, 127, 127, 127, 127, 127, 127, 127, 127, 127, 127, 127, 127, 127, 127, 127, 127, 127, 127, 127, 127, 127, 127, 127, 127, 127, 127, 127, 127, 127, 127, 127, 127, 127, 127, 127, 127, 127, 127, 127, 127, 127, 127, 127, 127, 127, 127, 127, 127, 127, 127, 127, 127, 127, 127, 127, 127, 127, 127, 127, 127, 127, 127, 127, 127, 127, 127, 127, 127, 127, 127, 127, 127, 127, 127, 127, 127, 127, 127, 127, 127, 127, 127, 127, 127, 127, 127, 127, 127, 127, 127, 127, 127, 127, 127, 127, 127, 127, 127, 127, 127, 127, 127, 127, 127, 127, 127, 127, 127, 127, 127, 127, 127, 127, 127, 127, 127, 127, 127, 127, 127, 127, 127, 127, 127, 127, 127, 127, 127, 127, 127, 127, 127, 127, 127, 127, 127, 127, 127, 127, 127, 127, 127, 127, 127, 127, 127, 127, 127, 127, 127, 127, 127, 127, 127, 127, 127, 127, 127, 127, 127, 127, 127, 127, 127, 127, 127, 127, 127, 127, 127, 127, 127, 127, 127, 127, 127, 127, 127, 127, 127, 127, 127, 127, 127, 127, 127, 127, 127, 127, 127, 127, 127, 127, 127, 127, 127, 127, 127, 127, 127, 127, 127, 127, 127, 127, 127, 127, 127, 127, 127, 127, 127, 127, 127, 127, 127, 127, 127, 127, 127, 127, 127, 127, 127, 127, 127, 127, 127, 127, 127, 127, 127, 127, 127, 127, 127, 127, 127, 127, 127, 127, 127, 127, 127, 127, 127, 127, 127, 127, 127, 127, 127, 127, 127, 127, 127, 127, 127, 127, 127, 127, 127, 127, 127, 127, 127, 127, 127, 127, 127, 127, 127, 127, 127, 127, 127, 127, 127, 127, 127, 127, 127, 127, 127, 127, 127, 127, 127, 127, 127, 127, 127, 127, 127, 127, 127, 127, 127, 127, 127, 127, 127, 127, 127, 127, 127, 127, 127, 127, 127, 127, 127, 127, 127, 127, 127, 127, 127, 127, 127, 127, 127, 127, 127, 127, 127, 127, 127, 127, 127, 127, 127, 127, 127, 127, 127, 127, 127, 127, 127, 127, 127, 127, 127, 127, 127, 127, 127, 127, 127, 127, 127, 127, 127, 127, 127, 127, 127, 127, 127, 127, 127, 127, 127, 127, 127, 127, 127, 127, 127, 127, 127, 127, 127, 127, 127, 127, 127, 127, 127, 127, 127, 127, 127, 127, 127, 127, 127, 127, 127, 127, 127, 127, 127, 127, 127, 127, 127, 127, 127, 127, 127, 127, 127, 127, 127, 127, 127, 127, 127, 127, 127, 127, 127, 127, 127, 127, 127, 127, 127, 127, 127, 127, 127, 127, 127, 127, 127, 127, 127, 127, 127, 127, 127, 127, 127, 127, 127, 127, 127, 127, 127, 127, 127, 127, 127, 127, 127, 127, 127, 127, 127, 127, 127, 127, 127, 127, 127, 127, 127, 127, 127, 127, 127, 127, 127, 127, 127, 127, 127, 127, 127, 127, 127, 127, 127, 127, 127, 127, 127, 127, 127, 127, 127, 127, 127, 127, 127, 127, 127, 127, 127, 127, 127, 127, 127, 127, 127, 127, 127, 127, 127, 127, 127, 127, 127, 127, 127, 127, 127, 127, 127, 127, 127, 127, 127, 127, 127, 127, 127, 127, 127, 127, 127, 127, 127, 127, 127, 127, 127, 127, 127, 127, 127, 127, 127, 127, 127, 127, 127, 127, 127, 127, 127, 127, 127, 127, 127, 127, 127, 127, 127, 127, 127, 127, 127, 127, 127, 127, 127, 127, 127, 127, 127, 127, 127, 127, 127, 127, 127, 127, 127, 127, 127, 127, 127, 127, 127, 127, 127, 127, 127, 127, 127, 127, 127, 127, 127, 127, 127, 127, 127, 127, 127, 127, 127, 127, 127, 127, 127, 127, 127, 127, 127, 127, 127, 127, 127, 127, 127, 127, 127, 127, 127, 127, 127, 127, 127, 127, 127, 127, 127, 127, 127, 127, 127, 127, 127, 127, 127, 127, 127, 127, 127, 127, 127, 127, 127, 127, 127, 127, 127, 127, 127, 127, 127, 127, 127, 127, 127, 127, 127, 127, 127, 127, 127, 127, 127, 127, 127, 127, 127, 127, 127, 127, 127, 127, 127, 127, 127, 127, 127, 127, 127, 127, 127, 127, 127, 127, 127, 127, 127, 127, 127, 127, 127, 127, 127, 127, 127, 127, 127, 127, 127, 127, 127, 127, 127, 127, 127, 127, 127, 127, 127, 127, 127, 127, 127, 127, 127, 127, 127, 127, 127, 127, 127, 127, 127, 127, 127, 127, 127, 127, 127, 127, 127, 127, 127, 127, 127, 127, 127, 127, 127, 127, 127, 127, 127, 127, 127, 127, 127]

OFFSETS:
  MUL   = 23040
  SHIFT = 23040
  Q6    = 23040

================================================================================
OP_INDEX: 64
TIPO: FULLY_CONNECTED
NFEAT: 2

INPUT_SCALE: 0.02339593507349491
WEIGHT_SCALES: [0.0014168292982503772, 0.0014205537736415863]
OUTPUT_SCALES: [0.12019848823547363]
OUTPUT_ZERO_POINT: 4

REAL_MULTIPLIERS: [0.0002757775639170506, 0.0002765025113412216]

MULTIPLIERS: [1212882553, 1216070905]
SHIFTS: [-11, -11]
Q6: [54, 54]

OFFSETS:
  MUL   = 28160
  SHIFT = 28160
  Q6    = 28160

================================================================================
OP_INDEX: 65
TIPO: SOFTMAX
NFEAT: 1

INPUT_SCALE: 0.12019848823547363
BETA: 1.0
INTEGER_BITS: 5
INPUT_LEFT_SHIFT: 1
REAL_MULTIPLIER: 0.12019848823547363

MULTIPLIERS: [2064994304]
SHIFTS: [-3]
Q6: []

OFFSETS:
  MUL   = 28168
  SHIFT = 28168
  Q6    = 0

================================================================================
RESUMO
================================================================================
Quantidade de multipliers: 7043
Quantidade de shifts: 7043
Quantidade de Q6: 7042
mul_blob: 28172 bytes
shift_blob: 28172 bytes
q6_blob: 28168 bytes