name_image,ok,result,label,right,invalid,inference_ms,quantized,scores,error
test/drowsy/A0001.raw,1,1,1,1,False,44.6615,"[255, 0]","[0.99609375, 0.0]",
test/drowsy/A0002.raw,1,1,1,1,False,45.7421,"[255, 0]","[0.99609375, 0.0]",
test/drowsy/A0003.raw,1,1,1,1,False,43.2216,"[255, 0]","[0.99609375, 0.0]",
test/drowsy/A0004.raw,1,1,1,1,False,43.6246,"[255, 0]","[0.99609375, 0.0]",
test/drowsy/A0005.raw,1,1,1,1,False,43.5572,"[255, 0]","[0.99609375, 0.0]",
test/drowsy/A0006.raw,1,1,1,1,False,45.0128,"[255, 0]","[0.99609375, 0.0]",
test/drowsy/A0007.raw,1,1,1,1,False,43.3082,"[255, 0]","[0.99609375, 0.0]",
test/drowsy/A0008.raw,1,1,1,1,False,44.9242,"[255, 0]","[0.99609375, 0.0]",
test/drowsy/A0009.raw,1,1,1,1,False,43.3296,"[255, 0]","[0.99609375, 0.0]",
test/drowsy/A0010.raw,1,1,1,1,False,42.4153,"[255, 0]","[0.99609375, 0.0]",
test/drowsy/A0011.raw,1,1,1,1,False,45.0246,"[255, 0]","[0.99609375, 0.0]",
test/drowsy/A0012.raw,1,1,1,1,False,44.6273,"[255, 0]","[0.99609375, 0.0]",
test/drowsy/A0013.raw,1,1,1,1,False,46.1519,"[255, 0]","[0.99609375, 0.0]",
test/drowsy/A0014.raw,1,1,1,1,False,47.1826,"[255, 0]","[0.99609375, 0.0]",
test/drowsy/A0015.raw,1,1,1,1,False,45.8175,"[255, 0]","[0.99609375, 0.0]",
test/drowsy/A0016.raw,1,1,1,1,False,45.7839,"[255, 0]","[0.99609375, 0.0]",
test/drowsy/A0017.raw,1,1,1,1,False,44.3317,"[255, 0]","[0.99609375, 0.0]",
test/drowsy/A0018.raw,1,1,1,1,False,51.327,"[255, 0]","[0.99609375, 0.0]",
test/drowsy/A0019.raw,1,1,1,1,False,120.6354,"[255, 0]","[0.99609375, 0.0]",
test/drowsy/A0020.raw,1,1,1,1,False,71.6785,"[255, 0]","[0.99609375, 0.0]",
test/drowsy/A0021.raw,1,1,1,1,False,82.6843,"[255, 0]","[0.99609375, 0.0]",
test/drowsy/A0022.raw,1,1,1,1,False,82.3475,"[255, 0]","[0.99609375, 0.0]",
test/drowsy/A0023.raw,1,1,1,1,False,97.2158,"[255, 0]","[0.99609375, 0.0]",
test/drowsy/A0024.raw,1,1,1,1,False,99.049,"[255, 0]","[0.99609375, 0.0]",
test/drowsy/A0025.raw,1,1,1,1,False,133.4235,"[255, 0]","[0.99609375, 0.0]",
test/drowsy/A0026.raw,1,1,1,1,False,81.9358,"[255, 0]","[0.99609375, 0.0]",
test/drowsy/A0027.raw,1,1,1,1,False,66.7335,"[255, 0]","[0.99609375, 0.0]",
test/drowsy/A0028.raw,1,1,1,1,False,75.2129,"[255, 0]","[0.99609375, 0.0]",
test/drowsy/A0029.raw,1,1,1,1,False,76.7508,"[255, 0]","[0.99609375, 0.0]",
test/drowsy/A0030.raw,1,1,1,1,False,97.1798,"[255, 0]","[0.99609375, 0.0]",
test/drowsy/A0031.raw,1,1,1,1,False,84.5435,"[255, 0]","[0.99609375, 0.0]",
test/drowsy/A0032.raw,1,1,1,1,False,112.1924,"[255, 0]","[0.99609375, 0.0]",
test/drowsy/A0033.raw,1,1,1,1,False,58.1216,"[255, 0]","[0.99609375, 0.0]",
test/drowsy/A0034.raw,1,1,1,1,False,81.3582,"[255, 0]","[0.99609375, 0.0]",
test/drowsy/A0035.raw,1,1,1,1,False,88.8435,"[255, 0]","[0.99609375, 0.0]",
test/drowsy/A0036.raw,1,1,1,1,False,71.6152,"[255, 0]","[0.99609375, 0.0]",
test/drowsy/A0037.raw,1,1,1,1,False,53.1902,"[255, 0]","[0.99609375, 0.0]",
test/drowsy/A0038.raw,1,1,1,1,False,69.7766,"[255, 0]","[0.99609375, 0.0]",
test/drowsy/A0039.raw,1,1,1,1,False,120.7525,"[255, 0]","[0.99609375, 0.0]",
test/drowsy/A0040.raw,1,1,1,1,False,140.7311,"[255, 0]","[0.99609375, 0.0]",
test/drowsy/A0041.raw,1,1,1,1,False,97.2343,"[255, 0]","[0.99609375, 0.0]",
test/drowsy/A0042.raw,1,1,1,1,False,64.9333,"[255, 0]","[0.99609375, 0.0]",
test/drowsy/A0043.raw,1,1,1,1,False,107.9715,"[255, 0]","[0.99609375, 0.0]",
test/drowsy/A0044.raw,1,1,1,1,False,93.2926,"[255, 0]","[0.99609375, 0.0]",
test/drowsy/A0045.raw,1,1,1,1,False,83.3575,"[255, 0]","[0.99609375, 0.0]",
test/drowsy/A0046.raw,1,1,1,1,False,102.164,"[255, 0]","[0.99609375, 0.0]",
test/drowsy/A0047.raw,1,1,1,1,False,98.0149,"[255, 0]","[0.99609375, 0.0]",
test/drowsy/A0048.raw,1,1,1,1,False,91.9984,"[255, 0]","[0.99609375, 0.0]",
test/drowsy/A0049.raw,1,1,1,1,False,99.9004,"[255, 0]","[0.99609375, 0.0]",
test/drowsy/A0050.raw,1,1,1,1,False,126.3764,"[255, 0]","[0.99609375, 0.0]",
test/drowsy/A0051.raw,1,1,1,1,False,55.9262,"[255, 0]","[0.99609375, 0.0]",
test/drowsy/A0052.raw,1,1,1,1,False,52.0397,"[255, 0]","[0.99609375, 0.0]",
test/drowsy/A0053.raw,1,1,1,1,False,105.7448,"[255, 0]","[0.99609375, 0.0]",
test/drowsy/A0054.raw,1,1,1,1,False,82.5131,"[255, 0]","[0.99609375, 0.0]",
test/drowsy/A0055.raw,1,1,1,1,False,141.2424,"[255, 0]","[0.99609375, 0.0]",
test/drowsy/A0056.raw,1,1,1,1,False,141.6099,"[255, 0]","[0.99609375, 0.0]",
test/drowsy/A0057.raw,1,1,1,1,False,74.2106,"[255, 0]","[0.99609375, 0.0]",
test/drowsy/A0058.raw,1,1,1,1,False,98.3083,"[255, 0]","[0.99609375, 0.0]",
test/drowsy/A0059.raw,1,1,1,1,False,126.6656,"[255, 0]","[0.99609375, 0.0]",
test/drowsy/A0060.raw,1,1,1,1,False,97.3361,"[255, 0]","[0.99609375, 0.0]",
test/drowsy/A0061.raw,1,1,1,1,False,102.9978,"[255, 0]","[0.99609375, 0.0]",
test/drowsy/A0062.raw,1,1,1,1,False,83.178,"[255, 0]","[0.99609375, 0.0]",
test/drowsy/A0063.raw,1,1,1,1,False,88.0923,"[255, 0]","[0.99609375, 0.0]",
test/drowsy/A0064.raw,1,1,1,1,False,126.1643,"[255, 0]","[0.99609375, 0.0]",
test/drowsy/A0065.raw,1,1,1,1,False,103.7273,"[255, 0]","[0.99609375, 0.0]",
test/drowsy/A0066.raw,1,1,1,1,False,59.0622,"[255, 0]","[0.99609375, 0.0]",
test/drowsy/A0067.raw,1,1,1,1,False,104.3165,"[255, 0]","[0.99609375, 0.0]",
test/drowsy/A0068.raw,1,1,1,1,False,91.0762,"[255, 0]","[0.99609375, 0.0]",
test/drowsy/A0069.raw,1,1,1,1,False,98.6227,"[255, 0]","[0.99609375, 0.0]",
test/drowsy/A0070.raw,1,1,1,1,False,52.5076,"[255, 0]","[0.99609375, 0.0]",
test/drowsy/A0071.raw,1,1,1,1,False,92.7019,"[255, 0]","[0.99609375, 0.0]",
test/drowsy/A0072.raw,1,1,1,1,False,107.7034,"[255, 0]","[0.99609375, 0.0]",
test/drowsy/A0073.raw,1,1,1,1,False,123.8319,"[255, 0]","[0.99609375, 0.0]",
test/drowsy/A0074.raw,1,1,1,1,False,97.3876,"[255, 0]","[0.99609375, 0.0]",
test/drowsy/A0075.raw,1,1,1,1,False,110.7245,"[255, 0]","[0.99609375, 0.0]",
test/drowsy/A0076.raw,1,1,1,1,False,55.6058,"[255, 0]","[0.99609375, 0.0]",
test/drowsy/A0077.raw,1,1,1,1,False,72.2282,"[255, 0]","[0.99609375, 0.0]",
test/drowsy/A0078.raw,1,1,1,1,False,93.5605,"[255, 0]","[0.99609375, 0.0]",
test/drowsy/A0079.raw,1,1,1,1,False,51.3395,"[255, 0]","[0.99609375, 0.0]",
test/drowsy/A0080.raw,1,1,1,1,False,90.6098,"[255, 0]","[0.99609375, 0.0]",
test/drowsy/A0081.raw,1,1,1,1,False,124.3762,"[255, 0]","[0.99609375, 0.0]",
test/drowsy/A0082.raw,1,1,1,1,False,97.0519,"[255, 0]","[0.99609375, 0.0]",
test/drowsy/A0083.raw,1,1,1,1,False,49.8053,"[255, 0]","[0.99609375, 0.0]",
test/drowsy/A0084.raw,1,1,1,1,False,66.4665,"[255, 0]","[0.99609375, 0.0]",
test/drowsy/A0085.raw,1,1,1,1,False,103.2451,"[255, 0]","[0.99609375, 0.0]",
test/drowsy/A0086.raw,1,1,1,1,False,113.4745,"[255, 0]","[0.99609375, 0.0]",
test/drowsy/A0087.raw,1,1,1,1,False,79.6902,"[255, 0]","[0.99609375, 0.0]",
test/drowsy/A0088.raw,1,1,1,1,False,103.872,"[255, 0]","[0.99609375, 0.0]",
test/drowsy/A0089.raw,1,1,1,1,False,68.1261,"[255, 0]","[0.99609375, 0.0]",
test/drowsy/A0090.raw,1,1,1,1,False,90.9782,"[255, 0]","[0.99609375, 0.0]",
test/drowsy/A0091.raw,1,1,1,1,False,112.1716,"[255, 0]","[0.99609375, 0.0]",
test/drowsy/A0092.raw,1,1,1,1,False,115.4625,"[255, 0]","[0.99609375, 0.0]",
test/drowsy/A0093.raw,1,1,1,1,False,126.0913,"[255, 0]","[0.99609375, 0.0]",
test/drowsy/A0094.raw,1,1,1,1,False,55.8185,"[255, 0]","[0.99609375, 0.0]",
test/drowsy/A0095.raw,1,1,1,1,False,80.3892,"[255, 0]","[0.99609375, 0.0]",
test/drowsy/A0096.raw,1,1,1,1,False,55.1785,"[255, 0]","[0.99609375, 0.0]",
test/drowsy/A0097.raw,1,1,1,1,False,85.385,"[255, 0]","[0.99609375, 0.0]",
test/drowsy/A0098.raw,1,1,1,1,False,115.675,"[255, 0]","[0.99609375, 0.0]",
test/drowsy/A0099.raw,1,1,1,1,False,115.9073,"[255, 0]","[0.99609375, 0.0]",
test/drowsy/A0100.raw,1,1,1,1,False,70.2461,"[255, 0]","[0.99609375, 0.0]",
test/drowsy/A0101.raw,1,1,1,1,False,51.4195,"[255, 0]","[0.99609375, 0.0]",
test/drowsy/A0102.raw,1,1,1,1,False,55.0718,"[255, 0]","[0.99609375, 0.0]",
test/drowsy/A0103.raw,1,1,1,1,False,71.6747,"[255, 0]","[0.99609375, 0.0]",
test/drowsy/A0104.raw,1,1,1,1,False,106.2737,"[255, 0]","[0.99609375, 0.0]",
test/drowsy/A0105.raw,1,1,1,1,False,118.9698,"[255, 0]","[0.99609375, 0.0]",
test/drowsy/A0106.raw,1,1,1,1,False,90.6302,"[255, 0]","[0.99609375, 0.0]",
test/drowsy/A0107.raw,1,1,1,1,False,91.7759,"[255, 0]","[0.99609375, 0.0]",
test/drowsy/A0108.raw,1,1,1,1,False,110.7577,"[255, 0]","[0.99609375, 0.0]",
test/drowsy/A0109.raw,1,1,1,1,False,80.4366,"[255, 0]","[0.99609375, 0.0]",
test/drowsy/A0110.raw,1,1,1,1,False,55.0004,"[255, 0]","[0.99609375, 0.0]",
test/drowsy/A0111.raw,1,1,1,1,False,55.474,"[255, 0]","[0.99609375, 0.0]",
test/drowsy/A0112.raw,1,1,1,1,False,101.9293,"[255, 0]","[0.99609375, 0.0]",
test/drowsy/A0113.raw,1,1,1,1,False,63.3629,"[255, 0]","[0.99609375, 0.0]",
test/drowsy/A0114.raw,1,1,1,1,False,72.4529,"[255, 0]","[0.99609375, 0.0]",
test/drowsy/A0115.raw,1,1,1,1,False,124.2781,"[255, 0]","[0.99609375, 0.0]",
test/drowsy/A0116.raw,1,1,1,1,False,90.6532,"[255, 0]","[0.99609375, 0.0]",
test/drowsy/A0117.raw,1,1,1,1,False,61.8551,"[255, 0]","[0.99609375, 0.0]",
test/drowsy/A0118.raw,1,1,1,1,False,89.8294,"[255, 0]","[0.99609375, 0.0]",
test/drowsy/A0119.raw,1,1,1,1,False,81.7527,"[255, 0]","[0.99609375, 0.0]",
test/drowsy/A0120.raw,1,1,1,1,False,92.4303,"[255, 0]","[0.99609375, 0.0]",
test/drowsy/A0121.raw,1,1,1,1,False,100.4516,"[255, 0]","[0.99609375, 0.0]",
test/drowsy/A0122.raw,1,1,1,1,False,79.3747,"[255, 0]","[0.99609375, 0.0]",
test/drowsy/A0123.raw,1,1,1,1,False,91.6021,"[255, 0]","[0.99609375, 0.0]",
test/drowsy/A0124.raw,1,1,1,1,False,52.3299,"[255, 0]","[0.99609375, 0.0]",
test/drowsy/A0125.raw,1,1,1,1,False,98.748,"[255, 0]","[0.99609375, 0.0]",
test/drowsy/A0126.raw,1,1,1,1,False,120.5219,"[255, 0]","[0.99609375, 0.0]",
test/drowsy/A0127.raw,1,1,1,1,False,100.7108,"[255, 0]","[0.99609375, 0.0]",
test/drowsy/A0128.raw,1,1,1,1,False,83.8095,"[255, 0]","[0.99609375, 0.0]",
test/drowsy/A0129.raw,1,1,1,1,False,57.2206,"[255, 0]","[0.99609375, 0.0]",
test/drowsy/A0130.raw,1,1,1,1,False,89.1248,"[255, 0]","[0.99609375, 0.0]",
test/drowsy/A0131.raw,1,1,1,1,False,96.1428,"[255, 0]","[0.99609375, 0.0]",
test/drowsy/A0132.raw,1,1,1,1,False,74.6236,"[255, 0]","[0.99609375, 0.0]",
test/drowsy/A0133.raw,1,1,1,1,False,85.7141,"[255, 0]","[0.99609375, 0.0]",
test/drowsy/A0134.raw,1,1,1,1,False,74.6587,"[255, 0]","[0.99609375, 0.0]",
test/drowsy/A0135.raw,1,1,1,1,False,105.6734,"[255, 0]","[0.99609375, 0.0]",
test/drowsy/A0136.raw,1,1,1,1,False,87.4173,"[255, 0]","[0.99609375, 0.0]",
test/drowsy/A0137.raw,1,1,1,1,False,121.3768,"[255, 0]","[0.99609375, 0.0]",
test/drowsy/A0138.raw,1,1,1,1,False,80.0227,"[255, 0]","[0.99609375, 0.0]",
test/drowsy/A0139.raw,1,1,1,1,False,96.449,"[255, 0]","[0.99609375, 0.0]",
test/drowsy/A0140.raw,1,1,1,1,False,116.961,"[255, 0]","[0.99609375, 0.0]",
test/drowsy/A0141.raw,1,1,1,1,False,74.053,"[255, 0]","[0.99609375, 0.0]",
test/drowsy/A0142.raw,1,1,1,1,False,93.9166,"[255, 0]","[0.99609375, 0.0]",
test/drowsy/A0143.raw,1,1,1,1,False,57.6186,"[255, 0]","[0.99609375, 0.0]",
test/drowsy/A0144.raw,1,1,1,1,False,67.7891,"[255, 0]","[0.99609375, 0.0]",
test/drowsy/A0145.raw,1,1,1,1,False,100.3608,"[255, 0]","[0.99609375, 0.0]",
test/drowsy/A0146.raw,1,1,1,1,False,104.4675,"[255, 0]","[0.99609375, 0.0]",
test/drowsy/A0147.raw,1,1,1,1,False,79.9555,"[255, 0]","[0.99609375, 0.0]",
test/drowsy/A0148.raw,1,1,1,1,False,104.0344,"[255, 0]","[0.99609375, 0.0]",
test/drowsy/A0149.raw,1,1,1,1,False,92.0511,"[255, 0]","[0.99609375, 0.0]",
test/drowsy/A0150.raw,1,1,1,1,False,84.4286,"[255, 0]","[0.99609375, 0.0]",
test/drowsy/A0151.raw,1,1,1,1,False,86.7284,"[255, 0]","[0.99609375, 0.0]",
test/drowsy/A0152.raw,1,1,1,1,False,118.1746,"[255, 0]","[0.99609375, 0.0]",
test/drowsy/A0153.raw,1,1,1,1,False,99.3747,"[255, 0]","[0.99609375, 0.0]",
test/drowsy/A0154.raw,1,1,1,1,False,84.9848,"[255, 0]","[0.99609375, 0.0]",
test/drowsy/A0155.raw,1,1,1,1,False,92.6119,"[255, 0]","[0.99609375, 0.0]",
test/drowsy/A0156.raw,1,1,1,1,False,120.1376,"[255, 0]","[0.99609375, 0.0]",
test/drowsy/A0157.raw,1,1,1,1,False,118.5555,"[255, 0]","[0.99609375, 0.0]",
test/drowsy/A0158.raw,1,1,1,1,False,95.796,"[255, 0]","[0.99609375, 0.0]",
test/drowsy/A0159.raw,1,1,1,1,False,89.0062,"[255, 0]","[0.99609375, 0.0]",
test/drowsy/A0160.raw,1,1,1,1,False,121.6637,"[255, 0]","[0.99609375, 0.0]",
test/drowsy/A0161.raw,1,1,1,1,False,90.9777,"[255, 0]","[0.99609375, 0.0]",
test/drowsy/A0162.raw,1,1,1,1,False,83.5168,"[255, 0]","[0.99609375, 0.0]",
test/drowsy/A0163.raw,1,1,1,1,False,54.4497,"[255, 0]","[0.99609375, 0.0]",
test/drowsy/A0164.raw,1,1,1,1,False,75.3448,"[255, 0]","[0.99609375, 0.0]",
test/drowsy/A0165.raw,1,1,1,1,False,84.9259,"[255, 0]","[0.99609375, 0.0]",
test/drowsy/A0166.raw,1,1,1,1,False,105.3279,"[255, 0]","[0.99609375, 0.0]",
test/drowsy/A0167.raw,1,1,1,1,False,97.2862,"[255, 0]","[0.99609375, 0.0]",
test/drowsy/A0168.raw,1,1,1,1,False,51.8158,"[255, 0]","[0.99609375, 0.0]",
test/drowsy/A0169.raw,1,1,1,1,False,83.9217,"[255, 0]","[0.99609375, 0.0]",
test/drowsy/A0170.raw,1,1,1,1,False,83.6292,"[255, 0]","[0.99609375, 0.0]",
test/drowsy/A0171.raw,1,1,1,1,False,52.4708,"[255, 0]","[0.99609375, 0.0]",
test/drowsy/A0172.raw,1,1,1,1,False,92.3405,"[255, 0]","[0.99609375, 0.0]",
test/drowsy/A0173.raw,1,1,1,1,False,98.9808,"[255, 0]","[0.99609375, 0.0]",
test/drowsy/A0174.raw,1,1,1,1,False,109.1241,"[255, 0]","[0.99609375, 0.0]",
test/drowsy/A0175.raw,1,1,1,1,False,94.8918,"[255, 0]","[0.99609375, 0.0]",
test/drowsy/A0176.raw,1,1,1,1,False,95.393,"[255, 0]","[0.99609375, 0.0]",
test/drowsy/A0177.raw,1,1,1,1,False,106.944,"[255, 0]","[0.99609375, 0.0]",
test/drowsy/A0178.raw,1,1,1,1,False,68.4296,"[255, 0]","[0.99609375, 0.0]",
test/drowsy/A0179.raw,1,1,1,1,False,55.8232,"[255, 0]","[0.99609375, 0.0]",
test/drowsy/A0180.raw,1,1,1,1,False,102.5131,"[255, 0]","[0.99609375, 0.0]",
test/drowsy/A0181.raw,1,1,1,1,False,54.9133,"[255, 0]","[0.99609375, 0.0]",
test/drowsy/A0182.raw,1,1,1,1,False,81.2341,"[255, 0]","[0.99609375, 0.0]",
test/drowsy/A0183.raw,1,1,1,1,False,116.308,"[255, 0]","[0.99609375, 0.0]",
test/drowsy/A0184.raw,1,1,1,1,False,108.7681,"[255, 0]","[0.99609375, 0.0]",
test/drowsy/A0185.raw,1,1,1,1,False,76.4269,"[255, 0]","[0.99609375, 0.0]",
test/drowsy/A0188.raw,1,1,1,1,False,80.8729,"[255, 0]","[0.99609375, 0.0]",
test/drowsy/A0189.raw,1,1,1,1,False,106.6635,"[255, 0]","[0.99609375, 0.0]",
test/drowsy/A0190.raw,1,1,1,1,False,103.4509,"[255, 0]","[0.99609375, 0.0]",
test/drowsy/A0191.raw,1,1,1,1,False,104.6519,"[255, 0]","[0.99609375, 0.0]",
test/drowsy/A0192.raw,1,1,1,1,False,79.4986,"[255, 0]","[0.99609375, 0.0]",
test/drowsy/A0193.raw,1,1,1,1,False,75.4393,"[255, 0]","[0.99609375, 0.0]",
test/drowsy/A0194.raw,1,1,1,1,False,89.1319,"[255, 0]","[0.99609375, 0.0]",
test/drowsy/A0195.raw,1,1,1,1,False,51.7014,"[255, 0]","[0.99609375, 0.0]",
test/drowsy/A0196.raw,1,1,1,1,False,98.1207,"[255, 0]","[0.99609375, 0.0]",
test/drowsy/A0197.raw,1,1,1,1,False,119.994,"[255, 0]","[0.99609375, 0.0]",
test/drowsy/A0198.raw,1,1,1,1,False,58.9796,"[255, 0]","[0.99609375, 0.0]",
test/drowsy/A0199.raw,1,1,1,1,False,81.7928,"[255, 0]","[0.99609375, 0.0]",
test/drowsy/A0200.raw,1,1,1,1,False,84.6928,"[255, 0]","[0.99609375, 0.0]",
test/drowsy/A0201.raw,1,1,1,1,False,120.3229,"[255, 0]","[0.99609375, 0.0]",
test/drowsy/A0202.raw,1,1,1,1,False,81.1152,"[255, 0]","[0.99609375, 0.0]",
test/drowsy/A0203.raw,1,1,1,1,False,78.2764,"[255, 0]","[0.99609375, 0.0]",
test/drowsy/A0204.raw,1,1,1,1,False,87.5433,"[255, 0]","[0.99609375, 0.0]",
test/drowsy/A0205.raw,1,1,1,1,False,79.3645,"[255, 0]","[0.99609375, 0.0]",
test/drowsy/A0206.raw,1,1,1,1,False,105.349,"[255, 0]","[0.99609375, 0.0]",
test/drowsy/A0207.raw,1,1,1,1,False,82.5466,"[255, 0]","[0.99609375, 0.0]",
test/drowsy/A0208.raw,1,1,1,1,False,87.8228,"[255, 0]","[0.99609375, 0.0]",
test/drowsy/A0209.raw,1,1,1,1,False,76.9095,"[255, 0]","[0.99609375, 0.0]",
test/drowsy/A0210.raw,1,1,1,1,False,79.6022,"[255, 0]","[0.99609375, 0.0]",
test/drowsy/A0211.raw,1,1,1,1,False,116.7421,"[255, 0]","[0.99609375, 0.0]",
test/drowsy/A0212.raw,1,1,1,1,False,91.9046,"[255, 0]","[0.99609375, 0.0]",
test/drowsy/A0213.raw,1,1,1,1,False,109.0322,"[255, 0]","[0.99609375, 0.0]",
test/drowsy/A0214.raw,1,1,1,1,False,86.6899,"[255, 0]","[0.99609375, 0.0]",
test/drowsy/A0215.raw,1,1,1,1,False,110.8676,"[255, 0]","[0.99609375, 0.0]",
test/drowsy/A0216.raw,1,1,1,1,False,51.783,"[255, 0]","[0.99609375, 0.0]",
test/drowsy/A0217.raw,1,1,1,1,False,104.7029,"[255, 0]","[0.99609375, 0.0]",
test/drowsy/A0218.raw,1,1,1,1,False,122.466,"[255, 0]","[0.99609375, 0.0]",
test/drowsy/A0219.raw,1,1,1,1,False,109.8585,"[255, 0]","[0.99609375, 0.0]",
test/drowsy/A0220.raw,1,1,1,1,False,117.896,"[255, 0]","[0.99609375, 0.0]",
test/drowsy/A0222.raw,1,1,1,1,False,98.0768,"[255, 0]","[0.99609375, 0.0]",
test/drowsy/A0223.raw,1,1,1,1,False,95.0956,"[255, 0]","[0.99609375, 0.0]",
test/drowsy/A0224.raw,1,1,1,1,False,53.84,"[255, 0]","[0.99609375, 0.0]",
test/drowsy/A0225.raw,1,1,1,1,False,112.751,"[255, 0]","[0.99609375, 0.0]",
test/drowsy/A0226.raw,1,1,1,1,False,107.3417,"[255, 0]","[0.99609375, 0.0]",
test/drowsy/A0227.raw,1,1,1,1,False,106.7311,"[255, 0]","[0.99609375, 0.0]",
test/drowsy/A0228.raw,1,1,1,1,False,74.0916,"[255, 0]","[0.99609375, 0.0]",
test/drowsy/A0229.raw,1,1,1,1,False,70.7846,"[255, 0]","[0.99609375, 0.0]",
test/drowsy/A0230.raw,1,1,1,1,False,115.3594,"[255, 0]","[0.99609375, 0.0]",
test/drowsy/A0231.raw,1,1,1,1,False,87.3023,"[255, 0]","[0.99609375, 0.0]",
test/drowsy/A0232.raw,1,1,1,1,False,87.8403,"[255, 0]","[0.99609375, 0.0]",
test/drowsy/A0233.raw,1,1,1,1,False,67.6647,"[255, 0]","[0.99609375, 0.0]",
test/drowsy/A0234.raw,1,1,1,1,False,57.6912,"[255, 0]","[0.99609375, 0.0]",
test/drowsy/A0235.raw,1,1,1,1,False,104.5268,"[255, 0]","[0.99609375, 0.0]",
test/drowsy/A0236.raw,1,1,1,1,False,87.0675,"[255, 0]","[0.99609375, 0.0]",
test/drowsy/A0237.raw,1,1,1,1,False,79.6195,"[255, 0]","[0.99609375, 0.0]",
test/drowsy/A0238.raw,1,1,1,1,False,91.3144,"[255, 0]","[0.99609375, 0.0]",
test/drowsy/A0239.raw,1,1,1,1,False,51.4302,"[255, 0]","[0.99609375, 0.0]",
test/drowsy/A0240.raw,1,1,1,1,False,125.6909,"[255, 0]","[0.99609375, 0.0]",
test/drowsy/A0241.raw,1,1,1,1,False,112.4845,"[255, 0]","[0.99609375, 0.0]",
test/drowsy/A0242.raw,1,1,1,1,False,78.5413,"[255, 0]","[0.99609375, 0.0]",
test/drowsy/A0243.raw,1,1,1,1,False,118.8356,"[255, 0]","[0.99609375, 0.0]",
test/drowsy/A0244.raw,1,1,1,1,False,120.3571,"[255, 0]","[0.99609375, 0.0]",
test/drowsy/A0245.raw,1,1,1,1,False,75.6691,"[255, 0]","[0.99609375, 0.0]",
test/drowsy/A0246.raw,1,1,1,1,False,53.1842,"[255, 0]","[0.99609375, 0.0]",
test/drowsy/A0247.raw,1,1,1,1,False,92.1524,"[255, 0]","[0.99609375, 0.0]",
test/drowsy/A0248.raw,1,1,1,1,False,112.8303,"[255, 0]","[0.99609375, 0.0]",
test/drowsy/A0249.raw,1,1,1,1,False,83.1553,"[255, 0]","[0.99609375, 0.0]",
test/drowsy/A0250.raw,1,1,1,1,False,85.0818,"[255, 0]","[0.99609375, 0.0]",
test/drowsy/A0252.raw,1,1,1,1,False,99.6155,"[255, 0]","[0.99609375, 0.0]",
test/drowsy/A0253.raw,1,1,1,1,False,73.6621,"[255, 0]","[0.99609375, 0.0]",
test/drowsy/A0254.raw,1,1,1,1,False,83.0009,"[255, 0]","[0.99609375, 0.0]",
test/drowsy/A0255.raw,1,1,1,1,False,61.2842,"[255, 0]","[0.99609375, 0.0]",
test/drowsy/A0256.raw,1,1,1,1,False,113.008,"[255, 0]","[0.99609375, 0.0]",
test/drowsy/A0257.raw,1,1,1,1,False,63.8578,"[255, 0]","[0.99609375, 0.0]",
test/drowsy/A0258.raw,1,1,1,1,False,120.1958,"[255, 0]","[0.99609375, 0.0]",
test/drowsy/A0259.raw,1,1,1,1,False,88.9654,"[255, 0]","[0.99609375, 0.0]",
test/drowsy/A0260.raw,1,1,1,1,False,87.4608,"[255, 0]","[0.99609375, 0.0]",
test/drowsy/A0261.raw,1,1,1,1,False,81.1591,"[255, 0]","[0.99609375, 0.0]",
test/drowsy/A0262.raw,1,1,1,1,False,83.0267,"[255, 0]","[0.99609375, 0.0]",
test/drowsy/A0263.raw,1,1,1,1,False,81.6279,"[255, 0]","[0.99609375, 0.0]",
test/drowsy/A0264.raw,1,1,1,1,False,92.4051,"[255, 0]","[0.99609375, 0.0]",
test/drowsy/A0265.raw,1,1,1,1,False,111.7554,"[255, 0]","[0.99609375, 0.0]",
test/drowsy/A0266.raw,1,1,1,1,False,117.3394,"[255, 0]","[0.99609375, 0.0]",
test/drowsy/A0267.raw,1,1,1,1,False,74.261,"[255, 0]","[0.99609375, 0.0]",
test/drowsy/A0268.raw,1,1,1,1,False,114.9494,"[255, 0]","[0.99609375, 0.0]",
test/drowsy/A0269.raw,1,1,1,1,False,82.9191,"[255, 0]","[0.99609375, 0.0]",
test/drowsy/A0270.raw,1,1,1,1,False,56.4907,"[255, 0]","[0.99609375, 0.0]",
test/drowsy/A0271.raw,1,1,1,1,False,50.874,"[255, 0]","[0.99609375, 0.0]",
test/drowsy/A0272.raw,1,1,1,1,False,51.0354,"[255, 0]","[0.99609375, 0.0]",
test/drowsy/A0273.raw,1,1,1,1,False,53.776,"[255, 0]","[0.99609375, 0.0]",
test/drowsy/A0274.raw,1,1,1,1,False,81.4789,"[255, 0]","[0.99609375, 0.0]",
test/drowsy/A0275.raw,1,1,1,1,False,66.9307,"[255, 0]","[0.99609375, 0.0]",
test/drowsy/A0276.raw,1,1,1,1,False,83.6945,"[255, 0]","[0.99609375, 0.0]",
test/drowsy/A0277.raw,1,1,1,1,False,105.9961,"[255, 0]","[0.99609375, 0.0]",
test/drowsy/A0278.raw,1,1,1,1,False,100.3901,"[255, 0]","[0.99609375, 0.0]",
test/drowsy/A0279.raw,1,1,1,1,False,77.4137,"[255, 0]","[0.99609375, 0.0]",
test/drowsy/A0280.raw,1,1,1,1,False,75.4674,"[255, 0]","[0.99609375, 0.0]",
test/drowsy/A0284.raw,1,1,1,1,False,86.4866,"[255, 0]","[0.99609375, 0.0]",
test/drowsy/A0285.raw,1,1,1,1,False,103.3451,"[255, 0]","[0.99609375, 0.0]",
test/drowsy/A0286.raw,1,1,1,1,False,95.9131,"[255, 0]","[0.99609375, 0.0]",
test/drowsy/A0287.raw,1,1,1,1,False,114.9099,"[255, 0]","[0.99609375, 0.0]",
test/drowsy/A0288.raw,1,1,1,1,False,96.1871,"[255, 0]","[0.99609375, 0.0]",
test/drowsy/A0289.raw,1,1,1,1,False,75.1314,"[255, 0]","[0.99609375, 0.0]",
test/drowsy/A0290.raw,1,1,1,1,False,123.2623,"[255, 0]","[0.99609375, 0.0]",
test/drowsy/A0291.raw,1,1,1,1,False,111.8738,"[255, 0]","[0.99609375, 0.0]",
test/drowsy/A0292.raw,1,1,1,1,False,84.5105,"[255, 0]","[0.99609375, 0.0]",
test/drowsy/A0293.raw,1,1,1,1,False,116.6926,"[255, 0]","[0.99609375, 0.0]",
test/drowsy/A0294.raw,1,1,1,1,False,106.488,"[255, 0]","[0.99609375, 0.0]",
test/drowsy/A0295.raw,1,1,1,1,False,83.4717,"[255, 0]","[0.99609375, 0.0]",
test/drowsy/A0296.raw,1,1,1,1,False,120.688,"[255, 0]","[0.99609375, 0.0]",
test/drowsy/A0297.raw,1,1,1,1,False,112.2689,"[255, 0]","[0.99609375, 0.0]",
test/drowsy/A0298.raw,1,1,1,1,False,116.751,"[255, 0]","[0.99609375, 0.0]",
test/drowsy/A0299.raw,1,1,1,1,False,61.3577,"[255, 0]","[0.99609375, 0.0]",
test/drowsy/A0300.raw,1,1,1,1,False,67.7466,"[255, 0]","[0.99609375, 0.0]",
test/drowsy/A0301.raw,1,1,1,1,False,112.1969,"[255, 0]","[0.99609375, 0.0]",
test/drowsy/A0302.raw,1,1,1,1,False,121.2249,"[255, 0]","[0.99609375, 0.0]",
test/drowsy/A0303.raw,1,1,1,1,False,98.1375,"[255, 0]","[0.99609375, 0.0]",
test/drowsy/A0304.raw,1,1,1,1,False,105.6102,"[255, 0]","[0.99609375, 0.0]",
test/drowsy/A0305.raw,1,1,1,1,False,117.7738,"[255, 0]","[0.99609375, 0.0]",
test/drowsy/A0306.raw,1,1,1,1,False,108.1454,"[255, 0]","[0.99609375, 0.0]",
test/drowsy/A0307.raw,1,1,1,1,False,70.5842,"[255, 0]","[0.99609375, 0.0]",
test/drowsy/A0308.raw,1,1,1,1,False,72.2502,"[255, 0]","[0.99609375, 0.0]",
test/drowsy/A0309.raw,1,1,1,1,False,54.2942,"[255, 0]","[0.99609375, 0.0]",
test/drowsy/A0310.raw,1,1,1,1,False,95.8403,"[255, 0]","[0.99609375, 0.0]",
test/drowsy/A0311.raw,1,1,1,1,False,77.2474,"[255, 0]","[0.99609375, 0.0]",
test/drowsy/A0312.raw,1,1,1,1,False,54.8652,"[255, 0]","[0.99609375, 0.0]",
test/drowsy/A0313.raw,1,1,1,1,False,109.1143,"[255, 0]","[0.99609375, 0.0]",
test/drowsy/A0314.raw,1,1,1,1,False,106.1193,"[255, 0]","[0.99609375, 0.0]",
test/drowsy/A0315.raw,1,1,1,1,False,97.6841,"[255, 0]","[0.99609375, 0.0]",
test/drowsy/A0316.raw,1,1,1,1,False,77.6943,"[255, 0]","[0.99609375, 0.0]",
test/drowsy/A0317.raw,1,1,1,1,False,83.523,"[255, 0]","[0.99609375, 0.0]",
test/drowsy/A0318.raw,1,1,1,1,False,92.7893,"[255, 0]","[0.99609375, 0.0]",
test/drowsy/A0319.raw,1,1,1,1,False,101.0847,"[255, 0]","[0.99609375, 0.0]",
test/drowsy/A0320.raw,1,1,1,1,False,98.9539,"[255, 0]","[0.99609375, 0.0]",
test/drowsy/A0321.raw,1,1,1,1,False,69.1149,"[255, 0]","[0.99609375, 0.0]",
test/drowsy/A0322.raw,1,1,1,1,False,55.8595,"[255, 0]","[0.99609375, 0.0]",
test/drowsy/A0323.raw,1,1,1,1,False,98.3809,"[255, 0]","[0.99609375, 0.0]",
test/drowsy/A0324.raw,1,1,1,1,False,96.4842,"[255, 0]","[0.99609375, 0.0]",
test/drowsy/A0325.raw,1,1,1,1,False,80.0024,"[255, 0]","[0.99609375, 0.0]",
test/drowsy/A0326.raw,1,1,1,1,False,86.0376,"[255, 0]","[0.99609375, 0.0]",
test/drowsy/A0327.raw,1,1,1,1,False,115.9569,"[255, 0]","[0.99609375, 0.0]",
test/drowsy/A0328.raw,1,1,1,1,False,124.0438,"[255, 0]","[0.99609375, 0.0]",
test/drowsy/A0329.raw,1,1,1,1,False,115.4965,"[255, 0]","[0.99609375, 0.0]",
test/drowsy/A0330.raw,1,1,1,1,False,126.3029,"[255, 0]","[0.99609375, 0.0]",
test/drowsy/A0331.raw,1,1,1,1,False,115.636,"[255, 0]","[0.99609375, 0.0]",
test/drowsy/A0332.raw,1,1,1,1,False,85.2806,"[255, 0]","[0.99609375, 0.0]",
test/drowsy/A0333.raw,1,1,1,1,False,52.4534,"[255, 0]","[0.99609375, 0.0]",
test/drowsy/A0334.raw,1,1,1,1,False,80.7857,"[255, 0]","[0.99609375, 0.0]",
test/drowsy/A0335.raw,1,1,1,1,False,112.8911,"[255, 0]","[0.99609375, 0.0]",
test/drowsy/A0336.raw,1,1,1,1,False,99.923,"[255, 0]","[0.99609375, 0.0]",
test/drowsy/A0337.raw,1,1,1,1,False,58.8489,"[255, 0]","[0.99609375, 0.0]",
test/drowsy/A0338.raw,1,1,1,1,False,79.3971,"[255, 0]","[0.99609375, 0.0]",
test/drowsy/A0339.raw,1,1,1,1,False,105.493,"[255, 0]","[0.99609375, 0.0]",
test/drowsy/A0340.raw,1,1,1,1,False,64.5721,"[255, 0]","[0.99609375, 0.0]",
test/drowsy/A0341.raw,1,1,1,1,False,103.5015,"[255, 0]","[0.99609375, 0.0]",
test/drowsy/A0342.raw,1,1,1,1,False,107.8537,"[255, 0]","[0.99609375, 0.0]",
test/drowsy/A0343.raw,1,1,1,1,False,52.0974,"[255, 0]","[0.99609375, 0.0]",
test/drowsy/A0344.raw,1,1,1,1,False,72.7442,"[255, 0]","[0.99609375, 0.0]",
test/drowsy/A0345.raw,1,1,1,1,False,125.9737,"[255, 0]","[0.99609375, 0.0]",
test/drowsy/A0346.raw,1,1,1,1,False,74.6588,"[255, 0]","[0.99609375, 0.0]",
test/drowsy/A0347.raw,1,1,1,1,False,98.9496,"[255, 0]","[0.99609375, 0.0]",
test/drowsy/A0348.raw,1,1,1,1,False,71.5755,"[255, 0]","[0.99609375, 0.0]",
test/drowsy/A0349.raw,1,1,1,1,False,111.2435,"[255, 0]","[0.99609375, 0.0]",
test/drowsy/A0350.raw,1,1,1,1,False,88.6595,"[255, 0]","[0.99609375, 0.0]",
test/drowsy/A0352.raw,1,1,1,1,False,108.8037,"[255, 0]","[0.99609375, 0.0]",
test/drowsy/A0353.raw,1,1,1,1,False,56.7962,"[255, 0]","[0.99609375, 0.0]",
test/drowsy/A0354.raw,1,1,1,1,False,105.9585,"[255, 0]","[0.99609375, 0.0]",
test/drowsy/A0355.raw,1,1,1,1,False,125.2839,"[255, 0]","[0.99609375, 0.0]",
test/drowsy/A0356.raw,1,1,1,1,False,109.4899,"[255, 0]","[0.99609375, 0.0]",
test/drowsy/A0357.raw,1,1,1,1,False,110.7686,"[255, 0]","[0.99609375, 0.0]",
test/drowsy/A0358.raw,1,1,1,1,False,63.8154,"[255, 0]","[0.99609375, 0.0]",
test/drowsy/A0359.raw,1,1,1,1,False,95.1094,"[255, 0]","[0.99609375, 0.0]",
test/drowsy/A0360.raw,1,1,1,1,False,58.3655,"[255, 0]","[0.99609375, 0.0]",
test/drowsy/A0361.raw,1,1,1,1,False,69.5774,"[255, 0]","[0.99609375, 0.0]",
test/drowsy/A0362.raw,1,1,1,1,False,70.2843,"[255, 0]","[0.99609375, 0.0]",
test/drowsy/A0363.raw,1,1,1,1,False,95.7378,"[255, 0]","[0.99609375, 0.0]",
test/drowsy/A0364.raw,1,1,1,1,False,93.3628,"[255, 0]","[0.99609375, 0.0]",
test/drowsy/A0365.raw,1,1,1,1,False,56.1429,"[255, 0]","[0.99609375, 0.0]",
test/drowsy/A0366.raw,1,1,1,1,False,104.047,"[255, 0]","[0.99609375, 0.0]",
test/drowsy/A0367.raw,1,1,1,1,False,104.0836,"[255, 0]","[0.99609375, 0.0]",
test/drowsy/A0368.raw,1,1,1,1,False,53.5678,"[255, 0]","[0.99609375, 0.0]",
test/drowsy/A0369.raw,1,1,1,1,False,93.5508,"[255, 0]","[0.99609375, 0.0]",
test/drowsy/A0370.raw,1,1,1,1,False,76.347,"[255, 0]","[0.99609375, 0.0]",
test/drowsy/A0371.raw,1,1,1,1,False,118.9564,"[255, 0]","[0.99609375, 0.0]",
test/drowsy/A0372.raw,1,1,1,1,False,115.5421,"[255, 0]","[0.99609375, 0.0]",
test/drowsy/A0373.raw,1,1,1,1,False,84.0205,"[255, 0]","[0.99609375, 0.0]",
test/drowsy/A0374.raw,1,1,1,1,False,51.5923,"[255, 0]","[0.99609375, 0.0]",
test/drowsy/A0376.raw,1,1,1,1,False,82.0985,"[255, 0]","[0.99609375, 0.0]",
test/drowsy/A0377.raw,1,1,1,1,False,84.1672,"[255, 0]","[0.99609375, 0.0]",
test/drowsy/A0378.raw,1,1,1,1,False,120.3006,"[255, 0]","[0.99609375, 0.0]",
test/drowsy/A0379.raw,1,1,1,1,False,116.6027,"[255, 0]","[0.99609375, 0.0]",
test/drowsy/A0380.raw,1,1,1,1,False,114.6655,"[255, 0]","[0.99609375, 0.0]",
test/drowsy/A0381.raw,1,1,1,1,False,87.5218,"[255, 0]","[0.99609375, 0.0]",
test/drowsy/A0382.raw,1,1,1,1,False,99.7656,"[255, 0]","[0.99609375, 0.0]",
test/drowsy/A0383.raw,1,1,1,1,False,88.7547,"[255, 0]","[0.99609375, 0.0]",
test/drowsy/A0384.raw,1,1,1,1,False,63.0593,"[255, 0]","[0.99609375, 0.0]",
test/drowsy/A0385.raw,1,1,1,1,False,87.3822,"[255, 0]","[0.99609375, 0.0]",
test/drowsy/A0386.raw,1,1,1,1,False,125.3057,"[255, 0]","[0.99609375, 0.0]",
test/drowsy/A0387.raw,1,1,1,1,False,88.9108,"[255, 0]","[0.99609375, 0.0]",
test/drowsy/A0388.raw,1,1,1,1,False,95.237,"[255, 0]","[0.99609375, 0.0]",
test/drowsy/A0389.raw,1,1,1,1,False,118.746,"[255, 0]","[0.99609375, 0.0]",
test/drowsy/A0390.raw,1,1,1,1,False,84.5834,"[255, 0]","[0.99609375, 0.0]",
test/drowsy/A0391.raw,1,1,1,1,False,62.8186,"[255, 0]","[0.99609375, 0.0]",
test/drowsy/A0392.raw,1,1,1,1,False,114.3675,"[255, 0]","[0.99609375, 0.0]",
test/drowsy/A0393.raw,1,1,1,1,False,58.8799,"[255, 0]","[0.99609375, 0.0]",
test/drowsy/A0394.raw,1,1,1,1,False,85.9086,"[255, 0]","[0.99609375, 0.0]",
test/drowsy/A0395.raw,1,1,1,1,False,55.6539,"[255, 0]","[0.99609375, 0.0]",
test/drowsy/A0396.raw,1,1,1,1,False,75.3989,"[255, 0]","[0.99609375, 0.0]",
test/drowsy/A0397.raw,1,1,1,1,False,55.9563,"[255, 0]","[0.99609375, 0.0]",
test/drowsy/A0398.raw,1,1,1,1,False,56.8995,"[255, 0]","[0.99609375, 0.0]",
test/drowsy/A0399.raw,1,1,1,1,False,68.24,"[255, 0]","[0.99609375, 0.0]",
test/drowsy/A0400.raw,1,1,1,1,False,52.3681,"[255, 0]","[0.99609375, 0.0]",
test/drowsy/A0401.raw,1,1,1,1,False,73.5994,"[255, 0]","[0.99609375, 0.0]",
test/drowsy/A0402.raw,1,1,1,1,False,85.6074,"[255, 0]","[0.99609375, 0.0]",
test/drowsy/A0403.raw,1,1,1,1,False,53.9114,"[255, 0]","[0.99609375, 0.0]",
test/drowsy/A0404.raw,1,1,1,1,False,70.8372,"[255, 0]","[0.99609375, 0.0]",
test/drowsy/A0405.raw,1,1,1,1,False,73.1313,"[255, 0]","[0.99609375, 0.0]",
test/drowsy/A0406.raw,1,1,1,1,False,94.1362,"[255, 0]","[0.99609375, 0.0]",
test/drowsy/A0407.raw,1,1,1,1,False,86.3733,"[255, 0]","[0.99609375, 0.0]",
test/drowsy/A0408.raw,1,1,1,1,False,104.482,"[255, 0]","[0.99609375, 0.0]",
test/drowsy/A0409.raw,1,1,1,1,False,77.3121,"[255, 0]","[0.99609375, 0.0]",
test/drowsy/A0410.raw,1,1,1,1,False,87.6312,"[255, 0]","[0.99609375, 0.0]",
test/drowsy/A0411.raw,1,1,1,1,False,55.4077,"[255, 0]","[0.99609375, 0.0]",
test/drowsy/A0412.raw,1,1,1,1,False,87.8235,"[255, 0]","[0.99609375, 0.0]",
test/drowsy/A0413.raw,1,1,1,1,False,76.4222,"[255, 0]","[0.99609375, 0.0]",
test/drowsy/A0414.raw,1,1,1,1,False,108.3819,"[255, 0]","[0.99609375, 0.0]",
test/drowsy/A0415.raw,1,1,1,1,False,117.0293,"[255, 0]","[0.99609375, 0.0]",
test/drowsy/A0416.raw,1,1,1,1,False,104.3827,"[255, 0]","[0.99609375, 0.0]",
test/drowsy/A0417.raw,1,1,1,1,False,52.9755,"[255, 0]","[0.99609375, 0.0]",
test/drowsy/A0418.raw,1,1,1,1,False,63.6336,"[255, 0]","[0.99609375, 0.0]",
test/drowsy/A0419.raw,1,1,1,1,False,102.3846,"[255, 0]","[0.99609375, 0.0]",
test/drowsy/A0420.raw,1,1,1,1,False,120.2943,"[255, 0]","[0.99609375, 0.0]",
test/drowsy/A0421.raw,1,1,1,1,False,68.645,"[255, 0]","[0.99609375, 0.0]",
test/drowsy/A0422.raw,1,1,1,1,False,131.9382,"[255, 0]","[0.99609375, 0.0]",
test/drowsy/A0423.raw,1,1,1,1,False,68.7544,"[255, 0]","[0.99609375, 0.0]",
test/drowsy/A0424.raw,1,1,1,1,False,84.9744,"[255, 0]","[0.99609375, 0.0]",
test/drowsy/A0425.raw,1,1,1,1,False,66.8886,"[255, 0]","[0.99609375, 0.0]",
test/drowsy/A0426.raw,1,1,1,1,False,78.3951,"[255, 0]","[0.99609375, 0.0]",
test/drowsy/A0427.raw,1,1,1,1,False,110.249,"[255, 0]","[0.99609375, 0.0]",
test/drowsy/A0428.raw,1,1,1,1,False,107.3348,"[255, 0]","[0.99609375, 0.0]",
test/drowsy/A0429.raw,1,1,1,1,False,60.9119,"[255, 0]","[0.99609375, 0.0]",
test/drowsy/A0430.raw,1,1,1,1,False,87.8683,"[255, 0]","[0.99609375, 0.0]",
test/drowsy/A0431.raw,1,1,1,1,False,80.4583,"[255, 0]","[0.99609375, 0.0]",
test/drowsy/A0432.raw,1,1,1,1,False,109.5343,"[255, 0]","[0.99609375, 0.0]",
test/drowsy/A0433.raw,1,1,1,1,False,61.9611,"[255, 0]","[0.99609375, 0.0]",
test/drowsy/A0434.raw,1,1,1,1,False,58.5539,"[255, 0]","[0.99609375, 0.0]",
test/drowsy/A0435.raw,1,1,1,1,False,73.6624,"[255, 0]","[0.99609375, 0.0]",
test/drowsy/A0436.raw,1,1,1,1,False,91.5329,"[255, 0]","[0.99609375, 0.0]",
test/drowsy/A0437.raw,1,1,1,1,False,116.0805,"[255, 0]","[0.99609375, 0.0]",
test/drowsy/A0440.raw,1,1,1,1,False,92.721,"[255, 0]","[0.99609375, 0.0]",
test/drowsy/A0441.raw,1,1,1,1,False,123.166,"[255, 0]","[0.99609375, 0.0]",
test/drowsy/A0442.raw,1,1,1,1,False,96.6512,"[255, 0]","[0.99609375, 0.0]",
test/drowsy/A0443.raw,1,1,1,1,False,115.9955,"[255, 0]","[0.99609375, 0.0]",
test/drowsy/A0444.raw,1,1,1,1,False,85.0623,"[255, 0]","[0.99609375, 0.0]",
test/drowsy/A0445.raw,1,1,1,1,False,91.1146,"[255, 0]","[0.99609375, 0.0]",
test/drowsy/A0446.raw,1,1,1,1,False,92.1205,"[255, 0]","[0.99609375, 0.0]",
test/drowsy/A0447.raw,1,1,1,1,False,110.6834,"[255, 0]","[0.99609375, 0.0]",
test/drowsy/A0448.raw,1,1,1,1,False,113.6601,"[255, 0]","[0.99609375, 0.0]",
test/drowsy/A0449.raw,1,1,1,1,False,122.7068,"[255, 0]","[0.99609375, 0.0]",
test/drowsy/A0450.raw,1,1,1,1,False,121.0616,"[255, 0]","[0.99609375, 0.0]",
test/drowsy/A0451.raw,1,1,1,1,False,98.7485,"[255, 0]","[0.99609375, 0.0]",
test/drowsy/A0452.raw,1,1,1,1,False,88.452,"[255, 0]","[0.99609375, 0.0]",
test/drowsy/A0453.raw,1,1,1,1,False,75.7922,"[255, 0]","[0.99609375, 0.0]",
test/drowsy/A0454.raw,1,1,1,1,False,89.4026,"[255, 0]","[0.99609375, 0.0]",
test/drowsy/A0455.raw,1,1,1,1,False,125.8153,"[255, 0]","[0.99609375, 0.0]",
test/drowsy/A0456.raw,1,1,1,1,False,101.3312,"[255, 0]","[0.99609375, 0.0]",
test/drowsy/A0457.raw,1,1,1,1,False,107.7354,"[255, 0]","[0.99609375, 0.0]",
test/drowsy/A0460.raw,1,1,1,1,False,71.8261,"[255, 0]","[0.99609375, 0.0]",
test/drowsy/A0461.raw,1,1,1,1,False,71.2036,"[255, 0]","[0.99609375, 0.0]",
test/drowsy/A0462.raw,1,1,1,1,False,54.7895,"[255, 0]","[0.99609375, 0.0]",
test/drowsy/A0463.raw,1,1,1,1,False,60.8147,"[255, 0]","[0.99609375, 0.0]",
test/drowsy/A0464.raw,1,1,1,1,False,105.4906,"[255, 0]","[0.99609375, 0.0]",
test/drowsy/A0465.raw,1,1,1,1,False,111.4092,"[255, 0]","[0.99609375, 0.0]",
test/drowsy/A0466.raw,1,1,1,1,False,103.4487,"[255, 0]","[0.99609375, 0.0]",
test/drowsy/A0467.raw,1,1,1,1,False,112.4626,"[255, 0]","[0.99609375, 0.0]",
test/drowsy/A0468.raw,1,1,1,1,False,80.5874,"[255, 0]","[0.99609375, 0.0]",
test/drowsy/A0469.raw,1,1,1,1,False,70.105,"[255, 0]","[0.99609375, 0.0]",
test/drowsy/A0470.raw,1,1,1,1,False,63.6538,"[255, 0]","[0.99609375, 0.0]",
test/drowsy/A0471.raw,1,1,1,1,False,55.5445,"[255, 0]","[0.99609375, 0.0]",
test/drowsy/A0472.raw,1,1,1,1,False,54.2856,"[255, 0]","[0.99609375, 0.0]",
test/drowsy/A0473.raw,1,1,1,1,False,99.5318,"[255, 0]","[0.99609375, 0.0]",
test/drowsy/A0474.raw,1,1,1,1,False,59.0061,"[255, 0]","[0.99609375, 0.0]",
test/drowsy/A0475.raw,1,1,1,1,False,109.9916,"[255, 0]","[0.99609375, 0.0]",
test/drowsy/A0476.raw,1,1,1,1,False,54.9359,"[255, 0]","[0.99609375, 0.0]",
test/drowsy/A0477.raw,1,1,1,1,False,71.656,"[255, 0]","[0.99609375, 0.0]",
test/drowsy/A0478.raw,1,1,1,1,False,50.8727,"[255, 0]","[0.99609375, 0.0]",
test/drowsy/A0479.raw,1,1,1,1,False,52.6496,"[255, 0]","[0.99609375, 0.0]",
test/drowsy/A0480.raw,1,1,1,1,False,86.3479,"[255, 0]","[0.99609375, 0.0]",
test/drowsy/A0481.raw,1,1,1,1,False,97.4946,"[255, 0]","[0.99609375, 0.0]",
test/drowsy/A0482.raw,1,1,1,1,False,66.5938,"[255, 0]","[0.99609375, 0.0]",
test/drowsy/A0483.raw,1,1,1,1,False,76.076,"[255, 0]","[0.99609375, 0.0]",
test/drowsy/A0484.raw,1,1,1,1,False,110.6147,"[255, 0]","[0.99609375, 0.0]",
test/drowsy/A0485.raw,1,1,1,1,False,71.5625,"[255, 0]","[0.99609375, 0.0]",
test/drowsy/A0486.raw,1,1,1,1,False,80.0375,"[255, 0]","[0.99609375, 0.0]",
test/drowsy/A0487.raw,1,1,1,1,False,64.1693,"[255, 0]","[0.99609375, 0.0]",
test/drowsy/A0488.raw,1,1,1,1,False,92.3799,"[255, 0]","[0.99609375, 0.0]",
test/drowsy/A0489.raw,1,1,1,1,False,112.8746,"[255, 0]","[0.99609375, 0.0]",
test/drowsy/A0490.raw,1,1,1,1,False,66.213,"[255, 0]","[0.99609375, 0.0]",
test/drowsy/A0491.raw,1,1,1,1,False,74.3457,"[255, 0]","[0.99609375, 0.0]",
test/drowsy/A0492.raw,1,1,1,1,False,54.0825,"[255, 0]","[0.99609375, 0.0]",
test/drowsy/A0493.raw,1,1,1,1,False,85.9763,"[255, 0]","[0.99609375, 0.0]",
test/drowsy/A0494.raw,1,1,1,1,False,78.8677,"[255, 0]","[0.99609375, 0.0]",
test/drowsy/A0495.raw,1,1,1,1,False,96.1903,"[255, 0]","[0.99609375, 0.0]",
test/drowsy/A0496.raw,1,1,1,1,False,92.132,"[255, 0]","[0.99609375, 0.0]",
test/drowsy/A0497.raw,1,1,1,1,False,76.9817,"[255, 0]","[0.99609375, 0.0]",
test/drowsy/A0498.raw,1,1,1,1,False,70.9814,"[255, 0]","[0.99609375, 0.0]",
test/drowsy/A0499.raw,1,1,1,1,False,88.0085,"[255, 0]","[0.99609375, 0.0]",
test/drowsy/A0500.raw,1,1,1,1,False,115.3058,"[255, 0]","[0.99609375, 0.0]",
test/drowsy/A0501.raw,1,1,1,1,False,81.3251,"[255, 0]","[0.99609375, 0.0]",
test/drowsy/A0502.raw,1,1,1,1,False,81.7829,"[255, 0]","[0.99609375, 0.0]",
test/drowsy/A0503.raw,1,1,1,1,False,63.264,"[255, 0]","[0.99609375, 0.0]",
test/drowsy/A0504.raw,1,1,1,1,False,78.9717,"[255, 0]","[0.99609375, 0.0]",
test/drowsy/A0505.raw,1,1,1,1,False,52.9302,"[255, 0]","[0.99609375, 0.0]",
test/drowsy/A0506.raw,1,1,1,1,False,94.0235,"[255, 0]","[0.99609375, 0.0]",
test/drowsy/A0507.raw,1,1,1,1,False,93.6233,"[255, 0]","[0.99609375, 0.0]",
test/drowsy/A0508.raw,1,1,1,1,False,116.478,"[255, 0]","[0.99609375, 0.0]",
test/drowsy/A0509.raw,1,1,1,1,False,108.3023,"[255, 0]","[0.99609375, 0.0]",
test/drowsy/A0510.raw,1,1,1,1,False,124.4928,"[255, 0]","[0.99609375, 0.0]",
test/drowsy/A0511.raw,1,1,1,1,False,81.1177,"[255, 0]","[0.99609375, 0.0]",
test/drowsy/A0512.raw,1,1,1,1,False,100.8316,"[255, 0]","[0.99609375, 0.0]",
test/drowsy/A0513.raw,1,1,1,1,False,56.2872,"[255, 0]","[0.99609375, 0.0]",
test/drowsy/A0514.raw,1,1,1,1,False,51.4912,"[255, 0]","[0.99609375, 0.0]",
test/drowsy/A0515.raw,1,1,1,1,False,81.5698,"[255, 0]","[0.99609375, 0.0]",
test/drowsy/A0516.raw,1,1,1,1,False,113.1759,"[255, 0]","[0.99609375, 0.0]",
test/drowsy/A0517.raw,1,1,1,1,False,108.4122,"[255, 0]","[0.99609375, 0.0]",
test/drowsy/A0518.raw,1,1,1,1,False,78.953,"[255, 0]","[0.99609375, 0.0]",
test/drowsy/A0519.raw,1,1,1,1,False,115.1894,"[255, 0]","[0.99609375, 0.0]",
test/drowsy/A0520.raw,1,1,1,1,False,122.316,"[255, 0]","[0.99609375, 0.0]",
test/drowsy/A0521.raw,1,1,1,1,False,89.3188,"[255, 0]","[0.99609375, 0.0]",
test/drowsy/A0522.raw,1,1,1,1,False,114.1536,"[255, 0]","[0.99609375, 0.0]",
test/drowsy/A0523.raw,1,1,1,1,False,56.3804,"[255, 0]","[0.99609375, 0.0]",
test/drowsy/A0524.raw,1,1,1,1,False,55.2462,"[255, 0]","[0.99609375, 0.0]",
test/drowsy/A0525.raw,1,1,1,1,False,70.9903,"[255, 0]","[0.99609375, 0.0]",
test/drowsy/A0526.raw,1,1,1,1,False,101.7944,"[255, 0]","[0.99609375, 0.0]",
test/drowsy/A0527.raw,1,1,1,1,False,52.5234,"[255, 0]","[0.99609375, 0.0]",
test/drowsy/A0528.raw,1,1,1,1,False,63.6143,"[255, 0]","[0.99609375, 0.0]",
test/drowsy/A0529.raw,1,1,1,1,False,60.6986,"[255, 0]","[0.99609375, 0.0]",
test/drowsy/A0530.raw,1,1,1,1,False,121.9592,"[255, 0]","[0.99609375, 0.0]",
test/drowsy/A0531.raw,1,1,1,1,False,82.8996,"[255, 0]","[0.99609375, 0.0]",
test/drowsy/A0532.raw,1,1,1,1,False,108.8179,"[255, 0]","[0.99609375, 0.0]",
test/drowsy/A0533.raw,1,1,1,1,False,62.0971,"[255, 0]","[0.99609375, 0.0]",
test/drowsy/A0534.raw,1,1,1,1,False,90.0333,"[255, 0]","[0.99609375, 0.0]",
test/drowsy/A0535.raw,1,1,1,1,False,95.6209,"[255, 0]","[0.99609375, 0.0]",
test/drowsy/A0536.raw,1,1,1,1,False,82.4834,"[255, 0]","[0.99609375, 0.0]",
test/drowsy/A0537.raw,1,1,1,1,False,98.7416,"[255, 0]","[0.99609375, 0.0]",
test/drowsy/A0538.raw,1,1,1,1,False,112.1234,"[255, 0]","[0.99609375, 0.0]",
test/drowsy/A0539.raw,1,1,1,1,False,83.2781,"[255, 0]","[0.99609375, 0.0]",
test/drowsy/A0540.raw,1,1,1,1,False,64.7173,"[255, 0]","[0.99609375, 0.0]",
test/drowsy/A0541.raw,1,1,1,1,False,62.2917,"[255, 0]","[0.99609375, 0.0]",
test/drowsy/A0542.raw,1,1,1,1,False,108.6266,"[255, 0]","[0.99609375, 0.0]",
test/drowsy/A0543.raw,1,1,1,1,False,94.7703,"[255, 0]","[0.99609375, 0.0]",
test/drowsy/A0544.raw,1,1,1,1,False,88.9688,"[255, 0]","[0.99609375, 0.0]",
test/drowsy/A0545.raw,1,1,1,1,False,115.264,"[255, 0]","[0.99609375, 0.0]",
test/drowsy/A0546.raw,1,1,1,1,False,91.0764,"[255, 0]","[0.99609375, 0.0]",
test/drowsy/A0547.raw,1,1,1,1,False,111.0427,"[255, 0]","[0.99609375, 0.0]",
test/drowsy/A0548.raw,1,1,1,1,False,77.2552,"[255, 0]","[0.99609375, 0.0]",
test/drowsy/A0549.raw,1,1,1,1,False,82.6479,"[255, 0]","[0.99609375, 0.0]",
test/drowsy/A0550.raw,1,1,1,1,False,116.5631,"[255, 0]","[0.99609375, 0.0]",
test/drowsy/A0551.raw,1,1,1,1,False,118.6244,"[255, 0]","[0.99609375, 0.0]",
test/drowsy/A0552.raw,1,1,1,1,False,114.9554,"[255, 0]","[0.99609375, 0.0]",
test/drowsy/A0553.raw,1,1,1,1,False,128.0599,"[255, 0]","[0.99609375, 0.0]",
test/drowsy/A0554.raw,1,1,1,1,False,128.1265,"[255, 0]","[0.99609375, 0.0]",
test/drowsy/A0555.raw,1,1,1,1,False,114.7837,"[255, 0]","[0.99609375, 0.0]",
test/drowsy/A0556.raw,1,1,1,1,False,70.7401,"[255, 0]","[0.99609375, 0.0]",
test/drowsy/A0557.raw,1,1,1,1,False,111.7178,"[255, 0]","[0.99609375, 0.0]",
test/drowsy/A0558.raw,1,1,1,1,False,92.8426,"[255, 0]","[0.99609375, 0.0]",
test/drowsy/A0559.raw,1,1,1,1,False,75.7389,"[255, 0]","[0.99609375, 0.0]",
test/drowsy/A0560.raw,1,1,1,1,False,91.1309,"[255, 0]","[0.99609375, 0.0]",
test/drowsy/A0561.raw,1,1,1,1,False,104.4957,"[255, 0]","[0.99609375, 0.0]",
test/drowsy/A0562.raw,1,1,1,1,False,106.177,"[255, 0]","[0.99609375, 0.0]",
test/drowsy/A0563.raw,1,1,1,1,False,100.6066,"[255, 0]","[0.99609375, 0.0]",
test/drowsy/A0564.raw,1,1,1,1,False,128.0703,"[255, 0]","[0.99609375, 0.0]",
test/drowsy/A0565.raw,1,1,1,1,False,81.4469,"[255, 0]","[0.99609375, 0.0]",
test/drowsy/A0566.raw,1,1,1,1,False,104.8839,"[255, 0]","[0.99609375, 0.0]",
test/drowsy/A0567.raw,1,1,1,1,False,120.2957,"[255, 0]","[0.99609375, 0.0]",
test/drowsy/A0568.raw,1,1,1,1,False,77.4858,"[255, 0]","[0.99609375, 0.0]",
test/drowsy/A0569.raw,1,1,1,1,False,115.1473,"[255, 0]","[0.99609375, 0.0]",
test/drowsy/A0570.raw,1,1,1,1,False,57.4827,"[255, 0]","[0.99609375, 0.0]",
test/drowsy/A0571.raw,1,1,1,1,False,119.0982,"[255, 0]","[0.99609375, 0.0]",
test/drowsy/A0572.raw,1,1,1,1,False,57.9378,"[255, 0]","[0.99609375, 0.0]",
test/drowsy/A0573.raw,1,1,1,1,False,99.319,"[255, 0]","[0.99609375, 0.0]",
test/drowsy/A0574.raw,1,1,1,1,False,89.1894,"[255, 0]","[0.99609375, 0.0]",
test/drowsy/A0575.raw,1,1,1,1,False,116.8043,"[255, 0]","[0.99609375, 0.0]",
test/drowsy/A0576.raw,1,1,1,1,False,112.448,"[255, 0]","[0.99609375, 0.0]",
test/drowsy/A0577.raw,1,1,1,1,False,77.215,"[255, 0]","[0.99609375, 0.0]",
test/drowsy/A0578.raw,1,1,1,1,False,104.2575,"[255, 0]","[0.99609375, 0.0]",
test/drowsy/A0579.raw,1,1,1,1,False,121.6539,"[255, 0]","[0.99609375, 0.0]",
test/drowsy/A0580.raw,1,1,1,1,False,77.6455,"[255, 0]","[0.99609375, 0.0]",
test/drowsy/A0581.raw,1,1,1,1,False,81.6816,"[255, 0]","[0.99609375, 0.0]",
test/drowsy/A0582.raw,1,1,1,1,False,51.4836,"[255, 0]","[0.99609375, 0.0]",
test/drowsy/A0583.raw,1,1,1,1,False,96.5191,"[255, 0]","[0.99609375, 0.0]",
test/drowsy/A0584.raw,1,1,1,1,False,89.2345,"[255, 0]","[0.99609375, 0.0]",
test/drowsy/A0585.raw,1,1,1,1,False,104.4107,"[255, 0]","[0.99609375, 0.0]",
test/drowsy/A0586.raw,1,1,1,1,False,89.6024,"[255, 0]","[0.99609375, 0.0]",
test/drowsy/A0587.raw,1,1,1,1,False,68.4058,"[255, 0]","[0.99609375, 0.0]",
test/drowsy/A0588.raw,1,1,1,1,False,54.802,"[255, 0]","[0.99609375, 0.0]",
test/drowsy/A0589.raw,1,1,1,1,False,53.952,"[255, 0]","[0.99609375, 0.0]",
test/drowsy/A0590.raw,1,1,1,1,False,52.5538,"[255, 0]","[0.99609375, 0.0]",
test/drowsy/A0591.raw,1,1,1,1,False,65.6947,"[255, 0]","[0.99609375, 0.0]",
test/drowsy/A0592.raw,1,1,1,1,False,68.8199,"[255, 0]","[0.99609375, 0.0]",
test/drowsy/A0593.raw,1,1,1,1,False,81.1668,"[255, 0]","[0.99609375, 0.0]",
test/drowsy/A0594.raw,1,1,1,1,False,67.8889,"[255, 0]","[0.99609375, 0.0]",
test/drowsy/A0595.raw,1,1,1,1,False,93.4633,"[255, 0]","[0.99609375, 0.0]",
test/drowsy/A0596.raw,1,1,1,1,False,74.2522,"[255, 0]","[0.99609375, 0.0]",
test/drowsy/A0597.raw,1,1,1,1,False,51.9853,"[255, 0]","[0.99609375, 0.0]",
test/drowsy/A0598.raw,1,1,1,1,False,83.5713,"[255, 0]","[0.99609375, 0.0]",
test/drowsy/A0599.raw,1,1,1,1,False,84.7331,"[255, 0]","[0.99609375, 0.0]",
test/drowsy/A0600.raw,1,1,1,1,False,108.2694,"[255, 0]","[0.99609375, 0.0]",
test/drowsy/A0601.raw,1,1,1,1,False,115.2422,"[255, 0]","[0.99609375, 0.0]",
test/drowsy/A0602.raw,1,1,1,1,False,80.403,"[255, 0]","[0.99609375, 0.0]",
test/drowsy/A0603.raw,1,1,1,1,False,102.6205,"[255, 0]","[0.99609375, 0.0]",
test/drowsy/A0604.raw,1,1,1,1,False,85.3399,"[255, 0]","[0.99609375, 0.0]",
test/drowsy/A0605.raw,1,1,1,1,False,70.3486,"[255, 0]","[0.99609375, 0.0]",
test/drowsy/A0606.raw,1,1,1,1,False,75.1701,"[255, 0]","[0.99609375, 0.0]",
test/drowsy/A0607.raw,1,1,1,1,False,87.0266,"[255, 0]","[0.99609375, 0.0]",
test/drowsy/A0608.raw,1,1,1,1,False,60.8297,"[255, 0]","[0.99609375, 0.0]",
test/drowsy/A0609.raw,1,1,1,1,False,67.7026,"[255, 0]","[0.99609375, 0.0]",
test/drowsy/A0610.raw,1,1,1,1,False,93.8711,"[255, 0]","[0.99609375, 0.0]",
test/drowsy/A0611.raw,1,1,1,1,False,121.9063,"[255, 0]","[0.99609375, 0.0]",
test/drowsy/A0612.raw,1,1,1,1,False,122.6858,"[255, 0]","[0.99609375, 0.0]",
test/drowsy/A0613.raw,1,1,1,1,False,103.7977,"[255, 0]","[0.99609375, 0.0]",
test/drowsy/A0614.raw,1,1,1,1,False,94.9361,"[255, 0]","[0.99609375, 0.0]",
test/drowsy/A0615.raw,1,1,1,1,False,119.6015,"[255, 0]","[0.99609375, 0.0]",
test/drowsy/A0616.raw,1,1,1,1,False,81.6016,"[255, 0]","[0.99609375, 0.0]",
test/drowsy/A0617.raw,1,1,1,1,False,81.394,"[255, 0]","[0.99609375, 0.0]",
test/drowsy/A0618.raw,1,1,1,1,False,82.3098,"[255, 0]","[0.99609375, 0.0]",
test/drowsy/A0619.raw,1,1,1,1,False,119.5556,"[255, 0]","[0.99609375, 0.0]",
test/drowsy/A0620.raw,1,1,1,1,False,99.4439,"[255, 0]","[0.99609375, 0.0]",
test/drowsy/A0621.raw,1,1,1,1,False,123.7992,"[255, 0]","[0.99609375, 0.0]",
test/drowsy/A0622.raw,1,1,1,1,False,107.6039,"[255, 0]","[0.99609375, 0.0]",
test/drowsy/A0623.raw,1,1,1,1,False,114.6845,"[255, 0]","[0.99609375, 0.0]",
test/drowsy/A0624.raw,1,1,1,1,False,96.3643,"[255, 0]","[0.99609375, 0.0]",
test/drowsy/A0625.raw,1,1,1,1,False,54.6109,"[255, 0]","[0.99609375, 0.0]",
test/drowsy/A0626.raw,1,1,1,1,False,71.4175,"[255, 0]","[0.99609375, 0.0]",
test/drowsy/A0627.raw,1,1,1,1,False,61.5235,"[255, 0]","[0.99609375, 0.0]",
test/drowsy/A0628.raw,1,1,1,1,False,105.8616,"[255, 0]","[0.99609375, 0.0]",
test/drowsy/A0629.raw,1,1,1,1,False,77.8051,"[255, 0]","[0.99609375, 0.0]",
test/drowsy/A0630.raw,1,1,1,1,False,79.8877,"[255, 0]","[0.99609375, 0.0]",
test/drowsy/A0631.raw,1,1,1,1,False,124.1061,"[255, 0]","[0.99609375, 0.0]",
test/drowsy/A0632.raw,1,1,1,1,False,93.4741,"[255, 0]","[0.99609375, 0.0]",
test/drowsy/A0633.raw,1,1,1,1,False,85.5041,"[255, 0]","[0.99609375, 0.0]",
test/drowsy/A0634.raw,1,1,1,1,False,82.7271,"[255, 0]","[0.99609375, 0.0]",
test/drowsy/A0635.raw,1,1,1,1,False,66.2703,"[255, 0]","[0.99609375, 0.0]",
test/drowsy/A0636.raw,1,1,1,1,False,119.6647,"[255, 0]","[0.99609375, 0.0]",
test/drowsy/A0637.raw,1,1,1,1,False,87.2741,"[255, 0]","[0.99609375, 0.0]",
test/drowsy/A0638.raw,1,1,1,1,False,52.0384,"[255, 0]","[0.99609375, 0.0]",
test/drowsy/A0639.raw,1,1,1,1,False,94.0499,"[255, 0]","[0.99609375, 0.0]",
test/drowsy/A0640.raw,1,1,1,1,False,96.0849,"[255, 0]","[0.99609375, 0.0]",
test/drowsy/A0641.raw,1,1,1,1,False,103.9429,"[255, 0]","[0.99609375, 0.0]",
test/drowsy/A0642.raw,1,1,1,1,False,115.7188,"[255, 0]","[0.99609375, 0.0]",
test/drowsy/A0643.raw,1,1,1,1,False,77.1921,"[255, 0]","[0.99609375, 0.0]",
test/drowsy/A0644.raw,1,1,1,1,False,118.6877,"[255, 0]","[0.99609375, 0.0]",
test/drowsy/A0645.raw,1,1,1,1,False,54.0852,"[255, 0]","[0.99609375, 0.0]",
test/drowsy/A0646.raw,1,1,1,1,False,79.1766,"[255, 0]","[0.99609375, 0.0]",
test/drowsy/A0647.raw,1,1,1,1,False,112.2121,"[255, 0]","[0.99609375, 0.0]",
test/drowsy/A0648.raw,1,1,1,1,False,98.9526,"[255, 0]","[0.99609375, 0.0]",
test/drowsy/A0649.raw,1,1,1,1,False,98.2344,"[255, 0]","[0.99609375, 0.0]",
test/drowsy/A0650.raw,1,1,1,1,False,99.5252,"[255, 0]","[0.99609375, 0.0]",
test/drowsy/A0651.raw,1,1,1,1,False,103.751,"[255, 0]","[0.99609375, 0.0]",
test/drowsy/A0652.raw,1,1,1,1,False,112.8135,"[255, 0]","[0.99609375, 0.0]",
test/drowsy/A0653.raw,1,1,1,1,False,60.4292,"[255, 0]","[0.99609375, 0.0]",
test/drowsy/A0654.raw,1,1,1,1,False,120.1276,"[255, 0]","[0.99609375, 0.0]",
test/drowsy/A0655.raw,1,1,1,1,False,61.0194,"[255, 0]","[0.99609375, 0.0]",
test/drowsy/A0656.raw,1,1,1,1,False,113.6877,"[255, 0]","[0.99609375, 0.0]",
test/drowsy/A0657.raw,1,1,1,1,False,69.2885,"[255, 0]","[0.99609375, 0.0]",
test/drowsy/A0658.raw,1,1,1,1,False,112.5522,"[255, 0]","[0.99609375, 0.0]",
test/drowsy/A0659.raw,1,1,1,1,False,59.0897,"[255, 0]","[0.99609375, 0.0]",
test/drowsy/A0660.raw,1,1,1,1,False,74.8977,"[255, 0]","[0.99609375, 0.0]",
test/drowsy/A0661.raw,1,1,1,1,False,81.8973,"[255, 0]","[0.99609375, 0.0]",
test/drowsy/A0662.raw,1,1,1,1,False,114.5925,"[255, 0]","[0.99609375, 0.0]",
test/drowsy/A0663.raw,1,1,1,1,False,87.0652,"[255, 0]","[0.99609375, 0.0]",
test/drowsy/A0664.raw,1,1,1,1,False,111.9729,"[255, 0]","[0.99609375, 0.0]",
test/drowsy/A0665.raw,1,1,1,1,False,105.6662,"[255, 0]","[0.99609375, 0.0]",
test/drowsy/A0666.raw,1,1,1,1,False,53.5562,"[255, 0]","[0.99609375, 0.0]",
test/drowsy/A0667.raw,1,1,1,1,False,87.3427,"[255, 0]","[0.99609375, 0.0]",
test/drowsy/A0668.raw,1,1,1,1,False,106.1985,"[255, 0]","[0.99609375, 0.0]",
test/drowsy/A0669.raw,1,1,1,1,False,75.2773,"[255, 0]","[0.99609375, 0.0]",
test/drowsy/A0670.raw,1,1,1,1,False,52.7098,"[255, 0]","[0.99609375, 0.0]",
test/drowsy/A0671.raw,1,1,1,1,False,54.4267,"[255, 0]","[0.99609375, 0.0]",
test/drowsy/A0672.raw,1,1,1,1,False,113.747,"[255, 0]","[0.99609375, 0.0]",
test/drowsy/A0673.raw,1,1,1,1,False,117.3265,"[255, 0]","[0.99609375, 0.0]",
test/drowsy/A0674.raw,1,1,1,1,False,56.7306,"[255, 0]","[0.99609375, 0.0]",
test/drowsy/A0675.raw,1,1,1,1,False,65.3615,"[255, 0]","[0.99609375, 0.0]",
test/drowsy/A0676.raw,1,1,1,1,False,79.4918,"[255, 0]","[0.99609375, 0.0]",
test/drowsy/A0677.raw,1,1,1,1,False,122.3677,"[255, 0]","[0.99609375, 0.0]",
test/drowsy/A0678.raw,1,1,1,1,False,57.484,"[255, 0]","[0.99609375, 0.0]",
test/drowsy/A0679.raw,1,1,1,1,False,112.39,"[255, 0]","[0.99609375, 0.0]",
test/drowsy/A0680.raw,1,1,1,1,False,106.4936,"[255, 0]","[0.99609375, 0.0]",
test/drowsy/A0681.raw,1,1,1,1,False,82.9012,"[255, 0]","[0.99609375, 0.0]",
test/drowsy/A0682.raw,1,1,1,1,False,107.2232,"[255, 0]","[0.99609375, 0.0]",
test/drowsy/A0683.raw,1,1,1,1,False,56.5432,"[255, 0]","[0.99609375, 0.0]",
test/drowsy/A0684.raw,1,1,1,1,False,105.6345,"[255, 0]","[0.99609375, 0.0]",
test/drowsy/A0685.raw,1,1,1,1,False,78.7081,"[255, 0]","[0.99609375, 0.0]",
test/drowsy/A0686.raw,1,1,1,1,False,96.9287,"[255, 0]","[0.99609375, 0.0]",
test/drowsy/A0687.raw,1,1,1,1,False,107.2241,"[255, 0]","[0.99609375, 0.0]",
test/drowsy/A0688.raw,1,1,1,1,False,126.9087,"[255, 0]","[0.99609375, 0.0]",
test/drowsy/A0689.raw,1,1,1,1,False,120.5086,"[255, 0]","[0.99609375, 0.0]",
test/drowsy/A0690.raw,1,1,1,1,False,85.9257,"[255, 0]","[0.99609375, 0.0]",
test/drowsy/A0691.raw,1,1,1,1,False,52.206,"[255, 0]","[0.99609375, 0.0]",
test/drowsy/A0692.raw,1,1,1,1,False,52.1428,"[255, 0]","[0.99609375, 0.0]",
test/drowsy/A0693.raw,1,1,1,1,False,51.8964,"[255, 0]","[0.99609375, 0.0]",
test/drowsy/A0694.raw,1,1,1,1,False,74.9206,"[255, 0]","[0.99609375, 0.0]",
test/drowsy/A0695.raw,1,1,1,1,False,84.7244,"[255, 0]","[0.99609375, 0.0]",
test/drowsy/A0696.raw,1,1,1,1,False,103.914,"[255, 0]","[0.99609375, 0.0]",
test/drowsy/A0697.raw,1,1,1,1,False,115.3994,"[255, 0]","[0.99609375, 0.0]",
test/drowsy/A0698.raw,1,1,1,1,False,114.1678,"[255, 0]","[0.99609375, 0.0]",
test/drowsy/A0699.raw,1,1,1,1,False,106.9279,"[255, 0]","[0.99609375, 0.0]",
test/drowsy/A0700.raw,1,1,1,1,False,69.0999,"[255, 0]","[0.99609375, 0.0]",
test/drowsy/A0701.raw,1,1,1,1,False,100.629,"[255, 0]","[0.99609375, 0.0]",
test/drowsy/A0702.raw,1,1,1,1,False,96.3534,"[255, 0]","[0.99609375, 0.0]",
test/drowsy/A0703.raw,1,1,1,1,False,96.597,"[255, 0]","[0.99609375, 0.0]",
test/drowsy/A0704.raw,1,1,1,1,False,86.5021,"[255, 0]","[0.99609375, 0.0]",
test/drowsy/A0705.raw,1,1,1,1,False,95.5948,"[255, 0]","[0.99609375, 0.0]",
test/drowsy/A0706.raw,1,1,1,1,False,117.9772,"[255, 0]","[0.99609375, 0.0]",
test/drowsy/A0707.raw,1,1,1,1,False,123.6275,"[255, 0]","[0.99609375, 0.0]",
test/drowsy/A0708.raw,1,1,1,1,False,100.5,"[255, 0]","[0.99609375, 0.0]",
test/drowsy/A0709.raw,1,1,1,1,False,87.4923,"[255, 0]","[0.99609375, 0.0]",
test/drowsy/A0710.raw,1,1,1,1,False,70.6382,"[255, 0]","[0.99609375, 0.0]",
test/drowsy/A0711.raw,1,1,1,1,False,90.4627,"[255, 0]","[0.99609375, 0.0]",
test/drowsy/A0712.raw,1,1,1,1,False,51.3936,"[255, 0]","[0.99609375, 0.0]",
test/drowsy/A0713.raw,1,1,1,1,False,108.8141,"[255, 0]","[0.99609375, 0.0]",
test/drowsy/A0714.raw,1,1,1,1,False,108.0946,"[255, 0]","[0.99609375, 0.0]",
test/drowsy/A0715.raw,1,1,1,1,False,108.1816,"[255, 0]","[0.99609375, 0.0]",
test/drowsy/A0716.raw,1,1,1,1,False,76.3476,"[255, 0]","[0.99609375, 0.0]",
test/drowsy/A0717.raw,1,1,1,1,False,51.7984,"[255, 0]","[0.99609375, 0.0]",
test/drowsy/A0718.raw,1,1,1,1,False,76.6363,"[255, 0]","[0.99609375, 0.0]",
test/drowsy/A0719.raw,1,1,1,1,False,106.1298,"[255, 0]","[0.99609375, 0.0]",
test/drowsy/A0720.raw,1,1,1,1,False,125.7358,"[255, 0]","[0.99609375, 0.0]",
test/drowsy/A0721.raw,1,1,1,1,False,88.4329,"[255, 0]","[0.99609375, 0.0]",
test/drowsy/A0722.raw,1,1,1,1,False,82.3531,"[255, 0]","[0.99609375, 0.0]",
test/drowsy/A0723.raw,1,1,1,1,False,87.288,"[255, 0]","[0.99609375, 0.0]",
test/drowsy/A0724.raw,1,1,1,1,False,120.4838,"[255, 0]","[0.99609375, 0.0]",
test/drowsy/A0725.raw,1,1,1,1,False,115.1196,"[255, 0]","[0.99609375, 0.0]",
test/drowsy/A0726.raw,1,1,1,1,False,106.9731,"[255, 0]","[0.99609375, 0.0]",
test/drowsy/A0727.raw,1,1,1,1,False,98.121,"[255, 0]","[0.99609375, 0.0]",
test/drowsy/A0728.raw,1,1,1,1,False,51.4131,"[255, 0]","[0.99609375, 0.0]",
test/drowsy/A0729.raw,1,1,1,1,False,110.3607,"[255, 0]","[0.99609375, 0.0]",
test/drowsy/A0730.raw,1,1,1,1,False,116.9691,"[255, 0]","[0.99609375, 0.0]",
test/drowsy/A0731.raw,1,1,1,1,False,92.2935,"[255, 0]","[0.99609375, 0.0]",
test/drowsy/A0732.raw,1,1,1,1,False,53.2837,"[255, 0]","[0.99609375, 0.0]",
test/drowsy/A0733.raw,1,1,1,1,False,112.2248,"[255, 0]","[0.99609375, 0.0]",
test/drowsy/A0734.raw,1,1,1,1,False,104.5617,"[255, 0]","[0.99609375, 0.0]",
test/drowsy/A0735.raw,1,1,1,1,False,105.9527,"[255, 0]","[0.99609375, 0.0]",
test/drowsy/A0736.raw,1,1,1,1,False,103.2422,"[255, 0]","[0.99609375, 0.0]",
test/drowsy/A0737.raw,1,1,1,1,False,123.7825,"[255, 0]","[0.99609375, 0.0]",
test/drowsy/A0738.raw,1,1,1,1,False,119.6248,"[255, 0]","[0.99609375, 0.0]",
test/drowsy/A0739.raw,1,1,1,1,False,115.8535,"[255, 0]","[0.99609375, 0.0]",
test/drowsy/A0740.raw,1,1,1,1,False,75.5305,"[255, 0]","[0.99609375, 0.0]",
test/drowsy/A0741.raw,1,1,1,1,False,56.0379,"[255, 0]","[0.99609375, 0.0]",
test/drowsy/A0742.raw,1,1,1,1,False,88.6773,"[255, 0]","[0.99609375, 0.0]",
test/drowsy/A0743.raw,1,1,1,1,False,91.7621,"[255, 0]","[0.99609375, 0.0]",
test/drowsy/A0744.raw,1,1,1,1,False,73.1025,"[255, 0]","[0.99609375, 0.0]",
test/drowsy/A0745.raw,1,1,1,1,False,72.1573,"[255, 0]","[0.99609375, 0.0]",
test/drowsy/A0746.raw,1,1,1,1,False,75.9919,"[255, 0]","[0.99609375, 0.0]",
test/drowsy/A0747.raw,1,1,1,1,False,108.0276,"[255, 0]","[0.99609375, 0.0]",
test/drowsy/A0748.raw,1,1,1,1,False,109.503,"[255, 0]","[0.99609375, 0.0]",
test/drowsy/A0749.raw,1,1,1,1,False,96.4474,"[255, 0]","[0.99609375, 0.0]",
test/drowsy/A0750.raw,1,1,1,1,False,121.3158,"[255, 0]","[0.99609375, 0.0]",
test/drowsy/A0751.raw,1,1,1,1,False,86.2446,"[255, 0]","[0.99609375, 0.0]",
test/drowsy/A0752.raw,1,1,1,1,False,114.139,"[255, 0]","[0.99609375, 0.0]",
test/drowsy/A0753.raw,1,1,1,1,False,113.6636,"[255, 0]","[0.99609375, 0.0]",
test/drowsy/A0754.raw,1,1,1,1,False,101.9472,"[255, 0]","[0.99609375, 0.0]",
test/drowsy/A0755.raw,1,1,1,1,False,120.3936,"[255, 0]","[0.99609375, 0.0]",
test/drowsy/A0756.raw,1,1,1,1,False,88.7314,"[255, 0]","[0.99609375, 0.0]",
test/drowsy/A0757.raw,1,1,1,1,False,117.0281,"[255, 0]","[0.99609375, 0.0]",
test/drowsy/A0758.raw,1,1,1,1,False,107.6323,"[255, 0]","[0.99609375, 0.0]",
test/drowsy/A0759.raw,1,1,1,1,False,77.5853,"[255, 0]","[0.99609375, 0.0]",
test/drowsy/A0760.raw,1,1,1,1,False,79.491,"[255, 0]","[0.99609375, 0.0]",
test/drowsy/A0761.raw,1,1,1,1,False,72.465,"[255, 0]","[0.99609375, 0.0]",
test/drowsy/A0762.raw,1,1,1,1,False,64.6134,"[255, 0]","[0.99609375, 0.0]",
test/drowsy/A0763.raw,1,1,1,1,False,55.4582,"[255, 0]","[0.99609375, 0.0]",
test/drowsy/A0764.raw,1,1,1,1,False,51.6792,"[255, 0]","[0.99609375, 0.0]",
test/drowsy/A0765.raw,1,1,1,1,False,97.7141,"[255, 0]","[0.99609375, 0.0]",
test/drowsy/A0766.raw,1,1,1,1,False,107.0742,"[255, 0]","[0.99609375, 0.0]",
test/drowsy/A0767.raw,1,1,1,1,False,108.3218,"[255, 0]","[0.99609375, 0.0]",
test/drowsy/A0768.raw,1,1,1,1,False,80.5743,"[255, 0]","[0.99609375, 0.0]",
test/drowsy/A0769.raw,1,1,1,1,False,81.3682,"[255, 0]","[0.99609375, 0.0]",
test/drowsy/A0770.raw,1,1,1,1,False,113.6598,"[255, 0]","[0.99609375, 0.0]",
test/drowsy/A0771.raw,1,1,1,1,False,105.0265,"[255, 0]","[0.99609375, 0.0]",
test/drowsy/A0772.raw,1,1,1,1,False,112.3303,"[255, 0]","[0.99609375, 0.0]",
test/drowsy/A0773.raw,1,1,1,1,False,74.6067,"[255, 0]","[0.99609375, 0.0]",
test/drowsy/A0774.raw,1,1,1,1,False,60.622,"[255, 0]","[0.99609375, 0.0]",
test/drowsy/A0775.raw,1,1,1,1,False,71.6573,"[255, 0]","[0.99609375, 0.0]",
test/drowsy/A0776.raw,1,1,1,1,False,102.9057,"[255, 0]","[0.99609375, 0.0]",
test/drowsy/A0777.raw,1,1,1,1,False,91.5567,"[255, 0]","[0.99609375, 0.0]",
test/drowsy/A0778.raw,1,1,1,1,False,89.6267,"[255, 0]","[0.99609375, 0.0]",
test/drowsy/A0779.raw,1,1,1,1,False,105.491,"[255, 0]","[0.99609375, 0.0]",
test/drowsy/A0780.raw,1,1,1,1,False,75.5166,"[255, 0]","[0.99609375, 0.0]",
test/drowsy/A0781.raw,1,1,1,1,False,51.9592,"[255, 0]","[0.99609375, 0.0]",
test/drowsy/A0782.raw,1,1,1,1,False,79.5203,"[255, 0]","[0.99609375, 0.0]",
test/drowsy/A0783.raw,1,1,1,1,False,78.2267,"[255, 0]","[0.99609375, 0.0]",
test/drowsy/A0784.raw,1,1,1,1,False,117.7224,"[255, 0]","[0.99609375, 0.0]",
test/drowsy/A0785.raw,1,1,1,1,False,119.6259,"[255, 0]","[0.99609375, 0.0]",
test/drowsy/A0786.raw,1,1,1,1,False,116.3075,"[255, 0]","[0.99609375, 0.0]",
test/drowsy/A0787.raw,1,1,1,1,False,86.4042,"[255, 0]","[0.99609375, 0.0]",
test/drowsy/A0788.raw,1,1,1,1,False,107.8592,"[255, 0]","[0.99609375, 0.0]",
test/drowsy/A0789.raw,1,1,1,1,False,98.3309,"[255, 0]","[0.99609375, 0.0]",
test/drowsy/A0790.raw,1,1,1,1,False,87.5905,"[255, 0]","[0.99609375, 0.0]",
test/drowsy/A0791.raw,1,1,1,1,False,81.0345,"[255, 0]","[0.99609375, 0.0]",
test/drowsy/A0792.raw,1,1,1,1,False,95.2725,"[255, 0]","[0.99609375, 0.0]",
test/drowsy/A0793.raw,1,1,1,1,False,96.1875,"[255, 0]","[0.99609375, 0.0]",
test/drowsy/A0794.raw,1,1,1,1,False,104.5324,"[255, 0]","[0.99609375, 0.0]",
test/drowsy/A0795.raw,1,1,1,1,False,101.6267,"[255, 0]","[0.99609375, 0.0]",
test/drowsy/A0796.raw,1,1,1,1,False,79.4809,"[255, 0]","[0.99609375, 0.0]",
test/drowsy/A0797.raw,1,1,1,1,False,80.7035,"[255, 0]","[0.99609375, 0.0]",
test/drowsy/A0798.raw,1,1,1,1,False,97.5941,"[255, 0]","[0.99609375, 0.0]",
test/drowsy/A0799.raw,1,1,1,1,False,100.3482,"[255, 0]","[0.99609375, 0.0]",
test/drowsy/A0800.raw,1,1,1,1,False,64.0041,"[255, 0]","[0.99609375, 0.0]",
test/drowsy/A0801.raw,1,1,1,1,False,82.9184,"[255, 0]","[0.99609375, 0.0]",
test/drowsy/A0802.raw,1,1,1,1,False,114.5599,"[255, 0]","[0.99609375, 0.0]",
test/drowsy/A0803.raw,1,1,1,1,False,55.291,"[255, 0]","[0.99609375, 0.0]",
test/drowsy/A0804.raw,1,1,1,1,False,52.7852,"[255, 0]","[0.99609375, 0.0]",
test/drowsy/A0805.raw,1,1,1,1,False,52.5105,"[255, 0]","[0.99609375, 0.0]",
test/drowsy/A0806.raw,1,1,1,1,False,71.4289,"[255, 0]","[0.99609375, 0.0]",
test/drowsy/A0807.raw,1,1,1,1,False,111.6626,"[255, 0]","[0.99609375, 0.0]",
test/drowsy/A0808.raw,1,1,1,1,False,61.7628,"[255, 0]","[0.99609375, 0.0]",
test/drowsy/A0809.raw,1,1,1,1,False,83.8437,"[255, 0]","[0.99609375, 0.0]",
test/drowsy/A0810.raw,1,1,1,1,False,76.9028,"[255, 0]","[0.99609375, 0.0]",
test/drowsy/A0811.raw,1,1,1,1,False,97.9902,"[255, 0]","[0.99609375, 0.0]",
test/drowsy/A0812.raw,1,1,1,1,False,85.4338,"[255, 0]","[0.99609375, 0.0]",
test/drowsy/A0813.raw,1,1,1,1,False,84.9994,"[255, 0]","[0.99609375, 0.0]",
test/drowsy/A0814.raw,1,1,1,1,False,78.1642,"[255, 0]","[0.99609375, 0.0]",
test/drowsy/A0815.raw,1,1,1,1,False,99.18,"[255, 0]","[0.99609375, 0.0]",
test/drowsy/A0816.raw,1,1,1,1,False,66.431,"[255, 0]","[0.99609375, 0.0]",
test/drowsy/A0817.raw,1,1,1,1,False,51.3614,"[255, 0]","[0.99609375, 0.0]",
test/drowsy/A0818.raw,1,1,1,1,False,114.5271,"[255, 0]","[0.99609375, 0.0]",
test/drowsy/A0819.raw,1,1,1,1,False,107.0251,"[255, 0]","[0.99609375, 0.0]",
test/drowsy/A0820.raw,1,1,1,1,False,83.8817,"[255, 0]","[0.99609375, 0.0]",
test/drowsy/A0821.raw,1,1,1,1,False,119.394,"[255, 0]","[0.99609375, 0.0]",
test/drowsy/A0822.raw,1,1,1,1,False,106.0236,"[255, 0]","[0.99609375, 0.0]",
test/drowsy/A0823.raw,1,1,1,1,False,83.2755,"[255, 0]","[0.99609375, 0.0]",
test/drowsy/A0824.raw,1,1,1,1,False,113.6998,"[255, 0]","[0.99609375, 0.0]",
test/drowsy/A0825.raw,1,1,1,1,False,110.8581,"[255, 0]","[0.99609375, 0.0]",
test/drowsy/A0826.raw,1,1,1,1,False,104.2303,"[255, 0]","[0.99609375, 0.0]",
test/drowsy/A0827.raw,1,1,1,1,False,80.5893,"[255, 0]","[0.99609375, 0.0]",
test/drowsy/A0828.raw,1,1,1,1,False,112.945,"[255, 0]","[0.99609375, 0.0]",
test/drowsy/A0829.raw,1,1,1,1,False,86.1987,"[255, 0]","[0.99609375, 0.0]",
test/drowsy/A0830.raw,1,1,1,1,False,79.8275,"[255, 0]","[0.99609375, 0.0]",
test/drowsy/A0831.raw,1,1,1,1,False,102.2893,"[255, 0]","[0.99609375, 0.0]",
test/drowsy/A0832.raw,1,1,1,1,False,93.8784,"[255, 0]","[0.99609375, 0.0]",
test/drowsy/A0833.raw,1,1,1,1,False,97.1427,"[255, 0]","[0.99609375, 0.0]",
test/drowsy/A0834.raw,1,1,1,1,False,79.0077,"[255, 0]","[0.99609375, 0.0]",
test/drowsy/A0835.raw,1,1,1,1,False,115.4983,"[255, 0]","[0.99609375, 0.0]",
test/drowsy/A0836.raw,1,1,1,1,False,84.2452,"[255, 0]","[0.99609375, 0.0]",
test/drowsy/A0837.raw,1,1,1,1,False,121.7847,"[255, 0]","[0.99609375, 0.0]",
test/drowsy/A0838.raw,1,1,1,1,False,98.9197,"[255, 0]","[0.99609375, 0.0]",
test/drowsy/A0839.raw,1,1,1,1,False,119.2581,"[255, 0]","[0.99609375, 0.0]",
test/drowsy/A0840.raw,1,1,1,1,False,122.9852,"[255, 0]","[0.99609375, 0.0]",
test/drowsy/A0841.raw,1,1,1,1,False,108.3848,"[255, 0]","[0.99609375, 0.0]",
test/drowsy/A0842.raw,1,1,1,1,False,83.0878,"[255, 0]","[0.99609375, 0.0]",
test/drowsy/A0843.raw,1,1,1,1,False,52.1507,"[255, 0]","[0.99609375, 0.0]",
test/drowsy/A0844.raw,1,1,1,1,False,107.6709,"[255, 0]","[0.99609375, 0.0]",
test/drowsy/A0845.raw,1,1,1,1,False,103.4759,"[255, 0]","[0.99609375, 0.0]",
test/drowsy/A0846.raw,1,1,1,1,False,101.0746,"[255, 0]","[0.99609375, 0.0]",
test/drowsy/A0847.raw,1,1,1,1,False,81.1558,"[255, 0]","[0.99609375, 0.0]",
test/drowsy/A0848.raw,1,1,1,1,False,55.6346,"[255, 0]","[0.99609375, 0.0]",
test/drowsy/A0849.raw,1,1,1,1,False,99.6526,"[255, 0]","[0.99609375, 0.0]",
test/drowsy/A0850.raw,1,1,1,1,False,85.1332,"[255, 0]","[0.99609375, 0.0]",
test/drowsy/A0851.raw,1,1,1,1,False,122.7473,"[255, 0]","[0.99609375, 0.0]",
test/drowsy/A0852.raw,1,1,1,1,False,95.7508,"[255, 0]","[0.99609375, 0.0]",
test/drowsy/A0853.raw,1,1,1,1,False,53.318,"[255, 0]","[0.99609375, 0.0]",
test/drowsy/A0854.raw,1,1,1,1,False,53.3759,"[255, 0]","[0.99609375, 0.0]",
test/drowsy/A0855.raw,1,1,1,1,False,80.9886,"[255, 0]","[0.99609375, 0.0]",
test/drowsy/A0856.raw,1,1,1,1,False,97.2621,"[255, 0]","[0.99609375, 0.0]",
test/drowsy/A0857.raw,1,1,1,1,False,109.9239,"[255, 0]","[0.99609375, 0.0]",
test/drowsy/A0858.raw,1,1,1,1,False,117.8302,"[255, 0]","[0.99609375, 0.0]",
test/drowsy/A0859.raw,1,1,1,1,False,66.1005,"[255, 0]","[0.99609375, 0.0]",
test/drowsy/A0860.raw,1,1,1,1,False,110.897,"[255, 0]","[0.99609375, 0.0]",
test/drowsy/A0861.raw,1,1,1,1,False,115.744,"[255, 0]","[0.99609375, 0.0]",
test/drowsy/A0862.raw,1,1,1,1,False,53.4603,"[255, 0]","[0.99609375, 0.0]",
test/drowsy/A0863.raw,1,1,1,1,False,98.8685,"[255, 0]","[0.99609375, 0.0]",
test/drowsy/A0864.raw,1,1,1,1,False,58.5115,"[255, 0]","[0.99609375, 0.0]",
test/drowsy/A0865.raw,1,1,1,1,False,77.3057,"[255, 0]","[0.99609375, 0.0]",
test/drowsy/A0866.raw,1,1,1,1,False,119.688,"[255, 0]","[0.99609375, 0.0]",
test/drowsy/A0867.raw,1,1,1,1,False,58.4361,"[255, 0]","[0.99609375, 0.0]",
test/drowsy/A0868.raw,1,1,1,1,False,52.6013,"[255, 0]","[0.99609375, 0.0]",
test/drowsy/A0869.raw,1,1,1,1,False,80.8714,"[255, 0]","[0.99609375, 0.0]",
test/drowsy/A0870.raw,1,1,1,1,False,100.3628,"[255, 0]","[0.99609375, 0.0]",
test/drowsy/A0871.raw,1,1,1,1,False,99.5756,"[255, 0]","[0.99609375, 0.0]",
test/drowsy/A0872.raw,1,1,1,1,False,112.7456,"[255, 0]","[0.99609375, 0.0]",
test/drowsy/A0873.raw,1,1,1,1,False,73.457,"[255, 0]","[0.99609375, 0.0]",
test/drowsy/A0874.raw,1,1,1,1,False,73.8827,"[255, 0]","[0.99609375, 0.0]",
test/drowsy/A0875.raw,1,1,1,1,False,93.6058,"[255, 0]","[0.99609375, 0.0]",
test/drowsy/A0876.raw,1,1,1,1,False,57.4334,"[255, 0]","[0.99609375, 0.0]",
test/drowsy/A0877.raw,1,1,1,1,False,81.5707,"[255, 0]","[0.99609375, 0.0]",
test/drowsy/A0878.raw,1,1,1,1,False,56.7175,"[255, 0]","[0.99609375, 0.0]",
test/drowsy/A0879.raw,1,1,1,1,False,80.1823,"[255, 0]","[0.99609375, 0.0]",
test/drowsy/A0880.raw,1,1,1,1,False,68.6087,"[255, 0]","[0.99609375, 0.0]",
test/drowsy/A0881.raw,1,1,1,1,False,100.6167,"[255, 0]","[0.99609375, 0.0]",
test/drowsy/A0882.raw,1,1,1,1,False,82.3102,"[255, 0]","[0.99609375, 0.0]",
test/drowsy/A0883.raw,1,1,1,1,False,51.542,"[255, 0]","[0.99609375, 0.0]",
test/drowsy/A0884.raw,1,1,1,1,False,68.861,"[255, 0]","[0.99609375, 0.0]",
test/drowsy/A0885.raw,1,1,1,1,False,101.221,"[255, 0]","[0.99609375, 0.0]",
test/drowsy/A0886.raw,1,1,1,1,False,103.8722,"[255, 0]","[0.99609375, 0.0]",
test/drowsy/A0887.raw,1,1,1,1,False,64.9217,"[255, 0]","[0.99609375, 0.0]",
test/drowsy/A0888.raw,1,1,1,1,False,55.8669,"[255, 0]","[0.99609375, 0.0]",
test/drowsy/A0889.raw,1,1,1,1,False,100.5327,"[255, 0]","[0.99609375, 0.0]",
test/drowsy/A0890.raw,1,1,1,1,False,108.1023,"[255, 0]","[0.99609375, 0.0]",
test/drowsy/A0891.raw,1,1,1,1,False,88.5581,"[255, 0]","[0.99609375, 0.0]",
test/drowsy/A0892.raw,1,1,1,1,False,80.1052,"[255, 0]","[0.99609375, 0.0]",
test/drowsy/A0893.raw,1,1,1,1,False,128.4076,"[255, 0]","[0.99609375, 0.0]",
test/drowsy/A0894.raw,1,1,1,1,False,89.9404,"[255, 0]","[0.99609375, 0.0]",
test/drowsy/A0895.raw,1,1,1,1,False,93.4701,"[255, 0]","[0.99609375, 0.0]",
test/drowsy/A0896.raw,1,1,1,1,False,102.9085,"[255, 0]","[0.99609375, 0.0]",
test/drowsy/A0897.raw,1,1,1,1,False,53.426,"[255, 0]","[0.99609375, 0.0]",
test/drowsy/A0898.raw,1,1,1,1,False,103.4028,"[255, 0]","[0.99609375, 0.0]",
test/drowsy/A0899.raw,1,1,1,1,False,56.8322,"[255, 0]","[0.99609375, 0.0]",
test/drowsy/A0900.raw,1,1,1,1,False,96.5648,"[255, 0]","[0.99609375, 0.0]",
test/drowsy/A0901.raw,1,1,1,1,False,96.0987,"[255, 0]","[0.99609375, 0.0]",
test/drowsy/A0902.raw,1,1,1,1,False,78.2829,"[255, 0]","[0.99609375, 0.0]",
test/drowsy/A0903.raw,1,1,1,1,False,124.5434,"[255, 0]","[0.99609375, 0.0]",
test/drowsy/A0904.raw,1,1,1,1,False,113.3803,"[255, 0]","[0.99609375, 0.0]",
test/drowsy/A0905.raw,1,1,1,1,False,59.1411,"[255, 0]","[0.99609375, 0.0]",
test/drowsy/A0906.raw,1,1,1,1,False,73.8351,"[255, 0]","[0.99609375, 0.0]",
test/drowsy/A0907.raw,1,1,1,1,False,99.8957,"[255, 0]","[0.99609375, 0.0]",
test/drowsy/A0908.raw,1,1,1,1,False,59.5374,"[255, 0]","[0.99609375, 0.0]",
test/drowsy/A0909.raw,1,1,1,1,False,52.4841,"[255, 0]","[0.99609375, 0.0]",
test/drowsy/A0910.raw,1,1,1,1,False,67.8809,"[255, 0]","[0.99609375, 0.0]",
test/drowsy/A0911.raw,1,1,1,1,False,80.765,"[255, 0]","[0.99609375, 0.0]",
test/drowsy/A0912.raw,1,1,1,1,False,72.3897,"[255, 0]","[0.99609375, 0.0]",
test/drowsy/A0913.raw,1,1,1,1,False,115.0496,"[255, 0]","[0.99609375, 0.0]",
test/drowsy/A0914.raw,1,1,1,1,False,91.2966,"[255, 0]","[0.99609375, 0.0]",
test/drowsy/A0915.raw,1,1,1,1,False,78.655,"[255, 0]","[0.99609375, 0.0]",
test/drowsy/A0916.raw,1,1,1,1,False,95.6785,"[255, 0]","[0.99609375, 0.0]",
test/drowsy/A0917.raw,1,1,1,1,False,84.1773,"[255, 0]","[0.99609375, 0.0]",
test/drowsy/A0918.raw,1,1,1,1,False,105.5798,"[255, 0]","[0.99609375, 0.0]",
test/drowsy/A0919.raw,1,1,1,1,False,91.1947,"[255, 0]","[0.99609375, 0.0]",
test/drowsy/A0920.raw,1,1,1,1,False,105.472,"[255, 0]","[0.99609375, 0.0]",
test/drowsy/A0921.raw,1,1,1,1,False,86.4048,"[255, 0]","[0.99609375, 0.0]",
test/drowsy/A0922.raw,1,1,1,1,False,102.0012,"[255, 0]","[0.99609375, 0.0]",
test/drowsy/A0923.raw,1,1,1,1,False,99.6378,"[255, 0]","[0.99609375, 0.0]",
test/drowsy/A0924.raw,1,1,1,1,False,62.5305,"[255, 0]","[0.99609375, 0.0]",
test/drowsy/A0925.raw,1,1,1,1,False,118.471,"[255, 0]","[0.99609375, 0.0]",
test/drowsy/A0926.raw,1,1,1,1,False,106.4123,"[255, 0]","[0.99609375, 0.0]",
test/drowsy/A0927.raw,1,1,1,1,False,94.9127,"[255, 0]","[0.99609375, 0.0]",
test/drowsy/A0928.raw,1,1,1,1,False,82.5767,"[255, 0]","[0.99609375, 0.0]",
test/drowsy/A0929.raw,1,1,1,1,False,94.4029,"[255, 0]","[0.99609375, 0.0]",
test/drowsy/A0930.raw,1,1,1,1,False,94.0833,"[255, 0]","[0.99609375, 0.0]",
test/drowsy/A0931.raw,1,1,1,1,False,80.8726,"[255, 0]","[0.99609375, 0.0]",
test/drowsy/A0932.raw,1,1,1,1,False,125.1601,"[255, 0]","[0.99609375, 0.0]",
test/drowsy/A0933.raw,1,1,1,1,False,54.3879,"[255, 0]","[0.99609375, 0.0]",
test/drowsy/A0934.raw,1,1,1,1,False,80.4307,"[255, 0]","[0.99609375, 0.0]",
test/drowsy/A0935.raw,1,1,1,1,False,106.507,"[255, 0]","[0.99609375, 0.0]",
test/drowsy/A0936.raw,1,1,1,1,False,89.3135,"[255, 0]","[0.99609375, 0.0]",
test/drowsy/A0937.raw,1,1,1,1,False,76.6053,"[255, 0]","[0.99609375, 0.0]",
test/drowsy/A0938.raw,1,1,1,1,False,101.5414,"[255, 0]","[0.99609375, 0.0]",
test/drowsy/A0939.raw,1,1,1,1,False,96.3418,"[255, 0]","[0.99609375, 0.0]",
test/drowsy/A0940.raw,1,1,1,1,False,107.4082,"[255, 0]","[0.99609375, 0.0]",
test/drowsy/A0941.raw,1,1,1,1,False,95.1424,"[255, 0]","[0.99609375, 0.0]",
test/drowsy/A0942.raw,1,1,1,1,False,113.9205,"[255, 0]","[0.99609375, 0.0]",
test/drowsy/A0943.raw,1,1,1,1,False,107.7877,"[255, 0]","[0.99609375, 0.0]",
test/drowsy/A0944.raw,1,1,1,1,False,111.2173,"[255, 0]","[0.99609375, 0.0]",
test/drowsy/A0947.raw,1,1,1,1,False,123.4842,"[255, 0]","[0.99609375, 0.0]",
test/drowsy/A0948.raw,1,1,1,1,False,113.3792,"[255, 0]","[0.99609375, 0.0]",
test/drowsy/A0949.raw,1,1,1,1,False,103.7157,"[255, 0]","[0.99609375, 0.0]",
test/drowsy/A0950.raw,1,1,1,1,False,62.3545,"[255, 0]","[0.99609375, 0.0]",
test/drowsy/A0951.raw,1,1,1,1,False,55.8477,"[255, 0]","[0.99609375, 0.0]",
test/drowsy/A0952.raw,1,1,1,1,False,73.1243,"[255, 0]","[0.99609375, 0.0]",
test/drowsy/A0953.raw,1,1,1,1,False,105.9516,"[255, 0]","[0.99609375, 0.0]",
test/drowsy/A0954.raw,1,1,1,1,False,54.6322,"[255, 0]","[0.99609375, 0.0]",
test/drowsy/A0955.raw,1,1,1,1,False,81.7771,"[255, 0]","[0.99609375, 0.0]",
test/drowsy/A0956.raw,1,1,1,1,False,87.8451,"[255, 0]","[0.99609375, 0.0]",
test/drowsy/A0957.raw,1,1,1,1,False,122.5724,"[255, 0]","[0.99609375, 0.0]",
test/drowsy/A0958.raw,1,1,1,1,False,99.4644,"[255, 0]","[0.99609375, 0.0]",
test/drowsy/A0959.raw,1,1,1,1,False,100.2962,"[255, 0]","[0.99609375, 0.0]",
test/drowsy/A0960.raw,1,1,1,1,False,95.1736,"[255, 0]","[0.99609375, 0.0]",
test/drowsy/A0961.raw,1,1,1,1,False,86.866,"[255, 0]","[0.99609375, 0.0]",
test/drowsy/A0962.raw,1,1,1,1,False,76.3755,"[255, 0]","[0.99609375, 0.0]",
test/drowsy/A0963.raw,1,1,1,1,False,77.6361,"[255, 0]","[0.99609375, 0.0]",
test/drowsy/A0964.raw,1,1,1,1,False,109.9964,"[255, 0]","[0.99609375, 0.0]",
test/drowsy/A0965.raw,1,1,1,1,False,54.538,"[255, 0]","[0.99609375, 0.0]",
test/drowsy/A0966.raw,1,1,1,1,False,51.605,"[255, 0]","[0.99609375, 0.0]",
test/drowsy/A0967.raw,1,1,1,1,False,81.8056,"[255, 0]","[0.99609375, 0.0]",
test/drowsy/A0968.raw,1,1,1,1,False,51.5522,"[255, 0]","[0.99609375, 0.0]",
test/drowsy/A0969.raw,1,1,1,1,False,52.8011,"[255, 0]","[0.99609375, 0.0]",
test/drowsy/A0970.raw,1,1,1,1,False,120.5101,"[255, 0]","[0.99609375, 0.0]",
test/drowsy/A0971.raw,1,1,1,1,False,76.2388,"[255, 0]","[0.99609375, 0.0]",
test/drowsy/A0972.raw,1,1,1,1,False,101.6054,"[255, 0]","[0.99609375, 0.0]",
test/drowsy/A0973.raw,1,1,1,1,False,117.8357,"[255, 0]","[0.99609375, 0.0]",
test/drowsy/A0974.raw,1,1,1,1,False,97.3351,"[255, 0]","[0.99609375, 0.0]",
test/drowsy/A0975.raw,1,1,1,1,False,53.8963,"[255, 0]","[0.99609375, 0.0]",
test/drowsy/A0976.raw,1,1,1,1,False,63.6187,"[255, 0]","[0.99609375, 0.0]",
test/drowsy/A0977.raw,1,1,1,1,False,115.6521,"[255, 0]","[0.99609375, 0.0]",
test/drowsy/A0978.raw,1,1,1,1,False,53.088,"[255, 0]","[0.99609375, 0.0]",
test/drowsy/A0979.raw,1,1,1,1,False,69.689,"[255, 0]","[0.99609375, 0.0]",
test/drowsy/A0980.raw,1,1,1,1,False,88.0625,"[255, 0]","[0.99609375, 0.0]",
test/drowsy/A0981.raw,1,1,1,1,False,86.3033,"[255, 0]","[0.99609375, 0.0]",
test/drowsy/A0982.raw,1,1,1,1,False,53.6219,"[255, 0]","[0.99609375, 0.0]",
test/drowsy/A0983.raw,1,1,1,1,False,103.3622,"[255, 0]","[0.99609375, 0.0]",
test/drowsy/A0984.raw,1,1,1,1,False,95.2622,"[255, 0]","[0.99609375, 0.0]",
test/drowsy/A0985.raw,1,1,1,1,False,70.2509,"[255, 0]","[0.99609375, 0.0]",
test/drowsy/A0986.raw,1,1,1,1,False,96.906,"[255, 0]","[0.99609375, 0.0]",
test/drowsy/A0987.raw,1,1,1,1,False,82.1792,"[255, 0]","[0.99609375, 0.0]",
test/drowsy/A0988.raw,1,1,1,1,False,69.9766,"[255, 0]","[0.99609375, 0.0]",
test/drowsy/A0989.raw,1,1,1,1,False,55.0141,"[255, 0]","[0.99609375, 0.0]",
test/drowsy/A0990.raw,1,1,1,1,False,95.1168,"[255, 0]","[0.99609375, 0.0]",
test/drowsy/A0991.raw,1,1,1,1,False,114.2909,"[255, 0]","[0.99609375, 0.0]",
test/drowsy/A0992.raw,1,1,1,1,False,73.5602,"[255, 0]","[0.99609375, 0.0]",
test/drowsy/A0993.raw,1,1,1,1,False,109.5034,"[255, 0]","[0.99609375, 0.0]",
test/drowsy/A0994.raw,1,1,1,1,False,76.2649,"[255, 0]","[0.99609375, 0.0]",
test/drowsy/A0995.raw,1,1,1,1,False,70.7785,"[255, 0]","[0.99609375, 0.0]",
test/drowsy/A0996.raw,1,1,1,1,False,74.4651,"[255, 0]","[0.99609375, 0.0]",
test/drowsy/A0997.raw,1,1,1,1,False,115.2021,"[255, 0]","[0.99609375, 0.0]",
test/drowsy/A0998.raw,1,1,1,1,False,101.2078,"[255, 0]","[0.99609375, 0.0]",
test/drowsy/A0999.raw,1,1,1,1,False,81.3285,"[255, 0]","[0.99609375, 0.0]",
test/drowsy/A1000.raw,1,1,1,1,False,90.2732,"[255, 0]","[0.99609375, 0.0]",
test/drowsy/A1001.raw,1,1,1,1,False,72.005,"[255, 0]","[0.99609375, 0.0]",
test/drowsy/A1002.raw,1,1,1,1,False,100.4758,"[255, 0]","[0.99609375, 0.0]",
test/drowsy/A1003.raw,1,1,1,1,False,79.5088,"[255, 0]","[0.99609375, 0.0]",
test/drowsy/A1004.raw,1,1,1,1,False,113.7682,"[255, 0]","[0.99609375, 0.0]",
test/drowsy/A1005.raw,1,1,1,1,False,67.7461,"[255, 0]","[0.99609375, 0.0]",
test/drowsy/A1008.raw,1,1,1,1,False,87.4087,"[255, 0]","[0.99609375, 0.0]",
test/drowsy/A1009.raw,1,1,1,1,False,118.5507,"[255, 0]","[0.99609375, 0.0]",
test/drowsy/A1010.raw,1,1,1,1,False,103.6797,"[255, 0]","[0.99609375, 0.0]",
test/drowsy/A1011.raw,1,1,1,1,False,119.8176,"[255, 0]","[0.99609375, 0.0]",
test/drowsy/A1012.raw,1,1,1,1,False,52.8939,"[255, 0]","[0.99609375, 0.0]",
test/drowsy/A1013.raw,1,1,1,1,False,106.2055,"[255, 0]","[0.99609375, 0.0]",
test/drowsy/A1014.raw,1,1,1,1,False,77.4564,"[255, 0]","[0.99609375, 0.0]",
test/drowsy/A1015.raw,1,1,1,1,False,96.4508,"[255, 0]","[0.99609375, 0.0]",
test/drowsy/A1016.raw,1,1,1,1,False,96.6437,"[255, 0]","[0.99609375, 0.0]",
test/drowsy/A1017.raw,1,1,1,1,False,114.0116,"[255, 0]","[0.99609375, 0.0]",
test/non_drowsy/a0002.raw,1,0,0,1,False,93.0402,"[59, 197]","[0.23046875, 0.76953125]",
test/non_drowsy/a0003.raw,1,0,0,1,False,105.4187,"[0, 255]","[0.0, 0.99609375]",
test/non_drowsy/a0004.raw,1,0,0,1,False,80.7778,"[6, 250]","[0.0234375, 0.9765625]",
test/non_drowsy/a0005.raw,1,0,0,1,False,84.4794,"[0, 255]","[0.0, 0.99609375]",
test/non_drowsy/a0006.raw,1,0,0,1,False,89.9635,"[1, 255]","[0.00390625, 0.99609375]",
test/non_drowsy/a0007.raw,1,0,0,1,False,108.5578,"[3, 253]","[0.01171875, 0.98828125]",
test/non_drowsy/a0009.raw,1,0,0,1,False,81.841,"[0, 255]","[0.0, 0.99609375]",
test/non_drowsy/a0010.raw,1,0,0,1,False,88.1574,"[0, 255]","[0.0, 0.99609375]",
test/non_drowsy/a0011.raw,1,0,0,1,False,86.897,"[0, 255]","[0.0, 0.99609375]",
test/non_drowsy/a0012.raw,1,0,0,1,False,53.9652,"[0, 255]","[0.0, 0.99609375]",
test/non_drowsy/a0013.raw,1,0,0,1,False,93.9382,"[0, 255]","[0.0, 0.99609375]",
test/non_drowsy/a0014.raw,1,0,0,1,False,120.2598,"[0, 255]","[0.0, 0.99609375]",
test/non_drowsy/a0015.raw,1,0,0,1,False,80.5892,"[0, 255]","[0.0, 0.99609375]",
test/non_drowsy/a0016.raw,1,0,0,1,False,110.3029,"[0, 255]","[0.0, 0.99609375]",
test/non_drowsy/a0017.raw,1,0,0,1,False,112.6216,"[0, 255]","[0.0, 0.99609375]",
test/non_drowsy/a0018.raw,1,0,0,1,False,90.6576,"[0, 255]","[0.0, 0.99609375]",
test/non_drowsy/a0019.raw,1,0,0,1,False,109.3838,"[0, 255]","[0.0, 0.99609375]",
test/non_drowsy/a0020.raw,1,1,0,0,False,58.2487,"[151, 105]","[0.58984375, 0.41015625]",
test/non_drowsy/a0021.raw,1,0,0,1,False,76.6418,"[6, 250]","[0.0234375, 0.9765625]",
test/non_drowsy/a0022.raw,1,0,0,1,False,51.3732,"[0, 255]","[0.0, 0.99609375]",
test/non_drowsy/a0023.raw,1,0,0,1,False,81.8665,"[0, 255]","[0.0, 0.99609375]",
test/non_drowsy/a0024.raw,1,0,0,1,False,80.8331,"[0, 255]","[0.0, 0.99609375]",
test/non_drowsy/a0026.raw,1,0,0,1,False,60.3005,"[0, 255]","[0.0, 0.99609375]",
test/non_drowsy/a0029.raw,1,0,0,1,False,96.114,"[0, 255]","[0.0, 0.99609375]",
test/non_drowsy/a0033.raw,1,0,0,1,False,79.9094,"[0, 255]","[0.0, 0.99609375]",
test/non_drowsy/a0034.raw,1,0,0,1,False,91.1251,"[0, 255]","[0.0, 0.99609375]",
test/non_drowsy/a0035.raw,1,0,0,1,False,80.0142,"[0, 255]","[0.0, 0.99609375]",
test/non_drowsy/a0036.raw,1,0,0,1,False,73.9215,"[0, 255]","[0.0, 0.99609375]",
test/non_drowsy/a0037.raw,1,0,0,1,False,52.2387,"[0, 255]","[0.0, 0.99609375]",
test/non_drowsy/a0038.raw,1,0,0,1,False,104.8024,"[0, 255]","[0.0, 0.99609375]",
test/non_drowsy/a0039.raw,1,0,0,1,False,85.7017,"[0, 255]","[0.0, 0.99609375]",
test/non_drowsy/a0040.raw,1,0,0,1,False,104.295,"[0, 255]","[0.0, 0.99609375]",
test/non_drowsy/a0041.raw,1,0,0,1,False,100.9194,"[0, 255]","[0.0, 0.99609375]",
test/non_drowsy/a0042.raw,1,0,0,1,False,111.4931,"[0, 255]","[0.0, 0.99609375]",
test/non_drowsy/a0043.raw,1,0,0,1,False,82.1538,"[0, 255]","[0.0, 0.99609375]",
test/non_drowsy/a0044.raw,1,0,0,1,False,120.305,"[0, 255]","[0.0, 0.99609375]",
test/non_drowsy/a0045.raw,1,0,0,1,False,78.9297,"[0, 255]","[0.0, 0.99609375]",
test/non_drowsy/a0046.raw,1,0,0,1,False,55.3149,"[0, 255]","[0.0, 0.99609375]",
test/non_drowsy/a0047.raw,1,0,0,1,False,97.3497,"[0, 255]","[0.0, 0.99609375]",
test/non_drowsy/a0048.raw,1,0,0,1,False,92.021,"[0, 255]","[0.0, 0.99609375]",
test/non_drowsy/a0049.raw,1,0,0,1,False,78.0099,"[0, 255]","[0.0, 0.99609375]",
test/non_drowsy/a0050.raw,1,0,0,1,False,70.5274,"[0, 255]","[0.0, 0.99609375]",
test/non_drowsy/a0051.raw,1,0,0,1,False,94.3744,"[0, 255]","[0.0, 0.99609375]",
test/non_drowsy/a0052.raw,1,0,0,1,False,110.4281,"[0, 255]","[0.0, 0.99609375]",
test/non_drowsy/a0053.raw,1,0,0,1,False,90.1431,"[36, 220]","[0.140625, 0.859375]",
test/non_drowsy/a0054.raw,1,1,0,0,False,75.8924,"[239, 17]","[0.93359375, 0.06640625]",
test/non_drowsy/a0055.raw,1,0,0,1,False,101.8288,"[0, 255]","[0.0, 0.99609375]",
test/non_drowsy/a0056.raw,1,0,0,1,False,76.4897,"[1, 255]","[0.00390625, 0.99609375]",
test/non_drowsy/a0057.raw,1,0,0,1,False,64.7222,"[5, 251]","[0.01953125, 0.98046875]",
test/non_drowsy/a0058.raw,1,1,0,0,False,63.766,"[235, 21]","[0.91796875, 0.08203125]",
test/non_drowsy/a0059.raw,1,0,0,1,False,68.914,"[0, 255]","[0.0, 0.99609375]",
test/non_drowsy/a0060.raw,1,0,0,1,False,63.3517,"[0, 255]","[0.0, 0.99609375]",
test/non_drowsy/a0061.raw,1,0,0,1,False,110.2018,"[36, 220]","[0.140625, 0.859375]",
test/non_drowsy/a0062.raw,1,0,0,1,False,106.3054,"[36, 220]","[0.140625, 0.859375]",
test/non_drowsy/a0063.raw,1,0,0,1,False,114.014,"[0, 255]","[0.0, 0.99609375]",
test/non_drowsy/a0064.raw,1,0,0,1,False,83.7805,"[0, 255]","[0.0, 0.99609375]",
test/non_drowsy/a0065.raw,1,0,0,1,False,91.3035,"[0, 255]","[0.0, 0.99609375]",
test/non_drowsy/a0066.raw,1,0,0,1,False,76.555,"[4, 252]","[0.015625, 0.984375]",
test/non_drowsy/a0067.raw,1,0,0,1,False,68.4509,"[0, 255]","[0.0, 0.99609375]",
test/non_drowsy/a0068.raw,1,0,0,1,False,60.5108,"[0, 255]","[0.0, 0.99609375]",
test/non_drowsy/a0069.raw,1,0,0,1,False,76.9364,"[0, 255]","[0.0, 0.99609375]",
test/non_drowsy/a0070.raw,1,0,0,1,False,94.2027,"[0, 255]","[0.0, 0.99609375]",
test/non_drowsy/a0071.raw,1,0,0,1,False,51.7583,"[0, 255]","[0.0, 0.99609375]",
test/non_drowsy/a0072.raw,1,0,0,1,False,89.7174,"[0, 255]","[0.0, 0.99609375]",
test/non_drowsy/a0073.raw,1,0,0,1,False,63.1446,"[0, 255]","[0.0, 0.99609375]",
test/non_drowsy/a0074.raw,1,0,0,1,False,63.9224,"[0, 255]","[0.0, 0.99609375]",
test/non_drowsy/a0075.raw,1,0,0,1,False,61.8028,"[0, 255]","[0.0, 0.99609375]",
test/non_drowsy/a0076.raw,1,0,0,1,False,76.303,"[0, 255]","[0.0, 0.99609375]",
test/non_drowsy/a0077.raw,1,0,0,1,False,115.6106,"[0, 255]","[0.0, 0.99609375]",
test/non_drowsy/a0078.raw,1,0,0,1,False,106.7842,"[0, 255]","[0.0, 0.99609375]",
test/non_drowsy/a0079.raw,1,0,0,1,False,127.5317,"[0, 255]","[0.0, 0.99609375]",
test/non_drowsy/a0080.raw,1,0,0,1,False,91.601,"[0, 255]","[0.0, 0.99609375]",
test/non_drowsy/a0081.raw,1,0,0,1,False,66.3449,"[0, 255]","[0.0, 0.99609375]",
test/non_drowsy/a0082.raw,1,0,0,1,False,105.7867,"[0, 255]","[0.0, 0.99609375]",
test/non_drowsy/a0083.raw,1,0,0,1,False,70.152,"[0, 255]","[0.0, 0.99609375]",
test/non_drowsy/a0084.raw,1,0,0,1,False,85.4222,"[0, 255]","[0.0, 0.99609375]",
test/non_drowsy/a0085.raw,1,0,0,1,False,92.0183,"[1, 255]","[0.00390625, 0.99609375]",
test/non_drowsy/a0086.raw,1,0,0,1,False,92.4221,"[0, 255]","[0.0, 0.99609375]",
test/non_drowsy/a0087.raw,1,0,0,1,False,106.2711,"[0, 255]","[0.0, 0.99609375]",
test/non_drowsy/a0088.raw,1,0,0,1,False,67.1538,"[0, 255]","[0.0, 0.99609375]",
test/non_drowsy/a0089.raw,1,0,0,1,False,69.1681,"[0, 255]","[0.0, 0.99609375]",
test/non_drowsy/a0090.raw,1,0,0,1,False,102.6836,"[0, 255]","[0.0, 0.99609375]",
test/non_drowsy/a0091.raw,1,0,0,1,False,120.2472,"[0, 255]","[0.0, 0.99609375]",
test/non_drowsy/a0092.raw,1,0,0,1,False,112.2379,"[0, 255]","[0.0, 0.99609375]",
test/non_drowsy/a0093.raw,1,0,0,1,False,102.0112,"[0, 255]","[0.0, 0.99609375]",
test/non_drowsy/a0094.raw,1,0,0,1,False,75.8983,"[0, 255]","[0.0, 0.99609375]",
test/non_drowsy/a0095.raw,1,0,0,1,False,113.1552,"[0, 255]","[0.0, 0.99609375]",
test/non_drowsy/a0096.raw,1,0,0,1,False,119.635,"[0, 255]","[0.0, 0.99609375]",
test/non_drowsy/a0097.raw,1,0,0,1,False,61.7135,"[0, 255]","[0.0, 0.99609375]",
test/non_drowsy/a0098.raw,1,0,0,1,False,72.2299,"[0, 255]","[0.0, 0.99609375]",
test/non_drowsy/a0099.raw,1,0,0,1,False,52.3056,"[0, 255]","[0.0, 0.99609375]",
test/non_drowsy/a0100.raw,1,0,0,1,False,118.6202,"[0, 255]","[0.0, 0.99609375]",
test/non_drowsy/a0101.raw,1,0,0,1,False,119.488,"[0, 255]","[0.0, 0.99609375]",
test/non_drowsy/a0102.raw,1,0,0,1,False,63.7091,"[0, 255]","[0.0, 0.99609375]",
test/non_drowsy/a0103.raw,1,0,0,1,False,96.7059,"[0, 255]","[0.0, 0.99609375]",
test/non_drowsy/a0104.raw,1,0,0,1,False,105.5601,"[0, 255]","[0.0, 0.99609375]",
test/non_drowsy/a0105.raw,1,0,0,1,False,115.6334,"[0, 255]","[0.0, 0.99609375]",
test/non_drowsy/a0106.raw,1,0,0,1,False,92.3397,"[0, 255]","[0.0, 0.99609375]",
test/non_drowsy/a0107.raw,1,0,0,1,False,89.2539,"[0, 255]","[0.0, 0.99609375]",
test/non_drowsy/a0108.raw,1,0,0,1,False,56.5244,"[0, 255]","[0.0, 0.99609375]",
test/non_drowsy/a0109.raw,1,0,0,1,False,86.1972,"[0, 255]","[0.0, 0.99609375]",
test/non_drowsy/a0110.raw,1,0,0,1,False,65.9439,"[0, 255]","[0.0, 0.99609375]",
test/non_drowsy/a0111.raw,1,0,0,1,False,125.28,"[0, 255]","[0.0, 0.99609375]",
test/non_drowsy/a0112.raw,1,0,0,1,False,100.1398,"[0, 255]","[0.0, 0.99609375]",
test/non_drowsy/a0113.raw,1,0,0,1,False,91.2411,"[0, 255]","[0.0, 0.99609375]",
test/non_drowsy/a0114.raw,1,0,0,1,False,76.1333,"[0, 255]","[0.0, 0.99609375]",
test/non_drowsy/a0115.raw,1,0,0,1,False,100.6659,"[0, 255]","[0.0, 0.99609375]",
test/non_drowsy/a0116.raw,1,0,0,1,False,92.8117,"[0, 255]","[0.0, 0.99609375]",
test/non_drowsy/a0117.raw,1,0,0,1,False,115.9441,"[0, 255]","[0.0, 0.99609375]",
test/non_drowsy/a0118.raw,1,0,0,1,False,89.655,"[0, 255]","[0.0, 0.99609375]",
test/non_drowsy/a0119.raw,1,0,0,1,False,89.3083,"[0, 255]","[0.0, 0.99609375]",
test/non_drowsy/a0120.raw,1,0,0,1,False,73.3939,"[0, 255]","[0.0, 0.99609375]",
test/non_drowsy/a0121.raw,1,0,0,1,False,87.4727,"[0, 255]","[0.0, 0.99609375]",
test/non_drowsy/a0122.raw,1,0,0,1,False,102.3328,"[0, 255]","[0.0, 0.99609375]",
test/non_drowsy/a0123.raw,1,0,0,1,False,122.4832,"[0, 255]","[0.0, 0.99609375]",
test/non_drowsy/a0124.raw,1,0,0,1,False,78.1252,"[0, 255]","[0.0, 0.99609375]",
test/non_drowsy/a0125.raw,1,0,0,1,False,91.2562,"[0, 255]","[0.0, 0.99609375]",
test/non_drowsy/a0126.raw,1,0,0,1,False,88.2303,"[0, 255]","[0.0, 0.99609375]",
test/non_drowsy/a0127.raw,1,0,0,1,False,97.3156,"[0, 255]","[0.0, 0.99609375]",
test/non_drowsy/a0128.raw,1,0,0,1,False,79.5732,"[0, 255]","[0.0, 0.99609375]",
test/non_drowsy/a0129.raw,1,0,0,1,False,81.2514,"[0, 255]","[0.0, 0.99609375]",
test/non_drowsy/a0130.raw,1,0,0,1,False,51.539,"[0, 255]","[0.0, 0.99609375]",
test/non_drowsy/a0131.raw,1,0,0,1,False,53.7694,"[0, 255]","[0.0, 0.99609375]",
test/non_drowsy/a0132.raw,1,0,0,1,False,51.6384,"[0, 255]","[0.0, 0.99609375]",
test/non_drowsy/a0133.raw,1,0,0,1,False,89.5504,"[0, 255]","[0.0, 0.99609375]",
test/non_drowsy/a0134.raw,1,0,0,1,False,62.4242,"[0, 255]","[0.0, 0.99609375]",
test/non_drowsy/a0135.raw,1,0,0,1,False,64.4604,"[0, 255]","[0.0, 0.99609375]",
test/non_drowsy/a0136.raw,1,0,0,1,False,62.7857,"[0, 255]","[0.0, 0.99609375]",
test/non_drowsy/a0137.raw,1,0,0,1,False,97.2302,"[0, 255]","[0.0, 0.99609375]",
test/non_drowsy/a0138.raw,1,0,0,1,False,98.5762,"[0, 255]","[0.0, 0.99609375]",
test/non_drowsy/a0139.raw,1,0,0,1,False,66.7621,"[0, 255]","[0.0, 0.99609375]",
test/non_drowsy/a0140.raw,1,0,0,1,False,101.1253,"[0, 255]","[0.0, 0.99609375]",
test/non_drowsy/a0141.raw,1,0,0,1,False,54.2987,"[0, 255]","[0.0, 0.99609375]",
test/non_drowsy/a0142.raw,1,0,0,1,False,85.992,"[0, 255]","[0.0, 0.99609375]",
test/non_drowsy/a0143.raw,1,0,0,1,False,55.2754,"[0, 255]","[0.0, 0.99609375]",
test/non_drowsy/a0144.raw,1,0,0,1,False,56.5088,"[0, 255]","[0.0, 0.99609375]",
test/non_drowsy/a0145.raw,1,0,0,1,False,88.7141,"[0, 255]","[0.0, 0.99609375]",
test/non_drowsy/a0146.raw,1,0,0,1,False,77.0432,"[0, 255]","[0.0, 0.99609375]",
test/non_drowsy/a0147.raw,1,0,0,1,False,127.3759,"[0, 255]","[0.0, 0.99609375]",
test/non_drowsy/a0148.raw,1,0,0,1,False,105.8374,"[0, 255]","[0.0, 0.99609375]",
test/non_drowsy/a0149.raw,1,0,0,1,False,51.8384,"[0, 255]","[0.0, 0.99609375]",
test/non_drowsy/a0150.raw,1,0,0,1,False,87.8212,"[0, 255]","[0.0, 0.99609375]",
test/non_drowsy/a0151.raw,1,0,0,1,False,90.9592,"[0, 255]","[0.0, 0.99609375]",
test/non_drowsy/a0152.raw,1,0,0,1,False,121.5824,"[0, 255]","[0.0, 0.99609375]",
test/non_drowsy/a0153.raw,1,0,0,1,False,85.0589,"[0, 255]","[0.0, 0.99609375]",
test/non_drowsy/a0154.raw,1,0,0,1,False,98.3453,"[0, 255]","[0.0, 0.99609375]",
test/non_drowsy/a0155.raw,1,0,0,1,False,95.2927,"[0, 255]","[0.0, 0.99609375]",
test/non_drowsy/a0156.raw,1,0,0,1,False,89.8613,"[0, 255]","[0.0, 0.99609375]",
test/non_drowsy/a0157.raw,1,0,0,1,False,79.6334,"[0, 255]","[0.0, 0.99609375]",
test/non_drowsy/a0158.raw,1,0,0,1,False,59.4345,"[0, 255]","[0.0, 0.99609375]",
test/non_drowsy/a0159.raw,1,0,0,1,False,116.123,"[0, 255]","[0.0, 0.99609375]",
test/non_drowsy/a0160.raw,1,0,0,1,False,79.7493,"[0, 255]","[0.0, 0.99609375]",
test/non_drowsy/a0161.raw,1,0,0,1,False,99.2572,"[0, 255]","[0.0, 0.99609375]",
test/non_drowsy/a0162.raw,1,0,0,1,False,84.9249,"[0, 255]","[0.0, 0.99609375]",
test/non_drowsy/a0163.raw,1,0,0,1,False,63.8949,"[0, 255]","[0.0, 0.99609375]",
test/non_drowsy/a0164.raw,1,0,0,1,False,54.4475,"[0, 255]","[0.0, 0.99609375]",
test/non_drowsy/a0165.raw,1,0,0,1,False,87.1122,"[0, 255]","[0.0, 0.99609375]",
test/non_drowsy/a0166.raw,1,0,0,1,False,119.0744,"[0, 255]","[0.0, 0.99609375]",
test/non_drowsy/a0167.raw,1,0,0,1,False,68.4015,"[0, 255]","[0.0, 0.99609375]",
test/non_drowsy/a0168.raw,1,0,0,1,False,51.3419,"[0, 255]","[0.0, 0.99609375]",
test/non_drowsy/a0169.raw,1,0,0,1,False,108.868,"[0, 255]","[0.0, 0.99609375]",
test/non_drowsy/a0170.raw,1,0,0,1,False,120.9568,"[0, 255]","[0.0, 0.99609375]",
test/non_drowsy/a0171.raw,1,0,0,1,False,103.7689,"[0, 255]","[0.0, 0.99609375]",
test/non_drowsy/a0172.raw,1,0,0,1,False,82.1922,"[0, 255]","[0.0, 0.99609375]",
test/non_drowsy/a0173.raw,1,0,0,1,False,117.5933,"[0, 255]","[0.0, 0.99609375]",
test/non_drowsy/a0174.raw,1,0,0,1,False,119.3341,"[0, 255]","[0.0, 0.99609375]",
test/non_drowsy/a0175.raw,1,0,0,1,False,100.0299,"[0, 255]","[0.0, 0.99609375]",
test/non_drowsy/a0176.raw,1,0,0,1,False,94.5544,"[0, 255]","[0.0, 0.99609375]",
test/non_drowsy/a0177.raw,1,0,0,1,False,82.9753,"[0, 255]","[0.0, 0.99609375]",
test/non_drowsy/a0178.raw,1,0,0,1,False,80.4226,"[0, 255]","[0.0, 0.99609375]",
test/non_drowsy/a0179.raw,1,0,0,1,False,103.9797,"[0, 255]","[0.0, 0.99609375]",
test/non_drowsy/a0180.raw,1,0,0,1,False,91.842,"[0, 255]","[0.0, 0.99609375]",
test/non_drowsy/a0181.raw,1,0,0,1,False,91.799,"[0, 255]","[0.0, 0.99609375]",
test/non_drowsy/a0182.raw,1,0,0,1,False,96.051,"[0, 255]","[0.0, 0.99609375]",
test/non_drowsy/a0183.raw,1,0,0,1,False,52.0521,"[0, 255]","[0.0, 0.99609375]",
test/non_drowsy/a0184.raw,1,0,0,1,False,81.8618,"[0, 255]","[0.0, 0.99609375]",
test/non_drowsy/a0185.raw,1,0,0,1,False,55.0206,"[0, 255]","[0.0, 0.99609375]",
test/non_drowsy/a0186.raw,1,0,0,1,False,53.4196,"[0, 255]","[0.0, 0.99609375]",
test/non_drowsy/a0187.raw,1,0,0,1,False,79.6744,"[0, 255]","[0.0, 0.99609375]",
test/non_drowsy/a0188.raw,1,0,0,1,False,62.2288,"[0, 255]","[0.0, 0.99609375]",
test/non_drowsy/a0189.raw,1,0,0,1,False,52.9168,"[0, 255]","[0.0, 0.99609375]",
test/non_drowsy/a0190.raw,1,0,0,1,False,59.4917,"[0, 255]","[0.0, 0.99609375]",
test/non_drowsy/a0191.raw,1,0,0,1,False,54.2892,"[1, 255]","[0.00390625, 0.99609375]",
test/non_drowsy/a0192.raw,1,0,0,1,False,77.9483,"[0, 255]","[0.0, 0.99609375]",
test/non_drowsy/a0193.raw,1,0,0,1,False,86.9468,"[0, 255]","[0.0, 0.99609375]",
test/non_drowsy/a0194.raw,1,0,0,1,False,81.2393,"[1, 255]","[0.00390625, 0.99609375]",
test/non_drowsy/a0195.raw,1,0,0,1,False,88.435,"[1, 255]","[0.00390625, 0.99609375]",
test/non_drowsy/a0196.raw,1,0,0,1,False,111.7972,"[0, 255]","[0.0, 0.99609375]",
test/non_drowsy/a0197.raw,1,0,0,1,False,102.6079,"[0, 255]","[0.0, 0.99609375]",
test/non_drowsy/a0198.raw,1,0,0,1,False,106.8407,"[0, 255]","[0.0, 0.99609375]",
test/non_drowsy/a0199.raw,1,0,0,1,False,95.077,"[0, 255]","[0.0, 0.99609375]",
test/non_drowsy/a0200.raw,1,0,0,1,False,85.8042,"[8, 248]","[0.03125, 0.96875]",
test/non_drowsy/a0201.raw,1,0,0,1,False,101.0704,"[0, 255]","[0.0, 0.99609375]",
test/non_drowsy/a0202.raw,1,0,0,1,False,113.8605,"[0, 255]","[0.0, 0.99609375]",
test/non_drowsy/a0203.raw,1,0,0,1,False,52.8927,"[0, 255]","[0.0, 0.99609375]",
test/non_drowsy/a0204.raw,1,0,0,1,False,56.6082,"[0, 255]","[0.0, 0.99609375]",
test/non_drowsy/a0205.raw,1,0,0,1,False,52.3298,"[0, 255]","[0.0, 0.99609375]",
test/non_drowsy/a0206.raw,1,0,0,1,False,96.1368,"[0, 255]","[0.0, 0.99609375]",
test/non_drowsy/a0207.raw,1,0,0,1,False,122.2989,"[0, 255]","[0.0, 0.99609375]",
test/non_drowsy/a0208.raw,1,0,0,1,False,72.834,"[0, 255]","[0.0, 0.99609375]",
test/non_drowsy/a0209.raw,1,0,0,1,False,85.4368,"[1, 255]","[0.00390625, 0.99609375]",
test/non_drowsy/a0210.raw,1,0,0,1,False,88.0162,"[0, 255]","[0.0, 0.99609375]",
test/non_drowsy/a0211.raw,1,0,0,1,False,118.9751,"[0, 255]","[0.0, 0.99609375]",
test/non_drowsy/a0212.raw,1,1,0,0,False,123.3199,"[212, 44]","[0.828125, 0.171875]",
test/non_drowsy/a0213.raw,1,0,0,1,False,95.4366,"[1, 255]","[0.00390625, 0.99609375]",
test/non_drowsy/a0214.raw,1,0,0,1,False,80.2029,"[0, 255]","[0.0, 0.99609375]",
test/non_drowsy/a0215.raw,1,0,0,1,False,77.887,"[0, 255]","[0.0, 0.99609375]",
test/non_drowsy/a0216.raw,1,0,0,1,False,98.601,"[0, 255]","[0.0, 0.99609375]",
test/non_drowsy/a0217.raw,1,0,0,1,False,71.6219,"[0, 255]","[0.0, 0.99609375]",
test/non_drowsy/a0218.raw,1,0,0,1,False,66.5794,"[0, 255]","[0.0, 0.99609375]",
test/non_drowsy/a0219.raw,1,0,0,1,False,80.4187,"[0, 255]","[0.0, 0.99609375]",
test/non_drowsy/a0220.raw,1,0,0,1,False,51.2641,"[0, 255]","[0.0, 0.99609375]",
test/non_drowsy/a0221.raw,1,0,0,1,False,83.7313,"[0, 255]","[0.0, 0.99609375]",
test/non_drowsy/a0222.raw,1,0,0,1,False,94.5957,"[0, 255]","[0.0, 0.99609375]",
test/non_drowsy/a0223.raw,1,0,0,1,False,87.8893,"[1, 255]","[0.00390625, 0.99609375]",
test/non_drowsy/a0224.raw,1,0,0,1,False,73.0663,"[0, 255]","[0.0, 0.99609375]",
test/non_drowsy/a0225.raw,1,0,0,1,False,92.1302,"[0, 255]","[0.0, 0.99609375]",
test/non_drowsy/a0226.raw,1,0,0,1,False,78.9322,"[0, 255]","[0.0, 0.99609375]",
test/non_drowsy/a0227.raw,1,0,0,1,False,108.2561,"[1, 255]","[0.00390625, 0.99609375]",
test/non_drowsy/a0228.raw,1,0,0,1,False,112.6406,"[0, 255]","[0.0, 0.99609375]",
test/non_drowsy/a0229.raw,1,0,0,1,False,81.3099,"[1, 255]","[0.00390625, 0.99609375]",
test/non_drowsy/a0230.raw,1,0,0,1,False,95.9302,"[0, 255]","[0.0, 0.99609375]",
test/non_drowsy/a0231.raw,1,0,0,1,False,113.4883,"[1, 255]","[0.00390625, 0.99609375]",
test/non_drowsy/a0232.raw,1,0,0,1,False,92.6924,"[0, 255]","[0.0, 0.99609375]",
test/non_drowsy/a0233.raw,1,0,0,1,False,53.4221,"[0, 255]","[0.0, 0.99609375]",
test/non_drowsy/a0234.raw,1,0,0,1,False,108.6509,"[0, 255]","[0.0, 0.99609375]",
test/non_drowsy/a0235.raw,1,0,0,1,False,79.5992,"[1, 255]","[0.00390625, 0.99609375]",
test/non_drowsy/a0236.raw,1,0,0,1,False,82.4378,"[0, 255]","[0.0, 0.99609375]",
test/non_drowsy/a0237.raw,1,0,0,1,False,95.4268,"[1, 255]","[0.00390625, 0.99609375]",
test/non_drowsy/a0238.raw,1,0,0,1,False,108.3558,"[0, 255]","[0.0, 0.99609375]",
test/non_drowsy/a0239.raw,1,0,0,1,False,78.4895,"[0, 255]","[0.0, 0.99609375]",
test/non_drowsy/a0240.raw,1,0,0,1,False,91.0504,"[3, 253]","[0.01171875, 0.98828125]",
test/non_drowsy/a0241.raw,1,0,0,1,False,125.5094,"[2, 254]","[0.0078125, 0.9921875]",
test/non_drowsy/a0242.raw,1,0,0,1,False,83.4482,"[0, 255]","[0.0, 0.99609375]",
test/non_drowsy/a0243.raw,1,0,0,1,False,102.0937,"[0, 255]","[0.0, 0.99609375]",
test/non_drowsy/a0244.raw,1,0,0,1,False,106.126,"[0, 255]","[0.0, 0.99609375]",
test/non_drowsy/a0245.raw,1,0,0,1,False,95.1482,"[0, 255]","[0.0, 0.99609375]",
test/non_drowsy/a0246.raw,1,0,0,1,False,83.1743,"[0, 255]","[0.0, 0.99609375]",
test/non_drowsy/a0247.raw,1,0,0,1,False,101.1424,"[0, 255]","[0.0, 0.99609375]",
test/non_drowsy/a0248.raw,1,0,0,1,False,111.0873,"[0, 255]","[0.0, 0.99609375]",
test/non_drowsy/a0249.raw,1,0,0,1,False,85.701,"[0, 255]","[0.0, 0.99609375]",
test/non_drowsy/a0250.raw,1,0,0,1,False,93.2349,"[0, 255]","[0.0, 0.99609375]",
test/non_drowsy/a0251.raw,1,0,0,1,False,73.4394,"[0, 255]","[0.0, 0.99609375]",
test/non_drowsy/a0252.raw,1,0,0,1,False,51.1951,"[0, 255]","[0.0, 0.99609375]",
test/non_drowsy/a0253.raw,1,0,0,1,False,68.4143,"[0, 255]","[0.0, 0.99609375]",
test/non_drowsy/a0254.raw,1,0,0,1,False,112.8414,"[0, 255]","[0.0, 0.99609375]",
test/non_drowsy/a0255.raw,1,0,0,1,False,106.3855,"[0, 255]","[0.0, 0.99609375]",
test/non_drowsy/a0256.raw,1,0,0,1,False,58.9936,"[0, 255]","[0.0, 0.99609375]",
test/non_drowsy/a0257.raw,1,0,0,1,False,112.0798,"[0, 255]","[0.0, 0.99609375]",
test/non_drowsy/a0258.raw,1,0,0,1,False,107.9782,"[0, 255]","[0.0, 0.99609375]",
test/non_drowsy/a0259.raw,1,0,0,1,False,53.0599,"[0, 255]","[0.0, 0.99609375]",
test/non_drowsy/a0260.raw,1,0,0,1,False,70.7981,"[0, 255]","[0.0, 0.99609375]",
test/non_drowsy/a0261.raw,1,0,0,1,False,83.187,"[0, 255]","[0.0, 0.99609375]",
test/non_drowsy/a0262.raw,1,0,0,1,False,105.751,"[0, 255]","[0.0, 0.99609375]",
test/non_drowsy/a0263.raw,1,0,0,1,False,62.8229,"[0, 255]","[0.0, 0.99609375]",
test/non_drowsy/a0264.raw,1,0,0,1,False,71.8212,"[0, 255]","[0.0, 0.99609375]",
test/non_drowsy/a0265.raw,1,0,0,1,False,102.9318,"[0, 255]","[0.0, 0.99609375]",
test/non_drowsy/a0266.raw,1,0,0,1,False,98.9647,"[0, 255]","[0.0, 0.99609375]",
test/non_drowsy/a0267.raw,1,0,0,1,False,87.1213,"[0, 255]","[0.0, 0.99609375]",
test/non_drowsy/a0268.raw,1,0,0,1,False,88.9666,"[0, 255]","[0.0, 0.99609375]",
test/non_drowsy/a0269.raw,1,0,0,1,False,92.7166,"[0, 255]","[0.0, 0.99609375]",
test/non_drowsy/a0270.raw,1,0,0,1,False,52.2969,"[0, 255]","[0.0, 0.99609375]",
test/non_drowsy/a0271.raw,1,0,0,1,False,89.9813,"[0, 255]","[0.0, 0.99609375]",
test/non_drowsy/a0272.raw,1,0,0,1,False,69.6212,"[0, 255]","[0.0, 0.99609375]",
test/non_drowsy/a0273.raw,1,0,0,1,False,84.9703,"[0, 255]","[0.0, 0.99609375]",
test/non_drowsy/a0274.raw,1,0,0,1,False,78.3899,"[0, 255]","[0.0, 0.99609375]",
test/non_drowsy/a0275.raw,1,0,0,1,False,109.5443,"[0, 255]","[0.0, 0.99609375]",
test/non_drowsy/a0276.raw,1,0,0,1,False,66.4445,"[0, 255]","[0.0, 0.99609375]",
test/non_drowsy/a0277.raw,1,0,0,1,False,65.6858,"[0, 255]","[0.0, 0.99609375]",
test/non_drowsy/a0278.raw,1,0,0,1,False,52.439,"[0, 255]","[0.0, 0.99609375]",
test/non_drowsy/a0279.raw,1,0,0,1,False,70.9915,"[0, 255]","[0.0, 0.99609375]",
test/non_drowsy/a0280.raw,1,0,0,1,False,106.3957,"[0, 255]","[0.0, 0.99609375]",
test/non_drowsy/a0281.raw,1,0,0,1,False,88.6337,"[0, 255]","[0.0, 0.99609375]",
test/non_drowsy/a0282.raw,1,0,0,1,False,124.2031,"[0, 255]","[0.0, 0.99609375]",
test/non_drowsy/a0283.raw,1,0,0,1,False,67.7439,"[0, 255]","[0.0, 0.99609375]",
test/non_drowsy/a0284.raw,1,0,0,1,False,91.2471,"[0, 255]","[0.0, 0.99609375]",
test/non_drowsy/a0285.raw,1,0,0,1,False,122.3785,"[0, 255]","[0.0, 0.99609375]",
test/non_drowsy/a0286.raw,1,0,0,1,False,118.4626,"[0, 255]","[0.0, 0.99609375]",
test/non_drowsy/a0287.raw,1,0,0,1,False,73.3673,"[0, 255]","[0.0, 0.99609375]",
test/non_drowsy/a0288.raw,1,0,0,1,False,87.7339,"[0, 255]","[0.0, 0.99609375]",
test/non_drowsy/a0289.raw,1,0,0,1,False,114.6028,"[0, 255]","[0.0, 0.99609375]",
test/non_drowsy/a0290.raw,1,0,0,1,False,96.9103,"[0, 255]","[0.0, 0.99609375]",
test/non_drowsy/a0291.raw,1,0,0,1,False,86.5513,"[0, 255]","[0.0, 0.99609375]",
test/non_drowsy/a0292.raw,1,0,0,1,False,92.9493,"[0, 255]","[0.0, 0.99609375]",
test/non_drowsy/a0293.raw,1,0,0,1,False,53.3935,"[0, 255]","[0.0, 0.99609375]",
test/non_drowsy/a0294.raw,1,0,0,1,False,113.9815,"[0, 255]","[0.0, 0.99609375]",
test/non_drowsy/a0295.raw,1,0,0,1,False,54.5107,"[0, 255]","[0.0, 0.99609375]",
test/non_drowsy/a0296.raw,1,0,0,1,False,58.2742,"[0, 255]","[0.0, 0.99609375]",
test/non_drowsy/a0297.raw,1,0,0,1,False,109.9974,"[0, 255]","[0.0, 0.99609375]",
test/non_drowsy/a0298.raw,1,0,0,1,False,78.489,"[0, 255]","[0.0, 0.99609375]",
test/non_drowsy/a0299.raw,1,0,0,1,False,91.8388,"[0, 255]","[0.0, 0.99609375]",
test/non_drowsy/a0300.raw,1,0,0,1,False,98.2858,"[0, 255]","[0.0, 0.99609375]",
test/non_drowsy/a0301.raw,1,0,0,1,False,128.0396,"[0, 255]","[0.0, 0.99609375]",
test/non_drowsy/a0302.raw,1,0,0,1,False,99.9638,"[0, 255]","[0.0, 0.99609375]",
test/non_drowsy/a0303.raw,1,0,0,1,False,81.3186,"[0, 255]","[0.0, 0.99609375]",
test/non_drowsy/a0304.raw,1,0,0,1,False,84.742,"[0, 255]","[0.0, 0.99609375]",
test/non_drowsy/a0305.raw,1,0,0,1,False,128.1896,"[0, 255]","[0.0, 0.99609375]",
test/non_drowsy/a0306.raw,1,0,0,1,False,102.3914,"[0, 255]","[0.0, 0.99609375]",
test/non_drowsy/a0307.raw,1,0,0,1,False,77.9782,"[0, 255]","[0.0, 0.99609375]",
test/non_drowsy/a0308.raw,1,0,0,1,False,67.8296,"[0, 255]","[0.0, 0.99609375]",
test/non_drowsy/a0309.raw,1,0,0,1,False,97.0691,"[0, 255]","[0.0, 0.99609375]",
test/non_drowsy/a0310.raw,1,0,0,1,False,111.2055,"[0, 255]","[0.0, 0.99609375]",
test/non_drowsy/a0311.raw,1,0,0,1,False,93.3025,"[0, 255]","[0.0, 0.99609375]",
test/non_drowsy/a0312.raw,1,0,0,1,False,57.1727,"[0, 255]","[0.0, 0.99609375]",
test/non_drowsy/a0313.raw,1,0,0,1,False,119.5066,"[1, 255]","[0.00390625, 0.99609375]",
test/non_drowsy/a0314.raw,1,0,0,1,False,114.6272,"[0, 255]","[0.0, 0.99609375]",
test/non_drowsy/a0315.raw,1,0,0,1,False,103.8883,"[0, 255]","[0.0, 0.99609375]",
test/non_drowsy/a0316.raw,1,0,0,1,False,106.8581,"[0, 255]","[0.0, 0.99609375]",
test/non_drowsy/a0317.raw,1,0,0,1,False,77.6513,"[0, 255]","[0.0, 0.99609375]",
test/non_drowsy/a0318.raw,1,0,0,1,False,114.1809,"[0, 255]","[0.0, 0.99609375]",
test/non_drowsy/a0319.raw,1,0,0,1,False,103.8782,"[0, 255]","[0.0, 0.99609375]",
test/non_drowsy/a0320.raw,1,0,0,1,False,90.5051,"[0, 255]","[0.0, 0.99609375]",
test/non_drowsy/a0321.raw,1,0,0,1,False,122.0433,"[0, 255]","[0.0, 0.99609375]",
test/non_drowsy/a0322.raw,1,0,0,1,False,92.2933,"[0, 255]","[0.0, 0.99609375]",
test/non_drowsy/a0323.raw,1,0,0,1,False,117.3299,"[0, 255]","[0.0, 0.99609375]",
test/non_drowsy/a0324.raw,1,0,0,1,False,72.2046,"[0, 255]","[0.0, 0.99609375]",
test/non_drowsy/a0325.raw,1,0,0,1,False,107.9659,"[0, 255]","[0.0, 0.99609375]",
test/non_drowsy/a0326.raw,1,0,0,1,False,110.9546,"[0, 255]","[0.0, 0.99609375]",
test/non_drowsy/a0327.raw,1,0,0,1,False,125.6341,"[0, 255]","[0.0, 0.99609375]",
test/non_drowsy/a0328.raw,1,0,0,1,False,70.5101,"[0, 255]","[0.0, 0.99609375]",
test/non_drowsy/a0329.raw,1,0,0,1,False,83.5038,"[0, 255]","[0.0, 0.99609375]",
test/non_drowsy/a0330.raw,1,0,0,1,False,60.6316,"[0, 255]","[0.0, 0.99609375]",
test/non_drowsy/a0331.raw,1,0,0,1,False,55.605,"[0, 255]","[0.0, 0.99609375]",
test/non_drowsy/a0332.raw,1,0,0,1,False,80.2911,"[0, 255]","[0.0, 0.99609375]",
test/non_drowsy/a0333.raw,1,0,0,1,False,106.7873,"[0, 255]","[0.0, 0.99609375]",
test/non_drowsy/a0334.raw,1,0,0,1,False,100.9274,"[0, 255]","[0.0, 0.99609375]",
test/non_drowsy/a0335.raw,1,0,0,1,False,73.3647,"[0, 255]","[0.0, 0.99609375]",
test/non_drowsy/a0336.raw,1,0,0,1,False,58.4792,"[0, 255]","[0.0, 0.99609375]",
test/non_drowsy/a0337.raw,1,0,0,1,False,71.9375,"[0, 255]","[0.0, 0.99609375]",
test/non_drowsy/a0338.raw,1,0,0,1,False,81.9966,"[0, 255]","[0.0, 0.99609375]",
test/non_drowsy/a0339.raw,1,0,0,1,False,55.5643,"[0, 255]","[0.0, 0.99609375]",
test/non_drowsy/a0340.raw,1,0,0,1,False,83.0368,"[0, 255]","[0.0, 0.99609375]",
test/non_drowsy/a0341.raw,1,0,0,1,False,53.2709,"[0, 255]","[0.0, 0.99609375]",
test/non_drowsy/a0342.raw,1,0,0,1,False,60.23,"[0, 255]","[0.0, 0.99609375]",
test/non_drowsy/a0343.raw,1,0,0,1,False,61.8854,"[0, 255]","[0.0, 0.99609375]",
test/non_drowsy/a0344.raw,1,0,0,1,False,71.407,"[0, 255]","[0.0, 0.99609375]",
test/non_drowsy/a0345.raw,1,0,0,1,False,53.2228,"[0, 255]","[0.0, 0.99609375]",
test/non_drowsy/a0346.raw,1,0,0,1,False,70.9744,"[0, 255]","[0.0, 0.99609375]",
test/non_drowsy/a0347.raw,1,0,0,1,False,53.951,"[0, 255]","[0.0, 0.99609375]",
test/non_drowsy/a0348.raw,1,0,0,1,False,78.9642,"[0, 255]","[0.0, 0.99609375]",
test/non_drowsy/a0349.raw,1,0,0,1,False,60.8081,"[0, 255]","[0.0, 0.99609375]",
test/non_drowsy/a0350.raw,1,0,0,1,False,81.6845,"[0, 255]","[0.0, 0.99609375]",
test/non_drowsy/a0351.raw,1,0,0,1,False,108.7556,"[0, 255]","[0.0, 0.99609375]",
test/non_drowsy/a0352.raw,1,0,0,1,False,104.4464,"[0, 255]","[0.0, 0.99609375]",
test/non_drowsy/a0353.raw,1,0,0,1,False,126.1475,"[0, 255]","[0.0, 0.99609375]",
test/non_drowsy/a0354.raw,1,0,0,1,False,80.8625,"[0, 255]","[0.0, 0.99609375]",
test/non_drowsy/a0355.raw,1,0,0,1,False,98.388,"[0, 255]","[0.0, 0.99609375]",
test/non_drowsy/a0356.raw,1,0,0,1,False,66.3073,"[0, 255]","[0.0, 0.99609375]",
test/non_drowsy/a0357.raw,1,0,0,1,False,99.3286,"[0, 255]","[0.0, 0.99609375]",
test/non_drowsy/a0358.raw,1,0,0,1,False,56.2809,"[0, 255]","[0.0, 0.99609375]",
test/non_drowsy/a0359.raw,1,0,0,1,False,70.5056,"[0, 255]","[0.0, 0.99609375]",
test/non_drowsy/a0360.raw,1,0,0,1,False,99.3102,"[0, 255]","[0.0, 0.99609375]",
test/non_drowsy/a0361.raw,1,0,0,1,False,89.1303,"[0, 255]","[0.0, 0.99609375]",
test/non_drowsy/a0362.raw,1,0,0,1,False,116.9461,"[0, 255]","[0.0, 0.99609375]",
test/non_drowsy/a0363.raw,1,0,0,1,False,101.7503,"[0, 255]","[0.0, 0.99609375]",
test/non_drowsy/a0364.raw,1,0,0,1,False,83.1124,"[0, 255]","[0.0, 0.99609375]",
test/non_drowsy/a0365.raw,1,0,0,1,False,111.9239,"[0, 255]","[0.0, 0.99609375]",
test/non_drowsy/a0366.raw,1,0,0,1,False,75.0139,"[0, 255]","[0.0, 0.99609375]",
test/non_drowsy/a0367.raw,1,0,0,1,False,81.8846,"[0, 255]","[0.0, 0.99609375]",
test/non_drowsy/a0368.raw,1,0,0,1,False,87.3144,"[0, 255]","[0.0, 0.99609375]",
test/non_drowsy/a0369.raw,1,0,0,1,False,70.4378,"[0, 255]","[0.0, 0.99609375]",
test/non_drowsy/a0370.raw,1,0,0,1,False,109.172,"[0, 255]","[0.0, 0.99609375]",
test/non_drowsy/a0371.raw,1,0,0,1,False,102.6864,"[0, 255]","[0.0, 0.99609375]",
test/non_drowsy/a0372.raw,1,0,0,1,False,78.6822,"[0, 255]","[0.0, 0.99609375]",
test/non_drowsy/a0373.raw,1,0,0,1,False,106.6719,"[2, 254]","[0.0078125, 0.9921875]",
test/non_drowsy/a0374.raw,1,0,0,1,False,103.6317,"[0, 255]","[0.0, 0.99609375]",
test/non_drowsy/a0375.raw,1,0,0,1,False,118.2527,"[0, 255]","[0.0, 0.99609375]",
test/non_drowsy/a0376.raw,1,0,0,1,False,70.9579,"[0, 255]","[0.0, 0.99609375]",
test/non_drowsy/a0377.raw,1,0,0,1,False,111.5307,"[0, 255]","[0.0, 0.99609375]",
test/non_drowsy/a0378.raw,1,0,0,1,False,67.7863,"[0, 255]","[0.0, 0.99609375]",
test/non_drowsy/a0379.raw,1,0,0,1,False,106.0883,"[0, 255]","[0.0, 0.99609375]",
test/non_drowsy/a0380.raw,1,0,0,1,False,118.4155,"[0, 255]","[0.0, 0.99609375]",
test/non_drowsy/a0381.raw,1,0,0,1,False,66.4562,"[0, 255]","[0.0, 0.99609375]",
test/non_drowsy/a0382.raw,1,0,0,1,False,73.6392,"[0, 255]","[0.0, 0.99609375]",
test/non_drowsy/a0383.raw,1,0,0,1,False,84.0354,"[0, 255]","[0.0, 0.99609375]",
test/non_drowsy/a0384.raw,1,0,0,1,False,114.0377,"[0, 255]","[0.0, 0.99609375]",
test/non_drowsy/a0385.raw,1,1,0,0,False,60.0798,"[151, 105]","[0.58984375, 0.41015625]",
test/non_drowsy/a0386.raw,1,0,0,1,False,59.8111,"[4, 252]","[0.015625, 0.984375]",
test/non_drowsy/a0387.raw,1,0,0,1,False,95.6318,"[3, 253]","[0.01171875, 0.98828125]",
test/non_drowsy/a0388.raw,1,0,0,1,False,98.201,"[1, 255]","[0.00390625, 0.99609375]",
test/non_drowsy/a0389.raw,1,0,0,1,False,86.6012,"[0, 255]","[0.0, 0.99609375]",
test/non_drowsy/a0390.raw,1,0,0,1,False,88.5819,"[4, 252]","[0.015625, 0.984375]",
test/non_drowsy/a0391.raw,1,,0,0,True,73.7272,"[128, 128]","[0.5, 0.5]",
test/non_drowsy/a0392.raw,1,0,0,1,False,96.1251,"[0, 255]","[0.0, 0.99609375]",
test/non_drowsy/a0393.raw,1,0,0,1,False,67.9593,"[6, 250]","[0.0234375, 0.9765625]",
test/non_drowsy/a0394.raw,1,0,0,1,False,82.0522,"[0, 255]","[0.0, 0.99609375]",
test/non_drowsy/a0395.raw,1,0,0,1,False,109.234,"[0, 255]","[0.0, 0.99609375]",
test/non_drowsy/a0396.raw,1,0,0,1,False,86.5864,"[0, 255]","[0.0, 0.99609375]",
test/non_drowsy/a0397.raw,1,1,0,0,False,102.0596,"[255, 1]","[0.99609375, 0.00390625]",
test/non_drowsy/a0398.raw,1,0,0,1,False,120.3081,"[1, 255]","[0.00390625, 0.99609375]",
test/non_drowsy/a0399.raw,1,0,0,1,False,90.8912,"[0, 255]","[0.0, 0.99609375]",
test/non_drowsy/a0400.raw,1,0,0,1,False,51.2677,"[0, 255]","[0.0, 0.99609375]",
test/non_drowsy/a0401.raw,1,0,0,1,False,82.6075,"[0, 255]","[0.0, 0.99609375]",
test/non_drowsy/a0402.raw,1,0,0,1,False,61.7061,"[0, 255]","[0.0, 0.99609375]",
test/non_drowsy/a0403.raw,1,0,0,1,False,78.5217,"[0, 255]","[0.0, 0.99609375]",
test/non_drowsy/a0404.raw,1,0,0,1,False,81.3204,"[0, 255]","[0.0, 0.99609375]",
test/non_drowsy/a0405.raw,1,0,0,1,False,51.9337,"[0, 255]","[0.0, 0.99609375]",
test/non_drowsy/a0406.raw,1,0,0,1,False,51.0944,"[0, 255]","[0.0, 0.99609375]",
test/non_drowsy/a0407.raw,1,0,0,1,False,80.3416,"[0, 255]","[0.0, 0.99609375]",
test/non_drowsy/a0408.raw,1,0,0,1,False,52.4002,"[0, 255]","[0.0, 0.99609375]",
test/non_drowsy/a0409.raw,1,0,0,1,False,107.4986,"[1, 255]","[0.00390625, 0.99609375]",
test/non_drowsy/a0410.raw,1,0,0,1,False,99.8663,"[0, 255]","[0.0, 0.99609375]",
test/non_drowsy/a0411.raw,1,0,0,1,False,86.1572,"[0, 255]","[0.0, 0.99609375]",
test/non_drowsy/a0412.raw,1,0,0,1,False,83.052,"[0, 255]","[0.0, 0.99609375]",
test/non_drowsy/a0413.raw,1,0,0,1,False,52.9664,"[0, 255]","[0.0, 0.99609375]",
test/non_drowsy/a0414.raw,1,0,0,1,False,84.1885,"[0, 255]","[0.0, 0.99609375]",
test/non_drowsy/a0415.raw,1,0,0,1,False,62.7225,"[1, 255]","[0.00390625, 0.99609375]",
test/non_drowsy/a0416.raw,1,0,0,1,False,114.8902,"[49, 207]","[0.19140625, 0.80859375]",
test/non_drowsy/a0417.raw,1,0,0,1,False,70.8857,"[11, 245]","[0.04296875, 0.95703125]",
test/non_drowsy/a0418.raw,1,0,0,1,False,99.101,"[15, 241]","[0.05859375, 0.94140625]",
test/non_drowsy/a0419.raw,1,0,0,1,False,81.1732,"[0, 255]","[0.0, 0.99609375]",
test/non_drowsy/a0420.raw,1,0,0,1,False,93.556,"[0, 255]","[0.0, 0.99609375]",
test/non_drowsy/a0421.raw,1,0,0,1,False,91.389,"[0, 255]","[0.0, 0.99609375]",
test/non_drowsy/a0422.raw,1,0,0,1,False,83.2862,"[0, 255]","[0.0, 0.99609375]",
test/non_drowsy/a0423.raw,1,0,0,1,False,78.4351,"[3, 253]","[0.01171875, 0.98828125]",
test/non_drowsy/a0424.raw,1,0,0,1,False,88.107,"[0, 255]","[0.0, 0.99609375]",
test/non_drowsy/a0425.raw,1,0,0,1,False,81.3771,"[0, 255]","[0.0, 0.99609375]",
test/non_drowsy/a0426.raw,1,0,0,1,False,96.7128,"[0, 255]","[0.0, 0.99609375]",
test/non_drowsy/a0427.raw,1,0,0,1,False,69.2583,"[0, 255]","[0.0, 0.99609375]",
test/non_drowsy/a0428.raw,1,0,0,1,False,82.9151,"[0, 255]","[0.0, 0.99609375]",
test/non_drowsy/a0429.raw,1,0,0,1,False,63.9329,"[0, 255]","[0.0, 0.99609375]",
test/non_drowsy/a0430.raw,1,0,0,1,False,111.4604,"[0, 255]","[0.0, 0.99609375]",
test/non_drowsy/a0431.raw,1,0,0,1,False,76.8189,"[0, 255]","[0.0, 0.99609375]",
test/non_drowsy/a0432.raw,1,0,0,1,False,52.236,"[0, 255]","[0.0, 0.99609375]",
test/non_drowsy/a0433.raw,1,0,0,1,False,95.4557,"[0, 255]","[0.0, 0.99609375]",
test/non_drowsy/a0434.raw,1,1,0,0,False,83.7109,"[252, 4]","[0.984375, 0.015625]",
test/non_drowsy/a0435.raw,1,0,0,1,False,121.8818,"[0, 255]","[0.0, 0.99609375]",
test/non_drowsy/a0436.raw,1,0,0,1,False,125.2028,"[8, 248]","[0.03125, 0.96875]",
test/non_drowsy/a0437.raw,1,0,0,1,False,124.2877,"[0, 255]","[0.0, 0.99609375]",
test/non_drowsy/a0438.raw,1,0,0,1,False,85.1778,"[0, 255]","[0.0, 0.99609375]",
test/non_drowsy/a0439.raw,1,0,0,1,False,126.1482,"[0, 255]","[0.0, 0.99609375]",
test/non_drowsy/a0440.raw,1,0,0,1,False,61.7825,"[0, 255]","[0.0, 0.99609375]",
test/non_drowsy/a0441.raw,1,0,0,1,False,74.8796,"[0, 255]","[0.0, 0.99609375]",
test/non_drowsy/a0442.raw,1,0,0,1,False,129.6241,"[0, 255]","[0.0, 0.99609375]",
test/non_drowsy/a0443.raw,1,0,0,1,False,73.1871,"[0, 255]","[0.0, 0.99609375]",
test/non_drowsy/a0444.raw,1,0,0,1,False,60.7982,"[8, 248]","[0.03125, 0.96875]",
test/non_drowsy/a0445.raw,1,0,0,1,False,135.1773,"[0, 255]","[0.0, 0.99609375]",
test/non_drowsy/a0446.raw,1,0,0,1,False,69.3078,"[0, 255]","[0.0, 0.99609375]",
test/non_drowsy/a0447.raw,1,0,0,1,False,53.1456,"[0, 255]","[0.0, 0.99609375]",
test/non_drowsy/a0448.raw,1,0,0,1,False,95.9276,"[0, 255]","[0.0, 0.99609375]",
test/non_drowsy/a0449.raw,1,0,0,1,False,102.9514,"[0, 255]","[0.0, 0.99609375]",
test/non_drowsy/a0450.raw,1,0,0,1,False,121.1067,"[0, 255]","[0.0, 0.99609375]",
test/non_drowsy/a0451.raw,1,0,0,1,False,115.4958,"[0, 255]","[0.0, 0.99609375]",
test/non_drowsy/a0452.raw,1,0,0,1,False,109.345,"[0, 255]","[0.0, 0.99609375]",
test/non_drowsy/a0453.raw,1,0,0,1,False,72.3401,"[0, 255]","[0.0, 0.99609375]",
test/non_drowsy/a0454.raw,1,0,0,1,False,71.3797,"[0, 255]","[0.0, 0.99609375]",
test/non_drowsy/a0455.raw,1,0,0,1,False,97.7462,"[0, 255]","[0.0, 0.99609375]",
test/non_drowsy/a0456.raw,1,0,0,1,False,93.4916,"[0, 255]","[0.0, 0.99609375]",
test/non_drowsy/a0457.raw,1,0,0,1,False,77.3617,"[0, 255]","[0.0, 0.99609375]",
test/non_drowsy/a0458.raw,1,0,0,1,False,51.5986,"[0, 255]","[0.0, 0.99609375]",
test/non_drowsy/a0459.raw,1,0,0,1,False,90.5839,"[0, 255]","[0.0, 0.99609375]",
test/non_drowsy/a0460.raw,1,0,0,1,False,108.5956,"[0, 255]","[0.0, 0.99609375]",
test/non_drowsy/a0461.raw,1,0,0,1,False,52.3022,"[0, 255]","[0.0, 0.99609375]",
test/non_drowsy/a0462.raw,1,0,0,1,False,92.4732,"[0, 255]","[0.0, 0.99609375]",
test/non_drowsy/a0463.raw,1,0,0,1,False,109.6652,"[0, 255]","[0.0, 0.99609375]",
test/non_drowsy/a0464.raw,1,0,0,1,False,85.4765,"[0, 255]","[0.0, 0.99609375]",
test/non_drowsy/a0465.raw,1,0,0,1,False,77.6816,"[0, 255]","[0.0, 0.99609375]",
test/non_drowsy/a0466.raw,1,0,0,1,False,102.8662,"[0, 255]","[0.0, 0.99609375]",
test/non_drowsy/a0467.raw,1,0,0,1,False,96.098,"[0, 255]","[0.0, 0.99609375]",
test/non_drowsy/a0468.raw,1,0,0,1,False,86.6274,"[0, 255]","[0.0, 0.99609375]",
test/non_drowsy/a0469.raw,1,0,0,1,False,118.4286,"[1, 255]","[0.00390625, 0.99609375]",
test/non_drowsy/a0470.raw,1,0,0,1,False,61.3811,"[0, 255]","[0.0, 0.99609375]",
test/non_drowsy/a0471.raw,1,0,0,1,False,97.5344,"[0, 255]","[0.0, 0.99609375]",
test/non_drowsy/a0472.raw,1,0,0,1,False,95.6189,"[0, 255]","[0.0, 0.99609375]",
test/non_drowsy/a0473.raw,1,0,0,1,False,109.2918,"[0, 255]","[0.0, 0.99609375]",
test/non_drowsy/a0474.raw,1,0,0,1,False,117.7957,"[0, 255]","[0.0, 0.99609375]",
test/non_drowsy/a0475.raw,1,0,0,1,False,84.1371,"[0, 255]","[0.0, 0.99609375]",
test/non_drowsy/a0476.raw,1,0,0,1,False,109.805,"[1, 255]","[0.00390625, 0.99609375]",
test/non_drowsy/a0477.raw,1,0,0,1,False,103.8339,"[11, 245]","[0.04296875, 0.95703125]",
test/non_drowsy/a0478.raw,1,0,0,1,False,113.5295,"[0, 255]","[0.0, 0.99609375]",
test/non_drowsy/a0479.raw,1,0,0,1,False,92.3997,"[0, 255]","[0.0, 0.99609375]",
test/non_drowsy/a0480.raw,1,0,0,1,False,109.2261,"[1, 255]","[0.00390625, 0.99609375]",
test/non_drowsy/a0481.raw,1,0,0,1,False,78.7201,"[0, 255]","[0.0, 0.99609375]",
test/non_drowsy/a0482.raw,1,0,0,1,False,52.3405,"[1, 255]","[0.00390625, 0.99609375]",
test/non_drowsy/a0483.raw,1,0,0,1,False,86.7486,"[0, 255]","[0.0, 0.99609375]",
test/non_drowsy/a0484.raw,1,0,0,1,False,90.2743,"[0, 255]","[0.0, 0.99609375]",
test/non_drowsy/a0485.raw,1,0,0,1,False,108.2594,"[0, 255]","[0.0, 0.99609375]",
test/non_drowsy/a0486.raw,1,0,0,1,False,110.1586,"[0, 255]","[0.0, 0.99609375]",
test/non_drowsy/a0487.raw,1,0,0,1,False,98.6928,"[0, 255]","[0.0, 0.99609375]",
test/non_drowsy/a0488.raw,1,0,0,1,False,77.1347,"[0, 255]","[0.0, 0.99609375]",
test/non_drowsy/a0489.raw,1,0,0,1,False,87.7454,"[0, 255]","[0.0, 0.99609375]",
test/non_drowsy/a0490.raw,1,0,0,1,False,51.6653,"[0, 255]","[0.0, 0.99609375]",
test/non_drowsy/a0491.raw,1,0,0,1,False,76.1372,"[0, 255]","[0.0, 0.99609375]",
test/non_drowsy/a0492.raw,1,0,0,1,False,54.8992,"[0, 255]","[0.0, 0.99609375]",
test/non_drowsy/a0493.raw,1,0,0,1,False,98.5127,"[0, 255]","[0.0, 0.99609375]",
test/non_drowsy/a0494.raw,1,0,0,1,False,56.1972,"[0, 255]","[0.0, 0.99609375]",
test/non_drowsy/a0495.raw,1,0,0,1,False,92.2138,"[0, 255]","[0.0, 0.99609375]",
test/non_drowsy/a0496.raw,1,0,0,1,False,94.8109,"[0, 255]","[0.0, 0.99609375]",
test/non_drowsy/a0497.raw,1,0,0,1,False,90.2863,"[0, 255]","[0.0, 0.99609375]",
test/non_drowsy/a0498.raw,1,0,0,1,False,104.6902,"[1, 255]","[0.00390625, 0.99609375]",
test/non_drowsy/a0499.raw,1,0,0,1,False,119.0841,"[0, 255]","[0.0, 0.99609375]",
test/non_drowsy/a0500.raw,1,0,0,1,False,113.3297,"[5, 251]","[0.01953125, 0.98046875]",
test/non_drowsy/a0501.raw,1,0,0,1,False,99.0915,"[0, 255]","[0.0, 0.99609375]",
test/non_drowsy/a0502.raw,1,0,0,1,False,110.9411,"[0, 255]","[0.0, 0.99609375]",
test/non_drowsy/a0503.raw,1,0,0,1,False,69.9026,"[0, 255]","[0.0, 0.99609375]",
test/non_drowsy/a0504.raw,1,0,0,1,False,52.2295,"[0, 255]","[0.0, 0.99609375]",
test/non_drowsy/a0505.raw,1,0,0,1,False,104.9862,"[0, 255]","[0.0, 0.99609375]",
test/non_drowsy/a0506.raw,1,0,0,1,False,77.1858,"[0, 255]","[0.0, 0.99609375]",
test/non_drowsy/a0507.raw,1,0,0,1,False,52.3052,"[0, 255]","[0.0, 0.99609375]",
test/non_drowsy/a0508.raw,1,0,0,1,False,78.6288,"[0, 255]","[0.0, 0.99609375]",
test/non_drowsy/a0509.raw,1,0,0,1,False,67.5346,"[0, 255]","[0.0, 0.99609375]",
test/non_drowsy/a0510.raw,1,0,0,1,False,101.5869,"[10, 246]","[0.0390625, 0.9609375]",
test/non_drowsy/a0511.raw,1,0,0,1,False,113.5659,"[0, 255]","[0.0, 0.99609375]",
test/non_drowsy/a0512.raw,1,0,0,1,False,67.6736,"[0, 255]","[0.0, 0.99609375]",
test/non_drowsy/a0513.raw,1,0,0,1,False,59.9681,"[0, 255]","[0.0, 0.99609375]",
test/non_drowsy/a0514.raw,1,0,0,1,False,64.1438,"[0, 255]","[0.0, 0.99609375]",
test/non_drowsy/a0515.raw,1,0,0,1,False,76.9314,"[7, 249]","[0.02734375, 0.97265625]",
test/non_drowsy/a0516.raw,1,0,0,1,False,82.376,"[0, 255]","[0.0, 0.99609375]",
test/non_drowsy/a0517.raw,1,0,0,1,False,119.5,"[0, 255]","[0.0, 0.99609375]",
test/non_drowsy/a0518.raw,1,0,0,1,False,75.9549,"[0, 255]","[0.0, 0.99609375]",
test/non_drowsy/a0519.raw,1,0,0,1,False,59.9907,"[0, 255]","[0.0, 0.99609375]",
test/non_drowsy/a0520.raw,1,0,0,1,False,83.4285,"[0, 255]","[0.0, 0.99609375]",
test/non_drowsy/a0521.raw,1,0,0,1,False,70.033,"[0, 255]","[0.0, 0.99609375]",
test/non_drowsy/a0522.raw,1,0,0,1,False,79.3506,"[0, 255]","[0.0, 0.99609375]",
test/non_drowsy/a0523.raw,1,0,0,1,False,83.0107,"[0, 255]","[0.0, 0.99609375]",
test/non_drowsy/a0524.raw,1,0,0,1,False,89.2669,"[0, 255]","[0.0, 0.99609375]",
test/non_drowsy/a0525.raw,1,0,0,1,False,61.4667,"[0, 255]","[0.0, 0.99609375]",
test/non_drowsy/a0526.raw,1,0,0,1,False,105.9217,"[0, 255]","[0.0, 0.99609375]",
test/non_drowsy/a0527.raw,1,0,0,1,False,80.5871,"[0, 255]","[0.0, 0.99609375]",
test/non_drowsy/a0528.raw,1,0,0,1,False,68.9738,"[0, 255]","[0.0, 0.99609375]",
test/non_drowsy/a0529.raw,1,0,0,1,False,65.6984,"[0, 255]","[0.0, 0.99609375]",
test/non_drowsy/a0530.raw,1,0,0,1,False,97.7258,"[0, 255]","[0.0, 0.99609375]",
test/non_drowsy/a0531.raw,1,0,0,1,False,120.1349,"[0, 255]","[0.0, 0.99609375]",
test/non_drowsy/a0532.raw,1,0,0,1,False,104.1468,"[0, 255]","[0.0, 0.99609375]",
test/non_drowsy/a0533.raw,1,0,0,1,False,51.4282,"[0, 255]","[0.0, 0.99609375]",
test/non_drowsy/a0534.raw,1,0,0,1,False,103.0432,"[0, 255]","[0.0, 0.99609375]",
test/non_drowsy/a0535.raw,1,0,0,1,False,91.3982,"[0, 255]","[0.0, 0.99609375]",
test/non_drowsy/a0536.raw,1,0,0,1,False,97.3614,"[0, 255]","[0.0, 0.99609375]",
test/non_drowsy/a0537.raw,1,0,0,1,False,124.23,"[0, 255]","[0.0, 0.99609375]",
test/non_drowsy/a0538.raw,1,0,0,1,False,75.3641,"[0, 255]","[0.0, 0.99609375]",
test/non_drowsy/a0539.raw,1,0,0,1,False,73.9936,"[0, 255]","[0.0, 0.99609375]",
test/non_drowsy/a0540.raw,1,0,0,1,False,106.3877,"[0, 255]","[0.0, 0.99609375]",
test/non_drowsy/a0541.raw,1,0,0,1,False,112.6634,"[0, 255]","[0.0, 0.99609375]",
test/non_drowsy/a0542.raw,1,0,0,1,False,108.2718,"[0, 255]","[0.0, 0.99609375]",
test/non_drowsy/a0543.raw,1,0,0,1,False,105.4229,"[0, 255]","[0.0, 0.99609375]",
test/non_drowsy/a0544.raw,1,0,0,1,False,89.5531,"[0, 255]","[0.0, 0.99609375]",
test/non_drowsy/a0545.raw,1,0,0,1,False,101.1514,"[0, 255]","[0.0, 0.99609375]",
test/non_drowsy/a0546.raw,1,0,0,1,False,76.0352,"[0, 255]","[0.0, 0.99609375]",
test/non_drowsy/a0547.raw,1,0,0,1,False,88.9049,"[0, 255]","[0.0, 0.99609375]",
test/non_drowsy/a0548.raw,1,0,0,1,False,93.5982,"[0, 255]","[0.0, 0.99609375]",
test/non_drowsy/a0549.raw,1,0,0,1,False,123.1722,"[0, 255]","[0.0, 0.99609375]",
test/non_drowsy/a0550.raw,1,0,0,1,False,78.0243,"[0, 255]","[0.0, 0.99609375]",
test/non_drowsy/a0551.raw,1,0,0,1,False,62.6625,"[0, 255]","[0.0, 0.99609375]",
test/non_drowsy/a0552.raw,1,0,0,1,False,92.4719,"[0, 255]","[0.0, 0.99609375]",
test/non_drowsy/a0553.raw,1,0,0,1,False,99.5098,"[0, 255]","[0.0, 0.99609375]",
test/non_drowsy/a0554.raw,1,0,0,1,False,114.0163,"[0, 255]","[0.0, 0.99609375]",
test/non_drowsy/a0555.raw,1,0,0,1,False,79.4938,"[0, 255]","[0.0, 0.99609375]",
test/non_drowsy/a0556.raw,1,0,0,1,False,86.7346,"[0, 255]","[0.0, 0.99609375]",
test/non_drowsy/a0557.raw,1,0,0,1,False,93.2082,"[0, 255]","[0.0, 0.99609375]",
test/non_drowsy/a0558.raw,1,0,0,1,False,89.2339,"[54, 202]","[0.2109375, 0.7890625]",
test/non_drowsy/a0559.raw,1,0,0,1,False,52.6686,"[5, 251]","[0.01953125, 0.98046875]",
test/non_drowsy/a0560.raw,1,0,0,1,False,82.1911,"[1, 255]","[0.00390625, 0.99609375]",
test/non_drowsy/a0561.raw,1,0,0,1,False,75.3505,"[0, 255]","[0.0, 0.99609375]",
test/non_drowsy/a0562.raw,1,0,0,1,False,71.4593,"[0, 255]","[0.0, 0.99609375]",
test/non_drowsy/a0563.raw,1,0,0,1,False,87.3222,"[0, 255]","[0.0, 0.99609375]",
test/non_drowsy/a0564.raw,1,0,0,1,False,103.878,"[0, 255]","[0.0, 0.99609375]",
test/non_drowsy/a0565.raw,1,0,0,1,False,117.9715,"[0, 255]","[0.0, 0.99609375]",
test/non_drowsy/a0566.raw,1,0,0,1,False,91.8375,"[0, 255]","[0.0, 0.99609375]",
test/non_drowsy/a0567.raw,1,0,0,1,False,51.8241,"[0, 255]","[0.0, 0.99609375]",
test/non_drowsy/a0568.raw,1,0,0,1,False,74.3826,"[0, 255]","[0.0, 0.99609375]",
test/non_drowsy/a0569.raw,1,0,0,1,False,115.1805,"[0, 255]","[0.0, 0.99609375]",
test/non_drowsy/a0570.raw,1,0,0,1,False,71.9794,"[0, 255]","[0.0, 0.99609375]",
test/non_drowsy/a0571.raw,1,0,0,1,False,82.7074,"[0, 255]","[0.0, 0.99609375]",
test/non_drowsy/a0572.raw,1,0,0,1,False,92.5235,"[0, 255]","[0.0, 0.99609375]",
test/non_drowsy/a0573.raw,1,0,0,1,False,51.996,"[0, 255]","[0.0, 0.99609375]",
test/non_drowsy/a0574.raw,1,0,0,1,False,93.0689,"[0, 255]","[0.0, 0.99609375]",
test/non_drowsy/a0575.raw,1,0,0,1,False,96.078,"[0, 255]","[0.0, 0.99609375]",
test/non_drowsy/a0576.raw,1,0,0,1,False,85.3269,"[0, 255]","[0.0, 0.99609375]",
test/non_drowsy/a0577.raw,1,0,0,1,False,61.0317,"[0, 255]","[0.0, 0.99609375]",
test/non_drowsy/a0578.raw,1,0,0,1,False,51.7995,"[0, 255]","[0.0, 0.99609375]",
test/non_drowsy/a0579.raw,1,0,0,1,False,82.1154,"[0, 255]","[0.0, 0.99609375]",
test/non_drowsy/a0580.raw,1,0,0,1,False,101.7406,"[0, 255]","[0.0, 0.99609375]",
test/non_drowsy/a0581.raw,1,0,0,1,False,106.711,"[0, 255]","[0.0, 0.99609375]",
test/non_drowsy/a0582.raw,1,0,0,1,False,69.5891,"[0, 255]","[0.0, 0.99609375]",
test/non_drowsy/a0583.raw,1,0,0,1,False,65.8341,"[0, 255]","[0.0, 0.99609375]",
test/non_drowsy/a0584.raw,1,0,0,1,False,82.311,"[0, 255]","[0.0, 0.99609375]",
test/non_drowsy/a0585.raw,1,0,0,1,False,121.4936,"[0, 255]","[0.0, 0.99609375]",
test/non_drowsy/a0586.raw,1,0,0,1,False,93.986,"[0, 255]","[0.0, 0.99609375]",
test/non_drowsy/a0587.raw,1,0,0,1,False,77.565,"[0, 255]","[0.0, 0.99609375]",
test/non_drowsy/a0588.raw,1,0,0,1,False,84.6167,"[0, 255]","[0.0, 0.99609375]",
test/non_drowsy/a0589.raw,1,0,0,1,False,107.6208,"[0, 255]","[0.0, 0.99609375]",
test/non_drowsy/a0590.raw,1,0,0,1,False,91.1063,"[0, 255]","[0.0, 0.99609375]",
test/non_drowsy/a0591.raw,1,0,0,1,False,107.1982,"[0, 255]","[0.0, 0.99609375]",
test/non_drowsy/a0592.raw,1,0,0,1,False,76.886,"[0, 255]","[0.0, 0.99609375]",
test/non_drowsy/a0593.raw,1,0,0,1,False,89.191,"[0, 255]","[0.0, 0.99609375]",
test/non_drowsy/a0594.raw,1,0,0,1,False,84.4062,"[0, 255]","[0.0, 0.99609375]",
test/non_drowsy/a0595.raw,1,0,0,1,False,95.1797,"[0, 255]","[0.0, 0.99609375]",
test/non_drowsy/a0596.raw,1,0,0,1,False,99.43,"[0, 255]","[0.0, 0.99609375]",
test/non_drowsy/a0597.raw,1,0,0,1,False,54.1575,"[0, 255]","[0.0, 0.99609375]",
test/non_drowsy/a0598.raw,1,0,0,1,False,73.7512,"[4, 252]","[0.015625, 0.984375]",
test/non_drowsy/a0599.raw,1,0,0,1,False,97.0092,"[0, 255]","[0.0, 0.99609375]",
test/non_drowsy/a0600.raw,1,0,0,1,False,79.9917,"[0, 255]","[0.0, 0.99609375]",
test/non_drowsy/a0601.raw,1,0,0,1,False,71.9639,"[0, 255]","[0.0, 0.99609375]",
test/non_drowsy/a0602.raw,1,0,0,1,False,54.073,"[0, 255]","[0.0, 0.99609375]",
test/non_drowsy/a0603.raw,1,0,0,1,False,53.7431,"[0, 255]","[0.0, 0.99609375]",
test/non_drowsy/a0604.raw,1,0,0,1,False,73.0746,"[0, 255]","[0.0, 0.99609375]",
test/non_drowsy/a0605.raw,1,0,0,1,False,61.9425,"[0, 255]","[0.0, 0.99609375]",
test/non_drowsy/a0606.raw,1,0,0,1,False,111.4253,"[0, 255]","[0.0, 0.99609375]",
test/non_drowsy/a0607.raw,1,0,0,1,False,62.2369,"[0, 255]","[0.0, 0.99609375]",
test/non_drowsy/a0608.raw,1,0,0,1,False,51.5828,"[0, 255]","[0.0, 0.99609375]",
test/non_drowsy/a0609.raw,1,0,0,1,False,60.3284,"[0, 255]","[0.0, 0.99609375]",
test/non_drowsy/a0610.raw,1,0,0,1,False,127.1422,"[0, 255]","[0.0, 0.99609375]",
test/non_drowsy/a0611.raw,1,0,0,1,False,102.4436,"[0, 255]","[0.0, 0.99609375]",
test/non_drowsy/a0612.raw,1,0,0,1,False,107.1428,"[0, 255]","[0.0, 0.99609375]",
test/non_drowsy/a0613.raw,1,0,0,1,False,71.6343,"[0, 255]","[0.0, 0.99609375]",
test/non_drowsy/a0614.raw,1,0,0,1,False,102.6953,"[0, 255]","[0.0, 0.99609375]",
test/non_drowsy/a0615.raw,1,0,0,1,False,98.3536,"[0, 255]","[0.0, 0.99609375]",
test/non_drowsy/a0616.raw,1,0,0,1,False,115.5526,"[0, 255]","[0.0, 0.99609375]",
test/non_drowsy/a0617.raw,1,0,0,1,False,109.7586,"[0, 255]","[0.0, 0.99609375]",
test/non_drowsy/a0618.raw,1,0,0,1,False,82.2067,"[0, 255]","[0.0, 0.99609375]",
test/non_drowsy/a0619.raw,1,0,0,1,False,92.3337,"[0, 255]","[0.0, 0.99609375]",
test/non_drowsy/a0620.raw,1,0,0,1,False,115.5063,"[3, 253]","[0.01171875, 0.98828125]",
test/non_drowsy/a0621.raw,1,0,0,1,False,65.1403,"[0, 255]","[0.0, 0.99609375]",
test/non_drowsy/a0622.raw,1,0,0,1,False,82.3088,"[0, 255]","[0.0, 0.99609375]",
test/non_drowsy/a0623.raw,1,0,0,1,False,71.0697,"[0, 255]","[0.0, 0.99609375]",
test/non_drowsy/a0624.raw,1,0,0,1,False,97.766,"[0, 255]","[0.0, 0.99609375]",
test/non_drowsy/a0625.raw,1,0,0,1,False,67.4413,"[0, 255]","[0.0, 0.99609375]",
test/non_drowsy/a0626.raw,1,0,0,1,False,83.4552,"[0, 255]","[0.0, 0.99609375]",
test/non_drowsy/a0627.raw,1,0,0,1,False,74.5497,"[0, 255]","[0.0, 0.99609375]",
test/non_drowsy/a0628.raw,1,0,0,1,False,108.3504,"[0, 255]","[0.0, 0.99609375]",
test/non_drowsy/a0629.raw,1,0,0,1,False,83.1908,"[0, 255]","[0.0, 0.99609375]",
test/non_drowsy/a0630.raw,1,0,0,1,False,115.0762,"[0, 255]","[0.0, 0.99609375]",
test/non_drowsy/a0631.raw,1,0,0,1,False,100.1461,"[0, 255]","[0.0, 0.99609375]",
test/non_drowsy/a0632.raw,1,0,0,1,False,128.036,"[0, 255]","[0.0, 0.99609375]",
test/non_drowsy/a0633.raw,1,0,0,1,False,127.7169,"[0, 255]","[0.0, 0.99609375]",
test/non_drowsy/a0634.raw,1,0,0,1,False,112.6922,"[0, 255]","[0.0, 0.99609375]",
test/non_drowsy/a0635.raw,1,0,0,1,False,77.5597,"[0, 255]","[0.0, 0.99609375]",
test/non_drowsy/a0636.raw,1,0,0,1,False,91.7682,"[0, 255]","[0.0, 0.99609375]",
test/non_drowsy/a0637.raw,1,0,0,1,False,93.2671,"[0, 255]","[0.0, 0.99609375]",
test/non_drowsy/a0638.raw,1,0,0,1,False,120.8052,"[0, 255]","[0.0, 0.99609375]",
test/non_drowsy/a0639.raw,1,0,0,1,False,113.7195,"[0, 255]","[0.0, 0.99609375]",
test/non_drowsy/a0640.raw,1,0,0,1,False,121.9441,"[0, 255]","[0.0, 0.99609375]",
test/non_drowsy/a0641.raw,1,0,0,1,False,106.9196,"[0, 255]","[0.0, 0.99609375]",
test/non_drowsy/a0642.raw,1,0,0,1,False,107.3183,"[0, 255]","[0.0, 0.99609375]",
test/non_drowsy/a0643.raw,1,0,0,1,False,65.8827,"[0, 255]","[0.0, 0.99609375]",
test/non_drowsy/a0644.raw,1,0,0,1,False,58.6402,"[0, 255]","[0.0, 0.99609375]",
test/non_drowsy/a0645.raw,1,0,0,1,False,99.6826,"[0, 255]","[0.0, 0.99609375]",
test/non_drowsy/a0646.raw,1,0,0,1,False,78.2371,"[0, 255]","[0.0, 0.99609375]",
test/non_drowsy/a0647.raw,1,0,0,1,False,82.2615,"[0, 255]","[0.0, 0.99609375]",
test/non_drowsy/a0648.raw,1,0,0,1,False,80.6638,"[0, 255]","[0.0, 0.99609375]",
test/non_drowsy/a0649.raw,1,0,0,1,False,117.696,"[0, 255]","[0.0, 0.99609375]",
test/non_drowsy/a0650.raw,1,0,0,1,False,126.3424,"[0, 255]","[0.0, 0.99609375]",
test/non_drowsy/a0651.raw,1,0,0,1,False,94.0628,"[0, 255]","[0.0, 0.99609375]",
test/non_drowsy/a0652.raw,1,0,0,1,False,121.221,"[0, 255]","[0.0, 0.99609375]",
test/non_drowsy/a0653.raw,1,0,0,1,False,86.337,"[1, 255]","[0.00390625, 0.99609375]",
test/non_drowsy/a0654.raw,1,0,0,1,False,109.46,"[0, 255]","[0.0, 0.99609375]",
test/non_drowsy/a0655.raw,1,0,0,1,False,120.3721,"[0, 255]","[0.0, 0.99609375]",
test/non_drowsy/a0656.raw,1,0,0,1,False,114.3765,"[0, 255]","[0.0, 0.99609375]",
test/non_drowsy/a0657.raw,1,0,0,1,False,89.3006,"[0, 255]","[0.0, 0.99609375]",
test/non_drowsy/a0658.raw,1,0,0,1,False,79.5424,"[0, 255]","[0.0, 0.99609375]",
test/non_drowsy/a0659.raw,1,0,0,1,False,106.0728,"[0, 255]","[0.0, 0.99609375]",
test/non_drowsy/a0660.raw,1,0,0,1,False,62.3666,"[0, 255]","[0.0, 0.99609375]",
test/non_drowsy/a0661.raw,1,0,0,1,False,57.4934,"[0, 255]","[0.0, 0.99609375]",
test/non_drowsy/a0662.raw,1,0,0,1,False,76.037,"[0, 255]","[0.0, 0.99609375]",
test/non_drowsy/a0663.raw,1,0,0,1,False,133.6426,"[0, 255]","[0.0, 0.99609375]",
test/non_drowsy/a0664.raw,1,0,0,1,False,98.4085,"[0, 255]","[0.0, 0.99609375]",
test/non_drowsy/a0665.raw,1,0,0,1,False,150.458,"[0, 255]","[0.0, 0.99609375]",
test/non_drowsy/a0666.raw,1,0,0,1,False,84.4953,"[0, 255]","[0.0, 0.99609375]",
test/non_drowsy/a0667.raw,1,0,0,1,False,72.4415,"[0, 255]","[0.0, 0.99609375]",
test/non_drowsy/a0668.raw,1,0,0,1,False,99.0316,"[0, 255]","[0.0, 0.99609375]",
test/non_drowsy/a0669.raw,1,0,0,1,False,119.7085,"[0, 255]","[0.0, 0.99609375]",
test/non_drowsy/a0670.raw,1,0,0,1,False,93.6458,"[0, 255]","[0.0, 0.99609375]",
test/non_drowsy/a0671.raw,1,0,0,1,False,104.397,"[0, 255]","[0.0, 0.99609375]",
test/non_drowsy/a0672.raw,1,0,0,1,False,80.0918,"[0, 255]","[0.0, 0.99609375]",
test/non_drowsy/a0673.raw,1,0,0,1,False,50.5817,"[0, 255]","[0.0, 0.99609375]",
test/non_drowsy/a0674.raw,1,0,0,1,False,59.1818,"[0, 255]","[0.0, 0.99609375]",
test/non_drowsy/a0675.raw,1,0,0,1,False,99.9814,"[0, 255]","[0.0, 0.99609375]",
test/non_drowsy/a0676.raw,1,0,0,1,False,116.4108,"[0, 255]","[0.0, 0.99609375]",
test/non_drowsy/a0677.raw,1,0,0,1,False,96.4763,"[0, 255]","[0.0, 0.99609375]",
test/non_drowsy/a0678.raw,1,0,0,1,False,117.5196,"[0, 255]","[0.0, 0.99609375]",
test/non_drowsy/a0679.raw,1,0,0,1,False,94.8503,"[0, 255]","[0.0, 0.99609375]",
test/non_drowsy/a0680.raw,1,0,0,1,False,55.7531,"[0, 255]","[0.0, 0.99609375]",
test/non_drowsy/a0681.raw,1,0,0,1,False,51.9598,"[0, 255]","[0.0, 0.99609375]",
test/non_drowsy/a0682.raw,1,0,0,1,False,66.1985,"[0, 255]","[0.0, 0.99609375]",
test/non_drowsy/a0683.raw,1,0,0,1,False,60.6199,"[0, 255]","[0.0, 0.99609375]",
test/non_drowsy/a0684.raw,1,0,0,1,False,65.4973,"[0, 255]","[0.0, 0.99609375]",
test/non_drowsy/a0685.raw,1,0,0,1,False,94.7125,"[0, 255]","[0.0, 0.99609375]",
test/non_drowsy/a0686.raw,1,0,0,1,False,69.8355,"[0, 255]","[0.0, 0.99609375]",
test/non_drowsy/a0687.raw,1,0,0,1,False,84.764,"[0, 255]","[0.0, 0.99609375]",
test/non_drowsy/a0688.raw,1,0,0,1,False,95.6557,"[0, 255]","[0.0, 0.99609375]",
test/non_drowsy/a0689.raw,1,0,0,1,False,80.4774,"[0, 255]","[0.0, 0.99609375]",
test/non_drowsy/a0690.raw,1,0,0,1,False,53.5129,"[0, 255]","[0.0, 0.99609375]",
test/non_drowsy/a0691.raw,1,0,0,1,False,74.6002,"[0, 255]","[0.0, 0.99609375]",
test/non_drowsy/a0692.raw,1,0,0,1,False,77.894,"[0, 255]","[0.0, 0.99609375]",
test/non_drowsy/a0693.raw,1,0,0,1,False,110.2559,"[0, 255]","[0.0, 0.99609375]",
test/non_drowsy/a0694.raw,1,0,0,1,False,90.6003,"[0, 255]","[0.0, 0.99609375]",
test/non_drowsy/a0695.raw,1,0,0,1,False,102.7989,"[0, 255]","[0.0, 0.99609375]",
test/non_drowsy/a0696.raw,1,0,0,1,False,52.4783,"[0, 255]","[0.0, 0.99609375]",
test/non_drowsy/a0697.raw,1,0,0,1,False,61.7094,"[0, 255]","[0.0, 0.99609375]",
test/non_drowsy/a0698.raw,1,0,0,1,False,86.0888,"[0, 255]","[0.0, 0.99609375]",
test/non_drowsy/a0699.raw,1,0,0,1,False,88.775,"[0, 255]","[0.0, 0.99609375]",
test/non_drowsy/a0700.raw,1,0,0,1,False,74.2107,"[0, 255]","[0.0, 0.99609375]",
test/non_drowsy/a0701.raw,1,0,0,1,False,114.1273,"[0, 255]","[0.0, 0.99609375]",
test/non_drowsy/a0702.raw,1,0,0,1,False,88.7864,"[0, 255]","[0.0, 0.99609375]",
test/non_drowsy/a0703.raw,1,0,0,1,False,122.1055,"[0, 255]","[0.0, 0.99609375]",
test/non_drowsy/a0704.raw,1,0,0,1,False,93.6513,"[0, 255]","[0.0, 0.99609375]",
test/non_drowsy/a0705.raw,1,0,0,1,False,95.9483,"[0, 255]","[0.0, 0.99609375]",
test/non_drowsy/a0706.raw,1,0,0,1,False,79.1774,"[0, 255]","[0.0, 0.99609375]",
test/non_drowsy/a0707.raw,1,0,0,1,False,64.7821,"[0, 255]","[0.0, 0.99609375]",
test/non_drowsy/a0708.raw,1,0,0,1,False,82.1437,"[0, 255]","[0.0, 0.99609375]",
test/non_drowsy/a0709.raw,1,0,0,1,False,91.3085,"[0, 255]","[0.0, 0.99609375]",
test/non_drowsy/a0710.raw,1,0,0,1,False,95.7869,"[0, 255]","[0.0, 0.99609375]",
test/non_drowsy/a0711.raw,1,0,0,1,False,85.8219,"[0, 255]","[0.0, 0.99609375]",
test/non_drowsy/a0712.raw,1,0,0,1,False,107.089,"[0, 255]","[0.0, 0.99609375]",
test/non_drowsy/a0713.raw,1,0,0,1,False,76.7996,"[2, 254]","[0.0078125, 0.9921875]",
test/non_drowsy/a0714.raw,1,0,0,1,False,128.6909,"[0, 255]","[0.0, 0.99609375]",
test/non_drowsy/a0715.raw,1,0,0,1,False,87.7408,"[0, 255]","[0.0, 0.99609375]",
test/non_drowsy/a0716.raw,1,0,0,1,False,68.8183,"[0, 255]","[0.0, 0.99609375]",
test/non_drowsy/a0717.raw,1,0,0,1,False,106.8054,"[0, 255]","[0.0, 0.99609375]",
test/non_drowsy/a0718.raw,1,0,0,1,False,79.5795,"[0, 255]","[0.0, 0.99609375]",
test/non_drowsy/a0719.raw,1,0,0,1,False,77.4332,"[1, 255]","[0.00390625, 0.99609375]",
test/non_drowsy/a0720.raw,1,0,0,1,False,91.2004,"[0, 255]","[0.0, 0.99609375]",
test/non_drowsy/a0721.raw,1,0,0,1,False,115.7089,"[0, 255]","[0.0, 0.99609375]",
test/non_drowsy/a0722.raw,1,0,0,1,False,116.6529,"[0, 255]","[0.0, 0.99609375]",
test/non_drowsy/a0723.raw,1,0,0,1,False,114.2203,"[11, 245]","[0.04296875, 0.95703125]",
test/non_drowsy/a0724.raw,1,0,0,1,False,115.8584,"[0, 255]","[0.0, 0.99609375]",
test/non_drowsy/a0725.raw,1,0,0,1,False,63.1601,"[0, 255]","[0.0, 0.99609375]",
test/non_drowsy/a0726.raw,1,0,0,1,False,100.8367,"[2, 254]","[0.0078125, 0.9921875]",
test/non_drowsy/a0727.raw,1,0,0,1,False,65.4541,"[0, 255]","[0.0, 0.99609375]",
test/non_drowsy/a0728.raw,1,0,0,1,False,76.1148,"[0, 255]","[0.0, 0.99609375]",
test/non_drowsy/a0729.raw,1,0,0,1,False,73.6308,"[0, 255]","[0.0, 0.99609375]",
test/non_drowsy/a0730.raw,1,0,0,1,False,70.5618,"[0, 255]","[0.0, 0.99609375]",
test/non_drowsy/a0731.raw,1,0,0,1,False,92.8804,"[0, 255]","[0.0, 0.99609375]",
test/non_drowsy/a0732.raw,1,0,0,1,False,121.3183,"[0, 255]","[0.0, 0.99609375]",
test/non_drowsy/a0733.raw,1,0,0,1,False,101.2335,"[0, 255]","[0.0, 0.99609375]",
test/non_drowsy/a0734.raw,1,0,0,1,False,73.3384,"[0, 255]","[0.0, 0.99609375]",
test/non_drowsy/a0735.raw,1,0,0,1,False,63.5742,"[0, 255]","[0.0, 0.99609375]",
test/non_drowsy/a0736.raw,1,0,0,1,False,116.4919,"[0, 255]","[0.0, 0.99609375]",
test/non_drowsy/a0737.raw,1,0,0,1,False,117.1318,"[0, 255]","[0.0, 0.99609375]",
test/non_drowsy/a0738.raw,1,0,0,1,False,85.6927,"[5, 251]","[0.01953125, 0.98046875]",
test/non_drowsy/a0739.raw,1,0,0,1,False,52.1655,"[1, 255]","[0.00390625, 0.99609375]",
test/non_drowsy/a0740.raw,1,0,0,1,False,58.5725,"[1, 255]","[0.00390625, 0.99609375]",
test/non_drowsy/a0741.raw,1,0,0,1,False,116.1487,"[0, 255]","[0.0, 0.99609375]",
test/non_drowsy/a0742.raw,1,0,0,1,False,93.8105,"[0, 255]","[0.0, 0.99609375]",
test/non_drowsy/a0743.raw,1,0,0,1,False,83.2543,"[0, 255]","[0.0, 0.99609375]",
test/non_drowsy/a0744.raw,1,0,0,1,False,92.0658,"[0, 255]","[0.0, 0.99609375]",
test/non_drowsy/a0745.raw,1,0,0,1,False,86.048,"[2, 254]","[0.0078125, 0.9921875]",
test/non_drowsy/a0746.raw,1,0,0,1,False,87.2978,"[0, 255]","[0.0, 0.99609375]",
test/non_drowsy/a0747.raw,1,0,0,1,False,66.8057,"[0, 255]","[0.0, 0.99609375]",
test/non_drowsy/a0748.raw,1,0,0,1,False,86.775,"[0, 255]","[0.0, 0.99609375]",
test/non_drowsy/a0749.raw,1,0,0,1,False,112.3593,"[0, 255]","[0.0, 0.99609375]",
test/non_drowsy/a0750.raw,1,0,0,1,False,78.0407,"[0, 255]","[0.0, 0.99609375]",
test/non_drowsy/a0751.raw,1,0,0,1,False,58.4867,"[0, 255]","[0.0, 0.99609375]",
test/non_drowsy/a0752.raw,1,0,0,1,False,56.1195,"[0, 255]","[0.0, 0.99609375]",
test/non_drowsy/a0753.raw,1,0,0,1,False,105.0256,"[0, 255]","[0.0, 0.99609375]",
test/non_drowsy/a0754.raw,1,0,0,1,False,93.8742,"[0, 255]","[0.0, 0.99609375]",
test/non_drowsy/a0755.raw,1,0,0,1,False,82.8116,"[0, 255]","[0.0, 0.99609375]",
test/non_drowsy/a0756.raw,1,0,0,1,False,88.9409,"[0, 255]","[0.0, 0.99609375]",
test/non_drowsy/a0757.raw,1,0,0,1,False,89.9662,"[0, 255]","[0.0, 0.99609375]",
test/non_drowsy/a0758.raw,1,0,0,1,False,96.7962,"[0, 255]","[0.0, 0.99609375]",
test/non_drowsy/a0759.raw,1,0,0,1,False,106.9054,"[0, 255]","[0.0, 0.99609375]",
test/non_drowsy/a0760.raw,1,0,0,1,False,78.5221,"[0, 255]","[0.0, 0.99609375]",
test/non_drowsy/a0761.raw,1,0,0,1,False,95.7268,"[0, 255]","[0.0, 0.99609375]",
test/non_drowsy/a0762.raw,1,0,0,1,False,117.1364,"[0, 255]","[0.0, 0.99609375]",
test/non_drowsy/a0763.raw,1,0,0,1,False,107.4778,"[0, 255]","[0.0, 0.99609375]",
test/non_drowsy/a0764.raw,1,0,0,1,False,73.1979,"[0, 255]","[0.0, 0.99609375]",
test/non_drowsy/a0765.raw,1,0,0,1,False,84.8632,"[0, 255]","[0.0, 0.99609375]",
test/non_drowsy/a0766.raw,1,0,0,1,False,69.2145,"[0, 255]","[0.0, 0.99609375]",
test/non_drowsy/a0767.raw,1,0,0,1,False,108.9833,"[0, 255]","[0.0, 0.99609375]",
test/non_drowsy/a0768.raw,1,0,0,1,False,97.6455,"[0, 255]","[0.0, 0.99609375]",
test/non_drowsy/a0769.raw,1,0,0,1,False,115.5244,"[3, 253]","[0.01171875, 0.98828125]",
test/non_drowsy/a0770.raw,1,0,0,1,False,144.6436,"[0, 255]","[0.0, 0.99609375]",
test/non_drowsy/a0771.raw,1,0,0,1,False,103.7943,"[0, 255]","[0.0, 0.99609375]",
test/non_drowsy/a0772.raw,1,0,0,1,False,102.9413,"[0, 255]","[0.0, 0.99609375]",
test/non_drowsy/a0773.raw,1,0,0,1,False,116.324,"[0, 255]","[0.0, 0.99609375]",
test/non_drowsy/a0774.raw,1,0,0,1,False,105.036,"[0, 255]","[0.0, 0.99609375]",
test/non_drowsy/a0775.raw,1,0,0,1,False,62.7792,"[0, 255]","[0.0, 0.99609375]",
test/non_drowsy/a0776.raw,1,0,0,1,False,85.8935,"[0, 255]","[0.0, 0.99609375]",
test/non_drowsy/a0777.raw,1,0,0,1,False,74.0157,"[0, 255]","[0.0, 0.99609375]",
test/non_drowsy/a0778.raw,1,0,0,1,False,94.2801,"[0, 255]","[0.0, 0.99609375]",
test/non_drowsy/a0779.raw,1,0,0,1,False,106.3644,"[0, 255]","[0.0, 0.99609375]",
test/non_drowsy/a0780.raw,1,0,0,1,False,89.2725,"[0, 255]","[0.0, 0.99609375]",
test/non_drowsy/a0781.raw,1,0,0,1,False,81.9676,"[0, 255]","[0.0, 0.99609375]",
test/non_drowsy/a0782.raw,1,0,0,1,False,91.5711,"[0, 255]","[0.0, 0.99609375]",
test/non_drowsy/a0783.raw,1,0,0,1,False,55.2154,"[0, 255]","[0.0, 0.99609375]",
test/non_drowsy/a0784.raw,1,0,0,1,False,82.7842,"[0, 255]","[0.0, 0.99609375]",
test/non_drowsy/a0785.raw,1,0,0,1,False,54.6686,"[0, 255]","[0.0, 0.99609375]",
test/non_drowsy/a0786.raw,1,0,0,1,False,103.8008,"[0, 255]","[0.0, 0.99609375]",
test/non_drowsy/a0787.raw,1,0,0,1,False,94.6841,"[0, 255]","[0.0, 0.99609375]",
test/non_drowsy/a0788.raw,1,0,0,1,False,83.4826,"[0, 255]","[0.0, 0.99609375]",
test/non_drowsy/a0789.raw,1,0,0,1,False,117.0703,"[0, 255]","[0.0, 0.99609375]",
test/non_drowsy/a0790.raw,1,0,0,1,False,62.7309,"[0, 255]","[0.0, 0.99609375]",
test/non_drowsy/a0791.raw,1,0,0,1,False,85.8985,"[0, 255]","[0.0, 0.99609375]",
test/non_drowsy/a0792.raw,1,0,0,1,False,73.6673,"[0, 255]","[0.0, 0.99609375]",
test/non_drowsy/a0793.raw,1,0,0,1,False,51.6747,"[0, 255]","[0.0, 0.99609375]",
test/non_drowsy/a0794.raw,1,0,0,1,False,122.3501,"[0, 255]","[0.0, 0.99609375]",
test/non_drowsy/a0795.raw,1,0,0,1,False,80.1504,"[0, 255]","[0.0, 0.99609375]",
test/non_drowsy/a0796.raw,1,0,0,1,False,96.09,"[0, 255]","[0.0, 0.99609375]",
test/non_drowsy/a0797.raw,1,0,0,1,False,99.3975,"[0, 255]","[0.0, 0.99609375]",
test/non_drowsy/a0798.raw,1,0,0,1,False,58.1822,"[0, 255]","[0.0, 0.99609375]",
test/non_drowsy/a0799.raw,1,0,0,1,False,120.8049,"[0, 255]","[0.0, 0.99609375]",
test/non_drowsy/a0800.raw,1,0,0,1,False,117.7839,"[0, 255]","[0.0, 0.99609375]",
test/non_drowsy/a0801.raw,1,0,0,1,False,94.1507,"[0, 255]","[0.0, 0.99609375]",
test/non_drowsy/a0802.raw,1,0,0,1,False,112.1256,"[0, 255]","[0.0, 0.99609375]",
test/non_drowsy/a0803.raw,1,0,0,1,False,94.2658,"[0, 255]","[0.0, 0.99609375]",
test/non_drowsy/a0804.raw,1,0,0,1,False,55.2388,"[0, 255]","[0.0, 0.99609375]",
test/non_drowsy/a0805.raw,1,0,0,1,False,116.122,"[0, 255]","[0.0, 0.99609375]",
test/non_drowsy/a0806.raw,1,0,0,1,False,75.5955,"[0, 255]","[0.0, 0.99609375]",
test/non_drowsy/a0807.raw,1,0,0,1,False,111.529,"[0, 255]","[0.0, 0.99609375]",
test/non_drowsy/a0808.raw,1,0,0,1,False,87.3514,"[0, 255]","[0.0, 0.99609375]",
test/non_drowsy/a0809.raw,1,0,0,1,False,51.8096,"[19, 237]","[0.07421875, 0.92578125]",
test/non_drowsy/a0810.raw,1,0,0,1,False,108.065,"[0, 255]","[0.0, 0.99609375]",
test/non_drowsy/a0811.raw,1,0,0,1,False,68.5327,"[0, 255]","[0.0, 0.99609375]",
test/non_drowsy/a0812.raw,1,0,0,1,False,106.6849,"[0, 255]","[0.0, 0.99609375]",
test/non_drowsy/a0813.raw,1,0,0,1,False,97.1013,"[0, 255]","[0.0, 0.99609375]",
test/non_drowsy/a0814.raw,1,0,0,1,False,72.7741,"[0, 255]","[0.0, 0.99609375]",
test/non_drowsy/a0815.raw,1,0,0,1,False,75.0413,"[40, 216]","[0.15625, 0.84375]",
test/non_drowsy/a0816.raw,1,0,0,1,False,125.3363,"[0, 255]","[0.0, 0.99609375]",
test/non_drowsy/a0817.raw,1,0,0,1,False,119.5359,"[0, 255]","[0.0, 0.99609375]",
test/non_drowsy/a0818.raw,1,0,0,1,False,83.4235,"[0, 255]","[0.0, 0.99609375]",
test/non_drowsy/a0819.raw,1,0,0,1,False,88.4233,"[2, 254]","[0.0078125, 0.9921875]",
test/non_drowsy/a0820.raw,1,0,0,1,False,51.267,"[0, 255]","[0.0, 0.99609375]",
test/non_drowsy/a0821.raw,1,0,0,1,False,63.6692,"[0, 255]","[0.0, 0.99609375]",
test/non_drowsy/a0822.raw,1,0,0,1,False,71.1513,"[0, 255]","[0.0, 0.99609375]",
test/non_drowsy/a0823.raw,1,0,0,1,False,96.469,"[0, 255]","[0.0, 0.99609375]",
test/non_drowsy/a0824.raw,1,0,0,1,False,98.0707,"[0, 255]","[0.0, 0.99609375]",
test/non_drowsy/a0825.raw,1,0,0,1,False,69.2122,"[0, 255]","[0.0, 0.99609375]",
test/non_drowsy/a0826.raw,1,0,0,1,False,91.6767,"[0, 255]","[0.0, 0.99609375]",
test/non_drowsy/a0827.raw,1,0,0,1,False,84.6506,"[3, 253]","[0.01171875, 0.98828125]",
test/non_drowsy/a0828.raw,1,0,0,1,False,101.9714,"[0, 255]","[0.0, 0.99609375]",
test/non_drowsy/a0829.raw,1,0,0,1,False,103.4049,"[0, 255]","[0.0, 0.99609375]",
test/non_drowsy/a0830.raw,1,0,0,1,False,76.658,"[0, 255]","[0.0, 0.99609375]",
test/non_drowsy/a0831.raw,1,0,0,1,False,65.2937,"[0, 255]","[0.0, 0.99609375]",
test/non_drowsy/a0832.raw,1,0,0,1,False,85.7099,"[0, 255]","[0.0, 0.99609375]",
test/non_drowsy/a0833.raw,1,0,0,1,False,101.2253,"[0, 255]","[0.0, 0.99609375]",
test/non_drowsy/a0834.raw,1,0,0,1,False,57.4492,"[0, 255]","[0.0, 0.99609375]",
test/non_drowsy/a0835.raw,1,0,0,1,False,89.9619,"[0, 255]","[0.0, 0.99609375]",
test/non_drowsy/a0836.raw,1,0,0,1,False,97.2832,"[0, 255]","[0.0, 0.99609375]",
test/non_drowsy/a0837.raw,1,0,0,1,False,119.2034,"[0, 255]","[0.0, 0.99609375]",
test/non_drowsy/a0838.raw,1,0,0,1,False,95.3312,"[0, 255]","[0.0, 0.99609375]",
test/non_drowsy/a0839.raw,1,0,0,1,False,101.3004,"[0, 255]","[0.0, 0.99609375]",
test/non_drowsy/a0840.raw,1,0,0,1,False,99.6946,"[0, 255]","[0.0, 0.99609375]",
test/non_drowsy/a0841.raw,1,0,0,1,False,95.2834,"[0, 255]","[0.0, 0.99609375]",
test/non_drowsy/a0842.raw,1,0,0,1,False,110.7434,"[0, 255]","[0.0, 0.99609375]",
test/non_drowsy/a0843.raw,1,0,0,1,False,91.3543,"[0, 255]","[0.0, 0.99609375]",
test/non_drowsy/a0844.raw,1,0,0,1,False,101.0402,"[0, 255]","[0.0, 0.99609375]",
test/non_drowsy/a0845.raw,1,0,0,1,False,92.7371,"[0, 255]","[0.0, 0.99609375]",
test/non_drowsy/a0846.raw,1,0,0,1,False,110.5948,"[0, 255]","[0.0, 0.99609375]",
test/non_drowsy/a0847.raw,1,0,0,1,False,110.0112,"[0, 255]","[0.0, 0.99609375]",
test/non_drowsy/a0848.raw,1,0,0,1,False,99.7479,"[0, 255]","[0.0, 0.99609375]",
test/non_drowsy/a0849.raw,1,0,0,1,False,65.3879,"[0, 255]","[0.0, 0.99609375]",
test/non_drowsy/a0850.raw,1,0,0,1,False,119.5708,"[0, 255]","[0.0, 0.99609375]",
test/non_drowsy/a0851.raw,1,0,0,1,False,81.5917,"[0, 255]","[0.0, 0.99609375]",
test/non_drowsy/a0852.raw,1,0,0,1,False,110.1676,"[0, 255]","[0.0, 0.99609375]",
test/non_drowsy/a0853.raw,1,0,0,1,False,88.2373,"[0, 255]","[0.0, 0.99609375]",
test/non_drowsy/a0854.raw,1,0,0,1,False,94.5693,"[0, 255]","[0.0, 0.99609375]",
test/non_drowsy/a0855.raw,1,0,0,1,False,95.8979,"[0, 255]","[0.0, 0.99609375]",
test/non_drowsy/a0856.raw,1,0,0,1,False,85.9254,"[1, 255]","[0.00390625, 0.99609375]",
test/non_drowsy/a0857.raw,1,0,0,1,False,91.403,"[0, 255]","[0.0, 0.99609375]",
test/non_drowsy/a0858.raw,1,0,0,1,False,101.5797,"[0, 255]","[0.0, 0.99609375]",
test/non_drowsy/a0859.raw,1,0,0,1,False,96.734,"[0, 255]","[0.0, 0.99609375]",
test/non_drowsy/a0860.raw,1,0,0,1,False,52.486,"[0, 255]","[0.0, 0.99609375]",
test/non_drowsy/a0861.raw,1,0,0,1,False,77.9793,"[0, 255]","[0.0, 0.99609375]",
test/non_drowsy/a0862.raw,1,0,0,1,False,109.3577,"[0, 255]","[0.0, 0.99609375]",
test/non_drowsy/a0863.raw,1,0,0,1,False,121.515,"[0, 255]","[0.0, 0.99609375]",
test/non_drowsy/a0864.raw,1,0,0,1,False,71.9748,"[0, 255]","[0.0, 0.99609375]",
test/non_drowsy/a0865.raw,1,0,0,1,False,53.0894,"[0, 255]","[0.0, 0.99609375]",
test/non_drowsy/a0866.raw,1,0,0,1,False,105.5595,"[0, 255]","[0.0, 0.99609375]",
test/non_drowsy/a0867.raw,1,0,0,1,False,122.3844,"[0, 255]","[0.0, 0.99609375]",
test/non_drowsy/a0868.raw,1,0,0,1,False,74.2803,"[0, 255]","[0.0, 0.99609375]",
test/non_drowsy/a0869.raw,1,0,0,1,False,111.8994,"[0, 255]","[0.0, 0.99609375]",
test/non_drowsy/a0870.raw,1,0,0,1,False,61.4476,"[0, 255]","[0.0, 0.99609375]",
test/non_drowsy/a0871.raw,1,0,0,1,False,88.2496,"[0, 255]","[0.0, 0.99609375]",
test/non_drowsy/a0872.raw,1,0,0,1,False,94.8001,"[0, 255]","[0.0, 0.99609375]",
test/non_drowsy/a0873.raw,1,0,0,1,False,92.68,"[2, 254]","[0.0078125, 0.9921875]",
test/non_drowsy/a0874.raw,1,0,0,1,False,96.3611,"[0, 255]","[0.0, 0.99609375]",
test/non_drowsy/a0875.raw,1,0,0,1,False,85.0401,"[0, 255]","[0.0, 0.99609375]",
test/non_drowsy/a0876.raw,1,0,0,1,False,51.1603,"[0, 255]","[0.0, 0.99609375]",
test/non_drowsy/a0877.raw,1,0,0,1,False,86.1816,"[0, 255]","[0.0, 0.99609375]",
test/non_drowsy/a0878.raw,1,0,0,1,False,120.415,"[0, 255]","[0.0, 0.99609375]",
test/non_drowsy/a0879.raw,1,0,0,1,False,104.6441,"[0, 255]","[0.0, 0.99609375]",
test/non_drowsy/a0880.raw,1,0,0,1,False,80.7677,"[0, 255]","[0.0, 0.99609375]",
test/non_drowsy/a0881.raw,1,0,0,1,False,117.0751,"[0, 255]","[0.0, 0.99609375]",
test/non_drowsy/a0882.raw,1,0,0,1,False,57.2829,"[0, 255]","[0.0, 0.99609375]",
test/non_drowsy/a0883.raw,1,0,0,1,False,96.0051,"[0, 255]","[0.0, 0.99609375]",
test/non_drowsy/a0884.raw,1,0,0,1,False,57.4448,"[0, 255]","[0.0, 0.99609375]",
test/non_drowsy/a0885.raw,1,0,0,1,False,123.4616,"[0, 255]","[0.0, 0.99609375]",
test/non_drowsy/a0886.raw,1,0,0,1,False,115.6228,"[0, 255]","[0.0, 0.99609375]",
test/non_drowsy/a0887.raw,1,0,0,1,False,97.3254,"[0, 255]","[0.0, 0.99609375]",
test/non_drowsy/a0888.raw,1,0,0,1,False,91.1027,"[0, 255]","[0.0, 0.99609375]",
test/non_drowsy/a0889.raw,1,0,0,1,False,61.5962,"[5, 251]","[0.01953125, 0.98046875]",
test/non_drowsy/a0890.raw,1,0,0,1,False,77.0744,"[0, 255]","[0.0, 0.99609375]",
test/non_drowsy/a0891.raw,1,0,0,1,False,113.108,"[0, 255]","[0.0, 0.99609375]",
test/non_drowsy/a0892.raw,1,0,0,1,False,83.7823,"[0, 255]","[0.0, 0.99609375]",
test/non_drowsy/a0893.raw,1,0,0,1,False,93.1583,"[0, 255]","[0.0, 0.99609375]",
test/non_drowsy/a0894.raw,1,0,0,1,False,95.7956,"[0, 255]","[0.0, 0.99609375]",
test/non_drowsy/a0895.raw,1,0,0,1,False,78.5355,"[12, 244]","[0.046875, 0.953125]",
test/non_drowsy/a0896.raw,1,0,0,1,False,65.8427,"[4, 252]","[0.015625, 0.984375]",
test/non_drowsy/a0897.raw,1,0,0,1,False,71.1261,"[6, 250]","[0.0234375, 0.9765625]",
test/non_drowsy/a0898.raw,1,0,0,1,False,72.0926,"[65, 191]","[0.25390625, 0.74609375]",
test/non_drowsy/a0899.raw,1,0,0,1,False,80.9857,"[0, 255]","[0.0, 0.99609375]",
test/non_drowsy/a0900.raw,1,0,0,1,False,60.2743,"[8, 248]","[0.03125, 0.96875]",
test/non_drowsy/a0901.raw,1,0,0,1,False,79.7845,"[0, 255]","[0.0, 0.99609375]",
test/non_drowsy/a0902.raw,1,0,0,1,False,107.7953,"[0, 255]","[0.0, 0.99609375]",
test/non_drowsy/a0903.raw,1,0,0,1,False,114.4053,"[0, 255]","[0.0, 0.99609375]",
test/non_drowsy/a0904.raw,1,0,0,1,False,73.3522,"[0, 255]","[0.0, 0.99609375]",
test/non_drowsy/a0905.raw,1,0,0,1,False,129.6743,"[0, 255]","[0.0, 0.99609375]",
test/non_drowsy/a0906.raw,1,0,0,1,False,97.6837,"[0, 255]","[0.0, 0.99609375]",
test/non_drowsy/a0907.raw,1,0,0,1,False,104.1027,"[0, 255]","[0.0, 0.99609375]",
test/non_drowsy/a0908.raw,1,0,0,1,False,98.2722,"[0, 255]","[0.0, 0.99609375]",
test/non_drowsy/a0909.raw,1,0,0,1,False,82.347,"[0, 255]","[0.0, 0.99609375]",
test/non_drowsy/a0910.raw,1,0,0,1,False,81.9776,"[0, 255]","[0.0, 0.99609375]",
test/non_drowsy/a0911.raw,1,0,0,1,False,52.6984,"[0, 255]","[0.0, 0.99609375]",
test/non_drowsy/a0912.raw,1,0,0,1,False,53.6816,"[0, 255]","[0.0, 0.99609375]",
test/non_drowsy/a0913.raw,1,0,0,1,False,96.6916,"[0, 255]","[0.0, 0.99609375]",
test/non_drowsy/a0914.raw,1,0,0,1,False,105.2613,"[0, 255]","[0.0, 0.99609375]",
test/non_drowsy/a0915.raw,1,0,0,1,False,85.1571,"[0, 255]","[0.0, 0.99609375]",
test/non_drowsy/a0916.raw,1,0,0,1,False,124.0584,"[0, 255]","[0.0, 0.99609375]",
test/non_drowsy/a0917.raw,1,0,0,1,False,108.3311,"[0, 255]","[0.0, 0.99609375]",
test/non_drowsy/a0918.raw,1,0,0,1,False,53.657,"[0, 255]","[0.0, 0.99609375]",
test/non_drowsy/a0919.raw,1,0,0,1,False,58.3136,"[0, 255]","[0.0, 0.99609375]",
test/non_drowsy/a0920.raw,1,0,0,1,False,75.017,"[0, 255]","[0.0, 0.99609375]",
test/non_drowsy/a0921.raw,1,0,0,1,False,95.414,"[0, 255]","[0.0, 0.99609375]",
test/non_drowsy/a0922.raw,1,0,0,1,False,67.2028,"[0, 255]","[0.0, 0.99609375]",
test/non_drowsy/a0923.raw,1,0,0,1,False,116.5943,"[0, 255]","[0.0, 0.99609375]",
test/non_drowsy/a0924.raw,1,0,0,1,False,102.7881,"[0, 255]","[0.0, 0.99609375]",
test/non_drowsy/a0925.raw,1,0,0,1,False,51.5278,"[0, 255]","[0.0, 0.99609375]",
test/non_drowsy/a0926.raw,1,0,0,1,False,65.0071,"[3, 253]","[0.01171875, 0.98828125]",
test/non_drowsy/a0927.raw,1,0,0,1,False,58.0455,"[0, 255]","[0.0, 0.99609375]",
test/non_drowsy/a0928.raw,1,0,0,1,False,55.9835,"[0, 255]","[0.0, 0.99609375]",
test/non_drowsy/a0929.raw,1,0,0,1,False,78.6918,"[0, 255]","[0.0, 0.99609375]",
test/non_drowsy/a0930.raw,1,0,0,1,False,58.3272,"[1, 255]","[0.00390625, 0.99609375]",
test/non_drowsy/a0931.raw,1,0,0,1,False,75.2052,"[0, 255]","[0.0, 0.99609375]",
test/non_drowsy/a0932.raw,1,0,0,1,False,88.7478,"[1, 255]","[0.00390625, 0.99609375]",
test/non_drowsy/a0933.raw,1,0,0,1,False,55.3744,"[0, 255]","[0.0, 0.99609375]",
test/non_drowsy/a0934.raw,1,0,0,1,False,76.9105,"[0, 255]","[0.0, 0.99609375]",
test/non_drowsy/a0935.raw,1,0,0,1,False,102.9613,"[0, 255]","[0.0, 0.99609375]",
test/non_drowsy/a0936.raw,1,0,0,1,False,71.2494,"[0, 255]","[0.0, 0.99609375]",
test/non_drowsy/a0937.raw,1,0,0,1,False,60.5454,"[0, 255]","[0.0, 0.99609375]",
test/non_drowsy/a0938.raw,1,0,0,1,False,101.8424,"[1, 255]","[0.00390625, 0.99609375]",
test/non_drowsy/a0939.raw,1,0,0,1,False,104.2084,"[0, 255]","[0.0, 0.99609375]",
test/non_drowsy/a0940.raw,1,0,0,1,False,57.0766,"[0, 255]","[0.0, 0.99609375]",
test/non_drowsy/a0941.raw,1,0,0,1,False,72.9448,"[0, 255]","[0.0, 0.99609375]",
test/non_drowsy/a0942.raw,1,0,0,1,False,106.3818,"[4, 252]","[0.015625, 0.984375]",
test/non_drowsy/a0943.raw,1,0,0,1,False,104.7291,"[0, 255]","[0.0, 0.99609375]",
test/non_drowsy/a0944.raw,1,0,0,1,False,105.3776,"[0, 255]","[0.0, 0.99609375]",
test/non_drowsy/a0945.raw,1,0,0,1,False,81.4741,"[4, 252]","[0.015625, 0.984375]",
test/non_drowsy/a0946.raw,1,0,0,1,False,56.8793,"[0, 255]","[0.0, 0.99609375]",
test/non_drowsy/a0947.raw,1,0,0,1,False,112.0797,"[0, 255]","[0.0, 0.99609375]",
test/non_drowsy/a0948.raw,1,0,0,1,False,120.9227,"[0, 255]","[0.0, 0.99609375]",
test/non_drowsy/a0949.raw,1,0,0,1,False,85.3818,"[1, 255]","[0.00390625, 0.99609375]",
test/non_drowsy/a0950.raw,1,0,0,1,False,97.071,"[0, 255]","[0.0, 0.99609375]",
test/non_drowsy/a0951.raw,1,0,0,1,False,120.6696,"[0, 255]","[0.0, 0.99609375]",
test/non_drowsy/a0952.raw,1,0,0,1,False,97.5109,"[0, 255]","[0.0, 0.99609375]",
test/non_drowsy/a0953.raw,1,0,0,1,False,57.4498,"[0, 255]","[0.0, 0.99609375]",
test/non_drowsy/a0954.raw,1,0,0,1,False,107.4915,"[1, 255]","[0.00390625, 0.99609375]",
test/non_drowsy/a0955.raw,1,0,0,1,False,117.3344,"[0, 255]","[0.0, 0.99609375]",
test/non_drowsy/a0956.raw,1,0,0,1,False,81.2108,"[0, 255]","[0.0, 0.99609375]",
test/non_drowsy/a0957.raw,1,0,0,1,False,70.8528,"[0, 255]","[0.0, 0.99609375]",
test/non_drowsy/a0958.raw,1,0,0,1,False,71.1057,"[1, 255]","[0.00390625, 0.99609375]",
test/non_drowsy/a0959.raw,1,0,0,1,False,61.2377,"[3, 253]","[0.01171875, 0.98828125]",
test/non_drowsy/a0960.raw,1,0,0,1,False,67.6116,"[3, 253]","[0.01171875, 0.98828125]",
test/non_drowsy/a0961.raw,1,0,0,1,False,80.7691,"[0, 255]","[0.0, 0.99609375]",
test/non_drowsy/a0962.raw,1,0,0,1,False,70.2887,"[12, 244]","[0.046875, 0.953125]",
test/non_drowsy/a0963.raw,1,0,0,1,False,92.525,"[1, 255]","[0.00390625, 0.99609375]",
test/non_drowsy/a0964.raw,1,0,0,1,False,89.1369,"[49, 207]","[0.19140625, 0.80859375]",
test/non_drowsy/a0965.raw,1,0,0,1,False,84.8783,"[7, 249]","[0.02734375, 0.97265625]",
test/non_drowsy/a0966.raw,1,1,0,0,False,63.544,"[227, 29]","[0.88671875, 0.11328125]",
test/non_drowsy/a0967.raw,1,,0,0,True,94.9682,"[128, 128]","[0.5, 0.5]",
test/non_drowsy/a0968.raw,1,0,0,1,False,86.8255,"[105, 151]","[0.41015625, 0.58984375]",
test/non_drowsy/a0969.raw,1,0,0,1,False,77.3989,"[0, 255]","[0.0, 0.99609375]",
test/non_drowsy/a0970.raw,1,0,0,1,False,114.824,"[0, 255]","[0.0, 0.99609375]",
test/non_drowsy/a0971.raw,1,0,0,1,False,95.993,"[0, 255]","[0.0, 0.99609375]",
test/non_drowsy/a0972.raw,1,0,0,1,False,106.4592,"[0, 255]","[0.0, 0.99609375]",
test/non_drowsy/a0973.raw,1,0,0,1,False,115.9137,"[1, 255]","[0.00390625, 0.99609375]",
test/non_drowsy/a0974.raw,1,0,0,1,False,60.5997,"[0, 255]","[0.0, 0.99609375]",
test/non_drowsy/a0975.raw,1,0,0,1,False,118.2906,"[0, 255]","[0.0, 0.99609375]",
test/non_drowsy/a0976.raw,1,0,0,1,False,118.8109,"[0, 255]","[0.0, 0.99609375]",
test/non_drowsy/a0977.raw,1,0,0,1,False,104.2468,"[0, 255]","[0.0, 0.99609375]",
test/non_drowsy/a0978.raw,1,0,0,1,False,98.8514,"[0, 255]","[0.0, 0.99609375]",
test/non_drowsy/a0979.raw,1,0,0,1,False,76.6211,"[0, 255]","[0.0, 0.99609375]",
test/non_drowsy/a0980.raw,1,0,0,1,False,76.1118,"[0, 255]","[0.0, 0.99609375]",
test/non_drowsy/a0981.raw,1,0,0,1,False,104.8872,"[0, 255]","[0.0, 0.99609375]",
test/non_drowsy/a0982.raw,1,0,0,1,False,85.1367,"[0, 255]","[0.0, 0.99609375]",
test/non_drowsy/a0983.raw,1,0,0,1,False,116.0256,"[0, 255]","[0.0, 0.99609375]",
test/non_drowsy/a0984.raw,1,0,0,1,False,94.8321,"[0, 255]","[0.0, 0.99609375]",
test/non_drowsy/a0985.raw,1,0,0,1,False,111.0092,"[0, 255]","[0.0, 0.99609375]",
test/non_drowsy/a0986.raw,1,0,0,1,False,119.8966,"[0, 255]","[0.0, 0.99609375]",
test/non_drowsy/a0987.raw,1,0,0,1,False,128.8191,"[0, 255]","[0.0, 0.99609375]",
test/non_drowsy/a0988.raw,1,0,0,1,False,78.4401,"[0, 255]","[0.0, 0.99609375]",
test/non_drowsy/a0989.raw,1,0,0,1,False,91.0962,"[0, 255]","[0.0, 0.99609375]",
test/non_drowsy/a0990.raw,1,0,0,1,False,93.3802,"[0, 255]","[0.0, 0.99609375]",
test/non_drowsy/a0991.raw,1,0,0,1,False,96.2862,"[0, 255]","[0.0, 0.99609375]",
test/non_drowsy/a0992.raw,1,0,0,1,False,53.1384,"[0, 255]","[0.0, 0.99609375]",
test/non_drowsy/a0993.raw,1,0,0,1,False,92.0206,"[0, 255]","[0.0, 0.99609375]",
test/non_drowsy/a0994.raw,1,0,0,1,False,107.0171,"[0, 255]","[0.0, 0.99609375]",
test/non_drowsy/a0995.raw,1,0,0,1,False,97.0664,"[0, 255]","[0.0, 0.99609375]",
test/non_drowsy/a0996.raw,1,0,0,1,False,112.6039,"[0, 255]","[0.0, 0.99609375]",
test/non_drowsy/a0997.raw,1,0,0,1,False,108.5784,"[0, 255]","[0.0, 0.99609375]",
test/non_drowsy/a0998.raw,1,0,0,1,False,67.934,"[0, 255]","[0.0, 0.99609375]",
test/non_drowsy/a0999.raw,1,0,0,1,False,109.5008,"[0, 255]","[0.0, 0.99609375]",
test/non_drowsy/a1000.raw,1,0,0,1,False,120.8916,"[0, 255]","[0.0, 0.99609375]",
test/non_drowsy/a1001.raw,1,0,0,1,False,119.1803,"[0, 255]","[0.0, 0.99609375]",
test/non_drowsy/a1002.raw,1,0,0,1,False,86.493,"[0, 255]","[0.0, 0.99609375]",
test/non_drowsy/a1003.raw,1,0,0,1,False,115.7054,"[0, 255]","[0.0, 0.99609375]",
test/non_drowsy/a1004.raw,1,0,0,1,False,74.2001,"[0, 255]","[0.0, 0.99609375]",
test/non_drowsy/a1005.raw,1,0,0,1,False,84.3895,"[0, 255]","[0.0, 0.99609375]",
test/non_drowsy/a1006.raw,1,0,0,1,False,97.2685,"[0, 255]","[0.0, 0.99609375]",
test/non_drowsy/a1007.raw,1,0,0,1,False,74.4267,"[0, 255]","[0.0, 0.99609375]",
test/non_drowsy/a1008.raw,1,0,0,1,False,51.552,"[0, 255]","[0.0, 0.99609375]",
