name_image,ok,class_0_raw,class_1_raw,result,label,right,download_ms,inference_ms,heap_before,heap_after,heap_used,psram_before,psram_after,psram_used,stack_min_free_bytes
"A0001_pngxcr.raw",1,255,0,1,1,1,589.262,6197.052,2075988,2076336,0,1969096,1969096,0,13140
"A0002_og7hdg.raw",1,255,0,1,1,1,812.763,6197.028,2075760,2076120,0,1969096,1969096,0,13076
"A0003_s1ihic.raw",1,255,0,1,1,1,565.185,6198.912,2075768,2076140,0,1969096,1969096,0,13076
"A0004_tvdtsw.raw",1,255,0,1,1,1,640.794,6204.469,2075772,2076120,0,1969096,1969096,0,13076
"A0005_lkbtef.raw",1,255,0,1,1,1,566.148,6194.202,2075756,2076120,0,1969096,1969096,0,13076
"A0006_xtno5a.raw",1,255,0,1,1,1,554.056,6201.633,2075768,2076140,0,1969096,1969096,0,13076
"A0007_fbqrt3.raw",1,255,0,1,1,1,558.999,6198.656,2075772,2076120,0,1969096,1969096,0,13076
"A0008_gntaey.raw",1,255,0,1,1,1,565.368,6201.992,2075768,2076120,0,1969096,1969096,0,13076
"A0009_jwliki.raw",1,255,0,1,1,1,540.986,6197.252,2075760,2076140,0,1969096,1969096,0,13076
"A0010_luzdk8.raw",1,255,0,1,1,1,601.969,6200.304,2075768,2075876,0,1969096,1969096,0,13076
"A0011_y9xxcq.raw",1,255,0,1,1,1,521.743,6203.034,2075556,2075664,0,1969096,1969096,0,13076
"A0012_loynpr.raw",1,255,0,1,1,1,520.490,6193.507,2075336,2075452,0,1969096,1969096,0,13076
"A0013_lyk7g7.raw",1,255,0,1,1,1,534.395,6192.112,2075120,2075240,0,1969096,1969096,0,13076
"A0014_xebhqb.raw",1,255,0,1,1,1,565.675,6194.869,2074912,2075028,0,1969096,1969096,0,13076
"A0015_mmk45e.raw",1,255,0,1,1,1,558.772,6210.627,2074696,2074816,0,1969096,1969096,0,13076
"A0016_ux9mpm.raw",1,255,0,1,1,1,549.351,6195.281,2074492,2074604,0,1969096,1969096,0,13076
"A0017_wjyxc2.raw",1,255,0,1,1,1,558.391,6201.883,2074272,2074392,0,1969096,1969096,0,13076
"A0018_a4n97h.raw",1,255,0,1,1,1,489.352,6197.582,2074060,2074212,0,1969096,1969096,0,13076
"A0019_z88xx1.raw",1,255,0,1,1,1,574.100,6199.844,2073884,2074000,0,1969096,1969096,0,13076
"A0020_aej2s3.raw",1,255,0,1,1,1,502.657,6195.430,2073668,2073788,0,1969096,1969096,0,13076
"A0021_ip7hjm.raw",1,255,0,1,1,1,627.337,6192.504,2073456,2073576,0,1969096,1969096,0,13076
"A0022_nrgqxv.raw",1,255,0,1,1,1,534.245,6197.144,2073244,2073364,0,1969096,1969096,0,13076
"A0023_fitx0c.raw",1,255,0,1,1,1,1303.270,6196.564,2073032,2073152,0,1969096,1969096,0,13076
"A0024_uipfcl.raw",1,255,0,1,1,1,649.203,6183.819,2072820,2072940,0,1969096,1969096,0,13076
"A0025_fcgk86.raw",1,255,0,1,1,1,603.017,6193.303,2072608,2072728,0,1969096,1969096,0,13076
"A0026_k4j7ld.raw",1,255,0,1,1,1,582.299,6196.160,2072396,2072516,0,1969096,1969096,0,13076
"A0027_h7xugf.raw",1,255,0,1,1,1,545.441,6199.435,2072184,2072516,0,1969096,1969096,0,13076
"A0028_pzbugc.raw",1,255,0,1,1,1,545.165,6202.604,2072176,2072516,0,1969096,1969096,0,13076
"A0029_dgl8ty.raw",1,255,0,1,1,1,551.967,6193.427,2072184,2072516,0,1969096,1969096,0,13076
"A0030_iabo50.raw",1,255,0,1,1,1,555.667,6195.130,2072180,2072512,0,1969096,1969096,0,13076
"A0031_y1oyri.raw",1,255,0,1,1,1,535.185,6201.685,2072180,2072512,0,1969096,1969096,0,13076
"A0032_z8so1m.raw",1,255,0,1,1,1,566.194,6202.074,2072172,2072504,0,1969096,1969096,0,13076
"A0033_gftspe.raw",1,255,0,1,1,1,513.427,6199.606,2072176,2072504,0,1969096,1969096,0,13076
"A0034_s2ywtc.raw",1,255,0,1,1,1,503.303,6202.460,2072168,2072504,0,1969096,1969096,0,13076
"A0035_injh7h.raw",1,255,0,1,1,1,501.765,6212.067,2072164,2072508,0,1969096,1969096,0,13076
"A0036_ovpnp5.raw",1,255,0,1,1,1,506.741,6201.813,2072176,2072508,0,1969096,1969096,0,13076
"A0037_bp2gqm.raw",1,255,0,1,1,1,484.115,6199.989,2072168,2072508,0,1969096,1969096,0,13076
"A0038_k8stxs.raw",1,255,0,1,1,1,512.301,6219.332,2072176,2072508,0,1969096,1969096,0,13076
"A0039_wtctsw.raw",1,255,0,1,1,1,520.132,6208.339,2072168,2072508,0,1969096,1969096,0,13076
"A0040_d0jwlk.raw",1,255,0,1,1,1,496.507,6208.143,2072176,2072508,0,1969096,1969096,0,13076
"A0041_b4hu6s.raw",1,255,0,1,1,1,520.442,6209.664,2072168,2072508,0,1969096,1969096,0,13076
"A0042_y7f56p.raw",1,255,0,1,1,1,531.211,6212.181,2072176,2072508,0,1969096,1969096,0,13076
"A0043_ass1ml.raw",1,255,0,1,1,1,506.669,6199.686,2072168,2072508,0,1969096,1969096,0,13076
"A0044_ljaciu.raw",1,255,0,1,1,1,509.976,6193.840,2068080,2068412,0,1965000,1965000,0,13076
"A0045_pwe0bx.raw",1,255,0,1,1,1,512.003,6198.966,2068084,2068412,0,1965000,1965000,0,13076
"A0046_pu9lzg.raw",1,255,0,1,1,1,532.495,6199.552,2068084,2068412,0,1965000,1965000,0,13076
"A0047_hia2gg.raw",1,255,0,1,1,1,501.365,6196.422,2068084,2068416,0,1965000,1965000,0,13076
"A0048_e7drlt.raw",1,255,0,1,1,1,491.619,6199.565,2068084,2068416,0,1965000,1965000,0,13076
"A0049_z6tiwc.raw",1,255,0,1,1,1,501.697,6194.135,2068080,2068424,0,1965000,1965000,0,13076
"A0050_bhp1zt.raw",1,255,0,1,1,1,482.667,6205.463,2068092,2068424,0,1965000,1965000,0,13076
"A0051_hrjzui.raw",1,255,0,1,1,1,490.398,6201.719,2068096,2068424,0,1965000,1965000,0,13076
"A0052_nn7lwr.raw",1,255,0,1,1,1,482.110,6198.500,2068096,2068424,0,1965000,1965000,0,13076
"A0053_fyyelc.raw",1,255,0,1,1,1,510.395,6204.079,2068092,2068420,0,1965000,1965000,0,13076
"A0054_n4fxj6.raw",1,255,0,1,1,1,510.910,6192.204,2068092,2068440,0,1965000,1965000,0,13076
"A0055_ewya0t.raw",1,255,0,1,1,1,515.033,6193.245,2068084,2068420,0,1965000,1965000,0,13076
"A0056_a0acwa.raw",1,255,0,1,1,1,567.832,6195.111,2068088,2068420,0,1965000,1965000,0,13076
"A0057_yusm7j.raw",1,255,0,1,1,1,481.713,6200.947,2068088,2068420,0,1965000,1965000,0,13076
"A0058_xkdviy.raw",1,255,0,1,1,1,485.349,6196.980,2068088,2068420,0,1965000,1965000,0,13076
"A0059_p22lmg.raw",1,255,0,1,1,1,520.320,6197.756,2068088,2068420,0,1965000,1965000,0,13076
"A0060_dancqa.raw",1,255,0,1,1,1,510.316,6203.431,2068088,2068420,0,1965000,1965000,0,13076
"A0061_jnzho0.raw",1,255,0,1,1,1,485.732,6198.471,2068088,2068420,0,1965000,1965000,0,13076
"A0062_wslntj.raw",1,255,0,1,1,1,495.808,6195.540,2068088,2068420,0,1965000,1965000,0,13076
"A0063_fw20ng.raw",1,255,0,1,1,1,539.662,6197.782,2068092,2068420,0,1965000,1965000,0,13076
"A0064_u235d3.raw",1,255,0,1,1,1,502.664,6202.926,2068092,2068420,0,1965000,1965000,0,13076
"A0065_k5sww8.raw",1,255,0,1,1,1,512.351,6194.087,2068088,2068420,0,1965000,1965000,0,13076
"A0066_eblayi.raw",1,255,0,1,1,1,507.255,6204.615,2068092,2068420,0,1965000,1965000,0,13076
"A0067_qvzekt.raw",1,255,0,1,1,1,500.339,6201.061,2068092,2068420,0,1965000,1965000,0,13076
"A0068_jnyp3t.raw",1,255,0,1,1,1,490.573,6200.096,2068092,2068420,0,1965000,1965000,0,13076
"A0069_el3q49.raw",1,255,0,1,1,1,489.106,6198.994,2068092,2068420,0,1965000,1965000,0,13076
"A0070_e7a48y.raw",1,255,0,1,1,1,526.949,6199.440,2068092,2068420,0,1965000,1965000,0,13076
"A0071_rabdpq.raw",1,255,0,1,1,1,526.030,6211.255,2068088,2068428,0,1965000,1965000,0,13076
"A0072_jzmgzt.raw",1,255,0,1,1,1,496.885,6193.705,2068100,2068428,0,1965000,1965000,0,13076
"A0073_aaom1j.raw",1,255,0,1,1,1,487.883,6197.996,2068100,2068428,0,1965000,1965000,0,13076
"A0074_z2njia.raw",1,255,0,1,1,1,544.067,6205.848,2068100,2068428,0,1965000,1965000,0,13076
"A0075_thixnn.raw",1,255,0,1,1,1,511.712,6197.682,2068100,2068428,0,1965000,1965000,0,13076
"A0076_uepirg.raw",1,255,0,1,1,1,496.191,6197.095,2068100,2068428,0,1965000,1965000,0,13076
"A0077_yzpefp.raw",1,255,0,1,1,1,484.200,6201.421,2068100,2068428,0,1965000,1965000,0,13076
"A0078_j4xkdw.raw",1,255,0,1,1,1,508.212,6202.982,2068100,2068428,0,1965000,1965000,0,13076
"A0079_fpq2a0.raw",1,255,0,1,1,1,485.547,6196.874,2068100,2068428,0,1965000,1965000,0,13076
"A0080_ty7pql.raw",1,255,0,1,1,1,512.734,6194.570,2068096,2068428,0,1965000,1965000,0,13076
"A0081_lay34z.raw",1,255,0,1,1,1,519.756,6202.350,2068100,2068428,0,1965000,1965000,0,13076
"A0082_mrkhe4.raw",1,255,0,1,1,1,499.196,6208.312,2068088,2068428,0,1965000,1965000,0,13076
"A0083_dni2q2.raw",1,255,0,1,1,1,788.439,6197.135,2068088,2068428,0,1965000,1965000,0,13076
"A0084_alnglc.raw",1,255,0,1,1,1,478.478,6194.371,2068100,2068428,0,1965000,1965000,0,13076
"A0085_oateqz.raw",1,255,0,1,1,1,496.190,6200.602,2068100,2068428,0,1965000,1965000,0,13076
"A0086_pahizi.raw",1,255,0,1,1,1,613.423,6204.794,2068092,2068428,0,1965000,1965000,0,13076
"A0087_yukxlc.raw",1,255,0,1,1,1,523.445,6200.310,2068092,2068428,0,1965000,1965000,0,13076
"A0088_pdgosv.raw",1,255,0,1,1,1,483.165,6195.107,2068088,2068428,0,1965000,1965000,0,13076
"A0089_eds2md.raw",1,255,0,1,1,1,487.565,6201.130,2059896,2060232,0,1956808,1956808,0,13076
"A0090_szdiau.raw",1,255,0,1,1,1,494.578,6199.840,2059904,2060232,0,1956808,1956808,0,13076
"A0091_x0ti6u.raw",1,255,0,1,1,1,543.909,6200.824,2059896,2060224,0,1956808,1956808,0,13076
"A0092_u4sqxd.raw",1,255,0,1,1,1,512.182,6199.785,2059896,2060224,0,1956808,1956808,0,13076
"A0093_at2jv8.raw",1,255,0,1,1,1,503.325,6196.550,2059896,2060224,0,1956808,1956808,0,13076
"A0094_zfb8nu.raw",1,255,0,1,1,1,494.740,6198.069,2059896,2060224,0,1956808,1956808,0,13076
"A0095_jkkj9n.raw",1,255,0,1,1,1,586.176,6193.781,2059896,2060224,0,1956808,1956808,0,13076
"A0096_lxnofi.raw",1,255,0,1,1,1,542.964,6196.657,2059896,2060224,0,1956808,1956808,0,13076
"A0097_ntrg1i.raw",1,255,0,1,1,1,623.865,6192.692,2059896,2060224,0,1956808,1956808,0,13076
"A0098_rt7au4.raw",1,255,0,1,1,1,596.652,6218.481,2059896,2060224,0,1956808,1956808,0,13076
"A0099_wwf9mo.raw",1,255,0,1,1,1,512.384,6206.958,2059896,2060244,0,1956808,1956808,0,13076
"A0100_oi2b8q.raw",1,255,0,1,1,1,570.980,6193.762,2059892,2060436,0,1956808,1956808,0,13076
"A0101_auofjv.raw",1,255,0,1,1,1,527.281,6197.495,2060108,2060648,0,1956808,1956808,0,13076
"A0102_idx02p.raw",1,255,0,1,1,1,517.034,6202.218,2060312,2060880,0,1956808,1956808,0,13076
"A0103_t0glqy.raw",1,255,0,1,1,1,673.427,6200.628,2060528,2061072,0,1956808,1956808,0,13076
"A0104_j7srio.raw",1,255,0,1,1,1,532.642,6196.647,2060744,2061284,0,1956808,1956808,0,13076
"A0105_fzuugw.raw",1,255,0,1,1,1,502.777,6203.685,2060956,2061516,0,1956808,1956808,0,13076
"A0106_qphfdn.raw",1,255,0,1,1,1,530.873,6203.853,2061168,2061708,0,1956808,1956808,0,13076
"A0107_wadfu2.raw",1,255,0,1,1,1,664.311,6194.587,2061376,2061920,0,1956808,1956808,0,13076
"A0108_jkpzov.raw",1,255,0,1,1,1,539.636,6189.002,2061592,2062160,0,1956808,1956808,0,13076
"A0109_chn51b.raw",1,255,0,1,1,1,547.859,6203.208,2061788,2062352,0,1956808,1956808,0,13076
"A0110_uxtbiv.raw",1,255,0,1,1,1,520.116,6198.388,2062024,2062564,0,1956808,1956808,0,13076
"A0111_u7etpv.raw",1,255,0,1,1,1,566.833,6192.572,2062236,2062796,0,1956808,1956808,0,13076
"A0112_conneq.raw",1,255,0,1,1,1,655.040,6205.284,2062448,2062988,0,1956808,1956808,0,13076
"A0113_axcwln.raw",1,255,0,1,1,1,557.234,6205.633,2062660,2063200,0,1956808,1956808,0,13076
"A0114_epzka5.raw",1,255,0,1,1,1,570.290,6199.480,2062872,2063432,0,1956808,1956808,0,13076
"A0115_uxm5qb.raw",1,255,0,1,1,1,568.041,6191.075,2063076,2063620,0,1956808,1956808,0,13076
"A0116_doy9hj.raw",1,255,0,1,1,1,587.422,6193.779,2063292,2063852,0,1956808,1956808,0,13076
"A0117_pu5hmu.raw",1,255,0,1,1,1,543.631,6196.565,2063500,2063872,0,1956808,1956808,0,13076
"A0118_a7dv0n.raw",1,255,0,1,1,1,536.306,6196.581,2063496,2063852,0,1956808,1956808,0,13076
"A0119_oedla2.raw",1,255,0,1,1,1,523.644,6191.326,2063488,2063852,0,1956808,1956808,0,13076
"A0120_epjujj.raw",1,255,0,1,1,1,549.921,6194.583,2063500,2063872,0,1956808,1956808,0,13076
"A0121_g3jyy8.raw",1,255,0,1,1,1,586.547,6197.202,2063496,2063852,0,1956808,1956808,0,13076
"A0122_pmx2yd.raw",1,255,0,1,1,1,534.840,6203.887,2063500,2063852,0,1956808,1956808,0,13076
"A0123_xfgb6h.raw",1,255,0,1,1,1,568.299,6189.326,2063500,2063872,0,1956808,1956808,0,13076
"A0124_edx00r.raw",1,255,0,1,1,1,463.779,6197.952,2063500,2063860,0,1956808,1956808,0,13076
"A0125_nk5v0r.raw",1,255,0,1,1,1,529.871,6193.747,2063508,2063860,0,1956808,1956808,0,13076
"A0126_xrfib4.raw",1,255,0,1,1,1,542.410,6197.491,2063500,2063880,0,1956808,1956808,0,13076
"A0127_yjaolz.raw",1,255,0,1,1,1,532.128,6198.318,2063504,2063860,0,1956808,1956808,0,13076
"A0128_z5lkxc.raw",1,255,0,1,1,1,523.377,6193.027,2063512,2063860,0,1956808,1956808,0,13076
"A0129_n862po.raw",1,255,0,1,1,1,509.047,6218.759,2063500,2063880,0,1956808,1956808,0,13076
"A0130_neigqw.raw",1,255,0,1,1,1,512.423,6219.133,2063508,2063860,0,1956808,1956808,0,13076
"A0131_za9qd1.raw",1,255,0,1,1,1,515.641,6207.439,2063508,2063860,0,1956808,1956808,0,13076
"A0132_eounyo.raw",1,255,0,1,1,1,568.659,6200.491,2063508,2063880,0,1956808,1956808,0,13076
"A0133_ymmvtg.raw",1,255,0,1,1,1,528.365,6202.876,2063508,2063860,0,1956808,1956808,0,13076
"A0134_mjqqoe.raw",1,255,0,1,1,1,506.985,6161.684,2063508,2063860,0,1956808,1956808,0,13076
"A0135_enzni9.raw",1,255,0,1,1,1,538.391,6153.211,2063496,2063880,0,1956808,1956808,0,13076
"A0136_ml45ow.raw",1,255,0,1,1,1,539.028,6151.192,2063508,2063860,0,1956808,1956808,0,13076
"A0137_qdzoid.raw",1,255,0,1,1,1,546.619,6145.524,2063504,2063860,0,1956808,1956808,0,13076
"A0138_lrkwgg.raw",1,255,0,1,1,1,563.659,6145.977,2063512,2063880,0,1956808,1956808,0,13076
"A0139_c7zcva.raw",1,255,0,1,1,1,592.424,6154.524,2063512,2063860,0,1956808,1956808,0,13076
"A0140_hmgnyz.raw",1,255,0,1,1,1,541.320,6154.319,2063508,2063860,0,1956808,1956808,0,13076
"A0141_zb8g2z.raw",1,255,0,1,1,1,771.352,6135.956,2063512,2063880,0,1956808,1956808,0,13076
"A0142_quqwbe.raw",1,255,0,1,1,1,512.575,6159.437,2063504,2063620,0,1956808,1956808,0,13076
"A0143_scl1ia.raw",1,255,0,1,1,1,687.378,6139.058,2063288,2063408,0,1956808,1956808,0,13076
"A0144_seuevk.raw",1,255,0,1,1,1,536.671,6155.235,2063080,2063196,0,1956808,1956808,0,13076
"A0145_aj799g.raw",1,255,0,1,1,1,532.033,6147.269,2062864,2062984,0,1956808,1956808,0,13076
"A0146_pdyurx.raw",1,255,0,1,1,1,592.812,6149.228,2062656,2062772,0,1956808,1956808,0,13076
"A0147_ryewk1.raw",1,255,0,1,1,1,562.452,6145.493,2062440,2062560,0,1956808,1956808,0,13076
"A0148_ofubry.raw",1,255,0,1,1,1,538.327,6165.299,2062228,2062348,0,1956808,1956808,0,13076
"A0149_web0fw.raw",1,255,0,1,1,1,569.640,6151.050,2062016,2062136,0,1956808,1956808,0,13076
"A0150_wse9nd.raw",1,255,0,1,1,1,565.185,6143.241,2061804,2061924,0,1956808,1956808,0,13076
"A0151_d8j5q5.raw",1,255,0,1,1,1,520.062,6147.515,2061592,2061712,0,1956808,1956808,0,13076
"A0152_pkc90o.raw",1,255,0,1,1,1,503.365,6139.190,2061380,2061500,0,1956808,1956808,0,13076
"A0153_ypv0ko.raw",1,255,0,1,1,1,520.883,6143.553,2061168,2061288,0,1956808,1956808,0,13076
"A0154_rqnhhr.raw",1,255,0,1,1,1,484.391,6141.811,2060956,2061076,0,1956808,1956808,0,13076
"A0155_jpj4jd.raw",1,255,0,1,1,1,493.971,6144.835,2060744,2060864,0,1956808,1956808,0,13076
"A0156_jyhznq.raw",1,255,0,1,1,1,518.697,6143.826,2060536,2060652,0,1956808,1956808,0,13076
"A0157_wdpbft.raw",1,255,0,1,1,1,519.358,6148.951,2060320,2060440,0,1956808,1956808,0,13076
"A0158_piwgzx.raw",1,255,0,1,1,1,493.108,6147.902,2060108,2060228,0,1956808,1956808,0,13076
"A0159_k0mdgr.raw",1,255,0,1,1,1,629.700,6143.972,2059896,2060228,0,1956808,1956808,0,13076
"A0160_h2xppl.raw",1,255,0,1,1,1,518.906,6144.329,2059888,2060016,0,1956808,1956808,0,13076
"A0161_hu558c.raw",1,255,0,1,1,1,520.806,6142.106,2059892,2060016,0,1956808,1956808,0,13076
"A0162_wszbpa.raw",1,255,0,1,1,1,503.898,6140.789,2059896,2060016,0,1956808,1956808,0,13076
"A0163_qujlmb.raw",1,255,0,1,1,1,523.059,6151.076,2059896,2060016,0,1956808,1956808,0,13076
"A0164_ufwztd.raw",1,255,0,1,1,1,516.332,6147.024,2059896,2060016,0,1956808,1956808,0,13076
"A0165_mlk6uo.raw",1,255,0,1,1,1,511.041,6156.090,2059896,2060016,0,1956808,1956808,0,13076
"A0166_btzmek.raw",1,255,0,1,1,1,494.283,6164.057,2059896,2060016,0,1956808,1956808,0,13076
"A0167_lylbhn.raw",1,255,0,1,1,1,537.192,6168.199,2059884,2060004,0,1956808,1956808,0,13076
"A0168_kkus6d.raw",1,255,0,1,1,1,517.608,6154.313,2059876,2059996,0,1956808,1956808,0,13076
"A0169_ozaahc.raw",1,255,0,1,1,1,482.896,6145.766,2059876,2059996,0,1956808,1956808,0,13076
"A0170_ncl2k4.raw",1,255,0,1,1,1,506.599,6164.557,2059664,2059996,0,1956808,1956808,0,13076
"A0171_gdk0wj.raw",1,255,0,1,1,1,521.738,6140.698,2059876,2059996,0,1956808,1956808,0,13076
"A0172_fh9j69.raw",1,255,0,1,1,1,510.353,6139.463,2059876,2059996,0,1956808,1956808,0,13076
"A0173_fdiofg.raw",1,255,0,1,1,1,503.895,6149.102,2059876,2059996,0,1956808,1956808,0,13076
"A0174_qhr2xh.raw",1,255,0,1,1,1,494.389,6162.745,2059876,2059996,0,1956808,1956808,0,13076
"A0175_atyzgx.raw",1,255,0,1,1,1,533.700,6145.838,2059876,2059996,0,1956808,1956808,0,13076
"A0176_t9el8k.raw",1,255,0,1,1,1,605.146,6132.681,2059876,2059996,0,1956808,1956808,0,13076
"A0177_zjv7ht.raw",1,255,0,1,1,1,671.566,6143.673,2059876,2059996,0,1956808,1956808,0,13076
"A0178_ztki3l.raw",1,255,0,1,1,1,577.314,6157.310,2043492,2043612,0,1940424,1940424,0,13076
"A0179_zbcidy.raw",1,255,0,1,1,1,592.507,6133.358,2043492,2043824,0,1940424,1940424,0,13044
"A0180_iydqnn.raw",1,255,0,1,1,1,549.328,6130.695,2043496,2043612,0,1940424,1940424,0,13044
"A0181_iu3rku.raw",1,255,0,1,1,1,564.518,6141.292,2043492,2043824,0,1940424,1940424,0,13044
"A0182_ugicji.raw",1,255,0,1,1,1,519.680,6158.834,2043492,2043612,0,1940424,1940424,0,13044
"A0183_dfukym.raw",1,255,0,1,1,1,566.917,6140.460,2043492,2043612,0,1940424,1940424,0,13044
"A0184_rd2y4r.raw",1,255,0,1,1,1,543.463,6149.919,2043492,2043836,0,1940424,1940424,0,13044
"A0185_qtqkkp.raw",1,255,0,1,1,1,562.714,6138.632,2043504,2043624,0,1940424,1940424,0,13044
"A0188_bdgn9q.raw",1,255,0,1,1,1,537.505,6148.514,2043516,2043872,0,1940424,1940424,0,13044
"A0189_ny2ilw.raw",1,255,0,1,1,1,780.238,6160.508,2043524,2043844,0,1940424,1940424,0,13044
"A0190_cqjpqk.raw",1,255,0,1,1,1,563.896,6158.380,2043516,2043844,0,1940424,1940424,0,13044
"A0191_fwkpbo.raw",1,255,0,1,1,1,548.296,6160.485,2043508,2043844,0,1940424,1940424,0,13044
"A0192_uzchni.raw",1,255,0,1,1,1,532.142,6142.760,2043504,2043844,0,1940424,1940424,0,13044
"A0193_nkhiuo.raw",1,255,0,1,1,1,594.883,6139.101,2043504,2043844,0,1940424,1940424,0,13044
"A0194_zvbcfo.raw",1,255,0,1,1,1,583.808,6148.351,2043504,2043844,0,1940424,1940424,0,13044
"A0195_tr6ora.raw",1,255,0,1,1,1,555.111,6146.602,2043504,2043844,0,1940424,1940424,0,13044
"A0196_whkx6w.raw",1,255,0,1,1,1,519.010,6136.031,2043504,2043844,0,1940424,1940424,0,13044
"A0197_xfivh2.raw",1,255,0,1,1,1,569.315,6138.387,2043504,2043844,0,1940424,1940424,0,13044
"A0198_jimefi.raw",1,255,0,1,1,1,531.925,6146.191,2043504,2043844,0,1940424,1940424,0,13044
"A0199_ar2ay8.raw",1,255,0,1,1,1,555.218,6145.725,2043516,2043844,0,1940424,1940424,0,13044
"A0200_ohacof.raw",1,255,0,1,1,1,529.823,6144.780,2043504,2043836,0,1940424,1940424,0,13044
"A0201_ysj9co.raw",1,255,0,1,1,1,526.574,6138.027,2043504,2043836,0,1940424,1940424,0,13044
"A0202_nvcfjl.raw",1,255,0,1,1,1,568.667,6145.312,2043508,2043836,0,1940424,1940424,0,13044
"A0203_ch7mwc.raw",1,255,0,1,1,1,712.191,6140.453,2043504,2043836,0,1940424,1940424,0,13044
"A0204_jkbdpj.raw",1,255,0,1,1,1,526.662,6148.728,2043496,2043836,0,1940424,1940424,0,13044
"A0205_fvodso.raw",1,255,0,1,1,1,551.552,6138.252,2043508,2043836,0,1940424,1940424,0,13044
"A0206_f9brjr.raw",1,255,0,1,1,1,549.707,6145.433,2043508,2043836,0,1940424,1940424,0,13044
"A0207_crypbs.raw",1,255,0,1,1,1,565.662,6150.005,2043504,2043836,0,1940424,1940424,0,13044
"A0208_ciqneq.raw",1,255,0,1,1,1,530.218,6137.232,2043496,2043836,0,1940424,1940424,0,13044
"A0209_zvqfpy.raw",1,255,0,1,1,1,558.945,6133.495,2043504,2043836,0,1940424,1940424,0,13044
"A0210_ww71zb.raw",1,255,0,1,1,1,531.205,6133.087,2043500,2043836,0,1940424,1940424,0,13044
"A0211_tsumyc.raw",1,255,0,1,1,1,582.203,6137.791,2043504,2043836,0,1940424,1940424,0,13044
"A0212_s1cswj.raw",1,255,0,1,1,1,615.507,6135.563,2043512,2043836,0,1940424,1940424,0,13044
"A0213_vt8gg8.raw",1,255,0,1,1,1,569.697,6146.638,2043496,2043836,0,1940424,1940424,0,13044
"A0214_s9etmp.raw",1,255,0,1,1,1,538.363,6146.976,2043496,2043836,0,1940424,1940424,0,13044
"A0215_slzstg.raw",1,255,0,1,1,1,621.526,6141.585,2043496,2043836,0,1940424,1940424,0,13044
"A0216_pey3bs.raw",1,255,0,1,1,1,599.960,6150.563,2043504,2043836,0,1940424,1940424,0,13044
"A0217_hgh87m.raw",1,255,0,1,1,1,583.921,6152.712,2043504,2043844,0,1940424,1940424,0,13044
"A0218_p313qk.raw",1,255,0,1,1,1,543.509,6143.383,2043512,2043844,0,1940424,1940424,0,13044
"A0219_v2w2a3.raw",1,255,0,1,1,1,536.563,6147.566,2043512,2043844,0,1940424,1940424,0,13044
"A0220_znt3dh.raw",1,255,0,1,1,1,538.373,6134.871,2043508,2043844,0,1940424,1940424,0,13044
"A0222_sbfsny.raw",1,255,0,1,1,1,564.750,6146.611,2043520,2043844,0,1940424,1940424,0,13044
"A0223_kns6ja.raw",1,255,0,1,1,1,532.226,6149.726,2043512,2043844,0,1940424,1940424,0,13044
"A0224_ec1q80.raw",1,255,0,1,1,1,548.125,6154.317,2043512,2043844,0,1940424,1940424,0,13044
"A0225_ijfo9b.raw",1,255,0,1,1,1,592.943,6205.030,2043512,2043844,0,1940424,1940424,0,13044
"A0226_hluh5b.raw",1,255,0,1,1,1,544.101,6199.596,2043504,2043836,0,1940424,1940424,0,13044
"A0227_kmqc8p.raw",1,255,0,1,1,1,527.705,6197.743,2043508,2043836,0,1940424,1940424,0,13044
"A0228_cm4srd.raw",1,255,0,1,1,1,550.297,6195.660,2043508,2043836,0,1940424,1940424,0,13044
"A0229_asb2qh.raw",1,255,0,1,1,1,540.414,6190.118,2043508,2043836,0,1940424,1940424,0,13044
"A0230_vrqiqx.raw",1,255,0,1,1,1,551.334,6196.490,2043508,2043836,0,1940424,1940424,0,13044
"A0231_bfqh0p.raw",1,255,0,1,1,1,561.073,6216.516,2043508,2043836,0,1940424,1940424,0,13044
"A0232_dgrsxo.raw",1,255,0,1,1,1,596.264,6207.917,2043492,2043824,0,1940424,1940424,0,13044
"A0233_xqv5rq.raw",1,255,0,1,1,1,553.705,6202.349,2043492,2043824,0,1940424,1940424,0,13044
"A0234_s9tsrz.raw",1,255,0,1,1,1,537.065,6225.137,2043488,2043852,0,1940424,1940424,0,13044
"A0235_f5egs1.raw",1,255,0,1,1,1,561.551,6203.435,2043500,2044044,0,1940424,1940424,0,13044
"A0236_eknpio.raw",1,255,0,1,1,1,569.145,6202.134,2043712,2044256,0,1940424,1940424,0,13044
"A0237_gmrxbk.raw",1,255,0,1,1,1,729.752,6201.066,2043920,2044488,0,1940424,1940424,0,13044
"A0238_cutltl.raw",1,255,0,1,1,1,581.993,6198.083,2044140,2044680,0,1940424,1940424,0,13044
"A0239_pyv9f4.raw",1,255,0,1,1,1,504.025,6194.830,2044352,2044892,0,1940424,1940424,0,13044
"A0240_tjh4sv.raw",1,255,0,1,1,1,567.469,6202.150,2044564,2045124,0,1940424,1940424,0,13044
"A0241_jn8liu.raw",1,255,0,1,1,1,558.354,6203.357,2044776,2045308,0,1940424,1940424,0,13044
"A0242_vcn7h9.raw",1,255,0,1,1,1,560.740,6198.141,2044980,2045520,0,1940424,1940424,0,13044
"A0243_wmkjie.raw",1,255,0,1,1,1,570.134,6208.375,2045184,2045760,0,1940424,1940424,0,13044
"A0244_uvkbjy.raw",1,255,0,1,1,1,535.089,6197.015,2045416,2045952,0,1940424,1940424,0,13044
"A0245_qcwoib.raw",1,255,0,1,1,1,548.302,6197.770,2045624,2046164,0,1940424,1940424,0,13044
"A0246_zemmnk.raw",1,255,0,1,1,1,590.114,6197.410,2045832,2046404,0,1940424,1940424,0,13044
"A0247_pq1oev.raw",1,255,0,1,1,1,576.877,6191.007,2046044,2046588,0,1940424,1940424,0,13044
"A0248_x0oo3k.raw",1,255,0,1,1,1,570.798,6195.192,2046256,2046800,0,1940424,1940424,0,13044
"A0249_i0dxqu.raw",1,255,0,1,1,1,554.801,6203.308,2046468,2047052,0,1940424,1940424,0,13044
"A0250_axxp23.raw",1,255,0,1,1,1,595.149,6201.240,2046700,2047236,0,1940424,1940424,0,13044
"A0252_w9tnqy.raw",1,255,0,1,1,1,537.805,6206.945,2046904,2047476,0,1940424,1940424,0,13044
"A0253_bxpt22.raw",1,255,0,1,1,1,569.060,6196.333,2047124,2047496,0,1940424,1940424,0,13044
"A0254_hukz5u.raw",1,255,0,1,1,1,497.859,6202.584,2047120,2047476,0,1940424,1940424,0,13044
"A0255_g1clny.raw",1,255,0,1,1,1,518.464,6196.888,2047124,2047476,0,1940424,1940424,0,13044
"A0256_kbw8md.raw",1,255,0,1,1,1,492.711,6201.679,2047116,2047496,0,1940424,1940424,0,13044
"A0257_ux4eb4.raw",1,255,0,1,1,1,587.437,6190.597,2047120,2047476,0,1940424,1940424,0,13044
"A0258_hevype.raw",1,255,0,1,1,1,552.627,6199.442,2047128,2047476,0,1940424,1940424,0,13044
"A0259_jkmxqq.raw",1,255,0,1,1,1,581.499,6195.956,2047112,2047496,0,1940424,1940424,0,13044
"A0260_zuqtnh.raw",1,255,0,1,1,1,573.826,6204.267,2047128,2047476,0,1940424,1940424,0,13044
"A0261_y0babc.raw",1,255,0,1,1,1,542.563,6191.194,2047128,2047476,0,1940424,1940424,0,13044
"A0262_bn3bfl.raw",1,255,0,1,1,1,592.740,6206.416,2047124,2047496,0,1940424,1940424,0,13044
"A0263_eaovwh.raw",1,255,0,1,1,1,582.322,6198.811,2047120,2047476,0,1940424,1940424,0,13044
"A0264_znxwji.raw",1,255,0,1,1,1,577.580,6198.641,2047128,2047476,0,1940424,1940424,0,13044
"A0265_x7adfc.raw",1,255,0,1,1,1,594.278,6191.738,2047116,2047496,0,1940424,1940424,0,13044
"A0266_sxsryp.raw",1,255,0,1,1,1,569.307,6206.849,2047128,2047476,0,1940424,1940424,0,13028
"A0267_fmmmsv.raw",1,255,0,1,1,1,588.466,6193.267,2047124,2047476,0,1940424,1940424,0,13028
"A0268_o7e2th.raw",1,255,0,1,1,1,602.465,6197.255,2047124,2047496,0,1940424,1940424,0,13028
"A0269_ajpovb.raw",1,255,0,1,1,1,562.832,6196.600,2047128,2047476,0,1940424,1940424,0,13028
"A0270_l00eru.raw",1,255,0,1,1,1,560.063,6199.341,2047124,2047476,0,1940424,1940424,0,13012
"A0271_idqtq6.raw",1,255,0,1,1,1,651.563,6192.965,2047124,2047496,0,1940424,1940424,0,13012
"A0272_ci12kp.raw",1,255,0,1,1,1,585.700,6197.240,2047128,2047476,0,1940424,1940424,0,13012
"A0273_oobnvs.raw",1,255,0,1,1,1,560.705,6196.766,2047124,2047476,0,1940424,1940424,0,13012
"A0274_z8y0ts.raw",1,255,0,1,1,1,579.789,6189.074,2047124,2047496,0,1940424,1940424,0,13012
"A0275_qcom4d.raw",1,255,0,1,1,1,613.958,6194.557,2047128,2047476,0,1940424,1940424,0,13012
"A0276_u8civs.raw",1,255,0,1,1,1,612.086,6201.820,2047124,2047476,0,1940424,1940424,0,13012
"A0277_lp0jyl.raw",1,255,0,1,1,1,568.635,6193.625,2047124,2047496,0,1940424,1940424,0,13012
"A0278_alargq.raw",1,255,0,1,1,1,592.579,6196.367,2047120,2047476,0,1940424,1940424,0,13012
"A0279_yofu8q.raw",1,255,0,1,1,1,591.068,6197.419,2047124,2047476,0,1940424,1940424,0,13012
"A0280_sudwco.raw",1,255,0,1,1,1,692.666,6197.149,2047124,2047496,0,1940424,1940424,0,13012
"A0284_eqeqpu.raw",1,255,0,1,1,1,562.963,6196.691,2047120,2047476,0,1940424,1940424,0,13012
"A0285_hlnoe3.raw",1,255,0,1,1,1,546.687,6193.683,2047128,2047476,0,1940424,1940424,0,13012
"A0286_ssxkmx.raw",1,255,0,1,1,1,553.795,6197.479,2047128,2047496,0,1940424,1940424,0,13012
"A0287_kpxbdk.raw",1,255,0,1,1,1,601.197,6205.698,2047112,2047476,0,1940424,1940424,0,13012
"A0288_aql3s9.raw",1,255,0,1,1,1,562.854,6197.170,2047124,2047476,0,1940424,1940424,0,13012
"A0289_n1hkoe.raw",1,255,0,1,1,1,560.512,6205.784,2047120,2047496,0,1940424,1940424,0,13012
"A0290_bdpny1.raw",1,255,0,1,1,1,577.310,6219.060,2047128,2047476,0,1940424,1940424,0,13012
"A0291_zkzfpo.raw",1,255,0,1,1,1,564.862,6204.996,2047124,2047476,0,1940424,1940424,0,13012
"A0292_gc2isa.raw",1,255,0,1,1,1,585.969,6198.411,2047124,2047496,0,1940424,1940424,0,13012
"A0293_wrvywi.raw",1,255,0,1,1,1,640.517,6194.412,2047120,2047476,0,1940424,1940424,0,13012
"A0294_hbaudo.raw",1,255,0,1,1,1,549.003,6204.130,2047128,2047476,0,1940424,1940424,0,13012
"A0295_s5k0wm.raw",1,255,0,1,1,1,531.172,6216.299,2047124,2047496,0,1940424,1940424,0,13012
"A0296_d9znpe.raw",1,255,0,1,1,1,624.335,6211.518,2047116,2047476,0,1940424,1940424,0,13012
"A0297_xfqrcq.raw",1,255,0,1,1,1,583.575,6195.611,2047124,2047476,0,1940424,1940424,0,13012
"A0298_mrexge.raw",1,255,0,1,1,1,664.428,6209.112,2047124,2047496,0,1940424,1940424,0,13012
"A0299_ixvobf.raw",1,255,0,1,1,1,597.463,6203.335,2047120,2047476,0,1940424,1940424,0,13012
"A0300_ti9hcd.raw",1,255,0,1,1,1,560.790,6194.831,2047128,2047476,0,1940424,1940424,0,13012
"A0301_qub0zf.raw",1,255,0,1,1,1,606.661,6198.565,2047128,2047496,0,1940424,1940424,0,13012
"A0302_dvtavh.raw",1,255,0,1,1,1,588.703,6211.213,2047128,2047476,0,1940424,1940424,0,13012
"A0303_yp97an.raw",1,255,0,1,1,1,592.697,6193.208,2047128,2047476,0,1940424,1940424,0,13012
"A0304_y71j7t.raw",1,255,0,1,1,1,583.593,6192.296,2047124,2047496,0,1940424,1940424,0,13012
"A0305_yybafz.raw",1,255,0,1,1,1,541.643,6197.867,2047120,2047476,0,1940424,1940424,0,13012
"A0306_qjkmac.raw",1,255,0,1,1,1,566.059,6196.297,2047104,2047476,0,1940424,1940424,0,13012
"A0307_flkxrv.raw",1,255,0,1,1,1,557.354,6205.271,2047128,2047496,0,1940424,1940424,0,13012
"A0308_xkictc.raw",1,255,0,1,1,1,516.814,6198.249,2047120,2047476,0,1940424,1940424,0,13012
"A0309_gzx0lp.raw",1,255,0,1,1,1,575.187,6197.150,2047124,2047476,0,1940424,1940424,0,13012
"A0310_b9zuuj.raw",1,255,0,1,1,1,552.353,6192.313,2047128,2047496,0,1940424,1940424,0,13012
"A0311_ynnqsg.raw",1,255,0,1,1,1,574.011,6199.617,2047124,2047476,0,1940424,1940424,0,13012
"A0312_r5dft8.raw",1,255,0,1,1,1,571.764,6199.820,2047124,2047476,0,1940424,1940424,0,13012
"A0313_xyi7vm.raw",1,255,0,1,1,1,549.813,6194.053,2047128,2047496,0,1940424,1940424,0,13012
"A0314_hjwlcr.raw",1,255,0,1,1,1,596.553,6200.399,2047128,2047476,0,1940424,1940424,0,13012
"A0315_im4uan.raw",1,255,0,1,1,1,741.185,6201.334,2047116,2047476,0,1940424,1940424,0,13012
"A0316_d8tfsd.raw",1,255,0,1,1,1,542.546,6200.957,2047124,2047496,0,1940424,1940424,0,13012
"A0317_ik34xx.raw",1,255,0,1,1,1,566.470,6194.290,2047112,2047476,0,1940424,1940424,0,13012
"A0318_i0fam1.raw",1,255,0,1,1,1,559.542,6193.406,2047112,2047476,0,1940424,1940424,0,13012
"A0319_co5vs4.raw",1,255,0,1,1,1,557.973,6190.641,2047124,2047496,0,1940424,1940424,0,13012
"A0320_jk1elq.raw",1,255,0,1,1,1,559.023,6194.554,2047124,2047476,0,1940424,1940424,0,13012
"A0321_qdoo2i.raw",1,255,0,1,1,1,540.830,6193.498,2047124,2047476,0,1940424,1940424,0,13012
"A0322_bj3jaj.raw",1,255,0,1,1,1,549.578,6201.714,2047128,2047496,0,1940424,1940424,0,13012
"A0323_udkkdk.raw",1,255,0,1,1,1,582.936,6202.283,2047128,2047476,0,1940424,1940424,0,13012
"A0324_ix2x76.raw",1,255,0,1,1,1,592.680,6197.273,2047124,2047476,0,1940424,1940424,0,13012
"A0325_vtxqtl.raw",1,255,0,1,1,1,586.056,6193.796,2047120,2047496,0,1940424,1940424,0,13012
"A0326_jbtwvz.raw",1,255,0,1,1,1,571.462,6201.680,2047124,2047236,0,1940424,1940424,0,13012
"A0327_bdutno.raw",1,255,0,1,1,1,623.253,6196.927,2046904,2047024,0,1940424,1940424,0,13012
"A0328_fk3csq.raw",1,255,0,1,1,1,596.154,6202.961,2046692,2046812,0,1940424,1940424,0,13012
"A0329_yuy1yj.raw",1,255,0,1,1,1,623.944,6206.605,2046484,2046600,0,1940424,1940424,0,13012
"A0330_eymoe2.raw",1,255,0,1,1,1,593.387,6198.292,2046268,2046388,0,1940424,1940424,0,13012
"A0331_hseg4s.raw",1,255,0,1,1,1,566.672,6198.762,2046060,2046176,0,1940424,1940424,0,13012
"A0332_ekfdwv.raw",1,255,0,1,1,1,550.595,6204.178,2045844,2045964,0,1940424,1940424,0,13012
"A0333_lmugko.raw",1,255,0,1,1,1,881.590,6198.714,2045560,2045680,0,1940424,1940424,0,13012
"A0334_tjccqp.raw",1,255,0,1,1,1,537.702,6197.679,2045344,2045468,0,1940424,1940424,0,13012
"A0335_ycajns.raw",1,255,0,1,1,1,521.761,6200.812,2045136,2045256,0,1940424,1940424,0,13012
"A0336_zcwtf9.raw",1,255,0,1,1,1,581.946,6198.855,2044924,2045044,0,1940424,1940424,0,13012
"A0337_p6uclg.raw",1,255,0,1,1,1,555.991,6199.416,2044712,2044832,0,1940424,1940424,0,13012
"A0338_n0t7rv.raw",1,255,0,1,1,1,565.991,6198.387,2044504,2044620,0,1940424,1940424,0,13012
"A0339_pudo2p.raw",1,255,0,1,1,1,634.444,6196.954,2044288,2044408,0,1940424,1940424,0,13012
"A0340_tlndrh.raw",1,255,0,1,1,1,542.269,6199.426,2044080,2044196,0,1940424,1940424,0,13012
"A0341_hejolh.raw",1,255,0,1,1,1,695.929,6202.864,2043864,2043984,0,1940424,1940424,0,13012
"A0342_lp6gkv.raw",1,255,0,1,1,1,532.251,6195.957,2043652,2043772,0,1940424,1940424,0,13012
"A0343_y3pszq.raw",1,255,0,1,1,1,604.782,6203.824,2043432,2043772,0,1940424,1940424,0,13012
"A0344_ptvhiq.raw",1,255,0,1,1,1,602.671,6205.404,2043440,2043772,0,1940424,1940424,0,13012
"A0345_wetetm.raw",1,255,0,1,1,1,694.817,6193.566,2043444,2043772,0,1940424,1940424,0,13012
"A0346_jhdhsf.raw",1,255,0,1,1,1,548.335,6201.803,2043440,2043772,0,1940424,1940424,0,13012
"A0347_qjv2cy.raw",1,255,0,1,1,1,574.465,6199.346,2043440,2043772,0,1940424,1940424,0,13012
"A0348_g7ge9x.raw",1,255,0,1,1,1,543.208,6207.799,2043440,2043772,0,1940424,1940424,0,13012
"A0349_lbh80x.raw",1,255,0,1,1,1,557.604,6196.975,2043432,2043772,0,1940424,1940424,0,13012
"A0350_tex9fb.raw",1,255,0,1,1,1,555.621,6198.890,2043444,2043772,0,1940424,1940424,0,13012
"A0352_zvdebj.raw",1,255,0,1,1,1,550.906,6192.692,2043444,2043772,0,1940424,1940424,0,13012
"A0353_cssdbg.raw",1,255,0,1,1,1,590.725,6190.570,2043440,2043772,0,1940424,1940424,0,13012
"A0354_syikha.raw",1,255,0,1,1,1,544.383,6198.326,2043440,2043772,0,1940424,1940424,0,13012
"A0355_d5zrql.raw",1,255,0,1,1,1,593.643,6195.818,2043440,2043772,0,1940424,1940424,0,13012
"A0356_ew2wb9.raw",1,255,0,1,1,1,561.410,6200.231,2043440,2043772,0,1940424,1940424,0,13012
"A0357_jyzhgd.raw",1,255,0,1,1,1,625.412,6197.811,2043440,2043772,0,1940424,1940424,0,13012
"A0358_azetfv.raw",1,255,0,1,1,1,543.484,6195.688,2043440,2043772,0,1940424,1940424,0,13012
"A0359_pqllv9.raw",1,255,0,1,1,1,576.598,6198.313,2043440,2043772,0,1940424,1940424,0,13012
"A0360_pwtuqo.raw",1,255,0,1,1,1,525.847,6196.373,2043440,2043772,0,1940424,1940424,0,13012
"A0361_cjbzmd.raw",1,255,0,1,1,1,556.600,6196.038,2043440,2043772,0,1940424,1940424,0,13012
"A0362_ogt4km.raw",1,255,0,1,1,1,570.516,6201.380,2043444,2043772,0,1940424,1940424,0,13012
"A0363_njr5v5.raw",1,255,0,1,1,1,543.488,6196.494,2043444,2043772,0,1940424,1940424,0,13012
"A0364_layfgn.raw",1,255,0,1,1,1,526.003,6195.043,2010676,2011004,0,1907656,1907656,0,13012
"A0365_btvcvn.raw",1,255,0,1,1,1,549.643,6198.722,2010672,2011004,0,1907656,1907656,0,13012
"A0366_km2ell.raw",1,255,0,1,1,1,567.229,6193.439,2010672,2011004,0,1907656,1907656,0,13012
"A0367_ruqycj.raw",1,255,0,1,1,1,558.595,6199.591,2010672,2011004,0,1907656,1907656,0,13012
"A0368_bsgs52.raw",1,255,0,1,1,1,588.422,6192.977,2010676,2011004,0,1907656,1907656,0,13012
"A0369_s4pwkw.raw",1,255,0,1,1,1,579.762,6201.831,2010672,2011000,0,1907656,1907656,0,13012
"A0370_wfarv0.raw",1,255,0,1,1,1,552.291,6194.285,2010672,2011000,0,1907656,1907656,0,13012
"A0371_joxrak.raw",1,255,0,1,1,1,559.567,6197.911,2010672,2011028,0,1907656,1907656,0,13012
"A0372_zoohxs.raw",1,255,0,1,1,1,561.455,6194.828,2010676,2011000,0,1907656,1907656,0,13012
"A0373_z41pvo.raw",1,255,0,1,1,1,547.392,6198.973,2010664,2011000,0,1907656,1907656,0,13012
"A0374_r21kou.raw",1,255,0,1,1,1,544.262,6196.920,2010668,2011000,0,1907656,1907656,0,13012
"A0376_thu5jh.raw",1,255,0,1,1,1,556.882,6200.887,2010668,2011000,0,1907656,1907656,0,13012
"A0377_kkzhwn.raw",1,255,0,1,1,1,563.016,6200.352,2010668,2011000,0,1907656,1907656,0,13012
"A0378_wigkro.raw",1,255,0,1,1,1,600.639,6195.275,2010668,2011000,0,1907656,1907656,0,13012
"A0379_hbssm3.raw",1,255,0,1,1,1,572.195,6198.965,2010668,2011000,0,1907656,1907656,0,13012
"A0380_tjsogc.raw",1,255,0,1,1,1,535.257,6200.106,2010672,2011000,0,1907656,1907656,0,13012
"A0381_rm2xed.raw",1,255,0,1,1,1,605.461,6199.283,2010672,2011000,0,1907656,1907656,0,13012
"A0382_s5qt3h.raw",1,255,0,1,1,1,623.043,6197.663,2010668,2011000,0,1907656,1907656,0,13012
"A0383_vvjhh8.raw",1,255,0,1,1,1,543.752,6195.137,2010660,2011000,0,1907656,1907656,0,13012
"A0384_z6tazi.raw",1,255,0,1,1,1,558.524,6194.352,2010668,2011000,0,1907656,1907656,0,13012
"A0385_k1aoy5.raw",1,255,0,1,1,1,537.929,6197.467,2010672,2011000,0,1907656,1907656,0,13012
"A0386_mjlxio.raw",1,255,0,1,1,1,574.930,6192.410,2010672,2011000,0,1907656,1907656,0,13012
"A0387_ynmcl2.raw",1,255,0,1,1,1,556.778,6194.866,2010672,2011004,0,1907656,1907656,0,13012
"A0388_trhvtl.raw",1,255,0,1,1,1,540.004,6203.193,2010668,2011004,0,1907656,1907656,0,13012
"A0389_kemn1f.raw",1,255,0,1,1,1,579.819,6205.309,2010676,2011004,0,1907656,1907656,0,13012
"A0390_hnpat7.raw",1,255,0,1,1,1,529.913,6191.789,2010664,2011004,0,1907656,1907656,0,13012
"A0391_fsubq3.raw",1,255,0,1,1,1,564.246,6201.093,2010672,2011004,0,1907656,1907656,0,13012
"A0392_oc7uwv.raw",1,255,0,1,1,1,576.068,6203.691,2010680,2011004,0,1907656,1907656,0,13012
"A0393_ebtlw8.raw",1,255,0,1,1,1,537.888,6201.589,2010680,2011004,0,1907656,1907656,0,13012
"A0394_pryct3.raw",1,255,0,1,1,1,524.067,6200.150,2010676,2011004,0,1907656,1907656,0,13012
"A0395_pswwpv.raw",1,255,0,1,1,1,594.418,6201.323,2010676,2011004,0,1907656,1907656,0,13012
"A0396_lfswc9.raw",1,255,0,1,1,1,588.396,6201.089,2010676,2011004,0,1907656,1907656,0,13012
"A0397_kfddhc.raw",1,255,0,1,1,1,546.686,6197.833,2010680,2011004,0,1907656,1907656,0,13012
"A0398_vk698p.raw",1,255,0,1,1,1,505.945,6202.486,2010676,2011004,0,1907656,1907656,0,13012
"A0399_rbwika.raw",1,255,0,1,1,1,1968.803,6197.729,2010676,2011008,0,1907656,1907656,0,13012
"A0400_eqg00u.raw",1,255,0,1,1,1,556.169,6199.967,2010680,2011008,0,1907656,1907656,0,13012
"A0401_rilc1b.raw",1,255,0,1,1,1,588.738,6200.554,2010680,2011008,0,1907656,1907656,0,13012
"A0402_w0vt9h.raw",1,255,0,1,1,1,546.261,6198.468,2010668,2011004,0,1907656,1907656,0,13012
"A0403_wffqhr.raw",1,255,0,1,1,1,614.128,6202.178,2010672,2011004,0,1907656,1907656,0,13012
"A0404_uzsvg8.raw",1,255,0,1,1,1,549.064,6195.430,2010676,2011004,0,1907656,1907656,0,13012
"A0405_tg9teh.raw",1,255,0,1,1,1,555.679,6198.898,2010676,2011004,0,1907656,1907656,0,13012
"A0406_zflebv.raw",1,255,0,1,1,1,569.108,6198.680,2010676,2011004,0,1907656,1907656,0,13012
"A0407_rbgpmh.raw",1,255,0,1,1,1,546.300,6196.568,2010676,2011004,0,1907656,1907656,0,13012
"A0408_f7y5c6.raw",1,255,0,1,1,1,550.725,6200.998,2010668,2011004,0,1907656,1907656,0,13012
"A0409_e4wdni.raw",1,255,0,1,1,1,561.791,6196.970,2010676,2011004,0,1907656,1907656,0,13012
"A0410_dojvrg.raw",1,255,0,1,1,1,538.908,6202.378,2010672,2011004,0,1907656,1907656,0,13012
"A0411_dfilzh.raw",1,255,0,1,1,1,541.785,6198.247,2010672,2011004,0,1907656,1907656,0,13012
"A0412_n3jvir.raw",1,255,0,1,1,1,610.688,6195.656,2010672,2011004,0,1907656,1907656,0,13012
"A0413_g1j1dn.raw",1,255,0,1,1,1,570.549,6197.783,2010672,2011004,0,1907656,1907656,0,13012
"A0414_lv2t3u.raw",1,255,0,1,1,1,545.213,6195.944,2010672,2011004,0,1907656,1907656,0,13012
"A0415_vah7zi.raw",1,255,0,1,1,1,578.455,6199.486,2010676,2011008,0,1907656,1907656,0,13012
"A0416_scjbfe.raw",1,255,0,1,1,1,557.262,6200.126,2010672,2011008,0,1907656,1907656,0,13012
"A0417_ad97qt.raw",1,255,0,1,1,1,539.365,6199.424,2010704,2011032,0,1907656,1907656,0,13012
"A0418_qs0nro.raw",1,255,0,1,1,1,541.245,6194.718,2010684,2011012,0,1907656,1907656,0,13012
"A0419_ahvcmt.raw",1,255,0,1,1,1,547.251,6190.780,2010680,2011012,0,1907656,1907656,0,13012
"A0420_vsemxf.raw",1,255,0,1,1,1,556.218,6194.026,2010672,2011012,0,1907656,1907656,0,13012
"A0421_keuvyd.raw",1,255,0,1,1,1,553.895,6200.999,2010672,2011012,0,1907656,1907656,0,13012
"A0422_r5hsns.raw",1,255,0,1,1,1,530.657,6197.036,2010680,2011012,0,1907656,1907656,0,13012
"A0423_tvwfxt.raw",1,255,0,1,1,1,546.837,6198.377,2010680,2011012,0,1907656,1907656,0,13012
"A0424_dpdtdp.raw",1,255,0,1,1,1,604.101,6202.508,2010684,2011012,0,1907656,1907656,0,13012
"A0425_zb0vdx.raw",1,255,0,1,1,1,579.427,6207.509,2010680,2011012,0,1907656,1907656,0,13012
"A0426_hddmf6.raw",1,255,0,1,1,1,595.124,6195.269,2010680,2011012,0,1907656,1907656,0,13012
"A0427_crhssy.raw",1,255,0,1,1,1,551.634,6202.886,2010680,2011008,0,1907656,1907656,0,13012
"A0428_xgl8bw.raw",1,255,0,1,1,1,639.117,6198.676,2010680,2011008,0,1907656,1907656,0,13012
"A0429_lrjppg.raw",1,255,0,1,1,1,537.123,6193.842,2010676,2011008,0,1907656,1907656,0,13012
"A0430_iohwav.raw",1,255,0,1,1,1,530.317,6192.343,2010676,2011008,0,1907656,1907656,0,13012
"A0431_oknhqk.raw",1,255,0,1,1,1,521.795,6200.491,2010676,2011008,0,1907656,1907656,0,13012
"A0432_r8uyuf.raw",1,255,0,1,1,1,558.799,6197.062,2010676,2011008,0,1907656,1907656,0,13012
"A0433_ftsb7l.raw",1,255,0,1,1,1,552.293,6202.130,2010676,2011008,0,1907656,1907656,0,13012
"A0434_g58dax.raw",1,255,0,1,1,1,542.926,6204.247,2010680,2011008,0,1907656,1907656,0,13012
"A0435_vs0v09.raw",1,255,0,1,1,1,550.340,6202.955,2010680,2011008,0,1907656,1907656,0,13012
"A0436_rf7nm6.raw",1,255,0,1,1,1,581.000,6198.416,2010680,2011008,0,1907656,1907656,0,13012
"A0437_msxuo6.raw",1,255,0,1,1,1,556.261,6194.662,2010680,2011008,0,1907656,1907656,0,13012
"A0440_ntynus.raw",1,255,0,1,1,1,546.044,6197.264,2010680,2011008,0,1907656,1907656,0,13012
"A0441_v7wwui.raw",1,255,0,1,1,1,563.225,6199.207,2010680,2011008,0,1907656,1907656,0,13012
"A0442_dqkqpe.raw",1,255,0,1,1,1,542.345,6196.849,2010680,2011004,0,1907656,1907656,0,13012
"A0443_nsskxx.raw",1,255,0,1,1,1,562.925,6193.221,2010676,2011004,0,1907656,1907656,0,13012
"A0444_il9w1f.raw",1,255,0,1,1,1,563.400,6195.729,2010676,2011004,0,1907656,1907656,0,13012
"A0445_qwyknw.raw",1,255,0,1,1,1,554.721,6188.736,2010676,2011004,0,1907656,1907656,0,13012
"A0446_acwzym.raw",1,255,0,1,1,1,572.353,6199.884,2010676,2011004,0,1907656,1907656,0,13012
"A0447_ztuewd.raw",1,255,0,1,1,1,600.440,6196.591,2010676,2011004,0,1907656,1907656,0,13012
"A0448_hjoceg.raw",1,255,0,1,1,1,575.237,6195.406,2010672,2011008,0,1907656,1907656,0,13012
"A0449_hchlnu.raw",1,255,0,1,1,1,567.703,6196.789,2010676,2011008,0,1907656,1907656,0,13012
"A0450_r9v6aw.raw",1,255,0,1,1,1,545.209,6196.575,2010676,2011008,0,1907656,1907656,0,13012
"A0451_cjyaqu.raw",1,255,0,1,1,1,528.170,6202.769,2010676,2011008,0,1907656,1907656,0,13012
"A0452_m0ut30.raw",1,255,0,1,1,1,859.542,6197.998,2010676,2011008,0,1907656,1907656,0,13012
"A0453_dvu9kl.raw",1,255,0,1,1,1,582.588,6198.696,2010676,2011004,0,1907656,1907656,0,13012
"A0454_jk4df0.raw",1,255,0,1,1,1,512.857,6201.195,2010676,2011004,0,1907656,1907656,0,13012
"A0455_zaucsk.raw",1,255,0,1,1,1,556.576,6196.640,2010676,2011004,0,1907656,1907656,0,13012
"A0456_q4rdoh.raw",1,255,0,1,1,1,562.818,6202.710,2010676,2011004,0,1907656,1907656,0,13012
"A0457_ygc8fl.raw",1,255,0,1,1,1,635.483,6199.260,2010664,2011004,0,1907656,1907656,0,13012
"A0460_qeqqbx.raw",1,255,0,1,1,1,615.680,6191.335,2010668,2011004,0,1907656,1907656,0,13012
"A0461_vyvota.raw",1,255,0,1,1,1,640.870,6197.093,2010676,2011004,0,1907656,1907656,0,13012
"A0462_tbli0t.raw",1,255,0,1,1,1,529.434,6197.057,2010676,2011004,0,1907656,1907656,0,13012
"A0463_xlxxae.raw",1,255,0,1,1,1,759.841,6201.666,2010668,2011004,0,1907656,1907656,0,13012
"A0464_vlecha.raw",1,255,0,1,1,1,578.775,6204.425,2010652,2010992,0,1907656,1907656,0,13012
"A0465_asowsq.raw",1,255,0,1,1,1,584.371,6194.542,2010652,2010992,0,1907656,1907656,0,13012
"A0466_swkz2f.raw",1,255,0,1,1,1,551.946,6192.024,2010664,2011016,0,1907656,1907656,0,13012
"A0467_kefijj.raw",1,255,0,1,1,1,536.860,6200.016,2010668,2011200,0,1907656,1907656,0,13012
"A0468_xznvsy.raw",1,255,0,1,1,1,537.450,6197.490,2010872,2011412,0,1907656,1907656,0,13012
"A0469_cjnozm.raw",1,255,0,1,1,1,566.381,6199.301,2011080,2011652,0,1907656,1907656,0,13012
"A0470_sr1crp.raw",1,255,0,1,1,1,514.196,6208.146,2011292,2011836,0,1907656,1907656,0,13012
"A0471_vegjb2.raw",1,255,0,1,1,1,547.047,6202.848,2011516,2012048,0,1907656,1907656,0,13012
"A0472_anpbxw.raw",1,255,0,1,1,1,540.010,6203.731,2011720,2012292,0,1907656,1907656,0,13012
"A0473_f0xhxn.raw",1,255,0,1,1,1,632.980,6202.274,2011928,2012476,0,1907656,1907656,0,13012
"A0474_lcgqt3.raw",1,255,0,1,1,1,547.696,6206.242,2012148,2012688,0,1907656,1907656,0,13012
"A0475_izdi4w.raw",1,255,0,1,1,1,531.823,6204.502,2012360,2012928,0,1907656,1907656,0,13012
"A0476_sicood.raw",1,255,0,1,1,1,562.585,6200.388,2012568,2013112,0,1907656,1907656,0,13012
"A0477_hkkbrr.raw",1,255,0,1,1,1,589.438,6205.588,2012792,2013324,0,1907656,1907656,0,13012
"A0478_assip5.raw",1,255,0,1,1,1,544.892,6200.394,2012996,2013564,0,1907656,1907656,0,13012
"A0479_iwl6rk.raw",1,255,0,1,1,1,632.199,6193.736,2013204,2013748,0,1907656,1907656,0,13012
"A0480_d6kou8.raw",1,255,0,1,1,1,520.206,6193.356,2013420,2013960,0,1907656,1907656,0,13012
"A0481_tfxlsp.raw",1,255,0,1,1,1,565.752,6198.619,2013628,2014212,0,1907656,1907656,0,13012
"A0482_qkkfjr.raw",1,255,0,1,1,1,572.711,6201.776,2013864,2014396,0,1907656,1907656,0,13012
"A0483_jknnb3.raw",1,255,0,1,1,1,567.316,6194.259,2014064,2014636,0,1907656,1907656,0,13012
"A0484_bntigi.raw",1,255,0,1,1,1,571.874,6195.194,2014288,2014656,0,1907656,1907656,0,13012
"A0485_xhwwsw.raw",1,255,0,1,1,1,538.547,6203.377,2014288,2014636,0,1907656,1907656,0,13012
"A0486_tpalip.raw",1,255,0,1,1,1,577.443,6192.997,2014284,2014636,0,1907656,1907656,0,13012
"A0487_svmkzb.raw",1,255,0,1,1,1,557.165,6192.439,2014288,2014656,0,1907656,1907656,0,13012
"A0488_n1nhui.raw",1,255,0,1,1,1,581.051,6195.933,2014288,2014636,0,1907656,1907656,0,13012
"A0489_r5fgah.raw",1,255,0,1,1,1,586.600,6197.182,2014284,2014636,0,1907656,1907656,0,13012
"A0490_qgy6rp.raw",1,255,0,1,1,1,568.205,6192.805,2014280,2014656,0,1907656,1907656,0,13012
"A0491_i88loc.raw",1,255,0,1,1,1,545.381,6197.930,2014280,2014396,0,1907656,1907656,0,13012
"A0492_swhvle.raw",1,255,0,1,1,1,546.095,6204.361,2014060,2014184,0,1907656,1907656,0,13012
"A0493_o51twc.raw",1,255,0,1,1,1,528.365,6202.090,2013856,2013972,0,1907656,1907656,0,13012
"A0494_mqhtek.raw",1,255,0,1,1,1,515.775,6191.448,2013644,2013760,0,1907656,1907656,0,13012
"A0495_y2b89h.raw",1,255,0,1,1,1,544.583,6195.996,2013432,2013548,0,1907656,1907656,0,13012
"A0496_vm1dk9.raw",1,255,0,1,1,1,595.203,6195.984,2013220,2013336,0,1907656,1907656,0,13012
"A0497_eamtyq.raw",1,255,0,1,1,1,603.537,6194.597,2013008,2013124,0,1907656,1907656,0,13012
"A0498_lfav63.raw",1,255,0,1,1,1,584.546,6193.136,2012796,2012912,0,1907656,1907656,0,13012
"A0499_xne8pi.raw",1,255,0,1,1,1,587.283,6199.977,2012584,2012700,0,1907656,1907656,0,13012
"A0500_xtopuy.raw",1,255,0,1,1,1,569.655,6200.163,2012372,2012488,0,1907656,1907656,0,13012
"A0501_at6y7x.raw",1,255,0,1,1,1,552.096,6193.077,2012160,2012276,0,1907656,1907656,0,13012
"A0502_p0l3k7.raw",1,255,0,1,1,1,520.916,6196.312,2011948,2012064,0,1907656,1907656,0,13012
"A0503_o9cfdx.raw",1,255,0,1,1,1,534.543,6203.148,2011736,2011852,0,1907656,1907656,0,13012
"A0504_pyua7m.raw",1,255,0,1,1,1,565.164,6208.319,2011524,2011640,0,1907656,1907656,0,13012
"A0505_bbbusp.raw",1,255,0,1,1,1,563.453,6206.585,2011312,2011428,0,1907656,1907656,0,13012
"A0506_kadii0.raw",1,255,0,1,1,1,557.688,6200.017,2011096,2011216,0,1907656,1907656,0,13012
"A0507_pe5hgg.raw",1,255,0,1,1,1,555.369,6202.973,2010884,2011004,0,1907656,1907656,0,13012
"A0508_earveh.raw",1,255,0,1,1,1,570.560,6202.070,2010676,2011004,0,1907656,1907656,0,13012
"A0509_va1ytr.raw",1,255,0,1,1,1,562.763,6200.996,2010676,2011004,0,1907656,1907656,0,13012
"A0510_sidcww.raw",1,255,0,1,1,1,528.095,6201.713,2010676,2011004,0,1907656,1907656,0,13012
"A0511_kamyz0.raw",1,255,0,1,1,1,586.085,6199.868,2010668,2011004,0,1907656,1907656,0,13012
"A0512_yzhvei.raw",1,255,0,1,1,1,515.703,6190.852,2010664,2010992,0,1907656,1907656,0,13012
"A0513_cbwrja.raw",1,255,0,1,1,1,695.372,6194.871,2010664,2010992,0,1907656,1907656,0,13012
"A0514_j9x2cs.raw",1,255,0,1,1,1,521.917,6205.582,2010660,2010992,0,1907656,1907656,0,13012
"A0515_riyszz.raw",1,255,0,1,1,1,524.558,6198.532,2010664,2010992,0,1907656,1907656,0,13012
"A0516_fzplpi.raw",1,255,0,1,1,1,544.317,6197.771,2010664,2010992,0,1907656,1907656,0,13012
"A0517_azl09d.raw",1,255,0,1,1,1,522.503,6204.020,2010664,2010992,0,1907656,1907656,0,13012
"A0518_ouwrq5.raw",1,255,0,1,1,1,537.627,6200.525,2010656,2010984,0,1907656,1907656,0,13012
"A0519_fch6p5.raw",1,255,0,1,1,1,511.570,6195.774,2010652,2010968,0,1907656,1907656,0,13012
"A0520_wms8t7.raw",1,255,0,1,1,1,524.660,6198.994,2010652,2010984,0,1907656,1907656,0,13012
"A0521_zrv9be.raw",1,255,0,1,1,1,598.577,6201.624,2010652,2010984,0,1907656,1907656,0,13012
"A0522_sdy6pp.raw",1,255,0,1,1,1,519.197,6207.359,2010656,2010984,0,1907656,1907656,0,13012
"A0523_my3hwa.raw",1,255,0,1,1,1,528.517,6199.061,2010648,2010984,0,1907656,1907656,0,13012
"A0524_eayaz7.raw",1,255,0,1,1,1,535.087,6205.281,2010656,2010984,0,1907656,1907656,0,13012
"A0525_ns7v4d.raw",1,255,0,1,1,1,519.657,6203.382,2010656,2010984,0,1907656,1907656,0,13012
"A0526_vc3lwl.raw",1,255,0,1,1,1,556.891,6190.679,2010652,2010984,0,1907656,1907656,0,13012
"A0527_fukqby.raw",1,255,0,1,1,1,508.873,6193.180,2010656,2010984,0,1907656,1907656,0,13012
"A0528_d5qz3n.raw",1,255,0,1,1,1,495.381,6202.835,2010652,2010984,0,1907656,1907656,0,13012
"A0529_fqs9ek.raw",1,255,0,1,1,1,519.108,6197.638,2010656,2010996,0,1907656,1907656,0,13012
"A0530_ittubu.raw",1,255,0,1,1,1,551.638,6197.856,2010660,2010996,0,1907656,1907656,0,13012
"A0531_rh96q9.raw",1,255,0,1,1,1,504.381,6196.133,2010660,2010996,0,1907656,1907656,0,13012
"A0532_shp5kf.raw",1,255,0,1,1,1,520.490,6195.030,2010664,2010996,0,1907656,1907656,0,13012
"A0533_jgfkhr.raw",1,255,0,1,1,1,566.976,6199.037,2010660,2011000,0,1907656,1907656,0,13012
"A0534_q4vdru.raw",1,255,0,1,1,1,534.619,6198.543,2010664,2011000,0,1907656,1907656,0,13012
"A0535_yeyi8o.raw",1,255,0,1,1,1,539.979,6199.419,2010664,2011032,0,1907656,1907656,0,13012
"A0536_ym5n6g.raw",1,255,0,1,1,1,554.679,6199.206,2010680,2011008,0,1907656,1907656,0,13012
"A0537_dhqjia.raw",1,255,0,1,1,1,508.492,6194.787,2010672,2011008,0,1907656,1907656,0,13012
"A0538_usmtyp.raw",1,255,0,1,1,1,539.628,6199.339,2010672,2011008,0,1907656,1907656,0,13012
"A0539_yjmbql.raw",1,255,0,1,1,1,512.825,6195.902,2010680,2011008,0,1907656,1907656,0,13012
"A0540_nlzdb8.raw",1,255,0,1,1,1,507.756,6199.690,2010680,2011008,0,1907656,1907656,0,13012
"A0541_yaxz8u.raw",1,255,0,1,1,1,971.590,6198.750,2010672,2011008,0,1907656,1907656,0,13012
"A0542_gd2z73.raw",1,255,0,1,1,1,548.080,6196.750,2010680,2011008,0,1907656,1907656,0,13012
"A0543_zbw18s.raw",1,255,0,1,1,1,517.105,6201.492,2010680,2011008,0,1907656,1907656,0,13012
"A0544_ii5kta.raw",1,255,0,1,1,1,533.090,6196.535,2010676,2011008,0,1907656,1907656,0,13012
"A0545_nnauux.raw",1,255,0,1,1,1,505.886,6202.914,2010680,2011008,0,1907656,1907656,0,13012
"A0546_l4sstw.raw",1,255,0,1,1,1,506.971,6198.605,2010684,2011008,0,1907656,1907656,0,13012
"A0547_urqdkk.raw",1,255,0,1,1,1,496.444,6191.733,2010672,2011008,0,1907656,1907656,0,13012
"A0548_oebfwb.raw",1,255,0,1,1,1,513.458,6199.652,2010680,2011008,0,1907656,1907656,0,13012
"A0549_foic2s.raw",1,255,0,1,1,1,518.840,6200.105,2010680,2011008,0,1907656,1907656,0,13012
"A0550_lv0l9j.raw",1,255,0,1,1,1,512.596,6194.153,2010684,2011004,0,1907656,1907656,0,13012
"A0551_wvilcl.raw",1,255,0,1,1,1,530.776,6194.247,2010676,2011004,0,1907656,1907656,0,13012
"A0552_akjoqp.raw",1,255,0,1,1,1,737.193,6193.908,2010664,2011008,0,1907656,1907656,0,13012
"A0553_htgzxm.raw",1,255,0,1,1,1,560.326,6206.067,2010676,2011008,0,1907656,1907656,0,13012
"A0554_i4prpo.raw",1,255,0,1,1,1,597.070,6195.691,2010668,2011000,0,1907656,1907656,0,13012
"A0555_isv0te.raw",1,255,0,1,1,1,548.237,6203.394,2010672,2011000,0,1907656,1907656,0,13012
"A0556_faycyw.raw",1,255,0,1,1,1,574.708,6198.420,2010668,2011000,0,1907656,1907656,0,13012
"A0557_atmlcs.raw",1,255,0,1,1,1,537.987,6202.139,2010672,2011000,0,1907656,1907656,0,13012
"A0558_i0cs51.raw",1,255,0,1,1,1,520.747,6194.531,2010672,2011000,0,1907656,1907656,0,13012
"A0559_spqliz.raw",1,255,0,1,1,1,545.041,6200.764,2010672,2011000,0,1907656,1907656,0,13012
"A0560_dwktsk.raw",1,255,0,1,1,1,542.996,6205.447,2010664,2011000,0,1907656,1907656,0,13012
"A0561_i9r032.raw",1,255,0,1,1,1,537.649,6198.968,2010668,2011000,0,1907656,1907656,0,13012
"A0562_ei6oeg.raw",1,255,0,1,1,1,521.495,6207.710,2010672,2011000,0,1907656,1907656,0,13012
"A0563_knj4me.raw",1,255,0,1,1,1,531.777,6201.874,2010660,2011000,0,1907656,1907656,0,13012
"A0564_evwdra.raw",1,255,0,1,1,1,555.426,6198.590,2010672,2011000,0,1907656,1907656,0,13012
"A0565_dbksyo.raw",1,255,0,1,1,1,522.368,6183.162,2010668,2011000,0,1907656,1907656,0,13012
"A0566_sn7wu2.raw",1,255,0,1,1,1,634.834,6191.581,2010672,2011000,0,1907656,1907656,0,13012
"A0567_jnanrf.raw",1,255,0,1,1,1,631.775,6201.731,2010672,2011000,0,1907656,1907656,0,13012
"A0568_s9glwg.raw",1,255,0,1,1,1,512.465,6198.420,2010660,2011000,0,1907656,1907656,0,13012
"A0569_e1vypc.raw",1,255,0,1,1,1,552.178,6212.067,2010672,2011000,0,1907656,1907656,0,13012
"A0570_fxtrl3.raw",1,255,0,1,1,1,565.477,6210.978,2010672,2010992,0,1907656,1907656,0,13012
"A0571_sief6k.raw",1,255,0,1,1,1,545.506,6213.909,2010664,2011008,0,1907656,1907656,0,13012
"A0572_v03ba8.raw",1,255,0,1,1,1,512.740,6207.008,2010676,2011008,0,1907656,1907656,0,13012
"A0573_xqffl5.raw",1,255,0,1,1,1,505.798,6202.798,2010668,2011008,0,1907656,1907656,0,13012
"A0574_lbz9zz.raw",1,255,0,1,1,1,529.833,6189.183,2010680,2011008,0,1907656,1907656,0,13012
"A0575_vpxnsv.raw",1,255,0,1,1,1,581.429,6197.343,2010680,2011004,0,1907656,1907656,0,13012
"A0576_hcjuac.raw",1,255,0,1,1,1,515.849,6198.520,2010668,2011004,0,1907656,1907656,0,13012
"A0577_cdkzzx.raw",1,255,0,1,1,1,544.484,6223.538,2010676,2011004,0,1907656,1907656,0,13012
"A0578_on2wmu.raw",1,255,0,1,1,1,568.675,6204.260,2010676,2011004,0,1907656,1907656,0,13012
"A0579_chs7nw.raw",1,255,0,1,1,1,508.146,6196.230,2010672,2011004,0,1907656,1907656,0,13012
"A0580_ynnbef.raw",1,255,0,1,1,1,537.072,6222.976,2010676,2011032,0,1907656,1907656,0,13012
"A0581_h5l9cs.raw",1,255,0,1,1,1,530.492,6206.764,2010680,2011216,0,1907656,1907656,0,13012
"A0582_bqjsii.raw",1,255,0,1,1,1,497.533,6200.867,2010876,2011428,0,1907656,1907656,0,13012
"A0583_mplo71.raw",1,255,0,1,1,1,533.157,6200.424,2011096,2011668,0,1907656,1907656,0,13012
"A0584_iwfs4b.raw",1,255,0,1,1,1,486.682,6205.971,2011320,2011852,0,1907656,1907656,0,13012
"A0585_menq9v.raw",1,255,0,1,1,1,539.487,6198.805,2011524,2012064,0,1907656,1907656,0,13012
"A0586_fg0wng.raw",1,255,0,1,1,1,494.924,6207.128,2011736,2012304,0,1907656,1907656,0,13012
"A0587_momwkg.raw",1,255,0,1,1,1,551.629,6194.732,2011956,2012488,0,1907656,1907656,0,13012
"A0588_n4dijx.raw",1,255,0,1,1,1,556.964,6196.060,2012164,2012700,0,1907656,1907656,0,13012
"A0589_xjzlbe.raw",1,255,0,1,1,1,498.919,6200.988,2012372,2012940,0,1907656,1907656,0,13012
"A0590_i27ewf.raw",1,255,0,1,1,1,548.881,6199.222,2012592,2013124,0,1907656,1907656,0,13012
"A0591_ki5rd1.raw",1,255,0,1,1,1,558.262,6200.116,2012796,2013336,0,1907656,1907656,0,13012
"A0592_rgvqpl.raw",1,255,0,1,1,1,572.076,6196.938,2013008,2013576,0,1907656,1907656,0,13012
"A0593_sxuxxl.raw",1,255,0,1,1,1,675.120,6206.431,2013228,2013760,0,1907656,1907656,0,13012
"A0594_p078ft.raw",1,255,0,1,1,1,525.869,6196.099,2013432,2013972,0,1907656,1907656,0,13012
"A0595_zetnpm.raw",1,255,0,1,1,1,523.009,6199.462,2013636,2014212,0,1907656,1907656,0,13012
"A0596_qie1ae.raw",1,255,0,1,1,1,581.187,6195.891,2013864,2014396,0,1907656,1907656,0,13012
"A0597_rdg7tz.raw",1,255,0,1,1,1,558.846,6191.488,2014060,2014636,0,1907656,1907656,0,13012
"A0598_b1pg6g.raw",1,255,0,1,1,1,549.389,6207.950,2014280,2014656,0,1907656,1907656,0,13012
"A0599_lyhlth.raw",1,255,0,1,1,1,544.011,6194.369,2014288,2014636,0,1907656,1907656,0,13012
"A0600_nkp0p3.raw",1,255,0,1,1,1,925.691,6195.139,2014280,2014636,0,1907656,1907656,0,13012
"A0601_i7vyaq.raw",1,255,0,1,1,1,809.267,6193.878,2014284,2014656,0,1907656,1907656,0,13012
"A0602_mpdwwr.raw",1,255,0,1,1,1,986.462,6187.755,2014288,2014636,0,1907656,1907656,0,13012
"A0603_lp2rah.raw",1,255,0,1,1,1,941.848,6207.451,2014284,2014636,0,1907656,1907656,0,13012
"A0604_aejyfi.raw",1,255,0,1,1,1,860.565,6197.546,2014280,2014656,0,1907656,1907656,0,13012
"A0605_nsdrki.raw",1,255,0,1,1,1,863.973,6202.469,2014288,2014636,0,1907656,1907656,0,13012
"A0606_sjc7jq.raw",1,255,0,1,1,1,947.281,6219.170,2014288,2014636,0,1907656,1907656,0,13012
"A0607_ok4fm3.raw",1,255,0,1,1,1,805.799,6207.587,2014288,2014656,0,1907656,1907656,0,13012
"A0608_aufur4.raw",1,255,0,1,1,1,960.488,6197.223,2014288,2014636,0,1907656,1907656,0,13012
"A0609_tscimb.raw",1,255,0,1,1,1,948.068,6199.675,2014288,2014636,0,1907656,1907656,0,13012
"A0610_fz7qvg.raw",1,255,0,1,1,1,964.856,6208.680,2014284,2014656,0,1907656,1907656,0,13012
"A0611_sn0dis.raw",1,255,0,1,1,1,900.362,6205.687,2014288,2014636,0,1907656,1907656,0,13012
"A0612_ty02k6.raw",1,255,0,1,1,1,829.282,6201.946,2014288,2014636,0,1907656,1907656,0,13012
"A0613_kds5wx.raw",1,255,0,1,1,1,542.190,6197.003,2014284,2014656,0,1907656,1907656,0,13012
"A0614_ryniaw.raw",1,255,0,1,1,1,563.618,6189.169,2014288,2014636,0,1907656,1907656,0,13012
"A0615_tp31h9.raw",1,255,0,1,1,1,528.746,6190.901,2014288,2014636,0,1907656,1907656,0,13012
"A0616_ly3kod.raw",1,255,0,1,1,1,531.360,6198.675,2014288,2014656,0,1907656,1907656,0,13012
"A0617_hnhxyx.raw",1,255,0,1,1,1,643.847,6189.977,2014288,2014636,0,1907656,1907656,0,13012
"A0618_obxrip.raw",1,255,0,1,1,1,648.203,6196.539,2014288,2014636,0,1907656,1907656,0,13012
"A0619_nohwmg.raw",1,255,0,1,1,1,583.472,6194.161,2014280,2014656,0,1907656,1907656,0,13012
"A0620_jkbrxh.raw",1,255,0,1,1,1,592.263,6193.317,2014288,2014636,0,1907656,1907656,0,13012
"A0621_plfsth.raw",1,255,0,1,1,1,652.325,6192.342,2014280,2014636,0,1907656,1907656,0,13012
"A0622_qqipcw.raw",1,255,0,1,1,1,585.873,6200.147,2014288,2014656,0,1907656,1907656,0,13012
"A0623_gcouvg.raw",1,255,0,1,1,1,672.102,6199.130,2014284,2014636,0,1907656,1907656,0,13012
"A0624_itvr4o.raw",1,255,0,1,1,1,522.508,6196.312,2014260,2014636,0,1907656,1907656,0,13012
"A0625_ociik5.raw",1,255,0,1,1,1,567.343,6198.244,2014288,2014656,0,1907656,1907656,0,13012
"A0626_tiou4h.raw",1,255,0,1,1,1,553.638,6203.311,2014288,2014636,0,1907656,1907656,0,13012
"A0627_g9kvwn.raw",1,255,0,1,1,1,730.222,6192.802,2014284,2014636,0,1907656,1907656,0,13012
"A0628_m5syea.raw",1,255,0,1,1,1,566.492,6198.555,2014288,2014656,0,1907656,1907656,0,13012
"A0629_rewfuc.raw",1,255,0,1,1,1,730.287,6226.452,2014288,2014636,0,1907656,1907656,0,13012
"A0630_zkjwlp.raw",1,255,0,1,1,1,843.995,6210.261,2014288,2014636,0,1907656,1907656,0,13012
"A0631_qesp0w.raw",1,255,0,1,1,1,699.603,6190.883,2014288,2014656,0,1907656,1907656,0,13012
"A0632_xb5z2u.raw",1,255,0,1,1,1,635.768,6197.376,2014288,2014636,0,1907656,1907656,0,13012
"A0633_wirreq.raw",1,255,0,1,1,1,657.571,6187.379,2014280,2014636,0,1907656,1907656,0,13012
"A0634_efv4ae.raw",1,255,0,1,1,1,747.056,6197.467,2014272,2014656,0,1907656,1907656,0,13012
"A0635_sk2sjl.raw",1,255,0,1,1,1,556.626,6187.161,2014288,2014636,0,1907656,1907656,0,13012
"A0636_qtd8mb.raw",1,255,0,1,1,1,590.539,6198.487,2014280,2014636,0,1907656,1907656,0,13012
"A0637_uoilmo.raw",1,255,0,1,1,1,596.537,6195.175,2014288,2014656,0,1907656,1907656,0,13012
"A0638_nwwze3.raw",1,255,0,1,1,1,722.145,6191.878,2014288,2014636,0,1907656,1907656,0,13012
"A0639_wgyyoo.raw",1,255,0,1,1,1,627.019,6197.164,2014280,2014636,0,1907656,1907656,0,13012
"A0640_dgyjq1.raw",1,255,0,1,1,1,678.143,6205.178,2014284,2014656,0,1907656,1907656,0,13012
"A0641_xqdfff.raw",1,255,0,1,1,1,714.184,6208.580,2014280,2014636,0,1907656,1907656,0,13012
"A0642_g7rx9w.raw",1,255,0,1,1,1,719.798,6201.740,2014280,2014636,0,1907656,1907656,0,13012
"A0643_lrgckf.raw",1,255,0,1,1,1,552.356,6202.785,2014284,2014656,0,1907656,1907656,0,13012
"A0644_remdtu.raw",1,255,0,1,1,1,536.008,6211.558,2014288,2014636,0,1907656,1907656,0,13012
"A0645_un8xfo.raw",1,255,0,1,1,1,619.687,6206.871,2014284,2014636,0,1907656,1907656,0,13012
"A0646_r1e5ug.raw",1,255,0,1,1,1,823.722,6210.510,2014280,2014656,0,1907656,1907656,0,13012
"A0647_ttzxf3.raw",1,255,0,1,1,1,626.383,6210.451,2014288,2014636,0,1907656,1907656,0,13012
"A0648_vuew7a.raw",1,255,0,1,1,1,539.566,6201.498,2014284,2014636,0,1907656,1907656,0,13012
"A0649_sv5gou.raw",1,255,0,1,1,1,833.001,6197.836,2014280,2014656,0,1907656,1907656,0,13012
"A0650_jrwr6j.raw",1,255,0,1,1,1,627.623,6204.193,2014288,2014636,0,1907656,1907656,0,13012
"A0651_vhn4py.raw",1,255,0,1,1,1,748.612,6207.364,2014288,2014636,0,1907656,1907656,0,13012
"A0652_esu1qq.raw",1,255,0,1,1,1,582.433,6206.100,2014280,2014656,0,1907656,1907656,0,13012
"A0653_ztnaae.raw",1,255,0,1,1,1,532.175,6200.238,2014280,2014636,0,1907656,1907656,0,13012
"A0654_urtqrl.raw",1,255,0,1,1,1,681.258,6201.392,2014288,2014636,0,1907656,1907656,0,13012
"A0655_shsfbu.raw",1,255,0,1,1,1,704.527,6197.564,2014276,2014656,0,1907656,1907656,0,13012
"A0656_befkeu.raw",1,255,0,1,1,1,537.264,6199.872,2014288,2014636,0,1907656,1907656,0,13012
"A0657_oy1eha.raw",1,255,0,1,1,1,672.004,6194.465,2014280,2014636,0,1907656,1907656,0,13012
"A0658_j94z9v.raw",1,255,0,1,1,1,542.841,6197.432,2014280,2014656,0,1907656,1907656,0,13012
"A0659_ukpcdr.raw",1,255,0,1,1,1,536.888,6192.850,2014280,2014636,0,1907656,1907656,0,13012
"A0660_i5c5ro.raw",1,255,0,1,1,1,648.255,6198.230,2014280,2014636,0,1907656,1907656,0,13012
"A0661_ewykqr.raw",1,255,0,1,1,1,561.513,6196.329,2014276,2014656,0,1907656,1907656,0,13012
"A0662_pypp3w.raw",1,255,0,1,1,1,742.561,6205.103,2014288,2014636,0,1907656,1907656,0,13012
"A0663_aceitj.raw",1,255,0,1,1,1,551.251,6188.253,2014276,2014636,0,1907656,1907656,0,13012
"A0664_pxrqel.raw",1,255,0,1,1,1,944.441,6196.276,2014288,2014656,0,1907656,1907656,0,13012
"A0665_y38dxs.raw",1,255,0,1,1,1,614.285,6195.198,2014288,2014636,0,1907656,1907656,0,12996
"A0666_pnaj6a.raw",1,255,0,1,1,1,662.837,6201.098,2014284,2014636,0,1907656,1907656,0,12996
"A0667_siwrct.raw",1,255,0,1,1,1,516.975,6196.264,2014288,2014656,0,1907656,1907656,0,12996
"A0668_x3c59z.raw",1,255,0,1,1,1,571.343,6192.695,2014280,2014636,0,1907656,1907656,0,12996
"A0669_c7prb5.raw",1,255,0,1,1,1,758.755,6200.752,2014288,2014636,0,1907656,1907656,0,12996
"A0670_sga8io.raw",1,255,0,1,1,1,946.814,6196.150,2014284,2014656,0,1907656,1907656,0,12996
"A0671_msnxzl.raw",1,255,0,1,1,1,561.646,6193.881,2014288,2014636,0,1907656,1907656,0,12996
"A0672_ctojhv.raw",1,255,0,1,1,1,508.470,6197.845,2014288,2014636,0,1907656,1907656,0,12996
"A0673_rba4g5.raw",1,255,0,1,1,1,522.989,6196.587,2014284,2014656,0,1907656,1907656,0,12996
"A0674_l7jonk.raw",1,255,0,1,1,1,544.349,6197.399,2014288,2014636,0,1907656,1907656,0,12996
"A0675_iw97ln.raw",1,255,0,1,1,1,990.948,6197.293,2014276,2014636,0,1907656,1907656,0,12996
"A0676_pn5y4b.raw",1,255,0,1,1,1,538.868,6201.783,2014276,2014656,0,1907656,1907656,0,12996
"A0677_tkqlzq.raw",1,255,0,1,1,1,486.777,6197.211,2014288,2014636,0,1907656,1907656,0,12996
"A0678_pycwhr.raw",1,255,0,1,1,1,465.503,6194.546,2014284,2014636,0,1907656,1907656,0,12996
"A0679_qvognb.raw",1,255,0,1,1,1,495.986,6202.428,2014284,2014656,0,1907656,1907656,0,12996
"A0680_uaqgt7.raw",1,255,0,1,1,1,556.106,6202.384,2014288,2014636,0,1907656,1907656,0,12996
"A0681_ekf6ej.raw",1,255,0,1,1,1,1293.361,6197.353,2014276,2014636,0,1907656,1907656,0,12996
"A0682_bee18y.raw",1,255,0,1,1,1,1449.622,6203.759,2014284,2014656,0,1907656,1907656,0,12996
"A0683_szqrai.raw",1,255,0,1,1,1,1425.960,6205.549,2014288,2014636,0,1907656,1907656,0,12996
"A0684_tcjrco.raw",1,255,0,1,1,1,547.555,6200.196,2014280,2014636,0,1907656,1907656,0,12996
"A0685_tfz1ay.raw",1,255,0,1,1,1,539.623,6191.115,2014288,2014656,0,1907656,1907656,0,12996
"A0686_mxyzkg.raw",1,255,0,1,1,1,529.437,6196.158,2014280,2014396,0,1907656,1907656,0,12996
"A0687_dotstg.raw",1,255,0,1,1,1,494.622,6203.477,2014064,2014184,0,1907656,1907656,0,12996
"A0688_lkidhn.raw",1,255,0,1,1,1,989.975,6191.764,2013860,2013972,0,1907656,1907656,0,12996
"A0689_ecg8rq.raw",1,255,0,1,1,1,1286.802,6194.344,2013632,2013760,0,1907656,1907656,0,12996
"A0690_fp6cif.raw",1,255,0,1,1,1,811.542,6189.879,2013432,2013548,0,1907656,1907656,0,12996
"A0691_lu7vv3.raw",1,255,0,1,1,1,534.716,6197.916,2013216,2013336,0,1907656,1907656,0,12996
"A0692_frjo2c.raw",1,255,0,1,1,1,547.573,6198.129,2013008,2013124,0,1907656,1907656,0,12996
"A0693_btuo7s.raw",1,255,0,1,1,1,2097.234,6195.730,2012796,2012912,0,1907656,1907656,0,12996
"A0694_atxruj.raw",1,255,0,1,1,1,563.705,6200.543,2012584,2012700,0,1907656,1907656,0,12996
"A0695_hrkksx.raw",1,255,0,1,1,1,2124.308,6189.074,2012372,2012488,0,1907656,1907656,0,12996
"A0696_ljtnbr.raw",1,255,0,1,1,1,911.599,6201.405,2012160,2012276,0,1907656,1907656,0,12996
"A0697_a8houf.raw",1,255,0,1,1,1,619.248,6192.130,2011948,2012064,0,1907656,1907656,0,12996
"A0698_yqtdye.raw",1,255,0,1,1,1,1126.939,6197.031,2011736,2011852,0,1907656,1907656,0,12996
"A0699_c5ntrp.raw",1,255,0,1,1,1,902.792,6193.919,2011524,2011640,0,1907656,1907656,0,12996
"A0700_yzn9kl.raw",1,255,0,1,1,1,554.761,6190.748,2011312,2011428,0,1907656,1907656,0,12996
"A0701_v1ki5d.raw",1,255,0,1,1,1,661.844,6198.554,2011100,2011216,0,1907656,1907656,0,12996
"A0702_hstgbe.raw",1,255,0,1,1,1,649.738,6190.207,2010888,2011216,0,1907656,1907656,0,12996
"A0703_mbaedx.raw",1,255,0,1,1,1,518.011,6200.245,2010888,2011216,0,1907656,1907656,0,12996
"A0704_k5if1t.raw",1,255,0,1,1,1,1072.785,6196.489,2010888,2011216,0,1907656,1907656,0,12996
"A0705_ydwgpw.raw",1,255,0,1,1,1,1179.483,6196.686,2010888,2011216,0,1907656,1907656,0,12996
"A0706_agsphd.raw",1,255,0,1,1,1,1190.914,6192.973,2010884,2011224,0,1907656,1907656,0,12996
"A0707_wbtmo0.raw",1,255,0,1,1,1,531.734,6194.537,2010892,2011216,0,1907656,1907656,0,12996
"A0708_pdxciv.raw",1,255,0,1,1,1,518.993,6186.586,2010888,2011216,0,1907656,1907656,0,12996
"A0709_zo25jz.raw",1,255,0,1,1,1,538.131,6190.887,2010888,2011004,0,1907656,1907656,0,12996
"A0710_qsdnmb.raw",1,255,0,1,1,1,536.394,6189.179,2010676,2011004,0,1907656,1907656,0,12996
"A0711_eao2r7.raw",1,255,0,1,1,1,957.835,6198.706,2010884,2011004,0,1907656,1907656,0,12996
"A0712_fkstvf.raw",1,255,0,1,1,1,844.949,6199.390,2010672,2011004,0,1907656,1907656,0,12996
"A0713_p604zz.raw",1,255,0,1,1,1,530.291,6188.502,2010672,2011004,0,1907656,1907656,0,12996
"A0714_th7vbn.raw",1,255,0,1,1,1,575.872,6200.739,2010680,2011004,0,1907656,1907656,0,12996
"A0715_arhy7w.raw",1,255,0,1,1,1,508.013,6200.241,2010672,2011004,0,1907656,1907656,0,12996
"A0716_qfyl1a.raw",1,255,0,1,1,1,541.177,6194.300,2010676,2011004,0,1907656,1907656,0,12996
"A0717_tmb9mj.raw",1,255,0,1,1,1,480.093,6196.332,2010676,2011004,0,1907656,1907656,0,12996
"A0718_w9cpn2.raw",1,255,0,1,1,1,2375.745,6206.147,2010680,2011004,0,1907656,1907656,0,12996
"A0719_codgmh.raw",1,255,0,1,1,1,607.407,6195.475,2010676,2011004,0,1907656,1907656,0,12996
"A0720_t0hofq.raw",1,255,0,1,1,1,538.984,6191.478,2010676,2011004,0,1907656,1907656,0,12996
"A0721_sx9kqm.raw",1,255,0,1,1,1,501.453,6196.472,2010676,2011004,0,1907656,1907656,0,12996
"A0722_zs38xf.raw",1,255,0,1,1,1,514.533,6197.216,2010680,2011004,0,1907656,1907656,0,12996
"A0723_lfvpxj.raw",1,255,0,1,1,1,517.038,6195.016,2010676,2011004,0,1907656,1907656,0,12996
"A0724_w1gcov.raw",1,255,0,1,1,1,530.467,6204.761,2010676,2011004,0,1907656,1907656,0,12996
"A0725_jgx9al.raw",1,255,0,1,1,1,1170.716,6193.758,1945136,1945468,0,1842120,1842120,0,12996
"A0726_cwzhr6.raw",1,255,0,1,1,1,1741.717,6200.909,1945132,1945468,0,1842120,1842120,0,12996
"A0727_ziohsv.raw",1,255,0,1,1,1,727.056,6198.565,1945136,1945468,0,1842120,1842120,0,12996
"A0728_mo46nf.raw",1,255,0,1,1,1,523.533,6186.698,1945136,1945496,0,1842120,1842120,0,12996
"A0729_neyan5.raw",1,255,0,1,1,1,552.778,6196.745,1945136,1945680,0,1842120,1842120,0,12996
"A0730_cqwiwg.raw",1,255,0,1,1,1,498.922,6195.401,1945344,1945892,0,1842120,1842120,0,12996
"A0731_uhkr2d.raw",1,255,0,1,1,1,493.813,6200.518,1945560,1946132,0,1842120,1842120,0,12996
"A0732_cluebf.raw",1,255,0,1,1,1,1253.648,6193.168,1945772,1946316,0,1842120,1842120,0,12996
"A0733_tozvut.raw",1,255,0,1,1,1,499.652,6198.576,1945984,1946528,0,1842120,1842120,0,12996
"A0734_zrfaqr.raw",1,255,0,1,1,1,581.606,6197.786,1946184,1946768,0,1842120,1842120,0,12996
"A0735_i6jg2b.raw",1,255,0,1,1,1,570.582,6197.218,1946416,1946952,0,1842120,1842120,0,12996
"A0736_quqpgm.raw",1,255,0,1,1,1,517.500,6186.191,1946620,1947164,0,1842120,1842120,0,12996
"A0737_ahipjn.raw",1,255,0,1,1,1,523.483,6196.432,1946832,1947404,0,1842120,1842120,0,12996
"A0738_bv3jys.raw",1,255,0,1,1,1,1614.874,6193.843,1947052,1947588,0,1842120,1842120,0,12996
"A0739_ayrmtw.raw",1,255,0,1,1,1,507.780,6187.424,1947260,1947800,0,1842120,1842120,0,12996
"A0740_af8mbp.raw",1,255,0,1,1,1,839.951,6181.743,1947472,1948040,0,1842120,1842120,0,12996
"A0741_v5un76.raw",1,255,0,1,1,1,818.011,6189.446,1947692,1948224,0,1842120,1842120,0,12996
"A0742_jvuzp7.raw",1,255,0,1,1,1,570.801,6203.170,1947896,1948436,0,1842120,1842120,0,12996
"A0743_b7akht.raw",1,255,0,1,1,1,1062.293,6208.939,1948108,1948676,0,1842120,1842120,0,12996
"A0744_y2fd2p.raw",1,255,0,1,1,1,1467.626,6193.579,1948328,1948860,0,1842120,1842120,0,12996
"A0745_ldzhkv.raw",1,255,0,1,1,1,520.808,6198.963,1948532,1949100,0,1842120,1842120,0,12996
"A0746_gqwpws.raw",1,255,0,1,1,1,504.718,6196.905,1948744,1949120,0,1842120,1842120,0,12996
"A0747_ezfdnk.raw",1,255,0,1,1,1,500.911,6188.485,1948752,1949100,0,1842120,1842120,0,12996
"A0748_wzqehg.raw",1,255,0,1,1,1,495.694,6195.640,1948736,1949100,0,1842120,1842120,0,12996
"A0749_vgsiah.raw",1,255,0,1,1,1,1456.518,6201.251,1948752,1949120,0,1842120,1842120,0,12996
"A0750_bpxh1s.raw",1,255,0,1,1,1,855.197,6199.596,1948748,1949100,0,1842120,1842120,0,12996
"A0751_tap7c8.raw",1,255,0,1,1,1,513.886,6191.878,1948744,1949100,0,1842120,1842120,0,12996
"A0752_dzsxgl.raw",1,255,0,1,1,1,529.147,6192.188,1948744,1949120,0,1842120,1842120,0,12996
"A0753_qxijro.raw",1,255,0,1,1,1,533.288,6180.887,1948752,1949100,0,1842120,1842120,0,12996
"A0754_ivnsif.raw",1,255,0,1,1,1,533.008,6187.280,1948748,1949100,0,1842120,1842120,0,12996
"A0755_pmnbme.raw",1,255,0,1,1,1,864.113,6180.503,1948748,1949120,0,1842120,1842120,0,12996
"A0756_elnhgh.raw",1,255,0,1,1,1,2007.118,6186.213,1948752,1949100,0,1842120,1842120,0,12996
"A0757_ulqvah.raw",1,255,0,1,1,1,1351.889,6183.744,1948740,1949100,0,1842120,1842120,0,12996
"A0758_nvc3n3.raw",1,255,0,1,1,1,826.885,6190.095,1948748,1949120,0,1842120,1842120,0,12996
"A0759_mp4ucz.raw",1,255,0,1,1,1,863.439,6183.263,1948752,1949100,0,1842120,1842120,0,12996
"A0760_pwodmg.raw",1,255,0,1,1,1,977.249,6175.480,1948744,1949100,0,1842120,1842120,0,12996
"A0761_gktx9g.raw",1,255,0,1,1,1,865.935,6182.767,1948748,1949120,0,1842120,1842120,0,12996
"A0762_mhfrja.raw",1,255,0,1,1,1,1458.819,6191.119,1948752,1949100,0,1842120,1842120,0,12996
"A0763_kz7nwg.raw",1,255,0,1,1,1,2110.379,6175.676,1948752,1949100,0,1842120,1842120,0,12996
"A0764_lxm0zi.raw",1,255,0,1,1,1,919.840,6187.620,1948744,1949120,0,1842120,1842120,0,12996
"A0765_hb6vpl.raw",1,255,0,1,1,1,898.277,6186.575,1948744,1949100,0,1842120,1842120,0,12996
"A0766_gdqm08.raw",1,255,0,1,1,1,918.354,6198.492,1948748,1949100,0,1842120,1842120,0,12996
"A0767_c4eudg.raw",1,255,0,1,1,1,755.304,6193.688,1948752,1949120,0,1842120,1842120,0,12996
"A0768_z8pnck.raw",1,255,0,1,1,1,756.624,6198.219,1948752,1949100,0,1842120,1842120,0,12996
"A0769_t2p9wf.raw",1,255,0,1,1,1,1273.981,6192.940,1948748,1949100,0,1842120,1842120,0,12996
"A0770_qc16xw.raw",1,255,0,1,1,1,1573.996,6196.469,1948740,1949120,0,1842120,1842120,0,12996
"A0771_lteyd8.raw",1,255,0,1,1,1,1533.839,6204.419,1948752,1949100,0,1842120,1842120,0,12996
"A0772_hisnqq.raw",1,255,0,1,1,1,1485.742,6196.016,1948748,1949100,0,1842120,1842120,0,12996
"A0773_pe60gn.raw",1,255,0,1,1,1,1119.888,6197.360,1948748,1949120,0,1842120,1842120,0,12996
"A0774_gfy44o.raw",1,255,0,1,1,1,872.851,6191.221,1948752,1949100,0,1842120,1842120,0,12996
"A0775_kd4cr3.raw",1,255,0,1,1,1,927.899,6190.305,1948748,1949100,0,1842120,1842120,0,12996
"A0776_sepafz.raw",1,255,0,1,1,1,957.866,6191.672,1948748,1949120,0,1842120,1842120,0,12996
"A0777_yegzuc.raw",1,255,0,1,1,1,1291.450,6196.008,1948752,1949100,0,1842120,1842120,0,12996
"A0778_tvv5oo.raw",1,255,0,1,1,1,900.891,6191.079,1948748,1949100,0,1842120,1842120,0,12996
"A0779_lvwafk.raw",1,255,0,1,1,1,872.854,6192.658,1948740,1949120,0,1842120,1842120,0,12996
"A0780_oyqtpe.raw",1,255,0,1,1,1,833.645,6190.037,1948744,1949100,0,1842120,1842120,0,12996
"A0781_jmchun.raw",1,255,0,1,1,1,772.155,6186.435,1948752,1949100,0,1842120,1842120,0,12996
"A0782_anecaj.raw",1,255,0,1,1,1,835.577,6191.742,1948748,1949120,0,1842120,1842120,0,12996
"A0783_j769tq.raw",1,255,0,1,1,1,2479.794,6197.037,1948744,1949100,0,1842120,1842120,0,12996
"A0784_abqfgd.raw",1,255,0,1,1,1,877.573,6196.888,1948748,1949100,0,1842120,1842120,0,12996
"A0785_c6yplw.raw",1,255,0,1,1,1,923.064,6205.343,1948744,1949120,0,1842120,1842120,0,12996
"A0786_hz3ruq.raw",1,255,0,1,1,1,892.878,6206.391,1948752,1949100,0,1842120,1842120,0,12996
"A0787_xygfgg.raw",1,255,0,1,1,1,833.195,6198.843,1948752,1949100,0,1842120,1842120,0,12996
"A0788_yjwwxm.raw",1,255,0,1,1,1,3026.178,6188.456,1948752,1949120,0,1842120,1842120,0,12996
"A0789_wrmiqn.raw",1,255,0,1,1,1,786.500,6198.416,1948752,1949100,0,1842120,1842120,0,12996
"A0790_ffjth8.raw",1,255,0,1,1,1,1055.200,6180.984,1948744,1949100,0,1842120,1842120,0,12996
"A0791_rwkksd.raw",1,255,0,1,1,1,843.064,6199.899,1948748,1949120,0,1842120,1842120,0,12996
"A0792_jz0kby.raw",1,255,0,1,1,1,874.246,6199.798,1948744,1949100,0,1842120,1842120,0,12996
"A0793_q5eknu.raw",1,255,0,1,1,1,914.436,6208.641,1948744,1949100,0,1842120,1842120,0,12996
"A0794_jlctou.raw",1,255,0,1,1,1,1089.568,6192.587,1948740,1949120,0,1842120,1842120,0,12996
"A0795_dlu2tf.raw",1,255,0,1,1,1,837.638,6183.079,1948752,1949100,0,1842120,1842120,0,12996
"A0796_fen6x8.raw",1,255,0,1,1,1,827.937,6192.169,1948748,1949100,0,1842120,1842120,0,12996
"A0797_xdtxb3.raw",1,255,0,1,1,1,928.656,6198.253,1948740,1949120,0,1842120,1842120,0,12996
"A0798_jkunfk.raw",1,255,0,1,1,1,808.710,6192.570,1948744,1949100,0,1842120,1842120,0,12996
"A0799_vjt21o.raw",1,255,0,1,1,1,2195.224,6192.757,1948752,1949100,0,1842120,1842120,0,12996
"A0800_kthm4k.raw",1,255,0,1,1,1,935.920,6212.198,1948752,1949120,0,1842120,1842120,0,12996
"A0801_qy2gh7.raw",1,255,0,1,1,1,836.450,6193.115,1948752,1949100,0,1842120,1842120,0,12996
"A0802_lt20a2.raw",1,255,0,1,1,1,996.649,6205.488,1948752,1949100,0,1842120,1842120,0,12996
"A0803_znzztd.raw",1,255,0,1,1,1,796.619,6193.153,1948748,1949120,0,1842120,1842120,0,12996
"A0804_gnttml.raw",1,255,0,1,1,1,842.763,6193.046,1948744,1949100,0,1842120,1842120,0,12996
"A0805_qgyejs.raw",1,255,0,1,1,1,1009.581,6190.882,1948744,1949100,0,1842120,1842120,0,12996
"A0806_gbqjrm.raw",1,255,0,1,1,1,896.823,6199.775,1948752,1949120,0,1842120,1842120,0,12996
"A0807_srsgal.raw",1,255,0,1,1,1,657.855,6200.432,1948744,1948860,0,1842120,1842120,0,12996
"A0808_o72bpe.raw",1,255,0,1,1,1,528.061,6189.968,1948524,1948648,0,1842120,1842120,0,12996
"A0809_mtwcdw.raw",1,255,0,1,1,1,582.728,6187.846,1948320,1948436,0,1842120,1842120,0,12996
"A0810_am9etb.raw",1,255,0,1,1,1,486.115,6199.144,1948096,1948224,0,1842120,1842120,0,12996
"A0811_twfcsa.raw",1,255,0,1,1,1,499.698,6193.885,1947896,1948012,0,1842120,1842120,0,12996
"A0812_gsoo5u.raw",1,255,0,1,1,1,530.086,6189.597,1947684,1947800,0,1842120,1842120,0,12996
"A0813_czg8xs.raw",1,255,0,1,1,1,533.662,6186.185,1947472,1947588,0,1842120,1842120,0,12996
"A0814_iqcu4r.raw",1,255,0,1,1,1,522.729,6185.580,1947260,1947376,0,1842120,1842120,0,12996
"A0815_ixtziy.raw",1,255,0,1,1,1,506.730,6199.526,1947048,1947164,0,1842120,1842120,0,12996
"A0816_tghjgs.raw",1,255,0,1,1,1,531.935,6202.734,1946836,1946952,0,1842120,1842120,0,12996
"A0817_dxebmm.raw",1,255,0,1,1,1,519.698,6192.528,1946624,1946740,0,1842120,1842120,0,12996
"A0818_kuijdh.raw",1,255,0,1,1,1,516.533,6189.325,1946416,1946528,0,1842120,1842120,0,12996
"A0819_rp57wb.raw",1,255,0,1,1,1,510.900,6186.927,1946200,1946316,0,1842120,1842120,0,12996
"A0820_amhgh5.raw",1,255,0,1,1,1,532.818,6197.091,1945988,1946104,0,1842120,1842120,0,12996
"A0821_dpb0zj.raw",1,255,0,1,1,1,520.531,6188.821,1945772,1945892,0,1842120,1842120,0,12996
"A0822_bex9ua.raw",1,255,0,1,1,1,597.030,6185.594,1945564,1945680,0,1842120,1842120,0,12996
"A0823_o967ym.raw",1,255,0,1,1,1,515.730,6194.280,1945352,1945468,0,1842120,1842120,0,12996
"A0824_qsi0hj.raw",1,255,0,1,1,1,656.233,6180.580,1945140,1945468,0,1842120,1842120,0,12996
"A0825_hjytxc.raw",1,255,0,1,1,1,504.399,6180.949,1945140,1945468,0,1842120,1842120,0,12996
"A0826_kkg5ee.raw",1,255,0,1,1,1,710.404,6183.995,1945128,1945468,0,1842120,1842120,0,12996
"A0827_ftxg1t.raw",1,255,0,1,1,1,550.294,6193.943,1945140,1945468,0,1842120,1842120,0,12996
"A0828_xddlp6.raw",1,255,0,1,1,1,566.382,6187.364,1945136,1945468,0,1842120,1842120,0,12996
"A0829_dgebqn.raw",1,255,0,1,1,1,576.118,6187.976,1945140,1945468,0,1842120,1842120,0,12996
"A0830_o3xuwi.raw",1,255,0,1,1,1,725.030,6194.022,1945140,1945468,0,1842120,1842120,0,12996
"A0831_uabfse.raw",1,255,0,1,1,1,545.869,6190.355,1945140,1945468,0,1842120,1842120,0,12996
"A0832_pjntoi.raw",1,255,0,1,1,1,530.217,6184.098,1945140,1945468,0,1842120,1842120,0,12996
"A0833_iqqihe.raw",1,255,0,1,1,1,541.970,6197.191,1945140,1945468,0,1842120,1842120,0,12996
"A0834_oqopsc.raw",1,255,0,1,1,1,508.527,6198.234,1945140,1945468,0,1842120,1842120,0,12996
"A0835_kpnzqt.raw",1,255,0,1,1,1,670.224,6185.350,1945140,1945468,0,1842120,1842120,0,12996
"A0836_fayzsd.raw",1,255,0,1,1,1,516.555,6192.209,1945140,1945468,0,1842120,1842120,0,12996
"A0837_pn2hjo.raw",1,255,0,1,1,1,509.990,6188.795,1945140,1945468,0,1842120,1842120,0,12996
"A0838_gafnw9.raw",1,255,0,1,1,1,532.528,6182.459,1945140,1945468,0,1842120,1842120,0,12996
"A0839_qmlmte.raw",1,255,0,1,1,1,537.012,6182.233,1945140,1945468,0,1842120,1842120,0,12996
"A0840_kxoujm.raw",1,255,0,1,1,1,979.965,6185.614,1945140,1945468,0,1842120,1842120,0,12996
"A0841_n7lygh.raw",1,255,0,1,1,1,561.862,6172.155,1945140,1945468,0,1842120,1842120,0,12996
"A0842_c2lqo5.raw",1,255,0,1,1,1,533.905,6179.548,1945140,1945468,0,1842120,1842120,0,12996
"A0843_agsv4a.raw",1,255,0,1,1,1,1893.225,6173.802,1945140,1945468,0,1842120,1842120,0,12996
"A0844_aizd01.raw",1,255,0,1,1,1,556.003,6192.418,1945128,1945468,0,1842120,1842120,0,12996
"A0845_v6auie.raw",1,255,0,1,1,1,544.388,6182.090,1945140,1945468,0,1842120,1842120,0,12996
"A0846_wyvlez.raw",1,255,0,1,1,1,524.780,6173.125,1945140,1945468,0,1842120,1842120,0,12996
"A0847_jcpyws.raw",1,255,0,1,1,1,529.590,6181.134,1945140,1945468,0,1842120,1842120,0,12996
"A0848_ytdcof.raw",1,255,0,1,1,1,544.279,6193.380,1945128,1945468,0,1842120,1842120,0,12996
"A0849_fi8nwc.raw",1,255,0,1,1,1,512.167,6186.429,1945140,1945468,0,1842120,1842120,0,12996
"A0850_adz62q.raw",1,255,0,1,1,1,541.421,6180.221,1945140,1945468,0,1842120,1842120,0,12996
"A0851_jwbnzd.raw",1,255,0,1,1,1,500.862,6191.604,1945140,1945496,0,1842120,1842120,0,12996
"A0852_ziwclm.raw",1,255,0,1,1,1,535.353,6186.338,1945148,1945468,0,1842120,1842120,0,12996
"A0853_ys0kkm.raw",1,255,0,1,1,1,510.926,6178.067,1945140,1945472,0,1842120,1842120,0,12996
"A0854_uyc7pt.raw",1,255,0,1,1,1,508.109,6181.498,1945136,1945472,0,1842120,1842120,0,12996
"A0855_p8gbah.raw",1,255,0,1,1,1,524.294,6176.396,1945144,1945472,0,1842120,1842120,0,12996
"A0856_w4ydp5.raw",1,255,0,1,1,1,539.489,6185.490,1945140,1945472,0,1842120,1842120,0,12996
"A0857_eiffvb.raw",1,255,0,1,1,1,528.621,6189.590,1945144,1945472,0,1842120,1842120,0,12996
"A0858_fbtdia.raw",1,255,0,1,1,1,569.087,6164.121,1945144,1945472,0,1842120,1842120,0,12996
"A0859_bosar1.raw",1,255,0,1,1,1,586.832,6181.386,1945144,1945472,0,1842120,1842120,0,12996
"A0860_brpwnp.raw",1,255,0,1,1,1,549.509,6171.642,1945144,1945472,0,1842120,1842120,0,12996
"A0861_qctamz.raw",1,255,0,1,1,1,527.210,6167.311,1945144,1945472,0,1842120,1842120,0,12996
"A0862_se4vht.raw",1,255,0,1,1,1,535.941,6173.814,1945144,1945472,0,1842120,1842120,0,12996
"A0863_kl7mi5.raw",1,255,0,1,1,1,550.489,6178.349,1945140,1945472,0,1842120,1842120,0,12996
"A0864_fxj0vg.raw",1,255,0,1,1,1,507.062,6160.626,1945144,1945472,0,1842120,1842120,0,12996
"A0865_ayay7r.raw",1,255,0,1,1,1,528.484,6172.027,1945144,1945472,0,1842120,1842120,0,12996
"A0866_auzumj.raw",1,255,0,1,1,1,533.206,6169.012,1945144,1945472,0,1842120,1842120,0,12996
"A0867_zzxjey.raw",1,255,0,1,1,1,545.257,6167.175,1945144,1945472,0,1842120,1842120,0,12996
"A0868_qi0zfk.raw",1,255,0,1,1,1,516.310,6172.574,1945144,1945472,0,1842120,1842120,0,12996
"A0869_yea4tb.raw",1,255,0,1,1,1,489.359,6158.174,1945144,1945472,0,1842120,1842120,0,12996
"A0870_u0jlmt.raw",1,255,0,1,1,1,543.594,6173.461,1945144,1945472,0,1842120,1842120,0,12996
"A0871_ftgu40.raw",1,255,0,1,1,1,561.419,6175.430,1945140,1945472,0,1842120,1842120,0,12996
"A0872_difcct.raw",1,255,0,1,1,1,554.124,6163.729,1945144,1945472,0,1842120,1842120,0,12996
"A0873_i2kbuf.raw",1,255,0,1,1,1,522.835,6164.588,1945144,1945472,0,1842120,1842120,0,12996
"A0874_dumoqo.raw",1,255,0,1,1,1,505.652,6164.888,1945140,1945472,0,1842120,1842120,0,12996
"A0875_jplqug.raw",1,255,0,1,1,1,525.139,6158.906,1945144,1945472,0,1842120,1842120,0,12996
"A0876_kfliex.raw",1,255,0,1,1,1,516.017,6168.176,1945144,1945472,0,1842120,1842120,0,12996
"A0877_scracb.raw",1,255,0,1,1,1,7634.257,6159.624,1945356,1945684,0,1842120,1842120,0,12996
"A0878_cz9uy5.raw",1,255,0,1,1,1,517.743,6160.668,1945352,1945684,0,1842120,1842120,0,12996
"A0879_frshjz.raw",1,255,0,1,1,1,517.488,6158.189,1945356,1945680,0,1842120,1842120,0,12996
"A0880_exaxxq.raw",1,255,0,1,1,1,571.267,6155.404,1945352,1945680,0,1842120,1842120,0,12996
"A0881_gzcqbu.raw",1,255,0,1,1,1,518.224,6169.620,1945348,1945680,0,1842120,1842120,0,12996
"A0882_yhj7yc.raw",1,255,0,1,1,1,609.089,6157.701,1945356,1945680,0,1842120,1842120,0,12996
"A0883_o9zey3.raw",1,255,0,1,1,1,516.966,6165.569,1945352,1945680,0,1842120,1842120,0,12996
"A0884_jmyqbb.raw",1,255,0,1,1,1,511.092,6175.532,1945352,1945680,0,1842120,1842120,0,12996
"A0885_bee8l1.raw",1,255,0,1,1,1,525.594,6171.902,1945340,1945680,0,1842120,1842120,0,12996
"A0886_ppwfed.raw",1,255,0,1,1,1,514.843,6170.796,1945352,1945680,0,1842120,1842120,0,12996
"A0887_rtxoyc.raw",1,255,0,1,1,1,540.162,6176.637,1945340,1945680,0,1842120,1842120,0,12996
"A0888_hdrgut.raw",1,255,0,1,1,1,531.758,6164.456,1945344,1945680,0,1842120,1842120,0,12996
"A0889_mcpdko.raw",1,255,0,1,1,1,554.822,6185.509,1945340,1945680,0,1842120,1842120,0,12996
"A0890_oxneji.raw",1,255,0,1,1,1,517.553,6156.282,1945356,1945680,0,1842120,1842120,0,12996
"A0891_bcygob.raw",1,255,0,1,1,1,561.472,6156.458,1945348,1945680,0,1842120,1842120,0,12996
"A0892_th92wz.raw",1,255,0,1,1,1,561.382,6173.144,1945340,1945680,0,1842120,1842120,0,12996
"A0893_fplwq6.raw",1,255,0,1,1,1,544.546,6158.148,1945348,1945468,0,1842120,1842120,0,12996
"A0894_vuezk5.raw",1,255,0,1,1,1,543.303,6166.659,1945144,1945468,0,1842120,1842120,0,12996
"A0895_wjqzqn.raw",1,255,0,1,1,1,486.128,6165.261,1945140,1945496,0,1842120,1842120,0,12996
"A0896_hqikrt.raw",1,255,0,1,1,1,510.437,6164.577,1945140,1945680,0,1842120,1842120,0,12996
"A0897_lxyfxm.raw",1,255,0,1,1,1,504.814,6173.917,1945348,1945892,0,1842120,1842120,0,12996
"A0898_pruxop.raw",1,255,0,1,1,1,490.182,6175.806,1945560,1946132,0,1842120,1842120,0,12996
"A0899_inbs3j.raw",1,255,0,1,1,1,537.988,6157.522,1945784,1946316,0,1842120,1842120,0,12996
"A0900_mw2tuh.raw",1,255,0,1,1,1,496.253,6165.718,1945968,1946528,0,1842120,1842120,0,12996
"A0901_movtmq.raw",1,255,0,1,1,1,519.419,6174.152,1946180,1946556,0,1842120,1842120,0,12996
"A0902_y0wpck.raw",1,255,0,1,1,1,517.662,6159.009,1946420,1946952,0,1842120,1842120,0,12996
"A0903_m2kica.raw",1,255,0,1,1,1,545.815,6156.251,1946624,1947164,0,1842120,1842120,0,12996
"A0904_lsbbc8.raw",1,255,0,1,1,1,497.219,6178.178,1946828,1947404,0,1842120,1842120,0,12996
"A0905_fl7bey.raw",1,255,0,1,1,1,503.353,6168.719,1947048,1947588,0,1842120,1842120,0,12996
"A0906_cfdivt.raw",1,255,0,1,1,1,512.928,6181.700,1947264,1947588,0,1842120,1842120,0,12996
"A0907_t5t37f.raw",1,255,0,1,1,1,501.012,6176.425,1947472,1948040,0,1842120,1842120,0,12996
"A0908_k60xvl.raw",1,255,0,1,1,1,515.099,6167.006,1947692,1948012,0,1842120,1842120,0,12996
"A0909_dwrszu.raw",1,255,0,1,1,1,517.582,6172.545,1947888,1948436,0,1842120,1842120,0,12996
"A0910_kcymyw.raw",1,255,0,1,1,1,517.615,6168.868,1948108,1948464,0,1842120,1842120,0,12996
"A0911_aaduoq.raw",1,255,0,1,1,1,564.475,6172.028,1948328,1948860,0,1842120,1842120,0,12996
"A0912_dxf2w9.raw",1,255,0,1,1,1,508.647,6180.403,1948532,1948860,0,1842120,1842120,0,12996
"A0913_r5zegi.raw",1,255,0,1,1,1,525.247,6165.902,1948744,1949120,0,1842120,1842120,0,12996
"A0914_fufv24.raw",1,255,0,1,1,1,531.810,6161.966,1948744,1949100,0,1842120,1842120,0,12996
"A0915_rgzmn7.raw",1,255,0,1,1,1,533.756,6164.562,1948748,1949100,0,1842120,1842120,0,12996
"A0916_djkwxt.raw",1,255,0,1,1,1,535.076,6161.730,1948748,1949120,0,1842120,1842120,0,12996
"A0917_aqpad1.raw",1,255,0,1,1,1,561.476,6166.094,1948752,1949100,0,1842120,1842120,0,12996
"A0918_b5kvk6.raw",1,255,0,1,1,1,561.485,6171.475,1948744,1949100,0,1842120,1842120,0,12996
"A0919_q602qj.raw",1,255,0,1,1,1,507.826,6150.946,1948752,1949120,0,1842120,1842120,0,12996
"A0920_uuwqit.raw",1,255,0,1,1,1,550.233,6149.666,1948752,1949100,0,1842120,1842120,0,12996
"A0921_bl0uay.raw",1,255,0,1,1,1,514.984,6169.351,1948744,1949100,0,1842120,1842120,0,12996
"A0922_l5kxcb.raw",1,255,0,1,1,1,585.291,6154.693,1948744,1949120,0,1842120,1842120,0,12996
"A0923_rsqd44.raw",1,255,0,1,1,1,546.727,6157.198,1948744,1948860,0,1842120,1842120,0,12996
"A0924_ho9ij1.raw",1,255,0,1,1,1,564.316,6168.150,1948524,1948648,0,1842120,1842120,0,12996
"A0925_jhtjw9.raw",1,255,0,1,1,1,557.657,6160.048,1948320,1948436,0,1842120,1842120,0,12996
"A0926_iq2dhc.raw",1,255,0,1,1,1,618.936,6166.048,1948096,1948224,0,1842120,1842120,0,12996
"A0927_dkovhx.raw",1,255,0,1,1,1,550.395,6153.235,1947896,1948012,0,1842120,1842120,0,12996
"A0928_gzektb.raw",1,255,0,1,1,1,527.160,6165.787,1947684,1947800,0,1842120,1842120,0,12996
"A0929_iewzh0.raw",1,255,0,1,1,1,515.492,6159.977,1947472,1947588,0,1842120,1842120,0,12996
"A0930_ifpg3o.raw",1,255,0,1,1,1,574.945,6160.926,1947260,1947376,0,1842120,1842120,0,12996
"A0931_lqgex5.raw",1,255,0,1,1,1,541.109,6170.011,1947048,1947164,0,1842120,1842120,0,12996
"A0932_pxasek.raw",1,255,0,1,1,1,513.249,6166.248,1946840,1946952,0,1842120,1842120,0,12996
"A0933_bjr2vw.raw",1,255,0,1,1,1,542.449,6157.238,1946624,1946740,0,1842120,1842120,0,12996
"A0934_cwffb2.raw",1,255,0,1,1,1,484.090,6169.230,1946412,1946528,0,1842120,1842120,0,12996
"A0935_d3dpjg.raw",1,255,0,1,1,1,522.080,6168.279,1946200,1946316,0,1842120,1842120,0,12996
"A0936_m1q0gj.raw",1,255,0,1,1,1,518.629,6171.753,1945988,1946104,0,1842120,1842120,0,12996
"A0937_yncgxd.raw",1,255,0,1,1,1,546.718,6157.449,1945776,1945892,0,1842120,1842120,0,12996
"A0938_earpmh.raw",1,255,0,1,1,1,531.113,6155.242,1945564,1945680,0,1842120,1842120,0,12996
"A0939_lirvvg.raw",1,255,0,1,1,1,538.959,6164.663,1945352,1945468,0,1842120,1842120,0,12996
"A0940_oue4rn.raw",1,255,0,1,1,1,537.913,6145.286,1945140,1945468,0,1842120,1842120,0,12996
"A0941_nykmym.raw",1,255,0,1,1,1,537.875,6154.159,1945140,1945256,0,1842120,1842120,0,12996
"A0942_ojc7ej.raw",1,255,0,1,1,1,551.226,6165.958,1945128,1945468,0,1842120,1842120,0,12996
"A0943_hza3n4.raw",1,255,0,1,1,1,555.108,6157.392,1945140,1945256,0,1842120,1842120,0,12996
"A0944_jyclyi.raw",1,255,0,1,1,1,532.006,6163.524,1945136,1945468,0,1842120,1842120,0,12996
"A0947_uc7qcl.raw",1,255,0,1,1,1,544.159,6166.170,1945136,1945256,0,1842120,1842120,0,12996
"A0948_avwkpd.raw",1,255,0,1,1,1,538.409,6163.290,1945136,1945468,0,1842120,1842120,0,12996
"A0949_uj3blf.raw",1,255,0,1,1,1,530.481,6156.574,1945136,1945468,0,1842120,1842120,0,12996
"A0950_fyd3zc.raw",1,255,0,1,1,1,564.850,6158.680,1945128,1945468,0,1842120,1842120,0,12996
"A0951_yfyz5w.raw",1,255,0,1,1,1,547.068,6163.372,1945128,1945468,0,1842120,1842120,0,12996
"A0952_xm0rpx.raw",1,255,0,1,1,1,566.831,6171.061,1945128,1945468,0,1842120,1842120,0,12996
"A0953_zset6z.raw",1,255,0,1,1,1,575.477,6167.846,1945128,1945468,0,1842120,1842120,0,12996
"A0954_exazoy.raw",1,255,0,1,1,1,522.134,6149.828,1945128,1945468,0,1842120,1842120,0,12996
"A0955_vriuls.raw",1,255,0,1,1,1,556.628,6158.117,1945128,1945468,0,1842120,1842120,0,12996
"A0956_sb5dwz.raw",1,255,0,1,1,1,596.994,6165.256,1945128,1945468,0,1842120,1842120,0,12996
"A0957_osix3a.raw",1,255,0,1,1,1,560.655,6163.775,1945128,1945468,0,1842120,1842120,0,12996
"A0958_ozeqgv.raw",1,255,0,1,1,1,538.750,6172.114,1945128,1945468,0,1842120,1842120,0,12996
"A0959_sulk1r.raw",1,255,0,1,1,1,524.422,6141.387,1945128,1945468,0,1842120,1842120,0,12996
"A0960_n1xkrj.raw",1,255,0,1,1,1,584.056,6158.365,1945140,1945468,0,1842120,1842120,0,12996
"A0961_lr7oar.raw",1,255,0,1,1,1,532.958,6160.400,1945136,1945468,0,1842120,1842120,0,12996
"A0962_qqflsp.raw",1,255,0,1,1,1,567.121,6158.217,1945136,1945468,0,1842120,1842120,0,12996
"A0963_vfipci.raw",1,255,0,1,1,1,531.536,6156.452,1945148,1945468,0,1842120,1842120,0,12996
"A0964_eh32xh.raw",1,255,0,1,1,1,528.014,6157.402,1945136,1945468,0,1842120,1842120,0,12996
"A0965_z8y0qg.raw",1,255,0,1,1,1,521.737,6156.600,1945136,1945468,0,1842120,1842120,0,12996
"A0966_nxurdu.raw",1,255,0,1,1,1,522.213,6155.061,1945136,1945468,0,1842120,1842120,0,12996
"A0967_u1zejj.raw",1,255,0,1,1,1,580.878,6153.879,1945132,1945464,0,1842120,1842120,0,12996
"A0968_kxktln.raw",1,255,0,1,1,1,535.618,6165.980,1945136,1945464,0,1842120,1842120,0,12996
"A0969_npm4sf.raw",1,255,0,1,1,1,540.317,6169.406,1945132,1945492,0,1842120,1842120,0,12996
"A0970_yjih8o.raw",1,255,0,1,1,1,810.349,6165.942,1945136,1945676,0,1842120,1842120,0,12996
"A0971_teu6lq.raw",1,255,0,1,1,1,884.110,6159.567,1945344,1945888,0,1842120,1842120,0,12996
"A0972_ubdknw.raw",1,255,0,1,1,1,877.245,6176.180,1945556,1946128,0,1842120,1842120,0,12996
"A0973_j68alr.raw",1,255,0,1,1,1,972.873,6179.190,1945776,1946312,0,1842120,1842120,0,12996
"A0974_ehxrey.raw",1,255,0,1,1,1,959.235,6159.841,1945984,1946524,0,1842120,1842120,0,12996
"A0975_acqn9l.raw",1,255,0,1,1,1,891.293,6177.970,1946196,1946764,0,1842120,1842120,0,12996
"A0976_d3gg2g.raw",1,255,0,1,1,1,879.215,6175.994,1946408,1946948,0,1842120,1842120,0,12996
"A0977_xzp3uo.raw",1,255,0,1,1,1,861.619,6172.996,1946616,1947160,0,1842120,1842120,0,12996
"A0978_sbc38e.raw",1,255,0,1,1,1,960.915,6165.140,1946828,1947400,0,1842120,1842120,0,12996
"A0979_bdumow.raw",1,255,0,1,1,1,877.981,6174.610,1947040,1947584,0,1842120,1842120,0,12996
"A0980_phmssa.raw",1,255,0,1,1,1,972.748,6165.777,1947256,1947796,0,1842120,1842120,0,12996
"A0981_adw7q1.raw",1,255,0,1,1,1,880.767,6160.824,1947464,1948036,0,1842120,1842120,0,12996
"A0982_odsnfw.raw",1,255,0,1,1,1,886.158,6166.890,1947680,1948220,0,1842120,1842120,0,12996
"A0983_zr7jyi.raw",1,255,0,1,1,1,841.948,6169.557,1947892,1948432,0,1842120,1842120,0,12996
"A0984_w17bjj.raw",1,255,0,1,1,1,806.811,6163.995,1948104,1948676,0,1842120,1842120,0,12996
"A0985_olsxej.raw",1,255,0,1,1,1,885.719,6172.384,1948328,1948860,0,1842120,1842120,0,12996
"A0986_bgdl8r.raw",1,255,0,1,1,1,852.878,6146.856,1948744,1949100,0,1842120,1842120,0,12996
"A0987_no4kp5.raw",1,255,0,1,1,1,916.408,6156.121,1948752,1949120,0,1842120,1842120,0,12996
"A0988_opffxs.raw",1,255,0,1,1,1,877.856,6150.761,1948752,1949100,0,1842120,1842120,0,12996
"A0989_rngptt.raw",1,255,0,1,1,1,882.127,6156.100,1948752,1949100,0,1842120,1842120,0,12996
"A0990_b40cri.raw",1,255,0,1,1,1,901.260,6158.119,1948744,1949120,0,1842120,1842120,0,12996
"A0991_zo6ct1.raw",1,255,0,1,1,1,535.807,6165.087,1948744,1948860,0,1842120,1842120,0,12996
"A0992_xubgxa.raw",1,255,0,1,1,1,512.124,6166.498,1948524,1948648,0,1842120,1842120,0,12996
"A0993_tmitcp.raw",1,255,0,1,1,1,519.869,6161.948,1948320,1948436,0,1842120,1842120,0,12996
"A0994_n27ptg.raw",1,255,0,1,1,1,565.795,6172.679,1948096,1948224,0,1842120,1842120,0,12996
"A0995_nkice8.raw",1,255,0,1,1,1,558.330,6177.743,1947896,1948012,0,1842120,1842120,0,12996
"A0996_nkqj0h.raw",1,255,0,1,1,1,537.435,6163.421,1947688,1947800,0,1842120,1842120,0,12996
"A0997_uciipm.raw",1,255,0,1,1,1,565.369,6168.029,1947472,1947588,0,1842120,1842120,0,12996
"A0998_vexok9.raw",1,255,0,1,1,1,535.675,6177.812,1947260,1947376,0,1842120,1842120,0,12996
"A0999_owxuzi.raw",1,255,0,1,1,1,574.528,6184.291,1947048,1947164,0,1842120,1842120,0,12996
"A1000_rrfcql.raw",1,255,0,1,1,1,551.745,6168.620,1946836,1946952,0,1842120,1842120,0,12996
"A1001_uz1k5x.raw",1,255,0,1,1,1,545.937,6174.952,1946624,1946740,0,1842120,1842120,0,12996
"A1002_deycz1.raw",1,255,0,1,1,1,509.780,6165.515,1946412,1946528,0,1842120,1842120,0,12996
"A1003_xkpfzz.raw",1,255,0,1,1,1,647.587,6179.693,1946200,1946316,0,1842120,1842120,0,12996
"A1004_k9awe7.raw",1,255,0,1,1,1,489.954,6174.573,1945992,1946104,0,1842120,1842120,0,12996
"A1005_cehhmw.raw",1,255,0,1,1,1,547.763,6181.461,1945776,1945892,0,1842120,1842120,0,12996
"A1008_drw787.raw",1,255,0,1,1,1,511.056,6176.409,1945564,1945680,0,1842120,1842120,0,12996
"A1009_rppmiy.raw",1,255,0,1,1,1,542.998,6168.303,1945352,1945468,0,1842120,1842120,0,12996
"A1010_ccwiws.raw",1,255,0,1,1,1,519.211,6161.707,1945140,1945468,0,1842120,1842120,0,12996
"A1011_cbdlad.raw",1,255,0,1,1,1,516.701,6180.412,1945140,1945468,0,1842120,1842120,0,12996
"A1012_p9ydh4.raw",1,255,0,1,1,1,540.164,6178.974,1945128,1945468,0,1842120,1842120,0,12996
"A1013_wzifat.raw",1,255,0,1,1,1,515.303,6182.824,1945140,1945468,0,1842120,1842120,0,12996
"A1014_fo3jtg.raw",1,255,0,1,1,1,536.349,6176.214,1945136,1945468,0,1842120,1842120,0,12996
"A1015_kee2oy.raw",1,255,0,1,1,1,555.501,6166.708,1945144,1945496,0,1842120,1842120,0,12996
"A1016_mkyxbt.raw",1,255,0,1,1,1,528.289,6169.938,1945144,1945468,0,1842120,1842120,0,12996
"A1017_xrafjc.raw",1,255,0,1,1,1,580.654,6158.493,1945140,1945468,0,1842120,1842120,0,12996
"a0002_zqq7gr.raw",1,4,251,0,0,1,521.877,6175.758,1945140,1945468,0,1842120,1842120,0,12996
"a0003_h81hoy.raw",1,0,255,0,0,1,541.986,6169.331,1945140,1945468,0,1842120,1842120,0,12996
"a0004_sxpn10.raw",1,12,243,0,0,1,566.446,6157.599,1945140,1945468,0,1842120,1842120,0,12996
"a0005_xdzwbd.raw",1,30,225,0,0,1,545.751,6159.616,1945140,1945468,0,1842120,1842120,0,12996
"a0006_hap79c.raw",1,68,187,0,0,1,520.079,6165.837,1945140,1945468,0,1842120,1842120,0,12996
"a0007_vdoztm.raw",1,225,30,1,0,0,514.004,6146.235,1945140,1945468,0,1842120,1842120,0,12996
"a0009_kl0gfn.raw",1,0,255,0,0,1,509.056,6159.873,1945140,1945468,0,1842120,1842120,0,12996
"a0010_x4dcmt.raw",1,0,255,0,0,1,552.278,6155.697,1945140,1945468,0,1842120,1842120,0,12996
"a0011_flsplt.raw",1,0,255,0,0,1,553.788,6161.463,1945140,1945468,0,1842120,1842120,0,12996
"a0012_ft7amk.raw",1,0,255,0,0,1,511.688,6161.844,1945140,1945468,0,1842120,1842120,0,12996
"a0013_ebcpt8.raw",1,0,255,0,0,1,522.831,6159.151,1945144,1945468,0,1842120,1842120,0,12996
"a0014_lrsf2j.raw",1,0,255,0,0,1,521.403,6164.473,1945140,1945468,0,1842120,1842120,0,12996
"a0015_zgpohn.raw",1,1,254,0,0,1,524.205,6142.944,1945140,1945468,0,1842120,1842120,0,12996
"a0016_ufymvk.raw",1,0,255,0,0,1,502.788,6163.015,1945136,1945464,0,1842120,1842120,0,12996
"a0017_laaomg.raw",1,0,255,0,0,1,527.045,6156.103,1945136,1945464,0,1842120,1842120,0,12996
"a0018_u55chk.raw",1,0,255,0,0,1,672.140,6154.516,1945136,1945464,0,1842120,1842120,0,12996
"a0019_pxv1ti.raw",1,0,255,0,0,1,521.341,6162.541,1945132,1945464,0,1842120,1842120,0,12996
"a0020_pormst.raw",1,187,68,1,0,0,926.165,6158.592,1945136,1945464,0,1842120,1842120,0,12996
"a0021_zl872h.raw",1,68,187,0,0,1,506.642,6149.752,1945128,1945460,0,1842120,1842120,0,12996
"a0022_vjolwb.raw",1,0,255,0,0,1,522.466,6140.256,1945128,1945460,0,1842120,1842120,0,12996
"a0023_x4hdbq.raw",1,0,255,0,0,1,505.007,6136.668,1945132,1945488,0,1842120,1842120,0,12996
"a0024_sciqht.raw",1,0,255,0,0,1,502.267,6139.139,1945140,1945460,0,1842120,1842120,0,12996
"a0026_l57y5n.raw",1,0,255,0,0,1,517.003,6150.435,1945124,1945460,0,1842120,1842120,0,12996
"a0029_dvulku.raw",1,0,255,0,0,1,595.768,6140.317,1945124,1945460,0,1842120,1842120,0,12996
"a0033_naqglc.raw",1,0,255,0,0,1,541.117,6135.905,1945124,1945460,0,1842120,1842120,0,12996
"a0034_h7n79n.raw",1,0,255,0,0,1,509.454,6134.089,1945124,1945460,0,1842120,1842120,0,12996
"a0035_yr8bei.raw",1,0,255,0,0,1,569.628,6139.065,1945124,1945460,0,1842120,1842120,0,12996
"a0036_pwbk3g.raw",1,0,255,0,0,1,551.176,6132.860,1945124,1945460,0,1842120,1842120,0,12996
"a0037_ybmx1q.raw",1,0,255,0,0,1,529.484,6121.972,1945120,1945460,0,1842120,1842120,0,12996
"a0038_smiks9.raw",1,0,255,0,0,1,696.841,6144.990,1945132,1945460,0,1842120,1842120,0,12996
"a0039_gxucnd.raw",1,0,255,0,0,1,525.417,6136.188,1945128,1945464,0,1842120,1842120,0,12996
"a0040_lbkfep.raw",1,0,255,0,0,1,519.571,6146.581,1945136,1945464,0,1842120,1842120,0,12996
"a0041_mrc5vz.raw",1,0,255,0,0,1,504.638,6131.717,1945132,1945464,0,1842120,1842120,0,12996
"a0042_hyljpx.raw",1,0,255,0,0,1,522.408,6136.638,1945132,1945464,0,1842120,1842120,0,12996
"a0043_g8f6cw.raw",1,0,255,0,0,1,583.294,6124.918,1945136,1945252,0,1842120,1842120,0,12996
"a0044_uzcylm.raw",1,0,255,0,0,1,547.235,6141.425,1945136,1945468,0,1842120,1842120,0,12996
"a0045_rcl5lf.raw",1,0,255,0,0,1,489.590,6156.755,1945140,1945256,0,1842120,1842120,0,12996
"a0046_y9eobh.raw",1,0,255,0,0,1,505.849,6143.798,1945140,1945256,0,1842120,1842120,0,12996
"a0047_zwq3eq.raw",1,4,251,0,0,1,585.883,6151.271,1945144,1945468,0,1842120,1842120,0,12996
"a0048_qqzcrl.raw",1,0,255,0,0,1,519.949,6138.608,1945136,1945256,0,1842120,1842120,0,12996
"a0049_eqcyv6.raw",1,0,255,0,0,1,554.519,6136.465,1945140,1945468,0,1842120,1842120,0,12996
"a0050_lexekr.raw",1,0,255,0,0,1,607.257,6151.763,1945136,1945256,0,1842120,1842120,0,12996
"a0051_mwrqz1.raw",1,0,255,0,0,1,577.762,6134.254,1945140,1945468,0,1842120,1842120,0,12996
"a0052_luo2re.raw",1,4,251,0,0,1,521.295,6131.026,1945140,1945260,0,1842120,1842120,0,12996
"a0053_m5vljh.raw",1,187,68,1,0,0,546.121,6139.081,1945144,1945260,0,1842120,1842120,0,12996
"a0054_efp41x.raw",1,255,0,1,0,0,699.885,6140.980,1945144,1945472,0,1842120,1842120,0,12996
"a0055_mdde5c.raw",1,1,254,0,0,1,551.508,6129.552,1945144,1945472,0,1842120,1842120,0,12996
"a0056_uk1xbl.raw",1,4,251,0,0,1,570.259,6137.868,1945144,1945472,0,1842120,1842120,0,12996
"a0057_tqu6hy.raw",1,4,251,0,0,1,514.731,6145.332,1945144,1945260,0,1842120,1842120,0,12996
"a0058_rs118h.raw",1,187,68,1,0,0,523.779,6128.855,1945144,1945472,0,1842120,1842120,0,12996
"a0059_anyfxy.raw",1,0,255,0,0,1,522.845,6143.739,1945140,1945256,0,1842120,1842120,0,12996
"a0060_c698ty.raw",1,1,254,0,0,1,504.726,6133.516,1945140,1945256,0,1842120,1842120,0,12996
"a0061_yctxsi.raw",1,68,187,0,0,1,629.198,6142.234,1945140,1945468,0,1842120,1842120,0,12996
"a0062_fqmvyz.raw",1,68,187,0,0,1,498.380,6142.831,1945140,1945256,0,1842120,1842120,0,12996
"a0063_vbisb9.raw",1,0,255,0,0,1,565.901,6136.413,1945140,1945468,0,1842120,1842120,0,12996
"a0064_kwp7cd.raw",1,0,255,0,0,1,546.209,6138.933,1945136,1945256,0,1842120,1842120,0,12996
"a0065_ntjdqy.raw",1,0,255,0,0,1,520.440,6131.609,1945140,1945468,0,1842120,1842120,0,12996
"a0066_rv5ww5.raw",1,30,225,0,0,1,569.401,6130.591,1945136,1945468,0,1842120,1842120,0,12996
"a0067_d7tibh.raw",1,0,255,0,0,1,500.198,6131.093,1945140,1945256,0,1842120,1842120,0,12996
"a0068_jfoj6o.raw",1,0,255,0,0,1,533.618,6136.249,1945128,1945468,0,1842120,1842120,0,12996
"a0069_btqbzv.raw",1,0,255,0,0,1,743.655,6152.698,1945124,1945468,0,1842120,1842120,0,12996
"a0070_efjezh.raw",1,0,255,0,0,1,532.774,6168.005,1945140,1945464,0,1842120,1842120,0,12996
"a0071_e4cuqf.raw",1,0,255,0,0,1,504.312,6173.745,1945132,1945252,0,1842120,1842120,0,12996
"a0072_t5ibmg.raw",1,0,255,0,0,1,925.566,6169.015,1945128,1945468,0,1842120,1842120,0,12996
"a0073_dkeyjo.raw",1,0,255,0,0,1,525.391,6162.035,1945136,1945468,0,1842120,1842120,0,12996
"a0074_iwmcoy.raw",1,0,255,0,0,1,670.062,6172.092,1945140,1945492,0,1842120,1842120,0,12996
"a0075_kinxwd.raw",1,0,255,0,0,1,838.712,6179.884,1945144,1945680,0,1842120,1842120,0,12996
"a0076_nagxkv.raw",1,0,255,0,0,1,892.665,6168.895,1945352,1945896,0,1842120,1842120,0,12996
"a0077_thtrkf.raw",1,0,255,0,0,1,845.133,6174.137,1945568,1946132,0,1842120,1842120,0,12996
"a0078_pcdglm.raw",1,0,255,0,0,1,1090.285,6165.705,1945784,1946320,0,1842120,1842120,0,12996
"a0079_hyr6xx.raw",1,0,255,0,0,1,856.538,6177.395,1945992,1946532,0,1842120,1842120,0,12996
"a0080_lzrrpt.raw",1,0,255,0,0,1,496.621,6157.348,1946204,1946768,0,1842120,1842120,0,12996
"a0081_v2ovst.raw",1,0,255,0,0,1,527.077,6178.249,1946416,1946956,0,1842120,1842120,0,12996
"a0082_wdddcd.raw",1,0,255,0,0,1,488.911,6165.092,1946624,1947164,0,1842120,1842120,0,12996
"a0083_vgn5pa.raw",1,0,255,0,0,1,522.486,6161.666,1946832,1947404,0,1842120,1842120,0,12996
"a0084_tr6vlx.raw",1,0,255,0,0,1,544.909,6177.642,1947044,1947588,0,1842120,1842120,0,12996
"a0085_imechq.raw",1,0,255,0,0,1,555.871,6182.472,1947260,1947800,0,1842120,1842120,0,12996
"a0086_nmlcg2.raw",1,0,255,0,0,1,771.206,6173.303,1947472,1948040,0,1842120,1842120,0,12996
"a0087_tvrsu6.raw",1,0,255,0,0,1,564.058,6169.728,1947680,1948224,0,1842120,1842120,0,12996
"a0088_movh4z.raw",1,0,255,0,0,1,539.192,6165.859,1947892,1948436,0,1842120,1842120,0,12996
"a0089_g7scnd.raw",1,0,255,0,0,1,581.368,6176.358,1948108,1948676,0,1842120,1842120,0,12996
"a0090_hsatob.raw",1,0,255,0,0,1,669.262,6161.806,1948328,1948860,0,1842120,1842120,0,12996
"a0091_ya20ve.raw",1,0,255,0,0,1,524.388,6157.450,1948540,1949100,0,1842120,1842120,0,12996
"a0092_ymr2r7.raw",1,0,255,0,0,1,535.873,6168.424,1948752,1949120,0,1842120,1842120,0,12996
"a0093_x7gbas.raw",1,0,255,0,0,1,597.290,6167.913,1948740,1949100,0,1842120,1842120,0,12996
"a0094_jflpre.raw",1,0,255,0,0,1,539.124,6172.781,1948744,1949100,0,1842120,1842120,0,12996
"a0095_o8z7ji.raw",1,0,255,0,0,1,520.440,6179.319,1948744,1949120,0,1842120,1842120,0,12996
"a0096_m1urqv.raw",1,0,255,0,0,1,550.237,6183.305,1948728,1949100,0,1842120,1842120,0,12996
"a0097_qv53m0.raw",1,0,255,0,0,1,780.361,6180.385,1948752,1949100,0,1842120,1842120,0,12996
"a0098_byyggi.raw",1,0,255,0,0,1,530.291,6182.898,1948744,1949120,0,1842120,1842120,0,12996
"a0099_vouy1n.raw",1,0,255,0,0,1,560.241,6186.068,1948740,1949100,0,1842120,1842120,0,12996
"a0100_atpeq2.raw",1,0,255,0,0,1,594.674,6182.063,1948744,1949072,0,1842120,1842120,0,12996
"a0101_qhqclb.raw",1,0,255,0,0,1,570.350,6178.211,1948748,1949120,0,1842120,1842120,0,12996
"a0102_tdrvrf.raw",1,0,255,0,0,1,1009.543,6180.289,1948736,1949100,0,1842120,1842120,0,12996
"a0103_t5qk6i.raw",1,0,255,0,0,1,533.794,6177.738,1948748,1949100,0,1842120,1842120,0,12996
"a0104_aiir4v.raw",1,0,255,0,0,1,516.131,6186.001,1948752,1949120,0,1842120,1842120,0,12996
"a0105_ximfad.raw",1,0,255,0,0,1,507.112,6179.297,1948736,1949100,0,1842120,1842120,0,12996
"a0106_ehxaik.raw",1,0,255,0,0,1,515.051,6165.758,1948748,1949100,0,1842120,1842120,0,12996
"a0107_dfhjod.raw",1,0,255,0,0,1,497.224,6175.585,1948748,1949120,0,1842120,1842120,0,12996
"a0108_mubaht.raw",1,0,255,0,0,1,506.227,6174.712,1948728,1949100,0,1842120,1842120,0,12996
"a0109_hwndhw.raw",1,0,255,0,0,1,541.692,6171.014,1948740,1949100,0,1842120,1842120,0,12996
"a0110_f7itxx.raw",1,0,255,0,0,1,514.493,6175.377,1948748,1949120,0,1842120,1842120,0,12996
"a0111_q3m5nt.raw",1,0,255,0,0,1,508.082,6179.618,1948728,1949100,0,1842120,1842120,0,12996
"a0112_qyxkoh.raw",1,0,255,0,0,1,503.528,6175.569,1948748,1949100,0,1842120,1842120,0,12996
"a0113_t1qgfz.raw",1,0,255,0,0,1,497.506,6176.576,1948748,1949120,0,1842120,1842120,0,12996
"a0114_ro56rr.raw",1,0,255,0,0,1,533.073,6178.370,1948736,1949100,0,1842120,1842120,0,12996
"a0115_ehs7u1.raw",1,0,255,0,0,1,598.860,6188.092,1948752,1949100,0,1842120,1842120,0,12996
"a0116_i9gpyq.raw",1,0,255,0,0,1,614.468,6191.623,1948744,1949120,0,1842120,1842120,0,12996
"a0117_do8ad0.raw",1,0,255,0,0,1,553.170,6199.060,1948736,1948848,0,1842120,1842120,0,12996
"a0118_zq1zyf.raw",1,0,255,0,0,1,524.337,6179.435,1948516,1948636,0,1842120,1842120,0,12996
"a0119_d4dqgq.raw",1,0,255,0,0,1,556.118,6170.253,1948316,1948424,0,1842120,1842120,0,12996
"a0120_tz7dpm.raw",1,0,255,0,0,1,593.292,6169.835,1948092,1948212,0,1842120,1842120,0,12996
"a0121_bwr0nt.raw",1,0,255,0,0,1,550.561,6186.815,1947880,1948000,0,1842120,1842120,0,12996
"a0122_mb1rzy.raw",1,0,255,0,0,1,518.554,6182.874,1947672,1947788,0,1842120,1842120,0,12996
"a0123_qlq6pv.raw",1,0,255,0,0,1,521.800,6184.285,1947456,1947576,0,1842120,1842120,0,12996
"a0124_ij6tbn.raw",1,0,255,0,0,1,527.304,6180.056,1947244,1947364,0,1842120,1842120,0,12996
"a0125_b2vhup.raw",1,4,251,0,0,1,525.353,6187.120,1947032,1947152,0,1842120,1842120,0,12996
"a0126_loaplq.raw",1,0,255,0,0,1,541.261,6176.116,1946820,1946940,0,1842120,1842120,0,12996
"a0127_c6lmoo.raw",1,0,255,0,0,1,532.081,6169.792,1946608,1946728,0,1842120,1842120,0,12996
"a0128_oy1f63.raw",1,0,255,0,0,1,509.084,6179.617,1946396,1946516,0,1842120,1842120,0,12996
"a0129_eyyc9x.raw",1,0,255,0,0,1,535.144,6176.943,1946188,1946304,0,1842120,1842120,0,12996
"a0130_jvjwea.raw",1,0,255,0,0,1,536.538,6170.201,1945976,1946092,0,1842120,1842120,0,12996
"a0131_oofgf7.raw",1,0,255,0,0,1,506.105,6180.471,1945760,1945880,0,1842120,1842120,0,12996
"a0132_n4lsdx.raw",1,0,255,0,0,1,522.562,6170.331,1945548,1945668,0,1842120,1842120,0,12996
"a0133_a6jddk.raw",1,0,255,0,0,1,538.539,6181.556,1945336,1945456,0,1842120,1842120,0,12996
"a0134_jrlrub.raw",1,0,255,0,0,1,816.914,6176.614,1945128,1945468,0,1842120,1842120,0,12996
"a0135_zh17tc.raw",1,0,255,0,0,1,499.178,6187.145,1945140,1945468,0,1842120,1842120,0,12996
"a0136_uf6cjb.raw",1,0,255,0,0,1,507.123,6166.931,1945140,1945468,0,1842120,1842120,0,12996
"a0137_c0p4j0.raw",1,0,255,0,0,1,517.811,6186.747,1945140,1945468,0,1842120,1842120,0,12996
"a0138_m4b2ck.raw",1,0,255,0,0,1,490.312,6178.405,1945136,1945476,0,1842120,1842120,0,12996
"a0139_uv51qs.raw",1,0,255,0,0,1,526.426,6176.577,1945144,1945468,0,1842120,1842120,0,12996
"a0140_uyqvkf.raw",1,0,255,0,0,1,547.176,6176.768,1945140,1945468,0,1842120,1842120,0,12996
"a0141_x8ianl.raw",1,0,255,0,0,1,565.096,6183.539,1945140,1945468,0,1842120,1842120,0,12996
"a0142_ozrt3u.raw",1,0,255,0,0,1,561.649,6171.879,1945140,1945468,0,1842120,1842120,0,12996
"a0143_hly1a7.raw",1,0,255,0,0,1,508.353,6172.876,1945140,1945468,0,1842120,1842120,0,12996
"a0144_v9mvte.raw",1,0,255,0,0,1,691.460,6184.560,1945140,1945468,0,1842120,1842120,0,12996
"a0145_msme8x.raw",1,0,255,0,0,1,561.021,6168.739,1945140,1945468,0,1842120,1842120,0,12996
"a0146_qa7qxt.raw",1,0,255,0,0,1,509.010,6173.365,1945140,1945468,0,1842120,1842120,0,12996
"a0147_zbmyhh.raw",1,0,255,0,0,1,516.457,6177.315,1945140,1945468,0,1842120,1842120,0,12996
"a0148_ucux67.raw",1,0,255,0,0,1,542.640,6176.696,1945140,1945468,0,1842120,1842120,0,12996
"a0149_vq27pa.raw",1,0,255,0,0,1,618.612,6186.071,1945140,1945468,0,1842120,1842120,0,12996
"a0150_thhzku.raw",1,0,255,0,0,1,499.466,6161.373,1945140,1945468,0,1842120,1842120,0,12996
"a0151_cmjo48.raw",1,0,255,0,0,1,535.426,6184.229,1945140,1945468,0,1842120,1842120,0,12996
"a0152_okityq.raw",1,0,255,0,0,1,539.161,6180.921,1945140,1945468,0,1842120,1842120,0,12996
"a0153_sguu6u.raw",1,0,255,0,0,1,534.900,6180.705,1945140,1945468,0,1842120,1842120,0,12996
"a0154_znnqhl.raw",1,0,255,0,0,1,517.589,6168.449,1945140,1945468,0,1842120,1842120,0,12996
"a0155_y4pb1y.raw",1,0,255,0,0,1,662.879,6177.484,1945136,1945464,0,1842120,1842120,0,12996
"a0156_yvzvpr.raw",1,0,255,0,0,1,519.269,6179.458,1945136,1945464,0,1842120,1842120,0,12996
"a0157_e6lwgj.raw",1,0,255,0,0,1,537.543,6181.624,1945136,1945464,0,1842120,1842120,0,12996
"a0158_u7tlmh.raw",1,0,255,0,0,1,546.400,6182.804,1945132,1945464,0,1842120,1842120,0,12996
"a0159_b2q7rr.raw",1,0,255,0,0,1,527.731,6182.002,1945136,1945464,0,1842120,1842120,0,12996
"a0160_c7m7s1.raw",1,0,255,0,0,1,554.322,6184.720,1945128,1945460,0,1842120,1842120,0,12996
"a0161_hk0ygt.raw",1,0,255,0,0,1,530.085,6175.395,1945128,1945488,0,1842120,1842120,0,12996
"a0162_neipmu.raw",1,0,255,0,0,1,525.003,6184.172,1945124,1945448,0,1842120,1842120,0,12996
"a0163_cgxbzr.raw",1,0,255,0,0,1,503.883,6178.766,1945120,1945448,0,1842120,1842120,0,12996
"a0164_it0o7e.raw",1,0,255,0,0,1,520.691,6179.601,1945120,1945448,0,1842120,1842120,0,12996
"a0165_ws9muv.raw",1,0,255,0,0,1,514.693,6181.311,1945120,1945448,0,1842120,1842120,0,12996
"a0166_tuptw1.raw",1,0,255,0,0,1,529.420,6186.253,1945120,1945448,0,1842120,1842120,0,12996
"a0167_eyyncx.raw",1,0,255,0,0,1,547.243,6175.035,1945120,1945448,0,1842120,1842120,0,12996
"a0168_juburw.raw",1,0,255,0,0,1,596.770,6175.368,1945120,1945448,0,1842120,1842120,0,12996
"a0169_udigcx.raw",1,0,255,0,0,1,563.672,6185.224,1945120,1945448,0,1842120,1842120,0,12996
"a0170_xwu9s1.raw",1,0,255,0,0,1,734.911,6192.481,1945120,1945448,0,1842120,1842120,0,12996
"a0171_pwxejn.raw",1,0,255,0,0,1,520.720,6170.381,1945120,1945448,0,1842120,1842120,0,12996
"a0172_nyfjrh.raw",1,0,255,0,0,1,516.702,6187.268,1945116,1945452,0,1842120,1842120,0,12996
"a0173_eervjt.raw",1,0,255,0,0,1,536.122,6173.776,1945124,1945452,0,1842120,1842120,0,12996
"a0174_e7cpdr.raw",1,0,255,0,0,1,534.527,6172.694,1945124,1945452,0,1842120,1842120,0,12996
"a0175_swjlo7.raw",1,0,255,0,0,1,514.487,6181.584,1945120,1945452,0,1842120,1842120,0,12996
"a0176_mcvzoh.raw",1,0,255,0,0,1,658.272,6175.725,1945120,1945452,0,1842120,1842120,0,12996
"a0177_y3zolp.raw",1,0,255,0,0,1,494.612,6172.339,1945124,1945456,0,1842120,1842120,0,12996
"a0178_aaj5hy.raw",1,0,255,0,0,1,525.841,6173.294,1945128,1945456,0,1842120,1842120,0,12996
"a0179_ynprqc.raw",1,0,255,0,0,1,702.165,6170.311,1945112,1945468,0,1842120,1842120,0,12996
"a0180_kfthlj.raw",1,0,255,0,0,1,516.216,6182.324,1945140,1945468,0,1842120,1842120,0,12996
"a0181_d8jlaf.raw",1,0,255,0,0,1,508.829,6181.507,1945128,1945468,0,1842120,1842120,0,12996
"a0182_nm812y.raw",1,0,255,0,0,1,505.598,6181.491,1945140,1945468,0,1842120,1842120,0,12996
"a0183_deeois.raw",1,0,255,0,0,1,584.664,6178.900,1945136,1945468,0,1842120,1842120,0,12996
"a0184_qvfn5j.raw",1,0,255,0,0,1,525.043,6190.925,1945136,1945468,0,1842120,1842120,0,12996
"a0185_pvwq9t.raw",1,0,255,0,0,1,1220.367,6197.821,1945136,1945472,0,1842120,1842120,0,12996
"a0186_q9lbfb.raw",1,0,255,0,0,1,571.092,6183.143,1945144,1945472,0,1842120,1842120,0,12996
"a0187_zs38ta.raw",1,0,255,0,0,1,510.913,6192.225,1945144,1945472,0,1842120,1842120,0,12996
"a0188_yyagcg.raw",1,0,255,0,0,1,496.373,6196.391,1945144,1945472,0,1842120,1842120,0,12996
"a0189_tdyi1e.raw",1,0,255,0,0,1,510.750,6193.251,1945140,1945472,0,1842120,1842120,0,12996
"a0190_cugc2u.raw",1,0,255,0,0,1,591.569,6194.431,1945144,1945472,0,1842120,1842120,0,12996
"a0191_v3xe2h.raw",1,0,255,0,0,1,568.033,6180.938,1945140,1945472,0,1842120,1842120,0,12996
"a0192_ovl89c.raw",1,0,255,0,0,1,542.489,6178.261,1945140,1945472,0,1842120,1842120,0,12996
"a0193_hu0wy9.raw",1,12,243,0,0,1,559.274,6181.359,1945144,1945472,0,1842120,1842120,0,12996
"a0194_kqcnoq.raw",1,30,225,0,0,1,712.215,6194.280,1945144,1945472,0,1842120,1842120,0,12996
"a0195_czmb8s.raw",1,4,251,0,0,1,496.478,6185.461,1945132,1945472,0,1842120,1842120,0,12996
"a0196_vjvhwl.raw",1,0,255,0,0,1,535.497,6175.784,1945136,1945472,0,1842120,1842120,0,12996
"a0197_i439rf.raw",1,0,255,0,0,1,484.913,6174.254,1945140,1945472,0,1842120,1842120,0,12996
"a0198_nplldi.raw",1,0,255,0,0,1,497.529,6179.689,1945144,1945472,0,1842120,1842120,0,12996
"a0199_igszhh.raw",1,0,255,0,0,1,639.602,6176.106,1945144,1945472,0,1842120,1842120,0,12996
"a0200_b6ivgn.raw",1,12,243,0,0,1,563.093,6183.815,1945144,1945472,0,1842120,1842120,0,12996
"a0201_fhwq3q.raw",1,0,255,0,0,1,541.386,6183.238,1945144,1945472,0,1842120,1842120,0,12996
"a0202_irq4vt.raw",1,0,255,0,0,1,575.504,6185.685,1945140,1945468,0,1842120,1842120,0,12996
"a0203_m4vpew.raw",1,0,255,0,0,1,527.140,6192.407,1945128,1945468,0,1842120,1842120,0,12996
"a0204_kpkjl1.raw",1,0,255,0,0,1,570.224,6180.279,1945140,1945468,0,1842120,1842120,0,12996
"a0205_cjopmr.raw",1,0,255,0,0,1,545.691,6178.436,1945140,1945468,0,1842120,1842120,0,12996
"a0206_grls61.raw",1,0,255,0,0,1,538.901,6185.836,1945140,1945496,0,1842120,1842120,0,12996
"a0207_zt4ggr.raw",1,0,255,0,0,1,554.381,6188.649,1945136,1945472,0,1842120,1842120,0,12996
"a0208_avivkh.raw",1,0,255,0,0,1,546.181,6183.116,1945144,1945472,0,1842120,1842120,0,12996
"a0209_mbpspx.raw",1,4,251,0,0,1,559.522,6181.831,1945144,1945472,0,1842120,1842120,0,12996
"a0210_kcvrv3.raw",1,0,255,0,0,1,536.322,6182.375,1945140,1945472,0,1842120,1842120,0,12996
"a0211_jpy47f.raw",1,12,243,0,0,1,533.600,6172.532,1945144,1945472,0,1842120,1842120,0,12996
"a0212_jimcuz.raw",1,254,1,1,0,0,506.788,6186.016,1945144,1945472,0,1842120,1842120,0,12996
"a0213_ne51o9.raw",1,30,225,0,0,1,541.636,6181.193,1945144,1945472,0,1842120,1842120,0,12996
"a0214_uajkl9.raw",1,0,255,0,0,1,533.334,6179.268,1945144,1945472,0,1842120,1842120,0,12996
"a0215_yxsy3c.raw",1,0,255,0,0,1,571.431,6187.510,1945144,1945472,0,1842120,1842120,0,12996
"a0216_w34qky.raw",1,0,255,0,0,1,542.579,6203.188,1945144,1945472,0,1842120,1842120,0,12996
"a0217_pqf42k.raw",1,0,255,0,0,1,524.339,6194.542,1945144,1945472,0,1842120,1842120,0,12996
"a0218_nsways.raw",1,0,255,0,0,1,617.126,6190.896,1945144,1945472,0,1842120,1842120,0,12996
"a0219_e0y8kf.raw",1,0,255,0,0,1,498.691,6199.402,1945144,1945472,0,1842120,1842120,0,12996
"a0220_sqnyow.raw",1,0,255,0,0,1,505.948,6192.139,1945144,1945468,0,1842120,1842120,0,12996
"a0221_zwdiwc.raw",1,4,251,0,0,1,473.125,6186.479,1945140,1945468,0,1842120,1842120,0,12996
"a0222_icjvhp.raw",1,0,255,0,0,1,507.902,6187.819,1945132,1945468,0,1842120,1842120,0,12996
"a0223_cvjnie.raw",1,0,255,0,0,1,524.230,6185.785,1945140,1945468,0,1842120,1842120,0,12996
"a0224_zbgdda.raw",1,0,255,0,0,1,561.276,6179.863,1945144,1945468,0,1842120,1842120,0,12996
"a0225_gvoddm.raw",1,0,255,0,0,1,520.364,6177.669,1945140,1945472,0,1842120,1842120,0,12996
"a0226_ajgork.raw",1,0,255,0,0,1,505.532,6183.246,1945144,1945472,0,1842120,1842120,0,12996
"a0227_hosyqe.raw",1,12,243,0,0,1,546.642,6180.530,1945140,1945472,0,1842120,1842120,0,12996
"a0228_beax1m.raw",1,0,255,0,0,1,538.157,6185.920,1945140,1945472,0,1842120,1842120,0,12996
"a0229_edkzub.raw",1,0,255,0,0,1,551.219,6184.024,1945140,1945472,0,1842120,1842120,0,12996
"a0230_hkndfz.raw",1,0,255,0,0,1,506.438,6183.007,1945144,1945472,0,1842120,1842120,0,12996
"a0231_dfkgjq.raw",1,68,187,0,0,1,498.031,6177.167,1945140,1945472,0,1842120,1842120,0,12996
"a0232_yxjqmf.raw",1,4,251,0,0,1,583.404,6185.959,1945132,1945472,0,1842120,1842120,0,12996
"a0233_pk87en.raw",1,0,255,0,0,1,570.915,6178.477,1945136,1945472,0,1842120,1842120,0,12996
"a0234_tzi0v2.raw",1,0,255,0,0,1,542.453,6173.689,1945144,1945472,0,1842120,1842120,0,12996
"a0235_n0quvm.raw",1,4,251,0,0,1,555.984,6182.923,1945144,1945472,0,1842120,1842120,0,12996
"a0236_ktgdmg.raw",1,1,254,0,0,1,557.949,6182.177,1945144,1945472,0,1842120,1842120,0,12996
"a0237_u2zqsb.raw",1,12,243,0,0,1,727.618,6177.173,1945140,1945472,0,1842120,1842120,0,12996
"a0238_lycwgz.raw",1,0,255,0,0,1,553.869,6176.925,1945140,1945472,0,1842120,1842120,0,12996
"a0239_deyj9t.raw",1,0,255,0,0,1,556.409,6188.345,1945132,1945472,0,1842120,1842120,0,12996
"a0240_ln1bk4.raw",1,225,30,1,0,0,535.022,6183.920,1945140,1945472,0,1842120,1842120,0,12996
"a0241_jbqsqk.raw",1,30,225,0,0,1,527.894,6187.009,1945144,1945472,0,1842120,1842120,0,12996
"a0242_emlbat.raw",1,4,251,0,0,1,554.769,6186.673,1945132,1945472,0,1842120,1842120,0,12996
"a0243_jgsndb.raw",1,0,255,0,0,1,516.096,6179.323,1945132,1945472,0,1842120,1842120,0,12996
"a0244_xvueor.raw",1,0,255,0,0,1,592.407,6188.375,1945140,1945472,0,1842120,1842120,0,12996
"a0245_artfzj.raw",1,0,255,0,0,1,589.866,6179.529,1945140,1945472,0,1842120,1842120,0,12996
"a0246_zilsnr.raw",1,0,255,0,0,1,550.253,6185.167,1945140,1945472,0,1842120,1842120,0,12996
"a0247_k09zly.raw",1,0,255,0,0,1,567.042,6185.077,1945144,1945468,0,1842120,1842120,0,12996
"a0248_jcgmcm.raw",1,0,255,0,0,1,517.259,6179.462,1945144,1945468,0,1842120,1842120,0,12996
"a0249_ryzzky.raw",1,0,255,0,0,1,507.621,6190.413,1945144,1945468,0,1842120,1842120,0,12996
"a0250_eilcen.raw",1,0,255,0,0,1,557.918,6183.663,1945136,1945468,0,1842120,1842120,0,12996
"a0251_gou8iz.raw",1,0,255,0,0,1,489.137,6188.633,1945140,1945496,0,1842120,1842120,0,12996
"a0252_g8rdu7.raw",1,0,255,0,0,1,538.143,6191.478,1945148,1945468,0,1842120,1842120,0,12996
"a0253_zrs5z5.raw",1,0,255,0,0,1,500.131,6190.521,1945140,1945468,0,1842120,1842120,0,12996
"a0254_duhhpx.raw",1,0,255,0,0,1,553.524,6183.522,1945136,1945468,0,1842120,1842120,0,12996
"a0255_snzsh6.raw",1,0,255,0,0,1,519.371,6201.527,1945136,1945468,0,1842120,1842120,0,12996
"a0256_tl0mch.raw",1,0,255,0,0,1,685.444,6190.150,1945140,1945468,0,1842120,1842120,0,12996
"a0257_ecnd4h.raw",1,0,255,0,0,1,538.120,6188.242,1945140,1945468,0,1842120,1842120,0,12996
"a0258_k3844w.raw",1,0,255,0,0,1,539.243,6179.681,1945140,1945468,0,1842120,1842120,0,12996
"a0259_yprawt.raw",1,0,255,0,0,1,503.048,6182.940,1945140,1945468,0,1842120,1842120,0,12996
"a0260_c5y9zb.raw",1,0,255,0,0,1,513.511,6193.593,1945140,1945468,0,1842120,1842120,0,12996
"a0261_vb7hzl.raw",1,12,243,0,0,1,538.050,6189.408,1945132,1945468,0,1842120,1842120,0,12996
"a0262_ls88bb.raw",1,0,255,0,0,1,504.517,6183.321,1945140,1945468,0,1842120,1842120,0,12996
"a0263_klkxph.raw",1,0,255,0,0,1,505.538,6197.233,1945136,1945468,0,1842120,1842120,0,12996
"a0264_cni2ln.raw",1,0,255,0,0,1,516.785,6191.584,1945140,1945468,0,1842120,1842120,0,12996
"a0265_hjrfb7.raw",1,0,255,0,0,1,561.806,6177.406,1945128,1945456,0,1842120,1842120,0,12996
"a0266_zd7nqm.raw",1,0,255,0,0,1,511.138,6181.193,1945128,1945456,0,1842120,1842120,0,12996
"a0267_rvg9bm.raw",1,0,255,0,0,1,536.768,6189.080,1945128,1945456,0,1842120,1842120,0,12996
"a0268_ol9uxv.raw",1,0,255,0,0,1,501.484,6188.122,1945128,1945456,0,1842120,1842120,0,12996
"a0269_rijhyf.raw",1,0,255,0,0,1,544.924,6181.298,1945124,1945456,0,1842120,1842120,0,12996
"a0270_agqlwh.raw",1,0,255,0,0,1,531.307,6185.422,1945116,1945456,0,1842120,1842120,0,12996
"a0271_a00g3l.raw",1,0,255,0,0,1,508.305,6186.466,1945128,1945456,0,1842120,1842120,0,12996
"a0272_uwcqou.raw",1,0,255,0,0,1,552.750,6189.380,1945124,1945456,0,1842120,1842120,0,12996
"a0273_ey4uyg.raw",1,0,255,0,0,1,608.677,6192.939,1945132,1945464,0,1842120,1842120,0,12996
"a0274_rbiyxi.raw",1,0,255,0,0,1,524.600,6183.761,1945136,1945464,0,1842120,1842120,0,12996
"a0275_fgksxn.raw",1,0,255,0,0,1,505.022,6186.818,1945136,1945464,0,1842120,1842120,0,12996
"a0276_obkijn.raw",1,0,255,0,0,1,566.730,6174.983,1945132,1945464,0,1842120,1842120,0,12996
"a0277_bf7ihi.raw",1,0,255,0,0,1,516.929,6193.139,1945124,1945464,0,1842120,1842120,0,12996
"a0278_e6witx.raw",1,0,255,0,0,1,516.610,6188.641,1945132,1945464,0,1842120,1842120,0,12996
"a0279_dgrnno.raw",1,0,255,0,0,1,571.992,6184.255,1945128,1945464,0,1842120,1842120,0,12996
"a0280_xwfgrz.raw",1,0,255,0,0,1,507.707,6191.986,1945136,1945464,0,1842120,1842120,0,12996
"a0281_wvnftg.raw",1,0,255,0,0,1,529.890,6186.988,1945128,1945464,0,1842120,1842120,0,12996
"a0282_neuqgk.raw",1,0,255,0,0,1,524.653,6188.052,1945128,1945476,0,1842120,1842120,0,12996
"a0283_ed9ybp.raw",1,1,254,0,0,1,519.952,6191.488,1945148,1945476,0,1842120,1842120,0,12996
"a0284_l2pshn.raw",1,0,255,0,0,1,500.104,6183.107,1945148,1945476,0,1842120,1842120,0,12996
"a0285_czrrzg.raw",1,0,255,0,0,1,538.844,6184.519,1945144,1945476,0,1842120,1842120,0,12996
"a0286_ptumns.raw",1,0,255,0,0,1,595.820,6181.485,1945132,1945464,0,1842120,1842120,0,12996
"a0287_eehsa2.raw",1,0,255,0,0,1,547.248,6193.568,1945132,1945464,0,1842120,1842120,0,12996
"a0288_fmukvl.raw",1,0,255,0,0,1,699.040,6187.741,1945132,1945464,0,1842120,1842120,0,12996
"a0289_l9cwjl.raw",1,0,255,0,0,1,597.578,6185.623,1945128,1945460,0,1842120,1842120,0,12996
"a0290_yvjttp.raw",1,0,255,0,0,1,542.975,6194.482,1945120,1945448,0,1842120,1842120,0,12996
"a0291_xwtzfw.raw",1,0,255,0,0,1,576.947,6190.263,1945104,1945432,0,1842120,1842120,0,12996
"a0292_mfxjuh.raw",1,0,255,0,0,1,584.440,6197.641,1945100,1945432,0,1842120,1842120,0,12996
"a0293_rws1fy.raw",1,0,255,0,0,1,821.331,6185.215,1945100,1945432,0,1842120,1842120,0,12996
"a0294_amp8ud.raw",1,0,255,0,0,1,566.069,6185.222,1945100,1945432,0,1842120,1842120,0,12996
"a0295_gdssqr.raw",1,0,255,0,0,1,507.468,6194.312,1945100,1945432,0,1842120,1842120,0,12996
"a0296_cbjusq.raw",1,0,255,0,0,1,508.367,6192.363,1945108,1945460,0,1842120,1842120,0,12996
"a0297_bi3qaq.raw",1,0,255,0,0,1,537.747,6180.580,1945112,1945436,0,1842120,1842120,0,12996
"a0298_snhzju.raw",1,0,255,0,0,1,526.860,6196.832,1945104,1945436,0,1842120,1842120,0,12996
"a0299_wvgl0v.raw",1,0,255,0,0,1,516.315,6194.687,1945100,1945436,0,1842120,1842120,0,12996
"a0300_m3senv.raw",1,0,255,0,0,1,490.861,6186.464,1945100,1945436,0,1842120,1842120,0,12996
"a0301_uli8mh.raw",1,0,255,0,0,1,537.623,6187.585,1945104,1945436,0,1842120,1842120,0,12996
"a0302_vc4qix.raw",1,0,255,0,0,1,507.014,6190.774,1945104,1945436,0,1842120,1842120,0,12996
"a0303_cuf6xn.raw",1,0,255,0,0,1,506.241,6196.336,1945100,1945448,0,1842120,1842120,0,12996
"a0304_fwwn3g.raw",1,0,255,0,0,1,516.019,6188.199,1945112,1945448,0,1842120,1842120,0,12996
"a0305_fmqlfv.raw",1,0,255,0,0,1,499.408,6185.464,1945112,1945448,0,1842120,1842120,0,12996
"a0306_ulbssu.raw",1,0,255,0,0,1,652.491,6196.685,1945116,1945452,0,1842120,1842120,0,12996
"a0307_hebntn.raw",1,0,255,0,0,1,646.786,6185.795,1945116,1945460,0,1842120,1842120,0,12996
"a0308_a3dpi0.raw",1,0,255,0,0,1,512.838,6195.143,1945132,1945472,0,1842120,1842120,0,12996
"a0309_hwfzr3.raw",1,0,255,0,0,1,529.802,6199.909,1945140,1945472,0,1842120,1842120,0,12996
"a0310_xnncrg.raw",1,0,255,0,0,1,542.416,6184.458,1945140,1945472,0,1842120,1842120,0,12996
"a0311_yeksvg.raw",1,0,255,0,0,1,519.545,6185.458,1945144,1945472,0,1842120,1842120,0,12996
"a0312_hg3seh.raw",1,0,255,0,0,1,608.678,6193.871,1945144,1945472,0,1842120,1842120,0,12996
"a0313_qmcgor.raw",1,12,243,0,0,1,502.941,6191.299,1945140,1945472,0,1842120,1842120,0,12996
"a0314_qn2tkn.raw",1,0,255,0,0,1,549.239,6186.438,1945144,1945468,0,1842120,1842120,0,12996
"a0315_gzqrrt.raw",1,0,255,0,0,1,508.956,6190.450,1945136,1945468,0,1842120,1842120,0,12996
"a0316_wy1qyy.raw",1,0,255,0,0,1,532.203,6193.899,1945136,1945472,0,1842120,1842120,0,12996
"a0317_sncbpq.raw",1,1,254,0,0,1,4733.098,6197.960,1945140,1945472,0,1842120,1842120,0,12996
"a0318_cwzoi8.raw",1,0,255,0,0,1,524.361,6196.139,1945140,1945472,0,1842120,1842120,0,12996
"a0319_ghigad.raw",1,0,255,0,0,1,511.487,6188.208,1945140,1945472,0,1842120,1842120,0,12996
"a0320_yzr3ed.raw",1,0,255,0,0,1,508.152,6179.577,1945140,1945472,0,1842120,1842120,0,12996
"a0321_autrsj.raw",1,0,255,0,0,1,533.053,6209.758,1945144,1945472,0,1842120,1842120,0,12996
"a0322_ybf4bi.raw",1,12,243,0,0,1,560.431,6190.207,1945144,1945472,0,1842120,1842120,0,12996
"a0323_gejwiv.raw",1,0,255,0,0,1,534.809,6188.410,1945144,1945472,0,1842120,1842120,0,12996
"a0324_qe07mh.raw",1,0,255,0,0,1,570.597,6187.076,1945136,1945468,0,1842120,1842120,0,12996
"a0325_hqewpd.raw",1,0,255,0,0,1,505.475,6184.794,1945128,1945468,0,1842120,1842120,0,12996
"a0326_b0apf0.raw",1,0,255,0,0,1,499.843,6182.074,1945128,1945468,0,1842120,1842120,0,12996
"a0327_psfuag.raw",1,68,187,0,0,1,528.274,6188.205,1945140,1945468,0,1842120,1842120,0,12996
"a0328_y3tnna.raw",1,0,255,0,0,1,577.198,6184.958,1945140,1945468,0,1842120,1842120,0,12996
"a0329_tt1jeo.raw",1,0,255,0,0,1,544.709,6184.443,1945140,1945468,0,1842120,1842120,0,12996
"a0330_w42viz.raw",1,0,255,0,0,1,518.875,6181.853,1945128,1945468,0,1842120,1842120,0,12996
"a0331_pstkz0.raw",1,0,255,0,0,1,740.939,6188.724,1945128,1945468,0,1842120,1842120,0,12996
"a0332_mlywvc.raw",1,0,255,0,0,1,520.457,6184.623,1945128,1945468,0,1842120,1842120,0,12996
"a0333_mntmbr.raw",1,0,255,0,0,1,573.760,6185.065,1945128,1945468,0,1842120,1842120,0,12996
"a0334_hh8lbt.raw",1,0,255,0,0,1,560.436,6185.418,1945136,1945472,0,1842120,1842120,0,12996
"a0335_lj2th9.raw",1,0,255,0,0,1,493.447,6186.811,1945144,1945472,0,1842120,1842120,0,12996
"a0336_rbou7p.raw",1,0,255,0,0,1,515.876,6196.308,1945144,1945472,0,1842120,1842120,0,12996
"a0337_ne0tny.raw",1,0,255,0,0,1,507.880,6188.063,1945140,1945472,0,1842120,1842120,0,12996
"a0338_pih7ys.raw",1,0,255,0,0,1,499.155,6189.754,1945144,1945496,0,1842120,1842120,0,12996
"a0339_relvff.raw",1,0,255,0,0,1,592.875,6198.925,1945148,1945472,0,1842120,1842120,0,12996
"a0340_xhnbwm.raw",1,0,255,0,0,1,519.850,6198.698,1945120,1945460,0,1842120,1842120,0,12996
"a0341_gjtu0s.raw",1,0,255,0,0,1,523.742,6197.631,1945120,1945460,0,1842120,1842120,0,12996
"a0342_cyuqlc.raw",1,0,255,0,0,1,519.105,6194.550,1945120,1945460,0,1842120,1842120,0,12996
"a0343_izq4tl.raw",1,0,255,0,0,1,537.611,6179.129,1945132,1945460,0,1842120,1842120,0,12996
"a0344_rkf6lh.raw",1,0,255,0,0,1,546.167,6193.205,1945120,1945460,0,1842120,1842120,0,12996
"a0345_hlud7p.raw",1,0,255,0,0,1,513.073,6186.193,1945136,1945460,0,1842120,1842120,0,12996
"a0346_rw1jth.raw",1,0,255,0,0,1,542.898,6188.660,1945128,1945460,0,1842120,1842120,0,12996
"a0347_ckscd3.raw",1,0,255,0,0,1,518.036,6191.039,1945132,1945460,0,1842120,1842120,0,12996
"a0348_kax7ko.raw",1,0,255,0,0,1,516.961,6186.467,1945132,1945460,0,1842120,1842120,0,12996
"a0349_ufa15g.raw",1,0,255,0,0,1,506.692,6194.640,1945132,1945456,0,1842120,1842120,0,12996
"a0350_vxnkox.raw",1,4,251,0,0,1,509.888,6181.831,1945124,1945456,0,1842120,1842120,0,12996
"a0351_mztyty.raw",1,0,255,0,0,1,496.900,6195.132,1945132,1945456,0,1842120,1842120,0,12996
"a0352_ssssf5.raw",1,0,255,0,0,1,527.471,6193.836,1945124,1945456,0,1842120,1842120,0,12996
"a0353_ekcswn.raw",1,0,255,0,0,1,557.216,6197.262,1945128,1945456,0,1842120,1842120,0,12996
"a0354_mozps1.raw",1,12,243,0,0,1,507.245,6187.443,1945124,1945456,0,1842120,1842120,0,12996
"a0355_e8krxs.raw",1,0,255,0,0,1,687.742,6190.938,1945124,1945456,0,1842120,1842120,0,12996
"a0356_hyiott.raw",1,1,254,0,0,1,494.881,6188.960,1945124,1945456,0,1842120,1842120,0,12996
"a0357_efrban.raw",1,0,255,0,0,1,709.900,6187.236,1945128,1945468,0,1842120,1842120,0,12996
"a0358_a6ukmk.raw",1,4,251,0,0,1,516.339,6189.683,1945128,1945468,0,1842120,1842120,0,12996
"a0359_uy7niw.raw",1,0,255,0,0,1,592.732,6177.657,1945140,1945468,0,1842120,1842120,0,12996
"a0360_ya0ihl.raw",1,68,187,0,0,1,512.693,6185.486,1945148,1945468,0,1842120,1842120,0,12996
"a0361_mskx0o.raw",1,4,251,0,0,1,554.040,6185.461,1945144,1945468,0,1842120,1842120,0,12996
"a0362_e7v87k.raw",1,0,255,0,0,1,512.755,6182.465,1945140,1945468,0,1842120,1842120,0,12996
"a0363_utqzrc.raw",1,0,255,0,0,1,513.803,6187.273,1945136,1945468,0,1842120,1842120,0,12996
"a0364_wtolk5.raw",1,0,255,0,0,1,600.363,6204.631,1945128,1945468,0,1842120,1842120,0,12996
"a0365_brwton.raw",1,1,254,0,0,1,536.507,6202.120,1945136,1945468,0,1842120,1842120,0,12996
"a0366_aszhel.raw",1,0,255,0,0,1,552.011,6191.727,1945132,1945468,0,1842120,1842120,0,12996
"a0367_iqzcw7.raw",1,0,255,0,0,1,518.866,6206.370,1945140,1945468,0,1842120,1842120,0,12996
"a0368_ywq7qy.raw",1,0,255,0,0,1,531.428,6205.355,1945140,1945468,0,1842120,1842120,0,12996
"a0369_h6dlbk.raw",1,0,255,0,0,1,591.391,6185.965,1945140,1945468,0,1842120,1842120,0,12996
"a0370_e50gdu.raw",1,0,255,0,0,1,548.332,6190.432,1945128,1945468,0,1842120,1842120,0,12996
"a0371_tmswzg.raw",1,30,225,0,0,1,534.818,6187.957,1945136,1945468,0,1842120,1842120,0,12996
"a0372_dweigx.raw",1,0,255,0,0,1,552.451,6191.784,1945128,1945468,0,1842120,1842120,0,12996
"a0373_q2cyb8.raw",1,128,128,-1,0,0,547.496,6192.385,1945140,1945468,0,1842120,1842120,0,12996
"a0374_oarx5d.raw",1,0,255,0,0,1,547.862,6187.240,1945136,1945468,0,1842120,1842120,0,12996
"a0375_gusroz.raw",1,0,255,0,0,1,655.160,6192.537,1945116,1945456,0,1842120,1842120,0,12996
"a0376_m1fxpo.raw",1,1,254,0,0,1,535.989,6187.940,1945116,1945456,0,1842120,1842120,0,12996
"a0377_ifo97c.raw",1,4,251,0,0,1,561.585,6191.213,1945124,1945456,0,1842120,1842120,0,12996
"a0378_fik4u6.raw",1,0,255,0,0,1,487.630,6196.890,1945124,1945460,0,1842120,1842120,0,12996
"a0379_gw8z6g.raw",1,0,255,0,0,1,541.474,6188.890,1945128,1945460,0,1842120,1842120,0,12996
"a0380_lp7x8s.raw",1,0,255,0,0,1,517.083,6188.323,1945116,1945460,0,1842120,1842120,0,12996
"a0381_wio2x9.raw",1,4,251,0,0,1,570.950,6184.850,1945124,1945460,0,1842120,1842120,0,12996
"a0382_bfgu3h.raw",1,0,255,0,0,1,550.111,6185.458,1945132,1945456,0,1842120,1842120,0,12996
"a0383_ne5pb0.raw",1,0,255,0,0,1,519.182,6181.116,1945128,1945484,0,1842120,1842120,0,12996
"a0384_yurynn.raw",1,4,251,0,0,1,527.190,6175.266,1945136,1945460,0,1842120,1842120,0,12996
"a0385_k94gtl.raw",1,30,225,0,0,1,577.538,6189.948,1945132,1945460,0,1842120,1842120,0,12996
"a0386_zhu1uu.raw",1,68,187,0,0,1,527.069,6187.556,1945128,1945460,0,1842120,1842120,0,12996
"a0387_eyzakq.raw",1,4,251,0,0,1,507.206,6181.513,1945132,1945460,0,1842120,1842120,0,12996
"a0388_skrfsx.raw",1,187,68,1,0,0,526.488,6180.157,1945128,1945460,0,1842120,1842120,0,12996
"a0389_cdwqt5.raw",1,0,255,0,0,1,552.265,6184.900,1945132,1945460,0,1842120,1842120,0,12996
"a0390_vefwrh.raw",1,1,254,0,0,1,522.562,6175.302,1945128,1945460,0,1842120,1842120,0,12996
"a0391_ynqs8w.raw",1,30,225,0,0,1,542.376,6180.834,1945132,1945464,0,1842120,1842120,0,12996
"a0392_kkdykz.raw",1,0,255,0,0,1,510.237,6172.723,1945128,1945468,0,1842120,1842120,0,12996
"a0393_adm5xz.raw",1,0,255,0,0,1,521.752,6175.940,1945140,1945468,0,1842120,1842120,0,12996
"a0394_xo3wmq.raw",1,0,255,0,0,1,526.391,6183.123,1945136,1945468,0,1842120,1842120,0,12996
"a0395_elaeka.raw",1,0,255,0,0,1,573.415,6175.554,1945120,1945468,0,1842120,1842120,0,12996
"a0396_irvlsi.raw",1,30,225,0,0,1,518.336,6177.886,1945140,1945468,0,1842120,1842120,0,12996
"a0397_bavjyv.raw",1,0,255,0,0,1,527.367,6174.804,1945140,1945468,0,1842120,1842120,0,12996
"a0398_qdxpcm.raw",1,30,225,0,0,1,543.541,6177.230,1945140,1945468,0,1842120,1842120,0,12996
"a0399_xbysfr.raw",1,4,251,0,0,1,517.881,6179.523,1945140,1945468,0,1842120,1842120,0,12996
"a0400_tskj33.raw",1,0,255,0,0,1,547.606,6193.938,1945136,1945464,0,1842120,1842120,0,12996
"a0401_zxpxkv.raw",1,1,254,0,0,1,609.152,6168.618,1945136,1945464,0,1842120,1842120,0,12996
"a0402_bfbuwq.raw",1,0,255,0,0,1,536.028,6162.863,1945136,1945460,0,1842120,1842120,0,12996
"a0403_aj20fw.raw",1,0,255,0,0,1,553.928,6177.413,1945128,1945464,0,1842120,1842120,0,12996
"a0404_pmyywf.raw",1,0,255,0,0,1,541.149,6150.188,1945136,1945464,0,1842120,1842120,0,12996
"a0405_z2vo4z.raw",1,1,254,0,0,1,527.327,6149.677,1945136,1945464,0,1842120,1842120,0,12996
"a0406_dilr56.raw",1,1,254,0,0,1,506.666,6146.726,1945136,1945464,0,1842120,1842120,0,12996
"a0407_n23xab.raw",1,4,251,0,0,1,501.907,6143.489,1945136,1945464,0,1842120,1842120,0,12996
"a0408_pnh30f.raw",1,187,68,1,0,0,507.349,6144.802,1945136,1945464,0,1842120,1842120,0,12996
"a0409_jz7fsx.raw",1,128,128,-1,0,0,501.957,6140.110,1945136,1945252,0,1842120,1842120,0,12996
"a0410_eyyshb.raw",1,4,251,0,0,1,492.168,6140.790,1945144,1945472,0,1842120,1842120,0,12996
"a0411_ivfjal.raw",1,0,255,0,0,1,507.799,6171.654,1945140,1945472,0,1842120,1842120,0,12996
"a0412_nabmfn.raw",1,1,254,0,0,1,508.451,6159.902,1945128,1945472,0,1842120,1842120,0,12996
"a0413_gkh0aj.raw",1,0,255,0,0,1,547.863,6154.100,1945144,1945464,0,1842120,1842120,0,12996
"a0414_uib6fx.raw",1,1,254,0,0,1,495.605,6155.989,1945132,1945252,0,1842120,1842120,0,12996
"a0415_pmkd1b.raw",1,30,225,0,0,1,537.820,6160.199,1945124,1945464,0,1842120,1842120,0,12996
"a0416_xleknl.raw",1,30,225,0,0,1,530.094,6151.240,1945132,1945252,0,1842120,1842120,0,12996
"a0417_eyobc6.raw",1,4,251,0,0,1,514.290,6148.590,1945136,1945468,0,1842120,1842120,0,12996
"a0418_tcunvq.raw",1,68,187,0,0,1,496.901,6138.632,1945136,1945256,0,1842120,1842120,0,12996
"a0419_kiw6cu.raw",1,0,255,0,0,1,513.077,6146.620,1945136,1945256,0,1842120,1842120,0,12996
"a0420_f5zypq.raw",1,0,255,0,0,1,589.344,6134.855,1945132,1945256,0,1842120,1842120,0,12996
"a0421_btxrs5.raw",1,4,251,0,0,1,477.044,6150.330,1945132,1945256,0,1842120,1842120,0,12996
"a0422_k7og1c.raw",1,1,254,0,0,1,482.833,6134.720,1945140,1945256,0,1842120,1842120,0,12996
"a0423_q0gp9y.raw",1,30,225,0,0,1,495.613,6152.245,1944924,1945256,0,1842120,1842120,0,12996
"a0424_iqpyaf.raw",1,12,243,0,0,1,491.133,6162.109,1945140,1945256,0,1842120,1842120,0,12996
"a0425_njco0n.raw",1,12,243,0,0,1,520.887,6145.577,1945140,1945256,0,1842120,1842120,0,12996
"a0426_cxdnij.raw",1,0,255,0,0,1,496.083,6154.951,1944920,1945252,0,1842120,1842120,0,12996
"a0427_rag1kt.raw",1,4,251,0,0,1,581.979,6151.143,1945136,1945252,0,1842120,1842120,0,12996
"a0428_njrrll.raw",1,0,255,0,0,1,524.289,6151.982,1945124,1945280,0,1842120,1842120,0,12996
"a0429_aecy13.raw",1,0,255,0,0,1,517.967,6154.165,1945144,1945252,0,1842120,1842120,0,12996
"a0430_z635ag.raw",1,0,255,0,0,1,534.077,6143.910,1945136,1945252,0,1842120,1842120,0,12996
"a0431_gkfosz.raw",1,0,255,0,0,1,516.099,6150.834,1813852,1814180,0,1711048,1711048,0,12996
"a0432_tivk7v.raw",1,0,255,0,0,1,879.447,6147.968,1814064,1814392,0,1711048,1711048,0,12996
"a0433_ncbqdq.raw",1,0,255,0,0,1,563.043,6137.688,1814064,1814180,0,1711048,1711048,0,12996
"a0434_ep6no7.raw",1,255,0,1,0,0,508.977,6145.087,1814072,1814392,0,1711048,1711048,0,12996
"a0435_dpxauv.raw",1,0,255,0,0,1,501.504,6144.227,1814056,1814180,0,1711048,1711048,0,12996
"a0436_pga3xo.raw",1,12,243,0,0,1,479.399,6167.447,1814064,1814180,0,1711048,1711048,0,12996
"a0437_btzm2d.raw",1,0,255,0,0,1,548.403,6169.753,1814072,1814392,0,1711048,1711048,0,12996
"a0438_opm3it.raw",1,4,251,0,0,1,538.503,6171.548,1814064,1814180,0,1711048,1711048,0,12996
"a0439_cd87fj.raw",1,225,30,1,0,0,600.837,6178.948,1814064,1814392,0,1711048,1711048,0,12996
"a0440_acyc6p.raw",1,0,255,0,0,1,523.298,6169.747,1814052,1814392,0,1711048,1711048,0,12996
"a0441_ytxgcy.raw",1,0,255,0,0,1,536.629,6168.413,1814056,1814392,0,1711048,1711048,0,12996
"a0442_xspmhr.raw",1,0,255,0,0,1,536.947,6169.112,1814056,1814392,0,1711048,1711048,0,12996
"a0443_cdcvwu.raw",1,1,254,0,0,1,535.260,6161.104,1814056,1814396,0,1711048,1711048,0,12996
"a0444_j6y02a.raw",1,1,254,0,0,1,558.248,6158.902,1814060,1814396,0,1711048,1711048,0,12996
"a0445_aibcf1.raw",1,0,255,0,0,1,545.070,6153.264,1814056,1814396,0,1711048,1711048,0,12996
"a0446_ciqbyy.raw",1,0,255,0,0,1,554.705,6180.220,1814068,1814396,0,1711048,1711048,0,12996
"a0447_mt29xi.raw",1,0,255,0,0,1,540.544,6167.545,1814068,1814396,0,1711048,1711048,0,12996
"a0448_pqutrh.raw",1,0,255,0,0,1,526.504,6167.339,1814068,1814396,0,1711048,1711048,0,12996
"a0449_wtugor.raw",1,0,255,0,0,1,622.018,6162.584,1814064,1814396,0,1711048,1711048,0,12996
"a0450_us5s4a.raw",1,0,255,0,0,1,503.015,6165.318,1814056,1814396,0,1711048,1711048,0,12996
"a0451_jblp9q.raw",1,0,255,0,0,1,552.327,6168.240,1814068,1814396,0,1711048,1711048,0,12996
"a0452_dgfibu.raw",1,0,255,0,0,1,522.434,6158.319,1814064,1814396,0,1711048,1711048,0,12996
"a0453_ssx81x.raw",1,1,254,0,0,1,565.644,6165.905,1814076,1814396,0,1711048,1711048,0,12996
"a0454_fihwzz.raw",1,0,255,0,0,1,548.948,6163.780,1814056,1814396,0,1711048,1711048,0,12996
"a0455_f1v08x.raw",1,0,255,0,0,1,598.957,6155.561,1814068,1814396,0,1711048,1711048,0,12996
"a0456_jbbytw.raw",1,0,255,0,0,1,574.305,6159.996,1814064,1814396,0,1711048,1711048,0,12996
"a0457_rvidg3.raw",1,0,255,0,0,1,585.858,6162.450,1814068,1814396,0,1711048,1711048,0,12996
"a0458_ncuapq.raw",1,0,255,0,0,1,598.833,6164.439,1814068,1814396,0,1711048,1711048,0,12996
"a0459_n0bre1.raw",1,0,255,0,0,1,521.791,6155.148,1814064,1814396,0,1711048,1711048,0,12996
"a0460_vnexx0.raw",1,0,255,0,0,1,575.784,6149.718,1814068,1814400,0,1711048,1711048,0,12996
"a0461_iapxlr.raw",1,0,255,0,0,1,528.068,6157.968,1814068,1814400,0,1711048,1711048,0,12996
"a0462_h8twiu.raw",1,0,255,0,0,1,527.668,6168.437,1814068,1814400,0,1711048,1711048,0,12996
"a0463_mhfiyh.raw",1,12,243,0,0,1,586.950,6161.820,1814068,1814400,0,1711048,1711048,0,12996
"a0464_x53o1v.raw",1,0,255,0,0,1,579.073,6158.691,1814072,1814400,0,1711048,1711048,0,12996
"a0465_ec97ce.raw",1,0,255,0,0,1,615.606,6160.118,1814068,1814400,0,1711048,1711048,0,12996
"a0466_txwy5x.raw",1,0,255,0,0,1,570.030,6158.352,1814072,1814400,0,1711048,1711048,0,12996
"a0467_wcwcy1.raw",1,0,255,0,0,1,555.073,6168.186,1814072,1814400,0,1711048,1711048,0,12996
"a0468_bvpuar.raw",1,0,255,0,0,1,557.658,6149.091,1814068,1814400,0,1711048,1711048,0,12996
"a0469_iginmo.raw",1,12,243,0,0,1,564.913,6167.463,1814072,1814400,0,1711048,1711048,0,12996
"a0470_dgvbr5.raw",1,0,255,0,0,1,538.023,6163.763,1814072,1814404,0,1711048,1711048,0,12996
"a0471_tymfzy.raw",1,0,255,0,0,1,560.944,6161.547,1814072,1814404,0,1711048,1711048,0,12996
"a0472_qovckd.raw",1,0,255,0,0,1,520.291,6162.729,1814076,1814404,0,1711048,1711048,0,12996
"a0473_t1qzgj.raw",1,0,255,0,0,1,575.434,6171.145,1814068,1814424,0,1711048,1711048,0,12996
"a0474_f1fjub.raw",1,0,255,0,0,1,1083.685,6171.517,1814072,1814616,0,1711048,1711048,0,12996
"a0475_x17tls.raw",1,0,255,0,0,1,844.387,6153.796,1814280,1814828,0,1711048,1711048,0,12996
"a0476_drui7y.raw",1,0,255,0,0,1,797.855,6167.166,1814488,1815060,0,1711048,1711048,0,12996
"a0477_xehlxc.raw",1,187,68,1,0,0,862.324,6169.946,1814712,1815252,0,1711048,1711048,0,12996
"a0478_pq1mjn.raw",1,0,255,0,0,1,795.790,6170.223,1814920,1815464,0,1711048,1711048,0,12996
"a0479_utpr3r.raw",1,4,251,0,0,1,876.988,6163.359,1815136,1815696,0,1711048,1711048,0,12996
"a0480_nluqsp.raw",1,30,225,0,0,1,939.594,6162.680,1815344,1815888,0,1711048,1711048,0,12996
"a0481_d6enwf.raw",1,12,243,0,0,1,775.189,6173.177,1815556,1816100,0,1711048,1711048,0,12996
"a0482_ilzi6s.raw",1,0,255,0,0,1,871.999,6174.033,1815772,1816332,0,1711048,1711048,0,12996
"a0483_y7mohq.raw",1,1,254,0,0,1,765.939,6172.014,1815980,1816524,0,1711048,1711048,0,12996
"a0484_ef6jfj.raw",1,0,255,0,0,1,903.832,6156.565,1816196,1816736,0,1711048,1711048,0,12996
"a0485_i4zqb5.raw",1,0,255,0,0,1,884.617,6159.666,1816404,1816968,0,1711048,1711048,0,12996
"a0486_y3nchs.raw",1,0,255,0,0,1,882.610,6166.368,1816620,1817160,0,1711048,1711048,0,12996
"a0487_rsqfdb.raw",1,0,255,0,0,1,860.311,6172.664,1816828,1817372,0,1711048,1711048,0,12996
"a0488_cmhvem.raw",1,0,255,0,0,1,884.951,6170.835,1817040,1817604,0,1711048,1711048,0,12996
"a0489_qjhusp.raw",1,0,255,0,0,1,990.463,6174.891,1817256,1817788,0,1711048,1711048,0,12996
"a0490_rrkrzr.raw",1,0,255,0,0,1,856.793,6169.075,1817460,1818028,0,1711048,1711048,0,12996
"a0491_mdyrqw.raw",1,0,255,0,0,1,1182.326,6173.596,1817672,1818048,0,1711048,1711048,0,12964
"a0492_odjwal.raw",1,0,255,0,0,1,877.891,6166.299,1817668,1818028,0,1711048,1711048,0,12964
"a0493_qlzfzy.raw",1,0,255,0,0,1,986.178,6178.389,1817680,1818028,0,1711048,1711048,0,12964
"a0494_itdnei.raw",1,0,255,0,0,1,936.073,6170.363,1817672,1818048,0,1711048,1711048,0,12964
"a0495_yv6xrp.raw",1,0,255,0,0,1,995.482,6168.277,1817664,1818028,0,1711048,1711048,0,12964
"a0496_ajmtaz.raw",1,12,243,0,0,1,952.364,6176.684,1817672,1818028,0,1711048,1711048,0,12964
"a0497_ddab9f.raw",1,0,255,0,0,1,838.449,6179.040,1817676,1818048,0,1711048,1711048,0,12964
"a0498_we22f9.raw",1,4,251,0,0,1,865.934,6184.443,1817664,1818028,0,1711048,1711048,0,12964
"a0499_rwv63j.raw",1,0,255,0,0,1,757.618,6177.889,1817676,1818028,0,1711048,1711048,0,12964
"a0500_wnfhhn.raw",1,0,255,0,0,1,874.106,6180.848,1817676,1818048,0,1711048,1711048,0,12964
"a0501_vdeng8.raw",1,0,255,0,0,1,854.800,6178.047,1817664,1818028,0,1711048,1711048,0,12964
"a0502_l1nrsi.raw",1,1,254,0,0,1,768.136,6195.216,1817680,1818028,0,1711048,1711048,0,12964
"a0503_yciwk7.raw",1,0,255,0,0,1,852.595,6185.813,1817676,1818048,0,1711048,1711048,0,12964
"a0504_t5yaii.raw",1,0,255,0,0,1,854.043,6182.822,1817664,1818028,0,1711048,1711048,0,12964
"a0505_ntf7d7.raw",1,1,254,0,0,1,856.603,6188.440,1817676,1818028,0,1711048,1711048,0,12964
"a0506_lvoq8i.raw",1,68,187,0,0,1,755.649,6190.571,1817672,1818048,0,1711048,1711048,0,12964
"a0507_wxvyq0.raw",1,12,243,0,0,1,1059.355,6179.761,1817664,1818028,0,1711048,1711048,0,12964
"a0508_hhrsyn.raw",1,30,225,0,0,1,988.940,6182.550,1817672,1818028,0,1711048,1711048,0,12964
"a0509_dcjswu.raw",1,1,254,0,0,1,838.762,6192.295,1817672,1818048,0,1711048,1711048,0,12964
"a0510_cmenkd.raw",1,251,4,1,0,0,842.143,6193.866,1817668,1818028,0,1711048,1711048,0,12964
"a0511_scur8z.raw",1,0,255,0,0,1,876.991,6179.613,1817676,1818028,0,1711048,1711048,0,12964
"a0512_w9c2sj.raw",1,0,255,0,0,1,974.830,6187.052,1817672,1818048,0,1711048,1711048,0,12964
"a0513_xqp4r5.raw",1,0,255,0,0,1,832.294,6178.813,1817668,1818028,0,1711048,1711048,0,12964
"a0514_sbdvnj.raw",1,12,243,0,0,1,896.581,6186.040,1817676,1818028,0,1711048,1711048,0,12964
"a0515_as3vgi.raw",1,187,68,1,0,0,808.011,6179.990,1817680,1818048,0,1711048,1711048,0,12964
"a0516_nck4nk.raw",1,0,255,0,0,1,533.730,6184.896,1817664,1817776,0,1711048,1711048,0,12964
"a0517_wdvfet.raw",1,0,255,0,0,1,512.464,6186.011,1817444,1817564,0,1711048,1711048,0,12964
"a0518_axs6q3.raw",1,0,255,0,0,1,521.344,6173.430,1817236,1817352,0,1711048,1711048,0,12964
"a0519_mne2yx.raw",1,0,255,0,0,1,544.416,6161.922,1817020,1817140,0,1711048,1711048,0,12964
"a0520_xnp6dj.raw",1,0,255,0,0,1,548.032,6173.787,1816812,1816928,0,1711048,1711048,0,12964
"a0521_hnvoqg.raw",1,0,255,0,0,1,487.283,6180.174,1816596,1816716,0,1711048,1711048,0,12964
"a0522_ksetdo.raw",1,0,255,0,0,1,509.138,6163.065,1816384,1816504,0,1711048,1711048,0,12964
"a0523_fzkjoj.raw",1,0,255,0,0,1,473.043,6159.338,1816172,1816292,0,1711048,1711048,0,12964
"a0524_ctltpm.raw",1,0,255,0,0,1,556.510,6166.786,1815960,1816080,0,1711048,1711048,0,12964
"a0525_fquagl.raw",1,0,255,0,0,1,509.985,6174.333,1815748,1815868,0,1711048,1711048,0,12964
"a0526_w6ivtw.raw",1,0,255,0,0,1,564.130,6171.930,1815536,1815656,0,1711048,1711048,0,12964
"a0527_sqlxhv.raw",1,0,255,0,0,1,479.770,6167.212,1815324,1815444,0,1711048,1711048,0,12964
"a0528_bt4vm3.raw",1,0,255,0,0,1,670.404,6177.361,1815116,1815232,0,1711048,1711048,0,12964
"a0529_rrgdnq.raw",1,0,255,0,0,1,517.094,6163.743,1814904,1815020,0,1711048,1711048,0,12964
"a0530_s0ul7h.raw",1,0,255,0,0,1,1867.161,6173.705,1814688,1814808,0,1711048,1711048,0,12964
"a0531_jh6xfy.raw",1,0,255,0,0,1,499.000,6166.255,1814480,1814596,0,1711048,1711048,0,12964
"a0532_hq1ucu.raw",1,1,254,0,0,1,497.540,6176.388,1814264,1814384,0,1711048,1711048,0,12964
"a0533_cw1dlm.raw",1,0,255,0,0,1,529.583,6174.455,1814056,1814396,0,1711048,1711048,0,12964
"a0534_ra8j3s.raw",1,0,255,0,0,1,487.334,6181.718,1814068,1814396,0,1711048,1711048,0,12964
"a0535_spf3f7.raw",1,0,255,0,0,1,502.133,6167.244,1814068,1814396,0,1711048,1711048,0,12964
"a0536_mkjxcx.raw",1,0,255,0,0,1,531.986,6172.795,1814068,1814396,0,1711048,1711048,0,12964
"a0537_l1h8tc.raw",1,0,255,0,0,1,537.051,6172.065,1814064,1814396,0,1711048,1711048,0,12964
"a0538_adfb5b.raw",1,0,255,0,0,1,507.378,6172.481,1814056,1814396,0,1711048,1711048,0,12964
"a0539_a1vvau.raw",1,0,255,0,0,1,535.055,6177.723,1814068,1814396,0,1711048,1711048,0,12964
"a0540_wwrhlt.raw",1,0,255,0,0,1,501.399,6165.347,1814068,1814396,0,1711048,1711048,0,12964
"a0541_rasb78.raw",1,0,255,0,0,1,520.971,6178.693,1814068,1814396,0,1711048,1711048,0,12964
"a0542_wu5des.raw",1,0,255,0,0,1,520.397,6170.537,1814068,1814396,0,1711048,1711048,0,12964
"a0543_fojjsl.raw",1,0,255,0,0,1,545.587,6174.974,1814068,1814396,0,1711048,1711048,0,12964
"a0544_d9bjli.raw",1,30,225,0,0,1,501.525,6166.288,1814068,1814396,0,1711048,1711048,0,12964
"a0545_j6zdji.raw",1,0,255,0,0,1,491.146,6169.922,1814068,1814396,0,1711048,1711048,0,12964
"a0546_yxoqjg.raw",1,0,255,0,0,1,615.057,6180.296,1814068,1814396,0,1711048,1711048,0,12964
"a0547_pinzq9.raw",1,4,251,0,0,1,540.307,6177.580,1814060,1814396,0,1711048,1711048,0,12964
"a0548_ena0nh.raw",1,4,251,0,0,1,517.903,6183.445,1814068,1814396,0,1711048,1711048,0,12964
"a0549_ff63qe.raw",1,0,255,0,0,1,551.861,6189.278,1814068,1814396,0,1711048,1711048,0,12964
"a0550_pozqkn.raw",1,0,255,0,0,1,504.645,6173.823,1814068,1814396,0,1711048,1711048,0,12964
"a0551_as5jnv.raw",1,0,255,0,0,1,529.529,6173.234,1814068,1814396,0,1711048,1711048,0,12964
"a0552_gbhlm9.raw",1,0,255,0,0,1,519.880,6182.531,1814068,1814396,0,1711048,1711048,0,12964
"a0553_evgaab.raw",1,0,255,0,0,1,629.839,6181.688,1814068,1814396,0,1711048,1711048,0,12964
"a0554_vtqnds.raw",1,0,255,0,0,1,590.530,6180.869,1814064,1814392,0,1711048,1711048,0,12964
"a0555_qwz43p.raw",1,12,243,0,0,1,527.517,6183.588,1814064,1814392,0,1711048,1711048,0,12964
"a0556_gc3ou5.raw",1,0,255,0,0,1,563.907,6183.648,1814064,1814392,0,1711048,1711048,0,12964
"a0557_oxwjci.raw",1,0,255,0,0,1,533.036,6179.468,1814060,1814392,0,1711048,1711048,0,12964
"a0558_ci3fht.raw",1,68,187,0,0,1,553.717,6174.778,1814072,1814392,0,1711048,1711048,0,12964
"a0559_kpcy4e.raw",1,187,68,1,0,0,596.224,6185.613,1814056,1814388,0,1711048,1711048,0,12964
"a0560_y7shea.raw",1,30,225,0,0,1,546.715,6187.352,1814056,1814416,0,1711048,1711048,0,12964
"a0561_q5euyp.raw",1,187,68,1,0,0,537.632,6182.404,1814052,1814376,0,1711048,1711048,0,12964
"a0562_jvyukt.raw",1,0,255,0,0,1,593.579,6181.405,1814048,1814376,0,1711048,1711048,0,12964
"a0563_x59wk4.raw",1,0,255,0,0,1,497.963,6183.164,1814048,1814376,0,1711048,1711048,0,12964
"a0564_x5albw.raw",1,0,255,0,0,1,520.315,6172.794,1814048,1814376,0,1711048,1711048,0,12964
"a0565_q7vh5u.raw",1,0,255,0,0,1,546.613,6185.338,1814048,1814376,0,1711048,1711048,0,12964
"a0566_tkqf1u.raw",1,0,255,0,0,1,526.918,6184.724,1814048,1814376,0,1711048,1711048,0,12964
"a0567_jaeh7l.raw",1,1,254,0,0,1,515.700,6177.969,1814048,1814376,0,1711048,1711048,0,12964
"a0568_pn3hjm.raw",1,0,255,0,0,1,503.998,6182.423,1814048,1814376,0,1711048,1711048,0,12964
"a0569_sb3kjv.raw",1,0,255,0,0,1,532.121,6195.434,1814048,1814376,0,1711048,1711048,0,12964
"a0570_bhndyp.raw",1,0,255,0,0,1,512.578,6167.018,1814048,1814376,0,1711048,1711048,0,12964
"a0571_uugbnx.raw",1,0,255,0,0,1,540.748,6166.946,1814044,1814380,0,1711048,1711048,0,12964
"a0572_vow98l.raw",1,0,255,0,0,1,565.612,6175.016,1814052,1814380,0,1711048,1711048,0,12964
"a0573_kl4vin.raw",1,1,254,0,0,1,523.159,6170.633,1814052,1814380,0,1711048,1711048,0,12964
"a0574_mdbjbm.raw",1,0,255,0,0,1,519.758,6159.676,1814048,1814380,0,1711048,1711048,0,12964
"a0575_onpbfw.raw",1,0,255,0,0,1,524.993,6173.142,1814048,1814380,0,1711048,1711048,0,12964
"a0576_vyfcxa.raw",1,0,255,0,0,1,922.434,6170.110,1814052,1814384,0,1711048,1711048,0,12964
"a0577_y0qkbo.raw",1,0,255,0,0,1,545.722,6165.538,1814056,1814384,0,1711048,1711048,0,12964
"a0578_oeih0e.raw",1,0,255,0,0,1,535.668,6174.603,1814040,1814396,0,1711048,1711048,0,12964
"a0579_utchud.raw",1,0,255,0,0,1,515.253,6184.852,1814068,1814396,0,1711048,1711048,0,12964
"a0580_zzlxop.raw",1,0,255,0,0,1,567.173,6178.565,1814056,1814396,0,1711048,1711048,0,12964
"a0581_we2iix.raw",1,0,255,0,0,1,513.290,6176.628,1814068,1814396,0,1711048,1711048,0,12964
"a0582_boixmz.raw",1,30,225,0,0,1,577.270,6181.651,1814064,1814396,0,1711048,1711048,0,12964
"a0583_bpxanm.raw",1,4,251,0,0,1,494.763,6178.504,1814064,1814396,0,1711048,1711048,0,12964
"a0584_gprpij.raw",1,0,255,0,0,1,532.309,6186.346,1814064,1814400,0,1711048,1711048,0,12964
"a0585_hrd0bx.raw",1,0,255,0,0,1,531.039,6177.150,1814072,1814400,0,1711048,1711048,0,12964
"a0586_uzznzm.raw",1,1,254,0,0,1,514.704,6175.913,1814072,1814400,0,1711048,1711048,0,12964
"a0587_xo8y8t.raw",1,0,255,0,0,1,534.993,6173.582,1814072,1814400,0,1711048,1711048,0,12964
"a0588_oaqs1s.raw",1,1,254,0,0,1,539.282,6175.207,1814068,1814400,0,1711048,1711048,0,12964
"a0589_tnyzqy.raw",1,1,254,0,0,1,569.902,6176.587,1814072,1814400,0,1711048,1711048,0,12964
"a0590_i2xg5w.raw",1,0,255,0,0,1,486.331,6171.178,1814072,1814400,0,1711048,1711048,0,12964
"a0591_juna3x.raw",1,0,255,0,0,1,560.745,6169.881,1814068,1814400,0,1711048,1711048,0,12964
"a0592_bpzfci.raw",1,1,254,0,0,1,543.239,6171.956,1814072,1814400,0,1711048,1711048,0,12964
"a0593_yyvxqe.raw",1,0,255,0,0,1,520.751,6172.031,1814072,1814400,0,1711048,1711048,0,12964
"a0594_abccov.raw",1,0,255,0,0,1,517.931,6179.028,1814060,1814400,0,1711048,1711048,0,12964
"a0595_ywpxll.raw",1,0,255,0,0,1,510.613,6182.195,1814064,1814400,0,1711048,1711048,0,12964
"a0596_n0zlvg.raw",1,0,255,0,0,1,501.913,6168.293,1814068,1814400,0,1711048,1711048,0,12964
"a0597_z1wxys.raw",1,0,255,0,0,1,498.914,6186.307,1814072,1814400,0,1711048,1711048,0,12964
"a0598_yymfbg.raw",1,4,251,0,0,1,504.618,6188.169,1814072,1814400,0,1711048,1711048,0,12964
"a0599_f1rqmp.raw",1,128,128,-1,0,0,504.436,6178.342,1814072,1814400,0,1711048,1711048,0,12964
"a0600_p7xv1u.raw",1,0,255,0,0,1,514.654,6176.737,1814072,1814400,0,1711048,1711048,0,12964
"a0601_jompz5.raw",1,4,251,0,0,1,542.526,6178.529,1814072,1814400,0,1711048,1711048,0,12964
"a0602_eu5616.raw",1,0,255,0,0,1,560.703,6183.175,1814068,1814396,0,1711048,1711048,0,12964
"a0603_iacu7h.raw",1,0,255,0,0,1,497.752,6179.257,1814068,1814396,0,1711048,1711048,0,12964
"a0604_z8dlmd.raw",1,1,254,0,0,1,516.470,6184.391,1814068,1814396,0,1711048,1711048,0,12964
"a0605_czshfu.raw",1,0,255,0,0,1,497.477,6171.795,1814068,1814424,0,1711048,1711048,0,12964
"a0606_mlcyro.raw",1,4,251,0,0,1,521.064,6176.948,1814072,1814612,0,1711048,1711048,0,12964
"a0607_kysimp.raw",1,0,255,0,0,1,537.956,6183.845,1814280,1814824,0,1711048,1711048,0,12964
"a0608_qdjnjk.raw",1,0,255,0,0,1,572.917,6191.000,1814496,1815060,0,1711048,1711048,0,12964
"a0609_sasgdm.raw",1,0,255,0,0,1,643.589,6179.457,1814712,1815248,0,1711048,1711048,0,12964
"a0610_bmwy1m.raw",1,0,255,0,0,1,500.746,6183.573,1814920,1815460,0,1711048,1711048,0,12964
"a0611_yp0qq3.raw",1,0,255,0,0,1,505.243,6198.502,1815132,1815696,0,1711048,1711048,0,12964
"a0612_fzvure.raw",1,12,243,0,0,1,645.261,6177.453,1815344,1815884,0,1711048,1711048,0,12964
"a0613_aj1zh1.raw",1,4,251,0,0,1,494.974,6178.697,1815560,1816096,0,1711048,1711048,0,12964
"a0614_rohvfe.raw",1,0,255,0,0,1,521.090,6181.994,1815764,1816332,0,1711048,1711048,0,12964
"a0615_jpsupv.raw",1,0,255,0,0,1,561.701,6182.890,1815980,1816520,0,1711048,1711048,0,12964
"a0616_wp4r4d.raw",1,0,255,0,0,1,505.011,6193.643,1816192,1816732,0,1711048,1711048,0,12964
"a0617_za0k82.raw",1,0,255,0,0,1,519.551,6175.597,1816404,1816968,0,1711048,1711048,0,12964
"a0618_gis7rc.raw",1,0,255,0,0,1,534.586,6170.294,1816604,1817156,0,1711048,1711048,0,12964
"a0619_fkp7lg.raw",1,0,255,0,0,1,501.974,6174.749,1816828,1817364,0,1711048,1711048,0,12964
"a0620_olycak.raw",1,30,225,0,0,1,557.167,6169.255,1817036,1817604,0,1711048,1711048,0,12964
"a0621_gcmg2i.raw",1,0,255,0,0,1,523.052,6170.627,1817256,1817788,0,1711048,1711048,0,12964
"a0622_nfd9zi.raw",1,0,255,0,0,1,557.856,6184.195,1817464,1818028,0,1711048,1711048,0,12964
"a0623_bdvofi.raw",1,0,255,0,0,1,515.362,6168.459,1817672,1818048,0,1711048,1711048,0,12964
"a0624_mlai6p.raw",1,0,255,0,0,1,526.654,6166.702,1817664,1818028,0,1711048,1711048,0,12964
"a0625_kogqyx.raw",1,0,255,0,0,1,536.395,6177.680,1817672,1818028,0,1711048,1711048,0,12964
"a0626_tgzpf9.raw",1,0,255,0,0,1,559.046,6173.234,1817672,1818048,0,1711048,1711048,0,12964
"a0627_uenvke.raw",1,0,255,0,0,1,669.567,6162.168,1817664,1818028,0,1711048,1711048,0,12964
"a0628_mpar7n.raw",1,30,225,0,0,1,679.632,6171.118,1817676,1818028,0,1711048,1711048,0,12964
"a0629_ttcqzt.raw",1,0,255,0,0,1,521.371,6168.876,1817676,1818048,0,1711048,1711048,0,12964
"a0630_mf6zwg.raw",1,0,255,0,0,1,559.595,6172.772,1817664,1818028,0,1711048,1711048,0,12964
"a0631_cxnyqw.raw",1,0,255,0,0,1,507.335,6156.746,1817668,1818028,0,1711048,1711048,0,12964
"a0632_mexgmw.raw",1,0,255,0,0,1,515.532,6158.187,1817676,1818048,0,1711048,1711048,0,12964
"a0633_qnejd0.raw",1,0,255,0,0,1,489.195,6174.866,1817656,1818028,0,1711048,1711048,0,12964
"a0634_ttvgpf.raw",1,0,255,0,0,1,520.008,6168.178,1817680,1818028,0,1711048,1711048,0,12964
"a0635_wzjqyp.raw",1,0,255,0,0,1,551.475,6176.681,1817672,1818048,0,1711048,1711048,0,12964
"a0636_wxvrax.raw",1,0,255,0,0,1,700.182,6177.126,1817664,1818028,0,1711048,1711048,0,12964
"a0637_sagkhq.raw",1,0,255,0,0,1,505.421,6179.879,1817676,1818028,0,1711048,1711048,0,12964
"a0638_wbqkdb.raw",1,0,255,0,0,1,525.935,6160.840,1817676,1818048,0,1711048,1711048,0,12964
"a0639_d74bsz.raw",1,0,255,0,0,1,498.268,6183.684,1817664,1818028,0,1711048,1711048,0,12964
"a0640_hebnb8.raw",1,0,255,0,0,1,539.826,6176.202,1817668,1818028,0,1711048,1711048,0,12964
"a0641_ldjphh.raw",1,0,255,0,0,1,541.413,6176.964,1817676,1818048,0,1711048,1711048,0,12964
"a0642_ibo8f5.raw",1,1,254,0,0,1,619.087,6189.371,1817664,1818028,0,1711048,1711048,0,12964
"a0643_ee3z2q.raw",1,0,255,0,0,1,490.197,6193.045,1817672,1818028,0,1711048,1711048,0,12964
"a0644_xczfq2.raw",1,0,255,0,0,1,487.476,6199.658,1817676,1818048,0,1711048,1711048,0,12964
"a0645_xnlh5d.raw",1,4,251,0,0,1,639.414,6192.604,1817664,1818028,0,1711048,1711048,0,12964
"a0646_ooesqs.raw",1,0,255,0,0,1,1006.854,6196.392,1817676,1818028,0,1711048,1711048,0,12964
"a0647_uprnic.raw",1,0,255,0,0,1,541.399,6192.829,1817672,1818048,0,1711048,1711048,0,12964
"a0648_dezlz6.raw",1,0,255,0,0,1,528.155,6191.819,1817664,1818028,0,1711048,1711048,0,12964
"a0649_kqjhrg.raw",1,0,255,0,0,1,504.053,6192.688,1817672,1818028,0,1711048,1711048,0,12964
"a0650_upldwg.raw",1,0,255,0,0,1,492.866,6198.085,1817676,1818048,0,1711048,1711048,0,12964
"a0651_bgzfqg.raw",1,0,255,0,0,1,500.321,6193.693,1817664,1818028,0,1711048,1711048,0,12964
"a0652_wczeqm.raw",1,0,255,0,0,1,523.490,6189.414,1817676,1818028,0,1711048,1711048,0,12964
"a0653_cwyesj.raw",1,0,255,0,0,1,498.941,6184.323,1817676,1818048,0,1711048,1711048,0,12964
"a0654_yrpogb.raw",1,0,255,0,0,1,501.904,6178.057,1817664,1818028,0,1711048,1711048,0,12964
"a0655_eqlumw.raw",1,0,255,0,0,1,544.329,6155.977,1817672,1818028,0,1711048,1711048,0,12964
"a0656_pohd3d.raw",1,0,255,0,0,1,585.635,6158.337,1817672,1818048,0,1711048,1711048,0,12964
"a0657_jgs4ke.raw",1,1,254,0,0,1,528.475,6152.440,1817664,1818028,0,1711048,1711048,0,12964
"a0658_oeowvk.raw",1,0,255,0,0,1,568.103,6146.794,1817672,1818028,0,1711048,1711048,0,12964
"a0659_yuhdpz.raw",1,0,255,0,0,1,503.760,6159.015,1817676,1818048,0,1711048,1711048,0,12964
"a0660_bmt8ir.raw",1,0,255,0,0,1,508.570,6135.840,1817656,1818028,0,1711048,1711048,0,12964
"a0661_d3ryzs.raw",1,1,254,0,0,1,564.154,6150.217,1817672,1818028,0,1711048,1711048,0,12964
"a0662_pszeho.raw",1,0,255,0,0,1,490.781,6150.336,1817676,1818048,0,1711048,1711048,0,12964
"a0663_gya6lx.raw",1,1,254,0,0,1,538.491,6151.280,1817660,1818028,0,1711048,1711048,0,12964
"a0664_xuflth.raw",1,30,225,0,0,1,468.464,6150.509,1817676,1818028,0,1711048,1711048,0,12964
"a0665_vel4ht.raw",1,0,255,0,0,1,517.130,6148.488,1817672,1818048,0,1711048,1711048,0,12964
"a0666_vyr75r.raw",1,0,255,0,0,1,556.655,6153.564,1817664,1818028,0,1711048,1711048,0,12964
"a0667_z9zuag.raw",1,0,255,0,0,1,528.879,6155.937,1817672,1818028,0,1711048,1711048,0,12964
"a0668_cbsegh.raw",1,0,255,0,0,1,481.625,6145.176,1817664,1818048,0,1711048,1711048,0,12964
"a0669_vjvxad.raw",1,0,255,0,0,1,518.135,6150.889,1817668,1818028,0,1711048,1711048,0,12964
"a0670_ilprgk.raw",1,0,255,0,0,1,503.896,6145.814,1817672,1818028,0,1711048,1711048,0,12964
"a0671_olak7t.raw",1,0,255,0,0,1,485.272,6162.924,1817676,1818048,0,1711048,1711048,0,12964
"a0672_jxl2je.raw",1,0,255,0,0,1,479.608,6148.626,1817656,1818028,0,1711048,1711048,0,12964
"a0673_jaiutc.raw",1,0,255,0,0,1,506.673,6160.836,1817672,1818028,0,1711048,1711048,0,12964
"a0674_lasnd4.raw",1,0,255,0,0,1,494.161,6167.354,1817676,1818048,0,1711048,1711048,0,12964
"a0675_wru6ul.raw",1,0,255,0,0,1,567.095,6154.605,1817660,1818028,0,1711048,1711048,0,12964
"a0676_yqu7tq.raw",1,0,255,0,0,1,638.072,6148.498,1817672,1818028,0,1711048,1711048,0,12964
"a0677_aedco5.raw",1,0,255,0,0,1,524.517,6146.508,1817676,1818048,0,1711048,1711048,0,12964
"a0678_vbkryv.raw",1,30,225,0,0,1,747.581,6158.598,1817660,1818028,0,1711048,1711048,0,12964
"a0679_wfsxje.raw",1,0,255,0,0,1,522.141,6142.562,1817676,1818028,0,1711048,1711048,0,12964
"a0680_ve8rnb.raw",1,0,255,0,0,1,536.764,6151.602,1817676,1818048,0,1711048,1711048,0,12964
"a0681_kcmnwb.raw",1,0,255,0,0,1,643.670,6143.431,1817664,1818028,0,1711048,1711048,0,12964
"a0682_ys3bp4.raw",1,68,187,0,0,1,489.626,6163.337,1817672,1818028,0,1711048,1711048,0,12964
"a0683_e9djb0.raw",1,0,255,0,0,1,537.163,6156.363,1817676,1818048,0,1711048,1711048,0,12964
"a0684_waxp5q.raw",1,0,255,0,0,1,506.017,6142.213,1817656,1818028,0,1711048,1711048,0,12964
"a0685_bssujn.raw",1,0,255,0,0,1,504.354,6151.671,1817676,1818028,0,1711048,1711048,0,12964
"a0686_rqe20r.raw",1,0,255,0,0,1,543.249,6151.178,1817672,1818048,0,1711048,1711048,0,12964
"a0687_garg3x.raw",1,1,254,0,0,1,509.936,6162.493,1817656,1818028,0,1711048,1711048,0,12964
"a0688_rjhmhh.raw",1,0,255,0,0,1,531.024,6153.162,1817676,1818028,0,1711048,1711048,0,12964
"a0689_zk4tlc.raw",1,0,255,0,0,1,543.559,6148.062,1817668,1818048,0,1711048,1711048,0,12964
"a0690_f6ntnp.raw",1,0,255,0,0,1,495.296,6144.068,1817664,1818028,0,1711048,1711048,0,12964
"a0691_nmp8lx.raw",1,0,255,0,0,1,514.599,6160.530,1817676,1818028,0,1711048,1711048,0,12964
"a0692_bmegkx.raw",1,0,255,0,0,1,516.147,6149.562,1817672,1818048,0,1711048,1711048,0,12964
"a0693_rnp3zq.raw",1,4,251,0,0,1,509.543,6150.501,1817664,1817776,0,1711048,1711048,0,12964
"a0694_sryr4a.raw",1,0,255,0,0,1,549.819,6155.554,1817444,1817564,0,1711048,1711048,0,12964
"a0695_asrnis.raw",1,0,255,0,0,1,497.095,6154.958,1817236,1817352,0,1711048,1711048,0,12964
"a0696_kslrep.raw",1,0,255,0,0,1,523.354,6157.677,1817020,1817140,0,1711048,1711048,0,12964
"a0697_cejjwf.raw",1,4,251,0,0,1,512.440,6146.425,1816812,1816928,0,1711048,1711048,0,12964
"a0698_mzgl33.raw",1,0,255,0,0,1,516.346,6152.768,1816596,1816716,0,1711048,1711048,0,12964
"a0699_ni65d1.raw",1,0,255,0,0,1,547.876,6152.629,1816384,1816504,0,1711048,1711048,0,12964
"a0700_ksh7wu.raw",1,0,255,0,0,1,540.589,6153.034,1816176,1816292,0,1711048,1711048,0,12964
"a0701_hbrcgl.raw",1,1,254,0,0,1,503.842,6155.544,1815960,1816080,0,1711048,1711048,0,12964
"a0702_tbpnqg.raw",1,1,254,0,0,1,529.424,6149.311,1815748,1815868,0,1711048,1711048,0,12964
"a0703_nds0dd.raw",1,0,255,0,0,1,507.437,6152.710,1815536,1815656,0,1711048,1711048,0,12964
"a0704_eu2stn.raw",1,0,255,0,0,1,501.750,6159.745,1815324,1815444,0,1711048,1711048,0,12964
"a0705_nlwccs.raw",1,0,255,0,0,1,571.929,6144.995,1815116,1815232,0,1711048,1711048,0,12964
"a0706_hum8pu.raw",1,0,255,0,0,1,510.189,6144.441,1814904,1815020,0,1711048,1711048,0,12964
"a0707_mmaddx.raw",1,0,255,0,0,1,672.304,6151.005,1814688,1814808,0,1711048,1711048,0,12964
"a0708_lqfyba.raw",1,0,255,0,0,1,568.830,6156.055,1814484,1814596,0,1711048,1711048,0,12964
"a0709_tpxi8p.raw",1,0,255,0,0,1,516.011,6149.011,1814268,1814384,0,1711048,1711048,0,12964
"a0710_prgxd8.raw",1,4,251,0,0,1,541.827,6166.526,1814056,1814396,0,1711048,1711048,0,12964
"a0711_rewvuv.raw",1,0,255,0,0,1,595.778,6161.000,1814068,1814396,0,1711048,1711048,0,12964
"a0712_fzdims.raw",1,1,254,0,0,1,520.362,6179.289,1814068,1814396,0,1711048,1711048,0,12964
"a0713_gs5cry.raw",1,30,225,0,0,1,504.636,6163.818,1814068,1814184,0,1711048,1711048,0,12964
"a0714_cyq1ji.raw",1,30,225,0,0,1,514.903,6153.361,1814068,1814396,0,1711048,1711048,0,12964
"a0715_bpkr0e.raw",1,0,255,0,0,1,563.161,6167.925,1814068,1814396,0,1711048,1711048,0,12964
"a0716_hiynya.raw",1,0,255,0,0,1,528.278,6156.058,1814068,1814396,0,1711048,1711048,0,12964
"a0717_xzbvm2.raw",1,30,225,0,0,1,512.282,6158.239,1814068,1814396,0,1711048,1711048,0,12964
"a0718_silz3t.raw",1,0,255,0,0,1,552.698,6158.197,1814068,1814396,0,1711048,1711048,0,12964
"a0719_o8a5oo.raw",1,1,254,0,0,1,513.271,6159.339,1814068,1814396,0,1711048,1711048,0,12964
"a0720_vpddbj.raw",1,0,255,0,0,1,520.616,6152.088,1814068,1814396,0,1711048,1711048,0,12964
"a0721_yefy3d.raw",1,0,255,0,0,1,500.352,6154.130,1814068,1814396,0,1711048,1711048,0,12964
"a0722_hskghr.raw",1,0,255,0,0,1,476.162,6149.429,1814068,1814396,0,1711048,1711048,0,12964
"a0723_jwft40.raw",1,187,68,1,0,0,490.619,6154.320,1814068,1814184,0,1711048,1711048,0,12964
"a0724_juvbew.raw",1,0,255,0,0,1,536.060,6157.468,1814068,1814396,0,1711048,1711048,0,12964
"a0725_wsesl2.raw",1,0,255,0,0,1,527.852,6155.318,1814044,1814184,0,1711048,1711048,0,12964
"a0726_dmmulp.raw",1,30,225,0,0,1,542.473,6161.300,1814064,1814404,0,1711048,1711048,0,12964
"a0727_cwcuqt.raw",1,4,251,0,0,1,520.729,6148.846,1814064,1814192,0,1711048,1711048,0,12964
"a0728_ibbstl.raw",1,1,254,0,0,1,532.588,6157.206,1814072,1814192,0,1711048,1711048,0,12964
"a0729_nviu2e.raw",1,12,243,0,0,1,543.512,6153.044,1814072,1814192,0,1711048,1711048,0,12964
"a0730_ct28hm.raw",1,0,255,0,0,1,549.445,6155.235,1814068,1814192,0,1711048,1711048,0,12964
"a0731_akbizi.raw",1,0,255,0,0,1,553.723,6162.538,1814072,1814404,0,1711048,1711048,0,12964
"a0732_utvay2.raw",1,0,255,0,0,1,530.042,6172.187,1814076,1814192,0,1711048,1711048,0,12964
"a0733_wds78g.raw",1,0,255,0,0,1,512.633,6171.300,1814076,1814404,0,1711048,1711048,0,12964
"a0734_hbjpa5.raw",1,0,255,0,0,1,481.863,6160.176,1814072,1814192,0,1711048,1711048,0,12964
"a0735_yjrj0n.raw",1,0,255,0,0,1,492.167,6161.109,1814076,1814184,0,1711048,1711048,0,12964
"a0736_gb3git.raw",1,4,251,0,0,1,514.907,6163.981,1814068,1814184,0,1711048,1711048,0,12964
"a0737_k6v9j7.raw",1,0,255,0,0,1,506.942,6160.238,1814068,1814204,0,1711048,1711048,0,12964
"a0738_dwsc1y.raw",1,251,4,1,0,0,673.247,6159.864,1814064,1814608,0,1711048,1711048,0,12964
"a0739_e3ferw.raw",1,1,254,0,0,1,484.549,6167.735,1814280,1814608,0,1711048,1711048,0,12964
"a0740_ahujpt.raw",1,187,68,1,0,0,522.394,6165.820,1814492,1815052,0,1711048,1711048,0,12964
"a0741_cq0dq1.raw",1,12,243,0,0,1,477.629,6175.659,1814700,1815244,0,1711048,1711048,0,12964
"a0742_xsh1bu.raw",1,0,255,0,0,1,499.989,6171.441,1814916,1815244,0,1711048,1711048,0,12964
"a0743_gkqxqs.raw",1,0,255,0,0,1,538.547,6165.488,1815128,1815688,0,1711048,1711048,0,12964
"a0744_lzysbl.raw",1,1,254,0,0,1,532.522,6160.855,1815340,1815668,0,1711048,1711048,0,12964
"a0745_f0vhir.raw",1,4,251,0,0,1,515.254,6170.154,1815544,1816092,0,1711048,1711048,0,12964
"a0746_c2yp2x.raw",1,1,254,0,0,1,557.310,6178.436,1815764,1816112,0,1711048,1711048,0,12964
"a0747_cuo48h.raw",1,0,255,0,0,1,541.078,6166.157,1815964,1816516,0,1711048,1711048,0,12964
"a0748_ilgos5.raw",1,0,255,0,0,1,540.254,6169.084,1816184,1816728,0,1711048,1711048,0,12964
"a0749_pwkwof.raw",1,0,255,0,0,1,528.481,6169.472,1816392,1816960,0,1711048,1711048,0,12964
"a0750_lhkgrp.raw",1,0,255,0,0,1,977.954,6182.099,1816604,1817152,0,1711048,1711048,0,12964
"a0751_kejtsr.raw",1,1,254,0,0,1,546.699,6197.766,1816824,1817364,0,1711048,1711048,0,12964
"a0752_osomim.raw",1,0,255,0,0,1,564.629,6199.535,1817036,1817596,0,1711048,1711048,0,12964
"a0753_uohkaf.raw",1,0,255,0,0,1,537.871,6195.298,1817248,1817788,0,1711048,1711048,0,12964
"a0754_elpjrt.raw",1,12,243,0,0,1,515.470,6197.365,1817460,1818020,0,1711048,1711048,0,12964
"a0755_unt17r.raw",1,4,251,0,0,1,521.552,6193.557,1817668,1818040,0,1711048,1711048,0,12964
"a0756_ud9ocf.raw",1,0,255,0,0,1,533.525,6195.736,1817660,1818020,0,1711048,1711048,0,12964
"a0757_yxnbvd.raw",1,0,255,0,0,1,549.550,6194.108,1817664,1818020,0,1711048,1711048,0,12964
"a0758_o6d7rp.raw",1,4,251,0,0,1,504.326,6191.497,1817664,1818040,0,1711048,1711048,0,12964
"a0759_sxgamc.raw",1,0,255,0,0,1,492.578,6198.703,1817656,1818020,0,1711048,1711048,0,12964
"a0760_yl14ql.raw",1,12,243,0,0,1,550.891,6194.630,1817664,1818020,0,1711048,1711048,0,12964
"a0761_dcyfun.raw",1,0,255,0,0,1,553.433,6188.896,1817664,1818048,0,1711048,1711048,0,12964
"a0762_rza9ov.raw",1,0,255,0,0,1,556.400,6198.042,1817668,1818028,0,1711048,1711048,0,12964
"a0763_y60ubl.raw",1,0,255,0,0,1,528.089,6190.316,1817672,1818028,0,1711048,1711048,0,12964
"a0764_rgixeu.raw",1,0,255,0,0,1,512.808,6196.651,1817676,1818048,0,1711048,1711048,0,12964
"a0765_xd0bu7.raw",1,0,255,0,0,1,536.029,6199.139,1817656,1818028,0,1711048,1711048,0,12964
"a0766_ze9b3f.raw",1,0,255,0,0,1,555.052,6200.256,1817672,1818028,0,1711048,1711048,0,12964
"a0767_qwxmbg.raw",1,0,255,0,0,1,524.106,6204.514,1817676,1818048,0,1711048,1711048,0,12964
"a0768_jj4gjl.raw",1,0,255,0,0,1,527.003,6200.564,1817672,1818028,0,1711048,1711048,0,12964
"a0769_gitmsy.raw",1,225,30,1,0,0,542.166,6190.666,1817676,1818028,0,1711048,1711048,0,12964
"a0770_aexvbp.raw",1,0,255,0,0,1,543.697,6200.925,1817668,1818048,0,1711048,1711048,0,12964
"a0771_upzakb.raw",1,0,255,0,0,1,787.588,6194.094,1817668,1818028,0,1711048,1711048,0,12964
"a0772_oxud4q.raw",1,0,255,0,0,1,531.051,6195.542,1817676,1818028,0,1711048,1711048,0,12964
"a0773_ru9dbg.raw",1,0,255,0,0,1,582.405,6195.052,1817676,1818048,0,1711048,1711048,0,12964
"a0774_nn8hcb.raw",1,0,255,0,0,1,617.927,6184.791,1817668,1818028,0,1711048,1711048,0,12964
"a0775_o04m03.raw",1,0,255,0,0,1,563.197,6204.288,1817672,1818028,0,1711048,1711048,0,12964
"a0776_negbbp.raw",1,0,255,0,0,1,547.138,6195.424,1817672,1818048,0,1711048,1711048,0,12964
"a0777_gqwblp.raw",1,0,255,0,0,1,549.449,6211.851,1817668,1818028,0,1711048,1711048,0,12964
"a0778_qaafrk.raw",1,4,251,0,0,1,540.002,6202.435,1817672,1818028,0,1711048,1711048,0,12964
"a0779_bptrkt.raw",1,0,255,0,0,1,589.187,6198.115,1817672,1818048,0,1711048,1711048,0,12964
"a0780_fz72nw.raw",1,0,255,0,0,1,556.342,6208.625,1817668,1818028,0,1711048,1711048,0,12964
"a0781_t9hi3t.raw",1,1,254,0,0,1,523.227,6202.106,1817660,1818028,0,1711048,1711048,0,12964
"a0782_vctoja.raw",1,0,255,0,0,1,540.626,6197.458,1817672,1818048,0,1711048,1711048,0,12964
"a0783_xnqnl3.raw",1,0,255,0,0,1,689.629,6195.344,1817664,1817776,0,1711048,1711048,0,12964
"a0784_qtsviy.raw",1,4,251,0,0,1,561.802,6191.788,1817444,1817564,0,1711048,1711048,0,12964
"a0785_msdluh.raw",1,0,255,0,0,1,539.660,6199.069,1817236,1817352,0,1711048,1711048,0,12964
"a0786_h0hyyy.raw",1,0,255,0,0,1,532.633,6190.482,1817020,1817140,0,1711048,1711048,0,12964
"a0787_b6d0ky.raw",1,4,251,0,0,1,613.278,6193.425,1816812,1816928,0,1711048,1711048,0,12964
"a0788_twesiw.raw",1,0,255,0,0,1,525.606,6201.974,1816596,1816716,0,1711048,1711048,0,12964
"a0789_gb92pe.raw",1,1,254,0,0,1,523.453,6200.334,1816384,1816504,0,1711048,1711048,0,12964
"a0790_bco4tj.raw",1,0,255,0,0,1,509.070,6204.502,1816172,1816292,0,1711048,1711048,0,12964
"a0791_wb6o3f.raw",1,0,255,0,0,1,563.467,6202.286,1815960,1816080,0,1711048,1711048,0,12964
"a0792_pa5pgp.raw",1,0,255,0,0,1,502.358,6203.721,1815752,1815868,0,1711048,1711048,0,12964
"a0793_vd9iof.raw",1,0,255,0,0,1,585.359,6191.528,1815536,1815656,0,1711048,1711048,0,12964
"a0794_k219ra.raw",1,0,255,0,0,1,572.463,6198.520,1815324,1815444,0,1711048,1711048,0,12964
"a0795_sb6rst.raw",1,0,255,0,0,1,496.110,6201.889,1815116,1815232,0,1711048,1711048,0,12964
"a0796_xclwib.raw",1,0,255,0,0,1,530.645,6200.408,1814904,1815020,0,1711048,1711048,0,12964
"a0797_egxwye.raw",1,0,255,0,0,1,659.723,6197.223,1814688,1814808,0,1711048,1711048,0,12964
"a0798_kva4rd.raw",1,0,255,0,0,1,552.866,6196.084,1814480,1814596,0,1711048,1711048,0,12964
"a0799_rjx1y5.raw",1,0,255,0,0,1,506.485,6207.373,1814264,1814384,0,1711048,1711048,0,12964
"a0800_tk2jif.raw",1,30,225,0,0,1,576.934,6197.471,1814052,1814396,0,1711048,1711048,0,12964
"a0801_pmshvh.raw",1,0,255,0,0,1,521.066,6195.479,1814068,1814396,0,1711048,1711048,0,12964
"a0802_ekiupc.raw",1,4,251,0,0,1,570.536,6190.507,1814068,1814396,0,1711048,1711048,0,12964
"a0803_xfgf45.raw",1,0,255,0,0,1,510.203,6199.333,1814068,1814396,0,1711048,1711048,0,12964
"a0804_ooc5vn.raw",1,0,255,0,0,1,522.083,6206.254,1814072,1814396,0,1711048,1711048,0,12964
"a0805_dghslm.raw",1,0,255,0,0,1,540.544,6193.379,1814056,1814396,0,1711048,1711048,0,12964
"a0806_wum0iu.raw",1,0,255,0,0,1,560.871,6193.278,1814068,1814396,0,1711048,1711048,0,12964
"a0807_f3pigs.raw",1,0,255,0,0,1,498.334,6200.522,1814068,1814396,0,1711048,1711048,0,12964
"a0808_rawpbf.raw",1,0,255,0,0,1,504.919,6203.472,1814068,1814396,0,1711048,1711048,0,12964
"a0809_wfdsgj.raw",1,68,187,0,0,1,507.608,6210.218,1814068,1814396,0,1711048,1711048,0,12964
"a0810_ewvsfz.raw",1,0,255,0,0,1,566.275,6204.989,1814068,1814396,0,1711048,1711048,0,12964
"a0811_elqoqf.raw",1,4,251,0,0,1,528.960,6199.076,1814068,1814396,0,1711048,1711048,0,12964
"a0812_hsg2wa.raw",1,0,255,0,0,1,548.854,6205.184,1814068,1814396,0,1711048,1711048,0,12964
"a0813_lqjwai.raw",1,0,255,0,0,1,560.090,6196.829,1814068,1814396,0,1711048,1711048,0,12964
"a0814_nkzdfz.raw",1,0,255,0,0,1,519.242,6200.188,1814068,1814396,0,1711048,1711048,0,12964
"a0815_jb7ymq.raw",1,187,68,1,0,0,560.310,6204.408,1814068,1814396,0,1711048,1711048,0,12964
"a0816_o4htwx.raw",1,12,243,0,0,1,509.505,6197.017,1814068,1814396,0,1711048,1711048,0,12964
"a0817_ocsex0.raw",1,0,255,0,0,1,509.342,6197.167,1814068,1814396,0,1711048,1711048,0,12964
"a0818_dpor8o.raw",1,0,255,0,0,1,518.608,6199.833,1814068,1814396,0,1711048,1711048,0,12964
"a0819_xuvowc.raw",1,128,128,-1,0,0,522.994,6199.163,1814068,1814396,0,1711048,1711048,0,12964
"a0820_paaohf.raw",1,0,255,0,0,1,564.931,6211.995,1814068,1814396,0,1711048,1711048,0,12964
"a0821_dx76jf.raw",1,30,225,0,0,1,524.564,6201.907,1814064,1814392,0,1711048,1711048,0,12964
"a0822_hiit6y.raw",1,0,255,0,0,1,551.071,6215.315,1814064,1814392,0,1711048,1711048,0,12964
"a0823_ja8t9a.raw",1,0,255,0,0,1,525.101,6197.530,1814064,1814392,0,1711048,1711048,0,12964
"a0824_rxppzr.raw",1,0,255,0,0,1,538.123,6199.687,1814060,1814392,0,1711048,1711048,0,12964
"a0825_auy9db.raw",1,30,225,0,0,1,557.909,6192.990,1814064,1814392,0,1711048,1711048,0,12964
"a0826_qdzqux.raw",1,0,255,0,0,1,529.027,6195.043,1814060,1814388,0,1711048,1711048,0,12964
"a0827_emcfqn.raw",1,12,243,0,0,1,520.409,6193.514,1814056,1814416,0,1711048,1711048,0,12964
"a0828_ct8vho.raw",1,0,255,0,0,1,535.306,6194.181,1814056,1814388,0,1711048,1711048,0,12964
"a0829_wgpf7s.raw",1,0,255,0,0,1,521.233,6194.004,1814060,1814388,0,1711048,1711048,0,12964
"a0830_qrkzkk.raw",1,0,255,0,0,1,505.358,6195.668,1814052,1814388,0,1711048,1711048,0,12964
"a0831_jcvthf.raw",1,1,254,0,0,1,523.037,6199.887,1814052,1814388,0,1711048,1711048,0,12964
"a0832_sybcyr.raw",1,0,255,0,0,1,507.843,6200.007,1814052,1814388,0,1711048,1711048,0,12964
"a0833_dm6xib.raw",1,0,255,0,0,1,648.960,6193.613,1814052,1814388,0,1711048,1711048,0,12964
"a0834_p7u54n.raw",1,0,255,0,0,1,741.094,6190.374,1814052,1814388,0,1711048,1711048,0,12964
"a0835_vantug.raw",1,0,255,0,0,1,561.288,6191.364,1814052,1814388,0,1711048,1711048,0,12964
"a0836_mun9q0.raw",1,0,255,0,0,1,564.411,6184.384,1814060,1814388,0,1711048,1711048,0,12964
"a0837_scdivg.raw",1,0,255,0,0,1,529.349,6196.322,1814060,1814388,0,1711048,1711048,0,12964
"a0838_bpbznd.raw",1,0,255,0,0,1,555.078,6200.899,1814060,1814392,0,1711048,1711048,0,12964
"a0839_kbw6wl.raw",1,0,255,0,0,1,525.909,6196.545,1814064,1814396,0,1711048,1711048,0,12964
"a0840_vmqgjq.raw",1,0,255,0,0,1,521.440,6200.585,1814068,1814396,0,1711048,1711048,0,12964
"a0841_tykaik.raw",1,0,255,0,0,1,597.875,6203.582,1814064,1814396,0,1711048,1711048,0,12964
"a0842_yjt6jg.raw",1,0,255,0,0,1,586.648,6199.019,1814064,1814396,0,1711048,1711048,0,12964
"a0843_sxn9db.raw",1,0,255,0,0,1,574.147,6199.322,1814060,1814400,0,1711048,1711048,0,12964
"a0844_orspbr.raw",1,0,255,0,0,1,580.852,6193.646,1814068,1814400,0,1711048,1711048,0,12964
"a0845_t6gxnm.raw",1,0,255,0,0,1,585.429,6203.661,1814060,1814400,0,1711048,1711048,0,12964
"a0846_bh9gxd.raw",1,4,251,0,0,1,555.589,6195.351,1814064,1814400,0,1711048,1711048,0,12964
"a0847_ybdqxw.raw",1,0,255,0,0,1,574.270,6195.167,1814068,1814400,0,1711048,1711048,0,12964
"a0848_ncpp26.raw",1,0,255,0,0,1,545.593,6199.080,1814072,1814400,0,1711048,1711048,0,12964
"a0849_atsaxb.raw",1,0,255,0,0,1,503.640,6202.570,1814072,1814400,0,1711048,1711048,0,12964
"a0850_hxq9qe.raw",1,1,254,0,0,1,544.425,6205.254,1814072,1814400,0,1711048,1711048,0,12964
"a0851_gyh0is.raw",1,1,254,0,0,1,550.914,6202.551,1814072,1814400,0,1711048,1711048,0,12964
"a0852_t8myv6.raw",1,1,254,0,0,1,532.873,6201.270,1814072,1814400,0,1711048,1711048,0,12964
"a0853_v7iovm.raw",1,0,255,0,0,1,529.582,6205.155,1814072,1814400,0,1711048,1711048,0,12964
"a0854_kt4cfx.raw",1,12,243,0,0,1,588.491,6198.803,1814072,1814400,0,1711048,1711048,0,12964
"a0855_msi9bq.raw",1,0,255,0,0,1,515.989,6197.269,1814072,1814400,0,1711048,1711048,0,12964
"a0856_qb3144.raw",1,1,254,0,0,1,516.935,6199.697,1814072,1814400,0,1711048,1711048,0,12964
"a0857_evjxmt.raw",1,12,243,0,0,1,541.435,6195.073,1814072,1814400,0,1711048,1711048,0,12964
"a0858_tbkvom.raw",1,0,255,0,0,1,531.548,6193.376,1814064,1814400,0,1711048,1711048,0,12964
"a0859_xevmvq.raw",1,0,255,0,0,1,522.001,6211.704,1814072,1814400,0,1711048,1711048,0,12964
"a0860_ypkcpl.raw",1,0,255,0,0,1,529.389,6204.415,1814068,1814400,0,1711048,1711048,0,12964
"a0861_to1dkl.raw",1,0,255,0,0,1,536.930,6196.368,1814060,1814392,0,1711048,1711048,0,12964
"a0862_vjnuox.raw",1,0,255,0,0,1,607.027,6209.222,1814056,1814396,0,1711048,1711048,0,12964
"a0863_t6og9h.raw",1,0,255,0,0,1,551.815,6199.815,1814068,1814396,0,1711048,1711048,0,12964
"a0864_jo5rr4.raw",1,0,255,0,0,1,537.860,6200.388,1814068,1814396,0,1711048,1711048,0,12964
"a0865_p2e5xc.raw",1,0,255,0,0,1,539.500,6202.528,1814068,1814396,0,1711048,1711048,0,12964
"a0866_csdd84.raw",1,0,255,0,0,1,525.354,6204.012,1814068,1814396,0,1711048,1711048,0,12964
"a0867_yuoqce.raw",1,0,255,0,0,1,556.648,6199.268,1814060,1814396,0,1711048,1711048,0,12964
"a0868_meddym.raw",1,0,255,0,0,1,506.758,6200.140,1814060,1814396,0,1711048,1711048,0,12964
"a0869_mengeh.raw",1,0,255,0,0,1,530.910,6198.240,1814060,1814396,0,1711048,1711048,0,12964
"a0870_lr9loo.raw",1,0,255,0,0,1,546.720,6198.878,1814060,1814392,0,1711048,1711048,0,12964
"a0871_g1yqnr.raw",1,1,254,0,0,1,508.557,6195.747,1814064,1814392,0,1711048,1711048,0,12964
"a0872_cwd26g.raw",1,0,255,0,0,1,651.920,6207.404,1814064,1814420,0,1711048,1711048,0,12964
"a0873_n7uczw.raw",1,1,254,0,0,1,517.848,6203.771,1814072,1814396,0,1711048,1711048,0,12964
"a0874_atkpzx.raw",1,0,255,0,0,1,551.974,6202.261,1814068,1814396,0,1711048,1711048,0,12964
"a0875_tzaliv.raw",1,0,255,0,0,1,530.957,6197.752,1814060,1814396,0,1711048,1711048,0,12964
"a0876_cjzvjc.raw",1,1,254,0,0,1,509.725,6200.998,1814056,1814396,0,1711048,1711048,0,12964
"a0877_y9gzac.raw",1,0,255,0,0,1,711.036,6205.547,1814060,1814392,0,1711048,1711048,0,12964
"a0878_dlogyd.raw",1,0,255,0,0,1,530.023,6194.878,1814064,1814396,0,1711048,1711048,0,12964
"a0879_myemcq.raw",1,0,255,0,0,1,533.168,6201.515,1814068,1814396,0,1711048,1711048,0,12964
"a0880_cfnnmp.raw",1,4,251,0,0,1,538.146,6197.045,1814068,1814396,0,1711048,1711048,0,12964
"a0881_ljtvq1.raw",1,12,243,0,0,1,513.424,6202.724,1814052,1814396,0,1711048,1711048,0,12964
"a0882_a84tnc.raw",1,1,254,0,0,1,530.341,6194.473,1814068,1814396,0,1711048,1711048,0,12964
"a0883_pmjcjh.raw",1,0,255,0,0,1,539.061,6205.218,1814056,1814396,0,1711048,1711048,0,12964
"a0884_gfbw71.raw",1,0,255,0,0,1,513.574,6200.930,1814068,1814396,0,1711048,1711048,0,12964
"a0885_fhifeg.raw",1,0,255,0,0,1,526.581,6198.342,1814064,1814396,0,1711048,1711048,0,12964
"a0886_rdx8hw.raw",1,0,255,0,0,1,507.068,6195.521,1814064,1814396,0,1711048,1711048,0,12964
"a0887_ugr4tq.raw",1,0,255,0,0,1,563.292,6200.665,1814064,1814396,0,1711048,1711048,0,12964
"a0888_dddc2r.raw",1,4,251,0,0,1,540.558,6201.870,1814068,1814424,0,1711048,1711048,0,12964
"a0889_p7edum.raw",1,187,68,1,0,0,524.943,6191.856,1814068,1814396,0,1711048,1711048,0,12964
"a0890_nsgjou.raw",1,1,254,0,0,1,514.431,6193.488,1814064,1814396,0,1711048,1711048,0,12964
"a0891_xrxbn8.raw",1,4,251,0,0,1,516.622,6202.571,1814068,1814396,0,1711048,1711048,0,12964
"a0892_trop1o.raw",1,1,254,0,0,1,513.910,6201.205,1814068,1814396,0,1711048,1711048,0,12964
"a0893_pidjvq.raw",1,0,255,0,0,1,581.922,6195.329,1814068,1814400,0,1711048,1711048,0,12964
"a0894_xkszfb.raw",1,1,254,0,0,1,491.654,6196.984,1814064,1814400,0,1711048,1711048,0,12964
"a0895_fqwgdf.raw",1,187,68,1,0,0,498.437,6191.469,1814072,1814400,0,1711048,1711048,0,12964
"a0896_itt8b0.raw",1,30,225,0,0,1,489.001,6195.608,1814068,1814400,0,1711048,1711048,0,12964
"a0897_m8645c.raw",1,0,255,0,0,1,511.951,6196.765,1814072,1814400,0,1711048,1711048,0,12964
"a0898_rzwgnv.raw",1,68,187,0,0,1,494.226,6200.619,1814072,1814400,0,1711048,1711048,0,12964
"a0899_quzq7p.raw",1,1,254,0,0,1,506.692,6197.672,1814072,1814400,0,1711048,1711048,0,12964
"a0900_iabglw.raw",1,1,254,0,0,1,536.551,6197.740,1814072,1814400,0,1711048,1711048,0,12964
"a0901_ilsl9y.raw",1,0,255,0,0,1,516.367,6201.154,1814064,1814400,0,1711048,1711048,0,12964
"a0902_rembu7.raw",1,0,255,0,0,1,549.841,6199.399,1814064,1814400,0,1711048,1711048,0,12964
"a0903_m8c2rs.raw",1,1,254,0,0,1,531.934,6198.015,1814072,1814400,0,1711048,1711048,0,12964
"a0904_uvav8u.raw",1,4,251,0,0,1,503.167,6194.212,1814072,1814424,0,1711048,1711048,0,12964
"a0905_qf09nh.raw",1,30,225,0,0,1,524.861,6198.148,1814072,1814400,0,1711048,1711048,0,12964
"a0906_vfzxgn.raw",1,0,255,0,0,1,490.747,6204.732,1814072,1814400,0,1711048,1711048,0,12964
"a0907_gtspia.raw",1,0,255,0,0,1,534.695,6205.999,1814072,1814400,0,1711048,1711048,0,12964
"a0908_zsoqqj.raw",1,0,255,0,0,1,543.511,6198.624,1814072,1814400,0,1711048,1711048,0,12964
"a0909_abdxqi.raw",1,0,255,0,0,1,540.346,6193.963,1814072,1814400,0,1711048,1711048,0,12964
"a0910_wmnbxs.raw",1,0,255,0,0,1,522.107,6198.707,1814072,1814400,0,1711048,1711048,0,12964
"a0911_qhshgz.raw",1,0,255,0,0,1,640.852,6201.742,1814072,1814400,0,1711048,1711048,0,12964
"a0912_hsoiv1.raw",1,0,255,0,0,1,524.807,6203.334,1814072,1814400,0,1711048,1711048,0,12964
"a0913_zdvegf.raw",1,0,255,0,0,1,656.197,6195.389,1814072,1814400,0,1711048,1711048,0,12964
"a0914_fw1mbt.raw",1,0,255,0,0,1,514.903,6197.008,1814072,1814400,0,1711048,1711048,0,12964
"a0915_onsav3.raw",1,0,255,0,0,1,519.446,6206.336,1814068,1814400,0,1711048,1711048,0,12964
"a0916_vzortr.raw",1,0,255,0,0,1,533.361,6197.635,1814064,1814400,0,1711048,1711048,0,12964
"a0917_rimnro.raw",1,0,255,0,0,1,517.926,6194.860,1814072,1814400,0,1711048,1711048,0,12964
"a0918_let3nb.raw",1,0,255,0,0,1,525.150,6187.318,1814072,1814400,0,1711048,1711048,0,12964
"a0919_thhrs9.raw",1,0,255,0,0,1,539.497,6197.492,1814060,1814400,0,1711048,1711048,0,12964
"a0920_tzu4or.raw",1,4,251,0,0,1,601.638,6198.132,1814072,1814424,0,1711048,1711048,0,12964
"a0921_xwl2m2.raw",1,0,255,0,0,1,521.433,6199.896,1814064,1814400,0,1711048,1711048,0,12964
"a0922_ptnhyf.raw",1,0,255,0,0,1,530.876,6206.246,1814068,1814400,0,1711048,1711048,0,12964
"a0923_zhqnfa.raw",1,0,255,0,0,1,569.907,6199.858,1814072,1814400,0,1711048,1711048,0,12964
"a0924_yrvcde.raw",1,0,255,0,0,1,512.800,6197.878,1814068,1814400,0,1711048,1711048,0,12964
"a0925_jojxoz.raw",1,0,255,0,0,1,559.859,6200.809,1814068,1814400,0,1711048,1711048,0,12964
"a0926_s5fqda.raw",1,30,225,0,0,1,509.334,6194.512,1814068,1814400,0,1711048,1711048,0,12964
"a0927_agxdjn.raw",1,0,255,0,0,1,556.567,6196.302,1814060,1814400,0,1711048,1711048,0,12964
"a0928_nxwt0j.raw",1,0,255,0,0,1,499.194,6193.725,1814060,1814400,0,1711048,1711048,0,12964
"a0929_insdo7.raw",1,0,255,0,0,1,497.901,6197.002,1814068,1814396,0,1711048,1711048,0,12964
"a0930_nstgfg.raw",1,12,243,0,0,1,525.487,6200.074,1814056,1814396,0,1711048,1711048,0,12964
"a0931_cvujv4.raw",1,0,255,0,0,1,583.199,6199.206,1814060,1814396,0,1711048,1711048,0,12964
"a0932_qenein.raw",1,4,251,0,0,1,537.841,6198.693,1814064,1814400,0,1711048,1711048,0,12964
"a0933_ddzhlj.raw",1,12,243,0,0,1,546.052,6195.366,1814068,1814404,0,1711048,1711048,0,12964
"a0934_h9y6jq.raw",1,0,255,0,0,1,528.292,6184.074,1814072,1814404,0,1711048,1711048,0,12964
"a0935_wkfaia.raw",1,0,255,0,0,1,490.083,6193.366,1814072,1814404,0,1711048,1711048,0,12964
"a0936_bokibz.raw",1,0,255,0,0,1,549.439,6194.256,1814064,1814400,0,1711048,1711048,0,12964
"a0937_q2grnt.raw",1,0,255,0,0,1,559.790,6198.060,1814064,1814400,0,1711048,1711048,0,12964
"a0938_zlqrwc.raw",1,1,254,0,0,1,559.737,6192.759,1814068,1814400,0,1711048,1711048,0,12964
"a0939_gnzseb.raw",1,0,255,0,0,1,521.846,6196.120,1814068,1814400,0,1711048,1711048,0,12964
"a0940_cedhge.raw",1,0,255,0,0,1,498.921,6202.123,1814068,1814400,0,1711048,1711048,0,12964
"a0941_p7wolj.raw",1,0,255,0,0,1,586.852,6194.188,1814068,1814400,0,1711048,1711048,0,12964
"a0942_nrr0yn.raw",1,30,225,0,0,1,537.685,6194.179,1814064,1814396,0,1711048,1711048,0,12964
"a0943_z4hnpo.raw",1,12,243,0,0,1,511.396,6195.752,1814056,1814396,0,1711048,1711048,0,12964
"a0944_v7qrn1.raw",1,187,68,1,0,0,502.877,6198.454,1814064,1814396,0,1711048,1711048,0,12964
"a0945_doysg3.raw",1,12,243,0,0,1,528.642,6194.160,1814064,1814396,0,1711048,1711048,0,12964
"a0946_urjknv.raw",1,0,255,0,0,1,485.647,6188.605,1814048,1814396,0,1711048,1711048,0,12964
"a0947_wlc3jr.raw",1,0,255,0,0,1,530.586,6199.472,1814056,1814396,0,1711048,1711048,0,12964
"a0948_f1hper.raw",1,0,255,0,0,1,572.501,6193.018,1814064,1814396,0,1711048,1711048,0,12964
"a0949_qlz4h3.raw",1,0,255,0,0,1,535.991,6193.294,1814064,1814396,0,1711048,1711048,0,12964
"a0950_xtmcwu.raw",1,0,255,0,0,1,519.771,6195.095,1814060,1814400,0,1711048,1711048,0,12964
"a0951_xcmxlj.raw",1,0,255,0,0,1,540.752,6194.892,1814060,1814392,0,1711048,1711048,0,12964
"a0952_oip6ep.raw",1,12,243,0,0,1,510.200,6193.771,1814048,1814392,0,1711048,1711048,0,12964
"a0953_eolxuo.raw",1,0,255,0,0,1,502.100,6203.007,1814064,1814392,0,1711048,1711048,0,12964
"a0954_oxhbh8.raw",1,0,255,0,0,1,477.251,6197.108,1814060,1814392,0,1711048,1711048,0,12964
"a0955_qbygdh.raw",1,1,254,0,0,1,527.398,6189.489,1814064,1814392,0,1711048,1711048,0,12964
"a0956_aeym4u.raw",1,0,255,0,0,1,524.792,6188.496,1814060,1814392,0,1711048,1711048,0,12964
"a0957_z4pde7.raw",1,4,251,0,0,1,553.429,6186.917,1814048,1814392,0,1711048,1711048,0,12964
"a0958_huwfsz.raw",1,1,254,0,0,1,533.863,6187.272,1814064,1814392,0,1711048,1711048,0,12964
"a0959_cbmjkb.raw",1,68,187,0,0,1,506.683,6197.174,1814048,1814396,0,1711048,1711048,0,12964
"a0960_vvgfi8.raw",1,128,128,-1,0,0,546.416,6204.064,1814064,1814396,0,1711048,1711048,0,12964
"a0961_tarbfe.raw",1,0,255,0,0,1,501.708,6197.961,1814068,1814396,0,1711048,1711048,0,12964
"a0962_hum61t.raw",1,12,243,0,0,1,624.305,6186.511,1814060,1814396,0,1711048,1711048,0,12964
"a0963_wz8emn.raw",1,187,68,1,0,0,524.920,6189.513,1814068,1814396,0,1711048,1711048,0,12964
"a0964_canail.raw",1,68,187,0,0,1,544.470,6190.444,1814064,1814396,0,1711048,1711048,0,12964
"a0965_jc384x.raw",1,187,68,1,0,0,531.380,6195.699,1814068,1814416,0,1711048,1711048,0,12964
"a0966_yn5vst.raw",1,251,4,1,0,0,833.003,6182.538,1814060,1814600,0,1711048,1711048,0,12964
"a0967_gxvuny.raw",1,255,0,1,0,0,856.117,6190.997,1814272,1814812,0,1711048,1711048,0,12964
"a0968_g3zqqc.raw",1,254,1,1,0,0,495.983,6190.947,1814484,1815060,0,1711048,1711048,0,12964
"a0969_o4uupq.raw",1,187,68,1,0,0,688.994,6188.535,1814708,1815244,0,1711048,1711048,0,12964
"a0970_dnatzm.raw",1,0,255,0,0,1,533.069,6188.130,1814904,1815456,0,1711048,1711048,0,12964
"a0971_nweobd.raw",1,1,254,0,0,1,546.018,6187.627,1815128,1815696,0,1711048,1711048,0,12964
"a0972_k39yu4.raw",1,0,255,0,0,1,684.238,6192.515,1815348,1815880,0,1711048,1711048,0,12964
"a0973_nofz6m.raw",1,0,255,0,0,1,743.338,6186.640,1815552,1816092,0,1711048,1711048,0,12964
"a0974_rysqbw.raw",1,1,254,0,0,1,521.296,6188.231,1815768,1816332,0,1711048,1711048,0,12964
"a0975_qf9j0w.raw",1,0,255,0,0,1,507.685,6187.314,1815980,1816516,0,1711048,1711048,0,12964
"a0976_wj5hvf.raw",1,0,255,0,0,1,795.908,6188.931,1816196,1816728,0,1711048,1711048,0,12964
"a0977_zzrxw7.raw",1,0,255,0,0,1,495.459,6186.212,1816400,1816968,0,1711048,1711048,0,12964
"a0978_lwts50.raw",1,0,255,0,0,1,517.347,6188.103,1816620,1817152,0,1711048,1711048,0,12964
"a0979_kvhksp.raw",1,0,255,0,0,1,537.388,6207.752,1816824,1817364,0,1711048,1711048,0,12964
"a0980_pxxmht.raw",1,0,255,0,0,1,551.344,6182.188,1817032,1817604,0,1711048,1711048,0,12964
"a0981_kuxkk2.raw",1,0,255,0,0,1,521.432,6191.726,1817256,1817788,0,1711048,1711048,0,12964
"a0982_eclgce.raw",1,0,255,0,0,1,510.938,6186.067,1817460,1818028,0,1711048,1711048,0,12964
"a0983_cnhiiq.raw",1,30,225,0,0,1,471.622,6179.291,1817672,1818048,0,1711048,1711048,0,12964
"a0984_lt0wwh.raw",1,0,255,0,0,1,477.623,6182.175,1817668,1818028,0,1711048,1711048,0,12964
"a0985_ybph7v.raw",1,0,255,0,0,1,481.843,6177.706,1817676,1818028,0,1711048,1711048,0,12964
"a0986_fxpzyo.raw",1,0,255,0,0,1,503.640,6182.163,1817672,1818048,0,1711048,1711048,0,12964
"a0987_yvjwwy.raw",1,12,243,0,0,1,536.810,6176.577,1817664,1818028,0,1711048,1711048,0,12964
"a0988_nnmdgy.raw",1,0,255,0,0,1,554.359,6177.813,1817676,1818028,0,1711048,1711048,0,12964
"a0989_uk4obq.raw",1,0,255,0,0,1,537.761,6175.963,1817680,1818048,0,1711048,1711048,0,12964
"a0990_begep6.raw",1,30,225,0,0,1,489.278,6176.324,1817664,1818028,0,1711048,1711048,0,12964
"a0991_h9jlfy.raw",1,0,255,0,0,1,525.599,6165.272,1817676,1818028,0,1711048,1711048,0,12964
"a0992_pkredq.raw",1,0,255,0,0,1,470.458,6183.753,1817672,1818048,0,1711048,1711048,0,12964
"a0993_hco1q2.raw",1,0,255,0,0,1,520.616,6180.188,1817656,1818028,0,1711048,1711048,0,12964
"a0994_bdkrnc.raw",1,0,255,0,0,1,519.738,6184.318,1817672,1818028,0,1711048,1711048,0,12964
"a0995_nyipoo.raw",1,4,251,0,0,1,490.186,6181.430,1817676,1818048,0,1711048,1711048,0,12964
"a0996_rfgrox.raw",1,1,254,0,0,1,553.138,6185.485,1817664,1818028,0,1711048,1711048,0,12964
"a0997_zo21tb.raw",1,0,255,0,0,1,498.026,6183.349,1817680,1818028,0,1711048,1711048,0,12964
"a0998_qcaubk.raw",1,0,255,0,0,1,477.486,6183.805,1817676,1818048,0,1711048,1711048,0,12964
"a0999_datefo.raw",1,0,255,0,0,1,498.098,6185.332,1817664,1818028,0,1711048,1711048,0,12964
"a1000_xlkjpv.raw",1,0,255,0,0,1,502.423,6185.077,1817664,1818028,0,1711048,1711048,0,12964
"a1001_b5sgfg.raw",1,1,254,0,0,1,500.706,6184.055,1817668,1818048,0,1711048,1711048,0,12964
"a1002_lghd3i.raw",1,0,255,0,0,1,492.655,6192.152,1817664,1818028,0,1711048,1711048,0,12964
"a1003_dtql8u.raw",1,0,255,0,0,1,3439.449,6189.090,1817676,1818028,0,1711048,1711048,0,12964
"a1004_pjfizq.raw",1,0,255,0,0,1,3158.246,6184.997,1817676,1818048,0,1711048,1711048,0,12964
"a1005_ts2gmv.raw",1,0,255,0,0,1,524.523,6188.822,1817664,1818028,0,1711048,1711048,0,12964
"a1006_qspmhh.raw",1,1,254,0,0,1,495.411,6191.492,1817664,1818028,0,1711048,1711048,0,12964
"a1007_wyhoel.raw",1,1,254,0,0,1,567.255,6191.761,1817672,1818048,0,1711048,1711048,0,12964
"a1008_vewmzh.raw",1,0,255,0,0,1,570.513,6191.988,1817664,1818028,0,1711048,1711048,0,12964

# total=2000 sucesso=2000 erros=0 empates=5
# rotuladas_com_sucesso=2000 acertos=1965
# accuracy_pct=98.250
# inference_avg_ms=6183.526 inference_min_ms=6121.972 inference_max_ms=6226.452
# download_avg_ms=600.363
# heap_min_free_bytes=1780148 psram_min_free_bytes=1710944 psram_total_bytes=4194304
