name_image,ok,result,label,right,invalid,inference_ms,quantized,scores,error
test/drowsy/A0001.raw,1,1,1,1,False,95.8397,"[255, 0]","[0.99609375, 0.0]",
test/drowsy/A0002.raw,1,1,1,1,False,103.0022,"[255, 0]","[0.99609375, 0.0]",
test/drowsy/A0003.raw,1,1,1,1,False,81.8861,"[255, 0]","[0.99609375, 0.0]",
test/drowsy/A0004.raw,1,1,1,1,False,68.3546,"[255, 0]","[0.99609375, 0.0]",
test/drowsy/A0005.raw,1,1,1,1,False,137.291,"[255, 0]","[0.99609375, 0.0]",
test/drowsy/A0006.raw,1,1,1,1,False,61.9084,"[255, 0]","[0.99609375, 0.0]",
test/drowsy/A0007.raw,1,1,1,1,False,66.1294,"[255, 0]","[0.99609375, 0.0]",
test/drowsy/A0008.raw,1,1,1,1,False,64.8271,"[255, 0]","[0.99609375, 0.0]",
test/drowsy/A0009.raw,1,1,1,1,False,57.0524,"[255, 0]","[0.99609375, 0.0]",
test/drowsy/A0010.raw,1,1,1,1,False,61.598,"[255, 0]","[0.99609375, 0.0]",
test/drowsy/A0011.raw,1,1,1,1,False,62.8258,"[255, 0]","[0.99609375, 0.0]",
test/drowsy/A0012.raw,1,1,1,1,False,58.6316,"[255, 0]","[0.99609375, 0.0]",
test/drowsy/A0013.raw,1,1,1,1,False,52.7414,"[255, 0]","[0.99609375, 0.0]",
test/drowsy/A0014.raw,1,1,1,1,False,61.7476,"[255, 0]","[0.99609375, 0.0]",
test/drowsy/A0015.raw,1,1,1,1,False,53.4901,"[255, 0]","[0.99609375, 0.0]",
test/drowsy/A0016.raw,1,1,1,1,False,57.6895,"[255, 0]","[0.99609375, 0.0]",
test/drowsy/A0017.raw,1,1,1,1,False,65.5394,"[255, 0]","[0.99609375, 0.0]",
test/drowsy/A0018.raw,1,1,1,1,False,61.4328,"[255, 0]","[0.99609375, 0.0]",
test/drowsy/A0019.raw,1,1,1,1,False,54.0633,"[255, 0]","[0.99609375, 0.0]",
test/drowsy/A0020.raw,1,1,1,1,False,52.3936,"[255, 0]","[0.99609375, 0.0]",
test/drowsy/A0021.raw,1,1,1,1,False,53.5598,"[255, 0]","[0.99609375, 0.0]",
test/drowsy/A0022.raw,1,1,1,1,False,61.4944,"[255, 0]","[0.99609375, 0.0]",
test/drowsy/A0023.raw,1,1,1,1,False,98.6405,"[255, 0]","[0.99609375, 0.0]",
test/drowsy/A0024.raw,1,1,1,1,False,116.8378,"[255, 0]","[0.99609375, 0.0]",
test/drowsy/A0025.raw,1,1,1,1,False,125.0934,"[255, 0]","[0.99609375, 0.0]",
test/drowsy/A0026.raw,1,1,1,1,False,134.0545,"[255, 0]","[0.99609375, 0.0]",
test/drowsy/A0027.raw,1,1,1,1,False,124.4544,"[255, 0]","[0.99609375, 0.0]",
test/drowsy/A0028.raw,1,1,1,1,False,136.9532,"[255, 0]","[0.99609375, 0.0]",
test/drowsy/A0029.raw,1,1,1,1,False,135.7675,"[255, 0]","[0.99609375, 0.0]",
test/drowsy/A0030.raw,1,1,1,1,False,116.1629,"[255, 0]","[0.99609375, 0.0]",
test/drowsy/A0031.raw,1,1,1,1,False,126.2082,"[255, 0]","[0.99609375, 0.0]",
test/drowsy/A0032.raw,1,1,1,1,False,121.4782,"[255, 0]","[0.99609375, 0.0]",
test/drowsy/A0033.raw,1,1,1,1,False,116.1414,"[255, 0]","[0.99609375, 0.0]",
test/drowsy/A0034.raw,1,1,1,1,False,105.0698,"[255, 0]","[0.99609375, 0.0]",
test/drowsy/A0035.raw,1,1,1,1,False,101.3865,"[255, 0]","[0.99609375, 0.0]",
test/drowsy/A0036.raw,1,1,1,1,False,110.1542,"[255, 0]","[0.99609375, 0.0]",
test/drowsy/A0037.raw,1,1,1,1,False,104.1357,"[255, 0]","[0.99609375, 0.0]",
test/drowsy/A0038.raw,1,1,1,1,False,100.9834,"[255, 0]","[0.99609375, 0.0]",
test/drowsy/A0039.raw,1,1,1,1,False,108.456,"[255, 0]","[0.99609375, 0.0]",
test/drowsy/A0040.raw,1,1,1,1,False,97.2139,"[255, 0]","[0.99609375, 0.0]",
test/drowsy/A0041.raw,1,1,1,1,False,97.6157,"[255, 0]","[0.99609375, 0.0]",
test/drowsy/A0042.raw,1,1,1,1,False,99.6822,"[255, 0]","[0.99609375, 0.0]",
test/drowsy/A0043.raw,1,1,1,1,False,101.1868,"[255, 0]","[0.99609375, 0.0]",
test/drowsy/A0044.raw,1,1,1,1,False,89.0014,"[255, 0]","[0.99609375, 0.0]",
test/drowsy/A0045.raw,1,1,1,1,False,89.4404,"[255, 0]","[0.99609375, 0.0]",
test/drowsy/A0046.raw,1,1,1,1,False,85.6095,"[255, 0]","[0.99609375, 0.0]",
test/drowsy/A0047.raw,1,1,1,1,False,93.1552,"[255, 0]","[0.99609375, 0.0]",
test/drowsy/A0048.raw,1,1,1,1,False,94.2212,"[255, 0]","[0.99609375, 0.0]",
test/drowsy/A0049.raw,1,1,1,1,False,92.2323,"[255, 0]","[0.99609375, 0.0]",
test/drowsy/A0050.raw,1,1,1,1,False,111.883,"[255, 0]","[0.99609375, 0.0]",
test/drowsy/A0051.raw,1,1,1,1,False,95.9509,"[255, 0]","[0.99609375, 0.0]",
test/drowsy/A0052.raw,1,1,1,1,False,80.4374,"[255, 0]","[0.99609375, 0.0]",
test/drowsy/A0053.raw,1,1,1,1,False,90.8741,"[255, 0]","[0.99609375, 0.0]",
test/drowsy/A0054.raw,1,1,1,1,False,84.8544,"[255, 0]","[0.99609375, 0.0]",
test/drowsy/A0055.raw,1,1,1,1,False,84.4315,"[255, 0]","[0.99609375, 0.0]",
test/drowsy/A0056.raw,1,1,1,1,False,93.7308,"[255, 0]","[0.99609375, 0.0]",
test/drowsy/A0057.raw,1,1,1,1,False,84.8596,"[255, 0]","[0.99609375, 0.0]",
test/drowsy/A0058.raw,1,1,1,1,False,75.7669,"[255, 0]","[0.99609375, 0.0]",
test/drowsy/A0059.raw,1,1,1,1,False,74.9138,"[255, 0]","[0.99609375, 0.0]",
test/drowsy/A0060.raw,1,1,1,1,False,93.0612,"[255, 0]","[0.99609375, 0.0]",
test/drowsy/A0061.raw,1,1,1,1,False,89.0258,"[255, 0]","[0.99609375, 0.0]",
test/drowsy/A0062.raw,1,1,1,1,False,90.5967,"[255, 0]","[0.99609375, 0.0]",
test/drowsy/A0063.raw,1,1,1,1,False,89.8708,"[255, 0]","[0.99609375, 0.0]",
test/drowsy/A0064.raw,1,1,1,1,False,85.9432,"[255, 0]","[0.99609375, 0.0]",
test/drowsy/A0065.raw,1,1,1,1,False,89.2215,"[255, 0]","[0.99609375, 0.0]",
test/drowsy/A0066.raw,1,1,1,1,False,92.1873,"[255, 0]","[0.99609375, 0.0]",
test/drowsy/A0067.raw,1,1,1,1,False,87.2966,"[255, 0]","[0.99609375, 0.0]",
test/drowsy/A0068.raw,1,1,1,1,False,82.6493,"[255, 0]","[0.99609375, 0.0]",
test/drowsy/A0069.raw,1,1,1,1,False,82.7575,"[255, 0]","[0.99609375, 0.0]",
test/drowsy/A0070.raw,1,1,1,1,False,83.1969,"[255, 0]","[0.99609375, 0.0]",
test/drowsy/A0071.raw,1,1,1,1,False,89.6407,"[255, 0]","[0.99609375, 0.0]",
test/drowsy/A0072.raw,1,1,1,1,False,84.9335,"[255, 0]","[0.99609375, 0.0]",
test/drowsy/A0073.raw,1,1,1,1,False,91.6243,"[255, 0]","[0.99609375, 0.0]",
test/drowsy/A0074.raw,1,1,1,1,False,91.1622,"[255, 0]","[0.99609375, 0.0]",
test/drowsy/A0075.raw,1,1,1,1,False,108.292,"[255, 0]","[0.99609375, 0.0]",
test/drowsy/A0076.raw,1,1,1,1,False,113.4023,"[255, 0]","[0.99609375, 0.0]",
test/drowsy/A0077.raw,1,1,1,1,False,109.7114,"[255, 0]","[0.99609375, 0.0]",
test/drowsy/A0078.raw,1,1,1,1,False,115.646,"[255, 0]","[0.99609375, 0.0]",
test/drowsy/A0079.raw,1,1,1,1,False,120.0777,"[255, 0]","[0.99609375, 0.0]",
test/drowsy/A0080.raw,1,1,1,1,False,114.8803,"[255, 0]","[0.99609375, 0.0]",
test/drowsy/A0081.raw,1,1,1,1,False,107.5412,"[255, 0]","[0.99609375, 0.0]",
test/drowsy/A0082.raw,1,1,1,1,False,107.5897,"[255, 0]","[0.99609375, 0.0]",
test/drowsy/A0083.raw,1,1,1,1,False,106.5243,"[255, 0]","[0.99609375, 0.0]",
test/drowsy/A0084.raw,1,1,1,1,False,114.4815,"[255, 0]","[0.99609375, 0.0]",
test/drowsy/A0085.raw,1,1,1,1,False,116.803,"[255, 0]","[0.99609375, 0.0]",
test/drowsy/A0086.raw,1,1,1,1,False,112.9284,"[255, 0]","[0.99609375, 0.0]",
test/drowsy/A0087.raw,1,1,1,1,False,109.1102,"[255, 0]","[0.99609375, 0.0]",
test/drowsy/A0088.raw,1,1,1,1,False,111.6133,"[255, 0]","[0.99609375, 0.0]",
test/drowsy/A0089.raw,1,1,1,1,False,104.4789,"[255, 0]","[0.99609375, 0.0]",
test/drowsy/A0090.raw,1,1,1,1,False,114.4135,"[255, 0]","[0.99609375, 0.0]",
test/drowsy/A0091.raw,1,1,1,1,False,112.0675,"[255, 0]","[0.99609375, 0.0]",
test/drowsy/A0092.raw,1,1,1,1,False,104.7084,"[255, 0]","[0.99609375, 0.0]",
test/drowsy/A0093.raw,1,1,1,1,False,114.4744,"[255, 0]","[0.99609375, 0.0]",
test/drowsy/A0094.raw,1,1,1,1,False,105.097,"[255, 0]","[0.99609375, 0.0]",
test/drowsy/A0095.raw,1,1,1,1,False,107.2685,"[255, 0]","[0.99609375, 0.0]",
test/drowsy/A0096.raw,1,1,1,1,False,112.4926,"[255, 0]","[0.99609375, 0.0]",
test/drowsy/A0097.raw,1,1,1,1,False,114.7656,"[255, 0]","[0.99609375, 0.0]",
test/drowsy/A0098.raw,1,1,1,1,False,108.7485,"[255, 0]","[0.99609375, 0.0]",
test/drowsy/A0099.raw,1,1,1,1,False,111.2736,"[255, 0]","[0.99609375, 0.0]",
test/drowsy/A0100.raw,1,1,1,1,False,110.1768,"[255, 0]","[0.99609375, 0.0]",
test/drowsy/A0101.raw,1,1,1,1,False,105.6744,"[255, 0]","[0.99609375, 0.0]",
test/drowsy/A0102.raw,1,1,1,1,False,123.8659,"[255, 0]","[0.99609375, 0.0]",
test/drowsy/A0103.raw,1,1,1,1,False,111.5382,"[255, 0]","[0.99609375, 0.0]",
test/drowsy/A0104.raw,1,1,1,1,False,108.67,"[255, 0]","[0.99609375, 0.0]",
test/drowsy/A0105.raw,1,1,1,1,False,103.785,"[255, 0]","[0.99609375, 0.0]",
test/drowsy/A0106.raw,1,1,1,1,False,107.9627,"[255, 0]","[0.99609375, 0.0]",
test/drowsy/A0107.raw,1,1,1,1,False,111.4104,"[255, 0]","[0.99609375, 0.0]",
test/drowsy/A0108.raw,1,1,1,1,False,112.3958,"[255, 0]","[0.99609375, 0.0]",
test/drowsy/A0109.raw,1,1,1,1,False,122.761,"[255, 0]","[0.99609375, 0.0]",
test/drowsy/A0110.raw,1,1,1,1,False,114.0073,"[255, 0]","[0.99609375, 0.0]",
test/drowsy/A0111.raw,1,1,1,1,False,105.8537,"[255, 0]","[0.99609375, 0.0]",
test/drowsy/A0112.raw,1,1,1,1,False,108.7069,"[255, 0]","[0.99609375, 0.0]",
test/drowsy/A0113.raw,1,1,1,1,False,115.5246,"[255, 0]","[0.99609375, 0.0]",
test/drowsy/A0114.raw,1,1,1,1,False,115.5857,"[255, 0]","[0.99609375, 0.0]",
test/drowsy/A0115.raw,1,1,1,1,False,112.4109,"[255, 0]","[0.99609375, 0.0]",
test/drowsy/A0116.raw,1,1,1,1,False,112.9313,"[255, 0]","[0.99609375, 0.0]",
test/drowsy/A0117.raw,1,1,1,1,False,117.633,"[255, 0]","[0.99609375, 0.0]",
test/drowsy/A0118.raw,1,1,1,1,False,117.5661,"[255, 0]","[0.99609375, 0.0]",
test/drowsy/A0119.raw,1,1,1,1,False,112.5096,"[255, 0]","[0.99609375, 0.0]",
test/drowsy/A0120.raw,1,1,1,1,False,111.2353,"[255, 0]","[0.99609375, 0.0]",
test/drowsy/A0121.raw,1,1,1,1,False,125.5995,"[255, 0]","[0.99609375, 0.0]",
test/drowsy/A0122.raw,1,1,1,1,False,120.9388,"[255, 0]","[0.99609375, 0.0]",
test/drowsy/A0123.raw,1,1,1,1,False,118.2188,"[255, 0]","[0.99609375, 0.0]",
test/drowsy/A0124.raw,1,1,1,1,False,112.3731,"[255, 0]","[0.99609375, 0.0]",
test/drowsy/A0125.raw,1,1,1,1,False,118.6109,"[255, 0]","[0.99609375, 0.0]",
test/drowsy/A0126.raw,1,1,1,1,False,119.1096,"[255, 0]","[0.99609375, 0.0]",
test/drowsy/A0127.raw,1,1,1,1,False,118.4479,"[255, 0]","[0.99609375, 0.0]",
test/drowsy/A0128.raw,1,1,1,1,False,108.3411,"[255, 0]","[0.99609375, 0.0]",
test/drowsy/A0129.raw,1,1,1,1,False,109.9027,"[255, 0]","[0.99609375, 0.0]",
test/drowsy/A0130.raw,1,1,1,1,False,114.662,"[255, 0]","[0.99609375, 0.0]",
test/drowsy/A0131.raw,1,1,1,1,False,114.4599,"[255, 0]","[0.99609375, 0.0]",
test/drowsy/A0132.raw,1,1,1,1,False,119.1692,"[255, 0]","[0.99609375, 0.0]",
test/drowsy/A0133.raw,1,1,1,1,False,107.8247,"[255, 0]","[0.99609375, 0.0]",
test/drowsy/A0134.raw,1,1,1,1,False,117.1029,"[255, 0]","[0.99609375, 0.0]",
test/drowsy/A0135.raw,1,1,1,1,False,127.1744,"[255, 0]","[0.99609375, 0.0]",
test/drowsy/A0136.raw,1,1,1,1,False,122.0884,"[255, 0]","[0.99609375, 0.0]",
test/drowsy/A0137.raw,1,1,1,1,False,131.0172,"[255, 0]","[0.99609375, 0.0]",
test/drowsy/A0138.raw,1,1,1,1,False,115.3835,"[255, 0]","[0.99609375, 0.0]",
test/drowsy/A0139.raw,1,1,1,1,False,118.9336,"[255, 0]","[0.99609375, 0.0]",
test/drowsy/A0140.raw,1,1,1,1,False,108.4254,"[255, 0]","[0.99609375, 0.0]",
test/drowsy/A0141.raw,1,1,1,1,False,107.4748,"[255, 0]","[0.99609375, 0.0]",
test/drowsy/A0142.raw,1,1,1,1,False,117.3073,"[255, 0]","[0.99609375, 0.0]",
test/drowsy/A0143.raw,1,1,1,1,False,118.8697,"[255, 0]","[0.99609375, 0.0]",
test/drowsy/A0144.raw,1,1,1,1,False,123.1826,"[255, 0]","[0.99609375, 0.0]",
test/drowsy/A0145.raw,1,1,1,1,False,115.6949,"[255, 0]","[0.99609375, 0.0]",
test/drowsy/A0146.raw,1,1,1,1,False,110.1875,"[255, 0]","[0.99609375, 0.0]",
test/drowsy/A0147.raw,1,1,1,1,False,126.7393,"[255, 0]","[0.99609375, 0.0]",
test/drowsy/A0148.raw,1,1,1,1,False,122.3597,"[255, 0]","[0.99609375, 0.0]",
test/drowsy/A0149.raw,1,1,1,1,False,111.991,"[255, 0]","[0.99609375, 0.0]",
test/drowsy/A0150.raw,1,1,1,1,False,114.8466,"[255, 0]","[0.99609375, 0.0]",
test/drowsy/A0151.raw,1,1,1,1,False,117.3722,"[255, 0]","[0.99609375, 0.0]",
test/drowsy/A0152.raw,1,1,1,1,False,105.1037,"[255, 0]","[0.99609375, 0.0]",
test/drowsy/A0153.raw,1,1,1,1,False,109.9949,"[255, 0]","[0.99609375, 0.0]",
test/drowsy/A0154.raw,1,1,1,1,False,108.5384,"[255, 0]","[0.99609375, 0.0]",
test/drowsy/A0155.raw,1,1,1,1,False,110.1048,"[255, 0]","[0.99609375, 0.0]",
test/drowsy/A0156.raw,1,1,1,1,False,123.5829,"[255, 0]","[0.99609375, 0.0]",
test/drowsy/A0157.raw,1,1,1,1,False,121.4413,"[255, 0]","[0.99609375, 0.0]",
test/drowsy/A0158.raw,1,1,1,1,False,117.9661,"[255, 0]","[0.99609375, 0.0]",
test/drowsy/A0159.raw,1,1,1,1,False,112.3093,"[255, 0]","[0.99609375, 0.0]",
test/drowsy/A0160.raw,1,1,1,1,False,115.0058,"[255, 0]","[0.99609375, 0.0]",
test/drowsy/A0161.raw,1,1,1,1,False,111.137,"[255, 0]","[0.99609375, 0.0]",
test/drowsy/A0162.raw,1,1,1,1,False,108.877,"[255, 0]","[0.99609375, 0.0]",
test/drowsy/A0163.raw,1,1,1,1,False,103.7025,"[255, 0]","[0.99609375, 0.0]",
test/drowsy/A0164.raw,1,1,1,1,False,105.1932,"[255, 0]","[0.99609375, 0.0]",
test/drowsy/A0165.raw,1,1,1,1,False,95.7551,"[255, 0]","[0.99609375, 0.0]",
test/drowsy/A0166.raw,1,1,1,1,False,105.4912,"[255, 0]","[0.99609375, 0.0]",
test/drowsy/A0167.raw,1,1,1,1,False,101.1046,"[255, 0]","[0.99609375, 0.0]",
test/drowsy/A0168.raw,1,1,1,1,False,98.4836,"[255, 0]","[0.99609375, 0.0]",
test/drowsy/A0169.raw,1,1,1,1,False,93.1223,"[255, 0]","[0.99609375, 0.0]",
test/drowsy/A0170.raw,1,1,1,1,False,86.588,"[255, 0]","[0.99609375, 0.0]",
test/drowsy/A0171.raw,1,1,1,1,False,108.8034,"[255, 0]","[0.99609375, 0.0]",
test/drowsy/A0172.raw,1,1,1,1,False,98.1873,"[255, 0]","[0.99609375, 0.0]",
test/drowsy/A0173.raw,1,1,1,1,False,94.7362,"[255, 0]","[0.99609375, 0.0]",
test/drowsy/A0174.raw,1,1,1,1,False,95.9823,"[255, 0]","[0.99609375, 0.0]",
test/drowsy/A0175.raw,1,1,1,1,False,90.1086,"[255, 0]","[0.99609375, 0.0]",
test/drowsy/A0176.raw,1,1,1,1,False,83.4534,"[255, 0]","[0.99609375, 0.0]",
test/drowsy/A0177.raw,1,1,1,1,False,82.5037,"[255, 0]","[0.99609375, 0.0]",
test/drowsy/A0178.raw,1,1,1,1,False,96.2965,"[255, 0]","[0.99609375, 0.0]",
test/drowsy/A0179.raw,1,1,1,1,False,91.6158,"[255, 0]","[0.99609375, 0.0]",
test/drowsy/A0180.raw,1,1,1,1,False,92.9518,"[255, 0]","[0.99609375, 0.0]",
test/drowsy/A0181.raw,1,1,1,1,False,88.886,"[255, 0]","[0.99609375, 0.0]",
test/drowsy/A0182.raw,1,1,1,1,False,100.5891,"[255, 0]","[0.99609375, 0.0]",
test/drowsy/A0183.raw,1,1,1,1,False,83.7914,"[255, 0]","[0.99609375, 0.0]",
test/drowsy/A0184.raw,1,1,1,1,False,83.3515,"[255, 0]","[0.99609375, 0.0]",
test/drowsy/A0185.raw,1,1,1,1,False,95.1928,"[255, 0]","[0.99609375, 0.0]",
test/drowsy/A0188.raw,1,1,1,1,False,91.2022,"[255, 0]","[0.99609375, 0.0]",
test/drowsy/A0189.raw,1,1,1,1,False,82.2201,"[255, 0]","[0.99609375, 0.0]",
test/drowsy/A0190.raw,1,1,1,1,False,93.1045,"[255, 0]","[0.99609375, 0.0]",
test/drowsy/A0191.raw,1,1,1,1,False,91.7157,"[255, 0]","[0.99609375, 0.0]",
test/drowsy/A0192.raw,1,1,1,1,False,89.8633,"[255, 0]","[0.99609375, 0.0]",
test/drowsy/A0193.raw,1,1,1,1,False,92.8508,"[255, 0]","[0.99609375, 0.0]",
test/drowsy/A0194.raw,1,1,1,1,False,108.267,"[255, 0]","[0.99609375, 0.0]",
test/drowsy/A0195.raw,1,1,1,1,False,113.1708,"[255, 0]","[0.99609375, 0.0]",
test/drowsy/A0196.raw,1,1,1,1,False,102.1243,"[255, 0]","[0.99609375, 0.0]",
test/drowsy/A0197.raw,1,1,1,1,False,104.8405,"[255, 0]","[0.99609375, 0.0]",
test/drowsy/A0198.raw,1,1,1,1,False,115.1342,"[255, 0]","[0.99609375, 0.0]",
test/drowsy/A0199.raw,1,1,1,1,False,107.4431,"[255, 0]","[0.99609375, 0.0]",
test/drowsy/A0200.raw,1,1,1,1,False,113.8689,"[255, 0]","[0.99609375, 0.0]",
test/drowsy/A0201.raw,1,1,1,1,False,105.4088,"[255, 0]","[0.99609375, 0.0]",
test/drowsy/A0202.raw,1,1,1,1,False,109.6296,"[255, 0]","[0.99609375, 0.0]",
test/drowsy/A0203.raw,1,1,1,1,False,117.8619,"[255, 0]","[0.99609375, 0.0]",
test/drowsy/A0204.raw,1,1,1,1,False,111.1055,"[255, 0]","[0.99609375, 0.0]",
test/drowsy/A0205.raw,1,1,1,1,False,105.7493,"[255, 0]","[0.99609375, 0.0]",
test/drowsy/A0206.raw,1,1,1,1,False,110.9911,"[255, 0]","[0.99609375, 0.0]",
test/drowsy/A0207.raw,1,1,1,1,False,128.3906,"[255, 0]","[0.99609375, 0.0]",
test/drowsy/A0208.raw,1,1,1,1,False,151.8468,"[255, 0]","[0.99609375, 0.0]",
test/drowsy/A0209.raw,1,1,1,1,False,216.2966,"[255, 0]","[0.99609375, 0.0]",
test/drowsy/A0210.raw,1,1,1,1,False,201.8455,"[255, 0]","[0.99609375, 0.0]",
test/drowsy/A0211.raw,1,1,1,1,False,167.1108,"[255, 0]","[0.99609375, 0.0]",
test/drowsy/A0212.raw,1,1,1,1,False,156.5602,"[255, 0]","[0.99609375, 0.0]",
test/drowsy/A0213.raw,1,1,1,1,False,179.4666,"[255, 0]","[0.99609375, 0.0]",
test/drowsy/A0214.raw,1,1,1,1,False,141.6965,"[255, 0]","[0.99609375, 0.0]",
test/drowsy/A0215.raw,1,1,1,1,False,230.1597,"[255, 0]","[0.99609375, 0.0]",
test/drowsy/A0216.raw,1,1,1,1,False,145.6858,"[255, 0]","[0.99609375, 0.0]",
test/drowsy/A0217.raw,1,1,1,1,False,169.1406,"[255, 0]","[0.99609375, 0.0]",
test/drowsy/A0218.raw,1,1,1,1,False,126.0573,"[255, 0]","[0.99609375, 0.0]",
test/drowsy/A0219.raw,1,1,1,1,False,165.4448,"[255, 0]","[0.99609375, 0.0]",
test/drowsy/A0220.raw,1,1,1,1,False,175.7486,"[255, 0]","[0.99609375, 0.0]",
test/drowsy/A0222.raw,1,1,1,1,False,296.3857,"[255, 0]","[0.99609375, 0.0]",
test/drowsy/A0223.raw,1,1,1,1,False,145.9002,"[255, 0]","[0.99609375, 0.0]",
test/drowsy/A0224.raw,1,1,1,1,False,198.0798,"[255, 0]","[0.99609375, 0.0]",
test/drowsy/A0225.raw,1,1,1,1,False,176.6481,"[255, 0]","[0.99609375, 0.0]",
test/drowsy/A0226.raw,1,1,1,1,False,120.2034,"[255, 0]","[0.99609375, 0.0]",
test/drowsy/A0227.raw,1,1,1,1,False,111.5059,"[255, 0]","[0.99609375, 0.0]",
test/drowsy/A0228.raw,1,1,1,1,False,114.8692,"[255, 0]","[0.99609375, 0.0]",
test/drowsy/A0229.raw,1,1,1,1,False,114.5876,"[255, 0]","[0.99609375, 0.0]",
test/drowsy/A0230.raw,1,1,1,1,False,112.5184,"[255, 0]","[0.99609375, 0.0]",
test/drowsy/A0231.raw,1,1,1,1,False,126.8163,"[255, 0]","[0.99609375, 0.0]",
test/drowsy/A0232.raw,1,1,1,1,False,119.5126,"[255, 0]","[0.99609375, 0.0]",
test/drowsy/A0233.raw,1,1,1,1,False,113.5695,"[255, 0]","[0.99609375, 0.0]",
test/drowsy/A0234.raw,1,1,1,1,False,120.4898,"[255, 0]","[0.99609375, 0.0]",
test/drowsy/A0235.raw,1,1,1,1,False,116.6645,"[255, 0]","[0.99609375, 0.0]",
test/drowsy/A0236.raw,1,1,1,1,False,104.9567,"[255, 0]","[0.99609375, 0.0]",
test/drowsy/A0237.raw,1,1,1,1,False,131.5859,"[255, 0]","[0.99609375, 0.0]",
test/drowsy/A0238.raw,1,1,1,1,False,121.0093,"[255, 0]","[0.99609375, 0.0]",
test/drowsy/A0239.raw,1,1,1,1,False,113.5212,"[255, 0]","[0.99609375, 0.0]",
test/drowsy/A0240.raw,1,1,1,1,False,108.7001,"[255, 0]","[0.99609375, 0.0]",
test/drowsy/A0241.raw,1,1,1,1,False,108.069,"[255, 0]","[0.99609375, 0.0]",
test/drowsy/A0242.raw,1,1,1,1,False,116.7912,"[255, 0]","[0.99609375, 0.0]",
test/drowsy/A0243.raw,1,1,1,1,False,258.9445,"[255, 0]","[0.99609375, 0.0]",
test/drowsy/A0244.raw,1,1,1,1,False,115.0715,"[255, 0]","[0.99609375, 0.0]",
test/drowsy/A0245.raw,1,1,1,1,False,104.344,"[255, 0]","[0.99609375, 0.0]",
test/drowsy/A0246.raw,1,1,1,1,False,115.5966,"[255, 0]","[0.99609375, 0.0]",
test/drowsy/A0247.raw,1,1,1,1,False,109.7572,"[255, 0]","[0.99609375, 0.0]",
test/drowsy/A0248.raw,1,1,1,1,False,115.4525,"[255, 0]","[0.99609375, 0.0]",
test/drowsy/A0249.raw,1,1,1,1,False,135.0312,"[255, 0]","[0.99609375, 0.0]",
test/drowsy/A0250.raw,1,1,1,1,False,107.9097,"[255, 0]","[0.99609375, 0.0]",
test/drowsy/A0252.raw,1,1,1,1,False,111.9102,"[255, 0]","[0.99609375, 0.0]",
test/drowsy/A0253.raw,1,1,1,1,False,107.4087,"[255, 0]","[0.99609375, 0.0]",
test/drowsy/A0254.raw,1,1,1,1,False,105.1477,"[255, 0]","[0.99609375, 0.0]",
test/drowsy/A0255.raw,1,1,1,1,False,107.3086,"[255, 0]","[0.99609375, 0.0]",
test/drowsy/A0256.raw,1,1,1,1,False,106.7283,"[255, 0]","[0.99609375, 0.0]",
test/drowsy/A0257.raw,1,1,1,1,False,114.3616,"[255, 0]","[0.99609375, 0.0]",
test/drowsy/A0258.raw,1,1,1,1,False,111.0804,"[255, 0]","[0.99609375, 0.0]",
test/drowsy/A0259.raw,1,1,1,1,False,106.4011,"[255, 0]","[0.99609375, 0.0]",
test/drowsy/A0260.raw,1,1,1,1,False,124.5826,"[255, 0]","[0.99609375, 0.0]",
test/drowsy/A0261.raw,1,1,1,1,False,115.8111,"[255, 0]","[0.99609375, 0.0]",
test/drowsy/A0262.raw,1,1,1,1,False,110.6578,"[255, 0]","[0.99609375, 0.0]",
test/drowsy/A0263.raw,1,1,1,1,False,102.0394,"[255, 0]","[0.99609375, 0.0]",
test/drowsy/A0264.raw,1,1,1,1,False,115.9265,"[255, 0]","[0.99609375, 0.0]",
test/drowsy/A0265.raw,1,1,1,1,False,110.3564,"[255, 0]","[0.99609375, 0.0]",
test/drowsy/A0266.raw,1,1,1,1,False,100.7835,"[255, 0]","[0.99609375, 0.0]",
test/drowsy/A0267.raw,1,1,1,1,False,108.951,"[255, 0]","[0.99609375, 0.0]",
test/drowsy/A0268.raw,1,1,1,1,False,113.3494,"[255, 0]","[0.99609375, 0.0]",
test/drowsy/A0269.raw,1,1,1,1,False,115.5451,"[255, 0]","[0.99609375, 0.0]",
test/drowsy/A0270.raw,1,1,1,1,False,113.6995,"[255, 0]","[0.99609375, 0.0]",
test/drowsy/A0271.raw,1,1,1,1,False,114.0866,"[255, 0]","[0.99609375, 0.0]",
test/drowsy/A0272.raw,1,1,1,1,False,117.6793,"[255, 0]","[0.99609375, 0.0]",
test/drowsy/A0273.raw,1,1,1,1,False,117.6508,"[255, 0]","[0.99609375, 0.0]",
test/drowsy/A0274.raw,1,1,1,1,False,115.0037,"[255, 0]","[0.99609375, 0.0]",
test/drowsy/A0275.raw,1,1,1,1,False,111.0212,"[255, 0]","[0.99609375, 0.0]",
test/drowsy/A0276.raw,1,1,1,1,False,107.4678,"[255, 0]","[0.99609375, 0.0]",
test/drowsy/A0277.raw,1,1,1,1,False,107.3653,"[255, 0]","[0.99609375, 0.0]",
test/drowsy/A0278.raw,1,1,1,1,False,123.9846,"[255, 0]","[0.99609375, 0.0]",
test/drowsy/A0279.raw,1,1,1,1,False,108.1827,"[255, 0]","[0.99609375, 0.0]",
test/drowsy/A0280.raw,1,1,1,1,False,122.7971,"[255, 0]","[0.99609375, 0.0]",
test/drowsy/A0284.raw,1,1,1,1,False,118.5666,"[255, 0]","[0.99609375, 0.0]",
test/drowsy/A0285.raw,1,1,1,1,False,115.4709,"[255, 0]","[0.99609375, 0.0]",
test/drowsy/A0286.raw,1,1,1,1,False,119.7014,"[255, 0]","[0.99609375, 0.0]",
test/drowsy/A0287.raw,1,1,1,1,False,114.7256,"[255, 0]","[0.99609375, 0.0]",
test/drowsy/A0288.raw,1,1,1,1,False,111.2187,"[255, 0]","[0.99609375, 0.0]",
test/drowsy/A0289.raw,1,1,1,1,False,122.601,"[255, 0]","[0.99609375, 0.0]",
test/drowsy/A0290.raw,1,1,1,1,False,127.114,"[255, 0]","[0.99609375, 0.0]",
test/drowsy/A0291.raw,1,1,1,1,False,114.5606,"[255, 0]","[0.99609375, 0.0]",
test/drowsy/A0292.raw,1,1,1,1,False,120.2883,"[255, 0]","[0.99609375, 0.0]",
test/drowsy/A0293.raw,1,1,1,1,False,121.1953,"[255, 0]","[0.99609375, 0.0]",
test/drowsy/A0294.raw,1,1,1,1,False,120.999,"[255, 0]","[0.99609375, 0.0]",
test/drowsy/A0295.raw,1,1,1,1,False,117.4291,"[255, 0]","[0.99609375, 0.0]",
test/drowsy/A0296.raw,1,1,1,1,False,110.5161,"[255, 0]","[0.99609375, 0.0]",
test/drowsy/A0297.raw,1,1,1,1,False,119.3347,"[255, 0]","[0.99609375, 0.0]",
test/drowsy/A0298.raw,1,1,1,1,False,113.174,"[255, 0]","[0.99609375, 0.0]",
test/drowsy/A0299.raw,1,1,1,1,False,105.4685,"[255, 0]","[0.99609375, 0.0]",
test/drowsy/A0300.raw,1,1,1,1,False,110.0525,"[255, 0]","[0.99609375, 0.0]",
test/drowsy/A0301.raw,1,1,1,1,False,132.1336,"[255, 0]","[0.99609375, 0.0]",
test/drowsy/A0302.raw,1,1,1,1,False,132.8536,"[255, 0]","[0.99609375, 0.0]",
test/drowsy/A0303.raw,1,1,1,1,False,134.1388,"[255, 0]","[0.99609375, 0.0]",
test/drowsy/A0304.raw,1,1,1,1,False,133.2041,"[255, 0]","[0.99609375, 0.0]",
test/drowsy/A0305.raw,1,1,1,1,False,111.6229,"[255, 0]","[0.99609375, 0.0]",
test/drowsy/A0306.raw,1,1,1,1,False,124.5492,"[255, 0]","[0.99609375, 0.0]",
test/drowsy/A0307.raw,1,1,1,1,False,143.5127,"[255, 0]","[0.99609375, 0.0]",
test/drowsy/A0308.raw,1,1,1,1,False,166.9029,"[255, 0]","[0.99609375, 0.0]",
test/drowsy/A0309.raw,1,1,1,1,False,178.6407,"[255, 0]","[0.99609375, 0.0]",
test/drowsy/A0310.raw,1,1,1,1,False,130.1712,"[255, 0]","[0.99609375, 0.0]",
test/drowsy/A0311.raw,1,1,1,1,False,133.2858,"[255, 0]","[0.99609375, 0.0]",
test/drowsy/A0312.raw,1,1,1,1,False,125.1221,"[255, 0]","[0.99609375, 0.0]",
test/drowsy/A0313.raw,1,1,1,1,False,132.2993,"[255, 0]","[0.99609375, 0.0]",
test/drowsy/A0314.raw,1,1,1,1,False,124.5523,"[255, 0]","[0.99609375, 0.0]",
test/drowsy/A0315.raw,1,1,1,1,False,123.1639,"[255, 0]","[0.99609375, 0.0]",
test/drowsy/A0316.raw,1,1,1,1,False,116.8053,"[255, 0]","[0.99609375, 0.0]",
test/drowsy/A0317.raw,1,1,1,1,False,209.2683,"[255, 0]","[0.99609375, 0.0]",
test/drowsy/A0318.raw,1,1,1,1,False,156.5316,"[255, 0]","[0.99609375, 0.0]",
test/drowsy/A0319.raw,1,1,1,1,False,144.5582,"[255, 0]","[0.99609375, 0.0]",
test/drowsy/A0320.raw,1,1,1,1,False,129.973,"[255, 0]","[0.99609375, 0.0]",
test/drowsy/A0321.raw,1,1,1,1,False,161.806,"[255, 0]","[0.99609375, 0.0]",
test/drowsy/A0322.raw,1,1,1,1,False,124.6961,"[255, 0]","[0.99609375, 0.0]",
test/drowsy/A0323.raw,1,1,1,1,False,132.5227,"[255, 0]","[0.99609375, 0.0]",
test/drowsy/A0324.raw,1,1,1,1,False,136.1263,"[255, 0]","[0.99609375, 0.0]",
test/drowsy/A0325.raw,1,1,1,1,False,131.1466,"[255, 0]","[0.99609375, 0.0]",
test/drowsy/A0326.raw,1,1,1,1,False,137.0263,"[255, 0]","[0.99609375, 0.0]",
test/drowsy/A0327.raw,1,1,1,1,False,137.5528,"[255, 0]","[0.99609375, 0.0]",
test/drowsy/A0328.raw,1,1,1,1,False,110.7215,"[255, 0]","[0.99609375, 0.0]",
test/drowsy/A0329.raw,1,1,1,1,False,109.1652,"[255, 0]","[0.99609375, 0.0]",
test/drowsy/A0330.raw,1,1,1,1,False,105.6069,"[255, 0]","[0.99609375, 0.0]",
test/drowsy/A0331.raw,1,1,1,1,False,111.4518,"[255, 0]","[0.99609375, 0.0]",
test/drowsy/A0332.raw,1,1,1,1,False,105.1174,"[255, 0]","[0.99609375, 0.0]",
test/drowsy/A0333.raw,1,1,1,1,False,120.6283,"[255, 0]","[0.99609375, 0.0]",
test/drowsy/A0334.raw,1,1,1,1,False,108.7434,"[255, 0]","[0.99609375, 0.0]",
test/drowsy/A0335.raw,1,1,1,1,False,119.098,"[255, 0]","[0.99609375, 0.0]",
test/drowsy/A0336.raw,1,1,1,1,False,108.3049,"[255, 0]","[0.99609375, 0.0]",
test/drowsy/A0337.raw,1,1,1,1,False,113.5509,"[255, 0]","[0.99609375, 0.0]",
test/drowsy/A0338.raw,1,1,1,1,False,116.0062,"[255, 0]","[0.99609375, 0.0]",
test/drowsy/A0339.raw,1,1,1,1,False,129.7316,"[255, 0]","[0.99609375, 0.0]",
test/drowsy/A0340.raw,1,1,1,1,False,117.9007,"[255, 0]","[0.99609375, 0.0]",
test/drowsy/A0341.raw,1,1,1,1,False,105.2622,"[255, 0]","[0.99609375, 0.0]",
test/drowsy/A0342.raw,1,1,1,1,False,107.8668,"[255, 0]","[0.99609375, 0.0]",
test/drowsy/A0343.raw,1,1,1,1,False,126.0208,"[255, 0]","[0.99609375, 0.0]",
test/drowsy/A0344.raw,1,1,1,1,False,105.7971,"[255, 0]","[0.99609375, 0.0]",
test/drowsy/A0345.raw,1,1,1,1,False,105.6522,"[255, 0]","[0.99609375, 0.0]",
test/drowsy/A0346.raw,1,1,1,1,False,112.0793,"[255, 0]","[0.99609375, 0.0]",
test/drowsy/A0347.raw,1,1,1,1,False,98.9496,"[255, 0]","[0.99609375, 0.0]",
test/drowsy/A0348.raw,1,1,1,1,False,95.839,"[255, 0]","[0.99609375, 0.0]",
test/drowsy/A0349.raw,1,1,1,1,False,100.4521,"[255, 0]","[0.99609375, 0.0]",
test/drowsy/A0350.raw,1,1,1,1,False,95.7277,"[255, 0]","[0.99609375, 0.0]",
test/drowsy/A0352.raw,1,1,1,1,False,98.46,"[255, 0]","[0.99609375, 0.0]",
test/drowsy/A0353.raw,1,1,1,1,False,98.8944,"[255, 0]","[0.99609375, 0.0]",
test/drowsy/A0354.raw,1,1,1,1,False,108.7583,"[255, 0]","[0.99609375, 0.0]",
test/drowsy/A0355.raw,1,1,1,1,False,95.2159,"[255, 0]","[0.99609375, 0.0]",
test/drowsy/A0356.raw,1,1,1,1,False,102.7081,"[255, 0]","[0.99609375, 0.0]",
test/drowsy/A0357.raw,1,1,1,1,False,107.0322,"[255, 0]","[0.99609375, 0.0]",
test/drowsy/A0358.raw,1,1,1,1,False,99.0231,"[255, 0]","[0.99609375, 0.0]",
test/drowsy/A0359.raw,1,1,1,1,False,98.1738,"[255, 0]","[0.99609375, 0.0]",
test/drowsy/A0360.raw,1,1,1,1,False,88.3397,"[255, 0]","[0.99609375, 0.0]",
test/drowsy/A0361.raw,1,1,1,1,False,223.469,"[255, 0]","[0.99609375, 0.0]",
test/drowsy/A0362.raw,1,1,1,1,False,226.5509,"[255, 0]","[0.99609375, 0.0]",
test/drowsy/A0363.raw,1,1,1,1,False,138.0695,"[255, 0]","[0.99609375, 0.0]",
test/drowsy/A0364.raw,1,1,1,1,False,139.6342,"[255, 0]","[0.99609375, 0.0]",
test/drowsy/A0365.raw,1,1,1,1,False,158.857,"[255, 0]","[0.99609375, 0.0]",
test/drowsy/A0366.raw,1,1,1,1,False,98.1858,"[255, 0]","[0.99609375, 0.0]",
test/drowsy/A0367.raw,1,1,1,1,False,111.6938,"[255, 0]","[0.99609375, 0.0]",
test/drowsy/A0368.raw,1,1,1,1,False,138.3872,"[255, 0]","[0.99609375, 0.0]",
test/drowsy/A0369.raw,1,1,1,1,False,128.1815,"[255, 0]","[0.99609375, 0.0]",
test/drowsy/A0370.raw,1,1,1,1,False,129.9933,"[255, 0]","[0.99609375, 0.0]",
test/drowsy/A0371.raw,1,1,1,1,False,101.434,"[255, 0]","[0.99609375, 0.0]",
test/drowsy/A0372.raw,1,1,1,1,False,88.6736,"[255, 0]","[0.99609375, 0.0]",
test/drowsy/A0373.raw,1,1,1,1,False,91.302,"[255, 0]","[0.99609375, 0.0]",
test/drowsy/A0374.raw,1,1,1,1,False,89.9639,"[255, 0]","[0.99609375, 0.0]",
test/drowsy/A0376.raw,1,1,1,1,False,81.288,"[255, 0]","[0.99609375, 0.0]",
test/drowsy/A0377.raw,1,1,1,1,False,83.763,"[255, 0]","[0.99609375, 0.0]",
test/drowsy/A0378.raw,1,1,1,1,False,79.0019,"[255, 0]","[0.99609375, 0.0]",
test/drowsy/A0379.raw,1,1,1,1,False,83.7159,"[255, 0]","[0.99609375, 0.0]",
test/drowsy/A0380.raw,1,1,1,1,False,82.0749,"[255, 0]","[0.99609375, 0.0]",
test/drowsy/A0381.raw,1,1,1,1,False,83.7447,"[255, 0]","[0.99609375, 0.0]",
test/drowsy/A0382.raw,1,1,1,1,False,76.8867,"[255, 0]","[0.99609375, 0.0]",
test/drowsy/A0383.raw,1,1,1,1,False,90.2408,"[255, 0]","[0.99609375, 0.0]",
test/drowsy/A0384.raw,1,1,1,1,False,90.3488,"[255, 0]","[0.99609375, 0.0]",
test/drowsy/A0385.raw,1,1,1,1,False,85.5572,"[255, 0]","[0.99609375, 0.0]",
test/drowsy/A0386.raw,1,1,1,1,False,86.1419,"[255, 0]","[0.99609375, 0.0]",
test/drowsy/A0387.raw,1,1,1,1,False,96.0922,"[255, 0]","[0.99609375, 0.0]",
test/drowsy/A0388.raw,1,1,1,1,False,84.1027,"[255, 0]","[0.99609375, 0.0]",
test/drowsy/A0389.raw,1,1,1,1,False,92.4366,"[255, 0]","[0.99609375, 0.0]",
test/drowsy/A0390.raw,1,1,1,1,False,76.7059,"[255, 0]","[0.99609375, 0.0]",
test/drowsy/A0391.raw,1,1,1,1,False,88.8144,"[255, 0]","[0.99609375, 0.0]",
test/drowsy/A0392.raw,1,1,1,1,False,80.4149,"[255, 0]","[0.99609375, 0.0]",
test/drowsy/A0393.raw,1,1,1,1,False,71.4279,"[255, 0]","[0.99609375, 0.0]",
test/drowsy/A0394.raw,1,1,1,1,False,75.2456,"[255, 0]","[0.99609375, 0.0]",
test/drowsy/A0395.raw,1,1,1,1,False,66.5547,"[255, 0]","[0.99609375, 0.0]",
test/drowsy/A0396.raw,1,1,1,1,False,62.6461,"[255, 0]","[0.99609375, 0.0]",
test/drowsy/A0397.raw,1,1,1,1,False,68.4304,"[255, 0]","[0.99609375, 0.0]",
test/drowsy/A0398.raw,1,1,1,1,False,61.8776,"[255, 0]","[0.99609375, 0.0]",
test/drowsy/A0399.raw,1,1,1,1,False,64.6359,"[255, 0]","[0.99609375, 0.0]",
test/drowsy/A0400.raw,1,1,1,1,False,61.7284,"[255, 0]","[0.99609375, 0.0]",
test/drowsy/A0401.raw,1,1,1,1,False,61.8821,"[255, 0]","[0.99609375, 0.0]",
test/drowsy/A0402.raw,1,1,1,1,False,64.4516,"[255, 0]","[0.99609375, 0.0]",
test/drowsy/A0403.raw,1,1,1,1,False,63.8457,"[255, 0]","[0.99609375, 0.0]",
test/drowsy/A0404.raw,1,1,1,1,False,62.2824,"[255, 0]","[0.99609375, 0.0]",
test/drowsy/A0405.raw,1,1,1,1,False,58.7742,"[255, 0]","[0.99609375, 0.0]",
test/drowsy/A0406.raw,1,1,1,1,False,60.3656,"[255, 0]","[0.99609375, 0.0]",
test/drowsy/A0407.raw,1,1,1,1,False,57.9306,"[255, 0]","[0.99609375, 0.0]",
test/drowsy/A0408.raw,1,1,1,1,False,57.2885,"[255, 0]","[0.99609375, 0.0]",
test/drowsy/A0409.raw,1,1,1,1,False,58.2674,"[255, 0]","[0.99609375, 0.0]",
test/drowsy/A0410.raw,1,1,1,1,False,70.4749,"[255, 0]","[0.99609375, 0.0]",
test/drowsy/A0411.raw,1,1,1,1,False,62.5547,"[255, 0]","[0.99609375, 0.0]",
test/drowsy/A0412.raw,1,1,1,1,False,61.4146,"[255, 0]","[0.99609375, 0.0]",
test/drowsy/A0413.raw,1,1,1,1,False,59.8315,"[255, 0]","[0.99609375, 0.0]",
test/drowsy/A0414.raw,1,1,1,1,False,58.4739,"[255, 0]","[0.99609375, 0.0]",
test/drowsy/A0415.raw,1,1,1,1,False,66.9421,"[255, 0]","[0.99609375, 0.0]",
test/drowsy/A0416.raw,1,1,1,1,False,62.4556,"[255, 0]","[0.99609375, 0.0]",
test/drowsy/A0417.raw,1,1,1,1,False,58.431,"[255, 0]","[0.99609375, 0.0]",
test/drowsy/A0418.raw,1,1,1,1,False,61.5806,"[255, 0]","[0.99609375, 0.0]",
test/drowsy/A0419.raw,1,1,1,1,False,69.7756,"[255, 0]","[0.99609375, 0.0]",
test/drowsy/A0420.raw,1,1,1,1,False,59.7208,"[255, 0]","[0.99609375, 0.0]",
test/drowsy/A0421.raw,1,1,1,1,False,59.2029,"[255, 0]","[0.99609375, 0.0]",
test/drowsy/A0422.raw,1,1,1,1,False,58.9871,"[255, 0]","[0.99609375, 0.0]",
test/drowsy/A0423.raw,1,1,1,1,False,58.5647,"[255, 0]","[0.99609375, 0.0]",
test/drowsy/A0424.raw,1,1,1,1,False,56.8715,"[255, 0]","[0.99609375, 0.0]",
test/drowsy/A0425.raw,1,1,1,1,False,58.1466,"[255, 0]","[0.99609375, 0.0]",
test/drowsy/A0426.raw,1,1,1,1,False,57.9206,"[255, 0]","[0.99609375, 0.0]",
test/drowsy/A0427.raw,1,1,1,1,False,76.7606,"[255, 0]","[0.99609375, 0.0]",
test/drowsy/A0428.raw,1,1,1,1,False,63.3626,"[255, 0]","[0.99609375, 0.0]",
test/drowsy/A0429.raw,1,1,1,1,False,64.4392,"[255, 0]","[0.99609375, 0.0]",
test/drowsy/A0430.raw,1,1,1,1,False,65.7588,"[255, 0]","[0.99609375, 0.0]",
test/drowsy/A0431.raw,1,1,1,1,False,64.1072,"[255, 0]","[0.99609375, 0.0]",
test/drowsy/A0432.raw,1,1,1,1,False,65.351,"[255, 0]","[0.99609375, 0.0]",
test/drowsy/A0433.raw,1,1,1,1,False,70.7484,"[255, 0]","[0.99609375, 0.0]",
test/drowsy/A0434.raw,1,1,1,1,False,70.8334,"[255, 0]","[0.99609375, 0.0]",
test/drowsy/A0435.raw,1,1,1,1,False,82.4403,"[255, 0]","[0.99609375, 0.0]",
test/drowsy/A0436.raw,1,1,1,1,False,68.6588,"[255, 0]","[0.99609375, 0.0]",
test/drowsy/A0437.raw,1,1,1,1,False,70.0579,"[255, 0]","[0.99609375, 0.0]",
test/drowsy/A0440.raw,1,1,1,1,False,67.0371,"[255, 0]","[0.99609375, 0.0]",
test/drowsy/A0441.raw,1,1,1,1,False,72.0702,"[255, 0]","[0.99609375, 0.0]",
test/drowsy/A0442.raw,1,1,1,1,False,83.6427,"[255, 0]","[0.99609375, 0.0]",
test/drowsy/A0443.raw,1,1,1,1,False,77.5618,"[255, 0]","[0.99609375, 0.0]",
test/drowsy/A0444.raw,1,1,1,1,False,76.6239,"[255, 0]","[0.99609375, 0.0]",
test/drowsy/A0445.raw,1,1,1,1,False,73.8218,"[255, 0]","[0.99609375, 0.0]",
test/drowsy/A0446.raw,1,1,1,1,False,68.196,"[255, 0]","[0.99609375, 0.0]",
test/drowsy/A0447.raw,1,1,1,1,False,85.6662,"[255, 0]","[0.99609375, 0.0]",
test/drowsy/A0448.raw,1,1,1,1,False,71.783,"[255, 0]","[0.99609375, 0.0]",
test/drowsy/A0449.raw,1,1,1,1,False,70.8099,"[255, 0]","[0.99609375, 0.0]",
test/drowsy/A0450.raw,1,1,1,1,False,70.8917,"[255, 0]","[0.99609375, 0.0]",
test/drowsy/A0451.raw,1,1,1,1,False,76.2024,"[255, 0]","[0.99609375, 0.0]",
test/drowsy/A0452.raw,1,1,1,1,False,70.3034,"[255, 0]","[0.99609375, 0.0]",
test/drowsy/A0453.raw,1,1,1,1,False,73.6769,"[255, 0]","[0.99609375, 0.0]",
test/drowsy/A0454.raw,1,1,1,1,False,66.0533,"[255, 0]","[0.99609375, 0.0]",
test/drowsy/A0455.raw,1,1,1,1,False,66.1394,"[255, 0]","[0.99609375, 0.0]",
test/drowsy/A0456.raw,1,1,1,1,False,69.9862,"[255, 0]","[0.99609375, 0.0]",
test/drowsy/A0457.raw,1,1,1,1,False,181.5224,"[255, 0]","[0.99609375, 0.0]",
test/drowsy/A0460.raw,1,1,1,1,False,117.6042,"[255, 0]","[0.99609375, 0.0]",
test/drowsy/A0461.raw,1,1,1,1,False,89.2398,"[255, 0]","[0.99609375, 0.0]",
test/drowsy/A0462.raw,1,1,1,1,False,87.0879,"[255, 0]","[0.99609375, 0.0]",
test/drowsy/A0463.raw,1,1,1,1,False,77.0925,"[255, 0]","[0.99609375, 0.0]",
test/drowsy/A0464.raw,1,1,1,1,False,73.6207,"[255, 0]","[0.99609375, 0.0]",
test/drowsy/A0465.raw,1,1,1,1,False,78.0001,"[255, 0]","[0.99609375, 0.0]",
test/drowsy/A0466.raw,1,1,1,1,False,96.8449,"[255, 0]","[0.99609375, 0.0]",
test/drowsy/A0467.raw,1,1,1,1,False,87.4678,"[255, 0]","[0.99609375, 0.0]",
test/drowsy/A0468.raw,1,1,1,1,False,88.1092,"[255, 0]","[0.99609375, 0.0]",
test/drowsy/A0469.raw,1,1,1,1,False,87.0812,"[255, 0]","[0.99609375, 0.0]",
test/drowsy/A0470.raw,1,1,1,1,False,87.0038,"[255, 0]","[0.99609375, 0.0]",
test/drowsy/A0471.raw,1,1,1,1,False,90.6947,"[255, 0]","[0.99609375, 0.0]",
test/drowsy/A0472.raw,1,1,1,1,False,87.5525,"[255, 0]","[0.99609375, 0.0]",
test/drowsy/A0473.raw,1,1,1,1,False,87.169,"[255, 0]","[0.99609375, 0.0]",
test/drowsy/A0474.raw,1,1,1,1,False,87.1687,"[255, 0]","[0.99609375, 0.0]",
test/drowsy/A0475.raw,1,1,1,1,False,102.4471,"[255, 0]","[0.99609375, 0.0]",
test/drowsy/A0476.raw,1,1,1,1,False,99.7892,"[255, 0]","[0.99609375, 0.0]",
test/drowsy/A0477.raw,1,1,1,1,False,107.9807,"[255, 0]","[0.99609375, 0.0]",
test/drowsy/A0478.raw,1,1,1,1,False,90.2806,"[255, 0]","[0.99609375, 0.0]",
test/drowsy/A0479.raw,1,1,1,1,False,96.6156,"[255, 0]","[0.99609375, 0.0]",
test/drowsy/A0480.raw,1,1,1,1,False,77.3883,"[255, 0]","[0.99609375, 0.0]",
test/drowsy/A0481.raw,1,1,1,1,False,79.3709,"[255, 0]","[0.99609375, 0.0]",
test/drowsy/A0482.raw,1,1,1,1,False,86.9596,"[255, 0]","[0.99609375, 0.0]",
test/drowsy/A0483.raw,1,1,1,1,False,91.1984,"[255, 0]","[0.99609375, 0.0]",
test/drowsy/A0484.raw,1,1,1,1,False,67.2027,"[255, 0]","[0.99609375, 0.0]",
test/drowsy/A0485.raw,1,1,1,1,False,81.5596,"[255, 0]","[0.99609375, 0.0]",
test/drowsy/A0486.raw,1,1,1,1,False,113.396,"[255, 0]","[0.99609375, 0.0]",
test/drowsy/A0487.raw,1,1,1,1,False,111.1344,"[255, 0]","[0.99609375, 0.0]",
test/drowsy/A0488.raw,1,1,1,1,False,114.7794,"[255, 0]","[0.99609375, 0.0]",
test/drowsy/A0489.raw,1,1,1,1,False,113.6369,"[255, 0]","[0.99609375, 0.0]",
test/drowsy/A0490.raw,1,1,1,1,False,93.8227,"[255, 0]","[0.99609375, 0.0]",
test/drowsy/A0491.raw,1,1,1,1,False,101.8711,"[255, 0]","[0.99609375, 0.0]",
test/drowsy/A0492.raw,1,1,1,1,False,98.0182,"[255, 0]","[0.99609375, 0.0]",
test/drowsy/A0493.raw,1,1,1,1,False,90.9127,"[255, 0]","[0.99609375, 0.0]",
test/drowsy/A0494.raw,1,1,1,1,False,104.9126,"[255, 0]","[0.99609375, 0.0]",
test/drowsy/A0495.raw,1,1,1,1,False,112.241,"[255, 0]","[0.99609375, 0.0]",
test/drowsy/A0496.raw,1,1,1,1,False,89.3702,"[255, 0]","[0.99609375, 0.0]",
test/drowsy/A0497.raw,1,1,1,1,False,136.6437,"[255, 0]","[0.99609375, 0.0]",
test/drowsy/A0498.raw,1,1,1,1,False,120.5861,"[255, 0]","[0.99609375, 0.0]",
test/drowsy/A0499.raw,1,1,1,1,False,86.3451,"[255, 0]","[0.99609375, 0.0]",
test/drowsy/A0500.raw,1,1,1,1,False,77.2779,"[255, 0]","[0.99609375, 0.0]",
test/drowsy/A0501.raw,1,1,1,1,False,77.1779,"[255, 0]","[0.99609375, 0.0]",
test/drowsy/A0502.raw,1,1,1,1,False,76.5741,"[255, 0]","[0.99609375, 0.0]",
test/drowsy/A0503.raw,1,1,1,1,False,65.4793,"[255, 0]","[0.99609375, 0.0]",
test/drowsy/A0504.raw,1,1,1,1,False,69.638,"[255, 0]","[0.99609375, 0.0]",
test/drowsy/A0505.raw,1,1,1,1,False,65.4607,"[255, 0]","[0.99609375, 0.0]",
test/drowsy/A0506.raw,1,1,1,1,False,61.2544,"[255, 0]","[0.99609375, 0.0]",
test/drowsy/A0507.raw,1,1,1,1,False,60.3287,"[255, 0]","[0.99609375, 0.0]",
test/drowsy/A0508.raw,1,1,1,1,False,77.3569,"[255, 0]","[0.99609375, 0.0]",
test/drowsy/A0509.raw,1,1,1,1,False,62.6605,"[255, 0]","[0.99609375, 0.0]",
test/drowsy/A0510.raw,1,1,1,1,False,88.301,"[255, 0]","[0.99609375, 0.0]",
test/drowsy/A0511.raw,1,1,1,1,False,187.7418,"[255, 0]","[0.99609375, 0.0]",
test/drowsy/A0512.raw,1,1,1,1,False,110.1472,"[255, 0]","[0.99609375, 0.0]",
test/drowsy/A0513.raw,1,1,1,1,False,135.2788,"[255, 0]","[0.99609375, 0.0]",
test/drowsy/A0514.raw,1,1,1,1,False,135.9412,"[255, 0]","[0.99609375, 0.0]",
test/drowsy/A0515.raw,1,1,1,1,False,131.4349,"[255, 0]","[0.99609375, 0.0]",
test/drowsy/A0516.raw,1,1,1,1,False,164.0931,"[255, 0]","[0.99609375, 0.0]",
test/drowsy/A0517.raw,1,1,1,1,False,169.5646,"[255, 0]","[0.99609375, 0.0]",
test/drowsy/A0518.raw,1,1,1,1,False,145.4422,"[255, 0]","[0.99609375, 0.0]",
test/drowsy/A0519.raw,1,1,1,1,False,174.2967,"[255, 0]","[0.99609375, 0.0]",
test/drowsy/A0520.raw,1,1,1,1,False,126.3071,"[255, 0]","[0.99609375, 0.0]",
test/drowsy/A0521.raw,1,1,1,1,False,91.4451,"[255, 0]","[0.99609375, 0.0]",
test/drowsy/A0522.raw,1,1,1,1,False,181.1681,"[255, 0]","[0.99609375, 0.0]",
test/drowsy/A0523.raw,1,1,1,1,False,192.8944,"[255, 0]","[0.99609375, 0.0]",
test/drowsy/A0524.raw,1,1,1,1,False,153.2841,"[255, 0]","[0.99609375, 0.0]",
test/drowsy/A0525.raw,1,1,1,1,False,161.2355,"[255, 0]","[0.99609375, 0.0]",
test/drowsy/A0526.raw,1,1,1,1,False,154.2272,"[255, 0]","[0.99609375, 0.0]",
test/drowsy/A0527.raw,1,1,1,1,False,139.6361,"[255, 0]","[0.99609375, 0.0]",
test/drowsy/A0528.raw,1,1,1,1,False,127.771,"[255, 0]","[0.99609375, 0.0]",
test/drowsy/A0529.raw,1,1,1,1,False,125.4242,"[255, 0]","[0.99609375, 0.0]",
test/drowsy/A0530.raw,1,1,1,1,False,143.2608,"[255, 0]","[0.99609375, 0.0]",
test/drowsy/A0531.raw,1,1,1,1,False,126.7307,"[255, 0]","[0.99609375, 0.0]",
test/drowsy/A0532.raw,1,1,1,1,False,122.1451,"[255, 0]","[0.99609375, 0.0]",
test/drowsy/A0533.raw,1,1,1,1,False,132.4295,"[255, 0]","[0.99609375, 0.0]",
test/drowsy/A0534.raw,1,1,1,1,False,144.4763,"[255, 0]","[0.99609375, 0.0]",
test/drowsy/A0535.raw,1,1,1,1,False,135.2609,"[255, 0]","[0.99609375, 0.0]",
test/drowsy/A0536.raw,1,1,1,1,False,130.5798,"[255, 0]","[0.99609375, 0.0]",
test/drowsy/A0537.raw,1,1,1,1,False,114.8678,"[255, 0]","[0.99609375, 0.0]",
test/drowsy/A0538.raw,1,1,1,1,False,133.173,"[255, 0]","[0.99609375, 0.0]",
test/drowsy/A0539.raw,1,1,1,1,False,129.5117,"[255, 0]","[0.99609375, 0.0]",
test/drowsy/A0540.raw,1,1,1,1,False,121.526,"[255, 0]","[0.99609375, 0.0]",
test/drowsy/A0541.raw,1,1,1,1,False,116.287,"[255, 0]","[0.99609375, 0.0]",
test/drowsy/A0542.raw,1,1,1,1,False,121.0243,"[255, 0]","[0.99609375, 0.0]",
test/drowsy/A0543.raw,1,1,1,1,False,127.2442,"[255, 0]","[0.99609375, 0.0]",
test/drowsy/A0544.raw,1,1,1,1,False,160.3121,"[255, 0]","[0.99609375, 0.0]",
test/drowsy/A0545.raw,1,1,1,1,False,132.6404,"[255, 0]","[0.99609375, 0.0]",
test/drowsy/A0546.raw,1,1,1,1,False,146.4333,"[255, 0]","[0.99609375, 0.0]",
test/drowsy/A0547.raw,1,1,1,1,False,144.9671,"[255, 0]","[0.99609375, 0.0]",
test/drowsy/A0548.raw,1,1,1,1,False,144.5205,"[255, 0]","[0.99609375, 0.0]",
test/drowsy/A0549.raw,1,1,1,1,False,148.5565,"[255, 0]","[0.99609375, 0.0]",
test/drowsy/A0550.raw,1,1,1,1,False,140.0423,"[255, 0]","[0.99609375, 0.0]",
test/drowsy/A0551.raw,1,1,1,1,False,146.1878,"[255, 0]","[0.99609375, 0.0]",
test/drowsy/A0552.raw,1,1,1,1,False,135.4093,"[255, 0]","[0.99609375, 0.0]",
test/drowsy/A0553.raw,1,1,1,1,False,117.4073,"[255, 0]","[0.99609375, 0.0]",
test/drowsy/A0554.raw,1,1,1,1,False,117.5535,"[255, 0]","[0.99609375, 0.0]",
test/drowsy/A0555.raw,1,1,1,1,False,111.5585,"[255, 0]","[0.99609375, 0.0]",
test/drowsy/A0556.raw,1,1,1,1,False,134.877,"[255, 0]","[0.99609375, 0.0]",
test/drowsy/A0557.raw,1,1,1,1,False,125.9521,"[255, 0]","[0.99609375, 0.0]",
test/drowsy/A0558.raw,1,1,1,1,False,138.5228,"[255, 0]","[0.99609375, 0.0]",
test/drowsy/A0559.raw,1,1,1,1,False,108.846,"[255, 0]","[0.99609375, 0.0]",
test/drowsy/A0560.raw,1,1,1,1,False,97.0462,"[255, 0]","[0.99609375, 0.0]",
test/drowsy/A0561.raw,1,1,1,1,False,82.0679,"[255, 0]","[0.99609375, 0.0]",
test/drowsy/A0562.raw,1,1,1,1,False,79.8542,"[255, 0]","[0.99609375, 0.0]",
test/drowsy/A0563.raw,1,1,1,1,False,69.0712,"[255, 0]","[0.99609375, 0.0]",
test/drowsy/A0564.raw,1,1,1,1,False,67.6257,"[255, 0]","[0.99609375, 0.0]",
test/drowsy/A0565.raw,1,1,1,1,False,68.8608,"[255, 0]","[0.99609375, 0.0]",
test/drowsy/A0566.raw,1,1,1,1,False,63.6524,"[255, 0]","[0.99609375, 0.0]",
test/drowsy/A0567.raw,1,1,1,1,False,68.8368,"[255, 0]","[0.99609375, 0.0]",
test/drowsy/A0568.raw,1,1,1,1,False,70.6013,"[255, 0]","[0.99609375, 0.0]",
test/drowsy/A0569.raw,1,1,1,1,False,70.1117,"[255, 0]","[0.99609375, 0.0]",
test/drowsy/A0570.raw,1,1,1,1,False,72.5302,"[255, 0]","[0.99609375, 0.0]",
test/drowsy/A0571.raw,1,1,1,1,False,80.377,"[255, 0]","[0.99609375, 0.0]",
test/drowsy/A0572.raw,1,1,1,1,False,76.942,"[255, 0]","[0.99609375, 0.0]",
test/drowsy/A0573.raw,1,1,1,1,False,75.5497,"[255, 0]","[0.99609375, 0.0]",
test/drowsy/A0574.raw,1,1,1,1,False,66.0456,"[255, 0]","[0.99609375, 0.0]",
test/drowsy/A0575.raw,1,1,1,1,False,75.0839,"[255, 0]","[0.99609375, 0.0]",
test/drowsy/A0576.raw,1,1,1,1,False,63.8137,"[255, 0]","[0.99609375, 0.0]",
test/drowsy/A0577.raw,1,1,1,1,False,67.3209,"[255, 0]","[0.99609375, 0.0]",
test/drowsy/A0578.raw,1,1,1,1,False,72.4148,"[255, 0]","[0.99609375, 0.0]",
test/drowsy/A0579.raw,1,1,1,1,False,71.2138,"[255, 0]","[0.99609375, 0.0]",
test/drowsy/A0580.raw,1,1,1,1,False,66.1563,"[255, 0]","[0.99609375, 0.0]",
test/drowsy/A0581.raw,1,1,1,1,False,59.4718,"[255, 0]","[0.99609375, 0.0]",
test/drowsy/A0582.raw,1,1,1,1,False,60.9249,"[255, 0]","[0.99609375, 0.0]",
test/drowsy/A0583.raw,1,1,1,1,False,58.7824,"[255, 0]","[0.99609375, 0.0]",
test/drowsy/A0584.raw,1,1,1,1,False,62.2089,"[255, 0]","[0.99609375, 0.0]",
test/drowsy/A0585.raw,1,1,1,1,False,61.1267,"[255, 0]","[0.99609375, 0.0]",
test/drowsy/A0586.raw,1,1,1,1,False,56.761,"[255, 0]","[0.99609375, 0.0]",
test/drowsy/A0587.raw,1,1,1,1,False,57.7718,"[255, 0]","[0.99609375, 0.0]",
test/drowsy/A0588.raw,1,1,1,1,False,57.472,"[255, 0]","[0.99609375, 0.0]",
test/drowsy/A0589.raw,1,1,1,1,False,56.6401,"[255, 0]","[0.99609375, 0.0]",
test/drowsy/A0590.raw,1,1,1,1,False,63.6848,"[255, 0]","[0.99609375, 0.0]",
test/drowsy/A0591.raw,1,1,1,1,False,55.5655,"[255, 0]","[0.99609375, 0.0]",
test/drowsy/A0592.raw,1,1,1,1,False,61.4088,"[255, 0]","[0.99609375, 0.0]",
test/drowsy/A0593.raw,1,1,1,1,False,64.9011,"[255, 0]","[0.99609375, 0.0]",
test/drowsy/A0594.raw,1,1,1,1,False,58.6658,"[255, 0]","[0.99609375, 0.0]",
test/drowsy/A0595.raw,1,1,1,1,False,56.9148,"[255, 0]","[0.99609375, 0.0]",
test/drowsy/A0596.raw,1,1,1,1,False,57.5039,"[255, 0]","[0.99609375, 0.0]",
test/drowsy/A0597.raw,1,1,1,1,False,55.0753,"[255, 0]","[0.99609375, 0.0]",
test/drowsy/A0598.raw,1,1,1,1,False,65.3006,"[255, 0]","[0.99609375, 0.0]",
test/drowsy/A0599.raw,1,1,1,1,False,62.0659,"[255, 0]","[0.99609375, 0.0]",
test/drowsy/A0600.raw,1,1,1,1,False,65.8618,"[255, 0]","[0.99609375, 0.0]",
test/drowsy/A0601.raw,1,1,1,1,False,63.0645,"[255, 0]","[0.99609375, 0.0]",
test/drowsy/A0602.raw,1,1,1,1,False,59.2737,"[255, 0]","[0.99609375, 0.0]",
test/drowsy/A0603.raw,1,1,1,1,False,63.5321,"[255, 0]","[0.99609375, 0.0]",
test/drowsy/A0604.raw,1,1,1,1,False,71.9114,"[255, 0]","[0.99609375, 0.0]",
test/drowsy/A0605.raw,1,1,1,1,False,73.406,"[255, 0]","[0.99609375, 0.0]",
test/drowsy/A0606.raw,1,1,1,1,False,69.3969,"[255, 0]","[0.99609375, 0.0]",
test/drowsy/A0607.raw,1,1,1,1,False,64.8954,"[255, 0]","[0.99609375, 0.0]",
test/drowsy/A0608.raw,1,1,1,1,False,65.4087,"[255, 0]","[0.99609375, 0.0]",
test/drowsy/A0609.raw,1,1,1,1,False,66.0992,"[255, 0]","[0.99609375, 0.0]",
test/drowsy/A0610.raw,1,1,1,1,False,71.8602,"[255, 0]","[0.99609375, 0.0]",
test/drowsy/A0611.raw,1,1,1,1,False,65.0953,"[255, 0]","[0.99609375, 0.0]",
test/drowsy/A0612.raw,1,1,1,1,False,70.5561,"[255, 0]","[0.99609375, 0.0]",
test/drowsy/A0613.raw,1,1,1,1,False,58.8738,"[255, 0]","[0.99609375, 0.0]",
test/drowsy/A0614.raw,1,1,1,1,False,62.7485,"[255, 0]","[0.99609375, 0.0]",
test/drowsy/A0615.raw,1,1,1,1,False,63.0605,"[255, 0]","[0.99609375, 0.0]",
test/drowsy/A0616.raw,1,1,1,1,False,74.006,"[255, 0]","[0.99609375, 0.0]",
test/drowsy/A0617.raw,1,1,1,1,False,59.6259,"[255, 0]","[0.99609375, 0.0]",
test/drowsy/A0618.raw,1,1,1,1,False,67.3794,"[255, 0]","[0.99609375, 0.0]",
test/drowsy/A0619.raw,1,1,1,1,False,59.5785,"[255, 0]","[0.99609375, 0.0]",
test/drowsy/A0620.raw,1,1,1,1,False,63.9521,"[255, 0]","[0.99609375, 0.0]",
test/drowsy/A0621.raw,1,1,1,1,False,56.7571,"[255, 0]","[0.99609375, 0.0]",
test/drowsy/A0622.raw,1,1,1,1,False,56.4317,"[255, 0]","[0.99609375, 0.0]",
test/drowsy/A0623.raw,1,1,1,1,False,54.7124,"[255, 0]","[0.99609375, 0.0]",
test/drowsy/A0624.raw,1,1,1,1,False,55.6623,"[255, 0]","[0.99609375, 0.0]",
test/drowsy/A0625.raw,1,1,1,1,False,54.6164,"[255, 0]","[0.99609375, 0.0]",
test/drowsy/A0626.raw,1,1,1,1,False,58.596,"[255, 0]","[0.99609375, 0.0]",
test/drowsy/A0627.raw,1,1,1,1,False,56.8273,"[255, 0]","[0.99609375, 0.0]",
test/drowsy/A0628.raw,1,1,1,1,False,60.0236,"[255, 0]","[0.99609375, 0.0]",
test/drowsy/A0629.raw,1,1,1,1,False,58.4173,"[255, 0]","[0.99609375, 0.0]",
test/drowsy/A0630.raw,1,1,1,1,False,68.1878,"[255, 0]","[0.99609375, 0.0]",
test/drowsy/A0631.raw,1,1,1,1,False,70.0263,"[255, 0]","[0.99609375, 0.0]",
test/drowsy/A0632.raw,1,1,1,1,False,57.5964,"[255, 0]","[0.99609375, 0.0]",
test/drowsy/A0633.raw,1,1,1,1,False,59.6065,"[255, 0]","[0.99609375, 0.0]",
test/drowsy/A0634.raw,1,1,1,1,False,71.6079,"[255, 0]","[0.99609375, 0.0]",
test/drowsy/A0635.raw,1,1,1,1,False,61.3176,"[255, 0]","[0.99609375, 0.0]",
test/drowsy/A0636.raw,1,1,1,1,False,73.542,"[255, 0]","[0.99609375, 0.0]",
test/drowsy/A0637.raw,1,1,1,1,False,61.0009,"[255, 0]","[0.99609375, 0.0]",
test/drowsy/A0638.raw,1,1,1,1,False,60.2341,"[255, 0]","[0.99609375, 0.0]",
test/drowsy/A0639.raw,1,1,1,1,False,61.0813,"[255, 0]","[0.99609375, 0.0]",
test/drowsy/A0640.raw,1,1,1,1,False,75.1769,"[255, 0]","[0.99609375, 0.0]",
test/drowsy/A0641.raw,1,1,1,1,False,75.0786,"[255, 0]","[0.99609375, 0.0]",
test/drowsy/A0642.raw,1,1,1,1,False,63.7715,"[255, 0]","[0.99609375, 0.0]",
test/drowsy/A0643.raw,1,1,1,1,False,60.4768,"[255, 0]","[0.99609375, 0.0]",
test/drowsy/A0644.raw,1,1,1,1,False,66.4973,"[255, 0]","[0.99609375, 0.0]",
test/drowsy/A0645.raw,1,1,1,1,False,144.0655,"[255, 0]","[0.99609375, 0.0]",
test/drowsy/A0646.raw,1,1,1,1,False,82.9293,"[255, 0]","[0.99609375, 0.0]",
test/drowsy/A0647.raw,1,1,1,1,False,68.1231,"[255, 0]","[0.99609375, 0.0]",
test/drowsy/A0648.raw,1,1,1,1,False,67.6165,"[255, 0]","[0.99609375, 0.0]",
test/drowsy/A0649.raw,1,1,1,1,False,78.6971,"[255, 0]","[0.99609375, 0.0]",
test/drowsy/A0650.raw,1,1,1,1,False,82.9888,"[255, 0]","[0.99609375, 0.0]",
test/drowsy/A0651.raw,1,1,1,1,False,70.8053,"[255, 0]","[0.99609375, 0.0]",
test/drowsy/A0652.raw,1,1,1,1,False,70.3758,"[255, 0]","[0.99609375, 0.0]",
test/drowsy/A0653.raw,1,1,1,1,False,70.9871,"[255, 0]","[0.99609375, 0.0]",
test/drowsy/A0654.raw,1,1,1,1,False,71.887,"[255, 0]","[0.99609375, 0.0]",
test/drowsy/A0655.raw,1,1,1,1,False,64.8364,"[255, 0]","[0.99609375, 0.0]",
test/drowsy/A0656.raw,1,1,1,1,False,65.962,"[255, 0]","[0.99609375, 0.0]",
test/drowsy/A0657.raw,1,1,1,1,False,64.8821,"[255, 0]","[0.99609375, 0.0]",
test/drowsy/A0658.raw,1,1,1,1,False,60.894,"[255, 0]","[0.99609375, 0.0]",
test/drowsy/A0659.raw,1,1,1,1,False,67.4652,"[255, 0]","[0.99609375, 0.0]",
test/drowsy/A0660.raw,1,1,1,1,False,74.4054,"[255, 0]","[0.99609375, 0.0]",
test/drowsy/A0661.raw,1,1,1,1,False,60.4374,"[255, 0]","[0.99609375, 0.0]",
test/drowsy/A0662.raw,1,1,1,1,False,58.2243,"[255, 0]","[0.99609375, 0.0]",
test/drowsy/A0663.raw,1,1,1,1,False,75.1326,"[255, 0]","[0.99609375, 0.0]",
test/drowsy/A0664.raw,1,1,1,1,False,60.0942,"[255, 0]","[0.99609375, 0.0]",
test/drowsy/A0665.raw,1,1,1,1,False,59.3955,"[255, 0]","[0.99609375, 0.0]",
test/drowsy/A0666.raw,1,1,1,1,False,61.5574,"[255, 0]","[0.99609375, 0.0]",
test/drowsy/A0667.raw,1,1,1,1,False,55.1306,"[255, 0]","[0.99609375, 0.0]",
test/drowsy/A0668.raw,1,1,1,1,False,54.1277,"[255, 0]","[0.99609375, 0.0]",
test/drowsy/A0669.raw,1,1,1,1,False,56.1883,"[255, 0]","[0.99609375, 0.0]",
test/drowsy/A0670.raw,1,1,1,1,False,54.4201,"[255, 0]","[0.99609375, 0.0]",
test/drowsy/A0671.raw,1,1,1,1,False,54.4445,"[255, 0]","[0.99609375, 0.0]",
test/drowsy/A0672.raw,1,1,1,1,False,55.0103,"[255, 0]","[0.99609375, 0.0]",
test/drowsy/A0673.raw,1,1,1,1,False,54.2824,"[255, 0]","[0.99609375, 0.0]",
test/drowsy/A0674.raw,1,1,1,1,False,54.2713,"[255, 0]","[0.99609375, 0.0]",
test/drowsy/A0675.raw,1,1,1,1,False,59.0913,"[255, 0]","[0.99609375, 0.0]",
test/drowsy/A0676.raw,1,1,1,1,False,60.7199,"[255, 0]","[0.99609375, 0.0]",
test/drowsy/A0677.raw,1,1,1,1,False,52.9787,"[255, 0]","[0.99609375, 0.0]",
test/drowsy/A0678.raw,1,1,1,1,False,53.2296,"[255, 0]","[0.99609375, 0.0]",
test/drowsy/A0679.raw,1,1,1,1,False,55.068,"[255, 0]","[0.99609375, 0.0]",
test/drowsy/A0680.raw,1,1,1,1,False,59.3645,"[255, 0]","[0.99609375, 0.0]",
test/drowsy/A0681.raw,1,1,1,1,False,53.8781,"[255, 0]","[0.99609375, 0.0]",
test/drowsy/A0682.raw,1,1,1,1,False,52.8016,"[255, 0]","[0.99609375, 0.0]",
test/drowsy/A0683.raw,1,1,1,1,False,53.0647,"[255, 0]","[0.99609375, 0.0]",
test/drowsy/A0684.raw,1,1,1,1,False,57.8232,"[255, 0]","[0.99609375, 0.0]",
test/drowsy/A0685.raw,1,1,1,1,False,57.9152,"[255, 0]","[0.99609375, 0.0]",
test/drowsy/A0686.raw,1,1,1,1,False,55.5576,"[255, 0]","[0.99609375, 0.0]",
test/drowsy/A0687.raw,1,1,1,1,False,52.6804,"[255, 0]","[0.99609375, 0.0]",
test/drowsy/A0688.raw,1,1,1,1,False,52.4971,"[255, 0]","[0.99609375, 0.0]",
test/drowsy/A0689.raw,1,1,1,1,False,55.5484,"[255, 0]","[0.99609375, 0.0]",
test/drowsy/A0690.raw,1,1,1,1,False,58.5777,"[255, 0]","[0.99609375, 0.0]",
test/drowsy/A0691.raw,1,1,1,1,False,62.071,"[255, 0]","[0.99609375, 0.0]",
test/drowsy/A0692.raw,1,1,1,1,False,52.9252,"[255, 0]","[0.99609375, 0.0]",
test/drowsy/A0693.raw,1,1,1,1,False,55.738,"[255, 0]","[0.99609375, 0.0]",
test/drowsy/A0694.raw,1,1,1,1,False,53.6844,"[255, 0]","[0.99609375, 0.0]",
test/drowsy/A0695.raw,1,1,1,1,False,59.1548,"[255, 0]","[0.99609375, 0.0]",
test/drowsy/A0696.raw,1,1,1,1,False,53.0027,"[255, 0]","[0.99609375, 0.0]",
test/drowsy/A0697.raw,1,1,1,1,False,53.207,"[255, 0]","[0.99609375, 0.0]",
test/drowsy/A0698.raw,1,1,1,1,False,52.1704,"[255, 0]","[0.99609375, 0.0]",
test/drowsy/A0699.raw,1,1,1,1,False,54.9851,"[255, 0]","[0.99609375, 0.0]",
test/drowsy/A0700.raw,1,1,1,1,False,52.5854,"[255, 0]","[0.99609375, 0.0]",
test/drowsy/A0701.raw,1,1,1,1,False,71.6127,"[255, 0]","[0.99609375, 0.0]",
test/drowsy/A0702.raw,1,1,1,1,False,97.4276,"[255, 0]","[0.99609375, 0.0]",
test/drowsy/A0703.raw,1,1,1,1,False,113.2075,"[255, 0]","[0.99609375, 0.0]",
test/drowsy/A0704.raw,1,1,1,1,False,107.0568,"[255, 0]","[0.99609375, 0.0]",
test/drowsy/A0705.raw,1,1,1,1,False,85.821,"[255, 0]","[0.99609375, 0.0]",
test/drowsy/A0706.raw,1,1,1,1,False,69.6546,"[255, 0]","[0.99609375, 0.0]",
test/drowsy/A0707.raw,1,1,1,1,False,76.4912,"[255, 0]","[0.99609375, 0.0]",
test/drowsy/A0708.raw,1,1,1,1,False,69.4628,"[255, 0]","[0.99609375, 0.0]",
test/drowsy/A0709.raw,1,1,1,1,False,67.3232,"[255, 0]","[0.99609375, 0.0]",
test/drowsy/A0710.raw,1,1,1,1,False,75.3067,"[255, 0]","[0.99609375, 0.0]",
test/drowsy/A0711.raw,1,1,1,1,False,63.4335,"[255, 0]","[0.99609375, 0.0]",
test/drowsy/A0712.raw,1,1,1,1,False,64.3217,"[255, 0]","[0.99609375, 0.0]",
test/drowsy/A0713.raw,1,1,1,1,False,60.762,"[255, 0]","[0.99609375, 0.0]",
test/drowsy/A0714.raw,1,1,1,1,False,86.0485,"[255, 0]","[0.99609375, 0.0]",
test/drowsy/A0715.raw,1,1,1,1,False,68.8641,"[255, 0]","[0.99609375, 0.0]",
test/drowsy/A0716.raw,1,1,1,1,False,64.6571,"[255, 0]","[0.99609375, 0.0]",
test/drowsy/A0717.raw,1,1,1,1,False,65.2559,"[255, 0]","[0.99609375, 0.0]",
test/drowsy/A0718.raw,1,1,1,1,False,77.6543,"[255, 0]","[0.99609375, 0.0]",
test/drowsy/A0719.raw,1,1,1,1,False,68.6966,"[255, 0]","[0.99609375, 0.0]",
test/drowsy/A0720.raw,1,1,1,1,False,68.4812,"[255, 0]","[0.99609375, 0.0]",
test/drowsy/A0721.raw,1,1,1,1,False,81.0916,"[255, 0]","[0.99609375, 0.0]",
test/drowsy/A0722.raw,1,1,1,1,False,81.8713,"[255, 0]","[0.99609375, 0.0]",
test/drowsy/A0723.raw,1,1,1,1,False,72.7992,"[255, 0]","[0.99609375, 0.0]",
test/drowsy/A0724.raw,1,1,1,1,False,83.3616,"[255, 0]","[0.99609375, 0.0]",
test/drowsy/A0725.raw,1,1,1,1,False,68.3678,"[255, 0]","[0.99609375, 0.0]",
test/drowsy/A0726.raw,1,1,1,1,False,78.7771,"[255, 0]","[0.99609375, 0.0]",
test/drowsy/A0727.raw,1,1,1,1,False,81.522,"[255, 0]","[0.99609375, 0.0]",
test/drowsy/A0728.raw,1,1,1,1,False,72.5855,"[255, 0]","[0.99609375, 0.0]",
test/drowsy/A0729.raw,1,1,1,1,False,86.1431,"[255, 0]","[0.99609375, 0.0]",
test/drowsy/A0730.raw,1,1,1,1,False,77.0312,"[255, 0]","[0.99609375, 0.0]",
test/drowsy/A0731.raw,1,1,1,1,False,75.6606,"[255, 0]","[0.99609375, 0.0]",
test/drowsy/A0732.raw,1,1,1,1,False,69.0438,"[255, 0]","[0.99609375, 0.0]",
test/drowsy/A0733.raw,1,1,1,1,False,79.2785,"[255, 0]","[0.99609375, 0.0]",
test/drowsy/A0734.raw,1,1,1,1,False,67.5724,"[255, 0]","[0.99609375, 0.0]",
test/drowsy/A0735.raw,1,1,1,1,False,73.2952,"[255, 0]","[0.99609375, 0.0]",
test/drowsy/A0736.raw,1,1,1,1,False,65.0866,"[255, 0]","[0.99609375, 0.0]",
test/drowsy/A0737.raw,1,1,1,1,False,72.4587,"[255, 0]","[0.99609375, 0.0]",
test/drowsy/A0738.raw,1,1,1,1,False,61.7304,"[255, 0]","[0.99609375, 0.0]",
test/drowsy/A0739.raw,1,1,1,1,False,56.5744,"[255, 0]","[0.99609375, 0.0]",
test/drowsy/A0740.raw,1,1,1,1,False,55.1602,"[255, 0]","[0.99609375, 0.0]",
test/drowsy/A0741.raw,1,1,1,1,False,55.5868,"[255, 0]","[0.99609375, 0.0]",
test/drowsy/A0742.raw,1,1,1,1,False,55.0455,"[255, 0]","[0.99609375, 0.0]",
test/drowsy/A0743.raw,1,1,1,1,False,54.662,"[255, 0]","[0.99609375, 0.0]",
test/drowsy/A0744.raw,1,1,1,1,False,55.1152,"[255, 0]","[0.99609375, 0.0]",
test/drowsy/A0745.raw,1,1,1,1,False,54.3484,"[255, 0]","[0.99609375, 0.0]",
test/drowsy/A0746.raw,1,1,1,1,False,65.0383,"[255, 0]","[0.99609375, 0.0]",
test/drowsy/A0747.raw,1,1,1,1,False,59.3809,"[255, 0]","[0.99609375, 0.0]",
test/drowsy/A0748.raw,1,1,1,1,False,52.7442,"[255, 0]","[0.99609375, 0.0]",
test/drowsy/A0749.raw,1,1,1,1,False,59.2423,"[255, 0]","[0.99609375, 0.0]",
test/drowsy/A0750.raw,1,1,1,1,False,58.062,"[255, 0]","[0.99609375, 0.0]",
test/drowsy/A0751.raw,1,1,1,1,False,52.9211,"[255, 0]","[0.99609375, 0.0]",
test/drowsy/A0752.raw,1,1,1,1,False,53.141,"[255, 0]","[0.99609375, 0.0]",
test/drowsy/A0753.raw,1,1,1,1,False,54.97,"[255, 0]","[0.99609375, 0.0]",
test/drowsy/A0754.raw,1,1,1,1,False,53.8411,"[255, 0]","[0.99609375, 0.0]",
test/drowsy/A0755.raw,1,1,1,1,False,55.7013,"[255, 0]","[0.99609375, 0.0]",
test/drowsy/A0756.raw,1,1,1,1,False,53.3188,"[255, 0]","[0.99609375, 0.0]",
test/drowsy/A0757.raw,1,1,1,1,False,53.3172,"[255, 0]","[0.99609375, 0.0]",
test/drowsy/A0758.raw,1,1,1,1,False,56.7084,"[255, 0]","[0.99609375, 0.0]",
test/drowsy/A0759.raw,1,1,1,1,False,52.1368,"[255, 0]","[0.99609375, 0.0]",
test/drowsy/A0760.raw,1,1,1,1,False,51.4125,"[255, 0]","[0.99609375, 0.0]",
test/drowsy/A0761.raw,1,1,1,1,False,56.207,"[255, 0]","[0.99609375, 0.0]",
test/drowsy/A0762.raw,1,1,1,1,False,54.5571,"[255, 0]","[0.99609375, 0.0]",
test/drowsy/A0763.raw,1,1,1,1,False,53.9179,"[255, 0]","[0.99609375, 0.0]",
test/drowsy/A0764.raw,1,1,1,1,False,54.0523,"[255, 0]","[0.99609375, 0.0]",
test/drowsy/A0765.raw,1,1,1,1,False,59.5018,"[255, 0]","[0.99609375, 0.0]",
test/drowsy/A0766.raw,1,1,1,1,False,52.5819,"[255, 0]","[0.99609375, 0.0]",
test/drowsy/A0767.raw,1,1,1,1,False,69.5964,"[255, 0]","[0.99609375, 0.0]",
test/drowsy/A0768.raw,1,1,1,1,False,62.9531,"[255, 0]","[0.99609375, 0.0]",
test/drowsy/A0769.raw,1,1,1,1,False,129.0171,"[255, 0]","[0.99609375, 0.0]",
test/drowsy/A0770.raw,1,1,1,1,False,73.8557,"[255, 0]","[0.99609375, 0.0]",
test/drowsy/A0771.raw,1,1,1,1,False,66.5963,"[255, 0]","[0.99609375, 0.0]",
test/drowsy/A0772.raw,1,1,1,1,False,58.5281,"[255, 0]","[0.99609375, 0.0]",
test/drowsy/A0773.raw,1,1,1,1,False,64.8908,"[255, 0]","[0.99609375, 0.0]",
test/drowsy/A0774.raw,1,1,1,1,False,62.2797,"[255, 0]","[0.99609375, 0.0]",
test/drowsy/A0775.raw,1,1,1,1,False,55.3585,"[255, 0]","[0.99609375, 0.0]",
test/drowsy/A0776.raw,1,1,1,1,False,54.2788,"[255, 0]","[0.99609375, 0.0]",
test/drowsy/A0777.raw,1,1,1,1,False,58.7253,"[255, 0]","[0.99609375, 0.0]",
test/drowsy/A0778.raw,1,1,1,1,False,56.0462,"[255, 0]","[0.99609375, 0.0]",
test/drowsy/A0779.raw,1,1,1,1,False,56.404,"[255, 0]","[0.99609375, 0.0]",
test/drowsy/A0780.raw,1,1,1,1,False,88.8675,"[255, 0]","[0.99609375, 0.0]",
test/drowsy/A0781.raw,1,1,1,1,False,75.2304,"[255, 0]","[0.99609375, 0.0]",
test/drowsy/A0782.raw,1,1,1,1,False,65.5448,"[255, 0]","[0.99609375, 0.0]",
test/drowsy/A0783.raw,1,1,1,1,False,71.1817,"[255, 0]","[0.99609375, 0.0]",
test/drowsy/A0784.raw,1,1,1,1,False,61.706,"[255, 0]","[0.99609375, 0.0]",
test/drowsy/A0785.raw,1,1,1,1,False,54.7112,"[255, 0]","[0.99609375, 0.0]",
test/drowsy/A0786.raw,1,1,1,1,False,54.8538,"[255, 0]","[0.99609375, 0.0]",
test/drowsy/A0787.raw,1,1,1,1,False,55.3942,"[255, 0]","[0.99609375, 0.0]",
test/drowsy/A0788.raw,1,1,1,1,False,56.2614,"[255, 0]","[0.99609375, 0.0]",
test/drowsy/A0789.raw,1,1,1,1,False,60.5704,"[255, 0]","[0.99609375, 0.0]",
test/drowsy/A0790.raw,1,1,1,1,False,57.1139,"[255, 0]","[0.99609375, 0.0]",
test/drowsy/A0791.raw,1,1,1,1,False,53.0903,"[255, 0]","[0.99609375, 0.0]",
test/drowsy/A0792.raw,1,1,1,1,False,62.0268,"[255, 0]","[0.99609375, 0.0]",
test/drowsy/A0793.raw,1,1,1,1,False,55.3273,"[255, 0]","[0.99609375, 0.0]",
test/drowsy/A0794.raw,1,1,1,1,False,54.7146,"[255, 0]","[0.99609375, 0.0]",
test/drowsy/A0795.raw,1,1,1,1,False,52.4517,"[255, 0]","[0.99609375, 0.0]",
test/drowsy/A0796.raw,1,1,1,1,False,59.3139,"[255, 0]","[0.99609375, 0.0]",
test/drowsy/A0797.raw,1,1,1,1,False,58.4753,"[255, 0]","[0.99609375, 0.0]",
test/drowsy/A0798.raw,1,1,1,1,False,57.7301,"[255, 0]","[0.99609375, 0.0]",
test/drowsy/A0799.raw,1,1,1,1,False,53.0833,"[255, 0]","[0.99609375, 0.0]",
test/drowsy/A0800.raw,1,1,1,1,False,56.1046,"[255, 0]","[0.99609375, 0.0]",
test/drowsy/A0801.raw,1,1,1,1,False,52.7397,"[255, 0]","[0.99609375, 0.0]",
test/drowsy/A0802.raw,1,1,1,1,False,58.8926,"[255, 0]","[0.99609375, 0.0]",
test/drowsy/A0803.raw,1,1,1,1,False,58.2597,"[255, 0]","[0.99609375, 0.0]",
test/drowsy/A0804.raw,1,1,1,1,False,52.9341,"[255, 0]","[0.99609375, 0.0]",
test/drowsy/A0805.raw,1,1,1,1,False,54.8586,"[255, 0]","[0.99609375, 0.0]",
test/drowsy/A0806.raw,1,1,1,1,False,52.8762,"[255, 0]","[0.99609375, 0.0]",
test/drowsy/A0807.raw,1,1,1,1,False,54.4685,"[255, 0]","[0.99609375, 0.0]",
test/drowsy/A0808.raw,1,1,1,1,False,52.9371,"[255, 0]","[0.99609375, 0.0]",
test/drowsy/A0809.raw,1,1,1,1,False,53.1752,"[255, 0]","[0.99609375, 0.0]",
test/drowsy/A0810.raw,1,1,1,1,False,52.7106,"[255, 0]","[0.99609375, 0.0]",
test/drowsy/A0811.raw,1,1,1,1,False,52.6668,"[255, 0]","[0.99609375, 0.0]",
test/drowsy/A0812.raw,1,1,1,1,False,52.8427,"[255, 0]","[0.99609375, 0.0]",
test/drowsy/A0813.raw,1,1,1,1,False,53.3876,"[255, 0]","[0.99609375, 0.0]",
test/drowsy/A0814.raw,1,1,1,1,False,53.5945,"[255, 0]","[0.99609375, 0.0]",
test/drowsy/A0815.raw,1,1,1,1,False,54.6309,"[255, 0]","[0.99609375, 0.0]",
test/drowsy/A0816.raw,1,1,1,1,False,53.2069,"[255, 0]","[0.99609375, 0.0]",
test/drowsy/A0817.raw,1,1,1,1,False,66.2942,"[255, 0]","[0.99609375, 0.0]",
test/drowsy/A0818.raw,1,1,1,1,False,74.102,"[255, 0]","[0.99609375, 0.0]",
test/drowsy/A0819.raw,1,1,1,1,False,72.1729,"[255, 0]","[0.99609375, 0.0]",
test/drowsy/A0820.raw,1,1,1,1,False,104.0517,"[255, 0]","[0.99609375, 0.0]",
test/drowsy/A0821.raw,1,1,1,1,False,126.22,"[255, 0]","[0.99609375, 0.0]",
test/drowsy/A0822.raw,1,1,1,1,False,124.9368,"[255, 0]","[0.99609375, 0.0]",
test/drowsy/A0823.raw,1,1,1,1,False,75.2634,"[255, 0]","[0.99609375, 0.0]",
test/drowsy/A0824.raw,1,1,1,1,False,73.269,"[255, 0]","[0.99609375, 0.0]",
test/drowsy/A0825.raw,1,1,1,1,False,77.5186,"[255, 0]","[0.99609375, 0.0]",
test/drowsy/A0826.raw,1,1,1,1,False,69.8662,"[255, 0]","[0.99609375, 0.0]",
test/drowsy/A0827.raw,1,1,1,1,False,63.6573,"[255, 0]","[0.99609375, 0.0]",
test/drowsy/A0828.raw,1,1,1,1,False,63.2608,"[255, 0]","[0.99609375, 0.0]",
test/drowsy/A0829.raw,1,1,1,1,False,68.6572,"[255, 0]","[0.99609375, 0.0]",
test/drowsy/A0830.raw,1,1,1,1,False,65.7947,"[255, 0]","[0.99609375, 0.0]",
test/drowsy/A0831.raw,1,1,1,1,False,57.193,"[255, 0]","[0.99609375, 0.0]",
test/drowsy/A0832.raw,1,1,1,1,False,56.5536,"[255, 0]","[0.99609375, 0.0]",
test/drowsy/A0833.raw,1,1,1,1,False,64.3488,"[255, 0]","[0.99609375, 0.0]",
test/drowsy/A0834.raw,1,1,1,1,False,64.2933,"[255, 0]","[0.99609375, 0.0]",
test/drowsy/A0835.raw,1,1,1,1,False,55.7189,"[255, 0]","[0.99609375, 0.0]",
test/drowsy/A0836.raw,1,1,1,1,False,52.909,"[255, 0]","[0.99609375, 0.0]",
test/drowsy/A0837.raw,1,1,1,1,False,59.3378,"[255, 0]","[0.99609375, 0.0]",
test/drowsy/A0838.raw,1,1,1,1,False,52.6095,"[255, 0]","[0.99609375, 0.0]",
test/drowsy/A0839.raw,1,1,1,1,False,53.1565,"[255, 0]","[0.99609375, 0.0]",
test/drowsy/A0840.raw,1,1,1,1,False,52.1499,"[255, 0]","[0.99609375, 0.0]",
test/drowsy/A0841.raw,1,1,1,1,False,58.4284,"[255, 0]","[0.99609375, 0.0]",
test/drowsy/A0842.raw,1,1,1,1,False,52.6045,"[255, 0]","[0.99609375, 0.0]",
test/drowsy/A0843.raw,1,1,1,1,False,52.989,"[255, 0]","[0.99609375, 0.0]",
test/drowsy/A0844.raw,1,1,1,1,False,58.1591,"[255, 0]","[0.99609375, 0.0]",
test/drowsy/A0845.raw,1,1,1,1,False,56.5413,"[255, 0]","[0.99609375, 0.0]",
test/drowsy/A0846.raw,1,1,1,1,False,65.4145,"[255, 0]","[0.99609375, 0.0]",
test/drowsy/A0847.raw,1,1,1,1,False,76.5028,"[255, 0]","[0.99609375, 0.0]",
test/drowsy/A0848.raw,1,1,1,1,False,93.7559,"[255, 0]","[0.99609375, 0.0]",
test/drowsy/A0849.raw,1,1,1,1,False,72.4143,"[255, 0]","[0.99609375, 0.0]",
test/drowsy/A0850.raw,1,1,1,1,False,63.479,"[255, 0]","[0.99609375, 0.0]",
test/drowsy/A0851.raw,1,1,1,1,False,62.8634,"[255, 0]","[0.99609375, 0.0]",
test/drowsy/A0852.raw,1,1,1,1,False,69.3445,"[255, 0]","[0.99609375, 0.0]",
test/drowsy/A0853.raw,1,1,1,1,False,67.2716,"[255, 0]","[0.99609375, 0.0]",
test/drowsy/A0854.raw,1,1,1,1,False,56.2315,"[255, 0]","[0.99609375, 0.0]",
test/drowsy/A0855.raw,1,1,1,1,False,55.9377,"[255, 0]","[0.99609375, 0.0]",
test/drowsy/A0856.raw,1,1,1,1,False,54.9543,"[255, 0]","[0.99609375, 0.0]",
test/drowsy/A0857.raw,1,1,1,1,False,59.5868,"[255, 0]","[0.99609375, 0.0]",
test/drowsy/A0858.raw,1,1,1,1,False,55.8635,"[255, 0]","[0.99609375, 0.0]",
test/drowsy/A0859.raw,1,1,1,1,False,61.4271,"[255, 0]","[0.99609375, 0.0]",
test/drowsy/A0860.raw,1,1,1,1,False,55.7236,"[255, 0]","[0.99609375, 0.0]",
test/drowsy/A0861.raw,1,1,1,1,False,54.2843,"[255, 0]","[0.99609375, 0.0]",
test/drowsy/A0862.raw,1,1,1,1,False,58.3164,"[255, 0]","[0.99609375, 0.0]",
test/drowsy/A0863.raw,1,1,1,1,False,58.2205,"[255, 0]","[0.99609375, 0.0]",
test/drowsy/A0864.raw,1,1,1,1,False,57.5358,"[255, 0]","[0.99609375, 0.0]",
test/drowsy/A0865.raw,1,1,1,1,False,67.9289,"[255, 0]","[0.99609375, 0.0]",
test/drowsy/A0866.raw,1,1,1,1,False,55.7386,"[255, 0]","[0.99609375, 0.0]",
test/drowsy/A0867.raw,1,1,1,1,False,54.2317,"[255, 0]","[0.99609375, 0.0]",
test/drowsy/A0868.raw,1,1,1,1,False,54.3312,"[255, 0]","[0.99609375, 0.0]",
test/drowsy/A0869.raw,1,1,1,1,False,52.7882,"[255, 0]","[0.99609375, 0.0]",
test/drowsy/A0870.raw,1,1,1,1,False,55.5429,"[255, 0]","[0.99609375, 0.0]",
test/drowsy/A0871.raw,1,1,1,1,False,72.6202,"[255, 0]","[0.99609375, 0.0]",
test/drowsy/A0872.raw,1,1,1,1,False,74.0874,"[255, 0]","[0.99609375, 0.0]",
test/drowsy/A0873.raw,1,1,1,1,False,83.8921,"[255, 0]","[0.99609375, 0.0]",
test/drowsy/A0874.raw,1,1,1,1,False,63.9183,"[255, 0]","[0.99609375, 0.0]",
test/drowsy/A0875.raw,1,1,1,1,False,68.8067,"[255, 0]","[0.99609375, 0.0]",
test/drowsy/A0876.raw,1,1,1,1,False,59.4637,"[255, 0]","[0.99609375, 0.0]",
test/drowsy/A0877.raw,1,1,1,1,False,58.1106,"[255, 0]","[0.99609375, 0.0]",
test/drowsy/A0878.raw,1,1,1,1,False,56.797,"[255, 0]","[0.99609375, 0.0]",
test/drowsy/A0879.raw,1,1,1,1,False,56.3555,"[255, 0]","[0.99609375, 0.0]",
test/drowsy/A0880.raw,1,1,1,1,False,55.4825,"[255, 0]","[0.99609375, 0.0]",
test/drowsy/A0881.raw,1,1,1,1,False,61.1888,"[255, 0]","[0.99609375, 0.0]",
test/drowsy/A0882.raw,1,1,1,1,False,59.4674,"[255, 0]","[0.99609375, 0.0]",
test/drowsy/A0883.raw,1,1,1,1,False,59.5347,"[255, 0]","[0.99609375, 0.0]",
test/drowsy/A0884.raw,1,1,1,1,False,58.589,"[255, 0]","[0.99609375, 0.0]",
test/drowsy/A0885.raw,1,1,1,1,False,53.3048,"[255, 0]","[0.99609375, 0.0]",
test/drowsy/A0886.raw,1,1,1,1,False,57.2294,"[255, 0]","[0.99609375, 0.0]",
test/drowsy/A0887.raw,1,1,1,1,False,58.592,"[255, 0]","[0.99609375, 0.0]",
test/drowsy/A0888.raw,1,1,1,1,False,53.0487,"[255, 0]","[0.99609375, 0.0]",
test/drowsy/A0889.raw,1,1,1,1,False,59.1714,"[255, 0]","[0.99609375, 0.0]",
test/drowsy/A0890.raw,1,1,1,1,False,52.8826,"[255, 0]","[0.99609375, 0.0]",
test/drowsy/A0891.raw,1,1,1,1,False,57.7442,"[255, 0]","[0.99609375, 0.0]",
test/drowsy/A0892.raw,1,1,1,1,False,55.3658,"[255, 0]","[0.99609375, 0.0]",
test/drowsy/A0893.raw,1,1,1,1,False,52.8541,"[255, 0]","[0.99609375, 0.0]",
test/drowsy/A0894.raw,1,1,1,1,False,62.7894,"[255, 0]","[0.99609375, 0.0]",
test/drowsy/A0895.raw,1,1,1,1,False,65.5435,"[255, 0]","[0.99609375, 0.0]",
test/drowsy/A0896.raw,1,1,1,1,False,76.4309,"[255, 0]","[0.99609375, 0.0]",
test/drowsy/A0897.raw,1,1,1,1,False,78.1227,"[255, 0]","[0.99609375, 0.0]",
test/drowsy/A0898.raw,1,1,1,1,False,72.9208,"[255, 0]","[0.99609375, 0.0]",
test/drowsy/A0899.raw,1,1,1,1,False,64.3368,"[255, 0]","[0.99609375, 0.0]",
test/drowsy/A0900.raw,1,1,1,1,False,61.7119,"[255, 0]","[0.99609375, 0.0]",
test/drowsy/A0901.raw,1,1,1,1,False,63.1221,"[255, 0]","[0.99609375, 0.0]",
test/drowsy/A0902.raw,1,1,1,1,False,58.9995,"[255, 0]","[0.99609375, 0.0]",
test/drowsy/A0903.raw,1,1,1,1,False,80.2297,"[255, 0]","[0.99609375, 0.0]",
test/drowsy/A0904.raw,1,1,1,1,False,80.0368,"[255, 0]","[0.99609375, 0.0]",
test/drowsy/A0905.raw,1,1,1,1,False,83.3896,"[255, 0]","[0.99609375, 0.0]",
test/drowsy/A0906.raw,1,1,1,1,False,66.8005,"[255, 0]","[0.99609375, 0.0]",
test/drowsy/A0907.raw,1,1,1,1,False,69.5069,"[255, 0]","[0.99609375, 0.0]",
test/drowsy/A0908.raw,1,1,1,1,False,63.8154,"[255, 0]","[0.99609375, 0.0]",
test/drowsy/A0909.raw,1,1,1,1,False,59.8471,"[255, 0]","[0.99609375, 0.0]",
test/drowsy/A0910.raw,1,1,1,1,False,58.6205,"[255, 0]","[0.99609375, 0.0]",
test/drowsy/A0911.raw,1,1,1,1,False,60.1259,"[255, 0]","[0.99609375, 0.0]",
test/drowsy/A0912.raw,1,1,1,1,False,57.2727,"[255, 0]","[0.99609375, 0.0]",
test/drowsy/A0913.raw,1,1,1,1,False,59.0176,"[255, 0]","[0.99609375, 0.0]",
test/drowsy/A0914.raw,1,1,1,1,False,57.3102,"[255, 0]","[0.99609375, 0.0]",
test/drowsy/A0915.raw,1,1,1,1,False,54.4892,"[255, 0]","[0.99609375, 0.0]",
test/drowsy/A0916.raw,1,1,1,1,False,65.4061,"[255, 0]","[0.99609375, 0.0]",
test/drowsy/A0917.raw,1,1,1,1,False,54.566,"[255, 0]","[0.99609375, 0.0]",
test/drowsy/A0918.raw,1,1,1,1,False,58.7467,"[255, 0]","[0.99609375, 0.0]",
test/drowsy/A0919.raw,1,1,1,1,False,55.7174,"[255, 0]","[0.99609375, 0.0]",
test/drowsy/A0920.raw,1,1,1,1,False,55.5605,"[255, 0]","[0.99609375, 0.0]",
test/drowsy/A0921.raw,1,1,1,1,False,53.6953,"[255, 0]","[0.99609375, 0.0]",
test/drowsy/A0922.raw,1,1,1,1,False,52.9027,"[255, 0]","[0.99609375, 0.0]",
test/drowsy/A0923.raw,1,1,1,1,False,54.1974,"[255, 0]","[0.99609375, 0.0]",
test/drowsy/A0924.raw,1,1,1,1,False,52.9364,"[255, 0]","[0.99609375, 0.0]",
test/drowsy/A0925.raw,1,1,1,1,False,53.3473,"[255, 0]","[0.99609375, 0.0]",
test/drowsy/A0926.raw,1,1,1,1,False,67.7779,"[255, 0]","[0.99609375, 0.0]",
test/drowsy/A0927.raw,1,1,1,1,False,53.5958,"[255, 0]","[0.99609375, 0.0]",
test/drowsy/A0928.raw,1,1,1,1,False,51.7534,"[255, 0]","[0.99609375, 0.0]",
test/drowsy/A0929.raw,1,1,1,1,False,50.0592,"[255, 0]","[0.99609375, 0.0]",
test/drowsy/A0930.raw,1,1,1,1,False,48.8869,"[255, 0]","[0.99609375, 0.0]",
test/drowsy/A0931.raw,1,1,1,1,False,47.9787,"[255, 0]","[0.99609375, 0.0]",
test/drowsy/A0932.raw,1,1,1,1,False,46.8732,"[255, 0]","[0.99609375, 0.0]",
test/drowsy/A0933.raw,1,1,1,1,False,46.4028,"[255, 0]","[0.99609375, 0.0]",
test/drowsy/A0934.raw,1,1,1,1,False,46.0681,"[255, 0]","[0.99609375, 0.0]",
test/drowsy/A0935.raw,1,1,1,1,False,45.9107,"[255, 0]","[0.99609375, 0.0]",
test/drowsy/A0936.raw,1,1,1,1,False,45.7564,"[255, 0]","[0.99609375, 0.0]",
test/drowsy/A0937.raw,1,1,1,1,False,44.6816,"[255, 0]","[0.99609375, 0.0]",
test/drowsy/A0938.raw,1,1,1,1,False,44.2063,"[255, 0]","[0.99609375, 0.0]",
test/drowsy/A0939.raw,1,1,1,1,False,44.3053,"[255, 0]","[0.99609375, 0.0]",
test/drowsy/A0940.raw,1,1,1,1,False,43.8285,"[255, 0]","[0.99609375, 0.0]",
test/drowsy/A0941.raw,1,1,1,1,False,44.6628,"[255, 0]","[0.99609375, 0.0]",
test/drowsy/A0942.raw,1,1,1,1,False,45.5712,"[255, 0]","[0.99609375, 0.0]",
test/drowsy/A0943.raw,1,1,1,1,False,88.8177,"[255, 0]","[0.99609375, 0.0]",
test/drowsy/A0944.raw,1,1,1,1,False,53.6986,"[255, 0]","[0.99609375, 0.0]",
test/drowsy/A0947.raw,1,1,1,1,False,47.4041,"[255, 0]","[0.99609375, 0.0]",
test/drowsy/A0948.raw,1,1,1,1,False,46.3141,"[255, 0]","[0.99609375, 0.0]",
test/drowsy/A0949.raw,1,1,1,1,False,52.381,"[255, 0]","[0.99609375, 0.0]",
test/drowsy/A0950.raw,1,1,1,1,False,46.0951,"[255, 0]","[0.99609375, 0.0]",
test/drowsy/A0951.raw,1,1,1,1,False,46.1411,"[255, 0]","[0.99609375, 0.0]",
test/drowsy/A0952.raw,1,1,1,1,False,44.8035,"[255, 0]","[0.99609375, 0.0]",
test/drowsy/A0953.raw,1,1,1,1,False,45.2026,"[255, 0]","[0.99609375, 0.0]",
test/drowsy/A0954.raw,1,1,1,1,False,44.2112,"[255, 0]","[0.99609375, 0.0]",
test/drowsy/A0955.raw,1,1,1,1,False,43.9884,"[255, 0]","[0.99609375, 0.0]",
test/drowsy/A0956.raw,1,1,1,1,False,44.303,"[255, 0]","[0.99609375, 0.0]",
test/drowsy/A0957.raw,1,1,1,1,False,43.2188,"[255, 0]","[0.99609375, 0.0]",
test/drowsy/A0958.raw,1,1,1,1,False,43.2839,"[255, 0]","[0.99609375, 0.0]",
test/drowsy/A0959.raw,1,1,1,1,False,42.8123,"[255, 0]","[0.99609375, 0.0]",
test/drowsy/A0960.raw,1,1,1,1,False,49.1075,"[255, 0]","[0.99609375, 0.0]",
test/drowsy/A0961.raw,1,1,1,1,False,44.094,"[255, 0]","[0.99609375, 0.0]",
test/drowsy/A0962.raw,1,1,1,1,False,43.8034,"[255, 0]","[0.99609375, 0.0]",
test/drowsy/A0963.raw,1,1,1,1,False,43.5576,"[255, 0]","[0.99609375, 0.0]",
test/drowsy/A0964.raw,1,1,1,1,False,42.7329,"[255, 0]","[0.99609375, 0.0]",
test/drowsy/A0965.raw,1,1,1,1,False,43.9906,"[255, 0]","[0.99609375, 0.0]",
test/drowsy/A0966.raw,1,1,1,1,False,44.1512,"[255, 0]","[0.99609375, 0.0]",
test/drowsy/A0967.raw,1,1,1,1,False,44.1484,"[255, 0]","[0.99609375, 0.0]",
test/drowsy/A0968.raw,1,1,1,1,False,44.6847,"[255, 0]","[0.99609375, 0.0]",
test/drowsy/A0969.raw,1,1,1,1,False,45.8375,"[255, 0]","[0.99609375, 0.0]",
test/drowsy/A0970.raw,1,1,1,1,False,46.9414,"[255, 0]","[0.99609375, 0.0]",
test/drowsy/A0971.raw,1,1,1,1,False,48.6671,"[255, 0]","[0.99609375, 0.0]",
test/drowsy/A0972.raw,1,1,1,1,False,46.9157,"[255, 0]","[0.99609375, 0.0]",
test/drowsy/A0973.raw,1,1,1,1,False,46.3508,"[255, 0]","[0.99609375, 0.0]",
test/drowsy/A0974.raw,1,1,1,1,False,45.7932,"[255, 0]","[0.99609375, 0.0]",
test/drowsy/A0975.raw,1,1,1,1,False,42.7844,"[255, 0]","[0.99609375, 0.0]",
test/drowsy/A0976.raw,1,1,1,1,False,43.0802,"[255, 0]","[0.99609375, 0.0]",
test/drowsy/A0977.raw,1,1,1,1,False,42.5721,"[255, 0]","[0.99609375, 0.0]",
test/drowsy/A0978.raw,1,1,1,1,False,44.852,"[255, 0]","[0.99609375, 0.0]",
test/drowsy/A0979.raw,1,1,1,1,False,44.6375,"[255, 0]","[0.99609375, 0.0]",
test/drowsy/A0980.raw,1,1,1,1,False,44.8981,"[255, 0]","[0.99609375, 0.0]",
test/drowsy/A0981.raw,1,1,1,1,False,44.9898,"[255, 0]","[0.99609375, 0.0]",
test/drowsy/A0982.raw,1,1,1,1,False,44.6606,"[255, 0]","[0.99609375, 0.0]",
test/drowsy/A0983.raw,1,1,1,1,False,45.8845,"[255, 0]","[0.99609375, 0.0]",
test/drowsy/A0984.raw,1,1,1,1,False,42.8401,"[255, 0]","[0.99609375, 0.0]",
test/drowsy/A0985.raw,1,1,1,1,False,42.5341,"[255, 0]","[0.99609375, 0.0]",
test/drowsy/A0986.raw,1,1,1,1,False,42.7539,"[255, 0]","[0.99609375, 0.0]",
test/drowsy/A0987.raw,1,1,1,1,False,43.0957,"[255, 0]","[0.99609375, 0.0]",
test/drowsy/A0988.raw,1,1,1,1,False,42.9709,"[255, 0]","[0.99609375, 0.0]",
test/drowsy/A0989.raw,1,1,1,1,False,43.8896,"[255, 0]","[0.99609375, 0.0]",
test/drowsy/A0990.raw,1,1,1,1,False,43.8893,"[255, 0]","[0.99609375, 0.0]",
test/drowsy/A0991.raw,1,1,1,1,False,43.3025,"[255, 0]","[0.99609375, 0.0]",
test/drowsy/A0992.raw,1,1,1,1,False,43.4492,"[255, 0]","[0.99609375, 0.0]",
test/drowsy/A0993.raw,1,1,1,1,False,44.8941,"[255, 0]","[0.99609375, 0.0]",
test/drowsy/A0994.raw,1,1,1,1,False,43.416,"[255, 0]","[0.99609375, 0.0]",
test/drowsy/A0995.raw,1,1,1,1,False,43.8261,"[255, 0]","[0.99609375, 0.0]",
test/drowsy/A0996.raw,1,1,1,1,False,44.3902,"[255, 0]","[0.99609375, 0.0]",
test/drowsy/A0997.raw,1,1,1,1,False,45.1833,"[255, 0]","[0.99609375, 0.0]",
test/drowsy/A0998.raw,1,1,1,1,False,44.3144,"[255, 0]","[0.99609375, 0.0]",
test/drowsy/A0999.raw,1,1,1,1,False,43.4969,"[255, 0]","[0.99609375, 0.0]",
test/drowsy/A1000.raw,1,1,1,1,False,43.3307,"[255, 0]","[0.99609375, 0.0]",
test/drowsy/A1001.raw,1,1,1,1,False,42.9069,"[255, 0]","[0.99609375, 0.0]",
test/drowsy/A1002.raw,1,1,1,1,False,42.917,"[255, 0]","[0.99609375, 0.0]",
test/drowsy/A1003.raw,1,1,1,1,False,43.1666,"[255, 0]","[0.99609375, 0.0]",
test/drowsy/A1004.raw,1,1,1,1,False,43.1434,"[255, 0]","[0.99609375, 0.0]",
test/drowsy/A1005.raw,1,1,1,1,False,42.783,"[255, 0]","[0.99609375, 0.0]",
test/drowsy/A1008.raw,1,1,1,1,False,44.7887,"[255, 0]","[0.99609375, 0.0]",
test/drowsy/A1009.raw,1,1,1,1,False,43.808,"[255, 0]","[0.99609375, 0.0]",
test/drowsy/A1010.raw,1,1,1,1,False,42.879,"[255, 0]","[0.99609375, 0.0]",
test/drowsy/A1011.raw,1,1,1,1,False,43.5159,"[255, 0]","[0.99609375, 0.0]",
test/drowsy/A1012.raw,1,1,1,1,False,43.6243,"[255, 0]","[0.99609375, 0.0]",
test/drowsy/A1013.raw,1,1,1,1,False,42.9275,"[255, 0]","[0.99609375, 0.0]",
test/drowsy/A1014.raw,1,1,1,1,False,43.1732,"[255, 0]","[0.99609375, 0.0]",
test/drowsy/A1015.raw,1,1,1,1,False,42.974,"[255, 0]","[0.99609375, 0.0]",
test/drowsy/A1016.raw,1,1,1,1,False,42.6187,"[255, 0]","[0.99609375, 0.0]",
test/drowsy/A1017.raw,1,1,1,1,False,44.7886,"[255, 0]","[0.99609375, 0.0]",
test/non_drowsy/a0002.raw,1,0,0,1,False,44.1687,"[59, 197]","[0.23046875, 0.76953125]",
test/non_drowsy/a0003.raw,1,0,0,1,False,43.136,"[0, 255]","[0.0, 0.99609375]",
test/non_drowsy/a0004.raw,1,0,0,1,False,42.6965,"[6, 250]","[0.0234375, 0.9765625]",
test/non_drowsy/a0005.raw,1,0,0,1,False,43.1727,"[0, 255]","[0.0, 0.99609375]",
test/non_drowsy/a0006.raw,1,0,0,1,False,43.0936,"[1, 255]","[0.00390625, 0.99609375]",
test/non_drowsy/a0007.raw,1,0,0,1,False,42.7852,"[3, 253]","[0.01171875, 0.98828125]",
test/non_drowsy/a0009.raw,1,0,0,1,False,43.0749,"[0, 255]","[0.0, 0.99609375]",
test/non_drowsy/a0010.raw,1,0,0,1,False,43.3124,"[0, 255]","[0.0, 0.99609375]",
test/non_drowsy/a0011.raw,1,0,0,1,False,43.529,"[0, 255]","[0.0, 0.99609375]",
test/non_drowsy/a0012.raw,1,0,0,1,False,43.6215,"[0, 255]","[0.0, 0.99609375]",
test/non_drowsy/a0013.raw,1,0,0,1,False,43.0152,"[0, 255]","[0.0, 0.99609375]",
test/non_drowsy/a0014.raw,1,0,0,1,False,42.9814,"[0, 255]","[0.0, 0.99609375]",
test/non_drowsy/a0015.raw,1,0,0,1,False,43.1574,"[0, 255]","[0.0, 0.99609375]",
test/non_drowsy/a0016.raw,1,0,0,1,False,42.6181,"[0, 255]","[0.0, 0.99609375]",
test/non_drowsy/a0017.raw,1,0,0,1,False,42.6498,"[0, 255]","[0.0, 0.99609375]",
test/non_drowsy/a0018.raw,1,0,0,1,False,43.0872,"[0, 255]","[0.0, 0.99609375]",
test/non_drowsy/a0019.raw,1,0,0,1,False,43.0414,"[0, 255]","[0.0, 0.99609375]",
test/non_drowsy/a0020.raw,1,1,0,0,False,43.7155,"[151, 105]","[0.58984375, 0.41015625]",
test/non_drowsy/a0021.raw,1,0,0,1,False,44.6847,"[6, 250]","[0.0234375, 0.9765625]",
test/non_drowsy/a0022.raw,1,0,0,1,False,42.7592,"[0, 255]","[0.0, 0.99609375]",
test/non_drowsy/a0023.raw,1,0,0,1,False,43.3092,"[0, 255]","[0.0, 0.99609375]",
test/non_drowsy/a0024.raw,1,0,0,1,False,44.5488,"[0, 255]","[0.0, 0.99609375]",
test/non_drowsy/a0026.raw,1,0,0,1,False,43.398,"[0, 255]","[0.0, 0.99609375]",
test/non_drowsy/a0029.raw,1,0,0,1,False,42.9406,"[0, 255]","[0.0, 0.99609375]",
test/non_drowsy/a0033.raw,1,0,0,1,False,42.955,"[0, 255]","[0.0, 0.99609375]",
test/non_drowsy/a0034.raw,1,0,0,1,False,43.6061,"[0, 255]","[0.0, 0.99609375]",
test/non_drowsy/a0035.raw,1,0,0,1,False,43.2424,"[0, 255]","[0.0, 0.99609375]",
test/non_drowsy/a0036.raw,1,0,0,1,False,43.2417,"[0, 255]","[0.0, 0.99609375]",
test/non_drowsy/a0037.raw,1,0,0,1,False,43.2626,"[0, 255]","[0.0, 0.99609375]",
test/non_drowsy/a0038.raw,1,0,0,1,False,42.6837,"[0, 255]","[0.0, 0.99609375]",
test/non_drowsy/a0039.raw,1,0,0,1,False,45.9771,"[0, 255]","[0.0, 0.99609375]",
test/non_drowsy/a0040.raw,1,0,0,1,False,45.4658,"[0, 255]","[0.0, 0.99609375]",
test/non_drowsy/a0041.raw,1,0,0,1,False,43.7159,"[0, 255]","[0.0, 0.99609375]",
test/non_drowsy/a0042.raw,1,0,0,1,False,42.9649,"[0, 255]","[0.0, 0.99609375]",
test/non_drowsy/a0043.raw,1,0,0,1,False,42.9438,"[0, 255]","[0.0, 0.99609375]",
test/non_drowsy/a0044.raw,1,0,0,1,False,43.6631,"[0, 255]","[0.0, 0.99609375]",
test/non_drowsy/a0045.raw,1,0,0,1,False,42.7419,"[0, 255]","[0.0, 0.99609375]",
test/non_drowsy/a0046.raw,1,0,0,1,False,42.9563,"[0, 255]","[0.0, 0.99609375]",
test/non_drowsy/a0047.raw,1,0,0,1,False,43.5494,"[0, 255]","[0.0, 0.99609375]",
test/non_drowsy/a0048.raw,1,0,0,1,False,43.3642,"[0, 255]","[0.0, 0.99609375]",
test/non_drowsy/a0049.raw,1,0,0,1,False,43.8165,"[0, 255]","[0.0, 0.99609375]",
test/non_drowsy/a0050.raw,1,0,0,1,False,43.3537,"[0, 255]","[0.0, 0.99609375]",
test/non_drowsy/a0051.raw,1,0,0,1,False,43.1181,"[0, 255]","[0.0, 0.99609375]",
test/non_drowsy/a0052.raw,1,0,0,1,False,43.0654,"[0, 255]","[0.0, 0.99609375]",
test/non_drowsy/a0053.raw,1,0,0,1,False,43.928,"[36, 220]","[0.140625, 0.859375]",
test/non_drowsy/a0054.raw,1,1,0,0,False,42.8587,"[239, 17]","[0.93359375, 0.06640625]",
test/non_drowsy/a0055.raw,1,0,0,1,False,42.8038,"[0, 255]","[0.0, 0.99609375]",
test/non_drowsy/a0056.raw,1,0,0,1,False,43.631,"[1, 255]","[0.00390625, 0.99609375]",
test/non_drowsy/a0057.raw,1,0,0,1,False,42.8475,"[5, 251]","[0.01953125, 0.98046875]",
test/non_drowsy/a0058.raw,1,1,0,0,False,43.1341,"[235, 21]","[0.91796875, 0.08203125]",
test/non_drowsy/a0059.raw,1,0,0,1,False,43.186,"[0, 255]","[0.0, 0.99609375]",
test/non_drowsy/a0060.raw,1,0,0,1,False,42.6115,"[0, 255]","[0.0, 0.99609375]",
test/non_drowsy/a0061.raw,1,0,0,1,False,43.475,"[36, 220]","[0.140625, 0.859375]",
test/non_drowsy/a0062.raw,1,0,0,1,False,44.1499,"[36, 220]","[0.140625, 0.859375]",
test/non_drowsy/a0063.raw,1,0,0,1,False,43.0007,"[0, 255]","[0.0, 0.99609375]",
test/non_drowsy/a0064.raw,1,0,0,1,False,42.5772,"[0, 255]","[0.0, 0.99609375]",
test/non_drowsy/a0065.raw,1,0,0,1,False,47.6041,"[0, 255]","[0.0, 0.99609375]",
test/non_drowsy/a0066.raw,1,0,0,1,False,43.4667,"[4, 252]","[0.015625, 0.984375]",
test/non_drowsy/a0067.raw,1,0,0,1,False,42.6431,"[0, 255]","[0.0, 0.99609375]",
test/non_drowsy/a0068.raw,1,0,0,1,False,43.5128,"[0, 255]","[0.0, 0.99609375]",
test/non_drowsy/a0069.raw,1,0,0,1,False,43.7075,"[0, 255]","[0.0, 0.99609375]",
test/non_drowsy/a0070.raw,1,0,0,1,False,42.5393,"[0, 255]","[0.0, 0.99609375]",
test/non_drowsy/a0071.raw,1,0,0,1,False,43.1836,"[0, 255]","[0.0, 0.99609375]",
test/non_drowsy/a0072.raw,1,0,0,1,False,43.3837,"[0, 255]","[0.0, 0.99609375]",
test/non_drowsy/a0073.raw,1,0,0,1,False,45.3131,"[0, 255]","[0.0, 0.99609375]",
test/non_drowsy/a0074.raw,1,0,0,1,False,58.9122,"[0, 255]","[0.0, 0.99609375]",
test/non_drowsy/a0075.raw,1,0,0,1,False,47.7163,"[0, 255]","[0.0, 0.99609375]",
test/non_drowsy/a0076.raw,1,0,0,1,False,55.8953,"[0, 255]","[0.0, 0.99609375]",
test/non_drowsy/a0077.raw,1,0,0,1,False,47.8111,"[0, 255]","[0.0, 0.99609375]",
test/non_drowsy/a0078.raw,1,0,0,1,False,58.4848,"[0, 255]","[0.0, 0.99609375]",
test/non_drowsy/a0079.raw,1,0,0,1,False,59.9673,"[0, 255]","[0.0, 0.99609375]",
test/non_drowsy/a0080.raw,1,0,0,1,False,54.8643,"[0, 255]","[0.0, 0.99609375]",
test/non_drowsy/a0081.raw,1,0,0,1,False,56.4451,"[0, 255]","[0.0, 0.99609375]",
test/non_drowsy/a0082.raw,1,0,0,1,False,64.1021,"[0, 255]","[0.0, 0.99609375]",
test/non_drowsy/a0083.raw,1,0,0,1,False,65.4487,"[0, 255]","[0.0, 0.99609375]",
test/non_drowsy/a0084.raw,1,0,0,1,False,62.3153,"[0, 255]","[0.0, 0.99609375]",
test/non_drowsy/a0085.raw,1,0,0,1,False,74.2463,"[1, 255]","[0.00390625, 0.99609375]",
test/non_drowsy/a0086.raw,1,0,0,1,False,66.0443,"[0, 255]","[0.0, 0.99609375]",
test/non_drowsy/a0087.raw,1,0,0,1,False,61.5183,"[0, 255]","[0.0, 0.99609375]",
test/non_drowsy/a0088.raw,1,0,0,1,False,61.6201,"[0, 255]","[0.0, 0.99609375]",
test/non_drowsy/a0089.raw,1,0,0,1,False,69.5194,"[0, 255]","[0.0, 0.99609375]",
test/non_drowsy/a0090.raw,1,0,0,1,False,61.6971,"[0, 255]","[0.0, 0.99609375]",
test/non_drowsy/a0091.raw,1,0,0,1,False,62.5801,"[0, 255]","[0.0, 0.99609375]",
test/non_drowsy/a0092.raw,1,0,0,1,False,73.7737,"[0, 255]","[0.0, 0.99609375]",
test/non_drowsy/a0093.raw,1,0,0,1,False,70.0195,"[0, 255]","[0.0, 0.99609375]",
test/non_drowsy/a0094.raw,1,0,0,1,False,62.7754,"[0, 255]","[0.0, 0.99609375]",
test/non_drowsy/a0095.raw,1,0,0,1,False,60.1137,"[0, 255]","[0.0, 0.99609375]",
test/non_drowsy/a0096.raw,1,0,0,1,False,59.275,"[0, 255]","[0.0, 0.99609375]",
test/non_drowsy/a0097.raw,1,0,0,1,False,68.0219,"[0, 255]","[0.0, 0.99609375]",
test/non_drowsy/a0098.raw,1,0,0,1,False,78.153,"[0, 255]","[0.0, 0.99609375]",
test/non_drowsy/a0099.raw,1,0,0,1,False,68.7454,"[0, 255]","[0.0, 0.99609375]",
test/non_drowsy/a0100.raw,1,0,0,1,False,62.5097,"[0, 255]","[0.0, 0.99609375]",
test/non_drowsy/a0101.raw,1,0,0,1,False,62.9029,"[0, 255]","[0.0, 0.99609375]",
test/non_drowsy/a0102.raw,1,0,0,1,False,70.7204,"[0, 255]","[0.0, 0.99609375]",
test/non_drowsy/a0103.raw,1,0,0,1,False,61.213,"[0, 255]","[0.0, 0.99609375]",
test/non_drowsy/a0104.raw,1,0,0,1,False,80.0812,"[0, 255]","[0.0, 0.99609375]",
test/non_drowsy/a0105.raw,1,0,0,1,False,70.5565,"[0, 255]","[0.0, 0.99609375]",
test/non_drowsy/a0106.raw,1,0,0,1,False,62.7744,"[0, 255]","[0.0, 0.99609375]",
test/non_drowsy/a0107.raw,1,0,0,1,False,61.1954,"[0, 255]","[0.0, 0.99609375]",
test/non_drowsy/a0108.raw,1,0,0,1,False,66.0885,"[0, 255]","[0.0, 0.99609375]",
test/non_drowsy/a0109.raw,1,0,0,1,False,64.3265,"[0, 255]","[0.0, 0.99609375]",
test/non_drowsy/a0110.raw,1,0,0,1,False,65.837,"[0, 255]","[0.0, 0.99609375]",
test/non_drowsy/a0111.raw,1,0,0,1,False,72.3901,"[0, 255]","[0.0, 0.99609375]",
test/non_drowsy/a0112.raw,1,0,0,1,False,65.9559,"[0, 255]","[0.0, 0.99609375]",
test/non_drowsy/a0113.raw,1,0,0,1,False,71.3729,"[0, 255]","[0.0, 0.99609375]",
test/non_drowsy/a0114.raw,1,0,0,1,False,60.5352,"[0, 255]","[0.0, 0.99609375]",
test/non_drowsy/a0115.raw,1,0,0,1,False,61.0411,"[0, 255]","[0.0, 0.99609375]",
test/non_drowsy/a0116.raw,1,0,0,1,False,65.0178,"[0, 255]","[0.0, 0.99609375]",
test/non_drowsy/a0117.raw,1,0,0,1,False,75.2687,"[0, 255]","[0.0, 0.99609375]",
test/non_drowsy/a0118.raw,1,0,0,1,False,69.1981,"[0, 255]","[0.0, 0.99609375]",
test/non_drowsy/a0119.raw,1,0,0,1,False,66.8838,"[0, 255]","[0.0, 0.99609375]",
test/non_drowsy/a0120.raw,1,0,0,1,False,62.2354,"[0, 255]","[0.0, 0.99609375]",
test/non_drowsy/a0121.raw,1,0,0,1,False,64.9215,"[0, 255]","[0.0, 0.99609375]",
test/non_drowsy/a0122.raw,1,0,0,1,False,60.2418,"[0, 255]","[0.0, 0.99609375]",
test/non_drowsy/a0123.raw,1,0,0,1,False,77.1552,"[0, 255]","[0.0, 0.99609375]",
test/non_drowsy/a0124.raw,1,0,0,1,False,74.0364,"[0, 255]","[0.0, 0.99609375]",
test/non_drowsy/a0125.raw,1,0,0,1,False,81.6404,"[0, 255]","[0.0, 0.99609375]",
test/non_drowsy/a0126.raw,1,0,0,1,False,76.1888,"[0, 255]","[0.0, 0.99609375]",
test/non_drowsy/a0127.raw,1,0,0,1,False,83.9785,"[0, 255]","[0.0, 0.99609375]",
test/non_drowsy/a0128.raw,1,0,0,1,False,71.3278,"[0, 255]","[0.0, 0.99609375]",
test/non_drowsy/a0129.raw,1,0,0,1,False,71.7708,"[0, 255]","[0.0, 0.99609375]",
test/non_drowsy/a0130.raw,1,0,0,1,False,86.1567,"[0, 255]","[0.0, 0.99609375]",
test/non_drowsy/a0131.raw,1,0,0,1,False,78.4604,"[0, 255]","[0.0, 0.99609375]",
test/non_drowsy/a0132.raw,1,0,0,1,False,66.9771,"[0, 255]","[0.0, 0.99609375]",
test/non_drowsy/a0133.raw,1,0,0,1,False,106.6019,"[0, 255]","[0.0, 0.99609375]",
test/non_drowsy/a0134.raw,1,0,0,1,False,119.3642,"[0, 255]","[0.0, 0.99609375]",
test/non_drowsy/a0135.raw,1,0,0,1,False,117.76,"[0, 255]","[0.0, 0.99609375]",
test/non_drowsy/a0136.raw,1,0,0,1,False,104.2826,"[0, 255]","[0.0, 0.99609375]",
test/non_drowsy/a0137.raw,1,0,0,1,False,98.3582,"[0, 255]","[0.0, 0.99609375]",
test/non_drowsy/a0138.raw,1,0,0,1,False,82.2116,"[0, 255]","[0.0, 0.99609375]",
test/non_drowsy/a0139.raw,1,0,0,1,False,79.4949,"[0, 255]","[0.0, 0.99609375]",
test/non_drowsy/a0140.raw,1,0,0,1,False,81.9625,"[0, 255]","[0.0, 0.99609375]",
test/non_drowsy/a0141.raw,1,0,0,1,False,74.7628,"[0, 255]","[0.0, 0.99609375]",
test/non_drowsy/a0142.raw,1,0,0,1,False,90.7945,"[0, 255]","[0.0, 0.99609375]",
test/non_drowsy/a0143.raw,1,0,0,1,False,77.4929,"[0, 255]","[0.0, 0.99609375]",
test/non_drowsy/a0144.raw,1,0,0,1,False,78.9604,"[0, 255]","[0.0, 0.99609375]",
test/non_drowsy/a0145.raw,1,0,0,1,False,74.9428,"[0, 255]","[0.0, 0.99609375]",
test/non_drowsy/a0146.raw,1,0,0,1,False,83.8152,"[0, 255]","[0.0, 0.99609375]",
test/non_drowsy/a0147.raw,1,0,0,1,False,69.9533,"[0, 255]","[0.0, 0.99609375]",
test/non_drowsy/a0148.raw,1,0,0,1,False,78.2091,"[0, 255]","[0.0, 0.99609375]",
test/non_drowsy/a0149.raw,1,0,0,1,False,85.5151,"[0, 255]","[0.0, 0.99609375]",
test/non_drowsy/a0150.raw,1,0,0,1,False,84.9459,"[0, 255]","[0.0, 0.99609375]",
test/non_drowsy/a0151.raw,1,0,0,1,False,88.118,"[0, 255]","[0.0, 0.99609375]",
test/non_drowsy/a0152.raw,1,0,0,1,False,87.0187,"[0, 255]","[0.0, 0.99609375]",
test/non_drowsy/a0153.raw,1,0,0,1,False,77.2166,"[0, 255]","[0.0, 0.99609375]",
test/non_drowsy/a0154.raw,1,0,0,1,False,71.0893,"[0, 255]","[0.0, 0.99609375]",
test/non_drowsy/a0155.raw,1,0,0,1,False,80.8965,"[0, 255]","[0.0, 0.99609375]",
test/non_drowsy/a0156.raw,1,0,0,1,False,80.5912,"[0, 255]","[0.0, 0.99609375]",
test/non_drowsy/a0157.raw,1,0,0,1,False,75.9518,"[0, 255]","[0.0, 0.99609375]",
test/non_drowsy/a0158.raw,1,0,0,1,False,67.0183,"[0, 255]","[0.0, 0.99609375]",
test/non_drowsy/a0159.raw,1,0,0,1,False,78.541,"[0, 255]","[0.0, 0.99609375]",
test/non_drowsy/a0160.raw,1,0,0,1,False,73.9964,"[0, 255]","[0.0, 0.99609375]",
test/non_drowsy/a0161.raw,1,0,0,1,False,76.605,"[0, 255]","[0.0, 0.99609375]",
test/non_drowsy/a0162.raw,1,0,0,1,False,88.7545,"[0, 255]","[0.0, 0.99609375]",
test/non_drowsy/a0163.raw,1,0,0,1,False,75.1517,"[0, 255]","[0.0, 0.99609375]",
test/non_drowsy/a0164.raw,1,0,0,1,False,78.7114,"[0, 255]","[0.0, 0.99609375]",
test/non_drowsy/a0165.raw,1,0,0,1,False,79.3903,"[0, 255]","[0.0, 0.99609375]",
test/non_drowsy/a0166.raw,1,0,0,1,False,71.972,"[0, 255]","[0.0, 0.99609375]",
test/non_drowsy/a0167.raw,1,0,0,1,False,102.078,"[0, 255]","[0.0, 0.99609375]",
test/non_drowsy/a0168.raw,1,0,0,1,False,106.3252,"[0, 255]","[0.0, 0.99609375]",
test/non_drowsy/a0169.raw,1,0,0,1,False,91.3865,"[0, 255]","[0.0, 0.99609375]",
test/non_drowsy/a0170.raw,1,0,0,1,False,98.8693,"[0, 255]","[0.0, 0.99609375]",
test/non_drowsy/a0171.raw,1,0,0,1,False,88.7775,"[0, 255]","[0.0, 0.99609375]",
test/non_drowsy/a0172.raw,1,0,0,1,False,77.5084,"[0, 255]","[0.0, 0.99609375]",
test/non_drowsy/a0173.raw,1,0,0,1,False,78.494,"[0, 255]","[0.0, 0.99609375]",
test/non_drowsy/a0174.raw,1,0,0,1,False,95.1005,"[0, 255]","[0.0, 0.99609375]",
test/non_drowsy/a0175.raw,1,0,0,1,False,82.383,"[0, 255]","[0.0, 0.99609375]",
test/non_drowsy/a0176.raw,1,0,0,1,False,72.366,"[0, 255]","[0.0, 0.99609375]",
test/non_drowsy/a0177.raw,1,0,0,1,False,102.3587,"[0, 255]","[0.0, 0.99609375]",
test/non_drowsy/a0178.raw,1,0,0,1,False,97.6587,"[0, 255]","[0.0, 0.99609375]",
test/non_drowsy/a0179.raw,1,0,0,1,False,99.0913,"[0, 255]","[0.0, 0.99609375]",
test/non_drowsy/a0180.raw,1,0,0,1,False,104.0176,"[0, 255]","[0.0, 0.99609375]",
test/non_drowsy/a0181.raw,1,0,0,1,False,100.0592,"[0, 255]","[0.0, 0.99609375]",
test/non_drowsy/a0182.raw,1,0,0,1,False,90.6115,"[0, 255]","[0.0, 0.99609375]",
test/non_drowsy/a0183.raw,1,0,0,1,False,85.0394,"[0, 255]","[0.0, 0.99609375]",
test/non_drowsy/a0184.raw,1,0,0,1,False,70.1407,"[0, 255]","[0.0, 0.99609375]",
test/non_drowsy/a0185.raw,1,0,0,1,False,69.7512,"[0, 255]","[0.0, 0.99609375]",
test/non_drowsy/a0186.raw,1,0,0,1,False,87.3483,"[0, 255]","[0.0, 0.99609375]",
test/non_drowsy/a0187.raw,1,0,0,1,False,77.6154,"[0, 255]","[0.0, 0.99609375]",
test/non_drowsy/a0188.raw,1,0,0,1,False,80.2045,"[0, 255]","[0.0, 0.99609375]",
test/non_drowsy/a0189.raw,1,0,0,1,False,88.1037,"[0, 255]","[0.0, 0.99609375]",
test/non_drowsy/a0190.raw,1,0,0,1,False,77.4445,"[0, 255]","[0.0, 0.99609375]",
test/non_drowsy/a0191.raw,1,0,0,1,False,67.8483,"[1, 255]","[0.00390625, 0.99609375]",
test/non_drowsy/a0192.raw,1,0,0,1,False,78.9192,"[0, 255]","[0.0, 0.99609375]",
test/non_drowsy/a0193.raw,1,0,0,1,False,106.6044,"[0, 255]","[0.0, 0.99609375]",
test/non_drowsy/a0194.raw,1,0,0,1,False,101.2622,"[1, 255]","[0.00390625, 0.99609375]",
test/non_drowsy/a0195.raw,1,0,0,1,False,75.9424,"[1, 255]","[0.00390625, 0.99609375]",
test/non_drowsy/a0196.raw,1,0,0,1,False,82.5706,"[0, 255]","[0.0, 0.99609375]",
test/non_drowsy/a0197.raw,1,0,0,1,False,66.7954,"[0, 255]","[0.0, 0.99609375]",
test/non_drowsy/a0198.raw,1,0,0,1,False,82.1391,"[0, 255]","[0.0, 0.99609375]",
test/non_drowsy/a0199.raw,1,0,0,1,False,74.9435,"[0, 255]","[0.0, 0.99609375]",
test/non_drowsy/a0200.raw,1,0,0,1,False,68.2547,"[8, 248]","[0.03125, 0.96875]",
test/non_drowsy/a0201.raw,1,0,0,1,False,66.2936,"[0, 255]","[0.0, 0.99609375]",
test/non_drowsy/a0202.raw,1,0,0,1,False,71.011,"[0, 255]","[0.0, 0.99609375]",
test/non_drowsy/a0203.raw,1,0,0,1,False,66.1602,"[0, 255]","[0.0, 0.99609375]",
test/non_drowsy/a0204.raw,1,0,0,1,False,75.9498,"[0, 255]","[0.0, 0.99609375]",
test/non_drowsy/a0205.raw,1,0,0,1,False,84.3965,"[0, 255]","[0.0, 0.99609375]",
test/non_drowsy/a0206.raw,1,0,0,1,False,76.0115,"[0, 255]","[0.0, 0.99609375]",
test/non_drowsy/a0207.raw,1,0,0,1,False,65.0468,"[0, 255]","[0.0, 0.99609375]",
test/non_drowsy/a0208.raw,1,0,0,1,False,78.0345,"[0, 255]","[0.0, 0.99609375]",
test/non_drowsy/a0209.raw,1,0,0,1,False,85.5051,"[1, 255]","[0.00390625, 0.99609375]",
test/non_drowsy/a0210.raw,1,0,0,1,False,85.0835,"[0, 255]","[0.0, 0.99609375]",
test/non_drowsy/a0211.raw,1,0,0,1,False,100.4672,"[0, 255]","[0.0, 0.99609375]",
test/non_drowsy/a0212.raw,1,1,0,0,False,100.2592,"[212, 44]","[0.828125, 0.171875]",
test/non_drowsy/a0213.raw,1,0,0,1,False,85.5159,"[1, 255]","[0.00390625, 0.99609375]",
test/non_drowsy/a0214.raw,1,0,0,1,False,78.0069,"[0, 255]","[0.0, 0.99609375]",
test/non_drowsy/a0215.raw,1,0,0,1,False,87.8389,"[0, 255]","[0.0, 0.99609375]",
test/non_drowsy/a0216.raw,1,0,0,1,False,77.3998,"[0, 255]","[0.0, 0.99609375]",
test/non_drowsy/a0217.raw,1,0,0,1,False,73.2448,"[0, 255]","[0.0, 0.99609375]",
test/non_drowsy/a0218.raw,1,0,0,1,False,81.3231,"[0, 255]","[0.0, 0.99609375]",
test/non_drowsy/a0219.raw,1,0,0,1,False,88.339,"[0, 255]","[0.0, 0.99609375]",
test/non_drowsy/a0220.raw,1,0,0,1,False,98.5377,"[0, 255]","[0.0, 0.99609375]",
test/non_drowsy/a0221.raw,1,0,0,1,False,98.6909,"[0, 255]","[0.0, 0.99609375]",
test/non_drowsy/a0222.raw,1,0,0,1,False,75.5917,"[0, 255]","[0.0, 0.99609375]",
test/non_drowsy/a0223.raw,1,0,0,1,False,72.5942,"[1, 255]","[0.00390625, 0.99609375]",
test/non_drowsy/a0224.raw,1,0,0,1,False,67.5599,"[0, 255]","[0.0, 0.99609375]",
test/non_drowsy/a0225.raw,1,0,0,1,False,70.4445,"[0, 255]","[0.0, 0.99609375]",
test/non_drowsy/a0226.raw,1,0,0,1,False,81.7906,"[0, 255]","[0.0, 0.99609375]",
test/non_drowsy/a0227.raw,1,0,0,1,False,80.4608,"[1, 255]","[0.00390625, 0.99609375]",
test/non_drowsy/a0228.raw,1,0,0,1,False,67.3871,"[0, 255]","[0.0, 0.99609375]",
test/non_drowsy/a0229.raw,1,0,0,1,False,66.6289,"[1, 255]","[0.00390625, 0.99609375]",
test/non_drowsy/a0230.raw,1,0,0,1,False,71.399,"[0, 255]","[0.0, 0.99609375]",
test/non_drowsy/a0231.raw,1,0,0,1,False,62.1373,"[1, 255]","[0.00390625, 0.99609375]",
test/non_drowsy/a0232.raw,1,0,0,1,False,79.7813,"[0, 255]","[0.0, 0.99609375]",
test/non_drowsy/a0233.raw,1,0,0,1,False,67.4247,"[0, 255]","[0.0, 0.99609375]",
test/non_drowsy/a0234.raw,1,0,0,1,False,63.3971,"[0, 255]","[0.0, 0.99609375]",
test/non_drowsy/a0235.raw,1,0,0,1,False,66.883,"[1, 255]","[0.00390625, 0.99609375]",
test/non_drowsy/a0236.raw,1,0,0,1,False,61.7528,"[0, 255]","[0.0, 0.99609375]",
test/non_drowsy/a0237.raw,1,0,0,1,False,60.1899,"[1, 255]","[0.00390625, 0.99609375]",
test/non_drowsy/a0238.raw,1,0,0,1,False,58.0894,"[0, 255]","[0.0, 0.99609375]",
test/non_drowsy/a0239.raw,1,0,0,1,False,65.2496,"[0, 255]","[0.0, 0.99609375]",
test/non_drowsy/a0240.raw,1,0,0,1,False,55.866,"[3, 253]","[0.01171875, 0.98828125]",
test/non_drowsy/a0241.raw,1,0,0,1,False,59.9682,"[2, 254]","[0.0078125, 0.9921875]",
test/non_drowsy/a0242.raw,1,0,0,1,False,48.3672,"[0, 255]","[0.0, 0.99609375]",
test/non_drowsy/a0243.raw,1,0,0,1,False,47.8099,"[0, 255]","[0.0, 0.99609375]",
test/non_drowsy/a0244.raw,1,0,0,1,False,47.1564,"[0, 255]","[0.0, 0.99609375]",
test/non_drowsy/a0245.raw,1,0,0,1,False,45.6195,"[0, 255]","[0.0, 0.99609375]",
test/non_drowsy/a0246.raw,1,0,0,1,False,45.6129,"[0, 255]","[0.0, 0.99609375]",
test/non_drowsy/a0247.raw,1,0,0,1,False,44.2502,"[0, 255]","[0.0, 0.99609375]",
test/non_drowsy/a0248.raw,1,0,0,1,False,45.1517,"[0, 255]","[0.0, 0.99609375]",
test/non_drowsy/a0249.raw,1,0,0,1,False,43.9966,"[0, 255]","[0.0, 0.99609375]",
test/non_drowsy/a0250.raw,1,0,0,1,False,45.197,"[0, 255]","[0.0, 0.99609375]",
test/non_drowsy/a0251.raw,1,0,0,1,False,43.5869,"[0, 255]","[0.0, 0.99609375]",
test/non_drowsy/a0252.raw,1,0,0,1,False,45.4336,"[0, 255]","[0.0, 0.99609375]",
test/non_drowsy/a0253.raw,1,0,0,1,False,43.8176,"[0, 255]","[0.0, 0.99609375]",
test/non_drowsy/a0254.raw,1,0,0,1,False,43.9988,"[0, 255]","[0.0, 0.99609375]",
test/non_drowsy/a0255.raw,1,0,0,1,False,42.5095,"[0, 255]","[0.0, 0.99609375]",
test/non_drowsy/a0256.raw,1,0,0,1,False,42.9637,"[0, 255]","[0.0, 0.99609375]",
test/non_drowsy/a0257.raw,1,0,0,1,False,44.3008,"[0, 255]","[0.0, 0.99609375]",
test/non_drowsy/a0258.raw,1,0,0,1,False,46.4814,"[0, 255]","[0.0, 0.99609375]",
test/non_drowsy/a0259.raw,1,0,0,1,False,47.2061,"[0, 255]","[0.0, 0.99609375]",
test/non_drowsy/a0260.raw,1,0,0,1,False,45.6995,"[0, 255]","[0.0, 0.99609375]",
test/non_drowsy/a0261.raw,1,0,0,1,False,46.6503,"[0, 255]","[0.0, 0.99609375]",
test/non_drowsy/a0262.raw,1,0,0,1,False,44.3769,"[0, 255]","[0.0, 0.99609375]",
test/non_drowsy/a0263.raw,1,0,0,1,False,44.1116,"[0, 255]","[0.0, 0.99609375]",
test/non_drowsy/a0264.raw,1,0,0,1,False,45.4078,"[0, 255]","[0.0, 0.99609375]",
test/non_drowsy/a0265.raw,1,0,0,1,False,44.4965,"[0, 255]","[0.0, 0.99609375]",
test/non_drowsy/a0266.raw,1,0,0,1,False,44.3626,"[0, 255]","[0.0, 0.99609375]",
test/non_drowsy/a0267.raw,1,0,0,1,False,43.9967,"[0, 255]","[0.0, 0.99609375]",
test/non_drowsy/a0268.raw,1,0,0,1,False,43.413,"[0, 255]","[0.0, 0.99609375]",
test/non_drowsy/a0269.raw,1,0,0,1,False,48.6093,"[0, 255]","[0.0, 0.99609375]",
test/non_drowsy/a0270.raw,1,0,0,1,False,51.3233,"[0, 255]","[0.0, 0.99609375]",
test/non_drowsy/a0271.raw,1,0,0,1,False,67.4257,"[0, 255]","[0.0, 0.99609375]",
test/non_drowsy/a0272.raw,1,0,0,1,False,60.4155,"[0, 255]","[0.0, 0.99609375]",
test/non_drowsy/a0273.raw,1,0,0,1,False,63.0925,"[0, 255]","[0.0, 0.99609375]",
test/non_drowsy/a0274.raw,1,0,0,1,False,57.6257,"[0, 255]","[0.0, 0.99609375]",
test/non_drowsy/a0275.raw,1,0,0,1,False,54.9187,"[0, 255]","[0.0, 0.99609375]",
test/non_drowsy/a0276.raw,1,0,0,1,False,55.0673,"[0, 255]","[0.0, 0.99609375]",
test/non_drowsy/a0277.raw,1,0,0,1,False,55.3903,"[0, 255]","[0.0, 0.99609375]",
test/non_drowsy/a0278.raw,1,0,0,1,False,51.4567,"[0, 255]","[0.0, 0.99609375]",
test/non_drowsy/a0279.raw,1,0,0,1,False,50.2749,"[0, 255]","[0.0, 0.99609375]",
test/non_drowsy/a0280.raw,1,0,0,1,False,49.0265,"[0, 255]","[0.0, 0.99609375]",
test/non_drowsy/a0281.raw,1,0,0,1,False,50.4244,"[0, 255]","[0.0, 0.99609375]",
test/non_drowsy/a0282.raw,1,0,0,1,False,48.2062,"[0, 255]","[0.0, 0.99609375]",
test/non_drowsy/a0283.raw,1,0,0,1,False,48.097,"[0, 255]","[0.0, 0.99609375]",
test/non_drowsy/a0284.raw,1,0,0,1,False,49.0664,"[0, 255]","[0.0, 0.99609375]",
test/non_drowsy/a0285.raw,1,0,0,1,False,46.878,"[0, 255]","[0.0, 0.99609375]",
test/non_drowsy/a0286.raw,1,0,0,1,False,46.9494,"[0, 255]","[0.0, 0.99609375]",
test/non_drowsy/a0287.raw,1,0,0,1,False,45.4672,"[0, 255]","[0.0, 0.99609375]",
test/non_drowsy/a0288.raw,1,0,0,1,False,45.1104,"[0, 255]","[0.0, 0.99609375]",
test/non_drowsy/a0289.raw,1,0,0,1,False,44.7278,"[0, 255]","[0.0, 0.99609375]",
test/non_drowsy/a0290.raw,1,0,0,1,False,44.106,"[0, 255]","[0.0, 0.99609375]",
test/non_drowsy/a0291.raw,1,0,0,1,False,44.032,"[0, 255]","[0.0, 0.99609375]",
test/non_drowsy/a0292.raw,1,0,0,1,False,43.9674,"[0, 255]","[0.0, 0.99609375]",
test/non_drowsy/a0293.raw,1,0,0,1,False,43.8372,"[0, 255]","[0.0, 0.99609375]",
test/non_drowsy/a0294.raw,1,0,0,1,False,42.408,"[0, 255]","[0.0, 0.99609375]",
test/non_drowsy/a0295.raw,1,0,0,1,False,42.7178,"[0, 255]","[0.0, 0.99609375]",
test/non_drowsy/a0296.raw,1,0,0,1,False,42.6567,"[0, 255]","[0.0, 0.99609375]",
test/non_drowsy/a0297.raw,1,0,0,1,False,42.7896,"[0, 255]","[0.0, 0.99609375]",
test/non_drowsy/a0298.raw,1,0,0,1,False,42.7934,"[0, 255]","[0.0, 0.99609375]",
test/non_drowsy/a0299.raw,1,0,0,1,False,42.5254,"[0, 255]","[0.0, 0.99609375]",
test/non_drowsy/a0300.raw,1,0,0,1,False,44.2361,"[0, 255]","[0.0, 0.99609375]",
test/non_drowsy/a0301.raw,1,0,0,1,False,44.0792,"[0, 255]","[0.0, 0.99609375]",
test/non_drowsy/a0302.raw,1,0,0,1,False,43.8898,"[0, 255]","[0.0, 0.99609375]",
test/non_drowsy/a0303.raw,1,0,0,1,False,42.539,"[0, 255]","[0.0, 0.99609375]",
test/non_drowsy/a0304.raw,1,0,0,1,False,42.8549,"[0, 255]","[0.0, 0.99609375]",
test/non_drowsy/a0305.raw,1,0,0,1,False,43.1955,"[0, 255]","[0.0, 0.99609375]",
test/non_drowsy/a0306.raw,1,0,0,1,False,42.7417,"[0, 255]","[0.0, 0.99609375]",
test/non_drowsy/a0307.raw,1,0,0,1,False,46.4953,"[0, 255]","[0.0, 0.99609375]",
test/non_drowsy/a0308.raw,1,0,0,1,False,44.6236,"[0, 255]","[0.0, 0.99609375]",
test/non_drowsy/a0309.raw,1,0,0,1,False,57.8499,"[0, 255]","[0.0, 0.99609375]",
test/non_drowsy/a0310.raw,1,0,0,1,False,45.8,"[0, 255]","[0.0, 0.99609375]",
test/non_drowsy/a0311.raw,1,0,0,1,False,50.5324,"[0, 255]","[0.0, 0.99609375]",
test/non_drowsy/a0312.raw,1,0,0,1,False,46.726,"[0, 255]","[0.0, 0.99609375]",
test/non_drowsy/a0313.raw,1,0,0,1,False,52.3738,"[1, 255]","[0.00390625, 0.99609375]",
test/non_drowsy/a0314.raw,1,0,0,1,False,48.9332,"[0, 255]","[0.0, 0.99609375]",
test/non_drowsy/a0315.raw,1,0,0,1,False,60.0552,"[0, 255]","[0.0, 0.99609375]",
test/non_drowsy/a0316.raw,1,0,0,1,False,48.0352,"[0, 255]","[0.0, 0.99609375]",
test/non_drowsy/a0317.raw,1,0,0,1,False,46.2957,"[0, 255]","[0.0, 0.99609375]",
test/non_drowsy/a0318.raw,1,0,0,1,False,48.168,"[0, 255]","[0.0, 0.99609375]",
test/non_drowsy/a0319.raw,1,0,0,1,False,47.4225,"[0, 255]","[0.0, 0.99609375]",
test/non_drowsy/a0320.raw,1,0,0,1,False,53.1695,"[0, 255]","[0.0, 0.99609375]",
test/non_drowsy/a0321.raw,1,0,0,1,False,48.3648,"[0, 255]","[0.0, 0.99609375]",
test/non_drowsy/a0322.raw,1,0,0,1,False,46.2053,"[0, 255]","[0.0, 0.99609375]",
test/non_drowsy/a0323.raw,1,0,0,1,False,46.7792,"[0, 255]","[0.0, 0.99609375]",
test/non_drowsy/a0324.raw,1,0,0,1,False,45.3412,"[0, 255]","[0.0, 0.99609375]",
test/non_drowsy/a0325.raw,1,0,0,1,False,45.1339,"[0, 255]","[0.0, 0.99609375]",
test/non_drowsy/a0326.raw,1,0,0,1,False,45.5379,"[0, 255]","[0.0, 0.99609375]",
test/non_drowsy/a0327.raw,1,0,0,1,False,45.0671,"[0, 255]","[0.0, 0.99609375]",
test/non_drowsy/a0328.raw,1,0,0,1,False,44.3773,"[0, 255]","[0.0, 0.99609375]",
test/non_drowsy/a0329.raw,1,0,0,1,False,43.9089,"[0, 255]","[0.0, 0.99609375]",
test/non_drowsy/a0330.raw,1,0,0,1,False,43.6966,"[0, 255]","[0.0, 0.99609375]",
test/non_drowsy/a0331.raw,1,0,0,1,False,43.0348,"[0, 255]","[0.0, 0.99609375]",
test/non_drowsy/a0332.raw,1,0,0,1,False,43.3356,"[0, 255]","[0.0, 0.99609375]",
test/non_drowsy/a0333.raw,1,0,0,1,False,43.9279,"[0, 255]","[0.0, 0.99609375]",
test/non_drowsy/a0334.raw,1,0,0,1,False,44.2148,"[0, 255]","[0.0, 0.99609375]",
test/non_drowsy/a0335.raw,1,0,0,1,False,45.2967,"[0, 255]","[0.0, 0.99609375]",
test/non_drowsy/a0336.raw,1,0,0,1,False,45.896,"[0, 255]","[0.0, 0.99609375]",
test/non_drowsy/a0337.raw,1,0,0,1,False,49.952,"[0, 255]","[0.0, 0.99609375]",
test/non_drowsy/a0338.raw,1,0,0,1,False,47.4439,"[0, 255]","[0.0, 0.99609375]",
test/non_drowsy/a0339.raw,1,0,0,1,False,48.1438,"[0, 255]","[0.0, 0.99609375]",
test/non_drowsy/a0340.raw,1,0,0,1,False,46.4755,"[0, 255]","[0.0, 0.99609375]",
test/non_drowsy/a0341.raw,1,0,0,1,False,44.1756,"[0, 255]","[0.0, 0.99609375]",
test/non_drowsy/a0342.raw,1,0,0,1,False,44.5992,"[0, 255]","[0.0, 0.99609375]",
test/non_drowsy/a0343.raw,1,0,0,1,False,42.4815,"[0, 255]","[0.0, 0.99609375]",
test/non_drowsy/a0344.raw,1,0,0,1,False,43.2454,"[0, 255]","[0.0, 0.99609375]",
test/non_drowsy/a0345.raw,1,0,0,1,False,42.5488,"[0, 255]","[0.0, 0.99609375]",
test/non_drowsy/a0346.raw,1,0,0,1,False,42.9547,"[0, 255]","[0.0, 0.99609375]",
test/non_drowsy/a0347.raw,1,0,0,1,False,44.8557,"[0, 255]","[0.0, 0.99609375]",
test/non_drowsy/a0348.raw,1,0,0,1,False,44.1139,"[0, 255]","[0.0, 0.99609375]",
test/non_drowsy/a0349.raw,1,0,0,1,False,42.701,"[0, 255]","[0.0, 0.99609375]",
test/non_drowsy/a0350.raw,1,0,0,1,False,43.1357,"[0, 255]","[0.0, 0.99609375]",
test/non_drowsy/a0351.raw,1,0,0,1,False,43.1411,"[0, 255]","[0.0, 0.99609375]",
test/non_drowsy/a0352.raw,1,0,0,1,False,43.0419,"[0, 255]","[0.0, 0.99609375]",
test/non_drowsy/a0353.raw,1,0,0,1,False,43.0438,"[0, 255]","[0.0, 0.99609375]",
test/non_drowsy/a0354.raw,1,0,0,1,False,43.8435,"[0, 255]","[0.0, 0.99609375]",
test/non_drowsy/a0355.raw,1,0,0,1,False,42.4793,"[0, 255]","[0.0, 0.99609375]",
test/non_drowsy/a0356.raw,1,0,0,1,False,43.2571,"[0, 255]","[0.0, 0.99609375]",
test/non_drowsy/a0357.raw,1,0,0,1,False,45.3375,"[0, 255]","[0.0, 0.99609375]",
test/non_drowsy/a0358.raw,1,0,0,1,False,42.5117,"[0, 255]","[0.0, 0.99609375]",
test/non_drowsy/a0359.raw,1,0,0,1,False,42.6193,"[0, 255]","[0.0, 0.99609375]",
test/non_drowsy/a0360.raw,1,0,0,1,False,43.0564,"[0, 255]","[0.0, 0.99609375]",
test/non_drowsy/a0361.raw,1,0,0,1,False,43.2094,"[0, 255]","[0.0, 0.99609375]",
test/non_drowsy/a0362.raw,1,0,0,1,False,44.2346,"[0, 255]","[0.0, 0.99609375]",
test/non_drowsy/a0363.raw,1,0,0,1,False,43.308,"[0, 255]","[0.0, 0.99609375]",
test/non_drowsy/a0364.raw,1,0,0,1,False,43.3321,"[0, 255]","[0.0, 0.99609375]",
test/non_drowsy/a0365.raw,1,0,0,1,False,46.9608,"[0, 255]","[0.0, 0.99609375]",
test/non_drowsy/a0366.raw,1,0,0,1,False,43.1453,"[0, 255]","[0.0, 0.99609375]",
test/non_drowsy/a0367.raw,1,0,0,1,False,43.2321,"[0, 255]","[0.0, 0.99609375]",
test/non_drowsy/a0368.raw,1,0,0,1,False,43.0937,"[0, 255]","[0.0, 0.99609375]",
test/non_drowsy/a0369.raw,1,0,0,1,False,42.9125,"[0, 255]","[0.0, 0.99609375]",
test/non_drowsy/a0370.raw,1,0,0,1,False,43.365,"[0, 255]","[0.0, 0.99609375]",
test/non_drowsy/a0371.raw,1,0,0,1,False,42.7013,"[0, 255]","[0.0, 0.99609375]",
test/non_drowsy/a0372.raw,1,0,0,1,False,44.2822,"[0, 255]","[0.0, 0.99609375]",
test/non_drowsy/a0373.raw,1,0,0,1,False,44.3229,"[2, 254]","[0.0078125, 0.9921875]",
test/non_drowsy/a0374.raw,1,0,0,1,False,43.0963,"[0, 255]","[0.0, 0.99609375]",
test/non_drowsy/a0375.raw,1,0,0,1,False,43.2867,"[0, 255]","[0.0, 0.99609375]",
test/non_drowsy/a0376.raw,1,0,0,1,False,43.4259,"[0, 255]","[0.0, 0.99609375]",
test/non_drowsy/a0377.raw,1,0,0,1,False,42.6981,"[0, 255]","[0.0, 0.99609375]",
test/non_drowsy/a0378.raw,1,0,0,1,False,44.7244,"[0, 255]","[0.0, 0.99609375]",
test/non_drowsy/a0379.raw,1,0,0,1,False,45.6006,"[0, 255]","[0.0, 0.99609375]",
test/non_drowsy/a0380.raw,1,0,0,1,False,45.1055,"[0, 255]","[0.0, 0.99609375]",
test/non_drowsy/a0381.raw,1,0,0,1,False,44.6579,"[0, 255]","[0.0, 0.99609375]",
test/non_drowsy/a0382.raw,1,0,0,1,False,42.5082,"[0, 255]","[0.0, 0.99609375]",
test/non_drowsy/a0383.raw,1,0,0,1,False,43.2068,"[0, 255]","[0.0, 0.99609375]",
test/non_drowsy/a0384.raw,1,0,0,1,False,42.7628,"[0, 255]","[0.0, 0.99609375]",
test/non_drowsy/a0385.raw,1,1,0,0,False,43.6106,"[151, 105]","[0.58984375, 0.41015625]",
test/non_drowsy/a0386.raw,1,0,0,1,False,43.2954,"[4, 252]","[0.015625, 0.984375]",
test/non_drowsy/a0387.raw,1,0,0,1,False,42.76,"[3, 253]","[0.01171875, 0.98828125]",
test/non_drowsy/a0388.raw,1,0,0,1,False,43.0368,"[1, 255]","[0.00390625, 0.99609375]",
test/non_drowsy/a0389.raw,1,0,0,1,False,43.2739,"[0, 255]","[0.0, 0.99609375]",
test/non_drowsy/a0390.raw,1,0,0,1,False,42.7636,"[4, 252]","[0.015625, 0.984375]",
test/non_drowsy/a0391.raw,1,,0,0,True,43.0621,"[128, 128]","[0.5, 0.5]",
test/non_drowsy/a0392.raw,1,0,0,1,False,42.8499,"[0, 255]","[0.0, 0.99609375]",
test/non_drowsy/a0393.raw,1,0,0,1,False,42.5039,"[6, 250]","[0.0234375, 0.9765625]",
test/non_drowsy/a0394.raw,1,0,0,1,False,42.8363,"[0, 255]","[0.0, 0.99609375]",
test/non_drowsy/a0395.raw,1,0,0,1,False,43.3772,"[0, 255]","[0.0, 0.99609375]",
test/non_drowsy/a0396.raw,1,0,0,1,False,42.5653,"[0, 255]","[0.0, 0.99609375]",
test/non_drowsy/a0397.raw,1,1,0,0,False,44.207,"[255, 1]","[0.99609375, 0.00390625]",
test/non_drowsy/a0398.raw,1,0,0,1,False,44.1787,"[1, 255]","[0.00390625, 0.99609375]",
test/non_drowsy/a0399.raw,1,0,0,1,False,43.2683,"[0, 255]","[0.0, 0.99609375]",
test/non_drowsy/a0400.raw,1,0,0,1,False,43.658,"[0, 255]","[0.0, 0.99609375]",
test/non_drowsy/a0401.raw,1,0,0,1,False,43.3794,"[0, 255]","[0.0, 0.99609375]",
test/non_drowsy/a0402.raw,1,0,0,1,False,42.6857,"[0, 255]","[0.0, 0.99609375]",
test/non_drowsy/a0403.raw,1,0,0,1,False,47.9935,"[0, 255]","[0.0, 0.99609375]",
test/non_drowsy/a0404.raw,1,0,0,1,False,47.0883,"[0, 255]","[0.0, 0.99609375]",
test/non_drowsy/a0405.raw,1,0,0,1,False,43.6538,"[0, 255]","[0.0, 0.99609375]",
test/non_drowsy/a0406.raw,1,0,0,1,False,42.8485,"[0, 255]","[0.0, 0.99609375]",
test/non_drowsy/a0407.raw,1,0,0,1,False,43.4638,"[0, 255]","[0.0, 0.99609375]",
test/non_drowsy/a0408.raw,1,0,0,1,False,44.1066,"[0, 255]","[0.0, 0.99609375]",
test/non_drowsy/a0409.raw,1,0,0,1,False,44.6028,"[1, 255]","[0.00390625, 0.99609375]",
test/non_drowsy/a0410.raw,1,0,0,1,False,43.3175,"[0, 255]","[0.0, 0.99609375]",
test/non_drowsy/a0411.raw,1,0,0,1,False,42.6589,"[0, 255]","[0.0, 0.99609375]",
test/non_drowsy/a0412.raw,1,0,0,1,False,43.4761,"[0, 255]","[0.0, 0.99609375]",
test/non_drowsy/a0413.raw,1,0,0,1,False,42.9743,"[0, 255]","[0.0, 0.99609375]",
test/non_drowsy/a0414.raw,1,0,0,1,False,42.3993,"[0, 255]","[0.0, 0.99609375]",
test/non_drowsy/a0415.raw,1,0,0,1,False,43.1472,"[1, 255]","[0.00390625, 0.99609375]",
test/non_drowsy/a0416.raw,1,0,0,1,False,42.8704,"[49, 207]","[0.19140625, 0.80859375]",
test/non_drowsy/a0417.raw,1,0,0,1,False,42.6216,"[11, 245]","[0.04296875, 0.95703125]",
test/non_drowsy/a0418.raw,1,0,0,1,False,45.5254,"[15, 241]","[0.05859375, 0.94140625]",
test/non_drowsy/a0419.raw,1,0,0,1,False,46.7509,"[0, 255]","[0.0, 0.99609375]",
test/non_drowsy/a0420.raw,1,0,0,1,False,43.0847,"[0, 255]","[0.0, 0.99609375]",
test/non_drowsy/a0421.raw,1,0,0,1,False,42.903,"[0, 255]","[0.0, 0.99609375]",
test/non_drowsy/a0422.raw,1,0,0,1,False,42.9535,"[0, 255]","[0.0, 0.99609375]",
test/non_drowsy/a0423.raw,1,0,0,1,False,43.2152,"[3, 253]","[0.01171875, 0.98828125]",
test/non_drowsy/a0424.raw,1,0,0,1,False,43.7896,"[0, 255]","[0.0, 0.99609375]",
test/non_drowsy/a0425.raw,1,0,0,1,False,43.3829,"[0, 255]","[0.0, 0.99609375]",
test/non_drowsy/a0426.raw,1,0,0,1,False,42.5643,"[0, 255]","[0.0, 0.99609375]",
test/non_drowsy/a0427.raw,1,0,0,1,False,43.2678,"[0, 255]","[0.0, 0.99609375]",
test/non_drowsy/a0428.raw,1,0,0,1,False,45.285,"[0, 255]","[0.0, 0.99609375]",
test/non_drowsy/a0429.raw,1,0,0,1,False,43.2545,"[0, 255]","[0.0, 0.99609375]",
test/non_drowsy/a0430.raw,1,0,0,1,False,42.9822,"[0, 255]","[0.0, 0.99609375]",
test/non_drowsy/a0431.raw,1,0,0,1,False,42.998,"[0, 255]","[0.0, 0.99609375]",
test/non_drowsy/a0432.raw,1,0,0,1,False,42.9533,"[0, 255]","[0.0, 0.99609375]",
test/non_drowsy/a0433.raw,1,0,0,1,False,43.0235,"[0, 255]","[0.0, 0.99609375]",
test/non_drowsy/a0434.raw,1,1,0,0,False,43.2753,"[252, 4]","[0.984375, 0.015625]",
test/non_drowsy/a0435.raw,1,0,0,1,False,42.9846,"[0, 255]","[0.0, 0.99609375]",
test/non_drowsy/a0436.raw,1,0,0,1,False,43.2518,"[8, 248]","[0.03125, 0.96875]",
test/non_drowsy/a0437.raw,1,0,0,1,False,43.1538,"[0, 255]","[0.0, 0.99609375]",
test/non_drowsy/a0438.raw,1,0,0,1,False,42.5519,"[0, 255]","[0.0, 0.99609375]",
test/non_drowsy/a0439.raw,1,0,0,1,False,42.6512,"[0, 255]","[0.0, 0.99609375]",
test/non_drowsy/a0440.raw,1,0,0,1,False,43.2626,"[0, 255]","[0.0, 0.99609375]",
test/non_drowsy/a0441.raw,1,0,0,1,False,44.8324,"[0, 255]","[0.0, 0.99609375]",
test/non_drowsy/a0442.raw,1,0,0,1,False,44.3317,"[0, 255]","[0.0, 0.99609375]",
test/non_drowsy/a0443.raw,1,0,0,1,False,44.4159,"[0, 255]","[0.0, 0.99609375]",
test/non_drowsy/a0444.raw,1,0,0,1,False,47.0237,"[8, 248]","[0.03125, 0.96875]",
test/non_drowsy/a0445.raw,1,0,0,1,False,98.5755,"[0, 255]","[0.0, 0.99609375]",
test/non_drowsy/a0446.raw,1,0,0,1,False,67.1191,"[0, 255]","[0.0, 0.99609375]",
test/non_drowsy/a0447.raw,1,0,0,1,False,49.5918,"[0, 255]","[0.0, 0.99609375]",
test/non_drowsy/a0448.raw,1,0,0,1,False,48.5158,"[0, 255]","[0.0, 0.99609375]",
test/non_drowsy/a0449.raw,1,0,0,1,False,45.3287,"[0, 255]","[0.0, 0.99609375]",
test/non_drowsy/a0450.raw,1,0,0,1,False,45.9366,"[0, 255]","[0.0, 0.99609375]",
test/non_drowsy/a0451.raw,1,0,0,1,False,43.9278,"[0, 255]","[0.0, 0.99609375]",
test/non_drowsy/a0452.raw,1,0,0,1,False,44.9269,"[0, 255]","[0.0, 0.99609375]",
test/non_drowsy/a0453.raw,1,0,0,1,False,42.64,"[0, 255]","[0.0, 0.99609375]",
test/non_drowsy/a0454.raw,1,0,0,1,False,43.1239,"[0, 255]","[0.0, 0.99609375]",
test/non_drowsy/a0455.raw,1,0,0,1,False,42.6461,"[0, 255]","[0.0, 0.99609375]",
test/non_drowsy/a0456.raw,1,0,0,1,False,44.1984,"[0, 255]","[0.0, 0.99609375]",
test/non_drowsy/a0457.raw,1,0,0,1,False,43.6736,"[0, 255]","[0.0, 0.99609375]",
test/non_drowsy/a0458.raw,1,0,0,1,False,43.6112,"[0, 255]","[0.0, 0.99609375]",
test/non_drowsy/a0459.raw,1,0,0,1,False,43.1283,"[0, 255]","[0.0, 0.99609375]",
test/non_drowsy/a0460.raw,1,0,0,1,False,44.5638,"[0, 255]","[0.0, 0.99609375]",
test/non_drowsy/a0461.raw,1,0,0,1,False,44.4018,"[0, 255]","[0.0, 0.99609375]",
test/non_drowsy/a0462.raw,1,0,0,1,False,43.4862,"[0, 255]","[0.0, 0.99609375]",
test/non_drowsy/a0463.raw,1,0,0,1,False,42.7663,"[0, 255]","[0.0, 0.99609375]",
test/non_drowsy/a0464.raw,1,0,0,1,False,42.7861,"[0, 255]","[0.0, 0.99609375]",
test/non_drowsy/a0465.raw,1,0,0,1,False,42.8212,"[0, 255]","[0.0, 0.99609375]",
test/non_drowsy/a0466.raw,1,0,0,1,False,43.1338,"[0, 255]","[0.0, 0.99609375]",
test/non_drowsy/a0467.raw,1,0,0,1,False,42.8931,"[0, 255]","[0.0, 0.99609375]",
test/non_drowsy/a0468.raw,1,0,0,1,False,43.3213,"[0, 255]","[0.0, 0.99609375]",
test/non_drowsy/a0469.raw,1,0,0,1,False,50.1741,"[1, 255]","[0.00390625, 0.99609375]",
test/non_drowsy/a0470.raw,1,0,0,1,False,43.4798,"[0, 255]","[0.0, 0.99609375]",
test/non_drowsy/a0471.raw,1,0,0,1,False,42.9571,"[0, 255]","[0.0, 0.99609375]",
test/non_drowsy/a0472.raw,1,0,0,1,False,42.7624,"[0, 255]","[0.0, 0.99609375]",
test/non_drowsy/a0473.raw,1,0,0,1,False,43.1524,"[0, 255]","[0.0, 0.99609375]",
test/non_drowsy/a0474.raw,1,0,0,1,False,42.9861,"[0, 255]","[0.0, 0.99609375]",
test/non_drowsy/a0475.raw,1,0,0,1,False,42.6258,"[0, 255]","[0.0, 0.99609375]",
test/non_drowsy/a0476.raw,1,0,0,1,False,42.95,"[1, 255]","[0.00390625, 0.99609375]",
test/non_drowsy/a0477.raw,1,0,0,1,False,43.0767,"[11, 245]","[0.04296875, 0.95703125]",
test/non_drowsy/a0478.raw,1,0,0,1,False,43.1688,"[0, 255]","[0.0, 0.99609375]",
test/non_drowsy/a0479.raw,1,0,0,1,False,43.0502,"[0, 255]","[0.0, 0.99609375]",
test/non_drowsy/a0480.raw,1,0,0,1,False,45.3226,"[1, 255]","[0.00390625, 0.99609375]",
test/non_drowsy/a0481.raw,1,0,0,1,False,45.7044,"[0, 255]","[0.0, 0.99609375]",
test/non_drowsy/a0482.raw,1,0,0,1,False,45.0703,"[1, 255]","[0.00390625, 0.99609375]",
test/non_drowsy/a0483.raw,1,0,0,1,False,43.9457,"[0, 255]","[0.0, 0.99609375]",
test/non_drowsy/a0484.raw,1,0,0,1,False,44.2263,"[0, 255]","[0.0, 0.99609375]",
test/non_drowsy/a0485.raw,1,0,0,1,False,43.6938,"[0, 255]","[0.0, 0.99609375]",
test/non_drowsy/a0486.raw,1,0,0,1,False,42.427,"[0, 255]","[0.0, 0.99609375]",
test/non_drowsy/a0487.raw,1,0,0,1,False,46.2836,"[0, 255]","[0.0, 0.99609375]",
test/non_drowsy/a0488.raw,1,0,0,1,False,43.4175,"[0, 255]","[0.0, 0.99609375]",
test/non_drowsy/a0489.raw,1,0,0,1,False,45.3236,"[0, 255]","[0.0, 0.99609375]",
test/non_drowsy/a0490.raw,1,0,0,1,False,43.4568,"[0, 255]","[0.0, 0.99609375]",
test/non_drowsy/a0491.raw,1,0,0,1,False,44.2822,"[0, 255]","[0.0, 0.99609375]",
test/non_drowsy/a0492.raw,1,0,0,1,False,45.9905,"[0, 255]","[0.0, 0.99609375]",
test/non_drowsy/a0493.raw,1,0,0,1,False,46.2062,"[0, 255]","[0.0, 0.99609375]",
test/non_drowsy/a0494.raw,1,0,0,1,False,46.8425,"[0, 255]","[0.0, 0.99609375]",
test/non_drowsy/a0495.raw,1,0,0,1,False,48.2911,"[0, 255]","[0.0, 0.99609375]",
test/non_drowsy/a0496.raw,1,0,0,1,False,47.9637,"[0, 255]","[0.0, 0.99609375]",
test/non_drowsy/a0497.raw,1,0,0,1,False,45.7653,"[0, 255]","[0.0, 0.99609375]",
test/non_drowsy/a0498.raw,1,0,0,1,False,45.9448,"[1, 255]","[0.00390625, 0.99609375]",
test/non_drowsy/a0499.raw,1,0,0,1,False,44.8795,"[0, 255]","[0.0, 0.99609375]",
test/non_drowsy/a0500.raw,1,0,0,1,False,44.8169,"[5, 251]","[0.01953125, 0.98046875]",
test/non_drowsy/a0501.raw,1,0,0,1,False,44.51,"[0, 255]","[0.0, 0.99609375]",
test/non_drowsy/a0502.raw,1,0,0,1,False,42.7167,"[0, 255]","[0.0, 0.99609375]",
test/non_drowsy/a0503.raw,1,0,0,1,False,43.0227,"[0, 255]","[0.0, 0.99609375]",
test/non_drowsy/a0504.raw,1,0,0,1,False,42.8845,"[0, 255]","[0.0, 0.99609375]",
test/non_drowsy/a0505.raw,1,0,0,1,False,42.7523,"[0, 255]","[0.0, 0.99609375]",
test/non_drowsy/a0506.raw,1,0,0,1,False,43.6041,"[0, 255]","[0.0, 0.99609375]",
test/non_drowsy/a0507.raw,1,0,0,1,False,43.2776,"[0, 255]","[0.0, 0.99609375]",
test/non_drowsy/a0508.raw,1,0,0,1,False,42.849,"[0, 255]","[0.0, 0.99609375]",
test/non_drowsy/a0509.raw,1,0,0,1,False,43.3199,"[0, 255]","[0.0, 0.99609375]",
test/non_drowsy/a0510.raw,1,0,0,1,False,43.6067,"[10, 246]","[0.0390625, 0.9609375]",
test/non_drowsy/a0511.raw,1,0,0,1,False,43.6769,"[0, 255]","[0.0, 0.99609375]",
test/non_drowsy/a0512.raw,1,0,0,1,False,42.7571,"[0, 255]","[0.0, 0.99609375]",
test/non_drowsy/a0513.raw,1,0,0,1,False,43.2106,"[0, 255]","[0.0, 0.99609375]",
test/non_drowsy/a0514.raw,1,0,0,1,False,43.204,"[0, 255]","[0.0, 0.99609375]",
test/non_drowsy/a0515.raw,1,0,0,1,False,43.8122,"[7, 249]","[0.02734375, 0.97265625]",
test/non_drowsy/a0516.raw,1,0,0,1,False,43.981,"[0, 255]","[0.0, 0.99609375]",
test/non_drowsy/a0517.raw,1,0,0,1,False,42.4589,"[0, 255]","[0.0, 0.99609375]",
test/non_drowsy/a0518.raw,1,0,0,1,False,42.862,"[0, 255]","[0.0, 0.99609375]",
test/non_drowsy/a0519.raw,1,0,0,1,False,43.0782,"[0, 255]","[0.0, 0.99609375]",
test/non_drowsy/a0520.raw,1,0,0,1,False,42.8857,"[0, 255]","[0.0, 0.99609375]",
test/non_drowsy/a0521.raw,1,0,0,1,False,43.0744,"[0, 255]","[0.0, 0.99609375]",
test/non_drowsy/a0522.raw,1,0,0,1,False,43.0083,"[0, 255]","[0.0, 0.99609375]",
test/non_drowsy/a0523.raw,1,0,0,1,False,42.6245,"[0, 255]","[0.0, 0.99609375]",
test/non_drowsy/a0524.raw,1,0,0,1,False,42.8104,"[0, 255]","[0.0, 0.99609375]",
test/non_drowsy/a0525.raw,1,0,0,1,False,43.4899,"[0, 255]","[0.0, 0.99609375]",
test/non_drowsy/a0526.raw,1,0,0,1,False,43.7964,"[0, 255]","[0.0, 0.99609375]",
test/non_drowsy/a0527.raw,1,0,0,1,False,43.6565,"[0, 255]","[0.0, 0.99609375]",
test/non_drowsy/a0528.raw,1,0,0,1,False,42.9513,"[0, 255]","[0.0, 0.99609375]",
test/non_drowsy/a0529.raw,1,0,0,1,False,43.5604,"[0, 255]","[0.0, 0.99609375]",
test/non_drowsy/a0530.raw,1,0,0,1,False,43.249,"[0, 255]","[0.0, 0.99609375]",
test/non_drowsy/a0531.raw,1,0,0,1,False,43.0006,"[0, 255]","[0.0, 0.99609375]",
test/non_drowsy/a0532.raw,1,0,0,1,False,42.7149,"[0, 255]","[0.0, 0.99609375]",
test/non_drowsy/a0533.raw,1,0,0,1,False,44.5238,"[0, 255]","[0.0, 0.99609375]",
test/non_drowsy/a0534.raw,1,0,0,1,False,44.8093,"[0, 255]","[0.0, 0.99609375]",
test/non_drowsy/a0535.raw,1,0,0,1,False,84.542,"[0, 255]","[0.0, 0.99609375]",
test/non_drowsy/a0536.raw,1,0,0,1,False,53.8888,"[0, 255]","[0.0, 0.99609375]",
test/non_drowsy/a0537.raw,1,0,0,1,False,43.7345,"[0, 255]","[0.0, 0.99609375]",
test/non_drowsy/a0538.raw,1,0,0,1,False,44.3321,"[0, 255]","[0.0, 0.99609375]",
test/non_drowsy/a0539.raw,1,0,0,1,False,43.2457,"[0, 255]","[0.0, 0.99609375]",
test/non_drowsy/a0540.raw,1,0,0,1,False,43.3673,"[0, 255]","[0.0, 0.99609375]",
test/non_drowsy/a0541.raw,1,0,0,1,False,43.236,"[0, 255]","[0.0, 0.99609375]",
test/non_drowsy/a0542.raw,1,0,0,1,False,42.6956,"[0, 255]","[0.0, 0.99609375]",
test/non_drowsy/a0543.raw,1,0,0,1,False,43.1117,"[0, 255]","[0.0, 0.99609375]",
test/non_drowsy/a0544.raw,1,0,0,1,False,42.7854,"[0, 255]","[0.0, 0.99609375]",
test/non_drowsy/a0545.raw,1,0,0,1,False,44.3493,"[0, 255]","[0.0, 0.99609375]",
test/non_drowsy/a0546.raw,1,0,0,1,False,43.0332,"[0, 255]","[0.0, 0.99609375]",
test/non_drowsy/a0547.raw,1,0,0,1,False,43.0604,"[0, 255]","[0.0, 0.99609375]",
test/non_drowsy/a0548.raw,1,0,0,1,False,44.8773,"[0, 255]","[0.0, 0.99609375]",
test/non_drowsy/a0549.raw,1,0,0,1,False,43.7661,"[0, 255]","[0.0, 0.99609375]",
test/non_drowsy/a0550.raw,1,0,0,1,False,43.5301,"[0, 255]","[0.0, 0.99609375]",
test/non_drowsy/a0551.raw,1,0,0,1,False,44.5083,"[0, 255]","[0.0, 0.99609375]",
test/non_drowsy/a0552.raw,1,0,0,1,False,46.0787,"[0, 255]","[0.0, 0.99609375]",
test/non_drowsy/a0553.raw,1,0,0,1,False,45.7917,"[0, 255]","[0.0, 0.99609375]",
test/non_drowsy/a0554.raw,1,0,0,1,False,48.213,"[0, 255]","[0.0, 0.99609375]",
test/non_drowsy/a0555.raw,1,0,0,1,False,47.2692,"[0, 255]","[0.0, 0.99609375]",
test/non_drowsy/a0556.raw,1,0,0,1,False,47.3063,"[0, 255]","[0.0, 0.99609375]",
test/non_drowsy/a0557.raw,1,0,0,1,False,45.4741,"[0, 255]","[0.0, 0.99609375]",
test/non_drowsy/a0558.raw,1,0,0,1,False,44.1109,"[54, 202]","[0.2109375, 0.7890625]",
test/non_drowsy/a0559.raw,1,0,0,1,False,42.9964,"[5, 251]","[0.01953125, 0.98046875]",
test/non_drowsy/a0560.raw,1,0,0,1,False,42.8551,"[1, 255]","[0.00390625, 0.99609375]",
test/non_drowsy/a0561.raw,1,0,0,1,False,48.5159,"[0, 255]","[0.0, 0.99609375]",
test/non_drowsy/a0562.raw,1,0,0,1,False,46.9146,"[0, 255]","[0.0, 0.99609375]",
test/non_drowsy/a0563.raw,1,0,0,1,False,44.229,"[0, 255]","[0.0, 0.99609375]",
test/non_drowsy/a0564.raw,1,0,0,1,False,45.3182,"[0, 255]","[0.0, 0.99609375]",
test/non_drowsy/a0565.raw,1,0,0,1,False,44.9363,"[0, 255]","[0.0, 0.99609375]",
test/non_drowsy/a0566.raw,1,0,0,1,False,44.4029,"[0, 255]","[0.0, 0.99609375]",
test/non_drowsy/a0567.raw,1,0,0,1,False,45.8622,"[0, 255]","[0.0, 0.99609375]",
test/non_drowsy/a0568.raw,1,0,0,1,False,45.3435,"[0, 255]","[0.0, 0.99609375]",
test/non_drowsy/a0569.raw,1,0,0,1,False,44.3944,"[0, 255]","[0.0, 0.99609375]",
test/non_drowsy/a0570.raw,1,0,0,1,False,45.3635,"[0, 255]","[0.0, 0.99609375]",
test/non_drowsy/a0571.raw,1,0,0,1,False,45.4838,"[0, 255]","[0.0, 0.99609375]",
test/non_drowsy/a0572.raw,1,0,0,1,False,45.7376,"[0, 255]","[0.0, 0.99609375]",
test/non_drowsy/a0573.raw,1,0,0,1,False,46.0296,"[0, 255]","[0.0, 0.99609375]",
test/non_drowsy/a0574.raw,1,0,0,1,False,47.6149,"[0, 255]","[0.0, 0.99609375]",
test/non_drowsy/a0575.raw,1,0,0,1,False,47.83,"[0, 255]","[0.0, 0.99609375]",
test/non_drowsy/a0576.raw,1,0,0,1,False,46.5834,"[0, 255]","[0.0, 0.99609375]",
test/non_drowsy/a0577.raw,1,0,0,1,False,47.283,"[0, 255]","[0.0, 0.99609375]",
test/non_drowsy/a0578.raw,1,0,0,1,False,47.128,"[0, 255]","[0.0, 0.99609375]",
test/non_drowsy/a0579.raw,1,0,0,1,False,46.3031,"[0, 255]","[0.0, 0.99609375]",
test/non_drowsy/a0580.raw,1,0,0,1,False,46.0773,"[0, 255]","[0.0, 0.99609375]",
test/non_drowsy/a0581.raw,1,0,0,1,False,45.7186,"[0, 255]","[0.0, 0.99609375]",
test/non_drowsy/a0582.raw,1,0,0,1,False,46.6595,"[0, 255]","[0.0, 0.99609375]",
test/non_drowsy/a0583.raw,1,0,0,1,False,47.0393,"[0, 255]","[0.0, 0.99609375]",
test/non_drowsy/a0584.raw,1,0,0,1,False,45.5995,"[0, 255]","[0.0, 0.99609375]",
test/non_drowsy/a0585.raw,1,0,0,1,False,43.6674,"[0, 255]","[0.0, 0.99609375]",
test/non_drowsy/a0586.raw,1,0,0,1,False,44.3157,"[0, 255]","[0.0, 0.99609375]",
test/non_drowsy/a0587.raw,1,0,0,1,False,43.8641,"[0, 255]","[0.0, 0.99609375]",
test/non_drowsy/a0588.raw,1,0,0,1,False,42.6735,"[0, 255]","[0.0, 0.99609375]",
test/non_drowsy/a0589.raw,1,0,0,1,False,42.9612,"[0, 255]","[0.0, 0.99609375]",
test/non_drowsy/a0590.raw,1,0,0,1,False,43.0716,"[0, 255]","[0.0, 0.99609375]",
test/non_drowsy/a0591.raw,1,0,0,1,False,44.0694,"[0, 255]","[0.0, 0.99609375]",
test/non_drowsy/a0592.raw,1,0,0,1,False,44.6171,"[0, 255]","[0.0, 0.99609375]",
test/non_drowsy/a0593.raw,1,0,0,1,False,45.8999,"[0, 255]","[0.0, 0.99609375]",
test/non_drowsy/a0594.raw,1,0,0,1,False,45.7778,"[0, 255]","[0.0, 0.99609375]",
test/non_drowsy/a0595.raw,1,0,0,1,False,46.899,"[0, 255]","[0.0, 0.99609375]",
test/non_drowsy/a0596.raw,1,0,0,1,False,46.6748,"[0, 255]","[0.0, 0.99609375]",
test/non_drowsy/a0597.raw,1,0,0,1,False,46.0901,"[0, 255]","[0.0, 0.99609375]",
test/non_drowsy/a0598.raw,1,0,0,1,False,46.9622,"[4, 252]","[0.015625, 0.984375]",
test/non_drowsy/a0599.raw,1,0,0,1,False,45.1602,"[0, 255]","[0.0, 0.99609375]",
test/non_drowsy/a0600.raw,1,0,0,1,False,43.5932,"[0, 255]","[0.0, 0.99609375]",
test/non_drowsy/a0601.raw,1,0,0,1,False,43.1326,"[0, 255]","[0.0, 0.99609375]",
test/non_drowsy/a0602.raw,1,0,0,1,False,42.7687,"[0, 255]","[0.0, 0.99609375]",
test/non_drowsy/a0603.raw,1,0,0,1,False,43.2248,"[0, 255]","[0.0, 0.99609375]",
test/non_drowsy/a0604.raw,1,0,0,1,False,42.7144,"[0, 255]","[0.0, 0.99609375]",
test/non_drowsy/a0605.raw,1,0,0,1,False,43.1402,"[0, 255]","[0.0, 0.99609375]",
test/non_drowsy/a0606.raw,1,0,0,1,False,42.7324,"[0, 255]","[0.0, 0.99609375]",
test/non_drowsy/a0607.raw,1,0,0,1,False,42.7143,"[0, 255]","[0.0, 0.99609375]",
test/non_drowsy/a0608.raw,1,0,0,1,False,43.0974,"[0, 255]","[0.0, 0.99609375]",
test/non_drowsy/a0609.raw,1,0,0,1,False,42.7599,"[0, 255]","[0.0, 0.99609375]",
test/non_drowsy/a0610.raw,1,0,0,1,False,43.4218,"[0, 255]","[0.0, 0.99609375]",
test/non_drowsy/a0611.raw,1,0,0,1,False,51.7961,"[0, 255]","[0.0, 0.99609375]",
test/non_drowsy/a0612.raw,1,0,0,1,False,47.6219,"[0, 255]","[0.0, 0.99609375]",
test/non_drowsy/a0613.raw,1,0,0,1,False,56.2184,"[0, 255]","[0.0, 0.99609375]",
test/non_drowsy/a0614.raw,1,0,0,1,False,56.3186,"[0, 255]","[0.0, 0.99609375]",
test/non_drowsy/a0615.raw,1,0,0,1,False,49.1877,"[0, 255]","[0.0, 0.99609375]",
test/non_drowsy/a0616.raw,1,0,0,1,False,56.8509,"[0, 255]","[0.0, 0.99609375]",
test/non_drowsy/a0617.raw,1,0,0,1,False,54.5248,"[0, 255]","[0.0, 0.99609375]",
test/non_drowsy/a0618.raw,1,0,0,1,False,67.9899,"[0, 255]","[0.0, 0.99609375]",
test/non_drowsy/a0619.raw,1,0,0,1,False,60.567,"[0, 255]","[0.0, 0.99609375]",
test/non_drowsy/a0620.raw,1,0,0,1,False,62.8384,"[3, 253]","[0.01171875, 0.98828125]",
test/non_drowsy/a0621.raw,1,0,0,1,False,59.3522,"[0, 255]","[0.0, 0.99609375]",
test/non_drowsy/a0622.raw,1,0,0,1,False,57.9016,"[0, 255]","[0.0, 0.99609375]",
test/non_drowsy/a0623.raw,1,0,0,1,False,58.4468,"[0, 255]","[0.0, 0.99609375]",
test/non_drowsy/a0624.raw,1,0,0,1,False,57.7597,"[0, 255]","[0.0, 0.99609375]",
test/non_drowsy/a0625.raw,1,0,0,1,False,56.4299,"[0, 255]","[0.0, 0.99609375]",
test/non_drowsy/a0626.raw,1,0,0,1,False,56.1085,"[0, 255]","[0.0, 0.99609375]",
test/non_drowsy/a0627.raw,1,0,0,1,False,55.1675,"[0, 255]","[0.0, 0.99609375]",
test/non_drowsy/a0628.raw,1,0,0,1,False,55.1312,"[0, 255]","[0.0, 0.99609375]",
test/non_drowsy/a0629.raw,1,0,0,1,False,56.0348,"[0, 255]","[0.0, 0.99609375]",
test/non_drowsy/a0630.raw,1,0,0,1,False,56.2743,"[0, 255]","[0.0, 0.99609375]",
test/non_drowsy/a0631.raw,1,0,0,1,False,54.7348,"[0, 255]","[0.0, 0.99609375]",
test/non_drowsy/a0632.raw,1,0,0,1,False,55.0384,"[0, 255]","[0.0, 0.99609375]",
test/non_drowsy/a0633.raw,1,0,0,1,False,60.5805,"[0, 255]","[0.0, 0.99609375]",
test/non_drowsy/a0634.raw,1,0,0,1,False,60.5514,"[0, 255]","[0.0, 0.99609375]",
test/non_drowsy/a0635.raw,1,0,0,1,False,61.1567,"[0, 255]","[0.0, 0.99609375]",
test/non_drowsy/a0636.raw,1,0,0,1,False,56.4739,"[0, 255]","[0.0, 0.99609375]",
test/non_drowsy/a0637.raw,1,0,0,1,False,55.1125,"[0, 255]","[0.0, 0.99609375]",
test/non_drowsy/a0638.raw,1,0,0,1,False,53.8319,"[0, 255]","[0.0, 0.99609375]",
test/non_drowsy/a0639.raw,1,0,0,1,False,53.2918,"[0, 255]","[0.0, 0.99609375]",
test/non_drowsy/a0640.raw,1,0,0,1,False,58.2076,"[0, 255]","[0.0, 0.99609375]",
test/non_drowsy/a0641.raw,1,0,0,1,False,59.6271,"[0, 255]","[0.0, 0.99609375]",
test/non_drowsy/a0642.raw,1,0,0,1,False,65.4052,"[0, 255]","[0.0, 0.99609375]",
test/non_drowsy/a0643.raw,1,0,0,1,False,55.6983,"[0, 255]","[0.0, 0.99609375]",
test/non_drowsy/a0644.raw,1,0,0,1,False,52.4433,"[0, 255]","[0.0, 0.99609375]",
test/non_drowsy/a0645.raw,1,0,0,1,False,50.213,"[0, 255]","[0.0, 0.99609375]",
test/non_drowsy/a0646.raw,1,0,0,1,False,48.9098,"[0, 255]","[0.0, 0.99609375]",
test/non_drowsy/a0647.raw,1,0,0,1,False,49.3956,"[0, 255]","[0.0, 0.99609375]",
test/non_drowsy/a0648.raw,1,0,0,1,False,48.0475,"[0, 255]","[0.0, 0.99609375]",
test/non_drowsy/a0649.raw,1,0,0,1,False,47.0077,"[0, 255]","[0.0, 0.99609375]",
test/non_drowsy/a0650.raw,1,0,0,1,False,46.1271,"[0, 255]","[0.0, 0.99609375]",
test/non_drowsy/a0651.raw,1,0,0,1,False,45.5482,"[0, 255]","[0.0, 0.99609375]",
test/non_drowsy/a0652.raw,1,0,0,1,False,45.4066,"[0, 255]","[0.0, 0.99609375]",
test/non_drowsy/a0653.raw,1,0,0,1,False,44.3771,"[1, 255]","[0.00390625, 0.99609375]",
test/non_drowsy/a0654.raw,1,0,0,1,False,44.8379,"[0, 255]","[0.0, 0.99609375]",
test/non_drowsy/a0655.raw,1,0,0,1,False,45.3269,"[0, 255]","[0.0, 0.99609375]",
test/non_drowsy/a0656.raw,1,0,0,1,False,44.2909,"[0, 255]","[0.0, 0.99609375]",
test/non_drowsy/a0657.raw,1,0,0,1,False,43.7095,"[0, 255]","[0.0, 0.99609375]",
test/non_drowsy/a0658.raw,1,0,0,1,False,42.7704,"[0, 255]","[0.0, 0.99609375]",
test/non_drowsy/a0659.raw,1,0,0,1,False,42.9841,"[0, 255]","[0.0, 0.99609375]",
test/non_drowsy/a0660.raw,1,0,0,1,False,42.4852,"[0, 255]","[0.0, 0.99609375]",
test/non_drowsy/a0661.raw,1,0,0,1,False,43.0197,"[0, 255]","[0.0, 0.99609375]",
test/non_drowsy/a0662.raw,1,0,0,1,False,44.6775,"[0, 255]","[0.0, 0.99609375]",
test/non_drowsy/a0663.raw,1,0,0,1,False,43.081,"[0, 255]","[0.0, 0.99609375]",
test/non_drowsy/a0664.raw,1,0,0,1,False,43.2334,"[0, 255]","[0.0, 0.99609375]",
test/non_drowsy/a0665.raw,1,0,0,1,False,44.5367,"[0, 255]","[0.0, 0.99609375]",
test/non_drowsy/a0666.raw,1,0,0,1,False,42.8236,"[0, 255]","[0.0, 0.99609375]",
test/non_drowsy/a0667.raw,1,0,0,1,False,43.5869,"[0, 255]","[0.0, 0.99609375]",
test/non_drowsy/a0668.raw,1,0,0,1,False,42.904,"[0, 255]","[0.0, 0.99609375]",
test/non_drowsy/a0669.raw,1,0,0,1,False,43.4604,"[0, 255]","[0.0, 0.99609375]",
test/non_drowsy/a0670.raw,1,0,0,1,False,43.1845,"[0, 255]","[0.0, 0.99609375]",
test/non_drowsy/a0671.raw,1,0,0,1,False,42.9309,"[0, 255]","[0.0, 0.99609375]",
test/non_drowsy/a0672.raw,1,0,0,1,False,42.826,"[0, 255]","[0.0, 0.99609375]",
test/non_drowsy/a0673.raw,1,0,0,1,False,42.6431,"[0, 255]","[0.0, 0.99609375]",
test/non_drowsy/a0674.raw,1,0,0,1,False,42.8924,"[0, 255]","[0.0, 0.99609375]",
test/non_drowsy/a0675.raw,1,0,0,1,False,43.4774,"[0, 255]","[0.0, 0.99609375]",
test/non_drowsy/a0676.raw,1,0,0,1,False,43.2355,"[0, 255]","[0.0, 0.99609375]",
test/non_drowsy/a0677.raw,1,0,0,1,False,43.238,"[0, 255]","[0.0, 0.99609375]",
test/non_drowsy/a0678.raw,1,0,0,1,False,42.7725,"[0, 255]","[0.0, 0.99609375]",
test/non_drowsy/a0679.raw,1,0,0,1,False,43.2177,"[0, 255]","[0.0, 0.99609375]",
test/non_drowsy/a0680.raw,1,0,0,1,False,43.2027,"[0, 255]","[0.0, 0.99609375]",
test/non_drowsy/a0681.raw,1,0,0,1,False,42.6089,"[0, 255]","[0.0, 0.99609375]",
test/non_drowsy/a0682.raw,1,0,0,1,False,43.2536,"[0, 255]","[0.0, 0.99609375]",
test/non_drowsy/a0683.raw,1,0,0,1,False,42.9528,"[0, 255]","[0.0, 0.99609375]",
test/non_drowsy/a0684.raw,1,0,0,1,False,42.692,"[0, 255]","[0.0, 0.99609375]",
test/non_drowsy/a0685.raw,1,0,0,1,False,43.7197,"[0, 255]","[0.0, 0.99609375]",
test/non_drowsy/a0686.raw,1,0,0,1,False,43.2792,"[0, 255]","[0.0, 0.99609375]",
test/non_drowsy/a0687.raw,1,0,0,1,False,42.4679,"[0, 255]","[0.0, 0.99609375]",
test/non_drowsy/a0688.raw,1,0,0,1,False,43.812,"[0, 255]","[0.0, 0.99609375]",
test/non_drowsy/a0689.raw,1,0,0,1,False,44.0605,"[0, 255]","[0.0, 0.99609375]",
test/non_drowsy/a0690.raw,1,0,0,1,False,42.783,"[0, 255]","[0.0, 0.99609375]",
test/non_drowsy/a0691.raw,1,0,0,1,False,42.5316,"[0, 255]","[0.0, 0.99609375]",
test/non_drowsy/a0692.raw,1,0,0,1,False,42.9633,"[0, 255]","[0.0, 0.99609375]",
test/non_drowsy/a0693.raw,1,0,0,1,False,42.816,"[0, 255]","[0.0, 0.99609375]",
test/non_drowsy/a0694.raw,1,0,0,1,False,42.7277,"[0, 255]","[0.0, 0.99609375]",
test/non_drowsy/a0695.raw,1,0,0,1,False,43.3562,"[0, 255]","[0.0, 0.99609375]",
test/non_drowsy/a0696.raw,1,0,0,1,False,42.5562,"[0, 255]","[0.0, 0.99609375]",
test/non_drowsy/a0697.raw,1,0,0,1,False,45.2962,"[0, 255]","[0.0, 0.99609375]",
test/non_drowsy/a0698.raw,1,0,0,1,False,47.1646,"[0, 255]","[0.0, 0.99609375]",
test/non_drowsy/a0699.raw,1,0,0,1,False,43.3882,"[0, 255]","[0.0, 0.99609375]",
test/non_drowsy/a0700.raw,1,0,0,1,False,42.6696,"[0, 255]","[0.0, 0.99609375]",
test/non_drowsy/a0701.raw,1,0,0,1,False,42.9782,"[0, 255]","[0.0, 0.99609375]",
test/non_drowsy/a0702.raw,1,0,0,1,False,43.7991,"[0, 255]","[0.0, 0.99609375]",
test/non_drowsy/a0703.raw,1,0,0,1,False,42.3196,"[0, 255]","[0.0, 0.99609375]",
test/non_drowsy/a0704.raw,1,0,0,1,False,42.8178,"[0, 255]","[0.0, 0.99609375]",
test/non_drowsy/a0705.raw,1,0,0,1,False,42.987,"[0, 255]","[0.0, 0.99609375]",
test/non_drowsy/a0706.raw,1,0,0,1,False,42.7448,"[0, 255]","[0.0, 0.99609375]",
test/non_drowsy/a0707.raw,1,0,0,1,False,44.8591,"[0, 255]","[0.0, 0.99609375]",
test/non_drowsy/a0708.raw,1,0,0,1,False,42.9645,"[0, 255]","[0.0, 0.99609375]",
test/non_drowsy/a0709.raw,1,0,0,1,False,43.9327,"[0, 255]","[0.0, 0.99609375]",
test/non_drowsy/a0710.raw,1,0,0,1,False,44.6809,"[0, 255]","[0.0, 0.99609375]",
test/non_drowsy/a0711.raw,1,0,0,1,False,45.1725,"[0, 255]","[0.0, 0.99609375]",
test/non_drowsy/a0712.raw,1,0,0,1,False,46.2379,"[0, 255]","[0.0, 0.99609375]",
test/non_drowsy/a0713.raw,1,0,0,1,False,46.3486,"[2, 254]","[0.0078125, 0.9921875]",
test/non_drowsy/a0714.raw,1,0,0,1,False,47.2924,"[0, 255]","[0.0, 0.99609375]",
test/non_drowsy/a0715.raw,1,0,0,1,False,47.3615,"[0, 255]","[0.0, 0.99609375]",
test/non_drowsy/a0716.raw,1,0,0,1,False,47.0204,"[0, 255]","[0.0, 0.99609375]",
test/non_drowsy/a0717.raw,1,0,0,1,False,45.6267,"[0, 255]","[0.0, 0.99609375]",
test/non_drowsy/a0718.raw,1,0,0,1,False,45.7511,"[0, 255]","[0.0, 0.99609375]",
test/non_drowsy/a0719.raw,1,0,0,1,False,44.6004,"[1, 255]","[0.00390625, 0.99609375]",
test/non_drowsy/a0720.raw,1,0,0,1,False,43.1167,"[0, 255]","[0.0, 0.99609375]",
test/non_drowsy/a0721.raw,1,0,0,1,False,42.7314,"[0, 255]","[0.0, 0.99609375]",
test/non_drowsy/a0722.raw,1,0,0,1,False,42.9024,"[0, 255]","[0.0, 0.99609375]",
test/non_drowsy/a0723.raw,1,0,0,1,False,44.6212,"[11, 245]","[0.04296875, 0.95703125]",
test/non_drowsy/a0724.raw,1,0,0,1,False,44.5084,"[0, 255]","[0.0, 0.99609375]",
test/non_drowsy/a0725.raw,1,0,0,1,False,42.2964,"[0, 255]","[0.0, 0.99609375]",
test/non_drowsy/a0726.raw,1,0,0,1,False,42.974,"[2, 254]","[0.0078125, 0.9921875]",
test/non_drowsy/a0727.raw,1,0,0,1,False,43.5627,"[0, 255]","[0.0, 0.99609375]",
test/non_drowsy/a0728.raw,1,0,0,1,False,42.7053,"[0, 255]","[0.0, 0.99609375]",
test/non_drowsy/a0729.raw,1,0,0,1,False,44.0928,"[0, 255]","[0.0, 0.99609375]",
test/non_drowsy/a0730.raw,1,0,0,1,False,43.1866,"[0, 255]","[0.0, 0.99609375]",
test/non_drowsy/a0731.raw,1,0,0,1,False,43.4821,"[0, 255]","[0.0, 0.99609375]",
test/non_drowsy/a0732.raw,1,0,0,1,False,43.8891,"[0, 255]","[0.0, 0.99609375]",
test/non_drowsy/a0733.raw,1,0,0,1,False,44.0859,"[0, 255]","[0.0, 0.99609375]",
test/non_drowsy/a0734.raw,1,0,0,1,False,43.4532,"[0, 255]","[0.0, 0.99609375]",
test/non_drowsy/a0735.raw,1,0,0,1,False,43.8709,"[0, 255]","[0.0, 0.99609375]",
test/non_drowsy/a0736.raw,1,0,0,1,False,43.1498,"[0, 255]","[0.0, 0.99609375]",
test/non_drowsy/a0737.raw,1,0,0,1,False,42.6123,"[0, 255]","[0.0, 0.99609375]",
test/non_drowsy/a0738.raw,1,0,0,1,False,42.7055,"[5, 251]","[0.01953125, 0.98046875]",
test/non_drowsy/a0739.raw,1,0,0,1,False,42.9257,"[1, 255]","[0.00390625, 0.99609375]",
test/non_drowsy/a0740.raw,1,0,0,1,False,43.2628,"[1, 255]","[0.00390625, 0.99609375]",
test/non_drowsy/a0741.raw,1,0,0,1,False,42.978,"[0, 255]","[0.0, 0.99609375]",
test/non_drowsy/a0742.raw,1,0,0,1,False,42.916,"[0, 255]","[0.0, 0.99609375]",
test/non_drowsy/a0743.raw,1,0,0,1,False,42.7667,"[0, 255]","[0.0, 0.99609375]",
test/non_drowsy/a0744.raw,1,0,0,1,False,43.105,"[0, 255]","[0.0, 0.99609375]",
test/non_drowsy/a0745.raw,1,0,0,1,False,43.6254,"[2, 254]","[0.0078125, 0.9921875]",
test/non_drowsy/a0746.raw,1,0,0,1,False,42.8442,"[0, 255]","[0.0, 0.99609375]",
test/non_drowsy/a0747.raw,1,0,0,1,False,42.8101,"[0, 255]","[0.0, 0.99609375]",
test/non_drowsy/a0748.raw,1,0,0,1,False,44.4304,"[0, 255]","[0.0, 0.99609375]",
test/non_drowsy/a0749.raw,1,0,0,1,False,42.7676,"[0, 255]","[0.0, 0.99609375]",
test/non_drowsy/a0750.raw,1,0,0,1,False,43.9124,"[0, 255]","[0.0, 0.99609375]",
test/non_drowsy/a0751.raw,1,0,0,1,False,42.9373,"[0, 255]","[0.0, 0.99609375]",
test/non_drowsy/a0752.raw,1,0,0,1,False,44.9793,"[0, 255]","[0.0, 0.99609375]",
test/non_drowsy/a0753.raw,1,0,0,1,False,43.7829,"[0, 255]","[0.0, 0.99609375]",
test/non_drowsy/a0754.raw,1,0,0,1,False,42.8783,"[0, 255]","[0.0, 0.99609375]",
test/non_drowsy/a0755.raw,1,0,0,1,False,42.7833,"[0, 255]","[0.0, 0.99609375]",
test/non_drowsy/a0756.raw,1,0,0,1,False,42.9427,"[0, 255]","[0.0, 0.99609375]",
test/non_drowsy/a0757.raw,1,0,0,1,False,42.8497,"[0, 255]","[0.0, 0.99609375]",
test/non_drowsy/a0758.raw,1,0,0,1,False,42.6911,"[0, 255]","[0.0, 0.99609375]",
test/non_drowsy/a0759.raw,1,0,0,1,False,43.0229,"[0, 255]","[0.0, 0.99609375]",
test/non_drowsy/a0760.raw,1,0,0,1,False,43.4675,"[0, 255]","[0.0, 0.99609375]",
test/non_drowsy/a0761.raw,1,0,0,1,False,44.8741,"[0, 255]","[0.0, 0.99609375]",
test/non_drowsy/a0762.raw,1,0,0,1,False,42.6995,"[0, 255]","[0.0, 0.99609375]",
test/non_drowsy/a0763.raw,1,0,0,1,False,43.3588,"[0, 255]","[0.0, 0.99609375]",
test/non_drowsy/a0764.raw,1,0,0,1,False,42.8975,"[0, 255]","[0.0, 0.99609375]",
test/non_drowsy/a0765.raw,1,0,0,1,False,43.1588,"[0, 255]","[0.0, 0.99609375]",
test/non_drowsy/a0766.raw,1,0,0,1,False,44.9187,"[0, 255]","[0.0, 0.99609375]",
test/non_drowsy/a0767.raw,1,0,0,1,False,43.7943,"[0, 255]","[0.0, 0.99609375]",
test/non_drowsy/a0768.raw,1,0,0,1,False,42.9292,"[0, 255]","[0.0, 0.99609375]",
test/non_drowsy/a0769.raw,1,0,0,1,False,42.5094,"[3, 253]","[0.01171875, 0.98828125]",
test/non_drowsy/a0770.raw,1,0,0,1,False,44.2948,"[0, 255]","[0.0, 0.99609375]",
test/non_drowsy/a0771.raw,1,0,0,1,False,43.8502,"[0, 255]","[0.0, 0.99609375]",
test/non_drowsy/a0772.raw,1,0,0,1,False,44.5599,"[0, 255]","[0.0, 0.99609375]",
test/non_drowsy/a0773.raw,1,0,0,1,False,43.3301,"[0, 255]","[0.0, 0.99609375]",
test/non_drowsy/a0774.raw,1,0,0,1,False,43.4457,"[0, 255]","[0.0, 0.99609375]",
test/non_drowsy/a0775.raw,1,0,0,1,False,43.6206,"[0, 255]","[0.0, 0.99609375]",
test/non_drowsy/a0776.raw,1,0,0,1,False,47.3448,"[0, 255]","[0.0, 0.99609375]",
test/non_drowsy/a0777.raw,1,0,0,1,False,45.9813,"[0, 255]","[0.0, 0.99609375]",
test/non_drowsy/a0778.raw,1,0,0,1,False,47.3389,"[0, 255]","[0.0, 0.99609375]",
test/non_drowsy/a0779.raw,1,0,0,1,False,43.5641,"[0, 255]","[0.0, 0.99609375]",
test/non_drowsy/a0780.raw,1,0,0,1,False,42.7592,"[0, 255]","[0.0, 0.99609375]",
test/non_drowsy/a0781.raw,1,0,0,1,False,42.867,"[0, 255]","[0.0, 0.99609375]",
test/non_drowsy/a0782.raw,1,0,0,1,False,43.0942,"[0, 255]","[0.0, 0.99609375]",
test/non_drowsy/a0783.raw,1,0,0,1,False,42.381,"[0, 255]","[0.0, 0.99609375]",
test/non_drowsy/a0784.raw,1,0,0,1,False,42.9408,"[0, 255]","[0.0, 0.99609375]",
test/non_drowsy/a0785.raw,1,0,0,1,False,42.8529,"[0, 255]","[0.0, 0.99609375]",
test/non_drowsy/a0786.raw,1,0,0,1,False,43.4712,"[0, 255]","[0.0, 0.99609375]",
test/non_drowsy/a0787.raw,1,0,0,1,False,43.7036,"[0, 255]","[0.0, 0.99609375]",
test/non_drowsy/a0788.raw,1,0,0,1,False,43.2862,"[0, 255]","[0.0, 0.99609375]",
test/non_drowsy/a0789.raw,1,0,0,1,False,42.9347,"[0, 255]","[0.0, 0.99609375]",
test/non_drowsy/a0790.raw,1,0,0,1,False,43.2447,"[0, 255]","[0.0, 0.99609375]",
test/non_drowsy/a0791.raw,1,0,0,1,False,43.1422,"[0, 255]","[0.0, 0.99609375]",
test/non_drowsy/a0792.raw,1,0,0,1,False,43.6787,"[0, 255]","[0.0, 0.99609375]",
test/non_drowsy/a0793.raw,1,0,0,1,False,52.8298,"[0, 255]","[0.0, 0.99609375]",
test/non_drowsy/a0794.raw,1,0,0,1,False,47.3596,"[0, 255]","[0.0, 0.99609375]",
test/non_drowsy/a0795.raw,1,0,0,1,False,44.7887,"[0, 255]","[0.0, 0.99609375]",
test/non_drowsy/a0796.raw,1,0,0,1,False,43.2537,"[0, 255]","[0.0, 0.99609375]",
test/non_drowsy/a0797.raw,1,0,0,1,False,44.3903,"[0, 255]","[0.0, 0.99609375]",
test/non_drowsy/a0798.raw,1,0,0,1,False,42.4951,"[0, 255]","[0.0, 0.99609375]",
test/non_drowsy/a0799.raw,1,0,0,1,False,42.7801,"[0, 255]","[0.0, 0.99609375]",
test/non_drowsy/a0800.raw,1,0,0,1,False,43.834,"[0, 255]","[0.0, 0.99609375]",
test/non_drowsy/a0801.raw,1,0,0,1,False,44.5997,"[0, 255]","[0.0, 0.99609375]",
test/non_drowsy/a0802.raw,1,0,0,1,False,43.4454,"[0, 255]","[0.0, 0.99609375]",
test/non_drowsy/a0803.raw,1,0,0,1,False,43.4785,"[0, 255]","[0.0, 0.99609375]",
test/non_drowsy/a0804.raw,1,0,0,1,False,43.203,"[0, 255]","[0.0, 0.99609375]",
test/non_drowsy/a0805.raw,1,0,0,1,False,42.9808,"[0, 255]","[0.0, 0.99609375]",
test/non_drowsy/a0806.raw,1,0,0,1,False,42.818,"[0, 255]","[0.0, 0.99609375]",
test/non_drowsy/a0807.raw,1,0,0,1,False,42.8759,"[0, 255]","[0.0, 0.99609375]",
test/non_drowsy/a0808.raw,1,0,0,1,False,42.9111,"[0, 255]","[0.0, 0.99609375]",
test/non_drowsy/a0809.raw,1,0,0,1,False,44.1359,"[19, 237]","[0.07421875, 0.92578125]",
test/non_drowsy/a0810.raw,1,0,0,1,False,42.6042,"[0, 255]","[0.0, 0.99609375]",
test/non_drowsy/a0811.raw,1,0,0,1,False,42.8636,"[0, 255]","[0.0, 0.99609375]",
test/non_drowsy/a0812.raw,1,0,0,1,False,43.7249,"[0, 255]","[0.0, 0.99609375]",
test/non_drowsy/a0813.raw,1,0,0,1,False,42.5093,"[0, 255]","[0.0, 0.99609375]",
test/non_drowsy/a0814.raw,1,0,0,1,False,42.8618,"[0, 255]","[0.0, 0.99609375]",
test/non_drowsy/a0815.raw,1,0,0,1,False,42.8043,"[40, 216]","[0.15625, 0.84375]",
test/non_drowsy/a0816.raw,1,0,0,1,False,42.7845,"[0, 255]","[0.0, 0.99609375]",
test/non_drowsy/a0817.raw,1,0,0,1,False,43.0354,"[0, 255]","[0.0, 0.99609375]",
test/non_drowsy/a0818.raw,1,0,0,1,False,43.6656,"[0, 255]","[0.0, 0.99609375]",
test/non_drowsy/a0819.raw,1,0,0,1,False,42.3682,"[2, 254]","[0.0078125, 0.9921875]",
test/non_drowsy/a0820.raw,1,0,0,1,False,43.3823,"[0, 255]","[0.0, 0.99609375]",
test/non_drowsy/a0821.raw,1,0,0,1,False,42.9546,"[0, 255]","[0.0, 0.99609375]",
test/non_drowsy/a0822.raw,1,0,0,1,False,42.5317,"[0, 255]","[0.0, 0.99609375]",
test/non_drowsy/a0823.raw,1,0,0,1,False,44.6796,"[0, 255]","[0.0, 0.99609375]",
test/non_drowsy/a0824.raw,1,0,0,1,False,44.0016,"[0, 255]","[0.0, 0.99609375]",
test/non_drowsy/a0825.raw,1,0,0,1,False,42.6486,"[0, 255]","[0.0, 0.99609375]",
test/non_drowsy/a0826.raw,1,0,0,1,False,43.174,"[0, 255]","[0.0, 0.99609375]",
test/non_drowsy/a0827.raw,1,0,0,1,False,42.895,"[3, 253]","[0.01171875, 0.98828125]",
test/non_drowsy/a0828.raw,1,0,0,1,False,43.039,"[0, 255]","[0.0, 0.99609375]",
test/non_drowsy/a0829.raw,1,0,0,1,False,42.7961,"[0, 255]","[0.0, 0.99609375]",
test/non_drowsy/a0830.raw,1,0,0,1,False,43.0336,"[0, 255]","[0.0, 0.99609375]",
test/non_drowsy/a0831.raw,1,0,0,1,False,42.7453,"[0, 255]","[0.0, 0.99609375]",
test/non_drowsy/a0832.raw,1,0,0,1,False,43.3843,"[0, 255]","[0.0, 0.99609375]",
test/non_drowsy/a0833.raw,1,0,0,1,False,43.561,"[0, 255]","[0.0, 0.99609375]",
test/non_drowsy/a0834.raw,1,0,0,1,False,42.8388,"[0, 255]","[0.0, 0.99609375]",
test/non_drowsy/a0835.raw,1,0,0,1,False,43.7285,"[0, 255]","[0.0, 0.99609375]",
test/non_drowsy/a0836.raw,1,0,0,1,False,43.8969,"[0, 255]","[0.0, 0.99609375]",
test/non_drowsy/a0837.raw,1,0,0,1,False,42.7233,"[0, 255]","[0.0, 0.99609375]",
test/non_drowsy/a0838.raw,1,0,0,1,False,64.1902,"[0, 255]","[0.0, 0.99609375]",
test/non_drowsy/a0839.raw,1,0,0,1,False,70.9648,"[0, 255]","[0.0, 0.99609375]",
test/non_drowsy/a0840.raw,1,0,0,1,False,43.6905,"[0, 255]","[0.0, 0.99609375]",
test/non_drowsy/a0841.raw,1,0,0,1,False,45.1773,"[0, 255]","[0.0, 0.99609375]",
test/non_drowsy/a0842.raw,1,0,0,1,False,42.8436,"[0, 255]","[0.0, 0.99609375]",
test/non_drowsy/a0843.raw,1,0,0,1,False,43.5032,"[0, 255]","[0.0, 0.99609375]",
test/non_drowsy/a0844.raw,1,0,0,1,False,43.0559,"[0, 255]","[0.0, 0.99609375]",
test/non_drowsy/a0845.raw,1,0,0,1,False,44.651,"[0, 255]","[0.0, 0.99609375]",
test/non_drowsy/a0846.raw,1,0,0,1,False,43.5354,"[0, 255]","[0.0, 0.99609375]",
test/non_drowsy/a0847.raw,1,0,0,1,False,42.979,"[0, 255]","[0.0, 0.99609375]",
test/non_drowsy/a0848.raw,1,0,0,1,False,42.6742,"[0, 255]","[0.0, 0.99609375]",
test/non_drowsy/a0849.raw,1,0,0,1,False,42.7153,"[0, 255]","[0.0, 0.99609375]",
test/non_drowsy/a0850.raw,1,0,0,1,False,43.3477,"[0, 255]","[0.0, 0.99609375]",
test/non_drowsy/a0851.raw,1,0,0,1,False,42.3324,"[0, 255]","[0.0, 0.99609375]",
test/non_drowsy/a0852.raw,1,0,0,1,False,43.283,"[0, 255]","[0.0, 0.99609375]",
test/non_drowsy/a0853.raw,1,0,0,1,False,42.6185,"[0, 255]","[0.0, 0.99609375]",
test/non_drowsy/a0854.raw,1,0,0,1,False,43.151,"[0, 255]","[0.0, 0.99609375]",
test/non_drowsy/a0855.raw,1,0,0,1,False,44.113,"[0, 255]","[0.0, 0.99609375]",
test/non_drowsy/a0856.raw,1,0,0,1,False,43.8685,"[1, 255]","[0.00390625, 0.99609375]",
test/non_drowsy/a0857.raw,1,0,0,1,False,42.5448,"[0, 255]","[0.0, 0.99609375]",
test/non_drowsy/a0858.raw,1,0,0,1,False,43.2177,"[0, 255]","[0.0, 0.99609375]",
test/non_drowsy/a0859.raw,1,0,0,1,False,42.9035,"[0, 255]","[0.0, 0.99609375]",
test/non_drowsy/a0860.raw,1,0,0,1,False,42.4285,"[0, 255]","[0.0, 0.99609375]",
test/non_drowsy/a0861.raw,1,0,0,1,False,43.0345,"[0, 255]","[0.0, 0.99609375]",
test/non_drowsy/a0862.raw,1,0,0,1,False,42.6615,"[0, 255]","[0.0, 0.99609375]",
test/non_drowsy/a0863.raw,1,0,0,1,False,42.3104,"[0, 255]","[0.0, 0.99609375]",
test/non_drowsy/a0864.raw,1,0,0,1,False,43.3978,"[0, 255]","[0.0, 0.99609375]",
test/non_drowsy/a0865.raw,1,0,0,1,False,42.5893,"[0, 255]","[0.0, 0.99609375]",
test/non_drowsy/a0866.raw,1,0,0,1,False,42.7358,"[0, 255]","[0.0, 0.99609375]",
test/non_drowsy/a0867.raw,1,0,0,1,False,43.3839,"[0, 255]","[0.0, 0.99609375]",
test/non_drowsy/a0868.raw,1,0,0,1,False,42.8585,"[0, 255]","[0.0, 0.99609375]",
test/non_drowsy/a0869.raw,1,0,0,1,False,44.7437,"[0, 255]","[0.0, 0.99609375]",
test/non_drowsy/a0870.raw,1,0,0,1,False,43.0103,"[0, 255]","[0.0, 0.99609375]",
test/non_drowsy/a0871.raw,1,0,0,1,False,42.5999,"[0, 255]","[0.0, 0.99609375]",
test/non_drowsy/a0872.raw,1,0,0,1,False,42.7455,"[0, 255]","[0.0, 0.99609375]",
test/non_drowsy/a0873.raw,1,0,0,1,False,43.1469,"[2, 254]","[0.0078125, 0.9921875]",
test/non_drowsy/a0874.raw,1,0,0,1,False,42.4054,"[0, 255]","[0.0, 0.99609375]",
test/non_drowsy/a0875.raw,1,0,0,1,False,42.9716,"[0, 255]","[0.0, 0.99609375]",
test/non_drowsy/a0876.raw,1,0,0,1,False,43.653,"[0, 255]","[0.0, 0.99609375]",
test/non_drowsy/a0877.raw,1,0,0,1,False,45.4385,"[0, 255]","[0.0, 0.99609375]",
test/non_drowsy/a0878.raw,1,0,0,1,False,43.5708,"[0, 255]","[0.0, 0.99609375]",
test/non_drowsy/a0879.raw,1,0,0,1,False,44.0811,"[0, 255]","[0.0, 0.99609375]",
test/non_drowsy/a0880.raw,1,0,0,1,False,51.917,"[0, 255]","[0.0, 0.99609375]",
test/non_drowsy/a0881.raw,1,0,0,1,False,51.6449,"[0, 255]","[0.0, 0.99609375]",
test/non_drowsy/a0882.raw,1,0,0,1,False,43.2689,"[0, 255]","[0.0, 0.99609375]",
test/non_drowsy/a0883.raw,1,0,0,1,False,42.9403,"[0, 255]","[0.0, 0.99609375]",
test/non_drowsy/a0884.raw,1,0,0,1,False,43.2976,"[0, 255]","[0.0, 0.99609375]",
test/non_drowsy/a0885.raw,1,0,0,1,False,42.5585,"[0, 255]","[0.0, 0.99609375]",
test/non_drowsy/a0886.raw,1,0,0,1,False,43.8913,"[0, 255]","[0.0, 0.99609375]",
test/non_drowsy/a0887.raw,1,0,0,1,False,43.1888,"[0, 255]","[0.0, 0.99609375]",
test/non_drowsy/a0888.raw,1,0,0,1,False,43.0665,"[0, 255]","[0.0, 0.99609375]",
test/non_drowsy/a0889.raw,1,0,0,1,False,44.0972,"[5, 251]","[0.01953125, 0.98046875]",
test/non_drowsy/a0890.raw,1,0,0,1,False,44.9376,"[0, 255]","[0.0, 0.99609375]",
test/non_drowsy/a0891.raw,1,0,0,1,False,42.6608,"[0, 255]","[0.0, 0.99609375]",
test/non_drowsy/a0892.raw,1,0,0,1,False,43.0947,"[0, 255]","[0.0, 0.99609375]",
test/non_drowsy/a0893.raw,1,0,0,1,False,43.1577,"[0, 255]","[0.0, 0.99609375]",
test/non_drowsy/a0894.raw,1,0,0,1,False,42.9143,"[0, 255]","[0.0, 0.99609375]",
test/non_drowsy/a0895.raw,1,0,0,1,False,42.8743,"[12, 244]","[0.046875, 0.953125]",
test/non_drowsy/a0896.raw,1,0,0,1,False,43.0344,"[4, 252]","[0.015625, 0.984375]",
test/non_drowsy/a0897.raw,1,0,0,1,False,43.0316,"[6, 250]","[0.0234375, 0.9765625]",
test/non_drowsy/a0898.raw,1,0,0,1,False,43.4124,"[65, 191]","[0.25390625, 0.74609375]",
test/non_drowsy/a0899.raw,1,0,0,1,False,47.6627,"[0, 255]","[0.0, 0.99609375]",
test/non_drowsy/a0900.raw,1,0,0,1,False,48.5263,"[8, 248]","[0.03125, 0.96875]",
test/non_drowsy/a0901.raw,1,0,0,1,False,43.0418,"[0, 255]","[0.0, 0.99609375]",
test/non_drowsy/a0902.raw,1,0,0,1,False,42.7511,"[0, 255]","[0.0, 0.99609375]",
test/non_drowsy/a0903.raw,1,0,0,1,False,43.3525,"[0, 255]","[0.0, 0.99609375]",
test/non_drowsy/a0904.raw,1,0,0,1,False,42.421,"[0, 255]","[0.0, 0.99609375]",
test/non_drowsy/a0905.raw,1,0,0,1,False,43.0676,"[0, 255]","[0.0, 0.99609375]",
test/non_drowsy/a0906.raw,1,0,0,1,False,43.5452,"[0, 255]","[0.0, 0.99609375]",
test/non_drowsy/a0907.raw,1,0,0,1,False,42.7031,"[0, 255]","[0.0, 0.99609375]",
test/non_drowsy/a0908.raw,1,0,0,1,False,42.5205,"[0, 255]","[0.0, 0.99609375]",
test/non_drowsy/a0909.raw,1,0,0,1,False,43.7618,"[0, 255]","[0.0, 0.99609375]",
test/non_drowsy/a0910.raw,1,0,0,1,False,42.5455,"[0, 255]","[0.0, 0.99609375]",
test/non_drowsy/a0911.raw,1,0,0,1,False,43.5237,"[0, 255]","[0.0, 0.99609375]",
test/non_drowsy/a0912.raw,1,0,0,1,False,43.4862,"[0, 255]","[0.0, 0.99609375]",
test/non_drowsy/a0913.raw,1,0,0,1,False,42.4473,"[0, 255]","[0.0, 0.99609375]",
test/non_drowsy/a0914.raw,1,0,0,1,False,42.5712,"[0, 255]","[0.0, 0.99609375]",
test/non_drowsy/a0915.raw,1,0,0,1,False,42.8966,"[0, 255]","[0.0, 0.99609375]",
test/non_drowsy/a0916.raw,1,0,0,1,False,42.9128,"[0, 255]","[0.0, 0.99609375]",
test/non_drowsy/a0917.raw,1,0,0,1,False,42.7063,"[0, 255]","[0.0, 0.99609375]",
test/non_drowsy/a0918.raw,1,0,0,1,False,42.9792,"[0, 255]","[0.0, 0.99609375]",
test/non_drowsy/a0919.raw,1,0,0,1,False,45.2289,"[0, 255]","[0.0, 0.99609375]",
test/non_drowsy/a0920.raw,1,0,0,1,False,43.9254,"[0, 255]","[0.0, 0.99609375]",
test/non_drowsy/a0921.raw,1,0,0,1,False,43.1209,"[0, 255]","[0.0, 0.99609375]",
test/non_drowsy/a0922.raw,1,0,0,1,False,45.4355,"[0, 255]","[0.0, 0.99609375]",
test/non_drowsy/a0923.raw,1,0,0,1,False,42.9018,"[0, 255]","[0.0, 0.99609375]",
test/non_drowsy/a0924.raw,1,0,0,1,False,43.6771,"[0, 255]","[0.0, 0.99609375]",
test/non_drowsy/a0925.raw,1,0,0,1,False,42.9384,"[0, 255]","[0.0, 0.99609375]",
test/non_drowsy/a0926.raw,1,0,0,1,False,42.2753,"[3, 253]","[0.01171875, 0.98828125]",
test/non_drowsy/a0927.raw,1,0,0,1,False,43.1247,"[0, 255]","[0.0, 0.99609375]",
test/non_drowsy/a0928.raw,1,0,0,1,False,43.4897,"[0, 255]","[0.0, 0.99609375]",
test/non_drowsy/a0929.raw,1,0,0,1,False,43.3364,"[0, 255]","[0.0, 0.99609375]",
test/non_drowsy/a0930.raw,1,0,0,1,False,43.0295,"[1, 255]","[0.00390625, 0.99609375]",
test/non_drowsy/a0931.raw,1,0,0,1,False,43.3675,"[0, 255]","[0.0, 0.99609375]",
test/non_drowsy/a0932.raw,1,0,0,1,False,43.064,"[1, 255]","[0.00390625, 0.99609375]",
test/non_drowsy/a0933.raw,1,0,0,1,False,42.9748,"[0, 255]","[0.0, 0.99609375]",
test/non_drowsy/a0934.raw,1,0,0,1,False,42.9997,"[0, 255]","[0.0, 0.99609375]",
test/non_drowsy/a0935.raw,1,0,0,1,False,43.685,"[0, 255]","[0.0, 0.99609375]",
test/non_drowsy/a0936.raw,1,0,0,1,False,43.2448,"[0, 255]","[0.0, 0.99609375]",
test/non_drowsy/a0937.raw,1,0,0,1,False,43.3263,"[0, 255]","[0.0, 0.99609375]",
test/non_drowsy/a0938.raw,1,0,0,1,False,42.8762,"[1, 255]","[0.00390625, 0.99609375]",
test/non_drowsy/a0939.raw,1,0,0,1,False,42.8808,"[0, 255]","[0.0, 0.99609375]",
test/non_drowsy/a0940.raw,1,0,0,1,False,43.5574,"[0, 255]","[0.0, 0.99609375]",
test/non_drowsy/a0941.raw,1,0,0,1,False,42.7094,"[0, 255]","[0.0, 0.99609375]",
test/non_drowsy/a0942.raw,1,0,0,1,False,43.0353,"[4, 252]","[0.015625, 0.984375]",
test/non_drowsy/a0943.raw,1,0,0,1,False,45.173,"[0, 255]","[0.0, 0.99609375]",
test/non_drowsy/a0944.raw,1,0,0,1,False,42.5965,"[0, 255]","[0.0, 0.99609375]",
test/non_drowsy/a0945.raw,1,0,0,1,False,43.2265,"[4, 252]","[0.015625, 0.984375]",
test/non_drowsy/a0946.raw,1,0,0,1,False,44.6006,"[0, 255]","[0.0, 0.99609375]",
test/non_drowsy/a0947.raw,1,0,0,1,False,42.7472,"[0, 255]","[0.0, 0.99609375]",
test/non_drowsy/a0948.raw,1,0,0,1,False,42.9709,"[0, 255]","[0.0, 0.99609375]",
test/non_drowsy/a0949.raw,1,0,0,1,False,43.6624,"[1, 255]","[0.00390625, 0.99609375]",
test/non_drowsy/a0950.raw,1,0,0,1,False,43.5179,"[0, 255]","[0.0, 0.99609375]",
test/non_drowsy/a0951.raw,1,0,0,1,False,43.9258,"[0, 255]","[0.0, 0.99609375]",
test/non_drowsy/a0952.raw,1,0,0,1,False,44.0672,"[0, 255]","[0.0, 0.99609375]",
test/non_drowsy/a0953.raw,1,0,0,1,False,43.121,"[0, 255]","[0.0, 0.99609375]",
test/non_drowsy/a0954.raw,1,0,0,1,False,42.691,"[1, 255]","[0.00390625, 0.99609375]",
test/non_drowsy/a0955.raw,1,0,0,1,False,43.7614,"[0, 255]","[0.0, 0.99609375]",
test/non_drowsy/a0956.raw,1,0,0,1,False,42.7313,"[0, 255]","[0.0, 0.99609375]",
test/non_drowsy/a0957.raw,1,0,0,1,False,42.5022,"[0, 255]","[0.0, 0.99609375]",
test/non_drowsy/a0958.raw,1,0,0,1,False,42.8255,"[1, 255]","[0.00390625, 0.99609375]",
test/non_drowsy/a0959.raw,1,0,0,1,False,42.6073,"[3, 253]","[0.01171875, 0.98828125]",
test/non_drowsy/a0960.raw,1,0,0,1,False,42.7928,"[3, 253]","[0.01171875, 0.98828125]",
test/non_drowsy/a0961.raw,1,0,0,1,False,43.1177,"[0, 255]","[0.0, 0.99609375]",
test/non_drowsy/a0962.raw,1,0,0,1,False,46.9149,"[12, 244]","[0.046875, 0.953125]",
test/non_drowsy/a0963.raw,1,0,0,1,False,42.405,"[1, 255]","[0.00390625, 0.99609375]",
test/non_drowsy/a0964.raw,1,0,0,1,False,42.7316,"[49, 207]","[0.19140625, 0.80859375]",
test/non_drowsy/a0965.raw,1,0,0,1,False,42.5981,"[7, 249]","[0.02734375, 0.97265625]",
test/non_drowsy/a0966.raw,1,1,0,0,False,42.9582,"[227, 29]","[0.88671875, 0.11328125]",
test/non_drowsy/a0967.raw,1,,0,0,True,79.4646,"[128, 128]","[0.5, 0.5]",
test/non_drowsy/a0968.raw,1,0,0,1,False,43.6898,"[105, 151]","[0.41015625, 0.58984375]",
test/non_drowsy/a0969.raw,1,0,0,1,False,42.5847,"[0, 255]","[0.0, 0.99609375]",
test/non_drowsy/a0970.raw,1,0,0,1,False,43.7984,"[0, 255]","[0.0, 0.99609375]",
test/non_drowsy/a0971.raw,1,0,0,1,False,45.0409,"[0, 255]","[0.0, 0.99609375]",
test/non_drowsy/a0972.raw,1,0,0,1,False,42.7802,"[0, 255]","[0.0, 0.99609375]",
test/non_drowsy/a0973.raw,1,0,0,1,False,47.8127,"[1, 255]","[0.00390625, 0.99609375]",
test/non_drowsy/a0974.raw,1,0,0,1,False,42.9605,"[0, 255]","[0.0, 0.99609375]",
test/non_drowsy/a0975.raw,1,0,0,1,False,44.444,"[0, 255]","[0.0, 0.99609375]",
test/non_drowsy/a0976.raw,1,0,0,1,False,43.0259,"[0, 255]","[0.0, 0.99609375]",
test/non_drowsy/a0977.raw,1,0,0,1,False,43.578,"[0, 255]","[0.0, 0.99609375]",
test/non_drowsy/a0978.raw,1,0,0,1,False,44.4007,"[0, 255]","[0.0, 0.99609375]",
test/non_drowsy/a0979.raw,1,0,0,1,False,43.2526,"[0, 255]","[0.0, 0.99609375]",
test/non_drowsy/a0980.raw,1,0,0,1,False,42.4387,"[0, 255]","[0.0, 0.99609375]",
test/non_drowsy/a0981.raw,1,0,0,1,False,42.8429,"[0, 255]","[0.0, 0.99609375]",
test/non_drowsy/a0982.raw,1,0,0,1,False,42.8669,"[0, 255]","[0.0, 0.99609375]",
test/non_drowsy/a0983.raw,1,0,0,1,False,43.466,"[0, 255]","[0.0, 0.99609375]",
test/non_drowsy/a0984.raw,1,0,0,1,False,43.1546,"[0, 255]","[0.0, 0.99609375]",
test/non_drowsy/a0985.raw,1,0,0,1,False,43.3007,"[0, 255]","[0.0, 0.99609375]",
test/non_drowsy/a0986.raw,1,0,0,1,False,42.9515,"[0, 255]","[0.0, 0.99609375]",
test/non_drowsy/a0987.raw,1,0,0,1,False,45.3987,"[0, 255]","[0.0, 0.99609375]",
test/non_drowsy/a0988.raw,1,0,0,1,False,45.8532,"[0, 255]","[0.0, 0.99609375]",
test/non_drowsy/a0989.raw,1,0,0,1,False,46.0779,"[0, 255]","[0.0, 0.99609375]",
test/non_drowsy/a0990.raw,1,0,0,1,False,44.1069,"[0, 255]","[0.0, 0.99609375]",
test/non_drowsy/a0991.raw,1,0,0,1,False,44.7727,"[0, 255]","[0.0, 0.99609375]",
test/non_drowsy/a0992.raw,1,0,0,1,False,43.1955,"[0, 255]","[0.0, 0.99609375]",
test/non_drowsy/a0993.raw,1,0,0,1,False,43.5944,"[0, 255]","[0.0, 0.99609375]",
test/non_drowsy/a0994.raw,1,0,0,1,False,42.7925,"[0, 255]","[0.0, 0.99609375]",
test/non_drowsy/a0995.raw,1,0,0,1,False,43.1779,"[0, 255]","[0.0, 0.99609375]",
test/non_drowsy/a0996.raw,1,0,0,1,False,43.1026,"[0, 255]","[0.0, 0.99609375]",
test/non_drowsy/a0997.raw,1,0,0,1,False,42.4429,"[0, 255]","[0.0, 0.99609375]",
test/non_drowsy/a0998.raw,1,0,0,1,False,42.9187,"[0, 255]","[0.0, 0.99609375]",
test/non_drowsy/a0999.raw,1,0,0,1,False,42.8059,"[0, 255]","[0.0, 0.99609375]",
test/non_drowsy/a1000.raw,1,0,0,1,False,42.9492,"[0, 255]","[0.0, 0.99609375]",
test/non_drowsy/a1001.raw,1,0,0,1,False,42.9684,"[0, 255]","[0.0, 0.99609375]",
test/non_drowsy/a1002.raw,1,0,0,1,False,42.9066,"[0, 255]","[0.0, 0.99609375]",
test/non_drowsy/a1003.raw,1,0,0,1,False,42.8143,"[0, 255]","[0.0, 0.99609375]",
test/non_drowsy/a1004.raw,1,0,0,1,False,43.022,"[0, 255]","[0.0, 0.99609375]",
test/non_drowsy/a1005.raw,1,0,0,1,False,42.4609,"[0, 255]","[0.0, 0.99609375]",
test/non_drowsy/a1006.raw,1,0,0,1,False,44.203,"[0, 255]","[0.0, 0.99609375]",
test/non_drowsy/a1007.raw,1,0,0,1,False,42.9628,"[0, 255]","[0.0, 0.99609375]",
test/non_drowsy/a1008.raw,1,0,0,1,False,42.9258,"[0, 255]","[0.0, 0.99609375]",
