name_image,ok,class_0_raw,class_1_raw,result,label,right,inference_ms,consensus_observations,consensus_status,consensus_votes,download_ms,heap_after,heap_before,heap_used,psram_after,psram_before,psram_used,selected_execution,selected_source,stack_min_free_bytes
A0001.raw,1,255,0,1,1,1,6197.052,2,equal,2,589.262,2076336,2075988,0,1969096,1969096,0,21,ESP32/cnn_webassembly_esp32/reports/20261009T030249020912Z/report.csv,13140
A0002.raw,1,255,0,1,1,1,6197.028,2,equal,2,812.763,2076120,2075760,0,1969096,1969096,0,21,ESP32/cnn_webassembly_esp32/reports/20261009T030249020912Z/report.csv,13076
A0003.raw,1,255,0,1,1,1,6198.912,2,equal,2,565.185,2076140,2075768,0,1969096,1969096,0,21,ESP32/cnn_webassembly_esp32/reports/20261009T030249020912Z/report.csv,13076
A0004.raw,1,255,0,1,1,1,6204.469,2,equal,2,640.794,2076120,2075772,0,1969096,1969096,0,21,ESP32/cnn_webassembly_esp32/reports/20261009T030249020912Z/report.csv,13076
A0005.raw,1,255,0,1,1,1,6194.202,2,equal,2,566.148,2076120,2075756,0,1969096,1969096,0,21,ESP32/cnn_webassembly_esp32/reports/20261009T030249020912Z/report.csv,13076
A0006.raw,1,255,0,1,1,1,6201.633,2,equal,2,554.056,2076140,2075768,0,1969096,1969096,0,21,ESP32/cnn_webassembly_esp32/reports/20261009T030249020912Z/report.csv,13076
A0007.raw,1,255,0,1,1,1,6198.656,2,equal,2,558.999,2076120,2075772,0,1969096,1969096,0,21,ESP32/cnn_webassembly_esp32/reports/20261009T030249020912Z/report.csv,13076
A0008.raw,1,255,0,1,1,1,6201.992,2,equal,2,565.368,2076120,2075768,0,1969096,1969096,0,21,ESP32/cnn_webassembly_esp32/reports/20261009T030249020912Z/report.csv,13076
A0009.raw,1,255,0,1,1,1,6197.252,2,equal,2,540.986,2076140,2075760,0,1969096,1969096,0,21,ESP32/cnn_webassembly_esp32/reports/20261009T030249020912Z/report.csv,13076
A0010.raw,1,255,0,1,1,1,6200.304,2,equal,2,601.969,2075876,2075768,0,1969096,1969096,0,21,ESP32/cnn_webassembly_esp32/reports/20261009T030249020912Z/report.csv,13076
A0011.raw,1,255,0,1,1,1,6203.034,2,equal,2,521.743,2075664,2075556,0,1969096,1969096,0,21,ESP32/cnn_webassembly_esp32/reports/20261009T030249020912Z/report.csv,13076
A0012.raw,1,255,0,1,1,1,6193.507,2,equal,2,520.490,2075452,2075336,0,1969096,1969096,0,21,ESP32/cnn_webassembly_esp32/reports/20261009T030249020912Z/report.csv,13076
A0013.raw,1,255,0,1,1,1,6192.112,2,equal,2,534.395,2075240,2075120,0,1969096,1969096,0,21,ESP32/cnn_webassembly_esp32/reports/20261009T030249020912Z/report.csv,13076
A0014.raw,1,255,0,1,1,1,6194.869,2,equal,2,565.675,2075028,2074912,0,1969096,1969096,0,21,ESP32/cnn_webassembly_esp32/reports/20261009T030249020912Z/report.csv,13076
A0015.raw,1,255,0,1,1,1,6210.627,2,equal,2,558.772,2074816,2074696,0,1969096,1969096,0,21,ESP32/cnn_webassembly_esp32/reports/20261009T030249020912Z/report.csv,13076
A0016.raw,1,255,0,1,1,1,6195.281,2,equal,2,549.351,2074604,2074492,0,1969096,1969096,0,21,ESP32/cnn_webassembly_esp32/reports/20261009T030249020912Z/report.csv,13076
A0017.raw,1,255,0,1,1,1,6201.883,2,equal,2,558.391,2074392,2074272,0,1969096,1969096,0,21,ESP32/cnn_webassembly_esp32/reports/20261009T030249020912Z/report.csv,13076
A0018.raw,1,255,0,1,1,1,6197.582,2,equal,2,489.352,2074212,2074060,0,1969096,1969096,0,21,ESP32/cnn_webassembly_esp32/reports/20261009T030249020912Z/report.csv,13076
A0019.raw,1,255,0,1,1,1,6199.844,2,equal,2,574.100,2074000,2073884,0,1969096,1969096,0,21,ESP32/cnn_webassembly_esp32/reports/20261009T030249020912Z/report.csv,13076
A0020.raw,1,255,0,1,1,1,6195.43,2,equal,2,502.657,2073788,2073668,0,1969096,1969096,0,21,ESP32/cnn_webassembly_esp32/reports/20261009T030249020912Z/report.csv,13076
A0021.raw,1,255,0,1,1,1,6192.504,2,equal,2,627.337,2073576,2073456,0,1969096,1969096,0,21,ESP32/cnn_webassembly_esp32/reports/20261009T030249020912Z/report.csv,13076
A0022.raw,1,255,0,1,1,1,6197.144,2,equal,2,534.245,2073364,2073244,0,1969096,1969096,0,21,ESP32/cnn_webassembly_esp32/reports/20261009T030249020912Z/report.csv,13076
A0023.raw,1,255,0,1,1,1,6196.564,2,equal,2,1303.270,2073152,2073032,0,1969096,1969096,0,21,ESP32/cnn_webassembly_esp32/reports/20261009T030249020912Z/report.csv,13076
A0024.raw,1,255,0,1,1,1,6183.819,2,equal,2,649.203,2072940,2072820,0,1969096,1969096,0,21,ESP32/cnn_webassembly_esp32/reports/20261009T030249020912Z/report.csv,13076
A0025.raw,1,255,0,1,1,1,6193.303,2,equal,2,603.017,2072728,2072608,0,1969096,1969096,0,21,ESP32/cnn_webassembly_esp32/reports/20261009T030249020912Z/report.csv,13076
A0026.raw,1,255,0,1,1,1,6196.16,2,equal,2,582.299,2072516,2072396,0,1969096,1969096,0,21,ESP32/cnn_webassembly_esp32/reports/20261009T030249020912Z/report.csv,13076
A0027.raw,1,255,0,1,1,1,6199.435,2,equal,2,545.441,2072516,2072184,0,1969096,1969096,0,21,ESP32/cnn_webassembly_esp32/reports/20261009T030249020912Z/report.csv,13076
A0028.raw,1,255,0,1,1,1,6202.604,2,equal,2,545.165,2072516,2072176,0,1969096,1969096,0,21,ESP32/cnn_webassembly_esp32/reports/20261009T030249020912Z/report.csv,13076
A0029.raw,1,255,0,1,1,1,6193.427,2,equal,2,551.967,2072516,2072184,0,1969096,1969096,0,21,ESP32/cnn_webassembly_esp32/reports/20261009T030249020912Z/report.csv,13076
A0030.raw,1,255,0,1,1,1,6195.13,2,equal,2,555.667,2072512,2072180,0,1969096,1969096,0,21,ESP32/cnn_webassembly_esp32/reports/20261009T030249020912Z/report.csv,13076
A0031.raw,1,255,0,1,1,1,6201.685,2,equal,2,535.185,2072512,2072180,0,1969096,1969096,0,21,ESP32/cnn_webassembly_esp32/reports/20261009T030249020912Z/report.csv,13076
A0032.raw,1,255,0,1,1,1,6202.074,2,equal,2,566.194,2072504,2072172,0,1969096,1969096,0,21,ESP32/cnn_webassembly_esp32/reports/20261009T030249020912Z/report.csv,13076
A0033.raw,1,255,0,1,1,1,6199.606,2,equal,2,513.427,2072504,2072176,0,1969096,1969096,0,21,ESP32/cnn_webassembly_esp32/reports/20261009T030249020912Z/report.csv,13076
A0034.raw,1,255,0,1,1,1,6202.46,2,equal,2,503.303,2072504,2072168,0,1969096,1969096,0,21,ESP32/cnn_webassembly_esp32/reports/20261009T030249020912Z/report.csv,13076
A0035.raw,1,255,0,1,1,1,6212.067,2,equal,2,501.765,2072508,2072164,0,1969096,1969096,0,21,ESP32/cnn_webassembly_esp32/reports/20261009T030249020912Z/report.csv,13076
A0036.raw,1,255,0,1,1,1,6201.813,2,equal,2,506.741,2072508,2072176,0,1969096,1969096,0,21,ESP32/cnn_webassembly_esp32/reports/20261009T030249020912Z/report.csv,13076
A0037.raw,1,255,0,1,1,1,6199.989,2,equal,2,484.115,2072508,2072168,0,1969096,1969096,0,21,ESP32/cnn_webassembly_esp32/reports/20261009T030249020912Z/report.csv,13076
A0038.raw,1,255,0,1,1,1,6219.332,2,equal,2,512.301,2072508,2072176,0,1969096,1969096,0,21,ESP32/cnn_webassembly_esp32/reports/20261009T030249020912Z/report.csv,13076
A0039.raw,1,255,0,1,1,1,6208.339,2,equal,2,520.132,2072508,2072168,0,1969096,1969096,0,21,ESP32/cnn_webassembly_esp32/reports/20261009T030249020912Z/report.csv,13076
A0040.raw,1,255,0,1,1,1,6208.143,2,equal,2,496.507,2072508,2072176,0,1969096,1969096,0,21,ESP32/cnn_webassembly_esp32/reports/20261009T030249020912Z/report.csv,13076
A0041.raw,1,255,0,1,1,1,6209.664,2,equal,2,520.442,2072508,2072168,0,1969096,1969096,0,21,ESP32/cnn_webassembly_esp32/reports/20261009T030249020912Z/report.csv,13076
A0042.raw,1,255,0,1,1,1,6212.181,2,equal,2,531.211,2072508,2072176,0,1969096,1969096,0,21,ESP32/cnn_webassembly_esp32/reports/20261009T030249020912Z/report.csv,13076
A0043.raw,1,255,0,1,1,1,6199.686,2,equal,2,506.669,2072508,2072168,0,1969096,1969096,0,21,ESP32/cnn_webassembly_esp32/reports/20261009T030249020912Z/report.csv,13076
A0044.raw,1,255,0,1,1,1,6193.84,2,equal,2,509.976,2068412,2068080,0,1965000,1965000,0,21,ESP32/cnn_webassembly_esp32/reports/20261009T030249020912Z/report.csv,13076
A0045.raw,1,255,0,1,1,1,6198.966,2,equal,2,512.003,2068412,2068084,0,1965000,1965000,0,21,ESP32/cnn_webassembly_esp32/reports/20261009T030249020912Z/report.csv,13076
A0046.raw,1,255,0,1,1,1,6199.552,2,equal,2,532.495,2068412,2068084,0,1965000,1965000,0,21,ESP32/cnn_webassembly_esp32/reports/20261009T030249020912Z/report.csv,13076
A0047.raw,1,255,0,1,1,1,6196.422,2,equal,2,501.365,2068416,2068084,0,1965000,1965000,0,21,ESP32/cnn_webassembly_esp32/reports/20261009T030249020912Z/report.csv,13076
A0048.raw,1,255,0,1,1,1,6199.565,2,equal,2,491.619,2068416,2068084,0,1965000,1965000,0,21,ESP32/cnn_webassembly_esp32/reports/20261009T030249020912Z/report.csv,13076
A0049.raw,1,255,0,1,1,1,6194.135,2,equal,2,501.697,2068424,2068080,0,1965000,1965000,0,21,ESP32/cnn_webassembly_esp32/reports/20261009T030249020912Z/report.csv,13076
A0050.raw,1,255,0,1,1,1,6205.463,2,equal,2,482.667,2068424,2068092,0,1965000,1965000,0,21,ESP32/cnn_webassembly_esp32/reports/20261009T030249020912Z/report.csv,13076
A0051.raw,1,255,0,1,1,1,6201.719,2,equal,2,490.398,2068424,2068096,0,1965000,1965000,0,21,ESP32/cnn_webassembly_esp32/reports/20261009T030249020912Z/report.csv,13076
A0052.raw,1,255,0,1,1,1,6198.5,2,equal,2,482.110,2068424,2068096,0,1965000,1965000,0,21,ESP32/cnn_webassembly_esp32/reports/20261009T030249020912Z/report.csv,13076
A0053.raw,1,255,0,1,1,1,6204.079,2,equal,2,510.395,2068420,2068092,0,1965000,1965000,0,21,ESP32/cnn_webassembly_esp32/reports/20261009T030249020912Z/report.csv,13076
A0054.raw,1,255,0,1,1,1,6192.204,2,equal,2,510.910,2068440,2068092,0,1965000,1965000,0,21,ESP32/cnn_webassembly_esp32/reports/20261009T030249020912Z/report.csv,13076
A0055.raw,1,255,0,1,1,1,6193.245,2,equal,2,515.033,2068420,2068084,0,1965000,1965000,0,21,ESP32/cnn_webassembly_esp32/reports/20261009T030249020912Z/report.csv,13076
A0056.raw,1,255,0,1,1,1,6195.111,2,equal,2,567.832,2068420,2068088,0,1965000,1965000,0,21,ESP32/cnn_webassembly_esp32/reports/20261009T030249020912Z/report.csv,13076
A0057.raw,1,255,0,1,1,1,6200.947,2,equal,2,481.713,2068420,2068088,0,1965000,1965000,0,21,ESP32/cnn_webassembly_esp32/reports/20261009T030249020912Z/report.csv,13076
A0058.raw,1,255,0,1,1,1,6196.98,2,equal,2,485.349,2068420,2068088,0,1965000,1965000,0,21,ESP32/cnn_webassembly_esp32/reports/20261009T030249020912Z/report.csv,13076
A0059.raw,1,255,0,1,1,1,6197.756,2,equal,2,520.320,2068420,2068088,0,1965000,1965000,0,21,ESP32/cnn_webassembly_esp32/reports/20261009T030249020912Z/report.csv,13076
A0060.raw,1,255,0,1,1,1,6203.431,2,equal,2,510.316,2068420,2068088,0,1965000,1965000,0,21,ESP32/cnn_webassembly_esp32/reports/20261009T030249020912Z/report.csv,13076
A0061.raw,1,255,0,1,1,1,6198.471,2,equal,2,485.732,2068420,2068088,0,1965000,1965000,0,21,ESP32/cnn_webassembly_esp32/reports/20261009T030249020912Z/report.csv,13076
A0062.raw,1,255,0,1,1,1,6195.54,2,equal,2,495.808,2068420,2068088,0,1965000,1965000,0,21,ESP32/cnn_webassembly_esp32/reports/20261009T030249020912Z/report.csv,13076
A0063.raw,1,255,0,1,1,1,6197.782,2,equal,2,539.662,2068420,2068092,0,1965000,1965000,0,21,ESP32/cnn_webassembly_esp32/reports/20261009T030249020912Z/report.csv,13076
A0064.raw,1,255,0,1,1,1,6202.926,2,equal,2,502.664,2068420,2068092,0,1965000,1965000,0,21,ESP32/cnn_webassembly_esp32/reports/20261009T030249020912Z/report.csv,13076
A0065.raw,1,255,0,1,1,1,6194.087,2,equal,2,512.351,2068420,2068088,0,1965000,1965000,0,21,ESP32/cnn_webassembly_esp32/reports/20261009T030249020912Z/report.csv,13076
A0066.raw,1,255,0,1,1,1,6204.615,2,equal,2,507.255,2068420,2068092,0,1965000,1965000,0,21,ESP32/cnn_webassembly_esp32/reports/20261009T030249020912Z/report.csv,13076
A0067.raw,1,255,0,1,1,1,6201.061,2,equal,2,500.339,2068420,2068092,0,1965000,1965000,0,21,ESP32/cnn_webassembly_esp32/reports/20261009T030249020912Z/report.csv,13076
A0068.raw,1,255,0,1,1,1,6200.096,2,equal,2,490.573,2068420,2068092,0,1965000,1965000,0,21,ESP32/cnn_webassembly_esp32/reports/20261009T030249020912Z/report.csv,13076
A0069.raw,1,255,0,1,1,1,6198.994,2,equal,2,489.106,2068420,2068092,0,1965000,1965000,0,21,ESP32/cnn_webassembly_esp32/reports/20261009T030249020912Z/report.csv,13076
A0070.raw,1,255,0,1,1,1,6199.44,2,equal,2,526.949,2068420,2068092,0,1965000,1965000,0,21,ESP32/cnn_webassembly_esp32/reports/20261009T030249020912Z/report.csv,13076
A0071.raw,1,255,0,1,1,1,6211.255,2,equal,2,526.030,2068428,2068088,0,1965000,1965000,0,21,ESP32/cnn_webassembly_esp32/reports/20261009T030249020912Z/report.csv,13076
A0072.raw,1,255,0,1,1,1,6193.705,2,equal,2,496.885,2068428,2068100,0,1965000,1965000,0,21,ESP32/cnn_webassembly_esp32/reports/20261009T030249020912Z/report.csv,13076
A0073.raw,1,255,0,1,1,1,6197.996,2,equal,2,487.883,2068428,2068100,0,1965000,1965000,0,21,ESP32/cnn_webassembly_esp32/reports/20261009T030249020912Z/report.csv,13076
A0074.raw,1,255,0,1,1,1,6205.848,2,equal,2,544.067,2068428,2068100,0,1965000,1965000,0,21,ESP32/cnn_webassembly_esp32/reports/20261009T030249020912Z/report.csv,13076
A0075.raw,1,255,0,1,1,1,6197.682,2,equal,2,511.712,2068428,2068100,0,1965000,1965000,0,21,ESP32/cnn_webassembly_esp32/reports/20261009T030249020912Z/report.csv,13076
A0076.raw,1,255,0,1,1,1,6197.095,2,equal,2,496.191,2068428,2068100,0,1965000,1965000,0,21,ESP32/cnn_webassembly_esp32/reports/20261009T030249020912Z/report.csv,13076
A0077.raw,1,255,0,1,1,1,6201.421,2,equal,2,484.200,2068428,2068100,0,1965000,1965000,0,21,ESP32/cnn_webassembly_esp32/reports/20261009T030249020912Z/report.csv,13076
A0078.raw,1,255,0,1,1,1,6202.982,2,equal,2,508.212,2068428,2068100,0,1965000,1965000,0,21,ESP32/cnn_webassembly_esp32/reports/20261009T030249020912Z/report.csv,13076
A0079.raw,1,255,0,1,1,1,6196.874,2,equal,2,485.547,2068428,2068100,0,1965000,1965000,0,21,ESP32/cnn_webassembly_esp32/reports/20261009T030249020912Z/report.csv,13076
A0080.raw,1,255,0,1,1,1,6194.57,2,equal,2,512.734,2068428,2068096,0,1965000,1965000,0,21,ESP32/cnn_webassembly_esp32/reports/20261009T030249020912Z/report.csv,13076
A0081.raw,1,255,0,1,1,1,6202.35,2,equal,2,519.756,2068428,2068100,0,1965000,1965000,0,21,ESP32/cnn_webassembly_esp32/reports/20261009T030249020912Z/report.csv,13076
A0082.raw,1,255,0,1,1,1,6208.312,2,equal,2,499.196,2068428,2068088,0,1965000,1965000,0,21,ESP32/cnn_webassembly_esp32/reports/20261009T030249020912Z/report.csv,13076
A0083.raw,1,255,0,1,1,1,6197.135,2,equal,2,788.439,2068428,2068088,0,1965000,1965000,0,21,ESP32/cnn_webassembly_esp32/reports/20261009T030249020912Z/report.csv,13076
A0084.raw,1,255,0,1,1,1,6194.371,2,equal,2,478.478,2068428,2068100,0,1965000,1965000,0,21,ESP32/cnn_webassembly_esp32/reports/20261009T030249020912Z/report.csv,13076
A0085.raw,1,255,0,1,1,1,6200.602,2,equal,2,496.190,2068428,2068100,0,1965000,1965000,0,21,ESP32/cnn_webassembly_esp32/reports/20261009T030249020912Z/report.csv,13076
A0086.raw,1,255,0,1,1,1,6204.794,2,equal,2,613.423,2068428,2068092,0,1965000,1965000,0,21,ESP32/cnn_webassembly_esp32/reports/20261009T030249020912Z/report.csv,13076
A0087.raw,1,255,0,1,1,1,6200.31,2,equal,2,523.445,2068428,2068092,0,1965000,1965000,0,21,ESP32/cnn_webassembly_esp32/reports/20261009T030249020912Z/report.csv,13076
A0088.raw,1,255,0,1,1,1,6195.107,2,equal,2,483.165,2068428,2068088,0,1965000,1965000,0,21,ESP32/cnn_webassembly_esp32/reports/20261009T030249020912Z/report.csv,13076
A0089.raw,1,255,0,1,1,1,6201.13,2,equal,2,487.565,2060232,2059896,0,1956808,1956808,0,21,ESP32/cnn_webassembly_esp32/reports/20261009T030249020912Z/report.csv,13076
A0090.raw,1,255,0,1,1,1,6199.84,2,equal,2,494.578,2060232,2059904,0,1956808,1956808,0,21,ESP32/cnn_webassembly_esp32/reports/20261009T030249020912Z/report.csv,13076
A0091.raw,1,255,0,1,1,1,6200.824,2,equal,2,543.909,2060224,2059896,0,1956808,1956808,0,21,ESP32/cnn_webassembly_esp32/reports/20261009T030249020912Z/report.csv,13076
A0092.raw,1,255,0,1,1,1,6199.785,2,equal,2,512.182,2060224,2059896,0,1956808,1956808,0,21,ESP32/cnn_webassembly_esp32/reports/20261009T030249020912Z/report.csv,13076
A0093.raw,1,255,0,1,1,1,6196.55,2,equal,2,503.325,2060224,2059896,0,1956808,1956808,0,21,ESP32/cnn_webassembly_esp32/reports/20261009T030249020912Z/report.csv,13076
A0094.raw,1,255,0,1,1,1,6198.069,2,equal,2,494.740,2060224,2059896,0,1956808,1956808,0,21,ESP32/cnn_webassembly_esp32/reports/20261009T030249020912Z/report.csv,13076
A0095.raw,1,255,0,1,1,1,6193.781,2,equal,2,586.176,2060224,2059896,0,1956808,1956808,0,21,ESP32/cnn_webassembly_esp32/reports/20261009T030249020912Z/report.csv,13076
A0096.raw,1,255,0,1,1,1,6196.657,2,equal,2,542.964,2060224,2059896,0,1956808,1956808,0,21,ESP32/cnn_webassembly_esp32/reports/20261009T030249020912Z/report.csv,13076
A0097.raw,1,255,0,1,1,1,6192.692,2,equal,2,623.865,2060224,2059896,0,1956808,1956808,0,21,ESP32/cnn_webassembly_esp32/reports/20261009T030249020912Z/report.csv,13076
A0098.raw,1,255,0,1,1,1,6218.481,2,equal,2,596.652,2060224,2059896,0,1956808,1956808,0,21,ESP32/cnn_webassembly_esp32/reports/20261009T030249020912Z/report.csv,13076
A0099.raw,1,255,0,1,1,1,6206.958,2,equal,2,512.384,2060244,2059896,0,1956808,1956808,0,21,ESP32/cnn_webassembly_esp32/reports/20261009T030249020912Z/report.csv,13076
A0100.raw,1,255,0,1,1,1,6193.762,2,equal,2,570.980,2060436,2059892,0,1956808,1956808,0,21,ESP32/cnn_webassembly_esp32/reports/20261009T030249020912Z/report.csv,13076
A0101.raw,1,255,0,1,1,1,6197.495,2,equal,2,527.281,2060648,2060108,0,1956808,1956808,0,21,ESP32/cnn_webassembly_esp32/reports/20261009T030249020912Z/report.csv,13076
A0102.raw,1,255,0,1,1,1,6202.218,2,equal,2,517.034,2060880,2060312,0,1956808,1956808,0,21,ESP32/cnn_webassembly_esp32/reports/20261009T030249020912Z/report.csv,13076
A0103.raw,1,255,0,1,1,1,6200.628,2,equal,2,673.427,2061072,2060528,0,1956808,1956808,0,21,ESP32/cnn_webassembly_esp32/reports/20261009T030249020912Z/report.csv,13076
A0104.raw,1,255,0,1,1,1,6196.647,2,equal,2,532.642,2061284,2060744,0,1956808,1956808,0,21,ESP32/cnn_webassembly_esp32/reports/20261009T030249020912Z/report.csv,13076
A0105.raw,1,255,0,1,1,1,6203.685,2,equal,2,502.777,2061516,2060956,0,1956808,1956808,0,21,ESP32/cnn_webassembly_esp32/reports/20261009T030249020912Z/report.csv,13076
A0106.raw,1,255,0,1,1,1,6203.853,2,equal,2,530.873,2061708,2061168,0,1956808,1956808,0,21,ESP32/cnn_webassembly_esp32/reports/20261009T030249020912Z/report.csv,13076
A0107.raw,1,255,0,1,1,1,6194.587,2,equal,2,664.311,2061920,2061376,0,1956808,1956808,0,21,ESP32/cnn_webassembly_esp32/reports/20261009T030249020912Z/report.csv,13076
A0108.raw,1,255,0,1,1,1,6189.002,2,equal,2,539.636,2062160,2061592,0,1956808,1956808,0,21,ESP32/cnn_webassembly_esp32/reports/20261009T030249020912Z/report.csv,13076
A0109.raw,1,255,0,1,1,1,6203.208,2,equal,2,547.859,2062352,2061788,0,1956808,1956808,0,21,ESP32/cnn_webassembly_esp32/reports/20261009T030249020912Z/report.csv,13076
A0110.raw,1,255,0,1,1,1,6198.388,2,equal,2,520.116,2062564,2062024,0,1956808,1956808,0,21,ESP32/cnn_webassembly_esp32/reports/20261009T030249020912Z/report.csv,13076
A0111.raw,1,255,0,1,1,1,6192.572,2,equal,2,566.833,2062796,2062236,0,1956808,1956808,0,21,ESP32/cnn_webassembly_esp32/reports/20261009T030249020912Z/report.csv,13076
A0112.raw,1,255,0,1,1,1,6205.284,2,equal,2,655.040,2062988,2062448,0,1956808,1956808,0,21,ESP32/cnn_webassembly_esp32/reports/20261009T030249020912Z/report.csv,13076
A0113.raw,1,255,0,1,1,1,6205.633,2,equal,2,557.234,2063200,2062660,0,1956808,1956808,0,21,ESP32/cnn_webassembly_esp32/reports/20261009T030249020912Z/report.csv,13076
A0114.raw,1,255,0,1,1,1,6199.48,2,equal,2,570.290,2063432,2062872,0,1956808,1956808,0,21,ESP32/cnn_webassembly_esp32/reports/20261009T030249020912Z/report.csv,13076
A0115.raw,1,255,0,1,1,1,6191.075,2,equal,2,568.041,2063620,2063076,0,1956808,1956808,0,21,ESP32/cnn_webassembly_esp32/reports/20261009T030249020912Z/report.csv,13076
A0116.raw,1,255,0,1,1,1,6193.779,2,equal,2,587.422,2063852,2063292,0,1956808,1956808,0,21,ESP32/cnn_webassembly_esp32/reports/20261009T030249020912Z/report.csv,13076
A0117.raw,1,255,0,1,1,1,6196.565,2,equal,2,543.631,2063872,2063500,0,1956808,1956808,0,21,ESP32/cnn_webassembly_esp32/reports/20261009T030249020912Z/report.csv,13076
A0118.raw,1,255,0,1,1,1,6196.581,2,equal,2,536.306,2063852,2063496,0,1956808,1956808,0,21,ESP32/cnn_webassembly_esp32/reports/20261009T030249020912Z/report.csv,13076
A0119.raw,1,255,0,1,1,1,6191.326,2,equal,2,523.644,2063852,2063488,0,1956808,1956808,0,21,ESP32/cnn_webassembly_esp32/reports/20261009T030249020912Z/report.csv,13076
A0120.raw,1,255,0,1,1,1,6194.583,2,equal,2,549.921,2063872,2063500,0,1956808,1956808,0,21,ESP32/cnn_webassembly_esp32/reports/20261009T030249020912Z/report.csv,13076
A0121.raw,1,255,0,1,1,1,6197.202,2,equal,2,586.547,2063852,2063496,0,1956808,1956808,0,21,ESP32/cnn_webassembly_esp32/reports/20261009T030249020912Z/report.csv,13076
A0122.raw,1,255,0,1,1,1,6203.887,2,equal,2,534.840,2063852,2063500,0,1956808,1956808,0,21,ESP32/cnn_webassembly_esp32/reports/20261009T030249020912Z/report.csv,13076
A0123.raw,1,255,0,1,1,1,6189.326,2,equal,2,568.299,2063872,2063500,0,1956808,1956808,0,21,ESP32/cnn_webassembly_esp32/reports/20261009T030249020912Z/report.csv,13076
A0124.raw,1,255,0,1,1,1,6197.952,2,equal,2,463.779,2063860,2063500,0,1956808,1956808,0,21,ESP32/cnn_webassembly_esp32/reports/20261009T030249020912Z/report.csv,13076
A0125.raw,1,255,0,1,1,1,6193.747,2,equal,2,529.871,2063860,2063508,0,1956808,1956808,0,21,ESP32/cnn_webassembly_esp32/reports/20261009T030249020912Z/report.csv,13076
A0126.raw,1,255,0,1,1,1,6197.491,2,equal,2,542.410,2063880,2063500,0,1956808,1956808,0,21,ESP32/cnn_webassembly_esp32/reports/20261009T030249020912Z/report.csv,13076
A0127.raw,1,255,0,1,1,1,6198.318,2,equal,2,532.128,2063860,2063504,0,1956808,1956808,0,21,ESP32/cnn_webassembly_esp32/reports/20261009T030249020912Z/report.csv,13076
A0128.raw,1,255,0,1,1,1,6193.027,2,equal,2,523.377,2063860,2063512,0,1956808,1956808,0,21,ESP32/cnn_webassembly_esp32/reports/20261009T030249020912Z/report.csv,13076
A0129.raw,1,255,0,1,1,1,6218.759,2,equal,2,509.047,2063880,2063500,0,1956808,1956808,0,21,ESP32/cnn_webassembly_esp32/reports/20261009T030249020912Z/report.csv,13076
A0130.raw,1,255,0,1,1,1,6219.133,2,equal,2,512.423,2063860,2063508,0,1956808,1956808,0,21,ESP32/cnn_webassembly_esp32/reports/20261009T030249020912Z/report.csv,13076
A0131.raw,1,255,0,1,1,1,6207.439,2,equal,2,515.641,2063860,2063508,0,1956808,1956808,0,21,ESP32/cnn_webassembly_esp32/reports/20261009T030249020912Z/report.csv,13076
A0132.raw,1,255,0,1,1,1,6200.491,2,equal,2,568.659,2063880,2063508,0,1956808,1956808,0,21,ESP32/cnn_webassembly_esp32/reports/20261009T030249020912Z/report.csv,13076
A0133.raw,1,255,0,1,1,1,6202.876,2,equal,2,528.365,2063860,2063508,0,1956808,1956808,0,21,ESP32/cnn_webassembly_esp32/reports/20261009T030249020912Z/report.csv,13076
A0134.raw,1,255,0,1,1,1,6161.684,2,equal,2,506.985,2063860,2063508,0,1956808,1956808,0,21,ESP32/cnn_webassembly_esp32/reports/20261009T030249020912Z/report.csv,13076
A0135.raw,1,255,0,1,1,1,6153.211,2,equal,2,538.391,2063880,2063496,0,1956808,1956808,0,21,ESP32/cnn_webassembly_esp32/reports/20261009T030249020912Z/report.csv,13076
A0136.raw,1,255,0,1,1,1,6151.192,2,equal,2,539.028,2063860,2063508,0,1956808,1956808,0,21,ESP32/cnn_webassembly_esp32/reports/20261009T030249020912Z/report.csv,13076
A0137.raw,1,255,0,1,1,1,6145.524,2,equal,2,546.619,2063860,2063504,0,1956808,1956808,0,21,ESP32/cnn_webassembly_esp32/reports/20261009T030249020912Z/report.csv,13076
A0138.raw,1,255,0,1,1,1,6145.977,2,equal,2,563.659,2063880,2063512,0,1956808,1956808,0,21,ESP32/cnn_webassembly_esp32/reports/20261009T030249020912Z/report.csv,13076
A0139.raw,1,255,0,1,1,1,6154.524,2,equal,2,592.424,2063860,2063512,0,1956808,1956808,0,21,ESP32/cnn_webassembly_esp32/reports/20261009T030249020912Z/report.csv,13076
A0140.raw,1,255,0,1,1,1,6154.319,2,equal,2,541.320,2063860,2063508,0,1956808,1956808,0,21,ESP32/cnn_webassembly_esp32/reports/20261009T030249020912Z/report.csv,13076
A0141.raw,1,255,0,1,1,1,6135.956,2,equal,2,771.352,2063880,2063512,0,1956808,1956808,0,21,ESP32/cnn_webassembly_esp32/reports/20261009T030249020912Z/report.csv,13076
A0142.raw,1,255,0,1,1,1,6159.437,2,equal,2,512.575,2063620,2063504,0,1956808,1956808,0,21,ESP32/cnn_webassembly_esp32/reports/20261009T030249020912Z/report.csv,13076
A0143.raw,1,255,0,1,1,1,6139.058,2,equal,2,687.378,2063408,2063288,0,1956808,1956808,0,21,ESP32/cnn_webassembly_esp32/reports/20261009T030249020912Z/report.csv,13076
A0144.raw,1,255,0,1,1,1,6155.235,2,equal,2,536.671,2063196,2063080,0,1956808,1956808,0,21,ESP32/cnn_webassembly_esp32/reports/20261009T030249020912Z/report.csv,13076
A0145.raw,1,255,0,1,1,1,6147.269,2,equal,2,532.033,2062984,2062864,0,1956808,1956808,0,21,ESP32/cnn_webassembly_esp32/reports/20261009T030249020912Z/report.csv,13076
A0146.raw,1,255,0,1,1,1,6149.228,2,equal,2,592.812,2062772,2062656,0,1956808,1956808,0,21,ESP32/cnn_webassembly_esp32/reports/20261009T030249020912Z/report.csv,13076
A0147.raw,1,255,0,1,1,1,6145.493,2,equal,2,562.452,2062560,2062440,0,1956808,1956808,0,21,ESP32/cnn_webassembly_esp32/reports/20261009T030249020912Z/report.csv,13076
A0148.raw,1,255,0,1,1,1,6165.299,2,equal,2,538.327,2062348,2062228,0,1956808,1956808,0,21,ESP32/cnn_webassembly_esp32/reports/20261009T030249020912Z/report.csv,13076
A0149.raw,1,255,0,1,1,1,6151.05,2,equal,2,569.640,2062136,2062016,0,1956808,1956808,0,21,ESP32/cnn_webassembly_esp32/reports/20261009T030249020912Z/report.csv,13076
A0150.raw,1,255,0,1,1,1,6143.241,2,equal,2,565.185,2061924,2061804,0,1956808,1956808,0,21,ESP32/cnn_webassembly_esp32/reports/20261009T030249020912Z/report.csv,13076
A0151.raw,1,255,0,1,1,1,6147.515,2,equal,2,520.062,2061712,2061592,0,1956808,1956808,0,21,ESP32/cnn_webassembly_esp32/reports/20261009T030249020912Z/report.csv,13076
A0152.raw,1,255,0,1,1,1,6139.19,2,equal,2,503.365,2061500,2061380,0,1956808,1956808,0,21,ESP32/cnn_webassembly_esp32/reports/20261009T030249020912Z/report.csv,13076
A0153.raw,1,255,0,1,1,1,6143.553,2,equal,2,520.883,2061288,2061168,0,1956808,1956808,0,21,ESP32/cnn_webassembly_esp32/reports/20261009T030249020912Z/report.csv,13076
A0154.raw,1,255,0,1,1,1,6141.811,2,equal,2,484.391,2061076,2060956,0,1956808,1956808,0,21,ESP32/cnn_webassembly_esp32/reports/20261009T030249020912Z/report.csv,13076
A0155.raw,1,255,0,1,1,1,6144.835,2,equal,2,493.971,2060864,2060744,0,1956808,1956808,0,21,ESP32/cnn_webassembly_esp32/reports/20261009T030249020912Z/report.csv,13076
A0156.raw,1,255,0,1,1,1,6143.826,2,equal,2,518.697,2060652,2060536,0,1956808,1956808,0,21,ESP32/cnn_webassembly_esp32/reports/20261009T030249020912Z/report.csv,13076
A0157.raw,1,255,0,1,1,1,6148.951,2,equal,2,519.358,2060440,2060320,0,1956808,1956808,0,21,ESP32/cnn_webassembly_esp32/reports/20261009T030249020912Z/report.csv,13076
A0158.raw,1,255,0,1,1,1,6147.902,2,equal,2,493.108,2060228,2060108,0,1956808,1956808,0,21,ESP32/cnn_webassembly_esp32/reports/20261009T030249020912Z/report.csv,13076
A0159.raw,1,255,0,1,1,1,6143.972,2,equal,2,629.700,2060228,2059896,0,1956808,1956808,0,21,ESP32/cnn_webassembly_esp32/reports/20261009T030249020912Z/report.csv,13076
A0160.raw,1,255,0,1,1,1,6144.329,2,equal,2,518.906,2060016,2059888,0,1956808,1956808,0,21,ESP32/cnn_webassembly_esp32/reports/20261009T030249020912Z/report.csv,13076
A0161.raw,1,255,0,1,1,1,6142.106,2,equal,2,520.806,2060016,2059892,0,1956808,1956808,0,21,ESP32/cnn_webassembly_esp32/reports/20261009T030249020912Z/report.csv,13076
A0162.raw,1,255,0,1,1,1,6140.789,2,equal,2,503.898,2060016,2059896,0,1956808,1956808,0,21,ESP32/cnn_webassembly_esp32/reports/20261009T030249020912Z/report.csv,13076
A0163.raw,1,255,0,1,1,1,6151.076,2,equal,2,523.059,2060016,2059896,0,1956808,1956808,0,21,ESP32/cnn_webassembly_esp32/reports/20261009T030249020912Z/report.csv,13076
A0164.raw,1,255,0,1,1,1,6147.024,2,equal,2,516.332,2060016,2059896,0,1956808,1956808,0,21,ESP32/cnn_webassembly_esp32/reports/20261009T030249020912Z/report.csv,13076
A0165.raw,1,255,0,1,1,1,6156.09,2,equal,2,511.041,2060016,2059896,0,1956808,1956808,0,21,ESP32/cnn_webassembly_esp32/reports/20261009T030249020912Z/report.csv,13076
A0166.raw,1,255,0,1,1,1,6164.057,2,equal,2,494.283,2060016,2059896,0,1956808,1956808,0,21,ESP32/cnn_webassembly_esp32/reports/20261009T030249020912Z/report.csv,13076
A0167.raw,1,255,0,1,1,1,6168.199,2,equal,2,537.192,2060004,2059884,0,1956808,1956808,0,21,ESP32/cnn_webassembly_esp32/reports/20261009T030249020912Z/report.csv,13076
A0168.raw,1,255,0,1,1,1,6154.313,2,equal,2,517.608,2059996,2059876,0,1956808,1956808,0,21,ESP32/cnn_webassembly_esp32/reports/20261009T030249020912Z/report.csv,13076
A0169.raw,1,255,0,1,1,1,6145.766,2,equal,2,482.896,2059996,2059876,0,1956808,1956808,0,21,ESP32/cnn_webassembly_esp32/reports/20261009T030249020912Z/report.csv,13076
A0170.raw,1,255,0,1,1,1,6164.557,2,equal,2,506.599,2059996,2059664,0,1956808,1956808,0,21,ESP32/cnn_webassembly_esp32/reports/20261009T030249020912Z/report.csv,13076
A0171.raw,1,255,0,1,1,1,6140.698,2,equal,2,521.738,2059996,2059876,0,1956808,1956808,0,21,ESP32/cnn_webassembly_esp32/reports/20261009T030249020912Z/report.csv,13076
A0172.raw,1,255,0,1,1,1,6139.463,2,equal,2,510.353,2059996,2059876,0,1956808,1956808,0,21,ESP32/cnn_webassembly_esp32/reports/20261009T030249020912Z/report.csv,13076
A0173.raw,1,255,0,1,1,1,6149.102,2,equal,2,503.895,2059996,2059876,0,1956808,1956808,0,21,ESP32/cnn_webassembly_esp32/reports/20261009T030249020912Z/report.csv,13076
A0174.raw,1,255,0,1,1,1,6162.745,2,equal,2,494.389,2059996,2059876,0,1956808,1956808,0,21,ESP32/cnn_webassembly_esp32/reports/20261009T030249020912Z/report.csv,13076
A0175.raw,1,255,0,1,1,1,6145.838,2,equal,2,533.700,2059996,2059876,0,1956808,1956808,0,21,ESP32/cnn_webassembly_esp32/reports/20261009T030249020912Z/report.csv,13076
A0176.raw,1,255,0,1,1,1,6132.681,2,equal,2,605.146,2059996,2059876,0,1956808,1956808,0,21,ESP32/cnn_webassembly_esp32/reports/20261009T030249020912Z/report.csv,13076
A0177.raw,1,255,0,1,1,1,6143.673,2,equal,2,671.566,2059996,2059876,0,1956808,1956808,0,21,ESP32/cnn_webassembly_esp32/reports/20261009T030249020912Z/report.csv,13076
A0178.raw,1,255,0,1,1,1,6157.31,2,equal,2,577.314,2043612,2043492,0,1940424,1940424,0,21,ESP32/cnn_webassembly_esp32/reports/20261009T030249020912Z/report.csv,13076
A0179.raw,1,255,0,1,1,1,6133.358,2,equal,2,592.507,2043824,2043492,0,1940424,1940424,0,21,ESP32/cnn_webassembly_esp32/reports/20261009T030249020912Z/report.csv,13044
A0180.raw,1,255,0,1,1,1,6130.695,2,equal,2,549.328,2043612,2043496,0,1940424,1940424,0,21,ESP32/cnn_webassembly_esp32/reports/20261009T030249020912Z/report.csv,13044
A0181.raw,1,255,0,1,1,1,6141.292,2,equal,2,564.518,2043824,2043492,0,1940424,1940424,0,21,ESP32/cnn_webassembly_esp32/reports/20261009T030249020912Z/report.csv,13044
A0182.raw,1,255,0,1,1,1,6158.834,2,equal,2,519.680,2043612,2043492,0,1940424,1940424,0,21,ESP32/cnn_webassembly_esp32/reports/20261009T030249020912Z/report.csv,13044
A0183.raw,1,255,0,1,1,1,6140.46,2,equal,2,566.917,2043612,2043492,0,1940424,1940424,0,21,ESP32/cnn_webassembly_esp32/reports/20261009T030249020912Z/report.csv,13044
A0184.raw,1,255,0,1,1,1,6149.919,2,equal,2,543.463,2043836,2043492,0,1940424,1940424,0,21,ESP32/cnn_webassembly_esp32/reports/20261009T030249020912Z/report.csv,13044
A0185.raw,1,255,0,1,1,1,6138.632,2,equal,2,562.714,2043624,2043504,0,1940424,1940424,0,21,ESP32/cnn_webassembly_esp32/reports/20261009T030249020912Z/report.csv,13044
A0188.raw,1,255,0,1,1,1,6148.514,2,equal,2,537.505,2043872,2043516,0,1940424,1940424,0,21,ESP32/cnn_webassembly_esp32/reports/20261009T030249020912Z/report.csv,13044
A0189.raw,1,255,0,1,1,1,6160.508,2,equal,2,780.238,2043844,2043524,0,1940424,1940424,0,21,ESP32/cnn_webassembly_esp32/reports/20261009T030249020912Z/report.csv,13044
A0190.raw,1,255,0,1,1,1,6158.38,2,equal,2,563.896,2043844,2043516,0,1940424,1940424,0,21,ESP32/cnn_webassembly_esp32/reports/20261009T030249020912Z/report.csv,13044
A0191.raw,1,255,0,1,1,1,6160.485,2,equal,2,548.296,2043844,2043508,0,1940424,1940424,0,21,ESP32/cnn_webassembly_esp32/reports/20261009T030249020912Z/report.csv,13044
A0192.raw,1,255,0,1,1,1,6142.76,2,equal,2,532.142,2043844,2043504,0,1940424,1940424,0,21,ESP32/cnn_webassembly_esp32/reports/20261009T030249020912Z/report.csv,13044
A0193.raw,1,255,0,1,1,1,6139.101,2,equal,2,594.883,2043844,2043504,0,1940424,1940424,0,21,ESP32/cnn_webassembly_esp32/reports/20261009T030249020912Z/report.csv,13044
A0194.raw,1,255,0,1,1,1,6148.351,2,equal,2,583.808,2043844,2043504,0,1940424,1940424,0,21,ESP32/cnn_webassembly_esp32/reports/20261009T030249020912Z/report.csv,13044
A0195.raw,1,255,0,1,1,1,6146.602,2,equal,2,555.111,2043844,2043504,0,1940424,1940424,0,21,ESP32/cnn_webassembly_esp32/reports/20261009T030249020912Z/report.csv,13044
A0196.raw,1,255,0,1,1,1,6136.031,2,equal,2,519.010,2043844,2043504,0,1940424,1940424,0,21,ESP32/cnn_webassembly_esp32/reports/20261009T030249020912Z/report.csv,13044
A0197.raw,1,255,0,1,1,1,6138.387,2,equal,2,569.315,2043844,2043504,0,1940424,1940424,0,21,ESP32/cnn_webassembly_esp32/reports/20261009T030249020912Z/report.csv,13044
A0198.raw,1,255,0,1,1,1,6146.191,2,equal,2,531.925,2043844,2043504,0,1940424,1940424,0,21,ESP32/cnn_webassembly_esp32/reports/20261009T030249020912Z/report.csv,13044
A0199.raw,1,255,0,1,1,1,6145.725,2,equal,2,555.218,2043844,2043516,0,1940424,1940424,0,21,ESP32/cnn_webassembly_esp32/reports/20261009T030249020912Z/report.csv,13044
A0200.raw,1,255,0,1,1,1,6144.78,2,equal,2,529.823,2043836,2043504,0,1940424,1940424,0,21,ESP32/cnn_webassembly_esp32/reports/20261009T030249020912Z/report.csv,13044
A0201.raw,1,255,0,1,1,1,6138.027,2,equal,2,526.574,2043836,2043504,0,1940424,1940424,0,21,ESP32/cnn_webassembly_esp32/reports/20261009T030249020912Z/report.csv,13044
A0202.raw,1,255,0,1,1,1,6145.312,2,equal,2,568.667,2043836,2043508,0,1940424,1940424,0,21,ESP32/cnn_webassembly_esp32/reports/20261009T030249020912Z/report.csv,13044
A0203.raw,1,255,0,1,1,1,6140.453,2,equal,2,712.191,2043836,2043504,0,1940424,1940424,0,21,ESP32/cnn_webassembly_esp32/reports/20261009T030249020912Z/report.csv,13044
A0204.raw,1,255,0,1,1,1,6148.728,2,equal,2,526.662,2043836,2043496,0,1940424,1940424,0,21,ESP32/cnn_webassembly_esp32/reports/20261009T030249020912Z/report.csv,13044
A0205.raw,1,255,0,1,1,1,6138.252,2,equal,2,551.552,2043836,2043508,0,1940424,1940424,0,21,ESP32/cnn_webassembly_esp32/reports/20261009T030249020912Z/report.csv,13044
A0206.raw,1,255,0,1,1,1,6145.433,2,equal,2,549.707,2043836,2043508,0,1940424,1940424,0,21,ESP32/cnn_webassembly_esp32/reports/20261009T030249020912Z/report.csv,13044
A0207.raw,1,255,0,1,1,1,6150.005,2,equal,2,565.662,2043836,2043504,0,1940424,1940424,0,21,ESP32/cnn_webassembly_esp32/reports/20261009T030249020912Z/report.csv,13044
A0208.raw,1,255,0,1,1,1,6137.232,2,equal,2,530.218,2043836,2043496,0,1940424,1940424,0,21,ESP32/cnn_webassembly_esp32/reports/20261009T030249020912Z/report.csv,13044
A0209.raw,1,255,0,1,1,1,6133.495,2,equal,2,558.945,2043836,2043504,0,1940424,1940424,0,21,ESP32/cnn_webassembly_esp32/reports/20261009T030249020912Z/report.csv,13044
A0210.raw,1,255,0,1,1,1,6133.087,2,equal,2,531.205,2043836,2043500,0,1940424,1940424,0,21,ESP32/cnn_webassembly_esp32/reports/20261009T030249020912Z/report.csv,13044
A0211.raw,1,255,0,1,1,1,6137.791,2,equal,2,582.203,2043836,2043504,0,1940424,1940424,0,21,ESP32/cnn_webassembly_esp32/reports/20261009T030249020912Z/report.csv,13044
A0212.raw,1,255,0,1,1,1,6135.563,2,equal,2,615.507,2043836,2043512,0,1940424,1940424,0,21,ESP32/cnn_webassembly_esp32/reports/20261009T030249020912Z/report.csv,13044
A0213.raw,1,255,0,1,1,1,6146.638,2,equal,2,569.697,2043836,2043496,0,1940424,1940424,0,21,ESP32/cnn_webassembly_esp32/reports/20261009T030249020912Z/report.csv,13044
A0214.raw,1,255,0,1,1,1,6146.976,2,equal,2,538.363,2043836,2043496,0,1940424,1940424,0,21,ESP32/cnn_webassembly_esp32/reports/20261009T030249020912Z/report.csv,13044
A0215.raw,1,255,0,1,1,1,6141.585,2,equal,2,621.526,2043836,2043496,0,1940424,1940424,0,21,ESP32/cnn_webassembly_esp32/reports/20261009T030249020912Z/report.csv,13044
A0216.raw,1,255,0,1,1,1,6150.563,2,equal,2,599.960,2043836,2043504,0,1940424,1940424,0,21,ESP32/cnn_webassembly_esp32/reports/20261009T030249020912Z/report.csv,13044
A0217.raw,1,255,0,1,1,1,6152.712,2,equal,2,583.921,2043844,2043504,0,1940424,1940424,0,21,ESP32/cnn_webassembly_esp32/reports/20261009T030249020912Z/report.csv,13044
A0218.raw,1,255,0,1,1,1,6143.383,2,equal,2,543.509,2043844,2043512,0,1940424,1940424,0,21,ESP32/cnn_webassembly_esp32/reports/20261009T030249020912Z/report.csv,13044
A0219.raw,1,255,0,1,1,1,6147.566,2,equal,2,536.563,2043844,2043512,0,1940424,1940424,0,21,ESP32/cnn_webassembly_esp32/reports/20261009T030249020912Z/report.csv,13044
A0220.raw,1,255,0,1,1,1,6134.871,2,equal,2,538.373,2043844,2043508,0,1940424,1940424,0,21,ESP32/cnn_webassembly_esp32/reports/20261009T030249020912Z/report.csv,13044
A0222.raw,1,255,0,1,1,1,6146.611,2,equal,2,564.750,2043844,2043520,0,1940424,1940424,0,21,ESP32/cnn_webassembly_esp32/reports/20261009T030249020912Z/report.csv,13044
A0223.raw,1,255,0,1,1,1,6149.726,2,equal,2,532.226,2043844,2043512,0,1940424,1940424,0,21,ESP32/cnn_webassembly_esp32/reports/20261009T030249020912Z/report.csv,13044
A0224.raw,1,255,0,1,1,1,6154.317,2,equal,2,548.125,2043844,2043512,0,1940424,1940424,0,21,ESP32/cnn_webassembly_esp32/reports/20261009T030249020912Z/report.csv,13044
A0225.raw,1,255,0,1,1,1,6205.03,2,equal,2,592.943,2043844,2043512,0,1940424,1940424,0,21,ESP32/cnn_webassembly_esp32/reports/20261009T030249020912Z/report.csv,13044
A0226.raw,1,255,0,1,1,1,6199.596,2,equal,2,544.101,2043836,2043504,0,1940424,1940424,0,21,ESP32/cnn_webassembly_esp32/reports/20261009T030249020912Z/report.csv,13044
A0227.raw,1,255,0,1,1,1,6197.743,2,equal,2,527.705,2043836,2043508,0,1940424,1940424,0,21,ESP32/cnn_webassembly_esp32/reports/20261009T030249020912Z/report.csv,13044
A0228.raw,1,255,0,1,1,1,6195.66,2,equal,2,550.297,2043836,2043508,0,1940424,1940424,0,21,ESP32/cnn_webassembly_esp32/reports/20261009T030249020912Z/report.csv,13044
A0229.raw,1,255,0,1,1,1,6190.118,2,equal,2,540.414,2043836,2043508,0,1940424,1940424,0,21,ESP32/cnn_webassembly_esp32/reports/20261009T030249020912Z/report.csv,13044
A0230.raw,1,255,0,1,1,1,6196.49,2,equal,2,551.334,2043836,2043508,0,1940424,1940424,0,21,ESP32/cnn_webassembly_esp32/reports/20261009T030249020912Z/report.csv,13044
A0231.raw,1,255,0,1,1,1,6216.516,2,equal,2,561.073,2043836,2043508,0,1940424,1940424,0,21,ESP32/cnn_webassembly_esp32/reports/20261009T030249020912Z/report.csv,13044
A0232.raw,1,255,0,1,1,1,6207.917,2,equal,2,596.264,2043824,2043492,0,1940424,1940424,0,21,ESP32/cnn_webassembly_esp32/reports/20261009T030249020912Z/report.csv,13044
A0233.raw,1,255,0,1,1,1,6202.349,2,equal,2,553.705,2043824,2043492,0,1940424,1940424,0,21,ESP32/cnn_webassembly_esp32/reports/20261009T030249020912Z/report.csv,13044
A0234.raw,1,255,0,1,1,1,6225.137,2,equal,2,537.065,2043852,2043488,0,1940424,1940424,0,21,ESP32/cnn_webassembly_esp32/reports/20261009T030249020912Z/report.csv,13044
A0235.raw,1,255,0,1,1,1,6203.435,2,equal,2,561.551,2044044,2043500,0,1940424,1940424,0,21,ESP32/cnn_webassembly_esp32/reports/20261009T030249020912Z/report.csv,13044
A0236.raw,1,255,0,1,1,1,6202.134,2,equal,2,569.145,2044256,2043712,0,1940424,1940424,0,21,ESP32/cnn_webassembly_esp32/reports/20261009T030249020912Z/report.csv,13044
A0237.raw,1,255,0,1,1,1,6201.066,2,equal,2,729.752,2044488,2043920,0,1940424,1940424,0,21,ESP32/cnn_webassembly_esp32/reports/20261009T030249020912Z/report.csv,13044
A0238.raw,1,255,0,1,1,1,6198.083,2,equal,2,581.993,2044680,2044140,0,1940424,1940424,0,21,ESP32/cnn_webassembly_esp32/reports/20261009T030249020912Z/report.csv,13044
A0239.raw,1,255,0,1,1,1,6194.83,2,equal,2,504.025,2044892,2044352,0,1940424,1940424,0,21,ESP32/cnn_webassembly_esp32/reports/20261009T030249020912Z/report.csv,13044
A0240.raw,1,255,0,1,1,1,6202.15,2,equal,2,567.469,2045124,2044564,0,1940424,1940424,0,21,ESP32/cnn_webassembly_esp32/reports/20261009T030249020912Z/report.csv,13044
A0241.raw,1,255,0,1,1,1,6203.357,2,equal,2,558.354,2045308,2044776,0,1940424,1940424,0,21,ESP32/cnn_webassembly_esp32/reports/20261009T030249020912Z/report.csv,13044
A0242.raw,1,255,0,1,1,1,6198.141,2,equal,2,560.740,2045520,2044980,0,1940424,1940424,0,21,ESP32/cnn_webassembly_esp32/reports/20261009T030249020912Z/report.csv,13044
A0243.raw,1,255,0,1,1,1,6208.375,2,equal,2,570.134,2045760,2045184,0,1940424,1940424,0,21,ESP32/cnn_webassembly_esp32/reports/20261009T030249020912Z/report.csv,13044
A0244.raw,1,255,0,1,1,1,6197.015,2,equal,2,535.089,2045952,2045416,0,1940424,1940424,0,21,ESP32/cnn_webassembly_esp32/reports/20261009T030249020912Z/report.csv,13044
A0245.raw,1,255,0,1,1,1,6197.77,2,equal,2,548.302,2046164,2045624,0,1940424,1940424,0,21,ESP32/cnn_webassembly_esp32/reports/20261009T030249020912Z/report.csv,13044
A0246.raw,1,255,0,1,1,1,6197.41,2,equal,2,590.114,2046404,2045832,0,1940424,1940424,0,21,ESP32/cnn_webassembly_esp32/reports/20261009T030249020912Z/report.csv,13044
A0247.raw,1,255,0,1,1,1,6191.007,2,equal,2,576.877,2046588,2046044,0,1940424,1940424,0,21,ESP32/cnn_webassembly_esp32/reports/20261009T030249020912Z/report.csv,13044
A0248.raw,1,255,0,1,1,1,6195.192,2,equal,2,570.798,2046800,2046256,0,1940424,1940424,0,21,ESP32/cnn_webassembly_esp32/reports/20261009T030249020912Z/report.csv,13044
A0249.raw,1,255,0,1,1,1,6203.308,2,equal,2,554.801,2047052,2046468,0,1940424,1940424,0,21,ESP32/cnn_webassembly_esp32/reports/20261009T030249020912Z/report.csv,13044
A0250.raw,1,255,0,1,1,1,6201.24,2,equal,2,595.149,2047236,2046700,0,1940424,1940424,0,21,ESP32/cnn_webassembly_esp32/reports/20261009T030249020912Z/report.csv,13044
A0252.raw,1,255,0,1,1,1,6206.945,2,equal,2,537.805,2047476,2046904,0,1940424,1940424,0,21,ESP32/cnn_webassembly_esp32/reports/20261009T030249020912Z/report.csv,13044
A0253.raw,1,255,0,1,1,1,6196.333,2,equal,2,569.060,2047496,2047124,0,1940424,1940424,0,21,ESP32/cnn_webassembly_esp32/reports/20261009T030249020912Z/report.csv,13044
A0254.raw,1,255,0,1,1,1,6202.584,2,equal,2,497.859,2047476,2047120,0,1940424,1940424,0,21,ESP32/cnn_webassembly_esp32/reports/20261009T030249020912Z/report.csv,13044
A0255.raw,1,255,0,1,1,1,6196.888,2,equal,2,518.464,2047476,2047124,0,1940424,1940424,0,21,ESP32/cnn_webassembly_esp32/reports/20261009T030249020912Z/report.csv,13044
A0256.raw,1,255,0,1,1,1,6201.679,2,equal,2,492.711,2047496,2047116,0,1940424,1940424,0,21,ESP32/cnn_webassembly_esp32/reports/20261009T030249020912Z/report.csv,13044
A0257.raw,1,255,0,1,1,1,6190.597,2,equal,2,587.437,2047476,2047120,0,1940424,1940424,0,21,ESP32/cnn_webassembly_esp32/reports/20261009T030249020912Z/report.csv,13044
A0258.raw,1,255,0,1,1,1,6199.442,2,equal,2,552.627,2047476,2047128,0,1940424,1940424,0,21,ESP32/cnn_webassembly_esp32/reports/20261009T030249020912Z/report.csv,13044
A0259.raw,1,255,0,1,1,1,6195.956,2,equal,2,581.499,2047496,2047112,0,1940424,1940424,0,21,ESP32/cnn_webassembly_esp32/reports/20261009T030249020912Z/report.csv,13044
A0260.raw,1,255,0,1,1,1,6204.267,2,equal,2,573.826,2047476,2047128,0,1940424,1940424,0,21,ESP32/cnn_webassembly_esp32/reports/20261009T030249020912Z/report.csv,13044
A0261.raw,1,255,0,1,1,1,6191.194,2,equal,2,542.563,2047476,2047128,0,1940424,1940424,0,21,ESP32/cnn_webassembly_esp32/reports/20261009T030249020912Z/report.csv,13044
A0262.raw,1,255,0,1,1,1,6206.416,2,equal,2,592.740,2047496,2047124,0,1940424,1940424,0,21,ESP32/cnn_webassembly_esp32/reports/20261009T030249020912Z/report.csv,13044
A0263.raw,1,255,0,1,1,1,6198.811,2,equal,2,582.322,2047476,2047120,0,1940424,1940424,0,21,ESP32/cnn_webassembly_esp32/reports/20261009T030249020912Z/report.csv,13044
A0264.raw,1,255,0,1,1,1,6198.641,2,equal,2,577.580,2047476,2047128,0,1940424,1940424,0,21,ESP32/cnn_webassembly_esp32/reports/20261009T030249020912Z/report.csv,13044
A0265.raw,1,255,0,1,1,1,6191.738,2,equal,2,594.278,2047496,2047116,0,1940424,1940424,0,21,ESP32/cnn_webassembly_esp32/reports/20261009T030249020912Z/report.csv,13044
A0266.raw,1,255,0,1,1,1,6206.849,2,equal,2,569.307,2047476,2047128,0,1940424,1940424,0,21,ESP32/cnn_webassembly_esp32/reports/20261009T030249020912Z/report.csv,13028
A0267.raw,1,255,0,1,1,1,6193.267,2,equal,2,588.466,2047476,2047124,0,1940424,1940424,0,21,ESP32/cnn_webassembly_esp32/reports/20261009T030249020912Z/report.csv,13028
A0268.raw,1,255,0,1,1,1,6197.255,2,equal,2,602.465,2047496,2047124,0,1940424,1940424,0,21,ESP32/cnn_webassembly_esp32/reports/20261009T030249020912Z/report.csv,13028
A0269.raw,1,255,0,1,1,1,6196.6,2,equal,2,562.832,2047476,2047128,0,1940424,1940424,0,21,ESP32/cnn_webassembly_esp32/reports/20261009T030249020912Z/report.csv,13028
A0270.raw,1,255,0,1,1,1,6199.341,2,equal,2,560.063,2047476,2047124,0,1940424,1940424,0,21,ESP32/cnn_webassembly_esp32/reports/20261009T030249020912Z/report.csv,13012
A0271.raw,1,255,0,1,1,1,6192.965,2,equal,2,651.563,2047496,2047124,0,1940424,1940424,0,21,ESP32/cnn_webassembly_esp32/reports/20261009T030249020912Z/report.csv,13012
A0272.raw,1,255,0,1,1,1,6197.24,2,equal,2,585.700,2047476,2047128,0,1940424,1940424,0,21,ESP32/cnn_webassembly_esp32/reports/20261009T030249020912Z/report.csv,13012
A0273.raw,1,255,0,1,1,1,6196.766,2,equal,2,560.705,2047476,2047124,0,1940424,1940424,0,21,ESP32/cnn_webassembly_esp32/reports/20261009T030249020912Z/report.csv,13012
A0274.raw,1,255,0,1,1,1,6189.074,2,equal,2,579.789,2047496,2047124,0,1940424,1940424,0,21,ESP32/cnn_webassembly_esp32/reports/20261009T030249020912Z/report.csv,13012
A0275.raw,1,255,0,1,1,1,6194.557,2,equal,2,613.958,2047476,2047128,0,1940424,1940424,0,21,ESP32/cnn_webassembly_esp32/reports/20261009T030249020912Z/report.csv,13012
A0276.raw,1,255,0,1,1,1,6201.82,2,equal,2,612.086,2047476,2047124,0,1940424,1940424,0,21,ESP32/cnn_webassembly_esp32/reports/20261009T030249020912Z/report.csv,13012
A0277.raw,1,255,0,1,1,1,6193.625,2,equal,2,568.635,2047496,2047124,0,1940424,1940424,0,21,ESP32/cnn_webassembly_esp32/reports/20261009T030249020912Z/report.csv,13012
A0278.raw,1,255,0,1,1,1,6196.367,2,equal,2,592.579,2047476,2047120,0,1940424,1940424,0,21,ESP32/cnn_webassembly_esp32/reports/20261009T030249020912Z/report.csv,13012
A0279.raw,1,255,0,1,1,1,6197.419,2,equal,2,591.068,2047476,2047124,0,1940424,1940424,0,21,ESP32/cnn_webassembly_esp32/reports/20261009T030249020912Z/report.csv,13012
A0280.raw,1,255,0,1,1,1,6197.149,2,equal,2,692.666,2047496,2047124,0,1940424,1940424,0,21,ESP32/cnn_webassembly_esp32/reports/20261009T030249020912Z/report.csv,13012
A0284.raw,1,255,0,1,1,1,6196.691,2,equal,2,562.963,2047476,2047120,0,1940424,1940424,0,21,ESP32/cnn_webassembly_esp32/reports/20261009T030249020912Z/report.csv,13012
A0285.raw,1,255,0,1,1,1,6193.683,2,equal,2,546.687,2047476,2047128,0,1940424,1940424,0,21,ESP32/cnn_webassembly_esp32/reports/20261009T030249020912Z/report.csv,13012
A0286.raw,1,255,0,1,1,1,6197.479,2,equal,2,553.795,2047496,2047128,0,1940424,1940424,0,21,ESP32/cnn_webassembly_esp32/reports/20261009T030249020912Z/report.csv,13012
A0287.raw,1,255,0,1,1,1,6205.698,2,equal,2,601.197,2047476,2047112,0,1940424,1940424,0,21,ESP32/cnn_webassembly_esp32/reports/20261009T030249020912Z/report.csv,13012
A0288.raw,1,255,0,1,1,1,6197.17,2,equal,2,562.854,2047476,2047124,0,1940424,1940424,0,21,ESP32/cnn_webassembly_esp32/reports/20261009T030249020912Z/report.csv,13012
A0289.raw,1,255,0,1,1,1,6205.784,2,equal,2,560.512,2047496,2047120,0,1940424,1940424,0,21,ESP32/cnn_webassembly_esp32/reports/20261009T030249020912Z/report.csv,13012
A0290.raw,1,255,0,1,1,1,6219.06,2,equal,2,577.310,2047476,2047128,0,1940424,1940424,0,21,ESP32/cnn_webassembly_esp32/reports/20261009T030249020912Z/report.csv,13012
A0291.raw,1,255,0,1,1,1,6204.996,2,equal,2,564.862,2047476,2047124,0,1940424,1940424,0,21,ESP32/cnn_webassembly_esp32/reports/20261009T030249020912Z/report.csv,13012
A0292.raw,1,255,0,1,1,1,6198.411,2,equal,2,585.969,2047496,2047124,0,1940424,1940424,0,21,ESP32/cnn_webassembly_esp32/reports/20261009T030249020912Z/report.csv,13012
A0293.raw,1,255,0,1,1,1,6194.412,2,equal,2,640.517,2047476,2047120,0,1940424,1940424,0,21,ESP32/cnn_webassembly_esp32/reports/20261009T030249020912Z/report.csv,13012
A0294.raw,1,255,0,1,1,1,6204.13,2,equal,2,549.003,2047476,2047128,0,1940424,1940424,0,21,ESP32/cnn_webassembly_esp32/reports/20261009T030249020912Z/report.csv,13012
A0295.raw,1,255,0,1,1,1,6216.299,2,equal,2,531.172,2047496,2047124,0,1940424,1940424,0,21,ESP32/cnn_webassembly_esp32/reports/20261009T030249020912Z/report.csv,13012
A0296.raw,1,255,0,1,1,1,6211.518,2,equal,2,624.335,2047476,2047116,0,1940424,1940424,0,21,ESP32/cnn_webassembly_esp32/reports/20261009T030249020912Z/report.csv,13012
A0297.raw,1,255,0,1,1,1,6195.611,2,equal,2,583.575,2047476,2047124,0,1940424,1940424,0,21,ESP32/cnn_webassembly_esp32/reports/20261009T030249020912Z/report.csv,13012
A0298.raw,1,255,0,1,1,1,6209.112,2,equal,2,664.428,2047496,2047124,0,1940424,1940424,0,21,ESP32/cnn_webassembly_esp32/reports/20261009T030249020912Z/report.csv,13012
A0299.raw,1,255,0,1,1,1,6203.335,2,equal,2,597.463,2047476,2047120,0,1940424,1940424,0,21,ESP32/cnn_webassembly_esp32/reports/20261009T030249020912Z/report.csv,13012
A0300.raw,1,255,0,1,1,1,6194.831,2,equal,2,560.790,2047476,2047128,0,1940424,1940424,0,21,ESP32/cnn_webassembly_esp32/reports/20261009T030249020912Z/report.csv,13012
A0301.raw,1,255,0,1,1,1,6198.565,2,equal,2,606.661,2047496,2047128,0,1940424,1940424,0,21,ESP32/cnn_webassembly_esp32/reports/20261009T030249020912Z/report.csv,13012
A0302.raw,1,255,0,1,1,1,6211.213,2,equal,2,588.703,2047476,2047128,0,1940424,1940424,0,21,ESP32/cnn_webassembly_esp32/reports/20261009T030249020912Z/report.csv,13012
A0303.raw,1,255,0,1,1,1,6193.208,2,equal,2,592.697,2047476,2047128,0,1940424,1940424,0,21,ESP32/cnn_webassembly_esp32/reports/20261009T030249020912Z/report.csv,13012
A0304.raw,1,255,0,1,1,1,6192.296,2,equal,2,583.593,2047496,2047124,0,1940424,1940424,0,21,ESP32/cnn_webassembly_esp32/reports/20261009T030249020912Z/report.csv,13012
A0305.raw,1,255,0,1,1,1,6197.867,2,equal,2,541.643,2047476,2047120,0,1940424,1940424,0,21,ESP32/cnn_webassembly_esp32/reports/20261009T030249020912Z/report.csv,13012
A0306.raw,1,255,0,1,1,1,6196.297,2,equal,2,566.059,2047476,2047104,0,1940424,1940424,0,21,ESP32/cnn_webassembly_esp32/reports/20261009T030249020912Z/report.csv,13012
A0307.raw,1,255,0,1,1,1,6205.271,2,equal,2,557.354,2047496,2047128,0,1940424,1940424,0,21,ESP32/cnn_webassembly_esp32/reports/20261009T030249020912Z/report.csv,13012
A0308.raw,1,255,0,1,1,1,6198.249,2,equal,2,516.814,2047476,2047120,0,1940424,1940424,0,21,ESP32/cnn_webassembly_esp32/reports/20261009T030249020912Z/report.csv,13012
A0309.raw,1,255,0,1,1,1,6197.15,2,equal,2,575.187,2047476,2047124,0,1940424,1940424,0,21,ESP32/cnn_webassembly_esp32/reports/20261009T030249020912Z/report.csv,13012
A0310.raw,1,255,0,1,1,1,6192.313,2,equal,2,552.353,2047496,2047128,0,1940424,1940424,0,21,ESP32/cnn_webassembly_esp32/reports/20261009T030249020912Z/report.csv,13012
A0311.raw,1,255,0,1,1,1,6199.617,2,equal,2,574.011,2047476,2047124,0,1940424,1940424,0,21,ESP32/cnn_webassembly_esp32/reports/20261009T030249020912Z/report.csv,13012
A0312.raw,1,255,0,1,1,1,6199.82,2,equal,2,571.764,2047476,2047124,0,1940424,1940424,0,21,ESP32/cnn_webassembly_esp32/reports/20261009T030249020912Z/report.csv,13012
A0313.raw,1,255,0,1,1,1,6194.053,2,equal,2,549.813,2047496,2047128,0,1940424,1940424,0,21,ESP32/cnn_webassembly_esp32/reports/20261009T030249020912Z/report.csv,13012
A0314.raw,1,255,0,1,1,1,6200.399,2,equal,2,596.553,2047476,2047128,0,1940424,1940424,0,21,ESP32/cnn_webassembly_esp32/reports/20261009T030249020912Z/report.csv,13012
A0315.raw,1,255,0,1,1,1,6201.334,2,equal,2,741.185,2047476,2047116,0,1940424,1940424,0,21,ESP32/cnn_webassembly_esp32/reports/20261009T030249020912Z/report.csv,13012
A0316.raw,1,255,0,1,1,1,6200.957,2,equal,2,542.546,2047496,2047124,0,1940424,1940424,0,21,ESP32/cnn_webassembly_esp32/reports/20261009T030249020912Z/report.csv,13012
A0317.raw,1,255,0,1,1,1,6194.29,2,equal,2,566.470,2047476,2047112,0,1940424,1940424,0,21,ESP32/cnn_webassembly_esp32/reports/20261009T030249020912Z/report.csv,13012
A0318.raw,1,255,0,1,1,1,6193.406,2,equal,2,559.542,2047476,2047112,0,1940424,1940424,0,21,ESP32/cnn_webassembly_esp32/reports/20261009T030249020912Z/report.csv,13012
A0319.raw,1,255,0,1,1,1,6190.641,2,equal,2,557.973,2047496,2047124,0,1940424,1940424,0,21,ESP32/cnn_webassembly_esp32/reports/20261009T030249020912Z/report.csv,13012
A0320.raw,1,255,0,1,1,1,6194.554,2,equal,2,559.023,2047476,2047124,0,1940424,1940424,0,21,ESP32/cnn_webassembly_esp32/reports/20261009T030249020912Z/report.csv,13012
A0321.raw,1,255,0,1,1,1,6193.498,2,equal,2,540.830,2047476,2047124,0,1940424,1940424,0,21,ESP32/cnn_webassembly_esp32/reports/20261009T030249020912Z/report.csv,13012
A0322.raw,1,255,0,1,1,1,6201.714,2,equal,2,549.578,2047496,2047128,0,1940424,1940424,0,21,ESP32/cnn_webassembly_esp32/reports/20261009T030249020912Z/report.csv,13012
A0323.raw,1,255,0,1,1,1,6202.283,2,equal,2,582.936,2047476,2047128,0,1940424,1940424,0,21,ESP32/cnn_webassembly_esp32/reports/20261009T030249020912Z/report.csv,13012
A0324.raw,1,255,0,1,1,1,6197.273,2,equal,2,592.680,2047476,2047124,0,1940424,1940424,0,21,ESP32/cnn_webassembly_esp32/reports/20261009T030249020912Z/report.csv,13012
A0325.raw,1,255,0,1,1,1,6193.796,2,equal,2,586.056,2047496,2047120,0,1940424,1940424,0,21,ESP32/cnn_webassembly_esp32/reports/20261009T030249020912Z/report.csv,13012
A0326.raw,1,255,0,1,1,1,6201.68,2,equal,2,571.462,2047236,2047124,0,1940424,1940424,0,21,ESP32/cnn_webassembly_esp32/reports/20261009T030249020912Z/report.csv,13012
A0327.raw,1,255,0,1,1,1,6196.927,2,equal,2,623.253,2047024,2046904,0,1940424,1940424,0,21,ESP32/cnn_webassembly_esp32/reports/20261009T030249020912Z/report.csv,13012
A0328.raw,1,255,0,1,1,1,6202.961,2,equal,2,596.154,2046812,2046692,0,1940424,1940424,0,21,ESP32/cnn_webassembly_esp32/reports/20261009T030249020912Z/report.csv,13012
A0329.raw,1,255,0,1,1,1,6206.605,2,equal,2,623.944,2046600,2046484,0,1940424,1940424,0,21,ESP32/cnn_webassembly_esp32/reports/20261009T030249020912Z/report.csv,13012
A0330.raw,1,255,0,1,1,1,6198.292,2,equal,2,593.387,2046388,2046268,0,1940424,1940424,0,21,ESP32/cnn_webassembly_esp32/reports/20261009T030249020912Z/report.csv,13012
A0331.raw,1,255,0,1,1,1,6198.762,2,equal,2,566.672,2046176,2046060,0,1940424,1940424,0,21,ESP32/cnn_webassembly_esp32/reports/20261009T030249020912Z/report.csv,13012
A0332.raw,1,255,0,1,1,1,6204.178,2,equal,2,550.595,2045964,2045844,0,1940424,1940424,0,21,ESP32/cnn_webassembly_esp32/reports/20261009T030249020912Z/report.csv,13012
A0333.raw,1,255,0,1,1,1,6198.714,2,equal,2,881.590,2045680,2045560,0,1940424,1940424,0,21,ESP32/cnn_webassembly_esp32/reports/20261009T030249020912Z/report.csv,13012
A0334.raw,1,255,0,1,1,1,6197.679,2,equal,2,537.702,2045468,2045344,0,1940424,1940424,0,21,ESP32/cnn_webassembly_esp32/reports/20261009T030249020912Z/report.csv,13012
A0335.raw,1,255,0,1,1,1,6200.812,2,equal,2,521.761,2045256,2045136,0,1940424,1940424,0,21,ESP32/cnn_webassembly_esp32/reports/20261009T030249020912Z/report.csv,13012
A0336.raw,1,255,0,1,1,1,6198.855,2,equal,2,581.946,2045044,2044924,0,1940424,1940424,0,21,ESP32/cnn_webassembly_esp32/reports/20261009T030249020912Z/report.csv,13012
A0337.raw,1,255,0,1,1,1,6199.416,2,equal,2,555.991,2044832,2044712,0,1940424,1940424,0,21,ESP32/cnn_webassembly_esp32/reports/20261009T030249020912Z/report.csv,13012
A0338.raw,1,255,0,1,1,1,6198.387,2,equal,2,565.991,2044620,2044504,0,1940424,1940424,0,21,ESP32/cnn_webassembly_esp32/reports/20261009T030249020912Z/report.csv,13012
A0339.raw,1,255,0,1,1,1,6196.954,2,equal,2,634.444,2044408,2044288,0,1940424,1940424,0,21,ESP32/cnn_webassembly_esp32/reports/20261009T030249020912Z/report.csv,13012
A0340.raw,1,255,0,1,1,1,6199.426,2,equal,2,542.269,2044196,2044080,0,1940424,1940424,0,21,ESP32/cnn_webassembly_esp32/reports/20261009T030249020912Z/report.csv,13012
A0341.raw,1,255,0,1,1,1,6202.864,2,equal,2,695.929,2043984,2043864,0,1940424,1940424,0,21,ESP32/cnn_webassembly_esp32/reports/20261009T030249020912Z/report.csv,13012
A0342.raw,1,255,0,1,1,1,6195.957,2,equal,2,532.251,2043772,2043652,0,1940424,1940424,0,21,ESP32/cnn_webassembly_esp32/reports/20261009T030249020912Z/report.csv,13012
A0343.raw,1,255,0,1,1,1,6203.824,2,equal,2,604.782,2043772,2043432,0,1940424,1940424,0,21,ESP32/cnn_webassembly_esp32/reports/20261009T030249020912Z/report.csv,13012
A0344.raw,1,255,0,1,1,1,6205.404,2,equal,2,602.671,2043772,2043440,0,1940424,1940424,0,21,ESP32/cnn_webassembly_esp32/reports/20261009T030249020912Z/report.csv,13012
A0345.raw,1,255,0,1,1,1,6193.566,2,equal,2,694.817,2043772,2043444,0,1940424,1940424,0,21,ESP32/cnn_webassembly_esp32/reports/20261009T030249020912Z/report.csv,13012
A0346.raw,1,255,0,1,1,1,6201.803,2,equal,2,548.335,2043772,2043440,0,1940424,1940424,0,21,ESP32/cnn_webassembly_esp32/reports/20261009T030249020912Z/report.csv,13012
A0347.raw,1,255,0,1,1,1,6199.346,2,equal,2,574.465,2043772,2043440,0,1940424,1940424,0,21,ESP32/cnn_webassembly_esp32/reports/20261009T030249020912Z/report.csv,13012
A0348.raw,1,255,0,1,1,1,6207.799,2,equal,2,543.208,2043772,2043440,0,1940424,1940424,0,21,ESP32/cnn_webassembly_esp32/reports/20261009T030249020912Z/report.csv,13012
A0349.raw,1,255,0,1,1,1,6196.975,2,equal,2,557.604,2043772,2043432,0,1940424,1940424,0,21,ESP32/cnn_webassembly_esp32/reports/20261009T030249020912Z/report.csv,13012
A0350.raw,1,255,0,1,1,1,6198.89,2,equal,2,555.621,2043772,2043444,0,1940424,1940424,0,21,ESP32/cnn_webassembly_esp32/reports/20261009T030249020912Z/report.csv,13012
A0352.raw,1,255,0,1,1,1,6192.692,2,equal,2,550.906,2043772,2043444,0,1940424,1940424,0,21,ESP32/cnn_webassembly_esp32/reports/20261009T030249020912Z/report.csv,13012
A0353.raw,1,255,0,1,1,1,6190.57,2,equal,2,590.725,2043772,2043440,0,1940424,1940424,0,21,ESP32/cnn_webassembly_esp32/reports/20261009T030249020912Z/report.csv,13012
A0354.raw,1,255,0,1,1,1,6198.326,2,equal,2,544.383,2043772,2043440,0,1940424,1940424,0,21,ESP32/cnn_webassembly_esp32/reports/20261009T030249020912Z/report.csv,13012
A0355.raw,1,255,0,1,1,1,6195.818,2,equal,2,593.643,2043772,2043440,0,1940424,1940424,0,21,ESP32/cnn_webassembly_esp32/reports/20261009T030249020912Z/report.csv,13012
A0356.raw,1,255,0,1,1,1,6200.231,2,equal,2,561.410,2043772,2043440,0,1940424,1940424,0,21,ESP32/cnn_webassembly_esp32/reports/20261009T030249020912Z/report.csv,13012
A0357.raw,1,255,0,1,1,1,6197.811,2,equal,2,625.412,2043772,2043440,0,1940424,1940424,0,21,ESP32/cnn_webassembly_esp32/reports/20261009T030249020912Z/report.csv,13012
A0358.raw,1,255,0,1,1,1,6195.688,2,equal,2,543.484,2043772,2043440,0,1940424,1940424,0,21,ESP32/cnn_webassembly_esp32/reports/20261009T030249020912Z/report.csv,13012
A0359.raw,1,255,0,1,1,1,6198.313,2,equal,2,576.598,2043772,2043440,0,1940424,1940424,0,21,ESP32/cnn_webassembly_esp32/reports/20261009T030249020912Z/report.csv,13012
A0360.raw,1,255,0,1,1,1,6196.373,2,equal,2,525.847,2043772,2043440,0,1940424,1940424,0,21,ESP32/cnn_webassembly_esp32/reports/20261009T030249020912Z/report.csv,13012
A0361.raw,1,255,0,1,1,1,6196.038,2,equal,2,556.600,2043772,2043440,0,1940424,1940424,0,21,ESP32/cnn_webassembly_esp32/reports/20261009T030249020912Z/report.csv,13012
A0362.raw,1,255,0,1,1,1,6201.38,2,equal,2,570.516,2043772,2043444,0,1940424,1940424,0,21,ESP32/cnn_webassembly_esp32/reports/20261009T030249020912Z/report.csv,13012
A0363.raw,1,255,0,1,1,1,6196.494,2,equal,2,543.488,2043772,2043444,0,1940424,1940424,0,21,ESP32/cnn_webassembly_esp32/reports/20261009T030249020912Z/report.csv,13012
A0364.raw,1,255,0,1,1,1,6195.043,2,equal,2,526.003,2011004,2010676,0,1907656,1907656,0,21,ESP32/cnn_webassembly_esp32/reports/20261009T030249020912Z/report.csv,13012
A0365.raw,1,255,0,1,1,1,6198.722,2,equal,2,549.643,2011004,2010672,0,1907656,1907656,0,21,ESP32/cnn_webassembly_esp32/reports/20261009T030249020912Z/report.csv,13012
A0366.raw,1,255,0,1,1,1,6193.439,2,equal,2,567.229,2011004,2010672,0,1907656,1907656,0,21,ESP32/cnn_webassembly_esp32/reports/20261009T030249020912Z/report.csv,13012
A0367.raw,1,255,0,1,1,1,6199.591,2,equal,2,558.595,2011004,2010672,0,1907656,1907656,0,21,ESP32/cnn_webassembly_esp32/reports/20261009T030249020912Z/report.csv,13012
A0368.raw,1,255,0,1,1,1,6192.977,2,equal,2,588.422,2011004,2010676,0,1907656,1907656,0,21,ESP32/cnn_webassembly_esp32/reports/20261009T030249020912Z/report.csv,13012
A0369.raw,1,255,0,1,1,1,6201.831,2,equal,2,579.762,2011000,2010672,0,1907656,1907656,0,21,ESP32/cnn_webassembly_esp32/reports/20261009T030249020912Z/report.csv,13012
A0370.raw,1,255,0,1,1,1,6194.285,2,equal,2,552.291,2011000,2010672,0,1907656,1907656,0,21,ESP32/cnn_webassembly_esp32/reports/20261009T030249020912Z/report.csv,13012
A0371.raw,1,255,0,1,1,1,6197.911,2,equal,2,559.567,2011028,2010672,0,1907656,1907656,0,21,ESP32/cnn_webassembly_esp32/reports/20261009T030249020912Z/report.csv,13012
A0372.raw,1,255,0,1,1,1,6194.828,2,equal,2,561.455,2011000,2010676,0,1907656,1907656,0,21,ESP32/cnn_webassembly_esp32/reports/20261009T030249020912Z/report.csv,13012
A0373.raw,1,255,0,1,1,1,6198.973,2,equal,2,547.392,2011000,2010664,0,1907656,1907656,0,21,ESP32/cnn_webassembly_esp32/reports/20261009T030249020912Z/report.csv,13012
A0374.raw,1,255,0,1,1,1,6196.92,2,equal,2,544.262,2011000,2010668,0,1907656,1907656,0,21,ESP32/cnn_webassembly_esp32/reports/20261009T030249020912Z/report.csv,13012
A0376.raw,1,255,0,1,1,1,6200.887,2,equal,2,556.882,2011000,2010668,0,1907656,1907656,0,21,ESP32/cnn_webassembly_esp32/reports/20261009T030249020912Z/report.csv,13012
A0377.raw,1,255,0,1,1,1,6200.352,2,equal,2,563.016,2011000,2010668,0,1907656,1907656,0,21,ESP32/cnn_webassembly_esp32/reports/20261009T030249020912Z/report.csv,13012
A0378.raw,1,255,0,1,1,1,6195.275,2,equal,2,600.639,2011000,2010668,0,1907656,1907656,0,21,ESP32/cnn_webassembly_esp32/reports/20261009T030249020912Z/report.csv,13012
A0379.raw,1,255,0,1,1,1,6198.965,2,equal,2,572.195,2011000,2010668,0,1907656,1907656,0,21,ESP32/cnn_webassembly_esp32/reports/20261009T030249020912Z/report.csv,13012
A0380.raw,1,255,0,1,1,1,6200.106,2,equal,2,535.257,2011000,2010672,0,1907656,1907656,0,21,ESP32/cnn_webassembly_esp32/reports/20261009T030249020912Z/report.csv,13012
A0381.raw,1,255,0,1,1,1,6199.283,2,equal,2,605.461,2011000,2010672,0,1907656,1907656,0,21,ESP32/cnn_webassembly_esp32/reports/20261009T030249020912Z/report.csv,13012
A0382.raw,1,255,0,1,1,1,6197.663,2,equal,2,623.043,2011000,2010668,0,1907656,1907656,0,21,ESP32/cnn_webassembly_esp32/reports/20261009T030249020912Z/report.csv,13012
A0383.raw,1,255,0,1,1,1,6195.137,2,equal,2,543.752,2011000,2010660,0,1907656,1907656,0,21,ESP32/cnn_webassembly_esp32/reports/20261009T030249020912Z/report.csv,13012
A0384.raw,1,255,0,1,1,1,6194.352,2,equal,2,558.524,2011000,2010668,0,1907656,1907656,0,21,ESP32/cnn_webassembly_esp32/reports/20261009T030249020912Z/report.csv,13012
A0385.raw,1,255,0,1,1,1,6197.467,2,equal,2,537.929,2011000,2010672,0,1907656,1907656,0,21,ESP32/cnn_webassembly_esp32/reports/20261009T030249020912Z/report.csv,13012
A0386.raw,1,255,0,1,1,1,6192.41,2,equal,2,574.930,2011000,2010672,0,1907656,1907656,0,21,ESP32/cnn_webassembly_esp32/reports/20261009T030249020912Z/report.csv,13012
A0387.raw,1,255,0,1,1,1,6194.866,2,equal,2,556.778,2011004,2010672,0,1907656,1907656,0,21,ESP32/cnn_webassembly_esp32/reports/20261009T030249020912Z/report.csv,13012
A0388.raw,1,255,0,1,1,1,6203.193,2,equal,2,540.004,2011004,2010668,0,1907656,1907656,0,21,ESP32/cnn_webassembly_esp32/reports/20261009T030249020912Z/report.csv,13012
A0389.raw,1,255,0,1,1,1,6205.309,2,equal,2,579.819,2011004,2010676,0,1907656,1907656,0,21,ESP32/cnn_webassembly_esp32/reports/20261009T030249020912Z/report.csv,13012
A0390.raw,1,255,0,1,1,1,6191.789,2,equal,2,529.913,2011004,2010664,0,1907656,1907656,0,21,ESP32/cnn_webassembly_esp32/reports/20261009T030249020912Z/report.csv,13012
A0391.raw,1,255,0,1,1,1,6201.093,2,equal,2,564.246,2011004,2010672,0,1907656,1907656,0,21,ESP32/cnn_webassembly_esp32/reports/20261009T030249020912Z/report.csv,13012
A0392.raw,1,255,0,1,1,1,6203.691,2,equal,2,576.068,2011004,2010680,0,1907656,1907656,0,21,ESP32/cnn_webassembly_esp32/reports/20261009T030249020912Z/report.csv,13012
A0393.raw,1,255,0,1,1,1,6201.589,2,equal,2,537.888,2011004,2010680,0,1907656,1907656,0,21,ESP32/cnn_webassembly_esp32/reports/20261009T030249020912Z/report.csv,13012
A0394.raw,1,255,0,1,1,1,6200.15,2,equal,2,524.067,2011004,2010676,0,1907656,1907656,0,21,ESP32/cnn_webassembly_esp32/reports/20261009T030249020912Z/report.csv,13012
A0395.raw,1,255,0,1,1,1,6201.323,2,equal,2,594.418,2011004,2010676,0,1907656,1907656,0,21,ESP32/cnn_webassembly_esp32/reports/20261009T030249020912Z/report.csv,13012
A0396.raw,1,255,0,1,1,1,6201.089,2,equal,2,588.396,2011004,2010676,0,1907656,1907656,0,21,ESP32/cnn_webassembly_esp32/reports/20261009T030249020912Z/report.csv,13012
A0397.raw,1,255,0,1,1,1,6197.833,2,equal,2,546.686,2011004,2010680,0,1907656,1907656,0,21,ESP32/cnn_webassembly_esp32/reports/20261009T030249020912Z/report.csv,13012
A0398.raw,1,255,0,1,1,1,6202.486,2,equal,2,505.945,2011004,2010676,0,1907656,1907656,0,21,ESP32/cnn_webassembly_esp32/reports/20261009T030249020912Z/report.csv,13012
A0399.raw,1,255,0,1,1,1,6197.729,2,equal,2,1968.803,2011008,2010676,0,1907656,1907656,0,21,ESP32/cnn_webassembly_esp32/reports/20261009T030249020912Z/report.csv,13012
A0400.raw,1,255,0,1,1,1,6199.967,2,equal,2,556.169,2011008,2010680,0,1907656,1907656,0,21,ESP32/cnn_webassembly_esp32/reports/20261009T030249020912Z/report.csv,13012
A0401.raw,1,255,0,1,1,1,6200.554,2,equal,2,588.738,2011008,2010680,0,1907656,1907656,0,21,ESP32/cnn_webassembly_esp32/reports/20261009T030249020912Z/report.csv,13012
A0402.raw,1,255,0,1,1,1,6198.468,2,equal,2,546.261,2011004,2010668,0,1907656,1907656,0,21,ESP32/cnn_webassembly_esp32/reports/20261009T030249020912Z/report.csv,13012
A0403.raw,1,255,0,1,1,1,6202.178,2,equal,2,614.128,2011004,2010672,0,1907656,1907656,0,21,ESP32/cnn_webassembly_esp32/reports/20261009T030249020912Z/report.csv,13012
A0404.raw,1,255,0,1,1,1,6195.43,2,equal,2,549.064,2011004,2010676,0,1907656,1907656,0,21,ESP32/cnn_webassembly_esp32/reports/20261009T030249020912Z/report.csv,13012
A0405.raw,1,255,0,1,1,1,6198.898,2,equal,2,555.679,2011004,2010676,0,1907656,1907656,0,21,ESP32/cnn_webassembly_esp32/reports/20261009T030249020912Z/report.csv,13012
A0406.raw,1,255,0,1,1,1,6198.68,2,equal,2,569.108,2011004,2010676,0,1907656,1907656,0,21,ESP32/cnn_webassembly_esp32/reports/20261009T030249020912Z/report.csv,13012
A0407.raw,1,255,0,1,1,1,6196.568,2,equal,2,546.300,2011004,2010676,0,1907656,1907656,0,21,ESP32/cnn_webassembly_esp32/reports/20261009T030249020912Z/report.csv,13012
A0408.raw,1,255,0,1,1,1,6200.998,2,equal,2,550.725,2011004,2010668,0,1907656,1907656,0,21,ESP32/cnn_webassembly_esp32/reports/20261009T030249020912Z/report.csv,13012
A0409.raw,1,255,0,1,1,1,6196.97,2,equal,2,561.791,2011004,2010676,0,1907656,1907656,0,21,ESP32/cnn_webassembly_esp32/reports/20261009T030249020912Z/report.csv,13012
A0410.raw,1,255,0,1,1,1,6202.378,2,equal,2,538.908,2011004,2010672,0,1907656,1907656,0,21,ESP32/cnn_webassembly_esp32/reports/20261009T030249020912Z/report.csv,13012
A0411.raw,1,255,0,1,1,1,6198.247,2,equal,2,541.785,2011004,2010672,0,1907656,1907656,0,21,ESP32/cnn_webassembly_esp32/reports/20261009T030249020912Z/report.csv,13012
A0412.raw,1,255,0,1,1,1,6195.656,2,equal,2,610.688,2011004,2010672,0,1907656,1907656,0,21,ESP32/cnn_webassembly_esp32/reports/20261009T030249020912Z/report.csv,13012
A0413.raw,1,255,0,1,1,1,6197.783,2,equal,2,570.549,2011004,2010672,0,1907656,1907656,0,21,ESP32/cnn_webassembly_esp32/reports/20261009T030249020912Z/report.csv,13012
A0414.raw,1,255,0,1,1,1,6195.944,2,equal,2,545.213,2011004,2010672,0,1907656,1907656,0,21,ESP32/cnn_webassembly_esp32/reports/20261009T030249020912Z/report.csv,13012
A0415.raw,1,255,0,1,1,1,6199.486,2,equal,2,578.455,2011008,2010676,0,1907656,1907656,0,21,ESP32/cnn_webassembly_esp32/reports/20261009T030249020912Z/report.csv,13012
A0416.raw,1,255,0,1,1,1,6200.126,2,equal,2,557.262,2011008,2010672,0,1907656,1907656,0,21,ESP32/cnn_webassembly_esp32/reports/20261009T030249020912Z/report.csv,13012
A0417.raw,1,255,0,1,1,1,6199.424,2,equal,2,539.365,2011032,2010704,0,1907656,1907656,0,21,ESP32/cnn_webassembly_esp32/reports/20261009T030249020912Z/report.csv,13012
A0418.raw,1,255,0,1,1,1,6194.718,2,equal,2,541.245,2011012,2010684,0,1907656,1907656,0,21,ESP32/cnn_webassembly_esp32/reports/20261009T030249020912Z/report.csv,13012
A0419.raw,1,255,0,1,1,1,6190.78,2,equal,2,547.251,2011012,2010680,0,1907656,1907656,0,21,ESP32/cnn_webassembly_esp32/reports/20261009T030249020912Z/report.csv,13012
A0420.raw,1,255,0,1,1,1,6194.026,2,equal,2,556.218,2011012,2010672,0,1907656,1907656,0,21,ESP32/cnn_webassembly_esp32/reports/20261009T030249020912Z/report.csv,13012
A0421.raw,1,255,0,1,1,1,6200.999,2,equal,2,553.895,2011012,2010672,0,1907656,1907656,0,21,ESP32/cnn_webassembly_esp32/reports/20261009T030249020912Z/report.csv,13012
A0422.raw,1,255,0,1,1,1,6197.036,2,equal,2,530.657,2011012,2010680,0,1907656,1907656,0,21,ESP32/cnn_webassembly_esp32/reports/20261009T030249020912Z/report.csv,13012
A0423.raw,1,255,0,1,1,1,6198.377,2,equal,2,546.837,2011012,2010680,0,1907656,1907656,0,21,ESP32/cnn_webassembly_esp32/reports/20261009T030249020912Z/report.csv,13012
A0424.raw,1,255,0,1,1,1,6202.508,2,equal,2,604.101,2011012,2010684,0,1907656,1907656,0,21,ESP32/cnn_webassembly_esp32/reports/20261009T030249020912Z/report.csv,13012
A0425.raw,1,255,0,1,1,1,6207.509,2,equal,2,579.427,2011012,2010680,0,1907656,1907656,0,21,ESP32/cnn_webassembly_esp32/reports/20261009T030249020912Z/report.csv,13012
A0426.raw,1,255,0,1,1,1,6195.269,2,equal,2,595.124,2011012,2010680,0,1907656,1907656,0,21,ESP32/cnn_webassembly_esp32/reports/20261009T030249020912Z/report.csv,13012
A0427.raw,1,255,0,1,1,1,6202.886,2,equal,2,551.634,2011008,2010680,0,1907656,1907656,0,21,ESP32/cnn_webassembly_esp32/reports/20261009T030249020912Z/report.csv,13012
A0428.raw,1,255,0,1,1,1,6198.676,2,equal,2,639.117,2011008,2010680,0,1907656,1907656,0,21,ESP32/cnn_webassembly_esp32/reports/20261009T030249020912Z/report.csv,13012
A0429.raw,1,255,0,1,1,1,6193.842,2,equal,2,537.123,2011008,2010676,0,1907656,1907656,0,21,ESP32/cnn_webassembly_esp32/reports/20261009T030249020912Z/report.csv,13012
A0430.raw,1,255,0,1,1,1,6192.343,2,equal,2,530.317,2011008,2010676,0,1907656,1907656,0,21,ESP32/cnn_webassembly_esp32/reports/20261009T030249020912Z/report.csv,13012
A0431.raw,1,255,0,1,1,1,6200.491,2,equal,2,521.795,2011008,2010676,0,1907656,1907656,0,21,ESP32/cnn_webassembly_esp32/reports/20261009T030249020912Z/report.csv,13012
A0432.raw,1,255,0,1,1,1,6197.062,2,equal,2,558.799,2011008,2010676,0,1907656,1907656,0,21,ESP32/cnn_webassembly_esp32/reports/20261009T030249020912Z/report.csv,13012
A0433.raw,1,255,0,1,1,1,6202.13,2,equal,2,552.293,2011008,2010676,0,1907656,1907656,0,21,ESP32/cnn_webassembly_esp32/reports/20261009T030249020912Z/report.csv,13012
A0434.raw,1,255,0,1,1,1,6204.247,2,equal,2,542.926,2011008,2010680,0,1907656,1907656,0,21,ESP32/cnn_webassembly_esp32/reports/20261009T030249020912Z/report.csv,13012
A0435.raw,1,255,0,1,1,1,6202.955,2,equal,2,550.340,2011008,2010680,0,1907656,1907656,0,21,ESP32/cnn_webassembly_esp32/reports/20261009T030249020912Z/report.csv,13012
A0436.raw,1,255,0,1,1,1,6198.416,2,equal,2,581.000,2011008,2010680,0,1907656,1907656,0,21,ESP32/cnn_webassembly_esp32/reports/20261009T030249020912Z/report.csv,13012
A0437.raw,1,255,0,1,1,1,6194.662,2,equal,2,556.261,2011008,2010680,0,1907656,1907656,0,21,ESP32/cnn_webassembly_esp32/reports/20261009T030249020912Z/report.csv,13012
A0440.raw,1,255,0,1,1,1,6197.264,2,equal,2,546.044,2011008,2010680,0,1907656,1907656,0,21,ESP32/cnn_webassembly_esp32/reports/20261009T030249020912Z/report.csv,13012
A0441.raw,1,255,0,1,1,1,6199.207,2,equal,2,563.225,2011008,2010680,0,1907656,1907656,0,21,ESP32/cnn_webassembly_esp32/reports/20261009T030249020912Z/report.csv,13012
A0442.raw,1,255,0,1,1,1,6196.849,2,equal,2,542.345,2011004,2010680,0,1907656,1907656,0,21,ESP32/cnn_webassembly_esp32/reports/20261009T030249020912Z/report.csv,13012
A0443.raw,1,255,0,1,1,1,6193.221,2,equal,2,562.925,2011004,2010676,0,1907656,1907656,0,21,ESP32/cnn_webassembly_esp32/reports/20261009T030249020912Z/report.csv,13012
A0444.raw,1,255,0,1,1,1,6195.729,2,equal,2,563.400,2011004,2010676,0,1907656,1907656,0,21,ESP32/cnn_webassembly_esp32/reports/20261009T030249020912Z/report.csv,13012
A0445.raw,1,255,0,1,1,1,6188.736,2,equal,2,554.721,2011004,2010676,0,1907656,1907656,0,21,ESP32/cnn_webassembly_esp32/reports/20261009T030249020912Z/report.csv,13012
A0446.raw,1,255,0,1,1,1,6199.884,2,equal,2,572.353,2011004,2010676,0,1907656,1907656,0,21,ESP32/cnn_webassembly_esp32/reports/20261009T030249020912Z/report.csv,13012
A0447.raw,1,255,0,1,1,1,6196.591,2,equal,2,600.440,2011004,2010676,0,1907656,1907656,0,21,ESP32/cnn_webassembly_esp32/reports/20261009T030249020912Z/report.csv,13012
A0448.raw,1,255,0,1,1,1,6195.406,2,equal,2,575.237,2011008,2010672,0,1907656,1907656,0,21,ESP32/cnn_webassembly_esp32/reports/20261009T030249020912Z/report.csv,13012
A0449.raw,1,255,0,1,1,1,6196.789,2,equal,2,567.703,2011008,2010676,0,1907656,1907656,0,21,ESP32/cnn_webassembly_esp32/reports/20261009T030249020912Z/report.csv,13012
A0450.raw,1,255,0,1,1,1,6196.575,2,equal,2,545.209,2011008,2010676,0,1907656,1907656,0,21,ESP32/cnn_webassembly_esp32/reports/20261009T030249020912Z/report.csv,13012
A0451.raw,1,255,0,1,1,1,6202.769,2,equal,2,528.170,2011008,2010676,0,1907656,1907656,0,21,ESP32/cnn_webassembly_esp32/reports/20261009T030249020912Z/report.csv,13012
A0452.raw,1,255,0,1,1,1,6197.998,2,equal,2,859.542,2011008,2010676,0,1907656,1907656,0,21,ESP32/cnn_webassembly_esp32/reports/20261009T030249020912Z/report.csv,13012
A0453.raw,1,255,0,1,1,1,6198.696,2,equal,2,582.588,2011004,2010676,0,1907656,1907656,0,21,ESP32/cnn_webassembly_esp32/reports/20261009T030249020912Z/report.csv,13012
A0454.raw,1,255,0,1,1,1,6201.195,2,equal,2,512.857,2011004,2010676,0,1907656,1907656,0,21,ESP32/cnn_webassembly_esp32/reports/20261009T030249020912Z/report.csv,13012
A0455.raw,1,255,0,1,1,1,6196.64,2,equal,2,556.576,2011004,2010676,0,1907656,1907656,0,21,ESP32/cnn_webassembly_esp32/reports/20261009T030249020912Z/report.csv,13012
A0456.raw,1,255,0,1,1,1,6202.71,2,equal,2,562.818,2011004,2010676,0,1907656,1907656,0,21,ESP32/cnn_webassembly_esp32/reports/20261009T030249020912Z/report.csv,13012
A0457.raw,1,255,0,1,1,1,6199.26,2,equal,2,635.483,2011004,2010664,0,1907656,1907656,0,21,ESP32/cnn_webassembly_esp32/reports/20261009T030249020912Z/report.csv,13012
A0460.raw,1,255,0,1,1,1,6191.335,2,equal,2,615.680,2011004,2010668,0,1907656,1907656,0,21,ESP32/cnn_webassembly_esp32/reports/20261009T030249020912Z/report.csv,13012
A0461.raw,1,255,0,1,1,1,6197.093,2,equal,2,640.870,2011004,2010676,0,1907656,1907656,0,21,ESP32/cnn_webassembly_esp32/reports/20261009T030249020912Z/report.csv,13012
A0462.raw,1,255,0,1,1,1,6197.057,2,equal,2,529.434,2011004,2010676,0,1907656,1907656,0,21,ESP32/cnn_webassembly_esp32/reports/20261009T030249020912Z/report.csv,13012
A0463.raw,1,255,0,1,1,1,6201.666,2,equal,2,759.841,2011004,2010668,0,1907656,1907656,0,21,ESP32/cnn_webassembly_esp32/reports/20261009T030249020912Z/report.csv,13012
A0464.raw,1,255,0,1,1,1,6204.425,2,equal,2,578.775,2010992,2010652,0,1907656,1907656,0,21,ESP32/cnn_webassembly_esp32/reports/20261009T030249020912Z/report.csv,13012
A0465.raw,1,255,0,1,1,1,6194.542,2,equal,2,584.371,2010992,2010652,0,1907656,1907656,0,21,ESP32/cnn_webassembly_esp32/reports/20261009T030249020912Z/report.csv,13012
A0466.raw,1,255,0,1,1,1,6192.024,2,equal,2,551.946,2011016,2010664,0,1907656,1907656,0,21,ESP32/cnn_webassembly_esp32/reports/20261009T030249020912Z/report.csv,13012
A0467.raw,1,255,0,1,1,1,6200.016,2,equal,2,536.860,2011200,2010668,0,1907656,1907656,0,21,ESP32/cnn_webassembly_esp32/reports/20261009T030249020912Z/report.csv,13012
A0468.raw,1,255,0,1,1,1,6197.49,2,equal,2,537.450,2011412,2010872,0,1907656,1907656,0,21,ESP32/cnn_webassembly_esp32/reports/20261009T030249020912Z/report.csv,13012
A0469.raw,1,255,0,1,1,1,6199.301,2,equal,2,566.381,2011652,2011080,0,1907656,1907656,0,21,ESP32/cnn_webassembly_esp32/reports/20261009T030249020912Z/report.csv,13012
A0470.raw,1,255,0,1,1,1,6208.146,2,equal,2,514.196,2011836,2011292,0,1907656,1907656,0,21,ESP32/cnn_webassembly_esp32/reports/20261009T030249020912Z/report.csv,13012
A0471.raw,1,255,0,1,1,1,6202.848,2,equal,2,547.047,2012048,2011516,0,1907656,1907656,0,21,ESP32/cnn_webassembly_esp32/reports/20261009T030249020912Z/report.csv,13012
A0472.raw,1,255,0,1,1,1,6203.731,2,equal,2,540.010,2012292,2011720,0,1907656,1907656,0,21,ESP32/cnn_webassembly_esp32/reports/20261009T030249020912Z/report.csv,13012
A0473.raw,1,255,0,1,1,1,6202.274,2,equal,2,632.980,2012476,2011928,0,1907656,1907656,0,21,ESP32/cnn_webassembly_esp32/reports/20261009T030249020912Z/report.csv,13012
A0474.raw,1,255,0,1,1,1,6206.242,2,equal,2,547.696,2012688,2012148,0,1907656,1907656,0,21,ESP32/cnn_webassembly_esp32/reports/20261009T030249020912Z/report.csv,13012
A0475.raw,1,255,0,1,1,1,6204.502,2,equal,2,531.823,2012928,2012360,0,1907656,1907656,0,21,ESP32/cnn_webassembly_esp32/reports/20261009T030249020912Z/report.csv,13012
A0476.raw,1,255,0,1,1,1,6200.388,2,equal,2,562.585,2013112,2012568,0,1907656,1907656,0,21,ESP32/cnn_webassembly_esp32/reports/20261009T030249020912Z/report.csv,13012
A0477.raw,1,255,0,1,1,1,6205.588,2,equal,2,589.438,2013324,2012792,0,1907656,1907656,0,21,ESP32/cnn_webassembly_esp32/reports/20261009T030249020912Z/report.csv,13012
A0478.raw,1,255,0,1,1,1,6200.394,2,equal,2,544.892,2013564,2012996,0,1907656,1907656,0,21,ESP32/cnn_webassembly_esp32/reports/20261009T030249020912Z/report.csv,13012
A0479.raw,1,255,0,1,1,1,6193.736,2,equal,2,632.199,2013748,2013204,0,1907656,1907656,0,21,ESP32/cnn_webassembly_esp32/reports/20261009T030249020912Z/report.csv,13012
A0480.raw,1,255,0,1,1,1,6193.356,2,equal,2,520.206,2013960,2013420,0,1907656,1907656,0,21,ESP32/cnn_webassembly_esp32/reports/20261009T030249020912Z/report.csv,13012
A0481.raw,1,255,0,1,1,1,6198.619,2,equal,2,565.752,2014212,2013628,0,1907656,1907656,0,21,ESP32/cnn_webassembly_esp32/reports/20261009T030249020912Z/report.csv,13012
A0482.raw,1,255,0,1,1,1,6201.776,2,equal,2,572.711,2014396,2013864,0,1907656,1907656,0,21,ESP32/cnn_webassembly_esp32/reports/20261009T030249020912Z/report.csv,13012
A0483.raw,1,255,0,1,1,1,6194.259,2,equal,2,567.316,2014636,2014064,0,1907656,1907656,0,21,ESP32/cnn_webassembly_esp32/reports/20261009T030249020912Z/report.csv,13012
A0484.raw,1,255,0,1,1,1,6195.194,2,equal,2,571.874,2014656,2014288,0,1907656,1907656,0,21,ESP32/cnn_webassembly_esp32/reports/20261009T030249020912Z/report.csv,13012
A0485.raw,1,255,0,1,1,1,6203.377,2,equal,2,538.547,2014636,2014288,0,1907656,1907656,0,21,ESP32/cnn_webassembly_esp32/reports/20261009T030249020912Z/report.csv,13012
A0486.raw,1,255,0,1,1,1,6192.997,2,equal,2,577.443,2014636,2014284,0,1907656,1907656,0,21,ESP32/cnn_webassembly_esp32/reports/20261009T030249020912Z/report.csv,13012
A0487.raw,1,255,0,1,1,1,6192.439,2,equal,2,557.165,2014656,2014288,0,1907656,1907656,0,21,ESP32/cnn_webassembly_esp32/reports/20261009T030249020912Z/report.csv,13012
A0488.raw,1,255,0,1,1,1,6195.933,2,equal,2,581.051,2014636,2014288,0,1907656,1907656,0,21,ESP32/cnn_webassembly_esp32/reports/20261009T030249020912Z/report.csv,13012
A0489.raw,1,255,0,1,1,1,6197.182,2,equal,2,586.600,2014636,2014284,0,1907656,1907656,0,21,ESP32/cnn_webassembly_esp32/reports/20261009T030249020912Z/report.csv,13012
A0490.raw,1,255,0,1,1,1,6192.805,2,equal,2,568.205,2014656,2014280,0,1907656,1907656,0,21,ESP32/cnn_webassembly_esp32/reports/20261009T030249020912Z/report.csv,13012
A0491.raw,1,255,0,1,1,1,6197.93,2,equal,2,545.381,2014396,2014280,0,1907656,1907656,0,21,ESP32/cnn_webassembly_esp32/reports/20261009T030249020912Z/report.csv,13012
A0492.raw,1,255,0,1,1,1,6204.361,2,equal,2,546.095,2014184,2014060,0,1907656,1907656,0,21,ESP32/cnn_webassembly_esp32/reports/20261009T030249020912Z/report.csv,13012
A0493.raw,1,255,0,1,1,1,6202.09,2,equal,2,528.365,2013972,2013856,0,1907656,1907656,0,21,ESP32/cnn_webassembly_esp32/reports/20261009T030249020912Z/report.csv,13012
A0494.raw,1,255,0,1,1,1,6191.448,2,equal,2,515.775,2013760,2013644,0,1907656,1907656,0,21,ESP32/cnn_webassembly_esp32/reports/20261009T030249020912Z/report.csv,13012
A0495.raw,1,255,0,1,1,1,6195.996,2,equal,2,544.583,2013548,2013432,0,1907656,1907656,0,21,ESP32/cnn_webassembly_esp32/reports/20261009T030249020912Z/report.csv,13012
A0496.raw,1,255,0,1,1,1,6195.984,2,equal,2,595.203,2013336,2013220,0,1907656,1907656,0,21,ESP32/cnn_webassembly_esp32/reports/20261009T030249020912Z/report.csv,13012
A0497.raw,1,255,0,1,1,1,6194.597,2,equal,2,603.537,2013124,2013008,0,1907656,1907656,0,21,ESP32/cnn_webassembly_esp32/reports/20261009T030249020912Z/report.csv,13012
A0498.raw,1,255,0,1,1,1,6193.136,2,equal,2,584.546,2012912,2012796,0,1907656,1907656,0,21,ESP32/cnn_webassembly_esp32/reports/20261009T030249020912Z/report.csv,13012
A0499.raw,1,255,0,1,1,1,6199.977,2,equal,2,587.283,2012700,2012584,0,1907656,1907656,0,21,ESP32/cnn_webassembly_esp32/reports/20261009T030249020912Z/report.csv,13012
A0500.raw,1,255,0,1,1,1,6200.163,2,equal,2,569.655,2012488,2012372,0,1907656,1907656,0,21,ESP32/cnn_webassembly_esp32/reports/20261009T030249020912Z/report.csv,13012
A0501.raw,1,255,0,1,1,1,6193.077,2,equal,2,552.096,2012276,2012160,0,1907656,1907656,0,21,ESP32/cnn_webassembly_esp32/reports/20261009T030249020912Z/report.csv,13012
A0502.raw,1,255,0,1,1,1,6196.312,2,equal,2,520.916,2012064,2011948,0,1907656,1907656,0,21,ESP32/cnn_webassembly_esp32/reports/20261009T030249020912Z/report.csv,13012
A0503.raw,1,255,0,1,1,1,6203.148,2,equal,2,534.543,2011852,2011736,0,1907656,1907656,0,21,ESP32/cnn_webassembly_esp32/reports/20261009T030249020912Z/report.csv,13012
A0504.raw,1,255,0,1,1,1,6208.319,2,equal,2,565.164,2011640,2011524,0,1907656,1907656,0,21,ESP32/cnn_webassembly_esp32/reports/20261009T030249020912Z/report.csv,13012
A0505.raw,1,255,0,1,1,1,6206.585,2,equal,2,563.453,2011428,2011312,0,1907656,1907656,0,21,ESP32/cnn_webassembly_esp32/reports/20261009T030249020912Z/report.csv,13012
A0506.raw,1,255,0,1,1,1,6200.017,2,equal,2,557.688,2011216,2011096,0,1907656,1907656,0,21,ESP32/cnn_webassembly_esp32/reports/20261009T030249020912Z/report.csv,13012
A0507.raw,1,255,0,1,1,1,6202.973,2,equal,2,555.369,2011004,2010884,0,1907656,1907656,0,21,ESP32/cnn_webassembly_esp32/reports/20261009T030249020912Z/report.csv,13012
A0508.raw,1,255,0,1,1,1,6202.07,2,equal,2,570.560,2011004,2010676,0,1907656,1907656,0,21,ESP32/cnn_webassembly_esp32/reports/20261009T030249020912Z/report.csv,13012
A0509.raw,1,255,0,1,1,1,6200.996,2,equal,2,562.763,2011004,2010676,0,1907656,1907656,0,21,ESP32/cnn_webassembly_esp32/reports/20261009T030249020912Z/report.csv,13012
A0510.raw,1,255,0,1,1,1,6201.713,2,equal,2,528.095,2011004,2010676,0,1907656,1907656,0,21,ESP32/cnn_webassembly_esp32/reports/20261009T030249020912Z/report.csv,13012
A0511.raw,1,255,0,1,1,1,6199.868,2,equal,2,586.085,2011004,2010668,0,1907656,1907656,0,21,ESP32/cnn_webassembly_esp32/reports/20261009T030249020912Z/report.csv,13012
A0512.raw,1,255,0,1,1,1,6190.852,2,equal,2,515.703,2010992,2010664,0,1907656,1907656,0,21,ESP32/cnn_webassembly_esp32/reports/20261009T030249020912Z/report.csv,13012
A0513.raw,1,255,0,1,1,1,6194.871,2,equal,2,695.372,2010992,2010664,0,1907656,1907656,0,21,ESP32/cnn_webassembly_esp32/reports/20261009T030249020912Z/report.csv,13012
A0514.raw,1,255,0,1,1,1,6205.582,2,equal,2,521.917,2010992,2010660,0,1907656,1907656,0,21,ESP32/cnn_webassembly_esp32/reports/20261009T030249020912Z/report.csv,13012
A0515.raw,1,255,0,1,1,1,6198.532,2,equal,2,524.558,2010992,2010664,0,1907656,1907656,0,21,ESP32/cnn_webassembly_esp32/reports/20261009T030249020912Z/report.csv,13012
A0516.raw,1,255,0,1,1,1,6197.771,2,equal,2,544.317,2010992,2010664,0,1907656,1907656,0,21,ESP32/cnn_webassembly_esp32/reports/20261009T030249020912Z/report.csv,13012
A0517.raw,1,255,0,1,1,1,6204.02,2,equal,2,522.503,2010992,2010664,0,1907656,1907656,0,21,ESP32/cnn_webassembly_esp32/reports/20261009T030249020912Z/report.csv,13012
A0518.raw,1,255,0,1,1,1,6200.525,2,equal,2,537.627,2010984,2010656,0,1907656,1907656,0,21,ESP32/cnn_webassembly_esp32/reports/20261009T030249020912Z/report.csv,13012
A0519.raw,1,255,0,1,1,1,6195.774,2,equal,2,511.570,2010968,2010652,0,1907656,1907656,0,21,ESP32/cnn_webassembly_esp32/reports/20261009T030249020912Z/report.csv,13012
A0520.raw,1,255,0,1,1,1,6198.994,2,equal,2,524.660,2010984,2010652,0,1907656,1907656,0,21,ESP32/cnn_webassembly_esp32/reports/20261009T030249020912Z/report.csv,13012
A0521.raw,1,255,0,1,1,1,6201.624,2,equal,2,598.577,2010984,2010652,0,1907656,1907656,0,21,ESP32/cnn_webassembly_esp32/reports/20261009T030249020912Z/report.csv,13012
A0522.raw,1,255,0,1,1,1,6207.359,2,equal,2,519.197,2010984,2010656,0,1907656,1907656,0,21,ESP32/cnn_webassembly_esp32/reports/20261009T030249020912Z/report.csv,13012
A0523.raw,1,255,0,1,1,1,6199.061,2,equal,2,528.517,2010984,2010648,0,1907656,1907656,0,21,ESP32/cnn_webassembly_esp32/reports/20261009T030249020912Z/report.csv,13012
A0524.raw,1,255,0,1,1,1,6205.281,2,equal,2,535.087,2010984,2010656,0,1907656,1907656,0,21,ESP32/cnn_webassembly_esp32/reports/20261009T030249020912Z/report.csv,13012
A0525.raw,1,255,0,1,1,1,6203.382,2,equal,2,519.657,2010984,2010656,0,1907656,1907656,0,21,ESP32/cnn_webassembly_esp32/reports/20261009T030249020912Z/report.csv,13012
A0526.raw,1,255,0,1,1,1,6190.679,2,equal,2,556.891,2010984,2010652,0,1907656,1907656,0,21,ESP32/cnn_webassembly_esp32/reports/20261009T030249020912Z/report.csv,13012
A0527.raw,1,255,0,1,1,1,6193.18,2,equal,2,508.873,2010984,2010656,0,1907656,1907656,0,21,ESP32/cnn_webassembly_esp32/reports/20261009T030249020912Z/report.csv,13012
A0528.raw,1,255,0,1,1,1,6202.835,2,equal,2,495.381,2010984,2010652,0,1907656,1907656,0,21,ESP32/cnn_webassembly_esp32/reports/20261009T030249020912Z/report.csv,13012
A0529.raw,1,255,0,1,1,1,6197.638,2,equal,2,519.108,2010996,2010656,0,1907656,1907656,0,21,ESP32/cnn_webassembly_esp32/reports/20261009T030249020912Z/report.csv,13012
A0530.raw,1,255,0,1,1,1,6197.856,2,equal,2,551.638,2010996,2010660,0,1907656,1907656,0,21,ESP32/cnn_webassembly_esp32/reports/20261009T030249020912Z/report.csv,13012
A0531.raw,1,255,0,1,1,1,6196.133,2,equal,2,504.381,2010996,2010660,0,1907656,1907656,0,21,ESP32/cnn_webassembly_esp32/reports/20261009T030249020912Z/report.csv,13012
A0532.raw,1,255,0,1,1,1,6195.03,2,equal,2,520.490,2010996,2010664,0,1907656,1907656,0,21,ESP32/cnn_webassembly_esp32/reports/20261009T030249020912Z/report.csv,13012
A0533.raw,1,255,0,1,1,1,6199.037,2,equal,2,566.976,2011000,2010660,0,1907656,1907656,0,21,ESP32/cnn_webassembly_esp32/reports/20261009T030249020912Z/report.csv,13012
A0534.raw,1,255,0,1,1,1,6198.543,2,equal,2,534.619,2011000,2010664,0,1907656,1907656,0,21,ESP32/cnn_webassembly_esp32/reports/20261009T030249020912Z/report.csv,13012
A0535.raw,1,255,0,1,1,1,6199.419,2,equal,2,539.979,2011032,2010664,0,1907656,1907656,0,21,ESP32/cnn_webassembly_esp32/reports/20261009T030249020912Z/report.csv,13012
A0536.raw,1,255,0,1,1,1,6199.206,2,equal,2,554.679,2011008,2010680,0,1907656,1907656,0,21,ESP32/cnn_webassembly_esp32/reports/20261009T030249020912Z/report.csv,13012
A0537.raw,1,255,0,1,1,1,6194.787,2,equal,2,508.492,2011008,2010672,0,1907656,1907656,0,21,ESP32/cnn_webassembly_esp32/reports/20261009T030249020912Z/report.csv,13012
A0538.raw,1,255,0,1,1,1,6199.339,2,equal,2,539.628,2011008,2010672,0,1907656,1907656,0,21,ESP32/cnn_webassembly_esp32/reports/20261009T030249020912Z/report.csv,13012
A0539.raw,1,255,0,1,1,1,6195.902,2,equal,2,512.825,2011008,2010680,0,1907656,1907656,0,21,ESP32/cnn_webassembly_esp32/reports/20261009T030249020912Z/report.csv,13012
A0540.raw,1,255,0,1,1,1,6199.69,2,equal,2,507.756,2011008,2010680,0,1907656,1907656,0,21,ESP32/cnn_webassembly_esp32/reports/20261009T030249020912Z/report.csv,13012
A0541.raw,1,255,0,1,1,1,6198.75,2,equal,2,971.590,2011008,2010672,0,1907656,1907656,0,21,ESP32/cnn_webassembly_esp32/reports/20261009T030249020912Z/report.csv,13012
A0542.raw,1,255,0,1,1,1,6196.75,2,equal,2,548.080,2011008,2010680,0,1907656,1907656,0,21,ESP32/cnn_webassembly_esp32/reports/20261009T030249020912Z/report.csv,13012
A0543.raw,1,255,0,1,1,1,6201.492,2,equal,2,517.105,2011008,2010680,0,1907656,1907656,0,21,ESP32/cnn_webassembly_esp32/reports/20261009T030249020912Z/report.csv,13012
A0544.raw,1,255,0,1,1,1,6196.535,2,equal,2,533.090,2011008,2010676,0,1907656,1907656,0,21,ESP32/cnn_webassembly_esp32/reports/20261009T030249020912Z/report.csv,13012
A0545.raw,1,255,0,1,1,1,6202.914,2,equal,2,505.886,2011008,2010680,0,1907656,1907656,0,21,ESP32/cnn_webassembly_esp32/reports/20261009T030249020912Z/report.csv,13012
A0546.raw,1,255,0,1,1,1,6198.605,2,equal,2,506.971,2011008,2010684,0,1907656,1907656,0,21,ESP32/cnn_webassembly_esp32/reports/20261009T030249020912Z/report.csv,13012
A0547.raw,1,255,0,1,1,1,6191.733,2,equal,2,496.444,2011008,2010672,0,1907656,1907656,0,21,ESP32/cnn_webassembly_esp32/reports/20261009T030249020912Z/report.csv,13012
A0548.raw,1,255,0,1,1,1,6199.652,2,equal,2,513.458,2011008,2010680,0,1907656,1907656,0,21,ESP32/cnn_webassembly_esp32/reports/20261009T030249020912Z/report.csv,13012
A0549.raw,1,255,0,1,1,1,6200.105,2,equal,2,518.840,2011008,2010680,0,1907656,1907656,0,21,ESP32/cnn_webassembly_esp32/reports/20261009T030249020912Z/report.csv,13012
A0550.raw,1,255,0,1,1,1,6194.153,2,equal,2,512.596,2011004,2010684,0,1907656,1907656,0,21,ESP32/cnn_webassembly_esp32/reports/20261009T030249020912Z/report.csv,13012
A0551.raw,1,255,0,1,1,1,6194.247,2,equal,2,530.776,2011004,2010676,0,1907656,1907656,0,21,ESP32/cnn_webassembly_esp32/reports/20261009T030249020912Z/report.csv,13012
A0552.raw,1,255,0,1,1,1,6193.908,2,equal,2,737.193,2011008,2010664,0,1907656,1907656,0,21,ESP32/cnn_webassembly_esp32/reports/20261009T030249020912Z/report.csv,13012
A0553.raw,1,255,0,1,1,1,6206.067,2,equal,2,560.326,2011008,2010676,0,1907656,1907656,0,21,ESP32/cnn_webassembly_esp32/reports/20261009T030249020912Z/report.csv,13012
A0554.raw,1,255,0,1,1,1,6195.691,2,equal,2,597.070,2011000,2010668,0,1907656,1907656,0,21,ESP32/cnn_webassembly_esp32/reports/20261009T030249020912Z/report.csv,13012
A0555.raw,1,255,0,1,1,1,6203.394,2,equal,2,548.237,2011000,2010672,0,1907656,1907656,0,21,ESP32/cnn_webassembly_esp32/reports/20261009T030249020912Z/report.csv,13012
A0556.raw,1,255,0,1,1,1,6198.42,2,equal,2,574.708,2011000,2010668,0,1907656,1907656,0,21,ESP32/cnn_webassembly_esp32/reports/20261009T030249020912Z/report.csv,13012
A0557.raw,1,255,0,1,1,1,6202.139,2,equal,2,537.987,2011000,2010672,0,1907656,1907656,0,21,ESP32/cnn_webassembly_esp32/reports/20261009T030249020912Z/report.csv,13012
A0558.raw,1,255,0,1,1,1,6194.531,2,equal,2,520.747,2011000,2010672,0,1907656,1907656,0,21,ESP32/cnn_webassembly_esp32/reports/20261009T030249020912Z/report.csv,13012
A0559.raw,1,255,0,1,1,1,6200.764,2,equal,2,545.041,2011000,2010672,0,1907656,1907656,0,21,ESP32/cnn_webassembly_esp32/reports/20261009T030249020912Z/report.csv,13012
A0560.raw,1,255,0,1,1,1,6205.447,2,equal,2,542.996,2011000,2010664,0,1907656,1907656,0,21,ESP32/cnn_webassembly_esp32/reports/20261009T030249020912Z/report.csv,13012
A0561.raw,1,255,0,1,1,1,6198.968,2,equal,2,537.649,2011000,2010668,0,1907656,1907656,0,21,ESP32/cnn_webassembly_esp32/reports/20261009T030249020912Z/report.csv,13012
A0562.raw,1,255,0,1,1,1,6207.71,2,equal,2,521.495,2011000,2010672,0,1907656,1907656,0,21,ESP32/cnn_webassembly_esp32/reports/20261009T030249020912Z/report.csv,13012
A0563.raw,1,255,0,1,1,1,6201.874,2,equal,2,531.777,2011000,2010660,0,1907656,1907656,0,21,ESP32/cnn_webassembly_esp32/reports/20261009T030249020912Z/report.csv,13012
A0564.raw,1,255,0,1,1,1,6198.59,2,equal,2,555.426,2011000,2010672,0,1907656,1907656,0,21,ESP32/cnn_webassembly_esp32/reports/20261009T030249020912Z/report.csv,13012
A0565.raw,1,255,0,1,1,1,6183.162,2,equal,2,522.368,2011000,2010668,0,1907656,1907656,0,21,ESP32/cnn_webassembly_esp32/reports/20261009T030249020912Z/report.csv,13012
A0566.raw,1,255,0,1,1,1,6191.581,2,equal,2,634.834,2011000,2010672,0,1907656,1907656,0,21,ESP32/cnn_webassembly_esp32/reports/20261009T030249020912Z/report.csv,13012
A0567.raw,1,255,0,1,1,1,6201.731,2,equal,2,631.775,2011000,2010672,0,1907656,1907656,0,21,ESP32/cnn_webassembly_esp32/reports/20261009T030249020912Z/report.csv,13012
A0568.raw,1,255,0,1,1,1,6198.42,2,equal,2,512.465,2011000,2010660,0,1907656,1907656,0,21,ESP32/cnn_webassembly_esp32/reports/20261009T030249020912Z/report.csv,13012
A0569.raw,1,255,0,1,1,1,6212.067,2,equal,2,552.178,2011000,2010672,0,1907656,1907656,0,21,ESP32/cnn_webassembly_esp32/reports/20261009T030249020912Z/report.csv,13012
A0570.raw,1,255,0,1,1,1,6210.978,2,equal,2,565.477,2010992,2010672,0,1907656,1907656,0,21,ESP32/cnn_webassembly_esp32/reports/20261009T030249020912Z/report.csv,13012
A0571.raw,1,255,0,1,1,1,6213.909,2,equal,2,545.506,2011008,2010664,0,1907656,1907656,0,21,ESP32/cnn_webassembly_esp32/reports/20261009T030249020912Z/report.csv,13012
A0572.raw,1,255,0,1,1,1,6207.008,2,equal,2,512.740,2011008,2010676,0,1907656,1907656,0,21,ESP32/cnn_webassembly_esp32/reports/20261009T030249020912Z/report.csv,13012
A0573.raw,1,255,0,1,1,1,6202.798,2,equal,2,505.798,2011008,2010668,0,1907656,1907656,0,21,ESP32/cnn_webassembly_esp32/reports/20261009T030249020912Z/report.csv,13012
A0574.raw,1,255,0,1,1,1,6189.183,2,equal,2,529.833,2011008,2010680,0,1907656,1907656,0,21,ESP32/cnn_webassembly_esp32/reports/20261009T030249020912Z/report.csv,13012
A0575.raw,1,255,0,1,1,1,6197.343,2,equal,2,581.429,2011004,2010680,0,1907656,1907656,0,21,ESP32/cnn_webassembly_esp32/reports/20261009T030249020912Z/report.csv,13012
A0576.raw,1,255,0,1,1,1,6198.52,2,equal,2,515.849,2011004,2010668,0,1907656,1907656,0,21,ESP32/cnn_webassembly_esp32/reports/20261009T030249020912Z/report.csv,13012
A0577.raw,1,255,0,1,1,1,6223.538,2,equal,2,544.484,2011004,2010676,0,1907656,1907656,0,21,ESP32/cnn_webassembly_esp32/reports/20261009T030249020912Z/report.csv,13012
A0578.raw,1,255,0,1,1,1,6204.26,2,equal,2,568.675,2011004,2010676,0,1907656,1907656,0,21,ESP32/cnn_webassembly_esp32/reports/20261009T030249020912Z/report.csv,13012
A0579.raw,1,255,0,1,1,1,6196.23,2,equal,2,508.146,2011004,2010672,0,1907656,1907656,0,21,ESP32/cnn_webassembly_esp32/reports/20261009T030249020912Z/report.csv,13012
A0580.raw,1,255,0,1,1,1,6222.976,2,equal,2,537.072,2011032,2010676,0,1907656,1907656,0,21,ESP32/cnn_webassembly_esp32/reports/20261009T030249020912Z/report.csv,13012
A0581.raw,1,255,0,1,1,1,6206.764,2,equal,2,530.492,2011216,2010680,0,1907656,1907656,0,21,ESP32/cnn_webassembly_esp32/reports/20261009T030249020912Z/report.csv,13012
A0582.raw,1,255,0,1,1,1,6200.867,2,equal,2,497.533,2011428,2010876,0,1907656,1907656,0,21,ESP32/cnn_webassembly_esp32/reports/20261009T030249020912Z/report.csv,13012
A0583.raw,1,255,0,1,1,1,6200.424,2,equal,2,533.157,2011668,2011096,0,1907656,1907656,0,21,ESP32/cnn_webassembly_esp32/reports/20261009T030249020912Z/report.csv,13012
A0584.raw,1,255,0,1,1,1,6205.971,2,equal,2,486.682,2011852,2011320,0,1907656,1907656,0,21,ESP32/cnn_webassembly_esp32/reports/20261009T030249020912Z/report.csv,13012
A0585.raw,1,255,0,1,1,1,6198.805,2,equal,2,539.487,2012064,2011524,0,1907656,1907656,0,21,ESP32/cnn_webassembly_esp32/reports/20261009T030249020912Z/report.csv,13012
A0586.raw,1,255,0,1,1,1,6207.128,2,equal,2,494.924,2012304,2011736,0,1907656,1907656,0,21,ESP32/cnn_webassembly_esp32/reports/20261009T030249020912Z/report.csv,13012
A0587.raw,1,255,0,1,1,1,6194.732,2,equal,2,551.629,2012488,2011956,0,1907656,1907656,0,21,ESP32/cnn_webassembly_esp32/reports/20261009T030249020912Z/report.csv,13012
A0588.raw,1,255,0,1,1,1,6196.06,2,equal,2,556.964,2012700,2012164,0,1907656,1907656,0,21,ESP32/cnn_webassembly_esp32/reports/20261009T030249020912Z/report.csv,13012
A0589.raw,1,255,0,1,1,1,6200.988,2,equal,2,498.919,2012940,2012372,0,1907656,1907656,0,21,ESP32/cnn_webassembly_esp32/reports/20261009T030249020912Z/report.csv,13012
A0590.raw,1,255,0,1,1,1,6199.222,2,equal,2,548.881,2013124,2012592,0,1907656,1907656,0,21,ESP32/cnn_webassembly_esp32/reports/20261009T030249020912Z/report.csv,13012
A0591.raw,1,255,0,1,1,1,6200.116,2,equal,2,558.262,2013336,2012796,0,1907656,1907656,0,21,ESP32/cnn_webassembly_esp32/reports/20261009T030249020912Z/report.csv,13012
A0592.raw,1,255,0,1,1,1,6196.938,2,equal,2,572.076,2013576,2013008,0,1907656,1907656,0,21,ESP32/cnn_webassembly_esp32/reports/20261009T030249020912Z/report.csv,13012
A0593.raw,1,255,0,1,1,1,6206.431,2,equal,2,675.120,2013760,2013228,0,1907656,1907656,0,21,ESP32/cnn_webassembly_esp32/reports/20261009T030249020912Z/report.csv,13012
A0594.raw,1,255,0,1,1,1,6196.099,2,equal,2,525.869,2013972,2013432,0,1907656,1907656,0,21,ESP32/cnn_webassembly_esp32/reports/20261009T030249020912Z/report.csv,13012
A0595.raw,1,255,0,1,1,1,6199.462,2,equal,2,523.009,2014212,2013636,0,1907656,1907656,0,21,ESP32/cnn_webassembly_esp32/reports/20261009T030249020912Z/report.csv,13012
A0596.raw,1,255,0,1,1,1,6195.891,2,equal,2,581.187,2014396,2013864,0,1907656,1907656,0,21,ESP32/cnn_webassembly_esp32/reports/20261009T030249020912Z/report.csv,13012
A0597.raw,1,255,0,1,1,1,6191.488,2,equal,2,558.846,2014636,2014060,0,1907656,1907656,0,21,ESP32/cnn_webassembly_esp32/reports/20261009T030249020912Z/report.csv,13012
A0598.raw,1,255,0,1,1,1,6207.95,2,equal,2,549.389,2014656,2014280,0,1907656,1907656,0,21,ESP32/cnn_webassembly_esp32/reports/20261009T030249020912Z/report.csv,13012
A0599.raw,1,255,0,1,1,1,6194.369,2,equal,2,544.011,2014636,2014288,0,1907656,1907656,0,21,ESP32/cnn_webassembly_esp32/reports/20261009T030249020912Z/report.csv,13012
A0600.raw,1,255,0,1,1,1,6195.139,2,equal,2,925.691,2014636,2014280,0,1907656,1907656,0,21,ESP32/cnn_webassembly_esp32/reports/20261009T030249020912Z/report.csv,13012
A0601.raw,1,255,0,1,1,1,6193.878,2,equal,2,809.267,2014656,2014284,0,1907656,1907656,0,21,ESP32/cnn_webassembly_esp32/reports/20261009T030249020912Z/report.csv,13012
A0602.raw,1,255,0,1,1,1,6187.755,2,equal,2,986.462,2014636,2014288,0,1907656,1907656,0,21,ESP32/cnn_webassembly_esp32/reports/20261009T030249020912Z/report.csv,13012
A0603.raw,1,255,0,1,1,1,6207.451,2,equal,2,941.848,2014636,2014284,0,1907656,1907656,0,21,ESP32/cnn_webassembly_esp32/reports/20261009T030249020912Z/report.csv,13012
A0604.raw,1,255,0,1,1,1,6197.546,2,equal,2,860.565,2014656,2014280,0,1907656,1907656,0,21,ESP32/cnn_webassembly_esp32/reports/20261009T030249020912Z/report.csv,13012
A0605.raw,1,255,0,1,1,1,6202.469,2,equal,2,863.973,2014636,2014288,0,1907656,1907656,0,21,ESP32/cnn_webassembly_esp32/reports/20261009T030249020912Z/report.csv,13012
A0606.raw,1,255,0,1,1,1,6219.17,2,equal,2,947.281,2014636,2014288,0,1907656,1907656,0,21,ESP32/cnn_webassembly_esp32/reports/20261009T030249020912Z/report.csv,13012
A0607.raw,1,255,0,1,1,1,6207.587,2,equal,2,805.799,2014656,2014288,0,1907656,1907656,0,21,ESP32/cnn_webassembly_esp32/reports/20261009T030249020912Z/report.csv,13012
A0608.raw,1,255,0,1,1,1,6197.223,2,equal,2,960.488,2014636,2014288,0,1907656,1907656,0,21,ESP32/cnn_webassembly_esp32/reports/20261009T030249020912Z/report.csv,13012
A0609.raw,1,255,0,1,1,1,6199.675,2,equal,2,948.068,2014636,2014288,0,1907656,1907656,0,21,ESP32/cnn_webassembly_esp32/reports/20261009T030249020912Z/report.csv,13012
A0610.raw,1,255,0,1,1,1,6208.68,2,equal,2,964.856,2014656,2014284,0,1907656,1907656,0,21,ESP32/cnn_webassembly_esp32/reports/20261009T030249020912Z/report.csv,13012
A0611.raw,1,255,0,1,1,1,6205.687,2,equal,2,900.362,2014636,2014288,0,1907656,1907656,0,21,ESP32/cnn_webassembly_esp32/reports/20261009T030249020912Z/report.csv,13012
A0612.raw,1,255,0,1,1,1,6201.946,2,equal,2,829.282,2014636,2014288,0,1907656,1907656,0,21,ESP32/cnn_webassembly_esp32/reports/20261009T030249020912Z/report.csv,13012
A0613.raw,1,255,0,1,1,1,6197.003,2,equal,2,542.190,2014656,2014284,0,1907656,1907656,0,21,ESP32/cnn_webassembly_esp32/reports/20261009T030249020912Z/report.csv,13012
A0614.raw,1,255,0,1,1,1,6189.169,2,equal,2,563.618,2014636,2014288,0,1907656,1907656,0,21,ESP32/cnn_webassembly_esp32/reports/20261009T030249020912Z/report.csv,13012
A0615.raw,1,255,0,1,1,1,6190.901,2,equal,2,528.746,2014636,2014288,0,1907656,1907656,0,21,ESP32/cnn_webassembly_esp32/reports/20261009T030249020912Z/report.csv,13012
A0616.raw,1,255,0,1,1,1,6198.675,2,equal,2,531.360,2014656,2014288,0,1907656,1907656,0,21,ESP32/cnn_webassembly_esp32/reports/20261009T030249020912Z/report.csv,13012
A0617.raw,1,255,0,1,1,1,6189.977,2,equal,2,643.847,2014636,2014288,0,1907656,1907656,0,21,ESP32/cnn_webassembly_esp32/reports/20261009T030249020912Z/report.csv,13012
A0618.raw,1,255,0,1,1,1,6196.539,2,equal,2,648.203,2014636,2014288,0,1907656,1907656,0,21,ESP32/cnn_webassembly_esp32/reports/20261009T030249020912Z/report.csv,13012
A0619.raw,1,255,0,1,1,1,6194.161,2,equal,2,583.472,2014656,2014280,0,1907656,1907656,0,21,ESP32/cnn_webassembly_esp32/reports/20261009T030249020912Z/report.csv,13012
A0620.raw,1,255,0,1,1,1,6193.317,2,equal,2,592.263,2014636,2014288,0,1907656,1907656,0,21,ESP32/cnn_webassembly_esp32/reports/20261009T030249020912Z/report.csv,13012
A0621.raw,1,255,0,1,1,1,6192.342,2,equal,2,652.325,2014636,2014280,0,1907656,1907656,0,21,ESP32/cnn_webassembly_esp32/reports/20261009T030249020912Z/report.csv,13012
A0622.raw,1,255,0,1,1,1,6200.147,2,equal,2,585.873,2014656,2014288,0,1907656,1907656,0,21,ESP32/cnn_webassembly_esp32/reports/20261009T030249020912Z/report.csv,13012
A0623.raw,1,255,0,1,1,1,6199.13,2,equal,2,672.102,2014636,2014284,0,1907656,1907656,0,21,ESP32/cnn_webassembly_esp32/reports/20261009T030249020912Z/report.csv,13012
A0624.raw,1,255,0,1,1,1,6196.312,2,equal,2,522.508,2014636,2014260,0,1907656,1907656,0,21,ESP32/cnn_webassembly_esp32/reports/20261009T030249020912Z/report.csv,13012
A0625.raw,1,255,0,1,1,1,6198.244,2,equal,2,567.343,2014656,2014288,0,1907656,1907656,0,21,ESP32/cnn_webassembly_esp32/reports/20261009T030249020912Z/report.csv,13012
A0626.raw,1,255,0,1,1,1,6203.311,2,equal,2,553.638,2014636,2014288,0,1907656,1907656,0,21,ESP32/cnn_webassembly_esp32/reports/20261009T030249020912Z/report.csv,13012
A0627.raw,1,255,0,1,1,1,6192.802,2,equal,2,730.222,2014636,2014284,0,1907656,1907656,0,21,ESP32/cnn_webassembly_esp32/reports/20261009T030249020912Z/report.csv,13012
A0628.raw,1,255,0,1,1,1,6198.555,2,equal,2,566.492,2014656,2014288,0,1907656,1907656,0,21,ESP32/cnn_webassembly_esp32/reports/20261009T030249020912Z/report.csv,13012
A0629.raw,1,255,0,1,1,1,6226.452,2,equal,2,730.287,2014636,2014288,0,1907656,1907656,0,21,ESP32/cnn_webassembly_esp32/reports/20261009T030249020912Z/report.csv,13012
A0630.raw,1,255,0,1,1,1,6210.261,2,equal,2,843.995,2014636,2014288,0,1907656,1907656,0,21,ESP32/cnn_webassembly_esp32/reports/20261009T030249020912Z/report.csv,13012
A0631.raw,1,255,0,1,1,1,6190.883,2,equal,2,699.603,2014656,2014288,0,1907656,1907656,0,21,ESP32/cnn_webassembly_esp32/reports/20261009T030249020912Z/report.csv,13012
A0632.raw,1,255,0,1,1,1,6197.376,2,equal,2,635.768,2014636,2014288,0,1907656,1907656,0,21,ESP32/cnn_webassembly_esp32/reports/20261009T030249020912Z/report.csv,13012
A0633.raw,1,255,0,1,1,1,6187.379,2,equal,2,657.571,2014636,2014280,0,1907656,1907656,0,21,ESP32/cnn_webassembly_esp32/reports/20261009T030249020912Z/report.csv,13012
A0634.raw,1,255,0,1,1,1,6197.467,2,equal,2,747.056,2014656,2014272,0,1907656,1907656,0,21,ESP32/cnn_webassembly_esp32/reports/20261009T030249020912Z/report.csv,13012
A0635.raw,1,255,0,1,1,1,6187.161,2,equal,2,556.626,2014636,2014288,0,1907656,1907656,0,21,ESP32/cnn_webassembly_esp32/reports/20261009T030249020912Z/report.csv,13012
A0636.raw,1,255,0,1,1,1,6198.487,2,equal,2,590.539,2014636,2014280,0,1907656,1907656,0,21,ESP32/cnn_webassembly_esp32/reports/20261009T030249020912Z/report.csv,13012
A0637.raw,1,255,0,1,1,1,6195.175,2,equal,2,596.537,2014656,2014288,0,1907656,1907656,0,21,ESP32/cnn_webassembly_esp32/reports/20261009T030249020912Z/report.csv,13012
A0638.raw,1,255,0,1,1,1,6191.878,2,equal,2,722.145,2014636,2014288,0,1907656,1907656,0,21,ESP32/cnn_webassembly_esp32/reports/20261009T030249020912Z/report.csv,13012
A0639.raw,1,255,0,1,1,1,6197.164,2,equal,2,627.019,2014636,2014280,0,1907656,1907656,0,21,ESP32/cnn_webassembly_esp32/reports/20261009T030249020912Z/report.csv,13012
A0640.raw,1,255,0,1,1,1,6205.178,2,equal,2,678.143,2014656,2014284,0,1907656,1907656,0,21,ESP32/cnn_webassembly_esp32/reports/20261009T030249020912Z/report.csv,13012
A0641.raw,1,255,0,1,1,1,6208.58,2,equal,2,714.184,2014636,2014280,0,1907656,1907656,0,21,ESP32/cnn_webassembly_esp32/reports/20261009T030249020912Z/report.csv,13012
A0642.raw,1,255,0,1,1,1,6201.74,2,equal,2,719.798,2014636,2014280,0,1907656,1907656,0,21,ESP32/cnn_webassembly_esp32/reports/20261009T030249020912Z/report.csv,13012
A0643.raw,1,255,0,1,1,1,6202.785,2,equal,2,552.356,2014656,2014284,0,1907656,1907656,0,21,ESP32/cnn_webassembly_esp32/reports/20261009T030249020912Z/report.csv,13012
A0644.raw,1,255,0,1,1,1,6211.558,2,equal,2,536.008,2014636,2014288,0,1907656,1907656,0,21,ESP32/cnn_webassembly_esp32/reports/20261009T030249020912Z/report.csv,13012
A0645.raw,1,255,0,1,1,1,6206.871,2,equal,2,619.687,2014636,2014284,0,1907656,1907656,0,21,ESP32/cnn_webassembly_esp32/reports/20261009T030249020912Z/report.csv,13012
A0646.raw,1,255,0,1,1,1,6210.51,2,equal,2,823.722,2014656,2014280,0,1907656,1907656,0,21,ESP32/cnn_webassembly_esp32/reports/20261009T030249020912Z/report.csv,13012
A0647.raw,1,255,0,1,1,1,6210.451,2,equal,2,626.383,2014636,2014288,0,1907656,1907656,0,21,ESP32/cnn_webassembly_esp32/reports/20261009T030249020912Z/report.csv,13012
A0648.raw,1,255,0,1,1,1,6201.498,2,equal,2,539.566,2014636,2014284,0,1907656,1907656,0,21,ESP32/cnn_webassembly_esp32/reports/20261009T030249020912Z/report.csv,13012
A0649.raw,1,255,0,1,1,1,6197.836,2,equal,2,833.001,2014656,2014280,0,1907656,1907656,0,21,ESP32/cnn_webassembly_esp32/reports/20261009T030249020912Z/report.csv,13012
A0650.raw,1,255,0,1,1,1,6204.193,2,equal,2,627.623,2014636,2014288,0,1907656,1907656,0,21,ESP32/cnn_webassembly_esp32/reports/20261009T030249020912Z/report.csv,13012
A0651.raw,1,255,0,1,1,1,6207.364,2,equal,2,748.612,2014636,2014288,0,1907656,1907656,0,21,ESP32/cnn_webassembly_esp32/reports/20261009T030249020912Z/report.csv,13012
A0652.raw,1,255,0,1,1,1,6206.1,2,equal,2,582.433,2014656,2014280,0,1907656,1907656,0,21,ESP32/cnn_webassembly_esp32/reports/20261009T030249020912Z/report.csv,13012
A0653.raw,1,255,0,1,1,1,6200.238,2,equal,2,532.175,2014636,2014280,0,1907656,1907656,0,21,ESP32/cnn_webassembly_esp32/reports/20261009T030249020912Z/report.csv,13012
A0654.raw,1,255,0,1,1,1,6201.392,2,equal,2,681.258,2014636,2014288,0,1907656,1907656,0,21,ESP32/cnn_webassembly_esp32/reports/20261009T030249020912Z/report.csv,13012
A0655.raw,1,255,0,1,1,1,6197.564,2,equal,2,704.527,2014656,2014276,0,1907656,1907656,0,21,ESP32/cnn_webassembly_esp32/reports/20261009T030249020912Z/report.csv,13012
A0656.raw,1,255,0,1,1,1,6199.872,2,equal,2,537.264,2014636,2014288,0,1907656,1907656,0,21,ESP32/cnn_webassembly_esp32/reports/20261009T030249020912Z/report.csv,13012
A0657.raw,1,255,0,1,1,1,6194.465,2,equal,2,672.004,2014636,2014280,0,1907656,1907656,0,21,ESP32/cnn_webassembly_esp32/reports/20261009T030249020912Z/report.csv,13012
A0658.raw,1,255,0,1,1,1,6197.432,2,equal,2,542.841,2014656,2014280,0,1907656,1907656,0,21,ESP32/cnn_webassembly_esp32/reports/20261009T030249020912Z/report.csv,13012
A0659.raw,1,255,0,1,1,1,6192.85,2,equal,2,536.888,2014636,2014280,0,1907656,1907656,0,21,ESP32/cnn_webassembly_esp32/reports/20261009T030249020912Z/report.csv,13012
A0660.raw,1,255,0,1,1,1,6198.23,2,equal,2,648.255,2014636,2014280,0,1907656,1907656,0,21,ESP32/cnn_webassembly_esp32/reports/20261009T030249020912Z/report.csv,13012
A0661.raw,1,255,0,1,1,1,6196.329,2,equal,2,561.513,2014656,2014276,0,1907656,1907656,0,21,ESP32/cnn_webassembly_esp32/reports/20261009T030249020912Z/report.csv,13012
A0662.raw,1,255,0,1,1,1,6205.103,2,equal,2,742.561,2014636,2014288,0,1907656,1907656,0,21,ESP32/cnn_webassembly_esp32/reports/20261009T030249020912Z/report.csv,13012
A0663.raw,1,255,0,1,1,1,6188.253,2,equal,2,551.251,2014636,2014276,0,1907656,1907656,0,21,ESP32/cnn_webassembly_esp32/reports/20261009T030249020912Z/report.csv,13012
A0664.raw,1,255,0,1,1,1,6196.276,2,equal,2,944.441,2014656,2014288,0,1907656,1907656,0,21,ESP32/cnn_webassembly_esp32/reports/20261009T030249020912Z/report.csv,13012
A0665.raw,1,255,0,1,1,1,6195.198,2,equal,2,614.285,2014636,2014288,0,1907656,1907656,0,21,ESP32/cnn_webassembly_esp32/reports/20261009T030249020912Z/report.csv,12996
A0666.raw,1,255,0,1,1,1,6201.098,2,equal,2,662.837,2014636,2014284,0,1907656,1907656,0,21,ESP32/cnn_webassembly_esp32/reports/20261009T030249020912Z/report.csv,12996
A0667.raw,1,255,0,1,1,1,6196.264,2,equal,2,516.975,2014656,2014288,0,1907656,1907656,0,21,ESP32/cnn_webassembly_esp32/reports/20261009T030249020912Z/report.csv,12996
A0668.raw,1,255,0,1,1,1,6192.695,2,equal,2,571.343,2014636,2014280,0,1907656,1907656,0,21,ESP32/cnn_webassembly_esp32/reports/20261009T030249020912Z/report.csv,12996
A0669.raw,1,255,0,1,1,1,6200.752,2,equal,2,758.755,2014636,2014288,0,1907656,1907656,0,21,ESP32/cnn_webassembly_esp32/reports/20261009T030249020912Z/report.csv,12996
A0670.raw,1,255,0,1,1,1,6196.15,2,equal,2,946.814,2014656,2014284,0,1907656,1907656,0,21,ESP32/cnn_webassembly_esp32/reports/20261009T030249020912Z/report.csv,12996
A0671.raw,1,255,0,1,1,1,6193.881,2,equal,2,561.646,2014636,2014288,0,1907656,1907656,0,21,ESP32/cnn_webassembly_esp32/reports/20261009T030249020912Z/report.csv,12996
A0672.raw,1,255,0,1,1,1,6197.845,2,equal,2,508.470,2014636,2014288,0,1907656,1907656,0,21,ESP32/cnn_webassembly_esp32/reports/20261009T030249020912Z/report.csv,12996
A0673.raw,1,255,0,1,1,1,6196.587,2,equal,2,522.989,2014656,2014284,0,1907656,1907656,0,21,ESP32/cnn_webassembly_esp32/reports/20261009T030249020912Z/report.csv,12996
A0674.raw,1,255,0,1,1,1,6197.399,2,equal,2,544.349,2014636,2014288,0,1907656,1907656,0,21,ESP32/cnn_webassembly_esp32/reports/20261009T030249020912Z/report.csv,12996
A0675.raw,1,255,0,1,1,1,6197.293,2,equal,2,990.948,2014636,2014276,0,1907656,1907656,0,21,ESP32/cnn_webassembly_esp32/reports/20261009T030249020912Z/report.csv,12996
A0676.raw,1,255,0,1,1,1,6201.783,2,equal,2,538.868,2014656,2014276,0,1907656,1907656,0,21,ESP32/cnn_webassembly_esp32/reports/20261009T030249020912Z/report.csv,12996
A0677.raw,1,255,0,1,1,1,6197.211,2,equal,2,486.777,2014636,2014288,0,1907656,1907656,0,21,ESP32/cnn_webassembly_esp32/reports/20261009T030249020912Z/report.csv,12996
A0678.raw,1,255,0,1,1,1,6194.546,2,equal,2,465.503,2014636,2014284,0,1907656,1907656,0,21,ESP32/cnn_webassembly_esp32/reports/20261009T030249020912Z/report.csv,12996
A0679.raw,1,255,0,1,1,1,6202.428,2,equal,2,495.986,2014656,2014284,0,1907656,1907656,0,21,ESP32/cnn_webassembly_esp32/reports/20261009T030249020912Z/report.csv,12996
A0680.raw,1,255,0,1,1,1,6202.384,2,equal,2,556.106,2014636,2014288,0,1907656,1907656,0,21,ESP32/cnn_webassembly_esp32/reports/20261009T030249020912Z/report.csv,12996
A0681.raw,1,255,0,1,1,1,6197.353,2,equal,2,1293.361,2014636,2014276,0,1907656,1907656,0,21,ESP32/cnn_webassembly_esp32/reports/20261009T030249020912Z/report.csv,12996
A0682.raw,1,255,0,1,1,1,6203.759,2,equal,2,1449.622,2014656,2014284,0,1907656,1907656,0,21,ESP32/cnn_webassembly_esp32/reports/20261009T030249020912Z/report.csv,12996
A0683.raw,1,255,0,1,1,1,6205.549,2,equal,2,1425.960,2014636,2014288,0,1907656,1907656,0,21,ESP32/cnn_webassembly_esp32/reports/20261009T030249020912Z/report.csv,12996
A0684.raw,1,255,0,1,1,1,6200.196,2,equal,2,547.555,2014636,2014280,0,1907656,1907656,0,21,ESP32/cnn_webassembly_esp32/reports/20261009T030249020912Z/report.csv,12996
A0685.raw,1,255,0,1,1,1,6191.115,2,equal,2,539.623,2014656,2014288,0,1907656,1907656,0,21,ESP32/cnn_webassembly_esp32/reports/20261009T030249020912Z/report.csv,12996
A0686.raw,1,255,0,1,1,1,6196.158,2,equal,2,529.437,2014396,2014280,0,1907656,1907656,0,21,ESP32/cnn_webassembly_esp32/reports/20261009T030249020912Z/report.csv,12996
A0687.raw,1,255,0,1,1,1,6203.477,2,equal,2,494.622,2014184,2014064,0,1907656,1907656,0,21,ESP32/cnn_webassembly_esp32/reports/20261009T030249020912Z/report.csv,12996
A0688.raw,1,255,0,1,1,1,6191.764,2,equal,2,989.975,2013972,2013860,0,1907656,1907656,0,21,ESP32/cnn_webassembly_esp32/reports/20261009T030249020912Z/report.csv,12996
A0689.raw,1,255,0,1,1,1,6194.344,2,equal,2,1286.802,2013760,2013632,0,1907656,1907656,0,21,ESP32/cnn_webassembly_esp32/reports/20261009T030249020912Z/report.csv,12996
A0690.raw,1,255,0,1,1,1,6189.879,2,equal,2,811.542,2013548,2013432,0,1907656,1907656,0,21,ESP32/cnn_webassembly_esp32/reports/20261009T030249020912Z/report.csv,12996
A0691.raw,1,255,0,1,1,1,6197.916,2,equal,2,534.716,2013336,2013216,0,1907656,1907656,0,21,ESP32/cnn_webassembly_esp32/reports/20261009T030249020912Z/report.csv,12996
A0692.raw,1,255,0,1,1,1,6198.129,2,equal,2,547.573,2013124,2013008,0,1907656,1907656,0,21,ESP32/cnn_webassembly_esp32/reports/20261009T030249020912Z/report.csv,12996
A0693.raw,1,255,0,1,1,1,6195.73,2,equal,2,2097.234,2012912,2012796,0,1907656,1907656,0,21,ESP32/cnn_webassembly_esp32/reports/20261009T030249020912Z/report.csv,12996
A0694.raw,1,255,0,1,1,1,6200.543,2,equal,2,563.705,2012700,2012584,0,1907656,1907656,0,21,ESP32/cnn_webassembly_esp32/reports/20261009T030249020912Z/report.csv,12996
A0695.raw,1,255,0,1,1,1,6189.074,2,equal,2,2124.308,2012488,2012372,0,1907656,1907656,0,21,ESP32/cnn_webassembly_esp32/reports/20261009T030249020912Z/report.csv,12996
A0696.raw,1,255,0,1,1,1,6201.405,2,equal,2,911.599,2012276,2012160,0,1907656,1907656,0,21,ESP32/cnn_webassembly_esp32/reports/20261009T030249020912Z/report.csv,12996
A0697.raw,1,255,0,1,1,1,6192.13,2,equal,2,619.248,2012064,2011948,0,1907656,1907656,0,21,ESP32/cnn_webassembly_esp32/reports/20261009T030249020912Z/report.csv,12996
A0698.raw,1,255,0,1,1,1,6197.031,2,equal,2,1126.939,2011852,2011736,0,1907656,1907656,0,21,ESP32/cnn_webassembly_esp32/reports/20261009T030249020912Z/report.csv,12996
A0699.raw,1,255,0,1,1,1,6193.919,2,equal,2,902.792,2011640,2011524,0,1907656,1907656,0,21,ESP32/cnn_webassembly_esp32/reports/20261009T030249020912Z/report.csv,12996
A0700.raw,1,255,0,1,1,1,6190.748,2,equal,2,554.761,2011428,2011312,0,1907656,1907656,0,21,ESP32/cnn_webassembly_esp32/reports/20261009T030249020912Z/report.csv,12996
A0701.raw,1,255,0,1,1,1,6198.554,2,equal,2,661.844,2011216,2011100,0,1907656,1907656,0,21,ESP32/cnn_webassembly_esp32/reports/20261009T030249020912Z/report.csv,12996
A0702.raw,1,255,0,1,1,1,6190.207,2,equal,2,649.738,2011216,2010888,0,1907656,1907656,0,21,ESP32/cnn_webassembly_esp32/reports/20261009T030249020912Z/report.csv,12996
A0703.raw,1,255,0,1,1,1,6200.245,2,equal,2,518.011,2011216,2010888,0,1907656,1907656,0,21,ESP32/cnn_webassembly_esp32/reports/20261009T030249020912Z/report.csv,12996
A0704.raw,1,255,0,1,1,1,6196.489,2,equal,2,1072.785,2011216,2010888,0,1907656,1907656,0,21,ESP32/cnn_webassembly_esp32/reports/20261009T030249020912Z/report.csv,12996
A0705.raw,1,255,0,1,1,1,6196.686,2,equal,2,1179.483,2011216,2010888,0,1907656,1907656,0,21,ESP32/cnn_webassembly_esp32/reports/20261009T030249020912Z/report.csv,12996
A0706.raw,1,255,0,1,1,1,6192.973,2,equal,2,1190.914,2011224,2010884,0,1907656,1907656,0,21,ESP32/cnn_webassembly_esp32/reports/20261009T030249020912Z/report.csv,12996
A0707.raw,1,255,0,1,1,1,6194.537,2,equal,2,531.734,2011216,2010892,0,1907656,1907656,0,21,ESP32/cnn_webassembly_esp32/reports/20261009T030249020912Z/report.csv,12996
A0708.raw,1,255,0,1,1,1,6186.586,2,equal,2,518.993,2011216,2010888,0,1907656,1907656,0,21,ESP32/cnn_webassembly_esp32/reports/20261009T030249020912Z/report.csv,12996
A0709.raw,1,255,0,1,1,1,6190.887,2,equal,2,538.131,2011004,2010888,0,1907656,1907656,0,21,ESP32/cnn_webassembly_esp32/reports/20261009T030249020912Z/report.csv,12996
A0710.raw,1,255,0,1,1,1,6189.179,2,equal,2,536.394,2011004,2010676,0,1907656,1907656,0,21,ESP32/cnn_webassembly_esp32/reports/20261009T030249020912Z/report.csv,12996
A0711.raw,1,255,0,1,1,1,6198.706,2,equal,2,957.835,2011004,2010884,0,1907656,1907656,0,21,ESP32/cnn_webassembly_esp32/reports/20261009T030249020912Z/report.csv,12996
A0712.raw,1,255,0,1,1,1,6199.39,2,equal,2,844.949,2011004,2010672,0,1907656,1907656,0,21,ESP32/cnn_webassembly_esp32/reports/20261009T030249020912Z/report.csv,12996
A0713.raw,1,255,0,1,1,1,6188.502,2,equal,2,530.291,2011004,2010672,0,1907656,1907656,0,21,ESP32/cnn_webassembly_esp32/reports/20261009T030249020912Z/report.csv,12996
A0714.raw,1,255,0,1,1,1,6200.739,2,equal,2,575.872,2011004,2010680,0,1907656,1907656,0,21,ESP32/cnn_webassembly_esp32/reports/20261009T030249020912Z/report.csv,12996
A0715.raw,1,255,0,1,1,1,6200.241,2,equal,2,508.013,2011004,2010672,0,1907656,1907656,0,21,ESP32/cnn_webassembly_esp32/reports/20261009T030249020912Z/report.csv,12996
A0716.raw,1,255,0,1,1,1,6194.3,2,equal,2,541.177,2011004,2010676,0,1907656,1907656,0,21,ESP32/cnn_webassembly_esp32/reports/20261009T030249020912Z/report.csv,12996
A0717.raw,1,255,0,1,1,1,6196.332,2,equal,2,480.093,2011004,2010676,0,1907656,1907656,0,21,ESP32/cnn_webassembly_esp32/reports/20261009T030249020912Z/report.csv,12996
A0718.raw,1,255,0,1,1,1,6206.147,2,equal,2,2375.745,2011004,2010680,0,1907656,1907656,0,21,ESP32/cnn_webassembly_esp32/reports/20261009T030249020912Z/report.csv,12996
A0719.raw,1,255,0,1,1,1,6195.475,2,equal,2,607.407,2011004,2010676,0,1907656,1907656,0,21,ESP32/cnn_webassembly_esp32/reports/20261009T030249020912Z/report.csv,12996
A0720.raw,1,255,0,1,1,1,6191.478,2,equal,2,538.984,2011004,2010676,0,1907656,1907656,0,21,ESP32/cnn_webassembly_esp32/reports/20261009T030249020912Z/report.csv,12996
A0721.raw,1,255,0,1,1,1,6196.472,2,equal,2,501.453,2011004,2010676,0,1907656,1907656,0,21,ESP32/cnn_webassembly_esp32/reports/20261009T030249020912Z/report.csv,12996
A0722.raw,1,255,0,1,1,1,6197.216,2,equal,2,514.533,2011004,2010680,0,1907656,1907656,0,21,ESP32/cnn_webassembly_esp32/reports/20261009T030249020912Z/report.csv,12996
A0723.raw,1,255,0,1,1,1,6195.016,2,equal,2,517.038,2011004,2010676,0,1907656,1907656,0,21,ESP32/cnn_webassembly_esp32/reports/20261009T030249020912Z/report.csv,12996
A0724.raw,1,255,0,1,1,1,6204.761,2,equal,2,530.467,2011004,2010676,0,1907656,1907656,0,21,ESP32/cnn_webassembly_esp32/reports/20261009T030249020912Z/report.csv,12996
A0725.raw,1,255,0,1,1,1,6193.758,2,equal,2,1170.716,1945468,1945136,0,1842120,1842120,0,21,ESP32/cnn_webassembly_esp32/reports/20261009T030249020912Z/report.csv,12996
A0726.raw,1,255,0,1,1,1,6200.909,2,equal,2,1741.717,1945468,1945132,0,1842120,1842120,0,21,ESP32/cnn_webassembly_esp32/reports/20261009T030249020912Z/report.csv,12996
A0727.raw,1,255,0,1,1,1,6198.565,2,equal,2,727.056,1945468,1945136,0,1842120,1842120,0,21,ESP32/cnn_webassembly_esp32/reports/20261009T030249020912Z/report.csv,12996
A0728.raw,1,255,0,1,1,1,6186.698,2,equal,2,523.533,1945496,1945136,0,1842120,1842120,0,21,ESP32/cnn_webassembly_esp32/reports/20261009T030249020912Z/report.csv,12996
A0729.raw,1,255,0,1,1,1,6196.745,2,equal,2,552.778,1945680,1945136,0,1842120,1842120,0,21,ESP32/cnn_webassembly_esp32/reports/20261009T030249020912Z/report.csv,12996
A0730.raw,1,255,0,1,1,1,6195.401,2,equal,2,498.922,1945892,1945344,0,1842120,1842120,0,21,ESP32/cnn_webassembly_esp32/reports/20261009T030249020912Z/report.csv,12996
A0731.raw,1,255,0,1,1,1,6200.518,2,equal,2,493.813,1946132,1945560,0,1842120,1842120,0,21,ESP32/cnn_webassembly_esp32/reports/20261009T030249020912Z/report.csv,12996
A0732.raw,1,255,0,1,1,1,6193.168,2,equal,2,1253.648,1946316,1945772,0,1842120,1842120,0,21,ESP32/cnn_webassembly_esp32/reports/20261009T030249020912Z/report.csv,12996
A0733.raw,1,255,0,1,1,1,6198.576,2,equal,2,499.652,1946528,1945984,0,1842120,1842120,0,21,ESP32/cnn_webassembly_esp32/reports/20261009T030249020912Z/report.csv,12996
A0734.raw,1,255,0,1,1,1,6197.786,2,equal,2,581.606,1946768,1946184,0,1842120,1842120,0,21,ESP32/cnn_webassembly_esp32/reports/20261009T030249020912Z/report.csv,12996
A0735.raw,1,255,0,1,1,1,6197.218,2,equal,2,570.582,1946952,1946416,0,1842120,1842120,0,21,ESP32/cnn_webassembly_esp32/reports/20261009T030249020912Z/report.csv,12996
A0736.raw,1,255,0,1,1,1,6186.191,2,equal,2,517.500,1947164,1946620,0,1842120,1842120,0,21,ESP32/cnn_webassembly_esp32/reports/20261009T030249020912Z/report.csv,12996
A0737.raw,1,255,0,1,1,1,6196.432,2,equal,2,523.483,1947404,1946832,0,1842120,1842120,0,21,ESP32/cnn_webassembly_esp32/reports/20261009T030249020912Z/report.csv,12996
A0738.raw,1,255,0,1,1,1,6193.843,2,equal,2,1614.874,1947588,1947052,0,1842120,1842120,0,21,ESP32/cnn_webassembly_esp32/reports/20261009T030249020912Z/report.csv,12996
A0739.raw,1,255,0,1,1,1,6187.424,2,equal,2,507.780,1947800,1947260,0,1842120,1842120,0,21,ESP32/cnn_webassembly_esp32/reports/20261009T030249020912Z/report.csv,12996
A0740.raw,1,255,0,1,1,1,6181.743,2,equal,2,839.951,1948040,1947472,0,1842120,1842120,0,21,ESP32/cnn_webassembly_esp32/reports/20261009T030249020912Z/report.csv,12996
A0741.raw,1,255,0,1,1,1,6189.446,2,equal,2,818.011,1948224,1947692,0,1842120,1842120,0,21,ESP32/cnn_webassembly_esp32/reports/20261009T030249020912Z/report.csv,12996
A0742.raw,1,255,0,1,1,1,6203.17,2,equal,2,570.801,1948436,1947896,0,1842120,1842120,0,21,ESP32/cnn_webassembly_esp32/reports/20261009T030249020912Z/report.csv,12996
A0743.raw,1,255,0,1,1,1,6208.939,2,equal,2,1062.293,1948676,1948108,0,1842120,1842120,0,21,ESP32/cnn_webassembly_esp32/reports/20261009T030249020912Z/report.csv,12996
A0744.raw,1,255,0,1,1,1,6193.579,2,equal,2,1467.626,1948860,1948328,0,1842120,1842120,0,21,ESP32/cnn_webassembly_esp32/reports/20261009T030249020912Z/report.csv,12996
A0745.raw,1,255,0,1,1,1,6198.963,2,equal,2,520.808,1949100,1948532,0,1842120,1842120,0,21,ESP32/cnn_webassembly_esp32/reports/20261009T030249020912Z/report.csv,12996
A0746.raw,1,255,0,1,1,1,6196.905,2,equal,2,504.718,1949120,1948744,0,1842120,1842120,0,21,ESP32/cnn_webassembly_esp32/reports/20261009T030249020912Z/report.csv,12996
A0747.raw,1,255,0,1,1,1,6188.485,2,equal,2,500.911,1949100,1948752,0,1842120,1842120,0,21,ESP32/cnn_webassembly_esp32/reports/20261009T030249020912Z/report.csv,12996
A0748.raw,1,255,0,1,1,1,6195.64,2,equal,2,495.694,1949100,1948736,0,1842120,1842120,0,21,ESP32/cnn_webassembly_esp32/reports/20261009T030249020912Z/report.csv,12996
A0749.raw,1,255,0,1,1,1,6201.251,2,equal,2,1456.518,1949120,1948752,0,1842120,1842120,0,21,ESP32/cnn_webassembly_esp32/reports/20261009T030249020912Z/report.csv,12996
A0750.raw,1,255,0,1,1,1,6199.596,2,equal,2,855.197,1949100,1948748,0,1842120,1842120,0,21,ESP32/cnn_webassembly_esp32/reports/20261009T030249020912Z/report.csv,12996
A0751.raw,1,255,0,1,1,1,6191.878,2,equal,2,513.886,1949100,1948744,0,1842120,1842120,0,21,ESP32/cnn_webassembly_esp32/reports/20261009T030249020912Z/report.csv,12996
A0752.raw,1,255,0,1,1,1,6192.188,2,equal,2,529.147,1949120,1948744,0,1842120,1842120,0,21,ESP32/cnn_webassembly_esp32/reports/20261009T030249020912Z/report.csv,12996
A0753.raw,1,255,0,1,1,1,6180.887,2,equal,2,533.288,1949100,1948752,0,1842120,1842120,0,21,ESP32/cnn_webassembly_esp32/reports/20261009T030249020912Z/report.csv,12996
A0754.raw,1,255,0,1,1,1,6187.28,2,equal,2,533.008,1949100,1948748,0,1842120,1842120,0,21,ESP32/cnn_webassembly_esp32/reports/20261009T030249020912Z/report.csv,12996
A0755.raw,1,255,0,1,1,1,6180.503,2,equal,2,864.113,1949120,1948748,0,1842120,1842120,0,21,ESP32/cnn_webassembly_esp32/reports/20261009T030249020912Z/report.csv,12996
A0756.raw,1,255,0,1,1,1,6186.213,2,equal,2,2007.118,1949100,1948752,0,1842120,1842120,0,21,ESP32/cnn_webassembly_esp32/reports/20261009T030249020912Z/report.csv,12996
A0757.raw,1,255,0,1,1,1,6183.744,2,equal,2,1351.889,1949100,1948740,0,1842120,1842120,0,21,ESP32/cnn_webassembly_esp32/reports/20261009T030249020912Z/report.csv,12996
A0758.raw,1,255,0,1,1,1,6190.095,2,equal,2,826.885,1949120,1948748,0,1842120,1842120,0,21,ESP32/cnn_webassembly_esp32/reports/20261009T030249020912Z/report.csv,12996
A0759.raw,1,255,0,1,1,1,6183.263,2,equal,2,863.439,1949100,1948752,0,1842120,1842120,0,21,ESP32/cnn_webassembly_esp32/reports/20261009T030249020912Z/report.csv,12996
A0760.raw,1,255,0,1,1,1,6175.48,2,equal,2,977.249,1949100,1948744,0,1842120,1842120,0,21,ESP32/cnn_webassembly_esp32/reports/20261009T030249020912Z/report.csv,12996
A0761.raw,1,255,0,1,1,1,6182.767,2,equal,2,865.935,1949120,1948748,0,1842120,1842120,0,21,ESP32/cnn_webassembly_esp32/reports/20261009T030249020912Z/report.csv,12996
A0762.raw,1,255,0,1,1,1,6191.119,2,equal,2,1458.819,1949100,1948752,0,1842120,1842120,0,21,ESP32/cnn_webassembly_esp32/reports/20261009T030249020912Z/report.csv,12996
A0763.raw,1,255,0,1,1,1,6175.676,2,equal,2,2110.379,1949100,1948752,0,1842120,1842120,0,21,ESP32/cnn_webassembly_esp32/reports/20261009T030249020912Z/report.csv,12996
A0764.raw,1,255,0,1,1,1,6187.62,2,equal,2,919.840,1949120,1948744,0,1842120,1842120,0,21,ESP32/cnn_webassembly_esp32/reports/20261009T030249020912Z/report.csv,12996
A0765.raw,1,255,0,1,1,1,6186.575,2,equal,2,898.277,1949100,1948744,0,1842120,1842120,0,21,ESP32/cnn_webassembly_esp32/reports/20261009T030249020912Z/report.csv,12996
A0766.raw,1,255,0,1,1,1,6198.492,2,equal,2,918.354,1949100,1948748,0,1842120,1842120,0,21,ESP32/cnn_webassembly_esp32/reports/20261009T030249020912Z/report.csv,12996
A0767.raw,1,255,0,1,1,1,6193.688,2,equal,2,755.304,1949120,1948752,0,1842120,1842120,0,21,ESP32/cnn_webassembly_esp32/reports/20261009T030249020912Z/report.csv,12996
A0768.raw,1,255,0,1,1,1,6198.219,2,equal,2,756.624,1949100,1948752,0,1842120,1842120,0,21,ESP32/cnn_webassembly_esp32/reports/20261009T030249020912Z/report.csv,12996
A0769.raw,1,255,0,1,1,1,6192.94,2,equal,2,1273.981,1949100,1948748,0,1842120,1842120,0,21,ESP32/cnn_webassembly_esp32/reports/20261009T030249020912Z/report.csv,12996
A0770.raw,1,255,0,1,1,1,6196.469,2,equal,2,1573.996,1949120,1948740,0,1842120,1842120,0,21,ESP32/cnn_webassembly_esp32/reports/20261009T030249020912Z/report.csv,12996
A0771.raw,1,255,0,1,1,1,6204.419,2,equal,2,1533.839,1949100,1948752,0,1842120,1842120,0,21,ESP32/cnn_webassembly_esp32/reports/20261009T030249020912Z/report.csv,12996
A0772.raw,1,255,0,1,1,1,6196.016,2,equal,2,1485.742,1949100,1948748,0,1842120,1842120,0,21,ESP32/cnn_webassembly_esp32/reports/20261009T030249020912Z/report.csv,12996
A0773.raw,1,255,0,1,1,1,6197.36,2,equal,2,1119.888,1949120,1948748,0,1842120,1842120,0,21,ESP32/cnn_webassembly_esp32/reports/20261009T030249020912Z/report.csv,12996
A0774.raw,1,255,0,1,1,1,6191.221,2,equal,2,872.851,1949100,1948752,0,1842120,1842120,0,21,ESP32/cnn_webassembly_esp32/reports/20261009T030249020912Z/report.csv,12996
A0775.raw,1,255,0,1,1,1,6190.305,2,equal,2,927.899,1949100,1948748,0,1842120,1842120,0,21,ESP32/cnn_webassembly_esp32/reports/20261009T030249020912Z/report.csv,12996
A0776.raw,1,255,0,1,1,1,6191.672,2,equal,2,957.866,1949120,1948748,0,1842120,1842120,0,21,ESP32/cnn_webassembly_esp32/reports/20261009T030249020912Z/report.csv,12996
A0777.raw,1,255,0,1,1,1,6196.008,2,equal,2,1291.450,1949100,1948752,0,1842120,1842120,0,21,ESP32/cnn_webassembly_esp32/reports/20261009T030249020912Z/report.csv,12996
A0778.raw,1,255,0,1,1,1,6191.079,2,equal,2,900.891,1949100,1948748,0,1842120,1842120,0,21,ESP32/cnn_webassembly_esp32/reports/20261009T030249020912Z/report.csv,12996
A0779.raw,1,255,0,1,1,1,6192.658,2,equal,2,872.854,1949120,1948740,0,1842120,1842120,0,21,ESP32/cnn_webassembly_esp32/reports/20261009T030249020912Z/report.csv,12996
A0780.raw,1,255,0,1,1,1,6190.037,2,equal,2,833.645,1949100,1948744,0,1842120,1842120,0,21,ESP32/cnn_webassembly_esp32/reports/20261009T030249020912Z/report.csv,12996
A0781.raw,1,255,0,1,1,1,6186.435,2,equal,2,772.155,1949100,1948752,0,1842120,1842120,0,21,ESP32/cnn_webassembly_esp32/reports/20261009T030249020912Z/report.csv,12996
A0782.raw,1,255,0,1,1,1,6191.742,2,equal,2,835.577,1949120,1948748,0,1842120,1842120,0,21,ESP32/cnn_webassembly_esp32/reports/20261009T030249020912Z/report.csv,12996
A0783.raw,1,255,0,1,1,1,6197.037,2,equal,2,2479.794,1949100,1948744,0,1842120,1842120,0,21,ESP32/cnn_webassembly_esp32/reports/20261009T030249020912Z/report.csv,12996
A0784.raw,1,255,0,1,1,1,6196.888,2,equal,2,877.573,1949100,1948748,0,1842120,1842120,0,21,ESP32/cnn_webassembly_esp32/reports/20261009T030249020912Z/report.csv,12996
A0785.raw,1,255,0,1,1,1,6205.343,2,equal,2,923.064,1949120,1948744,0,1842120,1842120,0,21,ESP32/cnn_webassembly_esp32/reports/20261009T030249020912Z/report.csv,12996
A0786.raw,1,255,0,1,1,1,6206.391,2,equal,2,892.878,1949100,1948752,0,1842120,1842120,0,21,ESP32/cnn_webassembly_esp32/reports/20261009T030249020912Z/report.csv,12996
A0787.raw,1,255,0,1,1,1,6198.843,2,equal,2,833.195,1949100,1948752,0,1842120,1842120,0,21,ESP32/cnn_webassembly_esp32/reports/20261009T030249020912Z/report.csv,12996
A0788.raw,1,255,0,1,1,1,6188.456,2,equal,2,3026.178,1949120,1948752,0,1842120,1842120,0,21,ESP32/cnn_webassembly_esp32/reports/20261009T030249020912Z/report.csv,12996
A0789.raw,1,255,0,1,1,1,6198.416,2,equal,2,786.500,1949100,1948752,0,1842120,1842120,0,21,ESP32/cnn_webassembly_esp32/reports/20261009T030249020912Z/report.csv,12996
A0790.raw,1,255,0,1,1,1,6180.984,2,equal,2,1055.200,1949100,1948744,0,1842120,1842120,0,21,ESP32/cnn_webassembly_esp32/reports/20261009T030249020912Z/report.csv,12996
A0791.raw,1,255,0,1,1,1,6199.899,2,equal,2,843.064,1949120,1948748,0,1842120,1842120,0,21,ESP32/cnn_webassembly_esp32/reports/20261009T030249020912Z/report.csv,12996
A0792.raw,1,255,0,1,1,1,6199.798,2,equal,2,874.246,1949100,1948744,0,1842120,1842120,0,21,ESP32/cnn_webassembly_esp32/reports/20261009T030249020912Z/report.csv,12996
A0793.raw,1,255,0,1,1,1,6208.641,2,equal,2,914.436,1949100,1948744,0,1842120,1842120,0,21,ESP32/cnn_webassembly_esp32/reports/20261009T030249020912Z/report.csv,12996
A0794.raw,1,255,0,1,1,1,6192.587,2,equal,2,1089.568,1949120,1948740,0,1842120,1842120,0,21,ESP32/cnn_webassembly_esp32/reports/20261009T030249020912Z/report.csv,12996
A0795.raw,1,255,0,1,1,1,6183.079,2,equal,2,837.638,1949100,1948752,0,1842120,1842120,0,21,ESP32/cnn_webassembly_esp32/reports/20261009T030249020912Z/report.csv,12996
A0796.raw,1,255,0,1,1,1,6192.169,2,equal,2,827.937,1949100,1948748,0,1842120,1842120,0,21,ESP32/cnn_webassembly_esp32/reports/20261009T030249020912Z/report.csv,12996
A0797.raw,1,255,0,1,1,1,6198.253,2,equal,2,928.656,1949120,1948740,0,1842120,1842120,0,21,ESP32/cnn_webassembly_esp32/reports/20261009T030249020912Z/report.csv,12996
A0798.raw,1,255,0,1,1,1,6192.57,2,equal,2,808.710,1949100,1948744,0,1842120,1842120,0,21,ESP32/cnn_webassembly_esp32/reports/20261009T030249020912Z/report.csv,12996
A0799.raw,1,255,0,1,1,1,6192.757,2,equal,2,2195.224,1949100,1948752,0,1842120,1842120,0,21,ESP32/cnn_webassembly_esp32/reports/20261009T030249020912Z/report.csv,12996
A0800.raw,1,255,0,1,1,1,6212.198,2,equal,2,935.920,1949120,1948752,0,1842120,1842120,0,21,ESP32/cnn_webassembly_esp32/reports/20261009T030249020912Z/report.csv,12996
A0801.raw,1,255,0,1,1,1,6193.115,2,equal,2,836.450,1949100,1948752,0,1842120,1842120,0,21,ESP32/cnn_webassembly_esp32/reports/20261009T030249020912Z/report.csv,12996
A0802.raw,1,255,0,1,1,1,6205.488,2,equal,2,996.649,1949100,1948752,0,1842120,1842120,0,21,ESP32/cnn_webassembly_esp32/reports/20261009T030249020912Z/report.csv,12996
A0803.raw,1,255,0,1,1,1,6193.153,2,equal,2,796.619,1949120,1948748,0,1842120,1842120,0,21,ESP32/cnn_webassembly_esp32/reports/20261009T030249020912Z/report.csv,12996
A0804.raw,1,255,0,1,1,1,6193.046,2,equal,2,842.763,1949100,1948744,0,1842120,1842120,0,21,ESP32/cnn_webassembly_esp32/reports/20261009T030249020912Z/report.csv,12996
A0805.raw,1,255,0,1,1,1,6190.882,2,equal,2,1009.581,1949100,1948744,0,1842120,1842120,0,21,ESP32/cnn_webassembly_esp32/reports/20261009T030249020912Z/report.csv,12996
A0806.raw,1,255,0,1,1,1,6199.775,2,equal,2,896.823,1949120,1948752,0,1842120,1842120,0,21,ESP32/cnn_webassembly_esp32/reports/20261009T030249020912Z/report.csv,12996
A0807.raw,1,255,0,1,1,1,6200.432,2,equal,2,657.855,1948860,1948744,0,1842120,1842120,0,21,ESP32/cnn_webassembly_esp32/reports/20261009T030249020912Z/report.csv,12996
A0808.raw,1,255,0,1,1,1,6189.968,2,equal,2,528.061,1948648,1948524,0,1842120,1842120,0,21,ESP32/cnn_webassembly_esp32/reports/20261009T030249020912Z/report.csv,12996
A0809.raw,1,255,0,1,1,1,6187.846,2,equal,2,582.728,1948436,1948320,0,1842120,1842120,0,21,ESP32/cnn_webassembly_esp32/reports/20261009T030249020912Z/report.csv,12996
A0810.raw,1,255,0,1,1,1,6199.144,2,equal,2,486.115,1948224,1948096,0,1842120,1842120,0,21,ESP32/cnn_webassembly_esp32/reports/20261009T030249020912Z/report.csv,12996
A0811.raw,1,255,0,1,1,1,6193.885,2,equal,2,499.698,1948012,1947896,0,1842120,1842120,0,21,ESP32/cnn_webassembly_esp32/reports/20261009T030249020912Z/report.csv,12996
A0812.raw,1,255,0,1,1,1,6189.597,2,equal,2,530.086,1947800,1947684,0,1842120,1842120,0,21,ESP32/cnn_webassembly_esp32/reports/20261009T030249020912Z/report.csv,12996
A0813.raw,1,255,0,1,1,1,6186.185,2,equal,2,533.662,1947588,1947472,0,1842120,1842120,0,21,ESP32/cnn_webassembly_esp32/reports/20261009T030249020912Z/report.csv,12996
A0814.raw,1,255,0,1,1,1,6185.58,2,equal,2,522.729,1947376,1947260,0,1842120,1842120,0,21,ESP32/cnn_webassembly_esp32/reports/20261009T030249020912Z/report.csv,12996
A0815.raw,1,255,0,1,1,1,6199.526,2,equal,2,506.730,1947164,1947048,0,1842120,1842120,0,21,ESP32/cnn_webassembly_esp32/reports/20261009T030249020912Z/report.csv,12996
A0816.raw,1,255,0,1,1,1,6202.734,2,equal,2,531.935,1946952,1946836,0,1842120,1842120,0,21,ESP32/cnn_webassembly_esp32/reports/20261009T030249020912Z/report.csv,12996
A0817.raw,1,255,0,1,1,1,6192.528,2,equal,2,519.698,1946740,1946624,0,1842120,1842120,0,21,ESP32/cnn_webassembly_esp32/reports/20261009T030249020912Z/report.csv,12996
A0818.raw,1,255,0,1,1,1,6189.325,2,equal,2,516.533,1946528,1946416,0,1842120,1842120,0,21,ESP32/cnn_webassembly_esp32/reports/20261009T030249020912Z/report.csv,12996
A0819.raw,1,255,0,1,1,1,6186.927,2,equal,2,510.900,1946316,1946200,0,1842120,1842120,0,21,ESP32/cnn_webassembly_esp32/reports/20261009T030249020912Z/report.csv,12996
A0820.raw,1,255,0,1,1,1,6197.091,2,equal,2,532.818,1946104,1945988,0,1842120,1842120,0,21,ESP32/cnn_webassembly_esp32/reports/20261009T030249020912Z/report.csv,12996
A0821.raw,1,255,0,1,1,1,6188.821,2,equal,2,520.531,1945892,1945772,0,1842120,1842120,0,21,ESP32/cnn_webassembly_esp32/reports/20261009T030249020912Z/report.csv,12996
A0822.raw,1,255,0,1,1,1,6185.594,2,equal,2,597.030,1945680,1945564,0,1842120,1842120,0,21,ESP32/cnn_webassembly_esp32/reports/20261009T030249020912Z/report.csv,12996
A0823.raw,1,255,0,1,1,1,6194.28,2,equal,2,515.730,1945468,1945352,0,1842120,1842120,0,21,ESP32/cnn_webassembly_esp32/reports/20261009T030249020912Z/report.csv,12996
A0824.raw,1,255,0,1,1,1,6180.58,2,equal,2,656.233,1945468,1945140,0,1842120,1842120,0,21,ESP32/cnn_webassembly_esp32/reports/20261009T030249020912Z/report.csv,12996
A0825.raw,1,255,0,1,1,1,6180.949,2,equal,2,504.399,1945468,1945140,0,1842120,1842120,0,21,ESP32/cnn_webassembly_esp32/reports/20261009T030249020912Z/report.csv,12996
A0826.raw,1,255,0,1,1,1,6183.995,2,equal,2,710.404,1945468,1945128,0,1842120,1842120,0,21,ESP32/cnn_webassembly_esp32/reports/20261009T030249020912Z/report.csv,12996
A0827.raw,1,255,0,1,1,1,6193.943,2,equal,2,550.294,1945468,1945140,0,1842120,1842120,0,21,ESP32/cnn_webassembly_esp32/reports/20261009T030249020912Z/report.csv,12996
A0828.raw,1,255,0,1,1,1,6187.364,2,equal,2,566.382,1945468,1945136,0,1842120,1842120,0,21,ESP32/cnn_webassembly_esp32/reports/20261009T030249020912Z/report.csv,12996
A0829.raw,1,255,0,1,1,1,6187.976,2,equal,2,576.118,1945468,1945140,0,1842120,1842120,0,21,ESP32/cnn_webassembly_esp32/reports/20261009T030249020912Z/report.csv,12996
A0830.raw,1,255,0,1,1,1,6194.022,2,equal,2,725.030,1945468,1945140,0,1842120,1842120,0,21,ESP32/cnn_webassembly_esp32/reports/20261009T030249020912Z/report.csv,12996
A0831.raw,1,255,0,1,1,1,6190.355,2,equal,2,545.869,1945468,1945140,0,1842120,1842120,0,21,ESP32/cnn_webassembly_esp32/reports/20261009T030249020912Z/report.csv,12996
A0832.raw,1,255,0,1,1,1,6184.098,2,equal,2,530.217,1945468,1945140,0,1842120,1842120,0,21,ESP32/cnn_webassembly_esp32/reports/20261009T030249020912Z/report.csv,12996
A0833.raw,1,255,0,1,1,1,6197.191,2,equal,2,541.970,1945468,1945140,0,1842120,1842120,0,21,ESP32/cnn_webassembly_esp32/reports/20261009T030249020912Z/report.csv,12996
A0834.raw,1,255,0,1,1,1,6198.234,2,equal,2,508.527,1945468,1945140,0,1842120,1842120,0,21,ESP32/cnn_webassembly_esp32/reports/20261009T030249020912Z/report.csv,12996
A0835.raw,1,255,0,1,1,1,6185.35,2,equal,2,670.224,1945468,1945140,0,1842120,1842120,0,21,ESP32/cnn_webassembly_esp32/reports/20261009T030249020912Z/report.csv,12996
A0836.raw,1,255,0,1,1,1,6192.209,2,equal,2,516.555,1945468,1945140,0,1842120,1842120,0,21,ESP32/cnn_webassembly_esp32/reports/20261009T030249020912Z/report.csv,12996
A0837.raw,1,255,0,1,1,1,6188.795,2,equal,2,509.990,1945468,1945140,0,1842120,1842120,0,21,ESP32/cnn_webassembly_esp32/reports/20261009T030249020912Z/report.csv,12996
A0838.raw,1,255,0,1,1,1,6182.459,2,equal,2,532.528,1945468,1945140,0,1842120,1842120,0,21,ESP32/cnn_webassembly_esp32/reports/20261009T030249020912Z/report.csv,12996
A0839.raw,1,255,0,1,1,1,6182.233,2,equal,2,537.012,1945468,1945140,0,1842120,1842120,0,21,ESP32/cnn_webassembly_esp32/reports/20261009T030249020912Z/report.csv,12996
A0840.raw,1,255,0,1,1,1,6185.614,2,equal,2,979.965,1945468,1945140,0,1842120,1842120,0,21,ESP32/cnn_webassembly_esp32/reports/20261009T030249020912Z/report.csv,12996
A0841.raw,1,255,0,1,1,1,6172.155,2,equal,2,561.862,1945468,1945140,0,1842120,1842120,0,21,ESP32/cnn_webassembly_esp32/reports/20261009T030249020912Z/report.csv,12996
A0842.raw,1,255,0,1,1,1,6179.548,2,equal,2,533.905,1945468,1945140,0,1842120,1842120,0,21,ESP32/cnn_webassembly_esp32/reports/20261009T030249020912Z/report.csv,12996
A0843.raw,1,255,0,1,1,1,6173.802,2,equal,2,1893.225,1945468,1945140,0,1842120,1842120,0,21,ESP32/cnn_webassembly_esp32/reports/20261009T030249020912Z/report.csv,12996
A0844.raw,1,255,0,1,1,1,6192.418,2,equal,2,556.003,1945468,1945128,0,1842120,1842120,0,21,ESP32/cnn_webassembly_esp32/reports/20261009T030249020912Z/report.csv,12996
A0845.raw,1,255,0,1,1,1,6182.09,2,equal,2,544.388,1945468,1945140,0,1842120,1842120,0,21,ESP32/cnn_webassembly_esp32/reports/20261009T030249020912Z/report.csv,12996
A0846.raw,1,255,0,1,1,1,6173.125,2,equal,2,524.780,1945468,1945140,0,1842120,1842120,0,21,ESP32/cnn_webassembly_esp32/reports/20261009T030249020912Z/report.csv,12996
A0847.raw,1,255,0,1,1,1,6181.134,2,equal,2,529.590,1945468,1945140,0,1842120,1842120,0,21,ESP32/cnn_webassembly_esp32/reports/20261009T030249020912Z/report.csv,12996
A0848.raw,1,255,0,1,1,1,6193.38,2,equal,2,544.279,1945468,1945128,0,1842120,1842120,0,21,ESP32/cnn_webassembly_esp32/reports/20261009T030249020912Z/report.csv,12996
A0849.raw,1,255,0,1,1,1,6186.429,2,equal,2,512.167,1945468,1945140,0,1842120,1842120,0,21,ESP32/cnn_webassembly_esp32/reports/20261009T030249020912Z/report.csv,12996
A0850.raw,1,255,0,1,1,1,6180.221,2,equal,2,541.421,1945468,1945140,0,1842120,1842120,0,21,ESP32/cnn_webassembly_esp32/reports/20261009T030249020912Z/report.csv,12996
A0851.raw,1,255,0,1,1,1,6191.604,2,equal,2,500.862,1945496,1945140,0,1842120,1842120,0,21,ESP32/cnn_webassembly_esp32/reports/20261009T030249020912Z/report.csv,12996
A0852.raw,1,255,0,1,1,1,6186.338,2,equal,2,535.353,1945468,1945148,0,1842120,1842120,0,21,ESP32/cnn_webassembly_esp32/reports/20261009T030249020912Z/report.csv,12996
A0853.raw,1,255,0,1,1,1,6178.067,2,equal,2,510.926,1945472,1945140,0,1842120,1842120,0,21,ESP32/cnn_webassembly_esp32/reports/20261009T030249020912Z/report.csv,12996
A0854.raw,1,255,0,1,1,1,6181.498,2,equal,2,508.109,1945472,1945136,0,1842120,1842120,0,21,ESP32/cnn_webassembly_esp32/reports/20261009T030249020912Z/report.csv,12996
A0855.raw,1,255,0,1,1,1,6176.396,2,equal,2,524.294,1945472,1945144,0,1842120,1842120,0,21,ESP32/cnn_webassembly_esp32/reports/20261009T030249020912Z/report.csv,12996
A0856.raw,1,255,0,1,1,1,6185.49,2,equal,2,539.489,1945472,1945140,0,1842120,1842120,0,21,ESP32/cnn_webassembly_esp32/reports/20261009T030249020912Z/report.csv,12996
A0857.raw,1,255,0,1,1,1,6189.59,2,equal,2,528.621,1945472,1945144,0,1842120,1842120,0,21,ESP32/cnn_webassembly_esp32/reports/20261009T030249020912Z/report.csv,12996
A0858.raw,1,255,0,1,1,1,6164.121,2,equal,2,569.087,1945472,1945144,0,1842120,1842120,0,21,ESP32/cnn_webassembly_esp32/reports/20261009T030249020912Z/report.csv,12996
A0859.raw,1,255,0,1,1,1,6181.386,2,equal,2,586.832,1945472,1945144,0,1842120,1842120,0,21,ESP32/cnn_webassembly_esp32/reports/20261009T030249020912Z/report.csv,12996
A0860.raw,1,255,0,1,1,1,6171.642,2,equal,2,549.509,1945472,1945144,0,1842120,1842120,0,21,ESP32/cnn_webassembly_esp32/reports/20261009T030249020912Z/report.csv,12996
A0861.raw,1,255,0,1,1,1,6167.311,2,equal,2,527.210,1945472,1945144,0,1842120,1842120,0,21,ESP32/cnn_webassembly_esp32/reports/20261009T030249020912Z/report.csv,12996
A0862.raw,1,255,0,1,1,1,6173.814,2,equal,2,535.941,1945472,1945144,0,1842120,1842120,0,21,ESP32/cnn_webassembly_esp32/reports/20261009T030249020912Z/report.csv,12996
A0863.raw,1,255,0,1,1,1,6178.349,2,equal,2,550.489,1945472,1945140,0,1842120,1842120,0,21,ESP32/cnn_webassembly_esp32/reports/20261009T030249020912Z/report.csv,12996
A0864.raw,1,255,0,1,1,1,6160.626,2,equal,2,507.062,1945472,1945144,0,1842120,1842120,0,21,ESP32/cnn_webassembly_esp32/reports/20261009T030249020912Z/report.csv,12996
A0865.raw,1,255,0,1,1,1,6172.027,2,equal,2,528.484,1945472,1945144,0,1842120,1842120,0,21,ESP32/cnn_webassembly_esp32/reports/20261009T030249020912Z/report.csv,12996
A0866.raw,1,255,0,1,1,1,6169.012,2,equal,2,533.206,1945472,1945144,0,1842120,1842120,0,21,ESP32/cnn_webassembly_esp32/reports/20261009T030249020912Z/report.csv,12996
A0867.raw,1,255,0,1,1,1,6167.175,2,equal,2,545.257,1945472,1945144,0,1842120,1842120,0,21,ESP32/cnn_webassembly_esp32/reports/20261009T030249020912Z/report.csv,12996
A0868.raw,1,255,0,1,1,1,6172.574,2,equal,2,516.310,1945472,1945144,0,1842120,1842120,0,21,ESP32/cnn_webassembly_esp32/reports/20261009T030249020912Z/report.csv,12996
A0869.raw,1,255,0,1,1,1,6158.174,2,equal,2,489.359,1945472,1945144,0,1842120,1842120,0,21,ESP32/cnn_webassembly_esp32/reports/20261009T030249020912Z/report.csv,12996
A0870.raw,1,255,0,1,1,1,6173.461,2,equal,2,543.594,1945472,1945144,0,1842120,1842120,0,21,ESP32/cnn_webassembly_esp32/reports/20261009T030249020912Z/report.csv,12996
A0871.raw,1,255,0,1,1,1,6175.43,2,equal,2,561.419,1945472,1945140,0,1842120,1842120,0,21,ESP32/cnn_webassembly_esp32/reports/20261009T030249020912Z/report.csv,12996
A0872.raw,1,255,0,1,1,1,6163.729,2,equal,2,554.124,1945472,1945144,0,1842120,1842120,0,21,ESP32/cnn_webassembly_esp32/reports/20261009T030249020912Z/report.csv,12996
A0873.raw,1,255,0,1,1,1,6164.588,2,equal,2,522.835,1945472,1945144,0,1842120,1842120,0,21,ESP32/cnn_webassembly_esp32/reports/20261009T030249020912Z/report.csv,12996
A0874.raw,1,255,0,1,1,1,6164.888,2,equal,2,505.652,1945472,1945140,0,1842120,1842120,0,21,ESP32/cnn_webassembly_esp32/reports/20261009T030249020912Z/report.csv,12996
A0875.raw,1,255,0,1,1,1,6158.906,2,equal,2,525.139,1945472,1945144,0,1842120,1842120,0,21,ESP32/cnn_webassembly_esp32/reports/20261009T030249020912Z/report.csv,12996
A0876.raw,1,255,0,1,1,1,6168.176,2,equal,2,516.017,1945472,1945144,0,1842120,1842120,0,21,ESP32/cnn_webassembly_esp32/reports/20261009T030249020912Z/report.csv,12996
A0877.raw,1,255,0,1,1,1,6159.624,2,equal,2,7634.257,1945684,1945356,0,1842120,1842120,0,21,ESP32/cnn_webassembly_esp32/reports/20261009T030249020912Z/report.csv,12996
A0878.raw,1,255,0,1,1,1,6160.668,2,equal,2,517.743,1945684,1945352,0,1842120,1842120,0,21,ESP32/cnn_webassembly_esp32/reports/20261009T030249020912Z/report.csv,12996
A0879.raw,1,255,0,1,1,1,6158.189,2,equal,2,517.488,1945680,1945356,0,1842120,1842120,0,21,ESP32/cnn_webassembly_esp32/reports/20261009T030249020912Z/report.csv,12996
A0880.raw,1,255,0,1,1,1,6155.404,2,equal,2,571.267,1945680,1945352,0,1842120,1842120,0,21,ESP32/cnn_webassembly_esp32/reports/20261009T030249020912Z/report.csv,12996
A0881.raw,1,255,0,1,1,1,6169.62,2,equal,2,518.224,1945680,1945348,0,1842120,1842120,0,21,ESP32/cnn_webassembly_esp32/reports/20261009T030249020912Z/report.csv,12996
A0882.raw,1,255,0,1,1,1,6157.701,2,equal,2,609.089,1945680,1945356,0,1842120,1842120,0,21,ESP32/cnn_webassembly_esp32/reports/20261009T030249020912Z/report.csv,12996
A0883.raw,1,255,0,1,1,1,6165.569,2,equal,2,516.966,1945680,1945352,0,1842120,1842120,0,21,ESP32/cnn_webassembly_esp32/reports/20261009T030249020912Z/report.csv,12996
A0884.raw,1,255,0,1,1,1,6175.532,2,equal,2,511.092,1945680,1945352,0,1842120,1842120,0,21,ESP32/cnn_webassembly_esp32/reports/20261009T030249020912Z/report.csv,12996
A0885.raw,1,255,0,1,1,1,6171.902,2,equal,2,525.594,1945680,1945340,0,1842120,1842120,0,21,ESP32/cnn_webassembly_esp32/reports/20261009T030249020912Z/report.csv,12996
A0886.raw,1,255,0,1,1,1,6170.796,2,equal,2,514.843,1945680,1945352,0,1842120,1842120,0,21,ESP32/cnn_webassembly_esp32/reports/20261009T030249020912Z/report.csv,12996
A0887.raw,1,255,0,1,1,1,6176.637,2,equal,2,540.162,1945680,1945340,0,1842120,1842120,0,21,ESP32/cnn_webassembly_esp32/reports/20261009T030249020912Z/report.csv,12996
A0888.raw,1,255,0,1,1,1,6164.456,2,equal,2,531.758,1945680,1945344,0,1842120,1842120,0,21,ESP32/cnn_webassembly_esp32/reports/20261009T030249020912Z/report.csv,12996
A0889.raw,1,255,0,1,1,1,6185.509,2,equal,2,554.822,1945680,1945340,0,1842120,1842120,0,21,ESP32/cnn_webassembly_esp32/reports/20261009T030249020912Z/report.csv,12996
A0890.raw,1,255,0,1,1,1,6156.282,2,equal,2,517.553,1945680,1945356,0,1842120,1842120,0,21,ESP32/cnn_webassembly_esp32/reports/20261009T030249020912Z/report.csv,12996
A0891.raw,1,255,0,1,1,1,6156.458,2,equal,2,561.472,1945680,1945348,0,1842120,1842120,0,21,ESP32/cnn_webassembly_esp32/reports/20261009T030249020912Z/report.csv,12996
A0892.raw,1,255,0,1,1,1,6173.144,2,equal,2,561.382,1945680,1945340,0,1842120,1842120,0,21,ESP32/cnn_webassembly_esp32/reports/20261009T030249020912Z/report.csv,12996
A0893.raw,1,255,0,1,1,1,6158.148,2,equal,2,544.546,1945468,1945348,0,1842120,1842120,0,21,ESP32/cnn_webassembly_esp32/reports/20261009T030249020912Z/report.csv,12996
A0894.raw,1,255,0,1,1,1,6166.659,2,equal,2,543.303,1945468,1945144,0,1842120,1842120,0,21,ESP32/cnn_webassembly_esp32/reports/20261009T030249020912Z/report.csv,12996
A0895.raw,1,255,0,1,1,1,6165.261,2,equal,2,486.128,1945496,1945140,0,1842120,1842120,0,21,ESP32/cnn_webassembly_esp32/reports/20261009T030249020912Z/report.csv,12996
A0896.raw,1,255,0,1,1,1,6164.577,2,equal,2,510.437,1945680,1945140,0,1842120,1842120,0,21,ESP32/cnn_webassembly_esp32/reports/20261009T030249020912Z/report.csv,12996
A0897.raw,1,255,0,1,1,1,6173.917,2,equal,2,504.814,1945892,1945348,0,1842120,1842120,0,21,ESP32/cnn_webassembly_esp32/reports/20261009T030249020912Z/report.csv,12996
A0898.raw,1,255,0,1,1,1,6175.806,2,equal,2,490.182,1946132,1945560,0,1842120,1842120,0,21,ESP32/cnn_webassembly_esp32/reports/20261009T030249020912Z/report.csv,12996
A0899.raw,1,255,0,1,1,1,6157.522,2,equal,2,537.988,1946316,1945784,0,1842120,1842120,0,21,ESP32/cnn_webassembly_esp32/reports/20261009T030249020912Z/report.csv,12996
A0900.raw,1,255,0,1,1,1,6165.718,2,equal,2,496.253,1946528,1945968,0,1842120,1842120,0,21,ESP32/cnn_webassembly_esp32/reports/20261009T030249020912Z/report.csv,12996
A0901.raw,1,255,0,1,1,1,6174.152,2,equal,2,519.419,1946556,1946180,0,1842120,1842120,0,21,ESP32/cnn_webassembly_esp32/reports/20261009T030249020912Z/report.csv,12996
A0902.raw,1,255,0,1,1,1,6159.009,2,equal,2,517.662,1946952,1946420,0,1842120,1842120,0,21,ESP32/cnn_webassembly_esp32/reports/20261009T030249020912Z/report.csv,12996
A0903.raw,1,255,0,1,1,1,6156.251,2,equal,2,545.815,1947164,1946624,0,1842120,1842120,0,21,ESP32/cnn_webassembly_esp32/reports/20261009T030249020912Z/report.csv,12996
A0904.raw,1,255,0,1,1,1,6178.178,2,equal,2,497.219,1947404,1946828,0,1842120,1842120,0,21,ESP32/cnn_webassembly_esp32/reports/20261009T030249020912Z/report.csv,12996
A0905.raw,1,255,0,1,1,1,6168.719,2,equal,2,503.353,1947588,1947048,0,1842120,1842120,0,21,ESP32/cnn_webassembly_esp32/reports/20261009T030249020912Z/report.csv,12996
A0906.raw,1,255,0,1,1,1,6181.7,2,equal,2,512.928,1947588,1947264,0,1842120,1842120,0,21,ESP32/cnn_webassembly_esp32/reports/20261009T030249020912Z/report.csv,12996
A0907.raw,1,255,0,1,1,1,6176.425,2,equal,2,501.012,1948040,1947472,0,1842120,1842120,0,21,ESP32/cnn_webassembly_esp32/reports/20261009T030249020912Z/report.csv,12996
A0908.raw,1,255,0,1,1,1,6167.006,2,equal,2,515.099,1948012,1947692,0,1842120,1842120,0,21,ESP32/cnn_webassembly_esp32/reports/20261009T030249020912Z/report.csv,12996
A0909.raw,1,255,0,1,1,1,6172.545,2,equal,2,517.582,1948436,1947888,0,1842120,1842120,0,21,ESP32/cnn_webassembly_esp32/reports/20261009T030249020912Z/report.csv,12996
A0910.raw,1,255,0,1,1,1,6168.868,2,equal,2,517.615,1948464,1948108,0,1842120,1842120,0,21,ESP32/cnn_webassembly_esp32/reports/20261009T030249020912Z/report.csv,12996
A0911.raw,1,255,0,1,1,1,6172.028,2,equal,2,564.475,1948860,1948328,0,1842120,1842120,0,21,ESP32/cnn_webassembly_esp32/reports/20261009T030249020912Z/report.csv,12996
A0912.raw,1,255,0,1,1,1,6180.403,2,equal,2,508.647,1948860,1948532,0,1842120,1842120,0,21,ESP32/cnn_webassembly_esp32/reports/20261009T030249020912Z/report.csv,12996
A0913.raw,1,255,0,1,1,1,6165.902,2,equal,2,525.247,1949120,1948744,0,1842120,1842120,0,21,ESP32/cnn_webassembly_esp32/reports/20261009T030249020912Z/report.csv,12996
A0914.raw,1,255,0,1,1,1,6161.966,2,equal,2,531.810,1949100,1948744,0,1842120,1842120,0,21,ESP32/cnn_webassembly_esp32/reports/20261009T030249020912Z/report.csv,12996
A0915.raw,1,255,0,1,1,1,6164.562,2,equal,2,533.756,1949100,1948748,0,1842120,1842120,0,21,ESP32/cnn_webassembly_esp32/reports/20261009T030249020912Z/report.csv,12996
A0916.raw,1,255,0,1,1,1,6161.73,2,equal,2,535.076,1949120,1948748,0,1842120,1842120,0,21,ESP32/cnn_webassembly_esp32/reports/20261009T030249020912Z/report.csv,12996
A0917.raw,1,255,0,1,1,1,6166.094,2,equal,2,561.476,1949100,1948752,0,1842120,1842120,0,21,ESP32/cnn_webassembly_esp32/reports/20261009T030249020912Z/report.csv,12996
A0918.raw,1,255,0,1,1,1,6171.475,2,equal,2,561.485,1949100,1948744,0,1842120,1842120,0,21,ESP32/cnn_webassembly_esp32/reports/20261009T030249020912Z/report.csv,12996
A0919.raw,1,255,0,1,1,1,6150.946,2,equal,2,507.826,1949120,1948752,0,1842120,1842120,0,21,ESP32/cnn_webassembly_esp32/reports/20261009T030249020912Z/report.csv,12996
A0920.raw,1,255,0,1,1,1,6149.666,2,equal,2,550.233,1949100,1948752,0,1842120,1842120,0,21,ESP32/cnn_webassembly_esp32/reports/20261009T030249020912Z/report.csv,12996
A0921.raw,1,255,0,1,1,1,6169.351,2,equal,2,514.984,1949100,1948744,0,1842120,1842120,0,21,ESP32/cnn_webassembly_esp32/reports/20261009T030249020912Z/report.csv,12996
A0922.raw,1,255,0,1,1,1,6154.693,2,equal,2,585.291,1949120,1948744,0,1842120,1842120,0,21,ESP32/cnn_webassembly_esp32/reports/20261009T030249020912Z/report.csv,12996
A0923.raw,1,255,0,1,1,1,6157.198,2,equal,2,546.727,1948860,1948744,0,1842120,1842120,0,21,ESP32/cnn_webassembly_esp32/reports/20261009T030249020912Z/report.csv,12996
A0924.raw,1,255,0,1,1,1,6168.15,2,equal,2,564.316,1948648,1948524,0,1842120,1842120,0,21,ESP32/cnn_webassembly_esp32/reports/20261009T030249020912Z/report.csv,12996
A0925.raw,1,255,0,1,1,1,6160.048,2,equal,2,557.657,1948436,1948320,0,1842120,1842120,0,21,ESP32/cnn_webassembly_esp32/reports/20261009T030249020912Z/report.csv,12996
A0926.raw,1,255,0,1,1,1,6166.048,2,equal,2,618.936,1948224,1948096,0,1842120,1842120,0,21,ESP32/cnn_webassembly_esp32/reports/20261009T030249020912Z/report.csv,12996
A0927.raw,1,255,0,1,1,1,6153.235,2,equal,2,550.395,1948012,1947896,0,1842120,1842120,0,21,ESP32/cnn_webassembly_esp32/reports/20261009T030249020912Z/report.csv,12996
A0928.raw,1,255,0,1,1,1,6165.787,2,equal,2,527.160,1947800,1947684,0,1842120,1842120,0,21,ESP32/cnn_webassembly_esp32/reports/20261009T030249020912Z/report.csv,12996
A0929.raw,1,255,0,1,1,1,6159.977,2,equal,2,515.492,1947588,1947472,0,1842120,1842120,0,21,ESP32/cnn_webassembly_esp32/reports/20261009T030249020912Z/report.csv,12996
A0930.raw,1,255,0,1,1,1,6160.926,2,equal,2,574.945,1947376,1947260,0,1842120,1842120,0,21,ESP32/cnn_webassembly_esp32/reports/20261009T030249020912Z/report.csv,12996
A0931.raw,1,255,0,1,1,1,6170.011,2,equal,2,541.109,1947164,1947048,0,1842120,1842120,0,21,ESP32/cnn_webassembly_esp32/reports/20261009T030249020912Z/report.csv,12996
A0932.raw,1,255,0,1,1,1,6166.248,2,equal,2,513.249,1946952,1946840,0,1842120,1842120,0,21,ESP32/cnn_webassembly_esp32/reports/20261009T030249020912Z/report.csv,12996
A0933.raw,1,255,0,1,1,1,6157.238,2,equal,2,542.449,1946740,1946624,0,1842120,1842120,0,21,ESP32/cnn_webassembly_esp32/reports/20261009T030249020912Z/report.csv,12996
A0934.raw,1,255,0,1,1,1,6169.23,2,equal,2,484.090,1946528,1946412,0,1842120,1842120,0,21,ESP32/cnn_webassembly_esp32/reports/20261009T030249020912Z/report.csv,12996
A0935.raw,1,255,0,1,1,1,6168.279,2,equal,2,522.080,1946316,1946200,0,1842120,1842120,0,21,ESP32/cnn_webassembly_esp32/reports/20261009T030249020912Z/report.csv,12996
A0936.raw,1,255,0,1,1,1,6171.753,2,equal,2,518.629,1946104,1945988,0,1842120,1842120,0,21,ESP32/cnn_webassembly_esp32/reports/20261009T030249020912Z/report.csv,12996
A0937.raw,1,255,0,1,1,1,6157.449,2,equal,2,546.718,1945892,1945776,0,1842120,1842120,0,21,ESP32/cnn_webassembly_esp32/reports/20261009T030249020912Z/report.csv,12996
A0938.raw,1,255,0,1,1,1,6155.242,2,equal,2,531.113,1945680,1945564,0,1842120,1842120,0,21,ESP32/cnn_webassembly_esp32/reports/20261009T030249020912Z/report.csv,12996
A0939.raw,1,255,0,1,1,1,6164.663,2,equal,2,538.959,1945468,1945352,0,1842120,1842120,0,21,ESP32/cnn_webassembly_esp32/reports/20261009T030249020912Z/report.csv,12996
A0940.raw,1,255,0,1,1,1,6145.286,2,equal,2,537.913,1945468,1945140,0,1842120,1842120,0,21,ESP32/cnn_webassembly_esp32/reports/20261009T030249020912Z/report.csv,12996
A0941.raw,1,255,0,1,1,1,6154.159,2,equal,2,537.875,1945256,1945140,0,1842120,1842120,0,21,ESP32/cnn_webassembly_esp32/reports/20261009T030249020912Z/report.csv,12996
A0942.raw,1,255,0,1,1,1,6165.958,2,equal,2,551.226,1945468,1945128,0,1842120,1842120,0,21,ESP32/cnn_webassembly_esp32/reports/20261009T030249020912Z/report.csv,12996
A0943.raw,1,255,0,1,1,1,6157.392,2,equal,2,555.108,1945256,1945140,0,1842120,1842120,0,21,ESP32/cnn_webassembly_esp32/reports/20261009T030249020912Z/report.csv,12996
A0944.raw,1,255,0,1,1,1,6163.524,2,equal,2,532.006,1945468,1945136,0,1842120,1842120,0,21,ESP32/cnn_webassembly_esp32/reports/20261009T030249020912Z/report.csv,12996
A0947.raw,1,255,0,1,1,1,6166.17,2,equal,2,544.159,1945256,1945136,0,1842120,1842120,0,21,ESP32/cnn_webassembly_esp32/reports/20261009T030249020912Z/report.csv,12996
A0948.raw,1,255,0,1,1,1,6163.29,2,equal,2,538.409,1945468,1945136,0,1842120,1842120,0,21,ESP32/cnn_webassembly_esp32/reports/20261009T030249020912Z/report.csv,12996
A0949.raw,1,255,0,1,1,1,6156.574,2,equal,2,530.481,1945468,1945136,0,1842120,1842120,0,21,ESP32/cnn_webassembly_esp32/reports/20261009T030249020912Z/report.csv,12996
A0950.raw,1,255,0,1,1,1,6158.68,2,equal,2,564.850,1945468,1945128,0,1842120,1842120,0,21,ESP32/cnn_webassembly_esp32/reports/20261009T030249020912Z/report.csv,12996
A0951.raw,1,255,0,1,1,1,6163.372,2,equal,2,547.068,1945468,1945128,0,1842120,1842120,0,21,ESP32/cnn_webassembly_esp32/reports/20261009T030249020912Z/report.csv,12996
A0952.raw,1,255,0,1,1,1,6171.061,2,equal,2,566.831,1945468,1945128,0,1842120,1842120,0,21,ESP32/cnn_webassembly_esp32/reports/20261009T030249020912Z/report.csv,12996
A0953.raw,1,255,0,1,1,1,6167.846,2,equal,2,575.477,1945468,1945128,0,1842120,1842120,0,21,ESP32/cnn_webassembly_esp32/reports/20261009T030249020912Z/report.csv,12996
A0954.raw,1,255,0,1,1,1,6149.828,2,equal,2,522.134,1945468,1945128,0,1842120,1842120,0,21,ESP32/cnn_webassembly_esp32/reports/20261009T030249020912Z/report.csv,12996
A0955.raw,1,255,0,1,1,1,6158.117,2,equal,2,556.628,1945468,1945128,0,1842120,1842120,0,21,ESP32/cnn_webassembly_esp32/reports/20261009T030249020912Z/report.csv,12996
A0956.raw,1,255,0,1,1,1,6165.256,2,equal,2,596.994,1945468,1945128,0,1842120,1842120,0,21,ESP32/cnn_webassembly_esp32/reports/20261009T030249020912Z/report.csv,12996
A0957.raw,1,255,0,1,1,1,6163.775,2,equal,2,560.655,1945468,1945128,0,1842120,1842120,0,21,ESP32/cnn_webassembly_esp32/reports/20261009T030249020912Z/report.csv,12996
A0958.raw,1,255,0,1,1,1,6172.114,2,equal,2,538.750,1945468,1945128,0,1842120,1842120,0,21,ESP32/cnn_webassembly_esp32/reports/20261009T030249020912Z/report.csv,12996
A0959.raw,1,255,0,1,1,1,6141.387,2,equal,2,524.422,1945468,1945128,0,1842120,1842120,0,21,ESP32/cnn_webassembly_esp32/reports/20261009T030249020912Z/report.csv,12996
A0960.raw,1,255,0,1,1,1,6158.365,2,equal,2,584.056,1945468,1945140,0,1842120,1842120,0,21,ESP32/cnn_webassembly_esp32/reports/20261009T030249020912Z/report.csv,12996
A0961.raw,1,255,0,1,1,1,6160.4,2,equal,2,532.958,1945468,1945136,0,1842120,1842120,0,21,ESP32/cnn_webassembly_esp32/reports/20261009T030249020912Z/report.csv,12996
A0962.raw,1,255,0,1,1,1,6158.217,2,equal,2,567.121,1945468,1945136,0,1842120,1842120,0,21,ESP32/cnn_webassembly_esp32/reports/20261009T030249020912Z/report.csv,12996
A0963.raw,1,255,0,1,1,1,6156.452,2,equal,2,531.536,1945468,1945148,0,1842120,1842120,0,21,ESP32/cnn_webassembly_esp32/reports/20261009T030249020912Z/report.csv,12996
A0964.raw,1,255,0,1,1,1,6157.402,2,equal,2,528.014,1945468,1945136,0,1842120,1842120,0,21,ESP32/cnn_webassembly_esp32/reports/20261009T030249020912Z/report.csv,12996
A0965.raw,1,255,0,1,1,1,6156.6,2,equal,2,521.737,1945468,1945136,0,1842120,1842120,0,21,ESP32/cnn_webassembly_esp32/reports/20261009T030249020912Z/report.csv,12996
A0966.raw,1,255,0,1,1,1,6155.061,2,equal,2,522.213,1945468,1945136,0,1842120,1842120,0,21,ESP32/cnn_webassembly_esp32/reports/20261009T030249020912Z/report.csv,12996
A0967.raw,1,255,0,1,1,1,6153.879,2,equal,2,580.878,1945464,1945132,0,1842120,1842120,0,21,ESP32/cnn_webassembly_esp32/reports/20261009T030249020912Z/report.csv,12996
A0968.raw,1,255,0,1,1,1,6165.98,2,equal,2,535.618,1945464,1945136,0,1842120,1842120,0,21,ESP32/cnn_webassembly_esp32/reports/20261009T030249020912Z/report.csv,12996
A0969.raw,1,255,0,1,1,1,6169.406,2,equal,2,540.317,1945492,1945132,0,1842120,1842120,0,21,ESP32/cnn_webassembly_esp32/reports/20261009T030249020912Z/report.csv,12996
A0970.raw,1,255,0,1,1,1,6165.942,2,equal,2,810.349,1945676,1945136,0,1842120,1842120,0,21,ESP32/cnn_webassembly_esp32/reports/20261009T030249020912Z/report.csv,12996
A0971.raw,1,255,0,1,1,1,6159.567,2,equal,2,884.110,1945888,1945344,0,1842120,1842120,0,21,ESP32/cnn_webassembly_esp32/reports/20261009T030249020912Z/report.csv,12996
A0972.raw,1,255,0,1,1,1,6176.18,2,equal,2,877.245,1946128,1945556,0,1842120,1842120,0,21,ESP32/cnn_webassembly_esp32/reports/20261009T030249020912Z/report.csv,12996
A0973.raw,1,255,0,1,1,1,6179.19,2,equal,2,972.873,1946312,1945776,0,1842120,1842120,0,21,ESP32/cnn_webassembly_esp32/reports/20261009T030249020912Z/report.csv,12996
A0974.raw,1,255,0,1,1,1,6159.841,2,equal,2,959.235,1946524,1945984,0,1842120,1842120,0,21,ESP32/cnn_webassembly_esp32/reports/20261009T030249020912Z/report.csv,12996
A0975.raw,1,255,0,1,1,1,6177.97,2,equal,2,891.293,1946764,1946196,0,1842120,1842120,0,21,ESP32/cnn_webassembly_esp32/reports/20261009T030249020912Z/report.csv,12996
A0976.raw,1,255,0,1,1,1,6175.994,2,equal,2,879.215,1946948,1946408,0,1842120,1842120,0,21,ESP32/cnn_webassembly_esp32/reports/20261009T030249020912Z/report.csv,12996
A0977.raw,1,255,0,1,1,1,6172.996,2,equal,2,861.619,1947160,1946616,0,1842120,1842120,0,21,ESP32/cnn_webassembly_esp32/reports/20261009T030249020912Z/report.csv,12996
A0978.raw,1,255,0,1,1,1,6165.14,2,equal,2,960.915,1947400,1946828,0,1842120,1842120,0,21,ESP32/cnn_webassembly_esp32/reports/20261009T030249020912Z/report.csv,12996
A0979.raw,1,255,0,1,1,1,6174.61,2,equal,2,877.981,1947584,1947040,0,1842120,1842120,0,21,ESP32/cnn_webassembly_esp32/reports/20261009T030249020912Z/report.csv,12996
A0980.raw,1,255,0,1,1,1,6165.777,2,equal,2,972.748,1947796,1947256,0,1842120,1842120,0,21,ESP32/cnn_webassembly_esp32/reports/20261009T030249020912Z/report.csv,12996
A0981.raw,1,255,0,1,1,1,6160.824,2,equal,2,880.767,1948036,1947464,0,1842120,1842120,0,21,ESP32/cnn_webassembly_esp32/reports/20261009T030249020912Z/report.csv,12996
A0982.raw,1,255,0,1,1,1,6166.89,2,equal,2,886.158,1948220,1947680,0,1842120,1842120,0,21,ESP32/cnn_webassembly_esp32/reports/20261009T030249020912Z/report.csv,12996
A0983.raw,1,255,0,1,1,1,6169.557,2,equal,2,841.948,1948432,1947892,0,1842120,1842120,0,21,ESP32/cnn_webassembly_esp32/reports/20261009T030249020912Z/report.csv,12996
A0984.raw,1,255,0,1,1,1,6163.995,2,equal,2,806.811,1948676,1948104,0,1842120,1842120,0,21,ESP32/cnn_webassembly_esp32/reports/20261009T030249020912Z/report.csv,12996
A0985.raw,1,255,0,1,1,1,6172.384,2,equal,2,885.719,1948860,1948328,0,1842120,1842120,0,21,ESP32/cnn_webassembly_esp32/reports/20261009T030249020912Z/report.csv,12996
A0986.raw,1,255,0,1,1,1,6146.856,2,equal,2,852.878,1949100,1948744,0,1842120,1842120,0,21,ESP32/cnn_webassembly_esp32/reports/20261009T030249020912Z/report.csv,12996
A0987.raw,1,255,0,1,1,1,6156.121,2,equal,2,916.408,1949120,1948752,0,1842120,1842120,0,21,ESP32/cnn_webassembly_esp32/reports/20261009T030249020912Z/report.csv,12996
A0988.raw,1,255,0,1,1,1,6150.761,2,equal,2,877.856,1949100,1948752,0,1842120,1842120,0,21,ESP32/cnn_webassembly_esp32/reports/20261009T030249020912Z/report.csv,12996
A0989.raw,1,255,0,1,1,1,6156.1,2,equal,2,882.127,1949100,1948752,0,1842120,1842120,0,21,ESP32/cnn_webassembly_esp32/reports/20261009T030249020912Z/report.csv,12996
A0990.raw,1,255,0,1,1,1,6158.119,2,equal,2,901.260,1949120,1948744,0,1842120,1842120,0,21,ESP32/cnn_webassembly_esp32/reports/20261009T030249020912Z/report.csv,12996
A0991.raw,1,255,0,1,1,1,6165.087,2,equal,2,535.807,1948860,1948744,0,1842120,1842120,0,21,ESP32/cnn_webassembly_esp32/reports/20261009T030249020912Z/report.csv,12996
A0992.raw,1,255,0,1,1,1,6166.498,2,equal,2,512.124,1948648,1948524,0,1842120,1842120,0,21,ESP32/cnn_webassembly_esp32/reports/20261009T030249020912Z/report.csv,12996
A0993.raw,1,255,0,1,1,1,6161.948,2,equal,2,519.869,1948436,1948320,0,1842120,1842120,0,21,ESP32/cnn_webassembly_esp32/reports/20261009T030249020912Z/report.csv,12996
A0994.raw,1,255,0,1,1,1,6172.679,2,equal,2,565.795,1948224,1948096,0,1842120,1842120,0,21,ESP32/cnn_webassembly_esp32/reports/20261009T030249020912Z/report.csv,12996
A0995.raw,1,255,0,1,1,1,6177.743,2,equal,2,558.330,1948012,1947896,0,1842120,1842120,0,21,ESP32/cnn_webassembly_esp32/reports/20261009T030249020912Z/report.csv,12996
A0996.raw,1,255,0,1,1,1,6163.421,2,equal,2,537.435,1947800,1947688,0,1842120,1842120,0,21,ESP32/cnn_webassembly_esp32/reports/20261009T030249020912Z/report.csv,12996
A0997.raw,1,255,0,1,1,1,6168.029,2,equal,2,565.369,1947588,1947472,0,1842120,1842120,0,21,ESP32/cnn_webassembly_esp32/reports/20261009T030249020912Z/report.csv,12996
A0998.raw,1,255,0,1,1,1,6177.812,2,equal,2,535.675,1947376,1947260,0,1842120,1842120,0,21,ESP32/cnn_webassembly_esp32/reports/20261009T030249020912Z/report.csv,12996
A0999.raw,1,255,0,1,1,1,6184.291,2,equal,2,574.528,1947164,1947048,0,1842120,1842120,0,21,ESP32/cnn_webassembly_esp32/reports/20261009T030249020912Z/report.csv,12996
A1000.raw,1,255,0,1,1,1,6168.62,2,equal,2,551.745,1946952,1946836,0,1842120,1842120,0,21,ESP32/cnn_webassembly_esp32/reports/20261009T030249020912Z/report.csv,12996
A1001.raw,1,255,0,1,1,1,6174.952,2,equal,2,545.937,1946740,1946624,0,1842120,1842120,0,21,ESP32/cnn_webassembly_esp32/reports/20261009T030249020912Z/report.csv,12996
A1002.raw,1,255,0,1,1,1,6165.515,2,equal,2,509.780,1946528,1946412,0,1842120,1842120,0,21,ESP32/cnn_webassembly_esp32/reports/20261009T030249020912Z/report.csv,12996
A1003.raw,1,255,0,1,1,1,6179.693,2,equal,2,647.587,1946316,1946200,0,1842120,1842120,0,21,ESP32/cnn_webassembly_esp32/reports/20261009T030249020912Z/report.csv,12996
A1004.raw,1,255,0,1,1,1,6174.573,2,equal,2,489.954,1946104,1945992,0,1842120,1842120,0,21,ESP32/cnn_webassembly_esp32/reports/20261009T030249020912Z/report.csv,12996
A1005.raw,1,255,0,1,1,1,6181.461,2,equal,2,547.763,1945892,1945776,0,1842120,1842120,0,21,ESP32/cnn_webassembly_esp32/reports/20261009T030249020912Z/report.csv,12996
A1008.raw,1,255,0,1,1,1,6176.409,2,equal,2,511.056,1945680,1945564,0,1842120,1842120,0,21,ESP32/cnn_webassembly_esp32/reports/20261009T030249020912Z/report.csv,12996
A1009.raw,1,255,0,1,1,1,6168.303,2,equal,2,542.998,1945468,1945352,0,1842120,1842120,0,21,ESP32/cnn_webassembly_esp32/reports/20261009T030249020912Z/report.csv,12996
A1010.raw,1,255,0,1,1,1,6161.707,2,equal,2,519.211,1945468,1945140,0,1842120,1842120,0,21,ESP32/cnn_webassembly_esp32/reports/20261009T030249020912Z/report.csv,12996
A1011.raw,1,255,0,1,1,1,6180.412,2,equal,2,516.701,1945468,1945140,0,1842120,1842120,0,21,ESP32/cnn_webassembly_esp32/reports/20261009T030249020912Z/report.csv,12996
A1012.raw,1,255,0,1,1,1,6178.974,2,equal,2,540.164,1945468,1945128,0,1842120,1842120,0,21,ESP32/cnn_webassembly_esp32/reports/20261009T030249020912Z/report.csv,12996
A1013.raw,1,255,0,1,1,1,6182.824,2,equal,2,515.303,1945468,1945140,0,1842120,1842120,0,21,ESP32/cnn_webassembly_esp32/reports/20261009T030249020912Z/report.csv,12996
A1014.raw,1,255,0,1,1,1,6176.214,2,equal,2,536.349,1945468,1945136,0,1842120,1842120,0,21,ESP32/cnn_webassembly_esp32/reports/20261009T030249020912Z/report.csv,12996
A1015.raw,1,255,0,1,1,1,6166.708,2,equal,2,555.501,1945496,1945144,0,1842120,1842120,0,21,ESP32/cnn_webassembly_esp32/reports/20261009T030249020912Z/report.csv,12996
A1016.raw,1,255,0,1,1,1,6169.938,2,equal,2,528.289,1945468,1945144,0,1842120,1842120,0,21,ESP32/cnn_webassembly_esp32/reports/20261009T030249020912Z/report.csv,12996
A1017.raw,1,255,0,1,1,1,6158.493,2,equal,2,580.654,1945468,1945140,0,1842120,1842120,0,21,ESP32/cnn_webassembly_esp32/reports/20261009T030249020912Z/report.csv,12996
a0002.raw,1,4,251,0,0,1,6175.758,2,equal,2,521.877,1945468,1945140,0,1842120,1842120,0,21,ESP32/cnn_webassembly_esp32/reports/20261009T030249020912Z/report.csv,12996
a0003.raw,1,0,255,0,0,1,6169.331,2,equal,2,541.986,1945468,1945140,0,1842120,1842120,0,21,ESP32/cnn_webassembly_esp32/reports/20261009T030249020912Z/report.csv,12996
a0004.raw,1,12,243,0,0,1,6157.599,2,equal,2,566.446,1945468,1945140,0,1842120,1842120,0,21,ESP32/cnn_webassembly_esp32/reports/20261009T030249020912Z/report.csv,12996
a0005.raw,1,30,225,0,0,1,6159.616,2,equal,2,545.751,1945468,1945140,0,1842120,1842120,0,21,ESP32/cnn_webassembly_esp32/reports/20261009T030249020912Z/report.csv,12996
a0006.raw,1,68,187,0,0,1,6165.837,2,equal,2,520.079,1945468,1945140,0,1842120,1842120,0,21,ESP32/cnn_webassembly_esp32/reports/20261009T030249020912Z/report.csv,12996
a0007.raw,1,225,30,1,0,0,6146.235,2,equal,2,514.004,1945468,1945140,0,1842120,1842120,0,21,ESP32/cnn_webassembly_esp32/reports/20261009T030249020912Z/report.csv,12996
a0009.raw,1,0,255,0,0,1,6159.873,2,equal,2,509.056,1945468,1945140,0,1842120,1842120,0,21,ESP32/cnn_webassembly_esp32/reports/20261009T030249020912Z/report.csv,12996
a0010.raw,1,0,255,0,0,1,6155.697,2,equal,2,552.278,1945468,1945140,0,1842120,1842120,0,21,ESP32/cnn_webassembly_esp32/reports/20261009T030249020912Z/report.csv,12996
a0011.raw,1,0,255,0,0,1,6161.463,2,equal,2,553.788,1945468,1945140,0,1842120,1842120,0,21,ESP32/cnn_webassembly_esp32/reports/20261009T030249020912Z/report.csv,12996
a0012.raw,1,0,255,0,0,1,6161.844,2,equal,2,511.688,1945468,1945140,0,1842120,1842120,0,21,ESP32/cnn_webassembly_esp32/reports/20261009T030249020912Z/report.csv,12996
a0013.raw,1,0,255,0,0,1,6159.151,2,equal,2,522.831,1945468,1945144,0,1842120,1842120,0,21,ESP32/cnn_webassembly_esp32/reports/20261009T030249020912Z/report.csv,12996
a0014.raw,1,0,255,0,0,1,6164.473,2,equal,2,521.403,1945468,1945140,0,1842120,1842120,0,21,ESP32/cnn_webassembly_esp32/reports/20261009T030249020912Z/report.csv,12996
a0015.raw,1,1,254,0,0,1,6142.944,2,equal,2,524.205,1945468,1945140,0,1842120,1842120,0,21,ESP32/cnn_webassembly_esp32/reports/20261009T030249020912Z/report.csv,12996
a0016.raw,1,0,255,0,0,1,6163.015,2,equal,2,502.788,1945464,1945136,0,1842120,1842120,0,21,ESP32/cnn_webassembly_esp32/reports/20261009T030249020912Z/report.csv,12996
a0017.raw,1,0,255,0,0,1,6156.103,2,equal,2,527.045,1945464,1945136,0,1842120,1842120,0,21,ESP32/cnn_webassembly_esp32/reports/20261009T030249020912Z/report.csv,12996
a0018.raw,1,0,255,0,0,1,6154.516,2,equal,2,672.140,1945464,1945136,0,1842120,1842120,0,21,ESP32/cnn_webassembly_esp32/reports/20261009T030249020912Z/report.csv,12996
a0019.raw,1,0,255,0,0,1,6162.541,2,equal,2,521.341,1945464,1945132,0,1842120,1842120,0,21,ESP32/cnn_webassembly_esp32/reports/20261009T030249020912Z/report.csv,12996
a0020.raw,1,187,68,1,0,0,6158.592,2,equal,2,926.165,1945464,1945136,0,1842120,1842120,0,21,ESP32/cnn_webassembly_esp32/reports/20261009T030249020912Z/report.csv,12996
a0021.raw,1,68,187,0,0,1,6149.752,2,equal,2,506.642,1945460,1945128,0,1842120,1842120,0,21,ESP32/cnn_webassembly_esp32/reports/20261009T030249020912Z/report.csv,12996
a0022.raw,1,0,255,0,0,1,6140.256,2,equal,2,522.466,1945460,1945128,0,1842120,1842120,0,21,ESP32/cnn_webassembly_esp32/reports/20261009T030249020912Z/report.csv,12996
a0023.raw,1,0,255,0,0,1,6136.668,2,equal,2,505.007,1945488,1945132,0,1842120,1842120,0,21,ESP32/cnn_webassembly_esp32/reports/20261009T030249020912Z/report.csv,12996
a0024.raw,1,0,255,0,0,1,6139.139,2,equal,2,502.267,1945460,1945140,0,1842120,1842120,0,21,ESP32/cnn_webassembly_esp32/reports/20261009T030249020912Z/report.csv,12996
a0026.raw,1,0,255,0,0,1,6150.435,2,equal,2,517.003,1945460,1945124,0,1842120,1842120,0,21,ESP32/cnn_webassembly_esp32/reports/20261009T030249020912Z/report.csv,12996
a0029.raw,1,0,255,0,0,1,6140.317,2,equal,2,595.768,1945460,1945124,0,1842120,1842120,0,21,ESP32/cnn_webassembly_esp32/reports/20261009T030249020912Z/report.csv,12996
a0033.raw,1,0,255,0,0,1,6135.905,2,equal,2,541.117,1945460,1945124,0,1842120,1842120,0,21,ESP32/cnn_webassembly_esp32/reports/20261009T030249020912Z/report.csv,12996
a0034.raw,1,0,255,0,0,1,6134.089,2,equal,2,509.454,1945460,1945124,0,1842120,1842120,0,21,ESP32/cnn_webassembly_esp32/reports/20261009T030249020912Z/report.csv,12996
a0035.raw,1,0,255,0,0,1,6139.065,2,equal,2,569.628,1945460,1945124,0,1842120,1842120,0,21,ESP32/cnn_webassembly_esp32/reports/20261009T030249020912Z/report.csv,12996
a0036.raw,1,0,255,0,0,1,6132.86,2,equal,2,551.176,1945460,1945124,0,1842120,1842120,0,21,ESP32/cnn_webassembly_esp32/reports/20261009T030249020912Z/report.csv,12996
a0037.raw,1,0,255,0,0,1,6121.972,2,equal,2,529.484,1945460,1945120,0,1842120,1842120,0,21,ESP32/cnn_webassembly_esp32/reports/20261009T030249020912Z/report.csv,12996
a0038.raw,1,0,255,0,0,1,6144.99,2,equal,2,696.841,1945460,1945132,0,1842120,1842120,0,21,ESP32/cnn_webassembly_esp32/reports/20261009T030249020912Z/report.csv,12996
a0039.raw,1,0,255,0,0,1,6136.188,2,equal,2,525.417,1945464,1945128,0,1842120,1842120,0,21,ESP32/cnn_webassembly_esp32/reports/20261009T030249020912Z/report.csv,12996
a0040.raw,1,0,255,0,0,1,6146.581,2,equal,2,519.571,1945464,1945136,0,1842120,1842120,0,21,ESP32/cnn_webassembly_esp32/reports/20261009T030249020912Z/report.csv,12996
a0041.raw,1,0,255,0,0,1,6131.717,2,equal,2,504.638,1945464,1945132,0,1842120,1842120,0,21,ESP32/cnn_webassembly_esp32/reports/20261009T030249020912Z/report.csv,12996
a0042.raw,1,0,255,0,0,1,6136.638,2,equal,2,522.408,1945464,1945132,0,1842120,1842120,0,21,ESP32/cnn_webassembly_esp32/reports/20261009T030249020912Z/report.csv,12996
a0043.raw,1,0,255,0,0,1,6124.918,2,equal,2,583.294,1945252,1945136,0,1842120,1842120,0,21,ESP32/cnn_webassembly_esp32/reports/20261009T030249020912Z/report.csv,12996
a0044.raw,1,0,255,0,0,1,6141.425,2,equal,2,547.235,1945468,1945136,0,1842120,1842120,0,21,ESP32/cnn_webassembly_esp32/reports/20261009T030249020912Z/report.csv,12996
a0045.raw,1,0,255,0,0,1,6156.755,2,equal,2,489.590,1945256,1945140,0,1842120,1842120,0,21,ESP32/cnn_webassembly_esp32/reports/20261009T030249020912Z/report.csv,12996
a0046.raw,1,0,255,0,0,1,6143.798,2,equal,2,505.849,1945256,1945140,0,1842120,1842120,0,21,ESP32/cnn_webassembly_esp32/reports/20261009T030249020912Z/report.csv,12996
a0047.raw,1,4,251,0,0,1,6151.271,2,equal,2,585.883,1945468,1945144,0,1842120,1842120,0,21,ESP32/cnn_webassembly_esp32/reports/20261009T030249020912Z/report.csv,12996
a0048.raw,1,0,255,0,0,1,6138.608,2,equal,2,519.949,1945256,1945136,0,1842120,1842120,0,21,ESP32/cnn_webassembly_esp32/reports/20261009T030249020912Z/report.csv,12996
a0049.raw,1,0,255,0,0,1,6136.465,2,equal,2,554.519,1945468,1945140,0,1842120,1842120,0,21,ESP32/cnn_webassembly_esp32/reports/20261009T030249020912Z/report.csv,12996
a0050.raw,1,0,255,0,0,1,6151.763,2,equal,2,607.257,1945256,1945136,0,1842120,1842120,0,21,ESP32/cnn_webassembly_esp32/reports/20261009T030249020912Z/report.csv,12996
a0051.raw,1,0,255,0,0,1,6134.254,2,equal,2,577.762,1945468,1945140,0,1842120,1842120,0,21,ESP32/cnn_webassembly_esp32/reports/20261009T030249020912Z/report.csv,12996
a0052.raw,1,4,251,0,0,1,6131.026,2,equal,2,521.295,1945260,1945140,0,1842120,1842120,0,21,ESP32/cnn_webassembly_esp32/reports/20261009T030249020912Z/report.csv,12996
a0053.raw,1,187,68,1,0,0,6139.081,2,equal,2,546.121,1945260,1945144,0,1842120,1842120,0,21,ESP32/cnn_webassembly_esp32/reports/20261009T030249020912Z/report.csv,12996
a0054.raw,1,255,0,1,0,0,6140.98,2,equal,2,699.885,1945472,1945144,0,1842120,1842120,0,21,ESP32/cnn_webassembly_esp32/reports/20261009T030249020912Z/report.csv,12996
a0055.raw,1,1,254,0,0,1,6129.552,2,equal,2,551.508,1945472,1945144,0,1842120,1842120,0,21,ESP32/cnn_webassembly_esp32/reports/20261009T030249020912Z/report.csv,12996
a0056.raw,1,4,251,0,0,1,6137.868,2,equal,2,570.259,1945472,1945144,0,1842120,1842120,0,21,ESP32/cnn_webassembly_esp32/reports/20261009T030249020912Z/report.csv,12996
a0057.raw,1,4,251,0,0,1,6145.332,2,equal,2,514.731,1945260,1945144,0,1842120,1842120,0,21,ESP32/cnn_webassembly_esp32/reports/20261009T030249020912Z/report.csv,12996
a0058.raw,1,187,68,1,0,0,6128.855,2,equal,2,523.779,1945472,1945144,0,1842120,1842120,0,21,ESP32/cnn_webassembly_esp32/reports/20261009T030249020912Z/report.csv,12996
a0059.raw,1,0,255,0,0,1,6143.739,2,equal,2,522.845,1945256,1945140,0,1842120,1842120,0,21,ESP32/cnn_webassembly_esp32/reports/20261009T030249020912Z/report.csv,12996
a0060.raw,1,1,254,0,0,1,6133.516,2,equal,2,504.726,1945256,1945140,0,1842120,1842120,0,21,ESP32/cnn_webassembly_esp32/reports/20261009T030249020912Z/report.csv,12996
a0061.raw,1,68,187,0,0,1,6142.234,2,equal,2,629.198,1945468,1945140,0,1842120,1842120,0,21,ESP32/cnn_webassembly_esp32/reports/20261009T030249020912Z/report.csv,12996
a0062.raw,1,30,225,0,0,1,6198.204,16,mode,15,897.921,1945468,1945140,0,1842120,1842120,0,22,ESP32/cnn_webassembly_esp32/reports/20261009T100046423575Z/report.csv,12964
a0063.raw,1,0,255,0,0,1,6136.413,2,equal,2,565.901,1945468,1945140,0,1842120,1842120,0,21,ESP32/cnn_webassembly_esp32/reports/20261009T030249020912Z/report.csv,12996
a0064.raw,1,0,255,0,0,1,6138.933,2,equal,2,546.209,1945256,1945136,0,1842120,1842120,0,21,ESP32/cnn_webassembly_esp32/reports/20261009T030249020912Z/report.csv,12996
a0065.raw,1,0,255,0,0,1,6131.609,2,equal,2,520.440,1945468,1945140,0,1842120,1842120,0,21,ESP32/cnn_webassembly_esp32/reports/20261009T030249020912Z/report.csv,12996
a0066.raw,1,30,225,0,0,1,6130.591,2,equal,2,569.401,1945468,1945136,0,1842120,1842120,0,21,ESP32/cnn_webassembly_esp32/reports/20261009T030249020912Z/report.csv,12996
a0067.raw,1,0,255,0,0,1,6131.093,2,equal,2,500.198,1945256,1945140,0,1842120,1842120,0,21,ESP32/cnn_webassembly_esp32/reports/20261009T030249020912Z/report.csv,12996
a0068.raw,1,0,255,0,0,1,6136.249,2,equal,2,533.618,1945468,1945128,0,1842120,1842120,0,21,ESP32/cnn_webassembly_esp32/reports/20261009T030249020912Z/report.csv,12996
a0069.raw,1,0,255,0,0,1,6152.698,2,equal,2,743.655,1945468,1945124,0,1842120,1842120,0,21,ESP32/cnn_webassembly_esp32/reports/20261009T030249020912Z/report.csv,12996
a0070.raw,1,0,255,0,0,1,6168.005,2,equal,2,532.774,1945464,1945140,0,1842120,1842120,0,21,ESP32/cnn_webassembly_esp32/reports/20261009T030249020912Z/report.csv,12996
a0071.raw,1,0,255,0,0,1,6173.745,2,equal,2,504.312,1945252,1945132,0,1842120,1842120,0,21,ESP32/cnn_webassembly_esp32/reports/20261009T030249020912Z/report.csv,12996
a0072.raw,1,0,255,0,0,1,6169.015,2,equal,2,925.566,1945468,1945128,0,1842120,1842120,0,21,ESP32/cnn_webassembly_esp32/reports/20261009T030249020912Z/report.csv,12996
a0073.raw,1,0,255,0,0,1,6162.035,2,equal,2,525.391,1945468,1945136,0,1842120,1842120,0,21,ESP32/cnn_webassembly_esp32/reports/20261009T030249020912Z/report.csv,12996
a0074.raw,1,0,255,0,0,1,6172.092,2,equal,2,670.062,1945492,1945140,0,1842120,1842120,0,21,ESP32/cnn_webassembly_esp32/reports/20261009T030249020912Z/report.csv,12996
a0075.raw,1,0,255,0,0,1,6179.884,2,equal,2,838.712,1945680,1945144,0,1842120,1842120,0,21,ESP32/cnn_webassembly_esp32/reports/20261009T030249020912Z/report.csv,12996
a0076.raw,1,0,255,0,0,1,6168.895,2,equal,2,892.665,1945896,1945352,0,1842120,1842120,0,21,ESP32/cnn_webassembly_esp32/reports/20261009T030249020912Z/report.csv,12996
a0077.raw,1,0,255,0,0,1,6174.137,2,equal,2,845.133,1946132,1945568,0,1842120,1842120,0,21,ESP32/cnn_webassembly_esp32/reports/20261009T030249020912Z/report.csv,12996
a0078.raw,1,0,255,0,0,1,6165.705,2,equal,2,1090.285,1946320,1945784,0,1842120,1842120,0,21,ESP32/cnn_webassembly_esp32/reports/20261009T030249020912Z/report.csv,12996
a0079.raw,1,0,255,0,0,1,6177.395,2,equal,2,856.538,1946532,1945992,0,1842120,1842120,0,21,ESP32/cnn_webassembly_esp32/reports/20261009T030249020912Z/report.csv,12996
a0080.raw,1,0,255,0,0,1,6157.348,2,equal,2,496.621,1946768,1946204,0,1842120,1842120,0,21,ESP32/cnn_webassembly_esp32/reports/20261009T030249020912Z/report.csv,12996
a0081.raw,1,0,255,0,0,1,6178.249,2,equal,2,527.077,1946956,1946416,0,1842120,1842120,0,21,ESP32/cnn_webassembly_esp32/reports/20261009T030249020912Z/report.csv,12996
a0082.raw,1,0,255,0,0,1,6165.092,16,mode,15,488.911,1947164,1946624,0,1842120,1842120,0,21,ESP32/cnn_webassembly_esp32/reports/20261009T030249020912Z/report.csv,12996
a0083.raw,1,0,255,0,0,1,6161.666,2,equal,2,522.486,1947404,1946832,0,1842120,1842120,0,21,ESP32/cnn_webassembly_esp32/reports/20261009T030249020912Z/report.csv,12996
a0084.raw,1,0,255,0,0,1,6177.642,2,equal,2,544.909,1947588,1947044,0,1842120,1842120,0,21,ESP32/cnn_webassembly_esp32/reports/20261009T030249020912Z/report.csv,12996
a0085.raw,1,0,255,0,0,1,6182.472,2,equal,2,555.871,1947800,1947260,0,1842120,1842120,0,21,ESP32/cnn_webassembly_esp32/reports/20261009T030249020912Z/report.csv,12996
a0086.raw,1,0,255,0,0,1,6173.303,2,equal,2,771.206,1948040,1947472,0,1842120,1842120,0,21,ESP32/cnn_webassembly_esp32/reports/20261009T030249020912Z/report.csv,12996
a0087.raw,1,0,255,0,0,1,6169.728,2,equal,2,564.058,1948224,1947680,0,1842120,1842120,0,21,ESP32/cnn_webassembly_esp32/reports/20261009T030249020912Z/report.csv,12996
a0088.raw,1,0,255,0,0,1,6165.859,2,equal,2,539.192,1948436,1947892,0,1842120,1842120,0,21,ESP32/cnn_webassembly_esp32/reports/20261009T030249020912Z/report.csv,12996
a0089.raw,1,0,255,0,0,1,6176.358,2,equal,2,581.368,1948676,1948108,0,1842120,1842120,0,21,ESP32/cnn_webassembly_esp32/reports/20261009T030249020912Z/report.csv,12996
a0090.raw,1,0,255,0,0,1,6161.806,2,equal,2,669.262,1948860,1948328,0,1842120,1842120,0,21,ESP32/cnn_webassembly_esp32/reports/20261009T030249020912Z/report.csv,12996
a0091.raw,1,0,255,0,0,1,6157.45,2,equal,2,524.388,1949100,1948540,0,1842120,1842120,0,21,ESP32/cnn_webassembly_esp32/reports/20261009T030249020912Z/report.csv,12996
a0092.raw,1,0,255,0,0,1,6168.424,2,equal,2,535.873,1949120,1948752,0,1842120,1842120,0,21,ESP32/cnn_webassembly_esp32/reports/20261009T030249020912Z/report.csv,12996
a0093.raw,1,0,255,0,0,1,6167.913,2,equal,2,597.290,1949100,1948740,0,1842120,1842120,0,21,ESP32/cnn_webassembly_esp32/reports/20261009T030249020912Z/report.csv,12996
a0094.raw,1,0,255,0,0,1,6172.781,2,equal,2,539.124,1949100,1948744,0,1842120,1842120,0,21,ESP32/cnn_webassembly_esp32/reports/20261009T030249020912Z/report.csv,12996
a0095.raw,1,0,255,0,0,1,6179.319,2,equal,2,520.440,1949120,1948744,0,1842120,1842120,0,21,ESP32/cnn_webassembly_esp32/reports/20261009T030249020912Z/report.csv,12996
a0096.raw,1,0,255,0,0,1,6183.305,2,equal,2,550.237,1949100,1948728,0,1842120,1842120,0,21,ESP32/cnn_webassembly_esp32/reports/20261009T030249020912Z/report.csv,12996
a0097.raw,1,0,255,0,0,1,6180.385,2,equal,2,780.361,1949100,1948752,0,1842120,1842120,0,21,ESP32/cnn_webassembly_esp32/reports/20261009T030249020912Z/report.csv,12996
a0098.raw,1,0,255,0,0,1,6182.898,2,equal,2,530.291,1949120,1948744,0,1842120,1842120,0,21,ESP32/cnn_webassembly_esp32/reports/20261009T030249020912Z/report.csv,12996
a0099.raw,1,0,255,0,0,1,6186.068,2,equal,2,560.241,1949100,1948740,0,1842120,1842120,0,21,ESP32/cnn_webassembly_esp32/reports/20261009T030249020912Z/report.csv,12996
a0100.raw,1,0,255,0,0,1,6182.063,2,equal,2,594.674,1949072,1948744,0,1842120,1842120,0,21,ESP32/cnn_webassembly_esp32/reports/20261009T030249020912Z/report.csv,12996
a0101.raw,1,0,255,0,0,1,6178.211,2,equal,2,570.350,1949120,1948748,0,1842120,1842120,0,21,ESP32/cnn_webassembly_esp32/reports/20261009T030249020912Z/report.csv,12996
a0102.raw,1,0,255,0,0,1,6180.289,2,equal,2,1009.543,1949100,1948736,0,1842120,1842120,0,21,ESP32/cnn_webassembly_esp32/reports/20261009T030249020912Z/report.csv,12996
a0103.raw,1,0,255,0,0,1,6177.738,2,equal,2,533.794,1949100,1948748,0,1842120,1842120,0,21,ESP32/cnn_webassembly_esp32/reports/20261009T030249020912Z/report.csv,12996
a0104.raw,1,0,255,0,0,1,6186.001,2,equal,2,516.131,1949120,1948752,0,1842120,1842120,0,21,ESP32/cnn_webassembly_esp32/reports/20261009T030249020912Z/report.csv,12996
a0105.raw,1,0,255,0,0,1,6179.297,2,equal,2,507.112,1949100,1948736,0,1842120,1842120,0,21,ESP32/cnn_webassembly_esp32/reports/20261009T030249020912Z/report.csv,12996
a0106.raw,1,0,255,0,0,1,6165.758,2,equal,2,515.051,1949100,1948748,0,1842120,1842120,0,21,ESP32/cnn_webassembly_esp32/reports/20261009T030249020912Z/report.csv,12996
a0107.raw,1,0,255,0,0,1,6175.585,2,equal,2,497.224,1949120,1948748,0,1842120,1842120,0,21,ESP32/cnn_webassembly_esp32/reports/20261009T030249020912Z/report.csv,12996
a0108.raw,1,0,255,0,0,1,6174.712,2,equal,2,506.227,1949100,1948728,0,1842120,1842120,0,21,ESP32/cnn_webassembly_esp32/reports/20261009T030249020912Z/report.csv,12996
a0109.raw,1,0,255,0,0,1,6171.014,2,equal,2,541.692,1949100,1948740,0,1842120,1842120,0,21,ESP32/cnn_webassembly_esp32/reports/20261009T030249020912Z/report.csv,12996
a0110.raw,1,0,255,0,0,1,6175.377,2,equal,2,514.493,1949120,1948748,0,1842120,1842120,0,21,ESP32/cnn_webassembly_esp32/reports/20261009T030249020912Z/report.csv,12996
a0111.raw,1,0,255,0,0,1,6179.618,2,equal,2,508.082,1949100,1948728,0,1842120,1842120,0,21,ESP32/cnn_webassembly_esp32/reports/20261009T030249020912Z/report.csv,12996
a0112.raw,1,0,255,0,0,1,6175.569,2,equal,2,503.528,1949100,1948748,0,1842120,1842120,0,21,ESP32/cnn_webassembly_esp32/reports/20261009T030249020912Z/report.csv,12996
a0113.raw,1,0,255,0,0,1,6176.576,2,equal,2,497.506,1949120,1948748,0,1842120,1842120,0,21,ESP32/cnn_webassembly_esp32/reports/20261009T030249020912Z/report.csv,12996
a0114.raw,1,0,255,0,0,1,6178.37,2,equal,2,533.073,1949100,1948736,0,1842120,1842120,0,21,ESP32/cnn_webassembly_esp32/reports/20261009T030249020912Z/report.csv,12996
a0115.raw,1,0,255,0,0,1,6188.092,2,equal,2,598.860,1949100,1948752,0,1842120,1842120,0,21,ESP32/cnn_webassembly_esp32/reports/20261009T030249020912Z/report.csv,12996
a0116.raw,1,0,255,0,0,1,6191.623,2,equal,2,614.468,1949120,1948744,0,1842120,1842120,0,21,ESP32/cnn_webassembly_esp32/reports/20261009T030249020912Z/report.csv,12996
a0117.raw,1,0,255,0,0,1,6199.06,2,equal,2,553.170,1948848,1948736,0,1842120,1842120,0,21,ESP32/cnn_webassembly_esp32/reports/20261009T030249020912Z/report.csv,12996
a0118.raw,1,0,255,0,0,1,6179.435,2,equal,2,524.337,1948636,1948516,0,1842120,1842120,0,21,ESP32/cnn_webassembly_esp32/reports/20261009T030249020912Z/report.csv,12996
a0119.raw,1,0,255,0,0,1,6170.253,2,equal,2,556.118,1948424,1948316,0,1842120,1842120,0,21,ESP32/cnn_webassembly_esp32/reports/20261009T030249020912Z/report.csv,12996
a0120.raw,1,0,255,0,0,1,6169.835,2,equal,2,593.292,1948212,1948092,0,1842120,1842120,0,21,ESP32/cnn_webassembly_esp32/reports/20261009T030249020912Z/report.csv,12996
a0121.raw,1,0,255,0,0,1,6186.815,2,equal,2,550.561,1948000,1947880,0,1842120,1842120,0,21,ESP32/cnn_webassembly_esp32/reports/20261009T030249020912Z/report.csv,12996
a0122.raw,1,0,255,0,0,1,6182.874,2,equal,2,518.554,1947788,1947672,0,1842120,1842120,0,21,ESP32/cnn_webassembly_esp32/reports/20261009T030249020912Z/report.csv,12996
a0123.raw,1,0,255,0,0,1,6184.285,2,equal,2,521.800,1947576,1947456,0,1842120,1842120,0,21,ESP32/cnn_webassembly_esp32/reports/20261009T030249020912Z/report.csv,12996
a0124.raw,1,0,255,0,0,1,6180.056,2,equal,2,527.304,1947364,1947244,0,1842120,1842120,0,21,ESP32/cnn_webassembly_esp32/reports/20261009T030249020912Z/report.csv,12996
a0125.raw,1,4,251,0,0,1,6187.12,2,equal,2,525.353,1947152,1947032,0,1842120,1842120,0,21,ESP32/cnn_webassembly_esp32/reports/20261009T030249020912Z/report.csv,12996
a0126.raw,1,0,255,0,0,1,6176.116,2,equal,2,541.261,1946940,1946820,0,1842120,1842120,0,21,ESP32/cnn_webassembly_esp32/reports/20261009T030249020912Z/report.csv,12996
a0127.raw,1,0,255,0,0,1,6169.792,2,equal,2,532.081,1946728,1946608,0,1842120,1842120,0,21,ESP32/cnn_webassembly_esp32/reports/20261009T030249020912Z/report.csv,12996
a0128.raw,1,0,255,0,0,1,6179.617,2,equal,2,509.084,1946516,1946396,0,1842120,1842120,0,21,ESP32/cnn_webassembly_esp32/reports/20261009T030249020912Z/report.csv,12996
a0129.raw,1,0,255,0,0,1,6176.943,2,equal,2,535.144,1946304,1946188,0,1842120,1842120,0,21,ESP32/cnn_webassembly_esp32/reports/20261009T030249020912Z/report.csv,12996
a0130.raw,1,0,255,0,0,1,6170.201,2,equal,2,536.538,1946092,1945976,0,1842120,1842120,0,21,ESP32/cnn_webassembly_esp32/reports/20261009T030249020912Z/report.csv,12996
a0131.raw,1,0,255,0,0,1,6180.471,2,equal,2,506.105,1945880,1945760,0,1842120,1842120,0,21,ESP32/cnn_webassembly_esp32/reports/20261009T030249020912Z/report.csv,12996
a0132.raw,1,0,255,0,0,1,6170.331,2,equal,2,522.562,1945668,1945548,0,1842120,1842120,0,21,ESP32/cnn_webassembly_esp32/reports/20261009T030249020912Z/report.csv,12996
a0133.raw,1,0,255,0,0,1,6181.556,2,equal,2,538.539,1945456,1945336,0,1842120,1842120,0,21,ESP32/cnn_webassembly_esp32/reports/20261009T030249020912Z/report.csv,12996
a0134.raw,1,0,255,0,0,1,6176.614,2,equal,2,816.914,1945468,1945128,0,1842120,1842120,0,21,ESP32/cnn_webassembly_esp32/reports/20261009T030249020912Z/report.csv,12996
a0135.raw,1,0,255,0,0,1,6187.145,2,equal,2,499.178,1945468,1945140,0,1842120,1842120,0,21,ESP32/cnn_webassembly_esp32/reports/20261009T030249020912Z/report.csv,12996
a0136.raw,1,0,255,0,0,1,6166.931,2,equal,2,507.123,1945468,1945140,0,1842120,1842120,0,21,ESP32/cnn_webassembly_esp32/reports/20261009T030249020912Z/report.csv,12996
a0137.raw,1,0,255,0,0,1,6186.747,2,equal,2,517.811,1945468,1945140,0,1842120,1842120,0,21,ESP32/cnn_webassembly_esp32/reports/20261009T030249020912Z/report.csv,12996
a0138.raw,1,0,255,0,0,1,6178.405,2,equal,2,490.312,1945476,1945136,0,1842120,1842120,0,21,ESP32/cnn_webassembly_esp32/reports/20261009T030249020912Z/report.csv,12996
a0139.raw,1,0,255,0,0,1,6176.577,2,equal,2,526.426,1945468,1945144,0,1842120,1842120,0,21,ESP32/cnn_webassembly_esp32/reports/20261009T030249020912Z/report.csv,12996
a0140.raw,1,0,255,0,0,1,6176.768,2,equal,2,547.176,1945468,1945140,0,1842120,1842120,0,21,ESP32/cnn_webassembly_esp32/reports/20261009T030249020912Z/report.csv,12996
a0141.raw,1,0,255,0,0,1,6183.539,2,equal,2,565.096,1945468,1945140,0,1842120,1842120,0,21,ESP32/cnn_webassembly_esp32/reports/20261009T030249020912Z/report.csv,12996
a0142.raw,1,0,255,0,0,1,6171.879,2,equal,2,561.649,1945468,1945140,0,1842120,1842120,0,21,ESP32/cnn_webassembly_esp32/reports/20261009T030249020912Z/report.csv,12996
a0143.raw,1,0,255,0,0,1,6172.876,2,equal,2,508.353,1945468,1945140,0,1842120,1842120,0,21,ESP32/cnn_webassembly_esp32/reports/20261009T030249020912Z/report.csv,12996
a0144.raw,1,0,255,0,0,1,6184.56,2,equal,2,691.460,1945468,1945140,0,1842120,1842120,0,21,ESP32/cnn_webassembly_esp32/reports/20261009T030249020912Z/report.csv,12996
a0145.raw,1,0,255,0,0,1,6168.739,2,equal,2,561.021,1945468,1945140,0,1842120,1842120,0,21,ESP32/cnn_webassembly_esp32/reports/20261009T030249020912Z/report.csv,12996
a0146.raw,1,0,255,0,0,1,6173.365,2,equal,2,509.010,1945468,1945140,0,1842120,1842120,0,21,ESP32/cnn_webassembly_esp32/reports/20261009T030249020912Z/report.csv,12996
a0147.raw,1,0,255,0,0,1,6177.315,2,equal,2,516.457,1945468,1945140,0,1842120,1842120,0,21,ESP32/cnn_webassembly_esp32/reports/20261009T030249020912Z/report.csv,12996
a0148.raw,1,0,255,0,0,1,6176.696,2,equal,2,542.640,1945468,1945140,0,1842120,1842120,0,21,ESP32/cnn_webassembly_esp32/reports/20261009T030249020912Z/report.csv,12996
a0149.raw,1,0,255,0,0,1,6186.071,2,equal,2,618.612,1945468,1945140,0,1842120,1842120,0,21,ESP32/cnn_webassembly_esp32/reports/20261009T030249020912Z/report.csv,12996
a0150.raw,1,0,255,0,0,1,6161.373,2,equal,2,499.466,1945468,1945140,0,1842120,1842120,0,21,ESP32/cnn_webassembly_esp32/reports/20261009T030249020912Z/report.csv,12996
a0151.raw,1,0,255,0,0,1,6184.229,2,equal,2,535.426,1945468,1945140,0,1842120,1842120,0,21,ESP32/cnn_webassembly_esp32/reports/20261009T030249020912Z/report.csv,12996
a0152.raw,1,0,255,0,0,1,6180.921,2,equal,2,539.161,1945468,1945140,0,1842120,1842120,0,21,ESP32/cnn_webassembly_esp32/reports/20261009T030249020912Z/report.csv,12996
a0153.raw,1,0,255,0,0,1,6180.705,2,equal,2,534.900,1945468,1945140,0,1842120,1842120,0,21,ESP32/cnn_webassembly_esp32/reports/20261009T030249020912Z/report.csv,12996
a0154.raw,1,0,255,0,0,1,6168.449,2,equal,2,517.589,1945468,1945140,0,1842120,1842120,0,21,ESP32/cnn_webassembly_esp32/reports/20261009T030249020912Z/report.csv,12996
a0155.raw,1,0,255,0,0,1,6177.484,2,equal,2,662.879,1945464,1945136,0,1842120,1842120,0,21,ESP32/cnn_webassembly_esp32/reports/20261009T030249020912Z/report.csv,12996
a0156.raw,1,0,255,0,0,1,6179.458,2,equal,2,519.269,1945464,1945136,0,1842120,1842120,0,21,ESP32/cnn_webassembly_esp32/reports/20261009T030249020912Z/report.csv,12996
a0157.raw,1,0,255,0,0,1,6181.624,2,equal,2,537.543,1945464,1945136,0,1842120,1842120,0,21,ESP32/cnn_webassembly_esp32/reports/20261009T030249020912Z/report.csv,12996
a0158.raw,1,0,255,0,0,1,6182.804,2,equal,2,546.400,1945464,1945132,0,1842120,1842120,0,21,ESP32/cnn_webassembly_esp32/reports/20261009T030249020912Z/report.csv,12996
a0159.raw,1,0,255,0,0,1,6182.002,2,equal,2,527.731,1945464,1945136,0,1842120,1842120,0,21,ESP32/cnn_webassembly_esp32/reports/20261009T030249020912Z/report.csv,12996
a0160.raw,1,0,255,0,0,1,6184.72,2,equal,2,554.322,1945460,1945128,0,1842120,1842120,0,21,ESP32/cnn_webassembly_esp32/reports/20261009T030249020912Z/report.csv,12996
a0161.raw,1,0,255,0,0,1,6175.395,2,equal,2,530.085,1945488,1945128,0,1842120,1842120,0,21,ESP32/cnn_webassembly_esp32/reports/20261009T030249020912Z/report.csv,12996
a0162.raw,1,0,255,0,0,1,6184.172,2,equal,2,525.003,1945448,1945124,0,1842120,1842120,0,21,ESP32/cnn_webassembly_esp32/reports/20261009T030249020912Z/report.csv,12996
a0163.raw,1,0,255,0,0,1,6178.766,2,equal,2,503.883,1945448,1945120,0,1842120,1842120,0,21,ESP32/cnn_webassembly_esp32/reports/20261009T030249020912Z/report.csv,12996
a0164.raw,1,0,255,0,0,1,6179.601,2,equal,2,520.691,1945448,1945120,0,1842120,1842120,0,21,ESP32/cnn_webassembly_esp32/reports/20261009T030249020912Z/report.csv,12996
a0165.raw,1,0,255,0,0,1,6181.311,2,equal,2,514.693,1945448,1945120,0,1842120,1842120,0,21,ESP32/cnn_webassembly_esp32/reports/20261009T030249020912Z/report.csv,12996
a0166.raw,1,0,255,0,0,1,6186.253,2,equal,2,529.420,1945448,1945120,0,1842120,1842120,0,21,ESP32/cnn_webassembly_esp32/reports/20261009T030249020912Z/report.csv,12996
a0167.raw,1,0,255,0,0,1,6175.035,2,equal,2,547.243,1945448,1945120,0,1842120,1842120,0,21,ESP32/cnn_webassembly_esp32/reports/20261009T030249020912Z/report.csv,12996
a0168.raw,1,0,255,0,0,1,6175.368,2,equal,2,596.770,1945448,1945120,0,1842120,1842120,0,21,ESP32/cnn_webassembly_esp32/reports/20261009T030249020912Z/report.csv,12996
a0169.raw,1,0,255,0,0,1,6185.224,2,equal,2,563.672,1945448,1945120,0,1842120,1842120,0,21,ESP32/cnn_webassembly_esp32/reports/20261009T030249020912Z/report.csv,12996
a0170.raw,1,0,255,0,0,1,6192.481,2,equal,2,734.911,1945448,1945120,0,1842120,1842120,0,21,ESP32/cnn_webassembly_esp32/reports/20261009T030249020912Z/report.csv,12996
a0171.raw,1,0,255,0,0,1,6170.381,2,equal,2,520.720,1945448,1945120,0,1842120,1842120,0,21,ESP32/cnn_webassembly_esp32/reports/20261009T030249020912Z/report.csv,12996
a0172.raw,1,0,255,0,0,1,6187.268,2,equal,2,516.702,1945452,1945116,0,1842120,1842120,0,21,ESP32/cnn_webassembly_esp32/reports/20261009T030249020912Z/report.csv,12996
a0173.raw,1,0,255,0,0,1,6173.776,2,equal,2,536.122,1945452,1945124,0,1842120,1842120,0,21,ESP32/cnn_webassembly_esp32/reports/20261009T030249020912Z/report.csv,12996
a0174.raw,1,0,255,0,0,1,6172.694,2,equal,2,534.527,1945452,1945124,0,1842120,1842120,0,21,ESP32/cnn_webassembly_esp32/reports/20261009T030249020912Z/report.csv,12996
a0175.raw,1,0,255,0,0,1,6181.584,2,equal,2,514.487,1945452,1945120,0,1842120,1842120,0,21,ESP32/cnn_webassembly_esp32/reports/20261009T030249020912Z/report.csv,12996
a0176.raw,1,0,255,0,0,1,6175.725,2,equal,2,658.272,1945452,1945120,0,1842120,1842120,0,21,ESP32/cnn_webassembly_esp32/reports/20261009T030249020912Z/report.csv,12996
a0177.raw,1,0,255,0,0,1,6172.339,2,equal,2,494.612,1945456,1945124,0,1842120,1842120,0,21,ESP32/cnn_webassembly_esp32/reports/20261009T030249020912Z/report.csv,12996
a0178.raw,1,0,255,0,0,1,6173.294,2,equal,2,525.841,1945456,1945128,0,1842120,1842120,0,21,ESP32/cnn_webassembly_esp32/reports/20261009T030249020912Z/report.csv,12996
a0179.raw,1,0,255,0,0,1,6170.311,2,equal,2,702.165,1945468,1945112,0,1842120,1842120,0,21,ESP32/cnn_webassembly_esp32/reports/20261009T030249020912Z/report.csv,12996
a0180.raw,1,0,255,0,0,1,6182.324,2,equal,2,516.216,1945468,1945140,0,1842120,1842120,0,21,ESP32/cnn_webassembly_esp32/reports/20261009T030249020912Z/report.csv,12996
a0181.raw,1,0,255,0,0,1,6181.507,2,equal,2,508.829,1945468,1945128,0,1842120,1842120,0,21,ESP32/cnn_webassembly_esp32/reports/20261009T030249020912Z/report.csv,12996
a0182.raw,1,0,255,0,0,1,6181.491,2,equal,2,505.598,1945468,1945140,0,1842120,1842120,0,21,ESP32/cnn_webassembly_esp32/reports/20261009T030249020912Z/report.csv,12996
a0183.raw,1,0,255,0,0,1,6178.9,2,equal,2,584.664,1945468,1945136,0,1842120,1842120,0,21,ESP32/cnn_webassembly_esp32/reports/20261009T030249020912Z/report.csv,12996
a0184.raw,1,0,255,0,0,1,6190.925,2,equal,2,525.043,1945468,1945136,0,1842120,1842120,0,21,ESP32/cnn_webassembly_esp32/reports/20261009T030249020912Z/report.csv,12996
a0185.raw,1,0,255,0,0,1,6197.821,2,equal,2,1220.367,1945472,1945136,0,1842120,1842120,0,21,ESP32/cnn_webassembly_esp32/reports/20261009T030249020912Z/report.csv,12996
a0186.raw,1,0,255,0,0,1,6183.143,2,equal,2,571.092,1945472,1945144,0,1842120,1842120,0,21,ESP32/cnn_webassembly_esp32/reports/20261009T030249020912Z/report.csv,12996
a0187.raw,1,0,255,0,0,1,6192.225,2,equal,2,510.913,1945472,1945144,0,1842120,1842120,0,21,ESP32/cnn_webassembly_esp32/reports/20261009T030249020912Z/report.csv,12996
a0188.raw,1,0,255,0,0,1,6196.391,2,equal,2,496.373,1945472,1945144,0,1842120,1842120,0,21,ESP32/cnn_webassembly_esp32/reports/20261009T030249020912Z/report.csv,12996
a0189.raw,1,0,255,0,0,1,6193.251,2,equal,2,510.750,1945472,1945140,0,1842120,1842120,0,21,ESP32/cnn_webassembly_esp32/reports/20261009T030249020912Z/report.csv,12996
a0190.raw,1,0,255,0,0,1,6194.431,2,equal,2,591.569,1945472,1945144,0,1842120,1842120,0,21,ESP32/cnn_webassembly_esp32/reports/20261009T030249020912Z/report.csv,12996
a0191.raw,1,0,255,0,0,1,6180.938,2,equal,2,568.033,1945472,1945140,0,1842120,1842120,0,21,ESP32/cnn_webassembly_esp32/reports/20261009T030249020912Z/report.csv,12996
a0192.raw,1,0,255,0,0,1,6178.261,2,equal,2,542.489,1945472,1945140,0,1842120,1842120,0,21,ESP32/cnn_webassembly_esp32/reports/20261009T030249020912Z/report.csv,12996
a0193.raw,1,12,243,0,0,1,6181.359,2,equal,2,559.274,1945472,1945144,0,1842120,1842120,0,21,ESP32/cnn_webassembly_esp32/reports/20261009T030249020912Z/report.csv,12996
a0194.raw,1,30,225,0,0,1,6194.28,2,equal,2,712.215,1945472,1945144,0,1842120,1842120,0,21,ESP32/cnn_webassembly_esp32/reports/20261009T030249020912Z/report.csv,12996
a0195.raw,1,4,251,0,0,1,6185.461,2,equal,2,496.478,1945472,1945132,0,1842120,1842120,0,21,ESP32/cnn_webassembly_esp32/reports/20261009T030249020912Z/report.csv,12996
a0196.raw,1,0,255,0,0,1,6175.784,2,equal,2,535.497,1945472,1945136,0,1842120,1842120,0,21,ESP32/cnn_webassembly_esp32/reports/20261009T030249020912Z/report.csv,12996
a0197.raw,1,0,255,0,0,1,6174.254,2,equal,2,484.913,1945472,1945140,0,1842120,1842120,0,21,ESP32/cnn_webassembly_esp32/reports/20261009T030249020912Z/report.csv,12996
a0198.raw,1,0,255,0,0,1,6179.689,2,equal,2,497.529,1945472,1945144,0,1842120,1842120,0,21,ESP32/cnn_webassembly_esp32/reports/20261009T030249020912Z/report.csv,12996
a0199.raw,1,0,255,0,0,1,6176.106,2,equal,2,639.602,1945472,1945144,0,1842120,1842120,0,21,ESP32/cnn_webassembly_esp32/reports/20261009T030249020912Z/report.csv,12996
a0200.raw,1,12,243,0,0,1,6183.815,2,equal,2,563.093,1945472,1945144,0,1842120,1842120,0,21,ESP32/cnn_webassembly_esp32/reports/20261009T030249020912Z/report.csv,12996
a0201.raw,1,0,255,0,0,1,6183.238,2,equal,2,541.386,1945472,1945144,0,1842120,1842120,0,21,ESP32/cnn_webassembly_esp32/reports/20261009T030249020912Z/report.csv,12996
a0202.raw,1,0,255,0,0,1,6185.685,2,equal,2,575.504,1945468,1945140,0,1842120,1842120,0,21,ESP32/cnn_webassembly_esp32/reports/20261009T030249020912Z/report.csv,12996
a0203.raw,1,0,255,0,0,1,6192.407,2,equal,2,527.140,1945468,1945128,0,1842120,1842120,0,21,ESP32/cnn_webassembly_esp32/reports/20261009T030249020912Z/report.csv,12996
a0204.raw,1,0,255,0,0,1,6180.279,2,equal,2,570.224,1945468,1945140,0,1842120,1842120,0,21,ESP32/cnn_webassembly_esp32/reports/20261009T030249020912Z/report.csv,12996
a0205.raw,1,0,255,0,0,1,6178.436,2,equal,2,545.691,1945468,1945140,0,1842120,1842120,0,21,ESP32/cnn_webassembly_esp32/reports/20261009T030249020912Z/report.csv,12996
a0206.raw,1,0,255,0,0,1,6185.836,2,equal,2,538.901,1945496,1945140,0,1842120,1842120,0,21,ESP32/cnn_webassembly_esp32/reports/20261009T030249020912Z/report.csv,12996
a0207.raw,1,0,255,0,0,1,6188.649,2,equal,2,554.381,1945472,1945136,0,1842120,1842120,0,21,ESP32/cnn_webassembly_esp32/reports/20261009T030249020912Z/report.csv,12996
a0208.raw,1,0,255,0,0,1,6183.116,2,equal,2,546.181,1945472,1945144,0,1842120,1842120,0,21,ESP32/cnn_webassembly_esp32/reports/20261009T030249020912Z/report.csv,12996
a0209.raw,1,4,251,0,0,1,6181.831,2,equal,2,559.522,1945472,1945144,0,1842120,1842120,0,21,ESP32/cnn_webassembly_esp32/reports/20261009T030249020912Z/report.csv,12996
a0210.raw,1,0,255,0,0,1,6182.375,2,equal,2,536.322,1945472,1945140,0,1842120,1842120,0,21,ESP32/cnn_webassembly_esp32/reports/20261009T030249020912Z/report.csv,12996
a0211.raw,1,12,243,0,0,1,6172.532,2,equal,2,533.600,1945472,1945144,0,1842120,1842120,0,21,ESP32/cnn_webassembly_esp32/reports/20261009T030249020912Z/report.csv,12996
a0212.raw,1,254,1,1,0,0,6186.016,2,equal,2,506.788,1945472,1945144,0,1842120,1842120,0,21,ESP32/cnn_webassembly_esp32/reports/20261009T030249020912Z/report.csv,12996
a0213.raw,1,30,225,0,0,1,6181.193,2,equal,2,541.636,1945472,1945144,0,1842120,1842120,0,21,ESP32/cnn_webassembly_esp32/reports/20261009T030249020912Z/report.csv,12996
a0214.raw,1,0,255,0,0,1,6179.268,2,equal,2,533.334,1945472,1945144,0,1842120,1842120,0,21,ESP32/cnn_webassembly_esp32/reports/20261009T030249020912Z/report.csv,12996
a0215.raw,1,0,255,0,0,1,6187.51,2,equal,2,571.431,1945472,1945144,0,1842120,1842120,0,21,ESP32/cnn_webassembly_esp32/reports/20261009T030249020912Z/report.csv,12996
a0216.raw,1,0,255,0,0,1,6203.188,2,equal,2,542.579,1945472,1945144,0,1842120,1842120,0,21,ESP32/cnn_webassembly_esp32/reports/20261009T030249020912Z/report.csv,12996
a0217.raw,1,0,255,0,0,1,6194.542,2,equal,2,524.339,1945472,1945144,0,1842120,1842120,0,21,ESP32/cnn_webassembly_esp32/reports/20261009T030249020912Z/report.csv,12996
a0218.raw,1,0,255,0,0,1,6190.896,2,equal,2,617.126,1945472,1945144,0,1842120,1842120,0,21,ESP32/cnn_webassembly_esp32/reports/20261009T030249020912Z/report.csv,12996
a0219.raw,1,0,255,0,0,1,6199.402,2,equal,2,498.691,1945472,1945144,0,1842120,1842120,0,21,ESP32/cnn_webassembly_esp32/reports/20261009T030249020912Z/report.csv,12996
a0220.raw,1,0,255,0,0,1,6192.139,2,equal,2,505.948,1945468,1945144,0,1842120,1842120,0,21,ESP32/cnn_webassembly_esp32/reports/20261009T030249020912Z/report.csv,12996
a0221.raw,1,4,251,0,0,1,6186.479,2,equal,2,473.125,1945468,1945140,0,1842120,1842120,0,21,ESP32/cnn_webassembly_esp32/reports/20261009T030249020912Z/report.csv,12996
a0222.raw,1,0,255,0,0,1,6187.819,2,equal,2,507.902,1945468,1945132,0,1842120,1842120,0,21,ESP32/cnn_webassembly_esp32/reports/20261009T030249020912Z/report.csv,12996
a0223.raw,1,0,255,0,0,1,6185.785,2,equal,2,524.230,1945468,1945140,0,1842120,1842120,0,21,ESP32/cnn_webassembly_esp32/reports/20261009T030249020912Z/report.csv,12996
a0224.raw,1,0,255,0,0,1,6179.863,2,equal,2,561.276,1945468,1945144,0,1842120,1842120,0,21,ESP32/cnn_webassembly_esp32/reports/20261009T030249020912Z/report.csv,12996
a0225.raw,1,0,255,0,0,1,6177.669,2,equal,2,520.364,1945472,1945140,0,1842120,1842120,0,21,ESP32/cnn_webassembly_esp32/reports/20261009T030249020912Z/report.csv,12996
a0226.raw,1,0,255,0,0,1,6183.246,2,equal,2,505.532,1945472,1945144,0,1842120,1842120,0,21,ESP32/cnn_webassembly_esp32/reports/20261009T030249020912Z/report.csv,12996
a0227.raw,1,12,243,0,0,1,6180.53,2,equal,2,546.642,1945472,1945140,0,1842120,1842120,0,21,ESP32/cnn_webassembly_esp32/reports/20261009T030249020912Z/report.csv,12996
a0228.raw,1,0,255,0,0,1,6185.92,2,equal,2,538.157,1945472,1945140,0,1842120,1842120,0,21,ESP32/cnn_webassembly_esp32/reports/20261009T030249020912Z/report.csv,12996
a0229.raw,1,0,255,0,0,1,6184.024,2,equal,2,551.219,1945472,1945140,0,1842120,1842120,0,21,ESP32/cnn_webassembly_esp32/reports/20261009T030249020912Z/report.csv,12996
a0230.raw,1,0,255,0,0,1,6183.007,2,equal,2,506.438,1945472,1945144,0,1842120,1842120,0,21,ESP32/cnn_webassembly_esp32/reports/20261009T030249020912Z/report.csv,12996
a0231.raw,1,68,187,0,0,1,6177.167,18,mode,17,498.031,1945472,1945140,0,1842120,1842120,0,21,ESP32/cnn_webassembly_esp32/reports/20261009T030249020912Z/report.csv,12996
a0232.raw,1,4,251,0,0,1,6185.959,2,equal,2,583.404,1945472,1945132,0,1842120,1842120,0,21,ESP32/cnn_webassembly_esp32/reports/20261009T030249020912Z/report.csv,12996
a0233.raw,1,0,255,0,0,1,6178.477,2,equal,2,570.915,1945472,1945136,0,1842120,1842120,0,21,ESP32/cnn_webassembly_esp32/reports/20261009T030249020912Z/report.csv,12996
a0234.raw,1,0,255,0,0,1,6173.689,2,equal,2,542.453,1945472,1945144,0,1842120,1842120,0,21,ESP32/cnn_webassembly_esp32/reports/20261009T030249020912Z/report.csv,12996
a0235.raw,1,4,251,0,0,1,6182.923,2,equal,2,555.984,1945472,1945144,0,1842120,1842120,0,21,ESP32/cnn_webassembly_esp32/reports/20261009T030249020912Z/report.csv,12996
a0236.raw,1,1,254,0,0,1,6182.177,2,equal,2,557.949,1945472,1945144,0,1842120,1842120,0,21,ESP32/cnn_webassembly_esp32/reports/20261009T030249020912Z/report.csv,12996
a0237.raw,1,12,243,0,0,1,6177.173,2,equal,2,727.618,1945472,1945140,0,1842120,1842120,0,21,ESP32/cnn_webassembly_esp32/reports/20261009T030249020912Z/report.csv,12996
a0238.raw,1,0,255,0,0,1,6176.925,2,equal,2,553.869,1945472,1945140,0,1842120,1842120,0,21,ESP32/cnn_webassembly_esp32/reports/20261009T030249020912Z/report.csv,12996
a0239.raw,1,0,255,0,0,1,6188.345,2,equal,2,556.409,1945472,1945132,0,1842120,1842120,0,21,ESP32/cnn_webassembly_esp32/reports/20261009T030249020912Z/report.csv,12996
a0240.raw,1,225,30,1,0,0,6183.92,2,equal,2,535.022,1945472,1945140,0,1842120,1842120,0,21,ESP32/cnn_webassembly_esp32/reports/20261009T030249020912Z/report.csv,12996
a0241.raw,1,30,225,0,0,1,6187.009,2,equal,2,527.894,1945472,1945144,0,1842120,1842120,0,21,ESP32/cnn_webassembly_esp32/reports/20261009T030249020912Z/report.csv,12996
a0242.raw,1,4,251,0,0,1,6186.673,2,equal,2,554.769,1945472,1945132,0,1842120,1842120,0,21,ESP32/cnn_webassembly_esp32/reports/20261009T030249020912Z/report.csv,12996
a0243.raw,1,0,255,0,0,1,6179.323,2,equal,2,516.096,1945472,1945132,0,1842120,1842120,0,21,ESP32/cnn_webassembly_esp32/reports/20261009T030249020912Z/report.csv,12996
a0244.raw,1,0,255,0,0,1,6188.375,2,equal,2,592.407,1945472,1945140,0,1842120,1842120,0,21,ESP32/cnn_webassembly_esp32/reports/20261009T030249020912Z/report.csv,12996
a0245.raw,1,0,255,0,0,1,6179.529,2,equal,2,589.866,1945472,1945140,0,1842120,1842120,0,21,ESP32/cnn_webassembly_esp32/reports/20261009T030249020912Z/report.csv,12996
a0246.raw,1,0,255,0,0,1,6185.167,2,equal,2,550.253,1945472,1945140,0,1842120,1842120,0,21,ESP32/cnn_webassembly_esp32/reports/20261009T030249020912Z/report.csv,12996
a0247.raw,1,0,255,0,0,1,6185.077,2,equal,2,567.042,1945468,1945144,0,1842120,1842120,0,21,ESP32/cnn_webassembly_esp32/reports/20261009T030249020912Z/report.csv,12996
a0248.raw,1,0,255,0,0,1,6179.462,2,equal,2,517.259,1945468,1945144,0,1842120,1842120,0,21,ESP32/cnn_webassembly_esp32/reports/20261009T030249020912Z/report.csv,12996
a0249.raw,1,0,255,0,0,1,6190.413,2,equal,2,507.621,1945468,1945144,0,1842120,1842120,0,21,ESP32/cnn_webassembly_esp32/reports/20261009T030249020912Z/report.csv,12996
a0250.raw,1,0,255,0,0,1,6183.663,2,equal,2,557.918,1945468,1945136,0,1842120,1842120,0,21,ESP32/cnn_webassembly_esp32/reports/20261009T030249020912Z/report.csv,12996
a0251.raw,1,0,255,0,0,1,6188.633,2,equal,2,489.137,1945496,1945140,0,1842120,1842120,0,21,ESP32/cnn_webassembly_esp32/reports/20261009T030249020912Z/report.csv,12996
a0252.raw,1,0,255,0,0,1,6191.478,2,equal,2,538.143,1945468,1945148,0,1842120,1842120,0,21,ESP32/cnn_webassembly_esp32/reports/20261009T030249020912Z/report.csv,12996
a0253.raw,1,0,255,0,0,1,6190.521,2,equal,2,500.131,1945468,1945140,0,1842120,1842120,0,21,ESP32/cnn_webassembly_esp32/reports/20261009T030249020912Z/report.csv,12996
a0254.raw,1,0,255,0,0,1,6183.522,2,equal,2,553.524,1945468,1945136,0,1842120,1842120,0,21,ESP32/cnn_webassembly_esp32/reports/20261009T030249020912Z/report.csv,12996
a0255.raw,1,0,255,0,0,1,6201.527,2,equal,2,519.371,1945468,1945136,0,1842120,1842120,0,21,ESP32/cnn_webassembly_esp32/reports/20261009T030249020912Z/report.csv,12996
a0256.raw,1,0,255,0,0,1,6190.15,2,equal,2,685.444,1945468,1945140,0,1842120,1842120,0,21,ESP32/cnn_webassembly_esp32/reports/20261009T030249020912Z/report.csv,12996
a0257.raw,1,0,255,0,0,1,6188.242,2,equal,2,538.120,1945468,1945140,0,1842120,1842120,0,21,ESP32/cnn_webassembly_esp32/reports/20261009T030249020912Z/report.csv,12996
a0258.raw,1,0,255,0,0,1,6179.681,2,equal,2,539.243,1945468,1945140,0,1842120,1842120,0,21,ESP32/cnn_webassembly_esp32/reports/20261009T030249020912Z/report.csv,12996
a0259.raw,1,0,255,0,0,1,6182.94,2,equal,2,503.048,1945468,1945140,0,1842120,1842120,0,21,ESP32/cnn_webassembly_esp32/reports/20261009T030249020912Z/report.csv,12996
a0260.raw,1,0,255,0,0,1,6193.593,2,equal,2,513.511,1945468,1945140,0,1842120,1842120,0,21,ESP32/cnn_webassembly_esp32/reports/20261009T030249020912Z/report.csv,12996
a0261.raw,1,12,243,0,0,1,6189.408,2,equal,2,538.050,1945468,1945132,0,1842120,1842120,0,21,ESP32/cnn_webassembly_esp32/reports/20261009T030249020912Z/report.csv,12996
a0262.raw,1,0,255,0,0,1,6183.321,2,equal,2,504.517,1945468,1945140,0,1842120,1842120,0,21,ESP32/cnn_webassembly_esp32/reports/20261009T030249020912Z/report.csv,12996
a0263.raw,1,0,255,0,0,1,6197.233,2,equal,2,505.538,1945468,1945136,0,1842120,1842120,0,21,ESP32/cnn_webassembly_esp32/reports/20261009T030249020912Z/report.csv,12996
a0264.raw,1,0,255,0,0,1,6191.584,2,equal,2,516.785,1945468,1945140,0,1842120,1842120,0,21,ESP32/cnn_webassembly_esp32/reports/20261009T030249020912Z/report.csv,12996
a0265.raw,1,0,255,0,0,1,6177.406,2,equal,2,561.806,1945456,1945128,0,1842120,1842120,0,21,ESP32/cnn_webassembly_esp32/reports/20261009T030249020912Z/report.csv,12996
a0266.raw,1,0,255,0,0,1,6181.193,2,equal,2,511.138,1945456,1945128,0,1842120,1842120,0,21,ESP32/cnn_webassembly_esp32/reports/20261009T030249020912Z/report.csv,12996
a0267.raw,1,0,255,0,0,1,6189.08,2,equal,2,536.768,1945456,1945128,0,1842120,1842120,0,21,ESP32/cnn_webassembly_esp32/reports/20261009T030249020912Z/report.csv,12996
a0268.raw,1,0,255,0,0,1,6188.122,2,equal,2,501.484,1945456,1945128,0,1842120,1842120,0,21,ESP32/cnn_webassembly_esp32/reports/20261009T030249020912Z/report.csv,12996
a0269.raw,1,0,255,0,0,1,6181.298,2,equal,2,544.924,1945456,1945124,0,1842120,1842120,0,21,ESP32/cnn_webassembly_esp32/reports/20261009T030249020912Z/report.csv,12996
a0270.raw,1,0,255,0,0,1,6185.422,2,equal,2,531.307,1945456,1945116,0,1842120,1842120,0,21,ESP32/cnn_webassembly_esp32/reports/20261009T030249020912Z/report.csv,12996
a0271.raw,1,0,255,0,0,1,6186.466,2,equal,2,508.305,1945456,1945128,0,1842120,1842120,0,21,ESP32/cnn_webassembly_esp32/reports/20261009T030249020912Z/report.csv,12996
a0272.raw,1,0,255,0,0,1,6189.38,2,equal,2,552.750,1945456,1945124,0,1842120,1842120,0,21,ESP32/cnn_webassembly_esp32/reports/20261009T030249020912Z/report.csv,12996
a0273.raw,1,0,255,0,0,1,6192.939,2,equal,2,608.677,1945464,1945132,0,1842120,1842120,0,21,ESP32/cnn_webassembly_esp32/reports/20261009T030249020912Z/report.csv,12996
a0274.raw,1,0,255,0,0,1,6183.761,2,equal,2,524.600,1945464,1945136,0,1842120,1842120,0,21,ESP32/cnn_webassembly_esp32/reports/20261009T030249020912Z/report.csv,12996
a0275.raw,1,0,255,0,0,1,6186.818,2,equal,2,505.022,1945464,1945136,0,1842120,1842120,0,21,ESP32/cnn_webassembly_esp32/reports/20261009T030249020912Z/report.csv,12996
a0276.raw,1,0,255,0,0,1,6174.983,2,equal,2,566.730,1945464,1945132,0,1842120,1842120,0,21,ESP32/cnn_webassembly_esp32/reports/20261009T030249020912Z/report.csv,12996
a0277.raw,1,0,255,0,0,1,6193.139,2,equal,2,516.929,1945464,1945124,0,1842120,1842120,0,21,ESP32/cnn_webassembly_esp32/reports/20261009T030249020912Z/report.csv,12996
a0278.raw,1,0,255,0,0,1,6188.641,2,equal,2,516.610,1945464,1945132,0,1842120,1842120,0,21,ESP32/cnn_webassembly_esp32/reports/20261009T030249020912Z/report.csv,12996
a0279.raw,1,0,255,0,0,1,6184.255,2,equal,2,571.992,1945464,1945128,0,1842120,1842120,0,21,ESP32/cnn_webassembly_esp32/reports/20261009T030249020912Z/report.csv,12996
a0280.raw,1,0,255,0,0,1,6191.986,2,equal,2,507.707,1945464,1945136,0,1842120,1842120,0,21,ESP32/cnn_webassembly_esp32/reports/20261009T030249020912Z/report.csv,12996
a0281.raw,1,0,255,0,0,1,6186.988,2,equal,2,529.890,1945464,1945128,0,1842120,1842120,0,21,ESP32/cnn_webassembly_esp32/reports/20261009T030249020912Z/report.csv,12996
a0282.raw,1,0,255,0,0,1,6188.052,2,equal,2,524.653,1945476,1945128,0,1842120,1842120,0,21,ESP32/cnn_webassembly_esp32/reports/20261009T030249020912Z/report.csv,12996
a0283.raw,1,0,255,0,0,1,6200.089,16,mode,15,508.395,1949100,1948752,0,1842120,1842120,0,22,ESP32/cnn_webassembly_esp32/reports/20261009T100046423575Z/report.csv,12964
a0284.raw,1,0,255,0,0,1,6183.107,2,equal,2,500.104,1945476,1945148,0,1842120,1842120,0,21,ESP32/cnn_webassembly_esp32/reports/20261009T030249020912Z/report.csv,12996
a0285.raw,1,0,255,0,0,1,6184.519,2,equal,2,538.844,1945476,1945144,0,1842120,1842120,0,21,ESP32/cnn_webassembly_esp32/reports/20261009T030249020912Z/report.csv,12996
a0286.raw,1,0,255,0,0,1,6181.485,2,equal,2,595.820,1945464,1945132,0,1842120,1842120,0,21,ESP32/cnn_webassembly_esp32/reports/20261009T030249020912Z/report.csv,12996
a0287.raw,1,0,255,0,0,1,6193.568,2,equal,2,547.248,1945464,1945132,0,1842120,1842120,0,21,ESP32/cnn_webassembly_esp32/reports/20261009T030249020912Z/report.csv,12996
a0288.raw,1,0,255,0,0,1,6187.741,2,equal,2,699.040,1945464,1945132,0,1842120,1842120,0,21,ESP32/cnn_webassembly_esp32/reports/20261009T030249020912Z/report.csv,12996
a0289.raw,1,0,255,0,0,1,6185.623,2,equal,2,597.578,1945460,1945128,0,1842120,1842120,0,21,ESP32/cnn_webassembly_esp32/reports/20261009T030249020912Z/report.csv,12996
a0290.raw,1,0,255,0,0,1,6194.482,2,equal,2,542.975,1945448,1945120,0,1842120,1842120,0,21,ESP32/cnn_webassembly_esp32/reports/20261009T030249020912Z/report.csv,12996
a0291.raw,1,0,255,0,0,1,6190.263,2,equal,2,576.947,1945432,1945104,0,1842120,1842120,0,21,ESP32/cnn_webassembly_esp32/reports/20261009T030249020912Z/report.csv,12996
a0292.raw,1,0,255,0,0,1,6197.641,2,equal,2,584.440,1945432,1945100,0,1842120,1842120,0,21,ESP32/cnn_webassembly_esp32/reports/20261009T030249020912Z/report.csv,12996
a0293.raw,1,0,255,0,0,1,6185.215,2,equal,2,821.331,1945432,1945100,0,1842120,1842120,0,21,ESP32/cnn_webassembly_esp32/reports/20261009T030249020912Z/report.csv,12996
a0294.raw,1,0,255,0,0,1,6185.222,2,equal,2,566.069,1945432,1945100,0,1842120,1842120,0,21,ESP32/cnn_webassembly_esp32/reports/20261009T030249020912Z/report.csv,12996
a0295.raw,1,0,255,0,0,1,6194.312,2,equal,2,507.468,1945432,1945100,0,1842120,1842120,0,21,ESP32/cnn_webassembly_esp32/reports/20261009T030249020912Z/report.csv,12996
a0296.raw,1,0,255,0,0,1,6192.363,2,equal,2,508.367,1945460,1945108,0,1842120,1842120,0,21,ESP32/cnn_webassembly_esp32/reports/20261009T030249020912Z/report.csv,12996
a0297.raw,1,0,255,0,0,1,6180.58,2,equal,2,537.747,1945436,1945112,0,1842120,1842120,0,21,ESP32/cnn_webassembly_esp32/reports/20261009T030249020912Z/report.csv,12996
a0298.raw,1,0,255,0,0,1,6196.832,2,equal,2,526.860,1945436,1945104,0,1842120,1842120,0,21,ESP32/cnn_webassembly_esp32/reports/20261009T030249020912Z/report.csv,12996
a0299.raw,1,0,255,0,0,1,6194.687,2,equal,2,516.315,1945436,1945100,0,1842120,1842120,0,21,ESP32/cnn_webassembly_esp32/reports/20261009T030249020912Z/report.csv,12996
a0300.raw,1,0,255,0,0,1,6186.464,2,equal,2,490.861,1945436,1945100,0,1842120,1842120,0,21,ESP32/cnn_webassembly_esp32/reports/20261009T030249020912Z/report.csv,12996
a0301.raw,1,0,255,0,0,1,6187.585,2,equal,2,537.623,1945436,1945104,0,1842120,1842120,0,21,ESP32/cnn_webassembly_esp32/reports/20261009T030249020912Z/report.csv,12996
a0302.raw,1,0,255,0,0,1,6190.774,2,equal,2,507.014,1945436,1945104,0,1842120,1842120,0,21,ESP32/cnn_webassembly_esp32/reports/20261009T030249020912Z/report.csv,12996
a0303.raw,1,0,255,0,0,1,6196.336,2,equal,2,506.241,1945448,1945100,0,1842120,1842120,0,21,ESP32/cnn_webassembly_esp32/reports/20261009T030249020912Z/report.csv,12996
a0304.raw,1,0,255,0,0,1,6188.199,2,equal,2,516.019,1945448,1945112,0,1842120,1842120,0,21,ESP32/cnn_webassembly_esp32/reports/20261009T030249020912Z/report.csv,12996
a0305.raw,1,0,255,0,0,1,6185.464,2,equal,2,499.408,1945448,1945112,0,1842120,1842120,0,21,ESP32/cnn_webassembly_esp32/reports/20261009T030249020912Z/report.csv,12996
a0306.raw,1,0,255,0,0,1,6196.685,2,equal,2,652.491,1945452,1945116,0,1842120,1842120,0,21,ESP32/cnn_webassembly_esp32/reports/20261009T030249020912Z/report.csv,12996
a0307.raw,1,0,255,0,0,1,6185.795,2,equal,2,646.786,1945460,1945116,0,1842120,1842120,0,21,ESP32/cnn_webassembly_esp32/reports/20261009T030249020912Z/report.csv,12996
a0308.raw,1,0,255,0,0,1,6195.143,2,equal,2,512.838,1945472,1945132,0,1842120,1842120,0,21,ESP32/cnn_webassembly_esp32/reports/20261009T030249020912Z/report.csv,12996
a0309.raw,1,0,255,0,0,1,6199.909,2,equal,2,529.802,1945472,1945140,0,1842120,1842120,0,21,ESP32/cnn_webassembly_esp32/reports/20261009T030249020912Z/report.csv,12996
a0310.raw,1,0,255,0,0,1,6184.458,2,equal,2,542.416,1945472,1945140,0,1842120,1842120,0,21,ESP32/cnn_webassembly_esp32/reports/20261009T030249020912Z/report.csv,12996
a0311.raw,1,0,255,0,0,1,6185.458,2,equal,2,519.545,1945472,1945144,0,1842120,1842120,0,21,ESP32/cnn_webassembly_esp32/reports/20261009T030249020912Z/report.csv,12996
a0312.raw,1,0,255,0,0,1,6193.871,2,equal,2,608.678,1945472,1945144,0,1842120,1842120,0,21,ESP32/cnn_webassembly_esp32/reports/20261009T030249020912Z/report.csv,12996
a0313.raw,1,12,243,0,0,1,6191.299,2,equal,2,502.941,1945472,1945140,0,1842120,1842120,0,21,ESP32/cnn_webassembly_esp32/reports/20261009T030249020912Z/report.csv,12996
a0314.raw,1,0,255,0,0,1,6186.438,2,equal,2,549.239,1945468,1945144,0,1842120,1842120,0,21,ESP32/cnn_webassembly_esp32/reports/20261009T030249020912Z/report.csv,12996
a0315.raw,1,0,255,0,0,1,6190.45,2,equal,2,508.956,1945468,1945136,0,1842120,1842120,0,21,ESP32/cnn_webassembly_esp32/reports/20261009T030249020912Z/report.csv,12996
a0316.raw,1,0,255,0,0,1,6193.899,2,equal,2,532.203,1945472,1945136,0,1842120,1842120,0,21,ESP32/cnn_webassembly_esp32/reports/20261009T030249020912Z/report.csv,12996
a0317.raw,1,1,254,0,0,1,6197.96,2,equal,2,4733.098,1945472,1945140,0,1842120,1842120,0,21,ESP32/cnn_webassembly_esp32/reports/20261009T030249020912Z/report.csv,12996
a0318.raw,1,0,255,0,0,1,6196.139,2,equal,2,524.361,1945472,1945140,0,1842120,1842120,0,21,ESP32/cnn_webassembly_esp32/reports/20261009T030249020912Z/report.csv,12996
a0319.raw,1,0,255,0,0,1,6188.208,2,equal,2,511.487,1945472,1945140,0,1842120,1842120,0,21,ESP32/cnn_webassembly_esp32/reports/20261009T030249020912Z/report.csv,12996
a0320.raw,1,0,255,0,0,1,6179.577,2,equal,2,508.152,1945472,1945140,0,1842120,1842120,0,21,ESP32/cnn_webassembly_esp32/reports/20261009T030249020912Z/report.csv,12996
a0321.raw,1,0,255,0,0,1,6209.758,2,equal,2,533.053,1945472,1945144,0,1842120,1842120,0,21,ESP32/cnn_webassembly_esp32/reports/20261009T030249020912Z/report.csv,12996
a0322.raw,1,12,243,0,0,1,6190.207,2,equal,2,560.431,1945472,1945144,0,1842120,1842120,0,21,ESP32/cnn_webassembly_esp32/reports/20261009T030249020912Z/report.csv,12996
a0323.raw,1,0,255,0,0,1,6188.41,2,equal,2,534.809,1945472,1945144,0,1842120,1842120,0,21,ESP32/cnn_webassembly_esp32/reports/20261009T030249020912Z/report.csv,12996
a0324.raw,1,0,255,0,0,1,6187.076,2,equal,2,570.597,1945468,1945136,0,1842120,1842120,0,21,ESP32/cnn_webassembly_esp32/reports/20261009T030249020912Z/report.csv,12996
a0325.raw,1,0,255,0,0,1,6184.794,2,equal,2,505.475,1945468,1945128,0,1842120,1842120,0,21,ESP32/cnn_webassembly_esp32/reports/20261009T030249020912Z/report.csv,12996
a0326.raw,1,0,255,0,0,1,6182.074,2,equal,2,499.843,1945468,1945128,0,1842120,1842120,0,21,ESP32/cnn_webassembly_esp32/reports/20261009T030249020912Z/report.csv,12996
a0327.raw,1,68,187,0,0,1,6188.205,2,equal,2,528.274,1945468,1945140,0,1842120,1842120,0,21,ESP32/cnn_webassembly_esp32/reports/20261009T030249020912Z/report.csv,12996
a0328.raw,1,0,255,0,0,1,6184.958,2,equal,2,577.198,1945468,1945140,0,1842120,1842120,0,21,ESP32/cnn_webassembly_esp32/reports/20261009T030249020912Z/report.csv,12996
a0329.raw,1,0,255,0,0,1,6184.443,2,equal,2,544.709,1945468,1945140,0,1842120,1842120,0,21,ESP32/cnn_webassembly_esp32/reports/20261009T030249020912Z/report.csv,12996
a0330.raw,1,0,255,0,0,1,6181.853,2,equal,2,518.875,1945468,1945128,0,1842120,1842120,0,21,ESP32/cnn_webassembly_esp32/reports/20261009T030249020912Z/report.csv,12996
a0331.raw,1,0,255,0,0,1,6188.724,2,equal,2,740.939,1945468,1945128,0,1842120,1842120,0,21,ESP32/cnn_webassembly_esp32/reports/20261009T030249020912Z/report.csv,12996
a0332.raw,1,0,255,0,0,1,6184.623,16,mode,15,520.457,1945468,1945128,0,1842120,1842120,0,21,ESP32/cnn_webassembly_esp32/reports/20261009T030249020912Z/report.csv,12996
a0333.raw,1,0,255,0,0,1,6185.065,2,equal,2,573.760,1945468,1945128,0,1842120,1842120,0,21,ESP32/cnn_webassembly_esp32/reports/20261009T030249020912Z/report.csv,12996
a0334.raw,1,0,255,0,0,1,6185.418,2,equal,2,560.436,1945472,1945136,0,1842120,1842120,0,21,ESP32/cnn_webassembly_esp32/reports/20261009T030249020912Z/report.csv,12996
a0335.raw,1,0,255,0,0,1,6186.811,2,equal,2,493.447,1945472,1945144,0,1842120,1842120,0,21,ESP32/cnn_webassembly_esp32/reports/20261009T030249020912Z/report.csv,12996
a0336.raw,1,0,255,0,0,1,6196.308,2,equal,2,515.876,1945472,1945144,0,1842120,1842120,0,21,ESP32/cnn_webassembly_esp32/reports/20261009T030249020912Z/report.csv,12996
a0337.raw,1,0,255,0,0,1,6188.063,2,equal,2,507.880,1945472,1945140,0,1842120,1842120,0,21,ESP32/cnn_webassembly_esp32/reports/20261009T030249020912Z/report.csv,12996
a0338.raw,1,0,255,0,0,1,6189.754,2,equal,2,499.155,1945496,1945144,0,1842120,1842120,0,21,ESP32/cnn_webassembly_esp32/reports/20261009T030249020912Z/report.csv,12996
a0339.raw,1,0,255,0,0,1,6198.925,2,equal,2,592.875,1945472,1945148,0,1842120,1842120,0,21,ESP32/cnn_webassembly_esp32/reports/20261009T030249020912Z/report.csv,12996
a0340.raw,1,0,255,0,0,1,6198.698,2,equal,2,519.850,1945460,1945120,0,1842120,1842120,0,21,ESP32/cnn_webassembly_esp32/reports/20261009T030249020912Z/report.csv,12996
a0341.raw,1,0,255,0,0,1,6197.631,2,equal,2,523.742,1945460,1945120,0,1842120,1842120,0,21,ESP32/cnn_webassembly_esp32/reports/20261009T030249020912Z/report.csv,12996
a0342.raw,1,0,255,0,0,1,6194.55,2,equal,2,519.105,1945460,1945120,0,1842120,1842120,0,21,ESP32/cnn_webassembly_esp32/reports/20261009T030249020912Z/report.csv,12996
a0343.raw,1,0,255,0,0,1,6179.129,2,equal,2,537.611,1945460,1945132,0,1842120,1842120,0,21,ESP32/cnn_webassembly_esp32/reports/20261009T030249020912Z/report.csv,12996
a0344.raw,1,0,255,0,0,1,6193.205,2,equal,2,546.167,1945460,1945120,0,1842120,1842120,0,21,ESP32/cnn_webassembly_esp32/reports/20261009T030249020912Z/report.csv,12996
a0345.raw,1,0,255,0,0,1,6186.193,2,equal,2,513.073,1945460,1945136,0,1842120,1842120,0,21,ESP32/cnn_webassembly_esp32/reports/20261009T030249020912Z/report.csv,12996
a0346.raw,1,0,255,0,0,1,6188.66,2,equal,2,542.898,1945460,1945128,0,1842120,1842120,0,21,ESP32/cnn_webassembly_esp32/reports/20261009T030249020912Z/report.csv,12996
a0347.raw,1,0,255,0,0,1,6191.039,2,equal,2,518.036,1945460,1945132,0,1842120,1842120,0,21,ESP32/cnn_webassembly_esp32/reports/20261009T030249020912Z/report.csv,12996
a0348.raw,1,0,255,0,0,1,6186.467,2,equal,2,516.961,1945460,1945132,0,1842120,1842120,0,21,ESP32/cnn_webassembly_esp32/reports/20261009T030249020912Z/report.csv,12996
a0349.raw,1,0,255,0,0,1,6194.64,2,equal,2,506.692,1945456,1945132,0,1842120,1842120,0,21,ESP32/cnn_webassembly_esp32/reports/20261009T030249020912Z/report.csv,12996
a0350.raw,1,4,251,0,0,1,6181.831,2,equal,2,509.888,1945456,1945124,0,1842120,1842120,0,21,ESP32/cnn_webassembly_esp32/reports/20261009T030249020912Z/report.csv,12996
a0351.raw,1,0,255,0,0,1,6195.132,2,equal,2,496.900,1945456,1945132,0,1842120,1842120,0,21,ESP32/cnn_webassembly_esp32/reports/20261009T030249020912Z/report.csv,12996
a0352.raw,1,0,255,0,0,1,6193.836,2,equal,2,527.471,1945456,1945124,0,1842120,1842120,0,21,ESP32/cnn_webassembly_esp32/reports/20261009T030249020912Z/report.csv,12996
a0353.raw,1,0,255,0,0,1,6197.262,2,equal,2,557.216,1945456,1945128,0,1842120,1842120,0,21,ESP32/cnn_webassembly_esp32/reports/20261009T030249020912Z/report.csv,12996
a0354.raw,1,12,243,0,0,1,6187.443,2,equal,2,507.245,1945456,1945124,0,1842120,1842120,0,21,ESP32/cnn_webassembly_esp32/reports/20261009T030249020912Z/report.csv,12996
a0355.raw,1,0,255,0,0,1,6190.938,2,equal,2,687.742,1945456,1945124,0,1842120,1842120,0,21,ESP32/cnn_webassembly_esp32/reports/20261009T030249020912Z/report.csv,12996
a0356.raw,1,1,254,0,0,1,6188.96,2,equal,2,494.881,1945456,1945124,0,1842120,1842120,0,21,ESP32/cnn_webassembly_esp32/reports/20261009T030249020912Z/report.csv,12996
a0357.raw,1,0,255,0,0,1,6187.236,2,equal,2,709.900,1945468,1945128,0,1842120,1842120,0,21,ESP32/cnn_webassembly_esp32/reports/20261009T030249020912Z/report.csv,12996
a0358.raw,1,4,251,0,0,1,6189.683,2,equal,2,516.339,1945468,1945128,0,1842120,1842120,0,21,ESP32/cnn_webassembly_esp32/reports/20261009T030249020912Z/report.csv,12996
a0359.raw,1,0,255,0,0,1,6177.657,2,equal,2,592.732,1945468,1945140,0,1842120,1842120,0,21,ESP32/cnn_webassembly_esp32/reports/20261009T030249020912Z/report.csv,12996
a0360.raw,1,68,187,0,0,1,6185.486,2,equal,2,512.693,1945468,1945148,0,1842120,1842120,0,21,ESP32/cnn_webassembly_esp32/reports/20261009T030249020912Z/report.csv,12996
a0361.raw,1,4,251,0,0,1,6185.461,2,equal,2,554.040,1945468,1945144,0,1842120,1842120,0,21,ESP32/cnn_webassembly_esp32/reports/20261009T030249020912Z/report.csv,12996
a0362.raw,1,0,255,0,0,1,6182.465,2,equal,2,512.755,1945468,1945140,0,1842120,1842120,0,21,ESP32/cnn_webassembly_esp32/reports/20261009T030249020912Z/report.csv,12996
a0363.raw,1,0,255,0,0,1,6187.273,2,equal,2,513.803,1945468,1945136,0,1842120,1842120,0,21,ESP32/cnn_webassembly_esp32/reports/20261009T030249020912Z/report.csv,12996
a0364.raw,1,0,255,0,0,1,6204.631,2,equal,2,600.363,1945468,1945128,0,1842120,1842120,0,21,ESP32/cnn_webassembly_esp32/reports/20261009T030249020912Z/report.csv,12996
a0365.raw,1,1,254,0,0,1,6202.12,2,equal,2,536.507,1945468,1945136,0,1842120,1842120,0,21,ESP32/cnn_webassembly_esp32/reports/20261009T030249020912Z/report.csv,12996
a0366.raw,1,0,255,0,0,1,6191.727,2,equal,2,552.011,1945468,1945132,0,1842120,1842120,0,21,ESP32/cnn_webassembly_esp32/reports/20261009T030249020912Z/report.csv,12996
a0367.raw,1,0,255,0,0,1,6206.37,2,equal,2,518.866,1945468,1945140,0,1842120,1842120,0,21,ESP32/cnn_webassembly_esp32/reports/20261009T030249020912Z/report.csv,12996
a0368.raw,1,0,255,0,0,1,6205.355,2,equal,2,531.428,1945468,1945140,0,1842120,1842120,0,21,ESP32/cnn_webassembly_esp32/reports/20261009T030249020912Z/report.csv,12996
a0369.raw,1,0,255,0,0,1,6185.965,2,equal,2,591.391,1945468,1945140,0,1842120,1842120,0,21,ESP32/cnn_webassembly_esp32/reports/20261009T030249020912Z/report.csv,12996
a0370.raw,1,0,255,0,0,1,6190.432,2,equal,2,548.332,1945468,1945128,0,1842120,1842120,0,21,ESP32/cnn_webassembly_esp32/reports/20261009T030249020912Z/report.csv,12996
a0371.raw,1,30,225,0,0,1,6187.957,2,equal,2,534.818,1945468,1945136,0,1842120,1842120,0,21,ESP32/cnn_webassembly_esp32/reports/20261009T030249020912Z/report.csv,12996
a0372.raw,1,0,255,0,0,1,6191.784,2,equal,2,552.451,1945468,1945128,0,1842120,1842120,0,21,ESP32/cnn_webassembly_esp32/reports/20261009T030249020912Z/report.csv,12996
a0373.raw,1,128,128,-1,0,0,6192.385,2,equal,2,547.496,1945468,1945140,0,1842120,1842120,0,21,ESP32/cnn_webassembly_esp32/reports/20261009T030249020912Z/report.csv,12996
a0374.raw,1,0,255,0,0,1,6187.24,2,equal,2,547.862,1945468,1945136,0,1842120,1842120,0,21,ESP32/cnn_webassembly_esp32/reports/20261009T030249020912Z/report.csv,12996
a0375.raw,1,0,255,0,0,1,6192.537,2,equal,2,655.160,1945456,1945116,0,1842120,1842120,0,21,ESP32/cnn_webassembly_esp32/reports/20261009T030249020912Z/report.csv,12996
a0376.raw,1,1,254,0,0,1,6187.94,2,equal,2,535.989,1945456,1945116,0,1842120,1842120,0,21,ESP32/cnn_webassembly_esp32/reports/20261009T030249020912Z/report.csv,12996
a0377.raw,1,4,251,0,0,1,6191.213,2,equal,2,561.585,1945456,1945124,0,1842120,1842120,0,21,ESP32/cnn_webassembly_esp32/reports/20261009T030249020912Z/report.csv,12996
a0378.raw,1,0,255,0,0,1,6196.89,2,equal,2,487.630,1945460,1945124,0,1842120,1842120,0,21,ESP32/cnn_webassembly_esp32/reports/20261009T030249020912Z/report.csv,12996
a0379.raw,1,0,255,0,0,1,6188.89,2,equal,2,541.474,1945460,1945128,0,1842120,1842120,0,21,ESP32/cnn_webassembly_esp32/reports/20261009T030249020912Z/report.csv,12996
a0380.raw,1,0,255,0,0,1,6188.323,2,equal,2,517.083,1945460,1945116,0,1842120,1842120,0,21,ESP32/cnn_webassembly_esp32/reports/20261009T030249020912Z/report.csv,12996
a0381.raw,1,4,251,0,0,1,6184.85,2,equal,2,570.950,1945460,1945124,0,1842120,1842120,0,21,ESP32/cnn_webassembly_esp32/reports/20261009T030249020912Z/report.csv,12996
a0382.raw,1,0,255,0,0,1,6185.458,2,equal,2,550.111,1945456,1945132,0,1842120,1842120,0,21,ESP32/cnn_webassembly_esp32/reports/20261009T030249020912Z/report.csv,12996
a0383.raw,1,0,255,0,0,1,6181.116,2,equal,2,519.182,1945484,1945128,0,1842120,1842120,0,21,ESP32/cnn_webassembly_esp32/reports/20261009T030249020912Z/report.csv,12996
a0384.raw,1,4,251,0,0,1,6175.266,2,equal,2,527.190,1945460,1945136,0,1842120,1842120,0,21,ESP32/cnn_webassembly_esp32/reports/20261009T030249020912Z/report.csv,12996
a0385.raw,1,30,225,0,0,1,6189.948,2,equal,2,577.538,1945460,1945132,0,1842120,1842120,0,21,ESP32/cnn_webassembly_esp32/reports/20261009T030249020912Z/report.csv,12996
a0386.raw,1,68,187,0,0,1,6187.556,2,equal,2,527.069,1945460,1945128,0,1842120,1842120,0,21,ESP32/cnn_webassembly_esp32/reports/20261009T030249020912Z/report.csv,12996
a0387.raw,1,4,251,0,0,1,6181.513,2,equal,2,507.206,1945460,1945132,0,1842120,1842120,0,21,ESP32/cnn_webassembly_esp32/reports/20261009T030249020912Z/report.csv,12996
a0388.raw,1,187,68,1,0,0,6180.157,2,equal,2,526.488,1945460,1945128,0,1842120,1842120,0,21,ESP32/cnn_webassembly_esp32/reports/20261009T030249020912Z/report.csv,12996
a0389.raw,1,0,255,0,0,1,6184.9,2,equal,2,552.265,1945460,1945132,0,1842120,1842120,0,21,ESP32/cnn_webassembly_esp32/reports/20261009T030249020912Z/report.csv,12996
a0390.raw,1,1,254,0,0,1,6175.302,2,equal,2,522.562,1945460,1945128,0,1842120,1842120,0,21,ESP32/cnn_webassembly_esp32/reports/20261009T030249020912Z/report.csv,12996
a0391.raw,1,30,225,0,0,1,6180.834,2,equal,2,542.376,1945464,1945132,0,1842120,1842120,0,21,ESP32/cnn_webassembly_esp32/reports/20261009T030249020912Z/report.csv,12996
a0392.raw,1,0,255,0,0,1,6172.723,2,equal,2,510.237,1945468,1945128,0,1842120,1842120,0,21,ESP32/cnn_webassembly_esp32/reports/20261009T030249020912Z/report.csv,12996
a0393.raw,1,0,255,0,0,1,6175.94,2,equal,2,521.752,1945468,1945140,0,1842120,1842120,0,21,ESP32/cnn_webassembly_esp32/reports/20261009T030249020912Z/report.csv,12996
a0394.raw,1,0,255,0,0,1,6183.123,2,equal,2,526.391,1945468,1945136,0,1842120,1842120,0,21,ESP32/cnn_webassembly_esp32/reports/20261009T030249020912Z/report.csv,12996
a0395.raw,1,0,255,0,0,1,6175.554,2,equal,2,573.415,1945468,1945120,0,1842120,1842120,0,21,ESP32/cnn_webassembly_esp32/reports/20261009T030249020912Z/report.csv,12996
a0396.raw,1,30,225,0,0,1,6177.886,2,equal,2,518.336,1945468,1945140,0,1842120,1842120,0,21,ESP32/cnn_webassembly_esp32/reports/20261009T030249020912Z/report.csv,12996
a0397.raw,1,0,255,0,0,1,6174.804,2,equal,2,527.367,1945468,1945140,0,1842120,1842120,0,21,ESP32/cnn_webassembly_esp32/reports/20261009T030249020912Z/report.csv,12996
a0398.raw,1,30,225,0,0,1,6177.23,2,equal,2,543.541,1945468,1945140,0,1842120,1842120,0,21,ESP32/cnn_webassembly_esp32/reports/20261009T030249020912Z/report.csv,12996
a0399.raw,1,4,251,0,0,1,6179.523,2,equal,2,517.881,1945468,1945140,0,1842120,1842120,0,21,ESP32/cnn_webassembly_esp32/reports/20261009T030249020912Z/report.csv,12996
a0400.raw,1,0,255,0,0,1,6193.938,2,equal,2,547.606,1945464,1945136,0,1842120,1842120,0,21,ESP32/cnn_webassembly_esp32/reports/20261009T030249020912Z/report.csv,12996
a0401.raw,1,1,254,0,0,1,6168.618,2,equal,2,609.152,1945464,1945136,0,1842120,1842120,0,21,ESP32/cnn_webassembly_esp32/reports/20261009T030249020912Z/report.csv,12996
a0402.raw,1,0,255,0,0,1,6162.863,2,equal,2,536.028,1945460,1945136,0,1842120,1842120,0,21,ESP32/cnn_webassembly_esp32/reports/20261009T030249020912Z/report.csv,12996
a0403.raw,1,0,255,0,0,1,6177.413,2,equal,2,553.928,1945464,1945128,0,1842120,1842120,0,21,ESP32/cnn_webassembly_esp32/reports/20261009T030249020912Z/report.csv,12996
a0404.raw,1,0,255,0,0,1,6150.188,2,equal,2,541.149,1945464,1945136,0,1842120,1842120,0,21,ESP32/cnn_webassembly_esp32/reports/20261009T030249020912Z/report.csv,12996
a0405.raw,1,1,254,0,0,1,6149.677,2,equal,2,527.327,1945464,1945136,0,1842120,1842120,0,21,ESP32/cnn_webassembly_esp32/reports/20261009T030249020912Z/report.csv,12996
a0406.raw,1,1,254,0,0,1,6146.726,2,equal,2,506.666,1945464,1945136,0,1842120,1842120,0,21,ESP32/cnn_webassembly_esp32/reports/20261009T030249020912Z/report.csv,12996
a0407.raw,1,4,251,0,0,1,6143.489,2,equal,2,501.907,1945464,1945136,0,1842120,1842120,0,21,ESP32/cnn_webassembly_esp32/reports/20261009T030249020912Z/report.csv,12996
a0408.raw,1,187,68,1,0,0,6144.802,2,equal,2,507.349,1945464,1945136,0,1842120,1842120,0,21,ESP32/cnn_webassembly_esp32/reports/20261009T030249020912Z/report.csv,12996
a0409.raw,1,128,128,-1,0,0,6140.11,2,equal,2,501.957,1945252,1945136,0,1842120,1842120,0,21,ESP32/cnn_webassembly_esp32/reports/20261009T030249020912Z/report.csv,12996
a0410.raw,1,4,251,0,0,1,6140.79,2,equal,2,492.168,1945472,1945144,0,1842120,1842120,0,21,ESP32/cnn_webassembly_esp32/reports/20261009T030249020912Z/report.csv,12996
a0411.raw,1,0,255,0,0,1,6171.654,2,equal,2,507.799,1945472,1945140,0,1842120,1842120,0,21,ESP32/cnn_webassembly_esp32/reports/20261009T030249020912Z/report.csv,12996
a0412.raw,1,1,254,0,0,1,6159.902,2,equal,2,508.451,1945472,1945128,0,1842120,1842120,0,21,ESP32/cnn_webassembly_esp32/reports/20261009T030249020912Z/report.csv,12996
a0413.raw,1,0,255,0,0,1,6154.1,2,equal,2,547.863,1945464,1945144,0,1842120,1842120,0,21,ESP32/cnn_webassembly_esp32/reports/20261009T030249020912Z/report.csv,12996
a0414.raw,1,1,254,0,0,1,6155.989,2,equal,2,495.605,1945252,1945132,0,1842120,1842120,0,21,ESP32/cnn_webassembly_esp32/reports/20261009T030249020912Z/report.csv,12996
a0415.raw,1,30,225,0,0,1,6160.199,2,equal,2,537.820,1945464,1945124,0,1842120,1842120,0,21,ESP32/cnn_webassembly_esp32/reports/20261009T030249020912Z/report.csv,12996
a0416.raw,1,30,225,0,0,1,6151.24,2,equal,2,530.094,1945252,1945132,0,1842120,1842120,0,21,ESP32/cnn_webassembly_esp32/reports/20261009T030249020912Z/report.csv,12996
a0417.raw,1,4,251,0,0,1,6148.59,2,equal,2,514.290,1945468,1945136,0,1842120,1842120,0,21,ESP32/cnn_webassembly_esp32/reports/20261009T030249020912Z/report.csv,12996
a0418.raw,1,68,187,0,0,1,6138.632,2,equal,2,496.901,1945256,1945136,0,1842120,1842120,0,21,ESP32/cnn_webassembly_esp32/reports/20261009T030249020912Z/report.csv,12996
a0419.raw,1,0,255,0,0,1,6146.62,2,equal,2,513.077,1945256,1945136,0,1842120,1842120,0,21,ESP32/cnn_webassembly_esp32/reports/20261009T030249020912Z/report.csv,12996
a0420.raw,1,0,255,0,0,1,6134.855,2,equal,2,589.344,1945256,1945132,0,1842120,1842120,0,21,ESP32/cnn_webassembly_esp32/reports/20261009T030249020912Z/report.csv,12996
a0421.raw,1,4,251,0,0,1,6150.33,2,equal,2,477.044,1945256,1945132,0,1842120,1842120,0,21,ESP32/cnn_webassembly_esp32/reports/20261009T030249020912Z/report.csv,12996
a0422.raw,1,1,254,0,0,1,6134.72,2,equal,2,482.833,1945256,1945140,0,1842120,1842120,0,21,ESP32/cnn_webassembly_esp32/reports/20261009T030249020912Z/report.csv,12996
a0423.raw,1,12,243,0,0,1,6190.895,16,mode,15,478.316,1945472,1945140,0,1842120,1842120,0,22,ESP32/cnn_webassembly_esp32/reports/20261009T100046423575Z/report.csv,12964
a0424.raw,1,12,243,0,0,1,6162.109,2,equal,2,491.133,1945256,1945140,0,1842120,1842120,0,21,ESP32/cnn_webassembly_esp32/reports/20261009T030249020912Z/report.csv,12996
a0425.raw,1,12,243,0,0,1,6145.577,2,equal,2,520.887,1945256,1945140,0,1842120,1842120,0,21,ESP32/cnn_webassembly_esp32/reports/20261009T030249020912Z/report.csv,12996
a0426.raw,1,0,255,0,0,1,6154.951,2,equal,2,496.083,1945252,1944920,0,1842120,1842120,0,21,ESP32/cnn_webassembly_esp32/reports/20261009T030249020912Z/report.csv,12996
a0427.raw,1,4,251,0,0,1,6151.143,2,equal,2,581.979,1945252,1945136,0,1842120,1842120,0,21,ESP32/cnn_webassembly_esp32/reports/20261009T030249020912Z/report.csv,12996
a0428.raw,1,0,255,0,0,1,6151.982,2,equal,2,524.289,1945280,1945124,0,1842120,1842120,0,21,ESP32/cnn_webassembly_esp32/reports/20261009T030249020912Z/report.csv,12996
a0429.raw,1,0,255,0,0,1,6154.165,2,equal,2,517.967,1945252,1945144,0,1842120,1842120,0,21,ESP32/cnn_webassembly_esp32/reports/20261009T030249020912Z/report.csv,12996
a0430.raw,1,0,255,0,0,1,6143.91,2,equal,2,534.077,1945252,1945136,0,1842120,1842120,0,21,ESP32/cnn_webassembly_esp32/reports/20261009T030249020912Z/report.csv,12996
a0431.raw,1,0,255,0,0,1,6150.834,2,equal,2,516.099,1814180,1813852,0,1711048,1711048,0,21,ESP32/cnn_webassembly_esp32/reports/20261009T030249020912Z/report.csv,12996
a0432.raw,1,0,255,0,0,1,6147.968,2,equal,2,879.447,1814392,1814064,0,1711048,1711048,0,21,ESP32/cnn_webassembly_esp32/reports/20261009T030249020912Z/report.csv,12996
a0433.raw,1,0,255,0,0,1,6137.688,2,equal,2,563.043,1814180,1814064,0,1711048,1711048,0,21,ESP32/cnn_webassembly_esp32/reports/20261009T030249020912Z/report.csv,12996
a0434.raw,1,255,0,1,0,0,6145.087,2,equal,2,508.977,1814392,1814072,0,1711048,1711048,0,21,ESP32/cnn_webassembly_esp32/reports/20261009T030249020912Z/report.csv,12996
a0435.raw,1,0,255,0,0,1,6144.227,2,equal,2,501.504,1814180,1814056,0,1711048,1711048,0,21,ESP32/cnn_webassembly_esp32/reports/20261009T030249020912Z/report.csv,12996
a0436.raw,1,12,243,0,0,1,6167.447,2,equal,2,479.399,1814180,1814064,0,1711048,1711048,0,21,ESP32/cnn_webassembly_esp32/reports/20261009T030249020912Z/report.csv,12996
a0437.raw,1,0,255,0,0,1,6169.753,2,equal,2,548.403,1814392,1814072,0,1711048,1711048,0,21,ESP32/cnn_webassembly_esp32/reports/20261009T030249020912Z/report.csv,12996
a0438.raw,1,4,251,0,0,1,6171.548,2,equal,2,538.503,1814180,1814064,0,1711048,1711048,0,21,ESP32/cnn_webassembly_esp32/reports/20261009T030249020912Z/report.csv,12996
a0439.raw,1,225,30,1,0,0,6178.948,2,equal,2,600.837,1814392,1814064,0,1711048,1711048,0,21,ESP32/cnn_webassembly_esp32/reports/20261009T030249020912Z/report.csv,12996
a0440.raw,1,0,255,0,0,1,6169.747,2,equal,2,523.298,1814392,1814052,0,1711048,1711048,0,21,ESP32/cnn_webassembly_esp32/reports/20261009T030249020912Z/report.csv,12996
a0441.raw,1,0,255,0,0,1,6168.413,2,equal,2,536.629,1814392,1814056,0,1711048,1711048,0,21,ESP32/cnn_webassembly_esp32/reports/20261009T030249020912Z/report.csv,12996
a0442.raw,1,0,255,0,0,1,6169.112,2,equal,2,536.947,1814392,1814056,0,1711048,1711048,0,21,ESP32/cnn_webassembly_esp32/reports/20261009T030249020912Z/report.csv,12996
a0443.raw,1,1,254,0,0,1,6161.104,2,equal,2,535.260,1814396,1814056,0,1711048,1711048,0,21,ESP32/cnn_webassembly_esp32/reports/20261009T030249020912Z/report.csv,12996
a0444.raw,1,1,254,0,0,1,6158.902,2,equal,2,558.248,1814396,1814060,0,1711048,1711048,0,21,ESP32/cnn_webassembly_esp32/reports/20261009T030249020912Z/report.csv,12996
a0445.raw,1,0,255,0,0,1,6153.264,2,equal,2,545.070,1814396,1814056,0,1711048,1711048,0,21,ESP32/cnn_webassembly_esp32/reports/20261009T030249020912Z/report.csv,12996
a0446.raw,1,0,255,0,0,1,6180.22,2,equal,2,554.705,1814396,1814068,0,1711048,1711048,0,21,ESP32/cnn_webassembly_esp32/reports/20261009T030249020912Z/report.csv,12996
a0447.raw,1,0,255,0,0,1,6167.545,2,equal,2,540.544,1814396,1814068,0,1711048,1711048,0,21,ESP32/cnn_webassembly_esp32/reports/20261009T030249020912Z/report.csv,12996
a0448.raw,1,0,255,0,0,1,6167.339,2,equal,2,526.504,1814396,1814068,0,1711048,1711048,0,21,ESP32/cnn_webassembly_esp32/reports/20261009T030249020912Z/report.csv,12996
a0449.raw,1,0,255,0,0,1,6162.584,2,equal,2,622.018,1814396,1814064,0,1711048,1711048,0,21,ESP32/cnn_webassembly_esp32/reports/20261009T030249020912Z/report.csv,12996
a0450.raw,1,0,255,0,0,1,6165.318,2,equal,2,503.015,1814396,1814056,0,1711048,1711048,0,21,ESP32/cnn_webassembly_esp32/reports/20261009T030249020912Z/report.csv,12996
a0451.raw,1,0,255,0,0,1,6168.24,2,equal,2,552.327,1814396,1814068,0,1711048,1711048,0,21,ESP32/cnn_webassembly_esp32/reports/20261009T030249020912Z/report.csv,12996
a0452.raw,1,0,255,0,0,1,6158.319,2,equal,2,522.434,1814396,1814064,0,1711048,1711048,0,21,ESP32/cnn_webassembly_esp32/reports/20261009T030249020912Z/report.csv,12996
a0453.raw,1,1,254,0,0,1,6165.905,2,equal,2,565.644,1814396,1814076,0,1711048,1711048,0,21,ESP32/cnn_webassembly_esp32/reports/20261009T030249020912Z/report.csv,12996
a0454.raw,1,0,255,0,0,1,6163.78,2,equal,2,548.948,1814396,1814056,0,1711048,1711048,0,21,ESP32/cnn_webassembly_esp32/reports/20261009T030249020912Z/report.csv,12996
a0455.raw,1,0,255,0,0,1,6155.561,2,equal,2,598.957,1814396,1814068,0,1711048,1711048,0,21,ESP32/cnn_webassembly_esp32/reports/20261009T030249020912Z/report.csv,12996
a0456.raw,1,0,255,0,0,1,6159.996,16,mode,15,574.305,1814396,1814064,0,1711048,1711048,0,21,ESP32/cnn_webassembly_esp32/reports/20261009T030249020912Z/report.csv,12996
a0457.raw,1,0,255,0,0,1,6162.45,2,equal,2,585.858,1814396,1814068,0,1711048,1711048,0,21,ESP32/cnn_webassembly_esp32/reports/20261009T030249020912Z/report.csv,12996
a0458.raw,1,0,255,0,0,1,6164.439,2,equal,2,598.833,1814396,1814068,0,1711048,1711048,0,21,ESP32/cnn_webassembly_esp32/reports/20261009T030249020912Z/report.csv,12996
a0459.raw,1,0,255,0,0,1,6155.148,2,equal,2,521.791,1814396,1814064,0,1711048,1711048,0,21,ESP32/cnn_webassembly_esp32/reports/20261009T030249020912Z/report.csv,12996
a0460.raw,1,0,255,0,0,1,6149.718,2,equal,2,575.784,1814400,1814068,0,1711048,1711048,0,21,ESP32/cnn_webassembly_esp32/reports/20261009T030249020912Z/report.csv,12996
a0461.raw,1,0,255,0,0,1,6157.968,2,equal,2,528.068,1814400,1814068,0,1711048,1711048,0,21,ESP32/cnn_webassembly_esp32/reports/20261009T030249020912Z/report.csv,12996
a0462.raw,1,0,255,0,0,1,6168.437,2,equal,2,527.668,1814400,1814068,0,1711048,1711048,0,21,ESP32/cnn_webassembly_esp32/reports/20261009T030249020912Z/report.csv,12996
a0463.raw,1,12,243,0,0,1,6161.82,2,equal,2,586.950,1814400,1814068,0,1711048,1711048,0,21,ESP32/cnn_webassembly_esp32/reports/20261009T030249020912Z/report.csv,12996
a0464.raw,1,0,255,0,0,1,6158.691,2,equal,2,579.073,1814400,1814072,0,1711048,1711048,0,21,ESP32/cnn_webassembly_esp32/reports/20261009T030249020912Z/report.csv,12996
a0465.raw,1,0,255,0,0,1,6160.118,2,equal,2,615.606,1814400,1814068,0,1711048,1711048,0,21,ESP32/cnn_webassembly_esp32/reports/20261009T030249020912Z/report.csv,12996
a0466.raw,1,0,255,0,0,1,6158.352,2,equal,2,570.030,1814400,1814072,0,1711048,1711048,0,21,ESP32/cnn_webassembly_esp32/reports/20261009T030249020912Z/report.csv,12996
a0467.raw,1,0,255,0,0,1,6168.186,2,equal,2,555.073,1814400,1814072,0,1711048,1711048,0,21,ESP32/cnn_webassembly_esp32/reports/20261009T030249020912Z/report.csv,12996
a0468.raw,1,0,255,0,0,1,6149.091,2,equal,2,557.658,1814400,1814068,0,1711048,1711048,0,21,ESP32/cnn_webassembly_esp32/reports/20261009T030249020912Z/report.csv,12996
a0469.raw,1,12,243,0,0,1,6167.463,2,equal,2,564.913,1814400,1814072,0,1711048,1711048,0,21,ESP32/cnn_webassembly_esp32/reports/20261009T030249020912Z/report.csv,12996
a0470.raw,1,0,255,0,0,1,6163.763,2,equal,2,538.023,1814404,1814072,0,1711048,1711048,0,21,ESP32/cnn_webassembly_esp32/reports/20261009T030249020912Z/report.csv,12996
a0471.raw,1,0,255,0,0,1,6161.547,2,equal,2,560.944,1814404,1814072,0,1711048,1711048,0,21,ESP32/cnn_webassembly_esp32/reports/20261009T030249020912Z/report.csv,12996
a0472.raw,1,0,255,0,0,1,6162.729,2,equal,2,520.291,1814404,1814076,0,1711048,1711048,0,21,ESP32/cnn_webassembly_esp32/reports/20261009T030249020912Z/report.csv,12996
a0473.raw,1,0,255,0,0,1,6171.145,2,equal,2,575.434,1814424,1814068,0,1711048,1711048,0,21,ESP32/cnn_webassembly_esp32/reports/20261009T030249020912Z/report.csv,12996
a0474.raw,1,0,255,0,0,1,6171.517,2,equal,2,1083.685,1814616,1814072,0,1711048,1711048,0,21,ESP32/cnn_webassembly_esp32/reports/20261009T030249020912Z/report.csv,12996
a0475.raw,1,0,255,0,0,1,6153.796,2,equal,2,844.387,1814828,1814280,0,1711048,1711048,0,21,ESP32/cnn_webassembly_esp32/reports/20261009T030249020912Z/report.csv,12996
a0476.raw,1,0,255,0,0,1,6167.166,2,equal,2,797.855,1815060,1814488,0,1711048,1711048,0,21,ESP32/cnn_webassembly_esp32/reports/20261009T030249020912Z/report.csv,12996
a0477.raw,1,187,68,1,0,0,6169.946,2,equal,2,862.324,1815252,1814712,0,1711048,1711048,0,21,ESP32/cnn_webassembly_esp32/reports/20261009T030249020912Z/report.csv,12996
a0478.raw,1,0,255,0,0,1,6170.223,2,equal,2,795.790,1815464,1814920,0,1711048,1711048,0,21,ESP32/cnn_webassembly_esp32/reports/20261009T030249020912Z/report.csv,12996
a0479.raw,1,4,251,0,0,1,6163.359,2,equal,2,876.988,1815696,1815136,0,1711048,1711048,0,21,ESP32/cnn_webassembly_esp32/reports/20261009T030249020912Z/report.csv,12996
a0480.raw,1,30,225,0,0,1,6162.68,2,equal,2,939.594,1815888,1815344,0,1711048,1711048,0,21,ESP32/cnn_webassembly_esp32/reports/20261009T030249020912Z/report.csv,12996
a0481.raw,1,12,243,0,0,1,6173.177,2,equal,2,775.189,1816100,1815556,0,1711048,1711048,0,21,ESP32/cnn_webassembly_esp32/reports/20261009T030249020912Z/report.csv,12996
a0482.raw,1,0,255,0,0,1,6174.033,2,equal,2,871.999,1816332,1815772,0,1711048,1711048,0,21,ESP32/cnn_webassembly_esp32/reports/20261009T030249020912Z/report.csv,12996
a0483.raw,1,1,254,0,0,1,6172.014,2,equal,2,765.939,1816524,1815980,0,1711048,1711048,0,21,ESP32/cnn_webassembly_esp32/reports/20261009T030249020912Z/report.csv,12996
a0484.raw,1,0,255,0,0,1,6156.565,2,equal,2,903.832,1816736,1816196,0,1711048,1711048,0,21,ESP32/cnn_webassembly_esp32/reports/20261009T030249020912Z/report.csv,12996
a0485.raw,1,0,255,0,0,1,6159.666,2,equal,2,884.617,1816968,1816404,0,1711048,1711048,0,21,ESP32/cnn_webassembly_esp32/reports/20261009T030249020912Z/report.csv,12996
a0486.raw,1,0,255,0,0,1,6166.368,2,equal,2,882.610,1817160,1816620,0,1711048,1711048,0,21,ESP32/cnn_webassembly_esp32/reports/20261009T030249020912Z/report.csv,12996
a0487.raw,1,0,255,0,0,1,6172.664,2,equal,2,860.311,1817372,1816828,0,1711048,1711048,0,21,ESP32/cnn_webassembly_esp32/reports/20261009T030249020912Z/report.csv,12996
a0488.raw,1,0,255,0,0,1,6170.835,2,equal,2,884.951,1817604,1817040,0,1711048,1711048,0,21,ESP32/cnn_webassembly_esp32/reports/20261009T030249020912Z/report.csv,12996
a0489.raw,1,0,255,0,0,1,6174.891,2,equal,2,990.463,1817788,1817256,0,1711048,1711048,0,21,ESP32/cnn_webassembly_esp32/reports/20261009T030249020912Z/report.csv,12996
a0490.raw,1,0,255,0,0,1,6169.075,2,equal,2,856.793,1818028,1817460,0,1711048,1711048,0,21,ESP32/cnn_webassembly_esp32/reports/20261009T030249020912Z/report.csv,12996
a0491.raw,1,0,255,0,0,1,6173.596,2,equal,2,1182.326,1818048,1817672,0,1711048,1711048,0,21,ESP32/cnn_webassembly_esp32/reports/20261009T030249020912Z/report.csv,12964
a0492.raw,1,0,255,0,0,1,6166.299,2,equal,2,877.891,1818028,1817668,0,1711048,1711048,0,21,ESP32/cnn_webassembly_esp32/reports/20261009T030249020912Z/report.csv,12964
a0493.raw,1,0,255,0,0,1,6178.389,2,equal,2,986.178,1818028,1817680,0,1711048,1711048,0,21,ESP32/cnn_webassembly_esp32/reports/20261009T030249020912Z/report.csv,12964
a0494.raw,1,0,255,0,0,1,6170.363,2,equal,2,936.073,1818048,1817672,0,1711048,1711048,0,21,ESP32/cnn_webassembly_esp32/reports/20261009T030249020912Z/report.csv,12964
a0495.raw,1,0,255,0,0,1,6168.277,2,equal,2,995.482,1818028,1817664,0,1711048,1711048,0,21,ESP32/cnn_webassembly_esp32/reports/20261009T030249020912Z/report.csv,12964
a0496.raw,1,12,243,0,0,1,6176.684,2,equal,2,952.364,1818028,1817672,0,1711048,1711048,0,21,ESP32/cnn_webassembly_esp32/reports/20261009T030249020912Z/report.csv,12964
a0497.raw,1,0,255,0,0,1,6179.04,2,equal,2,838.449,1818048,1817676,0,1711048,1711048,0,21,ESP32/cnn_webassembly_esp32/reports/20261009T030249020912Z/report.csv,12964
a0498.raw,1,4,251,0,0,1,6184.443,2,equal,2,865.934,1818028,1817664,0,1711048,1711048,0,21,ESP32/cnn_webassembly_esp32/reports/20261009T030249020912Z/report.csv,12964
a0499.raw,1,0,255,0,0,1,6177.889,2,equal,2,757.618,1818028,1817676,0,1711048,1711048,0,21,ESP32/cnn_webassembly_esp32/reports/20261009T030249020912Z/report.csv,12964
a0500.raw,1,0,255,0,0,1,6180.848,2,equal,2,874.106,1818048,1817676,0,1711048,1711048,0,21,ESP32/cnn_webassembly_esp32/reports/20261009T030249020912Z/report.csv,12964
a0501.raw,1,0,255,0,0,1,6178.047,2,equal,2,854.800,1818028,1817664,0,1711048,1711048,0,21,ESP32/cnn_webassembly_esp32/reports/20261009T030249020912Z/report.csv,12964
a0502.raw,1,1,254,0,0,1,6195.216,2,equal,2,768.136,1818028,1817680,0,1711048,1711048,0,21,ESP32/cnn_webassembly_esp32/reports/20261009T030249020912Z/report.csv,12964
a0503.raw,1,0,255,0,0,1,6185.813,2,equal,2,852.595,1818048,1817676,0,1711048,1711048,0,21,ESP32/cnn_webassembly_esp32/reports/20261009T030249020912Z/report.csv,12964
a0504.raw,1,0,255,0,0,1,6182.822,2,equal,2,854.043,1818028,1817664,0,1711048,1711048,0,21,ESP32/cnn_webassembly_esp32/reports/20261009T030249020912Z/report.csv,12964
a0505.raw,1,1,254,0,0,1,6188.44,2,equal,2,856.603,1818028,1817676,0,1711048,1711048,0,21,ESP32/cnn_webassembly_esp32/reports/20261009T030249020912Z/report.csv,12964
a0506.raw,1,68,187,0,0,1,6190.571,2,equal,2,755.649,1818048,1817672,0,1711048,1711048,0,21,ESP32/cnn_webassembly_esp32/reports/20261009T030249020912Z/report.csv,12964
a0507.raw,1,12,243,0,0,1,6179.761,2,equal,2,1059.355,1818028,1817664,0,1711048,1711048,0,21,ESP32/cnn_webassembly_esp32/reports/20261009T030249020912Z/report.csv,12964
a0508.raw,1,30,225,0,0,1,6182.55,2,equal,2,988.940,1818028,1817672,0,1711048,1711048,0,21,ESP32/cnn_webassembly_esp32/reports/20261009T030249020912Z/report.csv,12964
a0509.raw,1,1,254,0,0,1,6192.295,2,equal,2,838.762,1818048,1817672,0,1711048,1711048,0,21,ESP32/cnn_webassembly_esp32/reports/20261009T030249020912Z/report.csv,12964
a0510.raw,1,251,4,1,0,0,6193.866,2,equal,2,842.143,1818028,1817668,0,1711048,1711048,0,21,ESP32/cnn_webassembly_esp32/reports/20261009T030249020912Z/report.csv,12964
a0511.raw,1,0,255,0,0,1,6179.613,2,equal,2,876.991,1818028,1817676,0,1711048,1711048,0,21,ESP32/cnn_webassembly_esp32/reports/20261009T030249020912Z/report.csv,12964
a0512.raw,1,0,255,0,0,1,6187.052,2,equal,2,974.830,1818048,1817672,0,1711048,1711048,0,21,ESP32/cnn_webassembly_esp32/reports/20261009T030249020912Z/report.csv,12964
a0513.raw,1,0,255,0,0,1,6178.813,2,equal,2,832.294,1818028,1817668,0,1711048,1711048,0,21,ESP32/cnn_webassembly_esp32/reports/20261009T030249020912Z/report.csv,12964
a0514.raw,1,12,243,0,0,1,6186.04,2,equal,2,896.581,1818028,1817676,0,1711048,1711048,0,21,ESP32/cnn_webassembly_esp32/reports/20261009T030249020912Z/report.csv,12964
a0515.raw,1,187,68,1,0,0,6179.99,2,equal,2,808.011,1818048,1817680,0,1711048,1711048,0,21,ESP32/cnn_webassembly_esp32/reports/20261009T030249020912Z/report.csv,12964
a0516.raw,1,0,255,0,0,1,6184.896,2,equal,2,533.730,1817776,1817664,0,1711048,1711048,0,21,ESP32/cnn_webassembly_esp32/reports/20261009T030249020912Z/report.csv,12964
a0517.raw,1,0,255,0,0,1,6186.011,2,equal,2,512.464,1817564,1817444,0,1711048,1711048,0,21,ESP32/cnn_webassembly_esp32/reports/20261009T030249020912Z/report.csv,12964
a0518.raw,1,0,255,0,0,1,6173.43,2,equal,2,521.344,1817352,1817236,0,1711048,1711048,0,21,ESP32/cnn_webassembly_esp32/reports/20261009T030249020912Z/report.csv,12964
a0519.raw,1,0,255,0,0,1,6161.922,2,equal,2,544.416,1817140,1817020,0,1711048,1711048,0,21,ESP32/cnn_webassembly_esp32/reports/20261009T030249020912Z/report.csv,12964
a0520.raw,1,0,255,0,0,1,6173.787,2,equal,2,548.032,1816928,1816812,0,1711048,1711048,0,21,ESP32/cnn_webassembly_esp32/reports/20261009T030249020912Z/report.csv,12964
a0521.raw,1,0,255,0,0,1,6180.174,2,equal,2,487.283,1816716,1816596,0,1711048,1711048,0,21,ESP32/cnn_webassembly_esp32/reports/20261009T030249020912Z/report.csv,12964
a0522.raw,1,0,255,0,0,1,6163.065,2,equal,2,509.138,1816504,1816384,0,1711048,1711048,0,21,ESP32/cnn_webassembly_esp32/reports/20261009T030249020912Z/report.csv,12964
a0523.raw,1,0,255,0,0,1,6159.338,2,equal,2,473.043,1816292,1816172,0,1711048,1711048,0,21,ESP32/cnn_webassembly_esp32/reports/20261009T030249020912Z/report.csv,12964
a0524.raw,1,0,255,0,0,1,6166.786,2,equal,2,556.510,1816080,1815960,0,1711048,1711048,0,21,ESP32/cnn_webassembly_esp32/reports/20261009T030249020912Z/report.csv,12964
a0525.raw,1,0,255,0,0,1,6174.333,2,equal,2,509.985,1815868,1815748,0,1711048,1711048,0,21,ESP32/cnn_webassembly_esp32/reports/20261009T030249020912Z/report.csv,12964
a0526.raw,1,0,255,0,0,1,6171.93,2,equal,2,564.130,1815656,1815536,0,1711048,1711048,0,21,ESP32/cnn_webassembly_esp32/reports/20261009T030249020912Z/report.csv,12964
a0527.raw,1,0,255,0,0,1,6167.212,2,equal,2,479.770,1815444,1815324,0,1711048,1711048,0,21,ESP32/cnn_webassembly_esp32/reports/20261009T030249020912Z/report.csv,12964
a0528.raw,1,0,255,0,0,1,6177.361,2,equal,2,670.404,1815232,1815116,0,1711048,1711048,0,21,ESP32/cnn_webassembly_esp32/reports/20261009T030249020912Z/report.csv,12964
a0529.raw,1,0,255,0,0,1,6163.743,2,equal,2,517.094,1815020,1814904,0,1711048,1711048,0,21,ESP32/cnn_webassembly_esp32/reports/20261009T030249020912Z/report.csv,12964
a0530.raw,1,0,255,0,0,1,6173.705,2,equal,2,1867.161,1814808,1814688,0,1711048,1711048,0,21,ESP32/cnn_webassembly_esp32/reports/20261009T030249020912Z/report.csv,12964
a0531.raw,1,0,255,0,0,1,6166.255,2,equal,2,499.000,1814596,1814480,0,1711048,1711048,0,21,ESP32/cnn_webassembly_esp32/reports/20261009T030249020912Z/report.csv,12964
a0532.raw,1,1,254,0,0,1,6176.388,2,equal,2,497.540,1814384,1814264,0,1711048,1711048,0,21,ESP32/cnn_webassembly_esp32/reports/20261009T030249020912Z/report.csv,12964
a0533.raw,1,0,255,0,0,1,6174.455,2,equal,2,529.583,1814396,1814056,0,1711048,1711048,0,21,ESP32/cnn_webassembly_esp32/reports/20261009T030249020912Z/report.csv,12964
a0534.raw,1,0,255,0,0,1,6181.718,2,equal,2,487.334,1814396,1814068,0,1711048,1711048,0,21,ESP32/cnn_webassembly_esp32/reports/20261009T030249020912Z/report.csv,12964
a0535.raw,1,0,255,0,0,1,6167.244,2,equal,2,502.133,1814396,1814068,0,1711048,1711048,0,21,ESP32/cnn_webassembly_esp32/reports/20261009T030249020912Z/report.csv,12964
a0536.raw,1,0,255,0,0,1,6172.795,2,equal,2,531.986,1814396,1814068,0,1711048,1711048,0,21,ESP32/cnn_webassembly_esp32/reports/20261009T030249020912Z/report.csv,12964
a0537.raw,1,0,255,0,0,1,6172.065,2,equal,2,537.051,1814396,1814064,0,1711048,1711048,0,21,ESP32/cnn_webassembly_esp32/reports/20261009T030249020912Z/report.csv,12964
a0538.raw,1,0,255,0,0,1,6172.481,2,equal,2,507.378,1814396,1814056,0,1711048,1711048,0,21,ESP32/cnn_webassembly_esp32/reports/20261009T030249020912Z/report.csv,12964
a0539.raw,1,0,255,0,0,1,6177.723,2,equal,2,535.055,1814396,1814068,0,1711048,1711048,0,21,ESP32/cnn_webassembly_esp32/reports/20261009T030249020912Z/report.csv,12964
a0540.raw,1,0,255,0,0,1,6165.347,2,equal,2,501.399,1814396,1814068,0,1711048,1711048,0,21,ESP32/cnn_webassembly_esp32/reports/20261009T030249020912Z/report.csv,12964
a0541.raw,1,0,255,0,0,1,6178.693,2,equal,2,520.971,1814396,1814068,0,1711048,1711048,0,21,ESP32/cnn_webassembly_esp32/reports/20261009T030249020912Z/report.csv,12964
a0542.raw,1,0,255,0,0,1,6170.537,2,equal,2,520.397,1814396,1814068,0,1711048,1711048,0,21,ESP32/cnn_webassembly_esp32/reports/20261009T030249020912Z/report.csv,12964
a0543.raw,1,0,255,0,0,1,6174.974,2,equal,2,545.587,1814396,1814068,0,1711048,1711048,0,21,ESP32/cnn_webassembly_esp32/reports/20261009T030249020912Z/report.csv,12964
a0544.raw,1,1,254,0,0,1,6204.012,16,mode,15,511.726,1814388,1814060,0,1711048,1711048,0,22,ESP32/cnn_webassembly_esp32/reports/20261009T100046423575Z/report.csv,12964
a0545.raw,1,0,255,0,0,1,6169.922,2,equal,2,491.146,1814396,1814068,0,1711048,1711048,0,21,ESP32/cnn_webassembly_esp32/reports/20261009T030249020912Z/report.csv,12964
a0546.raw,1,0,255,0,0,1,6180.296,2,equal,2,615.057,1814396,1814068,0,1711048,1711048,0,21,ESP32/cnn_webassembly_esp32/reports/20261009T030249020912Z/report.csv,12964
a0547.raw,1,4,251,0,0,1,6177.58,2,equal,2,540.307,1814396,1814060,0,1711048,1711048,0,21,ESP32/cnn_webassembly_esp32/reports/20261009T030249020912Z/report.csv,12964
a0548.raw,1,4,251,0,0,1,6183.445,2,equal,2,517.903,1814396,1814068,0,1711048,1711048,0,21,ESP32/cnn_webassembly_esp32/reports/20261009T030249020912Z/report.csv,12964
a0549.raw,1,0,255,0,0,1,6189.278,2,equal,2,551.861,1814396,1814068,0,1711048,1711048,0,21,ESP32/cnn_webassembly_esp32/reports/20261009T030249020912Z/report.csv,12964
a0550.raw,1,0,255,0,0,1,6173.823,2,equal,2,504.645,1814396,1814068,0,1711048,1711048,0,21,ESP32/cnn_webassembly_esp32/reports/20261009T030249020912Z/report.csv,12964
a0551.raw,1,0,255,0,0,1,6173.234,2,equal,2,529.529,1814396,1814068,0,1711048,1711048,0,21,ESP32/cnn_webassembly_esp32/reports/20261009T030249020912Z/report.csv,12964
a0552.raw,1,0,255,0,0,1,6182.531,2,equal,2,519.880,1814396,1814068,0,1711048,1711048,0,21,ESP32/cnn_webassembly_esp32/reports/20261009T030249020912Z/report.csv,12964
a0553.raw,1,0,255,0,0,1,6181.688,2,equal,2,629.839,1814396,1814068,0,1711048,1711048,0,21,ESP32/cnn_webassembly_esp32/reports/20261009T030249020912Z/report.csv,12964
a0554.raw,1,0,255,0,0,1,6180.869,2,equal,2,590.530,1814392,1814064,0,1711048,1711048,0,21,ESP32/cnn_webassembly_esp32/reports/20261009T030249020912Z/report.csv,12964
a0555.raw,1,12,243,0,0,1,6183.588,2,equal,2,527.517,1814392,1814064,0,1711048,1711048,0,21,ESP32/cnn_webassembly_esp32/reports/20261009T030249020912Z/report.csv,12964
a0556.raw,1,0,255,0,0,1,6183.648,2,equal,2,563.907,1814392,1814064,0,1711048,1711048,0,21,ESP32/cnn_webassembly_esp32/reports/20261009T030249020912Z/report.csv,12964
a0557.raw,1,0,255,0,0,1,6179.468,2,equal,2,533.036,1814392,1814060,0,1711048,1711048,0,21,ESP32/cnn_webassembly_esp32/reports/20261009T030249020912Z/report.csv,12964
a0558.raw,1,68,187,0,0,1,6174.778,2,equal,2,553.717,1814392,1814072,0,1711048,1711048,0,21,ESP32/cnn_webassembly_esp32/reports/20261009T030249020912Z/report.csv,12964
a0559.raw,1,187,68,1,0,0,6185.613,2,equal,2,596.224,1814388,1814056,0,1711048,1711048,0,21,ESP32/cnn_webassembly_esp32/reports/20261009T030249020912Z/report.csv,12964
a0560.raw,1,30,225,0,0,1,6187.352,2,equal,2,546.715,1814416,1814056,0,1711048,1711048,0,21,ESP32/cnn_webassembly_esp32/reports/20261009T030249020912Z/report.csv,12964
a0561.raw,1,187,68,1,0,0,6182.404,2,equal,2,537.632,1814376,1814052,0,1711048,1711048,0,21,ESP32/cnn_webassembly_esp32/reports/20261009T030249020912Z/report.csv,12964
a0562.raw,1,0,255,0,0,1,6181.405,2,equal,2,593.579,1814376,1814048,0,1711048,1711048,0,21,ESP32/cnn_webassembly_esp32/reports/20261009T030249020912Z/report.csv,12964
a0563.raw,1,0,255,0,0,1,6183.164,2,equal,2,497.963,1814376,1814048,0,1711048,1711048,0,21,ESP32/cnn_webassembly_esp32/reports/20261009T030249020912Z/report.csv,12964
a0564.raw,1,0,255,0,0,1,6172.794,2,equal,2,520.315,1814376,1814048,0,1711048,1711048,0,21,ESP32/cnn_webassembly_esp32/reports/20261009T030249020912Z/report.csv,12964
a0565.raw,1,0,255,0,0,1,6185.338,2,equal,2,546.613,1814376,1814048,0,1711048,1711048,0,21,ESP32/cnn_webassembly_esp32/reports/20261009T030249020912Z/report.csv,12964
a0566.raw,1,0,255,0,0,1,6184.724,2,equal,2,526.918,1814376,1814048,0,1711048,1711048,0,21,ESP32/cnn_webassembly_esp32/reports/20261009T030249020912Z/report.csv,12964
a0567.raw,1,1,254,0,0,1,6177.969,2,equal,2,515.700,1814376,1814048,0,1711048,1711048,0,21,ESP32/cnn_webassembly_esp32/reports/20261009T030249020912Z/report.csv,12964
a0568.raw,1,0,255,0,0,1,6182.423,2,equal,2,503.998,1814376,1814048,0,1711048,1711048,0,21,ESP32/cnn_webassembly_esp32/reports/20261009T030249020912Z/report.csv,12964
a0569.raw,1,0,255,0,0,1,6195.434,2,equal,2,532.121,1814376,1814048,0,1711048,1711048,0,21,ESP32/cnn_webassembly_esp32/reports/20261009T030249020912Z/report.csv,12964
a0570.raw,1,0,255,0,0,1,6167.018,2,equal,2,512.578,1814376,1814048,0,1711048,1711048,0,21,ESP32/cnn_webassembly_esp32/reports/20261009T030249020912Z/report.csv,12964
a0571.raw,1,0,255,0,0,1,6166.946,2,equal,2,540.748,1814380,1814044,0,1711048,1711048,0,21,ESP32/cnn_webassembly_esp32/reports/20261009T030249020912Z/report.csv,12964
a0572.raw,1,0,255,0,0,1,6175.016,2,equal,2,565.612,1814380,1814052,0,1711048,1711048,0,21,ESP32/cnn_webassembly_esp32/reports/20261009T030249020912Z/report.csv,12964
a0573.raw,1,1,254,0,0,1,6170.633,2,equal,2,523.159,1814380,1814052,0,1711048,1711048,0,21,ESP32/cnn_webassembly_esp32/reports/20261009T030249020912Z/report.csv,12964
a0574.raw,1,0,255,0,0,1,6159.676,2,equal,2,519.758,1814380,1814048,0,1711048,1711048,0,21,ESP32/cnn_webassembly_esp32/reports/20261009T030249020912Z/report.csv,12964
a0575.raw,1,0,255,0,0,1,6173.142,2,equal,2,524.993,1814380,1814048,0,1711048,1711048,0,21,ESP32/cnn_webassembly_esp32/reports/20261009T030249020912Z/report.csv,12964
a0576.raw,1,0,255,0,0,1,6170.11,2,equal,2,922.434,1814384,1814052,0,1711048,1711048,0,21,ESP32/cnn_webassembly_esp32/reports/20261009T030249020912Z/report.csv,12964
a0577.raw,1,0,255,0,0,1,6165.538,2,equal,2,545.722,1814384,1814056,0,1711048,1711048,0,21,ESP32/cnn_webassembly_esp32/reports/20261009T030249020912Z/report.csv,12964
a0578.raw,1,0,255,0,0,1,6174.603,2,equal,2,535.668,1814396,1814040,0,1711048,1711048,0,21,ESP32/cnn_webassembly_esp32/reports/20261009T030249020912Z/report.csv,12964
a0579.raw,1,0,255,0,0,1,6184.852,2,equal,2,515.253,1814396,1814068,0,1711048,1711048,0,21,ESP32/cnn_webassembly_esp32/reports/20261009T030249020912Z/report.csv,12964
a0580.raw,1,0,255,0,0,1,6178.565,2,equal,2,567.173,1814396,1814056,0,1711048,1711048,0,21,ESP32/cnn_webassembly_esp32/reports/20261009T030249020912Z/report.csv,12964
a0581.raw,1,0,255,0,0,1,6176.628,2,equal,2,513.290,1814396,1814068,0,1711048,1711048,0,21,ESP32/cnn_webassembly_esp32/reports/20261009T030249020912Z/report.csv,12964
a0582.raw,1,30,225,0,0,1,6181.651,2,equal,2,577.270,1814396,1814064,0,1711048,1711048,0,21,ESP32/cnn_webassembly_esp32/reports/20261009T030249020912Z/report.csv,12964
a0583.raw,1,4,251,0,0,1,6178.504,2,equal,2,494.763,1814396,1814064,0,1711048,1711048,0,21,ESP32/cnn_webassembly_esp32/reports/20261009T030249020912Z/report.csv,12964
a0584.raw,1,0,255,0,0,1,6186.346,2,equal,2,532.309,1814400,1814064,0,1711048,1711048,0,21,ESP32/cnn_webassembly_esp32/reports/20261009T030249020912Z/report.csv,12964
a0585.raw,1,0,255,0,0,1,6177.15,2,equal,2,531.039,1814400,1814072,0,1711048,1711048,0,21,ESP32/cnn_webassembly_esp32/reports/20261009T030249020912Z/report.csv,12964
a0586.raw,1,1,254,0,0,1,6175.913,2,equal,2,514.704,1814400,1814072,0,1711048,1711048,0,21,ESP32/cnn_webassembly_esp32/reports/20261009T030249020912Z/report.csv,12964
a0587.raw,1,0,255,0,0,1,6173.582,2,equal,2,534.993,1814400,1814072,0,1711048,1711048,0,21,ESP32/cnn_webassembly_esp32/reports/20261009T030249020912Z/report.csv,12964
a0588.raw,1,1,254,0,0,1,6175.207,2,equal,2,539.282,1814400,1814068,0,1711048,1711048,0,21,ESP32/cnn_webassembly_esp32/reports/20261009T030249020912Z/report.csv,12964
a0589.raw,1,1,254,0,0,1,6176.587,2,equal,2,569.902,1814400,1814072,0,1711048,1711048,0,21,ESP32/cnn_webassembly_esp32/reports/20261009T030249020912Z/report.csv,12964
a0590.raw,1,0,255,0,0,1,6171.178,2,equal,2,486.331,1814400,1814072,0,1711048,1711048,0,21,ESP32/cnn_webassembly_esp32/reports/20261009T030249020912Z/report.csv,12964
a0591.raw,1,0,255,0,0,1,6169.881,2,equal,2,560.745,1814400,1814068,0,1711048,1711048,0,21,ESP32/cnn_webassembly_esp32/reports/20261009T030249020912Z/report.csv,12964
a0592.raw,1,0,255,0,0,1,6191.25,16,mode,14,535.600,1814400,1814068,0,1711048,1711048,0,22,ESP32/cnn_webassembly_esp32/reports/20261009T100046423575Z/report.csv,12964
a0593.raw,1,0,255,0,0,1,6172.031,2,equal,2,520.751,1814400,1814072,0,1711048,1711048,0,21,ESP32/cnn_webassembly_esp32/reports/20261009T030249020912Z/report.csv,12964
a0594.raw,1,0,255,0,0,1,6179.028,2,equal,2,517.931,1814400,1814060,0,1711048,1711048,0,21,ESP32/cnn_webassembly_esp32/reports/20261009T030249020912Z/report.csv,12964
a0595.raw,1,0,255,0,0,1,6182.195,2,equal,2,510.613,1814400,1814064,0,1711048,1711048,0,21,ESP32/cnn_webassembly_esp32/reports/20261009T030249020912Z/report.csv,12964
a0596.raw,1,0,255,0,0,1,6168.293,2,equal,2,501.913,1814400,1814068,0,1711048,1711048,0,21,ESP32/cnn_webassembly_esp32/reports/20261009T030249020912Z/report.csv,12964
a0597.raw,1,0,255,0,0,1,6186.307,2,equal,2,498.914,1814400,1814072,0,1711048,1711048,0,21,ESP32/cnn_webassembly_esp32/reports/20261009T030249020912Z/report.csv,12964
a0598.raw,1,4,251,0,0,1,6188.169,2,equal,2,504.618,1814400,1814072,0,1711048,1711048,0,21,ESP32/cnn_webassembly_esp32/reports/20261009T030249020912Z/report.csv,12964
a0599.raw,1,128,128,-1,0,0,6178.342,2,equal,2,504.436,1814400,1814072,0,1711048,1711048,0,21,ESP32/cnn_webassembly_esp32/reports/20261009T030249020912Z/report.csv,12964
a0600.raw,1,0,255,0,0,1,6176.737,2,equal,2,514.654,1814400,1814072,0,1711048,1711048,0,21,ESP32/cnn_webassembly_esp32/reports/20261009T030249020912Z/report.csv,12964
a0601.raw,1,4,251,0,0,1,6178.529,2,equal,2,542.526,1814400,1814072,0,1711048,1711048,0,21,ESP32/cnn_webassembly_esp32/reports/20261009T030249020912Z/report.csv,12964
a0602.raw,1,0,255,0,0,1,6183.175,2,equal,2,560.703,1814396,1814068,0,1711048,1711048,0,21,ESP32/cnn_webassembly_esp32/reports/20261009T030249020912Z/report.csv,12964
a0603.raw,1,0,255,0,0,1,6179.257,2,equal,2,497.752,1814396,1814068,0,1711048,1711048,0,21,ESP32/cnn_webassembly_esp32/reports/20261009T030249020912Z/report.csv,12964
a0604.raw,1,1,254,0,0,1,6184.391,2,equal,2,516.470,1814396,1814068,0,1711048,1711048,0,21,ESP32/cnn_webassembly_esp32/reports/20261009T030249020912Z/report.csv,12964
a0605.raw,1,0,255,0,0,1,6171.795,2,equal,2,497.477,1814424,1814068,0,1711048,1711048,0,21,ESP32/cnn_webassembly_esp32/reports/20261009T030249020912Z/report.csv,12964
a0606.raw,1,4,251,0,0,1,6176.948,2,equal,2,521.064,1814612,1814072,0,1711048,1711048,0,21,ESP32/cnn_webassembly_esp32/reports/20261009T030249020912Z/report.csv,12964
a0607.raw,1,0,255,0,0,1,6183.845,2,equal,2,537.956,1814824,1814280,0,1711048,1711048,0,21,ESP32/cnn_webassembly_esp32/reports/20261009T030249020912Z/report.csv,12964
a0608.raw,1,0,255,0,0,1,6191,2,equal,2,572.917,1815060,1814496,0,1711048,1711048,0,21,ESP32/cnn_webassembly_esp32/reports/20261009T030249020912Z/report.csv,12964
a0609.raw,1,0,255,0,0,1,6179.457,2,equal,2,643.589,1815248,1814712,0,1711048,1711048,0,21,ESP32/cnn_webassembly_esp32/reports/20261009T030249020912Z/report.csv,12964
a0610.raw,1,0,255,0,0,1,6183.573,2,equal,2,500.746,1815460,1814920,0,1711048,1711048,0,21,ESP32/cnn_webassembly_esp32/reports/20261009T030249020912Z/report.csv,12964
a0611.raw,1,0,255,0,0,1,6198.502,2,equal,2,505.243,1815696,1815132,0,1711048,1711048,0,21,ESP32/cnn_webassembly_esp32/reports/20261009T030249020912Z/report.csv,12964
a0612.raw,1,12,243,0,0,1,6177.453,2,equal,2,645.261,1815884,1815344,0,1711048,1711048,0,21,ESP32/cnn_webassembly_esp32/reports/20261009T030249020912Z/report.csv,12964
a0613.raw,1,4,251,0,0,1,6178.697,2,equal,2,494.974,1816096,1815560,0,1711048,1711048,0,21,ESP32/cnn_webassembly_esp32/reports/20261009T030249020912Z/report.csv,12964
a0614.raw,1,0,255,0,0,1,6181.994,2,equal,2,521.090,1816332,1815764,0,1711048,1711048,0,21,ESP32/cnn_webassembly_esp32/reports/20261009T030249020912Z/report.csv,12964
a0615.raw,1,0,255,0,0,1,6182.89,2,equal,2,561.701,1816520,1815980,0,1711048,1711048,0,21,ESP32/cnn_webassembly_esp32/reports/20261009T030249020912Z/report.csv,12964
a0616.raw,1,0,255,0,0,1,6193.643,2,equal,2,505.011,1816732,1816192,0,1711048,1711048,0,21,ESP32/cnn_webassembly_esp32/reports/20261009T030249020912Z/report.csv,12964
a0617.raw,1,0,255,0,0,1,6175.597,2,equal,2,519.551,1816968,1816404,0,1711048,1711048,0,21,ESP32/cnn_webassembly_esp32/reports/20261009T030249020912Z/report.csv,12964
a0618.raw,1,0,255,0,0,1,6170.294,2,equal,2,534.586,1817156,1816604,0,1711048,1711048,0,21,ESP32/cnn_webassembly_esp32/reports/20261009T030249020912Z/report.csv,12964
a0619.raw,1,0,255,0,0,1,6174.749,2,equal,2,501.974,1817364,1816828,0,1711048,1711048,0,21,ESP32/cnn_webassembly_esp32/reports/20261009T030249020912Z/report.csv,12964
a0620.raw,1,30,225,0,0,1,6169.255,2,equal,2,557.167,1817604,1817036,0,1711048,1711048,0,21,ESP32/cnn_webassembly_esp32/reports/20261009T030249020912Z/report.csv,12964
a0621.raw,1,0,255,0,0,1,6170.627,2,equal,2,523.052,1817788,1817256,0,1711048,1711048,0,21,ESP32/cnn_webassembly_esp32/reports/20261009T030249020912Z/report.csv,12964
a0622.raw,1,0,255,0,0,1,6184.195,2,equal,2,557.856,1818028,1817464,0,1711048,1711048,0,21,ESP32/cnn_webassembly_esp32/reports/20261009T030249020912Z/report.csv,12964
a0623.raw,1,0,255,0,0,1,6168.459,2,equal,2,515.362,1818048,1817672,0,1711048,1711048,0,21,ESP32/cnn_webassembly_esp32/reports/20261009T030249020912Z/report.csv,12964
a0624.raw,1,0,255,0,0,1,6166.702,2,equal,2,526.654,1818028,1817664,0,1711048,1711048,0,21,ESP32/cnn_webassembly_esp32/reports/20261009T030249020912Z/report.csv,12964
a0625.raw,1,0,255,0,0,1,6177.68,2,equal,2,536.395,1818028,1817672,0,1711048,1711048,0,21,ESP32/cnn_webassembly_esp32/reports/20261009T030249020912Z/report.csv,12964
a0626.raw,1,0,255,0,0,1,6173.234,2,equal,2,559.046,1818048,1817672,0,1711048,1711048,0,21,ESP32/cnn_webassembly_esp32/reports/20261009T030249020912Z/report.csv,12964
a0627.raw,1,0,255,0,0,1,6162.168,2,equal,2,669.567,1818028,1817664,0,1711048,1711048,0,21,ESP32/cnn_webassembly_esp32/reports/20261009T030249020912Z/report.csv,12964
a0628.raw,1,30,225,0,0,1,6171.118,2,equal,2,679.632,1818028,1817676,0,1711048,1711048,0,21,ESP32/cnn_webassembly_esp32/reports/20261009T030249020912Z/report.csv,12964
a0629.raw,1,0,255,0,0,1,6168.876,2,equal,2,521.371,1818048,1817676,0,1711048,1711048,0,21,ESP32/cnn_webassembly_esp32/reports/20261009T030249020912Z/report.csv,12964
a0630.raw,1,0,255,0,0,1,6172.772,2,equal,2,559.595,1818028,1817664,0,1711048,1711048,0,21,ESP32/cnn_webassembly_esp32/reports/20261009T030249020912Z/report.csv,12964
a0631.raw,1,0,255,0,0,1,6156.746,2,equal,2,507.335,1818028,1817668,0,1711048,1711048,0,21,ESP32/cnn_webassembly_esp32/reports/20261009T030249020912Z/report.csv,12964
a0632.raw,1,0,255,0,0,1,6158.187,2,equal,2,515.532,1818048,1817676,0,1711048,1711048,0,21,ESP32/cnn_webassembly_esp32/reports/20261009T030249020912Z/report.csv,12964
a0633.raw,1,0,255,0,0,1,6174.866,2,equal,2,489.195,1818028,1817656,0,1711048,1711048,0,21,ESP32/cnn_webassembly_esp32/reports/20261009T030249020912Z/report.csv,12964
a0634.raw,1,0,255,0,0,1,6168.178,2,equal,2,520.008,1818028,1817680,0,1711048,1711048,0,21,ESP32/cnn_webassembly_esp32/reports/20261009T030249020912Z/report.csv,12964
a0635.raw,1,0,255,0,0,1,6176.681,2,equal,2,551.475,1818048,1817672,0,1711048,1711048,0,21,ESP32/cnn_webassembly_esp32/reports/20261009T030249020912Z/report.csv,12964
a0636.raw,1,0,255,0,0,1,6177.126,2,equal,2,700.182,1818028,1817664,0,1711048,1711048,0,21,ESP32/cnn_webassembly_esp32/reports/20261009T030249020912Z/report.csv,12964
a0637.raw,1,0,255,0,0,1,6179.879,2,equal,2,505.421,1818028,1817676,0,1711048,1711048,0,21,ESP32/cnn_webassembly_esp32/reports/20261009T030249020912Z/report.csv,12964
a0638.raw,1,0,255,0,0,1,6160.84,2,equal,2,525.935,1818048,1817676,0,1711048,1711048,0,21,ESP32/cnn_webassembly_esp32/reports/20261009T030249020912Z/report.csv,12964
a0639.raw,1,0,255,0,0,1,6183.684,2,equal,2,498.268,1818028,1817664,0,1711048,1711048,0,21,ESP32/cnn_webassembly_esp32/reports/20261009T030249020912Z/report.csv,12964
a0640.raw,1,0,255,0,0,1,6176.202,2,equal,2,539.826,1818028,1817668,0,1711048,1711048,0,21,ESP32/cnn_webassembly_esp32/reports/20261009T030249020912Z/report.csv,12964
a0641.raw,1,0,255,0,0,1,6176.964,2,equal,2,541.413,1818048,1817676,0,1711048,1711048,0,21,ESP32/cnn_webassembly_esp32/reports/20261009T030249020912Z/report.csv,12964
a0642.raw,1,1,254,0,0,1,6189.371,2,equal,2,619.087,1818028,1817664,0,1711048,1711048,0,21,ESP32/cnn_webassembly_esp32/reports/20261009T030249020912Z/report.csv,12964
a0643.raw,1,0,255,0,0,1,6193.045,2,equal,2,490.197,1818028,1817672,0,1711048,1711048,0,21,ESP32/cnn_webassembly_esp32/reports/20261009T030249020912Z/report.csv,12964
a0644.raw,1,0,255,0,0,1,6199.658,2,equal,2,487.476,1818048,1817676,0,1711048,1711048,0,21,ESP32/cnn_webassembly_esp32/reports/20261009T030249020912Z/report.csv,12964
a0645.raw,1,4,251,0,0,1,6192.604,2,equal,2,639.414,1818028,1817664,0,1711048,1711048,0,21,ESP32/cnn_webassembly_esp32/reports/20261009T030249020912Z/report.csv,12964
a0646.raw,1,0,255,0,0,1,6196.392,2,equal,2,1006.854,1818028,1817676,0,1711048,1711048,0,21,ESP32/cnn_webassembly_esp32/reports/20261009T030249020912Z/report.csv,12964
a0647.raw,1,0,255,0,0,1,6192.829,2,equal,2,541.399,1818048,1817672,0,1711048,1711048,0,21,ESP32/cnn_webassembly_esp32/reports/20261009T030249020912Z/report.csv,12964
a0648.raw,1,0,255,0,0,1,6191.819,2,equal,2,528.155,1818028,1817664,0,1711048,1711048,0,21,ESP32/cnn_webassembly_esp32/reports/20261009T030249020912Z/report.csv,12964
a0649.raw,1,0,255,0,0,1,6192.688,2,equal,2,504.053,1818028,1817672,0,1711048,1711048,0,21,ESP32/cnn_webassembly_esp32/reports/20261009T030249020912Z/report.csv,12964
a0650.raw,1,0,255,0,0,1,6198.085,2,equal,2,492.866,1818048,1817676,0,1711048,1711048,0,21,ESP32/cnn_webassembly_esp32/reports/20261009T030249020912Z/report.csv,12964
a0651.raw,1,0,255,0,0,1,6193.693,2,equal,2,500.321,1818028,1817664,0,1711048,1711048,0,21,ESP32/cnn_webassembly_esp32/reports/20261009T030249020912Z/report.csv,12964
a0652.raw,1,0,255,0,0,1,6189.414,2,equal,2,523.490,1818028,1817676,0,1711048,1711048,0,21,ESP32/cnn_webassembly_esp32/reports/20261009T030249020912Z/report.csv,12964
a0653.raw,1,0,255,0,0,1,6184.323,2,equal,2,498.941,1818048,1817676,0,1711048,1711048,0,21,ESP32/cnn_webassembly_esp32/reports/20261009T030249020912Z/report.csv,12964
a0654.raw,1,0,255,0,0,1,6178.057,2,equal,2,501.904,1818028,1817664,0,1711048,1711048,0,21,ESP32/cnn_webassembly_esp32/reports/20261009T030249020912Z/report.csv,12964
a0655.raw,1,0,255,0,0,1,6155.977,2,equal,2,544.329,1818028,1817672,0,1711048,1711048,0,21,ESP32/cnn_webassembly_esp32/reports/20261009T030249020912Z/report.csv,12964
a0656.raw,1,0,255,0,0,1,6158.337,2,equal,2,585.635,1818048,1817672,0,1711048,1711048,0,21,ESP32/cnn_webassembly_esp32/reports/20261009T030249020912Z/report.csv,12964
a0657.raw,1,1,254,0,0,1,6152.44,2,equal,2,528.475,1818028,1817664,0,1711048,1711048,0,21,ESP32/cnn_webassembly_esp32/reports/20261009T030249020912Z/report.csv,12964
a0658.raw,1,0,255,0,0,1,6146.794,2,equal,2,568.103,1818028,1817672,0,1711048,1711048,0,21,ESP32/cnn_webassembly_esp32/reports/20261009T030249020912Z/report.csv,12964
a0659.raw,1,0,255,0,0,1,6159.015,2,equal,2,503.760,1818048,1817676,0,1711048,1711048,0,21,ESP32/cnn_webassembly_esp32/reports/20261009T030249020912Z/report.csv,12964
a0660.raw,1,0,255,0,0,1,6135.84,2,equal,2,508.570,1818028,1817656,0,1711048,1711048,0,21,ESP32/cnn_webassembly_esp32/reports/20261009T030249020912Z/report.csv,12964
a0661.raw,1,1,254,0,0,1,6150.217,2,equal,2,564.154,1818028,1817672,0,1711048,1711048,0,21,ESP32/cnn_webassembly_esp32/reports/20261009T030249020912Z/report.csv,12964
a0662.raw,1,0,255,0,0,1,6150.336,2,equal,2,490.781,1818048,1817676,0,1711048,1711048,0,21,ESP32/cnn_webassembly_esp32/reports/20261009T030249020912Z/report.csv,12964
a0663.raw,1,1,254,0,0,1,6151.28,16,mode,15,538.491,1818028,1817660,0,1711048,1711048,0,21,ESP32/cnn_webassembly_esp32/reports/20261009T030249020912Z/report.csv,12964
a0664.raw,1,30,225,0,0,1,6150.509,2,equal,2,468.464,1818028,1817676,0,1711048,1711048,0,21,ESP32/cnn_webassembly_esp32/reports/20261009T030249020912Z/report.csv,12964
a0665.raw,1,0,255,0,0,1,6148.488,2,equal,2,517.130,1818048,1817672,0,1711048,1711048,0,21,ESP32/cnn_webassembly_esp32/reports/20261009T030249020912Z/report.csv,12964
a0666.raw,1,0,255,0,0,1,6153.564,2,equal,2,556.655,1818028,1817664,0,1711048,1711048,0,21,ESP32/cnn_webassembly_esp32/reports/20261009T030249020912Z/report.csv,12964
a0667.raw,1,0,255,0,0,1,6155.937,2,equal,2,528.879,1818028,1817672,0,1711048,1711048,0,21,ESP32/cnn_webassembly_esp32/reports/20261009T030249020912Z/report.csv,12964
a0668.raw,1,0,255,0,0,1,6145.176,2,equal,2,481.625,1818048,1817664,0,1711048,1711048,0,21,ESP32/cnn_webassembly_esp32/reports/20261009T030249020912Z/report.csv,12964
a0669.raw,1,0,255,0,0,1,6150.889,2,equal,2,518.135,1818028,1817668,0,1711048,1711048,0,21,ESP32/cnn_webassembly_esp32/reports/20261009T030249020912Z/report.csv,12964
a0670.raw,1,0,255,0,0,1,6145.814,2,equal,2,503.896,1818028,1817672,0,1711048,1711048,0,21,ESP32/cnn_webassembly_esp32/reports/20261009T030249020912Z/report.csv,12964
a0671.raw,1,0,255,0,0,1,6162.924,2,equal,2,485.272,1818048,1817676,0,1711048,1711048,0,21,ESP32/cnn_webassembly_esp32/reports/20261009T030249020912Z/report.csv,12964
a0672.raw,1,0,255,0,0,1,6148.626,2,equal,2,479.608,1818028,1817656,0,1711048,1711048,0,21,ESP32/cnn_webassembly_esp32/reports/20261009T030249020912Z/report.csv,12964
a0673.raw,1,0,255,0,0,1,6160.836,2,equal,2,506.673,1818028,1817672,0,1711048,1711048,0,21,ESP32/cnn_webassembly_esp32/reports/20261009T030249020912Z/report.csv,12964
a0674.raw,1,0,255,0,0,1,6167.354,2,equal,2,494.161,1818048,1817676,0,1711048,1711048,0,21,ESP32/cnn_webassembly_esp32/reports/20261009T030249020912Z/report.csv,12964
a0675.raw,1,0,255,0,0,1,6154.605,2,equal,2,567.095,1818028,1817660,0,1711048,1711048,0,21,ESP32/cnn_webassembly_esp32/reports/20261009T030249020912Z/report.csv,12964
a0676.raw,1,0,255,0,0,1,6148.498,2,equal,2,638.072,1818028,1817672,0,1711048,1711048,0,21,ESP32/cnn_webassembly_esp32/reports/20261009T030249020912Z/report.csv,12964
a0677.raw,1,0,255,0,0,1,6146.508,2,equal,2,524.517,1818048,1817676,0,1711048,1711048,0,21,ESP32/cnn_webassembly_esp32/reports/20261009T030249020912Z/report.csv,12964
a0678.raw,1,30,225,0,0,1,6158.598,2,equal,2,747.581,1818028,1817660,0,1711048,1711048,0,21,ESP32/cnn_webassembly_esp32/reports/20261009T030249020912Z/report.csv,12964
a0679.raw,1,0,255,0,0,1,6142.562,2,equal,2,522.141,1818028,1817676,0,1711048,1711048,0,21,ESP32/cnn_webassembly_esp32/reports/20261009T030249020912Z/report.csv,12964
a0680.raw,1,0,255,0,0,1,6151.602,2,equal,2,536.764,1818048,1817676,0,1711048,1711048,0,21,ESP32/cnn_webassembly_esp32/reports/20261009T030249020912Z/report.csv,12964
a0681.raw,1,0,255,0,0,1,6143.431,2,equal,2,643.670,1818028,1817664,0,1711048,1711048,0,21,ESP32/cnn_webassembly_esp32/reports/20261009T030249020912Z/report.csv,12964
a0682.raw,1,68,187,0,0,1,6163.337,2,equal,2,489.626,1818028,1817672,0,1711048,1711048,0,21,ESP32/cnn_webassembly_esp32/reports/20261009T030249020912Z/report.csv,12964
a0683.raw,1,0,255,0,0,1,6156.363,2,equal,2,537.163,1818048,1817676,0,1711048,1711048,0,21,ESP32/cnn_webassembly_esp32/reports/20261009T030249020912Z/report.csv,12964
a0684.raw,1,0,255,0,0,1,6142.213,2,equal,2,506.017,1818028,1817656,0,1711048,1711048,0,21,ESP32/cnn_webassembly_esp32/reports/20261009T030249020912Z/report.csv,12964
a0685.raw,1,0,255,0,0,1,6151.671,2,equal,2,504.354,1818028,1817676,0,1711048,1711048,0,21,ESP32/cnn_webassembly_esp32/reports/20261009T030249020912Z/report.csv,12964
a0686.raw,1,0,255,0,0,1,6151.178,2,equal,2,543.249,1818048,1817672,0,1711048,1711048,0,21,ESP32/cnn_webassembly_esp32/reports/20261009T030249020912Z/report.csv,12964
a0687.raw,1,1,254,0,0,1,6162.493,2,equal,2,509.936,1818028,1817656,0,1711048,1711048,0,21,ESP32/cnn_webassembly_esp32/reports/20261009T030249020912Z/report.csv,12964
a0688.raw,1,0,255,0,0,1,6153.162,2,equal,2,531.024,1818028,1817676,0,1711048,1711048,0,21,ESP32/cnn_webassembly_esp32/reports/20261009T030249020912Z/report.csv,12964
a0689.raw,1,0,255,0,0,1,6148.062,2,equal,2,543.559,1818048,1817668,0,1711048,1711048,0,21,ESP32/cnn_webassembly_esp32/reports/20261009T030249020912Z/report.csv,12964
a0690.raw,1,0,255,0,0,1,6144.068,2,equal,2,495.296,1818028,1817664,0,1711048,1711048,0,21,ESP32/cnn_webassembly_esp32/reports/20261009T030249020912Z/report.csv,12964
a0691.raw,1,0,255,0,0,1,6160.53,2,equal,2,514.599,1818028,1817676,0,1711048,1711048,0,21,ESP32/cnn_webassembly_esp32/reports/20261009T030249020912Z/report.csv,12964
a0692.raw,1,0,255,0,0,1,6149.562,2,equal,2,516.147,1818048,1817672,0,1711048,1711048,0,21,ESP32/cnn_webassembly_esp32/reports/20261009T030249020912Z/report.csv,12964
a0693.raw,1,4,251,0,0,1,6150.501,2,equal,2,509.543,1817776,1817664,0,1711048,1711048,0,21,ESP32/cnn_webassembly_esp32/reports/20261009T030249020912Z/report.csv,12964
a0694.raw,1,0,255,0,0,1,6155.554,2,equal,2,549.819,1817564,1817444,0,1711048,1711048,0,21,ESP32/cnn_webassembly_esp32/reports/20261009T030249020912Z/report.csv,12964
a0695.raw,1,0,255,0,0,1,6154.958,2,equal,2,497.095,1817352,1817236,0,1711048,1711048,0,21,ESP32/cnn_webassembly_esp32/reports/20261009T030249020912Z/report.csv,12964
a0696.raw,1,0,255,0,0,1,6157.677,2,equal,2,523.354,1817140,1817020,0,1711048,1711048,0,21,ESP32/cnn_webassembly_esp32/reports/20261009T030249020912Z/report.csv,12964
a0697.raw,1,4,251,0,0,1,6146.425,2,equal,2,512.440,1816928,1816812,0,1711048,1711048,0,21,ESP32/cnn_webassembly_esp32/reports/20261009T030249020912Z/report.csv,12964
a0698.raw,1,0,255,0,0,1,6152.768,2,equal,2,516.346,1816716,1816596,0,1711048,1711048,0,21,ESP32/cnn_webassembly_esp32/reports/20261009T030249020912Z/report.csv,12964
a0699.raw,1,0,255,0,0,1,6152.629,2,equal,2,547.876,1816504,1816384,0,1711048,1711048,0,21,ESP32/cnn_webassembly_esp32/reports/20261009T030249020912Z/report.csv,12964
a0700.raw,1,0,255,0,0,1,6153.034,2,equal,2,540.589,1816292,1816176,0,1711048,1711048,0,21,ESP32/cnn_webassembly_esp32/reports/20261009T030249020912Z/report.csv,12964
a0701.raw,1,1,254,0,0,1,6155.544,2,equal,2,503.842,1816080,1815960,0,1711048,1711048,0,21,ESP32/cnn_webassembly_esp32/reports/20261009T030249020912Z/report.csv,12964
a0702.raw,1,1,254,0,0,1,6149.311,2,equal,2,529.424,1815868,1815748,0,1711048,1711048,0,21,ESP32/cnn_webassembly_esp32/reports/20261009T030249020912Z/report.csv,12964
a0703.raw,1,0,255,0,0,1,6152.71,2,equal,2,507.437,1815656,1815536,0,1711048,1711048,0,21,ESP32/cnn_webassembly_esp32/reports/20261009T030249020912Z/report.csv,12964
a0704.raw,1,0,255,0,0,1,6159.745,2,equal,2,501.750,1815444,1815324,0,1711048,1711048,0,21,ESP32/cnn_webassembly_esp32/reports/20261009T030249020912Z/report.csv,12964
a0705.raw,1,0,255,0,0,1,6144.995,2,equal,2,571.929,1815232,1815116,0,1711048,1711048,0,21,ESP32/cnn_webassembly_esp32/reports/20261009T030249020912Z/report.csv,12964
a0706.raw,1,0,255,0,0,1,6144.441,2,equal,2,510.189,1815020,1814904,0,1711048,1711048,0,21,ESP32/cnn_webassembly_esp32/reports/20261009T030249020912Z/report.csv,12964
a0707.raw,1,0,255,0,0,1,6151.005,2,equal,2,672.304,1814808,1814688,0,1711048,1711048,0,21,ESP32/cnn_webassembly_esp32/reports/20261009T030249020912Z/report.csv,12964
a0708.raw,1,0,255,0,0,1,6156.055,2,equal,2,568.830,1814596,1814484,0,1711048,1711048,0,21,ESP32/cnn_webassembly_esp32/reports/20261009T030249020912Z/report.csv,12964
a0709.raw,1,0,255,0,0,1,6149.011,2,equal,2,516.011,1814384,1814268,0,1711048,1711048,0,21,ESP32/cnn_webassembly_esp32/reports/20261009T030249020912Z/report.csv,12964
a0710.raw,1,4,251,0,0,1,6166.526,2,equal,2,541.827,1814396,1814056,0,1711048,1711048,0,21,ESP32/cnn_webassembly_esp32/reports/20261009T030249020912Z/report.csv,12964
a0711.raw,1,1,254,0,0,1,6192.667,16,mode,15,700.085,1816092,1815972,0,1711048,1711048,0,22,ESP32/cnn_webassembly_esp32/reports/20261009T100046423575Z/report.csv,12964
a0712.raw,1,1,254,0,0,1,6179.289,2,equal,2,520.362,1814396,1814068,0,1711048,1711048,0,21,ESP32/cnn_webassembly_esp32/reports/20261009T030249020912Z/report.csv,12964
a0713.raw,1,30,225,0,0,1,6163.818,2,equal,2,504.636,1814184,1814068,0,1711048,1711048,0,21,ESP32/cnn_webassembly_esp32/reports/20261009T030249020912Z/report.csv,12964
a0714.raw,1,30,225,0,0,1,6153.361,2,equal,2,514.903,1814396,1814068,0,1711048,1711048,0,21,ESP32/cnn_webassembly_esp32/reports/20261009T030249020912Z/report.csv,12964
a0715.raw,1,0,255,0,0,1,6167.925,2,equal,2,563.161,1814396,1814068,0,1711048,1711048,0,21,ESP32/cnn_webassembly_esp32/reports/20261009T030249020912Z/report.csv,12964
a0716.raw,1,0,255,0,0,1,6156.058,2,equal,2,528.278,1814396,1814068,0,1711048,1711048,0,21,ESP32/cnn_webassembly_esp32/reports/20261009T030249020912Z/report.csv,12964
a0717.raw,1,30,225,0,0,1,6158.239,2,equal,2,512.282,1814396,1814068,0,1711048,1711048,0,21,ESP32/cnn_webassembly_esp32/reports/20261009T030249020912Z/report.csv,12964
a0718.raw,1,0,255,0,0,1,6158.197,2,equal,2,552.698,1814396,1814068,0,1711048,1711048,0,21,ESP32/cnn_webassembly_esp32/reports/20261009T030249020912Z/report.csv,12964
a0719.raw,1,1,254,0,0,1,6159.339,2,equal,2,513.271,1814396,1814068,0,1711048,1711048,0,21,ESP32/cnn_webassembly_esp32/reports/20261009T030249020912Z/report.csv,12964
a0720.raw,1,0,255,0,0,1,6152.088,2,equal,2,520.616,1814396,1814068,0,1711048,1711048,0,21,ESP32/cnn_webassembly_esp32/reports/20261009T030249020912Z/report.csv,12964
a0721.raw,1,0,255,0,0,1,6154.13,2,equal,2,500.352,1814396,1814068,0,1711048,1711048,0,21,ESP32/cnn_webassembly_esp32/reports/20261009T030249020912Z/report.csv,12964
a0722.raw,1,0,255,0,0,1,6149.429,2,equal,2,476.162,1814396,1814068,0,1711048,1711048,0,21,ESP32/cnn_webassembly_esp32/reports/20261009T030249020912Z/report.csv,12964
a0723.raw,1,187,68,1,0,0,6154.32,2,equal,2,490.619,1814184,1814068,0,1711048,1711048,0,21,ESP32/cnn_webassembly_esp32/reports/20261009T030249020912Z/report.csv,12964
a0724.raw,1,0,255,0,0,1,6157.468,2,equal,2,536.060,1814396,1814068,0,1711048,1711048,0,21,ESP32/cnn_webassembly_esp32/reports/20261009T030249020912Z/report.csv,12964
a0725.raw,1,0,255,0,0,1,6155.318,2,equal,2,527.852,1814184,1814044,0,1711048,1711048,0,21,ESP32/cnn_webassembly_esp32/reports/20261009T030249020912Z/report.csv,12964
a0726.raw,1,30,225,0,0,1,6161.3,2,equal,2,542.473,1814404,1814064,0,1711048,1711048,0,21,ESP32/cnn_webassembly_esp32/reports/20261009T030249020912Z/report.csv,12964
a0727.raw,1,4,251,0,0,1,6148.846,2,equal,2,520.729,1814192,1814064,0,1711048,1711048,0,21,ESP32/cnn_webassembly_esp32/reports/20261009T030249020912Z/report.csv,12964
a0728.raw,1,1,254,0,0,1,6157.206,2,equal,2,532.588,1814192,1814072,0,1711048,1711048,0,21,ESP32/cnn_webassembly_esp32/reports/20261009T030249020912Z/report.csv,12964
a0729.raw,1,12,243,0,0,1,6153.044,2,equal,2,543.512,1814192,1814072,0,1711048,1711048,0,21,ESP32/cnn_webassembly_esp32/reports/20261009T030249020912Z/report.csv,12964
a0730.raw,1,0,255,0,0,1,6155.235,2,equal,2,549.445,1814192,1814068,0,1711048,1711048,0,21,ESP32/cnn_webassembly_esp32/reports/20261009T030249020912Z/report.csv,12964
a0731.raw,1,0,255,0,0,1,6162.538,2,equal,2,553.723,1814404,1814072,0,1711048,1711048,0,21,ESP32/cnn_webassembly_esp32/reports/20261009T030249020912Z/report.csv,12964
a0732.raw,1,0,255,0,0,1,6172.187,2,equal,2,530.042,1814192,1814076,0,1711048,1711048,0,21,ESP32/cnn_webassembly_esp32/reports/20261009T030249020912Z/report.csv,12964
a0733.raw,1,0,255,0,0,1,6171.3,2,equal,2,512.633,1814404,1814076,0,1711048,1711048,0,21,ESP32/cnn_webassembly_esp32/reports/20261009T030249020912Z/report.csv,12964
a0734.raw,1,0,255,0,0,1,6160.176,2,equal,2,481.863,1814192,1814072,0,1711048,1711048,0,21,ESP32/cnn_webassembly_esp32/reports/20261009T030249020912Z/report.csv,12964
a0735.raw,1,0,255,0,0,1,6161.109,2,equal,2,492.167,1814184,1814076,0,1711048,1711048,0,21,ESP32/cnn_webassembly_esp32/reports/20261009T030249020912Z/report.csv,12964
a0736.raw,1,4,251,0,0,1,6163.981,2,equal,2,514.907,1814184,1814068,0,1711048,1711048,0,21,ESP32/cnn_webassembly_esp32/reports/20261009T030249020912Z/report.csv,12964
a0737.raw,1,0,255,0,0,1,6160.238,2,equal,2,506.942,1814204,1814068,0,1711048,1711048,0,21,ESP32/cnn_webassembly_esp32/reports/20261009T030249020912Z/report.csv,12964
a0738.raw,1,251,4,1,0,0,6159.864,2,equal,2,673.247,1814608,1814064,0,1711048,1711048,0,21,ESP32/cnn_webassembly_esp32/reports/20261009T030249020912Z/report.csv,12964
a0739.raw,1,4,251,0,0,1,6190.121,16,mode,15,487.259,1814404,1814076,0,1711048,1711048,0,22,ESP32/cnn_webassembly_esp32/reports/20261009T100046423575Z/report.csv,12964
a0740.raw,1,187,68,1,0,0,6165.82,2,equal,2,522.394,1815052,1814492,0,1711048,1711048,0,21,ESP32/cnn_webassembly_esp32/reports/20261009T030249020912Z/report.csv,12964
a0741.raw,1,12,243,0,0,1,6175.659,2,equal,2,477.629,1815244,1814700,0,1711048,1711048,0,21,ESP32/cnn_webassembly_esp32/reports/20261009T030249020912Z/report.csv,12964
a0742.raw,1,0,255,0,0,1,6171.441,2,equal,2,499.989,1815244,1814916,0,1711048,1711048,0,21,ESP32/cnn_webassembly_esp32/reports/20261009T030249020912Z/report.csv,12964
a0743.raw,1,0,255,0,0,1,6165.488,2,equal,2,538.547,1815688,1815128,0,1711048,1711048,0,21,ESP32/cnn_webassembly_esp32/reports/20261009T030249020912Z/report.csv,12964
a0744.raw,1,1,254,0,0,1,6160.855,2,equal,2,532.522,1815668,1815340,0,1711048,1711048,0,21,ESP32/cnn_webassembly_esp32/reports/20261009T030249020912Z/report.csv,12964
a0745.raw,1,4,251,0,0,1,6170.154,2,equal,2,515.254,1816092,1815544,0,1711048,1711048,0,21,ESP32/cnn_webassembly_esp32/reports/20261009T030249020912Z/report.csv,12964
a0746.raw,1,1,254,0,0,1,6178.436,2,equal,2,557.310,1816112,1815764,0,1711048,1711048,0,21,ESP32/cnn_webassembly_esp32/reports/20261009T030249020912Z/report.csv,12964
a0747.raw,1,0,255,0,0,1,6166.157,2,equal,2,541.078,1816516,1815964,0,1711048,1711048,0,21,ESP32/cnn_webassembly_esp32/reports/20261009T030249020912Z/report.csv,12964
a0748.raw,1,0,255,0,0,1,6169.084,2,equal,2,540.254,1816728,1816184,0,1711048,1711048,0,21,ESP32/cnn_webassembly_esp32/reports/20261009T030249020912Z/report.csv,12964
a0749.raw,1,0,255,0,0,1,6169.472,2,equal,2,528.481,1816960,1816392,0,1711048,1711048,0,21,ESP32/cnn_webassembly_esp32/reports/20261009T030249020912Z/report.csv,12964
a0750.raw,1,0,255,0,0,1,6182.099,2,equal,2,977.954,1817152,1816604,0,1711048,1711048,0,21,ESP32/cnn_webassembly_esp32/reports/20261009T030249020912Z/report.csv,12964
a0751.raw,1,1,254,0,0,1,6197.766,2,equal,2,546.699,1817364,1816824,0,1711048,1711048,0,21,ESP32/cnn_webassembly_esp32/reports/20261009T030249020912Z/report.csv,12964
a0752.raw,1,0,255,0,0,1,6199.535,2,equal,2,564.629,1817596,1817036,0,1711048,1711048,0,21,ESP32/cnn_webassembly_esp32/reports/20261009T030249020912Z/report.csv,12964
a0753.raw,1,0,255,0,0,1,6195.298,2,equal,2,537.871,1817788,1817248,0,1711048,1711048,0,21,ESP32/cnn_webassembly_esp32/reports/20261009T030249020912Z/report.csv,12964
a0754.raw,1,12,243,0,0,1,6197.365,2,equal,2,515.470,1818020,1817460,0,1711048,1711048,0,21,ESP32/cnn_webassembly_esp32/reports/20261009T030249020912Z/report.csv,12964
a0755.raw,1,4,251,0,0,1,6193.557,16,mode,15,521.552,1818040,1817668,0,1711048,1711048,0,21,ESP32/cnn_webassembly_esp32/reports/20261009T030249020912Z/report.csv,12964
a0756.raw,1,0,255,0,0,1,6195.736,2,equal,2,533.525,1818020,1817660,0,1711048,1711048,0,21,ESP32/cnn_webassembly_esp32/reports/20261009T030249020912Z/report.csv,12964
a0757.raw,1,0,255,0,0,1,6194.108,2,equal,2,549.550,1818020,1817664,0,1711048,1711048,0,21,ESP32/cnn_webassembly_esp32/reports/20261009T030249020912Z/report.csv,12964
a0758.raw,1,4,251,0,0,1,6191.497,2,equal,2,504.326,1818040,1817664,0,1711048,1711048,0,21,ESP32/cnn_webassembly_esp32/reports/20261009T030249020912Z/report.csv,12964
a0759.raw,1,0,255,0,0,1,6198.703,2,equal,2,492.578,1818020,1817656,0,1711048,1711048,0,21,ESP32/cnn_webassembly_esp32/reports/20261009T030249020912Z/report.csv,12964
a0760.raw,1,12,243,0,0,1,6194.63,2,equal,2,550.891,1818020,1817664,0,1711048,1711048,0,21,ESP32/cnn_webassembly_esp32/reports/20261009T030249020912Z/report.csv,12964
a0761.raw,1,0,255,0,0,1,6188.896,2,equal,2,553.433,1818048,1817664,0,1711048,1711048,0,21,ESP32/cnn_webassembly_esp32/reports/20261009T030249020912Z/report.csv,12964
a0762.raw,1,0,255,0,0,1,6198.042,2,equal,2,556.400,1818028,1817668,0,1711048,1711048,0,21,ESP32/cnn_webassembly_esp32/reports/20261009T030249020912Z/report.csv,12964
a0763.raw,1,0,255,0,0,1,6190.316,2,equal,2,528.089,1818028,1817672,0,1711048,1711048,0,21,ESP32/cnn_webassembly_esp32/reports/20261009T030249020912Z/report.csv,12964
a0764.raw,1,0,255,0,0,1,6196.651,2,equal,2,512.808,1818048,1817676,0,1711048,1711048,0,21,ESP32/cnn_webassembly_esp32/reports/20261009T030249020912Z/report.csv,12964
a0765.raw,1,0,255,0,0,1,6199.139,2,equal,2,536.029,1818028,1817656,0,1711048,1711048,0,21,ESP32/cnn_webassembly_esp32/reports/20261009T030249020912Z/report.csv,12964
a0766.raw,1,0,255,0,0,1,6200.256,2,equal,2,555.052,1818028,1817672,0,1711048,1711048,0,21,ESP32/cnn_webassembly_esp32/reports/20261009T030249020912Z/report.csv,12964
a0767.raw,1,0,255,0,0,1,6204.514,2,equal,2,524.106,1818048,1817676,0,1711048,1711048,0,21,ESP32/cnn_webassembly_esp32/reports/20261009T030249020912Z/report.csv,12964
a0768.raw,1,0,255,0,0,1,6200.564,2,equal,2,527.003,1818028,1817672,0,1711048,1711048,0,21,ESP32/cnn_webassembly_esp32/reports/20261009T030249020912Z/report.csv,12964
a0769.raw,1,225,30,1,0,0,6190.666,2,equal,2,542.166,1818028,1817676,0,1711048,1711048,0,21,ESP32/cnn_webassembly_esp32/reports/20261009T030249020912Z/report.csv,12964
a0770.raw,1,0,255,0,0,1,6200.925,2,equal,2,543.697,1818048,1817668,0,1711048,1711048,0,21,ESP32/cnn_webassembly_esp32/reports/20261009T030249020912Z/report.csv,12964
a0771.raw,1,0,255,0,0,1,6194.094,2,equal,2,787.588,1818028,1817668,0,1711048,1711048,0,21,ESP32/cnn_webassembly_esp32/reports/20261009T030249020912Z/report.csv,12964
a0772.raw,1,0,255,0,0,1,6195.542,2,equal,2,531.051,1818028,1817676,0,1711048,1711048,0,21,ESP32/cnn_webassembly_esp32/reports/20261009T030249020912Z/report.csv,12964
a0773.raw,1,0,255,0,0,1,6195.052,2,equal,2,582.405,1818048,1817676,0,1711048,1711048,0,21,ESP32/cnn_webassembly_esp32/reports/20261009T030249020912Z/report.csv,12964
a0774.raw,1,0,255,0,0,1,6184.791,2,equal,2,617.927,1818028,1817668,0,1711048,1711048,0,21,ESP32/cnn_webassembly_esp32/reports/20261009T030249020912Z/report.csv,12964
a0775.raw,1,0,255,0,0,1,6204.288,2,equal,2,563.197,1818028,1817672,0,1711048,1711048,0,21,ESP32/cnn_webassembly_esp32/reports/20261009T030249020912Z/report.csv,12964
a0776.raw,1,0,255,0,0,1,6195.424,2,equal,2,547.138,1818048,1817672,0,1711048,1711048,0,21,ESP32/cnn_webassembly_esp32/reports/20261009T030249020912Z/report.csv,12964
a0777.raw,1,0,255,0,0,1,6211.851,2,equal,2,549.449,1818028,1817668,0,1711048,1711048,0,21,ESP32/cnn_webassembly_esp32/reports/20261009T030249020912Z/report.csv,12964
a0778.raw,1,4,251,0,0,1,6202.435,2,equal,2,540.002,1818028,1817672,0,1711048,1711048,0,21,ESP32/cnn_webassembly_esp32/reports/20261009T030249020912Z/report.csv,12964
a0779.raw,1,0,255,0,0,1,6198.115,2,equal,2,589.187,1818048,1817672,0,1711048,1711048,0,21,ESP32/cnn_webassembly_esp32/reports/20261009T030249020912Z/report.csv,12964
a0780.raw,1,0,255,0,0,1,6208.625,2,equal,2,556.342,1818028,1817668,0,1711048,1711048,0,21,ESP32/cnn_webassembly_esp32/reports/20261009T030249020912Z/report.csv,12964
a0781.raw,1,1,254,0,0,1,6202.106,2,equal,2,523.227,1818028,1817660,0,1711048,1711048,0,21,ESP32/cnn_webassembly_esp32/reports/20261009T030249020912Z/report.csv,12964
a0782.raw,1,0,255,0,0,1,6197.458,2,equal,2,540.626,1818048,1817672,0,1711048,1711048,0,21,ESP32/cnn_webassembly_esp32/reports/20261009T030249020912Z/report.csv,12964
a0783.raw,1,0,255,0,0,1,6195.344,2,equal,2,689.629,1817776,1817664,0,1711048,1711048,0,21,ESP32/cnn_webassembly_esp32/reports/20261009T030249020912Z/report.csv,12964
a0784.raw,1,4,251,0,0,1,6191.788,2,equal,2,561.802,1817564,1817444,0,1711048,1711048,0,21,ESP32/cnn_webassembly_esp32/reports/20261009T030249020912Z/report.csv,12964
a0785.raw,1,0,255,0,0,1,6199.069,2,equal,2,539.660,1817352,1817236,0,1711048,1711048,0,21,ESP32/cnn_webassembly_esp32/reports/20261009T030249020912Z/report.csv,12964
a0786.raw,1,0,255,0,0,1,6190.482,2,equal,2,532.633,1817140,1817020,0,1711048,1711048,0,21,ESP32/cnn_webassembly_esp32/reports/20261009T030249020912Z/report.csv,12964
a0787.raw,1,4,251,0,0,1,6193.425,2,equal,2,613.278,1816928,1816812,0,1711048,1711048,0,21,ESP32/cnn_webassembly_esp32/reports/20261009T030249020912Z/report.csv,12964
a0788.raw,1,0,255,0,0,1,6201.974,2,equal,2,525.606,1816716,1816596,0,1711048,1711048,0,21,ESP32/cnn_webassembly_esp32/reports/20261009T030249020912Z/report.csv,12964
a0789.raw,1,1,254,0,0,1,6200.334,2,equal,2,523.453,1816504,1816384,0,1711048,1711048,0,21,ESP32/cnn_webassembly_esp32/reports/20261009T030249020912Z/report.csv,12964
a0790.raw,1,0,255,0,0,1,6204.502,2,equal,2,509.070,1816292,1816172,0,1711048,1711048,0,21,ESP32/cnn_webassembly_esp32/reports/20261009T030249020912Z/report.csv,12964
a0791.raw,1,0,255,0,0,1,6202.286,2,equal,2,563.467,1816080,1815960,0,1711048,1711048,0,21,ESP32/cnn_webassembly_esp32/reports/20261009T030249020912Z/report.csv,12964
a0792.raw,1,0,255,0,0,1,6203.721,2,equal,2,502.358,1815868,1815752,0,1711048,1711048,0,21,ESP32/cnn_webassembly_esp32/reports/20261009T030249020912Z/report.csv,12964
a0793.raw,1,0,255,0,0,1,6191.528,2,equal,2,585.359,1815656,1815536,0,1711048,1711048,0,21,ESP32/cnn_webassembly_esp32/reports/20261009T030249020912Z/report.csv,12964
a0794.raw,1,0,255,0,0,1,6198.52,2,equal,2,572.463,1815444,1815324,0,1711048,1711048,0,21,ESP32/cnn_webassembly_esp32/reports/20261009T030249020912Z/report.csv,12964
a0795.raw,1,0,255,0,0,1,6201.889,2,equal,2,496.110,1815232,1815116,0,1711048,1711048,0,21,ESP32/cnn_webassembly_esp32/reports/20261009T030249020912Z/report.csv,12964
a0796.raw,1,0,255,0,0,1,6200.408,2,equal,2,530.645,1815020,1814904,0,1711048,1711048,0,21,ESP32/cnn_webassembly_esp32/reports/20261009T030249020912Z/report.csv,12964
a0797.raw,1,0,255,0,0,1,6197.223,2,equal,2,659.723,1814808,1814688,0,1711048,1711048,0,21,ESP32/cnn_webassembly_esp32/reports/20261009T030249020912Z/report.csv,12964
a0798.raw,1,0,255,0,0,1,6196.084,2,equal,2,552.866,1814596,1814480,0,1711048,1711048,0,21,ESP32/cnn_webassembly_esp32/reports/20261009T030249020912Z/report.csv,12964
a0799.raw,1,0,255,0,0,1,6207.373,2,equal,2,506.485,1814384,1814264,0,1711048,1711048,0,21,ESP32/cnn_webassembly_esp32/reports/20261009T030249020912Z/report.csv,12964
a0800.raw,1,30,225,0,0,1,6197.471,2,equal,2,576.934,1814396,1814052,0,1711048,1711048,0,21,ESP32/cnn_webassembly_esp32/reports/20261009T030249020912Z/report.csv,12964
a0801.raw,1,0,255,0,0,1,6195.479,2,equal,2,521.066,1814396,1814068,0,1711048,1711048,0,21,ESP32/cnn_webassembly_esp32/reports/20261009T030249020912Z/report.csv,12964
a0802.raw,1,4,251,0,0,1,6190.507,2,equal,2,570.536,1814396,1814068,0,1711048,1711048,0,21,ESP32/cnn_webassembly_esp32/reports/20261009T030249020912Z/report.csv,12964
a0803.raw,1,0,255,0,0,1,6199.333,2,equal,2,510.203,1814396,1814068,0,1711048,1711048,0,21,ESP32/cnn_webassembly_esp32/reports/20261009T030249020912Z/report.csv,12964
a0804.raw,1,0,255,0,0,1,6206.254,2,equal,2,522.083,1814396,1814072,0,1711048,1711048,0,21,ESP32/cnn_webassembly_esp32/reports/20261009T030249020912Z/report.csv,12964
a0805.raw,1,0,255,0,0,1,6193.379,2,equal,2,540.544,1814396,1814056,0,1711048,1711048,0,21,ESP32/cnn_webassembly_esp32/reports/20261009T030249020912Z/report.csv,12964
a0806.raw,1,0,255,0,0,1,6193.278,2,equal,2,560.871,1814396,1814068,0,1711048,1711048,0,21,ESP32/cnn_webassembly_esp32/reports/20261009T030249020912Z/report.csv,12964
a0807.raw,1,0,255,0,0,1,6200.522,2,equal,2,498.334,1814396,1814068,0,1711048,1711048,0,21,ESP32/cnn_webassembly_esp32/reports/20261009T030249020912Z/report.csv,12964
a0808.raw,1,0,255,0,0,1,6203.472,2,equal,2,504.919,1814396,1814068,0,1711048,1711048,0,21,ESP32/cnn_webassembly_esp32/reports/20261009T030249020912Z/report.csv,12964
a0809.raw,1,68,187,0,0,1,6210.218,2,equal,2,507.608,1814396,1814068,0,1711048,1711048,0,21,ESP32/cnn_webassembly_esp32/reports/20261009T030249020912Z/report.csv,12964
a0810.raw,1,0,255,0,0,1,6204.989,2,equal,2,566.275,1814396,1814068,0,1711048,1711048,0,21,ESP32/cnn_webassembly_esp32/reports/20261009T030249020912Z/report.csv,12964
a0811.raw,1,4,251,0,0,1,6199.076,2,equal,2,528.960,1814396,1814068,0,1711048,1711048,0,21,ESP32/cnn_webassembly_esp32/reports/20261009T030249020912Z/report.csv,12964
a0812.raw,1,0,255,0,0,1,6205.184,2,equal,2,548.854,1814396,1814068,0,1711048,1711048,0,21,ESP32/cnn_webassembly_esp32/reports/20261009T030249020912Z/report.csv,12964
a0813.raw,1,0,255,0,0,1,6196.829,2,equal,2,560.090,1814396,1814068,0,1711048,1711048,0,21,ESP32/cnn_webassembly_esp32/reports/20261009T030249020912Z/report.csv,12964
a0814.raw,1,0,255,0,0,1,6200.188,2,equal,2,519.242,1814396,1814068,0,1711048,1711048,0,21,ESP32/cnn_webassembly_esp32/reports/20261009T030249020912Z/report.csv,12964
a0815.raw,1,187,68,1,0,0,6204.408,2,equal,2,560.310,1814396,1814068,0,1711048,1711048,0,21,ESP32/cnn_webassembly_esp32/reports/20261009T030249020912Z/report.csv,12964
a0816.raw,1,12,243,0,0,1,6197.017,2,equal,2,509.505,1814396,1814068,0,1711048,1711048,0,21,ESP32/cnn_webassembly_esp32/reports/20261009T030249020912Z/report.csv,12964
a0817.raw,1,0,255,0,0,1,6197.167,2,equal,2,509.342,1814396,1814068,0,1711048,1711048,0,21,ESP32/cnn_webassembly_esp32/reports/20261009T030249020912Z/report.csv,12964
a0818.raw,1,0,255,0,0,1,6199.833,2,equal,2,518.608,1814396,1814068,0,1711048,1711048,0,21,ESP32/cnn_webassembly_esp32/reports/20261009T030249020912Z/report.csv,12964
a0819.raw,1,128,128,-1,0,0,6199.163,2,equal,2,522.994,1814396,1814068,0,1711048,1711048,0,21,ESP32/cnn_webassembly_esp32/reports/20261009T030249020912Z/report.csv,12964
a0820.raw,1,0,255,0,0,1,6211.995,2,equal,2,564.931,1814396,1814068,0,1711048,1711048,0,21,ESP32/cnn_webassembly_esp32/reports/20261009T030249020912Z/report.csv,12964
a0821.raw,1,30,225,0,0,1,6201.907,2,equal,2,524.564,1814392,1814064,0,1711048,1711048,0,21,ESP32/cnn_webassembly_esp32/reports/20261009T030249020912Z/report.csv,12964
a0822.raw,1,0,255,0,0,1,6215.315,2,equal,2,551.071,1814392,1814064,0,1711048,1711048,0,21,ESP32/cnn_webassembly_esp32/reports/20261009T030249020912Z/report.csv,12964
a0823.raw,1,0,255,0,0,1,6197.53,2,equal,2,525.101,1814392,1814064,0,1711048,1711048,0,21,ESP32/cnn_webassembly_esp32/reports/20261009T030249020912Z/report.csv,12964
a0824.raw,1,0,255,0,0,1,6199.687,2,equal,2,538.123,1814392,1814060,0,1711048,1711048,0,21,ESP32/cnn_webassembly_esp32/reports/20261009T030249020912Z/report.csv,12964
a0825.raw,1,30,225,0,0,1,6192.99,2,equal,2,557.909,1814392,1814064,0,1711048,1711048,0,21,ESP32/cnn_webassembly_esp32/reports/20261009T030249020912Z/report.csv,12964
a0826.raw,1,0,255,0,0,1,6195.043,2,equal,2,529.027,1814388,1814060,0,1711048,1711048,0,21,ESP32/cnn_webassembly_esp32/reports/20261009T030249020912Z/report.csv,12964
a0827.raw,1,12,243,0,0,1,6193.514,2,equal,2,520.409,1814416,1814056,0,1711048,1711048,0,21,ESP32/cnn_webassembly_esp32/reports/20261009T030249020912Z/report.csv,12964
a0828.raw,1,0,255,0,0,1,6194.181,2,equal,2,535.306,1814388,1814056,0,1711048,1711048,0,21,ESP32/cnn_webassembly_esp32/reports/20261009T030249020912Z/report.csv,12964
a0829.raw,1,0,255,0,0,1,6194.004,2,equal,2,521.233,1814388,1814060,0,1711048,1711048,0,21,ESP32/cnn_webassembly_esp32/reports/20261009T030249020912Z/report.csv,12964
a0830.raw,1,0,255,0,0,1,6195.668,2,equal,2,505.358,1814388,1814052,0,1711048,1711048,0,21,ESP32/cnn_webassembly_esp32/reports/20261009T030249020912Z/report.csv,12964
a0831.raw,1,1,254,0,0,1,6199.887,2,equal,2,523.037,1814388,1814052,0,1711048,1711048,0,21,ESP32/cnn_webassembly_esp32/reports/20261009T030249020912Z/report.csv,12964
a0832.raw,1,0,255,0,0,1,6200.007,2,equal,2,507.843,1814388,1814052,0,1711048,1711048,0,21,ESP32/cnn_webassembly_esp32/reports/20261009T030249020912Z/report.csv,12964
a0833.raw,1,0,255,0,0,1,6193.613,2,equal,2,648.960,1814388,1814052,0,1711048,1711048,0,21,ESP32/cnn_webassembly_esp32/reports/20261009T030249020912Z/report.csv,12964
a0834.raw,1,0,255,0,0,1,6190.374,2,equal,2,741.094,1814388,1814052,0,1711048,1711048,0,21,ESP32/cnn_webassembly_esp32/reports/20261009T030249020912Z/report.csv,12964
a0835.raw,1,0,255,0,0,1,6191.364,2,equal,2,561.288,1814388,1814052,0,1711048,1711048,0,21,ESP32/cnn_webassembly_esp32/reports/20261009T030249020912Z/report.csv,12964
a0836.raw,1,0,255,0,0,1,6184.384,2,equal,2,564.411,1814388,1814060,0,1711048,1711048,0,21,ESP32/cnn_webassembly_esp32/reports/20261009T030249020912Z/report.csv,12964
a0837.raw,1,0,255,0,0,1,6196.322,2,equal,2,529.349,1814388,1814060,0,1711048,1711048,0,21,ESP32/cnn_webassembly_esp32/reports/20261009T030249020912Z/report.csv,12964
a0838.raw,1,0,255,0,0,1,6200.899,2,equal,2,555.078,1814392,1814060,0,1711048,1711048,0,21,ESP32/cnn_webassembly_esp32/reports/20261009T030249020912Z/report.csv,12964
a0839.raw,1,0,255,0,0,1,6196.545,2,equal,2,525.909,1814396,1814064,0,1711048,1711048,0,21,ESP32/cnn_webassembly_esp32/reports/20261009T030249020912Z/report.csv,12964
a0840.raw,1,0,255,0,0,1,6200.585,2,equal,2,521.440,1814396,1814068,0,1711048,1711048,0,21,ESP32/cnn_webassembly_esp32/reports/20261009T030249020912Z/report.csv,12964
a0841.raw,1,0,255,0,0,1,6203.582,2,equal,2,597.875,1814396,1814064,0,1711048,1711048,0,21,ESP32/cnn_webassembly_esp32/reports/20261009T030249020912Z/report.csv,12964
a0842.raw,1,0,255,0,0,1,6199.019,2,equal,2,586.648,1814396,1814064,0,1711048,1711048,0,21,ESP32/cnn_webassembly_esp32/reports/20261009T030249020912Z/report.csv,12964
a0843.raw,1,0,255,0,0,1,6199.322,2,equal,2,574.147,1814400,1814060,0,1711048,1711048,0,21,ESP32/cnn_webassembly_esp32/reports/20261009T030249020912Z/report.csv,12964
a0844.raw,1,0,255,0,0,1,6193.646,2,equal,2,580.852,1814400,1814068,0,1711048,1711048,0,21,ESP32/cnn_webassembly_esp32/reports/20261009T030249020912Z/report.csv,12964
a0845.raw,1,0,255,0,0,1,6203.661,2,equal,2,585.429,1814400,1814060,0,1711048,1711048,0,21,ESP32/cnn_webassembly_esp32/reports/20261009T030249020912Z/report.csv,12964
a0846.raw,1,4,251,0,0,1,6195.351,2,equal,2,555.589,1814400,1814064,0,1711048,1711048,0,21,ESP32/cnn_webassembly_esp32/reports/20261009T030249020912Z/report.csv,12964
a0847.raw,1,0,255,0,0,1,6195.167,2,equal,2,574.270,1814400,1814068,0,1711048,1711048,0,21,ESP32/cnn_webassembly_esp32/reports/20261009T030249020912Z/report.csv,12964
a0848.raw,1,0,255,0,0,1,6199.08,2,equal,2,545.593,1814400,1814072,0,1711048,1711048,0,21,ESP32/cnn_webassembly_esp32/reports/20261009T030249020912Z/report.csv,12964
a0849.raw,1,0,255,0,0,1,6202.57,2,equal,2,503.640,1814400,1814072,0,1711048,1711048,0,21,ESP32/cnn_webassembly_esp32/reports/20261009T030249020912Z/report.csv,12964
a0850.raw,1,1,254,0,0,1,6205.254,2,equal,2,544.425,1814400,1814072,0,1711048,1711048,0,21,ESP32/cnn_webassembly_esp32/reports/20261009T030249020912Z/report.csv,12964
a0851.raw,1,1,254,0,0,1,6202.551,2,equal,2,550.914,1814400,1814072,0,1711048,1711048,0,21,ESP32/cnn_webassembly_esp32/reports/20261009T030249020912Z/report.csv,12964
a0852.raw,1,0,255,0,0,1,6181.258,16,mode,15,667.257,1814396,1814276,0,1711048,1711048,0,22,ESP32/cnn_webassembly_esp32/reports/20261009T100046423575Z/report.csv,12964
a0853.raw,1,0,255,0,0,1,6205.155,2,equal,2,529.582,1814400,1814072,0,1711048,1711048,0,21,ESP32/cnn_webassembly_esp32/reports/20261009T030249020912Z/report.csv,12964
a0854.raw,1,12,243,0,0,1,6198.803,2,equal,2,588.491,1814400,1814072,0,1711048,1711048,0,21,ESP32/cnn_webassembly_esp32/reports/20261009T030249020912Z/report.csv,12964
a0855.raw,1,0,255,0,0,1,6197.269,2,equal,2,515.989,1814400,1814072,0,1711048,1711048,0,21,ESP32/cnn_webassembly_esp32/reports/20261009T030249020912Z/report.csv,12964
a0856.raw,1,1,254,0,0,1,6199.697,2,equal,2,516.935,1814400,1814072,0,1711048,1711048,0,21,ESP32/cnn_webassembly_esp32/reports/20261009T030249020912Z/report.csv,12964
a0857.raw,1,12,243,0,0,1,6195.073,2,equal,2,541.435,1814400,1814072,0,1711048,1711048,0,21,ESP32/cnn_webassembly_esp32/reports/20261009T030249020912Z/report.csv,12964
a0858.raw,1,0,255,0,0,1,6193.376,2,equal,2,531.548,1814400,1814064,0,1711048,1711048,0,21,ESP32/cnn_webassembly_esp32/reports/20261009T030249020912Z/report.csv,12964
a0859.raw,1,0,255,0,0,1,6211.704,2,equal,2,522.001,1814400,1814072,0,1711048,1711048,0,21,ESP32/cnn_webassembly_esp32/reports/20261009T030249020912Z/report.csv,12964
a0860.raw,1,0,255,0,0,1,6204.415,2,equal,2,529.389,1814400,1814068,0,1711048,1711048,0,21,ESP32/cnn_webassembly_esp32/reports/20261009T030249020912Z/report.csv,12964
a0861.raw,1,0,255,0,0,1,6196.368,2,equal,2,536.930,1814392,1814060,0,1711048,1711048,0,21,ESP32/cnn_webassembly_esp32/reports/20261009T030249020912Z/report.csv,12964
a0862.raw,1,0,255,0,0,1,6209.222,2,equal,2,607.027,1814396,1814056,0,1711048,1711048,0,21,ESP32/cnn_webassembly_esp32/reports/20261009T030249020912Z/report.csv,12964
a0863.raw,1,0,255,0,0,1,6199.815,2,equal,2,551.815,1814396,1814068,0,1711048,1711048,0,21,ESP32/cnn_webassembly_esp32/reports/20261009T030249020912Z/report.csv,12964
a0864.raw,1,0,255,0,0,1,6200.388,2,equal,2,537.860,1814396,1814068,0,1711048,1711048,0,21,ESP32/cnn_webassembly_esp32/reports/20261009T030249020912Z/report.csv,12964
a0865.raw,1,0,255,0,0,1,6202.528,2,equal,2,539.500,1814396,1814068,0,1711048,1711048,0,21,ESP32/cnn_webassembly_esp32/reports/20261009T030249020912Z/report.csv,12964
a0866.raw,1,0,255,0,0,1,6204.012,2,equal,2,525.354,1814396,1814068,0,1711048,1711048,0,21,ESP32/cnn_webassembly_esp32/reports/20261009T030249020912Z/report.csv,12964
a0867.raw,1,0,255,0,0,1,6199.268,2,equal,2,556.648,1814396,1814060,0,1711048,1711048,0,21,ESP32/cnn_webassembly_esp32/reports/20261009T030249020912Z/report.csv,12964
a0868.raw,1,0,255,0,0,1,6200.14,2,equal,2,506.758,1814396,1814060,0,1711048,1711048,0,21,ESP32/cnn_webassembly_esp32/reports/20261009T030249020912Z/report.csv,12964
a0869.raw,1,0,255,0,0,1,6198.24,2,equal,2,530.910,1814396,1814060,0,1711048,1711048,0,21,ESP32/cnn_webassembly_esp32/reports/20261009T030249020912Z/report.csv,12964
a0870.raw,1,0,255,0,0,1,6198.878,2,equal,2,546.720,1814392,1814060,0,1711048,1711048,0,21,ESP32/cnn_webassembly_esp32/reports/20261009T030249020912Z/report.csv,12964
a0871.raw,1,1,254,0,0,1,6195.747,2,equal,2,508.557,1814392,1814064,0,1711048,1711048,0,21,ESP32/cnn_webassembly_esp32/reports/20261009T030249020912Z/report.csv,12964
a0872.raw,1,0,255,0,0,1,6207.404,2,equal,2,651.920,1814420,1814064,0,1711048,1711048,0,21,ESP32/cnn_webassembly_esp32/reports/20261009T030249020912Z/report.csv,12964
a0873.raw,1,1,254,0,0,1,6203.771,2,equal,2,517.848,1814396,1814072,0,1711048,1711048,0,21,ESP32/cnn_webassembly_esp32/reports/20261009T030249020912Z/report.csv,12964
a0874.raw,1,0,255,0,0,1,6202.261,2,equal,2,551.974,1814396,1814068,0,1711048,1711048,0,21,ESP32/cnn_webassembly_esp32/reports/20261009T030249020912Z/report.csv,12964
a0875.raw,1,0,255,0,0,1,6197.752,2,equal,2,530.957,1814396,1814060,0,1711048,1711048,0,21,ESP32/cnn_webassembly_esp32/reports/20261009T030249020912Z/report.csv,12964
a0876.raw,1,1,254,0,0,1,6200.998,2,equal,2,509.725,1814396,1814056,0,1711048,1711048,0,21,ESP32/cnn_webassembly_esp32/reports/20261009T030249020912Z/report.csv,12964
a0877.raw,1,0,255,0,0,1,6205.547,2,equal,2,711.036,1814392,1814060,0,1711048,1711048,0,21,ESP32/cnn_webassembly_esp32/reports/20261009T030249020912Z/report.csv,12964
a0878.raw,1,0,255,0,0,1,6194.878,2,equal,2,530.023,1814396,1814064,0,1711048,1711048,0,21,ESP32/cnn_webassembly_esp32/reports/20261009T030249020912Z/report.csv,12964
a0879.raw,1,0,255,0,0,1,6201.515,2,equal,2,533.168,1814396,1814068,0,1711048,1711048,0,21,ESP32/cnn_webassembly_esp32/reports/20261009T030249020912Z/report.csv,12964
a0880.raw,1,4,251,0,0,1,6197.045,2,equal,2,538.146,1814396,1814068,0,1711048,1711048,0,21,ESP32/cnn_webassembly_esp32/reports/20261009T030249020912Z/report.csv,12964
a0881.raw,1,12,243,0,0,1,6202.724,16,mode,13,513.424,1814396,1814052,0,1711048,1711048,0,21,ESP32/cnn_webassembly_esp32/reports/20261009T030249020912Z/report.csv,12964
a0882.raw,1,1,254,0,0,1,6194.473,2,equal,2,530.341,1814396,1814068,0,1711048,1711048,0,21,ESP32/cnn_webassembly_esp32/reports/20261009T030249020912Z/report.csv,12964
a0883.raw,1,0,255,0,0,1,6205.218,2,equal,2,539.061,1814396,1814056,0,1711048,1711048,0,21,ESP32/cnn_webassembly_esp32/reports/20261009T030249020912Z/report.csv,12964
a0884.raw,1,0,255,0,0,1,6200.93,2,equal,2,513.574,1814396,1814068,0,1711048,1711048,0,21,ESP32/cnn_webassembly_esp32/reports/20261009T030249020912Z/report.csv,12964
a0885.raw,1,0,255,0,0,1,6198.342,2,equal,2,526.581,1814396,1814064,0,1711048,1711048,0,21,ESP32/cnn_webassembly_esp32/reports/20261009T030249020912Z/report.csv,12964
a0886.raw,1,0,255,0,0,1,6195.521,2,equal,2,507.068,1814396,1814064,0,1711048,1711048,0,21,ESP32/cnn_webassembly_esp32/reports/20261009T030249020912Z/report.csv,12964
a0887.raw,1,0,255,0,0,1,6200.665,2,equal,2,563.292,1814396,1814064,0,1711048,1711048,0,21,ESP32/cnn_webassembly_esp32/reports/20261009T030249020912Z/report.csv,12964
a0888.raw,1,4,251,0,0,1,6201.87,2,equal,2,540.558,1814424,1814068,0,1711048,1711048,0,21,ESP32/cnn_webassembly_esp32/reports/20261009T030249020912Z/report.csv,12964
a0889.raw,1,187,68,1,0,0,6191.856,2,equal,2,524.943,1814396,1814068,0,1711048,1711048,0,21,ESP32/cnn_webassembly_esp32/reports/20261009T030249020912Z/report.csv,12964
a0890.raw,1,1,254,0,0,1,6193.488,2,equal,2,514.431,1814396,1814064,0,1711048,1711048,0,21,ESP32/cnn_webassembly_esp32/reports/20261009T030249020912Z/report.csv,12964
a0891.raw,1,4,251,0,0,1,6202.571,2,equal,2,516.622,1814396,1814068,0,1711048,1711048,0,21,ESP32/cnn_webassembly_esp32/reports/20261009T030249020912Z/report.csv,12964
a0892.raw,1,0,255,0,0,1,6183.614,16,mode,14,786.897,1817152,1816620,0,1711048,1711048,0,22,ESP32/cnn_webassembly_esp32/reports/20261009T100046423575Z/report.csv,12964
a0893.raw,1,0,255,0,0,1,6195.329,2,equal,2,581.922,1814400,1814068,0,1711048,1711048,0,21,ESP32/cnn_webassembly_esp32/reports/20261009T030249020912Z/report.csv,12964
a0894.raw,1,1,254,0,0,1,6196.984,2,equal,2,491.654,1814400,1814064,0,1711048,1711048,0,21,ESP32/cnn_webassembly_esp32/reports/20261009T030249020912Z/report.csv,12964
a0895.raw,1,187,68,1,0,0,6191.469,2,equal,2,498.437,1814400,1814072,0,1711048,1711048,0,21,ESP32/cnn_webassembly_esp32/reports/20261009T030249020912Z/report.csv,12964
a0896.raw,1,30,225,0,0,1,6195.608,2,equal,2,489.001,1814400,1814068,0,1711048,1711048,0,21,ESP32/cnn_webassembly_esp32/reports/20261009T030249020912Z/report.csv,12964
a0897.raw,1,0,255,0,0,1,6196.765,2,equal,2,511.951,1814400,1814072,0,1711048,1711048,0,21,ESP32/cnn_webassembly_esp32/reports/20261009T030249020912Z/report.csv,12964
a0898.raw,1,68,187,0,0,1,6200.619,2,equal,2,494.226,1814400,1814072,0,1711048,1711048,0,21,ESP32/cnn_webassembly_esp32/reports/20261009T030249020912Z/report.csv,12964
a0899.raw,1,1,254,0,0,1,6197.672,2,equal,2,506.692,1814400,1814072,0,1711048,1711048,0,21,ESP32/cnn_webassembly_esp32/reports/20261009T030249020912Z/report.csv,12964
a0900.raw,1,1,254,0,0,1,6197.74,2,equal,2,536.551,1814400,1814072,0,1711048,1711048,0,21,ESP32/cnn_webassembly_esp32/reports/20261009T030249020912Z/report.csv,12964
a0901.raw,1,0,255,0,0,1,6201.154,2,equal,2,516.367,1814400,1814064,0,1711048,1711048,0,21,ESP32/cnn_webassembly_esp32/reports/20261009T030249020912Z/report.csv,12964
a0902.raw,1,0,255,0,0,1,6199.399,2,equal,2,549.841,1814400,1814064,0,1711048,1711048,0,21,ESP32/cnn_webassembly_esp32/reports/20261009T030249020912Z/report.csv,12964
a0903.raw,1,1,254,0,0,1,6198.015,2,equal,2,531.934,1814400,1814072,0,1711048,1711048,0,21,ESP32/cnn_webassembly_esp32/reports/20261009T030249020912Z/report.csv,12964
a0904.raw,1,4,251,0,0,1,6194.212,2,equal,2,503.167,1814424,1814072,0,1711048,1711048,0,21,ESP32/cnn_webassembly_esp32/reports/20261009T030249020912Z/report.csv,12964
a0905.raw,1,30,225,0,0,1,6198.148,2,equal,2,524.861,1814400,1814072,0,1711048,1711048,0,21,ESP32/cnn_webassembly_esp32/reports/20261009T030249020912Z/report.csv,12964
a0906.raw,1,0,255,0,0,1,6204.732,2,equal,2,490.747,1814400,1814072,0,1711048,1711048,0,21,ESP32/cnn_webassembly_esp32/reports/20261009T030249020912Z/report.csv,12964
a0907.raw,1,0,255,0,0,1,6205.999,2,equal,2,534.695,1814400,1814072,0,1711048,1711048,0,21,ESP32/cnn_webassembly_esp32/reports/20261009T030249020912Z/report.csv,12964
a0908.raw,1,0,255,0,0,1,6198.624,2,equal,2,543.511,1814400,1814072,0,1711048,1711048,0,21,ESP32/cnn_webassembly_esp32/reports/20261009T030249020912Z/report.csv,12964
a0909.raw,1,0,255,0,0,1,6193.963,2,equal,2,540.346,1814400,1814072,0,1711048,1711048,0,21,ESP32/cnn_webassembly_esp32/reports/20261009T030249020912Z/report.csv,12964
a0910.raw,1,0,255,0,0,1,6198.707,2,equal,2,522.107,1814400,1814072,0,1711048,1711048,0,21,ESP32/cnn_webassembly_esp32/reports/20261009T030249020912Z/report.csv,12964
a0911.raw,1,0,255,0,0,1,6201.742,2,equal,2,640.852,1814400,1814072,0,1711048,1711048,0,21,ESP32/cnn_webassembly_esp32/reports/20261009T030249020912Z/report.csv,12964
a0912.raw,1,0,255,0,0,1,6203.334,2,equal,2,524.807,1814400,1814072,0,1711048,1711048,0,21,ESP32/cnn_webassembly_esp32/reports/20261009T030249020912Z/report.csv,12964
a0913.raw,1,0,255,0,0,1,6195.389,2,equal,2,656.197,1814400,1814072,0,1711048,1711048,0,21,ESP32/cnn_webassembly_esp32/reports/20261009T030249020912Z/report.csv,12964
a0914.raw,1,0,255,0,0,1,6197.008,2,equal,2,514.903,1814400,1814072,0,1711048,1711048,0,21,ESP32/cnn_webassembly_esp32/reports/20261009T030249020912Z/report.csv,12964
a0915.raw,1,0,255,0,0,1,6206.336,2,equal,2,519.446,1814400,1814068,0,1711048,1711048,0,21,ESP32/cnn_webassembly_esp32/reports/20261009T030249020912Z/report.csv,12964
a0916.raw,1,0,255,0,0,1,6197.635,2,equal,2,533.361,1814400,1814064,0,1711048,1711048,0,21,ESP32/cnn_webassembly_esp32/reports/20261009T030249020912Z/report.csv,12964
a0917.raw,1,0,255,0,0,1,6194.86,2,equal,2,517.926,1814400,1814072,0,1711048,1711048,0,21,ESP32/cnn_webassembly_esp32/reports/20261009T030249020912Z/report.csv,12964
a0918.raw,1,0,255,0,0,1,6187.318,2,equal,2,525.150,1814400,1814072,0,1711048,1711048,0,21,ESP32/cnn_webassembly_esp32/reports/20261009T030249020912Z/report.csv,12964
a0919.raw,1,0,255,0,0,1,6197.492,2,equal,2,539.497,1814400,1814060,0,1711048,1711048,0,21,ESP32/cnn_webassembly_esp32/reports/20261009T030249020912Z/report.csv,12964
a0920.raw,1,4,251,0,0,1,6198.132,2,equal,2,601.638,1814424,1814072,0,1711048,1711048,0,21,ESP32/cnn_webassembly_esp32/reports/20261009T030249020912Z/report.csv,12964
a0921.raw,1,0,255,0,0,1,6199.896,2,equal,2,521.433,1814400,1814064,0,1711048,1711048,0,21,ESP32/cnn_webassembly_esp32/reports/20261009T030249020912Z/report.csv,12964
a0922.raw,1,0,255,0,0,1,6206.246,2,equal,2,530.876,1814400,1814068,0,1711048,1711048,0,21,ESP32/cnn_webassembly_esp32/reports/20261009T030249020912Z/report.csv,12964
a0923.raw,1,0,255,0,0,1,6199.858,2,equal,2,569.907,1814400,1814072,0,1711048,1711048,0,21,ESP32/cnn_webassembly_esp32/reports/20261009T030249020912Z/report.csv,12964
a0924.raw,1,0,255,0,0,1,6197.878,2,equal,2,512.800,1814400,1814068,0,1711048,1711048,0,21,ESP32/cnn_webassembly_esp32/reports/20261009T030249020912Z/report.csv,12964
a0925.raw,1,0,255,0,0,1,6200.809,2,equal,2,559.859,1814400,1814068,0,1711048,1711048,0,21,ESP32/cnn_webassembly_esp32/reports/20261009T030249020912Z/report.csv,12964
a0926.raw,1,30,225,0,0,1,6194.512,2,equal,2,509.334,1814400,1814068,0,1711048,1711048,0,21,ESP32/cnn_webassembly_esp32/reports/20261009T030249020912Z/report.csv,12964
a0927.raw,1,0,255,0,0,1,6196.302,2,equal,2,556.567,1814400,1814060,0,1711048,1711048,0,21,ESP32/cnn_webassembly_esp32/reports/20261009T030249020912Z/report.csv,12964
a0928.raw,1,0,255,0,0,1,6193.725,2,equal,2,499.194,1814400,1814060,0,1711048,1711048,0,21,ESP32/cnn_webassembly_esp32/reports/20261009T030249020912Z/report.csv,12964
a0929.raw,1,0,255,0,0,1,6197.002,2,equal,2,497.901,1814396,1814068,0,1711048,1711048,0,21,ESP32/cnn_webassembly_esp32/reports/20261009T030249020912Z/report.csv,12964
a0930.raw,1,12,243,0,0,1,6200.074,2,equal,2,525.487,1814396,1814056,0,1711048,1711048,0,21,ESP32/cnn_webassembly_esp32/reports/20261009T030249020912Z/report.csv,12964
a0931.raw,1,0,255,0,0,1,6199.206,2,equal,2,583.199,1814396,1814060,0,1711048,1711048,0,21,ESP32/cnn_webassembly_esp32/reports/20261009T030249020912Z/report.csv,12964
a0932.raw,1,4,251,0,0,1,6198.693,2,equal,2,537.841,1814400,1814064,0,1711048,1711048,0,21,ESP32/cnn_webassembly_esp32/reports/20261009T030249020912Z/report.csv,12964
a0933.raw,1,4,251,0,0,1,6179.095,16,mode,14,656.746,1816092,1815972,0,1711048,1711048,0,22,ESP32/cnn_webassembly_esp32/reports/20261009T100046423575Z/report.csv,12964
a0934.raw,1,0,255,0,0,1,6184.074,2,equal,2,528.292,1814404,1814072,0,1711048,1711048,0,21,ESP32/cnn_webassembly_esp32/reports/20261009T030249020912Z/report.csv,12964
a0935.raw,1,0,255,0,0,1,6193.366,2,equal,2,490.083,1814404,1814072,0,1711048,1711048,0,21,ESP32/cnn_webassembly_esp32/reports/20261009T030249020912Z/report.csv,12964
a0936.raw,1,0,255,0,0,1,6194.256,2,equal,2,549.439,1814400,1814064,0,1711048,1711048,0,21,ESP32/cnn_webassembly_esp32/reports/20261009T030249020912Z/report.csv,12964
a0937.raw,1,0,255,0,0,1,6198.06,2,equal,2,559.790,1814400,1814064,0,1711048,1711048,0,21,ESP32/cnn_webassembly_esp32/reports/20261009T030249020912Z/report.csv,12964
a0938.raw,1,1,254,0,0,1,6192.759,2,equal,2,559.737,1814400,1814068,0,1711048,1711048,0,21,ESP32/cnn_webassembly_esp32/reports/20261009T030249020912Z/report.csv,12964
a0939.raw,1,0,255,0,0,1,6196.12,2,equal,2,521.846,1814400,1814068,0,1711048,1711048,0,21,ESP32/cnn_webassembly_esp32/reports/20261009T030249020912Z/report.csv,12964
a0940.raw,1,0,255,0,0,1,6202.123,2,equal,2,498.921,1814400,1814068,0,1711048,1711048,0,21,ESP32/cnn_webassembly_esp32/reports/20261009T030249020912Z/report.csv,12964
a0941.raw,1,0,255,0,0,1,6194.188,2,equal,2,586.852,1814400,1814068,0,1711048,1711048,0,21,ESP32/cnn_webassembly_esp32/reports/20261009T030249020912Z/report.csv,12964
a0942.raw,1,30,225,0,0,1,6194.179,2,equal,2,537.685,1814396,1814064,0,1711048,1711048,0,21,ESP32/cnn_webassembly_esp32/reports/20261009T030249020912Z/report.csv,12964
a0943.raw,1,12,243,0,0,1,6195.752,2,equal,2,511.396,1814396,1814056,0,1711048,1711048,0,21,ESP32/cnn_webassembly_esp32/reports/20261009T030249020912Z/report.csv,12964
a0944.raw,1,187,68,1,0,0,6198.454,2,equal,2,502.877,1814396,1814064,0,1711048,1711048,0,21,ESP32/cnn_webassembly_esp32/reports/20261009T030249020912Z/report.csv,12964
a0945.raw,1,12,243,0,0,1,6194.16,2,equal,2,528.642,1814396,1814064,0,1711048,1711048,0,21,ESP32/cnn_webassembly_esp32/reports/20261009T030249020912Z/report.csv,12964
a0946.raw,1,0,255,0,0,1,6188.605,2,equal,2,485.647,1814396,1814048,0,1711048,1711048,0,21,ESP32/cnn_webassembly_esp32/reports/20261009T030249020912Z/report.csv,12964
a0947.raw,1,0,255,0,0,1,6199.472,2,equal,2,530.586,1814396,1814056,0,1711048,1711048,0,21,ESP32/cnn_webassembly_esp32/reports/20261009T030249020912Z/report.csv,12964
a0948.raw,1,0,255,0,0,1,6193.018,2,equal,2,572.501,1814396,1814064,0,1711048,1711048,0,21,ESP32/cnn_webassembly_esp32/reports/20261009T030249020912Z/report.csv,12964
a0949.raw,1,0,255,0,0,1,6193.294,2,equal,2,535.991,1814396,1814064,0,1711048,1711048,0,21,ESP32/cnn_webassembly_esp32/reports/20261009T030249020912Z/report.csv,12964
a0950.raw,1,0,255,0,0,1,6195.095,16,mode,15,519.771,1814400,1814060,0,1711048,1711048,0,21,ESP32/cnn_webassembly_esp32/reports/20261009T030249020912Z/report.csv,12964
a0951.raw,1,0,255,0,0,1,6194.892,2,equal,2,540.752,1814392,1814060,0,1711048,1711048,0,21,ESP32/cnn_webassembly_esp32/reports/20261009T030249020912Z/report.csv,12964
a0952.raw,1,12,243,0,0,1,6193.771,2,equal,2,510.200,1814392,1814048,0,1711048,1711048,0,21,ESP32/cnn_webassembly_esp32/reports/20261009T030249020912Z/report.csv,12964
a0953.raw,1,0,255,0,0,1,6203.007,2,equal,2,502.100,1814392,1814064,0,1711048,1711048,0,21,ESP32/cnn_webassembly_esp32/reports/20261009T030249020912Z/report.csv,12964
a0954.raw,1,0,255,0,0,1,6197.108,2,equal,2,477.251,1814392,1814060,0,1711048,1711048,0,21,ESP32/cnn_webassembly_esp32/reports/20261009T030249020912Z/report.csv,12964
a0955.raw,1,1,254,0,0,1,6189.489,2,equal,2,527.398,1814392,1814064,0,1711048,1711048,0,21,ESP32/cnn_webassembly_esp32/reports/20261009T030249020912Z/report.csv,12964
a0956.raw,1,0,255,0,0,1,6188.496,2,equal,2,524.792,1814392,1814060,0,1711048,1711048,0,21,ESP32/cnn_webassembly_esp32/reports/20261009T030249020912Z/report.csv,12964
a0957.raw,1,4,251,0,0,1,6186.917,2,equal,2,553.429,1814392,1814048,0,1711048,1711048,0,21,ESP32/cnn_webassembly_esp32/reports/20261009T030249020912Z/report.csv,12964
a0958.raw,1,1,254,0,0,1,6187.272,2,equal,2,533.863,1814392,1814064,0,1711048,1711048,0,21,ESP32/cnn_webassembly_esp32/reports/20261009T030249020912Z/report.csv,12964
a0959.raw,1,68,187,0,0,1,6197.174,16,mode,15,506.683,1814396,1814048,0,1711048,1711048,0,21,ESP32/cnn_webassembly_esp32/reports/20261009T030249020912Z/report.csv,12964
a0960.raw,1,128,128,-1,0,0,6204.064,2,equal,2,546.416,1814396,1814064,0,1711048,1711048,0,21,ESP32/cnn_webassembly_esp32/reports/20261009T030249020912Z/report.csv,12964
a0961.raw,1,0,255,0,0,1,6197.961,2,equal,2,501.708,1814396,1814068,0,1711048,1711048,0,21,ESP32/cnn_webassembly_esp32/reports/20261009T030249020912Z/report.csv,12964
a0962.raw,1,12,243,0,0,1,6186.511,2,equal,2,624.305,1814396,1814060,0,1711048,1711048,0,21,ESP32/cnn_webassembly_esp32/reports/20261009T030249020912Z/report.csv,12964
a0963.raw,1,187,68,1,0,0,6189.513,2,equal,2,524.920,1814396,1814068,0,1711048,1711048,0,21,ESP32/cnn_webassembly_esp32/reports/20261009T030249020912Z/report.csv,12964
a0964.raw,1,68,187,0,0,1,6190.444,2,equal,2,544.470,1814396,1814064,0,1711048,1711048,0,21,ESP32/cnn_webassembly_esp32/reports/20261009T030249020912Z/report.csv,12964
a0965.raw,1,187,68,1,0,0,6195.699,2,equal,2,531.380,1814416,1814068,0,1711048,1711048,0,21,ESP32/cnn_webassembly_esp32/reports/20261009T030249020912Z/report.csv,12964
a0966.raw,1,251,4,1,0,0,6182.538,2,equal,2,833.003,1814600,1814060,0,1711048,1711048,0,21,ESP32/cnn_webassembly_esp32/reports/20261009T030249020912Z/report.csv,12964
a0967.raw,1,255,0,1,0,0,6190.997,2,equal,2,856.117,1814812,1814272,0,1711048,1711048,0,21,ESP32/cnn_webassembly_esp32/reports/20261009T030249020912Z/report.csv,12964
a0968.raw,1,254,1,1,0,0,6190.947,2,equal,2,495.983,1815060,1814484,0,1711048,1711048,0,21,ESP32/cnn_webassembly_esp32/reports/20261009T030249020912Z/report.csv,12964
a0969.raw,1,68,187,0,0,1,6195.526,16,mode,15,663.248,1814424,1814096,0,1711048,1711048,0,22,ESP32/cnn_webassembly_esp32/reports/20261009T100046423575Z/report.csv,12964
a0970.raw,1,0,255,0,0,1,6188.13,2,equal,2,533.069,1815456,1814904,0,1711048,1711048,0,21,ESP32/cnn_webassembly_esp32/reports/20261009T030249020912Z/report.csv,12964
a0971.raw,1,1,254,0,0,1,6187.627,2,equal,2,546.018,1815696,1815128,0,1711048,1711048,0,21,ESP32/cnn_webassembly_esp32/reports/20261009T030249020912Z/report.csv,12964
a0972.raw,1,0,255,0,0,1,6192.515,2,equal,2,684.238,1815880,1815348,0,1711048,1711048,0,21,ESP32/cnn_webassembly_esp32/reports/20261009T030249020912Z/report.csv,12964
a0973.raw,1,0,255,0,0,1,6186.64,2,equal,2,743.338,1816092,1815552,0,1711048,1711048,0,21,ESP32/cnn_webassembly_esp32/reports/20261009T030249020912Z/report.csv,12964
a0974.raw,1,1,254,0,0,1,6188.231,2,equal,2,521.296,1816332,1815768,0,1711048,1711048,0,21,ESP32/cnn_webassembly_esp32/reports/20261009T030249020912Z/report.csv,12964
a0975.raw,1,0,255,0,0,1,6187.314,2,equal,2,507.685,1816516,1815980,0,1711048,1711048,0,21,ESP32/cnn_webassembly_esp32/reports/20261009T030249020912Z/report.csv,12964
a0976.raw,1,0,255,0,0,1,6188.931,2,equal,2,795.908,1816728,1816196,0,1711048,1711048,0,21,ESP32/cnn_webassembly_esp32/reports/20261009T030249020912Z/report.csv,12964
a0977.raw,1,0,255,0,0,1,6186.212,2,equal,2,495.459,1816968,1816400,0,1711048,1711048,0,21,ESP32/cnn_webassembly_esp32/reports/20261009T030249020912Z/report.csv,12964
a0978.raw,1,0,255,0,0,1,6188.103,2,equal,2,517.347,1817152,1816620,0,1711048,1711048,0,21,ESP32/cnn_webassembly_esp32/reports/20261009T030249020912Z/report.csv,12964
a0979.raw,1,0,255,0,0,1,6207.752,2,equal,2,537.388,1817364,1816824,0,1711048,1711048,0,21,ESP32/cnn_webassembly_esp32/reports/20261009T030249020912Z/report.csv,12964
a0980.raw,1,0,255,0,0,1,6182.188,2,equal,2,551.344,1817604,1817032,0,1711048,1711048,0,21,ESP32/cnn_webassembly_esp32/reports/20261009T030249020912Z/report.csv,12964
a0981.raw,1,0,255,0,0,1,6191.726,2,equal,2,521.432,1817788,1817256,0,1711048,1711048,0,21,ESP32/cnn_webassembly_esp32/reports/20261009T030249020912Z/report.csv,12964
a0982.raw,1,0,255,0,0,1,6186.067,2,equal,2,510.938,1818028,1817460,0,1711048,1711048,0,21,ESP32/cnn_webassembly_esp32/reports/20261009T030249020912Z/report.csv,12964
a0983.raw,1,30,225,0,0,1,6179.291,2,equal,2,471.622,1818048,1817672,0,1711048,1711048,0,21,ESP32/cnn_webassembly_esp32/reports/20261009T030249020912Z/report.csv,12964
a0984.raw,1,0,255,0,0,1,6182.175,2,equal,2,477.623,1818028,1817668,0,1711048,1711048,0,21,ESP32/cnn_webassembly_esp32/reports/20261009T030249020912Z/report.csv,12964
a0985.raw,1,0,255,0,0,1,6177.706,2,equal,2,481.843,1818028,1817676,0,1711048,1711048,0,21,ESP32/cnn_webassembly_esp32/reports/20261009T030249020912Z/report.csv,12964
a0986.raw,1,0,255,0,0,1,6182.163,2,equal,2,503.640,1818048,1817672,0,1711048,1711048,0,21,ESP32/cnn_webassembly_esp32/reports/20261009T030249020912Z/report.csv,12964
a0987.raw,1,12,243,0,0,1,6176.577,2,equal,2,536.810,1818028,1817664,0,1711048,1711048,0,21,ESP32/cnn_webassembly_esp32/reports/20261009T030249020912Z/report.csv,12964
a0988.raw,1,0,255,0,0,1,6177.813,2,equal,2,554.359,1818028,1817676,0,1711048,1711048,0,21,ESP32/cnn_webassembly_esp32/reports/20261009T030249020912Z/report.csv,12964
a0989.raw,1,0,255,0,0,1,6175.963,2,equal,2,537.761,1818048,1817680,0,1711048,1711048,0,21,ESP32/cnn_webassembly_esp32/reports/20261009T030249020912Z/report.csv,12964
a0990.raw,1,30,225,0,0,1,6176.324,2,equal,2,489.278,1818028,1817664,0,1711048,1711048,0,21,ESP32/cnn_webassembly_esp32/reports/20261009T030249020912Z/report.csv,12964
a0991.raw,1,0,255,0,0,1,6165.272,2,equal,2,525.599,1818028,1817676,0,1711048,1711048,0,21,ESP32/cnn_webassembly_esp32/reports/20261009T030249020912Z/report.csv,12964
a0992.raw,1,0,255,0,0,1,6183.753,2,equal,2,470.458,1818048,1817672,0,1711048,1711048,0,21,ESP32/cnn_webassembly_esp32/reports/20261009T030249020912Z/report.csv,12964
a0993.raw,1,0,255,0,0,1,6180.188,2,equal,2,520.616,1818028,1817656,0,1711048,1711048,0,21,ESP32/cnn_webassembly_esp32/reports/20261009T030249020912Z/report.csv,12964
a0994.raw,1,0,255,0,0,1,6184.318,2,equal,2,519.738,1818028,1817672,0,1711048,1711048,0,21,ESP32/cnn_webassembly_esp32/reports/20261009T030249020912Z/report.csv,12964
a0995.raw,1,4,251,0,0,1,6181.43,2,equal,2,490.186,1818048,1817676,0,1711048,1711048,0,21,ESP32/cnn_webassembly_esp32/reports/20261009T030249020912Z/report.csv,12964
a0996.raw,1,1,254,0,0,1,6185.485,2,equal,2,553.138,1818028,1817664,0,1711048,1711048,0,21,ESP32/cnn_webassembly_esp32/reports/20261009T030249020912Z/report.csv,12964
a0997.raw,1,0,255,0,0,1,6183.349,2,equal,2,498.026,1818028,1817680,0,1711048,1711048,0,21,ESP32/cnn_webassembly_esp32/reports/20261009T030249020912Z/report.csv,12964
a0998.raw,1,0,255,0,0,1,6183.805,2,equal,2,477.486,1818048,1817676,0,1711048,1711048,0,21,ESP32/cnn_webassembly_esp32/reports/20261009T030249020912Z/report.csv,12964
a0999.raw,1,0,255,0,0,1,6185.332,2,equal,2,498.098,1818028,1817664,0,1711048,1711048,0,21,ESP32/cnn_webassembly_esp32/reports/20261009T030249020912Z/report.csv,12964
a1000.raw,1,0,255,0,0,1,6185.077,2,equal,2,502.423,1818028,1817664,0,1711048,1711048,0,21,ESP32/cnn_webassembly_esp32/reports/20261009T030249020912Z/report.csv,12964
a1001.raw,1,1,254,0,0,1,6184.055,2,equal,2,500.706,1818048,1817668,0,1711048,1711048,0,21,ESP32/cnn_webassembly_esp32/reports/20261009T030249020912Z/report.csv,12964
a1002.raw,1,0,255,0,0,1,6192.152,2,equal,2,492.655,1818028,1817664,0,1711048,1711048,0,21,ESP32/cnn_webassembly_esp32/reports/20261009T030249020912Z/report.csv,12964
a1003.raw,1,0,255,0,0,1,6189.09,2,equal,2,3439.449,1818028,1817676,0,1711048,1711048,0,21,ESP32/cnn_webassembly_esp32/reports/20261009T030249020912Z/report.csv,12964
a1004.raw,1,0,255,0,0,1,6184.997,2,equal,2,3158.246,1818048,1817676,0,1711048,1711048,0,21,ESP32/cnn_webassembly_esp32/reports/20261009T030249020912Z/report.csv,12964
a1005.raw,1,0,255,0,0,1,6188.822,2,equal,2,524.523,1818028,1817664,0,1711048,1711048,0,21,ESP32/cnn_webassembly_esp32/reports/20261009T030249020912Z/report.csv,12964
a1006.raw,1,1,254,0,0,1,6191.492,2,equal,2,495.411,1818028,1817664,0,1711048,1711048,0,21,ESP32/cnn_webassembly_esp32/reports/20261009T030249020912Z/report.csv,12964
a1007.raw,1,1,254,0,0,1,6191.761,2,equal,2,567.255,1818048,1817672,0,1711048,1711048,0,21,ESP32/cnn_webassembly_esp32/reports/20261009T030249020912Z/report.csv,12964
a1008.raw,1,0,255,0,0,1,6191.988,2,equal,2,570.513,1818028,1817664,0,1711048,1711048,0,21,ESP32/cnn_webassembly_esp32/reports/20261009T030249020912Z/report.csv,12964
