name_image,ok,class_0_raw,class_1_raw,result,label,right,inference_ms,arena_reserved_bytes,arena_used_bytes,consensus_observations,consensus_status,consensus_votes,download_ms,heap_after,heap_before,heap_used,input_sha256,invoke_ms,preprocess_ms,psram_after,psram_before,psram_used,recovery_attempts,recovery_skipped,selected_execution,selected_source,stack_min_free_bytes
A0001.raw,1,255,0,1,1,1,1784.06,1048576,312380,2,equal,2,526.388,3201120,3201092,0,d389ac8d9b94f8adcf5844ac8d433e874de62790e775cd556c1e597c08e90d6e,1772.443,11.617,3105496,3105496,0,1,0,20,ESP32/cnn_tflite_esp32/reports/20261008T215503505222Z/report.csv,29396
A0002.raw,1,255,0,1,1,1,1783.258,1048576,312380,2,equal,2,535.325,3201120,3201100,0,78ae13411520084e16b94c37622364d6f1a8ced82c64697aebdedfb002a3cb01,1771.563,11.695,3105496,3105496,0,1,0,20,ESP32/cnn_tflite_esp32/reports/20261008T215503505222Z/report.csv,29396
A0003.raw,1,255,0,1,1,1,1781.089,1048576,312380,2,equal,2,480.975,3201120,3201100,0,9b11512c9b927452a99c4be0f56d102920ec17f43ff304461d3ffc9621e9a23d,1769.306,11.783,3105496,3105496,0,1,0,20,ESP32/cnn_tflite_esp32/reports/20261008T215503505222Z/report.csv,29396
A0004.raw,1,255,0,1,1,1,1782.91,1048576,312380,2,equal,2,485.744,3201120,3201120,0,c9153ea9710889154434ddd66765e584a93cdc1ed22a46b1caaa24e4c4c0fbec,1770.483,12.427,3105496,3105496,0,1,0,20,ESP32/cnn_tflite_esp32/reports/20261008T215503505222Z/report.csv,29396
A0005.raw,1,255,0,1,1,1,1790.117,1048576,312380,2,equal,2,522.629,3201120,3201100,0,b4885440403eee59bd163f3a0dd4445715f6df172840017520993684f91817ba,1777.779,12.338,3105496,3105496,0,1,0,20,ESP32/cnn_tflite_esp32/reports/20261008T215503505222Z/report.csv,29396
A0006.raw,1,255,0,1,1,1,1785.51,1048576,312380,2,equal,2,519.754,3201120,3201100,0,1d05bdd31521ac31c7a8061b9a4430851ca877dd6471d1d8d15e7bab4d40b35f,1773.046,12.464,3105496,3105496,0,1,0,20,ESP32/cnn_tflite_esp32/reports/20261008T215503505222Z/report.csv,29396
A0007.raw,1,255,0,1,1,1,1785.222,1048576,312380,2,equal,2,503.873,3201120,3201120,0,899fcc43048db13f8e038812f3cb3d2e240605af5cabbbd2db6b49f1cbf2d3d0,1773.288,11.934,3105496,3105496,0,1,0,20,ESP32/cnn_tflite_esp32/reports/20261008T215503505222Z/report.csv,29348
A0008.raw,1,255,0,1,1,1,1782.884,1048576,312380,2,equal,2,522.420,3201120,3201100,0,1acd58876768f7b4cfe0e0ea07e76636a9dc53aa3e6c93f1a1a998f009bd69cb,1770.182,12.702,3105496,3105496,0,1,0,20,ESP32/cnn_tflite_esp32/reports/20261008T215503505222Z/report.csv,29348
A0009.raw,1,255,0,1,1,1,1784.41,1048576,312380,2,equal,2,529.818,3201120,3201100,0,22a4680f5a676fbd94c650c4c85228eda0b9666b17a08772ae5ac49ede6a1213,1772.053,12.357,3105496,3105496,0,1,0,20,ESP32/cnn_tflite_esp32/reports/20261008T215503505222Z/report.csv,29348
A0010.raw,1,255,0,1,1,1,1780.105,1048576,312380,2,equal,2,505.935,3201120,3201100,0,bdd1b52c0678b713e0d43afb5cbe04b2a5fc76a8637aeaf9e87adf4e7a85d623,1768.251,11.854,3105496,3105496,0,1,0,20,ESP32/cnn_tflite_esp32/reports/20261008T215503505222Z/report.csv,29348
A0011.raw,1,255,0,1,1,1,1780.972,1048576,312380,2,equal,2,518.462,3201120,3201100,0,808c2bb167e70b615b46b5f62e0a57b39c1b4e5a0fb1f827138a10e91faac814,1769.231,11.741,3105496,3105496,0,1,0,20,ESP32/cnn_tflite_esp32/reports/20261008T215503505222Z/report.csv,29348
A0012.raw,1,255,0,1,1,1,1780.656,1048576,312380,2,equal,2,512.075,3201120,3201100,0,58bc44b74b06c67b8b166914bfb4475e39027dd9f8e1ebb7b7734d1262fc386e,1768.966,11.690,3105496,3105496,0,1,0,20,ESP32/cnn_tflite_esp32/reports/20261008T215503505222Z/report.csv,29348
A0013.raw,1,255,0,1,1,1,1780.843,1048576,312380,2,equal,2,497.532,3201120,3201120,0,cf9214683ec8e43d3f6c802f2b8b79b9f044b6b2c6a4299ca68a49b1fa69d287,1769.280,11.563,3105496,3105496,0,1,0,20,ESP32/cnn_tflite_esp32/reports/20261008T215503505222Z/report.csv,29348
A0014.raw,1,255,0,1,1,1,1780.999,1048576,312380,2,equal,2,515.203,3201120,3201100,0,681b00b7ff831173654604418af4b68eb0aba43619613f7ec58f0c31249e0178,1769.331,11.668,3105496,3105496,0,1,0,20,ESP32/cnn_tflite_esp32/reports/20261008T215503505222Z/report.csv,29348
A0015.raw,1,255,0,1,1,1,1783.364,1048576,312380,2,equal,2,481.069,3201120,3201100,0,8eb8b02959902549b42801854007ee96b49056b11dde3373676d92eabe504a1d,1770.548,12.816,3105496,3105496,0,1,0,20,ESP32/cnn_tflite_esp32/reports/20261008T215503505222Z/report.csv,29348
A0016.raw,1,255,0,1,1,1,1779.931,1048576,312380,2,equal,2,518.077,3201120,3201100,0,10a6818faf9fcda6079a1ecdbc3fd84dfaa46f5f4b83c363d180e3198c80de4b,1768.109,11.822,3105496,3105496,0,1,0,20,ESP32/cnn_tflite_esp32/reports/20261008T215503505222Z/report.csv,29348
A0017.raw,1,255,0,1,1,1,1779.407,1048576,312380,2,equal,2,548.865,3201120,3201100,0,1945b81a2a527ddfa010463add571831ac315e11cc1e0d302a8f182b8dc9f717,1767.784,11.623,3105496,3105496,0,1,0,20,ESP32/cnn_tflite_esp32/reports/20261008T215503505222Z/report.csv,29348
A0018.raw,1,255,0,1,1,1,1782.606,1048576,312380,2,equal,2,513.920,3201120,3201100,0,418d525a1d38fcf7301714397d74b6386315255019af8a6029e4114cf3a0c799,1771.010,11.596,3105496,3105496,0,1,0,20,ESP32/cnn_tflite_esp32/reports/20261008T215503505222Z/report.csv,29348
A0019.raw,1,255,0,1,1,1,1780.923,1048576,312380,2,equal,2,531.182,3201120,3201100,0,4092896894ef03fadaa8b0a3cdffc5d9ad051c5094b4dad0cf5dd95b8fd577bd,1769.266,11.657,3105496,3105496,0,1,0,20,ESP32/cnn_tflite_esp32/reports/20261008T215503505222Z/report.csv,29348
A0020.raw,1,255,0,1,1,1,1779.575,1048576,312380,2,equal,2,552.920,3201120,3201100,0,b8f67300a23cf9b604d517502e283764cff23d7d3b388694ff4a66c92479faaa,1768.003,11.572,3105496,3105496,0,1,0,20,ESP32/cnn_tflite_esp32/reports/20261008T215503505222Z/report.csv,29348
A0021.raw,1,255,0,1,1,1,1782.448,1048576,312380,2,equal,2,571.613,3197024,3197004,0,5778b906c335736598537fa24dcd8ae5c9f6a14603c8438954c54d68ee2ecfc0,1770.481,11.967,3101400,3101400,0,1,0,20,ESP32/cnn_tflite_esp32/reports/20261008T215503505222Z/report.csv,29348
A0022.raw,1,255,0,1,1,1,1781.548,1048576,312380,2,equal,2,534.327,3197024,3197004,0,36f633a14dc86aea0ec59e6ecd4f45e7f261158d8a6d6c24fcc56d7d0bdefc4a,1769.144,12.404,3101400,3101400,0,1,0,20,ESP32/cnn_tflite_esp32/reports/20261008T215503505222Z/report.csv,29348
A0023.raw,1,255,0,1,1,1,1779.814,1048576,312380,2,equal,2,529.721,3196892,3196872,0,d8027dc5a4204a57f91f6e574f0b166a03fd667f04611065e9fe4f004b339fc8,1768.122,11.692,3101400,3101400,0,1,0,20,ESP32/cnn_tflite_esp32/reports/20261008T215503505222Z/report.csv,29348
A0024.raw,1,255,0,1,1,1,1782.778,1048576,312380,2,equal,2,493.404,3196892,3196892,0,3fbe565316b1543309f2e48540cc82c8ce3ee5ab53ed6727fe29b3d8a58642dd,1771.145,11.633,3101400,3101400,0,1,0,20,ESP32/cnn_tflite_esp32/reports/20261008T215503505222Z/report.csv,29348
A0025.raw,1,255,0,1,1,1,1783.265,1048576,312380,2,equal,2,508.948,3196892,3196872,0,54c8bf227b68169f41abd455ba20b253a4fcbb2d0349278f030f6bc4eae03f5d,1771.647,11.618,3101400,3101400,0,1,0,20,ESP32/cnn_tflite_esp32/reports/20261008T215503505222Z/report.csv,29348
A0026.raw,1,255,0,1,1,1,1781.669,1048576,312380,2,equal,2,483.653,3196892,3196872,0,8c207ab010b56337c7de28c60afd9eef781e4ee787356e4b5f84aca4ec901eb7,1769.906,11.763,3101400,3101400,0,1,0,20,ESP32/cnn_tflite_esp32/reports/20261008T215503505222Z/report.csv,29332
A0027.raw,1,255,0,1,1,1,1781.805,1048576,312380,2,equal,2,503.011,3196892,3196892,0,06c3c56491e2f0a92bbbd132c14f8138a1257cfc202466d150419285757047bd,1770.196,11.609,3101400,3101400,0,1,0,20,ESP32/cnn_tflite_esp32/reports/20261008T215503505222Z/report.csv,29332
A0028.raw,1,255,0,1,1,1,1782.49,1048576,312380,2,equal,2,502.645,3196892,3196892,0,244231812a60f5db81735876ceb7a0da58dc2199157917138a67630d503818da,1770.633,11.857,3101400,3101400,0,1,0,20,ESP32/cnn_tflite_esp32/reports/20261008T215503505222Z/report.csv,29332
A0029.raw,1,255,0,1,1,1,1782.265,1048576,312380,2,equal,2,518.168,3196892,3196872,0,02a1f8f8360931572e003ee24caabb25baf18ab58fac728b22f092cb9a651a6e,1770.535,11.730,3101400,3101400,0,1,0,20,ESP32/cnn_tflite_esp32/reports/20261008T215503505222Z/report.csv,29332
A0030.raw,1,255,0,1,1,1,1782.809,1048576,312380,2,equal,2,508.844,3196892,3196872,0,1f21c2b45b31e3f610359c5b104ec39ba5124801ed3d5641ee16453f61319c64,1771.225,11.584,3101400,3101400,0,1,0,20,ESP32/cnn_tflite_esp32/reports/20261008T215503505222Z/report.csv,29332
A0031.raw,1,255,0,1,1,1,1779.271,1048576,312380,2,equal,2,536.313,3196892,3196872,0,4a9115755eb95bb252d7495ec1d4ce2c16cba36e3c39142bd239b32888ca70d6,1767.577,11.694,3101400,3101400,0,1,0,20,ESP32/cnn_tflite_esp32/reports/20261008T215503505222Z/report.csv,29332
A0032.raw,1,255,0,1,1,1,1783.231,1048576,312380,2,equal,2,508.214,3196892,3196872,0,61045c25b1b61345920da569123926b316dc9c25e8854ccf9f790f785e9b18f1,1771.539,11.692,3101400,3101400,0,1,0,20,ESP32/cnn_tflite_esp32/reports/20261008T215503505222Z/report.csv,29332
A0033.raw,1,255,0,1,1,1,1782.682,1048576,312380,2,equal,2,532.239,3196880,3196872,0,846122d9b3032855f70bfe6f5d19b88871375331a4a354f77a353c5fde3e67c9,1770.905,11.777,3101400,3101400,0,1,0,20,ESP32/cnn_tflite_esp32/reports/20261008T215503505222Z/report.csv,29332
A0034.raw,1,255,0,1,1,1,1781.409,1048576,312380,2,equal,2,491.676,3196880,3196880,0,980b3452664e2b439b48be6ddb3fd1fa368a193c16872ed89a1b4b167b8b1650,1769.734,11.675,3101400,3101400,0,1,0,20,ESP32/cnn_tflite_esp32/reports/20261008T215503505222Z/report.csv,29332
A0035.raw,1,255,0,1,1,1,1780.652,1048576,312380,2,equal,2,516.784,3196880,3196860,0,5b62af628aeb8f5e6b5343c0773f0a5f3e7d33553b8243e1353517df7cd8e7fc,1769.071,11.581,3101400,3101400,0,1,0,20,ESP32/cnn_tflite_esp32/reports/20261008T215503505222Z/report.csv,29332
A0036.raw,1,255,0,1,1,1,1782.693,1048576,312380,2,equal,2,532.869,3196880,3196860,0,16e67a7353dae6e79f890e425850455133744587c6b75a65d7761059016b083d,1771.012,11.681,3101400,3101400,0,1,0,20,ESP32/cnn_tflite_esp32/reports/20261008T215503505222Z/report.csv,29332
A0037.raw,1,255,0,1,1,1,1782.537,1048576,312380,2,equal,2,521.165,3196880,3196860,0,ac82d74300cafb68d790a31f58befb529916e337c5b53fb2c20d9ce587a558ba,1770.868,11.669,3101400,3101400,0,1,0,20,ESP32/cnn_tflite_esp32/reports/20261008T215503505222Z/report.csv,29332
A0038.raw,1,255,0,1,1,1,1781.194,1048576,312380,2,equal,2,489.515,3196880,3196892,12,eb58d18eb4096f2f62598f04b8f35da7f061ea50d3718c42eed869e3f17c688b,1769.557,11.637,3101400,3101400,0,1,0,20,ESP32/cnn_tflite_esp32/reports/20261008T215503505222Z/report.csv,29332
A0039.raw,1,255,0,1,1,1,1782.769,1048576,312380,2,equal,2,511.217,3196880,3196860,0,b644eb3a29c1b23275548daf7d8074396fba6ce56738ed52b12a54bfc15cd545,1771.084,11.685,3101400,3101400,0,1,0,20,ESP32/cnn_tflite_esp32/reports/20261008T215503505222Z/report.csv,29332
A0040.raw,1,255,0,1,1,1,1781.071,1048576,312380,2,equal,2,530.922,3196880,3196860,0,1e09de5c61ffab96daa04f0d4a49ac75672be057659b397d2a5233edaa651d8f,1769.420,11.651,3101400,3101400,0,1,0,20,ESP32/cnn_tflite_esp32/reports/20261008T215503505222Z/report.csv,29332
A0041.raw,1,255,0,1,1,1,1781.271,1048576,312380,2,equal,2,521.569,3196880,3196868,0,1721b7718d4512e9b5c4095d5b1b940ef7015e18b382e562a33f1cdd030a0ae2,1769.691,11.580,3101400,3101400,0,1,0,20,ESP32/cnn_tflite_esp32/reports/20261008T215503505222Z/report.csv,29332
A0042.raw,1,255,0,1,1,1,1781.466,1048576,312380,2,equal,2,525.168,3196880,3196860,0,a3fab439ff0a2b50e23034805ed194b46f89961cc02eaa93dcb3860b94a79a07,1769.805,11.661,3101400,3101400,0,1,0,20,ESP32/cnn_tflite_esp32/reports/20261008T215503505222Z/report.csv,29332
A0043.raw,1,255,0,1,1,1,1781.979,1048576,312380,2,equal,2,505.485,3188688,3188688,0,de3e066eb5a804ea5b3ec0e1af6453147ba97f478997220223af79a67f09cb68,1770.367,11.612,3093208,3093208,0,1,0,20,ESP32/cnn_tflite_esp32/reports/20261008T215503505222Z/report.csv,29332
A0044.raw,1,255,0,1,1,1,1781.248,1048576,312380,2,equal,2,543.902,3188688,3188668,0,1dcc97ef35420c2c4f6e3c723e0f1107de1fe5ace9511ba3e35912522d793a73,1769.679,11.569,3093208,3093208,0,1,0,20,ESP32/cnn_tflite_esp32/reports/20261008T215503505222Z/report.csv,29332
A0045.raw,1,255,0,1,1,1,1783.06,1048576,312380,2,equal,2,491.053,3188688,3188688,0,3e9589577a3890b53c335c52fff654deb32e92a224832a9071702a764988872e,1770.501,12.559,3093208,3093208,0,1,0,20,ESP32/cnn_tflite_esp32/reports/20261008T215503505222Z/report.csv,29332
A0046.raw,1,255,0,1,1,1,1781.848,1048576,312380,2,equal,2,523.712,3188688,3188652,0,b9f193a0a93cf216ccaf56d6887c1a170dbdbc46d70c816f6f21effb43b6bf20,1769.033,12.815,3093208,3093208,0,1,0,20,ESP32/cnn_tflite_esp32/reports/20261008T215503505222Z/report.csv,29332
A0047.raw,1,255,0,1,1,1,1781.74,1048576,312380,2,equal,2,495.045,3188688,3188688,0,adf54c2a5ce30b90bf7a930cb115343bd2d4cee36140bf0f8760028df6d7d96e,1770.067,11.673,3093208,3093208,0,1,0,20,ESP32/cnn_tflite_esp32/reports/20261008T215503505222Z/report.csv,29332
A0048.raw,1,255,0,1,1,1,1780.963,1048576,312380,2,equal,2,505.075,3188688,3188688,0,948f9642a6fa2aa0dd127916616238226f7a8422a602a8db0a5e0e3d114ef844,1769.379,11.584,3093208,3093208,0,1,0,20,ESP32/cnn_tflite_esp32/reports/20261008T215503505222Z/report.csv,29332
A0049.raw,1,255,0,1,1,1,1783.895,1048576,312380,2,equal,2,515.269,3188720,3188668,0,7c15ec5e62f4992f12e4a258cbe37dc0e9e84641723eae1e17be7a75ab16ff3c,1772.194,11.701,3093208,3093208,0,1,0,20,ESP32/cnn_tflite_esp32/reports/20261008T215503505222Z/report.csv,29332
A0050.raw,1,255,0,1,1,1,1781.498,1048576,312380,2,equal,2,527.207,3188708,3188700,0,d8131609b9c593fa45102e197b2e03fe0ca784a5cc9e9e25028ce8c3c5587a3a,1769.897,11.601,3093208,3093208,0,1,0,20,ESP32/cnn_tflite_esp32/reports/20261008T215503505222Z/report.csv,29332
A0051.raw,1,255,0,1,1,1,1780.93,1048576,312380,2,equal,2,518.351,3188740,3188688,0,e66e62278fac8d670942e21000982e34a2364a6ebfe9b2ca07dbf3edbde955fb,1769.295,11.635,3093208,3093208,0,1,0,20,ESP32/cnn_tflite_esp32/reports/20261008T215503505222Z/report.csv,29332
A0052.raw,1,255,0,1,1,1,1780.966,1048576,312380,2,equal,2,529.417,3188708,3188692,0,9398deafb1bcf6a2479506a10275b1680b198f73dae7994bd7f997d0ef1b5c69,1769.307,11.659,3093208,3093208,0,1,0,20,ESP32/cnn_tflite_esp32/reports/20261008T215503505222Z/report.csv,29332
A0053.raw,1,255,0,1,1,1,1781.94,1048576,312380,2,equal,2,511.869,3188708,3188708,0,cd52b68129fadad33a925074e9fdf9e8ed7997c6c83338758d786613f914d9be,1770.337,11.603,3093208,3093208,0,1,0,20,ESP32/cnn_tflite_esp32/reports/20261008T215503505222Z/report.csv,29332
A0054.raw,1,255,0,1,1,1,1780.918,1048576,312380,2,equal,2,507.283,3188708,3188708,0,ff73455952403ef432c399c3b91c66e5193606d382509bf18ea8227cf8a0bded,1769.267,11.651,3093208,3093208,0,1,0,20,ESP32/cnn_tflite_esp32/reports/20261008T215503505222Z/report.csv,29332
A0055.raw,1,255,0,1,1,1,1783.138,1048576,312380,2,equal,2,500.785,3188708,3188708,0,5e2e8f5d9abd24680942a674f9d9332a758686e551e832e2b7936c35aa0cbc7a,1770.726,12.412,3093208,3093208,0,1,0,20,ESP32/cnn_tflite_esp32/reports/20261008T215503505222Z/report.csv,29332
A0056.raw,1,255,0,1,1,1,1782.944,1048576,312380,2,equal,2,488.680,3188708,3188708,0,a186099cba96eae2a738b191c4e2ffd748cb0ec1bf185850223c4982b262de05,1771.230,11.714,3093208,3093208,0,1,0,20,ESP32/cnn_tflite_esp32/reports/20261008T215503505222Z/report.csv,29332
A0057.raw,1,255,0,1,1,1,1781.121,1048576,312380,2,equal,2,1514.203,3188708,3188708,0,ac171377f077976d826fbd9f0aefb425e6949abc51be1cbfbeaddbf1184601fb,1769.450,11.671,3093208,3093208,0,1,0,20,ESP32/cnn_tflite_esp32/reports/20261008T215503505222Z/report.csv,29332
A0058.raw,1,255,0,1,1,1,1781.072,1048576,312380,2,equal,2,556.847,3188708,3188688,0,e21b3c0c7a6418ef3ff6d1f57c2ae5a68f3e1b00ba61b798dfc1f174021799d0,1769.453,11.619,3093208,3093208,0,1,0,20,ESP32/cnn_tflite_esp32/reports/20261008T215503505222Z/report.csv,29332
A0059.raw,1,255,0,1,1,1,1781.326,1048576,312380,2,equal,2,502.386,3188708,3188708,0,8e3c1589ab63e705ff07b2407a5bf184412942b38cf2ac69487eabb4dad6142a,1769.666,11.660,3093208,3093208,0,1,0,20,ESP32/cnn_tflite_esp32/reports/20261008T215503505222Z/report.csv,29332
A0060.raw,1,255,0,1,1,1,1782.338,1048576,312380,2,equal,2,535.596,3188708,3188688,0,ca6243f15ede5d1588fe46e8868a5b9e83115fba78efc480709d54008313d7a0,1770.628,11.710,3093208,3093208,0,1,0,20,ESP32/cnn_tflite_esp32/reports/20261008T215503505222Z/report.csv,29332
A0061.raw,1,255,0,1,1,1,1781.093,1048576,312380,2,equal,2,515.003,3188708,3188688,0,9a17a982edfdfe0053cb1682bd6782be279b27c71de5984e7db77728fb19b016,1769.468,11.625,3093208,3093208,0,1,0,20,ESP32/cnn_tflite_esp32/reports/20261008T215503505222Z/report.csv,29332
A0062.raw,1,255,0,1,1,1,1782.751,1048576,312380,2,equal,2,551.516,3188720,3188700,0,80506903535f3529e47c5ce6035b3c935408f093966c96a91b106c9d4165be8d,1771.112,11.639,3093208,3093208,0,1,0,20,ESP32/cnn_tflite_esp32/reports/20261008T215503505222Z/report.csv,29332
A0063.raw,1,255,0,1,1,1,1781.812,1048576,312380,2,equal,2,492.474,3188720,3188720,0,96e82f02d1a00152e4514e8e3c94700c877ac489335dbefad9389890777801af,1770.147,11.665,3093208,3093208,0,1,0,20,ESP32/cnn_tflite_esp32/reports/20261008T215503505222Z/report.csv,29332
A0064.raw,1,255,0,1,1,1,1782.889,1048576,312380,2,equal,2,557.338,3188720,3188700,0,0b777ff3cad2fa76760523e60ec927c0cfebd9ca626704bc6f1b178f5a57b3fd,1771.016,11.873,3093208,3093208,0,1,0,20,ESP32/cnn_tflite_esp32/reports/20261008T215503505222Z/report.csv,29332
A0065.raw,1,255,0,1,1,1,1782.282,1048576,312380,2,equal,2,493.766,3188720,3188720,0,2dabf9059ed784ae2e03b6dd09b342645846ea527dc78df75f024dc66c543f41,1770.685,11.597,3093208,3093208,0,1,0,20,ESP32/cnn_tflite_esp32/reports/20261008T215503505222Z/report.csv,29332
A0066.raw,1,255,0,1,1,1,1781.892,1048576,312380,2,equal,2,521.288,3188720,3188700,0,b00ac8c03eb9e7bbb19e59d2c8e28d4b67b883e7227ce08887d45960fd78a6f3,1770.219,11.673,3093208,3093208,0,1,0,20,ESP32/cnn_tflite_esp32/reports/20261008T215503505222Z/report.csv,29332
A0067.raw,1,255,0,1,1,1,1781.91,1048576,312380,2,equal,2,516.119,3188704,3188700,0,f3ffad2e511bf7f09419bb3c9f4cb967fb049981b424257ae5f13ef82d0def71,1770.256,11.654,3093208,3093208,0,1,0,20,ESP32/cnn_tflite_esp32/reports/20261008T215503505222Z/report.csv,29332
A0068.raw,1,255,0,1,1,1,1782.583,1048576,312380,2,equal,2,532.522,3188720,3188700,0,bc620e5289d8d2eec6aefb3c8f60bb426dda47c821e91acaa7e4e38fbd44e03d,1770.883,11.700,3093208,3093208,0,1,0,20,ESP32/cnn_tflite_esp32/reports/20261008T215503505222Z/report.csv,29332
A0069.raw,1,255,0,1,1,1,1780.732,1048576,312380,2,equal,2,507.309,3188720,3188700,0,30abd3b76ec6c3dc079656e92bdc48b69f017d536c51efc520201aa8e850b529,1769.075,11.657,3093208,3093208,0,1,0,20,ESP32/cnn_tflite_esp32/reports/20261008T215503505222Z/report.csv,29332
A0070.raw,1,255,0,1,1,1,1780.716,1048576,312380,2,equal,2,510.248,3188720,3188700,0,5c29b2ec135d6c5ad55b1edbd4688678ebebd3e2025810fb344816cd5b24940f,1769.123,11.593,3093208,3093208,0,1,0,20,ESP32/cnn_tflite_esp32/reports/20261008T215503505222Z/report.csv,29332
A0071.raw,1,255,0,1,1,1,1779.401,1048576,312380,2,equal,2,517.386,3188720,3188700,0,d613d08ca4e19e726a624ef2c66c1f6188971468b1c37d8f4b0f423813714b68,1767.824,11.577,3093208,3093208,0,1,0,20,ESP32/cnn_tflite_esp32/reports/20261008T215503505222Z/report.csv,29332
A0072.raw,1,255,0,1,1,1,1779.9,1048576,312380,2,equal,2,544.784,3188720,3188700,0,33661de8aa2df1d01b3ca7e2330573c8c4bf0c2ef907ff1e22f00f3730eaffb3,1768.306,11.594,3093208,3093208,0,1,0,20,ESP32/cnn_tflite_esp32/reports/20261008T215503505222Z/report.csv,29332
A0073.raw,1,255,0,1,1,1,1781.93,1048576,312380,2,equal,2,522.663,3188720,3188700,0,699bf1443dc0f2166f93c5155386897080ac505d6456d856948c85f119ea04e3,1770.286,11.644,3093208,3093208,0,1,0,20,ESP32/cnn_tflite_esp32/reports/20261008T215503505222Z/report.csv,29332
A0074.raw,1,255,0,1,1,1,1783.734,1048576,312380,2,equal,2,517.376,3188720,3188700,0,126a2948729b5ba7cf4c3529ab53b12cf9ae500d1ae7812a294fa0241f3333c1,1772.130,11.604,3093208,3093208,0,1,0,20,ESP32/cnn_tflite_esp32/reports/20261008T215503505222Z/report.csv,29332
A0075.raw,1,255,0,1,1,1,1780.458,1048576,312380,2,equal,2,524.247,3188720,3188700,0,958d12140bce93f7087d48fd6cbe70e2a9c7f29dd5eecdf4921a72feacda4e56,1768.779,11.679,3093208,3093208,0,1,0,20,ESP32/cnn_tflite_esp32/reports/20261008T215503505222Z/report.csv,29332
A0076.raw,1,255,0,1,1,1,1781.205,1048576,312380,2,equal,2,507.020,3188720,3188700,0,162982eaa94857c4fb6137e3120d5bcb82df91dbe6254975bd09ba2de0e434b5,1769.546,11.659,3093208,3093208,0,1,0,20,ESP32/cnn_tflite_esp32/reports/20261008T215503505222Z/report.csv,29332
A0077.raw,1,255,0,1,1,1,1781.003,1048576,312380,2,equal,2,520.136,3188720,3188700,0,eb44d58f6e958fa746535ee95ac924197c0dd2aa9cb9188addd13481276ce19d,1769.328,11.675,3093208,3093208,0,1,0,20,ESP32/cnn_tflite_esp32/reports/20261008T215503505222Z/report.csv,29332
A0078.raw,1,255,0,1,1,1,1780.536,1048576,312380,2,equal,2,500.722,3188720,3188720,0,0f1e57851aaceb6c8722cda7f78c110e94f1d3014e498ce3f677721d141d37c2,1768.870,11.666,3093208,3093208,0,1,0,20,ESP32/cnn_tflite_esp32/reports/20261008T215503505222Z/report.csv,29332
A0079.raw,1,255,0,1,1,1,1779.842,1048576,312380,2,equal,2,526.652,3188720,3188700,0,dbe0c26b8e514a8f2379c483f6b5d0221efa84bfa03b7440eb4911d5e6986cb4,1768.224,11.618,3093208,3093208,0,1,0,20,ESP32/cnn_tflite_esp32/reports/20261008T215503505222Z/report.csv,29332
A0080.raw,1,255,0,1,1,1,1783.157,1048576,312380,2,equal,2,502.400,3188720,3188720,0,2e404afe3b3dffa1ce477071895526f9a47a6ebb22e09efbc4271b4457ac27aa,1770.594,12.563,3093208,3093208,0,1,0,20,ESP32/cnn_tflite_esp32/reports/20261008T215503505222Z/report.csv,29332
A0081.raw,1,255,0,1,1,1,1782.339,1048576,312380,2,equal,2,506.920,3188720,3188720,0,e2a5f60a9e63b0ae27ee8a1b6339c05905be1dbcd067e04a1c6c8239c1aab99a,1770.615,11.724,3093208,3093208,0,1,0,20,ESP32/cnn_tflite_esp32/reports/20261008T215503505222Z/report.csv,29332
A0082.raw,1,255,0,1,1,1,1781.4,1048576,312380,2,equal,2,512.121,3188720,3188700,0,b98cc0e9149ab150ffe744152560b0a374491fa28945fe21681dbe7bdb0f72ed,1769.706,11.694,3093208,3093208,0,1,0,20,ESP32/cnn_tflite_esp32/reports/20261008T215503505222Z/report.csv,29332
A0083.raw,1,255,0,1,1,1,1781.186,1048576,312380,2,equal,2,532.401,3188720,3188700,0,37aacf6fed1260869a1d0dad4287ca25eea0b29652bc21baec36e9134193a3b8,1769.585,11.601,3093208,3093208,0,1,0,20,ESP32/cnn_tflite_esp32/reports/20261008T215503505222Z/report.csv,29332
A0084.raw,1,255,0,1,1,1,1782.137,1048576,312380,2,equal,2,528.567,3188648,3188628,0,9b292d11ffb544176e2d0980aa85a48dec4755556c01156553d4f89ffba2f7eb,1770.387,11.750,3093208,3093208,0,1,0,20,ESP32/cnn_tflite_esp32/reports/20261008T215503505222Z/report.csv,29332
A0085.raw,1,255,0,1,1,1,1782.49,1048576,312380,2,equal,2,523.448,3172264,3172244,0,f4899ca45e53ef6a9487451cde71a5add148fecf5497fb0e425a1134234f76f7,1770.527,11.963,3076824,3076824,0,1,0,20,ESP32/cnn_tflite_esp32/reports/20261008T215503505222Z/report.csv,29332
A0086.raw,1,255,0,1,1,1,1781.514,1048576,312380,2,equal,2,505.421,3172264,3172244,0,74fbee029a4085199c013aa565cfaa5939cb8988ad0b16ea91cf8d48fc2d9561,1769.912,11.602,3076824,3076824,0,1,0,20,ESP32/cnn_tflite_esp32/reports/20261008T215503505222Z/report.csv,29332
A0087.raw,1,255,0,1,1,1,1782.661,1048576,312380,2,equal,2,522.105,3172264,3172244,0,035e18156c25e4f9591d5a4cad971c9600406477e03d566cb6bb96072a4f464b,1771.064,11.597,3076824,3076824,0,1,0,20,ESP32/cnn_tflite_esp32/reports/20261008T215503505222Z/report.csv,29332
A0088.raw,1,255,0,1,1,1,1782.17,1048576,312380,2,equal,2,520.696,3172264,3172244,0,01b9da6ff344c13a83bf48bd9ae81992dd70cda1d597262508edc8b713e59200,1770.578,11.592,3076824,3076824,0,1,0,20,ESP32/cnn_tflite_esp32/reports/20261008T215503505222Z/report.csv,29332
A0089.raw,1,255,0,1,1,1,1780.168,1048576,312380,2,equal,2,590.665,3172264,3172244,0,d4cb33aee694e63da2f32d5a45365509e05ea257c3f65f87f06246a1b6c50924,1768.505,11.663,3076824,3076824,0,1,0,20,ESP32/cnn_tflite_esp32/reports/20261008T215503505222Z/report.csv,29332
A0090.raw,1,255,0,1,1,1,1782.417,1048576,312380,2,equal,2,574.495,3172264,3172244,0,a49a2a94aca0afec972897a6689b6a26fb5a814155b20992f3617f306bbad97a,1770.788,11.629,3076824,3076824,0,1,0,20,ESP32/cnn_tflite_esp32/reports/20261008T215503505222Z/report.csv,29332
A0091.raw,1,255,0,1,1,1,1784.338,1048576,312380,2,equal,2,492.281,3172264,3172264,0,b9d68048b38080acac78560960c0575d33b3da646b27963e975194ebcb88e9b2,1772.733,11.605,3076824,3076824,0,1,0,20,ESP32/cnn_tflite_esp32/reports/20261008T215503505222Z/report.csv,29332
A0092.raw,1,255,0,1,1,1,1781.395,1048576,312380,2,equal,2,485.986,3172264,3172264,0,8b603157c8b340443aa0569134fc27b88e2c818bc01d7d6355149836facb27ac,1769.755,11.640,3076824,3076824,0,1,0,20,ESP32/cnn_tflite_esp32/reports/20261008T215503505222Z/report.csv,29332
A0093.raw,1,255,0,1,1,1,1781.69,1048576,312380,2,equal,2,492.587,3172264,3172264,0,b102ee8a6eb7f085e4e5c9ffa09f0988ae4f588508d83b279f02a5e4c68b8f81,1769.299,12.391,3076824,3076824,0,1,0,20,ESP32/cnn_tflite_esp32/reports/20261008T215503505222Z/report.csv,29332
A0094.raw,1,255,0,1,1,1,1779.865,1048576,312380,2,equal,2,560.711,3172264,3172244,0,d24b042157ac248690638ab2b7c90a0ce6b73de14e1a6427707da26f56dfda30,1768.227,11.638,3076824,3076824,0,1,0,20,ESP32/cnn_tflite_esp32/reports/20261008T215503505222Z/report.csv,29300
A0095.raw,1,255,0,1,1,1,1781.554,1048576,312380,2,equal,2,495.135,3172264,3172264,0,b0fa33bbcbe53f53f098cca5255b15164f9de4bd4f9f6b25b1bd8fc3b3a32cf7,1769.982,11.572,3076824,3076824,0,1,0,20,ESP32/cnn_tflite_esp32/reports/20261008T215503505222Z/report.csv,29300
A0096.raw,1,255,0,1,1,1,1784.897,1048576,312380,2,equal,2,506.145,3172264,3172244,0,393941566994fbb615a6b3001875902564ea46263c2b193a20f1be895ba6f388,1772.970,11.927,3076824,3076824,0,1,0,20,ESP32/cnn_tflite_esp32/reports/20261008T215503505222Z/report.csv,29300
A0097.raw,1,255,0,1,1,1,1779.526,1048576,312380,2,equal,2,514.079,3172264,3172244,0,dfe3b7520960ff038d81b865dafcc263547fcd550824c47f92aa67c008c4f06a,1767.904,11.622,3076824,3076824,0,1,0,20,ESP32/cnn_tflite_esp32/reports/20261008T215503505222Z/report.csv,29300
A0098.raw,1,255,0,1,1,1,1781.542,1048576,312380,2,equal,2,497.164,3172264,3172264,0,a71fcf7e96dd8615a68d9a02cbfc2f2f994f6e7bab16d2059ebac000f463a818,1769.856,11.686,3076824,3076824,0,1,0,20,ESP32/cnn_tflite_esp32/reports/20261008T215503505222Z/report.csv,29300
A0099.raw,1,255,0,1,1,1,1780.088,1048576,312380,2,equal,2,507.514,3172264,3172264,0,084e80522651887a3ce74daaa2fb24553098a3788665eb0ea3fa9295415582a5,1768.411,11.677,3076824,3076824,0,1,0,20,ESP32/cnn_tflite_esp32/reports/20261008T215503505222Z/report.csv,29300
A0100.raw,1,255,0,1,1,1,1782.296,1048576,312380,2,equal,2,521.528,3172264,3172244,0,66e5763cc9827f81c2228ba1b86b2e3bb00c9329fc409daf57e185360dffab99,1770.640,11.656,3076824,3076824,0,1,0,20,ESP32/cnn_tflite_esp32/reports/20261008T215503505222Z/report.csv,29300
A0101.raw,1,255,0,1,1,1,1780.821,1048576,312380,2,equal,2,514.666,3172264,3172244,0,a5c52d80de5ff9a7b09758fe56b80daf0bd86c5e284935fab612b33157be2560,1769.194,11.627,3076824,3076824,0,1,0,20,ESP32/cnn_tflite_esp32/reports/20261008T215503505222Z/report.csv,29300
A0102.raw,1,255,0,1,1,1,1779.39,1048576,312380,2,equal,2,530.287,3172264,3172244,0,96d528238e42754254ad9aa247ca43c76cd72fcbf819a6b7bf634235104511aa,1767.722,11.668,3076824,3076824,0,1,0,20,ESP32/cnn_tflite_esp32/reports/20261008T215503505222Z/report.csv,29300
A0103.raw,1,255,0,1,1,1,1782.057,1048576,312380,2,equal,2,490.990,3172264,3172264,0,a3877cdc39a07a27bce6a324f5ff0de945836be9115d5a9b09ace00f49cb39a6,1770.298,11.759,3076824,3076824,0,1,0,20,ESP32/cnn_tflite_esp32/reports/20261008T215503505222Z/report.csv,29300
A0104.raw,1,255,0,1,1,1,1778.5,1048576,312380,2,equal,2,578.054,3172264,3172244,0,1159e4237e47f9056bf304618fdd87aa6e03465c5f17a511294f2b63c86ed4f6,1766.885,11.615,3076824,3076824,0,1,0,20,ESP32/cnn_tflite_esp32/reports/20261008T215503505222Z/report.csv,29300
A0105.raw,1,255,0,1,1,1,1784.226,1048576,312380,2,equal,2,532.702,3172264,3172244,0,3a50d1c0db8738e90322d3035911b7a2ce3c9ade0688d259713519122203f00c,1772.529,11.697,3076824,3076824,0,1,0,20,ESP32/cnn_tflite_esp32/reports/20261008T215503505222Z/report.csv,29300
A0106.raw,1,255,0,1,1,1,1778.818,1048576,312380,2,equal,2,499.016,3172264,3172264,0,505e620959aec8e220653c44a295aeb01250fd54d25d1a6a6f25233adc87dbbc,1767.186,11.632,3076824,3076824,0,1,0,20,ESP32/cnn_tflite_esp32/reports/20261008T215503505222Z/report.csv,29300
A0107.raw,1,255,0,1,1,1,1781.448,1048576,312380,2,equal,2,512.963,3172264,3172244,0,0f3eb7c6e277d1bdd4c6f6866ac8a9e86202634156290005f9c6a8a8a8440219,1769.873,11.575,3076824,3076824,0,1,0,20,ESP32/cnn_tflite_esp32/reports/20261008T215503505222Z/report.csv,29300
A0108.raw,1,255,0,1,1,1,1781.226,1048576,312380,2,equal,2,519.695,3172264,3172244,0,26e96fbcf6e121729146c79c912e871a0191ffab5ed4b89ebeb1907d8586e398,1769.574,11.652,3076824,3076824,0,1,0,20,ESP32/cnn_tflite_esp32/reports/20261008T215503505222Z/report.csv,29300
A0109.raw,1,255,0,1,1,1,1782.637,1048576,312380,2,equal,2,497.893,3172264,3172264,0,da3652206040f19de7172920e465694695ad168f9281b8b80ca1091d7b6d6767,1770.346,12.291,3076824,3076824,0,1,0,20,ESP32/cnn_tflite_esp32/reports/20261008T215503505222Z/report.csv,29300
A0110.raw,1,255,0,1,1,1,1781.491,1048576,312380,2,equal,2,498.705,3172264,3172264,0,3a4f81d05ce67578432ef1809d27747494f1a9623ec825167010ed439b3fcc7c,1769.880,11.611,3076824,3076824,0,1,0,20,ESP32/cnn_tflite_esp32/reports/20261008T215503505222Z/report.csv,29300
A0111.raw,1,255,0,1,1,1,1782.579,1048576,312380,2,equal,2,522.281,3172264,3172244,0,9f2dcbfe8b8c37e6c3474db1a68142448b20b08218ee47b10390e835e3c9e543,1771.008,11.571,3076824,3076824,0,1,0,20,ESP32/cnn_tflite_esp32/reports/20261008T215503505222Z/report.csv,29300
A0112.raw,1,255,0,1,1,1,1779.634,1048576,312380,2,equal,2,487.047,3172264,3172264,0,5b56780622d677c51029b43618e76020a6c507b54355b224d85ebbfec08e40f5,1768.049,11.585,3076824,3076824,0,1,0,20,ESP32/cnn_tflite_esp32/reports/20261008T215503505222Z/report.csv,29300
A0113.raw,1,255,0,1,1,1,1781.607,1048576,312380,2,equal,2,511.414,3172264,3172244,0,c2a2e6afc5f19d5c15058d435d6c1260e8c7ba5cf9866abff2390f6575ed28c4,1769.917,11.690,3076824,3076824,0,1,0,20,ESP32/cnn_tflite_esp32/reports/20261008T215503505222Z/report.csv,29300
A0114.raw,1,255,0,1,1,1,1778.995,1048576,312380,2,equal,2,498.805,3172264,3172264,0,63ac532d652510d5091be9eda18607cb6f80aed2177e9b3714ef3c334ced4bf7,1766.624,12.371,3076824,3076824,0,1,0,20,ESP32/cnn_tflite_esp32/reports/20261008T215503505222Z/report.csv,29300
A0115.raw,1,255,0,1,1,1,1782.669,1048576,312380,2,equal,2,505.947,3172264,3172244,0,f3c5c57862612c390e815678bfd89909efcaf50629977946243f3c4a8adbab3d,1770.868,11.801,3076824,3076824,0,1,0,20,ESP32/cnn_tflite_esp32/reports/20261008T215503505222Z/report.csv,29300
A0116.raw,1,255,0,1,1,1,1781.392,1048576,312380,2,equal,2,502.406,3172264,3172264,0,de7afcf1bfda2ade6806eab17f683a06834aadcd8e581a3b138a511044810d63,1769.681,11.711,3076824,3076824,0,1,0,20,ESP32/cnn_tflite_esp32/reports/20261008T215503505222Z/report.csv,29300
A0117.raw,1,255,0,1,1,1,1779.893,1048576,312380,2,equal,2,580.461,3172264,3172244,0,e24e5002f3ddd80a3ae3f69c1ad3a7c6f162713ba7c4bcfbbbb0eabea2314430,1768.235,11.658,3076824,3076824,0,1,0,20,ESP32/cnn_tflite_esp32/reports/20261008T215503505222Z/report.csv,29300
A0118.raw,1,255,0,1,1,1,1779.17,1048576,312380,2,equal,2,526.014,3172264,3172236,0,747bb0dc8032352f889034ad4b51afa1fc048aef6cf75457846e0d60ae58b081,1767.497,11.673,3076824,3076824,0,1,0,20,ESP32/cnn_tflite_esp32/reports/20261008T215503505222Z/report.csv,29300
A0119.raw,1,255,0,1,1,1,1783.853,1048576,312380,2,equal,2,505.798,3172264,3172236,0,23b75a8dc0bd58b225352e7460b053a2b4a3283547c48cabfdf30b083769b71e,1771.428,12.425,3076824,3076824,0,1,0,20,ESP32/cnn_tflite_esp32/reports/20261008T215503505222Z/report.csv,29300
A0120.raw,1,255,0,1,1,1,1783.135,1048576,312380,2,equal,2,510.566,3172264,3172264,0,e8949a1b79cc72dcb9feb861e00181e1c714a4729bbe4c58a22e87fb060e7ce9,1770.522,12.613,3076824,3076824,0,1,0,20,ESP32/cnn_tflite_esp32/reports/20261008T215503505222Z/report.csv,29300
A0121.raw,1,255,0,1,1,1,1780.295,1048576,312380,2,equal,2,526.884,3172264,3172244,0,091938d937445903f18cd0f8b9f986b0d41a6c35f2cf4f2a4c5ff93a9074779f,1768.680,11.615,3076824,3076824,0,1,0,20,ESP32/cnn_tflite_esp32/reports/20261008T215503505222Z/report.csv,29300
A0122.raw,1,255,0,1,1,1,1782.769,1048576,312380,2,equal,2,509.371,3172264,3172264,0,69cbadbcd1fc7199606f3f1f3379eb03cc145b171526874fc930e586e5c4b977,1771.038,11.731,3076824,3076824,0,1,0,20,ESP32/cnn_tflite_esp32/reports/20261008T215503505222Z/report.csv,29300
A0123.raw,1,255,0,1,1,1,1780.197,1048576,312380,2,equal,2,495.040,3172264,3172264,0,1f45299bfa01b4826ca73166b492afe91ac45d493c9cc9fa9814fa90839d4859,1768.535,11.662,3076824,3076824,0,1,0,20,ESP32/cnn_tflite_esp32/reports/20261008T215503505222Z/report.csv,29300
A0124.raw,1,255,0,1,1,1,1779.427,1048576,312380,2,equal,2,494.783,3172264,3172264,0,3abd90dd40c9d0ba62ae86dcd3108b973a51a908966a4b0b98e5196f1f3bc574,1767.846,11.581,3076824,3076824,0,1,0,20,ESP32/cnn_tflite_esp32/reports/20261008T215503505222Z/report.csv,29300
A0125.raw,1,255,0,1,1,1,1782.302,1048576,312380,2,equal,2,534.499,3172264,3172244,0,0d40d493df92ab9a485146a11e4650795db73573b7991d943a4bf364c5d0bb77,1770.638,11.664,3076824,3076824,0,1,0,20,ESP32/cnn_tflite_esp32/reports/20261008T215503505222Z/report.csv,29300
A0126.raw,1,255,0,1,1,1,1782.947,1048576,312380,2,equal,2,550.726,3172264,3172244,0,ebdd4582324e28473eacdd6fc198b66b1e364df02faf2ab13b97e6cea1888edb,1771.236,11.711,3076824,3076824,0,1,0,20,ESP32/cnn_tflite_esp32/reports/20261008T215503505222Z/report.csv,29300
A0127.raw,1,255,0,1,1,1,1781.494,1048576,312380,2,equal,2,509.728,3172264,3172244,0,3f108eda467206b3206d049eab24f91a8bfde129f0056b84a009e7e92dd6976f,1769.894,11.600,3076824,3076824,0,1,0,20,ESP32/cnn_tflite_esp32/reports/20261008T215503505222Z/report.csv,29300
A0128.raw,1,255,0,1,1,1,1777.618,1048576,312380,2,equal,2,552.953,3172264,3172244,0,244696aeac387f99b9dd4fe1cc0c5d8a600533c373196ecebb355fb55a18ce42,1766.004,11.614,3076824,3076824,0,1,0,20,ESP32/cnn_tflite_esp32/reports/20261008T215503505222Z/report.csv,29300
A0129.raw,1,255,0,1,1,1,1783.392,1048576,312380,2,equal,2,536.286,3172264,3172244,0,a164535692e8a131987c7f51f7fbfb6b01508603ccfe369e071f8bfc3239f57b,1771.561,11.831,3076824,3076824,0,1,0,20,ESP32/cnn_tflite_esp32/reports/20261008T215503505222Z/report.csv,29300
A0130.raw,1,255,0,1,1,1,1782.452,1048576,312380,2,equal,2,507.480,3172284,3172264,0,f22b8492c5fc635169d4b7a6b5702521824630837235425ed95dbb7c29a24738,1770.745,11.707,3076824,3076824,0,1,0,20,ESP32/cnn_tflite_esp32/reports/20261008T215503505222Z/report.csv,29300
A0131.raw,1,255,0,1,1,1,1781.754,1048576,312380,2,equal,2,518.442,3172264,3172244,0,512d4d9a15d370ed51444844709fecd629b7170ef479ab7462ed909e1a13b634,1770.133,11.621,3076824,3076824,0,1,0,20,ESP32/cnn_tflite_esp32/reports/20261008T215503505222Z/report.csv,29284
A0132.raw,1,255,0,1,1,1,1782.718,1048576,312380,2,equal,2,523.308,3172264,3172244,0,a9fbba2fef9f9280f3351851abcf60fc0e9ee58325591a228e17619356989b56,1771.120,11.598,3076824,3076824,0,1,0,20,ESP32/cnn_tflite_esp32/reports/20261008T215503505222Z/report.csv,29284
A0133.raw,1,255,0,1,1,1,1779.521,1048576,312380,2,equal,2,494.074,3172264,3172264,0,28dcead306ca05f3e5562a23e2ba1d7d0765cfeb740a4f6258a2c35eda5be7e3,1767.856,11.665,3076824,3076824,0,1,0,20,ESP32/cnn_tflite_esp32/reports/20261008T215503505222Z/report.csv,29284
A0134.raw,1,255,0,1,1,1,1782.614,1048576,312380,2,equal,2,549.230,3172264,3172244,0,45df5a64ddc47115d28e856e2ba24fbbc00e9aeeb51defdc764d105434aead3e,1770.943,11.671,3076824,3076824,0,1,0,20,ESP32/cnn_tflite_esp32/reports/20261008T215503505222Z/report.csv,29284
A0135.raw,1,255,0,1,1,1,1780.752,1048576,312380,2,equal,2,493.618,3172264,3172264,0,7fd70b54a078bafb95f64faabb75e6df0b55d75207e3d897c73da115a3d6c08d,1769.123,11.629,3076824,3076824,0,1,0,20,ESP32/cnn_tflite_esp32/reports/20261008T215503505222Z/report.csv,29284
A0136.raw,1,255,0,1,1,1,1782.342,1048576,312380,2,equal,2,536.815,3172264,3172244,0,9a90c9aa156e6a67ae21798e4ca18b0b23dd2bf5e5183a04e940459511da91b6,1770.788,11.554,3076824,3076824,0,1,0,20,ESP32/cnn_tflite_esp32/reports/20261008T215503505222Z/report.csv,29284
A0137.raw,1,255,0,1,1,1,1780.999,1048576,312380,2,equal,2,511.700,3172264,3172244,0,5c33ea71b038d294b53a7fe36ce4d5cb970faf447e3505e611427e61f02b30c1,1769.399,11.600,3076824,3076824,0,1,0,20,ESP32/cnn_tflite_esp32/reports/20261008T215503505222Z/report.csv,29284
A0138.raw,1,255,0,1,1,1,1778.531,1048576,312380,2,equal,2,534.487,3172264,3172244,0,1a36cd243f2f500e3260abc2826fadfec5ea3cf710d86b0b118e489e10e42524,1766.929,11.602,3076824,3076824,0,1,0,20,ESP32/cnn_tflite_esp32/reports/20261008T215503505222Z/report.csv,29284
A0139.raw,1,255,0,1,1,1,1782.753,1048576,312380,2,equal,2,537.121,3172264,3172244,0,6f690bac6caae154757483e505171bc233f173fc2a844905f0b4285e27334a2c,1771.069,11.684,3076824,3076824,0,1,0,20,ESP32/cnn_tflite_esp32/reports/20261008T215503505222Z/report.csv,29284
A0140.raw,1,255,0,1,1,1,1782.293,1048576,312380,2,equal,2,523.105,3172264,3172244,0,98e664af4d29de351327f03c2f3c56d857c74198d6ad3d39d91fd90b40c9a33b,1770.597,11.696,3076824,3076824,0,1,0,20,ESP32/cnn_tflite_esp32/reports/20261008T215503505222Z/report.csv,29284
A0141.raw,1,255,0,1,1,1,1782.155,1048576,312380,2,equal,2,536.502,3172264,3172244,0,4fb03891600b069ba602ef8b94cf1909375082412efcf8e676f3d6ed93e8488e,1770.262,11.893,3076824,3076824,0,1,0,20,ESP32/cnn_tflite_esp32/reports/20261008T215503505222Z/report.csv,29284
A0142.raw,1,255,0,1,1,1,1780.121,1048576,312380,2,equal,2,552.174,3172264,3172244,0,cd5909fcd96cb512e15bfd030715723c8d14ac8fde9957d0ebe681797b50c59f,1768.468,11.653,3076824,3076824,0,1,0,20,ESP32/cnn_tflite_esp32/reports/20261008T215503505222Z/report.csv,29284
A0143.raw,1,255,0,1,1,1,1780.273,1048576,312380,2,equal,2,524.560,3172264,3172244,0,bbcec6ea40fc1fb615632e4b45043c9f7ca84ca4f4985a2ac7b693d41f677b6e,1768.627,11.646,3076824,3076824,0,1,0,20,ESP32/cnn_tflite_esp32/reports/20261008T215503505222Z/report.csv,29284
A0144.raw,1,255,0,1,1,1,1781.057,1048576,312380,2,equal,2,520.259,3172264,3172244,0,338a9ace34e297f44efc1da176f78a46c741dc96309c83779b5219c5a5aa8dde,1769.397,11.660,3076824,3076824,0,1,0,20,ESP32/cnn_tflite_esp32/reports/20261008T215503505222Z/report.csv,29284
A0145.raw,1,255,0,1,1,1,1781.253,1048576,312380,2,equal,2,509.853,3172264,3172244,0,42a4fc26567b46892a60ec052d0208bcbdcb4d9181445e03384697998c8cb4be,1768.846,12.407,3076824,3076824,0,1,0,20,ESP32/cnn_tflite_esp32/reports/20261008T215503505222Z/report.csv,29284
A0146.raw,1,255,0,1,1,1,1781.414,1048576,312380,2,equal,2,534.480,3172264,3172244,0,e9364a804564e92d64277095c9d781a57d6875684783325c5400127d391d0f85,1769.750,11.664,3076824,3076824,0,1,0,20,ESP32/cnn_tflite_esp32/reports/20261008T215503505222Z/report.csv,29284
A0147.raw,1,255,0,1,1,1,1779.824,1048576,312380,2,equal,2,530.884,3172264,3172244,0,186c8510884c8d7aecf8403764d5e15fb606025938d938fd312e64499f3d7525,1768.165,11.659,3076824,3076824,0,1,0,20,ESP32/cnn_tflite_esp32/reports/20261008T215503505222Z/report.csv,29284
A0148.raw,1,255,0,1,1,1,1781.352,1048576,312380,2,equal,2,521.310,3172264,3172244,0,9a70340960cf642fd3a2b3f15af4b1b198dcf1dfcb7570d300603fae51eaaa79,1769.704,11.648,3076824,3076824,0,1,0,20,ESP32/cnn_tflite_esp32/reports/20261008T215503505222Z/report.csv,29284
A0149.raw,1,255,0,1,1,1,1779.719,1048576,312380,2,equal,2,529.591,3172264,3172244,0,a307e983fb032cfaf224c5107e9f93c6fbf2decbe151db6e5bc4f839d97e170f,1768.150,11.569,3076824,3076824,0,1,0,20,ESP32/cnn_tflite_esp32/reports/20261008T215503505222Z/report.csv,29284
A0150.raw,1,255,0,1,1,1,1782.567,1048576,312380,2,equal,2,499.888,3172264,3172264,0,96858ca1b9262684abe57f3efb9434d8c09bc55b4016a4c3ca6b2b9510a5b065,1770.280,12.287,3076824,3076824,0,1,0,20,ESP32/cnn_tflite_esp32/reports/20261008T215503505222Z/report.csv,29284
A0151.raw,1,255,0,1,1,1,1782.192,1048576,312380,2,equal,2,502.168,3172264,3172264,0,60665ee4e4e7f3c22ad3f9283f36f12de21c5a4844512af87a1afd0bea7f9ca7,1770.460,11.732,3076824,3076824,0,1,0,20,ESP32/cnn_tflite_esp32/reports/20261008T215503505222Z/report.csv,29284
A0152.raw,1,255,0,1,1,1,1781.905,1048576,312380,2,equal,2,529.618,3172264,3172244,0,2f7eda4365a603301b390a95cbce5771dfc1cdd28f20682f89ad4d55a32c0cbc,1770.017,11.888,3076824,3076824,0,1,0,20,ESP32/cnn_tflite_esp32/reports/20261008T215503505222Z/report.csv,29284
A0153.raw,1,255,0,1,1,1,1780.047,1048576,312380,2,equal,2,524.306,3172264,3172244,0,27f61dd47af8b81408a36d3fdf6450a9160024c80653aefaa06aba200c011170,1768.146,11.901,3076824,3076824,0,1,0,20,ESP32/cnn_tflite_esp32/reports/20261008T215503505222Z/report.csv,29284
A0154.raw,1,255,0,1,1,1,1782.114,1048576,312380,2,equal,2,517.422,3172264,3172244,0,ca2b7736859f45b0d939188877406799325d0638c73691fb8f525dbef4cafa07,1770.374,11.740,3076824,3076824,0,1,0,20,ESP32/cnn_tflite_esp32/reports/20261008T215503505222Z/report.csv,29284
A0155.raw,1,255,0,1,1,1,1782.464,1048576,312380,2,equal,2,515.585,3172264,3172244,0,c0b80b2c244406b5dba5492426e52413bc03fadb62ec013a225ad5c9e524a207,1770.776,11.688,3076824,3076824,0,1,0,20,ESP32/cnn_tflite_esp32/reports/20261008T215503505222Z/report.csv,29284
A0156.raw,1,255,0,1,1,1,1780.404,1048576,312380,2,equal,2,539.493,3172264,3172244,0,ad01f9fd604fd85ecd35b4c7ab437bdfd39482db67938c12a4ef969fbb183790,1767.827,12.577,3076824,3076824,0,1,0,20,ESP32/cnn_tflite_esp32/reports/20261008T215503505222Z/report.csv,29284
A0157.raw,1,255,0,1,1,1,1783.185,1048576,312380,2,equal,2,527.743,3172264,3172244,0,f3f18613a6d78b06bc40c650436fe87175e645bfcc9e91c1d03b2ff6da363093,1770.730,12.455,3076824,3076824,0,1,0,20,ESP32/cnn_tflite_esp32/reports/20261008T215503505222Z/report.csv,29284
A0158.raw,1,255,0,1,1,1,1781.188,1048576,312380,2,equal,2,514.756,3172264,3172244,0,6efc21e3785d95967db25c06d4f469109d113ca1fc485a8171a93d7ce6120525,1769.246,11.942,3076824,3076824,0,1,0,20,ESP32/cnn_tflite_esp32/reports/20261008T215503505222Z/report.csv,29284
A0159.raw,1,255,0,1,1,1,1781.249,1048576,312380,2,equal,2,555.853,3172264,3172244,0,397efa60b8e695df59c1e8d4d196c8f56cc3f646b58dfd111890d35c3f807953,1769.642,11.607,3076824,3076824,0,1,0,20,ESP32/cnn_tflite_esp32/reports/20261008T215503505222Z/report.csv,29284
A0160.raw,1,255,0,1,1,1,1781.67,1048576,312380,2,equal,2,500.552,3172264,3172264,0,a734760833edc92ebb2cfd763ee3712173fc9e52392615ca82f9d9d97b947aef,1769.634,12.036,3076824,3076824,0,1,0,20,ESP32/cnn_tflite_esp32/reports/20261008T215503505222Z/report.csv,29284
A0161.raw,1,255,0,1,1,1,1783.047,1048576,312380,2,equal,2,508.523,3172264,3172264,0,932a03fb59a23dfa11836e2e99c7403610a7ce03b26591acf83caf40d4fe4295,1771.075,11.972,3076824,3076824,0,1,0,20,ESP32/cnn_tflite_esp32/reports/20261008T215503505222Z/report.csv,29284
A0162.raw,1,255,0,1,1,1,1781.176,1048576,312380,2,equal,2,523.935,3172264,3172244,0,5f32470115e7078e4f07becb8a76697fb9060c203d1f56ae514ac7d64a78a229,1769.339,11.837,3076824,3076824,0,1,0,20,ESP32/cnn_tflite_esp32/reports/20261008T215503505222Z/report.csv,29284
A0163.raw,1,255,0,1,1,1,1782.961,1048576,312380,2,equal,2,496.399,3172264,3172264,0,1e7d223c5b9f4522e5ca7618ee9032b22b6d9f77bb814a584762c53c42aeb8ff,1771.250,11.711,3076824,3076824,0,1,0,20,ESP32/cnn_tflite_esp32/reports/20261008T215503505222Z/report.csv,29284
A0164.raw,1,255,0,1,1,1,1778.676,1048576,312380,2,equal,2,491.269,3172264,3172264,0,20a9a80c96d207f4876b7159043d02f32a8bbf521cc3f4ee1ca87b2c6610134b,1766.999,11.677,3076824,3076824,0,1,0,20,ESP32/cnn_tflite_esp32/reports/20261008T215503505222Z/report.csv,29284
A0165.raw,1,255,0,1,1,1,1781.208,1048576,312380,2,equal,2,525.348,3172264,3172244,0,018bdc7322b2de870d6e92cc8c748821b016ea4828935eeed7bb3be027ab79fc,1769.557,11.651,3076824,3076824,0,1,0,20,ESP32/cnn_tflite_esp32/reports/20261008T215503505222Z/report.csv,29284
A0166.raw,1,255,0,1,1,1,1780.985,1048576,312380,2,equal,2,502.673,3172264,3172264,0,3507fbd1560bc0bbcdf132d094aff5946cc2a8075129b5941ee05d27e611ff84,1769.414,11.571,3076824,3076824,0,1,0,20,ESP32/cnn_tflite_esp32/reports/20261008T215503505222Z/report.csv,29284
A0167.raw,1,255,0,1,1,1,1782.286,1048576,312380,2,equal,2,510.646,3172264,3172264,0,e2664c4640313d8ce4fe96a75516fd6f54e82f92b2fba18ce623d751ae87dca8,1770.608,11.678,3076824,3076824,0,1,0,20,ESP32/cnn_tflite_esp32/reports/20261008T215503505222Z/report.csv,29284
A0168.raw,1,255,0,1,1,1,1780.401,1048576,312380,2,equal,2,543.726,3172264,3172244,0,b978bcd3851093c4d6f2fcc981c1bd6c30ea92253d01cbafd8f06374e8f13f66,1768.736,11.665,3076824,3076824,0,1,0,20,ESP32/cnn_tflite_esp32/reports/20261008T215503505222Z/report.csv,29284
A0169.raw,1,255,0,1,1,1,1779.619,1048576,312380,2,equal,2,514.294,3172264,3172244,0,65021268a2acd5a5fbcace7203894823cef3195d39e94d0208438052a35536b1,1768.047,11.572,3076824,3076824,0,1,0,20,ESP32/cnn_tflite_esp32/reports/20261008T215503505222Z/report.csv,29284
A0170.raw,1,255,0,1,1,1,1780.84,1048576,312380,2,equal,2,523.550,3172264,3172244,0,87664a4e520f7a98c8d02073c0c99cd19021b8430f056ea942224ed872e1242b,1769.264,11.576,3076824,3076824,0,1,0,20,ESP32/cnn_tflite_esp32/reports/20261008T215503505222Z/report.csv,29284
A0171.raw,1,255,0,1,1,1,1780.113,1048576,312380,2,equal,2,494.483,3139496,3139496,0,bc9357c586cacc268ebc5c418f8787b84636b34e6af114b2d11eaed61d211ecb,1768.225,11.888,3044056,3044056,0,1,0,20,ESP32/cnn_tflite_esp32/reports/20261008T215503505222Z/report.csv,29284
A0172.raw,1,255,0,1,1,1,1782,1048576,312380,2,equal,2,527.924,3139496,3139476,0,a8e03cc0f9432b30b4ffc7daa351c67123fa53f05b0e7925aa8bc2a2a2edef10,1769.323,12.677,3044056,3044056,0,1,0,20,ESP32/cnn_tflite_esp32/reports/20261008T215503505222Z/report.csv,29284
A0173.raw,1,255,0,1,1,1,1782.927,1048576,312380,2,equal,2,513.045,3139496,3139472,0,5d2cd6a2f45d55b1e50a3d0245d9e7760776e9515db00ca6aa7910cd6c9f10da,1771.199,11.728,3044056,3044056,0,1,0,20,ESP32/cnn_tflite_esp32/reports/20261008T215503505222Z/report.csv,29284
A0174.raw,1,255,0,1,1,1,1782.159,1048576,312380,2,equal,2,498.926,3139496,3139496,0,a76d2a8d571f7c05767895460db0bf3b6a28d46f8fbed94edbf2fe900b2836e9,1770.543,11.616,3044056,3044056,0,1,0,20,ESP32/cnn_tflite_esp32/reports/20261008T215503505222Z/report.csv,29284
A0175.raw,1,255,0,1,1,1,1781.619,1048576,312380,2,equal,2,546.203,3139496,3139476,0,c41352f80e0d4bbf1692389afb893d327a0427a0b647794841096022b5289d29,1769.979,11.640,3044056,3044056,0,1,0,20,ESP32/cnn_tflite_esp32/reports/20261008T215503505222Z/report.csv,29284
A0176.raw,1,255,0,1,1,1,1784.539,1048576,312380,2,equal,2,506.236,3139496,3139476,0,197f93c6b8543043e507d301a96252e3756b8085dd487b5e7871f295cb2e5086,1772.822,11.717,3044056,3044056,0,1,0,20,ESP32/cnn_tflite_esp32/reports/20261008T215503505222Z/report.csv,29284
A0177.raw,1,255,0,1,1,1,1781.018,1048576,312380,2,equal,2,513.954,3139496,3139476,0,611df8fdb5d8cd746daa4259976fc8c391079b851aa4c7114607fd54ed337cc0,1769.414,11.604,3044056,3044056,0,1,0,20,ESP32/cnn_tflite_esp32/reports/20261008T215503505222Z/report.csv,29284
A0178.raw,1,255,0,1,1,1,1781.066,1048576,312380,2,equal,2,509.048,3139496,3139496,0,0b0f9c0cbe582ccd914da0a78cf86540a58421c9cbdbfab14e8a477d0abfd8ec,1769.423,11.643,3044056,3044056,0,1,0,20,ESP32/cnn_tflite_esp32/reports/20261008T215503505222Z/report.csv,29284
A0179.raw,1,255,0,1,1,1,1781.111,1048576,312380,2,equal,2,524.607,3139496,3139476,0,cad21aaf0a0d25811eb1566708801fa49bbbc970c94fd34e58281ab9b53ace96,1769.456,11.655,3044056,3044056,0,1,0,20,ESP32/cnn_tflite_esp32/reports/20261008T215503505222Z/report.csv,29284
A0180.raw,1,255,0,1,1,1,1779.842,1048576,312380,2,equal,2,517.359,3139496,3139476,0,de446e9b6067c77c53cad3e672035b002586b61b975d0fff920d059484bfeb08,1768.194,11.648,3044056,3044056,0,1,0,20,ESP32/cnn_tflite_esp32/reports/20261008T215503505222Z/report.csv,29284
A0181.raw,1,255,0,1,1,1,1780.989,1048576,312380,2,equal,2,555.726,3139496,3139476,0,2261e0e665566a22ae402f92bfb387a79027a51cf2e54f918ca0b7f3973da90c,1769.376,11.613,3044056,3044056,0,1,0,20,ESP32/cnn_tflite_esp32/reports/20261008T215503505222Z/report.csv,29284
A0182.raw,1,255,0,1,1,1,1782.694,1048576,312380,2,equal,2,513.326,3139496,3139476,0,9374459142de9f563fd168efe1bb585e1046bb5e8fd01e83fb5870442d577d09,1771.088,11.606,3044056,3044056,0,1,0,20,ESP32/cnn_tflite_esp32/reports/20261008T215503505222Z/report.csv,29284
A0183.raw,1,255,0,1,1,1,1783.307,1048576,312380,2,equal,2,534.845,3139496,3139476,0,534496e1754d37617e1c9196a941615017639bc9277e508ed0bce2ea8adf246a,1771.687,11.620,3044056,3044056,0,1,0,20,ESP32/cnn_tflite_esp32/reports/20261008T215503505222Z/report.csv,29284
A0184.raw,1,255,0,1,1,1,1782.528,1048576,312380,2,equal,2,503.477,3139496,3139496,0,31ec8b4399d5fe653bda7cf4c848a56ebeeeeddfa62e99ca3d0c730a5b28a852,1770.838,11.690,3044056,3044056,0,1,0,20,ESP32/cnn_tflite_esp32/reports/20261008T215503505222Z/report.csv,29284
A0185.raw,1,255,0,1,1,1,1782.844,1048576,312380,2,equal,2,535.416,3139496,3139476,0,e5965c002887a04b5c5d6721ed1102a721db32a8bb8ab13421e9b87adfa84790,1771.190,11.654,3044056,3044056,0,1,0,20,ESP32/cnn_tflite_esp32/reports/20261008T215503505222Z/report.csv,29284
A0188.raw,1,255,0,1,1,1,1780.531,1048576,312380,2,equal,2,667.367,3139496,3139476,0,f4ed287144b952b9324aba7ec05f0a39d3ac367f3d90c5cf1207d6cf32e87f8b,1768.879,11.652,3044056,3044056,0,1,0,20,ESP32/cnn_tflite_esp32/reports/20261008T215503505222Z/report.csv,29284
A0189.raw,1,255,0,1,1,1,1781.364,1048576,312380,2,equal,2,521.331,3139496,3139476,0,2e7e68ebd211949b49425e57ade2b71549f263a6e6a075b4f8cd39f539f42949,1769.668,11.696,3044056,3044056,0,1,0,20,ESP32/cnn_tflite_esp32/reports/20261008T215503505222Z/report.csv,29284
A0190.raw,1,255,0,1,1,1,1782.445,1048576,312380,2,equal,2,514.562,3139496,3139476,0,5d08c4b86da2d96096bfc570be2e42e06f8aebe1c117841af0aa6e78f6fac024,1770.819,11.626,3044056,3044056,0,1,0,20,ESP32/cnn_tflite_esp32/reports/20261008T215503505222Z/report.csv,29284
A0191.raw,1,255,0,1,1,1,1783.425,1048576,312380,2,equal,2,514.893,3139496,3139476,0,287e6e88d0d11b5783170712228b1feafe7919a717a11a96a1a2d090ed724415,1771.006,12.419,3044056,3044056,0,1,0,20,ESP32/cnn_tflite_esp32/reports/20261008T215503505222Z/report.csv,29284
A0192.raw,1,255,0,1,1,1,1781.287,1048576,312380,2,equal,2,538.528,3139496,3139476,0,f829c82e7042897643cb445a79cef5f82e0c4661701abdc6ff4d335ae4c4f7d9,1769.599,11.688,3044056,3044056,0,1,0,20,ESP32/cnn_tflite_esp32/reports/20261008T215503505222Z/report.csv,29284
A0193.raw,1,255,0,1,1,1,1780.783,1048576,312380,2,equal,2,522.410,3139496,3139472,0,c9eb31f5ccc67bd67cda84ae736e1299af6458bf1084820232b286533fb76a7a,1769.136,11.647,3044056,3044056,0,1,0,20,ESP32/cnn_tflite_esp32/reports/20261008T215503505222Z/report.csv,29284
A0194.raw,1,255,0,1,1,1,1782.656,1048576,312380,2,equal,2,582.347,3139496,3139476,0,0d4265b8e66c48202e117ed2302f7d8d8b1cffc2b9614a66157b85c73d5d9442,1770.995,11.661,3044056,3044056,0,1,0,20,ESP32/cnn_tflite_esp32/reports/20261008T215503505222Z/report.csv,29284
A0195.raw,1,255,0,1,1,1,1776.179,1048576,312380,2,equal,2,593.057,3139496,3139476,0,1028d9071b59d920dc4368a31df20e7ceca3f76ba106ba2c408033ef37bb26f3,1764.515,11.664,3044056,3044056,0,1,0,20,ESP32/cnn_tflite_esp32/reports/20261008T215503505222Z/report.csv,29284
A0196.raw,1,255,0,1,1,1,1784.101,1048576,312380,2,equal,2,559.792,3139496,3139476,0,5d8dd4742d5b0e12efbfb04761f872deaa5bfa2485ca72db853554847785b88e,1772.337,11.764,3044056,3044056,0,1,0,20,ESP32/cnn_tflite_esp32/reports/20261008T215503505222Z/report.csv,29284
A0197.raw,1,255,0,1,1,1,1786.225,1048576,312380,2,equal,2,553.661,3139496,3139476,0,300ebf62e845fa7402b54d6d4b37f16c4b5eb39cf409b580220e7706b57c71fa,1774.645,11.580,3044056,3044056,0,1,0,20,ESP32/cnn_tflite_esp32/reports/20261008T215503505222Z/report.csv,29284
A0198.raw,1,255,0,1,1,1,1781.745,1048576,312380,2,equal,2,527.440,3139496,3139472,0,f50b9291abb8b9731f5f58af5b2163a83ea6ba5cbbbf8b91f37a54c5c2121e40,1770.073,11.672,3044056,3044056,0,1,0,20,ESP32/cnn_tflite_esp32/reports/20261008T215503505222Z/report.csv,29284
A0199.raw,1,255,0,1,1,1,1781.407,1048576,312380,2,equal,2,523.177,3139496,3139476,0,8e1c86557dee856697d3b23cc90b31617228b5108a7e865b20ab66c683e09690,1769.821,11.586,3044056,3044056,0,1,0,20,ESP32/cnn_tflite_esp32/reports/20261008T215503505222Z/report.csv,29284
A0200.raw,1,255,0,1,1,1,1784.27,1048576,312380,2,equal,2,507.819,3139496,3139476,0,480cb72139f8cf8aacb83ad68c53d319a980ad567c713b08711263b9b9c668b3,1771.865,12.405,3044056,3044056,0,1,0,20,ESP32/cnn_tflite_esp32/reports/20261008T215503505222Z/report.csv,29284
A0201.raw,1,255,0,1,1,1,1783.783,1048576,312380,2,equal,2,525.888,3139496,3139476,0,957de75c8e473ef1c95129231b9ce717a1f594be746d6124f7d2c13d96fe9e80,1771.566,12.217,3044056,3044056,0,1,0,20,ESP32/cnn_tflite_esp32/reports/20261008T215503505222Z/report.csv,29284
A0202.raw,1,255,0,1,1,1,1783.419,1048576,312380,2,equal,2,507.864,3139496,3139476,0,409d541ddd5f984715474e01a7537babac0804ec896dbf1b737f8f8a5eebc0bb,1771.477,11.942,3044056,3044056,0,1,0,20,ESP32/cnn_tflite_esp32/reports/20261008T215503505222Z/report.csv,29284
A0203.raw,1,255,0,1,1,1,1783.264,1048576,312380,2,equal,2,507.456,3139496,3139496,0,fe954f57701107a5ed4bb895a9e25aff1c3c18b907e35382454d02b55301b1bd,1771.492,11.772,3044056,3044056,0,1,0,20,ESP32/cnn_tflite_esp32/reports/20261008T215503505222Z/report.csv,29284
A0204.raw,1,255,0,1,1,1,1783.417,1048576,312380,2,equal,2,549.311,3139492,3139476,0,0e85da3be3f6a55ab22d728c2593d24ec4d8fd24f47ea07b585edaa90b41f7a2,1771.374,12.043,3044056,3044056,0,1,0,20,ESP32/cnn_tflite_esp32/reports/20261008T215503505222Z/report.csv,29284
A0205.raw,1,255,0,1,1,1,1783.147,1048576,312380,2,equal,2,517.401,3139492,3139472,0,1f7c25a94c64da53b1850be7f63e9e997d671f258f51ed172be08f6da4cdc398,1770.731,12.416,3044056,3044056,0,1,0,20,ESP32/cnn_tflite_esp32/reports/20261008T215503505222Z/report.csv,29284
A0206.raw,1,255,0,1,1,1,1781.514,1048576,312380,2,equal,2,546.999,3139492,3139472,0,f3851b8f5c9796cbb04823b3f4a0244ec0177fd1da166a79ca01fc97ec470915,1769.869,11.645,3044056,3044056,0,1,0,20,ESP32/cnn_tflite_esp32/reports/20261008T215503505222Z/report.csv,29284
A0207.raw,1,255,0,1,1,1,1781.979,1048576,312380,2,equal,2,503.851,3139492,3139492,0,77ce8f8f8f4b7c26603957edfd08f6f174f94527296c6ad3ff758609d0812dc3,1770.402,11.577,3044056,3044056,0,1,0,20,ESP32/cnn_tflite_esp32/reports/20261008T215503505222Z/report.csv,29284
A0208.raw,1,255,0,1,1,1,1783.085,1048576,312380,2,equal,2,491.192,3139492,3139492,0,b2946e8065abc747402462b9df5d5f1f3dd5963ddaeefebdd04a4b82f24357fe,1771.335,11.750,3044056,3044056,0,1,0,20,ESP32/cnn_tflite_esp32/reports/20261008T215503505222Z/report.csv,29284
A0209.raw,1,255,0,1,1,1,1780.339,1048576,312380,2,equal,2,502.034,3139492,3139492,0,19085abf5bf8035dc63137f0dca58bc023f98330d6b8c467c6f12e839981c03d,1768.670,11.669,3044056,3044056,0,1,0,20,ESP32/cnn_tflite_esp32/reports/20261008T215503505222Z/report.csv,29284
A0210.raw,1,255,0,1,1,1,1780.785,1048576,312380,2,equal,2,515.303,3139492,3139472,0,acf1504f98cdc809d22375b2a66b956a93345ed2da263f13559dbe00304cb0dc,1769.125,11.660,3044056,3044056,0,1,0,20,ESP32/cnn_tflite_esp32/reports/20261008T215503505222Z/report.csv,29284
A0211.raw,1,255,0,1,1,1,1781.057,1048576,312380,2,equal,2,501.966,3139492,3139492,0,04d46440b71290f93cc6b40404bc3bc8ccaab57341bc8c9179566687ece825c5,1769.452,11.605,3044056,3044056,0,1,0,20,ESP32/cnn_tflite_esp32/reports/20261008T215503505222Z/report.csv,29284
A0212.raw,1,255,0,1,1,1,1782.375,1048576,312380,2,equal,2,476.509,3139492,3139472,0,12d798d31734e8eaa49ba95cfe9b313bdf124b38a9530f2ccf8737ed1ae7918e,1770.659,11.716,3044056,3044056,0,1,0,20,ESP32/cnn_tflite_esp32/reports/20261008T215503505222Z/report.csv,29284
A0213.raw,1,255,0,1,1,1,1783.6,1048576,312380,2,equal,2,541.096,3139492,3139472,0,657bb7be1cfa61be871a9a315aed66a01630cc82a72f6e5031164a568eaacaa6,1771.170,12.430,3044056,3044056,0,1,0,20,ESP32/cnn_tflite_esp32/reports/20261008T215503505222Z/report.csv,29284
A0214.raw,1,255,0,1,1,1,1781.24,1048576,312380,2,equal,2,535.824,3139492,3139480,0,4f9577d289e403ab5cfedf392e5f0f43d690f4bc4895f9f5d5f3ab9be1da172e,1769.652,11.588,3044056,3044056,0,1,0,20,ESP32/cnn_tflite_esp32/reports/20261008T215503505222Z/report.csv,29284
A0215.raw,1,255,0,1,1,1,1781.05,1048576,312380,2,equal,2,526.358,3139492,3139472,0,ca2e933e6340f4474758866cae35039094e4d86595a8bb3118b8115e80639fd0,1769.388,11.662,3044056,3044056,0,1,0,20,ESP32/cnn_tflite_esp32/reports/20261008T215503505222Z/report.csv,29284
A0216.raw,1,255,0,1,1,1,1780.829,1048576,312380,2,equal,2,534.913,3139492,3139472,0,119b6f07237caab087d696aaea85ef1dc15565fe11403ca6c79f27ad098f2b6d,1769.184,11.645,3044056,3044056,0,1,0,20,ESP32/cnn_tflite_esp32/reports/20261008T215503505222Z/report.csv,29284
A0217.raw,1,255,0,1,1,1,1780.274,1048576,312380,2,equal,2,572.532,3139492,3139472,0,81015de90e9331e499683a845c9a27072bd67d343a31162cec5ceece32e512c2,1768.684,11.590,3044056,3044056,0,1,0,20,ESP32/cnn_tflite_esp32/reports/20261008T215503505222Z/report.csv,29284
A0218.raw,1,255,0,1,1,1,1781.11,1048576,312380,2,equal,2,574.689,3139492,3139472,0,b6c9ae4bacca67e0e094f6bca642d8172cf4971dde3b69a871f9daba7f29ff04,1769.461,11.649,3044056,3044056,0,1,0,20,ESP32/cnn_tflite_esp32/reports/20261008T215503505222Z/report.csv,29284
A0219.raw,1,255,0,1,1,1,1781.232,1048576,312380,2,equal,2,535.844,3139492,3139472,0,491e1a84796fb053323e292e54095c095d0103493667aa5b72b3f4a4a41f796a,1769.581,11.651,3044056,3044056,0,1,0,20,ESP32/cnn_tflite_esp32/reports/20261008T215503505222Z/report.csv,29284
A0220.raw,1,255,0,1,1,1,1779.71,1048576,312380,2,equal,2,552.212,3139492,3139472,0,df8d536e266b19dfc33b58ef76744600f07853fc034976ebbbd2517f14aa7030,1768.014,11.696,3044056,3044056,0,1,0,20,ESP32/cnn_tflite_esp32/reports/20261008T215503505222Z/report.csv,29284
A0222.raw,1,255,0,1,1,1,1780.395,1048576,312380,2,equal,2,593.180,3139492,3139472,0,b69f00972183f3665ef7b18f3b90d2dc313c22d61c03c62862a1d20040e3bb2a,1768.780,11.615,3044056,3044056,0,1,0,20,ESP32/cnn_tflite_esp32/reports/20261008T215503505222Z/report.csv,29284
A0223.raw,1,255,0,1,1,1,1779.935,1048576,312380,2,equal,2,515.092,3139492,3139476,0,9769d03bfcfaf329af8aed4362e71ec151fe87282d366deae564aa912c2b9770,1768.246,11.689,3044056,3044056,0,1,0,20,ESP32/cnn_tflite_esp32/reports/20261008T215503505222Z/report.csv,29284
A0224.raw,1,255,0,1,1,1,1781.738,1048576,312380,2,equal,2,510.052,3139492,3139472,0,238b5552740847007ba3c553b63c9a83746fe4bcef7b7a6f3cdf81d139dbd9f7,1770.039,11.699,3044056,3044056,0,1,0,20,ESP32/cnn_tflite_esp32/reports/20261008T215503505222Z/report.csv,29284
A0225.raw,1,255,0,1,1,1,1777.925,1048576,312380,2,equal,2,502.561,3139492,3139492,0,5c386cf1ed363ab8ae0cb6fa43057a7191059e39345c5696522b9499a48a8a2f,1765.973,11.952,3044056,3044056,0,1,0,20,ESP32/cnn_tflite_esp32/reports/20261008T215503505222Z/report.csv,29284
A0226.raw,1,255,0,1,1,1,1783.028,1048576,312380,2,equal,2,533.259,3139492,3139472,0,6df6d652617aaeca6e0956975ae4edfe74b5e1ce105487706bc37b3fed136855,1770.433,12.595,3044056,3044056,0,1,0,20,ESP32/cnn_tflite_esp32/reports/20261008T215503505222Z/report.csv,29284
A0227.raw,1,255,0,1,1,1,1782.707,1048576,312380,2,equal,2,512.311,3139492,3139472,0,4f3d988005176f5421550e5a7d8825856541deed3b50325baf3b410c1c66b2c4,1770.764,11.943,3044056,3044056,0,1,0,20,ESP32/cnn_tflite_esp32/reports/20261008T215503505222Z/report.csv,29284
A0228.raw,1,255,0,1,1,1,1782.742,1048576,312380,2,equal,2,525.850,3139492,3139472,0,6890af9f08e02f857696dbf136828b601d0ba2a57d7eeec35b44047234bb2098,1770.758,11.984,3044056,3044056,0,1,0,20,ESP32/cnn_tflite_esp32/reports/20261008T215503505222Z/report.csv,29284
A0229.raw,1,255,0,1,1,1,1782.742,1048576,312380,2,equal,2,513.719,3139492,3139472,0,b15ed017f3bd9794bef051a396c1d05405bd46e693e5f554c419785fb74dca59,1771.125,11.617,3044056,3044056,0,1,0,20,ESP32/cnn_tflite_esp32/reports/20261008T215503505222Z/report.csv,29284
A0230.raw,1,255,0,1,1,1,1785.796,1048576,312380,2,equal,2,518.963,3139496,3139472,0,bd11e0fbabaa4cc20080baa1287be55ee5e1e15aa387ada6ab3b6425c36ec815,1774.101,11.695,3044056,3044056,0,1,0,20,ESP32/cnn_tflite_esp32/reports/20261008T215503505222Z/report.csv,29284
A0231.raw,1,255,0,1,1,1,1782.709,1048576,312380,2,equal,2,528.392,3139496,3139476,0,9d75364daee6d80e268c486188ad0fdaab0024f9e4eaaa9c28a37b131afd3001,1770.812,11.897,3044056,3044056,0,1,0,20,ESP32/cnn_tflite_esp32/reports/20261008T215503505222Z/report.csv,29284
A0232.raw,1,255,0,1,1,1,1782.649,1048576,312380,2,equal,2,516.220,3139496,3139476,0,8f88c72ba5eecbc548807bac2d4edbd421c92a445849633df8f954c2bbb2683a,1770.967,11.682,3044056,3044056,0,1,0,20,ESP32/cnn_tflite_esp32/reports/20261008T215503505222Z/report.csv,29284
A0233.raw,1,255,0,1,1,1,1782.111,1048576,312380,2,equal,2,507.691,3139496,3139496,0,3bb1b565733be46669447c0e6c32db54b59b40b1698c4b129068a3850a0f3bf5,1770.427,11.684,3044056,3044056,0,1,0,20,ESP32/cnn_tflite_esp32/reports/20261008T215503505222Z/report.csv,29284
A0234.raw,1,255,0,1,1,1,1780.352,1048576,312380,2,equal,2,513.803,3139496,3139476,0,7c63425d706cfd0460e79b272727aa70681533da41d95994c3555a5121ef5157,1768.706,11.646,3044056,3044056,0,1,0,20,ESP32/cnn_tflite_esp32/reports/20261008T215503505222Z/report.csv,29284
A0235.raw,1,255,0,1,1,1,1783.311,1048576,312380,2,equal,2,528.122,3139496,3139476,0,c3d87ce6b1b6adac0b8ae1ece13f98cf1f611f39f9290bd9b851a255d09dc3a4,1771.729,11.582,3044056,3044056,0,1,0,20,ESP32/cnn_tflite_esp32/reports/20261008T215503505222Z/report.csv,29284
A0236.raw,1,255,0,1,1,1,1781.382,1048576,312380,2,equal,2,487.498,3139496,3139476,0,fae79b898b85e83aeaf506f226009dc3dd8162954c2fe46ff3263410a4ad6e26,1769.672,11.710,3044056,3044056,0,1,0,20,ESP32/cnn_tflite_esp32/reports/20261008T215503505222Z/report.csv,29284
A0237.raw,1,255,0,1,1,1,1780.674,1048576,312380,2,equal,2,540.139,3139496,3139476,0,3ffd66d3bb5468af888da82c70f32cdcd1129a568e656101fe5cd1296e43eb45,1769.079,11.595,3044056,3044056,0,1,0,20,ESP32/cnn_tflite_esp32/reports/20261008T215503505222Z/report.csv,29284
A0238.raw,1,255,0,1,1,1,1779.9,1048576,312380,2,equal,2,502.704,3139496,3139496,0,12fdcf4b0e764268fe9c440573fda6c796e2f52f7f380578a77d43a8e65f80fe,1768.303,11.597,3044056,3044056,0,1,0,20,ESP32/cnn_tflite_esp32/reports/20261008T215503505222Z/report.csv,29284
A0239.raw,1,255,0,1,1,1,1781.457,1048576,312380,2,equal,2,516.208,3139496,3139476,0,aa7858d9030b4f23e41883ad7b9dc3d14d4ed6772513a342dd0a66dc6fd78cf8,1769.829,11.628,3044056,3044056,0,1,0,20,ESP32/cnn_tflite_esp32/reports/20261008T215503505222Z/report.csv,29284
A0240.raw,1,255,0,1,1,1,1783.23,1048576,312380,2,equal,2,509.471,3139496,3139476,0,a36e520d84d2eb3dfa48d1056db0284329231685688325ea81b01a5fda1d8b62,1770.886,12.344,3044056,3044056,0,1,0,20,ESP32/cnn_tflite_esp32/reports/20261008T215503505222Z/report.csv,29284
A0241.raw,1,255,0,1,1,1,1781.718,1048576,312380,2,equal,2,512.100,3139496,3139476,0,ef505dea562d3f05df0a3d816482bd4e061606520d1f15df6ddccb2433f56c0e,1769.804,11.914,3044056,3044056,0,1,0,20,ESP32/cnn_tflite_esp32/reports/20261008T215503505222Z/report.csv,29284
A0242.raw,1,255,0,1,1,1,1782.227,1048576,312380,2,equal,2,509.726,3139496,3139476,0,f4be2428e77baaa54516f1c57cd312ebb597ce3ed844fdb36a7b36139c736c02,1770.597,11.630,3044056,3044056,0,1,0,20,ESP32/cnn_tflite_esp32/reports/20261008T215503505222Z/report.csv,29284
A0243.raw,1,255,0,1,1,1,1781.516,1048576,312380,2,equal,2,496.385,3139496,3139496,0,8c5bda67bb3028375b0b7fc0ceddd8d8abf16ae6077a3decd9c00c97dbd3120f,1769.864,11.652,3044056,3044056,0,1,0,20,ESP32/cnn_tflite_esp32/reports/20261008T215503505222Z/report.csv,29284
A0244.raw,1,255,0,1,1,1,1780.449,1048576,312380,2,equal,2,898.605,3139496,3139476,0,8452bf6265f7576ec70653eb9d014cb33e336c7f4214662817f1c4702da0c9db,1768.869,11.580,3044056,3044056,0,1,0,20,ESP32/cnn_tflite_esp32/reports/20261008T215503505222Z/report.csv,29284
A0245.raw,1,255,0,1,1,1,1779.934,1048576,312380,2,equal,2,522.971,3139496,3139476,0,4f0c434a63dab51553383ccf243941afe8dbdc0ba0eebcc20eb0c5ae3d3ef2c3,1768.283,11.651,3044056,3044056,0,1,0,20,ESP32/cnn_tflite_esp32/reports/20261008T215503505222Z/report.csv,29284
A0246.raw,1,255,0,1,1,1,1786.19,1048576,312380,2,equal,2,504.093,3139496,3139496,0,2773cbe383298bc3977fd875dc8b2afa9408c33387cdfbb7783f53eaae0464fe,1773.872,12.318,3044056,3044056,0,1,0,20,ESP32/cnn_tflite_esp32/reports/20261008T215503505222Z/report.csv,29284
A0247.raw,1,255,0,1,1,1,1783.111,1048576,312380,2,equal,2,527.025,3139496,3139476,0,a0a66d108911e102610dbf719b2fc128b08ce38588975fd5ddfd7c8d7cfc4cc0,1771.508,11.603,3044056,3044056,0,1,0,20,ESP32/cnn_tflite_esp32/reports/20261008T215503505222Z/report.csv,29284
A0248.raw,1,255,0,1,1,1,1781.129,1048576,312380,2,equal,2,562.521,3139496,3139476,0,97e52d4360c502f439a86eed8f899c2f6f4cc9aa10efaaab59018e46ff02dc57,1769.548,11.581,3044056,3044056,0,1,0,20,ESP32/cnn_tflite_esp32/reports/20261008T215503505222Z/report.csv,29284
A0249.raw,1,255,0,1,1,1,1781.756,1048576,312380,2,equal,2,583.585,3139496,3139476,0,b870522e50d6d338c1da69f73f9c6d5c410f251cfe13115d0a7bf058303fcd10,1770.062,11.694,3044056,3044056,0,1,0,20,ESP32/cnn_tflite_esp32/reports/20261008T215503505222Z/report.csv,29284
A0250.raw,1,255,0,1,1,1,1780.574,1048576,312380,2,equal,2,502.116,3139496,3139496,0,32e6417a3659a15aca8eae0d572473acb9074ba802bcedf80ac3501f96d9fe67,1768.658,11.916,3044056,3044056,0,1,0,20,ESP32/cnn_tflite_esp32/reports/20261008T215503505222Z/report.csv,29284
A0252.raw,1,255,0,1,1,1,1783.024,1048576,312380,2,equal,2,519.604,3139496,3139476,0,bd73fe74b9f69d045283fa07685f72250a4b3ef29909dfbc9b1a2a565c900059,1771.277,11.747,3044056,3044056,0,1,0,20,ESP32/cnn_tflite_esp32/reports/20261008T215503505222Z/report.csv,29284
A0253.raw,1,255,0,1,1,1,1783.342,1048576,312380,2,equal,2,514.140,3139496,3139476,0,8794a2413c0a68072c0cc0570526480dd63b17a302cca54b753ba013893d8f27,1771.616,11.726,3044056,3044056,0,1,0,20,ESP32/cnn_tflite_esp32/reports/20261008T215503505222Z/report.csv,29284
A0254.raw,1,255,0,1,1,1,1783.611,1048576,312380,2,equal,2,570.114,3139496,3139476,0,18f65355405c9d9b8199fd3e2ec47072077482f70e5061c9de785b4642444155,1771.975,11.636,3044056,3044056,0,1,0,20,ESP32/cnn_tflite_esp32/reports/20261008T215503505222Z/report.csv,29284
A0255.raw,1,255,0,1,1,1,1782.987,1048576,312380,2,equal,2,500.608,3139496,3139496,0,df53ef3945190c79f7ee20431fd3a000bde09e52e6553b2a079d6fbc6a1a44bb,1770.795,12.192,3044056,3044056,0,1,0,20,ESP32/cnn_tflite_esp32/reports/20261008T215503505222Z/report.csv,29284
A0256.raw,1,255,0,1,1,1,1779.82,1048576,312380,2,equal,2,535.381,3139496,3139476,0,312aed6e365cb7be8330593b0deca59aa75930618f13da6759e5bbe1bd5b8999,1768.203,11.617,3044056,3044056,0,1,0,20,ESP32/cnn_tflite_esp32/reports/20261008T215503505222Z/report.csv,29284
A0257.raw,1,255,0,1,1,1,1779.957,1048576,312380,2,equal,2,556.615,3139496,3139480,0,0235eb9016123c225dad506d9cb4b46eb34ced9ec30f1cdca8d0249d0a70f358,1768.368,11.589,3044056,3044056,0,1,0,20,ESP32/cnn_tflite_esp32/reports/20261008T215503505222Z/report.csv,29284
A0258.raw,1,255,0,1,1,1,1781.086,1048576,312380,2,equal,2,506.277,3139496,3139496,0,8227a0138c030b9df186c1248a6f7cbc710684635de8dddb7b71948888446eec,1769.449,11.637,3044056,3044056,0,1,0,20,ESP32/cnn_tflite_esp32/reports/20261008T215503505222Z/report.csv,29284
A0259.raw,1,255,0,1,1,1,1781.621,1048576,312380,2,equal,2,547.600,3139496,3139476,0,b1b8b59b0acc6ef2e528ff523a6ab7dd257538f85c0c63e64eadd13248978ff1,1770.053,11.568,3044056,3044056,0,1,0,20,ESP32/cnn_tflite_esp32/reports/20261008T215503505222Z/report.csv,29284
A0260.raw,1,255,0,1,1,1,1781.534,1048576,312380,2,equal,2,520.390,3139496,3139476,0,9263d7277ac8327c5f5e19c3c0ab16e324fe2846254be5fe74890e64ea15a82d,1769.931,11.603,3044056,3044056,0,1,0,20,ESP32/cnn_tflite_esp32/reports/20261008T215503505222Z/report.csv,29284
A0261.raw,1,255,0,1,1,1,1780.719,1048576,312380,2,equal,2,517.360,3139496,3139476,0,f741532f8c4f2195d36c486ab2b2899917ae07d85efe3c830455e8e916925383,1769.106,11.613,3044056,3044056,0,1,0,20,ESP32/cnn_tflite_esp32/reports/20261008T215503505222Z/report.csv,29284
A0262.raw,1,255,0,1,1,1,1779.814,1048576,312380,2,equal,2,524.514,3139524,3139496,0,e91de5a46091c5b064d35a49ec5420d2b9faae7dc28e9de2ef65b88865ec854b,1768.187,11.627,3044056,3044056,0,1,0,20,ESP32/cnn_tflite_esp32/reports/20261008T215503505222Z/report.csv,29284
A0263.raw,1,255,0,1,1,1,1781.23,1048576,312380,2,equal,2,548.347,3139524,3139484,0,bd7378212a2731f0266524e2b0f45eeb3aee85724a86db102fc4866da61723f8,1769.576,11.654,3044056,3044056,0,1,0,20,ESP32/cnn_tflite_esp32/reports/20261008T215503505222Z/report.csv,29284
A0264.raw,1,255,0,1,1,1,1781.563,1048576,312380,2,equal,2,583.713,3139524,3139484,0,6c5de3ae26fb0511d7f0912e44a6608d36b3b115ed82573daa1dc0f09aff2862,1769.918,11.645,3044056,3044056,0,1,0,20,ESP32/cnn_tflite_esp32/reports/20261008T215503505222Z/report.csv,29284
A0265.raw,1,255,0,1,1,1,1781.008,1048576,312380,2,equal,2,611.409,3139524,3139484,0,e30e7eaa8f36391ede9d3546242acc23f5a7baa27529a3f5cbcadaaf2dbcf0a1,1769.293,11.715,3044056,3044056,0,1,0,20,ESP32/cnn_tflite_esp32/reports/20261008T215503505222Z/report.csv,29284
A0266.raw,1,255,0,1,1,1,1781.158,1048576,312380,2,equal,2,542.353,3139524,3139484,0,589846ea7968ad6c38170bf717bc7d2ff44d03b9a479dad78deec5463f49030e,1769.462,11.696,3044056,3044056,0,1,0,20,ESP32/cnn_tflite_esp32/reports/20261008T215503505222Z/report.csv,29284
A0267.raw,1,255,0,1,1,1,1781.692,1048576,312380,2,equal,2,553.875,3139524,3139484,0,2f6648e77ffd6d3172ce75cf9ae2bb5ab405a018ec44ddab7bb2ae16e4ae1928,1770.014,11.678,3044056,3044056,0,1,0,20,ESP32/cnn_tflite_esp32/reports/20261008T215503505222Z/report.csv,29284
A0268.raw,1,255,0,1,1,1,1783.321,1048576,312380,2,equal,2,552.417,3139524,3139484,0,5b2be55fcd66791e359ebca7a857e404c0ca4b3765d70da4ede89b49bad773c6,1771.045,12.276,3044056,3044056,0,1,0,20,ESP32/cnn_tflite_esp32/reports/20261008T215503505222Z/report.csv,29284
A0269.raw,1,255,0,1,1,1,1781.009,1048576,312380,2,equal,2,568.684,3139524,3139484,0,77eb995e411046fedcc093ddb4b9034add8083a684a447aaa0f905026c98442b,1769.265,11.744,3044056,3044056,0,1,0,20,ESP32/cnn_tflite_esp32/reports/20261008T215503505222Z/report.csv,29284
A0270.raw,1,255,0,1,1,1,1782.485,1048576,312380,2,equal,2,551.294,3139524,3139484,0,5dcdae0e60625b5b2a9a1994e4a17e3dafdb955a29b30575486d8212e3b21e61,1770.747,11.738,3044056,3044056,0,1,0,20,ESP32/cnn_tflite_esp32/reports/20261008T215503505222Z/report.csv,29284
A0271.raw,1,255,0,1,1,1,1781.993,1048576,312380,2,equal,2,538.498,3139524,3139484,0,290b072cdfd11a1c866822e40e3d12bc77fa1ef8f16d71778f616bfe91af4cff,1770.298,11.695,3044056,3044056,0,1,0,20,ESP32/cnn_tflite_esp32/reports/20261008T215503505222Z/report.csv,29284
A0272.raw,1,255,0,1,1,1,1782.908,1048576,312380,2,equal,2,544.797,3139524,3139484,0,6694ea4e746a908177b0e24d0cb7a3d0a139f9df9fdac3caebcc26da2b8b1422,1770.050,12.858,3044056,3044056,0,1,0,20,ESP32/cnn_tflite_esp32/reports/20261008T215503505222Z/report.csv,29284
A0273.raw,1,255,0,1,1,1,1782.586,1048576,312380,2,equal,2,592.905,3139524,3139484,0,d52bfea6777adc4bd698269d213982c8e10c645a8cdb8bac82fbf632a1677db3,1770.879,11.707,3044056,3044056,0,1,0,20,ESP32/cnn_tflite_esp32/reports/20261008T215503505222Z/report.csv,29284
A0274.raw,1,255,0,1,1,1,1781.078,1048576,312380,2,equal,2,570.932,3139524,3139484,0,e2b54cf0ba2c0b3114e7ccc6765fc9e77813ec26f9f64b58ffe2ec95ae3cd02c,1769.401,11.677,3044056,3044056,0,1,0,20,ESP32/cnn_tflite_esp32/reports/20261008T215503505222Z/report.csv,29284
A0275.raw,1,255,0,1,1,1,1782.48,1048576,312380,2,equal,2,590.961,3139524,3139484,0,db0aba8e8d9bfd98d7bfaba6869f093ce47673e3d9253b2761682c55049336ad,1770.737,11.743,3044056,3044056,0,1,0,20,ESP32/cnn_tflite_esp32/reports/20261008T215503505222Z/report.csv,29284
A0276.raw,1,255,0,1,1,1,1782.655,1048576,312380,2,equal,2,543.366,3139524,3139484,0,b87379a4eb717f7addf645f6a3ea8c276e84a828313e0d44bdeb7feffc170395,1770.170,12.485,3044056,3044056,0,1,0,20,ESP32/cnn_tflite_esp32/reports/20261008T215503505222Z/report.csv,29284
A0277.raw,1,255,0,1,1,1,1780.819,1048576,312380,2,equal,2,531.352,3139524,3139484,0,444f7a6d28830cfd2805f4207fd1371beb4ac02def7dc9caf3500c4ec0274dda,1769.176,11.643,3044056,3044056,0,1,0,20,ESP32/cnn_tflite_esp32/reports/20261008T215503505222Z/report.csv,29284
A0278.raw,1,255,0,1,1,1,1784.069,1048576,312380,2,equal,2,514.732,3139524,3139484,0,0488463e59e31d9e2ab820972e731a25227add43e379fc0b3740df09b6ffa604,1771.610,12.459,3044056,3044056,0,1,0,20,ESP32/cnn_tflite_esp32/reports/20261008T215503505222Z/report.csv,29284
A0279.raw,1,255,0,1,1,1,1781.305,1048576,312380,2,equal,2,531.399,3139524,3139484,0,d44bf125a2876c8228828ef3401bcb7706c01c6dc1bd710bd98bd8f1566ae0a0,1769.625,11.680,3044056,3044056,0,1,0,20,ESP32/cnn_tflite_esp32/reports/20261008T215503505222Z/report.csv,29284
A0280.raw,1,255,0,1,1,1,1782.973,1048576,312380,2,equal,2,513.114,3139524,3139484,0,4203ad818dcb8ac5f491cfd22ba586ec5fe0cbba95096c78f6f534cc0e5fd2d8,1770.604,12.369,3044056,3044056,0,1,0,20,ESP32/cnn_tflite_esp32/reports/20261008T215503505222Z/report.csv,29284
A0284.raw,1,255,0,1,1,1,1783.612,1048576,312380,2,equal,2,521.122,3139524,3139484,0,0282e70e5680485b98c1d7be9ab85e758df872fdb1fe97daff8ef03172767328,1771.094,12.518,3044056,3044056,0,1,0,20,ESP32/cnn_tflite_esp32/reports/20261008T215503505222Z/report.csv,29284
A0285.raw,1,255,0,1,1,1,1784.172,1048576,312380,2,equal,2,502.674,3139516,3139504,0,2dbd9d8cbe3c5211d274224f3628bea92034b0872cf8601a25b5439d2805d731,1772.379,11.793,3044056,3044056,0,1,0,20,ESP32/cnn_tflite_esp32/reports/20261008T215503505222Z/report.csv,29284
A0286.raw,1,255,0,1,1,1,1781.885,1048576,312380,2,equal,2,507.867,3139516,3139496,0,fcd7f36a2a35cff4a646a7e0d058d6f367b46d8e810bee66c046beda88b3bfcb,1770.173,11.712,3044056,3044056,0,1,0,20,ESP32/cnn_tflite_esp32/reports/20261008T215503505222Z/report.csv,29284
A0287.raw,1,255,0,1,1,1,1782.427,1048576,312380,2,equal,2,515.279,3139516,3139476,0,2715c5ae03caf2a0f46f88a14d3e5c3f7e914468b3238958e6e74c34f63fddf8,1770.737,11.690,3044056,3044056,0,1,0,20,ESP32/cnn_tflite_esp32/reports/20261008T215503505222Z/report.csv,29284
A0288.raw,1,255,0,1,1,1,1780.426,1048576,312380,2,equal,2,674.737,3139516,3139476,0,2abfff075ebb6a2e613cc2d83a1800682ea8a95ee870b2b585ad5c85224e8ecf,1768.699,11.727,3044056,3044056,0,1,0,20,ESP32/cnn_tflite_esp32/reports/20261008T215503505222Z/report.csv,29284
A0289.raw,1,255,0,1,1,1,1782.834,1048576,312380,2,equal,2,516.559,3139516,3139496,0,26942205d46386fad3710644dff4f15514261cbf03be4955fadb3c09e7933081,1770.348,12.486,3044056,3044056,0,1,0,20,ESP32/cnn_tflite_esp32/reports/20261008T215503505222Z/report.csv,29284
A0290.raw,1,255,0,1,1,1,1782.962,1048576,312380,2,equal,2,510.269,3139516,3139496,0,ecf6e2dcc2253aedbf280493791958c8ca3753fedfcb1dff7d6ae2e330729c3d,1771.041,11.921,3044056,3044056,0,1,0,20,ESP32/cnn_tflite_esp32/reports/20261008T215503505222Z/report.csv,29284
A0291.raw,1,255,0,1,1,1,1782.755,1048576,312380,2,equal,2,520.508,3139516,3139464,0,b72b720f9918b5e66e86a7fcdfac4d086ee2aca808850812e371b406e405d8b4,1769.876,12.879,3044056,3044056,0,1,0,20,ESP32/cnn_tflite_esp32/reports/20261008T215503505222Z/report.csv,29284
A0292.raw,1,255,0,1,1,1,1778.667,1048576,312380,2,equal,2,557.745,3139516,3139456,0,2c3246627a8c214f2ef3227f19c23c7c6fe554bde80c61327b092c951057124c,1766.914,11.753,3044056,3044056,0,1,0,20,ESP32/cnn_tflite_esp32/reports/20261008T215503505222Z/report.csv,29284
A0293.raw,1,255,0,1,1,1,1781.28,1048576,312380,2,equal,2,502.365,3139516,3139484,0,606248f03e2cfec6c74de25c8d3670040f1b37d956cc7ff93a0220a439231b64,1769.565,11.715,3044056,3044056,0,1,0,20,ESP32/cnn_tflite_esp32/reports/20261008T215503505222Z/report.csv,29284
A0294.raw,1,255,0,1,1,1,1783.559,1048576,312380,2,equal,2,569.658,3139516,3139456,0,c058fd27740d0e8c5590c6bc033b9adfef254b36617148a2a5968e9bad8edee0,1771.891,11.668,3044056,3044056,0,1,0,20,ESP32/cnn_tflite_esp32/reports/20261008T215503505222Z/report.csv,29284
A0295.raw,1,255,0,1,1,1,1779.356,1048576,312380,2,equal,2,510.632,3139516,3139484,0,c33341c1bcff9f526bbff89e609cf228bc9e2863424357715530204b224ac932,1767.727,11.629,3044056,3044056,0,1,0,20,ESP32/cnn_tflite_esp32/reports/20261008T215503505222Z/report.csv,29284
A0296.raw,1,255,0,1,1,1,1780.171,1048576,312380,2,equal,2,505.467,3139516,3139484,0,8666a1a2795b0f1b38e59ce2210427d5bfea46519331777ef8ddf2359a485d0a,1768.498,11.673,3044056,3044056,0,1,0,20,ESP32/cnn_tflite_esp32/reports/20261008T215503505222Z/report.csv,29284
A0297.raw,1,255,0,1,1,1,1780.298,1048576,312380,2,equal,2,530.027,3139516,3139456,0,b7322e7da7374975d4ab3c6ee9084b8661851e10f9fd4aff6edfbb1266fe2e7c,1768.582,11.716,3044056,3044056,0,1,0,20,ESP32/cnn_tflite_esp32/reports/20261008T215503505222Z/report.csv,29284
A0298.raw,1,255,0,1,1,1,1781.515,1048576,312380,2,equal,2,498.373,3139516,3139484,0,7d2b12bc58a4e72b1949900d1dc684640fc4d8f8a98c093aa03a0a107724123c,1769.817,11.698,3044056,3044056,0,1,0,20,ESP32/cnn_tflite_esp32/reports/20261008T215503505222Z/report.csv,29284
A0299.raw,1,255,0,1,1,1,1779.003,1048576,312380,2,equal,2,576.279,3139516,3139456,0,e58273c7a305bb5a27abdcf0f4a5810ef27f18665b47ddef158f0a050b980467,1767.359,11.644,3044056,3044056,0,1,0,20,ESP32/cnn_tflite_esp32/reports/20261008T215503505222Z/report.csv,29284
A0300.raw,1,255,0,1,1,1,1780.899,1048576,312380,2,equal,2,479.221,3139516,3139456,0,b1b5f98ecb5222361fe46a3843e9f2797c3ef6b404d804139c9cf255b94d0a26,1769.341,11.558,3044056,3044056,0,1,0,20,ESP32/cnn_tflite_esp32/reports/20261008T215503505222Z/report.csv,29284
A0301.raw,1,255,0,1,1,1,1780.291,1048576,312380,2,equal,2,528.464,3139516,3139456,0,4a8118b53e0fe9ac48e10d01b93d1734e43033898c4e94dad89f9e0d2dafea87,1768.592,11.699,3044056,3044056,0,1,0,20,ESP32/cnn_tflite_esp32/reports/20261008T215503505222Z/report.csv,29284
A0302.raw,1,255,0,1,1,1,1781.011,1048576,312380,2,equal,2,514.263,3139516,3139484,0,9910013dfb77500c7e062db0847b10d465a1a7228735c375a1d1273397047904,1769.345,11.666,3044056,3044056,0,1,0,20,ESP32/cnn_tflite_esp32/reports/20261008T215503505222Z/report.csv,29284
A0303.raw,1,255,0,1,1,1,1780.261,1048576,312380,2,equal,2,544.149,3139516,3139456,0,9ca5d136385cf5faaa1ce13d1750ca47cd8c7bc31a7b9f9206ba5c03f4bf1fef,1768.628,11.633,3044056,3044056,0,1,0,20,ESP32/cnn_tflite_esp32/reports/20261008T215503505222Z/report.csv,29284
A0304.raw,1,255,0,1,1,1,1780.844,1048576,312380,2,equal,2,507.361,3139516,3139484,0,f24c60258be76bc0938e7c2058d119e5479fe883bb192ab4f6619b8003824097,1769.206,11.638,3044056,3044056,0,1,0,20,ESP32/cnn_tflite_esp32/reports/20261008T215503505222Z/report.csv,29284
A0305.raw,1,255,0,1,1,1,1780.944,1048576,312380,2,equal,2,541.509,3139516,3139456,0,2a6b0d4d212da738fbb41b7054da11eddc660ea9abff4333fbcf5e36db92efed,1769.263,11.681,3044056,3044056,0,1,0,20,ESP32/cnn_tflite_esp32/reports/20261008T215503505222Z/report.csv,29284
A0306.raw,1,255,0,1,1,1,1781.031,1048576,312380,2,equal,2,505.051,3139516,3139484,0,c3cb734b196461f5b762de476d7f7ae3168c47b40e0bfeed0f418dc8415c0e30,1769.387,11.644,3044056,3044056,0,1,0,20,ESP32/cnn_tflite_esp32/reports/20261008T215503505222Z/report.csv,29284
A0307.raw,1,255,0,1,1,1,1782.413,1048576,312380,2,equal,2,569.186,3139516,3139456,0,941ba9282bfef5595352ab84951749005ff4e0f334ca3d9b38341ca651b8bc71,1770.629,11.784,3044056,3044056,0,1,0,20,ESP32/cnn_tflite_esp32/reports/20261008T215503505222Z/report.csv,29284
A0308.raw,1,255,0,1,1,1,1780.797,1048576,312380,2,equal,2,509.548,3139516,3139484,0,d9296db821867d47c8496e50563245ffb44fcbc17cd43a6c010a0ff0f2fe4147,1769.088,11.709,3044056,3044056,0,1,0,20,ESP32/cnn_tflite_esp32/reports/20261008T215503505222Z/report.csv,29284
A0309.raw,1,255,0,1,1,1,1781.776,1048576,312380,2,equal,2,473.075,3139516,3139456,0,954bc45f943b09d0890e3088d62b2efd0eded79e3903b9730d80784777d040b2,1769.353,12.423,3044056,3044056,0,1,0,20,ESP32/cnn_tflite_esp32/reports/20261008T215503505222Z/report.csv,29284
A0310.raw,1,255,0,1,1,1,1783.179,1048576,312380,2,equal,2,539.152,3139516,3139456,0,378665e3f6c46a4435895d3b36db6587f0a8d4da5d1299941d559ffa035fada1,1771.536,11.643,3044056,3044056,0,1,0,20,ESP32/cnn_tflite_esp32/reports/20261008T215503505222Z/report.csv,29284
A0311.raw,1,255,0,1,1,1,1783.145,1048576,312380,2,equal,2,502.088,3139516,3139484,0,8d42f3d10fe50b4419278fe4213771170430fea075688a76092a5cf99e09623a,1770.627,12.518,3044056,3044056,0,1,0,20,ESP32/cnn_tflite_esp32/reports/20261008T215503505222Z/report.csv,29284
A0312.raw,1,255,0,1,1,1,1782.412,1048576,312380,2,equal,2,504.382,3139516,3139484,0,7a7d66f4f3f8eee8815c4ce8d6a41d4b7de4abe29dacbe3e61e42031f2de13ff,1770.286,12.126,3044056,3044056,0,1,0,20,ESP32/cnn_tflite_esp32/reports/20261008T215503505222Z/report.csv,29284
A0313.raw,1,255,0,1,1,1,1782.148,1048576,312380,2,equal,2,641.464,3139516,3139456,0,4bd1d0d52e1278af6e020cddc669428da8c38ea3e1570550364871eb532f18a8,1770.402,11.746,3044056,3044056,0,1,0,20,ESP32/cnn_tflite_esp32/reports/20261008T215503505222Z/report.csv,29284
A0314.raw,1,255,0,1,1,1,1782.713,1048576,312380,2,equal,2,590.359,3139516,3139456,0,daeaeb6ce87288a577b496147b5e59c2904428184f5fbedbeb67670dd2e1e9b4,1770.958,11.755,3044056,3044056,0,1,0,20,ESP32/cnn_tflite_esp32/reports/20261008T215503505222Z/report.csv,29284
A0315.raw,1,255,0,1,1,1,1781.132,1048576,312380,2,equal,2,583.813,3139516,3139456,0,b349a096a4a1cf1089591b238cbcf2bfee48af5a4d7c9de304cf067dd06169d6,1769.433,11.699,3044056,3044056,0,1,0,20,ESP32/cnn_tflite_esp32/reports/20261008T215503505222Z/report.csv,29284
A0316.raw,1,255,0,1,1,1,1781.053,1048576,312380,2,equal,2,514.908,3139516,3139456,0,6edc89b3d2d80a8fd12c9a255de20d9e5cab39d2921cae79264529fab2ac3deb,1769.396,11.657,3044056,3044056,0,1,0,20,ESP32/cnn_tflite_esp32/reports/20261008T215503505222Z/report.csv,29284
A0317.raw,1,255,0,1,1,1,1782.662,1048576,312380,2,equal,2,479.216,3139516,3139456,0,2b9962a00136f7ed3988803f9e2275d2fb71ad120fd96906ed0352cd1493f6d8,1770.802,11.860,3044056,3044056,0,1,0,20,ESP32/cnn_tflite_esp32/reports/20261008T215503505222Z/report.csv,29268
A0318.raw,1,255,0,1,1,1,1782.792,1048576,312380,2,equal,2,532.771,3139516,3139456,0,69abe36c8aec4e32ced1bd3f78bc5eaf219c4db14eb0ab9ba72686c219401d11,1770.759,12.033,3044056,3044056,0,1,0,20,ESP32/cnn_tflite_esp32/reports/20261008T215503505222Z/report.csv,29268
A0319.raw,1,255,0,1,1,1,1783.325,1048576,312380,2,equal,2,526.549,3139516,3139476,0,b1c80a5ccffd0fd1c8c9ff98d293b55ade2a918b2a31abf810fb1ee723eda069,1770.606,12.719,3044056,3044056,0,1,0,20,ESP32/cnn_tflite_esp32/reports/20261008T215503505222Z/report.csv,29268
A0320.raw,1,255,0,1,1,1,1781.123,1048576,312380,2,equal,2,542.404,3139516,3139476,0,315dedbaed6cd3bcbeb0b6f226136675e66ccd75d5434e8a2f252cbaf113d6f6,1769.453,11.670,3044056,3044056,0,1,0,20,ESP32/cnn_tflite_esp32/reports/20261008T215503505222Z/report.csv,29268
A0321.raw,1,255,0,1,1,1,1780.979,1048576,312380,2,equal,2,521.382,3139516,3139476,0,c34f3807dc3cbd7faa393b44bc9a81c36b018a67190ba5e03095d9f86933ab02,1769.325,11.654,3044056,3044056,0,1,0,20,ESP32/cnn_tflite_esp32/reports/20261008T215503505222Z/report.csv,29268
A0322.raw,1,255,0,1,1,1,1783.087,1048576,312380,2,equal,2,506.714,3139516,3139496,0,05017e2235133ce3f73fdecb352240551cec5aa1c7d394950d93091ba5969f23,1770.560,12.527,3044056,3044056,0,1,0,20,ESP32/cnn_tflite_esp32/reports/20261008T215503505222Z/report.csv,29268
A0323.raw,1,255,0,1,1,1,1783.224,1048576,312380,2,equal,2,515.122,3139516,3139476,0,4b73a18c8aa965505c0e30419613675a66fb794fe6791965fd55e76f57407114,1770.524,12.700,3044056,3044056,0,1,0,20,ESP32/cnn_tflite_esp32/reports/20261008T215503505222Z/report.csv,29268
A0324.raw,1,255,0,1,1,1,1782.687,1048576,312380,2,equal,2,608.784,3139516,3139476,0,44588990ee95aa9a36569857372848d08f6bb87d4f2ac5b360fc5456d643be18,1770.846,11.841,3044056,3044056,0,1,0,20,ESP32/cnn_tflite_esp32/reports/20261008T215503505222Z/report.csv,29268
A0325.raw,1,255,0,1,1,1,1780.829,1048576,312380,2,equal,2,494.709,3139516,3139496,0,1d790ac80aef9bfbfdd2c3cc416ff47e442941cde18072a517918e30d3f18ce7,1769.083,11.746,3044056,3044056,0,1,0,20,ESP32/cnn_tflite_esp32/reports/20261008T215503505222Z/report.csv,29268
A0326.raw,1,255,0,1,1,1,1783.067,1048576,312380,2,equal,2,567.909,3139516,3139476,0,0d045ac75a1d5915604f3aee6095886fe76e669876710fb4145c4fa451555fe7,1770.598,12.469,3044056,3044056,0,1,0,20,ESP32/cnn_tflite_esp32/reports/20261008T215503505222Z/report.csv,29268
A0327.raw,1,255,0,1,1,1,1780.029,1048576,312380,2,equal,2,534.670,3139516,3139476,0,8bedc327fedb407e05b2b3a85df74aa29c26fc492f08843da25e18e84d7f0f62,1768.328,11.701,3044056,3044056,0,1,0,20,ESP32/cnn_tflite_esp32/reports/20261008T215503505222Z/report.csv,29268
A0328.raw,1,255,0,1,1,1,1781.241,1048576,312380,2,equal,2,542.810,3139516,3139476,0,e5d526d3b6104df1bd07601ee76ea57a7e7c8578604595b9e641931f21b7577d,1769.535,11.706,3044056,3044056,0,1,0,20,ESP32/cnn_tflite_esp32/reports/20261008T215503505222Z/report.csv,29268
A0329.raw,1,255,0,1,1,1,1781.067,1048576,312380,2,equal,2,503.557,3139516,3139496,0,c616a68689c5c18f55c21d3eb1db9f5016117e8d227e776b43394664f6e21fa4,1769.364,11.703,3044056,3044056,0,1,0,20,ESP32/cnn_tflite_esp32/reports/20261008T215503505222Z/report.csv,29268
A0330.raw,1,255,0,1,1,1,1780.293,1048576,312380,2,equal,2,547.826,3139516,3139476,0,557a2fa8c38aa454fd2d4c1223afaea90fbb7a876de024e5df61a4672371b8be,1768.581,11.712,3044056,3044056,0,1,0,20,ESP32/cnn_tflite_esp32/reports/20261008T215503505222Z/report.csv,29268
A0331.raw,1,255,0,1,1,1,1781.629,1048576,312380,2,equal,2,560.343,3139516,3139476,0,254beda39e062a6b4d3817c47f6dc885a87aaa357ba1e3ba580ffb1b973fced4,1769.939,11.690,3044056,3044056,0,1,0,20,ESP32/cnn_tflite_esp32/reports/20261008T215503505222Z/report.csv,29268
A0332.raw,1,255,0,1,1,1,1783.854,1048576,312380,2,equal,2,614.137,3139516,3139476,0,94c0483046529d708ae4a7a915f0d7b0eac941b7f275d1dd646085bee664e0a3,1772.137,11.717,3044056,3044056,0,1,0,20,ESP32/cnn_tflite_esp32/reports/20261008T215503505222Z/report.csv,29268
A0333.raw,1,255,0,1,1,1,1780.137,1048576,312380,2,equal,2,571.631,3139516,3139476,0,9dc260e2b50e72a58aa9c9d4b9cbb72dfaf539d7a4204c407b1d49913cae4f04,1768.420,11.717,3044056,3044056,0,1,0,20,ESP32/cnn_tflite_esp32/reports/20261008T215503505222Z/report.csv,29268
A0334.raw,1,255,0,1,1,1,1781.146,1048576,312380,2,equal,2,565.400,3139516,3139476,0,c186e881a07eb8d35c31d68692f79df5c140cc15876e0853b715a36766e0d010,1769.533,11.613,3044056,3044056,0,1,0,20,ESP32/cnn_tflite_esp32/reports/20261008T215503505222Z/report.csv,29268
A0335.raw,1,255,0,1,1,1,1785.024,1048576,312380,2,equal,2,529.453,3139516,3139476,0,b8e8c430cb24608f42db6fa794511deb65fe4b378a0d85b5654c533ee60861bb,1773.301,11.723,3044056,3044056,0,1,0,20,ESP32/cnn_tflite_esp32/reports/20261008T215503505222Z/report.csv,29268
A0336.raw,1,255,0,1,1,1,1780.312,1048576,312380,2,equal,2,518.084,3139516,3139476,0,a86c8af7aecceacdecf897e3dd698bf717db037cfdd6c54a2dc569a731f8b630,1768.588,11.724,3044056,3044056,0,1,0,20,ESP32/cnn_tflite_esp32/reports/20261008T215503505222Z/report.csv,29268
A0337.raw,1,255,0,1,1,1,1782.448,1048576,312380,2,equal,2,549.070,3139516,3139476,0,e524b00ef392f6e4ec22ba0999dd3459497a0a73285b0cf70831fd2e6848bc16,1770.625,11.823,3044056,3044056,0,1,0,20,ESP32/cnn_tflite_esp32/reports/20261008T215503505222Z/report.csv,29268
A0338.raw,1,255,0,1,1,1,1782.022,1048576,312380,2,equal,2,549.206,3139516,3139476,0,2bc039a637adcedbe4b518708552fbca3773b0536fea0983f05d62c716ff01c7,1770.294,11.728,3044056,3044056,0,1,0,20,ESP32/cnn_tflite_esp32/reports/20261008T215503505222Z/report.csv,29268
A0339.raw,1,255,0,1,1,1,1782.312,1048576,312380,2,equal,2,500.857,3139516,3139496,0,6b8437db5d6c1e84726085bcd9a0ef7ab1062ea3231452771f946b2f3337ea10,1770.504,11.808,3044056,3044056,0,1,0,20,ESP32/cnn_tflite_esp32/reports/20261008T215503505222Z/report.csv,29268
A0340.raw,1,255,0,1,1,1,1781.491,1048576,312380,2,equal,2,549.253,3139516,3139476,0,bdac63c5da68166309d137f85325e022249c1dda5ea3eac2d353ef78c1003818,1769.774,11.717,3044056,3044056,0,1,0,20,ESP32/cnn_tflite_esp32/reports/20261008T215503505222Z/report.csv,29268
A0341.raw,1,255,0,1,1,1,1784.384,1048576,312380,2,equal,2,510.859,3139516,3139496,0,8f76799a25c35693cfd2ecd956f9316697b53875179f55186a070d8e506a76e4,1771.885,12.499,3044056,3044056,0,1,0,20,ESP32/cnn_tflite_esp32/reports/20261008T215503505222Z/report.csv,29268
A0342.raw,1,255,0,1,1,1,1780.538,1048576,312380,2,equal,2,551.437,3139516,3139476,0,ac292d84c001121126eb8644c5fea39990118cdda2a421d2105aadfae2f945bf,1768.837,11.701,3044056,3044056,0,1,0,20,ESP32/cnn_tflite_esp32/reports/20261008T215503505222Z/report.csv,29268
A0343.raw,1,255,0,1,1,1,1781.161,1048576,312380,2,equal,2,511.168,3139516,3139496,0,53391b419a9f761c0a723078543baa03346622cd23d72834986ba1d6fea3911a,1769.506,11.655,3044056,3044056,0,1,0,20,ESP32/cnn_tflite_esp32/reports/20261008T215503505222Z/report.csv,29268
A0344.raw,1,255,0,1,1,1,1782.97,1048576,312380,2,equal,2,502.271,3139516,3139496,0,1b9571d01deb45504fbd1689cd8471154dfdba5830e94e977cb127459d70fcda,1770.450,12.520,3044056,3044056,0,1,0,20,ESP32/cnn_tflite_esp32/reports/20261008T215503505222Z/report.csv,29268
A0345.raw,1,255,0,1,1,1,1781.141,1048576,312380,2,equal,2,551.339,3139516,3139476,0,24d51c50e58b3a711ec4eae3b3b42c6dec6d92aeb724278fe9f6029da3b9d9fe,1769.510,11.631,3044056,3044056,0,1,0,20,ESP32/cnn_tflite_esp32/reports/20261008T215503505222Z/report.csv,29268
A0346.raw,1,255,0,1,1,1,1780.516,1048576,312380,2,equal,2,624.896,3139516,3139476,0,26bc399aac6df1062bd18726b266eea3546a2b660f14453e8d929ac5802094aa,1768.845,11.671,3044056,3044056,0,1,0,20,ESP32/cnn_tflite_esp32/reports/20261008T215503505222Z/report.csv,29268
A0347.raw,1,255,0,1,1,1,1782.488,1048576,312380,2,equal,2,563.561,3139516,3139476,0,de1efec8f3eee67fc21a132196a6dacb42fdc5676e5f30f1f9df2182c3a8b79b,1770.866,11.622,3044056,3044056,0,1,0,20,ESP32/cnn_tflite_esp32/reports/20261008T215503505222Z/report.csv,29268
A0348.raw,1,255,0,1,1,1,1780.899,1048576,312380,2,equal,2,513.773,3073980,3073948,0,a88dfce046fc3fd9ec3ecf27d8a3bca9d4a1e91420dc67d8f1457f01a4fd56c0,1769.205,11.694,2978520,2978520,0,1,0,20,ESP32/cnn_tflite_esp32/reports/20261008T215503505222Z/report.csv,29268
A0349.raw,1,255,0,1,1,1,1782.281,1048576,312380,2,equal,2,524.808,3073980,3073920,0,2ded8c0cc0152be61ba61544689380fa2f1c7824ef913d376a92a996e667ff3f,1770.581,11.700,2978520,2978520,0,1,0,20,ESP32/cnn_tflite_esp32/reports/20261008T215503505222Z/report.csv,29268
A0350.raw,1,255,0,1,1,1,1780.502,1048576,312380,2,equal,2,509.417,3073980,3073940,0,512ced4fec501089a10945e7529ea429d034d3b5ea0e5e209385de995a8c78ee,1768.761,11.741,2978520,2978520,0,1,0,20,ESP32/cnn_tflite_esp32/reports/20261008T215503505222Z/report.csv,29268
A0352.raw,1,255,0,1,1,1,1780.243,1048576,312380,2,equal,2,595.686,3073980,3073920,0,d72b654e193e0dc0082e760ce2ac87ff84eb3cf409c56cc04f5745124c8fa1b4,1768.590,11.653,2978520,2978520,0,1,0,20,ESP32/cnn_tflite_esp32/reports/20261008T215503505222Z/report.csv,29268
A0353.raw,1,255,0,1,1,1,1778.916,1048576,312380,2,equal,2,561.224,3073980,3073920,0,47e80c8bfadeca5e2d7b0777238f366644f2a88ad9c0427585994f89aa0af555,1767.173,11.743,2978520,2978520,0,1,0,20,ESP32/cnn_tflite_esp32/reports/20261008T215503505222Z/report.csv,29268
A0354.raw,1,255,0,1,1,1,1782.625,1048576,312380,2,equal,2,537.623,3073980,3073920,0,292ec03a2942ed1ce5f9861e59799ca46eb9e87db6d368895523b6c6de7cd95e,1770.919,11.706,2978520,2978520,0,1,0,20,ESP32/cnn_tflite_esp32/reports/20261008T215503505222Z/report.csv,29268
A0355.raw,1,255,0,1,1,1,1780.952,1048576,312380,2,equal,2,520.071,3073980,3073928,0,3b96410f1037bd0e3685ab102dcc92742f39caaf69992ba0b663683fce13550e,1769.278,11.674,2978520,2978520,0,1,0,20,ESP32/cnn_tflite_esp32/reports/20261008T215503505222Z/report.csv,29268
A0356.raw,1,255,0,1,1,1,1781.012,1048576,312380,2,equal,2,510.503,3073980,3073948,0,ab68f8aa51b2ed455daf7a3573fe1ea90ddf82cd9e6d8cd289f7086aacce7725,1769.325,11.687,2978520,2978520,0,1,0,20,ESP32/cnn_tflite_esp32/reports/20261008T215503505222Z/report.csv,29268
A0357.raw,1,255,0,1,1,1,1779.31,1048576,312380,2,equal,2,509.844,3073980,3073948,0,784a4b3c47233ee677bbe2465f21c2154ffa315eab7fd2af1414911db2528752,1767.560,11.750,2978520,2978520,0,1,0,20,ESP32/cnn_tflite_esp32/reports/20261008T215503505222Z/report.csv,29268
A0358.raw,1,255,0,1,1,1,1781.269,1048576,312380,2,equal,2,539.393,3073980,3073920,0,6d32d6b1f76b5186909476ef0702da5cfcf19c26b9441d046700dba9dc2a2dd6,1769.502,11.767,2978520,2978520,0,1,0,20,ESP32/cnn_tflite_esp32/reports/20261008T215503505222Z/report.csv,29268
A0359.raw,1,255,0,1,1,1,1780.604,1048576,312380,2,equal,2,511.869,3073980,3073948,0,e666b59ee13251a90fbd2b6e1073943da3ce18ad04697c2ee5a89ab07e6cdd3c,1768.906,11.698,2978520,2978520,0,1,0,20,ESP32/cnn_tflite_esp32/reports/20261008T215503505222Z/report.csv,29268
A0360.raw,1,255,0,1,1,1,1781.909,1048576,312380,2,equal,2,544.271,3073980,3073920,0,be292bc54cdaf86b23917a9c4ba145c2158b757bfcd0c1b88e758fc2d16efc70,1770.206,11.703,2978520,2978520,0,1,0,20,ESP32/cnn_tflite_esp32/reports/20261008T215503505222Z/report.csv,29268
A0361.raw,1,255,0,1,1,1,1783.515,1048576,312380,2,equal,2,572.846,3073960,3073920,0,ef16d5b8d7780780fcd2cca5ffe07dacb8dbe80b6bbc2460eb57a97e0bf2cd7c,1771.316,12.199,2978520,2978520,0,1,0,20,ESP32/cnn_tflite_esp32/reports/20261008T215503505222Z/report.csv,29268
A0362.raw,1,255,0,1,1,1,1780.95,1048576,312380,2,equal,2,626.866,3073960,3073940,0,726972b5aa03c72ab59a48ec804412c5c930b6a754d0d996cbc3f0fba285d6bd,1769.183,11.767,2978520,2978520,0,1,0,20,ESP32/cnn_tflite_esp32/reports/20261008T215503505222Z/report.csv,29268
A0363.raw,1,255,0,1,1,1,1781.717,1048576,312380,2,equal,2,728.420,3073960,3073940,0,be200d497565d101d1f588fa93dc0edc4e743b471918afbfccc0c2c3b07f6627,1769.940,11.777,2978520,2978520,0,1,0,20,ESP32/cnn_tflite_esp32/reports/20261008T215503505222Z/report.csv,29268
A0364.raw,1,255,0,1,1,1,1781.209,1048576,312380,2,equal,2,550.803,3073960,3073940,0,444877b0e6d3aff1b3e175d778c972c4a39d4668a34ba50b52e11547085adecc,1769.310,11.899,2978520,2978520,0,1,0,20,ESP32/cnn_tflite_esp32/reports/20261008T215503505222Z/report.csv,29268
A0365.raw,1,255,0,1,1,1,1782.367,1048576,312380,2,equal,2,550.299,3073960,3073940,0,026ca75d14e7c40d5c3758830ec9e2767c6c3bc27e088322e7cf092c5f5b5411,1770.605,11.762,2978520,2978520,0,1,0,20,ESP32/cnn_tflite_esp32/reports/20261008T215503505222Z/report.csv,29268
A0366.raw,1,255,0,1,1,1,1779.754,1048576,312380,2,equal,2,495.135,3073960,3073960,0,43fb16f4e0c7b97facdadb11b0c5fce5900ccb378975eba55cbe89ceb33285ad,1768.089,11.665,2978520,2978520,0,1,0,20,ESP32/cnn_tflite_esp32/reports/20261008T215503505222Z/report.csv,29268
A0367.raw,1,255,0,1,1,1,1781.753,1048576,312380,2,equal,2,698.860,3073960,3073940,0,6bcf662b21ebb88f19cd9bf98d28c38a1ebedd924c5bc08c4a762f426eb1c222,1769.997,11.756,2978520,2978520,0,1,0,20,ESP32/cnn_tflite_esp32/reports/20261008T215503505222Z/report.csv,29268
A0368.raw,1,255,0,1,1,1,1780.22,1048576,312380,2,equal,2,635.744,3073960,3073940,0,d355ae0c346e0e2b89cedee122e7f2df48290968c3a82eb47452a5b5d902e2d2,1768.572,11.648,2978520,2978520,0,1,0,20,ESP32/cnn_tflite_esp32/reports/20261008T215503505222Z/report.csv,29268
A0369.raw,1,255,0,1,1,1,1783.187,1048576,312380,2,equal,2,608.513,3073980,3073960,0,eba455f30b84129208e7a86e675decd744750c92bea70f1b7032aef4f750e397,1770.631,12.556,2978520,2978520,0,1,0,20,ESP32/cnn_tflite_esp32/reports/20261008T215503505222Z/report.csv,29268
A0370.raw,1,255,0,1,1,1,1781.053,1048576,312380,2,equal,2,646.726,3073960,3073920,0,549cf247a33b097daa62dfcabefa0a12d075da07730e4a9dabc56cd23739bc67,1769.422,11.631,2978520,2978520,0,1,0,20,ESP32/cnn_tflite_esp32/reports/20261008T215503505222Z/report.csv,29268
A0371.raw,1,255,0,1,1,1,1781.057,1048576,312380,2,equal,2,717.925,3073960,3073940,0,f82f3f99bed2ebe1b19831dfa8df3b3d7b8fd12c38465bafaa78c24cc3043572,1769.330,11.727,2978520,2978520,0,1,0,20,ESP32/cnn_tflite_esp32/reports/20261008T215503505222Z/report.csv,29268
A0372.raw,1,255,0,1,1,1,1781.01,1048576,312380,2,equal,2,563.860,3073960,3073940,0,57f50b4bdf6d7c50df58e3338001d7a8e35b0a0750052afa5ed96319712c81c3,1769.289,11.721,2978520,2978520,0,1,0,20,ESP32/cnn_tflite_esp32/reports/20261008T215503505222Z/report.csv,29268
A0373.raw,1,255,0,1,1,1,1781.881,1048576,312380,2,equal,2,575.015,3073960,3073936,0,545016398796fe5f16f1a425de40a9d9d7dc6bd441f16d81bf71a9eee03499e2,1769.360,12.521,2978520,2978520,0,1,0,20,ESP32/cnn_tflite_esp32/reports/20261008T215503505222Z/report.csv,29268
A0374.raw,1,255,0,1,1,1,1780.238,1048576,312380,2,equal,2,755.170,3073960,3073960,0,942ea19876e1b9369c0c2d0e388ac5f1704386d57bfc33b7816cfba86eee3c28,1768.563,11.675,2978520,2978520,0,1,0,20,ESP32/cnn_tflite_esp32/reports/20261008T215503505222Z/report.csv,29268
A0376.raw,1,255,0,1,1,1,1781.48,1048576,312380,2,equal,2,707.512,3073960,3073940,0,5b83142c0f4bd5dce6afae91c817e19479793425de38eef96f121800d655ca3d,1769.759,11.721,2978520,2978520,0,1,0,20,ESP32/cnn_tflite_esp32/reports/20261008T215503505222Z/report.csv,29268
A0377.raw,1,255,0,1,1,1,1782.272,1048576,312380,2,equal,2,585.943,3073960,3073940,0,2af925d04a8902ab8bfdde54e6372f83e6837b6c04ee6b5dc6e69799ac675f83,1770.561,11.711,2978520,2978520,0,1,0,20,ESP32/cnn_tflite_esp32/reports/20261008T215503505222Z/report.csv,29268
A0378.raw,1,255,0,1,1,1,1783.426,1048576,312380,2,equal,2,514.639,3073960,3073940,0,e67510a87d17d3d1ed77f99a30abf525ca27c02bd28e83cbd84c84fc2ddc3224,1771.623,11.803,2978520,2978520,0,1,0,20,ESP32/cnn_tflite_esp32/reports/20261008T215503505222Z/report.csv,29268
A0379.raw,1,255,0,1,1,1,1782.392,1048576,312380,2,equal,2,870.930,3073980,3073960,0,7695da8092bcbf677646a00ae145ad60d157c901275d06d747c78097d71a7f48,1770.686,11.706,2978520,2978520,0,1,0,20,ESP32/cnn_tflite_esp32/reports/20261008T215503505222Z/report.csv,29268
A0380.raw,1,255,0,1,1,1,1782.361,1048576,312380,2,equal,2,723.259,3073960,3073940,0,6b2ff8b6b8e0879da141601324805616349b9860f6196d4c3cbff7520088746a,1770.644,11.717,2978520,2978520,0,1,0,20,ESP32/cnn_tflite_esp32/reports/20261008T215503505222Z/report.csv,29268
A0381.raw,1,255,0,1,1,1,1781.295,1048576,312380,2,equal,2,635.044,3073960,3073940,0,ef6aedb14d309fd7505665a0c86c89c8528d04df76531d777593941eec5b27d9,1769.598,11.697,2978520,2978520,0,1,0,20,ESP32/cnn_tflite_esp32/reports/20261008T215503505222Z/report.csv,29268
A0382.raw,1,255,0,1,1,1,1783.466,1048576,312380,2,equal,2,613.797,3073960,3073940,0,8f340d64812614ef25ea917bead9bb95445de5880673f9801fc119a48dd25169,1770.921,12.545,2978520,2978520,0,1,0,20,ESP32/cnn_tflite_esp32/reports/20261008T215503505222Z/report.csv,29268
A0383.raw,1,255,0,1,1,1,1781.49,1048576,312380,2,equal,2,736.350,3073960,3073940,0,fcd5ced31bb8d57ef10fd3ae6c788e1ff95fc8d46d472c2614f1fe37dd86d67d,1769.650,11.840,2978520,2978520,0,1,0,20,ESP32/cnn_tflite_esp32/reports/20261008T215503505222Z/report.csv,29268
A0384.raw,1,255,0,1,1,1,1780.833,1048576,312380,2,equal,2,528.986,3073960,3073940,0,a599cce1290927ce7f8ea479fa98be7bb2a63d132c76ef2e0f362618e76ce1d8,1769.166,11.667,2978520,2978520,0,1,0,20,ESP32/cnn_tflite_esp32/reports/20261008T215503505222Z/report.csv,29268
A0385.raw,1,255,0,1,1,1,1782.673,1048576,312380,2,equal,2,611.702,3073960,3073940,0,9694ef3ee10b0032e6b250aba6b4e0c5e83b08b30413fc449a6ab07f2acb9c78,1770.152,12.521,2978520,2978520,0,1,0,20,ESP32/cnn_tflite_esp32/reports/20261008T215503505222Z/report.csv,29268
A0386.raw,1,255,0,1,1,1,1783.329,1048576,312380,2,equal,2,521.689,3073960,3073940,0,7497f823de74e0228cee45c365caa7c044d35ec7a05c6b0f1ec9c979aaafd6e4,1770.851,12.478,2978520,2978520,0,1,0,20,ESP32/cnn_tflite_esp32/reports/20261008T215503505222Z/report.csv,29268
A0387.raw,1,255,0,1,1,1,1783.695,1048576,312380,2,equal,2,552.513,3073960,3073940,0,33dde3992d2f8b833ff753629f1ab62d59ecb44369f41c85b97d297ec23684aa,1771.993,11.702,2978520,2978520,0,1,0,20,ESP32/cnn_tflite_esp32/reports/20261008T215503505222Z/report.csv,29268
A0388.raw,1,255,0,1,1,1,1782.132,1048576,312380,2,equal,2,756.383,3073980,3073980,0,b06a885afb161cb044ac1dfbb8a8f417841f1e1bf8d5fe0f29715682ad6bdecb,1770.418,11.714,2978520,2978520,0,1,0,20,ESP32/cnn_tflite_esp32/reports/20261008T215503505222Z/report.csv,29268
A0389.raw,1,255,0,1,1,1,1781.657,1048576,312380,2,equal,2,572.705,3073960,3073940,0,f2d04afcb5f03f08c4a7ef470fcdae33728cc583bcd4f46dc5e604147997b9ae,1769.988,11.669,2978520,2978520,0,1,0,20,ESP32/cnn_tflite_esp32/reports/20261008T215503505222Z/report.csv,29268
A0390.raw,1,255,0,1,1,1,1782.846,1048576,312380,2,equal,2,509.826,3073960,3073924,0,b3fbdbc794b3fa1aab03b7512015142b0559784d1221c4d89c748431bbdc292d,1770.230,12.616,2978520,2978520,0,1,0,20,ESP32/cnn_tflite_esp32/reports/20261008T215503505222Z/report.csv,29268
A0391.raw,1,255,0,1,1,1,1781.056,1048576,312380,2,equal,2,663.788,3073960,3073940,0,c117adea88f388dc5004663591b0936dbe6eaf70685c0500cc9c5ee57567a4c3,1769.319,11.737,2978520,2978520,0,1,0,20,ESP32/cnn_tflite_esp32/reports/20261008T215503505222Z/report.csv,29268
A0392.raw,1,255,0,1,1,1,1781.812,1048576,312380,2,equal,2,701.799,3073960,3073940,0,9b4e8e59f7c1fb2de310c482c41e52e59a5515ecebc572f82f2c017456f99a76,1770.078,11.734,2978520,2978520,0,1,0,20,ESP32/cnn_tflite_esp32/reports/20261008T215503505222Z/report.csv,29268
A0393.raw,1,255,0,1,1,1,1780.925,1048576,312380,2,equal,2,639.739,3073960,3073940,0,899f2b997c4da7df45239a7e3c1ecf87ba38530b000fb481d85e62541be84689,1769.250,11.675,2978520,2978520,0,1,0,20,ESP32/cnn_tflite_esp32/reports/20261008T215503505222Z/report.csv,29268
A0394.raw,1,255,0,1,1,1,1781.226,1048576,312380,2,equal,2,928.287,3073960,3073940,0,95fe4745e900064c2f65cdec4a51953afecd2cce2ca162e81202ba65edbcfe54,1769.557,11.669,2978520,2978520,0,1,0,20,ESP32/cnn_tflite_esp32/reports/20261008T215503505222Z/report.csv,29268
A0395.raw,1,255,0,1,1,1,1781.019,1048576,312380,2,equal,2,630.164,3073960,3073940,0,c2e28454c7ddc89c49b2aba67b84fafa726f8a69a9bbe5744ce457512d12e1be,1769.387,11.632,2978520,2978520,0,1,0,20,ESP32/cnn_tflite_esp32/reports/20261008T215503505222Z/report.csv,29268
A0396.raw,1,255,0,1,1,1,1785.813,1048576,312380,2,equal,2,496.066,3073960,3073960,0,9b6cc66fffc2b55ead7029bccc14fbb3b2b1ddb866eb72337af85d73e6022cf7,1772.937,12.876,2978520,2978520,0,1,0,20,ESP32/cnn_tflite_esp32/reports/20261008T215503505222Z/report.csv,29268
A0397.raw,1,255,0,1,1,1,1782.093,1048576,312380,2,equal,2,479.197,3073980,3073960,0,3fb3a5d96b996675c0f6eb95f95a5cc5cf120a2f0b168ffbf1fcc0949cc08b03,1770.192,11.901,2978520,2978520,0,1,0,20,ESP32/cnn_tflite_esp32/reports/20261008T215503505222Z/report.csv,29268
A0398.raw,1,255,0,1,1,1,1781.189,1048576,312380,2,equal,2,617.430,3073960,3073940,0,04089b8441dd5b15b5c283e7e932e657eaac74b53df1cfdb2eab5cbed5e5b41d,1769.462,11.727,2978520,2978520,0,1,0,20,ESP32/cnn_tflite_esp32/reports/20261008T215503505222Z/report.csv,29268
A0399.raw,1,255,0,1,1,1,1781.371,1048576,312380,2,equal,2,685.192,3073960,3073940,0,6cb3fdee1ed9d2538d965bbb48f89ac31e3238a66f80c2e2c01ff67e9bb6b3d4,1769.664,11.707,2978520,2978520,0,1,0,20,ESP32/cnn_tflite_esp32/reports/20261008T215503505222Z/report.csv,29268
A0400.raw,1,255,0,1,1,1,1779.595,1048576,312380,2,equal,2,539.645,3073960,3073940,0,120f3c081dad5d9267ffa53f896b43ea5422b212863c7e6c18a94403f58db78b,1767.892,11.703,2978520,2978520,0,1,0,20,ESP32/cnn_tflite_esp32/reports/20261008T215503505222Z/report.csv,29268
A0401.raw,1,255,0,1,1,1,1782.05,1048576,312380,2,equal,2,489.337,3073960,3073960,0,8fef6f1fec190c71fd6b21257ed64877873d9efc2d282953abd1eb260a3ec38f,1769.162,12.888,2978520,2978520,0,1,0,20,ESP32/cnn_tflite_esp32/reports/20261008T215503505222Z/report.csv,29268
A0402.raw,1,255,0,1,1,1,1781.378,1048576,312380,2,equal,2,743.487,3073960,3073960,0,fff3ed59b361d8b54c22f88dd598cb576c14f02f9ff8776b5e44e1ca2994de94,1769.684,11.694,2978520,2978520,0,1,0,20,ESP32/cnn_tflite_esp32/reports/20261008T215503505222Z/report.csv,29268
A0403.raw,1,255,0,1,1,1,1782.526,1048576,312380,2,equal,2,512.763,3073960,3073940,0,a854289b58ab6b37ad78968b938d694b0d2cd63ea96930ef2cec4479c4f1426c,1770.095,12.431,2978520,2978520,0,1,0,20,ESP32/cnn_tflite_esp32/reports/20261008T215503505222Z/report.csv,29268
A0404.raw,1,255,0,1,1,1,1781.684,1048576,312380,2,equal,2,634.131,3073960,3073940,0,c9e0136c09881e7b41688ebc736f11cfbc20fe66d1d239e2cf51e14a2870b74b,1769.982,11.702,2978520,2978520,0,1,0,20,ESP32/cnn_tflite_esp32/reports/20261008T215503505222Z/report.csv,29268
A0405.raw,1,255,0,1,1,1,1777.615,1048576,312380,2,equal,2,662.766,3073960,3073940,0,445f9f1dcb092769f7b07f15f339d09cf0c190ad6d35afb9e18e8aa9bd7b918e,1765.863,11.752,2978520,2978520,0,1,0,20,ESP32/cnn_tflite_esp32/reports/20261008T215503505222Z/report.csv,29268
A0406.raw,1,255,0,1,1,1,1779.889,1048576,312380,2,equal,2,540.776,3073980,3073960,0,efc21d7cfc643a2199d72b6c3b3f248c444552e5cc8595e5497af38f2adf1d47,1767.977,11.912,2978520,2978520,0,1,0,20,ESP32/cnn_tflite_esp32/reports/20261008T215503505222Z/report.csv,29268
A0407.raw,1,255,0,1,1,1,1780.218,1048576,312380,2,equal,2,600.389,3073960,3073940,0,b29567912845404b2043db0cc6af03f540ff985ba29393f3ddafcbf112c1187e,1768.514,11.704,2978520,2978520,0,1,0,20,ESP32/cnn_tflite_esp32/reports/20261008T215503505222Z/report.csv,29268
A0408.raw,1,255,0,1,1,1,1782.1,1048576,312380,2,equal,2,1019.379,3073960,3073940,0,cd308b821d37b3482f97e76d9f5c8981fa4a7f58b996bf97ed642af6e37a7f09,1770.381,11.719,2978520,2978520,0,1,0,20,ESP32/cnn_tflite_esp32/reports/20261008T215503505222Z/report.csv,29268
A0409.raw,1,255,0,1,1,1,1782.848,1048576,312380,2,equal,2,471.984,3073960,3073940,0,c7e565833629bb8f9ecd221eb2ab8cb4289419cdbf93f85c6c1bd865c8b7bfc8,1771.079,11.769,2978520,2978520,0,1,0,20,ESP32/cnn_tflite_esp32/reports/20261008T215503505222Z/report.csv,29268
A0410.raw,1,255,0,1,1,1,1781.139,1048576,312380,2,equal,2,772.338,3073960,3073940,0,294e4b8a1f77caeda7befbadd347d331962cbe9c3469544d6b50b09d21b27d0c,1769.476,11.663,2978520,2978520,0,1,0,20,ESP32/cnn_tflite_esp32/reports/20261008T215503505222Z/report.csv,29268
A0411.raw,1,255,0,1,1,1,1783.235,1048576,312380,2,equal,2,732.834,3073960,3073940,0,87eef430ef4236564a1df0f634b841662bebfccddd86b9938cb0e5b3b4204ad5,1771.412,11.823,2978520,2978520,0,1,0,20,ESP32/cnn_tflite_esp32/reports/20261008T215503505222Z/report.csv,29268
A0412.raw,1,255,0,1,1,1,1782.916,1048576,312380,2,equal,2,612.297,3073960,3073940,0,28a3b15fa8adbc9132f1ce53bb25226ad77f7130875b99b631a8b5e36bf54212,1770.680,12.236,2978520,2978520,0,1,0,20,ESP32/cnn_tflite_esp32/reports/20261008T215503505222Z/report.csv,29268
A0413.raw,1,255,0,1,1,1,1781.72,1048576,312380,2,equal,2,627.358,3073960,3073940,0,13882d8bfae5d7268bc1f4e67ba5d94ce4d7b2158e1881c6aad8668e42e821ad,1770.004,11.716,2978520,2978520,0,1,0,20,ESP32/cnn_tflite_esp32/reports/20261008T215503505222Z/report.csv,29268
A0414.raw,1,255,0,1,1,1,1783.484,1048576,312380,2,equal,2,565.748,3073980,3073940,0,138a948cc2ca71c70dee3d25a44b0ab8568e91be51f447f5fc5c9e743344fdf8,1771.794,11.690,2978520,2978520,0,1,0,20,ESP32/cnn_tflite_esp32/reports/20261008T215503505222Z/report.csv,29268
A0415.raw,1,255,0,1,1,1,1779.681,1048576,312380,2,equal,2,682.995,3073960,3073940,0,166c02daa3d185ce0a5d2df4f947fb3d3f4db3cd562897eff03db4c6a7689af5,1767.953,11.728,2978520,2978520,0,1,0,20,ESP32/cnn_tflite_esp32/reports/20261008T215503505222Z/report.csv,29268
A0416.raw,1,255,0,1,1,1,1781.092,1048576,312380,2,equal,2,637.626,3073960,3073940,0,2e8c0ff2223e04de26e2890725f6867c3b468db439e9e176494ca2c258b55a28,1769.393,11.699,2978520,2978520,0,1,0,20,ESP32/cnn_tflite_esp32/reports/20261008T215503505222Z/report.csv,29268
A0417.raw,1,255,0,1,1,1,1781.762,1048576,312380,2,equal,2,616.809,3073960,3073940,0,0d2b2e7a7e03c1c782aada10da8441f4b4d273d31e01acc586b94f34b345e9ba,1770.043,11.719,2978520,2978520,0,1,0,20,ESP32/cnn_tflite_esp32/reports/20261008T215503505222Z/report.csv,29268
A0418.raw,1,255,0,1,1,1,1780.39,1048576,312380,2,equal,2,925.808,3073960,3073940,0,a7b4805b3f217f66c01156637ec22e3f3f6869d983d25ec17f0d2f5e346b4eb3,1768.650,11.740,2978520,2978520,0,1,0,20,ESP32/cnn_tflite_esp32/reports/20261008T215503505222Z/report.csv,29268
A0419.raw,1,255,0,1,1,1,1779.857,1048576,312380,2,equal,2,629.468,3073960,3073940,0,63152b84fb7194f8df02a83cb8867075d62ae3e35d4960d0fc5942921da5a396,1768.139,11.718,2978520,2978520,0,1,0,20,ESP32/cnn_tflite_esp32/reports/20261008T215503505222Z/report.csv,29268
A0420.raw,1,255,0,1,1,1,1782.806,1048576,312380,2,equal,2,627.286,3073960,3073940,0,fa6bdca230f910061d7fd0c395b198a4e9e9b1ed36530ebd52d9e97bf132f578,1771.079,11.727,2978520,2978520,0,1,0,20,ESP32/cnn_tflite_esp32/reports/20261008T215503505222Z/report.csv,29268
A0421.raw,1,255,0,1,1,1,1779.927,1048576,312380,2,equal,2,557.661,3073960,3073940,0,f5649cb703cb08f1a9274bb79794973aa5b5717e1839461255edc5fba9e3bb33,1768.284,11.643,2978520,2978520,0,1,0,20,ESP32/cnn_tflite_esp32/reports/20261008T215503505222Z/report.csv,29268
A0422.raw,1,255,0,1,1,1,1781.433,1048576,312380,2,equal,2,530.396,3073960,3073940,0,47d9810d055468370d7dffe886d4ae856b392ab05200adab5016e9335e40fbd5,1769.754,11.679,2978520,2978520,0,1,0,20,ESP32/cnn_tflite_esp32/reports/20261008T215503505222Z/report.csv,29268
A0423.raw,1,255,0,1,1,1,1780.7,1048576,312380,2,equal,2,690.262,3073980,3073960,0,3452c223f3f92a55d2a5de64ba7438318d1dcc0b6528835c8b9f9c9b8b816f9d,1769.078,11.622,2978520,2978520,0,1,0,20,ESP32/cnn_tflite_esp32/reports/20261008T215503505222Z/report.csv,29268
A0424.raw,1,255,0,1,1,1,1781.074,1048576,312380,2,equal,2,748.716,3073960,3073960,0,ab7e6a326d72ae0d3c3925059e2c932402220ee100736e619fad90694a1c4065,1769.336,11.738,2978520,2978520,0,1,0,20,ESP32/cnn_tflite_esp32/reports/20261008T215503505222Z/report.csv,29268
A0425.raw,1,255,0,1,1,1,1781.802,1048576,312380,2,equal,2,910.179,3073960,3073940,0,c2e5b16d1f6de2f6336d8cb85bd0c9fce1e2a1462f52ef6c1231ab0d763f6f5b,1770.056,11.746,2978520,2978520,0,1,0,20,ESP32/cnn_tflite_esp32/reports/20261008T215503505222Z/report.csv,29268
A0426.raw,1,255,0,1,1,1,1779.684,1048576,312380,2,equal,2,1041.029,3073960,3073940,0,e595671f2a8f8165f7fe5ed8b147cdb67754da1666fcdf63a931b197028d37b3,1768.050,11.634,2978520,2978520,0,1,0,20,ESP32/cnn_tflite_esp32/reports/20261008T215503505222Z/report.csv,29268
A0427.raw,1,255,0,1,1,1,1778.864,1048576,312380,2,equal,2,619.255,3073960,3073940,0,84a558d01d9842c8b826d45441560ac33ddf7b8231d0eed4536b208e370abc0d,1767.165,11.699,2978520,2978520,0,1,0,20,ESP32/cnn_tflite_esp32/reports/20261008T215503505222Z/report.csv,29268
A0428.raw,1,255,0,1,1,1,1781.14,1048576,312380,2,equal,2,738.688,3073960,3073960,0,c33768a6a51f04a730b1bb8e30172c861ab0781a1f21b75fd8f7cb612485977c,1769.504,11.636,2978520,2978520,0,1,0,20,ESP32/cnn_tflite_esp32/reports/20261008T215503505222Z/report.csv,29268
A0429.raw,1,255,0,1,1,1,1781.378,1048576,312380,2,equal,2,613.039,3073960,3073940,0,d1cf66f854a20a00945023fe25a9928ca8e1f8e32d78477c27e8fe966cd467e0,1769.645,11.733,2978520,2978520,0,1,0,20,ESP32/cnn_tflite_esp32/reports/20261008T215503505222Z/report.csv,29268
A0430.raw,1,255,0,1,1,1,1780.32,1048576,312380,2,equal,2,630.797,3073960,3073940,0,e77efe6086272b12fa533cff27c078181a26bf6f74eeaa0f77f4e21a34dd625d,1768.659,11.661,2978520,2978520,0,1,0,20,ESP32/cnn_tflite_esp32/reports/20261008T215503505222Z/report.csv,29268
A0431.raw,1,255,0,1,1,1,1781.131,1048576,312380,2,equal,2,728.851,3073980,3073940,0,6006e9f92409fc3b7d85978304d0f69ed573c866cc370c5900591412548bc9d5,1769.370,11.761,2978520,2978520,0,1,0,20,ESP32/cnn_tflite_esp32/reports/20261008T215503505222Z/report.csv,29268
A0432.raw,1,255,0,1,1,1,1783.724,1048576,312380,2,equal,2,510.984,3073960,3073960,0,c78be044abc7a402dbb63630e78d489ecb87cb4b19dc4c2a1e82794a687eaf9d,1771.177,12.547,2978520,2978520,0,1,0,20,ESP32/cnn_tflite_esp32/reports/20261008T215503505222Z/report.csv,29268
A0433.raw,1,255,0,1,1,1,1781.773,1048576,312380,2,equal,2,632.529,3073960,3073940,0,5af019ca9c69eaf3391c018ead12f80bf9ec1a7cd2311850f14aaf0ff1fa74b6,1769.948,11.825,2978520,2978520,0,1,0,20,ESP32/cnn_tflite_esp32/reports/20261008T215503505222Z/report.csv,29268
A0434.raw,1,255,0,1,1,1,1781.104,1048576,312380,2,equal,2,647.844,3073960,3073940,0,c97e61d8d62520c330995280040a67c64cd1182f192871d9251791ecbad03e0c,1769.358,11.746,2978520,2978520,0,1,0,20,ESP32/cnn_tflite_esp32/reports/20261008T215503505222Z/report.csv,29268
A0435.raw,1,255,0,1,1,1,1780.82,1048576,312380,2,equal,2,1235.445,3073960,3073960,0,21879407e7873e15f3a56e1f9062a68957bfac508ff602dc0a48d2c5580459ce,1769.112,11.708,2978520,2978520,0,1,0,20,ESP32/cnn_tflite_esp32/reports/20261008T215503505222Z/report.csv,29268
A0436.raw,1,255,0,1,1,1,1780.653,1048576,312380,2,equal,2,1339.999,3073960,3073940,0,b63386a3c9e6e2955f69d4be26f1654d8ca2b7a6364a59fab897729f3b4ccaf7,1768.958,11.695,2978520,2978520,0,1,0,20,ESP32/cnn_tflite_esp32/reports/20261008T215503505222Z/report.csv,29268
A0437.raw,1,255,0,1,1,1,1780.236,1048576,312380,2,equal,2,832.844,3073960,3073940,0,f302ff200b4b78c318ce98d4f5b1f84b81d4076a50bb9fa47bcc9702556d5579,1768.529,11.707,2978520,2978520,0,1,0,20,ESP32/cnn_tflite_esp32/reports/20261008T215503505222Z/report.csv,29268
A0440.raw,1,255,0,1,1,1,1780.371,1048576,312380,2,equal,2,610.555,3073960,3073940,0,afb52966fada95204d7179d174eae19bb38a18de41b190760f5cb28e47fb4b07,1768.684,11.687,2978520,2978520,0,1,0,20,ESP32/cnn_tflite_esp32/reports/20261008T215503505222Z/report.csv,29268
A0441.raw,1,255,0,1,1,1,1781.558,1048576,312380,2,equal,2,824.559,3073980,3073940,0,223cdadf28451adb1e379a96f31f1d2ed7af2281d34f69fbf4f8f851cd5c04fa,1769.839,11.719,2978520,2978520,0,1,0,20,ESP32/cnn_tflite_esp32/reports/20261008T215503505222Z/report.csv,29268
A0442.raw,1,255,0,1,1,1,1780.654,1048576,312380,2,equal,2,632.408,3073960,3073940,0,e0fa6c21e2d91543ba15ea2f7caa6f5cce28d714d42180da12356d76d86f9289,1768.961,11.693,2978520,2978520,0,1,0,20,ESP32/cnn_tflite_esp32/reports/20261008T215503505222Z/report.csv,29268
A0443.raw,1,255,0,1,1,1,1781.088,1048576,312380,2,equal,2,521.390,3073960,3073940,0,ccb3ef31983af08cd9f388ec05e70ed22e1dfacd463abb8187399bdc31004a25,1769.260,11.828,2978520,2978520,0,1,0,20,ESP32/cnn_tflite_esp32/reports/20261008T215503505222Z/report.csv,29268
A0444.raw,1,255,0,1,1,1,1783.619,1048576,312380,2,equal,2,511.633,3073960,3073940,0,1bfa823e18be1a7b5b2938d4f1bd946c72a892b269b96c00fa42292ba4deb4e5,1771.085,12.534,2978520,2978520,0,1,0,20,ESP32/cnn_tflite_esp32/reports/20261008T215503505222Z/report.csv,29268
A0445.raw,1,255,0,1,1,1,1781.91,1048576,312380,2,equal,2,734.755,3073960,3073940,0,a8b7a452a004796a2c7d7791c71e2487cba81c4a5f61899dc4f77bb1f88b3ea3,1770.089,11.821,2978520,2978520,0,1,0,20,ESP32/cnn_tflite_esp32/reports/20261008T215503505222Z/report.csv,29268
A0446.raw,1,255,0,1,1,1,1782.598,1048576,312380,2,equal,2,680.168,3073960,3073940,0,f9dd396ed82caccba652005c77416c48d0fa9e74333e06e971cdbd9daf4d0ccc,1770.780,11.818,2978520,2978520,0,1,0,20,ESP32/cnn_tflite_esp32/reports/20261008T215503505222Z/report.csv,29268
A0447.raw,1,255,0,1,1,1,1780.921,1048576,312380,2,equal,2,678.022,3073960,3073940,0,22164c6f58efa97baff45ab1916e96329444a1318e8b699c92fa2920e999ca6d,1769.259,11.662,2978520,2978520,0,1,0,20,ESP32/cnn_tflite_esp32/reports/20261008T215503505222Z/report.csv,29268
A0448.raw,1,255,0,1,1,1,1782.771,1048576,312380,2,equal,2,818.299,3073960,3073940,0,7b9e1c18802c3e06e7962d54aa5638119d6569f2b1d3f06c0f1a9c2c721ff9fa,1770.688,12.083,2978520,2978520,0,1,0,20,ESP32/cnn_tflite_esp32/reports/20261008T215503505222Z/report.csv,29268
A0449.raw,1,255,0,1,1,1,1781.152,1048576,312380,2,equal,2,627.649,3073960,3073940,0,77b6282c6e91abff7064f29fa4f14bd70215112fccaeae8da65123c9a7c7e164,1769.455,11.697,2978520,2978520,0,1,0,20,ESP32/cnn_tflite_esp32/reports/20261008T215503505222Z/report.csv,29268
A0450.raw,1,255,0,1,1,1,1780.133,1048576,312380,2,equal,2,630.943,3073980,3073960,0,5ee3063ce7ba3d1d5953b420b4b4249751e99d02aa5740f2c50defe5426b454f,1768.470,11.663,2978520,2978520,0,1,0,20,ESP32/cnn_tflite_esp32/reports/20261008T215503505222Z/report.csv,29268
A0451.raw,1,255,0,1,1,1,1782.931,1048576,312380,2,equal,2,626.299,3073960,3073940,0,277103eb70aed96cf7382cacf9ba4acb2d5e1ab80ab5ea84ba5efa0f229b6ee4,1771.285,11.646,2978520,2978520,0,1,0,20,ESP32/cnn_tflite_esp32/reports/20261008T215503505222Z/report.csv,29268
A0452.raw,1,255,0,1,1,1,1780.992,1048576,312380,2,equal,2,623.645,3073960,3073940,0,fdeabd445b39a5516d6a8287ba8702391424b17dace143ea95c1c3c8feb0d761,1769.308,11.684,2978520,2978520,0,1,0,20,ESP32/cnn_tflite_esp32/reports/20261008T215503505222Z/report.csv,29268
A0453.raw,1,255,0,1,1,1,1780.461,1048576,312380,2,equal,2,713.563,3073960,3073940,0,7b8a5483def32ad412a1419a1337e9eb77dcf3bb6644ecfe03b105ceaea473f0,1767.919,12.542,2978520,2978520,0,1,0,20,ESP32/cnn_tflite_esp32/reports/20261008T215503505222Z/report.csv,29268
A0454.raw,1,255,0,1,1,1,1779.778,1048576,312380,2,equal,2,633.305,3073960,3073940,0,ce70c96557edc13439625711f1ab04a387542ae7c93176189f00b47647170322,1768.085,11.693,2978520,2978520,0,1,0,20,ESP32/cnn_tflite_esp32/reports/20261008T215503505222Z/report.csv,29268
A0455.raw,1,255,0,1,1,1,1780.219,1048576,312380,2,equal,2,1138.520,3073960,3073940,0,666e8963d88930d0267c5a56db8ed448b580b2bf2891b5e4306eecd11d6c84c4,1768.514,11.705,2978520,2978520,0,1,0,20,ESP32/cnn_tflite_esp32/reports/20261008T215503505222Z/report.csv,29268
A0456.raw,1,255,0,1,1,1,1781.325,1048576,312380,2,equal,2,622.642,3073960,3073940,0,2076d580918f93f1f650ed94f0ca56267e8c6de4bc1f41fb58eed2f5c3538372,1769.617,11.708,2978520,2978520,0,1,0,20,ESP32/cnn_tflite_esp32/reports/20261008T215503505222Z/report.csv,29268
A0457.raw,1,255,0,1,1,1,1780.166,1048576,312380,2,equal,2,950.787,3073960,3073940,0,f0a1efd351f0454d3b60283286610d0299b766fbd4780cbf13c381062a867ec2,1768.477,11.689,2978520,2978520,0,1,0,20,ESP32/cnn_tflite_esp32/reports/20261008T215503505222Z/report.csv,29268
A0460.raw,1,255,0,1,1,1,1781.795,1048576,312380,2,equal,2,812.875,3073980,3073940,0,4467e6f0bfcb1a09ba549cfd9e60b676c698295fe7211661df5276269ff8d466,1770.077,11.718,2978520,2978520,0,1,0,20,ESP32/cnn_tflite_esp32/reports/20261008T215503505222Z/report.csv,29268
A0461.raw,1,255,0,1,1,1,1781.249,1048576,312380,2,equal,2,735.842,3073960,3073940,0,32605b455b2c547cd87d3d9d20e69529ecd5732e9beb8974348c69a7e2b06358,1769.457,11.792,2978520,2978520,0,1,0,20,ESP32/cnn_tflite_esp32/reports/20261008T215503505222Z/report.csv,29268
A0462.raw,1,255,0,1,1,1,1784.774,1048576,312380,2,equal,2,2043.108,3073960,3073940,0,05168ee6194733ef17cc25a6d4e96757da69f5456f5a941f971b880b8918affa,1772.229,12.545,2978520,2978520,0,1,0,20,ESP32/cnn_tflite_esp32/reports/20261008T215503505222Z/report.csv,29268
A0463.raw,1,255,0,1,1,1,1781.797,1048576,312380,2,equal,2,506.989,3073960,3073940,0,be3460ec164028e5e62c1f9ab09b5c867ceff34c03474e357c7effa65ce31450,1769.749,12.048,2978520,2978520,0,1,0,20,ESP32/cnn_tflite_esp32/reports/20261008T215503505222Z/report.csv,29268
A0464.raw,1,255,0,1,1,1,1782.567,1048576,312380,2,equal,2,534.978,3073960,3073940,0,5c283aa1a7717c866744ecd39c08c399f1e32815ec457aac8d32ff4a7728e6fe,1769.667,12.900,2978520,2978520,0,1,0,20,ESP32/cnn_tflite_esp32/reports/20261008T215503505222Z/report.csv,29268
A0465.raw,1,255,0,1,1,1,1782.589,1048576,312380,2,equal,2,623.495,3073960,3073940,0,a2d760f6970b1ab708c4ae8b1e0f19ce87a8ed2e5a2df17c479d291754c847e1,1770.805,11.784,2978520,2978520,0,1,0,20,ESP32/cnn_tflite_esp32/reports/20261008T215503505222Z/report.csv,29268
A0466.raw,1,255,0,1,1,1,1780.239,1048576,312380,2,equal,2,621.876,3073960,3073940,0,9e1a33519fdb2d79c5f4be80a4ed0561ce0e3bc8a3e41135a958dc83832900e4,1767.846,12.393,2978520,2978520,0,1,0,20,ESP32/cnn_tflite_esp32/reports/20261008T215503505222Z/report.csv,29268
A0467.raw,1,255,0,1,1,1,1781.612,1048576,312380,2,equal,2,1557.819,3073960,3073940,0,9b85c621ce295c346eb67e6acf1b95ec97a9199ad5d2f778125f5ab3528f3d29,1769.714,11.898,2978520,2978520,0,1,0,20,ESP32/cnn_tflite_esp32/reports/20261008T215503505222Z/report.csv,29268
A0468.raw,1,255,0,1,1,1,1781.033,1048576,312380,2,equal,2,937.356,3073980,3073960,0,7387d08f605855afe11def5aaaf25dc5fc1be8c1e10c0dead85da7b75f05c9ce,1769.331,11.702,2978520,2978520,0,1,0,20,ESP32/cnn_tflite_esp32/reports/20261008T215503505222Z/report.csv,29268
A0469.raw,1,255,0,1,1,1,1782.689,1048576,312380,2,equal,2,764.853,3073960,3073960,0,9920945051c8ca0af07da3222812216581c97b0860588dd86c19a27ff52ca277,1770.977,11.712,2978520,2978520,0,1,0,20,ESP32/cnn_tflite_esp32/reports/20261008T215503505222Z/report.csv,29268
A0470.raw,1,255,0,1,1,1,1783.256,1048576,312380,2,equal,2,536.499,3073960,3073940,0,8351bc9b2678b672c207d99c417b0e48b023a43a0b59d2ce0d20adf1da8c7937,1771.553,11.703,2978520,2978520,0,1,0,20,ESP32/cnn_tflite_esp32/reports/20261008T215503505222Z/report.csv,29268
A0471.raw,1,255,0,1,1,1,1781.888,1048576,312380,2,equal,2,769.879,3073960,3073940,0,5f7fab66a6ee264a92d4b9f9eb856d78b46dd62f9c799556dbac813fa5839723,1770.206,11.682,2978520,2978520,0,1,0,20,ESP32/cnn_tflite_esp32/reports/20261008T215503505222Z/report.csv,29268
A0472.raw,1,255,0,1,1,1,1781.531,1048576,312380,2,equal,2,744.463,3073960,3073960,0,550f9af0d4c2b90e1f348b83ca4c419e36a3cb779853db377c7fa830df8a2b23,1769.882,11.649,2978520,2978520,0,1,0,20,ESP32/cnn_tflite_esp32/reports/20261008T215503505222Z/report.csv,29268
A0473.raw,1,255,0,1,1,1,1781.2,1048576,312380,2,equal,2,505.590,3073960,3073940,0,5a259fd0b64e4c159411d5ea0cdb51aff492528f8d4ad0c283899e78ed729401,1769.495,11.705,2978520,2978520,0,1,0,20,ESP32/cnn_tflite_esp32/reports/20261008T215503505222Z/report.csv,29268
A0474.raw,1,255,0,1,1,1,1780.904,1048576,312380,2,equal,2,629.717,3073960,3073940,0,635d1ace266ef7c1e7c008882f7c511e7c6c8635e4897767121a96e71cc411ef,1769.251,11.653,2978520,2978520,0,1,0,20,ESP32/cnn_tflite_esp32/reports/20261008T215503505222Z/report.csv,29268
A0475.raw,1,255,0,1,1,1,1780.794,1048576,312380,2,equal,2,626.465,3073960,3073940,0,744792a623000ecc152baba9d111eba1a9bc9051a92d5a8bfeea8a9e21a3051a,1769.197,11.597,2978520,2978520,0,1,0,20,ESP32/cnn_tflite_esp32/reports/20261008T215503505222Z/report.csv,29268
A0476.raw,1,255,0,1,1,1,1782.867,1048576,312380,2,equal,2,482.826,3073960,3073960,0,1cbe184048192dc181d39ad735b080245cdaa43eb1447b28a1fc5b6af96ee80b,1771.003,11.864,2978520,2978520,0,1,0,20,ESP32/cnn_tflite_esp32/reports/20261008T215503505222Z/report.csv,29268
A0477.raw,1,255,0,1,1,1,1781.513,1048576,312380,2,equal,2,654.742,3073980,3073960,0,428cf488e84162d10f63a4e3c4de146c70b16fb1f76a3a9962a2370aae7df99e,1769.787,11.726,2978520,2978520,0,1,0,20,ESP32/cnn_tflite_esp32/reports/20261008T215503505222Z/report.csv,29268
A0478.raw,1,255,0,1,1,1,1780.683,1048576,312380,2,equal,2,937.910,3073960,3073940,0,4d467691e69c778da303c0f2dd5b316aadba0f4c0d8dc9cb62838cbe7cf879f8,1769.025,11.658,2978520,2978520,0,1,0,20,ESP32/cnn_tflite_esp32/reports/20261008T215503505222Z/report.csv,29268
A0479.raw,1,255,0,1,1,1,1781.101,1048576,312380,2,equal,2,629.098,3073960,3073940,0,f7fbdbe46a41ff30ed900d3218dec769a1edb4bf914d5014a7b99dd349773079,1769.431,11.670,2978520,2978520,0,1,0,20,ESP32/cnn_tflite_esp32/reports/20261008T215503505222Z/report.csv,29268
A0480.raw,1,255,0,1,1,1,1783.592,1048576,312380,2,equal,2,711.969,3073960,3073940,0,16f802976c5fc8fd00c4b103b29b18e901639590265d002d6fb476fae747ee32,1771.027,12.565,2978520,2978520,0,1,0,20,ESP32/cnn_tflite_esp32/reports/20261008T215503505222Z/report.csv,29268
A0481.raw,1,255,0,1,1,1,1781.551,1048576,312380,2,equal,2,732.967,3073960,3073940,0,fa0fba25c29fe30e61f15f88565fb418f4c20ca8df750b5c8fb64a9d5025908a,1769.737,11.814,2978520,2978520,0,1,0,20,ESP32/cnn_tflite_esp32/reports/20261008T215503505222Z/report.csv,29268
A0482.raw,1,255,0,1,1,1,1781.71,1048576,312380,2,equal,2,625.134,3073960,3073940,0,e654b4b56afb1355e69bac53186bcb4c17eab8b29e4fd252de637f0a3b4c564d,1769.978,11.732,2978520,2978520,0,1,0,20,ESP32/cnn_tflite_esp32/reports/20261008T215503505222Z/report.csv,29268
A0483.raw,1,255,0,1,1,1,1781.39,1048576,312380,2,equal,2,622.134,3073960,3073940,0,1659fb567a77880a96debb11ed40ad2c3d48ba6f980841a20b96b3c6e3ca35dc,1769.679,11.711,2978520,2978520,0,1,0,20,ESP32/cnn_tflite_esp32/reports/20261008T215503505222Z/report.csv,29268
A0484.raw,1,255,0,1,1,1,1780.914,1048576,312380,2,equal,2,740.732,3073960,3073960,0,45b39e79ec26f4491dae9cd8e584521a697eb40431381c6f373e0516953ce77b,1769.255,11.659,2978520,2978520,0,1,0,20,ESP32/cnn_tflite_esp32/reports/20261008T215503505222Z/report.csv,29268
A0485.raw,1,255,0,1,1,1,1782.87,1048576,312380,2,equal,2,613.831,3073980,3073940,0,de52c19084f0d2bfb9ed1821e977f9b9646ecd7f9e960635ff20e57fc4b2d387,1771.128,11.742,2978520,2978520,0,1,0,20,ESP32/cnn_tflite_esp32/reports/20261008T215503505222Z/report.csv,29268
A0486.raw,1,255,0,1,1,1,1782.95,1048576,312380,2,equal,2,507.618,3073960,3073944,0,5df320de95700b4758a69eaad7c043ad640ad8c6cc43c913c6d41dbe53a59ac9,1770.508,12.442,2978520,2978520,0,1,0,20,ESP32/cnn_tflite_esp32/reports/20261008T215503505222Z/report.csv,29268
A0487.raw,1,255,0,1,1,1,1780.868,1048576,312380,2,equal,2,543.992,3073960,3073940,0,4b7fb30d5f43eb0f35ab02b20a4a10725dac6eedf28a3323f3f406e12b84ef45,1769.322,11.546,2978520,2978520,0,1,0,20,ESP32/cnn_tflite_esp32/reports/20261008T215503505222Z/report.csv,29268
A0488.raw,1,255,0,1,1,1,1785.174,1048576,312380,2,equal,2,495.224,3073960,3073960,0,6c12638c394fb1861f1177573a084c09fb63e38483548e407a77e7f5b66599d2,1772.454,12.720,2978520,2978520,0,1,0,20,ESP32/cnn_tflite_esp32/reports/20261008T215503505222Z/report.csv,29268
A0489.raw,1,255,0,1,1,1,1782.803,1048576,312380,2,equal,2,514.053,3073960,3073940,0,77672267e508fa2352c2fd96d97f39b4ac24230787d0ab7e88480ca3745c07be,1770.850,11.953,2978520,2978520,0,1,0,20,ESP32/cnn_tflite_esp32/reports/20261008T215503505222Z/report.csv,29268
A0490.raw,1,255,0,1,1,1,1783.038,1048576,312380,2,equal,2,530.682,3073960,3073940,0,9089b05eb7243b5c7970f3d8cd26d97923c17fe56a848762f3534f517bd34350,1770.739,12.299,2978520,2978520,0,1,0,20,ESP32/cnn_tflite_esp32/reports/20261008T215503505222Z/report.csv,29268
A0491.raw,1,255,0,1,1,1,1781.248,1048576,312380,2,equal,2,543.474,3073960,3073940,0,8e7675b056512f6ba73e9b41e390d22d94fa662d016efee6b920727a441a5e51,1769.643,11.605,2978520,2978520,0,1,0,20,ESP32/cnn_tflite_esp32/reports/20261008T215503505222Z/report.csv,29268
A0492.raw,1,255,0,1,1,1,1782.331,1048576,312380,2,equal,2,487.805,3073960,3073960,0,ac13bcd56de5d5ce1fdd224e3aae74bd75851e90fdaa69ff91f4388237e60f21,1770.647,11.684,2978520,2978520,0,1,0,20,ESP32/cnn_tflite_esp32/reports/20261008T215503505222Z/report.csv,29268
A0493.raw,1,255,0,1,1,1,1782.288,1048576,312380,2,equal,2,524.699,3073960,3073940,0,d46b3cb70df178d053edc818809ce86b3c75ccab449bf54886f65979c35cbe4d,1770.293,11.995,2978520,2978520,0,1,0,20,ESP32/cnn_tflite_esp32/reports/20261008T215503505222Z/report.csv,29268
A0494.raw,1,255,0,1,1,1,1781.435,1048576,312380,2,equal,2,521.439,3073960,3073940,0,b5cfeb2f8ba8b76ee94a43fa4fa2074636e33690ad8cac052dd08a71a896e0a3,1769.406,12.029,2978520,2978520,0,1,0,20,ESP32/cnn_tflite_esp32/reports/20261008T215503505222Z/report.csv,29268
A0495.raw,1,255,0,1,1,1,1783.09,1048576,312380,2,equal,2,501.132,3073960,3073960,0,d47a277ee0f1d0f220962f01ffed668d2a47579d45060265697a8f7cc93d44ef,1771.357,11.733,2978520,2978520,0,1,0,20,ESP32/cnn_tflite_esp32/reports/20261008T215503505222Z/report.csv,29268
A0496.raw,1,255,0,1,1,1,1782.535,1048576,312380,2,equal,2,524.063,3073960,3073940,0,7f07f0c27354353eddaac516a1066db33a5f5d0089a761289daff112437a7f5b,1770.834,11.701,2978520,2978520,0,1,0,20,ESP32/cnn_tflite_esp32/reports/20261008T215503505222Z/report.csv,29268
A0497.raw,1,255,0,1,1,1,1781.05,1048576,312380,2,equal,2,498.924,3073960,3073960,0,bd588bbb32063eff3bf8ee695437508a226b48eb80c22e72e9f10c7d0bbe6234,1769.408,11.642,2978520,2978520,0,1,0,20,ESP32/cnn_tflite_esp32/reports/20261008T215503505222Z/report.csv,29268
A0498.raw,1,255,0,1,1,1,1780.961,1048576,312380,2,equal,2,511.923,3073960,3073940,0,13a65769768f67ede78502877991a678af29a10d60c4e21be308eac103a6f44b,1769.384,11.577,2978520,2978520,0,1,0,20,ESP32/cnn_tflite_esp32/reports/20261008T215503505222Z/report.csv,29268
A0499.raw,1,255,0,1,1,1,1781.406,1048576,312380,2,equal,2,543.750,3073944,3073940,0,8d7f0c5d71bc66279b21810546cd95078c252e4b45ef7b60f4c95c291abd9777,1769.818,11.588,2978520,2978520,0,1,0,20,ESP32/cnn_tflite_esp32/reports/20261008T215503505222Z/report.csv,29268
A0500.raw,1,255,0,1,1,1,1782.662,1048576,312380,2,equal,2,541.956,3073960,3073940,0,61be9c6554dc091e56cef9827a7526d0d99e37bced96b62857651f65b6422cb1,1770.954,11.708,2978520,2978520,0,1,0,20,ESP32/cnn_tflite_esp32/reports/20261008T215503505222Z/report.csv,29268
A0501.raw,1,255,0,1,1,1,1782.881,1048576,312380,2,equal,2,520.723,3073960,3073940,0,c5891d88021223d56f4abeec1a81d071cc444986198ee162731da294598cc185,1771.295,11.586,2978520,2978520,0,1,0,20,ESP32/cnn_tflite_esp32/reports/20261008T215503505222Z/report.csv,29268
A0502.raw,1,255,0,1,1,1,1782.154,1048576,312380,2,equal,2,504.439,3073960,3073960,0,6431d7797261598cbb325f9c7a4c73f613656884cf6afeb746451c4192be89e1,1770.431,11.723,2978520,2978520,0,1,0,20,ESP32/cnn_tflite_esp32/reports/20261008T215503505222Z/report.csv,29268
A0503.raw,1,255,0,1,1,1,1782.11,1048576,312380,2,equal,2,521.290,3073960,3073940,0,fab22776ac980d3e8241841264bd4d5d2a6c99a4491e125e31607e29cf204d3d,1770.505,11.605,2978520,2978520,0,1,0,20,ESP32/cnn_tflite_esp32/reports/20261008T215503505222Z/report.csv,29268
A0504.raw,1,255,0,1,1,1,1777.897,1048576,312380,2,equal,2,514.513,3073960,3073940,0,26f6903f4e4395fb96b473343d6419ceeda31cb4e5729106759e26efc018c5d2,1766.333,11.564,2978520,2978520,0,1,0,20,ESP32/cnn_tflite_esp32/reports/20261008T215503505222Z/report.csv,29268
A0505.raw,1,255,0,1,1,1,1781.225,1048576,312380,2,equal,2,486.979,3073960,3073960,0,85a30a65d7b53d7ceee7dc116ffa31c36d6d75ff2463d679b79ad989d82dc0af,1769.628,11.597,2978520,2978520,0,1,0,20,ESP32/cnn_tflite_esp32/reports/20261008T215503505222Z/report.csv,29268
A0506.raw,1,255,0,1,1,1,1785.025,1048576,312380,2,equal,2,520.042,3073960,3073940,0,c0046e6b5d25fed82d03b9fbbd7bf08db4976af4cee6d5ca5da94576e7eb6fba,1773.343,11.682,2978520,2978520,0,1,0,20,ESP32/cnn_tflite_esp32/reports/20261008T215503505222Z/report.csv,29268
A0507.raw,1,255,0,1,1,1,1781.581,1048576,312380,2,equal,2,561.650,3073960,3073940,0,0c97f0ba67ed0d76748b003a7e3ab7cd17f68ba81ea10c62a5886d0a1394d94b,1769.913,11.668,2978520,2978520,0,1,0,20,ESP32/cnn_tflite_esp32/reports/20261008T215503505222Z/report.csv,29268
A0508.raw,1,255,0,1,1,1,1780.946,1048576,312380,2,equal,2,514.970,3073960,3073940,0,f1698ac9450d78f7543512320747137a19dbafd954c90bc392df61d96d9c62d5,1769.317,11.629,2978520,2978520,0,1,0,20,ESP32/cnn_tflite_esp32/reports/20261008T215503505222Z/report.csv,29268
A0509.raw,1,255,0,1,1,1,1781.229,1048576,312380,2,equal,2,513.959,3073960,3073940,0,5a3b0f8c25532fe9019769d12af651df80040769c454ad5168f17285c3d3a10d,1769.622,11.607,2978520,2978520,0,1,0,20,ESP32/cnn_tflite_esp32/reports/20261008T215503505222Z/report.csv,29268
A0510.raw,1,255,0,1,1,1,1781.034,1048576,312380,2,equal,2,503.330,3073960,3073960,0,80a44806c59e729f738a20db7ea4d734976a935728254c4ef22f21239ae27467,1769.368,11.666,2978520,2978520,0,1,0,20,ESP32/cnn_tflite_esp32/reports/20261008T215503505222Z/report.csv,29268
A0511.raw,1,255,0,1,1,1,1782.808,1048576,312380,2,equal,2,547.729,3073960,3073940,0,eeac47fd94eae1f9e04fa19b41a2d95a03b1cfd46cce9419f45e8a286a395934,1771.176,11.632,2978520,2978520,0,1,0,20,ESP32/cnn_tflite_esp32/reports/20261008T215503505222Z/report.csv,29268
A0512.raw,1,255,0,1,1,1,1781.761,1048576,312380,2,equal,2,564.671,3073960,3073940,0,78747f821d164c050ef37b07ac468a86fed53bdb2653ed4a7253139e9a434075,1770.127,11.634,2978520,2978520,0,1,0,20,ESP32/cnn_tflite_esp32/reports/20261008T215503505222Z/report.csv,29268
A0513.raw,1,255,0,1,1,1,1782.818,1048576,312380,2,equal,2,541.004,3073960,3073940,0,3ea8569ce525fef89c7b75637135add9fb405812580f34dc543129f8820a641e,1770.397,12.421,2978520,2978520,0,1,0,20,ESP32/cnn_tflite_esp32/reports/20261008T215503505222Z/report.csv,29268
A0514.raw,1,255,0,1,1,1,1781.534,1048576,312380,2,equal,2,551.430,3073960,3073940,0,e07761cd47c944432952607f08be095756f08534525c363672489cca83de0a55,1769.880,11.654,2978520,2978520,0,1,0,20,ESP32/cnn_tflite_esp32/reports/20261008T215503505222Z/report.csv,29268
A0515.raw,1,255,0,1,1,1,1782.533,1048576,312380,2,equal,2,497.070,3073960,3073960,0,461ee7f3350e36ba5e91d3dd7b655411956d2972c9f7dc43227a92b6d7adeb79,1769.744,12.789,2978520,2978520,0,1,0,20,ESP32/cnn_tflite_esp32/reports/20261008T215503505222Z/report.csv,29268
A0516.raw,1,255,0,1,1,1,1780.198,1048576,312380,2,equal,2,511.795,3073960,3073960,0,aee79c339c1ca648cc7c33af5ae7d1b201570a1ce8018383582a66a604947b66,1767.515,12.683,2978520,2978520,0,1,0,20,ESP32/cnn_tflite_esp32/reports/20261008T215503505222Z/report.csv,29268
A0517.raw,1,255,0,1,1,1,1785.364,1048576,312380,2,equal,2,501.156,3073960,3073960,0,8ed7a38b4cdd8f36695d57a2aa3ff3a48a4c9e86502e2fcbcd01c673764de57c,1773.716,11.648,2978520,2978520,0,1,0,20,ESP32/cnn_tflite_esp32/reports/20261008T215503505222Z/report.csv,29268
A0518.raw,1,255,0,1,1,1,1781.933,1048576,312380,2,equal,2,503.429,3073960,3073960,0,26d5bfb884d707382d89b7f8dc927fab26d2a1da1041009c916cd6e5fac8d22a,1770.266,11.667,2978520,2978520,0,1,0,20,ESP32/cnn_tflite_esp32/reports/20261008T215503505222Z/report.csv,29268
A0519.raw,1,255,0,1,1,1,1781.447,1048576,312380,2,equal,2,517.521,3073960,3073940,0,09151cdb5946fa84ba21424160ab0f0e1b4599f8a6b017e56b395273ddd77d69,1769.823,11.624,2978520,2978520,0,1,0,20,ESP32/cnn_tflite_esp32/reports/20261008T215503505222Z/report.csv,29268
A0520.raw,1,255,0,1,1,1,1781.798,1048576,312380,2,equal,2,521.290,3073960,3073940,0,4996599f76e1a8c6f64e4e1b2e13cd4cd06ba3652f227538e71c5f20cddb0888,1770.116,11.682,2978520,2978520,0,1,0,20,ESP32/cnn_tflite_esp32/reports/20261008T215503505222Z/report.csv,29268
A0521.raw,1,255,0,1,1,1,1780.79,1048576,312380,2,equal,2,518.887,3073960,3073960,0,342bc6c64620cf18250d1a41f9b975b30547e3f6aa4c6ef38193c8c4ee43a997,1769.202,11.588,2978520,2978520,0,1,0,20,ESP32/cnn_tflite_esp32/reports/20261008T215503505222Z/report.csv,29268
A0522.raw,1,255,0,1,1,1,1781.728,1048576,312380,2,equal,2,485.314,3073960,3073940,0,0344e77f709672fd29957ff2d25e9ea26b3d5e45d7a84635dae232900b5e8365,1769.907,11.821,2978520,2978520,0,1,0,20,ESP32/cnn_tflite_esp32/reports/20261008T215503505222Z/report.csv,29268
A0523.raw,1,255,0,1,1,1,1783.096,1048576,312380,2,equal,2,508.571,3073960,3073960,0,4bdb50eae51be04d84f943060741f4dd358ab09a89530f131ae82b488f06a252,1770.662,12.434,2978520,2978520,0,1,0,20,ESP32/cnn_tflite_esp32/reports/20261008T215503505222Z/report.csv,29268
A0524.raw,1,255,0,1,1,1,1780.264,1048576,312380,2,equal,2,538.958,3073960,3073940,0,93a00f57c03827a4b1e0fbfe80f218cb15abf480d43e45eccb5e02636ed6dd64,1768.613,11.651,2978520,2978520,0,1,0,20,ESP32/cnn_tflite_esp32/reports/20261008T215503505222Z/report.csv,29268
A0525.raw,1,255,0,1,1,1,1782.694,1048576,312380,2,equal,2,530.332,3073960,3073940,0,5d80f8898c50534b56facba2f4ceb4090a25d61d29612e577d2977407b89bb59,1771.104,11.590,2978520,2978520,0,1,0,20,ESP32/cnn_tflite_esp32/reports/20261008T215503505222Z/report.csv,29268
A0526.raw,1,255,0,1,1,1,1779.892,1048576,312380,2,equal,2,525.224,3073960,3073940,0,b6dbf5fc1ffc8cbedcb8f25c927fa28e92b7f1b8838ad18f3dcb812b20afdc6f,1768.323,11.569,2978520,2978520,0,1,0,20,ESP32/cnn_tflite_esp32/reports/20261008T215503505222Z/report.csv,29268
A0527.raw,1,255,0,1,1,1,1780.481,1048576,312380,2,equal,2,549.292,3073960,3073940,0,cac23da72c8f6e7c24ee1b531a5d922d566592c56b00938b934e5740612985b0,1768.818,11.663,2978520,2978520,0,1,0,20,ESP32/cnn_tflite_esp32/reports/20261008T215503505222Z/report.csv,29268
A0528.raw,1,255,0,1,1,1,1778.872,1048576,312380,2,equal,2,528.131,3073960,3073940,0,057069133730a635f590bec5117b2db36dfa53c2842c076246de57ae380c98a1,1767.217,11.655,2978520,2978520,0,1,0,20,ESP32/cnn_tflite_esp32/reports/20261008T215503505222Z/report.csv,29268
A0529.raw,1,255,0,1,1,1,1783.383,1048576,312380,2,equal,2,568.858,3073960,3073940,0,7ce1d02a21b413f72544cb3021805241db1d52c58a6941597439d49126aa4bd5,1770.733,12.650,2978520,2978520,0,1,0,20,ESP32/cnn_tflite_esp32/reports/20261008T215503505222Z/report.csv,29268
A0530.raw,1,255,0,1,1,1,1777.62,1048576,312380,2,equal,2,581.628,3073960,3073940,0,81433119fe21cc2da1add81b22d7ee19a5f82bc7a500f6e12e7ec4adc672d186,1765.952,11.668,2978520,2978520,0,1,0,20,ESP32/cnn_tflite_esp32/reports/20261008T215503505222Z/report.csv,29268
A0531.raw,1,255,0,1,1,1,1781.73,1048576,312380,2,equal,2,588.607,3073960,3073940,0,66e437c71b47ccd36333f82dc4abfe257ad653e2ca567f1e8b96c6d84966db91,1770.111,11.619,2978520,2978520,0,1,0,20,ESP32/cnn_tflite_esp32/reports/20261008T215503505222Z/report.csv,29268
A0532.raw,1,255,0,1,1,1,1780.191,1048576,312380,2,equal,2,530.737,3073960,3073940,0,628379d12fc40ea5d36ba7f275d55100797d0824f804cbcd5c439e6be9a8aed5,1768.626,11.565,2978520,2978520,0,1,0,20,ESP32/cnn_tflite_esp32/reports/20261008T215503505222Z/report.csv,29268
A0533.raw,1,255,0,1,1,1,1781.405,1048576,312380,2,equal,2,541.989,3073960,3073940,0,3aba95c759d127c1dcd74326e204e38b0b58b8dfc61e9095e63d94ebe0886085,1769.829,11.576,2978520,2978520,0,1,0,20,ESP32/cnn_tflite_esp32/reports/20261008T215503505222Z/report.csv,29268
A0534.raw,1,255,0,1,1,1,1782.178,1048576,312380,2,equal,2,487.032,3073960,3073940,0,139472b7cfd40e35ba09d3d6d529a995b0d0499fe10fb78c2d99213710b1fec7,1770.416,11.762,2978520,2978520,0,1,0,20,ESP32/cnn_tflite_esp32/reports/20261008T215503505222Z/report.csv,29268
A0535.raw,1,255,0,1,1,1,1782.86,1048576,312380,2,equal,2,508.762,3073960,3073956,0,162bad5ad5777713d8bd5fdefe30f50b87cf61db7ed11e3f67e5298dfbf7ef3f,1770.134,12.726,2978520,2978520,0,1,0,20,ESP32/cnn_tflite_esp32/reports/20261008T215503505222Z/report.csv,29268
A0536.raw,1,255,0,1,1,1,1784.012,1048576,312380,2,equal,2,503.676,3073960,3073960,0,cc83e56359176f328de6a1e5418a6939a7866d1ccbc61100091386428ebacf09,1772.370,11.642,2978520,2978520,0,1,0,20,ESP32/cnn_tflite_esp32/reports/20261008T215503505222Z/report.csv,29268
A0537.raw,1,255,0,1,1,1,1784.758,1048576,312380,2,equal,2,509.623,3073960,3073960,0,c4e149ca025c04bfdac29b8d6e4348215ad31d75479d95d832b4bed527d31185,1773.074,11.684,2978520,2978520,0,1,0,20,ESP32/cnn_tflite_esp32/reports/20261008T215503505222Z/report.csv,29268
A0538.raw,1,255,0,1,1,1,1782.314,1048576,312380,2,equal,2,539.658,3073960,3073940,0,38fcb95ad3b2e5f4d0fa2b196733881caeeed5e3913bf09410d3549645cf49c4,1770.621,11.693,2978520,2978520,0,1,0,20,ESP32/cnn_tflite_esp32/reports/20261008T215503505222Z/report.csv,29268
A0539.raw,1,255,0,1,1,1,1781.294,1048576,312380,2,equal,2,663.250,3073960,3073940,0,de18038c45b15e55ef497b8da7e2c306490efab733a6e4d575808d54f50c3660,1769.627,11.667,2978520,2978520,0,1,0,20,ESP32/cnn_tflite_esp32/reports/20261008T215503505222Z/report.csv,29268
A0540.raw,1,255,0,1,1,1,1783.387,1048576,312380,2,equal,2,496.092,3073960,3073960,0,ba76452f9f90c6f2867b6aac71783dec1d5dabe0fb756be2debd335d7ac5614d,1770.965,12.422,2978520,2978520,0,1,0,20,ESP32/cnn_tflite_esp32/reports/20261008T215503505222Z/report.csv,29268
A0541.raw,1,255,0,1,1,1,1781.541,1048576,312380,2,equal,2,517.265,3073960,3073940,0,4631df35ff134ca1b9833f167df89a7d14b081d668b7eedbd886754c74bdab90,1768.787,12.754,2978520,2978520,0,1,0,20,ESP32/cnn_tflite_esp32/reports/20261008T215503505222Z/report.csv,29268
A0542.raw,1,255,0,1,1,1,1783.423,1048576,312380,2,equal,2,518.883,3073960,3073940,0,8e57a7d84864d39a1c6cd06caaa18b12c178bd11761803d6f56104cd1a47f054,1771.484,11.939,2978520,2978520,0,1,0,20,ESP32/cnn_tflite_esp32/reports/20261008T215503505222Z/report.csv,29268
A0543.raw,1,255,0,1,1,1,1782.528,1048576,312380,2,equal,2,533.641,3073960,3073940,0,cfe3d6c091148bdf5ff116be13beb74b28fced63d3197c59b2abc2c1f5f27e72,1770.203,12.325,2978520,2978520,0,1,0,20,ESP32/cnn_tflite_esp32/reports/20261008T215503505222Z/report.csv,29268
A0544.raw,1,255,0,1,1,1,1782.244,1048576,312380,2,equal,2,505.111,3073960,3073960,0,022db222e3cf2302155651e63c0d589297651f0b8e14d0f92d3044fe409de790,1770.269,11.975,2978520,2978520,0,1,0,20,ESP32/cnn_tflite_esp32/reports/20261008T215503505222Z/report.csv,29268
A0545.raw,1,255,0,1,1,1,1780.573,1048576,312380,2,equal,2,490.603,3073960,3073960,0,1330f0c7e27bb9e6c559790deec186a81ed84c229c068631207c2a1a06e6ece3,1768.947,11.626,2978520,2978520,0,1,0,20,ESP32/cnn_tflite_esp32/reports/20261008T215503505222Z/report.csv,29268
A0546.raw,1,255,0,1,1,1,1783.231,1048576,312380,2,equal,2,529.985,3073960,3073940,0,5a97063891601acc25652d0561aedd5cdbed5a4d7750939633fca4a57f46f5ae,1771.546,11.685,2978520,2978520,0,1,0,20,ESP32/cnn_tflite_esp32/reports/20261008T215503505222Z/report.csv,29268
A0547.raw,1,255,0,1,1,1,1781.568,1048576,312380,2,equal,2,527.518,3073960,3073940,0,948f304534d604d83132118eddeef32189ecd89ef9627ba999acb45d9f92e8fa,1769.896,11.672,2978520,2978520,0,1,0,20,ESP32/cnn_tflite_esp32/reports/20261008T215503505222Z/report.csv,29268
A0548.raw,1,255,0,1,1,1,1781.119,1048576,312380,2,equal,2,516.602,3073960,3073940,0,de1c3d6b7ccda5c537d910105344341dff4f15cac9b2939c94e257f7b8481dee,1769.540,11.579,2978520,2978520,0,1,0,20,ESP32/cnn_tflite_esp32/reports/20261008T215503505222Z/report.csv,29268
A0549.raw,1,255,0,1,1,1,1777.614,1048576,312380,2,equal,2,511.743,3073960,3073940,0,0b5e28f9fbdf9565d108a0618e94401408dc368d9e5808ee99d7b14f96246b58,1765.958,11.656,2978520,2978520,0,1,0,20,ESP32/cnn_tflite_esp32/reports/20261008T215503505222Z/report.csv,29268
A0550.raw,1,255,0,1,1,1,1782.942,1048576,312380,2,equal,2,532.342,3073960,3073940,0,d29f75423bb497318beeb95758df4f70c62de5fac239fd9a1cdbf2844d0d9637,1771.250,11.692,2978520,2978520,0,1,0,20,ESP32/cnn_tflite_esp32/reports/20261008T215503505222Z/report.csv,29268
A0551.raw,1,255,0,1,1,1,1780.199,1048576,312380,2,equal,2,509.775,3073960,3073940,0,9d75b2e7b2534f3519b639044fb055cb4ebfbd26c688a7d114ef79a039bfc271,1768.576,11.623,2978520,2978520,0,1,0,20,ESP32/cnn_tflite_esp32/reports/20261008T215503505222Z/report.csv,29268
A0552.raw,1,255,0,1,1,1,1781.658,1048576,312380,2,equal,2,572.424,3073960,3073940,0,98926f501feb960d69c53fbef0d155b59872409827d3509ae122650a450c6285,1769.304,12.354,2978520,2978520,0,1,0,20,ESP32/cnn_tflite_esp32/reports/20261008T215503505222Z/report.csv,29268
A0553.raw,1,255,0,1,1,1,1782.772,1048576,312380,2,equal,2,604.604,3073960,3073940,0,eaf788b8f87c83f5a9d0cec39a0dda314764e31d9459377e128d476921b64b5a,1771.085,11.687,2978520,2978520,0,1,0,20,ESP32/cnn_tflite_esp32/reports/20261008T215503505222Z/report.csv,29268
A0554.raw,1,255,0,1,1,1,1783.094,1048576,312380,2,equal,2,537.615,3073960,3073940,0,88bc11daf513bb19dc49f6ee54d3dc724ba8640aba42ee821fae294f0d5cb6b3,1770.525,12.569,2978520,2978520,0,1,0,20,ESP32/cnn_tflite_esp32/reports/20261008T215503505222Z/report.csv,29268
A0555.raw,1,255,0,1,1,1,1783.014,1048576,312380,2,equal,2,703.189,3073960,3073940,0,243aadba4bd3a91f1b844149748883f542577641cb167d4eccd7b1f961d737c0,1771.047,11.967,2978520,2978520,0,1,0,20,ESP32/cnn_tflite_esp32/reports/20261008T215503505222Z/report.csv,29268
A0556.raw,1,255,0,1,1,1,1782.246,1048576,312380,2,equal,2,540.237,3073960,3073940,0,8c706117eb8fbd44f5754211db6cb7a132129fb4a6e2d74eb5ef2e1d0fb08405,1769.514,12.732,2978520,2978520,0,1,0,20,ESP32/cnn_tflite_esp32/reports/20261008T215503505222Z/report.csv,29268
A0557.raw,1,255,0,1,1,1,1779.328,1048576,312380,2,equal,2,571.355,3073960,3073940,0,bfc595f357df32170fbdbfe2ff686ce2be07ca93acf53bc867e832233267c5fe,1767.659,11.669,2978520,2978520,0,1,0,20,ESP32/cnn_tflite_esp32/reports/20261008T215503505222Z/report.csv,29268
A0558.raw,1,255,0,1,1,1,1780.724,1048576,312380,2,equal,2,514.482,3073960,3073940,0,4ac579f69b09b5c7e81d7d6ec6de1c3d9c4ad17c71a78c39def23f2be804ce43,1769.049,11.675,2978520,2978520,0,1,0,20,ESP32/cnn_tflite_esp32/reports/20261008T215503505222Z/report.csv,29268
A0559.raw,1,255,0,1,1,1,1780.432,1048576,312380,2,equal,2,531.506,3073960,3073936,0,5976ead4d10533d18b6432583ebb4cf03f050496f7d00c11f43b0f7f7e60975b,1768.785,11.647,2978520,2978520,0,1,0,20,ESP32/cnn_tflite_esp32/reports/20261008T215503505222Z/report.csv,29268
A0560.raw,1,255,0,1,1,1,1781.693,1048576,312380,2,equal,2,513.806,3073960,3073940,0,fca63381449d94cb05f0b94f5f9f1f9bedeb8c3a048ff73af8c71016f56dbc02,1770.050,11.643,2978520,2978520,0,1,0,20,ESP32/cnn_tflite_esp32/reports/20261008T215503505222Z/report.csv,29268
A0561.raw,1,255,0,1,1,1,1782.882,1048576,312380,2,equal,2,551.538,3073960,3073940,0,e243b3353c74854280638fbebc0c9d4cc40a16a28506851aad77dc952ab3ef39,1771.219,11.663,2978520,2978520,0,1,0,20,ESP32/cnn_tflite_esp32/reports/20261008T215503505222Z/report.csv,29268
A0562.raw,1,255,0,1,1,1,1781.77,1048576,312380,2,equal,2,519.682,3073956,3073940,0,6358e4ad9ab32f5f35df89e2b53931ad33c39b43aa981efad03c76a7e4a2e3d3,1769.298,12.472,2978520,2978520,0,1,0,20,ESP32/cnn_tflite_esp32/reports/20261008T215503505222Z/report.csv,29268
A0563.raw,1,255,0,1,1,1,1782.292,1048576,312380,2,equal,2,545.589,3073956,3073936,0,b29b3509655878bf2cbcdf7e64ab5248b678a2fe8d65adf229b504aa3303a87d,1770.590,11.702,2978520,2978520,0,1,0,20,ESP32/cnn_tflite_esp32/reports/20261008T215503505222Z/report.csv,29268
A0564.raw,1,255,0,1,1,1,1779.895,1048576,312380,2,equal,2,512.495,3073956,3073936,0,d7eea5fbb252f7acfe12ccda427c7ea0c2e250782f89ad54405de0fd2a094cf8,1768.235,11.660,2978520,2978520,0,1,0,20,ESP32/cnn_tflite_esp32/reports/20261008T215503505222Z/report.csv,29268
A0565.raw,1,255,0,1,1,1,1782.54,1048576,312380,2,equal,2,531.490,3073956,3073936,0,ac744ce80984283841c4d71502471cd056740c173884e1d02c642336c1dcc546,1770.840,11.700,2978520,2978520,0,1,0,20,ESP32/cnn_tflite_esp32/reports/20261008T215503505222Z/report.csv,29268
A0566.raw,1,255,0,1,1,1,1780.074,1048576,312380,2,equal,2,565.056,3073956,3073936,0,72fb3d18fbf9f73fa42ef46d05b15412905a16a3182b6e48478553e933054560,1768.418,11.656,2978520,2978520,0,1,0,20,ESP32/cnn_tflite_esp32/reports/20261008T215503505222Z/report.csv,29268
A0567.raw,1,255,0,1,1,1,1781.207,1048576,312380,2,equal,2,542.306,3073956,3073936,0,6317d493a6872362ec0e07a0553eb5448a8915d8bbd97dceac982c1616aa8b37,1769.646,11.561,2978520,2978520,0,1,0,20,ESP32/cnn_tflite_esp32/reports/20261008T215503505222Z/report.csv,29268
A0568.raw,1,255,0,1,1,1,1780.222,1048576,312380,2,equal,2,537.310,3073956,3073936,0,7b23dacbd7264c1ad8524b21810573b22d3d0a6a88e3aaef4ef21489b3a6721b,1768.576,11.646,2978520,2978520,0,1,0,20,ESP32/cnn_tflite_esp32/reports/20261008T215503505222Z/report.csv,29268
A0569.raw,1,255,0,1,1,1,1780.805,1048576,312380,2,equal,2,511.783,3073956,3073936,0,04530424082ec209e33a74a1f1d6a8b3db34626ac94c44fbd0968dd2bf3b5a90,1769.135,11.670,2978520,2978520,0,1,0,20,ESP32/cnn_tflite_esp32/reports/20261008T215503505222Z/report.csv,29268
A0570.raw,1,255,0,1,1,1,1777.467,1048576,312380,2,equal,2,504.515,3073956,3073956,0,c610abe34bb50c96a42fe5e7c36a9436e5fa22e234c1094167f7409cc9f2fb65,1765.738,11.729,2978520,2978520,0,1,0,20,ESP32/cnn_tflite_esp32/reports/20261008T215503505222Z/report.csv,29268
A0571.raw,1,255,0,1,1,1,1780.319,1048576,312380,2,equal,2,505.863,3073956,3073936,0,df3b4034df00a05758dc052b92534f84c840372401e81ff8deb5879f32dd0db2,1768.606,11.713,2978520,2978520,0,1,0,20,ESP32/cnn_tflite_esp32/reports/20261008T215503505222Z/report.csv,29268
A0572.raw,1,255,0,1,1,1,1781.722,1048576,312380,2,equal,2,525.667,3073956,3073936,0,00f43c7e997946b95fa376aeb4db67261149a81f82b41189ab131a04fe07fa77,1770.120,11.602,2978520,2978520,0,1,0,20,ESP32/cnn_tflite_esp32/reports/20261008T215503505222Z/report.csv,29268
A0573.raw,1,255,0,1,1,1,1782.878,1048576,312380,2,equal,2,515.252,3073956,3073936,0,39f682933b5d764436d323ea5d04c62e1dba0d3d7eedb9adba77571f71151aec,1770.522,12.356,2978520,2978520,0,1,0,20,ESP32/cnn_tflite_esp32/reports/20261008T215503505222Z/report.csv,29268
A0574.raw,1,255,0,1,1,1,1776.998,1048576,312380,2,equal,2,535.413,3073956,3073936,0,07d6bd4e9fd8fa17299f67ef5039e91fb5a5b25b39b57a302446818493d3ee31,1765.419,11.579,2978520,2978520,0,1,0,20,ESP32/cnn_tflite_esp32/reports/20261008T215503505222Z/report.csv,29268
A0575.raw,1,255,0,1,1,1,1776.536,1048576,312380,2,equal,2,651.481,3073956,3073936,0,4e51d0a493c821b2683b1e426de021064b026146c637ca0d70e4066c8ca1e574,1764.888,11.648,2978520,2978520,0,1,0,20,ESP32/cnn_tflite_esp32/reports/20261008T215503505222Z/report.csv,29268
A0576.raw,1,255,0,1,1,1,1778.201,1048576,312380,2,equal,2,517.824,3073956,3073936,0,383e92f73c35eec1546a763b6293dcae64b96affcbeafe5dd80ed909ce20aedd,1766.631,11.570,2978520,2978520,0,1,0,20,ESP32/cnn_tflite_esp32/reports/20261008T215503505222Z/report.csv,29268
A0577.raw,1,255,0,1,1,1,1781.44,1048576,312380,2,equal,2,526.378,3073956,3073936,0,38b501aaacdbda62f98315534aeccc168ef157ac0c2f93d0f172aef611f04ed5,1769.810,11.630,2978520,2978520,0,1,0,20,ESP32/cnn_tflite_esp32/reports/20261008T215503505222Z/report.csv,29268
A0578.raw,1,255,0,1,1,1,1776.911,1048576,312380,2,equal,2,541.259,3073956,3073936,0,3718bf69aa495704a742f1dc31de4b2de3b39c6b67d08df39c4c31945aacdb44,1765.257,11.654,2978520,2978520,0,1,0,20,ESP32/cnn_tflite_esp32/reports/20261008T215503505222Z/report.csv,29268
A0579.raw,1,255,0,1,1,1,1784.587,1048576,312380,2,equal,2,536.369,3073956,3073936,0,e803496a13e2cebb7e2aa7d4d84294d82bd114cc1d31d6a0035c6cbb5c4012fa,1773.008,11.579,2978520,2978520,0,1,0,20,ESP32/cnn_tflite_esp32/reports/20261008T215503505222Z/report.csv,29268
A0580.raw,1,255,0,1,1,1,1783.223,1048576,312380,2,equal,2,547.076,3073956,3073936,0,c6ed958f992e4f7f41409012ae0d60ac82e96423783a855359c530f7d4744706,1771.515,11.708,2978520,2978520,0,1,0,20,ESP32/cnn_tflite_esp32/reports/20261008T215503505222Z/report.csv,29268
A0581.raw,1,255,0,1,1,1,1777.995,1048576,312380,2,equal,2,578.829,3073956,3073936,0,5bf7c6ca1359b69b3c65f3dc617168b9bd39eb6ab7605f1c2b67d728f71ad3c5,1766.356,11.639,2978520,2978520,0,1,0,20,ESP32/cnn_tflite_esp32/reports/20261008T215503505222Z/report.csv,29268
A0582.raw,1,255,0,1,1,1,1780.041,1048576,312380,2,equal,2,542.807,3073956,3073936,0,403d8892e6aeb3b86869d596205fea15cb483b5882115700bccdc82e389c98c5,1768.370,11.671,2978520,2978520,0,1,0,20,ESP32/cnn_tflite_esp32/reports/20261008T215503505222Z/report.csv,29268
A0583.raw,1,255,0,1,1,1,1777.061,1048576,312380,2,equal,2,540.198,3073956,3073936,0,07385b683180846e72755009b41993bb4aa34a27c2487ba73831fdfc293a855a,1765.355,11.706,2978520,2978520,0,1,0,20,ESP32/cnn_tflite_esp32/reports/20261008T215503505222Z/report.csv,29268
A0584.raw,1,255,0,1,1,1,1781.997,1048576,312380,2,equal,2,556.914,3073956,3073936,0,1e0f7006ec1e8c343222fb59efd0e3c55f6b48163ead23a1ca0e5036de28b335,1769.301,12.696,2978520,2978520,0,1,0,20,ESP32/cnn_tflite_esp32/reports/20261008T215503505222Z/report.csv,29268
A0585.raw,1,255,0,1,1,1,1778.204,1048576,312380,2,equal,2,557.158,3073956,3073936,0,e5d13a5ed737b73911a87a8ba93ad2a32fbc2afdb723f8713fdb49737722be02,1766.562,11.642,2978520,2978520,0,1,0,20,ESP32/cnn_tflite_esp32/reports/20261008T215503505222Z/report.csv,29268
A0586.raw,1,255,0,1,1,1,1782.413,1048576,312380,2,equal,2,499.789,3073956,3073956,0,1d5af68faaee8c5a0b55c08aabaeea9c73d5403b1ba6c801d32cb7b6e4ef1917,1769.656,12.757,2978520,2978520,0,1,0,20,ESP32/cnn_tflite_esp32/reports/20261008T215503505222Z/report.csv,29268
A0587.raw,1,255,0,1,1,1,1779.418,1048576,312380,2,equal,2,519.615,3073960,3073936,0,a94f929bfcf9555cc98711c13f46ed65025a1e667383656751f7ba28921a2c9b,1767.094,12.324,2978520,2978520,0,1,0,20,ESP32/cnn_tflite_esp32/reports/20261008T215503505222Z/report.csv,29268
A0588.raw,1,255,0,1,1,1,1779.894,1048576,312380,2,equal,2,544.831,3073960,3073940,0,45d58d202f20aa4d45adb9c6ee2e4252edd80809f71b2a7e70c1c0fe1a1879e8,1768.325,11.569,2978520,2978520,0,1,0,20,ESP32/cnn_tflite_esp32/reports/20261008T215503505222Z/report.csv,29268
A0589.raw,1,255,0,1,1,1,1778.552,1048576,312380,2,equal,2,527.266,3073960,3073940,0,fc748c0eec5576daf263800327ba22ac8e8dc2101eab42d14d688882d5939993,1766.936,11.616,2978520,2978520,0,1,0,20,ESP32/cnn_tflite_esp32/reports/20261008T215503505222Z/report.csv,29268
A0590.raw,1,255,0,1,1,1,1776.977,1048576,312380,2,equal,2,527.949,3073960,3073940,0,16da102143e276296c14ada6197461875ea33e00119d379e66f4dc5a10f86455,1765.403,11.574,2978520,2978520,0,1,0,20,ESP32/cnn_tflite_esp32/reports/20261008T215503505222Z/report.csv,29268
A0591.raw,1,255,0,1,1,1,1780.805,1048576,312380,2,equal,2,541.961,3073960,3073940,0,bf60fb23bfa491c7b9b3b04ce5834f91d9c732cdd8b8d8e2bffdbb145f8f089a,1769.128,11.677,2978520,2978520,0,1,0,20,ESP32/cnn_tflite_esp32/reports/20261008T215503505222Z/report.csv,29268
A0592.raw,1,255,0,1,1,1,1776.66,1048576,312380,2,equal,2,499.856,3073960,3073960,0,cafeb94b51a8a9971f4105225f483f5da1d2bbe24fef1441bd4787181fca304e,1764.885,11.775,2978520,2978520,0,1,0,20,ESP32/cnn_tflite_esp32/reports/20261008T215503505222Z/report.csv,29268
A0593.raw,1,255,0,1,1,1,1781.045,1048576,312380,2,equal,2,515.541,3073960,3073940,0,f8bf35a121a5b22a2fe509f071133553014ed5d5c78762dab6de0c511cc57d89,1769.353,11.692,2978520,2978520,0,1,0,20,ESP32/cnn_tflite_esp32/reports/20261008T215503505222Z/report.csv,29268
A0594.raw,1,255,0,1,1,1,1779.085,1048576,312380,2,equal,2,517.195,3073960,3073940,0,e696808a2849a981353c78e8b3095cd74b17ab5bb5c9dd4d166b135067197dd7,1766.638,12.447,2978520,2978520,0,1,0,20,ESP32/cnn_tflite_esp32/reports/20261008T215503505222Z/report.csv,29268
A0595.raw,1,255,0,1,1,1,1782.28,1048576,312380,2,equal,2,524.521,3073960,3073940,0,a0de35896a17401f94affd1c2219c9289feb802e6faea915ad7cd915d76fd47b,1770.569,11.711,2978520,2978520,0,1,0,20,ESP32/cnn_tflite_esp32/reports/20261008T215503505222Z/report.csv,29268
A0596.raw,1,255,0,1,1,1,1781.387,1048576,312380,2,equal,2,510.881,3073960,3073940,0,ae18ee28084ae88e5fd085fa6b1230f0385320ff4bbfc48b081c06df6ebff0d5,1768.638,12.749,2978520,2978520,0,1,0,20,ESP32/cnn_tflite_esp32/reports/20261008T215503505222Z/report.csv,29268
A0597.raw,1,255,0,1,1,1,1781.637,1048576,312380,2,equal,2,515.472,3073960,3073940,0,58d70fb565470e9cbc81e40e430a338acc0a3f08a3707b80ab56da0be3341fb0,1769.729,11.908,2978520,2978520,0,1,0,20,ESP32/cnn_tflite_esp32/reports/20261008T215503505222Z/report.csv,29268
A0598.raw,1,255,0,1,1,1,1776.812,1048576,312380,2,equal,2,582.953,3073960,3073940,0,48736b103caea4856cb0e9f519d1584f26aec1d9ac18938500abcac110ebbf30,1765.135,11.677,2978520,2978520,0,1,0,20,ESP32/cnn_tflite_esp32/reports/20261008T215503505222Z/report.csv,29268
A0599.raw,1,255,0,1,1,1,1777.328,1048576,312380,2,equal,2,522.269,3073960,3073940,0,36e0db7491f279ee6fb77e99ad29929334d7ba6e68862609e058d85e88159196,1765.703,11.625,2978520,2978520,0,1,0,20,ESP32/cnn_tflite_esp32/reports/20261008T215503505222Z/report.csv,29268
A0600.raw,1,255,0,1,1,1,1778.145,1048576,312380,2,equal,2,532.265,3073960,3073940,0,07d921f87bb6af1bf20c3e01dd9ed12ed48a8f59934ce935f821d5df2bfe931d,1766.575,11.570,2978520,2978520,0,1,0,20,ESP32/cnn_tflite_esp32/reports/20261008T215503505222Z/report.csv,29268
A0601.raw,1,255,0,1,1,1,1778.407,1048576,312380,2,equal,2,504.660,3073960,3073960,0,76d7bc0e998f07595a2db32dd1057cc3c02bd0db02f5ae4181eb197167510029,1766.782,11.625,2978520,2978520,0,1,0,20,ESP32/cnn_tflite_esp32/reports/20261008T215503505222Z/report.csv,29268
A0602.raw,1,255,0,1,1,1,1780.13,1048576,312380,2,equal,2,519.694,3073960,3073940,0,3a6bfa9a3c8e131fcaa584a951dc660f22441b99b42c6bddbe96ee0208502da7,1768.483,11.647,2978520,2978520,0,1,0,20,ESP32/cnn_tflite_esp32/reports/20261008T215503505222Z/report.csv,29268
A0603.raw,1,255,0,1,1,1,1782.58,1048576,312380,2,equal,2,503.462,3073960,3073960,0,0210604f9a28393c98d981c6322f9c58e1ff4c5f2774ab3e39a4bd258e058604,1769.664,12.916,2978520,2978520,0,1,0,20,ESP32/cnn_tflite_esp32/reports/20261008T215503505222Z/report.csv,29268
A0604.raw,1,255,0,1,1,1,1783.113,1048576,312380,2,equal,2,522.517,3073960,3073940,0,5f8bb8175b462989c7ac22464a3a492613c7c1922b8647d9833d4adb2290119c,1770.710,12.403,2978520,2978520,0,1,0,20,ESP32/cnn_tflite_esp32/reports/20261008T215503505222Z/report.csv,29268
A0605.raw,1,255,0,1,1,1,1786.218,1048576,312380,2,equal,2,512.611,3073960,3073940,0,b7bb290dde2130f209b18fe722356dce383f031b4f61b4b2b0e7068844ddf7da,1773.428,12.790,2978520,2978520,0,1,0,20,ESP32/cnn_tflite_esp32/reports/20261008T215503505222Z/report.csv,29268
A0606.raw,1,255,0,1,1,1,1781.907,1048576,312380,2,equal,2,520.758,3073960,3073940,0,16acbd032e9d428a6e2e2aee49682c75e093494bdc277957077c8fd82b6b796e,1769.262,12.645,2978520,2978520,0,1,0,20,ESP32/cnn_tflite_esp32/reports/20261008T215503505222Z/report.csv,29268
A0607.raw,1,255,0,1,1,1,1776.451,1048576,312380,2,equal,2,590.517,3073944,3073940,0,c65d39175af63b7bde0d132a0bcf83c0e12674691b12a0bebd60546b90d3a7d4,1764.725,11.726,2978520,2978520,0,1,0,20,ESP32/cnn_tflite_esp32/reports/20261008T215503505222Z/report.csv,29268
A0608.raw,1,255,0,1,1,1,1780.88,1048576,312380,2,equal,2,534.288,3073960,3073940,0,b6e65cf8c3c4b1850eac1004cac22f4913608e8eb6569e64b0c95aaadf2c1a81,1769.215,11.665,2978520,2978520,0,1,0,20,ESP32/cnn_tflite_esp32/reports/20261008T215503505222Z/report.csv,29268
A0609.raw,1,255,0,1,1,1,1778.952,1048576,312380,2,equal,2,566.569,3073960,3073940,0,9711fe68f3d1be05563ed98e9ca7b773e22d6fef228a07161d4044e5fc2bef6c,1767.381,11.571,2978520,2978520,0,1,0,20,ESP32/cnn_tflite_esp32/reports/20261008T215503505222Z/report.csv,29268
A0610.raw,1,255,0,1,1,1,1780.72,1048576,312380,2,equal,2,597.089,3073960,3073940,0,a839ef66a69fd40f9025d882e66a70ed27c4b698910d1e54aa0ce413d293de39,1768.995,11.725,2978520,2978520,0,1,0,20,ESP32/cnn_tflite_esp32/reports/20261008T215503505222Z/report.csv,29268
A0611.raw,1,255,0,1,1,1,1783.308,1048576,312380,2,equal,2,637.627,3073960,3073940,0,c7b857eccb70660427bf005c24a3ff942c1825928f612a289e4fea2491e27ca3,1770.614,12.694,2978520,2978520,0,1,0,20,ESP32/cnn_tflite_esp32/reports/20261008T215503505222Z/report.csv,29268
A0612.raw,1,255,0,1,1,1,1783.139,1048576,312380,2,equal,2,679.069,3073980,3073940,0,a17f8a4c3fc8ab955550762eb7388c5aa45ffd477a4914f424a0c22a61f9c8b0,1771.498,11.641,2978520,2978520,0,1,0,20,ESP32/cnn_tflite_esp32/reports/20261008T215503505222Z/report.csv,29268
A0613.raw,1,255,0,1,1,1,1782.058,1048576,312380,2,equal,2,957.357,3073960,3073940,0,dcbed6e6a90b370da097cece67fcd8a6b923e267c858a817b405a2eefe7ea9c6,1770.372,11.686,2978520,2978520,0,1,0,20,ESP32/cnn_tflite_esp32/reports/20261008T215503505222Z/report.csv,29268
A0614.raw,1,255,0,1,1,1,1779.759,1048576,312380,2,equal,2,1015.773,3073960,3073940,0,1eda392d819eb66e75c73ddc21013109ae3237264f9300e10df7f89fb7da1a89,1768.090,11.669,2978520,2978520,0,1,0,20,ESP32/cnn_tflite_esp32/reports/20261008T215503505222Z/report.csv,29268
A0615.raw,1,255,0,1,1,1,1779.136,1048576,312380,2,equal,2,930.191,3073960,3073940,0,aa868c4820710b1523211a131da577f6fae01f126bce9a732680c5bfb0a23048,1767.474,11.662,2978520,2978520,0,1,0,20,ESP32/cnn_tflite_esp32/reports/20261008T215503505222Z/report.csv,29268
A0616.raw,1,255,0,1,1,1,1781.082,1048576,312380,2,equal,2,841.786,3073960,3073940,0,1ca0e747325db3189618fe40578f08e1c9f3e4456b0f8dca4906a7d74855cd76,1769.370,11.712,2978520,2978520,0,1,0,20,ESP32/cnn_tflite_esp32/reports/20261008T215503505222Z/report.csv,29268
A0617.raw,1,255,0,1,1,1,1781.637,1048576,312380,2,equal,2,882.196,3073960,3073940,0,1e94d793df45879cff2fed87aa17f8f292e4a50ce05171c4c3085dffe143ac42,1769.921,11.716,2978520,2978520,0,1,0,20,ESP32/cnn_tflite_esp32/reports/20261008T215503505222Z/report.csv,29268
A0618.raw,1,255,0,1,1,1,1782.301,1048576,312380,2,equal,2,866.925,3073960,3073940,0,717e783017691373284c600b7257ad4b5da189ae0b2ea7745e595d5cf69270e6,1770.565,11.736,2978520,2978520,0,1,0,20,ESP32/cnn_tflite_esp32/reports/20261008T215503505222Z/report.csv,29268
A0619.raw,1,255,0,1,1,1,1781.102,1048576,312380,2,equal,2,934.050,3073960,3073940,0,78d707af2549a55f03dc4b2005e834b7878abc3baad11108308a07fe171d369e,1769.466,11.636,2978520,2978520,0,1,0,20,ESP32/cnn_tflite_esp32/reports/20261008T215503505222Z/report.csv,29268
A0620.raw,1,255,0,1,1,1,1781.482,1048576,312380,2,equal,2,834.759,3073980,3073968,0,902ce5758f90ea4a15ba371d012cee4896438393d7b2b13d5f8bbd360d440bfd,1769.764,11.718,2978520,2978520,0,1,0,20,ESP32/cnn_tflite_esp32/reports/20261008T215503505222Z/report.csv,29268
A0621.raw,1,255,0,1,1,1,1780.255,1048576,312380,2,equal,2,910.937,3073960,3073940,0,e16e9619a09f55feb4915503448c7e4f6b0b418588c89c77fd5829326d06e6d5,1768.489,11.766,2978520,2978520,0,1,0,20,ESP32/cnn_tflite_esp32/reports/20261008T215503505222Z/report.csv,29268
A0622.raw,1,255,0,1,1,1,1782.382,1048576,312380,2,equal,2,974.061,3073960,3073940,0,ed128c61293c30d0807a5c7fa79acd6a7d6aadba6e3f471d85f634f88143ca30,1770.574,11.808,2978520,2978520,0,1,0,20,ESP32/cnn_tflite_esp32/reports/20261008T215503505222Z/report.csv,29268
A0623.raw,1,255,0,1,1,1,1781.758,1048576,312380,2,equal,2,813.415,3073960,3073940,0,6a12b7ed0be2dca20048f31e1d66bdada2fbfea55c39402e02594dc5b0f5484b,1770.067,11.691,2978520,2978520,0,1,0,20,ESP32/cnn_tflite_esp32/reports/20261008T215503505222Z/report.csv,29268
A0624.raw,1,255,0,1,1,1,1781.823,1048576,312380,2,equal,2,946.988,3073960,3073940,0,25ba0a7fd83ceff1458cda184ad8d96ffa8c9e9a4667e0c2a2e1fed28e5070eb,1770.122,11.701,2978520,2978520,0,1,0,20,ESP32/cnn_tflite_esp32/reports/20261008T215503505222Z/report.csv,29268
A0625.raw,1,255,0,1,1,1,1782.785,1048576,312380,2,equal,2,931.670,3073960,3073944,0,f2314e062c5dcca47ef39dadad6da5a2295396251bee9748621e0dc49e265200,1771.122,11.663,2978520,2978520,0,1,0,20,ESP32/cnn_tflite_esp32/reports/20261008T215503505222Z/report.csv,29268
A0626.raw,1,255,0,1,1,1,1777.843,1048576,312380,2,equal,2,1013.708,3073960,3073936,0,a3d7940f272171ad87ccda5ccfde0a8aa5da9fb13763c5db9fd6afee4e7b2765,1766.174,11.669,2978520,2978520,0,1,0,20,ESP32/cnn_tflite_esp32/reports/20261008T215503505222Z/report.csv,29268
A0627.raw,1,255,0,1,1,1,1781.371,1048576,312380,2,equal,2,928.244,3073960,3073940,0,514a911f458e1289224fd5ca4b49184e7155167c4a340badbefffb74a72ecda6,1769.502,11.869,2978520,2978520,0,1,0,20,ESP32/cnn_tflite_esp32/reports/20261008T215503505222Z/report.csv,29268
A0628.raw,1,255,0,1,1,1,1782.572,1048576,312380,2,equal,2,948.662,3073980,3073968,0,8d564876c163cd96ddddd311884aef0ec32f97de888f0a119e8ebdff6939841a,1770.854,11.718,2978520,2978520,0,1,0,20,ESP32/cnn_tflite_esp32/reports/20261008T215503505222Z/report.csv,29268
A0629.raw,1,255,0,1,1,1,1780.138,1048576,312380,2,equal,2,801.148,3073960,3073940,0,571e048be123d5ad8beab3e0574bf13eb374b58f2b8715cc89e13f6f43bd4063,1768.415,11.723,2978520,2978520,0,1,0,20,ESP32/cnn_tflite_esp32/reports/20261008T215503505222Z/report.csv,29268
A0630.raw,1,255,0,1,1,1,1780.025,1048576,312380,2,equal,2,817.364,3073960,3073940,0,758ea97831b121d6c701060c7bc09d61f63c9eb96fdd55c1992d22a8a5765e3d,1768.381,11.644,2978520,2978520,0,1,0,20,ESP32/cnn_tflite_esp32/reports/20261008T215503505222Z/report.csv,29268
A0631.raw,1,255,0,1,1,1,1781.764,1048576,312380,2,equal,2,827.650,3073960,3073940,0,e469367ca63716c079d05d2434f957991e8d68d6b6bda05ccf77a23e787cebec,1770.113,11.651,2978520,2978520,0,1,0,20,ESP32/cnn_tflite_esp32/reports/20261008T215503505222Z/report.csv,29268
A0632.raw,1,255,0,1,1,1,1781.199,1048576,312380,2,equal,2,841.951,3073960,3073940,0,16a98815be69b31163c4f5c1b20930819d242658f1885c32b1df158240080b54,1769.457,11.742,2978520,2978520,0,1,0,20,ESP32/cnn_tflite_esp32/reports/20261008T215503505222Z/report.csv,29268
A0633.raw,1,255,0,1,1,1,1780.195,1048576,312380,2,equal,2,914.572,3073960,3073940,0,cea13cd90025045e36bb12a06f18d492e13e8cc188dd70beea70df7d385c8b88,1768.514,11.681,2978520,2978520,0,1,0,20,ESP32/cnn_tflite_esp32/reports/20261008T215503505222Z/report.csv,29268
A0634.raw,1,255,0,1,1,1,1784.114,1048576,312380,2,equal,2,876.432,3073960,3073940,0,f46d854d285d4ffffc1f250beb9ab4c1f059f34a2e8acb5d0cb09103c2488111,1772.373,11.741,2978520,2978520,0,1,0,20,ESP32/cnn_tflite_esp32/reports/20261008T215503505222Z/report.csv,29268
A0635.raw,1,255,0,1,1,1,1780.045,1048576,312380,2,equal,2,888.816,3073960,3073940,0,0f80f9c8ef64726264c631f573c83d9fdf93c22c9899ce91862caaf170c10b10,1768.417,11.628,2978520,2978520,0,1,0,20,ESP32/cnn_tflite_esp32/reports/20261008T215503505222Z/report.csv,29268
A0636.raw,1,255,0,1,1,1,1781.72,1048576,312380,2,equal,2,871.001,3073964,3073940,0,126763fe1ba6fcfbe93ab3fb4cb66aa3d899ec8521a3983258431b27d8a7464e,1769.992,11.728,2978520,2978520,0,1,0,20,ESP32/cnn_tflite_esp32/reports/20261008T215503505222Z/report.csv,29268
A0637.raw,1,255,0,1,1,1,1776.381,1048576,312380,2,equal,2,1010.324,3073960,3073960,0,951e91bf95d5be4ea315b1ff90bfd1770365d4931720ff145c72f618cffd776c,1764.706,11.675,2978520,2978520,0,1,0,20,ESP32/cnn_tflite_esp32/reports/20261008T215503505222Z/report.csv,29268
A0638.raw,1,255,0,1,1,1,1779.846,1048576,312380,2,equal,2,850.158,3073960,3073940,0,8f835c4ff4a18772638e5abf72bc45abfd4d2d7cbe6d11a2cab0f2a321db360b,1768.213,11.633,2978520,2978520,0,1,0,20,ESP32/cnn_tflite_esp32/reports/20261008T215503505222Z/report.csv,29268
A0639.raw,1,255,0,1,1,1,1780.674,1048576,312380,2,equal,2,832.303,3073960,3073940,0,323ddbe213cedf42a650110e75989ccb009fb13736515ac0a2a69ae85faf21b4,1768.964,11.710,2978520,2978520,0,1,0,20,ESP32/cnn_tflite_esp32/reports/20261008T215503505222Z/report.csv,29268
A0640.raw,1,255,0,1,1,1,1782.545,1048576,312380,2,equal,2,881.500,3073960,3073940,0,d43fa64f8f9b072ca6248ac53ca988e7a2be2d0d9b28910eb3b3a987f213f9db,1769.740,12.805,2978520,2978520,0,1,0,20,ESP32/cnn_tflite_esp32/reports/20261008T215503505222Z/report.csv,29268
A0641.raw,1,255,0,1,1,1,1781.689,1048576,312380,2,equal,2,885.953,3073960,3073940,0,7e219cf3529706e92603c4ef49b53858e11f5659ed44db24af185997f60ba25a,1769.964,11.725,2978520,2978520,0,1,0,20,ESP32/cnn_tflite_esp32/reports/20261008T215503505222Z/report.csv,29268
A0642.raw,1,255,0,1,1,1,1781.677,1048576,312380,2,equal,2,910.791,3073960,3073940,0,6195acffff25b1a190367ef7af8d0551711e05f54957f646bf0c8d7b62354140,1769.956,11.721,2978520,2978520,0,1,0,20,ESP32/cnn_tflite_esp32/reports/20261008T215503505222Z/report.csv,29268
A0643.raw,1,255,0,1,1,1,1780.372,1048576,312380,2,equal,2,832.280,3073960,3073940,0,f8f0997ee6eb584043ddfbfad21679da2a1fceddb1546e22e2e167d73e0b80d1,1768.636,11.736,2978520,2978520,0,1,0,20,ESP32/cnn_tflite_esp32/reports/20261008T215503505222Z/report.csv,29268
A0644.raw,1,255,0,1,1,1,1780.393,1048576,312380,2,equal,2,849.829,3073980,3073940,0,bd5f01fb0f0699240f8cc959214fecf9840ec9bc91ee629a85a1dc66c9c457b8,1768.675,11.718,2978520,2978520,0,1,0,20,ESP32/cnn_tflite_esp32/reports/20261008T215503505222Z/report.csv,29268
A0645.raw,1,255,0,1,1,1,1781.223,1048576,312380,2,equal,2,1117.324,3073960,3073940,0,94dca5ec3a2ee98f38a322e045027473928caaf5839d67f9e87ab12da74fd4b1,1769.514,11.709,2978520,2978520,0,1,0,20,ESP32/cnn_tflite_esp32/reports/20261008T215503505222Z/report.csv,29268
A0646.raw,1,255,0,1,1,1,1781.65,1048576,312380,2,equal,2,924.957,3073960,3073940,0,de7aa13d8f3c2183e82ff9fc1512eb7053171936c0740e8889e4333fe0fc8992,1769.955,11.695,2978520,2978520,0,1,0,20,ESP32/cnn_tflite_esp32/reports/20261008T215503505222Z/report.csv,29268
A0647.raw,1,255,0,1,1,1,1782.462,1048576,312380,2,equal,2,978.800,3073960,3073940,0,8059780f3c688abbe9f014c807652a0cc6bd5f096d2b43eb7d9afd95235fb4cd,1770.608,11.854,2978520,2978520,0,1,0,20,ESP32/cnn_tflite_esp32/reports/20261008T215503505222Z/report.csv,29268
A0648.raw,1,255,0,1,1,1,1779.164,1048576,312380,2,equal,2,808.466,3073960,3073940,0,09a1847ee5933637d4b5a5fe4ff2deb72359b1004b70b53dc41a0eceda82858e,1767.450,11.714,2978520,2978520,0,1,0,20,ESP32/cnn_tflite_esp32/reports/20261008T215503505222Z/report.csv,29268
A0649.raw,1,255,0,1,1,1,1780.694,1048576,312380,2,equal,2,1136.309,3073960,3073948,0,190901886c0eb4d94d65038b42ca5ec5c816835fabb7683440a22a17889f2cfb,1769.038,11.656,2978520,2978520,0,1,0,20,ESP32/cnn_tflite_esp32/reports/20261008T215503505222Z/report.csv,29268
A0650.raw,1,255,0,1,1,1,1782.219,1048576,312380,2,equal,2,854.162,3073960,3073940,0,9bfe82d598e3a276dbab61d385a7c11289bd94d6d8c361f72ff6ca2871a25aef,1770.579,11.640,2978520,2978520,0,1,0,20,ESP32/cnn_tflite_esp32/reports/20261008T215503505222Z/report.csv,29268
A0651.raw,1,255,0,1,1,1,1777.161,1048576,312380,2,equal,2,1396.353,3073988,3073948,0,e669309c62d79825e8688fa3eeed303a6caa1a64b9bc0d3b1b3f645c4c27fe04,1765.274,11.887,2978520,2978520,0,1,0,20,ESP32/cnn_tflite_esp32/reports/20261008T215503505222Z/report.csv,29268
A0652.raw,1,255,0,1,1,1,1779.677,1048576,312380,2,equal,2,848.471,3073960,3073948,0,9a01f786adb234933eaff87f23e1b1e5f287139351f849233f6432371b07f789,1768.001,11.676,2978520,2978520,0,1,0,20,ESP32/cnn_tflite_esp32/reports/20261008T215503505222Z/report.csv,29268
A0653.raw,1,255,0,1,1,1,1778.562,1048576,312380,2,equal,2,797.969,3073960,3073940,0,3392830d6fbcd86e5cf66a27e1df7f6b8621822e1bbfc2b704acc0cbc240dfe5,1766.812,11.750,2978520,2978520,0,1,0,20,ESP32/cnn_tflite_esp32/reports/20261008T215503505222Z/report.csv,29268
A0654.raw,1,255,0,1,1,1,1777.815,1048576,312380,2,equal,2,838.906,3073960,3073940,0,6b9e1fc7fca7db8ec2f054cc4a6dcde22860189cebbe41bbe74ce72e310fa969,1765.945,11.870,2978520,2978520,0,1,0,20,ESP32/cnn_tflite_esp32/reports/20261008T215503505222Z/report.csv,29268
A0655.raw,1,255,0,1,1,1,1781.474,1048576,312380,2,equal,2,1027.473,3073960,3073940,0,f005ecd2585a704faa053cab3d04d695e20443fb473dfd05c545f3a269f4fdc2,1769.855,11.619,2978520,2978520,0,1,0,20,ESP32/cnn_tflite_esp32/reports/20261008T215503505222Z/report.csv,29268
A0656.raw,1,255,0,1,1,1,1781.3,1048576,312380,2,equal,2,820.395,3073960,3073940,0,0794572bff7faa9055c25458695d0578bf6d9bcb46b52895d221cc27feed72fa,1769.088,12.212,2978520,2978520,0,1,0,20,ESP32/cnn_tflite_esp32/reports/20261008T215503505222Z/report.csv,29268
A0657.raw,1,255,0,1,1,1,1779.905,1048576,312380,2,equal,2,861.277,3073960,3073940,0,6c545503051bcda696e2ff2ddc95342d67a41b5904ee5c94e3e0ce0e26158e96,1768.177,11.728,2978520,2978520,0,1,0,20,ESP32/cnn_tflite_esp32/reports/20261008T215503505222Z/report.csv,29268
A0658.raw,1,255,0,1,1,1,1781.124,1048576,312380,2,equal,2,819.758,3073960,3073940,0,565b0377aea1bfa459d06f79f96807c51fe829759e5d075bf717e7f2d6efba7d,1769.472,11.652,2978520,2978520,0,1,0,20,ESP32/cnn_tflite_esp32/reports/20261008T215503505222Z/report.csv,29268
A0659.raw,1,255,0,1,1,1,1775.06,1048576,312380,2,equal,2,960.370,3073980,3073940,0,6c77abca2f5cab28b481fdbb784a73cd2bdc28ac0decb99160f501fbf8aa6f69,1763.338,11.722,2978520,2978520,0,1,0,20,ESP32/cnn_tflite_esp32/reports/20261008T215503505222Z/report.csv,29268
A0660.raw,1,255,0,1,1,1,1777.575,1048576,312380,2,equal,2,1025.536,3073960,3073940,0,13ee1d2b12f086e600d7cff702b24096befa6ff07c588e5f5644e54c2d4ff4e9,1765.881,11.694,2978520,2978520,0,1,0,20,ESP32/cnn_tflite_esp32/reports/20261008T215503505222Z/report.csv,29268
A0661.raw,1,255,0,1,1,1,1780.165,1048576,312380,2,equal,2,946.842,3073960,3073940,0,c74b19cce3ab1a37c38666d3006bb884969e64c55e79e59dc503cb13d32d29a2,1768.459,11.706,2978520,2978520,0,1,0,20,ESP32/cnn_tflite_esp32/reports/20261008T215503505222Z/report.csv,29268
A0662.raw,1,255,0,1,1,1,1778.911,1048576,312380,2,equal,2,1230.086,3073960,3073940,0,e910474e6992c0a9d6b2e1dd4a5a2316cc57b4c7ab579f21ac09b1b2af3871ef,1767.047,11.864,2978520,2978520,0,1,0,20,ESP32/cnn_tflite_esp32/reports/20261008T215503505222Z/report.csv,29268
A0663.raw,1,255,0,1,1,1,1781.044,1048576,312380,2,equal,2,815.004,3073960,3073940,0,ba65c2c1244789b7b69b53c96e7f0bdd4a96c1c7dd179134046557747237e8ec,1769.432,11.612,2978520,2978520,0,1,0,20,ESP32/cnn_tflite_esp32/reports/20261008T215503505222Z/report.csv,29268
A0664.raw,1,255,0,1,1,1,1781.829,1048576,312380,2,equal,2,947.657,3073960,3073940,0,c82d364bed3938b8501731ab3852687601aa1d7f500955e08d7371174c54e38f,1770.125,11.704,2978520,2978520,0,1,0,20,ESP32/cnn_tflite_esp32/reports/20261008T215503505222Z/report.csv,29268
A0665.raw,1,255,0,1,1,1,1779.039,1048576,312380,2,equal,2,924.276,3073960,3073940,0,6c0deb69c406559b9204a4447c4c4cf6ee66cb02fd8545e45b5a13b58bc730f2,1767.300,11.739,2978520,2978520,0,1,0,20,ESP32/cnn_tflite_esp32/reports/20261008T215503505222Z/report.csv,29268
A0666.raw,1,255,0,1,1,1,1781.121,1048576,312380,2,equal,2,813.134,3073960,3073940,0,6b0e7764950c57b135cde1fae19bde16ff0f721a987e85308733b7cfa80ad82c,1769.441,11.680,2978520,2978520,0,1,0,20,ESP32/cnn_tflite_esp32/reports/20261008T215503505222Z/report.csv,29268
A0667.raw,1,255,0,1,1,1,1782.828,1048576,312380,2,equal,2,504.054,3073980,3073988,8,f3265b3324b3d0240ca2fb1901e1e969e4c22bc0bbb4db13907ffe7c6e13c522,1769.983,12.845,2978520,2978520,0,1,0,20,ESP32/cnn_tflite_esp32/reports/20261008T215503505222Z/report.csv,29268
A0668.raw,1,255,0,1,1,1,1779.507,1048576,312380,2,equal,2,984.307,3073960,3073940,0,4e5b1c567586ff052393dcfea3045fae3e6e1671579afb1b0c722a7c8703e8f2,1767.695,11.812,2978520,2978520,0,1,0,20,ESP32/cnn_tflite_esp32/reports/20261008T215503505222Z/report.csv,29268
A0669.raw,1,255,0,1,1,1,1781.458,1048576,312380,2,equal,2,817.605,3073960,3073940,0,2eba6e1e3155a526aa1b3b61d707cba4b90ae473d51da60838a9236d58d9900a,1769.742,11.716,2978520,2978520,0,1,0,20,ESP32/cnn_tflite_esp32/reports/20261008T215503505222Z/report.csv,29268
A0670.raw,1,255,0,1,1,1,1780.782,1048576,312380,2,equal,2,544.218,3073960,3073940,0,2129aeafda08de13212df3f3d9f8a9e4f471c19125ccf816ccdc6bee86967c12,1769.126,11.656,2978520,2978520,0,1,0,20,ESP32/cnn_tflite_esp32/reports/20261008T215503505222Z/report.csv,29268
A0671.raw,1,255,0,1,1,1,1776.158,1048576,312380,2,equal,2,929.033,3073960,3073940,0,f1ebb65298263ffa854fea5f4d78314fee960be145f3b9fc6b361c76f922c3ae,1764.419,11.739,2978520,2978520,0,1,0,20,ESP32/cnn_tflite_esp32/reports/20261008T215503505222Z/report.csv,29268
A0672.raw,1,255,0,1,1,1,1779.882,1048576,312380,2,equal,2,587.753,3073960,3073940,0,5f58d9489974664e588ab5ac0f6ef2a9c33a73682ab0083eab49d0fff7166f5f,1768.179,11.703,2978520,2978520,0,1,0,20,ESP32/cnn_tflite_esp32/reports/20261008T215503505222Z/report.csv,29268
A0673.raw,1,255,0,1,1,1,1779.04,1048576,312380,2,equal,2,873.608,3073960,3073940,0,9d32ba6c038e1416e0de0e23e06c779c492ada2349353acb19e6f7e7603f9aec,1767.333,11.707,2978520,2978520,0,1,0,20,ESP32/cnn_tflite_esp32/reports/20261008T215503505222Z/report.csv,29268
A0674.raw,1,255,0,1,1,1,1780.75,1048576,312380,2,equal,2,842.617,3073960,3073940,0,6b9324e9cadd84edbf238094a6e94a067ed45504e0659d8c557fa34caa246ca7,1769.029,11.721,2978520,2978520,0,1,0,20,ESP32/cnn_tflite_esp32/reports/20261008T215503505222Z/report.csv,29268
A0675.raw,1,255,0,1,1,1,1781.726,1048576,312380,2,equal,2,800.426,3073980,3073940,0,9e04ea6b51af99c28ede1fbd2993b349141aff66445e8d35e366256920ea2866,1769.996,11.730,2978520,2978520,0,1,0,20,ESP32/cnn_tflite_esp32/reports/20261008T215503505222Z/report.csv,29268
A0676.raw,1,255,0,1,1,1,1780.684,1048576,312380,2,equal,2,635.421,3073960,3073944,0,7f27bd0a69638f2e04959b031c5d36834e4f878211a3d7e1b76eca21eaf6ae87,1768.966,11.718,2978520,2978520,0,1,0,20,ESP32/cnn_tflite_esp32/reports/20261008T215503505222Z/report.csv,29268
A0677.raw,1,255,0,1,1,1,1779.88,1048576,312380,2,equal,2,569.460,3073960,3073940,0,080930013a17b5890bfb6c46b136c62f04cfd60e96e72fcb691bdad974d04652,1767.137,12.743,2978520,2978520,0,1,0,20,ESP32/cnn_tflite_esp32/reports/20261008T215503505222Z/report.csv,29268
A0678.raw,1,255,0,1,1,1,1780.688,1048576,312380,2,equal,2,683.990,3073960,3073940,0,472b362d8328244478d90a792d794f8e218ceb636bff187fc60863ec84a6189c,1768.918,11.770,2978520,2978520,0,1,0,20,ESP32/cnn_tflite_esp32/reports/20261008T215503505222Z/report.csv,29268
A0679.raw,1,255,0,1,1,1,1781.465,1048576,312380,2,equal,2,944.703,3073944,3073940,0,96beb7bd252c0663f9286b1a8d653c3031b64cf4e3b5f31f9bf733c210a72c33,1769.747,11.718,2978520,2978520,0,1,0,20,ESP32/cnn_tflite_esp32/reports/20261008T215503505222Z/report.csv,29268
A0680.raw,1,255,0,1,1,1,1784.208,1048576,312380,2,equal,2,938.673,3073960,3073948,0,e490a13a5367ae02b0ea61497efa98bf3bbd21318ce4875d1267b7d46a233587,1772.220,11.988,2978520,2978520,0,1,0,20,ESP32/cnn_tflite_esp32/reports/20261008T215503505222Z/report.csv,29268
A0681.raw,1,255,0,1,1,1,1783.314,1048576,312380,2,equal,2,762.758,3073960,3073940,0,2ec9407a87871a09ddc13b025a8c5fb66099e264203bc6ab89314cf24203086d,1770.926,12.388,2978520,2978520,0,1,0,20,ESP32/cnn_tflite_esp32/reports/20261008T215503505222Z/report.csv,29268
A0682.raw,1,255,0,1,1,1,1781.375,1048576,312380,2,equal,2,880.095,3073960,3073940,0,6e4ce26e92aa25981bb3e43446cffdb32fa7e7f141d690dd756b00cf372387b9,1768.923,12.452,2978520,2978520,0,1,0,20,ESP32/cnn_tflite_esp32/reports/20261008T215503505222Z/report.csv,29268
A0683.raw,1,255,0,1,1,1,1782.758,1048576,312380,2,equal,2,570.092,3073980,3073940,0,af8f6a07c7c75a25929ced4887ed2bbb4b39dde965fe5acf04593dad4493ad07,1769.589,13.169,2978520,2978520,0,1,0,20,ESP32/cnn_tflite_esp32/reports/20261008T215503505222Z/report.csv,29268
A0684.raw,1,255,0,1,1,1,1779.539,1048576,312380,2,equal,2,663.297,3073960,3073940,0,c826d3095b80545b4cd87e4c18a7a28071dd4b46478563cac513ea0d8db3a0da,1767.825,11.714,2978520,2978520,0,1,0,20,ESP32/cnn_tflite_esp32/reports/20261008T215503505222Z/report.csv,29268
A0685.raw,1,255,0,1,1,1,1780.187,1048576,312380,2,equal,2,723.045,3073960,3073940,0,63d9869325a59700d6823cc07dabce0dbaecd9c44a2b082dfb33786d5c1c4560,1768.492,11.695,2978520,2978520,0,1,0,20,ESP32/cnn_tflite_esp32/reports/20261008T215503505222Z/report.csv,29268
A0686.raw,1,255,0,1,1,1,1778.915,1048576,312380,2,equal,2,644.139,3073960,3073940,0,1d7c950923fc59eeb35910c673e15e086efcfadf8d60ecec357b133906570cb0,1767.185,11.730,2978520,2978520,0,1,0,20,ESP32/cnn_tflite_esp32/reports/20261008T215503505222Z/report.csv,29268
A0687.raw,1,255,0,1,1,1,1781.578,1048576,312380,2,equal,2,573.559,3073960,3073940,0,8af493a7c2ff243b667cb6f90d37d9b8d91e6c4b438596877f77723e91db6981,1768.789,12.789,2978520,2978520,0,1,0,20,ESP32/cnn_tflite_esp32/reports/20261008T215503505222Z/report.csv,29268
A0688.raw,1,255,0,1,1,1,1782.27,1048576,312380,2,equal,2,696.692,3073960,3073940,0,14bf02c4bc3672612403293cc104af30801743080656e86be67c37746675f59d,1770.581,11.689,2978520,2978520,0,1,0,20,ESP32/cnn_tflite_esp32/reports/20261008T215503505222Z/report.csv,29268
A0689.raw,1,255,0,1,1,1,1781.505,1048576,312380,2,equal,2,718.132,3073960,3073940,0,9a29e7459e561956403db22767d06021516e1bed01805280e438f9d4ef2f49f1,1769.831,11.674,2978520,2978520,0,1,0,20,ESP32/cnn_tflite_esp32/reports/20261008T215503505222Z/report.csv,29268
A0690.raw,1,255,0,1,1,1,1779.695,1048576,312380,2,equal,2,599.019,3073960,3073940,0,fbadee44fbc37266f33a753720fd1698250cc945a6d2cf47c33f87cc67294f97,1767.975,11.720,2978520,2978520,0,1,0,20,ESP32/cnn_tflite_esp32/reports/20261008T215503505222Z/report.csv,29268
A0691.raw,1,255,0,1,1,1,1780.836,1048576,312380,2,equal,2,747.502,3073960,3073968,8,d7e40a3285bf97ebcf82d664964616b0f1c13a558dd08120d71f7c31cf30bef9,1769.137,11.699,2978520,2978520,0,1,0,20,ESP32/cnn_tflite_esp32/reports/20261008T215503505222Z/report.csv,29268
A0692.raw,1,255,0,1,1,1,1782.971,1048576,312380,2,equal,2,747.271,3073960,3073960,0,4cb208c1db96b34680991f9fb3d7823c320d5d563b836f5a4c4a22bc018ca271,1771.294,11.677,2978520,2978520,0,1,0,20,ESP32/cnn_tflite_esp32/reports/20261008T215503505222Z/report.csv,29268
A0693.raw,1,255,0,1,1,1,1781.26,1048576,312380,2,equal,2,735.602,3073960,3073960,0,54c3a233e83ddaaab6152d050648c622065f5dc11b1885eb1f069c520ba60ed4,1769.575,11.685,2978520,2978520,0,1,0,20,ESP32/cnn_tflite_esp32/reports/20261008T215503505222Z/report.csv,29268
A0694.raw,1,255,0,1,1,1,1779.635,1048576,312380,2,equal,2,976.827,3073960,3073948,0,abfb9c870eda67b0065926509176de64322c047b8a4629b07a3d184c2fc53d7c,1767.860,11.775,2978520,2978520,0,1,0,20,ESP32/cnn_tflite_esp32/reports/20261008T215503505222Z/report.csv,29268
A0695.raw,1,255,0,1,1,1,1782.423,1048576,312380,2,equal,2,582.989,3073960,3073940,0,f260d5fdf2a70742e1493d70e05df39c7d88d80c6c9e33ed92b413fda8c6cb58,1770.555,11.868,2978520,2978520,0,1,0,20,ESP32/cnn_tflite_esp32/reports/20261008T215503505222Z/report.csv,29268
A0696.raw,1,255,0,1,1,1,1776.398,1048576,312380,2,equal,2,698.316,2942888,2942868,0,27e54f948469c60298d32ed1d2d0d35609ad250d6f22fc582e6e5e0746fc9572,1764.673,11.725,2847448,2847448,0,1,0,20,ESP32/cnn_tflite_esp32/reports/20261008T215503505222Z/report.csv,29268
A0697.raw,1,255,0,1,1,1,1779.766,1048576,312380,2,equal,2,515.911,2942888,2942868,0,3ba581543e57cc9327805e6b1c108912e26760d5eda1554e1417a0fc72d4e386,1768.078,11.688,2847448,2847448,0,1,0,20,ESP32/cnn_tflite_esp32/reports/20261008T215503505222Z/report.csv,29268
A0698.raw,1,255,0,1,1,1,1780.126,1048576,312380,2,equal,2,923.732,2942888,2942868,0,17f453f61bae68761df1fc991657d5e0e42f0a246cb8e225b885cbf44cc7c2a0,1768.373,11.753,2847448,2847448,0,1,0,20,ESP32/cnn_tflite_esp32/reports/20261008T215503505222Z/report.csv,29268
A0699.raw,1,255,0,1,1,1,1777.551,1048576,312380,2,equal,2,551.747,2942892,2942868,0,a4d1307f79e2c06ad7b749c1291290f682f0e739c90e12195f14fbc528cf3378,1765.826,11.725,2847448,2847448,0,1,0,20,ESP32/cnn_tflite_esp32/reports/20261008T215503505222Z/report.csv,29268
A0700.raw,1,255,0,1,1,1,1778.072,1048576,312380,2,equal,2,806.820,2942888,2942848,0,2689cbb5fbca6acd0d06494699c21b3795d36ab04bca6dbe7bdef008c577ef7b,1766.306,11.766,2847448,2847448,0,1,0,20,ESP32/cnn_tflite_esp32/reports/20261008T215503505222Z/report.csv,29268
A0701.raw,1,255,0,1,1,1,1782.364,1048576,312380,2,equal,2,571.978,2942888,2942868,0,d3445311b78f7d01d34f98cd939fef5862b3a567cd784d6c7439fc6bb0df9c5d,1770.645,11.719,2847448,2847448,0,1,0,20,ESP32/cnn_tflite_esp32/reports/20261008T215503505222Z/report.csv,29268
A0702.raw,1,255,0,1,1,1,1784.74,1048576,312380,2,equal,2,802.648,2942872,2942868,0,a4784c8ad75e1f85b437294479a0bba96a48248a93fe4c764399c8b0435fb2e1,1773.069,11.671,2847448,2847448,0,1,0,20,ESP32/cnn_tflite_esp32/reports/20261008T215503505222Z/report.csv,29268
A0703.raw,1,255,0,1,1,1,1780.251,1048576,312380,2,equal,2,828.118,2942888,2942868,0,17c3360fdb880c6add62ffb72fdb5b7d890ea3ccbdd07d3b6b98c11e76388d05,1768.580,11.671,2847448,2847448,0,1,0,20,ESP32/cnn_tflite_esp32/reports/20261008T215503505222Z/report.csv,29268
A0704.raw,1,255,0,1,1,1,1780.946,1048576,312380,2,equal,2,710.013,2942888,2942868,0,1efa00f8e4fca1b5dd853e00243707867c0465484f33845a50c41f461ff02450,1769.213,11.733,2847448,2847448,0,1,0,20,ESP32/cnn_tflite_esp32/reports/20261008T215503505222Z/report.csv,29268
A0705.raw,1,255,0,1,1,1,1779.665,1048576,312380,2,equal,2,847.622,2942888,2942868,0,7f553a82fdb4a845c28517b98b59d8a605f7b9e1d90ab84bb3b64e3f8d665342,1767.961,11.704,2847448,2847448,0,1,0,20,ESP32/cnn_tflite_esp32/reports/20261008T215503505222Z/report.csv,29268
A0706.raw,1,255,0,1,1,1,1778.249,1048576,312380,2,equal,2,609.728,2942888,2942868,0,60f18f5432fab0a4cdef8da68bef33eff013146ba303410ebfb1456a9e2596ee,1766.548,11.701,2847448,2847448,0,1,0,20,ESP32/cnn_tflite_esp32/reports/20261008T215503505222Z/report.csv,29268
A0707.raw,1,255,0,1,1,1,1780.621,1048576,312380,2,equal,2,640.783,2942916,2942872,0,73844b28b96f1af73310d681766ebee7c695bfd86f864d7c8aebfd4d75211373,1768.863,11.758,2847448,2847448,0,1,0,20,ESP32/cnn_tflite_esp32/reports/20261008T215503505222Z/report.csv,29268
A0708.raw,1,255,0,1,1,1,1779.813,1048576,312380,2,equal,2,553.053,2942888,2942876,0,88fb524ceea42a9169bc214c0c173cbdd2e024dee3aab157d4dec5f209a1b6f8,1767.970,11.843,2847448,2847448,0,1,0,20,ESP32/cnn_tflite_esp32/reports/20261008T215503505222Z/report.csv,29268
A0709.raw,1,255,0,1,1,1,1776.809,1048576,312380,2,equal,2,700.686,2942888,2942868,0,e79a3ad15ee57a17cc75ac97b2de12d7712b8e8b62b5430dced8ed980787e4ef,1765.093,11.716,2847448,2847448,0,1,0,20,ESP32/cnn_tflite_esp32/reports/20261008T215503505222Z/report.csv,29268
A0710.raw,1,255,0,1,1,1,1780.177,1048576,312380,2,equal,2,797.936,2942888,2942868,0,8746221f4c5443cc517b003a17ee2f476a01bdacf33a945771d16f8996881260,1768.306,11.871,2847448,2847448,0,1,0,20,ESP32/cnn_tflite_esp32/reports/20261008T215503505222Z/report.csv,29268
A0711.raw,1,255,0,1,1,1,1781.667,1048576,312380,2,equal,2,614.205,2942888,2942868,0,a0aad734f2d0a757ffdc4468ea0414df1987db5b0d782b28174ac0af8ddb3e6a,1769.150,12.517,2847448,2847448,0,1,0,20,ESP32/cnn_tflite_esp32/reports/20261008T215503505222Z/report.csv,29268
A0712.raw,1,255,0,1,1,1,1779.259,1048576,312380,2,equal,2,514.809,2942888,2942872,0,1e1be8ce5b92058a29d790be7b0a7aa97dbceb34d61493a73fa29e54f0f2cf75,1767.164,12.095,2847448,2847448,0,1,0,20,ESP32/cnn_tflite_esp32/reports/20261008T215503505222Z/report.csv,29268
A0713.raw,1,255,0,1,1,1,1781.065,1048576,312380,2,equal,2,557.418,2942888,2942868,0,fdca4acc74d19a6582e63f251eb9abc3e5f34c29d696ec8fb6d7dbea07e9ae6b,1769.390,11.675,2847448,2847448,0,1,0,20,ESP32/cnn_tflite_esp32/reports/20261008T215503505222Z/report.csv,29268
A0714.raw,1,255,0,1,1,1,1780.498,1048576,312380,2,equal,2,723.735,2942888,2942868,0,f38913cf79e27a18148a25554f03e5146e0ac35b8f157dc0aba362ac012b8066,1768.900,11.598,2847448,2847448,0,1,0,20,ESP32/cnn_tflite_esp32/reports/20261008T215503505222Z/report.csv,29268
A0715.raw,1,255,0,1,1,1,1779.444,1048576,312380,2,equal,2,509.966,2942888,2942868,0,bb8c4d158a26fe7ad234b38c43998111bc15356f7366189ddab69a867001bf52,1767.698,11.746,2847448,2847448,0,1,0,20,ESP32/cnn_tflite_esp32/reports/20261008T215503505222Z/report.csv,29268
A0716.raw,1,255,0,1,1,1,1773.682,1048576,312380,2,equal,2,744.396,2942908,2942908,0,d612edd0988b54edfacce701f3ab32c43aa5979d301dd8f1f59dc905896cb511,1762.028,11.654,2847448,2847448,0,1,0,20,ESP32/cnn_tflite_esp32/reports/20261008T215503505222Z/report.csv,29268
A0717.raw,1,255,0,1,1,1,1777.571,1048576,312380,2,equal,2,542.271,2942888,2942848,0,04a44f7382b242ac9e17b11f7b6a5cc4b8a6cce44de3c80217b84fd8c32447cf,1765.847,11.724,2847448,2847448,0,1,0,20,ESP32/cnn_tflite_esp32/reports/20261008T215503505222Z/report.csv,29268
A0718.raw,1,255,0,1,1,1,1779.519,1048576,312380,2,equal,2,741.693,2942888,2942888,0,f7c18601a276d39fa15735dcffe280f3f8d9efcc13e4259c37279e54e894e993,1767.822,11.697,2847448,2847448,0,1,0,20,ESP32/cnn_tflite_esp32/reports/20261008T215503505222Z/report.csv,29268
A0719.raw,1,255,0,1,1,1,1778.174,1048576,312380,2,equal,2,530.960,2942888,2942868,0,d8f1f53872dc6810ccd636cd3890c85b0bf8db6f7fda63be8402b525924d44cf,1766.507,11.667,2847448,2847448,0,1,0,20,ESP32/cnn_tflite_esp32/reports/20261008T215503505222Z/report.csv,29268
A0720.raw,1,255,0,1,1,1,1780.056,1048576,312380,2,equal,2,1135.512,2942888,2942868,0,eaf38b894ced07b6518fec51c7ddcd98eae63009a30938fa85031e10945b6cea,1768.322,11.734,2847448,2847448,0,1,0,20,ESP32/cnn_tflite_esp32/reports/20261008T215503505222Z/report.csv,29268
A0721.raw,1,255,0,1,1,1,1779.586,1048576,312380,2,equal,2,717.963,2942888,2942872,0,c96e5f3a871d7f93bdfc92d8f39724a45fed33b5d41b792b1875aa4920f7e6f8,1767.928,11.658,2847448,2847448,0,1,0,20,ESP32/cnn_tflite_esp32/reports/20261008T215503505222Z/report.csv,29268
A0722.raw,1,255,0,1,1,1,1781.215,1048576,312380,2,equal,2,850.569,2942888,2942868,0,21c61e6fe5a8a649a1ac5f75fa8bb094c357437cb032ce579a3ecf00fea15712,1769.377,11.838,2847448,2847448,0,1,0,20,ESP32/cnn_tflite_esp32/reports/20261008T215503505222Z/report.csv,29268
A0723.raw,1,255,0,1,1,1,1782.382,1048576,312380,2,equal,2,539.330,2942888,2942868,0,b1e4364b8ed5927052478b592e74b9cd35ede918428e0959fbd235cc2fb9a7ae,1770.680,11.702,2847448,2847448,0,1,0,20,ESP32/cnn_tflite_esp32/reports/20261008T215503505222Z/report.csv,29268
A0724.raw,1,255,0,1,1,1,1777.408,1048576,312380,2,equal,2,589.307,2942908,2942868,0,26821e7c389800cc1bce909c3e410800cbee6cf93c3da891efd8be310cbde7dd,1765.720,11.688,2847448,2847448,0,1,0,20,ESP32/cnn_tflite_esp32/reports/20261008T215503505222Z/report.csv,29268
A0725.raw,1,255,0,1,1,1,1780.098,1048576,312380,2,equal,2,730.947,2942888,2942848,0,bbadb7dbd2eb84d00afdf2a7ac38fecb546c75b892381d7e3481feffa8ed7f70,1768.243,11.855,2847448,2847448,0,1,0,20,ESP32/cnn_tflite_esp32/reports/20261008T215503505222Z/report.csv,29268
A0726.raw,1,255,0,1,1,1,1781.078,1048576,312380,2,equal,2,562.802,2942888,2942868,0,a6cb86f93aa3ca3cdcf0c080ae629920908bd868bc6750ddd0fd209d85be088d,1769.346,11.732,2847448,2847448,0,1,0,20,ESP32/cnn_tflite_esp32/reports/20261008T215503505222Z/report.csv,29268
A0727.raw,1,255,0,1,1,1,1780.001,1048576,312380,2,equal,2,705.332,2942888,2942868,0,5a8771245c8d04e6bd428389969662f445e7ff773fd74b0843aad5d6af58666b,1768.296,11.705,2847448,2847448,0,1,0,20,ESP32/cnn_tflite_esp32/reports/20261008T215503505222Z/report.csv,29268
A0728.raw,1,255,0,1,1,1,1779.976,1048576,312380,2,equal,2,714.139,2942888,2942860,0,159066e91f7bcbdf64670789013ac6d8d4b11636787ffff700ae8660849a2e5e,1768.230,11.746,2847448,2847448,0,1,0,20,ESP32/cnn_tflite_esp32/reports/20261008T215503505222Z/report.csv,29268
A0729.raw,1,255,0,1,1,1,1780.095,1048576,312380,2,equal,2,645.976,2942888,2942868,0,8d0127fac7ffd4348c8f4149a5f4687509f4f7800fb81a7b3fbefe7433fa3af2,1768.425,11.670,2847448,2847448,0,1,0,20,ESP32/cnn_tflite_esp32/reports/20261008T215503505222Z/report.csv,29268
A0730.raw,1,255,0,1,1,1,1776.74,1048576,312380,2,equal,2,608.273,2942888,2942868,0,7045f57bba58a3044c7e68c03e8c9002aaa14fa2d3c999f803055ec4b185a2fa,1765.027,11.713,2847448,2847448,0,1,0,20,ESP32/cnn_tflite_esp32/reports/20261008T215503505222Z/report.csv,29268
A0731.raw,1,255,0,1,1,1,1781.847,1048576,312380,2,equal,2,583.880,2942888,2942868,0,166b8a59415cf778e928582c3c9d3eabfd5fa9a8d6d41f607f1cd7882c7ee87d,1769.789,12.058,2847448,2847448,0,1,0,20,ESP32/cnn_tflite_esp32/reports/20261008T215503505222Z/report.csv,29268
A0732.raw,1,255,0,1,1,1,1778.925,1048576,312380,2,equal,2,638.730,2942888,2942868,0,e37a5db2f645ad1264d1c1ad16041e22f6a96d8238d75b3775fce9f48250614b,1767.107,11.818,2847448,2847448,0,1,0,20,ESP32/cnn_tflite_esp32/reports/20261008T215503505222Z/report.csv,29268
A0733.raw,1,255,0,1,1,1,1779.129,1048576,312380,2,equal,2,975.289,2942908,2942888,0,1d41f4e5771c6d66422bf2921993dc4b49863e2d93263e7768985b2dba2e6a00,1767.288,11.841,2847448,2847448,0,1,0,20,ESP32/cnn_tflite_esp32/reports/20261008T215503505222Z/report.csv,29268
A0734.raw,1,255,0,1,1,1,1779.046,1048576,312380,2,equal,2,506.344,2942888,2942888,0,cb86860e2b1774f8ea35c30d56669e0c5117b954081f588c8c29118de5b6413a,1767.381,11.665,2847448,2847448,0,1,0,20,ESP32/cnn_tflite_esp32/reports/20261008T215503505222Z/report.csv,29268
A0735.raw,1,255,0,1,1,1,1781.397,1048576,312380,2,equal,2,526.597,2942888,2942868,0,944b148a94601fe60a5a2faf842b76c4af97168975269d673e5f83c168276eef,1769.760,11.637,2847448,2847448,0,1,0,20,ESP32/cnn_tflite_esp32/reports/20261008T215503505222Z/report.csv,29268
A0736.raw,1,255,0,1,1,1,1775.848,1048576,312380,2,equal,2,502.413,2942888,2942888,0,b2c2aa2917908f2084276aff9ef842f919cf2269fd4d6e5606f2b9cbefde9a05,1764.146,11.702,2847448,2847448,0,1,0,20,ESP32/cnn_tflite_esp32/reports/20261008T215503505222Z/report.csv,29268
A0737.raw,1,255,0,1,1,1,1778.918,1048576,312380,2,equal,2,531.156,2942888,2942868,0,09b2a16e38435ae5e47bc626327251546dc6cb3fcddfbd7dd68ba5658b01e6c4,1767.230,11.688,2847448,2847448,0,1,0,20,ESP32/cnn_tflite_esp32/reports/20261008T215503505222Z/report.csv,29268
A0738.raw,1,255,0,1,1,1,1779.704,1048576,312380,2,equal,2,549.933,2942888,2942868,0,a94d6e3ded59176ea7a1f136a2779962c9788bcb7ed3e82a69ea7dac78dfab86,1768.055,11.649,2847448,2847448,0,1,0,20,ESP32/cnn_tflite_esp32/reports/20261008T215503505222Z/report.csv,29268
A0739.raw,1,255,0,1,1,1,1778.198,1048576,312380,2,equal,2,535.393,2942888,2942868,0,7df3bc959b32204153ca0b56d74193a0bbe94734e528e26fc25f609447c7fd2e,1766.547,11.651,2847448,2847448,0,1,0,20,ESP32/cnn_tflite_esp32/reports/20261008T215503505222Z/report.csv,29268
A0740.raw,1,255,0,1,1,1,1778.386,1048576,312380,2,equal,2,523.323,2942888,2942868,0,a7b7ae029dd67334a38f2aa8f59710a1c6e5685cbcdff48a4aa599be2179d5f2,1766.736,11.650,2847448,2847448,0,1,0,20,ESP32/cnn_tflite_esp32/reports/20261008T215503505222Z/report.csv,29268
A0741.raw,1,255,0,1,1,1,1782.523,1048576,312380,2,equal,2,515.526,2942888,2942876,0,45ad7f0a9f278e0d7b347331fdb5a574b40a733de42a4501d8e658e973c4a01d,1770.942,11.581,2847448,2847448,0,1,0,20,ESP32/cnn_tflite_esp32/reports/20261008T215503505222Z/report.csv,29268
A0742.raw,1,255,0,1,1,1,1780.856,1048576,312380,2,equal,2,502.497,2942888,2942888,0,763a43cdc0a436632b0acd294b3c986e7ae656714cdcfd11f346ed4cc2f089a1,1769.280,11.576,2847448,2847448,0,1,0,20,ESP32/cnn_tflite_esp32/reports/20261008T215503505222Z/report.csv,29268
A0743.raw,1,255,0,1,1,1,1776.318,1048576,312380,2,equal,2,551.356,2942888,2942868,0,1df95add3202b37b9bda109edb5fa5d5f376c1b24ce17b93c15417ddb901bdfb,1764.638,11.680,2847448,2847448,0,1,0,20,ESP32/cnn_tflite_esp32/reports/20261008T215503505222Z/report.csv,29268
A0744.raw,1,255,0,1,1,1,1780.748,1048576,312380,2,equal,2,522.813,2942888,2942868,0,611abb01d61e6af1a45619635d51dc336c3093b46fe1d2788c72f5ba3cfe5309,1769.116,11.632,2847448,2847448,0,1,0,20,ESP32/cnn_tflite_esp32/reports/20261008T215503505222Z/report.csv,29268
A0745.raw,1,255,0,1,1,1,1778.765,1048576,312380,2,equal,2,528.405,2942888,2942868,0,2627f373e6fc5755f62ff39f7988064f741079d68edae03f7cb756dbe7d8a12f,1767.150,11.615,2847448,2847448,0,1,0,20,ESP32/cnn_tflite_esp32/reports/20261008T215503505222Z/report.csv,29268
A0746.raw,1,255,0,1,1,1,1780.808,1048576,312380,2,equal,2,577.314,2942888,2942868,0,9ccc4e96284d226adf60958ba49455d4e39b92f52f27761147bc954bbfd7c8e6,1768.149,12.659,2847448,2847448,0,1,0,20,ESP32/cnn_tflite_esp32/reports/20261008T215503505222Z/report.csv,29268
A0747.raw,1,255,0,1,1,1,1782.95,1048576,312380,2,equal,2,514.369,2942888,2942868,0,c12cf05451740a4a8811a4000f7c1974e5cfcbb40365275bdd501e041b57fe63,1771.167,11.783,2847448,2847448,0,1,0,20,ESP32/cnn_tflite_esp32/reports/20261008T215503505222Z/report.csv,29268
A0748.raw,1,255,0,1,1,1,1781.849,1048576,312380,2,equal,2,537.951,2942888,2942868,0,88a99688acf14f0665fe3d04d3ced2135173a3c83c8e2ae6548c41d813b954e2,1769.418,12.431,2847448,2847448,0,1,0,20,ESP32/cnn_tflite_esp32/reports/20261008T215503505222Z/report.csv,29268
A0749.raw,1,255,0,1,1,1,1778.117,1048576,312380,2,equal,2,538.046,2942888,2942868,0,ae2cac1f845503db461677eed90fb03bcf1d82787ce003c407a150cbb5479969,1766.511,11.606,2847448,2847448,0,1,0,20,ESP32/cnn_tflite_esp32/reports/20261008T215503505222Z/report.csv,29268
A0750.raw,1,255,0,1,1,1,1780.946,1048576,312380,2,equal,2,522.528,2942888,2942868,0,3b78241636022978e3ad27db7ca924a67cc1055670381a03332e99d64ea16fa5,1769.263,11.683,2847448,2847448,0,1,0,20,ESP32/cnn_tflite_esp32/reports/20261008T215503505222Z/report.csv,29268
A0751.raw,1,255,0,1,1,1,1783.262,1048576,312380,2,equal,2,523.144,2942888,2942868,0,8f759219384a1eefe4a64fcf6c0b4f7374778f1f281c616f489baae07af7b92d,1771.644,11.618,2847448,2847448,0,1,0,20,ESP32/cnn_tflite_esp32/reports/20261008T215503505222Z/report.csv,29268
A0752.raw,1,255,0,1,1,1,1780.731,1048576,312380,2,equal,2,550.282,2942888,2942868,0,3ce97c1a72e6c251c3da064021b11865adc7b45d7be0f8a3793d65d642f03a08,1769.089,11.642,2847448,2847448,0,1,0,20,ESP32/cnn_tflite_esp32/reports/20261008T215503505222Z/report.csv,29268
A0753.raw,1,255,0,1,1,1,1777.305,1048576,312380,2,equal,2,567.026,2942888,2942868,0,8f9fc8e2a06455e5da98415100f5c7a047faebeb9de9907256978402fed4e2fd,1765.571,11.734,2847448,2847448,0,1,0,20,ESP32/cnn_tflite_esp32/reports/20261008T215503505222Z/report.csv,29268
A0754.raw,1,255,0,1,1,1,1780.869,1048576,312380,2,equal,2,535.954,2942888,2942868,0,86d89965ed22f2dfc05d693564e3286f3b32c049b5b808e700a60fe05b4e13a4,1768.883,11.986,2847448,2847448,0,1,0,20,ESP32/cnn_tflite_esp32/reports/20261008T215503505222Z/report.csv,29268
A0755.raw,1,255,0,1,1,1,1777.099,1048576,312380,2,equal,2,656.759,2942888,2942868,0,f9dae5ba03eb83758337062a6041272b6d8a6c28d589515088da745885d5590b,1765.446,11.653,2847448,2847448,0,1,0,20,ESP32/cnn_tflite_esp32/reports/20261008T215503505222Z/report.csv,29268
A0756.raw,1,255,0,1,1,1,1776.289,1048576,312380,2,equal,2,569.230,2942888,2942868,0,26e42110bf112f15a3cd4a4c81b0d48c5b46790da17a5c4eaac7cb349f70073d,1764.605,11.684,2847448,2847448,0,1,0,20,ESP32/cnn_tflite_esp32/reports/20261008T215503505222Z/report.csv,29268
A0757.raw,1,255,0,1,1,1,1781.055,1048576,312380,2,equal,2,546.692,2942888,2942868,0,3fc33bd7df2260b9930a339dc1eab0a09dffa36719b4e090087b9fa71003f100,1769.194,11.861,2847448,2847448,0,1,0,20,ESP32/cnn_tflite_esp32/reports/20261008T215503505222Z/report.csv,29268
A0758.raw,1,255,0,1,1,1,1780.88,1048576,312380,2,equal,2,598.917,2942888,2942868,0,d59bf3752edb8e57817e87fe5f8fa36ddbba0940829a287dbe0023d82c2121f7,1769.309,11.571,2847448,2847448,0,1,0,20,ESP32/cnn_tflite_esp32/reports/20261008T215503505222Z/report.csv,29268
A0759.raw,1,255,0,1,1,1,1782.627,1048576,312380,2,equal,2,541.056,2942888,2942868,0,165d820e76bae8014982a835533d95957cb896a52343ba20f4aa89ecb8266290,1770.901,11.726,2847448,2847448,0,1,0,20,ESP32/cnn_tflite_esp32/reports/20261008T215503505222Z/report.csv,29268
A0760.raw,1,255,0,1,1,1,1781.21,1048576,312380,2,equal,2,601.343,2942888,2942868,0,9e14770b2ffe88ad3845d1bcc88b0540ec2820ab84798da0f6c38bb26076e6aa,1769.550,11.660,2847448,2847448,0,1,0,20,ESP32/cnn_tflite_esp32/reports/20261008T215503505222Z/report.csv,29268
A0761.raw,1,255,0,1,1,1,1780.204,1048576,312380,2,equal,2,523.124,2942888,2942868,0,2cb637ec4b7380b38ae00d622124352d5f787fefdae138fc27f6863b5296e75b,1768.543,11.661,2847448,2847448,0,1,0,20,ESP32/cnn_tflite_esp32/reports/20261008T215503505222Z/report.csv,29268
A0762.raw,1,255,0,1,1,1,1781.125,1048576,312380,2,equal,2,518.732,2942888,2942864,0,789b87a3ab892db02a0b345a85f8f13ea597603d0c5ec5c64ad6e55d95742091,1769.460,11.665,2847448,2847448,0,1,0,20,ESP32/cnn_tflite_esp32/reports/20261008T215503505222Z/report.csv,29268
A0763.raw,1,255,0,1,1,1,1780.806,1048576,312380,2,equal,2,489.686,2942888,2942888,0,d6ff0fa5159d36daf43e4aa798a1fd474b3047dc3106b74e6c9f88588a76035b,1769.140,11.666,2847448,2847448,0,1,0,20,ESP32/cnn_tflite_esp32/reports/20261008T215503505222Z/report.csv,29268
A0764.raw,1,255,0,1,1,1,1782.507,1048576,312380,2,equal,2,494.224,2942916,2942888,0,906300d7d85c3dfff71a7d68d92ae61ac49f01937c5855ec29be7cbaa44adae2,1770.469,12.038,2847448,2847448,0,1,0,20,ESP32/cnn_tflite_esp32/reports/20261008T215503505222Z/report.csv,29268
A0765.raw,1,255,0,1,1,1,1783.038,1048576,312380,2,equal,2,528.803,2942888,2942872,0,8144c2a178f504acaf3b6e098dd3ca6ee64c5c5296425a33899e66895e8b21b9,1770.293,12.745,2847448,2847448,0,1,0,20,ESP32/cnn_tflite_esp32/reports/20261008T215503505222Z/report.csv,29268
A0766.raw,1,255,0,1,1,1,1779.66,1048576,312380,2,equal,2,544.133,2942888,2942868,0,15b4e7252c805149bbd29cc01c08937d095583af957f423e5a309eff5c2eef05,1768.115,11.545,2847448,2847448,0,1,0,20,ESP32/cnn_tflite_esp32/reports/20261008T215503505222Z/report.csv,29268
A0767.raw,1,255,0,1,1,1,1781.278,1048576,312380,2,equal,2,518.215,2942888,2942868,0,658165d966b96fef4519f9c3e9da9c85c452b565f94295e5774f3f06cc6681aa,1769.619,11.659,2847448,2847448,0,1,0,20,ESP32/cnn_tflite_esp32/reports/20261008T215503505222Z/report.csv,29268
A0768.raw,1,255,0,1,1,1,1781.217,1048576,312380,2,equal,2,500.138,2942888,2942888,0,4b09ba679b71405fe180d6ab966f248984197904bbc01b5d140c6980052bc597,1769.382,11.835,2847448,2847448,0,1,0,20,ESP32/cnn_tflite_esp32/reports/20261008T215503505222Z/report.csv,29268
A0769.raw,1,255,0,1,1,1,1782.642,1048576,312380,2,equal,2,517.166,2942888,2942868,0,f6db975a46205bf6fefd4bd0876b8a6c49db3a2355f70bcda1c72723fbe3b4f2,1770.864,11.778,2847448,2847448,0,1,0,20,ESP32/cnn_tflite_esp32/reports/20261008T215503505222Z/report.csv,29268
A0770.raw,1,255,0,1,1,1,1781.003,1048576,312380,2,equal,2,527.127,2942888,2942868,0,fa2efc8b2663e46c411e63ba5b3aaead6041ba846d94e8865f6f9615434a3584,1769.091,11.912,2847448,2847448,0,1,0,20,ESP32/cnn_tflite_esp32/reports/20261008T215503505222Z/report.csv,29268
A0771.raw,1,255,0,1,1,1,1787.314,1048576,312380,2,equal,2,488.318,2942888,2942868,0,23091a1ad84285ecc85b73ab53f3e37798a74fe274a27b8da52dac9db410f905,1775.586,11.728,2847448,2847448,0,1,0,20,ESP32/cnn_tflite_esp32/reports/20261008T215503505222Z/report.csv,29268
A0772.raw,1,255,0,1,1,1,1781.531,1048576,312380,2,equal,2,506.866,2942888,2942868,0,17f3823c55dd86ab7a2864a99054fb17843aaada65add763e187c285b27c33e5,1769.976,11.555,2847448,2847448,0,1,0,20,ESP32/cnn_tflite_esp32/reports/20261008T215503505222Z/report.csv,29268
A0773.raw,1,255,0,1,1,1,1783.23,1048576,312380,2,equal,2,556.184,2942888,2942868,0,352e216f6e072275777a4deb630b894633aeb4ad1e7cbc4269ffdd0f98f95a4a,1771.316,11.914,2847448,2847448,0,1,0,20,ESP32/cnn_tflite_esp32/reports/20261008T215503505222Z/report.csv,29268
A0774.raw,1,255,0,1,1,1,1782.945,1048576,312380,2,equal,2,533.890,2942888,2942868,0,7ec9eab7073f79257f819e349c3547fb8ede95fdc083a9d11d96a43e56c3af5c,1770.525,12.420,2847448,2847448,0,1,0,20,ESP32/cnn_tflite_esp32/reports/20261008T215503505222Z/report.csv,29268
A0775.raw,1,255,0,1,1,1,1783.512,1048576,312380,2,equal,2,512.016,2942888,2942868,0,3bf636590b4ed347c1926cfbf9491e3143d111dcdde6d7658f20fa753e24fa3f,1770.908,12.604,2847448,2847448,0,1,0,20,ESP32/cnn_tflite_esp32/reports/20261008T215503505222Z/report.csv,29268
A0776.raw,1,255,0,1,1,1,1784.858,1048576,312380,2,equal,2,535.447,2942888,2942868,0,1b2c1fd85952c4ee5c7d8800db6bc5c395d99461719a780f7e2bb29273fb93ef,1773.200,11.658,2847448,2847448,0,1,0,20,ESP32/cnn_tflite_esp32/reports/20261008T215503505222Z/report.csv,29268
A0777.raw,1,255,0,1,1,1,1780.234,1048576,312380,2,equal,2,525.836,2942888,2942868,0,50d3a47f4079ca9739f2777018e2d653a298946f9a3f61af358df983c34125a9,1768.639,11.595,2847448,2847448,0,1,0,20,ESP32/cnn_tflite_esp32/reports/20261008T215503505222Z/report.csv,29268
A0778.raw,1,255,0,1,1,1,1781.374,1048576,312380,2,equal,2,542.449,2942888,2942868,0,0ec7aa23fb0e903a9401f52da5c54f5b8610a6d7cb7100332c6546168b35c035,1769.693,11.681,2847448,2847448,0,1,0,20,ESP32/cnn_tflite_esp32/reports/20261008T215503505222Z/report.csv,29268
A0779.raw,1,255,0,1,1,1,1784.535,1048576,312380,2,equal,2,568.097,2942888,2942868,0,e93691007d3c12179278d8e889719d3cda1b1fa693494d6a98d577d1bcfc5609,1772.923,11.612,2847448,2847448,0,1,0,20,ESP32/cnn_tflite_esp32/reports/20261008T215503505222Z/report.csv,29268
A0780.raw,1,255,0,1,1,1,1782.036,1048576,312380,2,equal,2,520.363,2942888,2942868,0,4b7ef08e11a23b7ea165d5de3e3594a729eb391b259166be81d597ed4a2848d7,1770.287,11.749,2847448,2847448,0,1,0,20,ESP32/cnn_tflite_esp32/reports/20261008T215503505222Z/report.csv,29268
A0781.raw,1,255,0,1,1,1,1780.763,1048576,312380,2,equal,2,515.295,2942888,2942868,0,85d808afdaae06f2cdab195cfddb0f630aeef1813c9074cd2f6f0ac07c15b37c,1769.047,11.716,2847448,2847448,0,1,0,20,ESP32/cnn_tflite_esp32/reports/20261008T215503505222Z/report.csv,29268
A0782.raw,1,255,0,1,1,1,1784.066,1048576,312380,2,equal,2,511.513,2942888,2942868,0,fbae2a04cdc26792648e5cc3702d95e316e8c78c93205e72cc4c426c79f778c9,1772.365,11.701,2847448,2847448,0,1,0,20,ESP32/cnn_tflite_esp32/reports/20261008T215503505222Z/report.csv,29268
A0783.raw,1,255,0,1,1,1,1778.99,1048576,312380,2,equal,2,515.485,2942888,2942868,0,834f5dda5da4bd8b6007a2fa73f4c3e259e69e7726002c10478586f178537ac4,1767.310,11.680,2847448,2847448,0,1,0,20,ESP32/cnn_tflite_esp32/reports/20261008T215503505222Z/report.csv,29268
A0784.raw,1,255,0,1,1,1,1777.386,1048576,312380,2,equal,2,512.734,2942888,2942868,0,a21446937c684f55042abe27831505bf36f31a748f3eaed3100e74b358e73264,1765.789,11.597,2847448,2847448,0,1,0,20,ESP32/cnn_tflite_esp32/reports/20261008T215503505222Z/report.csv,29268
A0785.raw,1,255,0,1,1,1,1780.688,1048576,312380,2,equal,2,522.441,2942888,2942868,0,31128235d00718dbcbf99dba21c39d6d945ece9026bb25040273131f2caf772a,1769.047,11.641,2847448,2847448,0,1,0,20,ESP32/cnn_tflite_esp32/reports/20261008T215503505222Z/report.csv,29268
A0786.raw,1,255,0,1,1,1,1776.631,1048576,312380,2,equal,2,544.077,2942888,2942872,0,e23fbc488a045d71ce4d955e2ab657a2e5c5f43db65617e3cdf89253aa0efec8,1765.016,11.615,2847448,2847448,0,1,0,20,ESP32/cnn_tflite_esp32/reports/20261008T215503505222Z/report.csv,29268
A0787.raw,1,255,0,1,1,1,1780.334,1048576,312380,2,equal,2,528.310,2942888,2942868,0,712f11da9476988288cef56f7998b0c0c288b1feeeb59c3d0d42eaa5827c96e2,1768.693,11.641,2847448,2847448,0,1,0,20,ESP32/cnn_tflite_esp32/reports/20261008T215503505222Z/report.csv,29268
A0788.raw,1,255,0,1,1,1,1778.434,1048576,312380,2,equal,2,602.491,2942888,2942868,0,e0aa14e16c202ce86dbc329945c119252c92246baddd1535495b0a44cee20205,1766.781,11.653,2847448,2847448,0,1,0,20,ESP32/cnn_tflite_esp32/reports/20261008T215503505222Z/report.csv,29268
A0789.raw,1,255,0,1,1,1,1774.979,1048576,312380,2,equal,2,525.980,2942888,2942868,0,dba80a3c23ee4d2dc7665a82811882362c6ed015ca4b9c98a1f19cbd56b2271b,1763.337,11.642,2847448,2847448,0,1,0,20,ESP32/cnn_tflite_esp32/reports/20261008T215503505222Z/report.csv,29268
A0790.raw,1,255,0,1,1,1,1781.06,1048576,312380,2,equal,2,510.644,2942888,2942896,8,d1dc4d52e38781a1104716bafb76a4a807d94f5ec412545bc8b243d7ed02e427,1769.414,11.646,2847448,2847448,0,1,0,20,ESP32/cnn_tflite_esp32/reports/20261008T215503505222Z/report.csv,29268
A0791.raw,1,255,0,1,1,1,1781.47,1048576,312380,2,equal,2,516.892,2942888,2942868,0,945984b8da0ba6acc0c01688ea78faf05f41b1bffa2d205425cd12831455e9c2,1769.823,11.647,2847448,2847448,0,1,0,20,ESP32/cnn_tflite_esp32/reports/20261008T215503505222Z/report.csv,29268
A0792.raw,1,255,0,1,1,1,1781.678,1048576,312380,2,equal,2,518.395,2942888,2942868,0,be3e59ee1572d3ed88a6cf0988816f598ce355b1a68926f50ec1075b55d44722,1769.974,11.704,2847448,2847448,0,1,0,20,ESP32/cnn_tflite_esp32/reports/20261008T215503505222Z/report.csv,29268
A0793.raw,1,255,0,1,1,1,1779.187,1048576,312380,2,equal,2,502.989,2942888,2942888,0,ebd4d3968b8d4281273b2aeca079646374143ec1a585dcb4105c4d40fc9eb4a9,1766.463,12.724,2847448,2847448,0,1,0,20,ESP32/cnn_tflite_esp32/reports/20261008T215503505222Z/report.csv,29268
A0794.raw,1,255,0,1,1,1,1781.555,1048576,312380,2,equal,2,488.309,2942888,2942888,0,617c17ce52cf899c43e214eff8a3a909594737fddcfefcb766d3f79b1000c54f,1769.961,11.594,2847448,2847448,0,1,0,20,ESP32/cnn_tflite_esp32/reports/20261008T215503505222Z/report.csv,29268
A0795.raw,1,255,0,1,1,1,1780.522,1048576,312380,2,equal,2,512.212,2942908,2942868,0,e6268509c70dcb5be58f4973c29d3aacd7f431b29d917a6e17cfccf37cb8a0eb,1768.927,11.595,2847448,2847448,0,1,0,20,ESP32/cnn_tflite_esp32/reports/20261008T215503505222Z/report.csv,29268
A0796.raw,1,255,0,1,1,1,1779.22,1048576,312380,2,equal,2,488.214,2942888,2942888,0,9941f2e8d0abc20c146b4f688c7b052ecd246fc82b116ebc64092f6cb0bc9598,1767.520,11.700,2847448,2847448,0,1,0,20,ESP32/cnn_tflite_esp32/reports/20261008T215503505222Z/report.csv,29268
A0797.raw,1,255,0,1,1,1,1779.062,1048576,312380,2,equal,2,517.500,2942888,2942860,0,5aedb375a86747c328e992d907d94712f6a6144016d004de84d49295ccf8502c,1767.429,11.633,2847448,2847448,0,1,0,20,ESP32/cnn_tflite_esp32/reports/20261008T215503505222Z/report.csv,29268
A0798.raw,1,255,0,1,1,1,1779.91,1048576,312380,2,equal,2,550.540,2942888,2942868,0,6cce47b30cb9fb8a34dcc994d27efd6d5235d2a31e7b6a98d6c1618d1c768c42,1768.252,11.658,2847448,2847448,0,1,0,20,ESP32/cnn_tflite_esp32/reports/20261008T215503505222Z/report.csv,29268
A0799.raw,1,255,0,1,1,1,1780.522,1048576,312380,2,equal,2,500.197,2942888,2942888,0,d927d623660e17ee18291e7a74b50ce9124ca373441613b73435dc505356de2f,1768.930,11.592,2847448,2847448,0,1,0,20,ESP32/cnn_tflite_esp32/reports/20261008T215503505222Z/report.csv,29268
A0800.raw,1,255,0,1,1,1,1778.407,1048576,312380,2,equal,2,523.558,2942888,2942868,0,973d2c733afe98b4bdd6b6c10361603f0133252e8b10f608e58a5ba20f77d0df,1766.837,11.570,2847448,2847448,0,1,0,20,ESP32/cnn_tflite_esp32/reports/20261008T215503505222Z/report.csv,29268
A0801.raw,1,255,0,1,1,1,1780.918,1048576,312380,2,equal,2,521.424,2942888,2942868,0,d323bbc126d34a59833ff0e2408a377ea50d8eaf05428a02014f07dc200e4699,1769.321,11.597,2847448,2847448,0,1,0,20,ESP32/cnn_tflite_esp32/reports/20261008T215503505222Z/report.csv,29268
A0802.raw,1,255,0,1,1,1,1781.133,1048576,312380,2,equal,2,535.422,2942888,2942868,0,227f83c31f812dd3cbe7199d13d1aee06693e80f4f99cc4493ac99f114566efa,1769.562,11.571,2847448,2847448,0,1,0,20,ESP32/cnn_tflite_esp32/reports/20261008T215503505222Z/report.csv,29268
A0803.raw,1,255,0,1,1,1,1781.312,1048576,312380,2,equal,2,520.295,2942888,2942868,0,cb433219e0788999b021e4ae1fee684b92f12d1ef915671deeb926f82224c252,1769.553,11.759,2847448,2847448,0,1,0,20,ESP32/cnn_tflite_esp32/reports/20261008T215503505222Z/report.csv,29268
A0804.raw,1,255,0,1,1,1,1779.179,1048576,312380,2,equal,2,512.296,2942888,2942868,0,3e24983d3951fd3c8a9dafe2e633cbe318d4fbf1f746156e70eefb69b049e7b2,1767.478,11.701,2847448,2847448,0,1,0,20,ESP32/cnn_tflite_esp32/reports/20261008T215503505222Z/report.csv,29268
A0805.raw,1,255,0,1,1,1,1791.081,1048576,312380,2,equal,2,521.499,2942888,2942868,0,c2a2685e64854933bdc89760fb09e051419dbaf3bb7d4d88d1f573c211415100,1778.709,12.372,2847448,2847448,0,1,0,20,ESP32/cnn_tflite_esp32/reports/20261008T215503505222Z/report.csv,29268
A0806.raw,1,255,0,1,1,1,1784.405,1048576,312380,2,equal,2,503.007,2942888,2942888,0,2e3614ce39d3e49ba6b2863c0f61d32ef8d8adfc08b316e19e36cd038d71ddb9,1771.372,13.033,2847448,2847448,0,1,0,20,ESP32/cnn_tflite_esp32/reports/20261008T215503505222Z/report.csv,29268
A0807.raw,1,255,0,1,1,1,1783.565,1048576,312380,2,equal,2,515.320,2942888,2942868,0,3c7b32abb2848ccb0c1dc01668e0acf43608615728d6a66815f19e699b17bc8e,1770.826,12.739,2847448,2847448,0,1,0,20,ESP32/cnn_tflite_esp32/reports/20261008T215503505222Z/report.csv,29268
A0808.raw,1,255,0,1,1,1,1784.626,1048576,312380,2,equal,2,494.997,2942888,2942888,0,45d74604d2ab525af318479845fd6b9e6ee9db4afbd7791898ddd75f4de77e07,1772.894,11.732,2847448,2847448,0,1,0,20,ESP32/cnn_tflite_esp32/reports/20261008T215503505222Z/report.csv,29268
A0809.raw,1,255,0,1,1,1,1781.633,1048576,312380,2,equal,2,520.786,2942888,2942868,0,6a4d743b921cff6465f8e6f31cd8db9b21738ce810203dca956b5f63dcbc98fe,1770.054,11.579,2847448,2847448,0,1,0,20,ESP32/cnn_tflite_esp32/reports/20261008T215503505222Z/report.csv,29268
A0810.raw,1,255,0,1,1,1,1781.564,1048576,312380,2,equal,2,521.555,2942888,2942868,0,bd51a415218b1cdfc04d35d42c8e8691422e0054d727f03ef3847f211fb585a6,1769.923,11.641,2847448,2847448,0,1,0,20,ESP32/cnn_tflite_esp32/reports/20261008T215503505222Z/report.csv,29268
A0811.raw,1,255,0,1,1,1,1780.602,1048576,312380,2,equal,2,511.028,2942888,2942868,0,c0e1fb3908fdc69acb49aa1407a9f59d4f6eaf35e4174fa4506a4669ecbed206,1768.914,11.688,2847448,2847448,0,1,0,20,ESP32/cnn_tflite_esp32/reports/20261008T215503505222Z/report.csv,29268
A0812.raw,1,255,0,1,1,1,1782.337,1048576,312380,2,equal,2,558.483,2942888,2942868,0,4d35d99ad925bd62d86d0650a829a2053e9e06b6eaf8524f7de6d3f6f2a9cea1,1770.389,11.948,2847448,2847448,0,1,0,20,ESP32/cnn_tflite_esp32/reports/20261008T215503505222Z/report.csv,29268
A0813.raw,1,255,0,1,1,1,1784.787,1048576,312380,2,equal,2,558.573,2942888,2942868,0,871c383bfbbbb593a7c84edb426d1d1b137878f9f323e5cef0b9a44b6941908b,1773.145,11.642,2847448,2847448,0,1,0,20,ESP32/cnn_tflite_esp32/reports/20261008T215503505222Z/report.csv,29268
A0814.raw,1,255,0,1,1,1,1783.485,1048576,312380,2,equal,2,543.463,2942888,2942868,0,5ac5266d62b09944f585988bf1d67dc3fb65db92ce0a65356ecfc2279997dc3f,1771.811,11.674,2847448,2847448,0,1,0,20,ESP32/cnn_tflite_esp32/reports/20261008T215503505222Z/report.csv,29268
A0815.raw,1,255,0,1,1,1,1783.688,1048576,312380,2,equal,2,542.419,2942888,2942868,0,102deaa98a295f665011244052f216be7f4925420279fed6bcba31a0a80eb28d,1772.053,11.635,2847448,2847448,0,1,0,20,ESP32/cnn_tflite_esp32/reports/20261008T215503505222Z/report.csv,29268
A0816.raw,1,255,0,1,1,1,1784.077,1048576,312380,2,equal,2,722.139,2942888,2942868,0,670d9c11c917dd439751d0bba2ec951aec5776b72c12209c28ccff59598dcf13,1772.490,11.587,2847448,2847448,0,1,0,20,ESP32/cnn_tflite_esp32/reports/20261008T215503505222Z/report.csv,29268
A0817.raw,1,255,0,1,1,1,1783.707,1048576,312380,2,equal,2,527.270,2942888,2942868,0,206ef1a0832d70c1946d3e02564779bb1a147c4f5b8916adeeccb054963f5f72,1771.980,11.727,2847448,2847448,0,1,0,20,ESP32/cnn_tflite_esp32/reports/20261008T215503505222Z/report.csv,29268
A0818.raw,1,255,0,1,1,1,1779.452,1048576,312380,2,equal,2,495.777,2942888,2942888,0,8ab44f026e0d85ddd72dd1953cf193351dda7d7bc21abe4837c3293bb251647f,1767.747,11.705,2847448,2847448,0,1,0,20,ESP32/cnn_tflite_esp32/reports/20261008T215503505222Z/report.csv,29268
A0819.raw,1,255,0,1,1,1,1780.344,1048576,312380,2,equal,2,497.846,2942888,2942888,0,07a864a7d009cea2ec380341476de4b010c16e85f8f2ed7cb827764ba2df36c4,1768.680,11.664,2847448,2847448,0,1,0,20,ESP32/cnn_tflite_esp32/reports/20261008T215503505222Z/report.csv,29268
A0820.raw,1,255,0,1,1,1,1782.556,1048576,312380,2,equal,2,574.463,2942888,2942868,0,38e23695a2dda46511aa5c38b8d55940c196407159a27cd95e274ca0b59dc354,1770.827,11.729,2847448,2847448,0,1,0,20,ESP32/cnn_tflite_esp32/reports/20261008T215503505222Z/report.csv,29268
A0821.raw,1,255,0,1,1,1,1782.235,1048576,312380,2,equal,2,528.734,2942888,2942868,0,3672248fd2b6d8e4d95e52475cf84099852689e426ace2f9d19510204d9af6e1,1770.657,11.578,2847448,2847448,0,1,0,20,ESP32/cnn_tflite_esp32/reports/20261008T215503505222Z/report.csv,29268
A0822.raw,1,255,0,1,1,1,1779.969,1048576,312380,2,equal,2,502.395,2942888,2942888,0,c161e05e5fff3c1433a860626595e121d1f52b09618bd471738c8394c4767855,1768.215,11.754,2847448,2847448,0,1,0,20,ESP32/cnn_tflite_esp32/reports/20261008T215503505222Z/report.csv,29268
A0823.raw,1,255,0,1,1,1,1781.619,1048576,312380,2,equal,2,527.110,2942888,2942868,0,5e38fdf34247f2c1e188de215cd79137fc95d4cc075af940f0d034138966e5de,1769.896,11.723,2847448,2847448,0,1,0,20,ESP32/cnn_tflite_esp32/reports/20261008T215503505222Z/report.csv,29268
A0824.raw,1,255,0,1,1,1,1783.538,1048576,312380,2,equal,2,652.483,2942888,2942868,0,56ca4337a50af6f7ed60683110a27a7a57c24c55ad975ca6b002e52af5933fac,1770.842,12.696,2847448,2847448,0,1,0,20,ESP32/cnn_tflite_esp32/reports/20261008T215503505222Z/report.csv,29268
A0825.raw,1,255,0,1,1,1,1780.671,1048576,312380,2,equal,2,522.789,2942888,2942868,0,a981e459984b52ae8f15f076fa9f2d9439ae01d4a8d555f17cb4f00ad33fb223,1768.020,12.651,2847448,2847448,0,1,0,20,ESP32/cnn_tflite_esp32/reports/20261008T215503505222Z/report.csv,29268
A0826.raw,1,255,0,1,1,1,1781.702,1048576,312380,2,equal,2,530.775,2942908,2942868,0,549a7a2f9efcb86b7ba84cdc771ed165722107319a0cf5f94fb783a245f591da,1769.236,12.466,2847448,2847448,0,1,0,20,ESP32/cnn_tflite_esp32/reports/20261008T215503505222Z/report.csv,29268
A0827.raw,1,255,0,1,1,1,1783.786,1048576,312380,2,equal,2,515.752,2942888,2942868,0,f161219b458073bc97f4c9ab6e79261406674c06430097aea3a652d070c900d6,1771.461,12.325,2847448,2847448,0,1,0,20,ESP32/cnn_tflite_esp32/reports/20261008T215503505222Z/report.csv,29268
A0828.raw,1,255,0,1,1,1,1783.007,1048576,312380,2,equal,2,510.517,2942888,2942868,0,54d0a43c750d6d23a6c85fa7e3a67431ba97288e1e4a26cd3878f1725c37b702,1770.970,12.037,2847448,2847448,0,1,0,20,ESP32/cnn_tflite_esp32/reports/20261008T215503505222Z/report.csv,29268
A0829.raw,1,255,0,1,1,1,1781.555,1048576,312380,2,equal,2,525.060,2942888,2942868,0,abcb5b4721e850e1c116b31dc7095f1a4440ff3cb4c955f28fd4f78574ee7893,1769.586,11.969,2847448,2847448,0,1,0,20,ESP32/cnn_tflite_esp32/reports/20261008T215503505222Z/report.csv,29268
A0830.raw,1,255,0,1,1,1,1781.361,1048576,312380,2,equal,2,502.007,2942888,2942888,0,88d74fe447f1ce96b399129087fd422d3c15ec467be0975dda4ac09973c214cd,1769.631,11.730,2847448,2847448,0,1,0,20,ESP32/cnn_tflite_esp32/reports/20261008T215503505222Z/report.csv,29268
A0831.raw,1,255,0,1,1,1,1779.024,1048576,312380,2,equal,2,508.427,2942888,2942888,0,bd9bb5d20dd03ede2d043be17d91cbd42275855d2dadfdea4d29fce94b11ff01,1767.386,11.638,2847448,2847448,0,1,0,20,ESP32/cnn_tflite_esp32/reports/20261008T215503505222Z/report.csv,29268
A0832.raw,1,255,0,1,1,1,1779.897,1048576,312380,2,equal,2,496.025,2942888,2942888,0,30841b9c6c407f38d76fd24ad29522022ab13e8a7f6772571bfdc838d5b7f2d2,1768.325,11.572,2847448,2847448,0,1,0,20,ESP32/cnn_tflite_esp32/reports/20261008T215503505222Z/report.csv,29268
A0833.raw,1,255,0,1,1,1,1781.731,1048576,312380,2,equal,2,502.290,2942888,2942888,0,41d2784f19358bac763d4fd2688004f809391a331f82b6ba8b82d0def008ddb5,1770.132,11.599,2847448,2847448,0,1,0,20,ESP32/cnn_tflite_esp32/reports/20261008T215503505222Z/report.csv,29268
A0834.raw,1,255,0,1,1,1,1781.353,1048576,312380,2,equal,2,523.471,2942888,2942868,0,0941eca984aff46bb80a24338ecf4e8263549e4d8fca008abc82b45ae40e8d6d,1769.735,11.618,2847448,2847448,0,1,0,20,ESP32/cnn_tflite_esp32/reports/20261008T215503505222Z/report.csv,29268
A0835.raw,1,255,0,1,1,1,1781.772,1048576,312380,2,equal,2,523.740,2942888,2942868,0,744306e883da4b21397ffaa5e04dc7097e16f90a8baacd2c8c2b714bf6ad85bc,1770.179,11.593,2847448,2847448,0,1,0,20,ESP32/cnn_tflite_esp32/reports/20261008T215503505222Z/report.csv,29268
A0836.raw,1,255,0,1,1,1,1781.707,1048576,312380,2,equal,2,538.085,2942888,2942868,0,638be9c41b48ba3a2a5f124ddaa613ea323684af4d29325cb2d3ac1f23d5e072,1770.099,11.608,2847448,2847448,0,1,0,20,ESP32/cnn_tflite_esp32/reports/20261008T215503505222Z/report.csv,29268
A0837.raw,1,255,0,1,1,1,1779.736,1048576,312380,2,equal,2,526.012,2942888,2942868,0,530754304b1efe39ea14f1ac35da8f250f24f76fa59d2b1cafcbfd176ad4ed1d,1768.109,11.627,2847448,2847448,0,1,0,20,ESP32/cnn_tflite_esp32/reports/20261008T215503505222Z/report.csv,29268
A0838.raw,1,255,0,1,1,1,1780.884,1048576,312380,2,equal,2,544.620,2942888,2942868,0,ff2d94aeb3b311391e2df65e1f0d275e9effefe3f1f9f4176806707c2a19f9ff,1769.221,11.663,2847448,2847448,0,1,0,20,ESP32/cnn_tflite_esp32/reports/20261008T215503505222Z/report.csv,29268
A0839.raw,1,255,0,1,1,1,1781.647,1048576,312380,2,equal,2,529.144,2942888,2942868,0,b17704d7061c8a2d086893f2535bd4ea24a924da93bc7007594f7d8161973b53,1769.997,11.650,2847448,2847448,0,1,0,20,ESP32/cnn_tflite_esp32/reports/20261008T215503505222Z/report.csv,29268
A0840.raw,1,255,0,1,1,1,1779.618,1048576,312380,2,equal,2,510.754,2942888,2942868,0,d4836c81e2358a5674ec4366ca0a1df707fbc57319d8fdb4d28a2a9700c77973,1767.959,11.659,2847448,2847448,0,1,0,20,ESP32/cnn_tflite_esp32/reports/20261008T215503505222Z/report.csv,29268
A0841.raw,1,255,0,1,1,1,1787.526,1048576,312380,2,equal,2,518.570,2942888,2942868,0,36758ed2f241e2fbed3b872be07f2be247f00f255fe89f72031f08ea76b55205,1775.895,11.631,2847448,2847448,0,1,0,20,ESP32/cnn_tflite_esp32/reports/20261008T215503505222Z/report.csv,29268
A0842.raw,1,255,0,1,1,1,1784.411,1048576,312380,2,equal,2,520.806,2942888,2942868,0,ec39cb012b3f503b066b63918485076c5b8e7655752e3733be6ce138fc079023,1772.758,11.653,2847448,2847448,0,1,0,20,ESP32/cnn_tflite_esp32/reports/20261008T215503505222Z/report.csv,29268
A0843.raw,1,255,0,1,1,1,1784.335,1048576,312380,2,equal,2,545.017,2942888,2942868,0,54cdb531096a326f1aa4f9e3f0ea7fd278d11ba65d26450c5137b2cf6ea07460,1772.679,11.656,2847448,2847448,0,1,0,20,ESP32/cnn_tflite_esp32/reports/20261008T215503505222Z/report.csv,29268
A0844.raw,1,255,0,1,1,1,1785.055,1048576,312380,2,equal,2,549.894,2942888,2942868,0,b209bef6416c5efa4bab62bc1dd5e7f5cbd8be38b7e246995a1d46cc16973e12,1773.123,11.932,2847448,2847448,0,1,0,20,ESP32/cnn_tflite_esp32/reports/20261008T215503505222Z/report.csv,29268
A0845.raw,1,255,0,1,1,1,1781.838,1048576,312380,2,equal,2,577.341,2942888,2942868,0,789b33597536bba81c8933e794a2bde537a4ab2aee5fe7ce6f1c995a35beacba,1770.271,11.567,2847448,2847448,0,1,0,20,ESP32/cnn_tflite_esp32/reports/20261008T215503505222Z/report.csv,29268
A0846.raw,1,255,0,1,1,1,1781.172,1048576,312380,2,equal,2,522.425,2942888,2942868,0,2bba5e28c16899af407cdb68a525779611986fea61115c7715a6bc2b9f9ab330,1769.511,11.661,2847448,2847448,0,1,0,20,ESP32/cnn_tflite_esp32/reports/20261008T215503505222Z/report.csv,29268
A0847.raw,1,255,0,1,1,1,1782.048,1048576,312380,2,equal,2,505.590,2942888,2942888,0,b44133ad56eb707a0a620411da12009992e52f0fa06e2fc86e1cd104606e0236,1770.375,11.673,2847448,2847448,0,1,0,20,ESP32/cnn_tflite_esp32/reports/20261008T215503505222Z/report.csv,29268
A0848.raw,1,255,0,1,1,1,1781.003,1048576,312380,2,equal,2,548.686,2942888,2942868,0,d47a87d6f07063d57518a9a73da17f05fc486b184fa4853094efa35cf5ad0568,1769.341,11.662,2847448,2847448,0,1,0,20,ESP32/cnn_tflite_esp32/reports/20261008T215503505222Z/report.csv,29268
A0849.raw,1,255,0,1,1,1,1787.162,1048576,312380,2,equal,2,551.659,2942888,2942868,0,7ac2fea683d35bd2546c5da1c09bf7c992aff99ef0a5ae49e7503899d4408de6,1775.435,11.727,2847448,2847448,0,1,0,20,ESP32/cnn_tflite_esp32/reports/20261008T215503505222Z/report.csv,29268
A0850.raw,1,255,0,1,1,1,1782.343,1048576,312380,2,equal,2,553.784,2942888,2942868,0,495097c0566a53e6228f48a822d85e32bf7719f944020abce8886e8005e7b32d,1770.688,11.655,2847448,2847448,0,1,0,20,ESP32/cnn_tflite_esp32/reports/20261008T215503505222Z/report.csv,29268
A0851.raw,1,255,0,1,1,1,1783.901,1048576,312380,2,equal,2,542.687,2942888,2942868,0,ce1d3a5f631c746af8dc55d43d513b60784fd2eaabe0a6464aa8ba2e2a2d433f,1772.298,11.603,2847448,2847448,0,1,0,20,ESP32/cnn_tflite_esp32/reports/20261008T215503505222Z/report.csv,29268
A0852.raw,1,255,0,1,1,1,1785.617,1048576,312380,2,equal,2,532.510,2942888,2942868,0,e5f2639900c2c034814b4404cae1d3a9e4fe5514987682603dcd189d70f6ef14,1773.951,11.666,2847448,2847448,0,1,0,20,ESP32/cnn_tflite_esp32/reports/20261008T215503505222Z/report.csv,29268
A0853.raw,1,255,0,1,1,1,1780.514,1048576,312380,2,equal,2,584.898,2942888,2942868,0,5db343eda24cb3f493a06a1d904fb53f3c635d64437e76ba302c83de563b74e7,1768.772,11.742,2847448,2847448,0,1,0,20,ESP32/cnn_tflite_esp32/reports/20261008T215503505222Z/report.csv,29268
A0854.raw,1,255,0,1,1,1,1781.361,1048576,312380,2,equal,2,545.124,2942888,2942868,0,d117118d05b7e8ecace8c5a5b3a2ed554f3da460d0d3009f84388fd201cabc0f,1769.707,11.654,2847448,2847448,0,1,0,20,ESP32/cnn_tflite_esp32/reports/20261008T215503505222Z/report.csv,29268
A0855.raw,1,255,0,1,1,1,1782.253,1048576,312380,2,equal,2,540.433,2942888,2942868,0,35faba79be4939e023d0cd77dda4e819f792cb00eee200a0eb43ae6bcc336b5f,1770.576,11.677,2847448,2847448,0,1,0,20,ESP32/cnn_tflite_esp32/reports/20261008T215503505222Z/report.csv,29268
A0856.raw,1,255,0,1,1,1,1780.137,1048576,312380,2,equal,2,498.332,2942888,2942888,0,ad2f497346732208e4cb73d31f8d0eb088d7c573a9899847106c1144b7986a67,1768.554,11.583,2847448,2847448,0,1,0,20,ESP32/cnn_tflite_esp32/reports/20261008T215503505222Z/report.csv,29268
A0857.raw,1,255,0,1,1,1,1780.08,1048576,312380,2,equal,2,509.393,2942908,2942868,0,4e5e7561437cc81c483b1de8ae59cc603df4143a9e6f68dd3e76c2a74cfaac6a,1768.402,11.678,2847448,2847448,0,1,0,20,ESP32/cnn_tflite_esp32/reports/20261008T215503505222Z/report.csv,29268
A0858.raw,1,255,0,1,1,1,1781.459,1048576,312380,2,equal,2,520.696,2942888,2942868,0,7dcdf86fbc6ed0a3cb379729af25c86548cc575e6fb94777f7d697ef109cb85d,1769.880,11.579,2847448,2847448,0,1,0,20,ESP32/cnn_tflite_esp32/reports/20261008T215503505222Z/report.csv,29268
A0859.raw,1,255,0,1,1,1,1782.515,1048576,312380,2,equal,2,491.912,2942888,2942884,0,6d057691f32060a1af110767296014f3f331a8916bb9dc034293674915e3f459,1770.521,11.994,2847448,2847448,0,1,0,20,ESP32/cnn_tflite_esp32/reports/20261008T215503505222Z/report.csv,29268
A0860.raw,1,255,0,1,1,1,1778.288,1048576,312380,2,equal,2,511.741,2942888,2942868,0,6bb619e0997ac1c8b60414ea953ba8bdce01d40425085cd7b96159ecb078c3dd,1766.540,11.748,2847448,2847448,0,1,0,20,ESP32/cnn_tflite_esp32/reports/20261008T215503505222Z/report.csv,29268
A0861.raw,1,255,0,1,1,1,1782.331,1048576,312380,2,equal,2,537.692,2942888,2942868,0,59ec34d7f71302c578a021b0ed238605e7b04cf1da7caf3aedef6c9b7bf63e5c,1770.393,11.938,2847448,2847448,0,1,0,20,ESP32/cnn_tflite_esp32/reports/20261008T215503505222Z/report.csv,29268
A0862.raw,1,255,0,1,1,1,1774.26,1048576,312380,2,equal,2,549.315,2942888,2942868,0,9bf4ae8d976a31ea1b725fb3e6405cddfd57338c83ba67df01baf009567d9a3f,1762.590,11.670,2847448,2847448,0,1,0,20,ESP32/cnn_tflite_esp32/reports/20261008T215503505222Z/report.csv,29268
A0863.raw,1,255,0,1,1,1,1781.34,1048576,312380,2,equal,2,553.326,2942888,2942868,0,ec9423809537a10bdd469ef5d00582bed9140c034a0596eb932a1905cb8bb667,1769.709,11.631,2847448,2847448,0,1,0,20,ESP32/cnn_tflite_esp32/reports/20261008T215503505222Z/report.csv,29268
A0864.raw,1,255,0,1,1,1,1779.312,1048576,312380,2,equal,2,520.794,2942888,2942868,0,1aa33b5ec5b9ca339cd306ec07f76916612207911faf928c061377ef84215f04,1767.646,11.666,2847448,2847448,0,1,0,20,ESP32/cnn_tflite_esp32/reports/20261008T215503505222Z/report.csv,29268
A0865.raw,1,255,0,1,1,1,1780.602,1048576,312380,2,equal,2,531.570,2942888,2942868,0,4c1db2de28e79c05b90b4609037a7f6ae0eb2d7a5c4f08588189c7622aad1932,1768.946,11.656,2847448,2847448,0,1,0,20,ESP32/cnn_tflite_esp32/reports/20261008T215503505222Z/report.csv,29268
A0866.raw,1,255,0,1,1,1,1780.95,1048576,312380,2,equal,2,549.468,2942888,2942868,0,aa58348cea08fc916dd6200dd869784922c10f05ce2480a42f1f536885dcb487,1769.309,11.641,2847448,2847448,0,1,0,20,ESP32/cnn_tflite_esp32/reports/20261008T215503505222Z/report.csv,29268
A0867.raw,1,255,0,1,1,1,1782.83,1048576,312380,2,equal,2,526.390,2942888,2942868,0,9a8ee367596c7307e325c4f271a036c8b8518a18e1d4645fcf97c5cf46987669,1771.116,11.714,2847448,2847448,0,1,0,20,ESP32/cnn_tflite_esp32/reports/20261008T215503505222Z/report.csv,29268
A0868.raw,1,255,0,1,1,1,1782.532,1048576,312380,2,equal,2,525.753,2942888,2942868,0,471aec71ecd0ab0aec9d90b2690b85680272afcd7d29a3a0e1a074b86c44b04c,1770.896,11.636,2847448,2847448,0,1,0,20,ESP32/cnn_tflite_esp32/reports/20261008T215503505222Z/report.csv,29268
A0869.raw,1,255,0,1,1,1,1781.197,1048576,312380,2,equal,2,496.360,2942888,2942888,0,983cd3d0885db7170aca40413f7c1071d097126a03317351e11dcefdf5aeeddc,1769.582,11.615,2847448,2847448,0,1,0,20,ESP32/cnn_tflite_esp32/reports/20261008T215503505222Z/report.csv,29268
A0870.raw,1,255,0,1,1,1,1783.125,1048576,312380,2,equal,2,514.077,2942888,2942868,0,9236f04bb28705f8be1f3731f21981a10fe7f5226ff51039505348a1bb7579c2,1771.503,11.622,2847448,2847448,0,1,0,20,ESP32/cnn_tflite_esp32/reports/20261008T215503505222Z/report.csv,29268
A0871.raw,1,255,0,1,1,1,1780.258,1048576,312380,2,equal,2,541.069,2942888,2942868,0,0bef06abdad79621c7eeb9ff2dde8736a862fe94bbea7041a11f48d7b509bcf5,1768.641,11.617,2847448,2847448,0,1,0,20,ESP32/cnn_tflite_esp32/reports/20261008T215503505222Z/report.csv,29268
A0872.raw,1,255,0,1,1,1,1781.453,1048576,312380,2,equal,2,526.178,2942888,2942868,0,e73f4301d073deae3ea5e70dd91a39d9f06b58ccf281b00f17a29a6f3160889f,1769.777,11.676,2847448,2847448,0,1,0,20,ESP32/cnn_tflite_esp32/reports/20261008T215503505222Z/report.csv,29268
A0873.raw,1,255,0,1,1,1,1782.457,1048576,312380,2,equal,2,541.087,2942888,2942868,0,0580b6872d9d2e8a32b3f6ec8e3055535227a685c258cacc60e3c462128f24c6,1770.742,11.715,2847448,2847448,0,1,0,20,ESP32/cnn_tflite_esp32/reports/20261008T215503505222Z/report.csv,29268
A0874.raw,1,255,0,1,1,1,1782.824,1048576,312380,2,equal,2,504.138,2942888,2942888,0,0ff4693b9239fddc7c62cb85fb310f5e7d4dc5fe8e4fee63723feceb6f66d9ba,1771.132,11.692,2847448,2847448,0,1,0,20,ESP32/cnn_tflite_esp32/reports/20261008T215503505222Z/report.csv,29268
A0875.raw,1,255,0,1,1,1,1781.716,1048576,312380,2,equal,2,567.181,2942888,2942868,0,7195f7439a8f5eb50ba235a960d8a8bc5511500ce8868ecdc0377a9266bc02ed,1770.061,11.655,2847448,2847448,0,1,0,20,ESP32/cnn_tflite_esp32/reports/20261008T215503505222Z/report.csv,29268
A0876.raw,1,255,0,1,1,1,1780.558,1048576,312380,2,equal,2,552.583,2942888,2942868,0,3de4f35c6b96e4497137150d08cad195f734de485e7d628dd3611f9a0c0ca6b9,1768.934,11.624,2847448,2847448,0,1,0,20,ESP32/cnn_tflite_esp32/reports/20261008T215503505222Z/report.csv,29268
A0877.raw,1,255,0,1,1,1,1782.216,1048576,312380,2,equal,2,545.642,2942888,2942868,0,c53f1392b20d7f644e7c06fc06fe2a72dac85a1975da1312fe629f811528d3a2,1770.509,11.707,2847448,2847448,0,1,0,20,ESP32/cnn_tflite_esp32/reports/20261008T215503505222Z/report.csv,29268
A0878.raw,1,255,0,1,1,1,1783.63,1048576,312380,2,equal,2,532.969,2942888,2942868,0,44b49a20bc312632fb867792a1866154c91c32736bb370116bd805a29091adf9,1771.906,11.724,2847448,2847448,0,1,0,20,ESP32/cnn_tflite_esp32/reports/20261008T215503505222Z/report.csv,29268
A0879.raw,1,255,0,1,1,1,1782.478,1048576,312380,2,equal,2,521.421,2942888,2942868,0,eb23dc499f7d9e42b7eac92837e925ca1541a4d39974d51b087ef8fa04dc5352,1770.864,11.614,2847448,2847448,0,1,0,20,ESP32/cnn_tflite_esp32/reports/20261008T215503505222Z/report.csv,29268
A0880.raw,1,255,0,1,1,1,1782.856,1048576,312380,2,equal,2,528.105,2942888,2942876,0,44d604125bb0e91332f96e49b064bea07844474839d947237a6d1a38776a4989,1771.190,11.666,2847448,2847448,0,1,0,20,ESP32/cnn_tflite_esp32/reports/20261008T215503505222Z/report.csv,29268
A0881.raw,1,255,0,1,1,1,1782.746,1048576,312380,2,equal,2,625.870,2942888,2942868,0,928e7cef18523941e38427d5d444777fdee3cfb9e0d9ccd6e40710b2ffd72014,1771.055,11.691,2847448,2847448,0,1,0,20,ESP32/cnn_tflite_esp32/reports/20261008T215503505222Z/report.csv,29268
A0882.raw,1,255,0,1,1,1,1782.887,1048576,312380,2,equal,2,531.767,2942888,2942868,0,eeaa1bce735f44ecdff22418fc2d8dc1ebacd7e4d202c358fecb7230defd9825,1770.939,11.948,2847448,2847448,0,1,0,20,ESP32/cnn_tflite_esp32/reports/20261008T215503505222Z/report.csv,29268
A0883.raw,1,255,0,1,1,1,1782.382,1048576,312380,2,equal,2,521.282,2942888,2942868,0,a6c0ffbca51b60485fb7cb9f2a3b11f253b945020131d6652eddebab10566543,1770.400,11.982,2847448,2847448,0,1,0,20,ESP32/cnn_tflite_esp32/reports/20261008T215503505222Z/report.csv,29268
A0884.raw,1,255,0,1,1,1,1782.917,1048576,312380,2,equal,2,506.189,2942888,2942868,0,75ffcc8936620249350a275317367c535eeb63bc931a6f7cab0c1a5c5335bbc4,1771.200,11.717,2847448,2847448,0,1,0,20,ESP32/cnn_tflite_esp32/reports/20261008T215503505222Z/report.csv,29268
A0885.raw,1,255,0,1,1,1,1782.656,1048576,312380,2,equal,2,531.922,2942888,2942868,0,3563204ef777002a8b8e7a8061810f4cd8d568bd6f97c6effae7ce6d8e4ef014,1770.941,11.715,2847448,2847448,0,1,0,20,ESP32/cnn_tflite_esp32/reports/20261008T215503505222Z/report.csv,29268
A0886.raw,1,255,0,1,1,1,1780.945,1048576,312380,2,equal,2,576.790,2942888,2942868,0,ccfabc8cf1fca10c251628274422f3b379e0c714876f1a4ae01a8177ddfbdaf9,1769.285,11.660,2847448,2847448,0,1,0,20,ESP32/cnn_tflite_esp32/reports/20261008T215503505222Z/report.csv,29268
A0887.raw,1,255,0,1,1,1,1781.374,1048576,312380,2,equal,2,566.468,2942888,2942868,0,58f84a0b1687cef07008a4d11f496d0df37713340df6a685f66de0ec39ef06df,1769.661,11.713,2847448,2847448,0,1,0,20,ESP32/cnn_tflite_esp32/reports/20261008T215503505222Z/report.csv,29268
A0888.raw,1,255,0,1,1,1,1782.617,1048576,312380,2,equal,2,516.993,2942888,2942868,0,467fa0fd263e1a0315da5bff3d5d35d87a73d6407e24ca8dbdefb215620752c8,1770.995,11.622,2847448,2847448,0,1,0,20,ESP32/cnn_tflite_esp32/reports/20261008T215503505222Z/report.csv,29268
A0889.raw,1,255,0,1,1,1,1782.817,1048576,312380,2,equal,2,550.132,2942888,2942868,0,8cd17efbede914701b9a68c4db0d66770dd5b2cd5b527cb37d3932f246bec8e2,1770.532,12.285,2847448,2847448,0,1,0,20,ESP32/cnn_tflite_esp32/reports/20261008T215503505222Z/report.csv,29268
A0890.raw,1,255,0,1,1,1,1785.301,1048576,312380,2,equal,2,512.680,2942888,2942868,0,c1bd2cf89519e189ebd00d29cf988bc8c7de6ebc192a8c4ae36fcd2d567422c2,1773.413,11.888,2847448,2847448,0,1,0,20,ESP32/cnn_tflite_esp32/reports/20261008T215503505222Z/report.csv,29268
A0891.raw,1,255,0,1,1,1,1786.368,1048576,312380,2,equal,2,497.223,2942888,2942888,0,362868223e6d993abc4ab16a9a8b42bf4edcdb47b10555a8c5bcaec7d2181fb3,1774.613,11.755,2847448,2847448,0,1,0,20,ESP32/cnn_tflite_esp32/reports/20261008T215503505222Z/report.csv,29268
A0892.raw,1,255,0,1,1,1,1786.104,1048576,312380,2,equal,2,509.512,2942888,2942868,0,9978774b714ca7b52046712f2e525d8c04bb644d9e709685b4f76853a94619a0,1774.507,11.597,2847448,2847448,0,1,0,20,ESP32/cnn_tflite_esp32/reports/20261008T215503505222Z/report.csv,29268
A0893.raw,1,255,0,1,1,1,1783.29,1048576,312380,2,equal,2,522.724,2942888,2942868,0,600459c073f16e8fd9b8a669038ec2c9ab5cbf8b3001d8f5650591b79f039fab,1771.714,11.576,2847448,2847448,0,1,0,20,ESP32/cnn_tflite_esp32/reports/20261008T215503505222Z/report.csv,29268
A0894.raw,1,255,0,1,1,1,1781.411,1048576,312380,2,equal,2,538.146,2942888,2942868,0,03748d48b072c13c177150278846289b0848690fac17374dcb72c9aac0246fd3,1769.704,11.707,2847448,2847448,0,1,0,20,ESP32/cnn_tflite_esp32/reports/20261008T215503505222Z/report.csv,29268
A0895.raw,1,255,0,1,1,1,1783.455,1048576,312380,2,equal,2,529.280,2942888,2942868,0,7bd3607c83d2adb6c57b5e71512518d14f429510fdafee138061a9a15e227207,1771.614,11.841,2847448,2847448,0,1,0,20,ESP32/cnn_tflite_esp32/reports/20261008T215503505222Z/report.csv,29268
A0896.raw,1,255,0,1,1,1,1784.305,1048576,312380,2,equal,2,510.962,2942888,2942868,0,d27f198b5d4cd31d7fd48cffbe9f7d84a5122d72623ecdff4741b72ac2fbe5ec,1772.569,11.736,2847448,2847448,0,1,0,20,ESP32/cnn_tflite_esp32/reports/20261008T215503505222Z/report.csv,29268
A0897.raw,1,255,0,1,1,1,1781.058,1048576,312380,2,equal,2,1165.071,2942888,2942868,0,1291bd0d7db0165980024acdb35c7d65859fa15b9b4475417e330408e8ae2ff9,1768.532,12.526,2847448,2847448,0,1,0,20,ESP32/cnn_tflite_esp32/reports/20261008T215503505222Z/report.csv,29268
A0898.raw,1,255,0,1,1,1,1780.294,1048576,312380,2,equal,2,528.227,2942888,2942868,0,25988aeb1a53c06b188896d0b1b5b36a28247f20667fa8b8210be294c0b81957,1768.685,11.609,2847448,2847448,0,1,0,20,ESP32/cnn_tflite_esp32/reports/20261008T215503505222Z/report.csv,29268
A0899.raw,1,255,0,1,1,1,1788.634,1048576,312380,2,equal,2,516.840,2942888,2942868,0,5bfef36cc512a0cf0b60774172e33d2c5584ac052d16066b36340c9bee5fe518,1777.029,11.605,2847448,2847448,0,1,0,20,ESP32/cnn_tflite_esp32/reports/20261008T215503505222Z/report.csv,29268
A0900.raw,1,255,0,1,1,1,1781.701,1048576,312380,2,equal,2,542.150,2942888,2942868,0,82dfcf90131e35111fc86c996b2090c0289b4203388b47720482186076631bfd,1770.097,11.604,2847448,2847448,0,1,0,20,ESP32/cnn_tflite_esp32/reports/20261008T215503505222Z/report.csv,29268
A0901.raw,1,255,0,1,1,1,1780.569,1048576,312380,2,equal,2,524.831,2942888,2942868,0,ba63254e4eb3d9ffe78a4dd6c02f1f9bfd4932e673169c2210b31925a381f60d,1768.764,11.805,2847448,2847448,0,1,0,20,ESP32/cnn_tflite_esp32/reports/20261008T215503505222Z/report.csv,29268
A0902.raw,1,255,0,1,1,1,1783.777,1048576,312380,2,equal,2,502.909,2942888,2942888,0,49f59b19da1201a2089e6ee6cb65111896b4d7785adaff81c250725933a38931,1772.125,11.652,2847448,2847448,0,1,0,20,ESP32/cnn_tflite_esp32/reports/20261008T215503505222Z/report.csv,29268
A0903.raw,1,255,0,1,1,1,1782.212,1048576,312380,2,equal,2,508.587,2942888,2942868,0,b71c7555191aebf38fb7d40ebe7d73b1100676332236de7968901294f8ee06a8,1770.487,11.725,2847448,2847448,0,1,0,20,ESP32/cnn_tflite_esp32/reports/20261008T215503505222Z/report.csv,29268
A0904.raw,1,255,0,1,1,1,1781.024,1048576,312380,2,equal,2,551.543,2942888,2942868,0,530ef3022d5d794209f20325ed3228a681e5376407a8c0f0bd9ddaa1e9722168,1769.381,11.643,2847448,2847448,0,1,0,20,ESP32/cnn_tflite_esp32/reports/20261008T215503505222Z/report.csv,29268
A0905.raw,1,255,0,1,1,1,1782.064,1048576,312380,2,equal,2,505.169,2942888,2942888,0,8ce6c402f16c8dd9771dec3d281b321a8010ee7a5cd6a48433d9a525e0828b29,1770.431,11.633,2847448,2847448,0,1,0,20,ESP32/cnn_tflite_esp32/reports/20261008T215503505222Z/report.csv,29268
A0906.raw,1,255,0,1,1,1,1781.236,1048576,312380,2,equal,2,527.746,2942888,2942868,0,323382e1478568e8adde636250127ec10848812f6f814fe96db93ebb0f71465a,1769.641,11.595,2847448,2847448,0,1,0,20,ESP32/cnn_tflite_esp32/reports/20261008T215503505222Z/report.csv,29268
A0907.raw,1,255,0,1,1,1,1782.907,1048576,312380,2,equal,2,500.235,2942888,2942888,0,06deab07af92bb1767fe38e3ef9fdb9ca3881a501aac844b4ffb10d9e8028c9a,1770.477,12.430,2847448,2847448,0,1,0,20,ESP32/cnn_tflite_esp32/reports/20261008T215503505222Z/report.csv,29268
A0908.raw,1,255,0,1,1,1,1780.459,1048576,312380,2,equal,2,535.310,2942888,2942868,0,1e3771aa371723d40c4a5a32511a0cd7755c4007d8c02c229cff23b58b317789,1768.765,11.694,2847448,2847448,0,1,0,20,ESP32/cnn_tflite_esp32/reports/20261008T215503505222Z/report.csv,29268
A0909.raw,1,255,0,1,1,1,1781.691,1048576,312380,2,equal,2,496.226,2942888,2942888,0,795c12314590156fa444e0b5b37a5005a234fc78ab20fc30deb1553d784e6b43,1769.688,12.003,2847448,2847448,0,1,0,20,ESP32/cnn_tflite_esp32/reports/20261008T215503505222Z/report.csv,29268
A0910.raw,1,255,0,1,1,1,1779.361,1048576,312380,2,equal,2,561.046,2942888,2942868,0,33c0dba3b002251795a1336164648932ac455f7cf1f056165596dc0b154db3b6,1767.724,11.637,2847448,2847448,0,1,0,20,ESP32/cnn_tflite_esp32/reports/20261008T215503505222Z/report.csv,29268
A0911.raw,1,255,0,1,1,1,1781.733,1048576,312380,2,equal,2,511.791,2942888,2942888,0,c398255cc6f57d9e56f995155ae4a32124ba1c58354ea4584435e62062219abf,1770.020,11.713,2847448,2847448,0,1,0,20,ESP32/cnn_tflite_esp32/reports/20261008T215503505222Z/report.csv,29268
A0912.raw,1,255,0,1,1,1,1782.111,1048576,312380,2,equal,2,527.095,2942888,2942868,0,723d17fae5e238a7a87e776395d338b486b8357eb8f7b8f7a90144f41328ff19,1770.467,11.644,2847448,2847448,0,1,0,20,ESP32/cnn_tflite_esp32/reports/20261008T215503505222Z/report.csv,29268
A0913.raw,1,255,0,1,1,1,1780.731,1048576,312380,2,equal,2,516.713,2942888,2942868,0,c220e2e372fa08449620227a6a38f660313bb660afb51a2d2c08e1a8b5780b15,1769.127,11.604,2847448,2847448,0,1,0,20,ESP32/cnn_tflite_esp32/reports/20261008T215503505222Z/report.csv,29268
A0914.raw,1,255,0,1,1,1,1781.901,1048576,312380,2,equal,2,512.094,2942888,2942888,0,cba3ef4c86b847281f8b3878ecf0b579426b3071893e33320778d5bea3317542,1770.187,11.714,2847448,2847448,0,1,0,20,ESP32/cnn_tflite_esp32/reports/20261008T215503505222Z/report.csv,29268
A0915.raw,1,255,0,1,1,1,1787.076,1048576,312380,2,equal,2,512.294,2942888,2942868,0,f6fabae46f29c6c8da217d084f9a9a1e0d6abe7b65a769fc4b87ab5db6eed4af,1773.955,13.121,2847448,2847448,0,1,0,20,ESP32/cnn_tflite_esp32/reports/20261008T215503505222Z/report.csv,29268
A0916.raw,1,255,0,1,1,1,1783.725,1048576,312380,2,equal,2,506.979,2942888,2942888,0,f2d67c7c9aa93012e0be6d1d6d9e95821a43950dc72edc98421c52047d9b8725,1771.968,11.757,2847448,2847448,0,1,0,20,ESP32/cnn_tflite_esp32/reports/20261008T215503505222Z/report.csv,29268
A0917.raw,1,255,0,1,1,1,1783.297,1048576,312380,2,equal,2,528.379,2942888,2942868,0,34dfe6686c4675b965a9ed3e5a1f9d42f5ecf276b4ab6bb76f1a73913c122039,1770.689,12.608,2847448,2847448,0,1,0,20,ESP32/cnn_tflite_esp32/reports/20261008T215503505222Z/report.csv,29268
A0918.raw,1,255,0,1,1,1,1783.507,1048576,312380,2,equal,2,700.603,2942888,2942868,0,0699b3adbb9d7a28a01b3a7dce95acd690fbee9dad03ed638129374f6e1ddb42,1771.882,11.625,2847448,2847448,0,1,0,20,ESP32/cnn_tflite_esp32/reports/20261008T215503505222Z/report.csv,29268
A0919.raw,1,255,0,1,1,1,1784.352,1048576,312380,2,equal,2,547.402,2942888,2942868,0,2e280553dc84dd3d3651500c71ee25e47206939d6b3c70d69dc17655ad345e42,1771.756,12.596,2847448,2847448,0,1,0,20,ESP32/cnn_tflite_esp32/reports/20261008T215503505222Z/report.csv,29268
A0920.raw,1,255,0,1,1,1,1780.543,1048576,312380,2,equal,2,572.692,2942888,2942868,0,bffe2bdf3b431383ecd5a569c5d8bef9e8210cb503a538622abdd289ac7f85ee,1768.953,11.590,2847448,2847448,0,1,0,20,ESP32/cnn_tflite_esp32/reports/20261008T215503505222Z/report.csv,29268
A0921.raw,1,255,0,1,1,1,1781.681,1048576,312380,2,equal,2,512.356,2942888,2942868,0,06f224c570d05657e309abe2e16462d8f588e976f3b84c078462a3efe96bc11f,1770.086,11.595,2847448,2847448,0,1,0,20,ESP32/cnn_tflite_esp32/reports/20261008T215503505222Z/report.csv,29268
A0922.raw,1,255,0,1,1,1,1779.995,1048576,312380,2,equal,2,519.319,2942888,2942872,0,29180529116db3a5d0e5775a1b103680ad753746d7e475007193fa10f5c15671,1768.349,11.646,2847448,2847448,0,1,0,20,ESP32/cnn_tflite_esp32/reports/20261008T215503505222Z/report.csv,29268
A0923.raw,1,255,0,1,1,1,1781.202,1048576,312380,2,equal,2,498.029,2942888,2942888,0,67458a174bd522013667a090361e16277ed01d2534ec972577d97591fcff2ee4,1769.410,11.792,2847448,2847448,0,1,0,20,ESP32/cnn_tflite_esp32/reports/20261008T215503505222Z/report.csv,29268
A0924.raw,1,255,0,1,1,1,1781.025,1048576,312380,2,equal,2,524.219,2942888,2942868,0,69aac4fab25f0bfd0ca1116d1216a5bc2e000bd3546f01c09553ba4e4b78aea6,1769.432,11.593,2847448,2847448,0,1,0,20,ESP32/cnn_tflite_esp32/reports/20261008T215503505222Z/report.csv,29268
A0925.raw,1,255,0,1,1,1,1781.413,1048576,312380,2,equal,2,537.567,2942888,2942868,0,732b1c4793ee96c89a1436a8b26b56aadb945d496bf99ff32807f927ec7543fd,1769.759,11.654,2847448,2847448,0,1,0,20,ESP32/cnn_tflite_esp32/reports/20261008T215503505222Z/report.csv,29268
A0926.raw,1,255,0,1,1,1,1781.627,1048576,312380,2,equal,2,502.873,2942888,2942888,0,946c28770ceff7223eb3cb4275f22d78cff7211652fa15708ce146a25a0a55c0,1769.957,11.670,2847448,2847448,0,1,0,20,ESP32/cnn_tflite_esp32/reports/20261008T215503505222Z/report.csv,29268
A0927.raw,1,255,0,1,1,1,1781.536,1048576,312380,2,equal,2,529.423,2942888,2942868,0,867785032be62fea4846d9dab47a28b11a3176498670421f72afb17a6fa02aff,1769.871,11.665,2847448,2847448,0,1,0,20,ESP32/cnn_tflite_esp32/reports/20261008T215503505222Z/report.csv,29268
A0928.raw,1,255,0,1,1,1,1782.709,1048576,312380,2,equal,2,530.937,2942888,2942868,0,5bbfebb3210966c0a1d817d308504918ae04fcf8e3eff52cb739e45dc1a22a47,1771.072,11.637,2847448,2847448,0,1,0,20,ESP32/cnn_tflite_esp32/reports/20261008T215503505222Z/report.csv,29268
A0929.raw,1,255,0,1,1,1,1780.103,1048576,312380,2,equal,2,500.223,2942888,2942888,0,eb14dc5aca82206a706f8a591394a8444f0f0c165a5a459a8c92d54a37ad37bd,1768.393,11.710,2847448,2847448,0,1,0,20,ESP32/cnn_tflite_esp32/reports/20261008T215503505222Z/report.csv,29268
A0930.raw,1,255,0,1,1,1,1782.175,1048576,312380,2,equal,2,503.738,2942888,2942888,0,9e37d468aef8538068916743136d70929501aa127db49636302331bb76837b49,1770.390,11.785,2847448,2847448,0,1,0,20,ESP32/cnn_tflite_esp32/reports/20261008T215503505222Z/report.csv,29268
A0931.raw,1,255,0,1,1,1,1782.554,1048576,312380,2,equal,2,501.869,2942888,2942888,0,525e774251b41a9528c32334ce8bd1b4eb6d0f87de40ae8def92a80dc3d7b734,1770.825,11.729,2847448,2847448,0,1,0,20,ESP32/cnn_tflite_esp32/reports/20261008T215503505222Z/report.csv,29268
A0932.raw,1,255,0,1,1,1,1782.231,1048576,312380,2,equal,2,531.649,2942888,2942868,0,1ecc4838fd6865898faa8dcf6f126b75ebeada537beeadf1cd53abd30ebf3ebb,1770.597,11.634,2847448,2847448,0,1,0,20,ESP32/cnn_tflite_esp32/reports/20261008T215503505222Z/report.csv,29268
A0933.raw,1,255,0,1,1,1,1782.625,1048576,312380,2,equal,2,529.188,2942888,2942868,0,b7e70e8381bb812119099b2b8f7d6ea0211f1771c4bed749df93886268b3b5eb,1771.018,11.607,2847448,2847448,0,1,0,20,ESP32/cnn_tflite_esp32/reports/20261008T215503505222Z/report.csv,29268
A0934.raw,1,255,0,1,1,1,1781.961,1048576,312380,2,equal,2,547.868,2942888,2942868,0,669b35419a174fa4e03d53c4f79b967c13cb211fbdad61ed88fa37164fd18202,1770.316,11.645,2847448,2847448,0,1,0,20,ESP32/cnn_tflite_esp32/reports/20261008T215503505222Z/report.csv,29268
A0935.raw,1,255,0,1,1,1,1782.725,1048576,312380,2,equal,2,508.184,2942888,2942888,0,2697b9a9ca23aaa1081be48d2382f729aa745773f28cd22412154d508013bfc8,1770.049,12.676,2847448,2847448,0,1,0,20,ESP32/cnn_tflite_esp32/reports/20261008T215503505222Z/report.csv,29268
A0936.raw,1,255,0,1,1,1,1780.923,1048576,312380,2,equal,2,550.121,2942888,2942868,0,98a1b684d51901540b6ac1c925c2972b436669be289b41c7a0cdbdf81cd022e1,1769.307,11.616,2847448,2847448,0,1,0,20,ESP32/cnn_tflite_esp32/reports/20261008T215503505222Z/report.csv,29268
A0937.raw,1,255,0,1,1,1,1780.947,1048576,312380,2,equal,2,510.582,2942888,2942868,0,f4ea69e6df66474a7148db2cd2dfcfde1737a1c01ec95a40ae16d47d6b5bbd18,1769.252,11.695,2847448,2847448,0,1,0,20,ESP32/cnn_tflite_esp32/reports/20261008T215503505222Z/report.csv,29268
A0938.raw,1,255,0,1,1,1,1780.323,1048576,312380,2,equal,2,527.087,2942888,2942868,0,dfe527a4b2d274b57c395d44f4c9da9c316cba5bdf17d1a57475f328549ff007,1768.607,11.716,2847448,2847448,0,1,0,20,ESP32/cnn_tflite_esp32/reports/20261008T215503505222Z/report.csv,29268
A0939.raw,1,255,0,1,1,1,1781.068,1048576,312380,2,equal,2,508.821,2942888,2942868,0,ac9ad71c761ea2caf21574f2f4a6bdb95482121f29ba4201b09160421926c3ac,1768.584,12.484,2847448,2847448,0,1,0,20,ESP32/cnn_tflite_esp32/reports/20261008T215503505222Z/report.csv,29268
A0940.raw,1,255,0,1,1,1,1780.082,1048576,312380,2,equal,2,529.428,2942888,2942868,0,9c1b66a38b590b4309a8f0d7d27c2187635da6ed181fd6a9795acdc4bf702918,1767.631,12.451,2847448,2847448,0,1,0,20,ESP32/cnn_tflite_esp32/reports/20261008T215503505222Z/report.csv,29268
A0941.raw,1,255,0,1,1,1,1782.268,1048576,312380,2,equal,2,531.898,2942888,2942868,0,c4a39fd413cf171857c94ac4a54c369ecb2c215b7d63900856460f9751f823b4,1770.582,11.686,2847448,2847448,0,1,0,20,ESP32/cnn_tflite_esp32/reports/20261008T215503505222Z/report.csv,29268
A0942.raw,1,255,0,1,1,1,1780.57,1048576,312380,2,equal,2,557.744,2942888,2942868,0,779f74313c04070c1132615842be89ecd1bb0fc417ffec4de33641a8199ca592,1768.924,11.646,2847448,2847448,0,1,0,20,ESP32/cnn_tflite_esp32/reports/20261008T215503505222Z/report.csv,29268
A0943.raw,1,255,0,1,1,1,1780.992,1048576,312380,2,equal,2,501.815,2942888,2942888,0,f5926f44d2a1660bef307d030af7fe75409d0fbbce7de01a8449316178a55842,1769.339,11.653,2847448,2847448,0,1,0,20,ESP32/cnn_tflite_esp32/reports/20261008T215503505222Z/report.csv,29268
A0944.raw,1,255,0,1,1,1,1782.505,1048576,312380,2,equal,2,586.144,2942888,2942868,0,ff6d6257d51a774c6b4aa43d0fcddc3cf43bc3a06f06f15a46225ad563016ee8,1770.598,11.907,2847448,2847448,0,1,0,20,ESP32/cnn_tflite_esp32/reports/20261008T215503505222Z/report.csv,29268
A0947.raw,1,255,0,1,1,1,1781.148,1048576,312380,2,equal,2,572.047,2942888,2942868,0,1270b662631bb8671591c0e9a5f1537db4feac167c5afd225cadbb6a472b333f,1769.546,11.602,2847448,2847448,0,1,0,20,ESP32/cnn_tflite_esp32/reports/20261008T215503505222Z/report.csv,29268
A0948.raw,1,255,0,1,1,1,1781.305,1048576,312380,2,equal,2,597.276,2942888,2942868,0,53bd3c8a560409c724a144d4160408ed586d3ab076a25dbf1508c438f0ca8af7,1769.721,11.584,2847448,2847448,0,1,0,20,ESP32/cnn_tflite_esp32/reports/20261008T215503505222Z/report.csv,29268
A0949.raw,1,255,0,1,1,1,1782.923,1048576,312380,2,equal,2,610.567,2942888,2942868,0,e95398bd31dc46e06baf994265845d7f900f42330c8a8886d60b4b67725382d8,1769.872,13.051,2847448,2847448,0,1,0,20,ESP32/cnn_tflite_esp32/reports/20261008T215503505222Z/report.csv,29268
A0950.raw,1,255,0,1,1,1,1782.185,1048576,312380,2,equal,2,607.888,2942888,2942868,0,47554f218d2a2f72804f11e82c7bb38a2ed95894e853c23c9cf563ad71cb34aa,1770.593,11.592,2847448,2847448,0,1,0,20,ESP32/cnn_tflite_esp32/reports/20261008T215503505222Z/report.csv,29268
A0951.raw,1,255,0,1,1,1,1782.548,1048576,312380,2,equal,2,618.305,2942888,2942868,0,449f2b6788937d4bca56e5bb79c3e31df91da2a6f95a27fe3e1352acef6fe2a0,1770.987,11.561,2847448,2847448,0,1,0,20,ESP32/cnn_tflite_esp32/reports/20261008T215503505222Z/report.csv,29268
A0952.raw,1,255,0,1,1,1,1784.406,1048576,312380,2,equal,2,615.301,2942888,2942872,0,e3bb3f01768ef26c25664e24cd287dc79c0d8e328336923967dc15419b8dabc0,1772.830,11.576,2847448,2847448,0,1,0,20,ESP32/cnn_tflite_esp32/reports/20261008T215503505222Z/report.csv,29268
A0953.raw,1,255,0,1,1,1,1782.756,1048576,312380,2,equal,2,646.814,2942888,2942876,0,8da9c9c937f82906b5dfdaf14dde353cf54b7d2407437607f71bcaf67d53a6e2,1770.837,11.919,2847448,2847448,0,1,0,20,ESP32/cnn_tflite_esp32/reports/20261008T215503505222Z/report.csv,29268
A0954.raw,1,255,0,1,1,1,1782.86,1048576,312380,2,equal,2,630.873,2942888,2942868,0,112abeb7598c8c3874647a074198902fc3a45409a4cb912af83528d85c8b7dbe,1770.135,12.725,2847448,2847448,0,1,0,20,ESP32/cnn_tflite_esp32/reports/20261008T215503505222Z/report.csv,29268
A0955.raw,1,255,0,1,1,1,1783.437,1048576,312380,2,equal,2,683.959,2942888,2942868,0,eb69fff7dfab46b4404dcd28e7813401ccf1db4078e063530e5e564d522ad7c0,1771.781,11.656,2847448,2847448,0,1,0,20,ESP32/cnn_tflite_esp32/reports/20261008T215503505222Z/report.csv,29268
A0956.raw,1,255,0,1,1,1,1782.414,1048576,312380,2,equal,2,637.030,2942888,2942876,0,c5278095fadbc5480a108bcc2756c4055c230c0c1e44320e1ecc168c1fba0216,1770.810,11.604,2847448,2847448,0,1,0,20,ESP32/cnn_tflite_esp32/reports/20261008T215503505222Z/report.csv,29268
A0957.raw,1,255,0,1,1,1,1781.52,1048576,312380,2,equal,2,612.477,2942888,2942876,0,02f27aa08473ef58479713c5ac300a73dacf97a0317621228cd7e8e5211f53c7,1769.846,11.674,2847448,2847448,0,1,0,20,ESP32/cnn_tflite_esp32/reports/20261008T215503505222Z/report.csv,29268
A0958.raw,1,255,0,1,1,1,1779.187,1048576,312380,2,equal,2,595.029,2942888,2942868,0,463d7ea75f11c821592afb70bdcf8836cfa25c5d26723148c03720c2d2d9f151,1767.545,11.642,2847448,2847448,0,1,0,20,ESP32/cnn_tflite_esp32/reports/20261008T215503505222Z/report.csv,29268
A0959.raw,1,255,0,1,1,1,1783.133,1048576,312380,2,equal,2,595.632,2942888,2942868,0,bf6a64b9ab40f5f1f5f1d3e3ce04ffa140e40d471fc8df21164c24ed842edc61,1770.385,12.748,2847448,2847448,0,1,0,20,ESP32/cnn_tflite_esp32/reports/20261008T215503505222Z/report.csv,29268
A0960.raw,1,255,0,1,1,1,1782.709,1048576,312380,2,equal,2,595.022,2942888,2942868,0,452584cd58d2582398cb0d9b4de875bd8528db874c094be35e8c7b50c9bd227d,1771.058,11.651,2847448,2847448,0,1,0,20,ESP32/cnn_tflite_esp32/reports/20261008T215503505222Z/report.csv,29268
A0961.raw,1,255,0,1,1,1,1784.568,1048576,312380,2,equal,2,530.196,2942888,2942868,0,ce78f53214073582dd6b40c779e3302a9f85a127ba719d29491b57b5fa892139,1772.909,11.659,2847448,2847448,0,1,0,20,ESP32/cnn_tflite_esp32/reports/20261008T215503505222Z/report.csv,29268
A0962.raw,1,255,0,1,1,1,1781.901,1048576,312380,2,equal,2,548.895,2942888,2942868,0,6a6405683364a18409c5f7658591c3d8edb939b1f79e561934d7f9c9bb8df047,1770.254,11.647,2847448,2847448,0,1,0,20,ESP32/cnn_tflite_esp32/reports/20261008T215503505222Z/report.csv,29268
A0963.raw,1,255,0,1,1,1,1781.626,1048576,312380,2,equal,2,513.561,2942888,2942868,0,b933fc12924729abf83dcab381aaf1cdaa2e2fe86d9f9cf4fb1ca51120d642f3,1768.890,12.736,2847448,2847448,0,1,0,20,ESP32/cnn_tflite_esp32/reports/20261008T215503505222Z/report.csv,29268
A0964.raw,1,255,0,1,1,1,1781.4,1048576,312380,2,equal,2,552.626,2942888,2942868,0,3b9cd2a81fba5f08ee7088d2de85efb30be837363d62757a42d37792b05d4fdb,1769.774,11.626,2847448,2847448,0,1,0,20,ESP32/cnn_tflite_esp32/reports/20261008T215503505222Z/report.csv,29268
A0965.raw,1,255,0,1,1,1,1779.475,1048576,312380,2,equal,2,534.304,2942888,2942868,0,16750700e9bf000fb48bac5e6cfd9e21263722b1b94e30d0cc9224831a39d4a8,1767.909,11.566,2847448,2847448,0,1,0,20,ESP32/cnn_tflite_esp32/reports/20261008T215503505222Z/report.csv,29268
A0966.raw,1,255,0,1,1,1,1781.18,1048576,312380,2,equal,2,520.720,2942888,2942868,0,212241657666834c42d2e67a57cdd47169293c9dfc922990b166ebf5e9d491a9,1769.562,11.618,2847448,2847448,0,1,0,20,ESP32/cnn_tflite_esp32/reports/20261008T215503505222Z/report.csv,29268
A0967.raw,1,255,0,1,1,1,1781.412,1048576,312380,2,equal,2,517.161,2942888,2942868,0,89ba3da49c152d3c000a95afb0ea75b46344d6fa4719173fecc02f42ef5039f1,1769.767,11.645,2847448,2847448,0,1,0,20,ESP32/cnn_tflite_esp32/reports/20261008T215503505222Z/report.csv,29268
A0968.raw,1,255,0,1,1,1,1780.921,1048576,312380,2,equal,2,537.693,2942888,2942868,0,6afc17954a90ba21b4305d5847be72fe87e9606da573115bdddb8e74e0e69eca,1769.344,11.577,2847448,2847448,0,1,0,20,ESP32/cnn_tflite_esp32/reports/20261008T215503505222Z/report.csv,29268
A0969.raw,1,255,0,1,1,1,1781.188,1048576,312380,2,equal,2,538.280,2942888,2942868,0,5935ce0789b26164fd25c921dd39725277e1519090953410842bf1cb512e6d64,1769.592,11.596,2847448,2847448,0,1,0,20,ESP32/cnn_tflite_esp32/reports/20261008T215503505222Z/report.csv,29268
A0970.raw,1,255,0,1,1,1,1783.389,1048576,312380,2,equal,2,556.905,2942888,2942868,0,aec5ad3b7eceea9d68f347f3d6f497ff7e98254e69c47143157683b16d0fa9b4,1771.414,11.975,2847448,2847448,0,1,0,20,ESP32/cnn_tflite_esp32/reports/20261008T215503505222Z/report.csv,29268
A0971.raw,1,255,0,1,1,1,1781.635,1048576,312380,2,equal,2,544.775,2942888,2942868,0,3aeff43ac05c74d2817069c2869760e1dfe8892886c688c5f16bc011a04a6803,1769.967,11.668,2847448,2847448,0,1,0,20,ESP32/cnn_tflite_esp32/reports/20261008T215503505222Z/report.csv,29268
A0972.raw,1,255,0,1,1,1,1781.495,1048576,312380,2,equal,2,519.831,2942888,2942868,0,80167a43ed766125a9acd225cf02e66c1ee34672625852e8a3ae4b88c0789410,1769.801,11.694,2847448,2847448,0,1,0,20,ESP32/cnn_tflite_esp32/reports/20261008T215503505222Z/report.csv,29268
A0973.raw,1,255,0,1,1,1,1780.844,1048576,312380,2,equal,2,556.049,2942888,2942868,0,7688363ba4fb050c4a2e3d840fc9bcc32770d72391aa3493b86f82bef105bd2a,1769.211,11.633,2847448,2847448,0,1,0,20,ESP32/cnn_tflite_esp32/reports/20261008T215503505222Z/report.csv,29268
A0974.raw,1,255,0,1,1,1,1782.385,1048576,312380,2,equal,2,584.312,2942888,2942868,0,d96247838e01cb31b82b1c5bc4fe5f55fc16e9dfba7fe9f49e88a7c5e0768559,1769.911,12.474,2847448,2847448,0,1,0,20,ESP32/cnn_tflite_esp32/reports/20261008T215503505222Z/report.csv,29268
A0975.raw,1,255,0,1,1,1,1782.044,1048576,312380,2,equal,2,573.402,2942888,2942868,0,6de9f697aeef96e3e136ccf32bde68fa98a68422f5e08072da0f9f89a1bcbb88,1770.354,11.690,2847448,2847448,0,1,0,20,ESP32/cnn_tflite_esp32/reports/20261008T215503505222Z/report.csv,29268
A0976.raw,1,255,0,1,1,1,1782.661,1048576,312380,2,equal,2,650.261,2942888,2942868,0,07f57226cf82794433995411bf9bd5eb78be06210ae1510d010083bf1fd45c20,1770.966,11.695,2847448,2847448,0,1,0,20,ESP32/cnn_tflite_esp32/reports/20261008T215503505222Z/report.csv,29268
A0977.raw,1,255,0,1,1,1,1781.632,1048576,312380,2,equal,2,568.122,2942888,2942868,0,8f3120bd967ca1418388422780e0c86e170b8abd4206243d6277e36c600aa3a2,1770.058,11.574,2847448,2847448,0,1,0,20,ESP32/cnn_tflite_esp32/reports/20261008T215503505222Z/report.csv,29268
A0978.raw,1,255,0,1,1,1,1783.12,1048576,312380,2,equal,2,590.094,2942888,2942872,0,f25f32ad2ee6fda52f23e421b3c6bd9c97d50273ea174ce86ec13ea52ebf0d62,1770.416,12.704,2847448,2847448,0,1,0,20,ESP32/cnn_tflite_esp32/reports/20261008T215503505222Z/report.csv,29268
A0979.raw,1,255,0,1,1,1,1778.686,1048576,312380,2,equal,2,491.885,2942888,2942888,0,de8e5bf55e45c456df22a6ac5e6fafee7cbf2b16f2f0e34a188f04a0af78ee38,1766.998,11.688,2847448,2847448,0,1,0,20,ESP32/cnn_tflite_esp32/reports/20261008T215503505222Z/report.csv,29268
A0980.raw,1,255,0,1,1,1,1780.687,1048576,312380,2,equal,2,527.423,2942888,2942868,0,e3f49614660443e642219cf0946525a5b9aeea5276208109429b9c86b38d5cbf,1769.008,11.679,2847448,2847448,0,1,0,20,ESP32/cnn_tflite_esp32/reports/20261008T215503505222Z/report.csv,29268
A0981.raw,1,255,0,1,1,1,1782.832,1048576,312380,2,equal,2,530.276,2942888,2942868,0,899a0f0cf1cd5cb928a37464530e83dbf58f911da958314779dc380de87d6f5f,1771.143,11.689,2847448,2847448,0,1,0,20,ESP32/cnn_tflite_esp32/reports/20261008T215503505222Z/report.csv,29268
A0982.raw,1,255,0,1,1,1,1781.916,1048576,312380,2,equal,2,555.260,2942888,2942868,0,c162c8eea02ef04c1b5ddce48732d30ec999329e7da3762fbb61146de9635f01,1770.246,11.670,2847448,2847448,0,1,0,20,ESP32/cnn_tflite_esp32/reports/20261008T215503505222Z/report.csv,29268
A0983.raw,1,255,0,1,1,1,1781.35,1048576,312380,2,equal,2,543.473,2942888,2942868,0,d6106062287dba6c09d13cb3f87f1083a7b34c22d5bb30df42ef17ea259b8ca4,1769.690,11.660,2847448,2847448,0,1,0,20,ESP32/cnn_tflite_esp32/reports/20261008T215503505222Z/report.csv,29268
A0984.raw,1,255,0,1,1,1,1782.52,1048576,312380,2,equal,2,499.096,2942888,2942888,0,03003292beef16f11ed5885492a30b86bceca42020d3bb3b3ca2c9ce44b6288f,1770.056,12.464,2847448,2847448,0,1,0,20,ESP32/cnn_tflite_esp32/reports/20261008T215503505222Z/report.csv,29268
A0985.raw,1,255,0,1,1,1,1779.807,1048576,312380,2,equal,2,530.167,2942888,2942868,0,57a128702245764c7db63ef0b6575bde623f802e79e8493ebb4cf51f8b21c968,1768.176,11.631,2847448,2847448,0,1,0,20,ESP32/cnn_tflite_esp32/reports/20261008T215503505222Z/report.csv,29268
A0986.raw,1,255,0,1,1,1,1782.902,1048576,312380,2,equal,2,513.940,2942908,2942888,0,27e1001db98e29a4b2aa4ef66763696ebe4e2cc8df872fa74d48185718f8dabf,1770.525,12.377,2847448,2847448,0,1,0,20,ESP32/cnn_tflite_esp32/reports/20261008T215503505222Z/report.csv,29268
A0987.raw,1,255,0,1,1,1,1781.397,1048576,312380,2,equal,2,556.571,2942888,2942868,0,4f20099e6cf6bdc0b3aa6416c4b26abbe98ea19db8a4350215714fdd52aede7f,1769.798,11.599,2847448,2847448,0,1,0,20,ESP32/cnn_tflite_esp32/reports/20261008T215503505222Z/report.csv,29268
A0988.raw,1,255,0,1,1,1,1782.932,1048576,312380,2,equal,2,557.332,2942888,2942868,0,aea5cf953145d309083958158c53455a749bc0694efcc72ade27bfdc00b3b5d9,1771.328,11.604,2847448,2847448,0,1,0,20,ESP32/cnn_tflite_esp32/reports/20261008T215503505222Z/report.csv,29268
A0989.raw,1,255,0,1,1,1,1781.306,1048576,312380,2,equal,2,512.048,2942888,2942868,0,19e3707d7c5b9af34aa0ed737dd1569461492dc38797e7d04c16092a16c75578,1769.615,11.691,2847448,2847448,0,1,0,20,ESP32/cnn_tflite_esp32/reports/20261008T215503505222Z/report.csv,29268
A0990.raw,1,255,0,1,1,1,1780.04,1048576,312380,2,equal,2,522.261,2942888,2942868,0,44584da843b222b1eb1938eb7b6e9fe215c4f31df728371b48abca7fd8539f36,1768.394,11.646,2847448,2847448,0,1,0,20,ESP32/cnn_tflite_esp32/reports/20261008T215503505222Z/report.csv,29268
A0991.raw,1,255,0,1,1,1,1781.596,1048576,312380,2,equal,2,511.738,2942888,2942868,0,85631d3dab1ed5caf475c511b6629bd39ece997af026f7198fe2c8d8c30663d0,1769.920,11.676,2847448,2847448,0,1,0,20,ESP32/cnn_tflite_esp32/reports/20261008T215503505222Z/report.csv,29268
A0992.raw,1,255,0,1,1,1,1783.483,1048576,312380,2,equal,2,562.219,2942888,2942868,0,25ae481a8d2c665fae7acb86489846d5c015a846fd11b58dd1acf2cdc9b8333c,1771.191,12.292,2847448,2847448,0,1,0,20,ESP32/cnn_tflite_esp32/reports/20261008T215503505222Z/report.csv,29268
A0993.raw,1,255,0,1,1,1,1781.927,1048576,312380,2,equal,2,532.684,2942888,2942868,0,205295ca47b672576724040203493b22563180da17fd133171f9d7589da712b0,1770.331,11.596,2847448,2847448,0,1,0,20,ESP32/cnn_tflite_esp32/reports/20261008T215503505222Z/report.csv,29268
A0994.raw,1,255,0,1,1,1,1781.485,1048576,312380,2,equal,2,527.687,2942888,2942868,0,1a5a5613d1af1af1bd511f200ddec235aa577458d6226f045049eeafc5eddf22,1769.805,11.680,2847448,2847448,0,1,0,20,ESP32/cnn_tflite_esp32/reports/20261008T215503505222Z/report.csv,29268
A0995.raw,1,255,0,1,1,1,1781.952,1048576,312380,2,equal,2,512.696,2942888,2941136,0,a9af89e999227e4ce2a69cbcb1f9d50c06a252ccfdc01d3b0ae424962bb7cf02,1770.062,11.890,2847448,2847448,0,1,0,20,ESP32/cnn_tflite_esp32/reports/20261008T215503505222Z/report.csv,29268
A0996.raw,1,255,0,1,1,1,1783.618,1048576,312380,2,equal,2,498.277,2942888,2942888,0,68a88736805cc914cafbda6a9e532288f8c865dc171fefc5bdfe6fb104b89b75,1772.011,11.607,2847448,2847448,0,1,0,20,ESP32/cnn_tflite_esp32/reports/20261008T215503505222Z/report.csv,29268
A0997.raw,1,255,0,1,1,1,1780.014,1048576,312380,2,equal,2,498.815,2942888,2942888,0,af19adff306c26b8271fc7b12c853e067e00afc81e6385da7bae41dd3972bed7,1768.299,11.715,2847448,2847448,0,1,0,20,ESP32/cnn_tflite_esp32/reports/20261008T215503505222Z/report.csv,29268
A0998.raw,1,255,0,1,1,1,1781.372,1048576,312380,2,equal,2,499.983,2942888,2942888,0,2ea3faff2e4299b76eb280c55866ecce1c03eb747cbcbe6fa8a08230f2ebc946,1769.699,11.673,2847448,2847448,0,1,0,20,ESP32/cnn_tflite_esp32/reports/20261008T215503505222Z/report.csv,29268
A0999.raw,1,255,0,1,1,1,1780.876,1048576,312380,2,equal,2,530.213,2942888,2942868,0,a9755f4a4f4886ccba2ccd47179e86c5a3d48fdb43b7ab7c8ad3f695c107104f,1769.252,11.624,2847448,2847448,0,1,0,20,ESP32/cnn_tflite_esp32/reports/20261008T215503505222Z/report.csv,29268
A1000.raw,1,255,0,1,1,1,1779.032,1048576,312380,2,equal,2,521.505,2942888,2942868,0,7fa181b05c4bbbc75815bb909ef7a62abeb0f29eae0d29e4574b983f32e8dc69,1767.456,11.576,2847448,2847448,0,1,0,20,ESP32/cnn_tflite_esp32/reports/20261008T215503505222Z/report.csv,29268
A1001.raw,1,255,0,1,1,1,1779.296,1048576,312380,2,equal,2,526.835,2942888,2942868,0,863aa8d424afe671977e939b4cc3ca21de3e80c44eeea5525fc99be3dcd16402,1767.659,11.637,2847448,2847448,0,1,0,20,ESP32/cnn_tflite_esp32/reports/20261008T215503505222Z/report.csv,29268
A1002.raw,1,255,0,1,1,1,1783.27,1048576,312380,2,equal,2,654.275,2942888,2942868,0,6c0ee4ccee8e90e3f662b598ac2d7e676a9badd756136a9e8365ae83fb91d0f2,1771.628,11.642,2847448,2847448,0,1,0,20,ESP32/cnn_tflite_esp32/reports/20261008T215503505222Z/report.csv,29268
A1003.raw,1,255,0,1,1,1,1783.352,1048576,312380,2,equal,2,548.538,2942888,2942868,0,374ef699ede8e2ebf9ea38388cbe7f043362d94e9cf46a47d855f95af1362dbb,1770.663,12.689,2847448,2847448,0,1,0,20,ESP32/cnn_tflite_esp32/reports/20261008T215503505222Z/report.csv,29268
A1004.raw,1,255,0,1,1,1,1781.184,1048576,312380,2,equal,2,505.726,2942888,2942888,0,e4e74c5707e3b5f3bfdef154d09022bebb0392decfda4a47762b1a299c80c48b,1769.465,11.719,2847448,2847448,0,1,0,20,ESP32/cnn_tflite_esp32/reports/20261008T215503505222Z/report.csv,29268
A1005.raw,1,255,0,1,1,1,1781.953,1048576,312380,2,equal,2,858.986,2942888,2942872,0,cc6f036f85af78e380e71f00bb87063dcbe6c49ea8adfff032f251485fbfe83d,1770.318,11.635,2847448,2847448,0,1,0,20,ESP32/cnn_tflite_esp32/reports/20261008T215503505222Z/report.csv,29268
A1008.raw,1,255,0,1,1,1,1781.271,1048576,312380,2,equal,2,529.380,2942888,2942868,0,df46fa8b299460df9186fcc1656e3265d4ae09dc92a98f1496e18e87302f55f3,1769.615,11.656,2847448,2847448,0,1,0,20,ESP32/cnn_tflite_esp32/reports/20261008T215503505222Z/report.csv,29268
A1009.raw,1,255,0,1,1,1,1780.017,1048576,312380,2,equal,2,528.295,2942888,2942868,0,db27a563ca0709dc0234b1e53e602398500b9c1c5d2b8997883ac905b4c38b0c,1768.446,11.571,2847448,2847448,0,1,0,20,ESP32/cnn_tflite_esp32/reports/20261008T215503505222Z/report.csv,29268
A1010.raw,1,255,0,1,1,1,1781.612,1048576,312380,2,equal,2,532.367,2942888,2942868,0,f64c9963a6a3a14a5dca7d21461f7121d2eab73194cb02822a262327e25df8af,1770.020,11.592,2847448,2847448,0,1,0,20,ESP32/cnn_tflite_esp32/reports/20261008T215503505222Z/report.csv,29268
A1011.raw,1,255,0,1,1,1,1779.585,1048576,312380,2,equal,2,524.941,2942888,2942868,0,0ad15bc5201701a7d9fa1ad554eb582f4146f68f271e44f8e129579a36a6dd9e,1767.930,11.655,2847448,2847448,0,1,0,20,ESP32/cnn_tflite_esp32/reports/20261008T215503505222Z/report.csv,29268
A1012.raw,1,255,0,1,1,1,1779.195,1048576,312380,2,equal,2,538.564,2942888,2942868,0,fce20e9d0f534b003e5d576e3a69e6ac505491cbbe899d568d8762bbb65fcf7c,1767.577,11.618,2847448,2847448,0,1,0,20,ESP32/cnn_tflite_esp32/reports/20261008T215503505222Z/report.csv,29268
A1013.raw,1,255,0,1,1,1,1780.783,1048576,312380,2,equal,2,533.613,2942888,2942868,0,485bbe48de8a8456f178f5db6ae3cd9684ddedc5204c85d56b7331a235d87a58,1769.140,11.643,2847448,2847448,0,1,0,20,ESP32/cnn_tflite_esp32/reports/20261008T215503505222Z/report.csv,29268
A1014.raw,1,255,0,1,1,1,1781.381,1048576,312380,2,equal,2,482.062,2942888,2942868,0,d8f59e433992dbe20daa42078bc76de00351c5749fc6a6d29ac73479142fe814,1769.705,11.676,2847448,2847448,0,1,0,20,ESP32/cnn_tflite_esp32/reports/20261008T215503505222Z/report.csv,29268
A1015.raw,1,255,0,1,1,1,1782.47,1048576,312380,2,equal,2,521.638,2942888,2942868,0,fba962d91c1e769e61586c2c41341d212ae133225b48b905a751a5c9f4fc7dc4,1770.795,11.675,2847448,2847448,0,1,0,20,ESP32/cnn_tflite_esp32/reports/20261008T215503505222Z/report.csv,29268
A1016.raw,1,255,0,1,1,1,1782.348,1048576,312380,2,equal,2,576.397,2942888,2942868,0,4946013e1a65ff353d6ecb38a0e5f36b9a4a9afecf67fef2383ec58002f8565e,1770.630,11.718,2847448,2847448,0,1,0,20,ESP32/cnn_tflite_esp32/reports/20261008T215503505222Z/report.csv,29268
A1017.raw,1,255,0,1,1,1,1782.561,1048576,312380,2,equal,2,543.528,2942888,2942868,0,7513fad57260420db99c8f7a12b589e76559d3f5702f2a597314cf427ce48398,1770.927,11.634,2847448,2847448,0,1,0,20,ESP32/cnn_tflite_esp32/reports/20261008T215503505222Z/report.csv,29268
a0002.raw,1,29,227,0,0,1,1781.978,1048576,312380,2,equal,2,545.005,2942888,2942868,0,44a77963348af037d1dab525213e0e60a65c13c2cd3457b046c39b8845848546,1770.295,11.683,2847448,2847448,0,1,0,20,ESP32/cnn_tflite_esp32/reports/20261008T215503505222Z/report.csv,29268
a0003.raw,1,0,255,0,0,1,1781.204,1048576,312380,2,equal,2,530.345,2942888,2942868,0,22a21cd28f2a922051791bab0f5de94f82765d5f3044df9343ca55639c58522e,1769.605,11.599,2847448,2847448,0,1,0,20,ESP32/cnn_tflite_esp32/reports/20261008T215503505222Z/report.csv,29268
a0004.raw,1,14,242,0,0,1,1782.683,1048576,312380,2,equal,2,579.561,2942888,2942868,0,b50fd5da846ae455e26b87bdcb11339143caee0465623a718688031c7a720094,1771.043,11.640,2847448,2847448,0,1,0,20,ESP32/cnn_tflite_esp32/reports/20261008T215503505222Z/report.csv,29268
a0005.raw,1,0,255,0,0,1,1782.758,1048576,312380,2,equal,2,540.765,2942888,2942868,0,ff41af0d7f566646d76a703cbcadc5f02fa5cc758ad75fa9bb03b8f4b972e633,1770.851,11.907,2847448,2847448,0,1,0,20,ESP32/cnn_tflite_esp32/reports/20261008T215503505222Z/report.csv,29268
a0006.raw,1,3,253,0,0,1,1783.097,1048576,312380,2,equal,2,526.851,2942888,2942868,0,b3c7d707a1f37c096463a28b3970f96e799eb59f0aca823eea319295c87e3817,1770.408,12.689,2847448,2847448,0,1,0,20,ESP32/cnn_tflite_esp32/reports/20261008T215503505222Z/report.csv,29268
a0007.raw,1,2,254,0,0,1,1783.318,1048576,312380,2,equal,2,517.325,2942888,2942868,0,f8a167d1159f137c01041589192da13632b62b384def355949419c07ddc72594,1771.414,11.904,2847448,2847448,0,1,0,20,ESP32/cnn_tflite_esp32/reports/20261008T215503505222Z/report.csv,29268
a0009.raw,1,1,255,0,0,1,1781.249,1048576,312380,2,equal,2,554.746,2942888,2942876,0,e1a5c5b6bffe7ee188102a7ec03f9b8bb617ff874b1dae63c87104c31acc543c,1769.627,11.622,2847448,2847448,0,1,0,20,ESP32/cnn_tflite_esp32/reports/20261008T215503505222Z/report.csv,29268
a0010.raw,1,0,255,0,0,1,1780.599,1048576,312380,2,equal,2,544.629,2942888,2942868,0,d8d3af8a907e729aa9e2e6b1f9888fc233b9bc7c71c427ab31cd1d2ab09629ad,1768.942,11.657,2847448,2847448,0,1,0,20,ESP32/cnn_tflite_esp32/reports/20261008T215503505222Z/report.csv,29268
a0011.raw,1,0,255,0,0,1,1781.539,1048576,312380,2,equal,2,501.620,2942888,2942888,0,1114cdac15cd87f647799c0370600addb882fbea153474ab29f58a6eb6e6d875,1769.885,11.654,2847448,2847448,0,1,0,20,ESP32/cnn_tflite_esp32/reports/20261008T215503505222Z/report.csv,29268
a0012.raw,1,0,255,0,0,1,1775.657,1048576,312380,2,equal,2,530.261,2942888,2942868,0,5974f32fa73dbad12acff5395834d3b29f858c2ec722ce8612a210d3d975c678,1763.986,11.671,2847448,2847448,0,1,0,20,ESP32/cnn_tflite_esp32/reports/20261008T215503505222Z/report.csv,29268
a0013.raw,1,0,255,0,0,1,1781.74,1048576,312380,2,equal,2,505.933,2942888,2942868,0,a876c3f4c7f86fcc9968e20883ba89d72869f4fb9489db68fb56fa28f9753096,1770.057,11.683,2847448,2847448,0,1,0,20,ESP32/cnn_tflite_esp32/reports/20261008T215503505222Z/report.csv,29268
a0014.raw,1,0,255,0,0,1,1781.545,1048576,312380,2,equal,2,510.016,2942888,2942888,0,f46fa15a41b3f00cdfc4cc8d6690683cc35f40031637e444a8ab1b6ee83976d5,1769.099,12.446,2847448,2847448,0,1,0,20,ESP32/cnn_tflite_esp32/reports/20261008T215503505222Z/report.csv,29268
a0015.raw,1,0,255,0,0,1,1781.756,1048576,312380,2,equal,2,575.303,2942888,2942868,0,54d65191f17cc336a0215bed3521dbde2d344fa2505887d8471e5861d13054df,1770.122,11.634,2847448,2847448,0,1,0,20,ESP32/cnn_tflite_esp32/reports/20261008T215503505222Z/report.csv,29268
a0016.raw,1,0,255,0,0,1,1781.038,1048576,312380,2,equal,2,507.681,2942888,2942888,0,c6b9302379b8117b9ccf3d74b01ccf108bafc7530aaf6af9f73684d4517d20e1,1769.408,11.630,2847448,2847448,0,1,0,20,ESP32/cnn_tflite_esp32/reports/20261008T215503505222Z/report.csv,29268
a0017.raw,1,0,255,0,0,1,1780.35,1048576,312380,2,equal,2,519.347,2942888,2942868,0,409da4948af8f0f5880bd308063b0b1c3c6aaa0836506c14ec6cf48f744c66d0,1768.674,11.676,2847448,2847448,0,1,0,20,ESP32/cnn_tflite_esp32/reports/20261008T215503505222Z/report.csv,29268
a0018.raw,1,0,255,0,0,1,1784.033,1048576,312380,2,equal,2,499.144,2942888,2942888,0,fef19c80c9e9aab80354b9fe8389d473c57e7484182f550d97582639b4157f66,1772.334,11.699,2847448,2847448,0,1,0,20,ESP32/cnn_tflite_esp32/reports/20261008T215503505222Z/report.csv,29268
a0019.raw,1,0,255,0,0,1,1782.02,1048576,312380,2,equal,2,501.803,2942888,2942888,0,b42ce8e541bad7fccaa6e3f339bc1cdd1b232418fc4c02544035dd73d0f68188,1769.976,12.044,2847448,2847448,0,1,0,20,ESP32/cnn_tflite_esp32/reports/20261008T215503505222Z/report.csv,29268
a0020.raw,1,237,19,1,0,0,1779.746,1048576,312380,2,equal,2,500.655,2942888,2942888,0,3999ac74be6d8a9b201f87aea2f6da8c9caf7172fc3cf6ef35bf1e467311cbc3,1768.000,11.746,2847448,2847448,0,1,0,20,ESP32/cnn_tflite_esp32/reports/20261008T215503505222Z/report.csv,29268
a0021.raw,1,14,242,0,0,1,1782.575,1048576,312380,2,equal,2,536.602,2942888,2942868,0,28b79c70cecb2622cefc5d0f081ba21effef5ad1aab9500e976a2630e24e4a43,1770.830,11.745,2847448,2847448,0,1,0,20,ESP32/cnn_tflite_esp32/reports/20261008T215503505222Z/report.csv,29268
a0022.raw,1,0,255,0,0,1,1782.35,1048576,312380,2,equal,2,528.245,2942888,2942868,0,6832a932d8fd5d7c88a710209527ba610139ad983bc237497ce7878a5a939303,1770.339,12.011,2847448,2847448,0,1,0,20,ESP32/cnn_tflite_esp32/reports/20261008T215503505222Z/report.csv,29268
a0023.raw,1,0,255,0,0,1,1781.65,1048576,312380,2,equal,2,492.345,2942888,2942888,0,2e39545bec1265068779a9babea25ba2a31429a3ad39c60318751ce4bd0d4d1e,1769.963,11.687,2847448,2847448,0,1,0,20,ESP32/cnn_tflite_esp32/reports/20261008T215503505222Z/report.csv,29268
a0024.raw,1,0,255,0,0,1,1780.916,1048576,312380,2,equal,2,502.625,2942888,2942888,0,dca8ce592f18aae285a9f43bef7f2d13f95e601de6ae7c24ee7eb5a22f7945d2,1769.250,11.666,2847448,2847448,0,1,0,20,ESP32/cnn_tflite_esp32/reports/20261008T215503505222Z/report.csv,29268
a0026.raw,1,0,255,0,0,1,1781.001,1048576,312380,2,equal,2,518.928,2942888,2942868,0,0abde977af047aecd9cc11ca02a1a2587a1daad0aecebe489fa947df701b13e3,1769.346,11.655,2847448,2847448,0,1,0,20,ESP32/cnn_tflite_esp32/reports/20261008T215503505222Z/report.csv,29268
a0029.raw,1,0,255,0,0,1,1779.032,1048576,312380,2,equal,2,500.900,2942888,2942888,0,39cd1f3ac54dd1a965744fb87e5d1aeade9c020a53d352838d5ff06feba89772,1767.436,11.596,2847448,2847448,0,1,0,20,ESP32/cnn_tflite_esp32/reports/20261008T215503505222Z/report.csv,29268
a0033.raw,1,0,255,0,0,1,1781.687,1048576,312380,2,equal,2,520.651,2942888,2942868,0,eff7ffe7fffcc1a62993e7a64fdaa07558fc4d3bf58628746c0b76606bebe4c8,1769.943,11.744,2847448,2847448,0,1,0,20,ESP32/cnn_tflite_esp32/reports/20261008T215503505222Z/report.csv,29268
a0034.raw,1,0,255,0,0,1,1782.483,1048576,312380,2,equal,2,587.663,2942888,2942868,0,6b5396f0c002bf0456cb22bcd790053809ccc7f43ca8427fa1d4a27614df98d0,1770.866,11.617,2847448,2847448,0,1,0,20,ESP32/cnn_tflite_esp32/reports/20261008T215503505222Z/report.csv,29268
a0035.raw,1,0,255,0,0,1,1783.168,1048576,312380,2,equal,2,535.303,2942888,2942868,0,72191df592644094329811825082c8277db2a4b71205e22d623131b247337a59,1770.453,12.715,2847448,2847448,0,1,0,20,ESP32/cnn_tflite_esp32/reports/20261008T215503505222Z/report.csv,29268
a0036.raw,1,0,255,0,0,1,1781.964,1048576,312380,2,equal,2,522.279,2942888,2942868,0,c8f578b966005a953b90daef26e589b247b97a35139d5ddd153ba245b6dd025d,1769.287,12.677,2847448,2847448,0,1,0,20,ESP32/cnn_tflite_esp32/reports/20261008T215503505222Z/report.csv,29268
a0037.raw,1,0,255,0,0,1,1782.286,1048576,312380,2,equal,2,512.589,2942888,2942868,0,90679a440b6a129a6455c37f19c5d64b39cd3d91b322efa51da3618efd6a9262,1770.319,11.967,2847448,2847448,0,1,0,20,ESP32/cnn_tflite_esp32/reports/20261008T215503505222Z/report.csv,29268
a0038.raw,1,0,255,0,0,1,1781.659,1048576,312380,2,equal,2,494.676,2942888,2942888,0,66bbc2c6d92081e504e87acd385745149da2240dd32924d31f3f410b70efbaa9,1769.979,11.680,2847448,2847448,0,1,0,20,ESP32/cnn_tflite_esp32/reports/20261008T215503505222Z/report.csv,29268
a0039.raw,1,0,255,0,0,1,1781.268,1048576,312380,2,equal,2,490.359,2942888,2942888,0,d40eaa455abe54854365323baf02c43d58e0a52137b1e22d913766fb496e83ef,1769.613,11.655,2847448,2847448,0,1,0,20,ESP32/cnn_tflite_esp32/reports/20261008T215503505222Z/report.csv,29268
a0040.raw,1,0,255,0,0,1,1779.125,1048576,312380,2,equal,2,501.902,2942888,2942888,0,7be4f91fe7e0d5a538c256873993afaa57d1bee8ed9c4fbee0fd19827dd02d39,1767.514,11.611,2847448,2847448,0,1,0,20,ESP32/cnn_tflite_esp32/reports/20261008T215503505222Z/report.csv,29268
a0041.raw,1,0,255,0,0,1,1780.887,1048576,312380,2,equal,2,496.307,2942888,2942888,0,b6ca30b250c5d5a959e524f794c128c2b0e4876ebdcb2e3262e7a1edcd1611fe,1769.148,11.739,2847448,2847448,0,1,0,20,ESP32/cnn_tflite_esp32/reports/20261008T215503505222Z/report.csv,29268
a0042.raw,1,0,255,0,0,1,1781.09,1048576,312380,2,equal,2,483.607,2942888,2942888,0,9d6f125428263b9108dd7cdce2e37501c79c01b004ef5e0b1dda2edc9518c9b1,1769.453,11.637,2847448,2847448,0,1,0,20,ESP32/cnn_tflite_esp32/reports/20261008T215503505222Z/report.csv,29268
a0043.raw,1,0,255,0,0,1,1782.301,1048576,312380,2,equal,2,488.188,2942888,2942888,0,52c4eb26246e95f3531eec11c94fd6b32afaef6ae63e248d62bc219ac65d642f,1770.728,11.573,2847448,2847448,0,1,0,20,ESP32/cnn_tflite_esp32/reports/20261008T215503505222Z/report.csv,29268
a0044.raw,1,0,255,0,0,1,1780.654,1048576,312380,2,equal,2,531.271,2942888,2942868,0,f3e149c440a5a84e5ad9ad3195e7a0a9b2d23bcda5cd0bc57380f2017c01b596,1769.019,11.635,2847448,2847448,0,1,0,20,ESP32/cnn_tflite_esp32/reports/20261008T215503505222Z/report.csv,29268
a0045.raw,1,0,255,0,0,1,1781.765,1048576,312380,2,equal,2,502.521,2942888,2942888,0,be5029273eed3e83acc8c1251c508f4dd96b05782f94e9b7375414d181cd3fe5,1770.066,11.699,2847448,2847448,0,1,0,20,ESP32/cnn_tflite_esp32/reports/20261008T215503505222Z/report.csv,29268
a0046.raw,1,0,255,0,0,1,1784.022,1048576,312380,2,equal,2,512.882,2942888,2942868,0,5e020d1ebbbfd982ba68576893ab4d198577df11a2c54581ad07a24fa9ec9f3b,1771.634,12.388,2847448,2847448,0,1,0,20,ESP32/cnn_tflite_esp32/reports/20261008T215503505222Z/report.csv,29268
a0047.raw,1,0,255,0,0,1,1786.005,1048576,312380,2,equal,2,515.715,2942888,2942868,0,a0167930f610dcca700aa5f22898211fec75c23d7409e9cdae90e394e4115c61,1773.336,12.669,2847448,2847448,0,1,0,20,ESP32/cnn_tflite_esp32/reports/20261008T215503505222Z/report.csv,29268
a0048.raw,1,0,255,0,0,1,1781.181,1048576,312380,2,equal,2,643.616,2942888,2942868,0,71bcbca7704934ecca144d7adc0dbe060b0574f7e432983bc3bb38e9ac7b376b,1769.524,11.657,2847448,2847448,0,1,0,20,ESP32/cnn_tflite_esp32/reports/20261008T215503505222Z/report.csv,29268
a0049.raw,1,0,255,0,0,1,1783.102,1048576,312380,2,equal,2,509.161,2942888,2942888,0,6c17a2b416db453292bc0a528f68e3dfbd618d08aa0dd5d246645e5503c26c37,1770.309,12.793,2847448,2847448,0,1,0,20,ESP32/cnn_tflite_esp32/reports/20261008T215503505222Z/report.csv,29268
a0050.raw,1,0,255,0,0,1,1782.859,1048576,312380,2,equal,2,508.736,2942888,2942888,0,73bad97d8e6e0943f4cdc076e620fafc558965ca2d8a889335c6d371b9f1d01f,1770.923,11.936,2847448,2847448,0,1,0,20,ESP32/cnn_tflite_esp32/reports/20261008T215503505222Z/report.csv,29268
a0051.raw,1,0,255,0,0,1,1779.725,1048576,312380,2,equal,2,538.864,2942888,2942868,0,64e704e30ed48979a88c77d7f85d82cf8629b472dd1cf16461c2b6c98af39142,1768.088,11.637,2847448,2847448,0,1,0,20,ESP32/cnn_tflite_esp32/reports/20261008T215503505222Z/report.csv,29268
a0052.raw,1,1,255,0,0,1,1782.859,1048576,312380,2,equal,2,500.502,2942888,2942888,0,9748fe301a62522571b24ac8b6650d5e432c2a4892788dba3a01d2af0f109c4a,1770.886,11.973,2847448,2847448,0,1,0,20,ESP32/cnn_tflite_esp32/reports/20261008T215503505222Z/report.csv,29268
a0053.raw,1,113,143,0,0,1,1782.65,1048576,312380,2,equal,2,536.369,2942888,2942868,0,0aa6e3b24e92cce76fba342ff87d2403021a4253806515051e95412d921752d5,1770.524,12.126,2847448,2847448,0,1,0,20,ESP32/cnn_tflite_esp32/reports/20261008T215503505222Z/report.csv,29268
a0054.raw,1,251,5,1,0,0,1781.923,1048576,312380,2,equal,2,521.876,2942888,2942868,0,decb002b931b7bf84e000e26b706f784d2aa7b7b73d03ea3a0bc110a984fe6d1,1769.508,12.415,2847448,2847448,0,1,0,20,ESP32/cnn_tflite_esp32/reports/20261008T215503505222Z/report.csv,29268
a0055.raw,1,0,255,0,0,1,1779.672,1048576,312380,2,equal,2,658.072,2942888,2942868,0,2393ce1e9f31b247b7960a60c8a7a5932d28db2066d2c46d421e4156b8b0c075,1767.977,11.695,2847448,2847448,0,1,0,20,ESP32/cnn_tflite_esp32/reports/20261008T215503505222Z/report.csv,29268
a0056.raw,1,3,253,0,0,1,1781.308,1048576,312380,2,equal,2,506.389,2942888,2942868,0,20c84d594badda4c43c2adff325918e1499f42b5664f1c49a6839f9a2104aae8,1769.679,11.629,2847448,2847448,0,1,0,20,ESP32/cnn_tflite_esp32/reports/20261008T215503505222Z/report.csv,29268
a0057.raw,1,12,244,0,0,1,1782.071,1048576,312380,2,equal,2,506.143,2942888,2942896,8,dd0340973210f0a716216ea6a08b2b93d3e07856d4cef3e09685b5a0abd8955d,1770.393,11.678,2847448,2847448,0,1,0,20,ESP32/cnn_tflite_esp32/reports/20261008T215503505222Z/report.csv,29268
a0058.raw,1,253,3,1,0,0,1781.343,1048576,312380,2,equal,2,530.919,2942888,2942868,0,70559657d3da8bfc115e820631b347fd512740762ff6b0b99c0c3bfaeee4fb4b,1769.658,11.685,2847448,2847448,0,1,0,20,ESP32/cnn_tflite_esp32/reports/20261008T215503505222Z/report.csv,29268
a0059.raw,1,0,255,0,0,1,1780.628,1048576,312380,2,equal,2,525.733,2942888,2942868,0,d005b5126f26d3e207ecaa67b08326afb8f04d9c99251a07331c74864c117153,1769.061,11.567,2847448,2847448,0,1,0,20,ESP32/cnn_tflite_esp32/reports/20261008T215503505222Z/report.csv,29268
a0060.raw,1,1,255,0,0,1,1781.112,1048576,312380,2,equal,2,494.377,2942888,2942888,0,44be0498e0e3062167a8e9e2653e33ef76cea76cd93424b8c6a4386cb8e2ac3f,1769.163,11.949,2847448,2847448,0,1,0,20,ESP32/cnn_tflite_esp32/reports/20261008T215503505222Z/report.csv,29268
a0061.raw,1,10,246,0,0,1,1782.939,1048576,312380,2,equal,2,533.597,2942888,2942868,0,5d04faa5f925037e8488f5dd5bebcc74e064746f233d5cb388e7501a9ed8221c,1770.527,12.412,2847448,2847448,0,1,0,20,ESP32/cnn_tflite_esp32/reports/20261008T215503505222Z/report.csv,29268
a0062.raw,1,120,136,0,0,1,1782.603,1048576,312380,2,equal,2,498.761,2942888,2942888,0,3574df7102b1cab6e43a822a2a3426a86cae2535bcdf66dc27271c35c86477f9,1770.855,11.748,2847448,2847448,0,1,0,20,ESP32/cnn_tflite_esp32/reports/20261008T215503505222Z/report.csv,29268
a0063.raw,1,0,255,0,0,1,1782.81,1048576,312380,2,equal,2,503.235,2942888,2942888,0,f7b87dc9ce41216101c1f102868c8c74ce56a6888c0099075910faa69f641e0b,1771.091,11.719,2847448,2847448,0,1,0,20,ESP32/cnn_tflite_esp32/reports/20261008T215503505222Z/report.csv,29268
a0064.raw,1,0,255,0,0,1,1781.106,1048576,312380,2,equal,2,476.615,2942888,2942868,0,8fa343854c57e220d339bb32a662e9ecd64ce0604af8785df8336bb1491c4df4,1769.413,11.693,2847448,2847448,0,1,0,20,ESP32/cnn_tflite_esp32/reports/20261008T215503505222Z/report.csv,29268
a0065.raw,1,0,255,0,0,1,1782.952,1048576,312380,2,equal,2,499.478,2942888,2942888,0,b90c3d31d42e676b4b2c1dc6379846ebdeb70ace5eac882f05ae9586601734fc,1770.631,12.321,2847448,2847448,0,1,0,20,ESP32/cnn_tflite_esp32/reports/20261008T215503505222Z/report.csv,29268
a0066.raw,1,7,249,0,0,1,1782.376,1048576,312380,2,equal,2,524.954,2942888,2942868,0,4889d57b697967288d0e32196a2b1c4dc7f45e3e5219cef2fc21eb11dd994c7e,1770.416,11.960,2847448,2847448,0,1,0,20,ESP32/cnn_tflite_esp32/reports/20261008T215503505222Z/report.csv,29268
a0067.raw,1,0,255,0,0,1,1782.984,1048576,312380,2,equal,2,509.273,2942888,2942888,0,f1cf383bf9aa42818fa4c46c7df7b01aa274da52f09fd9952ce4994164a54941,1770.811,12.173,2847448,2847448,0,1,0,20,ESP32/cnn_tflite_esp32/reports/20261008T215503505222Z/report.csv,29268
a0068.raw,1,0,255,0,0,1,1781.223,1048576,312380,2,equal,2,555.857,2942888,2942868,0,73c35aaaadfc0354c9110f8b66dd0dd23c3e57a3138f161dbff1238a28abecb8,1769.624,11.599,2847448,2847448,0,1,0,20,ESP32/cnn_tflite_esp32/reports/20261008T215503505222Z/report.csv,29268
a0069.raw,1,0,255,0,0,1,1780.927,1048576,312380,2,equal,2,522.374,2942888,2942868,0,abc01a1eb475c9656693d581dd2e2addfeef893a0a874056cf9e3341d64121b0,1769.286,11.641,2847448,2847448,0,1,0,20,ESP32/cnn_tflite_esp32/reports/20261008T215503505222Z/report.csv,29268
a0070.raw,1,0,255,0,0,1,1781.036,1048576,312380,2,equal,2,511.156,2942888,2942868,0,c4c3df30667822752df3f6791d8ee20a908b4fd1c32e8e33820a47cc601583f6,1769.366,11.670,2847448,2847448,0,1,0,20,ESP32/cnn_tflite_esp32/reports/20261008T215503505222Z/report.csv,29268
a0071.raw,1,0,255,0,0,1,1782.261,1048576,312380,2,equal,2,560.575,2942888,2942868,0,039a30a52a2687a7570a702264fc57ac3db69fc41e8f3885931a615cc72bc677,1770.674,11.587,2847448,2847448,0,1,0,20,ESP32/cnn_tflite_esp32/reports/20261008T215503505222Z/report.csv,29268
a0072.raw,1,0,255,0,0,1,1783.733,1048576,312380,2,equal,2,538.082,2942888,2942868,0,e9ae1d0f199ee9ef28feffd331bf9bcb97d421cfbb558a1c02d230843146200b,1772.125,11.608,2847448,2847448,0,1,0,20,ESP32/cnn_tflite_esp32/reports/20261008T215503505222Z/report.csv,29268
a0073.raw,1,0,255,0,0,1,1779.872,1048576,312380,2,equal,2,492.966,2942888,2942888,0,df343dcad5bea6ed189320eed20dca55a501ba620d58d004e57a58dd1e463cd0,1768.203,11.669,2847448,2847448,0,1,0,20,ESP32/cnn_tflite_esp32/reports/20261008T215503505222Z/report.csv,29268
a0074.raw,1,0,255,0,0,1,1780.985,1048576,312380,2,equal,2,526.389,2942888,2942868,0,6915cd22391af3625b092a89221054483dc007d9fae9f2a78cf838afa740068a,1769.152,11.833,2847448,2847448,0,1,0,20,ESP32/cnn_tflite_esp32/reports/20261008T215503505222Z/report.csv,29268
a0075.raw,1,0,255,0,0,1,1783.475,1048576,312380,2,equal,2,529.392,2942888,2942864,0,09f3f6314af4b7cf40b6c97dd77ddef3e58c5dd3540ea1fb8155845f475d9dee,1771.810,11.665,2847448,2847448,0,1,0,20,ESP32/cnn_tflite_esp32/reports/20261008T215503505222Z/report.csv,29268
a0076.raw,1,0,255,0,0,1,1781.181,1048576,312380,2,equal,2,500.620,2942888,2942888,0,e879e5e0dd1bc9b40866f8f5f487e82da7d011939cdb77cf9046e4946512d7e3,1769.550,11.631,2847448,2847448,0,1,0,20,ESP32/cnn_tflite_esp32/reports/20261008T215503505222Z/report.csv,29268
a0077.raw,1,0,255,0,0,1,1779.856,1048576,312380,2,equal,2,494.263,2942916,2942888,0,983d2f34c7fb28cdccc401f2f5ea864747c66ffd0a8f64c99034ff69c7d0809f,1767.523,12.333,2847448,2847448,0,1,0,20,ESP32/cnn_tflite_esp32/reports/20261008T215503505222Z/report.csv,29268
a0078.raw,1,0,255,0,0,1,1781.269,1048576,312380,2,equal,2,511.403,2942888,2942896,8,3a8f538d2c3a207b3b8900d7bf7a17f0944d08a70de75c8d5c9986d07d5e2be3,1769.341,11.928,2847448,2847448,0,1,0,20,ESP32/cnn_tflite_esp32/reports/20261008T215503505222Z/report.csv,29268
a0079.raw,1,0,255,0,0,1,1781.295,1048576,312380,2,equal,2,570.069,2942888,2942868,0,840eb0ec14f74826bbd12572662cfd41034219aaf5464fe3fe9eb55c6dc80782,1769.627,11.668,2847448,2847448,0,1,0,20,ESP32/cnn_tflite_esp32/reports/20261008T215503505222Z/report.csv,29268
a0080.raw,1,0,255,0,0,1,1780.933,1048576,312380,2,equal,2,523.404,2942888,2942868,0,e239eef780ecbafb9a2ab5e696b504570230f3185d06e33bdc49ba0d62294e6c,1769.297,11.636,2847448,2847448,0,1,0,20,ESP32/cnn_tflite_esp32/reports/20261008T215503505222Z/report.csv,29268
a0081.raw,1,0,255,0,0,1,1781.83,1048576,312380,2,equal,2,491.984,2942888,2942888,0,39deaad4795783578ffd03cc7046a551d70276f22e6c65968fbc31db915fed9a,1770.149,11.681,2847448,2847448,0,1,0,20,ESP32/cnn_tflite_esp32/reports/20261008T215503505222Z/report.csv,29268
a0082.raw,1,0,255,0,0,1,1778.665,1048576,312380,2,equal,2,526.115,2942888,2942868,0,090180054acf367e0fd4607a9868119882889924dddfd4ae5dae060cf42c8c9e,1767.072,11.593,2847448,2847448,0,1,0,20,ESP32/cnn_tflite_esp32/reports/20261008T215503505222Z/report.csv,29268
a0083.raw,1,0,255,0,0,1,1780.651,1048576,312380,2,equal,2,527.422,2942888,2942868,0,e1cfef09a66e5eb475349bd6420f1f9a0e1c499ec05df03e813d41f31aa214fb,1768.992,11.659,2847448,2847448,0,1,0,20,ESP32/cnn_tflite_esp32/reports/20261008T215503505222Z/report.csv,29268
a0084.raw,1,0,255,0,0,1,1783.47,1048576,312380,2,equal,2,555.875,2942888,2942868,0,1dd0774ecab2cb660225e0f958aff7bfc33be10ef90cdbbfa6d3bfb9c55cec5e,1771.824,11.646,2847448,2847448,0,1,0,20,ESP32/cnn_tflite_esp32/reports/20261008T215503505222Z/report.csv,29268
a0085.raw,1,1,255,0,0,1,1782.592,1048576,312380,2,equal,2,647.017,2942888,2942868,0,7b3982311cf7e11ad1d2665c599633a1a217a94e9b76378651ae57edf1c97a9f,1770.960,11.632,2847448,2847448,0,1,0,20,ESP32/cnn_tflite_esp32/reports/20261008T215503505222Z/report.csv,29268
a0086.raw,1,0,255,0,0,1,1783.659,1048576,312380,2,equal,2,539.002,2942888,2942868,0,5e9a5528906d2801a0520c348d3be421e4fff6c230931b0d9074e57f78a2d386,1771.764,11.895,2847448,2847448,0,1,0,20,ESP32/cnn_tflite_esp32/reports/20261008T215503505222Z/report.csv,29268
a0087.raw,1,0,255,0,0,1,1782.95,1048576,312380,2,equal,2,506.542,2942888,2942888,0,d4aee10cd2e0fd7086af6ea1975b5fac45d1adca8c43d658b6833959fa805e82,1771.174,11.776,2847448,2847448,0,1,0,20,ESP32/cnn_tflite_esp32/reports/20261008T215503505222Z/report.csv,29268
a0088.raw,1,0,255,0,0,1,1780.874,1048576,312380,2,equal,2,485.203,2942888,2942868,0,a93a949a62bbf39aaa54cc9f6bc075e63691f83a57c83a38f2ffb4accb8a6d4c,1769.128,11.746,2847448,2847448,0,1,0,20,ESP32/cnn_tflite_esp32/reports/20261008T215503505222Z/report.csv,29268
a0089.raw,1,0,255,0,0,1,1780.252,1048576,312380,2,equal,2,496.546,2942888,2942888,0,dfd3ad88ac538c6c65bc012bd4a87a47a534daa10c3d43652724e7f437ca5aac,1768.625,11.627,2847448,2847448,0,1,0,20,ESP32/cnn_tflite_esp32/reports/20261008T215503505222Z/report.csv,29268
a0090.raw,1,0,255,0,0,1,1782.32,1048576,312380,2,equal,2,518.607,2942888,2942868,0,a6cbb097494c5ef683cf983c8e6782241fda419864056fa0a07b490d6756d5db,1770.651,11.669,2847448,2847448,0,1,0,20,ESP32/cnn_tflite_esp32/reports/20261008T215503505222Z/report.csv,29268
a0091.raw,1,0,255,0,0,1,1781.311,1048576,312380,2,equal,2,509.681,2942888,2942888,0,d421bfa0b8053cf23afdba0974ff64b2fc7a38936436e1b39587ee2bd77c1d5d,1768.608,12.703,2847448,2847448,0,1,0,20,ESP32/cnn_tflite_esp32/reports/20261008T215503505222Z/report.csv,29268
a0092.raw,1,0,255,0,0,1,1782.735,1048576,312380,2,equal,2,503.860,2942888,2942888,0,8eecdccf8d247735bd9a0c9b0ee301554edeef4e3eb4776a244a2de8720e7677,1771.020,11.715,2847448,2847448,0,1,0,20,ESP32/cnn_tflite_esp32/reports/20261008T215503505222Z/report.csv,29268
a0093.raw,1,0,255,0,0,1,1778.829,1048576,312380,2,equal,2,496.108,2942888,2942888,0,572ac7054e4fce939494119620e810b2a277f18a15c943eb5a84e09fc08d9770,1767.186,11.643,2847448,2847448,0,1,0,20,ESP32/cnn_tflite_esp32/reports/20261008T215503505222Z/report.csv,29268
a0094.raw,1,0,255,0,0,1,1780.645,1048576,312380,2,equal,2,716.431,2942888,2942868,0,a17027df67b68e6af22e888beaa64ac565f873715b0220d2360637e547df083d,1768.989,11.656,2847448,2847448,0,1,0,20,ESP32/cnn_tflite_esp32/reports/20261008T215503505222Z/report.csv,29268
a0095.raw,1,0,255,0,0,1,1780.599,1048576,312380,2,equal,2,537.241,2942888,2942868,0,fcd6998d9c7e023476d058340f5b44b131f5d08cd5fd3516febc42f793ff7609,1769.046,11.553,2847448,2847448,0,1,0,20,ESP32/cnn_tflite_esp32/reports/20261008T215503505222Z/report.csv,29268
a0096.raw,1,0,255,0,0,1,1781.26,1048576,312380,2,equal,2,586.358,2942888,2942868,0,7b88d5ad3d17d48da27b8e0d6da085f3f62c77feff42e5a245b268c7133f9235,1769.626,11.634,2847448,2847448,0,1,0,20,ESP32/cnn_tflite_esp32/reports/20261008T215503505222Z/report.csv,29268
a0097.raw,1,0,255,0,0,1,1781.998,1048576,312380,2,equal,2,492.521,2942888,2942888,0,462f736c9fc12ffb6ef55568b097fc71de1b5a89594709a17b2bf6bb8d17b057,1770.003,11.995,2847448,2847448,0,1,0,20,ESP32/cnn_tflite_esp32/reports/20261008T215503505222Z/report.csv,29268
a0098.raw,1,0,255,0,0,1,1779.84,1048576,312380,2,equal,2,594.113,2942888,2942868,0,6d77ee99b8bb22c5340578c5883e9efcfd01352939c200202b2a9e40895ecd37,1768.253,11.587,2847448,2847448,0,1,0,20,ESP32/cnn_tflite_esp32/reports/20261008T215503505222Z/report.csv,29268
a0099.raw,1,0,255,0,0,1,1780.73,1048576,312380,2,equal,2,528.927,2942888,2942868,0,f84acf0f70b5249b9267f22ac15264154ad513ce0abeb54b65f6654b99eedbcb,1769.039,11.691,2847448,2847448,0,1,0,20,ESP32/cnn_tflite_esp32/reports/20261008T215503505222Z/report.csv,29268
a0100.raw,1,0,255,0,0,1,1784.396,1048576,312380,2,equal,2,550.299,2942888,2942868,0,9fff74faf489cb21f397c4d706d41521af03169a3911c6652f569c31a2a627e8,1772.424,11.972,2847448,2847448,0,1,0,20,ESP32/cnn_tflite_esp32/reports/20261008T215503505222Z/report.csv,29268
a0101.raw,1,0,255,0,0,1,1780.843,1048576,312380,2,equal,2,543.692,2942888,2942868,0,7872ea96cfdf2b666d1621b022e6e20879b2e138a0268a2dc83f4d22d7d79781,1769.199,11.644,2847448,2847448,0,1,0,20,ESP32/cnn_tflite_esp32/reports/20261008T215503505222Z/report.csv,29268
a0102.raw,1,0,255,0,0,1,1780.817,1048576,312380,2,equal,2,549.674,2942888,2942860,0,c0a305ee13e78016f7a9eae5f78a8e26b41aac93d7a457f9c6ce937509b705b3,1769.231,11.586,2847448,2847448,0,1,0,20,ESP32/cnn_tflite_esp32/reports/20261008T215503505222Z/report.csv,29268
a0103.raw,1,0,255,0,0,1,1782.583,1048576,312380,2,equal,2,536.190,2942888,2942868,0,999a7c2e8b2b3f85e625e0fece314095bc2c14bef8877c77fbf8012ba6ff5776,1770.933,11.650,2847448,2847448,0,1,0,20,ESP32/cnn_tflite_esp32/reports/20261008T215503505222Z/report.csv,29268
a0104.raw,1,0,255,0,0,1,1782.678,1048576,312380,2,equal,2,525.832,2942888,2942868,0,5962f9082650bcbc7b22a57bf0abec452bc108d8effe3acb2e2cd2b1b5f6765e,1771.011,11.667,2847448,2847448,0,1,0,20,ESP32/cnn_tflite_esp32/reports/20261008T215503505222Z/report.csv,29268
a0105.raw,1,0,255,0,0,1,1781.123,1048576,312380,2,equal,2,507.661,2942888,2942868,0,bdc611e990da58f682f20e978a9e8ab86d8d659fe386990af5493a7322268808,1769.483,11.640,2847448,2847448,0,1,0,20,ESP32/cnn_tflite_esp32/reports/20261008T215503505222Z/report.csv,29268
a0106.raw,1,0,255,0,0,1,1780.885,1048576,312380,2,equal,2,486.227,2942888,2942888,0,9c0ace1761f4fb004517b3cda383d05a405b6a54fc63794121a04a01e0ed70da,1769.257,11.628,2847448,2847448,0,1,0,20,ESP32/cnn_tflite_esp32/reports/20261008T215503505222Z/report.csv,29268
a0107.raw,1,0,255,0,0,1,1781.855,1048576,312380,2,equal,2,504.947,2942888,2942868,0,8f91b61f00d4287d07b28cb5a4925405d0a288f050ed472eee7a34912d76a3d5,1769.466,12.389,2847448,2847448,0,1,0,20,ESP32/cnn_tflite_esp32/reports/20261008T215503505222Z/report.csv,29268
a0108.raw,1,0,255,0,0,1,1782.668,1048576,312380,2,equal,2,494.406,2942888,2942888,0,d4058996248720c4ffb0d0a87ab04ebd62693e7f4352e4fef22a40a6dbbe0f7d,1771.049,11.619,2847448,2847448,0,1,0,20,ESP32/cnn_tflite_esp32/reports/20261008T215503505222Z/report.csv,29268
a0109.raw,1,0,255,0,0,1,1783.238,1048576,312380,2,equal,2,545.771,2942888,2942868,0,78b38023089e9135b710bdabf11c50c631fd40ff8a15641b06ed87a3096326c1,1770.859,12.379,2847448,2847448,0,1,0,20,ESP32/cnn_tflite_esp32/reports/20261008T215503505222Z/report.csv,29268
a0110.raw,1,0,255,0,0,1,1780.791,1048576,312380,2,equal,2,537.198,2942888,2942868,0,99ecadcb71daaef9f9305c291dcc31e0141c606556a3e90179ab2cfd78f99f50,1769.132,11.659,2847448,2847448,0,1,0,20,ESP32/cnn_tflite_esp32/reports/20261008T215503505222Z/report.csv,29268
a0111.raw,1,0,255,0,0,1,1782.298,1048576,312380,2,equal,2,566.736,2942888,2942876,0,fd7699b29b7b09cf96cb024c2080d29314e83dba5bda2b8acda67ff62c0be80f,1770.649,11.649,2847448,2847448,0,1,0,20,ESP32/cnn_tflite_esp32/reports/20261008T215503505222Z/report.csv,29268
a0112.raw,1,0,255,0,0,1,1782.938,1048576,312380,2,equal,2,531.984,2942888,2942868,0,8f8021162b061d49cede6dc934a3c0d0c49217f9a08576b4c1795feb5392933d,1771.340,11.598,2847448,2847448,0,1,0,20,ESP32/cnn_tflite_esp32/reports/20261008T215503505222Z/report.csv,29268
a0113.raw,1,0,255,0,0,1,1782.255,1048576,312380,2,equal,2,560.150,2942888,2942868,0,059f34a08c48e72436978bb211ac9e284246da35beebdb6fc1a6e24d6e76aba5,1770.564,11.691,2847448,2847448,0,1,0,20,ESP32/cnn_tflite_esp32/reports/20261008T215503505222Z/report.csv,29268
a0114.raw,1,0,255,0,0,1,1778.595,1048576,312380,2,equal,2,668.402,2942888,2942868,0,bee05f1600b3fd3bbf728b03d7a3f745e4858f4b5a2dfad285489ac55ae106af,1766.789,11.806,2847448,2847448,0,1,0,20,ESP32/cnn_tflite_esp32/reports/20261008T215503505222Z/report.csv,29268
a0115.raw,1,0,255,0,0,1,1781.509,1048576,312380,2,equal,2,528.689,2942888,2942868,0,37a2654acf53191025f934e5ef5db9885fd286069cbb59bbffc6ccdd3f5944ce,1769.786,11.723,2847448,2847448,0,1,0,20,ESP32/cnn_tflite_esp32/reports/20261008T215503505222Z/report.csv,29268
a0116.raw,1,0,255,0,0,1,1780.208,1048576,312380,2,equal,2,481.418,2942888,2942868,0,1bff621f1819c3d01738f6049bf602475c31b577949a63836d5ee77dff3e97cd,1768.519,11.689,2847448,2847448,0,1,0,20,ESP32/cnn_tflite_esp32/reports/20261008T215503505222Z/report.csv,29268
a0117.raw,1,0,255,0,0,1,1780.935,1048576,312380,2,equal,2,515.711,2942888,2942868,0,f5a04606dbb17c1eb24ba32fe5e4dca2f10245c1045c79419e6b975ae3d9599c,1769.236,11.699,2847448,2847448,0,1,0,20,ESP32/cnn_tflite_esp32/reports/20261008T215503505222Z/report.csv,29268
a0118.raw,1,0,255,0,0,1,1781.415,1048576,312380,2,equal,2,506.701,2942888,2942888,0,d4e8d6edd84ba6b5bd38101580ec1428fb526f916cefe48d724d5a77651e68b8,1769.442,11.973,2847448,2847448,0,1,0,20,ESP32/cnn_tflite_esp32/reports/20261008T215503505222Z/report.csv,29268
a0119.raw,1,0,255,0,0,1,1781.436,1048576,312380,2,equal,2,497.520,2942888,2942896,8,b14b967f564796f2e1880c2787e0eb2a6a0f5eb72f0a65a685124bb7d83fd5d9,1769.846,11.590,2847448,2847448,0,1,0,20,ESP32/cnn_tflite_esp32/reports/20261008T215503505222Z/report.csv,29268
a0120.raw,1,0,255,0,0,1,1784.247,1048576,312380,2,equal,2,533.251,2942888,2942868,0,a18caf5356e0175f9ce9bd6aca5eaf83c3cb16453182a435971e0f06ad1f6e50,1772.622,11.625,2847448,2847448,0,1,0,20,ESP32/cnn_tflite_esp32/reports/20261008T215503505222Z/report.csv,29268
a0121.raw,1,0,255,0,0,1,1780.025,1048576,312380,2,equal,2,487.655,2942888,2942868,0,b953bb4264b8fd591a3ef10c34c25d77dea296f8e77cb84abd17918543929055,1768.235,11.790,2847448,2847448,0,1,0,20,ESP32/cnn_tflite_esp32/reports/20261008T215503505222Z/report.csv,29268
a0122.raw,1,0,255,0,0,1,1783.419,1048576,312380,2,equal,2,479.360,2942888,2942868,0,e8e73d7b3e957e719c0f84fdb39ee3556e7f8b3d51becfbab8092dde521464d1,1771.200,12.219,2847448,2847448,0,1,0,20,ESP32/cnn_tflite_esp32/reports/20261008T215503505222Z/report.csv,29268
a0123.raw,1,0,255,0,0,1,1782.369,1048576,312380,2,equal,2,503.846,2942888,2942888,0,833f2b3f6af4c81aebb5b1ca4ce7e7cd579272c8da71cb8c8a14a53f6c8bc4c3,1770.496,11.873,2847448,2847448,0,1,0,20,ESP32/cnn_tflite_esp32/reports/20261008T215503505222Z/report.csv,29268
a0124.raw,1,0,255,0,0,1,1781.527,1048576,312380,2,equal,2,544.669,2942888,2942868,0,e9f3c72dbe595c1ca95d7f84d0c529b7cff52a2fd0184549a5a225c6558cf1ea,1769.892,11.635,2847448,2847448,0,1,0,20,ESP32/cnn_tflite_esp32/reports/20261008T215503505222Z/report.csv,29268
a0125.raw,1,0,255,0,0,1,1781.76,1048576,312380,2,equal,2,531.338,2942888,2942868,0,471110c64a560355b330239175c665f506eb89cd0ed00c274780b2b9dad865f3,1770.179,11.581,2847448,2847448,0,1,0,20,ESP32/cnn_tflite_esp32/reports/20261008T215503505222Z/report.csv,29268
a0126.raw,1,0,255,0,0,1,1781.89,1048576,312380,2,equal,2,490.850,2942888,2942888,0,3978f90d1472f15ffbd5201738150f71001ba16c714a864bbb1f80995515d72c,1769.910,11.980,2847448,2847448,0,1,0,20,ESP32/cnn_tflite_esp32/reports/20261008T215503505222Z/report.csv,29268
a0127.raw,1,0,255,0,0,1,1782.39,1048576,312380,2,equal,2,536.142,2942888,2942868,0,91bc6983a290e3712ec51db3a6e66a3817742e04ae788956724c9f2eaf905936,1770.226,12.164,2847448,2847448,0,1,0,20,ESP32/cnn_tflite_esp32/reports/20261008T215503505222Z/report.csv,29268
a0128.raw,1,0,255,0,0,1,1783.152,1048576,312380,2,equal,2,521.856,2942888,2942868,0,0fd773db0b6eebd4315daa79a9166f9879da983f80f7b2238659208aa1bf05f7,1770.824,12.328,2847448,2847448,0,1,0,20,ESP32/cnn_tflite_esp32/reports/20261008T215503505222Z/report.csv,29268
a0129.raw,1,0,255,0,0,1,1779.289,1048576,312380,2,equal,2,544.450,2942888,2942868,0,4d1ea9994997661e4ac7d9d52359e61315d42617e3c1139d3135d17d41d15dbc,1767.686,11.603,2847448,2847448,0,1,0,20,ESP32/cnn_tflite_esp32/reports/20261008T215503505222Z/report.csv,29268
a0130.raw,1,0,255,0,0,1,1781.225,1048576,312380,2,equal,2,487.918,2942888,2942888,0,f81a2a14ce2e3794592be3b57dea9a78df7c9970d486018da24c772bcac0a03e,1769.374,11.851,2847448,2847448,0,1,0,20,ESP32/cnn_tflite_esp32/reports/20261008T215503505222Z/report.csv,29268
a0131.raw,1,0,255,0,0,1,1781.242,1048576,312380,2,equal,2,512.067,2942888,2942868,0,8def3a58ed1f312894dcab90ba1252bf7d10988a9f61c920d07ff4f6470874f3,1769.484,11.758,2847448,2847448,0,1,0,20,ESP32/cnn_tflite_esp32/reports/20261008T215503505222Z/report.csv,29268
a0132.raw,1,0,255,0,0,1,1780.755,1048576,312380,2,equal,2,524.346,2942888,2942856,0,0da3a6e1a5c66142fb88a5b3ac2905a1d905cf29cbbafb0920c9232f80387beb,1769.069,11.686,2847448,2847448,0,1,0,20,ESP32/cnn_tflite_esp32/reports/20261008T215503505222Z/report.csv,29268
a0133.raw,1,0,255,0,0,1,1779.101,1048576,312380,2,equal,2,497.633,2942888,2942888,0,5c77056d8c119621ee37edb52c4fef30dd4f129cb71c47342c8d77fd433c64d3,1767.531,11.570,2847448,2847448,0,1,0,20,ESP32/cnn_tflite_esp32/reports/20261008T215503505222Z/report.csv,29268
a0134.raw,1,0,255,0,0,1,1783.284,1048576,312380,2,equal,2,558.559,2942888,2942868,0,eb2c094d23699f14832308ddd89ead586ab02a0d3aa77beda665a484b22166e1,1771.255,12.029,2847448,2847448,0,1,0,20,ESP32/cnn_tflite_esp32/reports/20261008T215503505222Z/report.csv,29268
a0135.raw,1,0,255,0,0,1,1781.953,1048576,312380,2,equal,2,597.086,2942888,2942868,0,c235adad7c9b1898f41d5328c6eb2c571454b6132008030a89fef01a1ea43a55,1770.240,11.713,2847448,2847448,0,1,0,20,ESP32/cnn_tflite_esp32/reports/20261008T215503505222Z/report.csv,29268
a0136.raw,1,0,255,0,0,1,1779.958,1048576,312380,2,equal,2,543.717,2942888,2942868,0,5e7d3735f0a80beffb57b1a74d8b88667c37eccbf7c6f746537a418b351d688f,1768.269,11.689,2847448,2847448,0,1,0,20,ESP32/cnn_tflite_esp32/reports/20261008T215503505222Z/report.csv,29268
a0137.raw,1,0,255,0,0,1,1781.136,1048576,312380,2,equal,2,552.452,2942888,2942868,0,fb903bfec471529f5267b4313bd4ba00a8db536ccc3a37a12f90fb3f5ed44b98,1769.446,11.690,2847448,2847448,0,1,0,20,ESP32/cnn_tflite_esp32/reports/20261008T215503505222Z/report.csv,29268
a0138.raw,1,0,255,0,0,1,1781.195,1048576,312380,2,equal,2,565.503,2942888,2942868,0,6285ef7dc1e18a9a83cc6af28b5a20d7ddce4e440ff1e91db5b4f748d448b57c,1769.583,11.612,2847448,2847448,0,1,0,20,ESP32/cnn_tflite_esp32/reports/20261008T215503505222Z/report.csv,29268
a0139.raw,1,0,255,0,0,1,1783.091,1048576,312380,2,equal,2,532.008,2942888,2942868,0,50dca34c6245c65db0ac1caea581eb9946bdc0ceb2e5b29a1f9e6b6eabf03c55,1771.465,11.626,2847448,2847448,0,1,0,20,ESP32/cnn_tflite_esp32/reports/20261008T215503505222Z/report.csv,29268
a0140.raw,1,0,255,0,0,1,1782.42,1048576,312380,2,equal,2,533.624,2942888,2942868,0,4e935bc9f96f192f86812d2837b305f1352b7939b18253346e4bfc1832fd4b77,1770.819,11.601,2847448,2847448,0,1,0,20,ESP32/cnn_tflite_esp32/reports/20261008T215503505222Z/report.csv,29268
a0141.raw,1,0,255,0,0,1,1779.831,1048576,312380,2,equal,2,495.358,2942888,2942888,0,b5909fb03b588537cc8827a2f5c066aea627acd22bdb84cf2a3b30b63463216d,1768.151,11.680,2847448,2847448,0,1,0,20,ESP32/cnn_tflite_esp32/reports/20261008T215503505222Z/report.csv,29268
a0142.raw,1,0,255,0,0,1,1784.252,1048576,312380,2,equal,2,483.721,2942888,2942868,0,ef3fc4f09a7bc5ce25ebbe9b23d6abac05a5ebc641ec3d556d2e15a7d3017a65,1772.547,11.705,2847448,2847448,0,1,0,20,ESP32/cnn_tflite_esp32/reports/20261008T215503505222Z/report.csv,29268
a0143.raw,1,0,255,0,0,1,1785.238,1048576,312380,2,equal,2,496.493,2942888,2942888,0,a27ad128c3c6da95f42dd89d82ece70ac2c77d0535602c59ba665d90565d843f,1772.592,12.646,2847448,2847448,0,1,0,20,ESP32/cnn_tflite_esp32/reports/20261008T215503505222Z/report.csv,29268
a0144.raw,1,0,255,0,0,1,1781.541,1048576,312380,2,equal,2,518.793,2942888,2942868,0,aa07a42737199dc2331db2b20677039e57412e84bcebcc74121d200cfdf4c508,1768.790,12.751,2847448,2847448,0,1,0,20,ESP32/cnn_tflite_esp32/reports/20261008T215503505222Z/report.csv,29268
a0145.raw,1,0,255,0,0,1,1777.227,1048576,312380,2,equal,2,548.857,2942888,2942868,0,930ca02d8458c88553ae95eba7e0bc2a38f40a28162b5d8db5c69f3b2873437e,1765.609,11.618,2847448,2847448,0,1,0,20,ESP32/cnn_tflite_esp32/reports/20261008T215503505222Z/report.csv,29268
a0146.raw,1,0,255,0,0,1,1783.089,1048576,312380,2,equal,2,498.262,2942888,2942888,0,995f72503c89ee27bf2460f21e97605f576434088c5d54fea6c0748c8258ac2a,1770.504,12.585,2847448,2847448,0,1,0,20,ESP32/cnn_tflite_esp32/reports/20261008T215503505222Z/report.csv,29268
a0147.raw,1,0,255,0,0,1,1782.212,1048576,312380,2,equal,2,506.332,2942888,2942888,0,29b1329bc971a97725606d2fc6b8fb34bf93daf129ee273154f5977bbda49711,1770.478,11.734,2847448,2847448,0,1,0,20,ESP32/cnn_tflite_esp32/reports/20261008T215503505222Z/report.csv,29268
a0148.raw,1,0,255,0,0,1,1782.891,1048576,312380,2,equal,2,525.876,2942888,2942868,0,3f4a415e4e687ce20f5a48001f2ed9c7e31d49a22e3c4b5c5a49c4d32e27f655,1771.073,11.818,2847448,2847448,0,1,0,20,ESP32/cnn_tflite_esp32/reports/20261008T215503505222Z/report.csv,29268
a0149.raw,1,0,255,0,0,1,1780.105,1048576,312380,2,equal,2,499.721,2942888,2942888,0,58749a1ab10bb26bebeb151e6412b42f30b62cd1ec0c7bd3f02386914b3c52fb,1768.461,11.644,2847448,2847448,0,1,0,20,ESP32/cnn_tflite_esp32/reports/20261008T215503505222Z/report.csv,29268
a0150.raw,1,0,255,0,0,1,1782.143,1048576,312380,2,equal,2,520.722,2942888,2942876,0,c760dc8f9319ccc31bf5e449ab5bdd40cce2fc855bf1a8308c0a1e85b4130bb9,1770.468,11.675,2847448,2847448,0,1,0,20,ESP32/cnn_tflite_esp32/reports/20261008T215503505222Z/report.csv,29268
a0151.raw,1,0,255,0,0,1,1783.453,1048576,312380,2,equal,2,501.144,2942888,2942888,0,c29e96b4eed61be86580538e4a3c47e1eca84f273ea7e8ae10cd2f05a5608b63,1771.802,11.651,2847448,2847448,0,1,0,20,ESP32/cnn_tflite_esp32/reports/20261008T215503505222Z/report.csv,29268
a0152.raw,1,0,255,0,0,1,1781.668,1048576,312380,2,equal,2,540.369,2942888,2942868,0,eb653d05b3b3bf0e8ddc8a42aa1288614cc85de652e475c32822c3292e1eff20,1770.085,11.583,2847448,2847448,0,1,0,20,ESP32/cnn_tflite_esp32/reports/20261008T215503505222Z/report.csv,29268
a0153.raw,1,0,255,0,0,1,1777.982,1048576,312380,2,equal,2,491.424,2942888,2942888,0,a18cf2f253e046bb940400fd476089e98a2f48f1d291e9095fbf8fa7685ce5f6,1766.413,11.569,2847448,2847448,0,1,0,20,ESP32/cnn_tflite_esp32/reports/20261008T215503505222Z/report.csv,29268
a0154.raw,1,0,255,0,0,1,1781.462,1048576,312380,2,equal,2,512.604,2942888,2942868,0,3995c556e1529c329eb56ab841f4e95790a973c07592d964ce59cbe191629911,1769.874,11.588,2847448,2847448,0,1,0,20,ESP32/cnn_tflite_esp32/reports/20261008T215503505222Z/report.csv,29268
a0155.raw,1,0,255,0,0,1,1780.378,1048576,312380,2,equal,2,555.687,2942888,2942868,0,669a0d294c72ac22c040eeda46aa1d51c80ec1b2309d0f2ea0bc11262a1ab487,1768.761,11.617,2847448,2847448,0,1,0,20,ESP32/cnn_tflite_esp32/reports/20261008T215503505222Z/report.csv,29268
a0156.raw,1,0,255,0,0,1,1781.329,1048576,312380,2,equal,2,524.186,2942888,2942868,0,f2be7087b95da26f4583ad19d81365e4d7196d37efbcf5c8b0feabf216691891,1769.652,11.677,2847448,2847448,0,1,0,20,ESP32/cnn_tflite_esp32/reports/20261008T215503505222Z/report.csv,29268
a0157.raw,1,0,255,0,0,1,1779.832,1048576,312380,2,equal,2,488.620,2942888,2942888,0,1d9f4ce0f5e28c7b2e54af0fb52acf81a34e1c30261f5f60865d4d1c0a582342,1768.254,11.578,2847448,2847448,0,1,0,20,ESP32/cnn_tflite_esp32/reports/20261008T215503505222Z/report.csv,29268
a0158.raw,1,0,255,0,0,1,1782.897,1048576,312380,2,equal,2,496.804,2942888,2942888,0,b50266f5ff94700dfeff7ab35a19dccb13112ae62bf02267f252420422459a23,1770.928,11.969,2847448,2847448,0,1,0,20,ESP32/cnn_tflite_esp32/reports/20261008T215503505222Z/report.csv,29268
a0159.raw,1,0,255,0,0,1,1781.263,1048576,312380,2,equal,2,493.809,2942888,2942888,0,7de59731f21660a5eefc0468e4a6ce87c3f234b2d0041cf3bcf259372d2ed5fc,1769.552,11.711,2847448,2847448,0,1,0,20,ESP32/cnn_tflite_esp32/reports/20261008T215503505222Z/report.csv,29268
a0160.raw,1,0,255,0,0,1,1782.707,1048576,312380,2,equal,2,532.346,2942888,2942868,0,0afe8a85a246381681d86ad57efa13d3d9f947a4e3ebaabb1c0ec7ab64e224a8,1771.004,11.703,2847448,2847448,0,1,0,20,ESP32/cnn_tflite_esp32/reports/20261008T215503505222Z/report.csv,29268
a0161.raw,1,0,255,0,0,1,1782.597,1048576,312380,2,equal,2,551.452,2942888,2942868,0,178dd632d589267b64e24a030b68de858283a2a3c0bde533759250497819e111,1770.170,12.427,2847448,2847448,0,1,0,20,ESP32/cnn_tflite_esp32/reports/20261008T215503505222Z/report.csv,29268
a0162.raw,1,0,255,0,0,1,1780.788,1048576,312380,2,equal,2,536.562,2942888,2942868,0,01d68912ef854e5518f566d973bd1986954d72c112cf047eebedf4522ee3a9ae,1769.010,11.778,2847448,2847448,0,1,0,20,ESP32/cnn_tflite_esp32/reports/20261008T215503505222Z/report.csv,29268
a0163.raw,1,0,255,0,0,1,1781.601,1048576,312380,2,equal,2,516.667,2942888,2942868,0,accb19dceb721d0fdcab22ee7e651bb95d9cf0f58cfbc2970a23e69f16a6a382,1769.912,11.689,2847448,2847448,0,1,0,20,ESP32/cnn_tflite_esp32/reports/20261008T215503505222Z/report.csv,29268
a0164.raw,1,0,255,0,0,1,1782.653,1048576,312380,2,equal,2,517.626,2942888,2942868,0,781f43c4ad5579a5b410a80fcfcf8883fb0612d71e319addf359fd4319a6e89a,1770.814,11.839,2847448,2847448,0,1,0,20,ESP32/cnn_tflite_esp32/reports/20261008T215503505222Z/report.csv,29268
a0165.raw,1,0,255,0,0,1,1778.602,1048576,312380,2,equal,2,543.179,2942888,2942868,0,1d684f15e3e8e7a3fff11696db26380ddbf1b6662e281405c50f25a5a015312e,1766.954,11.648,2847448,2847448,0,1,0,20,ESP32/cnn_tflite_esp32/reports/20261008T215503505222Z/report.csv,29268
a0166.raw,1,0,255,0,0,1,1779.41,1048576,312380,2,equal,2,731.487,2942888,2942868,0,c8dc5850b26c1484b8d9b17a09a75bee6a03c3289caf8581e3f6c7e7ff2f21d0,1767.678,11.732,2847448,2847448,0,1,0,20,ESP32/cnn_tflite_esp32/reports/20261008T215503505222Z/report.csv,29268
a0167.raw,1,0,255,0,0,1,1781.687,1048576,312380,2,equal,2,518.535,2942888,2942868,0,77b773b2143f5c0d0e29d4a96064f83e44a64ddc9092c228b365fa1f7f87b71e,1770.050,11.637,2847448,2847448,0,1,0,20,ESP32/cnn_tflite_esp32/reports/20261008T215503505222Z/report.csv,29268
a0168.raw,1,0,255,0,0,1,1781.121,1048576,312380,2,equal,2,500.071,2942888,2942888,0,8781ff6b0e63dbed771d1a3af4d7009b91a660d2d09147edbb26e99e7341468e,1769.451,11.670,2847448,2847448,0,1,0,20,ESP32/cnn_tflite_esp32/reports/20261008T215503505222Z/report.csv,29268
a0169.raw,1,0,255,0,0,1,1779.685,1048576,312380,2,equal,2,530.546,2942888,2942868,0,8fe1159e6009c10f97b26393c1e4f5c7ec1cf0421ba6d4420e7de4e9d83ecdab,1768.041,11.644,2847448,2847448,0,1,0,20,ESP32/cnn_tflite_esp32/reports/20261008T215503505222Z/report.csv,29268
a0170.raw,1,0,255,0,0,1,1777.987,1048576,312380,2,equal,2,520.872,2942888,2942868,0,edd49d749664e39bcf76e86bb2d3a53b3841b6dd8e7c2f8b3c355c6c6331b847,1766.421,11.566,2847448,2847448,0,1,0,20,ESP32/cnn_tflite_esp32/reports/20261008T215503505222Z/report.csv,29268
a0171.raw,1,0,255,0,0,1,1782.417,1048576,312380,2,equal,2,576.695,2942888,2942868,0,e09de627941f8f9d8bd82ed5e42356f89ba677204ed04e24068fe29199c2297c,1770.733,11.684,2847448,2847448,0,1,0,20,ESP32/cnn_tflite_esp32/reports/20261008T215503505222Z/report.csv,29268
a0172.raw,1,0,255,0,0,1,1782.54,1048576,312380,2,equal,2,516.510,2942888,2942868,0,7a95490d93db5a403c4ff458a7b1736f3317e7bf10dd84f863a7cc1b810587b2,1770.842,11.698,2847448,2847448,0,1,0,20,ESP32/cnn_tflite_esp32/reports/20261008T215503505222Z/report.csv,29268
a0173.raw,1,0,255,0,0,1,1785.904,1048576,312380,2,equal,2,520.428,2942888,2942868,0,28296870aa5dfcd9184d11a3262cc276221581ccd2aaae1406c51fb8046e74fb,1774.234,11.670,2847448,2847448,0,1,0,20,ESP32/cnn_tflite_esp32/reports/20261008T215503505222Z/report.csv,29268
a0174.raw,1,0,255,0,0,1,1781.648,1048576,312380,2,equal,2,516.786,2942888,2942868,0,d87e5f5c9d00dbda114909ef4cf9192f7e9ec4d2b091077b15132cae34331988,1769.993,11.655,2847448,2847448,0,1,0,20,ESP32/cnn_tflite_esp32/reports/20261008T215503505222Z/report.csv,29268
a0175.raw,1,0,255,0,0,1,1782.61,1048576,312380,2,equal,2,536.501,2942908,2942868,0,e4e00a523776244acffe7ca8507c23a53d10dea025b7c5a92e0dbaae8f21ecf1,1770.943,11.667,2847448,2847448,0,1,0,20,ESP32/cnn_tflite_esp32/reports/20261008T215503505222Z/report.csv,29268
a0176.raw,1,0,255,0,0,1,1782.785,1048576,312380,2,equal,2,504.105,2942888,2942888,0,a3c4f585cf6db014eb36022584f391ae58da2c2926343f409c72f93bf0361e54,1771.110,11.675,2847448,2847448,0,1,0,20,ESP32/cnn_tflite_esp32/reports/20261008T215503505222Z/report.csv,29268
a0177.raw,1,0,255,0,0,1,1782.23,1048576,312380,2,equal,2,523.263,2942888,2942868,0,7b93e87a407db1cb2d05711fe925a75809f55a27d9834317f58910cef4566514,1770.626,11.604,2847448,2847448,0,1,0,20,ESP32/cnn_tflite_esp32/reports/20261008T215503505222Z/report.csv,29268
a0178.raw,1,0,255,0,0,1,1783.008,1048576,312380,2,equal,2,549.263,2942888,2942868,0,3656f4e808a5248741f2d901bcfddc40c696125c8a3e504481622cfec2aa58ef,1770.321,12.687,2847448,2847448,0,1,0,20,ESP32/cnn_tflite_esp32/reports/20261008T215503505222Z/report.csv,29268
a0179.raw,1,0,255,0,0,1,1782.023,1048576,312380,2,equal,2,507.008,2942888,2942888,0,550c6c51443478e59b1738658b671aa6e7f353a4b59be264755def86ddd41bea,1770.346,11.677,2847448,2847448,0,1,0,20,ESP32/cnn_tflite_esp32/reports/20261008T215503505222Z/report.csv,29268
a0180.raw,1,0,255,0,0,1,1781.681,1048576,312380,2,equal,2,519.361,2942888,2942868,0,19bd7a920defd232c4152845b060c06176140381821f9128567ce1f391f26a1a,1770.001,11.680,2847448,2847448,0,1,0,20,ESP32/cnn_tflite_esp32/reports/20261008T215503505222Z/report.csv,29268
a0181.raw,1,0,255,0,0,1,1781.519,1048576,312380,2,equal,2,499.026,2942888,2942888,0,29714b1454c5405663e7278583bfcad4298ee7a8a4d57d53e2793be1bbe695fb,1769.939,11.580,2847448,2847448,0,1,0,20,ESP32/cnn_tflite_esp32/reports/20261008T215503505222Z/report.csv,29268
a0182.raw,1,0,255,0,0,1,1781.172,1048576,312380,2,equal,2,535.670,2942888,2942868,0,e7bc0a3d289da00e83d24366d1587236a804a4d228e6240c1e783989cda3cea2,1769.526,11.646,2847448,2847448,0,1,0,20,ESP32/cnn_tflite_esp32/reports/20261008T215503505222Z/report.csv,29268
a0183.raw,1,0,255,0,0,1,1781.414,1048576,312380,2,equal,2,518.545,2942888,2942868,0,62c336820876ce646483c41b373e48d94c2411ce04d198d0148abc7f4bbeb4aa,1769.818,11.596,2847448,2847448,0,1,0,20,ESP32/cnn_tflite_esp32/reports/20261008T215503505222Z/report.csv,29268
a0184.raw,1,0,255,0,0,1,1780.762,1048576,312380,2,equal,2,495.698,2942888,2942888,0,86df82a741ebe90ccfb153ed96a728380e21d9c34515336cc61959a09cea639f,1769.033,11.729,2847448,2847448,0,1,0,20,ESP32/cnn_tflite_esp32/reports/20261008T215503505222Z/report.csv,29268
a0185.raw,1,0,255,0,0,1,1781.207,1048576,312380,2,equal,2,502.594,2942888,2942888,0,92a112473bf648e9e8ff577ef3f33f31da7b492db6115fc7bce337525072c8cb,1769.532,11.675,2847448,2847448,0,1,0,20,ESP32/cnn_tflite_esp32/reports/20261008T215503505222Z/report.csv,29268
a0186.raw,1,0,255,0,0,1,1783.457,1048576,312380,2,equal,2,508.259,2942888,2942888,0,5ce84d160011d485dc4ad7c4c61da8e4acce281bb89fdcbc4324ab3ed950098f,1771.155,12.302,2847448,2847448,0,1,0,20,ESP32/cnn_tflite_esp32/reports/20261008T215503505222Z/report.csv,29268
a0187.raw,1,0,255,0,0,1,1780.224,1048576,312380,2,equal,2,528.297,2942888,2942868,0,e9a6cd0f790670c612e8aadb0141d994f556a5484ef6b6334e7d112beb0ef86e,1768.566,11.658,2847448,2847448,0,1,0,20,ESP32/cnn_tflite_esp32/reports/20261008T215503505222Z/report.csv,29268
a0188.raw,1,0,255,0,0,1,1782.098,1048576,312380,2,equal,2,573.491,2942888,2942868,0,16e61700e0d29983808ef83c5184e80596a1db5b5d364b50b04e2d249c477ebe,1770.507,11.591,2847448,2847448,0,1,0,20,ESP32/cnn_tflite_esp32/reports/20261008T215503505222Z/report.csv,29268
a0189.raw,1,0,255,0,0,1,1781.127,1048576,312380,2,equal,2,531.025,2942872,2942868,0,8336ad2dd0ebd6d32d58c7dea9ac3b05899fa499f529cc9fbabd6de8ddb4bbf8,1769.463,11.664,2847448,2847448,0,1,0,20,ESP32/cnn_tflite_esp32/reports/20261008T215503505222Z/report.csv,29268
a0190.raw,1,0,255,0,0,1,1781.487,1048576,312380,2,equal,2,527.120,2942888,2942876,0,f6dbe9dc812788cf6b9a8edf5b085f5cf46a3c916721823440784248773846be,1769.850,11.637,2847448,2847448,0,1,0,20,ESP32/cnn_tflite_esp32/reports/20261008T215503505222Z/report.csv,29268
a0191.raw,1,2,254,0,0,1,1782.972,1048576,312380,2,equal,2,519.026,2942888,2942868,0,1e53b7da4523f16f71ab02e2c28b58ca39d99f0cc743a29ae0f9cb3c6728cc85,1771.291,11.681,2847448,2847448,0,1,0,20,ESP32/cnn_tflite_esp32/reports/20261008T215503505222Z/report.csv,29268
a0192.raw,1,0,255,0,0,1,1780.229,1048576,312380,2,equal,2,565.863,2942888,2942868,0,1b41a3008f5e9cbf5a1a5659d5cc1c350855449f9148d48c97c1681be80404c2,1768.534,11.695,2847448,2847448,0,1,0,20,ESP32/cnn_tflite_esp32/reports/20261008T215503505222Z/report.csv,29268
a0193.raw,1,0,255,0,0,1,1780.121,1048576,312380,2,equal,2,530.902,2942888,2942868,0,fb07d5e224c47e161fd07607773a4bbed424f451fca565b831da048e851b561a,1768.489,11.632,2847448,2847448,0,1,0,20,ESP32/cnn_tflite_esp32/reports/20261008T215503505222Z/report.csv,29268
a0194.raw,1,4,252,0,0,1,1780.491,1048576,312380,2,equal,2,510.882,2942888,2942868,0,dee5a23f867180a6242642b732a31f2096063825f78b26b862d0ac76983f851a,1768.856,11.635,2847448,2847448,0,1,0,20,ESP32/cnn_tflite_esp32/reports/20261008T215503505222Z/report.csv,29268
a0195.raw,1,5,251,0,0,1,1783.095,1048576,312380,2,equal,2,517.932,2942888,2942868,0,43b57e28232da6296460b27842d1d0b4ddf08cedbee28cd3f40da26143aff2e3,1770.753,12.342,2847448,2847448,0,1,0,20,ESP32/cnn_tflite_esp32/reports/20261008T215503505222Z/report.csv,29268
a0196.raw,1,0,255,0,0,1,1779.426,1048576,312380,2,equal,2,528.164,2942888,2942868,0,95bc26bcf6efe6bedf774ccd3ec96ace4968b2d9cea7d4ce2d2cf6d18cf4a50a,1767.851,11.575,2847448,2847448,0,1,0,20,ESP32/cnn_tflite_esp32/reports/20261008T215503505222Z/report.csv,29268
a0197.raw,1,0,255,0,0,1,1782.904,1048576,312380,2,equal,2,516.409,2942888,2942876,0,2bfd6f2df8a4cdc0e13ad72d7bd285e7f9f313dd3ae2eb2c163e946424860fa7,1770.712,12.192,2847448,2847448,0,1,0,20,ESP32/cnn_tflite_esp32/reports/20261008T215503505222Z/report.csv,29268
a0198.raw,1,0,255,0,0,1,1780.699,1048576,312380,2,equal,2,501.513,2942888,2942888,0,7b727f0b2ff5311960220452e8403a5d0af4a00f3faf896d38cd2715836af363,1769.064,11.635,2847448,2847448,0,1,0,20,ESP32/cnn_tflite_esp32/reports/20261008T215503505222Z/report.csv,29268
a0199.raw,1,0,255,0,0,1,1781.523,1048576,312380,2,equal,2,495.733,2942888,2942888,0,f45836c51e5a4c1ac77d662a3f651854e1c21aa25c4e75dc24ffcf72b2baa22e,1769.799,11.724,2847448,2847448,0,1,0,20,ESP32/cnn_tflite_esp32/reports/20261008T215503505222Z/report.csv,29268
a0200.raw,1,17,239,0,0,1,1781.246,1048576,312380,2,equal,2,891.899,2942888,2942868,0,5e27299ba743a053d622e000c57681817d2c1f9654ec5ba4a07cbb086c0f1b22,1769.589,11.657,2847448,2847448,0,1,0,20,ESP32/cnn_tflite_esp32/reports/20261008T215503505222Z/report.csv,29268
a0201.raw,1,0,255,0,0,1,1782.131,1048576,312380,2,equal,2,502.715,2942888,2942888,0,cae6af3a4e5acdc253c2b94a472a8fe399627f512d171d529fe15c6d53d90ee3,1769.785,12.346,2847448,2847448,0,1,0,20,ESP32/cnn_tflite_esp32/reports/20261008T215503505222Z/report.csv,29268
a0202.raw,1,0,255,0,0,1,1783.43,1048576,312380,2,equal,2,496.532,2942888,2942888,0,2757e30e32515234af05d814c767319af893d32fd3d5b9b68dbb22d49ba4e6b7,1771.711,11.719,2847448,2847448,0,1,0,20,ESP32/cnn_tflite_esp32/reports/20261008T215503505222Z/report.csv,29268
a0203.raw,1,0,255,0,0,1,1781.086,1048576,312380,2,equal,2,498.270,2942888,2942888,0,f02eab0cf0bd00e2c5edfe12a7f7129cbe5f2b916e408b4262401295b3715b04,1769.426,11.660,2847448,2847448,0,1,0,20,ESP32/cnn_tflite_esp32/reports/20261008T215503505222Z/report.csv,29268
a0204.raw,1,0,255,0,0,1,1777.089,1048576,312380,2,equal,2,527.961,2942888,2942868,0,2e8b60ddb90f22415f421ce2dcf2cd36b8fc8cec9ae764e8e74ba74355490d58,1765.408,11.681,2847448,2847448,0,1,0,20,ESP32/cnn_tflite_esp32/reports/20261008T215503505222Z/report.csv,29268
a0205.raw,1,0,255,0,0,1,1780.45,1048576,312380,2,equal,2,507.735,2942888,2942868,0,b0b42cf6001e0d27ec57df66951196242dfd25c9e3caec83caf04087cb96e385,1768.879,11.571,2847448,2847448,0,1,0,20,ESP32/cnn_tflite_esp32/reports/20261008T215503505222Z/report.csv,29268
a0206.raw,1,0,255,0,0,1,1781.334,1048576,312380,2,equal,2,498.841,2942888,2942888,0,3fc1d90050738cee80f208799b25ad01b1bde495ec31be8a6762296da432c69c,1769.628,11.706,2847448,2847448,0,1,0,20,ESP32/cnn_tflite_esp32/reports/20261008T215503505222Z/report.csv,29268
a0207.raw,1,0,255,0,0,1,1779.187,1048576,312380,2,equal,2,524.532,2942888,2942868,0,f31f1543bfe39845200c377fe6a34db2d63fd4b3b071f6ddb8ac3b33b2a2d3c7,1767.565,11.622,2847448,2847448,0,1,0,20,ESP32/cnn_tflite_esp32/reports/20261008T215503505222Z/report.csv,29268
a0208.raw,1,0,255,0,0,1,1781.86,1048576,312380,2,equal,2,523.851,2942888,2942868,0,48bb4ff740aef63f73c76788441b351fd4b6953a7e055f0726a8b101528bb876,1770.219,11.641,2847448,2847448,0,1,0,20,ESP32/cnn_tflite_esp32/reports/20261008T215503505222Z/report.csv,29268
a0209.raw,1,0,255,0,0,1,1781.677,1048576,312380,2,equal,2,516.941,2942888,2942868,0,89679d3c92412a17c0f6f0bc825ee38c83413171466305376a7785a6c9a9a322,1769.965,11.712,2847448,2847448,0,1,0,20,ESP32/cnn_tflite_esp32/reports/20261008T215503505222Z/report.csv,29268
a0210.raw,1,0,255,0,0,1,1780.81,1048576,312380,2,equal,2,536.366,2942888,2942868,0,cee28cfe6027310c144dd4b6ed71c0bd47fc6820e292bdeb94eff60b3cbdd79e,1769.067,11.743,2847448,2847448,0,1,0,20,ESP32/cnn_tflite_esp32/reports/20261008T215503505222Z/report.csv,29268
a0211.raw,1,1,255,0,0,1,1781.682,1048576,312380,2,equal,2,541.106,2942888,2942868,0,f6617b25fcdd3292267cb869f6f37312ab45b933bf9fc7077c1ea9c6a4d5a318,1770.044,11.638,2847448,2847448,0,1,0,20,ESP32/cnn_tflite_esp32/reports/20261008T215503505222Z/report.csv,29268
a0212.raw,1,165,91,1,0,0,1780.085,1048576,312380,2,equal,2,491.465,2942888,2942888,0,c02a05b1ad2f1a31fa0ffdfe1ede32ed8ce65e9e63ee570324ded90a10ca1fd4,1768.420,11.665,2847448,2847448,0,1,0,20,ESP32/cnn_tflite_esp32/reports/20261008T215503505222Z/report.csv,29268
a0213.raw,1,3,253,0,0,1,1782.634,1048576,312380,2,equal,2,513.566,2942888,2942868,0,626f422a14bfe67b08bd823f3bdd7645f7f152712bc34f72777bf74735058ea6,1770.952,11.682,2847448,2847448,0,1,0,20,ESP32/cnn_tflite_esp32/reports/20261008T215503505222Z/report.csv,29268
a0214.raw,1,0,255,0,0,1,1780.19,1048576,312380,2,equal,2,512.850,2942888,2942888,0,b7442a7d5a6692935392bb0cefabdd6c37f8b76195d250709e14bd772e7bfa98,1767.793,12.397,2847448,2847448,0,1,0,20,ESP32/cnn_tflite_esp32/reports/20261008T215503505222Z/report.csv,29268
a0215.raw,1,0,255,0,0,1,1780.671,1048576,312380,2,equal,2,503.428,2942888,2942888,0,3ca070fe9e2c7e544f73ba3fb3c3733fcd6066483dfe68e6ed3a80ce2fbc3d94,1769.079,11.592,2847448,2847448,0,1,0,20,ESP32/cnn_tflite_esp32/reports/20261008T215503505222Z/report.csv,29268
a0216.raw,1,0,255,0,0,1,1783.102,1048576,312380,2,equal,2,506.305,2942888,2942868,0,2dc1ae4aee7366c35d4babdb08aff42d5f860ddc3e713f2f4045f17a46edc2be,1771.443,11.659,2847448,2847448,0,1,0,20,ESP32/cnn_tflite_esp32/reports/20261008T215503505222Z/report.csv,29268
a0217.raw,1,0,255,0,0,1,1780.988,1048576,312380,2,equal,2,578.165,2942888,2942868,0,7846d2971491bcff958a3e932a99c0d2d87c1d1eabf10560511e1a7c8b057aad,1769.407,11.581,2847448,2847448,0,1,0,20,ESP32/cnn_tflite_esp32/reports/20261008T215503505222Z/report.csv,29268
a0218.raw,1,0,255,0,0,1,1780.985,1048576,312380,2,equal,2,563.665,2942888,2942868,0,37c876de06bf76a99b8529f05e9c4de66fc0721d58e7657700307f6b51636e7f,1769.303,11.682,2847448,2847448,0,1,0,20,ESP32/cnn_tflite_esp32/reports/20261008T215503505222Z/report.csv,29268
a0219.raw,1,0,255,0,0,1,1781.476,1048576,312380,2,equal,2,540.511,2942888,2942876,0,66a1569ebdd13c1c3416c8ebfb157cc8db2484c2c6fd57eb67e4493c7328c9c1,1769.829,11.647,2847448,2847448,0,1,0,20,ESP32/cnn_tflite_esp32/reports/20261008T215503505222Z/report.csv,29268
a0220.raw,1,1,255,0,0,1,1782.71,1048576,312380,2,equal,2,536.356,2942888,2942868,0,ad2d9139c6f85a36e81c9f7779c56f71f50eed9e0899444c5536a2b91bc19d14,1770.787,11.923,2847448,2847448,0,1,0,20,ESP32/cnn_tflite_esp32/reports/20261008T215503505222Z/report.csv,29268
a0221.raw,1,0,255,0,0,1,1783.239,1048576,312380,2,equal,2,530.107,2942888,2942868,0,4bb3dcc9c8cbb0c30c8d153adfa3258ffb7a5ee05136aa32e70a196152a9b2b1,1770.526,12.713,2847448,2847448,0,1,0,20,ESP32/cnn_tflite_esp32/reports/20261008T215503505222Z/report.csv,29268
a0222.raw,1,0,255,0,0,1,1781.823,1048576,312380,2,equal,2,534.033,2942888,2942868,0,4d3619abdb5b3084d69bce85a4b91b30ee076d95c4e317163ad9e45d1fd33af8,1770.135,11.688,2847448,2847448,0,1,0,20,ESP32/cnn_tflite_esp32/reports/20261008T215503505222Z/report.csv,29268
a0223.raw,1,0,255,0,0,1,1780.936,1048576,312380,2,equal,2,553.983,2942888,2942868,0,bc6759cbacf2353a3c2dd6da7ca6c2ec6e0b38a93bceef49038e16146329526e,1769.353,11.583,2847448,2847448,0,1,0,20,ESP32/cnn_tflite_esp32/reports/20261008T215503505222Z/report.csv,29268
a0224.raw,1,0,255,0,0,1,1781.765,1048576,312380,2,equal,2,500.347,2942888,2942888,0,1323295b8dcb3377836696f10f7e90a579082098fca7291ff78647cf40c1b96f,1770.169,11.596,2847448,2847448,0,1,0,20,ESP32/cnn_tflite_esp32/reports/20261008T215503505222Z/report.csv,29268
a0225.raw,1,0,255,0,0,1,1780.341,1048576,312380,2,equal,2,523.301,2942888,2942868,0,91f0a8da86d46666552614b9e81595fbdceef06860372c0d2f854e9f471eb7eb,1768.712,11.629,2847448,2847448,0,1,0,20,ESP32/cnn_tflite_esp32/reports/20261008T215503505222Z/report.csv,29268
a0226.raw,1,0,255,0,0,1,1781.573,1048576,312380,2,equal,2,508.906,2942888,2942868,0,e12dcdf51d6e6de77a9e66ff97a6b6b9b754115794e8c7a6fe015e98051bb9e8,1769.972,11.601,2847448,2847448,0,1,0,20,ESP32/cnn_tflite_esp32/reports/20261008T215503505222Z/report.csv,29268
a0227.raw,1,0,255,0,0,1,1781.608,1048576,312380,2,equal,2,538.598,2942888,2942868,0,57ea57f1112f2fa58b52211f89ed4ea08910485f5319f3f2f8f4c7ce5c0f1d49,1769.944,11.664,2847448,2847448,0,1,0,20,ESP32/cnn_tflite_esp32/reports/20261008T215503505222Z/report.csv,29268
a0228.raw,1,0,255,0,0,1,1778.13,1048576,312380,2,equal,2,518.466,2942888,2942868,0,7e5bb32cea4127e44912dc5372850d6db4f8f84b0e3eae23e100680a8bb8700e,1766.456,11.674,2847448,2847448,0,1,0,20,ESP32/cnn_tflite_esp32/reports/20261008T215503505222Z/report.csv,29268
a0229.raw,1,0,255,0,0,1,1780.136,1048576,312380,2,equal,2,510.442,2942888,2942888,0,ca4d1a2c6f57b96f02b38255cebf13b7d9b2cfe7fb71d523b083c0c2b6f90ff7,1768.434,11.702,2847448,2847448,0,1,0,20,ESP32/cnn_tflite_esp32/reports/20261008T215503505222Z/report.csv,29268
a0230.raw,1,0,255,0,0,1,1779.021,1048576,312380,2,equal,2,528.475,2942888,2942868,0,f0f0951e3a1b59b362565e753048075dcd1c0e8c9a287774f3bb8b9609f30ba0,1767.340,11.681,2847448,2847448,0,1,0,20,ESP32/cnn_tflite_esp32/reports/20261008T215503505222Z/report.csv,29268
a0231.raw,1,10,246,0,0,1,1780.939,1048576,312380,2,equal,2,558.371,2942888,2942868,0,af7a76eff23f89e6e154ba31009e2aa32e4e010e8086bea112557fa8f1b4f8ad,1769.306,11.633,2847448,2847448,0,1,0,20,ESP32/cnn_tflite_esp32/reports/20261008T215503505222Z/report.csv,29268
a0232.raw,1,2,254,0,0,1,1781.011,1048576,312380,2,equal,2,490.883,2942888,2942888,0,99b5bf8f247c4c265bf0cae0e8f7bc3c5ea1909b6d2b1cced9c4ccbe7c517066,1769.313,11.698,2847448,2847448,0,1,0,20,ESP32/cnn_tflite_esp32/reports/20261008T215503505222Z/report.csv,29268
a0233.raw,1,0,255,0,0,1,1780.407,1048576,312380,2,equal,2,535.430,2942888,2942868,0,bb8cda3ae060752da4fc297b240e5c63216d72e8504cb0d386d1728e354bf80e,1768.792,11.615,2847448,2847448,0,1,0,20,ESP32/cnn_tflite_esp32/reports/20261008T215503505222Z/report.csv,29268
a0234.raw,1,0,255,0,0,1,1781.271,1048576,312380,2,equal,2,507.433,2942888,2942868,0,8e9850242b8b78ba67ee065f2c519b39e305d9dd08582eaa434d4dd71c0746b7,1769.685,11.586,2847448,2847448,0,1,0,20,ESP32/cnn_tflite_esp32/reports/20261008T215503505222Z/report.csv,29268
a0235.raw,1,0,255,0,0,1,1787.188,1048576,312380,2,equal,2,539.116,2942888,2942868,0,4fa3d24c7f8ebca16896f274a0b9a91c6bb935cb6ff1f8f13432937fa35f91d1,1775.543,11.645,2847448,2847448,0,1,0,20,ESP32/cnn_tflite_esp32/reports/20261008T215503505222Z/report.csv,29268
a0236.raw,1,0,255,0,0,1,1781.016,1048576,312380,2,equal,2,504.337,2942888,2942888,0,516f1477758111cd19988c13597f09aa0423b48a78331e9269fcd4392bb8ca9f,1769.362,11.654,2847448,2847448,0,1,0,20,ESP32/cnn_tflite_esp32/reports/20261008T215503505222Z/report.csv,29268
a0237.raw,1,2,254,0,0,1,1781.638,1048576,312380,2,equal,2,516.494,2942888,2942868,0,92a294197f5bbe9ee2266393d2a619e3005bf808eb6b0ab8dd3f0ac302f7b799,1770.037,11.601,2847448,2847448,0,1,0,20,ESP32/cnn_tflite_esp32/reports/20261008T215503505222Z/report.csv,29268
a0238.raw,1,0,255,0,0,1,1781.403,1048576,312380,2,equal,2,563.760,2942888,2942868,0,b0d8de47b097400800d95b1af265b7f9390d5b1198ff9b2344201555f3ceb225,1769.728,11.675,2847448,2847448,0,1,0,20,ESP32/cnn_tflite_esp32/reports/20261008T215503505222Z/report.csv,29268
a0239.raw,1,0,255,0,0,1,1780.833,1048576,312380,2,equal,2,512.537,2942888,2942868,0,f1b6c42da00acd3243742ead2eebf641487c77b59a5563cc29e5add509d306bd,1769.228,11.605,2847448,2847448,0,1,0,20,ESP32/cnn_tflite_esp32/reports/20261008T215503505222Z/report.csv,29268
a0240.raw,1,1,255,0,0,1,1783.401,1048576,312380,2,equal,2,583.151,2942888,2942868,0,ab515a7a68b2afb8c4e28527a2a30fed90bf9bb833e019db8543ee9fa9b9d7e5,1770.991,12.410,2847448,2847448,0,1,0,20,ESP32/cnn_tflite_esp32/reports/20261008T215503505222Z/report.csv,29268
a0241.raw,1,1,255,0,0,1,1780.909,1048576,312380,2,equal,2,559.434,2942888,2942876,0,a4ef7d0aa053ca9edc5f1ae9f4e4ba50d796e0e00cb128077af5c6c2e581b694,1769.242,11.667,2847448,2847448,0,1,0,20,ESP32/cnn_tflite_esp32/reports/20261008T215503505222Z/report.csv,29268
a0242.raw,1,0,255,0,0,1,1783.029,1048576,312380,2,equal,2,559.946,2942888,2942868,0,17d8ec50613bfe15e758872214ede110a868982a8121a030f11c28cc3172e1ed,1771.289,11.740,2847448,2847448,0,1,0,20,ESP32/cnn_tflite_esp32/reports/20261008T215503505222Z/report.csv,29268
a0243.raw,1,0,255,0,0,1,1780.909,1048576,312380,2,equal,2,590.910,2942888,2942868,0,08ac5761adf314250897ebb20d7a3599445b7e3842bd2bcc19871b420a26b74a,1769.265,11.644,2847448,2847448,0,1,0,20,ESP32/cnn_tflite_esp32/reports/20261008T215503505222Z/report.csv,29268
a0244.raw,1,0,255,0,0,1,1783.535,1048576,312380,2,equal,2,546.215,2942888,2942868,0,22d443a89be740cf0e7561913494d82986c77ae89db60a45d95c507cba160f84,1771.963,11.572,2847448,2847448,0,1,0,20,ESP32/cnn_tflite_esp32/reports/20261008T215503505222Z/report.csv,29268
a0245.raw,1,0,255,0,0,1,1780.836,1048576,312380,2,equal,2,571.921,2942888,2942868,0,c417b3e7152a81fce1912b0792297f5422871e3bbce14ddfdf06e04b3626468d,1769.232,11.604,2847448,2847448,0,1,0,20,ESP32/cnn_tflite_esp32/reports/20261008T215503505222Z/report.csv,29268
a0246.raw,1,0,255,0,0,1,1780.953,1048576,312380,2,equal,2,547.252,2942888,2942868,0,41b44264c5bad3ca695224289568769a76c2e8c1c701f96501992b18d71a7d8b,1769.309,11.644,2847448,2847448,0,1,0,20,ESP32/cnn_tflite_esp32/reports/20261008T215503505222Z/report.csv,29268
a0247.raw,1,0,255,0,0,1,1782.334,1048576,312380,2,equal,2,662.628,2942888,2942868,0,0d444bf440aa0cef0a15946905f233c03d588f32c5e4ece3135597913ce9d4fb,1770.706,11.628,2847448,2847448,0,1,0,20,ESP32/cnn_tflite_esp32/reports/20261008T215503505222Z/report.csv,29268
a0248.raw,1,0,255,0,0,1,1780.224,1048576,312380,2,equal,2,594.234,2942888,2942868,0,cef6e0a3bf6fbeaf633baf6fc715ac53a607606fda14c66d70da13d87a2edeee,1768.641,11.583,2847448,2847448,0,1,0,20,ESP32/cnn_tflite_esp32/reports/20261008T215503505222Z/report.csv,29268
a0249.raw,1,0,255,0,0,1,1783.476,1048576,312380,2,equal,2,545.158,2942888,2942868,0,40f9d7a51ce6cb6f39fa4ea78a3e4965c45b2ebd456a12b9010d1b9799ef2a1d,1771.795,11.681,2847448,2847448,0,1,0,20,ESP32/cnn_tflite_esp32/reports/20261008T215503505222Z/report.csv,29268
a0250.raw,1,0,255,0,0,1,1779.554,1048576,312380,2,equal,2,595.632,2942888,2942868,0,5493d880abff6ca6759db7f95ae0238d6b2b0de9360c889ac056be87af4a4b9d,1767.995,11.559,2847448,2847448,0,1,0,20,ESP32/cnn_tflite_esp32/reports/20261008T215503505222Z/report.csv,29268
a0251.raw,1,0,255,0,0,1,1780.89,1048576,312380,2,equal,2,617.127,2942888,2942868,0,b543f3608a7707de24b0a789408cb5318c04265f7ca22917e959d2fa583b24fa,1769.337,11.553,2847448,2847448,0,1,0,20,ESP32/cnn_tflite_esp32/reports/20261008T215503505222Z/report.csv,29268
a0252.raw,1,0,255,0,0,1,1781.286,1048576,312380,2,equal,2,542.674,2942888,2942868,0,8f54201a39527c04e3c807d5c115d052acf0fab2ef03a47cfae85b05d874837f,1769.659,11.627,2847448,2847448,0,1,0,20,ESP32/cnn_tflite_esp32/reports/20261008T215503505222Z/report.csv,29268
a0253.raw,1,0,255,0,0,1,1780.55,1048576,312380,2,equal,2,583.312,2942888,2942868,0,9b59eaa2a1f8504d9990cd76dc4cc19bd6b7455bd29fff87eb240122cc1d9094,1768.936,11.614,2847448,2847448,0,1,0,20,ESP32/cnn_tflite_esp32/reports/20261008T215503505222Z/report.csv,29268
a0254.raw,1,0,255,0,0,1,1781.651,1048576,312380,2,equal,2,583.941,2942888,2942868,0,2700c48971ad82043f434610a4eec7491d5f2a2252d51e7f7ba62f2209860942,1769.960,11.691,2847448,2847448,0,1,0,20,ESP32/cnn_tflite_esp32/reports/20261008T215503505222Z/report.csv,29268
a0255.raw,1,0,255,0,0,1,1781.157,1048576,312380,2,equal,2,592.455,2942888,2942868,0,7556a0a685489247cd599ef767e23f9ac25323d777958aebd48d7ec7eeedd28a,1769.508,11.649,2847448,2847448,0,1,0,20,ESP32/cnn_tflite_esp32/reports/20261008T215503505222Z/report.csv,29268
a0256.raw,1,0,255,0,0,1,1781.4,1048576,312380,2,equal,2,526.856,2942888,2942868,0,e9424e1af60e70994c61e494daa49fb28ad88025301d448f6c4367a11f8e4dbf,1769.751,11.649,2847448,2847448,0,1,0,20,ESP32/cnn_tflite_esp32/reports/20261008T215503505222Z/report.csv,29268
a0257.raw,1,0,255,0,0,1,1781.046,1048576,312380,2,equal,2,825.698,2942888,2942868,0,b504681d49e6cc259f0a578a3c64c7bb64cf4a44270c0ed3eda3fc6b3ae12c27,1769.363,11.683,2847448,2847448,0,1,0,20,ESP32/cnn_tflite_esp32/reports/20261008T215503505222Z/report.csv,29268
a0258.raw,1,0,255,0,0,1,1781.199,1048576,312380,2,equal,2,587.356,2942888,2942868,0,b2cca49e9996f5ae1916914cbb7f011579566dd5d87eae5e28705f9862516a7f,1769.573,11.626,2847448,2847448,0,1,0,20,ESP32/cnn_tflite_esp32/reports/20261008T215503505222Z/report.csv,29268
a0259.raw,1,0,255,0,0,1,1778.757,1048576,312380,2,equal,2,552.603,2942888,2942868,0,1a6fde6decaae93e275af0bf51155180e51460fef948ae88e01fcf8cbe0460b6,1767.096,11.661,2847448,2847448,0,1,0,20,ESP32/cnn_tflite_esp32/reports/20261008T215503505222Z/report.csv,29268
a0260.raw,1,0,255,0,0,1,1782.776,1048576,312380,2,equal,2,551.780,2942888,2942876,0,d7d1cd9a45496937663ea9eaac8d6d8d542ddf48d2a15d08d1ba4f3a8315c271,1771.063,11.713,2847448,2847448,0,1,0,20,ESP32/cnn_tflite_esp32/reports/20261008T215503505222Z/report.csv,29268
a0261.raw,1,0,255,0,0,1,1783.236,1048576,312380,2,equal,2,536.757,2942888,2942868,0,a87f2d979f52fd355c8b07b4a8ca8238520f1912925cfb29c8456ae9b6fbe275,1770.525,12.711,2847448,2847448,0,1,0,20,ESP32/cnn_tflite_esp32/reports/20261008T215503505222Z/report.csv,29268
a0262.raw,1,0,255,0,0,1,1780.943,1048576,312380,2,equal,2,549.683,2942888,2942868,0,53662a034975d1e3b901bc5b11dfdaf555eb3e8ffd98fea349ca826c074e6ea4,1769.298,11.645,2847448,2847448,0,1,0,20,ESP32/cnn_tflite_esp32/reports/20261008T215503505222Z/report.csv,29268
a0263.raw,1,0,255,0,0,1,1778.584,1048576,312380,2,equal,2,549.996,2942888,2942868,0,9a5c5e1c4b1aef4a33fa69f5c765679ae4fa0560b05bd10b31e2aff5d220a0e9,1766.905,11.679,2847448,2847448,0,1,0,20,ESP32/cnn_tflite_esp32/reports/20261008T215503505222Z/report.csv,29268
a0264.raw,1,0,255,0,0,1,1782.293,1048576,312380,2,equal,2,548.737,2942888,2942868,0,62ab0fb57c31b3dfd30fbfb07a80f81e5d057e2284e216cb9fad2cf6f6fc50c3,1770.616,11.677,2847448,2847448,0,1,0,20,ESP32/cnn_tflite_esp32/reports/20261008T215503505222Z/report.csv,29268
a0265.raw,1,0,255,0,0,1,1781.52,1048576,312380,2,equal,2,568.131,2942888,2942876,0,d9f928eed04bcdf9f0394abd523cd362dc378a3260ad90fb74105c0ae2977126,1769.917,11.603,2847448,2847448,0,1,0,20,ESP32/cnn_tflite_esp32/reports/20261008T215503505222Z/report.csv,29268
a0266.raw,1,0,255,0,0,1,1775.799,1048576,312380,2,equal,2,556.090,2942888,2942868,0,20e4675958e0f49b5df9499851336486668fb84b105ba0bc5eb133085d11d511,1764.126,11.673,2847448,2847448,0,1,0,20,ESP32/cnn_tflite_esp32/reports/20261008T215503505222Z/report.csv,29268
a0267.raw,1,0,255,0,0,1,1780.929,1048576,312380,2,equal,2,727.073,2942888,2942868,0,c23be61b30e2e1930c6efaa7f2dd78e49b4a062f9d75c6b8bb945b4b57b9daf6,1769.173,11.756,2847448,2847448,0,1,0,20,ESP32/cnn_tflite_esp32/reports/20261008T215503505222Z/report.csv,29268
a0268.raw,1,0,255,0,0,1,1781.048,1048576,312380,2,equal,2,601.220,2942888,2942868,0,3917f13692a1903bac98485c04f41f4fce08a4f46877f9b00c505c1a502d6841,1769.392,11.656,2847448,2847448,0,1,0,20,ESP32/cnn_tflite_esp32/reports/20261008T215503505222Z/report.csv,29268
a0269.raw,1,0,255,0,0,1,1781.207,1048576,312380,2,equal,2,517.950,2942888,2942868,0,9c94228c6b731a35c3fc31d1b62b61135ae1fbceee339a9c785ee3e7dcc32ee3,1769.533,11.674,2847448,2847448,0,1,0,20,ESP32/cnn_tflite_esp32/reports/20261008T215503505222Z/report.csv,29268
a0270.raw,1,0,255,0,0,1,1780.664,1048576,312380,2,equal,2,523.700,2942888,2942868,0,6d9c023cad3a0236c610826b4e32d0ead81d7b2c74f1adbe763eb11f3702d7ff,1769.111,11.553,2847448,2847448,0,1,0,20,ESP32/cnn_tflite_esp32/reports/20261008T215503505222Z/report.csv,29268
a0271.raw,1,0,255,0,0,1,1781.448,1048576,312380,2,equal,2,519.277,2942888,2942868,0,6b128628dc3570e0ff01ebdcd2430a2928d177894165ed56872978ea1fcb9568,1769.794,11.654,2847448,2847448,0,1,0,20,ESP32/cnn_tflite_esp32/reports/20261008T215503505222Z/report.csv,29268
a0272.raw,1,0,255,0,0,1,1783.21,1048576,312380,2,equal,2,611.338,2942888,2942868,0,76f54eb2e2d410f60565ccb6a3d982de94dbe4c58247807ab69882428efe4cde,1770.806,12.404,2847448,2847448,0,1,0,20,ESP32/cnn_tflite_esp32/reports/20261008T215503505222Z/report.csv,29268
a0273.raw,1,0,255,0,0,1,1781.569,1048576,312380,2,equal,2,528.980,2942888,2942868,0,ce34e2c3f942a2b1aaf9f32fc87024f6da00d19ae7f0e987a4e5aef376f50a14,1769.905,11.664,2847448,2847448,0,1,0,20,ESP32/cnn_tflite_esp32/reports/20261008T215503505222Z/report.csv,29268
a0274.raw,1,0,255,0,0,1,1780.718,1048576,312380,2,equal,2,533.059,2942888,2942868,0,3254c0d76b6acda4597c91ee3ebc3ead61acadf1d2af29ebacf0250cfbebc1e0,1769.125,11.593,2847448,2847448,0,1,0,20,ESP32/cnn_tflite_esp32/reports/20261008T215503505222Z/report.csv,29268
a0275.raw,1,0,255,0,0,1,1781.205,1048576,312380,2,equal,2,501.776,2942888,2942888,0,ae07b80429454ffae5479d7dfb1e8219b1c7f9c87641515f457a007c11856e49,1768.901,12.304,2847448,2847448,0,1,0,20,ESP32/cnn_tflite_esp32/reports/20261008T215503505222Z/report.csv,29268
a0276.raw,1,0,255,0,0,1,1779.806,1048576,312380,2,equal,2,535.549,2942888,2942868,0,6606b46015ec212335d196e0e85d0f4c98669a1574e89dc6d76da6fcbaad96ec,1768.236,11.570,2847448,2847448,0,1,0,20,ESP32/cnn_tflite_esp32/reports/20261008T215503505222Z/report.csv,29268
a0277.raw,1,0,255,0,0,1,1781.222,1048576,312380,2,equal,2,486.657,2942888,2942888,0,7014a9a0b66a97e7dfd3e73ec4407afafaa4dc06e9c1ec123093b9da90b1747d,1769.472,11.750,2847448,2847448,0,1,0,20,ESP32/cnn_tflite_esp32/reports/20261008T215503505222Z/report.csv,29268
a0278.raw,1,0,255,0,0,1,1782.468,1048576,312380,2,equal,2,526.585,2942888,2942868,0,2a4f0320b3720326246978569c7ec2ce1c91f450ffe38f57d258c63c50a85e30,1770.892,11.576,2847448,2847448,0,1,0,20,ESP32/cnn_tflite_esp32/reports/20261008T215503505222Z/report.csv,29268
a0279.raw,1,0,255,0,0,1,1781.659,1048576,312380,2,equal,2,532.379,2942888,2942868,0,0ea38e841f06a73dbf62d7c06526267c31fa2ebe6b5060bda846e6feab74a1c0,1768.959,12.700,2847448,2847448,0,1,0,20,ESP32/cnn_tflite_esp32/reports/20261008T215503505222Z/report.csv,29268
a0280.raw,1,0,255,0,0,1,1781.266,1048576,312380,2,equal,2,489.361,2942888,2942888,0,4c6a36bede18c1c51999e043329951b5afc8682c20f99f26ce5776ffad3e4d76,1769.549,11.717,2847448,2847448,0,1,0,20,ESP32/cnn_tflite_esp32/reports/20261008T215503505222Z/report.csv,29268
a0281.raw,1,0,255,0,0,1,1779.764,1048576,312380,2,equal,2,565.562,2942888,2942868,0,39de2b8a5d0a2d321b59f8e74d90efef1ea79e3e767da5ce223d42acc0f07624,1767.638,12.126,2847448,2847448,0,1,0,20,ESP32/cnn_tflite_esp32/reports/20261008T215503505222Z/report.csv,29268
a0282.raw,1,0,255,0,0,1,1781.448,1048576,312380,2,equal,2,589.617,2942888,2942868,0,ebd2717ca3160500a023a3cc9d4b9839216bf660ffd8952605f66c5e36683708,1769.750,11.698,2847448,2847448,0,1,0,20,ESP32/cnn_tflite_esp32/reports/20261008T215503505222Z/report.csv,29268
a0283.raw,1,0,255,0,0,1,1781.801,1048576,312380,2,equal,2,611.237,2942888,2942868,0,1431c75b01c96288840748349763f374cba200fca9f9484d7a3d473b28a674a6,1770.124,11.677,2847448,2847448,0,1,0,20,ESP32/cnn_tflite_esp32/reports/20261008T215503505222Z/report.csv,29268
a0284.raw,1,0,255,0,0,1,1781.848,1048576,312380,2,equal,2,470.627,2942888,2942868,0,9f7e6bc3d91fa75c1e3dde8378ef63e95a126e7365d5b2d43e600c933b0e0947,1770.171,11.677,2847448,2847448,0,1,0,20,ESP32/cnn_tflite_esp32/reports/20261008T215503505222Z/report.csv,29268
a0285.raw,1,0,255,0,0,1,1779.252,1048576,312380,2,equal,2,539.740,2942888,2942868,0,827b566a2c2dbbe478a643d334a62cef60323a4a10efeed47ec84999e6864a7e,1767.574,11.678,2847448,2847448,0,1,0,20,ESP32/cnn_tflite_esp32/reports/20261008T215503505222Z/report.csv,29268
a0286.raw,1,0,255,0,0,1,1779.797,1048576,312380,2,equal,2,492.519,2942888,2942888,0,2c813652869c241da7031c40946809e4b1385335bce229e630a89c5d8623ab53,1767.052,12.745,2847448,2847448,0,1,0,20,ESP32/cnn_tflite_esp32/reports/20261008T215503505222Z/report.csv,29268
a0287.raw,1,0,255,0,0,1,1782.909,1048576,312380,2,equal,2,496.800,2942888,2942888,0,5d0f8c5f19c78492b4170bae2650c19e19bdaf11d64e252cc27720d5e7c4ade7,1771.159,11.750,2847448,2847448,0,1,0,20,ESP32/cnn_tflite_esp32/reports/20261008T215503505222Z/report.csv,29268
a0288.raw,1,0,255,0,0,1,1782.019,1048576,312380,2,equal,2,515.582,2942888,2942868,0,a4c59987dd6b426cc8450a2d0942c5114f164733f44e330488d14adbe1fb87d8,1770.343,11.676,2847448,2847448,0,1,0,20,ESP32/cnn_tflite_esp32/reports/20261008T215503505222Z/report.csv,29268
a0289.raw,1,0,255,0,0,1,1781.965,1048576,312380,2,equal,2,577.813,2942888,2942868,0,2aeb2d0bd7184c265b8a64de58a05273f1e0fe87a12d971fa7ec3f54fbb9180c,1770.311,11.654,2847448,2847448,0,1,0,20,ESP32/cnn_tflite_esp32/reports/20261008T215503505222Z/report.csv,29268
a0290.raw,1,0,255,0,0,1,1780.95,1048576,312380,2,equal,2,551.243,2942888,2942868,0,cc424df0f0ee7ee682cda4f2734b9365155367d1a5840058207fb5499d824328,1769.284,11.666,2847448,2847448,0,1,0,20,ESP32/cnn_tflite_esp32/reports/20261008T215503505222Z/report.csv,29268
a0291.raw,1,0,255,0,0,1,1781.119,1048576,312380,2,equal,2,537.026,2942888,2942868,0,1540b559974dba7a0d62df7b6a42cc8b4172cd482b7f617576109f795a8a3ed9,1769.463,11.656,2847448,2847448,0,1,0,20,ESP32/cnn_tflite_esp32/reports/20261008T215503505222Z/report.csv,29268
a0292.raw,1,0,255,0,0,1,1782.841,1048576,312380,2,equal,2,542.435,2942888,2942868,0,51225638b72197c4eedf8263c0016752f49cb31665f3da04484fae2b1a85a1eb,1770.961,11.880,2847448,2847448,0,1,0,20,ESP32/cnn_tflite_esp32/reports/20261008T215503505222Z/report.csv,29268
a0293.raw,1,0,255,0,0,1,1780.147,1048576,312380,2,equal,2,500.242,2942888,2942888,0,f5b9403f4bb8cda4e9234c6f475b47ab15eadd72f1bd6181da928326341918da,1768.527,11.620,2847448,2847448,0,1,0,20,ESP32/cnn_tflite_esp32/reports/20261008T215503505222Z/report.csv,29268
a0294.raw,1,0,255,0,0,1,1781.939,1048576,312380,2,equal,2,516.442,2942888,2942868,0,91f6cde9f9f83a1123ea466bcd767756cbaedd174316385ab617d69ed23efa07,1770.248,11.691,2847448,2847448,0,1,0,20,ESP32/cnn_tflite_esp32/reports/20261008T215503505222Z/report.csv,29268
a0295.raw,1,0,255,0,0,1,1780.581,1048576,312380,2,equal,2,574.233,2942888,2942868,0,1b927b5e659066af8170f1d3b3c77dc0465967f2f0076acdc53c238558094bc9,1768.983,11.598,2847448,2847448,0,1,0,20,ESP32/cnn_tflite_esp32/reports/20261008T215503505222Z/report.csv,29268
a0296.raw,1,0,255,0,0,1,1781.634,1048576,312380,2,equal,2,501.803,2942888,2942888,0,d225c3e65612b3e7eb6beff8172649b63a5475250ecab8532b8b59c5ed2d64da,1769.651,11.983,2847448,2847448,0,1,0,20,ESP32/cnn_tflite_esp32/reports/20261008T215503505222Z/report.csv,29268
a0297.raw,1,0,255,0,0,1,1782.696,1048576,312380,2,equal,2,519.626,2942888,2942868,0,33dc4e68b00d77ecb78338ef84b1b164327762c3be4ef608fce2f64f84d97b5f,1770.728,11.968,2847448,2847448,0,1,0,20,ESP32/cnn_tflite_esp32/reports/20261008T215503505222Z/report.csv,29268
a0298.raw,1,0,255,0,0,1,1780.834,1048576,312380,2,equal,2,680.636,2942888,2942868,0,75b8f90c68ac773eb1398efc9d371f21f2c0190a5f5cd855e4ba5071c90a87f7,1769.151,11.683,2847448,2847448,0,1,0,20,ESP32/cnn_tflite_esp32/reports/20261008T215503505222Z/report.csv,29268
a0299.raw,1,0,255,0,0,1,1782.343,1048576,312380,2,equal,2,536.188,2942888,2942868,0,b47ab95f4d0281611408f20dc741ab687e48a532f1419201dfbff8f4e91b670c,1770.701,11.642,2847448,2847448,0,1,0,20,ESP32/cnn_tflite_esp32/reports/20261008T215503505222Z/report.csv,29268
a0300.raw,1,0,255,0,0,1,1780.74,1048576,312380,2,equal,2,554.156,2942888,2942868,0,bbc01dbc5871cb92a9878ebba3000f98005c30bd8de58ed43175f3209bd1155b,1768.851,11.889,2847448,2847448,0,1,0,20,ESP32/cnn_tflite_esp32/reports/20261008T215503505222Z/report.csv,29268
a0301.raw,1,0,255,0,0,1,1781.08,1048576,312380,2,equal,2,557.697,2942888,2942868,0,309138c0bc76b4f88edaa40bde2abbd690bc66c0635fdf2aad7995574c37aea0,1769.447,11.633,2847448,2847448,0,1,0,20,ESP32/cnn_tflite_esp32/reports/20261008T215503505222Z/report.csv,29268
a0302.raw,1,0,255,0,0,1,1780.407,1048576,312380,2,equal,2,516.397,2942908,2942868,0,98f0fdf0d955b7cab8d124a2f3baa1cf0538de6fb5221ffffd31efc2dd238dbe,1768.561,11.846,2847448,2847448,0,1,0,20,ESP32/cnn_tflite_esp32/reports/20261008T215503505222Z/report.csv,29268
a0303.raw,1,0,255,0,0,1,1782.234,1048576,312380,2,equal,2,547.423,2942888,2942864,0,8fd1f3472e406fadf714d133a1bbd86fee90e6c549cbe5a12204726a0cbc58f6,1770.609,11.625,2847448,2847448,0,1,0,20,ESP32/cnn_tflite_esp32/reports/20261008T215503505222Z/report.csv,29268
a0304.raw,1,0,255,0,0,1,1782.394,1048576,312380,2,equal,2,544.956,2942888,2942868,0,369e8130ef6824dac7546f89fde665cae6836b5dacf965792275f53cbb2940ef,1770.799,11.595,2847448,2847448,0,1,0,20,ESP32/cnn_tflite_esp32/reports/20261008T215503505222Z/report.csv,29268
a0305.raw,1,0,255,0,0,1,1780.576,1048576,312380,2,equal,2,537.292,2942888,2942868,0,bd14720b091bafbb1a2ce66512c37aec11f922ffb707580d931e07a6a77464bb,1768.921,11.655,2847448,2847448,0,1,0,20,ESP32/cnn_tflite_esp32/reports/20261008T215503505222Z/report.csv,29268
a0306.raw,1,0,255,0,0,1,1781.074,1048576,312380,2,equal,2,520.698,2942888,2942868,0,891d51a175ed79a178511bac00e3cc352c2aa9c1a4789f8139d084f9d60d2121,1769.444,11.630,2847448,2847448,0,1,0,20,ESP32/cnn_tflite_esp32/reports/20261008T215503505222Z/report.csv,29268
a0307.raw,1,0,255,0,0,1,1781.434,1048576,312380,2,equal,2,522.958,2942888,2942876,0,a934a161f6d711ad40881ef81da18fc370a521a74003f6b8ec5e44c0e2081788,1769.711,11.723,2847448,2847448,0,1,0,20,ESP32/cnn_tflite_esp32/reports/20261008T215503505222Z/report.csv,29268
a0308.raw,1,0,255,0,0,1,1780.295,1048576,312380,2,equal,2,655.546,2942888,2942868,0,433546bba1dde0569f2b695204859026c81087f42e4c2e94d876f732211302a9,1768.616,11.679,2847448,2847448,0,1,0,20,ESP32/cnn_tflite_esp32/reports/20261008T215503505222Z/report.csv,29268
a0309.raw,1,0,255,0,0,1,1777.946,1048576,312380,2,equal,2,594.179,2942888,2942868,0,c0db20333d53294c53640cb9a022c7c30b6be55b0c6dbdb7385b55ad64f39b43,1765.984,11.962,2847448,2847448,0,1,0,20,ESP32/cnn_tflite_esp32/reports/20261008T215503505222Z/report.csv,29268
a0310.raw,1,0,255,0,0,1,1776.929,1048576,312380,2,equal,2,596.256,2942888,2942868,0,d4f2ce99cc88077f5fea6827d4527df8134dc69e678a4773a63aee85b688b4b0,1765.248,11.681,2847448,2847448,0,1,0,20,ESP32/cnn_tflite_esp32/reports/20261008T215503505222Z/report.csv,29268
a0311.raw,1,0,255,0,0,1,1777.905,1048576,312380,2,equal,2,586.578,2942888,2942868,0,e865800a5523189067bd09230f463a29a5f5cdb30288d83d937f724df366f8ab,1766.226,11.679,2847448,2847448,0,1,0,20,ESP32/cnn_tflite_esp32/reports/20261008T215503505222Z/report.csv,29268
a0312.raw,1,0,255,0,0,1,1775.592,1048576,312380,2,equal,2,584.310,2942888,2942868,0,673f8eaaf0a2b5894917075cff0a255ab44e99eeec6ace2502d04868e39953fd,1763.854,11.738,2847448,2847448,0,1,0,20,ESP32/cnn_tflite_esp32/reports/20261008T215503505222Z/report.csv,29268
a0313.raw,1,1,255,0,0,1,1778.281,1048576,312380,2,equal,2,619.243,2942888,2942868,0,95df299dfa923bfa6d62692ffc891f25d7497032f3d2a8c3f2b8a5faf9e5c44d,1766.506,11.775,2847448,2847448,0,1,0,20,ESP32/cnn_tflite_esp32/reports/20261008T215503505222Z/report.csv,29268
a0314.raw,1,0,255,0,0,1,1779.406,1048576,312380,2,equal,2,530.792,2942872,2942868,0,9508f22d389a6cea7bf589608b6106e59371d2eeb0f30acba8aa13fd18efcf14,1767.608,11.798,2847448,2847448,0,1,0,20,ESP32/cnn_tflite_esp32/reports/20261008T215503505222Z/report.csv,29268
a0315.raw,1,0,255,0,0,1,1780.582,1048576,312380,2,equal,2,1022.235,2942888,2942868,0,23147abc2779eb97cb1cc6410b911000bff0c4a3577ac1f24ba91c7aa50fc0fa,1769.023,11.559,2847448,2847448,0,1,0,20,ESP32/cnn_tflite_esp32/reports/20261008T215503505222Z/report.csv,29268
a0316.raw,1,0,255,0,0,1,1781.621,1048576,312380,2,equal,2,486.128,2942888,2942876,0,edc171352254432b9a826009078991d650f0223e6f966ae7b28f63d9ebbd7409,1769.842,11.779,2847448,2847448,0,1,0,20,ESP32/cnn_tflite_esp32/reports/20261008T215503505222Z/report.csv,29268
a0317.raw,1,0,255,0,0,1,1781.847,1048576,312380,2,equal,2,499.448,2942888,2942888,0,555b5f6b38c48bf6667416209090709a3be91dd05945cc27d0c818bfefd14510,1769.965,11.882,2847448,2847448,0,1,0,20,ESP32/cnn_tflite_esp32/reports/20261008T215503505222Z/report.csv,29268
a0318.raw,1,0,255,0,0,1,1775.586,1048576,312380,2,equal,2,518.876,2942888,2942868,0,848ff9fdc63bc63435334939cf4d37e10b03590d66986e5fa42b961cb1155292,1763.625,11.961,2847448,2847448,0,1,0,20,ESP32/cnn_tflite_esp32/reports/20261008T215503505222Z/report.csv,29268
a0319.raw,1,0,255,0,0,1,1769.9,1048576,312380,2,equal,2,543.093,2942888,2942868,0,d5fa0836d138a257cd56a89d8024ae54bcfd8bde539f49da92aeb54a3578bcf3,1757.444,12.456,2847448,2847448,0,1,0,20,ESP32/cnn_tflite_esp32/reports/20261008T215503505222Z/report.csv,29268
a0320.raw,1,0,255,0,0,1,1780.891,1048576,312380,2,equal,2,1132.374,2942888,2942864,0,0f9c0ab77c71646843aa161b3c331330bfd4900d52c3f9b0b1be87c3afd5fb6e,1769.052,11.839,2847448,2847448,0,1,0,20,ESP32/cnn_tflite_esp32/reports/20261008T215503505222Z/report.csv,29268
a0321.raw,1,0,255,0,0,1,1781.094,1048576,312380,2,equal,2,499.215,2942888,2942888,0,a9f228ef99487ce216c5852036da462b3ce46423725e6992dd4ff3d06b72ba02,1769.352,11.742,2847448,2847448,0,1,0,20,ESP32/cnn_tflite_esp32/reports/20261008T215503505222Z/report.csv,29268
a0322.raw,1,0,255,0,0,1,1771.329,1048576,312380,2,equal,2,512.078,2942888,2942864,0,6b24362e5630742db4cab52e5c5fafcacf1700d2b2dc6e4083dbf0a61194c33a,1759.658,11.671,2847448,2847448,0,1,0,20,ESP32/cnn_tflite_esp32/reports/20261008T215503505222Z/report.csv,29268
a0323.raw,1,0,255,0,0,1,1767.076,1048576,312380,2,equal,2,531.576,2942888,2942868,0,31f4253482e041576cb3a6de85b57539781157b4dca0ebe98c7f870a93fa6114,1755.430,11.646,2847448,2847448,0,1,0,20,ESP32/cnn_tflite_esp32/reports/20261008T215503505222Z/report.csv,29268
a0324.raw,1,0,255,0,0,1,1772.455,1048576,312380,2,equal,2,500.360,2942888,2942888,0,592c0f7a17b1656fa04fee1af2925c4fa565ee40207edab12d3c76a5bcfe2b01,1760.825,11.630,2847448,2847448,0,1,0,20,ESP32/cnn_tflite_esp32/reports/20261008T215503505222Z/report.csv,29268
a0325.raw,1,0,255,0,0,1,1779.997,1048576,312380,2,equal,2,527.573,2942888,2942868,0,9dfb29e0efee5b670931b291def0c6b61722689688a10b6ddfaec99abe30fb8c,1768.404,11.593,2847448,2847448,0,1,0,20,ESP32/cnn_tflite_esp32/reports/20261008T215503505222Z/report.csv,29268
a0326.raw,1,0,255,0,0,1,1782.061,1048576,312380,2,equal,2,535.624,2942888,2942868,0,c6fd77057c656c59d9752616f59143fb91d650a6b46a1b5313fc65b75a2d7b63,1770.131,11.930,2847448,2847448,0,1,0,20,ESP32/cnn_tflite_esp32/reports/20261008T215503505222Z/report.csv,29268
a0327.raw,1,0,255,0,0,1,1779.96,1048576,312380,2,equal,2,516.258,2942888,2942868,0,78dba4e22992a793ab11e32cf8cc43594542b17877a123a74049acce2bc38c24,1768.407,11.553,2847448,2847448,0,1,0,20,ESP32/cnn_tflite_esp32/reports/20261008T215503505222Z/report.csv,29268
a0328.raw,1,0,255,0,0,1,1781.215,1048576,312380,2,equal,2,517.639,2942888,2942868,0,d2cb90e30cac75660fd0982352586b880dfc4f9b30508b361fe2bc8cb648864f,1769.589,11.626,2847448,2847448,0,1,0,20,ESP32/cnn_tflite_esp32/reports/20261008T215503505222Z/report.csv,29268
a0329.raw,1,0,255,0,0,1,1781.151,1048576,312380,2,equal,2,506.811,2942888,2942868,0,21ad7620db9627ae624bd5091aae866351b2cd4c508f75c32fa811f77f399c4b,1768.759,12.392,2847448,2847448,0,1,0,20,ESP32/cnn_tflite_esp32/reports/20261008T215503505222Z/report.csv,29268
a0330.raw,1,0,255,0,0,1,1779.049,1048576,312380,2,equal,2,498.446,2942888,2942888,0,a83ac9bf5e07e8fd78db99f33cfc222adfed9b02c545e85c89987739053c7166,1767.361,11.688,2847448,2847448,0,1,0,20,ESP32/cnn_tflite_esp32/reports/20261008T215503505222Z/report.csv,29268
a0331.raw,1,0,255,0,0,1,1781.128,1048576,312380,2,equal,2,528.931,2942888,2942868,0,7fd645a03f89123e2f1507f91f428060e5d6ea5b9e8f3c1f9afca38b4bf92594,1769.361,11.767,2847448,2847448,0,1,0,20,ESP32/cnn_tflite_esp32/reports/20261008T215503505222Z/report.csv,29268
a0332.raw,1,0,255,0,0,1,1779.15,1048576,312380,2,equal,2,506.606,2942888,2942888,0,0b22545dd97c076987523e9c2b0bbf925333b2c499c6fc0bcad48951361a5943,1767.429,11.721,2847448,2847448,0,1,0,20,ESP32/cnn_tflite_esp32/reports/20261008T215503505222Z/report.csv,29268
a0333.raw,1,0,255,0,0,1,1781.711,1048576,312380,2,equal,2,531.045,2942888,2942868,0,9c0f010fb8225fbdf4357d8cd6d6b7a30ae87e1f3dd0a154216677d5ef64eb30,1769.997,11.714,2847448,2847448,0,1,0,20,ESP32/cnn_tflite_esp32/reports/20261008T215503505222Z/report.csv,29268
a0334.raw,1,0,255,0,0,1,1776.328,1048576,312380,2,equal,2,529.717,2942888,2942868,0,f4d5a5a1871b66fed205e31d85631796e62319dc2b03a1bc4b4ea1da1f96678b,1764.632,11.696,2847448,2847448,0,1,0,20,ESP32/cnn_tflite_esp32/reports/20261008T215503505222Z/report.csv,29268
a0335.raw,1,0,255,0,0,1,1779.938,1048576,312380,2,equal,2,544.035,2942888,2942868,0,2a77116e4baa65930bdf6cc4b5d3c681d990fb8d60ccefb1fb69a20f04a1e5bc,1767.177,12.761,2847448,2847448,0,1,0,20,ESP32/cnn_tflite_esp32/reports/20261008T215503505222Z/report.csv,29268
a0336.raw,1,0,255,0,0,1,1783.153,1048576,312380,2,equal,2,511.132,2942888,2942868,0,a265d37c7d4b6c336c275cded2b40897d66b11e79fd9ce800d50c35f7d011720,1771.189,11.964,2847448,2847448,0,1,0,20,ESP32/cnn_tflite_esp32/reports/20261008T215503505222Z/report.csv,29268
a0337.raw,1,0,255,0,0,1,1781.787,1048576,312380,2,equal,2,495.654,2942888,2942888,0,df285e20c4a1f9272cb025ffa7a865423908ee46bb6f8c528ecc9c1c7f7b2d70,1770.123,11.664,2847448,2847448,0,1,0,20,ESP32/cnn_tflite_esp32/reports/20261008T215503505222Z/report.csv,29268
a0338.raw,1,0,255,0,0,1,1777.649,1048576,312380,2,equal,2,511.737,2942888,2942888,0,e6980cec1cb5d9ccbefe6cd5da9372a0eca11e417a19700ab3adb5c5f47aa983,1765.976,11.673,2847448,2847448,0,1,0,20,ESP32/cnn_tflite_esp32/reports/20261008T215503505222Z/report.csv,29268
a0339.raw,1,0,255,0,0,1,1779.502,1048576,312380,2,equal,2,535.176,2942888,2942868,0,797ca6e69ceaf1413258e4f9ccd8519fd7562cbdfab1086a26db8efa8c356557,1767.831,11.671,2847448,2847448,0,1,0,20,ESP32/cnn_tflite_esp32/reports/20261008T215503505222Z/report.csv,29268
a0340.raw,1,0,255,0,0,1,1775.3,1048576,312380,2,equal,2,521.276,2942888,2942868,0,486a8f8bca09a538123a4b036e9b5de6eb50a27c3a68f128e45297e992a9a273,1763.615,11.685,2847448,2847448,0,1,0,20,ESP32/cnn_tflite_esp32/reports/20261008T215503505222Z/report.csv,29268
a0341.raw,1,0,255,0,0,1,1780.341,1048576,312380,2,equal,2,521.975,2942888,2942868,0,dfc583a51a81da6bc5cb57b4827ccc53f559b6903d144780ecca5c622389fb67,1768.748,11.593,2847448,2847448,0,1,0,20,ESP32/cnn_tflite_esp32/reports/20261008T215503505222Z/report.csv,29268
a0342.raw,1,0,255,0,0,1,1780.111,1048576,312380,2,equal,2,538.547,2942888,2942868,0,b3946d5f88b474b3b6109911ca03637a6d46ddfb30c8dd49c724fce1ba3c8f53,1768.476,11.635,2847448,2847448,0,1,0,20,ESP32/cnn_tflite_esp32/reports/20261008T215503505222Z/report.csv,29268
a0343.raw,1,0,255,0,0,1,1773.733,1048576,312380,2,equal,2,503.586,2942888,2942888,0,1cfbaf5adaef33737bcf3c7bbdcb534d633fde43e63cdf457e52f5627e06d168,1762.070,11.663,2847448,2847448,0,1,0,20,ESP32/cnn_tflite_esp32/reports/20261008T215503505222Z/report.csv,29268
a0344.raw,1,0,255,0,0,1,1777.654,1048576,312380,2,equal,2,491.187,2942888,2942888,0,6fdad0122a90722022d994e780090057601221be24a99aa507c9fdd544fe3f6a,1766.053,11.601,2847448,2847448,0,1,0,20,ESP32/cnn_tflite_esp32/reports/20261008T215503505222Z/report.csv,29268
a0345.raw,1,0,255,0,0,1,1778.763,1048576,312380,2,equal,2,492.162,2942888,2942888,0,16ca07a808191dffe40c6eacb06db467a9e666165d5902a2405c9760c75a3ee2,1767.010,11.753,2847448,2847448,0,1,0,20,ESP32/cnn_tflite_esp32/reports/20261008T215503505222Z/report.csv,29268
a0346.raw,1,0,255,0,0,1,1778.435,1048576,312380,2,equal,2,525.542,2942888,2942868,0,17de8dca1451af83a8a90080c671a4fb82f0795160e25f33e83b4288325b8e7c,1766.698,11.737,2847448,2847448,0,1,0,20,ESP32/cnn_tflite_esp32/reports/20261008T215503505222Z/report.csv,29268
a0347.raw,1,0,255,0,0,1,1776.926,1048576,312380,2,equal,2,751.130,2942888,2942888,0,ce572ff8428829b6cac0956c5b4ebcf58637314a46b6c2ece03a0cc5e2f7d024,1764.286,12.640,2847448,2847448,0,1,0,20,ESP32/cnn_tflite_esp32/reports/20261008T215503505222Z/report.csv,29268
a0348.raw,1,0,255,0,0,1,1778.551,1048576,312380,2,equal,2,519.051,2942888,2942868,0,d6363b289844420f4411e495f8d06bea53b63889725e34719a7715b0b221e805,1766.671,11.880,2847448,2847448,0,1,0,20,ESP32/cnn_tflite_esp32/reports/20261008T215503505222Z/report.csv,29268
a0349.raw,1,0,255,0,0,1,1779.331,1048576,312380,2,equal,2,554.356,2942888,2942868,0,089f8fbd0112bceed7e14b399f4e451b358bed13fb6ce8f40c73f04bf8679614,1767.701,11.630,2847448,2847448,0,1,0,20,ESP32/cnn_tflite_esp32/reports/20261008T215503505222Z/report.csv,29268
a0350.raw,1,0,255,0,0,1,1775.55,1048576,312380,2,equal,2,1372.061,2942888,2942868,0,77fe1433ead78004df1524612979d127833a2fe04af84755819bd890cb2ff2cd,1763.994,11.556,2847448,2847448,0,1,0,20,ESP32/cnn_tflite_esp32/reports/20261008T215503505222Z/report.csv,29268
a0351.raw,1,0,255,0,0,1,1780.504,1048576,312380,2,equal,2,561.763,2942888,2942868,0,349b00d7ec234999a1f5537153515468b35041337d10ce0724c487de63602eca,1768.692,11.812,2847448,2847448,0,1,0,20,ESP32/cnn_tflite_esp32/reports/20261008T215503505222Z/report.csv,29268
a0352.raw,1,0,255,0,0,1,1778.056,1048576,312380,2,equal,2,751.750,2942888,2942888,0,7b8d27149ab3cc500004cd460d94c6bef57d676fb8fa5fd04b3a81cda8018100,1765.690,12.366,2847448,2847448,0,1,0,20,ESP32/cnn_tflite_esp32/reports/20261008T215503505222Z/report.csv,29268
a0353.raw,1,0,255,0,0,1,1778.941,1048576,312380,2,equal,2,530.923,2942888,2942868,0,2bab353e6d9ee82f7f9efa0b0e20ae13804ce1918f898acd8fe6fdfe84c34b88,1767.232,11.709,2847448,2847448,0,1,0,20,ESP32/cnn_tflite_esp32/reports/20261008T215503505222Z/report.csv,29268
a0354.raw,1,0,255,0,0,1,1778.016,1048576,312380,2,equal,2,503.968,2942888,2942888,0,d6506f2ea02427a96a7edb2610d708c09e1b26411dead1e223131da0b50d302c,1766.410,11.606,2847448,2847448,0,1,0,20,ESP32/cnn_tflite_esp32/reports/20261008T215503505222Z/report.csv,29268
a0355.raw,1,0,255,0,0,1,1779.311,1048576,312380,2,equal,2,525.212,2942888,2942868,0,ded65f942a3eb375f430e28008043845734173fba6ccf31e63d4ba6a51c74c93,1767.258,12.053,2847448,2847448,0,1,0,20,ESP32/cnn_tflite_esp32/reports/20261008T215503505222Z/report.csv,29268
a0356.raw,1,0,255,0,0,1,1779.42,1048576,312380,2,equal,2,716.181,2942888,2942868,0,1e608adcb121a9c250d9a94be704653e814afad127f28de2f9e87bdd41e6d0ee,1767.807,11.613,2847448,2847448,0,1,0,20,ESP32/cnn_tflite_esp32/reports/20261008T215503505222Z/report.csv,29268
a0357.raw,1,0,255,0,0,1,1778.953,1048576,312380,2,equal,2,723.453,2942888,2942868,0,38541da6f301df1b2b784561b831e51579bd1941e2de354af29b3c432462521d,1767.265,11.688,2847448,2847448,0,1,0,20,ESP32/cnn_tflite_esp32/reports/20261008T215503505222Z/report.csv,29268
a0358.raw,1,0,255,0,0,1,1779.443,1048576,312380,2,equal,2,610.415,2942888,2942868,0,a483cd4546fceb35ae444801ac8a89dae1370547401d5a773874e587f790555e,1767.772,11.671,2847448,2847448,0,1,0,20,ESP32/cnn_tflite_esp32/reports/20261008T215503505222Z/report.csv,29268
a0359.raw,1,0,255,0,0,1,1779.206,1048576,312380,2,equal,2,622.391,2942888,2942868,0,12c507ee81df736ace7af40e5e80669e5899b4d6bd3ccc0af133d42b68f37466,1767.566,11.640,2847448,2847448,0,1,0,20,ESP32/cnn_tflite_esp32/reports/20261008T215503505222Z/report.csv,29268
a0360.raw,1,0,255,0,0,1,1781.974,1048576,312380,2,equal,2,571.145,2942888,2942868,0,e74653629e34d5479ccf0e3175e99154903b4edbca8631194322d24871937729,1770.075,11.899,2847448,2847448,0,1,0,20,ESP32/cnn_tflite_esp32/reports/20261008T215503505222Z/report.csv,29268
a0361.raw,1,0,255,0,0,1,1779.152,1048576,312380,2,equal,2,515.359,2942888,2942868,0,9bd25a33c94ab0652cbc2b2003dca42a61928bfa47e5cd99f8fcd2301d501d7a,1767.406,11.746,2847448,2847448,0,1,0,20,ESP32/cnn_tflite_esp32/reports/20261008T215503505222Z/report.csv,29268
a0362.raw,1,0,255,0,0,1,1780.663,1048576,312380,2,equal,2,622.283,2942888,2942868,0,3067efb51490690fcbcac5c693b82ad6b59164c974c22585fe7d8767a6e121e6,1768.914,11.749,2847448,2847448,0,1,0,20,ESP32/cnn_tflite_esp32/reports/20261008T215503505222Z/report.csv,29268
a0363.raw,1,0,255,0,0,1,1778.776,1048576,312380,2,equal,2,526.175,2942888,2942868,0,696bad0137070ad812f8d5ab310a8c0f4ee000d44ba0d2a49c2517cae3f25647,1767.055,11.721,2847448,2847448,0,1,0,20,ESP32/cnn_tflite_esp32/reports/20261008T215503505222Z/report.csv,29268
a0364.raw,1,0,255,0,0,1,1779.907,1048576,312380,2,equal,2,499.333,2942888,2942888,0,7ecb6bcf8a6df95fbc11a990d9c4662b49ba2304da9d67d53fb3045ab38219a0,1768.175,11.732,2847448,2847448,0,1,0,20,ESP32/cnn_tflite_esp32/reports/20261008T215503505222Z/report.csv,29268
a0365.raw,1,0,255,0,0,1,1782.789,1048576,312380,2,equal,2,527.087,2942888,2942868,0,e7b9bfb8bf715bd9c7c09f6c49ac7b3f474e53863bd459fae35a8788f3e98501,1771.122,11.667,2847448,2847448,0,1,0,20,ESP32/cnn_tflite_esp32/reports/20261008T215503505222Z/report.csv,29268
a0366.raw,1,0,255,0,0,1,1781.486,1048576,312380,2,equal,2,524.075,2942888,2942868,0,844dd97c256502be6c442608a3092255a68dfd50d3b32c0f9f421ed10d87e9c8,1769.841,11.645,2847448,2847448,0,1,0,20,ESP32/cnn_tflite_esp32/reports/20261008T215503505222Z/report.csv,29268
a0367.raw,1,0,255,0,0,1,1780.92,1048576,312380,2,equal,2,521.148,2942888,2942868,0,9912ce4c14cb0cfc024f92b0c08c1ce76686f32d84a2fe70dd844130dbda861f,1769.289,11.631,2847448,2847448,0,1,0,20,ESP32/cnn_tflite_esp32/reports/20261008T215503505222Z/report.csv,29268
a0368.raw,1,0,255,0,0,1,1778.449,1048576,312380,2,equal,2,500.361,2942888,2942896,8,5d037d7323015938d8d4a9fcff599d3df668eca6278064326d3071afa6ee5c13,1766.805,11.644,2847448,2847448,0,1,0,20,ESP32/cnn_tflite_esp32/reports/20261008T215503505222Z/report.csv,29268
a0369.raw,1,0,255,0,0,1,1781.541,1048576,312380,2,equal,2,507.149,2942888,2942888,0,7c5ce73037e3de016ea1431d103d7fcb1cef8a171193f2841510627d8a070b1a,1769.927,11.614,2847448,2847448,0,1,0,20,ESP32/cnn_tflite_esp32/reports/20261008T215503505222Z/report.csv,29268
a0370.raw,1,0,255,0,0,1,1779.785,1048576,312380,2,equal,2,521.542,2942888,2942868,0,55b1383de7d08ddf21d6c8a42c1da668ba0a36d6999a2c71eb5b334e927d11ff,1768.149,11.636,2847448,2847448,0,1,0,20,ESP32/cnn_tflite_esp32/reports/20261008T215503505222Z/report.csv,29268
a0371.raw,1,0,255,0,0,1,1780.716,1048576,312380,2,equal,2,508.229,2942888,2942888,0,4b9488248e406a16f858c746b2bb30db8128ffc2fff0174228c449563e4aa0f3,1769.114,11.602,2847448,2847448,0,1,0,20,ESP32/cnn_tflite_esp32/reports/20261008T215503505222Z/report.csv,29268
a0372.raw,1,0,255,0,0,1,1783.256,1048576,312380,2,equal,2,508.111,2942888,2942888,0,58b0d1ef9ca5f14e58f5b8c292540ef3949c91be9e9b45e2cd3b9e09b35ddbb9,1771.293,11.963,2847448,2847448,0,1,0,20,ESP32/cnn_tflite_esp32/reports/20261008T215503505222Z/report.csv,29268
a0373.raw,1,0,255,0,0,1,1782.881,1048576,312380,2,equal,2,507.985,2680744,2680724,0,56a3368ecb3550fe6155f4512676a31ca56f9922a4a0ea702e4b3191d585274f,1771.215,11.666,2585304,2585304,0,1,0,20,ESP32/cnn_tflite_esp32/reports/20261008T215503505222Z/report.csv,29268
a0374.raw,1,0,255,0,0,1,1780.597,1048576,312380,2,equal,2,492.905,2680744,2680744,0,ddee492022ba4bd32d00fc5fcc085980d92cb95bf8f6991e014a34fdd5f8d45e,1768.958,11.639,2585304,2585304,0,1,0,20,ESP32/cnn_tflite_esp32/reports/20261008T215503505222Z/report.csv,29268
a0375.raw,1,0,255,0,0,1,1780.533,1048576,312380,2,equal,2,514.979,2680744,2680724,0,cf663798a8c1d46cf5e56b58aa2a00a4d9eeb0702038463e035f955ca3eab0d4,1768.855,11.678,2585304,2585304,0,1,0,20,ESP32/cnn_tflite_esp32/reports/20261008T215503505222Z/report.csv,29268
a0376.raw,1,0,255,0,0,1,1769.463,1048576,312380,2,equal,2,553.981,2680744,2680724,0,ff50da56168fe62586182773203ad3f9ebb47fec99ec7fbf7a9399b0c0a8620d,1757.806,11.657,2585304,2585304,0,1,0,20,ESP32/cnn_tflite_esp32/reports/20261008T215503505222Z/report.csv,29268
a0377.raw,1,0,255,0,0,1,1769.357,1048576,312380,2,equal,2,504.487,2680744,2680744,0,fce2a46b2170cd187074911b91b48595964d05530b0b66d22ef74e718c13d210,1757.683,11.674,2585304,2585304,0,1,0,20,ESP32/cnn_tflite_esp32/reports/20261008T215503505222Z/report.csv,29268
a0378.raw,1,0,255,0,0,1,1777.814,1048576,312380,2,equal,2,523.758,2680744,2680724,0,6078394d22d4e36e223cc8e83ab83daeb9d12a7a023156379411459aceec90db,1766.182,11.632,2585304,2585304,0,1,0,20,ESP32/cnn_tflite_esp32/reports/20261008T215503505222Z/report.csv,29268
a0379.raw,1,0,255,0,0,1,1772.632,1048576,312380,2,equal,2,744.183,2680744,2680744,0,4ce8b1ee27b78017a8d279d9764fc369add7c5522ac3a6f40de4ba4342ea6d23,1760.966,11.666,2585304,2585304,0,1,0,20,ESP32/cnn_tflite_esp32/reports/20261008T215503505222Z/report.csv,29268
a0380.raw,1,0,255,0,0,1,1775.808,1048576,312380,2,equal,2,762.433,2680744,2680724,0,d8bc7dccea81ac1354c341182f6119d63a866f25f8a960ebe438578b39c3e98a,1764.018,11.790,2585304,2585304,0,1,0,20,ESP32/cnn_tflite_esp32/reports/20261008T215503505222Z/report.csv,29268
a0381.raw,1,0,255,0,0,1,1774.723,1048576,312380,2,equal,2,503.030,2680744,2680744,0,8ee77fb7ca1f4a3f1486804b0b002554990cb8e6e07e897715999af00f5b4f66,1763.100,11.623,2585304,2585304,0,1,0,20,ESP32/cnn_tflite_esp32/reports/20261008T215503505222Z/report.csv,29268
a0382.raw,1,0,255,0,0,1,1775.828,1048576,312380,2,equal,2,491.021,2680744,2680744,0,90f44fb7d805c9868adf7e020eac3ffe12890dbce9c05ab21bf780ee6ba681bc,1764.202,11.626,2585304,2585304,0,1,0,20,ESP32/cnn_tflite_esp32/reports/20261008T215503505222Z/report.csv,29268
a0383.raw,1,0,255,0,0,1,1776.507,1048576,312380,2,equal,2,559.813,2680744,2680724,0,a658282b2fb56280c1a2bae3cefded7fbccce1552336c36f29aad4c3dd7fd9d0,1764.913,11.594,2585304,2585304,0,1,0,20,ESP32/cnn_tflite_esp32/reports/20261008T215503505222Z/report.csv,29268
a0384.raw,1,1,255,0,0,1,1773.891,1048576,312380,2,equal,2,514.121,2680744,2680724,0,21f27c7212e43cb372e4e4831db66a2d09ec2305f06a5ed8aee9327c5e3bdedf,1762.219,11.672,2585304,2585304,0,1,0,20,ESP32/cnn_tflite_esp32/reports/20261008T215503505222Z/report.csv,29268
a0385.raw,1,227,29,1,0,0,1772.847,1048576,312380,2,equal,2,495.384,2680744,2680744,0,051e25bb11fb65d28fa9cb2a025bc3a7da485744c30f52110c03790f52cfe323,1761.082,11.765,2585304,2585304,0,1,0,20,ESP32/cnn_tflite_esp32/reports/20261008T215503505222Z/report.csv,29268
a0386.raw,1,1,255,0,0,1,1780.339,1048576,312380,2,equal,2,505.683,2680744,2680724,0,498a2bca209ff5f9d5ed494d732356086799c2e694e9af63c684d9b8e39eef90,1768.621,11.718,2585304,2585304,0,1,0,20,ESP32/cnn_tflite_esp32/reports/20261008T215503505222Z/report.csv,29268
a0387.raw,1,2,254,0,0,1,1780.692,1048576,312380,2,equal,2,494.233,2680728,2680744,16,9c5ed9f3d5aee051cf6698bb691b789d9f13fe9c618370b0c732c8bd477d086a,1768.892,11.800,2585304,2585304,0,1,0,20,ESP32/cnn_tflite_esp32/reports/20261008T215503505222Z/report.csv,29268
a0388.raw,1,2,254,0,0,1,1780.479,1048576,312380,2,equal,2,492.058,2680744,2680744,0,800f1b88cebce91800fa0fb540e61a011df1c38f0a48b9699accf90066d8d332,1768.846,11.633,2585304,2585304,0,1,0,20,ESP32/cnn_tflite_esp32/reports/20261008T215503505222Z/report.csv,29268
a0389.raw,1,0,255,0,0,1,1778.309,1048576,312380,2,equal,2,516.171,2680744,2680724,0,910d375e64fc9ccdf8d37a3fe5ec82218066817fac54027a32945fd43d2d7189,1766.679,11.630,2585304,2585304,0,1,0,20,ESP32/cnn_tflite_esp32/reports/20261008T215503505222Z/report.csv,29268
a0390.raw,1,4,252,0,0,1,1774.281,1048576,312380,2,equal,2,522.611,2680744,2680724,0,c174f4ad9300ce0d5f0ac3f384806b2f6d4996135b15648ea1f495ab829e759a,1762.656,11.625,2585304,2585304,0,1,0,20,ESP32/cnn_tflite_esp32/reports/20261008T215503505222Z/report.csv,29268
a0391.raw,1,98,158,0,0,1,1782.062,1048576,312380,2,equal,2,510.170,2680744,2680724,0,972f291253b307b05eb6fb15017fb5a038f85efc01fdcb7a90babf5edd7f707b,1770.352,11.710,2585304,2585304,0,1,0,20,ESP32/cnn_tflite_esp32/reports/20261008T215503505222Z/report.csv,29268
a0392.raw,1,1,255,0,0,1,1778.267,1048576,312380,2,equal,2,498.767,2680744,2680744,0,ff2d473f38250ad009ae1885dae45779c9a0a8f2f64be38e2bbd76d93f866f7a,1766.567,11.700,2585304,2585304,0,1,0,20,ESP32/cnn_tflite_esp32/reports/20261008T215503505222Z/report.csv,29268
a0393.raw,1,0,255,0,0,1,1779.514,1048576,312380,2,equal,2,507.216,2680744,2680724,0,eb0ed8c998781f70b07085fb20b03fcd261cbcf12e2c6193cf5bba71d3be3ccb,1767.843,11.671,2585304,2585304,0,1,0,20,ESP32/cnn_tflite_esp32/reports/20261008T215503505222Z/report.csv,29268
a0394.raw,1,1,255,0,0,1,1777.015,1048576,312380,2,equal,2,495.987,2680744,2680744,0,a40208c146ad1b144d5cc7f5292ac3c281403b78e3f962f55a3a410a58ccfd05,1765.393,11.622,2585304,2585304,0,1,0,20,ESP32/cnn_tflite_esp32/reports/20261008T215503505222Z/report.csv,29268
a0395.raw,1,0,255,0,0,1,1775.784,1048576,312380,2,equal,2,496.511,2680744,2680744,0,e99f5f4565aa1d91d461fe5f20862d875773c7abd84a154f04ec914f79286175,1764.087,11.697,2585304,2585304,0,1,0,20,ESP32/cnn_tflite_esp32/reports/20261008T215503505222Z/report.csv,29268
a0396.raw,1,0,255,0,0,1,1779.503,1048576,312380,2,equal,2,488.366,2680744,2680744,0,ca490b826bdb87c07f186f63747397ed7c4c5c18ffa858739e548353ef793b04,1767.691,11.812,2585304,2585304,0,1,0,20,ESP32/cnn_tflite_esp32/reports/20261008T215503505222Z/report.csv,29268
a0397.raw,1,2,254,0,0,1,1778.441,1048576,312380,2,equal,2,503.029,2680744,2680744,0,3db4e25182dc95407018ebe57063094a1953b636eaa778d1cfba6184c65ab499,1766.772,11.669,2585304,2585304,0,1,0,20,ESP32/cnn_tflite_esp32/reports/20261008T215503505222Z/report.csv,29268
a0398.raw,1,0,255,0,0,1,1778.379,1048576,312380,2,equal,2,512.324,2680744,2680724,0,28b1caf5d95f61dab78ed027f37f7557481c73331ac0ad27fb970a6453a96c06,1766.760,11.619,2585304,2585304,0,1,0,20,ESP32/cnn_tflite_esp32/reports/20261008T215503505222Z/report.csv,29268
a0399.raw,1,0,255,0,0,1,1779.144,1048576,312380,2,equal,2,540.145,2680744,2680724,0,948bd825dd3396d31d2c0f2a70526225d063f328683ae794ad10c8e57ed03b81,1767.536,11.608,2585304,2585304,0,1,0,20,ESP32/cnn_tflite_esp32/reports/20261008T215503505222Z/report.csv,29268
a0400.raw,1,0,255,0,0,1,1781.24,1048576,312380,2,equal,2,540.036,2680744,2680724,0,3fdcf1d5882d3d04f15787f46ac9ccc1c614de0409d1244748ad2c67f09533d8,1769.598,11.642,2585304,2585304,0,1,0,20,ESP32/cnn_tflite_esp32/reports/20261008T215503505222Z/report.csv,29268
a0401.raw,1,0,255,0,0,1,1778.684,1048576,312380,2,equal,2,527.686,2680744,2680724,0,660ebda2a650afca154adf135633d8cc72a5c9975d36a190e5dee78d0d049ff5,1767.005,11.679,2585304,2585304,0,1,0,20,ESP32/cnn_tflite_esp32/reports/20261008T215503505222Z/report.csv,29268
a0402.raw,1,0,255,0,0,1,1781.077,1048576,312380,2,equal,2,524.039,2680744,2680724,0,3865bd0d3dec9a2fce862869865b3d15423eea4055ea53165b87ddee5821d5d6,1769.440,11.637,2585304,2585304,0,1,0,20,ESP32/cnn_tflite_esp32/reports/20261008T215503505222Z/report.csv,29268
a0403.raw,1,0,255,0,0,1,1776.515,1048576,312380,2,equal,2,559.402,2680744,2680732,0,f61fd938e60126fb75f1b6adb8e44ea80165db905250adb5bfff33e0c0c60b81,1764.893,11.622,2585304,2585304,0,1,0,20,ESP32/cnn_tflite_esp32/reports/20261008T215503505222Z/report.csv,29268
a0404.raw,1,0,255,0,0,1,1779.363,1048576,312380,2,equal,2,561.797,2680744,2680724,0,fd25ad18661bedf52ea57baa9006b790cdcd4c926f0792f53bee622470aa0a57,1767.593,11.770,2585304,2585304,0,1,0,20,ESP32/cnn_tflite_esp32/reports/20261008T215503505222Z/report.csv,29268
a0405.raw,1,0,255,0,0,1,1777.472,1048576,312380,2,equal,2,569.486,2680744,2680732,0,a0b0547f5c20725ab3827b1b056e4c345497ee3595425d2ce85c0028adfda1a2,1765.811,11.661,2585304,2585304,0,1,0,20,ESP32/cnn_tflite_esp32/reports/20261008T215503505222Z/report.csv,29268
a0406.raw,1,0,255,0,0,1,1779.992,1048576,312380,2,equal,2,559.198,2680744,2680724,0,49eca324b2ec9c0782ad421fa6b19975f340e93b753c69e20cac3ecc3d44e9b5,1768.346,11.646,2585304,2585304,0,1,0,20,ESP32/cnn_tflite_esp32/reports/20261008T215503505222Z/report.csv,29268
a0407.raw,1,0,255,0,0,1,1777.566,1048576,312380,2,equal,2,574.746,2680744,2680724,0,cedf7b7a6a38ae257e5c6076ef43ad2d3c711b72a52fd5a36344665bf20c5ae9,1765.863,11.703,2585304,2585304,0,1,0,20,ESP32/cnn_tflite_esp32/reports/20261008T215503505222Z/report.csv,29268
a0408.raw,1,0,255,0,0,1,1775.978,1048576,312380,2,equal,2,676.476,2680744,2680724,0,8742d18bacbd272b677175f30dc8894a3292c28b963f0ba6c4664945ed9dca9a,1764.363,11.615,2585304,2585304,0,1,0,20,ESP32/cnn_tflite_esp32/reports/20261008T215503505222Z/report.csv,29268
a0409.raw,1,1,255,0,0,1,1782.202,1048576,312380,2,equal,2,538.591,2680744,2680724,0,be73741b6b742afe6845e1259e7eaac7a29a147ca744f00dde8064026b222093,1770.555,11.647,2585304,2585304,0,1,0,20,ESP32/cnn_tflite_esp32/reports/20261008T215503505222Z/report.csv,29268
a0410.raw,1,0,255,0,0,1,1778.061,1048576,312380,2,equal,2,1273.342,2680744,2680724,0,a26feb86d1671bed0c1e68982f3a170aa66ab09a4c2b044991c5937579b9a429,1766.495,11.566,2585304,2585304,0,1,0,20,ESP32/cnn_tflite_esp32/reports/20261008T215503505222Z/report.csv,29268
a0411.raw,1,0,255,0,0,1,1777.028,1048576,312380,2,equal,2,506.601,2680744,2680744,0,2cbd9c9177e133c308b63ada5421f8caa17e043b6cc07525a7233a3b374089b6,1765.387,11.641,2585304,2585304,0,1,0,20,ESP32/cnn_tflite_esp32/reports/20261008T215503505222Z/report.csv,29268
a0412.raw,1,0,255,0,0,1,1779.721,1048576,312380,2,equal,2,831.617,2680744,2680724,0,fd2ee6108ac8d6b9a0377b079f7b3c50819550fa0511a2e662b70947dbe2673c,1768.066,11.655,2585304,2585304,0,1,0,20,ESP32/cnn_tflite_esp32/reports/20261008T215503505222Z/report.csv,29268
a0413.raw,1,0,255,0,0,1,1779.764,1048576,312380,2,equal,2,2304.539,2680744,2680724,0,543338c17701536d713c9f9a70f0f61702ddd6050105325b5433f8c741400b59,1768.135,11.629,2585304,2585304,0,1,0,20,ESP32/cnn_tflite_esp32/reports/20261008T215503505222Z/report.csv,29268
a0414.raw,1,0,255,0,0,1,1776.041,1048576,312380,2,equal,2,513.313,2680744,2680724,0,0111ee1b5b13a52ea724b0946a732718ecf1b4ec2fd1580cd3e5e3626ee9adbe,1764.387,11.654,2585304,2585304,0,1,0,20,ESP32/cnn_tflite_esp32/reports/20261008T215503505222Z/report.csv,29268
a0415.raw,1,1,255,0,0,1,1776.071,1048576,312380,2,equal,2,505.958,2680744,2680724,0,ff982d9bec914c1f4ad34daaacd1426e49668e5884135ea2782109c0fab7f855,1764.427,11.644,2585304,2585304,0,1,0,20,ESP32/cnn_tflite_esp32/reports/20261008T215503505222Z/report.csv,29268
a0416.raw,1,71,185,0,0,1,1774.349,1048576,312380,2,equal,2,1345.342,2680744,2680732,0,1ecc31ec1b6a22d9853a3bf42799f701ba8ff867cca0c37526e64c89e9e7ffb0,1762.796,11.553,2585304,2585304,0,1,0,20,ESP32/cnn_tflite_esp32/reports/20261008T215503505222Z/report.csv,29268
a0417.raw,1,2,254,0,0,1,1778.626,1048576,312380,2,equal,2,1379.047,2680744,2680720,0,d85786e3c3f7ba0b9a796433fc1a8471b5a0cfc01ac32b1f6f79382839747103,1767.039,11.587,2585304,2585304,0,1,0,20,ESP32/cnn_tflite_esp32/reports/20261008T215503505222Z/report.csv,29268
a0418.raw,1,44,212,0,0,1,1778.852,1048576,312380,2,equal,2,1935.866,2680744,2680724,0,37c5fd42bafac4a91cb6daabb9eb2c7aa0bbeed77945c008fd554ab78cb68be9,1766.984,11.868,2585304,2585304,0,1,0,20,ESP32/cnn_tflite_esp32/reports/20261008T215503505222Z/report.csv,29268
a0419.raw,1,0,255,0,0,1,1779.835,1048576,312380,2,equal,2,1264.319,2680744,2680724,0,cee1f421b4ce9c397696e53bde12095f3220e9cfa8405d183880988e7e24a259,1768.092,11.743,2585304,2585304,0,1,0,20,ESP32/cnn_tflite_esp32/reports/20261008T215503505222Z/report.csv,29268
a0420.raw,1,0,255,0,0,1,1785.788,1048576,312380,2,equal,2,526.924,2680744,2680724,0,b5cd4da77c501f1ff573043d770ba0753df331815715cbcc9e57123f4508c662,1774.180,11.608,2585304,2585304,0,1,0,20,ESP32/cnn_tflite_esp32/reports/20261008T215503505222Z/report.csv,29268
a0421.raw,1,0,255,0,0,1,1779.464,1048576,312380,2,equal,2,506.851,2680744,2680744,0,f9bc3d4bf1956f4d8a1e26c06fd4caceba86c8ae5ba1c3e618dd1112937821b4,1767.804,11.660,2585304,2585304,0,1,0,20,ESP32/cnn_tflite_esp32/reports/20261008T215503505222Z/report.csv,29268
a0422.raw,1,0,255,0,0,1,1784.117,1048576,312380,2,equal,2,544.132,2680744,2680724,0,ab909b66953a2bc9ecf2dbec36e1ac4d73fb2b8a575cef97313bfaf5b019d3db,1772.253,11.864,2585304,2585304,0,1,0,20,ESP32/cnn_tflite_esp32/reports/20261008T215503505222Z/report.csv,29268
a0423.raw,1,1,255,0,0,1,1782.433,1048576,312380,2,equal,2,1678.621,2680744,2680724,0,35f3ea05760b36edb9bd7d18745dcc9982b29ec32e3f70a3efb40d1171748874,1770.819,11.614,2585304,2585304,0,1,0,20,ESP32/cnn_tflite_esp32/reports/20261008T215503505222Z/report.csv,29268
a0424.raw,1,0,255,0,0,1,1779.952,1048576,312380,2,equal,2,517.670,2680744,2680724,0,0911a391791711cdaaff94e03295e5f5d6afa56ce20276fe8cd74070b447b476,1768.337,11.615,2585304,2585304,0,1,0,20,ESP32/cnn_tflite_esp32/reports/20261008T215503505222Z/report.csv,29268
a0425.raw,1,0,255,0,0,1,1778.147,1048576,312380,2,equal,2,519.056,2680764,2680724,0,9945a3715ad46264752169ca81deea11d099353e9012f2a5139a0b7c3c58b791,1766.442,11.705,2585304,2585304,0,1,0,20,ESP32/cnn_tflite_esp32/reports/20261008T215503505222Z/report.csv,29268
a0426.raw,1,0,255,0,0,1,1770.555,1048576,312380,2,equal,2,530.579,2680744,2680724,0,100e54acebceb23ad23c8a6675ae75172a9082cd7265e062286e873dd0bd2a4e,1758.828,11.727,2585304,2585304,0,1,0,20,ESP32/cnn_tflite_esp32/reports/20261008T215503505222Z/report.csv,29268
a0427.raw,1,0,255,0,0,1,1776.003,1048576,312380,2,equal,2,2094.425,2680744,2680728,0,70f8cf61bbf99c7cdda78f945d973a9d998ab0d1a9918d340271edaac3674a5a,1764.370,11.633,2585304,2585304,0,1,0,20,ESP32/cnn_tflite_esp32/reports/20261008T215503505222Z/report.csv,29268
a0428.raw,1,0,255,0,0,1,1779.431,1048576,312380,2,equal,2,547.958,2680728,2680724,0,1fb46d7e4170ee729093941a0a589db260687a8aa86462456bb750fec65889ab,1767.766,11.665,2585304,2585304,0,1,0,20,ESP32/cnn_tflite_esp32/reports/20261008T215503505222Z/report.csv,29268
a0429.raw,1,0,255,0,0,1,1778.037,1048576,312380,2,equal,2,512.724,2680744,2680744,0,4b66b6ba067f539f44d17c82e988a29b2ebaf8c0d30f2216b1b188ccae59631f,1766.449,11.588,2585304,2585304,0,1,0,20,ESP32/cnn_tflite_esp32/reports/20261008T215503505222Z/report.csv,29268
a0430.raw,1,0,255,0,0,1,1779.573,1048576,312380,2,equal,2,1275.461,2680744,2680724,0,04fbc064ddf801b1d8e47f2bbb274b1632a8035ad0da6f8dc9dc019d4843b274,1767.935,11.638,2585304,2585304,0,1,0,20,ESP32/cnn_tflite_esp32/reports/20261008T215503505222Z/report.csv,29268
a0431.raw,1,0,255,0,0,1,1782.544,1048576,312380,2,equal,2,1618.700,2680744,2680724,0,1f4579ceea9747a0c33e3f8b85afef9013332695a07018866c72e40d64f62e54,1770.656,11.888,2585304,2585304,0,1,0,20,ESP32/cnn_tflite_esp32/reports/20261008T215503505222Z/report.csv,29268
a0432.raw,1,0,255,0,0,1,1773.587,1048576,312380,2,equal,2,516.842,2680744,2680724,0,2518c3062d04347fae4a026a63a3723f67a3542c1ec61a4b258c7e54cff031e2,1761.983,11.604,2585304,2585304,0,1,0,20,ESP32/cnn_tflite_esp32/reports/20261008T215503505222Z/report.csv,29268
a0433.raw,1,0,255,0,0,1,1775.037,1048576,312380,2,equal,2,533.383,2680744,2680724,0,de94d41f658f9eb16eb47495c956be4c7f61ed722156e536f0d385982842481e,1763.438,11.599,2585304,2585304,0,1,0,20,ESP32/cnn_tflite_esp32/reports/20261008T215503505222Z/report.csv,29268
a0434.raw,1,191,65,1,0,0,1778.928,1048576,312380,2,equal,2,1105.198,2680744,2680724,0,fd2d871a518bb811df4c2aa612d5660f2e40bb8b7b02a5456a1183851c4eae8e,1767.307,11.621,2585304,2585304,0,1,0,20,ESP32/cnn_tflite_esp32/reports/20261008T215503505222Z/report.csv,29268
a0435.raw,1,0,255,0,0,1,1779.522,1048576,312380,2,equal,2,492.233,2680744,2680744,0,bfbe29ae43000d0c5fe25883da8b3443f28cba73171f86e63c383a3246a67cd3,1767.893,11.629,2585304,2585304,0,1,0,20,ESP32/cnn_tflite_esp32/reports/20261008T215503505222Z/report.csv,29268
a0436.raw,1,1,255,0,0,1,1778.671,1048576,312380,2,equal,2,500.933,2680744,2680744,0,8bfe8274215bd87887ad6c9b55fbe99ce28ce6faa86ef6d79f7bfd96dcc05306,1767.043,11.628,2585304,2585304,0,1,0,20,ESP32/cnn_tflite_esp32/reports/20261008T215503505222Z/report.csv,29268
a0437.raw,1,0,255,0,0,1,1778.011,1048576,312380,2,equal,2,504.304,2680744,2680744,0,eb229f90f9c6c71d42449885bd19b265d86fff326d183c289fb7b1bddcdc7754,1766.388,11.623,2585304,2585304,0,1,0,20,ESP32/cnn_tflite_esp32/reports/20261008T215503505222Z/report.csv,29268
a0438.raw,1,0,255,0,0,1,1776.375,1048576,312380,2,equal,2,539.101,2680744,2680724,0,0021fb2a18c160019dc29e6d8f2ce800b5c218d3fad5e7b52c7008ebeb2d29b1,1764.699,11.676,2585304,2585304,0,1,0,20,ESP32/cnn_tflite_esp32/reports/20261008T215503505222Z/report.csv,29268
a0439.raw,1,1,255,0,0,1,1779.224,1048576,312380,2,equal,2,515.160,2680744,2680724,0,ee70dc4053630b6242b740c60eabaab8e6490b015a09074a5c39a66425388192,1767.581,11.643,2585304,2585304,0,1,0,20,ESP32/cnn_tflite_esp32/reports/20261008T215503505222Z/report.csv,29268
a0440.raw,1,0,255,0,0,1,1777.876,1048576,312380,2,equal,2,529.818,2680744,2680724,0,22110bc28ab3e2703949ef36b7429d463086101c9f5cee244d3c7cbe67f706dc,1766.283,11.593,2585304,2585304,0,1,0,20,ESP32/cnn_tflite_esp32/reports/20261008T215503505222Z/report.csv,29268
a0441.raw,1,0,255,0,0,1,1780.631,1048576,312380,2,equal,2,544.948,2680744,2680724,0,2f9e2ce9e538db89f167e8a9d2c1667780cb420cf5ac5b83264ec24522cd08d1,1769.009,11.622,2585304,2585304,0,1,0,20,ESP32/cnn_tflite_esp32/reports/20261008T215503505222Z/report.csv,29268
a0442.raw,1,0,255,0,0,1,1773.152,1048576,312380,2,equal,2,552.106,2680744,2680724,0,29e0a658c4f6e5b700d2874beae18ab5f3f766d8a2124e45f43e955851a6df2a,1761.227,11.925,2585304,2585304,0,1,0,20,ESP32/cnn_tflite_esp32/reports/20261008T215503505222Z/report.csv,29268
a0443.raw,1,0,255,0,0,1,1779.789,1048576,312380,2,equal,2,515.916,2680744,2680724,0,07c3497f7b25cf1abdaaa59a2f5fa91ccd5490b40bdd4486c1c93fd8cbabd85e,1768.067,11.722,2585304,2585304,0,1,0,20,ESP32/cnn_tflite_esp32/reports/20261008T215503505222Z/report.csv,29268
a0444.raw,1,0,255,0,0,1,1772.476,1048576,312380,2,equal,2,623.857,2680744,2680724,0,2a4f654880b87943df8dccae6f4c9bf0203813bdccf749e1ba5da42e3b54b71c,1760.745,11.731,2585304,2585304,0,1,0,20,ESP32/cnn_tflite_esp32/reports/20261008T215503505222Z/report.csv,29268
a0445.raw,1,0,255,0,0,1,1781.466,1048576,312380,2,equal,2,517.442,2680744,2680724,0,4633c4ba52976189a50b44675312f2790755a89e591a844875463ea2dcea4436,1769.897,11.569,2585304,2585304,0,1,0,20,ESP32/cnn_tflite_esp32/reports/20261008T215503505222Z/report.csv,29268
a0446.raw,1,0,255,0,0,1,1774.75,1048576,312380,2,equal,2,508.124,2680744,2680744,0,c6345fd71a2028acdde5040b7501f7b14170bfb370cf58fc762451338d3ec269,1763.049,11.701,2585304,2585304,0,1,0,20,ESP32/cnn_tflite_esp32/reports/20261008T215503505222Z/report.csv,29268
a0447.raw,1,0,255,0,0,1,1777.576,1048576,312380,2,equal,2,1870.757,2680744,2680720,0,052191419b88033ce1d1c8d213dd5776c0882313780afeeeea6d6719372ec6dc,1765.919,11.657,2585304,2585304,0,1,0,20,ESP32/cnn_tflite_esp32/reports/20261008T215503505222Z/report.csv,29268
a0448.raw,1,0,255,0,0,1,1780.026,1048576,312380,2,equal,2,529.318,2680744,2680724,0,89d8ef3bb3da03440c12308f5c17e6a80e8d3c633e2aec45ad2a8351b17036f2,1768.443,11.583,2585304,2585304,0,1,0,20,ESP32/cnn_tflite_esp32/reports/20261008T215503505222Z/report.csv,29268
a0449.raw,1,0,255,0,0,1,1767.454,1048576,312380,2,equal,2,538.453,2680744,2680724,0,eaf6ed11e120a7d46ae71cfcb6ff88f3e8adea8a10c14ae8893ecf6a8f94f075,1755.741,11.713,2585304,2585304,0,1,0,20,ESP32/cnn_tflite_esp32/reports/20261008T215503505222Z/report.csv,29268
a0450.raw,1,0,255,0,0,1,1771.489,1048576,312380,2,equal,2,630.997,2680744,2680724,0,ff47bbdebb652967bb7c5d91317321349c1fa07183b31930acfc9a3c879a24a3,1759.821,11.668,2585304,2585304,0,1,0,20,ESP32/cnn_tflite_esp32/reports/20261008T215503505222Z/report.csv,29268
a0451.raw,1,0,255,0,0,1,1774.516,1048576,312380,2,equal,2,1116.191,2680744,2680724,0,e0f1dff2781db1246b48f3c8112b180a134770a9975f49af6832dbbd95ccfcc4,1762.640,11.876,2585304,2585304,0,1,0,20,ESP32/cnn_tflite_esp32/reports/20261008T215503505222Z/report.csv,29268
a0452.raw,1,0,255,0,0,1,1780.297,1048576,312380,2,equal,2,508.387,2680744,2680744,0,647fc44de2986ace32f8824c5a733828fbd0d614aa15123ef19aa7b6ab3dad61,1768.706,11.591,2585304,2585304,0,1,0,20,ESP32/cnn_tflite_esp32/reports/20261008T215503505222Z/report.csv,29268
a0453.raw,1,0,255,0,0,1,1778.482,1048576,312380,2,equal,2,548.693,2680744,2680724,0,865182fd3b9226365146511c355fd3a2f6f11c428e974b83a7e0d39a0bed7397,1766.814,11.668,2585304,2585304,0,1,0,20,ESP32/cnn_tflite_esp32/reports/20261008T215503505222Z/report.csv,29268
a0454.raw,1,0,255,0,0,1,1776.783,1048576,312380,2,equal,2,581.441,2680744,2680724,0,fe9859f81ce303029f8ec67183c7f457558c42756f4119c8e395b3ca22f98180,1764.141,12.642,2585304,2585304,0,1,0,20,ESP32/cnn_tflite_esp32/reports/20261008T215503505222Z/report.csv,29268
a0455.raw,1,0,255,0,0,1,1781.087,1048576,312380,2,equal,2,542.245,2680744,2680724,0,68a47616fbd07b1e55860be8c2d354d7b02ac714290903646669ffd1a88667ea,1769.452,11.635,2585304,2585304,0,1,0,20,ESP32/cnn_tflite_esp32/reports/20261008T215503505222Z/report.csv,29268
a0456.raw,1,0,255,0,0,1,1778.331,1048576,312380,2,equal,2,529.794,2680744,2680724,0,8d99d936942899141cfe9a33b51b93be557f1fb77461aa64dc0a5b0d6e1b16c5,1766.688,11.643,2585304,2585304,0,1,0,20,ESP32/cnn_tflite_esp32/reports/20261008T215503505222Z/report.csv,29268
a0457.raw,1,0,255,0,0,1,1783.482,1048576,312380,2,equal,2,552.364,2680744,2680724,0,16a9e401372f337de313b8f60a7d70888bae7ee904ec213589fb65cf2ef6b38f,1771.935,11.547,2585304,2585304,0,1,0,20,ESP32/cnn_tflite_esp32/reports/20261008T215503505222Z/report.csv,29268
a0458.raw,1,0,255,0,0,1,1780.581,1048576,312380,2,equal,2,2549.170,2680744,2680720,0,9424beeade5def0eff965b08fc995099157930eecd23190837d21b1c4ac55214,1768.800,11.781,2585304,2585304,0,1,0,20,ESP32/cnn_tflite_esp32/reports/20261008T215503505222Z/report.csv,29268
a0459.raw,1,0,255,0,0,1,1782.823,1048576,312380,2,equal,2,1000.130,2680744,2680752,8,c18102d89b027e2d9239d756a1c4996b8aee16abcbd141d149e25e42b8379b96,1771.148,11.675,2585304,2585304,0,1,0,20,ESP32/cnn_tflite_esp32/reports/20261008T215503505222Z/report.csv,29268
a0460.raw,1,0,255,0,0,1,1782.556,1048576,312380,2,equal,2,707.000,2680744,2680724,0,2191f31c4ad51e30112f03a3b4931adc66654a1da494783bcf1ef8129d3bf7d2,1770.887,11.669,2585304,2585304,0,1,0,20,ESP32/cnn_tflite_esp32/reports/20261008T215503505222Z/report.csv,29268
a0461.raw,1,0,255,0,0,1,1779.852,1048576,312380,2,equal,2,589.532,2680744,2680724,0,8739ab2e2550629a9ff454c438208681ca1df441708e7d91d2c83b9b91b29b48,1768.232,11.620,2585304,2585304,0,1,0,20,ESP32/cnn_tflite_esp32/reports/20261008T215503505222Z/report.csv,29268
a0462.raw,1,0,255,0,0,1,1780.845,1048576,312380,2,equal,2,552.686,2680744,2680724,0,c90f7c5cb62a9b7e859d570ba9f5a83b3c317e060f332a62fba732ad4949e802,1769.162,11.683,2585304,2585304,0,1,0,20,ESP32/cnn_tflite_esp32/reports/20261008T215503505222Z/report.csv,29268
a0463.raw,1,0,255,0,0,1,1778.258,1048576,312380,2,equal,2,579.884,2680744,2680724,0,0671b41415d7cabafad7edacd48d43841b8be86793876b00492e947e3d3f3fb6,1766.608,11.650,2585304,2585304,0,1,0,20,ESP32/cnn_tflite_esp32/reports/20261008T215503505222Z/report.csv,29268
a0464.raw,1,0,255,0,0,1,1779.783,1048576,312380,2,equal,2,598.187,2680744,2680724,0,b0058f7bc9613959d71a6ff93d53cb22f82c4f745458ed9f928d3ae24ba26281,1767.880,11.903,2585304,2585304,0,1,0,20,ESP32/cnn_tflite_esp32/reports/20261008T215503505222Z/report.csv,29268
a0465.raw,1,0,255,0,0,1,1778.812,1048576,312380,2,equal,2,544.196,2680744,2680724,0,1744f224aa499f5fd0d2f731742ea3329c25fcbd4b6837d7b5792a14c3a397fb,1766.954,11.858,2585304,2585304,0,1,0,20,ESP32/cnn_tflite_esp32/reports/20261008T215503505222Z/report.csv,29268
a0466.raw,1,0,255,0,0,1,1780.972,1048576,312380,2,equal,2,663.449,2680744,2680724,0,b06ee4f1ff8674d125d49e4c32eacf51251f14ba8b70365bd7f2578b565c26f5,1769.177,11.795,2585304,2585304,0,1,0,20,ESP32/cnn_tflite_esp32/reports/20261008T215503505222Z/report.csv,29268
a0467.raw,1,0,255,0,0,1,1780.486,1048576,312380,2,equal,2,619.183,2680744,2680724,0,ab9eee1de7b04d7f0d184d92c8ae12b295b407e177276447059620bb6b9edaf2,1768.803,11.683,2585304,2585304,0,1,0,20,ESP32/cnn_tflite_esp32/reports/20261008T215503505222Z/report.csv,29268
a0468.raw,1,0,255,0,0,1,1778.535,1048576,312380,2,equal,2,499.402,2680744,2680744,0,6903f811825c206dd9402e924eed48e5be7e8107a2beaa6837a1ad3e83859027,1766.852,11.683,2585304,2585304,0,1,0,20,ESP32/cnn_tflite_esp32/reports/20261008T215503505222Z/report.csv,29268
a0469.raw,1,1,255,0,0,1,1780.822,1048576,312380,2,equal,2,674.103,2680744,2680724,0,8a179374012ec3dfb4b80aaaf22ae86c072385deff679b4c033188c1e495b830,1769.020,11.802,2585304,2585304,0,1,0,20,ESP32/cnn_tflite_esp32/reports/20261008T215503505222Z/report.csv,29268
a0470.raw,1,0,255,0,0,1,1778.062,1048576,312380,2,equal,2,500.869,2680744,2680744,0,3c5f30ddd7193b0fc01d503bd75efb8dda93760811acd8d13cbd9c36c05a50e2,1766.402,11.660,2585304,2585304,0,1,0,20,ESP32/cnn_tflite_esp32/reports/20261008T215503505222Z/report.csv,29268
a0471.raw,1,0,255,0,0,1,1781.145,1048576,312380,2,equal,2,511.059,2680744,2680724,0,c3346dd904a10c77b8a021919630c64beedda511179f185c8ffd7a89d9ac2103,1769.493,11.652,2585304,2585304,0,1,0,20,ESP32/cnn_tflite_esp32/reports/20261008T215503505222Z/report.csv,29268
a0472.raw,1,0,255,0,0,1,1780.326,1048576,312380,2,equal,2,518.890,2680744,2680724,0,a7dab8876048b8ac409a229002f2509e83a187160fbb89e532da2eb00d4c69c6,1768.748,11.578,2585304,2585304,0,1,0,20,ESP32/cnn_tflite_esp32/reports/20261008T215503505222Z/report.csv,29268
a0473.raw,1,0,255,0,0,1,1780.025,1048576,312380,2,equal,2,522.062,2680744,2680724,0,220236267c0da126c98238a0ba245086cf92b754f2f3b259a0d68466f5d97740,1768.316,11.709,2585304,2585304,0,1,0,20,ESP32/cnn_tflite_esp32/reports/20261008T215503505222Z/report.csv,29268
a0474.raw,1,0,255,0,0,1,1779.378,1048576,312380,2,equal,2,546.307,2680744,2680724,0,7687d868ff0e96bc0c1a76b1d613738e016f251118043466bc9fcdc220181374,1767.735,11.643,2585304,2585304,0,1,0,20,ESP32/cnn_tflite_esp32/reports/20261008T215503505222Z/report.csv,29268
a0475.raw,1,0,255,0,0,1,1780.029,1048576,312380,2,equal,2,509.188,2680744,2680744,0,d61c4ea088366601ed00ff7483a069d75612c326fbb5e9e0883601f2f5cfd432,1768.377,11.652,2585304,2585304,0,1,0,20,ESP32/cnn_tflite_esp32/reports/20261008T215503505222Z/report.csv,29268
a0476.raw,1,0,255,0,0,1,1780.124,1048576,312380,2,equal,2,563.614,2680744,2680724,0,9acf2202cd44023e13c483d7b966d2a526b0fd47258d91f3cd06e424a6b53dd7,1768.539,11.585,2585304,2585304,0,1,0,20,ESP32/cnn_tflite_esp32/reports/20261008T215503505222Z/report.csv,29268
a0477.raw,1,5,251,0,0,1,1781.137,1048576,312380,2,equal,2,528.218,2680744,2680724,0,d7c2b2888a1f6dcccc103958971149de7569ec01a77c656c09b48e30efecbd5d,1769.555,11.582,2585304,2585304,0,1,0,20,ESP32/cnn_tflite_esp32/reports/20261008T215503505222Z/report.csv,29268
a0478.raw,1,0,255,0,0,1,1781.266,1048576,312380,2,equal,2,562.072,2680744,2680724,0,6190d4071586058bdebfd7345d832f8f8ab4998e417501bac800a7eb42686f5e,1769.685,11.581,2585304,2585304,0,1,0,20,ESP32/cnn_tflite_esp32/reports/20261008T215503505222Z/report.csv,29268
a0479.raw,1,0,255,0,0,1,1781.634,1048576,312380,2,equal,2,604.233,2680744,2680724,0,3cbcf9e24cde08c25e21227e4c6bafecbcd0ad7fb487ef87c8eddcf0a50c56c3,1770.036,11.598,2585304,2585304,0,1,0,20,ESP32/cnn_tflite_esp32/reports/20261008T215503505222Z/report.csv,29268
a0480.raw,1,1,255,0,0,1,1780.568,1048576,312380,2,equal,2,526.381,2680744,2680724,0,15ad49e3d5caa8518656fb300debacc9eb5637bb6981b797225415322ffc5773,1768.605,11.963,2585304,2585304,0,1,0,20,ESP32/cnn_tflite_esp32/reports/20261008T215503505222Z/report.csv,29268
a0481.raw,1,0,255,0,0,1,1781.857,1048576,312380,2,equal,2,515.569,2680744,2680724,0,31e81a8438586aa54475ae2a111da8122a23dd703728bdd4f1891060476cf7dc,1770.198,11.659,2585304,2585304,0,1,0,20,ESP32/cnn_tflite_esp32/reports/20261008T215503505222Z/report.csv,29268
a0482.raw,1,0,255,0,0,1,1780.148,1048576,312380,2,equal,2,545.249,2680744,2680724,0,e3b46400590a47601749ae3b21534a1a2a9ca8de20215015adc057c0902a3523,1768.559,11.589,2585304,2585304,0,1,0,20,ESP32/cnn_tflite_esp32/reports/20261008T215503505222Z/report.csv,29268
a0483.raw,1,0,255,0,0,1,1781.089,1048576,312380,2,equal,2,567.193,2680744,2680724,0,824eb0134c1688032ed7f4f996e1ebc0fb49b40af28a695f1f1e806e5906e2cd,1769.453,11.636,2585304,2585304,0,1,0,20,ESP32/cnn_tflite_esp32/reports/20261008T215503505222Z/report.csv,29268
a0484.raw,1,0,255,0,0,1,1783.004,1048576,312380,2,equal,2,644.878,2680744,2680724,0,25a93e45a4fa82d57cef65d1623621789b83f18c569b5915b2be4ba25f1adb45,1771.288,11.716,2585304,2585304,0,1,0,20,ESP32/cnn_tflite_esp32/reports/20261008T215503505222Z/report.csv,29268
a0485.raw,1,0,255,0,0,1,1778.218,1048576,312380,2,equal,2,570.235,2680744,2680724,0,f5fd920420c8a1a856872ad100d7d5684857a4c0ffe9798cd2949c2800b93ab7,1766.560,11.658,2585304,2585304,0,1,0,20,ESP32/cnn_tflite_esp32/reports/20261008T215503505222Z/report.csv,29268
a0486.raw,1,0,255,0,0,1,1779.089,1048576,312380,2,equal,2,514.277,2680744,2680724,0,b70923b29039d43ae826117378b34f1c77dab47860eaa0d311b7d036ae38fa99,1767.433,11.656,2585304,2585304,0,1,0,20,ESP32/cnn_tflite_esp32/reports/20261008T215503505222Z/report.csv,29268
a0487.raw,1,0,255,0,0,1,1780.714,1048576,312380,2,equal,2,523.558,2680744,2680724,0,d1e823f7be596e9d0dd7a5817d93ec9fa7f20f7b2ed5500dcbee3ed2c21969d4,1769.061,11.653,2585304,2585304,0,1,0,20,ESP32/cnn_tflite_esp32/reports/20261008T215503505222Z/report.csv,29268
a0488.raw,1,0,255,0,0,1,1775.634,1048576,312380,2,equal,2,532.422,2680744,2680724,0,7a2eb97d71ee7f0a8593359958d8d2ccbe1a0555a1179e3098ffb0ced8efc0cf,1763.986,11.648,2585304,2585304,0,1,0,20,ESP32/cnn_tflite_esp32/reports/20261008T215503505222Z/report.csv,29268
a0489.raw,1,0,255,0,0,1,1771.765,1048576,312380,2,equal,2,501.621,2680744,2680744,0,8d6f4c21cce4eb079802874b56bb13433bdf7f1f7e7377ca21cd56f9c70cdfd6,1759.817,11.948,2585304,2585304,0,1,0,20,ESP32/cnn_tflite_esp32/reports/20261008T215503505222Z/report.csv,29268
a0490.raw,1,0,255,0,0,1,1782.423,1048576,312380,2,equal,2,530.300,2680744,2680724,0,6b05a623b690ebaa4d5683d784fe51b0c1bdc982a3c6f85e1bcf1faef7168338,1770.502,11.921,2585304,2585304,0,1,0,20,ESP32/cnn_tflite_esp32/reports/20261008T215503505222Z/report.csv,29268
a0491.raw,1,0,255,0,0,1,1781.659,1048576,312380,2,equal,2,494.593,2680744,2680744,0,c5c4fcd61a8e6a9b28b10fb47590b81879de414dd8380adc778401c1b074c487,1769.916,11.743,2585304,2585304,0,1,0,20,ESP32/cnn_tflite_esp32/reports/20261008T215503505222Z/report.csv,29268
a0492.raw,1,0,255,0,0,1,1778.079,1048576,312380,2,equal,2,508.427,2680744,2680724,0,8e49bcf4b42635e07c5630af1b532b9ccaae15000ef74622212a52dcc23962a8,1766.367,11.712,2585304,2585304,0,1,0,20,ESP32/cnn_tflite_esp32/reports/20261008T215503505222Z/report.csv,29268
a0493.raw,1,0,255,0,0,1,1777.184,1048576,312380,2,equal,2,524.240,2680744,2680724,0,805ae572432ec883f7c87a8084cd430f4afe458c59a34bfd6f170d88f7a3753f,1765.514,11.670,2585304,2585304,0,1,0,20,ESP32/cnn_tflite_esp32/reports/20261008T215503505222Z/report.csv,29268
a0494.raw,1,0,255,0,0,1,1780.151,1048576,312380,2,equal,2,490.795,2680744,2680744,0,9bd4eb5415c9ab60c69c6a777d3cc124ee8f285efffa2e706a43a18b56f48f73,1768.381,11.770,2585304,2585304,0,1,0,20,ESP32/cnn_tflite_esp32/reports/20261008T215503505222Z/report.csv,29268
a0495.raw,1,0,255,0,0,1,1780.77,1048576,312380,2,equal,2,549.459,2680744,2680724,0,1e11be90d0b95f57ef9d3a324e4a4fa8441ac5801a43a1a346aa23ed13179011,1769.097,11.673,2585304,2585304,0,1,0,20,ESP32/cnn_tflite_esp32/reports/20261008T215503505222Z/report.csv,29268
a0496.raw,1,0,255,0,0,1,1779.781,1048576,312380,2,equal,2,589.779,2680744,2680724,0,42f75e514248665a5241c9864a7d92024a1aa53ad2649f467eb662dc37b2fa99,1768.185,11.596,2585304,2585304,0,1,0,20,ESP32/cnn_tflite_esp32/reports/20261008T215503505222Z/report.csv,29268
a0497.raw,1,0,255,0,0,1,1777.696,1048576,312380,2,equal,2,533.533,2680744,2680724,0,cbf72dc46a328362aaa22f74065290412cec5b01b6dbf65b8305fc9ed7d820c0,1765.950,11.746,2585304,2585304,0,1,0,20,ESP32/cnn_tflite_esp32/reports/20261008T215503505222Z/report.csv,29268
a0498.raw,1,1,255,0,0,1,1780.784,1048576,312380,2,equal,2,539.068,2680744,2680724,0,e9732e61866d77624b91e14789bbecee83bce6d949471190aa90e142bcee6342,1769.130,11.654,2585304,2585304,0,1,0,20,ESP32/cnn_tflite_esp32/reports/20261008T215503505222Z/report.csv,29268
a0499.raw,1,0,255,0,0,1,1776.659,1048576,312380,2,equal,2,1247.340,2680744,2680744,0,fd71d26171379666540d8c530cdd262f891caf8e268aef923035528870a8af47,1764.294,12.365,2585304,2585304,0,1,0,20,ESP32/cnn_tflite_esp32/reports/20261008T215503505222Z/report.csv,29268
a0500.raw,1,1,255,0,0,1,1778.577,1048576,312380,2,equal,2,831.328,2680744,2680724,0,409099f3fd4bf1f4f0754cfb240a5bd5eb5c1d8629c5733e5f529085b5f64820,1767.004,11.573,2585304,2585304,0,1,0,20,ESP32/cnn_tflite_esp32/reports/20261008T215503505222Z/report.csv,29268
a0501.raw,1,0,255,0,0,1,1782.162,1048576,312380,2,equal,2,661.609,2680744,2680724,0,e3a87c26795b9582c3e6507dcffcaed6452ba4aee87c6d9d70ccc1299c99004c,1770.606,11.556,2585304,2585304,0,1,0,20,ESP32/cnn_tflite_esp32/reports/20261008T215503505222Z/report.csv,29268
a0502.raw,1,0,255,0,0,1,1778.247,1048576,312380,2,equal,2,614.832,2680744,2680724,0,c189ccd452927b0bfecbeceea192f73658f29db44d05228653d4c41624848852,1766.669,11.578,2585304,2585304,0,1,0,20,ESP32/cnn_tflite_esp32/reports/20261008T215503505222Z/report.csv,29268
a0503.raw,1,0,255,0,0,1,1780.182,1048576,312380,2,equal,2,562.329,2680744,2680724,0,cb85cfc47e6012c3ba0874d42869858657e582997b181824e343acffc292b5fa,1767.553,12.629,2585304,2585304,0,1,0,20,ESP32/cnn_tflite_esp32/reports/20261008T215503505222Z/report.csv,29268
a0504.raw,1,0,255,0,0,1,1781.152,1048576,312380,2,equal,2,586.954,2680744,2680724,0,ef00ca82062f3d550aa81fb3a2e107c94d7efdbfa913c226d7ec0159c7d45ccc,1769.598,11.554,2585304,2585304,0,1,0,20,ESP32/cnn_tflite_esp32/reports/20261008T215503505222Z/report.csv,29268
a0505.raw,1,0,255,0,0,1,1781.599,1048576,312380,2,equal,2,552.417,2680744,2680724,0,4654eed535d4142df5af4dcfec476551e2c5a11064f5353d941b8cca8b0589f6,1769.726,11.873,2585304,2585304,0,1,0,20,ESP32/cnn_tflite_esp32/reports/20261008T215503505222Z/report.csv,29268
a0506.raw,1,1,255,0,0,1,1778.694,1048576,312380,2,equal,2,647.205,2680744,2680724,0,08a6fb7c71ddc35c15238ca675b396b95dd81ef8f018e385f5713fffb64a31bd,1767.072,11.622,2585304,2585304,0,1,0,20,ESP32/cnn_tflite_esp32/reports/20261008T215503505222Z/report.csv,29268
a0507.raw,1,0,255,0,0,1,1777.784,1048576,312380,2,equal,2,732.072,2680744,2680724,0,420b47ae46de24c8825125cf43faa433c16d240b74cfecc98748cfadaec15d4d,1766.101,11.683,2585304,2585304,0,1,0,20,ESP32/cnn_tflite_esp32/reports/20261008T215503505222Z/report.csv,29268
a0508.raw,1,0,255,0,0,1,1778.228,1048576,312380,2,equal,2,1353.927,2680744,2680724,0,014c384356189a1aeeadb997a5f600b72fb952899b6089cb2e1f4dc3b8bb4465,1766.426,11.802,2585304,2585304,0,1,0,20,ESP32/cnn_tflite_esp32/reports/20261008T215503505222Z/report.csv,29268
a0509.raw,1,0,255,0,0,1,1778.674,1048576,312380,2,equal,2,1959.666,2680744,2680724,0,3aa1b74ee99b796231301fab763fb894b7ab0f74781a8f0e9bc8bea360e85e12,1767.116,11.558,2585304,2585304,0,1,0,20,ESP32/cnn_tflite_esp32/reports/20261008T215503505222Z/report.csv,29268
a0510.raw,1,24,232,0,0,1,1780.639,1048576,312380,2,equal,2,990.617,2680744,2680744,0,c3e852bb0687ce9e4a43b99d36b6b3f2a0e6cc2a75b3b98965c4995939ec8a27,1769.001,11.638,2585304,2585304,0,1,0,20,ESP32/cnn_tflite_esp32/reports/20261008T215503505222Z/report.csv,29268
a0511.raw,1,0,255,0,0,1,1779.881,1048576,312380,2,equal,2,1030.967,2680744,2680732,0,97eecef8bf68ec3e532116a09b2ce4ecec0f408866efb8a2269a003fdafbe53e,1768.277,11.604,2585304,2585304,0,1,0,20,ESP32/cnn_tflite_esp32/reports/20261008T215503505222Z/report.csv,29268
a0512.raw,1,0,255,0,0,1,1775.166,1048576,312380,2,equal,2,819.694,2680744,2680724,0,d1f0fe1197e83a86bbe9236289f00e37dd6411de252d030453483b12aa335159,1763.524,11.642,2585304,2585304,0,1,0,20,ESP32/cnn_tflite_esp32/reports/20261008T215503505222Z/report.csv,29268
a0513.raw,1,0,255,0,0,1,1778.941,1048576,312380,2,equal,2,693.016,2680744,2680724,0,03033e0a7ab9a75f772b9e7ac5f8d31e3ce0f8f0e9958fe9ab1dd8e6fb3e2ec7,1767.351,11.590,2585304,2585304,0,1,0,20,ESP32/cnn_tflite_esp32/reports/20261008T215503505222Z/report.csv,29268
a0514.raw,1,0,255,0,0,1,1777.287,1048576,312380,2,equal,2,1055.828,2680744,2680724,0,48a603dabc93b0ced16f606dd98b675f44c8048342a92aab2fc8105319d2651b,1765.605,11.682,2585304,2585304,0,1,0,20,ESP32/cnn_tflite_esp32/reports/20261008T215503505222Z/report.csv,29268
a0515.raw,1,4,252,0,0,1,1771.603,1048576,312380,2,equal,2,835.765,2680744,2680724,0,97aa44c346c5b64d1fd748d2a2b65e2c0f717ad2d7145ba72d0526eecb811e9a,1760.007,11.596,2585304,2585304,0,1,0,20,ESP32/cnn_tflite_esp32/reports/20261008T215503505222Z/report.csv,29268
a0516.raw,1,0,255,0,0,1,1769.046,1048576,312380,2,equal,2,676.443,2680744,2680724,0,681600caf154312ca1e3884be49ca4940f3b0f79a90fb2caa7cc9716c2f57fa6,1756.260,12.786,2585304,2585304,0,1,0,20,ESP32/cnn_tflite_esp32/reports/20261008T215503505222Z/report.csv,29268
a0517.raw,1,0,255,0,0,1,1762.04,1048576,312380,2,equal,2,702.693,2680744,2680724,0,ee42d8fab9d8240b05c63d7534b45f1057c64cbe3df3db9272c1d38fc2b552af,1750.385,11.655,2585304,2585304,0,1,0,20,ESP32/cnn_tflite_esp32/reports/20261008T215503505222Z/report.csv,29268
a0518.raw,1,0,255,0,0,1,1773.519,1048576,312380,2,equal,2,620.639,2680744,2680724,0,13b62f7cca398b3377a51dbb9bd9081d23b90eece3138d8dd101227a6c6d64ac,1761.886,11.633,2585304,2585304,0,1,0,20,ESP32/cnn_tflite_esp32/reports/20261008T215503505222Z/report.csv,29268
a0519.raw,1,0,255,0,0,1,1776.137,1048576,312380,2,equal,2,623.898,2680744,2680724,0,21c1c90616cfe3ef84133c72086963930cdd9e78d8789a76856e788e71167b20,1763.971,12.166,2585304,2585304,0,1,0,20,ESP32/cnn_tflite_esp32/reports/20261008T215503505222Z/report.csv,29268
a0520.raw,1,0,255,0,0,1,1783.195,1048576,312380,2,equal,2,568.744,2680744,2680732,0,8d107f4a146cfec74049e9ca336a25bdfcb13fe6cef1420cf18147446ff509c6,1771.473,11.722,2585304,2585304,0,1,0,20,ESP32/cnn_tflite_esp32/reports/20261008T215503505222Z/report.csv,29268
a0521.raw,1,0,255,0,0,1,1781.593,1048576,312380,2,equal,2,588.430,2680744,2680724,0,7327776ca8309e5b2d0cd9c74ea50154a1954724623a3af8e077dfcdf3074c9f,1769.940,11.653,2585304,2585304,0,1,0,20,ESP32/cnn_tflite_esp32/reports/20261008T215503505222Z/report.csv,29268
a0522.raw,1,0,255,0,0,1,1783.022,1048576,312380,2,equal,2,662.629,2680744,2680724,0,97704f3de60453291be7b7bf6ab52a7d29535ff17b9294fab9898f2ad0befe95,1771.394,11.628,2585304,2585304,0,1,0,20,ESP32/cnn_tflite_esp32/reports/20261008T215503505222Z/report.csv,29268
a0523.raw,1,0,255,0,0,1,1778.798,1048576,312380,2,equal,2,638.706,2680744,2680724,0,9b2d23641761dc5bccca2734e0a1829ec9cd4c8f71890cf75b276739939ab5cb,1765.968,12.830,2585304,2585304,0,1,0,20,ESP32/cnn_tflite_esp32/reports/20261008T215503505222Z/report.csv,29268
a0524.raw,1,0,255,0,0,1,1768.447,1048576,312380,2,equal,2,801.048,2680744,2680720,0,110d6974f351d36eab52bf5774b289769d6837916ec67db90150497310263527,1756.798,11.649,2585304,2585304,0,1,0,20,ESP32/cnn_tflite_esp32/reports/20261008T215503505222Z/report.csv,29268
a0525.raw,1,0,255,0,0,1,1761.6,1048576,312380,2,equal,2,613.899,2680744,2680724,0,11129b48422c71c39f3faac5ab6e2811afa35ff4f54e96499ff9813b93724c4a,1749.968,11.632,2585304,2585304,0,1,0,20,ESP32/cnn_tflite_esp32/reports/20261008T215503505222Z/report.csv,29268
a0526.raw,1,0,255,0,0,1,1769.964,1048576,312380,2,equal,2,554.791,2680744,2680724,0,14d5c86148ac0fc5e599f6232e936d6b7b704c00c52c17987e5130a835783fc8,1758.209,11.755,2585304,2585304,0,1,0,20,ESP32/cnn_tflite_esp32/reports/20261008T215503505222Z/report.csv,29268
a0527.raw,1,0,255,0,0,1,1779.577,1048576,312380,2,equal,2,548.697,2680744,2680724,0,12d029dcceb5267af9dfd2fb4fe8b69beec682a4656a55ec2c0c97168241d815,1767.106,12.471,2585304,2585304,0,1,0,20,ESP32/cnn_tflite_esp32/reports/20261008T215503505222Z/report.csv,29268
a0528.raw,1,0,255,0,0,1,1764.093,1048576,312380,2,equal,2,528.343,2680744,2680724,0,ec6f8e1337177567332ccf520669a6046012c8644ce3b7fc50538cce30e911de,1752.311,11.782,2585304,2585304,0,1,0,20,ESP32/cnn_tflite_esp32/reports/20261008T215503505222Z/report.csv,29268
a0529.raw,1,0,255,0,0,1,1767.933,1048576,312380,2,equal,2,532.191,2680744,2680724,0,9de3ca993917b718eae53d9eb319b9180812d6fda9bfba639b654c14a2cb1ba1,1756.203,11.730,2585304,2585304,0,1,0,20,ESP32/cnn_tflite_esp32/reports/20261008T215503505222Z/report.csv,29268
a0530.raw,1,0,255,0,0,1,1775.671,1048576,312380,2,equal,2,520.862,2680744,2680724,0,f72069039e81945e98a49941e684741944c721063f8b0ba9c698e65d54e0533f,1764.084,11.587,2585304,2585304,0,1,0,20,ESP32/cnn_tflite_esp32/reports/20261008T215503505222Z/report.csv,29268
a0531.raw,1,0,255,0,0,1,1770.403,1048576,312380,2,equal,2,528.096,2680744,2680724,0,532e0818dcc0eb89b2e897b6088d70dc6842aa72a3e0c22d2308ac183ca16154,1758.862,11.541,2585304,2585304,0,1,0,20,ESP32/cnn_tflite_esp32/reports/20261008T215503505222Z/report.csv,29268
a0532.raw,1,0,255,0,0,1,1781.135,1048576,312380,2,equal,2,500.589,2680744,2680744,0,9a4574dc0e4ddd4971f0efb99e67395c690e1bbef3de21d40a93552a06b1a6c8,1768.355,12.780,2585304,2585304,0,1,0,20,ESP32/cnn_tflite_esp32/reports/20261008T215503505222Z/report.csv,29268
a0533.raw,1,0,255,0,0,1,1777.194,1048576,312380,2,equal,2,496.164,2680764,2680744,0,cffa043fc2a02ae56f19859d7463be02127e4e0195e66e8a92719aec068cb400,1765.528,11.666,2585304,2585304,0,1,0,20,ESP32/cnn_tflite_esp32/reports/20261008T215503505222Z/report.csv,29268
a0534.raw,1,0,255,0,0,1,1782.307,1048576,312380,2,equal,2,781.714,2680744,2680724,0,f06035c66afa928648b54ab69efe683d98e4af8a3220613f6e576f6f121ccb5c,1770.645,11.662,2585304,2585304,0,1,0,20,ESP32/cnn_tflite_esp32/reports/20261008T215503505222Z/report.csv,29268
a0535.raw,1,0,255,0,0,1,1780.357,1048576,312380,2,equal,2,835.727,2680744,2680724,0,039c94b7bebf0cea3cead5da0f82379165a7e16126a6039f815efcbbcc10cdef,1768.733,11.624,2585304,2585304,0,1,0,20,ESP32/cnn_tflite_esp32/reports/20261008T215503505222Z/report.csv,29268
a0536.raw,1,0,255,0,0,1,1776.541,1048576,312380,2,equal,2,926.399,2680744,2680724,0,1477c37cbe49e0f03bda65d414b4fb843f3dff5c11a3122139c5c8f234b6a6d2,1764.885,11.656,2585304,2585304,0,1,0,20,ESP32/cnn_tflite_esp32/reports/20261008T215503505222Z/report.csv,29268
a0537.raw,1,0,255,0,0,1,1780.723,1048576,312380,2,equal,2,950.160,2680744,2680724,0,bf730bffbc2fa033812c2d1b41877917b201f1fb191286418eb768a5cd2e0d09,1769.051,11.672,2585304,2585304,0,1,0,20,ESP32/cnn_tflite_esp32/reports/20261008T215503505222Z/report.csv,29268
a0538.raw,1,0,255,0,0,1,1781.473,1048576,312380,2,equal,2,1018.357,2680744,2680724,0,74fb65d180f8a43febe4e49b5b3395b5fa0de86b7813ce26e484f963cac0b607,1769.841,11.632,2585304,2585304,0,1,0,20,ESP32/cnn_tflite_esp32/reports/20261008T215503505222Z/report.csv,29268
a0539.raw,1,0,255,0,0,1,1781.14,1048576,312380,2,equal,2,894.683,2680744,2680724,0,4ffecf1cb4c8edf4e84804d0bb0d97963439888cec1cc07c09f77a8807478541,1769.404,11.736,2585304,2585304,0,1,0,20,ESP32/cnn_tflite_esp32/reports/20261008T215503505222Z/report.csv,29268
a0540.raw,1,0,255,0,0,1,1775.296,1048576,312380,2,equal,2,906.355,2680744,2680724,0,d9ea18c98a4d45bc78f07a13b867900f90d8a80d0b7e2742121b5bff343fe423,1763.611,11.685,2585304,2585304,0,1,0,20,ESP32/cnn_tflite_esp32/reports/20261008T215503505222Z/report.csv,29268
a0541.raw,1,0,255,0,0,1,1777.229,1048576,312380,2,equal,2,940.574,2680764,2680752,0,0f22922ba58bd7ab9b9c5b8f072fa363b92397c4e71c54f7f66a1a13498aeafb,1765.500,11.729,2585304,2585304,0,1,0,20,ESP32/cnn_tflite_esp32/reports/20261008T215503505222Z/report.csv,29268
a0542.raw,1,0,255,0,0,1,1781.287,1048576,312380,2,equal,2,929.687,2680728,2680708,0,ee7d75633ec7cd24f128bccebe014bda791016b9e698fee926b23bd16fe336f8,1769.557,11.730,2585304,2585304,0,1,0,20,ESP32/cnn_tflite_esp32/reports/20261008T215503505222Z/report.csv,29268
a0543.raw,1,0,255,0,0,1,1779.978,1048576,312380,2,equal,2,616.284,2680744,2680724,0,3268e012d9f1490e1840f9bf7010f200b7b7c9bde7b8b0d4de88892ec5d0ffbc,1768.291,11.687,2585304,2585304,0,1,0,20,ESP32/cnn_tflite_esp32/reports/20261008T215503505222Z/report.csv,29268
a0544.raw,1,0,255,0,0,1,1782.149,1048576,312380,2,equal,2,676.934,2680744,2680724,0,42085c364ea94f1cd6dfcd3b665fb9cfea081cd65e8297885649d15521c029d0,1769.649,12.500,2585304,2585304,0,1,0,20,ESP32/cnn_tflite_esp32/reports/20261008T215503505222Z/report.csv,29268
a0545.raw,1,0,255,0,0,1,1781.931,1048576,312380,2,equal,2,602.810,2680744,2680724,0,2b14dd2c2bb884e0d22475d18707c2aab042e3288224846213b4364c4f29be51,1770.181,11.750,2585304,2585304,0,1,0,20,ESP32/cnn_tflite_esp32/reports/20261008T215503505222Z/report.csv,29268
a0546.raw,1,0,255,0,0,1,1781.372,1048576,312380,2,equal,2,548.236,2680744,2680724,0,36bb0f4ba42107db65913f2733129032b1452915a95806a3c2d591e95c3ca11a,1769.465,11.907,2585304,2585304,0,1,0,20,ESP32/cnn_tflite_esp32/reports/20261008T215503505222Z/report.csv,29268
a0547.raw,1,0,255,0,0,1,1780.663,1048576,312380,2,equal,2,1092.633,2680744,2680724,0,40094ffb0e0e648c78f07a21d450dd8f9cc437ae252959d357e0811bf569d438,1768.963,11.700,2585304,2585304,0,1,0,20,ESP32/cnn_tflite_esp32/reports/20261008T215503505222Z/report.csv,29268
a0548.raw,1,0,255,0,0,1,1780.24,1048576,312380,2,equal,2,571.574,2680744,2680724,0,bed53b6793a640dd571eac5cb81d7cc5ddfe5e8f84e2f9e20a350242e22e77a5,1768.583,11.657,2585304,2585304,0,1,0,20,ESP32/cnn_tflite_esp32/reports/20261008T215503505222Z/report.csv,29268
a0549.raw,1,0,255,0,0,1,1777.524,1048576,312380,2,equal,2,565.623,2680764,2680724,0,071b9e8335010b1d99495d0ed508ac4af7426458b3bc628e148787e4eb70fe62,1765.733,11.791,2585304,2585304,0,1,0,20,ESP32/cnn_tflite_esp32/reports/20261008T215503505222Z/report.csv,29268
a0550.raw,1,0,255,0,0,1,1781.135,1048576,312380,2,equal,2,504.622,2680744,2680736,0,35f034fe7fa63a09788095b21654ef1730cf478cf2e91acb6cccea019d52892b,1769.452,11.683,2585304,2585304,0,1,0,20,ESP32/cnn_tflite_esp32/reports/20261008T215503505222Z/report.csv,29268
a0551.raw,1,0,255,0,0,1,1779.479,1048576,312380,2,equal,2,563.452,2680744,2680724,0,e89fe73f059daf8a8c1dae3f86c7b5859382a76d173859bf057caca35586f05e,1767.744,11.735,2585304,2585304,0,1,0,20,ESP32/cnn_tflite_esp32/reports/20261008T215503505222Z/report.csv,29268
a0552.raw,1,0,255,0,0,1,1782.782,1048576,312380,2,equal,2,530.149,2680744,2680724,0,a4decb55a162901859f1716b09af7e21171a47dd4c72c9a2bd629e9f087e354f,1770.979,11.803,2585304,2585304,0,1,0,20,ESP32/cnn_tflite_esp32/reports/20261008T215503505222Z/report.csv,29268
a0553.raw,1,0,255,0,0,1,1779.136,1048576,312380,2,equal,2,483.358,2680744,2680724,0,940a71463c8e1442bb07163091cb333125a8e344124849af518b0b60ddc774a5,1767.394,11.742,2585304,2585304,0,1,0,20,ESP32/cnn_tflite_esp32/reports/20261008T215503505222Z/report.csv,29268
a0554.raw,1,0,255,0,0,1,1777.374,1048576,312380,2,equal,2,509.993,2680744,2680724,0,e640ce8f26f752bf0b81036b9f9491db692b80e0ca734ee45f311b140b4d3029,1765.700,11.674,2585304,2585304,0,1,0,20,ESP32/cnn_tflite_esp32/reports/20261008T215503505222Z/report.csv,29268
a0555.raw,1,0,255,0,0,1,1780.1,1048576,312380,2,equal,2,532.011,2680744,2680724,0,9bc04a269f056641e0718050cb59a4b763dd2cf7aa3393f0442d2de6858e8aba,1768.408,11.692,2585304,2585304,0,1,0,20,ESP32/cnn_tflite_esp32/reports/20261008T215503505222Z/report.csv,29268
a0556.raw,1,0,255,0,0,1,1779.41,1048576,312380,2,equal,2,509.332,2680744,2680744,0,87b85a1d8eb3cd94a38d586f3f440e334da70ac7091862f7f20a823592e91eb3,1767.811,11.599,2585304,2585304,0,1,0,20,ESP32/cnn_tflite_esp32/reports/20261008T215503505222Z/report.csv,29268
a0557.raw,1,1,255,0,0,1,1781.072,1048576,312380,2,equal,2,838.570,2680744,2680724,0,d634f137a9240cb0982c8f9c11fc5c941e4ff8474ff415283c115bb2340fb843,1769.409,11.663,2585304,2585304,0,1,0,20,ESP32/cnn_tflite_esp32/reports/20261008T215503505222Z/report.csv,29268
a0558.raw,1,26,230,0,0,1,1781.844,1048576,312380,2,equal,2,558.088,2680764,2680724,0,fed7ee11134a6850f78cd8571991840725366b80fd944df6028b8c50236a2ba9,1770.093,11.751,2585304,2585304,0,1,0,20,ESP32/cnn_tflite_esp32/reports/20261008T215503505222Z/report.csv,29268
a0559.raw,1,3,253,0,0,1,1778.578,1048576,312380,2,equal,2,688.029,2680744,2680708,0,fb36557066bb0b8e90af4872cb82015925415e275d9c9d4376a86950ed04cb73,1766.920,11.658,2585304,2585304,0,1,0,20,ESP32/cnn_tflite_esp32/reports/20261008T215503505222Z/report.csv,29268
a0560.raw,1,0,255,0,0,1,1778.32,1048576,312380,2,equal,2,531.543,2680744,2680724,0,231eea77c76d0fdf40d231aa57bfccb14cb6c5dd705ab37fbd6f8a958761570d,1766.664,11.656,2585304,2585304,0,1,0,20,ESP32/cnn_tflite_esp32/reports/20261008T215503505222Z/report.csv,29268
a0561.raw,1,0,255,0,0,1,1780.373,1048576,312380,2,equal,2,569.278,2680744,2680724,0,e521f1be2e9cd3f74f6b379de93b060d06dc476dc9fc058f1296ceaec89c3d0c,1768.452,11.921,2585304,2585304,0,1,0,20,ESP32/cnn_tflite_esp32/reports/20261008T215503505222Z/report.csv,29268
a0562.raw,1,0,255,0,0,1,1781.623,1048576,312380,2,equal,2,484.744,2680744,2680724,0,8a211dbc9b2ab86862918e16bdf9a21ea584cfc84ac521e0a394b1bb52330b29,1769.871,11.752,2585304,2585304,0,1,0,20,ESP32/cnn_tflite_esp32/reports/20261008T215503505222Z/report.csv,29268
a0563.raw,1,0,255,0,0,1,1783.361,1048576,312380,2,equal,2,698.518,2680744,2680724,0,ee84eecb584cea925f959cf9864c0d9d4232996e5728bc7773b983b5532d98ee,1770.793,12.568,2585304,2585304,0,1,0,20,ESP32/cnn_tflite_esp32/reports/20261008T215503505222Z/report.csv,29268
a0564.raw,1,0,255,0,0,1,1782.582,1048576,312380,2,equal,2,495.380,2680744,2680744,0,ca28b3d3742ec4f1d9034d9b9a987ccb098b1f9ce66502f5ac86d26d438328c6,1770.815,11.767,2585304,2585304,0,1,0,20,ESP32/cnn_tflite_esp32/reports/20261008T215503505222Z/report.csv,29268
a0565.raw,1,0,255,0,0,1,1783.97,1048576,312380,2,equal,2,642.695,2680744,2680724,0,480645b1b3bf80a993bb6cfcf3bf693b446357ac95a277eb5288a6a1ccab52d1,1771.140,12.830,2585304,2585304,0,1,0,20,ESP32/cnn_tflite_esp32/reports/20261008T215503505222Z/report.csv,29268
a0566.raw,1,0,255,0,0,1,1778.338,1048576,312380,2,equal,2,542.688,2680744,2680724,0,9380a809b4998b7af11c6819233ab00f57dcfe31b5856b4c34f6fe79da7ed148,1766.673,11.665,2585304,2585304,0,1,0,20,ESP32/cnn_tflite_esp32/reports/20261008T215503505222Z/report.csv,29268
a0567.raw,1,0,255,0,0,1,1780.078,1048576,312380,2,equal,2,538.246,2680764,2680724,0,05e493c735d47e2aa3f1c1d5d40891232c748cadb6fe189122dccbac4c0d831e,1768.458,11.620,2585304,2585304,0,1,0,20,ESP32/cnn_tflite_esp32/reports/20261008T215503505222Z/report.csv,29268
a0568.raw,1,0,255,0,0,1,1779.012,1048576,312380,2,equal,2,630.644,2680744,2680708,0,bd53945d77c359d838c128a0e1884cb728dcf0f73bddacfea5bbf94061f6dc06,1767.326,11.686,2585304,2585304,0,1,0,20,ESP32/cnn_tflite_esp32/reports/20261008T215503505222Z/report.csv,29268
a0569.raw,1,0,255,0,0,1,1778.107,1048576,312380,2,equal,2,516.712,2680744,2680724,0,c717c2f0cdbe5d668370423f787a11e5738ce15de3cc40274059f24d34e226c4,1766.482,11.625,2585304,2585304,0,1,0,20,ESP32/cnn_tflite_esp32/reports/20261008T215503505222Z/report.csv,29268
a0570.raw,1,0,255,0,0,1,1777.795,1048576,312380,2,equal,2,535.926,2680744,2680724,0,88bdebb8e49040b8fe7b376184ef28f3973c6f3209c436a454aa1d04fd622356,1766.110,11.685,2585304,2585304,0,1,0,20,ESP32/cnn_tflite_esp32/reports/20261008T215503505222Z/report.csv,29268
a0571.raw,1,0,255,0,0,1,1779.205,1048576,312380,2,equal,2,526.323,2680744,2680724,0,a9c072cbc3277d3de05894f9a26da2232e36c78dcd58da94dbc7a0fa551c398e,1767.471,11.734,2585304,2585304,0,1,0,20,ESP32/cnn_tflite_esp32/reports/20261008T215503505222Z/report.csv,29268
a0572.raw,1,0,255,0,0,1,1783.032,1048576,312380,2,equal,2,665.544,2680744,2680724,0,926b0bf974fe849cf64d22838f2acf19075ea5ad37dcbc144dab5721eb7cd5c2,1771.311,11.721,2585304,2585304,0,1,0,20,ESP32/cnn_tflite_esp32/reports/20261008T215503505222Z/report.csv,29268
a0573.raw,1,0,255,0,0,1,1778.918,1048576,312380,2,equal,2,568.450,2680744,2680724,0,1c8241d56f06c635e0b449e17942d73c2ee81cae66f05c56552121ecbec25fae,1767.296,11.622,2585304,2585304,0,1,0,20,ESP32/cnn_tflite_esp32/reports/20261008T215503505222Z/report.csv,29268
a0574.raw,1,0,255,0,0,1,1778.361,1048576,312380,2,equal,2,522.721,2680744,2680724,0,b586063dd9853a1ff3244c8ae71d4dc11bdd1226d1620cd7d3cb3f9bc0ba160d,1766.709,11.652,2585304,2585304,0,1,0,20,ESP32/cnn_tflite_esp32/reports/20261008T215503505222Z/report.csv,29268
a0575.raw,1,0,255,0,0,1,1781.164,1048576,312380,2,equal,2,528.292,2680744,2680724,0,87b75d0a5ee46df5686d24ebebdc0b0868803d2b2743224a1a7d86d33c5c22e7,1769.558,11.606,2585304,2585304,0,1,0,20,ESP32/cnn_tflite_esp32/reports/20261008T215503505222Z/report.csv,29268
a0576.raw,1,0,255,0,0,1,1779.502,1048576,312380,2,equal,2,531.828,2680764,2680724,0,abd29e4756d337f67523d08937b79a1ee07c0af0eda26c45769c91af17e9f074,1767.821,11.681,2585304,2585304,0,1,0,20,ESP32/cnn_tflite_esp32/reports/20261008T215503505222Z/report.csv,29268
a0577.raw,1,0,255,0,0,1,1781.31,1048576,312380,2,equal,2,527.372,2680744,2680724,0,c8dd58c6c818fc85bc7c6228fec55bf089a0f640d74ad996d2a897787c132b23,1769.632,11.678,2585304,2585304,0,1,0,20,ESP32/cnn_tflite_esp32/reports/20261008T215503505222Z/report.csv,29268
a0578.raw,1,0,255,0,0,1,1783.056,1048576,312380,2,equal,2,572.845,2680744,2680724,0,f8f51424ecb8db6c09fcefd5c527b638fff9c2ac5ade378bef730781b27c6bbe,1771.235,11.821,2585304,2585304,0,1,0,20,ESP32/cnn_tflite_esp32/reports/20261008T215503505222Z/report.csv,29268
a0579.raw,1,0,255,0,0,1,1782.42,1048576,312380,2,equal,2,521.825,2680744,2680724,0,8ac99365d81fe91571397d2fe7c62f6e34805a844d53dafe59096da279b0d3cd,1770.588,11.832,2585304,2585304,0,1,0,20,ESP32/cnn_tflite_esp32/reports/20261008T215503505222Z/report.csv,29268
a0580.raw,1,0,255,0,0,1,1782.364,1048576,312380,2,equal,2,523.371,2680744,2680724,0,7595ea09db6fd75de9a23060dc6307a59948127c86cc6666db74eac48ef91378,1770.511,11.853,2585304,2585304,0,1,0,20,ESP32/cnn_tflite_esp32/reports/20261008T215503505222Z/report.csv,29268
a0581.raw,1,0,255,0,0,1,1782.869,1048576,312380,2,equal,2,647.045,2680744,2680724,0,7c08b7bf636924bbd6b0f3832906595f5feb2fa0ac4b9955e2beae907b58093f,1770.335,12.534,2585304,2585304,0,1,0,20,ESP32/cnn_tflite_esp32/reports/20261008T215503505222Z/report.csv,29268
a0582.raw,1,0,255,0,0,1,1782.314,1048576,312380,2,equal,2,776.844,2680744,2680724,0,d370afae6b89ec5ba4a84516a17a2edb8ace1605f3f938e12b0072238c2f7d77,1769.480,12.834,2585304,2585304,0,1,0,20,ESP32/cnn_tflite_esp32/reports/20261008T215503505222Z/report.csv,29268
a0583.raw,1,6,250,0,0,1,1779.1,1048576,312380,12,mode,11,532.853,2680744,2680724,0,b8fa361d97d6dedf4472eedff4717c77eafd5eeda82793076fbaf18a8058c182,1767.382,11.718,2585304,2585304,0,1,0,20,ESP32/cnn_tflite_esp32/reports/20261008T215503505222Z/report.csv,29268
a0584.raw,1,0,255,0,0,1,1786.177,1048576,312380,2,equal,2,553.885,2680744,2680724,0,be4c597d84697a8be67993802134973d7194c93685784afb8f35a18eafa78956,1774.048,12.129,2585304,2585304,0,1,0,20,ESP32/cnn_tflite_esp32/reports/20261008T215503505222Z/report.csv,29268
a0585.raw,1,0,255,0,0,1,1780.491,1048576,312380,2,equal,2,491.849,2680764,2680744,0,93615114567ee83e31bb34a09894af34ab86012ed41d03d8d373b9d41f035b49,1768.791,11.700,2585304,2585304,0,1,0,20,ESP32/cnn_tflite_esp32/reports/20261008T215503505222Z/report.csv,29268
a0586.raw,1,0,255,0,0,1,1780.874,1048576,312380,2,equal,2,517.097,2680744,2680724,0,24bd8bbf000a9442db4fd76e3844e2769855abba5fec614f0537ea0bc8f4d093,1769.179,11.695,2585304,2585304,0,1,0,20,ESP32/cnn_tflite_esp32/reports/20261008T215503505222Z/report.csv,29268
a0587.raw,1,0,255,0,0,1,1779.482,1048576,312380,2,equal,2,494.977,2680744,2680752,8,7b56cf45d2ec35ca638b8f29cc1e0a11e754fefb097bcb062b3d57845b57dafa,1767.814,11.668,2585304,2585304,0,1,0,20,ESP32/cnn_tflite_esp32/reports/20261008T215503505222Z/report.csv,29268
a0588.raw,1,0,255,0,0,1,1781.4,1048576,312380,2,equal,2,559.819,2680744,2680724,0,cc4f49ad4fde4d705a59ff9cea47de4f8b49f33892615538d2a0f600a410e2b4,1769.650,11.750,2585304,2585304,0,1,0,20,ESP32/cnn_tflite_esp32/reports/20261008T215503505222Z/report.csv,29268
a0589.raw,1,0,255,0,0,1,1781.718,1048576,312380,2,equal,2,520.132,2680744,2680724,0,4b407e4c992ba3b4422f2b5a8276326b6094ac380cfaba1642addbd1b44b920f,1769.963,11.755,2585304,2585304,0,1,0,20,ESP32/cnn_tflite_esp32/reports/20261008T215503505222Z/report.csv,29268
a0590.raw,1,0,255,0,0,1,1782.238,1048576,312380,2,equal,2,491.491,2680744,2680744,0,27c4c20447fa40efb3397b3c373584e5a13a7228115ce485e9df9f1fb1eb98b6,1770.536,11.702,2585304,2585304,0,1,0,20,ESP32/cnn_tflite_esp32/reports/20261008T215503505222Z/report.csv,29268
a0591.raw,1,0,255,0,0,1,1781.424,1048576,312380,2,equal,2,516.424,2680744,2680724,0,eb56b481a5001ae015483799ca2f5f25530dc6af5f83c800d23c10737cbae6a3,1769.725,11.699,2585304,2585304,0,1,0,20,ESP32/cnn_tflite_esp32/reports/20261008T215503505222Z/report.csv,29268
a0592.raw,1,0,255,0,0,1,1781.557,1048576,312380,2,equal,2,537.707,2680744,2680724,0,1acf65a526d55c7d1546cc799cf6ed98666947e6d65f48710eceacf63dc93a12,1769.842,11.715,2585304,2585304,0,1,0,20,ESP32/cnn_tflite_esp32/reports/20261008T215503505222Z/report.csv,29268
a0593.raw,1,0,255,0,0,1,1781.807,1048576,312380,2,equal,2,490.129,2680744,2680744,0,6fdf193d7926f66f5f7b4033926930806d2bfbbfbfbe2e877c811f307f257cd8,1770.148,11.659,2585304,2585304,0,1,0,20,ESP32/cnn_tflite_esp32/reports/20261008T215503505222Z/report.csv,29268
a0594.raw,1,0,255,0,0,1,1783.265,1048576,312380,2,equal,2,543.265,2680764,2680724,0,ef7b2c333ebf151a547982a833ae4dc21e5effbabfe24f281312ec95ec1280fb,1771.598,11.667,2585304,2585304,0,1,0,20,ESP32/cnn_tflite_esp32/reports/20261008T215503505222Z/report.csv,29268
a0595.raw,1,0,255,0,0,1,1781.676,1048576,312380,2,equal,2,816.690,2680744,2680732,0,4aac0b4c11faee42c9d4c2f021d7ae1d843024f34b635d48e4210713811eac9e,1770.028,11.648,2585304,2585304,0,1,0,20,ESP32/cnn_tflite_esp32/reports/20261008T215503505222Z/report.csv,29268
a0596.raw,1,0,255,0,0,1,1779.83,1048576,312380,2,equal,2,510.563,2680744,2680744,0,94a3e7e08cfb7bdc2d29ead5bda518d427a42e6d80be2166897401aa05f6591d,1768.170,11.660,2585304,2585304,0,1,0,20,ESP32/cnn_tflite_esp32/reports/20261008T215503505222Z/report.csv,29268
a0597.raw,1,1,255,0,0,1,1782.531,1048576,312380,2,equal,2,499.449,2680744,2680744,0,a515c574dbd643fa0aa602accb40025ae9b37eb754af6eceebee960310b8b3e7,1770.476,12.055,2585304,2585304,0,1,0,20,ESP32/cnn_tflite_esp32/reports/20261008T215503505222Z/report.csv,29268
a0598.raw,1,0,255,0,0,1,1781.884,1048576,312380,2,equal,2,490.609,2680744,2680744,0,d92c3375ba92dfaf02d4773fd0d4a74715e6dea8966112aefc5440bec84f2e7a,1770.186,11.698,2585304,2585304,0,1,0,20,ESP32/cnn_tflite_esp32/reports/20261008T215503505222Z/report.csv,29268
a0599.raw,1,2,254,0,0,1,1781.649,1048576,312380,2,equal,2,562.547,2680744,2680724,0,e060b977b85c34c4776848b5a165b3c9abfaad36494dad56a2f936e1dae02daf,1769.161,12.488,2585304,2585304,0,1,0,20,ESP32/cnn_tflite_esp32/reports/20261008T215503505222Z/report.csv,29268
a0600.raw,1,0,255,0,0,1,1779.44,1048576,312380,2,equal,2,964.144,2680744,2680724,0,94db33e1bf21b9ed9b938dafe7843db9f5c09be4df60675d5ae375d7a25e1bf4,1767.743,11.697,2585304,2585304,0,1,0,20,ESP32/cnn_tflite_esp32/reports/20261008T215503505222Z/report.csv,29268
a0601.raw,1,0,255,0,0,1,1778.649,1048576,312380,2,equal,2,542.524,2680744,2680724,0,d23d0b171d0b461428aa1a578d7dac4bcddf762f11a0e4490e4963b8eb0c4517,1766.899,11.750,2585304,2585304,0,1,0,20,ESP32/cnn_tflite_esp32/reports/20261008T215503505222Z/report.csv,29268
a0602.raw,1,0,255,0,0,1,1778.499,1048576,312380,2,equal,2,650.404,2680744,2680724,0,ed901b6a52ff094fe6797446a49d075010ae2439854fe7301469d9b18ad07095,1766.761,11.738,2585304,2585304,0,1,0,20,ESP32/cnn_tflite_esp32/reports/20261008T215503505222Z/report.csv,29268
a0603.raw,1,0,255,0,0,1,1777.019,1048576,312380,2,equal,2,482.637,2680764,2680752,0,b6cdab38b73b767ef909eb2dabe790a0a01b39331f9339b7c40cb00d95a94a20,1765.296,11.723,2585304,2585304,0,1,0,20,ESP32/cnn_tflite_esp32/reports/20261008T215503505222Z/report.csv,29268
a0604.raw,1,0,255,0,0,1,1774,1048576,312380,2,equal,2,496.023,2680744,2680724,0,bcb94b2e53dcd05384ca08e12c7a92d690f36ed754d983fa810911ddc04530e3,1762.156,11.844,2585304,2585304,0,1,0,20,ESP32/cnn_tflite_esp32/reports/20261008T215503505222Z/report.csv,29268
a0605.raw,1,0,255,0,0,1,1773.51,1048576,312380,2,equal,2,492.363,2680744,2680744,0,5ee6487aabc44b019392830d6f6404c0405d1dc6eee21a35363c281d324a1337,1761.813,11.697,2585304,2585304,0,1,0,20,ESP32/cnn_tflite_esp32/reports/20261008T215503505222Z/report.csv,29268
a0606.raw,1,0,255,0,0,1,1775.328,1048576,312380,2,equal,2,529.442,2680744,2680724,0,8f6576a9a848a514b2f145f10749377ceff2fdeea24e8eb72cc38115592ce5eb,1763.646,11.682,2585304,2585304,0,1,0,20,ESP32/cnn_tflite_esp32/reports/20261008T215503505222Z/report.csv,29268
a0607.raw,1,0,255,0,0,1,1779.176,1048576,312380,2,equal,2,508.862,2680744,2680732,0,c9cdbb367bc168407c1e2748b49d159e6fc6ee6387d5944a8ab186c76f98a572,1767.539,11.637,2585304,2585304,0,1,0,20,ESP32/cnn_tflite_esp32/reports/20261008T215503505222Z/report.csv,29268
a0608.raw,1,0,255,0,0,1,1776.79,1048576,312380,2,equal,2,506.954,2680744,2680724,0,30a2ca0012895d54095e29d80623ac64d35cfc076336d811cd84d0c21177210f,1765.150,11.640,2585304,2585304,0,1,0,20,ESP32/cnn_tflite_esp32/reports/20261008T215503505222Z/report.csv,29268
a0609.raw,1,0,255,0,0,1,1775.053,1048576,312380,2,equal,2,496.307,2680744,2680744,0,bfe81f961542d8e6a63c9b72376d6c8a8adf57897b0fd37b13e2414d85a5c747,1763.272,11.781,2585304,2585304,0,1,0,20,ESP32/cnn_tflite_esp32/reports/20261008T215503505222Z/report.csv,29268
a0610.raw,1,0,255,0,0,1,1771.163,1048576,312380,2,equal,2,487.573,2680744,2680744,0,d2166bc34cdef58016bc40b7b940199d86bbda870cd496fc80a73f088f3fe44e,1759.582,11.581,2585304,2585304,0,1,0,20,ESP32/cnn_tflite_esp32/reports/20261008T215503505222Z/report.csv,29268
a0611.raw,1,0,255,0,0,1,1779.592,1048576,312380,2,equal,2,509.189,2680744,2680744,0,bed23d112037b0abf3a945b9dcf6d06f2d0371fad9cc6fc3802052e05e4c4071,1767.970,11.622,2585304,2585304,0,1,0,20,ESP32/cnn_tflite_esp32/reports/20261008T215503505222Z/report.csv,29268
a0612.raw,1,0,255,0,0,1,1775.552,1048576,312380,2,equal,2,491.162,2680744,2680744,0,f7e60ee8f5d32b5f9652002cdbfdc259440c3d741575936f3257846c34d505ea,1763.836,11.716,2585304,2585304,0,1,0,20,ESP32/cnn_tflite_esp32/reports/20261008T215503505222Z/report.csv,29268
a0613.raw,1,0,255,0,0,1,1775.744,1048576,312380,2,equal,2,540.820,2680744,2680724,0,da7dc3471464dc73d2a6aca7ceda1d89a63c85f8cf94ec2e31a94628b7bcfc57,1764.087,11.657,2585304,2585304,0,1,0,20,ESP32/cnn_tflite_esp32/reports/20261008T215503505222Z/report.csv,29268
a0614.raw,1,0,255,0,0,1,1777.375,1048576,312380,2,equal,2,512.118,2680744,2680724,0,e6b47fc7d851c6b0d0c9422798f93f4f7b04df1319b8517be03338ea9e1dcabf,1765.593,11.782,2585304,2585304,0,1,0,20,ESP32/cnn_tflite_esp32/reports/20261008T215503505222Z/report.csv,29268
a0615.raw,1,0,255,0,0,1,1771.049,1048576,312380,2,equal,2,733.093,2680744,2680744,0,5361a79326222bc90ebe423f2d2117ad08d8595737c236f93d10a82d1af14246,1759.273,11.776,2585304,2585304,0,1,0,20,ESP32/cnn_tflite_esp32/reports/20261008T215503505222Z/report.csv,29268
a0616.raw,1,0,255,0,0,1,1771.552,1048576,312380,2,equal,2,513.715,2680744,2680724,0,3508fcb84889b3e82be27092c0518ee9f0e906f13b7d5d32b67358ba08ce291d,1759.562,11.990,2585304,2585304,0,1,0,20,ESP32/cnn_tflite_esp32/reports/20261008T215503505222Z/report.csv,29268
a0617.raw,1,0,255,0,0,1,1774.381,1048576,312380,2,equal,2,506.019,2680744,2680744,0,fea911c9bc262ba005f8a0828869c0d88aecaa8158ee0975ecfcd300c180ce0f,1762.654,11.727,2585304,2585304,0,1,0,20,ESP32/cnn_tflite_esp32/reports/20261008T215503505222Z/report.csv,29268
a0618.raw,1,0,255,0,0,1,1776.011,1048576,312380,2,equal,2,525.678,2680744,2680724,0,6267757d57998e1d19ac611b536278db245de9d8f4e6ae16fefe7b0edad2e2eb,1764.376,11.635,2585304,2585304,0,1,0,20,ESP32/cnn_tflite_esp32/reports/20261008T215503505222Z/report.csv,29268
a0619.raw,1,0,255,0,0,1,1774.098,1048576,312380,2,equal,2,917.365,2680744,2680724,0,b471277efb80d9e2ac60596cf93e8f3c395eb40bf8909c012cdc784dc503fef7,1762.435,11.663,2585304,2585304,0,1,0,20,ESP32/cnn_tflite_esp32/reports/20261008T215503505222Z/report.csv,29268
a0620.raw,1,3,253,0,0,1,1776.979,1048576,312380,2,equal,2,839.915,2680744,2680732,0,c4cc5a890d47978ce030f25912b2f06999fac29fe274d2d26827d5d9a32d8f30,1765.294,11.685,2585304,2585304,0,1,0,20,ESP32/cnn_tflite_esp32/reports/20261008T215503505222Z/report.csv,29268
a0621.raw,1,0,255,0,0,1,1777.842,1048576,312380,2,equal,2,802.356,2680744,2680724,0,aefc1fa98762aac5716b819ab111fc66830b59ec88afd46e1cea5bd76eba54dc,1766.147,11.695,2585304,2585304,0,1,0,20,ESP32/cnn_tflite_esp32/reports/20261008T215503505222Z/report.csv,29268
a0622.raw,1,0,255,0,0,1,1776.233,1048576,312380,2,equal,2,856.306,2680744,2680724,0,70a7375044d3faaff39687b3628a7d3f07229af25713599e3322a5664edaf12e,1764.499,11.734,2585304,2585304,0,1,0,20,ESP32/cnn_tflite_esp32/reports/20261008T215503505222Z/report.csv,29268
a0623.raw,1,0,255,0,0,1,1771.476,1048576,312380,2,equal,2,1023.619,2680744,2680732,0,f33d87b6812dc877cff34aea85894fdd30d3b6a7fdaf79ad7fbea23281c90c60,1759.869,11.607,2585304,2585304,0,1,0,20,ESP32/cnn_tflite_esp32/reports/20261008T215503505222Z/report.csv,29268
a0624.raw,1,2,254,0,0,1,1770.427,1048576,312380,2,equal,2,735.388,2680744,2680744,0,dd1c2d05850dbe478cf4a45aca19d3484d903add7c1968d80749f7648f59a7e0,1758.778,11.649,2585304,2585304,0,1,0,20,ESP32/cnn_tflite_esp32/reports/20261008T215503505222Z/report.csv,29268
a0625.raw,1,0,255,0,0,1,1772.121,1048576,312380,2,equal,2,1658.671,2680744,2680724,0,6912be10d9dc285accee88d78261af20af5f4a7ff2f4a6eb16640a93aa6939e7,1760.498,11.623,2585304,2585304,0,1,0,20,ESP32/cnn_tflite_esp32/reports/20261008T215503505222Z/report.csv,29268
a0626.raw,1,0,255,0,0,1,1770.231,1048576,312380,2,equal,2,833.636,2680744,2680724,0,110f282d9560d6eaa8a74a65dfa445450c268c0b693a72f6ee31005078647d47,1758.532,11.699,2585304,2585304,0,1,0,20,ESP32/cnn_tflite_esp32/reports/20261008T215503505222Z/report.csv,29268
a0627.raw,1,0,255,0,0,1,1771.263,1048576,312380,2,equal,2,741.353,2680744,2680744,0,7e116fb7eebc32f1cac231eb7576832cc937d6f5488b357463adc35847ca7c32,1759.631,11.632,2585304,2585304,0,1,0,20,ESP32/cnn_tflite_esp32/reports/20261008T215503505222Z/report.csv,29268
a0628.raw,1,0,255,0,0,1,1773.683,1048576,312380,2,equal,2,838.365,2680744,2680724,0,bf7a6fee81070edaad6bf38573d4f2d85b50e60e72ba13aefb42e1fad17cfc01,1761.895,11.788,2585304,2585304,0,1,0,20,ESP32/cnn_tflite_esp32/reports/20261008T215503505222Z/report.csv,29268
a0629.raw,1,1,255,0,0,1,1772.915,1048576,312380,2,equal,2,842.629,2680744,2680724,0,fa75f04538da394c1df5b948b7a2cff293a22550e9d1cecf7636d7cdc24908b9,1761.277,11.638,2585304,2585304,0,1,0,20,ESP32/cnn_tflite_esp32/reports/20261008T215503505222Z/report.csv,29268
a0630.raw,1,0,255,0,0,1,1778.763,1048576,312380,2,equal,2,1069.321,2680744,2680724,0,4c4d7141140855dec8271bb73c966d036b98637bfeb4efc515abfca9e411b507,1767.073,11.690,2585304,2585304,0,1,0,20,ESP32/cnn_tflite_esp32/reports/20261008T215503505222Z/report.csv,29268
a0631.raw,1,0,255,0,0,1,1774.245,1048576,312380,2,equal,2,827.560,2680744,2680724,0,dcc0d4f4d220344e302f345cc9dc3f5c95d994a0777dd58d544a0049ff940976,1762.559,11.686,2585304,2585304,0,1,0,20,ESP32/cnn_tflite_esp32/reports/20261008T215503505222Z/report.csv,29268
a0632.raw,1,0,255,0,0,1,1771.125,1048576,312380,2,equal,2,716.967,2680744,2680724,0,9024983edba8f85d48acf22ce8941da7316d445ab01290efeb4ef4c79472690c,1759.475,11.650,2585304,2585304,0,1,0,20,ESP32/cnn_tflite_esp32/reports/20261008T215503505222Z/report.csv,29268
a0633.raw,1,0,255,0,0,1,1779.793,1048576,312380,2,equal,2,936.276,2680744,2680724,0,6ed565f7261dc5f6cab385210d512a0a7c0b5f852ac7ba56fee102d84fb10eb9,1768.177,11.616,2585304,2585304,0,1,0,20,ESP32/cnn_tflite_esp32/reports/20261008T215503505222Z/report.csv,29268
a0634.raw,1,0,255,0,0,1,1777.429,1048576,312380,2,equal,2,929.011,2680744,2680724,0,599a9a959a2af6ef06b125d4675204dab3bdcc99c95621f139d6897477a5249b,1765.735,11.694,2585304,2585304,0,1,0,20,ESP32/cnn_tflite_esp32/reports/20261008T215503505222Z/report.csv,29268
a0635.raw,1,0,255,0,0,1,1776.681,1048576,312380,2,equal,2,855.140,2680744,2680724,0,514f3f22ed2ba18d573ff4e81cd573a06400b30eb59d3dde9fe87eda47ddbe45,1765.090,11.591,2585304,2585304,0,1,0,20,ESP32/cnn_tflite_esp32/reports/20261008T215503505222Z/report.csv,29268
a0636.raw,1,0,255,0,0,1,1777.514,1048576,312380,2,equal,2,1006.620,2680744,2680744,0,53656dba11b1c7b899385a668ea83182fa2295180bd58f97a75a85fdd537e01b,1765.215,12.299,2585304,2585304,0,1,0,20,ESP32/cnn_tflite_esp32/reports/20261008T215503505222Z/report.csv,29268
a0637.raw,1,0,255,0,0,1,1777.994,1048576,312380,2,equal,2,841.323,2680744,2680724,0,4e4c966e77af473a47f3e416eaca5a3f59f6cec2446872f1c88409a0ecf38741,1766.230,11.764,2585304,2585304,0,1,0,20,ESP32/cnn_tflite_esp32/reports/20261008T215503505222Z/report.csv,29268
a0638.raw,1,0,255,0,0,1,1781.086,1048576,312380,2,equal,2,832.334,2680744,2680724,0,4d0f0a87805c20fc80d583b39694e4a9e3e73ff28eb5bf716e086b466106a750,1769.403,11.683,2585304,2585304,0,1,0,20,ESP32/cnn_tflite_esp32/reports/20261008T215503505222Z/report.csv,29268
a0639.raw,1,0,255,0,0,1,1770.607,1048576,312380,2,equal,2,831.734,2680744,2680724,0,4bbddc3357abb82f4a9d8e536c48ea6f70c62dd7c56a7e1586cd267a43442518,1758.906,11.701,2585304,2585304,0,1,0,20,ESP32/cnn_tflite_esp32/reports/20261008T215503505222Z/report.csv,29268
a0640.raw,1,0,255,0,0,1,1779.23,1048576,312380,2,equal,2,841.291,2680744,2680724,0,419a502e83f1fb02d40134cf1a17e303c999cd4fd766a54d2a736d7b50c81e90,1767.462,11.768,2585304,2585304,0,1,0,20,ESP32/cnn_tflite_esp32/reports/20261008T215503505222Z/report.csv,29268
a0641.raw,1,3,253,0,0,1,1779.554,1048576,312380,2,equal,2,933.778,2680744,2680724,0,f9ef612da1bc4a8ed5bba93a01fb85897c8e4cac1d7b32dd775e61e2de221ee8,1767.854,11.700,2585304,2585304,0,1,0,20,ESP32/cnn_tflite_esp32/reports/20261008T215503505222Z/report.csv,29268
a0642.raw,1,0,255,0,0,1,1773.089,1048576,312380,2,equal,2,727.357,2680744,2680724,0,d41812a4fcdf140d7613e77d86b83942abb72c31bfdf8034c1d831ebde5f8572,1761.225,11.864,2585304,2585304,0,1,0,20,ESP32/cnn_tflite_esp32/reports/20261008T215503505222Z/report.csv,29268
a0643.raw,1,0,255,0,0,1,1774.749,1048576,312380,2,equal,2,740.986,2680744,2680744,0,34933e28a69957a687228ab35ce4bfb14e8306da0e45606bb9ad8a27ecf98dd7,1763.007,11.742,2585304,2585304,0,1,0,20,ESP32/cnn_tflite_esp32/reports/20261008T215503505222Z/report.csv,29268
a0644.raw,1,0,255,0,0,1,1774.385,1048576,312380,2,equal,2,831.180,2680744,2680724,0,a2c086c9fdf94f8bf434fca21e98e94343d0fef20b8516782a09f49719837224,1762.668,11.717,2585304,2585304,0,1,0,20,ESP32/cnn_tflite_esp32/reports/20261008T215503505222Z/report.csv,29268
a0645.raw,1,0,255,0,0,1,1776.386,1048576,312380,2,equal,2,1283.594,2680744,2680724,0,53d20488c87c324fa21581a9baaacfb3318a435ff07ee08e518d3aa0b6a91f4c,1764.789,11.597,2585304,2585304,0,1,0,20,ESP32/cnn_tflite_esp32/reports/20261008T215503505222Z/report.csv,29268
a0646.raw,1,0,255,0,0,1,1773.511,1048576,312380,2,equal,2,931.521,2680744,2680724,0,17313d45bdd341c878e233534381d78668e6a450727e5e06bc0b9e70ae68469e,1761.861,11.650,2585304,2585304,0,1,0,20,ESP32/cnn_tflite_esp32/reports/20261008T215503505222Z/report.csv,29268
a0647.raw,1,0,255,0,0,1,1772.09,1048576,312380,2,equal,2,906.438,2680744,2680724,0,1bf889c4892147eba17b1b2b406ccc3000514ed7cc441a4797443ba60c33cb2b,1760.312,11.778,2585304,2585304,0,1,0,20,ESP32/cnn_tflite_esp32/reports/20261008T215503505222Z/report.csv,29268
a0648.raw,1,0,255,0,0,1,1776.508,1048576,312380,2,equal,2,848.157,2680744,2680724,0,e68447f0c3eca77bff1bc45e93cc5f1cf762330866e998e89e9f513c2d776f38,1764.849,11.659,2585304,2585304,0,1,0,20,ESP32/cnn_tflite_esp32/reports/20261008T215503505222Z/report.csv,29268
a0649.raw,1,0,255,0,0,1,1776.398,1048576,312380,2,equal,2,893.467,2680744,2680724,0,a660e800450cb3e1880d15c0ae723227e359447cb990a8940cc6ea25f4b46436,1764.737,11.661,2585304,2585304,0,1,0,20,ESP32/cnn_tflite_esp32/reports/20261008T215503505222Z/report.csv,29268
a0650.raw,1,0,255,0,0,1,1777.877,1048576,312380,2,equal,2,1007.383,2680744,2680724,0,5cd5faf536f6286f29054a1512919fe1895445179733dd0aaf32e8ed76b3ee7b,1766.336,11.541,2585304,2585304,0,1,0,20,ESP32/cnn_tflite_esp32/reports/20261008T215503505222Z/report.csv,29268
a0651.raw,1,0,255,0,0,1,1788.467,1048576,312380,2,equal,2,874.062,2680744,2680724,0,c9732a7e90a01695a4fa4e491c7b19a166636f3c34e0bd3883f96a5d9ae0ca3a,1776.559,11.908,2585304,2585304,0,1,0,20,ESP32/cnn_tflite_esp32/reports/20261008T215503505222Z/report.csv,29268
a0652.raw,1,0,255,0,0,1,1779.856,1048576,312380,2,equal,2,874.059,2680744,2680724,0,9cf9b749d9c91958e6238aeae77b0aacb3c627de130b359f2db8217eee63df4b,1768.021,11.835,2585304,2585304,0,1,0,20,ESP32/cnn_tflite_esp32/reports/20261008T215503505222Z/report.csv,29268
a0653.raw,1,0,255,0,0,1,1781.202,1048576,312380,2,equal,2,840.982,2680744,2680724,0,1d894ac344c04848655fd15ca8a51f017c4f9e7d030cf4e183f1dac418d89578,1769.541,11.661,2585304,2585304,0,1,0,20,ESP32/cnn_tflite_esp32/reports/20261008T215503505222Z/report.csv,29268
a0654.raw,1,0,255,0,0,1,1782.166,1048576,312380,2,equal,2,897.152,2680744,2680724,0,a571b3e711a3e1450c23c7bf748983d15a105f46d0ac5fec29d9afb9b5e8324c,1770.549,11.617,2585304,2585304,0,1,0,20,ESP32/cnn_tflite_esp32/reports/20261008T215503505222Z/report.csv,29268
a0655.raw,1,0,255,0,0,1,1782.359,1048576,312380,2,equal,2,934.408,2680744,2680724,0,634c19040654241c5cc02e93e064d1d0ad583c5ae62ab0547143525b28ebd35b,1770.798,11.561,2585304,2585304,0,1,0,20,ESP32/cnn_tflite_esp32/reports/20261008T215503505222Z/report.csv,29268
a0656.raw,1,0,255,0,0,1,1771.06,1048576,312380,2,equal,2,949.347,2680744,2680724,0,fae7caca1e76edd9d5acd286aa47861f26f52ac773a77a6b92062064992ca08d,1759.272,11.788,2585304,2585304,0,1,0,20,ESP32/cnn_tflite_esp32/reports/20261008T215503505222Z/report.csv,29268
a0657.raw,1,0,255,0,0,1,1777.69,1048576,312380,2,equal,2,726.352,2680744,2680724,0,c2ff8b91f89691ea56b855809856aa604bc77eaba77620338ca06fd95a61a610,1766.050,11.640,2585304,2585304,0,1,0,20,ESP32/cnn_tflite_esp32/reports/20261008T215503505222Z/report.csv,29268
a0658.raw,1,0,255,0,0,1,1783.945,1048576,312380,2,equal,2,1152.873,2680744,2680724,0,9b3b72a1aee6899030fae9cd1e2f1f078d4de72cc982866d28b2caca73ce571b,1772.261,11.684,2585304,2585304,0,1,0,20,ESP32/cnn_tflite_esp32/reports/20261008T215503505222Z/report.csv,29268
a0659.raw,1,0,255,0,0,1,1763.85,1048576,312380,2,equal,2,519.490,2680744,2680724,0,9015d44dff5da1dd16fcf62dbac7adad9437ad609ee45478cdab88e61095b0e5,1752.111,11.739,2585304,2585304,0,1,0,20,ESP32/cnn_tflite_esp32/reports/20261008T215503505222Z/report.csv,29268
a0660.raw,1,0,255,0,0,1,1770.378,1048576,312380,12,mode,11,520.257,2680744,2680724,0,099e7fc5bb3d755ed8db6b23bcd6ca63288420fd1ac18ad88c435f88bd58942c,1758.606,11.772,2585304,2585304,0,1,0,20,ESP32/cnn_tflite_esp32/reports/20261008T215503505222Z/report.csv,29268
a0661.raw,1,0,255,0,0,1,1775.768,1048576,312380,2,equal,2,555.606,2680744,2680724,0,9c95d12f9e4e811b63845a1788fa9eb0db8f9aea6cb9abbae1e57fa9118b69ce,1764.132,11.636,2585304,2585304,0,1,0,20,ESP32/cnn_tflite_esp32/reports/20261008T215503505222Z/report.csv,29268
a0662.raw,1,0,255,0,0,1,1768.389,1048576,312380,2,equal,2,491.958,2680744,2680744,0,436f4eac7a2b0aa02b4b3e7df86994f81fac72589d9f450d8c4287530a6a289f,1756.701,11.688,2585304,2585304,0,1,0,20,ESP32/cnn_tflite_esp32/reports/20261008T215503505222Z/report.csv,29268
a0663.raw,1,0,255,0,0,1,1775.296,1048576,312380,2,equal,2,489.698,2680744,2680744,0,c33e4a7ae26edfdb5e477a98cbd728e8947140eb7ddc3bac809ac0cdc90c19d3,1763.708,11.588,2585304,2585304,0,1,0,20,ESP32/cnn_tflite_esp32/reports/20261008T215503505222Z/report.csv,29268
a0664.raw,1,0,255,0,0,1,1773.555,1048576,312380,2,equal,2,484.920,2680764,2680744,0,dfeb03476b29758ca7b95808208ef1a7924851b0a2a33a7dc12239d92d77aa99,1761.859,11.696,2585304,2585304,0,1,0,20,ESP32/cnn_tflite_esp32/reports/20261008T215503505222Z/report.csv,29268
a0665.raw,1,0,255,0,0,1,1771.991,1048576,312380,2,equal,2,569.863,2680744,2680724,0,f5dbee2dd691ac78e28d8df33e3a7820d82052b1235137c84f2a4b4bc1978811,1760.419,11.572,2585304,2585304,0,1,0,20,ESP32/cnn_tflite_esp32/reports/20261008T215503505222Z/report.csv,29268
a0666.raw,1,0,255,0,0,1,1766.513,1048576,312380,2,equal,2,500.701,2680744,2680744,0,db0f911fbc8a0b4e6f940165befc1fc94f5d599ba022ef7eef036bdbe52f00e1,1754.754,11.759,2585304,2585304,0,1,0,20,ESP32/cnn_tflite_esp32/reports/20261008T215503505222Z/report.csv,29268
a0667.raw,1,0,255,0,0,1,1776.071,1048576,312380,2,equal,2,510.709,2680744,2680724,0,7bf3a9ea47331807ccd3a1ad332ea885de8ed11e23365daa4cd3b32113e5186c,1764.294,11.777,2585304,2585304,0,1,0,20,ESP32/cnn_tflite_esp32/reports/20261008T215503505222Z/report.csv,29268
a0668.raw,1,0,255,0,0,1,1774.026,1048576,312380,2,equal,2,510.591,2680744,2680724,0,bdc6133e3fa88c18d5041f23fa08bd4ff650de00db8f83680619397134ac4e15,1761.954,12.072,2585304,2585304,0,1,0,20,ESP32/cnn_tflite_esp32/reports/20261008T215503505222Z/report.csv,29268
a0669.raw,1,0,255,0,0,1,1777.055,1048576,312380,2,equal,2,522.312,2680744,2680724,0,db085cd0ccac11ed5a02448adff2e7961958d6219f9e9e9b35698481eeb662bd,1765.430,11.625,2585304,2585304,0,1,0,20,ESP32/cnn_tflite_esp32/reports/20261008T215503505222Z/report.csv,29268
a0670.raw,1,0,255,0,0,1,1769.701,1048576,312380,2,equal,2,611.660,2680744,2680724,0,5fc7d0f07cec41d77d13e73aded83b9607351424b14caa51c686906a1c67dd73,1757.896,11.805,2585304,2585304,0,1,0,20,ESP32/cnn_tflite_esp32/reports/20261008T215503505222Z/report.csv,29268
a0671.raw,1,0,255,0,0,1,1774.456,1048576,312380,2,equal,2,552.178,2680744,2680724,0,9e2725fb9fd9d4a0239cab93c2056c2f86c2ab8bffae3929468db45a09dffb88,1762.681,11.775,2585304,2585304,0,1,0,20,ESP32/cnn_tflite_esp32/reports/20261008T215503505222Z/report.csv,29268
a0672.raw,1,0,255,0,0,1,1773.324,1048576,312380,2,equal,2,496.558,2680744,2680744,0,bce3d3c547c7d7fb047a286c511fa3df85fc4d27f31d0b563c5e630cbf521e2c,1761.576,11.748,2585304,2585304,0,1,0,20,ESP32/cnn_tflite_esp32/reports/20261008T215503505222Z/report.csv,29268
a0673.raw,1,0,255,0,0,1,1772.931,1048576,312380,2,equal,2,527.665,2680744,2680724,0,f50a1c4d85baf75a2e70fc0c333baed696e56736a72ea737fd33c88fe1025ac2,1761.304,11.627,2585304,2585304,0,1,0,20,ESP32/cnn_tflite_esp32/reports/20261008T215503505222Z/report.csv,29268
a0674.raw,1,0,255,0,0,1,1768.757,1048576,312380,2,equal,2,501.473,2680744,2680744,0,00cbe87322f4a57845f8b83ed5dfc079f405691ce63735814b3ec95b5eb18bae,1757.176,11.581,2585304,2585304,0,1,0,20,ESP32/cnn_tflite_esp32/reports/20261008T215503505222Z/report.csv,29268
a0675.raw,1,0,255,0,0,1,1776.645,1048576,312380,2,equal,2,524.147,2680744,2680724,0,7d49dd74235fdb35c16e9bf081e753c18453a786a2f23195b968f8fb90bf6c5e,1765.046,11.599,2585304,2585304,0,1,0,20,ESP32/cnn_tflite_esp32/reports/20261008T215503505222Z/report.csv,29268
a0676.raw,1,0,255,0,0,1,1772.885,1048576,312380,2,equal,2,514.519,2680744,2680724,0,8f57ad2e05199303a1fde41583422fbbca4a56df3e70fd353c085672fae7a1fb,1760.461,12.424,2585304,2585304,0,1,0,20,ESP32/cnn_tflite_esp32/reports/20261008T215503505222Z/report.csv,29268
a0677.raw,1,0,255,0,0,1,1769.305,1048576,312380,2,equal,2,538.825,2680744,2680724,0,65787d7c44ec7b619760f1d18b6b0b0618d8037b770d4e6cb77b9b4a2483f762,1757.580,11.725,2585304,2585304,0,1,0,20,ESP32/cnn_tflite_esp32/reports/20261008T215503505222Z/report.csv,29268
a0678.raw,1,0,255,0,0,1,1771.702,1048576,312380,2,equal,2,506.980,2680744,2680744,0,95b4a7f0044181fe9a1ddbcc4f0dffef15e642b3b95e0d72b7dc68e5a54a293d,1760.029,11.673,2585304,2585304,0,1,0,20,ESP32/cnn_tflite_esp32/reports/20261008T215503505222Z/report.csv,29268
a0679.raw,1,0,255,0,0,1,1768.038,1048576,312380,2,equal,2,621.281,2680744,2680724,0,056a509530372d827e15de667dfbd9cf626ddc84cb7e258ac9faa9a00871798d,1756.375,11.663,2585304,2585304,0,1,0,20,ESP32/cnn_tflite_esp32/reports/20261008T215503505222Z/report.csv,29268
a0680.raw,1,0,255,0,0,1,1768.788,1048576,312380,2,equal,2,515.070,2680744,2680724,0,eb40e42301fb8f1cc295320265cce940cadc8d3018568990d8089e538dd5f12e,1757.012,11.776,2585304,2585304,0,1,0,20,ESP32/cnn_tflite_esp32/reports/20261008T215503505222Z/report.csv,29268
a0681.raw,1,0,255,0,0,1,1774.933,1048576,312380,2,equal,2,508.328,2680744,2680744,0,9321d5a42cd95e410855f2d1b150469b38d32760edb7bed1797ea3a6a3c513c7,1763.185,11.748,2585304,2585304,0,1,0,20,ESP32/cnn_tflite_esp32/reports/20261008T215503505222Z/report.csv,29268
a0682.raw,1,1,255,0,0,1,1770.995,1048576,312380,2,equal,2,526.866,2680744,2680724,0,909d17c530df55b92c24f41861281efd7a055853466911d6dc0fbf978fb97ab0,1759.274,11.721,2585304,2585304,0,1,0,20,ESP32/cnn_tflite_esp32/reports/20261008T215503505222Z/report.csv,29268
a0683.raw,1,0,255,0,0,1,1775.462,1048576,312380,2,equal,2,529.103,2680744,2680724,0,6bdd764552780c3269e049c49055033a2fe0d2c9105fbeecfc79865a62cec9cc,1763.756,11.706,2585304,2585304,0,1,0,20,ESP32/cnn_tflite_esp32/reports/20261008T215503505222Z/report.csv,29268
a0684.raw,1,0,255,0,0,1,1770.846,1048576,312380,2,equal,2,489.162,2680744,2680744,0,4d238f372fc091265e1a228c3389484dc56f55c79994f6fa93b8da45c708dc54,1759.189,11.657,2585304,2585304,0,1,0,20,ESP32/cnn_tflite_esp32/reports/20261008T215503505222Z/report.csv,29268
a0685.raw,1,0,255,0,0,1,1772.103,1048576,312380,2,equal,2,487.248,2680744,2680744,0,ca78f5c69df2a8656fb199d499ddfc0032fbeaf95066ac29e768b0a36426462e,1760.474,11.629,2585304,2585304,0,1,0,20,ESP32/cnn_tflite_esp32/reports/20261008T215503505222Z/report.csv,29268
a0686.raw,1,0,255,0,0,1,1764.696,1048576,312380,2,equal,2,515.270,2680744,2680724,0,199eaccbcd10fb942a59f705a6686cc946a6616152bc1c5215ef75279185a55f,1753.099,11.597,2585304,2585304,0,1,0,20,ESP32/cnn_tflite_esp32/reports/20261008T215503505222Z/report.csv,29268
a0687.raw,1,0,255,0,0,1,1766.668,1048576,312380,2,equal,2,479.706,2680744,2680724,0,27c6c28362c47366d9fb156b03f2cac2198bea31ff01335dee26682d7d40729e,1754.856,11.812,2585304,2585304,0,1,0,20,ESP32/cnn_tflite_esp32/reports/20261008T215503505222Z/report.csv,29268
a0688.raw,1,0,255,0,0,1,1769.002,1048576,312380,2,equal,2,484.649,2680744,2680744,0,e9bf0191f8314743bc2df3763c2f94ae1a382a18638d7b31c02d4f61716061be,1757.300,11.702,2585304,2585304,0,1,0,20,ESP32/cnn_tflite_esp32/reports/20261008T215503505222Z/report.csv,29268
a0689.raw,1,0,255,0,0,1,1772.691,1048576,312380,2,equal,2,613.601,2680744,2680724,0,fd65e4a98af7a2dce64fa807f43e77feb08ebdbae7b56de3713c61172cfbc382,1761.139,11.552,2585304,2585304,0,1,0,20,ESP32/cnn_tflite_esp32/reports/20261008T215503505222Z/report.csv,29268
a0690.raw,1,0,255,0,0,1,1768.914,1048576,312380,2,equal,2,520.857,2680744,2680724,0,a3cb9fc5a0e8763ba6e815f7be8cd2e46529e57ad711fe7d4f9b980a72dbcfdf,1757.326,11.588,2585304,2585304,0,1,0,20,ESP32/cnn_tflite_esp32/reports/20261008T215503505222Z/report.csv,29268
a0691.raw,1,0,255,0,0,1,1770.199,1048576,312380,2,equal,2,525.702,2680744,2680724,0,f5945fd133bf96a18cf61e68d92789c088c9fba82b71e689e6b86004dc1bf151,1758.627,11.572,2585304,2585304,0,1,0,20,ESP32/cnn_tflite_esp32/reports/20261008T215503505222Z/report.csv,29268
a0692.raw,1,0,255,0,0,1,1770.853,1048576,312380,2,equal,2,497.407,2680744,2680744,0,d885b1735e32a90cc5655e2e22d42e3c22c457c952621d21f32b554d5320c9f2,1759.101,11.752,2585304,2585304,0,1,0,20,ESP32/cnn_tflite_esp32/reports/20261008T215503505222Z/report.csv,29268
a0693.raw,1,0,255,0,0,1,1767.984,1048576,312380,2,equal,2,507.757,2680744,2680744,0,e5dc2e0747c92ca9848dcf01e6e4e7f878764e692eff29e7f1741c230659b7ee,1756.281,11.703,2585304,2585304,0,1,0,20,ESP32/cnn_tflite_esp32/reports/20261008T215503505222Z/report.csv,29268
a0694.raw,1,0,255,0,0,1,1772.085,1048576,312380,2,equal,2,499.595,2680744,2680744,0,513e71aee499d89696049760514ca65365093d7757bab712345460d080cc64f0,1760.290,11.795,2585304,2585304,0,1,0,20,ESP32/cnn_tflite_esp32/reports/20261008T215503505222Z/report.csv,29268
a0695.raw,1,0,255,0,0,1,1769.625,1048576,312380,2,equal,2,482.020,2680744,2680724,0,82d72ccdeb8faac1190d878620bc945d6797e371c772c5924078444d2e5b6fe2,1757.862,11.763,2585304,2585304,0,1,0,20,ESP32/cnn_tflite_esp32/reports/20261008T215503505222Z/report.csv,29268
a0696.raw,1,0,255,0,0,1,1765.958,1048576,312380,2,equal,2,488.562,2680744,2680744,0,17851ca541933a5a343812ce83657c97b3a716e4cdbc05977d3a95d5ee586fc4,1754.165,11.793,2585304,2585304,0,1,0,20,ESP32/cnn_tflite_esp32/reports/20261008T215503505222Z/report.csv,29268
a0697.raw,1,0,255,0,0,1,1767.971,1048576,312380,2,equal,2,509.593,2680744,2680724,0,9dfdc1074afb34a51d940b1f9145397ac13621fc1be24b0ef464b44fd25d8ff0,1756.286,11.685,2585304,2585304,0,1,0,20,ESP32/cnn_tflite_esp32/reports/20261008T215503505222Z/report.csv,29268
a0698.raw,1,0,255,0,0,1,1769.057,1048576,312380,2,equal,2,494.575,2680744,2680744,0,81033504f137915f62bd85b6c950b4d9e97df4b071ce48b85aeb4b36d2a07a7e,1757.369,11.688,2585304,2585304,0,1,0,20,ESP32/cnn_tflite_esp32/reports/20261008T215503505222Z/report.csv,29268
a0699.raw,1,0,255,0,0,1,1773.34,1048576,312380,2,equal,2,506.627,2680744,2680744,0,9e1a5d5697325306751dbdc84379d9ff488c08fd4d5d6f3593588d5bb857c038,1761.581,11.759,2585304,2585304,0,1,0,20,ESP32/cnn_tflite_esp32/reports/20261008T215503505222Z/report.csv,29268
a0700.raw,1,0,255,0,0,1,1765.946,1048576,312380,2,equal,2,1129.009,2680744,2680732,0,7f36c1f39e0065acb41bc31f495a474da81819171f4ff45fe4d7d9f4003fe583,1754.228,11.718,2585304,2585304,0,1,0,20,ESP32/cnn_tflite_esp32/reports/20261008T215503505222Z/report.csv,29268
a0701.raw,1,0,255,0,0,1,1762.406,1048576,312380,2,equal,2,480.372,2680744,2680724,0,3e3acc630f6aaf19bd89482ee39aebe965f007cc2a47709fa8a41c44e86f733b,1750.680,11.726,2585304,2585304,0,1,0,20,ESP32/cnn_tflite_esp32/reports/20261008T215503505222Z/report.csv,29268
a0702.raw,1,0,255,0,0,1,1768.641,1048576,312380,2,equal,2,484.509,2680744,2680732,0,1b341324125dcf38bf906c969e36eee92d0074d9e8b326dc195e136ffd41ac9b,1756.745,11.896,2585304,2585304,0,1,0,20,ESP32/cnn_tflite_esp32/reports/20261008T215503505222Z/report.csv,29268
a0703.raw,1,0,255,0,0,1,1766.86,1048576,312380,2,equal,2,533.820,2680744,2680724,0,5c9f43c6a091b7758b674fc8ba3c671623339fe2048d418194a2b9d8ce022161,1755.199,11.661,2585304,2585304,0,1,0,20,ESP32/cnn_tflite_esp32/reports/20261008T215503505222Z/report.csv,29268
a0704.raw,1,0,255,0,0,1,1770.505,1048576,312380,2,equal,2,491.081,2680744,2680744,0,5277cc938bd8fe108c9d1e9fc21105c6073e2c6a096e942ea41627b2a8d0cd6c,1758.696,11.809,2585304,2585304,0,1,0,20,ESP32/cnn_tflite_esp32/reports/20261008T215503505222Z/report.csv,29268
a0705.raw,1,0,255,0,0,1,1768.843,1048576,312380,2,equal,2,512.402,2680744,2680724,0,21915f5fbc067051afe2254240d2e32c955545c4644e9ed05390d947eba1f1a3,1756.971,11.872,2585304,2585304,0,1,0,20,ESP32/cnn_tflite_esp32/reports/20261008T215503505222Z/report.csv,29268
a0706.raw,1,0,255,0,0,1,1770.44,1048576,312380,2,equal,2,509.225,2680744,2680724,0,fdbf1882ccbae27e4dbf8f10909ae15ab1e731b5341fcf60455fad2b42898a95,1758.699,11.741,2585304,2585304,0,1,0,20,ESP32/cnn_tflite_esp32/reports/20261008T215503505222Z/report.csv,29268
a0707.raw,1,0,255,0,0,1,1769.142,1048576,312380,2,equal,2,486.304,2680744,2680744,0,c936739834e90548fe5fb0151f0f9fe6eda7ed327db5f073679ea2801ea68901,1757.528,11.614,2585304,2585304,0,1,0,20,ESP32/cnn_tflite_esp32/reports/20261008T215503505222Z/report.csv,29268
a0708.raw,1,0,255,0,0,1,1767.631,1048576,312380,2,equal,2,511.623,2680744,2680724,0,eab64dd9927db08472022d149e610c56d196464dc69bb52bcfae9f948a92bfed,1755.642,11.989,2585304,2585304,0,1,0,20,ESP32/cnn_tflite_esp32/reports/20261008T215503505222Z/report.csv,29268
a0709.raw,1,0,255,0,0,1,1764.449,1048576,312380,2,equal,2,615.990,2680744,2680724,0,6911f0cb7fa9672f271360b7ee3b416ad621da3bb5ccf6cf7f4e5cb12d293a56,1752.654,11.795,2585304,2585304,0,1,0,20,ESP32/cnn_tflite_esp32/reports/20261008T215503505222Z/report.csv,29268
a0710.raw,1,0,255,0,0,1,1766.748,1048576,312380,2,equal,2,490.201,2680744,2680744,0,c2eaa8c1da4446b4bada0f09cc9d513d91cc3d566aa9a705af316d0ed7da7a02,1755.059,11.689,2585304,2585304,0,1,0,20,ESP32/cnn_tflite_esp32/reports/20261008T215503505222Z/report.csv,29268
a0711.raw,1,0,255,0,0,1,1772.503,1048576,312380,2,equal,2,491.725,2680744,2680744,0,69aca4ad6863a93a51372f88ecac666156e5cdbff974b34171886ce830d15f65,1760.762,11.741,2585304,2585304,0,1,0,20,ESP32/cnn_tflite_esp32/reports/20261008T215503505222Z/report.csv,29268
a0712.raw,1,1,255,0,0,1,1769.386,1048576,312380,2,equal,2,927.550,2680744,2680724,0,9b3c3add3de2013b14133ebfda01f3a662b9fb913ab62852487a5e8a3d758cc9,1757.701,11.685,2585304,2585304,0,1,0,20,ESP32/cnn_tflite_esp32/reports/20261008T215503505222Z/report.csv,29268
a0713.raw,1,1,255,0,0,1,1771.171,1048576,312380,2,equal,2,511.660,2680744,2680744,0,893e70179f61c1446884d719df1149b1c793370d75fd787447c9ff71452ab12f,1759.494,11.677,2585304,2585304,0,1,0,20,ESP32/cnn_tflite_esp32/reports/20261008T215503505222Z/report.csv,29268
a0714.raw,1,1,255,0,0,1,1772.992,1048576,312380,2,equal,2,497.435,2680744,2680744,0,ff6e367238e8ebb37a52e9253b9ec54ef98cfab1acae276cdc8b13b93ed72a77,1761.289,11.703,2585304,2585304,0,1,0,20,ESP32/cnn_tflite_esp32/reports/20261008T215503505222Z/report.csv,29268
a0715.raw,1,0,255,0,0,1,1781.121,1048576,312380,2,equal,2,537.721,2680744,2680724,0,bf3189972879796b54c062b843378701c96bb1fc5abafaeeacb1ed2867f72cee,1769.572,11.549,2585304,2585304,0,1,0,20,ESP32/cnn_tflite_esp32/reports/20261008T215503505222Z/report.csv,29268
a0716.raw,1,0,255,0,0,1,1778.126,1048576,312380,2,equal,2,520.487,2680744,2680724,0,ad0e4f5add5599c9ff49ff332ca0f2dc6b5de5511116459cc9df8ec79a300d4e,1766.549,11.577,2585304,2585304,0,1,0,20,ESP32/cnn_tflite_esp32/reports/20261008T215503505222Z/report.csv,29268
a0717.raw,1,1,255,0,0,1,1781.22,1048576,312380,2,equal,2,513.438,2680744,2680752,8,153eb7c2a9039390e8216526def3fb702ce8fe07d6610494ba192e54e248e0f1,1769.515,11.705,2585304,2585304,0,1,0,20,ESP32/cnn_tflite_esp32/reports/20261008T215503505222Z/report.csv,29268
a0718.raw,1,0,255,0,0,1,1780.219,1048576,312380,2,equal,2,502.692,2680744,2680744,0,bb2f68686eedfddef624cb8bc8f85237551fce4d6f5d1a3dba15efb9a70c546c,1768.217,12.002,2585304,2585304,0,1,0,20,ESP32/cnn_tflite_esp32/reports/20261008T215503505222Z/report.csv,29268
a0719.raw,1,0,255,0,0,1,1779.574,1048576,312380,2,equal,2,508.513,2680744,2680724,0,2a10b510c20c3a9cd9838a07d7849f1e461ff3f83c9624146c2102f399518548,1767.979,11.595,2585304,2585304,0,1,0,20,ESP32/cnn_tflite_esp32/reports/20261008T215503505222Z/report.csv,29268
a0720.raw,1,0,255,0,0,1,1780.319,1048576,312380,2,equal,2,766.890,2680744,2680732,0,4a4b01dcf28b5836e8d3e069ec4c0560a0a407c2be691320cbf32e032db652c4,1768.725,11.594,2585304,2585304,0,1,0,20,ESP32/cnn_tflite_esp32/reports/20261008T215503505222Z/report.csv,29268
a0721.raw,1,0,255,0,0,1,1778.429,1048576,312380,2,equal,2,529.953,2680744,2680724,0,95b46dee6ce1ea35ece0f1db6d5cac9dbf7c9757ae6d07feccca774a13a00a69,1766.795,11.634,2585304,2585304,0,1,0,20,ESP32/cnn_tflite_esp32/reports/20261008T215503505222Z/report.csv,29268
a0722.raw,1,0,255,0,0,1,1778.449,1048576,312380,2,equal,2,623.579,2680744,2680724,0,197dd8a6478f49d600a3fe42398093b0348316ec0b5de7c56478c6eb0f0e8024,1766.728,11.721,2585304,2585304,0,1,0,20,ESP32/cnn_tflite_esp32/reports/20261008T215503505222Z/report.csv,29268
a0723.raw,1,29,227,0,0,1,1779.782,1048576,312380,2,equal,2,511.347,2680744,2680744,0,deb990e427b2073bfd1029a328f5e720a2c108d08534dedeeab019a60fb927c8,1767.359,12.423,2585304,2585304,0,1,0,20,ESP32/cnn_tflite_esp32/reports/20261008T215503505222Z/report.csv,29268
a0724.raw,1,1,255,0,0,1,1782.353,1048576,312380,2,equal,2,491.228,2680744,2680744,0,4ac2e51012d2a9f2ebce6f78a5683ad0d50df24211d9c4881fbbc2c30cd924f5,1770.762,11.591,2585304,2585304,0,1,0,20,ESP32/cnn_tflite_esp32/reports/20261008T215503505222Z/report.csv,29268
a0725.raw,1,0,255,0,0,1,1782.269,1048576,312380,2,equal,2,625.851,2680744,2680724,0,7ce399468581e3c833f16f89b7cfdf56b38d034d48d9f15b9ce4ed32e15b0073,1770.694,11.575,2585304,2585304,0,1,0,20,ESP32/cnn_tflite_esp32/reports/20261008T215503505222Z/report.csv,29268
a0726.raw,1,2,254,0,0,1,1779.652,1048576,312380,2,equal,2,527.719,2680744,2680724,0,8b7247c1d5d00936fbf9b48f43507cfb35df2375275e3df0991c5ac4491454b7,1768.007,11.645,2585304,2585304,0,1,0,20,ESP32/cnn_tflite_esp32/reports/20261008T215503505222Z/report.csv,29268
a0727.raw,1,3,253,0,0,1,1778.661,1048576,312380,2,equal,2,617.191,2680744,2680724,0,d409a69111665ae6c1732564808f1be4c085d2f350542e1bdb034e57a52630ba,1766.994,11.667,2585304,2585304,0,1,0,20,ESP32/cnn_tflite_esp32/reports/20261008T215503505222Z/report.csv,29268
a0728.raw,1,0,255,0,0,1,1779.683,1048576,312380,2,equal,2,629.157,2680744,2680724,0,8937cd143e5e18d78aeae1384a6e02916d29af3da383656d067f4d36fd36a383,1767.794,11.889,2585304,2585304,0,1,0,20,ESP32/cnn_tflite_esp32/reports/20261008T215503505222Z/report.csv,29268
a0729.raw,1,0,255,0,0,1,1780.594,1048576,312380,2,equal,2,512.381,2680744,2680744,0,e138e098ce3d435de9b36271aeffdad218e7344a5944744a45336cc7761caccb,1768.924,11.670,2585304,2585304,0,1,0,20,ESP32/cnn_tflite_esp32/reports/20261008T215503505222Z/report.csv,29268
a0730.raw,1,0,255,0,0,1,1779.823,1048576,312380,2,equal,2,527.229,2680744,2680724,0,c99632ae2bae9f219dec0cd881539a10ad9c99253c78c58a9060ebe7ef43f8e9,1768.138,11.685,2585304,2585304,0,1,0,20,ESP32/cnn_tflite_esp32/reports/20261008T215503505222Z/report.csv,29268
a0731.raw,1,0,255,0,0,1,1777.89,1048576,312380,2,equal,2,511.866,2680764,2680724,0,5d4fca5eca9d583601fcce75a68ce4820701ba95f58c42e4f9d6615319a450ad,1766.248,11.642,2585304,2585304,0,1,0,20,ESP32/cnn_tflite_esp32/reports/20261008T215503505222Z/report.csv,29268
a0732.raw,1,0,255,0,0,1,1783.864,1048576,312380,2,equal,2,680.880,2680744,2680724,0,7aafedf7199d2b380971b48ca7725b54e27a33b6e6cce04289eaf6f791f18771,1770.959,12.905,2585304,2585304,0,1,0,20,ESP32/cnn_tflite_esp32/reports/20261008T215503505222Z/report.csv,29268
a0733.raw,1,0,255,0,0,1,1778.752,1048576,312380,2,equal,2,519.393,2680744,2680724,0,05cf18a81b0bde58eff84338743c4e186bceb45bc11b72471a42f1b707b8c9bf,1766.266,12.486,2585304,2585304,0,1,0,20,ESP32/cnn_tflite_esp32/reports/20261008T215503505222Z/report.csv,29268
a0734.raw,1,0,255,0,0,1,1779.426,1048576,312380,2,equal,2,555.261,2680744,2680724,0,49812b2d3beca272512069bdb0638fd4d331086b40a1f1502252da98eea16a73,1767.770,11.656,2585304,2585304,0,1,0,20,ESP32/cnn_tflite_esp32/reports/20261008T215503505222Z/report.csv,29268
a0735.raw,1,0,255,0,0,1,1780.606,1048576,312380,2,equal,2,497.159,2680744,2680744,0,860e857bb904a2db309ddc0d8f023c01131d7f405badea0b366431868cc609fa,1768.877,11.729,2585304,2585304,0,1,0,20,ESP32/cnn_tflite_esp32/reports/20261008T215503505222Z/report.csv,29268
a0736.raw,1,0,255,0,0,1,1780.104,1048576,312380,2,equal,2,555.598,2680744,2680724,0,3e94aaa87c91e9d2cb61fb60c3ab4d4e76d3c6f0f397eb04bdb5a0c86998da0e,1768.164,11.940,2585304,2585304,0,1,0,20,ESP32/cnn_tflite_esp32/reports/20261008T215503505222Z/report.csv,29268
a0737.raw,1,0,255,0,0,1,1779.072,1048576,312380,2,equal,2,560.241,2680744,2680724,0,fb1428fac44c058523bad9de2db7e244a2abf1c159805234ebdd4a2aff265031,1767.378,11.694,2585304,2585304,0,1,0,20,ESP32/cnn_tflite_esp32/reports/20261008T215503505222Z/report.csv,29268
a0738.raw,1,9,247,0,0,1,1777.768,1048576,312380,2,equal,2,517.337,2680744,2680724,0,f6cec298f08797456df2b6a41b87a5eb4748c87da552c0819d04302e0c49f2a5,1766.093,11.675,2585304,2585304,0,1,0,20,ESP32/cnn_tflite_esp32/reports/20261008T215503505222Z/report.csv,29268
a0739.raw,1,0,255,0,0,1,1780.353,1048576,312380,2,equal,2,595.226,2680744,2680724,0,fc1e8bd2607838cffa4e902c56d670b1b84712abb7883e782f0a8ef13152d05b,1768.620,11.733,2585304,2585304,0,1,0,20,ESP32/cnn_tflite_esp32/reports/20261008T215503505222Z/report.csv,29268
a0740.raw,1,1,255,0,0,1,1780.886,1048576,312380,2,equal,2,517.439,2680764,2680728,0,d8222db079ad52dd3dc1f6ed857a0beec97883f6e302a915c2ad66691759fc7d,1769.213,11.673,2585304,2585304,0,1,0,20,ESP32/cnn_tflite_esp32/reports/20261008T215503505222Z/report.csv,29268
a0741.raw,1,0,255,0,0,1,1778.764,1048576,312380,2,equal,2,559.378,2680744,2680724,0,7c2b3f940d21e85e098ca83335b62254fdf67338d74e60332ea1bc4502838df2,1767.155,11.609,2585304,2585304,0,1,0,20,ESP32/cnn_tflite_esp32/reports/20261008T215503505222Z/report.csv,29268
a0742.raw,1,0,255,0,0,1,1777.962,1048576,312380,2,equal,2,545.930,2680744,2680724,0,354185f2366cdce559a88170ac074462eb2afd46f6032de9853803a668e1094e,1766.295,11.667,2585304,2585304,0,1,0,20,ESP32/cnn_tflite_esp32/reports/20261008T215503505222Z/report.csv,29268
a0743.raw,1,0,255,0,0,1,1779.386,1048576,312380,2,equal,2,541.449,2680744,2680724,0,4ee8c36e87feb10e69ae3f42c539b7e02701039830f17bf2f124c9fbda4f090a,1767.051,12.335,2585304,2585304,0,1,0,20,ESP32/cnn_tflite_esp32/reports/20261008T215503505222Z/report.csv,29268
a0744.raw,1,3,253,0,0,1,1780.304,1048576,312380,2,equal,2,543.982,2680744,2680724,0,5a1da96ddfefbc3e8851e924466617eb79d5545e551aba4e56e13e1ac1fae970,1768.656,11.648,2585304,2585304,0,1,0,20,ESP32/cnn_tflite_esp32/reports/20261008T215503505222Z/report.csv,29268
a0745.raw,1,0,255,0,0,1,1777.762,1048576,312380,2,equal,2,628.058,2680744,2680724,0,ec696bf023d240687c32e9aac6ad80574ae872709fa4562ad99bf45edf599bb8,1766.114,11.648,2585304,2585304,0,1,0,20,ESP32/cnn_tflite_esp32/reports/20261008T215503505222Z/report.csv,29268
a0746.raw,1,1,255,0,0,1,1778.981,1048576,312380,2,equal,2,540.742,2680744,2680732,0,f5d595d02bacb27be835ee9f5eaf7c0ead7333ffeaeec790b8389bf1bb6e5da8,1767.329,11.652,2585304,2585304,0,1,0,20,ESP32/cnn_tflite_esp32/reports/20261008T215503505222Z/report.csv,29268
a0747.raw,1,0,255,0,0,1,1779.199,1048576,312380,2,equal,2,518.684,2680744,2680724,0,647553aeba472df33aa8575f541875aa3f7de071915671de054a9efc2f7f6703,1767.462,11.737,2585304,2585304,0,1,0,20,ESP32/cnn_tflite_esp32/reports/20261008T215503505222Z/report.csv,29268
a0748.raw,1,0,255,0,0,1,1779.169,1048576,312380,2,equal,2,568.911,2680744,2680724,0,40dec6b4baf7de9ca15647438ca29196d96812917d88a79c6a28def0cd1deebd,1767.435,11.734,2585304,2585304,0,1,0,20,ESP32/cnn_tflite_esp32/reports/20261008T215503505222Z/report.csv,29268
a0749.raw,1,0,255,0,0,1,1780.582,1048576,312380,2,equal,2,519.615,2680764,2680724,0,08232c009e424ef362c3a65536ea7c244cb1899c6c6045a020bbefeb14f2f9d2,1768.812,11.770,2585304,2585304,0,1,0,20,ESP32/cnn_tflite_esp32/reports/20261008T215503505222Z/report.csv,29268
a0750.raw,1,0,255,0,0,1,1777.162,1048576,312380,2,equal,2,518.217,2680744,2680724,0,10a656c42e59642131621ec11732aace39a825061f8483a558d80e23c0007452,1765.462,11.700,2585304,2585304,0,1,0,20,ESP32/cnn_tflite_esp32/reports/20261008T215503505222Z/report.csv,29268
a0751.raw,1,0,255,0,0,1,1781.31,1048576,312380,2,equal,2,530.596,2680744,2680724,0,1cf79ccd88bdae9f139374af0f0b9c6b11d42def47de1149229ecc44e3c22732,1769.631,11.679,2585304,2585304,0,1,0,20,ESP32/cnn_tflite_esp32/reports/20261008T215503505222Z/report.csv,29268
a0752.raw,1,0,255,0,0,1,1778.971,1048576,312380,2,equal,2,510.422,2680744,2680744,0,c4f74f70830a6e3fc59b8e273efdd41bf0abbd99672ce11d6b5eff0a0ebe8947,1767.311,11.660,2585304,2585304,0,1,0,20,ESP32/cnn_tflite_esp32/reports/20261008T215503505222Z/report.csv,29268
a0753.raw,1,0,255,0,0,1,1781.044,1048576,312380,2,equal,2,644.555,2680744,2680724,0,2dc9ee6daf6e80d49dd3e0964231109c242e08c969270f3bfbfd08d9459f81ae,1769.402,11.642,2585304,2585304,0,1,0,20,ESP32/cnn_tflite_esp32/reports/20261008T215503505222Z/report.csv,29268
a0754.raw,1,0,255,0,0,1,1776.767,1048576,312380,2,equal,2,505.102,2680744,2680724,0,55c11741c3dd9d2a683e86ad5f09b6d4884db0ed2b7084964c4bb51acd9e9f78,1765.105,11.662,2585304,2585304,0,1,0,20,ESP32/cnn_tflite_esp32/reports/20261008T215503505222Z/report.csv,29268
a0755.raw,1,0,255,0,0,1,1779.376,1048576,312380,2,equal,2,543.339,2680744,2680724,0,9fcadccb37d02e802bfed49da60815649fc755e2459dcb89ebd0cf137f472399,1767.604,11.772,2585304,2585304,0,1,0,20,ESP32/cnn_tflite_esp32/reports/20261008T215503505222Z/report.csv,29268
a0756.raw,1,0,255,0,0,1,1780.736,1048576,312380,2,equal,2,487.930,2680744,2680744,0,8819cccf7722b1b6a2c9c82f8615e4727c6ec60701eb22ff872bc52d5ed3e3ff,1769.050,11.686,2585304,2585304,0,1,0,20,ESP32/cnn_tflite_esp32/reports/20261008T215503505222Z/report.csv,29268
a0757.raw,1,0,255,0,0,1,1778.609,1048576,312380,2,equal,2,560.958,2680744,2680724,0,5124924ada87a1a4a22cad367c6a0f788368bf022c2c775a19d9d22af57bfc3c,1766.907,11.702,2585304,2585304,0,1,0,20,ESP32/cnn_tflite_esp32/reports/20261008T215503505222Z/report.csv,29268
a0758.raw,1,0,255,0,0,1,1781.177,1048576,312380,2,equal,2,516.359,2680764,2680724,0,c3b88d108b8b968fff25a0a0292b7df5824ad7a822398fad07e26df668c9ad97,1769.586,11.591,2585304,2585304,0,1,0,20,ESP32/cnn_tflite_esp32/reports/20261008T215503505222Z/report.csv,29268
a0759.raw,1,0,255,0,0,1,1775.106,1048576,312380,2,equal,2,540.927,2680744,2680724,0,9d0459ca15065f0eb6954a7422078e630538c365acd9ebf9a6c9bf93ac301655,1763.327,11.779,2585304,2585304,0,1,0,20,ESP32/cnn_tflite_esp32/reports/20261008T215503505222Z/report.csv,29268
a0760.raw,1,0,255,0,0,1,1780.44,1048576,312380,2,equal,2,551.094,2680744,2680724,0,e22535554643170c675be6622e8728172e0279223705a8dff722040d574cfb31,1768.652,11.788,2585304,2585304,0,1,0,20,ESP32/cnn_tflite_esp32/reports/20261008T215503505222Z/report.csv,29268
a0761.raw,1,0,255,0,0,1,1783.256,1048576,312380,2,equal,2,523.712,2680744,2680724,0,8219c00a48468c7088e5bdffeb40fdf0297ff1d06b43eafe110b58cd02692615,1770.797,12.459,2585304,2585304,0,1,0,20,ESP32/cnn_tflite_esp32/reports/20261008T215503505222Z/report.csv,29268
a0762.raw,1,0,255,0,0,1,1780.253,1048576,312380,2,equal,2,547.856,2680744,2680724,0,d9c32f47f859132d3ccea7b426e2104478df09e36d4a60644953272c7d80833c,1768.610,11.643,2585304,2585304,0,1,0,20,ESP32/cnn_tflite_esp32/reports/20261008T215503505222Z/report.csv,29268
a0763.raw,1,0,255,0,0,1,1778.423,1048576,312380,2,equal,2,504.267,2680744,2680744,0,fbc8b1282e918e98b5c8bf406125e12eaff15b9986b0d19370bedf3967c2daf8,1766.734,11.689,2585304,2585304,0,1,0,20,ESP32/cnn_tflite_esp32/reports/20261008T215503505222Z/report.csv,29268
a0764.raw,1,0,255,0,0,1,1780.395,1048576,312380,2,equal,2,538.028,2680744,2680724,0,2a370b6c1a9f0a420eb560cae52a6eaa15b667957fff1129f287c56b0b97d70c,1768.791,11.604,2585304,2585304,0,1,0,20,ESP32/cnn_tflite_esp32/reports/20261008T215503505222Z/report.csv,29268
a0765.raw,1,0,255,0,0,1,1779.148,1048576,312380,2,equal,2,522.051,2680744,2680724,0,ca9ce69d3c48eabd716caedd517aeac73bcf5c0018a3841e9ab73f5b22771cb7,1767.353,11.795,2585304,2585304,0,1,0,20,ESP32/cnn_tflite_esp32/reports/20261008T215503505222Z/report.csv,29268
a0766.raw,1,0,255,0,0,1,1778.96,1048576,312380,2,equal,2,505.579,2680744,2680744,0,4b6f922f3976b295c1814dd0803a8fa86a19fa444802ef5e4732ec6030f99637,1766.544,12.416,2585304,2585304,0,1,0,20,ESP32/cnn_tflite_esp32/reports/20261008T215503505222Z/report.csv,29268
a0767.raw,1,0,255,0,0,1,1779.316,1048576,312380,2,equal,2,534.555,2680764,2680724,0,b32f1df11b26359830ba2b9aae75f2fe5a669b96d3dfc8ff356ab6c02b33e724,1767.628,11.688,2585304,2585304,0,1,0,20,ESP32/cnn_tflite_esp32/reports/20261008T215503505222Z/report.csv,29268
a0768.raw,1,0,255,0,0,1,1776.936,1048576,312380,2,equal,2,569.262,2680744,2680724,0,9db04afe114d16eb2cf43fc5a22989756cd47f2912e9a89f69d4fbffdd13622c,1765.122,11.814,2585304,2585304,0,1,0,20,ESP32/cnn_tflite_esp32/reports/20261008T215503505222Z/report.csv,29268
a0769.raw,1,5,251,0,0,1,1779.637,1048576,312380,2,equal,2,554.435,2680744,2680724,0,ca29045df831b1fdc2d54efac0e6b9cacc1a01c097c186a80e811588d2c8de73,1767.748,11.889,2585304,2585304,0,1,0,20,ESP32/cnn_tflite_esp32/reports/20261008T215503505222Z/report.csv,29268
a0770.raw,1,0,255,0,0,1,1779.221,1048576,312380,2,equal,2,509.729,2680744,2680744,0,c0f725c508759de03b1cb5a5798f191dd5619a0fe0f81309d45fec5465f3e2ef,1767.469,11.752,2585304,2585304,0,1,0,20,ESP32/cnn_tflite_esp32/reports/20261008T215503505222Z/report.csv,29268
a0771.raw,1,0,255,0,0,1,1779.536,1048576,312380,2,equal,2,525.093,2680744,2680724,0,7513b8bc67765a0f0287a18da2fb907b699757a80e5e7a6888fc17f3e138a234,1767.796,11.740,2585304,2585304,0,1,0,20,ESP32/cnn_tflite_esp32/reports/20261008T215503505222Z/report.csv,29268
a0772.raw,1,0,255,0,0,1,1769.335,1048576,312380,2,equal,2,551.416,2680744,2680724,0,27a2f7bd0eb558fe1ef60fe9aece4b745830b02f155cf1d32d92c13fd17c7720,1756.987,12.348,2585304,2585304,0,1,0,20,ESP32/cnn_tflite_esp32/reports/20261008T215503505222Z/report.csv,29268
a0773.raw,1,0,255,0,0,1,1771.718,1048576,312380,2,equal,2,493.592,2680744,2680744,0,6c4585bad1b39830fc208b4bb122b6ffa39693288d2b91bea1f6f2dec7cce976,1759.994,11.724,2585304,2585304,0,1,0,20,ESP32/cnn_tflite_esp32/reports/20261008T215503505222Z/report.csv,29268
a0774.raw,1,0,255,0,0,1,1769.211,1048576,312380,2,equal,2,509.552,2680744,2680744,0,078afc42277a26a097f1f6912f5e9ec9bd0dc35277f67e7402fcd1a21df26395,1757.451,11.760,2585304,2585304,0,1,0,20,ESP32/cnn_tflite_esp32/reports/20261008T215503505222Z/report.csv,29268
a0775.raw,1,0,255,0,0,1,1761.937,1048576,312380,2,equal,2,524.415,2680744,2680724,0,b59c030e5bddff54ba251ecbc760cfb98f610a51dc616a0197bd6671a7a0bbc0,1750.270,11.667,2585304,2585304,0,1,0,20,ESP32/cnn_tflite_esp32/reports/20261008T215503505222Z/report.csv,29268
a0776.raw,1,0,255,0,0,1,1760.679,1048576,312380,2,equal,2,540.040,2680764,2680724,0,24bafcd65b431561c1f850eaa315ca9f30e2695bc7b72ff44e928ea9a14459eb,1748.973,11.706,2585304,2585304,0,1,0,20,ESP32/cnn_tflite_esp32/reports/20261008T215503505222Z/report.csv,29268
a0777.raw,1,0,255,0,0,1,1769.925,1048576,312380,2,equal,2,532.883,2680744,2680724,0,952eb4ff7f0af02d4d60c3168ccba4ed1391d222478c3990c6c8287dc9c00f79,1758.304,11.621,2585304,2585304,0,1,0,20,ESP32/cnn_tflite_esp32/reports/20261008T215503505222Z/report.csv,29268
a0778.raw,1,0,255,0,0,1,1763.495,1048576,312380,2,equal,2,536.486,2680744,2680724,0,b36cc6db312d3e76396eee7d5940de8e22044e646c7c71bb67e19fe1d75b69dd,1751.705,11.790,2585304,2585304,0,1,0,20,ESP32/cnn_tflite_esp32/reports/20261008T215503505222Z/report.csv,29268
a0779.raw,1,0,255,0,0,1,1770.129,1048576,312380,2,equal,2,512.146,2680744,2680724,0,f754276590786d9c82c334ee4d9ee07cdd787230fb8e50f493edf3e299e3d4a3,1758.126,12.003,2585304,2585304,0,1,0,20,ESP32/cnn_tflite_esp32/reports/20261008T215503505222Z/report.csv,29268
a0780.raw,1,0,255,0,0,1,1770.171,1048576,312380,2,equal,2,545.196,2680744,2680724,0,f32bac776c66defa2bba11dc8491c2591327ab63e02b1ae42e5f21f8cd01feeb,1758.410,11.761,2585304,2585304,0,1,0,20,ESP32/cnn_tflite_esp32/reports/20261008T215503505222Z/report.csv,29268
a0781.raw,1,0,255,0,0,1,1769.892,1048576,312380,2,equal,2,498.786,2680744,2680744,0,dc733edccf56ee4d43050aeee420a0c1a360e3614996d16e2219d10f13f31950,1758.183,11.709,2585304,2585304,0,1,0,20,ESP32/cnn_tflite_esp32/reports/20261008T215503505222Z/report.csv,29268
a0782.raw,1,0,255,0,0,1,1770.52,1048576,312380,2,equal,2,533.959,2680744,2680724,0,2b28c8ba087532ae6db573da2a6ee2d4dc9dd511df3ad98451ed26c0bd0de338,1758.810,11.710,2585304,2585304,0,1,0,20,ESP32/cnn_tflite_esp32/reports/20261008T215503505222Z/report.csv,29268
a0783.raw,1,0,255,0,0,1,1764.674,1048576,312380,2,equal,2,579.866,2680744,2680724,0,406ed3422556f432ec8a3409f9f459daca89c7940aab593d753deb3e9f7302ef,1752.972,11.702,2585304,2585304,0,1,0,20,ESP32/cnn_tflite_esp32/reports/20261008T215503505222Z/report.csv,29268
a0784.raw,1,0,255,0,0,1,1768.701,1048576,312380,2,equal,2,544.991,2680744,2680724,0,214f30128518a58070091b65f55a4d0c347e32ed701d9c88ff8868756a019f88,1757.031,11.670,2585304,2585304,0,1,0,20,ESP32/cnn_tflite_esp32/reports/20261008T215503505222Z/report.csv,29268
a0785.raw,1,0,255,0,0,1,1768.97,1048576,312380,2,equal,2,555.748,2680764,2680724,0,c856644e35722d0ab3acf1179ab894c2a6275b9ded6ecdf59e0f11a02dfd3943,1757.191,11.779,2585304,2585304,0,1,0,20,ESP32/cnn_tflite_esp32/reports/20261008T215503505222Z/report.csv,29268
a0786.raw,1,0,255,0,0,1,1772.575,1048576,312380,2,equal,2,614.288,2680744,2680724,0,aa2a78657a85a3210382ce78fa54e92aed14b167081c4be787a6494ac77c8437,1760.898,11.677,2585304,2585304,0,1,0,20,ESP32/cnn_tflite_esp32/reports/20261008T215503505222Z/report.csv,29268
a0787.raw,1,0,255,0,0,1,1770.815,1048576,312380,2,equal,2,587.798,2680744,2680724,0,e1ff0e1cf7abf3d2a4ea4a27fa2c484d705c724c33c0756867343baf63c2d660,1759.049,11.766,2585304,2585304,0,1,0,20,ESP32/cnn_tflite_esp32/reports/20261008T215503505222Z/report.csv,29268
a0788.raw,1,0,255,0,0,1,1765.02,1048576,312380,2,equal,2,779.451,2680744,2680724,0,ff6726583e0f5616e232b75adf86883fdb6454803df8c093089703bea0e58fb5,1753.313,11.707,2585304,2585304,0,1,0,20,ESP32/cnn_tflite_esp32/reports/20261008T215503505222Z/report.csv,29268
a0789.raw,1,0,255,0,0,1,1765.277,1048576,312380,2,equal,2,562.005,2680744,2680724,0,e03ce712b7cb862c90feec296634e7ffe32d1bc83a71061c6b04abd4b0c31f67,1753.474,11.803,2585304,2585304,0,1,0,20,ESP32/cnn_tflite_esp32/reports/20261008T215503505222Z/report.csv,29268
a0790.raw,1,0,255,0,0,1,1765.647,1048576,312380,2,equal,2,544.268,2680744,2680724,0,64a7d3c8cf3b96e127f2204cf52b5380b1c8c487a222858bcc6241f2aaaf0fd6,1753.947,11.700,2585304,2585304,0,1,0,20,ESP32/cnn_tflite_esp32/reports/20261008T215503505222Z/report.csv,29268
a0791.raw,1,0,255,0,0,1,1761.222,1048576,312380,2,equal,2,532.751,2680744,2680724,0,8a53c111df60c3b5864db16bfeab8e1736f76f51656791704cc24083c78ca078,1749.399,11.823,2585304,2585304,0,1,0,20,ESP32/cnn_tflite_esp32/reports/20261008T215503505222Z/report.csv,29268
a0792.raw,1,0,255,0,0,1,1767.344,1048576,312380,2,equal,2,503.028,2680744,2680744,0,83864ba43379c19a33c84a33a58914e34285e01fc9b05dac71bf3b98e0865dae,1755.597,11.747,2585304,2585304,0,1,0,20,ESP32/cnn_tflite_esp32/reports/20261008T215503505222Z/report.csv,29268
a0793.raw,1,0,255,0,0,1,1764.965,1048576,312380,2,equal,2,569.262,2680744,2680724,0,1f49a90c0265accfcafb268b1618bd36a1bb19e0bcc56b5200bceb12535b28e9,1753.216,11.749,2585304,2585304,0,1,0,20,ESP32/cnn_tflite_esp32/reports/20261008T215503505222Z/report.csv,29268
a0794.raw,1,0,255,0,0,1,1765.394,1048576,312380,2,equal,2,484.241,2680764,2680732,0,ea2a858a26f17bab63509f637992b456c8d6dfcc4747538aa0f84b7691a542b9,1753.303,12.091,2585304,2585304,0,1,0,20,ESP32/cnn_tflite_esp32/reports/20261008T215503505222Z/report.csv,29268
a0795.raw,1,0,255,0,0,1,1760.458,1048576,312380,2,equal,2,506.263,2680744,2680744,0,a450621b632065e3994304c2e7cd60f076d21f73868567e89616011a668bd08f,1748.651,11.807,2585304,2585304,0,1,0,20,ESP32/cnn_tflite_esp32/reports/20261008T215503505222Z/report.csv,29268
a0796.raw,1,0,255,0,0,1,1762.927,1048576,312380,2,equal,2,468.093,2680744,2680724,0,5735e4e3cd422428d967033f5d9b84b683cd50193890788594fce73ac46cfd2d,1750.831,12.096,2585304,2585304,0,1,0,20,ESP32/cnn_tflite_esp32/reports/20261008T215503505222Z/report.csv,29268
a0797.raw,1,0,255,0,0,1,1763.508,1048576,312380,2,equal,2,1188.597,2680744,2680724,0,e3211daf7a5428367534664aba739720b0d8a2c095e00f7146dc907b3cebe675,1751.735,11.773,2585304,2585304,0,1,0,20,ESP32/cnn_tflite_esp32/reports/20261008T215503505222Z/report.csv,29268
a0798.raw,1,0,255,0,0,1,1764.101,1048576,312380,2,equal,2,488.880,2680744,2680744,0,39354f5365687ed186cd425073cb216ff0163c401bbc711c6d51fc99917eda58,1752.295,11.806,2585304,2585304,0,1,0,20,ESP32/cnn_tflite_esp32/reports/20261008T215503505222Z/report.csv,29268
a0799.raw,1,0,255,0,0,1,1766.702,1048576,312380,2,equal,2,517.538,2680744,2680724,0,8fef304f066f7df72d40881aaa44c5fc3f59c2fb4c5fb38bf929464df18f473c,1754.962,11.740,2585304,2585304,0,1,0,20,ESP32/cnn_tflite_esp32/reports/20261008T215503505222Z/report.csv,29268
a0800.raw,1,0,255,0,0,1,1766.154,1048576,312380,2,equal,2,458.160,2680744,2680724,0,4aa33f1693714655a96d4203e958faf08641bcbe51eea663fdac798f37c58f60,1754.182,11.972,2585304,2585304,0,1,0,20,ESP32/cnn_tflite_esp32/reports/20261008T215503505222Z/report.csv,29268
a0801.raw,1,0,255,0,0,1,1761.347,1048576,312380,2,equal,2,633.297,2680744,2680724,0,3920fad6a53caa9eb2391b5e4191383cabdf696e0c2fc48b427c92cd7cc44dc4,1749.462,11.885,2585304,2585304,0,1,0,20,ESP32/cnn_tflite_esp32/reports/20261008T215503505222Z/report.csv,29268
a0802.raw,1,0,255,0,0,1,1767.059,1048576,312380,2,equal,2,494.475,2680744,2680744,0,428657e67d6be237ed63193ebb49b078d584609586d97a9491d0981b77bcb059,1755.389,11.670,2585304,2585304,0,1,0,20,ESP32/cnn_tflite_esp32/reports/20261008T215503505222Z/report.csv,29268
a0803.raw,1,0,255,0,0,1,1766.486,1048576,312380,2,equal,2,548.457,2680752,2680724,0,38cf664f71d649950a8dad85777edca66ae2bba506d287f668cb747d495294d4,1754.692,11.794,2585304,2585304,0,1,0,20,ESP32/cnn_tflite_esp32/reports/20261008T215503505222Z/report.csv,29268
a0804.raw,1,0,255,0,0,1,1766.773,1048576,312380,2,equal,2,494.298,2680744,2680696,0,4bcf28cfbfd8537a0c3977738eda97bf38e6de0031051dc5cabde1e592957e2c,1754.536,12.237,2585304,2585304,0,1,0,20,ESP32/cnn_tflite_esp32/reports/20261008T215503505222Z/report.csv,29268
a0805.raw,1,0,255,0,0,1,1764.19,1048576,312380,2,equal,2,495.439,2680744,2680744,0,0305f3fd532b3a3a516462e80524fecd318a878d36e389337132c080cd21cfcd,1752.578,11.612,2585304,2585304,0,1,0,20,ESP32/cnn_tflite_esp32/reports/20261008T215503505222Z/report.csv,29268
a0806.raw,1,0,255,0,0,1,1767.757,1048576,312380,2,equal,2,521.970,2680744,2680732,0,b0ee2afc8b79fce8bdfa8cfe155f639a65cbad083eae782f6b9d103d314254e5,1756.093,11.664,2585304,2585304,0,1,0,20,ESP32/cnn_tflite_esp32/reports/20261008T215503505222Z/report.csv,29268
a0807.raw,1,0,255,0,0,1,1770.325,1048576,312380,2,equal,2,554.278,2680744,2680724,0,f27defaeb9521804fde46b388ef03cb16c7a7d19cf53dba1bf7f40617eba7536,1758.650,11.675,2585304,2585304,0,1,0,20,ESP32/cnn_tflite_esp32/reports/20261008T215503505222Z/report.csv,29268
a0808.raw,1,0,255,0,0,1,1772.442,1048576,312380,2,equal,2,603.564,2680744,2680724,0,8655b0f9d3e8bf5d672b5fbfc8b0e2f7ba691a6e1868fd3b0b5de4f60c5740f9,1760.812,11.630,2585304,2585304,0,1,0,20,ESP32/cnn_tflite_esp32/reports/20261008T215503505222Z/report.csv,29268
a0809.raw,1,26,230,0,0,1,1765.043,1048576,312380,2,equal,2,529.581,2680744,2680724,0,d7c771a88bc2024326713a126ee726b6e83d0f9542ba8e596c8035aaa057ac29,1753.242,11.801,2585304,2585304,0,1,0,20,ESP32/cnn_tflite_esp32/reports/20261008T215503505222Z/report.csv,29268
a0810.raw,1,0,255,0,0,1,1764.105,1048576,312380,2,equal,2,594.441,2680744,2680716,0,05ff97576e72aa8eea97663f7c12ddd3d17f8148e4ba48afdd025e2d0225c025,1752.395,11.710,2585304,2585304,0,1,0,20,ESP32/cnn_tflite_esp32/reports/20261008T215503505222Z/report.csv,29268
a0811.raw,1,0,255,0,0,1,1767.249,1048576,312380,2,equal,2,591.175,2680744,2680724,0,3a4e7f739672473fb87ee72c9cc30589c7d6fa5da7165acc0ea8d560f2b6c824,1755.455,11.794,2585304,2585304,0,1,0,20,ESP32/cnn_tflite_esp32/reports/20261008T215503505222Z/report.csv,29268
a0812.raw,1,0,255,0,0,1,1769.014,1048576,312380,2,equal,2,579.482,2680752,2680724,0,c4e15ec2935413ebf2ec3b0e42b9a19dcef252bde61144a2f2158270a0aa574d,1757.295,11.719,2585304,2585304,0,1,0,20,ESP32/cnn_tflite_esp32/reports/20261008T215503505222Z/report.csv,29268
a0813.raw,1,0,255,0,0,1,1768.831,1048576,312380,2,equal,2,753.666,2680744,2680724,0,5f9e790560ac0eb6727d79d35b5ad304554ff9e44a0ab36c62d838ecee6d7448,1757.186,11.645,2585304,2585304,0,1,0,20,ESP32/cnn_tflite_esp32/reports/20261008T215503505222Z/report.csv,29268
a0814.raw,1,0,255,0,0,1,1766.362,1048576,312380,2,equal,2,518.723,2680744,2680724,0,7cdd83aba0b178e548a847eef3187e58bf6b1c755b68a5ee1bfffb4d48047b9c,1754.689,11.673,2585304,2585304,0,1,0,20,ESP32/cnn_tflite_esp32/reports/20261008T215503505222Z/report.csv,29268
a0815.raw,1,12,244,0,0,1,1766.385,1048576,312380,2,equal,2,537.196,2680744,2680724,0,3a3db36c46e8d3a9bdceecfc80c9c9a6e344818f5f69a53719c12d1419a12f5d,1754.680,11.705,2585304,2585304,0,1,0,20,ESP32/cnn_tflite_esp32/reports/20261008T215503505222Z/report.csv,29268
a0816.raw,1,0,255,0,0,1,1768.012,1048576,312380,2,equal,2,512.468,2680744,2680724,0,beb6f6563326dff54e7778e9427717315f87202d3b1cf8281bea0f117e0f0f4a,1756.299,11.713,2585304,2585304,0,1,0,20,ESP32/cnn_tflite_esp32/reports/20261008T215503505222Z/report.csv,29268
a0817.raw,1,0,255,0,0,1,1770.606,1048576,312380,2,equal,2,531.546,2680744,2680724,0,29853419bcdb3b73453dedad4b5cda6d78f76c7391454fbd37fb48429bd687c5,1758.931,11.675,2585304,2585304,0,1,0,20,ESP32/cnn_tflite_esp32/reports/20261008T215503505222Z/report.csv,29268
a0818.raw,1,0,255,0,0,1,1770.679,1048576,312380,2,equal,2,502.875,2680744,2680744,0,fe0afc65ddd54b02d96bd8fb8f5504f4f9109e18d13cf9d13ac67bd95f24d4b1,1758.918,11.761,2585304,2585304,0,1,0,20,ESP32/cnn_tflite_esp32/reports/20261008T215503505222Z/report.csv,29268
a0819.raw,1,0,255,0,0,1,1767.337,1048576,312380,12,mode,9,510.411,2680744,2680724,0,c115a404b820f15aad6d16d2fcc5a8148d3cd580d38d9ab93c1904b9a1d41d7f,1755.546,11.791,2585304,2585304,0,1,0,20,ESP32/cnn_tflite_esp32/reports/20261008T215503505222Z/report.csv,29268
a0820.raw,1,0,255,0,0,1,1768.708,1048576,312380,2,equal,2,553.819,2680744,2680724,0,e47a4d41090f1c0463e799b3b7c372c3bc483c79a87f5dd46799beff971266f1,1756.945,11.763,2585304,2585304,0,1,0,20,ESP32/cnn_tflite_esp32/reports/20261008T215503505222Z/report.csv,29268
a0821.raw,1,0,255,0,0,1,1767.322,1048576,312380,2,equal,2,502.358,2680764,2680744,0,e3079660769bc5d58e4e1f472024e7ceac12c12ca31b3860a0f31c4592771bca,1755.640,11.682,2585304,2585304,0,1,0,20,ESP32/cnn_tflite_esp32/reports/20261008T215503505222Z/report.csv,29268
a0822.raw,1,0,255,0,0,1,1771.075,1048576,312380,2,equal,2,748.409,2680744,2680744,0,00b3d9fcee25832eaa7b3b7256507de45536dc1aac1f95b55fd216b449574090,1759.242,11.833,2585304,2585304,0,1,0,20,ESP32/cnn_tflite_esp32/reports/20261008T215503505222Z/report.csv,29268
a0823.raw,1,0,255,0,0,1,1769.598,1048576,312380,2,equal,2,550.904,2680744,2680724,0,aef79fae802a68e3a2eefac9710557dbdeff48463c127cc177c4f13ea874e7f0,1757.574,12.024,2585304,2585304,0,1,0,20,ESP32/cnn_tflite_esp32/reports/20261008T215503505222Z/report.csv,29268
a0824.raw,1,0,255,0,0,1,1765.814,1048576,312380,2,equal,2,576.901,2680744,2680724,0,64472a2c032e6a4362cce1d09bf01839ae6956ddf1d65e65d19a648500f83a8a,1754.152,11.662,2585304,2585304,0,1,0,20,ESP32/cnn_tflite_esp32/reports/20261008T215503505222Z/report.csv,29268
a0825.raw,1,0,255,0,0,1,1766.627,1048576,312380,2,equal,2,532.467,2680744,2680724,0,af6d034fc93f6cec9ac717548d771fd2f1c3e086060774c81c9e832a4e8547e3,1754.841,11.786,2585304,2585304,0,1,0,20,ESP32/cnn_tflite_esp32/reports/20261008T215503505222Z/report.csv,29268
a0826.raw,1,0,255,0,0,1,1765.669,1048576,312380,2,equal,2,531.351,2680744,2680724,0,12f1a58d5ceb30a3f479f4d069ae02f7b2615811a1b8f1286d6ade4967dbd7b4,1753.889,11.780,2585304,2585304,0,1,0,20,ESP32/cnn_tflite_esp32/reports/20261008T215503505222Z/report.csv,29268
a0827.raw,1,1,255,0,0,1,1765.632,1048576,312380,2,equal,2,512.034,2680744,2680744,0,63617811ca7ead9e4129abf3242a24168a8e561fdb6faee03261ce9445d1672d,1753.552,12.080,2585304,2585304,0,1,0,20,ESP32/cnn_tflite_esp32/reports/20261008T215503505222Z/report.csv,29268
a0828.raw,1,0,255,0,0,1,1766.112,1048576,312380,2,equal,2,550.251,2680744,2680724,0,87eea7e01c6b6f33505fe092d5c3f75c6e97c6bb039a65964429c7dd317153f0,1754.400,11.712,2585304,2585304,0,1,0,20,ESP32/cnn_tflite_esp32/reports/20261008T215503505222Z/report.csv,29268
a0829.raw,1,0,255,0,0,1,1768.211,1048576,312380,2,equal,2,493.589,2680744,2680744,0,98f9b2c8ef7aabb885f4e59845b6563a96afa88856b3852f68a6e007c9d9ee1b,1756.372,11.839,2585304,2585304,0,1,0,20,ESP32/cnn_tflite_esp32/reports/20261008T215503505222Z/report.csv,29268
a0830.raw,1,0,255,0,0,1,1762.976,1048576,312380,2,equal,2,480.453,2680764,2680724,0,b8a9b589a3dfbac8aaef314f479dadbdf6eaa69fb1d25d0dbec07cff005f1f47,1751.032,11.944,2585304,2585304,0,1,0,20,ESP32/cnn_tflite_esp32/reports/20261008T215503505222Z/report.csv,29268
a0831.raw,1,1,255,0,0,1,1766.497,1048576,312380,2,equal,2,734.687,2680744,2680724,0,ba9ee898fcf33b33fe6c07f6f196efa945e4454d6e83abc6c6ca733294aa47fa,1754.688,11.809,2585304,2585304,0,1,0,20,ESP32/cnn_tflite_esp32/reports/20261008T215503505222Z/report.csv,29268
a0832.raw,1,0,255,0,0,1,1766.112,1048576,312380,2,equal,2,1373.090,2680744,2680724,0,2074fe904a44c8b016c5ee01f8bca46c29ee2a21a24cb02506cd0a43af9b2359,1754.314,11.798,2585304,2585304,0,1,0,20,ESP32/cnn_tflite_esp32/reports/20261008T215503505222Z/report.csv,29268
a0833.raw,1,0,255,0,0,1,1768.093,1048576,312380,2,equal,2,475.235,2680744,2680724,0,a7c6c94997ba1a568e065697ee90bee2bf982bba7f5c4312d666674ca40e55a0,1756.263,11.830,2585304,2585304,0,1,0,20,ESP32/cnn_tflite_esp32/reports/20261008T215503505222Z/report.csv,29268
a0834.raw,1,0,255,0,0,1,1763.842,1048576,312380,2,equal,2,1632.496,2680744,2680724,0,242a6e0d658be2166731404b39ca8a25f6b6dd34005034ce39fb6e2b333afedd,1752.184,11.658,2585304,2585304,0,1,0,20,ESP32/cnn_tflite_esp32/reports/20261008T215503505222Z/report.csv,29268
a0835.raw,1,0,255,0,0,1,1767.515,1048576,312380,2,equal,2,1146.951,2680744,2680724,0,a36709bbb02f4aedcd8f0e4c2644f2d23ea0bedf825ad35d6afdd811729bd730,1755.815,11.700,2585304,2585304,0,1,0,20,ESP32/cnn_tflite_esp32/reports/20261008T215503505222Z/report.csv,29268
a0836.raw,1,0,255,0,0,1,1767.225,1048576,312380,2,equal,2,549.964,2680744,2680724,0,29670fa59f2aed9052293d86de11019eb2ac69092451ec1e2dac8118314bf729,1755.421,11.804,2585304,2585304,0,1,0,20,ESP32/cnn_tflite_esp32/reports/20261008T215503505222Z/report.csv,29268
a0837.raw,1,0,255,0,0,1,1761.452,1048576,312380,2,equal,2,503.985,2680744,2680744,0,878dbe76e549673e7d7bad68b521ef53e569126b1be9737663013dde2adfcd2a,1749.763,11.689,2585304,2585304,0,1,0,20,ESP32/cnn_tflite_esp32/reports/20261008T215503505222Z/report.csv,29268
a0838.raw,1,0,255,0,0,1,1765.511,1048576,312380,2,equal,2,491.583,2680764,2680744,0,a83e89cfce76044a857f98c4fb313ecb0158e582d6823959473de2ffd2e41afd,1753.806,11.705,2585304,2585304,0,1,0,20,ESP32/cnn_tflite_esp32/reports/20261008T215503505222Z/report.csv,29268
a0839.raw,1,0,255,0,0,1,1768.652,1048576,312380,2,equal,2,553.822,2680744,2680724,0,992a8984c0c4faecde79ed7a30d879f4c18a6945966588eeca8dd7ce238e6d0c,1756.863,11.789,2585304,2585304,0,1,0,20,ESP32/cnn_tflite_esp32/reports/20261008T215503505222Z/report.csv,29268
a0840.raw,1,0,255,0,0,1,1759.206,1048576,312380,2,equal,2,492.444,2680744,2680744,0,cd272a024832b282921eca1db10611dca03f32bd7159744a731dd1516edd532f,1747.564,11.642,2585304,2585304,0,1,0,20,ESP32/cnn_tflite_esp32/reports/20261008T215503505222Z/report.csv,29268
a0841.raw,1,0,255,0,0,1,1766.196,1048576,312380,2,equal,2,525.247,2680744,2680724,0,7fd69da3c7ffd4c53d24cca10a5f83fc9c2fa5690ca5853cbde659cddff2ffd0,1754.502,11.694,2585304,2585304,0,1,0,20,ESP32/cnn_tflite_esp32/reports/20261008T215503505222Z/report.csv,29268
a0842.raw,1,0,255,0,0,1,1766.656,1048576,312380,2,equal,2,542.518,2680744,2680724,0,7e0b13e6a9ce864e5fe33fb5aa971f0f0368f98f07fd71c962482f9d316d34a8,1754.997,11.659,2585304,2585304,0,1,0,20,ESP32/cnn_tflite_esp32/reports/20261008T215503505222Z/report.csv,29268
a0843.raw,1,0,255,0,0,1,1763.537,1048576,312380,2,equal,2,534.689,2680744,2680724,0,b04e2d91bb835065e3e13cfadd10f599b76d99cde9960cc5e4ef26da8fe05ca5,1751.714,11.823,2585304,2585304,0,1,0,20,ESP32/cnn_tflite_esp32/reports/20261008T215503505222Z/report.csv,29268
a0844.raw,1,0,255,0,0,1,1764.64,1048576,312380,2,equal,2,524.994,2680744,2680724,0,00d023266f6fa792bd687471edfac554b79b206c55adacd2da6b4e08fe783643,1752.865,11.775,2585304,2585304,0,1,0,20,ESP32/cnn_tflite_esp32/reports/20261008T215503505222Z/report.csv,29268
a0845.raw,1,0,255,0,0,1,1767.085,1048576,312380,2,equal,2,1172.577,2680744,2680724,0,408e271dedd039ed28c3fb05ec38f3c4fcd5d2ffbd4b0a730186a7c89957c0b2,1755.424,11.661,2585304,2585304,0,1,0,20,ESP32/cnn_tflite_esp32/reports/20261008T215503505222Z/report.csv,29268
a0846.raw,1,0,255,0,0,1,1767.99,1048576,312380,2,equal,2,542.716,2680744,2680724,0,ea2df6e5cf816894b4abbaa0f7b299eda7f92c0edb68a0fd8f4644493256f55d,1756.218,11.772,2585304,2585304,0,1,0,20,ESP32/cnn_tflite_esp32/reports/20261008T215503505222Z/report.csv,29268
a0847.raw,1,0,255,0,0,1,1759.978,1048576,312380,2,equal,2,509.494,2680764,2680744,0,46609e377b50a7613d97af559f55be1b3d6d489d81211d26f391fc3215f8012c,1748.210,11.768,2585304,2585304,0,1,0,20,ESP32/cnn_tflite_esp32/reports/20261008T215503505222Z/report.csv,29268
a0848.raw,1,0,255,0,0,1,1769.9,1048576,312380,2,equal,2,540.561,2680744,2680724,0,d35c0a099beb39fab093a7177a9108cca80e3c8620013d372ffc9a9130a84035,1757.202,12.698,2585304,2585304,0,1,0,20,ESP32/cnn_tflite_esp32/reports/20261008T215503505222Z/report.csv,29268
a0849.raw,1,0,255,0,0,1,1765.021,1048576,312380,2,equal,2,527.877,2680744,2680724,0,f8c237b3296de978bb932e4a95f51e456b869f9ab2e895b8f131e462602539cb,1753.031,11.990,2585304,2585304,0,1,0,20,ESP32/cnn_tflite_esp32/reports/20261008T215503505222Z/report.csv,29268
a0850.raw,1,0,255,0,0,1,1763.364,1048576,312380,2,equal,2,505.983,2680744,2680724,0,b095781e91cdda9821ef22ea9e309957dda91bf7b42da42167138462d4734f5a,1751.638,11.726,2585304,2585304,0,1,0,20,ESP32/cnn_tflite_esp32/reports/20261008T215503505222Z/report.csv,29268
a0851.raw,1,0,255,0,0,1,1764.696,1048576,312380,2,equal,2,505.860,2680744,2680724,0,11ed51d50ed06295dc8586da2fd2c21659b6a2c1af27f623e8501eeafadd60a2,1753.103,11.593,2585304,2585304,0,1,0,20,ESP32/cnn_tflite_esp32/reports/20261008T215503505222Z/report.csv,29268
a0852.raw,1,0,255,0,0,1,1768.768,1048576,312380,2,equal,2,555.936,2680744,2680724,0,b4efe889cc47a67a9adca0bf3180b9ad16f39f0bf7cdde961955f4ab6eb2121e,1757.156,11.612,2585304,2585304,0,1,0,20,ESP32/cnn_tflite_esp32/reports/20261008T215503505222Z/report.csv,29268
a0853.raw,1,0,255,0,0,1,1762.917,1048576,312380,2,equal,2,527.341,2680744,2680724,0,cebb5dab1159f87aee32b0714505da2519b5384a272c505ddd62a2f2893f8233,1751.348,11.569,2585304,2585304,0,1,0,20,ESP32/cnn_tflite_esp32/reports/20261008T215503505222Z/report.csv,29268
a0854.raw,1,0,255,0,0,1,1764.322,1048576,312380,2,equal,2,495.011,2680744,2680744,0,1e7d368f489304e1b10a7ad87e5f119aaa8532cfde0dc180721515e26ea01cb6,1752.347,11.975,2585304,2585304,0,1,0,20,ESP32/cnn_tflite_esp32/reports/20261008T215503505222Z/report.csv,29268
a0855.raw,1,0,255,0,0,1,1769.438,1048576,312380,2,equal,2,534.080,2680744,2680724,0,a0fae63ffd35e2d15412584acd51f99ef4517b9563c6b6aed4c77ae4c96a07e5,1757.818,11.620,2585304,2585304,0,1,0,20,ESP32/cnn_tflite_esp32/reports/20261008T215503505222Z/report.csv,29268
a0856.raw,1,1,255,0,0,1,1771.668,1048576,312380,2,equal,2,508.742,2680744,2680744,0,dba72ed81222f148c2160a240c56175f44ee70031c8da593443ea6592a64bf28,1760.016,11.652,2585304,2585304,0,1,0,20,ESP32/cnn_tflite_esp32/reports/20261008T215503505222Z/report.csv,29268
a0857.raw,1,0,255,0,0,1,1771.909,1048576,312380,2,equal,2,534.480,2680744,2680724,0,80bdbcf98afda102401fe6785d0509288bd217bdf3e15773f429bd1898ca529b,1760.282,11.627,2585304,2585304,0,1,0,20,ESP32/cnn_tflite_esp32/reports/20261008T215503505222Z/report.csv,29268
a0858.raw,1,0,255,0,0,1,1769.8,1048576,312380,2,equal,2,499.283,2680744,2680744,0,3dfe8da527cc63dedc1362475431bb18d7cf1ca5340b8c8a0a279e36884d22a5,1758.161,11.639,2585304,2585304,0,1,0,20,ESP32/cnn_tflite_esp32/reports/20261008T215503505222Z/report.csv,29268
a0859.raw,1,0,255,0,0,1,1768.045,1048576,312380,2,equal,2,535.098,2680744,2680724,0,6e61e582b390face7cd1e279c519872255e76c4ab25a473b4dab81a9cec2e6b3,1756.457,11.588,2585304,2585304,0,1,0,20,ESP32/cnn_tflite_esp32/reports/20261008T215503505222Z/report.csv,29268
a0860.raw,1,0,255,0,0,1,1770.404,1048576,312380,2,equal,2,528.368,2680744,2680724,0,af6ad569152837e3162221f9facb34b3cd96d6f7d0e9d40294e07fb8b7c413f3,1758.673,11.731,2585304,2585304,0,1,0,20,ESP32/cnn_tflite_esp32/reports/20261008T215503505222Z/report.csv,29268
a0861.raw,1,0,255,0,0,1,1764.771,1048576,312380,2,equal,2,515.877,2680744,2680724,0,83adade61e78db446b81a50dda77d573ad0f6d90004884a6ded3a4c3bd956ac7,1753.031,11.740,2585304,2585304,0,1,0,20,ESP32/cnn_tflite_esp32/reports/20261008T215503505222Z/report.csv,29268
a0862.raw,1,0,255,0,0,1,1770.349,1048576,312380,2,equal,2,530.459,2680744,2680724,0,71e83957706380d49b209760d11a292dbc048a79f2e17e138b4697cefdfebcd9,1757.893,12.456,2585304,2585304,0,1,0,20,ESP32/cnn_tflite_esp32/reports/20261008T215503505222Z/report.csv,29268
a0863.raw,1,0,255,0,0,1,1775.329,1048576,312380,2,equal,2,515.788,2680744,2680724,0,91269eab43d9f364182fa9d1aee9a87aa92442b77e7da8c6a94d4fbb064204b1,1763.646,11.683,2585304,2585304,0,1,0,20,ESP32/cnn_tflite_esp32/reports/20261008T215503505222Z/report.csv,29268
a0864.raw,1,0,255,0,0,1,1765.289,1048576,312380,2,equal,2,575.475,2680744,2680724,0,c71c3f8ebd4ba5b6e00bc58544cbaa4c7e51338bf41fba04ecd87d0454cdf055,1753.719,11.570,2585304,2585304,0,1,0,20,ESP32/cnn_tflite_esp32/reports/20261008T215503505222Z/report.csv,29268
a0865.raw,1,0,255,0,0,1,1769.413,1048576,312380,2,equal,2,518.301,2680744,2680724,0,d5c07f3114ff169957552ec283e398056e648b3d11968feaac18093b5fdf5e1e,1757.727,11.686,2585304,2585304,0,1,0,20,ESP32/cnn_tflite_esp32/reports/20261008T215503505222Z/report.csv,29268
a0866.raw,1,0,255,0,0,1,1765.508,1048576,312380,2,equal,2,538.973,2680744,2680724,0,064f00e9852b5e52fbdcf0bbef9fd16dbaeb473ef727ecd7b020d78e73559b2b,1753.904,11.604,2585304,2585304,0,1,0,20,ESP32/cnn_tflite_esp32/reports/20261008T215503505222Z/report.csv,29268
a0867.raw,1,0,255,0,0,1,1774.397,1048576,312380,2,equal,2,566.359,2680744,2680724,0,fffffca5955e2420f30985d004f4263badfc7068078fbd236a97069241b7f0a0,1762.737,11.660,2585304,2585304,0,1,0,20,ESP32/cnn_tflite_esp32/reports/20261008T215503505222Z/report.csv,29268
a0868.raw,1,0,255,0,0,1,1768.501,1048576,312380,2,equal,2,530.229,2680744,2680724,0,fa14c20b56984be90126d8078cefd73dbd5a2641dc7f4ca09839007869e680ab,1756.881,11.620,2585304,2585304,0,1,0,20,ESP32/cnn_tflite_esp32/reports/20261008T215503505222Z/report.csv,29268
a0869.raw,1,0,255,0,0,1,1776.688,1048576,312380,2,equal,2,510.494,2680744,2680744,0,ae38fdbeff86f692b8e69f1737cfef74ae97f646c352fd580b1db05f3347c495,1764.933,11.755,2585304,2585304,0,1,0,20,ESP32/cnn_tflite_esp32/reports/20261008T215503505222Z/report.csv,29268
a0870.raw,1,0,255,0,0,1,1780.484,1048576,312380,2,equal,2,497.711,2680744,2680744,0,25bc88efba81fe3050a3a04f5d6f3d0df4a4a46bb567059eec98781b0bbd9d2d,1768.564,11.920,2585304,2585304,0,1,0,20,ESP32/cnn_tflite_esp32/reports/20261008T215503505222Z/report.csv,29268
a0871.raw,1,0,255,0,0,1,1780.867,1048576,312380,2,equal,2,500.790,2680744,2680752,8,1bb47d2d39e833c669b38734a2fa4d1dda0cb40703a6397d3291bbd03f0be82b,1769.262,11.605,2585304,2585304,0,1,0,20,ESP32/cnn_tflite_esp32/reports/20261008T215503505222Z/report.csv,29268
a0872.raw,1,0,255,0,0,1,1781.365,1048576,312380,2,equal,2,523.839,2680744,2680724,0,9ac6819e3ffbf6932ed72ac00cb24f5427d6f335c571b41c438ef6a0dcb2dd5a,1769.796,11.569,2585304,2585304,0,1,0,20,ESP32/cnn_tflite_esp32/reports/20261008T215503505222Z/report.csv,29268
a0873.raw,1,0,255,0,0,1,1779.259,1048576,312380,2,equal,2,564.737,2680744,2680724,0,8ccd2badac7106b8b9596388254ff755c0c3b3da4c6102028e0e448ffa457b8a,1767.586,11.673,2585304,2585304,0,1,0,20,ESP32/cnn_tflite_esp32/reports/20261008T215503505222Z/report.csv,29268
a0874.raw,1,0,255,0,0,1,1782.956,1048576,312380,2,equal,2,592.215,2680744,2680724,0,db8fc83ac46b5ddb5c0af79a5cfa74674d86b6a5b9237e3272705eeeca94db8d,1771.258,11.698,2585304,2585304,0,1,0,20,ESP32/cnn_tflite_esp32/reports/20261008T215503505222Z/report.csv,29268
a0875.raw,1,0,255,0,0,1,1778.229,1048576,312380,2,equal,2,526.975,2680732,2680728,0,83a5bc111a007b6a04b49515631b1d1437c1818da7eb9b163078fcbb06f95a17,1766.561,11.668,2585304,2585304,0,1,0,20,ESP32/cnn_tflite_esp32/reports/20261008T215503505222Z/report.csv,29268
a0876.raw,1,0,255,0,0,1,1775.063,1048576,312380,2,equal,2,543.908,2680744,2680720,0,4270c910fd7aeead9eeaf6d4843ebb27be2320cf048e3876015d5281f16a1619,1762.721,12.342,2585304,2585304,0,1,0,20,ESP32/cnn_tflite_esp32/reports/20261008T215503505222Z/report.csv,29268
a0877.raw,1,0,255,0,0,1,1774.882,1048576,312380,2,equal,2,521.194,2680744,2680724,0,65616d111806dc3ac699d41efdde70dd1a257b58841a40ae67d5e8aa587bc580,1762.240,12.642,2585304,2585304,0,1,0,20,ESP32/cnn_tflite_esp32/reports/20261008T215503505222Z/report.csv,29268
a0878.raw,1,0,255,0,0,1,1769.57,1048576,312380,2,equal,2,545.671,2680744,2680724,0,cb0caa855300e3990b84091983a104a5bd2eae712dca9b15699d2e2c6e9d22a2,1757.990,11.580,2585304,2585304,0,1,0,20,ESP32/cnn_tflite_esp32/reports/20261008T215503505222Z/report.csv,29268
a0879.raw,1,0,255,0,0,1,1766.535,1048576,312380,2,equal,2,521.530,2680744,2680724,0,1bf4772b1084f0ec12e8b3483b7d7a8ae68281856bd14085d5e90e3f9e0d4b81,1754.782,11.753,2585304,2585304,0,1,0,20,ESP32/cnn_tflite_esp32/reports/20261008T215503505222Z/report.csv,29268
a0880.raw,1,0,255,0,0,1,1771.429,1048576,312380,2,equal,2,502.537,2680744,2680744,0,25d9ab82b4685d0825ba756c49512e423096f9550fcbb29152aef84a31d7938b,1759.734,11.695,2585304,2585304,0,1,0,20,ESP32/cnn_tflite_esp32/reports/20261008T215503505222Z/report.csv,29268
a0881.raw,1,0,255,0,0,1,1771.795,1048576,312380,2,equal,2,489.788,2680744,2680744,0,7d4978cfc0e1817f1e4db1637c815a3f895d5fbb91fb3ab9dbd00633458f01a2,1760.134,11.661,2585304,2585304,0,1,0,20,ESP32/cnn_tflite_esp32/reports/20261008T215503505222Z/report.csv,29268
a0882.raw,1,0,255,0,0,1,1775.523,1048576,312380,2,equal,2,527.247,2680744,2680724,0,3c36b5f70fe8cd65ff99a35b963ef6ce61af3f9ae42644d6d839af5d991b9697,1763.797,11.726,2585304,2585304,0,1,0,20,ESP32/cnn_tflite_esp32/reports/20261008T215503505222Z/report.csv,29268
a0883.raw,1,0,255,0,0,1,1782.307,1048576,312380,2,equal,2,484.950,2680744,2680724,0,34ff51db90e1f47bb7a996ba0f27d821dacdd4cca97cfd2d0ae605c9ef1bd398,1770.469,11.838,2585304,2585304,0,1,0,20,ESP32/cnn_tflite_esp32/reports/20261008T215503505222Z/report.csv,29268
a0884.raw,1,0,255,0,0,1,1779.272,1048576,312380,2,equal,2,552.087,2680744,2680724,0,70a781459f4279b53c652abfa90553607a1c26eab4a67f03ff49bdd100a573a4,1767.587,11.685,2585304,2585304,0,1,0,20,ESP32/cnn_tflite_esp32/reports/20261008T215503505222Z/report.csv,29268
a0885.raw,1,0,255,0,0,1,1781.105,1048576,312380,2,equal,2,728.494,2680744,2680728,0,5a86e6a535d3fb2839223aaecca4628bdf2691877bfa7afd1ee29cd83c5c54b8,1769.346,11.759,2585304,2585304,0,1,0,20,ESP32/cnn_tflite_esp32/reports/20261008T215503505222Z/report.csv,29268
a0886.raw,1,0,255,0,0,1,1780.64,1048576,312380,2,equal,2,524.791,2680744,2680724,0,1c373c086a4e635bd7a03c7fb7e503c91f36372a4e3affd6b97b2e468c37d7b1,1768.981,11.659,2585304,2585304,0,1,0,20,ESP32/cnn_tflite_esp32/reports/20261008T215503505222Z/report.csv,29268
a0887.raw,1,0,255,0,0,1,1778.876,1048576,312380,2,equal,2,537.707,2680744,2680724,0,54b58b671db63b1bd52af234d69ecc8608e3b82dcbfc7d6e50005ba30dbb1792,1767.263,11.613,2585304,2585304,0,1,0,20,ESP32/cnn_tflite_esp32/reports/20261008T215503505222Z/report.csv,29268
a0888.raw,1,0,255,0,0,1,1782.925,1048576,312380,2,equal,2,494.044,2680744,2680744,0,061acad059b00d38ff5ac93bc04d20d8b93bfdd5901e5909b194d8c7b8c0123e,1770.169,12.756,2585304,2585304,0,1,0,20,ESP32/cnn_tflite_esp32/reports/20261008T215503505222Z/report.csv,29268
a0889.raw,1,33,223,0,0,1,1778.332,1048576,312380,12,mode,10,552.117,2680736,2680716,0,4f750f14a6be0644e192f530f75a83515840c38f244eadb86bece6a6dc33e94f,1766.757,11.575,2585304,2585304,0,1,0,23,ESP32/cnn_tflite_esp32/reports/20261009T120557541292Z/report.csv,29252
a0890.raw,1,0,255,0,0,1,1784.587,1048576,312380,2,equal,2,543.198,2680744,2680724,0,7cb8bef867605b5ec72d0eafb7ea76b4cc5b0997262c4a3c6a733b4326a64061,1772.620,11.967,2585304,2585304,0,1,0,20,ESP32/cnn_tflite_esp32/reports/20261008T215503505222Z/report.csv,29268
a0891.raw,1,0,255,0,0,1,1780.272,1048576,312380,2,equal,2,501.219,2680744,2680744,0,ae174d34d2e07f9d0bd108aa0b1e117025166c55604160d742d558e64324d294,1768.543,11.729,2585304,2585304,0,1,0,20,ESP32/cnn_tflite_esp32/reports/20261008T215503505222Z/report.csv,29268
a0892.raw,1,0,255,0,0,1,1781.268,1048576,312380,2,equal,2,536.373,2680744,2680724,0,d7dab6f6cf7911de414c847b24edde6b0b6b1a482b7856133cfddb215e46f86f,1769.638,11.630,2585304,2585304,0,1,0,20,ESP32/cnn_tflite_esp32/reports/20261008T215503505222Z/report.csv,29268
a0893.raw,1,0,255,0,0,1,1782.32,1048576,312380,2,equal,2,512.491,2680744,2680724,0,26a0804ceaf6d6fe862cc5181ba8c71dc9cc9e1704f169f38f2b3bdc67f5c5af,1770.715,11.605,2585304,2585304,0,1,0,20,ESP32/cnn_tflite_esp32/reports/20261008T215503505222Z/report.csv,29268
a0894.raw,1,0,255,0,0,1,1782.727,1048576,312380,2,equal,2,536.606,2680744,2680724,0,88ade5490e0a1937e3b55c199c44a6c659aee2bc72786dc35acac2636e4cb5b8,1770.858,11.869,2585304,2585304,0,1,0,20,ESP32/cnn_tflite_esp32/reports/20261008T215503505222Z/report.csv,29268
a0895.raw,1,65,191,0,0,1,1780.277,1048576,312380,2,equal,2,539.961,2680744,2680724,0,efe7debe58a47ab16ae4a51abce48d35b3c9e0e882c7b2eab4df5aae1e5909e0,1768.590,11.687,2585304,2585304,0,1,0,20,ESP32/cnn_tflite_esp32/reports/20261008T215503505222Z/report.csv,29268
a0896.raw,1,5,251,0,0,1,1782.353,1048576,312380,2,equal,2,595.981,2680744,2680724,0,994b63842ba0d8090e37bb2cb4cc64afa0faba690029e3520ff77beffa0ba89f,1770.670,11.683,2585304,2585304,0,1,0,20,ESP32/cnn_tflite_esp32/reports/20261008T215503505222Z/report.csv,29268
a0897.raw,1,2,254,0,0,1,1782.355,1048576,312380,2,equal,2,541.840,2680744,2680724,0,373b5bac633eefa6120002d1644b796c6a3910d9ce0df1b44e813858fa9c4fd1,1769.965,12.390,2585304,2585304,0,1,0,20,ESP32/cnn_tflite_esp32/reports/20261008T215503505222Z/report.csv,29268
a0898.raw,1,151,105,1,0,0,1779.416,1048576,312380,2,equal,2,592.044,2680744,2680728,0,73ace1bce429103ad04adbfd1b8889c39aa53e4c8a4f8b6233fec9438e810602,1767.780,11.636,2585304,2585304,0,1,0,20,ESP32/cnn_tflite_esp32/reports/20261008T215503505222Z/report.csv,29268
a0899.raw,1,1,255,0,0,1,1781.47,1048576,312380,2,equal,2,629.147,2680744,2680724,0,7a18bcf76b1c9ad7e4aaaebb2f7470469322298d16429340a2911111333c4713,1769.734,11.736,2585304,2585304,0,1,0,20,ESP32/cnn_tflite_esp32/reports/20261008T215503505222Z/report.csv,29268
a0900.raw,1,2,254,0,0,1,1783.319,1048576,312380,2,equal,2,544.952,2680744,2680724,0,d2450de7d8cc3c303b88ce7883846d3ee0cbe87f8781691d7dc8d72b75eb7023,1770.657,12.662,2585304,2585304,0,1,0,20,ESP32/cnn_tflite_esp32/reports/20261008T215503505222Z/report.csv,29268
a0901.raw,1,0,255,0,0,1,1782.627,1048576,312380,2,equal,2,520.414,2680744,2680724,0,c00171c3b68f1a96163903e652c3b55cf22d0c9005177f2ecb54bd0f06a692e5,1770.672,11.955,2585304,2585304,0,1,0,20,ESP32/cnn_tflite_esp32/reports/20261008T215503505222Z/report.csv,29268
a0902.raw,1,0,255,0,0,1,1779.103,1048576,312380,2,equal,2,498.075,2680744,2680744,0,3f991887dd0c5432dcfb231fd46b0bdc10699b74464a44ee67d22c99a3b53372,1767.420,11.683,2585304,2585304,0,1,0,20,ESP32/cnn_tflite_esp32/reports/20261008T215503505222Z/report.csv,29268
a0903.raw,1,3,253,0,0,1,1780.753,1048576,312380,2,equal,2,545.541,2680744,2680724,0,36babf92301cdc036f076f723bd236b4a44ec16f10478e04f89477c3d15d1332,1768.843,11.910,2585304,2585304,0,1,0,20,ESP32/cnn_tflite_esp32/reports/20261008T215503505222Z/report.csv,29268
a0904.raw,1,0,255,0,0,1,1781.846,1048576,312380,2,equal,2,521.823,2680744,2680724,0,0a8b557c7b6fa500603da6b4e14440c793332649e24ababf3b3f7414f6e808b8,1769.882,11.964,2585304,2585304,0,1,0,20,ESP32/cnn_tflite_esp32/reports/20261008T215503505222Z/report.csv,29268
a0905.raw,1,0,255,0,0,1,1782.427,1048576,312380,2,equal,2,525.114,2680744,2680724,0,98a68921093a762e670abf8c9a5a896d1bbfc7d9b2942f40d51f0861ed6048f1,1770.438,11.989,2585304,2585304,0,1,0,20,ESP32/cnn_tflite_esp32/reports/20261008T215503505222Z/report.csv,29268
a0906.raw,1,0,255,0,0,1,1782.784,1048576,312380,2,equal,2,617.889,2680744,2680724,0,81a96eef097c1495c288937a42c8ba364f9256c0252c38853261bf86fe20fa6b,1771.049,11.735,2585304,2585304,0,1,0,20,ESP32/cnn_tflite_esp32/reports/20261008T215503505222Z/report.csv,29268
a0907.raw,1,0,255,0,0,1,1782.724,1048576,312380,2,equal,2,528.894,2680744,2680724,0,ee5177c1a53cdd7508b613e751bf54686d7b9444bc7fdc55792dac727049ff82,1770.808,11.916,2585304,2585304,0,1,0,20,ESP32/cnn_tflite_esp32/reports/20261008T215503505222Z/report.csv,29268
a0908.raw,1,0,255,0,0,1,1782.695,1048576,312380,2,equal,2,503.616,2680744,2680744,0,3aaed876e67d69337192b14db0e4cec2cc065db27b012a33ae9ef4f6d4cffe26,1770.966,11.729,2585304,2585304,0,1,0,20,ESP32/cnn_tflite_esp32/reports/20261008T215503505222Z/report.csv,29268
a0909.raw,1,0,255,0,0,1,1781.758,1048576,312380,2,equal,2,542.320,2680744,2680724,0,0511182fc8c88f42353bd39204ea5ef07b3f1131903465ce5bcf81204938e57b,1769.388,12.370,2585304,2585304,0,1,0,20,ESP32/cnn_tflite_esp32/reports/20261008T215503505222Z/report.csv,29268
a0910.raw,1,0,255,0,0,1,1782.415,1048576,312380,2,equal,2,522.518,2680744,2680724,0,22ff29179c9280d8d1b9eff1e842b088c49550cd7fe73e16cce5851fd4419343,1770.091,12.324,2585304,2585304,0,1,0,20,ESP32/cnn_tflite_esp32/reports/20261008T215503505222Z/report.csv,29268
a0911.raw,1,0,255,0,0,1,1781.352,1048576,312380,2,equal,2,511.248,2680744,2680724,0,0a091fe79f57b69d99041b3c2199034968579c9373889dc3ac5f49af4542370d,1769.391,11.961,2585304,2585304,0,1,0,20,ESP32/cnn_tflite_esp32/reports/20261008T215503505222Z/report.csv,29268
a0912.raw,1,0,255,0,0,1,1781.816,1048576,312380,2,equal,2,550.293,2680744,2680724,0,ae5e815305924acda3951af428f3688efcf83f39f9fdc554b274fb8d0fbe3970,1770.134,11.682,2585304,2585304,0,1,0,20,ESP32/cnn_tflite_esp32/reports/20261008T215503505222Z/report.csv,29268
a0913.raw,1,0,255,0,0,1,1781.391,1048576,312380,2,equal,2,512.223,2680744,2680724,0,13cf1079cfc2110b091e4e299771b019916fee046a2a3a61e3d9545dabff40c0,1769.705,11.686,2585304,2585304,0,1,0,20,ESP32/cnn_tflite_esp32/reports/20261008T215503505222Z/report.csv,29268
a0914.raw,1,0,255,0,0,1,1778.072,1048576,312380,2,equal,2,560.753,2680744,2680732,0,b46cbcf4362f0803741268a498422dc9d13b755bd0051080dc4be284e46f00f1,1766.399,11.673,2585304,2585304,0,1,0,20,ESP32/cnn_tflite_esp32/reports/20261008T215503505222Z/report.csv,29268
a0915.raw,1,0,255,0,0,1,1780.121,1048576,312380,2,equal,2,502.245,2680744,2680744,0,4e3cc623eb8790bf6274f87473ca72fc7ae03e65e0f75d7fa5c7f25ad274dd0f,1768.476,11.645,2585304,2585304,0,1,0,20,ESP32/cnn_tflite_esp32/reports/20261008T215503505222Z/report.csv,29268
a0916.raw,1,0,255,0,0,1,1779.118,1048576,312380,2,equal,2,545.709,2680744,2680724,0,b5280b091c198b78a30fc431efc890222e76eac9378755adaabf38aee32545c5,1767.542,11.576,2585304,2585304,0,1,0,20,ESP32/cnn_tflite_esp32/reports/20261008T215503505222Z/report.csv,29268
a0917.raw,1,0,255,0,0,1,1780.658,1048576,312380,2,equal,2,496.574,2680744,2680744,0,dad4397542e670571a830b7e65fc81f11053cf613275d90c87eda586368a776e,1769.003,11.655,2585304,2585304,0,1,0,20,ESP32/cnn_tflite_esp32/reports/20261008T215503505222Z/report.csv,29268
a0918.raw,1,0,255,0,0,1,1779.999,1048576,312380,2,equal,2,524.679,2680744,2680724,0,bff3d225421928a0cd8954186944d5032efe42cdada53a3fc4a55f4ba68a5266,1768.422,11.577,2585304,2585304,0,1,0,20,ESP32/cnn_tflite_esp32/reports/20261008T215503505222Z/report.csv,29268
a0919.raw,1,0,255,0,0,1,1780.679,1048576,312380,2,equal,2,562.816,2680744,2680724,0,0425c530e584ad175727f57deb273e7fb767db29a6e02d0933bdd77493ca8ff9,1769.035,11.644,2585304,2585304,0,1,0,20,ESP32/cnn_tflite_esp32/reports/20261008T215503505222Z/report.csv,29268
a0920.raw,1,0,255,0,0,1,1778.958,1048576,312380,2,equal,2,520.158,2680744,2680724,0,40456b0b044b9a9de8843c6e7cc0abd815bec922e6df860743731bb95f5f4dfc,1767.282,11.676,2585304,2585304,0,1,0,20,ESP32/cnn_tflite_esp32/reports/20261008T215503505222Z/report.csv,29268
a0921.raw,1,1,255,0,0,1,1778.84,1048576,312380,2,equal,2,502.579,2680744,2680744,0,1aefe9f81b382f9be27cd29f01342227f77ed09120c9a7874122a88bb8d14260,1767.185,11.655,2585304,2585304,0,1,0,20,ESP32/cnn_tflite_esp32/reports/20261008T215503505222Z/report.csv,29268
a0922.raw,1,0,255,0,0,1,1780.522,1048576,312380,2,equal,2,511.556,2680744,2680724,0,993fb51284a3caa03f3638a2275e326dc5c663756900c6037b0eee9211c90a82,1768.937,11.585,2585304,2585304,0,1,0,20,ESP32/cnn_tflite_esp32/reports/20261008T215503505222Z/report.csv,29268
a0923.raw,1,0,255,0,0,1,1780.976,1048576,312380,2,equal,2,536.578,2680744,2680724,0,04ec7e96d915f01b5788256e37001e221886269daabffec1d6099f5c15f6253c,1769.383,11.593,2585304,2585304,0,1,0,20,ESP32/cnn_tflite_esp32/reports/20261008T215503505222Z/report.csv,29268
a0924.raw,1,0,255,0,0,1,1777.164,1048576,312380,2,equal,2,523.758,2680744,2680724,0,8be64cb6aa4cfc4e4cc947f82ce5f9c94009151107f231b29aac60ef130fc479,1765.502,11.662,2585304,2585304,0,1,0,20,ESP32/cnn_tflite_esp32/reports/20261008T215503505222Z/report.csv,29268
a0925.raw,1,0,255,0,0,1,1782.412,1048576,312380,2,equal,2,555.226,2680744,2680724,0,1a89ed7a91eece3f5a8fb0e42581d19a73f9f284508dc9c6bfe58aa5ecb96e88,1770.760,11.652,2585304,2585304,0,1,0,20,ESP32/cnn_tflite_esp32/reports/20261008T215503505222Z/report.csv,29268
a0926.raw,1,3,253,0,0,1,1781.975,1048576,312380,2,equal,2,536.850,2680744,2680724,0,4bcd40382d2c25aed29fb9a36f06c426939f590b24349b0aba72a386e348d089,1770.374,11.601,2585304,2585304,0,1,0,20,ESP32/cnn_tflite_esp32/reports/20261008T215503505222Z/report.csv,29268
a0927.raw,1,0,255,0,0,1,1780.946,1048576,312380,2,equal,2,522.525,2680744,2680724,0,fe0e2b33fdee34874903160208b9426997bfe68df1c2f996c4db003805a78c12,1769.198,11.748,2585304,2585304,0,1,0,20,ESP32/cnn_tflite_esp32/reports/20261008T215503505222Z/report.csv,29268
a0928.raw,1,0,255,0,0,1,1782.347,1048576,312380,2,equal,2,516.057,2680744,2680724,0,705f3eab6a2454a86345a7635003f43049faadca3099f53d9bb2f3cddc601609,1770.596,11.751,2585304,2585304,0,1,0,20,ESP32/cnn_tflite_esp32/reports/20261008T215503505222Z/report.csv,29268
a0929.raw,1,0,255,0,0,1,1782.55,1048576,312380,2,equal,2,516.706,2680744,2680724,0,7add8ef11e110051515448fbfa288f4ecf29ec2a4bda455cfd59c4b4bef604eb,1770.873,11.677,2585304,2585304,0,1,0,20,ESP32/cnn_tflite_esp32/reports/20261008T215503505222Z/report.csv,29268
a0930.raw,1,0,255,0,0,1,1777.872,1048576,312380,2,equal,2,523.911,2680744,2680724,0,2ccde73818b80fc13110048b50fa40ba607ae16d1f6396db9086e4ba35994a7c,1766.202,11.670,2585304,2585304,0,1,0,20,ESP32/cnn_tflite_esp32/reports/20261008T215503505222Z/report.csv,29268
a0931.raw,1,0,255,0,0,1,1782.117,1048576,312380,2,equal,2,516.931,2680744,2680724,0,0e32865e068af23f7db789acffc99b304d2f3ad9beceb4eab9bbb88be5896ad2,1770.508,11.609,2585304,2585304,0,1,0,20,ESP32/cnn_tflite_esp32/reports/20261008T215503505222Z/report.csv,29268
a0932.raw,1,0,255,0,0,1,1780.614,1048576,312380,2,equal,2,599.982,2680744,2680724,0,04893d53a9e46bfa29fa0239db639864b9f413a40bddd0136b62c091cc417909,1768.980,11.634,2585304,2585304,0,1,0,20,ESP32/cnn_tflite_esp32/reports/20261008T215503505222Z/report.csv,29268
a0933.raw,1,0,255,0,0,1,1779.714,1048576,312380,2,equal,2,570.310,2680744,2680724,0,41644077af723868f1f6a1831b3d483f3b071921bb329197f91926b0ce443323,1767.856,11.858,2585304,2585304,0,1,0,20,ESP32/cnn_tflite_esp32/reports/20261008T215503505222Z/report.csv,29268
a0934.raw,1,0,255,0,0,1,1779.812,1048576,312380,2,equal,2,554.425,2680744,2680724,0,0ac1e20e3a21904396739c83bbc38b45a21f9c89647bf05ed8b3529cc2e29ab5,1768.150,11.662,2585304,2585304,0,1,0,20,ESP32/cnn_tflite_esp32/reports/20261008T215503505222Z/report.csv,29268
a0935.raw,1,0,255,0,0,1,1781.156,1048576,312380,2,equal,2,560.822,2680744,2680724,0,e2c512e8c7377c9ac0d14618098e59a99e3830efa996670682bc722256099acb,1769.522,11.634,2585304,2585304,0,1,0,20,ESP32/cnn_tflite_esp32/reports/20261008T215503505222Z/report.csv,29268
a0936.raw,1,0,255,0,0,1,1778.871,1048576,312380,2,equal,2,516.732,2680744,2680724,0,8f7555e32bf60c22cbf6ab332ea02178b07fed152ad6572daf27a4ab8d49c341,1767.244,11.627,2585304,2585304,0,1,0,20,ESP32/cnn_tflite_esp32/reports/20261008T215503505222Z/report.csv,29268
a0937.raw,1,0,255,0,0,1,1776.282,1048576,312380,2,equal,2,510.392,2680744,2680724,0,1e1040f056838431c7552e72a442b2a978fd9739605502852c9282c20766c8b1,1764.611,11.671,2585304,2585304,0,1,0,20,ESP32/cnn_tflite_esp32/reports/20261008T215503505222Z/report.csv,29268
a0938.raw,1,4,252,0,0,1,1782.772,1048576,312380,2,equal,2,530.242,2680744,2680724,0,ee1e3e8a83213a9ea661132bef33ada99737df002673288e50c3392593aca32a,1771.187,11.585,2585304,2585304,0,1,0,20,ESP32/cnn_tflite_esp32/reports/20261008T215503505222Z/report.csv,29268
a0939.raw,1,0,255,0,0,1,1783.511,1048576,312380,2,equal,2,574.389,2680744,2680724,0,69acd929a48de3b767e5e93f364fffc3d0b60d7fbe7c85fb9ed7947df2ffe71f,1771.498,12.013,2585304,2585304,0,1,0,20,ESP32/cnn_tflite_esp32/reports/20261008T215503505222Z/report.csv,29268
a0940.raw,1,0,255,0,0,1,1781.963,1048576,312380,2,equal,2,543.805,2680744,2680724,0,867dc0c2d888283d32a44c942b8c77bfb1ab8551bf7cdb555e36338f515f2dae,1770.385,11.578,2585304,2585304,0,1,0,20,ESP32/cnn_tflite_esp32/reports/20261008T215503505222Z/report.csv,29268
a0941.raw,1,0,255,0,0,1,1781.374,1048576,312380,2,equal,2,526.087,2680744,2680724,0,b5800cbc77a8dc2679664c3442fcb69ea8957f7067336404a55210b75b4af4ed,1769.744,11.630,2585304,2585304,0,1,0,20,ESP32/cnn_tflite_esp32/reports/20261008T215503505222Z/report.csv,29268
a0942.raw,1,9,247,0,0,1,1778.126,1048576,312380,2,equal,2,519.809,2680744,2680724,0,116a996a003bb7be78356cfaf05354967a5753a184ac6d49fabc1a1f5655bc56,1766.473,11.653,2585304,2585304,0,1,0,20,ESP32/cnn_tflite_esp32/reports/20261008T215503505222Z/report.csv,29268
a0943.raw,1,0,255,0,0,1,1778.176,1048576,312380,2,equal,2,632.717,2680744,2680724,0,54a1f9dea058656237c1245f818521bb9de218701074fea3efc0953827083b11,1766.607,11.569,2585304,2585304,0,1,0,20,ESP32/cnn_tflite_esp32/reports/20261008T215503505222Z/report.csv,29268
a0944.raw,1,0,255,0,0,1,1777.153,1048576,312380,2,equal,2,528.430,2680744,2680724,0,4434dba803de0912588c825002654d42f92afc26f6a517ff4c0d562e66d31320,1765.473,11.680,2585304,2585304,0,1,0,20,ESP32/cnn_tflite_esp32/reports/20261008T215503505222Z/report.csv,29268
a0945.raw,1,1,255,0,0,1,1781.758,1048576,312380,2,equal,2,496.985,2680744,2680744,0,6a36a7b98285d5f077ba6cebddd56c4379c4aa20056bbdaf1ba8eb027c90724b,1769.112,12.646,2585304,2585304,0,1,0,20,ESP32/cnn_tflite_esp32/reports/20261008T215503505222Z/report.csv,29268
a0946.raw,1,0,255,0,0,1,1776.667,1048576,312380,2,equal,2,537.735,2680744,2680724,0,c1f49894ab2d3318c878a8ad2334eeff2459ff8740796f5c0baad0e7cbc5d75e,1765.053,11.614,2585304,2585304,0,1,0,20,ESP32/cnn_tflite_esp32/reports/20261008T215503505222Z/report.csv,29268
a0947.raw,1,0,255,0,0,1,1779.917,1048576,312380,2,equal,2,508.232,2680744,2680724,0,50be5f3937de0ae41b6ec1598b543bf407813ad0ae4582f86ffa0264c8585141,1768.221,11.696,2585304,2585304,0,1,0,20,ESP32/cnn_tflite_esp32/reports/20261008T215503505222Z/report.csv,29268
a0948.raw,1,0,255,0,0,1,1776.132,1048576,312380,2,equal,2,549.122,2680744,2680724,0,485dc7dd993cfb2610fe87b0c2389bc21fefcd068df7e1b627916377e6162a4f,1764.538,11.594,2585304,2585304,0,1,0,20,ESP32/cnn_tflite_esp32/reports/20261008T215503505222Z/report.csv,29268
a0949.raw,1,0,255,0,0,1,1779.335,1048576,312380,2,equal,2,519.407,2680744,2680724,0,41a375dbcfecac5ae640b9d91cd2f3b2c24f632e826f3e7ba874c59ee984745e,1767.671,11.664,2585304,2585304,0,1,0,20,ESP32/cnn_tflite_esp32/reports/20261008T215503505222Z/report.csv,29268
a0950.raw,1,0,255,0,0,1,1780.246,1048576,312380,2,equal,2,487.239,2680744,2680724,0,b0cddceac42185f02655af3b582862e00788e00d67934d67641191ba91d2d8f9,1768.466,11.780,2585304,2585304,0,1,0,20,ESP32/cnn_tflite_esp32/reports/20261008T215503505222Z/report.csv,29268
a0951.raw,1,0,255,0,0,1,1780.7,1048576,312380,2,equal,2,502.051,2680744,2680752,8,857e7bf43ce9a7c2aa6af87f7abe321291d4ec11f9ddfac89b7d8f8b87b16afc,1768.986,11.714,2585304,2585304,0,1,0,20,ESP32/cnn_tflite_esp32/reports/20261008T215503505222Z/report.csv,29268
a0952.raw,1,0,255,0,0,1,1778.378,1048576,312380,2,equal,2,488.755,2680744,2680744,0,fba4d20a1ce57a44e1ac85cf5f0c706dffcf8fc2ab478e1819a5dd04a2bb3f04,1766.798,11.580,2585304,2585304,0,1,0,20,ESP32/cnn_tflite_esp32/reports/20261008T215503505222Z/report.csv,29268
a0953.raw,1,0,255,0,0,1,1779.897,1048576,312380,2,equal,2,538.384,2680744,2680724,0,53f647c69d03d6cdd2828eeeae82f2b61e429c1bf4cadba37515e0825a46e1fc,1768.319,11.578,2585304,2585304,0,1,0,20,ESP32/cnn_tflite_esp32/reports/20261008T215503505222Z/report.csv,29268
a0954.raw,1,0,255,0,0,1,1778.151,1048576,312380,2,equal,2,503.139,2680744,2680744,0,46db4e0e5ab9ceb286608ee4bfc26eb7ec4348ce541ad5dca9942aac3bdd42eb,1766.508,11.643,2585304,2585304,0,1,0,20,ESP32/cnn_tflite_esp32/reports/20261008T215503505222Z/report.csv,29268
a0955.raw,1,0,255,0,0,1,1781.011,1048576,312380,2,equal,2,553.122,2680744,2680724,0,6abd07dae290c21123388df8df2fa61404be25a60f690141d4627cbc638f6a21,1769.378,11.633,2585304,2585304,0,1,0,20,ESP32/cnn_tflite_esp32/reports/20261008T215503505222Z/report.csv,29268
a0956.raw,1,0,255,0,0,1,1776.564,1048576,312380,2,equal,2,530.007,2680744,2680724,0,774da8cf3badbc80f4e787b667710eae7f8c2e32a12cc045a09f36d73f5b7133,1764.904,11.660,2585304,2585304,0,1,0,20,ESP32/cnn_tflite_esp32/reports/20261008T215503505222Z/report.csv,29268
a0957.raw,1,0,255,0,0,1,1775.828,1048576,312380,2,equal,2,533.256,2680744,2680724,0,8d661b70a8a3c2f40f1109896ba7fed7905beb4546b7967c18b39063780bd7b1,1764.218,11.610,2585304,2585304,0,1,0,20,ESP32/cnn_tflite_esp32/reports/20261008T215503505222Z/report.csv,29268
a0958.raw,1,8,248,0,0,1,1779.133,1048576,312380,2,equal,2,506.454,2680744,2680752,8,7e10af3a45a9c2eb82556d4f94ad5ed14efb729edb22b368d5efdd636d936fb5,1767.567,11.566,2585304,2585304,0,1,0,20,ESP32/cnn_tflite_esp32/reports/20261008T215503505222Z/report.csv,29268
a0959.raw,1,21,235,0,0,1,1775.298,1048576,312380,2,equal,2,526.852,2680744,2680724,0,70abde2355558801a5df4eb9c6dd637dfc08f71d3c86bbe25e202e90b170e315,1763.653,11.645,2585304,2585304,0,1,0,20,ESP32/cnn_tflite_esp32/reports/20261008T215503505222Z/report.csv,29268
a0960.raw,1,2,254,0,0,1,1777.475,1048576,312380,2,equal,2,502.813,2680744,2680744,0,259092496b79ce6a1668f60ba45006fc774aca6c9413dba8a8a38dee578ca511,1765.907,11.568,2585304,2585304,0,1,0,20,ESP32/cnn_tflite_esp32/reports/20261008T215503505222Z/report.csv,29268
a0961.raw,1,0,255,0,0,1,1778.859,1048576,312380,2,equal,2,526.472,2680744,2680732,0,f523147a07d1207f55e7ff3c4b374d54a4c50381f9f40ee094a47fe4ff603435,1767.181,11.678,2585304,2585304,0,1,0,20,ESP32/cnn_tflite_esp32/reports/20261008T215503505222Z/report.csv,29268
a0962.raw,1,2,254,0,0,1,1778.31,1048576,312380,2,equal,2,514.534,2680744,2680724,0,46ff559bc919b96302b6e930fa68693ca9acac5f0dcc53650e36c47bde14d997,1766.619,11.691,2585304,2585304,0,1,0,20,ESP32/cnn_tflite_esp32/reports/20261008T215503505222Z/report.csv,29268
a0963.raw,1,9,247,0,0,1,1783.162,1048576,312380,2,equal,2,516.622,2680744,2680724,0,cdec23a20dc029ed86145fdbf74580c043d93604147272ba50ca373a1ea18944,1770.751,12.411,2585304,2585304,0,1,0,20,ESP32/cnn_tflite_esp32/reports/20261008T215503505222Z/report.csv,29268
a0964.raw,1,19,237,0,0,1,1780.65,1048576,312380,2,equal,2,502.034,2680744,2680744,0,4252d47013a3c58a13f12761a65ada5e1d18bf1a35e1c7434cf55637b8026790,1769.052,11.598,2585304,2585304,0,1,0,20,ESP32/cnn_tflite_esp32/reports/20261008T215503505222Z/report.csv,29268
a0965.raw,1,24,232,0,0,1,1780.594,1048576,312380,2,equal,2,510.056,2680744,2680744,0,83665a43b786de50d34877b67f5f19a0dde2cbb02978b9e1198c574afaa6381b,1768.878,11.716,2585304,2585304,0,1,0,20,ESP32/cnn_tflite_esp32/reports/20261008T215503505222Z/report.csv,29268
a0966.raw,1,158,98,1,0,0,1780.95,1048576,312380,2,equal,2,506.201,2680744,2680744,0,48c7947299ec4bf08f24528d9a786b0def860a45bc44d3a9c8951b4212b9a576,1769.263,11.687,2585304,2585304,0,1,0,20,ESP32/cnn_tflite_esp32/reports/20261008T215503505222Z/report.csv,29268
a0967.raw,1,179,77,1,0,0,1778.646,1048576,312380,2,equal,2,516.414,2680744,2680724,0,741af8d71f9f09dbbc8d1750efdb6c66ebea74cb92d38e4c8e5e780c8d80a3a9,1767.012,11.634,2585304,2585304,0,1,0,20,ESP32/cnn_tflite_esp32/reports/20261008T215503505222Z/report.csv,29268
a0968.raw,1,128,128,-1,0,0,1780.756,1048576,312380,2,equal,2,513.097,2680744,2680724,0,6310f57512d16b6ca1a154c8a425687f9738576be564e32223c23a5f5ab957fc,1769.101,11.655,2585304,2585304,0,1,0,20,ESP32/cnn_tflite_esp32/reports/20261008T215503505222Z/report.csv,29268
a0969.raw,1,0,255,0,0,1,1776.418,1048576,312380,2,equal,2,492.576,2680744,2680744,0,04554bc4c582b84cb58d9530bbcc83aaa16b1a56d4c82ce3dc605bb1f1ae1173,1764.737,11.681,2585304,2585304,0,1,0,20,ESP32/cnn_tflite_esp32/reports/20261008T215503505222Z/report.csv,29268
a0970.raw,1,0,255,0,0,1,1780.143,1048576,312380,2,equal,2,496.021,2680744,2680744,0,c8471357b8e3c0821f6ad2a603f963f7454394351b464fae580e4c8422444daa,1768.389,11.754,2585304,2585304,0,1,0,20,ESP32/cnn_tflite_esp32/reports/20261008T215503505222Z/report.csv,29268
a0971.raw,1,0,255,0,0,1,1777.805,1048576,312380,2,equal,2,505.992,2680744,2680744,0,d4a7386460fc38f9113bd1b604f3af2352106f8b09cd0912f1eafda63d0ed16f,1766.199,11.606,2585304,2585304,0,1,0,20,ESP32/cnn_tflite_esp32/reports/20261008T215503505222Z/report.csv,29268
a0972.raw,1,0,255,0,0,1,1779.807,1048576,312380,2,equal,2,803.083,2680744,2680724,0,b2f6acd40e3548d5ee65fe6b95150a9f52b42276f01aa16ab49294a3ac8116e9,1768.184,11.623,2585304,2585304,0,1,0,20,ESP32/cnn_tflite_esp32/reports/20261008T215503505222Z/report.csv,29268
a0973.raw,1,5,251,0,0,1,1776.739,1048576,312380,2,equal,2,513.696,2680744,2680724,0,7020f2edd5ede318812c5bad5b63353515e6ce406a7650084ffc308c4d474280,1765.087,11.652,2585304,2585304,0,1,0,20,ESP32/cnn_tflite_esp32/reports/20261008T215503505222Z/report.csv,29268
a0974.raw,1,0,255,0,0,1,1779.069,1048576,312380,2,equal,2,526.182,2680744,2680724,0,be6d33a805f92877986afbc756487fc8c1b5679c05078a76687c6b28c67c6132,1767.406,11.663,2585304,2585304,0,1,0,20,ESP32/cnn_tflite_esp32/reports/20261008T215503505222Z/report.csv,29268
a0975.raw,1,0,255,0,0,1,1779.632,1048576,312380,2,equal,2,510.749,2680772,2680744,0,779f5b7fb2c7bdf896daf4d71d9df7eaf25dfbb89f054f0be250226382ac5d8a,1768.035,11.597,2585304,2585304,0,1,0,20,ESP32/cnn_tflite_esp32/reports/20261008T215503505222Z/report.csv,29268
a0976.raw,1,0,255,0,0,1,1777.126,1048576,312380,2,equal,2,690.287,2680744,2680732,0,51c0aca0c3f90a4400669f39594acb3a3b9ed62efc3db18c07f3b3cffb53b8e7,1765.351,11.775,2585304,2585304,0,1,0,20,ESP32/cnn_tflite_esp32/reports/20261008T215503505222Z/report.csv,29268
a0977.raw,1,0,255,0,0,1,1776.664,1048576,312380,2,equal,2,686.651,2680744,2680724,0,0b06a7a9e219dcfbe8a341de9f257ba9317329fe5bea2becc78acdc83a12b4cf,1765.012,11.652,2585304,2585304,0,1,0,20,ESP32/cnn_tflite_esp32/reports/20261008T215503505222Z/report.csv,29268
a0978.raw,1,0,255,0,0,1,1777.834,1048576,312380,2,equal,2,668.733,2680744,2680724,0,3b9b78ac066a29a6136baebecc388041adaaebee55c15c3698f3a5271027a73a,1766.108,11.726,2585304,2585304,0,1,0,20,ESP32/cnn_tflite_esp32/reports/20261008T215503505222Z/report.csv,29268
a0979.raw,1,0,255,0,0,1,1775.558,1048576,312380,2,equal,2,534.417,2680744,2680732,0,dea5c04f47f88ddcc765f5e9000e73024c911e57aa97a0171170ae1b5c52d83f,1763.788,11.770,2585304,2585304,0,1,0,20,ESP32/cnn_tflite_esp32/reports/20261008T215503505222Z/report.csv,29268
a0980.raw,1,0,255,0,0,1,1778.61,1048576,312380,2,equal,2,577.557,2680744,2680724,0,ea295f47fd63a2d751785820d8f3861b67db71092139f8c52297397a5c2e8f42,1766.908,11.702,2585304,2585304,0,1,0,20,ESP32/cnn_tflite_esp32/reports/20261008T215503505222Z/report.csv,29268
a0981.raw,1,0,255,0,0,1,1779.333,1048576,312380,2,equal,2,556.007,2680744,2680724,0,045254186a27a9bc2187e0793aa07e6b172ef763dbfe3296330fd40887488729,1767.646,11.687,2585304,2585304,0,1,0,20,ESP32/cnn_tflite_esp32/reports/20261008T215503505222Z/report.csv,29268
a0982.raw,1,0,255,0,0,1,1780.059,1048576,312380,2,equal,2,537.150,2680744,2680724,0,ecbbdec46690cf1b20e04b2b795494e1fae6bc011b52691d1809a67e43607941,1768.290,11.769,2585304,2585304,0,1,0,20,ESP32/cnn_tflite_esp32/reports/20261008T215503505222Z/report.csv,29268
a0983.raw,1,0,255,0,0,1,1779.659,1048576,312380,2,equal,2,532.859,2680744,2680724,0,be7f8337e037dd2aafb9189274474e2e92b8e8dcfd4677a8753664c99980a024,1767.984,11.675,2585304,2585304,0,1,0,20,ESP32/cnn_tflite_esp32/reports/20261008T215503505222Z/report.csv,29268
a0984.raw,1,0,255,0,0,1,1780.205,1048576,312380,2,equal,2,558.599,2680772,2680724,0,0183448383e50306c694f6f74450071359c5ec100b29228361b536e5a35039aa,1768.383,11.822,2585304,2585304,0,1,0,20,ESP32/cnn_tflite_esp32/reports/20261008T215503505222Z/report.csv,29268
a0985.raw,1,0,255,0,0,1,1776.905,1048576,312380,2,equal,2,649.201,2680744,2680732,0,a228b9624ecaf88ac3ec85673a61a3abf25e8f7773b3cd5125d896d4f215e6cf,1765.214,11.691,2585304,2585304,0,1,0,20,ESP32/cnn_tflite_esp32/reports/20261008T215503505222Z/report.csv,29268
a0986.raw,1,0,255,0,0,1,1781.102,1048576,312380,2,equal,2,616.706,2680744,2680724,0,8967e1cb50fc420b913553a02be1b0cef3c3841858daad2a625e33607c6b64a7,1769.446,11.656,2585304,2585304,0,1,0,20,ESP32/cnn_tflite_esp32/reports/20261008T215503505222Z/report.csv,29268
a0987.raw,1,0,255,0,0,1,1778.184,1048576,312380,2,equal,2,631.734,2680744,2680724,0,f1f5414c5478eeb25a8059d7e30f41cf054ddbcde996f0c36d47657f7d9c524c,1766.511,11.673,2585304,2585304,0,1,0,20,ESP32/cnn_tflite_esp32/reports/20261008T215503505222Z/report.csv,29268
a0988.raw,1,0,255,0,0,1,1776.8,1048576,312380,2,equal,2,558.841,2680744,2680724,0,66d875b49d537fcdcfeacbb0429043e0fa1b1d988a2d8989ad13609d15608253,1765.124,11.676,2585304,2585304,0,1,0,20,ESP32/cnn_tflite_esp32/reports/20261008T215503505222Z/report.csv,29268
a0989.raw,1,0,255,0,0,1,1781.089,1048576,312380,2,equal,2,543.039,2680744,2680724,0,609657700c44eb5387f95852e8f9485f55e653b9aff5489c96822f135bb957fc,1769.234,11.855,2585304,2585304,0,1,0,20,ESP32/cnn_tflite_esp32/reports/20261008T215503505222Z/report.csv,29268
a0990.raw,1,0,255,0,0,1,1778.531,1048576,312380,2,equal,2,678.749,2680744,2680724,0,396215e3707f5b0f9b8209013101c34c55df57e9e5082911bfa6fb3f3f8efecf,1766.947,11.584,2585304,2585304,0,1,0,20,ESP32/cnn_tflite_esp32/reports/20261008T215503505222Z/report.csv,29268
a0991.raw,1,0,255,0,0,1,1785.003,1048576,312380,2,equal,2,595.952,2680744,2680724,0,2749a57273463dfa2d25f0a01bd6d539252731b4a38f8e27071f55ec76d78ef8,1772.892,12.111,2585304,2585304,0,1,0,20,ESP32/cnn_tflite_esp32/reports/20261008T215503505222Z/report.csv,29268
a0992.raw,1,0,255,0,0,1,1777.444,1048576,312380,2,equal,2,544.623,2680744,2680724,0,1ed8bb36c03319d1b23bd455cdc0825c583bafba67ee10cacea6a9a681dc5fe0,1765.752,11.692,2585304,2585304,0,1,0,20,ESP32/cnn_tflite_esp32/reports/20261008T215503505222Z/report.csv,29268
a0993.raw,1,0,255,0,0,1,1781.285,1048576,312380,2,equal,2,581.684,2680772,2680744,0,7770218858384b861625667dbe091d9b3f456b920bb2ac69bb13b1b8508c4d43,1769.485,11.800,2585304,2585304,0,1,0,20,ESP32/cnn_tflite_esp32/reports/20261008T215503505222Z/report.csv,29268
a0994.raw,1,0,255,0,0,1,1782.873,1048576,312380,2,equal,2,553.793,2680744,2680732,0,4ca19b600a0004a47fe0b7c8e82a9cb5d5444243df1c1545c75d6380b9e07ce7,1770.365,12.508,2585304,2585304,0,1,0,20,ESP32/cnn_tflite_esp32/reports/20261008T215503505222Z/report.csv,29268
a0995.raw,1,0,255,0,0,1,1781.774,1048576,312380,2,equal,2,602.155,2680744,2680724,0,3a04e2f8a2c54f5fad4834dacf5be5f45201e80b82d57f4da284fe405b341448,1770.052,11.722,2585304,2585304,0,1,0,20,ESP32/cnn_tflite_esp32/reports/20261008T215503505222Z/report.csv,29268
a0996.raw,1,0,255,0,0,1,1777.964,1048576,312380,2,equal,2,565.345,2680744,2680724,0,96337dfebbfeb780fae3f0c3cb35d33a1207f35db33f6682ebbd5ad5bcd1a241,1766.299,11.665,2585304,2585304,0,1,0,20,ESP32/cnn_tflite_esp32/reports/20261008T215503505222Z/report.csv,29268
a0997.raw,1,0,255,0,0,1,1778.206,1048576,312380,2,equal,2,545.580,2680744,2680724,0,20f4258f2a2b1cd429395101ad71997c8ca5a5f14b9cc0bf69f0fd349cb0b780,1766.501,11.705,2585304,2585304,0,1,0,20,ESP32/cnn_tflite_esp32/reports/20261008T215503505222Z/report.csv,29268
a0998.raw,1,0,255,0,0,1,1780.587,1048576,312380,2,equal,2,518.988,2680744,2680724,0,812739fc33451733d8ece266cd9b926be6a54af5f23e6e78c62668985ac2f66f,1768.848,11.739,2585304,2585304,0,1,0,20,ESP32/cnn_tflite_esp32/reports/20261008T215503505222Z/report.csv,29268
a0999.raw,1,0,255,0,0,1,1777.5,1048576,312380,2,equal,2,536.479,2680744,2680724,0,7f031dc5aedfafe6c62fbfedd86bf23c7af33cde73925b2737e07b33869c7e0f,1765.808,11.692,2585304,2585304,0,1,0,20,ESP32/cnn_tflite_esp32/reports/20261008T215503505222Z/report.csv,29268
a1000.raw,1,0,255,0,0,1,1778.605,1048576,312380,2,equal,2,514.832,2680744,2680724,0,cd27f27123af0a20c7ca0d09f94fe5051c706102406271f3c5fb8a0dd3a120da,1766.879,11.726,2585304,2585304,0,1,0,20,ESP32/cnn_tflite_esp32/reports/20261008T215503505222Z/report.csv,29268
a1001.raw,1,0,255,0,0,1,1777.288,1048576,312380,2,equal,2,515.996,2680744,2680724,0,5149d5c7da98a07a92009dd21a599e305879714d3e483f5edb8879f40ae6951a,1765.642,11.646,2585304,2585304,0,1,0,20,ESP32/cnn_tflite_esp32/reports/20261008T215503505222Z/report.csv,29268
a1002.raw,1,0,255,0,0,1,1779.737,1048576,312380,2,equal,2,520.108,2680772,2680724,0,08ee3b211a08a064b0841e21e82f77182be9fb2102eeff9fdc777ba48ca11083,1768.166,11.571,2585304,2585304,0,1,0,20,ESP32/cnn_tflite_esp32/reports/20261008T215503505222Z/report.csv,29268
a1003.raw,1,0,255,0,0,1,1780.273,1048576,312380,2,equal,2,587.668,2680744,2680732,0,6ecc369aa0111b7aa1c3b7f3ba61799df949a4401be925eb2991f30da9a09cb6,1768.263,12.010,2585304,2585304,0,1,0,20,ESP32/cnn_tflite_esp32/reports/20261008T215503505222Z/report.csv,29268
a1004.raw,1,0,255,0,0,1,1781.88,1048576,312380,2,equal,2,524.662,2680744,2680724,0,276924c65dd9ca11660a82747f54f1f2480c30d65197404e99f316af9c04a7b3,1769.841,12.039,2585304,2585304,0,1,0,20,ESP32/cnn_tflite_esp32/reports/20261008T215503505222Z/report.csv,29268
a1005.raw,1,0,255,0,0,1,1779.817,1048576,312380,2,equal,2,766.105,2680744,2680724,0,7df8de24f129f0b780dc411eca02dc9fe5165d8dc778c1ce07c7cab4c1739e62,1768.190,11.627,2585304,2585304,0,1,0,20,ESP32/cnn_tflite_esp32/reports/20261008T215503505222Z/report.csv,29268
a1006.raw,1,0,255,0,0,1,1773.117,1048576,312380,2,equal,2,563.069,2680744,2680724,0,373278c5b04006e74cd7b5013a176a38107478c483a25b70c7970cff7154eff9,1761.408,11.709,2585304,2585304,0,1,0,20,ESP32/cnn_tflite_esp32/reports/20261008T215503505222Z/report.csv,29268
a1007.raw,1,0,255,0,0,1,1782.015,1048576,312380,2,equal,2,530.856,2680744,2680724,0,e8ddbc5fa6476e333ed0e428a092d28d7ee4a42a1555ec12899628cf5a20e0b2,1770.302,11.713,2585304,2585304,0,1,0,20,ESP32/cnn_tflite_esp32/reports/20261008T215503505222Z/report.csv,29268
a1008.raw,1,0,255,0,0,1,1778.34,1048576,312380,2,equal,2,530.997,2680744,2680724,0,b0cd99a3dfc4bdfb1012aeecffa3639f907c55fce79b894a57ae2f711e5de1f1,1766.645,11.695,2585304,2585304,0,1,0,20,ESP32/cnn_tflite_esp32/reports/20261008T215503505222Z/report.csv,29268
