name_image,ok,result,label,right,invalid,inference_ms,quantized,scores,error
test/drowsy/A0001.raw,1,1,1,1,False,43.8527,"[255, 0]","[0.99609375, 0.0]",
test/drowsy/A0002.raw,1,1,1,1,False,43.1907,"[255, 0]","[0.99609375, 0.0]",
test/drowsy/A0003.raw,1,1,1,1,False,42.6846,"[255, 0]","[0.99609375, 0.0]",
test/drowsy/A0004.raw,1,1,1,1,False,42.5346,"[255, 0]","[0.99609375, 0.0]",
test/drowsy/A0005.raw,1,1,1,1,False,42.2681,"[255, 0]","[0.99609375, 0.0]",
test/drowsy/A0006.raw,1,1,1,1,False,43.1639,"[255, 0]","[0.99609375, 0.0]",
test/drowsy/A0007.raw,1,1,1,1,False,45.0882,"[255, 0]","[0.99609375, 0.0]",
test/drowsy/A0008.raw,1,1,1,1,False,44.8374,"[255, 0]","[0.99609375, 0.0]",
test/drowsy/A0009.raw,1,1,1,1,False,43.6313,"[255, 0]","[0.99609375, 0.0]",
test/drowsy/A0010.raw,1,1,1,1,False,42.7744,"[255, 0]","[0.99609375, 0.0]",
test/drowsy/A0011.raw,1,1,1,1,False,43.7507,"[255, 0]","[0.99609375, 0.0]",
test/drowsy/A0012.raw,1,1,1,1,False,43.6413,"[255, 0]","[0.99609375, 0.0]",
test/drowsy/A0013.raw,1,1,1,1,False,43.8687,"[255, 0]","[0.99609375, 0.0]",
test/drowsy/A0014.raw,1,1,1,1,False,48.949,"[255, 0]","[0.99609375, 0.0]",
test/drowsy/A0015.raw,1,1,1,1,False,46.9763,"[255, 0]","[0.99609375, 0.0]",
test/drowsy/A0016.raw,1,1,1,1,False,43.6257,"[255, 0]","[0.99609375, 0.0]",
test/drowsy/A0017.raw,1,1,1,1,False,47.5324,"[255, 0]","[0.99609375, 0.0]",
test/drowsy/A0018.raw,1,1,1,1,False,70.5608,"[255, 0]","[0.99609375, 0.0]",
test/drowsy/A0019.raw,1,1,1,1,False,69.61,"[255, 0]","[0.99609375, 0.0]",
test/drowsy/A0020.raw,1,1,1,1,False,110.2093,"[255, 0]","[0.99609375, 0.0]",
test/drowsy/A0021.raw,1,1,1,1,False,103.0829,"[255, 0]","[0.99609375, 0.0]",
test/drowsy/A0022.raw,1,1,1,1,False,75.1723,"[255, 0]","[0.99609375, 0.0]",
test/drowsy/A0023.raw,1,1,1,1,False,78.7028,"[255, 0]","[0.99609375, 0.0]",
test/drowsy/A0024.raw,1,1,1,1,False,112.3762,"[255, 0]","[0.99609375, 0.0]",
test/drowsy/A0025.raw,1,1,1,1,False,62.2804,"[255, 0]","[0.99609375, 0.0]",
test/drowsy/A0026.raw,1,1,1,1,False,90.9075,"[255, 0]","[0.99609375, 0.0]",
test/drowsy/A0027.raw,1,1,1,1,False,92.7615,"[255, 0]","[0.99609375, 0.0]",
test/drowsy/A0028.raw,1,1,1,1,False,70.2423,"[255, 0]","[0.99609375, 0.0]",
test/drowsy/A0029.raw,1,1,1,1,False,89.1136,"[255, 0]","[0.99609375, 0.0]",
test/drowsy/A0030.raw,1,1,1,1,False,93.1416,"[255, 0]","[0.99609375, 0.0]",
test/drowsy/A0031.raw,1,1,1,1,False,76.1351,"[255, 0]","[0.99609375, 0.0]",
test/drowsy/A0032.raw,1,1,1,1,False,91.4671,"[255, 0]","[0.99609375, 0.0]",
test/drowsy/A0033.raw,1,1,1,1,False,112.2769,"[255, 0]","[0.99609375, 0.0]",
test/drowsy/A0034.raw,1,1,1,1,False,73.9745,"[255, 0]","[0.99609375, 0.0]",
test/drowsy/A0035.raw,1,1,1,1,False,73.5935,"[255, 0]","[0.99609375, 0.0]",
test/drowsy/A0036.raw,1,1,1,1,False,78.4955,"[255, 0]","[0.99609375, 0.0]",
test/drowsy/A0037.raw,1,1,1,1,False,91.1096,"[255, 0]","[0.99609375, 0.0]",
test/drowsy/A0038.raw,1,1,1,1,False,87.292,"[255, 0]","[0.99609375, 0.0]",
test/drowsy/A0039.raw,1,1,1,1,False,91.743,"[255, 0]","[0.99609375, 0.0]",
test/drowsy/A0040.raw,1,1,1,1,False,88.6964,"[255, 0]","[0.99609375, 0.0]",
test/drowsy/A0041.raw,1,1,1,1,False,86.0325,"[255, 0]","[0.99609375, 0.0]",
test/drowsy/A0042.raw,1,1,1,1,False,70.7196,"[255, 0]","[0.99609375, 0.0]",
test/drowsy/A0043.raw,1,1,1,1,False,64.2192,"[255, 0]","[0.99609375, 0.0]",
test/drowsy/A0044.raw,1,1,1,1,False,97.7028,"[255, 0]","[0.99609375, 0.0]",
test/drowsy/A0045.raw,1,1,1,1,False,85.0493,"[255, 0]","[0.99609375, 0.0]",
test/drowsy/A0046.raw,1,1,1,1,False,77.2513,"[255, 0]","[0.99609375, 0.0]",
test/drowsy/A0047.raw,1,1,1,1,False,130.7116,"[255, 0]","[0.99609375, 0.0]",
test/drowsy/A0048.raw,1,1,1,1,False,83.0261,"[255, 0]","[0.99609375, 0.0]",
test/drowsy/A0049.raw,1,1,1,1,False,96.4674,"[255, 0]","[0.99609375, 0.0]",
test/drowsy/A0050.raw,1,1,1,1,False,89.652,"[255, 0]","[0.99609375, 0.0]",
test/drowsy/A0051.raw,1,1,1,1,False,58.9892,"[255, 0]","[0.99609375, 0.0]",
test/drowsy/A0052.raw,1,1,1,1,False,76.7819,"[255, 0]","[0.99609375, 0.0]",
test/drowsy/A0053.raw,1,1,1,1,False,142.9633,"[255, 0]","[0.99609375, 0.0]",
test/drowsy/A0054.raw,1,1,1,1,False,86.5716,"[255, 0]","[0.99609375, 0.0]",
test/drowsy/A0055.raw,1,1,1,1,False,107.1182,"[255, 0]","[0.99609375, 0.0]",
test/drowsy/A0056.raw,1,1,1,1,False,116.7862,"[255, 0]","[0.99609375, 0.0]",
test/drowsy/A0057.raw,1,1,1,1,False,80.5789,"[255, 0]","[0.99609375, 0.0]",
test/drowsy/A0058.raw,1,1,1,1,False,90.3067,"[255, 0]","[0.99609375, 0.0]",
test/drowsy/A0059.raw,1,1,1,1,False,70.6257,"[255, 0]","[0.99609375, 0.0]",
test/drowsy/A0060.raw,1,1,1,1,False,110.4927,"[255, 0]","[0.99609375, 0.0]",
test/drowsy/A0061.raw,1,1,1,1,False,116.9062,"[255, 0]","[0.99609375, 0.0]",
test/drowsy/A0062.raw,1,1,1,1,False,69.0935,"[255, 0]","[0.99609375, 0.0]",
test/drowsy/A0063.raw,1,1,1,1,False,51.8146,"[255, 0]","[0.99609375, 0.0]",
test/drowsy/A0064.raw,1,1,1,1,False,79.1775,"[255, 0]","[0.99609375, 0.0]",
test/drowsy/A0065.raw,1,1,1,1,False,84.5271,"[255, 0]","[0.99609375, 0.0]",
test/drowsy/A0066.raw,1,1,1,1,False,100.5356,"[255, 0]","[0.99609375, 0.0]",
test/drowsy/A0067.raw,1,1,1,1,False,110.3465,"[255, 0]","[0.99609375, 0.0]",
test/drowsy/A0068.raw,1,1,1,1,False,105.1673,"[255, 0]","[0.99609375, 0.0]",
test/drowsy/A0069.raw,1,1,1,1,False,52.5975,"[255, 0]","[0.99609375, 0.0]",
test/drowsy/A0070.raw,1,1,1,1,False,78.2051,"[255, 0]","[0.99609375, 0.0]",
test/drowsy/A0071.raw,1,1,1,1,False,62.1546,"[255, 0]","[0.99609375, 0.0]",
test/drowsy/A0072.raw,1,1,1,1,False,68.8339,"[255, 0]","[0.99609375, 0.0]",
test/drowsy/A0073.raw,1,1,1,1,False,74.148,"[255, 0]","[0.99609375, 0.0]",
test/drowsy/A0074.raw,1,1,1,1,False,121.6851,"[255, 0]","[0.99609375, 0.0]",
test/drowsy/A0075.raw,1,1,1,1,False,138.4356,"[255, 0]","[0.99609375, 0.0]",
test/drowsy/A0076.raw,1,1,1,1,False,95.9151,"[255, 0]","[0.99609375, 0.0]",
test/drowsy/A0077.raw,1,1,1,1,False,116.6203,"[255, 0]","[0.99609375, 0.0]",
test/drowsy/A0078.raw,1,1,1,1,False,121.108,"[255, 0]","[0.99609375, 0.0]",
test/drowsy/A0079.raw,1,1,1,1,False,112.5071,"[255, 0]","[0.99609375, 0.0]",
test/drowsy/A0080.raw,1,1,1,1,False,91.4123,"[255, 0]","[0.99609375, 0.0]",
test/drowsy/A0081.raw,1,1,1,1,False,126.0064,"[255, 0]","[0.99609375, 0.0]",
test/drowsy/A0082.raw,1,1,1,1,False,57.9831,"[255, 0]","[0.99609375, 0.0]",
test/drowsy/A0083.raw,1,1,1,1,False,54.813,"[255, 0]","[0.99609375, 0.0]",
test/drowsy/A0084.raw,1,1,1,1,False,98.6236,"[255, 0]","[0.99609375, 0.0]",
test/drowsy/A0085.raw,1,1,1,1,False,91.3291,"[255, 0]","[0.99609375, 0.0]",
test/drowsy/A0086.raw,1,1,1,1,False,97.805,"[255, 0]","[0.99609375, 0.0]",
test/drowsy/A0087.raw,1,1,1,1,False,55.8322,"[255, 0]","[0.99609375, 0.0]",
test/drowsy/A0088.raw,1,1,1,1,False,53.2585,"[255, 0]","[0.99609375, 0.0]",
test/drowsy/A0089.raw,1,1,1,1,False,90.8433,"[255, 0]","[0.99609375, 0.0]",
test/drowsy/A0090.raw,1,1,1,1,False,54.5292,"[255, 0]","[0.99609375, 0.0]",
test/drowsy/A0091.raw,1,1,1,1,False,86.1516,"[255, 0]","[0.99609375, 0.0]",
test/drowsy/A0092.raw,1,1,1,1,False,119.3542,"[255, 0]","[0.99609375, 0.0]",
test/drowsy/A0093.raw,1,1,1,1,False,99.8203,"[255, 0]","[0.99609375, 0.0]",
test/drowsy/A0094.raw,1,1,1,1,False,71.0697,"[255, 0]","[0.99609375, 0.0]",
test/drowsy/A0095.raw,1,1,1,1,False,92.3322,"[255, 0]","[0.99609375, 0.0]",
test/drowsy/A0096.raw,1,1,1,1,False,60.8199,"[255, 0]","[0.99609375, 0.0]",
test/drowsy/A0097.raw,1,1,1,1,False,103.6453,"[255, 0]","[0.99609375, 0.0]",
test/drowsy/A0098.raw,1,1,1,1,False,73.6528,"[255, 0]","[0.99609375, 0.0]",
test/drowsy/A0099.raw,1,1,1,1,False,67.1282,"[255, 0]","[0.99609375, 0.0]",
test/drowsy/A0100.raw,1,1,1,1,False,71.3784,"[255, 0]","[0.99609375, 0.0]",
test/drowsy/A0101.raw,1,1,1,1,False,117.9218,"[255, 0]","[0.99609375, 0.0]",
test/drowsy/A0102.raw,1,1,1,1,False,114.191,"[255, 0]","[0.99609375, 0.0]",
test/drowsy/A0103.raw,1,1,1,1,False,63.4838,"[255, 0]","[0.99609375, 0.0]",
test/drowsy/A0104.raw,1,1,1,1,False,71.5199,"[255, 0]","[0.99609375, 0.0]",
test/drowsy/A0105.raw,1,1,1,1,False,95.3312,"[255, 0]","[0.99609375, 0.0]",
test/drowsy/A0106.raw,1,1,1,1,False,69.8649,"[255, 0]","[0.99609375, 0.0]",
test/drowsy/A0107.raw,1,1,1,1,False,91.883,"[255, 0]","[0.99609375, 0.0]",
test/drowsy/A0108.raw,1,1,1,1,False,65.9575,"[255, 0]","[0.99609375, 0.0]",
test/drowsy/A0109.raw,1,1,1,1,False,112.7994,"[255, 0]","[0.99609375, 0.0]",
test/drowsy/A0110.raw,1,1,1,1,False,126.7697,"[255, 0]","[0.99609375, 0.0]",
test/drowsy/A0111.raw,1,1,1,1,False,93.2774,"[255, 0]","[0.99609375, 0.0]",
test/drowsy/A0112.raw,1,1,1,1,False,106.516,"[255, 0]","[0.99609375, 0.0]",
test/drowsy/A0113.raw,1,1,1,1,False,111.3348,"[255, 0]","[0.99609375, 0.0]",
test/drowsy/A0114.raw,1,1,1,1,False,65.082,"[255, 0]","[0.99609375, 0.0]",
test/drowsy/A0115.raw,1,1,1,1,False,69.8639,"[255, 0]","[0.99609375, 0.0]",
test/drowsy/A0116.raw,1,1,1,1,False,103.807,"[255, 0]","[0.99609375, 0.0]",
test/drowsy/A0117.raw,1,1,1,1,False,103.6309,"[255, 0]","[0.99609375, 0.0]",
test/drowsy/A0118.raw,1,1,1,1,False,88.912,"[255, 0]","[0.99609375, 0.0]",
test/drowsy/A0119.raw,1,1,1,1,False,78.0503,"[255, 0]","[0.99609375, 0.0]",
test/drowsy/A0120.raw,1,1,1,1,False,74.5021,"[255, 0]","[0.99609375, 0.0]",
test/drowsy/A0121.raw,1,1,1,1,False,109.4536,"[255, 0]","[0.99609375, 0.0]",
test/drowsy/A0122.raw,1,1,1,1,False,97.3922,"[255, 0]","[0.99609375, 0.0]",
test/drowsy/A0123.raw,1,1,1,1,False,108.6182,"[255, 0]","[0.99609375, 0.0]",
test/drowsy/A0124.raw,1,1,1,1,False,112.8169,"[255, 0]","[0.99609375, 0.0]",
test/drowsy/A0125.raw,1,1,1,1,False,80.2496,"[255, 0]","[0.99609375, 0.0]",
test/drowsy/A0126.raw,1,1,1,1,False,94.4018,"[255, 0]","[0.99609375, 0.0]",
test/drowsy/A0127.raw,1,1,1,1,False,79.1755,"[255, 0]","[0.99609375, 0.0]",
test/drowsy/A0128.raw,1,1,1,1,False,95.4965,"[255, 0]","[0.99609375, 0.0]",
test/drowsy/A0129.raw,1,1,1,1,False,80.0085,"[255, 0]","[0.99609375, 0.0]",
test/drowsy/A0130.raw,1,1,1,1,False,51.5096,"[255, 0]","[0.99609375, 0.0]",
test/drowsy/A0131.raw,1,1,1,1,False,52.6447,"[255, 0]","[0.99609375, 0.0]",
test/drowsy/A0132.raw,1,1,1,1,False,77.5406,"[255, 0]","[0.99609375, 0.0]",
test/drowsy/A0133.raw,1,1,1,1,False,76.707,"[255, 0]","[0.99609375, 0.0]",
test/drowsy/A0134.raw,1,1,1,1,False,120.6789,"[255, 0]","[0.99609375, 0.0]",
test/drowsy/A0135.raw,1,1,1,1,False,113.2609,"[255, 0]","[0.99609375, 0.0]",
test/drowsy/A0136.raw,1,1,1,1,False,55.4926,"[255, 0]","[0.99609375, 0.0]",
test/drowsy/A0137.raw,1,1,1,1,False,97.4696,"[255, 0]","[0.99609375, 0.0]",
test/drowsy/A0138.raw,1,1,1,1,False,101.8243,"[255, 0]","[0.99609375, 0.0]",
test/drowsy/A0139.raw,1,1,1,1,False,107.6206,"[255, 0]","[0.99609375, 0.0]",
test/drowsy/A0140.raw,1,1,1,1,False,57.161,"[255, 0]","[0.99609375, 0.0]",
test/drowsy/A0141.raw,1,1,1,1,False,116.6022,"[255, 0]","[0.99609375, 0.0]",
test/drowsy/A0142.raw,1,1,1,1,False,110.5494,"[255, 0]","[0.99609375, 0.0]",
test/drowsy/A0143.raw,1,1,1,1,False,104.0927,"[255, 0]","[0.99609375, 0.0]",
test/drowsy/A0144.raw,1,1,1,1,False,117.5987,"[255, 0]","[0.99609375, 0.0]",
test/drowsy/A0145.raw,1,1,1,1,False,68.9701,"[255, 0]","[0.99609375, 0.0]",
test/drowsy/A0146.raw,1,1,1,1,False,80.1846,"[255, 0]","[0.99609375, 0.0]",
test/drowsy/A0147.raw,1,1,1,1,False,52.2162,"[255, 0]","[0.99609375, 0.0]",
test/drowsy/A0148.raw,1,1,1,1,False,51.6774,"[255, 0]","[0.99609375, 0.0]",
test/drowsy/A0149.raw,1,1,1,1,False,65.251,"[255, 0]","[0.99609375, 0.0]",
test/drowsy/A0150.raw,1,1,1,1,False,59.1383,"[255, 0]","[0.99609375, 0.0]",
test/drowsy/A0151.raw,1,1,1,1,False,94.8247,"[255, 0]","[0.99609375, 0.0]",
test/drowsy/A0152.raw,1,1,1,1,False,92.3319,"[255, 0]","[0.99609375, 0.0]",
test/drowsy/A0153.raw,1,1,1,1,False,96.7472,"[255, 0]","[0.99609375, 0.0]",
test/drowsy/A0154.raw,1,1,1,1,False,102.9752,"[255, 0]","[0.99609375, 0.0]",
test/drowsy/A0155.raw,1,1,1,1,False,93.9864,"[255, 0]","[0.99609375, 0.0]",
test/drowsy/A0156.raw,1,1,1,1,False,85.5654,"[255, 0]","[0.99609375, 0.0]",
test/drowsy/A0157.raw,1,1,1,1,False,89.2012,"[255, 0]","[0.99609375, 0.0]",
test/drowsy/A0158.raw,1,1,1,1,False,78.6933,"[255, 0]","[0.99609375, 0.0]",
test/drowsy/A0159.raw,1,1,1,1,False,74.7165,"[255, 0]","[0.99609375, 0.0]",
test/drowsy/A0160.raw,1,1,1,1,False,71.2519,"[255, 0]","[0.99609375, 0.0]",
test/drowsy/A0161.raw,1,1,1,1,False,125.1554,"[255, 0]","[0.99609375, 0.0]",
test/drowsy/A0162.raw,1,1,1,1,False,79.9326,"[255, 0]","[0.99609375, 0.0]",
test/drowsy/A0163.raw,1,1,1,1,False,111.846,"[255, 0]","[0.99609375, 0.0]",
test/drowsy/A0164.raw,1,1,1,1,False,78.5444,"[255, 0]","[0.99609375, 0.0]",
test/drowsy/A0165.raw,1,1,1,1,False,101.8874,"[255, 0]","[0.99609375, 0.0]",
test/drowsy/A0166.raw,1,1,1,1,False,54.4782,"[255, 0]","[0.99609375, 0.0]",
test/drowsy/A0167.raw,1,1,1,1,False,66.708,"[255, 0]","[0.99609375, 0.0]",
test/drowsy/A0168.raw,1,1,1,1,False,83.7552,"[255, 0]","[0.99609375, 0.0]",
test/drowsy/A0169.raw,1,1,1,1,False,69.9771,"[255, 0]","[0.99609375, 0.0]",
test/drowsy/A0170.raw,1,1,1,1,False,68.7038,"[255, 0]","[0.99609375, 0.0]",
test/drowsy/A0171.raw,1,1,1,1,False,84.2134,"[255, 0]","[0.99609375, 0.0]",
test/drowsy/A0172.raw,1,1,1,1,False,79.5275,"[255, 0]","[0.99609375, 0.0]",
test/drowsy/A0173.raw,1,1,1,1,False,88.7845,"[255, 0]","[0.99609375, 0.0]",
test/drowsy/A0174.raw,1,1,1,1,False,52.0551,"[255, 0]","[0.99609375, 0.0]",
test/drowsy/A0175.raw,1,1,1,1,False,82.0317,"[255, 0]","[0.99609375, 0.0]",
test/drowsy/A0176.raw,1,1,1,1,False,94.2907,"[255, 0]","[0.99609375, 0.0]",
test/drowsy/A0177.raw,1,1,1,1,False,79.124,"[255, 0]","[0.99609375, 0.0]",
test/drowsy/A0178.raw,1,1,1,1,False,100.4333,"[255, 0]","[0.99609375, 0.0]",
test/drowsy/A0179.raw,1,1,1,1,False,118.5608,"[255, 0]","[0.99609375, 0.0]",
test/drowsy/A0180.raw,1,1,1,1,False,104.3252,"[255, 0]","[0.99609375, 0.0]",
test/drowsy/A0181.raw,1,1,1,1,False,89.1157,"[255, 0]","[0.99609375, 0.0]",
test/drowsy/A0182.raw,1,1,1,1,False,92.1096,"[255, 0]","[0.99609375, 0.0]",
test/drowsy/A0183.raw,1,1,1,1,False,55.5398,"[255, 0]","[0.99609375, 0.0]",
test/drowsy/A0184.raw,1,1,1,1,False,52.76,"[255, 0]","[0.99609375, 0.0]",
test/drowsy/A0185.raw,1,1,1,1,False,100.34,"[255, 0]","[0.99609375, 0.0]",
test/drowsy/A0188.raw,1,1,1,1,False,125.6573,"[255, 0]","[0.99609375, 0.0]",
test/drowsy/A0189.raw,1,1,1,1,False,128.6661,"[255, 0]","[0.99609375, 0.0]",
test/drowsy/A0190.raw,1,1,1,1,False,124.8962,"[255, 0]","[0.99609375, 0.0]",
test/drowsy/A0191.raw,1,1,1,1,False,89.2742,"[255, 0]","[0.99609375, 0.0]",
test/drowsy/A0192.raw,1,1,1,1,False,53.6647,"[255, 0]","[0.99609375, 0.0]",
test/drowsy/A0193.raw,1,1,1,1,False,56.6271,"[255, 0]","[0.99609375, 0.0]",
test/drowsy/A0194.raw,1,1,1,1,False,87.7043,"[255, 0]","[0.99609375, 0.0]",
test/drowsy/A0195.raw,1,1,1,1,False,79.7547,"[255, 0]","[0.99609375, 0.0]",
test/drowsy/A0196.raw,1,1,1,1,False,66.3906,"[255, 0]","[0.99609375, 0.0]",
test/drowsy/A0197.raw,1,1,1,1,False,65.4368,"[255, 0]","[0.99609375, 0.0]",
test/drowsy/A0198.raw,1,1,1,1,False,85.1453,"[255, 0]","[0.99609375, 0.0]",
test/drowsy/A0199.raw,1,1,1,1,False,82.3074,"[255, 0]","[0.99609375, 0.0]",
test/drowsy/A0200.raw,1,1,1,1,False,93.2402,"[255, 0]","[0.99609375, 0.0]",
test/drowsy/A0201.raw,1,1,1,1,False,70.6992,"[255, 0]","[0.99609375, 0.0]",
test/drowsy/A0202.raw,1,1,1,1,False,76.8215,"[255, 0]","[0.99609375, 0.0]",
test/drowsy/A0203.raw,1,1,1,1,False,102.2552,"[255, 0]","[0.99609375, 0.0]",
test/drowsy/A0204.raw,1,1,1,1,False,95.6286,"[255, 0]","[0.99609375, 0.0]",
test/drowsy/A0205.raw,1,1,1,1,False,94.5522,"[255, 0]","[0.99609375, 0.0]",
test/drowsy/A0206.raw,1,1,1,1,False,96.9867,"[255, 0]","[0.99609375, 0.0]",
test/drowsy/A0207.raw,1,1,1,1,False,118.2172,"[255, 0]","[0.99609375, 0.0]",
test/drowsy/A0208.raw,1,1,1,1,False,122.0371,"[255, 0]","[0.99609375, 0.0]",
test/drowsy/A0209.raw,1,1,1,1,False,120.7508,"[255, 0]","[0.99609375, 0.0]",
test/drowsy/A0210.raw,1,1,1,1,False,121.1508,"[255, 0]","[0.99609375, 0.0]",
test/drowsy/A0211.raw,1,1,1,1,False,125.5396,"[255, 0]","[0.99609375, 0.0]",
test/drowsy/A0212.raw,1,1,1,1,False,62.7364,"[255, 0]","[0.99609375, 0.0]",
test/drowsy/A0213.raw,1,1,1,1,False,85.0263,"[255, 0]","[0.99609375, 0.0]",
test/drowsy/A0214.raw,1,1,1,1,False,73.9499,"[255, 0]","[0.99609375, 0.0]",
test/drowsy/A0215.raw,1,1,1,1,False,71.8447,"[255, 0]","[0.99609375, 0.0]",
test/drowsy/A0216.raw,1,1,1,1,False,98.7558,"[255, 0]","[0.99609375, 0.0]",
test/drowsy/A0217.raw,1,1,1,1,False,102.7,"[255, 0]","[0.99609375, 0.0]",
test/drowsy/A0218.raw,1,1,1,1,False,75.2771,"[255, 0]","[0.99609375, 0.0]",
test/drowsy/A0219.raw,1,1,1,1,False,78.208,"[255, 0]","[0.99609375, 0.0]",
test/drowsy/A0220.raw,1,1,1,1,False,74.9751,"[255, 0]","[0.99609375, 0.0]",
test/drowsy/A0222.raw,1,1,1,1,False,113.3907,"[255, 0]","[0.99609375, 0.0]",
test/drowsy/A0223.raw,1,1,1,1,False,123.0418,"[255, 0]","[0.99609375, 0.0]",
test/drowsy/A0224.raw,1,1,1,1,False,84.0316,"[255, 0]","[0.99609375, 0.0]",
test/drowsy/A0225.raw,1,1,1,1,False,75.6466,"[255, 0]","[0.99609375, 0.0]",
test/drowsy/A0226.raw,1,1,1,1,False,67.5627,"[255, 0]","[0.99609375, 0.0]",
test/drowsy/A0227.raw,1,1,1,1,False,54.2685,"[255, 0]","[0.99609375, 0.0]",
test/drowsy/A0228.raw,1,1,1,1,False,69.5243,"[255, 0]","[0.99609375, 0.0]",
test/drowsy/A0229.raw,1,1,1,1,False,68.0704,"[255, 0]","[0.99609375, 0.0]",
test/drowsy/A0230.raw,1,1,1,1,False,84.4073,"[255, 0]","[0.99609375, 0.0]",
test/drowsy/A0231.raw,1,1,1,1,False,98.7562,"[255, 0]","[0.99609375, 0.0]",
test/drowsy/A0232.raw,1,1,1,1,False,59.4237,"[255, 0]","[0.99609375, 0.0]",
test/drowsy/A0233.raw,1,1,1,1,False,112.2483,"[255, 0]","[0.99609375, 0.0]",
test/drowsy/A0234.raw,1,1,1,1,False,62.3829,"[255, 0]","[0.99609375, 0.0]",
test/drowsy/A0235.raw,1,1,1,1,False,74.5413,"[255, 0]","[0.99609375, 0.0]",
test/drowsy/A0236.raw,1,1,1,1,False,102.9031,"[255, 0]","[0.99609375, 0.0]",
test/drowsy/A0237.raw,1,1,1,1,False,81.9459,"[255, 0]","[0.99609375, 0.0]",
test/drowsy/A0238.raw,1,1,1,1,False,89.4703,"[255, 0]","[0.99609375, 0.0]",
test/drowsy/A0239.raw,1,1,1,1,False,108.569,"[255, 0]","[0.99609375, 0.0]",
test/drowsy/A0240.raw,1,1,1,1,False,70.0133,"[255, 0]","[0.99609375, 0.0]",
test/drowsy/A0241.raw,1,1,1,1,False,109.3733,"[255, 0]","[0.99609375, 0.0]",
test/drowsy/A0242.raw,1,1,1,1,False,106.2244,"[255, 0]","[0.99609375, 0.0]",
test/drowsy/A0243.raw,1,1,1,1,False,73.7404,"[255, 0]","[0.99609375, 0.0]",
test/drowsy/A0244.raw,1,1,1,1,False,102.2787,"[255, 0]","[0.99609375, 0.0]",
test/drowsy/A0245.raw,1,1,1,1,False,105.1727,"[255, 0]","[0.99609375, 0.0]",
test/drowsy/A0246.raw,1,1,1,1,False,109.5022,"[255, 0]","[0.99609375, 0.0]",
test/drowsy/A0247.raw,1,1,1,1,False,96.316,"[255, 0]","[0.99609375, 0.0]",
test/drowsy/A0248.raw,1,1,1,1,False,78.7336,"[255, 0]","[0.99609375, 0.0]",
test/drowsy/A0249.raw,1,1,1,1,False,98.6897,"[255, 0]","[0.99609375, 0.0]",
test/drowsy/A0250.raw,1,1,1,1,False,108.0751,"[255, 0]","[0.99609375, 0.0]",
test/drowsy/A0252.raw,1,1,1,1,False,78.3251,"[255, 0]","[0.99609375, 0.0]",
test/drowsy/A0253.raw,1,1,1,1,False,74.7827,"[255, 0]","[0.99609375, 0.0]",
test/drowsy/A0254.raw,1,1,1,1,False,99.5489,"[255, 0]","[0.99609375, 0.0]",
test/drowsy/A0255.raw,1,1,1,1,False,54.7342,"[255, 0]","[0.99609375, 0.0]",
test/drowsy/A0256.raw,1,1,1,1,False,76.4848,"[255, 0]","[0.99609375, 0.0]",
test/drowsy/A0257.raw,1,1,1,1,False,62.8911,"[255, 0]","[0.99609375, 0.0]",
test/drowsy/A0258.raw,1,1,1,1,False,86.9265,"[255, 0]","[0.99609375, 0.0]",
test/drowsy/A0259.raw,1,1,1,1,False,82.3339,"[255, 0]","[0.99609375, 0.0]",
test/drowsy/A0260.raw,1,1,1,1,False,106.1432,"[255, 0]","[0.99609375, 0.0]",
test/drowsy/A0261.raw,1,1,1,1,False,86.2243,"[255, 0]","[0.99609375, 0.0]",
test/drowsy/A0262.raw,1,1,1,1,False,73.4054,"[255, 0]","[0.99609375, 0.0]",
test/drowsy/A0263.raw,1,1,1,1,False,91.7553,"[255, 0]","[0.99609375, 0.0]",
test/drowsy/A0264.raw,1,1,1,1,False,63.3281,"[255, 0]","[0.99609375, 0.0]",
test/drowsy/A0265.raw,1,1,1,1,False,94.4009,"[255, 0]","[0.99609375, 0.0]",
test/drowsy/A0266.raw,1,1,1,1,False,78.3054,"[255, 0]","[0.99609375, 0.0]",
test/drowsy/A0267.raw,1,1,1,1,False,89.4166,"[255, 0]","[0.99609375, 0.0]",
test/drowsy/A0268.raw,1,1,1,1,False,78.2871,"[255, 0]","[0.99609375, 0.0]",
test/drowsy/A0269.raw,1,1,1,1,False,101.6415,"[255, 0]","[0.99609375, 0.0]",
test/drowsy/A0270.raw,1,1,1,1,False,69.044,"[255, 0]","[0.99609375, 0.0]",
test/drowsy/A0271.raw,1,1,1,1,False,89.5176,"[255, 0]","[0.99609375, 0.0]",
test/drowsy/A0272.raw,1,1,1,1,False,73.3693,"[255, 0]","[0.99609375, 0.0]",
test/drowsy/A0273.raw,1,1,1,1,False,62.6233,"[255, 0]","[0.99609375, 0.0]",
test/drowsy/A0274.raw,1,1,1,1,False,81.8211,"[255, 0]","[0.99609375, 0.0]",
test/drowsy/A0275.raw,1,1,1,1,False,140.4511,"[255, 0]","[0.99609375, 0.0]",
test/drowsy/A0276.raw,1,1,1,1,False,108.664,"[255, 0]","[0.99609375, 0.0]",
test/drowsy/A0277.raw,1,1,1,1,False,99.4811,"[255, 0]","[0.99609375, 0.0]",
test/drowsy/A0278.raw,1,1,1,1,False,58.5805,"[255, 0]","[0.99609375, 0.0]",
test/drowsy/A0279.raw,1,1,1,1,False,98.9376,"[255, 0]","[0.99609375, 0.0]",
test/drowsy/A0280.raw,1,1,1,1,False,103.9038,"[255, 0]","[0.99609375, 0.0]",
test/drowsy/A0284.raw,1,1,1,1,False,85.0022,"[255, 0]","[0.99609375, 0.0]",
test/drowsy/A0285.raw,1,1,1,1,False,72.8356,"[255, 0]","[0.99609375, 0.0]",
test/drowsy/A0286.raw,1,1,1,1,False,92.3102,"[255, 0]","[0.99609375, 0.0]",
test/drowsy/A0287.raw,1,1,1,1,False,73.9954,"[255, 0]","[0.99609375, 0.0]",
test/drowsy/A0288.raw,1,1,1,1,False,93.856,"[255, 0]","[0.99609375, 0.0]",
test/drowsy/A0289.raw,1,1,1,1,False,84.5098,"[255, 0]","[0.99609375, 0.0]",
test/drowsy/A0290.raw,1,1,1,1,False,84.5137,"[255, 0]","[0.99609375, 0.0]",
test/drowsy/A0291.raw,1,1,1,1,False,55.7441,"[255, 0]","[0.99609375, 0.0]",
test/drowsy/A0292.raw,1,1,1,1,False,68.5081,"[255, 0]","[0.99609375, 0.0]",
test/drowsy/A0293.raw,1,1,1,1,False,76.6676,"[255, 0]","[0.99609375, 0.0]",
test/drowsy/A0294.raw,1,1,1,1,False,85.114,"[255, 0]","[0.99609375, 0.0]",
test/drowsy/A0295.raw,1,1,1,1,False,63.4699,"[255, 0]","[0.99609375, 0.0]",
test/drowsy/A0296.raw,1,1,1,1,False,90.3811,"[255, 0]","[0.99609375, 0.0]",
test/drowsy/A0297.raw,1,1,1,1,False,71.8146,"[255, 0]","[0.99609375, 0.0]",
test/drowsy/A0298.raw,1,1,1,1,False,72.6116,"[255, 0]","[0.99609375, 0.0]",
test/drowsy/A0299.raw,1,1,1,1,False,108.4329,"[255, 0]","[0.99609375, 0.0]",
test/drowsy/A0300.raw,1,1,1,1,False,76.8776,"[255, 0]","[0.99609375, 0.0]",
test/drowsy/A0301.raw,1,1,1,1,False,93.161,"[255, 0]","[0.99609375, 0.0]",
test/drowsy/A0302.raw,1,1,1,1,False,91.636,"[255, 0]","[0.99609375, 0.0]",
test/drowsy/A0303.raw,1,1,1,1,False,100.1052,"[255, 0]","[0.99609375, 0.0]",
test/drowsy/A0304.raw,1,1,1,1,False,116.1218,"[255, 0]","[0.99609375, 0.0]",
test/drowsy/A0305.raw,1,1,1,1,False,89.0956,"[255, 0]","[0.99609375, 0.0]",
test/drowsy/A0306.raw,1,1,1,1,False,79.3542,"[255, 0]","[0.99609375, 0.0]",
test/drowsy/A0307.raw,1,1,1,1,False,86.9419,"[255, 0]","[0.99609375, 0.0]",
test/drowsy/A0308.raw,1,1,1,1,False,97.8439,"[255, 0]","[0.99609375, 0.0]",
test/drowsy/A0309.raw,1,1,1,1,False,110.1392,"[255, 0]","[0.99609375, 0.0]",
test/drowsy/A0310.raw,1,1,1,1,False,92.347,"[255, 0]","[0.99609375, 0.0]",
test/drowsy/A0311.raw,1,1,1,1,False,50.9515,"[255, 0]","[0.99609375, 0.0]",
test/drowsy/A0312.raw,1,1,1,1,False,65.8947,"[255, 0]","[0.99609375, 0.0]",
test/drowsy/A0313.raw,1,1,1,1,False,52.4474,"[255, 0]","[0.99609375, 0.0]",
test/drowsy/A0314.raw,1,1,1,1,False,71.6826,"[255, 0]","[0.99609375, 0.0]",
test/drowsy/A0315.raw,1,1,1,1,False,54.4692,"[255, 0]","[0.99609375, 0.0]",
test/drowsy/A0316.raw,1,1,1,1,False,100.045,"[255, 0]","[0.99609375, 0.0]",
test/drowsy/A0317.raw,1,1,1,1,False,119.9834,"[255, 0]","[0.99609375, 0.0]",
test/drowsy/A0318.raw,1,1,1,1,False,77.5277,"[255, 0]","[0.99609375, 0.0]",
test/drowsy/A0319.raw,1,1,1,1,False,96.7221,"[255, 0]","[0.99609375, 0.0]",
test/drowsy/A0320.raw,1,1,1,1,False,57.8841,"[255, 0]","[0.99609375, 0.0]",
test/drowsy/A0321.raw,1,1,1,1,False,67.1804,"[255, 0]","[0.99609375, 0.0]",
test/drowsy/A0322.raw,1,1,1,1,False,94.5285,"[255, 0]","[0.99609375, 0.0]",
test/drowsy/A0323.raw,1,1,1,1,False,104.6483,"[255, 0]","[0.99609375, 0.0]",
test/drowsy/A0324.raw,1,1,1,1,False,113.2978,"[255, 0]","[0.99609375, 0.0]",
test/drowsy/A0325.raw,1,1,1,1,False,86.346,"[255, 0]","[0.99609375, 0.0]",
test/drowsy/A0326.raw,1,1,1,1,False,93.9987,"[255, 0]","[0.99609375, 0.0]",
test/drowsy/A0327.raw,1,1,1,1,False,116.0656,"[255, 0]","[0.99609375, 0.0]",
test/drowsy/A0328.raw,1,1,1,1,False,81.0063,"[255, 0]","[0.99609375, 0.0]",
test/drowsy/A0329.raw,1,1,1,1,False,86.8944,"[255, 0]","[0.99609375, 0.0]",
test/drowsy/A0330.raw,1,1,1,1,False,107.656,"[255, 0]","[0.99609375, 0.0]",
test/drowsy/A0331.raw,1,1,1,1,False,132.7848,"[255, 0]","[0.99609375, 0.0]",
test/drowsy/A0332.raw,1,1,1,1,False,102.4921,"[255, 0]","[0.99609375, 0.0]",
test/drowsy/A0333.raw,1,1,1,1,False,116.0882,"[255, 0]","[0.99609375, 0.0]",
test/drowsy/A0334.raw,1,1,1,1,False,98.2326,"[255, 0]","[0.99609375, 0.0]",
test/drowsy/A0335.raw,1,1,1,1,False,114.5738,"[255, 0]","[0.99609375, 0.0]",
test/drowsy/A0336.raw,1,1,1,1,False,92.5895,"[255, 0]","[0.99609375, 0.0]",
test/drowsy/A0337.raw,1,1,1,1,False,86.5774,"[255, 0]","[0.99609375, 0.0]",
test/drowsy/A0338.raw,1,1,1,1,False,51.9335,"[255, 0]","[0.99609375, 0.0]",
test/drowsy/A0339.raw,1,1,1,1,False,95.6598,"[255, 0]","[0.99609375, 0.0]",
test/drowsy/A0340.raw,1,1,1,1,False,60.7813,"[255, 0]","[0.99609375, 0.0]",
test/drowsy/A0341.raw,1,1,1,1,False,62.9689,"[255, 0]","[0.99609375, 0.0]",
test/drowsy/A0342.raw,1,1,1,1,False,116.9527,"[255, 0]","[0.99609375, 0.0]",
test/drowsy/A0343.raw,1,1,1,1,False,67.9463,"[255, 0]","[0.99609375, 0.0]",
test/drowsy/A0344.raw,1,1,1,1,False,116.4053,"[255, 0]","[0.99609375, 0.0]",
test/drowsy/A0345.raw,1,1,1,1,False,77.8614,"[255, 0]","[0.99609375, 0.0]",
test/drowsy/A0346.raw,1,1,1,1,False,87.9592,"[255, 0]","[0.99609375, 0.0]",
test/drowsy/A0347.raw,1,1,1,1,False,111.8204,"[255, 0]","[0.99609375, 0.0]",
test/drowsy/A0348.raw,1,1,1,1,False,99.5727,"[255, 0]","[0.99609375, 0.0]",
test/drowsy/A0349.raw,1,1,1,1,False,111.3289,"[255, 0]","[0.99609375, 0.0]",
test/drowsy/A0350.raw,1,1,1,1,False,104.4534,"[255, 0]","[0.99609375, 0.0]",
test/drowsy/A0352.raw,1,1,1,1,False,86.3683,"[255, 0]","[0.99609375, 0.0]",
test/drowsy/A0353.raw,1,1,1,1,False,75.7991,"[255, 0]","[0.99609375, 0.0]",
test/drowsy/A0354.raw,1,1,1,1,False,64.8571,"[255, 0]","[0.99609375, 0.0]",
test/drowsy/A0355.raw,1,1,1,1,False,78.8514,"[255, 0]","[0.99609375, 0.0]",
test/drowsy/A0356.raw,1,1,1,1,False,86.5874,"[255, 0]","[0.99609375, 0.0]",
test/drowsy/A0357.raw,1,1,1,1,False,58.4475,"[255, 0]","[0.99609375, 0.0]",
test/drowsy/A0358.raw,1,1,1,1,False,51.5454,"[255, 0]","[0.99609375, 0.0]",
test/drowsy/A0359.raw,1,1,1,1,False,52.7463,"[255, 0]","[0.99609375, 0.0]",
test/drowsy/A0360.raw,1,1,1,1,False,72.3723,"[255, 0]","[0.99609375, 0.0]",
test/drowsy/A0361.raw,1,1,1,1,False,56.1243,"[255, 0]","[0.99609375, 0.0]",
test/drowsy/A0362.raw,1,1,1,1,False,70.1484,"[255, 0]","[0.99609375, 0.0]",
test/drowsy/A0363.raw,1,1,1,1,False,119.5429,"[255, 0]","[0.99609375, 0.0]",
test/drowsy/A0364.raw,1,1,1,1,False,86.527,"[255, 0]","[0.99609375, 0.0]",
test/drowsy/A0365.raw,1,1,1,1,False,84.9056,"[255, 0]","[0.99609375, 0.0]",
test/drowsy/A0366.raw,1,1,1,1,False,67.068,"[255, 0]","[0.99609375, 0.0]",
test/drowsy/A0367.raw,1,1,1,1,False,66.1399,"[255, 0]","[0.99609375, 0.0]",
test/drowsy/A0368.raw,1,1,1,1,False,74.1358,"[255, 0]","[0.99609375, 0.0]",
test/drowsy/A0369.raw,1,1,1,1,False,94.4482,"[255, 0]","[0.99609375, 0.0]",
test/drowsy/A0370.raw,1,1,1,1,False,53.209,"[255, 0]","[0.99609375, 0.0]",
test/drowsy/A0371.raw,1,1,1,1,False,51.3006,"[255, 0]","[0.99609375, 0.0]",
test/drowsy/A0372.raw,1,1,1,1,False,71.1282,"[255, 0]","[0.99609375, 0.0]",
test/drowsy/A0373.raw,1,1,1,1,False,84.7689,"[255, 0]","[0.99609375, 0.0]",
test/drowsy/A0374.raw,1,1,1,1,False,100.2707,"[255, 0]","[0.99609375, 0.0]",
test/drowsy/A0376.raw,1,1,1,1,False,110.9302,"[255, 0]","[0.99609375, 0.0]",
test/drowsy/A0377.raw,1,1,1,1,False,120.3392,"[255, 0]","[0.99609375, 0.0]",
test/drowsy/A0378.raw,1,1,1,1,False,80.7685,"[255, 0]","[0.99609375, 0.0]",
test/drowsy/A0379.raw,1,1,1,1,False,93.1713,"[255, 0]","[0.99609375, 0.0]",
test/drowsy/A0380.raw,1,1,1,1,False,78.3421,"[255, 0]","[0.99609375, 0.0]",
test/drowsy/A0381.raw,1,1,1,1,False,49.2917,"[255, 0]","[0.99609375, 0.0]",
test/drowsy/A0382.raw,1,1,1,1,False,59.48,"[255, 0]","[0.99609375, 0.0]",
test/drowsy/A0383.raw,1,1,1,1,False,71.7224,"[255, 0]","[0.99609375, 0.0]",
test/drowsy/A0384.raw,1,1,1,1,False,51.4254,"[255, 0]","[0.99609375, 0.0]",
test/drowsy/A0385.raw,1,1,1,1,False,92.6749,"[255, 0]","[0.99609375, 0.0]",
test/drowsy/A0386.raw,1,1,1,1,False,109.95,"[255, 0]","[0.99609375, 0.0]",
test/drowsy/A0387.raw,1,1,1,1,False,98.9794,"[255, 0]","[0.99609375, 0.0]",
test/drowsy/A0388.raw,1,1,1,1,False,80.0232,"[255, 0]","[0.99609375, 0.0]",
test/drowsy/A0389.raw,1,1,1,1,False,79.0628,"[255, 0]","[0.99609375, 0.0]",
test/drowsy/A0390.raw,1,1,1,1,False,88.0568,"[255, 0]","[0.99609375, 0.0]",
test/drowsy/A0391.raw,1,1,1,1,False,60.0149,"[255, 0]","[0.99609375, 0.0]",
test/drowsy/A0392.raw,1,1,1,1,False,52.9484,"[255, 0]","[0.99609375, 0.0]",
test/drowsy/A0393.raw,1,1,1,1,False,68.2814,"[255, 0]","[0.99609375, 0.0]",
test/drowsy/A0394.raw,1,1,1,1,False,64.3687,"[255, 0]","[0.99609375, 0.0]",
test/drowsy/A0395.raw,1,1,1,1,False,118.4401,"[255, 0]","[0.99609375, 0.0]",
test/drowsy/A0396.raw,1,1,1,1,False,119.2446,"[255, 0]","[0.99609375, 0.0]",
test/drowsy/A0397.raw,1,1,1,1,False,116.2284,"[255, 0]","[0.99609375, 0.0]",
test/drowsy/A0398.raw,1,1,1,1,False,119.2343,"[255, 0]","[0.99609375, 0.0]",
test/drowsy/A0399.raw,1,1,1,1,False,97.5658,"[255, 0]","[0.99609375, 0.0]",
test/drowsy/A0400.raw,1,1,1,1,False,88.8761,"[255, 0]","[0.99609375, 0.0]",
test/drowsy/A0401.raw,1,1,1,1,False,102.4395,"[255, 0]","[0.99609375, 0.0]",
test/drowsy/A0402.raw,1,1,1,1,False,85.1577,"[255, 0]","[0.99609375, 0.0]",
test/drowsy/A0403.raw,1,1,1,1,False,96.4627,"[255, 0]","[0.99609375, 0.0]",
test/drowsy/A0404.raw,1,1,1,1,False,87.9154,"[255, 0]","[0.99609375, 0.0]",
test/drowsy/A0405.raw,1,1,1,1,False,92.8769,"[255, 0]","[0.99609375, 0.0]",
test/drowsy/A0406.raw,1,1,1,1,False,80.1735,"[255, 0]","[0.99609375, 0.0]",
test/drowsy/A0407.raw,1,1,1,1,False,82.8216,"[255, 0]","[0.99609375, 0.0]",
test/drowsy/A0408.raw,1,1,1,1,False,119.4054,"[255, 0]","[0.99609375, 0.0]",
test/drowsy/A0409.raw,1,1,1,1,False,100.5276,"[255, 0]","[0.99609375, 0.0]",
test/drowsy/A0410.raw,1,1,1,1,False,94.5449,"[255, 0]","[0.99609375, 0.0]",
test/drowsy/A0411.raw,1,1,1,1,False,58.202,"[255, 0]","[0.99609375, 0.0]",
test/drowsy/A0412.raw,1,1,1,1,False,88.0397,"[255, 0]","[0.99609375, 0.0]",
test/drowsy/A0413.raw,1,1,1,1,False,76.4352,"[255, 0]","[0.99609375, 0.0]",
test/drowsy/A0414.raw,1,1,1,1,False,50.7008,"[255, 0]","[0.99609375, 0.0]",
test/drowsy/A0415.raw,1,1,1,1,False,105.2538,"[255, 0]","[0.99609375, 0.0]",
test/drowsy/A0416.raw,1,1,1,1,False,79.0336,"[255, 0]","[0.99609375, 0.0]",
test/drowsy/A0417.raw,1,1,1,1,False,76.7107,"[255, 0]","[0.99609375, 0.0]",
test/drowsy/A0418.raw,1,1,1,1,False,109.5828,"[255, 0]","[0.99609375, 0.0]",
test/drowsy/A0419.raw,1,1,1,1,False,122.3214,"[255, 0]","[0.99609375, 0.0]",
test/drowsy/A0420.raw,1,1,1,1,False,83.5339,"[255, 0]","[0.99609375, 0.0]",
test/drowsy/A0421.raw,1,1,1,1,False,115.2594,"[255, 0]","[0.99609375, 0.0]",
test/drowsy/A0422.raw,1,1,1,1,False,107.6808,"[255, 0]","[0.99609375, 0.0]",
test/drowsy/A0423.raw,1,1,1,1,False,106.4477,"[255, 0]","[0.99609375, 0.0]",
test/drowsy/A0424.raw,1,1,1,1,False,104.044,"[255, 0]","[0.99609375, 0.0]",
test/drowsy/A0425.raw,1,1,1,1,False,109.6289,"[255, 0]","[0.99609375, 0.0]",
test/drowsy/A0426.raw,1,1,1,1,False,51.195,"[255, 0]","[0.99609375, 0.0]",
test/drowsy/A0427.raw,1,1,1,1,False,77.123,"[255, 0]","[0.99609375, 0.0]",
test/drowsy/A0428.raw,1,1,1,1,False,71.9162,"[255, 0]","[0.99609375, 0.0]",
test/drowsy/A0429.raw,1,1,1,1,False,89.568,"[255, 0]","[0.99609375, 0.0]",
test/drowsy/A0430.raw,1,1,1,1,False,67.9878,"[255, 0]","[0.99609375, 0.0]",
test/drowsy/A0431.raw,1,1,1,1,False,96.7426,"[255, 0]","[0.99609375, 0.0]",
test/drowsy/A0432.raw,1,1,1,1,False,82.3271,"[255, 0]","[0.99609375, 0.0]",
test/drowsy/A0433.raw,1,1,1,1,False,83.5732,"[255, 0]","[0.99609375, 0.0]",
test/drowsy/A0434.raw,1,1,1,1,False,53.4916,"[255, 0]","[0.99609375, 0.0]",
test/drowsy/A0435.raw,1,1,1,1,False,117.8258,"[255, 0]","[0.99609375, 0.0]",
test/drowsy/A0436.raw,1,1,1,1,False,75.8916,"[255, 0]","[0.99609375, 0.0]",
test/drowsy/A0437.raw,1,1,1,1,False,65.3955,"[255, 0]","[0.99609375, 0.0]",
test/drowsy/A0440.raw,1,1,1,1,False,103.1197,"[255, 0]","[0.99609375, 0.0]",
test/drowsy/A0441.raw,1,1,1,1,False,70.9098,"[255, 0]","[0.99609375, 0.0]",
test/drowsy/A0442.raw,1,1,1,1,False,109.3798,"[255, 0]","[0.99609375, 0.0]",
test/drowsy/A0443.raw,1,1,1,1,False,108.457,"[255, 0]","[0.99609375, 0.0]",
test/drowsy/A0444.raw,1,1,1,1,False,92.0491,"[255, 0]","[0.99609375, 0.0]",
test/drowsy/A0445.raw,1,1,1,1,False,62.2807,"[255, 0]","[0.99609375, 0.0]",
test/drowsy/A0446.raw,1,1,1,1,False,90.446,"[255, 0]","[0.99609375, 0.0]",
test/drowsy/A0447.raw,1,1,1,1,False,95.3488,"[255, 0]","[0.99609375, 0.0]",
test/drowsy/A0448.raw,1,1,1,1,False,124.8422,"[255, 0]","[0.99609375, 0.0]",
test/drowsy/A0449.raw,1,1,1,1,False,83.0327,"[255, 0]","[0.99609375, 0.0]",
test/drowsy/A0450.raw,1,1,1,1,False,94.237,"[255, 0]","[0.99609375, 0.0]",
test/drowsy/A0451.raw,1,1,1,1,False,72.1955,"[255, 0]","[0.99609375, 0.0]",
test/drowsy/A0452.raw,1,1,1,1,False,67.8282,"[255, 0]","[0.99609375, 0.0]",
test/drowsy/A0453.raw,1,1,1,1,False,73.2305,"[255, 0]","[0.99609375, 0.0]",
test/drowsy/A0454.raw,1,1,1,1,False,83.2828,"[255, 0]","[0.99609375, 0.0]",
test/drowsy/A0455.raw,1,1,1,1,False,79.5574,"[255, 0]","[0.99609375, 0.0]",
test/drowsy/A0456.raw,1,1,1,1,False,94.5702,"[255, 0]","[0.99609375, 0.0]",
test/drowsy/A0457.raw,1,1,1,1,False,83.431,"[255, 0]","[0.99609375, 0.0]",
test/drowsy/A0460.raw,1,1,1,1,False,101.3842,"[255, 0]","[0.99609375, 0.0]",
test/drowsy/A0461.raw,1,1,1,1,False,82.9405,"[255, 0]","[0.99609375, 0.0]",
test/drowsy/A0462.raw,1,1,1,1,False,96.0141,"[255, 0]","[0.99609375, 0.0]",
test/drowsy/A0463.raw,1,1,1,1,False,100.7075,"[255, 0]","[0.99609375, 0.0]",
test/drowsy/A0464.raw,1,1,1,1,False,103.3362,"[255, 0]","[0.99609375, 0.0]",
test/drowsy/A0465.raw,1,1,1,1,False,102.4535,"[255, 0]","[0.99609375, 0.0]",
test/drowsy/A0466.raw,1,1,1,1,False,67.9536,"[255, 0]","[0.99609375, 0.0]",
test/drowsy/A0467.raw,1,1,1,1,False,105.8532,"[255, 0]","[0.99609375, 0.0]",
test/drowsy/A0468.raw,1,1,1,1,False,70.4293,"[255, 0]","[0.99609375, 0.0]",
test/drowsy/A0469.raw,1,1,1,1,False,93.7715,"[255, 0]","[0.99609375, 0.0]",
test/drowsy/A0470.raw,1,1,1,1,False,103.6264,"[255, 0]","[0.99609375, 0.0]",
test/drowsy/A0471.raw,1,1,1,1,False,78.4969,"[255, 0]","[0.99609375, 0.0]",
test/drowsy/A0472.raw,1,1,1,1,False,102.1051,"[255, 0]","[0.99609375, 0.0]",
test/drowsy/A0473.raw,1,1,1,1,False,85.8676,"[255, 0]","[0.99609375, 0.0]",
test/drowsy/A0474.raw,1,1,1,1,False,68.84,"[255, 0]","[0.99609375, 0.0]",
test/drowsy/A0475.raw,1,1,1,1,False,86.3785,"[255, 0]","[0.99609375, 0.0]",
test/drowsy/A0476.raw,1,1,1,1,False,97.1447,"[255, 0]","[0.99609375, 0.0]",
test/drowsy/A0477.raw,1,1,1,1,False,80.1572,"[255, 0]","[0.99609375, 0.0]",
test/drowsy/A0478.raw,1,1,1,1,False,71.9102,"[255, 0]","[0.99609375, 0.0]",
test/drowsy/A0479.raw,1,1,1,1,False,80.8841,"[255, 0]","[0.99609375, 0.0]",
test/drowsy/A0480.raw,1,1,1,1,False,115.3221,"[255, 0]","[0.99609375, 0.0]",
test/drowsy/A0481.raw,1,1,1,1,False,63.3335,"[255, 0]","[0.99609375, 0.0]",
test/drowsy/A0482.raw,1,1,1,1,False,87.9676,"[255, 0]","[0.99609375, 0.0]",
test/drowsy/A0483.raw,1,1,1,1,False,66.12,"[255, 0]","[0.99609375, 0.0]",
test/drowsy/A0484.raw,1,1,1,1,False,51.3053,"[255, 0]","[0.99609375, 0.0]",
test/drowsy/A0485.raw,1,1,1,1,False,51.2864,"[255, 0]","[0.99609375, 0.0]",
test/drowsy/A0486.raw,1,1,1,1,False,60.1248,"[255, 0]","[0.99609375, 0.0]",
test/drowsy/A0487.raw,1,1,1,1,False,86.4836,"[255, 0]","[0.99609375, 0.0]",
test/drowsy/A0488.raw,1,1,1,1,False,91.6516,"[255, 0]","[0.99609375, 0.0]",
test/drowsy/A0489.raw,1,1,1,1,False,95.8492,"[255, 0]","[0.99609375, 0.0]",
test/drowsy/A0490.raw,1,1,1,1,False,87.1602,"[255, 0]","[0.99609375, 0.0]",
test/drowsy/A0491.raw,1,1,1,1,False,105.416,"[255, 0]","[0.99609375, 0.0]",
test/drowsy/A0492.raw,1,1,1,1,False,103.6567,"[255, 0]","[0.99609375, 0.0]",
test/drowsy/A0493.raw,1,1,1,1,False,111.9479,"[255, 0]","[0.99609375, 0.0]",
test/drowsy/A0494.raw,1,1,1,1,False,93.4134,"[255, 0]","[0.99609375, 0.0]",
test/drowsy/A0495.raw,1,1,1,1,False,105.0322,"[255, 0]","[0.99609375, 0.0]",
test/drowsy/A0496.raw,1,1,1,1,False,86.573,"[255, 0]","[0.99609375, 0.0]",
test/drowsy/A0497.raw,1,1,1,1,False,94.7826,"[255, 0]","[0.99609375, 0.0]",
test/drowsy/A0498.raw,1,1,1,1,False,71.8601,"[255, 0]","[0.99609375, 0.0]",
test/drowsy/A0499.raw,1,1,1,1,False,53.7979,"[255, 0]","[0.99609375, 0.0]",
test/drowsy/A0500.raw,1,1,1,1,False,77.5131,"[255, 0]","[0.99609375, 0.0]",
test/drowsy/A0501.raw,1,1,1,1,False,50.8799,"[255, 0]","[0.99609375, 0.0]",
test/drowsy/A0502.raw,1,1,1,1,False,68.0422,"[255, 0]","[0.99609375, 0.0]",
test/drowsy/A0503.raw,1,1,1,1,False,92.8383,"[255, 0]","[0.99609375, 0.0]",
test/drowsy/A0504.raw,1,1,1,1,False,113.9879,"[255, 0]","[0.99609375, 0.0]",
test/drowsy/A0505.raw,1,1,1,1,False,90.8129,"[255, 0]","[0.99609375, 0.0]",
test/drowsy/A0506.raw,1,1,1,1,False,55.0492,"[255, 0]","[0.99609375, 0.0]",
test/drowsy/A0507.raw,1,1,1,1,False,52.7668,"[255, 0]","[0.99609375, 0.0]",
test/drowsy/A0508.raw,1,1,1,1,False,101.125,"[255, 0]","[0.99609375, 0.0]",
test/drowsy/A0509.raw,1,1,1,1,False,102.5595,"[255, 0]","[0.99609375, 0.0]",
test/drowsy/A0510.raw,1,1,1,1,False,91.0163,"[255, 0]","[0.99609375, 0.0]",
test/drowsy/A0511.raw,1,1,1,1,False,98.4128,"[255, 0]","[0.99609375, 0.0]",
test/drowsy/A0512.raw,1,1,1,1,False,113.3447,"[255, 0]","[0.99609375, 0.0]",
test/drowsy/A0513.raw,1,1,1,1,False,116.8998,"[255, 0]","[0.99609375, 0.0]",
test/drowsy/A0514.raw,1,1,1,1,False,77.4458,"[255, 0]","[0.99609375, 0.0]",
test/drowsy/A0515.raw,1,1,1,1,False,93.3718,"[255, 0]","[0.99609375, 0.0]",
test/drowsy/A0516.raw,1,1,1,1,False,81.0636,"[255, 0]","[0.99609375, 0.0]",
test/drowsy/A0517.raw,1,1,1,1,False,81.9003,"[255, 0]","[0.99609375, 0.0]",
test/drowsy/A0518.raw,1,1,1,1,False,110.9704,"[255, 0]","[0.99609375, 0.0]",
test/drowsy/A0519.raw,1,1,1,1,False,91.7839,"[255, 0]","[0.99609375, 0.0]",
test/drowsy/A0520.raw,1,1,1,1,False,85.5305,"[255, 0]","[0.99609375, 0.0]",
test/drowsy/A0521.raw,1,1,1,1,False,93.3048,"[255, 0]","[0.99609375, 0.0]",
test/drowsy/A0522.raw,1,1,1,1,False,104.806,"[255, 0]","[0.99609375, 0.0]",
test/drowsy/A0523.raw,1,1,1,1,False,96.2641,"[255, 0]","[0.99609375, 0.0]",
test/drowsy/A0524.raw,1,1,1,1,False,95.4902,"[255, 0]","[0.99609375, 0.0]",
test/drowsy/A0525.raw,1,1,1,1,False,84.1598,"[255, 0]","[0.99609375, 0.0]",
test/drowsy/A0526.raw,1,1,1,1,False,87.6779,"[255, 0]","[0.99609375, 0.0]",
test/drowsy/A0527.raw,1,1,1,1,False,103.6241,"[255, 0]","[0.99609375, 0.0]",
test/drowsy/A0528.raw,1,1,1,1,False,88.8431,"[255, 0]","[0.99609375, 0.0]",
test/drowsy/A0529.raw,1,1,1,1,False,74.1707,"[255, 0]","[0.99609375, 0.0]",
test/drowsy/A0530.raw,1,1,1,1,False,78.0655,"[255, 0]","[0.99609375, 0.0]",
test/drowsy/A0531.raw,1,1,1,1,False,73.5273,"[255, 0]","[0.99609375, 0.0]",
test/drowsy/A0532.raw,1,1,1,1,False,64.1948,"[255, 0]","[0.99609375, 0.0]",
test/drowsy/A0533.raw,1,1,1,1,False,70.2085,"[255, 0]","[0.99609375, 0.0]",
test/drowsy/A0534.raw,1,1,1,1,False,90.8158,"[255, 0]","[0.99609375, 0.0]",
test/drowsy/A0535.raw,1,1,1,1,False,81.1697,"[255, 0]","[0.99609375, 0.0]",
test/drowsy/A0536.raw,1,1,1,1,False,66.907,"[255, 0]","[0.99609375, 0.0]",
test/drowsy/A0537.raw,1,1,1,1,False,54.4099,"[255, 0]","[0.99609375, 0.0]",
test/drowsy/A0538.raw,1,1,1,1,False,102.0641,"[255, 0]","[0.99609375, 0.0]",
test/drowsy/A0539.raw,1,1,1,1,False,106.1367,"[255, 0]","[0.99609375, 0.0]",
test/drowsy/A0540.raw,1,1,1,1,False,89.088,"[255, 0]","[0.99609375, 0.0]",
test/drowsy/A0541.raw,1,1,1,1,False,66.6083,"[255, 0]","[0.99609375, 0.0]",
test/drowsy/A0542.raw,1,1,1,1,False,83.5384,"[255, 0]","[0.99609375, 0.0]",
test/drowsy/A0543.raw,1,1,1,1,False,52.0498,"[255, 0]","[0.99609375, 0.0]",
test/drowsy/A0544.raw,1,1,1,1,False,70.4772,"[255, 0]","[0.99609375, 0.0]",
test/drowsy/A0545.raw,1,1,1,1,False,94.6765,"[255, 0]","[0.99609375, 0.0]",
test/drowsy/A0546.raw,1,1,1,1,False,58.5633,"[255, 0]","[0.99609375, 0.0]",
test/drowsy/A0547.raw,1,1,1,1,False,51.7224,"[255, 0]","[0.99609375, 0.0]",
test/drowsy/A0548.raw,1,1,1,1,False,93.6559,"[255, 0]","[0.99609375, 0.0]",
test/drowsy/A0549.raw,1,1,1,1,False,90.9669,"[255, 0]","[0.99609375, 0.0]",
test/drowsy/A0550.raw,1,1,1,1,False,56.9724,"[255, 0]","[0.99609375, 0.0]",
test/drowsy/A0551.raw,1,1,1,1,False,72.4268,"[255, 0]","[0.99609375, 0.0]",
test/drowsy/A0552.raw,1,1,1,1,False,74.8028,"[255, 0]","[0.99609375, 0.0]",
test/drowsy/A0553.raw,1,1,1,1,False,105.0823,"[255, 0]","[0.99609375, 0.0]",
test/drowsy/A0554.raw,1,1,1,1,False,79.1763,"[255, 0]","[0.99609375, 0.0]",
test/drowsy/A0555.raw,1,1,1,1,False,96.4953,"[255, 0]","[0.99609375, 0.0]",
test/drowsy/A0556.raw,1,1,1,1,False,63.9065,"[255, 0]","[0.99609375, 0.0]",
test/drowsy/A0557.raw,1,1,1,1,False,53.2455,"[255, 0]","[0.99609375, 0.0]",
test/drowsy/A0558.raw,1,1,1,1,False,94.2122,"[255, 0]","[0.99609375, 0.0]",
test/drowsy/A0559.raw,1,1,1,1,False,84.6002,"[255, 0]","[0.99609375, 0.0]",
test/drowsy/A0560.raw,1,1,1,1,False,89.6071,"[255, 0]","[0.99609375, 0.0]",
test/drowsy/A0561.raw,1,1,1,1,False,84.9231,"[255, 0]","[0.99609375, 0.0]",
test/drowsy/A0562.raw,1,1,1,1,False,82.9688,"[255, 0]","[0.99609375, 0.0]",
test/drowsy/A0563.raw,1,1,1,1,False,72.7069,"[255, 0]","[0.99609375, 0.0]",
test/drowsy/A0564.raw,1,1,1,1,False,111.1281,"[255, 0]","[0.99609375, 0.0]",
test/drowsy/A0565.raw,1,1,1,1,False,108.1026,"[255, 0]","[0.99609375, 0.0]",
test/drowsy/A0566.raw,1,1,1,1,False,86.1589,"[255, 0]","[0.99609375, 0.0]",
test/drowsy/A0567.raw,1,1,1,1,False,69.9101,"[255, 0]","[0.99609375, 0.0]",
test/drowsy/A0568.raw,1,1,1,1,False,67.4351,"[255, 0]","[0.99609375, 0.0]",
test/drowsy/A0569.raw,1,1,1,1,False,74.2837,"[255, 0]","[0.99609375, 0.0]",
test/drowsy/A0570.raw,1,1,1,1,False,50.3798,"[255, 0]","[0.99609375, 0.0]",
test/drowsy/A0571.raw,1,1,1,1,False,89.7514,"[255, 0]","[0.99609375, 0.0]",
test/drowsy/A0572.raw,1,1,1,1,False,59.2501,"[255, 0]","[0.99609375, 0.0]",
test/drowsy/A0573.raw,1,1,1,1,False,73.6072,"[255, 0]","[0.99609375, 0.0]",
test/drowsy/A0574.raw,1,1,1,1,False,85.7094,"[255, 0]","[0.99609375, 0.0]",
test/drowsy/A0575.raw,1,1,1,1,False,109.0115,"[255, 0]","[0.99609375, 0.0]",
test/drowsy/A0576.raw,1,1,1,1,False,53.9791,"[255, 0]","[0.99609375, 0.0]",
test/drowsy/A0577.raw,1,1,1,1,False,108.306,"[255, 0]","[0.99609375, 0.0]",
test/drowsy/A0578.raw,1,1,1,1,False,51.3913,"[255, 0]","[0.99609375, 0.0]",
test/drowsy/A0579.raw,1,1,1,1,False,51.2974,"[255, 0]","[0.99609375, 0.0]",
test/drowsy/A0580.raw,1,1,1,1,False,80.1588,"[255, 0]","[0.99609375, 0.0]",
test/drowsy/A0581.raw,1,1,1,1,False,50.9415,"[255, 0]","[0.99609375, 0.0]",
test/drowsy/A0582.raw,1,1,1,1,False,54.0114,"[255, 0]","[0.99609375, 0.0]",
test/drowsy/A0583.raw,1,1,1,1,False,74.2242,"[255, 0]","[0.99609375, 0.0]",
test/drowsy/A0584.raw,1,1,1,1,False,106.3873,"[255, 0]","[0.99609375, 0.0]",
test/drowsy/A0585.raw,1,1,1,1,False,104.4947,"[255, 0]","[0.99609375, 0.0]",
test/drowsy/A0586.raw,1,1,1,1,False,68.1917,"[255, 0]","[0.99609375, 0.0]",
test/drowsy/A0587.raw,1,1,1,1,False,60.1058,"[255, 0]","[0.99609375, 0.0]",
test/drowsy/A0588.raw,1,1,1,1,False,99.1366,"[255, 0]","[0.99609375, 0.0]",
test/drowsy/A0589.raw,1,1,1,1,False,60.9777,"[255, 0]","[0.99609375, 0.0]",
test/drowsy/A0590.raw,1,1,1,1,False,85.2141,"[255, 0]","[0.99609375, 0.0]",
test/drowsy/A0591.raw,1,1,1,1,False,98.3455,"[255, 0]","[0.99609375, 0.0]",
test/drowsy/A0592.raw,1,1,1,1,False,106.6788,"[255, 0]","[0.99609375, 0.0]",
test/drowsy/A0593.raw,1,1,1,1,False,68.5613,"[255, 0]","[0.99609375, 0.0]",
test/drowsy/A0594.raw,1,1,1,1,False,83.1739,"[255, 0]","[0.99609375, 0.0]",
test/drowsy/A0595.raw,1,1,1,1,False,76.3927,"[255, 0]","[0.99609375, 0.0]",
test/drowsy/A0596.raw,1,1,1,1,False,83.6026,"[255, 0]","[0.99609375, 0.0]",
test/drowsy/A0597.raw,1,1,1,1,False,84.6005,"[255, 0]","[0.99609375, 0.0]",
test/drowsy/A0598.raw,1,1,1,1,False,94.9287,"[255, 0]","[0.99609375, 0.0]",
test/drowsy/A0599.raw,1,1,1,1,False,60.3327,"[255, 0]","[0.99609375, 0.0]",
test/drowsy/A0600.raw,1,1,1,1,False,80.0692,"[255, 0]","[0.99609375, 0.0]",
test/drowsy/A0601.raw,1,1,1,1,False,104.9151,"[255, 0]","[0.99609375, 0.0]",
test/drowsy/A0602.raw,1,1,1,1,False,81.8181,"[255, 0]","[0.99609375, 0.0]",
test/drowsy/A0603.raw,1,1,1,1,False,84.2255,"[255, 0]","[0.99609375, 0.0]",
test/drowsy/A0604.raw,1,1,1,1,False,52.2571,"[255, 0]","[0.99609375, 0.0]",
test/drowsy/A0605.raw,1,1,1,1,False,53.7863,"[255, 0]","[0.99609375, 0.0]",
test/drowsy/A0606.raw,1,1,1,1,False,84.6931,"[255, 0]","[0.99609375, 0.0]",
test/drowsy/A0607.raw,1,1,1,1,False,96.6185,"[255, 0]","[0.99609375, 0.0]",
test/drowsy/A0608.raw,1,1,1,1,False,102.316,"[255, 0]","[0.99609375, 0.0]",
test/drowsy/A0609.raw,1,1,1,1,False,78.6547,"[255, 0]","[0.99609375, 0.0]",
test/drowsy/A0610.raw,1,1,1,1,False,61.4756,"[255, 0]","[0.99609375, 0.0]",
test/drowsy/A0611.raw,1,1,1,1,False,74.3832,"[255, 0]","[0.99609375, 0.0]",
test/drowsy/A0612.raw,1,1,1,1,False,86.9419,"[255, 0]","[0.99609375, 0.0]",
test/drowsy/A0613.raw,1,1,1,1,False,71.7563,"[255, 0]","[0.99609375, 0.0]",
test/drowsy/A0614.raw,1,1,1,1,False,74.9955,"[255, 0]","[0.99609375, 0.0]",
test/drowsy/A0615.raw,1,1,1,1,False,71.0049,"[255, 0]","[0.99609375, 0.0]",
test/drowsy/A0616.raw,1,1,1,1,False,56.4043,"[255, 0]","[0.99609375, 0.0]",
test/drowsy/A0617.raw,1,1,1,1,False,74.0026,"[255, 0]","[0.99609375, 0.0]",
test/drowsy/A0618.raw,1,1,1,1,False,74.4657,"[255, 0]","[0.99609375, 0.0]",
test/drowsy/A0619.raw,1,1,1,1,False,77.2263,"[255, 0]","[0.99609375, 0.0]",
test/drowsy/A0620.raw,1,1,1,1,False,63.9417,"[255, 0]","[0.99609375, 0.0]",
test/drowsy/A0621.raw,1,1,1,1,False,63.5441,"[255, 0]","[0.99609375, 0.0]",
test/drowsy/A0622.raw,1,1,1,1,False,62.212,"[255, 0]","[0.99609375, 0.0]",
test/drowsy/A0623.raw,1,1,1,1,False,75.5434,"[255, 0]","[0.99609375, 0.0]",
test/drowsy/A0624.raw,1,1,1,1,False,89.2656,"[255, 0]","[0.99609375, 0.0]",
test/drowsy/A0625.raw,1,1,1,1,False,64.3225,"[255, 0]","[0.99609375, 0.0]",
test/drowsy/A0626.raw,1,1,1,1,False,66.7096,"[255, 0]","[0.99609375, 0.0]",
test/drowsy/A0627.raw,1,1,1,1,False,76.8106,"[255, 0]","[0.99609375, 0.0]",
test/drowsy/A0628.raw,1,1,1,1,False,69.7409,"[255, 0]","[0.99609375, 0.0]",
test/drowsy/A0629.raw,1,1,1,1,False,68.7365,"[255, 0]","[0.99609375, 0.0]",
test/drowsy/A0630.raw,1,1,1,1,False,107.7827,"[255, 0]","[0.99609375, 0.0]",
test/drowsy/A0631.raw,1,1,1,1,False,81.718,"[255, 0]","[0.99609375, 0.0]",
test/drowsy/A0632.raw,1,1,1,1,False,74.1778,"[255, 0]","[0.99609375, 0.0]",
test/drowsy/A0633.raw,1,1,1,1,False,76.894,"[255, 0]","[0.99609375, 0.0]",
test/drowsy/A0634.raw,1,1,1,1,False,68.5213,"[255, 0]","[0.99609375, 0.0]",
test/drowsy/A0635.raw,1,1,1,1,False,70.2505,"[255, 0]","[0.99609375, 0.0]",
test/drowsy/A0636.raw,1,1,1,1,False,79.6478,"[255, 0]","[0.99609375, 0.0]",
test/drowsy/A0637.raw,1,1,1,1,False,93.3907,"[255, 0]","[0.99609375, 0.0]",
test/drowsy/A0638.raw,1,1,1,1,False,84.3195,"[255, 0]","[0.99609375, 0.0]",
test/drowsy/A0639.raw,1,1,1,1,False,96.4149,"[255, 0]","[0.99609375, 0.0]",
test/drowsy/A0640.raw,1,1,1,1,False,98.9762,"[255, 0]","[0.99609375, 0.0]",
test/drowsy/A0641.raw,1,1,1,1,False,73.7604,"[255, 0]","[0.99609375, 0.0]",
test/drowsy/A0642.raw,1,1,1,1,False,86.6376,"[255, 0]","[0.99609375, 0.0]",
test/drowsy/A0643.raw,1,1,1,1,False,90.0695,"[255, 0]","[0.99609375, 0.0]",
test/drowsy/A0644.raw,1,1,1,1,False,78.5689,"[255, 0]","[0.99609375, 0.0]",
test/drowsy/A0645.raw,1,1,1,1,False,106.5976,"[255, 0]","[0.99609375, 0.0]",
test/drowsy/A0646.raw,1,1,1,1,False,100.1528,"[255, 0]","[0.99609375, 0.0]",
test/drowsy/A0647.raw,1,1,1,1,False,78.6374,"[255, 0]","[0.99609375, 0.0]",
test/drowsy/A0648.raw,1,1,1,1,False,107.6464,"[255, 0]","[0.99609375, 0.0]",
test/drowsy/A0649.raw,1,1,1,1,False,89.3863,"[255, 0]","[0.99609375, 0.0]",
test/drowsy/A0650.raw,1,1,1,1,False,109.0083,"[255, 0]","[0.99609375, 0.0]",
test/drowsy/A0651.raw,1,1,1,1,False,112.972,"[255, 0]","[0.99609375, 0.0]",
test/drowsy/A0652.raw,1,1,1,1,False,98.0967,"[255, 0]","[0.99609375, 0.0]",
test/drowsy/A0653.raw,1,1,1,1,False,94.688,"[255, 0]","[0.99609375, 0.0]",
test/drowsy/A0654.raw,1,1,1,1,False,107.6734,"[255, 0]","[0.99609375, 0.0]",
test/drowsy/A0655.raw,1,1,1,1,False,53.0489,"[255, 0]","[0.99609375, 0.0]",
test/drowsy/A0656.raw,1,1,1,1,False,52.9562,"[255, 0]","[0.99609375, 0.0]",
test/drowsy/A0657.raw,1,1,1,1,False,80.6565,"[255, 0]","[0.99609375, 0.0]",
test/drowsy/A0658.raw,1,1,1,1,False,79.1578,"[255, 0]","[0.99609375, 0.0]",
test/drowsy/A0659.raw,1,1,1,1,False,80.3287,"[255, 0]","[0.99609375, 0.0]",
test/drowsy/A0660.raw,1,1,1,1,False,100.8734,"[255, 0]","[0.99609375, 0.0]",
test/drowsy/A0661.raw,1,1,1,1,False,80.3884,"[255, 0]","[0.99609375, 0.0]",
test/drowsy/A0662.raw,1,1,1,1,False,64.7382,"[255, 0]","[0.99609375, 0.0]",
test/drowsy/A0663.raw,1,1,1,1,False,106.6893,"[255, 0]","[0.99609375, 0.0]",
test/drowsy/A0664.raw,1,1,1,1,False,67.3761,"[255, 0]","[0.99609375, 0.0]",
test/drowsy/A0665.raw,1,1,1,1,False,74.0434,"[255, 0]","[0.99609375, 0.0]",
test/drowsy/A0666.raw,1,1,1,1,False,69.7461,"[255, 0]","[0.99609375, 0.0]",
test/drowsy/A0667.raw,1,1,1,1,False,63.2738,"[255, 0]","[0.99609375, 0.0]",
test/drowsy/A0668.raw,1,1,1,1,False,82.8345,"[255, 0]","[0.99609375, 0.0]",
test/drowsy/A0669.raw,1,1,1,1,False,72.8191,"[255, 0]","[0.99609375, 0.0]",
test/drowsy/A0670.raw,1,1,1,1,False,69.4204,"[255, 0]","[0.99609375, 0.0]",
test/drowsy/A0671.raw,1,1,1,1,False,68.2246,"[255, 0]","[0.99609375, 0.0]",
test/drowsy/A0672.raw,1,1,1,1,False,83.9174,"[255, 0]","[0.99609375, 0.0]",
test/drowsy/A0673.raw,1,1,1,1,False,64.0428,"[255, 0]","[0.99609375, 0.0]",
test/drowsy/A0674.raw,1,1,1,1,False,63.7835,"[255, 0]","[0.99609375, 0.0]",
test/drowsy/A0675.raw,1,1,1,1,False,56.7487,"[255, 0]","[0.99609375, 0.0]",
test/drowsy/A0676.raw,1,1,1,1,False,65.1527,"[255, 0]","[0.99609375, 0.0]",
test/drowsy/A0677.raw,1,1,1,1,False,87.3261,"[255, 0]","[0.99609375, 0.0]",
test/drowsy/A0678.raw,1,1,1,1,False,91.2436,"[255, 0]","[0.99609375, 0.0]",
test/drowsy/A0679.raw,1,1,1,1,False,94.2283,"[255, 0]","[0.99609375, 0.0]",
test/drowsy/A0680.raw,1,1,1,1,False,75.8074,"[255, 0]","[0.99609375, 0.0]",
test/drowsy/A0681.raw,1,1,1,1,False,69.8515,"[255, 0]","[0.99609375, 0.0]",
test/drowsy/A0682.raw,1,1,1,1,False,64.7516,"[255, 0]","[0.99609375, 0.0]",
test/drowsy/A0683.raw,1,1,1,1,False,73.8352,"[255, 0]","[0.99609375, 0.0]",
test/drowsy/A0684.raw,1,1,1,1,False,110.2827,"[255, 0]","[0.99609375, 0.0]",
test/drowsy/A0685.raw,1,1,1,1,False,89.4383,"[255, 0]","[0.99609375, 0.0]",
test/drowsy/A0686.raw,1,1,1,1,False,66.8119,"[255, 0]","[0.99609375, 0.0]",
test/drowsy/A0687.raw,1,1,1,1,False,101.0307,"[255, 0]","[0.99609375, 0.0]",
test/drowsy/A0688.raw,1,1,1,1,False,95.9099,"[255, 0]","[0.99609375, 0.0]",
test/drowsy/A0689.raw,1,1,1,1,False,113.2469,"[255, 0]","[0.99609375, 0.0]",
test/drowsy/A0690.raw,1,1,1,1,False,88.6022,"[255, 0]","[0.99609375, 0.0]",
test/drowsy/A0691.raw,1,1,1,1,False,107.9436,"[255, 0]","[0.99609375, 0.0]",
test/drowsy/A0692.raw,1,1,1,1,False,120.025,"[255, 0]","[0.99609375, 0.0]",
test/drowsy/A0693.raw,1,1,1,1,False,97.576,"[255, 0]","[0.99609375, 0.0]",
test/drowsy/A0694.raw,1,1,1,1,False,64.225,"[255, 0]","[0.99609375, 0.0]",
test/drowsy/A0695.raw,1,1,1,1,False,66.3704,"[255, 0]","[0.99609375, 0.0]",
test/drowsy/A0696.raw,1,1,1,1,False,88.391,"[255, 0]","[0.99609375, 0.0]",
test/drowsy/A0697.raw,1,1,1,1,False,105.1096,"[255, 0]","[0.99609375, 0.0]",
test/drowsy/A0698.raw,1,1,1,1,False,118.0837,"[255, 0]","[0.99609375, 0.0]",
test/drowsy/A0699.raw,1,1,1,1,False,65.0347,"[255, 0]","[0.99609375, 0.0]",
test/drowsy/A0700.raw,1,1,1,1,False,73.1792,"[255, 0]","[0.99609375, 0.0]",
test/drowsy/A0701.raw,1,1,1,1,False,86.14,"[255, 0]","[0.99609375, 0.0]",
test/drowsy/A0702.raw,1,1,1,1,False,80.7004,"[255, 0]","[0.99609375, 0.0]",
test/drowsy/A0703.raw,1,1,1,1,False,76.9446,"[255, 0]","[0.99609375, 0.0]",
test/drowsy/A0704.raw,1,1,1,1,False,85.6732,"[255, 0]","[0.99609375, 0.0]",
test/drowsy/A0705.raw,1,1,1,1,False,70.8354,"[255, 0]","[0.99609375, 0.0]",
test/drowsy/A0706.raw,1,1,1,1,False,78.0174,"[255, 0]","[0.99609375, 0.0]",
test/drowsy/A0707.raw,1,1,1,1,False,90.2781,"[255, 0]","[0.99609375, 0.0]",
test/drowsy/A0708.raw,1,1,1,1,False,110.0268,"[255, 0]","[0.99609375, 0.0]",
test/drowsy/A0709.raw,1,1,1,1,False,108.1183,"[255, 0]","[0.99609375, 0.0]",
test/drowsy/A0710.raw,1,1,1,1,False,103.6575,"[255, 0]","[0.99609375, 0.0]",
test/drowsy/A0711.raw,1,1,1,1,False,86.6227,"[255, 0]","[0.99609375, 0.0]",
test/drowsy/A0712.raw,1,1,1,1,False,73.5521,"[255, 0]","[0.99609375, 0.0]",
test/drowsy/A0713.raw,1,1,1,1,False,96.1557,"[255, 0]","[0.99609375, 0.0]",
test/drowsy/A0714.raw,1,1,1,1,False,68.291,"[255, 0]","[0.99609375, 0.0]",
test/drowsy/A0715.raw,1,1,1,1,False,71.1116,"[255, 0]","[0.99609375, 0.0]",
test/drowsy/A0716.raw,1,1,1,1,False,81.8219,"[255, 0]","[0.99609375, 0.0]",
test/drowsy/A0717.raw,1,1,1,1,False,90.4806,"[255, 0]","[0.99609375, 0.0]",
test/drowsy/A0718.raw,1,1,1,1,False,97.1444,"[255, 0]","[0.99609375, 0.0]",
test/drowsy/A0719.raw,1,1,1,1,False,123.3729,"[255, 0]","[0.99609375, 0.0]",
test/drowsy/A0720.raw,1,1,1,1,False,89.6775,"[255, 0]","[0.99609375, 0.0]",
test/drowsy/A0721.raw,1,1,1,1,False,93.9389,"[255, 0]","[0.99609375, 0.0]",
test/drowsy/A0722.raw,1,1,1,1,False,86.6118,"[255, 0]","[0.99609375, 0.0]",
test/drowsy/A0723.raw,1,1,1,1,False,93.7896,"[255, 0]","[0.99609375, 0.0]",
test/drowsy/A0724.raw,1,1,1,1,False,68.618,"[255, 0]","[0.99609375, 0.0]",
test/drowsy/A0725.raw,1,1,1,1,False,97.7933,"[255, 0]","[0.99609375, 0.0]",
test/drowsy/A0726.raw,1,1,1,1,False,122.3031,"[255, 0]","[0.99609375, 0.0]",
test/drowsy/A0727.raw,1,1,1,1,False,109.0614,"[255, 0]","[0.99609375, 0.0]",
test/drowsy/A0728.raw,1,1,1,1,False,95.1358,"[255, 0]","[0.99609375, 0.0]",
test/drowsy/A0729.raw,1,1,1,1,False,106.7216,"[255, 0]","[0.99609375, 0.0]",
test/drowsy/A0730.raw,1,1,1,1,False,61.6638,"[255, 0]","[0.99609375, 0.0]",
test/drowsy/A0731.raw,1,1,1,1,False,99.7326,"[255, 0]","[0.99609375, 0.0]",
test/drowsy/A0732.raw,1,1,1,1,False,92.1746,"[255, 0]","[0.99609375, 0.0]",
test/drowsy/A0733.raw,1,1,1,1,False,104.4068,"[255, 0]","[0.99609375, 0.0]",
test/drowsy/A0734.raw,1,1,1,1,False,91.824,"[255, 0]","[0.99609375, 0.0]",
test/drowsy/A0735.raw,1,1,1,1,False,102.2009,"[255, 0]","[0.99609375, 0.0]",
test/drowsy/A0736.raw,1,1,1,1,False,79.3852,"[255, 0]","[0.99609375, 0.0]",
test/drowsy/A0737.raw,1,1,1,1,False,62.0789,"[255, 0]","[0.99609375, 0.0]",
test/drowsy/A0738.raw,1,1,1,1,False,69.6785,"[255, 0]","[0.99609375, 0.0]",
test/drowsy/A0739.raw,1,1,1,1,False,51.0818,"[255, 0]","[0.99609375, 0.0]",
test/drowsy/A0740.raw,1,1,1,1,False,69.1258,"[255, 0]","[0.99609375, 0.0]",
test/drowsy/A0741.raw,1,1,1,1,False,98.6344,"[255, 0]","[0.99609375, 0.0]",
test/drowsy/A0742.raw,1,1,1,1,False,86.5264,"[255, 0]","[0.99609375, 0.0]",
test/drowsy/A0743.raw,1,1,1,1,False,81.389,"[255, 0]","[0.99609375, 0.0]",
test/drowsy/A0744.raw,1,1,1,1,False,56.1605,"[255, 0]","[0.99609375, 0.0]",
test/drowsy/A0745.raw,1,1,1,1,False,67.1788,"[255, 0]","[0.99609375, 0.0]",
test/drowsy/A0746.raw,1,1,1,1,False,88.2212,"[255, 0]","[0.99609375, 0.0]",
test/drowsy/A0747.raw,1,1,1,1,False,86.5224,"[255, 0]","[0.99609375, 0.0]",
test/drowsy/A0748.raw,1,1,1,1,False,90.5094,"[255, 0]","[0.99609375, 0.0]",
test/drowsy/A0749.raw,1,1,1,1,False,79.3725,"[255, 0]","[0.99609375, 0.0]",
test/drowsy/A0750.raw,1,1,1,1,False,119.2059,"[255, 0]","[0.99609375, 0.0]",
test/drowsy/A0751.raw,1,1,1,1,False,106.7915,"[255, 0]","[0.99609375, 0.0]",
test/drowsy/A0752.raw,1,1,1,1,False,119.7886,"[255, 0]","[0.99609375, 0.0]",
test/drowsy/A0753.raw,1,1,1,1,False,74.1961,"[255, 0]","[0.99609375, 0.0]",
test/drowsy/A0754.raw,1,1,1,1,False,97.8701,"[255, 0]","[0.99609375, 0.0]",
test/drowsy/A0755.raw,1,1,1,1,False,126.9246,"[255, 0]","[0.99609375, 0.0]",
test/drowsy/A0756.raw,1,1,1,1,False,110.3842,"[255, 0]","[0.99609375, 0.0]",
test/drowsy/A0757.raw,1,1,1,1,False,91.1016,"[255, 0]","[0.99609375, 0.0]",
test/drowsy/A0758.raw,1,1,1,1,False,86.173,"[255, 0]","[0.99609375, 0.0]",
test/drowsy/A0759.raw,1,1,1,1,False,106.818,"[255, 0]","[0.99609375, 0.0]",
test/drowsy/A0760.raw,1,1,1,1,False,117.7916,"[255, 0]","[0.99609375, 0.0]",
test/drowsy/A0761.raw,1,1,1,1,False,75.4771,"[255, 0]","[0.99609375, 0.0]",
test/drowsy/A0762.raw,1,1,1,1,False,122.7968,"[255, 0]","[0.99609375, 0.0]",
test/drowsy/A0763.raw,1,1,1,1,False,98.6379,"[255, 0]","[0.99609375, 0.0]",
test/drowsy/A0764.raw,1,1,1,1,False,60.2581,"[255, 0]","[0.99609375, 0.0]",
test/drowsy/A0765.raw,1,1,1,1,False,118.1544,"[255, 0]","[0.99609375, 0.0]",
test/drowsy/A0766.raw,1,1,1,1,False,81.264,"[255, 0]","[0.99609375, 0.0]",
test/drowsy/A0767.raw,1,1,1,1,False,56.5351,"[255, 0]","[0.99609375, 0.0]",
test/drowsy/A0768.raw,1,1,1,1,False,71.4362,"[255, 0]","[0.99609375, 0.0]",
test/drowsy/A0769.raw,1,1,1,1,False,65.7749,"[255, 0]","[0.99609375, 0.0]",
test/drowsy/A0770.raw,1,1,1,1,False,58.912,"[255, 0]","[0.99609375, 0.0]",
test/drowsy/A0771.raw,1,1,1,1,False,65.086,"[255, 0]","[0.99609375, 0.0]",
test/drowsy/A0772.raw,1,1,1,1,False,93.9235,"[255, 0]","[0.99609375, 0.0]",
test/drowsy/A0773.raw,1,1,1,1,False,90.1405,"[255, 0]","[0.99609375, 0.0]",
test/drowsy/A0774.raw,1,1,1,1,False,79.9995,"[255, 0]","[0.99609375, 0.0]",
test/drowsy/A0775.raw,1,1,1,1,False,112.0347,"[255, 0]","[0.99609375, 0.0]",
test/drowsy/A0776.raw,1,1,1,1,False,86.863,"[255, 0]","[0.99609375, 0.0]",
test/drowsy/A0777.raw,1,1,1,1,False,75.1011,"[255, 0]","[0.99609375, 0.0]",
test/drowsy/A0778.raw,1,1,1,1,False,69.6322,"[255, 0]","[0.99609375, 0.0]",
test/drowsy/A0779.raw,1,1,1,1,False,71.6238,"[255, 0]","[0.99609375, 0.0]",
test/drowsy/A0780.raw,1,1,1,1,False,87.4533,"[255, 0]","[0.99609375, 0.0]",
test/drowsy/A0781.raw,1,1,1,1,False,114.3585,"[255, 0]","[0.99609375, 0.0]",
test/drowsy/A0782.raw,1,1,1,1,False,72.4885,"[255, 0]","[0.99609375, 0.0]",
test/drowsy/A0783.raw,1,1,1,1,False,75.8168,"[255, 0]","[0.99609375, 0.0]",
test/drowsy/A0784.raw,1,1,1,1,False,81.0362,"[255, 0]","[0.99609375, 0.0]",
test/drowsy/A0785.raw,1,1,1,1,False,77.7202,"[255, 0]","[0.99609375, 0.0]",
test/drowsy/A0786.raw,1,1,1,1,False,77.5226,"[255, 0]","[0.99609375, 0.0]",
test/drowsy/A0787.raw,1,1,1,1,False,69.2092,"[255, 0]","[0.99609375, 0.0]",
test/drowsy/A0788.raw,1,1,1,1,False,102.8133,"[255, 0]","[0.99609375, 0.0]",
test/drowsy/A0789.raw,1,1,1,1,False,98.9683,"[255, 0]","[0.99609375, 0.0]",
test/drowsy/A0790.raw,1,1,1,1,False,94.6598,"[255, 0]","[0.99609375, 0.0]",
test/drowsy/A0791.raw,1,1,1,1,False,68.7286,"[255, 0]","[0.99609375, 0.0]",
test/drowsy/A0792.raw,1,1,1,1,False,75.9115,"[255, 0]","[0.99609375, 0.0]",
test/drowsy/A0793.raw,1,1,1,1,False,66.6084,"[255, 0]","[0.99609375, 0.0]",
test/drowsy/A0794.raw,1,1,1,1,False,71.9762,"[255, 0]","[0.99609375, 0.0]",
test/drowsy/A0795.raw,1,1,1,1,False,146.0899,"[255, 0]","[0.99609375, 0.0]",
test/drowsy/A0796.raw,1,1,1,1,False,129.3925,"[255, 0]","[0.99609375, 0.0]",
test/drowsy/A0797.raw,1,1,1,1,False,91.8019,"[255, 0]","[0.99609375, 0.0]",
test/drowsy/A0798.raw,1,1,1,1,False,99.8655,"[255, 0]","[0.99609375, 0.0]",
test/drowsy/A0799.raw,1,1,1,1,False,107.1109,"[255, 0]","[0.99609375, 0.0]",
test/drowsy/A0800.raw,1,1,1,1,False,76.6329,"[255, 0]","[0.99609375, 0.0]",
test/drowsy/A0801.raw,1,1,1,1,False,105.9586,"[255, 0]","[0.99609375, 0.0]",
test/drowsy/A0802.raw,1,1,1,1,False,64.0698,"[255, 0]","[0.99609375, 0.0]",
test/drowsy/A0803.raw,1,1,1,1,False,93.9336,"[255, 0]","[0.99609375, 0.0]",
test/drowsy/A0804.raw,1,1,1,1,False,63.0161,"[255, 0]","[0.99609375, 0.0]",
test/drowsy/A0805.raw,1,1,1,1,False,82.4206,"[255, 0]","[0.99609375, 0.0]",
test/drowsy/A0806.raw,1,1,1,1,False,101.3968,"[255, 0]","[0.99609375, 0.0]",
test/drowsy/A0807.raw,1,1,1,1,False,70.2839,"[255, 0]","[0.99609375, 0.0]",
test/drowsy/A0808.raw,1,1,1,1,False,81.1741,"[255, 0]","[0.99609375, 0.0]",
test/drowsy/A0809.raw,1,1,1,1,False,99.5249,"[255, 0]","[0.99609375, 0.0]",
test/drowsy/A0810.raw,1,1,1,1,False,97.6306,"[255, 0]","[0.99609375, 0.0]",
test/drowsy/A0811.raw,1,1,1,1,False,78.6787,"[255, 0]","[0.99609375, 0.0]",
test/drowsy/A0812.raw,1,1,1,1,False,102.4958,"[255, 0]","[0.99609375, 0.0]",
test/drowsy/A0813.raw,1,1,1,1,False,59.9891,"[255, 0]","[0.99609375, 0.0]",
test/drowsy/A0814.raw,1,1,1,1,False,94.63,"[255, 0]","[0.99609375, 0.0]",
test/drowsy/A0815.raw,1,1,1,1,False,95.2871,"[255, 0]","[0.99609375, 0.0]",
test/drowsy/A0816.raw,1,1,1,1,False,94.2712,"[255, 0]","[0.99609375, 0.0]",
test/drowsy/A0817.raw,1,1,1,1,False,72.7656,"[255, 0]","[0.99609375, 0.0]",
test/drowsy/A0818.raw,1,1,1,1,False,94.6036,"[255, 0]","[0.99609375, 0.0]",
test/drowsy/A0819.raw,1,1,1,1,False,55.2395,"[255, 0]","[0.99609375, 0.0]",
test/drowsy/A0820.raw,1,1,1,1,False,66.0006,"[255, 0]","[0.99609375, 0.0]",
test/drowsy/A0821.raw,1,1,1,1,False,61.1909,"[255, 0]","[0.99609375, 0.0]",
test/drowsy/A0822.raw,1,1,1,1,False,97.5284,"[255, 0]","[0.99609375, 0.0]",
test/drowsy/A0823.raw,1,1,1,1,False,120.4388,"[255, 0]","[0.99609375, 0.0]",
test/drowsy/A0824.raw,1,1,1,1,False,109.6822,"[255, 0]","[0.99609375, 0.0]",
test/drowsy/A0825.raw,1,1,1,1,False,81.0254,"[255, 0]","[0.99609375, 0.0]",
test/drowsy/A0826.raw,1,1,1,1,False,51.1075,"[255, 0]","[0.99609375, 0.0]",
test/drowsy/A0827.raw,1,1,1,1,False,90.0864,"[255, 0]","[0.99609375, 0.0]",
test/drowsy/A0828.raw,1,1,1,1,False,102.8623,"[255, 0]","[0.99609375, 0.0]",
test/drowsy/A0829.raw,1,1,1,1,False,78.9088,"[255, 0]","[0.99609375, 0.0]",
test/drowsy/A0830.raw,1,1,1,1,False,99.2958,"[255, 0]","[0.99609375, 0.0]",
test/drowsy/A0831.raw,1,1,1,1,False,70.4838,"[255, 0]","[0.99609375, 0.0]",
test/drowsy/A0832.raw,1,1,1,1,False,108.7613,"[255, 0]","[0.99609375, 0.0]",
test/drowsy/A0833.raw,1,1,1,1,False,95.6528,"[255, 0]","[0.99609375, 0.0]",
test/drowsy/A0834.raw,1,1,1,1,False,87.0529,"[255, 0]","[0.99609375, 0.0]",
test/drowsy/A0835.raw,1,1,1,1,False,68.6912,"[255, 0]","[0.99609375, 0.0]",
test/drowsy/A0836.raw,1,1,1,1,False,51.0461,"[255, 0]","[0.99609375, 0.0]",
test/drowsy/A0837.raw,1,1,1,1,False,48.6403,"[255, 0]","[0.99609375, 0.0]",
test/drowsy/A0838.raw,1,1,1,1,False,54.0952,"[255, 0]","[0.99609375, 0.0]",
test/drowsy/A0839.raw,1,1,1,1,False,75.9466,"[255, 0]","[0.99609375, 0.0]",
test/drowsy/A0840.raw,1,1,1,1,False,77.6337,"[255, 0]","[0.99609375, 0.0]",
test/drowsy/A0841.raw,1,1,1,1,False,76.7329,"[255, 0]","[0.99609375, 0.0]",
test/drowsy/A0842.raw,1,1,1,1,False,72.2672,"[255, 0]","[0.99609375, 0.0]",
test/drowsy/A0843.raw,1,1,1,1,False,84.747,"[255, 0]","[0.99609375, 0.0]",
test/drowsy/A0844.raw,1,1,1,1,False,118.7326,"[255, 0]","[0.99609375, 0.0]",
test/drowsy/A0845.raw,1,1,1,1,False,107.7212,"[255, 0]","[0.99609375, 0.0]",
test/drowsy/A0846.raw,1,1,1,1,False,55.9431,"[255, 0]","[0.99609375, 0.0]",
test/drowsy/A0847.raw,1,1,1,1,False,106.6554,"[255, 0]","[0.99609375, 0.0]",
test/drowsy/A0848.raw,1,1,1,1,False,83.1431,"[255, 0]","[0.99609375, 0.0]",
test/drowsy/A0849.raw,1,1,1,1,False,99.9145,"[255, 0]","[0.99609375, 0.0]",
test/drowsy/A0850.raw,1,1,1,1,False,87.7839,"[255, 0]","[0.99609375, 0.0]",
test/drowsy/A0851.raw,1,1,1,1,False,76.3904,"[255, 0]","[0.99609375, 0.0]",
test/drowsy/A0852.raw,1,1,1,1,False,104.2316,"[255, 0]","[0.99609375, 0.0]",
test/drowsy/A0853.raw,1,1,1,1,False,98.4138,"[255, 0]","[0.99609375, 0.0]",
test/drowsy/A0854.raw,1,1,1,1,False,83.0668,"[255, 0]","[0.99609375, 0.0]",
test/drowsy/A0855.raw,1,1,1,1,False,80.9147,"[255, 0]","[0.99609375, 0.0]",
test/drowsy/A0856.raw,1,1,1,1,False,96.2933,"[255, 0]","[0.99609375, 0.0]",
test/drowsy/A0857.raw,1,1,1,1,False,103.2547,"[255, 0]","[0.99609375, 0.0]",
test/drowsy/A0858.raw,1,1,1,1,False,102.9893,"[255, 0]","[0.99609375, 0.0]",
test/drowsy/A0859.raw,1,1,1,1,False,86.9437,"[255, 0]","[0.99609375, 0.0]",
test/drowsy/A0860.raw,1,1,1,1,False,51.0512,"[255, 0]","[0.99609375, 0.0]",
test/drowsy/A0861.raw,1,1,1,1,False,112.1095,"[255, 0]","[0.99609375, 0.0]",
test/drowsy/A0862.raw,1,1,1,1,False,88.582,"[255, 0]","[0.99609375, 0.0]",
test/drowsy/A0863.raw,1,1,1,1,False,109.2604,"[255, 0]","[0.99609375, 0.0]",
test/drowsy/A0864.raw,1,1,1,1,False,88.5662,"[255, 0]","[0.99609375, 0.0]",
test/drowsy/A0865.raw,1,1,1,1,False,74.8567,"[255, 0]","[0.99609375, 0.0]",
test/drowsy/A0866.raw,1,1,1,1,False,124.1526,"[255, 0]","[0.99609375, 0.0]",
test/drowsy/A0867.raw,1,1,1,1,False,79.7531,"[255, 0]","[0.99609375, 0.0]",
test/drowsy/A0868.raw,1,1,1,1,False,90.5696,"[255, 0]","[0.99609375, 0.0]",
test/drowsy/A0869.raw,1,1,1,1,False,64.4367,"[255, 0]","[0.99609375, 0.0]",
test/drowsy/A0870.raw,1,1,1,1,False,59.2519,"[255, 0]","[0.99609375, 0.0]",
test/drowsy/A0871.raw,1,1,1,1,False,78.3855,"[255, 0]","[0.99609375, 0.0]",
test/drowsy/A0872.raw,1,1,1,1,False,92.0619,"[255, 0]","[0.99609375, 0.0]",
test/drowsy/A0873.raw,1,1,1,1,False,86.4584,"[255, 0]","[0.99609375, 0.0]",
test/drowsy/A0874.raw,1,1,1,1,False,68.1979,"[255, 0]","[0.99609375, 0.0]",
test/drowsy/A0875.raw,1,1,1,1,False,115.8692,"[255, 0]","[0.99609375, 0.0]",
test/drowsy/A0876.raw,1,1,1,1,False,111.4762,"[255, 0]","[0.99609375, 0.0]",
test/drowsy/A0877.raw,1,1,1,1,False,96.0735,"[255, 0]","[0.99609375, 0.0]",
test/drowsy/A0878.raw,1,1,1,1,False,106.5779,"[255, 0]","[0.99609375, 0.0]",
test/drowsy/A0879.raw,1,1,1,1,False,143.6844,"[255, 0]","[0.99609375, 0.0]",
test/drowsy/A0880.raw,1,1,1,1,False,79.3207,"[255, 0]","[0.99609375, 0.0]",
test/drowsy/A0881.raw,1,1,1,1,False,69.6961,"[255, 0]","[0.99609375, 0.0]",
test/drowsy/A0882.raw,1,1,1,1,False,57.833,"[255, 0]","[0.99609375, 0.0]",
test/drowsy/A0883.raw,1,1,1,1,False,71.043,"[255, 0]","[0.99609375, 0.0]",
test/drowsy/A0884.raw,1,1,1,1,False,92.3634,"[255, 0]","[0.99609375, 0.0]",
test/drowsy/A0885.raw,1,1,1,1,False,107.8541,"[255, 0]","[0.99609375, 0.0]",
test/drowsy/A0886.raw,1,1,1,1,False,113.9006,"[255, 0]","[0.99609375, 0.0]",
test/drowsy/A0887.raw,1,1,1,1,False,131.2306,"[255, 0]","[0.99609375, 0.0]",
test/drowsy/A0888.raw,1,1,1,1,False,93.8365,"[255, 0]","[0.99609375, 0.0]",
test/drowsy/A0889.raw,1,1,1,1,False,97.0705,"[255, 0]","[0.99609375, 0.0]",
test/drowsy/A0890.raw,1,1,1,1,False,112.0327,"[255, 0]","[0.99609375, 0.0]",
test/drowsy/A0891.raw,1,1,1,1,False,93.966,"[255, 0]","[0.99609375, 0.0]",
test/drowsy/A0892.raw,1,1,1,1,False,49.9537,"[255, 0]","[0.99609375, 0.0]",
test/drowsy/A0893.raw,1,1,1,1,False,51.0796,"[255, 0]","[0.99609375, 0.0]",
test/drowsy/A0894.raw,1,1,1,1,False,58.9088,"[255, 0]","[0.99609375, 0.0]",
test/drowsy/A0895.raw,1,1,1,1,False,65.3906,"[255, 0]","[0.99609375, 0.0]",
test/drowsy/A0896.raw,1,1,1,1,False,78.357,"[255, 0]","[0.99609375, 0.0]",
test/drowsy/A0897.raw,1,1,1,1,False,72.7679,"[255, 0]","[0.99609375, 0.0]",
test/drowsy/A0898.raw,1,1,1,1,False,69.855,"[255, 0]","[0.99609375, 0.0]",
test/drowsy/A0899.raw,1,1,1,1,False,79.8678,"[255, 0]","[0.99609375, 0.0]",
test/drowsy/A0900.raw,1,1,1,1,False,99.2964,"[255, 0]","[0.99609375, 0.0]",
test/drowsy/A0901.raw,1,1,1,1,False,101.4777,"[255, 0]","[0.99609375, 0.0]",
test/drowsy/A0902.raw,1,1,1,1,False,77.8933,"[255, 0]","[0.99609375, 0.0]",
test/drowsy/A0903.raw,1,1,1,1,False,77.8983,"[255, 0]","[0.99609375, 0.0]",
test/drowsy/A0904.raw,1,1,1,1,False,109.8791,"[255, 0]","[0.99609375, 0.0]",
test/drowsy/A0905.raw,1,1,1,1,False,52.5126,"[255, 0]","[0.99609375, 0.0]",
test/drowsy/A0906.raw,1,1,1,1,False,57.7769,"[255, 0]","[0.99609375, 0.0]",
test/drowsy/A0907.raw,1,1,1,1,False,95.6759,"[255, 0]","[0.99609375, 0.0]",
test/drowsy/A0908.raw,1,1,1,1,False,78.9916,"[255, 0]","[0.99609375, 0.0]",
test/drowsy/A0909.raw,1,1,1,1,False,73.4667,"[255, 0]","[0.99609375, 0.0]",
test/drowsy/A0910.raw,1,1,1,1,False,105.5406,"[255, 0]","[0.99609375, 0.0]",
test/drowsy/A0911.raw,1,1,1,1,False,76.6575,"[255, 0]","[0.99609375, 0.0]",
test/drowsy/A0912.raw,1,1,1,1,False,72.5995,"[255, 0]","[0.99609375, 0.0]",
test/drowsy/A0913.raw,1,1,1,1,False,109.8042,"[255, 0]","[0.99609375, 0.0]",
test/drowsy/A0914.raw,1,1,1,1,False,108.773,"[255, 0]","[0.99609375, 0.0]",
test/drowsy/A0915.raw,1,1,1,1,False,66.7633,"[255, 0]","[0.99609375, 0.0]",
test/drowsy/A0916.raw,1,1,1,1,False,86.6839,"[255, 0]","[0.99609375, 0.0]",
test/drowsy/A0917.raw,1,1,1,1,False,93.4921,"[255, 0]","[0.99609375, 0.0]",
test/drowsy/A0918.raw,1,1,1,1,False,110.6874,"[255, 0]","[0.99609375, 0.0]",
test/drowsy/A0919.raw,1,1,1,1,False,51.1409,"[255, 0]","[0.99609375, 0.0]",
test/drowsy/A0920.raw,1,1,1,1,False,73.5117,"[255, 0]","[0.99609375, 0.0]",
test/drowsy/A0921.raw,1,1,1,1,False,79.7152,"[255, 0]","[0.99609375, 0.0]",
test/drowsy/A0922.raw,1,1,1,1,False,51.3793,"[255, 0]","[0.99609375, 0.0]",
test/drowsy/A0923.raw,1,1,1,1,False,50.8548,"[255, 0]","[0.99609375, 0.0]",
test/drowsy/A0924.raw,1,1,1,1,False,77.9218,"[255, 0]","[0.99609375, 0.0]",
test/drowsy/A0925.raw,1,1,1,1,False,87.0962,"[255, 0]","[0.99609375, 0.0]",
test/drowsy/A0926.raw,1,1,1,1,False,113.8327,"[255, 0]","[0.99609375, 0.0]",
test/drowsy/A0927.raw,1,1,1,1,False,64.2242,"[255, 0]","[0.99609375, 0.0]",
test/drowsy/A0928.raw,1,1,1,1,False,55.5064,"[255, 0]","[0.99609375, 0.0]",
test/drowsy/A0929.raw,1,1,1,1,False,95.6779,"[255, 0]","[0.99609375, 0.0]",
test/drowsy/A0930.raw,1,1,1,1,False,95.5198,"[255, 0]","[0.99609375, 0.0]",
test/drowsy/A0931.raw,1,1,1,1,False,72.833,"[255, 0]","[0.99609375, 0.0]",
test/drowsy/A0932.raw,1,1,1,1,False,74.435,"[255, 0]","[0.99609375, 0.0]",
test/drowsy/A0933.raw,1,1,1,1,False,68.1665,"[255, 0]","[0.99609375, 0.0]",
test/drowsy/A0934.raw,1,1,1,1,False,123.5659,"[255, 0]","[0.99609375, 0.0]",
test/drowsy/A0935.raw,1,1,1,1,False,115.7931,"[255, 0]","[0.99609375, 0.0]",
test/drowsy/A0936.raw,1,1,1,1,False,97.3984,"[255, 0]","[0.99609375, 0.0]",
test/drowsy/A0937.raw,1,1,1,1,False,92.7661,"[255, 0]","[0.99609375, 0.0]",
test/drowsy/A0938.raw,1,1,1,1,False,86.0046,"[255, 0]","[0.99609375, 0.0]",
test/drowsy/A0939.raw,1,1,1,1,False,99.8398,"[255, 0]","[0.99609375, 0.0]",
test/drowsy/A0940.raw,1,1,1,1,False,71.7261,"[255, 0]","[0.99609375, 0.0]",
test/drowsy/A0941.raw,1,1,1,1,False,115.5283,"[255, 0]","[0.99609375, 0.0]",
test/drowsy/A0942.raw,1,1,1,1,False,86.0554,"[255, 0]","[0.99609375, 0.0]",
test/drowsy/A0943.raw,1,1,1,1,False,102.3706,"[255, 0]","[0.99609375, 0.0]",
test/drowsy/A0944.raw,1,1,1,1,False,51.4885,"[255, 0]","[0.99609375, 0.0]",
test/drowsy/A0947.raw,1,1,1,1,False,54.0423,"[255, 0]","[0.99609375, 0.0]",
test/drowsy/A0948.raw,1,1,1,1,False,84.7693,"[255, 0]","[0.99609375, 0.0]",
test/drowsy/A0949.raw,1,1,1,1,False,127.7973,"[255, 0]","[0.99609375, 0.0]",
test/drowsy/A0950.raw,1,1,1,1,False,88.9354,"[255, 0]","[0.99609375, 0.0]",
test/drowsy/A0951.raw,1,1,1,1,False,98.7352,"[255, 0]","[0.99609375, 0.0]",
test/drowsy/A0952.raw,1,1,1,1,False,70.9498,"[255, 0]","[0.99609375, 0.0]",
test/drowsy/A0953.raw,1,1,1,1,False,50.0182,"[255, 0]","[0.99609375, 0.0]",
test/drowsy/A0954.raw,1,1,1,1,False,51.0319,"[255, 0]","[0.99609375, 0.0]",
test/drowsy/A0955.raw,1,1,1,1,False,106.6253,"[255, 0]","[0.99609375, 0.0]",
test/drowsy/A0956.raw,1,1,1,1,False,58.4505,"[255, 0]","[0.99609375, 0.0]",
test/drowsy/A0957.raw,1,1,1,1,False,117.6787,"[255, 0]","[0.99609375, 0.0]",
test/drowsy/A0958.raw,1,1,1,1,False,103.133,"[255, 0]","[0.99609375, 0.0]",
test/drowsy/A0959.raw,1,1,1,1,False,119.428,"[255, 0]","[0.99609375, 0.0]",
test/drowsy/A0960.raw,1,1,1,1,False,79.387,"[255, 0]","[0.99609375, 0.0]",
test/drowsy/A0961.raw,1,1,1,1,False,74.9793,"[255, 0]","[0.99609375, 0.0]",
test/drowsy/A0962.raw,1,1,1,1,False,51.805,"[255, 0]","[0.99609375, 0.0]",
test/drowsy/A0963.raw,1,1,1,1,False,52.0222,"[255, 0]","[0.99609375, 0.0]",
test/drowsy/A0964.raw,1,1,1,1,False,77.8692,"[255, 0]","[0.99609375, 0.0]",
test/drowsy/A0965.raw,1,1,1,1,False,112.7245,"[255, 0]","[0.99609375, 0.0]",
test/drowsy/A0966.raw,1,1,1,1,False,86.571,"[255, 0]","[0.99609375, 0.0]",
test/drowsy/A0967.raw,1,1,1,1,False,81.7922,"[255, 0]","[0.99609375, 0.0]",
test/drowsy/A0968.raw,1,1,1,1,False,77.8623,"[255, 0]","[0.99609375, 0.0]",
test/drowsy/A0969.raw,1,1,1,1,False,85.2188,"[255, 0]","[0.99609375, 0.0]",
test/drowsy/A0970.raw,1,1,1,1,False,84.8842,"[255, 0]","[0.99609375, 0.0]",
test/drowsy/A0971.raw,1,1,1,1,False,75.5966,"[255, 0]","[0.99609375, 0.0]",
test/drowsy/A0972.raw,1,1,1,1,False,53.694,"[255, 0]","[0.99609375, 0.0]",
test/drowsy/A0973.raw,1,1,1,1,False,70.5213,"[255, 0]","[0.99609375, 0.0]",
test/drowsy/A0974.raw,1,1,1,1,False,74.5372,"[255, 0]","[0.99609375, 0.0]",
test/drowsy/A0975.raw,1,1,1,1,False,77.3636,"[255, 0]","[0.99609375, 0.0]",
test/drowsy/A0976.raw,1,1,1,1,False,98.987,"[255, 0]","[0.99609375, 0.0]",
test/drowsy/A0977.raw,1,1,1,1,False,75.5479,"[255, 0]","[0.99609375, 0.0]",
test/drowsy/A0978.raw,1,1,1,1,False,78.8201,"[255, 0]","[0.99609375, 0.0]",
test/drowsy/A0979.raw,1,1,1,1,False,105.2631,"[255, 0]","[0.99609375, 0.0]",
test/drowsy/A0980.raw,1,1,1,1,False,81.2515,"[255, 0]","[0.99609375, 0.0]",
test/drowsy/A0981.raw,1,1,1,1,False,117.0279,"[255, 0]","[0.99609375, 0.0]",
test/drowsy/A0982.raw,1,1,1,1,False,118.6889,"[255, 0]","[0.99609375, 0.0]",
test/drowsy/A0983.raw,1,1,1,1,False,112.1137,"[255, 0]","[0.99609375, 0.0]",
test/drowsy/A0984.raw,1,1,1,1,False,70.0192,"[255, 0]","[0.99609375, 0.0]",
test/drowsy/A0985.raw,1,1,1,1,False,82.8169,"[255, 0]","[0.99609375, 0.0]",
test/drowsy/A0986.raw,1,1,1,1,False,118.2695,"[255, 0]","[0.99609375, 0.0]",
test/drowsy/A0987.raw,1,1,1,1,False,102.3775,"[255, 0]","[0.99609375, 0.0]",
test/drowsy/A0988.raw,1,1,1,1,False,86.4951,"[255, 0]","[0.99609375, 0.0]",
test/drowsy/A0989.raw,1,1,1,1,False,109.3452,"[255, 0]","[0.99609375, 0.0]",
test/drowsy/A0990.raw,1,1,1,1,False,82.8591,"[255, 0]","[0.99609375, 0.0]",
test/drowsy/A0991.raw,1,1,1,1,False,79.6134,"[255, 0]","[0.99609375, 0.0]",
test/drowsy/A0992.raw,1,1,1,1,False,54.8924,"[255, 0]","[0.99609375, 0.0]",
test/drowsy/A0993.raw,1,1,1,1,False,78.9834,"[255, 0]","[0.99609375, 0.0]",
test/drowsy/A0994.raw,1,1,1,1,False,51.3787,"[255, 0]","[0.99609375, 0.0]",
test/drowsy/A0995.raw,1,1,1,1,False,73.4038,"[255, 0]","[0.99609375, 0.0]",
test/drowsy/A0996.raw,1,1,1,1,False,105.8743,"[255, 0]","[0.99609375, 0.0]",
test/drowsy/A0997.raw,1,1,1,1,False,124.0583,"[255, 0]","[0.99609375, 0.0]",
test/drowsy/A0998.raw,1,1,1,1,False,99.9079,"[255, 0]","[0.99609375, 0.0]",
test/drowsy/A0999.raw,1,1,1,1,False,110.8232,"[255, 0]","[0.99609375, 0.0]",
test/drowsy/A1000.raw,1,1,1,1,False,105.5481,"[255, 0]","[0.99609375, 0.0]",
test/drowsy/A1001.raw,1,1,1,1,False,90.0395,"[255, 0]","[0.99609375, 0.0]",
test/drowsy/A1002.raw,1,1,1,1,False,90.72,"[255, 0]","[0.99609375, 0.0]",
test/drowsy/A1003.raw,1,1,1,1,False,100.031,"[255, 0]","[0.99609375, 0.0]",
test/drowsy/A1004.raw,1,1,1,1,False,93.862,"[255, 0]","[0.99609375, 0.0]",
test/drowsy/A1005.raw,1,1,1,1,False,115.9599,"[255, 0]","[0.99609375, 0.0]",
test/drowsy/A1008.raw,1,1,1,1,False,108.2219,"[255, 0]","[0.99609375, 0.0]",
test/drowsy/A1009.raw,1,1,1,1,False,105.5898,"[255, 0]","[0.99609375, 0.0]",
test/drowsy/A1010.raw,1,1,1,1,False,74.4049,"[255, 0]","[0.99609375, 0.0]",
test/drowsy/A1011.raw,1,1,1,1,False,99.7287,"[255, 0]","[0.99609375, 0.0]",
test/drowsy/A1012.raw,1,1,1,1,False,77.157,"[255, 0]","[0.99609375, 0.0]",
test/drowsy/A1013.raw,1,1,1,1,False,51.4105,"[255, 0]","[0.99609375, 0.0]",
test/drowsy/A1014.raw,1,1,1,1,False,81.2183,"[255, 0]","[0.99609375, 0.0]",
test/drowsy/A1015.raw,1,1,1,1,False,119.0884,"[255, 0]","[0.99609375, 0.0]",
test/drowsy/A1016.raw,1,1,1,1,False,69.8365,"[255, 0]","[0.99609375, 0.0]",
test/drowsy/A1017.raw,1,1,1,1,False,79.3156,"[255, 0]","[0.99609375, 0.0]",
test/non_drowsy/a0002.raw,1,0,0,1,False,51.0006,"[59, 197]","[0.23046875, 0.76953125]",
test/non_drowsy/a0003.raw,1,0,0,1,False,68.5126,"[0, 255]","[0.0, 0.99609375]",
test/non_drowsy/a0004.raw,1,0,0,1,False,106.8911,"[6, 250]","[0.0234375, 0.9765625]",
test/non_drowsy/a0005.raw,1,0,0,1,False,132.7874,"[0, 255]","[0.0, 0.99609375]",
test/non_drowsy/a0006.raw,1,0,0,1,False,90.4831,"[1, 255]","[0.00390625, 0.99609375]",
test/non_drowsy/a0007.raw,1,0,0,1,False,138.391,"[3, 253]","[0.01171875, 0.98828125]",
test/non_drowsy/a0009.raw,1,0,0,1,False,138.772,"[0, 255]","[0.0, 0.99609375]",
test/non_drowsy/a0010.raw,1,0,0,1,False,104.7319,"[0, 255]","[0.0, 0.99609375]",
test/non_drowsy/a0011.raw,1,0,0,1,False,96.9433,"[0, 255]","[0.0, 0.99609375]",
test/non_drowsy/a0012.raw,1,0,0,1,False,120.1035,"[0, 255]","[0.0, 0.99609375]",
test/non_drowsy/a0013.raw,1,0,0,1,False,94.4109,"[0, 255]","[0.0, 0.99609375]",
test/non_drowsy/a0014.raw,1,0,0,1,False,171.6606,"[0, 255]","[0.0, 0.99609375]",
test/non_drowsy/a0015.raw,1,0,0,1,False,141.6337,"[0, 255]","[0.0, 0.99609375]",
test/non_drowsy/a0016.raw,1,0,0,1,False,136.8759,"[0, 255]","[0.0, 0.99609375]",
test/non_drowsy/a0017.raw,1,0,0,1,False,98.282,"[0, 255]","[0.0, 0.99609375]",
test/non_drowsy/a0018.raw,1,0,0,1,False,147.7494,"[0, 255]","[0.0, 0.99609375]",
test/non_drowsy/a0019.raw,1,0,0,1,False,152.9608,"[0, 255]","[0.0, 0.99609375]",
test/non_drowsy/a0020.raw,1,1,0,0,False,119.7125,"[151, 105]","[0.58984375, 0.41015625]",
test/non_drowsy/a0021.raw,1,0,0,1,False,124.4926,"[6, 250]","[0.0234375, 0.9765625]",
test/non_drowsy/a0022.raw,1,0,0,1,False,103.2004,"[0, 255]","[0.0, 0.99609375]",
test/non_drowsy/a0023.raw,1,0,0,1,False,78.2259,"[0, 255]","[0.0, 0.99609375]",
test/non_drowsy/a0024.raw,1,0,0,1,False,72.2087,"[0, 255]","[0.0, 0.99609375]",
test/non_drowsy/a0026.raw,1,0,0,1,False,85.0904,"[0, 255]","[0.0, 0.99609375]",
test/non_drowsy/a0029.raw,1,0,0,1,False,107.6694,"[0, 255]","[0.0, 0.99609375]",
test/non_drowsy/a0033.raw,1,0,0,1,False,125.3198,"[0, 255]","[0.0, 0.99609375]",
test/non_drowsy/a0034.raw,1,0,0,1,False,84.0463,"[0, 255]","[0.0, 0.99609375]",
test/non_drowsy/a0035.raw,1,0,0,1,False,83.4481,"[0, 255]","[0.0, 0.99609375]",
test/non_drowsy/a0036.raw,1,0,0,1,False,124.0325,"[0, 255]","[0.0, 0.99609375]",
test/non_drowsy/a0037.raw,1,0,0,1,False,93.3732,"[0, 255]","[0.0, 0.99609375]",
test/non_drowsy/a0038.raw,1,0,0,1,False,68.6029,"[0, 255]","[0.0, 0.99609375]",
test/non_drowsy/a0039.raw,1,0,0,1,False,53.681,"[0, 255]","[0.0, 0.99609375]",
test/non_drowsy/a0040.raw,1,0,0,1,False,85.6497,"[0, 255]","[0.0, 0.99609375]",
test/non_drowsy/a0041.raw,1,0,0,1,False,112.1185,"[0, 255]","[0.0, 0.99609375]",
test/non_drowsy/a0042.raw,1,0,0,1,False,76.1305,"[0, 255]","[0.0, 0.99609375]",
test/non_drowsy/a0043.raw,1,0,0,1,False,51.4191,"[0, 255]","[0.0, 0.99609375]",
test/non_drowsy/a0044.raw,1,0,0,1,False,51.5575,"[0, 255]","[0.0, 0.99609375]",
test/non_drowsy/a0045.raw,1,0,0,1,False,62.3987,"[0, 255]","[0.0, 0.99609375]",
test/non_drowsy/a0046.raw,1,0,0,1,False,50.8608,"[0, 255]","[0.0, 0.99609375]",
test/non_drowsy/a0047.raw,1,0,0,1,False,64.944,"[0, 255]","[0.0, 0.99609375]",
test/non_drowsy/a0048.raw,1,0,0,1,False,91.4684,"[0, 255]","[0.0, 0.99609375]",
test/non_drowsy/a0049.raw,1,0,0,1,False,85.7243,"[0, 255]","[0.0, 0.99609375]",
test/non_drowsy/a0050.raw,1,0,0,1,False,111.4874,"[0, 255]","[0.0, 0.99609375]",
test/non_drowsy/a0051.raw,1,0,0,1,False,114.9683,"[0, 255]","[0.0, 0.99609375]",
test/non_drowsy/a0052.raw,1,0,0,1,False,105.337,"[0, 255]","[0.0, 0.99609375]",
test/non_drowsy/a0053.raw,1,0,0,1,False,101.4351,"[36, 220]","[0.140625, 0.859375]",
test/non_drowsy/a0054.raw,1,1,0,0,False,111.9143,"[239, 17]","[0.93359375, 0.06640625]",
test/non_drowsy/a0055.raw,1,0,0,1,False,84.2302,"[0, 255]","[0.0, 0.99609375]",
test/non_drowsy/a0056.raw,1,0,0,1,False,103.7408,"[1, 255]","[0.00390625, 0.99609375]",
test/non_drowsy/a0057.raw,1,0,0,1,False,96.0948,"[5, 251]","[0.01953125, 0.98046875]",
test/non_drowsy/a0058.raw,1,1,0,0,False,94.8223,"[235, 21]","[0.91796875, 0.08203125]",
test/non_drowsy/a0059.raw,1,0,0,1,False,98.7024,"[0, 255]","[0.0, 0.99609375]",
test/non_drowsy/a0060.raw,1,0,0,1,False,105.0844,"[0, 255]","[0.0, 0.99609375]",
test/non_drowsy/a0061.raw,1,0,0,1,False,105.2292,"[36, 220]","[0.140625, 0.859375]",
test/non_drowsy/a0062.raw,1,0,0,1,False,92.5809,"[36, 220]","[0.140625, 0.859375]",
test/non_drowsy/a0063.raw,1,0,0,1,False,71.9859,"[0, 255]","[0.0, 0.99609375]",
test/non_drowsy/a0064.raw,1,0,0,1,False,81.0038,"[0, 255]","[0.0, 0.99609375]",
test/non_drowsy/a0065.raw,1,0,0,1,False,51.2992,"[0, 255]","[0.0, 0.99609375]",
test/non_drowsy/a0066.raw,1,0,0,1,False,72.9692,"[4, 252]","[0.015625, 0.984375]",
test/non_drowsy/a0067.raw,1,0,0,1,False,107.4582,"[0, 255]","[0.0, 0.99609375]",
test/non_drowsy/a0068.raw,1,0,0,1,False,75.759,"[0, 255]","[0.0, 0.99609375]",
test/non_drowsy/a0069.raw,1,0,0,1,False,68.1226,"[0, 255]","[0.0, 0.99609375]",
test/non_drowsy/a0070.raw,1,0,0,1,False,111.2776,"[0, 255]","[0.0, 0.99609375]",
test/non_drowsy/a0071.raw,1,0,0,1,False,132.1923,"[0, 255]","[0.0, 0.99609375]",
test/non_drowsy/a0072.raw,1,0,0,1,False,78.9272,"[0, 255]","[0.0, 0.99609375]",
test/non_drowsy/a0073.raw,1,0,0,1,False,105.1011,"[0, 255]","[0.0, 0.99609375]",
test/non_drowsy/a0074.raw,1,0,0,1,False,103.9085,"[0, 255]","[0.0, 0.99609375]",
test/non_drowsy/a0075.raw,1,0,0,1,False,120.8308,"[0, 255]","[0.0, 0.99609375]",
test/non_drowsy/a0076.raw,1,0,0,1,False,115.6764,"[0, 255]","[0.0, 0.99609375]",
test/non_drowsy/a0077.raw,1,0,0,1,False,122.7033,"[0, 255]","[0.0, 0.99609375]",
test/non_drowsy/a0078.raw,1,0,0,1,False,88.4324,"[0, 255]","[0.0, 0.99609375]",
test/non_drowsy/a0079.raw,1,0,0,1,False,129.8239,"[0, 255]","[0.0, 0.99609375]",
test/non_drowsy/a0080.raw,1,0,0,1,False,85.6098,"[0, 255]","[0.0, 0.99609375]",
test/non_drowsy/a0081.raw,1,0,0,1,False,76.7998,"[0, 255]","[0.0, 0.99609375]",
test/non_drowsy/a0082.raw,1,0,0,1,False,111.6825,"[0, 255]","[0.0, 0.99609375]",
test/non_drowsy/a0083.raw,1,0,0,1,False,104.2185,"[0, 255]","[0.0, 0.99609375]",
test/non_drowsy/a0084.raw,1,0,0,1,False,117.4741,"[0, 255]","[0.0, 0.99609375]",
test/non_drowsy/a0085.raw,1,0,0,1,False,106.9277,"[1, 255]","[0.00390625, 0.99609375]",
test/non_drowsy/a0086.raw,1,0,0,1,False,95.5465,"[0, 255]","[0.0, 0.99609375]",
test/non_drowsy/a0087.raw,1,0,0,1,False,96.4753,"[0, 255]","[0.0, 0.99609375]",
test/non_drowsy/a0088.raw,1,0,0,1,False,58.6861,"[0, 255]","[0.0, 0.99609375]",
test/non_drowsy/a0089.raw,1,0,0,1,False,77.592,"[0, 255]","[0.0, 0.99609375]",
test/non_drowsy/a0090.raw,1,0,0,1,False,105.3879,"[0, 255]","[0.0, 0.99609375]",
test/non_drowsy/a0091.raw,1,0,0,1,False,57.6473,"[0, 255]","[0.0, 0.99609375]",
test/non_drowsy/a0092.raw,1,0,0,1,False,68.6338,"[0, 255]","[0.0, 0.99609375]",
test/non_drowsy/a0093.raw,1,0,0,1,False,105.3328,"[0, 255]","[0.0, 0.99609375]",
test/non_drowsy/a0094.raw,1,0,0,1,False,103.6329,"[0, 255]","[0.0, 0.99609375]",
test/non_drowsy/a0095.raw,1,0,0,1,False,75.582,"[0, 255]","[0.0, 0.99609375]",
test/non_drowsy/a0096.raw,1,0,0,1,False,77.9858,"[0, 255]","[0.0, 0.99609375]",
test/non_drowsy/a0097.raw,1,0,0,1,False,53.4342,"[0, 255]","[0.0, 0.99609375]",
test/non_drowsy/a0098.raw,1,0,0,1,False,88.8949,"[0, 255]","[0.0, 0.99609375]",
test/non_drowsy/a0099.raw,1,0,0,1,False,124.0299,"[0, 255]","[0.0, 0.99609375]",
test/non_drowsy/a0100.raw,1,0,0,1,False,58.1497,"[0, 255]","[0.0, 0.99609375]",
test/non_drowsy/a0101.raw,1,0,0,1,False,109.9475,"[0, 255]","[0.0, 0.99609375]",
test/non_drowsy/a0102.raw,1,0,0,1,False,58.8974,"[0, 255]","[0.0, 0.99609375]",
test/non_drowsy/a0103.raw,1,0,0,1,False,83.5192,"[0, 255]","[0.0, 0.99609375]",
test/non_drowsy/a0104.raw,1,0,0,1,False,90.9907,"[0, 255]","[0.0, 0.99609375]",
test/non_drowsy/a0105.raw,1,0,0,1,False,89.2141,"[0, 255]","[0.0, 0.99609375]",
test/non_drowsy/a0106.raw,1,0,0,1,False,103.3187,"[0, 255]","[0.0, 0.99609375]",
test/non_drowsy/a0107.raw,1,0,0,1,False,62.8096,"[0, 255]","[0.0, 0.99609375]",
test/non_drowsy/a0108.raw,1,0,0,1,False,85.2672,"[0, 255]","[0.0, 0.99609375]",
test/non_drowsy/a0109.raw,1,0,0,1,False,89.3822,"[0, 255]","[0.0, 0.99609375]",
test/non_drowsy/a0110.raw,1,0,0,1,False,106.9142,"[0, 255]","[0.0, 0.99609375]",
test/non_drowsy/a0111.raw,1,0,0,1,False,102.8485,"[0, 255]","[0.0, 0.99609375]",
test/non_drowsy/a0112.raw,1,0,0,1,False,98.2803,"[0, 255]","[0.0, 0.99609375]",
test/non_drowsy/a0113.raw,1,0,0,1,False,123.4625,"[0, 255]","[0.0, 0.99609375]",
test/non_drowsy/a0114.raw,1,0,0,1,False,116.2157,"[0, 255]","[0.0, 0.99609375]",
test/non_drowsy/a0115.raw,1,0,0,1,False,113.82,"[0, 255]","[0.0, 0.99609375]",
test/non_drowsy/a0116.raw,1,0,0,1,False,113.6696,"[0, 255]","[0.0, 0.99609375]",
test/non_drowsy/a0117.raw,1,0,0,1,False,107.0018,"[0, 255]","[0.0, 0.99609375]",
test/non_drowsy/a0118.raw,1,0,0,1,False,56.6401,"[0, 255]","[0.0, 0.99609375]",
test/non_drowsy/a0119.raw,1,0,0,1,False,116.8804,"[0, 255]","[0.0, 0.99609375]",
test/non_drowsy/a0120.raw,1,0,0,1,False,108.9234,"[0, 255]","[0.0, 0.99609375]",
test/non_drowsy/a0121.raw,1,0,0,1,False,108.0378,"[0, 255]","[0.0, 0.99609375]",
test/non_drowsy/a0122.raw,1,0,0,1,False,96.2784,"[0, 255]","[0.0, 0.99609375]",
test/non_drowsy/a0123.raw,1,0,0,1,False,78.4081,"[0, 255]","[0.0, 0.99609375]",
test/non_drowsy/a0124.raw,1,0,0,1,False,77.0087,"[0, 255]","[0.0, 0.99609375]",
test/non_drowsy/a0125.raw,1,0,0,1,False,76.3314,"[0, 255]","[0.0, 0.99609375]",
test/non_drowsy/a0126.raw,1,0,0,1,False,60.0173,"[0, 255]","[0.0, 0.99609375]",
test/non_drowsy/a0127.raw,1,0,0,1,False,70.5753,"[0, 255]","[0.0, 0.99609375]",
test/non_drowsy/a0128.raw,1,0,0,1,False,83.3869,"[0, 255]","[0.0, 0.99609375]",
test/non_drowsy/a0129.raw,1,0,0,1,False,51.4689,"[0, 255]","[0.0, 0.99609375]",
test/non_drowsy/a0130.raw,1,0,0,1,False,71.371,"[0, 255]","[0.0, 0.99609375]",
test/non_drowsy/a0131.raw,1,0,0,1,False,57.3335,"[0, 255]","[0.0, 0.99609375]",
test/non_drowsy/a0132.raw,1,0,0,1,False,51.2192,"[0, 255]","[0.0, 0.99609375]",
test/non_drowsy/a0133.raw,1,0,0,1,False,80.6862,"[0, 255]","[0.0, 0.99609375]",
test/non_drowsy/a0134.raw,1,0,0,1,False,100.0811,"[0, 255]","[0.0, 0.99609375]",
test/non_drowsy/a0135.raw,1,0,0,1,False,115.6395,"[0, 255]","[0.0, 0.99609375]",
test/non_drowsy/a0136.raw,1,0,0,1,False,72.8391,"[0, 255]","[0.0, 0.99609375]",
test/non_drowsy/a0137.raw,1,0,0,1,False,69.7923,"[0, 255]","[0.0, 0.99609375]",
test/non_drowsy/a0138.raw,1,0,0,1,False,74.6424,"[0, 255]","[0.0, 0.99609375]",
test/non_drowsy/a0139.raw,1,0,0,1,False,90.8248,"[0, 255]","[0.0, 0.99609375]",
test/non_drowsy/a0140.raw,1,0,0,1,False,85.5468,"[0, 255]","[0.0, 0.99609375]",
test/non_drowsy/a0141.raw,1,0,0,1,False,65.355,"[0, 255]","[0.0, 0.99609375]",
test/non_drowsy/a0142.raw,1,0,0,1,False,96.1171,"[0, 255]","[0.0, 0.99609375]",
test/non_drowsy/a0143.raw,1,0,0,1,False,92.5848,"[0, 255]","[0.0, 0.99609375]",
test/non_drowsy/a0144.raw,1,0,0,1,False,87.4495,"[0, 255]","[0.0, 0.99609375]",
test/non_drowsy/a0145.raw,1,0,0,1,False,117.8559,"[0, 255]","[0.0, 0.99609375]",
test/non_drowsy/a0146.raw,1,0,0,1,False,106.3863,"[0, 255]","[0.0, 0.99609375]",
test/non_drowsy/a0147.raw,1,0,0,1,False,107.7708,"[0, 255]","[0.0, 0.99609375]",
test/non_drowsy/a0148.raw,1,0,0,1,False,91.5353,"[0, 255]","[0.0, 0.99609375]",
test/non_drowsy/a0149.raw,1,0,0,1,False,121.6116,"[0, 255]","[0.0, 0.99609375]",
test/non_drowsy/a0150.raw,1,0,0,1,False,79.276,"[0, 255]","[0.0, 0.99609375]",
test/non_drowsy/a0151.raw,1,0,0,1,False,52.1298,"[0, 255]","[0.0, 0.99609375]",
test/non_drowsy/a0152.raw,1,0,0,1,False,76.5235,"[0, 255]","[0.0, 0.99609375]",
test/non_drowsy/a0153.raw,1,0,0,1,False,103.9671,"[0, 255]","[0.0, 0.99609375]",
test/non_drowsy/a0154.raw,1,0,0,1,False,63.7704,"[0, 255]","[0.0, 0.99609375]",
test/non_drowsy/a0155.raw,1,0,0,1,False,97.947,"[0, 255]","[0.0, 0.99609375]",
test/non_drowsy/a0156.raw,1,0,0,1,False,75.5333,"[0, 255]","[0.0, 0.99609375]",
test/non_drowsy/a0157.raw,1,0,0,1,False,51.1565,"[0, 255]","[0.0, 0.99609375]",
test/non_drowsy/a0158.raw,1,0,0,1,False,116.6199,"[0, 255]","[0.0, 0.99609375]",
test/non_drowsy/a0159.raw,1,0,0,1,False,71.6015,"[0, 255]","[0.0, 0.99609375]",
test/non_drowsy/a0160.raw,1,0,0,1,False,117.4575,"[0, 255]","[0.0, 0.99609375]",
test/non_drowsy/a0161.raw,1,0,0,1,False,80.8268,"[0, 255]","[0.0, 0.99609375]",
test/non_drowsy/a0162.raw,1,0,0,1,False,68.8969,"[0, 255]","[0.0, 0.99609375]",
test/non_drowsy/a0163.raw,1,0,0,1,False,83.1047,"[0, 255]","[0.0, 0.99609375]",
test/non_drowsy/a0164.raw,1,0,0,1,False,120.1264,"[0, 255]","[0.0, 0.99609375]",
test/non_drowsy/a0165.raw,1,0,0,1,False,89.9665,"[0, 255]","[0.0, 0.99609375]",
test/non_drowsy/a0166.raw,1,0,0,1,False,108.3114,"[0, 255]","[0.0, 0.99609375]",
test/non_drowsy/a0167.raw,1,0,0,1,False,99.8953,"[0, 255]","[0.0, 0.99609375]",
test/non_drowsy/a0168.raw,1,0,0,1,False,77.6615,"[0, 255]","[0.0, 0.99609375]",
test/non_drowsy/a0169.raw,1,0,0,1,False,109.1539,"[0, 255]","[0.0, 0.99609375]",
test/non_drowsy/a0170.raw,1,0,0,1,False,103.8356,"[0, 255]","[0.0, 0.99609375]",
test/non_drowsy/a0171.raw,1,0,0,1,False,92.2175,"[0, 255]","[0.0, 0.99609375]",
test/non_drowsy/a0172.raw,1,0,0,1,False,120.7855,"[0, 255]","[0.0, 0.99609375]",
test/non_drowsy/a0173.raw,1,0,0,1,False,81.6589,"[0, 255]","[0.0, 0.99609375]",
test/non_drowsy/a0174.raw,1,0,0,1,False,109.4594,"[0, 255]","[0.0, 0.99609375]",
test/non_drowsy/a0175.raw,1,0,0,1,False,107.4782,"[0, 255]","[0.0, 0.99609375]",
test/non_drowsy/a0176.raw,1,0,0,1,False,70.0749,"[0, 255]","[0.0, 0.99609375]",
test/non_drowsy/a0177.raw,1,0,0,1,False,51.7643,"[0, 255]","[0.0, 0.99609375]",
test/non_drowsy/a0178.raw,1,0,0,1,False,51.6401,"[0, 255]","[0.0, 0.99609375]",
test/non_drowsy/a0179.raw,1,0,0,1,False,98.9691,"[0, 255]","[0.0, 0.99609375]",
test/non_drowsy/a0180.raw,1,0,0,1,False,131.9313,"[0, 255]","[0.0, 0.99609375]",
test/non_drowsy/a0181.raw,1,0,0,1,False,109.529,"[0, 255]","[0.0, 0.99609375]",
test/non_drowsy/a0182.raw,1,0,0,1,False,62.5808,"[0, 255]","[0.0, 0.99609375]",
test/non_drowsy/a0183.raw,1,0,0,1,False,73.9442,"[0, 255]","[0.0, 0.99609375]",
test/non_drowsy/a0184.raw,1,0,0,1,False,118.4078,"[0, 255]","[0.0, 0.99609375]",
test/non_drowsy/a0185.raw,1,0,0,1,False,96.6683,"[0, 255]","[0.0, 0.99609375]",
test/non_drowsy/a0186.raw,1,0,0,1,False,100.6983,"[0, 255]","[0.0, 0.99609375]",
test/non_drowsy/a0187.raw,1,0,0,1,False,79.3595,"[0, 255]","[0.0, 0.99609375]",
test/non_drowsy/a0188.raw,1,0,0,1,False,67.8481,"[0, 255]","[0.0, 0.99609375]",
test/non_drowsy/a0189.raw,1,0,0,1,False,92.0253,"[0, 255]","[0.0, 0.99609375]",
test/non_drowsy/a0190.raw,1,0,0,1,False,84.6407,"[0, 255]","[0.0, 0.99609375]",
test/non_drowsy/a0191.raw,1,0,0,1,False,102.4157,"[1, 255]","[0.00390625, 0.99609375]",
test/non_drowsy/a0192.raw,1,0,0,1,False,96.7052,"[0, 255]","[0.0, 0.99609375]",
test/non_drowsy/a0193.raw,1,0,0,1,False,88.4552,"[0, 255]","[0.0, 0.99609375]",
test/non_drowsy/a0194.raw,1,0,0,1,False,85.2562,"[1, 255]","[0.00390625, 0.99609375]",
test/non_drowsy/a0195.raw,1,0,0,1,False,63.4454,"[1, 255]","[0.00390625, 0.99609375]",
test/non_drowsy/a0196.raw,1,0,0,1,False,60.2774,"[0, 255]","[0.0, 0.99609375]",
test/non_drowsy/a0197.raw,1,0,0,1,False,98.5854,"[0, 255]","[0.0, 0.99609375]",
test/non_drowsy/a0198.raw,1,0,0,1,False,100.8529,"[0, 255]","[0.0, 0.99609375]",
test/non_drowsy/a0199.raw,1,0,0,1,False,105.3077,"[0, 255]","[0.0, 0.99609375]",
test/non_drowsy/a0200.raw,1,0,0,1,False,54.9457,"[8, 248]","[0.03125, 0.96875]",
test/non_drowsy/a0201.raw,1,0,0,1,False,62.2852,"[0, 255]","[0.0, 0.99609375]",
test/non_drowsy/a0202.raw,1,0,0,1,False,74.462,"[0, 255]","[0.0, 0.99609375]",
test/non_drowsy/a0203.raw,1,0,0,1,False,115.2221,"[0, 255]","[0.0, 0.99609375]",
test/non_drowsy/a0204.raw,1,0,0,1,False,89.7748,"[0, 255]","[0.0, 0.99609375]",
test/non_drowsy/a0205.raw,1,0,0,1,False,113.056,"[0, 255]","[0.0, 0.99609375]",
test/non_drowsy/a0206.raw,1,0,0,1,False,49.9443,"[0, 255]","[0.0, 0.99609375]",
test/non_drowsy/a0207.raw,1,0,0,1,False,51.6659,"[0, 255]","[0.0, 0.99609375]",
test/non_drowsy/a0208.raw,1,0,0,1,False,93.5812,"[0, 255]","[0.0, 0.99609375]",
test/non_drowsy/a0209.raw,1,0,0,1,False,89.0935,"[1, 255]","[0.00390625, 0.99609375]",
test/non_drowsy/a0210.raw,1,0,0,1,False,102.5404,"[0, 255]","[0.0, 0.99609375]",
test/non_drowsy/a0211.raw,1,0,0,1,False,55.7269,"[0, 255]","[0.0, 0.99609375]",
test/non_drowsy/a0212.raw,1,1,0,0,False,112.6617,"[212, 44]","[0.828125, 0.171875]",
test/non_drowsy/a0213.raw,1,0,0,1,False,75.5876,"[1, 255]","[0.00390625, 0.99609375]",
test/non_drowsy/a0214.raw,1,0,0,1,False,56.9035,"[0, 255]","[0.0, 0.99609375]",
test/non_drowsy/a0215.raw,1,0,0,1,False,59.2774,"[0, 255]","[0.0, 0.99609375]",
test/non_drowsy/a0216.raw,1,0,0,1,False,119.0727,"[0, 255]","[0.0, 0.99609375]",
test/non_drowsy/a0217.raw,1,0,0,1,False,103.0931,"[0, 255]","[0.0, 0.99609375]",
test/non_drowsy/a0218.raw,1,0,0,1,False,108.2503,"[0, 255]","[0.0, 0.99609375]",
test/non_drowsy/a0219.raw,1,0,0,1,False,90.248,"[0, 255]","[0.0, 0.99609375]",
test/non_drowsy/a0220.raw,1,0,0,1,False,79.4166,"[0, 255]","[0.0, 0.99609375]",
test/non_drowsy/a0221.raw,1,0,0,1,False,88.0783,"[0, 255]","[0.0, 0.99609375]",
test/non_drowsy/a0222.raw,1,0,0,1,False,85.399,"[0, 255]","[0.0, 0.99609375]",
test/non_drowsy/a0223.raw,1,0,0,1,False,79.2888,"[1, 255]","[0.00390625, 0.99609375]",
test/non_drowsy/a0224.raw,1,0,0,1,False,99.1384,"[0, 255]","[0.0, 0.99609375]",
test/non_drowsy/a0225.raw,1,0,0,1,False,127.3147,"[0, 255]","[0.0, 0.99609375]",
test/non_drowsy/a0226.raw,1,0,0,1,False,102.666,"[0, 255]","[0.0, 0.99609375]",
test/non_drowsy/a0227.raw,1,0,0,1,False,89.4557,"[1, 255]","[0.00390625, 0.99609375]",
test/non_drowsy/a0228.raw,1,0,0,1,False,67.407,"[0, 255]","[0.0, 0.99609375]",
test/non_drowsy/a0229.raw,1,0,0,1,False,62.3099,"[1, 255]","[0.00390625, 0.99609375]",
test/non_drowsy/a0230.raw,1,0,0,1,False,117.5769,"[0, 255]","[0.0, 0.99609375]",
test/non_drowsy/a0231.raw,1,0,0,1,False,96.8083,"[1, 255]","[0.00390625, 0.99609375]",
test/non_drowsy/a0232.raw,1,0,0,1,False,79.1334,"[0, 255]","[0.0, 0.99609375]",
test/non_drowsy/a0233.raw,1,0,0,1,False,68.3793,"[0, 255]","[0.0, 0.99609375]",
test/non_drowsy/a0234.raw,1,0,0,1,False,110.3262,"[0, 255]","[0.0, 0.99609375]",
test/non_drowsy/a0235.raw,1,0,0,1,False,102.5595,"[1, 255]","[0.00390625, 0.99609375]",
test/non_drowsy/a0236.raw,1,0,0,1,False,121.375,"[0, 255]","[0.0, 0.99609375]",
test/non_drowsy/a0237.raw,1,0,0,1,False,113.9073,"[1, 255]","[0.00390625, 0.99609375]",
test/non_drowsy/a0238.raw,1,0,0,1,False,81.2439,"[0, 255]","[0.0, 0.99609375]",
test/non_drowsy/a0239.raw,1,0,0,1,False,86.7012,"[0, 255]","[0.0, 0.99609375]",
test/non_drowsy/a0240.raw,1,0,0,1,False,57.0596,"[3, 253]","[0.01171875, 0.98828125]",
test/non_drowsy/a0241.raw,1,0,0,1,False,73.1259,"[2, 254]","[0.0078125, 0.9921875]",
test/non_drowsy/a0242.raw,1,0,0,1,False,108.7937,"[0, 255]","[0.0, 0.99609375]",
test/non_drowsy/a0243.raw,1,0,0,1,False,80.8658,"[0, 255]","[0.0, 0.99609375]",
test/non_drowsy/a0244.raw,1,0,0,1,False,117.8102,"[0, 255]","[0.0, 0.99609375]",
test/non_drowsy/a0245.raw,1,0,0,1,False,89.7419,"[0, 255]","[0.0, 0.99609375]",
test/non_drowsy/a0246.raw,1,0,0,1,False,122.4572,"[0, 255]","[0.0, 0.99609375]",
test/non_drowsy/a0247.raw,1,0,0,1,False,119.286,"[0, 255]","[0.0, 0.99609375]",
test/non_drowsy/a0248.raw,1,0,0,1,False,80.948,"[0, 255]","[0.0, 0.99609375]",
test/non_drowsy/a0249.raw,1,0,0,1,False,107.0319,"[0, 255]","[0.0, 0.99609375]",
test/non_drowsy/a0250.raw,1,0,0,1,False,60.6588,"[0, 255]","[0.0, 0.99609375]",
test/non_drowsy/a0251.raw,1,0,0,1,False,102.4184,"[0, 255]","[0.0, 0.99609375]",
test/non_drowsy/a0252.raw,1,0,0,1,False,85.2068,"[0, 255]","[0.0, 0.99609375]",
test/non_drowsy/a0253.raw,1,0,0,1,False,58.5733,"[0, 255]","[0.0, 0.99609375]",
test/non_drowsy/a0254.raw,1,0,0,1,False,95.8434,"[0, 255]","[0.0, 0.99609375]",
test/non_drowsy/a0255.raw,1,0,0,1,False,90.8056,"[0, 255]","[0.0, 0.99609375]",
test/non_drowsy/a0256.raw,1,0,0,1,False,103.4421,"[0, 255]","[0.0, 0.99609375]",
test/non_drowsy/a0257.raw,1,0,0,1,False,77.8351,"[0, 255]","[0.0, 0.99609375]",
test/non_drowsy/a0258.raw,1,0,0,1,False,110.7489,"[0, 255]","[0.0, 0.99609375]",
test/non_drowsy/a0259.raw,1,0,0,1,False,116.8981,"[0, 255]","[0.0, 0.99609375]",
test/non_drowsy/a0260.raw,1,0,0,1,False,116.0493,"[0, 255]","[0.0, 0.99609375]",
test/non_drowsy/a0261.raw,1,0,0,1,False,93.4616,"[0, 255]","[0.0, 0.99609375]",
test/non_drowsy/a0262.raw,1,0,0,1,False,96.399,"[0, 255]","[0.0, 0.99609375]",
test/non_drowsy/a0263.raw,1,0,0,1,False,78.1768,"[0, 255]","[0.0, 0.99609375]",
test/non_drowsy/a0264.raw,1,0,0,1,False,51.7577,"[0, 255]","[0.0, 0.99609375]",
test/non_drowsy/a0265.raw,1,0,0,1,False,105.0113,"[0, 255]","[0.0, 0.99609375]",
test/non_drowsy/a0266.raw,1,0,0,1,False,72.8327,"[0, 255]","[0.0, 0.99609375]",
test/non_drowsy/a0267.raw,1,0,0,1,False,111.5755,"[0, 255]","[0.0, 0.99609375]",
test/non_drowsy/a0268.raw,1,0,0,1,False,123.103,"[0, 255]","[0.0, 0.99609375]",
test/non_drowsy/a0269.raw,1,0,0,1,False,62.8641,"[0, 255]","[0.0, 0.99609375]",
test/non_drowsy/a0270.raw,1,0,0,1,False,108.1237,"[0, 255]","[0.0, 0.99609375]",
test/non_drowsy/a0271.raw,1,0,0,1,False,87.9513,"[0, 255]","[0.0, 0.99609375]",
test/non_drowsy/a0272.raw,1,0,0,1,False,96.834,"[0, 255]","[0.0, 0.99609375]",
test/non_drowsy/a0273.raw,1,0,0,1,False,52.5418,"[0, 255]","[0.0, 0.99609375]",
test/non_drowsy/a0274.raw,1,0,0,1,False,52.1284,"[0, 255]","[0.0, 0.99609375]",
test/non_drowsy/a0275.raw,1,0,0,1,False,91.7225,"[0, 255]","[0.0, 0.99609375]",
test/non_drowsy/a0276.raw,1,0,0,1,False,87.6795,"[0, 255]","[0.0, 0.99609375]",
test/non_drowsy/a0277.raw,1,0,0,1,False,121.8114,"[0, 255]","[0.0, 0.99609375]",
test/non_drowsy/a0278.raw,1,0,0,1,False,60.4719,"[0, 255]","[0.0, 0.99609375]",
test/non_drowsy/a0279.raw,1,0,0,1,False,86.3115,"[0, 255]","[0.0, 0.99609375]",
test/non_drowsy/a0280.raw,1,0,0,1,False,115.4963,"[0, 255]","[0.0, 0.99609375]",
test/non_drowsy/a0281.raw,1,0,0,1,False,90.9631,"[0, 255]","[0.0, 0.99609375]",
test/non_drowsy/a0282.raw,1,0,0,1,False,86.1475,"[0, 255]","[0.0, 0.99609375]",
test/non_drowsy/a0283.raw,1,0,0,1,False,98.6892,"[0, 255]","[0.0, 0.99609375]",
test/non_drowsy/a0284.raw,1,0,0,1,False,53.6657,"[0, 255]","[0.0, 0.99609375]",
test/non_drowsy/a0285.raw,1,0,0,1,False,51.2148,"[0, 255]","[0.0, 0.99609375]",
test/non_drowsy/a0286.raw,1,0,0,1,False,86.0732,"[0, 255]","[0.0, 0.99609375]",
test/non_drowsy/a0287.raw,1,0,0,1,False,73.7403,"[0, 255]","[0.0, 0.99609375]",
test/non_drowsy/a0288.raw,1,0,0,1,False,83.5379,"[0, 255]","[0.0, 0.99609375]",
test/non_drowsy/a0289.raw,1,0,0,1,False,83.7442,"[0, 255]","[0.0, 0.99609375]",
test/non_drowsy/a0290.raw,1,0,0,1,False,124.2078,"[0, 255]","[0.0, 0.99609375]",
test/non_drowsy/a0291.raw,1,0,0,1,False,108.8852,"[0, 255]","[0.0, 0.99609375]",
test/non_drowsy/a0292.raw,1,0,0,1,False,104.0747,"[0, 255]","[0.0, 0.99609375]",
test/non_drowsy/a0293.raw,1,0,0,1,False,95.5942,"[0, 255]","[0.0, 0.99609375]",
test/non_drowsy/a0294.raw,1,0,0,1,False,87.4713,"[0, 255]","[0.0, 0.99609375]",
test/non_drowsy/a0295.raw,1,0,0,1,False,115.0817,"[0, 255]","[0.0, 0.99609375]",
test/non_drowsy/a0296.raw,1,0,0,1,False,117.1781,"[0, 255]","[0.0, 0.99609375]",
test/non_drowsy/a0297.raw,1,0,0,1,False,87.9839,"[0, 255]","[0.0, 0.99609375]",
test/non_drowsy/a0298.raw,1,0,0,1,False,94.2914,"[0, 255]","[0.0, 0.99609375]",
test/non_drowsy/a0299.raw,1,0,0,1,False,73.8339,"[0, 255]","[0.0, 0.99609375]",
test/non_drowsy/a0300.raw,1,0,0,1,False,88.1452,"[0, 255]","[0.0, 0.99609375]",
test/non_drowsy/a0301.raw,1,0,0,1,False,98.7809,"[0, 255]","[0.0, 0.99609375]",
test/non_drowsy/a0302.raw,1,0,0,1,False,107.2346,"[0, 255]","[0.0, 0.99609375]",
test/non_drowsy/a0303.raw,1,0,0,1,False,78.6124,"[0, 255]","[0.0, 0.99609375]",
test/non_drowsy/a0304.raw,1,0,0,1,False,76.8317,"[0, 255]","[0.0, 0.99609375]",
test/non_drowsy/a0305.raw,1,0,0,1,False,101.3036,"[0, 255]","[0.0, 0.99609375]",
test/non_drowsy/a0306.raw,1,0,0,1,False,111.0353,"[0, 255]","[0.0, 0.99609375]",
test/non_drowsy/a0307.raw,1,0,0,1,False,111.8424,"[0, 255]","[0.0, 0.99609375]",
test/non_drowsy/a0308.raw,1,0,0,1,False,102.6672,"[0, 255]","[0.0, 0.99609375]",
test/non_drowsy/a0309.raw,1,0,0,1,False,85.0905,"[0, 255]","[0.0, 0.99609375]",
test/non_drowsy/a0310.raw,1,0,0,1,False,81.0915,"[0, 255]","[0.0, 0.99609375]",
test/non_drowsy/a0311.raw,1,0,0,1,False,118.2468,"[0, 255]","[0.0, 0.99609375]",
test/non_drowsy/a0312.raw,1,0,0,1,False,91.8309,"[0, 255]","[0.0, 0.99609375]",
test/non_drowsy/a0313.raw,1,0,0,1,False,103.8907,"[1, 255]","[0.00390625, 0.99609375]",
test/non_drowsy/a0314.raw,1,0,0,1,False,62.9234,"[0, 255]","[0.0, 0.99609375]",
test/non_drowsy/a0315.raw,1,0,0,1,False,56.4097,"[0, 255]","[0.0, 0.99609375]",
test/non_drowsy/a0316.raw,1,0,0,1,False,90.5344,"[0, 255]","[0.0, 0.99609375]",
test/non_drowsy/a0317.raw,1,0,0,1,False,131.0808,"[0, 255]","[0.0, 0.99609375]",
test/non_drowsy/a0318.raw,1,0,0,1,False,65.468,"[0, 255]","[0.0, 0.99609375]",
test/non_drowsy/a0319.raw,1,0,0,1,False,53.5741,"[0, 255]","[0.0, 0.99609375]",
test/non_drowsy/a0320.raw,1,0,0,1,False,71.8263,"[0, 255]","[0.0, 0.99609375]",
test/non_drowsy/a0321.raw,1,0,0,1,False,57.6528,"[0, 255]","[0.0, 0.99609375]",
test/non_drowsy/a0322.raw,1,0,0,1,False,92.1602,"[0, 255]","[0.0, 0.99609375]",
test/non_drowsy/a0323.raw,1,0,0,1,False,87.8786,"[0, 255]","[0.0, 0.99609375]",
test/non_drowsy/a0324.raw,1,0,0,1,False,80.9042,"[0, 255]","[0.0, 0.99609375]",
test/non_drowsy/a0325.raw,1,0,0,1,False,84.4308,"[0, 255]","[0.0, 0.99609375]",
test/non_drowsy/a0326.raw,1,0,0,1,False,113.4277,"[0, 255]","[0.0, 0.99609375]",
test/non_drowsy/a0327.raw,1,0,0,1,False,55.6009,"[0, 255]","[0.0, 0.99609375]",
test/non_drowsy/a0328.raw,1,0,0,1,False,71.3443,"[0, 255]","[0.0, 0.99609375]",
test/non_drowsy/a0329.raw,1,0,0,1,False,81.7719,"[0, 255]","[0.0, 0.99609375]",
test/non_drowsy/a0330.raw,1,0,0,1,False,93.5942,"[0, 255]","[0.0, 0.99609375]",
test/non_drowsy/a0331.raw,1,0,0,1,False,58.5561,"[0, 255]","[0.0, 0.99609375]",
test/non_drowsy/a0332.raw,1,0,0,1,False,51.553,"[0, 255]","[0.0, 0.99609375]",
test/non_drowsy/a0333.raw,1,0,0,1,False,102.9023,"[0, 255]","[0.0, 0.99609375]",
test/non_drowsy/a0334.raw,1,0,0,1,False,104.9438,"[0, 255]","[0.0, 0.99609375]",
test/non_drowsy/a0335.raw,1,0,0,1,False,122.5914,"[0, 255]","[0.0, 0.99609375]",
test/non_drowsy/a0336.raw,1,0,0,1,False,83.1585,"[0, 255]","[0.0, 0.99609375]",
test/non_drowsy/a0337.raw,1,0,0,1,False,123.9605,"[0, 255]","[0.0, 0.99609375]",
test/non_drowsy/a0338.raw,1,0,0,1,False,77.2724,"[0, 255]","[0.0, 0.99609375]",
test/non_drowsy/a0339.raw,1,0,0,1,False,84.2939,"[0, 255]","[0.0, 0.99609375]",
test/non_drowsy/a0340.raw,1,0,0,1,False,107.6326,"[0, 255]","[0.0, 0.99609375]",
test/non_drowsy/a0341.raw,1,0,0,1,False,109.3032,"[0, 255]","[0.0, 0.99609375]",
test/non_drowsy/a0342.raw,1,0,0,1,False,99.0285,"[0, 255]","[0.0, 0.99609375]",
test/non_drowsy/a0343.raw,1,0,0,1,False,107.0387,"[0, 255]","[0.0, 0.99609375]",
test/non_drowsy/a0344.raw,1,0,0,1,False,107.0646,"[0, 255]","[0.0, 0.99609375]",
test/non_drowsy/a0345.raw,1,0,0,1,False,86.1184,"[0, 255]","[0.0, 0.99609375]",
test/non_drowsy/a0346.raw,1,0,0,1,False,110.3922,"[0, 255]","[0.0, 0.99609375]",
test/non_drowsy/a0347.raw,1,0,0,1,False,86.6093,"[0, 255]","[0.0, 0.99609375]",
test/non_drowsy/a0348.raw,1,0,0,1,False,88.2746,"[0, 255]","[0.0, 0.99609375]",
test/non_drowsy/a0349.raw,1,0,0,1,False,106.2674,"[0, 255]","[0.0, 0.99609375]",
test/non_drowsy/a0350.raw,1,0,0,1,False,101.2294,"[0, 255]","[0.0, 0.99609375]",
test/non_drowsy/a0351.raw,1,0,0,1,False,103.0631,"[0, 255]","[0.0, 0.99609375]",
test/non_drowsy/a0352.raw,1,0,0,1,False,103.3972,"[0, 255]","[0.0, 0.99609375]",
test/non_drowsy/a0353.raw,1,0,0,1,False,91.7674,"[0, 255]","[0.0, 0.99609375]",
test/non_drowsy/a0354.raw,1,0,0,1,False,76.7057,"[0, 255]","[0.0, 0.99609375]",
test/non_drowsy/a0355.raw,1,0,0,1,False,83.9088,"[0, 255]","[0.0, 0.99609375]",
test/non_drowsy/a0356.raw,1,0,0,1,False,106.6986,"[0, 255]","[0.0, 0.99609375]",
test/non_drowsy/a0357.raw,1,0,0,1,False,89.2307,"[0, 255]","[0.0, 0.99609375]",
test/non_drowsy/a0358.raw,1,0,0,1,False,91.1691,"[0, 255]","[0.0, 0.99609375]",
test/non_drowsy/a0359.raw,1,0,0,1,False,51.8116,"[0, 255]","[0.0, 0.99609375]",
test/non_drowsy/a0360.raw,1,0,0,1,False,107.6383,"[0, 255]","[0.0, 0.99609375]",
test/non_drowsy/a0361.raw,1,0,0,1,False,122.3132,"[0, 255]","[0.0, 0.99609375]",
test/non_drowsy/a0362.raw,1,0,0,1,False,80.9383,"[0, 255]","[0.0, 0.99609375]",
test/non_drowsy/a0363.raw,1,0,0,1,False,98.8478,"[0, 255]","[0.0, 0.99609375]",
test/non_drowsy/a0364.raw,1,0,0,1,False,104.5009,"[0, 255]","[0.0, 0.99609375]",
test/non_drowsy/a0365.raw,1,0,0,1,False,106.3766,"[0, 255]","[0.0, 0.99609375]",
test/non_drowsy/a0366.raw,1,0,0,1,False,102.56,"[0, 255]","[0.0, 0.99609375]",
test/non_drowsy/a0367.raw,1,0,0,1,False,116.176,"[0, 255]","[0.0, 0.99609375]",
test/non_drowsy/a0368.raw,1,0,0,1,False,60.517,"[0, 255]","[0.0, 0.99609375]",
test/non_drowsy/a0369.raw,1,0,0,1,False,79.7843,"[0, 255]","[0.0, 0.99609375]",
test/non_drowsy/a0370.raw,1,0,0,1,False,93.0141,"[0, 255]","[0.0, 0.99609375]",
test/non_drowsy/a0371.raw,1,0,0,1,False,52.0401,"[0, 255]","[0.0, 0.99609375]",
test/non_drowsy/a0372.raw,1,0,0,1,False,50.7093,"[0, 255]","[0.0, 0.99609375]",
test/non_drowsy/a0373.raw,1,0,0,1,False,95.1183,"[2, 254]","[0.0078125, 0.9921875]",
test/non_drowsy/a0374.raw,1,0,0,1,False,72.0891,"[0, 255]","[0.0, 0.99609375]",
test/non_drowsy/a0375.raw,1,0,0,1,False,63.116,"[0, 255]","[0.0, 0.99609375]",
test/non_drowsy/a0376.raw,1,0,0,1,False,63.4866,"[0, 255]","[0.0, 0.99609375]",
test/non_drowsy/a0377.raw,1,0,0,1,False,94.1035,"[0, 255]","[0.0, 0.99609375]",
test/non_drowsy/a0378.raw,1,0,0,1,False,105.2444,"[0, 255]","[0.0, 0.99609375]",
test/non_drowsy/a0379.raw,1,0,0,1,False,95.7345,"[0, 255]","[0.0, 0.99609375]",
test/non_drowsy/a0380.raw,1,0,0,1,False,102.5752,"[0, 255]","[0.0, 0.99609375]",
test/non_drowsy/a0381.raw,1,0,0,1,False,102.0166,"[0, 255]","[0.0, 0.99609375]",
test/non_drowsy/a0382.raw,1,0,0,1,False,70.756,"[0, 255]","[0.0, 0.99609375]",
test/non_drowsy/a0383.raw,1,0,0,1,False,63.969,"[0, 255]","[0.0, 0.99609375]",
test/non_drowsy/a0384.raw,1,0,0,1,False,69.3503,"[0, 255]","[0.0, 0.99609375]",
test/non_drowsy/a0385.raw,1,1,0,0,False,110.5624,"[151, 105]","[0.58984375, 0.41015625]",
test/non_drowsy/a0386.raw,1,0,0,1,False,107.7163,"[4, 252]","[0.015625, 0.984375]",
test/non_drowsy/a0387.raw,1,0,0,1,False,75.581,"[3, 253]","[0.01171875, 0.98828125]",
test/non_drowsy/a0388.raw,1,0,0,1,False,88.1451,"[1, 255]","[0.00390625, 0.99609375]",
test/non_drowsy/a0389.raw,1,0,0,1,False,75.5167,"[0, 255]","[0.0, 0.99609375]",
test/non_drowsy/a0390.raw,1,0,0,1,False,121.4786,"[4, 252]","[0.015625, 0.984375]",
test/non_drowsy/a0391.raw,1,,0,0,True,119.6847,"[128, 128]","[0.5, 0.5]",
test/non_drowsy/a0392.raw,1,0,0,1,False,54.8549,"[0, 255]","[0.0, 0.99609375]",
test/non_drowsy/a0393.raw,1,0,0,1,False,85.1053,"[6, 250]","[0.0234375, 0.9765625]",
test/non_drowsy/a0394.raw,1,0,0,1,False,52.2822,"[0, 255]","[0.0, 0.99609375]",
test/non_drowsy/a0395.raw,1,0,0,1,False,51.3125,"[0, 255]","[0.0, 0.99609375]",
test/non_drowsy/a0396.raw,1,0,0,1,False,105.5368,"[0, 255]","[0.0, 0.99609375]",
test/non_drowsy/a0397.raw,1,1,0,0,False,53.3077,"[255, 1]","[0.99609375, 0.00390625]",
test/non_drowsy/a0398.raw,1,0,0,1,False,102.9106,"[1, 255]","[0.00390625, 0.99609375]",
test/non_drowsy/a0399.raw,1,0,0,1,False,89.7501,"[0, 255]","[0.0, 0.99609375]",
test/non_drowsy/a0400.raw,1,0,0,1,False,76.0137,"[0, 255]","[0.0, 0.99609375]",
test/non_drowsy/a0401.raw,1,0,0,1,False,94.2593,"[0, 255]","[0.0, 0.99609375]",
test/non_drowsy/a0402.raw,1,0,0,1,False,51.3136,"[0, 255]","[0.0, 0.99609375]",
test/non_drowsy/a0403.raw,1,0,0,1,False,90.3551,"[0, 255]","[0.0, 0.99609375]",
test/non_drowsy/a0404.raw,1,0,0,1,False,93.2922,"[0, 255]","[0.0, 0.99609375]",
test/non_drowsy/a0405.raw,1,0,0,1,False,99.0431,"[0, 255]","[0.0, 0.99609375]",
test/non_drowsy/a0406.raw,1,0,0,1,False,93.1076,"[0, 255]","[0.0, 0.99609375]",
test/non_drowsy/a0407.raw,1,0,0,1,False,111.0016,"[0, 255]","[0.0, 0.99609375]",
test/non_drowsy/a0408.raw,1,0,0,1,False,94.2601,"[0, 255]","[0.0, 0.99609375]",
test/non_drowsy/a0409.raw,1,0,0,1,False,106.0774,"[1, 255]","[0.00390625, 0.99609375]",
test/non_drowsy/a0410.raw,1,0,0,1,False,67.5417,"[0, 255]","[0.0, 0.99609375]",
test/non_drowsy/a0411.raw,1,0,0,1,False,96.3905,"[0, 255]","[0.0, 0.99609375]",
test/non_drowsy/a0412.raw,1,0,0,1,False,92.4709,"[0, 255]","[0.0, 0.99609375]",
test/non_drowsy/a0413.raw,1,0,0,1,False,63.9652,"[0, 255]","[0.0, 0.99609375]",
test/non_drowsy/a0414.raw,1,0,0,1,False,89.8,"[0, 255]","[0.0, 0.99609375]",
test/non_drowsy/a0415.raw,1,0,0,1,False,74.2444,"[1, 255]","[0.00390625, 0.99609375]",
test/non_drowsy/a0416.raw,1,0,0,1,False,71.0205,"[49, 207]","[0.19140625, 0.80859375]",
test/non_drowsy/a0417.raw,1,0,0,1,False,65.3846,"[11, 245]","[0.04296875, 0.95703125]",
test/non_drowsy/a0418.raw,1,0,0,1,False,115.1384,"[15, 241]","[0.05859375, 0.94140625]",
test/non_drowsy/a0419.raw,1,0,0,1,False,121.6272,"[0, 255]","[0.0, 0.99609375]",
test/non_drowsy/a0420.raw,1,0,0,1,False,78.1217,"[0, 255]","[0.0, 0.99609375]",
test/non_drowsy/a0421.raw,1,0,0,1,False,114.3048,"[0, 255]","[0.0, 0.99609375]",
test/non_drowsy/a0422.raw,1,0,0,1,False,98.8303,"[0, 255]","[0.0, 0.99609375]",
test/non_drowsy/a0423.raw,1,0,0,1,False,99.1795,"[3, 253]","[0.01171875, 0.98828125]",
test/non_drowsy/a0424.raw,1,0,0,1,False,123.0866,"[0, 255]","[0.0, 0.99609375]",
test/non_drowsy/a0425.raw,1,0,0,1,False,108.8973,"[0, 255]","[0.0, 0.99609375]",
test/non_drowsy/a0426.raw,1,0,0,1,False,52.1652,"[0, 255]","[0.0, 0.99609375]",
test/non_drowsy/a0427.raw,1,0,0,1,False,81.1101,"[0, 255]","[0.0, 0.99609375]",
test/non_drowsy/a0428.raw,1,0,0,1,False,65.1177,"[0, 255]","[0.0, 0.99609375]",
test/non_drowsy/a0429.raw,1,0,0,1,False,81.6897,"[0, 255]","[0.0, 0.99609375]",
test/non_drowsy/a0430.raw,1,0,0,1,False,116.4738,"[0, 255]","[0.0, 0.99609375]",
test/non_drowsy/a0431.raw,1,0,0,1,False,100.7751,"[0, 255]","[0.0, 0.99609375]",
test/non_drowsy/a0432.raw,1,0,0,1,False,109.0801,"[0, 255]","[0.0, 0.99609375]",
test/non_drowsy/a0433.raw,1,0,0,1,False,75.0893,"[0, 255]","[0.0, 0.99609375]",
test/non_drowsy/a0434.raw,1,1,0,0,False,56.4198,"[252, 4]","[0.984375, 0.015625]",
test/non_drowsy/a0435.raw,1,0,0,1,False,87.9161,"[0, 255]","[0.0, 0.99609375]",
test/non_drowsy/a0436.raw,1,0,0,1,False,79.9748,"[8, 248]","[0.03125, 0.96875]",
test/non_drowsy/a0437.raw,1,0,0,1,False,113.679,"[0, 255]","[0.0, 0.99609375]",
test/non_drowsy/a0438.raw,1,0,0,1,False,153.369,"[0, 255]","[0.0, 0.99609375]",
test/non_drowsy/a0439.raw,1,0,0,1,False,149.7096,"[0, 255]","[0.0, 0.99609375]",
test/non_drowsy/a0440.raw,1,0,0,1,False,68.2327,"[0, 255]","[0.0, 0.99609375]",
test/non_drowsy/a0441.raw,1,0,0,1,False,116.807,"[0, 255]","[0.0, 0.99609375]",
test/non_drowsy/a0442.raw,1,0,0,1,False,66.5735,"[0, 255]","[0.0, 0.99609375]",
test/non_drowsy/a0443.raw,1,0,0,1,False,93.8969,"[0, 255]","[0.0, 0.99609375]",
test/non_drowsy/a0444.raw,1,0,0,1,False,77.2139,"[8, 248]","[0.03125, 0.96875]",
test/non_drowsy/a0445.raw,1,0,0,1,False,81.8623,"[0, 255]","[0.0, 0.99609375]",
test/non_drowsy/a0446.raw,1,0,0,1,False,86.1812,"[0, 255]","[0.0, 0.99609375]",
test/non_drowsy/a0447.raw,1,0,0,1,False,54.7279,"[0, 255]","[0.0, 0.99609375]",
test/non_drowsy/a0448.raw,1,0,0,1,False,75.7751,"[0, 255]","[0.0, 0.99609375]",
test/non_drowsy/a0449.raw,1,0,0,1,False,119.3078,"[0, 255]","[0.0, 0.99609375]",
test/non_drowsy/a0450.raw,1,0,0,1,False,65.5742,"[0, 255]","[0.0, 0.99609375]",
test/non_drowsy/a0451.raw,1,0,0,1,False,126.6658,"[0, 255]","[0.0, 0.99609375]",
test/non_drowsy/a0452.raw,1,0,0,1,False,118.0376,"[0, 255]","[0.0, 0.99609375]",
test/non_drowsy/a0453.raw,1,0,0,1,False,107.642,"[0, 255]","[0.0, 0.99609375]",
test/non_drowsy/a0454.raw,1,0,0,1,False,125.1859,"[0, 255]","[0.0, 0.99609375]",
test/non_drowsy/a0455.raw,1,0,0,1,False,92.6134,"[0, 255]","[0.0, 0.99609375]",
test/non_drowsy/a0456.raw,1,0,0,1,False,63.2608,"[0, 255]","[0.0, 0.99609375]",
test/non_drowsy/a0457.raw,1,0,0,1,False,121.8966,"[0, 255]","[0.0, 0.99609375]",
test/non_drowsy/a0458.raw,1,0,0,1,False,84.6062,"[0, 255]","[0.0, 0.99609375]",
test/non_drowsy/a0459.raw,1,0,0,1,False,82.8913,"[0, 255]","[0.0, 0.99609375]",
test/non_drowsy/a0460.raw,1,0,0,1,False,110.0285,"[0, 255]","[0.0, 0.99609375]",
test/non_drowsy/a0461.raw,1,0,0,1,False,75.5881,"[0, 255]","[0.0, 0.99609375]",
test/non_drowsy/a0462.raw,1,0,0,1,False,51.7608,"[0, 255]","[0.0, 0.99609375]",
test/non_drowsy/a0463.raw,1,0,0,1,False,52.1783,"[0, 255]","[0.0, 0.99609375]",
test/non_drowsy/a0464.raw,1,0,0,1,False,72.266,"[0, 255]","[0.0, 0.99609375]",
test/non_drowsy/a0465.raw,1,0,0,1,False,123.233,"[0, 255]","[0.0, 0.99609375]",
test/non_drowsy/a0466.raw,1,0,0,1,False,84.802,"[0, 255]","[0.0, 0.99609375]",
test/non_drowsy/a0467.raw,1,0,0,1,False,78.0422,"[0, 255]","[0.0, 0.99609375]",
test/non_drowsy/a0468.raw,1,0,0,1,False,55.9474,"[0, 255]","[0.0, 0.99609375]",
test/non_drowsy/a0469.raw,1,0,0,1,False,78.1994,"[1, 255]","[0.00390625, 0.99609375]",
test/non_drowsy/a0470.raw,1,0,0,1,False,119.7313,"[0, 255]","[0.0, 0.99609375]",
test/non_drowsy/a0471.raw,1,0,0,1,False,85.2155,"[0, 255]","[0.0, 0.99609375]",
test/non_drowsy/a0472.raw,1,0,0,1,False,111.4859,"[0, 255]","[0.0, 0.99609375]",
test/non_drowsy/a0473.raw,1,0,0,1,False,115.5359,"[0, 255]","[0.0, 0.99609375]",
test/non_drowsy/a0474.raw,1,0,0,1,False,58.8626,"[0, 255]","[0.0, 0.99609375]",
test/non_drowsy/a0475.raw,1,0,0,1,False,74.0467,"[0, 255]","[0.0, 0.99609375]",
test/non_drowsy/a0476.raw,1,0,0,1,False,74.1126,"[1, 255]","[0.00390625, 0.99609375]",
test/non_drowsy/a0477.raw,1,0,0,1,False,124.556,"[11, 245]","[0.04296875, 0.95703125]",
test/non_drowsy/a0478.raw,1,0,0,1,False,88.3387,"[0, 255]","[0.0, 0.99609375]",
test/non_drowsy/a0479.raw,1,0,0,1,False,114.1523,"[0, 255]","[0.0, 0.99609375]",
test/non_drowsy/a0480.raw,1,0,0,1,False,113.2557,"[1, 255]","[0.00390625, 0.99609375]",
test/non_drowsy/a0481.raw,1,0,0,1,False,51.7381,"[0, 255]","[0.0, 0.99609375]",
test/non_drowsy/a0482.raw,1,0,0,1,False,77.1064,"[1, 255]","[0.00390625, 0.99609375]",
test/non_drowsy/a0483.raw,1,0,0,1,False,94.1391,"[0, 255]","[0.0, 0.99609375]",
test/non_drowsy/a0484.raw,1,0,0,1,False,72.9737,"[0, 255]","[0.0, 0.99609375]",
test/non_drowsy/a0485.raw,1,0,0,1,False,105.3617,"[0, 255]","[0.0, 0.99609375]",
test/non_drowsy/a0486.raw,1,0,0,1,False,59.0618,"[0, 255]","[0.0, 0.99609375]",
test/non_drowsy/a0487.raw,1,0,0,1,False,94.8953,"[0, 255]","[0.0, 0.99609375]",
test/non_drowsy/a0488.raw,1,0,0,1,False,83.2183,"[0, 255]","[0.0, 0.99609375]",
test/non_drowsy/a0489.raw,1,0,0,1,False,95.0113,"[0, 255]","[0.0, 0.99609375]",
test/non_drowsy/a0490.raw,1,0,0,1,False,63.4778,"[0, 255]","[0.0, 0.99609375]",
test/non_drowsy/a0491.raw,1,0,0,1,False,68.1928,"[0, 255]","[0.0, 0.99609375]",
test/non_drowsy/a0492.raw,1,0,0,1,False,50.9386,"[0, 255]","[0.0, 0.99609375]",
test/non_drowsy/a0493.raw,1,0,0,1,False,72.0321,"[0, 255]","[0.0, 0.99609375]",
test/non_drowsy/a0494.raw,1,0,0,1,False,105.2681,"[0, 255]","[0.0, 0.99609375]",
test/non_drowsy/a0495.raw,1,0,0,1,False,65.6282,"[0, 255]","[0.0, 0.99609375]",
test/non_drowsy/a0496.raw,1,0,0,1,False,89.6116,"[0, 255]","[0.0, 0.99609375]",
test/non_drowsy/a0497.raw,1,0,0,1,False,77.6948,"[0, 255]","[0.0, 0.99609375]",
test/non_drowsy/a0498.raw,1,0,0,1,False,64.5256,"[1, 255]","[0.00390625, 0.99609375]",
test/non_drowsy/a0499.raw,1,0,0,1,False,67.3578,"[0, 255]","[0.0, 0.99609375]",
test/non_drowsy/a0500.raw,1,0,0,1,False,68.6835,"[5, 251]","[0.01953125, 0.98046875]",
test/non_drowsy/a0501.raw,1,0,0,1,False,92.8394,"[0, 255]","[0.0, 0.99609375]",
test/non_drowsy/a0502.raw,1,0,0,1,False,81.1706,"[0, 255]","[0.0, 0.99609375]",
test/non_drowsy/a0503.raw,1,0,0,1,False,97.5628,"[0, 255]","[0.0, 0.99609375]",
test/non_drowsy/a0504.raw,1,0,0,1,False,97.2721,"[0, 255]","[0.0, 0.99609375]",
test/non_drowsy/a0505.raw,1,0,0,1,False,98.1738,"[0, 255]","[0.0, 0.99609375]",
test/non_drowsy/a0506.raw,1,0,0,1,False,84.2965,"[0, 255]","[0.0, 0.99609375]",
test/non_drowsy/a0507.raw,1,0,0,1,False,88.5454,"[0, 255]","[0.0, 0.99609375]",
test/non_drowsy/a0508.raw,1,0,0,1,False,93.4006,"[0, 255]","[0.0, 0.99609375]",
test/non_drowsy/a0509.raw,1,0,0,1,False,49.8138,"[0, 255]","[0.0, 0.99609375]",
test/non_drowsy/a0510.raw,1,0,0,1,False,49.9817,"[10, 246]","[0.0390625, 0.9609375]",
test/non_drowsy/a0511.raw,1,0,0,1,False,101.8774,"[0, 255]","[0.0, 0.99609375]",
test/non_drowsy/a0512.raw,1,0,0,1,False,118.836,"[0, 255]","[0.0, 0.99609375]",
test/non_drowsy/a0513.raw,1,0,0,1,False,117.4493,"[0, 255]","[0.0, 0.99609375]",
test/non_drowsy/a0514.raw,1,0,0,1,False,48.3013,"[0, 255]","[0.0, 0.99609375]",
test/non_drowsy/a0515.raw,1,0,0,1,False,52.303,"[7, 249]","[0.02734375, 0.97265625]",
test/non_drowsy/a0516.raw,1,0,0,1,False,97.8385,"[0, 255]","[0.0, 0.99609375]",
test/non_drowsy/a0517.raw,1,0,0,1,False,83.4042,"[0, 255]","[0.0, 0.99609375]",
test/non_drowsy/a0518.raw,1,0,0,1,False,96.3374,"[0, 255]","[0.0, 0.99609375]",
test/non_drowsy/a0519.raw,1,0,0,1,False,105.1841,"[0, 255]","[0.0, 0.99609375]",
test/non_drowsy/a0520.raw,1,0,0,1,False,80.3525,"[0, 255]","[0.0, 0.99609375]",
test/non_drowsy/a0521.raw,1,0,0,1,False,92.5016,"[0, 255]","[0.0, 0.99609375]",
test/non_drowsy/a0522.raw,1,0,0,1,False,107.4233,"[0, 255]","[0.0, 0.99609375]",
test/non_drowsy/a0523.raw,1,0,0,1,False,104.2073,"[0, 255]","[0.0, 0.99609375]",
test/non_drowsy/a0524.raw,1,0,0,1,False,98.9617,"[0, 255]","[0.0, 0.99609375]",
test/non_drowsy/a0525.raw,1,0,0,1,False,93.1528,"[0, 255]","[0.0, 0.99609375]",
test/non_drowsy/a0526.raw,1,0,0,1,False,116.1871,"[0, 255]","[0.0, 0.99609375]",
test/non_drowsy/a0527.raw,1,0,0,1,False,79.7788,"[0, 255]","[0.0, 0.99609375]",
test/non_drowsy/a0528.raw,1,0,0,1,False,68.8004,"[0, 255]","[0.0, 0.99609375]",
test/non_drowsy/a0529.raw,1,0,0,1,False,51.6273,"[0, 255]","[0.0, 0.99609375]",
test/non_drowsy/a0530.raw,1,0,0,1,False,77.0732,"[0, 255]","[0.0, 0.99609375]",
test/non_drowsy/a0531.raw,1,0,0,1,False,115.7509,"[0, 255]","[0.0, 0.99609375]",
test/non_drowsy/a0532.raw,1,0,0,1,False,113.693,"[0, 255]","[0.0, 0.99609375]",
test/non_drowsy/a0533.raw,1,0,0,1,False,106.7307,"[0, 255]","[0.0, 0.99609375]",
test/non_drowsy/a0534.raw,1,0,0,1,False,129.3794,"[0, 255]","[0.0, 0.99609375]",
test/non_drowsy/a0535.raw,1,0,0,1,False,91.3048,"[0, 255]","[0.0, 0.99609375]",
test/non_drowsy/a0536.raw,1,0,0,1,False,71.6277,"[0, 255]","[0.0, 0.99609375]",
test/non_drowsy/a0537.raw,1,0,0,1,False,51.1413,"[0, 255]","[0.0, 0.99609375]",
test/non_drowsy/a0538.raw,1,0,0,1,False,69.817,"[0, 255]","[0.0, 0.99609375]",
test/non_drowsy/a0539.raw,1,0,0,1,False,97.8349,"[0, 255]","[0.0, 0.99609375]",
test/non_drowsy/a0540.raw,1,0,0,1,False,92.2013,"[0, 255]","[0.0, 0.99609375]",
test/non_drowsy/a0541.raw,1,0,0,1,False,117.4065,"[0, 255]","[0.0, 0.99609375]",
test/non_drowsy/a0542.raw,1,0,0,1,False,82.8446,"[0, 255]","[0.0, 0.99609375]",
test/non_drowsy/a0543.raw,1,0,0,1,False,96.5789,"[0, 255]","[0.0, 0.99609375]",
test/non_drowsy/a0544.raw,1,0,0,1,False,104.9987,"[0, 255]","[0.0, 0.99609375]",
test/non_drowsy/a0545.raw,1,0,0,1,False,93.3114,"[0, 255]","[0.0, 0.99609375]",
test/non_drowsy/a0546.raw,1,0,0,1,False,53.0958,"[0, 255]","[0.0, 0.99609375]",
test/non_drowsy/a0547.raw,1,0,0,1,False,52.3719,"[0, 255]","[0.0, 0.99609375]",
test/non_drowsy/a0548.raw,1,0,0,1,False,57.0325,"[0, 255]","[0.0, 0.99609375]",
test/non_drowsy/a0549.raw,1,0,0,1,False,63.2933,"[0, 255]","[0.0, 0.99609375]",
test/non_drowsy/a0550.raw,1,0,0,1,False,61.4753,"[0, 255]","[0.0, 0.99609375]",
test/non_drowsy/a0551.raw,1,0,0,1,False,82.0086,"[0, 255]","[0.0, 0.99609375]",
test/non_drowsy/a0552.raw,1,0,0,1,False,115.9276,"[0, 255]","[0.0, 0.99609375]",
test/non_drowsy/a0553.raw,1,0,0,1,False,74.7122,"[0, 255]","[0.0, 0.99609375]",
test/non_drowsy/a0554.raw,1,0,0,1,False,51.7038,"[0, 255]","[0.0, 0.99609375]",
test/non_drowsy/a0555.raw,1,0,0,1,False,51.8223,"[0, 255]","[0.0, 0.99609375]",
test/non_drowsy/a0556.raw,1,0,0,1,False,51.564,"[0, 255]","[0.0, 0.99609375]",
test/non_drowsy/a0557.raw,1,0,0,1,False,51.4039,"[0, 255]","[0.0, 0.99609375]",
test/non_drowsy/a0558.raw,1,0,0,1,False,64.8524,"[54, 202]","[0.2109375, 0.7890625]",
test/non_drowsy/a0559.raw,1,0,0,1,False,96.5187,"[5, 251]","[0.01953125, 0.98046875]",
test/non_drowsy/a0560.raw,1,0,0,1,False,86.3823,"[1, 255]","[0.00390625, 0.99609375]",
test/non_drowsy/a0561.raw,1,0,0,1,False,59.9139,"[0, 255]","[0.0, 0.99609375]",
test/non_drowsy/a0562.raw,1,0,0,1,False,70.2949,"[0, 255]","[0.0, 0.99609375]",
test/non_drowsy/a0563.raw,1,0,0,1,False,95.3507,"[0, 255]","[0.0, 0.99609375]",
test/non_drowsy/a0564.raw,1,0,0,1,False,116.1639,"[0, 255]","[0.0, 0.99609375]",
test/non_drowsy/a0565.raw,1,0,0,1,False,93.5677,"[0, 255]","[0.0, 0.99609375]",
test/non_drowsy/a0566.raw,1,0,0,1,False,74.1868,"[0, 255]","[0.0, 0.99609375]",
test/non_drowsy/a0567.raw,1,0,0,1,False,67.6938,"[0, 255]","[0.0, 0.99609375]",
test/non_drowsy/a0568.raw,1,0,0,1,False,110.4915,"[0, 255]","[0.0, 0.99609375]",
test/non_drowsy/a0569.raw,1,0,0,1,False,57.3311,"[0, 255]","[0.0, 0.99609375]",
test/non_drowsy/a0570.raw,1,0,0,1,False,82.3341,"[0, 255]","[0.0, 0.99609375]",
test/non_drowsy/a0571.raw,1,0,0,1,False,92.1437,"[0, 255]","[0.0, 0.99609375]",
test/non_drowsy/a0572.raw,1,0,0,1,False,57.6623,"[0, 255]","[0.0, 0.99609375]",
test/non_drowsy/a0573.raw,1,0,0,1,False,68.4636,"[0, 255]","[0.0, 0.99609375]",
test/non_drowsy/a0574.raw,1,0,0,1,False,73.9523,"[0, 255]","[0.0, 0.99609375]",
test/non_drowsy/a0575.raw,1,0,0,1,False,87.8951,"[0, 255]","[0.0, 0.99609375]",
test/non_drowsy/a0576.raw,1,0,0,1,False,99.6929,"[0, 255]","[0.0, 0.99609375]",
test/non_drowsy/a0577.raw,1,0,0,1,False,82.7248,"[0, 255]","[0.0, 0.99609375]",
test/non_drowsy/a0578.raw,1,0,0,1,False,75.8776,"[0, 255]","[0.0, 0.99609375]",
test/non_drowsy/a0579.raw,1,0,0,1,False,113.0559,"[0, 255]","[0.0, 0.99609375]",
test/non_drowsy/a0580.raw,1,0,0,1,False,101.3997,"[0, 255]","[0.0, 0.99609375]",
test/non_drowsy/a0581.raw,1,0,0,1,False,63.126,"[0, 255]","[0.0, 0.99609375]",
test/non_drowsy/a0582.raw,1,0,0,1,False,110.0037,"[0, 255]","[0.0, 0.99609375]",
test/non_drowsy/a0583.raw,1,0,0,1,False,69.0156,"[0, 255]","[0.0, 0.99609375]",
test/non_drowsy/a0584.raw,1,0,0,1,False,53.3389,"[0, 255]","[0.0, 0.99609375]",
test/non_drowsy/a0585.raw,1,0,0,1,False,104.9533,"[0, 255]","[0.0, 0.99609375]",
test/non_drowsy/a0586.raw,1,0,0,1,False,116.0509,"[0, 255]","[0.0, 0.99609375]",
test/non_drowsy/a0587.raw,1,0,0,1,False,73.0364,"[0, 255]","[0.0, 0.99609375]",
test/non_drowsy/a0588.raw,1,0,0,1,False,67.6893,"[0, 255]","[0.0, 0.99609375]",
test/non_drowsy/a0589.raw,1,0,0,1,False,63.4596,"[0, 255]","[0.0, 0.99609375]",
test/non_drowsy/a0590.raw,1,0,0,1,False,101.4438,"[0, 255]","[0.0, 0.99609375]",
test/non_drowsy/a0591.raw,1,0,0,1,False,98.6548,"[0, 255]","[0.0, 0.99609375]",
test/non_drowsy/a0592.raw,1,0,0,1,False,102.3053,"[0, 255]","[0.0, 0.99609375]",
test/non_drowsy/a0593.raw,1,0,0,1,False,83.7333,"[0, 255]","[0.0, 0.99609375]",
test/non_drowsy/a0594.raw,1,0,0,1,False,103.9018,"[0, 255]","[0.0, 0.99609375]",
test/non_drowsy/a0595.raw,1,0,0,1,False,68.1533,"[0, 255]","[0.0, 0.99609375]",
test/non_drowsy/a0596.raw,1,0,0,1,False,61.1643,"[0, 255]","[0.0, 0.99609375]",
test/non_drowsy/a0597.raw,1,0,0,1,False,54.7811,"[0, 255]","[0.0, 0.99609375]",
test/non_drowsy/a0598.raw,1,0,0,1,False,94.4661,"[4, 252]","[0.015625, 0.984375]",
test/non_drowsy/a0599.raw,1,0,0,1,False,67.4794,"[0, 255]","[0.0, 0.99609375]",
test/non_drowsy/a0600.raw,1,0,0,1,False,51.7101,"[0, 255]","[0.0, 0.99609375]",
test/non_drowsy/a0601.raw,1,0,0,1,False,52.6785,"[0, 255]","[0.0, 0.99609375]",
test/non_drowsy/a0602.raw,1,0,0,1,False,81.2262,"[0, 255]","[0.0, 0.99609375]",
test/non_drowsy/a0603.raw,1,0,0,1,False,79.4768,"[0, 255]","[0.0, 0.99609375]",
test/non_drowsy/a0604.raw,1,0,0,1,False,80.4809,"[0, 255]","[0.0, 0.99609375]",
test/non_drowsy/a0605.raw,1,0,0,1,False,65.3705,"[0, 255]","[0.0, 0.99609375]",
test/non_drowsy/a0606.raw,1,0,0,1,False,79.0899,"[0, 255]","[0.0, 0.99609375]",
test/non_drowsy/a0607.raw,1,0,0,1,False,85.7438,"[0, 255]","[0.0, 0.99609375]",
test/non_drowsy/a0608.raw,1,0,0,1,False,118.7888,"[0, 255]","[0.0, 0.99609375]",
test/non_drowsy/a0609.raw,1,0,0,1,False,53.6817,"[0, 255]","[0.0, 0.99609375]",
test/non_drowsy/a0610.raw,1,0,0,1,False,89.2114,"[0, 255]","[0.0, 0.99609375]",
test/non_drowsy/a0611.raw,1,0,0,1,False,61.0346,"[0, 255]","[0.0, 0.99609375]",
test/non_drowsy/a0612.raw,1,0,0,1,False,56.3674,"[0, 255]","[0.0, 0.99609375]",
test/non_drowsy/a0613.raw,1,0,0,1,False,114.819,"[0, 255]","[0.0, 0.99609375]",
test/non_drowsy/a0614.raw,1,0,0,1,False,108.9298,"[0, 255]","[0.0, 0.99609375]",
test/non_drowsy/a0615.raw,1,0,0,1,False,86.1872,"[0, 255]","[0.0, 0.99609375]",
test/non_drowsy/a0616.raw,1,0,0,1,False,93.3108,"[0, 255]","[0.0, 0.99609375]",
test/non_drowsy/a0617.raw,1,0,0,1,False,56.0696,"[0, 255]","[0.0, 0.99609375]",
test/non_drowsy/a0618.raw,1,0,0,1,False,60.49,"[0, 255]","[0.0, 0.99609375]",
test/non_drowsy/a0619.raw,1,0,0,1,False,80.8206,"[0, 255]","[0.0, 0.99609375]",
test/non_drowsy/a0620.raw,1,0,0,1,False,105.1677,"[3, 253]","[0.01171875, 0.98828125]",
test/non_drowsy/a0621.raw,1,0,0,1,False,83.5396,"[0, 255]","[0.0, 0.99609375]",
test/non_drowsy/a0622.raw,1,0,0,1,False,52.8731,"[0, 255]","[0.0, 0.99609375]",
test/non_drowsy/a0623.raw,1,0,0,1,False,55.8688,"[0, 255]","[0.0, 0.99609375]",
test/non_drowsy/a0624.raw,1,0,0,1,False,66.0455,"[0, 255]","[0.0, 0.99609375]",
test/non_drowsy/a0625.raw,1,0,0,1,False,79.3002,"[0, 255]","[0.0, 0.99609375]",
test/non_drowsy/a0626.raw,1,0,0,1,False,89.8475,"[0, 255]","[0.0, 0.99609375]",
test/non_drowsy/a0627.raw,1,0,0,1,False,57.9948,"[0, 255]","[0.0, 0.99609375]",
test/non_drowsy/a0628.raw,1,0,0,1,False,65.8459,"[0, 255]","[0.0, 0.99609375]",
test/non_drowsy/a0629.raw,1,0,0,1,False,114.4586,"[0, 255]","[0.0, 0.99609375]",
test/non_drowsy/a0630.raw,1,0,0,1,False,94.9346,"[0, 255]","[0.0, 0.99609375]",
test/non_drowsy/a0631.raw,1,0,0,1,False,55.8,"[0, 255]","[0.0, 0.99609375]",
test/non_drowsy/a0632.raw,1,0,0,1,False,100.4524,"[0, 255]","[0.0, 0.99609375]",
test/non_drowsy/a0633.raw,1,0,0,1,False,116.6327,"[0, 255]","[0.0, 0.99609375]",
test/non_drowsy/a0634.raw,1,0,0,1,False,109.3294,"[0, 255]","[0.0, 0.99609375]",
test/non_drowsy/a0635.raw,1,0,0,1,False,74.1212,"[0, 255]","[0.0, 0.99609375]",
test/non_drowsy/a0636.raw,1,0,0,1,False,112.6597,"[0, 255]","[0.0, 0.99609375]",
test/non_drowsy/a0637.raw,1,0,0,1,False,64.9359,"[0, 255]","[0.0, 0.99609375]",
test/non_drowsy/a0638.raw,1,0,0,1,False,52.5488,"[0, 255]","[0.0, 0.99609375]",
test/non_drowsy/a0639.raw,1,0,0,1,False,75.8391,"[0, 255]","[0.0, 0.99609375]",
test/non_drowsy/a0640.raw,1,0,0,1,False,69.2853,"[0, 255]","[0.0, 0.99609375]",
test/non_drowsy/a0641.raw,1,0,0,1,False,73.8429,"[0, 255]","[0.0, 0.99609375]",
test/non_drowsy/a0642.raw,1,0,0,1,False,85.0649,"[0, 255]","[0.0, 0.99609375]",
test/non_drowsy/a0643.raw,1,0,0,1,False,110.7913,"[0, 255]","[0.0, 0.99609375]",
test/non_drowsy/a0644.raw,1,0,0,1,False,87.8988,"[0, 255]","[0.0, 0.99609375]",
test/non_drowsy/a0645.raw,1,0,0,1,False,100.7206,"[0, 255]","[0.0, 0.99609375]",
test/non_drowsy/a0646.raw,1,0,0,1,False,111.8263,"[0, 255]","[0.0, 0.99609375]",
test/non_drowsy/a0647.raw,1,0,0,1,False,79.3016,"[0, 255]","[0.0, 0.99609375]",
test/non_drowsy/a0648.raw,1,0,0,1,False,112.6199,"[0, 255]","[0.0, 0.99609375]",
test/non_drowsy/a0649.raw,1,0,0,1,False,53.1343,"[0, 255]","[0.0, 0.99609375]",
test/non_drowsy/a0650.raw,1,0,0,1,False,82.3013,"[0, 255]","[0.0, 0.99609375]",
test/non_drowsy/a0651.raw,1,0,0,1,False,84.4436,"[0, 255]","[0.0, 0.99609375]",
test/non_drowsy/a0652.raw,1,0,0,1,False,84.1253,"[0, 255]","[0.0, 0.99609375]",
test/non_drowsy/a0653.raw,1,0,0,1,False,51.751,"[1, 255]","[0.00390625, 0.99609375]",
test/non_drowsy/a0654.raw,1,0,0,1,False,90.2606,"[0, 255]","[0.0, 0.99609375]",
test/non_drowsy/a0655.raw,1,0,0,1,False,82.0325,"[0, 255]","[0.0, 0.99609375]",
test/non_drowsy/a0656.raw,1,0,0,1,False,84.8623,"[0, 255]","[0.0, 0.99609375]",
test/non_drowsy/a0657.raw,1,0,0,1,False,57.1076,"[0, 255]","[0.0, 0.99609375]",
test/non_drowsy/a0658.raw,1,0,0,1,False,74.8415,"[0, 255]","[0.0, 0.99609375]",
test/non_drowsy/a0659.raw,1,0,0,1,False,59.0928,"[0, 255]","[0.0, 0.99609375]",
test/non_drowsy/a0660.raw,1,0,0,1,False,49.8746,"[0, 255]","[0.0, 0.99609375]",
test/non_drowsy/a0661.raw,1,0,0,1,False,50.8291,"[0, 255]","[0.0, 0.99609375]",
test/non_drowsy/a0662.raw,1,0,0,1,False,93.9303,"[0, 255]","[0.0, 0.99609375]",
test/non_drowsy/a0663.raw,1,0,0,1,False,80.0615,"[0, 255]","[0.0, 0.99609375]",
test/non_drowsy/a0664.raw,1,0,0,1,False,95.4813,"[0, 255]","[0.0, 0.99609375]",
test/non_drowsy/a0665.raw,1,0,0,1,False,119.2372,"[0, 255]","[0.0, 0.99609375]",
test/non_drowsy/a0666.raw,1,0,0,1,False,94.8236,"[0, 255]","[0.0, 0.99609375]",
test/non_drowsy/a0667.raw,1,0,0,1,False,87.2202,"[0, 255]","[0.0, 0.99609375]",
test/non_drowsy/a0668.raw,1,0,0,1,False,70.4383,"[0, 255]","[0.0, 0.99609375]",
test/non_drowsy/a0669.raw,1,0,0,1,False,111.4705,"[0, 255]","[0.0, 0.99609375]",
test/non_drowsy/a0670.raw,1,0,0,1,False,112.0253,"[0, 255]","[0.0, 0.99609375]",
test/non_drowsy/a0671.raw,1,0,0,1,False,51.4928,"[0, 255]","[0.0, 0.99609375]",
test/non_drowsy/a0672.raw,1,0,0,1,False,87.3542,"[0, 255]","[0.0, 0.99609375]",
test/non_drowsy/a0673.raw,1,0,0,1,False,81.1287,"[0, 255]","[0.0, 0.99609375]",
test/non_drowsy/a0674.raw,1,0,0,1,False,79.5807,"[0, 255]","[0.0, 0.99609375]",
test/non_drowsy/a0675.raw,1,0,0,1,False,51.1621,"[0, 255]","[0.0, 0.99609375]",
test/non_drowsy/a0676.raw,1,0,0,1,False,80.239,"[0, 255]","[0.0, 0.99609375]",
test/non_drowsy/a0677.raw,1,0,0,1,False,51.2894,"[0, 255]","[0.0, 0.99609375]",
test/non_drowsy/a0678.raw,1,0,0,1,False,51.6396,"[0, 255]","[0.0, 0.99609375]",
test/non_drowsy/a0679.raw,1,0,0,1,False,92.9163,"[0, 255]","[0.0, 0.99609375]",
test/non_drowsy/a0680.raw,1,0,0,1,False,77.8143,"[0, 255]","[0.0, 0.99609375]",
test/non_drowsy/a0681.raw,1,0,0,1,False,80.4543,"[0, 255]","[0.0, 0.99609375]",
test/non_drowsy/a0682.raw,1,0,0,1,False,106.0227,"[0, 255]","[0.0, 0.99609375]",
test/non_drowsy/a0683.raw,1,0,0,1,False,88.0649,"[0, 255]","[0.0, 0.99609375]",
test/non_drowsy/a0684.raw,1,0,0,1,False,54.42,"[0, 255]","[0.0, 0.99609375]",
test/non_drowsy/a0685.raw,1,0,0,1,False,92.6946,"[0, 255]","[0.0, 0.99609375]",
test/non_drowsy/a0686.raw,1,0,0,1,False,116.8278,"[0, 255]","[0.0, 0.99609375]",
test/non_drowsy/a0687.raw,1,0,0,1,False,76.1301,"[0, 255]","[0.0, 0.99609375]",
test/non_drowsy/a0688.raw,1,0,0,1,False,94.5412,"[0, 255]","[0.0, 0.99609375]",
test/non_drowsy/a0689.raw,1,0,0,1,False,100.2739,"[0, 255]","[0.0, 0.99609375]",
test/non_drowsy/a0690.raw,1,0,0,1,False,72.2581,"[0, 255]","[0.0, 0.99609375]",
test/non_drowsy/a0691.raw,1,0,0,1,False,75.8472,"[0, 255]","[0.0, 0.99609375]",
test/non_drowsy/a0692.raw,1,0,0,1,False,99.9821,"[0, 255]","[0.0, 0.99609375]",
test/non_drowsy/a0693.raw,1,0,0,1,False,99.5516,"[0, 255]","[0.0, 0.99609375]",
test/non_drowsy/a0694.raw,1,0,0,1,False,124.0679,"[0, 255]","[0.0, 0.99609375]",
test/non_drowsy/a0695.raw,1,0,0,1,False,107.8691,"[0, 255]","[0.0, 0.99609375]",
test/non_drowsy/a0696.raw,1,0,0,1,False,96.6257,"[0, 255]","[0.0, 0.99609375]",
test/non_drowsy/a0697.raw,1,0,0,1,False,88.0498,"[0, 255]","[0.0, 0.99609375]",
test/non_drowsy/a0698.raw,1,0,0,1,False,86.7422,"[0, 255]","[0.0, 0.99609375]",
test/non_drowsy/a0699.raw,1,0,0,1,False,50.9147,"[0, 255]","[0.0, 0.99609375]",
test/non_drowsy/a0700.raw,1,0,0,1,False,59.7929,"[0, 255]","[0.0, 0.99609375]",
test/non_drowsy/a0701.raw,1,0,0,1,False,102.4055,"[0, 255]","[0.0, 0.99609375]",
test/non_drowsy/a0702.raw,1,0,0,1,False,102.9034,"[0, 255]","[0.0, 0.99609375]",
test/non_drowsy/a0703.raw,1,0,0,1,False,100.3919,"[0, 255]","[0.0, 0.99609375]",
test/non_drowsy/a0704.raw,1,0,0,1,False,75.486,"[0, 255]","[0.0, 0.99609375]",
test/non_drowsy/a0705.raw,1,0,0,1,False,86.953,"[0, 255]","[0.0, 0.99609375]",
test/non_drowsy/a0706.raw,1,0,0,1,False,60.7752,"[0, 255]","[0.0, 0.99609375]",
test/non_drowsy/a0707.raw,1,0,0,1,False,81.9952,"[0, 255]","[0.0, 0.99609375]",
test/non_drowsy/a0708.raw,1,0,0,1,False,78.5393,"[0, 255]","[0.0, 0.99609375]",
test/non_drowsy/a0709.raw,1,0,0,1,False,64.3073,"[0, 255]","[0.0, 0.99609375]",
test/non_drowsy/a0710.raw,1,0,0,1,False,97.718,"[0, 255]","[0.0, 0.99609375]",
test/non_drowsy/a0711.raw,1,0,0,1,False,96.3559,"[0, 255]","[0.0, 0.99609375]",
test/non_drowsy/a0712.raw,1,0,0,1,False,80.6528,"[0, 255]","[0.0, 0.99609375]",
test/non_drowsy/a0713.raw,1,0,0,1,False,107.9467,"[2, 254]","[0.0078125, 0.9921875]",
test/non_drowsy/a0714.raw,1,0,0,1,False,113.7161,"[0, 255]","[0.0, 0.99609375]",
test/non_drowsy/a0715.raw,1,0,0,1,False,111.3081,"[0, 255]","[0.0, 0.99609375]",
test/non_drowsy/a0716.raw,1,0,0,1,False,125.6708,"[0, 255]","[0.0, 0.99609375]",
test/non_drowsy/a0717.raw,1,0,0,1,False,102.4625,"[0, 255]","[0.0, 0.99609375]",
test/non_drowsy/a0718.raw,1,0,0,1,False,80.1041,"[0, 255]","[0.0, 0.99609375]",
test/non_drowsy/a0719.raw,1,0,0,1,False,77.9835,"[1, 255]","[0.00390625, 0.99609375]",
test/non_drowsy/a0720.raw,1,0,0,1,False,67.3045,"[0, 255]","[0.0, 0.99609375]",
test/non_drowsy/a0721.raw,1,0,0,1,False,71.6932,"[0, 255]","[0.0, 0.99609375]",
test/non_drowsy/a0722.raw,1,0,0,1,False,105.3109,"[0, 255]","[0.0, 0.99609375]",
test/non_drowsy/a0723.raw,1,0,0,1,False,126.2575,"[11, 245]","[0.04296875, 0.95703125]",
test/non_drowsy/a0724.raw,1,0,0,1,False,89.011,"[0, 255]","[0.0, 0.99609375]",
test/non_drowsy/a0725.raw,1,0,0,1,False,51.6166,"[0, 255]","[0.0, 0.99609375]",
test/non_drowsy/a0726.raw,1,0,0,1,False,74.9362,"[2, 254]","[0.0078125, 0.9921875]",
test/non_drowsy/a0727.raw,1,0,0,1,False,50.1471,"[0, 255]","[0.0, 0.99609375]",
test/non_drowsy/a0728.raw,1,0,0,1,False,95.2874,"[0, 255]","[0.0, 0.99609375]",
test/non_drowsy/a0729.raw,1,0,0,1,False,116.0473,"[0, 255]","[0.0, 0.99609375]",
test/non_drowsy/a0730.raw,1,0,0,1,False,84.0586,"[0, 255]","[0.0, 0.99609375]",
test/non_drowsy/a0731.raw,1,0,0,1,False,115.944,"[0, 255]","[0.0, 0.99609375]",
test/non_drowsy/a0732.raw,1,0,0,1,False,103.1679,"[0, 255]","[0.0, 0.99609375]",
test/non_drowsy/a0733.raw,1,0,0,1,False,121.6988,"[0, 255]","[0.0, 0.99609375]",
test/non_drowsy/a0734.raw,1,0,0,1,False,118.025,"[0, 255]","[0.0, 0.99609375]",
test/non_drowsy/a0735.raw,1,0,0,1,False,108.2273,"[0, 255]","[0.0, 0.99609375]",
test/non_drowsy/a0736.raw,1,0,0,1,False,104.5041,"[0, 255]","[0.0, 0.99609375]",
test/non_drowsy/a0737.raw,1,0,0,1,False,76.221,"[0, 255]","[0.0, 0.99609375]",
test/non_drowsy/a0738.raw,1,0,0,1,False,53.8677,"[5, 251]","[0.01953125, 0.98046875]",
test/non_drowsy/a0739.raw,1,0,0,1,False,90.4591,"[1, 255]","[0.00390625, 0.99609375]",
test/non_drowsy/a0740.raw,1,0,0,1,False,90.7697,"[1, 255]","[0.00390625, 0.99609375]",
test/non_drowsy/a0741.raw,1,0,0,1,False,58.7409,"[0, 255]","[0.0, 0.99609375]",
test/non_drowsy/a0742.raw,1,0,0,1,False,88.3791,"[0, 255]","[0.0, 0.99609375]",
test/non_drowsy/a0743.raw,1,0,0,1,False,90.6906,"[0, 255]","[0.0, 0.99609375]",
test/non_drowsy/a0744.raw,1,0,0,1,False,131.4804,"[0, 255]","[0.0, 0.99609375]",
test/non_drowsy/a0745.raw,1,0,0,1,False,76.5758,"[2, 254]","[0.0078125, 0.9921875]",
test/non_drowsy/a0746.raw,1,0,0,1,False,74.7302,"[0, 255]","[0.0, 0.99609375]",
test/non_drowsy/a0747.raw,1,0,0,1,False,103.6825,"[0, 255]","[0.0, 0.99609375]",
test/non_drowsy/a0748.raw,1,0,0,1,False,77.1592,"[0, 255]","[0.0, 0.99609375]",
test/non_drowsy/a0749.raw,1,0,0,1,False,62.2449,"[0, 255]","[0.0, 0.99609375]",
test/non_drowsy/a0750.raw,1,0,0,1,False,105.4745,"[0, 255]","[0.0, 0.99609375]",
test/non_drowsy/a0751.raw,1,0,0,1,False,55.5997,"[0, 255]","[0.0, 0.99609375]",
test/non_drowsy/a0752.raw,1,0,0,1,False,53.6709,"[0, 255]","[0.0, 0.99609375]",
test/non_drowsy/a0753.raw,1,0,0,1,False,58.8602,"[0, 255]","[0.0, 0.99609375]",
test/non_drowsy/a0754.raw,1,0,0,1,False,108.1652,"[0, 255]","[0.0, 0.99609375]",
test/non_drowsy/a0755.raw,1,0,0,1,False,113.1409,"[0, 255]","[0.0, 0.99609375]",
test/non_drowsy/a0756.raw,1,0,0,1,False,112.599,"[0, 255]","[0.0, 0.99609375]",
test/non_drowsy/a0757.raw,1,0,0,1,False,114.8936,"[0, 255]","[0.0, 0.99609375]",
test/non_drowsy/a0758.raw,1,0,0,1,False,85.0321,"[0, 255]","[0.0, 0.99609375]",
test/non_drowsy/a0759.raw,1,0,0,1,False,81.126,"[0, 255]","[0.0, 0.99609375]",
test/non_drowsy/a0760.raw,1,0,0,1,False,108.9121,"[0, 255]","[0.0, 0.99609375]",
test/non_drowsy/a0761.raw,1,0,0,1,False,75.1741,"[0, 255]","[0.0, 0.99609375]",
test/non_drowsy/a0762.raw,1,0,0,1,False,62.2613,"[0, 255]","[0.0, 0.99609375]",
test/non_drowsy/a0763.raw,1,0,0,1,False,81.9355,"[0, 255]","[0.0, 0.99609375]",
test/non_drowsy/a0764.raw,1,0,0,1,False,71.16,"[0, 255]","[0.0, 0.99609375]",
test/non_drowsy/a0765.raw,1,0,0,1,False,77.6093,"[0, 255]","[0.0, 0.99609375]",
test/non_drowsy/a0766.raw,1,0,0,1,False,65.741,"[0, 255]","[0.0, 0.99609375]",
test/non_drowsy/a0767.raw,1,0,0,1,False,109.1803,"[0, 255]","[0.0, 0.99609375]",
test/non_drowsy/a0768.raw,1,0,0,1,False,124.8226,"[0, 255]","[0.0, 0.99609375]",
test/non_drowsy/a0769.raw,1,0,0,1,False,105.7067,"[3, 253]","[0.01171875, 0.98828125]",
test/non_drowsy/a0770.raw,1,0,0,1,False,72.8019,"[0, 255]","[0.0, 0.99609375]",
test/non_drowsy/a0771.raw,1,0,0,1,False,72.676,"[0, 255]","[0.0, 0.99609375]",
test/non_drowsy/a0772.raw,1,0,0,1,False,104.4019,"[0, 255]","[0.0, 0.99609375]",
test/non_drowsy/a0773.raw,1,0,0,1,False,83.252,"[0, 255]","[0.0, 0.99609375]",
test/non_drowsy/a0774.raw,1,0,0,1,False,120.5155,"[0, 255]","[0.0, 0.99609375]",
test/non_drowsy/a0775.raw,1,0,0,1,False,91.9622,"[0, 255]","[0.0, 0.99609375]",
test/non_drowsy/a0776.raw,1,0,0,1,False,115.0029,"[0, 255]","[0.0, 0.99609375]",
test/non_drowsy/a0777.raw,1,0,0,1,False,79.5082,"[0, 255]","[0.0, 0.99609375]",
test/non_drowsy/a0778.raw,1,0,0,1,False,70.9978,"[0, 255]","[0.0, 0.99609375]",
test/non_drowsy/a0779.raw,1,0,0,1,False,110.0477,"[0, 255]","[0.0, 0.99609375]",
test/non_drowsy/a0780.raw,1,0,0,1,False,55.1243,"[0, 255]","[0.0, 0.99609375]",
test/non_drowsy/a0781.raw,1,0,0,1,False,52.963,"[0, 255]","[0.0, 0.99609375]",
test/non_drowsy/a0782.raw,1,0,0,1,False,101.2906,"[0, 255]","[0.0, 0.99609375]",
test/non_drowsy/a0783.raw,1,0,0,1,False,101.6393,"[0, 255]","[0.0, 0.99609375]",
test/non_drowsy/a0784.raw,1,0,0,1,False,73.4521,"[0, 255]","[0.0, 0.99609375]",
test/non_drowsy/a0785.raw,1,0,0,1,False,58.9931,"[0, 255]","[0.0, 0.99609375]",
test/non_drowsy/a0786.raw,1,0,0,1,False,51.7252,"[0, 255]","[0.0, 0.99609375]",
test/non_drowsy/a0787.raw,1,0,0,1,False,76.8041,"[0, 255]","[0.0, 0.99609375]",
test/non_drowsy/a0788.raw,1,0,0,1,False,74.4171,"[0, 255]","[0.0, 0.99609375]",
test/non_drowsy/a0789.raw,1,0,0,1,False,51.7852,"[0, 255]","[0.0, 0.99609375]",
test/non_drowsy/a0790.raw,1,0,0,1,False,79.378,"[0, 255]","[0.0, 0.99609375]",
test/non_drowsy/a0791.raw,1,0,0,1,False,85.906,"[0, 255]","[0.0, 0.99609375]",
test/non_drowsy/a0792.raw,1,0,0,1,False,89.9058,"[0, 255]","[0.0, 0.99609375]",
test/non_drowsy/a0793.raw,1,0,0,1,False,74.9397,"[0, 255]","[0.0, 0.99609375]",
test/non_drowsy/a0794.raw,1,0,0,1,False,56.2609,"[0, 255]","[0.0, 0.99609375]",
test/non_drowsy/a0795.raw,1,0,0,1,False,62.7638,"[0, 255]","[0.0, 0.99609375]",
test/non_drowsy/a0796.raw,1,0,0,1,False,62.8527,"[0, 255]","[0.0, 0.99609375]",
test/non_drowsy/a0797.raw,1,0,0,1,False,101.1282,"[0, 255]","[0.0, 0.99609375]",
test/non_drowsy/a0798.raw,1,0,0,1,False,79.993,"[0, 255]","[0.0, 0.99609375]",
test/non_drowsy/a0799.raw,1,0,0,1,False,78.7239,"[0, 255]","[0.0, 0.99609375]",
test/non_drowsy/a0800.raw,1,0,0,1,False,99.9407,"[0, 255]","[0.0, 0.99609375]",
test/non_drowsy/a0801.raw,1,0,0,1,False,73.9612,"[0, 255]","[0.0, 0.99609375]",
test/non_drowsy/a0802.raw,1,0,0,1,False,77.6841,"[0, 255]","[0.0, 0.99609375]",
test/non_drowsy/a0803.raw,1,0,0,1,False,71.6131,"[0, 255]","[0.0, 0.99609375]",
test/non_drowsy/a0804.raw,1,0,0,1,False,106.98,"[0, 255]","[0.0, 0.99609375]",
test/non_drowsy/a0805.raw,1,0,0,1,False,75.1326,"[0, 255]","[0.0, 0.99609375]",
test/non_drowsy/a0806.raw,1,0,0,1,False,104.194,"[0, 255]","[0.0, 0.99609375]",
test/non_drowsy/a0807.raw,1,0,0,1,False,82.7429,"[0, 255]","[0.0, 0.99609375]",
test/non_drowsy/a0808.raw,1,0,0,1,False,80.992,"[0, 255]","[0.0, 0.99609375]",
test/non_drowsy/a0809.raw,1,0,0,1,False,81.1048,"[19, 237]","[0.07421875, 0.92578125]",
test/non_drowsy/a0810.raw,1,0,0,1,False,62.4825,"[0, 255]","[0.0, 0.99609375]",
test/non_drowsy/a0811.raw,1,0,0,1,False,68.8043,"[0, 255]","[0.0, 0.99609375]",
test/non_drowsy/a0812.raw,1,0,0,1,False,82.3435,"[0, 255]","[0.0, 0.99609375]",
test/non_drowsy/a0813.raw,1,0,0,1,False,73.3297,"[0, 255]","[0.0, 0.99609375]",
test/non_drowsy/a0814.raw,1,0,0,1,False,78.1361,"[0, 255]","[0.0, 0.99609375]",
test/non_drowsy/a0815.raw,1,0,0,1,False,78.2188,"[40, 216]","[0.15625, 0.84375]",
test/non_drowsy/a0816.raw,1,0,0,1,False,58.7414,"[0, 255]","[0.0, 0.99609375]",
test/non_drowsy/a0817.raw,1,0,0,1,False,77.1261,"[0, 255]","[0.0, 0.99609375]",
test/non_drowsy/a0818.raw,1,0,0,1,False,101.8594,"[0, 255]","[0.0, 0.99609375]",
test/non_drowsy/a0819.raw,1,0,0,1,False,68.4577,"[2, 254]","[0.0078125, 0.9921875]",
test/non_drowsy/a0820.raw,1,0,0,1,False,110.0912,"[0, 255]","[0.0, 0.99609375]",
test/non_drowsy/a0821.raw,1,0,0,1,False,69.5147,"[0, 255]","[0.0, 0.99609375]",
test/non_drowsy/a0822.raw,1,0,0,1,False,78.4323,"[0, 255]","[0.0, 0.99609375]",
test/non_drowsy/a0823.raw,1,0,0,1,False,73.6624,"[0, 255]","[0.0, 0.99609375]",
test/non_drowsy/a0824.raw,1,0,0,1,False,70.2071,"[0, 255]","[0.0, 0.99609375]",
test/non_drowsy/a0825.raw,1,0,0,1,False,74.8958,"[0, 255]","[0.0, 0.99609375]",
test/non_drowsy/a0826.raw,1,0,0,1,False,87.4708,"[0, 255]","[0.0, 0.99609375]",
test/non_drowsy/a0827.raw,1,0,0,1,False,74.635,"[3, 253]","[0.01171875, 0.98828125]",
test/non_drowsy/a0828.raw,1,0,0,1,False,72.037,"[0, 255]","[0.0, 0.99609375]",
test/non_drowsy/a0829.raw,1,0,0,1,False,129.2646,"[0, 255]","[0.0, 0.99609375]",
test/non_drowsy/a0830.raw,1,0,0,1,False,94.88,"[0, 255]","[0.0, 0.99609375]",
test/non_drowsy/a0831.raw,1,0,0,1,False,131.1409,"[0, 255]","[0.0, 0.99609375]",
test/non_drowsy/a0832.raw,1,0,0,1,False,60.3805,"[0, 255]","[0.0, 0.99609375]",
test/non_drowsy/a0833.raw,1,0,0,1,False,77.6738,"[0, 255]","[0.0, 0.99609375]",
test/non_drowsy/a0834.raw,1,0,0,1,False,85.2431,"[0, 255]","[0.0, 0.99609375]",
test/non_drowsy/a0835.raw,1,0,0,1,False,51.6117,"[0, 255]","[0.0, 0.99609375]",
test/non_drowsy/a0836.raw,1,0,0,1,False,61.3446,"[0, 255]","[0.0, 0.99609375]",
test/non_drowsy/a0837.raw,1,0,0,1,False,55.5079,"[0, 255]","[0.0, 0.99609375]",
test/non_drowsy/a0838.raw,1,0,0,1,False,70.4847,"[0, 255]","[0.0, 0.99609375]",
test/non_drowsy/a0839.raw,1,0,0,1,False,94.3755,"[0, 255]","[0.0, 0.99609375]",
test/non_drowsy/a0840.raw,1,0,0,1,False,125.9652,"[0, 255]","[0.0, 0.99609375]",
test/non_drowsy/a0841.raw,1,0,0,1,False,71.323,"[0, 255]","[0.0, 0.99609375]",
test/non_drowsy/a0842.raw,1,0,0,1,False,90.6585,"[0, 255]","[0.0, 0.99609375]",
test/non_drowsy/a0843.raw,1,0,0,1,False,102.0356,"[0, 255]","[0.0, 0.99609375]",
test/non_drowsy/a0844.raw,1,0,0,1,False,68.5572,"[0, 255]","[0.0, 0.99609375]",
test/non_drowsy/a0845.raw,1,0,0,1,False,90.5158,"[0, 255]","[0.0, 0.99609375]",
test/non_drowsy/a0846.raw,1,0,0,1,False,114.3293,"[0, 255]","[0.0, 0.99609375]",
test/non_drowsy/a0847.raw,1,0,0,1,False,116.2606,"[0, 255]","[0.0, 0.99609375]",
test/non_drowsy/a0848.raw,1,0,0,1,False,79.6231,"[0, 255]","[0.0, 0.99609375]",
test/non_drowsy/a0849.raw,1,0,0,1,False,88.8938,"[0, 255]","[0.0, 0.99609375]",
test/non_drowsy/a0850.raw,1,0,0,1,False,85.2164,"[0, 255]","[0.0, 0.99609375]",
test/non_drowsy/a0851.raw,1,0,0,1,False,69.7671,"[0, 255]","[0.0, 0.99609375]",
test/non_drowsy/a0852.raw,1,0,0,1,False,70.5014,"[0, 255]","[0.0, 0.99609375]",
test/non_drowsy/a0853.raw,1,0,0,1,False,87.552,"[0, 255]","[0.0, 0.99609375]",
test/non_drowsy/a0854.raw,1,0,0,1,False,77.539,"[0, 255]","[0.0, 0.99609375]",
test/non_drowsy/a0855.raw,1,0,0,1,False,93.1032,"[0, 255]","[0.0, 0.99609375]",
test/non_drowsy/a0856.raw,1,0,0,1,False,81.9236,"[1, 255]","[0.00390625, 0.99609375]",
test/non_drowsy/a0857.raw,1,0,0,1,False,84.3119,"[0, 255]","[0.0, 0.99609375]",
test/non_drowsy/a0858.raw,1,0,0,1,False,83.1477,"[0, 255]","[0.0, 0.99609375]",
test/non_drowsy/a0859.raw,1,0,0,1,False,117.0766,"[0, 255]","[0.0, 0.99609375]",
test/non_drowsy/a0860.raw,1,0,0,1,False,81.8304,"[0, 255]","[0.0, 0.99609375]",
test/non_drowsy/a0861.raw,1,0,0,1,False,79.3712,"[0, 255]","[0.0, 0.99609375]",
test/non_drowsy/a0862.raw,1,0,0,1,False,105.6905,"[0, 255]","[0.0, 0.99609375]",
test/non_drowsy/a0863.raw,1,0,0,1,False,84.3177,"[0, 255]","[0.0, 0.99609375]",
test/non_drowsy/a0864.raw,1,0,0,1,False,72.5789,"[0, 255]","[0.0, 0.99609375]",
test/non_drowsy/a0865.raw,1,0,0,1,False,89.1976,"[0, 255]","[0.0, 0.99609375]",
test/non_drowsy/a0866.raw,1,0,0,1,False,116.45,"[0, 255]","[0.0, 0.99609375]",
test/non_drowsy/a0867.raw,1,0,0,1,False,70.2067,"[0, 255]","[0.0, 0.99609375]",
test/non_drowsy/a0868.raw,1,0,0,1,False,113.5496,"[0, 255]","[0.0, 0.99609375]",
test/non_drowsy/a0869.raw,1,0,0,1,False,59.7747,"[0, 255]","[0.0, 0.99609375]",
test/non_drowsy/a0870.raw,1,0,0,1,False,94.9167,"[0, 255]","[0.0, 0.99609375]",
test/non_drowsy/a0871.raw,1,0,0,1,False,71.0561,"[0, 255]","[0.0, 0.99609375]",
test/non_drowsy/a0872.raw,1,0,0,1,False,122.4964,"[0, 255]","[0.0, 0.99609375]",
test/non_drowsy/a0873.raw,1,0,0,1,False,64.4813,"[2, 254]","[0.0078125, 0.9921875]",
test/non_drowsy/a0874.raw,1,0,0,1,False,107.7396,"[0, 255]","[0.0, 0.99609375]",
test/non_drowsy/a0875.raw,1,0,0,1,False,79.6985,"[0, 255]","[0.0, 0.99609375]",
test/non_drowsy/a0876.raw,1,0,0,1,False,98.8775,"[0, 255]","[0.0, 0.99609375]",
test/non_drowsy/a0877.raw,1,0,0,1,False,80.7084,"[0, 255]","[0.0, 0.99609375]",
test/non_drowsy/a0878.raw,1,0,0,1,False,49.2873,"[0, 255]","[0.0, 0.99609375]",
test/non_drowsy/a0879.raw,1,0,0,1,False,58.9601,"[0, 255]","[0.0, 0.99609375]",
test/non_drowsy/a0880.raw,1,0,0,1,False,83.6579,"[0, 255]","[0.0, 0.99609375]",
test/non_drowsy/a0881.raw,1,0,0,1,False,52.2342,"[0, 255]","[0.0, 0.99609375]",
test/non_drowsy/a0882.raw,1,0,0,1,False,53.7319,"[0, 255]","[0.0, 0.99609375]",
test/non_drowsy/a0883.raw,1,0,0,1,False,55.2072,"[0, 255]","[0.0, 0.99609375]",
test/non_drowsy/a0884.raw,1,0,0,1,False,70.7558,"[0, 255]","[0.0, 0.99609375]",
test/non_drowsy/a0885.raw,1,0,0,1,False,79.969,"[0, 255]","[0.0, 0.99609375]",
test/non_drowsy/a0886.raw,1,0,0,1,False,58.2583,"[0, 255]","[0.0, 0.99609375]",
test/non_drowsy/a0887.raw,1,0,0,1,False,104.0912,"[0, 255]","[0.0, 0.99609375]",
test/non_drowsy/a0888.raw,1,0,0,1,False,107.3319,"[0, 255]","[0.0, 0.99609375]",
test/non_drowsy/a0889.raw,1,0,0,1,False,107.6665,"[5, 251]","[0.01953125, 0.98046875]",
test/non_drowsy/a0890.raw,1,0,0,1,False,85.134,"[0, 255]","[0.0, 0.99609375]",
test/non_drowsy/a0891.raw,1,0,0,1,False,50.3573,"[0, 255]","[0.0, 0.99609375]",
test/non_drowsy/a0892.raw,1,0,0,1,False,76.161,"[0, 255]","[0.0, 0.99609375]",
test/non_drowsy/a0893.raw,1,0,0,1,False,117.9494,"[0, 255]","[0.0, 0.99609375]",
test/non_drowsy/a0894.raw,1,0,0,1,False,114.9133,"[0, 255]","[0.0, 0.99609375]",
test/non_drowsy/a0895.raw,1,0,0,1,False,79.4756,"[12, 244]","[0.046875, 0.953125]",
test/non_drowsy/a0896.raw,1,0,0,1,False,102.8803,"[4, 252]","[0.015625, 0.984375]",
test/non_drowsy/a0897.raw,1,0,0,1,False,57.9431,"[6, 250]","[0.0234375, 0.9765625]",
test/non_drowsy/a0898.raw,1,0,0,1,False,103.5848,"[65, 191]","[0.25390625, 0.74609375]",
test/non_drowsy/a0899.raw,1,0,0,1,False,107.8573,"[0, 255]","[0.0, 0.99609375]",
test/non_drowsy/a0900.raw,1,0,0,1,False,112.0386,"[8, 248]","[0.03125, 0.96875]",
test/non_drowsy/a0901.raw,1,0,0,1,False,59.1635,"[0, 255]","[0.0, 0.99609375]",
test/non_drowsy/a0902.raw,1,0,0,1,False,51.2835,"[0, 255]","[0.0, 0.99609375]",
test/non_drowsy/a0903.raw,1,0,0,1,False,106.9813,"[0, 255]","[0.0, 0.99609375]",
test/non_drowsy/a0904.raw,1,0,0,1,False,70.4065,"[0, 255]","[0.0, 0.99609375]",
test/non_drowsy/a0905.raw,1,0,0,1,False,78.5261,"[0, 255]","[0.0, 0.99609375]",
test/non_drowsy/a0906.raw,1,0,0,1,False,85.4248,"[0, 255]","[0.0, 0.99609375]",
test/non_drowsy/a0907.raw,1,0,0,1,False,76.3593,"[0, 255]","[0.0, 0.99609375]",
test/non_drowsy/a0908.raw,1,0,0,1,False,111.6753,"[0, 255]","[0.0, 0.99609375]",
test/non_drowsy/a0909.raw,1,0,0,1,False,105.7269,"[0, 255]","[0.0, 0.99609375]",
test/non_drowsy/a0910.raw,1,0,0,1,False,94.6009,"[0, 255]","[0.0, 0.99609375]",
test/non_drowsy/a0911.raw,1,0,0,1,False,65.4245,"[0, 255]","[0.0, 0.99609375]",
test/non_drowsy/a0912.raw,1,0,0,1,False,110.442,"[0, 255]","[0.0, 0.99609375]",
test/non_drowsy/a0913.raw,1,0,0,1,False,78.6235,"[0, 255]","[0.0, 0.99609375]",
test/non_drowsy/a0914.raw,1,0,0,1,False,57.3932,"[0, 255]","[0.0, 0.99609375]",
test/non_drowsy/a0915.raw,1,0,0,1,False,84.4138,"[0, 255]","[0.0, 0.99609375]",
test/non_drowsy/a0916.raw,1,0,0,1,False,88.4258,"[0, 255]","[0.0, 0.99609375]",
test/non_drowsy/a0917.raw,1,0,0,1,False,71.3115,"[0, 255]","[0.0, 0.99609375]",
test/non_drowsy/a0918.raw,1,0,0,1,False,66.8836,"[0, 255]","[0.0, 0.99609375]",
test/non_drowsy/a0919.raw,1,0,0,1,False,55.1359,"[0, 255]","[0.0, 0.99609375]",
test/non_drowsy/a0920.raw,1,0,0,1,False,79.0029,"[0, 255]","[0.0, 0.99609375]",
test/non_drowsy/a0921.raw,1,0,0,1,False,98.9799,"[0, 255]","[0.0, 0.99609375]",
test/non_drowsy/a0922.raw,1,0,0,1,False,106.0497,"[0, 255]","[0.0, 0.99609375]",
test/non_drowsy/a0923.raw,1,0,0,1,False,106.0735,"[0, 255]","[0.0, 0.99609375]",
test/non_drowsy/a0924.raw,1,0,0,1,False,116.6155,"[0, 255]","[0.0, 0.99609375]",
test/non_drowsy/a0925.raw,1,0,0,1,False,81.8052,"[0, 255]","[0.0, 0.99609375]",
test/non_drowsy/a0926.raw,1,0,0,1,False,51.0184,"[3, 253]","[0.01171875, 0.98828125]",
test/non_drowsy/a0927.raw,1,0,0,1,False,51.6112,"[0, 255]","[0.0, 0.99609375]",
test/non_drowsy/a0928.raw,1,0,0,1,False,50.91,"[0, 255]","[0.0, 0.99609375]",
test/non_drowsy/a0929.raw,1,0,0,1,False,51.705,"[0, 255]","[0.0, 0.99609375]",
test/non_drowsy/a0930.raw,1,0,0,1,False,59.7547,"[1, 255]","[0.00390625, 0.99609375]",
test/non_drowsy/a0931.raw,1,0,0,1,False,56.2431,"[0, 255]","[0.0, 0.99609375]",
test/non_drowsy/a0932.raw,1,0,0,1,False,93.898,"[1, 255]","[0.00390625, 0.99609375]",
test/non_drowsy/a0933.raw,1,0,0,1,False,127.4548,"[0, 255]","[0.0, 0.99609375]",
test/non_drowsy/a0934.raw,1,0,0,1,False,119.8062,"[0, 255]","[0.0, 0.99609375]",
test/non_drowsy/a0935.raw,1,0,0,1,False,87.7347,"[0, 255]","[0.0, 0.99609375]",
test/non_drowsy/a0936.raw,1,0,0,1,False,74.1227,"[0, 255]","[0.0, 0.99609375]",
test/non_drowsy/a0937.raw,1,0,0,1,False,103.9474,"[0, 255]","[0.0, 0.99609375]",
test/non_drowsy/a0938.raw,1,0,0,1,False,107.0209,"[1, 255]","[0.00390625, 0.99609375]",
test/non_drowsy/a0939.raw,1,0,0,1,False,88.0818,"[0, 255]","[0.0, 0.99609375]",
test/non_drowsy/a0940.raw,1,0,0,1,False,55.7895,"[0, 255]","[0.0, 0.99609375]",
test/non_drowsy/a0941.raw,1,0,0,1,False,123.9757,"[0, 255]","[0.0, 0.99609375]",
test/non_drowsy/a0942.raw,1,0,0,1,False,86.0598,"[4, 252]","[0.015625, 0.984375]",
test/non_drowsy/a0943.raw,1,0,0,1,False,83.4662,"[0, 255]","[0.0, 0.99609375]",
test/non_drowsy/a0944.raw,1,0,0,1,False,115.7169,"[0, 255]","[0.0, 0.99609375]",
test/non_drowsy/a0945.raw,1,0,0,1,False,67.8405,"[4, 252]","[0.015625, 0.984375]",
test/non_drowsy/a0946.raw,1,0,0,1,False,98.9135,"[0, 255]","[0.0, 0.99609375]",
test/non_drowsy/a0947.raw,1,0,0,1,False,101.283,"[0, 255]","[0.0, 0.99609375]",
test/non_drowsy/a0948.raw,1,0,0,1,False,93.7284,"[0, 255]","[0.0, 0.99609375]",
test/non_drowsy/a0949.raw,1,0,0,1,False,103.667,"[1, 255]","[0.00390625, 0.99609375]",
test/non_drowsy/a0950.raw,1,0,0,1,False,82.7987,"[0, 255]","[0.0, 0.99609375]",
test/non_drowsy/a0951.raw,1,0,0,1,False,69.911,"[0, 255]","[0.0, 0.99609375]",
test/non_drowsy/a0952.raw,1,0,0,1,False,68.3275,"[0, 255]","[0.0, 0.99609375]",
test/non_drowsy/a0953.raw,1,0,0,1,False,90.3135,"[0, 255]","[0.0, 0.99609375]",
test/non_drowsy/a0954.raw,1,0,0,1,False,91.3133,"[1, 255]","[0.00390625, 0.99609375]",
test/non_drowsy/a0955.raw,1,0,0,1,False,102.752,"[0, 255]","[0.0, 0.99609375]",
test/non_drowsy/a0956.raw,1,0,0,1,False,86.5173,"[0, 255]","[0.0, 0.99609375]",
test/non_drowsy/a0957.raw,1,0,0,1,False,86.5551,"[0, 255]","[0.0, 0.99609375]",
test/non_drowsy/a0958.raw,1,0,0,1,False,99.3388,"[1, 255]","[0.00390625, 0.99609375]",
test/non_drowsy/a0959.raw,1,0,0,1,False,78.0001,"[3, 253]","[0.01171875, 0.98828125]",
test/non_drowsy/a0960.raw,1,0,0,1,False,64.3782,"[3, 253]","[0.01171875, 0.98828125]",
test/non_drowsy/a0961.raw,1,0,0,1,False,102.485,"[0, 255]","[0.0, 0.99609375]",
test/non_drowsy/a0962.raw,1,0,0,1,False,104.5202,"[12, 244]","[0.046875, 0.953125]",
test/non_drowsy/a0963.raw,1,0,0,1,False,94.8564,"[1, 255]","[0.00390625, 0.99609375]",
test/non_drowsy/a0964.raw,1,0,0,1,False,118.6935,"[49, 207]","[0.19140625, 0.80859375]",
test/non_drowsy/a0965.raw,1,0,0,1,False,101.0348,"[7, 249]","[0.02734375, 0.97265625]",
test/non_drowsy/a0966.raw,1,1,0,0,False,94.2347,"[227, 29]","[0.88671875, 0.11328125]",
test/non_drowsy/a0967.raw,1,,0,0,True,118.9492,"[128, 128]","[0.5, 0.5]",
test/non_drowsy/a0968.raw,1,0,0,1,False,120.8465,"[105, 151]","[0.41015625, 0.58984375]",
test/non_drowsy/a0969.raw,1,0,0,1,False,103.5738,"[0, 255]","[0.0, 0.99609375]",
test/non_drowsy/a0970.raw,1,0,0,1,False,91.3908,"[0, 255]","[0.0, 0.99609375]",
test/non_drowsy/a0971.raw,1,0,0,1,False,71.1587,"[0, 255]","[0.0, 0.99609375]",
test/non_drowsy/a0972.raw,1,0,0,1,False,79.8718,"[0, 255]","[0.0, 0.99609375]",
test/non_drowsy/a0973.raw,1,0,0,1,False,82.9193,"[1, 255]","[0.00390625, 0.99609375]",
test/non_drowsy/a0974.raw,1,0,0,1,False,53.9411,"[0, 255]","[0.0, 0.99609375]",
test/non_drowsy/a0975.raw,1,0,0,1,False,79.6577,"[0, 255]","[0.0, 0.99609375]",
test/non_drowsy/a0976.raw,1,0,0,1,False,85.3162,"[0, 255]","[0.0, 0.99609375]",
test/non_drowsy/a0977.raw,1,0,0,1,False,90.161,"[0, 255]","[0.0, 0.99609375]",
test/non_drowsy/a0978.raw,1,0,0,1,False,103.5913,"[0, 255]","[0.0, 0.99609375]",
test/non_drowsy/a0979.raw,1,0,0,1,False,71.0842,"[0, 255]","[0.0, 0.99609375]",
test/non_drowsy/a0980.raw,1,0,0,1,False,70.7029,"[0, 255]","[0.0, 0.99609375]",
test/non_drowsy/a0981.raw,1,0,0,1,False,69.0023,"[0, 255]","[0.0, 0.99609375]",
test/non_drowsy/a0982.raw,1,0,0,1,False,77.2644,"[0, 255]","[0.0, 0.99609375]",
test/non_drowsy/a0983.raw,1,0,0,1,False,60.6042,"[0, 255]","[0.0, 0.99609375]",
test/non_drowsy/a0984.raw,1,0,0,1,False,98.3962,"[0, 255]","[0.0, 0.99609375]",
test/non_drowsy/a0985.raw,1,0,0,1,False,79.4546,"[0, 255]","[0.0, 0.99609375]",
test/non_drowsy/a0986.raw,1,0,0,1,False,102.7472,"[0, 255]","[0.0, 0.99609375]",
test/non_drowsy/a0987.raw,1,0,0,1,False,101.235,"[0, 255]","[0.0, 0.99609375]",
test/non_drowsy/a0988.raw,1,0,0,1,False,89.4689,"[0, 255]","[0.0, 0.99609375]",
test/non_drowsy/a0989.raw,1,0,0,1,False,104.1492,"[0, 255]","[0.0, 0.99609375]",
test/non_drowsy/a0990.raw,1,0,0,1,False,93.0258,"[0, 255]","[0.0, 0.99609375]",
test/non_drowsy/a0991.raw,1,0,0,1,False,108.6546,"[0, 255]","[0.0, 0.99609375]",
test/non_drowsy/a0992.raw,1,0,0,1,False,102.7378,"[0, 255]","[0.0, 0.99609375]",
test/non_drowsy/a0993.raw,1,0,0,1,False,53.4982,"[0, 255]","[0.0, 0.99609375]",
test/non_drowsy/a0994.raw,1,0,0,1,False,49.5188,"[0, 255]","[0.0, 0.99609375]",
test/non_drowsy/a0995.raw,1,0,0,1,False,69.0462,"[0, 255]","[0.0, 0.99609375]",
test/non_drowsy/a0996.raw,1,0,0,1,False,81.6269,"[0, 255]","[0.0, 0.99609375]",
test/non_drowsy/a0997.raw,1,0,0,1,False,61.9235,"[0, 255]","[0.0, 0.99609375]",
test/non_drowsy/a0998.raw,1,0,0,1,False,85.7513,"[0, 255]","[0.0, 0.99609375]",
test/non_drowsy/a0999.raw,1,0,0,1,False,103.3419,"[0, 255]","[0.0, 0.99609375]",
test/non_drowsy/a1000.raw,1,0,0,1,False,90.1168,"[0, 255]","[0.0, 0.99609375]",
test/non_drowsy/a1001.raw,1,0,0,1,False,82.0346,"[0, 255]","[0.0, 0.99609375]",
test/non_drowsy/a1002.raw,1,0,0,1,False,104.9648,"[0, 255]","[0.0, 0.99609375]",
test/non_drowsy/a1003.raw,1,0,0,1,False,76.6282,"[0, 255]","[0.0, 0.99609375]",
test/non_drowsy/a1004.raw,1,0,0,1,False,78.0564,"[0, 255]","[0.0, 0.99609375]",
test/non_drowsy/a1005.raw,1,0,0,1,False,84.964,"[0, 255]","[0.0, 0.99609375]",
test/non_drowsy/a1006.raw,1,0,0,1,False,91.7779,"[0, 255]","[0.0, 0.99609375]",
test/non_drowsy/a1007.raw,1,0,0,1,False,56.8776,"[0, 255]","[0.0, 0.99609375]",
test/non_drowsy/a1008.raw,1,0,0,1,False,52.4339,"[0, 255]","[0.0, 0.99609375]",
