================================================================================
OP_INDEX: 1
TIPO: CONV_2D
NFEAT: 16

INPUT_SCALE: 0.007843137718737125
WEIGHT_SCALES: [0.006357043515890837, 0.01532160583883524, 0.0066710710525512695, 2.51141898388596e-07, 0.006800525821745396, 1.8187304817729455e-07, 0.0034435198176652193, 1.8307131810502142e-08, 0.003978225868195295, 0.015115456655621529, 0.004665786400437355, 1.8814594682226016e-07, 0.010604714043438435, 4.271764098007225e-08, 0.0059135183691978455, 0.015915118157863617]
OUTPUT_SCALES: [0.0235294122248888]
OUTPUT_ZERO_POINT: -128

REAL_MULTIPLIERS: [0.002119014589170101, 0.005107202148427639, 0.002223690438866775, 8.371396944303196e-08, 0.0022668420303061424, 6.062435179201653e-08, 0.0011478399846546318, 6.102377511706848e-09, 0.0013260753418860944, 0.005038485751303191, 0.0015552621950382733, 6.271531808976804e-08, 0.0035349048210619447, 1.4239214223629369e-08, 0.0019711728677540164, 0.00530503959593441]

MULTIPLIERS: [1164940590, 1403857037, 1222486747, 1508056806, 1246209585, 1092111233, 1262063410, 1758890566, 1458035258, 1384968417, 1710028868, 1129778733, 1943334477, 2052087036, 1083663744, 1458238180]
SHIFTS: [-8, -7, -8, -23, -8, -23, -9, -27, -9, -7, -9, -23, -8, -26, -8, -7]
Q6: [127, 127, 127, 127, 127, 127, 127, 127, 127, 127, 127, 127, 127, 127, 127, 127]

OFFSETS:
  MUL   = 0
  SHIFT = 0
  Q6    = 0

================================================================================
OP_INDEX: 2
TIPO: DEPTHWISE_CONV_2D
NFEAT: 16

INPUT_SCALE: 0.0235294122248888
WEIGHT_SCALES: [0.011045568622648716, 0.005878211464732885, 0.010417761281132698, 0.17514193058013916, 0.011570106260478497, 0.16459959745407104, 0.010207368060946465, 0.006787153426557779, 0.006147226318717003, 0.006388559006154537, 0.016864372417330742, 0.2920999825000763, 0.009051661007106304, 0.12335662543773651, 0.00825369730591774, 0.00417951587587595]
OUTPUT_SCALES: [0.0235294122248888]
OUTPUT_ZERO_POINT: -128

REAL_MULTIPLIERS: [0.011045568622648716, 0.005878211464732885, 0.010417761281132698, 0.17514193058013916, 0.011570106260478497, 0.16459959745407104, 0.010207368060946465, 0.006787153426557779, 0.006147226318717003, 0.006388559006154537, 0.016864372417330742, 0.2920999825000763, 0.009051661007106304, 0.12335662543773651, 0.00825369730591774, 0.00417951587587595]

MULTIPLIERS: [1518091392, 1615790464, 1431806208, 1504457728, 1590183296, 1413899776, 1402889984, 1865638528, 1689736704, 1756073728, 1158910848, 1254559872, 1244050816, 2119250688, 1134379520, 1148856576]
SHIFTS: [-6, -7, -6, -2, -6, -2, -6, -7, -7, -7, -5, -1, -6, -3, -6, -7]
Q6: [127, 127, 127, 127, 127, 127, 127, 127, 127, 127, 127, 127, 127, 127, 127, 127]

OFFSETS:
  MUL   = 64
  SHIFT = 64
  Q6    = 64

================================================================================
OP_INDEX: 3
TIPO: CONV_2D
NFEAT: 8

INPUT_SCALE: 0.0235294122248888
WEIGHT_SCALES: [0.05702180787920952, 0.05349180847406387, 0.0441674143075943, 0.04513700306415558, 0.07580568641424179, 0.08323173969984055, 0.07892855256795883, 0.043226808309555054]
OUTPUT_SCALES: [0.5354403853416443]
OUTPUT_ZERO_POINT: -24

REAL_MULTIPLIERS: [0.002505768448045344, 0.0023506460227835898, 0.0019408944984374728, 0.0019835021428481407, 0.003331207905607007, 0.0036575386676195774, 0.0034684392521127008, 0.0018995604734461625]

MULTIPLIERS: [1377560773, 1292281317, 2134036069, 1090441835, 1831350913, 2010753147, 1906794644, 2088588828]
SHIFTS: [-8, -8, -9, -8, -8, -8, -8, -9]
Q6: [-13, -13, -13, -13, -13, -13, -13, -13]

OFFSETS:
  MUL   = 128
  SHIFT = 128
  Q6    = 128

================================================================================
OP_INDEX: 4
TIPO: CONV_2D
NFEAT: 48

INPUT_SCALE: 0.5354403853416443
WEIGHT_SCALES: [0.012586666271090508, 0.0012817652896046638, 0.0010751852532848716, 0.0004575614584609866, 0.0008011475438252091, 0.011962365359067917, 0.0019281662534922361, 0.0006156168528832495, 0.0032777816522866488, 0.0007591744652017951, 0.000571438402403146, 0.005666924640536308, 0.001921502174809575, 0.008752254769206047, 0.0006182172219268978, 0.009968981146812439, 0.0014177780831232667, 0.0007319658761844039, 0.0005927677848376334, 0.0010337074054405093, 0.0009172080899588764, 0.001038186950609088, 0.01270560547709465, 0.007066643796861172, 0.0009092944674193859, 0.001657048356719315, 0.0012901549926027656, 0.0013737675035372376, 0.0023969600442796946, 0.000373286398826167, 0.00852396059781313, 0.0015631259884685278, 0.0007974047330208123, 0.0005579154239967465, 0.0036649471148848534, 0.0023517082445323467, 0.0022366587072610855, 0.0010011778213083744, 0.0014174997340887785, 0.0011027466971427202, 0.010991305112838745, 0.0019479920156300068, 0.00034554509329609573, 0.0015640342608094215, 0.0009620565688237548, 0.008597319014370441, 0.005953194573521614, 0.010136543773114681]
OUTPUT_SCALES: [0.0235294122248888]
OUTPUT_ZERO_POINT: -128

REAL_MULTIPLIERS: [0.2864248955284402, 0.02916812770433363, 0.024467147790608518, 0.010412367350880278, 0.01823108650064501, 0.27221816916793523, 0.04387776761718563, 0.014009110035564234, 0.07458990705724818, 0.017275938060161505, 0.013003775676899643, 0.1289577607901831, 0.043726118403695426, 0.19916819941957037, 0.014068284595024275, 0.22685628759849166, 0.032263264203151905, 0.016656773533277824, 0.013489151709274168, 0.02352326892866927, 0.020872185349643822, 0.02362520642580241, 0.2891315017830462, 0.1608100721556111, 0.02069210124633116, 0.03770815021520248, 0.029359045597363437, 0.03126174995080156, 0.05454574034790662, 0.008494585896151605, 0.19397308795934548, 0.0355708325224466, 0.018145914289787683, 0.012696043860240397, 0.08340032792552969, 0.05351598062154621, 0.05089788850852943, 0.022783018687981584, 0.03225693003241864, 0.025094341958434283, 0.25012051252180295, 0.04432892694140839, 0.007863298757274857, 0.035591501363961005, 0.021892767018912893, 0.19564244792695026, 0.13547218120002413, 0.23066937890475162]

MULTIPLIERS: [1230185559, 2004418473, 1681369593, 1431064872, 1252830725, 1169168134, 1507628615, 1925397422, 1281444846, 1187193424, 1787225320, 1107738730, 1502417988, 1710841806, 1933530312, 1948680672, 1108557317, 1144644761, 1853934894, 1616506732, 1434325656, 1623511823, 1241810344, 1381348002, 1421950370, 1295642176, 2017538251, 1074145549, 1874177367, 1167486996, 1666216138, 1222204499, 1246977735, 1744930981, 1432806724, 1838795093, 1748838133, 1565637123, 1108339676, 1724470048, 1074259421, 1523130332, 1080723552, 1222914675, 1504459494, 1680555831, 1163697176, 1981434877]
SHIFTS: [-1, -5, -5, -6, -5, -1, -4, -6, -3, -5, -6, -2, -4, -2, -6, -2, -4, -5, -6, -5, -5, -5, -1, -2, -5, -4, -5, -4, -4, -6, -2, -4, -5, -6, -3, -4, -4, -5, -4, -5, -1, -4, -6, -4, -5, -2, -2, -2]
Q6: [127, 127, 127, 127, 127, 127, 127, 127, 127, 127, 127, 127, 127, 127, 127, 127, 127, 127, 127, 127, 127, 127, 127, 127, 127, 127, 127, 127, 127, 127, 127, 127, 127, 127, 127, 127, 127, 127, 127, 127, 127, 127, 127, 127, 127, 127, 127, 127]

OFFSETS:
  MUL   = 160
  SHIFT = 160
  Q6    = 160

================================================================================
OP_INDEX: 5
TIPO: DEPTHWISE_CONV_2D
NFEAT: 48

INPUT_SCALE: 0.0235294122248888
WEIGHT_SCALES: [0.0006960022146813571, 0.004673338029533625, 0.005799285601824522, 0.004585325252264738, 0.005473228171467781, 0.0011561969295144081, 0.004120686557143927, 0.010039376094937325, 0.0015685390681028366, 0.00394756393507123, 0.004072516690939665, 0.0028358863200992346, 0.007163539528846741, 0.0012513885740190744, 0.0033775523770600557, 0.0005161665030755103, 0.001948601333424449, 0.004133909475058317, 0.007741581182926893, 0.002655917312949896, 0.005252061411738396, 0.0036667142994701862, 0.0005644145421683788, 0.004182825330644846, 0.004516607150435448, 0.0049261474050581455, 0.00824637059122324, 0.004581396002322435, 0.001819623401388526, 0.00797346979379654, 0.0004927467089146376, 0.00237667141482234, 0.004740975797176361, 0.005115050356835127, 0.0009502918110229075, 0.001618427806533873, 0.0015871014911681414, 0.00458196084946394, 0.009036456234753132, 0.004105257801711559, 0.0015166423982009292, 0.002240625210106373, 0.0039426228031516075, 0.0020661959424614906, 0.0040962062776088715, 0.0009301933459937572, 0.001022531883791089, 0.000568293733522296]
OUTPUT_SCALES: [0.0235294122248888]
OUTPUT_ZERO_POINT: -128

REAL_MULTIPLIERS: [0.0006960022146813571, 0.004673338029533625, 0.005799285601824522, 0.004585325252264738, 0.005473228171467781, 0.0011561969295144081, 0.004120686557143927, 0.010039376094937325, 0.0015685390681028366, 0.00394756393507123, 0.004072516690939665, 0.0028358863200992346, 0.007163539528846741, 0.0012513885740190744, 0.0033775523770600557, 0.0005161665030755103, 0.001948601333424449, 0.004133909475058317, 0.007741581182926893, 0.002655917312949896, 0.005252061411738396, 0.0036667142994701862, 0.0005644145421683788, 0.004182825330644846, 0.004516607150435448, 0.0049261474050581455, 0.00824637059122324, 0.004581396002322435, 0.001819623401388526, 0.00797346979379654, 0.0004927467089146376, 0.00237667141482234, 0.004740975797176361, 0.005115050356835127, 0.0009502918110229075, 0.001618427806533873, 0.0015871014911681414, 0.00458196084946394, 0.009036456234753132, 0.004105257801711559, 0.0015166423982009292, 0.002240625210106373, 0.0039426228031516075, 0.0020661959424614906, 0.0040962062776088715, 0.0009301933459937572, 0.001022531883791089, 0.000568293733522296]

MULTIPLIERS: [1530525056, 1284597376, 1594095488, 1260404608, 1504469504, 1271251968, 1132685696, 1379801344, 1724626944, 1085098112, 1119444864, 1559044992, 1969098752, 1375916288, 1856829056, 1135062144, 2142509824, 1136320384, 2127989632, 1460105984, 1443675648, 2015797504, 1241160704, 1149766272, 1241515520, 1354089088, 1133372544, 1259324544, 2000697088, 1095865344, 1083561472, 1306588928, 1303189504, 1406014336, 2089713792, 1779480192, 1745036544, 1259479808, 1241961088, 1128444672, 1667565952, 1231796736, 1083739904, 1135903232, 1125956608, 2045516800, 1124285696, 1249691136]
SHIFTS: [-10, -7, -7, -7, -7, -9, -7, -6, -9, -7, -7, -8, -7, -9, -8, -10, -9, -7, -7, -8, -7, -8, -10, -7, -7, -7, -6, -7, -9, -6, -10, -8, -7, -7, -10, -9, -9, -7, -6, -7, -9, -8, -7, -8, -7, -10, -9, -10]
Q6: [127, 127, 127, 127, 127, 127, 127, 127, 127, 127, 127, 127, 127, 127, 127, 127, 127, 127, 127, 127, 127, 127, 127, 127, 127, 127, 127, 127, 127, 127, 127, 127, 127, 127, 127, 127, 127, 127, 127, 127, 127, 127, 127, 127, 127, 127, 127, 127]

OFFSETS:
  MUL   = 352
  SHIFT = 352
  Q6    = 352

================================================================================
OP_INDEX: 6
TIPO: CONV_2D
NFEAT: 8

INPUT_SCALE: 0.0235294122248888
WEIGHT_SCALES: [0.037059299647808075, 0.03565175458788872, 0.029089994728565216, 0.02369472198188305, 0.04832087457180023, 0.027682261541485786, 0.03448175638914108, 0.02806408703327179]
OUTPUT_SCALES: [0.3762907087802887]
OUTPUT_ZERO_POINT: -3

REAL_MULTIPLIERS: [0.0023173134968051856, 0.0022292998755087693, 0.0018189938300812703, 0.0014816280818440056, 0.003021498406251886, 0.00173096844521643, 0.0021561400305316124, 0.0017548439467490748]

MULTIPLIERS: [1273956567, 1225570567, 2000004867, 1629067304, 1661086315, 1903219933, 1185350517, 1929471324]
SHIFTS: [-8, -8, -9, -9, -8, -9, -8, -9]
Q6: [13, 13, 13, 13, 13, 13, 13, 13]

OFFSETS:
  MUL   = 544
  SHIFT = 544
  Q6    = 544

================================================================================
OP_INDEX: 7
TIPO: CONV_2D
NFEAT: 48

INPUT_SCALE: 0.3762907087802887
WEIGHT_SCALES: [0.0010170794557780027, 0.002131299115717411, 0.0002862555265892297, 0.0011835290351882577, 0.0034716646187007427, 0.0005405258270911872, 0.0010831733234226704, 0.0009075585403479636, 0.0004938346100971103, 0.0021115203853696585, 0.003480556420981884, 0.002455348614603281, 0.0023201906587928534, 0.004251317121088505, 0.0022003273479640484, 0.0012369983596727252, 0.000565946742426604, 0.0007589728920720518, 0.0002792213927023113, 0.0005943932919763029, 0.0003193699521943927, 0.0008273483836092055, 0.0016218306263908744, 0.002082949737086892, 0.0010379379382357001, 0.0015886692563071847, 0.0016789025394245982, 0.001364257768727839, 0.000891864241566509, 0.0009115570574067533, 0.0013238688698038459, 0.0012424695305526257, 0.0008924577268771827, 0.0008691826951690018, 0.0011589425848796964, 0.0006054104887880385, 0.001705998438410461, 0.00033688341500237584, 0.001857386203482747, 0.0011845112312585115, 0.0016652008052915335, 0.002423427067697048, 0.000781745882704854, 0.0006461389129981399, 0.001919467467814684, 0.001695882878266275, 0.002717105206102133, 0.0016281019197776914]
OUTPUT_SCALES: [0.0235294122248888]
OUTPUT_ZERO_POINT: -128

REAL_MULTIPLIERS: [0.016265495527157548, 0.034084491665617764, 0.004577899947649248, 0.0189274162591261, 0.055520092364930586, 0.00864428081102038, 0.01732249210932186, 0.014513998188441929, 0.007897578302322312, 0.03376818319219753, 0.05566229322191441, 0.03926680622792884, 0.03710531224316182, 0.0679885718119221, 0.03518841564763982, 0.01978251666775344, 0.009050821108669184, 0.01213776378148212, 0.004465407582745879, 0.009505748422199234, 0.0051074775912691925, 0.013231248902478924, 0.025936890819595722, 0.03331127124769674, 0.016599071779427287, 0.02540656242321879, 0.026849605102538608, 0.021817694290323045, 0.014263009393828676, 0.014577943891961482, 0.021171780688329676, 0.019870013573693068, 0.014272500621491725, 0.013900278056191477, 0.01853422102226363, 0.00968193934262838, 0.02728293233302694, 0.005387559102452983, 0.029703979186014515, 0.018943123887174968, 0.02663048210876504, 0.038756305523707936, 0.012501957527775522, 0.010333282753464292, 0.030696804792288295, 0.027121160706095306, 0.043452910513136114, 0.026037183568557734]

MULTIPLIERS: [1117756341, 1171134216, 1258363556, 1300682141, 1907655848, 1188060908, 1190392594, 1994788722, 1085434897, 1160265940, 1912541832, 1349197189, 1274928821, 1168034770, 1209064755, 1359444194, 1243935381, 1668201552, 1227441890, 1306460115, 1403932750, 1818489002, 1782369565, 1144566565, 1140679527, 1745925675, 1845090813, 1499300535, 1960293084, 2003577352, 1454913690, 1365456936, 1961597549, 1910439669, 1273661970, 1330675611, 1874868834, 1480920970, 2041241907, 1301761561, 1830032796, 1331656518, 1718255959, 1420195568, 2109468363, 1863751972, 1493030637, 1789261631]
SHIFTS: [-5, -4, -7, -5, -4, -6, -5, -6, -6, -4, -4, -4, -4, -3, -4, -5, -6, -6, -7, -6, -7, -6, -5, -4, -5, -5, -5, -5, -6, -6, -5, -5, -6, -6, -5, -6, -5, -7, -5, -5, -5, -4, -6, -6, -5, -5, -4, -5]
Q6: [127, 127, 127, 127, 127, 127, 127, 127, 127, 127, 127, 127, 127, 127, 127, 127, 127, 127, 127, 127, 127, 127, 127, 127, 127, 127, 127, 127, 127, 127, 127, 127, 127, 127, 127, 127, 127, 127, 127, 127, 127, 127, 127, 127, 127, 127, 127, 127]

OFFSETS:
  MUL   = 576
  SHIFT = 576
  Q6    = 576

================================================================================
OP_INDEX: 8
TIPO: DEPTHWISE_CONV_2D
NFEAT: 48

INPUT_SCALE: 0.0235294122248888
WEIGHT_SCALES: [0.021313272416591644, 0.006490278989076614, 0.020576300099492073, 0.007142683491110802, 0.00422650994732976, 0.02407088875770569, 0.008956119418144226, 0.0054772039875388145, 0.005267311353236437, 0.007645723409950733, 0.0015962872421368957, 0.008162637241184711, 0.002049105940386653, 0.005241465289145708, 0.004957308527082205, 0.012294958345592022, 0.011155445128679276, 0.00805649533867836, 0.016579287126660347, 0.013341553509235382, 0.008352316915988922, 0.005031525623053312, 0.006723926402628422, 0.004011381417512894, 0.005998631473630667, 0.003378578694537282, 0.004221027716994286, 0.006701176054775715, 0.0038175228983163834, 0.012925872579216957, 0.007007914129644632, 0.0036032344214618206, 0.008853822015225887, 0.014881474897265434, 0.006297164596617222, 0.0077528818510472775, 0.006758439354598522, 0.010019076988101006, 0.0036080246791243553, 0.0041971635073423386, 0.011049061082303524, 0.006143603473901749, 0.009119655005633831, 0.009451356716454029, 0.0047742086462676525, 0.0049794199876487255, 0.007149261888116598, 0.0049676732160151005]
OUTPUT_SCALES: [0.0235294122248888]
OUTPUT_ZERO_POINT: -128

REAL_MULTIPLIERS: [0.021313272416591644, 0.006490278989076614, 0.020576300099492073, 0.007142683491110802, 0.00422650994732976, 0.02407088875770569, 0.008956119418144226, 0.0054772039875388145, 0.005267311353236437, 0.007645723409950733, 0.0015962872421368957, 0.008162637241184711, 0.002049105940386653, 0.005241465289145708, 0.004957308527082205, 0.012294958345592022, 0.011155445128679276, 0.00805649533867836, 0.016579287126660347, 0.013341553509235382, 0.008352316915988922, 0.005031525623053312, 0.006723926402628422, 0.004011381417512894, 0.005998631473630667, 0.003378578694537282, 0.004221027716994286, 0.006701176054775715, 0.0038175228983163834, 0.012925872579216957, 0.007007914129644632, 0.0036032344214618206, 0.008853822015225887, 0.014881474897265434, 0.006297164596617222, 0.0077528818510472775, 0.006758439354598522, 0.010019076988101006, 0.0036080246791243553, 0.0041971635073423386, 0.011049061082303524, 0.006143603473901749, 0.009119655005633831, 0.009451356716454029, 0.0047742086462676525, 0.0049794199876487255, 0.007149261888116598, 0.0049676732160151005]

MULTIPLIERS: [1464636928, 1784034304, 1413992576, 1963365888, 1161774208, 1654138880, 1230919680, 1505562368, 1447867520, 2101640448, 1755136384, 1121864320, 1126507904, 1440763008, 1362654592, 1689806208, 1533192704, 1107276288, 1139319936, 1833649152, 1147933696, 1383055232, 1848258816, 1102640128, 1648891264, 1857393280, 1160267264, 1842005248, 2098705408, 1776518400, 1926320768, 1980899072, 1216860032, 2045294336, 1730951424, 2131095936, 1857745664, 1377011456, 1983532544, 1153707520, 1518571392, 1688740864, 1253395840, 1298984576, 1312324480, 1368732544, 1965174144, 1365503616]
SHIFTS: [-5, -7, -5, -7, -7, -5, -6, -7, -7, -7, -9, -6, -8, -7, -7, -6, -6, -6, -5, -6, -6, -7, -7, -7, -7, -8, -7, -7, -8, -6, -7, -8, -6, -6, -7, -7, -7, -6, -8, -7, -6, -7, -6, -6, -7, -7, -7, -7]
Q6: [127, 127, 127, 127, 127, 127, 127, 127, 127, 127, 127, 127, 127, 127, 127, 127, 127, 127, 127, 127, 127, 127, 127, 127, 127, 127, 127, 127, 127, 127, 127, 127, 127, 127, 127, 127, 127, 127, 127, 127, 127, 127, 127, 127, 127, 127, 127, 127]

OFFSETS:
  MUL   = 768
  SHIFT = 768
  Q6    = 768

================================================================================
OP_INDEX: 9
TIPO: CONV_2D
NFEAT: 8

INPUT_SCALE: 0.0235294122248888
WEIGHT_SCALES: [0.03518914058804512, 0.020869262516498566, 0.019674159586429596, 0.025971049442887306, 0.021713411435484886, 0.04816604405641556, 0.06079145893454552, 0.02140500210225582]
OUTPUT_SCALES: [0.5771021246910095]
OUTPUT_ZERO_POINT: -11

REAL_MULTIPLIERS: [0.0014347197130473125, 0.0008508744978941589, 0.0008021481662976131, 0.0010588828252570527, 0.0008852918515032069, 0.0019638096228676255, 0.0024785687590202082, 0.0008727174907010609]

MULTIPLIERS: [1577491007, 1871092808, 1763942472, 1164253979, 1946777369, 1079615758, 1362607585, 1919126058]
SHIFTS: [-9, -10, -10, -9, -10, -8, -8, -10]
Q6: [-1, -1, -1, -1, -1, -1, -1, -1]

OFFSETS:
  MUL   = 960
  SHIFT = 960
  Q6    = 960

================================================================================
OP_INDEX: 11
TIPO: CONV_2D
NFEAT: 48

INPUT_SCALE: 0.5771021246910095
WEIGHT_SCALES: [0.000967503699939698, 0.0010547698475420475, 0.0012560243485495448, 0.0007732955273240805, 0.0008332764264196157, 0.0017882841639220715, 0.0006547698867507279, 0.000898958882316947, 0.0007130282465368509, 0.0011209365911781788, 0.0005489272298291326, 0.0007283931481651962, 0.00065421819454059, 0.0004280100401956588, 0.00033523072488605976, 0.0011892038164660335, 0.0018630728591233492, 0.0007714576204307377, 0.000520912988577038, 0.0005521946586668491, 0.0005140864523127675, 0.0007469253032468259, 0.0008794002933427691, 0.0011782123474404216, 0.004436573013663292, 0.00023296099971048534, 0.0006771743064746261, 0.0005812127492390573, 0.0007766293128952384, 0.0003676939522847533, 0.0003406738687772304, 0.0011129752965644002, 0.0007032454595901072, 0.001539119752123952, 0.0006005014292895794, 0.0003835334209725261, 0.0012015877291560173, 0.0008785350946709514, 0.0009102326002903283, 0.00043066134094260633, 0.0019643986597657204, 0.0006454393151216209, 0.00046006517368368804, 0.000385434104828164, 0.00042754350579343736, 0.0012780373217538, 0.0005689083482138813, 0.000866309623233974]
OUTPUT_SCALES: [0.0235294122248888]
OUTPUT_ZERO_POINT: -128

REAL_MULTIPLIERS: [0.02372980827336631, 0.02587017109728947, 0.030806308006489484, 0.01896649553195078, 0.02043763743630721, 0.04386095924058257, 0.016059436131083488, 0.022048620511064085, 0.01748832958971487, 0.02749303221984253, 0.013463450238678438, 0.017865182070798395, 0.016045904864615674, 0.010497733697092657, 0.008222150291914768, 0.029167411519411577, 0.045695289588106994, 0.01892141748397428, 0.012776349430818514, 0.013543589942403308, 0.01260891606934153, 0.018319717269998953, 0.021568910132195515, 0.02889782551923745, 0.10881511565442349, 0.005713797124131013, 0.016608945744904364, 0.014255312001740753, 0.01904826275664772, 0.00901837067035229, 0.008355653410248966, 0.02729776682209312, 0.017248388741282053, 0.03774974362364593, 0.014728402367672916, 0.009406862781686091, 0.029471149762299684, 0.021547689542959644, 0.02232512918596943, 0.010562761725826831, 0.048180491270063006, 0.015830586695310355, 0.011283944821551931, 0.009453480550161169, 0.010486291082539003, 0.0313462166742251, 0.013953523928719184, 0.021247837363304857]

MULTIPLIERS: [1630700008, 1777784621, 2116993366, 1303367648, 1404463750, 1507051084, 1103596048, 1515169664, 1201788858, 1889306788, 1850402511, 1227685964, 1102666186, 1442797533, 1130043731, 2004369257, 1570078195, 1300269909, 1755968095, 1861416828, 1732956229, 1258921385, 1482204218, 1985843448, 1869429452, 1570596594, 1141358061, 1959235163, 1308986649, 1239475427, 1148392260, 1875888252, 1185300249, 1297071314, 2024256208, 1292869376, 2025241990, 1480745950, 1534171196, 1451734917, 1655469074, 1087869634, 1550853567, 1299276473, 1441224872, 1077047804, 1917757726, 1460140265]
SHIFTS: [-5, -5, -5, -5, -5, -4, -5, -5, -5, -5, -6, -5, -5, -6, -6, -5, -4, -5, -6, -6, -6, -5, -5, -5, -3, -7, -5, -6, -5, -6, -6, -5, -5, -4, -6, -6, -5, -5, -5, -6, -4, -5, -6, -6, -6, -4, -6, -5]
Q6: [127, 127, 127, 127, 127, 127, 127, 127, 127, 127, 127, 127, 127, 127, 127, 127, 127, 127, 127, 127, 127, 127, 127, 127, 127, 127, 127, 127, 127, 127, 127, 127, 127, 127, 127, 127, 127, 127, 127, 127, 127, 127, 127, 127, 127, 127, 127, 127]

OFFSETS:
  MUL   = 992
  SHIFT = 992
  Q6    = 992

================================================================================
OP_INDEX: 12
TIPO: DEPTHWISE_CONV_2D
NFEAT: 48

INPUT_SCALE: 0.0235294122248888
WEIGHT_SCALES: [0.00369859067723155, 0.0024244266096502542, 0.002129692118614912, 0.004592704586684704, 0.0035368611570447683, 0.005474434234201908, 0.004075004253536463, 0.0033992091193795204, 0.003120408859103918, 0.002255009487271309, 0.004713679198175669, 0.003808041336014867, 0.0039894236251711845, 0.008738668635487556, 0.00801039393991232, 0.002163346391171217, 0.0011027025757357478, 0.003908209037035704, 0.004193196073174477, 0.004183213692158461, 0.004007310606539249, 0.0042038350366055965, 0.0029793153516948223, 0.0038374383002519608, 0.002890408504754305, 0.01395254023373127, 0.004817186389118433, 0.006230649538338184, 0.0035423021763563156, 0.006067323032766581, 0.009881108067929745, 0.002256740815937519, 0.003887324593961239, 0.005827582441270351, 0.004237550776451826, 0.008753021247684956, 0.001348186400718987, 0.003215428441762924, 0.005108474753797054, 0.004579445812851191, 0.00292237033136189, 0.006353194825351238, 0.006933968048542738, 0.008057999424636364, 0.004049874376505613, 0.0023936040233820677, 0.004114138428121805, 0.0030662901699543]
OUTPUT_SCALES: [0.0235294122248888]
OUTPUT_ZERO_POINT: -128

REAL_MULTIPLIERS: [0.00369859067723155, 0.0024244266096502542, 0.002129692118614912, 0.004592704586684704, 0.0035368611570447683, 0.005474434234201908, 0.004075004253536463, 0.0033992091193795204, 0.003120408859103918, 0.002255009487271309, 0.004713679198175669, 0.003808041336014867, 0.0039894236251711845, 0.008738668635487556, 0.00801039393991232, 0.002163346391171217, 0.0011027025757357478, 0.003908209037035704, 0.004193196073174477, 0.004183213692158461, 0.004007310606539249, 0.0042038350366055965, 0.0029793153516948223, 0.0038374383002519608, 0.002890408504754305, 0.01395254023373127, 0.004817186389118433, 0.006230649538338184, 0.0035423021763563156, 0.006067323032766581, 0.009881108067929745, 0.002256740815937519, 0.003887324593961239, 0.005827582441270351, 0.004237550776451826, 0.008753021247684956, 0.001348186400718987, 0.003215428441762924, 0.005108474753797054, 0.004579445812851191, 0.00292237033136189, 0.006353194825351238, 0.006933968048542738, 0.008057999424636364, 0.004049874376505613, 0.0023936040233820677, 0.004114138428121805, 0.0030662901699543]

MULTIPLIERS: [2033321728, 1332842624, 1170810624, 1262433024, 1944409984, 1504801024, 1120128640, 1868734976, 1715462912, 1239704576, 1295686272, 2093492864, 1096604416, 1201033472, 1100940160, 1189312256, 1212434304, 1074280320, 1152616960, 1149873024, 1101521152, 1155541376, 1637895936, 2109654016, 1589018880, 1917622528, 1324138112, 1712667904, 1947401216, 1667773056, 1358049152, 1240656384, 2137079296, 1601873664, 1164809088, 1203006080, 1482346624, 1767700480, 1404206848, 1258788480, 1606590080, 1746352896, 1905994624, 1107483008, 1113220992, 1315897728, 1130885760, 1685710848]
SHIFTS: [-8, -8, -8, -7, -8, -7, -7, -8, -8, -8, -7, -8, -7, -6, -6, -8, -9, -7, -7, -7, -7, -7, -8, -8, -8, -6, -7, -7, -8, -7, -6, -8, -8, -7, -7, -6, -9, -8, -7, -7, -8, -7, -7, -6, -7, -8, -7, -8]
Q6: [127, 127, 127, 127, 127, 127, 127, 127, 127, 127, 127, 127, 127, 127, 127, 127, 127, 127, 127, 127, 127, 127, 127, 127, 127, 127, 127, 127, 127, 127, 127, 127, 127, 127, 127, 127, 127, 127, 127, 127, 127, 127, 127, 127, 127, 127, 127, 127]

OFFSETS:
  MUL   = 1184
  SHIFT = 1184
  Q6    = 1184

================================================================================
OP_INDEX: 13
TIPO: CONV_2D
NFEAT: 16

INPUT_SCALE: 0.0235294122248888
WEIGHT_SCALES: [0.03058595582842827, 0.034607965499162674, 0.02364785224199295, 0.023167096078395844, 0.030001888051629066, 0.03777662292122841, 0.0208623968064785, 0.02253797836601734, 0.02401793748140335, 0.03276862949132919, 0.02030215784907341, 0.034247927367687225, 0.022754158824682236, 0.03173771873116493, 0.02456587739288807, 0.03313188627362251]
OUTPUT_SCALES: [0.3157298266887665]
OUTPUT_ZERO_POINT: -4

REAL_MULTIPLIERS: [0.002279384151085446, 0.0025791199236213963, 0.001762329740812258, 0.0017265019253930856, 0.002235857153235066, 0.002815260574205964, 0.0015547467897061421, 0.0016796176314770573, 0.0017899099293796747, 0.002442045464732666, 0.0015129956079711943, 0.0025522884845362464, 0.0016957282383849883, 0.002365217993291744, 0.0018307445384725372, 0.0024691167701703107]

MULTIPLIERS: [1253104689, 1417886173, 1937702042, 1898308942, 1229175469, 1547705868, 1709462174, 1846759116, 1968026780, 1342528692, 1663556264, 1403135433, 1864472916, 1300292343, 2012924908, 1357411300]
SHIFTS: [-8, -8, -9, -9, -8, -8, -9, -9, -9, -8, -9, -8, -9, -8, -9, -8]
Q6: [15, 15, 15, 15, 15, 15, 15, 15, 15, 15, 15, 15, 15, 15, 15, 15]

OFFSETS:
  MUL   = 1376
  SHIFT = 1376
  Q6    = 1376

================================================================================
OP_INDEX: 14
TIPO: CONV_2D
NFEAT: 96

INPUT_SCALE: 0.3157298266887665
WEIGHT_SCALES: [0.003089656587690115, 0.0004838291206397116, 0.0001778113073669374, 0.0008234467823058367, 0.0009271579328924417, 0.00024155127175617963, 0.0009230637224391103, 0.0007802360923960805, 0.0008994857198558748, 0.0011913056951016188, 0.0012332546757534146, 0.0015985437203198671, 0.0004099662764929235, 0.0003840753633994609, 0.0016305451281368732, 0.0007052040891721845, 0.0005121762515045702, 0.001372852479107678, 0.0009585617808625102, 0.0009515102137811482, 0.0013089260319247842, 0.0005252670962363482, 0.0006777063244953752, 0.000759103917516768, 0.001322482479736209, 0.00048058919492177665, 0.0011758157052099705, 0.0010295279789716005, 0.001975556369870901, 0.0011102553689852357, 0.0006304102716967463, 0.0006291887839324772, 0.0007712783990427852, 0.0005547546315938234, 0.002830969402566552, 0.0002710439439397305, 0.0008400806691497564, 0.000380087731173262, 0.0004178679082542658, 0.0020765711087733507, 0.000860546831972897, 0.0010031063575297594, 0.0013326340122148395, 0.00258429697714746, 0.0016894988948479295, 0.000931442657019943, 0.0021500515285879374, 0.0021338851656764746, 0.001121513661928475, 0.0010835917200893164, 0.0015117806615307927, 0.0015634124865755439, 0.0024476510006934404, 0.00046760126133449376, 0.0003408569027669728, 0.0020176435355097055, 0.0008794533787295222, 0.00034683311241678894, 0.0007020310149528086, 0.0010692768264561892, 0.0008876799256540835, 0.0008250043611042202, 0.0011448680888861418, 0.0004319168801885098, 0.0019811303354799747, 0.0010880858171731234, 0.0010507915867492557, 0.0007473832811228931, 0.001093239989131689, 0.0013935585739091039, 0.0005537429242394865, 0.0015284065157175064, 0.0008589014760218561, 0.0006303146947175264, 0.0007258474943228066, 0.0011488529853522778, 0.0018996319267898798, 0.00042567975469864905, 0.0006226044497452676, 0.0007919808267615736, 0.0011536559322848916, 0.0006415877724066377, 0.0005240989266894758, 0.0010029847035184503, 0.0010121166706085205, 0.001722774119116366, 0.0010400769533589482, 0.0026861855294555426, 0.002136422088369727, 0.002156727947294712, 0.0019091007998213172, 0.0006342538399621844, 0.001081110443919897, 0.0011590488720685244, 0.001030815183185041, 0.0019351254450157285]
OUTPUT_SCALES: [0.0235294122248888]
OUTPUT_ZERO_POINT: -128

REAL_MULTIPLIERS: [0.0414586105949281, 0.006492269460304225, 0.0023859641168121636, 0.011049434953153527, 0.012441084828953012, 0.003241259936249434, 0.012386146594861031, 0.010469611559950435, 0.012069764757604686, 0.015985556164888524, 0.016548449290495468, 0.021450086680751875, 0.005501139602987315, 0.005153721935869985, 0.02187949812746759, 0.009462793321246913, 0.006872645928256045, 0.01842164483987483, 0.01286247790848188, 0.012767856333101955, 0.017563846697831398, 0.007048305655701418, 0.009093814088244482, 0.010186049104227698, 0.017745754128289392, 0.006448794460774655, 0.01577770346643787, 0.013814739070621881, 0.026509037468154435, 0.014897980955902845, 0.008459171182146797, 0.008442780627362466, 0.01034941259607766, 0.007443984661148336, 0.03798741210747615, 0.003637007870286283, 0.011272637052729823, 0.005100213823570241, 0.005607167786042739, 0.027864505496928458, 0.011547262614106964, 0.013460200084312455, 0.017881972643204656, 0.03467743388183708, 0.022670570270215077, 0.012498579474091415, 0.02885050378670031, 0.028633575165133436, 0.015049050555338922, 0.014540194319996409, 0.020285855069157033, 0.020978677610459635, 0.032843847472997297, 0.006274515648309444, 0.004573794271088922, 0.027073784831410083, 0.011800960440202174, 0.004653986144092716, 0.009420215369712093, 0.014348109671104304, 0.011911348503019625, 0.01107033535131764, 0.015362432339179655, 0.0057956841599988325, 0.02658383182250981, 0.014600498439786192, 0.014100065160974258, 0.010028775541167512, 0.014669659785749637, 0.018699489932670652, 0.0074304090484389506, 0.020508949382383065, 0.011525184376695067, 0.008457888680790787, 0.00973979721187439, 0.01541590374163547, 0.025490244009724758, 0.005711991183262813, 0.008354428624689419, 0.010627208482061406, 0.015480352168486755, 0.008609156669596186, 0.007032630552343461, 0.01345856766784835, 0.013581105126885495, 0.02311707444511284, 0.013956290666693563, 0.036044627190974336, 0.028667616906363852, 0.02894009142709882, 0.025617302246988813, 0.008510746169686417, 0.014506899272612733, 0.0155527174246587, 0.013832011442721032, 0.025966514400625897]

MULTIPLIERS: [1424507013, 1784581441, 1311697645, 1518622776, 1709889679, 1781901494, 1702339026, 1438932456, 1658855837, 1098519055, 1137200776, 1474038733, 1512141740, 1416644299, 1503547663, 1300556411, 1889138528, 1265925794, 1767805503, 1754800813, 1206978355, 1937423506, 1249844291, 1399959929, 1219478938, 1772631124, 1084235526, 1898683280, 1821687184, 2047562911, 1162619635, 1160366934, 1422412436, 2046186923, 1305237541, 1999466222, 1549299439, 1401936101, 1541286545, 1914834237, 1587043689, 1849955813, 1228839803, 1191507555, 1557909726, 1717791683, 1982591524, 1967684302, 2068325759, 1998389091, 1394033345, 1441643748, 1128506006, 1724725728, 1257234996, 1860496327, 1621911653, 1279277970, 1294704542, 1971989177, 1637083273, 1521495305, 2111396623, 1593105531, 1826827012, 2006677226, 1937898200, 1378344415, 2016182689, 1285019163, 2042455287, 1409364270, 1584009279, 1162443369, 1338627536, 2118745677, 1751676230, 1570100181, 1148223927, 1460592412, 2127603401, 1183233483, 1933114767, 1849731456, 1866572876, 1588593260, 1918137984, 1238483960, 1970023633, 1988747940, 1760407606, 1169708047, 1993813054, 2137549206, 1901057177, 1784405282]
SHIFTS: [-4, -7, -8, -6, -6, -8, -6, -6, -6, -5, -5, -5, -7, -7, -5, -6, -7, -5, -6, -6, -5, -7, -6, -6, -5, -7, -5, -6, -5, -6, -6, -6, -6, -7, -4, -8, -6, -7, -7, -5, -6, -6, -5, -4, -5, -6, -5, -5, -6, -6, -5, -5, -4, -7, -7, -5, -6, -7, -6, -6, -6, -6, -6, -7, -5, -6, -6, -6, -6, -5, -7, -5, -6, -6, -6, -6, -5, -7, -6, -6, -6, -6, -7, -6, -6, -5, -6, -4, -5, -5, -5, -6, -6, -6, -6, -5]
Q6: [127, 127, 127, 127, 127, 127, 127, 127, 127, 127, 127, 127, 127, 127, 127, 127, 127, 127, 127, 127, 127, 127, 127, 127, 127, 127, 127, 127, 127, 127, 127, 127, 127, 127, 127, 127, 127, 127, 127, 127, 127, 127, 127, 127, 127, 127, 127, 127, 127, 127, 127, 127, 127, 127, 127, 127, 127, 127, 127, 127, 127, 127, 127, 127, 127, 127, 127, 127, 127, 127, 127, 127, 127, 127, 127, 127, 127, 127, 127, 127, 127, 127, 127, 127, 127, 127, 127, 127, 127, 127, 127, 127, 127, 127, 127, 127]

OFFSETS:
  MUL   = 1440
  SHIFT = 1440
  Q6    = 1440

================================================================================
OP_INDEX: 15
TIPO: DEPTHWISE_CONV_2D
NFEAT: 96

INPUT_SCALE: 0.0235294122248888
WEIGHT_SCALES: [0.0009803944267332554, 0.01291519682854414, 0.031897518783807755, 0.005656156223267317, 0.012580139562487602, 0.0459030345082283, 0.005537259858101606, 0.01848357729613781, 0.00606822595000267, 0.004457022063434124, 0.0036431082990020514, 0.007450487464666367, 0.004780963528901339, 0.009797133505344391, 0.006215493660420179, 0.005986850708723068, 0.011866377666592598, 0.003834828967228532, 0.00493077514693141, 0.007047567050904036, 0.003675529733300209, 0.004853225778788328, 0.004390568006783724, 0.00345858046784997, 0.012133501470088959, 0.012351393699645996, 0.009086386300623417, 0.007222156040370464, 0.010356844402849674, 0.004816188011318445, 0.009388292208313942, 0.006251133978366852, 0.004159989766776562, 0.010921875014901161, 0.005916273221373558, 0.018330320715904236, 0.00954001396894455, 0.013055217452347279, 0.021512454375624657, 0.0047265710309147835, 0.006139322649687529, 0.007312970235943794, 0.0023318331222981215, 0.004009682685136795, 0.010213040746748447, 0.008822882547974586, 0.006723823957145214, 0.008753552101552486, 0.008852128870785236, 0.04047168791294098, 0.005621174816042185, 0.007166077848523855, 0.004500928800553083, 0.01041493657976389, 0.03931128606200218, 0.0044432212598621845, 0.0038762527983635664, 0.00691945618018508, 0.009783928282558918, 0.01572590135037899, 0.006593460217118263, 0.009324658662080765, 0.00916373822838068, 0.02391055040061474, 0.0056819855235517025, 0.01365065947175026, 0.014199506491422653, 0.02252023294568062, 0.004842860624194145, 0.00748564163222909, 0.00828017108142376, 0.005489542614668608, 0.0053171152248978615, 0.009957361966371536, 0.010587932541966438, 0.004984275437891483, 0.0035739820450544357, 0.028081713244318962, 0.00369529752060771, 0.005059247836470604, 0.006747779436409473, 0.006485774647444487, 0.007378845475614071, 0.0045148590579628944, 0.009799870662391186, 0.004148573614656925, 0.0055725243873894215, 0.00337236444465816, 0.003760840278118849, 0.0027637567836791277, 0.011647334322333336, 0.008340022526681423, 0.005748629104346037, 0.007653054315596819, 0.003688966855406761, 0.0075323982164263725]
OUTPUT_SCALES: [0.0235294122248888]
OUTPUT_ZERO_POINT: -128

REAL_MULTIPLIERS: [0.0009803944267332554, 0.01291519682854414, 0.031897518783807755, 0.005656156223267317, 0.012580139562487602, 0.0459030345082283, 0.005537259858101606, 0.01848357729613781, 0.00606822595000267, 0.004457022063434124, 0.0036431082990020514, 0.007450487464666367, 0.004780963528901339, 0.009797133505344391, 0.006215493660420179, 0.005986850708723068, 0.011866377666592598, 0.003834828967228532, 0.00493077514693141, 0.007047567050904036, 0.003675529733300209, 0.004853225778788328, 0.004390568006783724, 0.00345858046784997, 0.012133501470088959, 0.012351393699645996, 0.009086386300623417, 0.007222156040370464, 0.010356844402849674, 0.004816188011318445, 0.009388292208313942, 0.006251133978366852, 0.004159989766776562, 0.010921875014901161, 0.005916273221373558, 0.018330320715904236, 0.00954001396894455, 0.013055217452347279, 0.021512454375624657, 0.0047265710309147835, 0.006139322649687529, 0.007312970235943794, 0.0023318331222981215, 0.004009682685136795, 0.010213040746748447, 0.008822882547974586, 0.006723823957145214, 0.008753552101552486, 0.008852128870785236, 0.04047168791294098, 0.005621174816042185, 0.007166077848523855, 0.004500928800553083, 0.01041493657976389, 0.03931128606200218, 0.0044432212598621845, 0.0038762527983635664, 0.00691945618018508, 0.009783928282558918, 0.01572590135037899, 0.006593460217118263, 0.009324658662080765, 0.00916373822838068, 0.02391055040061474, 0.0056819855235517025, 0.01365065947175026, 0.014199506491422653, 0.02252023294568062, 0.004842860624194145, 0.00748564163222909, 0.00828017108142376, 0.005489542614668608, 0.0053171152248978615, 0.009957361966371536, 0.010587932541966438, 0.004984275437891483, 0.0035739820450544357, 0.028081713244318962, 0.00369529752060771, 0.005059247836470604, 0.006747779436409473, 0.006485774647444487, 0.007378845475614071, 0.0045148590579628944, 0.009799870662391186, 0.004148573614656925, 0.0055725243873894215, 0.00337236444465816, 0.003760840278118849, 0.0027637567836791277, 0.011647334322333336, 0.008340022526681423, 0.005748629104346037, 0.007653054315596819, 0.003688966855406761, 0.0075323982164263725]

MULTIPLIERS: [1077955072, 1775051136, 1095990400, 1554752384, 1729001216, 1577216256, 1522070400, 1270181760, 1668021248, 1225136896, 2002819968, 2047974400, 1314181248, 1346507776, 1708501888, 1645652992, 1630902528, 2108219520, 1355361152, 1937220480, 2020643840, 1334044544, 1206870144, 1901374720, 1667615744, 1697562624, 1248823424, 1985211136, 1423433856, 1323863680, 1290317056, 1718298624, 1143489280, 1501091072, 1626252800, 1259650048, 1311169536, 1794295424, 1478324608, 1299229952, 1687564160, 2010173952, 1281938816, 1102173184, 1403669632, 1212607744, 1848230656, 1203079040, 1216627328, 1390596608, 1545136768, 1969796480, 1237205888, 1431417984, 1350725504, 1221343360, 2130992512, 1902005632, 1344692864, 1080675712, 1812396544, 1281571328, 1259454592, 1643120512, 1561852288, 1876132352, 1951565312, 1547578624, 1331195392, 2057637504, 1138018048, 1508953984, 1461557504, 1368529408, 1455194368, 1370067200, 1964817408, 1929760640, 2031511296, 1390675456, 1854815488, 1782796160, 2028281600, 1241035008, 1346883968, 1140351232, 1531763840, 1853976960, 2067543808, 1519391360, 1600797440, 1146243968, 1580171136, 2103655552, 2028030976, 2070489856]
SHIFTS: [-9, -6, -4, -7, -6, -4, -7, -5, -7, -7, -8, -7, -7, -6, -7, -7, -6, -8, -7, -7, -8, -7, -7, -8, -6, -6, -6, -7, -6, -7, -6, -7, -7, -6, -7, -5, -6, -6, -5, -7, -7, -7, -8, -7, -6, -6, -7, -6, -6, -4, -7, -7, -7, -6, -4, -7, -8, -7, -6, -5, -7, -6, -6, -5, -7, -6, -6, -5, -7, -7, -6, -7, -7, -6, -6, -7, -8, -5, -8, -7, -7, -7, -7, -7, -6, -7, -7, -8, -8, -8, -6, -6, -7, -7, -8, -7]
Q6: [127, 127, 127, 127, 127, 127, 127, 127, 127, 127, 127, 127, 127, 127, 127, 127, 127, 127, 127, 127, 127, 127, 127, 127, 127, 127, 127, 127, 127, 127, 127, 127, 127, 127, 127, 127, 127, 127, 127, 127, 127, 127, 127, 127, 127, 127, 127, 127, 127, 127, 127, 127, 127, 127, 127, 127, 127, 127, 127, 127, 127, 127, 127, 127, 127, 127, 127, 127, 127, 127, 127, 127, 127, 127, 127, 127, 127, 127, 127, 127, 127, 127, 127, 127, 127, 127, 127, 127, 127, 127, 127, 127, 127, 127, 127, 127]

OFFSETS:
  MUL   = 1824
  SHIFT = 1824
  Q6    = 1824

================================================================================
OP_INDEX: 16
TIPO: CONV_2D
NFEAT: 16

INPUT_SCALE: 0.0235294122248888
WEIGHT_SCALES: [0.0072937654331326485, 0.015578274615108967, 0.014443621039390564, 0.018552487716078758, 0.012871013022959232, 0.008878340944647789, 0.015562742948532104, 0.014511999674141407, 0.006717166397720575, 0.03727472200989723, 0.014029486104846, 0.00808337889611721, 0.03979111835360527, 0.041005540639162064, 0.007310185115784407, 0.00801785010844469]
OUTPUT_SCALES: [0.5484427809715271]
OUTPUT_ZERO_POINT: 16

REAL_MULTIPLIERS: [0.0003129187209717916, 0.000668342547096904, 0.0006196633910539904, 0.0007959428885097599, 0.0005521950177421381, 0.0003809005263770111, 0.0006676762041380648, 0.0006225969862078506, 0.00028818134295643895, 0.0015991682818495164, 0.0006018960834519742, 0.00034679489058054116, 0.0017071272685416636, 0.0017592286792327471, 0.0003136231617906327, 0.00034398356018977067]

MULTIPLIERS: [1376231089, 1469700804, 1362654208, 1750296922, 1214289686, 1675218231, 1468235500, 1369105252, 1267434950, 1758304121, 1323583485, 1525220059, 1877006282, 1934292389, 1379329253, 1512855697]
SHIFTS: [-11, -10, -10, -10, -10, -11, -10, -10, -11, -9, -10, -11, -9, -9, -11, -11]
Q6: [27, 27, 27, 27, 27, 27, 27, 27, 27, 27, 27, 27, 27, 27, 27, 27]

OFFSETS:
  MUL   = 2208
  SHIFT = 2208
  Q6    = 2208

================================================================================
OP_INDEX: 18
TIPO: CONV_2D
NFEAT: 96

INPUT_SCALE: 0.5484427809715271
WEIGHT_SCALES: [0.0009469864889979362, 0.00040190585423260927, 0.0002768736449070275, 0.0008043725392781198, 0.0006926886853761971, 0.002606399590149522, 0.0025194932240992785, 0.0004611859912984073, 0.00018406134040560573, 0.0007503777160309255, 0.00048684480134397745, 0.0005090698832646012, 0.0007199725951068103, 0.000918472942430526, 0.001215958734974265, 0.0006517813890241086, 0.0005323522491380572, 0.0010769158834591508, 0.0011048467131331563, 0.000863334396854043, 0.0003238104982301593, 0.00044238127884455025, 0.0007525630644522607, 0.0007222248241305351, 0.0018167879898101091, 0.0012149227550253272, 0.0009363478166051209, 0.00069784140214324, 0.0006148958345875144, 0.0006955856224521995, 0.0004893119912594557, 0.0006329905008897185, 0.0009085820056498051, 0.0009253824828192592, 0.0004357151628937572, 0.0008728497195988894, 0.000251333782216534, 0.000680948025546968, 0.0005412385798990726, 0.0005078136455267668, 0.0010354681871831417, 0.0007054022280499339, 0.0018287190468981862, 0.0008908381569199264, 0.0009381106938235462, 0.0007919368799775839, 0.0008691694238223135, 0.00039815055788494647, 0.00044365201028995216, 0.0009215199388563633, 0.0004026778042316437, 0.0007733521051704884, 0.0007269592024385929, 0.0009910168591886759, 0.000669422501232475, 0.0005160824512131512, 0.00028791383374482393, 0.0022336107213050127, 0.0008103222935460508, 0.00040819516289047897, 0.0008026926079764962, 0.000216949891182594, 0.0008707365486770868, 0.0009197572944685817, 0.0009932680986821651, 0.001192737021483481, 0.00044105935376137495, 0.0009811361087486148, 0.0005215351702645421, 0.0006769164465367794, 0.0005974716041237116, 0.0002668497618287802, 0.0003472985699772835, 0.0004505559627432376, 0.000406369857955724, 0.0008326173992827535, 0.0011281464248895645, 0.00024018483236432076, 0.00048269133549183607, 0.0011473681079223752, 0.000758127891458571, 0.0011659213341772556, 0.0008203588658943772, 0.0006402230355888605, 0.00043015970732085407, 0.0011703644413501024, 0.0005316882161423564, 0.0011569360503926873, 0.001259123906493187, 0.0005817892961204052, 0.0005637442809529603, 0.00033495426760055125, 0.0008574389503337443, 0.0005582972662523389, 0.0011523512657731771, 0.0008923799032345414]
OUTPUT_SCALES: [0.0235294122248888]
OUTPUT_ZERO_POINT: -128

REAL_MULTIPLIERS: [0.022073135469959454, 0.009367950303106696, 0.006453597324879664, 0.018748972909411715, 0.016145754314822375, 0.06075209299247201, 0.05872640834615908, 0.010749700213304174, 0.004290252235651602, 0.017490417415686573, 0.011347776739964167, 0.011865817123606794, 0.016781709993842927, 0.02140851841002924, 0.028342560527308613, 0.01519225360010268, 0.012408501546200573, 0.025101636043929565, 0.025752670662000054, 0.020123304100990776, 0.007547639884062748, 0.010311384598150213, 0.017541355303727867, 0.016834206789655356, 0.042347180118386306, 0.028318413059501266, 0.021825160594208463, 0.01626585805078763, 0.014332494934670145, 0.0162132784931179, 0.011405284020022718, 0.01475426021349149, 0.021177972367374842, 0.021569571627585753, 0.010156005316449994, 0.02034509502454411, 0.005858293320439265, 0.015872093414769292, 0.01261563141024575, 0.011836535707143252, 0.024135539245878967, 0.016442091963776006, 0.042625278953443195, 0.020764384231405215, 0.021866251177982663, 0.018459112393355726, 0.020259311681075465, 0.00928041878499653, 0.010341003845801755, 0.021479540294359563, 0.009385943544935047, 0.018025923264723284, 0.016944559550728405, 0.023099431343558532, 0.015603447069217609, 0.012029271791776803, 0.006710931074264495, 0.05206282519478147, 0.018887654647213464, 0.009514546652294786, 0.01870981569689414, 0.00505684547129457, 0.02029583950868402, 0.021438455137592398, 0.023151905074591056, 0.02780128984004775, 0.010280572087326599, 0.022869122732461965, 0.012156368226308133, 0.015778122074434856, 0.013926356722609388, 0.006219952461207624, 0.008095119067372964, 0.0105019268151894, 0.009472000952259018, 0.019407327203222212, 0.02629575939661803, 0.005598424480392674, 0.011250964361446307, 0.02674379410299785, 0.017671064842147102, 0.027176247872176894, 0.019121595282768973, 0.014922842046558901, 0.010026514215063963, 0.027279811447447722, 0.012393023722133476, 0.026966811530141355, 0.02934868964276136, 0.013560820663689582, 0.013140212694118695, 0.007807387973202785, 0.01998588821258021, 0.01301324922125975, 0.026859945621089027, 0.020800320515246832]

MULTIPLIERS: [1516854319, 1287521286, 1773951325, 1288419608, 1109527788, 2087426021, 2017824026, 1477427547, 1179295555, 1201932333, 1559626559, 1630825488, 1153230330, 1471182183, 1947685929, 2088007436, 1705411467, 1724971294, 1769710052, 1382862928, 2074679454, 1417185908, 1205432758, 1156837882, 1455038029, 1946026527, 1499813616, 1117781254, 1969843104, 1114168014, 1567530300, 2027810083, 1455339179, 1482249676, 1395830742, 1398104284, 1610315406, 1090721954, 1733879178, 1626801080, 1658581628, 1129891956, 1464593433, 1426917619, 1502637339, 1268500545, 1392209298, 1275491046, 1421256746, 1476062770, 1289994258, 1238732014, 1164421266, 1587380835, 2144521436, 1653290526, 1844686687, 1788865052, 1297949744, 1307669335, 1285728745, 1390015099, 1394719471, 1473239419, 1590986802, 1910490090, 1412951069, 1571554148, 1670758527, 1084264293, 1914023894, 1709727514, 1112584693, 1443373831, 1301821898, 1333661370, 1807030826, 1538883203, 1546320767, 1837819537, 1214346329, 1867537533, 1314026022, 2050979794, 1378033621, 1874654368, 1703284211, 1853145178, 2016826595, 1863785000, 1805977081, 2146078465, 1373419780, 1788527354, 1845801408, 1429387142]
SHIFTS: [-5, -6, -7, -5, -5, -4, -4, -6, -7, -5, -6, -6, -5, -5, -5, -6, -6, -5, -5, -5, -7, -6, -5, -5, -4, -5, -5, -5, -6, -5, -6, -6, -5, -5, -6, -5, -7, -5, -6, -6, -5, -5, -4, -5, -5, -5, -5, -6, -6, -5, -6, -5, -5, -5, -6, -6, -7, -4, -5, -6, -5, -7, -5, -5, -5, -5, -6, -5, -6, -5, -6, -7, -6, -6, -6, -5, -5, -7, -6, -5, -5, -5, -5, -6, -6, -5, -6, -5, -5, -6, -6, -7, -5, -6, -5, -5]
Q6: [127, 127, 127, 127, 127, 127, 127, 127, 127, 127, 127, 127, 127, 127, 127, 127, 127, 127, 127, 127, 127, 127, 127, 127, 127, 127, 127, 127, 127, 127, 127, 127, 127, 127, 127, 127, 127, 127, 127, 127, 127, 127, 127, 127, 127, 127, 127, 127, 127, 127, 127, 127, 127, 127, 127, 127, 127, 127, 127, 127, 127, 127, 127, 127, 127, 127, 127, 127, 127, 127, 127, 127, 127, 127, 127, 127, 127, 127, 127, 127, 127, 127, 127, 127, 127, 127, 127, 127, 127, 127, 127, 127, 127, 127, 127, 127]

OFFSETS:
  MUL   = 2272
  SHIFT = 2272
  Q6    = 2272

================================================================================
OP_INDEX: 19
TIPO: DEPTHWISE_CONV_2D
NFEAT: 96

INPUT_SCALE: 0.0235294122248888
WEIGHT_SCALES: [0.008913255296647549, 0.009076111018657684, 0.027996959164738655, 0.004297307226806879, 0.007745213340967894, 0.001347350305877626, 0.00242453720420599, 0.008013327606022358, 0.04956207424402237, 0.013798614032566547, 0.00644763745367527, 0.016707735136151314, 0.003041887655854225, 0.017399754375219345, 0.013861012645065784, 0.007627828046679497, 0.007017872761934996, 0.007483877241611481, 0.005052539054304361, 0.004830479621887207, 0.0331023633480072, 0.006041702348738909, 0.008470739237964153, 0.008126630447804928, 0.0026251415256410837, 0.0030793515034019947, 0.008537319488823414, 0.007548762019723654, 0.008842552080750465, 0.008198725059628487, 0.004605553578585386, 0.006547986995428801, 0.008931712247431278, 0.004161057993769646, 0.008619271218776703, 0.004043213091790676, 0.02038709819316864, 0.0067794737406075, 0.0075254072435200214, 0.008692288771271706, 0.005278960335999727, 0.004852297715842724, 0.0035011915024369955, 0.003862772136926651, 0.010858297348022461, 0.008484113030135632, 0.012075974605977535, 0.008723953738808632, 0.008014462888240814, 0.010851806960999966, 0.013688388280570507, 0.016931774094700813, 0.005926256533712149, 0.0037179396022111177, 0.005049888975918293, 0.0050510442815721035, 0.03593503683805466, 0.0011278213933110237, 0.0060269334353506565, 0.004098203964531422, 0.009907485917210579, 0.038187358528375626, 0.007787939161062241, 0.01946951076388359, 0.025632528588175774, 0.007856636308133602, 0.007674812339246273, 0.003412816906347871, 0.009507541544735432, 0.006498794071376324, 0.007328416686505079, 0.022164655849337578, 0.011605174280703068, 0.012321148999035358, 0.013945143669843674, 0.0027987088542431593, 0.02558094449341297, 0.028798194602131844, 0.01685517467558384, 0.005540087353438139, 0.008156810887157917, 0.0034026685170829296, 0.006487617734819651, 0.011993545107543468, 0.006234185770153999, 0.006867400370538235, 0.0075085959397256374, 0.005739444866776466, 0.006835005711764097, 0.007300207857042551, 0.01137095782905817, 0.009235861711204052, 0.01526570226997137, 0.012578438967466354, 0.0032561919651925564, 0.010976516641676426]
OUTPUT_SCALES: [0.0235294122248888]
OUTPUT_ZERO_POINT: -128

REAL_MULTIPLIERS: [0.008913255296647549, 0.009076111018657684, 0.027996959164738655, 0.004297307226806879, 0.007745213340967894, 0.001347350305877626, 0.00242453720420599, 0.008013327606022358, 0.04956207424402237, 0.013798614032566547, 0.00644763745367527, 0.016707735136151314, 0.003041887655854225, 0.017399754375219345, 0.013861012645065784, 0.007627828046679497, 0.007017872761934996, 0.007483877241611481, 0.005052539054304361, 0.004830479621887207, 0.0331023633480072, 0.006041702348738909, 0.008470739237964153, 0.008126630447804928, 0.0026251415256410837, 0.0030793515034019947, 0.008537319488823414, 0.007548762019723654, 0.008842552080750465, 0.008198725059628487, 0.004605553578585386, 0.006547986995428801, 0.008931712247431278, 0.004161057993769646, 0.008619271218776703, 0.004043213091790676, 0.02038709819316864, 0.0067794737406075, 0.0075254072435200214, 0.008692288771271706, 0.005278960335999727, 0.004852297715842724, 0.0035011915024369955, 0.003862772136926651, 0.010858297348022461, 0.008484113030135632, 0.012075974605977535, 0.008723953738808632, 0.008014462888240814, 0.010851806960999966, 0.013688388280570507, 0.016931774094700813, 0.005926256533712149, 0.0037179396022111177, 0.005049888975918293, 0.0050510442815721035, 0.03593503683805466, 0.0011278213933110237, 0.0060269334353506565, 0.004098203964531422, 0.009907485917210579, 0.038187358528375626, 0.007787939161062241, 0.01946951076388359, 0.025632528588175774, 0.007856636308133602, 0.007674812339246273, 0.003412816906347871, 0.009507541544735432, 0.006498794071376324, 0.007328416686505079, 0.022164655849337578, 0.011605174280703068, 0.012321148999035358, 0.013945143669843674, 0.0027987088542431593, 0.02558094449341297, 0.028798194602131844, 0.01685517467558384, 0.005540087353438139, 0.008156810887157917, 0.0034026685170829296, 0.006487617734819651, 0.011993545107543468, 0.006234185770153999, 0.006867400370538235, 0.0075085959397256374, 0.005739444866776466, 0.006835005711764097, 0.007300207857042551, 0.01137095782905817, 0.009235861711204052, 0.01526570226997137, 0.012578438967466354, 0.0032561919651925564, 0.010976516641676426]

MULTIPLIERS: [1225028480, 1247411200, 1923936384, 1181234816, 2128988032, 1481427328, 1332903424, 1101343360, 1702939904, 1896467072, 1772313088, 1148146816, 1672295424, 1195702016, 1905043072, 2096721408, 1929058176, 2057152512, 1388831360, 1327792128, 1137388544, 1660730496, 1164209536, 1116915584, 1443186816, 1692891392, 1173360256, 2074987904, 1215311104, 1126824192, 1265964928, 1799896960, 1227565184, 1143782912, 1184623616, 1111389952, 1400990720, 1863527552, 2068568192, 1194659072, 1451069568, 1333789440, 1924800384, 2123581440, 1492353024, 1166047616, 1659709312, 1199011072, 1101499392, 1491460992, 1881317760, 1163542656, 1628996992, 2043958912, 1388102912, 1388420480, 1234718464, 1240052736, 1656670848, 1126505728, 1361674496, 1312107648, 2140732416, 1337934592, 1761453952, 1079807872, 2109636352, 1876215936, 1306706560, 1786374912, 2014419840, 1523143552, 1595003008, 1693405824, 1916605952, 1538606464, 1757909120, 1978996864, 1158278784, 1522847616, 1121063552, 1870636800, 1783302784, 1648380288, 1713639936, 1887696640, 2063947136, 1577646592, 1878792064, 2006665856, 1562812544, 1269367168, 2098102144, 1728767488, 1790110464, 1508600960]
SHIFTS: [-6, -6, -5, -7, -7, -9, -8, -6, -4, -6, -7, -5, -8, -5, -6, -7, -7, -7, -7, -7, -4, -7, -6, -6, -8, -8, -6, -7, -6, -6, -7, -7, -6, -7, -6, -7, -5, -7, -7, -6, -7, -7, -8, -8, -6, -6, -6, -6, -6, -6, -6, -5, -7, -8, -7, -7, -4, -9, -7, -7, -6, -4, -7, -5, -5, -6, -7, -8, -6, -7, -7, -5, -6, -6, -6, -8, -5, -5, -5, -7, -6, -8, -7, -6, -7, -7, -7, -7, -7, -7, -6, -6, -6, -6, -8, -6]
Q6: [127, 127, 127, 127, 127, 127, 127, 127, 127, 127, 127, 127, 127, 127, 127, 127, 127, 127, 127, 127, 127, 127, 127, 127, 127, 127, 127, 127, 127, 127, 127, 127, 127, 127, 127, 127, 127, 127, 127, 127, 127, 127, 127, 127, 127, 127, 127, 127, 127, 127, 127, 127, 127, 127, 127, 127, 127, 127, 127, 127, 127, 127, 127, 127, 127, 127, 127, 127, 127, 127, 127, 127, 127, 127, 127, 127, 127, 127, 127, 127, 127, 127, 127, 127, 127, 127, 127, 127, 127, 127, 127, 127, 127, 127, 127, 127]

OFFSETS:
  MUL   = 2656
  SHIFT = 2656
  Q6    = 2656

================================================================================
OP_INDEX: 20
TIPO: CONV_2D
NFEAT: 16

INPUT_SCALE: 0.0235294122248888
WEIGHT_SCALES: [0.008623763918876648, 0.017390834167599678, 0.014214018359780312, 0.020170066505670547, 0.011906825006008148, 0.011258340440690517, 0.01836712844669819, 0.01299535483121872, 0.008956287056207657, 0.02389718033373356, 0.014291146770119667, 0.010056533850729465, 0.03289167955517769, 0.03305592015385628, 0.00937081128358841, 0.009798754937946796]
OUTPUT_SCALES: [0.49798157811164856]
OUTPUT_ZERO_POINT: 0

REAL_MULTIPLIERS: [0.0004074690813801105, 0.0008217093243003279, 0.0006716061638818794, 0.0009530268392959321, 0.0005625922848759823, 0.0005319516721916806, 0.0008678388028903155, 0.0006140248440352757, 0.0004231806544913962, 0.0011291313409968284, 0.0006752504476082107, 0.000475166835336849, 0.0015541175036181921, 0.0015618778002239927, 0.0004427667433186791, 0.0004629868942138318]

MULTIPLIERS: [1792067972, 1806957913, 1476877573, 2095728183, 1237153518, 1169774098, 1908397710, 1350254912, 1861168201, 1241493039, 1484891438, 2089805842, 1708770266, 1717302803, 1947308731, 2036237895]
SHIFTS: [-11, -10, -10, -10, -10, -10, -10, -10, -11, -9, -10, -11, -9, -9, -11, -11]
Q6: [12, 12, 12, 12, 12, 12, 12, 12, 12, 12, 12, 12, 12, 12, 12, 12]

OFFSETS:
  MUL   = 3040
  SHIFT = 3040
  Q6    = 3040

================================================================================
OP_INDEX: 22
TIPO: CONV_2D
NFEAT: 96

INPUT_SCALE: 0.49798157811164856
WEIGHT_SCALES: [0.0003877491399180144, 0.0005373861640691757, 0.0007076248293742537, 0.0007557272911071777, 0.0007210130570456386, 0.000585082801990211, 0.0005426799179986119, 0.0003215030883438885, 0.0005644370685331523, 0.001251877867616713, 0.0017042758408933878, 0.0015657676849514246, 0.001494923490099609, 0.0019133043242618442, 0.0017417293274775147, 0.001516331103630364, 0.0006513543194159865, 0.0013847900554537773, 0.0018517757998779416, 0.000566585804335773, 0.0026469998992979527, 0.0006773683708161116, 0.0005954047082923353, 0.00045164843322709203, 0.0015758257359266281, 0.0013393864501267672, 0.000659625802654773, 0.0040030949749052525, 0.000768077268730849, 0.0004963150131516159, 0.0003042957396246493, 0.0014035683125257492, 0.0014139608247205615, 0.0009354523499496281, 0.0007079730276018381, 0.0017520054243505, 0.0010094300378113985, 0.000717880786396563, 0.0009029034990817308, 0.0005932605708949268, 0.0009055561968125403, 0.0013653584755957127, 0.0009381172712892294, 0.0010130400769412518, 0.0007599652744829655, 0.0014239897718653083, 0.0006993499118834734, 0.0012960440944880247, 0.0017256299033761024, 0.001153451157733798, 0.002343696542084217, 0.0009751886827871203, 0.0015237829647958279, 0.0016116541810333729, 0.0007227795431390405, 0.002327661495655775, 0.0012965406058356166, 0.00037529884139075875, 0.0013874223222956061, 0.0014988593757152557, 0.00036555834230966866, 0.0016248784959316254, 0.0016578782815486193, 0.0016508345725014806, 0.0008885126444511116, 0.0013742317678406835, 0.00024601584300398827, 0.000789952406194061, 0.0009429694036953151, 0.0017081651603803039, 0.0027190768159925938, 0.0012665727408602834, 0.00041648547630757093, 0.0005900817341171205, 0.0015149177052080631, 0.0009366110316477716, 0.0004705643223132938, 0.0008578801644034684, 0.0017119196709245443, 0.0010572365717962384, 0.000570253818295896, 0.0005196640850044787, 0.0003966032818425447, 0.00028469847165979445, 0.0006845660973340273, 0.0011550172930583358, 0.00043630690197460353, 0.0010261849965900183, 0.0007401155889965594, 0.0006501161260530353, 0.0008265187498182058, 0.0007939190836623311, 0.0004136417410336435, 0.0017254984704777598, 0.0022385925985872746, 0.0003860875149257481]
OUTPUT_SCALES: [0.0235294122248888]
OUTPUT_ZERO_POINT: -128

REAL_MULTIPLIERS: [0.008206406805332758, 0.01137335720420012, 0.014976325199914434, 0.015994376121708332, 0.015259676550989068, 0.012382819182915115, 0.011485395359285307, 0.006804361017225325, 0.011945868407011612, 0.026495014416866185, 0.03606966313794764, 0.03313824651699381, 0.03163888462834285, 0.04049358724719514, 0.03686233684252995, 0.032091959999191816, 0.013785403935824185, 0.029307996756448868, 0.039191384226621315, 0.011991344717074392, 0.056021679356675846, 0.014335970955752071, 0.012601274244194348, 0.009558785293079871, 0.0333511172869683, 0.028347065016352677, 0.013960463399154846, 0.08472236934271947, 0.016255753723830244, 0.010504118467876999, 0.006440180960859097, 0.029705423857538767, 0.029925373237228027, 0.01979811620552997, 0.014983694542642203, 0.03707982238312601, 0.02136379601913311, 0.015193384496347368, 0.019109245273863814, 0.012555895255775749, 0.019165387543361067, 0.028896742590367917, 0.019854517178132008, 0.021440199669413313, 0.01608406972005727, 0.030137628047429216, 0.014801193053330525, 0.027429758011240726, 0.03652160514281373, 0.024411890204184623, 0.04960250139216675, 0.020639104562810432, 0.03224967280338679, 0.034109398261648605, 0.01529706284538932, 0.04926313219546907, 0.027440266284973234, 0.007942905989872281, 0.029363706622185265, 0.03172218456424493, 0.007736755956984274, 0.03438928052728001, 0.035087695139673684, 0.034938620555339486, 0.018804674108598974, 0.02908453886989089, 0.00520673260210063, 0.016718723872477508, 0.019957208759617134, 0.036151977538212435, 0.05754713083748473, 0.02680601989792292, 0.008814588854575858, 0.012488617665496768, 0.03206204652876125, 0.01982263879602461, 0.00995912526793771, 0.01815636166416557, 0.0362314388128073, 0.022375583861952087, 0.01206897535922301, 0.010998283283283299, 0.008393797783324896, 0.0060254201357887475, 0.014488305199206582, 0.02444503623150547, 0.00923409380182017, 0.021718401596783152, 0.01566396667587308, 0.013759198543228886, 0.017492621891250074, 0.016802675493819735, 0.00875440342512666, 0.036518823468477506, 0.04737805876061639, 0.008171239813995708]

MULTIPLIERS: [1127879963, 1563142312, 2058330462, 1099125158, 2097273975, 1701881710, 1578540718, 1870368515, 1641827652, 1820723527, 1239344188, 1138621480, 1087103798, 1391349063, 1266580250, 1102671349, 1894651490, 2014030201, 1346605708, 1648077869, 1924890246, 1970320845, 1731905945, 1313749447, 1145935664, 1947995475, 1918711480, 1455519222, 1117086890, 1443675049, 1770263463, 2041341184, 2056455990, 1360516186, 2059343297, 1274052996, 1468108884, 2088162865, 1313177336, 1725669104, 1317035403, 1985769030, 1364392031, 1473359302, 1105288855, 2071042029, 2034260483, 1884958618, 1254872797, 1677572321, 1704328970, 1418308466, 1108090320, 1171990000, 2102412309, 1692668333, 1885680741, 1091664687, 2017858554, 1089965962, 2126663284, 1181606682, 1205604025, 1200481861, 1292247365, 1998674292, 1431215760, 1148901956, 1371448943, 1242172490, 1977304359, 1842095661, 1211467867, 1716422542, 1101643530, 1362201366, 1368771754, 1247695673, 1244902758, 1537638415, 1658747343, 1511592544, 1153634783, 1656254875, 1991257504, 1679850099, 1269124188, 1492477193, 1076419594, 1891049848, 1202083823, 1154671068, 1203196045, 1254777220, 1627897703, 1123046649]
SHIFTS: [-6, -6, -6, -5, -6, -6, -6, -7, -6, -5, -4, -4, -4, -4, -4, -4, -6, -5, -4, -6, -4, -6, -6, -6, -4, -5, -6, -3, -5, -6, -7, -5, -5, -5, -6, -4, -5, -6, -5, -6, -5, -5, -5, -5, -5, -5, -6, -5, -4, -5, -4, -5, -4, -4, -6, -4, -5, -6, -5, -4, -7, -4, -4, -4, -5, -5, -7, -5, -5, -4, -4, -5, -6, -6, -4, -5, -6, -5, -4, -5, -6, -6, -6, -7, -6, -5, -6, -5, -5, -6, -5, -5, -6, -4, -4, -6]
Q6: [127, 127, 127, 127, 127, 127, 127, 127, 127, 127, 127, 127, 127, 127, 127, 127, 127, 127, 127, 127, 127, 127, 127, 127, 127, 127, 127, 127, 127, 127, 127, 127, 127, 127, 127, 127, 127, 127, 127, 127, 127, 127, 127, 127, 127, 127, 127, 127, 127, 127, 127, 127, 127, 127, 127, 127, 127, 127, 127, 127, 127, 127, 127, 127, 127, 127, 127, 127, 127, 127, 127, 127, 127, 127, 127, 127, 127, 127, 127, 127, 127, 127, 127, 127, 127, 127, 127, 127, 127, 127, 127, 127, 127, 127, 127, 127]

OFFSETS:
  MUL   = 3104
  SHIFT = 3104
  Q6    = 3104

================================================================================
OP_INDEX: 23
TIPO: DEPTHWISE_CONV_2D
NFEAT: 96

INPUT_SCALE: 0.0235294122248888
WEIGHT_SCALES: [0.0034275806974619627, 0.0034825047478079796, 0.005261993035674095, 0.006499761249870062, 0.0037627662532031536, 0.002580120926722884, 0.0038982585538178682, 0.01010220032185316, 0.003150882665067911, 0.0031854240223765373, 0.0011370577849447727, 0.002968706889078021, 0.001683729002252221, 0.0012516621500253677, 0.0019559829961508512, 0.002017840975895524, 0.0025212252512574196, 0.0016442291671410203, 0.0008527929312549531, 0.0028121224604547024, 0.0011168799828737974, 0.003637525951489806, 0.004639259073883295, 0.005341663025319576, 0.00242622010409832, 0.0033481984864920378, 0.003851809771731496, 0.0017544628353789449, 0.005717317573726177, 0.004008904565125704, 0.012676979415118694, 0.0035662406589835882, 0.0024283272214233875, 0.002570509444922209, 0.003459146711975336, 0.0026475079357624054, 0.002149471314623952, 0.008514375425875187, 0.0026881187222898006, 0.005204375367611647, 0.0027580237947404385, 0.001632640021853149, 0.0018596622394397855, 0.0026972030755132437, 0.003070991253480315, 0.001770376693457365, 0.004218481946736574, 0.0034218584187328815, 0.0010492912260815501, 0.003164844587445259, 0.0012814984656870365, 0.002503911266103387, 0.0013871064875274897, 0.0038857890758663416, 0.001860030577518046, 0.0008906005532480776, 0.004104756750166416, 0.007524179294705391, 0.0025790666695684195, 0.0011827033013105392, 0.009829296730458736, 0.0011031790636479855, 0.00193737109657377, 0.0045049055479466915, 0.002011127071455121, 0.0017198972636833787, 0.011904893442988396, 0.0015932003734633327, 0.002409998793154955, 0.001252204878255725, 0.0017657466232776642, 0.0038387428503483534, 0.006656152196228504, 0.004553286824375391, 0.0069907233119010925, 0.0037656822241842747, 0.0033504643943160772, 0.0028513348661363125, 0.0010597659274935722, 0.0039826612919569016, 0.005108897108584642, 0.006349899340420961, 0.0036677478346973658, 0.007010301575064659, 0.002903161570429802, 0.003115709638223052, 0.0066118184477090836, 0.003127188654616475, 0.0031851802486926317, 0.002517645712941885, 0.0033607040531933308, 0.0031908885575830936, 0.010165806859731674, 0.0007552822935394943, 0.0013970687286928296, 0.006021130830049515]
OUTPUT_SCALES: [0.0235294122248888]
OUTPUT_ZERO_POINT: -128

REAL_MULTIPLIERS: [0.0034275806974619627, 0.0034825047478079796, 0.005261993035674095, 0.006499761249870062, 0.0037627662532031536, 0.002580120926722884, 0.0038982585538178682, 0.01010220032185316, 0.003150882665067911, 0.0031854240223765373, 0.0011370577849447727, 0.002968706889078021, 0.001683729002252221, 0.0012516621500253677, 0.0019559829961508512, 0.002017840975895524, 0.0025212252512574196, 0.0016442291671410203, 0.0008527929312549531, 0.0028121224604547024, 0.0011168799828737974, 0.003637525951489806, 0.004639259073883295, 0.005341663025319576, 0.00242622010409832, 0.0033481984864920378, 0.003851809771731496, 0.0017544628353789449, 0.005717317573726177, 0.004008904565125704, 0.012676979415118694, 0.0035662406589835882, 0.0024283272214233875, 0.002570509444922209, 0.003459146711975336, 0.0026475079357624054, 0.002149471314623952, 0.008514375425875187, 0.0026881187222898006, 0.005204375367611647, 0.0027580237947404385, 0.001632640021853149, 0.0018596622394397855, 0.0026972030755132437, 0.003070991253480315, 0.001770376693457365, 0.004218481946736574, 0.0034218584187328815, 0.0010492912260815501, 0.003164844587445259, 0.0012814984656870365, 0.002503911266103387, 0.0013871064875274897, 0.0038857890758663416, 0.001860030577518046, 0.0008906005532480776, 0.004104756750166416, 0.007524179294705391, 0.0025790666695684195, 0.0011827033013105392, 0.009829296730458736, 0.0011031790636479855, 0.00193737109657377, 0.0045049055479466915, 0.002011127071455121, 0.0017198972636833787, 0.011904893442988396, 0.0015932003734633327, 0.002409998793154955, 0.001252204878255725, 0.0017657466232776642, 0.0038387428503483534, 0.006656152196228504, 0.004553286824375391, 0.0069907233119010925, 0.0037656822241842747, 0.0033504643943160772, 0.0028513348661363125, 0.0010597659274935722, 0.0039826612919569016, 0.005108897108584642, 0.006349899340420961, 0.0036677478346973658, 0.007010301575064659, 0.002903161570429802, 0.003115709638223052, 0.0066118184477090836, 0.003127188654616475, 0.0031851802486926317, 0.002517645712941885, 0.0033607040531933308, 0.0031908885575830936, 0.010165806859731674, 0.0007552822935394943, 0.0013970687286928296, 0.006021130830049515]

MULTIPLIERS: [1884332416, 1914527232, 1446405632, 1786640768, 2068602624, 1418436480, 2143090304, 1388435840, 1732216064, 1751205376, 1250208256, 1632063872, 1851279616, 1376217088, 1075313024, 1109319808, 1386058240, 1807849088, 1875311488, 1545980672, 1228022528, 1999751040, 1275229824, 1468305152, 1333828608, 1840691584, 2117554816, 1929052288, 1571564288, 1101959296, 1742310784, 1960561536, 1334987008, 1413152512, 1901686016, 1455482880, 1181684352, 1170206848, 1477808896, 1430567808, 1516239616, 1795106688, 2044720256, 1482803072, 1688295296, 1946549760, 1159567488, 1881186560, 1153707904, 1739891712, 1409022464, 1376539776, 1525139712, 2136235136, 2045125248, 1958451328, 1128306944, 2068230656, 1417856896, 1300396032, 1350928256, 1212958208, 2130162048, 1238299008, 1105628800, 1891047040, 1636196096, 1751742336, 1324910848, 1376813824, 1941458944, 2110371200, 1829629184, 1251597952, 1921595392, 2070205696, 1841937280, 1567537920, 1165224960, 1094745600, 1404322944, 1745447040, 2016365696, 1926977024, 1596029952, 1712879488, 1817442816, 1719190144, 1751071360, 1384090368, 1847566592, 1754209536, 1397177856, 1660883328, 1536093312, 1655075840]
SHIFTS: [-8, -8, -7, -7, -8, -8, -8, -6, -8, -8, -9, -8, -9, -9, -8, -8, -8, -9, -10, -8, -9, -8, -7, -7, -8, -8, -8, -9, -7, -7, -6, -8, -8, -8, -8, -8, -8, -6, -8, -7, -8, -9, -9, -8, -8, -9, -7, -8, -9, -8, -9, -8, -9, -8, -9, -10, -7, -7, -8, -9, -6, -9, -9, -7, -8, -9, -6, -9, -8, -9, -9, -8, -7, -7, -7, -8, -8, -8, -9, -7, -7, -7, -8, -7, -8, -8, -7, -8, -8, -8, -8, -8, -6, -10, -9, -7]
Q6: [127, 127, 127, 127, 127, 127, 127, 127, 127, 127, 127, 127, 127, 127, 127, 127, 127, 127, 127, 127, 127, 127, 127, 127, 127, 127, 127, 127, 127, 127, 127, 127, 127, 127, 127, 127, 127, 127, 127, 127, 127, 127, 127, 127, 127, 127, 127, 127, 127, 127, 127, 127, 127, 127, 127, 127, 127, 127, 127, 127, 127, 127, 127, 127, 127, 127, 127, 127, 127, 127, 127, 127, 127, 127, 127, 127, 127, 127, 127, 127, 127, 127, 127, 127, 127, 127, 127, 127, 127, 127, 127, 127, 127, 127, 127, 127]

OFFSETS:
  MUL   = 3488
  SHIFT = 3488
  Q6    = 3488

================================================================================
OP_INDEX: 24
TIPO: CONV_2D
NFEAT: 24

INPUT_SCALE: 0.0235294122248888
WEIGHT_SCALES: [0.011890443973243237, 0.02289516292512417, 0.01516704447567463, 0.03311833366751671, 0.015446820296347141, 0.017115486785769463, 0.015509359538555145, 0.020609302446246147, 0.02088392898440361, 0.017550624907016754, 0.013206575997173786, 0.02043810486793518, 0.015926873311400414, 0.007698589004576206, 0.018744170665740967, 0.015834219753742218, 0.015669135376811028, 0.014729933813214302, 0.011517188511788845, 0.013870079070329666, 0.012319034896790981, 0.012678902596235275, 0.021685028448700905, 0.01489051803946495]
OUTPUT_SCALES: [0.2258613109588623]
OUTPUT_ZERO_POINT: 4

REAL_MULTIPLIERS: [0.001238703329028061, 0.002385135037666351, 0.0015800476858401408, 0.0034501478883488157, 0.001609193716150569, 0.0017830293391211053, 0.001615708827587305, 0.002147002383305291, 0.002175611980038651, 0.0018283604504394843, 0.0013758131899509857, 0.0021291676404939595, 0.001659203898208914, 0.0008020110813563053, 0.001952699718847453, 0.0016495515866067768, 0.001632353694943913, 0.001534511082332174, 0.001199818928771697, 0.001444934533728224, 0.0012833523770353907, 0.0013208420888001001, 0.0022590676168122363, 0.0015512401646182257]

MULTIPLIERS: [1361968714, 1311241854, 1737280803, 1896738860, 1769327202, 1960461491, 1776490643, 1180327043, 1196055335, 2010303575, 1512722600, 1170522289, 1824313979, 1763641019, 2147016046, 1813701150, 1794791868, 1687212778, 1319214863, 1588722321, 1411060861, 1452281235, 1241935556, 1705606598]
SHIFTS: [-9, -8, -9, -8, -9, -9, -9, -8, -8, -9, -9, -8, -9, -10, -9, -9, -9, -9, -9, -9, -9, -9, -8, -9]
Q6: [31, 31, 31, 31, 31, 31, 31, 31, 31, 31, 31, 31, 31, 31, 31, 31, 31, 31, 31, 31, 31, 31, 31, 31]

OFFSETS:
  MUL   = 3872
  SHIFT = 3872
  Q6    = 3872

================================================================================
OP_INDEX: 25
TIPO: CONV_2D
NFEAT: 144

INPUT_SCALE: 0.2258613109588623
WEIGHT_SCALES: [0.0003589477564673871, 0.00037278133095242083, 0.0004615637590177357, 0.00036506226751953363, 0.0007104468531906605, 0.0004935978213325143, 0.0005692528793588281, 0.000820389308501035, 0.0004198618116788566, 0.0005712967249564826, 0.0006737341172993183, 0.0005030542961321771, 0.0007589437300339341, 0.0007904351223260164, 0.0009742557303979993, 0.001329103484749794, 0.00048370222793892026, 0.00046470918459817767, 0.0008023908594623208, 0.0003966577351093292, 0.0005140611901879311, 0.000793393817730248, 0.0011408969294279814, 0.0005313033470883965, 0.0006134984432719648, 0.0008818777860142291, 0.0007580520468764007, 0.00024066107289399952, 0.0005537669057957828, 0.0013056619791314006, 0.00036893674405291677, 0.0012250543804839253, 0.0006364104337990284, 0.0007944641401991248, 0.00033556201378814876, 0.0013610579771921039, 0.0005581304430961609, 0.0006196624599397182, 0.0006413407390937209, 0.00032190626370720565, 0.0004009902768302709, 0.00031887422665022314, 0.0010016096057370305, 0.0011623470345512033, 0.000715826521627605, 0.0008885178249329329, 0.0009817456593737006, 0.00039277845644392073, 0.0006234030006453395, 0.00027070619398728013, 0.0009901892626658082, 0.0006815100205130875, 0.00029354155412875116, 0.0002458155795466155, 0.0008268067613244057, 0.0008098596590571105, 0.0002988346095662564, 0.0019179400987923145, 0.0008019115193746984, 0.0004117463540751487, 0.0006084110937081277, 0.0005714361323043704, 0.0004735778202302754, 0.0007344781770370901, 0.000667861255351454, 0.000602078449446708, 0.0006525252829305828, 0.0012753685005009174, 0.0008960349950939417, 0.0007147772121243179, 0.0012832024367526174, 0.0011982909636572003, 0.0011602671584114432, 0.0012870758073404431, 0.0007012086571194232, 0.0008942303247749805, 0.0005475149373523891, 0.0032951601315289736, 0.0008021998219192028, 0.0003315419307909906, 0.00039509503403678536, 0.0008508012979291379, 0.0003568014071788639, 0.000491695071104914, 0.0013514356687664986, 0.0010098114144057035, 0.0004624167922884226, 0.0006768142338842154, 0.0011919912649318576, 0.0004045679816044867, 0.0009948196820914745, 0.0010588258737698197, 0.0005729750264436007, 0.0006236035260371864, 0.0004699663841165602, 0.00044501328375190496, 0.0007117506465874612, 0.0005231481627561152, 0.0008421530947089195, 0.00032184881274588406, 0.000790699094068259, 0.0007870739791542292, 0.0006157177267596126, 0.0010767674539238214, 0.0010514078894630075, 0.0005379840149544179, 0.0001317197020398453, 0.0002505614538677037, 0.0009490630473010242, 0.0006764827412553132, 0.0006143467035144567, 0.0008380270446650684, 0.0005630398518405855, 0.000170767743838951, 0.0010824068449437618, 0.0003915606648661196, 0.0016550073632970452, 0.0004912743461318314, 0.0008764872327446938, 0.0009179604239761829, 0.00030887205502949655, 0.0005658146110363305, 0.0010197121882811189, 0.0010374276898801327, 0.0005721363122574985, 0.000905124528799206, 0.0007752229575999081, 0.0012616433668881655, 0.0021775118075311184, 0.0004494943714234978, 0.0010760898003354669, 0.000527037016581744, 0.0004983429098501801, 0.0008841642993502319, 0.0006239648209884763, 0.0007149927550926805, 0.0007461948553100228, 0.0005855599883943796, 0.0009407780016772449, 0.0012474629329517484, 0.0002027606824412942, 0.0008184711914509535, 0.001648007077164948, 0.00047535155317746103]
OUTPUT_SCALES: [0.0235294122248888]
OUTPUT_ZERO_POINT: -128

REAL_MULTIPLIERS: [0.003445577393374502, 0.0035783673346859897, 0.004430599230718304, 0.0035042712302162677, 0.006819654315822983, 0.004738097575368857, 0.005464318461091504, 0.007875003546356287, 0.0040302978374887, 0.005483937550666358, 0.006467244889779863, 0.00482887127489383, 0.00728518095442069, 0.00758747015225649, 0.00935198356736325, 0.012758204607765097, 0.004643108730121424, 0.004460792502795483, 0.007702234534693078, 0.0038075594578176777, 0.004934527612470688, 0.007615870981666961, 0.010951590022166917, 0.00510003689608884, 0.005889036298240214, 0.008465237930762384, 0.007276621593693973, 0.002310131035194694, 0.005315666966655789, 0.012533187121598593, 0.003541462739326028, 0.01175942627582164, 0.006108970913166366, 0.007626145119994715, 0.0032210951815455, 0.013064939152812972, 0.005357553021677546, 0.00594820534471042, 0.006156297433975448, 0.0030900121954543346, 0.0038491479830015224, 0.003060907351779509, 0.009614556303342764, 0.01115749184483173, 0.006871294320854942, 0.008528976365053145, 0.00942388018599834, 0.0037703218525358463, 0.005984111189675512, 0.002598537323171069, 0.009504931225035972, 0.006541886605304461, 0.002817736354939266, 0.0023596096884980072, 0.007936605353228876, 0.0077739283301710566, 0.00286854495264951, 0.018410509404718004, 0.007697633298608183, 0.00395239670354258, 0.005840202292919043, 0.005485275736510114, 0.004545923472117499, 0.0070503335294027514, 0.006410870668190853, 0.0057794145723823, 0.006263659050548189, 0.012242396823413933, 0.008601134474700711, 0.00686122188820134, 0.01231759560419374, 0.011502521413411668, 0.011137526894280972, 0.012354776497215387, 0.0067309758968466865, 0.008583811253865727, 0.005255653661809837, 0.03163058983425279, 0.007700400745156876, 0.003182505980624402, 0.0037925589253135876, 0.008166931442193508, 0.0034249743600539887, 0.004719832875140668, 0.012972573598812483, 0.00969328633027394, 0.0044387875871025355, 0.006496811253916878, 0.011442049940552403, 0.0038834907486773014, 0.009549379109741912, 0.010163781298108672, 0.005500047743749028, 0.0059860360540728965, 0.004511256915754264, 0.0042717294721028014, 0.006832169566225602, 0.00502175442108286, 0.008083916426854918, 0.0030894607176139227, 0.00759000404486669, 0.007555206184255739, 0.005910339434634725, 0.010336004419346264, 0.010092575283942425, 0.005164165331932395, 0.001264391319999103, 0.0024051658369288274, 0.009110156343781558, 0.0064936292211902865, 0.005897178837823113, 0.008044310037070122, 0.005404678954295435, 0.0016392175938910404, 0.01039013752886041, 0.0037586321426694063, 0.015886590329929385, 0.004715794291725777, 0.00841349344107373, 0.008811598980288321, 0.0029648954508828427, 0.00543131416063022, 0.009788324903513062, 0.009958377872843704, 0.00549199683776879, 0.008688385867937987, 0.007441446977741037, 0.01211064781747903, 0.020902165628988827, 0.004314743905542705, 0.01032949955104021, 0.005059083939338094, 0.004783646180789702, 0.008487186413565887, 0.005989504162437067, 0.006863290907900475, 0.007162803160582428, 0.005620852121580602, 0.009030627316534486, 0.011974528335690323, 0.0019463211876862218, 0.007856591338377471, 0.01581939384462109, 0.00456294972185605]

MULTIPLIERS: [1894226204, 1967228246, 1217873843, 1926493482, 1874572304, 1302398344, 1502020421, 1082332246, 1107839834, 1507413276, 1777702739, 1327350029, 2002535292, 2085627914, 1285326834, 1753474289, 1276288009, 1226173306, 2117174108, 2093227949, 1356392622, 2093434675, 1505175072, 1401887467, 1618765972, 1163453442, 2000182513, 1270007967, 1461159410, 1722548122, 1946939731, 1616203241, 1679221138, 2096258809, 1770815803, 1795631564, 1472672961, 1635030235, 1692230153, 1698752169, 2116091482, 1682751612, 1321414556, 1533474003, 1888767001, 1172213586, 1295208230, 2072756359, 1644899959, 1428561001, 1306347800, 1798220098, 1549066943, 1297209145, 1090798734, 2136881148, 1576999265, 1265160573, 2115909330, 1086426533, 1605342582, 1507781113, 1249573929, 1937980924, 1762206711, 1588633381, 1721741490, 1682582207, 1182130921, 1885998312, 1692917449, 1580894505, 1530730041, 1698027552, 1850196566, 1179750036, 1444663078, 1086818791, 2116670039, 1749601166, 2084981319, 1122454510, 1882899567, 1297377782, 1782936939, 1332235129, 1220124641, 1785829879, 1572583369, 2134971617, 1312456671, 1396899465, 1511841612, 1645429061, 1240044859, 1174204056, 1878012470, 1380369344, 1111045014, 1698448991, 2086324426, 2076759262, 1624621733, 1420569630, 1387112985, 1419514958, 1390212958, 1322253902, 1252090354, 1784955209, 1621004176, 1105601553, 1485626839, 1802338805, 1428009628, 2066329873, 1091718175, 1296267664, 1156341734, 1211056942, 1629968512, 1492948268, 1345297131, 1368669033, 1509628596, 1194122661, 2045489370, 1664474762, 1436385885, 1186027774, 1419675608, 1390630404, 1314918650, 1166470019, 1646382368, 1886567040, 1968896341, 1545048066, 1241159968, 1645766643, 2140002777, 1079801691, 1087100467, 1254254069]
SHIFTS: [-8, -8, -7, -8, -7, -7, -7, -6, -7, -7, -7, -7, -7, -7, -6, -6, -7, -7, -7, -8, -7, -7, -6, -7, -7, -6, -7, -8, -7, -6, -8, -6, -7, -7, -8, -6, -7, -7, -7, -8, -8, -8, -6, -6, -7, -6, -6, -8, -7, -8, -6, -7, -8, -8, -6, -7, -8, -5, -7, -7, -7, -7, -7, -7, -7, -7, -7, -6, -6, -7, -6, -6, -6, -6, -7, -6, -7, -4, -7, -8, -8, -6, -8, -7, -6, -6, -7, -7, -6, -8, -6, -6, -7, -7, -7, -7, -7, -7, -6, -8, -7, -7, -7, -6, -6, -7, -9, -8, -6, -7, -7, -6, -7, -9, -6, -8, -5, -7, -6, -6, -8, -7, -6, -6, -7, -6, -7, -6, -5, -7, -6, -7, -7, -6, -7, -7, -7, -7, -6, -6, -9, -6, -5, -7]
Q6: [127, 127, 127, 127, 127, 127, 127, 127, 127, 127, 127, 127, 127, 127, 127, 127, 127, 127, 127, 127, 127, 127, 127, 127, 127, 127, 127, 127, 127, 127, 127, 127, 127, 127, 127, 127, 127, 127, 127, 127, 127, 127, 127, 127, 127, 127, 127, 127, 127, 127, 127, 127, 127, 127, 127, 127, 127, 127, 127, 127, 127, 127, 127, 127, 127, 127, 127, 127, 127, 127, 127, 127, 127, 127, 127, 127, 127, 127, 127, 127, 127, 127, 127, 127, 127, 127, 127, 127, 127, 127, 127, 127, 127, 127, 127, 127, 127, 127, 127, 127, 127, 127, 127, 127, 127, 127, 127, 127, 127, 127, 127, 127, 127, 127, 127, 127, 127, 127, 127, 127, 127, 127, 127, 127, 127, 127, 127, 127, 127, 127, 127, 127, 127, 127, 127, 127, 127, 127, 127, 127, 127, 127, 127, 127]

OFFSETS:
  MUL   = 3968
  SHIFT = 3968
  Q6    = 3968

================================================================================
OP_INDEX: 26
TIPO: DEPTHWISE_CONV_2D
NFEAT: 144

INPUT_SCALE: 0.0235294122248888
WEIGHT_SCALES: [0.022750690579414368, 0.01814982481300831, 0.011724267154932022, 0.009609879925847054, 0.010177450254559517, 0.014987098053097725, 0.00848181638866663, 0.012490889988839626, 0.013598918914794922, 0.011882343329489231, 0.00848937127739191, 0.007659830152988434, 0.006613228935748339, 0.010400102473795414, 0.023449426516890526, 0.009854218922555447, 0.011165733449161053, 0.008535319939255714, 0.022020872682332993, 0.013544794172048569, 0.006680045742541552, 0.010245087556540966, 0.006730666384100914, 0.008395985700190067, 0.010626206174492836, 0.05287802591919899, 0.020282529294490814, 0.018406007438898087, 0.010470111854374409, 0.018281979486346245, 0.015277710743248463, 0.009221689775586128, 0.009605229832231998, 0.009336601011455059, 0.026219196617603302, 0.010866339318454266, 0.018407152965664864, 0.010575133375823498, 0.012288667261600494, 0.029338005930185318, 0.008710241876542568, 0.0447491891682148, 0.0051055168733000755, 0.0068451170809566975, 0.012797670438885689, 0.009624256752431393, 0.012994004413485527, 0.010499101132154465, 0.009835722856223583, 0.014325720258057117, 0.00813195388764143, 0.00905697327107191, 0.0192377008497715, 0.038172464817762375, 0.010515207424759865, 0.015343664214015007, 0.009494349360466003, 0.00752542819827795, 0.020408784970641136, 0.021764349192380905, 0.014087260700762272, 0.009952276013791561, 0.00737751042470336, 0.005943972151726484, 0.011967944912612438, 0.010377727448940277, 0.010760325938463211, 0.007737699430435896, 0.010705394670367241, 0.011250125244259834, 0.00866241566836834, 0.004170926287770271, 0.022243304178118706, 0.003430852899327874, 0.008668088354170322, 0.022826336324214935, 0.007763253059238195, 0.014383516274392605, 0.007631021551787853, 0.009977152571082115, 0.01661878637969494, 0.017552655190229416, 0.022931117564439774, 0.010432461276650429, 0.012085399590432644, 0.0067437621764838696, 0.014225115068256855, 0.00989025179296732, 0.008904237300157547, 0.01264758687466383, 0.009569653309881687, 0.00875308457762003, 0.01705336757004261, 0.009545932523906231, 0.007780574262142181, 0.01178471278399229, 0.0077626085840165615, 0.02707524225115776, 0.002983034122735262, 0.017292043194174767, 0.009763519279658794, 0.007696579676121473, 0.015743404626846313, 0.006560143548995256, 0.007432897575199604, 0.010576949454843998, 0.031874705106019974, 0.014043353497982025, 0.013531191274523735, 0.018463388085365295, 0.007354381028562784, 0.008354218676686287, 0.007635051384568214, 0.01974398083984852, 0.027437401935458183, 0.02228899672627449, 0.004916988778859377, 0.003311105305328965, 0.009609706699848175, 0.00574770150706172, 0.013915176503360271, 0.007139250170439482, 0.0023404057137668133, 0.01860753819346428, 0.0046059750020504, 0.006874379236251116, 0.02717379294335842, 0.006526499055325985, 0.007137736771255732, 0.018846485763788223, 0.0024839078541845083, 0.0025973401498049498, 0.013754231855273247, 0.0066433255560696125, 0.019692178815603256, 0.00825970247387886, 0.007148286327719688, 0.008698507212102413, 0.008350432850420475, 0.0127602843567729, 0.04211868345737457, 0.011651549488306046, 0.006690232548862696, 0.01961510255932808]
OUTPUT_SCALES: [0.0235294122248888]
OUTPUT_ZERO_POINT: -128

REAL_MULTIPLIERS: [0.022750690579414368, 0.01814982481300831, 0.011724267154932022, 0.009609879925847054, 0.010177450254559517, 0.014987098053097725, 0.00848181638866663, 0.012490889988839626, 0.013598918914794922, 0.011882343329489231, 0.00848937127739191, 0.007659830152988434, 0.006613228935748339, 0.010400102473795414, 0.023449426516890526, 0.009854218922555447, 0.011165733449161053, 0.008535319939255714, 0.022020872682332993, 0.013544794172048569, 0.006680045742541552, 0.010245087556540966, 0.006730666384100914, 0.008395985700190067, 0.010626206174492836, 0.05287802591919899, 0.020282529294490814, 0.018406007438898087, 0.010470111854374409, 0.018281979486346245, 0.015277710743248463, 0.009221689775586128, 0.009605229832231998, 0.009336601011455059, 0.026219196617603302, 0.010866339318454266, 0.018407152965664864, 0.010575133375823498, 0.012288667261600494, 0.029338005930185318, 0.008710241876542568, 0.0447491891682148, 0.0051055168733000755, 0.0068451170809566975, 0.012797670438885689, 0.009624256752431393, 0.012994004413485527, 0.010499101132154465, 0.009835722856223583, 0.014325720258057117, 0.00813195388764143, 0.00905697327107191, 0.0192377008497715, 0.038172464817762375, 0.010515207424759865, 0.015343664214015007, 0.009494349360466003, 0.00752542819827795, 0.020408784970641136, 0.021764349192380905, 0.014087260700762272, 0.009952276013791561, 0.00737751042470336, 0.005943972151726484, 0.011967944912612438, 0.010377727448940277, 0.010760325938463211, 0.007737699430435896, 0.010705394670367241, 0.011250125244259834, 0.00866241566836834, 0.004170926287770271, 0.022243304178118706, 0.003430852899327874, 0.008668088354170322, 0.022826336324214935, 0.007763253059238195, 0.014383516274392605, 0.007631021551787853, 0.009977152571082115, 0.01661878637969494, 0.017552655190229416, 0.022931117564439774, 0.010432461276650429, 0.012085399590432644, 0.0067437621764838696, 0.014225115068256855, 0.00989025179296732, 0.008904237300157547, 0.01264758687466383, 0.009569653309881687, 0.00875308457762003, 0.01705336757004261, 0.009545932523906231, 0.007780574262142181, 0.01178471278399229, 0.0077626085840165615, 0.02707524225115776, 0.002983034122735262, 0.017292043194174767, 0.009763519279658794, 0.007696579676121473, 0.015743404626846313, 0.006560143548995256, 0.007432897575199604, 0.010576949454843998, 0.031874705106019974, 0.014043353497982025, 0.013531191274523735, 0.018463388085365295, 0.007354381028562784, 0.008354218676686287, 0.007635051384568214, 0.01974398083984852, 0.027437401935458183, 0.02228899672627449, 0.004916988778859377, 0.003311105305328965, 0.009609706699848175, 0.00574770150706172, 0.013915176503360271, 0.007139250170439482, 0.0023404057137668133, 0.01860753819346428, 0.0046059750020504, 0.006874379236251116, 0.02717379294335842, 0.006526499055325985, 0.007137736771255732, 0.018846485763788223, 0.0024839078541845083, 0.0025973401498049498, 0.013754231855273247, 0.0066433255560696125, 0.019692178815603256, 0.00825970247387886, 0.007148286327719688, 0.008698507212102413, 0.008350432850420475, 0.0127602843567729, 0.04211868345737457, 0.011651549488306046, 0.006690232548862696, 0.01961510255932808]

MULTIPLIERS: [1563415552, 1247246464, 1611371008, 1320771840, 1398778112, 2059811072, 1165731968, 1716734848, 1869021184, 1633096832, 1166770304, 2105518080, 1817830528, 1429379200, 1611432320, 1354353536, 1534606720, 1173085440, 1513262848, 1861582336, 1836196992, 1408074112, 1850111488, 1153935488, 1460454656, 1816875136, 1393804800, 1264851200, 1439001216, 1256328064, 2099752576, 1267419392, 1320132736, 1283212672, 1801769472, 1493458304, 1264929920, 1453435264, 1688941568, 2016092416, 1197126528, 1537570432, 1403393792, 1881571456, 1758898432, 1322747776, 1785882368, 1442985472, 1351811456, 1968912000, 1117647232, 1244780928, 1322004736, 1311595904, 1445199104, 2108817152, 1304893440, 2068573952, 1402481024, 1495634688, 1936138368, 1367830400, 2027914624, 1633866624, 1644861824, 1426304000, 1478887936, 2126922624, 1471338240, 1546205440, 1190553344, 1146495488, 1528548224, 1886131328, 1191332992, 1568613888, 2133946752, 1976855424, 2097599232, 1371249408, 1142034304, 1206209280, 1575814400, 1433826560, 1661004672, 1853711232, 1955084928, 1359305856, 1223789056, 1738271104, 1315243136, 1203014784, 1171898496, 1311982976, 2138707968, 1619678592, 2133769600, 1860596480, 1639940352, 1188300160, 1341887872, 2115619712, 1081878528, 1803238528, 2043139328, 1453684864, 1095206528, 1930103808, 1859712768, 1268794368, 2021556864, 1148195072, 2098706944, 1356796032, 1885483904, 1531688192, 1351571584, 1820299392, 1320748032, 1579916160, 1912487296, 1962422144, 1286651648, 1278700288, 1266080768, 1889614976, 1867368832, 1793990400, 1962006144, 1295120640, 1365542784, 1427902848, 1890367232, 1826103424, 1353236224, 1135204864, 1964905984, 1195513728, 1147674752, 1753760128, 1447186944, 1601376768, 1838997120, 1347939584]
SHIFTS: [-5, -5, -6, -6, -6, -6, -6, -6, -6, -6, -6, -7, -7, -6, -5, -6, -6, -6, -5, -6, -7, -6, -7, -6, -6, -4, -5, -5, -6, -5, -6, -6, -6, -6, -5, -6, -5, -6, -6, -5, -6, -4, -7, -7, -6, -6, -6, -6, -6, -6, -6, -6, -5, -4, -6, -6, -6, -7, -5, -5, -6, -6, -7, -7, -6, -6, -6, -7, -6, -6, -6, -7, -5, -8, -6, -5, -7, -6, -7, -6, -5, -5, -5, -6, -6, -7, -6, -6, -6, -6, -6, -6, -5, -6, -7, -6, -7, -5, -8, -5, -6, -7, -5, -7, -7, -6, -4, -6, -6, -5, -7, -6, -7, -5, -5, -5, -7, -8, -6, -7, -6, -7, -8, -5, -7, -7, -5, -7, -7, -5, -8, -8, -6, -7, -5, -6, -7, -6, -6, -6, -4, -6, -7, -5]
Q6: [127, 127, 127, 127, 127, 127, 127, 127, 127, 127, 127, 127, 127, 127, 127, 127, 127, 127, 127, 127, 127, 127, 127, 127, 127, 127, 127, 127, 127, 127, 127, 127, 127, 127, 127, 127, 127, 127, 127, 127, 127, 127, 127, 127, 127, 127, 127, 127, 127, 127, 127, 127, 127, 127, 127, 127, 127, 127, 127, 127, 127, 127, 127, 127, 127, 127, 127, 127, 127, 127, 127, 127, 127, 127, 127, 127, 127, 127, 127, 127, 127, 127, 127, 127, 127, 127, 127, 127, 127, 127, 127, 127, 127, 127, 127, 127, 127, 127, 127, 127, 127, 127, 127, 127, 127, 127, 127, 127, 127, 127, 127, 127, 127, 127, 127, 127, 127, 127, 127, 127, 127, 127, 127, 127, 127, 127, 127, 127, 127, 127, 127, 127, 127, 127, 127, 127, 127, 127, 127, 127, 127, 127, 127, 127]

OFFSETS:
  MUL   = 4544
  SHIFT = 4544
  Q6    = 4544

================================================================================
OP_INDEX: 27
TIPO: CONV_2D
NFEAT: 24

INPUT_SCALE: 0.0235294122248888
WEIGHT_SCALES: [0.0045663476921617985, 0.008207128383219242, 0.004874314181506634, 0.006571772508323193, 0.004303347785025835, 0.011540507897734642, 0.004229583311825991, 0.006319655105471611, 0.00790297333151102, 0.0058362772688269615, 0.005481422878801823, 0.015899620950222015, 0.004975027870386839, 0.043720792979002, 0.0057027824223041534, 0.011454337276518345, 0.006737587973475456, 0.005775805097073317, 0.02477419748902321, 0.0032862334046512842, 0.0044581471011042595, 0.013063528575003147, 0.014272481203079224, 0.005019041243940592]
OUTPUT_SCALES: [0.254259318113327]
OUTPUT_ZERO_POINT: -4

REAL_MULTIPLIERS: [0.00042257439376579894, 0.0007594958892530314, 0.0004510739214645898, 0.0006081584169418998, 0.0003982361186692246, 0.00106797017165504, 0.0003914098803612256, 0.0005848272197028702, 0.0007313490758145744, 0.0005400949500531987, 0.0005072563690144836, 0.0014713668640867917, 0.00046039406721159966, 0.004045966017825332, 0.0005277412031107429, 0.0010599958559708875, 0.0006235031463377772, 0.0005344987946482213, 0.002292629074857407, 0.00030411133412532726, 0.0004125614025847453, 0.0012089120321476707, 0.0013207897204756396, 0.000464467108929161]

MULTIPLIERS: [1858501838, 1670149123, 1983844087, 1337354502, 1751460972, 1174245622, 1721438859, 1286048657, 1608253626, 1187681355, 1115468552, 1617784976, 2024834521, 1112146671, 1160515179, 1165477769, 1371097919, 1175375279, 1260386163, 1337495792, 1814464237, 1329212836, 1452223656, 2042747948]
SHIFTS: [-11, -10, -11, -10, -11, -9, -11, -10, -10, -10, -10, -9, -11, -7, -10, -9, -10, -10, -8, -11, -11, -9, -9, -11]
Q6: [20, 20, 20, 20, 20, 20, 20, 20, 20, 20, 20, 20, 20, 20, 20, 20, 20, 20, 20, 20, 20, 20, 20, 20]

OFFSETS:
  MUL   = 5120
  SHIFT = 5120
  Q6    = 5120

================================================================================
OP_INDEX: 29
TIPO: CONV_2D
NFEAT: 144

INPUT_SCALE: 0.254259318113327
WEIGHT_SCALES: [0.0011776804458349943, 0.0004037426842842251, 0.0005348827107809484, 0.00027613883139565587, 0.0006296328501775861, 0.00043811791692860425, 0.0007123667746782303, 0.0003652131126727909, 0.0007884754450060427, 0.0011837392812594771, 0.0005252769333310425, 0.000830534438136965, 0.0005328366532921791, 0.000331339513650164, 0.0005744522786699235, 0.0005170211661607027, 0.0008970506605692208, 0.0014203331666067243, 0.00045066827442497015, 0.0002914780634455383, 0.0005544549785554409, 0.0006894746911711991, 0.0001783630868885666, 0.00038274427060969174, 0.0005052023334428668, 0.0005442531546577811, 0.0002845748676918447, 0.0002313867153134197, 0.000509213306941092, 0.0007763688336126506, 0.0006372744683176279, 0.000381108489818871, 0.00045849831076338887, 0.0009187087998725474, 0.0003578097384888679, 0.0009492916287854314, 0.0006455691182054579, 0.0007622113334946334, 0.0005817705532535911, 0.0017781974747776985, 0.0005853264592587948, 0.001028162078000605, 0.00015066047490108758, 0.0004716584808193147, 0.0005423548282124102, 0.00030267098918557167, 0.0004221014678478241, 0.000718344294000417, 0.0008938902756199241, 0.0008630540105514228, 0.0007392840343527496, 0.0004565161361824721, 0.0008240386960096657, 0.0011220213491469622, 0.0004640726838260889, 0.00043375673703849316, 0.0011729426914826035, 0.0006178620387800038, 0.000462418858660385, 0.0007684617303311825, 0.0004942418891005218, 0.00047123373951762915, 0.0003667633282020688, 0.0011497909436002374, 0.0010904662776738405, 0.0005025615100748837, 0.0015581214101985097, 0.0003243310493417084, 0.0008708321838639677, 0.0004323418834246695, 0.0007415488944388926, 0.0008474373607896268, 0.0003281614917796105, 0.0008445996209047735, 0.0005091553903184831, 0.0005535787204280496, 0.0003867971827276051, 0.0012204835657030344, 0.0008182284072972834, 0.0007653979118913412, 0.0008500800468027592, 0.0006194284069351852, 0.0009763605194166303, 0.0002951999776996672, 0.00034159477218054235, 0.0008987790788523853, 0.0005170187796466053, 0.0009180443012155592, 0.0007158532971516252, 0.0003618164046201855, 0.0005476999212987721, 0.0008890050230547786, 0.0005712294951081276, 0.0005022805999033153, 0.0004484615637920797, 0.0004141749523114413, 0.0003206672554370016, 0.0010232464410364628, 0.0008595024701207876, 0.0005295533919706941, 0.00041762838372960687, 0.0008569281199015677, 0.00048152796807698905, 0.001073247753083706, 0.0006407828186638653, 0.0008062729611992836, 0.0008954264922067523, 0.0003506411740090698, 0.0008495295187458396, 0.0002794390020426363, 0.0010234463261440396, 0.0007656392408534884, 0.0007286456529982388, 0.0012225417885929346, 0.00026683276519179344, 0.0004940031212754548, 0.0005662672338075936, 0.0010719976853579283, 0.0009510234231129289, 0.0012055524857714772, 0.0002675652503967285, 0.0004552258469630033, 0.00039507460314780474, 0.0003758382226806134, 0.0006451192311942577, 0.0005840121884830296, 0.0009418222471140325, 0.001266044331714511, 0.00044855475425720215, 0.0003993696009274572, 0.0009314647177234292, 0.000434167159255594, 0.0009280983940698206, 0.00018364950665272772, 0.0011531782802194357, 0.0007919804193079472, 0.0006724105915054679, 0.0010724607855081558, 0.000542767287697643, 0.00021385951549746096, 0.0006849173805676401, 0.0006874674581922591, 0.0007540310616604984, 0.0011605002218857408]
OUTPUT_SCALES: [0.0235294122248888]
OUTPUT_ZERO_POINT: -128

REAL_MULTIPLIERS: [0.012726039403426693, 0.004362851847644762, 0.005779953702792275, 0.00298396195808934, 0.006803825680718219, 0.004734311326896081, 0.007697850190438954, 0.003946500495069988, 0.008520282065706635, 0.012791511305098778, 0.0056761534717870155, 0.008974772420662875, 0.005757843962993299, 0.0035804616791735543, 0.006207543276782892, 0.0055869414799544015, 0.009693548104366961, 0.015348149753319005, 0.004869930751155607, 0.003149718018806391, 0.00599145203563248, 0.007450477859712635, 0.001927395228381629, 0.004135942552532795, 0.005459226927673585, 0.005881210914309974, 0.003075121941847004, 0.0025003696604814214, 0.005502569590757647, 0.008389457771069524, 0.0068864011653499285, 0.004118266271269083, 0.004954542286759673, 0.009927586408351553, 0.0038664994795855915, 0.010258065093966198, 0.006976033324636832, 0.008236471530198247, 0.006286624704216135, 0.01921523891402495, 0.006325049898501346, 0.01111034080935911, 0.0016280402267958305, 0.005096751358227073, 0.005860697559240018, 0.003270669007260904, 0.004561237244851296, 0.0077624433886175626, 0.00965939691884207, 0.009326179596856205, 0.007988718658588925, 0.0049331228669922565, 0.008904579296068794, 0.012124586046434913, 0.00501477907806941, 0.004687184326254039, 0.012674843131309317, 0.006676630047823314, 0.004996907808915234, 0.00830401344847522, 0.005340788138040076, 0.0050921615948828405, 0.0039632521563369855, 0.012424664861939909, 0.011783601287483455, 0.005430690135407653, 0.016837092380735018, 0.003504728068020931, 0.009410230699523488, 0.004671895388662115, 0.008013192783808071, 0.009157425754571577, 0.0035461199087105655, 0.009126761078326813, 0.005501943742528579, 0.005981983172074294, 0.0041797384052138856, 0.01318857080738837, 0.008841793195339544, 0.008270905762660907, 0.00918598267461975, 0.0066935562547019364, 0.01055057208938926, 0.003189937101683867, 0.00369128021624911, 0.009712225428300586, 0.005586915691233404, 0.009920405822036935, 0.007735525624835674, 0.00390979559717322, 0.005918456746354479, 0.009606606777968454, 0.006172717810552915, 0.005427654614248373, 0.00484608499013831, 0.004475583153026445, 0.003465137034848706, 0.011057222334037681, 0.009287801577060622, 0.005722364972833671, 0.004512901004791782, 0.009259983095023431, 0.0052034012429024775, 0.011597537552471227, 0.0069243124721947895, 0.00871260239602996, 0.009675997307245662, 0.003789035822650001, 0.009180033656981028, 0.0030196236707721274, 0.011059382296669461, 0.008273513568447558, 0.007873760088303594, 0.013210812006765112, 0.0028834004130453596, 0.005338208007954008, 0.006119095511682256, 0.011584029294614471, 0.010276778899505134, 0.013027225246954965, 0.002891315663411788, 0.004919179974837726, 0.004269184382515057, 0.00406131565490685, 0.00697117183623234, 0.006310847861150458, 0.010177350800198623, 0.013680901392958432, 0.004847092008243575, 0.004315596217894333, 0.010065427122079374, 0.004691619357272292, 0.01002905055863042, 0.001984520390355486, 0.012461268491932274, 0.008558156890946184, 0.007266082843646857, 0.011589033564474239, 0.0058651546050200965, 0.0023109703745558775, 0.007401231466499894, 0.007428787658374752, 0.008148075342539604, 0.012540389545936803]

MULTIPLIERS: [1749053537, 1199251584, 1588781576, 1640450435, 1870221362, 1301357588, 2115968948, 1084805796, 1171018650, 1758051927, 1560249186, 1233483329, 1582704097, 1968379625, 1706316503, 1535726780, 1332271107, 2109433640, 1338636372, 1731575793, 1646917795, 2047971760, 2119193465, 1136879232, 1500620871, 1616614946, 1690566166, 1374592758, 1512534812, 1153038296, 1892919539, 1132020413, 1361894214, 1364437086, 2125630568, 1409857731, 1917557439, 1132012027, 1728054240, 1320461164, 1738616477, 1526993614, 1790049160, 1400984346, 1610976278, 1798069302, 1253783347, 2133724191, 1327577404, 1281780364, 1097961132, 1356006488, 1223836060, 1666390418, 1378451977, 1288403417, 1742017175, 1835258093, 1373539560, 1141294918, 1468064665, 1399722721, 1089410457, 1707632936, 1619525829, 1492776738, 1157036178, 1926744631, 1293332259, 1284200826, 1101324830, 1258587012, 1949500037, 1254372491, 1512362780, 1644315014, 1148917744, 1812623370, 1215206804, 1136744632, 1262511845, 1839910733, 1450059586, 1753686468, 2029302760, 1334838099, 1535719691, 1363450194, 2126325093, 1074716430, 1626853003, 1320321982, 1696743752, 1491942340, 1332081699, 1230238929, 1904979231, 1519693066, 1276505729, 1572951707, 1240496782, 1272682386, 1430300043, 1593953424, 1903340519, 1197450955, 1329858944, 2083044473, 1261694219, 1660055669, 1519989929, 1137103046, 1082161346, 1815680177, 1585166141, 1467355444, 1682004167, 1592096863, 1412429737, 1790448205, 1589517596, 1352173895, 1173504467, 1116365947, 1916221123, 1734712651, 1398764443, 1880288770, 1332358506, 1186262056, 1383381770, 1289622509, 1378382213, 1091001622, 1712663700, 1176224127, 1997285644, 1592784645, 1612201422, 1270469399, 2034435014, 2042009603, 1119862948, 1723538015]
SHIFTS: [-6, -7, -7, -8, -7, -7, -7, -7, -6, -6, -7, -6, -7, -8, -7, -7, -6, -6, -7, -8, -7, -7, -9, -7, -7, -7, -8, -8, -7, -6, -7, -7, -7, -6, -8, -6, -7, -6, -7, -5, -7, -6, -9, -7, -7, -8, -7, -7, -6, -6, -6, -7, -6, -6, -7, -7, -6, -7, -7, -6, -7, -7, -7, -6, -6, -7, -5, -8, -6, -7, -6, -6, -8, -6, -7, -7, -7, -6, -6, -6, -6, -7, -6, -8, -8, -6, -7, -6, -7, -7, -7, -6, -7, -7, -7, -7, -8, -6, -6, -7, -7, -6, -7, -6, -7, -6, -6, -8, -6, -8, -6, -6, -6, -6, -8, -7, -7, -6, -6, -6, -8, -7, -7, -7, -7, -7, -6, -6, -7, -7, -6, -7, -6, -8, -6, -6, -7, -6, -7, -8, -7, -7, -6, -6]
Q6: [127, 127, 127, 127, 127, 127, 127, 127, 127, 127, 127, 127, 127, 127, 127, 127, 127, 127, 127, 127, 127, 127, 127, 127, 127, 127, 127, 127, 127, 127, 127, 127, 127, 127, 127, 127, 127, 127, 127, 127, 127, 127, 127, 127, 127, 127, 127, 127, 127, 127, 127, 127, 127, 127, 127, 127, 127, 127, 127, 127, 127, 127, 127, 127, 127, 127, 127, 127, 127, 127, 127, 127, 127, 127, 127, 127, 127, 127, 127, 127, 127, 127, 127, 127, 127, 127, 127, 127, 127, 127, 127, 127, 127, 127, 127, 127, 127, 127, 127, 127, 127, 127, 127, 127, 127, 127, 127, 127, 127, 127, 127, 127, 127, 127, 127, 127, 127, 127, 127, 127, 127, 127, 127, 127, 127, 127, 127, 127, 127, 127, 127, 127, 127, 127, 127, 127, 127, 127, 127, 127, 127, 127, 127, 127]

OFFSETS:
  MUL   = 5216
  SHIFT = 5216
  Q6    = 5216

================================================================================
OP_INDEX: 30
TIPO: DEPTHWISE_CONV_2D
NFEAT: 144

INPUT_SCALE: 0.0235294122248888
WEIGHT_SCALES: [0.00836492795497179, 0.014070060104131699, 0.006453193258494139, 0.021933330222964287, 0.0166841521859169, 0.028062421828508377, 0.008386832661926746, 0.019275560975074768, 0.010123775340616703, 0.0062173716723918915, 0.008774293586611748, 0.007251087110489607, 0.015034465119242668, 0.01870102994143963, 0.021892163902521133, 0.006161137018352747, 0.005358723923563957, 0.002164042554795742, 0.008228235878050327, 0.010322886519134045, 0.013802813366055489, 0.008033414371311665, 0.020579570904374123, 0.013792527839541435, 0.01303122192621231, 0.014343789778649807, 0.026746679097414017, 0.020637929439544678, 0.029829882085323334, 0.004185062367469072, 0.0042623495683074, 0.013466514647006989, 0.008603716269135475, 0.008451735600829124, 0.01970864087343216, 0.01044732891023159, 0.00814985204488039, 0.01321788877248764, 0.010075517930090427, 0.008557518944144249, 0.011082424782216549, 0.002310071839019656, 0.04468061402440071, 0.011451639235019684, 0.01049340795725584, 0.007151275407522917, 0.009666996076703072, 0.0070982943288981915, 0.004044700413942337, 0.021494820713996887, 0.00481556449085474, 0.019170545041561127, 0.0073554180562496185, 0.007066435180604458, 0.006508523132652044, 0.0209078136831522, 0.007669181562960148, 0.0074005392380058765, 0.010420876555144787, 0.009681693278253078, 0.00889077503234148, 0.020119881257414818, 0.01446535624563694, 0.03379543125629425, 0.0070611340925097466, 0.0020590471103787422, 0.006515149027109146, 0.01414902787655592, 0.007612175308167934, 0.010114717297255993, 0.007715405430644751, 0.004727990832179785, 0.014546711929142475, 0.018193120136857033, 0.015656055882573128, 0.00233462848700583, 0.01059067901223898, 0.010321969166398048, 0.004620647523552179, 0.007715365383774042, 0.003233712399378419, 0.012101231142878532, 0.011327587068080902, 0.01017846167087555, 0.007241315208375454, 0.00607293238863349, 0.007047845050692558, 0.0019458996830508113, 0.007022223435342312, 0.014023752883076668, 0.0038240368012338877, 0.006312617566436529, 0.008644606918096542, 0.010456718504428864, 0.01502602081745863, 0.02477206662297249, 0.014487734995782375, 0.008427819237112999, 0.0059727830812335014, 0.00748531986027956, 0.012437677010893822, 0.004001901019364595, 0.023220138624310493, 0.015648363158106804, 0.01725899614393711, 0.004064996261149645, 0.008435430936515331, 0.022911643609404564, 0.007425266783684492, 0.019641457125544548, 0.004416623618453741, 0.013792462646961212, 0.008541004732251167, 0.002686538267880678, 0.012061862275004387, 0.009832469746470451, 0.024128425866365433, 0.00830219965428114, 0.009299734607338905, 0.004522612318396568, 0.014037083834409714, 0.01172499731183052, 0.009676622226834297, 0.011098639108240604, 0.01464095152914524, 0.016577119007706642, 0.0036611047107726336, 0.003356741974130273, 0.013529435731470585, 0.004280958790332079, 0.013838893733918667, 0.01007607951760292, 0.0058464002795517445, 0.026658324524760246, 0.008472923189401627, 0.009741820394992828, 0.0036106330808252096, 0.007785445544868708, 0.011846733279526234, 0.015606565400958061, 0.008525923825800419, 0.006071580573916435, 0.00598888611420989, 0.0014929418684914708]
OUTPUT_SCALES: [0.0235294122248888]
OUTPUT_ZERO_POINT: -128

REAL_MULTIPLIERS: [0.00836492795497179, 0.014070060104131699, 0.006453193258494139, 0.021933330222964287, 0.0166841521859169, 0.028062421828508377, 0.008386832661926746, 0.019275560975074768, 0.010123775340616703, 0.0062173716723918915, 0.008774293586611748, 0.007251087110489607, 0.015034465119242668, 0.01870102994143963, 0.021892163902521133, 0.006161137018352747, 0.005358723923563957, 0.002164042554795742, 0.008228235878050327, 0.010322886519134045, 0.013802813366055489, 0.008033414371311665, 0.020579570904374123, 0.013792527839541435, 0.01303122192621231, 0.014343789778649807, 0.026746679097414017, 0.020637929439544678, 0.029829882085323334, 0.004185062367469072, 0.0042623495683074, 0.013466514647006989, 0.008603716269135475, 0.008451735600829124, 0.01970864087343216, 0.01044732891023159, 0.00814985204488039, 0.01321788877248764, 0.010075517930090427, 0.008557518944144249, 0.011082424782216549, 0.002310071839019656, 0.04468061402440071, 0.011451639235019684, 0.01049340795725584, 0.007151275407522917, 0.009666996076703072, 0.0070982943288981915, 0.004044700413942337, 0.021494820713996887, 0.00481556449085474, 0.019170545041561127, 0.0073554180562496185, 0.007066435180604458, 0.006508523132652044, 0.0209078136831522, 0.007669181562960148, 0.0074005392380058765, 0.010420876555144787, 0.009681693278253078, 0.00889077503234148, 0.020119881257414818, 0.01446535624563694, 0.03379543125629425, 0.0070611340925097466, 0.0020590471103787422, 0.006515149027109146, 0.01414902787655592, 0.007612175308167934, 0.010114717297255993, 0.007715405430644751, 0.004727990832179785, 0.014546711929142475, 0.018193120136857033, 0.015656055882573128, 0.00233462848700583, 0.01059067901223898, 0.010321969166398048, 0.004620647523552179, 0.007715365383774042, 0.003233712399378419, 0.012101231142878532, 0.011327587068080902, 0.01017846167087555, 0.007241315208375454, 0.00607293238863349, 0.007047845050692558, 0.0019458996830508113, 0.007022223435342312, 0.014023752883076668, 0.0038240368012338877, 0.006312617566436529, 0.008644606918096542, 0.010456718504428864, 0.01502602081745863, 0.02477206662297249, 0.014487734995782375, 0.008427819237112999, 0.0059727830812335014, 0.00748531986027956, 0.012437677010893822, 0.004001901019364595, 0.023220138624310493, 0.015648363158106804, 0.01725899614393711, 0.004064996261149645, 0.008435430936515331, 0.022911643609404564, 0.007425266783684492, 0.019641457125544548, 0.004416623618453741, 0.013792462646961212, 0.008541004732251167, 0.002686538267880678, 0.012061862275004387, 0.009832469746470451, 0.024128425866365433, 0.00830219965428114, 0.009299734607338905, 0.004522612318396568, 0.014037083834409714, 0.01172499731183052, 0.009676622226834297, 0.011098639108240604, 0.01464095152914524, 0.016577119007706642, 0.0036611047107726336, 0.003356741974130273, 0.013529435731470585, 0.004280958790332079, 0.013838893733918667, 0.01007607951760292, 0.0058464002795517445, 0.026658324524760246, 0.008472923189401627, 0.009741820394992828, 0.0036106330808252096, 0.007785445544868708, 0.011846733279526234, 0.015606565400958061, 0.008525923825800419, 0.006071580573916435, 0.00598888611420989, 0.0014929418684914708]

MULTIPLIERS: [1149666944, 1933774336, 1773840256, 1507246976, 1146526208, 1928434944, 1152677504, 1324606464, 1391401088, 1709018112, 1205929728, 1993163648, 2066321152, 1285124992, 1504418048, 1693560448, 1472994816, 1189694976, 1130880128, 1418766720, 1897044224, 1104104064, 1414217344, 1895630592, 1790997504, 1971395456, 1838017792, 1418227712, 2049893888, 1150381184, 1171625728, 1850823680, 1182485760, 1161597696, 1354367488, 1435869952, 1120107136, 1816652800, 1384768640, 1176136448, 1523156864, 1269975424, 1535214208, 1573901312, 1442203008, 1965727616, 1328621824, 1951164288, 1111798784, 1477112832, 1323692288, 1317389824, 2021841920, 1942406912, 1789049216, 1436774016, 2108088576, 2034244736, 1432234368, 1330641792, 1221938816, 1382627712, 1988103424, 1161202176, 1940949760, 1131973120, 1790870528, 1944627584, 2092418816, 1390156160, 2120794496, 1299620224, 1999284864, 1250221696, 1075875968, 1283475584, 1455571840, 1418640640, 1270113920, 2120783488, 1777752192, 1663180544, 1556851712, 1398917120, 1990477568, 1669314944, 1937296896, 2139539328, 1930254080, 1927409920, 2102286464, 1735199104, 1188105728, 1437160448, 2065160576, 1702323456, 1991179136, 1158310656, 1641786112, 2057549056, 1709421312, 1100034176, 1595675776, 1075347328, 1186029184, 1117377664, 1159356800, 1574476160, 2041041792, 1349750656, 1214032256, 1895621632, 1173866752, 1476940032, 1657769728, 1351364352, 1658092800, 1141045632, 1278145792, 1243166208, 1929242112, 1611471360, 1329944832, 1525385344, 2012237056, 1139170944, 2012713600, 1845388416, 1859471488, 1176740992, 1902003072, 1384845824, 1607046272, 1831946112, 1164509696, 1338905600, 1984966528, 2140046976, 1628202624, 2144950016, 1171794048, 1668943360, 1646212480, 1641506944]
SHIFTS: [-6, -6, -7, -5, -5, -5, -6, -5, -6, -7, -6, -7, -6, -5, -5, -7, -7, -8, -6, -6, -6, -6, -5, -6, -6, -6, -5, -5, -5, -7, -7, -6, -6, -6, -5, -6, -6, -6, -6, -6, -6, -8, -4, -6, -6, -7, -6, -7, -7, -5, -7, -5, -7, -7, -7, -5, -7, -7, -6, -6, -6, -5, -6, -4, -7, -8, -7, -6, -7, -6, -7, -7, -6, -5, -5, -8, -6, -6, -7, -7, -8, -6, -6, -6, -7, -7, -7, -9, -7, -6, -8, -7, -6, -6, -6, -5, -6, -6, -7, -7, -6, -7, -5, -5, -5, -7, -6, -5, -7, -5, -7, -6, -6, -8, -6, -6, -5, -6, -6, -7, -6, -6, -6, -6, -6, -5, -8, -8, -6, -7, -6, -6, -7, -5, -6, -6, -8, -7, -6, -6, -6, -7, -7, -9]
Q6: [127, 127, 127, 127, 127, 127, 127, 127, 127, 127, 127, 127, 127, 127, 127, 127, 127, 127, 127, 127, 127, 127, 127, 127, 127, 127, 127, 127, 127, 127, 127, 127, 127, 127, 127, 127, 127, 127, 127, 127, 127, 127, 127, 127, 127, 127, 127, 127, 127, 127, 127, 127, 127, 127, 127, 127, 127, 127, 127, 127, 127, 127, 127, 127, 127, 127, 127, 127, 127, 127, 127, 127, 127, 127, 127, 127, 127, 127, 127, 127, 127, 127, 127, 127, 127, 127, 127, 127, 127, 127, 127, 127, 127, 127, 127, 127, 127, 127, 127, 127, 127, 127, 127, 127, 127, 127, 127, 127, 127, 127, 127, 127, 127, 127, 127, 127, 127, 127, 127, 127, 127, 127, 127, 127, 127, 127, 127, 127, 127, 127, 127, 127, 127, 127, 127, 127, 127, 127, 127, 127, 127, 127, 127, 127]

OFFSETS:
  MUL   = 5792
  SHIFT = 5792
  Q6    = 5792

================================================================================
OP_INDEX: 31
TIPO: CONV_2D
NFEAT: 24

INPUT_SCALE: 0.0235294122248888
WEIGHT_SCALES: [0.009081311523914337, 0.008582251146435738, 0.005189378280192614, 0.008091994561254978, 0.00393270468339324, 0.008352714590728283, 0.0052671292796730995, 0.0173746757209301, 0.006067903712391853, 0.007369947154074907, 0.0068389298394322395, 0.01290169544517994, 0.00460804533213377, 0.017129451036453247, 0.006304413545876741, 0.01058055181056261, 0.00817660428583622, 0.006401443853974342, 0.0161251462996006, 0.004500280134379864, 0.0038471573498100042, 0.015176872722804546, 0.022200901061296463, 0.005816007032990456]
OUTPUT_SCALES: [0.3331296443939209]
OUTPUT_ZERO_POINT: 9

REAL_MULTIPLIERS: [0.0006414257211409939, 0.0006061763894035963, 0.0003665330384141721, 0.0005715488818166585, 0.00027777242647577166, 0.0005899639017705972, 0.0003720247001394498, 0.0012271976216806227, 0.0004285845171466416, 0.0005205496646189168, 0.0004830431697600978, 0.0009112647752556143, 0.0003254726800672822, 0.0012098770595935357, 0.00044528953713196984, 0.0007473191572922181, 0.0005775249848786611, 0.0004521429233614965, 0.001138941612837343, 0.0003178610735827811, 0.00027173009877995175, 0.0010719637252014408, 0.0015680806605656386, 0.00041079270273607066]

MULTIPLIERS: [1410510077, 1332995977, 1612029351, 1256849283, 1221656051, 1297344340, 1636181934, 1349318055, 1884934640, 1144700818, 2124446327, 2003892433, 1431443985, 1330273895, 1958404095, 1643372206, 1269990872, 1988545607, 1252279547, 1397967786, 1195081613, 1178636580, 1724122920, 1806685413]
SHIFTS: [-10, -10, -11, -10, -11, -10, -11, -9, -11, -10, -11, -10, -11, -9, -11, -10, -10, -11, -9, -11, -11, -9, -9, -11]
Q6: [27, 27, 27, 27, 27, 27, 27, 27, 27, 27, 27, 27, 27, 27, 27, 27, 27, 27, 27, 27, 27, 27, 27, 27]

OFFSETS:
  MUL   = 6368
  SHIFT = 6368
  Q6    = 6368

================================================================================
OP_INDEX: 33
TIPO: CONV_2D
NFEAT: 144

INPUT_SCALE: 0.3331296443939209
WEIGHT_SCALES: [0.00029393285512924194, 0.0003422890149522573, 0.0002549909695517272, 0.0008397279307246208, 0.0009536207071505487, 0.0003294196503702551, 0.0013333065435290337, 0.0011024586856365204, 0.0007289619534276426, 0.0008881277753971517, 0.0004475513123907149, 0.00018886943871621042, 0.0004166718863416463, 0.0006632176227867603, 0.0006031595985405147, 0.0009344384889118373, 0.0006157797761261463, 0.0002771342115011066, 0.00037244425038807094, 0.0004887363757006824, 0.0010241821873933077, 0.00018466963956598192, 0.00017261724860873073, 0.0006631763535551727, 0.0010491159046068788, 0.0006004370516166091, 0.0009917295537889004, 0.0005267217638902366, 0.0007339281728491187, 0.0006926216883584857, 0.0008856974309310317, 0.0005285033257678151, 0.0005576799158006907, 0.0010188098531216383, 0.0007282419828698039, 0.00024109829973895103, 0.0004584859998431057, 0.0007359073497354984, 0.00020907064026687294, 0.000220539586734958, 0.0009450422367081046, 0.0010993600590154529, 0.0007038641488179564, 0.0011990608181804419, 0.000846674432978034, 0.0006677649798803031, 0.0006330789183266461, 0.0006612528814002872, 0.0006404190207831562, 0.000769194564782083, 0.0013199648819863796, 0.0007040327182039618, 0.0010545006953179836, 0.0012784498976543546, 0.0006561818881891668, 0.0008309229742735624, 0.0004804053751286119, 0.0003071170358452946, 0.0009842771105468273, 0.0006336889928206801, 0.000496220774948597, 0.0005182154127396643, 0.001451390329748392, 0.0006774036446586251, 0.000906232395209372, 0.0010184436105191708, 0.0005231270333752036, 0.0008196101989597082, 0.0009150586556643248, 0.0005648407386615872, 0.0006971710827201605, 0.0003836097603198141, 0.00033240322954952717, 0.0005048750317655504, 9.372541535412893e-05, 0.0012528625084087253, 0.0011193976970389485, 0.0002518193796277046, 0.0006227511330507696, 0.0005253161652944982, 0.0004566200077533722, 0.0007139265653677285, 0.0011224212357774377, 0.0003255452902521938, 0.001005464349873364, 0.0005062285345047712, 0.0006124887731857598, 0.000777331879362464, 0.0010244682198390365, 0.0007787150098010898, 0.0005639722221530974, 0.0010323543101549149, 0.0006602517096325755, 0.0005131205543875694, 0.0004354700504336506, 0.00040703697595745325, 0.00023854275059420615, 0.0009848818881437182, 0.0006347274756990373, 0.0006112837581895292, 0.0006317394436337054, 0.0009110806277021766, 0.0009340764372609556, 0.0008142715669237077, 0.0004129971785005182, 0.000756645284127444, 0.00034733457141555846, 0.0004544506664387882, 0.0004970405716449022, 0.0009882670128718019, 0.0009241259540431201, 0.0008384489919990301, 0.0004584909765981138, 0.00040448448271490633, 0.00046996521996334195, 0.0007365642231889069, 0.0003663020033854991, 0.0008936839876696467, 0.0006010879296809435, 0.0011875252239406109, 0.0002985980245284736, 0.0006199152558110654, 0.00048212159890681505, 0.00020820491772610694, 0.0005005451384931803, 0.0005666133365593851, 0.0014767460525035858, 0.0009913303656503558, 0.0006407680921256542, 0.0006288741715252399, 0.0003834421222563833, 0.0007491419673897326, 0.0006447980413213372, 0.0003132969723083079, 0.0007986676064319909, 0.0003133982827421278, 0.000685062725096941, 0.0009385172743350267, 0.0016685310984030366, 0.0010281982831656933, 0.0001943746319739148, 0.0006403842126019299, 0.0003338372625876218, 0.0010637241648510098]
OUTPUT_SCALES: [0.0235294122248888]
OUTPUT_ZERO_POINT: -128

REAL_MULTIPLIERS: [0.004161504187568246, 0.0048461311630375765, 0.003610164597336406, 0.011888876112852326, 0.013501371135982255, 0.004663926575613023, 0.018876966856149927, 0.01560862066569617, 0.010320650341838114, 0.012574121578840901, 0.006336435781725358, 0.0026740153283496635, 0.005899244570976224, 0.00938984147683184, 0.008539539392405343, 0.013229789105820483, 0.008718215987940633, 0.003923668829648787, 0.0052730692761248895, 0.006919534303849849, 0.014500381251343947, 0.00261455453162132, 0.002443916664626979, 0.009389257186654433, 0.014853393059262782, 0.00850099354689344, 0.014040916552908051, 0.007457331794871154, 0.010390962124131958, 0.009806144519764767, 0.012539712738534348, 0.00748255516505444, 0.007895637607122327, 0.014424319691098366, 0.01031045699176143, 0.0034134720446207527, 0.00649124919175693, 0.0104189833295089, 0.0029600241340343083, 0.0031224015883442257, 0.013379917069020381, 0.015564750280217783, 0.009965315382988229, 0.016976314586584287, 0.011987224758510943, 0.009454223002261605, 0.00896313740945734, 0.009362024649401298, 0.009067058650573839, 0.010890264040023339, 0.018688075483817766, 0.009967701989975219, 0.014929630977897594, 0.018100305936692495, 0.009290229478786811, 0.011764215454803996, 0.006801583917690871, 0.00434816594484402, 0.013935404789869975, 0.008971774850006595, 0.007025498500325721, 0.007336898793536657, 0.020548798236210187, 0.009590687310819138, 0.012830446960124862, 0.014419134424813096, 0.007406437565694523, 0.01160404907319646, 0.012955409240465055, 0.00799702060600128, 0.009870554888856322, 0.0054311506730373, 0.004706168118304883, 0.007148025551506192, 0.0013269653312702357, 0.017738039433862093, 0.01584844335191298, 0.0035652611967136147, 0.008816916526273092, 0.007437431316445109, 0.006464830457818593, 0.010107779173198139, 0.01589125064242824, 0.004609073347829521, 0.014235373927861113, 0.007167188456295029, 0.008671621936684621, 0.011005472218050684, 0.014504430901459302, 0.011025054592092414, 0.007984724140927773, 0.014616082243935595, 0.009347850049892935, 0.0072647657400269116, 0.006165389158838217, 0.005762833417166847, 0.00337729055527103, 0.013943967236898573, 0.008986477700578033, 0.008654561322787984, 0.008944173113882545, 0.01289908828234874, 0.01322466317506804, 0.011528464669527352, 0.005847218022048169, 0.01071259120391835, 0.004917566199931997, 0.0064341169026396845, 0.007037105189830128, 0.013991893865329298, 0.013083784138047349, 0.011870768886085013, 0.006491319652702161, 0.00572669519330981, 0.006653772100532733, 0.010428283350174709, 0.005186107284036451, 0.012652786485589212, 0.008510208684783123, 0.01681299353248152, 0.004227553700754111, 0.008776766149061027, 0.006825882230435312, 0.002947767225982686, 0.007086722880946384, 0.008022117064072689, 0.020907784802642722, 0.014035264843406402, 0.009072000805995448, 0.008903606563836078, 0.005428777251724272, 0.01060635917344014, 0.009129056865435104, 0.004435661544675578, 0.011307543646934022, 0.0044370958987711775, 0.00969912464526737, 0.013287536589038484, 0.02362307932551123, 0.01455724117388343, 0.002751957907396282, 0.009066565836009536, 0.004726471171839059, 0.015060216948182268]

MULTIPLIERS: [1143905561, 1332094391, 1984708976, 1633994691, 1855614319, 1282010375, 1297215285, 2145232489, 1418459382, 1728174111, 1741746205, 1470055473, 1621572000, 1290529986, 1173665357, 1818288369, 1198222482, 1078529875, 1449450246, 1902027106, 1992917224, 1437366554, 1343557395, 1290449682, 2041434798, 1168367657, 1929768877, 2049855755, 1428122960, 1347746240, 1723444996, 2056789102, 1085168170, 1982463403, 1417058419, 1876576102, 1784300991, 1431974165, 1627290477, 1716558426, 1838921800, 2139202990, 1369622517, 1166603455, 1647511626, 1299378515, 1231884225, 1286706870, 1246167052, 1496746493, 1284234768, 1369950530, 2051912857, 1243843553, 1276839417, 1616861461, 1869605151, 1195214754, 1915267451, 1233071346, 1931154323, 2016751384, 1412102662, 1318134027, 1763403203, 1981750745, 2035866056, 1594848361, 1780577888, 1099102143, 1356598734, 1492903329, 1293621642, 1964834302, 1459013811, 1218948788, 1089096734, 1960023071, 1211787780, 2044385553, 1777039065, 1389202591, 1092038429, 1266932435, 1956494895, 1970101762, 1191818644, 1512580584, 1993473804, 1515271965, 1097412130, 2008819047, 1284758728, 1996923601, 1694729267, 1584075588, 1856685118, 1916444264, 1235092091, 1189473851, 1229277792, 1772837194, 1817583867, 1584460119, 1607271051, 1472327324, 1351730304, 1768596587, 1934344746, 1923031250, 1798221599, 1631506053, 1784320359, 1574141988, 1828974948, 1433252350, 1425546315, 1738985733, 1169634175, 1155380118, 1162061113, 1206269554, 1876284221, 1620552170, 1947983553, 1102551374, 1436772031, 1928992112, 1246846297, 1223702368, 1492250928, 1457726905, 1254688022, 1219265361, 1554096965, 1219659634, 1333037541, 1826225123, 1623365650, 2000731992, 1512904859, 1246099320, 1299202503, 2069860456]
SHIFTS: [-7, -7, -8, -6, -6, -7, -5, -6, -6, -6, -7, -8, -7, -6, -6, -6, -6, -7, -7, -7, -6, -8, -8, -6, -6, -6, -6, -7, -6, -6, -6, -7, -6, -6, -6, -8, -7, -6, -8, -8, -6, -6, -6, -5, -6, -6, -6, -6, -6, -6, -5, -6, -6, -5, -6, -6, -7, -7, -6, -6, -7, -7, -5, -6, -6, -6, -7, -6, -6, -6, -6, -7, -7, -7, -9, -5, -5, -8, -6, -7, -7, -6, -5, -7, -6, -7, -6, -6, -6, -6, -6, -6, -6, -7, -7, -7, -8, -6, -6, -6, -6, -6, -6, -6, -7, -6, -7, -7, -7, -6, -6, -6, -7, -7, -7, -6, -7, -6, -6, -5, -7, -6, -7, -8, -7, -6, -5, -6, -6, -6, -7, -6, -6, -7, -6, -7, -6, -6, -5, -6, -8, -6, -7, -6]
Q6: [127, 127, 127, 127, 127, 127, 127, 127, 127, 127, 127, 127, 127, 127, 127, 127, 127, 127, 127, 127, 127, 127, 127, 127, 127, 127, 127, 127, 127, 127, 127, 127, 127, 127, 127, 127, 127, 127, 127, 127, 127, 127, 127, 127, 127, 127, 127, 127, 127, 127, 127, 127, 127, 127, 127, 127, 127, 127, 127, 127, 127, 127, 127, 127, 127, 127, 127, 127, 127, 127, 127, 127, 127, 127, 127, 127, 127, 127, 127, 127, 127, 127, 127, 127, 127, 127, 127, 127, 127, 127, 127, 127, 127, 127, 127, 127, 127, 127, 127, 127, 127, 127, 127, 127, 127, 127, 127, 127, 127, 127, 127, 127, 127, 127, 127, 127, 127, 127, 127, 127, 127, 127, 127, 127, 127, 127, 127, 127, 127, 127, 127, 127, 127, 127, 127, 127, 127, 127, 127, 127, 127, 127, 127, 127]

OFFSETS:
  MUL   = 6464
  SHIFT = 6464
  Q6    = 6464

================================================================================
OP_INDEX: 34
TIPO: DEPTHWISE_CONV_2D
NFEAT: 144

INPUT_SCALE: 0.0235294122248888
WEIGHT_SCALES: [0.016126779839396477, 0.012528028339147568, 0.01951306313276291, 0.004206305369734764, 0.009113007225096226, 0.020099470391869545, 0.010268145240843296, 0.003959461580961943, 0.013203335925936699, 0.004593660589307547, 0.017443446442484856, 0.020983925089240074, 0.009291596710681915, 0.017156001180410385, 0.0025222396943718195, 0.006421826314181089, 0.01032828725874424, 0.01598242111504078, 0.025930067524313927, 0.00848330557346344, 0.006127724889665842, 0.027263058349490166, 0.01232046727091074, 0.017057016491889954, 0.003460547188296914, 0.030332021415233612, 0.011883332394063473, 0.008765244856476784, 0.005834826268255711, 0.0126646114513278, 0.0019319017883390188, 0.01043375302106142, 0.01614988222718239, 0.008159435354173183, 0.008172345347702503, 0.032624855637550354, 0.00534247187897563, 0.005658915266394615, 0.024607570841908455, 0.012738848105072975, 0.0026034489274024963, 0.01318049244582653, 0.006453590467572212, 0.007058267947286367, 0.006048867013305426, 0.007886656560003757, 0.01065436564385891, 0.007794835139065981, 0.005977540742605925, 0.0057541378773748875, 0.007162315305322409, 0.007889795117080212, 0.008091102354228497, 0.006018890533596277, 0.005146247800439596, 0.006075557321310043, 0.015744484961032867, 0.028680870309472084, 0.013038945384323597, 0.004883231595158577, 0.03328275680541992, 0.010126727633178234, 0.005141190718859434, 0.015984145924448967, 0.0017126090824604034, 0.005935658700764179, 0.011891732923686504, 0.004305751994252205, 0.025918759405612946, 0.007981550879776478, 0.007542959880083799, 0.024153398349881172, 0.008521012030541897, 0.012745914049446583, 0.014906722120940685, 0.005401242058724165, 0.006085771135985851, 0.021371202543377876, 0.01956220529973507, 0.0034399523865431547, 0.008167685009539127, 0.014065604656934738, 0.013262547552585602, 0.014440231025218964, 0.00257849576883018, 0.009139466099441051, 0.003944419790059328, 0.00839013047516346, 0.002965380437672138, 0.008275258354842663, 0.007460948079824448, 0.0028564599342644215, 0.035005293786525726, 0.01629830338060856, 0.013903333805501461, 0.02536703273653984, 0.01575733721256256, 0.010761580429971218, 0.00813224259763956, 0.01847911812365055, 0.01826734095811844, 0.013710705563426018, 0.006598546635359526, 0.011805536225438118, 0.011611723341047764, 0.004691040143370628, 0.008954551070928574, 0.0070309326983988285, 0.00916466023772955, 0.0026619473937898874, 0.005248077679425478, 0.018088895827531815, 0.0178472138941288, 0.013354490511119366, 0.011009430512785912, 0.006521503906697035, 0.013250540010631084, 0.006386336404830217, 0.008717643097043037, 0.009818753227591515, 0.018702050670981407, 0.005311581771820784, 0.014181283302605152, 0.023833947256207466, 0.023148393258452415, 0.0054389359429478645, 0.00448274239897728, 0.01117824949324131, 0.007845010608434677, 0.015142453834414482, 0.007768690586090088, 0.00400765473023057, 0.01578916795551777, 0.011877201497554779, 0.007444259710609913, 0.015670863911509514, 0.04201160743832588, 0.010317418724298477, 0.002561556175351143, 0.0028111757710576057, 0.03805868327617645, 0.010530238971114159, 0.009477588348090649, 0.005881123710423708]
OUTPUT_SCALES: [0.0235294122248888]
OUTPUT_ZERO_POINT: -128

REAL_MULTIPLIERS: [0.016126779839396477, 0.012528028339147568, 0.01951306313276291, 0.004206305369734764, 0.009113007225096226, 0.020099470391869545, 0.010268145240843296, 0.003959461580961943, 0.013203335925936699, 0.004593660589307547, 0.017443446442484856, 0.020983925089240074, 0.009291596710681915, 0.017156001180410385, 0.0025222396943718195, 0.006421826314181089, 0.01032828725874424, 0.01598242111504078, 0.025930067524313927, 0.00848330557346344, 0.006127724889665842, 0.027263058349490166, 0.01232046727091074, 0.017057016491889954, 0.003460547188296914, 0.030332021415233612, 0.011883332394063473, 0.008765244856476784, 0.005834826268255711, 0.0126646114513278, 0.0019319017883390188, 0.01043375302106142, 0.01614988222718239, 0.008159435354173183, 0.008172345347702503, 0.032624855637550354, 0.00534247187897563, 0.005658915266394615, 0.024607570841908455, 0.012738848105072975, 0.0026034489274024963, 0.01318049244582653, 0.006453590467572212, 0.007058267947286367, 0.006048867013305426, 0.007886656560003757, 0.01065436564385891, 0.007794835139065981, 0.005977540742605925, 0.0057541378773748875, 0.007162315305322409, 0.007889795117080212, 0.008091102354228497, 0.006018890533596277, 0.005146247800439596, 0.006075557321310043, 0.015744484961032867, 0.028680870309472084, 0.013038945384323597, 0.004883231595158577, 0.03328275680541992, 0.010126727633178234, 0.005141190718859434, 0.015984145924448967, 0.0017126090824604034, 0.005935658700764179, 0.011891732923686504, 0.004305751994252205, 0.025918759405612946, 0.007981550879776478, 0.007542959880083799, 0.024153398349881172, 0.008521012030541897, 0.012745914049446583, 0.014906722120940685, 0.005401242058724165, 0.006085771135985851, 0.021371202543377876, 0.01956220529973507, 0.0034399523865431547, 0.008167685009539127, 0.014065604656934738, 0.013262547552585602, 0.014440231025218964, 0.00257849576883018, 0.009139466099441051, 0.003944419790059328, 0.00839013047516346, 0.002965380437672138, 0.008275258354842663, 0.007460948079824448, 0.0028564599342644215, 0.035005293786525726, 0.01629830338060856, 0.013903333805501461, 0.02536703273653984, 0.01575733721256256, 0.010761580429971218, 0.00813224259763956, 0.01847911812365055, 0.01826734095811844, 0.013710705563426018, 0.006598546635359526, 0.011805536225438118, 0.011611723341047764, 0.004691040143370628, 0.008954551070928574, 0.0070309326983988285, 0.00916466023772955, 0.0026619473937898874, 0.005248077679425478, 0.018088895827531815, 0.0178472138941288, 0.013354490511119366, 0.011009430512785912, 0.006521503906697035, 0.013250540010631084, 0.006386336404830217, 0.008717643097043037, 0.009818753227591515, 0.018702050670981407, 0.005311581771820784, 0.014181283302605152, 0.023833947256207466, 0.023148393258452415, 0.0054389359429478645, 0.00448274239897728, 0.01117824949324131, 0.007845010608434677, 0.015142453834414482, 0.007768690586090088, 0.00400765473023057, 0.01578916795551777, 0.011877201497554779, 0.007444259710609913, 0.015670863911509514, 0.04201160743832588, 0.010317418724298477, 0.002561556175351143, 0.0028111757710576057, 0.03805868327617645, 0.010530238971114159, 0.009477588348090649, 0.005881123710423708]

MULTIPLIERS: [1108223872, 1721839104, 1340927488, 1156220416, 1252482176, 1381225088, 1411243136, 1088368512, 1814652672, 1262695808, 1198704512, 1442004352, 1277027328, 1178951424, 1386615936, 1765218176, 1419508992, 1098303616, 1781900672, 1165936640, 1684376192, 1873503104, 1693312128, 1172149248, 1902455936, 2084400640, 1633232768, 1204686080, 1603864832, 1740610944, 2124148480, 1434004096, 1109811456, 1121424256, 1123198592, 1120981504, 1468527488, 1555510784, 1691019392, 1750813952, 1431261184, 1811513088, 1773949440, 1940161920, 1662699904, 1083933824, 1464324864, 2142627968, 1643093888, 1581685376, 1968762240, 1084365184, 1112032640, 1654460032, 1414589824, 1670036480, 1081952768, 1970934400, 1792059008, 1342292480, 1143586816, 1391806848, 1413199744, 1098422144, 1883033600, 1631581440, 1634387328, 1183556096, 1781123584, 1096976000, 2073393024, 1659808896, 1171118976, 1751785088, 2048764288, 1484682112, 1672844032, 1468617856, 1344304512, 1891133824, 1122558080, 1933161984, 1822790656, 1984650240, 1417543040, 1256118656, 1084233856, 1153130752, 1630235136, 1137342848, 2050849792, 1570355456, 1202772736, 1120010880, 1910859648, 1743209216, 1082835968, 1479060352, 1117686912, 1269875328, 1255322112, 1884385024, 1813794688, 1622540544, 1595903104, 1289463296, 1230704128, 1932648064, 1259581312, 1463421056, 1442580608, 1243059456, 1226451200, 1835427200, 1513124608, 1792617344, 1821140352, 1755462784, 1198143744, 1349479168, 1285195136, 1460036480, 1949060736, 1637856384, 1590745472, 1495043328, 1232206848, 1536326912, 1078210048, 2081163008, 2135441408, 1101615744, 1085023360, 1632390144, 2046262528, 1076893568, 1443507840, 1418015232, 1408230400, 1545460224, 1307686400, 1447265024, 1302589824, 1616590976]
SHIFTS: [-5, -6, -5, -7, -6, -5, -6, -7, -6, -7, -5, -5, -6, -5, -8, -7, -6, -5, -5, -6, -7, -5, -6, -5, -8, -5, -6, -6, -7, -6, -9, -6, -5, -6, -6, -4, -7, -7, -5, -6, -8, -6, -7, -7, -7, -6, -6, -7, -7, -7, -7, -6, -6, -7, -7, -7, -5, -5, -6, -7, -4, -6, -7, -5, -9, -7, -6, -7, -5, -6, -7, -5, -6, -6, -6, -7, -7, -5, -5, -8, -6, -6, -6, -6, -8, -6, -7, -6, -8, -6, -7, -8, -4, -5, -6, -5, -5, -6, -6, -5, -5, -6, -7, -6, -6, -7, -6, -7, -6, -8, -7, -5, -5, -6, -6, -7, -6, -7, -6, -6, -5, -7, -6, -5, -5, -7, -7, -6, -6, -6, -7, -7, -5, -6, -7, -5, -4, -6, -8, -8, -4, -6, -6, -7]
Q6: [127, 127, 127, 127, 127, 127, 127, 127, 127, 127, 127, 127, 127, 127, 127, 127, 127, 127, 127, 127, 127, 127, 127, 127, 127, 127, 127, 127, 127, 127, 127, 127, 127, 127, 127, 127, 127, 127, 127, 127, 127, 127, 127, 127, 127, 127, 127, 127, 127, 127, 127, 127, 127, 127, 127, 127, 127, 127, 127, 127, 127, 127, 127, 127, 127, 127, 127, 127, 127, 127, 127, 127, 127, 127, 127, 127, 127, 127, 127, 127, 127, 127, 127, 127, 127, 127, 127, 127, 127, 127, 127, 127, 127, 127, 127, 127, 127, 127, 127, 127, 127, 127, 127, 127, 127, 127, 127, 127, 127, 127, 127, 127, 127, 127, 127, 127, 127, 127, 127, 127, 127, 127, 127, 127, 127, 127, 127, 127, 127, 127, 127, 127, 127, 127, 127, 127, 127, 127, 127, 127, 127, 127, 127, 127]

OFFSETS:
  MUL   = 7040
  SHIFT = 7040
  Q6    = 7040

================================================================================
OP_INDEX: 35
TIPO: CONV_2D
NFEAT: 24

INPUT_SCALE: 0.0235294122248888
WEIGHT_SCALES: [0.007536327466368675, 0.008019995875656605, 0.0067336950451135635, 0.005868542939424515, 0.00482900720089674, 0.008653054013848305, 0.0057270098477602005, 0.0243294145911932, 0.007582750637084246, 0.004557856824249029, 0.008644452318549156, 0.010195615701377392, 0.0051389094442129135, 0.01878167688846588, 0.00564588513225317, 0.011415652930736542, 0.0064653619192540646, 0.006628744304180145, 0.020462773740291595, 0.005341097246855497, 0.006616700906306505, 0.025069810450077057, 0.028801048174500465, 0.0077012283727526665]
OUTPUT_SCALES: [0.3516009747982025]
OUTPUT_ZERO_POINT: -16

REAL_MULTIPLIERS: [0.0005043369283026427, 0.0005367043965351288, 0.0004506241389236849, 0.00039272748336500335, 0.0003231609387091969, 0.0005790691422653765, 0.00038325597817607734, 0.0016281434527733163, 0.0005074436031950545, 0.000305015343433929, 0.0005784935100884671, 0.0006822985768510555, 0.00034389983921022393, 0.0012568845067537618, 0.00037782704876572145, 0.000763944422445706, 0.0004326670762745702, 0.00044360075325717126, 0.0013693848228842056, 0.00035743040509660193, 0.0004427947996521795, 0.0016776913227224185, 0.0019273886694871785, 0.0005153722259288613]

MULTIPLIERS: [1109048634, 1180225449, 1981865922, 1727233738, 1421276839, 1273386510, 1685577618, 1790162658, 1115880284, 1341471667, 1272120682, 1500390438, 1512487488, 1381959130, 1661700934, 1679931551, 1902889925, 1950976745, 1505654536, 1571995546, 1947432124, 1844641117, 2119186253, 1133315510]
SHIFTS: [-10, -10, -11, -11, -11, -10, -11, -9, -10, -11, -10, -10, -11, -9, -11, -10, -11, -11, -9, -11, -11, -9, -9, -10]
Q6: [1, 1, 1, 1, 1, 1, 1, 1, 1, 1, 1, 1, 1, 1, 1, 1, 1, 1, 1, 1, 1, 1, 1, 1]

OFFSETS:
  MUL   = 7616
  SHIFT = 7616
  Q6    = 7616

================================================================================
OP_INDEX: 37
TIPO: CONV_2D
NFEAT: 144

INPUT_SCALE: 0.3516009747982025
WEIGHT_SCALES: [0.0008113232324831188, 0.0010775492992252111, 0.0005723476642742753, 0.0005991226062178612, 0.0005695565487258136, 0.000216620959690772, 0.0005635196575894952, 0.0007562107057310641, 0.0003600462223403156, 0.0007292486843653023, 0.0006705644773319364, 0.0008619209984317422, 0.000840611057356, 0.0011124180164188147, 0.000897394900675863, 0.0006878897547721863, 0.001044509932398796, 0.0004966605338267982, 0.0008466296712867916, 0.001007533399388194, 0.0009211411233991385, 0.0008542484138160944, 0.0008827652782201767, 0.0004457172763068229, 0.0005492367199622095, 0.0011834969045594335, 0.0008028554148040712, 0.00032605533488094807, 0.0008094653603620827, 0.0009527849615551531, 0.0008204763289541006, 0.0016063262009993196, 0.001053839223459363, 0.0007532924646511674, 0.00043955587898381054, 0.0010581195820122957, 0.0007339760777540505, 0.0008233463158831, 0.0013385368511080742, 0.0010147790890187025, 0.0005099226837046444, 0.0008318627951666713, 0.0005092656356282532, 0.0009151047561317682, 0.000905409106053412, 0.0011860650265589356, 0.0017066756263375282, 0.0005550682544708252, 0.000514390179887414, 0.0007766901981085539, 0.0005007683648727834, 0.0006554853171110153, 0.000437646551290527, 0.0010441462509334087, 0.00060150126228109, 0.0003157711762469262, 0.0006524514174088836, 0.001402502995915711, 0.0007123181130737066, 0.0008592941449023783, 0.001589618856087327, 0.0008488030289299786, 0.000896283017937094, 0.0009491631062701344, 0.0007608009618707001, 0.00026909320149570704, 0.0009162002825178206, 0.0009112415718846023, 0.0008256774744950235, 0.0018196996534243226, 0.0007441292982548475, 0.001052745385095477, 0.0005630338564515114, 0.0005592163070105016, 0.0006325563881546259, 0.0008976782555691898, 0.0012618321925401688, 0.0007584310369566083, 0.0008813321474008262, 0.0007691272767260671, 0.00038797224988229573, 0.0002951847855001688, 0.0010764754842966795, 0.0008863613475114107, 0.0007648871978744864, 0.0006317524239420891, 0.0009947698563337326, 0.0007322739693336189, 0.0015254851896315813, 0.0009563984349370003, 0.0006792198400944471, 0.0008939726394601166, 0.000677296775393188, 0.0008244588389061391, 0.0006576509913429618, 0.0006155837909318507, 0.00048028549645096064, 0.0010785897029563785, 0.0003330846084281802, 0.0005879493546672165, 0.0012911255471408367, 0.0009774757781997323, 0.0005699036410078406, 0.0003486775967758149, 0.0011401113588362932, 0.0007246094755828381, 0.0003114966384600848, 0.0008546321769244969, 0.0009993676794692874, 0.0008321625646203756, 0.0006647012196481228, 0.0006660241633653641, 0.0009249746799468994, 0.0007223795400932431, 0.0008455723291262984, 0.00047298544086515903, 0.0007365786004811525, 0.0005878127412870526, 0.0007805165369063616, 0.001010723877698183, 0.00093432841822505, 0.0003556467709131539, 0.000744287041015923, 0.0007356257410719991, 8.918435196392238e-05, 0.0006522645708173513, 0.000863214663695544, 0.00040231048478744924, 0.000933731731493026, 0.0009674594621174037, 0.0005159184220246971, 0.0008207346545532346, 0.0008078076643869281, 0.0006354910437949002, 0.0003875376423820853, 0.0012079855659976602, 0.0005167658091522753, 0.0010282461298629642, 0.00040580963832326233, 0.0004213530628476292, 0.0007244300213642418, 0.0006180170457810163, 0.0008321877685375512, 0.0013572543393820524]
OUTPUT_SCALES: [0.0235294122248888]
OUTPUT_ZERO_POINT: -128

REAL_MULTIPLIERS: [0.012123636438132121, 0.01610186350511332, 0.00855261469172805, 0.00895271375062303, 0.008510906937270185, 0.003236975911724353, 0.008420697424682573, 0.011300087683730288, 0.005380185511534324, 0.010897193089333908, 0.010020272569561403, 0.01287972093612605, 0.0125612856100112, 0.016622908180520285, 0.013409808916638193, 0.010279164903055296, 0.01560815488749664, 0.007421618787934817, 0.012651222005564759, 0.01505561303362774, 0.013764649699632649, 0.012765069188589837, 0.013191197866468907, 0.006660371595177802, 0.008207266900165537, 0.01768504292995439, 0.011997101490216282, 0.004872258281957041, 0.012095874178600804, 0.014237504874920136, 0.01226041153522592, 0.024003398500445257, 0.015747562867590666, 0.011256480287226667, 0.006568301581520654, 0.015811524441526843, 0.010967834723211197, 0.012303297867967666, 0.020001811229057996, 0.015163885671839978, 0.007619795639120169, 0.012430559968241679, 0.007609977342685884, 0.013674448015240282, 0.013529565517272637, 0.01772341848263694, 0.025502924091315403, 0.0082944077602177, 0.007686553618357215, 0.011606113580785258, 0.007483002276237468, 0.009794944058073726, 0.006539770419256533, 0.015602720380398711, 0.008988258106025852, 0.004718581676432802, 0.009749608370020238, 0.020957659962272765, 0.010644198866056252, 0.012840467755776757, 0.023753739958140802, 0.012683698578231602, 0.013393194007133614, 0.014183383342405032, 0.011368680070052725, 0.004021070779548845, 0.013690818511093371, 0.013616720294116343, 0.012338132467001743, 0.027191846777505586, 0.011119554714824299, 0.01573121759592225, 0.00841343807829344, 0.008356392279955157, 0.009452316129458594, 0.013414043100465452, 0.018855610360703483, 0.01133326618457063, 0.013169782533681122, 0.011493100535453347, 0.005797485289877939, 0.004410958392648423, 0.0160858174444631, 0.013244934077818135, 0.011429740862751451, 0.009440302459158244, 0.014864886884715251, 0.010942400047065613, 0.02279538794204706, 0.014291501156311344, 0.010149610011374412, 0.013358669926510861, 0.010120873576435017, 0.012319922345266434, 0.009827305817210332, 0.009198693910962516, 0.007176925930813151, 0.0161174103008669, 0.004977297005734244, 0.008785751393071375, 0.019293342163532356, 0.014606460763738083, 0.008516093551518736, 0.00521030367205658, 0.017036730935476585, 0.010827869201655939, 0.004654707082443776, 0.012770803776505432, 0.014933592344968985, 0.0124350394355199, 0.009932657668797274, 0.009952426471185511, 0.013821934692825597, 0.010794547183902799, 0.012635422098164975, 0.007067840899894533, 0.011006724327381404, 0.008783709973711766, 0.011663290718843738, 0.015103288482259563, 0.013961707988697654, 0.00531444432787946, 0.011121911871392063, 0.010992485710032961, 0.0013326854401442358, 0.009746816313716726, 0.012899052229380124, 0.0060117421238929, 0.013952791674315315, 0.014456786540481948, 0.00770939020348143, 0.012264271705280435, 0.012071103159451976, 0.009496168809413176, 0.00579099093212399, 0.01805097800520782, 0.007722052744187517, 0.015365124217165009, 0.0060640301191220835, 0.006296296151194438, 0.010825187609885305, 0.009235054138269602, 0.012435416058691058, 0.02028150742631121]

MULTIPLIERS: [1666259904, 1106511635, 1175462413, 1230451609, 1169730143, 1779546327, 1157331842, 1553072225, 1478894132, 1497698814, 1377175775, 1770175366, 1726409949, 1142317552, 1843030104, 1412757667, 2145168473, 2040039039, 1738770713, 2069227699, 1891799050, 1754417750, 1812984430, 1830789004, 1127998174, 1215306896, 1648869074, 1339276159, 1662444288, 1956787770, 1685058131, 1649500985, 1082164280, 1547078870, 1805480991, 1086559686, 1507407726, 1690952383, 1374514001, 2084108577, 2094513477, 1708443153, 2091814644, 1879401825, 1859489326, 1217944044, 1752547599, 1139974722, 2112863770, 1595132104, 2056912003, 1346206861, 1797638405, 2144421560, 1235336788, 1297033855, 1339975971, 1440199426, 1462927553, 1764780450, 1632344580, 1743234259, 1840746568, 1949349363, 1562499491, 1105303520, 1881651768, 1871467787, 1695740014, 1868609482, 1528259963, 1081041042, 1156334125, 1148493810, 1299116437, 1843612046, 1295747678, 1557632244, 1810041129, 1579599710, 1593600622, 1212475011, 1105408958, 1820369878, 1570891623, 1297465290, 2043014497, 1503912011, 1566487131, 1964208962, 1394951778, 1836001614, 1391002273, 1693237234, 1350654627, 1264258864, 1972778378, 1107580002, 1368148983, 1207504477, 1325828378, 2007496681, 1170442985, 1432197368, 1170755235, 1488171011, 1279476140, 1755205906, 2052457303, 1709058806, 1365134075, 1367851079, 1899672239, 1483591268, 1736599190, 1942793313, 1512752673, 1207223906, 1602990470, 2075780163, 1918882535, 1460823333, 1528583928, 1510795732, 1465303138, 1339592234, 1772832239, 1652495092, 1917657086, 1986925613, 2119141043, 1685588668, 1659039785, 1305143503, 1591815467, 1240453763, 2122621696, 2111766592, 1666867907, 1730712708, 1487802456, 1269256176, 1709110569, 1393734578]
SHIFTS: [-6, -5, -6, -6, -6, -8, -6, -6, -7, -6, -6, -6, -6, -5, -6, -6, -6, -7, -6, -6, -6, -6, -6, -7, -6, -5, -6, -7, -6, -6, -6, -5, -5, -6, -7, -5, -6, -6, -5, -6, -7, -6, -7, -6, -6, -5, -5, -6, -7, -6, -7, -6, -7, -6, -6, -7, -6, -5, -6, -6, -5, -6, -6, -6, -6, -7, -6, -6, -6, -5, -6, -5, -6, -6, -6, -6, -5, -6, -6, -6, -7, -7, -5, -6, -6, -6, -6, -6, -5, -6, -6, -6, -6, -6, -6, -6, -7, -5, -7, -6, -5, -6, -6, -7, -5, -6, -7, -6, -6, -6, -6, -6, -6, -6, -6, -7, -6, -6, -6, -6, -6, -7, -6, -6, -9, -6, -6, -7, -6, -6, -7, -6, -6, -6, -7, -5, -7, -6, -7, -7, -6, -6, -6, -5]
Q6: [127, 127, 127, 127, 127, 127, 127, 127, 127, 127, 127, 127, 127, 127, 127, 127, 127, 127, 127, 127, 127, 127, 127, 127, 127, 127, 127, 127, 127, 127, 127, 127, 127, 127, 127, 127, 127, 127, 127, 127, 127, 127, 127, 127, 127, 127, 127, 127, 127, 127, 127, 127, 127, 127, 127, 127, 127, 127, 127, 127, 127, 127, 127, 127, 127, 127, 127, 127, 127, 127, 127, 127, 127, 127, 127, 127, 127, 127, 127, 127, 127, 127, 127, 127, 127, 127, 127, 127, 127, 127, 127, 127, 127, 127, 127, 127, 127, 127, 127, 127, 127, 127, 127, 127, 127, 127, 127, 127, 127, 127, 127, 127, 127, 127, 127, 127, 127, 127, 127, 127, 127, 127, 127, 127, 127, 127, 127, 127, 127, 127, 127, 127, 127, 127, 127, 127, 127, 127, 127, 127, 127, 127, 127, 127]

OFFSETS:
  MUL   = 7712
  SHIFT = 7712
  Q6    = 7712

================================================================================
OP_INDEX: 38
TIPO: DEPTHWISE_CONV_2D
NFEAT: 144

INPUT_SCALE: 0.0235294122248888
WEIGHT_SCALES: [0.003426330629736185, 0.007337741553783417, 0.0022055439185351133, 0.002627730369567871, 0.007228709291666746, 0.015240880660712719, 0.006955714430660009, 0.006173917092382908, 0.011643859557807446, 0.006982831284403801, 0.006074688397347927, 0.003766733920201659, 0.004990074317902327, 0.005277811083942652, 0.007054150570183992, 0.005762411281466484, 0.001542849699035287, 0.010752116329967976, 0.003856804920360446, 0.0071332729421556, 0.006158594973385334, 0.0034771414939314127, 0.006197480484843254, 0.013075181283056736, 0.005466182250529528, 0.008664114400744438, 0.005146163981407881, 0.009896794334053993, 0.0017814460443332791, 0.0025455693248659372, 0.005569430999457836, 0.006349945906549692, 0.0053838882595300674, 0.0029453553725034, 0.009492723271250725, 0.001093109487555921, 0.0010434252908453345, 0.008069499395787716, 0.0012730777962133288, 0.005828601308166981, 0.0040078554302453995, 0.006626976653933525, 0.008721551857888699, 0.0061093769036233425, 0.0020343849901109934, 0.005819076206535101, 0.00542138097807765, 0.008535653352737427, 0.012956294231116772, 0.0011189653305336833, 0.009922819212079048, 0.007764161564409733, 0.010837426409125328, 0.0027795007918030024, 0.016232743859291077, 0.01150276605039835, 0.00724836764857173, 0.005395311396569014, 0.006323385518044233, 0.007527497131377459, 0.0021865670569241047, 0.0014485473511740565, 0.008648972027003765, 0.003656314918771386, 0.004047153517603874, 0.005967660807073116, 0.00670055765658617, 0.006631696596741676, 0.008519114926457405, 0.004774108994752169, 0.0015924948966130614, 0.0028983219526708126, 0.00873593706637621, 0.0053013963624835014, 0.010617414489388466, 0.001196523429825902, 0.005802513100206852, 0.005286060273647308, 0.005615984555333853, 0.006355565972626209, 0.017565302550792694, 0.007498355582356453, 0.0055343834683299065, 0.003420287510380149, 0.0033085932955145836, 0.0052682687528431416, 0.003148025833070278, 0.00329153286293149, 0.002547656185925007, 0.0031584491953253746, 0.007370765320956707, 0.005469569470733404, 0.005436392035335302, 0.0033551612868905067, 0.00767058040946722, 0.002362719038501382, 0.01628144457936287, 0.0032057410571724176, 0.004986491985619068, 0.0076394639909267426, 0.003897417336702347, 0.00537867471575737, 0.010090957395732403, 0.00869662594050169, 0.00458892248570919, 0.003630454186350107, 0.005706906784325838, 0.0037777479737997055, 0.00611340394243598, 0.004048344679176807, 0.004349956288933754, 0.004302138462662697, 0.005606940481811762, 0.0032223279122263193, 0.008459372445940971, 0.004654948133975267, 0.009443770162761211, 0.004814986605197191, 0.007060248404741287, 0.005659759975969791, 0.001815018942579627, 0.013575428165495396, 0.0028571414295583963, 0.01019025593996048, 0.03785299137234688, 0.0088358698412776, 0.006351619493216276, 0.010283669456839561, 0.003025677753612399, 0.00484709395095706, 0.0070548756048083305, 0.004576252307742834, 0.0027336226776242256, 0.008174475282430649, 0.007338418159633875, 0.0034900279715657234, 0.009175753220915794, 0.0028065366204828024, 0.007334235589951277, 0.020516490563750267, 0.008887229487299919, 0.006614875514060259, 0.001453500590287149, 0.0025744824670255184]
OUTPUT_SCALES: [0.0235294122248888]
OUTPUT_ZERO_POINT: -128

REAL_MULTIPLIERS: [0.003426330629736185, 0.007337741553783417, 0.0022055439185351133, 0.002627730369567871, 0.007228709291666746, 0.015240880660712719, 0.006955714430660009, 0.006173917092382908, 0.011643859557807446, 0.006982831284403801, 0.006074688397347927, 0.003766733920201659, 0.004990074317902327, 0.005277811083942652, 0.007054150570183992, 0.005762411281466484, 0.001542849699035287, 0.010752116329967976, 0.003856804920360446, 0.0071332729421556, 0.006158594973385334, 0.0034771414939314127, 0.006197480484843254, 0.013075181283056736, 0.005466182250529528, 0.008664114400744438, 0.005146163981407881, 0.009896794334053993, 0.0017814460443332791, 0.0025455693248659372, 0.005569430999457836, 0.006349945906549692, 0.0053838882595300674, 0.0029453553725034, 0.009492723271250725, 0.001093109487555921, 0.0010434252908453345, 0.008069499395787716, 0.0012730777962133288, 0.005828601308166981, 0.0040078554302453995, 0.006626976653933525, 0.008721551857888699, 0.0061093769036233425, 0.0020343849901109934, 0.005819076206535101, 0.00542138097807765, 0.008535653352737427, 0.012956294231116772, 0.0011189653305336833, 0.009922819212079048, 0.007764161564409733, 0.010837426409125328, 0.0027795007918030024, 0.016232743859291077, 0.01150276605039835, 0.00724836764857173, 0.005395311396569014, 0.006323385518044233, 0.007527497131377459, 0.0021865670569241047, 0.0014485473511740565, 0.008648972027003765, 0.003656314918771386, 0.004047153517603874, 0.005967660807073116, 0.00670055765658617, 0.006631696596741676, 0.008519114926457405, 0.004774108994752169, 0.0015924948966130614, 0.0028983219526708126, 0.00873593706637621, 0.0053013963624835014, 0.010617414489388466, 0.001196523429825902, 0.005802513100206852, 0.005286060273647308, 0.005615984555333853, 0.006355565972626209, 0.017565302550792694, 0.007498355582356453, 0.0055343834683299065, 0.003420287510380149, 0.0033085932955145836, 0.0052682687528431416, 0.003148025833070278, 0.00329153286293149, 0.002547656185925007, 0.0031584491953253746, 0.007370765320956707, 0.005469569470733404, 0.005436392035335302, 0.0033551612868905067, 0.00767058040946722, 0.002362719038501382, 0.01628144457936287, 0.0032057410571724176, 0.004986491985619068, 0.0076394639909267426, 0.003897417336702347, 0.00537867471575737, 0.010090957395732403, 0.00869662594050169, 0.00458892248570919, 0.003630454186350107, 0.005706906784325838, 0.0037777479737997055, 0.00611340394243598, 0.004048344679176807, 0.004349956288933754, 0.004302138462662697, 0.005606940481811762, 0.0032223279122263193, 0.008459372445940971, 0.004654948133975267, 0.009443770162761211, 0.004814986605197191, 0.007060248404741287, 0.005659759975969791, 0.001815018942579627, 0.013575428165495396, 0.0028571414295583963, 0.01019025593996048, 0.03785299137234688, 0.0088358698412776, 0.006351619493216276, 0.010283669456839561, 0.003025677753612399, 0.00484709395095706, 0.0070548756048083305, 0.004576252307742834, 0.0027336226776242256, 0.008174475282430649, 0.007338418159633875, 0.0034900279715657234, 0.009175753220915794, 0.0028065366204828024, 0.007334235589951277, 0.020516490563750267, 0.008887229487299919, 0.006614875514060259, 0.001453500590287149, 0.0025744824670255184]

MULTIPLIERS: [1883645184, 2016983040, 1212510592, 1444610048, 1987012480, 2094690688, 1911972224, 1697073408, 1600319872, 1919426048, 1669797632, 2070783872, 1371661184, 1450753664, 1939030144, 1583959552, 1696381184, 1477759616, 2120300928, 1960779136, 1692861696, 1911578752, 1703550464, 1797039232, 1502532736, 1190786816, 1414566784, 1360205056, 1958720640, 1399441536, 1530913536, 1745459840, 1479911936, 1619226240, 1304669952, 1201886592, 1147258240, 1109063552, 1399763840, 1602153728, 1101670912, 1821609472, 1198680960, 1679332736, 1118414976, 1599535488, 1490217856, 1173131264, 1780699520, 1230315392, 1363781888, 2134196480, 1489484544, 1528046720, 1115505664, 1580928128, 1992416128, 1483051904, 1738158976, 2069142656, 1202077952, 1592694656, 1188705664, 2010080384, 1112473088, 1640378112, 1841835264, 1822906880, 1170858240, 1312297088, 1750966656, 1593369344, 1200658048, 1457236736, 1459246336, 1315591424, 1594982656, 1453021184, 1543710080, 1747004672, 1207078400, 2061132288, 1521279744, 1880322944, 1818918400, 1448130688, 1730645504, 1809539328, 1400588800, 1736375808, 2026060544, 1503463808, 1494344064, 1844519424, 2108473088, 1298918528, 1118852352, 1762374784, 1370676480, 2099919872, 2142627840, 1478478848, 1386890624, 1195255168, 1261393408, 1995863296, 1568702592, 2076838912, 1680439680, 1112800512, 1195706880, 1182562816, 1541224064, 1771493504, 1162647296, 1279542400, 1297941888, 1323533440, 1940706304, 1555742976, 1995634432, 1865792640, 1570730112, 1400538112, 1300618880, 1214392704, 1745919872, 1413376768, 1663383936, 1332359040, 1939229440, 1257910656, 1502824960, 1123491328, 2017169024, 1918663168, 1261105920, 1542909824, 2016019328, 1409882496, 1221451520, 1818283136, 1598140800, 1415336704]
SHIFTS: [-8, -7, -8, -8, -7, -6, -7, -7, -6, -7, -7, -8, -7, -7, -7, -7, -9, -6, -8, -7, -7, -8, -7, -6, -7, -6, -7, -6, -9, -8, -7, -7, -7, -8, -6, -9, -9, -6, -9, -7, -7, -7, -6, -7, -8, -7, -7, -6, -6, -9, -6, -7, -6, -8, -5, -6, -7, -7, -7, -7, -8, -9, -6, -8, -7, -7, -7, -7, -6, -7, -9, -8, -6, -7, -6, -9, -7, -7, -7, -7, -5, -7, -7, -8, -8, -7, -8, -8, -8, -8, -7, -7, -7, -8, -7, -8, -5, -8, -7, -7, -8, -7, -6, -6, -7, -8, -7, -8, -7, -7, -7, -7, -7, -8, -6, -7, -6, -7, -7, -7, -9, -6, -8, -6, -4, -6, -7, -6, -8, -7, -7, -7, -8, -6, -7, -8, -6, -8, -7, -5, -6, -7, -9, -8]
Q6: [127, 127, 127, 127, 127, 127, 127, 127, 127, 127, 127, 127, 127, 127, 127, 127, 127, 127, 127, 127, 127, 127, 127, 127, 127, 127, 127, 127, 127, 127, 127, 127, 127, 127, 127, 127, 127, 127, 127, 127, 127, 127, 127, 127, 127, 127, 127, 127, 127, 127, 127, 127, 127, 127, 127, 127, 127, 127, 127, 127, 127, 127, 127, 127, 127, 127, 127, 127, 127, 127, 127, 127, 127, 127, 127, 127, 127, 127, 127, 127, 127, 127, 127, 127, 127, 127, 127, 127, 127, 127, 127, 127, 127, 127, 127, 127, 127, 127, 127, 127, 127, 127, 127, 127, 127, 127, 127, 127, 127, 127, 127, 127, 127, 127, 127, 127, 127, 127, 127, 127, 127, 127, 127, 127, 127, 127, 127, 127, 127, 127, 127, 127, 127, 127, 127, 127, 127, 127, 127, 127, 127, 127, 127, 127]

OFFSETS:
  MUL   = 8288
  SHIFT = 8288
  Q6    = 8288

================================================================================
OP_INDEX: 39
TIPO: CONV_2D
NFEAT: 32

INPUT_SCALE: 0.0235294122248888
WEIGHT_SCALES: [0.011674920096993446, 0.00967758521437645, 0.015152351930737495, 0.011016469448804855, 0.01176652405411005, 0.01619415171444416, 0.008486178703606129, 0.01100312452763319, 0.008744033984839916, 0.01037510298192501, 0.013144008815288544, 0.01059738826006651, 0.010575838387012482, 0.012610395438969135, 0.010502099059522152, 0.012652534060180187, 0.014006352983415127, 0.012395715340971947, 0.010893812403082848, 0.02277071215212345, 0.01010508369654417, 0.013387504033744335, 0.015813259407877922, 0.010064502246677876, 0.012258939445018768, 0.011503418907523155, 0.009467682801187038, 0.010606972500681877, 0.010264255106449127, 0.012583581730723381, 0.008025221526622772, 0.013279394246637821]
OUTPUT_SCALES: [0.22274534404277802]
OUTPUT_ZERO_POINT: -2

REAL_MULTIPLIERS: [0.0012332648695096448, 0.0010222790192499884, 0.001600598819638815, 0.001163710299031174, 0.0012429413333553431, 0.001710647973177694, 0.0008964263553489752, 0.0011623006257888168, 0.000923664559732494, 0.0010959603936345516, 0.001388450129144344, 0.0011194412074014644, 0.0011171648148301124, 0.0013320825801206354, 0.0011093754577005067, 0.0013365338380956298, 0.0014795427241378555, 0.0013094051295819374, 0.0011507535829054897, 0.0024053543080061026, 0.001067437260629466, 0.001414171427133564, 0.0016704129140207918, 0.0010631504924068075, 0.0012949569872329203, 0.0012151485663319216, 0.0010001062531786846, 0.0011204536260864457, 0.0010842511237167736, 0.0013292501492238034, 0.0008477337486331219, 0.0014027513915889126]

MULTIPLIERS: [1355989064, 1124007668, 1759877014, 1279513005, 1366628449, 1880877338, 1971262402, 1277963053, 2031159847, 1205021196, 1526617062, 1230838624, 1228335704, 1464640286, 1219771215, 1469534496, 1626774429, 1439706165, 1265266945, 1322357515, 1173659680, 1554897928, 1836638422, 1168946328, 1423820265, 1336069978, 1099628454, 1231951790, 1192146718, 1461525995, 1864186228, 1542341466]
SHIFTS: [-9, -9, -9, -9, -9, -9, -10, -9, -10, -9, -9, -9, -9, -9, -9, -9, -9, -9, -9, -8, -9, -9, -9, -9, -9, -9, -9, -9, -9, -9, -10, -9]
Q6: [25, 25, 25, 25, 25, 25, 25, 25, 25, 25, 25, 25, 25, 25, 25, 25, 25, 25, 25, 25, 25, 25, 25, 25, 25, 25, 25, 25, 25, 25, 25, 25]

OFFSETS:
  MUL   = 8864
  SHIFT = 8864
  Q6    = 8864

================================================================================
OP_INDEX: 40
TIPO: CONV_2D
NFEAT: 192

INPUT_SCALE: 0.22274534404277802
WEIGHT_SCALES: [0.00032341168844141066, 0.0011865413980558515, 0.00031805879552848637, 0.0008569696801714599, 0.0010884026996791363, 0.0005688673700205982, 0.0008494585636071861, 0.0005880423123016953, 0.0014194999821484089, 0.0008934537181630731, 0.0015005762688815594, 0.0008270027465187013, 0.0005817862693220377, 0.0023835927713662386, 0.0018034526146948338, 0.00045473157661035657, 0.0012256193440407515, 0.000860156083945185, 0.0018238837365061045, 0.0010998439975082874, 0.0008807090343907475, 0.0005938247195445001, 0.00045556086115539074, 0.000861405220348388, 0.0007413583807647228, 0.00037814906681887805, 0.0007626949227415025, 0.0007613935740664601, 0.000902740634046495, 0.0013664724538102746, 0.0009966593934223056, 0.0005773658631369472, 0.0009861013386398554, 0.0009993897983804345, 0.0012530500534921885, 0.0019189204322174191, 0.000491703802254051, 0.0012835707748308778, 0.0008920939289964736, 0.001922974013723433, 0.00020619432325474918, 0.0008181802113540471, 0.001389644225127995, 0.00037444414920173585, 0.0003722052788361907, 0.0005747011164203286, 0.0007024090155027807, 0.0007651346386410296, 0.0008263441268354654, 0.0008337268955074251, 0.0005013525951653719, 0.0003271549358032644, 0.0013295274693518877, 0.0013445240911096334, 0.0010767508065328002, 0.0011076905066147447, 0.0009372856584377587, 0.0005134441307745874, 0.0007680002017877996, 0.0005117442342452705, 0.0007940009818412364, 0.0004078958590980619, 0.0013508248375728726, 0.00033558884751982987, 0.0008354283636435866, 0.0010255018714815378, 0.0005406698328442872, 0.0004367642686702311, 0.0005455253995023668, 0.0009065046906471252, 0.0012371288612484932, 0.0002626857894938439, 0.0011775476159527898, 0.0005784829845651984, 0.0006723963306285441, 0.0004884321824647486, 0.001138803898356855, 0.000778655637986958, 0.0013029094552621245, 0.0003051734820473939, 0.0006195916794240475, 0.0010168574517592788, 0.001022843411192298, 0.0008496730006299913, 0.0006060089217498899, 0.0009372962522320449, 0.0003977345477323979, 0.000381026096874848, 0.0009999593021348119, 0.0010798530420288444, 0.0009866416221484542, 0.0006766162696294487, 0.0006114588468335569, 0.00039862815174274147, 0.0007683075382374227, 0.00048203315236605704, 0.000643390289042145, 0.00031804986065253615, 0.0013087191618978977, 0.00039831263711676, 0.0006941891624592245, 0.0006983534549362957, 0.0007145750569179654, 0.0006280087400227785, 0.0011540219420567155, 0.0015654697781428695, 0.0003846239414997399, 0.00016849528765305877, 0.0007325145998038352, 0.0011674624402076006, 0.0004144678823649883, 0.0011905290884897113, 0.00035709235817193985, 0.0003865266917273402, 0.0009499866282567382, 0.0005531367496587336, 0.001068085664883256, 0.0005120820715092123, 0.0007835535798221827, 0.0009194154408760369, 0.00022173108300194144, 0.0003391610807739198, 0.001141487853601575, 0.0008704441133886576, 0.0005368822021409869, 0.0015807083109393716, 0.0004956136108376086, 0.0017418760107830167, 0.0006078238948248327, 0.0009586358210071921, 0.00044055533362552524, 0.0009647824917919934, 0.00032291992101818323, 0.0006823497242294252, 0.0006670299335382879, 0.0009310308960266411, 0.0012299418449401855, 0.0011178526328876615, 0.0009425882599316537, 0.001230547670274973, 0.0008969102636910975, 0.0009070640662685037, 0.0012828489998355508, 0.0005295726587064564, 0.0006213458254933357, 0.00047359123709611595, 0.0014349691336974502, 0.001193006755784154, 0.001028575235977769, 0.0011111185885965824, 0.0008787124534137547, 0.00040993193397298455, 0.0017185272881761193, 0.0008498267270624638, 0.0002563465968705714, 0.00025566943804733455, 0.0008692567935213447, 0.0010591840837150812, 0.0015341861872002482, 0.000568760558962822, 0.0009047134662978351, 0.0007762688328512013, 0.0008521358831785619, 0.0006855885148979723, 0.00035162732820026577, 0.00031498612952418625, 0.0008165589533746243, 0.0013209863100200891, 0.0002915158693213016, 0.0003751031181309372, 0.0003678590292111039, 0.0003669419384095818, 0.0010024365037679672, 0.0005781264044344425, 0.0008779868367128074, 0.0010440903715789318, 0.0009377953829243779, 0.0009509588126093149, 0.0012210238492116332, 0.0007839326863177121, 0.0005535164382308722, 0.000994425150565803, 0.0009899070719256997, 0.0006925844354555011, 0.000849821197334677, 0.0010336096165701747, 0.0009221091750077903, 0.000737036345526576, 0.0007869915571063757, 0.0006954104756005108, 0.0014408946735784411, 0.0009405541350133717]
OUTPUT_SCALES: [0.0235294122248888]
OUTPUT_ZERO_POINT: -128

REAL_MULTIPLIERS: [0.003061633972018109, 0.011232604087380619, 0.0030109598641348593, 0.008112655106705429, 0.010303556734862863, 0.0053852836117986485, 0.008041549792757771, 0.005566806595653108, 0.01343794774260915, 0.00845803770771726, 0.014205470756336784, 0.00782896782703211, 0.00550758265786276, 0.022564702715108333, 0.01707270327391048, 0.004304796928673276, 0.011602542377368344, 0.008142819761821072, 0.01726611810355155, 0.010411867805147672, 0.008337387903784622, 0.005621546776937007, 0.004312647497549688, 0.008154644932600031, 0.007018200284993112, 0.00357981504947791, 0.007220186434833004, 0.007207866987344413, 0.008545953940123653, 0.012935953263081869, 0.009435052493427387, 0.005465736100579647, 0.009335102799722257, 0.009460900355072277, 0.011862220041888784, 0.018165799798979268, 0.004654801044471832, 0.012151149850676316, 0.008445165022975076, 0.018204173745533164, 0.0019519750444282058, 0.00774544773686591, 0.013155312936197146, 0.003544741791319444, 0.0035235471288657416, 0.005440509804295364, 0.006649479227169912, 0.007243282437071086, 0.007822732887266783, 0.0078926231731824, 0.004746143049792147, 0.0030970700854868237, 0.012586207030783992, 0.01272817520410602, 0.01019325202674589, 0.01048614817193915, 0.008872980525805164, 0.004860609711072843, 0.007270409797623188, 0.004844517339804032, 0.007516550782490512, 0.003861418321887201, 0.012787822335333378, 0.003176911203019953, 0.007908730422345482, 0.009708094915267158, 0.005118346636940744, 0.004134706228982425, 0.005164312717837255, 0.008581587047933163, 0.01171149925847109, 0.0024867615049925687, 0.011147462857772121, 0.005476311528239934, 0.006365358835463404, 0.004623829676866887, 0.010780688599965792, 0.00737128136973993, 0.012334222890700448, 0.0028889787641816263, 0.005865474261756843, 0.009626260986451545, 0.009682928130559954, 0.00804357979877593, 0.005736890682946505, 0.008873080813833204, 0.0037652244699355373, 0.0036070509635548697, 0.009466291663129189, 0.010222619887968413, 0.009340217489152373, 0.006405307634677426, 0.00578848336304264, 0.003773683930410773, 0.007273319252502634, 0.00456325212621454, 0.006090768010553322, 0.0030108752805507693, 0.012389221506518146, 0.003770697055377812, 0.006571664533939654, 0.006611086545489898, 0.006764651210845625, 0.005945155855201412, 0.010924752903280512, 0.014819796643800471, 0.003641110596287059, 0.0015950904535629467, 0.006934479067737707, 0.011051989757142866, 0.003923633542975478, 0.011270354264441423, 0.0033804779913677407, 0.003659123317982929, 0.00899321650386385, 0.005236366910819459, 0.010111221930139162, 0.004847715536038937, 0.007417648602748607, 0.00870380894936032, 0.0020990565295975483, 0.0032107283811788553, 0.01080609673718004, 0.008240213212877387, 0.005082490360717185, 0.014964054910773822, 0.004691813939216595, 0.01648977745781996, 0.0057540724466957445, 0.009075095617395394, 0.00417059501616013, 0.009133284163951181, 0.003056978568694436, 0.0064595843971064736, 0.006314556887896058, 0.008813768710743481, 0.011643462096941757, 0.010582349738354509, 0.008923178541071776, 0.011649197249666239, 0.008490759707547962, 0.008586882476227003, 0.012144317039974588, 0.005013293274467921, 0.005882080195894526, 0.004483335241627258, 0.013584389202808326, 0.011293809540274468, 0.00973718946406161, 0.01051860071657363, 0.008318486916697527, 0.0038806931849469663, 0.016268742644016516, 0.008045035077248772, 0.00242675041638872, 0.002420339972574321, 0.008228973239273045, 0.010026953536994499, 0.01452364499492771, 0.0053842724660214175, 0.008564630105697335, 0.007348686256608934, 0.008066895112196212, 0.006490244982031114, 0.003328742318176678, 0.0029818719277378584, 0.007730099811343714, 0.012505350634725222, 0.0027596865567775446, 0.0035509800372834975, 0.003482402587778918, 0.003473720785439315, 0.009489742530697265, 0.005472935899340031, 0.008311617737809807, 0.009884066240426462, 0.008877805922846697, 0.00900241985905258, 0.01155903831245694, 0.007421237481466377, 0.00523996129986844, 0.009413901638106811, 0.00937113044724648, 0.006556473101823853, 0.008044982729102267, 0.009784848318706163, 0.008729309660138913, 0.006977284973684669, 0.007450194823013676, 0.006583226310886724, 0.013640484374537026, 0.008903922137621569]

MULTIPLIERS: [1683151076, 1543797351, 1655292691, 1114994828, 1416110055, 1480295488, 1105222188, 1530192145, 1846897475, 1162463851, 1952385034, 1076005145, 1513912793, 1550634563, 1173227235, 1183293570, 1594641282, 1119140626, 1186518601, 1430996215, 1145881868, 1545239012, 1185451518, 1120765865, 1929148205, 1968024136, 1984669735, 1981283391, 1174546966, 1777903879, 1296743741, 1502410099, 1283006759, 1300296244, 1630331108, 1248344257, 1279501968, 1670041319, 1160694643, 1250981294, 2146219258, 2129052462, 1808052443, 1948742409, 1937090520, 1495475948, 1827794932, 1991018316, 1075148221, 1084753869, 1304609868, 1702632286, 1729835122, 1749347080, 1400949891, 1441205231, 1219493158, 1336074224, 1998475028, 1331650787, 2066133747, 2122837172, 1757544919, 1746525404, 1086967633, 1334270405, 1406920411, 1136539394, 1419555471, 1179444343, 1609616202, 1367111595, 1532095629, 1505317051, 1749696514, 1270988624, 1481686559, 2026202394, 1695202686, 1588232872, 1612289288, 1323023236, 1330811509, 1105501190, 1576944503, 1219506941, 2069954043, 1982997238, 1301037219, 1404986179, 1283709717, 1760677556, 1591126191, 2074604681, 1999274773, 1254337193, 1674217562, 1655246190, 1702761638, 2072962629, 1806405392, 1817241632, 1859453166, 1634191998, 1501486606, 2036817341, 2001721719, 1753820501, 1906135092, 1518973906, 1078520176, 1548985695, 1858437429, 2011624318, 1236018265, 1439361576, 1389675760, 1332529900, 2038947722, 1196242393, 1153968531, 1765116594, 1485178627, 1132526280, 1397064312, 2056644047, 1289675995, 1133168878, 1581667391, 1247271644, 1146404429, 1255269017, 1680591741, 1775597039, 1735732181, 1211355148, 1600265245, 1454427073, 1226392320, 1601053479, 1166961128, 1180172141, 1669102225, 1378043562, 1616853893, 1232369807, 1867024236, 1552209364, 1338269130, 1445665474, 1143284136, 2133433640, 1117979482, 1105701202, 1334120150, 1330595972, 1130981470, 1378094001, 1996114569, 1480017546, 1177113799, 2019991497, 1108705622, 1784024956, 1829995442, 1639301429, 2124833657, 1718722304, 1517153729, 1952171920, 1914471069, 1909698198, 1304260282, 1504389165, 1142340044, 1358455720, 1220156355, 1237283164, 1588662129, 2039934226, 1440349595, 1293836789, 1287958362, 1802229603, 1105694007, 1344819313, 1199747184, 1917901490, 2047893959, 1809583469, 1874733897, 1223745740]
SHIFTS: [-8, -6, -8, -6, -6, -7, -6, -7, -6, -6, -6, -6, -7, -5, -5, -7, -6, -6, -5, -6, -6, -7, -7, -6, -7, -8, -7, -7, -6, -6, -6, -7, -6, -6, -6, -5, -7, -6, -6, -5, -9, -7, -6, -8, -8, -7, -7, -7, -6, -6, -7, -8, -6, -6, -6, -6, -6, -7, -7, -7, -7, -8, -6, -8, -6, -6, -7, -7, -7, -6, -6, -8, -6, -7, -7, -7, -6, -7, -6, -8, -7, -6, -6, -6, -7, -6, -8, -8, -6, -6, -6, -7, -7, -8, -7, -7, -7, -8, -6, -8, -7, -7, -7, -7, -6, -6, -8, -9, -7, -6, -7, -6, -8, -8, -6, -7, -6, -7, -7, -6, -8, -8, -6, -6, -7, -6, -7, -5, -7, -6, -7, -6, -8, -7, -7, -6, -6, -6, -6, -6, -6, -6, -6, -7, -7, -7, -6, -6, -6, -6, -6, -8, -5, -6, -8, -8, -6, -6, -6, -7, -6, -7, -6, -7, -8, -8, -7, -6, -8, -8, -8, -8, -6, -7, -6, -6, -6, -6, -6, -7, -7, -6, -6, -7, -6, -6, -6, -7, -7, -7, -6, -6]
Q6: [127, 127, 127, 127, 127, 127, 127, 127, 127, 127, 127, 127, 127, 127, 127, 127, 127, 127, 127, 127, 127, 127, 127, 127, 127, 127, 127, 127, 127, 127, 127, 127, 127, 127, 127, 127, 127, 127, 127, 127, 127, 127, 127, 127, 127, 127, 127, 127, 127, 127, 127, 127, 127, 127, 127, 127, 127, 127, 127, 127, 127, 127, 127, 127, 127, 127, 127, 127, 127, 127, 127, 127, 127, 127, 127, 127, 127, 127, 127, 127, 127, 127, 127, 127, 127, 127, 127, 127, 127, 127, 127, 127, 127, 127, 127, 127, 127, 127, 127, 127, 127, 127, 127, 127, 127, 127, 127, 127, 127, 127, 127, 127, 127, 127, 127, 127, 127, 127, 127, 127, 127, 127, 127, 127, 127, 127, 127, 127, 127, 127, 127, 127, 127, 127, 127, 127, 127, 127, 127, 127, 127, 127, 127, 127, 127, 127, 127, 127, 127, 127, 127, 127, 127, 127, 127, 127, 127, 127, 127, 127, 127, 127, 127, 127, 127, 127, 127, 127, 127, 127, 127, 127, 127, 127, 127, 127, 127, 127, 127, 127, 127, 127, 127, 127, 127, 127, 127, 127, 127, 127, 127, 127]

OFFSETS:
  MUL   = 8992
  SHIFT = 8992
  Q6    = 8992

================================================================================
OP_INDEX: 41
TIPO: DEPTHWISE_CONV_2D
NFEAT: 192

INPUT_SCALE: 0.0235294122248888
WEIGHT_SCALES: [0.018054069951176643, 0.006620359607040882, 0.025574855506420135, 0.003165300702676177, 0.0038707833737134933, 0.010654553771018982, 0.018586190417408943, 0.009516652673482895, 0.002369675086811185, 0.009977934882044792, 0.009137600660324097, 0.006001332309097052, 0.006852998398244381, 0.0055337930098176, 0.004216439090669155, 0.005444965325295925, 0.005392185878008604, 0.001886388286948204, 0.004735955037176609, 0.0018985667265951633, 0.009858437813818455, 0.008257915265858173, 0.01627267152070999, 0.009266496635973454, 0.006080280989408493, 0.01218719407916069, 0.009298691526055336, 0.006684798281639814, 0.013127396814525127, 0.012594173662364483, 0.004340497311204672, 0.01436261460185051, 0.00817538145929575, 0.009938888251781464, 0.00833510048687458, 0.008014840073883533, 0.021734444424510002, 0.003374644787982106, 0.007259948644787073, 0.00511549599468708, 0.04040203243494034, 0.0065132747404277325, 0.010180490091443062, 0.01761505752801895, 0.011495635844767094, 0.0067142825573682785, 0.012829427607357502, 0.010898608714342117, 0.006939527578651905, 0.014497960917651653, 0.009372871369123459, 0.012696769088506699, 0.0064120814204216, 0.006217225454747677, 0.006952555384486914, 0.00991812627762556, 0.013241811655461788, 0.008346638642251492, 0.017746424302458763, 0.020466869696974754, 0.00616034772247076, 0.007098950445652008, 0.004745627287775278, 0.015753185376524925, 0.010432726703584194, 0.0037518369499593973, 0.004354389384388924, 0.01427605003118515, 0.009706073440611362, 0.01072175707668066, 0.006314217112958431, 0.027233602479100227, 0.0033200338948518038, 0.014634041115641594, 0.008650427684187889, 0.012654799036681652, 0.012364260852336884, 0.007224102504551411, 0.0015333802439272404, 0.017031719908118248, 0.007008409593254328, 0.009270310401916504, 0.003003495279699564, 0.0020464821718633175, 0.0046643759123981, 0.008930345997214317, 0.023561742156744003, 0.01828763820230961, 0.008256755769252777, 0.009024511091411114, 0.008561867289245129, 0.013110853731632233, 0.010244139470160007, 0.004618814680725336, 0.006539377849549055, 0.010644081979990005, 0.009107488207519054, 0.024293096736073494, 0.004487911704927683, 0.009070849977433681, 0.011705825105309486, 0.00965383742004633, 0.010212792083621025, 0.004330016206949949, 0.003704899689182639, 0.007189409341663122, 0.01952354423701763, 0.017613664269447327, 0.006330360192805529, 0.005396105349063873, 0.016108980402350426, 0.0017283160705119371, 0.006662636063992977, 0.015792200341820717, 0.013920251280069351, 0.009246429428458214, 0.005742236971855164, 0.013588028028607368, 0.019500192254781723, 0.004343730863183737, 0.01191216055303812, 0.016114214435219765, 0.003987095318734646, 0.007410502061247826, 0.017223171889781952, 0.006030035670846701, 0.019651329144835472, 0.011775963939726353, 0.011120031587779522, 0.010214206762611866, 0.02053849585354328, 0.007564245257526636, 0.014181414619088173, 0.009137528948485851, 0.008277913555502892, 0.008080964908003807, 0.00548674026504159, 0.005394511856138706, 0.004774217959493399, 0.006883119698613882, 0.007588690146803856, 0.017314834520220757, 0.010868092998862267, 0.00927661545574665, 0.009569159708917141, 0.015397798269987106, 0.006086662411689758, 0.008693883195519447, 0.01323214266449213, 0.004951925482600927, 0.008388222195208073, 0.014585409313440323, 0.0018076150445267558, 0.001677349559031427, 0.03017820417881012, 0.038819875568151474, 0.009412476792931557, 0.005315831396728754, 0.005033385008573532, 0.02320755273103714, 0.005093209911137819, 0.005347067024558783, 0.004767707083374262, 0.021697018295526505, 0.0214054137468338, 0.021281491965055466, 0.012034153565764427, 0.00662871403619647, 0.017615893855690956, 0.013947735540568829, 0.02492549456655979, 0.016685280948877335, 0.0028590322472155094, 0.010823585093021393, 0.015073404647409916, 0.011003278195858002, 0.005029336083680391, 0.002625341759994626, 0.0014480185927823186, 0.007488603703677654, 0.007097747642546892, 0.0037012833636254072, 0.007103467360138893, 0.011099714785814285, 0.005984210409224033, 0.005986114498227835, 0.010553400032222271, 0.005812572315335274, 0.013979761861264706, 0.0033526450861245394, 0.0028871374670416117, 0.005886649712920189]
OUTPUT_SCALES: [0.0235294122248888]
OUTPUT_ZERO_POINT: -128

REAL_MULTIPLIERS: [0.018054069951176643, 0.006620359607040882, 0.025574855506420135, 0.003165300702676177, 0.0038707833737134933, 0.010654553771018982, 0.018586190417408943, 0.009516652673482895, 0.002369675086811185, 0.009977934882044792, 0.009137600660324097, 0.006001332309097052, 0.006852998398244381, 0.0055337930098176, 0.004216439090669155, 0.005444965325295925, 0.005392185878008604, 0.001886388286948204, 0.004735955037176609, 0.0018985667265951633, 0.009858437813818455, 0.008257915265858173, 0.01627267152070999, 0.009266496635973454, 0.006080280989408493, 0.01218719407916069, 0.009298691526055336, 0.006684798281639814, 0.013127396814525127, 0.012594173662364483, 0.004340497311204672, 0.01436261460185051, 0.00817538145929575, 0.009938888251781464, 0.00833510048687458, 0.008014840073883533, 0.021734444424510002, 0.003374644787982106, 0.007259948644787073, 0.00511549599468708, 0.04040203243494034, 0.0065132747404277325, 0.010180490091443062, 0.01761505752801895, 0.011495635844767094, 0.0067142825573682785, 0.012829427607357502, 0.010898608714342117, 0.006939527578651905, 0.014497960917651653, 0.009372871369123459, 0.012696769088506699, 0.0064120814204216, 0.006217225454747677, 0.006952555384486914, 0.00991812627762556, 0.013241811655461788, 0.008346638642251492, 0.017746424302458763, 0.020466869696974754, 0.00616034772247076, 0.007098950445652008, 0.004745627287775278, 0.015753185376524925, 0.010432726703584194, 0.0037518369499593973, 0.004354389384388924, 0.01427605003118515, 0.009706073440611362, 0.01072175707668066, 0.006314217112958431, 0.027233602479100227, 0.0033200338948518038, 0.014634041115641594, 0.008650427684187889, 0.012654799036681652, 0.012364260852336884, 0.007224102504551411, 0.0015333802439272404, 0.017031719908118248, 0.007008409593254328, 0.009270310401916504, 0.003003495279699564, 0.0020464821718633175, 0.0046643759123981, 0.008930345997214317, 0.023561742156744003, 0.01828763820230961, 0.008256755769252777, 0.009024511091411114, 0.008561867289245129, 0.013110853731632233, 0.010244139470160007, 0.004618814680725336, 0.006539377849549055, 0.010644081979990005, 0.009107488207519054, 0.024293096736073494, 0.004487911704927683, 0.009070849977433681, 0.011705825105309486, 0.00965383742004633, 0.010212792083621025, 0.004330016206949949, 0.003704899689182639, 0.007189409341663122, 0.01952354423701763, 0.017613664269447327, 0.006330360192805529, 0.005396105349063873, 0.016108980402350426, 0.0017283160705119371, 0.006662636063992977, 0.015792200341820717, 0.013920251280069351, 0.009246429428458214, 0.005742236971855164, 0.013588028028607368, 0.019500192254781723, 0.004343730863183737, 0.01191216055303812, 0.016114214435219765, 0.003987095318734646, 0.007410502061247826, 0.017223171889781952, 0.006030035670846701, 0.019651329144835472, 0.011775963939726353, 0.011120031587779522, 0.010214206762611866, 0.02053849585354328, 0.007564245257526636, 0.014181414619088173, 0.009137528948485851, 0.008277913555502892, 0.008080964908003807, 0.00548674026504159, 0.005394511856138706, 0.004774217959493399, 0.006883119698613882, 0.007588690146803856, 0.017314834520220757, 0.010868092998862267, 0.00927661545574665, 0.009569159708917141, 0.015397798269987106, 0.006086662411689758, 0.008693883195519447, 0.01323214266449213, 0.004951925482600927, 0.008388222195208073, 0.014585409313440323, 0.0018076150445267558, 0.001677349559031427, 0.03017820417881012, 0.038819875568151474, 0.009412476792931557, 0.005315831396728754, 0.005033385008573532, 0.02320755273103714, 0.005093209911137819, 0.005347067024558783, 0.004767707083374262, 0.021697018295526505, 0.0214054137468338, 0.021281491965055466, 0.012034153565764427, 0.00662871403619647, 0.017615893855690956, 0.013947735540568829, 0.02492549456655979, 0.016685280948877335, 0.0028590322472155094, 0.010823585093021393, 0.015073404647409916, 0.011003278195858002, 0.005029336083680391, 0.002625341759994626, 0.0014480185927823186, 0.007488603703677654, 0.007097747642546892, 0.0037012833636254072, 0.007103467360138893, 0.011099714785814285, 0.005984210409224033, 0.005986114498227835, 0.010553400032222271, 0.005812572315335274, 0.013979761861264706, 0.0033526450861245394, 0.0028871374670416117, 0.005886649712920189]

MULTIPLIERS: [1240666240, 1819790592, 1757490688, 1740142464, 2127985664, 1464350720, 1277233280, 1307958784, 1302742656, 1371356928, 1255862272, 1649633664, 1883737856, 1521117440, 1159005952, 1496700672, 1482192768, 2074105856, 1301809408, 2087496192, 1354933376, 1134959232, 1118249472, 1273577600, 1671334912, 1674995200, 1278002432, 1837503360, 1804215680, 1730930048, 1193106816, 1973982720, 1123615872, 1365990400, 1145567488, 1101551232, 1493579648, 1855230592, 1995599488, 1406136832, 1388203264, 1790355328, 1399195904, 1210497536, 1579948160, 1845607936, 1763263104, 1497893376, 1907522816, 1992584576, 1288197632, 1745030656, 1762539520, 1708977920, 1911103872, 1363136896, 1819940736, 1147153280, 1219524992, 1406472576, 1693343488, 1951344640, 1304468096, 1082550656, 1433863040, 2062594176, 1196925440, 1962085376, 1333992576, 1473587072, 1735638784, 1871478912, 1825207936, 2011287296, 1188905728, 1739262336, 1699331072, 1985746176, 1685969408, 1170410880, 1926456960, 1274101760, 1651188992, 1125065472, 1282133888, 1227377408, 1619150592, 1256716928, 1134799872, 1240319360, 1176734080, 1801942016, 1407943808, 1269610112, 1797530496, 1462911488, 1251723648, 1669408896, 1233627776, 1246688128, 1608836352, 1326813312, 1403635456, 1190225792, 2036790144, 1976209792, 1341647744, 1210401792, 1740076160, 1483270144, 1107000704, 1900303616, 1831411456, 1085231744, 1913184768, 1270819584, 1578414080, 1867524352, 1340043008, 1193995648, 1637194880, 1107360384, 1095964416, 2036983296, 1183567360, 1657523584, 1350429056, 1618476160, 1528325504, 1403829888, 1411394688, 2079243904, 1949078784, 1255852416, 1137707776, 1110639360, 1508183680, 1482832128, 1312327040, 1892017536, 2085963264, 1189866368, 1493699328, 1274968320, 1315175296, 2116257280, 1673089024, 1194878208, 1818611840, 1361174912, 1152868480, 2004603392, 1987493760, 1844265344, 2073830400, 1333840768, 1293640960, 1461204608, 1383566336, 1594810880, 1400010880, 1469790592, 1310537344, 1491007744, 1470968832, 1462452992, 1653961472, 1822087040, 1210555008, 1916962176, 1712866944, 1146603776, 1571769600, 1487582208, 2071672960, 1512279040, 1382453376, 1443296896, 1592113280, 2058451712, 1951014016, 2034802048, 1952586240, 1525533184, 1644927232, 1645450624, 1450448256, 1597747712, 1921363840, 1843136128, 1587220608, 1618109952]
SHIFTS: [-5, -7, -5, -8, -8, -6, -5, -6, -8, -6, -6, -7, -7, -7, -7, -7, -7, -9, -7, -9, -6, -6, -5, -6, -7, -6, -6, -7, -6, -6, -7, -6, -6, -6, -6, -6, -5, -8, -7, -7, -4, -7, -6, -5, -6, -7, -6, -6, -7, -6, -6, -6, -7, -7, -7, -6, -6, -6, -5, -5, -7, -7, -7, -5, -6, -8, -7, -6, -6, -6, -7, -5, -8, -6, -6, -6, -6, -7, -9, -5, -7, -6, -8, -8, -7, -6, -5, -5, -6, -6, -6, -6, -6, -7, -7, -6, -6, -5, -7, -6, -6, -6, -6, -7, -8, -7, -5, -5, -7, -7, -5, -9, -7, -5, -6, -6, -7, -6, -5, -7, -6, -5, -7, -7, -5, -7, -5, -6, -6, -6, -5, -7, -6, -6, -6, -6, -7, -7, -7, -7, -7, -5, -6, -6, -6, -6, -7, -6, -6, -7, -6, -6, -9, -9, -5, -4, -6, -7, -7, -5, -7, -7, -7, -5, -5, -5, -6, -7, -5, -6, -5, -5, -8, -6, -6, -6, -7, -8, -9, -7, -7, -8, -7, -6, -7, -7, -6, -7, -6, -8, -8, -7]
Q6: [127, 127, 127, 127, 127, 127, 127, 127, 127, 127, 127, 127, 127, 127, 127, 127, 127, 127, 127, 127, 127, 127, 127, 127, 127, 127, 127, 127, 127, 127, 127, 127, 127, 127, 127, 127, 127, 127, 127, 127, 127, 127, 127, 127, 127, 127, 127, 127, 127, 127, 127, 127, 127, 127, 127, 127, 127, 127, 127, 127, 127, 127, 127, 127, 127, 127, 127, 127, 127, 127, 127, 127, 127, 127, 127, 127, 127, 127, 127, 127, 127, 127, 127, 127, 127, 127, 127, 127, 127, 127, 127, 127, 127, 127, 127, 127, 127, 127, 127, 127, 127, 127, 127, 127, 127, 127, 127, 127, 127, 127, 127, 127, 127, 127, 127, 127, 127, 127, 127, 127, 127, 127, 127, 127, 127, 127, 127, 127, 127, 127, 127, 127, 127, 127, 127, 127, 127, 127, 127, 127, 127, 127, 127, 127, 127, 127, 127, 127, 127, 127, 127, 127, 127, 127, 127, 127, 127, 127, 127, 127, 127, 127, 127, 127, 127, 127, 127, 127, 127, 127, 127, 127, 127, 127, 127, 127, 127, 127, 127, 127, 127, 127, 127, 127, 127, 127, 127, 127, 127, 127, 127, 127]

OFFSETS:
  MUL   = 9760
  SHIFT = 9760
  Q6    = 9760

================================================================================
OP_INDEX: 42
TIPO: CONV_2D
NFEAT: 32

INPUT_SCALE: 0.0235294122248888
WEIGHT_SCALES: [0.007749897427856922, 0.005714764352887869, 0.00891017820686102, 0.0028800428844988346, 0.011259741149842739, 0.006039251107722521, 0.003631435101851821, 0.006122638005763292, 0.0035006001126021147, 0.011075148358941078, 0.0063078561797738075, 0.006608118303120136, 0.006569951307028532, 0.0054818810895085335, 0.005352150183171034, 0.005054481793195009, 0.012093666940927505, 0.01664048433303833, 0.007726133335381746, 0.012266820296645164, 0.013870681636035442, 0.007803161628544331, 0.016888732090592384, 0.0044019948691129684, 0.010988786816596985, 0.005640050396323204, 0.014101758599281311, 0.012818150222301483, 0.0036602572072297335, 0.00567741459235549, 0.004379058722406626, 0.007833954878151417]
OUTPUT_SCALES: [0.2711487114429474]
OUTPUT_ZERO_POINT: 4

REAL_MULTIPLIERS: [0.0006725111482560722, 0.0004959088520525441, 0.000773196578773218, 0.0002499208493158911, 0.0009770840866265317, 0.0005240667679629335, 0.00031512424685588525, 0.0005313028145136062, 0.0003037708077076303, 0.0009610657185223491, 0.0005473754513505752, 0.0005734312317307919, 0.0005701192226873189, 0.00047569999221629627, 0.0004644423618286049, 0.00043861165727982615, 0.0010494494819809131, 0.0014440076569430685, 0.0006704489768187706, 0.0010644751727287036, 0.0012036530961835106, 0.0006771332441094281, 0.0014655497981183277, 0.00038199094266762925, 0.0009535715419158012, 0.0004894254154409254, 0.0012237052111094987, 0.0011123178086890604, 0.0003176253363687844, 0.0004926677600798384, 0.00038000061769860344, 0.0006798053831725026]

MULTIPLIERS: [1478867655, 1090515098, 1700277258, 1099163519, 1074315315, 1152435010, 1385931094, 1168347245, 1335998141, 2113405865, 1203691347, 1260988614, 1253705429, 2092150691, 2042639109, 1929034469, 1153881908, 1587703209, 1474332892, 1170402830, 1323430575, 1489031751, 1611389044, 1680013933, 2096925997, 1076257870, 1345478109, 1223006364, 1396931002, 1083387862, 1671260391, 1494907847]
SHIFTS: [-10, -10, -10, -11, -9, -10, -11, -10, -11, -10, -10, -10, -10, -11, -11, -11, -9, -9, -10, -9, -9, -10, -9, -11, -10, -10, -9, -9, -11, -10, -11, -10]
Q6: [26, 26, 26, 26, 26, 26, 26, 26, 26, 26, 26, 26, 26, 26, 26, 26, 26, 26, 26, 26, 26, 26, 26, 26, 26, 26, 26, 26, 26, 26, 26, 26]

OFFSETS:
  MUL   = 10528
  SHIFT = 10528
  Q6    = 10528

================================================================================
OP_INDEX: 44
TIPO: CONV_2D
NFEAT: 192

INPUT_SCALE: 0.2711487114429474
WEIGHT_SCALES: [0.0008625427144579589, 0.00051379285287112, 0.0007296895491890609, 0.000546658702660352, 0.001209146692417562, 0.0005111004575155675, 0.0006256686756387353, 0.0008359848870895803, 0.0005311144050210714, 0.000782495888415724, 0.0007235250086523592, 0.001010733307339251, 0.0002581264707259834, 0.0007385193603113294, 0.000339593825628981, 0.0006864143069833517, 0.0010900238994508982, 0.0006189288105815649, 0.00078851223224774, 0.0004767559003084898, 0.0005976044340059161, 0.0010670560877770185, 0.0010359392035752535, 0.0010001875925809145, 0.0007992943283170462, 0.00034232038888148963, 0.0007739160791970789, 0.0006788976606912911, 0.0010651586344465613, 0.0005619360599666834, 0.0006341176340356469, 0.0009419318521395326, 0.0003293619956821203, 0.00034364452585577965, 0.0007245560991577804, 0.0006921215099282563, 0.0002382792008575052, 0.00059777736896649, 0.0004890146665275097, 0.0009467690251767635, 0.00047706166515126824, 0.0008485311991535127, 0.0005926581216044724, 0.0011245313799008727, 0.0005165537586435676, 0.0008116841781884432, 0.0005404351395554841, 0.0006057712598703802, 0.001496245851740241, 0.0007633787463419139, 0.0006356958183459938, 0.0009400745038874447, 0.000943232502322644, 0.00016035352018661797, 0.0009569679968990386, 0.00021536275744438171, 0.0007625056896358728, 0.0008143482264131308, 0.0007173212943598628, 0.0007827544468455017, 0.0005537251709029078, 0.0014227807987481356, 0.0008706835797056556, 0.0006278991349972785, 0.0003101000329479575, 0.0007867384701967239, 0.0008765716920606792, 0.00041726717608980834, 0.001086161588318646, 0.0004928153939545155, 0.0004844842478632927, 0.0005188795039430261, 0.0005307404207997024, 0.0008663290645927191, 0.001121107256039977, 0.0008398945210501552, 0.0009402642608620226, 0.0008013628539629281, 0.0004064335080329329, 0.0012637708568945527, 0.0005791607545688748, 0.0007223670254461467, 0.0008164357859641314, 0.0004893203731626272, 0.0006815489032305777, 0.00033381138928234577, 0.0009274841868318617, 0.0006080447346903384, 0.000664547027554363, 0.0008764293161220849, 0.0008444120758213103, 0.0009694222826510668, 0.0007733152015134692, 0.0010843065101653337, 0.0009733180631883442, 0.0005611676606349647, 0.0004615365469362587, 0.0011277964804321527, 0.000733088469132781, 0.0007174392230808735, 0.0005699022440239787, 0.000882044667378068, 0.00037464036722667515, 0.0007754567777737975, 0.0008738130563870072, 0.0004071898583788425, 0.0006603428046219051, 0.0006980164325796068, 0.0010012311395257711, 0.0006227890262380242, 0.0007714850944466889, 0.0004533161118160933, 0.00022306227765511721, 0.0008311395649798214, 0.0007627648301422596, 0.0007503266097046435, 0.0007808137452229857, 0.0004313462704885751, 0.0008490485488437116, 0.0008822308154776692, 0.00045108652557246387, 0.0005932406056672335, 0.0007453255821019411, 0.000491010898258537, 0.0008564531453885138, 0.0005125324241816998, 0.0006771679618395865, 0.0008079250692389905, 0.0009258085628971457, 0.00032946636201813817, 0.0008485734579153359, 0.0002794366155285388, 0.002470482839271426, 0.0007100891671143472, 0.0004241573915351182, 0.0006259874789975584, 0.0010425894288346171, 0.0005358005873858929, 0.00045203304034657776, 0.0009928301442414522, 0.0008864885312505066, 0.0009048365755006671, 0.0007861183839850128, 0.001098264125175774, 0.0004907884285785258, 0.0011856890050694346, 0.0006651260773651302, 0.0007853349670767784, 0.00032986249425448477, 0.0006142286001704633, 0.0009907200001180172, 0.0008178122225217521, 0.0009024979663081467, 0.0008739389013499022, 0.0010244139702990651, 0.0010817450238391757, 0.00033939265995286405, 0.0009125432698056102, 0.000779742025770247, 0.0008890738245099783, 0.0012509481748566031, 0.00122064258903265, 0.000714385649189353, 0.0013826241483911872, 0.000877216225489974, 0.000656621006783098, 0.0009237349731847644, 0.0007226343150250614, 0.00028698352980427444, 0.0008438162039965391, 0.000777672918047756, 0.0006596830207854509, 0.0003550536057446152, 0.0004507796256802976, 0.0003724301350302994, 0.0003904745390173048, 0.0007339532603509724, 0.0005985241150483489, 0.0007098575006239116, 0.0009141196496784687, 0.0007627690793015063, 0.0007413552375510335, 0.0007431277772411704, 0.000912803749088198, 0.001705822185613215, 0.0008764963713474572, 0.0003245310508646071, 0.0006256687338463962, 0.001273418660275638, 0.0008483211859129369, 0.0010146802524104714, 0.0008299885084852576]
OUTPUT_SCALES: [0.0235294122248888]
OUTPUT_ZERO_POINT: -128

REAL_MULTIPLIERS: [0.009939786993165443, 0.005920856359396731, 0.008408811028722334, 0.006299596496874595, 0.013933988850249455, 0.00588982967992104, 0.007210093204547112, 0.009633739370690498, 0.006120466808682968, 0.009017341777407303, 0.008337771973127208, 0.01164750871284468, 0.002974602988706695, 0.008510564182825996, 0.003913418123376617, 0.00791011492661369, 0.012561239224900557, 0.007132424212730222, 0.009086673040851414, 0.0054940491843110725, 0.006886685935226834, 0.012296562297125486, 0.011937976924282927, 0.011525981794082842, 0.009210923975294816, 0.0039448385475469834, 0.00891846960024339, 0.007823494447658046, 0.01227469638646613, 0.0064756500127156535, 0.007307457480393084, 0.010854653126632028, 0.0037955083566863974, 0.003960097663708539, 0.008349654074526676, 0.007975883706116705, 0.0027458866230337005, 0.006888678806586088, 0.00563531699977531, 0.010910395838074875, 0.005497572763324926, 0.009778320812716403, 0.006829685521394692, 0.012958897218637267, 0.005952672540585595, 0.009353702375175426, 0.006227877275827339, 0.006980798966549648, 0.01724246788757763, 0.008797039273025052, 0.007325644192329618, 0.010833249379677326, 0.010869641585239407, 0.0018478851047520205, 0.011027926952499089, 0.0024818016538498593, 0.008786978324685286, 0.009384402387417203, 0.008266281486221152, 0.009020321358214373, 0.006381029205014867, 0.01639586983980207, 0.010033600859013257, 0.00723579661673669, 0.0035735369650803754, 0.00906623252623326, 0.01010145440599677, 0.004808511833734243, 0.012516730646586212, 0.005679115898554786, 0.005583109270514647, 0.005979474010807857, 0.006116157081828978, 0.009983420210616836, 0.012919438231569123, 0.009678793288760841, 0.010835436104898183, 0.009234761292525982, 0.004683666592988486, 0.014563467889930551, 0.006674144293054803, 0.008324427583083119, 0.009408459047945062, 0.005638839908014556, 0.007854046889486146, 0.003846782367693246, 0.010688160832048056, 0.007006998081174262, 0.007658120334344984, 0.01009981369130652, 0.00973085277683322, 0.011171447899870339, 0.008911545193968879, 0.012495353059841207, 0.011216342173584068, 0.006466795117120397, 0.005318664095366512, 0.012996523649477378, 0.008447979570385376, 0.008267640475576201, 0.006567450883965984, 0.010164523988478702, 0.004317288160754541, 0.008936224333332615, 0.010069664385017602, 0.004692382638239964, 0.007609671625985451, 0.008043815733729311, 0.011538007441248343, 0.007176908643158691, 0.008890455369530544, 0.005223933280630076, 0.0025705295389290084, 0.009577902750802584, 0.008789964613238431, 0.008646628799658886, 0.00899795706202155, 0.004970756783502735, 0.009784282657428974, 0.010166669125673888, 0.00519823993005961, 0.006836397962893194, 0.008588997857695577, 0.005658321214943807, 0.009869611895264939, 0.005906331406043221, 0.007803561709417864, 0.009310383080240401, 0.010668851243418357, 0.003796711055557869, 0.00977880779508154, 0.003220177261818519, 0.028469399579892272, 0.00818293975354758, 0.004887913436362627, 0.007213767037073073, 0.012014612923204075, 0.006174469530793635, 0.0052091473959542, 0.011441195883679053, 0.010215734275897826, 0.01042717383538953, 0.009059086764338233, 0.012656198103003585, 0.005655757514393464, 0.013663666683376614, 0.007664793200141636, 0.009050058808894208, 0.00380127601215006, 0.007078259833939118, 0.011416878962603435, 0.009424320855091569, 0.010400224123978983, 0.010071114599719287, 0.01180516221042398, 0.012465834952458064, 0.0039110999263326654, 0.010515984393439069, 0.00898560675994596, 0.010245526730095487, 0.014415701610067643, 0.014066465493706161, 0.008232451639660198, 0.015933111828846148, 0.010108881893227001, 0.0075667822975739145, 0.010644955568796327, 0.008327507780081332, 0.0033071465435701272, 0.009723986057174961, 0.008961762734968718, 0.0076020683958080235, 0.0040915738468379715, 0.005194703270940909, 0.004291817842741111, 0.004499758306492139, 0.008457945268730858, 0.006897284174027308, 0.008180270070609232, 0.010534150311362766, 0.008790013579784789, 0.00854324432170948, 0.008563670750060875, 0.010518986109808191, 0.019657587837683496, 0.010100586423654504, 0.0037398374181265674, 0.0072100938753217195, 0.014674647439595167, 0.009775900657932093, 0.01169299259743851, 0.009564638182936801]

MULTIPLIERS: [1366113922, 1627512603, 1155698188, 1731619900, 1915072845, 1618984055, 1981895329, 1324051057, 1682381106, 1239334017, 1145934654, 1600821408, 1635305287, 1169683035, 1075712183, 1087157917, 1726403573, 1960545839, 1248862833, 1510192740, 1892997816, 1690026653, 1640743055, 1584118876, 1265939752, 1084348963, 1225745128, 1075252889, 1687021426, 1780013122, 2008658617, 1491852166, 2086602786, 1088543357, 1147567718, 1096197110, 1509567135, 1893545612, 1549024142, 1499513386, 1511161294, 1343922179, 1877329661, 1781057272, 1636258169, 1285563066, 1711905870, 1918867409, 1184893371, 1209055871, 2013657743, 1488910457, 1493912164, 2031771159, 1515666739, 1364384888, 1207673105, 1289782443, 1136109077, 1239743527, 1754003952, 1126715596, 1379007602, 1988960629, 1964572723, 1246053510, 1388333322, 1321753668, 1720286361, 1561063491, 1534673391, 1643625301, 1681196457, 1372110826, 1775634070, 1330243220, 1489210999, 1269215928, 1287436470, 2001587786, 1834574814, 1144100615, 1293088765, 1549992512, 1079451985, 2114790971, 1468969639, 1926068967, 2105048089, 1388107824, 1337398222, 1535392108, 1224793445, 1717348248, 1541562330, 1777579106, 1461983254, 1786228609, 1161081471, 1136295855, 1805247153, 1397001540, 1186727133, 1228185320, 1383964135, 1289832318, 2091730609, 1105533616, 1585771668, 1972773626, 1221894882, 1435943846, 1413163559, 1316376931, 1208083537, 1188383613, 1236669802, 1366351221, 1344741569, 1397296365, 1428881312, 1879174763, 1180462877, 1555347492, 1356469130, 1623520015, 2145026709, 1279609307, 1466315750, 2087263976, 1343989110, 1770311171, 1956402242, 1124654676, 1343579415, 1982905184, 1651275827, 1697225261, 1431879533, 1572465989, 1404039828, 1433099860, 1245071404, 1739454622, 1554642788, 1877920050, 2106882312, 1243830612, 2089773588, 1945657248, 1569123897, 1295268796, 1429395919, 1384163451, 1622489140, 1713291310, 1075074962, 1445305890, 1234972389, 1408134472, 1981278943, 1933280297, 1131459538, 1094915108, 1389354148, 2079941280, 1463031553, 1144523954, 1818123040, 1336454467, 1231695292, 2089640649, 1124683255, 1427909162, 1179725906, 1236884145, 1162451146, 1895911037, 1124287758, 1447802595, 1208090267, 1174174559, 1176981946, 1445718443, 1350859150, 1388214028, 2055997364, 1981895513, 2016868187, 1343589556, 1607072666, 1314553862]
SHIFTS: [-6, -7, -6, -7, -6, -7, -7, -6, -7, -6, -6, -6, -8, -6, -7, -6, -6, -7, -6, -7, -7, -6, -6, -6, -6, -7, -6, -6, -6, -7, -7, -6, -8, -7, -6, -6, -8, -7, -7, -6, -7, -6, -7, -6, -7, -6, -7, -7, -5, -6, -7, -6, -6, -9, -6, -8, -6, -6, -6, -6, -7, -5, -6, -7, -8, -6, -6, -7, -6, -7, -7, -7, -7, -6, -6, -6, -6, -6, -7, -6, -7, -6, -6, -7, -6, -8, -6, -7, -7, -6, -6, -6, -6, -6, -6, -7, -7, -6, -6, -6, -7, -6, -7, -6, -6, -7, -7, -6, -6, -7, -6, -7, -8, -6, -6, -6, -6, -7, -6, -6, -7, -7, -6, -7, -6, -7, -7, -6, -6, -8, -6, -8, -5, -6, -7, -7, -6, -7, -7, -6, -6, -6, -6, -6, -7, -6, -7, -6, -8, -7, -6, -6, -6, -6, -6, -6, -7, -6, -6, -6, -6, -6, -6, -5, -6, -7, -6, -6, -8, -6, -6, -7, -7, -7, -7, -7, -6, -7, -6, -6, -6, -6, -6, -6, -5, -6, -8, -7, -6, -6, -6, -6]
Q6: [127, 127, 127, 127, 127, 127, 127, 127, 127, 127, 127, 127, 127, 127, 127, 127, 127, 127, 127, 127, 127, 127, 127, 127, 127, 127, 127, 127, 127, 127, 127, 127, 127, 127, 127, 127, 127, 127, 127, 127, 127, 127, 127, 127, 127, 127, 127, 127, 127, 127, 127, 127, 127, 127, 127, 127, 127, 127, 127, 127, 127, 127, 127, 127, 127, 127, 127, 127, 127, 127, 127, 127, 127, 127, 127, 127, 127, 127, 127, 127, 127, 127, 127, 127, 127, 127, 127, 127, 127, 127, 127, 127, 127, 127, 127, 127, 127, 127, 127, 127, 127, 127, 127, 127, 127, 127, 127, 127, 127, 127, 127, 127, 127, 127, 127, 127, 127, 127, 127, 127, 127, 127, 127, 127, 127, 127, 127, 127, 127, 127, 127, 127, 127, 127, 127, 127, 127, 127, 127, 127, 127, 127, 127, 127, 127, 127, 127, 127, 127, 127, 127, 127, 127, 127, 127, 127, 127, 127, 127, 127, 127, 127, 127, 127, 127, 127, 127, 127, 127, 127, 127, 127, 127, 127, 127, 127, 127, 127, 127, 127, 127, 127, 127, 127, 127, 127, 127, 127, 127, 127, 127, 127]

OFFSETS:
  MUL   = 10656
  SHIFT = 10656
  Q6    = 10656

================================================================================
OP_INDEX: 45
TIPO: DEPTHWISE_CONV_2D
NFEAT: 192

INPUT_SCALE: 0.0235294122248888
WEIGHT_SCALES: [0.016203798353672028, 0.007554057519882917, 0.004066365770995617, 0.004748281091451645, 0.004219761583954096, 0.012228432111442089, 0.0046197157353162766, 0.020520733669400215, 0.005375362001359463, 0.00460541108623147, 0.005876836366951466, 0.006047585513442755, 0.018575487658381462, 0.002638086210936308, 0.011204955168068409, 0.0059713092632591724, 0.0029317927546799183, 0.020427679643034935, 0.006107732187956572, 0.007507406175136566, 0.00726756127551198, 0.008298497647047043, 0.0135270981118083, 0.011631753295660019, 0.0021178063470870256, 0.010800798423588276, 0.005408957600593567, 0.016951031982898712, 0.008287230506539345, 0.004936345387250185, 0.009154114872217178, 0.0051087564788758755, 0.012456993572413921, 0.01994352973997593, 0.012352596037089825, 0.015573079697787762, 0.018828265368938446, 0.0032360642217099667, 0.005848153959959745, 0.010064392350614071, 0.008015773259103298, 0.005387116689234972, 0.007616246119141579, 0.0036570231895893812, 0.006200704257935286, 0.006238773465156555, 0.003814087016507983, 0.008336582221090794, 0.0025631317403167486, 0.005506657063961029, 0.008391538634896278, 0.0012246272526681423, 0.0021680211648344994, 0.025277849286794662, 0.0041873520240187645, 0.023499736562371254, 0.007079042959958315, 0.0026040757074952126, 0.010222548618912697, 0.004853956867009401, 0.006549963727593422, 0.005234845448285341, 0.005766728427261114, 0.00585844274610281, 0.014938839711248875, 0.005808607675135136, 0.00799810141324997, 0.007871921174228191, 0.004368157126009464, 0.008882684633135796, 0.006928008049726486, 0.01448057871311903, 0.0065931170247495174, 0.005201361607760191, 0.010389847680926323, 0.0044304425828158855, 0.004964267369359732, 0.0046560149639844894, 0.010677642188966274, 0.004456842318177223, 0.014525695703923702, 0.005282385274767876, 0.005113884806632996, 0.028444737195968628, 0.007052164524793625, 0.008121535181999207, 0.007076418958604336, 0.0036364237312227488, 0.008585551753640175, 0.0017275906866416335, 0.005375778768211603, 0.005427373107522726, 0.0014747085515409708, 0.0047073462046682835, 0.0014292163541540504, 0.00967656634747982, 0.006433594040572643, 0.006272854749113321, 0.005234536714851856, 0.0069043319672346115, 0.013152011670172215, 0.00797850638628006, 0.01835136115550995, 0.0015132968546822667, 0.006619186606258154, 0.023146646097302437, 0.0024009146727621555, 0.006353786215186119, 0.012704758904874325, 0.003986837808042765, 0.005294825416058302, 0.007499827072024345, 0.0119880186393857, 0.0016590936575084925, 0.012636708095669746, 0.0057333228178322315, 0.009924924932420254, 0.013512911275029182, 0.0015329272719100118, 0.004222664050757885, 0.0188178401440382, 0.006678732577711344, 0.011024024337530136, 0.01520662009716034, 0.004453118424862623, 0.005063288379460573, 0.006685076281428337, 0.00618323590606451, 0.008996655233204365, 0.015121293254196644, 0.007910222746431828, 0.024142660200595856, 0.001490857801400125, 0.011371629312634468, 0.01391166914254427, 0.0063115814700722694, 0.0017983692232519388, 0.006221874617040157, 0.003920017275959253, 0.004404927138239145, 0.00456650834530592, 0.006975763011723757, 0.0034290167968720198, 0.0034326708409935236, 0.014398650266230106, 0.005281529854983091, 0.005939324852079153, 0.005377169698476791, 0.014922181144356728, 0.008395967073738575, 0.005178079940378666, 0.0075850579887628555, 0.003966381307691336, 0.0020307828672230244, 0.004857709165662527, 0.005210993345826864, 0.007899516262114048, 0.009750034660100937, 0.004706408362835646, 0.010133291594684124, 0.004169276915490627, 0.008083284832537174, 0.011183748953044415, 0.005547034554183483, 0.003646834520623088, 0.008109643124043941, 0.006832651793956757, 0.007940644398331642, 0.018626684322953224, 0.004149153828620911, 0.005238965153694153, 0.002244005212560296, 0.00616175914183259, 0.005735913757234812, 0.008705979213118553, 0.01571616716682911, 0.008512546308338642, 0.005795422941446304, 0.0050806812942028046, 0.007962062023580074, 0.005968877114355564, 0.004010705277323723, 0.00588963134214282, 0.002929034875705838, 0.004261421505361795, 0.002787009347230196, 0.012331672012805939, 0.009056318551301956, 0.007884956896305084, 0.006958882790058851, 0.004402851220220327, 0.0037137973122298717]
OUTPUT_SCALES: [0.0235294122248888]
OUTPUT_ZERO_POINT: -128

REAL_MULTIPLIERS: [0.016203798353672028, 0.007554057519882917, 0.004066365770995617, 0.004748281091451645, 0.004219761583954096, 0.012228432111442089, 0.0046197157353162766, 0.020520733669400215, 0.005375362001359463, 0.00460541108623147, 0.005876836366951466, 0.006047585513442755, 0.018575487658381462, 0.002638086210936308, 0.011204955168068409, 0.0059713092632591724, 0.0029317927546799183, 0.020427679643034935, 0.006107732187956572, 0.007507406175136566, 0.00726756127551198, 0.008298497647047043, 0.0135270981118083, 0.011631753295660019, 0.0021178063470870256, 0.010800798423588276, 0.005408957600593567, 0.016951031982898712, 0.008287230506539345, 0.004936345387250185, 0.009154114872217178, 0.0051087564788758755, 0.012456993572413921, 0.01994352973997593, 0.012352596037089825, 0.015573079697787762, 0.018828265368938446, 0.0032360642217099667, 0.005848153959959745, 0.010064392350614071, 0.008015773259103298, 0.005387116689234972, 0.007616246119141579, 0.0036570231895893812, 0.006200704257935286, 0.006238773465156555, 0.003814087016507983, 0.008336582221090794, 0.0025631317403167486, 0.005506657063961029, 0.008391538634896278, 0.0012246272526681423, 0.0021680211648344994, 0.025277849286794662, 0.0041873520240187645, 0.023499736562371254, 0.007079042959958315, 0.0026040757074952126, 0.010222548618912697, 0.004853956867009401, 0.006549963727593422, 0.005234845448285341, 0.005766728427261114, 0.00585844274610281, 0.014938839711248875, 0.005808607675135136, 0.00799810141324997, 0.007871921174228191, 0.004368157126009464, 0.008882684633135796, 0.006928008049726486, 0.01448057871311903, 0.0065931170247495174, 0.005201361607760191, 0.010389847680926323, 0.0044304425828158855, 0.004964267369359732, 0.0046560149639844894, 0.010677642188966274, 0.004456842318177223, 0.014525695703923702, 0.005282385274767876, 0.005113884806632996, 0.028444737195968628, 0.007052164524793625, 0.008121535181999207, 0.007076418958604336, 0.0036364237312227488, 0.008585551753640175, 0.0017275906866416335, 0.005375778768211603, 0.005427373107522726, 0.0014747085515409708, 0.0047073462046682835, 0.0014292163541540504, 0.00967656634747982, 0.006433594040572643, 0.006272854749113321, 0.005234536714851856, 0.0069043319672346115, 0.013152011670172215, 0.00797850638628006, 0.01835136115550995, 0.0015132968546822667, 0.006619186606258154, 0.023146646097302437, 0.0024009146727621555, 0.006353786215186119, 0.012704758904874325, 0.003986837808042765, 0.005294825416058302, 0.007499827072024345, 0.0119880186393857, 0.0016590936575084925, 0.012636708095669746, 0.0057333228178322315, 0.009924924932420254, 0.013512911275029182, 0.0015329272719100118, 0.004222664050757885, 0.0188178401440382, 0.006678732577711344, 0.011024024337530136, 0.01520662009716034, 0.004453118424862623, 0.005063288379460573, 0.006685076281428337, 0.00618323590606451, 0.008996655233204365, 0.015121293254196644, 0.007910222746431828, 0.024142660200595856, 0.001490857801400125, 0.011371629312634468, 0.01391166914254427, 0.0063115814700722694, 0.0017983692232519388, 0.006221874617040157, 0.003920017275959253, 0.004404927138239145, 0.00456650834530592, 0.006975763011723757, 0.0034290167968720198, 0.0034326708409935236, 0.014398650266230106, 0.005281529854983091, 0.005939324852079153, 0.005377169698476791, 0.014922181144356728, 0.008395967073738575, 0.005178079940378666, 0.0075850579887628555, 0.003966381307691336, 0.0020307828672230244, 0.004857709165662527, 0.005210993345826864, 0.007899516262114048, 0.009750034660100937, 0.004706408362835646, 0.010133291594684124, 0.004169276915490627, 0.008083284832537174, 0.011183748953044415, 0.005547034554183483, 0.003646834520623088, 0.008109643124043941, 0.006832651793956757, 0.007940644398331642, 0.018626684322953224, 0.004149153828620911, 0.005238965153694153, 0.002244005212560296, 0.00616175914183259, 0.005735913757234812, 0.008705979213118553, 0.01571616716682911, 0.008512546308338642, 0.005795422941446304, 0.0050806812942028046, 0.007962062023580074, 0.005968877114355564, 0.004010705277323723, 0.00588963134214282, 0.002929034875705838, 0.004261421505361795, 0.002787009347230196, 0.012331672012805939, 0.009056318551301956, 0.007884956896305084, 0.006958882790058851, 0.004402851220220327, 0.0037137973122298717]

MULTIPLIERS: [1113516544, 2076443520, 1117754112, 1305197568, 1159919232, 1680662912, 1269857792, 1410174080, 1477568256, 1265925760, 1615412480, 1662347648, 1276497792, 1450303232, 1539997312, 1641380992, 1611770112, 1403779456, 1678880640, 2063620096, 1997692032, 1140536832, 1859150208, 1598656000, 1164276352, 1484450432, 1486802944, 1164866048, 1138988288, 1356892288, 1258131968, 1404284288, 1712076160, 1370508928, 1697727872, 2140347776, 1293868544, 1779045120, 1607528320, 1383239552, 1101679488, 1480799360, 2093537792, 2010469760, 1704436608, 1714900992, 2096816512, 1145771136, 1409096576, 1513658368, 1153324288, 1346491904, 1191882240, 1737080576, 1151010560, 1614889600, 1945872512, 1431605760, 1404976384, 1334245504, 1800440320, 1438943360, 1585146240, 1610356480, 2053178496, 1596657920, 1099250688, 1081908608, 1200709888, 1220826880, 1904356352, 1990195584, 1812302208, 1429739392, 1427969792, 1217830784, 1364567424, 1279835648, 1467523968, 1225087488, 1996396416, 1452011008, 1405693952, 1954707456, 1938484224, 1116215296, 1945151232, 1999145088, 1179989248, 1899506048, 1477682816, 1491864960, 1621459200, 1293945472, 1571440000, 1329937152, 1768452864, 1724269184, 1438858496, 1897848320, 1807598720, 1096557568, 1261095936, 1663887488, 1819468160, 1590625408, 1319916800, 1746515456, 1746128768, 1095893632, 1455430528, 2061536768, 1647620736, 1824192768, 1736775936, 1575963776, 1364071296, 1857200384, 1685471360, 1160717056, 1293152128, 1835836032, 1515130368, 2089981952, 1224063872, 1391786112, 1837579776, 1699634944, 1236490880, 2078254720, 1087172736, 1659070976, 1639215488, 1562904832, 1912005248, 1734914304, 1977327872, 1710255872, 1077526144, 1210817152, 1255232256, 1917483136, 1885121920, 1887130752, 1978935424, 1451775872, 1632589184, 1478065152, 2050888960, 1153932928, 1423339776, 2084964864, 1090270592, 1116434688, 1335276928, 1432386944, 1085701248, 1340034560, 1293687680, 1392708992, 1146042112, 1110958208, 1537082752, 1524757248, 2004868480, 1114580864, 1878145024, 1091353856, 1280016000, 1140510720, 1440075776, 1233654912, 1693731456, 1576675968, 1196540672, 1080006784, 1169955456, 1593033728, 1396567040, 1094297472, 1640712448, 1102454272, 1618929536, 1610253952, 1171370624, 1532174592, 1694852096, 1244690944, 1083700224, 1912843136, 1210246528, 2041681664]
SHIFTS: [-5, -7, -7, -7, -7, -6, -7, -5, -7, -7, -7, -7, -5, -8, -6, -7, -8, -5, -7, -7, -7, -6, -6, -6, -8, -6, -7, -5, -6, -7, -6, -7, -6, -5, -6, -6, -5, -8, -7, -6, -6, -7, -7, -8, -7, -7, -8, -6, -8, -7, -6, -9, -8, -5, -7, -5, -7, -8, -6, -7, -7, -7, -7, -7, -6, -7, -6, -6, -7, -6, -7, -6, -7, -7, -6, -7, -7, -7, -6, -7, -6, -7, -7, -5, -7, -6, -7, -8, -6, -9, -7, -7, -9, -7, -9, -6, -7, -7, -7, -7, -6, -6, -5, -9, -7, -5, -8, -7, -6, -7, -7, -7, -6, -9, -6, -7, -6, -6, -9, -7, -5, -7, -6, -6, -7, -7, -7, -7, -6, -6, -6, -5, -9, -6, -6, -7, -9, -7, -7, -7, -7, -7, -8, -8, -6, -7, -7, -7, -6, -6, -7, -7, -7, -8, -7, -7, -6, -6, -7, -6, -7, -6, -6, -7, -8, -6, -7, -6, -5, -7, -7, -8, -7, -7, -6, -5, -6, -7, -7, -6, -7, -7, -7, -8, -7, -8, -6, -6, -6, -7, -7, -8]
Q6: [127, 127, 127, 127, 127, 127, 127, 127, 127, 127, 127, 127, 127, 127, 127, 127, 127, 127, 127, 127, 127, 127, 127, 127, 127, 127, 127, 127, 127, 127, 127, 127, 127, 127, 127, 127, 127, 127, 127, 127, 127, 127, 127, 127, 127, 127, 127, 127, 127, 127, 127, 127, 127, 127, 127, 127, 127, 127, 127, 127, 127, 127, 127, 127, 127, 127, 127, 127, 127, 127, 127, 127, 127, 127, 127, 127, 127, 127, 127, 127, 127, 127, 127, 127, 127, 127, 127, 127, 127, 127, 127, 127, 127, 127, 127, 127, 127, 127, 127, 127, 127, 127, 127, 127, 127, 127, 127, 127, 127, 127, 127, 127, 127, 127, 127, 127, 127, 127, 127, 127, 127, 127, 127, 127, 127, 127, 127, 127, 127, 127, 127, 127, 127, 127, 127, 127, 127, 127, 127, 127, 127, 127, 127, 127, 127, 127, 127, 127, 127, 127, 127, 127, 127, 127, 127, 127, 127, 127, 127, 127, 127, 127, 127, 127, 127, 127, 127, 127, 127, 127, 127, 127, 127, 127, 127, 127, 127, 127, 127, 127, 127, 127, 127, 127, 127, 127, 127, 127, 127, 127, 127, 127]

OFFSETS:
  MUL   = 11424
  SHIFT = 11424
  Q6    = 11424

================================================================================
OP_INDEX: 46
TIPO: CONV_2D
NFEAT: 32

INPUT_SCALE: 0.0235294122248888
WEIGHT_SCALES: [0.0101264463737607, 0.00918611977249384, 0.010365044698119164, 0.005089129786938429, 0.011219711042940617, 0.0069084553979337215, 0.004548918455839157, 0.00854492001235485, 0.006949710659682751, 0.018635746091604233, 0.00885335449129343, 0.009021056815981865, 0.009762371890246868, 0.005212767980992794, 0.006458087358623743, 0.006344901397824287, 0.014575164765119553, 0.015147115103900433, 0.007065828889608383, 0.01379906851798296, 0.030049363151192665, 0.014199403114616871, 0.027553731575608253, 0.005239518359303474, 0.03390667960047722, 0.009121792390942574, 0.02397788316011429, 0.018095890060067177, 0.00576006667688489, 0.0073937661945819855, 0.004664139356464148, 0.008322687819600105]
OUTPUT_SCALES: [0.38132432103157043]
OUTPUT_ZERO_POINT: 27

REAL_MULTIPLIERS: [0.0006248469293982411, 0.0005668245819975233, 0.0006395695107295619, 0.00031402201752801654, 0.0006923062380582602, 0.00042628252626399565, 0.00028068856776639403, 0.0005272596955145523, 0.0004288281600109138, 0.0011499086937898546, 0.000546291479219515, 0.0005566394610057059, 0.0006023819091236722, 0.00032165104582281836, 0.000398492808521439, 0.0003915087296603899, 0.0008993527060545912, 0.0009346445942219497, 0.0004359931729619718, 0.0008514641043633442, 0.0018541797983592516, 0.0008761665354241314, 0.0017001881936682076, 0.0003233016635351662, 0.0020921934361244295, 0.0005628552955020466, 0.0014795423896076083, 0.0011165971675967054, 0.0003554218176187328, 0.00045622836806248087, 0.0002877982114953706, 0.0005135469775352172]

MULTIPLIERS: [1374052929, 1246460438, 1406428228, 1381083439, 1522397517, 1874810377, 1234481376, 1159456332, 1886006193, 1264337980, 1201307667, 1224063120, 1324651827, 1414636260, 1752589906, 1721873603, 1977697516, 2055305198, 1917518253, 1872389367, 2038692248, 1926710587, 1869376688, 1421895753, 1150195505, 1237731884, 1626774061, 1227711569, 1563161685, 2006513582, 1265749920, 1129301746]
SHIFTS: [-10, -10, -10, -11, -10, -11, -11, -10, -11, -9, -10, -10, -10, -11, -11, -11, -10, -10, -11, -10, -9, -10, -9, -11, -8, -10, -9, -9, -11, -11, -11, -10]
Q6: [43, 43, 43, 43, 43, 43, 43, 43, 43, 43, 43, 43, 43, 43, 43, 43, 43, 43, 43, 43, 43, 43, 43, 43, 43, 43, 43, 43, 43, 43, 43, 43]

OFFSETS:
  MUL   = 12192
  SHIFT = 12192
  Q6    = 12192

================================================================================
OP_INDEX: 48
TIPO: CONV_2D
NFEAT: 192

INPUT_SCALE: 0.38132432103157043
WEIGHT_SCALES: [0.0007653206121176481, 0.0006299425149336457, 0.0005949361948296428, 0.00047267350601032376, 0.0006513496628031135, 0.001058668247424066, 0.001816323958337307, 0.0010857894085347652, 0.001072707469575107, 0.0011234898120164871, 0.000573095167055726, 0.0006114342832006514, 0.0005448478041216731, 0.0007142863469198346, 0.0013426911318674684, 0.0006049048388376832, 0.0008690024842508137, 0.0002919101098086685, 0.0009353848290629685, 0.00098491704557091, 0.0011313777649775147, 0.000485420721815899, 0.0006553393322974443, 0.0006643316010013223, 0.0007078956696204841, 0.0007084241369739175, 0.0007156254723668098, 0.0008788052364252508, 0.0006407378823496401, 0.0005908616585657, 0.0008390236180275679, 0.0008337265462614596, 0.0007419582107104361, 0.0007365032797679305, 0.0006312023033387959, 0.0009218861232511699, 0.0012705380795523524, 0.0006730147288180888, 0.0005956536042504013, 0.0008489458123221993, 0.0007397206500172615, 0.0006131107802502811, 0.001136388280428946, 0.0008339046617038548, 0.0007653885404579341, 0.0007062885561026633, 0.0009955506538972259, 0.0007945940596982837, 0.0008887035073712468, 0.0006127237575128675, 0.000698669464327395, 0.0006550028920173645, 0.0006830822676420212, 0.0010010438272729516, 0.0011202315799891949, 0.0007012280984781682, 0.0008057239465415478, 0.000580072752200067, 0.0007062641670927405, 0.0006601916393265128, 0.0010650847107172012, 0.0005910960026085377, 0.0007692505605518818, 0.0004490108403842896, 0.0010924324160441756, 0.0008853590115904808, 0.0008410512236878276, 0.0009643537341617048, 0.0007739486754871905, 0.0009991845581680536, 0.0006546428194269538, 0.0007597490912303329, 0.0006493020919151604, 0.0011633310932666063, 0.0007234367658384144, 0.00120117561891675, 0.0009501109598204494, 0.0008759661577641964, 0.00012707778660114855, 0.00046699756057932973, 0.000810597266536206, 0.0007498445920646191, 0.0013938568299636245, 0.0007382231415249407, 0.001074098632670939, 0.000963011581916362, 0.0006063252221792936, 0.0007428828394040465, 0.0014866264536976814, 0.0005553147057071328, 0.00123645702842623, 0.0008591893711127341, 0.0010322353336960077, 0.0008031727047637105, 0.0011823801323771477, 0.0010679408442229033, 0.0012993600685149431, 0.0004921942600049078, 0.0009617207106202841, 0.0005668814992532134, 0.0008156906696967781, 0.0007449545082636178, 0.001065681572072208, 0.000648419139906764, 0.0006072766846045852, 0.0008604033500887454, 0.0006203708471730351, 0.0007727887714281678, 0.000455924920970574, 0.0010554728796705604, 0.0006336540682241321, 0.0008895942592062056, 0.0008807274280115962, 0.0005733222351409495, 0.0008103718282654881, 0.0011205404298380017, 0.0009419800480827689, 0.0007543040555901825, 0.000549929216504097, 0.001017384696751833, 0.0009328936575911939, 0.0004703828599303961, 0.001226139604113996, 0.0008944662404246628, 0.0010733610251918435, 0.0009951255051419139, 0.0009900034638121724, 0.0004660437989514321, 0.0005946456803940237, 0.00018142240878660232, 0.0005543497973121703, 0.0008888635202310979, 0.001475580153055489, 0.0005209995433688164, 0.0010578507790341973, 0.0005582949379459023, 0.0006605645176023245, 0.0006793899228796363, 0.0006175233866088092, 0.0008597653359174728, 0.0009327676962129772, 0.0007032018038444221, 0.0004550608282443136, 0.0006568427197635174, 0.0012350326869636774, 0.001556434785015881, 0.0006890519871376455, 0.0006754823843948543, 0.0006636612233705819, 0.0006759474636055529, 0.0007022959180176258, 0.0006855291430838406, 0.000758960610255599, 0.0007065821555443108, 0.0005751291173510253, 0.0007913769804872572, 0.0007944457465782762, 0.0009448741329833865, 0.0015702878590673208, 0.0005577494157478213, 0.0007833252311684191, 0.0005640321760438383, 0.0007973745814524591, 0.0010043868096545339, 0.0004153692570980638, 0.000635752861853689, 0.0005910141044296324, 0.0006366406450979412, 0.0008556044194847345, 0.0007082325173541903, 0.0008418226498179138, 0.0006507334182970226, 0.0006876332336105406, 0.0008901226683519781, 0.0006700005033053458, 0.0009134577121585608, 0.0011370222782716155, 0.0008243467891588807, 0.00081832759315148, 0.0009958473965525627, 0.0013876969460397959, 0.000685600854922086, 0.0006086709327064455, 0.0005869036540389061, 0.0007114008767530322, 0.0009374994551762938, 0.0007523528183810413, 0.0005065113073214889, 0.0004675897362176329, 0.0012141508050262928, 0.0007564661209471524, 0.00018892358639277518]
OUTPUT_SCALES: [0.0235294122248888]
OUTPUT_ZERO_POINT: -128

REAL_MULTIPLIERS: [0.012403002675882067, 0.010209026876663835, 0.009641704534826805, 0.007660280759514401, 0.010555957180256906, 0.017157077566929, 0.02943586068221988, 0.01759661078804303, 0.01738460117879782, 0.018207594208405616, 0.009287742650572393, 0.009909077229319324, 0.00882995788362584, 0.011575926914707022, 0.021760032903537303, 0.009803259204005942, 0.014083300471533796, 0.004730777945540786, 0.015159111559462412, 0.01596184469399862, 0.018335428608961157, 0.007866865750488474, 0.010620614894462655, 0.010766346148829162, 0.01147235778774307, 0.011480922279401817, 0.01159762916111094, 0.014242166650655941, 0.01038397965962524, 0.00957567144570769, 0.013597454471701154, 0.01351160862585677, 0.012024384979480421, 0.011935980823097596, 0.01022944336448962, 0.014940347708530163, 0.020590700094819128, 0.010907067378391219, 0.009653331075160993, 0.013758256363664333, 0.011988122436925737, 0.009936247015502307, 0.018416630441980775, 0.01351449521518112, 0.012404103541810667, 0.0114463124507348, 0.016134175963321996, 0.012877416461328502, 0.014402580834053005, 0.009929974815365835, 0.01132283529073128, 0.010615162447961105, 0.011070224764976261, 0.016223199887412696, 0.018154790377026594, 0.011364301240708549, 0.013057790560906588, 0.009400823372359032, 0.01144591719552993, 0.010699252756964765, 0.01726106458901409, 0.009579469291661884, 0.0124666925336673, 0.007276796896109599, 0.017704269249883144, 0.014348378987844346, 0.013630314423506514, 0.015628589843162115, 0.012542831515411171, 0.0161930680455178, 0.010609327009542665, 0.01231270902982059, 0.010522773666314864, 0.018853273300451077, 0.011724221196261196, 0.01946659240550879, 0.015397767406826872, 0.014196155737487585, 0.002059458614211379, 0.007568294779711786, 0.013136768965482583, 0.012152193910130157, 0.022589238703501362, 0.011963853390014774, 0.017407146762082777, 0.01560683854360628, 0.009826278338872866, 0.012039369774061238, 0.02409268950986381, 0.0089995874562744, 0.020038372924191205, 0.01392426637969932, 0.016728698277897032, 0.013016444413819576, 0.019161987425381385, 0.0173073518978269, 0.021057797413991167, 0.007976639629505013, 0.015585918317643499, 0.009187042189665743, 0.013219314100200854, 0.01207294382655893, 0.017270737493240196, 0.01050846429590275, 0.009841698008512024, 0.013943940466937439, 0.01005390571702459, 0.012524033781598649, 0.007388848445035825, 0.0171052925317821, 0.01026917736087228, 0.01441701661066429, 0.014273318232112805, 0.009291422580296017, 0.013133115448994606, 0.018159795685181824, 0.015265995547500145, 0.01222446523951134, 0.008912308692396132, 0.01648802464799506, 0.015118738928774985, 0.00762315790014148, 0.019871165822583473, 0.014495973318653859, 0.017395192886292526, 0.016127285882137337, 0.016044276629135545, 0.007552837848543768, 0.009636996375572613, 0.0029401829586412497, 0.008983949877441149, 0.014405174047795698, 0.023913670031942513, 0.00844346621301166, 0.017143829442592014, 0.00904788594431581, 0.010705295727949008, 0.011010385579616519, 0.010007758964358618, 0.01393360062851123, 0.01511669756299136, 0.011396287669077848, 0.00737484471349335, 0.010644979217687919, 0.020015289642894854, 0.025224023105783467, 0.011166971730504365, 0.010947058903821444, 0.01075548181900938, 0.010954596109279468, 0.01138160662670698, 0.011109879521651978, 0.012299930683746197, 0.011451070606470755, 0.009320705425330809, 0.012825279564149583, 0.012875012856884567, 0.015312897907371607, 0.02544852994880939, 0.009039045057012604, 0.012694790633411456, 0.009140865250444746, 0.012922478384673232, 0.016277377207045397, 0.006731591865808095, 0.010303191005077537, 0.00957814202657059, 0.010317578671866747, 0.01386616763790279, 0.01147781683755353, 0.013642816373936452, 0.010545970147192564, 0.01114397900887309, 0.014425580158993194, 0.010858217985720587, 0.014803754490367896, 0.01842690519064771, 0.013359597624715034, 0.013262048828819055, 0.016138985058869557, 0.022489409879371085, 0.011111041704020476, 0.00986429358827874, 0.009511526902937382, 0.011529164167652553, 0.01519338178938539, 0.01219284293646204, 0.008208665754721914, 0.0075778917458854044, 0.01967687194781908, 0.01225950428325763, 0.0030617491682121563]

MULTIPLIERS: [1704655708, 1403117970, 1325145781, 2105641942, 1450799708, 1179025393, 2022816943, 1209229886, 1194660696, 1251216347, 1276497630, 1361893204, 1213580171, 1590983281, 1495338075, 1347349686, 1935594078, 1300386340, 2083452428, 1096889615, 1260001060, 1081213796, 1459686196, 1479715347, 1576748848, 1577925943, 1593966015, 1957428480, 1427163297, 1316070262, 1868819912, 1857021349, 1652618888, 1640468713, 1405923991, 2053385754, 1414982136, 1499055926, 1326743720, 1890920356, 1647635002, 1365627391, 1265581207, 1857418079, 1704807010, 1573169204, 1108732130, 1769858642, 1979475637, 1364765347, 1556198633, 1458936818, 1521480106, 1114849807, 1247587695, 1561897669, 1794649069, 1292039326, 1573114881, 1470494102, 1186171326, 1316592234, 1713409175, 2000230700, 1216628119, 1972026192, 1873336150, 1073988516, 1723873637, 1112779163, 1458134801, 1692245843, 1446239000, 1295587076, 1611364691, 1337734044, 2116253038, 1951104788, 1132199347, 2080357028, 1805503779, 1670184813, 1552320664, 1644299489, 1196210017, 2144987556, 1350513411, 1654678382, 1655637016, 1236893882, 1377026502, 1913736599, 1149587392, 1788966498, 1316801749, 1189352166, 1447080820, 1096301003, 2142112302, 1262657464, 1816848696, 1659292765, 1186836043, 1444272335, 1352632675, 1916440585, 1381798280, 1721290096, 2031031195, 1175466752, 1411384989, 1981459675, 1961709920, 1277003396, 1805001643, 1247931657, 2098142452, 1680117709, 1224898380, 1133048426, 2077903656, 2095437688, 1365536117, 1992311402, 1195388553, 1108258647, 1102554295, 2076108259, 1324498696, 1616382675, 1234744669, 1979832046, 1643334891, 1160461160, 1178114989, 1243531975, 1471324641, 1513255871, 1375455919, 1915019488, 2077623093, 1566293851, 2027181879, 1463034803, 1375440231, 1733381669, 1534776908, 1504552319, 1478222165, 1505588225, 1564276104, 1526930215, 1690489601, 1573823160, 1281027999, 1762693001, 1769528293, 2104588663, 1748809662, 1242316893, 1744758739, 1256310954, 1776051905, 1118572844, 1850365882, 1416059789, 1316409816, 1418037215, 1905751569, 1577499134, 1875054405, 1449427100, 1531616812, 1982636640, 1492342117, 2034612525, 1266287283, 1836129116, 1822722112, 1109062608, 1545460479, 1527089944, 1355738188, 1307254303, 1584556258, 2088162493, 1675771573, 1128190431, 2082995022, 1352184344, 1684933439, 1683214406]
SHIFTS: [-6, -6, -6, -7, -6, -5, -5, -5, -5, -5, -6, -6, -6, -6, -5, -6, -6, -7, -6, -5, -5, -6, -6, -6, -6, -6, -6, -6, -6, -6, -6, -6, -6, -6, -6, -6, -5, -6, -6, -6, -6, -6, -5, -6, -6, -6, -5, -6, -6, -6, -6, -6, -6, -5, -5, -6, -6, -6, -6, -6, -5, -6, -6, -7, -5, -6, -6, -5, -6, -5, -6, -6, -6, -5, -6, -5, -6, -6, -8, -7, -6, -6, -5, -6, -5, -6, -6, -6, -5, -6, -5, -6, -5, -6, -5, -5, -5, -6, -6, -6, -6, -6, -5, -6, -6, -6, -6, -6, -7, -5, -6, -6, -6, -6, -6, -5, -6, -6, -6, -5, -6, -7, -5, -6, -5, -5, -5, -7, -6, -8, -6, -6, -5, -6, -5, -6, -6, -6, -6, -6, -6, -6, -7, -6, -5, -5, -6, -6, -6, -6, -6, -6, -6, -6, -6, -6, -6, -6, -5, -6, -6, -6, -6, -5, -7, -6, -6, -6, -6, -6, -6, -6, -6, -6, -6, -6, -5, -6, -6, -5, -5, -6, -6, -6, -6, -6, -6, -6, -7, -5, -6, -8]
Q6: [127, 127, 127, 127, 127, 127, 127, 127, 127, 127, 127, 127, 127, 127, 127, 127, 127, 127, 127, 127, 127, 127, 127, 127, 127, 127, 127, 127, 127, 127, 127, 127, 127, 127, 127, 127, 127, 127, 127, 127, 127, 127, 127, 127, 127, 127, 127, 127, 127, 127, 127, 127, 127, 127, 127, 127, 127, 127, 127, 127, 127, 127, 127, 127, 127, 127, 127, 127, 127, 127, 127, 127, 127, 127, 127, 127, 127, 127, 127, 127, 127, 127, 127, 127, 127, 127, 127, 127, 127, 127, 127, 127, 127, 127, 127, 127, 127, 127, 127, 127, 127, 127, 127, 127, 127, 127, 127, 127, 127, 127, 127, 127, 127, 127, 127, 127, 127, 127, 127, 127, 127, 127, 127, 127, 127, 127, 127, 127, 127, 127, 127, 127, 127, 127, 127, 127, 127, 127, 127, 127, 127, 127, 127, 127, 127, 127, 127, 127, 127, 127, 127, 127, 127, 127, 127, 127, 127, 127, 127, 127, 127, 127, 127, 127, 127, 127, 127, 127, 127, 127, 127, 127, 127, 127, 127, 127, 127, 127, 127, 127, 127, 127, 127, 127, 127, 127, 127, 127, 127, 127, 127, 127]

OFFSETS:
  MUL   = 12320
  SHIFT = 12320
  Q6    = 12320

================================================================================
OP_INDEX: 49
TIPO: DEPTHWISE_CONV_2D
NFEAT: 192

INPUT_SCALE: 0.0235294122248888
WEIGHT_SCALES: [0.004314908757805824, 0.002649448113515973, 0.003374994033947587, 0.0045773619785904884, 0.004104216117411852, 0.0035769487731158733, 0.0009729044395498931, 0.003901597112417221, 0.006177680566906929, 0.004992414731532335, 0.004664007108658552, 0.004513063468039036, 0.0019481314811855555, 0.0025273326318711042, 0.0032668483909219503, 0.003509611589834094, 0.0015259088249877095, 0.011944684199988842, 0.004345881752669811, 0.0039019035175442696, 0.0014141497667878866, 0.002185175893828273, 0.006100804544985294, 0.004934641066938639, 0.003092352068051696, 0.005519087892025709, 0.0034143917728215456, 0.0020023109391331673, 0.003921364434063435, 0.0017979335971176624, 0.0014870415907353163, 0.0014639911241829395, 0.002002543769776821, 0.0016757764387875795, 0.004346620757132769, 0.0035552047193050385, 0.002765296259894967, 0.003043955424800515, 0.0035127003211528063, 0.003197475802153349, 0.0035353570710867643, 0.002480089198797941, 0.003871700493618846, 0.002133316360414028, 0.004076441749930382, 0.002389742759987712, 0.00414830818772316, 0.0038531264290213585, 0.004322872031480074, 0.004775397013872862, 0.00325251673348248, 0.0021900911815464497, 0.003465766552835703, 0.0023811061400920153, 0.005391736980527639, 0.0038462579250335693, 0.004639057908207178, 0.00477550458163023, 0.0031398527789860964, 0.00628485344350338, 0.003518199548125267, 0.0022520474158227444, 0.0030118036083877087, 0.0037934945430606604, 0.003603368066251278, 0.002489405684173107, 0.003620502073317766, 0.005420824512839317, 0.0014605995966121554, 0.0036074756644666195, 0.003920667339116335, 0.004424818325787783, 0.003976491279900074, 0.0011296524899080396, 0.003467186586931348, 0.004339213483035564, 0.005244983360171318, 0.003205004846677184, 0.00525083439424634, 0.008910317905247211, 0.005257208365947008, 0.004057386424392462, 0.0023099679965525866, 0.0016007745871320367, 0.0023616363760083914, 0.0023178798146545887, 0.0033954186365008354, 0.0017828105483204126, 0.004012363031506538, 0.006461850833147764, 0.0024492342490702868, 0.0033052561338990927, 0.004411769565194845, 0.004663617350161076, 0.0030465126037597656, 0.00238631060346961, 0.001221217098645866, 0.0054838345386087894, 0.00553191639482975, 0.0031561327632516623, 0.0037597501650452614, 0.0040629529394209385, 0.0024915479589253664, 0.0022125407122075558, 0.004302074667066336, 0.0018067529890686274, 0.0033312803134322166, 0.002616901881992817, 0.004185068421065807, 0.0036220091860741377, 0.003432272933423519, 0.0024706770200282335, 0.0027315232437103987, 0.003053679596632719, 0.004891824442893267, 0.004931086208671331, 0.0017051419708877802, 0.0046540191397070885, 0.00760864419862628, 0.003991309553384781, 0.004837697371840477, 0.005580045748502016, 0.0018286440754309297, 0.0036427276208996773, 0.001663564587943256, 0.0016784906620159745, 0.005600806791335344, 0.005641627125442028, 0.002422882942482829, 0.011194935068488121, 0.005050571169704199, 0.0039756642654538155, 0.0014278707094490528, 0.002159907715395093, 0.00431427638977766, 0.004758033901453018, 0.004211979452520609, 0.003245822386816144, 0.002405528211966157, 0.004350580275058746, 0.004991121590137482, 0.006606617942452431, 0.009653797373175621, 0.0022174594923853874, 0.00487481290474534, 0.0019027071539312601, 0.004109630361199379, 0.002591331023722887, 0.004313227254897356, 0.0037382515147328377, 0.002446576487272978, 0.0037873461842536926, 0.005164913833141327, 0.00203170464374125, 0.006337813101708889, 0.0023614673409610987, 0.0033381888642907143, 0.003162107430398464, 0.00134503364097327, 0.004035306628793478, 0.0036809330340474844, 0.005619870498776436, 0.005405685398727655, 0.002648942405357957, 0.0038413063157349825, 0.005155226681381464, 0.0022631012834608555, 0.004004153423011303, 0.002528493758291006, 0.0031233399640768766, 0.0038173419889062643, 0.002338931430131197, 0.003220207756385207, 0.003001332748681307, 0.005252020433545113, 0.0038994373753666878, 0.0028445625212043524, 0.00403415085747838, 0.004373136442154646, 0.0031920920591801405, 0.001675499719567597, 0.003159981919452548, 0.0034963779617100954, 0.0031821441370993853, 0.0019517902983352542, 0.001863130833953619, 0.002626303816214204, 0.003839067881926894, 0.004374506883323193, 0.0037297706585377455, 0.0032025587279349566, 0.008879170753061771]
OUTPUT_SCALES: [0.0235294122248888]
OUTPUT_ZERO_POINT: -128

REAL_MULTIPLIERS: [0.004314908757805824, 0.002649448113515973, 0.003374994033947587, 0.0045773619785904884, 0.004104216117411852, 0.0035769487731158733, 0.0009729044395498931, 0.003901597112417221, 0.006177680566906929, 0.004992414731532335, 0.004664007108658552, 0.004513063468039036, 0.0019481314811855555, 0.0025273326318711042, 0.0032668483909219503, 0.003509611589834094, 0.0015259088249877095, 0.011944684199988842, 0.004345881752669811, 0.0039019035175442696, 0.0014141497667878866, 0.002185175893828273, 0.006100804544985294, 0.004934641066938639, 0.003092352068051696, 0.005519087892025709, 0.0034143917728215456, 0.0020023109391331673, 0.003921364434063435, 0.0017979335971176624, 0.0014870415907353163, 0.0014639911241829395, 0.002002543769776821, 0.0016757764387875795, 0.004346620757132769, 0.0035552047193050385, 0.002765296259894967, 0.003043955424800515, 0.0035127003211528063, 0.003197475802153349, 0.0035353570710867643, 0.002480089198797941, 0.003871700493618846, 0.002133316360414028, 0.004076441749930382, 0.002389742759987712, 0.00414830818772316, 0.0038531264290213585, 0.004322872031480074, 0.004775397013872862, 0.00325251673348248, 0.0021900911815464497, 0.003465766552835703, 0.0023811061400920153, 0.005391736980527639, 0.0038462579250335693, 0.004639057908207178, 0.00477550458163023, 0.0031398527789860964, 0.00628485344350338, 0.003518199548125267, 0.0022520474158227444, 0.0030118036083877087, 0.0037934945430606604, 0.003603368066251278, 0.002489405684173107, 0.003620502073317766, 0.005420824512839317, 0.0014605995966121554, 0.0036074756644666195, 0.003920667339116335, 0.004424818325787783, 0.003976491279900074, 0.0011296524899080396, 0.003467186586931348, 0.004339213483035564, 0.005244983360171318, 0.003205004846677184, 0.00525083439424634, 0.008910317905247211, 0.005257208365947008, 0.004057386424392462, 0.0023099679965525866, 0.0016007745871320367, 0.0023616363760083914, 0.0023178798146545887, 0.0033954186365008354, 0.0017828105483204126, 0.004012363031506538, 0.006461850833147764, 0.0024492342490702868, 0.0033052561338990927, 0.004411769565194845, 0.004663617350161076, 0.0030465126037597656, 0.00238631060346961, 0.001221217098645866, 0.0054838345386087894, 0.00553191639482975, 0.0031561327632516623, 0.0037597501650452614, 0.0040629529394209385, 0.0024915479589253664, 0.0022125407122075558, 0.004302074667066336, 0.0018067529890686274, 0.0033312803134322166, 0.002616901881992817, 0.004185068421065807, 0.0036220091860741377, 0.003432272933423519, 0.0024706770200282335, 0.0027315232437103987, 0.003053679596632719, 0.004891824442893267, 0.004931086208671331, 0.0017051419708877802, 0.0046540191397070885, 0.00760864419862628, 0.003991309553384781, 0.004837697371840477, 0.005580045748502016, 0.0018286440754309297, 0.0036427276208996773, 0.001663564587943256, 0.0016784906620159745, 0.005600806791335344, 0.005641627125442028, 0.002422882942482829, 0.011194935068488121, 0.005050571169704199, 0.0039756642654538155, 0.0014278707094490528, 0.002159907715395093, 0.00431427638977766, 0.004758033901453018, 0.004211979452520609, 0.003245822386816144, 0.002405528211966157, 0.004350580275058746, 0.004991121590137482, 0.006606617942452431, 0.009653797373175621, 0.0022174594923853874, 0.00487481290474534, 0.0019027071539312601, 0.004109630361199379, 0.002591331023722887, 0.004313227254897356, 0.0037382515147328377, 0.002446576487272978, 0.0037873461842536926, 0.005164913833141327, 0.00203170464374125, 0.006337813101708889, 0.0023614673409610987, 0.0033381888642907143, 0.003162107430398464, 0.00134503364097327, 0.004035306628793478, 0.0036809330340474844, 0.005619870498776436, 0.005405685398727655, 0.002648942405357957, 0.0038413063157349825, 0.005155226681381464, 0.0022631012834608555, 0.004004153423011303, 0.002528493758291006, 0.0031233399640768766, 0.0038173419889062643, 0.002338931430131197, 0.003220207756385207, 0.003001332748681307, 0.005252020433545113, 0.0038994373753666878, 0.0028445625212043524, 0.00403415085747838, 0.004373136442154646, 0.0031920920591801405, 0.001675499719567597, 0.003159981919452548, 0.0034963779617100954, 0.0031821441370993853, 0.0019517902983352542, 0.001863130833953619, 0.002626303816214204, 0.003839067881926894, 0.004374506883323193, 0.0037297706585377455, 0.0032025587279349566, 0.008879170753061771]

MULTIPLIERS: [1186073088, 1456549504, 1855422592, 1258215680, 1128158336, 1966448384, 2139439488, 2144925696, 1698107904, 1372304512, 1282032512, 1240541440, 2141993216, 1389415808, 1795968896, 1929429376, 1677754496, 1641664896, 1194586880, 2145094144, 1554874112, 1201313152, 1676976384, 1356423808, 1700038528, 1517075328, 1877081728, 1100782080, 1077896448, 1976848896, 1635019520, 1609675264, 1100910080, 1842535680, 1194790016, 1954494464, 1520237696, 1673432192, 1931127424, 1757830912, 1943583104, 1363443456, 2128489856, 1172803072, 1120523776, 1313774976, 1140278272, 2118278656, 1188262016, 1312651136, 1788089984, 1204015360, 1905325312, 1309026944, 1482069376, 2114502656, 1275174528, 1312680704, 1726152320, 1727567360, 1934150656, 1238076160, 1655756544, 2085495680, 1980972544, 1368565248, 1990392064, 1490064896, 1605946240, 1983230720, 1077704832, 1216284800, 1093049600, 1242066048, 1906105984, 1192753920, 1441730048, 1761970048, 1443338368, 1224624768, 1445090432, 1115285888, 1269918336, 1760070272, 1298323328, 1274267904, 1866651136, 1960220928, 1102909952, 1776220032, 1346480768, 1817083776, 1212697984, 1281925376, 1674838016, 1311888128, 1342742400, 1507384960, 1520601600, 1735102336, 2066944512, 1116816000, 1369742976, 1216357120, 1182545280, 1986545920, 1831390720, 1438657024, 1150382848, 1991220608, 1886912000, 1358269056, 1501670784, 1678778112, 1344654464, 1355446656, 1874823424, 1279287040, 2091448192, 1097122816, 1329776128, 1533831296, 2010615424, 2002610688, 1829108608, 1845520000, 1539538048, 1550758656, 1331993984, 1538620160, 1388290432, 1092822272, 1569960448, 1187421824, 1185899264, 1307878400, 1157780096, 1784409728, 1322453120, 1195878400, 1371949056, 1816013312, 1326807808, 1219061248, 1339978368, 2092048640, 1129646592, 1424599296, 1185610880, 2055125504, 1345019648, 2082115584, 1419720704, 1116941440, 1742124800, 1298230400, 1835188736, 1738386944, 1478880128, 1109216640, 2023614336, 1544778240, 1485903488, 1456271488, 2111780480, 1417057920, 1244153088, 1100653312, 1390054144, 1717074304, 2098605952, 1285841152, 1770327936, 1650000128, 1443664384, 2143738368, 1563814784, 1108898944, 1202078592, 1754871168, 1842231424, 1737218432, 1922154112, 1749402240, 2146016128, 2048534016, 1443825792, 2110549888, 1202455296, 2050463104, 1760625280, 1220343936]
SHIFTS: [-7, -8, -8, -7, -7, -8, -10, -8, -7, -7, -7, -7, -9, -8, -8, -8, -9, -6, -7, -8, -9, -8, -7, -7, -8, -7, -8, -8, -7, -9, -9, -9, -8, -9, -7, -8, -8, -8, -8, -8, -8, -8, -8, -8, -7, -8, -7, -8, -7, -7, -8, -8, -8, -8, -7, -8, -7, -7, -8, -7, -8, -8, -8, -8, -8, -8, -8, -7, -9, -8, -7, -7, -7, -9, -8, -7, -7, -8, -7, -6, -7, -7, -8, -9, -8, -8, -8, -9, -7, -7, -8, -8, -7, -7, -8, -8, -9, -7, -7, -8, -8, -7, -8, -8, -7, -9, -8, -8, -7, -8, -8, -8, -8, -8, -7, -7, -9, -7, -7, -7, -7, -7, -9, -8, -9, -9, -7, -7, -8, -6, -7, -7, -9, -8, -7, -7, -7, -8, -8, -7, -7, -7, -6, -8, -7, -9, -7, -8, -7, -8, -8, -8, -7, -8, -7, -8, -8, -8, -9, -7, -8, -7, -7, -8, -8, -7, -8, -7, -8, -8, -8, -8, -8, -8, -7, -8, -8, -7, -7, -8, -9, -8, -8, -8, -9, -9, -8, -8, -7, -8, -8, -6]
Q6: [127, 127, 127, 127, 127, 127, 127, 127, 127, 127, 127, 127, 127, 127, 127, 127, 127, 127, 127, 127, 127, 127, 127, 127, 127, 127, 127, 127, 127, 127, 127, 127, 127, 127, 127, 127, 127, 127, 127, 127, 127, 127, 127, 127, 127, 127, 127, 127, 127, 127, 127, 127, 127, 127, 127, 127, 127, 127, 127, 127, 127, 127, 127, 127, 127, 127, 127, 127, 127, 127, 127, 127, 127, 127, 127, 127, 127, 127, 127, 127, 127, 127, 127, 127, 127, 127, 127, 127, 127, 127, 127, 127, 127, 127, 127, 127, 127, 127, 127, 127, 127, 127, 127, 127, 127, 127, 127, 127, 127, 127, 127, 127, 127, 127, 127, 127, 127, 127, 127, 127, 127, 127, 127, 127, 127, 127, 127, 127, 127, 127, 127, 127, 127, 127, 127, 127, 127, 127, 127, 127, 127, 127, 127, 127, 127, 127, 127, 127, 127, 127, 127, 127, 127, 127, 127, 127, 127, 127, 127, 127, 127, 127, 127, 127, 127, 127, 127, 127, 127, 127, 127, 127, 127, 127, 127, 127, 127, 127, 127, 127, 127, 127, 127, 127, 127, 127, 127, 127, 127, 127, 127, 127]

OFFSETS:
  MUL   = 13088
  SHIFT = 13088
  Q6    = 13088

================================================================================
OP_INDEX: 50
TIPO: CONV_2D
NFEAT: 56

INPUT_SCALE: 0.0235294122248888
WEIGHT_SCALES: [0.009533326141536236, 0.008584550581872463, 0.008388249203562737, 0.010866490192711353, 0.010092701762914658, 0.008638420142233372, 0.012402785941958427, 0.008882775902748108, 0.009763581678271294, 0.009203629568219185, 0.009199123829603195, 0.007536252029240131, 0.010540405288338661, 0.007845109328627586, 0.012860418297350407, 0.010717393830418587, 0.010358933359384537, 0.011385289020836353, 0.007690103258937597, 0.009190372191369534, 0.0074843354523181915, 0.008188856765627861, 0.008919745683670044, 0.011640510521829128, 0.007441951893270016, 0.008141133934259415, 0.011725598946213722, 0.008650464937090874, 0.0076873344369232655, 0.008572283200919628, 0.008720044046640396, 0.006104491651058197, 0.010987033136188984, 0.008815216831862926, 0.008693328127264977, 0.009604510851204395, 0.009939659386873245, 0.007160607259720564, 0.008906310424208641, 0.007439324166625738, 0.008104548789560795, 0.006380293518304825, 0.01788734272122383, 0.008142066188156605, 0.008164488710463047, 0.007110198028385639, 0.008561200462281704, 0.01051352359354496, 0.009092814289033413, 0.007715991698205471, 0.010086922906339169, 0.007952072657644749, 0.009709075093269348, 0.008111713454127312, 0.009539705701172352, 0.011278841644525528]
OUTPUT_SCALES: [0.1961820423603058]
OUTPUT_ZERO_POINT: 10

REAL_MULTIPLIERS: [0.0011433949711184212, 0.0010296020317461811, 0.001006058306770169, 0.001303290169201286, 0.0012104845957630326, 0.0010360629650551403, 0.0014875482977663335, 0.001065370170493026, 0.0011710110432915917, 0.0011038522765405825, 0.0011033118734537469, 0.0009038726403967966, 0.0012641806460105388, 0.0009409159427730987, 0.0015424351783794358, 0.0012854080545723903, 0.0012424155151543456, 0.001365513150172822, 0.0009223250377788629, 0.0011022622314928138, 0.000897645941331966, 0.0009821438505322288, 0.0010698042012774463, 0.0013961235558616605, 0.0008925626002656573, 0.0009764201351590107, 0.0014063287743863733, 0.001037507577110131, 0.0009219929546087178, 0.0010281307234659416, 0.0010458526607433447, 0.0007321521315255844, 0.0013177476831192903, 0.0010572673634814216, 0.0010426484435153648, 0.0011519326250124253, 0.0011921292095593285, 0.0008588190741997632, 0.001068192821589416, 0.0008922474395981281, 0.0009720322363454177, 0.0007652308769029085, 0.002145347532484949, 0.0009765319465459314, 0.0009792212282157648, 0.0008527731610787199, 0.0010268014971878633, 0.0012609565462382317, 0.001090561465855732, 0.0009254300098347357, 0.0012097914992037489, 0.0009537447635515516, 0.0011644737073965648, 0.000972891542039305, 0.0011441601139759706, 0.0013527462110210964]

MULTIPLIERS: [1257176066, 1132059406, 1106172807, 1432982695, 1330941888, 1139163277, 1635576650, 1171386890, 1287540258, 1213698413, 1213104234, 1987636956, 1389981320, 2069096040, 1695925414, 1413321102, 1366050305, 1501397586, 2028214207, 1211950140, 1973944300, 1079878584, 1176262159, 1535054083, 1962765915, 2147170584, 1546274840, 1140751645, 2027483949, 1130441685, 1149927161, 1610019564, 1448878900, 1162477760, 1146404087, 1266563316, 1310759928, 1888563116, 1174490428, 1962072869, 2137521493, 1682760494, 1179417279, 2147416460, 1076665127, 1875268013, 1128980186, 1386436385, 1199085013, 2035042113, 1330179821, 2097306915, 1280352382, 2139411126, 1258017349, 1487360188]
SHIFTS: [-9, -9, -9, -9, -9, -9, -9, -9, -9, -9, -9, -10, -9, -10, -9, -9, -9, -9, -10, -9, -10, -9, -9, -9, -10, -10, -9, -9, -10, -9, -9, -10, -9, -9, -9, -9, -9, -10, -9, -10, -10, -10, -8, -10, -9, -10, -9, -9, -9, -10, -9, -10, -9, -10, -9, -9]
Q6: [41, 41, 41, 41, 41, 41, 41, 41, 41, 41, 41, 41, 41, 41, 41, 41, 41, 41, 41, 41, 41, 41, 41, 41, 41, 41, 41, 41, 41, 41, 41, 41, 41, 41, 41, 41, 41, 41, 41, 41, 41, 41, 41, 41, 41, 41, 41, 41, 41, 41, 41, 41, 41, 41, 41, 41]

OFFSETS:
  MUL   = 13856
  SHIFT = 13856
  Q6    = 13856

================================================================================
OP_INDEX: 51
TIPO: CONV_2D
NFEAT: 336

INPUT_SCALE: 0.1961820423603058
WEIGHT_SCALES: [0.00042928577749989927, 0.0005573263624683022, 0.0004090734291821718, 0.0007260119309648871, 0.0005148794734850526, 0.0005679684691131115, 0.0005150361103005707, 0.0009229715797118843, 0.0007861324120312929, 0.0004690679779741913, 0.0004847782838623971, 0.0006044183392077684, 0.0004163326520938426, 0.00040144348167814314, 0.000569335650652647, 0.000824830261990428, 0.0007785637862980366, 0.0016101335640996695, 0.0005788090056739748, 0.000602437648922205, 0.000967905973084271, 0.0005683291819877923, 0.0006322715780697763, 0.0006145351217128336, 0.0005178914871066809, 0.0007041294011287391, 0.0004777975264005363, 0.0009330672910436988, 0.0009362092241644859, 0.0005970708443783224, 0.0007456050952896476, 0.0012741971295326948, 0.0004618161474354565, 0.0008420507656410336, 0.0014397981576621532, 0.0014380370266735554, 0.0006781696574762464, 0.0013118732022121549, 0.000704277481418103, 0.00046887266216799617, 0.000779030320700258, 0.001924334210343659, 0.0007867860840633512, 0.0006610905984416604, 0.0008392397430725396, 0.00047642859863117337, 0.0008134982781484723, 0.0009492703247815371, 0.0009797585662454367, 0.0006502544274553657, 0.000961769837886095, 0.0005364881944842637, 0.0005042045377194881, 0.0005224474589340389, 0.0009910512017086148, 0.0010730904759839177, 0.0007974143954925239, 0.0013076630420982838, 0.0014045099960640073, 0.0009525254718028009, 0.0011431716848164797, 0.003588717197999358, 0.0009396056411787868, 0.0009595952578820288, 0.0005786056281067431, 0.0010048908879980445, 0.0006285416893661022, 0.001123863155953586, 0.0007415009313262999, 0.0011331979185342789, 0.0005774335004389286, 0.001570980530232191, 0.000394271599361673, 0.0004936536424793303, 0.0010369508527219296, 0.000987194711342454, 0.001059159985743463, 0.00035875928006134927, 0.0009492933750152588, 0.0010158660588786006, 0.0005084961885586381, 0.0005768781411461532, 0.0013241821434348822, 0.0008347340044565499, 0.0006211516447365284, 0.0010432974668219686, 0.0004932357696816325, 0.0009661538060754538, 0.001089937868528068, 0.001524555729702115, 0.0006366211455315351, 0.000887481844983995, 0.0008756716852076352, 0.000677277974318713, 0.0008258528541773558, 0.000477377325296402, 0.0006047216011211276, 0.0003829537599813193, 0.0006154270377010107, 0.00042180027230642736, 0.0008751673740334809, 0.0009809371549636126, 0.0006114071002230048, 0.0006457034032791853, 0.0005594762042164803, 0.0011376721085980535, 0.0006024775793775916, 0.0005689411773346364, 0.0008815153269097209, 0.0007793987169861794, 0.0008786312537267804, 0.0003590694395825267, 0.0009322756086476147, 0.0006261438247747719, 0.0011871234746649861, 0.0012701029190793633, 0.000980932847596705, 0.0006507301586680114, 0.0007793800323270261, 0.0012517876457422972, 0.0011989576742053032, 0.0005910517647862434, 0.0006023485329933465, 0.0010605129646137357, 0.0011509854812175035, 0.00047690622159279883, 0.0009177171159535646, 0.0006379784317687154, 0.0007719465647824109, 0.00097542634466663, 0.0010574677726253867, 0.0006045941263437271, 0.0019562530796974897, 0.001086596050299704, 0.0008885955903679132, 0.0010827850783243775, 0.0011377132032066584, 0.0005367817939259112, 0.0013084583915770054, 0.0006138593889772892, 0.0012123218039050698, 0.0006685921689495444, 0.0011436626082286239, 0.0007773596444167197, 0.00042236311128363013, 0.001072858227416873, 0.00043181743239983916, 0.0008299274486489594, 0.0004679902922362089, 0.0006561425398103893, 0.000771346443798393, 0.0009897274430841208, 0.0009702134993858635, 0.00027215946465730667, 0.0011848628055304289, 0.0014811479486525059, 0.0006345989531837404, 0.0010355828562751412, 0.0008458707015961409, 0.001581934280693531, 0.0005138227134011686, 0.0004411432601045817, 0.0005788368289358914, 0.0009980074828490615, 0.0007114825421012938, 0.00079846300650388, 0.0010228949831798673, 0.0005114851519465446, 0.0009039583965204656, 0.0011467485455796123, 0.0017324271611869335, 0.0005634224507957697, 0.0005623736069537699, 0.0009739467641338706, 0.0002510290942154825, 0.0007609115564264357, 0.0015174215659499168, 0.0006317541119642556, 0.0009206318063661456, 0.0005621887394227087, 0.0011028610169887543, 0.0009676131303422153, 0.0007311873487196863, 0.0005404276889748871, 0.0011439657537266612, 0.0008048087474890053, 0.0005928612663410604, 0.00044965880806557834, 0.0009069514344446361, 0.0008229275117628276, 0.0011212972458451986, 0.00032042645034380257, 0.001264982856810093, 0.0004843043570872396, 0.0003642999508883804, 0.002302232664078474, 0.0006788295577280223, 0.0005031576147302985, 0.0011653297115117311, 0.0007154963095672429, 0.001283424673601985, 0.00050448311958462, 0.0011317169992253184, 0.0011204552138224244, 0.0004353293334133923, 0.0013179552042856812, 0.0005034518544562161, 0.00037929427344352007, 0.003340802388265729, 0.0011555296368896961, 0.00093320501036942, 0.001375598250888288, 0.0012258555507287383, 0.0006133101414889097, 0.0009291812893934548, 0.000768377271015197, 0.000663168728351593, 0.0005510458140634, 0.0009852818911895156, 0.0009334433707408607, 0.0019347126362845302, 0.0006776598165743053, 0.00037151234573684633, 0.0006033910904079676, 0.0003061455499846488, 0.0011469109449535608, 0.0011456393403932452, 0.0009130337275564671, 0.0002562442678026855, 0.0008723823120817542, 0.0010401204926893115, 0.0005696446169167757, 0.00013729449710808694, 0.0009562266059219837, 5.031183025749897e-09, 0.0003465105255600065, 0.0006356291123665869, 0.0004644568543881178, 0.0011109376791864634, 0.0008332154247909784, 0.0008288684766739607, 0.00037669253651984036, 0.0008199380827136338, 0.0005774049204774201, 0.0009018635028041899, 0.0004603192210197449, 0.0008788726408965886, 0.0012339743552729487, 0.001569679006934166, 0.0008403704850934446, 0.0011186953634023666, 0.0006399782723747194, 0.0007694390951655805, 0.000907088746316731, 0.0007168992888182402, 0.0008703829371370375, 0.0008026679279282689, 0.0006494582048617303, 0.001187171321362257, 0.0006230896688066423, 0.000994037021882832, 0.0005582367884926498, 0.0004947673878632486, 0.0003460619191173464, 0.0009544598287902772, 0.0005282929050736129, 0.0008626411436125636, 0.0004283000307623297, 0.0009380962583236396, 0.0012376990634948015, 0.00038440630305558443, 0.0005566785694099963, 0.0005957828834652901, 0.00039023635326884687, 0.0007911575958132744, 0.0009794948855414987, 0.0005728279356844723, 0.0013190656900405884, 0.0008897413499653339, 0.0005299331387504935, 0.0008591029909439385, 0.0008673944394104183, 0.0005265825311653316, 0.0007710435893386602, 0.0004613729252014309, 0.0007181822438724339, 0.00040795208769850433, 0.0012254122411832213, 0.000605476088821888, 0.0010225636651739478, 0.00042088847840204835, 0.001150153111666441, 0.00046918896259739995, 0.0007569235749542713, 0.000803229515440762, 0.0005900604883208871, 0.000632172916084528, 0.0008349006529897451, 0.0007107594865374267, 0.0008300148183479905, 0.0009458669810555875, 0.0014344279188662767, 0.0009254714823327959, 0.0008149297791533172, 0.0008740840130485594, 0.0005085791926831007, 0.000610063667409122, 0.0006398322875611484, 0.0006539832684211433, 0.00045568248606286943, 0.0005118445260450244, 0.0009463105234317482, 0.0008628928917460144, 0.0005833353498019278, 0.00044552728650160134, 0.0007002161000855267, 0.0012015693355351686, 0.0009570935508236289, 0.0012327816803008318, 0.0011633527465164661, 0.000509640434756875, 0.0009236938785761595, 0.0012286078417673707, 0.0011581461876630783, 0.0012017444241791964, 0.0013574251206591725, 0.00032553254277445376, 0.0006464249454438686, 0.0014054671628400683, 0.0008068879833444953, 0.0011563068255782127, 0.0007944353856146336, 0.0013724536402150989, 0.0010799398878589272, 0.0012260806979611516, 0.00012736738426610827]
OUTPUT_SCALES: [0.0235294122248888]
OUTPUT_ZERO_POINT: -128

REAL_MULTIPLIERS: [0.0035792717549092985, 0.004646840431254688, 0.0034107465178158164, 0.006053296275883237, 0.004292929449841958, 0.004735571513724587, 0.004294235446357445, 0.007695493955300065, 0.006554565013519429, 0.003910965265314046, 0.0040419536583004715, 0.005039480931035645, 0.0034712720066443856, 0.003347130024971217, 0.004746970713336538, 0.006877217494906335, 0.006491459805449658, 0.013424869608252371, 0.004825957052575496, 0.0050229664570746665, 0.008070145093193412, 0.004738579042675339, 0.0052717139011613555, 0.0051238319991791705, 0.00431804282616689, 0.005870845505152769, 0.003983749941054991, 0.007779669337550389, 0.00780586594844335, 0.004978219454204201, 0.006216658919913362, 0.010623920089977706, 0.0038505014121441414, 0.007020797519105808, 0.012004657849378202, 0.011989974003011581, 0.005654399999407881, 0.010938053261504762, 0.0058720801596066526, 0.0039093367735609, 0.006495349646427596, 0.016044591847887073, 0.006560015158769863, 0.005511999303165536, 0.006997359953248352, 0.003972336181838631, 0.006782734398054588, 0.007914765965580887, 0.008168968893439628, 0.005421650163325651, 0.008018983613940489, 0.004473097274601095, 0.00420392464680917, 0.0043560293193901116, 0.008263123913872026, 0.008947145776690243, 0.006648631220364931, 0.010902950055274668, 0.011710434451560304, 0.007941906524159699, 0.009531464439155944, 0.029921778862472, 0.00783418437901885, 0.008000852538569966, 0.004824261343981994, 0.008378515573295386, 0.005240615071463885, 0.009370475010644485, 0.0061824394816708955, 0.009448305802613514, 0.004814488452182528, 0.013098421923316186, 0.0032873327590231716, 0.004115954061009568, 0.008645823115762518, 0.008230969512854902, 0.008830997017837615, 0.0029912403933193047, 0.007914958152359085, 0.008470023657646228, 0.004239707301245016, 0.00480985801266032, 0.011040681971703195, 0.0069597922913119635, 0.005178998825605008, 0.008698739512666871, 0.004112469947674494, 0.008055535986129424, 0.009087614898747662, 0.01271134416305976, 0.005307979449143433, 0.007399589893813221, 0.007301119891954143, 0.0056469653800765, 0.006885743599248244, 0.003980246414914039, 0.0050420094490013405, 0.0031929675949671373, 0.005131268559791139, 0.003516859584009397, 0.007296915078200825, 0.008178795655775407, 0.005097751379801334, 0.005383704922314922, 0.004664765245562752, 0.009485610421030247, 0.005023299386695485, 0.004743681698700546, 0.007349842637468559, 0.006498421237637747, 0.007325795994826659, 0.002993826421722416, 0.007773068498231496, 0.005220622308009596, 0.009897922887648347, 0.01058978364148037, 0.008178759742084532, 0.005425616684886808, 0.006498265449870571, 0.01043707571595675, 0.009996593326728122, 0.004928033953766829, 0.005022223431929661, 0.008842277799333706, 0.009596613815684737, 0.003976318476304565, 0.0076516836203132455, 0.0053192961443303995, 0.006436287155182057, 0.008132847970861347, 0.008816887790525004, 0.005040946597879484, 0.016310722974317956, 0.009059751698470018, 0.007408876009505279, 0.009027976817807822, 0.009485953057054006, 0.004475545229422394, 0.01090958146976282, 0.005118197917593035, 0.010108019920550767, 0.005574545422426001, 0.00953555762927546, 0.006481419987569361, 0.00352155238717049, 0.008945209349303847, 0.0036003800267213892, 0.006919716494856051, 0.003901979805453033, 0.005470743693432348, 0.0064312835044668315, 0.008252086763089712, 0.008089384639779608, 0.002269193939646328, 0.00987907402378046, 0.012349421516660906, 0.005291118941917667, 0.00863441712166851, 0.007052647139070637, 0.013189751409852945, 0.00428411846257378, 0.0036781363220478596, 0.004826189035605746, 0.008321123553995707, 0.005932154058038469, 0.006657374262812534, 0.008528628977313324, 0.00426462849079175, 0.007536967041214314, 0.00956128736218704, 0.014444521413187384, 0.0046976680102464976, 0.004688923026518307, 0.008120511618045603, 0.002093014475854962, 0.006344280161720134, 0.012651861384566948, 0.005267399405054823, 0.00767598554135245, 0.004687381649731541, 0.009195364707136887, 0.008067703447534023, 0.006096447546110476, 0.004505943742147793, 0.009538085176600862, 0.006710283379914683, 0.004943121101175578, 0.0037491367182684817, 0.007561922203171336, 0.006861352864622145, 0.009349081127925905, 0.002671631354574025, 0.010547093910712898, 0.0040380021816638694, 0.003037437047468759, 0.019195409630750237, 0.005659902073914041, 0.004195195678645829, 0.009716212230142005, 0.005965619794092696, 0.010700856922236024, 0.004206247389032552, 0.009435958287434392, 0.009342060486679887, 0.0036296613324684705, 0.010988763393021005, 0.004197648971988745, 0.003162455759987422, 0.027854730470440188, 0.009634501788918124, 0.007780817605018112, 0.011469375934562005, 0.010220860737281671, 0.005113618436686259, 0.007747268879218753, 0.006406527323770067, 0.005529326203052537, 0.004594474872717142, 0.008215020922185286, 0.00778280499101994, 0.016131124430091213, 0.005650149080240601, 0.0030975720962390933, 0.005030916001081979, 0.0025525609684366574, 0.009562641405397077, 0.009552039101466445, 0.007612634761288315, 0.0021364972197425794, 0.0072736939651289155, 0.008672250739045437, 0.0047495467926766365, 0.0011447253586302827, 0.007972765605704568, 4.194867904248222e-08, 0.002889113504152834, 0.005299708137878682, 0.003872518931251574, 0.009262705789449382, 0.006947130773997752, 0.006910887065422288, 0.003140763162718384, 0.006836427792514236, 0.004814250159990367, 0.007519500369124988, 0.0038380204339246017, 0.00732780861747613, 0.010288553191380568, 0.013087570164830014, 0.0070067877824233245, 0.009327387317356498, 0.00533597028861973, 0.006415380533891031, 0.00756306707339803, 0.0059773174655950315, 0.007257023703400761, 0.0066924337902293995, 0.005415011469035295, 0.009898321820809155, 0.00519515755989826, 0.008288018896130822, 0.0046544313236733924, 0.004125240176701626, 0.002885373141780163, 0.007958034683283691, 0.004404767109829083, 0.007192474667893765, 0.0035710528582204196, 0.00782159954228786, 0.01031960882758496, 0.0032050785165746148, 0.004641439303339097, 0.004967480775312272, 0.0032536879398347134, 0.006596463672447346, 0.008166770393173869, 0.0047760884661940915, 0.010998022330784833, 0.00741842905127817, 0.004418442946250454, 0.007162974482760402, 0.007232106396415203, 0.004390506462630617, 0.0064287583837421645, 0.0038468059418850643, 0.005988014406954322, 0.003401397067844579, 0.010217164539042374, 0.005048300168746321, 0.00852586653503679, 0.003509257286567239, 0.009589673737583114, 0.003911974003239516, 0.006311029422491013, 0.006697116159007333, 0.004919768951663988, 0.005270891283512247, 0.0069611817628927285, 0.00592612541117285, 0.006920444960396648, 0.007886389781907898, 0.011959882212619066, 0.0077163374849719855, 0.006794669876428937, 0.007287882299625483, 0.00424039936777459, 0.005086550190809345, 0.005334753105691138, 0.005452740257260476, 0.003799360558997465, 0.004267624857379121, 0.007890087921427784, 0.0071945736775293955, 0.00486369651784391, 0.003714689179556941, 0.005838217431672206, 0.010018368671082219, 0.007979993963973489, 0.010278608981569223, 0.009699728816670432, 0.0042492477246940845, 0.007701516293003773, 0.010243808615110839, 0.009656317900164565, 0.010019828514084294, 0.011317853160837277, 0.002714204608506227, 0.0053897209508567195, 0.011718415056057021, 0.006727619500884476, 0.009640981783520422, 0.006623793020563328, 0.011443156998942283, 0.009004254369024096, 0.010222737955610137, 0.0010619557061856476]

MULTIPLIERS: [1967725457, 1277313772, 1875077728, 1663917410, 1180031462, 1301703986, 1180390451, 2115321271, 1801705112, 1075037946, 1111043762, 1385241970, 1908351967, 1840104191, 1304837374, 1890395151, 1784358884, 1845100029, 1326548974, 1380702506, 1109152296, 1302530689, 1449077683, 1408428215, 1186934574, 1613765724, 1095044846, 2138459224, 2145660094, 1368402544, 1708822192, 1460140459, 2116835538, 1929862127, 1649907612, 1647889479, 1554269637, 1503314593, 1614105104, 1074590310, 1785428116, 1102575956, 1803203236, 1515126832, 1923419658, 1091907455, 1864423835, 1087797151, 1122734536, 1490291849, 1102120716, 1229555616, 1155566008, 1197376222, 1135675103, 1229686352, 1827561834, 1498490045, 1609469856, 1091527321, 1309994498, 2056208986, 1076722102, 1099628800, 1326082861, 1151534412, 1440529302, 1287868279, 1699416025, 1298565262, 1323396509, 1800233401, 1807230296, 1131384837, 1188272881, 1131255836, 1213722988, 1644451797, 1087823565, 1164111187, 1165401869, 1322123703, 1517419776, 1913093138, 1423592357, 1195545655, 1130427132, 1107144436, 1248992281, 1747033839, 1459046281, 2033983782, 2006916554, 1552226024, 1892738788, 1094081804, 1385937004, 1755352499, 1410472362, 1933414003, 2005760744, 1124085116, 1401259229, 1479861541, 1282240907, 1303692369, 1380794021, 1303933297, 2020309361, 1786272428, 2013699470, 1645873481, 2136644799, 1435033733, 1360360163, 1455448781, 1124080180, 1491382158, 1786229606, 1434460764, 1373921325, 1354607659, 1380498265, 1215273407, 1318948560, 1093002100, 2103278778, 1462156991, 1769193142, 1117770114, 1211783831, 1385644850, 1120864348, 1245162792, 2036536330, 1240795686, 1303739461, 1230228505, 1499401460, 1406879531, 1389235680, 1532319378, 1310557061, 1781599160, 1935993899, 1229420212, 1979329852, 1902077187, 2145136084, 1503786576, 1767817749, 1134158169, 1111796559, 1247502561, 1357769595, 1697291569, 1454411700, 1186705253, 1938616884, 1812785630, 1177609516, 2022076827, 1326612741, 1143646513, 1630618091, 1829965103, 1172165841, 1172252153, 2071745725, 1314093329, 1985239906, 1291285150, 1288881347, 1116074618, 1150646877, 1743902452, 1738858588, 1447891723, 2109958839, 1288457657, 1263801302, 1108816719, 1675778741, 1238584385, 1310904445, 1844508650, 1358754782, 2061109708, 2078605348, 1886034314, 1284927926, 1468744870, 1449581549, 1109957588, 1669848676, 1319098506, 1555782036, 1153166607, 1335386041, 1639817083, 1470714577, 1156204478, 1296868232, 1283963017, 1995427420, 1510284141, 1153840964, 1738578440, 1914162503, 1324155843, 2138774858, 1576339025, 1404744403, 1405620733, 2129553054, 1761012822, 1519889614, 1262919637, 1129063878, 2139321146, 1108522430, 1553101153, 1702908269, 1382887660, 1403285233, 1314279427, 1312822258, 2092545110, 1174551768, 1999377773, 1191905066, 1305545481, 1258638842, 1095768561, 1511360442, 1588306946, 1456772680, 2128939797, 1273056590, 1909612766, 1899650172, 1726652809, 1879182963, 1323331007, 2066944523, 2109974047, 2014252695, 1414047983, 1798741947, 1926011160, 1281946352, 1466740344, 1763446373, 2078920047, 1643032514, 1994795486, 1839602193, 1488467019, 1360414992, 1428034036, 1139096643, 1279400340, 1133937385, 1586250660, 1093743959, 1210773164, 1977052382, 1963207071, 1074992456, 1418316238, 1762010548, 1275829121, 1365450718, 1788733862, 1813222128, 1122432376, 1312841201, 1511556679, 2039162250, 1214532349, 1968943433, 1987946269, 1206853227, 1767123649, 2114803931, 1645972867, 1869937813, 1404236402, 1387666184, 1171786174, 1929234596, 1317994723, 1075315226, 1734762558, 1840889272, 1352335792, 1448851564, 1913475073, 1628960949, 1902277426, 1083897158, 1643753695, 2121050697, 1867704634, 2003277833, 1165592103, 1398180270, 1466405768, 1498837829, 2088720556, 1173075788, 1084405427, 1977629354, 1336922719, 2042171973, 1604796988, 1376914106, 1096762019, 1412681262, 1333120578, 1168024321, 2116976679, 1407898336, 1327154227, 1377114745, 1555513894, 1492149764, 1481515214, 1610566702, 1849273967, 1325046447, 1820734362, 1572735522, 1237535297, 1405002406, 1167632647]
SHIFTS: [-8, -7, -8, -7, -7, -7, -7, -7, -7, -7, -7, -7, -8, -8, -7, -7, -7, -6, -7, -7, -6, -7, -7, -7, -7, -7, -7, -7, -7, -7, -7, -6, -8, -7, -6, -6, -7, -6, -7, -7, -7, -5, -7, -7, -7, -7, -7, -6, -6, -7, -6, -7, -7, -7, -6, -6, -7, -6, -6, -6, -6, -5, -6, -6, -7, -6, -7, -6, -7, -6, -7, -6, -8, -7, -6, -6, -6, -8, -6, -6, -7, -7, -6, -7, -7, -6, -7, -6, -6, -6, -7, -7, -7, -7, -7, -7, -7, -8, -7, -8, -7, -6, -7, -7, -7, -6, -7, -7, -7, -7, -7, -8, -7, -7, -6, -6, -6, -7, -7, -6, -6, -7, -7, -6, -6, -7, -7, -7, -7, -6, -6, -7, -5, -6, -7, -6, -6, -7, -6, -7, -6, -7, -6, -7, -8, -6, -8, -7, -8, -7, -7, -6, -6, -8, -6, -6, -7, -6, -7, -6, -7, -8, -7, -6, -7, -7, -6, -7, -7, -6, -6, -7, -7, -6, -8, -7, -6, -7, -7, -7, -6, -6, -7, -7, -6, -7, -7, -8, -7, -7, -6, -8, -6, -7, -8, -5, -7, -7, -6, -7, -6, -7, -6, -6, -8, -6, -7, -8, -5, -6, -7, -6, -6, -7, -7, -7, -7, -7, -6, -7, -5, -7, -8, -7, -8, -6, -6, -7, -8, -7, -6, -7, -9, -6, -24, -8, -7, -8, -6, -7, -7, -8, -7, -7, -7, -8, -7, -6, -6, -7, -6, -7, -7, -7, -7, -7, -7, -7, -6, -7, -6, -7, -7, -8, -6, -7, -7, -8, -6, -6, -8, -7, -7, -8, -7, -6, -7, -6, -7, -7, -7, -7, -7, -7, -8, -7, -8, -6, -7, -6, -8, -6, -7, -7, -7, -7, -7, -7, -7, -7, -6, -6, -7, -7, -7, -7, -7, -7, -7, -8, -7, -6, -7, -7, -8, -7, -6, -6, -6, -6, -7, -7, -6, -6, -6, -6, -8, -7, -6, -7, -6, -7, -6, -6, -6, -9]
Q6: [127, 127, 127, 127, 127, 127, 127, 127, 127, 127, 127, 127, 127, 127, 127, 127, 127, 127, 127, 127, 127, 127, 127, 127, 127, 127, 127, 127, 127, 127, 127, 127, 127, 127, 127, 127, 127, 127, 127, 127, 127, 127, 127, 127, 127, 127, 127, 127, 127, 127, 127, 127, 127, 127, 127, 127, 127, 127, 127, 127, 127, 127, 127, 127, 127, 127, 127, 127, 127, 127, 127, 127, 127, 127, 127, 127, 127, 127, 127, 127, 127, 127, 127, 127, 127, 127, 127, 127, 127, 127, 127, 127, 127, 127, 127, 127, 127, 127, 127, 127, 127, 127, 127, 127, 127, 127, 127, 127, 127, 127, 127, 127, 127, 127, 127, 127, 127, 127, 127, 127, 127, 127, 127, 127, 127, 127, 127, 127, 127, 127, 127, 127, 127, 127, 127, 127, 127, 127, 127, 127, 127, 127, 127, 127, 127, 127, 127, 127, 127, 127, 127, 127, 127, 127, 127, 127, 127, 127, 127, 127, 127, 127, 127, 127, 127, 127, 127, 127, 127, 127, 127, 127, 127, 127, 127, 127, 127, 127, 127, 127, 127, 127, 127, 127, 127, 127, 127, 127, 127, 127, 127, 127, 127, 127, 127, 127, 127, 127, 127, 127, 127, 127, 127, 127, 127, 127, 127, 127, 127, 127, 127, 127, 127, 127, 127, 127, 127, 127, 127, 127, 127, 127, 127, 127, 127, 127, 127, 127, 127, 127, 127, 127, 127, 127, 127, 127, 127, 127, 127, 127, 127, 127, 127, 127, 127, 127, 127, 127, 127, 127, 127, 127, 127, 127, 127, 127, 127, 127, 127, 127, 127, 127, 127, 127, 127, 127, 127, 127, 127, 127, 127, 127, 127, 127, 127, 127, 127, 127, 127, 127, 127, 127, 127, 127, 127, 127, 127, 127, 127, 127, 127, 127, 127, 127, 127, 127, 127, 127, 127, 127, 127, 127, 127, 127, 127, 127, 127, 127, 127, 127, 127, 127, 127, 127, 127, 127, 127, 127, 127, 127, 127, 127, 127, 127, 127, 127, 127, 127, 127, 127, 127, 127, 127, 127, 127, 127]

OFFSETS:
  MUL   = 14080
  SHIFT = 14080
  Q6    = 14080

================================================================================
OP_INDEX: 52
TIPO: DEPTHWISE_CONV_2D
NFEAT: 336

INPUT_SCALE: 0.0235294122248888
WEIGHT_SCALES: [0.007825935259461403, 0.012992409989237785, 0.007723917253315449, 0.006867685355246067, 0.005593663547188044, 0.004755862057209015, 0.009268234483897686, 0.014328781515359879, 0.00274422625079751, 0.00744502991437912, 0.006256438326090574, 0.01572675071656704, 0.01047467440366745, 0.012266453355550766, 0.01115775853395462, 0.006678606849163771, 0.0036589461378753185, 0.002882776316255331, 0.005907048936933279, 0.006428878288716078, 0.0037872730754315853, 0.005986938718706369, 0.00434546172618866, 0.007184000685811043, 0.007537662982940674, 0.006998371332883835, 0.010939104482531548, 0.007372237741947174, 0.005365185905247927, 0.0026085947174578905, 0.005080768372863531, 0.006310209631919861, 0.007830456830561161, 0.00835137628018856, 0.0029802797362208366, 0.006409929133951664, 0.008914180099964142, 0.007498994469642639, 0.006811207626014948, 0.01064600981771946, 0.007563465740531683, 0.004484064411371946, 0.007111836224794388, 0.010051301680505276, 0.011328790336847305, 0.006688043940812349, 0.0047980016097426414, 0.015677474439144135, 0.003992152865976095, 0.0052179316990077496, 0.0020068290177732706, 0.005364611744880676, 0.008613552898168564, 0.009019805118441582, 0.005784997250884771, 0.0024030604399740696, 0.005274872295558453, 0.0026816397439688444, 0.010015634819865227, 0.005660230293869972, 0.005809736903756857, 0.010569253005087376, 0.002480641705915332, 0.007496166974306107, 0.013227532617747784, 0.007400856353342533, 0.006197948008775711, 0.007125506177544594, 0.007573227863758802, 0.0047293612733483315, 0.007087354548275471, 0.002098031109198928, 0.007960649207234383, 0.021744001656770706, 0.0036065587773919106, 0.005531896837055683, 0.00634026899933815, 0.01929161138832569, 0.005899797659367323, 0.007093743421137333, 0.006620931904762983, 0.01037029642611742, 0.011386409401893616, 0.007677809800952673, 0.005214863456785679, 0.0025836562272161245, 0.00599770899862051, 0.009244261309504509, 0.003582686884328723, 0.009414313361048698, 0.010069487616419792, 0.007160534616559744, 0.013118013739585876, 0.007463764399290085, 0.005118140019476414, 0.008226045407354832, 0.004759808536618948, 0.01161601860076189, 0.005884626414626837, 0.005879709962755442, 0.006285961251705885, 0.00556746544316411, 0.007514387834817171, 0.005144632887095213, 0.015559077262878418, 0.011177764274179935, 0.005314768757671118, 0.007479274179786444, 0.017425836995244026, 0.008912329562008381, 0.008732100948691368, 0.008092198520898819, 0.009464792907238007, 0.006221434101462364, 0.006360511761158705, 0.0020664813928306103, 0.00897134281694889, 0.00689599709585309, 0.007059801369905472, 0.0034532081335783005, 0.008009670302271843, 0.006716371979564428, 0.0025989520363509655, 0.0018637944012880325, 0.010248616337776184, 0.008183418773114681, 0.003739577252417803, 0.00843227468430996, 0.013767465949058533, 0.0015930883819237351, 0.004032874014228582, 0.009366904385387897, 0.006906319875270128, 0.00452135456725955, 0.02137160301208496, 0.0016452086856588721, 0.011013912968337536, 0.004418643191456795, 0.0025593622121959925, 0.004284280352294445, 0.006434489041566849, 0.009608142077922821, 0.00649708416312933, 0.005848165601491928, 0.01209114957600832, 0.005205809138715267, 0.013049930334091187, 0.0036327296402305365, 0.010119356215000153, 0.015925880521535873, 0.0038967079017311335, 0.005907866638153791, 0.011886599473655224, 0.015455172397196293, 0.01078518945723772, 0.00247614411637187, 0.008338211104273796, 0.003005241509526968, 0.012213998474180698, 0.0016915085725486279, 0.01380784809589386, 0.005722889676690102, 0.007791133131831884, 0.0027171731926500797, 0.008512292988598347, 0.007394341751933098, 0.00877574272453785, 0.010051531717181206, 0.0068348306231200695, 0.008818498812615871, 0.0011896161595359445, 0.006243076175451279, 0.006429832894355059, 0.0058157965540885925, 0.014856389723718166, 0.007124131079763174, 0.0026461470406502485, 0.011006120592355728, 0.009028071537613869, 0.008102662861347198, 0.004310280550271273, 0.011590343900024891, 0.005203640554100275, 0.013667082414031029, 0.005957416258752346, 0.014691133983433247, 0.0072812363505363464, 0.007472996599972248, 0.00972715113312006, 0.003837540280073881, 0.0023733919952064753, 0.01808423548936844, 0.010926878079771996, 0.007197093218564987, 0.009160175919532776, 0.0021193567663431168, 0.01471023727208376, 0.009450823999941349, 0.013630850240588188, 0.004990869667381048, 0.0069882539100945, 0.00954101700335741, 0.004778325092047453, 0.006243910640478134, 0.010098611004650593, 0.008770275861024857, 0.0115268025547266, 0.007298235781490803, 0.00796010997146368, 0.018977295607328415, 0.002994326176121831, 0.011327886022627354, 0.0023168534971773624, 0.008640500716865063, 0.004872973542660475, 0.004086566623300314, 0.006726943887770176, 0.014513709582388401, 0.008909326046705246, 0.005182474385946989, 0.010530720464885235, 0.0060333083383738995, 0.010406640358269215, 0.006505084224045277, 0.012738293036818504, 0.009197683073580265, 0.00778215192258358, 0.004762162454426289, 0.014603656716644764, 0.007682816591113806, 0.006794599816203117, 0.009539209306240082, 0.018858645111322403, 0.010304294526576996, 0.13515953719615936, 0.010605080053210258, 0.00579939316958189, 0.004222302697598934, 0.01464400440454483, 0.015375562943518162, 0.012748553417623043, 0.006996435578912497, 0.004738663323223591, 0.008592825382947922, 0.003087725257501006, 0.008880279026925564, 0.007144061848521233, 0.0024355717469006777, 0.008782404474914074, 0.006897639948874712, 0.008042968809604645, 0.006034154910594225, 0.002787506440654397, 0.004067649133503437, 0.005642351694405079, 0.004585638176649809, 0.007098800968378782, 0.01569535955786705, 0.007901892997324467, 0.0027663849759846926, 0.002913397504016757, 0.0114605026319623, 0.009411702863872051, 0.006658544298261404, 0.004851949401199818, 0.012679839506745338, 0.0062596541829407215, 0.007954702712595463, 0.004530700389295816, 0.00646366598084569, 0.014980321750044823, 0.01065476331859827, 0.008866463787853718, 0.007424965966492891, 0.005767343565821648, 0.011410432867705822, 0.004690644796937704, 0.00466669537127018, 0.004622758831828833, 0.006119291763752699, 0.005694522522389889, 0.013379807583987713, 0.004961048252880573, 0.014590318314731121, 0.006939163897186518, 0.007563568186014891, 0.016403568908572197, 0.0033094044774770737, 0.010835697874426842, 0.005085371434688568, 0.013734562322497368, 0.009743313305079937, 0.006586045958101749, 0.005001510493457317, 0.008805522695183754, 0.008207220584154129, 0.004625616129487753, 0.005680132191628218, 0.00818925816565752, 0.006370764225721359, 0.020307060331106186, 0.0030750150326639414, 0.01613924466073513, 0.005936744157224894, 0.004420241340994835, 0.011077254079282284, 0.007809294853359461, 0.011408556252717972, 0.007102896925061941, 0.010390518233180046, 0.013968037441372871, 0.007131598424166441, 0.0024071591906249523, 0.014627144671976566, 0.00963288638740778, 0.0027008720207959414, 0.002193572698161006, 0.012879031710326672, 0.01848437450826168, 0.001999045256525278, 0.009951972402632236, 0.0038335409481078386, 0.0029733125120401382, 0.003692319616675377, 0.0019008824601769447, 0.011782863177359104, 0.023831147700548172, 0.005553562194108963, 0.002241404727101326, 0.007035982329398394, 0.0035544303245842457, 0.013194411061704159, 0.00582598801702261, 0.007281225174665451, 0.0021771849133074284, 0.013541053980588913]
OUTPUT_SCALES: [0.0235294122248888]
OUTPUT_ZERO_POINT: -128

REAL_MULTIPLIERS: [0.007825935259461403, 0.012992409989237785, 0.007723917253315449, 0.006867685355246067, 0.005593663547188044, 0.004755862057209015, 0.009268234483897686, 0.014328781515359879, 0.00274422625079751, 0.00744502991437912, 0.006256438326090574, 0.01572675071656704, 0.01047467440366745, 0.012266453355550766, 0.01115775853395462, 0.006678606849163771, 0.0036589461378753185, 0.002882776316255331, 0.005907048936933279, 0.006428878288716078, 0.0037872730754315853, 0.005986938718706369, 0.00434546172618866, 0.007184000685811043, 0.007537662982940674, 0.006998371332883835, 0.010939104482531548, 0.007372237741947174, 0.005365185905247927, 0.0026085947174578905, 0.005080768372863531, 0.006310209631919861, 0.007830456830561161, 0.00835137628018856, 0.0029802797362208366, 0.006409929133951664, 0.008914180099964142, 0.007498994469642639, 0.006811207626014948, 0.01064600981771946, 0.007563465740531683, 0.004484064411371946, 0.007111836224794388, 0.010051301680505276, 0.011328790336847305, 0.006688043940812349, 0.0047980016097426414, 0.015677474439144135, 0.003992152865976095, 0.0052179316990077496, 0.0020068290177732706, 0.005364611744880676, 0.008613552898168564, 0.009019805118441582, 0.005784997250884771, 0.0024030604399740696, 0.005274872295558453, 0.0026816397439688444, 0.010015634819865227, 0.005660230293869972, 0.005809736903756857, 0.010569253005087376, 0.002480641705915332, 0.007496166974306107, 0.013227532617747784, 0.007400856353342533, 0.006197948008775711, 0.007125506177544594, 0.007573227863758802, 0.0047293612733483315, 0.007087354548275471, 0.002098031109198928, 0.007960649207234383, 0.021744001656770706, 0.0036065587773919106, 0.005531896837055683, 0.00634026899933815, 0.01929161138832569, 0.005899797659367323, 0.007093743421137333, 0.006620931904762983, 0.01037029642611742, 0.011386409401893616, 0.007677809800952673, 0.005214863456785679, 0.0025836562272161245, 0.00599770899862051, 0.009244261309504509, 0.003582686884328723, 0.009414313361048698, 0.010069487616419792, 0.007160534616559744, 0.013118013739585876, 0.007463764399290085, 0.005118140019476414, 0.008226045407354832, 0.004759808536618948, 0.01161601860076189, 0.005884626414626837, 0.005879709962755442, 0.006285961251705885, 0.00556746544316411, 0.007514387834817171, 0.005144632887095213, 0.015559077262878418, 0.011177764274179935, 0.005314768757671118, 0.007479274179786444, 0.017425836995244026, 0.008912329562008381, 0.008732100948691368, 0.008092198520898819, 0.009464792907238007, 0.006221434101462364, 0.006360511761158705, 0.0020664813928306103, 0.00897134281694889, 0.00689599709585309, 0.007059801369905472, 0.0034532081335783005, 0.008009670302271843, 0.006716371979564428, 0.0025989520363509655, 0.0018637944012880325, 0.010248616337776184, 0.008183418773114681, 0.003739577252417803, 0.00843227468430996, 0.013767465949058533, 0.0015930883819237351, 0.004032874014228582, 0.009366904385387897, 0.006906319875270128, 0.00452135456725955, 0.02137160301208496, 0.0016452086856588721, 0.011013912968337536, 0.004418643191456795, 0.0025593622121959925, 0.004284280352294445, 0.006434489041566849, 0.009608142077922821, 0.00649708416312933, 0.005848165601491928, 0.01209114957600832, 0.005205809138715267, 0.013049930334091187, 0.0036327296402305365, 0.010119356215000153, 0.015925880521535873, 0.0038967079017311335, 0.005907866638153791, 0.011886599473655224, 0.015455172397196293, 0.01078518945723772, 0.00247614411637187, 0.008338211104273796, 0.003005241509526968, 0.012213998474180698, 0.0016915085725486279, 0.01380784809589386, 0.005722889676690102, 0.007791133131831884, 0.0027171731926500797, 0.008512292988598347, 0.007394341751933098, 0.00877574272453785, 0.010051531717181206, 0.0068348306231200695, 0.008818498812615871, 0.0011896161595359445, 0.006243076175451279, 0.006429832894355059, 0.0058157965540885925, 0.014856389723718166, 0.007124131079763174, 0.0026461470406502485, 0.011006120592355728, 0.009028071537613869, 0.008102662861347198, 0.004310280550271273, 0.011590343900024891, 0.005203640554100275, 0.013667082414031029, 0.005957416258752346, 0.014691133983433247, 0.0072812363505363464, 0.007472996599972248, 0.00972715113312006, 0.003837540280073881, 0.0023733919952064753, 0.01808423548936844, 0.010926878079771996, 0.007197093218564987, 0.009160175919532776, 0.0021193567663431168, 0.01471023727208376, 0.009450823999941349, 0.013630850240588188, 0.004990869667381048, 0.0069882539100945, 0.00954101700335741, 0.004778325092047453, 0.006243910640478134, 0.010098611004650593, 0.008770275861024857, 0.0115268025547266, 0.007298235781490803, 0.00796010997146368, 0.018977295607328415, 0.002994326176121831, 0.011327886022627354, 0.0023168534971773624, 0.008640500716865063, 0.004872973542660475, 0.004086566623300314, 0.006726943887770176, 0.014513709582388401, 0.008909326046705246, 0.005182474385946989, 0.010530720464885235, 0.0060333083383738995, 0.010406640358269215, 0.006505084224045277, 0.012738293036818504, 0.009197683073580265, 0.00778215192258358, 0.004762162454426289, 0.014603656716644764, 0.007682816591113806, 0.006794599816203117, 0.009539209306240082, 0.018858645111322403, 0.010304294526576996, 0.13515953719615936, 0.010605080053210258, 0.00579939316958189, 0.004222302697598934, 0.01464400440454483, 0.015375562943518162, 0.012748553417623043, 0.006996435578912497, 0.004738663323223591, 0.008592825382947922, 0.003087725257501006, 0.008880279026925564, 0.007144061848521233, 0.0024355717469006777, 0.008782404474914074, 0.006897639948874712, 0.008042968809604645, 0.006034154910594225, 0.002787506440654397, 0.004067649133503437, 0.005642351694405079, 0.004585638176649809, 0.007098800968378782, 0.01569535955786705, 0.007901892997324467, 0.0027663849759846926, 0.002913397504016757, 0.0114605026319623, 0.009411702863872051, 0.006658544298261404, 0.004851949401199818, 0.012679839506745338, 0.0062596541829407215, 0.007954702712595463, 0.004530700389295816, 0.00646366598084569, 0.014980321750044823, 0.01065476331859827, 0.008866463787853718, 0.007424965966492891, 0.005767343565821648, 0.011410432867705822, 0.004690644796937704, 0.00466669537127018, 0.004622758831828833, 0.006119291763752699, 0.005694522522389889, 0.013379807583987713, 0.004961048252880573, 0.014590318314731121, 0.006939163897186518, 0.007563568186014891, 0.016403568908572197, 0.0033094044774770737, 0.010835697874426842, 0.005085371434688568, 0.013734562322497368, 0.009743313305079937, 0.006586045958101749, 0.005001510493457317, 0.008805522695183754, 0.008207220584154129, 0.004625616129487753, 0.005680132191628218, 0.00818925816565752, 0.006370764225721359, 0.020307060331106186, 0.0030750150326639414, 0.01613924466073513, 0.005936744157224894, 0.004420241340994835, 0.011077254079282284, 0.007809294853359461, 0.011408556252717972, 0.007102896925061941, 0.010390518233180046, 0.013968037441372871, 0.007131598424166441, 0.0024071591906249523, 0.014627144671976566, 0.00963288638740778, 0.0027008720207959414, 0.002193572698161006, 0.012879031710326672, 0.01848437450826168, 0.001999045256525278, 0.009951972402632236, 0.0038335409481078386, 0.0029733125120401382, 0.003692319616675377, 0.0019008824601769447, 0.011782863177359104, 0.023831147700548172, 0.005553562194108963, 0.002241404727101326, 0.007035982329398394, 0.0035544303245842457, 0.013194411061704159, 0.00582598801702261, 0.007281225174665451, 0.0021771849133074284, 0.013541053980588913]

MULTIPLIERS: [1075588352, 1785663232, 2123134208, 1887774976, 1537574528, 1307281408, 1273816448, 1969332736, 1508654336, 2046474240, 1719756672, 1080734080, 1439628288, 1685888512, 1533510656, 1835801472, 2011526912, 1584823040, 1623717248, 1767156608, 2082075392, 1645677184, 1194471424, 1974723072, 2071937024, 1923697664, 1503459072, 2026465280, 1474771072, 1434090112, 1396590976, 1734537216, 1076209792, 1147804416, 1638426112, 1761947904, 1225155584, 2061307904, 1872250496, 1463176448, 2079029632, 1232570240, 1954886656, 1381440384, 1557017088, 1838395520, 1318864640, 1077347840, 1097354624, 1434294144, 1103265920, 1474613248, 1183837696, 1239672576, 1590167936, 1321096448, 1449945856, 1474247040, 1376538368, 1555872256, 1596968320, 1452627072, 1363747200, 2060530688, 1817978240, 2034331904, 1703678976, 1958644224, 2081713024, 1299996928, 1948157184, 1153404800, 1094103296, 1494236416, 1982726656, 1520596224, 1742799872, 1325709440, 1621724032, 1949913344, 1819947904, 1425282688, 1564936192, 2110460288, 1433450752, 1420380032, 1648637696, 1270521600, 1969602944, 1293893376, 1383939840, 1968272768, 1802926080, 2051623936, 1406863616, 1130579072, 1308366208, 1596493440, 1617553792, 1616202368, 1727871872, 1530373248, 2065539200, 1414145920, 2138423296, 1536260224, 1460912512, 2055887232, 1197494400, 1224901248, 1200130816, 1112183296, 1300831232, 1710134784, 1748364160, 1136060160, 1233011968, 1895557248, 1940583424, 1898421248, 1100840704, 1846182272, 1428788992, 2049263616, 1408559104, 1124720512, 2055854336, 1158923008, 1892186112, 1751619200, 1108547968, 1287377536, 1898394752, 1242820480, 1468645376, 1808926080, 1513740672, 1214587392, 1407024256, 1177654016, 1768698880, 1320532992, 1785904896, 1607531520, 1661794944, 1430961920, 1793568768, 1997114240, 1390793728, 1094418176, 2142237824, 1623942016, 1633681792, 2124142720, 1482305152, 1361274624, 1145995008, 1652148992, 1678679168, 1859833344, 1897736192, 1573095936, 2141610368, 1493781760, 1169920640, 2032541184, 1206128896, 1381472000, 1878743936, 1212005248, 1307996800, 1716083712, 1767419008, 1598633984, 2041846656, 1958266240, 1454734720, 1512669696, 1240808704, 1113621504, 1184800896, 1592964736, 1430365824, 1878389504, 1637562112, 2019134080, 2001451008, 2054161664, 1336889472, 2109710080, 1304786048, 1242739200, 1501778688, 1978321920, 1258964992, 1165128704, 2021759616, 1298911360, 1873409792, 1371879808, 1920916608, 1311307392, 1313456000, 1716313088, 1387942528, 1205377536, 1584231680, 2006123776, 1094029184, 1304109824, 1646148224, 1556892800, 1273703680, 1187541376, 1339472768, 1123306880, 1849088256, 1994749056, 1224488448, 1424547712, 1447331200, 1658423168, 1430277760, 1788103936, 1750737664, 1264119936, 2139141632, 1309013248, 2007111296, 2111836544, 1867685376, 1311058944, 1295956224, 1416211456, 1161011584, 1457551104, 1594125056, 1160617728, 2012656640, 2113201280, 1752147840, 1923165568, 1302553856, 1180988928, 1697494912, 1220496256, 1963744768, 1338969728, 1207044480, 1896008832, 1105417216, 1658655872, 1532447872, 1118106880, 1550957824, 1260490624, 1951303552, 1078576896, 1086027904, 1520836224, 1601657216, 1575119488, 1293534592, 1830286720, 1333693696, 1742703872, 1720640640, 1093286016, 1245389440, 1776718976, 2058879744, 1464379520, 1218597504, 2040959104, 1585315328, 1568237952, 1289354624, 1282771456, 1270694272, 1682058112, 1565298432, 1838906752, 1363682560, 2005278080, 1907422848, 2079057792, 1127244672, 1819364352, 1489246976, 1397856256, 1887663872, 1339110784, 1810358528, 1374804736, 1210221824, 1127991808, 1271479680, 1561342848, 1125523072, 1751182336, 1395490560, 1690507392, 1109080448, 1631879808, 1215026688, 1522446208, 2146602624, 1567980032, 1952429440, 1428061952, 1919752448, 1960318848, 1323349760, 2010339456, 1323933824, 1484820096, 1205929344, 1770080640, 1270236544, 1098986752, 1367788672, 2107511424, 1634595840, 2029874176, 2090042368, 1619424384, 1637664000, 1526551552, 1232225280, 1934036096, 1954068736, 1813426048, 1601435392, 2001447936, 1196920064, 1861068288]
SHIFTS: [-6, -6, -7, -7, -7, -7, -6, -6, -8, -7, -7, -5, -6, -6, -6, -7, -8, -8, -7, -7, -8, -7, -7, -7, -7, -7, -6, -7, -7, -8, -7, -7, -6, -6, -8, -7, -6, -7, -7, -6, -7, -7, -7, -6, -6, -7, -7, -5, -7, -7, -8, -7, -6, -6, -7, -8, -7, -8, -6, -7, -7, -6, -8, -7, -6, -7, -7, -7, -7, -7, -7, -8, -6, -5, -8, -7, -7, -5, -7, -7, -7, -6, -6, -7, -7, -8, -7, -6, -8, -6, -6, -7, -6, -7, -7, -6, -7, -6, -7, -7, -7, -7, -7, -7, -6, -6, -7, -7, -5, -6, -6, -6, -6, -7, -7, -8, -6, -7, -7, -8, -6, -7, -8, -9, -6, -6, -8, -6, -6, -9, -7, -6, -7, -7, -5, -9, -6, -7, -8, -7, -7, -6, -7, -7, -6, -7, -6, -8, -6, -5, -8, -7, -6, -6, -6, -8, -6, -8, -6, -9, -6, -7, -7, -8, -6, -7, -6, -6, -7, -6, -9, -7, -7, -7, -6, -7, -8, -6, -6, -6, -7, -6, -7, -6, -7, -6, -7, -7, -6, -8, -8, -5, -6, -7, -6, -8, -6, -6, -6, -7, -7, -6, -7, -7, -6, -6, -6, -7, -6, -5, -8, -6, -8, -6, -7, -7, -7, -6, -6, -7, -6, -7, -6, -7, -6, -6, -7, -7, -6, -7, -7, -6, -5, -6, -2, -6, -7, -7, -6, -6, -6, -7, -7, -6, -8, -6, -7, -8, -6, -7, -6, -7, -8, -7, -7, -7, -7, -5, -6, -8, -8, -6, -6, -7, -7, -6, -7, -6, -7, -7, -6, -6, -6, -7, -7, -6, -7, -7, -7, -7, -7, -6, -7, -6, -7, -7, -5, -8, -6, -7, -6, -6, -7, -7, -6, -6, -7, -7, -6, -7, -5, -8, -5, -7, -7, -6, -7, -6, -7, -6, -6, -7, -8, -6, -6, -8, -8, -6, -5, -8, -6, -8, -8, -8, -9, -6, -5, -7, -8, -7, -8, -6, -7, -7, -8, -6]
Q6: [127, 127, 127, 127, 127, 127, 127, 127, 127, 127, 127, 127, 127, 127, 127, 127, 127, 127, 127, 127, 127, 127, 127, 127, 127, 127, 127, 127, 127, 127, 127, 127, 127, 127, 127, 127, 127, 127, 127, 127, 127, 127, 127, 127, 127, 127, 127, 127, 127, 127, 127, 127, 127, 127, 127, 127, 127, 127, 127, 127, 127, 127, 127, 127, 127, 127, 127, 127, 127, 127, 127, 127, 127, 127, 127, 127, 127, 127, 127, 127, 127, 127, 127, 127, 127, 127, 127, 127, 127, 127, 127, 127, 127, 127, 127, 127, 127, 127, 127, 127, 127, 127, 127, 127, 127, 127, 127, 127, 127, 127, 127, 127, 127, 127, 127, 127, 127, 127, 127, 127, 127, 127, 127, 127, 127, 127, 127, 127, 127, 127, 127, 127, 127, 127, 127, 127, 127, 127, 127, 127, 127, 127, 127, 127, 127, 127, 127, 127, 127, 127, 127, 127, 127, 127, 127, 127, 127, 127, 127, 127, 127, 127, 127, 127, 127, 127, 127, 127, 127, 127, 127, 127, 127, 127, 127, 127, 127, 127, 127, 127, 127, 127, 127, 127, 127, 127, 127, 127, 127, 127, 127, 127, 127, 127, 127, 127, 127, 127, 127, 127, 127, 127, 127, 127, 127, 127, 127, 127, 127, 127, 127, 127, 127, 127, 127, 127, 127, 127, 127, 127, 127, 127, 127, 127, 127, 127, 127, 127, 127, 127, 127, 127, 127, 127, 127, 127, 127, 127, 127, 127, 127, 127, 127, 127, 127, 127, 127, 127, 127, 127, 127, 127, 127, 127, 127, 127, 127, 127, 127, 127, 127, 127, 127, 127, 127, 127, 127, 127, 127, 127, 127, 127, 127, 127, 127, 127, 127, 127, 127, 127, 127, 127, 127, 127, 127, 127, 127, 127, 127, 127, 127, 127, 127, 127, 127, 127, 127, 127, 127, 127, 127, 127, 127, 127, 127, 127, 127, 127, 127, 127, 127, 127, 127, 127, 127, 127, 127, 127, 127, 127, 127, 127, 127, 127, 127, 127, 127, 127, 127, 127, 127, 127, 127, 127, 127, 127]

OFFSETS:
  MUL   = 15424
  SHIFT = 15424
  Q6    = 15424

================================================================================
OP_INDEX: 53
TIPO: CONV_2D
NFEAT: 56

INPUT_SCALE: 0.0235294122248888
WEIGHT_SCALES: [0.003722590859979391, 0.005166194401681423, 0.0064115459099411964, 0.006104451138526201, 0.008650653064250946, 0.009354003705084324, 0.007212489377707243, 0.004446621984243393, 0.011430935934185982, 0.004489575512707233, 0.008673436939716339, 0.01507863774895668, 0.003991708625108004, 0.012610597535967827, 0.009684494696557522, 0.0032138540409505367, 0.0063924542628228664, 0.006518613547086716, 0.006334715057164431, 0.005306134466081858, 0.0071409824304282665, 0.00658711651340127, 0.011111904866993427, 0.005219192244112492, 0.009618446230888367, 0.005887886043637991, 0.004762082826346159, 0.010199238546192646, 0.006264984607696533, 0.004968222230672836, 0.009383726865053177, 0.016035165637731552, 0.004920480772852898, 0.007519877515733242, 0.004266605246812105, 0.007062896154820919, 0.00655359635129571, 0.011172286234796047, 0.0032313591800630093, 0.010231728665530682, 0.008439477533102036, 0.019687501713633537, 0.004405539948493242, 0.004756871145218611, 0.005347731988877058, 0.011479390785098076, 0.005219428800046444, 0.006460215430706739, 0.005866400897502899, 0.00501851923763752, 0.009528109803795815, 0.008587398566305637, 0.007519822102040052, 0.008015179075300694, 0.008610982447862625, 0.006810722406953573]
OUTPUT_SCALES: [0.22092659771442413]
OUTPUT_ZERO_POINT: 16

REAL_MULTIPLIERS: [0.000396468219740025, 0.0005502167641589429, 0.0006828508123264175, 0.0006501442050483222, 0.0009213231184882755, 0.0009962322844194892, 0.0007681539366078124, 0.00047357992544998494, 0.0012174324254946689, 0.0004781546180772874, 0.0009237496764647793, 0.001605924714613061, 0.0004251301504367403, 0.0013430702816937526, 0.0010314306663953745, 0.0003422860685063302, 0.0006808174888617618, 0.0006942538692530361, 0.0006746680727863325, 0.0005651208431431834, 0.000760538210584433, 0.0007015496613836257, 0.0011834545632989043, 0.0005558612093932023, 0.0010243962866890441, 0.0006270793072774634, 0.0005071775468836939, 0.0010862525862257195, 0.000667241549646381, 0.0005291320741808784, 0.0009993978991112858, 0.0017077980935200185, 0.0005240474512659204, 0.0008008917883987674, 0.000454407548442326, 0.0007522217643670945, 0.0006979796534253882, 0.00118988537836793, 0.00034415042362921953, 0.0010897128912276941, 0.000898832227053667, 0.0020967839467526633, 0.0004692045529769411, 0.0005066224856330188, 0.0005695511166888235, 0.0012225930271297872, 0.0005558864033813494, 0.0006880342770098348, 0.0006247910682634447, 0.0005344888715189695, 0.0010147751588847232, 0.0009145863055710848, 0.0008008858866574495, 0.0008536430401324195, 0.0009170980668382121, 0.0007253644274631164]

MULTIPLIERS: [1743685671, 1209939460, 1501604816, 1429682226, 2026010963, 1095368981, 1689188370, 2082826539, 1338581108, 2102946250, 2031347021, 1765732897, 1869742175, 1476721392, 1134070011, 1505390049, 1497133491, 1526680404, 1483610782, 1242713876, 1672441212, 1542724020, 1301222053, 1222351726, 1126335629, 1378961980, 1115295220, 1194347349, 1467279685, 1163573736, 1098849611, 1877743862, 1152392532, 1761179668, 1998505533, 1654153153, 1534873490, 1308292809, 1513589570, 1198151995, 1976552970, 1152719165, 2063583447, 1114074628, 1252456151, 1344255249, 1222407128, 1513003376, 1373930089, 1175353458, 1115757087, 2011196555, 1761166690, 1877180897, 2016719977, 1595093245]
SHIFTS: [-11, -10, -10, -10, -10, -9, -10, -11, -9, -11, -10, -9, -11, -9, -9, -11, -10, -10, -10, -10, -10, -10, -9, -10, -9, -10, -10, -9, -10, -10, -9, -9, -10, -10, -11, -10, -10, -9, -11, -9, -10, -8, -11, -10, -10, -9, -10, -10, -10, -10, -9, -10, -10, -10, -10, -10]
Q6: [43, 43, 43, 43, 43, 43, 43, 43, 43, 43, 43, 43, 43, 43, 43, 43, 43, 43, 43, 43, 43, 43, 43, 43, 43, 43, 43, 43, 43, 43, 43, 43, 43, 43, 43, 43, 43, 43, 43, 43, 43, 43, 43, 43, 43, 43, 43, 43, 43, 43, 43, 43, 43, 43, 43, 43]

OFFSETS:
  MUL   = 16768
  SHIFT = 16768
  Q6    = 16768

================================================================================
OP_INDEX: 55
TIPO: CONV_2D
NFEAT: 336

INPUT_SCALE: 0.22092659771442413
WEIGHT_SCALES: [0.0005764568340964615, 0.0005423232214525342, 0.0010303477756679058, 0.0006638749036937952, 0.0008720578043721616, 0.0006585454102605581, 0.0016895580338314176, 0.0007446880335919559, 0.0007089873543009162, 0.0007022979552857578, 0.00027071169461123645, 0.0012841671705245972, 0.0010621445253491402, 0.0006077828584238887, 0.0005683014751411974, 0.000296157319098711, 0.0008524819277226925, 0.0006806721212342381, 0.0013563603861257434, 0.0005509974434971809, 0.0004096156044397503, 0.0009711158345453441, 0.000755250221118331, 0.0009097674628719687, 0.00042412805487401783, 0.0006566778756678104, 0.0005046341102570295, 0.0006350338808260858, 0.0005467486917041242, 0.0006819071713835001, 0.0003202423104085028, 0.0009004311286844313, 0.0005017535877414048, 0.000763557618483901, 0.0006429022760130465, 0.00040411174995824695, 0.0008481190307065845, 0.00083708151942119, 0.00031104922527447343, 0.0003814268275164068, 0.0005169797805137932, 0.00033719342900440097, 0.0010868702083826065, 0.0006684440304525197, 0.0007356541464105248, 0.0009286841377615929, 0.0007559863734059036, 0.0013422103365883231, 0.0007863965583965182, 0.0008385462570004165, 0.000408781721489504, 0.0007050101412460208, 0.0008302631322294474, 0.0010051779681816697, 0.0006775742513127625, 0.0005824225954711437, 0.0008389101712964475, 0.0006843233131803572, 0.0005537836696021259, 0.000604048022069037, 0.00044210487976670265, 0.0006202583899721503, 0.0007435393636114895, 0.0002606152556836605, 0.0006201800424605608, 0.0003700993547681719, 0.0005853591137565672, 0.00036678012111224234, 0.0007466966053470969, 0.000780573405791074, 0.0003689316217787564, 0.00046701382962055504, 0.0008881894173100591, 0.0008671369287185371, 0.0006067116628400981, 0.00047535993508063257, 0.000768498342949897, 0.0004306133487261832, 0.0003472489770501852, 0.000680572644341737, 0.000990980421192944, 0.0004456835158634931, 0.0007649481412954628, 0.0005346631514839828, 0.0003872243396472186, 0.0005143532180227339, 0.0005988790653645992, 0.0004755106056109071, 0.0005394488107413054, 0.0008225611527450383, 0.0004680970450863242, 0.0008722737547941506, 0.0004060437495354563, 0.0008653984987176955, 0.0006972866831347346, 0.0005570548819378018, 0.0007153099286369979, 0.00048331075231544673, 0.0007602506084367633, 0.0005694050923921168, 0.00048263478674925864, 0.000651601527351886, 0.0008008485310710967, 0.0007181179244071245, 0.0007292472873814404, 0.0009522296604700387, 0.0004137176729273051, 0.0009036797564476728, 0.0007908677216619253, 0.0010248656617477536, 0.0004070586001034826, 0.0006585382507182658, 0.00048172182869166136, 0.000660477380733937, 0.0011007346911355853, 0.0007574806804768741, 0.0008325328235514462, 0.0005614468827843666, 0.0006495650741271675, 0.0007058629998937249, 0.0004777382127940655, 0.0004165793361607939, 0.0006813335930928588, 0.0004925586399622262, 0.0006582345231436193, 0.00045083026634529233, 0.000844196998514235, 5.517206227523275e-05, 0.0005299862241372466, 0.000364342937245965, 0.0004355336131993681, 0.0006692348979413509, 0.0008974456577561796, 0.0004351605020929128, 0.000473147229058668, 0.00043498221202753484, 0.00038845313247293234, 0.0006424154271371663, 0.0006835070089437068, 0.0010234417859464884, 0.0003456384874880314, 0.0008141638827510178, 0.0007155180210247636, 0.0011677120346575975, 0.0006744283600710332, 0.0005805548280477524, 0.0010610900353640318, 0.0006003576563671231, 0.0008319597109220922, 0.00037461769534274936, 0.0005131170037202537, 0.0004277118423487991, 0.0006978872115723789, 0.00039449799805879593, 0.0006699693622067571, 0.0014492843765765429, 0.0007562973187305033, 0.0005075189401395619, 0.00043793770601041615, 0.0010521382791921496, 0.0007864244398660958, 0.0006818301044404507, 0.0004850155964959413, 0.0005548803019337356, 0.00075968645978719, 0.0009002372389659286, 0.0007427912205457687, 0.0006484441109932959, 0.0003483426698949188, 0.000744495599064976, 0.0006594801088795066, 0.0006138590397313237, 0.001139461062848568, 0.0007724636816419661, 0.0008326561655849218, 0.0009569113608449697, 0.0008842534734867513, 0.000208821875276044, 0.00040611278382129967, 0.0003877095296047628, 0.0005058685783296824, 0.0006710236775688827, 0.0013349608052521944, 0.0007652717176824808, 0.00042882919660769403, 0.0004637640668079257, 0.0005674092099070549, 0.00042793131433427334, 0.001231739530339837, 0.0010362102184444666, 0.0007660217816010118, 0.000511208432726562, 0.0005479246028698981, 0.00040808008634485304, 0.0008274595020338893, 0.0007820419850759208, 0.00039233179995790124, 0.0008025761344470084, 0.0009308959124609828, 0.00033754383912310004, 0.0009068554500117898, 0.0007096815388649702, 0.0006146026425994933, 0.0006218778435140848, 0.0009329731692560017, 0.0006311951437965035, 0.0003673614701256156, 0.0009962260955944657, 0.0007606182480230927, 0.0008977151592262089, 0.0003845343890134245, 0.00129055161960423, 0.0008775726892054081, 0.0005177489947527647, 0.0006398863042704761, 0.0008087416645139456, 0.000937949400395155, 0.0007405376527458429, 0.0006960763712413609, 0.00028603230020962656, 0.000514222017955035, 0.001142763183452189, 0.0006409519701264799, 0.0005910841864533722, 0.0006062710890546441, 0.0002988110645674169, 0.0005719228647649288, 0.0005010950844734907, 0.00030769355362281203, 0.0008769555133767426, 0.0006765472353436053, 0.000478168367408216, 0.0006358715472742915, 0.0008697412558831275, 0.0006533824489451945, 0.0002652071416378021, 0.0009104169439524412, 0.0008829113794490695, 0.00047626724699512124, 0.0005525168380700052, 0.0003202176303602755, 0.000763817981351167, 0.0007840168545953929, 0.0007419525645673275, 0.0006414932431653142, 0.0004342046449892223, 0.0007259717094711959, 0.000573726836591959, 0.0005960622802376747, 0.0009677621419541538, 0.000600817147642374, 0.00023029099975246936, 0.0005833784816786647, 0.0008455838542431593, 0.0004253120278008282, 0.000484094227431342, 0.0003345632285345346, 0.0006704256520606577, 0.0008369739516638219, 0.000597357633523643, 0.0008316842140629888, 0.0007355866255238652, 0.0003878417192026973, 0.0008324418449774384, 0.0004211806517560035, 0.0007976651540957391, 0.0004791353130713105, 0.0005599388969130814, 0.0006864155875518918, 0.0003991393023170531, 0.0013572657480835915, 0.0008250927785411477, 0.00033405033173039556, 0.0005276220035739243, 0.0006405177409760654, 0.0010161662939935923, 0.0006508614751510322, 0.0020236072596162558, 0.0009090382955037057, 0.000747669255360961, 0.0004929961869493127, 0.0006205242243595421, 0.000845136761199683, 0.0007090542349033058, 0.0003957573208026588, 0.0009522633627057076, 0.0003916363057214767, 0.0009494375553913414, 0.0011515411315485835, 0.0005825508269481361, 0.0011906452709808946, 0.0006142642232589424, 0.0007588415173813701, 0.0006500929594039917, 0.0006588094402104616, 0.0003280515084043145, 0.0008707355009391904, 0.0008772147702984512, 0.0008445258717983961, 0.0005458776140585542, 0.0006903329049237072, 0.00033653731225058436, 0.00042017336818389595, 0.0004965896951034665, 0.0008129024645313621, 0.0005048617022112012, 0.00038727547507733107, 0.0006280053057707846, 0.0005999045097269118, 0.0002473389031365514, 0.0010358532890677452, 0.000520066125318408, 0.0005790544091723859, 0.00047165071009658277, 0.00046822105650790036, 0.0008078339160420001, 0.0006113086128607392, 0.0006543148774653673, 0.000570831703953445, 0.0002958358090836555, 0.0006206100806593895, 0.0008666564244776964, 0.0005665792850777507, 0.0007955426699481905, 0.0005045978468842804, 0.0009126923396252096, 0.0002799311187118292, 0.0011028748704120517, 0.0005283884820528328, 0.00025026031653396785, 0.0005786543479189277, 0.00046257529174908996, 0.0015140583273023367, 0.00031088737887330353, 0.0005962433060631156, 0.0007398063316941261]
OUTPUT_SCALES: [0.0235294122248888]
OUTPUT_ZERO_POINT: -128

REAL_MULTIPLIERS: [0.00541257239530391, 0.005092078927934241, 0.009674327023781442, 0.006233373888784181, 0.008188082298395068, 0.006183333248563641, 0.01586390278209387, 0.006992159092103846, 0.006656951840155567, 0.0065941425293641175, 0.0025418150304963396, 0.012057533829105191, 0.009972878796274157, 0.005706704348470899, 0.005335998629248653, 0.002780733673724928, 0.008004276949408503, 0.006391089350896479, 0.012735383379633031, 0.005173524496817435, 0.0038460366538135685, 0.009118175807458804, 0.007091331486735765, 0.008542152619986988, 0.003982299568853602, 0.0061657982561997724, 0.004738201532794898, 0.005962574559167818, 0.0051336313507753, 0.006402685706337714, 0.0030068768147093567, 0.008454490228446425, 0.00471115521166565, 0.007169332799233312, 0.006036453913293333, 0.0037943588714154336, 0.007963312050466931, 0.007859676660334346, 0.0029205594429982254, 0.003581361509365306, 0.004854119724896862, 0.0031660373123474648, 0.010205037635455478, 0.006276275157191692, 0.006907336490499782, 0.008719768473009185, 0.007098243500463038, 0.012602523184405285, 0.007383776289876969, 0.007873429638387094, 0.0038382070097353746, 0.006619608274570278, 0.007795656230509163, 0.00943799813124841, 0.006362002272334036, 0.005468587197147983, 0.007876846568079743, 0.0064253717803319736, 0.0051996854330935, 0.005671636549878602, 0.004151090812905496, 0.005823841857614497, 0.006981373792910834, 0.002447015726545118, 0.0058231062230389525, 0.0034750035608091894, 0.00549615928385054, 0.0034438380139772094, 0.007011018336010466, 0.007329100495989867, 0.0034640392717770314, 0.004384970413944991, 0.0083395481458184, 0.008141878325871647, 0.005696646485845532, 0.0044633351714594306, 0.007215723139802989, 0.004043192458665002, 0.0032604526762620447, 0.00639015532452976, 0.009304691964390913, 0.004184691987884514, 0.007182388946614575, 0.005020155618493624, 0.003635796555087083, 0.004829457930998744, 0.00562310325004391, 0.004464749874356011, 0.005065089992860292, 0.007723339416689355, 0.0043951411358124455, 0.008190109939015627, 0.003812499150029239, 0.008125555545609234, 0.0065470897897561345, 0.00523040008949099, 0.006716316894561369, 0.0045379884175306895, 0.00713828202451193, 0.005346360911234033, 0.004531641519814644, 0.006118134491736323, 0.007519471356236474, 0.006742682234501071, 0.006847180055064717, 0.00894084633817924, 0.0038845525345285324, 0.008484992829706238, 0.007425757741798119, 0.009622853371780012, 0.0038220279678781374, 0.006183266024898862, 0.004523069409487655, 0.006201473253910517, 0.01033521653556612, 0.007112274117716661, 0.00781696722531169, 0.005271638255362556, 0.0060990134581107676, 0.006627616088686829, 0.0044856657251777675, 0.003911421778687143, 0.006397300161681388, 0.004624820350871, 0.006180414211217443, 0.00423301678505162, 0.007926486598980912, 0.0005180314701810664, 0.0049762421693774145, 0.0034209543679925643, 0.004089390692582893, 0.006283700912747355, 0.008426458506767619, 0.004085887410540367, 0.004442559233305831, 0.004084213377327223, 0.003647334158138368, 0.00603188270408839, 0.006417707189479495, 0.009609484060496975, 0.003245331177423885, 0.007644494255911985, 0.006718270753110828, 0.010964092279968116, 0.006332464303337101, 0.005451050018648675, 0.009962977788866607, 0.005636986303155336, 0.0078115860529262456, 0.0035174279784238606, 0.00481785064488031, 0.004015949112079229, 0.006552728379589636, 0.003704091699498166, 0.0062905970769926885, 0.013607882057463466, 0.0071011630843430965, 0.004765288297429783, 0.0041119636340681345, 0.009878926346538986, 0.0073840380795959035, 0.006401962095507089, 0.00455399584775589, 0.005209982131015682, 0.007132985018340922, 0.008452669724158804, 0.006974349193208403, 0.00608848830903511, 0.003270721774224297, 0.0069903522511627235, 0.006192109489287335, 0.00576375592504737, 0.010698833164090456, 0.00725295521248084, 0.007818125330561006, 0.00898480460307197, 0.008302592072739843, 0.0019607079850589106, 0.0038131473391871855, 0.003640352188077016, 0.004749792422897532, 0.006300496444798659, 0.012534454578279168, 0.007185427128342251, 0.004026440376055567, 0.0043544571552749075, 0.00532762081170889, 0.004018009817998315, 0.01156527078141362, 0.009729371728024036, 0.0071924697636620615, 0.00479993034614515, 0.005144672427814786, 0.003831619090587074, 0.007769331880608961, 0.007342889545277375, 0.0036837524418986967, 0.007535692481200931, 0.008740535666621025, 0.0031693274461845953, 0.008514810624039486, 0.006663469802969789, 0.005770737895108722, 0.005839047522667095, 0.008760039820482431, 0.0059265311976354415, 0.003449296520903844, 0.009353945595853069, 0.0071417339323716165, 0.008428988958539364, 0.0036105395858154377, 0.01211747984900416, 0.008239863648959673, 0.004861342169856608, 0.006008135807871893, 0.0075935829872524835, 0.008806763546706701, 0.006953189588285091, 0.006535725711205396, 0.002685666021648452, 0.00482822604367833, 0.0107298380299676, 0.006018141749780561, 0.00554991416818356, 0.00569250977105928, 0.00280565069893566, 0.0053700012333478325, 0.004704972274107601, 0.002889051765969893, 0.008234068750442214, 0.0063523592289084, 0.004489704610403082, 0.005970439727946911, 0.008166331343835249, 0.006134856241716528, 0.0024901306896918845, 0.008548250844796738, 0.00828999064153009, 0.004471854268002, 0.005187790670164712, 0.003006645084352722, 0.00717177744518904, 0.007361432346079062, 0.00696647473335369, 0.006023223968144593, 0.004076912504758568, 0.006816424408627729, 0.0053869394107365935, 0.0055966553834913505, 0.00908668671258171, 0.005641300641446085, 0.002162289757741995, 0.005477562376196714, 0.007939508314728996, 0.003993416340832696, 0.004545344763286133, 0.003141341360083098, 0.006294881355921138, 0.007858666665761087, 0.0056088179480115324, 0.00780899930816692, 0.006906702511222196, 0.00364159336647305, 0.00781611299288853, 0.003954625280319228, 0.007489581419433707, 0.00449878363088521, 0.005257479202651836, 0.006445016939929257, 0.0037476706698920626, 0.01274388416729129, 0.0077471098138618315, 0.0031365255769758103, 0.004954043603586264, 0.006014064607185047, 0.009541171700269302, 0.00611118586024043, 0.01900041797492634, 0.008535306190322913, 0.007020150916810872, 0.0046289286458965325, 0.005826337877753065, 0.007935310388150424, 0.006657579807560694, 0.0037159159595590153, 0.008941162781284174, 0.003677222182072625, 0.008914630201983317, 0.010812257522189294, 0.005469791211241538, 0.011179421155464955, 0.005767560347246749, 0.0071250515328293304, 0.0061039699736870024, 0.006185812326152548, 0.0030802003438992636, 0.008175666688697712, 0.008236503012254603, 0.007929574515289846, 0.0051254524715605735, 0.006481798122172618, 0.0031598767826776755, 0.003945167511872128, 0.004662669460276778, 0.0076326503206321766, 0.0047403384801874525, 0.0036362766850830826, 0.005896580595574216, 0.005632731537055326, 0.002322359004555799, 0.009726020382394587, 0.004883098589755028, 0.005436962015339754, 0.004428507847765529, 0.004396305526201151, 0.007585059791705965, 0.005739808997438117, 0.006143611167619683, 0.005359755909608489, 0.002777714893949282, 0.005827144015196547, 0.008137366688857443, 0.005319828331933175, 0.00746965260876309, 0.004737861042200125, 0.008569615399917546, 0.002628379708779116, 0.010355311492530174, 0.004961240361454592, 0.002349789265721688, 0.005433205688120053, 0.004343295294252363, 0.014216069309129461, 0.0029190398056005277, 0.005598355103795915, 0.006946322936868196]

MULTIPLIERS: [1487796571, 1399699998, 1329629382, 1713416768, 1125361462, 1699661701, 1090159098, 1921990056, 1829848988, 1812584097, 1397377591, 1657174831, 1370662025, 1568646947, 1466748135, 1528724504, 1100099447, 1756769264, 1750337764, 1422087585, 2114381011, 1253192541, 1949250357, 1174024516, 1094646170, 1694841719, 1302426920, 1638980015, 1411121841, 1759956846, 1653048011, 1161976289, 1294992484, 1970691194, 1659287817, 2085970850, 1094469274, 1080225735, 1605594534, 1968874311, 1334290270, 1740547419, 1402569693, 1725209379, 1898674197, 1198435853, 1951150316, 1732077598, 2029636972, 1082115930, 2110076619, 1819584067, 2142853668, 1297148586, 1748773869, 1503193803, 1082585549, 1766192746, 1429278649, 1559007584, 1141043154, 1600845460, 1919025416, 1345261122, 1600643251, 1910403411, 1510772760, 1893269970, 1927174046, 2014607804, 1904375729, 1205331489, 1146178770, 1119011236, 1565882263, 1226872230, 1983442874, 1111384280, 1792452815, 1756512521, 1278827126, 1150279375, 1974280041, 1379929869, 1998800294, 1327511288, 1545666852, 1227261100, 1392281336, 2122975373, 1208127196, 1125640139, 2095943573, 1116767851, 1799650338, 1437721429, 1846167130, 1247392758, 1962156022, 1469596497, 1245648136, 1681740003, 2066936548, 1853414380, 1882138522, 1228820564, 2135555340, 1166168535, 2041176746, 1322554897, 2101182096, 1699643223, 1243291852, 1704647988, 1420461345, 1955007023, 1074355795, 1449056890, 1676484054, 1821785238, 1233010406, 1075163432, 1758476479, 1271260938, 1698859322, 1163562794, 1089408023, 1139163250, 1367859032, 1880689553, 1124083154, 1727250555, 1158123639, 1123120179, 1221161384, 1122660025, 2005143159, 1658031293, 1764085920, 1320717433, 1784139683, 2101302581, 1846704203, 1506893369, 1740654533, 1498373220, 1369301241, 1549482996, 2147232424, 1933726481, 1324320701, 1103895686, 1801200262, 2036345947, 1729146158, 1870253069, 1951952845, 1309872473, 1130287957, 1357749298, 2029708932, 1759757941, 1251792847, 1432108983, 1960699992, 1161726081, 1917094509, 1673590923, 1798098311, 1921493396, 1702074096, 1584329165, 1470436433, 1993677148, 1074514964, 1234862142, 1141099566, 1077910614, 2096299919, 2001304780, 1305613000, 1731867275, 1722722320, 1975115170, 1106779503, 1196944069, 1464445258, 1104462129, 1589518713, 1337194668, 1977051034, 1319394807, 1414156789, 2106454872, 2135617686, 2018398109, 2025164322, 2071395377, 1201290075, 1742356190, 1170266661, 1831640632, 1586248354, 1605025162, 1203970705, 1629072491, 1896270816, 1285596494, 1963104875, 1158471421, 1984915129, 1665413749, 1132478237, 1336275561, 1651503796, 2087308198, 1210392365, 1911278201, 1796526604, 1476460510, 1327172669, 1474697710, 1654254208, 1525548790, 1564745171, 1542422783, 1476094699, 1293292931, 1588273005, 1131681792, 1746123209, 1234120606, 1641141976, 1122372034, 1686336443, 1368963824, 1174862650, 1139367638, 1229213941, 1426009041, 1652920615, 1971363173, 2023495115, 1914929993, 1655651197, 1120653176, 1873684474, 1480750630, 1538396918, 1248864712, 1550668913, 1188731366, 1505660881, 1091197714, 1097701925, 1249414855, 1726970676, 1730323812, 1080086922, 1541740138, 2146521385, 1898499930, 2001987125, 1074238390, 1087039120, 2058720464, 1236616228, 1445164879, 1771592767, 2060303739, 1751506103, 2129509330, 1724323171, 1361757137, 1653133491, 1311328653, 1679829978, 1305698781, 1173083550, 1929684390, 1272390218, 1601531561, 1090620755, 1830021603, 2042846403, 1228864055, 2021574274, 1225217446, 1486025359, 1503524760, 1536487944, 1585374916, 1958519252, 1677846490, 1700343145, 1693358047, 1123655074, 1132016354, 1089832423, 1408873648, 1781703101, 1737160632, 1084439388, 1281664822, 2098046945, 1303014320, 1999064249, 1620839732, 1548313455, 1276730365, 1336734063, 1342255920, 1494500739, 1217298968, 1208447261, 2084965360, 1577746683, 1688742979, 1473278486, 1527064912, 1601753150, 1118391162, 1462303277, 2053242475, 1302333327, 1177798972, 1444967026, 1423223174, 1363735366, 1291810310, 1493468208, 1193875920, 1953841688, 1604759104, 1538864133, 1909390710]
SHIFTS: [-7, -7, -6, -7, -6, -7, -5, -7, -7, -7, -8, -6, -6, -7, -7, -8, -6, -7, -6, -7, -8, -6, -7, -6, -7, -7, -7, -7, -7, -7, -8, -6, -7, -7, -7, -8, -6, -6, -8, -8, -7, -8, -6, -7, -7, -6, -7, -6, -7, -6, -8, -7, -7, -6, -7, -7, -6, -7, -7, -7, -7, -7, -7, -8, -7, -8, -7, -8, -7, -7, -8, -7, -6, -6, -7, -7, -7, -7, -8, -7, -6, -7, -7, -7, -8, -7, -7, -7, -7, -7, -7, -6, -8, -6, -7, -7, -7, -7, -7, -7, -7, -7, -7, -7, -7, -6, -8, -6, -7, -6, -8, -7, -7, -7, -6, -7, -6, -7, -7, -7, -7, -7, -7, -7, -7, -7, -6, -10, -7, -8, -7, -7, -6, -7, -7, -7, -8, -7, -7, -6, -8, -7, -7, -6, -7, -7, -6, -7, -7, -8, -7, -7, -7, -8, -7, -6, -7, -7, -7, -6, -7, -7, -7, -7, -7, -6, -7, -7, -8, -7, -7, -7, -6, -7, -6, -6, -6, -8, -8, -8, -7, -7, -6, -7, -7, -7, -7, -7, -6, -6, -7, -7, -7, -8, -7, -7, -8, -7, -6, -8, -6, -7, -7, -7, -6, -7, -8, -6, -7, -6, -8, -6, -6, -7, -7, -7, -6, -7, -7, -8, -7, -6, -7, -7, -7, -8, -7, -7, -8, -6, -7, -7, -7, -6, -7, -8, -6, -6, -7, -7, -8, -7, -7, -7, -7, -7, -7, -7, -7, -6, -7, -8, -7, -6, -7, -7, -8, -7, -6, -7, -7, -7, -8, -6, -7, -7, -7, -7, -7, -8, -6, -7, -8, -7, -7, -6, -7, -5, -6, -7, -7, -7, -6, -7, -8, -6, -8, -6, -6, -7, -6, -7, -7, -7, -7, -8, -6, -6, -6, -7, -7, -8, -7, -7, -7, -7, -8, -7, -7, -8, -6, -7, -7, -7, -7, -7, -7, -7, -7, -8, -7, -6, -7, -7, -7, -6, -8, -6, -7, -8, -7, -7, -6, -8, -7, -7]
Q6: [127, 127, 127, 127, 127, 127, 127, 127, 127, 127, 127, 127, 127, 127, 127, 127, 127, 127, 127, 127, 127, 127, 127, 127, 127, 127, 127, 127, 127, 127, 127, 127, 127, 127, 127, 127, 127, 127, 127, 127, 127, 127, 127, 127, 127, 127, 127, 127, 127, 127, 127, 127, 127, 127, 127, 127, 127, 127, 127, 127, 127, 127, 127, 127, 127, 127, 127, 127, 127, 127, 127, 127, 127, 127, 127, 127, 127, 127, 127, 127, 127, 127, 127, 127, 127, 127, 127, 127, 127, 127, 127, 127, 127, 127, 127, 127, 127, 127, 127, 127, 127, 127, 127, 127, 127, 127, 127, 127, 127, 127, 127, 127, 127, 127, 127, 127, 127, 127, 127, 127, 127, 127, 127, 127, 127, 127, 127, 127, 127, 127, 127, 127, 127, 127, 127, 127, 127, 127, 127, 127, 127, 127, 127, 127, 127, 127, 127, 127, 127, 127, 127, 127, 127, 127, 127, 127, 127, 127, 127, 127, 127, 127, 127, 127, 127, 127, 127, 127, 127, 127, 127, 127, 127, 127, 127, 127, 127, 127, 127, 127, 127, 127, 127, 127, 127, 127, 127, 127, 127, 127, 127, 127, 127, 127, 127, 127, 127, 127, 127, 127, 127, 127, 127, 127, 127, 127, 127, 127, 127, 127, 127, 127, 127, 127, 127, 127, 127, 127, 127, 127, 127, 127, 127, 127, 127, 127, 127, 127, 127, 127, 127, 127, 127, 127, 127, 127, 127, 127, 127, 127, 127, 127, 127, 127, 127, 127, 127, 127, 127, 127, 127, 127, 127, 127, 127, 127, 127, 127, 127, 127, 127, 127, 127, 127, 127, 127, 127, 127, 127, 127, 127, 127, 127, 127, 127, 127, 127, 127, 127, 127, 127, 127, 127, 127, 127, 127, 127, 127, 127, 127, 127, 127, 127, 127, 127, 127, 127, 127, 127, 127, 127, 127, 127, 127, 127, 127, 127, 127, 127, 127, 127, 127, 127, 127, 127, 127, 127, 127, 127, 127, 127, 127, 127, 127, 127, 127, 127, 127, 127, 127, 127, 127, 127, 127, 127, 127]

OFFSETS:
  MUL   = 16992
  SHIFT = 16992
  Q6    = 16992

================================================================================
OP_INDEX: 56
TIPO: DEPTHWISE_CONV_2D
NFEAT: 336

INPUT_SCALE: 0.0235294122248888
WEIGHT_SCALES: [0.003986581228673458, 0.004265355411916971, 0.00405023992061615, 0.003894001943990588, 0.004770467523485422, 0.006517968140542507, 0.0028859549202024937, 0.007582823280245066, 0.008036617189645767, 0.006870428565889597, 0.007251963950693607, 0.006006656214594841, 0.0027957314159721136, 0.007456622086465359, 0.007226862013339996, 0.009156133979558945, 0.011699317954480648, 0.005922253243625164, 0.011935006827116013, 0.003494794713333249, 0.00957949087023735, 0.005995474755764008, 0.008594626560807228, 0.012308595702052116, 0.0033234863076359034, 0.007458389736711979, 0.005299712531268597, 0.006591537036001682, 0.00279097817838192, 0.005901510827243328, 0.01126986462622881, 0.005774894263595343, 0.006371114403009415, 0.0049024298787117004, 0.007083145435899496, 0.007931267842650414, 0.003854272421449423, 0.008520376868546009, 0.008391209878027439, 0.0076475078240036964, 0.008486940525472164, 0.007300563622266054, 0.006518820766359568, 0.005416196305304766, 0.002035725163295865, 0.004039425402879715, 0.0038592456839978695, 0.005067409947514534, 0.002704393584281206, 0.009009766392409801, 0.007538620848208666, 0.0027376858051866293, 0.00317312590777874, 0.006567422766238451, 0.005807327106595039, 0.008049622178077698, 0.003995547536760569, 0.006356645375490189, 0.013414678163826466, 0.006899082101881504, 0.009038809686899185, 0.0069409385323524475, 0.004327190574258566, 0.01334702130407095, 0.004730137065052986, 0.004220979288220406, 0.005502942483872175, 0.007137413136661053, 0.005992078222334385, 0.006203422788530588, 0.015805769711732864, 0.006642999593168497, 0.016741082072257996, 0.008580761030316353, 0.005681533366441727, 0.001433399971574545, 0.006291293539106846, 0.021499106660485268, 0.009092300198972225, 0.010097970254719257, 0.0038666652981191874, 0.013626877218484879, 0.0015428599435836077, 0.0036043229047209024, 0.0070280213840305805, 0.009912942536175251, 0.011446019634604454, 0.010288786143064499, 0.0049148621037602425, 0.0055427937768399715, 0.0032764507923275232, 0.009486709721386433, 0.005912918597459793, 0.0029149833135306835, 0.004604875575751066, 0.016671989113092422, 0.009821872226893902, 0.010020637884736061, 0.0029621878638863564, 0.010619275271892548, 0.0029796722810715437, 0.007594469003379345, 0.00801271852105856, 0.017671987414360046, 0.010792922228574753, 0.0011612457456067204, 0.005928938277065754, 0.00463944673538208, 0.008048515766859055, 0.005211780779063702, 0.004118075128644705, 0.007111348677426577, 0.0033290949650108814, 0.0052373469807207584, 0.004607453942298889, 0.004488830920308828, 0.004606710281223059, 0.008996855467557907, 0.0030691390857100487, 0.012146180495619774, 0.0034916952718049288, 0.004089586902409792, 0.0072090281173586845, 0.010622133500874043, 0.003458832623437047, 0.008659918792545795, 0.005830818321555853, 0.18318727612495422, 0.009691261686384678, 0.014229022897779942, 0.016230929642915726, 0.002321495208889246, 0.005865119397640228, 0.008985960856080055, 0.012499937787652016, 0.003911822568625212, 0.01454925537109375, 0.003924067597836256, 0.003600434632971883, 0.002040113089606166, 0.014523496851325035, 0.002870710100978613, 0.0044358293525874615, 0.006418390665203333, 0.001207095105201006, 0.006780398078262806, 0.0071227359585464, 0.005257424898445606, 0.006062102038413286, 0.019986392930150032, 0.0027939353603869677, 0.004774697590619326, 0.007736705243587494, 0.010494733229279518, 0.00849099736660719, 0.0012754278723150492, 0.0070600565522909164, 0.008782630786299706, 0.01554808858782053, 0.006029572803527117, 0.008596818894147873, 0.006344845052808523, 0.0031876948196440935, 0.003716184990480542, 0.005105137825012207, 0.002011190867051482, 0.0017161063151434064, 0.004161303862929344, 0.007659387309104204, 0.006168346386402845, 0.004496263340115547, 0.00403189193457365, 0.0016749122878536582, 0.00913112424314022, 0.003351974068209529, 0.0035429729614406824, 0.005586015991866589, 0.018582625314593315, 0.005407437216490507, 0.009255667217075825, 0.007358315400779247, 0.005844171158969402, 0.007701467722654343, 0.0031608683057129383, 0.019264906644821167, 0.007780506741255522, 0.006871683988720179, 0.009070298634469509, 0.004991977941244841, 0.004018355160951614, 0.006490308791399002, 0.007765051443129778, 0.007056157570332289, 0.0025807619094848633, 0.004702460020780563, 0.00141108816023916, 0.0036399653181433678, 0.012897636741399765, 0.0028401461895555258, 0.019781919196248055, 0.010179707780480385, 0.004682526458054781, 0.0042519401758909225, 0.012136195786297321, 0.007233080454170704, 0.01102440059185028, 0.0090734101831913, 0.007725305389612913, 0.0035558638628572226, 0.01144507247954607, 0.022218599915504456, 0.009234986267983913, 0.006783450022339821, 0.001948460703715682, 0.007579800207167864, 0.0015347911976277828, 0.008036362938582897, 0.0038627067115157843, 0.005389223340898752, 0.012011048384010792, 0.004152080975472927, 0.0019574323669075966, 0.011648508720099926, 0.012594981119036674, 0.007614612113684416, 0.010976358316838741, 0.00816228985786438, 0.009660403244197369, 0.006498024798929691, 0.00822004210203886, 0.011531050316989422, 0.008025242015719414, 0.006965884938836098, 0.0020084248390048742, 0.00714086415246129, 0.008242735639214516, 0.004161593969911337, 0.005933578126132488, 0.010801239870488644, 0.004438137635588646, 0.006986919324845076, 0.00508681358769536, 0.004411236383020878, 0.01238177064806223, 0.006949361879378557, 0.005898738745599985, 0.009283707477152348, 0.0044143060222268105, 0.0033757882192730904, 0.00907593872398138, 0.0015842834254726768, 0.013429033569991589, 0.010209799744188786, 0.0014485925203189254, 0.008543891832232475, 0.004180521704256535, 0.009819074533879757, 0.015282669104635715, 0.005584838334470987, 0.005511076655238867, 0.008059041574597359, 0.002883533015847206, 0.0031367959454655647, 0.005588970612734556, 0.014254635199904442, 0.003563378006219864, 0.010806047357618809, 0.0069840410724282265, 0.007953895255923271, 0.005466955713927746, 0.010594721883535385, 0.012054994702339172, 0.006099284160882235, 0.006286675110459328, 0.004018334671854973, 0.0013322742888703942, 0.006753504276275635, 0.006616905331611633, 0.00752987340092659, 0.010540811344981194, 0.0020375188905745745, 0.0034300500992685556, 0.011686010286211967, 0.003783254185691476, 0.005466551519930363, 0.003493217984214425, 0.008963664062321186, 0.005242681596428156, 0.005152217112481594, 0.005351724568754435, 0.003356321481987834, 0.007995999418199062, 0.00675751268863678, 0.0069473665207624435, 0.006551441270858049, 0.006746394094079733, 0.006781954318284988, 0.002802274189889431, 0.0020962455309927464, 0.004261614754796028, 0.008249045349657536, 0.0186807531863451, 0.005930028855800629, 0.002119932323694229, 0.009491130709648132, 0.005200052168220282, 0.0049818591214716434, 0.00451402273029089, 0.008267806842923164, 0.1805020123720169, 0.008079704828560352, 0.0028978220652788877, 0.004257858265191317, 0.012588941492140293, 0.005427975673228502, 0.010489578358829021, 0.014231113716959953, 0.01339210569858551, 0.009728919714689255, 0.015994537621736526, 0.007224287372082472, 0.007181243970990181, 0.0067487140186131, 0.010809380561113358, 0.00986594520509243, 0.003554128808900714, 0.014426009729504585, 0.0024851388297975063, 0.009382425807416439, 0.009525511413812637, 0.013625464402139187, 0.010744319297373295, 0.00650359969586134, 0.020398924127221107, 0.0038926631677895784, 0.009518614038825035]
OUTPUT_SCALES: [0.0235294122248888]
OUTPUT_ZERO_POINT: -128

REAL_MULTIPLIERS: [0.003986581228673458, 0.004265355411916971, 0.00405023992061615, 0.003894001943990588, 0.004770467523485422, 0.006517968140542507, 0.0028859549202024937, 0.007582823280245066, 0.008036617189645767, 0.006870428565889597, 0.007251963950693607, 0.006006656214594841, 0.0027957314159721136, 0.007456622086465359, 0.007226862013339996, 0.009156133979558945, 0.011699317954480648, 0.005922253243625164, 0.011935006827116013, 0.003494794713333249, 0.00957949087023735, 0.005995474755764008, 0.008594626560807228, 0.012308595702052116, 0.0033234863076359034, 0.007458389736711979, 0.005299712531268597, 0.006591537036001682, 0.00279097817838192, 0.005901510827243328, 0.01126986462622881, 0.005774894263595343, 0.006371114403009415, 0.0049024298787117004, 0.007083145435899496, 0.007931267842650414, 0.003854272421449423, 0.008520376868546009, 0.008391209878027439, 0.0076475078240036964, 0.008486940525472164, 0.007300563622266054, 0.006518820766359568, 0.005416196305304766, 0.002035725163295865, 0.004039425402879715, 0.0038592456839978695, 0.005067409947514534, 0.002704393584281206, 0.009009766392409801, 0.007538620848208666, 0.0027376858051866293, 0.00317312590777874, 0.006567422766238451, 0.005807327106595039, 0.008049622178077698, 0.003995547536760569, 0.006356645375490189, 0.013414678163826466, 0.006899082101881504, 0.009038809686899185, 0.0069409385323524475, 0.004327190574258566, 0.01334702130407095, 0.004730137065052986, 0.004220979288220406, 0.005502942483872175, 0.007137413136661053, 0.005992078222334385, 0.006203422788530588, 0.015805769711732864, 0.006642999593168497, 0.016741082072257996, 0.008580761030316353, 0.005681533366441727, 0.001433399971574545, 0.006291293539106846, 0.021499106660485268, 0.009092300198972225, 0.010097970254719257, 0.0038666652981191874, 0.013626877218484879, 0.0015428599435836077, 0.0036043229047209024, 0.0070280213840305805, 0.009912942536175251, 0.011446019634604454, 0.010288786143064499, 0.0049148621037602425, 0.0055427937768399715, 0.0032764507923275232, 0.009486709721386433, 0.005912918597459793, 0.0029149833135306835, 0.004604875575751066, 0.016671989113092422, 0.009821872226893902, 0.010020637884736061, 0.0029621878638863564, 0.010619275271892548, 0.0029796722810715437, 0.007594469003379345, 0.00801271852105856, 0.017671987414360046, 0.010792922228574753, 0.0011612457456067204, 0.005928938277065754, 0.00463944673538208, 0.008048515766859055, 0.005211780779063702, 0.004118075128644705, 0.007111348677426577, 0.0033290949650108814, 0.0052373469807207584, 0.004607453942298889, 0.004488830920308828, 0.004606710281223059, 0.008996855467557907, 0.0030691390857100487, 0.012146180495619774, 0.0034916952718049288, 0.004089586902409792, 0.0072090281173586845, 0.010622133500874043, 0.003458832623437047, 0.008659918792545795, 0.005830818321555853, 0.18318727612495422, 0.009691261686384678, 0.014229022897779942, 0.016230929642915726, 0.002321495208889246, 0.005865119397640228, 0.008985960856080055, 0.012499937787652016, 0.003911822568625212, 0.01454925537109375, 0.003924067597836256, 0.003600434632971883, 0.002040113089606166, 0.014523496851325035, 0.002870710100978613, 0.0044358293525874615, 0.006418390665203333, 0.001207095105201006, 0.006780398078262806, 0.0071227359585464, 0.005257424898445606, 0.006062102038413286, 0.019986392930150032, 0.0027939353603869677, 0.004774697590619326, 0.007736705243587494, 0.010494733229279518, 0.00849099736660719, 0.0012754278723150492, 0.0070600565522909164, 0.008782630786299706, 0.01554808858782053, 0.006029572803527117, 0.008596818894147873, 0.006344845052808523, 0.0031876948196440935, 0.003716184990480542, 0.005105137825012207, 0.002011190867051482, 0.0017161063151434064, 0.004161303862929344, 0.007659387309104204, 0.006168346386402845, 0.004496263340115547, 0.00403189193457365, 0.0016749122878536582, 0.00913112424314022, 0.003351974068209529, 0.0035429729614406824, 0.005586015991866589, 0.018582625314593315, 0.005407437216490507, 0.009255667217075825, 0.007358315400779247, 0.005844171158969402, 0.007701467722654343, 0.0031608683057129383, 0.019264906644821167, 0.007780506741255522, 0.006871683988720179, 0.009070298634469509, 0.004991977941244841, 0.004018355160951614, 0.006490308791399002, 0.007765051443129778, 0.007056157570332289, 0.0025807619094848633, 0.004702460020780563, 0.00141108816023916, 0.0036399653181433678, 0.012897636741399765, 0.0028401461895555258, 0.019781919196248055, 0.010179707780480385, 0.004682526458054781, 0.0042519401758909225, 0.012136195786297321, 0.007233080454170704, 0.01102440059185028, 0.0090734101831913, 0.007725305389612913, 0.0035558638628572226, 0.01144507247954607, 0.022218599915504456, 0.009234986267983913, 0.006783450022339821, 0.001948460703715682, 0.007579800207167864, 0.0015347911976277828, 0.008036362938582897, 0.0038627067115157843, 0.005389223340898752, 0.012011048384010792, 0.004152080975472927, 0.0019574323669075966, 0.011648508720099926, 0.012594981119036674, 0.007614612113684416, 0.010976358316838741, 0.00816228985786438, 0.009660403244197369, 0.006498024798929691, 0.00822004210203886, 0.011531050316989422, 0.008025242015719414, 0.006965884938836098, 0.0020084248390048742, 0.00714086415246129, 0.008242735639214516, 0.004161593969911337, 0.005933578126132488, 0.010801239870488644, 0.004438137635588646, 0.006986919324845076, 0.00508681358769536, 0.004411236383020878, 0.01238177064806223, 0.006949361879378557, 0.005898738745599985, 0.009283707477152348, 0.0044143060222268105, 0.0033757882192730904, 0.00907593872398138, 0.0015842834254726768, 0.013429033569991589, 0.010209799744188786, 0.0014485925203189254, 0.008543891832232475, 0.004180521704256535, 0.009819074533879757, 0.015282669104635715, 0.005584838334470987, 0.005511076655238867, 0.008059041574597359, 0.002883533015847206, 0.0031367959454655647, 0.005588970612734556, 0.014254635199904442, 0.003563378006219864, 0.010806047357618809, 0.0069840410724282265, 0.007953895255923271, 0.005466955713927746, 0.010594721883535385, 0.012054994702339172, 0.006099284160882235, 0.006286675110459328, 0.004018334671854973, 0.0013322742888703942, 0.006753504276275635, 0.006616905331611633, 0.00752987340092659, 0.010540811344981194, 0.0020375188905745745, 0.0034300500992685556, 0.011686010286211967, 0.003783254185691476, 0.005466551519930363, 0.003493217984214425, 0.008963664062321186, 0.005242681596428156, 0.005152217112481594, 0.005351724568754435, 0.003356321481987834, 0.007995999418199062, 0.00675751268863678, 0.0069473665207624435, 0.006551441270858049, 0.006746394094079733, 0.006781954318284988, 0.002802274189889431, 0.0020962455309927464, 0.004261614754796028, 0.008249045349657536, 0.0186807531863451, 0.005930028855800629, 0.002119932323694229, 0.009491130709648132, 0.005200052168220282, 0.0049818591214716434, 0.00451402273029089, 0.008267806842923164, 0.1805020123720169, 0.008079704828560352, 0.0028978220652788877, 0.004257858265191317, 0.012588941492140293, 0.005427975673228502, 0.010489578358829021, 0.014231113716959953, 0.01339210569858551, 0.009728919714689255, 0.015994537621736526, 0.007224287372082472, 0.007181243970990181, 0.0067487140186131, 0.010809380561113358, 0.00986594520509243, 0.003554128808900714, 0.014426009729504585, 0.0024851388297975063, 0.009382425807416439, 0.009525511413812637, 0.013625464402139187, 0.010744319297373295, 0.00650359969586134, 0.020398924127221107, 0.0038926631677895784, 0.009518614038825035]

MULTIPLIERS: [1095823104, 1172451968, 1113321472, 2140750208, 1311296128, 1791645440, 1586570496, 2084350592, 1104544256, 1888529024, 1993404672, 1651097088, 1536969600, 2049660672, 1986504704, 1258409472, 1607942016, 1627896576, 1640334848, 1921283712, 1316595200, 1648023552, 1181236480, 1691680512, 1827105920, 2050146560, 1456773888, 1811867904, 1534356480, 1622194944, 1548918400, 1587390848, 1751278592, 1347569664, 1947000192, 1090065152, 2118908672, 1171031680, 1153279104, 2102130944, 1166436224, 2006763648, 1791879808, 1488792704, 1119151744, 1110348800, 2121642752, 1392919040, 1486756096, 1238292864, 2072200320, 1505058688, 1744444416, 1805239424, 1596305920, 1106331648, 1098287744, 1747301376, 1843699328, 1896405248, 1242284544, 1907910656, 1189449088, 1834400640, 1300210176, 1160253952, 1512637312, 1961917184, 1647089920, 1705183872, 1086164224, 1826013824, 1150438400, 1179330816, 1561728000, 1576039936, 1729337600, 1477407360, 1249636224, 1387854464, 2125721728, 1872863744, 1696392448, 1981497472, 1931847808, 1362424448, 1573128960, 1414080000, 1350987008, 1523591552, 1801247872, 1303843456, 1625330688, 1602529024, 1265778560, 1145690368, 1349907840, 1377225984, 1628480000, 1459502080, 1638092160, 2087551744, 1101259648, 1214409728, 1483367936, 1276803200, 1629734144, 1275281408, 1106179584, 1432603392, 1131967872, 1954752640, 1830189312, 1439630976, 1266487296, 1233880448, 1266282880, 1236518400, 1687277056, 1669358336, 1919579776, 1124137088, 1981602560, 1459894912, 1901513344, 1190210176, 1602763136, 1573566720, 1331956864, 1955622016, 1115380992, 1276255488, 1612191744, 1235021056, 1717978368, 1075273600, 1999634432, 1078639488, 1979359872, 1121564032, 1996094208, 1578189568, 1219311488, 1764273792, 1327215104, 1863781632, 1957882752, 1445149952, 1666337920, 1373454464, 1535982208, 1312458880, 2126649344, 1442385152, 1166993792, 1402347776, 1940653568, 1207075584, 2136913024, 1657396352, 1181537792, 1744057728, 1752453760, 2042994304, 1403289600, 1105663872, 1886878848, 1143850496, 2105396352, 1695542144, 1235923456, 1108278016, 1841585536, 1254972160, 1842767232, 1947769984, 1535472384, 1276988288, 1486385024, 1272089216, 2022638336, 1606433536, 2116963328, 1737705728, 1323874304, 2138689408, 1888874112, 1246612352, 1372184448, 1104557056, 1784042496, 2134441088, 1939581824, 1418788864, 1292602368, 1551507840, 2001092096, 1772637696, 1561386880, 1359403136, 1399088384, 1287123072, 1168764416, 1667986048, 1988214016, 1515182080, 1247040000, 2123515776, 1954856832, 1572998784, 1526850560, 1269246848, 1864620544, 2142355200, 2083519616, 1687520768, 1104509312, 2123545472, 1481378432, 1650785920, 1141315328, 1076109824, 1600958848, 1731041024, 2093088640, 1508579200, 1121816576, 1327715712, 1786163456, 1129753984, 1584815488, 1102980864, 1914767872, 1104143232, 1962865792, 1132872960, 1143930240, 1631009536, 1484511104, 1219945984, 1920549760, 1398252672, 1212551424, 1701737600, 1910226048, 1621432960, 1275943040, 1213395200, 1855859200, 1247387520, 1741938048, 1845672320, 1403224192, 1592744320, 1174263552, 1149133056, 1349523328, 2100434048, 1535148672, 1514873216, 1107626240, 1585239040, 1724471808, 1536284544, 1959142144, 1958987776, 1485171840, 1919758592, 1093175040, 1502745344, 1456127488, 1656825856, 1676558464, 1728068096, 1104551424, 1464851072, 1856389120, 1818841088, 2069795840, 1448718080, 1120137856, 1885689984, 1606113024, 2079865984, 1502634240, 1920416896, 1231956608, 1441097344, 1416230656, 1471070848, 1845157248, 1098961792, 1857490944, 1909677568, 1800846464, 1854434688, 1864209408, 1540566528, 1152423168, 1171423744, 1133740160, 1283731584, 1630033920, 1165445120, 1304451072, 1429379456, 1369403008, 1240805120, 1136318720, 1550500480, 1110466176, 1593094528, 1170391168, 1730210944, 1492030592, 1441676672, 1955909376, 1840596992, 1337132544, 1099136256, 1985796992, 1973965312, 1855072384, 1485629952, 1355965184, 1953902976, 1982695680, 1366219520, 1289510784, 1309176320, 1872669568, 1476688000, 1787695872, 1401803392, 2140014208, 1308228352]
SHIFTS: [-7, -7, -7, -8, -7, -7, -8, -7, -6, -7, -7, -7, -8, -7, -7, -6, -6, -7, -6, -8, -6, -7, -6, -6, -8, -7, -7, -7, -8, -7, -6, -7, -7, -7, -7, -6, -8, -6, -6, -7, -6, -7, -7, -7, -8, -7, -8, -7, -8, -6, -7, -8, -8, -7, -7, -6, -7, -7, -6, -7, -6, -7, -7, -6, -7, -7, -7, -7, -7, -7, -5, -7, -5, -6, -7, -9, -7, -5, -6, -6, -8, -6, -9, -8, -7, -6, -6, -6, -7, -7, -8, -6, -7, -8, -7, -5, -6, -6, -8, -6, -8, -7, -6, -5, -6, -9, -7, -7, -6, -7, -7, -7, -8, -7, -7, -7, -7, -6, -8, -6, -8, -7, -7, -6, -8, -6, -7, -2, -6, -6, -5, -8, -7, -6, -6, -7, -6, -7, -8, -8, -6, -8, -7, -7, -9, -7, -7, -7, -7, -5, -8, -7, -7, -6, -6, -9, -7, -6, -6, -7, -6, -7, -8, -8, -7, -8, -9, -7, -7, -7, -7, -7, -9, -6, -8, -8, -7, -5, -7, -6, -7, -7, -7, -8, -5, -7, -7, -6, -7, -7, -7, -7, -7, -8, -7, -9, -8, -6, -8, -5, -6, -7, -7, -6, -7, -6, -6, -7, -8, -6, -5, -6, -7, -9, -7, -9, -6, -8, -7, -6, -7, -8, -6, -6, -7, -6, -6, -6, -7, -6, -6, -6, -7, -8, -7, -6, -7, -7, -6, -7, -7, -7, -7, -6, -7, -7, -6, -7, -8, -6, -9, -6, -6, -9, -6, -7, -6, -6, -7, -7, -6, -8, -8, -7, -6, -8, -6, -7, -6, -7, -6, -6, -7, -7, -7, -9, -7, -7, -7, -6, -8, -8, -6, -8, -7, -8, -6, -7, -7, -7, -8, -6, -7, -7, -7, -7, -7, -8, -8, -7, -6, -5, -7, -8, -6, -7, -7, -7, -6, -2, -6, -8, -7, -6, -7, -6, -6, -6, -6, -5, -7, -7, -7, -6, -6, -8, -6, -8, -6, -6, -6, -6, -7, -5, -8, -6]
Q6: [127, 127, 127, 127, 127, 127, 127, 127, 127, 127, 127, 127, 127, 127, 127, 127, 127, 127, 127, 127, 127, 127, 127, 127, 127, 127, 127, 127, 127, 127, 127, 127, 127, 127, 127, 127, 127, 127, 127, 127, 127, 127, 127, 127, 127, 127, 127, 127, 127, 127, 127, 127, 127, 127, 127, 127, 127, 127, 127, 127, 127, 127, 127, 127, 127, 127, 127, 127, 127, 127, 127, 127, 127, 127, 127, 127, 127, 127, 127, 127, 127, 127, 127, 127, 127, 127, 127, 127, 127, 127, 127, 127, 127, 127, 127, 127, 127, 127, 127, 127, 127, 127, 127, 127, 127, 127, 127, 127, 127, 127, 127, 127, 127, 127, 127, 127, 127, 127, 127, 127, 127, 127, 127, 127, 127, 127, 127, 127, 127, 127, 127, 127, 127, 127, 127, 127, 127, 127, 127, 127, 127, 127, 127, 127, 127, 127, 127, 127, 127, 127, 127, 127, 127, 127, 127, 127, 127, 127, 127, 127, 127, 127, 127, 127, 127, 127, 127, 127, 127, 127, 127, 127, 127, 127, 127, 127, 127, 127, 127, 127, 127, 127, 127, 127, 127, 127, 127, 127, 127, 127, 127, 127, 127, 127, 127, 127, 127, 127, 127, 127, 127, 127, 127, 127, 127, 127, 127, 127, 127, 127, 127, 127, 127, 127, 127, 127, 127, 127, 127, 127, 127, 127, 127, 127, 127, 127, 127, 127, 127, 127, 127, 127, 127, 127, 127, 127, 127, 127, 127, 127, 127, 127, 127, 127, 127, 127, 127, 127, 127, 127, 127, 127, 127, 127, 127, 127, 127, 127, 127, 127, 127, 127, 127, 127, 127, 127, 127, 127, 127, 127, 127, 127, 127, 127, 127, 127, 127, 127, 127, 127, 127, 127, 127, 127, 127, 127, 127, 127, 127, 127, 127, 127, 127, 127, 127, 127, 127, 127, 127, 127, 127, 127, 127, 127, 127, 127, 127, 127, 127, 127, 127, 127, 127, 127, 127, 127, 127, 127, 127, 127, 127, 127, 127, 127, 127, 127, 127, 127, 127, 127, 127, 127, 127, 127, 127, 127]

OFFSETS:
  MUL   = 18336
  SHIFT = 18336
  Q6    = 18336

================================================================================
OP_INDEX: 57
TIPO: CONV_2D
NFEAT: 56

INPUT_SCALE: 0.0235294122248888
WEIGHT_SCALES: [0.006004514172673225, 0.006672288756817579, 0.0075259641744196415, 0.011787718161940575, 0.010811427608132362, 0.011334644630551338, 0.008355858735740185, 0.006288899574428797, 0.016605764627456665, 0.007369942497462034, 0.01625916175544262, 0.017795192077755928, 0.00704930629581213, 0.010395390912890434, 0.021041570231318474, 0.006864215712994337, 0.008627906441688538, 0.009934168308973312, 0.01113484613597393, 0.011730756610631943, 0.011761287227272987, 0.01130280178040266, 0.009016536176204681, 0.007169374264776707, 0.01562911830842495, 0.009375156834721565, 0.00883254874497652, 0.022451287135481834, 0.009491574950516224, 0.013603302650153637, 0.013262934051454067, 0.019815586507320404, 0.008827341720461845, 0.011305060237646103, 0.008206081576645374, 0.014803512021899223, 0.005457727238535881, 0.023198174312710762, 0.005911354906857014, 0.017302898690104485, 0.008570591919124126, 0.017877688631415367, 0.004735969007015228, 0.008470072411000729, 0.012854507192969322, 0.018218044191598892, 0.006430936977267265, 0.008358840830624104, 0.010580864734947681, 0.007810387294739485, 0.012674505822360516, 0.013405994512140751, 0.014385713264346123, 0.012731337919831276, 0.010558334179222584, 0.00998570118099451]
OUTPUT_SCALES: [0.2813624143600464]
OUTPUT_ZERO_POINT: -9

REAL_MULTIPLIERS: [0.000502137748214737, 0.0005579815377961337, 0.000629371601933518, 0.0009857680545354791, 0.0009041240903120887, 0.0009478790070147196, 0.0006987729513671941, 0.0005259199629212284, 0.001388685415276945, 0.0006163240228476483, 0.001359700158406378, 0.001488153316323162, 0.0005895102731149317, 0.0008693323114410804, 0.0017596372314252684, 0.0005740317571519154, 0.0007215234051996768, 0.0008307617838185978, 0.0009311705168223935, 0.0009810045475661551, 0.0009835577225026906, 0.0009452160943109467, 0.0007540232301925701, 0.0005995511619919993, 0.0013070116995793993, 0.0007840134949754382, 0.0007386369671644672, 0.0018775272141150243, 0.0007937491586503741, 0.0011375994068127332, 0.0011091355016908445, 0.0016571122495844417, 0.0007382015208503262, 0.0009454049616534243, 0.0006862475807478446, 0.0012379689644461099, 0.0004564117574076023, 0.0019399869293491088, 0.000494347145575279, 0.0014469844413688296, 0.000716730380406518, 0.0014950522314558054, 0.00039605349315691103, 0.0007083242649391838, 0.001074980108409685, 0.0015235150462095315, 0.0005377980832108214, 0.0006990223341427046, 0.0008848428764397377, 0.0006531569709193376, 0.001059927186505625, 0.0011210991769394936, 0.0012030298301062491, 0.0010646798676767616, 0.0008829587202544937, 0.000835071308215014]

MULTIPLIERS: [1104212586, 1227014378, 1384002789, 1083863438, 1988189901, 2084407980, 1536617970, 1156510229, 1526875761, 1355310859, 1495006134, 1636241875, 1296346800, 1911681970, 1934741597, 1262309183, 1586646747, 1826864482, 2047665621, 1078625907, 1081433152, 2078552173, 1658114618, 1318426948, 1437074561, 1724063908, 1624279868, 2064363003, 1745472859, 1250803776, 1219507381, 1822014187, 1623322312, 2078967497, 1509074389, 1361161271, 2007320137, 2133038187, 1087080869, 1590976218, 1576106774, 1643827313, 1741861684, 1557621531, 1181953129, 1675122508, 1182630492, 1537166369, 1945790063, 1436307369, 1165402266, 1232661581, 1322745287, 1170627894, 1941646760, 1836341227]
SHIFTS: [-10, -10, -10, -9, -10, -10, -10, -10, -9, -10, -9, -9, -10, -10, -9, -10, -10, -10, -10, -9, -9, -10, -10, -10, -9, -10, -10, -9, -10, -9, -9, -9, -10, -10, -10, -9, -11, -9, -10, -9, -10, -9, -11, -10, -9, -9, -10, -10, -10, -10, -9, -9, -9, -9, -10, -10]
Q6: [12, 12, 12, 12, 12, 12, 12, 12, 12, 12, 12, 12, 12, 12, 12, 12, 12, 12, 12, 12, 12, 12, 12, 12, 12, 12, 12, 12, 12, 12, 12, 12, 12, 12, 12, 12, 12, 12, 12, 12, 12, 12, 12, 12, 12, 12, 12, 12, 12, 12, 12, 12, 12, 12, 12, 12]

OFFSETS:
  MUL   = 19680
  SHIFT = 19680
  Q6    = 19680

================================================================================
OP_INDEX: 59
TIPO: CONV_2D
NFEAT: 336

INPUT_SCALE: 0.2813624143600464
WEIGHT_SCALES: [0.0006649402785114944, 0.0007016371819190681, 0.0006823450676165521, 0.00038752934779040515, 0.0010318420827388763, 0.001696089399047196, 0.0012214476009830832, 0.0004119074728805572, 0.000776986125856638, 0.0006520307506434619, 0.0007898997864685953, 0.0005561304278671741, 0.000725434860214591, 0.0007528444984927773, 0.000570882810279727, 0.0007315912516787648, 0.0007319690776057541, 0.0005577296251431108, 0.0006917889695614576, 0.000748686958104372, 0.0006801199051551521, 0.0007849588291719556, 0.0006584516959264874, 0.0004536891356110573, 0.0008272877312265337, 0.0010672510834410787, 0.00041948974831029773, 0.0007390722166746855, 0.0004609463212545961, 0.0006863683229312301, 0.0008935623336583376, 0.0007655819645151496, 0.0008401669329032302, 0.000964007806032896, 0.0006039122818037868, 0.0007070221472531557, 0.0006653124000877142, 0.0010880768531933427, 0.0006344555877149105, 0.0005510462215170264, 0.0006192507571540773, 0.0006442319136112928, 0.0007987476419657469, 0.0007824029889889061, 0.0007424805662594736, 0.0005568764754571021, 0.0008408682770095766, 0.0009031985537149012, 0.0007894692244008183, 0.0006747341831214726, 0.000268580304691568, 0.0008293256396427751, 0.0006266394047997892, 0.0009253065218217671, 0.0004643349093385041, 0.0008749538101255894, 0.0007463135989382863, 0.0007135902997106314, 0.0007052310393191874, 0.0005086322780698538, 0.0006267601856961846, 0.000617068784777075, 0.0005208669463172555, 0.0005122447619214654, 0.0009067363571375608, 0.0006690305308438838, 0.0007627886370755732, 0.00032541804830543697, 0.0008087654714472592, 0.001101383357308805, 0.0008099450496956706, 0.0005581793375313282, 0.0005641504540108144, 0.0004897693870589137, 0.0009046258055604994, 0.0008677616133354604, 0.0006496286951005459, 0.0006111497059464455, 0.0005427730502560735, 0.0009012096561491489, 0.0008865157142281532, 0.0010000334586948156, 0.0014974242076277733, 0.001025223988108337, 0.0005524339503608644, 0.0005018217489123344, 0.0006486981292255223, 0.0006214958266355097, 0.0004932566662319005, 0.0008064733119681478, 0.0007182647241279483, 0.0007632864871993661, 0.0005514384247362614, 0.000708598701748997, 0.00079065264435485, 0.0006732720066793263, 0.0007120525115169585, 0.0008881025132723153, 0.000682998972479254, 0.0005107492324896157, 0.0005839763325639069, 0.0006604923983104527, 0.0010148006258532405, 0.000852219935040921, 0.0007370282546617091, 0.0009174799197353423, 0.0006176051683723927, 0.000966439547482878, 0.0007404366042464972, 0.0008296562009491026, 0.00039716088213026524, 0.0007663253927603364, 0.0005548582994379103, 0.0006955345743335783, 0.0005433241021819413, 0.000794643652625382, 0.0007300672004930675, 0.0009290980524383485, 0.0008731738198548555, 0.0007790510426275432, 0.0007122164824977517, 0.0006496662390418351, 0.0006310648750513792, 0.0006980012403801084, 0.0011033689370378852, 0.0008455868810415268, 0.001059798989444971, 0.0008595703984610736, 0.0007392800180241466, 0.0005228102672845125, 0.000836299208458513, 0.0005055915680713952, 0.000738660164643079, 0.0005357160698622465, 0.0003413863596506417, 0.000769502017647028, 0.0006515213171951473, 0.0006481357850134373, 0.0009932484244927764, 0.0005974641535431147, 0.0005079153925180435, 0.0006440321449190378, 0.0011980341514572501, 0.0007443932117894292, 0.0007645729929208755, 0.0008629985968582332, 0.0007776676211506128, 0.0005717951571568847, 0.0008317836909554899, 0.0010040400084108114, 0.00048461832921020687, 0.0007265011081472039, 0.0009660912328399718, 0.0006104922504164279, 0.000715815054718405, 0.0005773053853772581, 0.0005395496846176684, 0.0007730299257673323, 0.0008862834656611085, 0.0006451529334299266, 0.0005049113533459604, 0.0008896293002180755, 0.0010158185614272952, 0.0005213829572312534, 0.0006666505942121148, 0.0004966083215549588, 0.0012062093010172248, 0.000834634352941066, 0.0007221339619718492, 0.0009476802661083639, 0.0006136802257969975, 0.0009166725794784725, 0.0009257923229597509, 0.00081584881991148, 0.0005824693944305182, 0.0007899929187260568, 0.0007081246585585177, 0.0006237251218408346, 0.0006963793421164155, 0.0007158592343330383, 0.0006192934815771878, 0.0012883666204288602, 0.0007644848083145916, 0.0011048807064071298, 0.0006988706300035119, 0.0016645152354612947, 0.0006124029750935733, 0.0005761178326793015, 0.0005902366829104722, 0.0007354815606959164, 0.000516422267537564, 0.0005960081471130252, 0.0006981016485951841, 0.0004966252599842846, 0.0008808944257907569, 0.0006731220637448132, 0.0023691195528954268, 0.0006153880385681987, 0.0006232005544006824, 0.0006243691314011812, 0.0008073897333815694, 0.0010309397475793958, 0.0008432955364696681, 0.0006954643176868558, 0.0006461467128247023, 0.001237629447132349, 0.0008223797776736319, 0.0005952493520453572, 0.0005784654640592635, 0.00047910751891322434, 0.0007281992002390325, 0.0005200597806833684, 0.000477403198601678, 0.0006553486455231905, 0.0005547984619624913, 0.0005771591095253825, 0.0008327788673341274, 0.0006448639906011522, 0.00036707971594296396, 0.0013325391337275505, 0.0006791321211494505, 0.0008541470160707831, 0.0006411985377781093, 0.0006564129143953323, 0.0007730436627753079, 0.0007835862343199551, 0.0006455513648688793, 0.0009280522936023772, 0.0010667558526620269, 0.0010185865685343742, 0.0014743218198418617, 0.0009656815673224628, 0.0007533603347837925, 0.0006726727588102221, 0.0008569830097258091, 0.0005153596284799278, 0.0008041919791139662, 0.000872890290338546, 0.0008216716232709587, 0.0005795761244371533, 0.0006649067508988082, 0.0007662393618375063, 0.000752572319470346, 0.0005786335677839816, 0.0005732288118451834, 0.0009738713270053267, 0.0010180409299209714, 0.0007430104305967689, 0.00079192133853212, 0.0010527493432164192, 0.0007440099725499749, 0.0009008998749777675, 0.0007418414461426437, 0.0009428259800188243, 0.0005554371164180338, 0.0006758459494449198, 0.0005959613481536508, 0.0006964534986764193, 0.0007224155706353486, 0.000700930948369205, 0.0007383791962638497, 0.0006590167758986354, 0.0007068226113915443, 0.0005311210406944156, 0.0005404299590736628, 0.0008274185238406062, 0.0006979000754654408, 0.0007115774787962437, 0.00045073599903844297, 0.0010233415523543954, 0.0008540228009223938, 0.000854324025567621, 0.0006314110360108316, 0.0009409775375388563, 0.0006152119603939354, 0.0006033758982084692, 0.000726023456081748, 0.0009334191563539207, 0.000657502852845937, 0.0008735554874874651, 0.0005718720494769514, 0.0005827210261486471, 0.0009951452957466245, 0.0011103133438155055, 0.000857610662933439, 0.0008587014162912965, 0.0007484618108719587, 0.0005938700633123517, 0.0010011321865022182, 0.0005589908105321229, 0.0011637533316388726, 0.000691585591994226, 0.0006090041715651751, 0.0004874364531133324, 0.0008569139172323048, 0.0006685436819680035, 0.0005932959029451013, 0.0007423193892464042, 0.0007524426328018308, 0.0005995317478664219, 0.0010298789711669087, 0.000596970843616873, 0.0013417761074379086, 0.0011379476636648178, 0.0008261798648163676, 0.0005103235016576946, 0.0008949760813266039, 0.0006799369002692401, 0.0005645584315061569, 0.0008377734338864684, 0.000847703660838306, 0.000654683681204915, 0.0007077237823978066, 0.0007923412485979497, 0.000655554817058146, 0.0006246514385566115, 0.0006450929795391858, 0.0006529765669256449, 0.000604666885919869, 0.0006776911322958767, 0.000966912426520139, 0.00054059864487499, 0.0006470021326094866, 0.0009280264494009316, 0.0014496106887236238, 0.0006949927774257958, 0.0004989245207980275, 0.0007888039690442383, 0.00099334423430264, 0.0007020909106358886, 0.0005758300540037453, 0.0006072219694033265, 0.00039745241519995034, 0.0006620276835747063, 0.0005242477636784315, 0.0007953707245178521]
OUTPUT_SCALES: [0.0235294122248888]
OUTPUT_ZERO_POINT: -128

REAL_MULTIPLIERS: [0.007951290936597967, 0.008390108925063089, 0.008159415705598635, 0.004634038108880036, 0.012338666893285773, 0.02028167145550762, 0.014605951170482799, 0.004925549348828522, 0.009291124240835799, 0.007796920062626206, 0.00944554453375596, 0.006650153364999037, 0.008674679238906687, 0.009002441017610554, 0.006826560913708137, 0.008748296767026377, 0.0087528147725766, 0.006669276409905343, 0.008272344963108412, 0.008952725555519929, 0.008132807430113511, 0.009386461048756622, 0.007873701099485037, 0.0054251703928848505, 0.00989262592722682, 0.012762084266929721, 0.005016217458208579, 0.008837753416129102, 0.005511951110337932, 0.008207525399887014, 0.010685131153143176, 0.0091547543928292, 0.010046634163563136, 0.011527511234659784, 0.007221524109737984, 0.00845450181482858, 0.007955740730078568, 0.013011116788541345, 0.007586757980076702, 0.006589356921802334, 0.007404940100580067, 0.007703662330745826, 0.009551346326031676, 0.009355898561357955, 0.00887851012772875, 0.006659074529247568, 0.010055020767919112, 0.01080036013185738, 0.009440395914582489, 0.008068405491808173, 0.0032116570637341366, 0.009916995037120343, 0.007493292827821345, 0.011064725056220553, 0.0055524715158392435, 0.010462612245369034, 0.008924345158307666, 0.008533043140708595, 0.008433083921008533, 0.006082175126661536, 0.007494737113989379, 0.007378848287907804, 0.006228476095171998, 0.006125372855895545, 0.01084266483981255, 0.008000201774683652, 0.009121352056001336, 0.003891317253165454, 0.009671138552995343, 0.013170234665725634, 0.00968524383453521, 0.006674654026741119, 0.00674605605468112, 0.005856614517415437, 0.010817427070093625, 0.010376608658280585, 0.007768196516941249, 0.00730806852109273, 0.006490427147520356, 0.01077657708892939, 0.010600868365913162, 0.011958302472238266, 0.01790605249091898, 0.012259528363775793, 0.006605951247841908, 0.006000735483864076, 0.007757068901052877, 0.007431786422267344, 0.005898315061325377, 0.009643729133712914, 0.00858893945155688, 0.009127305299179747, 0.006594046849609668, 0.008473354099580974, 0.009454547134863121, 0.00805092092865587, 0.008514654419613025, 0.010619843153974268, 0.008167235036110299, 0.006107489460948405, 0.006983131974945997, 0.007898103619371846, 0.012134886815495164, 0.01019076278646857, 0.008813311917916794, 0.010971135312531907, 0.007385262310576931, 0.01155658976152339, 0.008854068629516442, 0.009920947856950834, 0.004749211056251336, 0.009163644235209026, 0.0066349413774316164, 0.008317134539314128, 0.006497016572654228, 0.009502271222145675, 0.008730072311731122, 0.011110063809190888, 0.0104413272954806, 0.00931581631399774, 0.008516615168593918, 0.007768645463726011, 0.007546212169059662, 0.008346630691093794, 0.013193978034286598, 0.010111445374286212, 0.012672972854424272, 0.010278658910468289, 0.008840238284379647, 0.006251714137584531, 0.010000384292234269, 0.006045814613344927, 0.00883282613816114, 0.006406040464898579, 0.0040822647613478836, 0.00920163000549063, 0.007790828307183971, 0.007750344443862813, 0.011877167695629529, 0.007144418021486155, 0.006073602679217914, 0.007701273516225972, 0.014325975426757368, 0.008901381356256679, 0.009142689209004278, 0.010319652972228564, 0.009299273495031148, 0.0068374706685986305, 0.009946388174754048, 0.012006212402608466, 0.005795018670525247, 0.008687429327593945, 0.011552424649027237, 0.007300206732047934, 0.008559646543903031, 0.006903361439729716, 0.006451882455892763, 0.00924381638638625, 0.010598091160221375, 0.007714675795823808, 0.0060376806720631665, 0.010638100323221279, 0.012147059189715207, 0.006234646503306758, 0.007971742724778864, 0.005938393828477958, 0.014423733067108277, 0.009980476112485773, 0.008635207419965445, 0.011332268106194933, 0.007338328230427254, 0.010961481216555694, 0.011070534218802924, 0.009755840542428744, 0.0069651121558596115, 0.009446658200198781, 0.00846768553738701, 0.007458444116700867, 0.00832723618999205, 0.008560174839421845, 0.007405450995060712, 0.015406162272141956, 0.009141634706091232, 0.013212055624819705, 0.008357026767337537, 0.019904110689729915, 0.007323054991205479, 0.006889160800500683, 0.007057992633232486, 0.008794816702467628, 0.0061753270602298484, 0.007127007238735688, 0.008347831362727461, 0.005938596376562247, 0.01053364954754901, 0.008049127925682926, 0.028329700331619783, 0.007358750088822501, 0.007452171390461672, 0.00746614512015298, 0.009654687611510282, 0.012327876857537882, 0.010084045699585159, 0.008316294417191325, 0.007726559312810244, 0.014799452107006162, 0.009833937097773159, 0.007117933641392796, 0.006917233547358117, 0.005729120938978894, 0.008707734947054221, 0.006218824087320366, 0.005708740843075252, 0.007836595125693265, 0.006634225846742103, 0.006901612287372959, 0.009958288396737127, 0.007711220645684952, 0.004389503407614359, 0.015934372873889338, 0.008120995605404331, 0.010213806633295136, 0.007667389518661589, 0.007849321548968611, 0.009243980652186566, 0.009370047693514008, 0.007719440200074505, 0.011097558727121051, 0.012756162345620015, 0.012180158748478928, 0.017629796393112577, 0.011547525908761874, 0.009008609337620732, 0.008043755181137837, 0.010247719168562116, 0.006162620126117251, 0.009616449178154464, 0.010437936877203733, 0.009825469056558551, 0.006930514715730295, 0.007950890016678551, 0.00916261548583247, 0.008999186327431406, 0.00691924371528741, 0.006854614171402821, 0.011645458255536, 0.012173634055207046, 0.00888484619374688, 0.009469718055980462, 0.012588673873034866, 0.008896798618844466, 0.010772872755923955, 0.008870867591764885, 0.011274221027028946, 0.006641862814373754, 0.008081699884969361, 0.00712644762134817, 0.008328122946897148, 0.008638574868871927, 0.008381663853218865, 0.008829466345711452, 0.00788045827062686, 0.008452115784474834, 0.006351093554692799, 0.006462408691902011, 0.009894189932537458, 0.00834542097092028, 0.008508974024713106, 0.005389857074045257, 0.012237018380800255, 0.010212321280677021, 0.010215923295578024, 0.007550351528019326, 0.011252117532305038, 0.007356644563204041, 0.007215110087068857, 0.008681717610825321, 0.011161735147971719, 0.007862354926557262, 0.01044589123977159, 0.006838390139455485, 0.006968121143379811, 0.011899850296903705, 0.013277018572595615, 0.01025522458434521, 0.010268267706515235, 0.008950033266894407, 0.007101440241374604, 0.011971440952097458, 0.006684357541665732, 0.013916048729985154, 0.0082699129940139, 0.007282412430416219, 0.005828717521043512, 0.010246892967269848, 0.0079943800833538, 0.007094574487754607, 0.008876582788741141, 0.008997635546909777, 0.007169142112558329, 0.01231519219675414, 0.007138519069546833, 0.016044827703771473, 0.013607467071592789, 0.009879378168847926, 0.006102398613221655, 0.010702036609745212, 0.008130619075553368, 0.0067509346097422065, 0.010018012935982612, 0.010136757620448501, 0.007828643547291516, 0.00846289189939219, 0.009474739299554535, 0.00783906050478106, 0.007469520921557784, 0.007713958873051241, 0.007808230041394589, 0.007230547592090949, 0.00810376440136777, 0.011562244402886819, 0.006464425820246571, 0.007736788339087563, 0.011097249684683168, 0.017334303099589474, 0.008310655784783013, 0.005966090712910939, 0.009432440855973105, 0.011878313379982582, 0.008395534568764212, 0.006885719571192364, 0.007261101030949769, 0.004752697180238131, 0.007916462410681765, 0.006268903579129488, 0.00951096547685648]

MULTIPLIERS: [1092817105, 1153127790, 1121421556, 1273794696, 1695813465, 1393745850, 2007426643, 1353924696, 1276962392, 2143201067, 1298185756, 1827980238, 1192238836, 1237286072, 1876470776, 1202356752, 1202977702, 1833236740, 1136942434, 1230453231, 1117764542, 1290065383, 1082153239, 1491259482, 1359632155, 1754007506, 1378847356, 1214651581, 1515113584, 1128033702, 1468553243, 1258219863, 1380798885, 1584329080, 1985037432, 1161977882, 1093428680, 1788234275, 2085432154, 1811268639, 2035454436, 2117566577, 1312727043, 1285864907, 1220253140, 1830432469, 1381951531, 1484390194, 1297478135, 1108913207, 1765627143, 1362981419, 2059740649, 1520724232, 1526251749, 1437970478, 1226552659, 1172772519, 1159034229, 1671855568, 2060137651, 2028282373, 1712070472, 1683729670, 1490204508, 1099539359, 1253629081, 2139274284, 1329191162, 1810103269, 1331129777, 1834714928, 1854341768, 1609853940, 1486735856, 1426150235, 2135305599, 2008826579, 1784075029, 1481121477, 1456972254, 1643536577, 1230494558, 1684936748, 1815830052, 1649469610, 2132246864, 2042833897, 1621316499, 1325424040, 1180454850, 1254447288, 1812557796, 1164568920, 1299423064, 1106510147, 1170245193, 1459580129, 1122496236, 1678813920, 1919508701, 1085507096, 1667806144, 1400607772, 1211292367, 1507861356, 2030045446, 1588325603, 1216893926, 1363524691, 1305453195, 1259441674, 1823798799, 1143098267, 1785886317, 1305982212, 1199852002, 1526955543, 1435045096, 1280356045, 1170514676, 2135429005, 2074287006, 1147152187, 1813366533, 1389706470, 1741760126, 1412688124, 1214993098, 1718458097, 1374442351, 1661860867, 1213974381, 1760878995, 1122124393, 1264662398, 2141526578, 2130398459, 1632385498, 1963842672, 1669499192, 2116909945, 1968947070, 1223396538, 1256561637, 1418322305, 1278082417, 1879469626, 1367021182, 1650121268, 1592922603, 1193991195, 1587753154, 2006665547, 1176428863, 1897581543, 1773479945, 1270460450, 1456590558, 2120593936, 1659625026, 1462089375, 1669479103, 1713766581, 1095627977, 1632333266, 1982382778, 1371706192, 1186813871, 1557495069, 2017144304, 1506534507, 1521522637, 1340832514, 1914555451, 1298338817, 1163789839, 2050161508, 1144486627, 1176501471, 2035594869, 2117406820, 1256416707, 1815851098, 1148581013, 1367800071, 2012946028, 1893678101, 1940086242, 1208750404, 1697460977, 1959056833, 1147317206, 1632388942, 1447733770, 1106263718, 1946802183, 2022757822, 2048437274, 2052278344, 1326930161, 1694330494, 1385940688, 1142982801, 2123860452, 2034021210, 1351566023, 1956562701, 1901394679, 1574808772, 1196781978, 1709417349, 1569206734, 1077053433, 1823602115, 1897100740, 1368656736, 2119644191, 1206577509, 1095001766, 1116141137, 1403774895, 2107595983, 1078802539, 1270483027, 1287809549, 2121903565, 1525236858, 1753193603, 1674028272, 1211510383, 1587079876, 1238133840, 1105525294, 1408435798, 1693968122, 1321674711, 1434579121, 1350402185, 1905045379, 1092762003, 1259300283, 1236838751, 1901947230, 1884181996, 1600539595, 1673131524, 1221123963, 1301508139, 1730174163, 1222766691, 1480612357, 1219202758, 1549517139, 1825701349, 1110740374, 1958903006, 1144608502, 1187276689, 1151967108, 1213512614, 1083081938, 1161649948, 1745775303, 1776373375, 1359847110, 1146985925, 1169464485, 1481552631, 1681843000, 1403570749, 1404065806, 2075424825, 1546479258, 2022179060, 1983274359, 1193206183, 1534057198, 1080593833, 1435672360, 1879722368, 1915382555, 1635502971, 1824779538, 1409467334, 1411259968, 1230083206, 1952029030, 1645342316, 1837382210, 1912607174, 1136608187, 2001774286, 1602185672, 1408322246, 1098739232, 1950141786, 1219988249, 1236625613, 1970638778, 1692587127, 1962221181, 1102592164, 1870196034, 1357811396, 1677414558, 1470876712, 1117463777, 1855682775, 1376865214, 1393185359, 1075960576, 1163131006, 1302198254, 1077392272, 2053206277, 2120396869, 2146309931, 1987517788, 1113772899, 1589102771, 1776927839, 2126672185, 1525194383, 1191204239, 1142207834, 1639946528, 1296384800, 1632542960, 1153873485, 1892732184, 1995916253, 1306411453, 1088030309, 1723183095, 1307177142]
SHIFTS: [-6, -6, -6, -7, -6, -5, -6, -7, -6, -7, -6, -7, -6, -6, -7, -6, -6, -7, -6, -6, -6, -6, -6, -7, -6, -6, -7, -6, -7, -6, -6, -6, -6, -6, -7, -6, -6, -6, -7, -7, -7, -7, -6, -6, -6, -7, -6, -6, -6, -6, -8, -6, -7, -6, -7, -6, -6, -6, -6, -7, -7, -7, -7, -7, -6, -6, -6, -8, -6, -6, -6, -7, -7, -7, -6, -6, -7, -7, -7, -6, -6, -6, -5, -6, -7, -7, -7, -7, -7, -6, -6, -6, -7, -6, -6, -6, -6, -6, -6, -7, -7, -6, -6, -6, -6, -6, -7, -6, -6, -6, -7, -6, -7, -6, -7, -6, -6, -6, -6, -6, -6, -7, -7, -6, -6, -6, -6, -6, -6, -7, -6, -7, -6, -7, -7, -6, -7, -7, -6, -7, -7, -7, -6, -6, -6, -6, -6, -7, -6, -6, -7, -6, -6, -7, -6, -7, -7, -6, -6, -7, -7, -6, -6, -7, -6, -7, -6, -6, -6, -6, -7, -6, -6, -6, -7, -6, -6, -7, -6, -6, -7, -6, -6, -6, -6, -5, -7, -7, -7, -6, -7, -7, -6, -7, -6, -6, -5, -7, -7, -7, -6, -6, -6, -6, -7, -6, -6, -7, -7, -7, -6, -7, -7, -6, -7, -7, -6, -7, -7, -5, -6, -6, -7, -6, -6, -6, -7, -6, -6, -6, -5, -6, -6, -6, -6, -7, -6, -6, -6, -7, -6, -6, -6, -7, -7, -6, -6, -6, -6, -6, -6, -6, -6, -6, -7, -6, -7, -6, -6, -6, -6, -6, -6, -7, -7, -6, -6, -6, -7, -6, -6, -6, -7, -6, -7, -7, -6, -6, -6, -6, -7, -7, -6, -6, -6, -6, -6, -7, -6, -7, -6, -6, -7, -7, -6, -6, -7, -6, -6, -7, -6, -7, -5, -6, -6, -7, -6, -6, -7, -6, -6, -6, -6, -6, -6, -7, -7, -7, -7, -6, -6, -7, -7, -6, -5, -6, -7, -6, -6, -6, -7, -7, -7, -6, -7, -6]
Q6: [127, 127, 127, 127, 127, 127, 127, 127, 127, 127, 127, 127, 127, 127, 127, 127, 127, 127, 127, 127, 127, 127, 127, 127, 127, 127, 127, 127, 127, 127, 127, 127, 127, 127, 127, 127, 127, 127, 127, 127, 127, 127, 127, 127, 127, 127, 127, 127, 127, 127, 127, 127, 127, 127, 127, 127, 127, 127, 127, 127, 127, 127, 127, 127, 127, 127, 127, 127, 127, 127, 127, 127, 127, 127, 127, 127, 127, 127, 127, 127, 127, 127, 127, 127, 127, 127, 127, 127, 127, 127, 127, 127, 127, 127, 127, 127, 127, 127, 127, 127, 127, 127, 127, 127, 127, 127, 127, 127, 127, 127, 127, 127, 127, 127, 127, 127, 127, 127, 127, 127, 127, 127, 127, 127, 127, 127, 127, 127, 127, 127, 127, 127, 127, 127, 127, 127, 127, 127, 127, 127, 127, 127, 127, 127, 127, 127, 127, 127, 127, 127, 127, 127, 127, 127, 127, 127, 127, 127, 127, 127, 127, 127, 127, 127, 127, 127, 127, 127, 127, 127, 127, 127, 127, 127, 127, 127, 127, 127, 127, 127, 127, 127, 127, 127, 127, 127, 127, 127, 127, 127, 127, 127, 127, 127, 127, 127, 127, 127, 127, 127, 127, 127, 127, 127, 127, 127, 127, 127, 127, 127, 127, 127, 127, 127, 127, 127, 127, 127, 127, 127, 127, 127, 127, 127, 127, 127, 127, 127, 127, 127, 127, 127, 127, 127, 127, 127, 127, 127, 127, 127, 127, 127, 127, 127, 127, 127, 127, 127, 127, 127, 127, 127, 127, 127, 127, 127, 127, 127, 127, 127, 127, 127, 127, 127, 127, 127, 127, 127, 127, 127, 127, 127, 127, 127, 127, 127, 127, 127, 127, 127, 127, 127, 127, 127, 127, 127, 127, 127, 127, 127, 127, 127, 127, 127, 127, 127, 127, 127, 127, 127, 127, 127, 127, 127, 127, 127, 127, 127, 127, 127, 127, 127, 127, 127, 127, 127, 127, 127, 127, 127, 127, 127, 127, 127, 127, 127, 127, 127, 127, 127, 127, 127, 127, 127, 127, 127]

OFFSETS:
  MUL   = 19904
  SHIFT = 19904
  Q6    = 19904

================================================================================
OP_INDEX: 60
TIPO: DEPTHWISE_CONV_2D
NFEAT: 336

INPUT_SCALE: 0.0235294122248888
WEIGHT_SCALES: [0.007026305887848139, 0.0036353531759232283, 0.0043481579050421715, 0.008057111874222755, 0.003183589316904545, 0.0027583669871091843, 0.003780241822823882, 0.007726652547717094, 0.004968347959220409, 0.005624198820441961, 0.004172229673713446, 0.0031316557433456182, 0.004894586279988289, 0.002193683059886098, 0.0642755776643753, 0.00405290350317955, 0.004861879162490368, 0.005475188139826059, 0.003523684572428465, 0.003793739015236497, 0.004936523269861937, 0.003193435026332736, 0.004381969105452299, 0.01141202449798584, 0.002301872009411454, 0.005593509413301945, 0.005368095822632313, 0.0021228217519819736, 0.005094511434435844, 0.003938939888030291, 0.003465060144662857, 0.0058786217123270035, 0.003438799176365137, 0.0043287742882966995, 0.0038222346920520067, 0.006653220392763615, 0.003924541641026735, 0.002440341981127858, 0.0033816045615822077, 0.0036620975006371737, 0.004090486094355583, 0.010454904288053513, 0.005960528273135424, 0.0028180594090372324, 0.004318201914429665, 0.005548769608139992, 0.004094368778169155, 0.0051822783425450325, 0.005441732704639435, 0.006758775562047958, 0.02370382845401764, 0.004296198952943087, 0.005581038072705269, 0.0017924279673025012, 0.0034576382022351027, 0.0032016041222959757, 0.0031843273900449276, 0.006726375315338373, 0.0030015420634299517, 0.0043002404272556305, 0.003664026502519846, 0.006434028036892414, 0.004881278146058321, 0.0046693491749465466, 0.0035531490575522184, 0.004411450587213039, 0.0056914035230875015, 0.0163893885910511, 0.002642915118485689, 0.004250579979270697, 0.003994683735072613, 0.004687989596277475, 0.004319107159972191, 0.004353510215878487, 0.0020532789640128613, 0.01010042242705822, 0.004713099449872971, 0.00464484840631485, 0.008694387041032314, 0.004849503748118877, 0.002649323083460331, 0.003755198558792472, 0.006822052877396345, 0.0034535008016973734, 0.0042635295540094376, 0.0030570910312235355, 0.0038581560365855694, 0.0031596976332366467, 0.007940893992781639, 0.001964084105566144, 0.008930223993957043, 0.005371318198740482, 0.00574441347271204, 0.0029245803598314524, 0.007753543555736542, 0.006413229275494814, 0.005709158722311258, 0.0025956472381949425, 0.002790553495287895, 0.003386574564501643, 0.004355667624622583, 0.004137834068387747, 0.003153326688334346, 0.004787267651408911, 0.006252499297261238, 0.004070739261806011, 0.004481947980821133, 0.0036599119193851948, 0.00381884234957397, 0.0030711940489709377, 0.006808190140873194, 0.0028181946836411953, 0.006303002592176199, 0.004351021721959114, 0.004787645302712917, 0.0022095858585089445, 0.003434413345530629, 0.005142256151884794, 0.003685382893308997, 0.004150067456066608, 0.0050202966667711735, 0.0045674992725253105, 0.004001356195658445, 0.0018157820450142026, 0.0035077587235718966, 0.002471582032740116, 0.0031753829680383205, 0.0023147377651184797, 0.004188192542642355, 0.0050335838459432125, 0.0016429719980806112, 0.006621534936130047, 0.007094143889844418, 0.003244758350774646, 0.017853837460279465, 0.0021608907263725996, 0.00404993025586009, 0.004498165566474199, 0.00237607816234231, 0.005129439756274223, 0.004829936660826206, 0.0023331379052251577, 0.001702204579487443, 0.0037458916194736958, 0.003990979865193367, 0.004722705576568842, 0.002407197142019868, 0.006313357502222061, 0.003565040184184909, 0.005057231057435274, 0.006367780268192291, 0.005226158536970615, 0.0018044125754386187, 0.005949866026639938, 0.004910432267934084, 0.0026581089477986097, 0.004516463726758957, 0.00603885855525732, 0.0037233096081763506, 0.005230995826423168, 0.005408903118222952, 0.002575879218056798, 0.0025459090247750282, 0.006581171881407499, 0.004278930835425854, 0.0055853757075965405, 0.0035550864413380623, 0.003986450377851725, 0.004394447430968285, 0.0031657994259148836, 0.0022170848678797483, 0.0035492312163114548, 0.004178149159997702, 0.00456454511731863, 0.004653145093470812, 0.0027996054850518703, 0.0059822057373821735, 0.003783211577683687, 0.0052787079475820065, 0.00497553450986743, 0.003997192718088627, 0.0027048231568187475, 0.003485300811007619, 0.0035568445455282927, 0.005490637384355068, 0.0022080312483012676, 0.005447689443826675, 0.0027553376276046038, 0.004064467269927263, 0.007070546504110098, 0.005796933546662331, 0.005282799247652292, 0.003939660266041756, 0.006877190433442593, 0.007609375286847353, 0.00458519859239459, 0.0039587500505149364, 0.004205511417239904, 0.0032176338136196136, 0.0046674953773617744, 0.004302313085645437, 0.0033162743784487247, 0.005796187557280064, 0.006121799349784851, 0.004162074998021126, 0.004304991569370031, 0.001682663569226861, 0.002282768953591585, 0.006524393334984779, 0.0061553241685032845, 0.0030559066217392683, 0.004598713479936123, 0.0055746715515851974, 0.003909089602530003, 0.004700998309999704, 0.004975238814949989, 0.003800296690315008, 0.005526801571249962, 0.005057735368609428, 0.002429425483569503, 0.0045027825981378555, 0.0031977402977645397, 0.004256733693182468, 0.004438144154846668, 0.0030118217691779137, 0.004923816304653883, 0.0032859870698302984, 0.002459344221279025, 0.004615515936166048, 0.0026306379586458206, 0.0031617027707397938, 0.003403307870030403, 0.003850178560242057, 0.002680955920368433, 0.0033043944276869297, 0.006883312948048115, 0.0042607346549630165, 0.006623898167163134, 0.004177474416792393, 0.004200772847980261, 0.004677495453506708, 0.004325640853494406, 0.005212373100221157, 0.003942255396395922, 0.0048080445267260075, 0.0025766887702047825, 0.002445887541398406, 0.006772427354007959, 0.002428667852655053, 0.0035877772606909275, 0.0024100197479128838, 0.0025519386399537325, 0.003891038242727518, 0.00238648965023458, 0.005907416809350252, 0.0038133657071739435, 0.009106242097914219, 0.004252016078680754, 0.0046784463338553905, 0.0038370199035853148, 0.004881618544459343, 0.00405421108007431, 0.0040916032157838345, 0.0111374007537961, 0.003552887123078108, 0.0034982911311089993, 0.005068909376859665, 0.0053169019520282745, 0.0059785619378089905, 0.003508134977892041, 0.0046171811409294605, 0.006955884397029877, 0.00230309646576643, 0.004287065006792545, 0.0033074328675866127, 0.004417729564011097, 0.005528741516172886, 0.00434800935909152, 0.005196909885853529, 0.004455406218767166, 0.0022807985078543425, 0.004327484406530857, 0.0046179043129086494, 0.0038224116433411837, 0.0036609165836125612, 0.0027214838191866875, 0.0030328838620334864, 0.004453353583812714, 0.005692996084690094, 0.005361975636333227, 0.0037250069435685873, 0.005731720011681318, 0.005036911461502314, 0.005591175984591246, 0.00796284805983305, 0.004324917681515217, 0.004602448083460331, 0.004843943286687136, 0.004163730423897505, 0.00397801399230957, 0.003629477694630623, 0.012953465804457664, 0.0020756935700774193, 0.004439596552401781, 0.005450421944260597, 0.004445825237780809, 0.0041140904650092125, 0.006975747179239988, 0.003756680991500616, 0.0064507536590099335, 0.003711734199896455, 0.005529663525521755, 0.0020452069584280252, 0.004133058246225119, 0.0032451197039335966, 0.00495003629475832, 0.003195773111656308, 0.004709722939878702, 0.005082792602479458, 0.0025306642055511475, 0.0018099579028785229, 0.005530160386115313, 0.0053873322904109955, 0.00423087552189827, 0.0025703832507133484, 0.003149328986182809, 0.004499286878854036, 0.006192033179104328, 0.00451452424749732, 0.004228617064654827, 0.0023970953188836575, 0.0023629760835319757, 0.00640035979449749, 0.006206464022397995, 0.0059488750994205475, 0.004185473080724478]
OUTPUT_SCALES: [0.0235294122248888]
OUTPUT_ZERO_POINT: -128

REAL_MULTIPLIERS: [0.007026305887848139, 0.0036353531759232283, 0.0043481579050421715, 0.008057111874222755, 0.003183589316904545, 0.0027583669871091843, 0.003780241822823882, 0.007726652547717094, 0.004968347959220409, 0.005624198820441961, 0.004172229673713446, 0.0031316557433456182, 0.004894586279988289, 0.002193683059886098, 0.0642755776643753, 0.00405290350317955, 0.004861879162490368, 0.005475188139826059, 0.003523684572428465, 0.003793739015236497, 0.004936523269861937, 0.003193435026332736, 0.004381969105452299, 0.01141202449798584, 0.002301872009411454, 0.005593509413301945, 0.005368095822632313, 0.0021228217519819736, 0.005094511434435844, 0.003938939888030291, 0.003465060144662857, 0.0058786217123270035, 0.003438799176365137, 0.0043287742882966995, 0.0038222346920520067, 0.006653220392763615, 0.003924541641026735, 0.002440341981127858, 0.0033816045615822077, 0.0036620975006371737, 0.004090486094355583, 0.010454904288053513, 0.005960528273135424, 0.0028180594090372324, 0.004318201914429665, 0.005548769608139992, 0.004094368778169155, 0.0051822783425450325, 0.005441732704639435, 0.006758775562047958, 0.02370382845401764, 0.004296198952943087, 0.005581038072705269, 0.0017924279673025012, 0.0034576382022351027, 0.0032016041222959757, 0.0031843273900449276, 0.006726375315338373, 0.0030015420634299517, 0.0043002404272556305, 0.003664026502519846, 0.006434028036892414, 0.004881278146058321, 0.0046693491749465466, 0.0035531490575522184, 0.004411450587213039, 0.0056914035230875015, 0.0163893885910511, 0.002642915118485689, 0.004250579979270697, 0.003994683735072613, 0.004687989596277475, 0.004319107159972191, 0.004353510215878487, 0.0020532789640128613, 0.01010042242705822, 0.004713099449872971, 0.00464484840631485, 0.008694387041032314, 0.004849503748118877, 0.002649323083460331, 0.003755198558792472, 0.006822052877396345, 0.0034535008016973734, 0.0042635295540094376, 0.0030570910312235355, 0.0038581560365855694, 0.0031596976332366467, 0.007940893992781639, 0.001964084105566144, 0.008930223993957043, 0.005371318198740482, 0.00574441347271204, 0.0029245803598314524, 0.007753543555736542, 0.006413229275494814, 0.005709158722311258, 0.0025956472381949425, 0.002790553495287895, 0.003386574564501643, 0.004355667624622583, 0.004137834068387747, 0.003153326688334346, 0.004787267651408911, 0.006252499297261238, 0.004070739261806011, 0.004481947980821133, 0.0036599119193851948, 0.00381884234957397, 0.0030711940489709377, 0.006808190140873194, 0.0028181946836411953, 0.006303002592176199, 0.004351021721959114, 0.004787645302712917, 0.0022095858585089445, 0.003434413345530629, 0.005142256151884794, 0.003685382893308997, 0.004150067456066608, 0.0050202966667711735, 0.0045674992725253105, 0.004001356195658445, 0.0018157820450142026, 0.0035077587235718966, 0.002471582032740116, 0.0031753829680383205, 0.0023147377651184797, 0.004188192542642355, 0.0050335838459432125, 0.0016429719980806112, 0.006621534936130047, 0.007094143889844418, 0.003244758350774646, 0.017853837460279465, 0.0021608907263725996, 0.00404993025586009, 0.004498165566474199, 0.00237607816234231, 0.005129439756274223, 0.004829936660826206, 0.0023331379052251577, 0.001702204579487443, 0.0037458916194736958, 0.003990979865193367, 0.004722705576568842, 0.002407197142019868, 0.006313357502222061, 0.003565040184184909, 0.005057231057435274, 0.006367780268192291, 0.005226158536970615, 0.0018044125754386187, 0.005949866026639938, 0.004910432267934084, 0.0026581089477986097, 0.004516463726758957, 0.00603885855525732, 0.0037233096081763506, 0.005230995826423168, 0.005408903118222952, 0.002575879218056798, 0.0025459090247750282, 0.006581171881407499, 0.004278930835425854, 0.0055853757075965405, 0.0035550864413380623, 0.003986450377851725, 0.004394447430968285, 0.0031657994259148836, 0.0022170848678797483, 0.0035492312163114548, 0.004178149159997702, 0.00456454511731863, 0.004653145093470812, 0.0027996054850518703, 0.0059822057373821735, 0.003783211577683687, 0.0052787079475820065, 0.00497553450986743, 0.003997192718088627, 0.0027048231568187475, 0.003485300811007619, 0.0035568445455282927, 0.005490637384355068, 0.0022080312483012676, 0.005447689443826675, 0.0027553376276046038, 0.004064467269927263, 0.007070546504110098, 0.005796933546662331, 0.005282799247652292, 0.003939660266041756, 0.006877190433442593, 0.007609375286847353, 0.00458519859239459, 0.0039587500505149364, 0.004205511417239904, 0.0032176338136196136, 0.0046674953773617744, 0.004302313085645437, 0.0033162743784487247, 0.005796187557280064, 0.006121799349784851, 0.004162074998021126, 0.004304991569370031, 0.001682663569226861, 0.002282768953591585, 0.006524393334984779, 0.0061553241685032845, 0.0030559066217392683, 0.004598713479936123, 0.0055746715515851974, 0.003909089602530003, 0.004700998309999704, 0.004975238814949989, 0.003800296690315008, 0.005526801571249962, 0.005057735368609428, 0.002429425483569503, 0.0045027825981378555, 0.0031977402977645397, 0.004256733693182468, 0.004438144154846668, 0.0030118217691779137, 0.004923816304653883, 0.0032859870698302984, 0.002459344221279025, 0.004615515936166048, 0.0026306379586458206, 0.0031617027707397938, 0.003403307870030403, 0.003850178560242057, 0.002680955920368433, 0.0033043944276869297, 0.006883312948048115, 0.0042607346549630165, 0.006623898167163134, 0.004177474416792393, 0.004200772847980261, 0.004677495453506708, 0.004325640853494406, 0.005212373100221157, 0.003942255396395922, 0.0048080445267260075, 0.0025766887702047825, 0.002445887541398406, 0.006772427354007959, 0.002428667852655053, 0.0035877772606909275, 0.0024100197479128838, 0.0025519386399537325, 0.003891038242727518, 0.00238648965023458, 0.005907416809350252, 0.0038133657071739435, 0.009106242097914219, 0.004252016078680754, 0.0046784463338553905, 0.0038370199035853148, 0.004881618544459343, 0.00405421108007431, 0.0040916032157838345, 0.0111374007537961, 0.003552887123078108, 0.0034982911311089993, 0.005068909376859665, 0.0053169019520282745, 0.0059785619378089905, 0.003508134977892041, 0.0046171811409294605, 0.006955884397029877, 0.00230309646576643, 0.004287065006792545, 0.0033074328675866127, 0.004417729564011097, 0.005528741516172886, 0.00434800935909152, 0.005196909885853529, 0.004455406218767166, 0.0022807985078543425, 0.004327484406530857, 0.0046179043129086494, 0.0038224116433411837, 0.0036609165836125612, 0.0027214838191866875, 0.0030328838620334864, 0.004453353583812714, 0.005692996084690094, 0.005361975636333227, 0.0037250069435685873, 0.005731720011681318, 0.005036911461502314, 0.005591175984591246, 0.00796284805983305, 0.004324917681515217, 0.004602448083460331, 0.004843943286687136, 0.004163730423897505, 0.00397801399230957, 0.003629477694630623, 0.012953465804457664, 0.0020756935700774193, 0.004439596552401781, 0.005450421944260597, 0.004445825237780809, 0.0041140904650092125, 0.006975747179239988, 0.003756680991500616, 0.0064507536590099335, 0.003711734199896455, 0.005529663525521755, 0.0020452069584280252, 0.004133058246225119, 0.0032451197039335966, 0.00495003629475832, 0.003195773111656308, 0.004709722939878702, 0.005082792602479458, 0.0025306642055511475, 0.0018099579028785229, 0.005530160386115313, 0.0053873322904109955, 0.00423087552189827, 0.0025703832507133484, 0.003149328986182809, 0.004499286878854036, 0.006192033179104328, 0.00451452424749732, 0.004228617064654827, 0.0023970953188836575, 0.0023629760835319757, 0.00640035979449749, 0.006206464022397995, 0.0059488750994205475, 0.004185473080724478]

MULTIPLIERS: [1931376256, 1998556544, 1195212544, 1107361024, 1750196736, 1516428288, 2078209920, 2123886080, 1365689088, 1545968000, 1146853760, 1721645952, 1345413632, 1205990016, 1104246016, 1114053632, 1336423168, 1505008256, 1937166080, 2085630080, 1356941184, 1755609472, 1204506496, 1568456704, 1265467520, 1537532160, 1475570944, 1167033600, 1400368640, 1082727552, 1904936960, 1615903232, 1890499840, 1189884416, 2101295744, 1828823296, 1078769792, 1341592192, 1859056768, 2013259392, 1124384256, 1436911104, 1638417536, 1549244544, 1186978304, 1525234176, 1125451520, 1424493824, 1495812096, 1857838080, 1628914688, 1180930176, 1534104064, 1970795392, 1900856704, 1760100480, 1750602496, 1848931968, 1650115200, 1182041088, 2014319872, 1768572160, 1341755520, 1283500928, 1953364352, 1212610304, 1564441088, 1126270208, 1452957952, 1168390528, 1098050304, 1288624768, 1187227136, 1196683776, 1128802048, 1388191488, 1295526912, 1276766208, 1194947456, 1333021440, 1456480768, 2064442240, 1875231616, 1898582144, 1171950080, 1680653568, 2121043712, 1737062144, 1091388160, 1079766656, 1227360640, 1476456704, 1579012352, 1607805056, 2131277824, 1762855040, 1569321600, 1426972160, 1534123008, 1861789056, 1197276800, 1137399168, 1733559680, 1315914112, 1718673920, 1118956288, 1231988480, 2012057856, 2099430784, 1688406784, 1871421056, 1549318912, 1732556160, 1195999744, 1316017920, 1214732672, 1888088704, 1413492608, 2026060672, 1140761856, 1379968640, 1255504640, 1099884416, 1996473472, 1928410752, 1358766592, 1745685248, 1272540544, 1151241600, 1383620992, 1806466816, 1820113664, 1950023424, 1783824768, 1226906368, 1187962240, 1113236352, 1236446336, 1306262784, 1409969664, 1327642880, 1282656128, 1871593728, 2059325696, 1097032192, 1298167424, 1323370624, 1735402496, 1959901568, 1390121088, 1750362112, 1436555520, 1983972608, 1635486720, 1349769344, 1461310848, 1241476096, 1659948800, 2046911104, 1437885184, 1486787968, 1416104576, 1399628288, 1809018752, 1176183552, 1535296384, 1954429440, 1095787136, 1207936512, 1740416640, 1218855296, 1951210496, 1148480896, 1254692608, 1279046784, 1539099392, 1644376192, 2079842560, 1451000192, 1367664512, 1098739968, 1486992256, 1916064384, 1955395968, 1509254912, 1213878016, 1497449472, 1514762880, 1117232256, 1943537024, 1593448960, 1452124800, 1082925568, 1890387712, 2091649152, 1260369792, 1088172928, 1156002176, 1768912896, 1282991360, 1182610816, 1823141120, 1593243904, 1682747392, 1144062464, 1183347072, 1850108160, 1254965504, 1793411584, 1691962624, 1680002432, 1264084736, 1532354048, 1074522368, 1292200576, 1367583232, 2089235200, 1519195648, 1390259712, 1335590784, 1237715456, 1757976320, 1170082048, 1219947776, 1655766528, 1353448320, 1806490496, 1352038784, 1268703360, 1446208512, 1738164480, 1870988288, 2116658048, 1473871104, 1816610048, 1892070656, 1171181824, 1820763264, 1148295424, 1154699648, 1285740160, 1189023104, 1432766208, 1083638912, 1321625216, 1416549632, 1344640896, 1861590656, 1335174272, 1972401408, 1324922368, 1402943104, 2139120896, 1311986560, 1623818368, 2096419968, 1251552384, 1168785280, 1286001536, 2109424000, 1341849088, 1114413056, 1124691328, 1530712704, 1953220352, 1923205888, 1393331200, 1461498880, 1643374592, 1928617600, 1269161088, 1912018944, 1266140672, 1178419456, 1818280448, 1214336256, 1519728896, 1195171712, 1428515712, 1224692736, 1253882240, 1189529856, 1269359872, 2101393024, 2012610176, 1496151552, 1667345536, 1224128512, 1564878848, 1473888640, 2047844224, 1575523200, 1384535680, 1536890752, 1094405504, 1188824320, 1265111296, 1331492992, 1144517504, 1093468160, 1995326464, 1780310784, 1141124608, 1220347008, 1498200576, 1222059136, 1130872576, 1917478784, 2065257216, 1773169664, 2040547456, 1519982336, 1124364416, 1136086400, 1784023424, 1360655616, 1756894848, 1294598784, 1397147392, 1391247360, 1990069760, 1520118912, 1480858624, 1162974208, 1413083136, 1731361920, 1236754560, 1702053120, 1240942976, 1162353408, 1317817088, 1299059840, 1759317504, 1706019840, 1635214336, 1150494080]
SHIFTS: [-7, -8, -7, -6, -8, -8, -8, -7, -7, -7, -7, -8, -7, -8, -3, -7, -7, -7, -8, -8, -7, -8, -7, -6, -8, -7, -7, -8, -7, -7, -8, -7, -8, -7, -8, -7, -7, -8, -8, -8, -7, -6, -7, -8, -7, -7, -7, -7, -7, -7, -5, -7, -7, -9, -8, -8, -8, -7, -8, -7, -8, -7, -7, -7, -8, -7, -7, -5, -8, -7, -7, -7, -7, -7, -8, -6, -7, -7, -6, -7, -8, -8, -7, -8, -7, -8, -8, -8, -6, -8, -6, -7, -7, -8, -7, -7, -7, -8, -8, -8, -7, -7, -8, -7, -7, -7, -7, -8, -8, -8, -7, -8, -7, -7, -7, -8, -8, -7, -8, -7, -7, -7, -7, -9, -8, -8, -8, -8, -7, -7, -9, -7, -7, -8, -5, -8, -7, -7, -8, -7, -7, -8, -9, -8, -7, -7, -8, -7, -8, -7, -7, -7, -9, -7, -7, -8, -7, -7, -8, -7, -7, -8, -8, -7, -7, -7, -8, -7, -7, -8, -8, -8, -7, -7, -7, -8, -7, -8, -7, -7, -7, -8, -8, -8, -7, -8, -7, -8, -7, -7, -7, -7, -7, -7, -7, -7, -7, -7, -8, -7, -7, -8, -7, -7, -7, -7, -9, -8, -7, -7, -8, -7, -7, -7, -7, -7, -8, -7, -7, -8, -7, -8, -7, -7, -8, -7, -8, -8, -7, -8, -8, -8, -8, -8, -8, -7, -7, -7, -7, -7, -7, -7, -7, -7, -7, -8, -8, -7, -8, -8, -8, -8, -8, -8, -7, -8, -6, -7, -7, -8, -7, -7, -7, -6, -8, -8, -7, -7, -7, -8, -7, -7, -8, -7, -8, -7, -7, -7, -7, -7, -8, -7, -7, -8, -8, -8, -8, -7, -7, -7, -8, -7, -7, -7, -6, -7, -7, -7, -7, -7, -8, -6, -8, -7, -7, -7, -7, -7, -8, -7, -8, -7, -8, -7, -8, -7, -8, -7, -7, -8, -9, -7, -7, -7, -8, -8, -7, -7, -7, -7, -8, -8, -7, -7, -7, -7]
Q6: [127, 127, 127, 127, 127, 127, 127, 127, 127, 127, 127, 127, 127, 127, 127, 127, 127, 127, 127, 127, 127, 127, 127, 127, 127, 127, 127, 127, 127, 127, 127, 127, 127, 127, 127, 127, 127, 127, 127, 127, 127, 127, 127, 127, 127, 127, 127, 127, 127, 127, 127, 127, 127, 127, 127, 127, 127, 127, 127, 127, 127, 127, 127, 127, 127, 127, 127, 127, 127, 127, 127, 127, 127, 127, 127, 127, 127, 127, 127, 127, 127, 127, 127, 127, 127, 127, 127, 127, 127, 127, 127, 127, 127, 127, 127, 127, 127, 127, 127, 127, 127, 127, 127, 127, 127, 127, 127, 127, 127, 127, 127, 127, 127, 127, 127, 127, 127, 127, 127, 127, 127, 127, 127, 127, 127, 127, 127, 127, 127, 127, 127, 127, 127, 127, 127, 127, 127, 127, 127, 127, 127, 127, 127, 127, 127, 127, 127, 127, 127, 127, 127, 127, 127, 127, 127, 127, 127, 127, 127, 127, 127, 127, 127, 127, 127, 127, 127, 127, 127, 127, 127, 127, 127, 127, 127, 127, 127, 127, 127, 127, 127, 127, 127, 127, 127, 127, 127, 127, 127, 127, 127, 127, 127, 127, 127, 127, 127, 127, 127, 127, 127, 127, 127, 127, 127, 127, 127, 127, 127, 127, 127, 127, 127, 127, 127, 127, 127, 127, 127, 127, 127, 127, 127, 127, 127, 127, 127, 127, 127, 127, 127, 127, 127, 127, 127, 127, 127, 127, 127, 127, 127, 127, 127, 127, 127, 127, 127, 127, 127, 127, 127, 127, 127, 127, 127, 127, 127, 127, 127, 127, 127, 127, 127, 127, 127, 127, 127, 127, 127, 127, 127, 127, 127, 127, 127, 127, 127, 127, 127, 127, 127, 127, 127, 127, 127, 127, 127, 127, 127, 127, 127, 127, 127, 127, 127, 127, 127, 127, 127, 127, 127, 127, 127, 127, 127, 127, 127, 127, 127, 127, 127, 127, 127, 127, 127, 127, 127, 127, 127, 127, 127, 127, 127, 127, 127, 127, 127, 127, 127, 127, 127, 127, 127, 127, 127, 127]

OFFSETS:
  MUL   = 21248
  SHIFT = 21248
  Q6    = 21248

================================================================================
OP_INDEX: 61
TIPO: CONV_2D
NFEAT: 112

INPUT_SCALE: 0.0235294122248888
WEIGHT_SCALES: [0.005170240066945553, 0.003933511674404144, 0.00677636219188571, 0.00791235826909542, 0.007383089512586594, 0.0062961033545434475, 0.004107504151761532, 0.004586101043969393, 0.004398425109684467, 0.006394623778760433, 0.0038035816978663206, 0.00664782989770174, 0.005358477123081684, 0.00557493744418025, 0.004056703764945269, 0.0032515048515051603, 0.004547102842479944, 0.006316397804766893, 0.006214596796780825, 0.005046133417636156, 0.004489897284656763, 0.00384509121067822, 0.005561631638556719, 0.004232609178870916, 0.006142400670796633, 0.004175421316176653, 0.005545170046389103, 0.004456901457160711, 0.0038304426707327366, 0.007476408965885639, 0.006905671674758196, 0.004357399884611368, 0.004407310858368874, 0.004731259774416685, 0.006068896967917681, 0.006464445497840643, 0.005846076179295778, 0.006531501654535532, 0.003145240480080247, 0.00597647437825799, 0.005938253365457058, 0.004549773409962654, 0.005722236353904009, 0.0038655551616102457, 0.005639679729938507, 0.005893393885344267, 0.005410644691437483, 0.004650223534554243, 0.005786540452390909, 0.0056258030235767365, 0.004007744137197733, 0.0064424676820635796, 0.003833305323496461, 0.006970121990889311, 0.006646773312240839, 0.00771242706105113, 0.005093471147119999, 0.005755057092756033, 0.005167159717530012, 0.005395140964537859, 0.0066772340796887875, 0.00526269618421793, 0.003828224493190646, 0.004740943666547537, 0.006213617976754904, 0.007586998865008354, 0.005445805378258228, 0.006510192062705755, 0.005512433126568794, 0.005922163370996714, 0.005875071045011282, 0.005139862187206745, 0.006534202490001917, 0.005981749389320612, 0.0038464840035885572, 0.005004631355404854, 0.004425148479640484, 0.005022104829549789, 0.006523207761347294, 0.005553876515477896, 0.006832383573055267, 0.006475015077739954, 0.004725515376776457, 0.0049006883054971695, 0.006334464997053146, 0.004047265276312828, 0.0035896101035177708, 0.00591857498511672, 0.004558531567454338, 0.005309073254466057, 0.006017567589879036, 0.006089219357818365, 0.0038427147082984447, 0.00513308122754097, 0.0058120680041611195, 0.004907998722046614, 0.0032660828437656164, 0.006738620810210705, 0.004471802618354559, 0.004527008160948753, 0.005991404876112938, 0.005259570199996233, 0.005875489674508572, 0.0032369818072766066, 0.004783761687576771, 0.005976741202175617, 0.005063795018941164, 0.005210614297538996, 0.0038403228390961885, 0.005555824376642704, 0.006063421722501516, 0.004106469918042421]
OUTPUT_SCALES: [0.16297577321529388]
OUTPUT_ZERO_POINT: -21

REAL_MULTIPLIERS: [0.0007464465879606118, 0.0005678955580483932, 0.0009783283506033856, 0.001142336285397559, 0.0010659238070029982, 0.0009089916146239579, 0.0005930154923981658, 0.0006621122872416135, 0.0006350168218521187, 0.0009232153708807244, 0.0005491370891176154, 0.0009597716702183191, 0.0007736230645770206, 0.0008048742378341142, 0.0005856812535784815, 0.00046943172284401427, 0.0006564819733564796, 0.0009119215990981174, 0.0008972242128881489, 0.0007285288542150389, 0.0006482229964237656, 0.0005551299702614603, 0.0008029532297031282, 0.0006110773656213349, 0.0008868009924560053, 0.0006028209433995111, 0.0008005766090536397, 0.0006434592673642917, 0.0005530151066343694, 0.0010793966799457382, 0.0009969972365799205, 0.0006290938591115854, 0.0006362996900944185, 0.0006830693874249882, 0.0008761889923349204, 0.0009332957894489393, 0.0008440195349712565, 0.0009429769335967047, 0.00045408994442660194, 0.0008628456028967745, 0.0008573274946031089, 0.0006568675330132027, 0.0008261403235767389, 0.0005580844261767788, 0.0008142213199183649, 0.0008508509663502029, 0.0007811546884275921, 0.0006713698872154721, 0.0008354241429518394, 0.0008122178887465519, 0.0005786127719206153, 0.0009301227712940381, 0.0005534283983500984, 0.0010063021659344822, 0.0009596191270864787, 0.001113471481028877, 0.0007353631764510452, 0.0008308787744442463, 0.0007460018665780097, 0.0007789163583123458, 0.00096401686019631, 0.0007597948179036023, 0.0005526948601784322, 0.0006844674865742841, 0.0008970828970383788, 0.0010953629507173444, 0.0007862309661957156, 0.0009399003893925267, 0.0007958502594482439, 0.0008550045228823152, 0.0008482056304526023, 0.0007420608216544242, 0.0009433668631536347, 0.0008636071756589992, 0.0005553310529002151, 0.0007225370487389372, 0.0006388749731302396, 0.0007250597585138067, 0.0009417795137107597, 0.0008018335940408673, 0.000986416363594156, 0.0009348217586012148, 0.0006822400475949384, 0.0007075304080527829, 0.0009145300261462775, 0.0005843185842354789, 0.0005182452225013859, 0.0008544864544054699, 0.0006581319804453992, 0.0007664904462299627, 0.0008687783811054651, 0.0008791230105631171, 0.0005547868658659788, 0.000741081829549594, 0.0008391096495571678, 0.0007085858397966182, 0.0004715364012421611, 0.0009728794884206921, 0.0006456106028508022, 0.0006535808302236862, 0.0008650011738250242, 0.0007593435080560728, 0.0008482660695339264, 0.00046733497749547396, 0.0006906492818655383, 0.0008628841252478299, 0.0007310787246004256, 0.0007522755642320782, 0.0005544415429057769, 0.0008021148139264946, 0.0008753985110020957, 0.0005928661762695551]

MULTIPLIERS: [1641453406, 1248815539, 1075683397, 1256012029, 1171995620, 1998893700, 1304054859, 1456000317, 1396416759, 2030172070, 1207565229, 2110560223, 1701215110, 1769937167, 1287926697, 2064582551, 1443619126, 2005336804, 1973016910, 1602051893, 1425457444, 1220743714, 1765712825, 1343773338, 1950096005, 1325617273, 1760486581, 1414981893, 1216093080, 1186809201, 1096210054, 1383392026, 1399237816, 1502085468, 1926759970, 2052339145, 1856018586, 2073628206, 1997108696, 1897417547, 1885283098, 1444466981, 1816701784, 1227240632, 1790491618, 1871041062, 1717777326, 1476357995, 1837117119, 1786086026, 1272382941, 2045361605, 1217001918, 1106440933, 2110224777, 1224274841, 1617080726, 1827121748, 1640475453, 1712855186, 2119895494, 1670806474, 1215388851, 1505159921, 1972706153, 1204364301, 1728940179, 2066862814, 1750093228, 1880174829, 1865223907, 1631809004, 2074485671, 1899092263, 1221185900, 1588875773, 1404900923, 1594423271, 2070995052, 1763250720, 1084576262, 2055694787, 1500261731, 1555875821, 2011072795, 1284930155, 1139633296, 1879035585, 1447247530, 1685530316, 1910463864, 1933211945, 1219989220, 1629656177, 1845221633, 1558196740, 2073839024, 2139384620, 1419712730, 1437239445, 1902157697, 1669814033, 1865356814, 2055360967, 1518753832, 1897502258, 1607659117, 1654271460, 1219229847, 1763869129, 1925021684, 1303726509]
SHIFTS: [-10, -10, -9, -9, -9, -10, -10, -10, -10, -10, -10, -10, -10, -10, -10, -11, -10, -10, -10, -10, -10, -10, -10, -10, -10, -10, -10, -10, -10, -9, -9, -10, -10, -10, -10, -10, -10, -10, -11, -10, -10, -10, -10, -10, -10, -10, -10, -10, -10, -10, -10, -10, -10, -9, -10, -9, -10, -10, -10, -10, -10, -10, -10, -10, -10, -9, -10, -10, -10, -10, -10, -10, -10, -10, -10, -10, -10, -10, -10, -10, -9, -10, -10, -10, -10, -10, -10, -10, -10, -10, -10, -10, -10, -10, -10, -10, -11, -10, -10, -10, -10, -10, -10, -11, -10, -10, -10, -10, -10, -10, -10, -10]
Q6: [16, 16, 16, 16, 16, 16, 16, 16, 16, 16, 16, 16, 16, 16, 16, 16, 16, 16, 16, 16, 16, 16, 16, 16, 16, 16, 16, 16, 16, 16, 16, 16, 16, 16, 16, 16, 16, 16, 16, 16, 16, 16, 16, 16, 16, 16, 16, 16, 16, 16, 16, 16, 16, 16, 16, 16, 16, 16, 16, 16, 16, 16, 16, 16, 16, 16, 16, 16, 16, 16, 16, 16, 16, 16, 16, 16, 16, 16, 16, 16, 16, 16, 16, 16, 16, 16, 16, 16, 16, 16, 16, 16, 16, 16, 16, 16, 16, 16, 16, 16, 16, 16, 16, 16, 16, 16, 16, 16, 16, 16, 16, 16]

OFFSETS:
  MUL   = 22592
  SHIFT = 22592
  Q6    = 22592

================================================================================
OP_INDEX: 62
TIPO: CONV_2D
NFEAT: 1280

INPUT_SCALE: 0.16297577321529388
WEIGHT_SCALES: [0.0029621743597090244, 0.0033644703216850758, 0.0049153524450957775, 0.0032927750144153833, 0.003900615032762289, 0.004424807149916887, 0.0034887518268078566, 0.0034346419852226973, 0.0041217198595404625, 0.0035716199781745672, 0.004293470643460751, 0.003848699387162924, 0.0034123845398426056, 0.0036328909918665886, 0.004890523850917816, 0.005025461781769991, 0.00393777946010232, 0.003102334449067712, 0.0032731476239860058, 0.003895457601174712, 0.0036590408999472857, 0.0038306897040456533, 0.0036488703917711973, 0.004305759444832802, 0.0039032879285514355, 0.003702098038047552, 0.003837374271824956, 0.0033054640516638756, 0.004221534356474876, 0.0032322590705007315, 0.0032622944563627243, 0.003234345465898514, 0.0043456945568323135, 0.003198967082425952, 0.0036099764984101057, 0.0040717413648962975, 0.0031526193488389254, 0.0033254511654376984, 0.004248072858899832, 0.002717989729717374, 0.003532933071255684, 0.0033612586557865143, 0.003316854126751423, 0.004583351779729128, 0.00375380739569664, 0.003646325320005417, 0.003343075979501009, 0.003338437993079424, 0.00485564349219203, 0.0035840366035699844, 0.004379378631711006, 0.00479535385966301, 0.003416685853153467, 0.003651074366644025, 0.004123816732317209, 0.0044944193214178085, 0.005938307847827673, 0.0044990223832428455, 0.004957282915711403, 0.003938966430723667, 0.005099035333842039, 0.003849896602332592, 0.0031181268859654665, 0.003290618536993861, 0.0036717732436954975, 0.005371137987822294, 0.004111108835786581, 0.003390368539839983, 0.0034574829041957855, 0.0032442992087453604, 0.005248322617262602, 0.003320713760331273, 0.0047577545046806335, 0.0037853147368878126, 0.0036603733897209167, 0.004052985459566116, 0.0034788409247994423, 0.0037654771003872156, 0.0035777667071670294, 0.003221282036975026, 0.004163912031799555, 0.004439814481884241, 0.0028503912035375834, 0.0036186897195875645, 0.004053816664963961, 0.004163426347076893, 0.004628990311175585, 0.0036114307586103678, 0.004538137931376696, 0.0034262575209140778, 0.0034706906881183386, 0.004572177305817604, 0.003930628765374422, 0.0034403798636049032, 0.004216828383505344, 0.004287114832550287, 0.003045364050194621, 0.002938083605840802, 0.00401325523853302, 0.0033415695652365685, 0.004316762089729309, 0.0037072384729981422, 0.0034710951149463654, 0.0031106555834412575, 0.004544608294963837, 0.0031723687425255775, 0.004046203568577766, 0.005045577883720398, 0.004894716665148735, 0.003499529790133238, 0.003774539800360799, 0.003427438670769334, 0.003892133478075266, 0.0035728097427636385, 0.004251927603036165, 0.00433994410559535, 0.003647909965366125, 0.003345117438584566, 0.0036913298536092043, 0.003138078609481454, 0.0027960767038166523, 0.0038398378528654575, 0.005039792507886887, 0.004316587932407856, 0.004293434787541628, 0.003208696376532316, 0.004374955780804157, 0.004422201309353113, 0.003224818268790841, 0.003907157573848963, 0.0034770381171256304, 0.002922841813415289, 0.0035453643649816513, 0.003880483331158757, 0.003936633002012968, 0.003302880795672536, 0.004205590113997459, 0.0035609877668321133, 0.00409786868840456, 0.00515262596309185, 0.0027498393319547176, 0.004421652294695377, 0.003410582197830081, 0.0035203061997890472, 0.0032483094837516546, 0.0033308679703623056, 0.0029898423235863447, 0.004326171241700649, 0.0034060291945934296, 0.004507994279265404, 0.0052445512264966965, 0.004290164913982153, 0.003649138379842043, 0.0035159692633897066, 0.0038118178490549326, 0.004307773429900408, 0.00383915682323277, 0.003390311961993575, 0.0030954566318541765, 0.0061197890900075436, 0.0033421425614506006, 0.004260276444256306, 0.0036841370165348053, 0.0033493991941213608, 0.0031952124554663897, 0.0037867750506848097, 0.00400565518066287, 0.0027008422184735537, 0.003619050607085228, 0.003319782204926014, 0.004175545182079077, 0.003344203345477581, 0.003935686312615871, 0.003371675731614232, 0.004278067499399185, 0.0033198276069015265, 0.00410841079428792, 0.0036911156494170427, 0.004427166655659676, 0.004071194678544998, 0.0041862186044454575, 0.003799168858677149, 0.004343350883573294, 0.0032892145682126284, 0.004136508796364069, 0.003958591725677252, 0.004303037654608488, 0.003193380543962121, 0.003676677355542779, 0.0031038864981383085, 0.004584965296089649, 0.004086196422576904, 0.0030248654074966908, 0.0035784943029284477, 0.00400870805606246, 0.004072778392583132, 0.003423432819545269, 0.0040171267464756966, 0.0034773284569382668, 0.004585679620504379, 0.0035897057969123125, 0.003431397955864668, 0.003146434435620904, 0.0029587838798761368, 0.00477429386228323, 0.004196573980152607, 0.003918379079550505, 0.0035362110938876867, 0.003449812764301896, 0.0038263651076704264, 0.003309657797217369, 0.003911591600626707, 0.003494484815746546, 0.004628441762179136, 0.003941776230931282, 0.0038159871473908424, 0.003246939042583108, 0.0040299599058926105, 0.0033057990949600935, 0.004657807294279337, 0.003644191659986973, 0.0031818062998354435, 0.0030362787656486034, 0.0035908606369048357, 0.0042848060838878155, 0.00393308699131012, 0.004263146314769983, 0.005063691642135382, 0.0036539132706820965, 0.00630768109112978, 0.0036029089242219925, 0.003445018781349063, 0.003987973555922508, 0.003754357108846307, 0.003475191770121455, 0.004207054618746042, 0.00454884534701705, 0.004790265113115311, 0.005521835293620825, 0.003837754251435399, 0.00419484032317996, 0.004195132292807102, 0.004448089748620987, 0.00633424473926425, 0.0032034090254455805, 0.003082899609580636, 0.0038549788296222687, 0.003230325412005186, 0.0037528942339122295, 0.004231833852827549, 0.004594755824655294, 0.004471823573112488, 0.0039125001057982445, 0.0038791170809417963, 0.004584516864269972, 0.003646549768745899, 0.004184157121926546, 0.0036161956377327442, 0.0032765676733106375, 0.004271447192877531, 0.004238890949636698, 0.003505409462377429, 0.0035445503890514374, 0.0033523463644087315, 0.004001225344836712, 0.0038233718369156122, 0.004652536939829588, 0.003743969602510333, 0.004537845496088266, 0.0041128601878881454, 0.003538229037076235, 0.004026023205369711, 0.003350239945575595, 0.004091943614184856, 0.003830581670626998, 0.003431562567129731, 0.006354889366775751, 0.0038771696854382753, 0.0031766952015459538, 0.006071371957659721, 0.004741188138723373, 0.003523157676681876, 0.0031935949809849262, 0.0038386699743568897, 0.003979406785219908, 0.004884691908955574, 0.003888314589858055, 0.0036663939245045185, 0.0034294200595468283, 0.003630507504567504, 0.005184345878660679, 0.00438412232324481, 0.0031753932125866413, 0.0032344693318009377, 0.003810434602200985, 0.0038565322756767273, 0.0044325548224151134, 0.005660794209688902, 0.004007241223007441, 0.0034891427494585514, 0.00391959585249424, 0.0037625269033014774, 0.0032248455099761486, 0.0034492583945393562, 0.0030559138394892216, 0.004196771886199713, 0.0031696599908173084, 0.0030325460247695446, 0.0032967571169137955, 0.004571748897433281, 0.004812916275113821, 0.0037127721589058638, 0.003925019409507513, 0.004623056389391422, 0.003556302050128579, 0.004301831591874361, 0.0039612106047570705, 0.004419439006596804, 0.00391819141805172, 0.0037713053170591593, 0.004642801824957132, 0.00438147597014904, 0.004088780842721462, 0.0034643267281353474, 0.003346133977174759, 0.0036364933475852013, 0.0034638133365660906, 0.00327310967259109, 0.003134253667667508, 0.00333037949167192, 0.0030644931830465794, 0.0031747175380587578, 0.005083031021058559, 0.0034763580188155174, 0.0040988498367369175, 0.0035751487594097853, 0.004742742981761694, 0.004511798731982708, 0.0035490624140948057, 0.0038101691752672195, 0.00406529288738966, 0.003094490384683013, 0.003443113761022687, 0.0031688387971371412, 0.0036394898779690266, 0.0037023858167231083, 0.003490738570690155, 0.0036068614572286606, 0.003930498380213976, 0.0032765199430286884, 0.0047698840498924255, 0.0046587735414505005, 0.005383722484111786, 0.004109837580472231, 0.005526264198124409, 0.003496570745483041, 0.0032788091339170933, 0.003133246907964349, 0.004803256597369909, 0.00329365162178874, 0.003571938956156373, 0.004280454479157925, 0.00372205744497478, 0.0032016735058277845, 0.0037282356061041355, 0.0042003183625638485, 0.003306593047454953, 0.0032957373186945915, 0.004800454247742891, 0.003335255663841963, 0.004352608695626259, 0.0032475918997079134, 0.0034948475658893585, 0.004117960575968027, 0.0038880847860127687, 0.005015515256673098, 0.003927293699234724, 0.004906860180199146, 0.002877302933484316, 0.003215562319383025, 0.004144994542002678, 0.003147804643958807, 0.003283244324848056, 0.004246704280376434, 0.00335312751121819, 0.004042781889438629, 0.0038578903768211603, 0.0044078705832362175, 0.004800190683454275, 0.0034336342941969633, 0.003342418698593974, 0.0041420478373765945, 0.0031723128631711006, 0.004348712041974068, 0.00452017318457365, 0.003839158918708563, 0.0038421638309955597, 0.003500158665701747, 0.004192360211163759, 0.003745885333046317, 0.0033213256392627954, 0.003410576144233346, 0.00416570482775569, 0.0034403603058308363, 0.0036236036103218794, 0.0038853243459016085, 0.004353207070380449, 0.00396908400580287, 0.006485541816800833, 0.004381355829536915, 0.004019616171717644, 0.004383882973343134, 0.003332157852128148, 0.0038412604480981827, 0.003513435833156109, 0.00473377900198102, 0.004256685264408588, 0.004033641889691353, 0.004690112080425024, 0.0034506202209740877, 0.0041711097583174706, 0.004795975983142853, 0.004205739125609398, 0.0034325227607041597, 0.0032271621748805046, 0.003925822675228119, 0.00332421762868762, 0.003914021421223879, 0.003951767459511757, 0.003582450794056058, 0.0035022131633013487, 0.004267056938260794, 0.0037143072113394737, 0.0042069656774401665, 0.003702020039781928, 0.0035629391204565763, 0.0036350504960864782, 0.0041279555298388, 0.0037537405733019114, 0.0036773751489818096, 0.003952719271183014, 0.0033756510820239782, 0.0048948414623737335, 0.003222063882276416, 0.004089789930731058, 0.0033621161710470915, 0.003610435873270035, 0.0038872945588082075, 0.00531136617064476, 0.004615883342921734, 0.0031316163949668407, 0.0043176510371267796, 0.005071340128779411, 0.0035983577836304903, 0.00377773423679173, 0.0039926921017467976, 0.003786012064665556, 0.003109527286142111, 0.003410974284633994, 0.00290185259655118, 0.0066179269924759865, 0.004952057730406523, 0.0029818916227668524, 0.0032399462070316076, 0.004219433758407831, 0.0035106795839965343, 0.0034611383453011513, 0.0041664717718958855, 0.004967675544321537, 0.003332019317895174, 0.003642486175522208, 0.004190773703157902, 0.0031857311259955168, 0.0033744312822818756, 0.0034841797314584255, 0.004697736352682114, 0.0032495942432433367, 0.004388927482068539, 0.004178712144494057, 0.004058487247675657, 0.004560193512588739, 0.003754423698410392, 0.002611876465380192, 0.004303581081330776, 0.005203274544328451, 0.0033818839583545923, 0.004607797134667635, 0.004298161715269089, 0.0030431870836764574, 0.003433962818235159, 0.0033718817867338657, 0.00427216337993741, 0.0034826400224119425, 0.00353202479891479, 0.004304851870983839, 0.0035449028946459293, 0.0043202973902225494, 0.004805420525372028, 0.003576156683266163, 0.003997931722551584, 0.003388427197933197, 0.005083013325929642, 0.003454592078924179, 0.003727123374119401, 0.0035533630289137363, 0.004298783373087645, 0.004713017959147692, 0.00373062607832253, 0.003512405790388584, 0.00281945476308465, 0.0032879288773983717, 0.003462927881628275, 0.0032281852327287197, 0.0045919413678348064, 0.003337434958666563, 0.004353893455117941, 0.004066035617142916, 0.004484729375690222, 0.004393632523715496, 0.003506285836920142, 0.0033648458775132895, 0.004113911651074886, 0.005349946673959494, 0.0041417526081204414, 0.003848234424367547, 0.003397733438760042, 0.0046790288761258125, 0.004853780847042799, 0.0046649519354105, 0.0032742787152528763, 0.006365726701915264, 0.003535505151376128, 0.003633310319855809, 0.0030023346189409494, 0.004154188092797995, 0.00448373518884182, 0.0036109385546296835, 0.0033877005334943533, 0.0038082946557551622, 0.003202443942427635, 0.0037793503142893314, 0.005303137935698032, 0.004779394716024399, 0.0031299875117838383, 0.003210383001714945, 0.003936838358640671, 0.004272839054465294, 0.0037714773789048195, 0.00294130714610219, 0.004011011682450771, 0.005140672437846661, 0.006333069410175085, 0.00379301980137825, 0.003450100077316165, 0.0038420299533754587, 0.0032766994554549456, 0.003919941373169422, 0.003880188101902604, 0.004928578622639179, 0.0036757735069841146, 0.004200443159788847, 0.00394864659756422, 0.004022696055471897, 0.0035731950774788857, 0.004084239713847637, 0.0036705033853650093, 0.003865630365908146, 0.004764966666698456, 0.003472303505986929, 0.0031003281474113464, 0.004549398552626371, 0.004818454850465059, 0.004989089909940958, 0.0034518444444984198, 0.004079070873558521, 0.0035510207526385784, 0.003354366635903716, 0.0033248907420784235, 0.003467963309958577, 0.0029625638853758574, 0.003761970903724432, 0.004135383293032646, 0.003659704001620412, 0.004776648711413145, 0.005870512221008539, 0.00465012714266777, 0.00322336726821959, 0.004082805477082729, 0.0051069194450974464, 0.0037863198667764664, 0.0037340752314776182, 0.004183941055089235, 0.004042982589453459, 0.004448819439858198, 0.004480300936847925, 0.003756837220862508, 0.0035036804620176554, 0.0031629009172320366, 0.002847203053534031, 0.003151366952806711, 0.003700285917147994, 0.003421926172450185, 0.005089926067739725, 0.003592798486351967, 0.00421297037974, 0.00397491455078125, 0.003584706224501133, 0.004571598023176193, 0.003927632700651884, 0.0032710356172174215, 0.005061660427600145, 0.004301175940781832, 0.00320749101229012, 0.0037613878957927227, 0.003455533180385828, 0.004005294293165207, 0.004653532523661852, 0.004386376589536667, 0.004143550992012024, 0.0037629203870892525, 0.004184543155133724, 0.0043913316912949085, 0.004077984020113945, 0.003265638602897525, 0.005854274611920118, 0.004045072477310896, 0.003897598944604397, 0.0029065634589642286, 0.004519837908446789, 0.003582653822377324, 0.004148488398641348, 0.003747234819456935, 0.0038128106389194727, 0.003723974572494626, 0.004262762609869242, 0.0038555837236344814, 0.004367745481431484, 0.003120989305898547, 0.003983011469244957, 0.0034893120173364878, 0.005846032407134771, 0.0039939284324646, 0.0039042325224727392, 0.003287811763584614, 0.004331226926296949, 0.004535997286438942, 0.0038230870850384235, 0.0032234271056950092, 0.002940013073384762, 0.004420932848006487, 0.0033648849930614233, 0.003510913113132119, 0.005485952366143465, 0.002958085387945175, 0.003923716489225626, 0.0056234318763017654, 0.003082903567701578, 0.0037146033719182014, 0.0033215901348739862, 0.003593590809032321, 0.0036987634375691414, 0.0032525788992643356, 0.004292162135243416, 0.0040128654800355434, 0.003820545971393585, 0.0033914626110345125, 0.004036093596369028, 0.003352417843416333, 0.0031651968602091074, 0.004436196759343147, 0.004314885474741459, 0.003969805780798197, 0.003564580576494336, 0.0037234758492559195, 0.0037635022308677435, 0.0037297774106264114, 0.0034196653869003057, 0.004178146831691265, 0.0035949326120316982, 0.0038610813207924366, 0.0037413188256323338, 0.005509563256055117, 0.0030475177336484194, 0.004559973254799843, 0.004571882076561451, 0.0035430616699159145, 0.0029997294768691063, 0.003278367919847369, 0.00462679285556078, 0.0033908847253769636, 0.0038366413209587336, 0.002781146438792348, 0.0042410059832036495, 0.0034110562410205603, 0.0033770836889743805, 0.004305132664740086, 0.004008967895060778, 0.003983802627772093, 0.004068258684128523, 0.004230304155498743, 0.0035255977418273687, 0.003278439398854971, 0.0033478301484137774, 0.0031949542462825775, 0.003808283945545554, 0.004298692103475332, 0.004734646994620562, 0.0038734683766961098, 0.005410806275904179, 0.0036318472120910883, 0.0032526932191103697, 0.003597504924982786, 0.003990451339632273, 0.0036530718207359314, 0.0033299101050943136, 0.004036975558847189, 0.003097260370850563, 0.004319015424698591, 0.004831819329410791, 0.0033691891003400087, 0.0035797771997749805, 0.004385650623589754, 0.004873013589531183, 0.005865420680493116, 0.004063860047608614, 0.0035398281179368496, 0.003063357202336192, 0.003520447527989745, 0.0034799000713974237, 0.004149496555328369, 0.0037014512345194817, 0.004281267523765564, 0.004563324153423309, 0.004182690754532814, 0.004538063425570726, 0.003617815673351288, 0.003659724025055766, 0.004247054923325777, 0.004130721092224121, 0.0035810882691293955, 0.0031423233449459076, 0.0033550416119396687, 0.0036861810367554426, 0.006072734948247671, 0.003580274526029825, 0.0036758105270564556, 0.0038705957122147083, 0.003920970018953085, 0.003733755322173238, 0.0031526011880487204, 0.0041847326792776585, 0.004725039470940828, 0.004196532536298037, 0.003375475527718663, 0.0037838721182197332, 0.0037047755904495716, 0.00448200386017561, 0.003945316653698683, 0.003851888468489051, 0.003912697080522776, 0.0035066341515630484, 0.004275746177881956, 0.0033818574156612158, 0.004516232293099165, 0.003608993487432599, 0.0035271355882287025, 0.0029475355986505747, 0.004480111878365278, 0.0038984178099781275, 0.004397981334477663, 0.0036905973684042692, 0.0039566317573189735, 0.004126035608351231, 0.003393761580809951, 0.004017827101051807, 0.004384600557386875, 0.0034729281906038523, 0.003927913028746843, 0.003928858321160078, 0.005807938519865274, 0.0043465509079396725, 0.0041412306018173695, 0.0034971390850842, 0.004865826107561588, 0.0035962238907814026, 0.0037453460972756147, 0.004292232915759087, 0.0030403758864849806, 0.003620086470618844, 0.00403149239718914, 0.004563336260616779, 0.004896350670605898, 0.0033160748425871134, 0.003017794108018279, 0.0037410128861665726, 0.0038430807180702686, 0.0037303066346794367, 0.003806253196671605, 0.0037109525874257088, 0.0029094316996634007, 0.003603394376114011, 0.004206246696412563, 0.003390462836250663, 0.003353436477482319, 0.00332513265311718, 0.0034080983605235815, 0.0030388899613171816, 0.0035089512821286917, 0.0037134727463126183, 0.0029600325506180525, 0.004264439921826124, 0.0031387850176542997, 0.004202780779451132, 0.004709987435489893, 0.0038652517832815647, 0.004131568595767021, 0.0039000832475721836, 0.0031189967412501574, 0.003231070237234235, 0.003516832599416375, 0.0034131330903619528, 0.0035837336909025908, 0.0037023969925940037, 0.003444469766691327, 0.004690661560744047, 0.003776862984523177, 0.0036350961308926344, 0.0029302246402949095, 0.004101108759641647, 0.004383181221783161, 0.0032548157032579184, 0.004400069825351238, 0.0035027344711124897, 0.002985740313306451, 0.004245380405336618, 0.003629618790000677, 0.004228337202221155, 0.0031357109546661377, 0.0033481549471616745, 0.004325544461607933, 0.00364362308755517, 0.00405625207349658, 0.004190986044704914, 0.0037382133305072784, 0.0035301600582897663, 0.003848389955237508, 0.004513812251389027, 0.0035816326271742582, 0.0044907573610544205, 0.0030734518077224493, 0.004113675095140934, 0.0032499057706445456, 0.0029603575821965933, 0.0031214847695082426, 0.003096085973083973, 0.0034700059331953526, 0.003664362942799926, 0.00415640277788043, 0.0032838773913681507, 0.004119792953133583, 0.003627513302490115, 0.0035495448391884565, 0.00330821773968637, 0.0029720766469836235, 0.004225956276059151, 0.0034761277493089437, 0.003616757458075881, 0.0030844772700220346, 0.003596588736400008, 0.004312840756028891, 0.003382220398634672, 0.003983812872320414, 0.00473918579518795, 0.003948417492210865, 0.004426038358360529, 0.0041347104124724865, 0.002649781759828329, 0.0029900120571255684, 0.003603713819757104, 0.004140692763030529, 0.003226194065064192, 0.003353161970153451, 0.004237430635839701, 0.0034699696116149426, 0.003261550795286894, 0.004420971963554621, 0.004506830126047134, 0.0037063925992697477, 0.00487936707213521, 0.004529417492449284, 0.004179668612778187, 0.003669495228677988, 0.0034063938073813915, 0.003189353970810771, 0.0036273670848459005, 0.004923534579575062, 0.003010094864293933, 0.004265320021659136, 0.004500055685639381, 0.004156974609941244, 0.002885600319132209, 0.0029739129822701216, 0.00408858060836792, 0.0036299508064985275, 0.004287448711693287, 0.0032969219610095024, 0.0038867518305778503, 0.003322541480883956, 0.004545123316347599, 0.0031153575982898474, 0.0032655452378094196, 0.0042764050886034966, 0.0032842406071722507, 0.004038607235997915, 0.0036575670819729567, 0.0032638441771268845, 0.0038801939226686954, 0.004386259242892265, 0.006266017910093069, 0.0033433043863624334, 0.0035418341867625713, 0.003715934930369258, 0.003750019473955035, 0.004375551361590624, 0.003761537605896592, 0.0035675382241606712, 0.0043622758239507675, 0.004015502519905567, 0.003268867963925004, 0.004967513028532267, 0.0036836382932960987, 0.003703545080497861, 0.005030590109527111, 0.004102684557437897, 0.003496711142361164, 0.004623484332114458, 0.0044000460766255856, 0.0035491918679326773, 0.004719546530395746, 0.0034739018883556128, 0.0028756060637533665, 0.003623445052653551, 0.003577267052605748, 0.0032603470608592033, 0.003417127998545766, 0.003827175125479698, 0.003970835357904434, 0.004037435166537762, 0.0038029642309993505, 0.004964381922036409, 0.003615353722125292, 0.004663451574742794, 0.0037088394165039062, 0.0032223700545728207, 0.0033982081804424524, 0.00341453542932868, 0.0053894114680588245, 0.004285176284611225, 0.0029914667829871178, 0.004213717766106129, 0.003656169632449746, 0.005473132710903883, 0.004141768906265497, 0.005266607739031315, 0.0046335915103554726, 0.003192879958078265, 0.0033314276952296495, 0.003959445282816887, 0.0034829718060791492, 0.0037485812790691853, 0.003829778404906392, 0.003791988594457507, 0.0044307224452495575, 0.0047205425798892975, 0.005846777465194464, 0.004771678242832422, 0.004090785048902035, 0.004043771885335445, 0.004073330666869879, 0.004721174482256174, 0.003996714949607849, 0.003887275466695428, 0.0037436571437865496, 0.0032804214861243963, 0.0038602601271122694, 0.0036037880927324295, 0.004096061456948519, 0.004099768120795488, 0.003571128472685814, 0.0033752296585589647, 0.003964386414736509, 0.0036886492744088173, 0.004123199265450239, 0.004765571095049381, 0.004150883294641972, 0.003768018912523985, 0.004433669615536928, 0.0045180791057646275, 0.0034048312809318304, 0.00390043156221509, 0.0038431943394243717, 0.002991631394252181, 0.0030236640013754368, 0.003688886994495988, 0.006153726018965244, 0.0034774576779454947, 0.0048773265443742275, 0.0036245444789528847, 0.0035867250990122557, 0.003957362379878759, 0.005563497543334961, 0.0037009778898209333, 0.0036931829527020454, 0.0033976363483816385, 0.00351080484688282, 0.00312315602786839, 0.003882891498506069, 0.0036013557109981775, 0.004141919780522585, 0.0037264388520270586, 0.004249583464115858, 0.0035055731423199177, 0.0033702615182846785, 0.0034968634136021137, 0.0040143923833966255, 0.004930148366838694, 0.00408761203289032, 0.003532127710059285, 0.0035236028488725424, 0.002986844163388014, 0.0031893234699964523, 0.0034949963446706533, 0.003837575437501073, 0.0030570493545383215, 0.004893495235592127, 0.003361109644174576, 0.00346668460406363, 0.0034034468699246645, 0.0037285350263118744, 0.0032160645350813866, 0.004089984577149153, 0.003120443318039179, 0.00305331964045763, 0.0044115083292126656, 0.0032609186600893736, 0.004274354316294193, 0.004194176290184259, 0.004207542631775141, 0.003657449036836624, 0.00410618307068944, 0.003955939318984747, 0.005211900919675827, 0.0037916889414191246, 0.003477461403235793, 0.003077547997236252, 0.004935852717608213, 0.0038171960040926933, 0.0034784169401973486, 0.0038111195899546146, 0.002807736163958907, 0.004117438569664955, 0.004986507818102837, 0.0045080832205712795, 0.003377595916390419, 0.00481773866340518, 0.0035284694749861956, 0.004120280500501394, 0.003474973840638995, 0.0035590704064816236, 0.004208311438560486, 0.0032097615767270327, 0.003812138456851244, 0.0038719859439879656, 0.0047120158560574055, 0.003297202754765749, 0.002832177560776472, 0.004443935118615627, 0.005546832922846079, 0.004733807872980833, 0.005225821863859892, 0.004065011627972126, 0.004077001474797726, 0.0032616560347378254, 0.004428495187312365, 0.0034507380332797766, 0.0041101593524217606, 0.0034873299300670624, 0.0033979464787989855, 0.0033217077143490314, 0.004126436542719603, 0.00435124384239316, 0.004121549427509308, 0.0038676862604916096, 0.004171481356024742, 0.0036255212035030127, 0.003853175789117813, 0.0031272454652935266, 0.0033538248389959335, 0.003740049432963133, 0.004161571618169546, 0.003852341789752245, 0.004082819912582636, 0.00397453224286437, 0.0041042594239115715, 0.003406716277822852, 0.004060358740389347, 0.0033030244521796703, 0.003911598585546017, 0.003598912386223674, 0.0033983171451836824, 0.0033244984224438667, 0.003917078487575054, 0.003810863709077239, 0.0035392967984080315, 0.004076141864061356, 0.0032399501651525497, 0.0035825250670313835, 0.0037887967191636562, 0.0034658743534237146, 0.004923576954752207, 0.0037815668620169163, 0.004306468181312084, 0.0036415415816009045, 0.005419929511845112, 0.0034398981370031834, 0.004198750481009483, 0.0041436259634792805, 0.0037347155157476664, 0.005426941905170679, 0.005220815073698759, 0.003001410746946931, 0.0033461847342550755, 0.004142788704484701, 0.004206974059343338, 0.004153857938945293, 0.005149049684405327, 0.0033035746309906244, 0.004102029372006655, 0.004466928541660309, 0.003459393046796322, 0.004695061594247818, 0.003192311618477106, 0.004960471764206886, 0.004678432364016771, 0.003454388352110982, 0.0036572557874023914, 0.004506152588874102, 0.004157997202128172, 0.003855085698887706, 0.004047448746860027, 0.0032528992742300034, 0.0031916447915136814, 0.003914966247975826, 0.003505163360387087, 0.006585283670574427, 0.004344310611486435, 0.00459943525493145, 0.0035100169479846954, 0.0038444832898676395, 0.0033834646455943584, 0.004003351088613272, 0.00420225178822875, 0.0038245401810854673, 0.004241290036588907, 0.003688027150928974, 0.0036127702333033085, 0.005398440174758434, 0.003105719108134508, 0.004005788825452328, 0.005779620725661516, 0.005785456858575344, 0.0033214506693184376, 0.00358084705658257, 0.003359256312251091, 0.005698921158909798, 0.0037172180600464344, 0.00462535722181201, 0.005211648065596819, 0.004571720026433468, 0.004278083331882954, 0.0039446596056222916, 0.0038785592187196016, 0.003817210905253887, 0.00523017905652523, 0.003970299381762743, 0.006923343054950237, 0.003713170764967799, 0.0033579959999769926, 0.0034032564144581556, 0.0044823442585766315, 0.0032880061771720648, 0.0036915855016559362, 0.004144938196986914, 0.004888671450316906, 0.003922427073121071, 0.004262295551598072, 0.0038386518135666847, 0.003214051714166999, 0.003241014899685979, 0.004596067126840353, 0.0037974808365106583, 0.004636260215193033, 0.004012780264019966, 0.0035720285959541798, 0.004115900490432978, 0.0031793653033673763, 0.004722312558442354, 0.004841194953769445, 0.003152833553031087, 0.00377991353161633, 0.0036642816849052906, 0.004059857223182917, 0.0031551532447338104, 0.004072639625519514, 0.003970149904489517, 0.0037611115258187056, 0.0038610566407442093, 0.004342364612966776, 0.003719654167070985, 0.0035633568186312914, 0.003688241820782423, 0.0035809515975415707, 0.003973361570388079, 0.004169093910604715, 0.0031605239491909742, 0.0037840597797185183, 0.004318686667829752, 0.004346385598182678, 0.0035405000671744347, 0.0032194769009947777, 0.003782112617045641, 0.004200844094157219, 0.00346943037584424, 0.004298144951462746, 0.003203001571819186, 0.00426093116402626, 0.004389071837067604, 0.003562567289918661, 0.0037465740460902452, 0.003922441974282265, 0.0036037294194102287, 0.0054223062470555305, 0.003808380337432027, 0.004504825454205275, 0.004984700586646795, 0.0034064394421875477, 0.004675333853811026, 0.003728574840351939, 0.0035737694706767797, 0.004096942022442818, 0.005298291798681021, 0.004652389325201511, 0.0032641575671732426, 0.0034198558423668146, 0.003755254205316305, 0.004505309741944075, 0.0036802904214709997, 0.003964756149798632, 0.003509960602968931, 0.004345394670963287, 0.003441914450377226, 0.0041640279814600945, 0.0034352662041783333, 0.00451092841103673, 0.004927424248307943, 0.0037634146865457296, 0.0032375187147408724, 0.004009996075183153, 0.003226038534194231, 0.003193993354216218, 0.003271788125857711, 0.0028674043715000153, 0.0034625413827598095, 0.004736685194075108, 0.004426618106663227, 0.00339365191757679, 0.0038227688055485487, 0.0037828937638550997, 0.0038020992651581764, 0.004168371669948101]
OUTPUT_SCALES: [0.0235294122248888]
OUTPUT_ZERO_POINT: -128

REAL_MULTIPLIERS: [0.020517412507289175, 0.023303903510030206, 0.03404604236215491, 0.02280730809886959, 0.02701749388823236, 0.030648294980503855, 0.024164735654928438, 0.02378994544824532, 0.02854896988777687, 0.024738719438068837, 0.02973859657892445, 0.026657901714715253, 0.023635779915509202, 0.025163111290134717, 0.03387406784382326, 0.03480871140425368, 0.027274912187676248, 0.021488227193131364, 0.022671359563442826, 0.02698177109189743, 0.025344237849873105, 0.026533158180820478, 0.02527379212780627, 0.029823714595743445, 0.027036007621333572, 0.025642471834949276, 0.02657945864051872, 0.02289519833757021, 0.029240332028934588, 0.022388146215135355, 0.022596185421040388, 0.022402597570738144, 0.030100323959987373, 0.022157550250964934, 0.025004394733460306, 0.02820279533267458, 0.021836524054223302, 0.02303363848603194, 0.029424150175828542, 0.018826074937960336, 0.024470755729152055, 0.02328165800180737, 0.022974091353538104, 0.031746449638419647, 0.026000635161120767, 0.02525616376399709, 0.023155716235883483, 0.023123591361024928, 0.0336324700776305, 0.02482472282417987, 0.030333635701731178, 0.03321487573297069, 0.023665572834090372, 0.025289057894142167, 0.028563493814633103, 0.031130461613784976, 0.041131512501891086, 0.031162344584465377, 0.034336472518443906, 0.027283133704344365, 0.035318316422115296, 0.026666194189942295, 0.021597613037102545, 0.022792371322215982, 0.025432428049754627, 0.037203027353375086, 0.028475472947676283, 0.023483286746991378, 0.023948152393451088, 0.022471541874205914, 0.03635235034587566, 0.023000824990612914, 0.03295444492016155, 0.026218869821787633, 0.025353467300616852, 0.028072883112839963, 0.024096088087252533, 0.02608146502320839, 0.024781294573423547, 0.022312114119247738, 0.028841212712707485, 0.030752242818550185, 0.019743149804278853, 0.02506474660052013, 0.028078640432279974, 0.028837848631936655, 0.032062563567650276, 0.025014467623438546, 0.03143327726399534, 0.023731870705849166, 0.024039635715544516, 0.03166904997757821, 0.027225383113546935, 0.02382968869202113, 0.0292077362472759, 0.029694573243889872, 0.021093623421563096, 0.020350548617894617, 0.027797692919774526, 0.023145282102332538, 0.029899924088028374, 0.025678076904584173, 0.024042436965927515, 0.021545863282617803, 0.031478094044734256, 0.02197331764157908, 0.028025908546831936, 0.03494804498548005, 0.03390310924675764, 0.02423938889700059, 0.026144237544744254, 0.02374005190515426, 0.026958746652220946, 0.024746960307071207, 0.029450849946318414, 0.030060493630707424, 0.025267139762907096, 0.023169856341443713, 0.025567886326047007, 0.02173580805599708, 0.019366942039111764, 0.026596522561245547, 0.03490797275202195, 0.029898717792526657, 0.029738348223968213, 0.02222493991691445, 0.03030300095661004, 0.030630245703424694, 0.022336607723632863, 0.027062810604272788, 0.02408360099357634, 0.020244976796465627, 0.024556860715017913, 0.026878052256473082, 0.027266971279854786, 0.022877305491859585, 0.029129894708135706, 0.02466507574276684, 0.02838376546104443, 0.035689510320016556, 0.019046680259573092, 0.030626442969744146, 0.02362329604722205, 0.02438329607988855, 0.02249931892463582, 0.023071157824063274, 0.02070905383530456, 0.0299650962990115, 0.023591759805863668, 0.031224488155138043, 0.036326227920024316, 0.029715699542115125, 0.025275648339199954, 0.024353256419045663, 0.026402442839114394, 0.029837664403350197, 0.02659180542977159, 0.023482894862222773, 0.02144058819698068, 0.042388536922460786, 0.023149250943548746, 0.02950867794645285, 0.02551806535420939, 0.02319951379368512, 0.022131543939119102, 0.026228984641823418, 0.02774505134521966, 0.018707303211876868, 0.025067246277027697, 0.022994372599834344, 0.028921789381755315, 0.02316352490275422, 0.027260414063932353, 0.023353811567371954, 0.029631907160192397, 0.022994687075265943, 0.0284567850435668, 0.025566402647087674, 0.030664638026779788, 0.028199008725939247, 0.028995718523987534, 0.026314829983871392, 0.03008409057693887, 0.022782646774254282, 0.028651405018362493, 0.02741906772552044, 0.02980486219679282, 0.022118855258627782, 0.025466396234450697, 0.02149897741480843, 0.03175762561145026, 0.028302917859317073, 0.020951640183238703, 0.024786334243801708, 0.027766196995779167, 0.02820997827407117, 0.023712305495920252, 0.02782450880426991, 0.02408561202364404, 0.031762573358240724, 0.024863990323071985, 0.023767475775484062, 0.021793684436967147, 0.020493928449674202, 0.03306900428815614, 0.02906744472550405, 0.02714053602940747, 0.024493460855313377, 0.0238950253978454, 0.026503203992787206, 0.022924246191282673, 0.027093522758730934, 0.02420444503211931, 0.03205876405935878, 0.027302595701823935, 0.02643132135990215, 0.022489826604685143, 0.027913397300879033, 0.022897519004985944, 0.03226216354312685, 0.02524138503140654, 0.022038686601293767, 0.021030694468658698, 0.024871989287896204, 0.02967858176501952, 0.02724240994229978, 0.029528556019118843, 0.03507350939382572, 0.025308721478436862, 0.04368996527397202, 0.024955441391274997, 0.023861820017657766, 0.02762258009790499, 0.026004442732884873, 0.024070812326024715, 0.02914003855667287, 0.03150744185962763, 0.033179628681519455, 0.0382468277551547, 0.026582090557977014, 0.029055436602100596, 0.029057458921029945, 0.030809561207215983, 0.04387395759187424, 0.022188317237036796, 0.021353612356073474, 0.02670139608594694, 0.022374752787138356, 0.025994310173209356, 0.029311671183766062, 0.0318254394160588, 0.030973952835909833, 0.027099815492751922, 0.026868588965023785, 0.031754519561802794, 0.025257718401515347, 0.028981439726698494, 0.02504747141681105, 0.022695048433261967, 0.029586051804181952, 0.029360551954697927, 0.0242801142717397, 0.024551222734972455, 0.023219927280932084, 0.027714368219262896, 0.02648247119202508, 0.03222565858994923, 0.02593249397952446, 0.03143125171967695, 0.028487603635863334, 0.024507438078726986, 0.027886129861917765, 0.023205337233600493, 0.028342725610873726, 0.026532409890562728, 0.023768615950510417, 0.04401695198966331, 0.026855100388050043, 0.02200328473116852, 0.0420531770968164, 0.032839698479602525, 0.02440304674968738, 0.02212034055028163, 0.026588433285528155, 0.027563242615698886, 0.033833673071460964, 0.02693229523668731, 0.025395168355541172, 0.023753775935528066, 0.02514660213632312, 0.03590921737078111, 0.03036649273990227, 0.021994266543407023, 0.02240345552422332, 0.026392861820965063, 0.02671215598379113, 0.03070195900338504, 0.03920932254996299, 0.027756037020296793, 0.024167443369029217, 0.027148963970974275, 0.026061030570932654, 0.022336796408891822, 0.02389118557219087, 0.021166696223004655, 0.029068815515846908, 0.02195455555352163, 0.02100483975009784, 0.022834890013262457, 0.03166608261965955, 0.0333365212806906, 0.025716405815265058, 0.02718653007714672, 0.03202146243508777, 0.02463262026553148, 0.029796508439173978, 0.027437207313492782, 0.03061111269562741, 0.027139236197623533, 0.02612183399245836, 0.032158228606636696, 0.03034816285397645, 0.028320818768500303, 0.023995555936201705, 0.02317689736572245, 0.02518806289976381, 0.023991999944782873, 0.022671096694235903, 0.0217093147104059, 0.023067774390958192, 0.021226120790714894, 0.021989586503907046, 0.03520746302612999, 0.024078890312880463, 0.028390561355755975, 0.02476316143622929, 0.03285046805361384, 0.03125083958361138, 0.02458247514209514, 0.02639102334921111, 0.02815813014522064, 0.02143389551471848, 0.02384862495108685, 0.021948867579946022, 0.02520881827824923, 0.02564446512537725, 0.02417849677727623, 0.02498281849346369, 0.027224480004615168, 0.02269471783088516, 0.03303845985392818, 0.03226885622538905, 0.037290193492235765, 0.02846666763559156, 0.038277504430333384, 0.02421889316233305, 0.022710573843415748, 0.021702341419297045, 0.033269613810402866, 0.0228133798937412, 0.024740928829562626, 0.029648440504421808, 0.025780720072763004, 0.022176296212077177, 0.02582351292187805, 0.02909338007879096, 0.022903018293302595, 0.022827826411260424, 0.03325020341914797, 0.02310154905231174, 0.030148214536483336, 0.02249434860012206, 0.024206957610183044, 0.028522931322040614, 0.02693070350719507, 0.03473981709431606, 0.027202282877227965, 0.03398722094219553, 0.01992955310048999, 0.022272496665644567, 0.028710181282875284, 0.0218031751442233, 0.0227412940613465, 0.029414670757434036, 0.023225337871050078, 0.028002208388151147, 0.026721562830932192, 0.03053098435565642, 0.033248377848950184, 0.023782965706358378, 0.023151163599250665, 0.02868977102101736, 0.021972930594894035, 0.030121224480979685, 0.03130884498014312, 0.026591819944022276, 0.026612633379510454, 0.024243744784901843, 0.029038258180062778, 0.025945763230043342, 0.023005063151814133, 0.023623254117164507, 0.028853630460519277, 0.023829553225681366, 0.02509878251838608, 0.026911583400953957, 0.030152359161402336, 0.027491742191415314, 0.044921912294739984, 0.030347330703603608, 0.027841751734088566, 0.03036483488993467, 0.02308009215170968, 0.02660637612476893, 0.024335708689962536, 0.03278837931455489, 0.029483803746160768, 0.027938900452034312, 0.03248592168252819, 0.023900618222444266, 0.02889106755113004, 0.03321918485273083, 0.029130926832629155, 0.02377526670271507, 0.02235284271937589, 0.027192093873244214, 0.02302509443045962, 0.027110352838752214, 0.027371799649109588, 0.024813738761797263, 0.02425797520135525, 0.029555642836293753, 0.02572703831024209, 0.029139422507365842, 0.025641931582284738, 0.02467859173554744, 0.0251780690318171, 0.028592161072438605, 0.026000172317793235, 0.02547122947993017, 0.027378392344311483, 0.02338134671362371, 0.0339039736510209, 0.022317529547449297, 0.02832780818655437, 0.023287597555728255, 0.025007576579750262, 0.026925230021990758, 0.03678901964133, 0.031971778542284446, 0.0216910477195664, 0.029906081355709598, 0.03512648640884095, 0.02492391805147278, 0.026166363713572532, 0.027655262965067814, 0.026223699841878063, 0.02153804816496898, 0.023626011824795436, 0.020099595610785465, 0.04583887427244203, 0.034300280428003364, 0.02065398354280105, 0.022441390937441078, 0.02922578229896602, 0.0243166176122228, 0.02397347169743097, 0.02885894267627149, 0.03440845675108378, 0.02307913259846968, 0.025229572044040128, 0.029027269279596604, 0.022065871792834462, 0.02337289780702813, 0.02413306717261933, 0.03253873097731324, 0.022508217773002763, 0.03039977552942691, 0.028943725252630115, 0.02811099108437147, 0.031586044590581744, 0.026004903963517883, 0.01809108457192569, 0.02980862622580486, 0.03604032620995032, 0.023424518545951192, 0.03191576966156971, 0.02977108914813379, 0.021078544727791634, 0.023785241218327525, 0.02335523880202305, 0.029591012452528584, 0.024122402423751882, 0.02446446460782559, 0.029817428312500543, 0.024553664354477266, 0.029924411241635415, 0.03328460219328115, 0.024770142790810752, 0.027691555042568664, 0.023469840100075183, 0.035207340461346395, 0.023928129178278204, 0.025815809080151176, 0.02461226322259275, 0.02977539504250489, 0.03264457856950532, 0.025840070456525276, 0.02432857412940158, 0.019528869470577505, 0.022773741475109254, 0.023985866867519468, 0.022359928899101215, 0.03180594516468881, 0.02311664387302841, 0.03015711338485028, 0.02816327464074267, 0.03106334449320951, 0.030432364860307513, 0.02428618445391679, 0.023306504786292596, 0.028494886564320223, 0.03705624634885068, 0.028687726124364717, 0.026654681163756792, 0.02353429950008002, 0.03240915419793899, 0.033619568521462403, 0.03231165068719862, 0.0226791940334259, 0.04409201646883832, 0.02448857116552567, 0.025166015752967057, 0.020795581347134922, 0.02877386013873195, 0.031056458287604793, 0.025011058387221126, 0.023464806880475107, 0.026378039545622445, 0.022181632618247203, 0.026177557426242875, 0.03673202701695745, 0.03310433519972246, 0.021679765308697405, 0.02223662227602466, 0.027268393676422316, 0.02959569249202856, 0.026123025773709386, 0.02037287637353802, 0.027782152995370058, 0.035606714583307816, 0.04386581670993218, 0.026272238721571473, 0.023897015462884325, 0.026611706080160873, 0.02269596121836086, 0.027151357209643456, 0.026876007359820438, 0.0341376530871155, 0.02546013575432013, 0.029094244483054223, 0.027350183091749948, 0.02786308445721251, 0.024749629316503482, 0.02828936477456249, 0.02542363241383703, 0.02677517363489418, 0.033004399745644404, 0.024050806850491567, 0.021474330604443807, 0.031511273621809555, 0.033374884057956425, 0.03455678271695931, 0.023909097770235747, 0.02825356295619603, 0.02459603951571137, 0.023233920631290903, 0.023029756730319862, 0.024020744611925385, 0.02052011054522283, 0.026057179456416477, 0.02864360925304792, 0.025348830803868943, 0.03308531508054165, 0.0406619281112629, 0.032208967201656766, 0.022326557411377918, 0.028279430576313058, 0.03537292548398579, 0.02622583182403484, 0.025863960913159546, 0.028979943146182997, 0.028003598530828257, 0.030814615391844834, 0.03103267104341987, 0.02602162115492269, 0.024268138402226667, 0.02190773903157666, 0.01972106717820264, 0.02182784937039478, 0.025629920233492243, 0.023701869749674784, 0.035255221361675235, 0.024885411744394584, 0.029181013899062736, 0.027532127287610487, 0.024829360933622303, 0.03166503759360994, 0.027204630960450556, 0.02265673081144273, 0.03505944024682441, 0.029791967091402808, 0.022216590997379174, 0.026053141269335865, 0.023934647689532136, 0.027742551668712093, 0.03223255447172108, 0.030382106848254705, 0.02870018257684501, 0.026063756024673163, 0.02898411357421433, 0.030416428213050878, 0.02824603489817195, 0.022619348552445677, 0.040549458795367546, 0.02801807407684886, 0.026996603043407175, 0.020132225259029093, 0.03130652270003287, 0.024815145031419582, 0.028734381376857587, 0.025955110407487127, 0.026409319368551988, 0.025793998999449015, 0.029525898298548216, 0.026705585866312526, 0.030253059032683348, 0.021617439503543865, 0.02758821035227319, 0.02416861579794599, 0.04049236940932373, 0.027663826372974386, 0.02704255032300532, 0.022772930289765188, 0.030000114347840747, 0.03141845015056916, 0.02648049886662588, 0.02232697187386982, 0.02036391301739024, 0.03062145974367422, 0.023306775718972127, 0.024318235144827373, 0.037998285726354455, 0.020489090366111167, 0.02717750543860714, 0.03895053346017624, 0.02135363977188033, 0.025729089657672816, 0.02300689517279, 0.024890899743849587, 0.025619374824019346, 0.022528890904067612, 0.029729533235716362, 0.02779499326914635, 0.026462897918623562, 0.023490864798545612, 0.027955882125340566, 0.023220422378150033, 0.021923641812248356, 0.030727184771082706, 0.029886925770189022, 0.02749674154443045, 0.02468996123192057, 0.02579054460778501, 0.02606778614828117, 0.02583419218499619, 0.023686210485875762, 0.0289398096303331, 0.024900193702374177, 0.026743664809342656, 0.02591413345240274, 0.038161825852341215, 0.021108540845882453, 0.03158451898156486, 0.03166700508092557, 0.024540911166205107, 0.020777536908139323, 0.02270751778729843, 0.03204734295676097, 0.02348686209074446, 0.02657438187816658, 0.019263528002951887, 0.029375201671726796, 0.023626579493266832, 0.023391269623011492, 0.029819373222092882, 0.02776799676286462, 0.027593690288255587, 0.02817867264802929, 0.029301075780763016, 0.02441994778826758, 0.02270801288451638, 0.02318864584530802, 0.0221297554608953, 0.02637796536167448, 0.029774762866252656, 0.032794391439729224, 0.02682946338324952, 0.03747778856969793, 0.02515588158059702, 0.02252968273707743, 0.024918010751442315, 0.027639742392997598, 0.025302893200437927, 0.023064523198803834, 0.027961991012186157, 0.021453081741434957, 0.029915531745602724, 0.0334674527234625, 0.02333658798988755, 0.024795220190612484, 0.03037707846673819, 0.033752783539676055, 0.04062666170747742, 0.028148205623138335, 0.024518514064697294, 0.02121825245414688, 0.024384274985462803, 0.024103424234628613, 0.028741364344133567, 0.025637991769569907, 0.029654072033689183, 0.03160772888111126, 0.028971282976605162, 0.03143276120174862, 0.02505869254528825, 0.025348969495597753, 0.02941709947538268, 0.02861131665795918, 0.0248043012734603, 0.021765209089809646, 0.023238595832707317, 0.025532223199409353, 0.04206261781054241, 0.024798664906109366, 0.02546039217274897, 0.02680956595824928, 0.027158482094037286, 0.025861745070887676, 0.021836398264050663, 0.028985426307554435, 0.032727845213014195, 0.02906715766587931, 0.023380130741954865, 0.026208877566535442, 0.025661017821940912, 0.031044466291146548, 0.027327118334710437, 0.02667999079156955, 0.027101179832316698, 0.02428859704492022, 0.02961582859581791, 0.023424334698775796, 0.03128154851268048, 0.024997585937192597, 0.024430599635578865, 0.020416017564669608, 0.03103136153546881, 0.02700227489003757, 0.03046248676857097, 0.025562812789083903, 0.027405492063042564, 0.028578862793418345, 0.023506788544246083, 0.02782935978938911, 0.030369805214448427, 0.02405513370989144, 0.027206572644653856, 0.027213120184409162, 0.04022851323335196, 0.030106255450435652, 0.02868411046324861, 0.024222829749658843, 0.033702999659812424, 0.024909137706187707, 0.02594202822953268, 0.02973002349485075, 0.02105907305414494, 0.025074421154951676, 0.02792401205621633, 0.03160781274122636, 0.0339144271369061, 0.022968693664976277, 0.020902661037941056, 0.02591201437180213, 0.0266189841705342, 0.025837857839642448, 0.026363899440062216, 0.025703802607583353, 0.020152092042833438, 0.024958803859351307, 0.029134442506684958, 0.02348393988827239, 0.02322747791667946, 0.023031432319927193, 0.0236060918220719, 0.021048780837711844, 0.02430464658079333, 0.025721258413078783, 0.02050257733039039, 0.029537516149877582, 0.02174070097117383, 0.02911043593604518, 0.03262358773761983, 0.026772551393603017, 0.028617186866015665, 0.02701381049394637, 0.021603638063833044, 0.02237991179691107, 0.024359236290329576, 0.023640964728394255, 0.024822624708608035, 0.025644542534714255, 0.023858017283977222, 0.03248972764159778, 0.02616032901067491, 0.025178385119943216, 0.020296113727032387, 0.02840620771799883, 0.03035997422864834, 0.02254438406033097, 0.030476952638424447, 0.024261586024387796, 0.020680641383233375, 0.029405500976387566, 0.025140446481336415, 0.029287451737449507, 0.021719408565412913, 0.02319089555416483, 0.029960754925360936, 0.025237446831386227, 0.02809550921696976, 0.029028740056999767, 0.025892623332881486, 0.024451548537406807, 0.026655758443696827, 0.03126478616582908, 0.024808071753250425, 0.031105097154358503, 0.021288172437799863, 0.028493248066686874, 0.022510375558271876, 0.020504828651941722, 0.021620871317484577, 0.021444947310270975, 0.024034892780958224, 0.02538110082123439, 0.028789200089015816, 0.02274567897774913, 0.028535623227920977, 0.02512586288478291, 0.02458581664514268, 0.022914271675670214, 0.020586000405267802, 0.029270960323277643, 0.024077295357999184, 0.02505136284869025, 0.02136453997414785, 0.024911664798502133, 0.029872763086905497, 0.023426848889534054, 0.02759376124681451, 0.03282582930672182, 0.02734859620034127, 0.030656822909130965, 0.028638948565882196, 0.018353634465335437, 0.020710229489610377, 0.024961016476234135, 0.02868038513890507, 0.022346137135557522, 0.02322557654983919, 0.029350437134662143, 0.024034641200612945, 0.022591034474740278, 0.03062173067635375, 0.031216424682532985, 0.025672217985389337, 0.033796790747765426, 0.03137287540340537, 0.02895035020172243, 0.025416649446561048, 0.023594285285483574, 0.022090965319581404, 0.025124850112623713, 0.034102715673012304, 0.02084933245552024, 0.029543612135167006, 0.031169501722749626, 0.02879316086675942, 0.019987024695135285, 0.020598719726955022, 0.02831943185121223, 0.02514274618372338, 0.029696885847833, 0.02283603180098333, 0.02692147083106228, 0.023013484642602854, 0.03148166132501474, 0.021578431648469634, 0.02261870186194275, 0.029620392521312374, 0.022748194781201908, 0.027973292775389406, 0.0253340294935551, 0.02260691951577224, 0.026876047677183466, 0.030381294050216116, 0.04340138649099314, 0.023157298289208594, 0.02453240904069033, 0.02573831265763848, 0.025974398233958425, 0.03030712622919479, 0.026054178231912875, 0.024710447290420982, 0.030215173612995742, 0.027813258647291332, 0.02264171662545211, 0.03440733109030812, 0.025514610962545384, 0.025652494731397364, 0.034844232613773486, 0.028417122434517036, 0.024219865617129223, 0.03202442656761739, 0.030476788143583303, 0.024583371800248822, 0.032689798523874485, 0.02406187799837831, 0.019917799782820857, 0.02509768427341727, 0.024777833730981455, 0.022582696844066646, 0.023668635340985775, 0.026508814557025806, 0.027503872879602362, 0.027965174471170633, 0.026341118517258403, 0.03438564357438955, 0.02504163991342307, 0.03230125848370522, 0.025689165792110648, 0.022319650240744428, 0.023537587784208364, 0.02365067798749431, 0.037329598070162166, 0.029681145949307926, 0.02072030560497766, 0.029186190648475184, 0.025324350101039988, 0.03790949076602755, 0.02868783901298119, 0.036479001697388796, 0.032094433636774514, 0.022115387965407605, 0.02307503474169179, 0.02742497986363447, 0.02412470051344432, 0.025964436619902137, 0.026526846094465237, 0.02626509609753791, 0.030689267097504677, 0.032696697631035374, 0.04049753003179097, 0.033050887277907094, 0.028334700842937172, 0.02800906556525449, 0.028213803585475008, 0.0327010744839654, 0.027683127101001855, 0.026925097781040037, 0.02593032974347726, 0.022721741752973753, 0.026737976835767046, 0.024961530925786336, 0.02837124772617234, 0.028396921822946845, 0.024735315039934983, 0.023378427736540676, 0.02745920446675938, 0.0255493193740266, 0.02855921694876338, 0.03300858630062095, 0.028750969552700713, 0.02609907080929428, 0.030709680584751646, 0.031294340405621145, 0.023583462492553064, 0.027016223084949803, 0.02661977116546045, 0.020721445780004014, 0.020943318679510284, 0.02555096593513255, 0.04262360005045441, 0.024086507069103202, 0.033782657092983275, 0.02510529941694549, 0.024843344607813993, 0.0274105526984495, 0.03853540008735549, 0.025634713161608688, 0.025580721761739738, 0.02353362700646476, 0.024317485241875103, 0.0216324472387564, 0.026894732355903905, 0.024944683106125326, 0.028688884039030804, 0.025811067758259403, 0.029434613337880867, 0.02428124799598797, 0.02334401606085133, 0.024220920319345963, 0.02780556931981515, 0.03414852587357616, 0.028312723042004825, 0.024465177418803875, 0.024406130221611554, 0.02068828716795749, 0.022090754056599153, 0.024207988121981973, 0.026580852008584878, 0.02117456133418363, 0.033894649051300414, 0.023280625877313922, 0.02401188769361599, 0.023573873410931128, 0.02582558684703207, 0.022275975247726388, 0.028329156399173935, 0.021613657734892093, 0.021148727580651543, 0.030556181094852707, 0.02258665600911573, 0.0296061879079713, 0.029050837197326672, 0.02914341876438891, 0.025333211857432945, 0.02844135478238976, 0.027400695909537077, 0.0361000765419538, 0.02626302055968937, 0.024086532872215537, 0.02131654457250802, 0.034188036889340946, 0.026439694469855245, 0.02409315137052977, 0.02639760636824588, 0.019447700942640467, 0.028519315660924506, 0.03453889793472129, 0.03122510420444507, 0.02339481755095772, 0.03336992340960979, 0.02443983876248974, 0.028539000210247977, 0.02406930284395305, 0.02465179520338631, 0.029148743881697293, 0.02223231799434808, 0.026404663519469827, 0.02681919535723424, 0.032637637532286885, 0.02283797671057567, 0.01961699354998367, 0.03078078428618305, 0.0384199730897086, 0.0327885792886755, 0.03619649954736509, 0.02815618201023926, 0.02823922932729328, 0.022591763412663772, 0.03067384006171668, 0.0239014342458719, 0.028468896379419597, 0.02415488692948862, 0.023535775115566746, 0.023007709583523113, 0.028581639853383526, 0.030138760921201165, 0.02854778939538749, 0.026789413727514717, 0.028893641411585576, 0.02511206467046113, 0.026688907379576226, 0.02166077260532345, 0.023230167891140508, 0.025905341041874183, 0.028825001907382276, 0.02668313070780196, 0.028279530563373362, 0.027529479243206985, 0.02842803070025716, 0.023596518867395173, 0.028123953922931363, 0.022878300524379048, 0.027093571139566563, 0.02492775948982183, 0.0235383425252442, 0.023027039340051958, 0.027131527517813097, 0.02639583401696729, 0.024514833895800347, 0.028233275259121705, 0.022441418353247936, 0.024814253211349464, 0.02624298766834936, 0.02400627551668287, 0.03410300918341513, 0.026192910278082907, 0.029828623637865405, 0.025223029342368385, 0.03754098039180925, 0.023826352027057157, 0.029082520193886467, 0.028700701864480777, 0.025868395823092326, 0.03758955152539308, 0.03616182016438525, 0.020789182175275547, 0.02317724893312803, 0.02869490261498322, 0.0291394805643686, 0.028771573337901157, 0.03566473933217382, 0.0228821113215322, 0.02841258431213491, 0.030940047546300083, 0.023961382939301466, 0.03252020434265585, 0.022111451378081817, 0.03435855998260368, 0.032405022474576155, 0.023926718070572322, 0.025331873320980507, 0.03121173174147684, 0.028800243821095705, 0.026702136312732085, 0.028034533237130305, 0.022531109971728525, 0.022106832620973637, 0.027116897153118477, 0.02427840965363099, 0.045612771275207145, 0.03009073810375448, 0.031857851350542095, 0.024312027883616, 0.026628699042328775, 0.02343546712905434, 0.02772909212023973, 0.02910677189409344, 0.026490563693131516, 0.02937716915904243, 0.025545010254266455, 0.025023745455017926, 0.037392135138297956, 0.02151167093338331, 0.027745977031874723, 0.04003237087492843, 0.04007279467579211, 0.023005929168771914, 0.02480263052193653, 0.023267788828926668, 0.03947340772855674, 0.025747200217143777, 0.03203739908234441, 0.036098325155703985, 0.03166588264553895, 0.029632016823419826, 0.027322567310772143, 0.02686472494895144, 0.02643979768230459, 0.0362266795126313, 0.027500160456814995, 0.04795432953576818, 0.02571916674828503, 0.02325905931348443, 0.02357255422681294, 0.031046824050536267, 0.02277427688969023, 0.025569657064631077, 0.0287097910108012, 0.03386123724621409, 0.02716857433634978, 0.029522663233339064, 0.026588307495355516, 0.02226203350359224, 0.022448793205292524, 0.03183452211160114, 0.026303137948594058, 0.03211291834137435, 0.027794403022951664, 0.024741549716953214, 0.028508662200918706, 0.02202177911193548, 0.03270895733478411, 0.0335323927064346, 0.021838007733182636, 0.026181458534289204, 0.025380537990846556, 0.028120480178933104, 0.021854075008695475, 0.028209017108136645, 0.027499125106932504, 0.026051227000939425, 0.02674349386372343, 0.030077259202947862, 0.02576407383991712, 0.024681484909518134, 0.025546497158614827, 0.024803354621776467, 0.02752137061515534, 0.02887710484196712, 0.02189127503321165, 0.02621017739831938, 0.029913254620939057, 0.030105110437325736, 0.024523168301084936, 0.022299610898626334, 0.02619669043404016, 0.029097021543019404, 0.02403090620010228, 0.02977097303412828, 0.022185495021625028, 0.029513212843445935, 0.030400775400029938, 0.024676016262397384, 0.025950533580436495, 0.027168677548799123, 0.02496112452676704, 0.037557442777479744, 0.026378633017206176, 0.031202539382707072, 0.0345263801998492, 0.02359460137360969, 0.032383560735890535, 0.025825862617795164, 0.024753607833886818, 0.028377346936850806, 0.03669846039319711, 0.032224636141622916, 0.022609090202597524, 0.023687529669993948, 0.026010656444874332, 0.031205893787310778, 0.025491422028027757, 0.027461765425658747, 0.024311637611541915, 0.03009824680944431, 0.02384031796160912, 0.02884201583457895, 0.02379426908225615, 0.03124481133149183, 0.03412965734768032, 0.02606717977514127, 0.02242457698436501, 0.027775118421869405, 0.022345059855617487, 0.022123099870607083, 0.02266194304013464, 0.019860991005623697, 0.023983189794614588, 0.03280850896756616, 0.030660838518488283, 0.023506028965126685, 0.026478294313215658, 0.026202101024158153, 0.026335127357112846, 0.028872102263562942]

MULTIPLIERS: [1409945851, 1601432055, 1169813108, 1567306278, 1856628043, 2106134794, 1660587990, 1634832603, 1961870272, 1700031855, 2043620796, 1831917057, 1624238428, 1729195841, 1163904109, 1196018217, 1874317694, 1476659729, 1557963966, 1854173191, 1741642763, 1823344746, 1736801770, 2049470061, 1857900297, 1762137247, 1826526490, 1573346050, 2009380317, 1538501693, 1552798038, 1539494783, 2068478512, 1522655259, 1718288922, 1938081338, 1500594507, 1582859584, 2022012203, 1293718019, 1681617529, 1599903355, 1578767536, 1090799704, 1786750043, 1735590358, 1591248703, 1589041099, 1155602873, 1705941963, 2084511573, 1141254440, 1626285782, 1737850826, 1962868349, 2139269033, 1413268008, 2141460014, 1179792212, 1874882672, 1213528112, 1832486911, 1484176667, 1566279831, 1747703148, 1278286286, 1956819601, 1613759177, 1645704501, 1544232599, 1249057247, 1580604658, 1132306106, 1801747015, 1742277006, 1929153838, 1655870565, 1792304629, 1702957596, 1533276807, 1981953046, 2113278035, 1356738924, 1722436271, 1929549478, 1981721868, 1101661296, 1718981126, 1080039183, 1630841737, 1651991187, 1088140272, 1870914082, 1637563738, 2007140352, 2040595535, 1449542764, 1398479052, 1910242912, 1590531675, 2054707138, 1764584008, 1652183688, 1480620451, 1081579076, 1509994890, 1925925770, 1200805682, 1164901964, 1665718121, 1796618324, 1631403945, 1852590963, 1700598163, 2023846998, 2065741393, 1736344623, 1592220404, 1757011770, 1493673356, 1330886123, 1827699113, 1199428811, 2054624242, 2043603729, 1527286242, 2082406369, 2104894457, 1534959995, 1859742184, 1655012458, 1391224212, 1687534619, 1847045687, 1873771999, 1572116463, 2001791122, 1694971099, 1950517510, 1226282237, 1308877901, 2104633135, 1623380543, 1675607348, 1546141423, 1585437893, 1423115343, 2059185738, 1621213389, 2145730487, 1248159687, 2042047323, 1736929328, 1673543038, 1814362056, 2050428685, 1827374955, 1613732247, 1473386002, 1456459038, 1590804412, 2027820908, 1753588098, 1594258448, 1520868119, 1802442100, 1906625410, 1285556088, 1722608047, 1580161253, 1987490233, 1591785311, 1873321390, 1604861711, 2036289155, 1580182864, 1955535378, 1756909812, 2107257879, 1937821124, 1992570605, 1808341347, 2067362963, 1565611565, 1968909561, 1884223987, 2048174534, 1519996159, 1750037424, 1477398478, 1091183707, 1944961705, 1439785750, 1703303919, 1908078528, 1938574946, 1629497226, 1912085685, 1655150655, 1091353710, 1708640405, 1633288499, 1497650591, 1408332039, 1136242335, 1997499592, 1865083434, 1683177813, 1642053642, 1821286310, 1575342203, 1861852707, 1663316797, 1101530745, 1876220090, 1816346573, 1545489116, 1918194056, 1573505525, 1108519499, 1734574771, 1514487011, 1445218319, 1709190089, 2039496609, 1872084156, 2029186918, 1205116606, 1739202097, 1501175776, 1714924874, 1639771786, 1898209250, 1787011697, 1654133628, 2002488202, 1082587459, 1140043361, 1314150995, 1826707354, 1996674400, 1996813372, 2117216925, 1507497704, 1524769550, 1467409068, 1834905967, 1537581304, 1786315393, 2014282706, 1093513772, 2128513831, 1862285140, 1846395374, 1091076984, 1735697192, 1991589373, 1721249129, 1559591853, 2033137999, 2017641767, 1668516748, 1687147180, 1595661253, 1904516882, 1819861563, 1107265198, 1782067417, 1079969586, 1957653215, 1684138321, 1916320252, 1594658632, 1947697273, 1823293324, 1633366851, 1512410954, 1845468446, 1512054213, 1444936163, 1128363448, 1676964603, 1520098228, 1827143223, 1894131610, 1162516155, 1850773236, 1745142681, 1632347053, 1728061340, 1233831314, 2086769491, 1511434488, 1539553741, 1813703654, 1835645382, 2109822557, 1347222064, 1907380340, 1660774062, 1865662598, 1790900384, 1534972961, 1641789771, 1454564289, 1997593792, 1508705570, 1443441597, 1569201693, 1088038314, 1145434149, 1767217951, 1868244121, 1100249071, 1692740775, 2047600468, 1885470530, 2103579647, 1864994111, 1795078763, 1104948321, 2085509871, 1946191847, 1648962048, 1592704259, 1730910502, 1648717682, 1557945902, 1491852747, 1585205386, 1458647914, 1511112878, 1209719218, 1654688743, 1950984521, 1701711496, 1128733488, 1073770672, 1689294829, 1813577315, 1935011969, 1472926084, 1638865028, 1508314695, 1732336801, 1762274225, 1661533647, 1716806214, 1870852020, 1559569134, 1135192837, 1108749457, 1281281292, 1956214504, 1315205038, 1664309665, 1560658751, 1491373546, 1143135226, 1567723529, 1700183683, 2037425318, 1771637593, 1523943472, 1774578295, 1999281855, 1573883433, 1568716286, 1142468290, 1587526363, 2071769527, 1545799865, 1663489460, 1960080915, 1850663853, 1193651026, 1869326645, 1167792019, 1369548461, 1530554316, 1972948635, 1498302787, 1562769828, 2021360783, 1596033066, 1924297108, 1836291815, 2098073269, 1142405564, 1634352959, 1590935848, 1971546052, 1509968293, 2069914785, 1075763722, 1827375952, 1828806240, 1666017456, 1995493907, 1782979273, 1580895902, 1623377662, 1982806387, 1637554429, 1724775201, 1849349929, 2072054344, 1889218138, 1543505153, 2085452686, 1913270611, 2086655565, 1586051856, 1828376245, 1672337167, 1126600135, 2026111566, 1919946620, 1116207770, 1642437978, 1985379044, 1141402500, 2001862049, 1633823887, 1536075655, 1868626462, 1582272441, 1863009261, 1880975749, 1705187144, 1666995363, 2031048310, 1767948611, 2002445867, 1762100121, 1695899911, 1730223729, 1964838348, 1786718237, 1750369562, 1881428796, 1606753912, 1164931664, 1533648953, 1946672156, 1600311518, 1718507577, 1850287718, 1264061090, 1098541946, 1490597449, 2055130262, 1206936883, 1712758607, 1798138822, 1900455200, 1802078931, 1480083400, 1623567170, 1381233693, 1575011727, 1178548661, 1419330942, 1542160642, 2008380467, 1671025238, 1647444431, 1983171440, 1182265572, 1585985916, 1733762989, 1994738756, 1516355163, 1606173307, 1658411748, 1118022283, 1546752948, 2089056667, 1988997654, 1931772598, 1085288228, 1787043393, 1243209865, 2048433196, 1238336179, 1609720657, 1096617495, 2045853668, 1448506564, 1634509331, 1604959790, 2033478892, 1657678872, 1681185206, 2049038071, 1687314966, 2056389882, 1143650223, 1702191251, 1902949173, 1612835131, 1209715007, 1644328516, 1774048892, 1691341850, 2046149567, 1121659179, 1775716121, 1671846884, 1342013691, 1564999597, 1648296220, 1536562614, 1092843954, 1588563671, 2072381052, 1935365496, 2134656779, 2091296189, 1668933888, 1601610813, 1958153694, 1273242929, 1971405528, 1831695742, 1617264747, 1113570059, 1155159578, 1110219864, 1558502347, 1514990150, 1682841797, 1729395434, 1429061469, 1977324612, 2134183563, 1718746845, 1612489251, 1812685075, 1524310187, 1798908049, 1262102838, 1137456296, 1489822128, 1528089047, 1873869745, 2033800502, 1795160662, 1400013404, 1909175016, 1223437397, 1507217985, 1805414498, 1642190398, 1828742517, 1559654579, 1865827060, 1846905163, 1172960829, 1749607207, 1999341257, 1879490271, 1914736584, 1700781576, 1944030345, 1747098716, 1839975922, 1134022540, 1652758862, 1475704762, 1082719117, 1146752284, 1187362013, 1643020688, 1941570062, 1690226965, 1596622868, 1582592832, 1650693001, 1410131259, 1790635737, 1968373840, 1741958389, 1136802770, 1397133211, 1106691686, 1534269343, 1943347672, 1215404465, 1802225440, 1777357860, 1991486529, 1924392638, 2117564246, 2132548916, 1788192190, 1667693772, 1505488363, 1355221417, 1499998387, 1761274707, 1628780087, 1211360182, 1710112473, 2005304006, 1891993381, 1706260691, 1088002407, 1869488004, 1556958686, 1204633194, 2047288389, 1526712508, 1790358235, 1644776465, 1906453634, 1107502139, 2087842485, 1972261529, 1791087676, 1991773118, 2090201031, 1941052738, 1554389797, 1393268795, 1925387390, 1855192435, 1383475985, 1075683929, 1705283782, 1974611653, 1783621606, 1814834608, 1772550114, 2029004281, 1835193887, 2078974386, 1485539131, 1895847379, 1660854631, 1391307219, 1901043673, 1858349908, 1564943853, 2061592160, 1079529727, 1819726026, 1534297824, 1399397447, 2104290690, 1601629432, 1671136394, 1305611156, 1407999569, 1867623953, 1338330139, 1467410952, 1768089578, 1581021798, 1710489606, 1760550032, 1548173594, 2042997968, 1910057393, 1818516498, 1614279937, 1921113591, 1595695275, 1506581193, 2111556059, 2053813900, 1889561691, 1696681216, 1772312730, 1791364624, 1775312169, 1627703990, 1988728575, 1711128282, 1837810652, 1780805691, 1311230352, 1450567882, 1085235809, 1088070009, 1686438574, 1427821464, 1560448740, 1101138319, 1614004873, 1826177617, 1323779564, 2018648488, 1623606180, 1607435809, 2049171724, 1908202208, 1896223958, 1936423639, 2013554595, 1678126034, 1560482763, 1593511609, 1520745216, 1812679977, 2046106124, 1126806710, 1843706685, 1287727010, 1728699019, 1548228009, 1712352660, 1899388634, 1738801581, 1584981965, 1921533391, 1474244552, 2055779688, 1149932919, 1603678115, 1703914557, 2087496937, 1159736812, 1395921467, 1934329961, 1684899457, 1458107206, 1675674618, 1656374701, 1975091518, 1761829379, 2037812313, 1086033295, 1990891407, 1080021451, 1722020239, 1741967920, 2021527683, 1966154709, 1704538604, 1495693780, 1596944146, 1754561018, 1445260543, 1704151276, 1749624828, 1842339344, 1866316678, 1777205589, 1500585863, 1991863329, 1124520199, 1997479865, 1606670351, 1801060352, 1763411717, 2133359479, 1877905273, 1833435007, 1862378897, 1669099680, 2035184244, 1609708023, 1074825823, 1717821025, 1678858023, 1402978044, 2132458927, 1855582201, 2093366151, 1756663119, 1883291074, 1963924497, 1615374209, 1912419043, 2086997123, 1653056201, 1869621436, 1870071379, 1382241190, 2068886121, 1971157062, 1664580185, 1158026251, 1711742909, 1782722605, 2043031658, 1447168481, 1723101101, 1918923497, 1086036176, 1165290843, 1578396610, 1436419929, 1780660069, 1829242663, 1775564071, 1811713374, 1766351865, 1384841220, 1715155941, 2002103644, 1613804061, 1596180128, 1582707978, 1622198278, 1446461205, 1670202595, 1767551419, 1408926386, 2029802654, 1494009595, 2000453925, 1120937939, 1839795723, 1966558107, 1856374922, 1484590703, 1537935828, 1673953972, 1624594726, 1705797781, 1762279544, 1639510464, 1116338541, 1797724121, 1730245450, 1394738315, 1952059730, 2086321543, 1549238276, 2094360238, 1667243496, 1421162854, 2020730640, 1727638327, 2012618358, 1492546392, 1593666208, 2058887401, 1734304140, 1930708692, 1994839827, 1779327527, 1680297621, 1831769772, 1074249873, 1704797710, 2137526000, 1462912071, 1958041098, 1546901229, 1409081096, 1485774964, 1473685558, 1651665255, 1744175967, 1978378766, 1563071157, 1960953097, 1726636150, 1689524455, 1574656759, 1414659176, 2011485077, 1654579138, 1721516546, 1468160008, 1711916570, 2052840648, 1609880797, 1896228834, 1127886907, 1879381220, 2106720829, 1968053560, 1261252157, 1423196134, 1715307991, 1970901059, 1535614851, 1596049467, 2016946682, 1651647967, 1552444068, 2104309309, 2145176370, 1764181387, 1161248888, 1077963791, 1989452917, 1746618850, 1621386939, 1518079577, 1726566553, 1171760388, 1432755217, 2030221567, 2141951849, 1978650948, 1373497879, 1415533241, 1946096538, 1727796361, 2040754456, 1569280156, 1850029388, 1581474623, 1081701647, 1482858532, 1554345356, 2035497875, 1563244042, 1922310042, 1740941250, 1553535680, 1846907933, 2087786630, 1491260285, 1591357421, 1685854312, 1768723378, 1784947055, 2082689856, 1790429495, 1698089008, 2076370920, 1911312581, 1555926919, 1182226894, 1753350714, 1762826015, 1197238716, 1952809784, 1664376492, 1100350918, 2094348934, 1689356447, 1123212925, 1653519665, 1368740779, 1724699731, 1702719769, 1551871110, 1626496236, 1821671865, 1890051752, 1921752156, 1810147881, 1181481717, 1720848391, 1109862790, 1765346031, 1533794685, 1617490716, 1625262216, 1282635223, 2039672819, 1423888559, 2005659749, 1740276088, 1302560184, 1971413286, 1253408954, 1102756343, 1519757889, 1585704313, 1884630266, 1657836796, 1784262498, 1822910983, 1804923660, 2108950376, 1123449976, 1391484536, 1135619840, 1947145815, 1924768330, 1938837819, 1123600364, 1902370009, 1850278631, 1781918692, 1561426204, 1837419777, 1715343344, 1949657298, 1951421609, 1699797906, 1606553321, 1886982163, 1755735858, 1962574445, 1134166389, 1975751583, 1793514489, 2110353181, 1075265349, 1620643202, 1856540714, 1829296745, 1423966911, 1439213901, 1755849009, 1464535746, 1655212162, 1160763259, 1725223039, 1707221642, 1883638838, 1324066265, 1761604075, 1757893814, 1617218534, 1671084861, 1486570455, 1848191934, 1714185570, 1971485099, 1773723070, 2022731227, 1668594657, 1604188569, 1664448970, 1910784174, 1173334415, 1945635512, 1681234190, 1677176498, 1421688269, 1518065059, 1663560277, 1826622241, 1455104775, 1164611273, 1599832428, 1650084358, 1619984245, 1774720815, 1530793363, 1946764804, 1485279250, 1453329493, 2099804776, 1552143182, 2034521741, 1996358331, 2002720488, 1740885063, 1954475018, 1882961485, 1240389185, 1804781030, 1655213935, 1464861789, 1174692003, 1816921969, 1655668755, 1814029697, 1336435832, 1959832449, 1186747497, 2145772822, 1607679620, 1146581838, 1679492931, 1961185161, 1654029897, 1694058467, 2003086427, 1527793259, 1814514660, 1843001071, 1121420687, 1569413809, 1348069532, 2115239390, 1320100223, 1126607006, 1243702254, 1934878095, 1940585063, 1552494160, 2107890239, 1642494055, 1956367662, 1659911190, 1617366151, 1581077763, 1964115335, 2071119880, 1961789149, 1840954493, 1985555919, 1725687944, 1834047750, 1488516959, 1596364982, 1780201481, 1980839048, 1833650780, 1943354543, 1891811408, 1953559394, 1621540429, 1932663397, 1572184841, 1861856032, 1713022588, 1617542582, 1582406094, 1864464374, 1813907902, 1684646558, 1940175902, 1542162526, 1705222496, 1803404381, 1649698692, 1171770473, 1799963089, 2049807408, 1733313378, 1289898264, 1637334444, 1998535570, 1972297214, 1777662625, 1291567156, 1242510680, 1428621721, 1592728419, 1971898693, 2002449857, 1977167465, 1225431112, 1572446717, 1952497927, 2126183878, 1646613697, 1117385713, 1519487369, 1180551132, 1113428094, 1644231546, 1740793079, 2144853873, 1979137685, 1834956835, 1926518455, 1548326088, 1519169970, 1863458983, 1668399607, 1567242887, 2067819777, 1094627437, 1670709835, 1829910264, 1610473038, 1905528701, 2000202134, 1820417675, 2018783693, 1755439738, 1719618694, 1284783980, 1478270770, 1906689023, 1375501790, 1376890741, 1580955414, 1704423791, 1598950273, 1356295962, 1769334126, 1100796650, 1240329008, 1088031443, 2036296691, 1877592529, 1846129841, 1816929062, 1244739230, 1889796637, 1647698216, 1767407681, 1598350385, 1619893592, 2133521503, 1565036391, 1757133454, 1972921815, 1163463253, 1867010212, 2028781969, 1827134578, 1529835293, 1542669322, 1093825851, 1807537876, 1103391472, 1910016832, 1700226350, 1959100349, 1513325137, 1123871216, 1152164240, 1500696464, 1799176131, 1744137290, 1932424683, 1501800599, 1938508895, 1889725488, 1790226688, 1837798904, 2066893514, 1770493673, 1696098728, 1755541917, 1704473551, 1891254188, 1984419534, 1504356965, 1801149676, 2055623205, 2068807436, 1685219294, 1532417592, 1800222859, 1999532095, 1651391300, 2045845689, 1524575609, 2028132543, 2089125378, 1695722925, 1783307089, 1867017305, 1715315416, 1290463908, 1812725858, 2144222179, 1186317390, 1621408660, 1112690674, 1774739765, 1701054978, 1950076433, 1260949498, 1107230067, 1553684848, 1627794644, 1787438700, 2144452692, 1751757183, 1887158150, 1670683015, 2068335771, 1638294176, 1982008236, 1635129721, 2147127085, 1172686097, 1791322954, 1541005196, 1908691604, 1535540821, 1520287847, 1557316868, 1364836909, 1648112253, 1127291784, 2106996779, 1615322011, 1819574530, 1800594672, 1809736172, 1984075760]
SHIFTS: [-5, -5, -4, -5, -5, -5, -5, -5, -5, -5, -5, -5, -5, -5, -4, -4, -5, -5, -5, -5, -5, -5, -5, -5, -5, -5, -5, -5, -5, -5, -5, -5, -5, -5, -5, -5, -5, -5, -5, -5, -5, -5, -5, -4, -5, -5, -5, -5, -4, -5, -5, -4, -5, -5, -5, -5, -4, -5, -4, -5, -4, -5, -5, -5, -5, -4, -5, -5, -5, -5, -4, -5, -4, -5, -5, -5, -5, -5, -5, -5, -5, -5, -5, -5, -5, -5, -4, -5, -4, -5, -5, -4, -5, -5, -5, -5, -5, -5, -5, -5, -5, -5, -5, -5, -4, -5, -5, -4, -4, -5, -5, -5, -5, -5, -5, -5, -5, -5, -5, -5, -5, -5, -4, -5, -5, -5, -5, -5, -5, -5, -5, -5, -5, -5, -5, -5, -5, -5, -5, -4, -5, -5, -5, -5, -5, -5, -5, -5, -5, -5, -4, -5, -5, -5, -5, -5, -5, -5, -5, -4, -5, -5, -5, -5, -5, -5, -5, -5, -5, -5, -5, -5, -5, -5, -5, -5, -5, -5, -5, -5, -5, -5, -5, -5, -5, -5, -5, -5, -5, -5, -4, -5, -5, -5, -5, -5, -5, -5, -5, -4, -5, -5, -5, -5, -4, -5, -5, -5, -5, -5, -5, -5, -5, -4, -5, -5, -5, -5, -5, -4, -5, -5, -5, -5, -5, -5, -5, -4, -5, -4, -5, -5, -5, -5, -5, -5, -4, -4, -4, -5, -5, -5, -5, -4, -5, -5, -5, -5, -5, -5, -4, -5, -5, -5, -4, -5, -5, -5, -5, -5, -5, -5, -5, -5, -5, -5, -4, -5, -4, -5, -5, -5, -5, -5, -5, -5, -4, -5, -5, -4, -4, -5, -5, -5, -5, -4, -5, -5, -5, -5, -4, -5, -5, -5, -5, -5, -5, -4, -5, -5, -5, -5, -5, -5, -5, -5, -5, -5, -5, -4, -4, -5, -5, -4, -5, -5, -5, -5, -5, -5, -4, -5, -5, -5, -5, -5, -5, -5, -5, -5, -5, -5, -4, -5, -5, -5, -4, -4, -5, -5, -5, -5, -5, -5, -5, -5, -5, -5, -5, -5, -4, -4, -4, -5, -4, -5, -5, -5, -4, -5, -5, -5, -5, -5, -5, -5, -5, -5, -4, -5, -5, -5, -5, -5, -5, -4, -5, -4, -5, -5, -5, -5, -5, -5, -5, -5, -5, -5, -4, -5, -5, -5, -5, -5, -4, -5, -5, -5, -5, -5, -5, -5, -5, -5, -5, -5, -5, -5, -4, -5, -5, -5, -5, -5, -5, -4, -5, -5, -4, -5, -5, -4, -5, -5, -5, -5, -5, -5, -5, -5, -5, -5, -5, -5, -5, -5, -5, -5, -5, -5, -5, -5, -4, -5, -5, -5, -5, -5, -4, -4, -5, -5, -4, -5, -5, -5, -5, -5, -5, -5, -4, -4, -5, -5, -5, -5, -5, -5, -4, -5, -5, -5, -5, -5, -5, -4, -5, -5, -5, -5, -4, -5, -5, -5, -4, -5, -4, -5, -5, -5, -5, -5, -5, -5, -5, -5, -5, -4, -5, -5, -5, -4, -5, -5, -5, -5, -4, -5, -5, -5, -5, -5, -5, -4, -5, -5, -5, -5, -5, -5, -5, -5, -4, -5, -5, -5, -4, -4, -4, -5, -4, -5, -5, -5, -5, -5, -5, -5, -5, -5, -5, -4, -4, -5, -5, -5, -5, -5, -5, -5, -4, -4, -5, -5, -5, -5, -5, -5, -4, -5, -5, -5, -5, -5, -5, -5, -5, -4, -5, -5, -4, -4, -4, -5, -5, -5, -5, -5, -5, -5, -5, -5, -5, -4, -4, -4, -5, -5, -4, -5, -5, -5, -5, -5, -5, -5, -5, -5, -5, -5, -5, -5, -4, -5, -5, -5, -5, -4, -5, -5, -4, -5, -5, -5, -5, -5, -4, -5, -5, -5, -5, -5, -5, -5, -4, -5, -5, -5, -4, -5, -5, -5, -5, -5, -5, -5, -5, -5, -5, -5, -4, -5, -5, -5, -5, -4, -5, -5, -5, -5, -5, -5, -4, -5, -5, -4, -5, -5, -5, -5, -5, -5, -5, -5, -5, -5, -5, -5, -5, -5, -5, -5, -5, -5, -5, -5, -5, -5, -5, -5, -5, -4, -5, -4, -4, -5, -5, -5, -4, -5, -5, -5, -5, -5, -5, -5, -5, -5, -5, -5, -5, -5, -5, -5, -5, -5, -4, -5, -4, -5, -5, -5, -5, -5, -5, -5, -5, -5, -4, -5, -5, -5, -4, -4, -5, -5, -5, -5, -5, -5, -5, -5, -4, -5, -4, -5, -5, -5, -5, -5, -5, -5, -5, -4, -5, -5, -5, -5, -5, -5, -5, -4, -5, -5, -5, -5, -5, -5, -5, -5, -5, -5, -5, -4, -5, -5, -5, -5, -5, -5, -5, -5, -5, -5, -5, -5, -5, -5, -5, -4, -5, -5, -5, -4, -5, -5, -5, -5, -5, -5, -4, -4, -5, -5, -5, -5, -5, -5, -5, -5, -5, -5, -5, -5, -5, -5, -5, -5, -5, -5, -5, -5, -5, -4, -5, -5, -5, -5, -5, -5, -5, -5, -5, -5, -4, -5, -5, -5, -5, -5, -5, -5, -5, -5, -5, -5, -5, -5, -5, -5, -5, -5, -5, -5, -5, -5, -4, -5, -5, -5, -5, -5, -5, -5, -5, -5, -5, -5, -5, -5, -5, -5, -5, -5, -5, -5, -5, -5, -5, -5, -5, -5, -4, -5, -5, -5, -5, -5, -5, -5, -5, -5, -5, -5, -5, -5, -5, -5, -4, -4, -5, -5, -5, -5, -5, -4, -5, -5, -5, -5, -5, -5, -5, -5, -5, -5, -5, -5, -4, -5, -5, -5, -5, -5, -5, -5, -5, -5, -4, -5, -5, -5, -5, -5, -5, -5, -5, -5, -5, -4, -5, -5, -4, -5, -5, -4, -5, -5, -4, -5, -5, -5, -5, -5, -5, -5, -5, -5, -5, -4, -5, -4, -5, -5, -5, -5, -4, -5, -5, -5, -5, -4, -5, -4, -4, -5, -5, -5, -5, -5, -5, -5, -5, -4, -4, -4, -5, -5, -5, -4, -5, -5, -5, -5, -5, -5, -5, -5, -5, -5, -5, -5, -5, -4, -5, -5, -5, -4, -5, -5, -5, -5, -5, -5, -4, -5, -4, -5, -5, -5, -4, -5, -5, -5, -5, -5, -5, -5, -5, -5, -5, -5, -5, -5, -5, -4, -5, -5, -5, -5, -5, -5, -5, -5, -4, -5, -5, -5, -5, -5, -5, -5, -5, -5, -5, -5, -5, -5, -5, -5, -5, -4, -5, -5, -5, -4, -5, -5, -5, -5, -5, -4, -5, -5, -4, -5, -5, -5, -5, -5, -5, -5, -5, -4, -5, -5, -5, -4, -4, -4, -5, -5, -5, -5, -5, -5, -5, -5, -5, -5, -5, -5, -5, -5, -5, -5, -5, -5, -5, -5, -5, -5, -5, -5, -5, -5, -5, -5, -5, -5, -5, -5, -5, -5, -5, -5, -5, -5, -5, -4, -5, -5, -5, -4, -5, -5, -5, -5, -4, -4, -5, -5, -5, -5, -5, -4, -5, -5, -5, -5, -4, -5, -4, -4, -5, -5, -5, -5, -5, -5, -5, -5, -5, -5, -4, -5, -4, -5, -5, -5, -5, -5, -5, -5, -5, -5, -4, -5, -5, -4, -4, -5, -5, -5, -4, -5, -4, -4, -4, -5, -5, -5, -5, -4, -5, -4, -5, -5, -5, -5, -5, -5, -5, -4, -5, -5, -5, -5, -5, -4, -5, -4, -5, -5, -5, -5, -4, -4, -5, -5, -5, -5, -5, -5, -5, -5, -5, -5, -5, -5, -5, -5, -5, -5, -5, -5, -5, -5, -5, -5, -5, -5, -5, -5, -5, -5, -5, -5, -5, -5, -5, -4, -5, -5, -4, -5, -4, -5, -5, -5, -4, -4, -5, -5, -5, -5, -5, -5, -5, -5, -5, -5, -5, -5, -4, -5, -5, -5, -5, -5, -5, -5, -5, -4, -5, -5, -5, -5, -5, -5]
Q6: [127, 127, 127, 127, 127, 127, 127, 127, 127, 127, 127, 127, 127, 127, 127, 127, 127, 127, 127, 127, 127, 127, 127, 127, 127, 127, 127, 127, 127, 127, 127, 127, 127, 127, 127, 127, 127, 127, 127, 127, 127, 127, 127, 127, 127, 127, 127, 127, 127, 127, 127, 127, 127, 127, 127, 127, 127, 127, 127, 127, 127, 127, 127, 127, 127, 127, 127, 127, 127, 127, 127, 127, 127, 127, 127, 127, 127, 127, 127, 127, 127, 127, 127, 127, 127, 127, 127, 127, 127, 127, 127, 127, 127, 127, 127, 127, 127, 127, 127, 127, 127, 127, 127, 127, 127, 127, 127, 127, 127, 127, 127, 127, 127, 127, 127, 127, 127, 127, 127, 127, 127, 127, 127, 127, 127, 127, 127, 127, 127, 127, 127, 127, 127, 127, 127, 127, 127, 127, 127, 127, 127, 127, 127, 127, 127, 127, 127, 127, 127, 127, 127, 127, 127, 127, 127, 127, 127, 127, 127, 127, 127, 127, 127, 127, 127, 127, 127, 127, 127, 127, 127, 127, 127, 127, 127, 127, 127, 127, 127, 127, 127, 127, 127, 127, 127, 127, 127, 127, 127, 127, 127, 127, 127, 127, 127, 127, 127, 127, 127, 127, 127, 127, 127, 127, 127, 127, 127, 127, 127, 127, 127, 127, 127, 127, 127, 127, 127, 127, 127, 127, 127, 127, 127, 127, 127, 127, 127, 127, 127, 127, 127, 127, 127, 127, 127, 127, 127, 127, 127, 127, 127, 127, 127, 127, 127, 127, 127, 127, 127, 127, 127, 127, 127, 127, 127, 127, 127, 127, 127, 127, 127, 127, 127, 127, 127, 127, 127, 127, 127, 127, 127, 127, 127, 127, 127, 127, 127, 127, 127, 127, 127, 127, 127, 127, 127, 127, 127, 127, 127, 127, 127, 127, 127, 127, 127, 127, 127, 127, 127, 127, 127, 127, 127, 127, 127, 127, 127, 127, 127, 127, 127, 127, 127, 127, 127, 127, 127, 127, 127, 127, 127, 127, 127, 127, 127, 127, 127, 127, 127, 127, 127, 127, 127, 127, 127, 127, 127, 127, 127, 127, 127, 127, 127, 127, 127, 127, 127, 127, 127, 127, 127, 127, 127, 127, 127, 127, 127, 127, 127, 127, 127, 127, 127, 127, 127, 127, 127, 127, 127, 127, 127, 127, 127, 127, 127, 127, 127, 127, 127, 127, 127, 127, 127, 127, 127, 127, 127, 127, 127, 127, 127, 127, 127, 127, 127, 127, 127, 127, 127, 127, 127, 127, 127, 127, 127, 127, 127, 127, 127, 127, 127, 127, 127, 127, 127, 127, 127, 127, 127, 127, 127, 127, 127, 127, 127, 127, 127, 127, 127, 127, 127, 127, 127, 127, 127, 127, 127, 127, 127, 127, 127, 127, 127, 127, 127, 127, 127, 127, 127, 127, 127, 127, 127, 127, 127, 127, 127, 127, 127, 127, 127, 127, 127, 127, 127, 127, 127, 127, 127, 127, 127, 127, 127, 127, 127, 127, 127, 127, 127, 127, 127, 127, 127, 127, 127, 127, 127, 127, 127, 127, 127, 127, 127, 127, 127, 127, 127, 127, 127, 127, 127, 127, 127, 127, 127, 127, 127, 127, 127, 127, 127, 127, 127, 127, 127, 127, 127, 127, 127, 127, 127, 127, 127, 127, 127, 127, 127, 127, 127, 127, 127, 127, 127, 127, 127, 127, 127, 127, 127, 127, 127, 127, 127, 127, 127, 127, 127, 127, 127, 127, 127, 127, 127, 127, 127, 127, 127, 127, 127, 127, 127, 127, 127, 127, 127, 127, 127, 127, 127, 127, 127, 127, 127, 127, 127, 127, 127, 127, 127, 127, 127, 127, 127, 127, 127, 127, 127, 127, 127, 127, 127, 127, 127, 127, 127, 127, 127, 127, 127, 127, 127, 127, 127, 127, 127, 127, 127, 127, 127, 127, 127, 127, 127, 127, 127, 127, 127, 127, 127, 127, 127, 127, 127, 127, 127, 127, 127, 127, 127, 127, 127, 127, 127, 127, 127, 127, 127, 127, 127, 127, 127, 127, 127, 127, 127, 127, 127, 127, 127, 127, 127, 127, 127, 127, 127, 127, 127, 127, 127, 127, 127, 127, 127, 127, 127, 127, 127, 127, 127, 127, 127, 127, 127, 127, 127, 127, 127, 127, 127, 127, 127, 127, 127, 127, 127, 127, 127, 127, 127, 127, 127, 127, 127, 127, 127, 127, 127, 127, 127, 127, 127, 127, 127, 127, 127, 127, 127, 127, 127, 127, 127, 127, 127, 127, 127, 127, 127, 127, 127, 127, 127, 127, 127, 127, 127, 127, 127, 127, 127, 127, 127, 127, 127, 127, 127, 127, 127, 127, 127, 127, 127, 127, 127, 127, 127, 127, 127, 127, 127, 127, 127, 127, 127, 127, 127, 127, 127, 127, 127, 127, 127, 127, 127, 127, 127, 127, 127, 127, 127, 127, 127, 127, 127, 127, 127, 127, 127, 127, 127, 127, 127, 127, 127, 127, 127, 127, 127, 127, 127, 127, 127, 127, 127, 127, 127, 127, 127, 127, 127, 127, 127, 127, 127, 127, 127, 127, 127, 127, 127, 127, 127, 127, 127, 127, 127, 127, 127, 127, 127, 127, 127, 127, 127, 127, 127, 127, 127, 127, 127, 127, 127, 127, 127, 127, 127, 127, 127, 127, 127, 127, 127, 127, 127, 127, 127, 127, 127, 127, 127, 127, 127, 127, 127, 127, 127, 127, 127, 127, 127, 127, 127, 127, 127, 127, 127, 127, 127, 127, 127, 127, 127, 127, 127, 127, 127, 127, 127, 127, 127, 127, 127, 127, 127, 127, 127, 127, 127, 127, 127, 127, 127, 127, 127, 127, 127, 127, 127, 127, 127, 127, 127, 127, 127, 127, 127, 127, 127, 127, 127, 127, 127, 127, 127, 127, 127, 127, 127, 127, 127, 127, 127, 127, 127, 127, 127, 127, 127, 127, 127, 127, 127, 127, 127, 127, 127, 127, 127, 127, 127, 127, 127, 127, 127, 127, 127, 127, 127, 127, 127, 127, 127, 127, 127, 127, 127, 127, 127, 127, 127, 127, 127, 127, 127, 127, 127, 127, 127, 127, 127, 127, 127, 127, 127, 127, 127, 127, 127, 127, 127, 127, 127, 127, 127, 127, 127, 127, 127, 127, 127, 127, 127, 127, 127, 127, 127, 127, 127, 127, 127, 127, 127, 127, 127, 127, 127, 127, 127, 127, 127, 127, 127, 127, 127, 127, 127, 127, 127, 127, 127, 127, 127, 127, 127, 127, 127, 127, 127, 127, 127, 127, 127, 127, 127, 127, 127, 127, 127, 127, 127, 127, 127, 127, 127, 127, 127, 127, 127, 127, 127, 127, 127, 127, 127, 127, 127, 127, 127, 127, 127, 127, 127, 127, 127, 127, 127, 127, 127, 127, 127, 127, 127, 127, 127, 127, 127, 127, 127, 127, 127, 127, 127, 127, 127, 127, 127, 127, 127, 127, 127, 127, 127, 127, 127, 127, 127, 127, 127, 127, 127, 127, 127, 127, 127, 127, 127, 127, 127, 127, 127, 127, 127, 127, 127, 127, 127, 127, 127, 127, 127, 127, 127, 127, 127, 127, 127, 127, 127, 127, 127, 127, 127, 127, 127, 127, 127, 127, 127, 127, 127, 127, 127, 127, 127, 127, 127, 127, 127, 127, 127, 127, 127, 127, 127, 127, 127, 127, 127, 127, 127, 127, 127, 127, 127, 127, 127, 127, 127, 127, 127, 127, 127, 127, 127, 127, 127, 127, 127, 127, 127, 127, 127, 127, 127, 127, 127, 127, 127, 127, 127, 127, 127, 127, 127, 127, 127, 127, 127, 127, 127, 127, 127, 127, 127, 127, 127, 127, 127, 127, 127, 127, 127, 127, 127, 127, 127, 127, 127, 127, 127, 127, 127, 127, 127, 127, 127, 127, 127, 127, 127, 127, 127, 127, 127, 127, 127, 127, 127, 127, 127, 127, 127, 127, 127, 127, 127, 127, 127, 127, 127, 127, 127, 127, 127, 127, 127, 127, 127, 127, 127, 127, 127, 127, 127, 127, 127, 127, 127, 127, 127, 127, 127, 127, 127, 127, 127, 127, 127, 127, 127, 127]

OFFSETS:
  MUL   = 23040
  SHIFT = 23040
  Q6    = 23040

================================================================================
OP_INDEX: 64
TIPO: FULLY_CONNECTED
NFEAT: 1000

INPUT_SCALE: 0.023402975872159004
WEIGHT_SCALES: [0.001288840314373374, 0.0014129270566627383, 0.0017121301498264074, 0.0014112978242337704, 0.001313737011514604, 0.00124231050722301, 0.0019150691805407405, 0.0012829942861571908, 0.001222272519953549, 0.0014834479661658406, 0.0013092724839225411, 0.0014334904262796044, 0.0014007952995598316, 0.00136238569393754, 0.0013359632575884461, 0.0013972241431474686, 0.001585738849826157, 0.0015442125732079148, 0.0015836398815736175, 0.0013124722754582763, 0.0013461585622280836, 0.0017869649454951286, 0.001589517924003303, 0.0015304697444662452, 0.0015526338247582316, 0.0012538958108052611, 0.0012503317557275295, 0.001436987891793251, 0.0012767142616212368, 0.0014602241571992636, 0.0013284391025081277, 0.0012380360858514905, 0.001315770554356277, 0.0016076157335191965, 0.0014880741946399212, 0.001412479905411601, 0.0015526273055002093, 0.0015541617758572102, 0.0017952530179172754, 0.001573699526488781, 0.0013069144915789366, 0.0014075246872380376, 0.001212544390000403, 0.0017736218869686127, 0.0014265460195019841, 0.0014596760738641024, 0.0014334339648485184, 0.001577744260430336, 0.001483202795498073, 0.0013684408040717244, 0.0015076114796102047, 0.001836305484175682, 0.00145340571179986, 0.0016197029035538435, 0.0012909544166177511, 0.0014655820559710264, 0.0012806608574464917, 0.0020746244117617607, 0.0014759250916540623, 0.001230290625244379, 0.0015502016758546233, 0.0017367018153890967, 0.0014111062046140432, 0.0014282796764746308, 0.0012808365281671286, 0.001494710799306631, 0.0012645182432606816, 0.0013304101303219795, 0.0012234349269419909, 0.001296440837904811, 0.001492877141572535, 0.0015307832509279251, 0.001266232691705227, 0.001292505650781095, 0.0010882718488574028, 0.0013840643223375082, 0.0013885111548006535, 0.0014132634969428182, 0.0013278037076815963, 0.0016427183290943503, 0.0013389840023592114, 0.001631130580790341, 0.0014250311069190502, 0.0014352916041389108, 0.001844390295445919, 0.0013273762306198478, 0.0014052127953618765, 0.0013215644285082817, 0.0015168137615546584, 0.0013502801302820444, 0.0011916302610188723, 0.0016606706194579601, 0.001345306751318276, 0.001691398210823536, 0.001557123032398522, 0.0011718252208083868, 0.001356454216875136, 0.0016040685586631298, 0.001489877700805664, 0.0016965384129434824, 0.001304249744862318, 0.0013161925598978996, 0.001281831064261496, 0.00194896652828902, 0.001489818561822176, 0.0013781511224806309, 0.0013297657715156674, 0.0013231323100626469, 0.001199766411446035, 0.001208921312354505, 0.0014677857980132103, 0.0018955192063003778, 0.0014259378658607602, 0.0015218373155221343, 0.0018167231464758515, 0.0012712852330878377, 0.0013547586277127266, 0.0014235485577955842, 0.001364553114399314, 0.0012728717410936952, 0.0013379084412008524, 0.0016025739023461938, 0.0021009165793657303, 0.0013466159580275416, 0.0016076372703537345, 0.0015879664570093155, 0.001440786523744464, 0.0013487640535458922, 0.0017777292523533106, 0.0016944698290899396, 0.0013006399385631084, 0.001390161574818194, 0.0011891956673935056, 0.0013039903715252876, 0.001629954087547958, 0.0013894573785364628, 0.0012019664281979203, 0.0013504837406799197, 0.0012793699279427528, 0.0013608731096610427, 0.0017412478337064385, 0.0013279967242851853, 0.0018099694279953837, 0.0015238835476338863, 0.0019843506161123514, 0.0014621742302551866, 0.0014694324927404523, 0.0014229746302589774, 0.0018058778950944543, 0.0013822722248733044, 0.0015451436629518867, 0.0011712955310940742, 0.0011843920219689608, 0.0012831209460273385, 0.0013237511739134789, 0.0012180957710370421, 0.0013706254540011287, 0.00152110296767205, 0.0013750414364039898, 0.0013204332208260894, 0.0015196838648989797, 0.00135869812220335, 0.0011955093359574676, 0.001600536867044866, 0.0013534772442653775, 0.001435621059499681, 0.001172605319879949, 0.0012442352017387748, 0.0010622962145134807, 0.0013301969738677144, 0.0012762729311361909, 0.0017595161916688085, 0.001298217917792499, 0.0012828368926420808, 0.001312439446337521, 0.0012480557197704911, 0.0012529839295893908, 0.001198893296532333, 0.0011098673567175865, 0.001396114588715136, 0.001170179108157754, 0.0013753380626440048, 0.0011473814956843853, 0.0013136727502569556, 0.0013376616407185793, 0.001345504424534738, 0.0013299346901476383, 0.0011865556007251143, 0.0014893366023898125, 0.001458438578993082, 0.00130317488219589, 0.0012269305298104882, 0.0012521379394456744, 0.00119771936442703, 0.0013260227860882878, 0.001407194067724049, 0.0014613127568736672, 0.0012959950836375356, 0.0013068073894828558, 0.0014327389653772116, 0.0012094280682504177, 0.001246858388185501, 0.002183230360969901, 0.00145460304338485, 0.0012504530604928732, 0.0013247778406366706, 0.0010392199037596583, 0.0012058702996000648, 0.0014731893315911293, 0.001259024371393025, 0.00140245514921844, 0.001391631900332868, 0.0014417736092582345, 0.0011630442459136248, 0.0014297137968242168, 0.001181434141471982, 0.0013275527162477374, 0.0015952050453051925, 0.0012526270002126694, 0.0011966816382482648, 0.0013179179513826966, 0.001462172600440681, 0.001111626741476357, 0.0014433866599574685, 0.00169965042732656, 0.0012863907031714916, 0.0015283706597983837, 0.001467911060899496, 0.0012801719130948186, 0.0015344114508479834, 0.0012579512549564242, 0.001557389972731471, 0.0010795457055792212, 0.0012572084087878466, 0.0012327224249020219, 0.0013181619578972459, 0.00117764703463763, 0.0012384821893647313, 0.0011740430491045117, 0.0013587870635092258, 0.001134872087277472, 0.0011806703405454755, 0.001353175495751202, 0.0012257921043783426, 0.001376889762468636, 0.0012523866025730968, 0.0013286328176036477, 0.0013355884002521634, 0.0010969789000228047, 0.0014604207826778293, 0.0013668523170053959, 0.001153683173470199, 0.0014049438759684563, 0.0015310285380110145, 0.0012713928008452058, 0.0012476480333134532, 0.0013732060324400663, 0.0012527304934337735, 0.0011079716496169567, 0.0012963736662641168, 0.0014196778647601604, 0.0011177068809047341, 0.0013620085082948208, 0.0014989248011261225, 0.0014089342439547181, 0.0012504899641498923, 0.0012429160997271538, 0.0013876337325200438, 0.0014030573656782508, 0.0013914377195760608, 0.0011725059011951089, 0.001766660250723362, 0.0013788576470687985, 0.0012360812397673726, 0.0013336469419300556, 0.0013518761843442917, 0.001461695064790547, 0.0012731823371723294, 0.0011617605341598392, 0.0013109709834679961, 0.0012523244367912412, 0.001149094314314425, 0.0015790249453857541, 0.0011486500734463334, 0.0014349224511533976, 0.001536841969937086, 0.001324368524365127, 0.0012079880107194185, 0.0015352031914517283, 0.0012030941434204578, 0.001066876109689474, 0.001691540121100843, 0.00139491050504148, 0.001148638199083507, 0.0012570347171276808, 0.0014248540392145514, 0.0014262457843869925, 0.0016582461539655924, 0.001812686212360859, 0.0012792189372703433, 0.001324799726717174, 0.0013844678178429604, 0.001506173168309033, 0.0015647431137040257, 0.0013735564425587654, 0.0013426374644041061, 0.0015815950464457273, 0.0013727572513744235, 0.0015949112130329013, 0.0012143744388595223, 0.0020621279254555702, 0.0012622668873518705, 0.0016191016184166074, 0.0015238909982144833, 0.001554004498757422, 0.0018113198457285762, 0.0014800734352320433, 0.0014315631706267595, 0.0015945773338899016, 0.0018165879882872105, 0.0016762340674176812, 0.0014435070334002376, 0.0014162359293550253, 0.0010310413781553507, 0.0016164254629984498, 0.0015270450385287404, 0.0015033436939120293, 0.001555836759507656, 0.0015629236586391926, 0.001279167365282774, 0.0012554777786135674, 0.0012739039957523346, 0.0017384353559464216, 0.0015265310648828745, 0.0014631364028900862, 0.0014587497571483254, 0.0012637944892048836, 0.0012897920096293092, 0.0016249245963990688, 0.0014500892721116543, 0.00111767603084445, 0.001550621003843844, 0.0013100113719701767, 0.0013046108651906252, 0.0016579669900238514, 0.0017260038293898106, 0.0015890570357441902, 0.0014664342161267996, 0.001555085415020585, 0.001441909116692841, 0.0014068752061575651, 0.0013296210672706366, 0.0014257673174142838, 0.0014881276292726398, 0.0021023789886385202, 0.0015750176971778274, 0.001298319548368454, 0.0014522974379360676, 0.0015536273131147027, 0.0015876652905717492, 0.0016533435555174947, 0.0012723439140245318, 0.001420281594619155, 0.0013735333923250437, 0.001626520068384707, 0.0016192866023629904, 0.0016630809986963868, 0.0016424237983301282, 0.0012399794068187475, 0.0015162775525823236, 0.0013615352800115943, 0.0012835479574277997, 0.0013712383806705475, 0.001516064628958702, 0.0015754068735986948, 0.001479042344726622, 0.0015114430570974946, 0.0014169960049912333, 0.0013024345971643925, 0.0014866623096168041, 0.0012152480194345117, 0.0016541625373065472, 0.0014565150486305356, 0.001218256657011807, 0.0015437884721904993, 0.0014896810753270984, 0.001290275133214891, 0.0012940935557708144, 0.0010759911965578794, 0.0015906364424154162, 0.0015035583637654781, 0.001627048710361123, 0.0011995899258181453, 0.0014788180124014616, 0.001412107259966433, 0.0014650210505351424, 0.0011999232228845358, 0.0015941329766064882, 0.0014776173047721386, 0.001560924225486815, 0.0017082804115489125, 0.0017154936213046312, 0.0015198676846921444, 0.0016655582003295422, 0.0013884922955185175, 0.0016322348965331912, 0.0011653566034510732, 0.0014686749782413244, 0.0018020195420831442, 0.0016495059244334698, 0.0016214509960263968, 0.0016825563507154584, 0.0012193466536700726, 0.0013172777835279703, 0.001356811262667179, 0.00190017931163311, 0.0016475558513775468, 0.0013415612047538161, 0.00144911406096071, 0.0015561959007754922, 0.0017774762818589807, 0.0016496889293193817, 0.0018773103365674615, 0.00168966269120574, 0.0015506610507145524, 0.0013626189902424812, 0.0014914788771420717, 0.0014100568369030952, 0.0015780276153236628, 0.0015559474704787135, 0.002266439376398921, 0.0014612236991524696, 0.0014057275839149952, 0.00174040999263525, 0.0017495983047410846, 0.0015569980023428798, 0.001468110946007073, 0.001355928834527731, 0.0016682149143889546, 0.0018200618214905262, 0.0014153369702398777, 0.0016661708941683173, 0.0013384256744757295, 0.0016533010639250278, 0.0014850609004497528, 0.0014399572974070907, 0.0016499800840392709, 0.0017988969339057803, 0.0015265080146491528, 0.0012680439976975322, 0.0017282759072259068, 0.0017091396730393171, 0.0015057066921144724, 0.001455071847885847, 0.0017278736922889948, 0.0016901511698961258, 0.0017101920675486326, 0.0019779184367507696, 0.0016485564410686493, 0.0016122348606586456, 0.0014038647059351206, 0.00146503746509552, 0.0015387326711788774, 0.0012401352869346738, 0.0018283663084730506, 0.0014082458801567554, 0.0015182476490736008, 0.0013853955315425992, 0.001517967670224607, 0.001436399994418025, 0.0013710027560591698, 0.0014730561524629593, 0.0013875901931896806, 0.0014425513800233603, 0.001215038588270545, 0.0013057541800662875, 0.0018110463861376047, 0.0013707580510526896, 0.001426478149369359, 0.0011627372587099671, 0.0015114899724721909, 0.001404144917614758, 0.0010762505698949099, 0.0013530032010748982, 0.0015189164550974965, 0.0014523292193189263, 0.001692050602287054, 0.0015677368501201272, 0.001624678261578083, 0.0017349538393318653, 0.001609259401448071, 0.0017250562086701393, 0.0013278801925480366, 0.0012963800691068172, 0.002314330544322729, 0.0014651494566351175, 0.001484479638747871, 0.0014575081877410412, 0.002275694627314806, 0.0015548227820545435, 0.0013097334885969758, 0.0013417102163657546, 0.0016886385856196284, 0.0016225994331762195, 0.0013704041484743357, 0.0018639561021700501, 0.0016206157160922885, 0.001555590657517314, 0.0015128724044188857, 0.0012362608686089516, 0.0018815823132172227, 0.0015639903722330928, 0.0016821054741740227, 0.0014040486421436071, 0.001453033764846623, 0.0018453375669196248, 0.0016477275639772415, 0.0017713542329147458, 0.0015724379336461425, 0.0014274262357503176, 0.0013783711474388838, 0.0014317561872303486, 0.0015808951575309038, 0.0021802415139973164, 0.0016202927799895406, 0.0016319883288815618, 0.0018978301668539643, 0.0027061556465923786, 0.0021515279076993465, 0.0014772518770769238, 0.0015513721155002713, 0.001545645878650248, 0.001814808463677764, 0.0012947552604600787, 0.001913554035127163, 0.0016846931539475918, 0.0014102088753134012, 0.0014935454819351435, 0.0013719747075811028, 0.0017090581823140383, 0.0012990725226700306, 0.0014906422002241015, 0.0016078220214694738, 0.0015960568562150002, 0.0016612675972282887, 0.0018116693245247006, 0.0018665067618712783, 0.0015645150560885668, 0.0015394221991300583, 0.001193944364786148, 0.0014587871264666319, 0.0014527826569974422, 0.0015862449072301388, 0.00140213908161968, 0.0018085838528349996, 0.0020611844956874847, 0.001761016552336514, 0.0018115139100700617, 0.0013860330218449235, 0.0018647306133061647, 0.0018918736604973674, 0.0014561413554474711, 0.0017050228780135512, 0.001763514126650989, 0.001559971715323627, 0.001663212082348764, 0.0017602465813979506, 0.0013233873760327697, 0.001489281770773232, 0.0015598137397319078, 0.001425576047040522, 0.0021512117236852646, 0.0014241108438000083, 0.0017822746885940433, 0.0012828530743718147, 0.0014138087863102555, 0.0014474504860118032, 0.001247869455255568, 0.0013571378076449037, 0.0015646445099264383, 0.0019175710622221231, 0.0014205742627382278, 0.0012100167805328965, 0.0016429572133347392, 0.002389023546129465, 0.0013622379628941417, 0.0012702582171186805, 0.0014879093505442142, 0.0016947282711043954, 0.0016083299415186048, 0.001375652733258903, 0.0014401281950995326, 0.0018138682935386896, 0.0015867807669565082, 0.0016387433279305696, 0.0013759543653577566, 0.0015931654488667846, 0.0013491943245753646, 0.0018210426205769181, 0.0015769556630402803, 0.0014357445761561394, 0.0013995886547490954, 0.0026080422103405, 0.0015557474689558148, 0.0016244821017608047, 0.0015423825243487954, 0.0018353040795773268, 0.0013284587766975164, 0.0013590030139312148, 0.0018521243473514915, 0.0014430067967623472, 0.001947498181834817, 0.001432720571756363, 0.001541715464554727, 0.0016912868013605475, 0.0016973615856841207, 0.0016125027323141694, 0.0018730817828327417, 0.0012991783441975713, 0.0013332382077351213, 0.0014387801056727767, 0.0013411075342446566, 0.0014008444268256426, 0.0012632625875994563, 0.0017914902418851852, 0.0014201976591721177, 0.0016992760356515646, 0.0017649059882387519, 0.0012796075316146016, 0.001732144271954894, 0.0012932068202644587, 0.0013512014411389828, 0.0015956354327499866, 0.0021175125148147345, 0.0015321261016651988, 0.0014756291639059782, 0.0016045188531279564, 0.001554535236209631, 0.0014371926663443446, 0.001263479352928698, 0.0012398854596540332, 0.0015253624878823757, 0.0017803841037675738, 0.0013867489760741591, 0.0021514976397156715, 0.0016142765525728464, 0.00207645446062088, 0.0015341206453740597, 0.0018701485823839903, 0.00120664166752249, 0.0014597928384318948, 0.0016255174996331334, 0.001683215843513608, 0.0015916767297312617, 0.0014691309770569205, 0.0014384813839569688, 0.0013863780768588185, 0.0015276037156581879, 0.0014194755349308252, 0.001394491409882903, 0.0012043442111462355, 0.0014098623069003224, 0.0016645030118525028, 0.0012211818248033524, 0.0015119470190256834, 0.0015155054861679673, 0.0018123785266652703, 0.0018033997621387243, 0.0014034948544576764, 0.0014803794911131263, 0.0015139090828597546, 0.0015092281391844153, 0.0014806190738454461, 0.001508438610471785, 0.001757225370965898, 0.0015601258492097259, 0.0016629506135359406, 0.0014207548229023814, 0.0023192623630166054, 0.0013546348782256246, 0.0014142465079203248, 0.001205013832077384, 0.0015821040142327547, 0.0014913496561348438, 0.0016305925091728568, 0.0013213163474574685, 0.0017739322502166033, 0.0016530763823539019, 0.0019094623858109117, 0.0012282677926123142, 0.0018060365691781044, 0.0017118636751547456, 0.0012773683993145823, 0.0013631873298436403, 0.0016011717962101102, 0.0018630402628332376, 0.002218844834715128, 0.001954648643732071, 0.0012746608117595315, 0.0015860814601182938, 0.0017096215160563588, 0.001489313435740769, 0.0018570326501503587, 0.001921500195749104, 0.002177913673222065, 0.0017831557197496295, 0.0014747817767784, 0.002154081128537655, 0.0020327740348875523, 0.0016309774946421385, 0.0017584534361958504, 0.0015284273540601134, 0.0014773199800401926, 0.001721831620670855, 0.0015551666729152203, 0.0014700170140713453, 0.00152399274520576, 0.0014193716924637556, 0.0014942644629627466, 0.0013933998998254538, 0.0014325471129268408, 0.0020940646063536406, 0.0021146193612366915, 0.0017553996294736862, 0.00139455939643085, 0.001277179573662579, 0.0013236142694950104, 0.0015801957342773676, 0.0014175992691889405, 0.0014023066032677889, 0.0016463216161355376, 0.0016360552981495857, 0.0018317362992092967, 0.0013553694589063525, 0.0016004540957510471, 0.0017718138406053185, 0.0017992292996495962, 0.0015101830940693617, 0.0012801080010831356, 0.0015423103468492627, 0.0016106285620480776, 0.0014244444901123643, 0.0012339567765593529, 0.0014925003051757812, 0.001527654705569148, 0.0021329631563276052, 0.00210500112734735, 0.0022986801341176033, 0.0016885417280718684, 0.0015889949863776565, 0.0013913182774558663, 0.0015093368710950017, 0.001656695851124823, 0.0020194025710225105, 0.0011959662660956383, 0.0012383993016555905, 0.001296555157750845, 0.0017552595818415284, 0.002062475774437189, 0.001494301250204444, 0.0015647724503651261, 0.0013131018495187163, 0.0013431794941425323, 0.0016076723113656044, 0.0013705837773159146, 0.001713388366624713, 0.0017096087103709579, 0.0016005509532988071, 0.0013515976024791598, 0.0015776875661686063, 0.0016229781322181225, 0.0023408725392073393, 0.0017500425456091762, 0.0017176080727949739, 0.0017851971788331866, 0.001327524776570499, 0.0016236515948548913, 0.001481160637922585, 0.0020366734825074673, 0.001953189494088292, 0.001260908436961472, 0.001227797009050846, 0.00135061948094517, 0.0015371873741969466, 0.0018415882950648665, 0.0018740424420684576, 0.0016374624101445079, 0.0015488839708268642, 0.0018680201610550284, 0.001776449498720467, 0.0016731000505387783, 0.0015772659098729491, 0.00177888257894665, 0.001855958835221827, 0.0015245729591697454, 0.001822885125875473, 0.0014578124973922968, 0.0013197959633544087, 0.0014278106391429901, 0.0012246131664142013, 0.0016016034642234445, 0.0019159517250955105, 0.0013516756007447839, 0.001660918933339417, 0.0016375510022044182, 0.0019899371545761824, 0.0014392638113349676, 0.0015910010552033782, 0.0017718338640406728, 0.0011815077159553766, 0.0015223270747810602, 0.0014792444417253137, 0.0020450910087674856, 0.0014391957083716989, 0.0014214633265510201, 0.001476793084293604, 0.0018415115773677826, 0.0012497503776103258, 0.0016216535586863756, 0.0014546415768563747, 0.0014270188985392451, 0.00139245530590415, 0.0019800991285592318, 0.0015130440006032586, 0.0013689770130440593, 0.0014060671674087644, 0.0016458339523524046, 0.001646616030484438, 0.0013788652140647173, 0.0017417619237676263, 0.0015447410987690091, 0.0014164363965392113, 0.0014641087036579847, 0.001476390054449439, 0.0013083600206300616, 0.002247205935418606, 0.0015420130221173167, 0.0014646612107753754, 0.001508371438831091, 0.0016167736612260342, 0.0016723398584872484, 0.001417713239789009, 0.001813735463656485, 0.001554475980810821, 0.0018937027780339122, 0.0015212788712233305, 0.0016193033661693335, 0.0016766487387940288, 0.0013232245109975338, 0.0014103623107075691, 0.0012033128878101707, 0.001435078913345933, 0.0020549879409372807, 0.0016152859898284078, 0.0015881287399679422, 0.0023174716625362635, 0.0014939052052795887, 0.001493187970481813, 0.0019774341490119696, 0.0016711732605472207, 0.0016208058223128319, 0.0015180442715063691, 0.0018700333312153816, 0.0016854715067893267, 0.0015303066466003656, 0.0017583399312570691, 0.0012375166406854987, 0.001375978928990662, 0.0013862090418115258, 0.0013848809758201241, 0.001885026227682829, 0.001517595024779439, 0.0014448239235207438, 0.001454305020160973, 0.0013698094990104437, 0.001981403212994337, 0.001930908183567226, 0.0016749849310144782, 0.001717786188237369, 0.0021215714514255524, 0.001952052698470652, 0.001732046832330525, 0.001582166412845254, 0.00161928019952029, 0.001199767692014575, 0.00157863216008991, 0.0012259073555469513, 0.0015849201008677483, 0.0014490331523120403, 0.0016449135728180408, 0.0018933126702904701, 0.0014903462724760175, 0.001986963674426079, 0.0014697989681735635, 0.001755754230543971, 0.0013268232578411698, 0.001435795915313065, 0.0014931361656636, 0.0015262046363204718, 0.0014414299512282014, 0.001577454269863665, 0.0013150062877684832, 0.0015426247846335173, 0.0014187435153871775, 0.0016454412834718823, 0.0013589476002380252, 0.002272031968459487, 0.001741123734973371, 0.0018435464007779956, 0.0014239046722650528, 0.0018827400635927916, 0.001958400709554553, 0.0017729566898196936, 0.0016286117024719715, 0.0015000858111307025, 0.0016902477946132421, 0.0013435161672532558, 0.0013184256386011839, 0.0015241308137774467, 0.0013659497490152717, 0.0022932079154998064, 0.0016508972039446235, 0.0014626795891672373, 0.0011747818207368255, 0.0015826624585315585, 0.0012610267149284482, 0.001467845868319273, 0.0013419693568721414, 0.0013602786930277944, 0.0016333943931385875, 0.0014084606664255261, 0.001652739243581891, 0.0015637777978554368, 0.0016464004293084145, 0.0015832401113584638, 0.0016505913808941841, 0.0011895672651007771, 0.0015239948406815529, 0.0014595305547118187, 0.0016974599566310644, 0.00161459157243371, 0.0016529246931895614, 0.0020001125521957874, 0.0014689002418890595, 0.0014076154911890626, 0.0013627118896692991, 0.0012329723685979843, 0.001640644739381969, 0.0013107899576425552, 0.0012004642048850656, 0.0019895751029253006, 0.001976476516574621, 0.0015507378848269582, 0.0015527266077697277, 0.00182239746209234, 0.00168631284032017, 0.001430383650586009, 0.0014395997859537601, 0.0012922517489641905, 0.001460905885323882, 0.002353046555072069, 0.0014355233870446682, 0.001452397322282195, 0.0015196577878668904, 0.0012300745584070683, 0.0018632190767675638, 0.0014304147334769368, 0.0015238996129482985, 0.0013692418579012156, 0.0015868819318711758, 0.0015544373309239745, 0.0015213385922834277, 0.0013713231310248375, 0.0011571103241294622, 0.0013298197882249951, 0.0013493327423930168, 0.0012029046192765236, 0.0012409973423928022, 0.0011490328470245004, 0.0012419589329510927, 0.0014375853352248669, 0.00167650799266994, 0.0014748215908184648, 0.0011997275287285447, 0.0014861756935715675, 0.0012064619222655892, 0.0015409227926284075, 0.0016199667006731033, 0.001981337321922183, 0.001387526746839285, 0.0017144145676866174, 0.001386116142384708, 0.0014368457486853004, 0.00136001396458596, 0.0014968622708693147, 0.0012621274217963219, 0.0012177852913737297, 0.0012761338148266077, 0.0014403027016669512, 0.0015133162960410118]
OUTPUT_SCALES: [0.07673481851816177]
OUTPUT_ZERO_POINT: -45

REAL_MULTIPLIERS: [0.0003930770849898722, 0.00043092169180503634, 0.000522174175428587, 0.00043042480019883216, 0.000400670206518592, 0.0003788861873621096, 0.0005840675548753994, 0.0003912941335222941, 0.00037277489992246004, 0.0004524295180494314, 0.0003993085921493222, 0.0004371932130295233, 0.0004272216867193526, 0.00041550732952145447, 0.0004074488802763423, 0.00042613253724368847, 0.0004836267128623391, 0.0004709618174664204, 0.00048298655883162374, 0.0004002844808730184, 0.0004105582962246484, 0.0005449976726525822, 0.0004847792741571301, 0.0004667704595448481, 0.0004735301736657486, 0.00038241953226919226, 0.0003813325485947413, 0.00043825988787948346, 0.0003893788196461466, 0.0004453466024786362, 0.00040515412512863317, 0.0003775825525564648, 0.00040129040677419576, 0.0004902988363013885, 0.0004538404487774734, 0.0004307853173384818, 0.00047352818538922505, 0.0004739961759759615, 0.0005475254112029287, 0.0004799548986973646, 0.0003985894396317327, 0.0004292740496558751, 0.0003698079652900309, 0.0005409282386878304, 0.0004350752724726607, 0.0004451794452309042, 0.0004371759931346316, 0.0004811884822604913, 0.0004523547446501698, 0.00041735404785753867, 0.0004597990294791248, 0.000560045801501509, 0.0004432670782646041, 0.0004939852429958485, 0.00039372185466251733, 0.0004469806817415116, 0.0003905824725466059, 0.0006327295221368258, 0.00045013515345603943, 0.0003752203025217679, 0.0004727884045027034, 0.0005296681671706314, 0.0004303663590710142, 0.00043560401200818, 0.0003906360494979287, 0.00045586451427847294, 0.00038565921583473046, 0.0004057552592325734, 0.0003731294167276011, 0.0003953951313768575, 0.0004553052760012795, 0.0004668660743426693, 0.0003861820970554928, 0.00039419495796031443, 0.0003319066925939449, 0.00042211898805122447, 0.00042347520566993023, 0.000431024301075628, 0.0004049603391774605, 0.0005010046047277651, 0.00040837016240551603, 0.0004974705142169862, 0.0004346132467154949, 0.00043774254542903676, 0.0005625115484302456, 0.0004048299650454146, 0.00042856895709370225, 0.00040305745202958527, 0.0004626055883069649, 0.00041181531304680294, 0.000363429467687588, 0.0005064797856996223, 0.00041029850659388053, 0.0005158512430539905, 0.0004748993150818576, 0.00035738922562871835, 0.0004136983174294424, 0.0004892170008429361, 0.00045439049127574534, 0.0005174189280829537, 0.00039777673160272135, 0.0004014191121741593, 0.00039093936818258764, 0.0005944057406794801, 0.0004543724547672815, 0.00042031555023446594, 0.0004055587394011807, 0.00040353563253350507, 0.00036591087229394774, 0.00036870298061205395, 0.0004476527902163558, 0.0005781051041355146, 0.0004348897946769615, 0.00046413769738813123, 0.0005540734803888822, 0.0003877230468662015, 0.00041318118800862325, 0.00043416109133107114, 0.0004161683604556674, 0.00038820690816018864, 0.00040804213228406403, 0.0004887611529449685, 0.0006407482413564045, 0.00041069779512573995, 0.0004903054047149039, 0.00048430609984945715, 0.00043941841400384516, 0.00041135293224025795, 0.0005421809239075587, 0.0005167880408410356, 0.0003966757944876674, 0.00042397855917483603, 0.00036268695292084643, 0.0003976976266010334, 0.0004971117013143567, 0.000423763789805352, 0.0003665818446107785, 0.00041187741118322674, 0.0003901887582900001, 0.00041504601386304713, 0.0005310546349964458, 0.00040501920636453343, 0.0005520136969203342, 0.0004647617676819684, 0.0006051973600457498, 0.00044594134569375063, 0.0004481550075632482, 0.0004339860519871207, 0.0005507658403721633, 0.0004215724250368688, 0.0004712457859599124, 0.0003572276781611779, 0.00036122191266741284, 0.0003913327628947522, 0.000403724376783493, 0.000371501053759731, 0.00041802033352256385, 0.00046391373223972566, 0.0004193671423327206, 0.0004027124505478071, 0.0004634809270464689, 0.0004143826751078694, 0.00036461252772405315, 0.00048813988754122715, 0.0004127903851569269, 0.00043784302440335313, 0.00035762714421772685, 0.0003794731905007572, 0.0003239845113005734, 0.00040569024969124007, 0.00038924422042648817, 0.0005366262118747585, 0.00039593711425422133, 0.00039124613084622496, 0.0004002744684805247, 0.0003806383915534481, 0.00038214142209045716, 0.00036564458525954036, 0.0003384930005980393, 0.00042579413968036353, 0.00035688718580651564, 0.0004194576089145433, 0.00034993425381344914, 0.0004006506077928596, 0.00040796686181567156, 0.00041035879397847036, 0.00040561025706610407, 0.00036188177193867437, 0.0004542254643242886, 0.0004448020277408041, 0.00039744891451089687, 0.00037419552349855453, 0.00038188340770658536, 0.00036528655346554514, 0.0004044171846371452, 0.0004291732156321795, 0.0004456786091531353, 0.00039525918296955803, 0.00039855677508884537, 0.0004369640286552433, 0.00036885753360682403, 0.0003802732232669308, 0.0006658527178121953, 0.00044363224655112143, 0.000381369544740055, 0.0004040374948310182, 0.0003169465804861241, 0.0003677724671990208, 0.0004493007874148963, 0.0003839836668043633, 0.00042772791612423, 0.0004244269865407781, 0.0004397194603724772, 0.0003547111591712143, 0.0004360413973384286, 0.00036031980320471645, 0.00040488379053130283, 0.00048651376138444605, 0.0003820325639507914, 0.00036497006244891745, 0.00040194533085908624, 0.0004459408486246197, 0.0003390295867248391, 0.0004402114167923104, 0.0005183680460834574, 0.00039232999008613885, 0.00046613027000919484, 0.0004476909935295588, 0.0003904333518073378, 0.0004679726212379148, 0.0003836563822866077, 0.00047498072790451044, 0.0003292453489622016, 0.00038342982527773386, 0.00037596196516999933, 0.0004020197492089686, 0.0003591647920692089, 0.000377718607478578, 0.00035806563020105103, 0.000414409800880441, 0.00034611907070914973, 0.00036008685530701686, 0.00041269835635783574, 0.0003738483207106252, 0.00041993085423209207, 0.0003819592462539846, 0.0004052132053453337, 0.00040733455437623673, 0.0003345622134158691, 0.00044540657031878474, 0.00041686958297960686, 0.00035185617160805, 0.0004284869406871048, 0.00046694088324686887, 0.00038775585342884045, 0.00038051405326084884, 0.0004188073714814584, 0.0003820641278406032, 0.00033791483818893393, 0.0003953746450276771, 0.00043298058765013636, 0.0003408839386225763, 0.0004153922935225905, 0.00045714972202133677, 0.0004297039434442224, 0.0003813807998053759, 0.00037907088404917454, 0.00042320760495281976, 0.00042791158316809525, 0.00042436776430432587, 0.0003575968230007424, 0.0005388050434001556, 0.0004205310297027084, 0.0003769863536388956, 0.00040674243852652843, 0.00041230208574569963, 0.00044579520736926783, 0.00038830163533456184, 0.0003543196462207596, 0.0003998266091935894, 0.0003819402866171348, 0.0003504566379650806, 0.00048157907208256007, 0.0003503211511219741, 0.0004376299592708893, 0.0004687138933318291, 0.000403912659469288, 0.00036841833752474147, 0.00046821409032071537, 0.0003669257809444191, 0.0003253813110633229, 0.0005158945235733161, 0.00042542691210744677, 0.0003503175296183062, 0.0003833768519103558, 0.0004345592437049171, 0.00043498370523776245, 0.00050574035986248, 0.0005528422756565962, 0.0003901427083855166, 0.00040404416975934736, 0.00042224204816605857, 0.000459360365971111, 0.0004772233262984136, 0.0004189142413446005, 0.0004094844138722903, 0.0004823629145970416, 0.00041867049994577293, 0.0004864241469211335, 0.00037036610291414873, 0.0006289182800806357, 0.00038497258584027654, 0.0004938018599914866, 0.00046476403999799536, 0.0004739482088048303, 0.0005524255542002176, 0.0004514003364139158, 0.0004366054287822414, 0.00048632231875917614, 0.0005540322591559559, 0.0005112264053453409, 0.00044024812889812066, 0.0004319308486555645, 0.0003144522520823611, 0.0004929856724785591, 0.0004657259752810886, 0.00045849741845494147, 0.00047450702102276864, 0.00047666841962364656, 0.0003901269796980176, 0.0003829020088706005, 0.000388521730444734, 0.0005301968712012128, 0.0004655692209801674, 0.0004462347940056675, 0.0004448969324398669, 0.00038543848163567567, 0.0003933673378573763, 0.0004955777814813564, 0.00044225561359311107, 0.00034087452981402725, 0.00047291629328909476, 0.0003995339419903067, 0.0003978868679201522, 0.0005056552190213454, 0.0005264054409003825, 0.00048463871010790094, 0.0004472405778870932, 0.0004742778721534266, 0.00043976078812021723, 0.0004290759676072139, 0.00040551460676334497, 0.0004348377799429072, 0.00045385674554397913, 0.0006411942543865679, 0.0004803569211094439, 0.00039596811006502633, 0.0004429290712555963, 0.0004738331728059663, 0.00048421424857505557, 0.0005042451404118135, 0.0003880459287716549, 0.00043316471625819456, 0.00041890721136689213, 0.0004960643766555635, 0.0004938582773378431, 0.0005072149154392763, 0.0005009147772348251, 0.0003781752364851798, 0.00046244205256290084, 0.00041524796594994166, 0.00039146299500704635, 0.00041820726702071785, 0.00046237711403144334, 0.00048047561411691374, 0.00045108586917874964, 0.0004609676035009182, 0.0004321626603952506, 0.00039722313861065734, 0.00045340984489036773, 0.0003706325319683078, 0.0005044949176500876, 0.00044421537965153566, 0.00037155012158393775, 0.00047083247297757423, 0.00045433052343559676, 0.0003935146833497484, 0.0003946792453135567, 0.00032816127669266015, 0.0004851204056006749, 0.0004585628895604678, 0.0004962256045786627, 0.0003658570468080595, 0.00045101745116337593, 0.00043067166603219677, 0.00044680958344567035, 0.0003659586974453273, 0.0004861867964111317, 0.00045065125323365886, 0.00047605862231485364, 0.000521000062636478, 0.0005231999840950002, 0.0004635369893434461, 0.000507970425013297, 0.00042346945386998705, 0.0004978073140581047, 0.0003554163937531388, 0.00044792397693219635, 0.0005495891002146481, 0.0005030747201332482, 0.0004945183851436701, 0.0005131546075139538, 0.00037188255431769193, 0.00040175008920545876, 0.000413807211074046, 0.0005795263668004917, 0.0005024799769181337, 0.00040915617072121075, 0.000441958188728147, 0.0004746165537562549, 0.0005421037716774564, 0.00050313053389566, 0.0005725516702804796, 0.0005153219354394645, 0.0004729285069877396, 0.00041557848141704815, 0.00045487882619191054, 0.0004300463175605945, 0.000481274901279391, 0.0004745407862187315, 0.0006912302272405984, 0.0004456514478756258, 0.00042872595992918884, 0.0005307991059582285, 0.0005336014041935181, 0.00047486118277853046, 0.00044775195550796916, 0.000413538083644605, 0.0005087806832015918, 0.0005550917265035181, 0.00043165667952493864, 0.0005081572875015751, 0.000408199880723247, 0.0005042321811094723, 0.00045292143896432665, 0.000439165512331034, 0.0005032193317454004, 0.0005486367512647935, 0.00046556219100245906, 0.0003867345183846054, 0.0005270983907737863, 0.0005212621245832727, 0.00045921809768486167, 0.0004437752249361292, 0.0005269757212132694, 0.0005154709141589809, 0.0005215830892220785, 0.0006032356412157395, 0.0005027851418595646, 0.0004917076012282174, 0.00042815780991257724, 0.00044681458964191724, 0.0004692905290286038, 0.00037822277759705597, 0.0005576244712501116, 0.0004294940027462956, 0.00046304290262733766, 0.00042252498701635094, 0.0004629575132516377, 0.0004380805879429825, 0.0004181354050263658, 0.0004492601697659147, 0.00042319432610603736, 0.00043995666886272733, 0.00037056865858498797, 0.0003982355619154742, 0.0005523421531010412, 0.0004180607736468559, 0.00043505457309385274, 0.0003546175326499167, 0.00046098191199090034, 0.0004282432702981531, 0.0003282403816943481, 0.0004126458090497127, 0.00046324687849569373, 0.00044293876410364877, 0.0005160502127260996, 0.0004781363712819897, 0.0004955026530327156, 0.0005291350605277478, 0.0004908001305198949, 0.0005261164307057057, 0.00040498366592167456, 0.00039537659779926275, 0.0007058363196124092, 0.0004468487453921972, 0.00045274416280928714, 0.00044451827227693963, 0.0006940529408151926, 0.0004741977730134769, 0.0003994491917034893, 0.0004092016170417496, 0.0005150095985005735, 0.0004948686413562606, 0.0004179528386355761, 0.0005684788278416875, 0.0004942636372140869, 0.0004744319635840037, 0.000461403533128712, 0.0003770411377581077, 0.0005738545594824281, 0.0004769937513698165, 0.0005130170968893858, 0.0004282139077144924, 0.00044315363998794654, 0.0005628004521101086, 0.0005025323467015673, 0.0005402366380020677, 0.00047957013168511487, 0.00043534372530828125, 0.0004203826545671366, 0.00043666429596931434, 0.00048214945891026067, 0.0006649411640360119, 0.0004941651465162942, 0.000497732114599588, 0.0005788099126581841, 0.0008253371354298401, 0.0006561839421076768, 0.0004505398032335249, 0.00047314537114856095, 0.00047139895426210357, 0.0005534895306748957, 0.00039488105538069957, 0.0005836054581083577, 0.0005138063006494935, 0.0004300926870095193, 0.00045550910984988385, 0.0004184318357530681, 0.0005212372711267281, 0.00039619775600349927, 0.00045462365220307245, 0.0004903617510513845, 0.0004867735510152139, 0.0005066618550212811, 0.0005525321400238564, 0.0005692567410315363, 0.0004771537721250264, 0.00046950082477590976, 0.00036413523484358134, 0.00044490832952493955, 0.000443077055836851, 0.0004837810528274816, 0.0004276315202177745, 0.0005515911171491986, 0.000628630548063724, 0.0005370837995146841, 0.0005524847409317319, 0.00042271941205640625, 0.0005687150421936759, 0.000576993267004519, 0.0004441014088008093, 0.0005200065634635729, 0.000537845522452841, 0.00047576812091278413, 0.0005072548939993753, 0.0005368489698552748, 0.00040361342385249, 0.0004542087414985278, 0.00047571994071202536, 0.00043477944532990305, 0.0006560875106962834, 0.0004343325801812295, 0.0005435672142086836, 0.00039125106603259596, 0.0004311906062048499, 0.0004414508231652561, 0.00038058158365277456, 0.0004139068024249144, 0.0004771932536159945, 0.0005848305914962592, 0.0004332539756721279, 0.00036903708207789045, 0.000501077460860379, 0.0007286165718220165, 0.00041546227375523274, 0.00038740982230386255, 0.0004537901737853773, 0.0005168668618032203, 0.0004905166590955338, 0.0004195535787617437, 0.000439217633579902, 0.0005532027927962459, 0.0004839444820567319, 0.0004997922886224532, 0.00041964557205589697, 0.0004858917148720704, 0.0004114841584908139, 0.0005553908556055025, 0.00048094797181101454, 0.00043788069514248733, 0.00042685367803780156, 0.000795413999809289, 0.00047447978873538325, 0.0004954428272123187, 0.0004704036798423025, 0.0005597403880255127, 0.00040516012546314183, 0.00041447566254028444, 0.0005648703189810262, 0.0004400955641798742, 0.0005939579168974827, 0.0004369584188750518, 0.00047020023654801527, 0.0005158172648284001, 0.000517669983498993, 0.0004917892980903735, 0.0005712620244203757, 0.00039623002999206945, 0.0004066177806894879, 0.000438806486398777, 0.0004090178079781327, 0.0004272366698031552, 0.0003852762595743147, 0.0005463778205994466, 0.0004331391171979535, 0.0005182538622031035, 0.0005382700194906243, 0.0003902612238682968, 0.0005282781843559628, 0.00039440880420141256, 0.0004120962991255096, 0.00048664502313993996, 0.0006458097542965442, 0.0004672756238015879, 0.0004500448999038443, 0.0004893543339428145, 0.00047411007581681206, 0.00043832234106528647, 0.00038534236976872356, 0.00037814658400027755, 0.0004652128224133166, 0.0005429906140168467, 0.0004229377674246203, 0.0006561747108238174, 0.0004923302868294756, 0.0006332876597609438, 0.00046788392990298815, 0.0005703674420045185, 0.00036800772291768524, 0.00044521505668363896, 0.0004957586081301879, 0.0005133557429872761, 0.00048543767772593686, 0.00044806304977403283, 0.00043871538072807174, 0.000422824648692404, 0.0004658963634781714, 0.00043291888006802965, 0.0004252990943309312, 0.0003673070329678146, 0.0004299869888093285, 0.0005076486082559811, 0.00037244225415907834, 0.00046112130437717813, 0.00046220658381460885, 0.000552748436105671, 0.0005500100467586393, 0.0004280450107248023, 0.00045149367889571007, 0.0004617197046008984, 0.0004602920865520335, 0.00045156674805795145, 0.0004600512920630534, 0.0005359275457063493, 0.0004758151294505915, 0.0005071751499088049, 0.00043330904383084335, 0.0007073404508024937, 0.00041314344625961323, 0.00043132410477143276, 0.0003675112573707361, 0.00048251814218563217, 0.00045483941571081827, 0.0004973064103939153, 0.0004029817910068756, 0.0005410228948523278, 0.0005041636565792848, 0.0005823575660552489, 0.00037460336872045287, 0.0005508142336025496, 0.0005220929046256859, 0.0003895783218923246, 0.0004157518165239784, 0.0004883335314726482, 0.0005681995104950632, 0.0006767146014506105, 0.0005961387011944655, 0.00038875254804615834, 0.00048373120389464053, 0.0005214090795213277, 0.0004542183988416423, 0.0005663672781736508, 0.0005860289186560304, 0.0006642312072973439, 0.0005438359155788696, 0.00044978645946071744, 0.0006569626364061598, 0.0006199657809937351, 0.0004974238252236201, 0.0005363020872964779, 0.00046614756091396234, 0.0004505605736222087, 0.0005251329794302323, 0.0004743026546000955, 0.00044833327785654943, 0.0004647950713137383, 0.00043288720966340417, 0.0004557283883464839, 0.0004249662000329841, 0.00043690551651754956, 0.0006386584917202511, 0.0006449273855793319, 0.0005353707217649346, 0.0004253198292146771, 0.0003895207328830168, 0.00040368262297649796, 0.0004819361452432314, 0.0004323466469835571, 0.0004276826118234428, 0.0005021035535662955, 0.0004989724796058576, 0.0005586522681930483, 0.00041336748241789463, 0.0004881146435303654, 0.0005403768114969797, 0.0005487381178625578, 0.00046058333355779936, 0.00039041385959641915, 0.0004703816667807915, 0.0004912177040947836, 0.00043443433733331106, 0.00037633842402677554, 0.00045519034651722926, 0.0004659119146409808, 0.0006505219696574173, 0.0006419939676083001, 0.0007010631777780636, 0.0005149800583922233, 0.00048461978597598903, 0.00042433133623801894, 0.00046032524816405174, 0.0005052675406041862, 0.0006158876838241308, 0.000364751884605393, 0.00037769332796277826, 0.0003954299972258959, 0.0005353280093246156, 0.0006290243688351436, 0.0004557396079068669, 0.0004772322735427697, 0.0004004764915772951, 0.00040964972486325036, 0.0004903160917012181, 0.00041800762275478814, 0.0005225579127976371, 0.0005214051739781564, 0.0004881441836387156, 0.0004122171224292547, 0.00048117119135572377, 0.0004949841389193175, 0.0007139312324287661, 0.0005337368910366246, 0.000523844860282459, 0.0005444585301702519, 0.00040487526934620177, 0.0004951895349851904, 0.0004517319170291599, 0.0006211550543943364, 0.0005956936823025638, 0.00038455827871967653, 0.0003744597867515004, 0.00041191880994084263, 0.00046881923648264064, 0.0005616569800794254, 0.0005715550111680996, 0.0004994016277905086, 0.00047238652411037575, 0.0005697183052245092, 0.0005417906181249932, 0.0005102705769115701, 0.00048104259247057395, 0.0005425326713275419, 0.0005660397806262676, 0.0004649720279243365, 0.0005559527922579778, 0.0004446110821846651, 0.0004025180965176276, 0.00043546096261329635, 0.0003734887622042994, 0.0004884651837824593, 0.0005843367178097784, 0.0004122409107376618, 0.0005065555177322078, 0.0004994286470482664, 0.0006069011710067019, 0.0004389540094158387, 0.00048523160706624344, 0.0005403829183463021, 0.00036034224232548253, 0.0004642870666619648, 0.0004511475057509805, 0.0006237222744356511, 0.0004389332390271549, 0.0004335251268830305, 0.0004503998782731783, 0.0005616335823253355, 0.0003811552369347639, 0.0004945801637356525, 0.0004436439986855733, 0.00043521949353049575, 0.00042467811296669324, 0.0006039007197128753, 0.0004614558674072076, 0.0004175175836016027, 0.00042882952783310436, 0.0005019548233813445, 0.0005021933455542977, 0.0004205333375236733, 0.000531211424802305, 0.00047112300988458165, 0.00043199198815866444, 0.0004465313312471836, 0.00045027696017809583, 0.00039903030444589756, 0.0006853643144269209, 0.0004702909871693413, 0.0004466998376825566, 0.000460030805713873, 0.0004930918677478807, 0.0005100387296669461, 0.0004323814063177818, 0.000553162281662078, 0.0004740920038034103, 0.0005775511205891336, 0.00046396738020092426, 0.0004938633900489038, 0.0005113528739342154, 0.0004035637524443385, 0.00043013948251769915, 0.0003669924947227726, 0.00043767767790745514, 0.0006267406912280658, 0.0004926381501461884, 0.000484355593732919, 0.0007067943138473931, 0.0004556188201080597, 0.00045540007418552855, 0.0006030879406739881, 0.0005096829346840398, 0.000494321616777712, 0.0004629808755007897, 0.0005703322921159768, 0.0005140436866644332, 0.0004667207171268208, 0.0005362674699820049, 0.00037742412952346136, 0.0004196530635977983, 0.00042277309552254277, 0.00042236805519074017, 0.0005749049020609446, 0.0004628438619453526, 0.00044064976075588287, 0.00044354135391004373, 0.0004177714794126757, 0.0006042984460274662, 0.0005888982147091769, 0.0005108454373614487, 0.0005238991828374781, 0.0006470476694620973, 0.0005953469765837654, 0.0005282484667229229, 0.0004825371728323578, 0.0004938563245662574, 0.00036591126284826487, 0.00048145927842201466, 0.000373883470599167, 0.0004833770066339408, 0.0004419335127962919, 0.0005016741213421412, 0.0005774321435421603, 0.0004545333986508773, 0.0006059943038823241, 0.00044826677710782346, 0.0005354788698058419, 0.0004046613165902899, 0.0004378963528201105, 0.0004553842744881537, 0.000465469665134237, 0.0004396146497957345, 0.00048110003946013014, 0.0004010573168567445, 0.00047047756561811605, 0.0004326956250183825, 0.000501835065225737, 0.000414458762189834, 0.0006929358844583227, 0.0005310167867326221, 0.0005622541731352563, 0.00043426970093617145, 0.0005742076560900523, 0.0005972830253436588, 0.00054072536347255, 0.0004967022938751898, 0.0004575038127672227, 0.0005155003832574553, 0.0004097524051437179, 0.00040210016789335966, 0.00046483718017011256, 0.0004165943131959054, 0.0006993942326661498, 0.0005034990396463419, 0.0004460954726292656, 0.0003582909445370976, 0.00048268845937283914, 0.0003845943517366043, 0.0004476711107643231, 0.00040928065103356173, 0.0004148647256500226, 0.0004981609432397977, 0.0004295595093567598, 0.0005040608342790656, 0.0004769289193531728, 0.000502127590409268, 0.00048286463487480307, 0.0005034057681744234, 0.0003628002846826902, 0.00046479571040262084, 0.00044513506405850295, 0.0005176999851715362, 0.0004924263631914898, 0.0005041173936451737, 0.0006100045156106236, 0.0004479926789870734, 0.00042930174350745346, 0.00041560681435750906, 0.0003760381942717157, 0.0005003721907735166, 0.00039977139901512226, 0.0003661236888918461, 0.0006067907506497677, 0.0006027958770546502, 0.0004729519402467674, 0.0004735584711012716, 0.0005558040620730269, 0.0005143002808507881, 0.00043624569275122594, 0.00043905647666667863, 0.0003941175216907088, 0.0004455545193951015, 0.0007176441258069153, 0.00043781323576043744, 0.00044295953449233254, 0.00046347297394037457, 0.0003751544053569866, 0.0005682540460797098, 0.0004362551725696509, 0.0004647666673634015, 0.00041759835733537297, 0.0004839753358477852, 0.0004740802161640205, 0.0004639855942340777, 0.0004182331146155243, 0.00035290140147550586, 0.00040557521369237606, 0.00041152637386200196, 0.0003668679789054837, 0.00037848569166236087, 0.00035043789135785834, 0.0003787789624495882, 0.0004384420992208939, 0.000511309948464269, 0.0004497986021494864, 0.0003658990136446821, 0.000453261434249858, 0.00036795290329353524, 0.0004699584834257113, 0.0004940656971851774, 0.000604278350232603, 0.0004231749759148704, 0.0005228708888254106, 0.0004227447625820818, 0.0004382165363502819, 0.0004147839874211903, 0.00045652068103619063, 0.00038493005092464716, 0.0003714063620902957, 0.0003892017920256726, 0.00043927085548184553, 0.00046153891345700475]

MULTIPLIERS: [1728771302, 1895213643, 1148273155, 1893028291, 1762166204, 1666359074, 1284378136, 1720929799, 1639481348, 1989806063, 1756177761, 1922796085, 1878940849, 1827420561, 1791979126, 1874150719, 2127012777, 2071311978, 2124197350, 1760469765, 1805654482, 1198462556, 2132081795, 2052878191, 2082607728, 1681898890, 1677118285, 1927487371, 1712506159, 1958655071, 1781886686, 1660625628, 1764893873, 1078178543, 1996011402, 1894613862, 2082598984, 2084657228, 1204021112, 2110863968, 1753014894, 1887967236, 1626432632, 1189513776, 1913481284, 1957919906, 1922720351, 2116289326, 1989477206, 1835542514, 2022217517, 1231553742, 1949509227, 1086285037, 1731607029, 1965841828, 1717799881, 1391386934, 1979715341, 1650236342, 2079345393, 1164752617, 1892771264, 1915806705, 1718035515, 2004913337, 1696147169, 1784530502, 1641040529, 1738966178, 2002453781, 2053298709, 1698446825, 1733687760, 1459741071, 1856498943, 1862463651, 1895664924, 1781034407, 1101720777, 1796030968, 1093949230, 1911449273, 1925212075, 1236975977, 1780461015, 1884866207, 1772665421, 2034560894, 1811182901, 1598379702, 1113760827, 1804511915, 1134368880, 2088629276, 1571814437, 1819464442, 1075799562, 1998430515, 1137816256, 1749440567, 1765459926, 1719369524, 1307112047, 1998351189, 1848567339, 1783666199, 1774768481, 1609293035, 1621572858, 1968797792, 1271266568, 1912665544, 2041299181, 1218420469, 1705223994, 1817190082, 1909460673, 1830327806, 1707352038, 1794588276, 1074797142, 1409020284, 1806268005, 1078192987, 2130000753, 1932582623, 1809149328, 1192268460, 1136428920, 1744598594, 1864677423, 1595114088, 1749092659, 1093160192, 1863732857, 1612244003, 1811456011, 1716068307, 1825391673, 1167801492, 1781293307, 1213890957, 2044043871, 1330843069, 1961270780, 1971006567, 1908690842, 1211146891, 1854095133, 2072560885, 1571103944, 1588670773, 1721099693, 1775598587, 1633878913, 1838472869, 2040314172, 1844396197, 1771148088, 2038410674, 1822474279, 1603582855, 2146861929, 1815471313, 1925653986, 1572860814, 1668940742, 1424898950, 1784244587, 1711914186, 1180053519, 1741349844, 1720718681, 1760425730, 1674065350, 1680675748, 1608121893, 1488707960, 1872662430, 1569606442, 1844794073, 1539027124, 1762080008, 1794257233, 1804777062, 1783892776, 1591572865, 1997704719, 1956260006, 1747998812, 1645729317, 1679540989, 1606547252, 1778645588, 1887523764, 1960115252, 1738368271, 1752871234, 1921788122, 1622252589, 1672459323, 1464225611, 1951115254, 1677280996, 1776975694, 1393945803, 1617480416, 1976045761, 1688778026, 1881167269, 1866649627, 1933906639, 1560036176, 1917730346, 1584703253, 1780697742, 2139710151, 1680196985, 1605155310, 1767774260, 1961268593, 1491067891, 1936070286, 1139903388, 1725485544, 2050062608, 1968965812, 1717144041, 2058165354, 1687338614, 2088987333, 1448036358, 1686342205, 1653498209, 1768101555, 1579623461, 1661224004, 1574789296, 1822593579, 1522247771, 1583678738, 1815066566, 1644202303, 1846875428, 1679874530, 1782146524, 1791476316, 1471420175, 1958918813, 1833411815, 1547479808, 1884505495, 2053627722, 1705368278, 1673518504, 1841934299, 1680335804, 1486165175, 1738876078, 1904268763, 1499223417, 1826914627, 2010565740, 1889857929, 1677330496, 1667171379, 1861286730, 1881975045, 1866389165, 1572727460, 1184844821, 1849515028, 1658003517, 1788872163, 1813323750, 1960628056, 1707768653, 1558314284, 1758456024, 1679791145, 1541324594, 2118007158, 1540728716, 1924716916, 2061425503, 1776426663, 1620320984, 2059227346, 1613756651, 1431042140, 1134464055, 1871047347, 1540712789, 1686109226, 1911211766, 1913078567, 1112134813, 1215713021, 1715865777, 1777005051, 1857040167, 2020288255, 2098850385, 1842404318, 1800931498, 2121454534, 1841332332, 2139316022, 1628887347, 1383005924, 1693127338, 1085881774, 2044053865, 2084446266, 1214796641, 1985279675, 1920210983, 2138868177, 1218329822, 1124198754, 1936231747, 1899651962, 1382975630, 1084086958, 2048284501, 2016492972, 2086903948, 2096409880, 1715796602, 1684020844, 1708736641, 1165915250, 2047595088, 1962561379, 1956677402, 1695176369, 1730047848, 1089787066, 1945060758, 1499182037, 2079907854, 1757168860, 1749924951, 1111947586, 1157577806, 2131463588, 1966984863, 2085896141, 1934088400, 1887096062, 1783472101, 1912436781, 1996083076, 1410001077, 2112632081, 1741486165, 1948022657, 2083940333, 2129596787, 1108846790, 1706644043, 1905078569, 1842373399, 1090857101, 1086005837, 1115377395, 1101523244, 1663232279, 2033841656, 1826279868, 1721672459, 1839295012, 2033556053, 2113154098, 1983896633, 2027356960, 1900671481, 1747005839, 1994117586, 1630059114, 1109396056, 1953679901, 1634094716, 2070743115, 1998166773, 1730695880, 1735817678, 1443268558, 2133582107, 2016780917, 1091211644, 1609056308, 1983595728, 1894114018, 1965089330, 1609503373, 2138272144, 1981985172, 2093727963, 1145691254, 1150528932, 2038657239, 1117038778, 1862438354, 1094689860, 1563137831, 1969990484, 1208559212, 1106273009, 1087457429, 1128438916, 1635556771, 1766915578, 1819943361, 1274391958, 1104965155, 1799487869, 1943752670, 2087385678, 1192098801, 1106395745, 1259054438, 1133204920, 2079961570, 1827733490, 2000578235, 1891363707, 2116669400, 2087052449, 1520031345, 1959995795, 1885556712, 1167239578, 1173401897, 2088461568, 1969233926, 1818759726, 1118820554, 1220659616, 1898446153, 1117449693, 1795282061, 1108818292, 1991969554, 1931470349, 1106591013, 1206464975, 2047564170, 1700876399, 1159101619, 1146267534, 2019662552, 1951744080, 1158831866, 1133532528, 1146973343, 1326529204, 1105636219, 1081276450, 1883057962, 1965111347, 2063961574, 1663441367, 1226229180, 1888934600, 2036484222, 1858284545, 2036108676, 1926698801, 1838978959, 1975867122, 1861228329, 1934949893, 1629778196, 1751458524, 1214613240, 1838650727, 1913390247, 1559624402, 2027419890, 1883433821, 1443616466, 1814835461, 2037381318, 1948065286, 1134806419, 2102866000, 1089621857, 1163580303, 1079280901, 1156942266, 1781136999, 1738884667, 1552150481, 1965261566, 1991189886, 1955012037, 1526238557, 2085543861, 1756796124, 1799687744, 1132518084, 1088227651, 1838176024, 1250098163, 1086897233, 2086573842, 2029274199, 1658244460, 1261919522, 2097840704, 1128136527, 1883304683, 1949010320, 1237611282, 1105080317, 1187992930, 2109171744, 1914661952, 1848862467, 1920469883, 2120515746, 1462221083, 1086680649, 1094524495, 1272816458, 1814935554, 1442963749, 1981495010, 2080915349, 2073234526, 1217136350, 1736705248, 1283361974, 1129872004, 1891567642, 2003350251, 1840282675, 1146212881, 1742496158, 1999455967, 1078316894, 2140852718, 1114161202, 1215031025, 1251808812, 2098544483, 2064886464, 1601483699, 1956727526, 1948673500, 2127691572, 1880743316, 1212961694, 1382373194, 1181059765, 1214926794, 1859139635, 1250617604, 1268821612, 1953178652, 1143506526, 1182734812, 2092450324, 1115465308, 1180543369, 1775110611, 1997631171, 2092238426, 1912180223, 1442751694, 1910214889, 1195316945, 1720740386, 1896396341, 1941521253, 1673815506, 1820381368, 2098718124, 1286056071, 1905471136, 1623042251, 1101880989, 1602244786, 1827222404, 1703846417, 1995790291, 1136602249, 1078657541, 1845216153, 1931699581, 1216505806, 2128410341, 1099054866, 1845620744, 2136974361, 1809726468, 1221317407, 2115231549, 1925819664, 1877322329, 1749133883, 2086784179, 1089490299, 2068857263, 1230882130, 1781913076, 1822883242, 1242162968, 1935560761, 1306127272, 1921763450, 2067962510, 1134294161, 1138368332, 1081456103, 1256218477, 1742638101, 1788323912, 1929891337, 1798879343, 1879006745, 1694462909, 1201497534, 1904965983, 1139652295, 1183668291, 1716387014, 1161696013, 1734628265, 1812418691, 2140287446, 1420150668, 2055099927, 1979318402, 1076101561, 2085158165, 1927762043, 1694753665, 1663106264, 2046027631, 1194048988, 1860099972, 1442943449, 1082645750, 1392614291, 2057775286, 1254251269, 1618515082, 1958076527, 1090184708, 1128881217, 2134977485, 1970602133, 1929490650, 1859602471, 2049033876, 1903997370, 1870485198, 1615433415, 1891102776, 1116331095, 1638018356, 2028032944, 2032806053, 1215506665, 1209484884, 1882561866, 1985690199, 2030664736, 2024386005, 1986011561, 2023326980, 1178517136, 2092657070, 1115289949, 1905713328, 1555458101, 1817024092, 1896983474, 1616331603, 2122137232, 2000404905, 1093588362, 1772332660, 1189721928, 1108667605, 1280617831, 1647523039, 1211253309, 1148094439, 1713383579, 1828495826, 1073856792, 1249483937, 1488111146, 1310922867, 1709751788, 2127472334, 1146590692, 1997673644, 1245454816, 1288691221, 1460659872, 1195907826, 1978181769, 1444676115, 1363319170, 1093846560, 1179340762, 2050138654, 1981586359, 1154779634, 2086005135, 1971790608, 2044190342, 1903858082, 2004314648, 1869021113, 1921530783, 1404424876, 1418210319, 1177292668, 1870576391, 1713130300, 1775414952, 2119577582, 1901480662, 1880968019, 1104137391, 1097252087, 1228489330, 1818009414, 2146750905, 1188301175, 1206687882, 2025666923, 1717058313, 2068760448, 1080199155, 1910662422, 1655153893, 2001948315, 2049102271, 1430512940, 1411759665, 1541654232, 1132453125, 2131380359, 1866228953, 2024531852, 1111095072, 1354351340, 1604195754, 1661112823, 1739119520, 1177198742, 1383239215, 2004363993, 2098889736, 1761314237, 1801658543, 1078216488, 1838416967, 1149117003, 1146582103, 2146880824, 1812950077, 2116213279, 1088481633, 1569951383, 1173699836, 1151947030, 1197276970, 1780660266, 1088933303, 1986737982, 1365934410, 1309944261, 1691305196, 1646891559, 1811638085, 2061888807, 1235096761, 1256862761, 1098195793, 2077577904, 1252823802, 1191410169, 1122096865, 2115647696, 1193041961, 1244734641, 2044968605, 1222553119, 1955420219, 1770293310, 1915177567, 1642620948, 1074146299, 1284970032, 1813054699, 1113927364, 1098255209, 1334589789, 1930540150, 2134071177, 1188314604, 1584801942, 2041956114, 1984167714, 1371579786, 1930448801, 1906663672, 1980879613, 1235045309, 1676338460, 1087593282, 1951166941, 1914115575, 1867754093, 1327991727, 2029504368, 1836261752, 1886012209, 1103810330, 1104334846, 1849525178, 1168146277, 2072020910, 1899920856, 1963865563, 1980339014, 1754953838, 1507132066, 2068361635, 1964606663, 2023236880, 1084320484, 1121587028, 1901633536, 1216416721, 2085078683, 1270048345, 2040550118, 1086017080, 1124476862, 1774892153, 1891773450, 1614050061, 1924926784, 1378217355, 1083322749, 2130218429, 1554257133, 2003832762, 2002870707, 1326204407, 1120804626, 1087024731, 2036211424, 1254173974, 1130394021, 2052659422, 1179264638, 1659928876, 1845653692, 1859375738, 1857594352, 1264229249, 2035608832, 1937998143, 1950715504, 1837378397, 1328866336, 1295000869, 1123360997, 1152066487, 1422872873, 1309181847, 1161630663, 2122220929, 1086001543, 1609294753, 2117480300, 1644356893, 2125914558, 1943644144, 1103193060, 1269786712, 1999059028, 1332595567, 1971498135, 1177530488, 1779719292, 1925888527, 2002801220, 2047157237, 1933445677, 2115900350, 1763868733, 2069182216, 1903015484, 1103546979, 1822808913, 1523782125, 1167718263, 1236410002, 1909938343, 1262695989, 1313439263, 1189067649, 1092259895, 2012123048, 1133597331, 1802110136, 1768455241, 2044375538, 1832201166, 1537984182, 1107206097, 1961948637, 1575780239, 2122886295, 1691463847, 1968878367, 1800035339, 1824594359, 1095467499, 1889222701, 1108441497, 2097555570, 1104190249, 2123661123, 1107000991, 1595612526, 2044193153, 1957724715, 1138434307, 1082857024, 1108565872, 1341414116, 1970292639, 1888089035, 1827858100, 1653833468, 1100330084, 1758213207, 1610229013, 1334346972, 1325562152, 2080064631, 2082732182, 1222226058, 1130958278, 1918628847, 1930990805, 1733347191, 1959569500, 1578116122, 1925522974, 1948156635, 2038375696, 1649946524, 1249603862, 1918670540, 2044065420, 1836616999, 2128546037, 2085026841, 2040630224, 1839408691, 1552076778, 1783738654, 1809912133, 1613502435, 1664597676, 1541242145, 1665887494, 1928288745, 1124382467, 1978235173, 1609240880, 1993464870, 1618273983, 2066899268, 1086461958, 1328822145, 1861143226, 1149805244, 1859251128, 1927296709, 1824239269, 2007799188, 1692940267, 1633462455, 1711727584, 1931933653, 2029869608]
SHIFTS: [-11, -11, -10, -11, -11, -11, -10, -11, -11, -11, -11, -11, -11, -11, -11, -11, -11, -11, -11, -11, -11, -10, -11, -11, -11, -11, -11, -11, -11, -11, -11, -11, -11, -10, -11, -11, -11, -11, -10, -11, -11, -11, -11, -10, -11, -11, -11, -11, -11, -11, -11, -10, -11, -10, -11, -11, -11, -10, -11, -11, -11, -10, -11, -11, -11, -11, -11, -11, -11, -11, -11, -11, -11, -11, -11, -11, -11, -11, -11, -10, -11, -10, -11, -11, -10, -11, -11, -11, -11, -11, -11, -10, -11, -10, -11, -11, -11, -10, -11, -10, -11, -11, -11, -10, -11, -11, -11, -11, -11, -11, -11, -10, -11, -11, -10, -11, -11, -11, -11, -11, -11, -10, -10, -11, -10, -11, -11, -11, -10, -10, -11, -11, -11, -11, -10, -11, -11, -11, -11, -11, -10, -11, -10, -11, -10, -11, -11, -11, -10, -11, -11, -11, -11, -11, -11, -11, -11, -11, -11, -11, -11, -11, -11, -11, -11, -11, -11, -11, -11, -11, -11, -10, -11, -11, -11, -11, -11, -11, -11, -11, -11, -11, -11, -11, -11, -11, -11, -11, -11, -11, -11, -11, -11, -11, -11, -11, -11, -11, -11, -11, -11, -11, -10, -11, -11, -11, -11, -11, -11, -11, -11, -11, -11, -11, -11, -11, -11, -11, -11, -11, -11, -11, -11, -11, -10, -11, -11, -11, -11, -11, -11, -11, -11, -11, -11, -11, -11, -11, -11, -11, -11, -11, -11, -11, -11, -11, -11, -11, -11, -11, -11, -11, -11, -11, -11, -11, -11, -11, -11, -11, -11, -11, -11, -11, -11, -11, -11, -11, -11, -11, -11, -10, -11, -11, -11, -11, -11, -11, -11, -11, -11, -11, -11, -11, -11, -11, -11, -11, -11, -11, -11, -10, -11, -11, -11, -11, -11, -10, -10, -11, -11, -11, -11, -11, -11, -11, -11, -11, -11, -11, -10, -11, -10, -11, -11, -10, -11, -11, -11, -10, -10, -11, -11, -11, -10, -11, -11, -11, -11, -11, -11, -11, -10, -11, -11, -11, -11, -11, -10, -11, -11, -11, -11, -11, -10, -10, -11, -11, -11, -11, -11, -11, -11, -11, -10, -11, -11, -11, -11, -11, -10, -11, -11, -11, -10, -10, -10, -10, -11, -11, -11, -11, -11, -11, -11, -11, -11, -11, -11, -11, -11, -10, -11, -11, -11, -11, -11, -11, -11, -11, -11, -10, -11, -11, -11, -11, -11, -11, -11, -11, -10, -10, -11, -10, -11, -10, -11, -11, -10, -10, -10, -10, -11, -11, -11, -10, -10, -11, -11, -11, -10, -10, -10, -10, -11, -11, -11, -11, -11, -11, -10, -11, -11, -10, -10, -11, -11, -11, -10, -10, -11, -10, -11, -10, -11, -11, -10, -10, -11, -11, -10, -10, -11, -11, -10, -10, -10, -10, -10, -10, -11, -11, -11, -11, -10, -11, -11, -11, -11, -11, -11, -11, -11, -11, -11, -11, -10, -11, -11, -11, -11, -11, -11, -11, -11, -11, -10, -11, -10, -10, -10, -10, -11, -11, -10, -11, -11, -11, -10, -11, -11, -11, -10, -10, -11, -10, -10, -11, -11, -11, -10, -11, -10, -11, -11, -10, -10, -10, -11, -11, -11, -11, -11, -10, -10, -10, -10, -10, -10, -11, -11, -11, -10, -11, -10, -10, -11, -11, -11, -10, -11, -11, -10, -11, -10, -10, -10, -11, -11, -11, -11, -11, -11, -11, -10, -10, -10, -10, -11, -10, -10, -11, -10, -10, -11, -10, -10, -11, -11, -11, -11, -10, -11, -10, -11, -11, -11, -11, -11, -11, -10, -11, -11, -10, -10, -11, -11, -11, -10, -10, -11, -11, -10, -11, -10, -11, -11, -11, -10, -11, -11, -11, -10, -11, -10, -11, -10, -11, -11, -10, -11, -10, -11, -11, -10, -10, -10, -10, -11, -11, -11, -11, -11, -11, -10, -11, -10, -10, -11, -10, -11, -11, -11, -10, -11, -11, -10, -11, -11, -11, -11, -11, -10, -11, -10, -10, -10, -11, -10, -11, -11, -10, -10, -11, -11, -11, -11, -11, -11, -11, -11, -11, -10, -11, -11, -11, -10, -10, -11, -11, -11, -11, -11, -11, -10, -11, -10, -11, -10, -11, -11, -11, -11, -11, -10, -11, -10, -10, -10, -11, -10, -10, -11, -11, -10, -10, -10, -10, -11, -11, -10, -11, -10, -10, -10, -10, -11, -10, -10, -10, -10, -11, -11, -10, -11, -11, -11, -11, -11, -11, -11, -10, -10, -10, -11, -11, -11, -11, -11, -11, -10, -10, -10, -11, -11, -10, -10, -11, -11, -11, -10, -11, -11, -11, -11, -10, -10, -10, -10, -11, -11, -11, -10, -10, -11, -11, -11, -10, -10, -11, -11, -11, -11, -10, -11, -10, -10, -11, -11, -11, -10, -10, -10, -10, -10, -11, -10, -11, -10, -10, -11, -11, -11, -11, -10, -10, -10, -11, -10, -10, -10, -11, -10, -10, -11, -10, -11, -11, -11, -11, -10, -10, -11, -10, -10, -10, -11, -11, -10, -11, -11, -11, -10, -11, -11, -11, -10, -11, -10, -11, -11, -11, -10, -11, -11, -11, -10, -10, -11, -10, -11, -11, -11, -11, -11, -10, -11, -11, -11, -10, -10, -11, -10, -11, -10, -11, -10, -10, -11, -11, -11, -11, -10, -10, -11, -10, -11, -11, -10, -10, -10, -11, -10, -10, -11, -10, -11, -11, -11, -11, -10, -11, -11, -11, -11, -10, -10, -10, -10, -10, -10, -10, -11, -10, -11, -11, -11, -11, -11, -10, -10, -11, -10, -11, -10, -11, -11, -11, -11, -11, -11, -11, -11, -11, -10, -11, -10, -10, -10, -11, -10, -10, -10, -10, -11, -10, -11, -11, -11, -11, -10, -10, -11, -11, -11, -11, -11, -11, -11, -10, -11, -10, -11, -10, -11, -10, -11, -11, -11, -10, -10, -10, -10, -11, -11, -11, -11, -10, -11, -11, -10, -10, -11, -11, -10, -10, -11, -11, -11, -11, -10, -11, -11, -11, -11, -10, -11, -11, -11, -11, -11, -11, -11, -11, -11, -11, -11, -11, -11, -11, -11, -10, -11, -11, -11, -11, -11, -10, -10, -11, -10, -11, -11, -11, -11, -11, -11, -11, -11, -11]
Q6: [33, 33, 33, 33, 33, 33, 33, 33, 33, 33, 33, 33, 33, 33, 33, 33, 33, 33, 33, 33, 33, 33, 33, 33, 33, 33, 33, 33, 33, 33, 33, 33, 33, 33, 33, 33, 33, 33, 33, 33, 33, 33, 33, 33, 33, 33, 33, 33, 33, 33, 33, 33, 33, 33, 33, 33, 33, 33, 33, 33, 33, 33, 33, 33, 33, 33, 33, 33, 33, 33, 33, 33, 33, 33, 33, 33, 33, 33, 33, 33, 33, 33, 33, 33, 33, 33, 33, 33, 33, 33, 33, 33, 33, 33, 33, 33, 33, 33, 33, 33, 33, 33, 33, 33, 33, 33, 33, 33, 33, 33, 33, 33, 33, 33, 33, 33, 33, 33, 33, 33, 33, 33, 33, 33, 33, 33, 33, 33, 33, 33, 33, 33, 33, 33, 33, 33, 33, 33, 33, 33, 33, 33, 33, 33, 33, 33, 33, 33, 33, 33, 33, 33, 33, 33, 33, 33, 33, 33, 33, 33, 33, 33, 33, 33, 33, 33, 33, 33, 33, 33, 33, 33, 33, 33, 33, 33, 33, 33, 33, 33, 33, 33, 33, 33, 33, 33, 33, 33, 33, 33, 33, 33, 33, 33, 33, 33, 33, 33, 33, 33, 33, 33, 33, 33, 33, 33, 33, 33, 33, 33, 33, 33, 33, 33, 33, 33, 33, 33, 33, 33, 33, 33, 33, 33, 33, 33, 33, 33, 33, 33, 33, 33, 33, 33, 33, 33, 33, 33, 33, 33, 33, 33, 33, 33, 33, 33, 33, 33, 33, 33, 33, 33, 33, 33, 33, 33, 33, 33, 33, 33, 33, 33, 33, 33, 33, 33, 33, 33, 33, 33, 33, 33, 33, 33, 33, 33, 33, 33, 33, 33, 33, 33, 33, 33, 33, 33, 33, 33, 33, 33, 33, 33, 33, 33, 33, 33, 33, 33, 33, 33, 33, 33, 33, 33, 33, 33, 33, 33, 33, 33, 33, 33, 33, 33, 33, 33, 33, 33, 33, 33, 33, 33, 33, 33, 33, 33, 33, 33, 33, 33, 33, 33, 33, 33, 33, 33, 33, 33, 33, 33, 33, 33, 33, 33, 33, 33, 33, 33, 33, 33, 33, 33, 33, 33, 33, 33, 33, 33, 33, 33, 33, 33, 33, 33, 33, 33, 33, 33, 33, 33, 33, 33, 33, 33, 33, 33, 33, 33, 33, 33, 33, 33, 33, 33, 33, 33, 33, 33, 33, 33, 33, 33, 33, 33, 33, 33, 33, 33, 33, 33, 33, 33, 33, 33, 33, 33, 33, 33, 33, 33, 33, 33, 33, 33, 33, 33, 33, 33, 33, 33, 33, 33, 33, 33, 33, 33, 33, 33, 33, 33, 33, 33, 33, 33, 33, 33, 33, 33, 33, 33, 33, 33, 33, 33, 33, 33, 33, 33, 33, 33, 33, 33, 33, 33, 33, 33, 33, 33, 33, 33, 33, 33, 33, 33, 33, 33, 33, 33, 33, 33, 33, 33, 33, 33, 33, 33, 33, 33, 33, 33, 33, 33, 33, 33, 33, 33, 33, 33, 33, 33, 33, 33, 33, 33, 33, 33, 33, 33, 33, 33, 33, 33, 33, 33, 33, 33, 33, 33, 33, 33, 33, 33, 33, 33, 33, 33, 33, 33, 33, 33, 33, 33, 33, 33, 33, 33, 33, 33, 33, 33, 33, 33, 33, 33, 33, 33, 33, 33, 33, 33, 33, 33, 33, 33, 33, 33, 33, 33, 33, 33, 33, 33, 33, 33, 33, 33, 33, 33, 33, 33, 33, 33, 33, 33, 33, 33, 33, 33, 33, 33, 33, 33, 33, 33, 33, 33, 33, 33, 33, 33, 33, 33, 33, 33, 33, 33, 33, 33, 33, 33, 33, 33, 33, 33, 33, 33, 33, 33, 33, 33, 33, 33, 33, 33, 33, 33, 33, 33, 33, 33, 33, 33, 33, 33, 33, 33, 33, 33, 33, 33, 33, 33, 33, 33, 33, 33, 33, 33, 33, 33, 33, 33, 33, 33, 33, 33, 33, 33, 33, 33, 33, 33, 33, 33, 33, 33, 33, 33, 33, 33, 33, 33, 33, 33, 33, 33, 33, 33, 33, 33, 33, 33, 33, 33, 33, 33, 33, 33, 33, 33, 33, 33, 33, 33, 33, 33, 33, 33, 33, 33, 33, 33, 33, 33, 33, 33, 33, 33, 33, 33, 33, 33, 33, 33, 33, 33, 33, 33, 33, 33, 33, 33, 33, 33, 33, 33, 33, 33, 33, 33, 33, 33, 33, 33, 33, 33, 33, 33, 33, 33, 33, 33, 33, 33, 33, 33, 33, 33, 33, 33, 33, 33, 33, 33, 33, 33, 33, 33, 33, 33, 33, 33, 33, 33, 33, 33, 33, 33, 33, 33, 33, 33, 33, 33, 33, 33, 33, 33, 33, 33, 33, 33, 33, 33, 33, 33, 33, 33, 33, 33, 33, 33, 33, 33, 33, 33, 33, 33, 33, 33, 33, 33, 33, 33, 33, 33, 33, 33, 33, 33, 33, 33, 33, 33, 33, 33, 33, 33, 33, 33, 33, 33, 33, 33, 33, 33, 33, 33, 33, 33, 33, 33, 33, 33, 33, 33, 33, 33, 33, 33, 33, 33, 33, 33, 33, 33, 33, 33, 33, 33, 33, 33, 33, 33, 33, 33, 33, 33, 33, 33, 33, 33, 33, 33, 33, 33, 33, 33, 33, 33, 33, 33, 33, 33, 33, 33, 33, 33, 33, 33, 33, 33, 33, 33, 33, 33, 33, 33, 33, 33, 33, 33, 33, 33, 33, 33, 33, 33, 33, 33, 33, 33, 33, 33, 33, 33, 33, 33, 33, 33, 33, 33, 33, 33, 33, 33, 33, 33, 33, 33, 33, 33, 33, 33, 33, 33, 33, 33, 33, 33, 33, 33, 33, 33, 33, 33, 33, 33, 33, 33, 33, 33, 33, 33, 33, 33, 33, 33, 33, 33, 33, 33, 33, 33, 33, 33, 33, 33, 33, 33, 33, 33, 33, 33, 33, 33, 33, 33, 33, 33, 33, 33, 33, 33, 33, 33, 33, 33, 33, 33, 33, 33, 33, 33, 33, 33, 33, 33, 33, 33, 33, 33, 33, 33, 33, 33, 33, 33, 33, 33, 33, 33, 33, 33, 33, 33, 33, 33, 33, 33, 33, 33, 33, 33, 33, 33, 33, 33, 33, 33]

OFFSETS:
  MUL   = 28160
  SHIFT = 28160
  Q6    = 28160

================================================================================
OP_INDEX: 65
TIPO: SOFTMAX
NFEAT: 1

INPUT_SCALE: 0.07673481851816177
BETA: 1.0
INTEGER_BITS: 5
INPUT_LEFT_SHIFT: 1
REAL_MULTIPLIER: 0.07673481851816177

MULTIPLIERS: [1318294144]
SHIFTS: [-3]
Q6: []

OFFSETS:
  MUL   = 32160
  SHIFT = 32160
  Q6    = 0

================================================================================
RESUMO
================================================================================
Quantidade de multipliers: 8041
Quantidade de shifts: 8041
Quantidade de Q6: 8040
mul_blob: 32164 bytes
shift_blob: 32164 bytes
q6_blob: 32160 bytes