model;type;name_image;status;votes;observations;available;variant_count;selected_execution;selected_source;duplicate_executions;excluded_executions;conflicts
drowsiness;tflite;A0001.raw;equal;2;2;2;1;20;ESP32/cnn_tflite_esp32/reports/20261008T215503505222Z/report.csv;[];[];[]
drowsiness;tflite;A0002.raw;equal;2;2;2;1;20;ESP32/cnn_tflite_esp32/reports/20261008T215503505222Z/report.csv;[];[];[]
drowsiness;tflite;A0003.raw;equal;2;2;2;1;20;ESP32/cnn_tflite_esp32/reports/20261008T215503505222Z/report.csv;[];[];[]
drowsiness;tflite;A0004.raw;equal;2;2;2;1;20;ESP32/cnn_tflite_esp32/reports/20261008T215503505222Z/report.csv;[];[];[]
drowsiness;tflite;A0005.raw;equal;2;2;2;1;20;ESP32/cnn_tflite_esp32/reports/20261008T215503505222Z/report.csv;[];[];[]
drowsiness;tflite;A0006.raw;equal;2;2;2;1;20;ESP32/cnn_tflite_esp32/reports/20261008T215503505222Z/report.csv;[];[];[]
drowsiness;tflite;A0007.raw;equal;2;2;2;1;20;ESP32/cnn_tflite_esp32/reports/20261008T215503505222Z/report.csv;[];[];[]
drowsiness;tflite;A0008.raw;equal;2;2;2;1;20;ESP32/cnn_tflite_esp32/reports/20261008T215503505222Z/report.csv;[];[];[]
drowsiness;tflite;A0009.raw;equal;2;2;2;1;20;ESP32/cnn_tflite_esp32/reports/20261008T215503505222Z/report.csv;[];[];[]
drowsiness;tflite;A0010.raw;equal;2;2;2;1;20;ESP32/cnn_tflite_esp32/reports/20261008T215503505222Z/report.csv;[];[];[]
drowsiness;tflite;A0011.raw;equal;2;2;2;1;20;ESP32/cnn_tflite_esp32/reports/20261008T215503505222Z/report.csv;[];[];[]
drowsiness;tflite;A0012.raw;equal;2;2;2;1;20;ESP32/cnn_tflite_esp32/reports/20261008T215503505222Z/report.csv;[];[];[]
drowsiness;tflite;A0013.raw;equal;2;2;2;1;20;ESP32/cnn_tflite_esp32/reports/20261008T215503505222Z/report.csv;[];[];[]
drowsiness;tflite;A0014.raw;equal;2;2;2;1;20;ESP32/cnn_tflite_esp32/reports/20261008T215503505222Z/report.csv;[];[];[]
drowsiness;tflite;A0015.raw;equal;2;2;2;1;20;ESP32/cnn_tflite_esp32/reports/20261008T215503505222Z/report.csv;[];[];[]
drowsiness;tflite;A0016.raw;equal;2;2;2;1;20;ESP32/cnn_tflite_esp32/reports/20261008T215503505222Z/report.csv;[];[];[]
drowsiness;tflite;A0017.raw;equal;2;2;2;1;20;ESP32/cnn_tflite_esp32/reports/20261008T215503505222Z/report.csv;[];[];[]
drowsiness;tflite;A0018.raw;equal;2;2;2;1;20;ESP32/cnn_tflite_esp32/reports/20261008T215503505222Z/report.csv;[];[];[]
drowsiness;tflite;A0019.raw;equal;2;2;2;1;20;ESP32/cnn_tflite_esp32/reports/20261008T215503505222Z/report.csv;[];[];[]
drowsiness;tflite;A0020.raw;equal;2;2;2;1;20;ESP32/cnn_tflite_esp32/reports/20261008T215503505222Z/report.csv;[];[];[]
drowsiness;tflite;A0021.raw;equal;2;2;2;1;20;ESP32/cnn_tflite_esp32/reports/20261008T215503505222Z/report.csv;[];[];[]
drowsiness;tflite;A0022.raw;equal;2;2;2;1;20;ESP32/cnn_tflite_esp32/reports/20261008T215503505222Z/report.csv;[];[];[]
drowsiness;tflite;A0023.raw;equal;2;2;2;1;20;ESP32/cnn_tflite_esp32/reports/20261008T215503505222Z/report.csv;[];[];[]
drowsiness;tflite;A0024.raw;equal;2;2;2;1;20;ESP32/cnn_tflite_esp32/reports/20261008T215503505222Z/report.csv;[];[];[]
drowsiness;tflite;A0025.raw;equal;2;2;2;1;20;ESP32/cnn_tflite_esp32/reports/20261008T215503505222Z/report.csv;[];[];[]
drowsiness;tflite;A0026.raw;equal;2;2;2;1;20;ESP32/cnn_tflite_esp32/reports/20261008T215503505222Z/report.csv;[];[];[]
drowsiness;tflite;A0027.raw;equal;2;2;2;1;20;ESP32/cnn_tflite_esp32/reports/20261008T215503505222Z/report.csv;[];[];[]
drowsiness;tflite;A0028.raw;equal;2;2;2;1;20;ESP32/cnn_tflite_esp32/reports/20261008T215503505222Z/report.csv;[];[];[]
drowsiness;tflite;A0029.raw;equal;2;2;2;1;20;ESP32/cnn_tflite_esp32/reports/20261008T215503505222Z/report.csv;[];[];[]
drowsiness;tflite;A0030.raw;equal;2;2;2;1;20;ESP32/cnn_tflite_esp32/reports/20261008T215503505222Z/report.csv;[];[];[]
drowsiness;tflite;A0031.raw;equal;2;2;2;1;20;ESP32/cnn_tflite_esp32/reports/20261008T215503505222Z/report.csv;[];[];[]
drowsiness;tflite;A0032.raw;equal;2;2;2;1;20;ESP32/cnn_tflite_esp32/reports/20261008T215503505222Z/report.csv;[];[];[]
drowsiness;tflite;A0033.raw;equal;2;2;2;1;20;ESP32/cnn_tflite_esp32/reports/20261008T215503505222Z/report.csv;[];[];[]
drowsiness;tflite;A0034.raw;equal;2;2;2;1;20;ESP32/cnn_tflite_esp32/reports/20261008T215503505222Z/report.csv;[];[];[]
drowsiness;tflite;A0035.raw;equal;2;2;2;1;20;ESP32/cnn_tflite_esp32/reports/20261008T215503505222Z/report.csv;[];[];[]
drowsiness;tflite;A0036.raw;equal;2;2;2;1;20;ESP32/cnn_tflite_esp32/reports/20261008T215503505222Z/report.csv;[];[];[]
drowsiness;tflite;A0037.raw;equal;2;2;2;1;20;ESP32/cnn_tflite_esp32/reports/20261008T215503505222Z/report.csv;[];[];[]
drowsiness;tflite;A0038.raw;equal;2;2;2;1;20;ESP32/cnn_tflite_esp32/reports/20261008T215503505222Z/report.csv;[];[];[]
drowsiness;tflite;A0039.raw;equal;2;2;2;1;20;ESP32/cnn_tflite_esp32/reports/20261008T215503505222Z/report.csv;[];[];[]
drowsiness;tflite;A0040.raw;equal;2;2;2;1;20;ESP32/cnn_tflite_esp32/reports/20261008T215503505222Z/report.csv;[];[];[]
drowsiness;tflite;A0041.raw;equal;2;2;2;1;20;ESP32/cnn_tflite_esp32/reports/20261008T215503505222Z/report.csv;[];[];[]
drowsiness;tflite;A0042.raw;equal;2;2;2;1;20;ESP32/cnn_tflite_esp32/reports/20261008T215503505222Z/report.csv;[];[];[]
drowsiness;tflite;A0043.raw;equal;2;2;2;1;20;ESP32/cnn_tflite_esp32/reports/20261008T215503505222Z/report.csv;[];[];[]
drowsiness;tflite;A0044.raw;equal;2;2;2;1;20;ESP32/cnn_tflite_esp32/reports/20261008T215503505222Z/report.csv;[];[];[]
drowsiness;tflite;A0045.raw;equal;2;2;2;1;20;ESP32/cnn_tflite_esp32/reports/20261008T215503505222Z/report.csv;[];[];[]
drowsiness;tflite;A0046.raw;equal;2;2;2;1;20;ESP32/cnn_tflite_esp32/reports/20261008T215503505222Z/report.csv;[];[];[]
drowsiness;tflite;A0047.raw;equal;2;2;2;1;20;ESP32/cnn_tflite_esp32/reports/20261008T215503505222Z/report.csv;[];[];[]
drowsiness;tflite;A0048.raw;equal;2;2;2;1;20;ESP32/cnn_tflite_esp32/reports/20261008T215503505222Z/report.csv;[];[];[]
drowsiness;tflite;A0049.raw;equal;2;2;2;1;20;ESP32/cnn_tflite_esp32/reports/20261008T215503505222Z/report.csv;[];[];[]
drowsiness;tflite;A0050.raw;equal;2;2;2;1;20;ESP32/cnn_tflite_esp32/reports/20261008T215503505222Z/report.csv;[];[];[]
drowsiness;tflite;A0051.raw;equal;2;2;2;1;20;ESP32/cnn_tflite_esp32/reports/20261008T215503505222Z/report.csv;[];[];[]
drowsiness;tflite;A0052.raw;equal;2;2;2;1;20;ESP32/cnn_tflite_esp32/reports/20261008T215503505222Z/report.csv;[];[];[]
drowsiness;tflite;A0053.raw;equal;2;2;2;1;20;ESP32/cnn_tflite_esp32/reports/20261008T215503505222Z/report.csv;[];[];[]
drowsiness;tflite;A0054.raw;equal;2;2;2;1;20;ESP32/cnn_tflite_esp32/reports/20261008T215503505222Z/report.csv;[];[];[]
drowsiness;tflite;A0055.raw;equal;2;2;2;1;20;ESP32/cnn_tflite_esp32/reports/20261008T215503505222Z/report.csv;[];[];[]
drowsiness;tflite;A0056.raw;equal;2;2;2;1;20;ESP32/cnn_tflite_esp32/reports/20261008T215503505222Z/report.csv;[];[];[]
drowsiness;tflite;A0057.raw;equal;2;2;2;1;20;ESP32/cnn_tflite_esp32/reports/20261008T215503505222Z/report.csv;[];[];[]
drowsiness;tflite;A0058.raw;equal;2;2;2;1;20;ESP32/cnn_tflite_esp32/reports/20261008T215503505222Z/report.csv;[];[];[]
drowsiness;tflite;A0059.raw;equal;2;2;2;1;20;ESP32/cnn_tflite_esp32/reports/20261008T215503505222Z/report.csv;[];[];[]
drowsiness;tflite;A0060.raw;equal;2;2;2;1;20;ESP32/cnn_tflite_esp32/reports/20261008T215503505222Z/report.csv;[];[];[]
drowsiness;tflite;A0061.raw;equal;2;2;2;1;20;ESP32/cnn_tflite_esp32/reports/20261008T215503505222Z/report.csv;[];[];[]
drowsiness;tflite;A0062.raw;equal;2;2;2;1;20;ESP32/cnn_tflite_esp32/reports/20261008T215503505222Z/report.csv;[];[];[]
drowsiness;tflite;A0063.raw;equal;2;2;2;1;20;ESP32/cnn_tflite_esp32/reports/20261008T215503505222Z/report.csv;[];[];[]
drowsiness;tflite;A0064.raw;equal;2;2;2;1;20;ESP32/cnn_tflite_esp32/reports/20261008T215503505222Z/report.csv;[];[];[]
drowsiness;tflite;A0065.raw;equal;2;2;2;1;20;ESP32/cnn_tflite_esp32/reports/20261008T215503505222Z/report.csv;[];[];[]
drowsiness;tflite;A0066.raw;equal;2;2;2;1;20;ESP32/cnn_tflite_esp32/reports/20261008T215503505222Z/report.csv;[];[];[]
drowsiness;tflite;A0067.raw;equal;2;2;2;1;20;ESP32/cnn_tflite_esp32/reports/20261008T215503505222Z/report.csv;[];[];[]
drowsiness;tflite;A0068.raw;equal;2;2;2;1;20;ESP32/cnn_tflite_esp32/reports/20261008T215503505222Z/report.csv;[];[];[]
drowsiness;tflite;A0069.raw;equal;2;2;2;1;20;ESP32/cnn_tflite_esp32/reports/20261008T215503505222Z/report.csv;[];[];[]
drowsiness;tflite;A0070.raw;equal;2;2;2;1;20;ESP32/cnn_tflite_esp32/reports/20261008T215503505222Z/report.csv;[];[];[]
drowsiness;tflite;A0071.raw;equal;2;2;2;1;20;ESP32/cnn_tflite_esp32/reports/20261008T215503505222Z/report.csv;[];[];[]
drowsiness;tflite;A0072.raw;equal;2;2;2;1;20;ESP32/cnn_tflite_esp32/reports/20261008T215503505222Z/report.csv;[];[];[]
drowsiness;tflite;A0073.raw;equal;2;2;2;1;20;ESP32/cnn_tflite_esp32/reports/20261008T215503505222Z/report.csv;[];[];[]
drowsiness;tflite;A0074.raw;equal;2;2;2;1;20;ESP32/cnn_tflite_esp32/reports/20261008T215503505222Z/report.csv;[];[];[]
drowsiness;tflite;A0075.raw;equal;2;2;2;1;20;ESP32/cnn_tflite_esp32/reports/20261008T215503505222Z/report.csv;[];[];[]
drowsiness;tflite;A0076.raw;equal;2;2;2;1;20;ESP32/cnn_tflite_esp32/reports/20261008T215503505222Z/report.csv;[];[];[]
drowsiness;tflite;A0077.raw;equal;2;2;2;1;20;ESP32/cnn_tflite_esp32/reports/20261008T215503505222Z/report.csv;[];[];[]
drowsiness;tflite;A0078.raw;equal;2;2;2;1;20;ESP32/cnn_tflite_esp32/reports/20261008T215503505222Z/report.csv;[];[];[]
drowsiness;tflite;A0079.raw;equal;2;2;2;1;20;ESP32/cnn_tflite_esp32/reports/20261008T215503505222Z/report.csv;[];[];[]
drowsiness;tflite;A0080.raw;equal;2;2;2;1;20;ESP32/cnn_tflite_esp32/reports/20261008T215503505222Z/report.csv;[];[];[]
drowsiness;tflite;A0081.raw;equal;2;2;2;1;20;ESP32/cnn_tflite_esp32/reports/20261008T215503505222Z/report.csv;[];[];[]
drowsiness;tflite;A0082.raw;equal;2;2;2;1;20;ESP32/cnn_tflite_esp32/reports/20261008T215503505222Z/report.csv;[];[];[]
drowsiness;tflite;A0083.raw;equal;2;2;2;1;20;ESP32/cnn_tflite_esp32/reports/20261008T215503505222Z/report.csv;[];[];[]
drowsiness;tflite;A0084.raw;equal;2;2;2;1;20;ESP32/cnn_tflite_esp32/reports/20261008T215503505222Z/report.csv;[];[];[]
drowsiness;tflite;A0085.raw;equal;2;2;2;1;20;ESP32/cnn_tflite_esp32/reports/20261008T215503505222Z/report.csv;[];[];[]
drowsiness;tflite;A0086.raw;equal;2;2;2;1;20;ESP32/cnn_tflite_esp32/reports/20261008T215503505222Z/report.csv;[];[];[]
drowsiness;tflite;A0087.raw;equal;2;2;2;1;20;ESP32/cnn_tflite_esp32/reports/20261008T215503505222Z/report.csv;[];[];[]
drowsiness;tflite;A0088.raw;equal;2;2;2;1;20;ESP32/cnn_tflite_esp32/reports/20261008T215503505222Z/report.csv;[];[];[]
drowsiness;tflite;A0089.raw;equal;2;2;2;1;20;ESP32/cnn_tflite_esp32/reports/20261008T215503505222Z/report.csv;[];[];[]
drowsiness;tflite;A0090.raw;equal;2;2;2;1;20;ESP32/cnn_tflite_esp32/reports/20261008T215503505222Z/report.csv;[];[];[]
drowsiness;tflite;A0091.raw;equal;2;2;2;1;20;ESP32/cnn_tflite_esp32/reports/20261008T215503505222Z/report.csv;[];[];[]
drowsiness;tflite;A0092.raw;equal;2;2;2;1;20;ESP32/cnn_tflite_esp32/reports/20261008T215503505222Z/report.csv;[];[];[]
drowsiness;tflite;A0093.raw;equal;2;2;2;1;20;ESP32/cnn_tflite_esp32/reports/20261008T215503505222Z/report.csv;[];[];[]
drowsiness;tflite;A0094.raw;equal;2;2;2;1;20;ESP32/cnn_tflite_esp32/reports/20261008T215503505222Z/report.csv;[];[];[]
drowsiness;tflite;A0095.raw;equal;2;2;2;1;20;ESP32/cnn_tflite_esp32/reports/20261008T215503505222Z/report.csv;[];[];[]
drowsiness;tflite;A0096.raw;equal;2;2;2;1;20;ESP32/cnn_tflite_esp32/reports/20261008T215503505222Z/report.csv;[];[];[]
drowsiness;tflite;A0097.raw;equal;2;2;2;1;20;ESP32/cnn_tflite_esp32/reports/20261008T215503505222Z/report.csv;[];[];[]
drowsiness;tflite;A0098.raw;equal;2;2;2;1;20;ESP32/cnn_tflite_esp32/reports/20261008T215503505222Z/report.csv;[];[];[]
drowsiness;tflite;A0099.raw;equal;2;2;2;1;20;ESP32/cnn_tflite_esp32/reports/20261008T215503505222Z/report.csv;[];[];[]
drowsiness;tflite;A0100.raw;equal;2;2;2;1;20;ESP32/cnn_tflite_esp32/reports/20261008T215503505222Z/report.csv;[];[];[]
drowsiness;tflite;A0101.raw;equal;2;2;2;1;20;ESP32/cnn_tflite_esp32/reports/20261008T215503505222Z/report.csv;[];[];[]
drowsiness;tflite;A0102.raw;equal;2;2;2;1;20;ESP32/cnn_tflite_esp32/reports/20261008T215503505222Z/report.csv;[];[];[]
drowsiness;tflite;A0103.raw;equal;2;2;2;1;20;ESP32/cnn_tflite_esp32/reports/20261008T215503505222Z/report.csv;[];[];[]
drowsiness;tflite;A0104.raw;equal;2;2;2;1;20;ESP32/cnn_tflite_esp32/reports/20261008T215503505222Z/report.csv;[];[];[]
drowsiness;tflite;A0105.raw;equal;2;2;2;1;20;ESP32/cnn_tflite_esp32/reports/20261008T215503505222Z/report.csv;[];[];[]
drowsiness;tflite;A0106.raw;equal;2;2;2;1;20;ESP32/cnn_tflite_esp32/reports/20261008T215503505222Z/report.csv;[];[];[]
drowsiness;tflite;A0107.raw;equal;2;2;2;1;20;ESP32/cnn_tflite_esp32/reports/20261008T215503505222Z/report.csv;[];[];[]
drowsiness;tflite;A0108.raw;equal;2;2;2;1;20;ESP32/cnn_tflite_esp32/reports/20261008T215503505222Z/report.csv;[];[];[]
drowsiness;tflite;A0109.raw;equal;2;2;2;1;20;ESP32/cnn_tflite_esp32/reports/20261008T215503505222Z/report.csv;[];[];[]
drowsiness;tflite;A0110.raw;equal;2;2;2;1;20;ESP32/cnn_tflite_esp32/reports/20261008T215503505222Z/report.csv;[];[];[]
drowsiness;tflite;A0111.raw;equal;2;2;2;1;20;ESP32/cnn_tflite_esp32/reports/20261008T215503505222Z/report.csv;[];[];[]
drowsiness;tflite;A0112.raw;equal;2;2;2;1;20;ESP32/cnn_tflite_esp32/reports/20261008T215503505222Z/report.csv;[];[];[]
drowsiness;tflite;A0113.raw;equal;2;2;2;1;20;ESP32/cnn_tflite_esp32/reports/20261008T215503505222Z/report.csv;[];[];[]
drowsiness;tflite;A0114.raw;equal;2;2;2;1;20;ESP32/cnn_tflite_esp32/reports/20261008T215503505222Z/report.csv;[];[];[]
drowsiness;tflite;A0115.raw;equal;2;2;2;1;20;ESP32/cnn_tflite_esp32/reports/20261008T215503505222Z/report.csv;[];[];[]
drowsiness;tflite;A0116.raw;equal;2;2;2;1;20;ESP32/cnn_tflite_esp32/reports/20261008T215503505222Z/report.csv;[];[];[]
drowsiness;tflite;A0117.raw;equal;2;2;2;1;20;ESP32/cnn_tflite_esp32/reports/20261008T215503505222Z/report.csv;[];[];[]
drowsiness;tflite;A0118.raw;equal;2;2;2;1;20;ESP32/cnn_tflite_esp32/reports/20261008T215503505222Z/report.csv;[];[];[]
drowsiness;tflite;A0119.raw;equal;2;2;2;1;20;ESP32/cnn_tflite_esp32/reports/20261008T215503505222Z/report.csv;[];[];[]
drowsiness;tflite;A0120.raw;equal;2;2;2;1;20;ESP32/cnn_tflite_esp32/reports/20261008T215503505222Z/report.csv;[];[];[]
drowsiness;tflite;A0121.raw;equal;2;2;2;1;20;ESP32/cnn_tflite_esp32/reports/20261008T215503505222Z/report.csv;[];[];[]
drowsiness;tflite;A0122.raw;equal;2;2;2;1;20;ESP32/cnn_tflite_esp32/reports/20261008T215503505222Z/report.csv;[];[];[]
drowsiness;tflite;A0123.raw;equal;2;2;2;1;20;ESP32/cnn_tflite_esp32/reports/20261008T215503505222Z/report.csv;[];[];[]
drowsiness;tflite;A0124.raw;equal;2;2;2;1;20;ESP32/cnn_tflite_esp32/reports/20261008T215503505222Z/report.csv;[];[];[]
drowsiness;tflite;A0125.raw;equal;2;2;2;1;20;ESP32/cnn_tflite_esp32/reports/20261008T215503505222Z/report.csv;[];[];[]
drowsiness;tflite;A0126.raw;equal;2;2;2;1;20;ESP32/cnn_tflite_esp32/reports/20261008T215503505222Z/report.csv;[];[];[]
drowsiness;tflite;A0127.raw;equal;2;2;2;1;20;ESP32/cnn_tflite_esp32/reports/20261008T215503505222Z/report.csv;[];[];[]
drowsiness;tflite;A0128.raw;equal;2;2;2;1;20;ESP32/cnn_tflite_esp32/reports/20261008T215503505222Z/report.csv;[];[];[]
drowsiness;tflite;A0129.raw;equal;2;2;2;1;20;ESP32/cnn_tflite_esp32/reports/20261008T215503505222Z/report.csv;[];[];[]
drowsiness;tflite;A0130.raw;equal;2;2;2;1;20;ESP32/cnn_tflite_esp32/reports/20261008T215503505222Z/report.csv;[];[];[]
drowsiness;tflite;A0131.raw;equal;2;2;2;1;20;ESP32/cnn_tflite_esp32/reports/20261008T215503505222Z/report.csv;[];[];[]
drowsiness;tflite;A0132.raw;equal;2;2;2;1;20;ESP32/cnn_tflite_esp32/reports/20261008T215503505222Z/report.csv;[];[];[]
drowsiness;tflite;A0133.raw;equal;2;2;2;1;20;ESP32/cnn_tflite_esp32/reports/20261008T215503505222Z/report.csv;[];[];[]
drowsiness;tflite;A0134.raw;equal;2;2;2;1;20;ESP32/cnn_tflite_esp32/reports/20261008T215503505222Z/report.csv;[];[];[]
drowsiness;tflite;A0135.raw;equal;2;2;2;1;20;ESP32/cnn_tflite_esp32/reports/20261008T215503505222Z/report.csv;[];[];[]
drowsiness;tflite;A0136.raw;equal;2;2;2;1;20;ESP32/cnn_tflite_esp32/reports/20261008T215503505222Z/report.csv;[];[];[]
drowsiness;tflite;A0137.raw;equal;2;2;2;1;20;ESP32/cnn_tflite_esp32/reports/20261008T215503505222Z/report.csv;[];[];[]
drowsiness;tflite;A0138.raw;equal;2;2;2;1;20;ESP32/cnn_tflite_esp32/reports/20261008T215503505222Z/report.csv;[];[];[]
drowsiness;tflite;A0139.raw;equal;2;2;2;1;20;ESP32/cnn_tflite_esp32/reports/20261008T215503505222Z/report.csv;[];[];[]
drowsiness;tflite;A0140.raw;equal;2;2;2;1;20;ESP32/cnn_tflite_esp32/reports/20261008T215503505222Z/report.csv;[];[];[]
drowsiness;tflite;A0141.raw;equal;2;2;2;1;20;ESP32/cnn_tflite_esp32/reports/20261008T215503505222Z/report.csv;[];[];[]
drowsiness;tflite;A0142.raw;equal;2;2;2;1;20;ESP32/cnn_tflite_esp32/reports/20261008T215503505222Z/report.csv;[];[];[]
drowsiness;tflite;A0143.raw;equal;2;2;2;1;20;ESP32/cnn_tflite_esp32/reports/20261008T215503505222Z/report.csv;[];[];[]
drowsiness;tflite;A0144.raw;equal;2;2;2;1;20;ESP32/cnn_tflite_esp32/reports/20261008T215503505222Z/report.csv;[];[];[]
drowsiness;tflite;A0145.raw;equal;2;2;2;1;20;ESP32/cnn_tflite_esp32/reports/20261008T215503505222Z/report.csv;[];[];[]
drowsiness;tflite;A0146.raw;equal;2;2;2;1;20;ESP32/cnn_tflite_esp32/reports/20261008T215503505222Z/report.csv;[];[];[]
drowsiness;tflite;A0147.raw;equal;2;2;2;1;20;ESP32/cnn_tflite_esp32/reports/20261008T215503505222Z/report.csv;[];[];[]
drowsiness;tflite;A0148.raw;equal;2;2;2;1;20;ESP32/cnn_tflite_esp32/reports/20261008T215503505222Z/report.csv;[];[];[]
drowsiness;tflite;A0149.raw;equal;2;2;2;1;20;ESP32/cnn_tflite_esp32/reports/20261008T215503505222Z/report.csv;[];[];[]
drowsiness;tflite;A0150.raw;equal;2;2;2;1;20;ESP32/cnn_tflite_esp32/reports/20261008T215503505222Z/report.csv;[];[];[]
drowsiness;tflite;A0151.raw;equal;2;2;2;1;20;ESP32/cnn_tflite_esp32/reports/20261008T215503505222Z/report.csv;[];[];[]
drowsiness;tflite;A0152.raw;equal;2;2;2;1;20;ESP32/cnn_tflite_esp32/reports/20261008T215503505222Z/report.csv;[];[];[]
drowsiness;tflite;A0153.raw;equal;2;2;2;1;20;ESP32/cnn_tflite_esp32/reports/20261008T215503505222Z/report.csv;[];[];[]
drowsiness;tflite;A0154.raw;equal;2;2;2;1;20;ESP32/cnn_tflite_esp32/reports/20261008T215503505222Z/report.csv;[];[];[]
drowsiness;tflite;A0155.raw;equal;2;2;2;1;20;ESP32/cnn_tflite_esp32/reports/20261008T215503505222Z/report.csv;[];[];[]
drowsiness;tflite;A0156.raw;equal;2;2;2;1;20;ESP32/cnn_tflite_esp32/reports/20261008T215503505222Z/report.csv;[];[];[]
drowsiness;tflite;A0157.raw;equal;2;2;2;1;20;ESP32/cnn_tflite_esp32/reports/20261008T215503505222Z/report.csv;[];[];[]
drowsiness;tflite;A0158.raw;equal;2;2;2;1;20;ESP32/cnn_tflite_esp32/reports/20261008T215503505222Z/report.csv;[];[];[]
drowsiness;tflite;A0159.raw;equal;2;2;2;1;20;ESP32/cnn_tflite_esp32/reports/20261008T215503505222Z/report.csv;[];[];[]
drowsiness;tflite;A0160.raw;equal;2;2;2;1;20;ESP32/cnn_tflite_esp32/reports/20261008T215503505222Z/report.csv;[];[];[]
drowsiness;tflite;A0161.raw;equal;2;2;2;1;20;ESP32/cnn_tflite_esp32/reports/20261008T215503505222Z/report.csv;[];[];[]
drowsiness;tflite;A0162.raw;equal;2;2;2;1;20;ESP32/cnn_tflite_esp32/reports/20261008T215503505222Z/report.csv;[];[];[]
drowsiness;tflite;A0163.raw;equal;2;2;2;1;20;ESP32/cnn_tflite_esp32/reports/20261008T215503505222Z/report.csv;[];[];[]
drowsiness;tflite;A0164.raw;equal;2;2;2;1;20;ESP32/cnn_tflite_esp32/reports/20261008T215503505222Z/report.csv;[];[];[]
drowsiness;tflite;A0165.raw;equal;2;2;2;1;20;ESP32/cnn_tflite_esp32/reports/20261008T215503505222Z/report.csv;[];[];[]
drowsiness;tflite;A0166.raw;equal;2;2;2;1;20;ESP32/cnn_tflite_esp32/reports/20261008T215503505222Z/report.csv;[];[];[]
drowsiness;tflite;A0167.raw;equal;2;2;2;1;20;ESP32/cnn_tflite_esp32/reports/20261008T215503505222Z/report.csv;[];[];[]
drowsiness;tflite;A0168.raw;equal;2;2;2;1;20;ESP32/cnn_tflite_esp32/reports/20261008T215503505222Z/report.csv;[];[];[]
drowsiness;tflite;A0169.raw;equal;2;2;2;1;20;ESP32/cnn_tflite_esp32/reports/20261008T215503505222Z/report.csv;[];[];[]
drowsiness;tflite;A0170.raw;equal;2;2;2;1;20;ESP32/cnn_tflite_esp32/reports/20261008T215503505222Z/report.csv;[];[];[]
drowsiness;tflite;A0171.raw;equal;2;2;2;1;20;ESP32/cnn_tflite_esp32/reports/20261008T215503505222Z/report.csv;[];[];[]
drowsiness;tflite;A0172.raw;equal;2;2;2;1;20;ESP32/cnn_tflite_esp32/reports/20261008T215503505222Z/report.csv;[];[];[]
drowsiness;tflite;A0173.raw;equal;2;2;2;1;20;ESP32/cnn_tflite_esp32/reports/20261008T215503505222Z/report.csv;[];[];[]
drowsiness;tflite;A0174.raw;equal;2;2;2;1;20;ESP32/cnn_tflite_esp32/reports/20261008T215503505222Z/report.csv;[];[];[]
drowsiness;tflite;A0175.raw;equal;2;2;2;1;20;ESP32/cnn_tflite_esp32/reports/20261008T215503505222Z/report.csv;[];[];[]
drowsiness;tflite;A0176.raw;equal;2;2;2;1;20;ESP32/cnn_tflite_esp32/reports/20261008T215503505222Z/report.csv;[];[];[]
drowsiness;tflite;A0177.raw;equal;2;2;2;1;20;ESP32/cnn_tflite_esp32/reports/20261008T215503505222Z/report.csv;[];[];[]
drowsiness;tflite;A0178.raw;equal;2;2;2;1;20;ESP32/cnn_tflite_esp32/reports/20261008T215503505222Z/report.csv;[];[];[]
drowsiness;tflite;A0179.raw;equal;2;2;2;1;20;ESP32/cnn_tflite_esp32/reports/20261008T215503505222Z/report.csv;[];[];[]
drowsiness;tflite;A0180.raw;equal;2;2;2;1;20;ESP32/cnn_tflite_esp32/reports/20261008T215503505222Z/report.csv;[];[];[]
drowsiness;tflite;A0181.raw;equal;2;2;2;1;20;ESP32/cnn_tflite_esp32/reports/20261008T215503505222Z/report.csv;[];[];[]
drowsiness;tflite;A0182.raw;equal;2;2;2;1;20;ESP32/cnn_tflite_esp32/reports/20261008T215503505222Z/report.csv;[];[];[]
drowsiness;tflite;A0183.raw;equal;2;2;2;1;20;ESP32/cnn_tflite_esp32/reports/20261008T215503505222Z/report.csv;[];[];[]
drowsiness;tflite;A0184.raw;equal;2;2;2;1;20;ESP32/cnn_tflite_esp32/reports/20261008T215503505222Z/report.csv;[];[];[]
drowsiness;tflite;A0185.raw;equal;2;2;2;1;20;ESP32/cnn_tflite_esp32/reports/20261008T215503505222Z/report.csv;[];[];[]
drowsiness;tflite;A0188.raw;equal;2;2;2;1;20;ESP32/cnn_tflite_esp32/reports/20261008T215503505222Z/report.csv;[];[];[]
drowsiness;tflite;A0189.raw;equal;2;2;2;1;20;ESP32/cnn_tflite_esp32/reports/20261008T215503505222Z/report.csv;[];[];[]
drowsiness;tflite;A0190.raw;equal;2;2;2;1;20;ESP32/cnn_tflite_esp32/reports/20261008T215503505222Z/report.csv;[];[];[]
drowsiness;tflite;A0191.raw;equal;2;2;2;1;20;ESP32/cnn_tflite_esp32/reports/20261008T215503505222Z/report.csv;[];[];[]
drowsiness;tflite;A0192.raw;equal;2;2;2;1;20;ESP32/cnn_tflite_esp32/reports/20261008T215503505222Z/report.csv;[];[];[]
drowsiness;tflite;A0193.raw;equal;2;2;2;1;20;ESP32/cnn_tflite_esp32/reports/20261008T215503505222Z/report.csv;[];[];[]
drowsiness;tflite;A0194.raw;equal;2;2;2;1;20;ESP32/cnn_tflite_esp32/reports/20261008T215503505222Z/report.csv;[];[];[]
drowsiness;tflite;A0195.raw;equal;2;2;2;1;20;ESP32/cnn_tflite_esp32/reports/20261008T215503505222Z/report.csv;[];[];[]
drowsiness;tflite;A0196.raw;equal;2;2;2;1;20;ESP32/cnn_tflite_esp32/reports/20261008T215503505222Z/report.csv;[];[];[]
drowsiness;tflite;A0197.raw;equal;2;2;2;1;20;ESP32/cnn_tflite_esp32/reports/20261008T215503505222Z/report.csv;[];[];[]
drowsiness;tflite;A0198.raw;equal;2;2;2;1;20;ESP32/cnn_tflite_esp32/reports/20261008T215503505222Z/report.csv;[];[];[]
drowsiness;tflite;A0199.raw;equal;2;2;2;1;20;ESP32/cnn_tflite_esp32/reports/20261008T215503505222Z/report.csv;[];[];[]
drowsiness;tflite;A0200.raw;equal;2;2;2;1;20;ESP32/cnn_tflite_esp32/reports/20261008T215503505222Z/report.csv;[];[];[]
drowsiness;tflite;A0201.raw;equal;2;2;2;1;20;ESP32/cnn_tflite_esp32/reports/20261008T215503505222Z/report.csv;[];[];[]
drowsiness;tflite;A0202.raw;equal;2;2;2;1;20;ESP32/cnn_tflite_esp32/reports/20261008T215503505222Z/report.csv;[];[];[]
drowsiness;tflite;A0203.raw;equal;2;2;2;1;20;ESP32/cnn_tflite_esp32/reports/20261008T215503505222Z/report.csv;[];[];[]
drowsiness;tflite;A0204.raw;equal;2;2;2;1;20;ESP32/cnn_tflite_esp32/reports/20261008T215503505222Z/report.csv;[];[];[]
drowsiness;tflite;A0205.raw;equal;2;2;2;1;20;ESP32/cnn_tflite_esp32/reports/20261008T215503505222Z/report.csv;[];[];[]
drowsiness;tflite;A0206.raw;equal;2;2;2;1;20;ESP32/cnn_tflite_esp32/reports/20261008T215503505222Z/report.csv;[];[];[]
drowsiness;tflite;A0207.raw;equal;2;2;2;1;20;ESP32/cnn_tflite_esp32/reports/20261008T215503505222Z/report.csv;[];[];[]
drowsiness;tflite;A0208.raw;equal;2;2;2;1;20;ESP32/cnn_tflite_esp32/reports/20261008T215503505222Z/report.csv;[];[];[]
drowsiness;tflite;A0209.raw;equal;2;2;2;1;20;ESP32/cnn_tflite_esp32/reports/20261008T215503505222Z/report.csv;[];[];[]
drowsiness;tflite;A0210.raw;equal;2;2;2;1;20;ESP32/cnn_tflite_esp32/reports/20261008T215503505222Z/report.csv;[];[];[]
drowsiness;tflite;A0211.raw;equal;2;2;2;1;20;ESP32/cnn_tflite_esp32/reports/20261008T215503505222Z/report.csv;[];[];[]
drowsiness;tflite;A0212.raw;equal;2;2;2;1;20;ESP32/cnn_tflite_esp32/reports/20261008T215503505222Z/report.csv;[];[];[]
drowsiness;tflite;A0213.raw;equal;2;2;2;1;20;ESP32/cnn_tflite_esp32/reports/20261008T215503505222Z/report.csv;[];[];[]
drowsiness;tflite;A0214.raw;equal;2;2;2;1;20;ESP32/cnn_tflite_esp32/reports/20261008T215503505222Z/report.csv;[];[];[]
drowsiness;tflite;A0215.raw;equal;2;2;2;1;20;ESP32/cnn_tflite_esp32/reports/20261008T215503505222Z/report.csv;[];[];[]
drowsiness;tflite;A0216.raw;equal;2;2;2;1;20;ESP32/cnn_tflite_esp32/reports/20261008T215503505222Z/report.csv;[];[];[]
drowsiness;tflite;A0217.raw;equal;2;2;2;1;20;ESP32/cnn_tflite_esp32/reports/20261008T215503505222Z/report.csv;[];[];[]
drowsiness;tflite;A0218.raw;equal;2;2;2;1;20;ESP32/cnn_tflite_esp32/reports/20261008T215503505222Z/report.csv;[];[];[]
drowsiness;tflite;A0219.raw;equal;2;2;2;1;20;ESP32/cnn_tflite_esp32/reports/20261008T215503505222Z/report.csv;[];[];[]
drowsiness;tflite;A0220.raw;equal;2;2;2;1;20;ESP32/cnn_tflite_esp32/reports/20261008T215503505222Z/report.csv;[];[];[]
drowsiness;tflite;A0222.raw;equal;2;2;2;1;20;ESP32/cnn_tflite_esp32/reports/20261008T215503505222Z/report.csv;[];[];[]
drowsiness;tflite;A0223.raw;equal;2;2;2;1;20;ESP32/cnn_tflite_esp32/reports/20261008T215503505222Z/report.csv;[];[];[]
drowsiness;tflite;A0224.raw;equal;2;2;2;1;20;ESP32/cnn_tflite_esp32/reports/20261008T215503505222Z/report.csv;[];[];[]
drowsiness;tflite;A0225.raw;equal;2;2;2;1;20;ESP32/cnn_tflite_esp32/reports/20261008T215503505222Z/report.csv;[];[];[]
drowsiness;tflite;A0226.raw;equal;2;2;2;1;20;ESP32/cnn_tflite_esp32/reports/20261008T215503505222Z/report.csv;[];[];[]
drowsiness;tflite;A0227.raw;equal;2;2;2;1;20;ESP32/cnn_tflite_esp32/reports/20261008T215503505222Z/report.csv;[];[];[]
drowsiness;tflite;A0228.raw;equal;2;2;2;1;20;ESP32/cnn_tflite_esp32/reports/20261008T215503505222Z/report.csv;[];[];[]
drowsiness;tflite;A0229.raw;equal;2;2;2;1;20;ESP32/cnn_tflite_esp32/reports/20261008T215503505222Z/report.csv;[];[];[]
drowsiness;tflite;A0230.raw;equal;2;2;2;1;20;ESP32/cnn_tflite_esp32/reports/20261008T215503505222Z/report.csv;[];[];[]
drowsiness;tflite;A0231.raw;equal;2;2;2;1;20;ESP32/cnn_tflite_esp32/reports/20261008T215503505222Z/report.csv;[];[];[]
drowsiness;tflite;A0232.raw;equal;2;2;2;1;20;ESP32/cnn_tflite_esp32/reports/20261008T215503505222Z/report.csv;[];[];[]
drowsiness;tflite;A0233.raw;equal;2;2;2;1;20;ESP32/cnn_tflite_esp32/reports/20261008T215503505222Z/report.csv;[];[];[]
drowsiness;tflite;A0234.raw;equal;2;2;2;1;20;ESP32/cnn_tflite_esp32/reports/20261008T215503505222Z/report.csv;[];[];[]
drowsiness;tflite;A0235.raw;equal;2;2;2;1;20;ESP32/cnn_tflite_esp32/reports/20261008T215503505222Z/report.csv;[];[];[]
drowsiness;tflite;A0236.raw;equal;2;2;2;1;20;ESP32/cnn_tflite_esp32/reports/20261008T215503505222Z/report.csv;[];[];[]
drowsiness;tflite;A0237.raw;equal;2;2;2;1;20;ESP32/cnn_tflite_esp32/reports/20261008T215503505222Z/report.csv;[];[];[]
drowsiness;tflite;A0238.raw;equal;2;2;2;1;20;ESP32/cnn_tflite_esp32/reports/20261008T215503505222Z/report.csv;[];[];[]
drowsiness;tflite;A0239.raw;equal;2;2;2;1;20;ESP32/cnn_tflite_esp32/reports/20261008T215503505222Z/report.csv;[];[];[]
drowsiness;tflite;A0240.raw;equal;2;2;2;1;20;ESP32/cnn_tflite_esp32/reports/20261008T215503505222Z/report.csv;[];[];[]
drowsiness;tflite;A0241.raw;equal;2;2;2;1;20;ESP32/cnn_tflite_esp32/reports/20261008T215503505222Z/report.csv;[];[];[]
drowsiness;tflite;A0242.raw;equal;2;2;2;1;20;ESP32/cnn_tflite_esp32/reports/20261008T215503505222Z/report.csv;[];[];[]
drowsiness;tflite;A0243.raw;equal;2;2;2;1;20;ESP32/cnn_tflite_esp32/reports/20261008T215503505222Z/report.csv;[];[];[]
drowsiness;tflite;A0244.raw;equal;2;2;2;1;20;ESP32/cnn_tflite_esp32/reports/20261008T215503505222Z/report.csv;[];[];[]
drowsiness;tflite;A0245.raw;equal;2;2;2;1;20;ESP32/cnn_tflite_esp32/reports/20261008T215503505222Z/report.csv;[];[];[]
drowsiness;tflite;A0246.raw;equal;2;2;2;1;20;ESP32/cnn_tflite_esp32/reports/20261008T215503505222Z/report.csv;[];[];[]
drowsiness;tflite;A0247.raw;equal;2;2;2;1;20;ESP32/cnn_tflite_esp32/reports/20261008T215503505222Z/report.csv;[];[];[]
drowsiness;tflite;A0248.raw;equal;2;2;2;1;20;ESP32/cnn_tflite_esp32/reports/20261008T215503505222Z/report.csv;[];[];[]
drowsiness;tflite;A0249.raw;equal;2;2;2;1;20;ESP32/cnn_tflite_esp32/reports/20261008T215503505222Z/report.csv;[];[];[]
drowsiness;tflite;A0250.raw;equal;2;2;2;1;20;ESP32/cnn_tflite_esp32/reports/20261008T215503505222Z/report.csv;[];[];[]
drowsiness;tflite;A0252.raw;equal;2;2;2;1;20;ESP32/cnn_tflite_esp32/reports/20261008T215503505222Z/report.csv;[];[];[]
drowsiness;tflite;A0253.raw;equal;2;2;2;1;20;ESP32/cnn_tflite_esp32/reports/20261008T215503505222Z/report.csv;[];[];[]
drowsiness;tflite;A0254.raw;equal;2;2;2;1;20;ESP32/cnn_tflite_esp32/reports/20261008T215503505222Z/report.csv;[];[];[]
drowsiness;tflite;A0255.raw;equal;2;2;2;1;20;ESP32/cnn_tflite_esp32/reports/20261008T215503505222Z/report.csv;[];[];[]
drowsiness;tflite;A0256.raw;equal;2;2;2;1;20;ESP32/cnn_tflite_esp32/reports/20261008T215503505222Z/report.csv;[];[];[]
drowsiness;tflite;A0257.raw;equal;2;2;2;1;20;ESP32/cnn_tflite_esp32/reports/20261008T215503505222Z/report.csv;[];[];[]
drowsiness;tflite;A0258.raw;equal;2;2;2;1;20;ESP32/cnn_tflite_esp32/reports/20261008T215503505222Z/report.csv;[];[];[]
drowsiness;tflite;A0259.raw;equal;2;2;2;1;20;ESP32/cnn_tflite_esp32/reports/20261008T215503505222Z/report.csv;[];[];[]
drowsiness;tflite;A0260.raw;equal;2;2;2;1;20;ESP32/cnn_tflite_esp32/reports/20261008T215503505222Z/report.csv;[];[];[]
drowsiness;tflite;A0261.raw;equal;2;2;2;1;20;ESP32/cnn_tflite_esp32/reports/20261008T215503505222Z/report.csv;[];[];[]
drowsiness;tflite;A0262.raw;equal;2;2;2;1;20;ESP32/cnn_tflite_esp32/reports/20261008T215503505222Z/report.csv;[];[];[]
drowsiness;tflite;A0263.raw;equal;2;2;2;1;20;ESP32/cnn_tflite_esp32/reports/20261008T215503505222Z/report.csv;[];[];[]
drowsiness;tflite;A0264.raw;equal;2;2;2;1;20;ESP32/cnn_tflite_esp32/reports/20261008T215503505222Z/report.csv;[];[];[]
drowsiness;tflite;A0265.raw;equal;2;2;2;1;20;ESP32/cnn_tflite_esp32/reports/20261008T215503505222Z/report.csv;[];[];[]
drowsiness;tflite;A0266.raw;equal;2;2;2;1;20;ESP32/cnn_tflite_esp32/reports/20261008T215503505222Z/report.csv;[];[];[]
drowsiness;tflite;A0267.raw;equal;2;2;2;1;20;ESP32/cnn_tflite_esp32/reports/20261008T215503505222Z/report.csv;[];[];[]
drowsiness;tflite;A0268.raw;equal;2;2;2;1;20;ESP32/cnn_tflite_esp32/reports/20261008T215503505222Z/report.csv;[];[];[]
drowsiness;tflite;A0269.raw;equal;2;2;2;1;20;ESP32/cnn_tflite_esp32/reports/20261008T215503505222Z/report.csv;[];[];[]
drowsiness;tflite;A0270.raw;equal;2;2;2;1;20;ESP32/cnn_tflite_esp32/reports/20261008T215503505222Z/report.csv;[];[];[]
drowsiness;tflite;A0271.raw;equal;2;2;2;1;20;ESP32/cnn_tflite_esp32/reports/20261008T215503505222Z/report.csv;[];[];[]
drowsiness;tflite;A0272.raw;equal;2;2;2;1;20;ESP32/cnn_tflite_esp32/reports/20261008T215503505222Z/report.csv;[];[];[]
drowsiness;tflite;A0273.raw;equal;2;2;2;1;20;ESP32/cnn_tflite_esp32/reports/20261008T215503505222Z/report.csv;[];[];[]
drowsiness;tflite;A0274.raw;equal;2;2;2;1;20;ESP32/cnn_tflite_esp32/reports/20261008T215503505222Z/report.csv;[];[];[]
drowsiness;tflite;A0275.raw;equal;2;2;2;1;20;ESP32/cnn_tflite_esp32/reports/20261008T215503505222Z/report.csv;[];[];[]
drowsiness;tflite;A0276.raw;equal;2;2;2;1;20;ESP32/cnn_tflite_esp32/reports/20261008T215503505222Z/report.csv;[];[];[]
drowsiness;tflite;A0277.raw;equal;2;2;2;1;20;ESP32/cnn_tflite_esp32/reports/20261008T215503505222Z/report.csv;[];[];[]
drowsiness;tflite;A0278.raw;equal;2;2;2;1;20;ESP32/cnn_tflite_esp32/reports/20261008T215503505222Z/report.csv;[];[];[]
drowsiness;tflite;A0279.raw;equal;2;2;2;1;20;ESP32/cnn_tflite_esp32/reports/20261008T215503505222Z/report.csv;[];[];[]
drowsiness;tflite;A0280.raw;equal;2;2;2;1;20;ESP32/cnn_tflite_esp32/reports/20261008T215503505222Z/report.csv;[];[];[]
drowsiness;tflite;A0284.raw;equal;2;2;2;1;20;ESP32/cnn_tflite_esp32/reports/20261008T215503505222Z/report.csv;[];[];[]
drowsiness;tflite;A0285.raw;equal;2;2;2;1;20;ESP32/cnn_tflite_esp32/reports/20261008T215503505222Z/report.csv;[];[];[]
drowsiness;tflite;A0286.raw;equal;2;2;2;1;20;ESP32/cnn_tflite_esp32/reports/20261008T215503505222Z/report.csv;[];[];[]
drowsiness;tflite;A0287.raw;equal;2;2;2;1;20;ESP32/cnn_tflite_esp32/reports/20261008T215503505222Z/report.csv;[];[];[]
drowsiness;tflite;A0288.raw;equal;2;2;2;1;20;ESP32/cnn_tflite_esp32/reports/20261008T215503505222Z/report.csv;[];[];[]
drowsiness;tflite;A0289.raw;equal;2;2;2;1;20;ESP32/cnn_tflite_esp32/reports/20261008T215503505222Z/report.csv;[];[];[]
drowsiness;tflite;A0290.raw;equal;2;2;2;1;20;ESP32/cnn_tflite_esp32/reports/20261008T215503505222Z/report.csv;[];[];[]
drowsiness;tflite;A0291.raw;equal;2;2;2;1;20;ESP32/cnn_tflite_esp32/reports/20261008T215503505222Z/report.csv;[];[];[]
drowsiness;tflite;A0292.raw;equal;2;2;2;1;20;ESP32/cnn_tflite_esp32/reports/20261008T215503505222Z/report.csv;[];[];[]
drowsiness;tflite;A0293.raw;equal;2;2;2;1;20;ESP32/cnn_tflite_esp32/reports/20261008T215503505222Z/report.csv;[];[];[]
drowsiness;tflite;A0294.raw;equal;2;2;2;1;20;ESP32/cnn_tflite_esp32/reports/20261008T215503505222Z/report.csv;[];[];[]
drowsiness;tflite;A0295.raw;equal;2;2;2;1;20;ESP32/cnn_tflite_esp32/reports/20261008T215503505222Z/report.csv;[];[];[]
drowsiness;tflite;A0296.raw;equal;2;2;2;1;20;ESP32/cnn_tflite_esp32/reports/20261008T215503505222Z/report.csv;[];[];[]
drowsiness;tflite;A0297.raw;equal;2;2;2;1;20;ESP32/cnn_tflite_esp32/reports/20261008T215503505222Z/report.csv;[];[];[]
drowsiness;tflite;A0298.raw;equal;2;2;2;1;20;ESP32/cnn_tflite_esp32/reports/20261008T215503505222Z/report.csv;[];[];[]
drowsiness;tflite;A0299.raw;equal;2;2;2;1;20;ESP32/cnn_tflite_esp32/reports/20261008T215503505222Z/report.csv;[];[];[]
drowsiness;tflite;A0300.raw;equal;2;2;2;1;20;ESP32/cnn_tflite_esp32/reports/20261008T215503505222Z/report.csv;[];[];[]
drowsiness;tflite;A0301.raw;equal;2;2;2;1;20;ESP32/cnn_tflite_esp32/reports/20261008T215503505222Z/report.csv;[];[];[]
drowsiness;tflite;A0302.raw;equal;2;2;2;1;20;ESP32/cnn_tflite_esp32/reports/20261008T215503505222Z/report.csv;[];[];[]
drowsiness;tflite;A0303.raw;equal;2;2;2;1;20;ESP32/cnn_tflite_esp32/reports/20261008T215503505222Z/report.csv;[];[];[]
drowsiness;tflite;A0304.raw;equal;2;2;2;1;20;ESP32/cnn_tflite_esp32/reports/20261008T215503505222Z/report.csv;[];[];[]
drowsiness;tflite;A0305.raw;equal;2;2;2;1;20;ESP32/cnn_tflite_esp32/reports/20261008T215503505222Z/report.csv;[];[];[]
drowsiness;tflite;A0306.raw;equal;2;2;2;1;20;ESP32/cnn_tflite_esp32/reports/20261008T215503505222Z/report.csv;[];[];[]
drowsiness;tflite;A0307.raw;equal;2;2;2;1;20;ESP32/cnn_tflite_esp32/reports/20261008T215503505222Z/report.csv;[];[];[]
drowsiness;tflite;A0308.raw;equal;2;2;2;1;20;ESP32/cnn_tflite_esp32/reports/20261008T215503505222Z/report.csv;[];[];[]
drowsiness;tflite;A0309.raw;equal;2;2;2;1;20;ESP32/cnn_tflite_esp32/reports/20261008T215503505222Z/report.csv;[];[];[]
drowsiness;tflite;A0310.raw;equal;2;2;2;1;20;ESP32/cnn_tflite_esp32/reports/20261008T215503505222Z/report.csv;[];[];[]
drowsiness;tflite;A0311.raw;equal;2;2;2;1;20;ESP32/cnn_tflite_esp32/reports/20261008T215503505222Z/report.csv;[];[];[]
drowsiness;tflite;A0312.raw;equal;2;2;2;1;20;ESP32/cnn_tflite_esp32/reports/20261008T215503505222Z/report.csv;[];[];[]
drowsiness;tflite;A0313.raw;equal;2;2;2;1;20;ESP32/cnn_tflite_esp32/reports/20261008T215503505222Z/report.csv;[];[];[]
drowsiness;tflite;A0314.raw;equal;2;2;2;1;20;ESP32/cnn_tflite_esp32/reports/20261008T215503505222Z/report.csv;[];[];[]
drowsiness;tflite;A0315.raw;equal;2;2;2;1;20;ESP32/cnn_tflite_esp32/reports/20261008T215503505222Z/report.csv;[];[];[]
drowsiness;tflite;A0316.raw;equal;2;2;2;1;20;ESP32/cnn_tflite_esp32/reports/20261008T215503505222Z/report.csv;[];[];[]
drowsiness;tflite;A0317.raw;equal;2;2;2;1;20;ESP32/cnn_tflite_esp32/reports/20261008T215503505222Z/report.csv;[];[];[]
drowsiness;tflite;A0318.raw;equal;2;2;2;1;20;ESP32/cnn_tflite_esp32/reports/20261008T215503505222Z/report.csv;[];[];[]
drowsiness;tflite;A0319.raw;equal;2;2;2;1;20;ESP32/cnn_tflite_esp32/reports/20261008T215503505222Z/report.csv;[];[];[]
drowsiness;tflite;A0320.raw;equal;2;2;2;1;20;ESP32/cnn_tflite_esp32/reports/20261008T215503505222Z/report.csv;[];[];[]
drowsiness;tflite;A0321.raw;equal;2;2;2;1;20;ESP32/cnn_tflite_esp32/reports/20261008T215503505222Z/report.csv;[];[];[]
drowsiness;tflite;A0322.raw;equal;2;2;2;1;20;ESP32/cnn_tflite_esp32/reports/20261008T215503505222Z/report.csv;[];[];[]
drowsiness;tflite;A0323.raw;equal;2;2;2;1;20;ESP32/cnn_tflite_esp32/reports/20261008T215503505222Z/report.csv;[];[];[]
drowsiness;tflite;A0324.raw;equal;2;2;2;1;20;ESP32/cnn_tflite_esp32/reports/20261008T215503505222Z/report.csv;[];[];[]
drowsiness;tflite;A0325.raw;equal;2;2;2;1;20;ESP32/cnn_tflite_esp32/reports/20261008T215503505222Z/report.csv;[];[];[]
drowsiness;tflite;A0326.raw;equal;2;2;2;1;20;ESP32/cnn_tflite_esp32/reports/20261008T215503505222Z/report.csv;[];[];[]
drowsiness;tflite;A0327.raw;equal;2;2;2;1;20;ESP32/cnn_tflite_esp32/reports/20261008T215503505222Z/report.csv;[];[];[]
drowsiness;tflite;A0328.raw;equal;2;2;2;1;20;ESP32/cnn_tflite_esp32/reports/20261008T215503505222Z/report.csv;[];[];[]
drowsiness;tflite;A0329.raw;equal;2;2;2;1;20;ESP32/cnn_tflite_esp32/reports/20261008T215503505222Z/report.csv;[];[];[]
drowsiness;tflite;A0330.raw;equal;2;2;2;1;20;ESP32/cnn_tflite_esp32/reports/20261008T215503505222Z/report.csv;[];[];[]
drowsiness;tflite;A0331.raw;equal;2;2;2;1;20;ESP32/cnn_tflite_esp32/reports/20261008T215503505222Z/report.csv;[];[];[]
drowsiness;tflite;A0332.raw;equal;2;2;2;1;20;ESP32/cnn_tflite_esp32/reports/20261008T215503505222Z/report.csv;[];[];[]
drowsiness;tflite;A0333.raw;equal;2;2;2;1;20;ESP32/cnn_tflite_esp32/reports/20261008T215503505222Z/report.csv;[];[];[]
drowsiness;tflite;A0334.raw;equal;2;2;2;1;20;ESP32/cnn_tflite_esp32/reports/20261008T215503505222Z/report.csv;[];[];[]
drowsiness;tflite;A0335.raw;equal;2;2;2;1;20;ESP32/cnn_tflite_esp32/reports/20261008T215503505222Z/report.csv;[];[];[]
drowsiness;tflite;A0336.raw;equal;2;2;2;1;20;ESP32/cnn_tflite_esp32/reports/20261008T215503505222Z/report.csv;[];[];[]
drowsiness;tflite;A0337.raw;equal;2;2;2;1;20;ESP32/cnn_tflite_esp32/reports/20261008T215503505222Z/report.csv;[];[];[]
drowsiness;tflite;A0338.raw;equal;2;2;2;1;20;ESP32/cnn_tflite_esp32/reports/20261008T215503505222Z/report.csv;[];[];[]
drowsiness;tflite;A0339.raw;equal;2;2;2;1;20;ESP32/cnn_tflite_esp32/reports/20261008T215503505222Z/report.csv;[];[];[]
drowsiness;tflite;A0340.raw;equal;2;2;2;1;20;ESP32/cnn_tflite_esp32/reports/20261008T215503505222Z/report.csv;[];[];[]
drowsiness;tflite;A0341.raw;equal;2;2;2;1;20;ESP32/cnn_tflite_esp32/reports/20261008T215503505222Z/report.csv;[];[];[]
drowsiness;tflite;A0342.raw;equal;2;2;2;1;20;ESP32/cnn_tflite_esp32/reports/20261008T215503505222Z/report.csv;[];[];[]
drowsiness;tflite;A0343.raw;equal;2;2;2;1;20;ESP32/cnn_tflite_esp32/reports/20261008T215503505222Z/report.csv;[];[];[]
drowsiness;tflite;A0344.raw;equal;2;2;2;1;20;ESP32/cnn_tflite_esp32/reports/20261008T215503505222Z/report.csv;[];[];[]
drowsiness;tflite;A0345.raw;equal;2;2;2;1;20;ESP32/cnn_tflite_esp32/reports/20261008T215503505222Z/report.csv;[];[];[]
drowsiness;tflite;A0346.raw;equal;2;2;2;1;20;ESP32/cnn_tflite_esp32/reports/20261008T215503505222Z/report.csv;[];[];[]
drowsiness;tflite;A0347.raw;equal;2;2;2;1;20;ESP32/cnn_tflite_esp32/reports/20261008T215503505222Z/report.csv;[];[];[]
drowsiness;tflite;A0348.raw;equal;2;2;2;1;20;ESP32/cnn_tflite_esp32/reports/20261008T215503505222Z/report.csv;[];[];[]
drowsiness;tflite;A0349.raw;equal;2;2;2;1;20;ESP32/cnn_tflite_esp32/reports/20261008T215503505222Z/report.csv;[];[];[]
drowsiness;tflite;A0350.raw;equal;2;2;2;1;20;ESP32/cnn_tflite_esp32/reports/20261008T215503505222Z/report.csv;[];[];[]
drowsiness;tflite;A0352.raw;equal;2;2;2;1;20;ESP32/cnn_tflite_esp32/reports/20261008T215503505222Z/report.csv;[];[];[]
drowsiness;tflite;A0353.raw;equal;2;2;2;1;20;ESP32/cnn_tflite_esp32/reports/20261008T215503505222Z/report.csv;[];[];[]
drowsiness;tflite;A0354.raw;equal;2;2;2;1;20;ESP32/cnn_tflite_esp32/reports/20261008T215503505222Z/report.csv;[];[];[]
drowsiness;tflite;A0355.raw;equal;2;2;2;1;20;ESP32/cnn_tflite_esp32/reports/20261008T215503505222Z/report.csv;[];[];[]
drowsiness;tflite;A0356.raw;equal;2;2;2;1;20;ESP32/cnn_tflite_esp32/reports/20261008T215503505222Z/report.csv;[];[];[]
drowsiness;tflite;A0357.raw;equal;2;2;2;1;20;ESP32/cnn_tflite_esp32/reports/20261008T215503505222Z/report.csv;[];[];[]
drowsiness;tflite;A0358.raw;equal;2;2;2;1;20;ESP32/cnn_tflite_esp32/reports/20261008T215503505222Z/report.csv;[];[];[]
drowsiness;tflite;A0359.raw;equal;2;2;2;1;20;ESP32/cnn_tflite_esp32/reports/20261008T215503505222Z/report.csv;[];[];[]
drowsiness;tflite;A0360.raw;equal;2;2;2;1;20;ESP32/cnn_tflite_esp32/reports/20261008T215503505222Z/report.csv;[];[];[]
drowsiness;tflite;A0361.raw;equal;2;2;2;1;20;ESP32/cnn_tflite_esp32/reports/20261008T215503505222Z/report.csv;[];[];[]
drowsiness;tflite;A0362.raw;equal;2;2;2;1;20;ESP32/cnn_tflite_esp32/reports/20261008T215503505222Z/report.csv;[];[];[]
drowsiness;tflite;A0363.raw;equal;2;2;2;1;20;ESP32/cnn_tflite_esp32/reports/20261008T215503505222Z/report.csv;[];[];[]
drowsiness;tflite;A0364.raw;equal;2;2;2;1;20;ESP32/cnn_tflite_esp32/reports/20261008T215503505222Z/report.csv;[];[];[]
drowsiness;tflite;A0365.raw;equal;2;2;2;1;20;ESP32/cnn_tflite_esp32/reports/20261008T215503505222Z/report.csv;[];[];[]
drowsiness;tflite;A0366.raw;equal;2;2;2;1;20;ESP32/cnn_tflite_esp32/reports/20261008T215503505222Z/report.csv;[];[];[]
drowsiness;tflite;A0367.raw;equal;2;2;2;1;20;ESP32/cnn_tflite_esp32/reports/20261008T215503505222Z/report.csv;[];[];[]
drowsiness;tflite;A0368.raw;equal;2;2;2;1;20;ESP32/cnn_tflite_esp32/reports/20261008T215503505222Z/report.csv;[];[];[]
drowsiness;tflite;A0369.raw;equal;2;2;2;1;20;ESP32/cnn_tflite_esp32/reports/20261008T215503505222Z/report.csv;[];[];[]
drowsiness;tflite;A0370.raw;equal;2;2;2;1;20;ESP32/cnn_tflite_esp32/reports/20261008T215503505222Z/report.csv;[];[];[]
drowsiness;tflite;A0371.raw;equal;2;2;2;1;20;ESP32/cnn_tflite_esp32/reports/20261008T215503505222Z/report.csv;[];[];[]
drowsiness;tflite;A0372.raw;equal;2;2;2;1;20;ESP32/cnn_tflite_esp32/reports/20261008T215503505222Z/report.csv;[];[];[]
drowsiness;tflite;A0373.raw;equal;2;2;2;1;20;ESP32/cnn_tflite_esp32/reports/20261008T215503505222Z/report.csv;[];[];[]
drowsiness;tflite;A0374.raw;equal;2;2;2;1;20;ESP32/cnn_tflite_esp32/reports/20261008T215503505222Z/report.csv;[];[];[]
drowsiness;tflite;A0376.raw;equal;2;2;2;1;20;ESP32/cnn_tflite_esp32/reports/20261008T215503505222Z/report.csv;[];[];[]
drowsiness;tflite;A0377.raw;equal;2;2;2;1;20;ESP32/cnn_tflite_esp32/reports/20261008T215503505222Z/report.csv;[];[];[]
drowsiness;tflite;A0378.raw;equal;2;2;2;1;20;ESP32/cnn_tflite_esp32/reports/20261008T215503505222Z/report.csv;[];[];[]
drowsiness;tflite;A0379.raw;equal;2;2;2;1;20;ESP32/cnn_tflite_esp32/reports/20261008T215503505222Z/report.csv;[];[];[]
drowsiness;tflite;A0380.raw;equal;2;2;2;1;20;ESP32/cnn_tflite_esp32/reports/20261008T215503505222Z/report.csv;[];[];[]
drowsiness;tflite;A0381.raw;equal;2;2;2;1;20;ESP32/cnn_tflite_esp32/reports/20261008T215503505222Z/report.csv;[];[];[]
drowsiness;tflite;A0382.raw;equal;2;2;2;1;20;ESP32/cnn_tflite_esp32/reports/20261008T215503505222Z/report.csv;[];[];[]
drowsiness;tflite;A0383.raw;equal;2;2;2;1;20;ESP32/cnn_tflite_esp32/reports/20261008T215503505222Z/report.csv;[];[];[]
drowsiness;tflite;A0384.raw;equal;2;2;2;1;20;ESP32/cnn_tflite_esp32/reports/20261008T215503505222Z/report.csv;[];[];[]
drowsiness;tflite;A0385.raw;equal;2;2;2;1;20;ESP32/cnn_tflite_esp32/reports/20261008T215503505222Z/report.csv;[];[];[]
drowsiness;tflite;A0386.raw;equal;2;2;2;1;20;ESP32/cnn_tflite_esp32/reports/20261008T215503505222Z/report.csv;[];[];[]
drowsiness;tflite;A0387.raw;equal;2;2;2;1;20;ESP32/cnn_tflite_esp32/reports/20261008T215503505222Z/report.csv;[];[];[]
drowsiness;tflite;A0388.raw;equal;2;2;2;1;20;ESP32/cnn_tflite_esp32/reports/20261008T215503505222Z/report.csv;[];[];[]
drowsiness;tflite;A0389.raw;equal;2;2;2;1;20;ESP32/cnn_tflite_esp32/reports/20261008T215503505222Z/report.csv;[];[];[]
drowsiness;tflite;A0390.raw;equal;2;2;2;1;20;ESP32/cnn_tflite_esp32/reports/20261008T215503505222Z/report.csv;[];[];[]
drowsiness;tflite;A0391.raw;equal;2;2;2;1;20;ESP32/cnn_tflite_esp32/reports/20261008T215503505222Z/report.csv;[];[];[]
drowsiness;tflite;A0392.raw;equal;2;2;2;1;20;ESP32/cnn_tflite_esp32/reports/20261008T215503505222Z/report.csv;[];[];[]
drowsiness;tflite;A0393.raw;equal;2;2;2;1;20;ESP32/cnn_tflite_esp32/reports/20261008T215503505222Z/report.csv;[];[];[]
drowsiness;tflite;A0394.raw;equal;2;2;2;1;20;ESP32/cnn_tflite_esp32/reports/20261008T215503505222Z/report.csv;[];[];[]
drowsiness;tflite;A0395.raw;equal;2;2;2;1;20;ESP32/cnn_tflite_esp32/reports/20261008T215503505222Z/report.csv;[];[];[]
drowsiness;tflite;A0396.raw;equal;2;2;2;1;20;ESP32/cnn_tflite_esp32/reports/20261008T215503505222Z/report.csv;[];[];[]
drowsiness;tflite;A0397.raw;equal;2;2;2;1;20;ESP32/cnn_tflite_esp32/reports/20261008T215503505222Z/report.csv;[];[];[]
drowsiness;tflite;A0398.raw;equal;2;2;2;1;20;ESP32/cnn_tflite_esp32/reports/20261008T215503505222Z/report.csv;[];[];[]
drowsiness;tflite;A0399.raw;equal;2;2;2;1;20;ESP32/cnn_tflite_esp32/reports/20261008T215503505222Z/report.csv;[];[];[]
drowsiness;tflite;A0400.raw;equal;2;2;2;1;20;ESP32/cnn_tflite_esp32/reports/20261008T215503505222Z/report.csv;[];[];[]
drowsiness;tflite;A0401.raw;equal;2;2;2;1;20;ESP32/cnn_tflite_esp32/reports/20261008T215503505222Z/report.csv;[];[];[]
drowsiness;tflite;A0402.raw;equal;2;2;2;1;20;ESP32/cnn_tflite_esp32/reports/20261008T215503505222Z/report.csv;[];[];[]
drowsiness;tflite;A0403.raw;equal;2;2;2;1;20;ESP32/cnn_tflite_esp32/reports/20261008T215503505222Z/report.csv;[];[];[]
drowsiness;tflite;A0404.raw;equal;2;2;2;1;20;ESP32/cnn_tflite_esp32/reports/20261008T215503505222Z/report.csv;[];[];[]
drowsiness;tflite;A0405.raw;equal;2;2;2;1;20;ESP32/cnn_tflite_esp32/reports/20261008T215503505222Z/report.csv;[];[];[]
drowsiness;tflite;A0406.raw;equal;2;2;2;1;20;ESP32/cnn_tflite_esp32/reports/20261008T215503505222Z/report.csv;[];[];[]
drowsiness;tflite;A0407.raw;equal;2;2;2;1;20;ESP32/cnn_tflite_esp32/reports/20261008T215503505222Z/report.csv;[];[];[]
drowsiness;tflite;A0408.raw;equal;2;2;2;1;20;ESP32/cnn_tflite_esp32/reports/20261008T215503505222Z/report.csv;[];[];[]
drowsiness;tflite;A0409.raw;equal;2;2;2;1;20;ESP32/cnn_tflite_esp32/reports/20261008T215503505222Z/report.csv;[];[];[]
drowsiness;tflite;A0410.raw;equal;2;2;2;1;20;ESP32/cnn_tflite_esp32/reports/20261008T215503505222Z/report.csv;[];[];[]
drowsiness;tflite;A0411.raw;equal;2;2;2;1;20;ESP32/cnn_tflite_esp32/reports/20261008T215503505222Z/report.csv;[];[];[]
drowsiness;tflite;A0412.raw;equal;2;2;2;1;20;ESP32/cnn_tflite_esp32/reports/20261008T215503505222Z/report.csv;[];[];[]
drowsiness;tflite;A0413.raw;equal;2;2;2;1;20;ESP32/cnn_tflite_esp32/reports/20261008T215503505222Z/report.csv;[];[];[]
drowsiness;tflite;A0414.raw;equal;2;2;2;1;20;ESP32/cnn_tflite_esp32/reports/20261008T215503505222Z/report.csv;[];[];[]
drowsiness;tflite;A0415.raw;equal;2;2;2;1;20;ESP32/cnn_tflite_esp32/reports/20261008T215503505222Z/report.csv;[];[];[]
drowsiness;tflite;A0416.raw;equal;2;2;2;1;20;ESP32/cnn_tflite_esp32/reports/20261008T215503505222Z/report.csv;[];[];[]
drowsiness;tflite;A0417.raw;equal;2;2;2;1;20;ESP32/cnn_tflite_esp32/reports/20261008T215503505222Z/report.csv;[];[];[]
drowsiness;tflite;A0418.raw;equal;2;2;2;1;20;ESP32/cnn_tflite_esp32/reports/20261008T215503505222Z/report.csv;[];[];[]
drowsiness;tflite;A0419.raw;equal;2;2;2;1;20;ESP32/cnn_tflite_esp32/reports/20261008T215503505222Z/report.csv;[];[];[]
drowsiness;tflite;A0420.raw;equal;2;2;2;1;20;ESP32/cnn_tflite_esp32/reports/20261008T215503505222Z/report.csv;[];[];[]
drowsiness;tflite;A0421.raw;equal;2;2;2;1;20;ESP32/cnn_tflite_esp32/reports/20261008T215503505222Z/report.csv;[];[];[]
drowsiness;tflite;A0422.raw;equal;2;2;2;1;20;ESP32/cnn_tflite_esp32/reports/20261008T215503505222Z/report.csv;[];[];[]
drowsiness;tflite;A0423.raw;equal;2;2;2;1;20;ESP32/cnn_tflite_esp32/reports/20261008T215503505222Z/report.csv;[];[];[]
drowsiness;tflite;A0424.raw;equal;2;2;2;1;20;ESP32/cnn_tflite_esp32/reports/20261008T215503505222Z/report.csv;[];[];[]
drowsiness;tflite;A0425.raw;equal;2;2;2;1;20;ESP32/cnn_tflite_esp32/reports/20261008T215503505222Z/report.csv;[];[];[]
drowsiness;tflite;A0426.raw;equal;2;2;2;1;20;ESP32/cnn_tflite_esp32/reports/20261008T215503505222Z/report.csv;[];[];[]
drowsiness;tflite;A0427.raw;equal;2;2;2;1;20;ESP32/cnn_tflite_esp32/reports/20261008T215503505222Z/report.csv;[];[];[]
drowsiness;tflite;A0428.raw;equal;2;2;2;1;20;ESP32/cnn_tflite_esp32/reports/20261008T215503505222Z/report.csv;[];[];[]
drowsiness;tflite;A0429.raw;equal;2;2;2;1;20;ESP32/cnn_tflite_esp32/reports/20261008T215503505222Z/report.csv;[];[];[]
drowsiness;tflite;A0430.raw;equal;2;2;2;1;20;ESP32/cnn_tflite_esp32/reports/20261008T215503505222Z/report.csv;[];[];[]
drowsiness;tflite;A0431.raw;equal;2;2;2;1;20;ESP32/cnn_tflite_esp32/reports/20261008T215503505222Z/report.csv;[];[];[]
drowsiness;tflite;A0432.raw;equal;2;2;2;1;20;ESP32/cnn_tflite_esp32/reports/20261008T215503505222Z/report.csv;[];[];[]
drowsiness;tflite;A0433.raw;equal;2;2;2;1;20;ESP32/cnn_tflite_esp32/reports/20261008T215503505222Z/report.csv;[];[];[]
drowsiness;tflite;A0434.raw;equal;2;2;2;1;20;ESP32/cnn_tflite_esp32/reports/20261008T215503505222Z/report.csv;[];[];[]
drowsiness;tflite;A0435.raw;equal;2;2;2;1;20;ESP32/cnn_tflite_esp32/reports/20261008T215503505222Z/report.csv;[];[];[]
drowsiness;tflite;A0436.raw;equal;2;2;2;1;20;ESP32/cnn_tflite_esp32/reports/20261008T215503505222Z/report.csv;[];[];[]
drowsiness;tflite;A0437.raw;equal;2;2;2;1;20;ESP32/cnn_tflite_esp32/reports/20261008T215503505222Z/report.csv;[];[];[]
drowsiness;tflite;A0440.raw;equal;2;2;2;1;20;ESP32/cnn_tflite_esp32/reports/20261008T215503505222Z/report.csv;[];[];[]
drowsiness;tflite;A0441.raw;equal;2;2;2;1;20;ESP32/cnn_tflite_esp32/reports/20261008T215503505222Z/report.csv;[];[];[]
drowsiness;tflite;A0442.raw;equal;2;2;2;1;20;ESP32/cnn_tflite_esp32/reports/20261008T215503505222Z/report.csv;[];[];[]
drowsiness;tflite;A0443.raw;equal;2;2;2;1;20;ESP32/cnn_tflite_esp32/reports/20261008T215503505222Z/report.csv;[];[];[]
drowsiness;tflite;A0444.raw;equal;2;2;2;1;20;ESP32/cnn_tflite_esp32/reports/20261008T215503505222Z/report.csv;[];[];[]
drowsiness;tflite;A0445.raw;equal;2;2;2;1;20;ESP32/cnn_tflite_esp32/reports/20261008T215503505222Z/report.csv;[];[];[]
drowsiness;tflite;A0446.raw;equal;2;2;2;1;20;ESP32/cnn_tflite_esp32/reports/20261008T215503505222Z/report.csv;[];[];[]
drowsiness;tflite;A0447.raw;equal;2;2;2;1;20;ESP32/cnn_tflite_esp32/reports/20261008T215503505222Z/report.csv;[];[];[]
drowsiness;tflite;A0448.raw;equal;2;2;2;1;20;ESP32/cnn_tflite_esp32/reports/20261008T215503505222Z/report.csv;[];[];[]
drowsiness;tflite;A0449.raw;equal;2;2;2;1;20;ESP32/cnn_tflite_esp32/reports/20261008T215503505222Z/report.csv;[];[];[]
drowsiness;tflite;A0450.raw;equal;2;2;2;1;20;ESP32/cnn_tflite_esp32/reports/20261008T215503505222Z/report.csv;[];[];[]
drowsiness;tflite;A0451.raw;equal;2;2;2;1;20;ESP32/cnn_tflite_esp32/reports/20261008T215503505222Z/report.csv;[];[];[]
drowsiness;tflite;A0452.raw;equal;2;2;2;1;20;ESP32/cnn_tflite_esp32/reports/20261008T215503505222Z/report.csv;[];[];[]
drowsiness;tflite;A0453.raw;equal;2;2;2;1;20;ESP32/cnn_tflite_esp32/reports/20261008T215503505222Z/report.csv;[];[];[]
drowsiness;tflite;A0454.raw;equal;2;2;2;1;20;ESP32/cnn_tflite_esp32/reports/20261008T215503505222Z/report.csv;[];[];[]
drowsiness;tflite;A0455.raw;equal;2;2;2;1;20;ESP32/cnn_tflite_esp32/reports/20261008T215503505222Z/report.csv;[];[];[]
drowsiness;tflite;A0456.raw;equal;2;2;2;1;20;ESP32/cnn_tflite_esp32/reports/20261008T215503505222Z/report.csv;[];[];[]
drowsiness;tflite;A0457.raw;equal;2;2;2;1;20;ESP32/cnn_tflite_esp32/reports/20261008T215503505222Z/report.csv;[];[];[]
drowsiness;tflite;A0460.raw;equal;2;2;2;1;20;ESP32/cnn_tflite_esp32/reports/20261008T215503505222Z/report.csv;[];[];[]
drowsiness;tflite;A0461.raw;equal;2;2;2;1;20;ESP32/cnn_tflite_esp32/reports/20261008T215503505222Z/report.csv;[];[];[]
drowsiness;tflite;A0462.raw;equal;2;2;2;1;20;ESP32/cnn_tflite_esp32/reports/20261008T215503505222Z/report.csv;[];[];[]
drowsiness;tflite;A0463.raw;equal;2;2;2;1;20;ESP32/cnn_tflite_esp32/reports/20261008T215503505222Z/report.csv;[];[];[]
drowsiness;tflite;A0464.raw;equal;2;2;2;1;20;ESP32/cnn_tflite_esp32/reports/20261008T215503505222Z/report.csv;[];[];[]
drowsiness;tflite;A0465.raw;equal;2;2;2;1;20;ESP32/cnn_tflite_esp32/reports/20261008T215503505222Z/report.csv;[];[];[]
drowsiness;tflite;A0466.raw;equal;2;2;2;1;20;ESP32/cnn_tflite_esp32/reports/20261008T215503505222Z/report.csv;[];[];[]
drowsiness;tflite;A0467.raw;equal;2;2;2;1;20;ESP32/cnn_tflite_esp32/reports/20261008T215503505222Z/report.csv;[];[];[]
drowsiness;tflite;A0468.raw;equal;2;2;2;1;20;ESP32/cnn_tflite_esp32/reports/20261008T215503505222Z/report.csv;[];[];[]
drowsiness;tflite;A0469.raw;equal;2;2;2;1;20;ESP32/cnn_tflite_esp32/reports/20261008T215503505222Z/report.csv;[];[];[]
drowsiness;tflite;A0470.raw;equal;2;2;2;1;20;ESP32/cnn_tflite_esp32/reports/20261008T215503505222Z/report.csv;[];[];[]
drowsiness;tflite;A0471.raw;equal;2;2;2;1;20;ESP32/cnn_tflite_esp32/reports/20261008T215503505222Z/report.csv;[];[];[]
drowsiness;tflite;A0472.raw;equal;2;2;2;1;20;ESP32/cnn_tflite_esp32/reports/20261008T215503505222Z/report.csv;[];[];[]
drowsiness;tflite;A0473.raw;equal;2;2;2;1;20;ESP32/cnn_tflite_esp32/reports/20261008T215503505222Z/report.csv;[];[];[]
drowsiness;tflite;A0474.raw;equal;2;2;2;1;20;ESP32/cnn_tflite_esp32/reports/20261008T215503505222Z/report.csv;[];[];[]
drowsiness;tflite;A0475.raw;equal;2;2;2;1;20;ESP32/cnn_tflite_esp32/reports/20261008T215503505222Z/report.csv;[];[];[]
drowsiness;tflite;A0476.raw;equal;2;2;2;1;20;ESP32/cnn_tflite_esp32/reports/20261008T215503505222Z/report.csv;[];[];[]
drowsiness;tflite;A0477.raw;equal;2;2;2;1;20;ESP32/cnn_tflite_esp32/reports/20261008T215503505222Z/report.csv;[];[];[]
drowsiness;tflite;A0478.raw;equal;2;2;2;1;20;ESP32/cnn_tflite_esp32/reports/20261008T215503505222Z/report.csv;[];[];[]
drowsiness;tflite;A0479.raw;equal;2;2;2;1;20;ESP32/cnn_tflite_esp32/reports/20261008T215503505222Z/report.csv;[];[];[]
drowsiness;tflite;A0480.raw;equal;2;2;2;1;20;ESP32/cnn_tflite_esp32/reports/20261008T215503505222Z/report.csv;[];[];[]
drowsiness;tflite;A0481.raw;equal;2;2;2;1;20;ESP32/cnn_tflite_esp32/reports/20261008T215503505222Z/report.csv;[];[];[]
drowsiness;tflite;A0482.raw;equal;2;2;2;1;20;ESP32/cnn_tflite_esp32/reports/20261008T215503505222Z/report.csv;[];[];[]
drowsiness;tflite;A0483.raw;equal;2;2;2;1;20;ESP32/cnn_tflite_esp32/reports/20261008T215503505222Z/report.csv;[];[];[]
drowsiness;tflite;A0484.raw;equal;2;2;2;1;20;ESP32/cnn_tflite_esp32/reports/20261008T215503505222Z/report.csv;[];[];[]
drowsiness;tflite;A0485.raw;equal;2;2;2;1;20;ESP32/cnn_tflite_esp32/reports/20261008T215503505222Z/report.csv;[];[];[]
drowsiness;tflite;A0486.raw;equal;2;2;2;1;20;ESP32/cnn_tflite_esp32/reports/20261008T215503505222Z/report.csv;[];[];[]
drowsiness;tflite;A0487.raw;equal;2;2;2;1;20;ESP32/cnn_tflite_esp32/reports/20261008T215503505222Z/report.csv;[];[];[]
drowsiness;tflite;A0488.raw;equal;2;2;2;1;20;ESP32/cnn_tflite_esp32/reports/20261008T215503505222Z/report.csv;[];[];[]
drowsiness;tflite;A0489.raw;equal;2;2;2;1;20;ESP32/cnn_tflite_esp32/reports/20261008T215503505222Z/report.csv;[];[];[]
drowsiness;tflite;A0490.raw;equal;2;2;2;1;20;ESP32/cnn_tflite_esp32/reports/20261008T215503505222Z/report.csv;[];[];[]
drowsiness;tflite;A0491.raw;equal;2;2;2;1;20;ESP32/cnn_tflite_esp32/reports/20261008T215503505222Z/report.csv;[];[];[]
drowsiness;tflite;A0492.raw;equal;2;2;2;1;20;ESP32/cnn_tflite_esp32/reports/20261008T215503505222Z/report.csv;[];[];[]
drowsiness;tflite;A0493.raw;equal;2;2;2;1;20;ESP32/cnn_tflite_esp32/reports/20261008T215503505222Z/report.csv;[];[];[]
drowsiness;tflite;A0494.raw;equal;2;2;2;1;20;ESP32/cnn_tflite_esp32/reports/20261008T215503505222Z/report.csv;[];[];[]
drowsiness;tflite;A0495.raw;equal;2;2;2;1;20;ESP32/cnn_tflite_esp32/reports/20261008T215503505222Z/report.csv;[];[];[]
drowsiness;tflite;A0496.raw;equal;2;2;2;1;20;ESP32/cnn_tflite_esp32/reports/20261008T215503505222Z/report.csv;[];[];[]
drowsiness;tflite;A0497.raw;equal;2;2;2;1;20;ESP32/cnn_tflite_esp32/reports/20261008T215503505222Z/report.csv;[];[];[]
drowsiness;tflite;A0498.raw;equal;2;2;2;1;20;ESP32/cnn_tflite_esp32/reports/20261008T215503505222Z/report.csv;[];[];[]
drowsiness;tflite;A0499.raw;equal;2;2;2;1;20;ESP32/cnn_tflite_esp32/reports/20261008T215503505222Z/report.csv;[];[];[]
drowsiness;tflite;A0500.raw;equal;2;2;2;1;20;ESP32/cnn_tflite_esp32/reports/20261008T215503505222Z/report.csv;[];[];[]
drowsiness;tflite;A0501.raw;equal;2;2;2;1;20;ESP32/cnn_tflite_esp32/reports/20261008T215503505222Z/report.csv;[];[];[]
drowsiness;tflite;A0502.raw;equal;2;2;2;1;20;ESP32/cnn_tflite_esp32/reports/20261008T215503505222Z/report.csv;[];[];[]
drowsiness;tflite;A0503.raw;equal;2;2;2;1;20;ESP32/cnn_tflite_esp32/reports/20261008T215503505222Z/report.csv;[];[];[]
drowsiness;tflite;A0504.raw;equal;2;2;2;1;20;ESP32/cnn_tflite_esp32/reports/20261008T215503505222Z/report.csv;[];[];[]
drowsiness;tflite;A0505.raw;equal;2;2;2;1;20;ESP32/cnn_tflite_esp32/reports/20261008T215503505222Z/report.csv;[];[];[]
drowsiness;tflite;A0506.raw;equal;2;2;2;1;20;ESP32/cnn_tflite_esp32/reports/20261008T215503505222Z/report.csv;[];[];[]
drowsiness;tflite;A0507.raw;equal;2;2;2;1;20;ESP32/cnn_tflite_esp32/reports/20261008T215503505222Z/report.csv;[];[];[]
drowsiness;tflite;A0508.raw;equal;2;2;2;1;20;ESP32/cnn_tflite_esp32/reports/20261008T215503505222Z/report.csv;[];[];[]
drowsiness;tflite;A0509.raw;equal;2;2;2;1;20;ESP32/cnn_tflite_esp32/reports/20261008T215503505222Z/report.csv;[];[];[]
drowsiness;tflite;A0510.raw;equal;2;2;2;1;20;ESP32/cnn_tflite_esp32/reports/20261008T215503505222Z/report.csv;[];[];[]
drowsiness;tflite;A0511.raw;equal;2;2;2;1;20;ESP32/cnn_tflite_esp32/reports/20261008T215503505222Z/report.csv;[];[];[]
drowsiness;tflite;A0512.raw;equal;2;2;2;1;20;ESP32/cnn_tflite_esp32/reports/20261008T215503505222Z/report.csv;[];[];[]
drowsiness;tflite;A0513.raw;equal;2;2;2;1;20;ESP32/cnn_tflite_esp32/reports/20261008T215503505222Z/report.csv;[];[];[]
drowsiness;tflite;A0514.raw;equal;2;2;2;1;20;ESP32/cnn_tflite_esp32/reports/20261008T215503505222Z/report.csv;[];[];[]
drowsiness;tflite;A0515.raw;equal;2;2;2;1;20;ESP32/cnn_tflite_esp32/reports/20261008T215503505222Z/report.csv;[];[];[]
drowsiness;tflite;A0516.raw;equal;2;2;2;1;20;ESP32/cnn_tflite_esp32/reports/20261008T215503505222Z/report.csv;[];[];[]
drowsiness;tflite;A0517.raw;equal;2;2;2;1;20;ESP32/cnn_tflite_esp32/reports/20261008T215503505222Z/report.csv;[];[];[]
drowsiness;tflite;A0518.raw;equal;2;2;2;1;20;ESP32/cnn_tflite_esp32/reports/20261008T215503505222Z/report.csv;[];[];[]
drowsiness;tflite;A0519.raw;equal;2;2;2;1;20;ESP32/cnn_tflite_esp32/reports/20261008T215503505222Z/report.csv;[];[];[]
drowsiness;tflite;A0520.raw;equal;2;2;2;1;20;ESP32/cnn_tflite_esp32/reports/20261008T215503505222Z/report.csv;[];[];[]
drowsiness;tflite;A0521.raw;equal;2;2;2;1;20;ESP32/cnn_tflite_esp32/reports/20261008T215503505222Z/report.csv;[];[];[]
drowsiness;tflite;A0522.raw;equal;2;2;2;1;20;ESP32/cnn_tflite_esp32/reports/20261008T215503505222Z/report.csv;[];[];[]
drowsiness;tflite;A0523.raw;equal;2;2;2;1;20;ESP32/cnn_tflite_esp32/reports/20261008T215503505222Z/report.csv;[];[];[]
drowsiness;tflite;A0524.raw;equal;2;2;2;1;20;ESP32/cnn_tflite_esp32/reports/20261008T215503505222Z/report.csv;[];[];[]
drowsiness;tflite;A0525.raw;equal;2;2;2;1;20;ESP32/cnn_tflite_esp32/reports/20261008T215503505222Z/report.csv;[];[];[]
drowsiness;tflite;A0526.raw;equal;2;2;2;1;20;ESP32/cnn_tflite_esp32/reports/20261008T215503505222Z/report.csv;[];[];[]
drowsiness;tflite;A0527.raw;equal;2;2;2;1;20;ESP32/cnn_tflite_esp32/reports/20261008T215503505222Z/report.csv;[];[];[]
drowsiness;tflite;A0528.raw;equal;2;2;2;1;20;ESP32/cnn_tflite_esp32/reports/20261008T215503505222Z/report.csv;[];[];[]
drowsiness;tflite;A0529.raw;equal;2;2;2;1;20;ESP32/cnn_tflite_esp32/reports/20261008T215503505222Z/report.csv;[];[];[]
drowsiness;tflite;A0530.raw;equal;2;2;2;1;20;ESP32/cnn_tflite_esp32/reports/20261008T215503505222Z/report.csv;[];[];[]
drowsiness;tflite;A0531.raw;equal;2;2;2;1;20;ESP32/cnn_tflite_esp32/reports/20261008T215503505222Z/report.csv;[];[];[]
drowsiness;tflite;A0532.raw;equal;2;2;2;1;20;ESP32/cnn_tflite_esp32/reports/20261008T215503505222Z/report.csv;[];[];[]
drowsiness;tflite;A0533.raw;equal;2;2;2;1;20;ESP32/cnn_tflite_esp32/reports/20261008T215503505222Z/report.csv;[];[];[]
drowsiness;tflite;A0534.raw;equal;2;2;2;1;20;ESP32/cnn_tflite_esp32/reports/20261008T215503505222Z/report.csv;[];[];[]
drowsiness;tflite;A0535.raw;equal;2;2;2;1;20;ESP32/cnn_tflite_esp32/reports/20261008T215503505222Z/report.csv;[];[];[]
drowsiness;tflite;A0536.raw;equal;2;2;2;1;20;ESP32/cnn_tflite_esp32/reports/20261008T215503505222Z/report.csv;[];[];[]
drowsiness;tflite;A0537.raw;equal;2;2;2;1;20;ESP32/cnn_tflite_esp32/reports/20261008T215503505222Z/report.csv;[];[];[]
drowsiness;tflite;A0538.raw;equal;2;2;2;1;20;ESP32/cnn_tflite_esp32/reports/20261008T215503505222Z/report.csv;[];[];[]
drowsiness;tflite;A0539.raw;equal;2;2;2;1;20;ESP32/cnn_tflite_esp32/reports/20261008T215503505222Z/report.csv;[];[];[]
drowsiness;tflite;A0540.raw;equal;2;2;2;1;20;ESP32/cnn_tflite_esp32/reports/20261008T215503505222Z/report.csv;[];[];[]
drowsiness;tflite;A0541.raw;equal;2;2;2;1;20;ESP32/cnn_tflite_esp32/reports/20261008T215503505222Z/report.csv;[];[];[]
drowsiness;tflite;A0542.raw;equal;2;2;2;1;20;ESP32/cnn_tflite_esp32/reports/20261008T215503505222Z/report.csv;[];[];[]
drowsiness;tflite;A0543.raw;equal;2;2;2;1;20;ESP32/cnn_tflite_esp32/reports/20261008T215503505222Z/report.csv;[];[];[]
drowsiness;tflite;A0544.raw;equal;2;2;2;1;20;ESP32/cnn_tflite_esp32/reports/20261008T215503505222Z/report.csv;[];[];[]
drowsiness;tflite;A0545.raw;equal;2;2;2;1;20;ESP32/cnn_tflite_esp32/reports/20261008T215503505222Z/report.csv;[];[];[]
drowsiness;tflite;A0546.raw;equal;2;2;2;1;20;ESP32/cnn_tflite_esp32/reports/20261008T215503505222Z/report.csv;[];[];[]
drowsiness;tflite;A0547.raw;equal;2;2;2;1;20;ESP32/cnn_tflite_esp32/reports/20261008T215503505222Z/report.csv;[];[];[]
drowsiness;tflite;A0548.raw;equal;2;2;2;1;20;ESP32/cnn_tflite_esp32/reports/20261008T215503505222Z/report.csv;[];[];[]
drowsiness;tflite;A0549.raw;equal;2;2;2;1;20;ESP32/cnn_tflite_esp32/reports/20261008T215503505222Z/report.csv;[];[];[]
drowsiness;tflite;A0550.raw;equal;2;2;2;1;20;ESP32/cnn_tflite_esp32/reports/20261008T215503505222Z/report.csv;[];[];[]
drowsiness;tflite;A0551.raw;equal;2;2;2;1;20;ESP32/cnn_tflite_esp32/reports/20261008T215503505222Z/report.csv;[];[];[]
drowsiness;tflite;A0552.raw;equal;2;2;2;1;20;ESP32/cnn_tflite_esp32/reports/20261008T215503505222Z/report.csv;[];[];[]
drowsiness;tflite;A0553.raw;equal;2;2;2;1;20;ESP32/cnn_tflite_esp32/reports/20261008T215503505222Z/report.csv;[];[];[]
drowsiness;tflite;A0554.raw;equal;2;2;2;1;20;ESP32/cnn_tflite_esp32/reports/20261008T215503505222Z/report.csv;[];[];[]
drowsiness;tflite;A0555.raw;equal;2;2;2;1;20;ESP32/cnn_tflite_esp32/reports/20261008T215503505222Z/report.csv;[];[];[]
drowsiness;tflite;A0556.raw;equal;2;2;2;1;20;ESP32/cnn_tflite_esp32/reports/20261008T215503505222Z/report.csv;[];[];[]
drowsiness;tflite;A0557.raw;equal;2;2;2;1;20;ESP32/cnn_tflite_esp32/reports/20261008T215503505222Z/report.csv;[];[];[]
drowsiness;tflite;A0558.raw;equal;2;2;2;1;20;ESP32/cnn_tflite_esp32/reports/20261008T215503505222Z/report.csv;[];[];[]
drowsiness;tflite;A0559.raw;equal;2;2;2;1;20;ESP32/cnn_tflite_esp32/reports/20261008T215503505222Z/report.csv;[];[];[]
drowsiness;tflite;A0560.raw;equal;2;2;2;1;20;ESP32/cnn_tflite_esp32/reports/20261008T215503505222Z/report.csv;[];[];[]
drowsiness;tflite;A0561.raw;equal;2;2;2;1;20;ESP32/cnn_tflite_esp32/reports/20261008T215503505222Z/report.csv;[];[];[]
drowsiness;tflite;A0562.raw;equal;2;2;2;1;20;ESP32/cnn_tflite_esp32/reports/20261008T215503505222Z/report.csv;[];[];[]
drowsiness;tflite;A0563.raw;equal;2;2;2;1;20;ESP32/cnn_tflite_esp32/reports/20261008T215503505222Z/report.csv;[];[];[]
drowsiness;tflite;A0564.raw;equal;2;2;2;1;20;ESP32/cnn_tflite_esp32/reports/20261008T215503505222Z/report.csv;[];[];[]
drowsiness;tflite;A0565.raw;equal;2;2;2;1;20;ESP32/cnn_tflite_esp32/reports/20261008T215503505222Z/report.csv;[];[];[]
drowsiness;tflite;A0566.raw;equal;2;2;2;1;20;ESP32/cnn_tflite_esp32/reports/20261008T215503505222Z/report.csv;[];[];[]
drowsiness;tflite;A0567.raw;equal;2;2;2;1;20;ESP32/cnn_tflite_esp32/reports/20261008T215503505222Z/report.csv;[];[];[]
drowsiness;tflite;A0568.raw;equal;2;2;2;1;20;ESP32/cnn_tflite_esp32/reports/20261008T215503505222Z/report.csv;[];[];[]
drowsiness;tflite;A0569.raw;equal;2;2;2;1;20;ESP32/cnn_tflite_esp32/reports/20261008T215503505222Z/report.csv;[];[];[]
drowsiness;tflite;A0570.raw;equal;2;2;2;1;20;ESP32/cnn_tflite_esp32/reports/20261008T215503505222Z/report.csv;[];[];[]
drowsiness;tflite;A0571.raw;equal;2;2;2;1;20;ESP32/cnn_tflite_esp32/reports/20261008T215503505222Z/report.csv;[];[];[]
drowsiness;tflite;A0572.raw;equal;2;2;2;1;20;ESP32/cnn_tflite_esp32/reports/20261008T215503505222Z/report.csv;[];[];[]
drowsiness;tflite;A0573.raw;equal;2;2;2;1;20;ESP32/cnn_tflite_esp32/reports/20261008T215503505222Z/report.csv;[];[];[]
drowsiness;tflite;A0574.raw;equal;2;2;2;1;20;ESP32/cnn_tflite_esp32/reports/20261008T215503505222Z/report.csv;[];[];[]
drowsiness;tflite;A0575.raw;equal;2;2;2;1;20;ESP32/cnn_tflite_esp32/reports/20261008T215503505222Z/report.csv;[];[];[]
drowsiness;tflite;A0576.raw;equal;2;2;2;1;20;ESP32/cnn_tflite_esp32/reports/20261008T215503505222Z/report.csv;[];[];[]
drowsiness;tflite;A0577.raw;equal;2;2;2;1;20;ESP32/cnn_tflite_esp32/reports/20261008T215503505222Z/report.csv;[];[];[]
drowsiness;tflite;A0578.raw;equal;2;2;2;1;20;ESP32/cnn_tflite_esp32/reports/20261008T215503505222Z/report.csv;[];[];[]
drowsiness;tflite;A0579.raw;equal;2;2;2;1;20;ESP32/cnn_tflite_esp32/reports/20261008T215503505222Z/report.csv;[];[];[]
drowsiness;tflite;A0580.raw;equal;2;2;2;1;20;ESP32/cnn_tflite_esp32/reports/20261008T215503505222Z/report.csv;[];[];[]
drowsiness;tflite;A0581.raw;equal;2;2;2;1;20;ESP32/cnn_tflite_esp32/reports/20261008T215503505222Z/report.csv;[];[];[]
drowsiness;tflite;A0582.raw;equal;2;2;2;1;20;ESP32/cnn_tflite_esp32/reports/20261008T215503505222Z/report.csv;[];[];[]
drowsiness;tflite;A0583.raw;equal;2;2;2;1;20;ESP32/cnn_tflite_esp32/reports/20261008T215503505222Z/report.csv;[];[];[]
drowsiness;tflite;A0584.raw;equal;2;2;2;1;20;ESP32/cnn_tflite_esp32/reports/20261008T215503505222Z/report.csv;[];[];[]
drowsiness;tflite;A0585.raw;equal;2;2;2;1;20;ESP32/cnn_tflite_esp32/reports/20261008T215503505222Z/report.csv;[];[];[]
drowsiness;tflite;A0586.raw;equal;2;2;2;1;20;ESP32/cnn_tflite_esp32/reports/20261008T215503505222Z/report.csv;[];[];[]
drowsiness;tflite;A0587.raw;equal;2;2;2;1;20;ESP32/cnn_tflite_esp32/reports/20261008T215503505222Z/report.csv;[];[];[]
drowsiness;tflite;A0588.raw;equal;2;2;2;1;20;ESP32/cnn_tflite_esp32/reports/20261008T215503505222Z/report.csv;[];[];[]
drowsiness;tflite;A0589.raw;equal;2;2;2;1;20;ESP32/cnn_tflite_esp32/reports/20261008T215503505222Z/report.csv;[];[];[]
drowsiness;tflite;A0590.raw;equal;2;2;2;1;20;ESP32/cnn_tflite_esp32/reports/20261008T215503505222Z/report.csv;[];[];[]
drowsiness;tflite;A0591.raw;equal;2;2;2;1;20;ESP32/cnn_tflite_esp32/reports/20261008T215503505222Z/report.csv;[];[];[]
drowsiness;tflite;A0592.raw;equal;2;2;2;1;20;ESP32/cnn_tflite_esp32/reports/20261008T215503505222Z/report.csv;[];[];[]
drowsiness;tflite;A0593.raw;equal;2;2;2;1;20;ESP32/cnn_tflite_esp32/reports/20261008T215503505222Z/report.csv;[];[];[]
drowsiness;tflite;A0594.raw;equal;2;2;2;1;20;ESP32/cnn_tflite_esp32/reports/20261008T215503505222Z/report.csv;[];[];[]
drowsiness;tflite;A0595.raw;equal;2;2;2;1;20;ESP32/cnn_tflite_esp32/reports/20261008T215503505222Z/report.csv;[];[];[]
drowsiness;tflite;A0596.raw;equal;2;2;2;1;20;ESP32/cnn_tflite_esp32/reports/20261008T215503505222Z/report.csv;[];[];[]
drowsiness;tflite;A0597.raw;equal;2;2;2;1;20;ESP32/cnn_tflite_esp32/reports/20261008T215503505222Z/report.csv;[];[];[]
drowsiness;tflite;A0598.raw;equal;2;2;2;1;20;ESP32/cnn_tflite_esp32/reports/20261008T215503505222Z/report.csv;[];[];[]
drowsiness;tflite;A0599.raw;equal;2;2;2;1;20;ESP32/cnn_tflite_esp32/reports/20261008T215503505222Z/report.csv;[];[];[]
drowsiness;tflite;A0600.raw;equal;2;2;2;1;20;ESP32/cnn_tflite_esp32/reports/20261008T215503505222Z/report.csv;[];[];[]
drowsiness;tflite;A0601.raw;equal;2;2;2;1;20;ESP32/cnn_tflite_esp32/reports/20261008T215503505222Z/report.csv;[];[];[]
drowsiness;tflite;A0602.raw;equal;2;2;2;1;20;ESP32/cnn_tflite_esp32/reports/20261008T215503505222Z/report.csv;[];[];[]
drowsiness;tflite;A0603.raw;equal;2;2;2;1;20;ESP32/cnn_tflite_esp32/reports/20261008T215503505222Z/report.csv;[];[];[]
drowsiness;tflite;A0604.raw;equal;2;2;2;1;20;ESP32/cnn_tflite_esp32/reports/20261008T215503505222Z/report.csv;[];[];[]
drowsiness;tflite;A0605.raw;equal;2;2;2;1;20;ESP32/cnn_tflite_esp32/reports/20261008T215503505222Z/report.csv;[];[];[]
drowsiness;tflite;A0606.raw;equal;2;2;2;1;20;ESP32/cnn_tflite_esp32/reports/20261008T215503505222Z/report.csv;[];[];[]
drowsiness;tflite;A0607.raw;equal;2;2;2;1;20;ESP32/cnn_tflite_esp32/reports/20261008T215503505222Z/report.csv;[];[];[]
drowsiness;tflite;A0608.raw;equal;2;2;2;1;20;ESP32/cnn_tflite_esp32/reports/20261008T215503505222Z/report.csv;[];[];[]
drowsiness;tflite;A0609.raw;equal;2;2;2;1;20;ESP32/cnn_tflite_esp32/reports/20261008T215503505222Z/report.csv;[];[];[]
drowsiness;tflite;A0610.raw;equal;2;2;2;1;20;ESP32/cnn_tflite_esp32/reports/20261008T215503505222Z/report.csv;[];[];[]
drowsiness;tflite;A0611.raw;equal;2;2;2;1;20;ESP32/cnn_tflite_esp32/reports/20261008T215503505222Z/report.csv;[];[];[]
drowsiness;tflite;A0612.raw;equal;2;2;2;1;20;ESP32/cnn_tflite_esp32/reports/20261008T215503505222Z/report.csv;[];[];[]
drowsiness;tflite;A0613.raw;equal;2;2;2;1;20;ESP32/cnn_tflite_esp32/reports/20261008T215503505222Z/report.csv;[];[];[]
drowsiness;tflite;A0614.raw;equal;2;2;2;1;20;ESP32/cnn_tflite_esp32/reports/20261008T215503505222Z/report.csv;[];[];[]
drowsiness;tflite;A0615.raw;equal;2;2;2;1;20;ESP32/cnn_tflite_esp32/reports/20261008T215503505222Z/report.csv;[];[];[]
drowsiness;tflite;A0616.raw;equal;2;2;2;1;20;ESP32/cnn_tflite_esp32/reports/20261008T215503505222Z/report.csv;[];[];[]
drowsiness;tflite;A0617.raw;equal;2;2;2;1;20;ESP32/cnn_tflite_esp32/reports/20261008T215503505222Z/report.csv;[];[];[]
drowsiness;tflite;A0618.raw;equal;2;2;2;1;20;ESP32/cnn_tflite_esp32/reports/20261008T215503505222Z/report.csv;[];[];[]
drowsiness;tflite;A0619.raw;equal;2;2;2;1;20;ESP32/cnn_tflite_esp32/reports/20261008T215503505222Z/report.csv;[];[];[]
drowsiness;tflite;A0620.raw;equal;2;2;2;1;20;ESP32/cnn_tflite_esp32/reports/20261008T215503505222Z/report.csv;[];[];[]
drowsiness;tflite;A0621.raw;equal;2;2;2;1;20;ESP32/cnn_tflite_esp32/reports/20261008T215503505222Z/report.csv;[];[];[]
drowsiness;tflite;A0622.raw;equal;2;2;2;1;20;ESP32/cnn_tflite_esp32/reports/20261008T215503505222Z/report.csv;[];[];[]
drowsiness;tflite;A0623.raw;equal;2;2;2;1;20;ESP32/cnn_tflite_esp32/reports/20261008T215503505222Z/report.csv;[];[];[]
drowsiness;tflite;A0624.raw;equal;2;2;2;1;20;ESP32/cnn_tflite_esp32/reports/20261008T215503505222Z/report.csv;[];[];[]
drowsiness;tflite;A0625.raw;equal;2;2;2;1;20;ESP32/cnn_tflite_esp32/reports/20261008T215503505222Z/report.csv;[];[];[]
drowsiness;tflite;A0626.raw;equal;2;2;2;1;20;ESP32/cnn_tflite_esp32/reports/20261008T215503505222Z/report.csv;[];[];[]
drowsiness;tflite;A0627.raw;equal;2;2;2;1;20;ESP32/cnn_tflite_esp32/reports/20261008T215503505222Z/report.csv;[];[];[]
drowsiness;tflite;A0628.raw;equal;2;2;2;1;20;ESP32/cnn_tflite_esp32/reports/20261008T215503505222Z/report.csv;[];[];[]
drowsiness;tflite;A0629.raw;equal;2;2;2;1;20;ESP32/cnn_tflite_esp32/reports/20261008T215503505222Z/report.csv;[];[];[]
drowsiness;tflite;A0630.raw;equal;2;2;2;1;20;ESP32/cnn_tflite_esp32/reports/20261008T215503505222Z/report.csv;[];[];[]
drowsiness;tflite;A0631.raw;equal;2;2;2;1;20;ESP32/cnn_tflite_esp32/reports/20261008T215503505222Z/report.csv;[];[];[]
drowsiness;tflite;A0632.raw;equal;2;2;2;1;20;ESP32/cnn_tflite_esp32/reports/20261008T215503505222Z/report.csv;[];[];[]
drowsiness;tflite;A0633.raw;equal;2;2;2;1;20;ESP32/cnn_tflite_esp32/reports/20261008T215503505222Z/report.csv;[];[];[]
drowsiness;tflite;A0634.raw;equal;2;2;2;1;20;ESP32/cnn_tflite_esp32/reports/20261008T215503505222Z/report.csv;[];[];[]
drowsiness;tflite;A0635.raw;equal;2;2;2;1;20;ESP32/cnn_tflite_esp32/reports/20261008T215503505222Z/report.csv;[];[];[]
drowsiness;tflite;A0636.raw;equal;2;2;2;1;20;ESP32/cnn_tflite_esp32/reports/20261008T215503505222Z/report.csv;[];[];[]
drowsiness;tflite;A0637.raw;equal;2;2;2;1;20;ESP32/cnn_tflite_esp32/reports/20261008T215503505222Z/report.csv;[];[];[]
drowsiness;tflite;A0638.raw;equal;2;2;2;1;20;ESP32/cnn_tflite_esp32/reports/20261008T215503505222Z/report.csv;[];[];[]
drowsiness;tflite;A0639.raw;equal;2;2;2;1;20;ESP32/cnn_tflite_esp32/reports/20261008T215503505222Z/report.csv;[];[];[]
drowsiness;tflite;A0640.raw;equal;2;2;2;1;20;ESP32/cnn_tflite_esp32/reports/20261008T215503505222Z/report.csv;[];[];[]
drowsiness;tflite;A0641.raw;equal;2;2;2;1;20;ESP32/cnn_tflite_esp32/reports/20261008T215503505222Z/report.csv;[];[];[]
drowsiness;tflite;A0642.raw;equal;2;2;2;1;20;ESP32/cnn_tflite_esp32/reports/20261008T215503505222Z/report.csv;[];[];[]
drowsiness;tflite;A0643.raw;equal;2;2;2;1;20;ESP32/cnn_tflite_esp32/reports/20261008T215503505222Z/report.csv;[];[];[]
drowsiness;tflite;A0644.raw;equal;2;2;2;1;20;ESP32/cnn_tflite_esp32/reports/20261008T215503505222Z/report.csv;[];[];[]
drowsiness;tflite;A0645.raw;equal;2;2;2;1;20;ESP32/cnn_tflite_esp32/reports/20261008T215503505222Z/report.csv;[];[];[]
drowsiness;tflite;A0646.raw;equal;2;2;2;1;20;ESP32/cnn_tflite_esp32/reports/20261008T215503505222Z/report.csv;[];[];[]
drowsiness;tflite;A0647.raw;equal;2;2;2;1;20;ESP32/cnn_tflite_esp32/reports/20261008T215503505222Z/report.csv;[];[];[]
drowsiness;tflite;A0648.raw;equal;2;2;2;1;20;ESP32/cnn_tflite_esp32/reports/20261008T215503505222Z/report.csv;[];[];[]
drowsiness;tflite;A0649.raw;equal;2;2;2;1;20;ESP32/cnn_tflite_esp32/reports/20261008T215503505222Z/report.csv;[];[];[]
drowsiness;tflite;A0650.raw;equal;2;2;2;1;20;ESP32/cnn_tflite_esp32/reports/20261008T215503505222Z/report.csv;[];[];[]
drowsiness;tflite;A0651.raw;equal;2;2;2;1;20;ESP32/cnn_tflite_esp32/reports/20261008T215503505222Z/report.csv;[];[];[]
drowsiness;tflite;A0652.raw;equal;2;2;2;1;20;ESP32/cnn_tflite_esp32/reports/20261008T215503505222Z/report.csv;[];[];[]
drowsiness;tflite;A0653.raw;equal;2;2;2;1;20;ESP32/cnn_tflite_esp32/reports/20261008T215503505222Z/report.csv;[];[];[]
drowsiness;tflite;A0654.raw;equal;2;2;2;1;20;ESP32/cnn_tflite_esp32/reports/20261008T215503505222Z/report.csv;[];[];[]
drowsiness;tflite;A0655.raw;equal;2;2;2;1;20;ESP32/cnn_tflite_esp32/reports/20261008T215503505222Z/report.csv;[];[];[]
drowsiness;tflite;A0656.raw;equal;2;2;2;1;20;ESP32/cnn_tflite_esp32/reports/20261008T215503505222Z/report.csv;[];[];[]
drowsiness;tflite;A0657.raw;equal;2;2;2;1;20;ESP32/cnn_tflite_esp32/reports/20261008T215503505222Z/report.csv;[];[];[]
drowsiness;tflite;A0658.raw;equal;2;2;2;1;20;ESP32/cnn_tflite_esp32/reports/20261008T215503505222Z/report.csv;[];[];[]
drowsiness;tflite;A0659.raw;equal;2;2;2;1;20;ESP32/cnn_tflite_esp32/reports/20261008T215503505222Z/report.csv;[];[];[]
drowsiness;tflite;A0660.raw;equal;2;2;2;1;20;ESP32/cnn_tflite_esp32/reports/20261008T215503505222Z/report.csv;[];[];[]
drowsiness;tflite;A0661.raw;equal;2;2;2;1;20;ESP32/cnn_tflite_esp32/reports/20261008T215503505222Z/report.csv;[];[];[]
drowsiness;tflite;A0662.raw;equal;2;2;2;1;20;ESP32/cnn_tflite_esp32/reports/20261008T215503505222Z/report.csv;[];[];[]
drowsiness;tflite;A0663.raw;equal;2;2;2;1;20;ESP32/cnn_tflite_esp32/reports/20261008T215503505222Z/report.csv;[];[];[]
drowsiness;tflite;A0664.raw;equal;2;2;2;1;20;ESP32/cnn_tflite_esp32/reports/20261008T215503505222Z/report.csv;[];[];[]
drowsiness;tflite;A0665.raw;equal;2;2;2;1;20;ESP32/cnn_tflite_esp32/reports/20261008T215503505222Z/report.csv;[];[];[]
drowsiness;tflite;A0666.raw;equal;2;2;2;1;20;ESP32/cnn_tflite_esp32/reports/20261008T215503505222Z/report.csv;[];[];[]
drowsiness;tflite;A0667.raw;equal;2;2;2;1;20;ESP32/cnn_tflite_esp32/reports/20261008T215503505222Z/report.csv;[];[];[]
drowsiness;tflite;A0668.raw;equal;2;2;2;1;20;ESP32/cnn_tflite_esp32/reports/20261008T215503505222Z/report.csv;[];[];[]
drowsiness;tflite;A0669.raw;equal;2;2;2;1;20;ESP32/cnn_tflite_esp32/reports/20261008T215503505222Z/report.csv;[];[];[]
drowsiness;tflite;A0670.raw;equal;2;2;2;1;20;ESP32/cnn_tflite_esp32/reports/20261008T215503505222Z/report.csv;[];[];[]
drowsiness;tflite;A0671.raw;equal;2;2;2;1;20;ESP32/cnn_tflite_esp32/reports/20261008T215503505222Z/report.csv;[];[];[]
drowsiness;tflite;A0672.raw;equal;2;2;2;1;20;ESP32/cnn_tflite_esp32/reports/20261008T215503505222Z/report.csv;[];[];[]
drowsiness;tflite;A0673.raw;equal;2;2;2;1;20;ESP32/cnn_tflite_esp32/reports/20261008T215503505222Z/report.csv;[];[];[]
drowsiness;tflite;A0674.raw;equal;2;2;2;1;20;ESP32/cnn_tflite_esp32/reports/20261008T215503505222Z/report.csv;[];[];[]
drowsiness;tflite;A0675.raw;equal;2;2;2;1;20;ESP32/cnn_tflite_esp32/reports/20261008T215503505222Z/report.csv;[];[];[]
drowsiness;tflite;A0676.raw;equal;2;2;2;1;20;ESP32/cnn_tflite_esp32/reports/20261008T215503505222Z/report.csv;[];[];[]
drowsiness;tflite;A0677.raw;equal;2;2;2;1;20;ESP32/cnn_tflite_esp32/reports/20261008T215503505222Z/report.csv;[];[];[]
drowsiness;tflite;A0678.raw;equal;2;2;2;1;20;ESP32/cnn_tflite_esp32/reports/20261008T215503505222Z/report.csv;[];[];[]
drowsiness;tflite;A0679.raw;equal;2;2;2;1;20;ESP32/cnn_tflite_esp32/reports/20261008T215503505222Z/report.csv;[];[];[]
drowsiness;tflite;A0680.raw;equal;2;2;2;1;20;ESP32/cnn_tflite_esp32/reports/20261008T215503505222Z/report.csv;[];[];[]
drowsiness;tflite;A0681.raw;equal;2;2;2;1;20;ESP32/cnn_tflite_esp32/reports/20261008T215503505222Z/report.csv;[];[];[]
drowsiness;tflite;A0682.raw;equal;2;2;2;1;20;ESP32/cnn_tflite_esp32/reports/20261008T215503505222Z/report.csv;[];[];[]
drowsiness;tflite;A0683.raw;equal;2;2;2;1;20;ESP32/cnn_tflite_esp32/reports/20261008T215503505222Z/report.csv;[];[];[]
drowsiness;tflite;A0684.raw;equal;2;2;2;1;20;ESP32/cnn_tflite_esp32/reports/20261008T215503505222Z/report.csv;[];[];[]
drowsiness;tflite;A0685.raw;equal;2;2;2;1;20;ESP32/cnn_tflite_esp32/reports/20261008T215503505222Z/report.csv;[];[];[]
drowsiness;tflite;A0686.raw;equal;2;2;2;1;20;ESP32/cnn_tflite_esp32/reports/20261008T215503505222Z/report.csv;[];[];[]
drowsiness;tflite;A0687.raw;equal;2;2;2;1;20;ESP32/cnn_tflite_esp32/reports/20261008T215503505222Z/report.csv;[];[];[]
drowsiness;tflite;A0688.raw;equal;2;2;2;1;20;ESP32/cnn_tflite_esp32/reports/20261008T215503505222Z/report.csv;[];[];[]
drowsiness;tflite;A0689.raw;equal;2;2;2;1;20;ESP32/cnn_tflite_esp32/reports/20261008T215503505222Z/report.csv;[];[];[]
drowsiness;tflite;A0690.raw;equal;2;2;2;1;20;ESP32/cnn_tflite_esp32/reports/20261008T215503505222Z/report.csv;[];[];[]
drowsiness;tflite;A0691.raw;equal;2;2;2;1;20;ESP32/cnn_tflite_esp32/reports/20261008T215503505222Z/report.csv;[];[];[]
drowsiness;tflite;A0692.raw;equal;2;2;2;1;20;ESP32/cnn_tflite_esp32/reports/20261008T215503505222Z/report.csv;[];[];[]
drowsiness;tflite;A0693.raw;equal;2;2;2;1;20;ESP32/cnn_tflite_esp32/reports/20261008T215503505222Z/report.csv;[];[];[]
drowsiness;tflite;A0694.raw;equal;2;2;2;1;20;ESP32/cnn_tflite_esp32/reports/20261008T215503505222Z/report.csv;[];[];[]
drowsiness;tflite;A0695.raw;equal;2;2;2;1;20;ESP32/cnn_tflite_esp32/reports/20261008T215503505222Z/report.csv;[];[];[]
drowsiness;tflite;A0696.raw;equal;2;2;2;1;20;ESP32/cnn_tflite_esp32/reports/20261008T215503505222Z/report.csv;[];[];[]
drowsiness;tflite;A0697.raw;equal;2;2;2;1;20;ESP32/cnn_tflite_esp32/reports/20261008T215503505222Z/report.csv;[];[];[]
drowsiness;tflite;A0698.raw;equal;2;2;2;1;20;ESP32/cnn_tflite_esp32/reports/20261008T215503505222Z/report.csv;[];[];[]
drowsiness;tflite;A0699.raw;equal;2;2;2;1;20;ESP32/cnn_tflite_esp32/reports/20261008T215503505222Z/report.csv;[];[];[]
drowsiness;tflite;A0700.raw;equal;2;2;2;1;20;ESP32/cnn_tflite_esp32/reports/20261008T215503505222Z/report.csv;[];[];[]
drowsiness;tflite;A0701.raw;equal;2;2;2;1;20;ESP32/cnn_tflite_esp32/reports/20261008T215503505222Z/report.csv;[];[];[]
drowsiness;tflite;A0702.raw;equal;2;2;2;1;20;ESP32/cnn_tflite_esp32/reports/20261008T215503505222Z/report.csv;[];[];[]
drowsiness;tflite;A0703.raw;equal;2;2;2;1;20;ESP32/cnn_tflite_esp32/reports/20261008T215503505222Z/report.csv;[];[];[]
drowsiness;tflite;A0704.raw;equal;2;2;2;1;20;ESP32/cnn_tflite_esp32/reports/20261008T215503505222Z/report.csv;[];[];[]
drowsiness;tflite;A0705.raw;equal;2;2;2;1;20;ESP32/cnn_tflite_esp32/reports/20261008T215503505222Z/report.csv;[];[];[]
drowsiness;tflite;A0706.raw;equal;2;2;2;1;20;ESP32/cnn_tflite_esp32/reports/20261008T215503505222Z/report.csv;[];[];[]
drowsiness;tflite;A0707.raw;equal;2;2;2;1;20;ESP32/cnn_tflite_esp32/reports/20261008T215503505222Z/report.csv;[];[];[]
drowsiness;tflite;A0708.raw;equal;2;2;2;1;20;ESP32/cnn_tflite_esp32/reports/20261008T215503505222Z/report.csv;[];[];[]
drowsiness;tflite;A0709.raw;equal;2;2;2;1;20;ESP32/cnn_tflite_esp32/reports/20261008T215503505222Z/report.csv;[];[];[]
drowsiness;tflite;A0710.raw;equal;2;2;2;1;20;ESP32/cnn_tflite_esp32/reports/20261008T215503505222Z/report.csv;[];[];[]
drowsiness;tflite;A0711.raw;equal;2;2;2;1;20;ESP32/cnn_tflite_esp32/reports/20261008T215503505222Z/report.csv;[];[];[]
drowsiness;tflite;A0712.raw;equal;2;2;2;1;20;ESP32/cnn_tflite_esp32/reports/20261008T215503505222Z/report.csv;[];[];[]
drowsiness;tflite;A0713.raw;equal;2;2;2;1;20;ESP32/cnn_tflite_esp32/reports/20261008T215503505222Z/report.csv;[];[];[]
drowsiness;tflite;A0714.raw;equal;2;2;2;1;20;ESP32/cnn_tflite_esp32/reports/20261008T215503505222Z/report.csv;[];[];[]
drowsiness;tflite;A0715.raw;equal;2;2;2;1;20;ESP32/cnn_tflite_esp32/reports/20261008T215503505222Z/report.csv;[];[];[]
drowsiness;tflite;A0716.raw;equal;2;2;2;1;20;ESP32/cnn_tflite_esp32/reports/20261008T215503505222Z/report.csv;[];[];[]
drowsiness;tflite;A0717.raw;equal;2;2;2;1;20;ESP32/cnn_tflite_esp32/reports/20261008T215503505222Z/report.csv;[];[];[]
drowsiness;tflite;A0718.raw;equal;2;2;2;1;20;ESP32/cnn_tflite_esp32/reports/20261008T215503505222Z/report.csv;[];[];[]
drowsiness;tflite;A0719.raw;equal;2;2;2;1;20;ESP32/cnn_tflite_esp32/reports/20261008T215503505222Z/report.csv;[];[];[]
drowsiness;tflite;A0720.raw;equal;2;2;2;1;20;ESP32/cnn_tflite_esp32/reports/20261008T215503505222Z/report.csv;[];[];[]
drowsiness;tflite;A0721.raw;equal;2;2;2;1;20;ESP32/cnn_tflite_esp32/reports/20261008T215503505222Z/report.csv;[];[];[]
drowsiness;tflite;A0722.raw;equal;2;2;2;1;20;ESP32/cnn_tflite_esp32/reports/20261008T215503505222Z/report.csv;[];[];[]
drowsiness;tflite;A0723.raw;equal;2;2;2;1;20;ESP32/cnn_tflite_esp32/reports/20261008T215503505222Z/report.csv;[];[];[]
drowsiness;tflite;A0724.raw;equal;2;2;2;1;20;ESP32/cnn_tflite_esp32/reports/20261008T215503505222Z/report.csv;[];[];[]
drowsiness;tflite;A0725.raw;equal;2;2;2;1;20;ESP32/cnn_tflite_esp32/reports/20261008T215503505222Z/report.csv;[];[];[]
drowsiness;tflite;A0726.raw;equal;2;2;2;1;20;ESP32/cnn_tflite_esp32/reports/20261008T215503505222Z/report.csv;[];[];[]
drowsiness;tflite;A0727.raw;equal;2;2;2;1;20;ESP32/cnn_tflite_esp32/reports/20261008T215503505222Z/report.csv;[];[];[]
drowsiness;tflite;A0728.raw;equal;2;2;2;1;20;ESP32/cnn_tflite_esp32/reports/20261008T215503505222Z/report.csv;[];[];[]
drowsiness;tflite;A0729.raw;equal;2;2;2;1;20;ESP32/cnn_tflite_esp32/reports/20261008T215503505222Z/report.csv;[];[];[]
drowsiness;tflite;A0730.raw;equal;2;2;2;1;20;ESP32/cnn_tflite_esp32/reports/20261008T215503505222Z/report.csv;[];[];[]
drowsiness;tflite;A0731.raw;equal;2;2;2;1;20;ESP32/cnn_tflite_esp32/reports/20261008T215503505222Z/report.csv;[];[];[]
drowsiness;tflite;A0732.raw;equal;2;2;2;1;20;ESP32/cnn_tflite_esp32/reports/20261008T215503505222Z/report.csv;[];[];[]
drowsiness;tflite;A0733.raw;equal;2;2;2;1;20;ESP32/cnn_tflite_esp32/reports/20261008T215503505222Z/report.csv;[];[];[]
drowsiness;tflite;A0734.raw;equal;2;2;2;1;20;ESP32/cnn_tflite_esp32/reports/20261008T215503505222Z/report.csv;[];[];[]
drowsiness;tflite;A0735.raw;equal;2;2;2;1;20;ESP32/cnn_tflite_esp32/reports/20261008T215503505222Z/report.csv;[];[];[]
drowsiness;tflite;A0736.raw;equal;2;2;2;1;20;ESP32/cnn_tflite_esp32/reports/20261008T215503505222Z/report.csv;[];[];[]
drowsiness;tflite;A0737.raw;equal;2;2;2;1;20;ESP32/cnn_tflite_esp32/reports/20261008T215503505222Z/report.csv;[];[];[]
drowsiness;tflite;A0738.raw;equal;2;2;2;1;20;ESP32/cnn_tflite_esp32/reports/20261008T215503505222Z/report.csv;[];[];[]
drowsiness;tflite;A0739.raw;equal;2;2;2;1;20;ESP32/cnn_tflite_esp32/reports/20261008T215503505222Z/report.csv;[];[];[]
drowsiness;tflite;A0740.raw;equal;2;2;2;1;20;ESP32/cnn_tflite_esp32/reports/20261008T215503505222Z/report.csv;[];[];[]
drowsiness;tflite;A0741.raw;equal;2;2;2;1;20;ESP32/cnn_tflite_esp32/reports/20261008T215503505222Z/report.csv;[];[];[]
drowsiness;tflite;A0742.raw;equal;2;2;2;1;20;ESP32/cnn_tflite_esp32/reports/20261008T215503505222Z/report.csv;[];[];[]
drowsiness;tflite;A0743.raw;equal;2;2;2;1;20;ESP32/cnn_tflite_esp32/reports/20261008T215503505222Z/report.csv;[];[];[]
drowsiness;tflite;A0744.raw;equal;2;2;2;1;20;ESP32/cnn_tflite_esp32/reports/20261008T215503505222Z/report.csv;[];[];[]
drowsiness;tflite;A0745.raw;equal;2;2;2;1;20;ESP32/cnn_tflite_esp32/reports/20261008T215503505222Z/report.csv;[];[];[]
drowsiness;tflite;A0746.raw;equal;2;2;2;1;20;ESP32/cnn_tflite_esp32/reports/20261008T215503505222Z/report.csv;[];[];[]
drowsiness;tflite;A0747.raw;equal;2;2;2;1;20;ESP32/cnn_tflite_esp32/reports/20261008T215503505222Z/report.csv;[];[];[]
drowsiness;tflite;A0748.raw;equal;2;2;2;1;20;ESP32/cnn_tflite_esp32/reports/20261008T215503505222Z/report.csv;[];[];[]
drowsiness;tflite;A0749.raw;equal;2;2;2;1;20;ESP32/cnn_tflite_esp32/reports/20261008T215503505222Z/report.csv;[];[];[]
drowsiness;tflite;A0750.raw;equal;2;2;2;1;20;ESP32/cnn_tflite_esp32/reports/20261008T215503505222Z/report.csv;[];[];[]
drowsiness;tflite;A0751.raw;equal;2;2;2;1;20;ESP32/cnn_tflite_esp32/reports/20261008T215503505222Z/report.csv;[];[];[]
drowsiness;tflite;A0752.raw;equal;2;2;2;1;20;ESP32/cnn_tflite_esp32/reports/20261008T215503505222Z/report.csv;[];[];[]
drowsiness;tflite;A0753.raw;equal;2;2;2;1;20;ESP32/cnn_tflite_esp32/reports/20261008T215503505222Z/report.csv;[];[];[]
drowsiness;tflite;A0754.raw;equal;2;2;2;1;20;ESP32/cnn_tflite_esp32/reports/20261008T215503505222Z/report.csv;[];[];[]
drowsiness;tflite;A0755.raw;equal;2;2;2;1;20;ESP32/cnn_tflite_esp32/reports/20261008T215503505222Z/report.csv;[];[];[]
drowsiness;tflite;A0756.raw;equal;2;2;2;1;20;ESP32/cnn_tflite_esp32/reports/20261008T215503505222Z/report.csv;[];[];[]
drowsiness;tflite;A0757.raw;equal;2;2;2;1;20;ESP32/cnn_tflite_esp32/reports/20261008T215503505222Z/report.csv;[];[];[]
drowsiness;tflite;A0758.raw;equal;2;2;2;1;20;ESP32/cnn_tflite_esp32/reports/20261008T215503505222Z/report.csv;[];[];[]
drowsiness;tflite;A0759.raw;equal;2;2;2;1;20;ESP32/cnn_tflite_esp32/reports/20261008T215503505222Z/report.csv;[];[];[]
drowsiness;tflite;A0760.raw;equal;2;2;2;1;20;ESP32/cnn_tflite_esp32/reports/20261008T215503505222Z/report.csv;[];[];[]
drowsiness;tflite;A0761.raw;equal;2;2;2;1;20;ESP32/cnn_tflite_esp32/reports/20261008T215503505222Z/report.csv;[];[];[]
drowsiness;tflite;A0762.raw;equal;2;2;2;1;20;ESP32/cnn_tflite_esp32/reports/20261008T215503505222Z/report.csv;[];[];[]
drowsiness;tflite;A0763.raw;equal;2;2;2;1;20;ESP32/cnn_tflite_esp32/reports/20261008T215503505222Z/report.csv;[];[];[]
drowsiness;tflite;A0764.raw;equal;2;2;2;1;20;ESP32/cnn_tflite_esp32/reports/20261008T215503505222Z/report.csv;[];[];[]
drowsiness;tflite;A0765.raw;equal;2;2;2;1;20;ESP32/cnn_tflite_esp32/reports/20261008T215503505222Z/report.csv;[];[];[]
drowsiness;tflite;A0766.raw;equal;2;2;2;1;20;ESP32/cnn_tflite_esp32/reports/20261008T215503505222Z/report.csv;[];[];[]
drowsiness;tflite;A0767.raw;equal;2;2;2;1;20;ESP32/cnn_tflite_esp32/reports/20261008T215503505222Z/report.csv;[];[];[]
drowsiness;tflite;A0768.raw;equal;2;2;2;1;20;ESP32/cnn_tflite_esp32/reports/20261008T215503505222Z/report.csv;[];[];[]
drowsiness;tflite;A0769.raw;equal;2;2;2;1;20;ESP32/cnn_tflite_esp32/reports/20261008T215503505222Z/report.csv;[];[];[]
drowsiness;tflite;A0770.raw;equal;2;2;2;1;20;ESP32/cnn_tflite_esp32/reports/20261008T215503505222Z/report.csv;[];[];[]
drowsiness;tflite;A0771.raw;equal;2;2;2;1;20;ESP32/cnn_tflite_esp32/reports/20261008T215503505222Z/report.csv;[];[];[]
drowsiness;tflite;A0772.raw;equal;2;2;2;1;20;ESP32/cnn_tflite_esp32/reports/20261008T215503505222Z/report.csv;[];[];[]
drowsiness;tflite;A0773.raw;equal;2;2;2;1;20;ESP32/cnn_tflite_esp32/reports/20261008T215503505222Z/report.csv;[];[];[]
drowsiness;tflite;A0774.raw;equal;2;2;2;1;20;ESP32/cnn_tflite_esp32/reports/20261008T215503505222Z/report.csv;[];[];[]
drowsiness;tflite;A0775.raw;equal;2;2;2;1;20;ESP32/cnn_tflite_esp32/reports/20261008T215503505222Z/report.csv;[];[];[]
drowsiness;tflite;A0776.raw;equal;2;2;2;1;20;ESP32/cnn_tflite_esp32/reports/20261008T215503505222Z/report.csv;[];[];[]
drowsiness;tflite;A0777.raw;equal;2;2;2;1;20;ESP32/cnn_tflite_esp32/reports/20261008T215503505222Z/report.csv;[];[];[]
drowsiness;tflite;A0778.raw;equal;2;2;2;1;20;ESP32/cnn_tflite_esp32/reports/20261008T215503505222Z/report.csv;[];[];[]
drowsiness;tflite;A0779.raw;equal;2;2;2;1;20;ESP32/cnn_tflite_esp32/reports/20261008T215503505222Z/report.csv;[];[];[]
drowsiness;tflite;A0780.raw;equal;2;2;2;1;20;ESP32/cnn_tflite_esp32/reports/20261008T215503505222Z/report.csv;[];[];[]
drowsiness;tflite;A0781.raw;equal;2;2;2;1;20;ESP32/cnn_tflite_esp32/reports/20261008T215503505222Z/report.csv;[];[];[]
drowsiness;tflite;A0782.raw;equal;2;2;2;1;20;ESP32/cnn_tflite_esp32/reports/20261008T215503505222Z/report.csv;[];[];[]
drowsiness;tflite;A0783.raw;equal;2;2;2;1;20;ESP32/cnn_tflite_esp32/reports/20261008T215503505222Z/report.csv;[];[];[]
drowsiness;tflite;A0784.raw;equal;2;2;2;1;20;ESP32/cnn_tflite_esp32/reports/20261008T215503505222Z/report.csv;[];[];[]
drowsiness;tflite;A0785.raw;equal;2;2;2;1;20;ESP32/cnn_tflite_esp32/reports/20261008T215503505222Z/report.csv;[];[];[]
drowsiness;tflite;A0786.raw;equal;2;2;2;1;20;ESP32/cnn_tflite_esp32/reports/20261008T215503505222Z/report.csv;[];[];[]
drowsiness;tflite;A0787.raw;equal;2;2;2;1;20;ESP32/cnn_tflite_esp32/reports/20261008T215503505222Z/report.csv;[];[];[]
drowsiness;tflite;A0788.raw;equal;2;2;2;1;20;ESP32/cnn_tflite_esp32/reports/20261008T215503505222Z/report.csv;[];[];[]
drowsiness;tflite;A0789.raw;equal;2;2;2;1;20;ESP32/cnn_tflite_esp32/reports/20261008T215503505222Z/report.csv;[];[];[]
drowsiness;tflite;A0790.raw;equal;2;2;2;1;20;ESP32/cnn_tflite_esp32/reports/20261008T215503505222Z/report.csv;[];[];[]
drowsiness;tflite;A0791.raw;equal;2;2;2;1;20;ESP32/cnn_tflite_esp32/reports/20261008T215503505222Z/report.csv;[];[];[]
drowsiness;tflite;A0792.raw;equal;2;2;2;1;20;ESP32/cnn_tflite_esp32/reports/20261008T215503505222Z/report.csv;[];[];[]
drowsiness;tflite;A0793.raw;equal;2;2;2;1;20;ESP32/cnn_tflite_esp32/reports/20261008T215503505222Z/report.csv;[];[];[]
drowsiness;tflite;A0794.raw;equal;2;2;2;1;20;ESP32/cnn_tflite_esp32/reports/20261008T215503505222Z/report.csv;[];[];[]
drowsiness;tflite;A0795.raw;equal;2;2;2;1;20;ESP32/cnn_tflite_esp32/reports/20261008T215503505222Z/report.csv;[];[];[]
drowsiness;tflite;A0796.raw;equal;2;2;2;1;20;ESP32/cnn_tflite_esp32/reports/20261008T215503505222Z/report.csv;[];[];[]
drowsiness;tflite;A0797.raw;equal;2;2;2;1;20;ESP32/cnn_tflite_esp32/reports/20261008T215503505222Z/report.csv;[];[];[]
drowsiness;tflite;A0798.raw;equal;2;2;2;1;20;ESP32/cnn_tflite_esp32/reports/20261008T215503505222Z/report.csv;[];[];[]
drowsiness;tflite;A0799.raw;equal;2;2;2;1;20;ESP32/cnn_tflite_esp32/reports/20261008T215503505222Z/report.csv;[];[];[]
drowsiness;tflite;A0800.raw;equal;2;2;2;1;20;ESP32/cnn_tflite_esp32/reports/20261008T215503505222Z/report.csv;[];[];[]
drowsiness;tflite;A0801.raw;equal;2;2;2;1;20;ESP32/cnn_tflite_esp32/reports/20261008T215503505222Z/report.csv;[];[];[]
drowsiness;tflite;A0802.raw;equal;2;2;2;1;20;ESP32/cnn_tflite_esp32/reports/20261008T215503505222Z/report.csv;[];[];[]
drowsiness;tflite;A0803.raw;equal;2;2;2;1;20;ESP32/cnn_tflite_esp32/reports/20261008T215503505222Z/report.csv;[];[];[]
drowsiness;tflite;A0804.raw;equal;2;2;2;1;20;ESP32/cnn_tflite_esp32/reports/20261008T215503505222Z/report.csv;[];[];[]
drowsiness;tflite;A0805.raw;equal;2;2;2;1;20;ESP32/cnn_tflite_esp32/reports/20261008T215503505222Z/report.csv;[];[];[]
drowsiness;tflite;A0806.raw;equal;2;2;2;1;20;ESP32/cnn_tflite_esp32/reports/20261008T215503505222Z/report.csv;[];[];[]
drowsiness;tflite;A0807.raw;equal;2;2;2;1;20;ESP32/cnn_tflite_esp32/reports/20261008T215503505222Z/report.csv;[];[];[]
drowsiness;tflite;A0808.raw;equal;2;2;2;1;20;ESP32/cnn_tflite_esp32/reports/20261008T215503505222Z/report.csv;[];[];[]
drowsiness;tflite;A0809.raw;equal;2;2;2;1;20;ESP32/cnn_tflite_esp32/reports/20261008T215503505222Z/report.csv;[];[];[]
drowsiness;tflite;A0810.raw;equal;2;2;2;1;20;ESP32/cnn_tflite_esp32/reports/20261008T215503505222Z/report.csv;[];[];[]
drowsiness;tflite;A0811.raw;equal;2;2;2;1;20;ESP32/cnn_tflite_esp32/reports/20261008T215503505222Z/report.csv;[];[];[]
drowsiness;tflite;A0812.raw;equal;2;2;2;1;20;ESP32/cnn_tflite_esp32/reports/20261008T215503505222Z/report.csv;[];[];[]
drowsiness;tflite;A0813.raw;equal;2;2;2;1;20;ESP32/cnn_tflite_esp32/reports/20261008T215503505222Z/report.csv;[];[];[]
drowsiness;tflite;A0814.raw;equal;2;2;2;1;20;ESP32/cnn_tflite_esp32/reports/20261008T215503505222Z/report.csv;[];[];[]
drowsiness;tflite;A0815.raw;equal;2;2;2;1;20;ESP32/cnn_tflite_esp32/reports/20261008T215503505222Z/report.csv;[];[];[]
drowsiness;tflite;A0816.raw;equal;2;2;2;1;20;ESP32/cnn_tflite_esp32/reports/20261008T215503505222Z/report.csv;[];[];[]
drowsiness;tflite;A0817.raw;equal;2;2;2;1;20;ESP32/cnn_tflite_esp32/reports/20261008T215503505222Z/report.csv;[];[];[]
drowsiness;tflite;A0818.raw;equal;2;2;2;1;20;ESP32/cnn_tflite_esp32/reports/20261008T215503505222Z/report.csv;[];[];[]
drowsiness;tflite;A0819.raw;equal;2;2;2;1;20;ESP32/cnn_tflite_esp32/reports/20261008T215503505222Z/report.csv;[];[];[]
drowsiness;tflite;A0820.raw;equal;2;2;2;1;20;ESP32/cnn_tflite_esp32/reports/20261008T215503505222Z/report.csv;[];[];[]
drowsiness;tflite;A0821.raw;equal;2;2;2;1;20;ESP32/cnn_tflite_esp32/reports/20261008T215503505222Z/report.csv;[];[];[]
drowsiness;tflite;A0822.raw;equal;2;2;2;1;20;ESP32/cnn_tflite_esp32/reports/20261008T215503505222Z/report.csv;[];[];[]
drowsiness;tflite;A0823.raw;equal;2;2;2;1;20;ESP32/cnn_tflite_esp32/reports/20261008T215503505222Z/report.csv;[];[];[]
drowsiness;tflite;A0824.raw;equal;2;2;2;1;20;ESP32/cnn_tflite_esp32/reports/20261008T215503505222Z/report.csv;[];[];[]
drowsiness;tflite;A0825.raw;equal;2;2;2;1;20;ESP32/cnn_tflite_esp32/reports/20261008T215503505222Z/report.csv;[];[];[]
drowsiness;tflite;A0826.raw;equal;2;2;2;1;20;ESP32/cnn_tflite_esp32/reports/20261008T215503505222Z/report.csv;[];[];[]
drowsiness;tflite;A0827.raw;equal;2;2;2;1;20;ESP32/cnn_tflite_esp32/reports/20261008T215503505222Z/report.csv;[];[];[]
drowsiness;tflite;A0828.raw;equal;2;2;2;1;20;ESP32/cnn_tflite_esp32/reports/20261008T215503505222Z/report.csv;[];[];[]
drowsiness;tflite;A0829.raw;equal;2;2;2;1;20;ESP32/cnn_tflite_esp32/reports/20261008T215503505222Z/report.csv;[];[];[]
drowsiness;tflite;A0830.raw;equal;2;2;2;1;20;ESP32/cnn_tflite_esp32/reports/20261008T215503505222Z/report.csv;[];[];[]
drowsiness;tflite;A0831.raw;equal;2;2;2;1;20;ESP32/cnn_tflite_esp32/reports/20261008T215503505222Z/report.csv;[];[];[]
drowsiness;tflite;A0832.raw;equal;2;2;2;1;20;ESP32/cnn_tflite_esp32/reports/20261008T215503505222Z/report.csv;[];[];[]
drowsiness;tflite;A0833.raw;equal;2;2;2;1;20;ESP32/cnn_tflite_esp32/reports/20261008T215503505222Z/report.csv;[];[];[]
drowsiness;tflite;A0834.raw;equal;2;2;2;1;20;ESP32/cnn_tflite_esp32/reports/20261008T215503505222Z/report.csv;[];[];[]
drowsiness;tflite;A0835.raw;equal;2;2;2;1;20;ESP32/cnn_tflite_esp32/reports/20261008T215503505222Z/report.csv;[];[];[]
drowsiness;tflite;A0836.raw;equal;2;2;2;1;20;ESP32/cnn_tflite_esp32/reports/20261008T215503505222Z/report.csv;[];[];[]
drowsiness;tflite;A0837.raw;equal;2;2;2;1;20;ESP32/cnn_tflite_esp32/reports/20261008T215503505222Z/report.csv;[];[];[]
drowsiness;tflite;A0838.raw;equal;2;2;2;1;20;ESP32/cnn_tflite_esp32/reports/20261008T215503505222Z/report.csv;[];[];[]
drowsiness;tflite;A0839.raw;equal;2;2;2;1;20;ESP32/cnn_tflite_esp32/reports/20261008T215503505222Z/report.csv;[];[];[]
drowsiness;tflite;A0840.raw;equal;2;2;2;1;20;ESP32/cnn_tflite_esp32/reports/20261008T215503505222Z/report.csv;[];[];[]
drowsiness;tflite;A0841.raw;equal;2;2;2;1;20;ESP32/cnn_tflite_esp32/reports/20261008T215503505222Z/report.csv;[];[];[]
drowsiness;tflite;A0842.raw;equal;2;2;2;1;20;ESP32/cnn_tflite_esp32/reports/20261008T215503505222Z/report.csv;[];[];[]
drowsiness;tflite;A0843.raw;equal;2;2;2;1;20;ESP32/cnn_tflite_esp32/reports/20261008T215503505222Z/report.csv;[];[];[]
drowsiness;tflite;A0844.raw;equal;2;2;2;1;20;ESP32/cnn_tflite_esp32/reports/20261008T215503505222Z/report.csv;[];[];[]
drowsiness;tflite;A0845.raw;equal;2;2;2;1;20;ESP32/cnn_tflite_esp32/reports/20261008T215503505222Z/report.csv;[];[];[]
drowsiness;tflite;A0846.raw;equal;2;2;2;1;20;ESP32/cnn_tflite_esp32/reports/20261008T215503505222Z/report.csv;[];[];[]
drowsiness;tflite;A0847.raw;equal;2;2;2;1;20;ESP32/cnn_tflite_esp32/reports/20261008T215503505222Z/report.csv;[];[];[]
drowsiness;tflite;A0848.raw;equal;2;2;2;1;20;ESP32/cnn_tflite_esp32/reports/20261008T215503505222Z/report.csv;[];[];[]
drowsiness;tflite;A0849.raw;equal;2;2;2;1;20;ESP32/cnn_tflite_esp32/reports/20261008T215503505222Z/report.csv;[];[];[]
drowsiness;tflite;A0850.raw;equal;2;2;2;1;20;ESP32/cnn_tflite_esp32/reports/20261008T215503505222Z/report.csv;[];[];[]
drowsiness;tflite;A0851.raw;equal;2;2;2;1;20;ESP32/cnn_tflite_esp32/reports/20261008T215503505222Z/report.csv;[];[];[]
drowsiness;tflite;A0852.raw;equal;2;2;2;1;20;ESP32/cnn_tflite_esp32/reports/20261008T215503505222Z/report.csv;[];[];[]
drowsiness;tflite;A0853.raw;equal;2;2;2;1;20;ESP32/cnn_tflite_esp32/reports/20261008T215503505222Z/report.csv;[];[];[]
drowsiness;tflite;A0854.raw;equal;2;2;2;1;20;ESP32/cnn_tflite_esp32/reports/20261008T215503505222Z/report.csv;[];[];[]
drowsiness;tflite;A0855.raw;equal;2;2;2;1;20;ESP32/cnn_tflite_esp32/reports/20261008T215503505222Z/report.csv;[];[];[]
drowsiness;tflite;A0856.raw;equal;2;2;2;1;20;ESP32/cnn_tflite_esp32/reports/20261008T215503505222Z/report.csv;[];[];[]
drowsiness;tflite;A0857.raw;equal;2;2;2;1;20;ESP32/cnn_tflite_esp32/reports/20261008T215503505222Z/report.csv;[];[];[]
drowsiness;tflite;A0858.raw;equal;2;2;2;1;20;ESP32/cnn_tflite_esp32/reports/20261008T215503505222Z/report.csv;[];[];[]
drowsiness;tflite;A0859.raw;equal;2;2;2;1;20;ESP32/cnn_tflite_esp32/reports/20261008T215503505222Z/report.csv;[];[];[]
drowsiness;tflite;A0860.raw;equal;2;2;2;1;20;ESP32/cnn_tflite_esp32/reports/20261008T215503505222Z/report.csv;[];[];[]
drowsiness;tflite;A0861.raw;equal;2;2;2;1;20;ESP32/cnn_tflite_esp32/reports/20261008T215503505222Z/report.csv;[];[];[]
drowsiness;tflite;A0862.raw;equal;2;2;2;1;20;ESP32/cnn_tflite_esp32/reports/20261008T215503505222Z/report.csv;[];[];[]
drowsiness;tflite;A0863.raw;equal;2;2;2;1;20;ESP32/cnn_tflite_esp32/reports/20261008T215503505222Z/report.csv;[];[];[]
drowsiness;tflite;A0864.raw;equal;2;2;2;1;20;ESP32/cnn_tflite_esp32/reports/20261008T215503505222Z/report.csv;[];[];[]
drowsiness;tflite;A0865.raw;equal;2;2;2;1;20;ESP32/cnn_tflite_esp32/reports/20261008T215503505222Z/report.csv;[];[];[]
drowsiness;tflite;A0866.raw;equal;2;2;2;1;20;ESP32/cnn_tflite_esp32/reports/20261008T215503505222Z/report.csv;[];[];[]
drowsiness;tflite;A0867.raw;equal;2;2;2;1;20;ESP32/cnn_tflite_esp32/reports/20261008T215503505222Z/report.csv;[];[];[]
drowsiness;tflite;A0868.raw;equal;2;2;2;1;20;ESP32/cnn_tflite_esp32/reports/20261008T215503505222Z/report.csv;[];[];[]
drowsiness;tflite;A0869.raw;equal;2;2;2;1;20;ESP32/cnn_tflite_esp32/reports/20261008T215503505222Z/report.csv;[];[];[]
drowsiness;tflite;A0870.raw;equal;2;2;2;1;20;ESP32/cnn_tflite_esp32/reports/20261008T215503505222Z/report.csv;[];[];[]
drowsiness;tflite;A0871.raw;equal;2;2;2;1;20;ESP32/cnn_tflite_esp32/reports/20261008T215503505222Z/report.csv;[];[];[]
drowsiness;tflite;A0872.raw;equal;2;2;2;1;20;ESP32/cnn_tflite_esp32/reports/20261008T215503505222Z/report.csv;[];[];[]
drowsiness;tflite;A0873.raw;equal;2;2;2;1;20;ESP32/cnn_tflite_esp32/reports/20261008T215503505222Z/report.csv;[];[];[]
drowsiness;tflite;A0874.raw;equal;2;2;2;1;20;ESP32/cnn_tflite_esp32/reports/20261008T215503505222Z/report.csv;[];[];[]
drowsiness;tflite;A0875.raw;equal;2;2;2;1;20;ESP32/cnn_tflite_esp32/reports/20261008T215503505222Z/report.csv;[];[];[]
drowsiness;tflite;A0876.raw;equal;2;2;2;1;20;ESP32/cnn_tflite_esp32/reports/20261008T215503505222Z/report.csv;[];[];[]
drowsiness;tflite;A0877.raw;equal;2;2;2;1;20;ESP32/cnn_tflite_esp32/reports/20261008T215503505222Z/report.csv;[];[];[]
drowsiness;tflite;A0878.raw;equal;2;2;2;1;20;ESP32/cnn_tflite_esp32/reports/20261008T215503505222Z/report.csv;[];[];[]
drowsiness;tflite;A0879.raw;equal;2;2;2;1;20;ESP32/cnn_tflite_esp32/reports/20261008T215503505222Z/report.csv;[];[];[]
drowsiness;tflite;A0880.raw;equal;2;2;2;1;20;ESP32/cnn_tflite_esp32/reports/20261008T215503505222Z/report.csv;[];[];[]
drowsiness;tflite;A0881.raw;equal;2;2;2;1;20;ESP32/cnn_tflite_esp32/reports/20261008T215503505222Z/report.csv;[];[];[]
drowsiness;tflite;A0882.raw;equal;2;2;2;1;20;ESP32/cnn_tflite_esp32/reports/20261008T215503505222Z/report.csv;[];[];[]
drowsiness;tflite;A0883.raw;equal;2;2;2;1;20;ESP32/cnn_tflite_esp32/reports/20261008T215503505222Z/report.csv;[];[];[]
drowsiness;tflite;A0884.raw;equal;2;2;2;1;20;ESP32/cnn_tflite_esp32/reports/20261008T215503505222Z/report.csv;[];[];[]
drowsiness;tflite;A0885.raw;equal;2;2;2;1;20;ESP32/cnn_tflite_esp32/reports/20261008T215503505222Z/report.csv;[];[];[]
drowsiness;tflite;A0886.raw;equal;2;2;2;1;20;ESP32/cnn_tflite_esp32/reports/20261008T215503505222Z/report.csv;[];[];[]
drowsiness;tflite;A0887.raw;equal;2;2;2;1;20;ESP32/cnn_tflite_esp32/reports/20261008T215503505222Z/report.csv;[];[];[]
drowsiness;tflite;A0888.raw;equal;2;2;2;1;20;ESP32/cnn_tflite_esp32/reports/20261008T215503505222Z/report.csv;[];[];[]
drowsiness;tflite;A0889.raw;equal;2;2;2;1;20;ESP32/cnn_tflite_esp32/reports/20261008T215503505222Z/report.csv;[];[];[]
drowsiness;tflite;A0890.raw;equal;2;2;2;1;20;ESP32/cnn_tflite_esp32/reports/20261008T215503505222Z/report.csv;[];[];[]
drowsiness;tflite;A0891.raw;equal;2;2;2;1;20;ESP32/cnn_tflite_esp32/reports/20261008T215503505222Z/report.csv;[];[];[]
drowsiness;tflite;A0892.raw;equal;2;2;2;1;20;ESP32/cnn_tflite_esp32/reports/20261008T215503505222Z/report.csv;[];[];[]
drowsiness;tflite;A0893.raw;equal;2;2;2;1;20;ESP32/cnn_tflite_esp32/reports/20261008T215503505222Z/report.csv;[];[];[]
drowsiness;tflite;A0894.raw;equal;2;2;2;1;20;ESP32/cnn_tflite_esp32/reports/20261008T215503505222Z/report.csv;[];[];[]
drowsiness;tflite;A0895.raw;equal;2;2;2;1;20;ESP32/cnn_tflite_esp32/reports/20261008T215503505222Z/report.csv;[];[];[]
drowsiness;tflite;A0896.raw;equal;2;2;2;1;20;ESP32/cnn_tflite_esp32/reports/20261008T215503505222Z/report.csv;[];[];[]
drowsiness;tflite;A0897.raw;equal;2;2;2;1;20;ESP32/cnn_tflite_esp32/reports/20261008T215503505222Z/report.csv;[];[];[]
drowsiness;tflite;A0898.raw;equal;2;2;2;1;20;ESP32/cnn_tflite_esp32/reports/20261008T215503505222Z/report.csv;[];[];[]
drowsiness;tflite;A0899.raw;equal;2;2;2;1;20;ESP32/cnn_tflite_esp32/reports/20261008T215503505222Z/report.csv;[];[];[]
drowsiness;tflite;A0900.raw;equal;2;2;2;1;20;ESP32/cnn_tflite_esp32/reports/20261008T215503505222Z/report.csv;[];[];[]
drowsiness;tflite;A0901.raw;equal;2;2;2;1;20;ESP32/cnn_tflite_esp32/reports/20261008T215503505222Z/report.csv;[];[];[]
drowsiness;tflite;A0902.raw;equal;2;2;2;1;20;ESP32/cnn_tflite_esp32/reports/20261008T215503505222Z/report.csv;[];[];[]
drowsiness;tflite;A0903.raw;equal;2;2;2;1;20;ESP32/cnn_tflite_esp32/reports/20261008T215503505222Z/report.csv;[];[];[]
drowsiness;tflite;A0904.raw;equal;2;2;2;1;20;ESP32/cnn_tflite_esp32/reports/20261008T215503505222Z/report.csv;[];[];[]
drowsiness;tflite;A0905.raw;equal;2;2;2;1;20;ESP32/cnn_tflite_esp32/reports/20261008T215503505222Z/report.csv;[];[];[]
drowsiness;tflite;A0906.raw;equal;2;2;2;1;20;ESP32/cnn_tflite_esp32/reports/20261008T215503505222Z/report.csv;[];[];[]
drowsiness;tflite;A0907.raw;equal;2;2;2;1;20;ESP32/cnn_tflite_esp32/reports/20261008T215503505222Z/report.csv;[];[];[]
drowsiness;tflite;A0908.raw;equal;2;2;2;1;20;ESP32/cnn_tflite_esp32/reports/20261008T215503505222Z/report.csv;[];[];[]
drowsiness;tflite;A0909.raw;equal;2;2;2;1;20;ESP32/cnn_tflite_esp32/reports/20261008T215503505222Z/report.csv;[];[];[]
drowsiness;tflite;A0910.raw;equal;2;2;2;1;20;ESP32/cnn_tflite_esp32/reports/20261008T215503505222Z/report.csv;[];[];[]
drowsiness;tflite;A0911.raw;equal;2;2;2;1;20;ESP32/cnn_tflite_esp32/reports/20261008T215503505222Z/report.csv;[];[];[]
drowsiness;tflite;A0912.raw;equal;2;2;2;1;20;ESP32/cnn_tflite_esp32/reports/20261008T215503505222Z/report.csv;[];[];[]
drowsiness;tflite;A0913.raw;equal;2;2;2;1;20;ESP32/cnn_tflite_esp32/reports/20261008T215503505222Z/report.csv;[];[];[]
drowsiness;tflite;A0914.raw;equal;2;2;2;1;20;ESP32/cnn_tflite_esp32/reports/20261008T215503505222Z/report.csv;[];[];[]
drowsiness;tflite;A0915.raw;equal;2;2;2;1;20;ESP32/cnn_tflite_esp32/reports/20261008T215503505222Z/report.csv;[];[];[]
drowsiness;tflite;A0916.raw;equal;2;2;2;1;20;ESP32/cnn_tflite_esp32/reports/20261008T215503505222Z/report.csv;[];[];[]
drowsiness;tflite;A0917.raw;equal;2;2;2;1;20;ESP32/cnn_tflite_esp32/reports/20261008T215503505222Z/report.csv;[];[];[]
drowsiness;tflite;A0918.raw;equal;2;2;2;1;20;ESP32/cnn_tflite_esp32/reports/20261008T215503505222Z/report.csv;[];[];[]
drowsiness;tflite;A0919.raw;equal;2;2;2;1;20;ESP32/cnn_tflite_esp32/reports/20261008T215503505222Z/report.csv;[];[];[]
drowsiness;tflite;A0920.raw;equal;2;2;2;1;20;ESP32/cnn_tflite_esp32/reports/20261008T215503505222Z/report.csv;[];[];[]
drowsiness;tflite;A0921.raw;equal;2;2;2;1;20;ESP32/cnn_tflite_esp32/reports/20261008T215503505222Z/report.csv;[];[];[]
drowsiness;tflite;A0922.raw;equal;2;2;2;1;20;ESP32/cnn_tflite_esp32/reports/20261008T215503505222Z/report.csv;[];[];[]
drowsiness;tflite;A0923.raw;equal;2;2;2;1;20;ESP32/cnn_tflite_esp32/reports/20261008T215503505222Z/report.csv;[];[];[]
drowsiness;tflite;A0924.raw;equal;2;2;2;1;20;ESP32/cnn_tflite_esp32/reports/20261008T215503505222Z/report.csv;[];[];[]
drowsiness;tflite;A0925.raw;equal;2;2;2;1;20;ESP32/cnn_tflite_esp32/reports/20261008T215503505222Z/report.csv;[];[];[]
drowsiness;tflite;A0926.raw;equal;2;2;2;1;20;ESP32/cnn_tflite_esp32/reports/20261008T215503505222Z/report.csv;[];[];[]
drowsiness;tflite;A0927.raw;equal;2;2;2;1;20;ESP32/cnn_tflite_esp32/reports/20261008T215503505222Z/report.csv;[];[];[]
drowsiness;tflite;A0928.raw;equal;2;2;2;1;20;ESP32/cnn_tflite_esp32/reports/20261008T215503505222Z/report.csv;[];[];[]
drowsiness;tflite;A0929.raw;equal;2;2;2;1;20;ESP32/cnn_tflite_esp32/reports/20261008T215503505222Z/report.csv;[];[];[]
drowsiness;tflite;A0930.raw;equal;2;2;2;1;20;ESP32/cnn_tflite_esp32/reports/20261008T215503505222Z/report.csv;[];[];[]
drowsiness;tflite;A0931.raw;equal;2;2;2;1;20;ESP32/cnn_tflite_esp32/reports/20261008T215503505222Z/report.csv;[];[];[]
drowsiness;tflite;A0932.raw;equal;2;2;2;1;20;ESP32/cnn_tflite_esp32/reports/20261008T215503505222Z/report.csv;[];[];[]
drowsiness;tflite;A0933.raw;equal;2;2;2;1;20;ESP32/cnn_tflite_esp32/reports/20261008T215503505222Z/report.csv;[];[];[]
drowsiness;tflite;A0934.raw;equal;2;2;2;1;20;ESP32/cnn_tflite_esp32/reports/20261008T215503505222Z/report.csv;[];[];[]
drowsiness;tflite;A0935.raw;equal;2;2;2;1;20;ESP32/cnn_tflite_esp32/reports/20261008T215503505222Z/report.csv;[];[];[]
drowsiness;tflite;A0936.raw;equal;2;2;2;1;20;ESP32/cnn_tflite_esp32/reports/20261008T215503505222Z/report.csv;[];[];[]
drowsiness;tflite;A0937.raw;equal;2;2;2;1;20;ESP32/cnn_tflite_esp32/reports/20261008T215503505222Z/report.csv;[];[];[]
drowsiness;tflite;A0938.raw;equal;2;2;2;1;20;ESP32/cnn_tflite_esp32/reports/20261008T215503505222Z/report.csv;[];[];[]
drowsiness;tflite;A0939.raw;equal;2;2;2;1;20;ESP32/cnn_tflite_esp32/reports/20261008T215503505222Z/report.csv;[];[];[]
drowsiness;tflite;A0940.raw;equal;2;2;2;1;20;ESP32/cnn_tflite_esp32/reports/20261008T215503505222Z/report.csv;[];[];[]
drowsiness;tflite;A0941.raw;equal;2;2;2;1;20;ESP32/cnn_tflite_esp32/reports/20261008T215503505222Z/report.csv;[];[];[]
drowsiness;tflite;A0942.raw;equal;2;2;2;1;20;ESP32/cnn_tflite_esp32/reports/20261008T215503505222Z/report.csv;[];[];[]
drowsiness;tflite;A0943.raw;equal;2;2;2;1;20;ESP32/cnn_tflite_esp32/reports/20261008T215503505222Z/report.csv;[];[];[]
drowsiness;tflite;A0944.raw;equal;2;2;2;1;20;ESP32/cnn_tflite_esp32/reports/20261008T215503505222Z/report.csv;[];[];[]
drowsiness;tflite;A0947.raw;equal;2;2;2;1;20;ESP32/cnn_tflite_esp32/reports/20261008T215503505222Z/report.csv;[];[];[]
drowsiness;tflite;A0948.raw;equal;2;2;2;1;20;ESP32/cnn_tflite_esp32/reports/20261008T215503505222Z/report.csv;[];[];[]
drowsiness;tflite;A0949.raw;equal;2;2;2;1;20;ESP32/cnn_tflite_esp32/reports/20261008T215503505222Z/report.csv;[];[];[]
drowsiness;tflite;A0950.raw;equal;2;2;2;1;20;ESP32/cnn_tflite_esp32/reports/20261008T215503505222Z/report.csv;[];[];[]
drowsiness;tflite;A0951.raw;equal;2;2;2;1;20;ESP32/cnn_tflite_esp32/reports/20261008T215503505222Z/report.csv;[];[];[]
drowsiness;tflite;A0952.raw;equal;2;2;2;1;20;ESP32/cnn_tflite_esp32/reports/20261008T215503505222Z/report.csv;[];[];[]
drowsiness;tflite;A0953.raw;equal;2;2;2;1;20;ESP32/cnn_tflite_esp32/reports/20261008T215503505222Z/report.csv;[];[];[]
drowsiness;tflite;A0954.raw;equal;2;2;2;1;20;ESP32/cnn_tflite_esp32/reports/20261008T215503505222Z/report.csv;[];[];[]
drowsiness;tflite;A0955.raw;equal;2;2;2;1;20;ESP32/cnn_tflite_esp32/reports/20261008T215503505222Z/report.csv;[];[];[]
drowsiness;tflite;A0956.raw;equal;2;2;2;1;20;ESP32/cnn_tflite_esp32/reports/20261008T215503505222Z/report.csv;[];[];[]
drowsiness;tflite;A0957.raw;equal;2;2;2;1;20;ESP32/cnn_tflite_esp32/reports/20261008T215503505222Z/report.csv;[];[];[]
drowsiness;tflite;A0958.raw;equal;2;2;2;1;20;ESP32/cnn_tflite_esp32/reports/20261008T215503505222Z/report.csv;[];[];[]
drowsiness;tflite;A0959.raw;equal;2;2;2;1;20;ESP32/cnn_tflite_esp32/reports/20261008T215503505222Z/report.csv;[];[];[]
drowsiness;tflite;A0960.raw;equal;2;2;2;1;20;ESP32/cnn_tflite_esp32/reports/20261008T215503505222Z/report.csv;[];[];[]
drowsiness;tflite;A0961.raw;equal;2;2;2;1;20;ESP32/cnn_tflite_esp32/reports/20261008T215503505222Z/report.csv;[];[];[]
drowsiness;tflite;A0962.raw;equal;2;2;2;1;20;ESP32/cnn_tflite_esp32/reports/20261008T215503505222Z/report.csv;[];[];[]
drowsiness;tflite;A0963.raw;equal;2;2;2;1;20;ESP32/cnn_tflite_esp32/reports/20261008T215503505222Z/report.csv;[];[];[]
drowsiness;tflite;A0964.raw;equal;2;2;2;1;20;ESP32/cnn_tflite_esp32/reports/20261008T215503505222Z/report.csv;[];[];[]
drowsiness;tflite;A0965.raw;equal;2;2;2;1;20;ESP32/cnn_tflite_esp32/reports/20261008T215503505222Z/report.csv;[];[];[]
drowsiness;tflite;A0966.raw;equal;2;2;2;1;20;ESP32/cnn_tflite_esp32/reports/20261008T215503505222Z/report.csv;[];[];[]
drowsiness;tflite;A0967.raw;equal;2;2;2;1;20;ESP32/cnn_tflite_esp32/reports/20261008T215503505222Z/report.csv;[];[];[]
drowsiness;tflite;A0968.raw;equal;2;2;2;1;20;ESP32/cnn_tflite_esp32/reports/20261008T215503505222Z/report.csv;[];[];[]
drowsiness;tflite;A0969.raw;equal;2;2;2;1;20;ESP32/cnn_tflite_esp32/reports/20261008T215503505222Z/report.csv;[];[];[]
drowsiness;tflite;A0970.raw;equal;2;2;2;1;20;ESP32/cnn_tflite_esp32/reports/20261008T215503505222Z/report.csv;[];[];[]
drowsiness;tflite;A0971.raw;equal;2;2;2;1;20;ESP32/cnn_tflite_esp32/reports/20261008T215503505222Z/report.csv;[];[];[]
drowsiness;tflite;A0972.raw;equal;2;2;2;1;20;ESP32/cnn_tflite_esp32/reports/20261008T215503505222Z/report.csv;[];[];[]
drowsiness;tflite;A0973.raw;equal;2;2;2;1;20;ESP32/cnn_tflite_esp32/reports/20261008T215503505222Z/report.csv;[];[];[]
drowsiness;tflite;A0974.raw;equal;2;2;2;1;20;ESP32/cnn_tflite_esp32/reports/20261008T215503505222Z/report.csv;[];[];[]
drowsiness;tflite;A0975.raw;equal;2;2;2;1;20;ESP32/cnn_tflite_esp32/reports/20261008T215503505222Z/report.csv;[];[];[]
drowsiness;tflite;A0976.raw;equal;2;2;2;1;20;ESP32/cnn_tflite_esp32/reports/20261008T215503505222Z/report.csv;[];[];[]
drowsiness;tflite;A0977.raw;equal;2;2;2;1;20;ESP32/cnn_tflite_esp32/reports/20261008T215503505222Z/report.csv;[];[];[]
drowsiness;tflite;A0978.raw;equal;2;2;2;1;20;ESP32/cnn_tflite_esp32/reports/20261008T215503505222Z/report.csv;[];[];[]
drowsiness;tflite;A0979.raw;equal;2;2;2;1;20;ESP32/cnn_tflite_esp32/reports/20261008T215503505222Z/report.csv;[];[];[]
drowsiness;tflite;A0980.raw;equal;2;2;2;1;20;ESP32/cnn_tflite_esp32/reports/20261008T215503505222Z/report.csv;[];[];[]
drowsiness;tflite;A0981.raw;equal;2;2;2;1;20;ESP32/cnn_tflite_esp32/reports/20261008T215503505222Z/report.csv;[];[];[]
drowsiness;tflite;A0982.raw;equal;2;2;2;1;20;ESP32/cnn_tflite_esp32/reports/20261008T215503505222Z/report.csv;[];[];[]
drowsiness;tflite;A0983.raw;equal;2;2;2;1;20;ESP32/cnn_tflite_esp32/reports/20261008T215503505222Z/report.csv;[];[];[]
drowsiness;tflite;A0984.raw;equal;2;2;2;1;20;ESP32/cnn_tflite_esp32/reports/20261008T215503505222Z/report.csv;[];[];[]
drowsiness;tflite;A0985.raw;equal;2;2;2;1;20;ESP32/cnn_tflite_esp32/reports/20261008T215503505222Z/report.csv;[];[];[]
drowsiness;tflite;A0986.raw;equal;2;2;2;1;20;ESP32/cnn_tflite_esp32/reports/20261008T215503505222Z/report.csv;[];[];[]
drowsiness;tflite;A0987.raw;equal;2;2;2;1;20;ESP32/cnn_tflite_esp32/reports/20261008T215503505222Z/report.csv;[];[];[]
drowsiness;tflite;A0988.raw;equal;2;2;2;1;20;ESP32/cnn_tflite_esp32/reports/20261008T215503505222Z/report.csv;[];[];[]
drowsiness;tflite;A0989.raw;equal;2;2;2;1;20;ESP32/cnn_tflite_esp32/reports/20261008T215503505222Z/report.csv;[];[];[]
drowsiness;tflite;A0990.raw;equal;2;2;2;1;20;ESP32/cnn_tflite_esp32/reports/20261008T215503505222Z/report.csv;[];[];[]
drowsiness;tflite;A0991.raw;equal;2;2;2;1;20;ESP32/cnn_tflite_esp32/reports/20261008T215503505222Z/report.csv;[];[];[]
drowsiness;tflite;A0992.raw;equal;2;2;2;1;20;ESP32/cnn_tflite_esp32/reports/20261008T215503505222Z/report.csv;[];[];[]
drowsiness;tflite;A0993.raw;equal;2;2;2;1;20;ESP32/cnn_tflite_esp32/reports/20261008T215503505222Z/report.csv;[];[];[]
drowsiness;tflite;A0994.raw;equal;2;2;2;1;20;ESP32/cnn_tflite_esp32/reports/20261008T215503505222Z/report.csv;[];[];[]
drowsiness;tflite;A0995.raw;equal;2;2;2;1;20;ESP32/cnn_tflite_esp32/reports/20261008T215503505222Z/report.csv;[];[];[]
drowsiness;tflite;A0996.raw;equal;2;2;2;1;20;ESP32/cnn_tflite_esp32/reports/20261008T215503505222Z/report.csv;[];[];[]
drowsiness;tflite;A0997.raw;equal;2;2;2;1;20;ESP32/cnn_tflite_esp32/reports/20261008T215503505222Z/report.csv;[];[];[]
drowsiness;tflite;A0998.raw;equal;2;2;2;1;20;ESP32/cnn_tflite_esp32/reports/20261008T215503505222Z/report.csv;[];[];[]
drowsiness;tflite;A0999.raw;equal;2;2;2;1;20;ESP32/cnn_tflite_esp32/reports/20261008T215503505222Z/report.csv;[];[];[]
drowsiness;tflite;A1000.raw;equal;2;2;2;1;20;ESP32/cnn_tflite_esp32/reports/20261008T215503505222Z/report.csv;[];[];[]
drowsiness;tflite;A1001.raw;equal;2;2;2;1;20;ESP32/cnn_tflite_esp32/reports/20261008T215503505222Z/report.csv;[];[];[]
drowsiness;tflite;A1002.raw;equal;2;2;2;1;20;ESP32/cnn_tflite_esp32/reports/20261008T215503505222Z/report.csv;[];[];[]
drowsiness;tflite;A1003.raw;equal;2;2;2;1;20;ESP32/cnn_tflite_esp32/reports/20261008T215503505222Z/report.csv;[];[];[]
drowsiness;tflite;A1004.raw;equal;2;2;2;1;20;ESP32/cnn_tflite_esp32/reports/20261008T215503505222Z/report.csv;[];[];[]
drowsiness;tflite;A1005.raw;equal;2;2;2;1;20;ESP32/cnn_tflite_esp32/reports/20261008T215503505222Z/report.csv;[];[];[]
drowsiness;tflite;A1008.raw;equal;2;2;2;1;20;ESP32/cnn_tflite_esp32/reports/20261008T215503505222Z/report.csv;[];[];[]
drowsiness;tflite;A1009.raw;equal;2;2;2;1;20;ESP32/cnn_tflite_esp32/reports/20261008T215503505222Z/report.csv;[];[];[]
drowsiness;tflite;A1010.raw;equal;2;2;2;1;20;ESP32/cnn_tflite_esp32/reports/20261008T215503505222Z/report.csv;[];[];[]
drowsiness;tflite;A1011.raw;equal;2;2;2;1;20;ESP32/cnn_tflite_esp32/reports/20261008T215503505222Z/report.csv;[];[];[]
drowsiness;tflite;A1012.raw;equal;2;2;2;1;20;ESP32/cnn_tflite_esp32/reports/20261008T215503505222Z/report.csv;[];[];[]
drowsiness;tflite;A1013.raw;equal;2;2;2;1;20;ESP32/cnn_tflite_esp32/reports/20261008T215503505222Z/report.csv;[];[];[]
drowsiness;tflite;A1014.raw;equal;2;2;2;1;20;ESP32/cnn_tflite_esp32/reports/20261008T215503505222Z/report.csv;[];[];[]
drowsiness;tflite;A1015.raw;equal;2;2;2;1;20;ESP32/cnn_tflite_esp32/reports/20261008T215503505222Z/report.csv;[];[];[]
drowsiness;tflite;A1016.raw;equal;2;2;2;1;20;ESP32/cnn_tflite_esp32/reports/20261008T215503505222Z/report.csv;[];[];[]
drowsiness;tflite;A1017.raw;equal;2;2;2;1;20;ESP32/cnn_tflite_esp32/reports/20261008T215503505222Z/report.csv;[];[];[]
drowsiness;tflite;a0002.raw;equal;2;2;2;1;20;ESP32/cnn_tflite_esp32/reports/20261008T215503505222Z/report.csv;[];[];[]
drowsiness;tflite;a0003.raw;equal;2;2;2;1;20;ESP32/cnn_tflite_esp32/reports/20261008T215503505222Z/report.csv;[];[];[]
drowsiness;tflite;a0004.raw;equal;2;2;2;1;20;ESP32/cnn_tflite_esp32/reports/20261008T215503505222Z/report.csv;[];[];[]
drowsiness;tflite;a0005.raw;equal;2;2;2;1;20;ESP32/cnn_tflite_esp32/reports/20261008T215503505222Z/report.csv;[];[];[]
drowsiness;tflite;a0006.raw;equal;2;2;2;1;20;ESP32/cnn_tflite_esp32/reports/20261008T215503505222Z/report.csv;[];[];[]
drowsiness;tflite;a0007.raw;equal;2;2;2;1;20;ESP32/cnn_tflite_esp32/reports/20261008T215503505222Z/report.csv;[];[];[]
drowsiness;tflite;a0009.raw;equal;2;2;2;1;20;ESP32/cnn_tflite_esp32/reports/20261008T215503505222Z/report.csv;[];[];[]
drowsiness;tflite;a0010.raw;equal;2;2;2;1;20;ESP32/cnn_tflite_esp32/reports/20261008T215503505222Z/report.csv;[];[];[]
drowsiness;tflite;a0011.raw;equal;2;2;2;1;20;ESP32/cnn_tflite_esp32/reports/20261008T215503505222Z/report.csv;[];[];[]
drowsiness;tflite;a0012.raw;equal;2;2;2;1;20;ESP32/cnn_tflite_esp32/reports/20261008T215503505222Z/report.csv;[];[];[]
drowsiness;tflite;a0013.raw;equal;2;2;2;1;20;ESP32/cnn_tflite_esp32/reports/20261008T215503505222Z/report.csv;[];[];[]
drowsiness;tflite;a0014.raw;equal;2;2;2;1;20;ESP32/cnn_tflite_esp32/reports/20261008T215503505222Z/report.csv;[];[];[]
drowsiness;tflite;a0015.raw;equal;2;2;2;1;20;ESP32/cnn_tflite_esp32/reports/20261008T215503505222Z/report.csv;[];[];[]
drowsiness;tflite;a0016.raw;equal;2;2;2;1;20;ESP32/cnn_tflite_esp32/reports/20261008T215503505222Z/report.csv;[];[];[]
drowsiness;tflite;a0017.raw;equal;2;2;2;1;20;ESP32/cnn_tflite_esp32/reports/20261008T215503505222Z/report.csv;[];[];[]
drowsiness;tflite;a0018.raw;equal;2;2;2;1;20;ESP32/cnn_tflite_esp32/reports/20261008T215503505222Z/report.csv;[];[];[]
drowsiness;tflite;a0019.raw;equal;2;2;2;1;20;ESP32/cnn_tflite_esp32/reports/20261008T215503505222Z/report.csv;[];[];[]
drowsiness;tflite;a0020.raw;equal;2;2;2;1;20;ESP32/cnn_tflite_esp32/reports/20261008T215503505222Z/report.csv;[];[];[]
drowsiness;tflite;a0021.raw;equal;2;2;2;1;20;ESP32/cnn_tflite_esp32/reports/20261008T215503505222Z/report.csv;[];[];[]
drowsiness;tflite;a0022.raw;equal;2;2;2;1;20;ESP32/cnn_tflite_esp32/reports/20261008T215503505222Z/report.csv;[];[];[]
drowsiness;tflite;a0023.raw;equal;2;2;2;1;20;ESP32/cnn_tflite_esp32/reports/20261008T215503505222Z/report.csv;[];[];[]
drowsiness;tflite;a0024.raw;equal;2;2;2;1;20;ESP32/cnn_tflite_esp32/reports/20261008T215503505222Z/report.csv;[];[];[]
drowsiness;tflite;a0026.raw;equal;2;2;2;1;20;ESP32/cnn_tflite_esp32/reports/20261008T215503505222Z/report.csv;[];[];[]
drowsiness;tflite;a0029.raw;equal;2;2;2;1;20;ESP32/cnn_tflite_esp32/reports/20261008T215503505222Z/report.csv;[];[];[]
drowsiness;tflite;a0033.raw;equal;2;2;2;1;20;ESP32/cnn_tflite_esp32/reports/20261008T215503505222Z/report.csv;[];[];[]
drowsiness;tflite;a0034.raw;equal;2;2;2;1;20;ESP32/cnn_tflite_esp32/reports/20261008T215503505222Z/report.csv;[];[];[]
drowsiness;tflite;a0035.raw;equal;2;2;2;1;20;ESP32/cnn_tflite_esp32/reports/20261008T215503505222Z/report.csv;[];[];[]
drowsiness;tflite;a0036.raw;equal;2;2;2;1;20;ESP32/cnn_tflite_esp32/reports/20261008T215503505222Z/report.csv;[];[];[]
drowsiness;tflite;a0037.raw;equal;2;2;2;1;20;ESP32/cnn_tflite_esp32/reports/20261008T215503505222Z/report.csv;[];[];[]
drowsiness;tflite;a0038.raw;equal;2;2;2;1;20;ESP32/cnn_tflite_esp32/reports/20261008T215503505222Z/report.csv;[];[];[]
drowsiness;tflite;a0039.raw;equal;2;2;2;1;20;ESP32/cnn_tflite_esp32/reports/20261008T215503505222Z/report.csv;[];[];[]
drowsiness;tflite;a0040.raw;equal;2;2;2;1;20;ESP32/cnn_tflite_esp32/reports/20261008T215503505222Z/report.csv;[];[];[]
drowsiness;tflite;a0041.raw;equal;2;2;2;1;20;ESP32/cnn_tflite_esp32/reports/20261008T215503505222Z/report.csv;[];[];[]
drowsiness;tflite;a0042.raw;equal;2;2;2;1;20;ESP32/cnn_tflite_esp32/reports/20261008T215503505222Z/report.csv;[];[];[]
drowsiness;tflite;a0043.raw;equal;2;2;2;1;20;ESP32/cnn_tflite_esp32/reports/20261008T215503505222Z/report.csv;[];[];[]
drowsiness;tflite;a0044.raw;equal;2;2;2;1;20;ESP32/cnn_tflite_esp32/reports/20261008T215503505222Z/report.csv;[];[];[]
drowsiness;tflite;a0045.raw;equal;2;2;2;1;20;ESP32/cnn_tflite_esp32/reports/20261008T215503505222Z/report.csv;[];[];[]
drowsiness;tflite;a0046.raw;equal;2;2;2;1;20;ESP32/cnn_tflite_esp32/reports/20261008T215503505222Z/report.csv;[];[];[]
drowsiness;tflite;a0047.raw;equal;2;2;2;1;20;ESP32/cnn_tflite_esp32/reports/20261008T215503505222Z/report.csv;[];[];[]
drowsiness;tflite;a0048.raw;equal;2;2;2;1;20;ESP32/cnn_tflite_esp32/reports/20261008T215503505222Z/report.csv;[];[];[]
drowsiness;tflite;a0049.raw;equal;2;2;2;1;20;ESP32/cnn_tflite_esp32/reports/20261008T215503505222Z/report.csv;[];[];[]
drowsiness;tflite;a0050.raw;equal;2;2;2;1;20;ESP32/cnn_tflite_esp32/reports/20261008T215503505222Z/report.csv;[];[];[]
drowsiness;tflite;a0051.raw;equal;2;2;2;1;20;ESP32/cnn_tflite_esp32/reports/20261008T215503505222Z/report.csv;[];[];[]
drowsiness;tflite;a0052.raw;equal;2;2;2;1;20;ESP32/cnn_tflite_esp32/reports/20261008T215503505222Z/report.csv;[];[];[]
drowsiness;tflite;a0053.raw;equal;2;2;2;1;20;ESP32/cnn_tflite_esp32/reports/20261008T215503505222Z/report.csv;[];[];[]
drowsiness;tflite;a0054.raw;equal;2;2;2;1;20;ESP32/cnn_tflite_esp32/reports/20261008T215503505222Z/report.csv;[];[];[]
drowsiness;tflite;a0055.raw;equal;2;2;2;1;20;ESP32/cnn_tflite_esp32/reports/20261008T215503505222Z/report.csv;[];[];[]
drowsiness;tflite;a0056.raw;equal;2;2;2;1;20;ESP32/cnn_tflite_esp32/reports/20261008T215503505222Z/report.csv;[];[];[]
drowsiness;tflite;a0057.raw;equal;2;2;2;1;20;ESP32/cnn_tflite_esp32/reports/20261008T215503505222Z/report.csv;[];[];[]
drowsiness;tflite;a0058.raw;equal;2;2;2;1;20;ESP32/cnn_tflite_esp32/reports/20261008T215503505222Z/report.csv;[];[];[]
drowsiness;tflite;a0059.raw;equal;2;2;2;1;20;ESP32/cnn_tflite_esp32/reports/20261008T215503505222Z/report.csv;[];[];[]
drowsiness;tflite;a0060.raw;equal;2;2;2;1;20;ESP32/cnn_tflite_esp32/reports/20261008T215503505222Z/report.csv;[];[];[]
drowsiness;tflite;a0061.raw;equal;2;2;2;1;20;ESP32/cnn_tflite_esp32/reports/20261008T215503505222Z/report.csv;[];[];[]
drowsiness;tflite;a0062.raw;equal;2;2;2;1;20;ESP32/cnn_tflite_esp32/reports/20261008T215503505222Z/report.csv;[];[];[]
drowsiness;tflite;a0063.raw;equal;2;2;2;1;20;ESP32/cnn_tflite_esp32/reports/20261008T215503505222Z/report.csv;[];[];[]
drowsiness;tflite;a0064.raw;equal;2;2;2;1;20;ESP32/cnn_tflite_esp32/reports/20261008T215503505222Z/report.csv;[];[];[]
drowsiness;tflite;a0065.raw;equal;2;2;2;1;20;ESP32/cnn_tflite_esp32/reports/20261008T215503505222Z/report.csv;[];[];[]
drowsiness;tflite;a0066.raw;equal;2;2;2;1;20;ESP32/cnn_tflite_esp32/reports/20261008T215503505222Z/report.csv;[];[];[]
drowsiness;tflite;a0067.raw;equal;2;2;2;1;20;ESP32/cnn_tflite_esp32/reports/20261008T215503505222Z/report.csv;[];[];[]
drowsiness;tflite;a0068.raw;equal;2;2;2;1;20;ESP32/cnn_tflite_esp32/reports/20261008T215503505222Z/report.csv;[];[];[]
drowsiness;tflite;a0069.raw;equal;2;2;2;1;20;ESP32/cnn_tflite_esp32/reports/20261008T215503505222Z/report.csv;[];[];[]
drowsiness;tflite;a0070.raw;equal;2;2;2;1;20;ESP32/cnn_tflite_esp32/reports/20261008T215503505222Z/report.csv;[];[];[]
drowsiness;tflite;a0071.raw;equal;2;2;2;1;20;ESP32/cnn_tflite_esp32/reports/20261008T215503505222Z/report.csv;[];[];[]
drowsiness;tflite;a0072.raw;equal;2;2;2;1;20;ESP32/cnn_tflite_esp32/reports/20261008T215503505222Z/report.csv;[];[];[]
drowsiness;tflite;a0073.raw;equal;2;2;2;1;20;ESP32/cnn_tflite_esp32/reports/20261008T215503505222Z/report.csv;[];[];[]
drowsiness;tflite;a0074.raw;equal;2;2;2;1;20;ESP32/cnn_tflite_esp32/reports/20261008T215503505222Z/report.csv;[];[];[]
drowsiness;tflite;a0075.raw;equal;2;2;2;1;20;ESP32/cnn_tflite_esp32/reports/20261008T215503505222Z/report.csv;[];[];[]
drowsiness;tflite;a0076.raw;equal;2;2;2;1;20;ESP32/cnn_tflite_esp32/reports/20261008T215503505222Z/report.csv;[];[];[]
drowsiness;tflite;a0077.raw;equal;2;2;2;1;20;ESP32/cnn_tflite_esp32/reports/20261008T215503505222Z/report.csv;[];[];[]
drowsiness;tflite;a0078.raw;equal;2;2;2;1;20;ESP32/cnn_tflite_esp32/reports/20261008T215503505222Z/report.csv;[];[];[]
drowsiness;tflite;a0079.raw;equal;2;2;2;1;20;ESP32/cnn_tflite_esp32/reports/20261008T215503505222Z/report.csv;[];[];[]
drowsiness;tflite;a0080.raw;equal;2;2;2;1;20;ESP32/cnn_tflite_esp32/reports/20261008T215503505222Z/report.csv;[];[];[]
drowsiness;tflite;a0081.raw;equal;2;2;2;1;20;ESP32/cnn_tflite_esp32/reports/20261008T215503505222Z/report.csv;[];[];[]
drowsiness;tflite;a0082.raw;equal;2;2;2;1;20;ESP32/cnn_tflite_esp32/reports/20261008T215503505222Z/report.csv;[];[];[]
drowsiness;tflite;a0083.raw;equal;2;2;2;1;20;ESP32/cnn_tflite_esp32/reports/20261008T215503505222Z/report.csv;[];[];[]
drowsiness;tflite;a0084.raw;equal;2;2;2;1;20;ESP32/cnn_tflite_esp32/reports/20261008T215503505222Z/report.csv;[];[];[]
drowsiness;tflite;a0085.raw;equal;2;2;2;1;20;ESP32/cnn_tflite_esp32/reports/20261008T215503505222Z/report.csv;[];[];[]
drowsiness;tflite;a0086.raw;equal;2;2;2;1;20;ESP32/cnn_tflite_esp32/reports/20261008T215503505222Z/report.csv;[];[];[]
drowsiness;tflite;a0087.raw;equal;2;2;2;1;20;ESP32/cnn_tflite_esp32/reports/20261008T215503505222Z/report.csv;[];[];[]
drowsiness;tflite;a0088.raw;equal;2;2;2;1;20;ESP32/cnn_tflite_esp32/reports/20261008T215503505222Z/report.csv;[];[];[]
drowsiness;tflite;a0089.raw;equal;2;2;2;1;20;ESP32/cnn_tflite_esp32/reports/20261008T215503505222Z/report.csv;[];[];[]
drowsiness;tflite;a0090.raw;equal;2;2;2;1;20;ESP32/cnn_tflite_esp32/reports/20261008T215503505222Z/report.csv;[];[];[]
drowsiness;tflite;a0091.raw;equal;2;2;2;1;20;ESP32/cnn_tflite_esp32/reports/20261008T215503505222Z/report.csv;[];[];[]
drowsiness;tflite;a0092.raw;equal;2;2;2;1;20;ESP32/cnn_tflite_esp32/reports/20261008T215503505222Z/report.csv;[];[];[]
drowsiness;tflite;a0093.raw;equal;2;2;2;1;20;ESP32/cnn_tflite_esp32/reports/20261008T215503505222Z/report.csv;[];[];[]
drowsiness;tflite;a0094.raw;equal;2;2;2;1;20;ESP32/cnn_tflite_esp32/reports/20261008T215503505222Z/report.csv;[];[];[]
drowsiness;tflite;a0095.raw;equal;2;2;2;1;20;ESP32/cnn_tflite_esp32/reports/20261008T215503505222Z/report.csv;[];[];[]
drowsiness;tflite;a0096.raw;equal;2;2;2;1;20;ESP32/cnn_tflite_esp32/reports/20261008T215503505222Z/report.csv;[];[];[]
drowsiness;tflite;a0097.raw;equal;2;2;2;1;20;ESP32/cnn_tflite_esp32/reports/20261008T215503505222Z/report.csv;[];[];[]
drowsiness;tflite;a0098.raw;equal;2;2;2;1;20;ESP32/cnn_tflite_esp32/reports/20261008T215503505222Z/report.csv;[];[];[]
drowsiness;tflite;a0099.raw;equal;2;2;2;1;20;ESP32/cnn_tflite_esp32/reports/20261008T215503505222Z/report.csv;[];[];[]
drowsiness;tflite;a0100.raw;equal;2;2;2;1;20;ESP32/cnn_tflite_esp32/reports/20261008T215503505222Z/report.csv;[];[];[]
drowsiness;tflite;a0101.raw;equal;2;2;2;1;20;ESP32/cnn_tflite_esp32/reports/20261008T215503505222Z/report.csv;[];[];[]
drowsiness;tflite;a0102.raw;equal;2;2;2;1;20;ESP32/cnn_tflite_esp32/reports/20261008T215503505222Z/report.csv;[];[];[]
drowsiness;tflite;a0103.raw;equal;2;2;2;1;20;ESP32/cnn_tflite_esp32/reports/20261008T215503505222Z/report.csv;[];[];[]
drowsiness;tflite;a0104.raw;equal;2;2;2;1;20;ESP32/cnn_tflite_esp32/reports/20261008T215503505222Z/report.csv;[];[];[]
drowsiness;tflite;a0105.raw;equal;2;2;2;1;20;ESP32/cnn_tflite_esp32/reports/20261008T215503505222Z/report.csv;[];[];[]
drowsiness;tflite;a0106.raw;equal;2;2;2;1;20;ESP32/cnn_tflite_esp32/reports/20261008T215503505222Z/report.csv;[];[];[]
drowsiness;tflite;a0107.raw;equal;2;2;2;1;20;ESP32/cnn_tflite_esp32/reports/20261008T215503505222Z/report.csv;[];[];[]
drowsiness;tflite;a0108.raw;equal;2;2;2;1;20;ESP32/cnn_tflite_esp32/reports/20261008T215503505222Z/report.csv;[];[];[]
drowsiness;tflite;a0109.raw;equal;2;2;2;1;20;ESP32/cnn_tflite_esp32/reports/20261008T215503505222Z/report.csv;[];[];[]
drowsiness;tflite;a0110.raw;equal;2;2;2;1;20;ESP32/cnn_tflite_esp32/reports/20261008T215503505222Z/report.csv;[];[];[]
drowsiness;tflite;a0111.raw;equal;2;2;2;1;20;ESP32/cnn_tflite_esp32/reports/20261008T215503505222Z/report.csv;[];[];[]
drowsiness;tflite;a0112.raw;equal;2;2;2;1;20;ESP32/cnn_tflite_esp32/reports/20261008T215503505222Z/report.csv;[];[];[]
drowsiness;tflite;a0113.raw;equal;2;2;2;1;20;ESP32/cnn_tflite_esp32/reports/20261008T215503505222Z/report.csv;[];[];[]
drowsiness;tflite;a0114.raw;equal;2;2;2;1;20;ESP32/cnn_tflite_esp32/reports/20261008T215503505222Z/report.csv;[];[];[]
drowsiness;tflite;a0115.raw;equal;2;2;2;1;20;ESP32/cnn_tflite_esp32/reports/20261008T215503505222Z/report.csv;[];[];[]
drowsiness;tflite;a0116.raw;equal;2;2;2;1;20;ESP32/cnn_tflite_esp32/reports/20261008T215503505222Z/report.csv;[];[];[]
drowsiness;tflite;a0117.raw;equal;2;2;2;1;20;ESP32/cnn_tflite_esp32/reports/20261008T215503505222Z/report.csv;[];[];[]
drowsiness;tflite;a0118.raw;equal;2;2;2;1;20;ESP32/cnn_tflite_esp32/reports/20261008T215503505222Z/report.csv;[];[];[]
drowsiness;tflite;a0119.raw;equal;2;2;2;1;20;ESP32/cnn_tflite_esp32/reports/20261008T215503505222Z/report.csv;[];[];[]
drowsiness;tflite;a0120.raw;equal;2;2;2;1;20;ESP32/cnn_tflite_esp32/reports/20261008T215503505222Z/report.csv;[];[];[]
drowsiness;tflite;a0121.raw;equal;2;2;2;1;20;ESP32/cnn_tflite_esp32/reports/20261008T215503505222Z/report.csv;[];[];[]
drowsiness;tflite;a0122.raw;equal;2;2;2;1;20;ESP32/cnn_tflite_esp32/reports/20261008T215503505222Z/report.csv;[];[];[]
drowsiness;tflite;a0123.raw;equal;2;2;2;1;20;ESP32/cnn_tflite_esp32/reports/20261008T215503505222Z/report.csv;[];[];[]
drowsiness;tflite;a0124.raw;equal;2;2;2;1;20;ESP32/cnn_tflite_esp32/reports/20261008T215503505222Z/report.csv;[];[];[]
drowsiness;tflite;a0125.raw;equal;2;2;2;1;20;ESP32/cnn_tflite_esp32/reports/20261008T215503505222Z/report.csv;[];[];[]
drowsiness;tflite;a0126.raw;equal;2;2;2;1;20;ESP32/cnn_tflite_esp32/reports/20261008T215503505222Z/report.csv;[];[];[]
drowsiness;tflite;a0127.raw;equal;2;2;2;1;20;ESP32/cnn_tflite_esp32/reports/20261008T215503505222Z/report.csv;[];[];[]
drowsiness;tflite;a0128.raw;equal;2;2;2;1;20;ESP32/cnn_tflite_esp32/reports/20261008T215503505222Z/report.csv;[];[];[]
drowsiness;tflite;a0129.raw;equal;2;2;2;1;20;ESP32/cnn_tflite_esp32/reports/20261008T215503505222Z/report.csv;[];[];[]
drowsiness;tflite;a0130.raw;equal;2;2;2;1;20;ESP32/cnn_tflite_esp32/reports/20261008T215503505222Z/report.csv;[];[];[]
drowsiness;tflite;a0131.raw;equal;2;2;2;1;20;ESP32/cnn_tflite_esp32/reports/20261008T215503505222Z/report.csv;[];[];[]
drowsiness;tflite;a0132.raw;equal;2;2;2;1;20;ESP32/cnn_tflite_esp32/reports/20261008T215503505222Z/report.csv;[];[];[]
drowsiness;tflite;a0133.raw;equal;2;2;2;1;20;ESP32/cnn_tflite_esp32/reports/20261008T215503505222Z/report.csv;[];[];[]
drowsiness;tflite;a0134.raw;equal;2;2;2;1;20;ESP32/cnn_tflite_esp32/reports/20261008T215503505222Z/report.csv;[];[];[]
drowsiness;tflite;a0135.raw;equal;2;2;2;1;20;ESP32/cnn_tflite_esp32/reports/20261008T215503505222Z/report.csv;[];[];[]
drowsiness;tflite;a0136.raw;equal;2;2;2;1;20;ESP32/cnn_tflite_esp32/reports/20261008T215503505222Z/report.csv;[];[];[]
drowsiness;tflite;a0137.raw;equal;2;2;2;1;20;ESP32/cnn_tflite_esp32/reports/20261008T215503505222Z/report.csv;[];[];[]
drowsiness;tflite;a0138.raw;equal;2;2;2;1;20;ESP32/cnn_tflite_esp32/reports/20261008T215503505222Z/report.csv;[];[];[]
drowsiness;tflite;a0139.raw;equal;2;2;2;1;20;ESP32/cnn_tflite_esp32/reports/20261008T215503505222Z/report.csv;[];[];[]
drowsiness;tflite;a0140.raw;equal;2;2;2;1;20;ESP32/cnn_tflite_esp32/reports/20261008T215503505222Z/report.csv;[];[];[]
drowsiness;tflite;a0141.raw;equal;2;2;2;1;20;ESP32/cnn_tflite_esp32/reports/20261008T215503505222Z/report.csv;[];[];[]
drowsiness;tflite;a0142.raw;equal;2;2;2;1;20;ESP32/cnn_tflite_esp32/reports/20261008T215503505222Z/report.csv;[];[];[]
drowsiness;tflite;a0143.raw;equal;2;2;2;1;20;ESP32/cnn_tflite_esp32/reports/20261008T215503505222Z/report.csv;[];[];[]
drowsiness;tflite;a0144.raw;equal;2;2;2;1;20;ESP32/cnn_tflite_esp32/reports/20261008T215503505222Z/report.csv;[];[];[]
drowsiness;tflite;a0145.raw;equal;2;2;2;1;20;ESP32/cnn_tflite_esp32/reports/20261008T215503505222Z/report.csv;[];[];[]
drowsiness;tflite;a0146.raw;equal;2;2;2;1;20;ESP32/cnn_tflite_esp32/reports/20261008T215503505222Z/report.csv;[];[];[]
drowsiness;tflite;a0147.raw;equal;2;2;2;1;20;ESP32/cnn_tflite_esp32/reports/20261008T215503505222Z/report.csv;[];[];[]
drowsiness;tflite;a0148.raw;equal;2;2;2;1;20;ESP32/cnn_tflite_esp32/reports/20261008T215503505222Z/report.csv;[];[];[]
drowsiness;tflite;a0149.raw;equal;2;2;2;1;20;ESP32/cnn_tflite_esp32/reports/20261008T215503505222Z/report.csv;[];[];[]
drowsiness;tflite;a0150.raw;equal;2;2;2;1;20;ESP32/cnn_tflite_esp32/reports/20261008T215503505222Z/report.csv;[];[];[]
drowsiness;tflite;a0151.raw;equal;2;2;2;1;20;ESP32/cnn_tflite_esp32/reports/20261008T215503505222Z/report.csv;[];[];[]
drowsiness;tflite;a0152.raw;equal;2;2;2;1;20;ESP32/cnn_tflite_esp32/reports/20261008T215503505222Z/report.csv;[];[];[]
drowsiness;tflite;a0153.raw;equal;2;2;2;1;20;ESP32/cnn_tflite_esp32/reports/20261008T215503505222Z/report.csv;[];[];[]
drowsiness;tflite;a0154.raw;equal;2;2;2;1;20;ESP32/cnn_tflite_esp32/reports/20261008T215503505222Z/report.csv;[];[];[]
drowsiness;tflite;a0155.raw;equal;2;2;2;1;20;ESP32/cnn_tflite_esp32/reports/20261008T215503505222Z/report.csv;[];[];[]
drowsiness;tflite;a0156.raw;equal;2;2;2;1;20;ESP32/cnn_tflite_esp32/reports/20261008T215503505222Z/report.csv;[];[];[]
drowsiness;tflite;a0157.raw;equal;2;2;2;1;20;ESP32/cnn_tflite_esp32/reports/20261008T215503505222Z/report.csv;[];[];[]
drowsiness;tflite;a0158.raw;equal;2;2;2;1;20;ESP32/cnn_tflite_esp32/reports/20261008T215503505222Z/report.csv;[];[];[]
drowsiness;tflite;a0159.raw;equal;2;2;2;1;20;ESP32/cnn_tflite_esp32/reports/20261008T215503505222Z/report.csv;[];[];[]
drowsiness;tflite;a0160.raw;equal;2;2;2;1;20;ESP32/cnn_tflite_esp32/reports/20261008T215503505222Z/report.csv;[];[];[]
drowsiness;tflite;a0161.raw;equal;2;2;2;1;20;ESP32/cnn_tflite_esp32/reports/20261008T215503505222Z/report.csv;[];[];[]
drowsiness;tflite;a0162.raw;equal;2;2;2;1;20;ESP32/cnn_tflite_esp32/reports/20261008T215503505222Z/report.csv;[];[];[]
drowsiness;tflite;a0163.raw;equal;2;2;2;1;20;ESP32/cnn_tflite_esp32/reports/20261008T215503505222Z/report.csv;[];[];[]
drowsiness;tflite;a0164.raw;equal;2;2;2;1;20;ESP32/cnn_tflite_esp32/reports/20261008T215503505222Z/report.csv;[];[];[]
drowsiness;tflite;a0165.raw;equal;2;2;2;1;20;ESP32/cnn_tflite_esp32/reports/20261008T215503505222Z/report.csv;[];[];[]
drowsiness;tflite;a0166.raw;equal;2;2;2;1;20;ESP32/cnn_tflite_esp32/reports/20261008T215503505222Z/report.csv;[];[];[]
drowsiness;tflite;a0167.raw;equal;2;2;2;1;20;ESP32/cnn_tflite_esp32/reports/20261008T215503505222Z/report.csv;[];[];[]
drowsiness;tflite;a0168.raw;equal;2;2;2;1;20;ESP32/cnn_tflite_esp32/reports/20261008T215503505222Z/report.csv;[];[];[]
drowsiness;tflite;a0169.raw;equal;2;2;2;1;20;ESP32/cnn_tflite_esp32/reports/20261008T215503505222Z/report.csv;[];[];[]
drowsiness;tflite;a0170.raw;equal;2;2;2;1;20;ESP32/cnn_tflite_esp32/reports/20261008T215503505222Z/report.csv;[];[];[]
drowsiness;tflite;a0171.raw;equal;2;2;2;1;20;ESP32/cnn_tflite_esp32/reports/20261008T215503505222Z/report.csv;[];[];[]
drowsiness;tflite;a0172.raw;equal;2;2;2;1;20;ESP32/cnn_tflite_esp32/reports/20261008T215503505222Z/report.csv;[];[];[]
drowsiness;tflite;a0173.raw;equal;2;2;2;1;20;ESP32/cnn_tflite_esp32/reports/20261008T215503505222Z/report.csv;[];[];[]
drowsiness;tflite;a0174.raw;equal;2;2;2;1;20;ESP32/cnn_tflite_esp32/reports/20261008T215503505222Z/report.csv;[];[];[]
drowsiness;tflite;a0175.raw;equal;2;2;2;1;20;ESP32/cnn_tflite_esp32/reports/20261008T215503505222Z/report.csv;[];[];[]
drowsiness;tflite;a0176.raw;equal;2;2;2;1;20;ESP32/cnn_tflite_esp32/reports/20261008T215503505222Z/report.csv;[];[];[]
drowsiness;tflite;a0177.raw;equal;2;2;2;1;20;ESP32/cnn_tflite_esp32/reports/20261008T215503505222Z/report.csv;[];[];[]
drowsiness;tflite;a0178.raw;equal;2;2;2;1;20;ESP32/cnn_tflite_esp32/reports/20261008T215503505222Z/report.csv;[];[];[]
drowsiness;tflite;a0179.raw;equal;2;2;2;1;20;ESP32/cnn_tflite_esp32/reports/20261008T215503505222Z/report.csv;[];[];[]
drowsiness;tflite;a0180.raw;equal;2;2;2;1;20;ESP32/cnn_tflite_esp32/reports/20261008T215503505222Z/report.csv;[];[];[]
drowsiness;tflite;a0181.raw;equal;2;2;2;1;20;ESP32/cnn_tflite_esp32/reports/20261008T215503505222Z/report.csv;[];[];[]
drowsiness;tflite;a0182.raw;equal;2;2;2;1;20;ESP32/cnn_tflite_esp32/reports/20261008T215503505222Z/report.csv;[];[];[]
drowsiness;tflite;a0183.raw;equal;2;2;2;1;20;ESP32/cnn_tflite_esp32/reports/20261008T215503505222Z/report.csv;[];[];[]
drowsiness;tflite;a0184.raw;equal;2;2;2;1;20;ESP32/cnn_tflite_esp32/reports/20261008T215503505222Z/report.csv;[];[];[]
drowsiness;tflite;a0185.raw;equal;2;2;2;1;20;ESP32/cnn_tflite_esp32/reports/20261008T215503505222Z/report.csv;[];[];[]
drowsiness;tflite;a0186.raw;equal;2;2;2;1;20;ESP32/cnn_tflite_esp32/reports/20261008T215503505222Z/report.csv;[];[];[]
drowsiness;tflite;a0187.raw;equal;2;2;2;1;20;ESP32/cnn_tflite_esp32/reports/20261008T215503505222Z/report.csv;[];[];[]
drowsiness;tflite;a0188.raw;equal;2;2;2;1;20;ESP32/cnn_tflite_esp32/reports/20261008T215503505222Z/report.csv;[];[];[]
drowsiness;tflite;a0189.raw;equal;2;2;2;1;20;ESP32/cnn_tflite_esp32/reports/20261008T215503505222Z/report.csv;[];[];[]
drowsiness;tflite;a0190.raw;equal;2;2;2;1;20;ESP32/cnn_tflite_esp32/reports/20261008T215503505222Z/report.csv;[];[];[]
drowsiness;tflite;a0191.raw;equal;2;2;2;1;20;ESP32/cnn_tflite_esp32/reports/20261008T215503505222Z/report.csv;[];[];[]
drowsiness;tflite;a0192.raw;equal;2;2;2;1;20;ESP32/cnn_tflite_esp32/reports/20261008T215503505222Z/report.csv;[];[];[]
drowsiness;tflite;a0193.raw;equal;2;2;2;1;20;ESP32/cnn_tflite_esp32/reports/20261008T215503505222Z/report.csv;[];[];[]
drowsiness;tflite;a0194.raw;equal;2;2;2;1;20;ESP32/cnn_tflite_esp32/reports/20261008T215503505222Z/report.csv;[];[];[]
drowsiness;tflite;a0195.raw;equal;2;2;2;1;20;ESP32/cnn_tflite_esp32/reports/20261008T215503505222Z/report.csv;[];[];[]
drowsiness;tflite;a0196.raw;equal;2;2;2;1;20;ESP32/cnn_tflite_esp32/reports/20261008T215503505222Z/report.csv;[];[];[]
drowsiness;tflite;a0197.raw;equal;2;2;2;1;20;ESP32/cnn_tflite_esp32/reports/20261008T215503505222Z/report.csv;[];[];[]
drowsiness;tflite;a0198.raw;equal;2;2;2;1;20;ESP32/cnn_tflite_esp32/reports/20261008T215503505222Z/report.csv;[];[];[]
drowsiness;tflite;a0199.raw;equal;2;2;2;1;20;ESP32/cnn_tflite_esp32/reports/20261008T215503505222Z/report.csv;[];[];[]
drowsiness;tflite;a0200.raw;equal;2;2;2;1;20;ESP32/cnn_tflite_esp32/reports/20261008T215503505222Z/report.csv;[];[];[]
drowsiness;tflite;a0201.raw;equal;2;2;2;1;20;ESP32/cnn_tflite_esp32/reports/20261008T215503505222Z/report.csv;[];[];[]
drowsiness;tflite;a0202.raw;equal;2;2;2;1;20;ESP32/cnn_tflite_esp32/reports/20261008T215503505222Z/report.csv;[];[];[]
drowsiness;tflite;a0203.raw;equal;2;2;2;1;20;ESP32/cnn_tflite_esp32/reports/20261008T215503505222Z/report.csv;[];[];[]
drowsiness;tflite;a0204.raw;equal;2;2;2;1;20;ESP32/cnn_tflite_esp32/reports/20261008T215503505222Z/report.csv;[];[];[]
drowsiness;tflite;a0205.raw;equal;2;2;2;1;20;ESP32/cnn_tflite_esp32/reports/20261008T215503505222Z/report.csv;[];[];[]
drowsiness;tflite;a0206.raw;equal;2;2;2;1;20;ESP32/cnn_tflite_esp32/reports/20261008T215503505222Z/report.csv;[];[];[]
drowsiness;tflite;a0207.raw;equal;2;2;2;1;20;ESP32/cnn_tflite_esp32/reports/20261008T215503505222Z/report.csv;[];[];[]
drowsiness;tflite;a0208.raw;equal;2;2;2;1;20;ESP32/cnn_tflite_esp32/reports/20261008T215503505222Z/report.csv;[];[];[]
drowsiness;tflite;a0209.raw;equal;2;2;2;1;20;ESP32/cnn_tflite_esp32/reports/20261008T215503505222Z/report.csv;[];[];[]
drowsiness;tflite;a0210.raw;equal;2;2;2;1;20;ESP32/cnn_tflite_esp32/reports/20261008T215503505222Z/report.csv;[];[];[]
drowsiness;tflite;a0211.raw;equal;2;2;2;1;20;ESP32/cnn_tflite_esp32/reports/20261008T215503505222Z/report.csv;[];[];[]
drowsiness;tflite;a0212.raw;equal;2;2;2;1;20;ESP32/cnn_tflite_esp32/reports/20261008T215503505222Z/report.csv;[];[];[]
drowsiness;tflite;a0213.raw;equal;2;2;2;1;20;ESP32/cnn_tflite_esp32/reports/20261008T215503505222Z/report.csv;[];[];[]
drowsiness;tflite;a0214.raw;equal;2;2;2;1;20;ESP32/cnn_tflite_esp32/reports/20261008T215503505222Z/report.csv;[];[];[]
drowsiness;tflite;a0215.raw;equal;2;2;2;1;20;ESP32/cnn_tflite_esp32/reports/20261008T215503505222Z/report.csv;[];[];[]
drowsiness;tflite;a0216.raw;equal;2;2;2;1;20;ESP32/cnn_tflite_esp32/reports/20261008T215503505222Z/report.csv;[];[];[]
drowsiness;tflite;a0217.raw;equal;2;2;2;1;20;ESP32/cnn_tflite_esp32/reports/20261008T215503505222Z/report.csv;[];[];[]
drowsiness;tflite;a0218.raw;equal;2;2;2;1;20;ESP32/cnn_tflite_esp32/reports/20261008T215503505222Z/report.csv;[];[];[]
drowsiness;tflite;a0219.raw;equal;2;2;2;1;20;ESP32/cnn_tflite_esp32/reports/20261008T215503505222Z/report.csv;[];[];[]
drowsiness;tflite;a0220.raw;equal;2;2;2;1;20;ESP32/cnn_tflite_esp32/reports/20261008T215503505222Z/report.csv;[];[];[]
drowsiness;tflite;a0221.raw;equal;2;2;2;1;20;ESP32/cnn_tflite_esp32/reports/20261008T215503505222Z/report.csv;[];[];[]
drowsiness;tflite;a0222.raw;equal;2;2;2;1;20;ESP32/cnn_tflite_esp32/reports/20261008T215503505222Z/report.csv;[];[];[]
drowsiness;tflite;a0223.raw;equal;2;2;2;1;20;ESP32/cnn_tflite_esp32/reports/20261008T215503505222Z/report.csv;[];[];[]
drowsiness;tflite;a0224.raw;equal;2;2;2;1;20;ESP32/cnn_tflite_esp32/reports/20261008T215503505222Z/report.csv;[];[];[]
drowsiness;tflite;a0225.raw;equal;2;2;2;1;20;ESP32/cnn_tflite_esp32/reports/20261008T215503505222Z/report.csv;[];[];[]
drowsiness;tflite;a0226.raw;equal;2;2;2;1;20;ESP32/cnn_tflite_esp32/reports/20261008T215503505222Z/report.csv;[];[];[]
drowsiness;tflite;a0227.raw;equal;2;2;2;1;20;ESP32/cnn_tflite_esp32/reports/20261008T215503505222Z/report.csv;[];[];[]
drowsiness;tflite;a0228.raw;equal;2;2;2;1;20;ESP32/cnn_tflite_esp32/reports/20261008T215503505222Z/report.csv;[];[];[]
drowsiness;tflite;a0229.raw;equal;2;2;2;1;20;ESP32/cnn_tflite_esp32/reports/20261008T215503505222Z/report.csv;[];[];[]
drowsiness;tflite;a0230.raw;equal;2;2;2;1;20;ESP32/cnn_tflite_esp32/reports/20261008T215503505222Z/report.csv;[];[];[]
drowsiness;tflite;a0231.raw;equal;2;2;2;1;20;ESP32/cnn_tflite_esp32/reports/20261008T215503505222Z/report.csv;[];[];[]
drowsiness;tflite;a0232.raw;equal;2;2;2;1;20;ESP32/cnn_tflite_esp32/reports/20261008T215503505222Z/report.csv;[];[];[]
drowsiness;tflite;a0233.raw;equal;2;2;2;1;20;ESP32/cnn_tflite_esp32/reports/20261008T215503505222Z/report.csv;[];[];[]
drowsiness;tflite;a0234.raw;equal;2;2;2;1;20;ESP32/cnn_tflite_esp32/reports/20261008T215503505222Z/report.csv;[];[];[]
drowsiness;tflite;a0235.raw;equal;2;2;2;1;20;ESP32/cnn_tflite_esp32/reports/20261008T215503505222Z/report.csv;[];[];[]
drowsiness;tflite;a0236.raw;equal;2;2;2;1;20;ESP32/cnn_tflite_esp32/reports/20261008T215503505222Z/report.csv;[];[];[]
drowsiness;tflite;a0237.raw;equal;2;2;2;1;20;ESP32/cnn_tflite_esp32/reports/20261008T215503505222Z/report.csv;[];[];[]
drowsiness;tflite;a0238.raw;equal;2;2;2;1;20;ESP32/cnn_tflite_esp32/reports/20261008T215503505222Z/report.csv;[];[];[]
drowsiness;tflite;a0239.raw;equal;2;2;2;1;20;ESP32/cnn_tflite_esp32/reports/20261008T215503505222Z/report.csv;[];[];[]
drowsiness;tflite;a0240.raw;equal;2;2;2;1;20;ESP32/cnn_tflite_esp32/reports/20261008T215503505222Z/report.csv;[];[];[]
drowsiness;tflite;a0241.raw;equal;2;2;2;1;20;ESP32/cnn_tflite_esp32/reports/20261008T215503505222Z/report.csv;[];[];[]
drowsiness;tflite;a0242.raw;equal;2;2;2;1;20;ESP32/cnn_tflite_esp32/reports/20261008T215503505222Z/report.csv;[];[];[]
drowsiness;tflite;a0243.raw;equal;2;2;2;1;20;ESP32/cnn_tflite_esp32/reports/20261008T215503505222Z/report.csv;[];[];[]
drowsiness;tflite;a0244.raw;equal;2;2;2;1;20;ESP32/cnn_tflite_esp32/reports/20261008T215503505222Z/report.csv;[];[];[]
drowsiness;tflite;a0245.raw;equal;2;2;2;1;20;ESP32/cnn_tflite_esp32/reports/20261008T215503505222Z/report.csv;[];[];[]
drowsiness;tflite;a0246.raw;equal;2;2;2;1;20;ESP32/cnn_tflite_esp32/reports/20261008T215503505222Z/report.csv;[];[];[]
drowsiness;tflite;a0247.raw;equal;2;2;2;1;20;ESP32/cnn_tflite_esp32/reports/20261008T215503505222Z/report.csv;[];[];[]
drowsiness;tflite;a0248.raw;equal;2;2;2;1;20;ESP32/cnn_tflite_esp32/reports/20261008T215503505222Z/report.csv;[];[];[]
drowsiness;tflite;a0249.raw;equal;2;2;2;1;20;ESP32/cnn_tflite_esp32/reports/20261008T215503505222Z/report.csv;[];[];[]
drowsiness;tflite;a0250.raw;equal;2;2;2;1;20;ESP32/cnn_tflite_esp32/reports/20261008T215503505222Z/report.csv;[];[];[]
drowsiness;tflite;a0251.raw;equal;2;2;2;1;20;ESP32/cnn_tflite_esp32/reports/20261008T215503505222Z/report.csv;[];[];[]
drowsiness;tflite;a0252.raw;equal;2;2;2;1;20;ESP32/cnn_tflite_esp32/reports/20261008T215503505222Z/report.csv;[];[];[]
drowsiness;tflite;a0253.raw;equal;2;2;2;1;20;ESP32/cnn_tflite_esp32/reports/20261008T215503505222Z/report.csv;[];[];[]
drowsiness;tflite;a0254.raw;equal;2;2;2;1;20;ESP32/cnn_tflite_esp32/reports/20261008T215503505222Z/report.csv;[];[];[]
drowsiness;tflite;a0255.raw;equal;2;2;2;1;20;ESP32/cnn_tflite_esp32/reports/20261008T215503505222Z/report.csv;[];[];[]
drowsiness;tflite;a0256.raw;equal;2;2;2;1;20;ESP32/cnn_tflite_esp32/reports/20261008T215503505222Z/report.csv;[];[];[]
drowsiness;tflite;a0257.raw;equal;2;2;2;1;20;ESP32/cnn_tflite_esp32/reports/20261008T215503505222Z/report.csv;[];[];[]
drowsiness;tflite;a0258.raw;equal;2;2;2;1;20;ESP32/cnn_tflite_esp32/reports/20261008T215503505222Z/report.csv;[];[];[]
drowsiness;tflite;a0259.raw;equal;2;2;2;1;20;ESP32/cnn_tflite_esp32/reports/20261008T215503505222Z/report.csv;[];[];[]
drowsiness;tflite;a0260.raw;equal;2;2;2;1;20;ESP32/cnn_tflite_esp32/reports/20261008T215503505222Z/report.csv;[];[];[]
drowsiness;tflite;a0261.raw;equal;2;2;2;1;20;ESP32/cnn_tflite_esp32/reports/20261008T215503505222Z/report.csv;[];[];[]
drowsiness;tflite;a0262.raw;equal;2;2;2;1;20;ESP32/cnn_tflite_esp32/reports/20261008T215503505222Z/report.csv;[];[];[]
drowsiness;tflite;a0263.raw;equal;2;2;2;1;20;ESP32/cnn_tflite_esp32/reports/20261008T215503505222Z/report.csv;[];[];[]
drowsiness;tflite;a0264.raw;equal;2;2;2;1;20;ESP32/cnn_tflite_esp32/reports/20261008T215503505222Z/report.csv;[];[];[]
drowsiness;tflite;a0265.raw;equal;2;2;2;1;20;ESP32/cnn_tflite_esp32/reports/20261008T215503505222Z/report.csv;[];[];[]
drowsiness;tflite;a0266.raw;equal;2;2;2;1;20;ESP32/cnn_tflite_esp32/reports/20261008T215503505222Z/report.csv;[];[];[]
drowsiness;tflite;a0267.raw;equal;2;2;2;1;20;ESP32/cnn_tflite_esp32/reports/20261008T215503505222Z/report.csv;[];[];[]
drowsiness;tflite;a0268.raw;equal;2;2;2;1;20;ESP32/cnn_tflite_esp32/reports/20261008T215503505222Z/report.csv;[];[];[]
drowsiness;tflite;a0269.raw;equal;2;2;2;1;20;ESP32/cnn_tflite_esp32/reports/20261008T215503505222Z/report.csv;[];[];[]
drowsiness;tflite;a0270.raw;equal;2;2;2;1;20;ESP32/cnn_tflite_esp32/reports/20261008T215503505222Z/report.csv;[];[];[]
drowsiness;tflite;a0271.raw;equal;2;2;2;1;20;ESP32/cnn_tflite_esp32/reports/20261008T215503505222Z/report.csv;[];[];[]
drowsiness;tflite;a0272.raw;equal;2;2;2;1;20;ESP32/cnn_tflite_esp32/reports/20261008T215503505222Z/report.csv;[];[];[]
drowsiness;tflite;a0273.raw;equal;2;2;2;1;20;ESP32/cnn_tflite_esp32/reports/20261008T215503505222Z/report.csv;[];[];[]
drowsiness;tflite;a0274.raw;equal;2;2;2;1;20;ESP32/cnn_tflite_esp32/reports/20261008T215503505222Z/report.csv;[];[];[]
drowsiness;tflite;a0275.raw;equal;2;2;2;1;20;ESP32/cnn_tflite_esp32/reports/20261008T215503505222Z/report.csv;[];[];[]
drowsiness;tflite;a0276.raw;equal;2;2;2;1;20;ESP32/cnn_tflite_esp32/reports/20261008T215503505222Z/report.csv;[];[];[]
drowsiness;tflite;a0277.raw;equal;2;2;2;1;20;ESP32/cnn_tflite_esp32/reports/20261008T215503505222Z/report.csv;[];[];[]
drowsiness;tflite;a0278.raw;equal;2;2;2;1;20;ESP32/cnn_tflite_esp32/reports/20261008T215503505222Z/report.csv;[];[];[]
drowsiness;tflite;a0279.raw;equal;2;2;2;1;20;ESP32/cnn_tflite_esp32/reports/20261008T215503505222Z/report.csv;[];[];[]
drowsiness;tflite;a0280.raw;equal;2;2;2;1;20;ESP32/cnn_tflite_esp32/reports/20261008T215503505222Z/report.csv;[];[];[]
drowsiness;tflite;a0281.raw;equal;2;2;2;1;20;ESP32/cnn_tflite_esp32/reports/20261008T215503505222Z/report.csv;[];[];[]
drowsiness;tflite;a0282.raw;equal;2;2;2;1;20;ESP32/cnn_tflite_esp32/reports/20261008T215503505222Z/report.csv;[];[];[]
drowsiness;tflite;a0283.raw;equal;2;2;2;1;20;ESP32/cnn_tflite_esp32/reports/20261008T215503505222Z/report.csv;[];[];[]
drowsiness;tflite;a0284.raw;equal;2;2;2;1;20;ESP32/cnn_tflite_esp32/reports/20261008T215503505222Z/report.csv;[];[];[]
drowsiness;tflite;a0285.raw;equal;2;2;2;1;20;ESP32/cnn_tflite_esp32/reports/20261008T215503505222Z/report.csv;[];[];[]
drowsiness;tflite;a0286.raw;equal;2;2;2;1;20;ESP32/cnn_tflite_esp32/reports/20261008T215503505222Z/report.csv;[];[];[]
drowsiness;tflite;a0287.raw;equal;2;2;2;1;20;ESP32/cnn_tflite_esp32/reports/20261008T215503505222Z/report.csv;[];[];[]
drowsiness;tflite;a0288.raw;equal;2;2;2;1;20;ESP32/cnn_tflite_esp32/reports/20261008T215503505222Z/report.csv;[];[];[]
drowsiness;tflite;a0289.raw;equal;2;2;2;1;20;ESP32/cnn_tflite_esp32/reports/20261008T215503505222Z/report.csv;[];[];[]
drowsiness;tflite;a0290.raw;equal;2;2;2;1;20;ESP32/cnn_tflite_esp32/reports/20261008T215503505222Z/report.csv;[];[];[]
drowsiness;tflite;a0291.raw;equal;2;2;2;1;20;ESP32/cnn_tflite_esp32/reports/20261008T215503505222Z/report.csv;[];[];[]
drowsiness;tflite;a0292.raw;equal;2;2;2;1;20;ESP32/cnn_tflite_esp32/reports/20261008T215503505222Z/report.csv;[];[];[]
drowsiness;tflite;a0293.raw;equal;2;2;2;1;20;ESP32/cnn_tflite_esp32/reports/20261008T215503505222Z/report.csv;[];[];[]
drowsiness;tflite;a0294.raw;equal;2;2;2;1;20;ESP32/cnn_tflite_esp32/reports/20261008T215503505222Z/report.csv;[];[];[]
drowsiness;tflite;a0295.raw;equal;2;2;2;1;20;ESP32/cnn_tflite_esp32/reports/20261008T215503505222Z/report.csv;[];[];[]
drowsiness;tflite;a0296.raw;equal;2;2;2;1;20;ESP32/cnn_tflite_esp32/reports/20261008T215503505222Z/report.csv;[];[];[]
drowsiness;tflite;a0297.raw;equal;2;2;2;1;20;ESP32/cnn_tflite_esp32/reports/20261008T215503505222Z/report.csv;[];[];[]
drowsiness;tflite;a0298.raw;equal;2;2;2;1;20;ESP32/cnn_tflite_esp32/reports/20261008T215503505222Z/report.csv;[];[];[]
drowsiness;tflite;a0299.raw;equal;2;2;2;1;20;ESP32/cnn_tflite_esp32/reports/20261008T215503505222Z/report.csv;[];[];[]
drowsiness;tflite;a0300.raw;equal;2;2;2;1;20;ESP32/cnn_tflite_esp32/reports/20261008T215503505222Z/report.csv;[];[];[]
drowsiness;tflite;a0301.raw;equal;2;2;2;1;20;ESP32/cnn_tflite_esp32/reports/20261008T215503505222Z/report.csv;[];[];[]
drowsiness;tflite;a0302.raw;equal;2;2;2;1;20;ESP32/cnn_tflite_esp32/reports/20261008T215503505222Z/report.csv;[];[];[]
drowsiness;tflite;a0303.raw;equal;2;2;2;1;20;ESP32/cnn_tflite_esp32/reports/20261008T215503505222Z/report.csv;[];[];[]
drowsiness;tflite;a0304.raw;equal;2;2;2;1;20;ESP32/cnn_tflite_esp32/reports/20261008T215503505222Z/report.csv;[];[];[]
drowsiness;tflite;a0305.raw;equal;2;2;2;1;20;ESP32/cnn_tflite_esp32/reports/20261008T215503505222Z/report.csv;[];[];[]
drowsiness;tflite;a0306.raw;equal;2;2;2;1;20;ESP32/cnn_tflite_esp32/reports/20261008T215503505222Z/report.csv;[];[];[]
drowsiness;tflite;a0307.raw;equal;2;2;2;1;20;ESP32/cnn_tflite_esp32/reports/20261008T215503505222Z/report.csv;[];[];[]
drowsiness;tflite;a0308.raw;equal;2;2;2;1;20;ESP32/cnn_tflite_esp32/reports/20261008T215503505222Z/report.csv;[];[];[]
drowsiness;tflite;a0309.raw;equal;2;2;2;1;20;ESP32/cnn_tflite_esp32/reports/20261008T215503505222Z/report.csv;[];[];[]
drowsiness;tflite;a0310.raw;equal;2;2;2;1;20;ESP32/cnn_tflite_esp32/reports/20261008T215503505222Z/report.csv;[];[];[]
drowsiness;tflite;a0311.raw;equal;2;2;2;1;20;ESP32/cnn_tflite_esp32/reports/20261008T215503505222Z/report.csv;[];[];[]
drowsiness;tflite;a0312.raw;equal;2;2;2;1;20;ESP32/cnn_tflite_esp32/reports/20261008T215503505222Z/report.csv;[];[];[]
drowsiness;tflite;a0313.raw;equal;2;2;2;1;20;ESP32/cnn_tflite_esp32/reports/20261008T215503505222Z/report.csv;[];[];[]
drowsiness;tflite;a0314.raw;equal;2;2;2;1;20;ESP32/cnn_tflite_esp32/reports/20261008T215503505222Z/report.csv;[];[];[]
drowsiness;tflite;a0315.raw;equal;2;2;2;1;20;ESP32/cnn_tflite_esp32/reports/20261008T215503505222Z/report.csv;[];[];[]
drowsiness;tflite;a0316.raw;equal;2;2;2;1;20;ESP32/cnn_tflite_esp32/reports/20261008T215503505222Z/report.csv;[];[];[]
drowsiness;tflite;a0317.raw;equal;2;2;2;1;20;ESP32/cnn_tflite_esp32/reports/20261008T215503505222Z/report.csv;[];[];[]
drowsiness;tflite;a0318.raw;equal;2;2;2;1;20;ESP32/cnn_tflite_esp32/reports/20261008T215503505222Z/report.csv;[];[];[]
drowsiness;tflite;a0319.raw;equal;2;2;2;1;20;ESP32/cnn_tflite_esp32/reports/20261008T215503505222Z/report.csv;[];[];[]
drowsiness;tflite;a0320.raw;equal;2;2;2;1;20;ESP32/cnn_tflite_esp32/reports/20261008T215503505222Z/report.csv;[];[];[]
drowsiness;tflite;a0321.raw;equal;2;2;2;1;20;ESP32/cnn_tflite_esp32/reports/20261008T215503505222Z/report.csv;[];[];[]
drowsiness;tflite;a0322.raw;equal;2;2;2;1;20;ESP32/cnn_tflite_esp32/reports/20261008T215503505222Z/report.csv;[];[];[]
drowsiness;tflite;a0323.raw;equal;2;2;2;1;20;ESP32/cnn_tflite_esp32/reports/20261008T215503505222Z/report.csv;[];[];[]
drowsiness;tflite;a0324.raw;equal;2;2;2;1;20;ESP32/cnn_tflite_esp32/reports/20261008T215503505222Z/report.csv;[];[];[]
drowsiness;tflite;a0325.raw;equal;2;2;2;1;20;ESP32/cnn_tflite_esp32/reports/20261008T215503505222Z/report.csv;[];[];[]
drowsiness;tflite;a0326.raw;equal;2;2;2;1;20;ESP32/cnn_tflite_esp32/reports/20261008T215503505222Z/report.csv;[];[];[]
drowsiness;tflite;a0327.raw;equal;2;2;2;1;20;ESP32/cnn_tflite_esp32/reports/20261008T215503505222Z/report.csv;[];[];[]
drowsiness;tflite;a0328.raw;equal;2;2;2;1;20;ESP32/cnn_tflite_esp32/reports/20261008T215503505222Z/report.csv;[];[];[]
drowsiness;tflite;a0329.raw;equal;2;2;2;1;20;ESP32/cnn_tflite_esp32/reports/20261008T215503505222Z/report.csv;[];[];[]
drowsiness;tflite;a0330.raw;equal;2;2;2;1;20;ESP32/cnn_tflite_esp32/reports/20261008T215503505222Z/report.csv;[];[];[]
drowsiness;tflite;a0331.raw;equal;2;2;2;1;20;ESP32/cnn_tflite_esp32/reports/20261008T215503505222Z/report.csv;[];[];[]
drowsiness;tflite;a0332.raw;equal;2;2;2;1;20;ESP32/cnn_tflite_esp32/reports/20261008T215503505222Z/report.csv;[];[];[]
drowsiness;tflite;a0333.raw;equal;2;2;2;1;20;ESP32/cnn_tflite_esp32/reports/20261008T215503505222Z/report.csv;[];[];[]
drowsiness;tflite;a0334.raw;equal;2;2;2;1;20;ESP32/cnn_tflite_esp32/reports/20261008T215503505222Z/report.csv;[];[];[]
drowsiness;tflite;a0335.raw;equal;2;2;2;1;20;ESP32/cnn_tflite_esp32/reports/20261008T215503505222Z/report.csv;[];[];[]
drowsiness;tflite;a0336.raw;equal;2;2;2;1;20;ESP32/cnn_tflite_esp32/reports/20261008T215503505222Z/report.csv;[];[];[]
drowsiness;tflite;a0337.raw;equal;2;2;2;1;20;ESP32/cnn_tflite_esp32/reports/20261008T215503505222Z/report.csv;[];[];[]
drowsiness;tflite;a0338.raw;equal;2;2;2;1;20;ESP32/cnn_tflite_esp32/reports/20261008T215503505222Z/report.csv;[];[];[]
drowsiness;tflite;a0339.raw;equal;2;2;2;1;20;ESP32/cnn_tflite_esp32/reports/20261008T215503505222Z/report.csv;[];[];[]
drowsiness;tflite;a0340.raw;equal;2;2;2;1;20;ESP32/cnn_tflite_esp32/reports/20261008T215503505222Z/report.csv;[];[];[]
drowsiness;tflite;a0341.raw;equal;2;2;2;1;20;ESP32/cnn_tflite_esp32/reports/20261008T215503505222Z/report.csv;[];[];[]
drowsiness;tflite;a0342.raw;equal;2;2;2;1;20;ESP32/cnn_tflite_esp32/reports/20261008T215503505222Z/report.csv;[];[];[]
drowsiness;tflite;a0343.raw;equal;2;2;2;1;20;ESP32/cnn_tflite_esp32/reports/20261008T215503505222Z/report.csv;[];[];[]
drowsiness;tflite;a0344.raw;equal;2;2;2;1;20;ESP32/cnn_tflite_esp32/reports/20261008T215503505222Z/report.csv;[];[];[]
drowsiness;tflite;a0345.raw;equal;2;2;2;1;20;ESP32/cnn_tflite_esp32/reports/20261008T215503505222Z/report.csv;[];[];[]
drowsiness;tflite;a0346.raw;equal;2;2;2;1;20;ESP32/cnn_tflite_esp32/reports/20261008T215503505222Z/report.csv;[];[];[]
drowsiness;tflite;a0347.raw;equal;2;2;2;1;20;ESP32/cnn_tflite_esp32/reports/20261008T215503505222Z/report.csv;[];[];[]
drowsiness;tflite;a0348.raw;equal;2;2;2;1;20;ESP32/cnn_tflite_esp32/reports/20261008T215503505222Z/report.csv;[];[];[]
drowsiness;tflite;a0349.raw;equal;2;2;2;1;20;ESP32/cnn_tflite_esp32/reports/20261008T215503505222Z/report.csv;[];[];[]
drowsiness;tflite;a0350.raw;equal;2;2;2;1;20;ESP32/cnn_tflite_esp32/reports/20261008T215503505222Z/report.csv;[];[];[]
drowsiness;tflite;a0351.raw;equal;2;2;2;1;20;ESP32/cnn_tflite_esp32/reports/20261008T215503505222Z/report.csv;[];[];[]
drowsiness;tflite;a0352.raw;equal;2;2;2;1;20;ESP32/cnn_tflite_esp32/reports/20261008T215503505222Z/report.csv;[];[];[]
drowsiness;tflite;a0353.raw;equal;2;2;2;1;20;ESP32/cnn_tflite_esp32/reports/20261008T215503505222Z/report.csv;[];[];[]
drowsiness;tflite;a0354.raw;equal;2;2;2;1;20;ESP32/cnn_tflite_esp32/reports/20261008T215503505222Z/report.csv;[];[];[]
drowsiness;tflite;a0355.raw;equal;2;2;2;1;20;ESP32/cnn_tflite_esp32/reports/20261008T215503505222Z/report.csv;[];[];[]
drowsiness;tflite;a0356.raw;equal;2;2;2;1;20;ESP32/cnn_tflite_esp32/reports/20261008T215503505222Z/report.csv;[];[];[]
drowsiness;tflite;a0357.raw;equal;2;2;2;1;20;ESP32/cnn_tflite_esp32/reports/20261008T215503505222Z/report.csv;[];[];[]
drowsiness;tflite;a0358.raw;equal;2;2;2;1;20;ESP32/cnn_tflite_esp32/reports/20261008T215503505222Z/report.csv;[];[];[]
drowsiness;tflite;a0359.raw;equal;2;2;2;1;20;ESP32/cnn_tflite_esp32/reports/20261008T215503505222Z/report.csv;[];[];[]
drowsiness;tflite;a0360.raw;equal;2;2;2;1;20;ESP32/cnn_tflite_esp32/reports/20261008T215503505222Z/report.csv;[];[];[]
drowsiness;tflite;a0361.raw;equal;2;2;2;1;20;ESP32/cnn_tflite_esp32/reports/20261008T215503505222Z/report.csv;[];[];[]
drowsiness;tflite;a0362.raw;equal;2;2;2;1;20;ESP32/cnn_tflite_esp32/reports/20261008T215503505222Z/report.csv;[];[];[]
drowsiness;tflite;a0363.raw;equal;2;2;2;1;20;ESP32/cnn_tflite_esp32/reports/20261008T215503505222Z/report.csv;[];[];[]
drowsiness;tflite;a0364.raw;equal;2;2;2;1;20;ESP32/cnn_tflite_esp32/reports/20261008T215503505222Z/report.csv;[];[];[]
drowsiness;tflite;a0365.raw;equal;2;2;2;1;20;ESP32/cnn_tflite_esp32/reports/20261008T215503505222Z/report.csv;[];[];[]
drowsiness;tflite;a0366.raw;equal;2;2;2;1;20;ESP32/cnn_tflite_esp32/reports/20261008T215503505222Z/report.csv;[];[];[]
drowsiness;tflite;a0367.raw;equal;2;2;2;1;20;ESP32/cnn_tflite_esp32/reports/20261008T215503505222Z/report.csv;[];[];[]
drowsiness;tflite;a0368.raw;equal;2;2;2;1;20;ESP32/cnn_tflite_esp32/reports/20261008T215503505222Z/report.csv;[];[];[]
drowsiness;tflite;a0369.raw;equal;2;2;2;1;20;ESP32/cnn_tflite_esp32/reports/20261008T215503505222Z/report.csv;[];[];[]
drowsiness;tflite;a0370.raw;equal;2;2;2;1;20;ESP32/cnn_tflite_esp32/reports/20261008T215503505222Z/report.csv;[];[];[]
drowsiness;tflite;a0371.raw;equal;2;2;2;1;20;ESP32/cnn_tflite_esp32/reports/20261008T215503505222Z/report.csv;[];[];[]
drowsiness;tflite;a0372.raw;equal;2;2;2;1;20;ESP32/cnn_tflite_esp32/reports/20261008T215503505222Z/report.csv;[];[];[]
drowsiness;tflite;a0373.raw;equal;2;2;2;1;20;ESP32/cnn_tflite_esp32/reports/20261008T215503505222Z/report.csv;[];[];[]
drowsiness;tflite;a0374.raw;equal;2;2;2;1;20;ESP32/cnn_tflite_esp32/reports/20261008T215503505222Z/report.csv;[];[];[]
drowsiness;tflite;a0375.raw;equal;2;2;2;1;20;ESP32/cnn_tflite_esp32/reports/20261008T215503505222Z/report.csv;[];[];[]
drowsiness;tflite;a0376.raw;equal;2;2;2;1;20;ESP32/cnn_tflite_esp32/reports/20261008T215503505222Z/report.csv;[];[];[]
drowsiness;tflite;a0377.raw;equal;2;2;2;1;20;ESP32/cnn_tflite_esp32/reports/20261008T215503505222Z/report.csv;[];[];[]
drowsiness;tflite;a0378.raw;equal;2;2;2;1;20;ESP32/cnn_tflite_esp32/reports/20261008T215503505222Z/report.csv;[];[];[]
drowsiness;tflite;a0379.raw;equal;2;2;2;1;20;ESP32/cnn_tflite_esp32/reports/20261008T215503505222Z/report.csv;[];[];[]
drowsiness;tflite;a0380.raw;equal;2;2;2;1;20;ESP32/cnn_tflite_esp32/reports/20261008T215503505222Z/report.csv;[];[];[]
drowsiness;tflite;a0381.raw;equal;2;2;2;1;20;ESP32/cnn_tflite_esp32/reports/20261008T215503505222Z/report.csv;[];[];[]
drowsiness;tflite;a0382.raw;equal;2;2;2;1;20;ESP32/cnn_tflite_esp32/reports/20261008T215503505222Z/report.csv;[];[];[]
drowsiness;tflite;a0383.raw;equal;2;2;2;1;20;ESP32/cnn_tflite_esp32/reports/20261008T215503505222Z/report.csv;[];[];[]
drowsiness;tflite;a0384.raw;equal;2;2;2;1;20;ESP32/cnn_tflite_esp32/reports/20261008T215503505222Z/report.csv;[];[];[]
drowsiness;tflite;a0385.raw;equal;2;2;2;1;20;ESP32/cnn_tflite_esp32/reports/20261008T215503505222Z/report.csv;[];[];[]
drowsiness;tflite;a0386.raw;equal;2;2;2;1;20;ESP32/cnn_tflite_esp32/reports/20261008T215503505222Z/report.csv;[];[];[]
drowsiness;tflite;a0387.raw;equal;2;2;2;1;20;ESP32/cnn_tflite_esp32/reports/20261008T215503505222Z/report.csv;[];[];[]
drowsiness;tflite;a0388.raw;equal;2;2;2;1;20;ESP32/cnn_tflite_esp32/reports/20261008T215503505222Z/report.csv;[];[];[]
drowsiness;tflite;a0389.raw;equal;2;2;2;1;20;ESP32/cnn_tflite_esp32/reports/20261008T215503505222Z/report.csv;[];[];[]
drowsiness;tflite;a0390.raw;equal;2;2;2;1;20;ESP32/cnn_tflite_esp32/reports/20261008T215503505222Z/report.csv;[];[];[]
drowsiness;tflite;a0391.raw;equal;2;2;2;1;20;ESP32/cnn_tflite_esp32/reports/20261008T215503505222Z/report.csv;[];[];[]
drowsiness;tflite;a0392.raw;equal;2;2;2;1;20;ESP32/cnn_tflite_esp32/reports/20261008T215503505222Z/report.csv;[];[];[]
drowsiness;tflite;a0393.raw;equal;2;2;2;1;20;ESP32/cnn_tflite_esp32/reports/20261008T215503505222Z/report.csv;[];[];[]
drowsiness;tflite;a0394.raw;equal;2;2;2;1;20;ESP32/cnn_tflite_esp32/reports/20261008T215503505222Z/report.csv;[];[];[]
drowsiness;tflite;a0395.raw;equal;2;2;2;1;20;ESP32/cnn_tflite_esp32/reports/20261008T215503505222Z/report.csv;[];[];[]
drowsiness;tflite;a0396.raw;equal;2;2;2;1;20;ESP32/cnn_tflite_esp32/reports/20261008T215503505222Z/report.csv;[];[];[]
drowsiness;tflite;a0397.raw;equal;2;2;2;1;20;ESP32/cnn_tflite_esp32/reports/20261008T215503505222Z/report.csv;[];[];[]
drowsiness;tflite;a0398.raw;equal;2;2;2;1;20;ESP32/cnn_tflite_esp32/reports/20261008T215503505222Z/report.csv;[];[];[]
drowsiness;tflite;a0399.raw;equal;2;2;2;1;20;ESP32/cnn_tflite_esp32/reports/20261008T215503505222Z/report.csv;[];[];[]
drowsiness;tflite;a0400.raw;equal;2;2;2;1;20;ESP32/cnn_tflite_esp32/reports/20261008T215503505222Z/report.csv;[];[];[]
drowsiness;tflite;a0401.raw;equal;2;2;2;1;20;ESP32/cnn_tflite_esp32/reports/20261008T215503505222Z/report.csv;[];[];[]
drowsiness;tflite;a0402.raw;equal;2;2;2;1;20;ESP32/cnn_tflite_esp32/reports/20261008T215503505222Z/report.csv;[];[];[]
drowsiness;tflite;a0403.raw;equal;2;2;2;1;20;ESP32/cnn_tflite_esp32/reports/20261008T215503505222Z/report.csv;[];[];[]
drowsiness;tflite;a0404.raw;equal;2;2;2;1;20;ESP32/cnn_tflite_esp32/reports/20261008T215503505222Z/report.csv;[];[];[]
drowsiness;tflite;a0405.raw;equal;2;2;2;1;20;ESP32/cnn_tflite_esp32/reports/20261008T215503505222Z/report.csv;[];[];[]
drowsiness;tflite;a0406.raw;equal;2;2;2;1;20;ESP32/cnn_tflite_esp32/reports/20261008T215503505222Z/report.csv;[];[];[]
drowsiness;tflite;a0407.raw;equal;2;2;2;1;20;ESP32/cnn_tflite_esp32/reports/20261008T215503505222Z/report.csv;[];[];[]
drowsiness;tflite;a0408.raw;equal;2;2;2;1;20;ESP32/cnn_tflite_esp32/reports/20261008T215503505222Z/report.csv;[];[];[]
drowsiness;tflite;a0409.raw;equal;2;2;2;1;20;ESP32/cnn_tflite_esp32/reports/20261008T215503505222Z/report.csv;[];[];[]
drowsiness;tflite;a0410.raw;equal;2;2;2;1;20;ESP32/cnn_tflite_esp32/reports/20261008T215503505222Z/report.csv;[];[];[]
drowsiness;tflite;a0411.raw;equal;2;2;2;1;20;ESP32/cnn_tflite_esp32/reports/20261008T215503505222Z/report.csv;[];[];[]
drowsiness;tflite;a0412.raw;equal;2;2;2;1;20;ESP32/cnn_tflite_esp32/reports/20261008T215503505222Z/report.csv;[];[];[]
drowsiness;tflite;a0413.raw;equal;2;2;2;1;20;ESP32/cnn_tflite_esp32/reports/20261008T215503505222Z/report.csv;[];[];[]
drowsiness;tflite;a0414.raw;equal;2;2;2;1;20;ESP32/cnn_tflite_esp32/reports/20261008T215503505222Z/report.csv;[];[];[]
drowsiness;tflite;a0415.raw;equal;2;2;2;1;20;ESP32/cnn_tflite_esp32/reports/20261008T215503505222Z/report.csv;[];[];[]
drowsiness;tflite;a0416.raw;equal;2;2;2;1;20;ESP32/cnn_tflite_esp32/reports/20261008T215503505222Z/report.csv;[];[];[]
drowsiness;tflite;a0417.raw;equal;2;2;2;1;20;ESP32/cnn_tflite_esp32/reports/20261008T215503505222Z/report.csv;[];[];[]
drowsiness;tflite;a0418.raw;equal;2;2;2;1;20;ESP32/cnn_tflite_esp32/reports/20261008T215503505222Z/report.csv;[];[];[]
drowsiness;tflite;a0419.raw;equal;2;2;2;1;20;ESP32/cnn_tflite_esp32/reports/20261008T215503505222Z/report.csv;[];[];[]
drowsiness;tflite;a0420.raw;equal;2;2;2;1;20;ESP32/cnn_tflite_esp32/reports/20261008T215503505222Z/report.csv;[];[];[]
drowsiness;tflite;a0421.raw;equal;2;2;2;1;20;ESP32/cnn_tflite_esp32/reports/20261008T215503505222Z/report.csv;[];[];[]
drowsiness;tflite;a0422.raw;equal;2;2;2;1;20;ESP32/cnn_tflite_esp32/reports/20261008T215503505222Z/report.csv;[];[];[]
drowsiness;tflite;a0423.raw;equal;2;2;2;1;20;ESP32/cnn_tflite_esp32/reports/20261008T215503505222Z/report.csv;[];[];[]
drowsiness;tflite;a0424.raw;equal;2;2;2;1;20;ESP32/cnn_tflite_esp32/reports/20261008T215503505222Z/report.csv;[];[];[]
drowsiness;tflite;a0425.raw;equal;2;2;2;1;20;ESP32/cnn_tflite_esp32/reports/20261008T215503505222Z/report.csv;[];[];[]
drowsiness;tflite;a0426.raw;equal;2;2;2;1;20;ESP32/cnn_tflite_esp32/reports/20261008T215503505222Z/report.csv;[];[];[]
drowsiness;tflite;a0427.raw;equal;2;2;2;1;20;ESP32/cnn_tflite_esp32/reports/20261008T215503505222Z/report.csv;[];[];[]
drowsiness;tflite;a0428.raw;equal;2;2;2;1;20;ESP32/cnn_tflite_esp32/reports/20261008T215503505222Z/report.csv;[];[];[]
drowsiness;tflite;a0429.raw;equal;2;2;2;1;20;ESP32/cnn_tflite_esp32/reports/20261008T215503505222Z/report.csv;[];[];[]
drowsiness;tflite;a0430.raw;equal;2;2;2;1;20;ESP32/cnn_tflite_esp32/reports/20261008T215503505222Z/report.csv;[];[];[]
drowsiness;tflite;a0431.raw;equal;2;2;2;1;20;ESP32/cnn_tflite_esp32/reports/20261008T215503505222Z/report.csv;[];[];[]
drowsiness;tflite;a0432.raw;equal;2;2;2;1;20;ESP32/cnn_tflite_esp32/reports/20261008T215503505222Z/report.csv;[];[];[]
drowsiness;tflite;a0433.raw;equal;2;2;2;1;20;ESP32/cnn_tflite_esp32/reports/20261008T215503505222Z/report.csv;[];[];[]
drowsiness;tflite;a0434.raw;equal;2;2;2;1;20;ESP32/cnn_tflite_esp32/reports/20261008T215503505222Z/report.csv;[];[];[]
drowsiness;tflite;a0435.raw;equal;2;2;2;1;20;ESP32/cnn_tflite_esp32/reports/20261008T215503505222Z/report.csv;[];[];[]
drowsiness;tflite;a0436.raw;equal;2;2;2;1;20;ESP32/cnn_tflite_esp32/reports/20261008T215503505222Z/report.csv;[];[];[]
drowsiness;tflite;a0437.raw;equal;2;2;2;1;20;ESP32/cnn_tflite_esp32/reports/20261008T215503505222Z/report.csv;[];[];[]
drowsiness;tflite;a0438.raw;equal;2;2;2;1;20;ESP32/cnn_tflite_esp32/reports/20261008T215503505222Z/report.csv;[];[];[]
drowsiness;tflite;a0439.raw;equal;2;2;2;1;20;ESP32/cnn_tflite_esp32/reports/20261008T215503505222Z/report.csv;[];[];[]
drowsiness;tflite;a0440.raw;equal;2;2;2;1;20;ESP32/cnn_tflite_esp32/reports/20261008T215503505222Z/report.csv;[];[];[]
drowsiness;tflite;a0441.raw;equal;2;2;2;1;20;ESP32/cnn_tflite_esp32/reports/20261008T215503505222Z/report.csv;[];[];[]
drowsiness;tflite;a0442.raw;equal;2;2;2;1;20;ESP32/cnn_tflite_esp32/reports/20261008T215503505222Z/report.csv;[];[];[]
drowsiness;tflite;a0443.raw;equal;2;2;2;1;20;ESP32/cnn_tflite_esp32/reports/20261008T215503505222Z/report.csv;[];[];[]
drowsiness;tflite;a0444.raw;equal;2;2;2;1;20;ESP32/cnn_tflite_esp32/reports/20261008T215503505222Z/report.csv;[];[];[]
drowsiness;tflite;a0445.raw;equal;2;2;2;1;20;ESP32/cnn_tflite_esp32/reports/20261008T215503505222Z/report.csv;[];[];[]
drowsiness;tflite;a0446.raw;equal;2;2;2;1;20;ESP32/cnn_tflite_esp32/reports/20261008T215503505222Z/report.csv;[];[];[]
drowsiness;tflite;a0447.raw;equal;2;2;2;1;20;ESP32/cnn_tflite_esp32/reports/20261008T215503505222Z/report.csv;[];[];[]
drowsiness;tflite;a0448.raw;equal;2;2;2;1;20;ESP32/cnn_tflite_esp32/reports/20261008T215503505222Z/report.csv;[];[];[]
drowsiness;tflite;a0449.raw;equal;2;2;2;1;20;ESP32/cnn_tflite_esp32/reports/20261008T215503505222Z/report.csv;[];[];[]
drowsiness;tflite;a0450.raw;equal;2;2;2;1;20;ESP32/cnn_tflite_esp32/reports/20261008T215503505222Z/report.csv;[];[];[]
drowsiness;tflite;a0451.raw;equal;2;2;2;1;20;ESP32/cnn_tflite_esp32/reports/20261008T215503505222Z/report.csv;[];[];[]
drowsiness;tflite;a0452.raw;equal;2;2;2;1;20;ESP32/cnn_tflite_esp32/reports/20261008T215503505222Z/report.csv;[];[];[]
drowsiness;tflite;a0453.raw;equal;2;2;2;1;20;ESP32/cnn_tflite_esp32/reports/20261008T215503505222Z/report.csv;[];[];[]
drowsiness;tflite;a0454.raw;equal;2;2;2;1;20;ESP32/cnn_tflite_esp32/reports/20261008T215503505222Z/report.csv;[];[];[]
drowsiness;tflite;a0455.raw;equal;2;2;2;1;20;ESP32/cnn_tflite_esp32/reports/20261008T215503505222Z/report.csv;[];[];[]
drowsiness;tflite;a0456.raw;equal;2;2;2;1;20;ESP32/cnn_tflite_esp32/reports/20261008T215503505222Z/report.csv;[];[];[]
drowsiness;tflite;a0457.raw;equal;2;2;2;1;20;ESP32/cnn_tflite_esp32/reports/20261008T215503505222Z/report.csv;[];[];[]
drowsiness;tflite;a0458.raw;equal;2;2;2;1;20;ESP32/cnn_tflite_esp32/reports/20261008T215503505222Z/report.csv;[];[];[]
drowsiness;tflite;a0459.raw;equal;2;2;2;1;20;ESP32/cnn_tflite_esp32/reports/20261008T215503505222Z/report.csv;[];[];[]
drowsiness;tflite;a0460.raw;equal;2;2;2;1;20;ESP32/cnn_tflite_esp32/reports/20261008T215503505222Z/report.csv;[];[];[]
drowsiness;tflite;a0461.raw;equal;2;2;2;1;20;ESP32/cnn_tflite_esp32/reports/20261008T215503505222Z/report.csv;[];[];[]
drowsiness;tflite;a0462.raw;equal;2;2;2;1;20;ESP32/cnn_tflite_esp32/reports/20261008T215503505222Z/report.csv;[];[];[]
drowsiness;tflite;a0463.raw;equal;2;2;2;1;20;ESP32/cnn_tflite_esp32/reports/20261008T215503505222Z/report.csv;[];[];[]
drowsiness;tflite;a0464.raw;equal;2;2;2;1;20;ESP32/cnn_tflite_esp32/reports/20261008T215503505222Z/report.csv;[];[];[]
drowsiness;tflite;a0465.raw;equal;2;2;2;1;20;ESP32/cnn_tflite_esp32/reports/20261008T215503505222Z/report.csv;[];[];[]
drowsiness;tflite;a0466.raw;equal;2;2;2;1;20;ESP32/cnn_tflite_esp32/reports/20261008T215503505222Z/report.csv;[];[];[]
drowsiness;tflite;a0467.raw;equal;2;2;2;1;20;ESP32/cnn_tflite_esp32/reports/20261008T215503505222Z/report.csv;[];[];[]
drowsiness;tflite;a0468.raw;equal;2;2;2;1;20;ESP32/cnn_tflite_esp32/reports/20261008T215503505222Z/report.csv;[];[];[]
drowsiness;tflite;a0469.raw;equal;2;2;2;1;20;ESP32/cnn_tflite_esp32/reports/20261008T215503505222Z/report.csv;[];[];[]
drowsiness;tflite;a0470.raw;equal;2;2;2;1;20;ESP32/cnn_tflite_esp32/reports/20261008T215503505222Z/report.csv;[];[];[]
drowsiness;tflite;a0471.raw;equal;2;2;2;1;20;ESP32/cnn_tflite_esp32/reports/20261008T215503505222Z/report.csv;[];[];[]
drowsiness;tflite;a0472.raw;equal;2;2;2;1;20;ESP32/cnn_tflite_esp32/reports/20261008T215503505222Z/report.csv;[];[];[]
drowsiness;tflite;a0473.raw;equal;2;2;2;1;20;ESP32/cnn_tflite_esp32/reports/20261008T215503505222Z/report.csv;[];[];[]
drowsiness;tflite;a0474.raw;equal;2;2;2;1;20;ESP32/cnn_tflite_esp32/reports/20261008T215503505222Z/report.csv;[];[];[]
drowsiness;tflite;a0475.raw;equal;2;2;2;1;20;ESP32/cnn_tflite_esp32/reports/20261008T215503505222Z/report.csv;[];[];[]
drowsiness;tflite;a0476.raw;equal;2;2;2;1;20;ESP32/cnn_tflite_esp32/reports/20261008T215503505222Z/report.csv;[];[];[]
drowsiness;tflite;a0477.raw;equal;2;2;2;1;20;ESP32/cnn_tflite_esp32/reports/20261008T215503505222Z/report.csv;[];[];[]
drowsiness;tflite;a0478.raw;equal;2;2;2;1;20;ESP32/cnn_tflite_esp32/reports/20261008T215503505222Z/report.csv;[];[];[]
drowsiness;tflite;a0479.raw;equal;2;2;2;1;20;ESP32/cnn_tflite_esp32/reports/20261008T215503505222Z/report.csv;[];[];[]
drowsiness;tflite;a0480.raw;equal;2;2;2;1;20;ESP32/cnn_tflite_esp32/reports/20261008T215503505222Z/report.csv;[];[];[]
drowsiness;tflite;a0481.raw;equal;2;2;2;1;20;ESP32/cnn_tflite_esp32/reports/20261008T215503505222Z/report.csv;[];[];[]
drowsiness;tflite;a0482.raw;equal;2;2;2;1;20;ESP32/cnn_tflite_esp32/reports/20261008T215503505222Z/report.csv;[];[];[]
drowsiness;tflite;a0483.raw;equal;2;2;2;1;20;ESP32/cnn_tflite_esp32/reports/20261008T215503505222Z/report.csv;[];[];[]
drowsiness;tflite;a0484.raw;equal;2;2;2;1;20;ESP32/cnn_tflite_esp32/reports/20261008T215503505222Z/report.csv;[];[];[]
drowsiness;tflite;a0485.raw;equal;2;2;2;1;20;ESP32/cnn_tflite_esp32/reports/20261008T215503505222Z/report.csv;[];[];[]
drowsiness;tflite;a0486.raw;equal;2;2;2;1;20;ESP32/cnn_tflite_esp32/reports/20261008T215503505222Z/report.csv;[];[];[]
drowsiness;tflite;a0487.raw;equal;2;2;2;1;20;ESP32/cnn_tflite_esp32/reports/20261008T215503505222Z/report.csv;[];[];[]
drowsiness;tflite;a0488.raw;equal;2;2;2;1;20;ESP32/cnn_tflite_esp32/reports/20261008T215503505222Z/report.csv;[];[];[]
drowsiness;tflite;a0489.raw;equal;2;2;2;1;20;ESP32/cnn_tflite_esp32/reports/20261008T215503505222Z/report.csv;[];[];[]
drowsiness;tflite;a0490.raw;equal;2;2;2;1;20;ESP32/cnn_tflite_esp32/reports/20261008T215503505222Z/report.csv;[];[];[]
drowsiness;tflite;a0491.raw;equal;2;2;2;1;20;ESP32/cnn_tflite_esp32/reports/20261008T215503505222Z/report.csv;[];[];[]
drowsiness;tflite;a0492.raw;equal;2;2;2;1;20;ESP32/cnn_tflite_esp32/reports/20261008T215503505222Z/report.csv;[];[];[]
drowsiness;tflite;a0493.raw;equal;2;2;2;1;20;ESP32/cnn_tflite_esp32/reports/20261008T215503505222Z/report.csv;[];[];[]
drowsiness;tflite;a0494.raw;equal;2;2;2;1;20;ESP32/cnn_tflite_esp32/reports/20261008T215503505222Z/report.csv;[];[];[]
drowsiness;tflite;a0495.raw;equal;2;2;2;1;20;ESP32/cnn_tflite_esp32/reports/20261008T215503505222Z/report.csv;[];[];[]
drowsiness;tflite;a0496.raw;equal;2;2;2;1;20;ESP32/cnn_tflite_esp32/reports/20261008T215503505222Z/report.csv;[];[];[]
drowsiness;tflite;a0497.raw;equal;2;2;2;1;20;ESP32/cnn_tflite_esp32/reports/20261008T215503505222Z/report.csv;[];[];[]
drowsiness;tflite;a0498.raw;equal;2;2;2;1;20;ESP32/cnn_tflite_esp32/reports/20261008T215503505222Z/report.csv;[];[];[]
drowsiness;tflite;a0499.raw;equal;2;2;2;1;20;ESP32/cnn_tflite_esp32/reports/20261008T215503505222Z/report.csv;[];[];[]
drowsiness;tflite;a0500.raw;equal;2;2;2;1;20;ESP32/cnn_tflite_esp32/reports/20261008T215503505222Z/report.csv;[];[];[]
drowsiness;tflite;a0501.raw;equal;2;2;2;1;20;ESP32/cnn_tflite_esp32/reports/20261008T215503505222Z/report.csv;[];[];[]
drowsiness;tflite;a0502.raw;equal;2;2;2;1;20;ESP32/cnn_tflite_esp32/reports/20261008T215503505222Z/report.csv;[];[];[]
drowsiness;tflite;a0503.raw;equal;2;2;2;1;20;ESP32/cnn_tflite_esp32/reports/20261008T215503505222Z/report.csv;[];[];[]
drowsiness;tflite;a0504.raw;equal;2;2;2;1;20;ESP32/cnn_tflite_esp32/reports/20261008T215503505222Z/report.csv;[];[];[]
drowsiness;tflite;a0505.raw;equal;2;2;2;1;20;ESP32/cnn_tflite_esp32/reports/20261008T215503505222Z/report.csv;[];[];[]
drowsiness;tflite;a0506.raw;equal;2;2;2;1;20;ESP32/cnn_tflite_esp32/reports/20261008T215503505222Z/report.csv;[];[];[]
drowsiness;tflite;a0507.raw;equal;2;2;2;1;20;ESP32/cnn_tflite_esp32/reports/20261008T215503505222Z/report.csv;[];[];[]
drowsiness;tflite;a0508.raw;equal;2;2;2;1;20;ESP32/cnn_tflite_esp32/reports/20261008T215503505222Z/report.csv;[];[];[]
drowsiness;tflite;a0509.raw;equal;2;2;2;1;20;ESP32/cnn_tflite_esp32/reports/20261008T215503505222Z/report.csv;[];[];[]
drowsiness;tflite;a0510.raw;equal;2;2;2;1;20;ESP32/cnn_tflite_esp32/reports/20261008T215503505222Z/report.csv;[];[];[]
drowsiness;tflite;a0511.raw;equal;2;2;2;1;20;ESP32/cnn_tflite_esp32/reports/20261008T215503505222Z/report.csv;[];[];[]
drowsiness;tflite;a0512.raw;equal;2;2;2;1;20;ESP32/cnn_tflite_esp32/reports/20261008T215503505222Z/report.csv;[];[];[]
drowsiness;tflite;a0513.raw;equal;2;2;2;1;20;ESP32/cnn_tflite_esp32/reports/20261008T215503505222Z/report.csv;[];[];[]
drowsiness;tflite;a0514.raw;equal;2;2;2;1;20;ESP32/cnn_tflite_esp32/reports/20261008T215503505222Z/report.csv;[];[];[]
drowsiness;tflite;a0515.raw;equal;2;2;2;1;20;ESP32/cnn_tflite_esp32/reports/20261008T215503505222Z/report.csv;[];[];[]
drowsiness;tflite;a0516.raw;equal;2;2;2;1;20;ESP32/cnn_tflite_esp32/reports/20261008T215503505222Z/report.csv;[];[];[]
drowsiness;tflite;a0517.raw;equal;2;2;2;1;20;ESP32/cnn_tflite_esp32/reports/20261008T215503505222Z/report.csv;[];[];[]
drowsiness;tflite;a0518.raw;equal;2;2;2;1;20;ESP32/cnn_tflite_esp32/reports/20261008T215503505222Z/report.csv;[];[];[]
drowsiness;tflite;a0519.raw;equal;2;2;2;1;20;ESP32/cnn_tflite_esp32/reports/20261008T215503505222Z/report.csv;[];[];[]
drowsiness;tflite;a0520.raw;equal;2;2;2;1;20;ESP32/cnn_tflite_esp32/reports/20261008T215503505222Z/report.csv;[];[];[]
drowsiness;tflite;a0521.raw;equal;2;2;2;1;20;ESP32/cnn_tflite_esp32/reports/20261008T215503505222Z/report.csv;[];[];[]
drowsiness;tflite;a0522.raw;equal;2;2;2;1;20;ESP32/cnn_tflite_esp32/reports/20261008T215503505222Z/report.csv;[];[];[]
drowsiness;tflite;a0523.raw;equal;2;2;2;1;20;ESP32/cnn_tflite_esp32/reports/20261008T215503505222Z/report.csv;[];[];[]
drowsiness;tflite;a0524.raw;equal;2;2;2;1;20;ESP32/cnn_tflite_esp32/reports/20261008T215503505222Z/report.csv;[];[];[]
drowsiness;tflite;a0525.raw;equal;2;2;2;1;20;ESP32/cnn_tflite_esp32/reports/20261008T215503505222Z/report.csv;[];[];[]
drowsiness;tflite;a0526.raw;equal;2;2;2;1;20;ESP32/cnn_tflite_esp32/reports/20261008T215503505222Z/report.csv;[];[];[]
drowsiness;tflite;a0527.raw;equal;2;2;2;1;20;ESP32/cnn_tflite_esp32/reports/20261008T215503505222Z/report.csv;[];[];[]
drowsiness;tflite;a0528.raw;equal;2;2;2;1;20;ESP32/cnn_tflite_esp32/reports/20261008T215503505222Z/report.csv;[];[];[]
drowsiness;tflite;a0529.raw;equal;2;2;2;1;20;ESP32/cnn_tflite_esp32/reports/20261008T215503505222Z/report.csv;[];[];[]
drowsiness;tflite;a0530.raw;equal;2;2;2;1;20;ESP32/cnn_tflite_esp32/reports/20261008T215503505222Z/report.csv;[];[];[]
drowsiness;tflite;a0531.raw;equal;2;2;2;1;20;ESP32/cnn_tflite_esp32/reports/20261008T215503505222Z/report.csv;[];[];[]
drowsiness;tflite;a0532.raw;equal;2;2;2;1;20;ESP32/cnn_tflite_esp32/reports/20261008T215503505222Z/report.csv;[];[];[]
drowsiness;tflite;a0533.raw;equal;2;2;2;1;20;ESP32/cnn_tflite_esp32/reports/20261008T215503505222Z/report.csv;[];[];[]
drowsiness;tflite;a0534.raw;equal;2;2;2;1;20;ESP32/cnn_tflite_esp32/reports/20261008T215503505222Z/report.csv;[];[];[]
drowsiness;tflite;a0535.raw;equal;2;2;2;1;20;ESP32/cnn_tflite_esp32/reports/20261008T215503505222Z/report.csv;[];[];[]
drowsiness;tflite;a0536.raw;equal;2;2;2;1;20;ESP32/cnn_tflite_esp32/reports/20261008T215503505222Z/report.csv;[];[];[]
drowsiness;tflite;a0537.raw;equal;2;2;2;1;20;ESP32/cnn_tflite_esp32/reports/20261008T215503505222Z/report.csv;[];[];[]
drowsiness;tflite;a0538.raw;equal;2;2;2;1;20;ESP32/cnn_tflite_esp32/reports/20261008T215503505222Z/report.csv;[];[];[]
drowsiness;tflite;a0539.raw;equal;2;2;2;1;20;ESP32/cnn_tflite_esp32/reports/20261008T215503505222Z/report.csv;[];[];[]
drowsiness;tflite;a0540.raw;equal;2;2;2;1;20;ESP32/cnn_tflite_esp32/reports/20261008T215503505222Z/report.csv;[];[];[]
drowsiness;tflite;a0541.raw;equal;2;2;2;1;20;ESP32/cnn_tflite_esp32/reports/20261008T215503505222Z/report.csv;[];[];[]
drowsiness;tflite;a0542.raw;equal;2;2;2;1;20;ESP32/cnn_tflite_esp32/reports/20261008T215503505222Z/report.csv;[];[];[]
drowsiness;tflite;a0543.raw;equal;2;2;2;1;20;ESP32/cnn_tflite_esp32/reports/20261008T215503505222Z/report.csv;[];[];[]
drowsiness;tflite;a0544.raw;equal;2;2;2;1;20;ESP32/cnn_tflite_esp32/reports/20261008T215503505222Z/report.csv;[];[];[]
drowsiness;tflite;a0545.raw;equal;2;2;2;1;20;ESP32/cnn_tflite_esp32/reports/20261008T215503505222Z/report.csv;[];[];[]
drowsiness;tflite;a0546.raw;equal;2;2;2;1;20;ESP32/cnn_tflite_esp32/reports/20261008T215503505222Z/report.csv;[];[];[]
drowsiness;tflite;a0547.raw;equal;2;2;2;1;20;ESP32/cnn_tflite_esp32/reports/20261008T215503505222Z/report.csv;[];[];[]
drowsiness;tflite;a0548.raw;equal;2;2;2;1;20;ESP32/cnn_tflite_esp32/reports/20261008T215503505222Z/report.csv;[];[];[]
drowsiness;tflite;a0549.raw;equal;2;2;2;1;20;ESP32/cnn_tflite_esp32/reports/20261008T215503505222Z/report.csv;[];[];[]
drowsiness;tflite;a0550.raw;equal;2;2;2;1;20;ESP32/cnn_tflite_esp32/reports/20261008T215503505222Z/report.csv;[];[];[]
drowsiness;tflite;a0551.raw;equal;2;2;2;1;20;ESP32/cnn_tflite_esp32/reports/20261008T215503505222Z/report.csv;[];[];[]
drowsiness;tflite;a0552.raw;equal;2;2;2;1;20;ESP32/cnn_tflite_esp32/reports/20261008T215503505222Z/report.csv;[];[];[]
drowsiness;tflite;a0553.raw;equal;2;2;2;1;20;ESP32/cnn_tflite_esp32/reports/20261008T215503505222Z/report.csv;[];[];[]
drowsiness;tflite;a0554.raw;equal;2;2;2;1;20;ESP32/cnn_tflite_esp32/reports/20261008T215503505222Z/report.csv;[];[];[]
drowsiness;tflite;a0555.raw;equal;2;2;2;1;20;ESP32/cnn_tflite_esp32/reports/20261008T215503505222Z/report.csv;[];[];[]
drowsiness;tflite;a0556.raw;equal;2;2;2;1;20;ESP32/cnn_tflite_esp32/reports/20261008T215503505222Z/report.csv;[];[];[]
drowsiness;tflite;a0557.raw;equal;2;2;2;1;20;ESP32/cnn_tflite_esp32/reports/20261008T215503505222Z/report.csv;[];[];[]
drowsiness;tflite;a0558.raw;equal;2;2;2;1;20;ESP32/cnn_tflite_esp32/reports/20261008T215503505222Z/report.csv;[];[];[]
drowsiness;tflite;a0559.raw;equal;2;2;2;1;20;ESP32/cnn_tflite_esp32/reports/20261008T215503505222Z/report.csv;[];[];[]
drowsiness;tflite;a0560.raw;equal;2;2;2;1;20;ESP32/cnn_tflite_esp32/reports/20261008T215503505222Z/report.csv;[];[];[]
drowsiness;tflite;a0561.raw;equal;2;2;2;1;20;ESP32/cnn_tflite_esp32/reports/20261008T215503505222Z/report.csv;[];[];[]
drowsiness;tflite;a0562.raw;equal;2;2;2;1;20;ESP32/cnn_tflite_esp32/reports/20261008T215503505222Z/report.csv;[];[];[]
drowsiness;tflite;a0563.raw;equal;2;2;2;1;20;ESP32/cnn_tflite_esp32/reports/20261008T215503505222Z/report.csv;[];[];[]
drowsiness;tflite;a0564.raw;equal;2;2;2;1;20;ESP32/cnn_tflite_esp32/reports/20261008T215503505222Z/report.csv;[];[];[]
drowsiness;tflite;a0565.raw;equal;2;2;2;1;20;ESP32/cnn_tflite_esp32/reports/20261008T215503505222Z/report.csv;[];[];[]
drowsiness;tflite;a0566.raw;equal;2;2;2;1;20;ESP32/cnn_tflite_esp32/reports/20261008T215503505222Z/report.csv;[];[];[]
drowsiness;tflite;a0567.raw;equal;2;2;2;1;20;ESP32/cnn_tflite_esp32/reports/20261008T215503505222Z/report.csv;[];[];[]
drowsiness;tflite;a0568.raw;equal;2;2;2;1;20;ESP32/cnn_tflite_esp32/reports/20261008T215503505222Z/report.csv;[];[];[]
drowsiness;tflite;a0569.raw;equal;2;2;2;1;20;ESP32/cnn_tflite_esp32/reports/20261008T215503505222Z/report.csv;[];[];[]
drowsiness;tflite;a0570.raw;equal;2;2;2;1;20;ESP32/cnn_tflite_esp32/reports/20261008T215503505222Z/report.csv;[];[];[]
drowsiness;tflite;a0571.raw;equal;2;2;2;1;20;ESP32/cnn_tflite_esp32/reports/20261008T215503505222Z/report.csv;[];[];[]
drowsiness;tflite;a0572.raw;equal;2;2;2;1;20;ESP32/cnn_tflite_esp32/reports/20261008T215503505222Z/report.csv;[];[];[]
drowsiness;tflite;a0573.raw;equal;2;2;2;1;20;ESP32/cnn_tflite_esp32/reports/20261008T215503505222Z/report.csv;[];[];[]
drowsiness;tflite;a0574.raw;equal;2;2;2;1;20;ESP32/cnn_tflite_esp32/reports/20261008T215503505222Z/report.csv;[];[];[]
drowsiness;tflite;a0575.raw;equal;2;2;2;1;20;ESP32/cnn_tflite_esp32/reports/20261008T215503505222Z/report.csv;[];[];[]
drowsiness;tflite;a0576.raw;equal;2;2;2;1;20;ESP32/cnn_tflite_esp32/reports/20261008T215503505222Z/report.csv;[];[];[]
drowsiness;tflite;a0577.raw;equal;2;2;2;1;20;ESP32/cnn_tflite_esp32/reports/20261008T215503505222Z/report.csv;[];[];[]
drowsiness;tflite;a0578.raw;equal;2;2;2;1;20;ESP32/cnn_tflite_esp32/reports/20261008T215503505222Z/report.csv;[];[];[]
drowsiness;tflite;a0579.raw;equal;2;2;2;1;20;ESP32/cnn_tflite_esp32/reports/20261008T215503505222Z/report.csv;[];[];[]
drowsiness;tflite;a0580.raw;equal;2;2;2;1;20;ESP32/cnn_tflite_esp32/reports/20261008T215503505222Z/report.csv;[];[];[]
drowsiness;tflite;a0581.raw;equal;2;2;2;1;20;ESP32/cnn_tflite_esp32/reports/20261008T215503505222Z/report.csv;[];[];[]
drowsiness;tflite;a0582.raw;equal;2;2;2;1;20;ESP32/cnn_tflite_esp32/reports/20261008T215503505222Z/report.csv;[];[];[]
drowsiness;tflite;a0583.raw;mode;11;12;12;2;20;ESP32/cnn_tflite_esp32/reports/20261008T215503505222Z/report.csv;[];[];[]
drowsiness;tflite;a0584.raw;equal;2;2;2;1;20;ESP32/cnn_tflite_esp32/reports/20261008T215503505222Z/report.csv;[];[];[]
drowsiness;tflite;a0585.raw;equal;2;2;2;1;20;ESP32/cnn_tflite_esp32/reports/20261008T215503505222Z/report.csv;[];[];[]
drowsiness;tflite;a0586.raw;equal;2;2;2;1;20;ESP32/cnn_tflite_esp32/reports/20261008T215503505222Z/report.csv;[];[];[]
drowsiness;tflite;a0587.raw;equal;2;2;2;1;20;ESP32/cnn_tflite_esp32/reports/20261008T215503505222Z/report.csv;[];[];[]
drowsiness;tflite;a0588.raw;equal;2;2;2;1;20;ESP32/cnn_tflite_esp32/reports/20261008T215503505222Z/report.csv;[];[];[]
drowsiness;tflite;a0589.raw;equal;2;2;2;1;20;ESP32/cnn_tflite_esp32/reports/20261008T215503505222Z/report.csv;[];[];[]
drowsiness;tflite;a0590.raw;equal;2;2;2;1;20;ESP32/cnn_tflite_esp32/reports/20261008T215503505222Z/report.csv;[];[];[]
drowsiness;tflite;a0591.raw;equal;2;2;2;1;20;ESP32/cnn_tflite_esp32/reports/20261008T215503505222Z/report.csv;[];[];[]
drowsiness;tflite;a0592.raw;equal;2;2;2;1;20;ESP32/cnn_tflite_esp32/reports/20261008T215503505222Z/report.csv;[];[];[]
drowsiness;tflite;a0593.raw;equal;2;2;2;1;20;ESP32/cnn_tflite_esp32/reports/20261008T215503505222Z/report.csv;[];[];[]
drowsiness;tflite;a0594.raw;equal;2;2;2;1;20;ESP32/cnn_tflite_esp32/reports/20261008T215503505222Z/report.csv;[];[];[]
drowsiness;tflite;a0595.raw;equal;2;2;2;1;20;ESP32/cnn_tflite_esp32/reports/20261008T215503505222Z/report.csv;[];[];[]
drowsiness;tflite;a0596.raw;equal;2;2;2;1;20;ESP32/cnn_tflite_esp32/reports/20261008T215503505222Z/report.csv;[];[];[]
drowsiness;tflite;a0597.raw;equal;2;2;2;1;20;ESP32/cnn_tflite_esp32/reports/20261008T215503505222Z/report.csv;[];[];[]
drowsiness;tflite;a0598.raw;equal;2;2;2;1;20;ESP32/cnn_tflite_esp32/reports/20261008T215503505222Z/report.csv;[];[];[]
drowsiness;tflite;a0599.raw;equal;2;2;2;1;20;ESP32/cnn_tflite_esp32/reports/20261008T215503505222Z/report.csv;[];[];[]
drowsiness;tflite;a0600.raw;equal;2;2;2;1;20;ESP32/cnn_tflite_esp32/reports/20261008T215503505222Z/report.csv;[];[];[]
drowsiness;tflite;a0601.raw;equal;2;2;2;1;20;ESP32/cnn_tflite_esp32/reports/20261008T215503505222Z/report.csv;[];[];[]
drowsiness;tflite;a0602.raw;equal;2;2;2;1;20;ESP32/cnn_tflite_esp32/reports/20261008T215503505222Z/report.csv;[];[];[]
drowsiness;tflite;a0603.raw;equal;2;2;2;1;20;ESP32/cnn_tflite_esp32/reports/20261008T215503505222Z/report.csv;[];[];[]
drowsiness;tflite;a0604.raw;equal;2;2;2;1;20;ESP32/cnn_tflite_esp32/reports/20261008T215503505222Z/report.csv;[];[];[]
drowsiness;tflite;a0605.raw;equal;2;2;2;1;20;ESP32/cnn_tflite_esp32/reports/20261008T215503505222Z/report.csv;[];[];[]
drowsiness;tflite;a0606.raw;equal;2;2;2;1;20;ESP32/cnn_tflite_esp32/reports/20261008T215503505222Z/report.csv;[];[];[]
drowsiness;tflite;a0607.raw;equal;2;2;2;1;20;ESP32/cnn_tflite_esp32/reports/20261008T215503505222Z/report.csv;[];[];[]
drowsiness;tflite;a0608.raw;equal;2;2;2;1;20;ESP32/cnn_tflite_esp32/reports/20261008T215503505222Z/report.csv;[];[];[]
drowsiness;tflite;a0609.raw;equal;2;2;2;1;20;ESP32/cnn_tflite_esp32/reports/20261008T215503505222Z/report.csv;[];[];[]
drowsiness;tflite;a0610.raw;equal;2;2;2;1;20;ESP32/cnn_tflite_esp32/reports/20261008T215503505222Z/report.csv;[];[];[]
drowsiness;tflite;a0611.raw;equal;2;2;2;1;20;ESP32/cnn_tflite_esp32/reports/20261008T215503505222Z/report.csv;[];[];[]
drowsiness;tflite;a0612.raw;equal;2;2;2;1;20;ESP32/cnn_tflite_esp32/reports/20261008T215503505222Z/report.csv;[];[];[]
drowsiness;tflite;a0613.raw;equal;2;2;2;1;20;ESP32/cnn_tflite_esp32/reports/20261008T215503505222Z/report.csv;[];[];[]
drowsiness;tflite;a0614.raw;equal;2;2;2;1;20;ESP32/cnn_tflite_esp32/reports/20261008T215503505222Z/report.csv;[];[];[]
drowsiness;tflite;a0615.raw;equal;2;2;2;1;20;ESP32/cnn_tflite_esp32/reports/20261008T215503505222Z/report.csv;[];[];[]
drowsiness;tflite;a0616.raw;equal;2;2;2;1;20;ESP32/cnn_tflite_esp32/reports/20261008T215503505222Z/report.csv;[];[];[]
drowsiness;tflite;a0617.raw;equal;2;2;2;1;20;ESP32/cnn_tflite_esp32/reports/20261008T215503505222Z/report.csv;[];[];[]
drowsiness;tflite;a0618.raw;equal;2;2;2;1;20;ESP32/cnn_tflite_esp32/reports/20261008T215503505222Z/report.csv;[];[];[]
drowsiness;tflite;a0619.raw;equal;2;2;2;1;20;ESP32/cnn_tflite_esp32/reports/20261008T215503505222Z/report.csv;[];[];[]
drowsiness;tflite;a0620.raw;equal;2;2;2;1;20;ESP32/cnn_tflite_esp32/reports/20261008T215503505222Z/report.csv;[];[];[]
drowsiness;tflite;a0621.raw;equal;2;2;2;1;20;ESP32/cnn_tflite_esp32/reports/20261008T215503505222Z/report.csv;[];[];[]
drowsiness;tflite;a0622.raw;equal;2;2;2;1;20;ESP32/cnn_tflite_esp32/reports/20261008T215503505222Z/report.csv;[];[];[]
drowsiness;tflite;a0623.raw;equal;2;2;2;1;20;ESP32/cnn_tflite_esp32/reports/20261008T215503505222Z/report.csv;[];[];[]
drowsiness;tflite;a0624.raw;equal;2;2;2;1;20;ESP32/cnn_tflite_esp32/reports/20261008T215503505222Z/report.csv;[];[];[]
drowsiness;tflite;a0625.raw;equal;2;2;2;1;20;ESP32/cnn_tflite_esp32/reports/20261008T215503505222Z/report.csv;[];[];[]
drowsiness;tflite;a0626.raw;equal;2;2;2;1;20;ESP32/cnn_tflite_esp32/reports/20261008T215503505222Z/report.csv;[];[];[]
drowsiness;tflite;a0627.raw;equal;2;2;2;1;20;ESP32/cnn_tflite_esp32/reports/20261008T215503505222Z/report.csv;[];[];[]
drowsiness;tflite;a0628.raw;equal;2;2;2;1;20;ESP32/cnn_tflite_esp32/reports/20261008T215503505222Z/report.csv;[];[];[]
drowsiness;tflite;a0629.raw;equal;2;2;2;1;20;ESP32/cnn_tflite_esp32/reports/20261008T215503505222Z/report.csv;[];[];[]
drowsiness;tflite;a0630.raw;equal;2;2;2;1;20;ESP32/cnn_tflite_esp32/reports/20261008T215503505222Z/report.csv;[];[];[]
drowsiness;tflite;a0631.raw;equal;2;2;2;1;20;ESP32/cnn_tflite_esp32/reports/20261008T215503505222Z/report.csv;[];[];[]
drowsiness;tflite;a0632.raw;equal;2;2;2;1;20;ESP32/cnn_tflite_esp32/reports/20261008T215503505222Z/report.csv;[];[];[]
drowsiness;tflite;a0633.raw;equal;2;2;2;1;20;ESP32/cnn_tflite_esp32/reports/20261008T215503505222Z/report.csv;[];[];[]
drowsiness;tflite;a0634.raw;equal;2;2;2;1;20;ESP32/cnn_tflite_esp32/reports/20261008T215503505222Z/report.csv;[];[];[]
drowsiness;tflite;a0635.raw;equal;2;2;2;1;20;ESP32/cnn_tflite_esp32/reports/20261008T215503505222Z/report.csv;[];[];[]
drowsiness;tflite;a0636.raw;equal;2;2;2;1;20;ESP32/cnn_tflite_esp32/reports/20261008T215503505222Z/report.csv;[];[];[]
drowsiness;tflite;a0637.raw;equal;2;2;2;1;20;ESP32/cnn_tflite_esp32/reports/20261008T215503505222Z/report.csv;[];[];[]
drowsiness;tflite;a0638.raw;equal;2;2;2;1;20;ESP32/cnn_tflite_esp32/reports/20261008T215503505222Z/report.csv;[];[];[]
drowsiness;tflite;a0639.raw;equal;2;2;2;1;20;ESP32/cnn_tflite_esp32/reports/20261008T215503505222Z/report.csv;[];[];[]
drowsiness;tflite;a0640.raw;equal;2;2;2;1;20;ESP32/cnn_tflite_esp32/reports/20261008T215503505222Z/report.csv;[];[];[]
drowsiness;tflite;a0641.raw;equal;2;2;2;1;20;ESP32/cnn_tflite_esp32/reports/20261008T215503505222Z/report.csv;[];[];[]
drowsiness;tflite;a0642.raw;equal;2;2;2;1;20;ESP32/cnn_tflite_esp32/reports/20261008T215503505222Z/report.csv;[];[];[]
drowsiness;tflite;a0643.raw;equal;2;2;2;1;20;ESP32/cnn_tflite_esp32/reports/20261008T215503505222Z/report.csv;[];[];[]
drowsiness;tflite;a0644.raw;equal;2;2;2;1;20;ESP32/cnn_tflite_esp32/reports/20261008T215503505222Z/report.csv;[];[];[]
drowsiness;tflite;a0645.raw;equal;2;2;2;1;20;ESP32/cnn_tflite_esp32/reports/20261008T215503505222Z/report.csv;[];[];[]
drowsiness;tflite;a0646.raw;equal;2;2;2;1;20;ESP32/cnn_tflite_esp32/reports/20261008T215503505222Z/report.csv;[];[];[]
drowsiness;tflite;a0647.raw;equal;2;2;2;1;20;ESP32/cnn_tflite_esp32/reports/20261008T215503505222Z/report.csv;[];[];[]
drowsiness;tflite;a0648.raw;equal;2;2;2;1;20;ESP32/cnn_tflite_esp32/reports/20261008T215503505222Z/report.csv;[];[];[]
drowsiness;tflite;a0649.raw;equal;2;2;2;1;20;ESP32/cnn_tflite_esp32/reports/20261008T215503505222Z/report.csv;[];[];[]
drowsiness;tflite;a0650.raw;equal;2;2;2;1;20;ESP32/cnn_tflite_esp32/reports/20261008T215503505222Z/report.csv;[];[];[]
drowsiness;tflite;a0651.raw;equal;2;2;2;1;20;ESP32/cnn_tflite_esp32/reports/20261008T215503505222Z/report.csv;[];[];[]
drowsiness;tflite;a0652.raw;equal;2;2;2;1;20;ESP32/cnn_tflite_esp32/reports/20261008T215503505222Z/report.csv;[];[];[]
drowsiness;tflite;a0653.raw;equal;2;2;2;1;20;ESP32/cnn_tflite_esp32/reports/20261008T215503505222Z/report.csv;[];[];[]
drowsiness;tflite;a0654.raw;equal;2;2;2;1;20;ESP32/cnn_tflite_esp32/reports/20261008T215503505222Z/report.csv;[];[];[]
drowsiness;tflite;a0655.raw;equal;2;2;2;1;20;ESP32/cnn_tflite_esp32/reports/20261008T215503505222Z/report.csv;[];[];[]
drowsiness;tflite;a0656.raw;equal;2;2;2;1;20;ESP32/cnn_tflite_esp32/reports/20261008T215503505222Z/report.csv;[];[];[]
drowsiness;tflite;a0657.raw;equal;2;2;2;1;20;ESP32/cnn_tflite_esp32/reports/20261008T215503505222Z/report.csv;[];[];[]
drowsiness;tflite;a0658.raw;equal;2;2;2;1;20;ESP32/cnn_tflite_esp32/reports/20261008T215503505222Z/report.csv;[];[];[]
drowsiness;tflite;a0659.raw;equal;2;2;2;1;20;ESP32/cnn_tflite_esp32/reports/20261008T215503505222Z/report.csv;[];[];[]
drowsiness;tflite;a0660.raw;mode;11;12;12;2;20;ESP32/cnn_tflite_esp32/reports/20261008T215503505222Z/report.csv;[];[];[]
drowsiness;tflite;a0661.raw;equal;2;2;2;1;20;ESP32/cnn_tflite_esp32/reports/20261008T215503505222Z/report.csv;[];[];[]
drowsiness;tflite;a0662.raw;equal;2;2;2;1;20;ESP32/cnn_tflite_esp32/reports/20261008T215503505222Z/report.csv;[];[];[]
drowsiness;tflite;a0663.raw;equal;2;2;2;1;20;ESP32/cnn_tflite_esp32/reports/20261008T215503505222Z/report.csv;[];[];[]
drowsiness;tflite;a0664.raw;equal;2;2;2;1;20;ESP32/cnn_tflite_esp32/reports/20261008T215503505222Z/report.csv;[];[];[]
drowsiness;tflite;a0665.raw;equal;2;2;2;1;20;ESP32/cnn_tflite_esp32/reports/20261008T215503505222Z/report.csv;[];[];[]
drowsiness;tflite;a0666.raw;equal;2;2;2;1;20;ESP32/cnn_tflite_esp32/reports/20261008T215503505222Z/report.csv;[];[];[]
drowsiness;tflite;a0667.raw;equal;2;2;2;1;20;ESP32/cnn_tflite_esp32/reports/20261008T215503505222Z/report.csv;[];[];[]
drowsiness;tflite;a0668.raw;equal;2;2;2;1;20;ESP32/cnn_tflite_esp32/reports/20261008T215503505222Z/report.csv;[];[];[]
drowsiness;tflite;a0669.raw;equal;2;2;2;1;20;ESP32/cnn_tflite_esp32/reports/20261008T215503505222Z/report.csv;[];[];[]
drowsiness;tflite;a0670.raw;equal;2;2;2;1;20;ESP32/cnn_tflite_esp32/reports/20261008T215503505222Z/report.csv;[];[];[]
drowsiness;tflite;a0671.raw;equal;2;2;2;1;20;ESP32/cnn_tflite_esp32/reports/20261008T215503505222Z/report.csv;[];[];[]
drowsiness;tflite;a0672.raw;equal;2;2;2;1;20;ESP32/cnn_tflite_esp32/reports/20261008T215503505222Z/report.csv;[];[];[]
drowsiness;tflite;a0673.raw;equal;2;2;2;1;20;ESP32/cnn_tflite_esp32/reports/20261008T215503505222Z/report.csv;[];[];[]
drowsiness;tflite;a0674.raw;equal;2;2;2;1;20;ESP32/cnn_tflite_esp32/reports/20261008T215503505222Z/report.csv;[];[];[]
drowsiness;tflite;a0675.raw;equal;2;2;2;1;20;ESP32/cnn_tflite_esp32/reports/20261008T215503505222Z/report.csv;[];[];[]
drowsiness;tflite;a0676.raw;equal;2;2;2;1;20;ESP32/cnn_tflite_esp32/reports/20261008T215503505222Z/report.csv;[];[];[]
drowsiness;tflite;a0677.raw;equal;2;2;2;1;20;ESP32/cnn_tflite_esp32/reports/20261008T215503505222Z/report.csv;[];[];[]
drowsiness;tflite;a0678.raw;equal;2;2;2;1;20;ESP32/cnn_tflite_esp32/reports/20261008T215503505222Z/report.csv;[];[];[]
drowsiness;tflite;a0679.raw;equal;2;2;2;1;20;ESP32/cnn_tflite_esp32/reports/20261008T215503505222Z/report.csv;[];[];[]
drowsiness;tflite;a0680.raw;equal;2;2;2;1;20;ESP32/cnn_tflite_esp32/reports/20261008T215503505222Z/report.csv;[];[];[]
drowsiness;tflite;a0681.raw;equal;2;2;2;1;20;ESP32/cnn_tflite_esp32/reports/20261008T215503505222Z/report.csv;[];[];[]
drowsiness;tflite;a0682.raw;equal;2;2;2;1;20;ESP32/cnn_tflite_esp32/reports/20261008T215503505222Z/report.csv;[];[];[]
drowsiness;tflite;a0683.raw;equal;2;2;2;1;20;ESP32/cnn_tflite_esp32/reports/20261008T215503505222Z/report.csv;[];[];[]
drowsiness;tflite;a0684.raw;equal;2;2;2;1;20;ESP32/cnn_tflite_esp32/reports/20261008T215503505222Z/report.csv;[];[];[]
drowsiness;tflite;a0685.raw;equal;2;2;2;1;20;ESP32/cnn_tflite_esp32/reports/20261008T215503505222Z/report.csv;[];[];[]
drowsiness;tflite;a0686.raw;equal;2;2;2;1;20;ESP32/cnn_tflite_esp32/reports/20261008T215503505222Z/report.csv;[];[];[]
drowsiness;tflite;a0687.raw;equal;2;2;2;1;20;ESP32/cnn_tflite_esp32/reports/20261008T215503505222Z/report.csv;[];[];[]
drowsiness;tflite;a0688.raw;equal;2;2;2;1;20;ESP32/cnn_tflite_esp32/reports/20261008T215503505222Z/report.csv;[];[];[]
drowsiness;tflite;a0689.raw;equal;2;2;2;1;20;ESP32/cnn_tflite_esp32/reports/20261008T215503505222Z/report.csv;[];[];[]
drowsiness;tflite;a0690.raw;equal;2;2;2;1;20;ESP32/cnn_tflite_esp32/reports/20261008T215503505222Z/report.csv;[];[];[]
drowsiness;tflite;a0691.raw;equal;2;2;2;1;20;ESP32/cnn_tflite_esp32/reports/20261008T215503505222Z/report.csv;[];[];[]
drowsiness;tflite;a0692.raw;equal;2;2;2;1;20;ESP32/cnn_tflite_esp32/reports/20261008T215503505222Z/report.csv;[];[];[]
drowsiness;tflite;a0693.raw;equal;2;2;2;1;20;ESP32/cnn_tflite_esp32/reports/20261008T215503505222Z/report.csv;[];[];[]
drowsiness;tflite;a0694.raw;equal;2;2;2;1;20;ESP32/cnn_tflite_esp32/reports/20261008T215503505222Z/report.csv;[];[];[]
drowsiness;tflite;a0695.raw;equal;2;2;2;1;20;ESP32/cnn_tflite_esp32/reports/20261008T215503505222Z/report.csv;[];[];[]
drowsiness;tflite;a0696.raw;equal;2;2;2;1;20;ESP32/cnn_tflite_esp32/reports/20261008T215503505222Z/report.csv;[];[];[]
drowsiness;tflite;a0697.raw;equal;2;2;2;1;20;ESP32/cnn_tflite_esp32/reports/20261008T215503505222Z/report.csv;[];[];[]
drowsiness;tflite;a0698.raw;equal;2;2;2;1;20;ESP32/cnn_tflite_esp32/reports/20261008T215503505222Z/report.csv;[];[];[]
drowsiness;tflite;a0699.raw;equal;2;2;2;1;20;ESP32/cnn_tflite_esp32/reports/20261008T215503505222Z/report.csv;[];[];[]
drowsiness;tflite;a0700.raw;equal;2;2;2;1;20;ESP32/cnn_tflite_esp32/reports/20261008T215503505222Z/report.csv;[];[];[]
drowsiness;tflite;a0701.raw;equal;2;2;2;1;20;ESP32/cnn_tflite_esp32/reports/20261008T215503505222Z/report.csv;[];[];[]
drowsiness;tflite;a0702.raw;equal;2;2;2;1;20;ESP32/cnn_tflite_esp32/reports/20261008T215503505222Z/report.csv;[];[];[]
drowsiness;tflite;a0703.raw;equal;2;2;2;1;20;ESP32/cnn_tflite_esp32/reports/20261008T215503505222Z/report.csv;[];[];[]
drowsiness;tflite;a0704.raw;equal;2;2;2;1;20;ESP32/cnn_tflite_esp32/reports/20261008T215503505222Z/report.csv;[];[];[]
drowsiness;tflite;a0705.raw;equal;2;2;2;1;20;ESP32/cnn_tflite_esp32/reports/20261008T215503505222Z/report.csv;[];[];[]
drowsiness;tflite;a0706.raw;equal;2;2;2;1;20;ESP32/cnn_tflite_esp32/reports/20261008T215503505222Z/report.csv;[];[];[]
drowsiness;tflite;a0707.raw;equal;2;2;2;1;20;ESP32/cnn_tflite_esp32/reports/20261008T215503505222Z/report.csv;[];[];[]
drowsiness;tflite;a0708.raw;equal;2;2;2;1;20;ESP32/cnn_tflite_esp32/reports/20261008T215503505222Z/report.csv;[];[];[]
drowsiness;tflite;a0709.raw;equal;2;2;2;1;20;ESP32/cnn_tflite_esp32/reports/20261008T215503505222Z/report.csv;[];[];[]
drowsiness;tflite;a0710.raw;equal;2;2;2;1;20;ESP32/cnn_tflite_esp32/reports/20261008T215503505222Z/report.csv;[];[];[]
drowsiness;tflite;a0711.raw;equal;2;2;2;1;20;ESP32/cnn_tflite_esp32/reports/20261008T215503505222Z/report.csv;[];[];[]
drowsiness;tflite;a0712.raw;equal;2;2;2;1;20;ESP32/cnn_tflite_esp32/reports/20261008T215503505222Z/report.csv;[];[];[]
drowsiness;tflite;a0713.raw;equal;2;2;2;1;20;ESP32/cnn_tflite_esp32/reports/20261008T215503505222Z/report.csv;[];[];[]
drowsiness;tflite;a0714.raw;equal;2;2;2;1;20;ESP32/cnn_tflite_esp32/reports/20261008T215503505222Z/report.csv;[];[];[]
drowsiness;tflite;a0715.raw;equal;2;2;2;1;20;ESP32/cnn_tflite_esp32/reports/20261008T215503505222Z/report.csv;[];[];[]
drowsiness;tflite;a0716.raw;equal;2;2;2;1;20;ESP32/cnn_tflite_esp32/reports/20261008T215503505222Z/report.csv;[];[];[]
drowsiness;tflite;a0717.raw;equal;2;2;2;1;20;ESP32/cnn_tflite_esp32/reports/20261008T215503505222Z/report.csv;[];[];[]
drowsiness;tflite;a0718.raw;equal;2;2;2;1;20;ESP32/cnn_tflite_esp32/reports/20261008T215503505222Z/report.csv;[];[];[]
drowsiness;tflite;a0719.raw;equal;2;2;2;1;20;ESP32/cnn_tflite_esp32/reports/20261008T215503505222Z/report.csv;[];[];[]
drowsiness;tflite;a0720.raw;equal;2;2;2;1;20;ESP32/cnn_tflite_esp32/reports/20261008T215503505222Z/report.csv;[];[];[]
drowsiness;tflite;a0721.raw;equal;2;2;2;1;20;ESP32/cnn_tflite_esp32/reports/20261008T215503505222Z/report.csv;[];[];[]
drowsiness;tflite;a0722.raw;equal;2;2;2;1;20;ESP32/cnn_tflite_esp32/reports/20261008T215503505222Z/report.csv;[];[];[]
drowsiness;tflite;a0723.raw;equal;2;2;2;1;20;ESP32/cnn_tflite_esp32/reports/20261008T215503505222Z/report.csv;[];[];[]
drowsiness;tflite;a0724.raw;equal;2;2;2;1;20;ESP32/cnn_tflite_esp32/reports/20261008T215503505222Z/report.csv;[];[];[]
drowsiness;tflite;a0725.raw;equal;2;2;2;1;20;ESP32/cnn_tflite_esp32/reports/20261008T215503505222Z/report.csv;[];[];[]
drowsiness;tflite;a0726.raw;equal;2;2;2;1;20;ESP32/cnn_tflite_esp32/reports/20261008T215503505222Z/report.csv;[];[];[]
drowsiness;tflite;a0727.raw;equal;2;2;2;1;20;ESP32/cnn_tflite_esp32/reports/20261008T215503505222Z/report.csv;[];[];[]
drowsiness;tflite;a0728.raw;equal;2;2;2;1;20;ESP32/cnn_tflite_esp32/reports/20261008T215503505222Z/report.csv;[];[];[]
drowsiness;tflite;a0729.raw;equal;2;2;2;1;20;ESP32/cnn_tflite_esp32/reports/20261008T215503505222Z/report.csv;[];[];[]
drowsiness;tflite;a0730.raw;equal;2;2;2;1;20;ESP32/cnn_tflite_esp32/reports/20261008T215503505222Z/report.csv;[];[];[]
drowsiness;tflite;a0731.raw;equal;2;2;2;1;20;ESP32/cnn_tflite_esp32/reports/20261008T215503505222Z/report.csv;[];[];[]
drowsiness;tflite;a0732.raw;equal;2;2;2;1;20;ESP32/cnn_tflite_esp32/reports/20261008T215503505222Z/report.csv;[];[];[]
drowsiness;tflite;a0733.raw;equal;2;2;2;1;20;ESP32/cnn_tflite_esp32/reports/20261008T215503505222Z/report.csv;[];[];[]
drowsiness;tflite;a0734.raw;equal;2;2;2;1;20;ESP32/cnn_tflite_esp32/reports/20261008T215503505222Z/report.csv;[];[];[]
drowsiness;tflite;a0735.raw;equal;2;2;2;1;20;ESP32/cnn_tflite_esp32/reports/20261008T215503505222Z/report.csv;[];[];[]
drowsiness;tflite;a0736.raw;equal;2;2;2;1;20;ESP32/cnn_tflite_esp32/reports/20261008T215503505222Z/report.csv;[];[];[]
drowsiness;tflite;a0737.raw;equal;2;2;2;1;20;ESP32/cnn_tflite_esp32/reports/20261008T215503505222Z/report.csv;[];[];[]
drowsiness;tflite;a0738.raw;equal;2;2;2;1;20;ESP32/cnn_tflite_esp32/reports/20261008T215503505222Z/report.csv;[];[];[]
drowsiness;tflite;a0739.raw;equal;2;2;2;1;20;ESP32/cnn_tflite_esp32/reports/20261008T215503505222Z/report.csv;[];[];[]
drowsiness;tflite;a0740.raw;equal;2;2;2;1;20;ESP32/cnn_tflite_esp32/reports/20261008T215503505222Z/report.csv;[];[];[]
drowsiness;tflite;a0741.raw;equal;2;2;2;1;20;ESP32/cnn_tflite_esp32/reports/20261008T215503505222Z/report.csv;[];[];[]
drowsiness;tflite;a0742.raw;equal;2;2;2;1;20;ESP32/cnn_tflite_esp32/reports/20261008T215503505222Z/report.csv;[];[];[]
drowsiness;tflite;a0743.raw;equal;2;2;2;1;20;ESP32/cnn_tflite_esp32/reports/20261008T215503505222Z/report.csv;[];[];[]
drowsiness;tflite;a0744.raw;equal;2;2;2;1;20;ESP32/cnn_tflite_esp32/reports/20261008T215503505222Z/report.csv;[];[];[]
drowsiness;tflite;a0745.raw;equal;2;2;2;1;20;ESP32/cnn_tflite_esp32/reports/20261008T215503505222Z/report.csv;[];[];[]
drowsiness;tflite;a0746.raw;equal;2;2;2;1;20;ESP32/cnn_tflite_esp32/reports/20261008T215503505222Z/report.csv;[];[];[]
drowsiness;tflite;a0747.raw;equal;2;2;2;1;20;ESP32/cnn_tflite_esp32/reports/20261008T215503505222Z/report.csv;[];[];[]
drowsiness;tflite;a0748.raw;equal;2;2;2;1;20;ESP32/cnn_tflite_esp32/reports/20261008T215503505222Z/report.csv;[];[];[]
drowsiness;tflite;a0749.raw;equal;2;2;2;1;20;ESP32/cnn_tflite_esp32/reports/20261008T215503505222Z/report.csv;[];[];[]
drowsiness;tflite;a0750.raw;equal;2;2;2;1;20;ESP32/cnn_tflite_esp32/reports/20261008T215503505222Z/report.csv;[];[];[]
drowsiness;tflite;a0751.raw;equal;2;2;2;1;20;ESP32/cnn_tflite_esp32/reports/20261008T215503505222Z/report.csv;[];[];[]
drowsiness;tflite;a0752.raw;equal;2;2;2;1;20;ESP32/cnn_tflite_esp32/reports/20261008T215503505222Z/report.csv;[];[];[]
drowsiness;tflite;a0753.raw;equal;2;2;2;1;20;ESP32/cnn_tflite_esp32/reports/20261008T215503505222Z/report.csv;[];[];[]
drowsiness;tflite;a0754.raw;equal;2;2;2;1;20;ESP32/cnn_tflite_esp32/reports/20261008T215503505222Z/report.csv;[];[];[]
drowsiness;tflite;a0755.raw;equal;2;2;2;1;20;ESP32/cnn_tflite_esp32/reports/20261008T215503505222Z/report.csv;[];[];[]
drowsiness;tflite;a0756.raw;equal;2;2;2;1;20;ESP32/cnn_tflite_esp32/reports/20261008T215503505222Z/report.csv;[];[];[]
drowsiness;tflite;a0757.raw;equal;2;2;2;1;20;ESP32/cnn_tflite_esp32/reports/20261008T215503505222Z/report.csv;[];[];[]
drowsiness;tflite;a0758.raw;equal;2;2;2;1;20;ESP32/cnn_tflite_esp32/reports/20261008T215503505222Z/report.csv;[];[];[]
drowsiness;tflite;a0759.raw;equal;2;2;2;1;20;ESP32/cnn_tflite_esp32/reports/20261008T215503505222Z/report.csv;[];[];[]
drowsiness;tflite;a0760.raw;equal;2;2;2;1;20;ESP32/cnn_tflite_esp32/reports/20261008T215503505222Z/report.csv;[];[];[]
drowsiness;tflite;a0761.raw;equal;2;2;2;1;20;ESP32/cnn_tflite_esp32/reports/20261008T215503505222Z/report.csv;[];[];[]
drowsiness;tflite;a0762.raw;equal;2;2;2;1;20;ESP32/cnn_tflite_esp32/reports/20261008T215503505222Z/report.csv;[];[];[]
drowsiness;tflite;a0763.raw;equal;2;2;2;1;20;ESP32/cnn_tflite_esp32/reports/20261008T215503505222Z/report.csv;[];[];[]
drowsiness;tflite;a0764.raw;equal;2;2;2;1;20;ESP32/cnn_tflite_esp32/reports/20261008T215503505222Z/report.csv;[];[];[]
drowsiness;tflite;a0765.raw;equal;2;2;2;1;20;ESP32/cnn_tflite_esp32/reports/20261008T215503505222Z/report.csv;[];[];[]
drowsiness;tflite;a0766.raw;equal;2;2;2;1;20;ESP32/cnn_tflite_esp32/reports/20261008T215503505222Z/report.csv;[];[];[]
drowsiness;tflite;a0767.raw;equal;2;2;2;1;20;ESP32/cnn_tflite_esp32/reports/20261008T215503505222Z/report.csv;[];[];[]
drowsiness;tflite;a0768.raw;equal;2;2;2;1;20;ESP32/cnn_tflite_esp32/reports/20261008T215503505222Z/report.csv;[];[];[]
drowsiness;tflite;a0769.raw;equal;2;2;2;1;20;ESP32/cnn_tflite_esp32/reports/20261008T215503505222Z/report.csv;[];[];[]
drowsiness;tflite;a0770.raw;equal;2;2;2;1;20;ESP32/cnn_tflite_esp32/reports/20261008T215503505222Z/report.csv;[];[];[]
drowsiness;tflite;a0771.raw;equal;2;2;2;1;20;ESP32/cnn_tflite_esp32/reports/20261008T215503505222Z/report.csv;[];[];[]
drowsiness;tflite;a0772.raw;equal;2;2;2;1;20;ESP32/cnn_tflite_esp32/reports/20261008T215503505222Z/report.csv;[];[];[]
drowsiness;tflite;a0773.raw;equal;2;2;2;1;20;ESP32/cnn_tflite_esp32/reports/20261008T215503505222Z/report.csv;[];[];[]
drowsiness;tflite;a0774.raw;equal;2;2;2;1;20;ESP32/cnn_tflite_esp32/reports/20261008T215503505222Z/report.csv;[];[];[]
drowsiness;tflite;a0775.raw;equal;2;2;2;1;20;ESP32/cnn_tflite_esp32/reports/20261008T215503505222Z/report.csv;[];[];[]
drowsiness;tflite;a0776.raw;equal;2;2;2;1;20;ESP32/cnn_tflite_esp32/reports/20261008T215503505222Z/report.csv;[];[];[]
drowsiness;tflite;a0777.raw;equal;2;2;2;1;20;ESP32/cnn_tflite_esp32/reports/20261008T215503505222Z/report.csv;[];[];[]
drowsiness;tflite;a0778.raw;equal;2;2;2;1;20;ESP32/cnn_tflite_esp32/reports/20261008T215503505222Z/report.csv;[];[];[]
drowsiness;tflite;a0779.raw;equal;2;2;2;1;20;ESP32/cnn_tflite_esp32/reports/20261008T215503505222Z/report.csv;[];[];[]
drowsiness;tflite;a0780.raw;equal;2;2;2;1;20;ESP32/cnn_tflite_esp32/reports/20261008T215503505222Z/report.csv;[];[];[]
drowsiness;tflite;a0781.raw;equal;2;2;2;1;20;ESP32/cnn_tflite_esp32/reports/20261008T215503505222Z/report.csv;[];[];[]
drowsiness;tflite;a0782.raw;equal;2;2;2;1;20;ESP32/cnn_tflite_esp32/reports/20261008T215503505222Z/report.csv;[];[];[]
drowsiness;tflite;a0783.raw;equal;2;2;2;1;20;ESP32/cnn_tflite_esp32/reports/20261008T215503505222Z/report.csv;[];[];[]
drowsiness;tflite;a0784.raw;equal;2;2;2;1;20;ESP32/cnn_tflite_esp32/reports/20261008T215503505222Z/report.csv;[];[];[]
drowsiness;tflite;a0785.raw;equal;2;2;2;1;20;ESP32/cnn_tflite_esp32/reports/20261008T215503505222Z/report.csv;[];[];[]
drowsiness;tflite;a0786.raw;equal;2;2;2;1;20;ESP32/cnn_tflite_esp32/reports/20261008T215503505222Z/report.csv;[];[];[]
drowsiness;tflite;a0787.raw;equal;2;2;2;1;20;ESP32/cnn_tflite_esp32/reports/20261008T215503505222Z/report.csv;[];[];[]
drowsiness;tflite;a0788.raw;equal;2;2;2;1;20;ESP32/cnn_tflite_esp32/reports/20261008T215503505222Z/report.csv;[];[];[]
drowsiness;tflite;a0789.raw;equal;2;2;2;1;20;ESP32/cnn_tflite_esp32/reports/20261008T215503505222Z/report.csv;[];[];[]
drowsiness;tflite;a0790.raw;equal;2;2;2;1;20;ESP32/cnn_tflite_esp32/reports/20261008T215503505222Z/report.csv;[];[];[]
drowsiness;tflite;a0791.raw;equal;2;2;2;1;20;ESP32/cnn_tflite_esp32/reports/20261008T215503505222Z/report.csv;[];[];[]
drowsiness;tflite;a0792.raw;equal;2;2;2;1;20;ESP32/cnn_tflite_esp32/reports/20261008T215503505222Z/report.csv;[];[];[]
drowsiness;tflite;a0793.raw;equal;2;2;2;1;20;ESP32/cnn_tflite_esp32/reports/20261008T215503505222Z/report.csv;[];[];[]
drowsiness;tflite;a0794.raw;equal;2;2;2;1;20;ESP32/cnn_tflite_esp32/reports/20261008T215503505222Z/report.csv;[];[];[]
drowsiness;tflite;a0795.raw;equal;2;2;2;1;20;ESP32/cnn_tflite_esp32/reports/20261008T215503505222Z/report.csv;[];[];[]
drowsiness;tflite;a0796.raw;equal;2;2;2;1;20;ESP32/cnn_tflite_esp32/reports/20261008T215503505222Z/report.csv;[];[];[]
drowsiness;tflite;a0797.raw;equal;2;2;2;1;20;ESP32/cnn_tflite_esp32/reports/20261008T215503505222Z/report.csv;[];[];[]
drowsiness;tflite;a0798.raw;equal;2;2;2;1;20;ESP32/cnn_tflite_esp32/reports/20261008T215503505222Z/report.csv;[];[];[]
drowsiness;tflite;a0799.raw;equal;2;2;2;1;20;ESP32/cnn_tflite_esp32/reports/20261008T215503505222Z/report.csv;[];[];[]
drowsiness;tflite;a0800.raw;equal;2;2;2;1;20;ESP32/cnn_tflite_esp32/reports/20261008T215503505222Z/report.csv;[];[];[]
drowsiness;tflite;a0801.raw;equal;2;2;2;1;20;ESP32/cnn_tflite_esp32/reports/20261008T215503505222Z/report.csv;[];[];[]
drowsiness;tflite;a0802.raw;equal;2;2;2;1;20;ESP32/cnn_tflite_esp32/reports/20261008T215503505222Z/report.csv;[];[];[]
drowsiness;tflite;a0803.raw;equal;2;2;2;1;20;ESP32/cnn_tflite_esp32/reports/20261008T215503505222Z/report.csv;[];[];[]
drowsiness;tflite;a0804.raw;equal;2;2;2;1;20;ESP32/cnn_tflite_esp32/reports/20261008T215503505222Z/report.csv;[];[];[]
drowsiness;tflite;a0805.raw;equal;2;2;2;1;20;ESP32/cnn_tflite_esp32/reports/20261008T215503505222Z/report.csv;[];[];[]
drowsiness;tflite;a0806.raw;equal;2;2;2;1;20;ESP32/cnn_tflite_esp32/reports/20261008T215503505222Z/report.csv;[];[];[]
drowsiness;tflite;a0807.raw;equal;2;2;2;1;20;ESP32/cnn_tflite_esp32/reports/20261008T215503505222Z/report.csv;[];[];[]
drowsiness;tflite;a0808.raw;equal;2;2;2;1;20;ESP32/cnn_tflite_esp32/reports/20261008T215503505222Z/report.csv;[];[];[]
drowsiness;tflite;a0809.raw;equal;2;2;2;1;20;ESP32/cnn_tflite_esp32/reports/20261008T215503505222Z/report.csv;[];[];[]
drowsiness;tflite;a0810.raw;equal;2;2;2;1;20;ESP32/cnn_tflite_esp32/reports/20261008T215503505222Z/report.csv;[];[];[]
drowsiness;tflite;a0811.raw;equal;2;2;2;1;20;ESP32/cnn_tflite_esp32/reports/20261008T215503505222Z/report.csv;[];[];[]
drowsiness;tflite;a0812.raw;equal;2;2;2;1;20;ESP32/cnn_tflite_esp32/reports/20261008T215503505222Z/report.csv;[];[];[]
drowsiness;tflite;a0813.raw;equal;2;2;2;1;20;ESP32/cnn_tflite_esp32/reports/20261008T215503505222Z/report.csv;[];[];[]
drowsiness;tflite;a0814.raw;equal;2;2;2;1;20;ESP32/cnn_tflite_esp32/reports/20261008T215503505222Z/report.csv;[];[];[]
drowsiness;tflite;a0815.raw;equal;2;2;2;1;20;ESP32/cnn_tflite_esp32/reports/20261008T215503505222Z/report.csv;[];[];[]
drowsiness;tflite;a0816.raw;equal;2;2;2;1;20;ESP32/cnn_tflite_esp32/reports/20261008T215503505222Z/report.csv;[];[];[]
drowsiness;tflite;a0817.raw;equal;2;2;2;1;20;ESP32/cnn_tflite_esp32/reports/20261008T215503505222Z/report.csv;[];[];[]
drowsiness;tflite;a0818.raw;equal;2;2;2;1;20;ESP32/cnn_tflite_esp32/reports/20261008T215503505222Z/report.csv;[];[];[]
drowsiness;tflite;a0819.raw;mode;9;12;12;2;20;ESP32/cnn_tflite_esp32/reports/20261008T215503505222Z/report.csv;[];[];[]
drowsiness;tflite;a0820.raw;equal;2;2;2;1;20;ESP32/cnn_tflite_esp32/reports/20261008T215503505222Z/report.csv;[];[];[]
drowsiness;tflite;a0821.raw;equal;2;2;2;1;20;ESP32/cnn_tflite_esp32/reports/20261008T215503505222Z/report.csv;[];[];[]
drowsiness;tflite;a0822.raw;equal;2;2;2;1;20;ESP32/cnn_tflite_esp32/reports/20261008T215503505222Z/report.csv;[];[];[]
drowsiness;tflite;a0823.raw;equal;2;2;2;1;20;ESP32/cnn_tflite_esp32/reports/20261008T215503505222Z/report.csv;[];[];[]
drowsiness;tflite;a0824.raw;equal;2;2;2;1;20;ESP32/cnn_tflite_esp32/reports/20261008T215503505222Z/report.csv;[];[];[]
drowsiness;tflite;a0825.raw;equal;2;2;2;1;20;ESP32/cnn_tflite_esp32/reports/20261008T215503505222Z/report.csv;[];[];[]
drowsiness;tflite;a0826.raw;equal;2;2;2;1;20;ESP32/cnn_tflite_esp32/reports/20261008T215503505222Z/report.csv;[];[];[]
drowsiness;tflite;a0827.raw;equal;2;2;2;1;20;ESP32/cnn_tflite_esp32/reports/20261008T215503505222Z/report.csv;[];[];[]
drowsiness;tflite;a0828.raw;equal;2;2;2;1;20;ESP32/cnn_tflite_esp32/reports/20261008T215503505222Z/report.csv;[];[];[]
drowsiness;tflite;a0829.raw;equal;2;2;2;1;20;ESP32/cnn_tflite_esp32/reports/20261008T215503505222Z/report.csv;[];[];[]
drowsiness;tflite;a0830.raw;equal;2;2;2;1;20;ESP32/cnn_tflite_esp32/reports/20261008T215503505222Z/report.csv;[];[];[]
drowsiness;tflite;a0831.raw;equal;2;2;2;1;20;ESP32/cnn_tflite_esp32/reports/20261008T215503505222Z/report.csv;[];[];[]
drowsiness;tflite;a0832.raw;equal;2;2;2;1;20;ESP32/cnn_tflite_esp32/reports/20261008T215503505222Z/report.csv;[];[];[]
drowsiness;tflite;a0833.raw;equal;2;2;2;1;20;ESP32/cnn_tflite_esp32/reports/20261008T215503505222Z/report.csv;[];[];[]
drowsiness;tflite;a0834.raw;equal;2;2;2;1;20;ESP32/cnn_tflite_esp32/reports/20261008T215503505222Z/report.csv;[];[];[]
drowsiness;tflite;a0835.raw;equal;2;2;2;1;20;ESP32/cnn_tflite_esp32/reports/20261008T215503505222Z/report.csv;[];[];[]
drowsiness;tflite;a0836.raw;equal;2;2;2;1;20;ESP32/cnn_tflite_esp32/reports/20261008T215503505222Z/report.csv;[];[];[]
drowsiness;tflite;a0837.raw;equal;2;2;2;1;20;ESP32/cnn_tflite_esp32/reports/20261008T215503505222Z/report.csv;[];[];[]
drowsiness;tflite;a0838.raw;equal;2;2;2;1;20;ESP32/cnn_tflite_esp32/reports/20261008T215503505222Z/report.csv;[];[];[]
drowsiness;tflite;a0839.raw;equal;2;2;2;1;20;ESP32/cnn_tflite_esp32/reports/20261008T215503505222Z/report.csv;[];[];[]
drowsiness;tflite;a0840.raw;equal;2;2;2;1;20;ESP32/cnn_tflite_esp32/reports/20261008T215503505222Z/report.csv;[];[];[]
drowsiness;tflite;a0841.raw;equal;2;2;2;1;20;ESP32/cnn_tflite_esp32/reports/20261008T215503505222Z/report.csv;[];[];[]
drowsiness;tflite;a0842.raw;equal;2;2;2;1;20;ESP32/cnn_tflite_esp32/reports/20261008T215503505222Z/report.csv;[];[];[]
drowsiness;tflite;a0843.raw;equal;2;2;2;1;20;ESP32/cnn_tflite_esp32/reports/20261008T215503505222Z/report.csv;[];[];[]
drowsiness;tflite;a0844.raw;equal;2;2;2;1;20;ESP32/cnn_tflite_esp32/reports/20261008T215503505222Z/report.csv;[];[];[]
drowsiness;tflite;a0845.raw;equal;2;2;2;1;20;ESP32/cnn_tflite_esp32/reports/20261008T215503505222Z/report.csv;[];[];[]
drowsiness;tflite;a0846.raw;equal;2;2;2;1;20;ESP32/cnn_tflite_esp32/reports/20261008T215503505222Z/report.csv;[];[];[]
drowsiness;tflite;a0847.raw;equal;2;2;2;1;20;ESP32/cnn_tflite_esp32/reports/20261008T215503505222Z/report.csv;[];[];[]
drowsiness;tflite;a0848.raw;equal;2;2;2;1;20;ESP32/cnn_tflite_esp32/reports/20261008T215503505222Z/report.csv;[];[];[]
drowsiness;tflite;a0849.raw;equal;2;2;2;1;20;ESP32/cnn_tflite_esp32/reports/20261008T215503505222Z/report.csv;[];[];[]
drowsiness;tflite;a0850.raw;equal;2;2;2;1;20;ESP32/cnn_tflite_esp32/reports/20261008T215503505222Z/report.csv;[];[];[]
drowsiness;tflite;a0851.raw;equal;2;2;2;1;20;ESP32/cnn_tflite_esp32/reports/20261008T215503505222Z/report.csv;[];[];[]
drowsiness;tflite;a0852.raw;equal;2;2;2;1;20;ESP32/cnn_tflite_esp32/reports/20261008T215503505222Z/report.csv;[];[];[]
drowsiness;tflite;a0853.raw;equal;2;2;2;1;20;ESP32/cnn_tflite_esp32/reports/20261008T215503505222Z/report.csv;[];[];[]
drowsiness;tflite;a0854.raw;equal;2;2;2;1;20;ESP32/cnn_tflite_esp32/reports/20261008T215503505222Z/report.csv;[];[];[]
drowsiness;tflite;a0855.raw;equal;2;2;2;1;20;ESP32/cnn_tflite_esp32/reports/20261008T215503505222Z/report.csv;[];[];[]
drowsiness;tflite;a0856.raw;equal;2;2;2;1;20;ESP32/cnn_tflite_esp32/reports/20261008T215503505222Z/report.csv;[];[];[]
drowsiness;tflite;a0857.raw;equal;2;2;2;1;20;ESP32/cnn_tflite_esp32/reports/20261008T215503505222Z/report.csv;[];[];[]
drowsiness;tflite;a0858.raw;equal;2;2;2;1;20;ESP32/cnn_tflite_esp32/reports/20261008T215503505222Z/report.csv;[];[];[]
drowsiness;tflite;a0859.raw;equal;2;2;2;1;20;ESP32/cnn_tflite_esp32/reports/20261008T215503505222Z/report.csv;[];[];[]
drowsiness;tflite;a0860.raw;equal;2;2;2;1;20;ESP32/cnn_tflite_esp32/reports/20261008T215503505222Z/report.csv;[];[];[]
drowsiness;tflite;a0861.raw;equal;2;2;2;1;20;ESP32/cnn_tflite_esp32/reports/20261008T215503505222Z/report.csv;[];[];[]
drowsiness;tflite;a0862.raw;equal;2;2;2;1;20;ESP32/cnn_tflite_esp32/reports/20261008T215503505222Z/report.csv;[];[];[]
drowsiness;tflite;a0863.raw;equal;2;2;2;1;20;ESP32/cnn_tflite_esp32/reports/20261008T215503505222Z/report.csv;[];[];[]
drowsiness;tflite;a0864.raw;equal;2;2;2;1;20;ESP32/cnn_tflite_esp32/reports/20261008T215503505222Z/report.csv;[];[];[]
drowsiness;tflite;a0865.raw;equal;2;2;2;1;20;ESP32/cnn_tflite_esp32/reports/20261008T215503505222Z/report.csv;[];[];[]
drowsiness;tflite;a0866.raw;equal;2;2;2;1;20;ESP32/cnn_tflite_esp32/reports/20261008T215503505222Z/report.csv;[];[];[]
drowsiness;tflite;a0867.raw;equal;2;2;2;1;20;ESP32/cnn_tflite_esp32/reports/20261008T215503505222Z/report.csv;[];[];[]
drowsiness;tflite;a0868.raw;equal;2;2;2;1;20;ESP32/cnn_tflite_esp32/reports/20261008T215503505222Z/report.csv;[];[];[]
drowsiness;tflite;a0869.raw;equal;2;2;2;1;20;ESP32/cnn_tflite_esp32/reports/20261008T215503505222Z/report.csv;[];[];[]
drowsiness;tflite;a0870.raw;equal;2;2;2;1;20;ESP32/cnn_tflite_esp32/reports/20261008T215503505222Z/report.csv;[];[];[]
drowsiness;tflite;a0871.raw;equal;2;2;2;1;20;ESP32/cnn_tflite_esp32/reports/20261008T215503505222Z/report.csv;[];[];[]
drowsiness;tflite;a0872.raw;equal;2;2;2;1;20;ESP32/cnn_tflite_esp32/reports/20261008T215503505222Z/report.csv;[];[];[]
drowsiness;tflite;a0873.raw;equal;2;2;2;1;20;ESP32/cnn_tflite_esp32/reports/20261008T215503505222Z/report.csv;[];[];[]
drowsiness;tflite;a0874.raw;equal;2;2;2;1;20;ESP32/cnn_tflite_esp32/reports/20261008T215503505222Z/report.csv;[];[];[]
drowsiness;tflite;a0875.raw;equal;2;2;2;1;20;ESP32/cnn_tflite_esp32/reports/20261008T215503505222Z/report.csv;[];[];[]
drowsiness;tflite;a0876.raw;equal;2;2;2;1;20;ESP32/cnn_tflite_esp32/reports/20261008T215503505222Z/report.csv;[];[];[]
drowsiness;tflite;a0877.raw;equal;2;2;2;1;20;ESP32/cnn_tflite_esp32/reports/20261008T215503505222Z/report.csv;[];[];[]
drowsiness;tflite;a0878.raw;equal;2;2;2;1;20;ESP32/cnn_tflite_esp32/reports/20261008T215503505222Z/report.csv;[];[];[]
drowsiness;tflite;a0879.raw;equal;2;2;2;1;20;ESP32/cnn_tflite_esp32/reports/20261008T215503505222Z/report.csv;[];[];[]
drowsiness;tflite;a0880.raw;equal;2;2;2;1;20;ESP32/cnn_tflite_esp32/reports/20261008T215503505222Z/report.csv;[];[];[]
drowsiness;tflite;a0881.raw;equal;2;2;2;1;20;ESP32/cnn_tflite_esp32/reports/20261008T215503505222Z/report.csv;[];[];[]
drowsiness;tflite;a0882.raw;equal;2;2;2;1;20;ESP32/cnn_tflite_esp32/reports/20261008T215503505222Z/report.csv;[];[];[]
drowsiness;tflite;a0883.raw;equal;2;2;2;1;20;ESP32/cnn_tflite_esp32/reports/20261008T215503505222Z/report.csv;[];[];[]
drowsiness;tflite;a0884.raw;equal;2;2;2;1;20;ESP32/cnn_tflite_esp32/reports/20261008T215503505222Z/report.csv;[];[];[]
drowsiness;tflite;a0885.raw;equal;2;2;2;1;20;ESP32/cnn_tflite_esp32/reports/20261008T215503505222Z/report.csv;[];[];[]
drowsiness;tflite;a0886.raw;equal;2;2;2;1;20;ESP32/cnn_tflite_esp32/reports/20261008T215503505222Z/report.csv;[];[];[]
drowsiness;tflite;a0887.raw;equal;2;2;2;1;20;ESP32/cnn_tflite_esp32/reports/20261008T215503505222Z/report.csv;[];[];[]
drowsiness;tflite;a0888.raw;equal;2;2;2;1;20;ESP32/cnn_tflite_esp32/reports/20261008T215503505222Z/report.csv;[];[];[]
drowsiness;tflite;a0889.raw;mode;10;12;12;3;23;ESP32/cnn_tflite_esp32/reports/20261009T120557541292Z/report.csv;[];[];[]
drowsiness;tflite;a0890.raw;equal;2;2;2;1;20;ESP32/cnn_tflite_esp32/reports/20261008T215503505222Z/report.csv;[];[];[]
drowsiness;tflite;a0891.raw;equal;2;2;2;1;20;ESP32/cnn_tflite_esp32/reports/20261008T215503505222Z/report.csv;[];[];[]
drowsiness;tflite;a0892.raw;equal;2;2;2;1;20;ESP32/cnn_tflite_esp32/reports/20261008T215503505222Z/report.csv;[];[];[]
drowsiness;tflite;a0893.raw;equal;2;2;2;1;20;ESP32/cnn_tflite_esp32/reports/20261008T215503505222Z/report.csv;[];[];[]
drowsiness;tflite;a0894.raw;equal;2;2;2;1;20;ESP32/cnn_tflite_esp32/reports/20261008T215503505222Z/report.csv;[];[];[]
drowsiness;tflite;a0895.raw;equal;2;2;2;1;20;ESP32/cnn_tflite_esp32/reports/20261008T215503505222Z/report.csv;[];[];[]
drowsiness;tflite;a0896.raw;equal;2;2;2;1;20;ESP32/cnn_tflite_esp32/reports/20261008T215503505222Z/report.csv;[];[];[]
drowsiness;tflite;a0897.raw;equal;2;2;2;1;20;ESP32/cnn_tflite_esp32/reports/20261008T215503505222Z/report.csv;[];[];[]
drowsiness;tflite;a0898.raw;equal;2;2;2;1;20;ESP32/cnn_tflite_esp32/reports/20261008T215503505222Z/report.csv;[];[];[]
drowsiness;tflite;a0899.raw;equal;2;2;2;1;20;ESP32/cnn_tflite_esp32/reports/20261008T215503505222Z/report.csv;[];[];[]
drowsiness;tflite;a0900.raw;equal;2;2;2;1;20;ESP32/cnn_tflite_esp32/reports/20261008T215503505222Z/report.csv;[];[];[]
drowsiness;tflite;a0901.raw;equal;2;2;2;1;20;ESP32/cnn_tflite_esp32/reports/20261008T215503505222Z/report.csv;[];[];[]
drowsiness;tflite;a0902.raw;equal;2;2;2;1;20;ESP32/cnn_tflite_esp32/reports/20261008T215503505222Z/report.csv;[];[];[]
drowsiness;tflite;a0903.raw;equal;2;2;2;1;20;ESP32/cnn_tflite_esp32/reports/20261008T215503505222Z/report.csv;[];[];[]
drowsiness;tflite;a0904.raw;equal;2;2;2;1;20;ESP32/cnn_tflite_esp32/reports/20261008T215503505222Z/report.csv;[];[];[]
drowsiness;tflite;a0905.raw;equal;2;2;2;1;20;ESP32/cnn_tflite_esp32/reports/20261008T215503505222Z/report.csv;[];[];[]
drowsiness;tflite;a0906.raw;equal;2;2;2;1;20;ESP32/cnn_tflite_esp32/reports/20261008T215503505222Z/report.csv;[];[];[]
drowsiness;tflite;a0907.raw;equal;2;2;2;1;20;ESP32/cnn_tflite_esp32/reports/20261008T215503505222Z/report.csv;[];[];[]
drowsiness;tflite;a0908.raw;equal;2;2;2;1;20;ESP32/cnn_tflite_esp32/reports/20261008T215503505222Z/report.csv;[];[];[]
drowsiness;tflite;a0909.raw;equal;2;2;2;1;20;ESP32/cnn_tflite_esp32/reports/20261008T215503505222Z/report.csv;[];[];[]
drowsiness;tflite;a0910.raw;equal;2;2;2;1;20;ESP32/cnn_tflite_esp32/reports/20261008T215503505222Z/report.csv;[];[];[]
drowsiness;tflite;a0911.raw;equal;2;2;2;1;20;ESP32/cnn_tflite_esp32/reports/20261008T215503505222Z/report.csv;[];[];[]
drowsiness;tflite;a0912.raw;equal;2;2;2;1;20;ESP32/cnn_tflite_esp32/reports/20261008T215503505222Z/report.csv;[];[];[]
drowsiness;tflite;a0913.raw;equal;2;2;2;1;20;ESP32/cnn_tflite_esp32/reports/20261008T215503505222Z/report.csv;[];[];[]
drowsiness;tflite;a0914.raw;equal;2;2;2;1;20;ESP32/cnn_tflite_esp32/reports/20261008T215503505222Z/report.csv;[];[];[]
drowsiness;tflite;a0915.raw;equal;2;2;2;1;20;ESP32/cnn_tflite_esp32/reports/20261008T215503505222Z/report.csv;[];[];[]
drowsiness;tflite;a0916.raw;equal;2;2;2;1;20;ESP32/cnn_tflite_esp32/reports/20261008T215503505222Z/report.csv;[];[];[]
drowsiness;tflite;a0917.raw;equal;2;2;2;1;20;ESP32/cnn_tflite_esp32/reports/20261008T215503505222Z/report.csv;[];[];[]
drowsiness;tflite;a0918.raw;equal;2;2;2;1;20;ESP32/cnn_tflite_esp32/reports/20261008T215503505222Z/report.csv;[];[];[]
drowsiness;tflite;a0919.raw;equal;2;2;2;1;20;ESP32/cnn_tflite_esp32/reports/20261008T215503505222Z/report.csv;[];[];[]
drowsiness;tflite;a0920.raw;equal;2;2;2;1;20;ESP32/cnn_tflite_esp32/reports/20261008T215503505222Z/report.csv;[];[];[]
drowsiness;tflite;a0921.raw;equal;2;2;2;1;20;ESP32/cnn_tflite_esp32/reports/20261008T215503505222Z/report.csv;[];[];[]
drowsiness;tflite;a0922.raw;equal;2;2;2;1;20;ESP32/cnn_tflite_esp32/reports/20261008T215503505222Z/report.csv;[];[];[]
drowsiness;tflite;a0923.raw;equal;2;2;2;1;20;ESP32/cnn_tflite_esp32/reports/20261008T215503505222Z/report.csv;[];[];[]
drowsiness;tflite;a0924.raw;equal;2;2;2;1;20;ESP32/cnn_tflite_esp32/reports/20261008T215503505222Z/report.csv;[];[];[]
drowsiness;tflite;a0925.raw;equal;2;2;2;1;20;ESP32/cnn_tflite_esp32/reports/20261008T215503505222Z/report.csv;[];[];[]
drowsiness;tflite;a0926.raw;equal;2;2;2;1;20;ESP32/cnn_tflite_esp32/reports/20261008T215503505222Z/report.csv;[];[];[]
drowsiness;tflite;a0927.raw;equal;2;2;2;1;20;ESP32/cnn_tflite_esp32/reports/20261008T215503505222Z/report.csv;[];[];[]
drowsiness;tflite;a0928.raw;equal;2;2;2;1;20;ESP32/cnn_tflite_esp32/reports/20261008T215503505222Z/report.csv;[];[];[]
drowsiness;tflite;a0929.raw;equal;2;2;2;1;20;ESP32/cnn_tflite_esp32/reports/20261008T215503505222Z/report.csv;[];[];[]
drowsiness;tflite;a0930.raw;equal;2;2;2;1;20;ESP32/cnn_tflite_esp32/reports/20261008T215503505222Z/report.csv;[];[];[]
drowsiness;tflite;a0931.raw;equal;2;2;2;1;20;ESP32/cnn_tflite_esp32/reports/20261008T215503505222Z/report.csv;[];[];[]
drowsiness;tflite;a0932.raw;equal;2;2;2;1;20;ESP32/cnn_tflite_esp32/reports/20261008T215503505222Z/report.csv;[];[];[]
drowsiness;tflite;a0933.raw;equal;2;2;2;1;20;ESP32/cnn_tflite_esp32/reports/20261008T215503505222Z/report.csv;[];[];[]
drowsiness;tflite;a0934.raw;equal;2;2;2;1;20;ESP32/cnn_tflite_esp32/reports/20261008T215503505222Z/report.csv;[];[];[]
drowsiness;tflite;a0935.raw;equal;2;2;2;1;20;ESP32/cnn_tflite_esp32/reports/20261008T215503505222Z/report.csv;[];[];[]
drowsiness;tflite;a0936.raw;equal;2;2;2;1;20;ESP32/cnn_tflite_esp32/reports/20261008T215503505222Z/report.csv;[];[];[]
drowsiness;tflite;a0937.raw;equal;2;2;2;1;20;ESP32/cnn_tflite_esp32/reports/20261008T215503505222Z/report.csv;[];[];[]
drowsiness;tflite;a0938.raw;equal;2;2;2;1;20;ESP32/cnn_tflite_esp32/reports/20261008T215503505222Z/report.csv;[];[];[]
drowsiness;tflite;a0939.raw;equal;2;2;2;1;20;ESP32/cnn_tflite_esp32/reports/20261008T215503505222Z/report.csv;[];[];[]
drowsiness;tflite;a0940.raw;equal;2;2;2;1;20;ESP32/cnn_tflite_esp32/reports/20261008T215503505222Z/report.csv;[];[];[]
drowsiness;tflite;a0941.raw;equal;2;2;2;1;20;ESP32/cnn_tflite_esp32/reports/20261008T215503505222Z/report.csv;[];[];[]
drowsiness;tflite;a0942.raw;equal;2;2;2;1;20;ESP32/cnn_tflite_esp32/reports/20261008T215503505222Z/report.csv;[];[];[]
drowsiness;tflite;a0943.raw;equal;2;2;2;1;20;ESP32/cnn_tflite_esp32/reports/20261008T215503505222Z/report.csv;[];[];[]
drowsiness;tflite;a0944.raw;equal;2;2;2;1;20;ESP32/cnn_tflite_esp32/reports/20261008T215503505222Z/report.csv;[];[];[]
drowsiness;tflite;a0945.raw;equal;2;2;2;1;20;ESP32/cnn_tflite_esp32/reports/20261008T215503505222Z/report.csv;[];[];[]
drowsiness;tflite;a0946.raw;equal;2;2;2;1;20;ESP32/cnn_tflite_esp32/reports/20261008T215503505222Z/report.csv;[];[];[]
drowsiness;tflite;a0947.raw;equal;2;2;2;1;20;ESP32/cnn_tflite_esp32/reports/20261008T215503505222Z/report.csv;[];[];[]
drowsiness;tflite;a0948.raw;equal;2;2;2;1;20;ESP32/cnn_tflite_esp32/reports/20261008T215503505222Z/report.csv;[];[];[]
drowsiness;tflite;a0949.raw;equal;2;2;2;1;20;ESP32/cnn_tflite_esp32/reports/20261008T215503505222Z/report.csv;[];[];[]
drowsiness;tflite;a0950.raw;equal;2;2;2;1;20;ESP32/cnn_tflite_esp32/reports/20261008T215503505222Z/report.csv;[];[];[]
drowsiness;tflite;a0951.raw;equal;2;2;2;1;20;ESP32/cnn_tflite_esp32/reports/20261008T215503505222Z/report.csv;[];[];[]
drowsiness;tflite;a0952.raw;equal;2;2;2;1;20;ESP32/cnn_tflite_esp32/reports/20261008T215503505222Z/report.csv;[];[];[]
drowsiness;tflite;a0953.raw;equal;2;2;2;1;20;ESP32/cnn_tflite_esp32/reports/20261008T215503505222Z/report.csv;[];[];[]
drowsiness;tflite;a0954.raw;equal;2;2;2;1;20;ESP32/cnn_tflite_esp32/reports/20261008T215503505222Z/report.csv;[];[];[]
drowsiness;tflite;a0955.raw;equal;2;2;2;1;20;ESP32/cnn_tflite_esp32/reports/20261008T215503505222Z/report.csv;[];[];[]
drowsiness;tflite;a0956.raw;equal;2;2;2;1;20;ESP32/cnn_tflite_esp32/reports/20261008T215503505222Z/report.csv;[];[];[]
drowsiness;tflite;a0957.raw;equal;2;2;2;1;20;ESP32/cnn_tflite_esp32/reports/20261008T215503505222Z/report.csv;[];[];[]
drowsiness;tflite;a0958.raw;equal;2;2;2;1;20;ESP32/cnn_tflite_esp32/reports/20261008T215503505222Z/report.csv;[];[];[]
drowsiness;tflite;a0959.raw;equal;2;2;2;1;20;ESP32/cnn_tflite_esp32/reports/20261008T215503505222Z/report.csv;[];[];[]
drowsiness;tflite;a0960.raw;equal;2;2;2;1;20;ESP32/cnn_tflite_esp32/reports/20261008T215503505222Z/report.csv;[];[];[]
drowsiness;tflite;a0961.raw;equal;2;2;2;1;20;ESP32/cnn_tflite_esp32/reports/20261008T215503505222Z/report.csv;[];[];[]
drowsiness;tflite;a0962.raw;equal;2;2;2;1;20;ESP32/cnn_tflite_esp32/reports/20261008T215503505222Z/report.csv;[];[];[]
drowsiness;tflite;a0963.raw;equal;2;2;2;1;20;ESP32/cnn_tflite_esp32/reports/20261008T215503505222Z/report.csv;[];[];[]
drowsiness;tflite;a0964.raw;equal;2;2;2;1;20;ESP32/cnn_tflite_esp32/reports/20261008T215503505222Z/report.csv;[];[];[]
drowsiness;tflite;a0965.raw;equal;2;2;2;1;20;ESP32/cnn_tflite_esp32/reports/20261008T215503505222Z/report.csv;[];[];[]
drowsiness;tflite;a0966.raw;equal;2;2;2;1;20;ESP32/cnn_tflite_esp32/reports/20261008T215503505222Z/report.csv;[];[];[]
drowsiness;tflite;a0967.raw;equal;2;2;2;1;20;ESP32/cnn_tflite_esp32/reports/20261008T215503505222Z/report.csv;[];[];[]
drowsiness;tflite;a0968.raw;equal;2;2;2;1;20;ESP32/cnn_tflite_esp32/reports/20261008T215503505222Z/report.csv;[];[];[]
drowsiness;tflite;a0969.raw;equal;2;2;2;1;20;ESP32/cnn_tflite_esp32/reports/20261008T215503505222Z/report.csv;[];[];[]
drowsiness;tflite;a0970.raw;equal;2;2;2;1;20;ESP32/cnn_tflite_esp32/reports/20261008T215503505222Z/report.csv;[];[];[]
drowsiness;tflite;a0971.raw;equal;2;2;2;1;20;ESP32/cnn_tflite_esp32/reports/20261008T215503505222Z/report.csv;[];[];[]
drowsiness;tflite;a0972.raw;equal;2;2;2;1;20;ESP32/cnn_tflite_esp32/reports/20261008T215503505222Z/report.csv;[];[];[]
drowsiness;tflite;a0973.raw;equal;2;2;2;1;20;ESP32/cnn_tflite_esp32/reports/20261008T215503505222Z/report.csv;[];[];[]
drowsiness;tflite;a0974.raw;equal;2;2;2;1;20;ESP32/cnn_tflite_esp32/reports/20261008T215503505222Z/report.csv;[];[];[]
drowsiness;tflite;a0975.raw;equal;2;2;2;1;20;ESP32/cnn_tflite_esp32/reports/20261008T215503505222Z/report.csv;[];[];[]
drowsiness;tflite;a0976.raw;equal;2;2;2;1;20;ESP32/cnn_tflite_esp32/reports/20261008T215503505222Z/report.csv;[];[];[]
drowsiness;tflite;a0977.raw;equal;2;2;2;1;20;ESP32/cnn_tflite_esp32/reports/20261008T215503505222Z/report.csv;[];[];[]
drowsiness;tflite;a0978.raw;equal;2;2;2;1;20;ESP32/cnn_tflite_esp32/reports/20261008T215503505222Z/report.csv;[];[];[]
drowsiness;tflite;a0979.raw;equal;2;2;2;1;20;ESP32/cnn_tflite_esp32/reports/20261008T215503505222Z/report.csv;[];[];[]
drowsiness;tflite;a0980.raw;equal;2;2;2;1;20;ESP32/cnn_tflite_esp32/reports/20261008T215503505222Z/report.csv;[];[];[]
drowsiness;tflite;a0981.raw;equal;2;2;2;1;20;ESP32/cnn_tflite_esp32/reports/20261008T215503505222Z/report.csv;[];[];[]
drowsiness;tflite;a0982.raw;equal;2;2;2;1;20;ESP32/cnn_tflite_esp32/reports/20261008T215503505222Z/report.csv;[];[];[]
drowsiness;tflite;a0983.raw;equal;2;2;2;1;20;ESP32/cnn_tflite_esp32/reports/20261008T215503505222Z/report.csv;[];[];[]
drowsiness;tflite;a0984.raw;equal;2;2;2;1;20;ESP32/cnn_tflite_esp32/reports/20261008T215503505222Z/report.csv;[];[];[]
drowsiness;tflite;a0985.raw;equal;2;2;2;1;20;ESP32/cnn_tflite_esp32/reports/20261008T215503505222Z/report.csv;[];[];[]
drowsiness;tflite;a0986.raw;equal;2;2;2;1;20;ESP32/cnn_tflite_esp32/reports/20261008T215503505222Z/report.csv;[];[];[]
drowsiness;tflite;a0987.raw;equal;2;2;2;1;20;ESP32/cnn_tflite_esp32/reports/20261008T215503505222Z/report.csv;[];[];[]
drowsiness;tflite;a0988.raw;equal;2;2;2;1;20;ESP32/cnn_tflite_esp32/reports/20261008T215503505222Z/report.csv;[];[];[]
drowsiness;tflite;a0989.raw;equal;2;2;2;1;20;ESP32/cnn_tflite_esp32/reports/20261008T215503505222Z/report.csv;[];[];[]
drowsiness;tflite;a0990.raw;equal;2;2;2;1;20;ESP32/cnn_tflite_esp32/reports/20261008T215503505222Z/report.csv;[];[];[]
drowsiness;tflite;a0991.raw;equal;2;2;2;1;20;ESP32/cnn_tflite_esp32/reports/20261008T215503505222Z/report.csv;[];[];[]
drowsiness;tflite;a0992.raw;equal;2;2;2;1;20;ESP32/cnn_tflite_esp32/reports/20261008T215503505222Z/report.csv;[];[];[]
drowsiness;tflite;a0993.raw;equal;2;2;2;1;20;ESP32/cnn_tflite_esp32/reports/20261008T215503505222Z/report.csv;[];[];[]
drowsiness;tflite;a0994.raw;equal;2;2;2;1;20;ESP32/cnn_tflite_esp32/reports/20261008T215503505222Z/report.csv;[];[];[]
drowsiness;tflite;a0995.raw;equal;2;2;2;1;20;ESP32/cnn_tflite_esp32/reports/20261008T215503505222Z/report.csv;[];[];[]
drowsiness;tflite;a0996.raw;equal;2;2;2;1;20;ESP32/cnn_tflite_esp32/reports/20261008T215503505222Z/report.csv;[];[];[]
drowsiness;tflite;a0997.raw;equal;2;2;2;1;20;ESP32/cnn_tflite_esp32/reports/20261008T215503505222Z/report.csv;[];[];[]
drowsiness;tflite;a0998.raw;equal;2;2;2;1;20;ESP32/cnn_tflite_esp32/reports/20261008T215503505222Z/report.csv;[];[];[]
drowsiness;tflite;a0999.raw;equal;2;2;2;1;20;ESP32/cnn_tflite_esp32/reports/20261008T215503505222Z/report.csv;[];[];[]
drowsiness;tflite;a1000.raw;equal;2;2;2;1;20;ESP32/cnn_tflite_esp32/reports/20261008T215503505222Z/report.csv;[];[];[]
drowsiness;tflite;a1001.raw;equal;2;2;2;1;20;ESP32/cnn_tflite_esp32/reports/20261008T215503505222Z/report.csv;[];[];[]
drowsiness;tflite;a1002.raw;equal;2;2;2;1;20;ESP32/cnn_tflite_esp32/reports/20261008T215503505222Z/report.csv;[];[];[]
drowsiness;tflite;a1003.raw;equal;2;2;2;1;20;ESP32/cnn_tflite_esp32/reports/20261008T215503505222Z/report.csv;[];[];[]
drowsiness;tflite;a1004.raw;equal;2;2;2;1;20;ESP32/cnn_tflite_esp32/reports/20261008T215503505222Z/report.csv;[];[];[]
drowsiness;tflite;a1005.raw;equal;2;2;2;1;20;ESP32/cnn_tflite_esp32/reports/20261008T215503505222Z/report.csv;[];[];[]
drowsiness;tflite;a1006.raw;equal;2;2;2;1;20;ESP32/cnn_tflite_esp32/reports/20261008T215503505222Z/report.csv;[];[];[]
drowsiness;tflite;a1007.raw;equal;2;2;2;1;20;ESP32/cnn_tflite_esp32/reports/20261008T215503505222Z/report.csv;[];[];[]
drowsiness;tflite;a1008.raw;equal;2;2;2;1;20;ESP32/cnn_tflite_esp32/reports/20261008T215503505222Z/report.csv;[];[];[]
drowsiness;wasm;A0001.raw;equal;2;2;2;1;21;ESP32/cnn_webassembly_esp32/reports/20261009T030249020912Z/report.csv;[];[];[]
drowsiness;wasm;A0002.raw;equal;2;2;2;1;21;ESP32/cnn_webassembly_esp32/reports/20261009T030249020912Z/report.csv;[];[];[]
drowsiness;wasm;A0003.raw;equal;2;2;2;1;21;ESP32/cnn_webassembly_esp32/reports/20261009T030249020912Z/report.csv;[];[];[]
drowsiness;wasm;A0004.raw;equal;2;2;2;1;21;ESP32/cnn_webassembly_esp32/reports/20261009T030249020912Z/report.csv;[];[];[]
drowsiness;wasm;A0005.raw;equal;2;2;2;1;21;ESP32/cnn_webassembly_esp32/reports/20261009T030249020912Z/report.csv;[];[];[]
drowsiness;wasm;A0006.raw;equal;2;2;2;1;21;ESP32/cnn_webassembly_esp32/reports/20261009T030249020912Z/report.csv;[];[];[]
drowsiness;wasm;A0007.raw;equal;2;2;2;1;21;ESP32/cnn_webassembly_esp32/reports/20261009T030249020912Z/report.csv;[];[];[]
drowsiness;wasm;A0008.raw;equal;2;2;2;1;21;ESP32/cnn_webassembly_esp32/reports/20261009T030249020912Z/report.csv;[];[];[]
drowsiness;wasm;A0009.raw;equal;2;2;2;1;21;ESP32/cnn_webassembly_esp32/reports/20261009T030249020912Z/report.csv;[];[];[]
drowsiness;wasm;A0010.raw;equal;2;2;2;1;21;ESP32/cnn_webassembly_esp32/reports/20261009T030249020912Z/report.csv;[];[];[]
drowsiness;wasm;A0011.raw;equal;2;2;2;1;21;ESP32/cnn_webassembly_esp32/reports/20261009T030249020912Z/report.csv;[];[];[]
drowsiness;wasm;A0012.raw;equal;2;2;2;1;21;ESP32/cnn_webassembly_esp32/reports/20261009T030249020912Z/report.csv;[];[];[]
drowsiness;wasm;A0013.raw;equal;2;2;2;1;21;ESP32/cnn_webassembly_esp32/reports/20261009T030249020912Z/report.csv;[];[];[]
drowsiness;wasm;A0014.raw;equal;2;2;2;1;21;ESP32/cnn_webassembly_esp32/reports/20261009T030249020912Z/report.csv;[];[];[]
drowsiness;wasm;A0015.raw;equal;2;2;2;1;21;ESP32/cnn_webassembly_esp32/reports/20261009T030249020912Z/report.csv;[];[];[]
drowsiness;wasm;A0016.raw;equal;2;2;2;1;21;ESP32/cnn_webassembly_esp32/reports/20261009T030249020912Z/report.csv;[];[];[]
drowsiness;wasm;A0017.raw;equal;2;2;2;1;21;ESP32/cnn_webassembly_esp32/reports/20261009T030249020912Z/report.csv;[];[];[]
drowsiness;wasm;A0018.raw;equal;2;2;2;1;21;ESP32/cnn_webassembly_esp32/reports/20261009T030249020912Z/report.csv;[];[];[]
drowsiness;wasm;A0019.raw;equal;2;2;2;1;21;ESP32/cnn_webassembly_esp32/reports/20261009T030249020912Z/report.csv;[];[];[]
drowsiness;wasm;A0020.raw;equal;2;2;2;1;21;ESP32/cnn_webassembly_esp32/reports/20261009T030249020912Z/report.csv;[];[];[]
drowsiness;wasm;A0021.raw;equal;2;2;2;1;21;ESP32/cnn_webassembly_esp32/reports/20261009T030249020912Z/report.csv;[];[];[]
drowsiness;wasm;A0022.raw;equal;2;2;2;1;21;ESP32/cnn_webassembly_esp32/reports/20261009T030249020912Z/report.csv;[];[];[]
drowsiness;wasm;A0023.raw;equal;2;2;2;1;21;ESP32/cnn_webassembly_esp32/reports/20261009T030249020912Z/report.csv;[];[];[]
drowsiness;wasm;A0024.raw;equal;2;2;2;1;21;ESP32/cnn_webassembly_esp32/reports/20261009T030249020912Z/report.csv;[];[];[]
drowsiness;wasm;A0025.raw;equal;2;2;2;1;21;ESP32/cnn_webassembly_esp32/reports/20261009T030249020912Z/report.csv;[];[];[]
drowsiness;wasm;A0026.raw;equal;2;2;2;1;21;ESP32/cnn_webassembly_esp32/reports/20261009T030249020912Z/report.csv;[];[];[]
drowsiness;wasm;A0027.raw;equal;2;2;2;1;21;ESP32/cnn_webassembly_esp32/reports/20261009T030249020912Z/report.csv;[];[];[]
drowsiness;wasm;A0028.raw;equal;2;2;2;1;21;ESP32/cnn_webassembly_esp32/reports/20261009T030249020912Z/report.csv;[];[];[]
drowsiness;wasm;A0029.raw;equal;2;2;2;1;21;ESP32/cnn_webassembly_esp32/reports/20261009T030249020912Z/report.csv;[];[];[]
drowsiness;wasm;A0030.raw;equal;2;2;2;1;21;ESP32/cnn_webassembly_esp32/reports/20261009T030249020912Z/report.csv;[];[];[]
drowsiness;wasm;A0031.raw;equal;2;2;2;1;21;ESP32/cnn_webassembly_esp32/reports/20261009T030249020912Z/report.csv;[];[];[]
drowsiness;wasm;A0032.raw;equal;2;2;2;1;21;ESP32/cnn_webassembly_esp32/reports/20261009T030249020912Z/report.csv;[];[];[]
drowsiness;wasm;A0033.raw;equal;2;2;2;1;21;ESP32/cnn_webassembly_esp32/reports/20261009T030249020912Z/report.csv;[];[];[]
drowsiness;wasm;A0034.raw;equal;2;2;2;1;21;ESP32/cnn_webassembly_esp32/reports/20261009T030249020912Z/report.csv;[];[];[]
drowsiness;wasm;A0035.raw;equal;2;2;2;1;21;ESP32/cnn_webassembly_esp32/reports/20261009T030249020912Z/report.csv;[];[];[]
drowsiness;wasm;A0036.raw;equal;2;2;2;1;21;ESP32/cnn_webassembly_esp32/reports/20261009T030249020912Z/report.csv;[];[];[]
drowsiness;wasm;A0037.raw;equal;2;2;2;1;21;ESP32/cnn_webassembly_esp32/reports/20261009T030249020912Z/report.csv;[];[];[]
drowsiness;wasm;A0038.raw;equal;2;2;2;1;21;ESP32/cnn_webassembly_esp32/reports/20261009T030249020912Z/report.csv;[];[];[]
drowsiness;wasm;A0039.raw;equal;2;2;2;1;21;ESP32/cnn_webassembly_esp32/reports/20261009T030249020912Z/report.csv;[];[];[]
drowsiness;wasm;A0040.raw;equal;2;2;2;1;21;ESP32/cnn_webassembly_esp32/reports/20261009T030249020912Z/report.csv;[];[];[]
drowsiness;wasm;A0041.raw;equal;2;2;2;1;21;ESP32/cnn_webassembly_esp32/reports/20261009T030249020912Z/report.csv;[];[];[]
drowsiness;wasm;A0042.raw;equal;2;2;2;1;21;ESP32/cnn_webassembly_esp32/reports/20261009T030249020912Z/report.csv;[];[];[]
drowsiness;wasm;A0043.raw;equal;2;2;2;1;21;ESP32/cnn_webassembly_esp32/reports/20261009T030249020912Z/report.csv;[];[];[]
drowsiness;wasm;A0044.raw;equal;2;2;2;1;21;ESP32/cnn_webassembly_esp32/reports/20261009T030249020912Z/report.csv;[];[];[]
drowsiness;wasm;A0045.raw;equal;2;2;2;1;21;ESP32/cnn_webassembly_esp32/reports/20261009T030249020912Z/report.csv;[];[];[]
drowsiness;wasm;A0046.raw;equal;2;2;2;1;21;ESP32/cnn_webassembly_esp32/reports/20261009T030249020912Z/report.csv;[];[];[]
drowsiness;wasm;A0047.raw;equal;2;2;2;1;21;ESP32/cnn_webassembly_esp32/reports/20261009T030249020912Z/report.csv;[];[];[]
drowsiness;wasm;A0048.raw;equal;2;2;2;1;21;ESP32/cnn_webassembly_esp32/reports/20261009T030249020912Z/report.csv;[];[];[]
drowsiness;wasm;A0049.raw;equal;2;2;2;1;21;ESP32/cnn_webassembly_esp32/reports/20261009T030249020912Z/report.csv;[];[];[]
drowsiness;wasm;A0050.raw;equal;2;2;2;1;21;ESP32/cnn_webassembly_esp32/reports/20261009T030249020912Z/report.csv;[];[];[]
drowsiness;wasm;A0051.raw;equal;2;2;2;1;21;ESP32/cnn_webassembly_esp32/reports/20261009T030249020912Z/report.csv;[];[];[]
drowsiness;wasm;A0052.raw;equal;2;2;2;1;21;ESP32/cnn_webassembly_esp32/reports/20261009T030249020912Z/report.csv;[];[];[]
drowsiness;wasm;A0053.raw;equal;2;2;2;1;21;ESP32/cnn_webassembly_esp32/reports/20261009T030249020912Z/report.csv;[];[];[]
drowsiness;wasm;A0054.raw;equal;2;2;2;1;21;ESP32/cnn_webassembly_esp32/reports/20261009T030249020912Z/report.csv;[];[];[]
drowsiness;wasm;A0055.raw;equal;2;2;2;1;21;ESP32/cnn_webassembly_esp32/reports/20261009T030249020912Z/report.csv;[];[];[]
drowsiness;wasm;A0056.raw;equal;2;2;2;1;21;ESP32/cnn_webassembly_esp32/reports/20261009T030249020912Z/report.csv;[];[];[]
drowsiness;wasm;A0057.raw;equal;2;2;2;1;21;ESP32/cnn_webassembly_esp32/reports/20261009T030249020912Z/report.csv;[];[];[]
drowsiness;wasm;A0058.raw;equal;2;2;2;1;21;ESP32/cnn_webassembly_esp32/reports/20261009T030249020912Z/report.csv;[];[];[]
drowsiness;wasm;A0059.raw;equal;2;2;2;1;21;ESP32/cnn_webassembly_esp32/reports/20261009T030249020912Z/report.csv;[];[];[]
drowsiness;wasm;A0060.raw;equal;2;2;2;1;21;ESP32/cnn_webassembly_esp32/reports/20261009T030249020912Z/report.csv;[];[];[]
drowsiness;wasm;A0061.raw;equal;2;2;2;1;21;ESP32/cnn_webassembly_esp32/reports/20261009T030249020912Z/report.csv;[];[];[]
drowsiness;wasm;A0062.raw;equal;2;2;2;1;21;ESP32/cnn_webassembly_esp32/reports/20261009T030249020912Z/report.csv;[];[];[]
drowsiness;wasm;A0063.raw;equal;2;2;2;1;21;ESP32/cnn_webassembly_esp32/reports/20261009T030249020912Z/report.csv;[];[];[]
drowsiness;wasm;A0064.raw;equal;2;2;2;1;21;ESP32/cnn_webassembly_esp32/reports/20261009T030249020912Z/report.csv;[];[];[]
drowsiness;wasm;A0065.raw;equal;2;2;2;1;21;ESP32/cnn_webassembly_esp32/reports/20261009T030249020912Z/report.csv;[];[];[]
drowsiness;wasm;A0066.raw;equal;2;2;2;1;21;ESP32/cnn_webassembly_esp32/reports/20261009T030249020912Z/report.csv;[];[];[]
drowsiness;wasm;A0067.raw;equal;2;2;2;1;21;ESP32/cnn_webassembly_esp32/reports/20261009T030249020912Z/report.csv;[];[];[]
drowsiness;wasm;A0068.raw;equal;2;2;2;1;21;ESP32/cnn_webassembly_esp32/reports/20261009T030249020912Z/report.csv;[];[];[]
drowsiness;wasm;A0069.raw;equal;2;2;2;1;21;ESP32/cnn_webassembly_esp32/reports/20261009T030249020912Z/report.csv;[];[];[]
drowsiness;wasm;A0070.raw;equal;2;2;2;1;21;ESP32/cnn_webassembly_esp32/reports/20261009T030249020912Z/report.csv;[];[];[]
drowsiness;wasm;A0071.raw;equal;2;2;2;1;21;ESP32/cnn_webassembly_esp32/reports/20261009T030249020912Z/report.csv;[];[];[]
drowsiness;wasm;A0072.raw;equal;2;2;2;1;21;ESP32/cnn_webassembly_esp32/reports/20261009T030249020912Z/report.csv;[];[];[]
drowsiness;wasm;A0073.raw;equal;2;2;2;1;21;ESP32/cnn_webassembly_esp32/reports/20261009T030249020912Z/report.csv;[];[];[]
drowsiness;wasm;A0074.raw;equal;2;2;2;1;21;ESP32/cnn_webassembly_esp32/reports/20261009T030249020912Z/report.csv;[];[];[]
drowsiness;wasm;A0075.raw;equal;2;2;2;1;21;ESP32/cnn_webassembly_esp32/reports/20261009T030249020912Z/report.csv;[];[];[]
drowsiness;wasm;A0076.raw;equal;2;2;2;1;21;ESP32/cnn_webassembly_esp32/reports/20261009T030249020912Z/report.csv;[];[];[]
drowsiness;wasm;A0077.raw;equal;2;2;2;1;21;ESP32/cnn_webassembly_esp32/reports/20261009T030249020912Z/report.csv;[];[];[]
drowsiness;wasm;A0078.raw;equal;2;2;2;1;21;ESP32/cnn_webassembly_esp32/reports/20261009T030249020912Z/report.csv;[];[];[]
drowsiness;wasm;A0079.raw;equal;2;2;2;1;21;ESP32/cnn_webassembly_esp32/reports/20261009T030249020912Z/report.csv;[];[];[]
drowsiness;wasm;A0080.raw;equal;2;2;2;1;21;ESP32/cnn_webassembly_esp32/reports/20261009T030249020912Z/report.csv;[];[];[]
drowsiness;wasm;A0081.raw;equal;2;2;2;1;21;ESP32/cnn_webassembly_esp32/reports/20261009T030249020912Z/report.csv;[];[];[]
drowsiness;wasm;A0082.raw;equal;2;2;2;1;21;ESP32/cnn_webassembly_esp32/reports/20261009T030249020912Z/report.csv;[];[];[]
drowsiness;wasm;A0083.raw;equal;2;2;2;1;21;ESP32/cnn_webassembly_esp32/reports/20261009T030249020912Z/report.csv;[];[];[]
drowsiness;wasm;A0084.raw;equal;2;2;2;1;21;ESP32/cnn_webassembly_esp32/reports/20261009T030249020912Z/report.csv;[];[];[]
drowsiness;wasm;A0085.raw;equal;2;2;2;1;21;ESP32/cnn_webassembly_esp32/reports/20261009T030249020912Z/report.csv;[];[];[]
drowsiness;wasm;A0086.raw;equal;2;2;2;1;21;ESP32/cnn_webassembly_esp32/reports/20261009T030249020912Z/report.csv;[];[];[]
drowsiness;wasm;A0087.raw;equal;2;2;2;1;21;ESP32/cnn_webassembly_esp32/reports/20261009T030249020912Z/report.csv;[];[];[]
drowsiness;wasm;A0088.raw;equal;2;2;2;1;21;ESP32/cnn_webassembly_esp32/reports/20261009T030249020912Z/report.csv;[];[];[]
drowsiness;wasm;A0089.raw;equal;2;2;2;1;21;ESP32/cnn_webassembly_esp32/reports/20261009T030249020912Z/report.csv;[];[];[]
drowsiness;wasm;A0090.raw;equal;2;2;2;1;21;ESP32/cnn_webassembly_esp32/reports/20261009T030249020912Z/report.csv;[];[];[]
drowsiness;wasm;A0091.raw;equal;2;2;2;1;21;ESP32/cnn_webassembly_esp32/reports/20261009T030249020912Z/report.csv;[];[];[]
drowsiness;wasm;A0092.raw;equal;2;2;2;1;21;ESP32/cnn_webassembly_esp32/reports/20261009T030249020912Z/report.csv;[];[];[]
drowsiness;wasm;A0093.raw;equal;2;2;2;1;21;ESP32/cnn_webassembly_esp32/reports/20261009T030249020912Z/report.csv;[];[];[]
drowsiness;wasm;A0094.raw;equal;2;2;2;1;21;ESP32/cnn_webassembly_esp32/reports/20261009T030249020912Z/report.csv;[];[];[]
drowsiness;wasm;A0095.raw;equal;2;2;2;1;21;ESP32/cnn_webassembly_esp32/reports/20261009T030249020912Z/report.csv;[];[];[]
drowsiness;wasm;A0096.raw;equal;2;2;2;1;21;ESP32/cnn_webassembly_esp32/reports/20261009T030249020912Z/report.csv;[];[];[]
drowsiness;wasm;A0097.raw;equal;2;2;2;1;21;ESP32/cnn_webassembly_esp32/reports/20261009T030249020912Z/report.csv;[];[];[]
drowsiness;wasm;A0098.raw;equal;2;2;2;1;21;ESP32/cnn_webassembly_esp32/reports/20261009T030249020912Z/report.csv;[];[];[]
drowsiness;wasm;A0099.raw;equal;2;2;2;1;21;ESP32/cnn_webassembly_esp32/reports/20261009T030249020912Z/report.csv;[];[];[]
drowsiness;wasm;A0100.raw;equal;2;2;2;1;21;ESP32/cnn_webassembly_esp32/reports/20261009T030249020912Z/report.csv;[];[];[]
drowsiness;wasm;A0101.raw;equal;2;2;2;1;21;ESP32/cnn_webassembly_esp32/reports/20261009T030249020912Z/report.csv;[];[];[]
drowsiness;wasm;A0102.raw;equal;2;2;2;1;21;ESP32/cnn_webassembly_esp32/reports/20261009T030249020912Z/report.csv;[];[];[]
drowsiness;wasm;A0103.raw;equal;2;2;2;1;21;ESP32/cnn_webassembly_esp32/reports/20261009T030249020912Z/report.csv;[];[];[]
drowsiness;wasm;A0104.raw;equal;2;2;2;1;21;ESP32/cnn_webassembly_esp32/reports/20261009T030249020912Z/report.csv;[];[];[]
drowsiness;wasm;A0105.raw;equal;2;2;2;1;21;ESP32/cnn_webassembly_esp32/reports/20261009T030249020912Z/report.csv;[];[];[]
drowsiness;wasm;A0106.raw;equal;2;2;2;1;21;ESP32/cnn_webassembly_esp32/reports/20261009T030249020912Z/report.csv;[];[];[]
drowsiness;wasm;A0107.raw;equal;2;2;2;1;21;ESP32/cnn_webassembly_esp32/reports/20261009T030249020912Z/report.csv;[];[];[]
drowsiness;wasm;A0108.raw;equal;2;2;2;1;21;ESP32/cnn_webassembly_esp32/reports/20261009T030249020912Z/report.csv;[];[];[]
drowsiness;wasm;A0109.raw;equal;2;2;2;1;21;ESP32/cnn_webassembly_esp32/reports/20261009T030249020912Z/report.csv;[];[];[]
drowsiness;wasm;A0110.raw;equal;2;2;2;1;21;ESP32/cnn_webassembly_esp32/reports/20261009T030249020912Z/report.csv;[];[];[]
drowsiness;wasm;A0111.raw;equal;2;2;2;1;21;ESP32/cnn_webassembly_esp32/reports/20261009T030249020912Z/report.csv;[];[];[]
drowsiness;wasm;A0112.raw;equal;2;2;2;1;21;ESP32/cnn_webassembly_esp32/reports/20261009T030249020912Z/report.csv;[];[];[]
drowsiness;wasm;A0113.raw;equal;2;2;2;1;21;ESP32/cnn_webassembly_esp32/reports/20261009T030249020912Z/report.csv;[];[];[]
drowsiness;wasm;A0114.raw;equal;2;2;2;1;21;ESP32/cnn_webassembly_esp32/reports/20261009T030249020912Z/report.csv;[];[];[]
drowsiness;wasm;A0115.raw;equal;2;2;2;1;21;ESP32/cnn_webassembly_esp32/reports/20261009T030249020912Z/report.csv;[];[];[]
drowsiness;wasm;A0116.raw;equal;2;2;2;1;21;ESP32/cnn_webassembly_esp32/reports/20261009T030249020912Z/report.csv;[];[];[]
drowsiness;wasm;A0117.raw;equal;2;2;2;1;21;ESP32/cnn_webassembly_esp32/reports/20261009T030249020912Z/report.csv;[];[];[]
drowsiness;wasm;A0118.raw;equal;2;2;2;1;21;ESP32/cnn_webassembly_esp32/reports/20261009T030249020912Z/report.csv;[];[];[]
drowsiness;wasm;A0119.raw;equal;2;2;2;1;21;ESP32/cnn_webassembly_esp32/reports/20261009T030249020912Z/report.csv;[];[];[]
drowsiness;wasm;A0120.raw;equal;2;2;2;1;21;ESP32/cnn_webassembly_esp32/reports/20261009T030249020912Z/report.csv;[];[];[]
drowsiness;wasm;A0121.raw;equal;2;2;2;1;21;ESP32/cnn_webassembly_esp32/reports/20261009T030249020912Z/report.csv;[];[];[]
drowsiness;wasm;A0122.raw;equal;2;2;2;1;21;ESP32/cnn_webassembly_esp32/reports/20261009T030249020912Z/report.csv;[];[];[]
drowsiness;wasm;A0123.raw;equal;2;2;2;1;21;ESP32/cnn_webassembly_esp32/reports/20261009T030249020912Z/report.csv;[];[];[]
drowsiness;wasm;A0124.raw;equal;2;2;2;1;21;ESP32/cnn_webassembly_esp32/reports/20261009T030249020912Z/report.csv;[];[];[]
drowsiness;wasm;A0125.raw;equal;2;2;2;1;21;ESP32/cnn_webassembly_esp32/reports/20261009T030249020912Z/report.csv;[];[];[]
drowsiness;wasm;A0126.raw;equal;2;2;2;1;21;ESP32/cnn_webassembly_esp32/reports/20261009T030249020912Z/report.csv;[];[];[]
drowsiness;wasm;A0127.raw;equal;2;2;2;1;21;ESP32/cnn_webassembly_esp32/reports/20261009T030249020912Z/report.csv;[];[];[]
drowsiness;wasm;A0128.raw;equal;2;2;2;1;21;ESP32/cnn_webassembly_esp32/reports/20261009T030249020912Z/report.csv;[];[];[]
drowsiness;wasm;A0129.raw;equal;2;2;2;1;21;ESP32/cnn_webassembly_esp32/reports/20261009T030249020912Z/report.csv;[];[];[]
drowsiness;wasm;A0130.raw;equal;2;2;2;1;21;ESP32/cnn_webassembly_esp32/reports/20261009T030249020912Z/report.csv;[];[];[]
drowsiness;wasm;A0131.raw;equal;2;2;2;1;21;ESP32/cnn_webassembly_esp32/reports/20261009T030249020912Z/report.csv;[];[];[]
drowsiness;wasm;A0132.raw;equal;2;2;2;1;21;ESP32/cnn_webassembly_esp32/reports/20261009T030249020912Z/report.csv;[];[];[]
drowsiness;wasm;A0133.raw;equal;2;2;2;1;21;ESP32/cnn_webassembly_esp32/reports/20261009T030249020912Z/report.csv;[];[];[]
drowsiness;wasm;A0134.raw;equal;2;2;2;1;21;ESP32/cnn_webassembly_esp32/reports/20261009T030249020912Z/report.csv;[];[];[]
drowsiness;wasm;A0135.raw;equal;2;2;2;1;21;ESP32/cnn_webassembly_esp32/reports/20261009T030249020912Z/report.csv;[];[];[]
drowsiness;wasm;A0136.raw;equal;2;2;2;1;21;ESP32/cnn_webassembly_esp32/reports/20261009T030249020912Z/report.csv;[];[];[]
drowsiness;wasm;A0137.raw;equal;2;2;2;1;21;ESP32/cnn_webassembly_esp32/reports/20261009T030249020912Z/report.csv;[];[];[]
drowsiness;wasm;A0138.raw;equal;2;2;2;1;21;ESP32/cnn_webassembly_esp32/reports/20261009T030249020912Z/report.csv;[];[];[]
drowsiness;wasm;A0139.raw;equal;2;2;2;1;21;ESP32/cnn_webassembly_esp32/reports/20261009T030249020912Z/report.csv;[];[];[]
drowsiness;wasm;A0140.raw;equal;2;2;2;1;21;ESP32/cnn_webassembly_esp32/reports/20261009T030249020912Z/report.csv;[];[];[]
drowsiness;wasm;A0141.raw;equal;2;2;2;1;21;ESP32/cnn_webassembly_esp32/reports/20261009T030249020912Z/report.csv;[];[];[]
drowsiness;wasm;A0142.raw;equal;2;2;2;1;21;ESP32/cnn_webassembly_esp32/reports/20261009T030249020912Z/report.csv;[];[];[]
drowsiness;wasm;A0143.raw;equal;2;2;2;1;21;ESP32/cnn_webassembly_esp32/reports/20261009T030249020912Z/report.csv;[];[];[]
drowsiness;wasm;A0144.raw;equal;2;2;2;1;21;ESP32/cnn_webassembly_esp32/reports/20261009T030249020912Z/report.csv;[];[];[]
drowsiness;wasm;A0145.raw;equal;2;2;2;1;21;ESP32/cnn_webassembly_esp32/reports/20261009T030249020912Z/report.csv;[];[];[]
drowsiness;wasm;A0146.raw;equal;2;2;2;1;21;ESP32/cnn_webassembly_esp32/reports/20261009T030249020912Z/report.csv;[];[];[]
drowsiness;wasm;A0147.raw;equal;2;2;2;1;21;ESP32/cnn_webassembly_esp32/reports/20261009T030249020912Z/report.csv;[];[];[]
drowsiness;wasm;A0148.raw;equal;2;2;2;1;21;ESP32/cnn_webassembly_esp32/reports/20261009T030249020912Z/report.csv;[];[];[]
drowsiness;wasm;A0149.raw;equal;2;2;2;1;21;ESP32/cnn_webassembly_esp32/reports/20261009T030249020912Z/report.csv;[];[];[]
drowsiness;wasm;A0150.raw;equal;2;2;2;1;21;ESP32/cnn_webassembly_esp32/reports/20261009T030249020912Z/report.csv;[];[];[]
drowsiness;wasm;A0151.raw;equal;2;2;2;1;21;ESP32/cnn_webassembly_esp32/reports/20261009T030249020912Z/report.csv;[];[];[]
drowsiness;wasm;A0152.raw;equal;2;2;2;1;21;ESP32/cnn_webassembly_esp32/reports/20261009T030249020912Z/report.csv;[];[];[]
drowsiness;wasm;A0153.raw;equal;2;2;2;1;21;ESP32/cnn_webassembly_esp32/reports/20261009T030249020912Z/report.csv;[];[];[]
drowsiness;wasm;A0154.raw;equal;2;2;2;1;21;ESP32/cnn_webassembly_esp32/reports/20261009T030249020912Z/report.csv;[];[];[]
drowsiness;wasm;A0155.raw;equal;2;2;2;1;21;ESP32/cnn_webassembly_esp32/reports/20261009T030249020912Z/report.csv;[];[];[]
drowsiness;wasm;A0156.raw;equal;2;2;2;1;21;ESP32/cnn_webassembly_esp32/reports/20261009T030249020912Z/report.csv;[];[];[]
drowsiness;wasm;A0157.raw;equal;2;2;2;1;21;ESP32/cnn_webassembly_esp32/reports/20261009T030249020912Z/report.csv;[];[];[]
drowsiness;wasm;A0158.raw;equal;2;2;2;1;21;ESP32/cnn_webassembly_esp32/reports/20261009T030249020912Z/report.csv;[];[];[]
drowsiness;wasm;A0159.raw;equal;2;2;2;1;21;ESP32/cnn_webassembly_esp32/reports/20261009T030249020912Z/report.csv;[];[];[]
drowsiness;wasm;A0160.raw;equal;2;2;2;1;21;ESP32/cnn_webassembly_esp32/reports/20261009T030249020912Z/report.csv;[];[];[]
drowsiness;wasm;A0161.raw;equal;2;2;2;1;21;ESP32/cnn_webassembly_esp32/reports/20261009T030249020912Z/report.csv;[];[];[]
drowsiness;wasm;A0162.raw;equal;2;2;2;1;21;ESP32/cnn_webassembly_esp32/reports/20261009T030249020912Z/report.csv;[];[];[]
drowsiness;wasm;A0163.raw;equal;2;2;2;1;21;ESP32/cnn_webassembly_esp32/reports/20261009T030249020912Z/report.csv;[];[];[]
drowsiness;wasm;A0164.raw;equal;2;2;2;1;21;ESP32/cnn_webassembly_esp32/reports/20261009T030249020912Z/report.csv;[];[];[]
drowsiness;wasm;A0165.raw;equal;2;2;2;1;21;ESP32/cnn_webassembly_esp32/reports/20261009T030249020912Z/report.csv;[];[];[]
drowsiness;wasm;A0166.raw;equal;2;2;2;1;21;ESP32/cnn_webassembly_esp32/reports/20261009T030249020912Z/report.csv;[];[];[]
drowsiness;wasm;A0167.raw;equal;2;2;2;1;21;ESP32/cnn_webassembly_esp32/reports/20261009T030249020912Z/report.csv;[];[];[]
drowsiness;wasm;A0168.raw;equal;2;2;2;1;21;ESP32/cnn_webassembly_esp32/reports/20261009T030249020912Z/report.csv;[];[];[]
drowsiness;wasm;A0169.raw;equal;2;2;2;1;21;ESP32/cnn_webassembly_esp32/reports/20261009T030249020912Z/report.csv;[];[];[]
drowsiness;wasm;A0170.raw;equal;2;2;2;1;21;ESP32/cnn_webassembly_esp32/reports/20261009T030249020912Z/report.csv;[];[];[]
drowsiness;wasm;A0171.raw;equal;2;2;2;1;21;ESP32/cnn_webassembly_esp32/reports/20261009T030249020912Z/report.csv;[];[];[]
drowsiness;wasm;A0172.raw;equal;2;2;2;1;21;ESP32/cnn_webassembly_esp32/reports/20261009T030249020912Z/report.csv;[];[];[]
drowsiness;wasm;A0173.raw;equal;2;2;2;1;21;ESP32/cnn_webassembly_esp32/reports/20261009T030249020912Z/report.csv;[];[];[]
drowsiness;wasm;A0174.raw;equal;2;2;2;1;21;ESP32/cnn_webassembly_esp32/reports/20261009T030249020912Z/report.csv;[];[];[]
drowsiness;wasm;A0175.raw;equal;2;2;2;1;21;ESP32/cnn_webassembly_esp32/reports/20261009T030249020912Z/report.csv;[];[];[]
drowsiness;wasm;A0176.raw;equal;2;2;2;1;21;ESP32/cnn_webassembly_esp32/reports/20261009T030249020912Z/report.csv;[];[];[]
drowsiness;wasm;A0177.raw;equal;2;2;2;1;21;ESP32/cnn_webassembly_esp32/reports/20261009T030249020912Z/report.csv;[];[];[]
drowsiness;wasm;A0178.raw;equal;2;2;2;1;21;ESP32/cnn_webassembly_esp32/reports/20261009T030249020912Z/report.csv;[];[];[]
drowsiness;wasm;A0179.raw;equal;2;2;2;1;21;ESP32/cnn_webassembly_esp32/reports/20261009T030249020912Z/report.csv;[];[];[]
drowsiness;wasm;A0180.raw;equal;2;2;2;1;21;ESP32/cnn_webassembly_esp32/reports/20261009T030249020912Z/report.csv;[];[];[]
drowsiness;wasm;A0181.raw;equal;2;2;2;1;21;ESP32/cnn_webassembly_esp32/reports/20261009T030249020912Z/report.csv;[];[];[]
drowsiness;wasm;A0182.raw;equal;2;2;2;1;21;ESP32/cnn_webassembly_esp32/reports/20261009T030249020912Z/report.csv;[];[];[]
drowsiness;wasm;A0183.raw;equal;2;2;2;1;21;ESP32/cnn_webassembly_esp32/reports/20261009T030249020912Z/report.csv;[];[];[]
drowsiness;wasm;A0184.raw;equal;2;2;2;1;21;ESP32/cnn_webassembly_esp32/reports/20261009T030249020912Z/report.csv;[];[];[]
drowsiness;wasm;A0185.raw;equal;2;2;2;1;21;ESP32/cnn_webassembly_esp32/reports/20261009T030249020912Z/report.csv;[];[];[]
drowsiness;wasm;A0188.raw;equal;2;2;2;1;21;ESP32/cnn_webassembly_esp32/reports/20261009T030249020912Z/report.csv;[];[];[]
drowsiness;wasm;A0189.raw;equal;2;2;2;1;21;ESP32/cnn_webassembly_esp32/reports/20261009T030249020912Z/report.csv;[];[];[]
drowsiness;wasm;A0190.raw;equal;2;2;2;1;21;ESP32/cnn_webassembly_esp32/reports/20261009T030249020912Z/report.csv;[];[];[]
drowsiness;wasm;A0191.raw;equal;2;2;2;1;21;ESP32/cnn_webassembly_esp32/reports/20261009T030249020912Z/report.csv;[];[];[]
drowsiness;wasm;A0192.raw;equal;2;2;2;1;21;ESP32/cnn_webassembly_esp32/reports/20261009T030249020912Z/report.csv;[];[];[]
drowsiness;wasm;A0193.raw;equal;2;2;2;1;21;ESP32/cnn_webassembly_esp32/reports/20261009T030249020912Z/report.csv;[];[];[]
drowsiness;wasm;A0194.raw;equal;2;2;2;1;21;ESP32/cnn_webassembly_esp32/reports/20261009T030249020912Z/report.csv;[];[];[]
drowsiness;wasm;A0195.raw;equal;2;2;2;1;21;ESP32/cnn_webassembly_esp32/reports/20261009T030249020912Z/report.csv;[];[];[]
drowsiness;wasm;A0196.raw;equal;2;2;2;1;21;ESP32/cnn_webassembly_esp32/reports/20261009T030249020912Z/report.csv;[];[];[]
drowsiness;wasm;A0197.raw;equal;2;2;2;1;21;ESP32/cnn_webassembly_esp32/reports/20261009T030249020912Z/report.csv;[];[];[]
drowsiness;wasm;A0198.raw;equal;2;2;2;1;21;ESP32/cnn_webassembly_esp32/reports/20261009T030249020912Z/report.csv;[];[];[]
drowsiness;wasm;A0199.raw;equal;2;2;2;1;21;ESP32/cnn_webassembly_esp32/reports/20261009T030249020912Z/report.csv;[];[];[]
drowsiness;wasm;A0200.raw;equal;2;2;2;1;21;ESP32/cnn_webassembly_esp32/reports/20261009T030249020912Z/report.csv;[];[];[]
drowsiness;wasm;A0201.raw;equal;2;2;2;1;21;ESP32/cnn_webassembly_esp32/reports/20261009T030249020912Z/report.csv;[];[];[]
drowsiness;wasm;A0202.raw;equal;2;2;2;1;21;ESP32/cnn_webassembly_esp32/reports/20261009T030249020912Z/report.csv;[];[];[]
drowsiness;wasm;A0203.raw;equal;2;2;2;1;21;ESP32/cnn_webassembly_esp32/reports/20261009T030249020912Z/report.csv;[];[];[]
drowsiness;wasm;A0204.raw;equal;2;2;2;1;21;ESP32/cnn_webassembly_esp32/reports/20261009T030249020912Z/report.csv;[];[];[]
drowsiness;wasm;A0205.raw;equal;2;2;2;1;21;ESP32/cnn_webassembly_esp32/reports/20261009T030249020912Z/report.csv;[];[];[]
drowsiness;wasm;A0206.raw;equal;2;2;2;1;21;ESP32/cnn_webassembly_esp32/reports/20261009T030249020912Z/report.csv;[];[];[]
drowsiness;wasm;A0207.raw;equal;2;2;2;1;21;ESP32/cnn_webassembly_esp32/reports/20261009T030249020912Z/report.csv;[];[];[]
drowsiness;wasm;A0208.raw;equal;2;2;2;1;21;ESP32/cnn_webassembly_esp32/reports/20261009T030249020912Z/report.csv;[];[];[]
drowsiness;wasm;A0209.raw;equal;2;2;2;1;21;ESP32/cnn_webassembly_esp32/reports/20261009T030249020912Z/report.csv;[];[];[]
drowsiness;wasm;A0210.raw;equal;2;2;2;1;21;ESP32/cnn_webassembly_esp32/reports/20261009T030249020912Z/report.csv;[];[];[]
drowsiness;wasm;A0211.raw;equal;2;2;2;1;21;ESP32/cnn_webassembly_esp32/reports/20261009T030249020912Z/report.csv;[];[];[]
drowsiness;wasm;A0212.raw;equal;2;2;2;1;21;ESP32/cnn_webassembly_esp32/reports/20261009T030249020912Z/report.csv;[];[];[]
drowsiness;wasm;A0213.raw;equal;2;2;2;1;21;ESP32/cnn_webassembly_esp32/reports/20261009T030249020912Z/report.csv;[];[];[]
drowsiness;wasm;A0214.raw;equal;2;2;2;1;21;ESP32/cnn_webassembly_esp32/reports/20261009T030249020912Z/report.csv;[];[];[]
drowsiness;wasm;A0215.raw;equal;2;2;2;1;21;ESP32/cnn_webassembly_esp32/reports/20261009T030249020912Z/report.csv;[];[];[]
drowsiness;wasm;A0216.raw;equal;2;2;2;1;21;ESP32/cnn_webassembly_esp32/reports/20261009T030249020912Z/report.csv;[];[];[]
drowsiness;wasm;A0217.raw;equal;2;2;2;1;21;ESP32/cnn_webassembly_esp32/reports/20261009T030249020912Z/report.csv;[];[];[]
drowsiness;wasm;A0218.raw;equal;2;2;2;1;21;ESP32/cnn_webassembly_esp32/reports/20261009T030249020912Z/report.csv;[];[];[]
drowsiness;wasm;A0219.raw;equal;2;2;2;1;21;ESP32/cnn_webassembly_esp32/reports/20261009T030249020912Z/report.csv;[];[];[]
drowsiness;wasm;A0220.raw;equal;2;2;2;1;21;ESP32/cnn_webassembly_esp32/reports/20261009T030249020912Z/report.csv;[];[];[]
drowsiness;wasm;A0222.raw;equal;2;2;2;1;21;ESP32/cnn_webassembly_esp32/reports/20261009T030249020912Z/report.csv;[];[];[]
drowsiness;wasm;A0223.raw;equal;2;2;2;1;21;ESP32/cnn_webassembly_esp32/reports/20261009T030249020912Z/report.csv;[];[];[]
drowsiness;wasm;A0224.raw;equal;2;2;2;1;21;ESP32/cnn_webassembly_esp32/reports/20261009T030249020912Z/report.csv;[];[];[]
drowsiness;wasm;A0225.raw;equal;2;2;2;1;21;ESP32/cnn_webassembly_esp32/reports/20261009T030249020912Z/report.csv;[];[];[]
drowsiness;wasm;A0226.raw;equal;2;2;2;1;21;ESP32/cnn_webassembly_esp32/reports/20261009T030249020912Z/report.csv;[];[];[]
drowsiness;wasm;A0227.raw;equal;2;2;2;1;21;ESP32/cnn_webassembly_esp32/reports/20261009T030249020912Z/report.csv;[];[];[]
drowsiness;wasm;A0228.raw;equal;2;2;2;1;21;ESP32/cnn_webassembly_esp32/reports/20261009T030249020912Z/report.csv;[];[];[]
drowsiness;wasm;A0229.raw;equal;2;2;2;1;21;ESP32/cnn_webassembly_esp32/reports/20261009T030249020912Z/report.csv;[];[];[]
drowsiness;wasm;A0230.raw;equal;2;2;2;1;21;ESP32/cnn_webassembly_esp32/reports/20261009T030249020912Z/report.csv;[];[];[]
drowsiness;wasm;A0231.raw;equal;2;2;2;1;21;ESP32/cnn_webassembly_esp32/reports/20261009T030249020912Z/report.csv;[];[];[]
drowsiness;wasm;A0232.raw;equal;2;2;2;1;21;ESP32/cnn_webassembly_esp32/reports/20261009T030249020912Z/report.csv;[];[];[]
drowsiness;wasm;A0233.raw;equal;2;2;2;1;21;ESP32/cnn_webassembly_esp32/reports/20261009T030249020912Z/report.csv;[];[];[]
drowsiness;wasm;A0234.raw;equal;2;2;2;1;21;ESP32/cnn_webassembly_esp32/reports/20261009T030249020912Z/report.csv;[];[];[]
drowsiness;wasm;A0235.raw;equal;2;2;2;1;21;ESP32/cnn_webassembly_esp32/reports/20261009T030249020912Z/report.csv;[];[];[]
drowsiness;wasm;A0236.raw;equal;2;2;2;1;21;ESP32/cnn_webassembly_esp32/reports/20261009T030249020912Z/report.csv;[];[];[]
drowsiness;wasm;A0237.raw;equal;2;2;2;1;21;ESP32/cnn_webassembly_esp32/reports/20261009T030249020912Z/report.csv;[];[];[]
drowsiness;wasm;A0238.raw;equal;2;2;2;1;21;ESP32/cnn_webassembly_esp32/reports/20261009T030249020912Z/report.csv;[];[];[]
drowsiness;wasm;A0239.raw;equal;2;2;2;1;21;ESP32/cnn_webassembly_esp32/reports/20261009T030249020912Z/report.csv;[];[];[]
drowsiness;wasm;A0240.raw;equal;2;2;2;1;21;ESP32/cnn_webassembly_esp32/reports/20261009T030249020912Z/report.csv;[];[];[]
drowsiness;wasm;A0241.raw;equal;2;2;2;1;21;ESP32/cnn_webassembly_esp32/reports/20261009T030249020912Z/report.csv;[];[];[]
drowsiness;wasm;A0242.raw;equal;2;2;2;1;21;ESP32/cnn_webassembly_esp32/reports/20261009T030249020912Z/report.csv;[];[];[]
drowsiness;wasm;A0243.raw;equal;2;2;2;1;21;ESP32/cnn_webassembly_esp32/reports/20261009T030249020912Z/report.csv;[];[];[]
drowsiness;wasm;A0244.raw;equal;2;2;2;1;21;ESP32/cnn_webassembly_esp32/reports/20261009T030249020912Z/report.csv;[];[];[]
drowsiness;wasm;A0245.raw;equal;2;2;2;1;21;ESP32/cnn_webassembly_esp32/reports/20261009T030249020912Z/report.csv;[];[];[]
drowsiness;wasm;A0246.raw;equal;2;2;2;1;21;ESP32/cnn_webassembly_esp32/reports/20261009T030249020912Z/report.csv;[];[];[]
drowsiness;wasm;A0247.raw;equal;2;2;2;1;21;ESP32/cnn_webassembly_esp32/reports/20261009T030249020912Z/report.csv;[];[];[]
drowsiness;wasm;A0248.raw;equal;2;2;2;1;21;ESP32/cnn_webassembly_esp32/reports/20261009T030249020912Z/report.csv;[];[];[]
drowsiness;wasm;A0249.raw;equal;2;2;2;1;21;ESP32/cnn_webassembly_esp32/reports/20261009T030249020912Z/report.csv;[];[];[]
drowsiness;wasm;A0250.raw;equal;2;2;2;1;21;ESP32/cnn_webassembly_esp32/reports/20261009T030249020912Z/report.csv;[];[];[]
drowsiness;wasm;A0252.raw;equal;2;2;2;1;21;ESP32/cnn_webassembly_esp32/reports/20261009T030249020912Z/report.csv;[];[];[]
drowsiness;wasm;A0253.raw;equal;2;2;2;1;21;ESP32/cnn_webassembly_esp32/reports/20261009T030249020912Z/report.csv;[];[];[]
drowsiness;wasm;A0254.raw;equal;2;2;2;1;21;ESP32/cnn_webassembly_esp32/reports/20261009T030249020912Z/report.csv;[];[];[]
drowsiness;wasm;A0255.raw;equal;2;2;2;1;21;ESP32/cnn_webassembly_esp32/reports/20261009T030249020912Z/report.csv;[];[];[]
drowsiness;wasm;A0256.raw;equal;2;2;2;1;21;ESP32/cnn_webassembly_esp32/reports/20261009T030249020912Z/report.csv;[];[];[]
drowsiness;wasm;A0257.raw;equal;2;2;2;1;21;ESP32/cnn_webassembly_esp32/reports/20261009T030249020912Z/report.csv;[];[];[]
drowsiness;wasm;A0258.raw;equal;2;2;2;1;21;ESP32/cnn_webassembly_esp32/reports/20261009T030249020912Z/report.csv;[];[];[]
drowsiness;wasm;A0259.raw;equal;2;2;2;1;21;ESP32/cnn_webassembly_esp32/reports/20261009T030249020912Z/report.csv;[];[];[]
drowsiness;wasm;A0260.raw;equal;2;2;2;1;21;ESP32/cnn_webassembly_esp32/reports/20261009T030249020912Z/report.csv;[];[];[]
drowsiness;wasm;A0261.raw;equal;2;2;2;1;21;ESP32/cnn_webassembly_esp32/reports/20261009T030249020912Z/report.csv;[];[];[]
drowsiness;wasm;A0262.raw;equal;2;2;2;1;21;ESP32/cnn_webassembly_esp32/reports/20261009T030249020912Z/report.csv;[];[];[]
drowsiness;wasm;A0263.raw;equal;2;2;2;1;21;ESP32/cnn_webassembly_esp32/reports/20261009T030249020912Z/report.csv;[];[];[]
drowsiness;wasm;A0264.raw;equal;2;2;2;1;21;ESP32/cnn_webassembly_esp32/reports/20261009T030249020912Z/report.csv;[];[];[]
drowsiness;wasm;A0265.raw;equal;2;2;2;1;21;ESP32/cnn_webassembly_esp32/reports/20261009T030249020912Z/report.csv;[];[];[]
drowsiness;wasm;A0266.raw;equal;2;2;2;1;21;ESP32/cnn_webassembly_esp32/reports/20261009T030249020912Z/report.csv;[];[];[]
drowsiness;wasm;A0267.raw;equal;2;2;2;1;21;ESP32/cnn_webassembly_esp32/reports/20261009T030249020912Z/report.csv;[];[];[]
drowsiness;wasm;A0268.raw;equal;2;2;2;1;21;ESP32/cnn_webassembly_esp32/reports/20261009T030249020912Z/report.csv;[];[];[]
drowsiness;wasm;A0269.raw;equal;2;2;2;1;21;ESP32/cnn_webassembly_esp32/reports/20261009T030249020912Z/report.csv;[];[];[]
drowsiness;wasm;A0270.raw;equal;2;2;2;1;21;ESP32/cnn_webassembly_esp32/reports/20261009T030249020912Z/report.csv;[];[];[]
drowsiness;wasm;A0271.raw;equal;2;2;2;1;21;ESP32/cnn_webassembly_esp32/reports/20261009T030249020912Z/report.csv;[];[];[]
drowsiness;wasm;A0272.raw;equal;2;2;2;1;21;ESP32/cnn_webassembly_esp32/reports/20261009T030249020912Z/report.csv;[];[];[]
drowsiness;wasm;A0273.raw;equal;2;2;2;1;21;ESP32/cnn_webassembly_esp32/reports/20261009T030249020912Z/report.csv;[];[];[]
drowsiness;wasm;A0274.raw;equal;2;2;2;1;21;ESP32/cnn_webassembly_esp32/reports/20261009T030249020912Z/report.csv;[];[];[]
drowsiness;wasm;A0275.raw;equal;2;2;2;1;21;ESP32/cnn_webassembly_esp32/reports/20261009T030249020912Z/report.csv;[];[];[]
drowsiness;wasm;A0276.raw;equal;2;2;2;1;21;ESP32/cnn_webassembly_esp32/reports/20261009T030249020912Z/report.csv;[];[];[]
drowsiness;wasm;A0277.raw;equal;2;2;2;1;21;ESP32/cnn_webassembly_esp32/reports/20261009T030249020912Z/report.csv;[];[];[]
drowsiness;wasm;A0278.raw;equal;2;2;2;1;21;ESP32/cnn_webassembly_esp32/reports/20261009T030249020912Z/report.csv;[];[];[]
drowsiness;wasm;A0279.raw;equal;2;2;2;1;21;ESP32/cnn_webassembly_esp32/reports/20261009T030249020912Z/report.csv;[];[];[]
drowsiness;wasm;A0280.raw;equal;2;2;2;1;21;ESP32/cnn_webassembly_esp32/reports/20261009T030249020912Z/report.csv;[];[];[]
drowsiness;wasm;A0284.raw;equal;2;2;2;1;21;ESP32/cnn_webassembly_esp32/reports/20261009T030249020912Z/report.csv;[];[];[]
drowsiness;wasm;A0285.raw;equal;2;2;2;1;21;ESP32/cnn_webassembly_esp32/reports/20261009T030249020912Z/report.csv;[];[];[]
drowsiness;wasm;A0286.raw;equal;2;2;2;1;21;ESP32/cnn_webassembly_esp32/reports/20261009T030249020912Z/report.csv;[];[];[]
drowsiness;wasm;A0287.raw;equal;2;2;2;1;21;ESP32/cnn_webassembly_esp32/reports/20261009T030249020912Z/report.csv;[];[];[]
drowsiness;wasm;A0288.raw;equal;2;2;2;1;21;ESP32/cnn_webassembly_esp32/reports/20261009T030249020912Z/report.csv;[];[];[]
drowsiness;wasm;A0289.raw;equal;2;2;2;1;21;ESP32/cnn_webassembly_esp32/reports/20261009T030249020912Z/report.csv;[];[];[]
drowsiness;wasm;A0290.raw;equal;2;2;2;1;21;ESP32/cnn_webassembly_esp32/reports/20261009T030249020912Z/report.csv;[];[];[]
drowsiness;wasm;A0291.raw;equal;2;2;2;1;21;ESP32/cnn_webassembly_esp32/reports/20261009T030249020912Z/report.csv;[];[];[]
drowsiness;wasm;A0292.raw;equal;2;2;2;1;21;ESP32/cnn_webassembly_esp32/reports/20261009T030249020912Z/report.csv;[];[];[]
drowsiness;wasm;A0293.raw;equal;2;2;2;1;21;ESP32/cnn_webassembly_esp32/reports/20261009T030249020912Z/report.csv;[];[];[]
drowsiness;wasm;A0294.raw;equal;2;2;2;1;21;ESP32/cnn_webassembly_esp32/reports/20261009T030249020912Z/report.csv;[];[];[]
drowsiness;wasm;A0295.raw;equal;2;2;2;1;21;ESP32/cnn_webassembly_esp32/reports/20261009T030249020912Z/report.csv;[];[];[]
drowsiness;wasm;A0296.raw;equal;2;2;2;1;21;ESP32/cnn_webassembly_esp32/reports/20261009T030249020912Z/report.csv;[];[];[]
drowsiness;wasm;A0297.raw;equal;2;2;2;1;21;ESP32/cnn_webassembly_esp32/reports/20261009T030249020912Z/report.csv;[];[];[]
drowsiness;wasm;A0298.raw;equal;2;2;2;1;21;ESP32/cnn_webassembly_esp32/reports/20261009T030249020912Z/report.csv;[];[];[]
drowsiness;wasm;A0299.raw;equal;2;2;2;1;21;ESP32/cnn_webassembly_esp32/reports/20261009T030249020912Z/report.csv;[];[];[]
drowsiness;wasm;A0300.raw;equal;2;2;2;1;21;ESP32/cnn_webassembly_esp32/reports/20261009T030249020912Z/report.csv;[];[];[]
drowsiness;wasm;A0301.raw;equal;2;2;2;1;21;ESP32/cnn_webassembly_esp32/reports/20261009T030249020912Z/report.csv;[];[];[]
drowsiness;wasm;A0302.raw;equal;2;2;2;1;21;ESP32/cnn_webassembly_esp32/reports/20261009T030249020912Z/report.csv;[];[];[]
drowsiness;wasm;A0303.raw;equal;2;2;2;1;21;ESP32/cnn_webassembly_esp32/reports/20261009T030249020912Z/report.csv;[];[];[]
drowsiness;wasm;A0304.raw;equal;2;2;2;1;21;ESP32/cnn_webassembly_esp32/reports/20261009T030249020912Z/report.csv;[];[];[]
drowsiness;wasm;A0305.raw;equal;2;2;2;1;21;ESP32/cnn_webassembly_esp32/reports/20261009T030249020912Z/report.csv;[];[];[]
drowsiness;wasm;A0306.raw;equal;2;2;2;1;21;ESP32/cnn_webassembly_esp32/reports/20261009T030249020912Z/report.csv;[];[];[]
drowsiness;wasm;A0307.raw;equal;2;2;2;1;21;ESP32/cnn_webassembly_esp32/reports/20261009T030249020912Z/report.csv;[];[];[]
drowsiness;wasm;A0308.raw;equal;2;2;2;1;21;ESP32/cnn_webassembly_esp32/reports/20261009T030249020912Z/report.csv;[];[];[]
drowsiness;wasm;A0309.raw;equal;2;2;2;1;21;ESP32/cnn_webassembly_esp32/reports/20261009T030249020912Z/report.csv;[];[];[]
drowsiness;wasm;A0310.raw;equal;2;2;2;1;21;ESP32/cnn_webassembly_esp32/reports/20261009T030249020912Z/report.csv;[];[];[]
drowsiness;wasm;A0311.raw;equal;2;2;2;1;21;ESP32/cnn_webassembly_esp32/reports/20261009T030249020912Z/report.csv;[];[];[]
drowsiness;wasm;A0312.raw;equal;2;2;2;1;21;ESP32/cnn_webassembly_esp32/reports/20261009T030249020912Z/report.csv;[];[];[]
drowsiness;wasm;A0313.raw;equal;2;2;2;1;21;ESP32/cnn_webassembly_esp32/reports/20261009T030249020912Z/report.csv;[];[];[]
drowsiness;wasm;A0314.raw;equal;2;2;2;1;21;ESP32/cnn_webassembly_esp32/reports/20261009T030249020912Z/report.csv;[];[];[]
drowsiness;wasm;A0315.raw;equal;2;2;2;1;21;ESP32/cnn_webassembly_esp32/reports/20261009T030249020912Z/report.csv;[];[];[]
drowsiness;wasm;A0316.raw;equal;2;2;2;1;21;ESP32/cnn_webassembly_esp32/reports/20261009T030249020912Z/report.csv;[];[];[]
drowsiness;wasm;A0317.raw;equal;2;2;2;1;21;ESP32/cnn_webassembly_esp32/reports/20261009T030249020912Z/report.csv;[];[];[]
drowsiness;wasm;A0318.raw;equal;2;2;2;1;21;ESP32/cnn_webassembly_esp32/reports/20261009T030249020912Z/report.csv;[];[];[]
drowsiness;wasm;A0319.raw;equal;2;2;2;1;21;ESP32/cnn_webassembly_esp32/reports/20261009T030249020912Z/report.csv;[];[];[]
drowsiness;wasm;A0320.raw;equal;2;2;2;1;21;ESP32/cnn_webassembly_esp32/reports/20261009T030249020912Z/report.csv;[];[];[]
drowsiness;wasm;A0321.raw;equal;2;2;2;1;21;ESP32/cnn_webassembly_esp32/reports/20261009T030249020912Z/report.csv;[];[];[]
drowsiness;wasm;A0322.raw;equal;2;2;2;1;21;ESP32/cnn_webassembly_esp32/reports/20261009T030249020912Z/report.csv;[];[];[]
drowsiness;wasm;A0323.raw;equal;2;2;2;1;21;ESP32/cnn_webassembly_esp32/reports/20261009T030249020912Z/report.csv;[];[];[]
drowsiness;wasm;A0324.raw;equal;2;2;2;1;21;ESP32/cnn_webassembly_esp32/reports/20261009T030249020912Z/report.csv;[];[];[]
drowsiness;wasm;A0325.raw;equal;2;2;2;1;21;ESP32/cnn_webassembly_esp32/reports/20261009T030249020912Z/report.csv;[];[];[]
drowsiness;wasm;A0326.raw;equal;2;2;2;1;21;ESP32/cnn_webassembly_esp32/reports/20261009T030249020912Z/report.csv;[];[];[]
drowsiness;wasm;A0327.raw;equal;2;2;2;1;21;ESP32/cnn_webassembly_esp32/reports/20261009T030249020912Z/report.csv;[];[];[]
drowsiness;wasm;A0328.raw;equal;2;2;2;1;21;ESP32/cnn_webassembly_esp32/reports/20261009T030249020912Z/report.csv;[];[];[]
drowsiness;wasm;A0329.raw;equal;2;2;2;1;21;ESP32/cnn_webassembly_esp32/reports/20261009T030249020912Z/report.csv;[];[];[]
drowsiness;wasm;A0330.raw;equal;2;2;2;1;21;ESP32/cnn_webassembly_esp32/reports/20261009T030249020912Z/report.csv;[];[];[]
drowsiness;wasm;A0331.raw;equal;2;2;2;1;21;ESP32/cnn_webassembly_esp32/reports/20261009T030249020912Z/report.csv;[];[];[]
drowsiness;wasm;A0332.raw;equal;2;2;2;1;21;ESP32/cnn_webassembly_esp32/reports/20261009T030249020912Z/report.csv;[];[];[]
drowsiness;wasm;A0333.raw;equal;2;2;2;1;21;ESP32/cnn_webassembly_esp32/reports/20261009T030249020912Z/report.csv;[];[];[]
drowsiness;wasm;A0334.raw;equal;2;2;2;1;21;ESP32/cnn_webassembly_esp32/reports/20261009T030249020912Z/report.csv;[];[];[]
drowsiness;wasm;A0335.raw;equal;2;2;2;1;21;ESP32/cnn_webassembly_esp32/reports/20261009T030249020912Z/report.csv;[];[];[]
drowsiness;wasm;A0336.raw;equal;2;2;2;1;21;ESP32/cnn_webassembly_esp32/reports/20261009T030249020912Z/report.csv;[];[];[]
drowsiness;wasm;A0337.raw;equal;2;2;2;1;21;ESP32/cnn_webassembly_esp32/reports/20261009T030249020912Z/report.csv;[];[];[]
drowsiness;wasm;A0338.raw;equal;2;2;2;1;21;ESP32/cnn_webassembly_esp32/reports/20261009T030249020912Z/report.csv;[];[];[]
drowsiness;wasm;A0339.raw;equal;2;2;2;1;21;ESP32/cnn_webassembly_esp32/reports/20261009T030249020912Z/report.csv;[];[];[]
drowsiness;wasm;A0340.raw;equal;2;2;2;1;21;ESP32/cnn_webassembly_esp32/reports/20261009T030249020912Z/report.csv;[];[];[]
drowsiness;wasm;A0341.raw;equal;2;2;2;1;21;ESP32/cnn_webassembly_esp32/reports/20261009T030249020912Z/report.csv;[];[];[]
drowsiness;wasm;A0342.raw;equal;2;2;2;1;21;ESP32/cnn_webassembly_esp32/reports/20261009T030249020912Z/report.csv;[];[];[]
drowsiness;wasm;A0343.raw;equal;2;2;2;1;21;ESP32/cnn_webassembly_esp32/reports/20261009T030249020912Z/report.csv;[];[];[]
drowsiness;wasm;A0344.raw;equal;2;2;2;1;21;ESP32/cnn_webassembly_esp32/reports/20261009T030249020912Z/report.csv;[];[];[]
drowsiness;wasm;A0345.raw;equal;2;2;2;1;21;ESP32/cnn_webassembly_esp32/reports/20261009T030249020912Z/report.csv;[];[];[]
drowsiness;wasm;A0346.raw;equal;2;2;2;1;21;ESP32/cnn_webassembly_esp32/reports/20261009T030249020912Z/report.csv;[];[];[]
drowsiness;wasm;A0347.raw;equal;2;2;2;1;21;ESP32/cnn_webassembly_esp32/reports/20261009T030249020912Z/report.csv;[];[];[]
drowsiness;wasm;A0348.raw;equal;2;2;2;1;21;ESP32/cnn_webassembly_esp32/reports/20261009T030249020912Z/report.csv;[];[];[]
drowsiness;wasm;A0349.raw;equal;2;2;2;1;21;ESP32/cnn_webassembly_esp32/reports/20261009T030249020912Z/report.csv;[];[];[]
drowsiness;wasm;A0350.raw;equal;2;2;2;1;21;ESP32/cnn_webassembly_esp32/reports/20261009T030249020912Z/report.csv;[];[];[]
drowsiness;wasm;A0352.raw;equal;2;2;2;1;21;ESP32/cnn_webassembly_esp32/reports/20261009T030249020912Z/report.csv;[];[];[]
drowsiness;wasm;A0353.raw;equal;2;2;2;1;21;ESP32/cnn_webassembly_esp32/reports/20261009T030249020912Z/report.csv;[];[];[]
drowsiness;wasm;A0354.raw;equal;2;2;2;1;21;ESP32/cnn_webassembly_esp32/reports/20261009T030249020912Z/report.csv;[];[];[]
drowsiness;wasm;A0355.raw;equal;2;2;2;1;21;ESP32/cnn_webassembly_esp32/reports/20261009T030249020912Z/report.csv;[];[];[]
drowsiness;wasm;A0356.raw;equal;2;2;2;1;21;ESP32/cnn_webassembly_esp32/reports/20261009T030249020912Z/report.csv;[];[];[]
drowsiness;wasm;A0357.raw;equal;2;2;2;1;21;ESP32/cnn_webassembly_esp32/reports/20261009T030249020912Z/report.csv;[];[];[]
drowsiness;wasm;A0358.raw;equal;2;2;2;1;21;ESP32/cnn_webassembly_esp32/reports/20261009T030249020912Z/report.csv;[];[];[]
drowsiness;wasm;A0359.raw;equal;2;2;2;1;21;ESP32/cnn_webassembly_esp32/reports/20261009T030249020912Z/report.csv;[];[];[]
drowsiness;wasm;A0360.raw;equal;2;2;2;1;21;ESP32/cnn_webassembly_esp32/reports/20261009T030249020912Z/report.csv;[];[];[]
drowsiness;wasm;A0361.raw;equal;2;2;2;1;21;ESP32/cnn_webassembly_esp32/reports/20261009T030249020912Z/report.csv;[];[];[]
drowsiness;wasm;A0362.raw;equal;2;2;2;1;21;ESP32/cnn_webassembly_esp32/reports/20261009T030249020912Z/report.csv;[];[];[]
drowsiness;wasm;A0363.raw;equal;2;2;2;1;21;ESP32/cnn_webassembly_esp32/reports/20261009T030249020912Z/report.csv;[];[];[]
drowsiness;wasm;A0364.raw;equal;2;2;2;1;21;ESP32/cnn_webassembly_esp32/reports/20261009T030249020912Z/report.csv;[];[];[]
drowsiness;wasm;A0365.raw;equal;2;2;2;1;21;ESP32/cnn_webassembly_esp32/reports/20261009T030249020912Z/report.csv;[];[];[]
drowsiness;wasm;A0366.raw;equal;2;2;2;1;21;ESP32/cnn_webassembly_esp32/reports/20261009T030249020912Z/report.csv;[];[];[]
drowsiness;wasm;A0367.raw;equal;2;2;2;1;21;ESP32/cnn_webassembly_esp32/reports/20261009T030249020912Z/report.csv;[];[];[]
drowsiness;wasm;A0368.raw;equal;2;2;2;1;21;ESP32/cnn_webassembly_esp32/reports/20261009T030249020912Z/report.csv;[];[];[]
drowsiness;wasm;A0369.raw;equal;2;2;2;1;21;ESP32/cnn_webassembly_esp32/reports/20261009T030249020912Z/report.csv;[];[];[]
drowsiness;wasm;A0370.raw;equal;2;2;2;1;21;ESP32/cnn_webassembly_esp32/reports/20261009T030249020912Z/report.csv;[];[];[]
drowsiness;wasm;A0371.raw;equal;2;2;2;1;21;ESP32/cnn_webassembly_esp32/reports/20261009T030249020912Z/report.csv;[];[];[]
drowsiness;wasm;A0372.raw;equal;2;2;2;1;21;ESP32/cnn_webassembly_esp32/reports/20261009T030249020912Z/report.csv;[];[];[]
drowsiness;wasm;A0373.raw;equal;2;2;2;1;21;ESP32/cnn_webassembly_esp32/reports/20261009T030249020912Z/report.csv;[];[];[]
drowsiness;wasm;A0374.raw;equal;2;2;2;1;21;ESP32/cnn_webassembly_esp32/reports/20261009T030249020912Z/report.csv;[];[];[]
drowsiness;wasm;A0376.raw;equal;2;2;2;1;21;ESP32/cnn_webassembly_esp32/reports/20261009T030249020912Z/report.csv;[];[];[]
drowsiness;wasm;A0377.raw;equal;2;2;2;1;21;ESP32/cnn_webassembly_esp32/reports/20261009T030249020912Z/report.csv;[];[];[]
drowsiness;wasm;A0378.raw;equal;2;2;2;1;21;ESP32/cnn_webassembly_esp32/reports/20261009T030249020912Z/report.csv;[];[];[]
drowsiness;wasm;A0379.raw;equal;2;2;2;1;21;ESP32/cnn_webassembly_esp32/reports/20261009T030249020912Z/report.csv;[];[];[]
drowsiness;wasm;A0380.raw;equal;2;2;2;1;21;ESP32/cnn_webassembly_esp32/reports/20261009T030249020912Z/report.csv;[];[];[]
drowsiness;wasm;A0381.raw;equal;2;2;2;1;21;ESP32/cnn_webassembly_esp32/reports/20261009T030249020912Z/report.csv;[];[];[]
drowsiness;wasm;A0382.raw;equal;2;2;2;1;21;ESP32/cnn_webassembly_esp32/reports/20261009T030249020912Z/report.csv;[];[];[]
drowsiness;wasm;A0383.raw;equal;2;2;2;1;21;ESP32/cnn_webassembly_esp32/reports/20261009T030249020912Z/report.csv;[];[];[]
drowsiness;wasm;A0384.raw;equal;2;2;2;1;21;ESP32/cnn_webassembly_esp32/reports/20261009T030249020912Z/report.csv;[];[];[]
drowsiness;wasm;A0385.raw;equal;2;2;2;1;21;ESP32/cnn_webassembly_esp32/reports/20261009T030249020912Z/report.csv;[];[];[]
drowsiness;wasm;A0386.raw;equal;2;2;2;1;21;ESP32/cnn_webassembly_esp32/reports/20261009T030249020912Z/report.csv;[];[];[]
drowsiness;wasm;A0387.raw;equal;2;2;2;1;21;ESP32/cnn_webassembly_esp32/reports/20261009T030249020912Z/report.csv;[];[];[]
drowsiness;wasm;A0388.raw;equal;2;2;2;1;21;ESP32/cnn_webassembly_esp32/reports/20261009T030249020912Z/report.csv;[];[];[]
drowsiness;wasm;A0389.raw;equal;2;2;2;1;21;ESP32/cnn_webassembly_esp32/reports/20261009T030249020912Z/report.csv;[];[];[]
drowsiness;wasm;A0390.raw;equal;2;2;2;1;21;ESP32/cnn_webassembly_esp32/reports/20261009T030249020912Z/report.csv;[];[];[]
drowsiness;wasm;A0391.raw;equal;2;2;2;1;21;ESP32/cnn_webassembly_esp32/reports/20261009T030249020912Z/report.csv;[];[];[]
drowsiness;wasm;A0392.raw;equal;2;2;2;1;21;ESP32/cnn_webassembly_esp32/reports/20261009T030249020912Z/report.csv;[];[];[]
drowsiness;wasm;A0393.raw;equal;2;2;2;1;21;ESP32/cnn_webassembly_esp32/reports/20261009T030249020912Z/report.csv;[];[];[]
drowsiness;wasm;A0394.raw;equal;2;2;2;1;21;ESP32/cnn_webassembly_esp32/reports/20261009T030249020912Z/report.csv;[];[];[]
drowsiness;wasm;A0395.raw;equal;2;2;2;1;21;ESP32/cnn_webassembly_esp32/reports/20261009T030249020912Z/report.csv;[];[];[]
drowsiness;wasm;A0396.raw;equal;2;2;2;1;21;ESP32/cnn_webassembly_esp32/reports/20261009T030249020912Z/report.csv;[];[];[]
drowsiness;wasm;A0397.raw;equal;2;2;2;1;21;ESP32/cnn_webassembly_esp32/reports/20261009T030249020912Z/report.csv;[];[];[]
drowsiness;wasm;A0398.raw;equal;2;2;2;1;21;ESP32/cnn_webassembly_esp32/reports/20261009T030249020912Z/report.csv;[];[];[]
drowsiness;wasm;A0399.raw;equal;2;2;2;1;21;ESP32/cnn_webassembly_esp32/reports/20261009T030249020912Z/report.csv;[];[];[]
drowsiness;wasm;A0400.raw;equal;2;2;2;1;21;ESP32/cnn_webassembly_esp32/reports/20261009T030249020912Z/report.csv;[];[];[]
drowsiness;wasm;A0401.raw;equal;2;2;2;1;21;ESP32/cnn_webassembly_esp32/reports/20261009T030249020912Z/report.csv;[];[];[]
drowsiness;wasm;A0402.raw;equal;2;2;2;1;21;ESP32/cnn_webassembly_esp32/reports/20261009T030249020912Z/report.csv;[];[];[]
drowsiness;wasm;A0403.raw;equal;2;2;2;1;21;ESP32/cnn_webassembly_esp32/reports/20261009T030249020912Z/report.csv;[];[];[]
drowsiness;wasm;A0404.raw;equal;2;2;2;1;21;ESP32/cnn_webassembly_esp32/reports/20261009T030249020912Z/report.csv;[];[];[]
drowsiness;wasm;A0405.raw;equal;2;2;2;1;21;ESP32/cnn_webassembly_esp32/reports/20261009T030249020912Z/report.csv;[];[];[]
drowsiness;wasm;A0406.raw;equal;2;2;2;1;21;ESP32/cnn_webassembly_esp32/reports/20261009T030249020912Z/report.csv;[];[];[]
drowsiness;wasm;A0407.raw;equal;2;2;2;1;21;ESP32/cnn_webassembly_esp32/reports/20261009T030249020912Z/report.csv;[];[];[]
drowsiness;wasm;A0408.raw;equal;2;2;2;1;21;ESP32/cnn_webassembly_esp32/reports/20261009T030249020912Z/report.csv;[];[];[]
drowsiness;wasm;A0409.raw;equal;2;2;2;1;21;ESP32/cnn_webassembly_esp32/reports/20261009T030249020912Z/report.csv;[];[];[]
drowsiness;wasm;A0410.raw;equal;2;2;2;1;21;ESP32/cnn_webassembly_esp32/reports/20261009T030249020912Z/report.csv;[];[];[]
drowsiness;wasm;A0411.raw;equal;2;2;2;1;21;ESP32/cnn_webassembly_esp32/reports/20261009T030249020912Z/report.csv;[];[];[]
drowsiness;wasm;A0412.raw;equal;2;2;2;1;21;ESP32/cnn_webassembly_esp32/reports/20261009T030249020912Z/report.csv;[];[];[]
drowsiness;wasm;A0413.raw;equal;2;2;2;1;21;ESP32/cnn_webassembly_esp32/reports/20261009T030249020912Z/report.csv;[];[];[]
drowsiness;wasm;A0414.raw;equal;2;2;2;1;21;ESP32/cnn_webassembly_esp32/reports/20261009T030249020912Z/report.csv;[];[];[]
drowsiness;wasm;A0415.raw;equal;2;2;2;1;21;ESP32/cnn_webassembly_esp32/reports/20261009T030249020912Z/report.csv;[];[];[]
drowsiness;wasm;A0416.raw;equal;2;2;2;1;21;ESP32/cnn_webassembly_esp32/reports/20261009T030249020912Z/report.csv;[];[];[]
drowsiness;wasm;A0417.raw;equal;2;2;2;1;21;ESP32/cnn_webassembly_esp32/reports/20261009T030249020912Z/report.csv;[];[];[]
drowsiness;wasm;A0418.raw;equal;2;2;2;1;21;ESP32/cnn_webassembly_esp32/reports/20261009T030249020912Z/report.csv;[];[];[]
drowsiness;wasm;A0419.raw;equal;2;2;2;1;21;ESP32/cnn_webassembly_esp32/reports/20261009T030249020912Z/report.csv;[];[];[]
drowsiness;wasm;A0420.raw;equal;2;2;2;1;21;ESP32/cnn_webassembly_esp32/reports/20261009T030249020912Z/report.csv;[];[];[]
drowsiness;wasm;A0421.raw;equal;2;2;2;1;21;ESP32/cnn_webassembly_esp32/reports/20261009T030249020912Z/report.csv;[];[];[]
drowsiness;wasm;A0422.raw;equal;2;2;2;1;21;ESP32/cnn_webassembly_esp32/reports/20261009T030249020912Z/report.csv;[];[];[]
drowsiness;wasm;A0423.raw;equal;2;2;2;1;21;ESP32/cnn_webassembly_esp32/reports/20261009T030249020912Z/report.csv;[];[];[]
drowsiness;wasm;A0424.raw;equal;2;2;2;1;21;ESP32/cnn_webassembly_esp32/reports/20261009T030249020912Z/report.csv;[];[];[]
drowsiness;wasm;A0425.raw;equal;2;2;2;1;21;ESP32/cnn_webassembly_esp32/reports/20261009T030249020912Z/report.csv;[];[];[]
drowsiness;wasm;A0426.raw;equal;2;2;2;1;21;ESP32/cnn_webassembly_esp32/reports/20261009T030249020912Z/report.csv;[];[];[]
drowsiness;wasm;A0427.raw;equal;2;2;2;1;21;ESP32/cnn_webassembly_esp32/reports/20261009T030249020912Z/report.csv;[];[];[]
drowsiness;wasm;A0428.raw;equal;2;2;2;1;21;ESP32/cnn_webassembly_esp32/reports/20261009T030249020912Z/report.csv;[];[];[]
drowsiness;wasm;A0429.raw;equal;2;2;2;1;21;ESP32/cnn_webassembly_esp32/reports/20261009T030249020912Z/report.csv;[];[];[]
drowsiness;wasm;A0430.raw;equal;2;2;2;1;21;ESP32/cnn_webassembly_esp32/reports/20261009T030249020912Z/report.csv;[];[];[]
drowsiness;wasm;A0431.raw;equal;2;2;2;1;21;ESP32/cnn_webassembly_esp32/reports/20261009T030249020912Z/report.csv;[];[];[]
drowsiness;wasm;A0432.raw;equal;2;2;2;1;21;ESP32/cnn_webassembly_esp32/reports/20261009T030249020912Z/report.csv;[];[];[]
drowsiness;wasm;A0433.raw;equal;2;2;2;1;21;ESP32/cnn_webassembly_esp32/reports/20261009T030249020912Z/report.csv;[];[];[]
drowsiness;wasm;A0434.raw;equal;2;2;2;1;21;ESP32/cnn_webassembly_esp32/reports/20261009T030249020912Z/report.csv;[];[];[]
drowsiness;wasm;A0435.raw;equal;2;2;2;1;21;ESP32/cnn_webassembly_esp32/reports/20261009T030249020912Z/report.csv;[];[];[]
drowsiness;wasm;A0436.raw;equal;2;2;2;1;21;ESP32/cnn_webassembly_esp32/reports/20261009T030249020912Z/report.csv;[];[];[]
drowsiness;wasm;A0437.raw;equal;2;2;2;1;21;ESP32/cnn_webassembly_esp32/reports/20261009T030249020912Z/report.csv;[];[];[]
drowsiness;wasm;A0440.raw;equal;2;2;2;1;21;ESP32/cnn_webassembly_esp32/reports/20261009T030249020912Z/report.csv;[];[];[]
drowsiness;wasm;A0441.raw;equal;2;2;2;1;21;ESP32/cnn_webassembly_esp32/reports/20261009T030249020912Z/report.csv;[];[];[]
drowsiness;wasm;A0442.raw;equal;2;2;2;1;21;ESP32/cnn_webassembly_esp32/reports/20261009T030249020912Z/report.csv;[];[];[]
drowsiness;wasm;A0443.raw;equal;2;2;2;1;21;ESP32/cnn_webassembly_esp32/reports/20261009T030249020912Z/report.csv;[];[];[]
drowsiness;wasm;A0444.raw;equal;2;2;2;1;21;ESP32/cnn_webassembly_esp32/reports/20261009T030249020912Z/report.csv;[];[];[]
drowsiness;wasm;A0445.raw;equal;2;2;2;1;21;ESP32/cnn_webassembly_esp32/reports/20261009T030249020912Z/report.csv;[];[];[]
drowsiness;wasm;A0446.raw;equal;2;2;2;1;21;ESP32/cnn_webassembly_esp32/reports/20261009T030249020912Z/report.csv;[];[];[]
drowsiness;wasm;A0447.raw;equal;2;2;2;1;21;ESP32/cnn_webassembly_esp32/reports/20261009T030249020912Z/report.csv;[];[];[]
drowsiness;wasm;A0448.raw;equal;2;2;2;1;21;ESP32/cnn_webassembly_esp32/reports/20261009T030249020912Z/report.csv;[];[];[]
drowsiness;wasm;A0449.raw;equal;2;2;2;1;21;ESP32/cnn_webassembly_esp32/reports/20261009T030249020912Z/report.csv;[];[];[]
drowsiness;wasm;A0450.raw;equal;2;2;2;1;21;ESP32/cnn_webassembly_esp32/reports/20261009T030249020912Z/report.csv;[];[];[]
drowsiness;wasm;A0451.raw;equal;2;2;2;1;21;ESP32/cnn_webassembly_esp32/reports/20261009T030249020912Z/report.csv;[];[];[]
drowsiness;wasm;A0452.raw;equal;2;2;2;1;21;ESP32/cnn_webassembly_esp32/reports/20261009T030249020912Z/report.csv;[];[];[]
drowsiness;wasm;A0453.raw;equal;2;2;2;1;21;ESP32/cnn_webassembly_esp32/reports/20261009T030249020912Z/report.csv;[];[];[]
drowsiness;wasm;A0454.raw;equal;2;2;2;1;21;ESP32/cnn_webassembly_esp32/reports/20261009T030249020912Z/report.csv;[];[];[]
drowsiness;wasm;A0455.raw;equal;2;2;2;1;21;ESP32/cnn_webassembly_esp32/reports/20261009T030249020912Z/report.csv;[];[];[]
drowsiness;wasm;A0456.raw;equal;2;2;2;1;21;ESP32/cnn_webassembly_esp32/reports/20261009T030249020912Z/report.csv;[];[];[]
drowsiness;wasm;A0457.raw;equal;2;2;2;1;21;ESP32/cnn_webassembly_esp32/reports/20261009T030249020912Z/report.csv;[];[];[]
drowsiness;wasm;A0460.raw;equal;2;2;2;1;21;ESP32/cnn_webassembly_esp32/reports/20261009T030249020912Z/report.csv;[];[];[]
drowsiness;wasm;A0461.raw;equal;2;2;2;1;21;ESP32/cnn_webassembly_esp32/reports/20261009T030249020912Z/report.csv;[];[];[]
drowsiness;wasm;A0462.raw;equal;2;2;2;1;21;ESP32/cnn_webassembly_esp32/reports/20261009T030249020912Z/report.csv;[];[];[]
drowsiness;wasm;A0463.raw;equal;2;2;2;1;21;ESP32/cnn_webassembly_esp32/reports/20261009T030249020912Z/report.csv;[];[];[]
drowsiness;wasm;A0464.raw;equal;2;2;2;1;21;ESP32/cnn_webassembly_esp32/reports/20261009T030249020912Z/report.csv;[];[];[]
drowsiness;wasm;A0465.raw;equal;2;2;2;1;21;ESP32/cnn_webassembly_esp32/reports/20261009T030249020912Z/report.csv;[];[];[]
drowsiness;wasm;A0466.raw;equal;2;2;2;1;21;ESP32/cnn_webassembly_esp32/reports/20261009T030249020912Z/report.csv;[];[];[]
drowsiness;wasm;A0467.raw;equal;2;2;2;1;21;ESP32/cnn_webassembly_esp32/reports/20261009T030249020912Z/report.csv;[];[];[]
drowsiness;wasm;A0468.raw;equal;2;2;2;1;21;ESP32/cnn_webassembly_esp32/reports/20261009T030249020912Z/report.csv;[];[];[]
drowsiness;wasm;A0469.raw;equal;2;2;2;1;21;ESP32/cnn_webassembly_esp32/reports/20261009T030249020912Z/report.csv;[];[];[]
drowsiness;wasm;A0470.raw;equal;2;2;2;1;21;ESP32/cnn_webassembly_esp32/reports/20261009T030249020912Z/report.csv;[];[];[]
drowsiness;wasm;A0471.raw;equal;2;2;2;1;21;ESP32/cnn_webassembly_esp32/reports/20261009T030249020912Z/report.csv;[];[];[]
drowsiness;wasm;A0472.raw;equal;2;2;2;1;21;ESP32/cnn_webassembly_esp32/reports/20261009T030249020912Z/report.csv;[];[];[]
drowsiness;wasm;A0473.raw;equal;2;2;2;1;21;ESP32/cnn_webassembly_esp32/reports/20261009T030249020912Z/report.csv;[];[];[]
drowsiness;wasm;A0474.raw;equal;2;2;2;1;21;ESP32/cnn_webassembly_esp32/reports/20261009T030249020912Z/report.csv;[];[];[]
drowsiness;wasm;A0475.raw;equal;2;2;2;1;21;ESP32/cnn_webassembly_esp32/reports/20261009T030249020912Z/report.csv;[];[];[]
drowsiness;wasm;A0476.raw;equal;2;2;2;1;21;ESP32/cnn_webassembly_esp32/reports/20261009T030249020912Z/report.csv;[];[];[]
drowsiness;wasm;A0477.raw;equal;2;2;2;1;21;ESP32/cnn_webassembly_esp32/reports/20261009T030249020912Z/report.csv;[];[];[]
drowsiness;wasm;A0478.raw;equal;2;2;2;1;21;ESP32/cnn_webassembly_esp32/reports/20261009T030249020912Z/report.csv;[];[];[]
drowsiness;wasm;A0479.raw;equal;2;2;2;1;21;ESP32/cnn_webassembly_esp32/reports/20261009T030249020912Z/report.csv;[];[];[]
drowsiness;wasm;A0480.raw;equal;2;2;2;1;21;ESP32/cnn_webassembly_esp32/reports/20261009T030249020912Z/report.csv;[];[];[]
drowsiness;wasm;A0481.raw;equal;2;2;2;1;21;ESP32/cnn_webassembly_esp32/reports/20261009T030249020912Z/report.csv;[];[];[]
drowsiness;wasm;A0482.raw;equal;2;2;2;1;21;ESP32/cnn_webassembly_esp32/reports/20261009T030249020912Z/report.csv;[];[];[]
drowsiness;wasm;A0483.raw;equal;2;2;2;1;21;ESP32/cnn_webassembly_esp32/reports/20261009T030249020912Z/report.csv;[];[];[]
drowsiness;wasm;A0484.raw;equal;2;2;2;1;21;ESP32/cnn_webassembly_esp32/reports/20261009T030249020912Z/report.csv;[];[];[]
drowsiness;wasm;A0485.raw;equal;2;2;2;1;21;ESP32/cnn_webassembly_esp32/reports/20261009T030249020912Z/report.csv;[];[];[]
drowsiness;wasm;A0486.raw;equal;2;2;2;1;21;ESP32/cnn_webassembly_esp32/reports/20261009T030249020912Z/report.csv;[];[];[]
drowsiness;wasm;A0487.raw;equal;2;2;2;1;21;ESP32/cnn_webassembly_esp32/reports/20261009T030249020912Z/report.csv;[];[];[]
drowsiness;wasm;A0488.raw;equal;2;2;2;1;21;ESP32/cnn_webassembly_esp32/reports/20261009T030249020912Z/report.csv;[];[];[]
drowsiness;wasm;A0489.raw;equal;2;2;2;1;21;ESP32/cnn_webassembly_esp32/reports/20261009T030249020912Z/report.csv;[];[];[]
drowsiness;wasm;A0490.raw;equal;2;2;2;1;21;ESP32/cnn_webassembly_esp32/reports/20261009T030249020912Z/report.csv;[];[];[]
drowsiness;wasm;A0491.raw;equal;2;2;2;1;21;ESP32/cnn_webassembly_esp32/reports/20261009T030249020912Z/report.csv;[];[];[]
drowsiness;wasm;A0492.raw;equal;2;2;2;1;21;ESP32/cnn_webassembly_esp32/reports/20261009T030249020912Z/report.csv;[];[];[]
drowsiness;wasm;A0493.raw;equal;2;2;2;1;21;ESP32/cnn_webassembly_esp32/reports/20261009T030249020912Z/report.csv;[];[];[]
drowsiness;wasm;A0494.raw;equal;2;2;2;1;21;ESP32/cnn_webassembly_esp32/reports/20261009T030249020912Z/report.csv;[];[];[]
drowsiness;wasm;A0495.raw;equal;2;2;2;1;21;ESP32/cnn_webassembly_esp32/reports/20261009T030249020912Z/report.csv;[];[];[]
drowsiness;wasm;A0496.raw;equal;2;2;2;1;21;ESP32/cnn_webassembly_esp32/reports/20261009T030249020912Z/report.csv;[];[];[]
drowsiness;wasm;A0497.raw;equal;2;2;2;1;21;ESP32/cnn_webassembly_esp32/reports/20261009T030249020912Z/report.csv;[];[];[]
drowsiness;wasm;A0498.raw;equal;2;2;2;1;21;ESP32/cnn_webassembly_esp32/reports/20261009T030249020912Z/report.csv;[];[];[]
drowsiness;wasm;A0499.raw;equal;2;2;2;1;21;ESP32/cnn_webassembly_esp32/reports/20261009T030249020912Z/report.csv;[];[];[]
drowsiness;wasm;A0500.raw;equal;2;2;2;1;21;ESP32/cnn_webassembly_esp32/reports/20261009T030249020912Z/report.csv;[];[];[]
drowsiness;wasm;A0501.raw;equal;2;2;2;1;21;ESP32/cnn_webassembly_esp32/reports/20261009T030249020912Z/report.csv;[];[];[]
drowsiness;wasm;A0502.raw;equal;2;2;2;1;21;ESP32/cnn_webassembly_esp32/reports/20261009T030249020912Z/report.csv;[];[];[]
drowsiness;wasm;A0503.raw;equal;2;2;2;1;21;ESP32/cnn_webassembly_esp32/reports/20261009T030249020912Z/report.csv;[];[];[]
drowsiness;wasm;A0504.raw;equal;2;2;2;1;21;ESP32/cnn_webassembly_esp32/reports/20261009T030249020912Z/report.csv;[];[];[]
drowsiness;wasm;A0505.raw;equal;2;2;2;1;21;ESP32/cnn_webassembly_esp32/reports/20261009T030249020912Z/report.csv;[];[];[]
drowsiness;wasm;A0506.raw;equal;2;2;2;1;21;ESP32/cnn_webassembly_esp32/reports/20261009T030249020912Z/report.csv;[];[];[]
drowsiness;wasm;A0507.raw;equal;2;2;2;1;21;ESP32/cnn_webassembly_esp32/reports/20261009T030249020912Z/report.csv;[];[];[]
drowsiness;wasm;A0508.raw;equal;2;2;2;1;21;ESP32/cnn_webassembly_esp32/reports/20261009T030249020912Z/report.csv;[];[];[]
drowsiness;wasm;A0509.raw;equal;2;2;2;1;21;ESP32/cnn_webassembly_esp32/reports/20261009T030249020912Z/report.csv;[];[];[]
drowsiness;wasm;A0510.raw;equal;2;2;2;1;21;ESP32/cnn_webassembly_esp32/reports/20261009T030249020912Z/report.csv;[];[];[]
drowsiness;wasm;A0511.raw;equal;2;2;2;1;21;ESP32/cnn_webassembly_esp32/reports/20261009T030249020912Z/report.csv;[];[];[]
drowsiness;wasm;A0512.raw;equal;2;2;2;1;21;ESP32/cnn_webassembly_esp32/reports/20261009T030249020912Z/report.csv;[];[];[]
drowsiness;wasm;A0513.raw;equal;2;2;2;1;21;ESP32/cnn_webassembly_esp32/reports/20261009T030249020912Z/report.csv;[];[];[]
drowsiness;wasm;A0514.raw;equal;2;2;2;1;21;ESP32/cnn_webassembly_esp32/reports/20261009T030249020912Z/report.csv;[];[];[]
drowsiness;wasm;A0515.raw;equal;2;2;2;1;21;ESP32/cnn_webassembly_esp32/reports/20261009T030249020912Z/report.csv;[];[];[]
drowsiness;wasm;A0516.raw;equal;2;2;2;1;21;ESP32/cnn_webassembly_esp32/reports/20261009T030249020912Z/report.csv;[];[];[]
drowsiness;wasm;A0517.raw;equal;2;2;2;1;21;ESP32/cnn_webassembly_esp32/reports/20261009T030249020912Z/report.csv;[];[];[]
drowsiness;wasm;A0518.raw;equal;2;2;2;1;21;ESP32/cnn_webassembly_esp32/reports/20261009T030249020912Z/report.csv;[];[];[]
drowsiness;wasm;A0519.raw;equal;2;2;2;1;21;ESP32/cnn_webassembly_esp32/reports/20261009T030249020912Z/report.csv;[];[];[]
drowsiness;wasm;A0520.raw;equal;2;2;2;1;21;ESP32/cnn_webassembly_esp32/reports/20261009T030249020912Z/report.csv;[];[];[]
drowsiness;wasm;A0521.raw;equal;2;2;2;1;21;ESP32/cnn_webassembly_esp32/reports/20261009T030249020912Z/report.csv;[];[];[]
drowsiness;wasm;A0522.raw;equal;2;2;2;1;21;ESP32/cnn_webassembly_esp32/reports/20261009T030249020912Z/report.csv;[];[];[]
drowsiness;wasm;A0523.raw;equal;2;2;2;1;21;ESP32/cnn_webassembly_esp32/reports/20261009T030249020912Z/report.csv;[];[];[]
drowsiness;wasm;A0524.raw;equal;2;2;2;1;21;ESP32/cnn_webassembly_esp32/reports/20261009T030249020912Z/report.csv;[];[];[]
drowsiness;wasm;A0525.raw;equal;2;2;2;1;21;ESP32/cnn_webassembly_esp32/reports/20261009T030249020912Z/report.csv;[];[];[]
drowsiness;wasm;A0526.raw;equal;2;2;2;1;21;ESP32/cnn_webassembly_esp32/reports/20261009T030249020912Z/report.csv;[];[];[]
drowsiness;wasm;A0527.raw;equal;2;2;2;1;21;ESP32/cnn_webassembly_esp32/reports/20261009T030249020912Z/report.csv;[];[];[]
drowsiness;wasm;A0528.raw;equal;2;2;2;1;21;ESP32/cnn_webassembly_esp32/reports/20261009T030249020912Z/report.csv;[];[];[]
drowsiness;wasm;A0529.raw;equal;2;2;2;1;21;ESP32/cnn_webassembly_esp32/reports/20261009T030249020912Z/report.csv;[];[];[]
drowsiness;wasm;A0530.raw;equal;2;2;2;1;21;ESP32/cnn_webassembly_esp32/reports/20261009T030249020912Z/report.csv;[];[];[]
drowsiness;wasm;A0531.raw;equal;2;2;2;1;21;ESP32/cnn_webassembly_esp32/reports/20261009T030249020912Z/report.csv;[];[];[]
drowsiness;wasm;A0532.raw;equal;2;2;2;1;21;ESP32/cnn_webassembly_esp32/reports/20261009T030249020912Z/report.csv;[];[];[]
drowsiness;wasm;A0533.raw;equal;2;2;2;1;21;ESP32/cnn_webassembly_esp32/reports/20261009T030249020912Z/report.csv;[];[];[]
drowsiness;wasm;A0534.raw;equal;2;2;2;1;21;ESP32/cnn_webassembly_esp32/reports/20261009T030249020912Z/report.csv;[];[];[]
drowsiness;wasm;A0535.raw;equal;2;2;2;1;21;ESP32/cnn_webassembly_esp32/reports/20261009T030249020912Z/report.csv;[];[];[]
drowsiness;wasm;A0536.raw;equal;2;2;2;1;21;ESP32/cnn_webassembly_esp32/reports/20261009T030249020912Z/report.csv;[];[];[]
drowsiness;wasm;A0537.raw;equal;2;2;2;1;21;ESP32/cnn_webassembly_esp32/reports/20261009T030249020912Z/report.csv;[];[];[]
drowsiness;wasm;A0538.raw;equal;2;2;2;1;21;ESP32/cnn_webassembly_esp32/reports/20261009T030249020912Z/report.csv;[];[];[]
drowsiness;wasm;A0539.raw;equal;2;2;2;1;21;ESP32/cnn_webassembly_esp32/reports/20261009T030249020912Z/report.csv;[];[];[]
drowsiness;wasm;A0540.raw;equal;2;2;2;1;21;ESP32/cnn_webassembly_esp32/reports/20261009T030249020912Z/report.csv;[];[];[]
drowsiness;wasm;A0541.raw;equal;2;2;2;1;21;ESP32/cnn_webassembly_esp32/reports/20261009T030249020912Z/report.csv;[];[];[]
drowsiness;wasm;A0542.raw;equal;2;2;2;1;21;ESP32/cnn_webassembly_esp32/reports/20261009T030249020912Z/report.csv;[];[];[]
drowsiness;wasm;A0543.raw;equal;2;2;2;1;21;ESP32/cnn_webassembly_esp32/reports/20261009T030249020912Z/report.csv;[];[];[]
drowsiness;wasm;A0544.raw;equal;2;2;2;1;21;ESP32/cnn_webassembly_esp32/reports/20261009T030249020912Z/report.csv;[];[];[]
drowsiness;wasm;A0545.raw;equal;2;2;2;1;21;ESP32/cnn_webassembly_esp32/reports/20261009T030249020912Z/report.csv;[];[];[]
drowsiness;wasm;A0546.raw;equal;2;2;2;1;21;ESP32/cnn_webassembly_esp32/reports/20261009T030249020912Z/report.csv;[];[];[]
drowsiness;wasm;A0547.raw;equal;2;2;2;1;21;ESP32/cnn_webassembly_esp32/reports/20261009T030249020912Z/report.csv;[];[];[]
drowsiness;wasm;A0548.raw;equal;2;2;2;1;21;ESP32/cnn_webassembly_esp32/reports/20261009T030249020912Z/report.csv;[];[];[]
drowsiness;wasm;A0549.raw;equal;2;2;2;1;21;ESP32/cnn_webassembly_esp32/reports/20261009T030249020912Z/report.csv;[];[];[]
drowsiness;wasm;A0550.raw;equal;2;2;2;1;21;ESP32/cnn_webassembly_esp32/reports/20261009T030249020912Z/report.csv;[];[];[]
drowsiness;wasm;A0551.raw;equal;2;2;2;1;21;ESP32/cnn_webassembly_esp32/reports/20261009T030249020912Z/report.csv;[];[];[]
drowsiness;wasm;A0552.raw;equal;2;2;2;1;21;ESP32/cnn_webassembly_esp32/reports/20261009T030249020912Z/report.csv;[];[];[]
drowsiness;wasm;A0553.raw;equal;2;2;2;1;21;ESP32/cnn_webassembly_esp32/reports/20261009T030249020912Z/report.csv;[];[];[]
drowsiness;wasm;A0554.raw;equal;2;2;2;1;21;ESP32/cnn_webassembly_esp32/reports/20261009T030249020912Z/report.csv;[];[];[]
drowsiness;wasm;A0555.raw;equal;2;2;2;1;21;ESP32/cnn_webassembly_esp32/reports/20261009T030249020912Z/report.csv;[];[];[]
drowsiness;wasm;A0556.raw;equal;2;2;2;1;21;ESP32/cnn_webassembly_esp32/reports/20261009T030249020912Z/report.csv;[];[];[]
drowsiness;wasm;A0557.raw;equal;2;2;2;1;21;ESP32/cnn_webassembly_esp32/reports/20261009T030249020912Z/report.csv;[];[];[]
drowsiness;wasm;A0558.raw;equal;2;2;2;1;21;ESP32/cnn_webassembly_esp32/reports/20261009T030249020912Z/report.csv;[];[];[]
drowsiness;wasm;A0559.raw;equal;2;2;2;1;21;ESP32/cnn_webassembly_esp32/reports/20261009T030249020912Z/report.csv;[];[];[]
drowsiness;wasm;A0560.raw;equal;2;2;2;1;21;ESP32/cnn_webassembly_esp32/reports/20261009T030249020912Z/report.csv;[];[];[]
drowsiness;wasm;A0561.raw;equal;2;2;2;1;21;ESP32/cnn_webassembly_esp32/reports/20261009T030249020912Z/report.csv;[];[];[]
drowsiness;wasm;A0562.raw;equal;2;2;2;1;21;ESP32/cnn_webassembly_esp32/reports/20261009T030249020912Z/report.csv;[];[];[]
drowsiness;wasm;A0563.raw;equal;2;2;2;1;21;ESP32/cnn_webassembly_esp32/reports/20261009T030249020912Z/report.csv;[];[];[]
drowsiness;wasm;A0564.raw;equal;2;2;2;1;21;ESP32/cnn_webassembly_esp32/reports/20261009T030249020912Z/report.csv;[];[];[]
drowsiness;wasm;A0565.raw;equal;2;2;2;1;21;ESP32/cnn_webassembly_esp32/reports/20261009T030249020912Z/report.csv;[];[];[]
drowsiness;wasm;A0566.raw;equal;2;2;2;1;21;ESP32/cnn_webassembly_esp32/reports/20261009T030249020912Z/report.csv;[];[];[]
drowsiness;wasm;A0567.raw;equal;2;2;2;1;21;ESP32/cnn_webassembly_esp32/reports/20261009T030249020912Z/report.csv;[];[];[]
drowsiness;wasm;A0568.raw;equal;2;2;2;1;21;ESP32/cnn_webassembly_esp32/reports/20261009T030249020912Z/report.csv;[];[];[]
drowsiness;wasm;A0569.raw;equal;2;2;2;1;21;ESP32/cnn_webassembly_esp32/reports/20261009T030249020912Z/report.csv;[];[];[]
drowsiness;wasm;A0570.raw;equal;2;2;2;1;21;ESP32/cnn_webassembly_esp32/reports/20261009T030249020912Z/report.csv;[];[];[]
drowsiness;wasm;A0571.raw;equal;2;2;2;1;21;ESP32/cnn_webassembly_esp32/reports/20261009T030249020912Z/report.csv;[];[];[]
drowsiness;wasm;A0572.raw;equal;2;2;2;1;21;ESP32/cnn_webassembly_esp32/reports/20261009T030249020912Z/report.csv;[];[];[]
drowsiness;wasm;A0573.raw;equal;2;2;2;1;21;ESP32/cnn_webassembly_esp32/reports/20261009T030249020912Z/report.csv;[];[];[]
drowsiness;wasm;A0574.raw;equal;2;2;2;1;21;ESP32/cnn_webassembly_esp32/reports/20261009T030249020912Z/report.csv;[];[];[]
drowsiness;wasm;A0575.raw;equal;2;2;2;1;21;ESP32/cnn_webassembly_esp32/reports/20261009T030249020912Z/report.csv;[];[];[]
drowsiness;wasm;A0576.raw;equal;2;2;2;1;21;ESP32/cnn_webassembly_esp32/reports/20261009T030249020912Z/report.csv;[];[];[]
drowsiness;wasm;A0577.raw;equal;2;2;2;1;21;ESP32/cnn_webassembly_esp32/reports/20261009T030249020912Z/report.csv;[];[];[]
drowsiness;wasm;A0578.raw;equal;2;2;2;1;21;ESP32/cnn_webassembly_esp32/reports/20261009T030249020912Z/report.csv;[];[];[]
drowsiness;wasm;A0579.raw;equal;2;2;2;1;21;ESP32/cnn_webassembly_esp32/reports/20261009T030249020912Z/report.csv;[];[];[]
drowsiness;wasm;A0580.raw;equal;2;2;2;1;21;ESP32/cnn_webassembly_esp32/reports/20261009T030249020912Z/report.csv;[];[];[]
drowsiness;wasm;A0581.raw;equal;2;2;2;1;21;ESP32/cnn_webassembly_esp32/reports/20261009T030249020912Z/report.csv;[];[];[]
drowsiness;wasm;A0582.raw;equal;2;2;2;1;21;ESP32/cnn_webassembly_esp32/reports/20261009T030249020912Z/report.csv;[];[];[]
drowsiness;wasm;A0583.raw;equal;2;2;2;1;21;ESP32/cnn_webassembly_esp32/reports/20261009T030249020912Z/report.csv;[];[];[]
drowsiness;wasm;A0584.raw;equal;2;2;2;1;21;ESP32/cnn_webassembly_esp32/reports/20261009T030249020912Z/report.csv;[];[];[]
drowsiness;wasm;A0585.raw;equal;2;2;2;1;21;ESP32/cnn_webassembly_esp32/reports/20261009T030249020912Z/report.csv;[];[];[]
drowsiness;wasm;A0586.raw;equal;2;2;2;1;21;ESP32/cnn_webassembly_esp32/reports/20261009T030249020912Z/report.csv;[];[];[]
drowsiness;wasm;A0587.raw;equal;2;2;2;1;21;ESP32/cnn_webassembly_esp32/reports/20261009T030249020912Z/report.csv;[];[];[]
drowsiness;wasm;A0588.raw;equal;2;2;2;1;21;ESP32/cnn_webassembly_esp32/reports/20261009T030249020912Z/report.csv;[];[];[]
drowsiness;wasm;A0589.raw;equal;2;2;2;1;21;ESP32/cnn_webassembly_esp32/reports/20261009T030249020912Z/report.csv;[];[];[]
drowsiness;wasm;A0590.raw;equal;2;2;2;1;21;ESP32/cnn_webassembly_esp32/reports/20261009T030249020912Z/report.csv;[];[];[]
drowsiness;wasm;A0591.raw;equal;2;2;2;1;21;ESP32/cnn_webassembly_esp32/reports/20261009T030249020912Z/report.csv;[];[];[]
drowsiness;wasm;A0592.raw;equal;2;2;2;1;21;ESP32/cnn_webassembly_esp32/reports/20261009T030249020912Z/report.csv;[];[];[]
drowsiness;wasm;A0593.raw;equal;2;2;2;1;21;ESP32/cnn_webassembly_esp32/reports/20261009T030249020912Z/report.csv;[];[];[]
drowsiness;wasm;A0594.raw;equal;2;2;2;1;21;ESP32/cnn_webassembly_esp32/reports/20261009T030249020912Z/report.csv;[];[];[]
drowsiness;wasm;A0595.raw;equal;2;2;2;1;21;ESP32/cnn_webassembly_esp32/reports/20261009T030249020912Z/report.csv;[];[];[]
drowsiness;wasm;A0596.raw;equal;2;2;2;1;21;ESP32/cnn_webassembly_esp32/reports/20261009T030249020912Z/report.csv;[];[];[]
drowsiness;wasm;A0597.raw;equal;2;2;2;1;21;ESP32/cnn_webassembly_esp32/reports/20261009T030249020912Z/report.csv;[];[];[]
drowsiness;wasm;A0598.raw;equal;2;2;2;1;21;ESP32/cnn_webassembly_esp32/reports/20261009T030249020912Z/report.csv;[];[];[]
drowsiness;wasm;A0599.raw;equal;2;2;2;1;21;ESP32/cnn_webassembly_esp32/reports/20261009T030249020912Z/report.csv;[];[];[]
drowsiness;wasm;A0600.raw;equal;2;2;2;1;21;ESP32/cnn_webassembly_esp32/reports/20261009T030249020912Z/report.csv;[];[];[]
drowsiness;wasm;A0601.raw;equal;2;2;2;1;21;ESP32/cnn_webassembly_esp32/reports/20261009T030249020912Z/report.csv;[];[];[]
drowsiness;wasm;A0602.raw;equal;2;2;2;1;21;ESP32/cnn_webassembly_esp32/reports/20261009T030249020912Z/report.csv;[];[];[]
drowsiness;wasm;A0603.raw;equal;2;2;2;1;21;ESP32/cnn_webassembly_esp32/reports/20261009T030249020912Z/report.csv;[];[];[]
drowsiness;wasm;A0604.raw;equal;2;2;2;1;21;ESP32/cnn_webassembly_esp32/reports/20261009T030249020912Z/report.csv;[];[];[]
drowsiness;wasm;A0605.raw;equal;2;2;2;1;21;ESP32/cnn_webassembly_esp32/reports/20261009T030249020912Z/report.csv;[];[];[]
drowsiness;wasm;A0606.raw;equal;2;2;2;1;21;ESP32/cnn_webassembly_esp32/reports/20261009T030249020912Z/report.csv;[];[];[]
drowsiness;wasm;A0607.raw;equal;2;2;2;1;21;ESP32/cnn_webassembly_esp32/reports/20261009T030249020912Z/report.csv;[];[];[]
drowsiness;wasm;A0608.raw;equal;2;2;2;1;21;ESP32/cnn_webassembly_esp32/reports/20261009T030249020912Z/report.csv;[];[];[]
drowsiness;wasm;A0609.raw;equal;2;2;2;1;21;ESP32/cnn_webassembly_esp32/reports/20261009T030249020912Z/report.csv;[];[];[]
drowsiness;wasm;A0610.raw;equal;2;2;2;1;21;ESP32/cnn_webassembly_esp32/reports/20261009T030249020912Z/report.csv;[];[];[]
drowsiness;wasm;A0611.raw;equal;2;2;2;1;21;ESP32/cnn_webassembly_esp32/reports/20261009T030249020912Z/report.csv;[];[];[]
drowsiness;wasm;A0612.raw;equal;2;2;2;1;21;ESP32/cnn_webassembly_esp32/reports/20261009T030249020912Z/report.csv;[];[];[]
drowsiness;wasm;A0613.raw;equal;2;2;2;1;21;ESP32/cnn_webassembly_esp32/reports/20261009T030249020912Z/report.csv;[];[];[]
drowsiness;wasm;A0614.raw;equal;2;2;2;1;21;ESP32/cnn_webassembly_esp32/reports/20261009T030249020912Z/report.csv;[];[];[]
drowsiness;wasm;A0615.raw;equal;2;2;2;1;21;ESP32/cnn_webassembly_esp32/reports/20261009T030249020912Z/report.csv;[];[];[]
drowsiness;wasm;A0616.raw;equal;2;2;2;1;21;ESP32/cnn_webassembly_esp32/reports/20261009T030249020912Z/report.csv;[];[];[]
drowsiness;wasm;A0617.raw;equal;2;2;2;1;21;ESP32/cnn_webassembly_esp32/reports/20261009T030249020912Z/report.csv;[];[];[]
drowsiness;wasm;A0618.raw;equal;2;2;2;1;21;ESP32/cnn_webassembly_esp32/reports/20261009T030249020912Z/report.csv;[];[];[]
drowsiness;wasm;A0619.raw;equal;2;2;2;1;21;ESP32/cnn_webassembly_esp32/reports/20261009T030249020912Z/report.csv;[];[];[]
drowsiness;wasm;A0620.raw;equal;2;2;2;1;21;ESP32/cnn_webassembly_esp32/reports/20261009T030249020912Z/report.csv;[];[];[]
drowsiness;wasm;A0621.raw;equal;2;2;2;1;21;ESP32/cnn_webassembly_esp32/reports/20261009T030249020912Z/report.csv;[];[];[]
drowsiness;wasm;A0622.raw;equal;2;2;2;1;21;ESP32/cnn_webassembly_esp32/reports/20261009T030249020912Z/report.csv;[];[];[]
drowsiness;wasm;A0623.raw;equal;2;2;2;1;21;ESP32/cnn_webassembly_esp32/reports/20261009T030249020912Z/report.csv;[];[];[]
drowsiness;wasm;A0624.raw;equal;2;2;2;1;21;ESP32/cnn_webassembly_esp32/reports/20261009T030249020912Z/report.csv;[];[];[]
drowsiness;wasm;A0625.raw;equal;2;2;2;1;21;ESP32/cnn_webassembly_esp32/reports/20261009T030249020912Z/report.csv;[];[];[]
drowsiness;wasm;A0626.raw;equal;2;2;2;1;21;ESP32/cnn_webassembly_esp32/reports/20261009T030249020912Z/report.csv;[];[];[]
drowsiness;wasm;A0627.raw;equal;2;2;2;1;21;ESP32/cnn_webassembly_esp32/reports/20261009T030249020912Z/report.csv;[];[];[]
drowsiness;wasm;A0628.raw;equal;2;2;2;1;21;ESP32/cnn_webassembly_esp32/reports/20261009T030249020912Z/report.csv;[];[];[]
drowsiness;wasm;A0629.raw;equal;2;2;2;1;21;ESP32/cnn_webassembly_esp32/reports/20261009T030249020912Z/report.csv;[];[];[]
drowsiness;wasm;A0630.raw;equal;2;2;2;1;21;ESP32/cnn_webassembly_esp32/reports/20261009T030249020912Z/report.csv;[];[];[]
drowsiness;wasm;A0631.raw;equal;2;2;2;1;21;ESP32/cnn_webassembly_esp32/reports/20261009T030249020912Z/report.csv;[];[];[]
drowsiness;wasm;A0632.raw;equal;2;2;2;1;21;ESP32/cnn_webassembly_esp32/reports/20261009T030249020912Z/report.csv;[];[];[]
drowsiness;wasm;A0633.raw;equal;2;2;2;1;21;ESP32/cnn_webassembly_esp32/reports/20261009T030249020912Z/report.csv;[];[];[]
drowsiness;wasm;A0634.raw;equal;2;2;2;1;21;ESP32/cnn_webassembly_esp32/reports/20261009T030249020912Z/report.csv;[];[];[]
drowsiness;wasm;A0635.raw;equal;2;2;2;1;21;ESP32/cnn_webassembly_esp32/reports/20261009T030249020912Z/report.csv;[];[];[]
drowsiness;wasm;A0636.raw;equal;2;2;2;1;21;ESP32/cnn_webassembly_esp32/reports/20261009T030249020912Z/report.csv;[];[];[]
drowsiness;wasm;A0637.raw;equal;2;2;2;1;21;ESP32/cnn_webassembly_esp32/reports/20261009T030249020912Z/report.csv;[];[];[]
drowsiness;wasm;A0638.raw;equal;2;2;2;1;21;ESP32/cnn_webassembly_esp32/reports/20261009T030249020912Z/report.csv;[];[];[]
drowsiness;wasm;A0639.raw;equal;2;2;2;1;21;ESP32/cnn_webassembly_esp32/reports/20261009T030249020912Z/report.csv;[];[];[]
drowsiness;wasm;A0640.raw;equal;2;2;2;1;21;ESP32/cnn_webassembly_esp32/reports/20261009T030249020912Z/report.csv;[];[];[]
drowsiness;wasm;A0641.raw;equal;2;2;2;1;21;ESP32/cnn_webassembly_esp32/reports/20261009T030249020912Z/report.csv;[];[];[]
drowsiness;wasm;A0642.raw;equal;2;2;2;1;21;ESP32/cnn_webassembly_esp32/reports/20261009T030249020912Z/report.csv;[];[];[]
drowsiness;wasm;A0643.raw;equal;2;2;2;1;21;ESP32/cnn_webassembly_esp32/reports/20261009T030249020912Z/report.csv;[];[];[]
drowsiness;wasm;A0644.raw;equal;2;2;2;1;21;ESP32/cnn_webassembly_esp32/reports/20261009T030249020912Z/report.csv;[];[];[]
drowsiness;wasm;A0645.raw;equal;2;2;2;1;21;ESP32/cnn_webassembly_esp32/reports/20261009T030249020912Z/report.csv;[];[];[]
drowsiness;wasm;A0646.raw;equal;2;2;2;1;21;ESP32/cnn_webassembly_esp32/reports/20261009T030249020912Z/report.csv;[];[];[]
drowsiness;wasm;A0647.raw;equal;2;2;2;1;21;ESP32/cnn_webassembly_esp32/reports/20261009T030249020912Z/report.csv;[];[];[]
drowsiness;wasm;A0648.raw;equal;2;2;2;1;21;ESP32/cnn_webassembly_esp32/reports/20261009T030249020912Z/report.csv;[];[];[]
drowsiness;wasm;A0649.raw;equal;2;2;2;1;21;ESP32/cnn_webassembly_esp32/reports/20261009T030249020912Z/report.csv;[];[];[]
drowsiness;wasm;A0650.raw;equal;2;2;2;1;21;ESP32/cnn_webassembly_esp32/reports/20261009T030249020912Z/report.csv;[];[];[]
drowsiness;wasm;A0651.raw;equal;2;2;2;1;21;ESP32/cnn_webassembly_esp32/reports/20261009T030249020912Z/report.csv;[];[];[]
drowsiness;wasm;A0652.raw;equal;2;2;2;1;21;ESP32/cnn_webassembly_esp32/reports/20261009T030249020912Z/report.csv;[];[];[]
drowsiness;wasm;A0653.raw;equal;2;2;2;1;21;ESP32/cnn_webassembly_esp32/reports/20261009T030249020912Z/report.csv;[];[];[]
drowsiness;wasm;A0654.raw;equal;2;2;2;1;21;ESP32/cnn_webassembly_esp32/reports/20261009T030249020912Z/report.csv;[];[];[]
drowsiness;wasm;A0655.raw;equal;2;2;2;1;21;ESP32/cnn_webassembly_esp32/reports/20261009T030249020912Z/report.csv;[];[];[]
drowsiness;wasm;A0656.raw;equal;2;2;2;1;21;ESP32/cnn_webassembly_esp32/reports/20261009T030249020912Z/report.csv;[];[];[]
drowsiness;wasm;A0657.raw;equal;2;2;2;1;21;ESP32/cnn_webassembly_esp32/reports/20261009T030249020912Z/report.csv;[];[];[]
drowsiness;wasm;A0658.raw;equal;2;2;2;1;21;ESP32/cnn_webassembly_esp32/reports/20261009T030249020912Z/report.csv;[];[];[]
drowsiness;wasm;A0659.raw;equal;2;2;2;1;21;ESP32/cnn_webassembly_esp32/reports/20261009T030249020912Z/report.csv;[];[];[]
drowsiness;wasm;A0660.raw;equal;2;2;2;1;21;ESP32/cnn_webassembly_esp32/reports/20261009T030249020912Z/report.csv;[];[];[]
drowsiness;wasm;A0661.raw;equal;2;2;2;1;21;ESP32/cnn_webassembly_esp32/reports/20261009T030249020912Z/report.csv;[];[];[]
drowsiness;wasm;A0662.raw;equal;2;2;2;1;21;ESP32/cnn_webassembly_esp32/reports/20261009T030249020912Z/report.csv;[];[];[]
drowsiness;wasm;A0663.raw;equal;2;2;2;1;21;ESP32/cnn_webassembly_esp32/reports/20261009T030249020912Z/report.csv;[];[];[]
drowsiness;wasm;A0664.raw;equal;2;2;2;1;21;ESP32/cnn_webassembly_esp32/reports/20261009T030249020912Z/report.csv;[];[];[]
drowsiness;wasm;A0665.raw;equal;2;2;2;1;21;ESP32/cnn_webassembly_esp32/reports/20261009T030249020912Z/report.csv;[];[];[]
drowsiness;wasm;A0666.raw;equal;2;2;2;1;21;ESP32/cnn_webassembly_esp32/reports/20261009T030249020912Z/report.csv;[];[];[]
drowsiness;wasm;A0667.raw;equal;2;2;2;1;21;ESP32/cnn_webassembly_esp32/reports/20261009T030249020912Z/report.csv;[];[];[]
drowsiness;wasm;A0668.raw;equal;2;2;2;1;21;ESP32/cnn_webassembly_esp32/reports/20261009T030249020912Z/report.csv;[];[];[]
drowsiness;wasm;A0669.raw;equal;2;2;2;1;21;ESP32/cnn_webassembly_esp32/reports/20261009T030249020912Z/report.csv;[];[];[]
drowsiness;wasm;A0670.raw;equal;2;2;2;1;21;ESP32/cnn_webassembly_esp32/reports/20261009T030249020912Z/report.csv;[];[];[]
drowsiness;wasm;A0671.raw;equal;2;2;2;1;21;ESP32/cnn_webassembly_esp32/reports/20261009T030249020912Z/report.csv;[];[];[]
drowsiness;wasm;A0672.raw;equal;2;2;2;1;21;ESP32/cnn_webassembly_esp32/reports/20261009T030249020912Z/report.csv;[];[];[]
drowsiness;wasm;A0673.raw;equal;2;2;2;1;21;ESP32/cnn_webassembly_esp32/reports/20261009T030249020912Z/report.csv;[];[];[]
drowsiness;wasm;A0674.raw;equal;2;2;2;1;21;ESP32/cnn_webassembly_esp32/reports/20261009T030249020912Z/report.csv;[];[];[]
drowsiness;wasm;A0675.raw;equal;2;2;2;1;21;ESP32/cnn_webassembly_esp32/reports/20261009T030249020912Z/report.csv;[];[];[]
drowsiness;wasm;A0676.raw;equal;2;2;2;1;21;ESP32/cnn_webassembly_esp32/reports/20261009T030249020912Z/report.csv;[];[];[]
drowsiness;wasm;A0677.raw;equal;2;2;2;1;21;ESP32/cnn_webassembly_esp32/reports/20261009T030249020912Z/report.csv;[];[];[]
drowsiness;wasm;A0678.raw;equal;2;2;2;1;21;ESP32/cnn_webassembly_esp32/reports/20261009T030249020912Z/report.csv;[];[];[]
drowsiness;wasm;A0679.raw;equal;2;2;2;1;21;ESP32/cnn_webassembly_esp32/reports/20261009T030249020912Z/report.csv;[];[];[]
drowsiness;wasm;A0680.raw;equal;2;2;2;1;21;ESP32/cnn_webassembly_esp32/reports/20261009T030249020912Z/report.csv;[];[];[]
drowsiness;wasm;A0681.raw;equal;2;2;2;1;21;ESP32/cnn_webassembly_esp32/reports/20261009T030249020912Z/report.csv;[];[];[]
drowsiness;wasm;A0682.raw;equal;2;2;2;1;21;ESP32/cnn_webassembly_esp32/reports/20261009T030249020912Z/report.csv;[];[];[]
drowsiness;wasm;A0683.raw;equal;2;2;2;1;21;ESP32/cnn_webassembly_esp32/reports/20261009T030249020912Z/report.csv;[];[];[]
drowsiness;wasm;A0684.raw;equal;2;2;2;1;21;ESP32/cnn_webassembly_esp32/reports/20261009T030249020912Z/report.csv;[];[];[]
drowsiness;wasm;A0685.raw;equal;2;2;2;1;21;ESP32/cnn_webassembly_esp32/reports/20261009T030249020912Z/report.csv;[];[];[]
drowsiness;wasm;A0686.raw;equal;2;2;2;1;21;ESP32/cnn_webassembly_esp32/reports/20261009T030249020912Z/report.csv;[];[];[]
drowsiness;wasm;A0687.raw;equal;2;2;2;1;21;ESP32/cnn_webassembly_esp32/reports/20261009T030249020912Z/report.csv;[];[];[]
drowsiness;wasm;A0688.raw;equal;2;2;2;1;21;ESP32/cnn_webassembly_esp32/reports/20261009T030249020912Z/report.csv;[];[];[]
drowsiness;wasm;A0689.raw;equal;2;2;2;1;21;ESP32/cnn_webassembly_esp32/reports/20261009T030249020912Z/report.csv;[];[];[]
drowsiness;wasm;A0690.raw;equal;2;2;2;1;21;ESP32/cnn_webassembly_esp32/reports/20261009T030249020912Z/report.csv;[];[];[]
drowsiness;wasm;A0691.raw;equal;2;2;2;1;21;ESP32/cnn_webassembly_esp32/reports/20261009T030249020912Z/report.csv;[];[];[]
drowsiness;wasm;A0692.raw;equal;2;2;2;1;21;ESP32/cnn_webassembly_esp32/reports/20261009T030249020912Z/report.csv;[];[];[]
drowsiness;wasm;A0693.raw;equal;2;2;2;1;21;ESP32/cnn_webassembly_esp32/reports/20261009T030249020912Z/report.csv;[];[];[]
drowsiness;wasm;A0694.raw;equal;2;2;2;1;21;ESP32/cnn_webassembly_esp32/reports/20261009T030249020912Z/report.csv;[];[];[]
drowsiness;wasm;A0695.raw;equal;2;2;2;1;21;ESP32/cnn_webassembly_esp32/reports/20261009T030249020912Z/report.csv;[];[];[]
drowsiness;wasm;A0696.raw;equal;2;2;2;1;21;ESP32/cnn_webassembly_esp32/reports/20261009T030249020912Z/report.csv;[];[];[]
drowsiness;wasm;A0697.raw;equal;2;2;2;1;21;ESP32/cnn_webassembly_esp32/reports/20261009T030249020912Z/report.csv;[];[];[]
drowsiness;wasm;A0698.raw;equal;2;2;2;1;21;ESP32/cnn_webassembly_esp32/reports/20261009T030249020912Z/report.csv;[];[];[]
drowsiness;wasm;A0699.raw;equal;2;2;2;1;21;ESP32/cnn_webassembly_esp32/reports/20261009T030249020912Z/report.csv;[];[];[]
drowsiness;wasm;A0700.raw;equal;2;2;2;1;21;ESP32/cnn_webassembly_esp32/reports/20261009T030249020912Z/report.csv;[];[];[]
drowsiness;wasm;A0701.raw;equal;2;2;2;1;21;ESP32/cnn_webassembly_esp32/reports/20261009T030249020912Z/report.csv;[];[];[]
drowsiness;wasm;A0702.raw;equal;2;2;2;1;21;ESP32/cnn_webassembly_esp32/reports/20261009T030249020912Z/report.csv;[];[];[]
drowsiness;wasm;A0703.raw;equal;2;2;2;1;21;ESP32/cnn_webassembly_esp32/reports/20261009T030249020912Z/report.csv;[];[];[]
drowsiness;wasm;A0704.raw;equal;2;2;2;1;21;ESP32/cnn_webassembly_esp32/reports/20261009T030249020912Z/report.csv;[];[];[]
drowsiness;wasm;A0705.raw;equal;2;2;2;1;21;ESP32/cnn_webassembly_esp32/reports/20261009T030249020912Z/report.csv;[];[];[]
drowsiness;wasm;A0706.raw;equal;2;2;2;1;21;ESP32/cnn_webassembly_esp32/reports/20261009T030249020912Z/report.csv;[];[];[]
drowsiness;wasm;A0707.raw;equal;2;2;2;1;21;ESP32/cnn_webassembly_esp32/reports/20261009T030249020912Z/report.csv;[];[];[]
drowsiness;wasm;A0708.raw;equal;2;2;2;1;21;ESP32/cnn_webassembly_esp32/reports/20261009T030249020912Z/report.csv;[];[];[]
drowsiness;wasm;A0709.raw;equal;2;2;2;1;21;ESP32/cnn_webassembly_esp32/reports/20261009T030249020912Z/report.csv;[];[];[]
drowsiness;wasm;A0710.raw;equal;2;2;2;1;21;ESP32/cnn_webassembly_esp32/reports/20261009T030249020912Z/report.csv;[];[];[]
drowsiness;wasm;A0711.raw;equal;2;2;2;1;21;ESP32/cnn_webassembly_esp32/reports/20261009T030249020912Z/report.csv;[];[];[]
drowsiness;wasm;A0712.raw;equal;2;2;2;1;21;ESP32/cnn_webassembly_esp32/reports/20261009T030249020912Z/report.csv;[];[];[]
drowsiness;wasm;A0713.raw;equal;2;2;2;1;21;ESP32/cnn_webassembly_esp32/reports/20261009T030249020912Z/report.csv;[];[];[]
drowsiness;wasm;A0714.raw;equal;2;2;2;1;21;ESP32/cnn_webassembly_esp32/reports/20261009T030249020912Z/report.csv;[];[];[]
drowsiness;wasm;A0715.raw;equal;2;2;2;1;21;ESP32/cnn_webassembly_esp32/reports/20261009T030249020912Z/report.csv;[];[];[]
drowsiness;wasm;A0716.raw;equal;2;2;2;1;21;ESP32/cnn_webassembly_esp32/reports/20261009T030249020912Z/report.csv;[];[];[]
drowsiness;wasm;A0717.raw;equal;2;2;2;1;21;ESP32/cnn_webassembly_esp32/reports/20261009T030249020912Z/report.csv;[];[];[]
drowsiness;wasm;A0718.raw;equal;2;2;2;1;21;ESP32/cnn_webassembly_esp32/reports/20261009T030249020912Z/report.csv;[];[];[]
drowsiness;wasm;A0719.raw;equal;2;2;2;1;21;ESP32/cnn_webassembly_esp32/reports/20261009T030249020912Z/report.csv;[];[];[]
drowsiness;wasm;A0720.raw;equal;2;2;2;1;21;ESP32/cnn_webassembly_esp32/reports/20261009T030249020912Z/report.csv;[];[];[]
drowsiness;wasm;A0721.raw;equal;2;2;2;1;21;ESP32/cnn_webassembly_esp32/reports/20261009T030249020912Z/report.csv;[];[];[]
drowsiness;wasm;A0722.raw;equal;2;2;2;1;21;ESP32/cnn_webassembly_esp32/reports/20261009T030249020912Z/report.csv;[];[];[]
drowsiness;wasm;A0723.raw;equal;2;2;2;1;21;ESP32/cnn_webassembly_esp32/reports/20261009T030249020912Z/report.csv;[];[];[]
drowsiness;wasm;A0724.raw;equal;2;2;2;1;21;ESP32/cnn_webassembly_esp32/reports/20261009T030249020912Z/report.csv;[];[];[]
drowsiness;wasm;A0725.raw;equal;2;2;2;1;21;ESP32/cnn_webassembly_esp32/reports/20261009T030249020912Z/report.csv;[];[];[]
drowsiness;wasm;A0726.raw;equal;2;2;2;1;21;ESP32/cnn_webassembly_esp32/reports/20261009T030249020912Z/report.csv;[];[];[]
drowsiness;wasm;A0727.raw;equal;2;2;2;1;21;ESP32/cnn_webassembly_esp32/reports/20261009T030249020912Z/report.csv;[];[];[]
drowsiness;wasm;A0728.raw;equal;2;2;2;1;21;ESP32/cnn_webassembly_esp32/reports/20261009T030249020912Z/report.csv;[];[];[]
drowsiness;wasm;A0729.raw;equal;2;2;2;1;21;ESP32/cnn_webassembly_esp32/reports/20261009T030249020912Z/report.csv;[];[];[]
drowsiness;wasm;A0730.raw;equal;2;2;2;1;21;ESP32/cnn_webassembly_esp32/reports/20261009T030249020912Z/report.csv;[];[];[]
drowsiness;wasm;A0731.raw;equal;2;2;2;1;21;ESP32/cnn_webassembly_esp32/reports/20261009T030249020912Z/report.csv;[];[];[]
drowsiness;wasm;A0732.raw;equal;2;2;2;1;21;ESP32/cnn_webassembly_esp32/reports/20261009T030249020912Z/report.csv;[];[];[]
drowsiness;wasm;A0733.raw;equal;2;2;2;1;21;ESP32/cnn_webassembly_esp32/reports/20261009T030249020912Z/report.csv;[];[];[]
drowsiness;wasm;A0734.raw;equal;2;2;2;1;21;ESP32/cnn_webassembly_esp32/reports/20261009T030249020912Z/report.csv;[];[];[]
drowsiness;wasm;A0735.raw;equal;2;2;2;1;21;ESP32/cnn_webassembly_esp32/reports/20261009T030249020912Z/report.csv;[];[];[]
drowsiness;wasm;A0736.raw;equal;2;2;2;1;21;ESP32/cnn_webassembly_esp32/reports/20261009T030249020912Z/report.csv;[];[];[]
drowsiness;wasm;A0737.raw;equal;2;2;2;1;21;ESP32/cnn_webassembly_esp32/reports/20261009T030249020912Z/report.csv;[];[];[]
drowsiness;wasm;A0738.raw;equal;2;2;2;1;21;ESP32/cnn_webassembly_esp32/reports/20261009T030249020912Z/report.csv;[];[];[]
drowsiness;wasm;A0739.raw;equal;2;2;2;1;21;ESP32/cnn_webassembly_esp32/reports/20261009T030249020912Z/report.csv;[];[];[]
drowsiness;wasm;A0740.raw;equal;2;2;2;1;21;ESP32/cnn_webassembly_esp32/reports/20261009T030249020912Z/report.csv;[];[];[]
drowsiness;wasm;A0741.raw;equal;2;2;2;1;21;ESP32/cnn_webassembly_esp32/reports/20261009T030249020912Z/report.csv;[];[];[]
drowsiness;wasm;A0742.raw;equal;2;2;2;1;21;ESP32/cnn_webassembly_esp32/reports/20261009T030249020912Z/report.csv;[];[];[]
drowsiness;wasm;A0743.raw;equal;2;2;2;1;21;ESP32/cnn_webassembly_esp32/reports/20261009T030249020912Z/report.csv;[];[];[]
drowsiness;wasm;A0744.raw;equal;2;2;2;1;21;ESP32/cnn_webassembly_esp32/reports/20261009T030249020912Z/report.csv;[];[];[]
drowsiness;wasm;A0745.raw;equal;2;2;2;1;21;ESP32/cnn_webassembly_esp32/reports/20261009T030249020912Z/report.csv;[];[];[]
drowsiness;wasm;A0746.raw;equal;2;2;2;1;21;ESP32/cnn_webassembly_esp32/reports/20261009T030249020912Z/report.csv;[];[];[]
drowsiness;wasm;A0747.raw;equal;2;2;2;1;21;ESP32/cnn_webassembly_esp32/reports/20261009T030249020912Z/report.csv;[];[];[]
drowsiness;wasm;A0748.raw;equal;2;2;2;1;21;ESP32/cnn_webassembly_esp32/reports/20261009T030249020912Z/report.csv;[];[];[]
drowsiness;wasm;A0749.raw;equal;2;2;2;1;21;ESP32/cnn_webassembly_esp32/reports/20261009T030249020912Z/report.csv;[];[];[]
drowsiness;wasm;A0750.raw;equal;2;2;2;1;21;ESP32/cnn_webassembly_esp32/reports/20261009T030249020912Z/report.csv;[];[];[]
drowsiness;wasm;A0751.raw;equal;2;2;2;1;21;ESP32/cnn_webassembly_esp32/reports/20261009T030249020912Z/report.csv;[];[];[]
drowsiness;wasm;A0752.raw;equal;2;2;2;1;21;ESP32/cnn_webassembly_esp32/reports/20261009T030249020912Z/report.csv;[];[];[]
drowsiness;wasm;A0753.raw;equal;2;2;2;1;21;ESP32/cnn_webassembly_esp32/reports/20261009T030249020912Z/report.csv;[];[];[]
drowsiness;wasm;A0754.raw;equal;2;2;2;1;21;ESP32/cnn_webassembly_esp32/reports/20261009T030249020912Z/report.csv;[];[];[]
drowsiness;wasm;A0755.raw;equal;2;2;2;1;21;ESP32/cnn_webassembly_esp32/reports/20261009T030249020912Z/report.csv;[];[];[]
drowsiness;wasm;A0756.raw;equal;2;2;2;1;21;ESP32/cnn_webassembly_esp32/reports/20261009T030249020912Z/report.csv;[];[];[]
drowsiness;wasm;A0757.raw;equal;2;2;2;1;21;ESP32/cnn_webassembly_esp32/reports/20261009T030249020912Z/report.csv;[];[];[]
drowsiness;wasm;A0758.raw;equal;2;2;2;1;21;ESP32/cnn_webassembly_esp32/reports/20261009T030249020912Z/report.csv;[];[];[]
drowsiness;wasm;A0759.raw;equal;2;2;2;1;21;ESP32/cnn_webassembly_esp32/reports/20261009T030249020912Z/report.csv;[];[];[]
drowsiness;wasm;A0760.raw;equal;2;2;2;1;21;ESP32/cnn_webassembly_esp32/reports/20261009T030249020912Z/report.csv;[];[];[]
drowsiness;wasm;A0761.raw;equal;2;2;2;1;21;ESP32/cnn_webassembly_esp32/reports/20261009T030249020912Z/report.csv;[];[];[]
drowsiness;wasm;A0762.raw;equal;2;2;2;1;21;ESP32/cnn_webassembly_esp32/reports/20261009T030249020912Z/report.csv;[];[];[]
drowsiness;wasm;A0763.raw;equal;2;2;2;1;21;ESP32/cnn_webassembly_esp32/reports/20261009T030249020912Z/report.csv;[];[];[]
drowsiness;wasm;A0764.raw;equal;2;2;2;1;21;ESP32/cnn_webassembly_esp32/reports/20261009T030249020912Z/report.csv;[];[];[]
drowsiness;wasm;A0765.raw;equal;2;2;2;1;21;ESP32/cnn_webassembly_esp32/reports/20261009T030249020912Z/report.csv;[];[];[]
drowsiness;wasm;A0766.raw;equal;2;2;2;1;21;ESP32/cnn_webassembly_esp32/reports/20261009T030249020912Z/report.csv;[];[];[]
drowsiness;wasm;A0767.raw;equal;2;2;2;1;21;ESP32/cnn_webassembly_esp32/reports/20261009T030249020912Z/report.csv;[];[];[]
drowsiness;wasm;A0768.raw;equal;2;2;2;1;21;ESP32/cnn_webassembly_esp32/reports/20261009T030249020912Z/report.csv;[];[];[]
drowsiness;wasm;A0769.raw;equal;2;2;2;1;21;ESP32/cnn_webassembly_esp32/reports/20261009T030249020912Z/report.csv;[];[];[]
drowsiness;wasm;A0770.raw;equal;2;2;2;1;21;ESP32/cnn_webassembly_esp32/reports/20261009T030249020912Z/report.csv;[];[];[]
drowsiness;wasm;A0771.raw;equal;2;2;2;1;21;ESP32/cnn_webassembly_esp32/reports/20261009T030249020912Z/report.csv;[];[];[]
drowsiness;wasm;A0772.raw;equal;2;2;2;1;21;ESP32/cnn_webassembly_esp32/reports/20261009T030249020912Z/report.csv;[];[];[]
drowsiness;wasm;A0773.raw;equal;2;2;2;1;21;ESP32/cnn_webassembly_esp32/reports/20261009T030249020912Z/report.csv;[];[];[]
drowsiness;wasm;A0774.raw;equal;2;2;2;1;21;ESP32/cnn_webassembly_esp32/reports/20261009T030249020912Z/report.csv;[];[];[]
drowsiness;wasm;A0775.raw;equal;2;2;2;1;21;ESP32/cnn_webassembly_esp32/reports/20261009T030249020912Z/report.csv;[];[];[]
drowsiness;wasm;A0776.raw;equal;2;2;2;1;21;ESP32/cnn_webassembly_esp32/reports/20261009T030249020912Z/report.csv;[];[];[]
drowsiness;wasm;A0777.raw;equal;2;2;2;1;21;ESP32/cnn_webassembly_esp32/reports/20261009T030249020912Z/report.csv;[];[];[]
drowsiness;wasm;A0778.raw;equal;2;2;2;1;21;ESP32/cnn_webassembly_esp32/reports/20261009T030249020912Z/report.csv;[];[];[]
drowsiness;wasm;A0779.raw;equal;2;2;2;1;21;ESP32/cnn_webassembly_esp32/reports/20261009T030249020912Z/report.csv;[];[];[]
drowsiness;wasm;A0780.raw;equal;2;2;2;1;21;ESP32/cnn_webassembly_esp32/reports/20261009T030249020912Z/report.csv;[];[];[]
drowsiness;wasm;A0781.raw;equal;2;2;2;1;21;ESP32/cnn_webassembly_esp32/reports/20261009T030249020912Z/report.csv;[];[];[]
drowsiness;wasm;A0782.raw;equal;2;2;2;1;21;ESP32/cnn_webassembly_esp32/reports/20261009T030249020912Z/report.csv;[];[];[]
drowsiness;wasm;A0783.raw;equal;2;2;2;1;21;ESP32/cnn_webassembly_esp32/reports/20261009T030249020912Z/report.csv;[];[];[]
drowsiness;wasm;A0784.raw;equal;2;2;2;1;21;ESP32/cnn_webassembly_esp32/reports/20261009T030249020912Z/report.csv;[];[];[]
drowsiness;wasm;A0785.raw;equal;2;2;2;1;21;ESP32/cnn_webassembly_esp32/reports/20261009T030249020912Z/report.csv;[];[];[]
drowsiness;wasm;A0786.raw;equal;2;2;2;1;21;ESP32/cnn_webassembly_esp32/reports/20261009T030249020912Z/report.csv;[];[];[]
drowsiness;wasm;A0787.raw;equal;2;2;2;1;21;ESP32/cnn_webassembly_esp32/reports/20261009T030249020912Z/report.csv;[];[];[]
drowsiness;wasm;A0788.raw;equal;2;2;2;1;21;ESP32/cnn_webassembly_esp32/reports/20261009T030249020912Z/report.csv;[];[];[]
drowsiness;wasm;A0789.raw;equal;2;2;2;1;21;ESP32/cnn_webassembly_esp32/reports/20261009T030249020912Z/report.csv;[];[];[]
drowsiness;wasm;A0790.raw;equal;2;2;2;1;21;ESP32/cnn_webassembly_esp32/reports/20261009T030249020912Z/report.csv;[];[];[]
drowsiness;wasm;A0791.raw;equal;2;2;2;1;21;ESP32/cnn_webassembly_esp32/reports/20261009T030249020912Z/report.csv;[];[];[]
drowsiness;wasm;A0792.raw;equal;2;2;2;1;21;ESP32/cnn_webassembly_esp32/reports/20261009T030249020912Z/report.csv;[];[];[]
drowsiness;wasm;A0793.raw;equal;2;2;2;1;21;ESP32/cnn_webassembly_esp32/reports/20261009T030249020912Z/report.csv;[];[];[]
drowsiness;wasm;A0794.raw;equal;2;2;2;1;21;ESP32/cnn_webassembly_esp32/reports/20261009T030249020912Z/report.csv;[];[];[]
drowsiness;wasm;A0795.raw;equal;2;2;2;1;21;ESP32/cnn_webassembly_esp32/reports/20261009T030249020912Z/report.csv;[];[];[]
drowsiness;wasm;A0796.raw;equal;2;2;2;1;21;ESP32/cnn_webassembly_esp32/reports/20261009T030249020912Z/report.csv;[];[];[]
drowsiness;wasm;A0797.raw;equal;2;2;2;1;21;ESP32/cnn_webassembly_esp32/reports/20261009T030249020912Z/report.csv;[];[];[]
drowsiness;wasm;A0798.raw;equal;2;2;2;1;21;ESP32/cnn_webassembly_esp32/reports/20261009T030249020912Z/report.csv;[];[];[]
drowsiness;wasm;A0799.raw;equal;2;2;2;1;21;ESP32/cnn_webassembly_esp32/reports/20261009T030249020912Z/report.csv;[];[];[]
drowsiness;wasm;A0800.raw;equal;2;2;2;1;21;ESP32/cnn_webassembly_esp32/reports/20261009T030249020912Z/report.csv;[];[];[]
drowsiness;wasm;A0801.raw;equal;2;2;2;1;21;ESP32/cnn_webassembly_esp32/reports/20261009T030249020912Z/report.csv;[];[];[]
drowsiness;wasm;A0802.raw;equal;2;2;2;1;21;ESP32/cnn_webassembly_esp32/reports/20261009T030249020912Z/report.csv;[];[];[]
drowsiness;wasm;A0803.raw;equal;2;2;2;1;21;ESP32/cnn_webassembly_esp32/reports/20261009T030249020912Z/report.csv;[];[];[]
drowsiness;wasm;A0804.raw;equal;2;2;2;1;21;ESP32/cnn_webassembly_esp32/reports/20261009T030249020912Z/report.csv;[];[];[]
drowsiness;wasm;A0805.raw;equal;2;2;2;1;21;ESP32/cnn_webassembly_esp32/reports/20261009T030249020912Z/report.csv;[];[];[]
drowsiness;wasm;A0806.raw;equal;2;2;2;1;21;ESP32/cnn_webassembly_esp32/reports/20261009T030249020912Z/report.csv;[];[];[]
drowsiness;wasm;A0807.raw;equal;2;2;2;1;21;ESP32/cnn_webassembly_esp32/reports/20261009T030249020912Z/report.csv;[];[];[]
drowsiness;wasm;A0808.raw;equal;2;2;2;1;21;ESP32/cnn_webassembly_esp32/reports/20261009T030249020912Z/report.csv;[];[];[]
drowsiness;wasm;A0809.raw;equal;2;2;2;1;21;ESP32/cnn_webassembly_esp32/reports/20261009T030249020912Z/report.csv;[];[];[]
drowsiness;wasm;A0810.raw;equal;2;2;2;1;21;ESP32/cnn_webassembly_esp32/reports/20261009T030249020912Z/report.csv;[];[];[]
drowsiness;wasm;A0811.raw;equal;2;2;2;1;21;ESP32/cnn_webassembly_esp32/reports/20261009T030249020912Z/report.csv;[];[];[]
drowsiness;wasm;A0812.raw;equal;2;2;2;1;21;ESP32/cnn_webassembly_esp32/reports/20261009T030249020912Z/report.csv;[];[];[]
drowsiness;wasm;A0813.raw;equal;2;2;2;1;21;ESP32/cnn_webassembly_esp32/reports/20261009T030249020912Z/report.csv;[];[];[]
drowsiness;wasm;A0814.raw;equal;2;2;2;1;21;ESP32/cnn_webassembly_esp32/reports/20261009T030249020912Z/report.csv;[];[];[]
drowsiness;wasm;A0815.raw;equal;2;2;2;1;21;ESP32/cnn_webassembly_esp32/reports/20261009T030249020912Z/report.csv;[];[];[]
drowsiness;wasm;A0816.raw;equal;2;2;2;1;21;ESP32/cnn_webassembly_esp32/reports/20261009T030249020912Z/report.csv;[];[];[]
drowsiness;wasm;A0817.raw;equal;2;2;2;1;21;ESP32/cnn_webassembly_esp32/reports/20261009T030249020912Z/report.csv;[];[];[]
drowsiness;wasm;A0818.raw;equal;2;2;2;1;21;ESP32/cnn_webassembly_esp32/reports/20261009T030249020912Z/report.csv;[];[];[]
drowsiness;wasm;A0819.raw;equal;2;2;2;1;21;ESP32/cnn_webassembly_esp32/reports/20261009T030249020912Z/report.csv;[];[];[]
drowsiness;wasm;A0820.raw;equal;2;2;2;1;21;ESP32/cnn_webassembly_esp32/reports/20261009T030249020912Z/report.csv;[];[];[]
drowsiness;wasm;A0821.raw;equal;2;2;2;1;21;ESP32/cnn_webassembly_esp32/reports/20261009T030249020912Z/report.csv;[];[];[]
drowsiness;wasm;A0822.raw;equal;2;2;2;1;21;ESP32/cnn_webassembly_esp32/reports/20261009T030249020912Z/report.csv;[];[];[]
drowsiness;wasm;A0823.raw;equal;2;2;2;1;21;ESP32/cnn_webassembly_esp32/reports/20261009T030249020912Z/report.csv;[];[];[]
drowsiness;wasm;A0824.raw;equal;2;2;2;1;21;ESP32/cnn_webassembly_esp32/reports/20261009T030249020912Z/report.csv;[];[];[]
drowsiness;wasm;A0825.raw;equal;2;2;2;1;21;ESP32/cnn_webassembly_esp32/reports/20261009T030249020912Z/report.csv;[];[];[]
drowsiness;wasm;A0826.raw;equal;2;2;2;1;21;ESP32/cnn_webassembly_esp32/reports/20261009T030249020912Z/report.csv;[];[];[]
drowsiness;wasm;A0827.raw;equal;2;2;2;1;21;ESP32/cnn_webassembly_esp32/reports/20261009T030249020912Z/report.csv;[];[];[]
drowsiness;wasm;A0828.raw;equal;2;2;2;1;21;ESP32/cnn_webassembly_esp32/reports/20261009T030249020912Z/report.csv;[];[];[]
drowsiness;wasm;A0829.raw;equal;2;2;2;1;21;ESP32/cnn_webassembly_esp32/reports/20261009T030249020912Z/report.csv;[];[];[]
drowsiness;wasm;A0830.raw;equal;2;2;2;1;21;ESP32/cnn_webassembly_esp32/reports/20261009T030249020912Z/report.csv;[];[];[]
drowsiness;wasm;A0831.raw;equal;2;2;2;1;21;ESP32/cnn_webassembly_esp32/reports/20261009T030249020912Z/report.csv;[];[];[]
drowsiness;wasm;A0832.raw;equal;2;2;2;1;21;ESP32/cnn_webassembly_esp32/reports/20261009T030249020912Z/report.csv;[];[];[]
drowsiness;wasm;A0833.raw;equal;2;2;2;1;21;ESP32/cnn_webassembly_esp32/reports/20261009T030249020912Z/report.csv;[];[];[]
drowsiness;wasm;A0834.raw;equal;2;2;2;1;21;ESP32/cnn_webassembly_esp32/reports/20261009T030249020912Z/report.csv;[];[];[]
drowsiness;wasm;A0835.raw;equal;2;2;2;1;21;ESP32/cnn_webassembly_esp32/reports/20261009T030249020912Z/report.csv;[];[];[]
drowsiness;wasm;A0836.raw;equal;2;2;2;1;21;ESP32/cnn_webassembly_esp32/reports/20261009T030249020912Z/report.csv;[];[];[]
drowsiness;wasm;A0837.raw;equal;2;2;2;1;21;ESP32/cnn_webassembly_esp32/reports/20261009T030249020912Z/report.csv;[];[];[]
drowsiness;wasm;A0838.raw;equal;2;2;2;1;21;ESP32/cnn_webassembly_esp32/reports/20261009T030249020912Z/report.csv;[];[];[]
drowsiness;wasm;A0839.raw;equal;2;2;2;1;21;ESP32/cnn_webassembly_esp32/reports/20261009T030249020912Z/report.csv;[];[];[]
drowsiness;wasm;A0840.raw;equal;2;2;2;1;21;ESP32/cnn_webassembly_esp32/reports/20261009T030249020912Z/report.csv;[];[];[]
drowsiness;wasm;A0841.raw;equal;2;2;2;1;21;ESP32/cnn_webassembly_esp32/reports/20261009T030249020912Z/report.csv;[];[];[]
drowsiness;wasm;A0842.raw;equal;2;2;2;1;21;ESP32/cnn_webassembly_esp32/reports/20261009T030249020912Z/report.csv;[];[];[]
drowsiness;wasm;A0843.raw;equal;2;2;2;1;21;ESP32/cnn_webassembly_esp32/reports/20261009T030249020912Z/report.csv;[];[];[]
drowsiness;wasm;A0844.raw;equal;2;2;2;1;21;ESP32/cnn_webassembly_esp32/reports/20261009T030249020912Z/report.csv;[];[];[]
drowsiness;wasm;A0845.raw;equal;2;2;2;1;21;ESP32/cnn_webassembly_esp32/reports/20261009T030249020912Z/report.csv;[];[];[]
drowsiness;wasm;A0846.raw;equal;2;2;2;1;21;ESP32/cnn_webassembly_esp32/reports/20261009T030249020912Z/report.csv;[];[];[]
drowsiness;wasm;A0847.raw;equal;2;2;2;1;21;ESP32/cnn_webassembly_esp32/reports/20261009T030249020912Z/report.csv;[];[];[]
drowsiness;wasm;A0848.raw;equal;2;2;2;1;21;ESP32/cnn_webassembly_esp32/reports/20261009T030249020912Z/report.csv;[];[];[]
drowsiness;wasm;A0849.raw;equal;2;2;2;1;21;ESP32/cnn_webassembly_esp32/reports/20261009T030249020912Z/report.csv;[];[];[]
drowsiness;wasm;A0850.raw;equal;2;2;2;1;21;ESP32/cnn_webassembly_esp32/reports/20261009T030249020912Z/report.csv;[];[];[]
drowsiness;wasm;A0851.raw;equal;2;2;2;1;21;ESP32/cnn_webassembly_esp32/reports/20261009T030249020912Z/report.csv;[];[];[]
drowsiness;wasm;A0852.raw;equal;2;2;2;1;21;ESP32/cnn_webassembly_esp32/reports/20261009T030249020912Z/report.csv;[];[];[]
drowsiness;wasm;A0853.raw;equal;2;2;2;1;21;ESP32/cnn_webassembly_esp32/reports/20261009T030249020912Z/report.csv;[];[];[]
drowsiness;wasm;A0854.raw;equal;2;2;2;1;21;ESP32/cnn_webassembly_esp32/reports/20261009T030249020912Z/report.csv;[];[];[]
drowsiness;wasm;A0855.raw;equal;2;2;2;1;21;ESP32/cnn_webassembly_esp32/reports/20261009T030249020912Z/report.csv;[];[];[]
drowsiness;wasm;A0856.raw;equal;2;2;2;1;21;ESP32/cnn_webassembly_esp32/reports/20261009T030249020912Z/report.csv;[];[];[]
drowsiness;wasm;A0857.raw;equal;2;2;2;1;21;ESP32/cnn_webassembly_esp32/reports/20261009T030249020912Z/report.csv;[];[];[]
drowsiness;wasm;A0858.raw;equal;2;2;2;1;21;ESP32/cnn_webassembly_esp32/reports/20261009T030249020912Z/report.csv;[];[];[]
drowsiness;wasm;A0859.raw;equal;2;2;2;1;21;ESP32/cnn_webassembly_esp32/reports/20261009T030249020912Z/report.csv;[];[];[]
drowsiness;wasm;A0860.raw;equal;2;2;2;1;21;ESP32/cnn_webassembly_esp32/reports/20261009T030249020912Z/report.csv;[];[];[]
drowsiness;wasm;A0861.raw;equal;2;2;2;1;21;ESP32/cnn_webassembly_esp32/reports/20261009T030249020912Z/report.csv;[];[];[]
drowsiness;wasm;A0862.raw;equal;2;2;2;1;21;ESP32/cnn_webassembly_esp32/reports/20261009T030249020912Z/report.csv;[];[];[]
drowsiness;wasm;A0863.raw;equal;2;2;2;1;21;ESP32/cnn_webassembly_esp32/reports/20261009T030249020912Z/report.csv;[];[];[]
drowsiness;wasm;A0864.raw;equal;2;2;2;1;21;ESP32/cnn_webassembly_esp32/reports/20261009T030249020912Z/report.csv;[];[];[]
drowsiness;wasm;A0865.raw;equal;2;2;2;1;21;ESP32/cnn_webassembly_esp32/reports/20261009T030249020912Z/report.csv;[];[];[]
drowsiness;wasm;A0866.raw;equal;2;2;2;1;21;ESP32/cnn_webassembly_esp32/reports/20261009T030249020912Z/report.csv;[];[];[]
drowsiness;wasm;A0867.raw;equal;2;2;2;1;21;ESP32/cnn_webassembly_esp32/reports/20261009T030249020912Z/report.csv;[];[];[]
drowsiness;wasm;A0868.raw;equal;2;2;2;1;21;ESP32/cnn_webassembly_esp32/reports/20261009T030249020912Z/report.csv;[];[];[]
drowsiness;wasm;A0869.raw;equal;2;2;2;1;21;ESP32/cnn_webassembly_esp32/reports/20261009T030249020912Z/report.csv;[];[];[]
drowsiness;wasm;A0870.raw;equal;2;2;2;1;21;ESP32/cnn_webassembly_esp32/reports/20261009T030249020912Z/report.csv;[];[];[]
drowsiness;wasm;A0871.raw;equal;2;2;2;1;21;ESP32/cnn_webassembly_esp32/reports/20261009T030249020912Z/report.csv;[];[];[]
drowsiness;wasm;A0872.raw;equal;2;2;2;1;21;ESP32/cnn_webassembly_esp32/reports/20261009T030249020912Z/report.csv;[];[];[]
drowsiness;wasm;A0873.raw;equal;2;2;2;1;21;ESP32/cnn_webassembly_esp32/reports/20261009T030249020912Z/report.csv;[];[];[]
drowsiness;wasm;A0874.raw;equal;2;2;2;1;21;ESP32/cnn_webassembly_esp32/reports/20261009T030249020912Z/report.csv;[];[];[]
drowsiness;wasm;A0875.raw;equal;2;2;2;1;21;ESP32/cnn_webassembly_esp32/reports/20261009T030249020912Z/report.csv;[];[];[]
drowsiness;wasm;A0876.raw;equal;2;2;2;1;21;ESP32/cnn_webassembly_esp32/reports/20261009T030249020912Z/report.csv;[];[];[]
drowsiness;wasm;A0877.raw;equal;2;2;2;1;21;ESP32/cnn_webassembly_esp32/reports/20261009T030249020912Z/report.csv;[];[];[]
drowsiness;wasm;A0878.raw;equal;2;2;2;1;21;ESP32/cnn_webassembly_esp32/reports/20261009T030249020912Z/report.csv;[];[];[]
drowsiness;wasm;A0879.raw;equal;2;2;2;1;21;ESP32/cnn_webassembly_esp32/reports/20261009T030249020912Z/report.csv;[];[];[]
drowsiness;wasm;A0880.raw;equal;2;2;2;1;21;ESP32/cnn_webassembly_esp32/reports/20261009T030249020912Z/report.csv;[];[];[]
drowsiness;wasm;A0881.raw;equal;2;2;2;1;21;ESP32/cnn_webassembly_esp32/reports/20261009T030249020912Z/report.csv;[];[];[]
drowsiness;wasm;A0882.raw;equal;2;2;2;1;21;ESP32/cnn_webassembly_esp32/reports/20261009T030249020912Z/report.csv;[];[];[]
drowsiness;wasm;A0883.raw;equal;2;2;2;1;21;ESP32/cnn_webassembly_esp32/reports/20261009T030249020912Z/report.csv;[];[];[]
drowsiness;wasm;A0884.raw;equal;2;2;2;1;21;ESP32/cnn_webassembly_esp32/reports/20261009T030249020912Z/report.csv;[];[];[]
drowsiness;wasm;A0885.raw;equal;2;2;2;1;21;ESP32/cnn_webassembly_esp32/reports/20261009T030249020912Z/report.csv;[];[];[]
drowsiness;wasm;A0886.raw;equal;2;2;2;1;21;ESP32/cnn_webassembly_esp32/reports/20261009T030249020912Z/report.csv;[];[];[]
drowsiness;wasm;A0887.raw;equal;2;2;2;1;21;ESP32/cnn_webassembly_esp32/reports/20261009T030249020912Z/report.csv;[];[];[]
drowsiness;wasm;A0888.raw;equal;2;2;2;1;21;ESP32/cnn_webassembly_esp32/reports/20261009T030249020912Z/report.csv;[];[];[]
drowsiness;wasm;A0889.raw;equal;2;2;2;1;21;ESP32/cnn_webassembly_esp32/reports/20261009T030249020912Z/report.csv;[];[];[]
drowsiness;wasm;A0890.raw;equal;2;2;2;1;21;ESP32/cnn_webassembly_esp32/reports/20261009T030249020912Z/report.csv;[];[];[]
drowsiness;wasm;A0891.raw;equal;2;2;2;1;21;ESP32/cnn_webassembly_esp32/reports/20261009T030249020912Z/report.csv;[];[];[]
drowsiness;wasm;A0892.raw;equal;2;2;2;1;21;ESP32/cnn_webassembly_esp32/reports/20261009T030249020912Z/report.csv;[];[];[]
drowsiness;wasm;A0893.raw;equal;2;2;2;1;21;ESP32/cnn_webassembly_esp32/reports/20261009T030249020912Z/report.csv;[];[];[]
drowsiness;wasm;A0894.raw;equal;2;2;2;1;21;ESP32/cnn_webassembly_esp32/reports/20261009T030249020912Z/report.csv;[];[];[]
drowsiness;wasm;A0895.raw;equal;2;2;2;1;21;ESP32/cnn_webassembly_esp32/reports/20261009T030249020912Z/report.csv;[];[];[]
drowsiness;wasm;A0896.raw;equal;2;2;2;1;21;ESP32/cnn_webassembly_esp32/reports/20261009T030249020912Z/report.csv;[];[];[]
drowsiness;wasm;A0897.raw;equal;2;2;2;1;21;ESP32/cnn_webassembly_esp32/reports/20261009T030249020912Z/report.csv;[];[];[]
drowsiness;wasm;A0898.raw;equal;2;2;2;1;21;ESP32/cnn_webassembly_esp32/reports/20261009T030249020912Z/report.csv;[];[];[]
drowsiness;wasm;A0899.raw;equal;2;2;2;1;21;ESP32/cnn_webassembly_esp32/reports/20261009T030249020912Z/report.csv;[];[];[]
drowsiness;wasm;A0900.raw;equal;2;2;2;1;21;ESP32/cnn_webassembly_esp32/reports/20261009T030249020912Z/report.csv;[];[];[]
drowsiness;wasm;A0901.raw;equal;2;2;2;1;21;ESP32/cnn_webassembly_esp32/reports/20261009T030249020912Z/report.csv;[];[];[]
drowsiness;wasm;A0902.raw;equal;2;2;2;1;21;ESP32/cnn_webassembly_esp32/reports/20261009T030249020912Z/report.csv;[];[];[]
drowsiness;wasm;A0903.raw;equal;2;2;2;1;21;ESP32/cnn_webassembly_esp32/reports/20261009T030249020912Z/report.csv;[];[];[]
drowsiness;wasm;A0904.raw;equal;2;2;2;1;21;ESP32/cnn_webassembly_esp32/reports/20261009T030249020912Z/report.csv;[];[];[]
drowsiness;wasm;A0905.raw;equal;2;2;2;1;21;ESP32/cnn_webassembly_esp32/reports/20261009T030249020912Z/report.csv;[];[];[]
drowsiness;wasm;A0906.raw;equal;2;2;2;1;21;ESP32/cnn_webassembly_esp32/reports/20261009T030249020912Z/report.csv;[];[];[]
drowsiness;wasm;A0907.raw;equal;2;2;2;1;21;ESP32/cnn_webassembly_esp32/reports/20261009T030249020912Z/report.csv;[];[];[]
drowsiness;wasm;A0908.raw;equal;2;2;2;1;21;ESP32/cnn_webassembly_esp32/reports/20261009T030249020912Z/report.csv;[];[];[]
drowsiness;wasm;A0909.raw;equal;2;2;2;1;21;ESP32/cnn_webassembly_esp32/reports/20261009T030249020912Z/report.csv;[];[];[]
drowsiness;wasm;A0910.raw;equal;2;2;2;1;21;ESP32/cnn_webassembly_esp32/reports/20261009T030249020912Z/report.csv;[];[];[]
drowsiness;wasm;A0911.raw;equal;2;2;2;1;21;ESP32/cnn_webassembly_esp32/reports/20261009T030249020912Z/report.csv;[];[];[]
drowsiness;wasm;A0912.raw;equal;2;2;2;1;21;ESP32/cnn_webassembly_esp32/reports/20261009T030249020912Z/report.csv;[];[];[]
drowsiness;wasm;A0913.raw;equal;2;2;2;1;21;ESP32/cnn_webassembly_esp32/reports/20261009T030249020912Z/report.csv;[];[];[]
drowsiness;wasm;A0914.raw;equal;2;2;2;1;21;ESP32/cnn_webassembly_esp32/reports/20261009T030249020912Z/report.csv;[];[];[]
drowsiness;wasm;A0915.raw;equal;2;2;2;1;21;ESP32/cnn_webassembly_esp32/reports/20261009T030249020912Z/report.csv;[];[];[]
drowsiness;wasm;A0916.raw;equal;2;2;2;1;21;ESP32/cnn_webassembly_esp32/reports/20261009T030249020912Z/report.csv;[];[];[]
drowsiness;wasm;A0917.raw;equal;2;2;2;1;21;ESP32/cnn_webassembly_esp32/reports/20261009T030249020912Z/report.csv;[];[];[]
drowsiness;wasm;A0918.raw;equal;2;2;2;1;21;ESP32/cnn_webassembly_esp32/reports/20261009T030249020912Z/report.csv;[];[];[]
drowsiness;wasm;A0919.raw;equal;2;2;2;1;21;ESP32/cnn_webassembly_esp32/reports/20261009T030249020912Z/report.csv;[];[];[]
drowsiness;wasm;A0920.raw;equal;2;2;2;1;21;ESP32/cnn_webassembly_esp32/reports/20261009T030249020912Z/report.csv;[];[];[]
drowsiness;wasm;A0921.raw;equal;2;2;2;1;21;ESP32/cnn_webassembly_esp32/reports/20261009T030249020912Z/report.csv;[];[];[]
drowsiness;wasm;A0922.raw;equal;2;2;2;1;21;ESP32/cnn_webassembly_esp32/reports/20261009T030249020912Z/report.csv;[];[];[]
drowsiness;wasm;A0923.raw;equal;2;2;2;1;21;ESP32/cnn_webassembly_esp32/reports/20261009T030249020912Z/report.csv;[];[];[]
drowsiness;wasm;A0924.raw;equal;2;2;2;1;21;ESP32/cnn_webassembly_esp32/reports/20261009T030249020912Z/report.csv;[];[];[]
drowsiness;wasm;A0925.raw;equal;2;2;2;1;21;ESP32/cnn_webassembly_esp32/reports/20261009T030249020912Z/report.csv;[];[];[]
drowsiness;wasm;A0926.raw;equal;2;2;2;1;21;ESP32/cnn_webassembly_esp32/reports/20261009T030249020912Z/report.csv;[];[];[]
drowsiness;wasm;A0927.raw;equal;2;2;2;1;21;ESP32/cnn_webassembly_esp32/reports/20261009T030249020912Z/report.csv;[];[];[]
drowsiness;wasm;A0928.raw;equal;2;2;2;1;21;ESP32/cnn_webassembly_esp32/reports/20261009T030249020912Z/report.csv;[];[];[]
drowsiness;wasm;A0929.raw;equal;2;2;2;1;21;ESP32/cnn_webassembly_esp32/reports/20261009T030249020912Z/report.csv;[];[];[]
drowsiness;wasm;A0930.raw;equal;2;2;2;1;21;ESP32/cnn_webassembly_esp32/reports/20261009T030249020912Z/report.csv;[];[];[]
drowsiness;wasm;A0931.raw;equal;2;2;2;1;21;ESP32/cnn_webassembly_esp32/reports/20261009T030249020912Z/report.csv;[];[];[]
drowsiness;wasm;A0932.raw;equal;2;2;2;1;21;ESP32/cnn_webassembly_esp32/reports/20261009T030249020912Z/report.csv;[];[];[]
drowsiness;wasm;A0933.raw;equal;2;2;2;1;21;ESP32/cnn_webassembly_esp32/reports/20261009T030249020912Z/report.csv;[];[];[]
drowsiness;wasm;A0934.raw;equal;2;2;2;1;21;ESP32/cnn_webassembly_esp32/reports/20261009T030249020912Z/report.csv;[];[];[]
drowsiness;wasm;A0935.raw;equal;2;2;2;1;21;ESP32/cnn_webassembly_esp32/reports/20261009T030249020912Z/report.csv;[];[];[]
drowsiness;wasm;A0936.raw;equal;2;2;2;1;21;ESP32/cnn_webassembly_esp32/reports/20261009T030249020912Z/report.csv;[];[];[]
drowsiness;wasm;A0937.raw;equal;2;2;2;1;21;ESP32/cnn_webassembly_esp32/reports/20261009T030249020912Z/report.csv;[];[];[]
drowsiness;wasm;A0938.raw;equal;2;2;2;1;21;ESP32/cnn_webassembly_esp32/reports/20261009T030249020912Z/report.csv;[];[];[]
drowsiness;wasm;A0939.raw;equal;2;2;2;1;21;ESP32/cnn_webassembly_esp32/reports/20261009T030249020912Z/report.csv;[];[];[]
drowsiness;wasm;A0940.raw;equal;2;2;2;1;21;ESP32/cnn_webassembly_esp32/reports/20261009T030249020912Z/report.csv;[];[];[]
drowsiness;wasm;A0941.raw;equal;2;2;2;1;21;ESP32/cnn_webassembly_esp32/reports/20261009T030249020912Z/report.csv;[];[];[]
drowsiness;wasm;A0942.raw;equal;2;2;2;1;21;ESP32/cnn_webassembly_esp32/reports/20261009T030249020912Z/report.csv;[];[];[]
drowsiness;wasm;A0943.raw;equal;2;2;2;1;21;ESP32/cnn_webassembly_esp32/reports/20261009T030249020912Z/report.csv;[];[];[]
drowsiness;wasm;A0944.raw;equal;2;2;2;1;21;ESP32/cnn_webassembly_esp32/reports/20261009T030249020912Z/report.csv;[];[];[]
drowsiness;wasm;A0947.raw;equal;2;2;2;1;21;ESP32/cnn_webassembly_esp32/reports/20261009T030249020912Z/report.csv;[];[];[]
drowsiness;wasm;A0948.raw;equal;2;2;2;1;21;ESP32/cnn_webassembly_esp32/reports/20261009T030249020912Z/report.csv;[];[];[]
drowsiness;wasm;A0949.raw;equal;2;2;2;1;21;ESP32/cnn_webassembly_esp32/reports/20261009T030249020912Z/report.csv;[];[];[]
drowsiness;wasm;A0950.raw;equal;2;2;2;1;21;ESP32/cnn_webassembly_esp32/reports/20261009T030249020912Z/report.csv;[];[];[]
drowsiness;wasm;A0951.raw;equal;2;2;2;1;21;ESP32/cnn_webassembly_esp32/reports/20261009T030249020912Z/report.csv;[];[];[]
drowsiness;wasm;A0952.raw;equal;2;2;2;1;21;ESP32/cnn_webassembly_esp32/reports/20261009T030249020912Z/report.csv;[];[];[]
drowsiness;wasm;A0953.raw;equal;2;2;2;1;21;ESP32/cnn_webassembly_esp32/reports/20261009T030249020912Z/report.csv;[];[];[]
drowsiness;wasm;A0954.raw;equal;2;2;2;1;21;ESP32/cnn_webassembly_esp32/reports/20261009T030249020912Z/report.csv;[];[];[]
drowsiness;wasm;A0955.raw;equal;2;2;2;1;21;ESP32/cnn_webassembly_esp32/reports/20261009T030249020912Z/report.csv;[];[];[]
drowsiness;wasm;A0956.raw;equal;2;2;2;1;21;ESP32/cnn_webassembly_esp32/reports/20261009T030249020912Z/report.csv;[];[];[]
drowsiness;wasm;A0957.raw;equal;2;2;2;1;21;ESP32/cnn_webassembly_esp32/reports/20261009T030249020912Z/report.csv;[];[];[]
drowsiness;wasm;A0958.raw;equal;2;2;2;1;21;ESP32/cnn_webassembly_esp32/reports/20261009T030249020912Z/report.csv;[];[];[]
drowsiness;wasm;A0959.raw;equal;2;2;2;1;21;ESP32/cnn_webassembly_esp32/reports/20261009T030249020912Z/report.csv;[];[];[]
drowsiness;wasm;A0960.raw;equal;2;2;2;1;21;ESP32/cnn_webassembly_esp32/reports/20261009T030249020912Z/report.csv;[];[];[]
drowsiness;wasm;A0961.raw;equal;2;2;2;1;21;ESP32/cnn_webassembly_esp32/reports/20261009T030249020912Z/report.csv;[];[];[]
drowsiness;wasm;A0962.raw;equal;2;2;2;1;21;ESP32/cnn_webassembly_esp32/reports/20261009T030249020912Z/report.csv;[];[];[]
drowsiness;wasm;A0963.raw;equal;2;2;2;1;21;ESP32/cnn_webassembly_esp32/reports/20261009T030249020912Z/report.csv;[];[];[]
drowsiness;wasm;A0964.raw;equal;2;2;2;1;21;ESP32/cnn_webassembly_esp32/reports/20261009T030249020912Z/report.csv;[];[];[]
drowsiness;wasm;A0965.raw;equal;2;2;2;1;21;ESP32/cnn_webassembly_esp32/reports/20261009T030249020912Z/report.csv;[];[];[]
drowsiness;wasm;A0966.raw;equal;2;2;2;1;21;ESP32/cnn_webassembly_esp32/reports/20261009T030249020912Z/report.csv;[];[];[]
drowsiness;wasm;A0967.raw;equal;2;2;2;1;21;ESP32/cnn_webassembly_esp32/reports/20261009T030249020912Z/report.csv;[];[];[]
drowsiness;wasm;A0968.raw;equal;2;2;2;1;21;ESP32/cnn_webassembly_esp32/reports/20261009T030249020912Z/report.csv;[];[];[]
drowsiness;wasm;A0969.raw;equal;2;2;2;1;21;ESP32/cnn_webassembly_esp32/reports/20261009T030249020912Z/report.csv;[];[];[]
drowsiness;wasm;A0970.raw;equal;2;2;2;1;21;ESP32/cnn_webassembly_esp32/reports/20261009T030249020912Z/report.csv;[];[];[]
drowsiness;wasm;A0971.raw;equal;2;2;2;1;21;ESP32/cnn_webassembly_esp32/reports/20261009T030249020912Z/report.csv;[];[];[]
drowsiness;wasm;A0972.raw;equal;2;2;2;1;21;ESP32/cnn_webassembly_esp32/reports/20261009T030249020912Z/report.csv;[];[];[]
drowsiness;wasm;A0973.raw;equal;2;2;2;1;21;ESP32/cnn_webassembly_esp32/reports/20261009T030249020912Z/report.csv;[];[];[]
drowsiness;wasm;A0974.raw;equal;2;2;2;1;21;ESP32/cnn_webassembly_esp32/reports/20261009T030249020912Z/report.csv;[];[];[]
drowsiness;wasm;A0975.raw;equal;2;2;2;1;21;ESP32/cnn_webassembly_esp32/reports/20261009T030249020912Z/report.csv;[];[];[]
drowsiness;wasm;A0976.raw;equal;2;2;2;1;21;ESP32/cnn_webassembly_esp32/reports/20261009T030249020912Z/report.csv;[];[];[]
drowsiness;wasm;A0977.raw;equal;2;2;2;1;21;ESP32/cnn_webassembly_esp32/reports/20261009T030249020912Z/report.csv;[];[];[]
drowsiness;wasm;A0978.raw;equal;2;2;2;1;21;ESP32/cnn_webassembly_esp32/reports/20261009T030249020912Z/report.csv;[];[];[]
drowsiness;wasm;A0979.raw;equal;2;2;2;1;21;ESP32/cnn_webassembly_esp32/reports/20261009T030249020912Z/report.csv;[];[];[]
drowsiness;wasm;A0980.raw;equal;2;2;2;1;21;ESP32/cnn_webassembly_esp32/reports/20261009T030249020912Z/report.csv;[];[];[]
drowsiness;wasm;A0981.raw;equal;2;2;2;1;21;ESP32/cnn_webassembly_esp32/reports/20261009T030249020912Z/report.csv;[];[];[]
drowsiness;wasm;A0982.raw;equal;2;2;2;1;21;ESP32/cnn_webassembly_esp32/reports/20261009T030249020912Z/report.csv;[];[];[]
drowsiness;wasm;A0983.raw;equal;2;2;2;1;21;ESP32/cnn_webassembly_esp32/reports/20261009T030249020912Z/report.csv;[];[];[]
drowsiness;wasm;A0984.raw;equal;2;2;2;1;21;ESP32/cnn_webassembly_esp32/reports/20261009T030249020912Z/report.csv;[];[];[]
drowsiness;wasm;A0985.raw;equal;2;2;2;1;21;ESP32/cnn_webassembly_esp32/reports/20261009T030249020912Z/report.csv;[];[];[]
drowsiness;wasm;A0986.raw;equal;2;2;2;1;21;ESP32/cnn_webassembly_esp32/reports/20261009T030249020912Z/report.csv;[];[];[]
drowsiness;wasm;A0987.raw;equal;2;2;2;1;21;ESP32/cnn_webassembly_esp32/reports/20261009T030249020912Z/report.csv;[];[];[]
drowsiness;wasm;A0988.raw;equal;2;2;2;1;21;ESP32/cnn_webassembly_esp32/reports/20261009T030249020912Z/report.csv;[];[];[]
drowsiness;wasm;A0989.raw;equal;2;2;2;1;21;ESP32/cnn_webassembly_esp32/reports/20261009T030249020912Z/report.csv;[];[];[]
drowsiness;wasm;A0990.raw;equal;2;2;2;1;21;ESP32/cnn_webassembly_esp32/reports/20261009T030249020912Z/report.csv;[];[];[]
drowsiness;wasm;A0991.raw;equal;2;2;2;1;21;ESP32/cnn_webassembly_esp32/reports/20261009T030249020912Z/report.csv;[];[];[]
drowsiness;wasm;A0992.raw;equal;2;2;2;1;21;ESP32/cnn_webassembly_esp32/reports/20261009T030249020912Z/report.csv;[];[];[]
drowsiness;wasm;A0993.raw;equal;2;2;2;1;21;ESP32/cnn_webassembly_esp32/reports/20261009T030249020912Z/report.csv;[];[];[]
drowsiness;wasm;A0994.raw;equal;2;2;2;1;21;ESP32/cnn_webassembly_esp32/reports/20261009T030249020912Z/report.csv;[];[];[]
drowsiness;wasm;A0995.raw;equal;2;2;2;1;21;ESP32/cnn_webassembly_esp32/reports/20261009T030249020912Z/report.csv;[];[];[]
drowsiness;wasm;A0996.raw;equal;2;2;2;1;21;ESP32/cnn_webassembly_esp32/reports/20261009T030249020912Z/report.csv;[];[];[]
drowsiness;wasm;A0997.raw;equal;2;2;2;1;21;ESP32/cnn_webassembly_esp32/reports/20261009T030249020912Z/report.csv;[];[];[]
drowsiness;wasm;A0998.raw;equal;2;2;2;1;21;ESP32/cnn_webassembly_esp32/reports/20261009T030249020912Z/report.csv;[];[];[]
drowsiness;wasm;A0999.raw;equal;2;2;2;1;21;ESP32/cnn_webassembly_esp32/reports/20261009T030249020912Z/report.csv;[];[];[]
drowsiness;wasm;A1000.raw;equal;2;2;2;1;21;ESP32/cnn_webassembly_esp32/reports/20261009T030249020912Z/report.csv;[];[];[]
drowsiness;wasm;A1001.raw;equal;2;2;2;1;21;ESP32/cnn_webassembly_esp32/reports/20261009T030249020912Z/report.csv;[];[];[]
drowsiness;wasm;A1002.raw;equal;2;2;2;1;21;ESP32/cnn_webassembly_esp32/reports/20261009T030249020912Z/report.csv;[];[];[]
drowsiness;wasm;A1003.raw;equal;2;2;2;1;21;ESP32/cnn_webassembly_esp32/reports/20261009T030249020912Z/report.csv;[];[];[]
drowsiness;wasm;A1004.raw;equal;2;2;2;1;21;ESP32/cnn_webassembly_esp32/reports/20261009T030249020912Z/report.csv;[];[];[]
drowsiness;wasm;A1005.raw;equal;2;2;2;1;21;ESP32/cnn_webassembly_esp32/reports/20261009T030249020912Z/report.csv;[];[];[]
drowsiness;wasm;A1008.raw;equal;2;2;2;1;21;ESP32/cnn_webassembly_esp32/reports/20261009T030249020912Z/report.csv;[];[];[]
drowsiness;wasm;A1009.raw;equal;2;2;2;1;21;ESP32/cnn_webassembly_esp32/reports/20261009T030249020912Z/report.csv;[];[];[]
drowsiness;wasm;A1010.raw;equal;2;2;2;1;21;ESP32/cnn_webassembly_esp32/reports/20261009T030249020912Z/report.csv;[];[];[]
drowsiness;wasm;A1011.raw;equal;2;2;2;1;21;ESP32/cnn_webassembly_esp32/reports/20261009T030249020912Z/report.csv;[];[];[]
drowsiness;wasm;A1012.raw;equal;2;2;2;1;21;ESP32/cnn_webassembly_esp32/reports/20261009T030249020912Z/report.csv;[];[];[]
drowsiness;wasm;A1013.raw;equal;2;2;2;1;21;ESP32/cnn_webassembly_esp32/reports/20261009T030249020912Z/report.csv;[];[];[]
drowsiness;wasm;A1014.raw;equal;2;2;2;1;21;ESP32/cnn_webassembly_esp32/reports/20261009T030249020912Z/report.csv;[];[];[]
drowsiness;wasm;A1015.raw;equal;2;2;2;1;21;ESP32/cnn_webassembly_esp32/reports/20261009T030249020912Z/report.csv;[];[];[]
drowsiness;wasm;A1016.raw;equal;2;2;2;1;21;ESP32/cnn_webassembly_esp32/reports/20261009T030249020912Z/report.csv;[];[];[]
drowsiness;wasm;A1017.raw;equal;2;2;2;1;21;ESP32/cnn_webassembly_esp32/reports/20261009T030249020912Z/report.csv;[];[];[]
drowsiness;wasm;a0002.raw;equal;2;2;2;1;21;ESP32/cnn_webassembly_esp32/reports/20261009T030249020912Z/report.csv;[];[];[]
drowsiness;wasm;a0003.raw;equal;2;2;2;1;21;ESP32/cnn_webassembly_esp32/reports/20261009T030249020912Z/report.csv;[];[];[]
drowsiness;wasm;a0004.raw;equal;2;2;2;1;21;ESP32/cnn_webassembly_esp32/reports/20261009T030249020912Z/report.csv;[];[];[]
drowsiness;wasm;a0005.raw;equal;2;2;2;1;21;ESP32/cnn_webassembly_esp32/reports/20261009T030249020912Z/report.csv;[];[];[]
drowsiness;wasm;a0006.raw;equal;2;2;2;1;21;ESP32/cnn_webassembly_esp32/reports/20261009T030249020912Z/report.csv;[];[];[]
drowsiness;wasm;a0007.raw;equal;2;2;2;1;21;ESP32/cnn_webassembly_esp32/reports/20261009T030249020912Z/report.csv;[];[];[]
drowsiness;wasm;a0009.raw;equal;2;2;2;1;21;ESP32/cnn_webassembly_esp32/reports/20261009T030249020912Z/report.csv;[];[];[]
drowsiness;wasm;a0010.raw;equal;2;2;2;1;21;ESP32/cnn_webassembly_esp32/reports/20261009T030249020912Z/report.csv;[];[];[]
drowsiness;wasm;a0011.raw;equal;2;2;2;1;21;ESP32/cnn_webassembly_esp32/reports/20261009T030249020912Z/report.csv;[];[];[]
drowsiness;wasm;a0012.raw;equal;2;2;2;1;21;ESP32/cnn_webassembly_esp32/reports/20261009T030249020912Z/report.csv;[];[];[]
drowsiness;wasm;a0013.raw;equal;2;2;2;1;21;ESP32/cnn_webassembly_esp32/reports/20261009T030249020912Z/report.csv;[];[];[]
drowsiness;wasm;a0014.raw;equal;2;2;2;1;21;ESP32/cnn_webassembly_esp32/reports/20261009T030249020912Z/report.csv;[];[];[]
drowsiness;wasm;a0015.raw;equal;2;2;2;1;21;ESP32/cnn_webassembly_esp32/reports/20261009T030249020912Z/report.csv;[];[];[]
drowsiness;wasm;a0016.raw;equal;2;2;2;1;21;ESP32/cnn_webassembly_esp32/reports/20261009T030249020912Z/report.csv;[];[];[]
drowsiness;wasm;a0017.raw;equal;2;2;2;1;21;ESP32/cnn_webassembly_esp32/reports/20261009T030249020912Z/report.csv;[];[];[]
drowsiness;wasm;a0018.raw;equal;2;2;2;1;21;ESP32/cnn_webassembly_esp32/reports/20261009T030249020912Z/report.csv;[];[];[]
drowsiness;wasm;a0019.raw;equal;2;2;2;1;21;ESP32/cnn_webassembly_esp32/reports/20261009T030249020912Z/report.csv;[];[];[]
drowsiness;wasm;a0020.raw;equal;2;2;2;1;21;ESP32/cnn_webassembly_esp32/reports/20261009T030249020912Z/report.csv;[];[];[]
drowsiness;wasm;a0021.raw;equal;2;2;2;1;21;ESP32/cnn_webassembly_esp32/reports/20261009T030249020912Z/report.csv;[];[];[]
drowsiness;wasm;a0022.raw;equal;2;2;2;1;21;ESP32/cnn_webassembly_esp32/reports/20261009T030249020912Z/report.csv;[];[];[]
drowsiness;wasm;a0023.raw;equal;2;2;2;1;21;ESP32/cnn_webassembly_esp32/reports/20261009T030249020912Z/report.csv;[];[];[]
drowsiness;wasm;a0024.raw;equal;2;2;2;1;21;ESP32/cnn_webassembly_esp32/reports/20261009T030249020912Z/report.csv;[];[];[]
drowsiness;wasm;a0026.raw;equal;2;2;2;1;21;ESP32/cnn_webassembly_esp32/reports/20261009T030249020912Z/report.csv;[];[];[]
drowsiness;wasm;a0029.raw;equal;2;2;2;1;21;ESP32/cnn_webassembly_esp32/reports/20261009T030249020912Z/report.csv;[];[];[]
drowsiness;wasm;a0033.raw;equal;2;2;2;1;21;ESP32/cnn_webassembly_esp32/reports/20261009T030249020912Z/report.csv;[];[];[]
drowsiness;wasm;a0034.raw;equal;2;2;2;1;21;ESP32/cnn_webassembly_esp32/reports/20261009T030249020912Z/report.csv;[];[];[]
drowsiness;wasm;a0035.raw;equal;2;2;2;1;21;ESP32/cnn_webassembly_esp32/reports/20261009T030249020912Z/report.csv;[];[];[]
drowsiness;wasm;a0036.raw;equal;2;2;2;1;21;ESP32/cnn_webassembly_esp32/reports/20261009T030249020912Z/report.csv;[];[];[]
drowsiness;wasm;a0037.raw;equal;2;2;2;1;21;ESP32/cnn_webassembly_esp32/reports/20261009T030249020912Z/report.csv;[];[];[]
drowsiness;wasm;a0038.raw;equal;2;2;2;1;21;ESP32/cnn_webassembly_esp32/reports/20261009T030249020912Z/report.csv;[];[];[]
drowsiness;wasm;a0039.raw;equal;2;2;2;1;21;ESP32/cnn_webassembly_esp32/reports/20261009T030249020912Z/report.csv;[];[];[]
drowsiness;wasm;a0040.raw;equal;2;2;2;1;21;ESP32/cnn_webassembly_esp32/reports/20261009T030249020912Z/report.csv;[];[];[]
drowsiness;wasm;a0041.raw;equal;2;2;2;1;21;ESP32/cnn_webassembly_esp32/reports/20261009T030249020912Z/report.csv;[];[];[]
drowsiness;wasm;a0042.raw;equal;2;2;2;1;21;ESP32/cnn_webassembly_esp32/reports/20261009T030249020912Z/report.csv;[];[];[]
drowsiness;wasm;a0043.raw;equal;2;2;2;1;21;ESP32/cnn_webassembly_esp32/reports/20261009T030249020912Z/report.csv;[];[];[]
drowsiness;wasm;a0044.raw;equal;2;2;2;1;21;ESP32/cnn_webassembly_esp32/reports/20261009T030249020912Z/report.csv;[];[];[]
drowsiness;wasm;a0045.raw;equal;2;2;2;1;21;ESP32/cnn_webassembly_esp32/reports/20261009T030249020912Z/report.csv;[];[];[]
drowsiness;wasm;a0046.raw;equal;2;2;2;1;21;ESP32/cnn_webassembly_esp32/reports/20261009T030249020912Z/report.csv;[];[];[]
drowsiness;wasm;a0047.raw;equal;2;2;2;1;21;ESP32/cnn_webassembly_esp32/reports/20261009T030249020912Z/report.csv;[];[];[]
drowsiness;wasm;a0048.raw;equal;2;2;2;1;21;ESP32/cnn_webassembly_esp32/reports/20261009T030249020912Z/report.csv;[];[];[]
drowsiness;wasm;a0049.raw;equal;2;2;2;1;21;ESP32/cnn_webassembly_esp32/reports/20261009T030249020912Z/report.csv;[];[];[]
drowsiness;wasm;a0050.raw;equal;2;2;2;1;21;ESP32/cnn_webassembly_esp32/reports/20261009T030249020912Z/report.csv;[];[];[]
drowsiness;wasm;a0051.raw;equal;2;2;2;1;21;ESP32/cnn_webassembly_esp32/reports/20261009T030249020912Z/report.csv;[];[];[]
drowsiness;wasm;a0052.raw;equal;2;2;2;1;21;ESP32/cnn_webassembly_esp32/reports/20261009T030249020912Z/report.csv;[];[];[]
drowsiness;wasm;a0053.raw;equal;2;2;2;1;21;ESP32/cnn_webassembly_esp32/reports/20261009T030249020912Z/report.csv;[];[];[]
drowsiness;wasm;a0054.raw;equal;2;2;2;1;21;ESP32/cnn_webassembly_esp32/reports/20261009T030249020912Z/report.csv;[];[];[]
drowsiness;wasm;a0055.raw;equal;2;2;2;1;21;ESP32/cnn_webassembly_esp32/reports/20261009T030249020912Z/report.csv;[];[];[]
drowsiness;wasm;a0056.raw;equal;2;2;2;1;21;ESP32/cnn_webassembly_esp32/reports/20261009T030249020912Z/report.csv;[];[];[]
drowsiness;wasm;a0057.raw;equal;2;2;2;1;21;ESP32/cnn_webassembly_esp32/reports/20261009T030249020912Z/report.csv;[];[];[]
drowsiness;wasm;a0058.raw;equal;2;2;2;1;21;ESP32/cnn_webassembly_esp32/reports/20261009T030249020912Z/report.csv;[];[];[]
drowsiness;wasm;a0059.raw;equal;2;2;2;1;21;ESP32/cnn_webassembly_esp32/reports/20261009T030249020912Z/report.csv;[];[];[]
drowsiness;wasm;a0060.raw;equal;2;2;2;1;21;ESP32/cnn_webassembly_esp32/reports/20261009T030249020912Z/report.csv;[];[];[]
drowsiness;wasm;a0061.raw;equal;2;2;2;1;21;ESP32/cnn_webassembly_esp32/reports/20261009T030249020912Z/report.csv;[];[];[]
drowsiness;wasm;a0062.raw;mode;15;16;16;2;22;ESP32/cnn_webassembly_esp32/reports/20261009T100046423575Z/report.csv;[];[];[]
drowsiness;wasm;a0063.raw;equal;2;2;2;1;21;ESP32/cnn_webassembly_esp32/reports/20261009T030249020912Z/report.csv;[];[];[]
drowsiness;wasm;a0064.raw;equal;2;2;2;1;21;ESP32/cnn_webassembly_esp32/reports/20261009T030249020912Z/report.csv;[];[];[]
drowsiness;wasm;a0065.raw;equal;2;2;2;1;21;ESP32/cnn_webassembly_esp32/reports/20261009T030249020912Z/report.csv;[];[];[]
drowsiness;wasm;a0066.raw;equal;2;2;2;1;21;ESP32/cnn_webassembly_esp32/reports/20261009T030249020912Z/report.csv;[];[];[]
drowsiness;wasm;a0067.raw;equal;2;2;2;1;21;ESP32/cnn_webassembly_esp32/reports/20261009T030249020912Z/report.csv;[];[];[]
drowsiness;wasm;a0068.raw;equal;2;2;2;1;21;ESP32/cnn_webassembly_esp32/reports/20261009T030249020912Z/report.csv;[];[];[]
drowsiness;wasm;a0069.raw;equal;2;2;2;1;21;ESP32/cnn_webassembly_esp32/reports/20261009T030249020912Z/report.csv;[];[];[]
drowsiness;wasm;a0070.raw;equal;2;2;2;1;21;ESP32/cnn_webassembly_esp32/reports/20261009T030249020912Z/report.csv;[];[];[]
drowsiness;wasm;a0071.raw;equal;2;2;2;1;21;ESP32/cnn_webassembly_esp32/reports/20261009T030249020912Z/report.csv;[];[];[]
drowsiness;wasm;a0072.raw;equal;2;2;2;1;21;ESP32/cnn_webassembly_esp32/reports/20261009T030249020912Z/report.csv;[];[];[]
drowsiness;wasm;a0073.raw;equal;2;2;2;1;21;ESP32/cnn_webassembly_esp32/reports/20261009T030249020912Z/report.csv;[];[];[]
drowsiness;wasm;a0074.raw;equal;2;2;2;1;21;ESP32/cnn_webassembly_esp32/reports/20261009T030249020912Z/report.csv;[];[];[]
drowsiness;wasm;a0075.raw;equal;2;2;2;1;21;ESP32/cnn_webassembly_esp32/reports/20261009T030249020912Z/report.csv;[];[];[]
drowsiness;wasm;a0076.raw;equal;2;2;2;1;21;ESP32/cnn_webassembly_esp32/reports/20261009T030249020912Z/report.csv;[];[];[]
drowsiness;wasm;a0077.raw;equal;2;2;2;1;21;ESP32/cnn_webassembly_esp32/reports/20261009T030249020912Z/report.csv;[];[];[]
drowsiness;wasm;a0078.raw;equal;2;2;2;1;21;ESP32/cnn_webassembly_esp32/reports/20261009T030249020912Z/report.csv;[];[];[]
drowsiness;wasm;a0079.raw;equal;2;2;2;1;21;ESP32/cnn_webassembly_esp32/reports/20261009T030249020912Z/report.csv;[];[];[]
drowsiness;wasm;a0080.raw;equal;2;2;2;1;21;ESP32/cnn_webassembly_esp32/reports/20261009T030249020912Z/report.csv;[];[];[]
drowsiness;wasm;a0081.raw;equal;2;2;2;1;21;ESP32/cnn_webassembly_esp32/reports/20261009T030249020912Z/report.csv;[];[];[]
drowsiness;wasm;a0082.raw;mode;15;16;16;2;21;ESP32/cnn_webassembly_esp32/reports/20261009T030249020912Z/report.csv;[];[];[]
drowsiness;wasm;a0083.raw;equal;2;2;2;1;21;ESP32/cnn_webassembly_esp32/reports/20261009T030249020912Z/report.csv;[];[];[]
drowsiness;wasm;a0084.raw;equal;2;2;2;1;21;ESP32/cnn_webassembly_esp32/reports/20261009T030249020912Z/report.csv;[];[];[]
drowsiness;wasm;a0085.raw;equal;2;2;2;1;21;ESP32/cnn_webassembly_esp32/reports/20261009T030249020912Z/report.csv;[];[];[]
drowsiness;wasm;a0086.raw;equal;2;2;2;1;21;ESP32/cnn_webassembly_esp32/reports/20261009T030249020912Z/report.csv;[];[];[]
drowsiness;wasm;a0087.raw;equal;2;2;2;1;21;ESP32/cnn_webassembly_esp32/reports/20261009T030249020912Z/report.csv;[];[];[]
drowsiness;wasm;a0088.raw;equal;2;2;2;1;21;ESP32/cnn_webassembly_esp32/reports/20261009T030249020912Z/report.csv;[];[];[]
drowsiness;wasm;a0089.raw;equal;2;2;2;1;21;ESP32/cnn_webassembly_esp32/reports/20261009T030249020912Z/report.csv;[];[];[]
drowsiness;wasm;a0090.raw;equal;2;2;2;1;21;ESP32/cnn_webassembly_esp32/reports/20261009T030249020912Z/report.csv;[];[];[]
drowsiness;wasm;a0091.raw;equal;2;2;2;1;21;ESP32/cnn_webassembly_esp32/reports/20261009T030249020912Z/report.csv;[];[];[]
drowsiness;wasm;a0092.raw;equal;2;2;2;1;21;ESP32/cnn_webassembly_esp32/reports/20261009T030249020912Z/report.csv;[];[];[]
drowsiness;wasm;a0093.raw;equal;2;2;2;1;21;ESP32/cnn_webassembly_esp32/reports/20261009T030249020912Z/report.csv;[];[];[]
drowsiness;wasm;a0094.raw;equal;2;2;2;1;21;ESP32/cnn_webassembly_esp32/reports/20261009T030249020912Z/report.csv;[];[];[]
drowsiness;wasm;a0095.raw;equal;2;2;2;1;21;ESP32/cnn_webassembly_esp32/reports/20261009T030249020912Z/report.csv;[];[];[]
drowsiness;wasm;a0096.raw;equal;2;2;2;1;21;ESP32/cnn_webassembly_esp32/reports/20261009T030249020912Z/report.csv;[];[];[]
drowsiness;wasm;a0097.raw;equal;2;2;2;1;21;ESP32/cnn_webassembly_esp32/reports/20261009T030249020912Z/report.csv;[];[];[]
drowsiness;wasm;a0098.raw;equal;2;2;2;1;21;ESP32/cnn_webassembly_esp32/reports/20261009T030249020912Z/report.csv;[];[];[]
drowsiness;wasm;a0099.raw;equal;2;2;2;1;21;ESP32/cnn_webassembly_esp32/reports/20261009T030249020912Z/report.csv;[];[];[]
drowsiness;wasm;a0100.raw;equal;2;2;2;1;21;ESP32/cnn_webassembly_esp32/reports/20261009T030249020912Z/report.csv;[];[];[]
drowsiness;wasm;a0101.raw;equal;2;2;2;1;21;ESP32/cnn_webassembly_esp32/reports/20261009T030249020912Z/report.csv;[];[];[]
drowsiness;wasm;a0102.raw;equal;2;2;2;1;21;ESP32/cnn_webassembly_esp32/reports/20261009T030249020912Z/report.csv;[];[];[]
drowsiness;wasm;a0103.raw;equal;2;2;2;1;21;ESP32/cnn_webassembly_esp32/reports/20261009T030249020912Z/report.csv;[];[];[]
drowsiness;wasm;a0104.raw;equal;2;2;2;1;21;ESP32/cnn_webassembly_esp32/reports/20261009T030249020912Z/report.csv;[];[];[]
drowsiness;wasm;a0105.raw;equal;2;2;2;1;21;ESP32/cnn_webassembly_esp32/reports/20261009T030249020912Z/report.csv;[];[];[]
drowsiness;wasm;a0106.raw;equal;2;2;2;1;21;ESP32/cnn_webassembly_esp32/reports/20261009T030249020912Z/report.csv;[];[];[]
drowsiness;wasm;a0107.raw;equal;2;2;2;1;21;ESP32/cnn_webassembly_esp32/reports/20261009T030249020912Z/report.csv;[];[];[]
drowsiness;wasm;a0108.raw;equal;2;2;2;1;21;ESP32/cnn_webassembly_esp32/reports/20261009T030249020912Z/report.csv;[];[];[]
drowsiness;wasm;a0109.raw;equal;2;2;2;1;21;ESP32/cnn_webassembly_esp32/reports/20261009T030249020912Z/report.csv;[];[];[]
drowsiness;wasm;a0110.raw;equal;2;2;2;1;21;ESP32/cnn_webassembly_esp32/reports/20261009T030249020912Z/report.csv;[];[];[]
drowsiness;wasm;a0111.raw;equal;2;2;2;1;21;ESP32/cnn_webassembly_esp32/reports/20261009T030249020912Z/report.csv;[];[];[]
drowsiness;wasm;a0112.raw;equal;2;2;2;1;21;ESP32/cnn_webassembly_esp32/reports/20261009T030249020912Z/report.csv;[];[];[]
drowsiness;wasm;a0113.raw;equal;2;2;2;1;21;ESP32/cnn_webassembly_esp32/reports/20261009T030249020912Z/report.csv;[];[];[]
drowsiness;wasm;a0114.raw;equal;2;2;2;1;21;ESP32/cnn_webassembly_esp32/reports/20261009T030249020912Z/report.csv;[];[];[]
drowsiness;wasm;a0115.raw;equal;2;2;2;1;21;ESP32/cnn_webassembly_esp32/reports/20261009T030249020912Z/report.csv;[];[];[]
drowsiness;wasm;a0116.raw;equal;2;2;2;1;21;ESP32/cnn_webassembly_esp32/reports/20261009T030249020912Z/report.csv;[];[];[]
drowsiness;wasm;a0117.raw;equal;2;2;2;1;21;ESP32/cnn_webassembly_esp32/reports/20261009T030249020912Z/report.csv;[];[];[]
drowsiness;wasm;a0118.raw;equal;2;2;2;1;21;ESP32/cnn_webassembly_esp32/reports/20261009T030249020912Z/report.csv;[];[];[]
drowsiness;wasm;a0119.raw;equal;2;2;2;1;21;ESP32/cnn_webassembly_esp32/reports/20261009T030249020912Z/report.csv;[];[];[]
drowsiness;wasm;a0120.raw;equal;2;2;2;1;21;ESP32/cnn_webassembly_esp32/reports/20261009T030249020912Z/report.csv;[];[];[]
drowsiness;wasm;a0121.raw;equal;2;2;2;1;21;ESP32/cnn_webassembly_esp32/reports/20261009T030249020912Z/report.csv;[];[];[]
drowsiness;wasm;a0122.raw;equal;2;2;2;1;21;ESP32/cnn_webassembly_esp32/reports/20261009T030249020912Z/report.csv;[];[];[]
drowsiness;wasm;a0123.raw;equal;2;2;2;1;21;ESP32/cnn_webassembly_esp32/reports/20261009T030249020912Z/report.csv;[];[];[]
drowsiness;wasm;a0124.raw;equal;2;2;2;1;21;ESP32/cnn_webassembly_esp32/reports/20261009T030249020912Z/report.csv;[];[];[]
drowsiness;wasm;a0125.raw;equal;2;2;2;1;21;ESP32/cnn_webassembly_esp32/reports/20261009T030249020912Z/report.csv;[];[];[]
drowsiness;wasm;a0126.raw;equal;2;2;2;1;21;ESP32/cnn_webassembly_esp32/reports/20261009T030249020912Z/report.csv;[];[];[]
drowsiness;wasm;a0127.raw;equal;2;2;2;1;21;ESP32/cnn_webassembly_esp32/reports/20261009T030249020912Z/report.csv;[];[];[]
drowsiness;wasm;a0128.raw;equal;2;2;2;1;21;ESP32/cnn_webassembly_esp32/reports/20261009T030249020912Z/report.csv;[];[];[]
drowsiness;wasm;a0129.raw;equal;2;2;2;1;21;ESP32/cnn_webassembly_esp32/reports/20261009T030249020912Z/report.csv;[];[];[]
drowsiness;wasm;a0130.raw;equal;2;2;2;1;21;ESP32/cnn_webassembly_esp32/reports/20261009T030249020912Z/report.csv;[];[];[]
drowsiness;wasm;a0131.raw;equal;2;2;2;1;21;ESP32/cnn_webassembly_esp32/reports/20261009T030249020912Z/report.csv;[];[];[]
drowsiness;wasm;a0132.raw;equal;2;2;2;1;21;ESP32/cnn_webassembly_esp32/reports/20261009T030249020912Z/report.csv;[];[];[]
drowsiness;wasm;a0133.raw;equal;2;2;2;1;21;ESP32/cnn_webassembly_esp32/reports/20261009T030249020912Z/report.csv;[];[];[]
drowsiness;wasm;a0134.raw;equal;2;2;2;1;21;ESP32/cnn_webassembly_esp32/reports/20261009T030249020912Z/report.csv;[];[];[]
drowsiness;wasm;a0135.raw;equal;2;2;2;1;21;ESP32/cnn_webassembly_esp32/reports/20261009T030249020912Z/report.csv;[];[];[]
drowsiness;wasm;a0136.raw;equal;2;2;2;1;21;ESP32/cnn_webassembly_esp32/reports/20261009T030249020912Z/report.csv;[];[];[]
drowsiness;wasm;a0137.raw;equal;2;2;2;1;21;ESP32/cnn_webassembly_esp32/reports/20261009T030249020912Z/report.csv;[];[];[]
drowsiness;wasm;a0138.raw;equal;2;2;2;1;21;ESP32/cnn_webassembly_esp32/reports/20261009T030249020912Z/report.csv;[];[];[]
drowsiness;wasm;a0139.raw;equal;2;2;2;1;21;ESP32/cnn_webassembly_esp32/reports/20261009T030249020912Z/report.csv;[];[];[]
drowsiness;wasm;a0140.raw;equal;2;2;2;1;21;ESP32/cnn_webassembly_esp32/reports/20261009T030249020912Z/report.csv;[];[];[]
drowsiness;wasm;a0141.raw;equal;2;2;2;1;21;ESP32/cnn_webassembly_esp32/reports/20261009T030249020912Z/report.csv;[];[];[]
drowsiness;wasm;a0142.raw;equal;2;2;2;1;21;ESP32/cnn_webassembly_esp32/reports/20261009T030249020912Z/report.csv;[];[];[]
drowsiness;wasm;a0143.raw;equal;2;2;2;1;21;ESP32/cnn_webassembly_esp32/reports/20261009T030249020912Z/report.csv;[];[];[]
drowsiness;wasm;a0144.raw;equal;2;2;2;1;21;ESP32/cnn_webassembly_esp32/reports/20261009T030249020912Z/report.csv;[];[];[]
drowsiness;wasm;a0145.raw;equal;2;2;2;1;21;ESP32/cnn_webassembly_esp32/reports/20261009T030249020912Z/report.csv;[];[];[]
drowsiness;wasm;a0146.raw;equal;2;2;2;1;21;ESP32/cnn_webassembly_esp32/reports/20261009T030249020912Z/report.csv;[];[];[]
drowsiness;wasm;a0147.raw;equal;2;2;2;1;21;ESP32/cnn_webassembly_esp32/reports/20261009T030249020912Z/report.csv;[];[];[]
drowsiness;wasm;a0148.raw;equal;2;2;2;1;21;ESP32/cnn_webassembly_esp32/reports/20261009T030249020912Z/report.csv;[];[];[]
drowsiness;wasm;a0149.raw;equal;2;2;2;1;21;ESP32/cnn_webassembly_esp32/reports/20261009T030249020912Z/report.csv;[];[];[]
drowsiness;wasm;a0150.raw;equal;2;2;2;1;21;ESP32/cnn_webassembly_esp32/reports/20261009T030249020912Z/report.csv;[];[];[]
drowsiness;wasm;a0151.raw;equal;2;2;2;1;21;ESP32/cnn_webassembly_esp32/reports/20261009T030249020912Z/report.csv;[];[];[]
drowsiness;wasm;a0152.raw;equal;2;2;2;1;21;ESP32/cnn_webassembly_esp32/reports/20261009T030249020912Z/report.csv;[];[];[]
drowsiness;wasm;a0153.raw;equal;2;2;2;1;21;ESP32/cnn_webassembly_esp32/reports/20261009T030249020912Z/report.csv;[];[];[]
drowsiness;wasm;a0154.raw;equal;2;2;2;1;21;ESP32/cnn_webassembly_esp32/reports/20261009T030249020912Z/report.csv;[];[];[]
drowsiness;wasm;a0155.raw;equal;2;2;2;1;21;ESP32/cnn_webassembly_esp32/reports/20261009T030249020912Z/report.csv;[];[];[]
drowsiness;wasm;a0156.raw;equal;2;2;2;1;21;ESP32/cnn_webassembly_esp32/reports/20261009T030249020912Z/report.csv;[];[];[]
drowsiness;wasm;a0157.raw;equal;2;2;2;1;21;ESP32/cnn_webassembly_esp32/reports/20261009T030249020912Z/report.csv;[];[];[]
drowsiness;wasm;a0158.raw;equal;2;2;2;1;21;ESP32/cnn_webassembly_esp32/reports/20261009T030249020912Z/report.csv;[];[];[]
drowsiness;wasm;a0159.raw;equal;2;2;2;1;21;ESP32/cnn_webassembly_esp32/reports/20261009T030249020912Z/report.csv;[];[];[]
drowsiness;wasm;a0160.raw;equal;2;2;2;1;21;ESP32/cnn_webassembly_esp32/reports/20261009T030249020912Z/report.csv;[];[];[]
drowsiness;wasm;a0161.raw;equal;2;2;2;1;21;ESP32/cnn_webassembly_esp32/reports/20261009T030249020912Z/report.csv;[];[];[]
drowsiness;wasm;a0162.raw;equal;2;2;2;1;21;ESP32/cnn_webassembly_esp32/reports/20261009T030249020912Z/report.csv;[];[];[]
drowsiness;wasm;a0163.raw;equal;2;2;2;1;21;ESP32/cnn_webassembly_esp32/reports/20261009T030249020912Z/report.csv;[];[];[]
drowsiness;wasm;a0164.raw;equal;2;2;2;1;21;ESP32/cnn_webassembly_esp32/reports/20261009T030249020912Z/report.csv;[];[];[]
drowsiness;wasm;a0165.raw;equal;2;2;2;1;21;ESP32/cnn_webassembly_esp32/reports/20261009T030249020912Z/report.csv;[];[];[]
drowsiness;wasm;a0166.raw;equal;2;2;2;1;21;ESP32/cnn_webassembly_esp32/reports/20261009T030249020912Z/report.csv;[];[];[]
drowsiness;wasm;a0167.raw;equal;2;2;2;1;21;ESP32/cnn_webassembly_esp32/reports/20261009T030249020912Z/report.csv;[];[];[]
drowsiness;wasm;a0168.raw;equal;2;2;2;1;21;ESP32/cnn_webassembly_esp32/reports/20261009T030249020912Z/report.csv;[];[];[]
drowsiness;wasm;a0169.raw;equal;2;2;2;1;21;ESP32/cnn_webassembly_esp32/reports/20261009T030249020912Z/report.csv;[];[];[]
drowsiness;wasm;a0170.raw;equal;2;2;2;1;21;ESP32/cnn_webassembly_esp32/reports/20261009T030249020912Z/report.csv;[];[];[]
drowsiness;wasm;a0171.raw;equal;2;2;2;1;21;ESP32/cnn_webassembly_esp32/reports/20261009T030249020912Z/report.csv;[];[];[]
drowsiness;wasm;a0172.raw;equal;2;2;2;1;21;ESP32/cnn_webassembly_esp32/reports/20261009T030249020912Z/report.csv;[];[];[]
drowsiness;wasm;a0173.raw;equal;2;2;2;1;21;ESP32/cnn_webassembly_esp32/reports/20261009T030249020912Z/report.csv;[];[];[]
drowsiness;wasm;a0174.raw;equal;2;2;2;1;21;ESP32/cnn_webassembly_esp32/reports/20261009T030249020912Z/report.csv;[];[];[]
drowsiness;wasm;a0175.raw;equal;2;2;2;1;21;ESP32/cnn_webassembly_esp32/reports/20261009T030249020912Z/report.csv;[];[];[]
drowsiness;wasm;a0176.raw;equal;2;2;2;1;21;ESP32/cnn_webassembly_esp32/reports/20261009T030249020912Z/report.csv;[];[];[]
drowsiness;wasm;a0177.raw;equal;2;2;2;1;21;ESP32/cnn_webassembly_esp32/reports/20261009T030249020912Z/report.csv;[];[];[]
drowsiness;wasm;a0178.raw;equal;2;2;2;1;21;ESP32/cnn_webassembly_esp32/reports/20261009T030249020912Z/report.csv;[];[];[]
drowsiness;wasm;a0179.raw;equal;2;2;2;1;21;ESP32/cnn_webassembly_esp32/reports/20261009T030249020912Z/report.csv;[];[];[]
drowsiness;wasm;a0180.raw;equal;2;2;2;1;21;ESP32/cnn_webassembly_esp32/reports/20261009T030249020912Z/report.csv;[];[];[]
drowsiness;wasm;a0181.raw;equal;2;2;2;1;21;ESP32/cnn_webassembly_esp32/reports/20261009T030249020912Z/report.csv;[];[];[]
drowsiness;wasm;a0182.raw;equal;2;2;2;1;21;ESP32/cnn_webassembly_esp32/reports/20261009T030249020912Z/report.csv;[];[];[]
drowsiness;wasm;a0183.raw;equal;2;2;2;1;21;ESP32/cnn_webassembly_esp32/reports/20261009T030249020912Z/report.csv;[];[];[]
drowsiness;wasm;a0184.raw;equal;2;2;2;1;21;ESP32/cnn_webassembly_esp32/reports/20261009T030249020912Z/report.csv;[];[];[]
drowsiness;wasm;a0185.raw;equal;2;2;2;1;21;ESP32/cnn_webassembly_esp32/reports/20261009T030249020912Z/report.csv;[];[];[]
drowsiness;wasm;a0186.raw;equal;2;2;2;1;21;ESP32/cnn_webassembly_esp32/reports/20261009T030249020912Z/report.csv;[];[];[]
drowsiness;wasm;a0187.raw;equal;2;2;2;1;21;ESP32/cnn_webassembly_esp32/reports/20261009T030249020912Z/report.csv;[];[];[]
drowsiness;wasm;a0188.raw;equal;2;2;2;1;21;ESP32/cnn_webassembly_esp32/reports/20261009T030249020912Z/report.csv;[];[];[]
drowsiness;wasm;a0189.raw;equal;2;2;2;1;21;ESP32/cnn_webassembly_esp32/reports/20261009T030249020912Z/report.csv;[];[];[]
drowsiness;wasm;a0190.raw;equal;2;2;2;1;21;ESP32/cnn_webassembly_esp32/reports/20261009T030249020912Z/report.csv;[];[];[]
drowsiness;wasm;a0191.raw;equal;2;2;2;1;21;ESP32/cnn_webassembly_esp32/reports/20261009T030249020912Z/report.csv;[];[];[]
drowsiness;wasm;a0192.raw;equal;2;2;2;1;21;ESP32/cnn_webassembly_esp32/reports/20261009T030249020912Z/report.csv;[];[];[]
drowsiness;wasm;a0193.raw;equal;2;2;2;1;21;ESP32/cnn_webassembly_esp32/reports/20261009T030249020912Z/report.csv;[];[];[]
drowsiness;wasm;a0194.raw;equal;2;2;2;1;21;ESP32/cnn_webassembly_esp32/reports/20261009T030249020912Z/report.csv;[];[];[]
drowsiness;wasm;a0195.raw;equal;2;2;2;1;21;ESP32/cnn_webassembly_esp32/reports/20261009T030249020912Z/report.csv;[];[];[]
drowsiness;wasm;a0196.raw;equal;2;2;2;1;21;ESP32/cnn_webassembly_esp32/reports/20261009T030249020912Z/report.csv;[];[];[]
drowsiness;wasm;a0197.raw;equal;2;2;2;1;21;ESP32/cnn_webassembly_esp32/reports/20261009T030249020912Z/report.csv;[];[];[]
drowsiness;wasm;a0198.raw;equal;2;2;2;1;21;ESP32/cnn_webassembly_esp32/reports/20261009T030249020912Z/report.csv;[];[];[]
drowsiness;wasm;a0199.raw;equal;2;2;2;1;21;ESP32/cnn_webassembly_esp32/reports/20261009T030249020912Z/report.csv;[];[];[]
drowsiness;wasm;a0200.raw;equal;2;2;2;1;21;ESP32/cnn_webassembly_esp32/reports/20261009T030249020912Z/report.csv;[];[];[]
drowsiness;wasm;a0201.raw;equal;2;2;2;1;21;ESP32/cnn_webassembly_esp32/reports/20261009T030249020912Z/report.csv;[];[];[]
drowsiness;wasm;a0202.raw;equal;2;2;2;1;21;ESP32/cnn_webassembly_esp32/reports/20261009T030249020912Z/report.csv;[];[];[]
drowsiness;wasm;a0203.raw;equal;2;2;2;1;21;ESP32/cnn_webassembly_esp32/reports/20261009T030249020912Z/report.csv;[];[];[]
drowsiness;wasm;a0204.raw;equal;2;2;2;1;21;ESP32/cnn_webassembly_esp32/reports/20261009T030249020912Z/report.csv;[];[];[]
drowsiness;wasm;a0205.raw;equal;2;2;2;1;21;ESP32/cnn_webassembly_esp32/reports/20261009T030249020912Z/report.csv;[];[];[]
drowsiness;wasm;a0206.raw;equal;2;2;2;1;21;ESP32/cnn_webassembly_esp32/reports/20261009T030249020912Z/report.csv;[];[];[]
drowsiness;wasm;a0207.raw;equal;2;2;2;1;21;ESP32/cnn_webassembly_esp32/reports/20261009T030249020912Z/report.csv;[];[];[]
drowsiness;wasm;a0208.raw;equal;2;2;2;1;21;ESP32/cnn_webassembly_esp32/reports/20261009T030249020912Z/report.csv;[];[];[]
drowsiness;wasm;a0209.raw;equal;2;2;2;1;21;ESP32/cnn_webassembly_esp32/reports/20261009T030249020912Z/report.csv;[];[];[]
drowsiness;wasm;a0210.raw;equal;2;2;2;1;21;ESP32/cnn_webassembly_esp32/reports/20261009T030249020912Z/report.csv;[];[];[]
drowsiness;wasm;a0211.raw;equal;2;2;2;1;21;ESP32/cnn_webassembly_esp32/reports/20261009T030249020912Z/report.csv;[];[];[]
drowsiness;wasm;a0212.raw;equal;2;2;2;1;21;ESP32/cnn_webassembly_esp32/reports/20261009T030249020912Z/report.csv;[];[];[]
drowsiness;wasm;a0213.raw;equal;2;2;2;1;21;ESP32/cnn_webassembly_esp32/reports/20261009T030249020912Z/report.csv;[];[];[]
drowsiness;wasm;a0214.raw;equal;2;2;2;1;21;ESP32/cnn_webassembly_esp32/reports/20261009T030249020912Z/report.csv;[];[];[]
drowsiness;wasm;a0215.raw;equal;2;2;2;1;21;ESP32/cnn_webassembly_esp32/reports/20261009T030249020912Z/report.csv;[];[];[]
drowsiness;wasm;a0216.raw;equal;2;2;2;1;21;ESP32/cnn_webassembly_esp32/reports/20261009T030249020912Z/report.csv;[];[];[]
drowsiness;wasm;a0217.raw;equal;2;2;2;1;21;ESP32/cnn_webassembly_esp32/reports/20261009T030249020912Z/report.csv;[];[];[]
drowsiness;wasm;a0218.raw;equal;2;2;2;1;21;ESP32/cnn_webassembly_esp32/reports/20261009T030249020912Z/report.csv;[];[];[]
drowsiness;wasm;a0219.raw;equal;2;2;2;1;21;ESP32/cnn_webassembly_esp32/reports/20261009T030249020912Z/report.csv;[];[];[]
drowsiness;wasm;a0220.raw;equal;2;2;2;1;21;ESP32/cnn_webassembly_esp32/reports/20261009T030249020912Z/report.csv;[];[];[]
drowsiness;wasm;a0221.raw;equal;2;2;2;1;21;ESP32/cnn_webassembly_esp32/reports/20261009T030249020912Z/report.csv;[];[];[]
drowsiness;wasm;a0222.raw;equal;2;2;2;1;21;ESP32/cnn_webassembly_esp32/reports/20261009T030249020912Z/report.csv;[];[];[]
drowsiness;wasm;a0223.raw;equal;2;2;2;1;21;ESP32/cnn_webassembly_esp32/reports/20261009T030249020912Z/report.csv;[];[];[]
drowsiness;wasm;a0224.raw;equal;2;2;2;1;21;ESP32/cnn_webassembly_esp32/reports/20261009T030249020912Z/report.csv;[];[];[]
drowsiness;wasm;a0225.raw;equal;2;2;2;1;21;ESP32/cnn_webassembly_esp32/reports/20261009T030249020912Z/report.csv;[];[];[]
drowsiness;wasm;a0226.raw;equal;2;2;2;1;21;ESP32/cnn_webassembly_esp32/reports/20261009T030249020912Z/report.csv;[];[];[]
drowsiness;wasm;a0227.raw;equal;2;2;2;1;21;ESP32/cnn_webassembly_esp32/reports/20261009T030249020912Z/report.csv;[];[];[]
drowsiness;wasm;a0228.raw;equal;2;2;2;1;21;ESP32/cnn_webassembly_esp32/reports/20261009T030249020912Z/report.csv;[];[];[]
drowsiness;wasm;a0229.raw;equal;2;2;2;1;21;ESP32/cnn_webassembly_esp32/reports/20261009T030249020912Z/report.csv;[];[];[]
drowsiness;wasm;a0230.raw;equal;2;2;2;1;21;ESP32/cnn_webassembly_esp32/reports/20261009T030249020912Z/report.csv;[];[];[]
drowsiness;wasm;a0231.raw;mode;17;18;18;2;21;ESP32/cnn_webassembly_esp32/reports/20261009T030249020912Z/report.csv;[];[];[]
drowsiness;wasm;a0232.raw;equal;2;2;2;1;21;ESP32/cnn_webassembly_esp32/reports/20261009T030249020912Z/report.csv;[];[];[]
drowsiness;wasm;a0233.raw;equal;2;2;2;1;21;ESP32/cnn_webassembly_esp32/reports/20261009T030249020912Z/report.csv;[];[];[]
drowsiness;wasm;a0234.raw;equal;2;2;2;1;21;ESP32/cnn_webassembly_esp32/reports/20261009T030249020912Z/report.csv;[];[];[]
drowsiness;wasm;a0235.raw;equal;2;2;2;1;21;ESP32/cnn_webassembly_esp32/reports/20261009T030249020912Z/report.csv;[];[];[]
drowsiness;wasm;a0236.raw;equal;2;2;2;1;21;ESP32/cnn_webassembly_esp32/reports/20261009T030249020912Z/report.csv;[];[];[]
drowsiness;wasm;a0237.raw;equal;2;2;2;1;21;ESP32/cnn_webassembly_esp32/reports/20261009T030249020912Z/report.csv;[];[];[]
drowsiness;wasm;a0238.raw;equal;2;2;2;1;21;ESP32/cnn_webassembly_esp32/reports/20261009T030249020912Z/report.csv;[];[];[]
drowsiness;wasm;a0239.raw;equal;2;2;2;1;21;ESP32/cnn_webassembly_esp32/reports/20261009T030249020912Z/report.csv;[];[];[]
drowsiness;wasm;a0240.raw;equal;2;2;2;1;21;ESP32/cnn_webassembly_esp32/reports/20261009T030249020912Z/report.csv;[];[];[]
drowsiness;wasm;a0241.raw;equal;2;2;2;1;21;ESP32/cnn_webassembly_esp32/reports/20261009T030249020912Z/report.csv;[];[];[]
drowsiness;wasm;a0242.raw;equal;2;2;2;1;21;ESP32/cnn_webassembly_esp32/reports/20261009T030249020912Z/report.csv;[];[];[]
drowsiness;wasm;a0243.raw;equal;2;2;2;1;21;ESP32/cnn_webassembly_esp32/reports/20261009T030249020912Z/report.csv;[];[];[]
drowsiness;wasm;a0244.raw;equal;2;2;2;1;21;ESP32/cnn_webassembly_esp32/reports/20261009T030249020912Z/report.csv;[];[];[]
drowsiness;wasm;a0245.raw;equal;2;2;2;1;21;ESP32/cnn_webassembly_esp32/reports/20261009T030249020912Z/report.csv;[];[];[]
drowsiness;wasm;a0246.raw;equal;2;2;2;1;21;ESP32/cnn_webassembly_esp32/reports/20261009T030249020912Z/report.csv;[];[];[]
drowsiness;wasm;a0247.raw;equal;2;2;2;1;21;ESP32/cnn_webassembly_esp32/reports/20261009T030249020912Z/report.csv;[];[];[]
drowsiness;wasm;a0248.raw;equal;2;2;2;1;21;ESP32/cnn_webassembly_esp32/reports/20261009T030249020912Z/report.csv;[];[];[]
drowsiness;wasm;a0249.raw;equal;2;2;2;1;21;ESP32/cnn_webassembly_esp32/reports/20261009T030249020912Z/report.csv;[];[];[]
drowsiness;wasm;a0250.raw;equal;2;2;2;1;21;ESP32/cnn_webassembly_esp32/reports/20261009T030249020912Z/report.csv;[];[];[]
drowsiness;wasm;a0251.raw;equal;2;2;2;1;21;ESP32/cnn_webassembly_esp32/reports/20261009T030249020912Z/report.csv;[];[];[]
drowsiness;wasm;a0252.raw;equal;2;2;2;1;21;ESP32/cnn_webassembly_esp32/reports/20261009T030249020912Z/report.csv;[];[];[]
drowsiness;wasm;a0253.raw;equal;2;2;2;1;21;ESP32/cnn_webassembly_esp32/reports/20261009T030249020912Z/report.csv;[];[];[]
drowsiness;wasm;a0254.raw;equal;2;2;2;1;21;ESP32/cnn_webassembly_esp32/reports/20261009T030249020912Z/report.csv;[];[];[]
drowsiness;wasm;a0255.raw;equal;2;2;2;1;21;ESP32/cnn_webassembly_esp32/reports/20261009T030249020912Z/report.csv;[];[];[]
drowsiness;wasm;a0256.raw;equal;2;2;2;1;21;ESP32/cnn_webassembly_esp32/reports/20261009T030249020912Z/report.csv;[];[];[]
drowsiness;wasm;a0257.raw;equal;2;2;2;1;21;ESP32/cnn_webassembly_esp32/reports/20261009T030249020912Z/report.csv;[];[];[]
drowsiness;wasm;a0258.raw;equal;2;2;2;1;21;ESP32/cnn_webassembly_esp32/reports/20261009T030249020912Z/report.csv;[];[];[]
drowsiness;wasm;a0259.raw;equal;2;2;2;1;21;ESP32/cnn_webassembly_esp32/reports/20261009T030249020912Z/report.csv;[];[];[]
drowsiness;wasm;a0260.raw;equal;2;2;2;1;21;ESP32/cnn_webassembly_esp32/reports/20261009T030249020912Z/report.csv;[];[];[]
drowsiness;wasm;a0261.raw;equal;2;2;2;1;21;ESP32/cnn_webassembly_esp32/reports/20261009T030249020912Z/report.csv;[];[];[]
drowsiness;wasm;a0262.raw;equal;2;2;2;1;21;ESP32/cnn_webassembly_esp32/reports/20261009T030249020912Z/report.csv;[];[];[]
drowsiness;wasm;a0263.raw;equal;2;2;2;1;21;ESP32/cnn_webassembly_esp32/reports/20261009T030249020912Z/report.csv;[];[];[]
drowsiness;wasm;a0264.raw;equal;2;2;2;1;21;ESP32/cnn_webassembly_esp32/reports/20261009T030249020912Z/report.csv;[];[];[]
drowsiness;wasm;a0265.raw;equal;2;2;2;1;21;ESP32/cnn_webassembly_esp32/reports/20261009T030249020912Z/report.csv;[];[];[]
drowsiness;wasm;a0266.raw;equal;2;2;2;1;21;ESP32/cnn_webassembly_esp32/reports/20261009T030249020912Z/report.csv;[];[];[]
drowsiness;wasm;a0267.raw;equal;2;2;2;1;21;ESP32/cnn_webassembly_esp32/reports/20261009T030249020912Z/report.csv;[];[];[]
drowsiness;wasm;a0268.raw;equal;2;2;2;1;21;ESP32/cnn_webassembly_esp32/reports/20261009T030249020912Z/report.csv;[];[];[]
drowsiness;wasm;a0269.raw;equal;2;2;2;1;21;ESP32/cnn_webassembly_esp32/reports/20261009T030249020912Z/report.csv;[];[];[]
drowsiness;wasm;a0270.raw;equal;2;2;2;1;21;ESP32/cnn_webassembly_esp32/reports/20261009T030249020912Z/report.csv;[];[];[]
drowsiness;wasm;a0271.raw;equal;2;2;2;1;21;ESP32/cnn_webassembly_esp32/reports/20261009T030249020912Z/report.csv;[];[];[]
drowsiness;wasm;a0272.raw;equal;2;2;2;1;21;ESP32/cnn_webassembly_esp32/reports/20261009T030249020912Z/report.csv;[];[];[]
drowsiness;wasm;a0273.raw;equal;2;2;2;1;21;ESP32/cnn_webassembly_esp32/reports/20261009T030249020912Z/report.csv;[];[];[]
drowsiness;wasm;a0274.raw;equal;2;2;2;1;21;ESP32/cnn_webassembly_esp32/reports/20261009T030249020912Z/report.csv;[];[];[]
drowsiness;wasm;a0275.raw;equal;2;2;2;1;21;ESP32/cnn_webassembly_esp32/reports/20261009T030249020912Z/report.csv;[];[];[]
drowsiness;wasm;a0276.raw;equal;2;2;2;1;21;ESP32/cnn_webassembly_esp32/reports/20261009T030249020912Z/report.csv;[];[];[]
drowsiness;wasm;a0277.raw;equal;2;2;2;1;21;ESP32/cnn_webassembly_esp32/reports/20261009T030249020912Z/report.csv;[];[];[]
drowsiness;wasm;a0278.raw;equal;2;2;2;1;21;ESP32/cnn_webassembly_esp32/reports/20261009T030249020912Z/report.csv;[];[];[]
drowsiness;wasm;a0279.raw;equal;2;2;2;1;21;ESP32/cnn_webassembly_esp32/reports/20261009T030249020912Z/report.csv;[];[];[]
drowsiness;wasm;a0280.raw;equal;2;2;2;1;21;ESP32/cnn_webassembly_esp32/reports/20261009T030249020912Z/report.csv;[];[];[]
drowsiness;wasm;a0281.raw;equal;2;2;2;1;21;ESP32/cnn_webassembly_esp32/reports/20261009T030249020912Z/report.csv;[];[];[]
drowsiness;wasm;a0282.raw;equal;2;2;2;1;21;ESP32/cnn_webassembly_esp32/reports/20261009T030249020912Z/report.csv;[];[];[]
drowsiness;wasm;a0283.raw;mode;15;16;16;2;22;ESP32/cnn_webassembly_esp32/reports/20261009T100046423575Z/report.csv;[];[];[]
drowsiness;wasm;a0284.raw;equal;2;2;2;1;21;ESP32/cnn_webassembly_esp32/reports/20261009T030249020912Z/report.csv;[];[];[]
drowsiness;wasm;a0285.raw;equal;2;2;2;1;21;ESP32/cnn_webassembly_esp32/reports/20261009T030249020912Z/report.csv;[];[];[]
drowsiness;wasm;a0286.raw;equal;2;2;2;1;21;ESP32/cnn_webassembly_esp32/reports/20261009T030249020912Z/report.csv;[];[];[]
drowsiness;wasm;a0287.raw;equal;2;2;2;1;21;ESP32/cnn_webassembly_esp32/reports/20261009T030249020912Z/report.csv;[];[];[]
drowsiness;wasm;a0288.raw;equal;2;2;2;1;21;ESP32/cnn_webassembly_esp32/reports/20261009T030249020912Z/report.csv;[];[];[]
drowsiness;wasm;a0289.raw;equal;2;2;2;1;21;ESP32/cnn_webassembly_esp32/reports/20261009T030249020912Z/report.csv;[];[];[]
drowsiness;wasm;a0290.raw;equal;2;2;2;1;21;ESP32/cnn_webassembly_esp32/reports/20261009T030249020912Z/report.csv;[];[];[]
drowsiness;wasm;a0291.raw;equal;2;2;2;1;21;ESP32/cnn_webassembly_esp32/reports/20261009T030249020912Z/report.csv;[];[];[]
drowsiness;wasm;a0292.raw;equal;2;2;2;1;21;ESP32/cnn_webassembly_esp32/reports/20261009T030249020912Z/report.csv;[];[];[]
drowsiness;wasm;a0293.raw;equal;2;2;2;1;21;ESP32/cnn_webassembly_esp32/reports/20261009T030249020912Z/report.csv;[];[];[]
drowsiness;wasm;a0294.raw;equal;2;2;2;1;21;ESP32/cnn_webassembly_esp32/reports/20261009T030249020912Z/report.csv;[];[];[]
drowsiness;wasm;a0295.raw;equal;2;2;2;1;21;ESP32/cnn_webassembly_esp32/reports/20261009T030249020912Z/report.csv;[];[];[]
drowsiness;wasm;a0296.raw;equal;2;2;2;1;21;ESP32/cnn_webassembly_esp32/reports/20261009T030249020912Z/report.csv;[];[];[]
drowsiness;wasm;a0297.raw;equal;2;2;2;1;21;ESP32/cnn_webassembly_esp32/reports/20261009T030249020912Z/report.csv;[];[];[]
drowsiness;wasm;a0298.raw;equal;2;2;2;1;21;ESP32/cnn_webassembly_esp32/reports/20261009T030249020912Z/report.csv;[];[];[]
drowsiness;wasm;a0299.raw;equal;2;2;2;1;21;ESP32/cnn_webassembly_esp32/reports/20261009T030249020912Z/report.csv;[];[];[]
drowsiness;wasm;a0300.raw;equal;2;2;2;1;21;ESP32/cnn_webassembly_esp32/reports/20261009T030249020912Z/report.csv;[];[];[]
drowsiness;wasm;a0301.raw;equal;2;2;2;1;21;ESP32/cnn_webassembly_esp32/reports/20261009T030249020912Z/report.csv;[];[];[]
drowsiness;wasm;a0302.raw;equal;2;2;2;1;21;ESP32/cnn_webassembly_esp32/reports/20261009T030249020912Z/report.csv;[];[];[]
drowsiness;wasm;a0303.raw;equal;2;2;2;1;21;ESP32/cnn_webassembly_esp32/reports/20261009T030249020912Z/report.csv;[];[];[]
drowsiness;wasm;a0304.raw;equal;2;2;2;1;21;ESP32/cnn_webassembly_esp32/reports/20261009T030249020912Z/report.csv;[];[];[]
drowsiness;wasm;a0305.raw;equal;2;2;2;1;21;ESP32/cnn_webassembly_esp32/reports/20261009T030249020912Z/report.csv;[];[];[]
drowsiness;wasm;a0306.raw;equal;2;2;2;1;21;ESP32/cnn_webassembly_esp32/reports/20261009T030249020912Z/report.csv;[];[];[]
drowsiness;wasm;a0307.raw;equal;2;2;2;1;21;ESP32/cnn_webassembly_esp32/reports/20261009T030249020912Z/report.csv;[];[];[]
drowsiness;wasm;a0308.raw;equal;2;2;2;1;21;ESP32/cnn_webassembly_esp32/reports/20261009T030249020912Z/report.csv;[];[];[]
drowsiness;wasm;a0309.raw;equal;2;2;2;1;21;ESP32/cnn_webassembly_esp32/reports/20261009T030249020912Z/report.csv;[];[];[]
drowsiness;wasm;a0310.raw;equal;2;2;2;1;21;ESP32/cnn_webassembly_esp32/reports/20261009T030249020912Z/report.csv;[];[];[]
drowsiness;wasm;a0311.raw;equal;2;2;2;1;21;ESP32/cnn_webassembly_esp32/reports/20261009T030249020912Z/report.csv;[];[];[]
drowsiness;wasm;a0312.raw;equal;2;2;2;1;21;ESP32/cnn_webassembly_esp32/reports/20261009T030249020912Z/report.csv;[];[];[]
drowsiness;wasm;a0313.raw;equal;2;2;2;1;21;ESP32/cnn_webassembly_esp32/reports/20261009T030249020912Z/report.csv;[];[];[]
drowsiness;wasm;a0314.raw;equal;2;2;2;1;21;ESP32/cnn_webassembly_esp32/reports/20261009T030249020912Z/report.csv;[];[];[]
drowsiness;wasm;a0315.raw;equal;2;2;2;1;21;ESP32/cnn_webassembly_esp32/reports/20261009T030249020912Z/report.csv;[];[];[]
drowsiness;wasm;a0316.raw;equal;2;2;2;1;21;ESP32/cnn_webassembly_esp32/reports/20261009T030249020912Z/report.csv;[];[];[]
drowsiness;wasm;a0317.raw;equal;2;2;2;1;21;ESP32/cnn_webassembly_esp32/reports/20261009T030249020912Z/report.csv;[];[];[]
drowsiness;wasm;a0318.raw;equal;2;2;2;1;21;ESP32/cnn_webassembly_esp32/reports/20261009T030249020912Z/report.csv;[];[];[]
drowsiness;wasm;a0319.raw;equal;2;2;2;1;21;ESP32/cnn_webassembly_esp32/reports/20261009T030249020912Z/report.csv;[];[];[]
drowsiness;wasm;a0320.raw;equal;2;2;2;1;21;ESP32/cnn_webassembly_esp32/reports/20261009T030249020912Z/report.csv;[];[];[]
drowsiness;wasm;a0321.raw;equal;2;2;2;1;21;ESP32/cnn_webassembly_esp32/reports/20261009T030249020912Z/report.csv;[];[];[]
drowsiness;wasm;a0322.raw;equal;2;2;2;1;21;ESP32/cnn_webassembly_esp32/reports/20261009T030249020912Z/report.csv;[];[];[]
drowsiness;wasm;a0323.raw;equal;2;2;2;1;21;ESP32/cnn_webassembly_esp32/reports/20261009T030249020912Z/report.csv;[];[];[]
drowsiness;wasm;a0324.raw;equal;2;2;2;1;21;ESP32/cnn_webassembly_esp32/reports/20261009T030249020912Z/report.csv;[];[];[]
drowsiness;wasm;a0325.raw;equal;2;2;2;1;21;ESP32/cnn_webassembly_esp32/reports/20261009T030249020912Z/report.csv;[];[];[]
drowsiness;wasm;a0326.raw;equal;2;2;2;1;21;ESP32/cnn_webassembly_esp32/reports/20261009T030249020912Z/report.csv;[];[];[]
drowsiness;wasm;a0327.raw;equal;2;2;2;1;21;ESP32/cnn_webassembly_esp32/reports/20261009T030249020912Z/report.csv;[];[];[]
drowsiness;wasm;a0328.raw;equal;2;2;2;1;21;ESP32/cnn_webassembly_esp32/reports/20261009T030249020912Z/report.csv;[];[];[]
drowsiness;wasm;a0329.raw;equal;2;2;2;1;21;ESP32/cnn_webassembly_esp32/reports/20261009T030249020912Z/report.csv;[];[];[]
drowsiness;wasm;a0330.raw;equal;2;2;2;1;21;ESP32/cnn_webassembly_esp32/reports/20261009T030249020912Z/report.csv;[];[];[]
drowsiness;wasm;a0331.raw;equal;2;2;2;1;21;ESP32/cnn_webassembly_esp32/reports/20261009T030249020912Z/report.csv;[];[];[]
drowsiness;wasm;a0332.raw;mode;15;16;16;2;21;ESP32/cnn_webassembly_esp32/reports/20261009T030249020912Z/report.csv;[];[];[]
drowsiness;wasm;a0333.raw;equal;2;2;2;1;21;ESP32/cnn_webassembly_esp32/reports/20261009T030249020912Z/report.csv;[];[];[]
drowsiness;wasm;a0334.raw;equal;2;2;2;1;21;ESP32/cnn_webassembly_esp32/reports/20261009T030249020912Z/report.csv;[];[];[]
drowsiness;wasm;a0335.raw;equal;2;2;2;1;21;ESP32/cnn_webassembly_esp32/reports/20261009T030249020912Z/report.csv;[];[];[]
drowsiness;wasm;a0336.raw;equal;2;2;2;1;21;ESP32/cnn_webassembly_esp32/reports/20261009T030249020912Z/report.csv;[];[];[]
drowsiness;wasm;a0337.raw;equal;2;2;2;1;21;ESP32/cnn_webassembly_esp32/reports/20261009T030249020912Z/report.csv;[];[];[]
drowsiness;wasm;a0338.raw;equal;2;2;2;1;21;ESP32/cnn_webassembly_esp32/reports/20261009T030249020912Z/report.csv;[];[];[]
drowsiness;wasm;a0339.raw;equal;2;2;2;1;21;ESP32/cnn_webassembly_esp32/reports/20261009T030249020912Z/report.csv;[];[];[]
drowsiness;wasm;a0340.raw;equal;2;2;2;1;21;ESP32/cnn_webassembly_esp32/reports/20261009T030249020912Z/report.csv;[];[];[]
drowsiness;wasm;a0341.raw;equal;2;2;2;1;21;ESP32/cnn_webassembly_esp32/reports/20261009T030249020912Z/report.csv;[];[];[]
drowsiness;wasm;a0342.raw;equal;2;2;2;1;21;ESP32/cnn_webassembly_esp32/reports/20261009T030249020912Z/report.csv;[];[];[]
drowsiness;wasm;a0343.raw;equal;2;2;2;1;21;ESP32/cnn_webassembly_esp32/reports/20261009T030249020912Z/report.csv;[];[];[]
drowsiness;wasm;a0344.raw;equal;2;2;2;1;21;ESP32/cnn_webassembly_esp32/reports/20261009T030249020912Z/report.csv;[];[];[]
drowsiness;wasm;a0345.raw;equal;2;2;2;1;21;ESP32/cnn_webassembly_esp32/reports/20261009T030249020912Z/report.csv;[];[];[]
drowsiness;wasm;a0346.raw;equal;2;2;2;1;21;ESP32/cnn_webassembly_esp32/reports/20261009T030249020912Z/report.csv;[];[];[]
drowsiness;wasm;a0347.raw;equal;2;2;2;1;21;ESP32/cnn_webassembly_esp32/reports/20261009T030249020912Z/report.csv;[];[];[]
drowsiness;wasm;a0348.raw;equal;2;2;2;1;21;ESP32/cnn_webassembly_esp32/reports/20261009T030249020912Z/report.csv;[];[];[]
drowsiness;wasm;a0349.raw;equal;2;2;2;1;21;ESP32/cnn_webassembly_esp32/reports/20261009T030249020912Z/report.csv;[];[];[]
drowsiness;wasm;a0350.raw;equal;2;2;2;1;21;ESP32/cnn_webassembly_esp32/reports/20261009T030249020912Z/report.csv;[];[];[]
drowsiness;wasm;a0351.raw;equal;2;2;2;1;21;ESP32/cnn_webassembly_esp32/reports/20261009T030249020912Z/report.csv;[];[];[]
drowsiness;wasm;a0352.raw;equal;2;2;2;1;21;ESP32/cnn_webassembly_esp32/reports/20261009T030249020912Z/report.csv;[];[];[]
drowsiness;wasm;a0353.raw;equal;2;2;2;1;21;ESP32/cnn_webassembly_esp32/reports/20261009T030249020912Z/report.csv;[];[];[]
drowsiness;wasm;a0354.raw;equal;2;2;2;1;21;ESP32/cnn_webassembly_esp32/reports/20261009T030249020912Z/report.csv;[];[];[]
drowsiness;wasm;a0355.raw;equal;2;2;2;1;21;ESP32/cnn_webassembly_esp32/reports/20261009T030249020912Z/report.csv;[];[];[]
drowsiness;wasm;a0356.raw;equal;2;2;2;1;21;ESP32/cnn_webassembly_esp32/reports/20261009T030249020912Z/report.csv;[];[];[]
drowsiness;wasm;a0357.raw;equal;2;2;2;1;21;ESP32/cnn_webassembly_esp32/reports/20261009T030249020912Z/report.csv;[];[];[]
drowsiness;wasm;a0358.raw;equal;2;2;2;1;21;ESP32/cnn_webassembly_esp32/reports/20261009T030249020912Z/report.csv;[];[];[]
drowsiness;wasm;a0359.raw;equal;2;2;2;1;21;ESP32/cnn_webassembly_esp32/reports/20261009T030249020912Z/report.csv;[];[];[]
drowsiness;wasm;a0360.raw;equal;2;2;2;1;21;ESP32/cnn_webassembly_esp32/reports/20261009T030249020912Z/report.csv;[];[];[]
drowsiness;wasm;a0361.raw;equal;2;2;2;1;21;ESP32/cnn_webassembly_esp32/reports/20261009T030249020912Z/report.csv;[];[];[]
drowsiness;wasm;a0362.raw;equal;2;2;2;1;21;ESP32/cnn_webassembly_esp32/reports/20261009T030249020912Z/report.csv;[];[];[]
drowsiness;wasm;a0363.raw;equal;2;2;2;1;21;ESP32/cnn_webassembly_esp32/reports/20261009T030249020912Z/report.csv;[];[];[]
drowsiness;wasm;a0364.raw;equal;2;2;2;1;21;ESP32/cnn_webassembly_esp32/reports/20261009T030249020912Z/report.csv;[];[];[]
drowsiness;wasm;a0365.raw;equal;2;2;2;1;21;ESP32/cnn_webassembly_esp32/reports/20261009T030249020912Z/report.csv;[];[];[]
drowsiness;wasm;a0366.raw;equal;2;2;2;1;21;ESP32/cnn_webassembly_esp32/reports/20261009T030249020912Z/report.csv;[];[];[]
drowsiness;wasm;a0367.raw;equal;2;2;2;1;21;ESP32/cnn_webassembly_esp32/reports/20261009T030249020912Z/report.csv;[];[];[]
drowsiness;wasm;a0368.raw;equal;2;2;2;1;21;ESP32/cnn_webassembly_esp32/reports/20261009T030249020912Z/report.csv;[];[];[]
drowsiness;wasm;a0369.raw;equal;2;2;2;1;21;ESP32/cnn_webassembly_esp32/reports/20261009T030249020912Z/report.csv;[];[];[]
drowsiness;wasm;a0370.raw;equal;2;2;2;1;21;ESP32/cnn_webassembly_esp32/reports/20261009T030249020912Z/report.csv;[];[];[]
drowsiness;wasm;a0371.raw;equal;2;2;2;1;21;ESP32/cnn_webassembly_esp32/reports/20261009T030249020912Z/report.csv;[];[];[]
drowsiness;wasm;a0372.raw;equal;2;2;2;1;21;ESP32/cnn_webassembly_esp32/reports/20261009T030249020912Z/report.csv;[];[];[]
drowsiness;wasm;a0373.raw;equal;2;2;2;1;21;ESP32/cnn_webassembly_esp32/reports/20261009T030249020912Z/report.csv;[];[];[]
drowsiness;wasm;a0374.raw;equal;2;2;2;1;21;ESP32/cnn_webassembly_esp32/reports/20261009T030249020912Z/report.csv;[];[];[]
drowsiness;wasm;a0375.raw;equal;2;2;2;1;21;ESP32/cnn_webassembly_esp32/reports/20261009T030249020912Z/report.csv;[];[];[]
drowsiness;wasm;a0376.raw;equal;2;2;2;1;21;ESP32/cnn_webassembly_esp32/reports/20261009T030249020912Z/report.csv;[];[];[]
drowsiness;wasm;a0377.raw;equal;2;2;2;1;21;ESP32/cnn_webassembly_esp32/reports/20261009T030249020912Z/report.csv;[];[];[]
drowsiness;wasm;a0378.raw;equal;2;2;2;1;21;ESP32/cnn_webassembly_esp32/reports/20261009T030249020912Z/report.csv;[];[];[]
drowsiness;wasm;a0379.raw;equal;2;2;2;1;21;ESP32/cnn_webassembly_esp32/reports/20261009T030249020912Z/report.csv;[];[];[]
drowsiness;wasm;a0380.raw;equal;2;2;2;1;21;ESP32/cnn_webassembly_esp32/reports/20261009T030249020912Z/report.csv;[];[];[]
drowsiness;wasm;a0381.raw;equal;2;2;2;1;21;ESP32/cnn_webassembly_esp32/reports/20261009T030249020912Z/report.csv;[];[];[]
drowsiness;wasm;a0382.raw;equal;2;2;2;1;21;ESP32/cnn_webassembly_esp32/reports/20261009T030249020912Z/report.csv;[];[];[]
drowsiness;wasm;a0383.raw;equal;2;2;2;1;21;ESP32/cnn_webassembly_esp32/reports/20261009T030249020912Z/report.csv;[];[];[]
drowsiness;wasm;a0384.raw;equal;2;2;2;1;21;ESP32/cnn_webassembly_esp32/reports/20261009T030249020912Z/report.csv;[];[];[]
drowsiness;wasm;a0385.raw;equal;2;2;2;1;21;ESP32/cnn_webassembly_esp32/reports/20261009T030249020912Z/report.csv;[];[];[]
drowsiness;wasm;a0386.raw;equal;2;2;2;1;21;ESP32/cnn_webassembly_esp32/reports/20261009T030249020912Z/report.csv;[];[];[]
drowsiness;wasm;a0387.raw;equal;2;2;2;1;21;ESP32/cnn_webassembly_esp32/reports/20261009T030249020912Z/report.csv;[];[];[]
drowsiness;wasm;a0388.raw;equal;2;2;2;1;21;ESP32/cnn_webassembly_esp32/reports/20261009T030249020912Z/report.csv;[];[];[]
drowsiness;wasm;a0389.raw;equal;2;2;2;1;21;ESP32/cnn_webassembly_esp32/reports/20261009T030249020912Z/report.csv;[];[];[]
drowsiness;wasm;a0390.raw;equal;2;2;2;1;21;ESP32/cnn_webassembly_esp32/reports/20261009T030249020912Z/report.csv;[];[];[]
drowsiness;wasm;a0391.raw;equal;2;2;2;1;21;ESP32/cnn_webassembly_esp32/reports/20261009T030249020912Z/report.csv;[];[];[]
drowsiness;wasm;a0392.raw;equal;2;2;2;1;21;ESP32/cnn_webassembly_esp32/reports/20261009T030249020912Z/report.csv;[];[];[]
drowsiness;wasm;a0393.raw;equal;2;2;2;1;21;ESP32/cnn_webassembly_esp32/reports/20261009T030249020912Z/report.csv;[];[];[]
drowsiness;wasm;a0394.raw;equal;2;2;2;1;21;ESP32/cnn_webassembly_esp32/reports/20261009T030249020912Z/report.csv;[];[];[]
drowsiness;wasm;a0395.raw;equal;2;2;2;1;21;ESP32/cnn_webassembly_esp32/reports/20261009T030249020912Z/report.csv;[];[];[]
drowsiness;wasm;a0396.raw;equal;2;2;2;1;21;ESP32/cnn_webassembly_esp32/reports/20261009T030249020912Z/report.csv;[];[];[]
drowsiness;wasm;a0397.raw;equal;2;2;2;1;21;ESP32/cnn_webassembly_esp32/reports/20261009T030249020912Z/report.csv;[];[];[]
drowsiness;wasm;a0398.raw;equal;2;2;2;1;21;ESP32/cnn_webassembly_esp32/reports/20261009T030249020912Z/report.csv;[];[];[]
drowsiness;wasm;a0399.raw;equal;2;2;2;1;21;ESP32/cnn_webassembly_esp32/reports/20261009T030249020912Z/report.csv;[];[];[]
drowsiness;wasm;a0400.raw;equal;2;2;2;1;21;ESP32/cnn_webassembly_esp32/reports/20261009T030249020912Z/report.csv;[];[];[]
drowsiness;wasm;a0401.raw;equal;2;2;2;1;21;ESP32/cnn_webassembly_esp32/reports/20261009T030249020912Z/report.csv;[];[];[]
drowsiness;wasm;a0402.raw;equal;2;2;2;1;21;ESP32/cnn_webassembly_esp32/reports/20261009T030249020912Z/report.csv;[];[];[]
drowsiness;wasm;a0403.raw;equal;2;2;2;1;21;ESP32/cnn_webassembly_esp32/reports/20261009T030249020912Z/report.csv;[];[];[]
drowsiness;wasm;a0404.raw;equal;2;2;2;1;21;ESP32/cnn_webassembly_esp32/reports/20261009T030249020912Z/report.csv;[];[];[]
drowsiness;wasm;a0405.raw;equal;2;2;2;1;21;ESP32/cnn_webassembly_esp32/reports/20261009T030249020912Z/report.csv;[];[];[]
drowsiness;wasm;a0406.raw;equal;2;2;2;1;21;ESP32/cnn_webassembly_esp32/reports/20261009T030249020912Z/report.csv;[];[];[]
drowsiness;wasm;a0407.raw;equal;2;2;2;1;21;ESP32/cnn_webassembly_esp32/reports/20261009T030249020912Z/report.csv;[];[];[]
drowsiness;wasm;a0408.raw;equal;2;2;2;1;21;ESP32/cnn_webassembly_esp32/reports/20261009T030249020912Z/report.csv;[];[];[]
drowsiness;wasm;a0409.raw;equal;2;2;2;1;21;ESP32/cnn_webassembly_esp32/reports/20261009T030249020912Z/report.csv;[];[];[]
drowsiness;wasm;a0410.raw;equal;2;2;2;1;21;ESP32/cnn_webassembly_esp32/reports/20261009T030249020912Z/report.csv;[];[];[]
drowsiness;wasm;a0411.raw;equal;2;2;2;1;21;ESP32/cnn_webassembly_esp32/reports/20261009T030249020912Z/report.csv;[];[];[]
drowsiness;wasm;a0412.raw;equal;2;2;2;1;21;ESP32/cnn_webassembly_esp32/reports/20261009T030249020912Z/report.csv;[];[];[]
drowsiness;wasm;a0413.raw;equal;2;2;2;1;21;ESP32/cnn_webassembly_esp32/reports/20261009T030249020912Z/report.csv;[];[];[]
drowsiness;wasm;a0414.raw;equal;2;2;2;1;21;ESP32/cnn_webassembly_esp32/reports/20261009T030249020912Z/report.csv;[];[];[]
drowsiness;wasm;a0415.raw;equal;2;2;2;1;21;ESP32/cnn_webassembly_esp32/reports/20261009T030249020912Z/report.csv;[];[];[]
drowsiness;wasm;a0416.raw;equal;2;2;2;1;21;ESP32/cnn_webassembly_esp32/reports/20261009T030249020912Z/report.csv;[];[];[]
drowsiness;wasm;a0417.raw;equal;2;2;2;1;21;ESP32/cnn_webassembly_esp32/reports/20261009T030249020912Z/report.csv;[];[];[]
drowsiness;wasm;a0418.raw;equal;2;2;2;1;21;ESP32/cnn_webassembly_esp32/reports/20261009T030249020912Z/report.csv;[];[];[]
drowsiness;wasm;a0419.raw;equal;2;2;2;1;21;ESP32/cnn_webassembly_esp32/reports/20261009T030249020912Z/report.csv;[];[];[]
drowsiness;wasm;a0420.raw;equal;2;2;2;1;21;ESP32/cnn_webassembly_esp32/reports/20261009T030249020912Z/report.csv;[];[];[]
drowsiness;wasm;a0421.raw;equal;2;2;2;1;21;ESP32/cnn_webassembly_esp32/reports/20261009T030249020912Z/report.csv;[];[];[]
drowsiness;wasm;a0422.raw;equal;2;2;2;1;21;ESP32/cnn_webassembly_esp32/reports/20261009T030249020912Z/report.csv;[];[];[]
drowsiness;wasm;a0423.raw;mode;15;16;16;2;22;ESP32/cnn_webassembly_esp32/reports/20261009T100046423575Z/report.csv;[];[];[]
drowsiness;wasm;a0424.raw;equal;2;2;2;1;21;ESP32/cnn_webassembly_esp32/reports/20261009T030249020912Z/report.csv;[];[];[]
drowsiness;wasm;a0425.raw;equal;2;2;2;1;21;ESP32/cnn_webassembly_esp32/reports/20261009T030249020912Z/report.csv;[];[];[]
drowsiness;wasm;a0426.raw;equal;2;2;2;1;21;ESP32/cnn_webassembly_esp32/reports/20261009T030249020912Z/report.csv;[];[];[]
drowsiness;wasm;a0427.raw;equal;2;2;2;1;21;ESP32/cnn_webassembly_esp32/reports/20261009T030249020912Z/report.csv;[];[];[]
drowsiness;wasm;a0428.raw;equal;2;2;2;1;21;ESP32/cnn_webassembly_esp32/reports/20261009T030249020912Z/report.csv;[];[];[]
drowsiness;wasm;a0429.raw;equal;2;2;2;1;21;ESP32/cnn_webassembly_esp32/reports/20261009T030249020912Z/report.csv;[];[];[]
drowsiness;wasm;a0430.raw;equal;2;2;2;1;21;ESP32/cnn_webassembly_esp32/reports/20261009T030249020912Z/report.csv;[];[];[]
drowsiness;wasm;a0431.raw;equal;2;2;2;1;21;ESP32/cnn_webassembly_esp32/reports/20261009T030249020912Z/report.csv;[];[];[]
drowsiness;wasm;a0432.raw;equal;2;2;2;1;21;ESP32/cnn_webassembly_esp32/reports/20261009T030249020912Z/report.csv;[];[];[]
drowsiness;wasm;a0433.raw;equal;2;2;2;1;21;ESP32/cnn_webassembly_esp32/reports/20261009T030249020912Z/report.csv;[];[];[]
drowsiness;wasm;a0434.raw;equal;2;2;2;1;21;ESP32/cnn_webassembly_esp32/reports/20261009T030249020912Z/report.csv;[];[];[]
drowsiness;wasm;a0435.raw;equal;2;2;2;1;21;ESP32/cnn_webassembly_esp32/reports/20261009T030249020912Z/report.csv;[];[];[]
drowsiness;wasm;a0436.raw;equal;2;2;2;1;21;ESP32/cnn_webassembly_esp32/reports/20261009T030249020912Z/report.csv;[];[];[]
drowsiness;wasm;a0437.raw;equal;2;2;2;1;21;ESP32/cnn_webassembly_esp32/reports/20261009T030249020912Z/report.csv;[];[];[]
drowsiness;wasm;a0438.raw;equal;2;2;2;1;21;ESP32/cnn_webassembly_esp32/reports/20261009T030249020912Z/report.csv;[];[];[]
drowsiness;wasm;a0439.raw;equal;2;2;2;1;21;ESP32/cnn_webassembly_esp32/reports/20261009T030249020912Z/report.csv;[];[];[]
drowsiness;wasm;a0440.raw;equal;2;2;2;1;21;ESP32/cnn_webassembly_esp32/reports/20261009T030249020912Z/report.csv;[];[];[]
drowsiness;wasm;a0441.raw;equal;2;2;2;1;21;ESP32/cnn_webassembly_esp32/reports/20261009T030249020912Z/report.csv;[];[];[]
drowsiness;wasm;a0442.raw;equal;2;2;2;1;21;ESP32/cnn_webassembly_esp32/reports/20261009T030249020912Z/report.csv;[];[];[]
drowsiness;wasm;a0443.raw;equal;2;2;2;1;21;ESP32/cnn_webassembly_esp32/reports/20261009T030249020912Z/report.csv;[];[];[]
drowsiness;wasm;a0444.raw;equal;2;2;2;1;21;ESP32/cnn_webassembly_esp32/reports/20261009T030249020912Z/report.csv;[];[];[]
drowsiness;wasm;a0445.raw;equal;2;2;2;1;21;ESP32/cnn_webassembly_esp32/reports/20261009T030249020912Z/report.csv;[];[];[]
drowsiness;wasm;a0446.raw;equal;2;2;2;1;21;ESP32/cnn_webassembly_esp32/reports/20261009T030249020912Z/report.csv;[];[];[]
drowsiness;wasm;a0447.raw;equal;2;2;2;1;21;ESP32/cnn_webassembly_esp32/reports/20261009T030249020912Z/report.csv;[];[];[]
drowsiness;wasm;a0448.raw;equal;2;2;2;1;21;ESP32/cnn_webassembly_esp32/reports/20261009T030249020912Z/report.csv;[];[];[]
drowsiness;wasm;a0449.raw;equal;2;2;2;1;21;ESP32/cnn_webassembly_esp32/reports/20261009T030249020912Z/report.csv;[];[];[]
drowsiness;wasm;a0450.raw;equal;2;2;2;1;21;ESP32/cnn_webassembly_esp32/reports/20261009T030249020912Z/report.csv;[];[];[]
drowsiness;wasm;a0451.raw;equal;2;2;2;1;21;ESP32/cnn_webassembly_esp32/reports/20261009T030249020912Z/report.csv;[];[];[]
drowsiness;wasm;a0452.raw;equal;2;2;2;1;21;ESP32/cnn_webassembly_esp32/reports/20261009T030249020912Z/report.csv;[];[];[]
drowsiness;wasm;a0453.raw;equal;2;2;2;1;21;ESP32/cnn_webassembly_esp32/reports/20261009T030249020912Z/report.csv;[];[];[]
drowsiness;wasm;a0454.raw;equal;2;2;2;1;21;ESP32/cnn_webassembly_esp32/reports/20261009T030249020912Z/report.csv;[];[];[]
drowsiness;wasm;a0455.raw;equal;2;2;2;1;21;ESP32/cnn_webassembly_esp32/reports/20261009T030249020912Z/report.csv;[];[];[]
drowsiness;wasm;a0456.raw;mode;15;16;16;2;21;ESP32/cnn_webassembly_esp32/reports/20261009T030249020912Z/report.csv;[];[];[]
drowsiness;wasm;a0457.raw;equal;2;2;2;1;21;ESP32/cnn_webassembly_esp32/reports/20261009T030249020912Z/report.csv;[];[];[]
drowsiness;wasm;a0458.raw;equal;2;2;2;1;21;ESP32/cnn_webassembly_esp32/reports/20261009T030249020912Z/report.csv;[];[];[]
drowsiness;wasm;a0459.raw;equal;2;2;2;1;21;ESP32/cnn_webassembly_esp32/reports/20261009T030249020912Z/report.csv;[];[];[]
drowsiness;wasm;a0460.raw;equal;2;2;2;1;21;ESP32/cnn_webassembly_esp32/reports/20261009T030249020912Z/report.csv;[];[];[]
drowsiness;wasm;a0461.raw;equal;2;2;2;1;21;ESP32/cnn_webassembly_esp32/reports/20261009T030249020912Z/report.csv;[];[];[]
drowsiness;wasm;a0462.raw;equal;2;2;2;1;21;ESP32/cnn_webassembly_esp32/reports/20261009T030249020912Z/report.csv;[];[];[]
drowsiness;wasm;a0463.raw;equal;2;2;2;1;21;ESP32/cnn_webassembly_esp32/reports/20261009T030249020912Z/report.csv;[];[];[]
drowsiness;wasm;a0464.raw;equal;2;2;2;1;21;ESP32/cnn_webassembly_esp32/reports/20261009T030249020912Z/report.csv;[];[];[]
drowsiness;wasm;a0465.raw;equal;2;2;2;1;21;ESP32/cnn_webassembly_esp32/reports/20261009T030249020912Z/report.csv;[];[];[]
drowsiness;wasm;a0466.raw;equal;2;2;2;1;21;ESP32/cnn_webassembly_esp32/reports/20261009T030249020912Z/report.csv;[];[];[]
drowsiness;wasm;a0467.raw;equal;2;2;2;1;21;ESP32/cnn_webassembly_esp32/reports/20261009T030249020912Z/report.csv;[];[];[]
drowsiness;wasm;a0468.raw;equal;2;2;2;1;21;ESP32/cnn_webassembly_esp32/reports/20261009T030249020912Z/report.csv;[];[];[]
drowsiness;wasm;a0469.raw;equal;2;2;2;1;21;ESP32/cnn_webassembly_esp32/reports/20261009T030249020912Z/report.csv;[];[];[]
drowsiness;wasm;a0470.raw;equal;2;2;2;1;21;ESP32/cnn_webassembly_esp32/reports/20261009T030249020912Z/report.csv;[];[];[]
drowsiness;wasm;a0471.raw;equal;2;2;2;1;21;ESP32/cnn_webassembly_esp32/reports/20261009T030249020912Z/report.csv;[];[];[]
drowsiness;wasm;a0472.raw;equal;2;2;2;1;21;ESP32/cnn_webassembly_esp32/reports/20261009T030249020912Z/report.csv;[];[];[]
drowsiness;wasm;a0473.raw;equal;2;2;2;1;21;ESP32/cnn_webassembly_esp32/reports/20261009T030249020912Z/report.csv;[];[];[]
drowsiness;wasm;a0474.raw;equal;2;2;2;1;21;ESP32/cnn_webassembly_esp32/reports/20261009T030249020912Z/report.csv;[];[];[]
drowsiness;wasm;a0475.raw;equal;2;2;2;1;21;ESP32/cnn_webassembly_esp32/reports/20261009T030249020912Z/report.csv;[];[];[]
drowsiness;wasm;a0476.raw;equal;2;2;2;1;21;ESP32/cnn_webassembly_esp32/reports/20261009T030249020912Z/report.csv;[];[];[]
drowsiness;wasm;a0477.raw;equal;2;2;2;1;21;ESP32/cnn_webassembly_esp32/reports/20261009T030249020912Z/report.csv;[];[];[]
drowsiness;wasm;a0478.raw;equal;2;2;2;1;21;ESP32/cnn_webassembly_esp32/reports/20261009T030249020912Z/report.csv;[];[];[]
drowsiness;wasm;a0479.raw;equal;2;2;2;1;21;ESP32/cnn_webassembly_esp32/reports/20261009T030249020912Z/report.csv;[];[];[]
drowsiness;wasm;a0480.raw;equal;2;2;2;1;21;ESP32/cnn_webassembly_esp32/reports/20261009T030249020912Z/report.csv;[];[];[]
drowsiness;wasm;a0481.raw;equal;2;2;2;1;21;ESP32/cnn_webassembly_esp32/reports/20261009T030249020912Z/report.csv;[];[];[]
drowsiness;wasm;a0482.raw;equal;2;2;2;1;21;ESP32/cnn_webassembly_esp32/reports/20261009T030249020912Z/report.csv;[];[];[]
drowsiness;wasm;a0483.raw;equal;2;2;2;1;21;ESP32/cnn_webassembly_esp32/reports/20261009T030249020912Z/report.csv;[];[];[]
drowsiness;wasm;a0484.raw;equal;2;2;2;1;21;ESP32/cnn_webassembly_esp32/reports/20261009T030249020912Z/report.csv;[];[];[]
drowsiness;wasm;a0485.raw;equal;2;2;2;1;21;ESP32/cnn_webassembly_esp32/reports/20261009T030249020912Z/report.csv;[];[];[]
drowsiness;wasm;a0486.raw;equal;2;2;2;1;21;ESP32/cnn_webassembly_esp32/reports/20261009T030249020912Z/report.csv;[];[];[]
drowsiness;wasm;a0487.raw;equal;2;2;2;1;21;ESP32/cnn_webassembly_esp32/reports/20261009T030249020912Z/report.csv;[];[];[]
drowsiness;wasm;a0488.raw;equal;2;2;2;1;21;ESP32/cnn_webassembly_esp32/reports/20261009T030249020912Z/report.csv;[];[];[]
drowsiness;wasm;a0489.raw;equal;2;2;2;1;21;ESP32/cnn_webassembly_esp32/reports/20261009T030249020912Z/report.csv;[];[];[]
drowsiness;wasm;a0490.raw;equal;2;2;2;1;21;ESP32/cnn_webassembly_esp32/reports/20261009T030249020912Z/report.csv;[];[];[]
drowsiness;wasm;a0491.raw;equal;2;2;2;1;21;ESP32/cnn_webassembly_esp32/reports/20261009T030249020912Z/report.csv;[];[];[]
drowsiness;wasm;a0492.raw;equal;2;2;2;1;21;ESP32/cnn_webassembly_esp32/reports/20261009T030249020912Z/report.csv;[];[];[]
drowsiness;wasm;a0493.raw;equal;2;2;2;1;21;ESP32/cnn_webassembly_esp32/reports/20261009T030249020912Z/report.csv;[];[];[]
drowsiness;wasm;a0494.raw;equal;2;2;2;1;21;ESP32/cnn_webassembly_esp32/reports/20261009T030249020912Z/report.csv;[];[];[]
drowsiness;wasm;a0495.raw;equal;2;2;2;1;21;ESP32/cnn_webassembly_esp32/reports/20261009T030249020912Z/report.csv;[];[];[]
drowsiness;wasm;a0496.raw;equal;2;2;2;1;21;ESP32/cnn_webassembly_esp32/reports/20261009T030249020912Z/report.csv;[];[];[]
drowsiness;wasm;a0497.raw;equal;2;2;2;1;21;ESP32/cnn_webassembly_esp32/reports/20261009T030249020912Z/report.csv;[];[];[]
drowsiness;wasm;a0498.raw;equal;2;2;2;1;21;ESP32/cnn_webassembly_esp32/reports/20261009T030249020912Z/report.csv;[];[];[]
drowsiness;wasm;a0499.raw;equal;2;2;2;1;21;ESP32/cnn_webassembly_esp32/reports/20261009T030249020912Z/report.csv;[];[];[]
drowsiness;wasm;a0500.raw;equal;2;2;2;1;21;ESP32/cnn_webassembly_esp32/reports/20261009T030249020912Z/report.csv;[];[];[]
drowsiness;wasm;a0501.raw;equal;2;2;2;1;21;ESP32/cnn_webassembly_esp32/reports/20261009T030249020912Z/report.csv;[];[];[]
drowsiness;wasm;a0502.raw;equal;2;2;2;1;21;ESP32/cnn_webassembly_esp32/reports/20261009T030249020912Z/report.csv;[];[];[]
drowsiness;wasm;a0503.raw;equal;2;2;2;1;21;ESP32/cnn_webassembly_esp32/reports/20261009T030249020912Z/report.csv;[];[];[]
drowsiness;wasm;a0504.raw;equal;2;2;2;1;21;ESP32/cnn_webassembly_esp32/reports/20261009T030249020912Z/report.csv;[];[];[]
drowsiness;wasm;a0505.raw;equal;2;2;2;1;21;ESP32/cnn_webassembly_esp32/reports/20261009T030249020912Z/report.csv;[];[];[]
drowsiness;wasm;a0506.raw;equal;2;2;2;1;21;ESP32/cnn_webassembly_esp32/reports/20261009T030249020912Z/report.csv;[];[];[]
drowsiness;wasm;a0507.raw;equal;2;2;2;1;21;ESP32/cnn_webassembly_esp32/reports/20261009T030249020912Z/report.csv;[];[];[]
drowsiness;wasm;a0508.raw;equal;2;2;2;1;21;ESP32/cnn_webassembly_esp32/reports/20261009T030249020912Z/report.csv;[];[];[]
drowsiness;wasm;a0509.raw;equal;2;2;2;1;21;ESP32/cnn_webassembly_esp32/reports/20261009T030249020912Z/report.csv;[];[];[]
drowsiness;wasm;a0510.raw;equal;2;2;2;1;21;ESP32/cnn_webassembly_esp32/reports/20261009T030249020912Z/report.csv;[];[];[]
drowsiness;wasm;a0511.raw;equal;2;2;2;1;21;ESP32/cnn_webassembly_esp32/reports/20261009T030249020912Z/report.csv;[];[];[]
drowsiness;wasm;a0512.raw;equal;2;2;2;1;21;ESP32/cnn_webassembly_esp32/reports/20261009T030249020912Z/report.csv;[];[];[]
drowsiness;wasm;a0513.raw;equal;2;2;2;1;21;ESP32/cnn_webassembly_esp32/reports/20261009T030249020912Z/report.csv;[];[];[]
drowsiness;wasm;a0514.raw;equal;2;2;2;1;21;ESP32/cnn_webassembly_esp32/reports/20261009T030249020912Z/report.csv;[];[];[]
drowsiness;wasm;a0515.raw;equal;2;2;2;1;21;ESP32/cnn_webassembly_esp32/reports/20261009T030249020912Z/report.csv;[];[];[]
drowsiness;wasm;a0516.raw;equal;2;2;2;1;21;ESP32/cnn_webassembly_esp32/reports/20261009T030249020912Z/report.csv;[];[];[]
drowsiness;wasm;a0517.raw;equal;2;2;2;1;21;ESP32/cnn_webassembly_esp32/reports/20261009T030249020912Z/report.csv;[];[];[]
drowsiness;wasm;a0518.raw;equal;2;2;2;1;21;ESP32/cnn_webassembly_esp32/reports/20261009T030249020912Z/report.csv;[];[];[]
drowsiness;wasm;a0519.raw;equal;2;2;2;1;21;ESP32/cnn_webassembly_esp32/reports/20261009T030249020912Z/report.csv;[];[];[]
drowsiness;wasm;a0520.raw;equal;2;2;2;1;21;ESP32/cnn_webassembly_esp32/reports/20261009T030249020912Z/report.csv;[];[];[]
drowsiness;wasm;a0521.raw;equal;2;2;2;1;21;ESP32/cnn_webassembly_esp32/reports/20261009T030249020912Z/report.csv;[];[];[]
drowsiness;wasm;a0522.raw;equal;2;2;2;1;21;ESP32/cnn_webassembly_esp32/reports/20261009T030249020912Z/report.csv;[];[];[]
drowsiness;wasm;a0523.raw;equal;2;2;2;1;21;ESP32/cnn_webassembly_esp32/reports/20261009T030249020912Z/report.csv;[];[];[]
drowsiness;wasm;a0524.raw;equal;2;2;2;1;21;ESP32/cnn_webassembly_esp32/reports/20261009T030249020912Z/report.csv;[];[];[]
drowsiness;wasm;a0525.raw;equal;2;2;2;1;21;ESP32/cnn_webassembly_esp32/reports/20261009T030249020912Z/report.csv;[];[];[]
drowsiness;wasm;a0526.raw;equal;2;2;2;1;21;ESP32/cnn_webassembly_esp32/reports/20261009T030249020912Z/report.csv;[];[];[]
drowsiness;wasm;a0527.raw;equal;2;2;2;1;21;ESP32/cnn_webassembly_esp32/reports/20261009T030249020912Z/report.csv;[];[];[]
drowsiness;wasm;a0528.raw;equal;2;2;2;1;21;ESP32/cnn_webassembly_esp32/reports/20261009T030249020912Z/report.csv;[];[];[]
drowsiness;wasm;a0529.raw;equal;2;2;2;1;21;ESP32/cnn_webassembly_esp32/reports/20261009T030249020912Z/report.csv;[];[];[]
drowsiness;wasm;a0530.raw;equal;2;2;2;1;21;ESP32/cnn_webassembly_esp32/reports/20261009T030249020912Z/report.csv;[];[];[]
drowsiness;wasm;a0531.raw;equal;2;2;2;1;21;ESP32/cnn_webassembly_esp32/reports/20261009T030249020912Z/report.csv;[];[];[]
drowsiness;wasm;a0532.raw;equal;2;2;2;1;21;ESP32/cnn_webassembly_esp32/reports/20261009T030249020912Z/report.csv;[];[];[]
drowsiness;wasm;a0533.raw;equal;2;2;2;1;21;ESP32/cnn_webassembly_esp32/reports/20261009T030249020912Z/report.csv;[];[];[]
drowsiness;wasm;a0534.raw;equal;2;2;2;1;21;ESP32/cnn_webassembly_esp32/reports/20261009T030249020912Z/report.csv;[];[];[]
drowsiness;wasm;a0535.raw;equal;2;2;2;1;21;ESP32/cnn_webassembly_esp32/reports/20261009T030249020912Z/report.csv;[];[];[]
drowsiness;wasm;a0536.raw;equal;2;2;2;1;21;ESP32/cnn_webassembly_esp32/reports/20261009T030249020912Z/report.csv;[];[];[]
drowsiness;wasm;a0537.raw;equal;2;2;2;1;21;ESP32/cnn_webassembly_esp32/reports/20261009T030249020912Z/report.csv;[];[];[]
drowsiness;wasm;a0538.raw;equal;2;2;2;1;21;ESP32/cnn_webassembly_esp32/reports/20261009T030249020912Z/report.csv;[];[];[]
drowsiness;wasm;a0539.raw;equal;2;2;2;1;21;ESP32/cnn_webassembly_esp32/reports/20261009T030249020912Z/report.csv;[];[];[]
drowsiness;wasm;a0540.raw;equal;2;2;2;1;21;ESP32/cnn_webassembly_esp32/reports/20261009T030249020912Z/report.csv;[];[];[]
drowsiness;wasm;a0541.raw;equal;2;2;2;1;21;ESP32/cnn_webassembly_esp32/reports/20261009T030249020912Z/report.csv;[];[];[]
drowsiness;wasm;a0542.raw;equal;2;2;2;1;21;ESP32/cnn_webassembly_esp32/reports/20261009T030249020912Z/report.csv;[];[];[]
drowsiness;wasm;a0543.raw;equal;2;2;2;1;21;ESP32/cnn_webassembly_esp32/reports/20261009T030249020912Z/report.csv;[];[];[]
drowsiness;wasm;a0544.raw;mode;15;16;16;2;22;ESP32/cnn_webassembly_esp32/reports/20261009T100046423575Z/report.csv;[];[];[]
drowsiness;wasm;a0545.raw;equal;2;2;2;1;21;ESP32/cnn_webassembly_esp32/reports/20261009T030249020912Z/report.csv;[];[];[]
drowsiness;wasm;a0546.raw;equal;2;2;2;1;21;ESP32/cnn_webassembly_esp32/reports/20261009T030249020912Z/report.csv;[];[];[]
drowsiness;wasm;a0547.raw;equal;2;2;2;1;21;ESP32/cnn_webassembly_esp32/reports/20261009T030249020912Z/report.csv;[];[];[]
drowsiness;wasm;a0548.raw;equal;2;2;2;1;21;ESP32/cnn_webassembly_esp32/reports/20261009T030249020912Z/report.csv;[];[];[]
drowsiness;wasm;a0549.raw;equal;2;2;2;1;21;ESP32/cnn_webassembly_esp32/reports/20261009T030249020912Z/report.csv;[];[];[]
drowsiness;wasm;a0550.raw;equal;2;2;2;1;21;ESP32/cnn_webassembly_esp32/reports/20261009T030249020912Z/report.csv;[];[];[]
drowsiness;wasm;a0551.raw;equal;2;2;2;1;21;ESP32/cnn_webassembly_esp32/reports/20261009T030249020912Z/report.csv;[];[];[]
drowsiness;wasm;a0552.raw;equal;2;2;2;1;21;ESP32/cnn_webassembly_esp32/reports/20261009T030249020912Z/report.csv;[];[];[]
drowsiness;wasm;a0553.raw;equal;2;2;2;1;21;ESP32/cnn_webassembly_esp32/reports/20261009T030249020912Z/report.csv;[];[];[]
drowsiness;wasm;a0554.raw;equal;2;2;2;1;21;ESP32/cnn_webassembly_esp32/reports/20261009T030249020912Z/report.csv;[];[];[]
drowsiness;wasm;a0555.raw;equal;2;2;2;1;21;ESP32/cnn_webassembly_esp32/reports/20261009T030249020912Z/report.csv;[];[];[]
drowsiness;wasm;a0556.raw;equal;2;2;2;1;21;ESP32/cnn_webassembly_esp32/reports/20261009T030249020912Z/report.csv;[];[];[]
drowsiness;wasm;a0557.raw;equal;2;2;2;1;21;ESP32/cnn_webassembly_esp32/reports/20261009T030249020912Z/report.csv;[];[];[]
drowsiness;wasm;a0558.raw;equal;2;2;2;1;21;ESP32/cnn_webassembly_esp32/reports/20261009T030249020912Z/report.csv;[];[];[]
drowsiness;wasm;a0559.raw;equal;2;2;2;1;21;ESP32/cnn_webassembly_esp32/reports/20261009T030249020912Z/report.csv;[];[];[]
drowsiness;wasm;a0560.raw;equal;2;2;2;1;21;ESP32/cnn_webassembly_esp32/reports/20261009T030249020912Z/report.csv;[];[];[]
drowsiness;wasm;a0561.raw;equal;2;2;2;1;21;ESP32/cnn_webassembly_esp32/reports/20261009T030249020912Z/report.csv;[];[];[]
drowsiness;wasm;a0562.raw;equal;2;2;2;1;21;ESP32/cnn_webassembly_esp32/reports/20261009T030249020912Z/report.csv;[];[];[]
drowsiness;wasm;a0563.raw;equal;2;2;2;1;21;ESP32/cnn_webassembly_esp32/reports/20261009T030249020912Z/report.csv;[];[];[]
drowsiness;wasm;a0564.raw;equal;2;2;2;1;21;ESP32/cnn_webassembly_esp32/reports/20261009T030249020912Z/report.csv;[];[];[]
drowsiness;wasm;a0565.raw;equal;2;2;2;1;21;ESP32/cnn_webassembly_esp32/reports/20261009T030249020912Z/report.csv;[];[];[]
drowsiness;wasm;a0566.raw;equal;2;2;2;1;21;ESP32/cnn_webassembly_esp32/reports/20261009T030249020912Z/report.csv;[];[];[]
drowsiness;wasm;a0567.raw;equal;2;2;2;1;21;ESP32/cnn_webassembly_esp32/reports/20261009T030249020912Z/report.csv;[];[];[]
drowsiness;wasm;a0568.raw;equal;2;2;2;1;21;ESP32/cnn_webassembly_esp32/reports/20261009T030249020912Z/report.csv;[];[];[]
drowsiness;wasm;a0569.raw;equal;2;2;2;1;21;ESP32/cnn_webassembly_esp32/reports/20261009T030249020912Z/report.csv;[];[];[]
drowsiness;wasm;a0570.raw;equal;2;2;2;1;21;ESP32/cnn_webassembly_esp32/reports/20261009T030249020912Z/report.csv;[];[];[]
drowsiness;wasm;a0571.raw;equal;2;2;2;1;21;ESP32/cnn_webassembly_esp32/reports/20261009T030249020912Z/report.csv;[];[];[]
drowsiness;wasm;a0572.raw;equal;2;2;2;1;21;ESP32/cnn_webassembly_esp32/reports/20261009T030249020912Z/report.csv;[];[];[]
drowsiness;wasm;a0573.raw;equal;2;2;2;1;21;ESP32/cnn_webassembly_esp32/reports/20261009T030249020912Z/report.csv;[];[];[]
drowsiness;wasm;a0574.raw;equal;2;2;2;1;21;ESP32/cnn_webassembly_esp32/reports/20261009T030249020912Z/report.csv;[];[];[]
drowsiness;wasm;a0575.raw;equal;2;2;2;1;21;ESP32/cnn_webassembly_esp32/reports/20261009T030249020912Z/report.csv;[];[];[]
drowsiness;wasm;a0576.raw;equal;2;2;2;1;21;ESP32/cnn_webassembly_esp32/reports/20261009T030249020912Z/report.csv;[];[];[]
drowsiness;wasm;a0577.raw;equal;2;2;2;1;21;ESP32/cnn_webassembly_esp32/reports/20261009T030249020912Z/report.csv;[];[];[]
drowsiness;wasm;a0578.raw;equal;2;2;2;1;21;ESP32/cnn_webassembly_esp32/reports/20261009T030249020912Z/report.csv;[];[];[]
drowsiness;wasm;a0579.raw;equal;2;2;2;1;21;ESP32/cnn_webassembly_esp32/reports/20261009T030249020912Z/report.csv;[];[];[]
drowsiness;wasm;a0580.raw;equal;2;2;2;1;21;ESP32/cnn_webassembly_esp32/reports/20261009T030249020912Z/report.csv;[];[];[]
drowsiness;wasm;a0581.raw;equal;2;2;2;1;21;ESP32/cnn_webassembly_esp32/reports/20261009T030249020912Z/report.csv;[];[];[]
drowsiness;wasm;a0582.raw;equal;2;2;2;1;21;ESP32/cnn_webassembly_esp32/reports/20261009T030249020912Z/report.csv;[];[];[]
drowsiness;wasm;a0583.raw;equal;2;2;2;1;21;ESP32/cnn_webassembly_esp32/reports/20261009T030249020912Z/report.csv;[];[];[]
drowsiness;wasm;a0584.raw;equal;2;2;2;1;21;ESP32/cnn_webassembly_esp32/reports/20261009T030249020912Z/report.csv;[];[];[]
drowsiness;wasm;a0585.raw;equal;2;2;2;1;21;ESP32/cnn_webassembly_esp32/reports/20261009T030249020912Z/report.csv;[];[];[]
drowsiness;wasm;a0586.raw;equal;2;2;2;1;21;ESP32/cnn_webassembly_esp32/reports/20261009T030249020912Z/report.csv;[];[];[]
drowsiness;wasm;a0587.raw;equal;2;2;2;1;21;ESP32/cnn_webassembly_esp32/reports/20261009T030249020912Z/report.csv;[];[];[]
drowsiness;wasm;a0588.raw;equal;2;2;2;1;21;ESP32/cnn_webassembly_esp32/reports/20261009T030249020912Z/report.csv;[];[];[]
drowsiness;wasm;a0589.raw;equal;2;2;2;1;21;ESP32/cnn_webassembly_esp32/reports/20261009T030249020912Z/report.csv;[];[];[]
drowsiness;wasm;a0590.raw;equal;2;2;2;1;21;ESP32/cnn_webassembly_esp32/reports/20261009T030249020912Z/report.csv;[];[];[]
drowsiness;wasm;a0591.raw;equal;2;2;2;1;21;ESP32/cnn_webassembly_esp32/reports/20261009T030249020912Z/report.csv;[];[];[]
drowsiness;wasm;a0592.raw;mode;14;16;16;2;22;ESP32/cnn_webassembly_esp32/reports/20261009T100046423575Z/report.csv;[];[];[]
drowsiness;wasm;a0593.raw;equal;2;2;2;1;21;ESP32/cnn_webassembly_esp32/reports/20261009T030249020912Z/report.csv;[];[];[]
drowsiness;wasm;a0594.raw;equal;2;2;2;1;21;ESP32/cnn_webassembly_esp32/reports/20261009T030249020912Z/report.csv;[];[];[]
drowsiness;wasm;a0595.raw;equal;2;2;2;1;21;ESP32/cnn_webassembly_esp32/reports/20261009T030249020912Z/report.csv;[];[];[]
drowsiness;wasm;a0596.raw;equal;2;2;2;1;21;ESP32/cnn_webassembly_esp32/reports/20261009T030249020912Z/report.csv;[];[];[]
drowsiness;wasm;a0597.raw;equal;2;2;2;1;21;ESP32/cnn_webassembly_esp32/reports/20261009T030249020912Z/report.csv;[];[];[]
drowsiness;wasm;a0598.raw;equal;2;2;2;1;21;ESP32/cnn_webassembly_esp32/reports/20261009T030249020912Z/report.csv;[];[];[]
drowsiness;wasm;a0599.raw;equal;2;2;2;1;21;ESP32/cnn_webassembly_esp32/reports/20261009T030249020912Z/report.csv;[];[];[]
drowsiness;wasm;a0600.raw;equal;2;2;2;1;21;ESP32/cnn_webassembly_esp32/reports/20261009T030249020912Z/report.csv;[];[];[]
drowsiness;wasm;a0601.raw;equal;2;2;2;1;21;ESP32/cnn_webassembly_esp32/reports/20261009T030249020912Z/report.csv;[];[];[]
drowsiness;wasm;a0602.raw;equal;2;2;2;1;21;ESP32/cnn_webassembly_esp32/reports/20261009T030249020912Z/report.csv;[];[];[]
drowsiness;wasm;a0603.raw;equal;2;2;2;1;21;ESP32/cnn_webassembly_esp32/reports/20261009T030249020912Z/report.csv;[];[];[]
drowsiness;wasm;a0604.raw;equal;2;2;2;1;21;ESP32/cnn_webassembly_esp32/reports/20261009T030249020912Z/report.csv;[];[];[]
drowsiness;wasm;a0605.raw;equal;2;2;2;1;21;ESP32/cnn_webassembly_esp32/reports/20261009T030249020912Z/report.csv;[];[];[]
drowsiness;wasm;a0606.raw;equal;2;2;2;1;21;ESP32/cnn_webassembly_esp32/reports/20261009T030249020912Z/report.csv;[];[];[]
drowsiness;wasm;a0607.raw;equal;2;2;2;1;21;ESP32/cnn_webassembly_esp32/reports/20261009T030249020912Z/report.csv;[];[];[]
drowsiness;wasm;a0608.raw;equal;2;2;2;1;21;ESP32/cnn_webassembly_esp32/reports/20261009T030249020912Z/report.csv;[];[];[]
drowsiness;wasm;a0609.raw;equal;2;2;2;1;21;ESP32/cnn_webassembly_esp32/reports/20261009T030249020912Z/report.csv;[];[];[]
drowsiness;wasm;a0610.raw;equal;2;2;2;1;21;ESP32/cnn_webassembly_esp32/reports/20261009T030249020912Z/report.csv;[];[];[]
drowsiness;wasm;a0611.raw;equal;2;2;2;1;21;ESP32/cnn_webassembly_esp32/reports/20261009T030249020912Z/report.csv;[];[];[]
drowsiness;wasm;a0612.raw;equal;2;2;2;1;21;ESP32/cnn_webassembly_esp32/reports/20261009T030249020912Z/report.csv;[];[];[]
drowsiness;wasm;a0613.raw;equal;2;2;2;1;21;ESP32/cnn_webassembly_esp32/reports/20261009T030249020912Z/report.csv;[];[];[]
drowsiness;wasm;a0614.raw;equal;2;2;2;1;21;ESP32/cnn_webassembly_esp32/reports/20261009T030249020912Z/report.csv;[];[];[]
drowsiness;wasm;a0615.raw;equal;2;2;2;1;21;ESP32/cnn_webassembly_esp32/reports/20261009T030249020912Z/report.csv;[];[];[]
drowsiness;wasm;a0616.raw;equal;2;2;2;1;21;ESP32/cnn_webassembly_esp32/reports/20261009T030249020912Z/report.csv;[];[];[]
drowsiness;wasm;a0617.raw;equal;2;2;2;1;21;ESP32/cnn_webassembly_esp32/reports/20261009T030249020912Z/report.csv;[];[];[]
drowsiness;wasm;a0618.raw;equal;2;2;2;1;21;ESP32/cnn_webassembly_esp32/reports/20261009T030249020912Z/report.csv;[];[];[]
drowsiness;wasm;a0619.raw;equal;2;2;2;1;21;ESP32/cnn_webassembly_esp32/reports/20261009T030249020912Z/report.csv;[];[];[]
drowsiness;wasm;a0620.raw;equal;2;2;2;1;21;ESP32/cnn_webassembly_esp32/reports/20261009T030249020912Z/report.csv;[];[];[]
drowsiness;wasm;a0621.raw;equal;2;2;2;1;21;ESP32/cnn_webassembly_esp32/reports/20261009T030249020912Z/report.csv;[];[];[]
drowsiness;wasm;a0622.raw;equal;2;2;2;1;21;ESP32/cnn_webassembly_esp32/reports/20261009T030249020912Z/report.csv;[];[];[]
drowsiness;wasm;a0623.raw;equal;2;2;2;1;21;ESP32/cnn_webassembly_esp32/reports/20261009T030249020912Z/report.csv;[];[];[]
drowsiness;wasm;a0624.raw;equal;2;2;2;1;21;ESP32/cnn_webassembly_esp32/reports/20261009T030249020912Z/report.csv;[];[];[]
drowsiness;wasm;a0625.raw;equal;2;2;2;1;21;ESP32/cnn_webassembly_esp32/reports/20261009T030249020912Z/report.csv;[];[];[]
drowsiness;wasm;a0626.raw;equal;2;2;2;1;21;ESP32/cnn_webassembly_esp32/reports/20261009T030249020912Z/report.csv;[];[];[]
drowsiness;wasm;a0627.raw;equal;2;2;2;1;21;ESP32/cnn_webassembly_esp32/reports/20261009T030249020912Z/report.csv;[];[];[]
drowsiness;wasm;a0628.raw;equal;2;2;2;1;21;ESP32/cnn_webassembly_esp32/reports/20261009T030249020912Z/report.csv;[];[];[]
drowsiness;wasm;a0629.raw;equal;2;2;2;1;21;ESP32/cnn_webassembly_esp32/reports/20261009T030249020912Z/report.csv;[];[];[]
drowsiness;wasm;a0630.raw;equal;2;2;2;1;21;ESP32/cnn_webassembly_esp32/reports/20261009T030249020912Z/report.csv;[];[];[]
drowsiness;wasm;a0631.raw;equal;2;2;2;1;21;ESP32/cnn_webassembly_esp32/reports/20261009T030249020912Z/report.csv;[];[];[]
drowsiness;wasm;a0632.raw;equal;2;2;2;1;21;ESP32/cnn_webassembly_esp32/reports/20261009T030249020912Z/report.csv;[];[];[]
drowsiness;wasm;a0633.raw;equal;2;2;2;1;21;ESP32/cnn_webassembly_esp32/reports/20261009T030249020912Z/report.csv;[];[];[]
drowsiness;wasm;a0634.raw;equal;2;2;2;1;21;ESP32/cnn_webassembly_esp32/reports/20261009T030249020912Z/report.csv;[];[];[]
drowsiness;wasm;a0635.raw;equal;2;2;2;1;21;ESP32/cnn_webassembly_esp32/reports/20261009T030249020912Z/report.csv;[];[];[]
drowsiness;wasm;a0636.raw;equal;2;2;2;1;21;ESP32/cnn_webassembly_esp32/reports/20261009T030249020912Z/report.csv;[];[];[]
drowsiness;wasm;a0637.raw;equal;2;2;2;1;21;ESP32/cnn_webassembly_esp32/reports/20261009T030249020912Z/report.csv;[];[];[]
drowsiness;wasm;a0638.raw;equal;2;2;2;1;21;ESP32/cnn_webassembly_esp32/reports/20261009T030249020912Z/report.csv;[];[];[]
drowsiness;wasm;a0639.raw;equal;2;2;2;1;21;ESP32/cnn_webassembly_esp32/reports/20261009T030249020912Z/report.csv;[];[];[]
drowsiness;wasm;a0640.raw;equal;2;2;2;1;21;ESP32/cnn_webassembly_esp32/reports/20261009T030249020912Z/report.csv;[];[];[]
drowsiness;wasm;a0641.raw;equal;2;2;2;1;21;ESP32/cnn_webassembly_esp32/reports/20261009T030249020912Z/report.csv;[];[];[]
drowsiness;wasm;a0642.raw;equal;2;2;2;1;21;ESP32/cnn_webassembly_esp32/reports/20261009T030249020912Z/report.csv;[];[];[]
drowsiness;wasm;a0643.raw;equal;2;2;2;1;21;ESP32/cnn_webassembly_esp32/reports/20261009T030249020912Z/report.csv;[];[];[]
drowsiness;wasm;a0644.raw;equal;2;2;2;1;21;ESP32/cnn_webassembly_esp32/reports/20261009T030249020912Z/report.csv;[];[];[]
drowsiness;wasm;a0645.raw;equal;2;2;2;1;21;ESP32/cnn_webassembly_esp32/reports/20261009T030249020912Z/report.csv;[];[];[]
drowsiness;wasm;a0646.raw;equal;2;2;2;1;21;ESP32/cnn_webassembly_esp32/reports/20261009T030249020912Z/report.csv;[];[];[]
drowsiness;wasm;a0647.raw;equal;2;2;2;1;21;ESP32/cnn_webassembly_esp32/reports/20261009T030249020912Z/report.csv;[];[];[]
drowsiness;wasm;a0648.raw;equal;2;2;2;1;21;ESP32/cnn_webassembly_esp32/reports/20261009T030249020912Z/report.csv;[];[];[]
drowsiness;wasm;a0649.raw;equal;2;2;2;1;21;ESP32/cnn_webassembly_esp32/reports/20261009T030249020912Z/report.csv;[];[];[]
drowsiness;wasm;a0650.raw;equal;2;2;2;1;21;ESP32/cnn_webassembly_esp32/reports/20261009T030249020912Z/report.csv;[];[];[]
drowsiness;wasm;a0651.raw;equal;2;2;2;1;21;ESP32/cnn_webassembly_esp32/reports/20261009T030249020912Z/report.csv;[];[];[]
drowsiness;wasm;a0652.raw;equal;2;2;2;1;21;ESP32/cnn_webassembly_esp32/reports/20261009T030249020912Z/report.csv;[];[];[]
drowsiness;wasm;a0653.raw;equal;2;2;2;1;21;ESP32/cnn_webassembly_esp32/reports/20261009T030249020912Z/report.csv;[];[];[]
drowsiness;wasm;a0654.raw;equal;2;2;2;1;21;ESP32/cnn_webassembly_esp32/reports/20261009T030249020912Z/report.csv;[];[];[]
drowsiness;wasm;a0655.raw;equal;2;2;2;1;21;ESP32/cnn_webassembly_esp32/reports/20261009T030249020912Z/report.csv;[];[];[]
drowsiness;wasm;a0656.raw;equal;2;2;2;1;21;ESP32/cnn_webassembly_esp32/reports/20261009T030249020912Z/report.csv;[];[];[]
drowsiness;wasm;a0657.raw;equal;2;2;2;1;21;ESP32/cnn_webassembly_esp32/reports/20261009T030249020912Z/report.csv;[];[];[]
drowsiness;wasm;a0658.raw;equal;2;2;2;1;21;ESP32/cnn_webassembly_esp32/reports/20261009T030249020912Z/report.csv;[];[];[]
drowsiness;wasm;a0659.raw;equal;2;2;2;1;21;ESP32/cnn_webassembly_esp32/reports/20261009T030249020912Z/report.csv;[];[];[]
drowsiness;wasm;a0660.raw;equal;2;2;2;1;21;ESP32/cnn_webassembly_esp32/reports/20261009T030249020912Z/report.csv;[];[];[]
drowsiness;wasm;a0661.raw;equal;2;2;2;1;21;ESP32/cnn_webassembly_esp32/reports/20261009T030249020912Z/report.csv;[];[];[]
drowsiness;wasm;a0662.raw;equal;2;2;2;1;21;ESP32/cnn_webassembly_esp32/reports/20261009T030249020912Z/report.csv;[];[];[]
drowsiness;wasm;a0663.raw;mode;15;16;16;2;21;ESP32/cnn_webassembly_esp32/reports/20261009T030249020912Z/report.csv;[];[];[]
drowsiness;wasm;a0664.raw;equal;2;2;2;1;21;ESP32/cnn_webassembly_esp32/reports/20261009T030249020912Z/report.csv;[];[];[]
drowsiness;wasm;a0665.raw;equal;2;2;2;1;21;ESP32/cnn_webassembly_esp32/reports/20261009T030249020912Z/report.csv;[];[];[]
drowsiness;wasm;a0666.raw;equal;2;2;2;1;21;ESP32/cnn_webassembly_esp32/reports/20261009T030249020912Z/report.csv;[];[];[]
drowsiness;wasm;a0667.raw;equal;2;2;2;1;21;ESP32/cnn_webassembly_esp32/reports/20261009T030249020912Z/report.csv;[];[];[]
drowsiness;wasm;a0668.raw;equal;2;2;2;1;21;ESP32/cnn_webassembly_esp32/reports/20261009T030249020912Z/report.csv;[];[];[]
drowsiness;wasm;a0669.raw;equal;2;2;2;1;21;ESP32/cnn_webassembly_esp32/reports/20261009T030249020912Z/report.csv;[];[];[]
drowsiness;wasm;a0670.raw;equal;2;2;2;1;21;ESP32/cnn_webassembly_esp32/reports/20261009T030249020912Z/report.csv;[];[];[]
drowsiness;wasm;a0671.raw;equal;2;2;2;1;21;ESP32/cnn_webassembly_esp32/reports/20261009T030249020912Z/report.csv;[];[];[]
drowsiness;wasm;a0672.raw;equal;2;2;2;1;21;ESP32/cnn_webassembly_esp32/reports/20261009T030249020912Z/report.csv;[];[];[]
drowsiness;wasm;a0673.raw;equal;2;2;2;1;21;ESP32/cnn_webassembly_esp32/reports/20261009T030249020912Z/report.csv;[];[];[]
drowsiness;wasm;a0674.raw;equal;2;2;2;1;21;ESP32/cnn_webassembly_esp32/reports/20261009T030249020912Z/report.csv;[];[];[]
drowsiness;wasm;a0675.raw;equal;2;2;2;1;21;ESP32/cnn_webassembly_esp32/reports/20261009T030249020912Z/report.csv;[];[];[]
drowsiness;wasm;a0676.raw;equal;2;2;2;1;21;ESP32/cnn_webassembly_esp32/reports/20261009T030249020912Z/report.csv;[];[];[]
drowsiness;wasm;a0677.raw;equal;2;2;2;1;21;ESP32/cnn_webassembly_esp32/reports/20261009T030249020912Z/report.csv;[];[];[]
drowsiness;wasm;a0678.raw;equal;2;2;2;1;21;ESP32/cnn_webassembly_esp32/reports/20261009T030249020912Z/report.csv;[];[];[]
drowsiness;wasm;a0679.raw;equal;2;2;2;1;21;ESP32/cnn_webassembly_esp32/reports/20261009T030249020912Z/report.csv;[];[];[]
drowsiness;wasm;a0680.raw;equal;2;2;2;1;21;ESP32/cnn_webassembly_esp32/reports/20261009T030249020912Z/report.csv;[];[];[]
drowsiness;wasm;a0681.raw;equal;2;2;2;1;21;ESP32/cnn_webassembly_esp32/reports/20261009T030249020912Z/report.csv;[];[];[]
drowsiness;wasm;a0682.raw;equal;2;2;2;1;21;ESP32/cnn_webassembly_esp32/reports/20261009T030249020912Z/report.csv;[];[];[]
drowsiness;wasm;a0683.raw;equal;2;2;2;1;21;ESP32/cnn_webassembly_esp32/reports/20261009T030249020912Z/report.csv;[];[];[]
drowsiness;wasm;a0684.raw;equal;2;2;2;1;21;ESP32/cnn_webassembly_esp32/reports/20261009T030249020912Z/report.csv;[];[];[]
drowsiness;wasm;a0685.raw;equal;2;2;2;1;21;ESP32/cnn_webassembly_esp32/reports/20261009T030249020912Z/report.csv;[];[];[]
drowsiness;wasm;a0686.raw;equal;2;2;2;1;21;ESP32/cnn_webassembly_esp32/reports/20261009T030249020912Z/report.csv;[];[];[]
drowsiness;wasm;a0687.raw;equal;2;2;2;1;21;ESP32/cnn_webassembly_esp32/reports/20261009T030249020912Z/report.csv;[];[];[]
drowsiness;wasm;a0688.raw;equal;2;2;2;1;21;ESP32/cnn_webassembly_esp32/reports/20261009T030249020912Z/report.csv;[];[];[]
drowsiness;wasm;a0689.raw;equal;2;2;2;1;21;ESP32/cnn_webassembly_esp32/reports/20261009T030249020912Z/report.csv;[];[];[]
drowsiness;wasm;a0690.raw;equal;2;2;2;1;21;ESP32/cnn_webassembly_esp32/reports/20261009T030249020912Z/report.csv;[];[];[]
drowsiness;wasm;a0691.raw;equal;2;2;2;1;21;ESP32/cnn_webassembly_esp32/reports/20261009T030249020912Z/report.csv;[];[];[]
drowsiness;wasm;a0692.raw;equal;2;2;2;1;21;ESP32/cnn_webassembly_esp32/reports/20261009T030249020912Z/report.csv;[];[];[]
drowsiness;wasm;a0693.raw;equal;2;2;2;1;21;ESP32/cnn_webassembly_esp32/reports/20261009T030249020912Z/report.csv;[];[];[]
drowsiness;wasm;a0694.raw;equal;2;2;2;1;21;ESP32/cnn_webassembly_esp32/reports/20261009T030249020912Z/report.csv;[];[];[]
drowsiness;wasm;a0695.raw;equal;2;2;2;1;21;ESP32/cnn_webassembly_esp32/reports/20261009T030249020912Z/report.csv;[];[];[]
drowsiness;wasm;a0696.raw;equal;2;2;2;1;21;ESP32/cnn_webassembly_esp32/reports/20261009T030249020912Z/report.csv;[];[];[]
drowsiness;wasm;a0697.raw;equal;2;2;2;1;21;ESP32/cnn_webassembly_esp32/reports/20261009T030249020912Z/report.csv;[];[];[]
drowsiness;wasm;a0698.raw;equal;2;2;2;1;21;ESP32/cnn_webassembly_esp32/reports/20261009T030249020912Z/report.csv;[];[];[]
drowsiness;wasm;a0699.raw;equal;2;2;2;1;21;ESP32/cnn_webassembly_esp32/reports/20261009T030249020912Z/report.csv;[];[];[]
drowsiness;wasm;a0700.raw;equal;2;2;2;1;21;ESP32/cnn_webassembly_esp32/reports/20261009T030249020912Z/report.csv;[];[];[]
drowsiness;wasm;a0701.raw;equal;2;2;2;1;21;ESP32/cnn_webassembly_esp32/reports/20261009T030249020912Z/report.csv;[];[];[]
drowsiness;wasm;a0702.raw;equal;2;2;2;1;21;ESP32/cnn_webassembly_esp32/reports/20261009T030249020912Z/report.csv;[];[];[]
drowsiness;wasm;a0703.raw;equal;2;2;2;1;21;ESP32/cnn_webassembly_esp32/reports/20261009T030249020912Z/report.csv;[];[];[]
drowsiness;wasm;a0704.raw;equal;2;2;2;1;21;ESP32/cnn_webassembly_esp32/reports/20261009T030249020912Z/report.csv;[];[];[]
drowsiness;wasm;a0705.raw;equal;2;2;2;1;21;ESP32/cnn_webassembly_esp32/reports/20261009T030249020912Z/report.csv;[];[];[]
drowsiness;wasm;a0706.raw;equal;2;2;2;1;21;ESP32/cnn_webassembly_esp32/reports/20261009T030249020912Z/report.csv;[];[];[]
drowsiness;wasm;a0707.raw;equal;2;2;2;1;21;ESP32/cnn_webassembly_esp32/reports/20261009T030249020912Z/report.csv;[];[];[]
drowsiness;wasm;a0708.raw;equal;2;2;2;1;21;ESP32/cnn_webassembly_esp32/reports/20261009T030249020912Z/report.csv;[];[];[]
drowsiness;wasm;a0709.raw;equal;2;2;2;1;21;ESP32/cnn_webassembly_esp32/reports/20261009T030249020912Z/report.csv;[];[];[]
drowsiness;wasm;a0710.raw;equal;2;2;2;1;21;ESP32/cnn_webassembly_esp32/reports/20261009T030249020912Z/report.csv;[];[];[]
drowsiness;wasm;a0711.raw;mode;15;16;16;2;22;ESP32/cnn_webassembly_esp32/reports/20261009T100046423575Z/report.csv;[];[];[]
drowsiness;wasm;a0712.raw;equal;2;2;2;1;21;ESP32/cnn_webassembly_esp32/reports/20261009T030249020912Z/report.csv;[];[];[]
drowsiness;wasm;a0713.raw;equal;2;2;2;1;21;ESP32/cnn_webassembly_esp32/reports/20261009T030249020912Z/report.csv;[];[];[]
drowsiness;wasm;a0714.raw;equal;2;2;2;1;21;ESP32/cnn_webassembly_esp32/reports/20261009T030249020912Z/report.csv;[];[];[]
drowsiness;wasm;a0715.raw;equal;2;2;2;1;21;ESP32/cnn_webassembly_esp32/reports/20261009T030249020912Z/report.csv;[];[];[]
drowsiness;wasm;a0716.raw;equal;2;2;2;1;21;ESP32/cnn_webassembly_esp32/reports/20261009T030249020912Z/report.csv;[];[];[]
drowsiness;wasm;a0717.raw;equal;2;2;2;1;21;ESP32/cnn_webassembly_esp32/reports/20261009T030249020912Z/report.csv;[];[];[]
drowsiness;wasm;a0718.raw;equal;2;2;2;1;21;ESP32/cnn_webassembly_esp32/reports/20261009T030249020912Z/report.csv;[];[];[]
drowsiness;wasm;a0719.raw;equal;2;2;2;1;21;ESP32/cnn_webassembly_esp32/reports/20261009T030249020912Z/report.csv;[];[];[]
drowsiness;wasm;a0720.raw;equal;2;2;2;1;21;ESP32/cnn_webassembly_esp32/reports/20261009T030249020912Z/report.csv;[];[];[]
drowsiness;wasm;a0721.raw;equal;2;2;2;1;21;ESP32/cnn_webassembly_esp32/reports/20261009T030249020912Z/report.csv;[];[];[]
drowsiness;wasm;a0722.raw;equal;2;2;2;1;21;ESP32/cnn_webassembly_esp32/reports/20261009T030249020912Z/report.csv;[];[];[]
drowsiness;wasm;a0723.raw;equal;2;2;2;1;21;ESP32/cnn_webassembly_esp32/reports/20261009T030249020912Z/report.csv;[];[];[]
drowsiness;wasm;a0724.raw;equal;2;2;2;1;21;ESP32/cnn_webassembly_esp32/reports/20261009T030249020912Z/report.csv;[];[];[]
drowsiness;wasm;a0725.raw;equal;2;2;2;1;21;ESP32/cnn_webassembly_esp32/reports/20261009T030249020912Z/report.csv;[];[];[]
drowsiness;wasm;a0726.raw;equal;2;2;2;1;21;ESP32/cnn_webassembly_esp32/reports/20261009T030249020912Z/report.csv;[];[];[]
drowsiness;wasm;a0727.raw;equal;2;2;2;1;21;ESP32/cnn_webassembly_esp32/reports/20261009T030249020912Z/report.csv;[];[];[]
drowsiness;wasm;a0728.raw;equal;2;2;2;1;21;ESP32/cnn_webassembly_esp32/reports/20261009T030249020912Z/report.csv;[];[];[]
drowsiness;wasm;a0729.raw;equal;2;2;2;1;21;ESP32/cnn_webassembly_esp32/reports/20261009T030249020912Z/report.csv;[];[];[]
drowsiness;wasm;a0730.raw;equal;2;2;2;1;21;ESP32/cnn_webassembly_esp32/reports/20261009T030249020912Z/report.csv;[];[];[]
drowsiness;wasm;a0731.raw;equal;2;2;2;1;21;ESP32/cnn_webassembly_esp32/reports/20261009T030249020912Z/report.csv;[];[];[]
drowsiness;wasm;a0732.raw;equal;2;2;2;1;21;ESP32/cnn_webassembly_esp32/reports/20261009T030249020912Z/report.csv;[];[];[]
drowsiness;wasm;a0733.raw;equal;2;2;2;1;21;ESP32/cnn_webassembly_esp32/reports/20261009T030249020912Z/report.csv;[];[];[]
drowsiness;wasm;a0734.raw;equal;2;2;2;1;21;ESP32/cnn_webassembly_esp32/reports/20261009T030249020912Z/report.csv;[];[];[]
drowsiness;wasm;a0735.raw;equal;2;2;2;1;21;ESP32/cnn_webassembly_esp32/reports/20261009T030249020912Z/report.csv;[];[];[]
drowsiness;wasm;a0736.raw;equal;2;2;2;1;21;ESP32/cnn_webassembly_esp32/reports/20261009T030249020912Z/report.csv;[];[];[]
drowsiness;wasm;a0737.raw;equal;2;2;2;1;21;ESP32/cnn_webassembly_esp32/reports/20261009T030249020912Z/report.csv;[];[];[]
drowsiness;wasm;a0738.raw;equal;2;2;2;1;21;ESP32/cnn_webassembly_esp32/reports/20261009T030249020912Z/report.csv;[];[];[]
drowsiness;wasm;a0739.raw;mode;15;16;16;2;22;ESP32/cnn_webassembly_esp32/reports/20261009T100046423575Z/report.csv;[];[];[]
drowsiness;wasm;a0740.raw;equal;2;2;2;1;21;ESP32/cnn_webassembly_esp32/reports/20261009T030249020912Z/report.csv;[];[];[]
drowsiness;wasm;a0741.raw;equal;2;2;2;1;21;ESP32/cnn_webassembly_esp32/reports/20261009T030249020912Z/report.csv;[];[];[]
drowsiness;wasm;a0742.raw;equal;2;2;2;1;21;ESP32/cnn_webassembly_esp32/reports/20261009T030249020912Z/report.csv;[];[];[]
drowsiness;wasm;a0743.raw;equal;2;2;2;1;21;ESP32/cnn_webassembly_esp32/reports/20261009T030249020912Z/report.csv;[];[];[]
drowsiness;wasm;a0744.raw;equal;2;2;2;1;21;ESP32/cnn_webassembly_esp32/reports/20261009T030249020912Z/report.csv;[];[];[]
drowsiness;wasm;a0745.raw;equal;2;2;2;1;21;ESP32/cnn_webassembly_esp32/reports/20261009T030249020912Z/report.csv;[];[];[]
drowsiness;wasm;a0746.raw;equal;2;2;2;1;21;ESP32/cnn_webassembly_esp32/reports/20261009T030249020912Z/report.csv;[];[];[]
drowsiness;wasm;a0747.raw;equal;2;2;2;1;21;ESP32/cnn_webassembly_esp32/reports/20261009T030249020912Z/report.csv;[];[];[]
drowsiness;wasm;a0748.raw;equal;2;2;2;1;21;ESP32/cnn_webassembly_esp32/reports/20261009T030249020912Z/report.csv;[];[];[]
drowsiness;wasm;a0749.raw;equal;2;2;2;1;21;ESP32/cnn_webassembly_esp32/reports/20261009T030249020912Z/report.csv;[];[];[]
drowsiness;wasm;a0750.raw;equal;2;2;2;1;21;ESP32/cnn_webassembly_esp32/reports/20261009T030249020912Z/report.csv;[];[];[]
drowsiness;wasm;a0751.raw;equal;2;2;2;1;21;ESP32/cnn_webassembly_esp32/reports/20261009T030249020912Z/report.csv;[];[];[]
drowsiness;wasm;a0752.raw;equal;2;2;2;1;21;ESP32/cnn_webassembly_esp32/reports/20261009T030249020912Z/report.csv;[];[];[]
drowsiness;wasm;a0753.raw;equal;2;2;2;1;21;ESP32/cnn_webassembly_esp32/reports/20261009T030249020912Z/report.csv;[];[];[]
drowsiness;wasm;a0754.raw;equal;2;2;2;1;21;ESP32/cnn_webassembly_esp32/reports/20261009T030249020912Z/report.csv;[];[];[]
drowsiness;wasm;a0755.raw;mode;15;16;16;2;21;ESP32/cnn_webassembly_esp32/reports/20261009T030249020912Z/report.csv;[];[];[]
drowsiness;wasm;a0756.raw;equal;2;2;2;1;21;ESP32/cnn_webassembly_esp32/reports/20261009T030249020912Z/report.csv;[];[];[]
drowsiness;wasm;a0757.raw;equal;2;2;2;1;21;ESP32/cnn_webassembly_esp32/reports/20261009T030249020912Z/report.csv;[];[];[]
drowsiness;wasm;a0758.raw;equal;2;2;2;1;21;ESP32/cnn_webassembly_esp32/reports/20261009T030249020912Z/report.csv;[];[];[]
drowsiness;wasm;a0759.raw;equal;2;2;2;1;21;ESP32/cnn_webassembly_esp32/reports/20261009T030249020912Z/report.csv;[];[];[]
drowsiness;wasm;a0760.raw;equal;2;2;2;1;21;ESP32/cnn_webassembly_esp32/reports/20261009T030249020912Z/report.csv;[];[];[]
drowsiness;wasm;a0761.raw;equal;2;2;2;1;21;ESP32/cnn_webassembly_esp32/reports/20261009T030249020912Z/report.csv;[];[];[]
drowsiness;wasm;a0762.raw;equal;2;2;2;1;21;ESP32/cnn_webassembly_esp32/reports/20261009T030249020912Z/report.csv;[];[];[]
drowsiness;wasm;a0763.raw;equal;2;2;2;1;21;ESP32/cnn_webassembly_esp32/reports/20261009T030249020912Z/report.csv;[];[];[]
drowsiness;wasm;a0764.raw;equal;2;2;2;1;21;ESP32/cnn_webassembly_esp32/reports/20261009T030249020912Z/report.csv;[];[];[]
drowsiness;wasm;a0765.raw;equal;2;2;2;1;21;ESP32/cnn_webassembly_esp32/reports/20261009T030249020912Z/report.csv;[];[];[]
drowsiness;wasm;a0766.raw;equal;2;2;2;1;21;ESP32/cnn_webassembly_esp32/reports/20261009T030249020912Z/report.csv;[];[];[]
drowsiness;wasm;a0767.raw;equal;2;2;2;1;21;ESP32/cnn_webassembly_esp32/reports/20261009T030249020912Z/report.csv;[];[];[]
drowsiness;wasm;a0768.raw;equal;2;2;2;1;21;ESP32/cnn_webassembly_esp32/reports/20261009T030249020912Z/report.csv;[];[];[]
drowsiness;wasm;a0769.raw;equal;2;2;2;1;21;ESP32/cnn_webassembly_esp32/reports/20261009T030249020912Z/report.csv;[];[];[]
drowsiness;wasm;a0770.raw;equal;2;2;2;1;21;ESP32/cnn_webassembly_esp32/reports/20261009T030249020912Z/report.csv;[];[];[]
drowsiness;wasm;a0771.raw;equal;2;2;2;1;21;ESP32/cnn_webassembly_esp32/reports/20261009T030249020912Z/report.csv;[];[];[]
drowsiness;wasm;a0772.raw;equal;2;2;2;1;21;ESP32/cnn_webassembly_esp32/reports/20261009T030249020912Z/report.csv;[];[];[]
drowsiness;wasm;a0773.raw;equal;2;2;2;1;21;ESP32/cnn_webassembly_esp32/reports/20261009T030249020912Z/report.csv;[];[];[]
drowsiness;wasm;a0774.raw;equal;2;2;2;1;21;ESP32/cnn_webassembly_esp32/reports/20261009T030249020912Z/report.csv;[];[];[]
drowsiness;wasm;a0775.raw;equal;2;2;2;1;21;ESP32/cnn_webassembly_esp32/reports/20261009T030249020912Z/report.csv;[];[];[]
drowsiness;wasm;a0776.raw;equal;2;2;2;1;21;ESP32/cnn_webassembly_esp32/reports/20261009T030249020912Z/report.csv;[];[];[]
drowsiness;wasm;a0777.raw;equal;2;2;2;1;21;ESP32/cnn_webassembly_esp32/reports/20261009T030249020912Z/report.csv;[];[];[]
drowsiness;wasm;a0778.raw;equal;2;2;2;1;21;ESP32/cnn_webassembly_esp32/reports/20261009T030249020912Z/report.csv;[];[];[]
drowsiness;wasm;a0779.raw;equal;2;2;2;1;21;ESP32/cnn_webassembly_esp32/reports/20261009T030249020912Z/report.csv;[];[];[]
drowsiness;wasm;a0780.raw;equal;2;2;2;1;21;ESP32/cnn_webassembly_esp32/reports/20261009T030249020912Z/report.csv;[];[];[]
drowsiness;wasm;a0781.raw;equal;2;2;2;1;21;ESP32/cnn_webassembly_esp32/reports/20261009T030249020912Z/report.csv;[];[];[]
drowsiness;wasm;a0782.raw;equal;2;2;2;1;21;ESP32/cnn_webassembly_esp32/reports/20261009T030249020912Z/report.csv;[];[];[]
drowsiness;wasm;a0783.raw;equal;2;2;2;1;21;ESP32/cnn_webassembly_esp32/reports/20261009T030249020912Z/report.csv;[];[];[]
drowsiness;wasm;a0784.raw;equal;2;2;2;1;21;ESP32/cnn_webassembly_esp32/reports/20261009T030249020912Z/report.csv;[];[];[]
drowsiness;wasm;a0785.raw;equal;2;2;2;1;21;ESP32/cnn_webassembly_esp32/reports/20261009T030249020912Z/report.csv;[];[];[]
drowsiness;wasm;a0786.raw;equal;2;2;2;1;21;ESP32/cnn_webassembly_esp32/reports/20261009T030249020912Z/report.csv;[];[];[]
drowsiness;wasm;a0787.raw;equal;2;2;2;1;21;ESP32/cnn_webassembly_esp32/reports/20261009T030249020912Z/report.csv;[];[];[]
drowsiness;wasm;a0788.raw;equal;2;2;2;1;21;ESP32/cnn_webassembly_esp32/reports/20261009T030249020912Z/report.csv;[];[];[]
drowsiness;wasm;a0789.raw;equal;2;2;2;1;21;ESP32/cnn_webassembly_esp32/reports/20261009T030249020912Z/report.csv;[];[];[]
drowsiness;wasm;a0790.raw;equal;2;2;2;1;21;ESP32/cnn_webassembly_esp32/reports/20261009T030249020912Z/report.csv;[];[];[]
drowsiness;wasm;a0791.raw;equal;2;2;2;1;21;ESP32/cnn_webassembly_esp32/reports/20261009T030249020912Z/report.csv;[];[];[]
drowsiness;wasm;a0792.raw;equal;2;2;2;1;21;ESP32/cnn_webassembly_esp32/reports/20261009T030249020912Z/report.csv;[];[];[]
drowsiness;wasm;a0793.raw;equal;2;2;2;1;21;ESP32/cnn_webassembly_esp32/reports/20261009T030249020912Z/report.csv;[];[];[]
drowsiness;wasm;a0794.raw;equal;2;2;2;1;21;ESP32/cnn_webassembly_esp32/reports/20261009T030249020912Z/report.csv;[];[];[]
drowsiness;wasm;a0795.raw;equal;2;2;2;1;21;ESP32/cnn_webassembly_esp32/reports/20261009T030249020912Z/report.csv;[];[];[]
drowsiness;wasm;a0796.raw;equal;2;2;2;1;21;ESP32/cnn_webassembly_esp32/reports/20261009T030249020912Z/report.csv;[];[];[]
drowsiness;wasm;a0797.raw;equal;2;2;2;1;21;ESP32/cnn_webassembly_esp32/reports/20261009T030249020912Z/report.csv;[];[];[]
drowsiness;wasm;a0798.raw;equal;2;2;2;1;21;ESP32/cnn_webassembly_esp32/reports/20261009T030249020912Z/report.csv;[];[];[]
drowsiness;wasm;a0799.raw;equal;2;2;2;1;21;ESP32/cnn_webassembly_esp32/reports/20261009T030249020912Z/report.csv;[];[];[]
drowsiness;wasm;a0800.raw;equal;2;2;2;1;21;ESP32/cnn_webassembly_esp32/reports/20261009T030249020912Z/report.csv;[];[];[]
drowsiness;wasm;a0801.raw;equal;2;2;2;1;21;ESP32/cnn_webassembly_esp32/reports/20261009T030249020912Z/report.csv;[];[];[]
drowsiness;wasm;a0802.raw;equal;2;2;2;1;21;ESP32/cnn_webassembly_esp32/reports/20261009T030249020912Z/report.csv;[];[];[]
drowsiness;wasm;a0803.raw;equal;2;2;2;1;21;ESP32/cnn_webassembly_esp32/reports/20261009T030249020912Z/report.csv;[];[];[]
drowsiness;wasm;a0804.raw;equal;2;2;2;1;21;ESP32/cnn_webassembly_esp32/reports/20261009T030249020912Z/report.csv;[];[];[]
drowsiness;wasm;a0805.raw;equal;2;2;2;1;21;ESP32/cnn_webassembly_esp32/reports/20261009T030249020912Z/report.csv;[];[];[]
drowsiness;wasm;a0806.raw;equal;2;2;2;1;21;ESP32/cnn_webassembly_esp32/reports/20261009T030249020912Z/report.csv;[];[];[]
drowsiness;wasm;a0807.raw;equal;2;2;2;1;21;ESP32/cnn_webassembly_esp32/reports/20261009T030249020912Z/report.csv;[];[];[]
drowsiness;wasm;a0808.raw;equal;2;2;2;1;21;ESP32/cnn_webassembly_esp32/reports/20261009T030249020912Z/report.csv;[];[];[]
drowsiness;wasm;a0809.raw;equal;2;2;2;1;21;ESP32/cnn_webassembly_esp32/reports/20261009T030249020912Z/report.csv;[];[];[]
drowsiness;wasm;a0810.raw;equal;2;2;2;1;21;ESP32/cnn_webassembly_esp32/reports/20261009T030249020912Z/report.csv;[];[];[]
drowsiness;wasm;a0811.raw;equal;2;2;2;1;21;ESP32/cnn_webassembly_esp32/reports/20261009T030249020912Z/report.csv;[];[];[]
drowsiness;wasm;a0812.raw;equal;2;2;2;1;21;ESP32/cnn_webassembly_esp32/reports/20261009T030249020912Z/report.csv;[];[];[]
drowsiness;wasm;a0813.raw;equal;2;2;2;1;21;ESP32/cnn_webassembly_esp32/reports/20261009T030249020912Z/report.csv;[];[];[]
drowsiness;wasm;a0814.raw;equal;2;2;2;1;21;ESP32/cnn_webassembly_esp32/reports/20261009T030249020912Z/report.csv;[];[];[]
drowsiness;wasm;a0815.raw;equal;2;2;2;1;21;ESP32/cnn_webassembly_esp32/reports/20261009T030249020912Z/report.csv;[];[];[]
drowsiness;wasm;a0816.raw;equal;2;2;2;1;21;ESP32/cnn_webassembly_esp32/reports/20261009T030249020912Z/report.csv;[];[];[]
drowsiness;wasm;a0817.raw;equal;2;2;2;1;21;ESP32/cnn_webassembly_esp32/reports/20261009T030249020912Z/report.csv;[];[];[]
drowsiness;wasm;a0818.raw;equal;2;2;2;1;21;ESP32/cnn_webassembly_esp32/reports/20261009T030249020912Z/report.csv;[];[];[]
drowsiness;wasm;a0819.raw;equal;2;2;2;1;21;ESP32/cnn_webassembly_esp32/reports/20261009T030249020912Z/report.csv;[];[];[]
drowsiness;wasm;a0820.raw;equal;2;2;2;1;21;ESP32/cnn_webassembly_esp32/reports/20261009T030249020912Z/report.csv;[];[];[]
drowsiness;wasm;a0821.raw;equal;2;2;2;1;21;ESP32/cnn_webassembly_esp32/reports/20261009T030249020912Z/report.csv;[];[];[]
drowsiness;wasm;a0822.raw;equal;2;2;2;1;21;ESP32/cnn_webassembly_esp32/reports/20261009T030249020912Z/report.csv;[];[];[]
drowsiness;wasm;a0823.raw;equal;2;2;2;1;21;ESP32/cnn_webassembly_esp32/reports/20261009T030249020912Z/report.csv;[];[];[]
drowsiness;wasm;a0824.raw;equal;2;2;2;1;21;ESP32/cnn_webassembly_esp32/reports/20261009T030249020912Z/report.csv;[];[];[]
drowsiness;wasm;a0825.raw;equal;2;2;2;1;21;ESP32/cnn_webassembly_esp32/reports/20261009T030249020912Z/report.csv;[];[];[]
drowsiness;wasm;a0826.raw;equal;2;2;2;1;21;ESP32/cnn_webassembly_esp32/reports/20261009T030249020912Z/report.csv;[];[];[]
drowsiness;wasm;a0827.raw;equal;2;2;2;1;21;ESP32/cnn_webassembly_esp32/reports/20261009T030249020912Z/report.csv;[];[];[]
drowsiness;wasm;a0828.raw;equal;2;2;2;1;21;ESP32/cnn_webassembly_esp32/reports/20261009T030249020912Z/report.csv;[];[];[]
drowsiness;wasm;a0829.raw;equal;2;2;2;1;21;ESP32/cnn_webassembly_esp32/reports/20261009T030249020912Z/report.csv;[];[];[]
drowsiness;wasm;a0830.raw;equal;2;2;2;1;21;ESP32/cnn_webassembly_esp32/reports/20261009T030249020912Z/report.csv;[];[];[]
drowsiness;wasm;a0831.raw;equal;2;2;2;1;21;ESP32/cnn_webassembly_esp32/reports/20261009T030249020912Z/report.csv;[];[];[]
drowsiness;wasm;a0832.raw;equal;2;2;2;1;21;ESP32/cnn_webassembly_esp32/reports/20261009T030249020912Z/report.csv;[];[];[]
drowsiness;wasm;a0833.raw;equal;2;2;2;1;21;ESP32/cnn_webassembly_esp32/reports/20261009T030249020912Z/report.csv;[];[];[]
drowsiness;wasm;a0834.raw;equal;2;2;2;1;21;ESP32/cnn_webassembly_esp32/reports/20261009T030249020912Z/report.csv;[];[];[]
drowsiness;wasm;a0835.raw;equal;2;2;2;1;21;ESP32/cnn_webassembly_esp32/reports/20261009T030249020912Z/report.csv;[];[];[]
drowsiness;wasm;a0836.raw;equal;2;2;2;1;21;ESP32/cnn_webassembly_esp32/reports/20261009T030249020912Z/report.csv;[];[];[]
drowsiness;wasm;a0837.raw;equal;2;2;2;1;21;ESP32/cnn_webassembly_esp32/reports/20261009T030249020912Z/report.csv;[];[];[]
drowsiness;wasm;a0838.raw;equal;2;2;2;1;21;ESP32/cnn_webassembly_esp32/reports/20261009T030249020912Z/report.csv;[];[];[]
drowsiness;wasm;a0839.raw;equal;2;2;2;1;21;ESP32/cnn_webassembly_esp32/reports/20261009T030249020912Z/report.csv;[];[];[]
drowsiness;wasm;a0840.raw;equal;2;2;2;1;21;ESP32/cnn_webassembly_esp32/reports/20261009T030249020912Z/report.csv;[];[];[]
drowsiness;wasm;a0841.raw;equal;2;2;2;1;21;ESP32/cnn_webassembly_esp32/reports/20261009T030249020912Z/report.csv;[];[];[]
drowsiness;wasm;a0842.raw;equal;2;2;2;1;21;ESP32/cnn_webassembly_esp32/reports/20261009T030249020912Z/report.csv;[];[];[]
drowsiness;wasm;a0843.raw;equal;2;2;2;1;21;ESP32/cnn_webassembly_esp32/reports/20261009T030249020912Z/report.csv;[];[];[]
drowsiness;wasm;a0844.raw;equal;2;2;2;1;21;ESP32/cnn_webassembly_esp32/reports/20261009T030249020912Z/report.csv;[];[];[]
drowsiness;wasm;a0845.raw;equal;2;2;2;1;21;ESP32/cnn_webassembly_esp32/reports/20261009T030249020912Z/report.csv;[];[];[]
drowsiness;wasm;a0846.raw;equal;2;2;2;1;21;ESP32/cnn_webassembly_esp32/reports/20261009T030249020912Z/report.csv;[];[];[]
drowsiness;wasm;a0847.raw;equal;2;2;2;1;21;ESP32/cnn_webassembly_esp32/reports/20261009T030249020912Z/report.csv;[];[];[]
drowsiness;wasm;a0848.raw;equal;2;2;2;1;21;ESP32/cnn_webassembly_esp32/reports/20261009T030249020912Z/report.csv;[];[];[]
drowsiness;wasm;a0849.raw;equal;2;2;2;1;21;ESP32/cnn_webassembly_esp32/reports/20261009T030249020912Z/report.csv;[];[];[]
drowsiness;wasm;a0850.raw;equal;2;2;2;1;21;ESP32/cnn_webassembly_esp32/reports/20261009T030249020912Z/report.csv;[];[];[]
drowsiness;wasm;a0851.raw;equal;2;2;2;1;21;ESP32/cnn_webassembly_esp32/reports/20261009T030249020912Z/report.csv;[];[];[]
drowsiness;wasm;a0852.raw;mode;15;16;16;2;22;ESP32/cnn_webassembly_esp32/reports/20261009T100046423575Z/report.csv;[];[];[]
drowsiness;wasm;a0853.raw;equal;2;2;2;1;21;ESP32/cnn_webassembly_esp32/reports/20261009T030249020912Z/report.csv;[];[];[]
drowsiness;wasm;a0854.raw;equal;2;2;2;1;21;ESP32/cnn_webassembly_esp32/reports/20261009T030249020912Z/report.csv;[];[];[]
drowsiness;wasm;a0855.raw;equal;2;2;2;1;21;ESP32/cnn_webassembly_esp32/reports/20261009T030249020912Z/report.csv;[];[];[]
drowsiness;wasm;a0856.raw;equal;2;2;2;1;21;ESP32/cnn_webassembly_esp32/reports/20261009T030249020912Z/report.csv;[];[];[]
drowsiness;wasm;a0857.raw;equal;2;2;2;1;21;ESP32/cnn_webassembly_esp32/reports/20261009T030249020912Z/report.csv;[];[];[]
drowsiness;wasm;a0858.raw;equal;2;2;2;1;21;ESP32/cnn_webassembly_esp32/reports/20261009T030249020912Z/report.csv;[];[];[]
drowsiness;wasm;a0859.raw;equal;2;2;2;1;21;ESP32/cnn_webassembly_esp32/reports/20261009T030249020912Z/report.csv;[];[];[]
drowsiness;wasm;a0860.raw;equal;2;2;2;1;21;ESP32/cnn_webassembly_esp32/reports/20261009T030249020912Z/report.csv;[];[];[]
drowsiness;wasm;a0861.raw;equal;2;2;2;1;21;ESP32/cnn_webassembly_esp32/reports/20261009T030249020912Z/report.csv;[];[];[]
drowsiness;wasm;a0862.raw;equal;2;2;2;1;21;ESP32/cnn_webassembly_esp32/reports/20261009T030249020912Z/report.csv;[];[];[]
drowsiness;wasm;a0863.raw;equal;2;2;2;1;21;ESP32/cnn_webassembly_esp32/reports/20261009T030249020912Z/report.csv;[];[];[]
drowsiness;wasm;a0864.raw;equal;2;2;2;1;21;ESP32/cnn_webassembly_esp32/reports/20261009T030249020912Z/report.csv;[];[];[]
drowsiness;wasm;a0865.raw;equal;2;2;2;1;21;ESP32/cnn_webassembly_esp32/reports/20261009T030249020912Z/report.csv;[];[];[]
drowsiness;wasm;a0866.raw;equal;2;2;2;1;21;ESP32/cnn_webassembly_esp32/reports/20261009T030249020912Z/report.csv;[];[];[]
drowsiness;wasm;a0867.raw;equal;2;2;2;1;21;ESP32/cnn_webassembly_esp32/reports/20261009T030249020912Z/report.csv;[];[];[]
drowsiness;wasm;a0868.raw;equal;2;2;2;1;21;ESP32/cnn_webassembly_esp32/reports/20261009T030249020912Z/report.csv;[];[];[]
drowsiness;wasm;a0869.raw;equal;2;2;2;1;21;ESP32/cnn_webassembly_esp32/reports/20261009T030249020912Z/report.csv;[];[];[]
drowsiness;wasm;a0870.raw;equal;2;2;2;1;21;ESP32/cnn_webassembly_esp32/reports/20261009T030249020912Z/report.csv;[];[];[]
drowsiness;wasm;a0871.raw;equal;2;2;2;1;21;ESP32/cnn_webassembly_esp32/reports/20261009T030249020912Z/report.csv;[];[];[]
drowsiness;wasm;a0872.raw;equal;2;2;2;1;21;ESP32/cnn_webassembly_esp32/reports/20261009T030249020912Z/report.csv;[];[];[]
drowsiness;wasm;a0873.raw;equal;2;2;2;1;21;ESP32/cnn_webassembly_esp32/reports/20261009T030249020912Z/report.csv;[];[];[]
drowsiness;wasm;a0874.raw;equal;2;2;2;1;21;ESP32/cnn_webassembly_esp32/reports/20261009T030249020912Z/report.csv;[];[];[]
drowsiness;wasm;a0875.raw;equal;2;2;2;1;21;ESP32/cnn_webassembly_esp32/reports/20261009T030249020912Z/report.csv;[];[];[]
drowsiness;wasm;a0876.raw;equal;2;2;2;1;21;ESP32/cnn_webassembly_esp32/reports/20261009T030249020912Z/report.csv;[];[];[]
drowsiness;wasm;a0877.raw;equal;2;2;2;1;21;ESP32/cnn_webassembly_esp32/reports/20261009T030249020912Z/report.csv;[];[];[]
drowsiness;wasm;a0878.raw;equal;2;2;2;1;21;ESP32/cnn_webassembly_esp32/reports/20261009T030249020912Z/report.csv;[];[];[]
drowsiness;wasm;a0879.raw;equal;2;2;2;1;21;ESP32/cnn_webassembly_esp32/reports/20261009T030249020912Z/report.csv;[];[];[]
drowsiness;wasm;a0880.raw;equal;2;2;2;1;21;ESP32/cnn_webassembly_esp32/reports/20261009T030249020912Z/report.csv;[];[];[]
drowsiness;wasm;a0881.raw;mode;13;16;16;3;21;ESP32/cnn_webassembly_esp32/reports/20261009T030249020912Z/report.csv;[];[];[]
drowsiness;wasm;a0882.raw;equal;2;2;2;1;21;ESP32/cnn_webassembly_esp32/reports/20261009T030249020912Z/report.csv;[];[];[]
drowsiness;wasm;a0883.raw;equal;2;2;2;1;21;ESP32/cnn_webassembly_esp32/reports/20261009T030249020912Z/report.csv;[];[];[]
drowsiness;wasm;a0884.raw;equal;2;2;2;1;21;ESP32/cnn_webassembly_esp32/reports/20261009T030249020912Z/report.csv;[];[];[]
drowsiness;wasm;a0885.raw;equal;2;2;2;1;21;ESP32/cnn_webassembly_esp32/reports/20261009T030249020912Z/report.csv;[];[];[]
drowsiness;wasm;a0886.raw;equal;2;2;2;1;21;ESP32/cnn_webassembly_esp32/reports/20261009T030249020912Z/report.csv;[];[];[]
drowsiness;wasm;a0887.raw;equal;2;2;2;1;21;ESP32/cnn_webassembly_esp32/reports/20261009T030249020912Z/report.csv;[];[];[]
drowsiness;wasm;a0888.raw;equal;2;2;2;1;21;ESP32/cnn_webassembly_esp32/reports/20261009T030249020912Z/report.csv;[];[];[]
drowsiness;wasm;a0889.raw;equal;2;2;2;1;21;ESP32/cnn_webassembly_esp32/reports/20261009T030249020912Z/report.csv;[];[];[]
drowsiness;wasm;a0890.raw;equal;2;2;2;1;21;ESP32/cnn_webassembly_esp32/reports/20261009T030249020912Z/report.csv;[];[];[]
drowsiness;wasm;a0891.raw;equal;2;2;2;1;21;ESP32/cnn_webassembly_esp32/reports/20261009T030249020912Z/report.csv;[];[];[]
drowsiness;wasm;a0892.raw;mode;14;16;16;2;22;ESP32/cnn_webassembly_esp32/reports/20261009T100046423575Z/report.csv;[];[];[]
drowsiness;wasm;a0893.raw;equal;2;2;2;1;21;ESP32/cnn_webassembly_esp32/reports/20261009T030249020912Z/report.csv;[];[];[]
drowsiness;wasm;a0894.raw;equal;2;2;2;1;21;ESP32/cnn_webassembly_esp32/reports/20261009T030249020912Z/report.csv;[];[];[]
drowsiness;wasm;a0895.raw;equal;2;2;2;1;21;ESP32/cnn_webassembly_esp32/reports/20261009T030249020912Z/report.csv;[];[];[]
drowsiness;wasm;a0896.raw;equal;2;2;2;1;21;ESP32/cnn_webassembly_esp32/reports/20261009T030249020912Z/report.csv;[];[];[]
drowsiness;wasm;a0897.raw;equal;2;2;2;1;21;ESP32/cnn_webassembly_esp32/reports/20261009T030249020912Z/report.csv;[];[];[]
drowsiness;wasm;a0898.raw;equal;2;2;2;1;21;ESP32/cnn_webassembly_esp32/reports/20261009T030249020912Z/report.csv;[];[];[]
drowsiness;wasm;a0899.raw;equal;2;2;2;1;21;ESP32/cnn_webassembly_esp32/reports/20261009T030249020912Z/report.csv;[];[];[]
drowsiness;wasm;a0900.raw;equal;2;2;2;1;21;ESP32/cnn_webassembly_esp32/reports/20261009T030249020912Z/report.csv;[];[];[]
drowsiness;wasm;a0901.raw;equal;2;2;2;1;21;ESP32/cnn_webassembly_esp32/reports/20261009T030249020912Z/report.csv;[];[];[]
drowsiness;wasm;a0902.raw;equal;2;2;2;1;21;ESP32/cnn_webassembly_esp32/reports/20261009T030249020912Z/report.csv;[];[];[]
drowsiness;wasm;a0903.raw;equal;2;2;2;1;21;ESP32/cnn_webassembly_esp32/reports/20261009T030249020912Z/report.csv;[];[];[]
drowsiness;wasm;a0904.raw;equal;2;2;2;1;21;ESP32/cnn_webassembly_esp32/reports/20261009T030249020912Z/report.csv;[];[];[]
drowsiness;wasm;a0905.raw;equal;2;2;2;1;21;ESP32/cnn_webassembly_esp32/reports/20261009T030249020912Z/report.csv;[];[];[]
drowsiness;wasm;a0906.raw;equal;2;2;2;1;21;ESP32/cnn_webassembly_esp32/reports/20261009T030249020912Z/report.csv;[];[];[]
drowsiness;wasm;a0907.raw;equal;2;2;2;1;21;ESP32/cnn_webassembly_esp32/reports/20261009T030249020912Z/report.csv;[];[];[]
drowsiness;wasm;a0908.raw;equal;2;2;2;1;21;ESP32/cnn_webassembly_esp32/reports/20261009T030249020912Z/report.csv;[];[];[]
drowsiness;wasm;a0909.raw;equal;2;2;2;1;21;ESP32/cnn_webassembly_esp32/reports/20261009T030249020912Z/report.csv;[];[];[]
drowsiness;wasm;a0910.raw;equal;2;2;2;1;21;ESP32/cnn_webassembly_esp32/reports/20261009T030249020912Z/report.csv;[];[];[]
drowsiness;wasm;a0911.raw;equal;2;2;2;1;21;ESP32/cnn_webassembly_esp32/reports/20261009T030249020912Z/report.csv;[];[];[]
drowsiness;wasm;a0912.raw;equal;2;2;2;1;21;ESP32/cnn_webassembly_esp32/reports/20261009T030249020912Z/report.csv;[];[];[]
drowsiness;wasm;a0913.raw;equal;2;2;2;1;21;ESP32/cnn_webassembly_esp32/reports/20261009T030249020912Z/report.csv;[];[];[]
drowsiness;wasm;a0914.raw;equal;2;2;2;1;21;ESP32/cnn_webassembly_esp32/reports/20261009T030249020912Z/report.csv;[];[];[]
drowsiness;wasm;a0915.raw;equal;2;2;2;1;21;ESP32/cnn_webassembly_esp32/reports/20261009T030249020912Z/report.csv;[];[];[]
drowsiness;wasm;a0916.raw;equal;2;2;2;1;21;ESP32/cnn_webassembly_esp32/reports/20261009T030249020912Z/report.csv;[];[];[]
drowsiness;wasm;a0917.raw;equal;2;2;2;1;21;ESP32/cnn_webassembly_esp32/reports/20261009T030249020912Z/report.csv;[];[];[]
drowsiness;wasm;a0918.raw;equal;2;2;2;1;21;ESP32/cnn_webassembly_esp32/reports/20261009T030249020912Z/report.csv;[];[];[]
drowsiness;wasm;a0919.raw;equal;2;2;2;1;21;ESP32/cnn_webassembly_esp32/reports/20261009T030249020912Z/report.csv;[];[];[]
drowsiness;wasm;a0920.raw;equal;2;2;2;1;21;ESP32/cnn_webassembly_esp32/reports/20261009T030249020912Z/report.csv;[];[];[]
drowsiness;wasm;a0921.raw;equal;2;2;2;1;21;ESP32/cnn_webassembly_esp32/reports/20261009T030249020912Z/report.csv;[];[];[]
drowsiness;wasm;a0922.raw;equal;2;2;2;1;21;ESP32/cnn_webassembly_esp32/reports/20261009T030249020912Z/report.csv;[];[];[]
drowsiness;wasm;a0923.raw;equal;2;2;2;1;21;ESP32/cnn_webassembly_esp32/reports/20261009T030249020912Z/report.csv;[];[];[]
drowsiness;wasm;a0924.raw;equal;2;2;2;1;21;ESP32/cnn_webassembly_esp32/reports/20261009T030249020912Z/report.csv;[];[];[]
drowsiness;wasm;a0925.raw;equal;2;2;2;1;21;ESP32/cnn_webassembly_esp32/reports/20261009T030249020912Z/report.csv;[];[];[]
drowsiness;wasm;a0926.raw;equal;2;2;2;1;21;ESP32/cnn_webassembly_esp32/reports/20261009T030249020912Z/report.csv;[];[];[]
drowsiness;wasm;a0927.raw;equal;2;2;2;1;21;ESP32/cnn_webassembly_esp32/reports/20261009T030249020912Z/report.csv;[];[];[]
drowsiness;wasm;a0928.raw;equal;2;2;2;1;21;ESP32/cnn_webassembly_esp32/reports/20261009T030249020912Z/report.csv;[];[];[]
drowsiness;wasm;a0929.raw;equal;2;2;2;1;21;ESP32/cnn_webassembly_esp32/reports/20261009T030249020912Z/report.csv;[];[];[]
drowsiness;wasm;a0930.raw;equal;2;2;2;1;21;ESP32/cnn_webassembly_esp32/reports/20261009T030249020912Z/report.csv;[];[];[]
drowsiness;wasm;a0931.raw;equal;2;2;2;1;21;ESP32/cnn_webassembly_esp32/reports/20261009T030249020912Z/report.csv;[];[];[]
drowsiness;wasm;a0932.raw;equal;2;2;2;1;21;ESP32/cnn_webassembly_esp32/reports/20261009T030249020912Z/report.csv;[];[];[]
drowsiness;wasm;a0933.raw;mode;14;16;16;3;22;ESP32/cnn_webassembly_esp32/reports/20261009T100046423575Z/report.csv;[];[];[]
drowsiness;wasm;a0934.raw;equal;2;2;2;1;21;ESP32/cnn_webassembly_esp32/reports/20261009T030249020912Z/report.csv;[];[];[]
drowsiness;wasm;a0935.raw;equal;2;2;2;1;21;ESP32/cnn_webassembly_esp32/reports/20261009T030249020912Z/report.csv;[];[];[]
drowsiness;wasm;a0936.raw;equal;2;2;2;1;21;ESP32/cnn_webassembly_esp32/reports/20261009T030249020912Z/report.csv;[];[];[]
drowsiness;wasm;a0937.raw;equal;2;2;2;1;21;ESP32/cnn_webassembly_esp32/reports/20261009T030249020912Z/report.csv;[];[];[]
drowsiness;wasm;a0938.raw;equal;2;2;2;1;21;ESP32/cnn_webassembly_esp32/reports/20261009T030249020912Z/report.csv;[];[];[]
drowsiness;wasm;a0939.raw;equal;2;2;2;1;21;ESP32/cnn_webassembly_esp32/reports/20261009T030249020912Z/report.csv;[];[];[]
drowsiness;wasm;a0940.raw;equal;2;2;2;1;21;ESP32/cnn_webassembly_esp32/reports/20261009T030249020912Z/report.csv;[];[];[]
drowsiness;wasm;a0941.raw;equal;2;2;2;1;21;ESP32/cnn_webassembly_esp32/reports/20261009T030249020912Z/report.csv;[];[];[]
drowsiness;wasm;a0942.raw;equal;2;2;2;1;21;ESP32/cnn_webassembly_esp32/reports/20261009T030249020912Z/report.csv;[];[];[]
drowsiness;wasm;a0943.raw;equal;2;2;2;1;21;ESP32/cnn_webassembly_esp32/reports/20261009T030249020912Z/report.csv;[];[];[]
drowsiness;wasm;a0944.raw;equal;2;2;2;1;21;ESP32/cnn_webassembly_esp32/reports/20261009T030249020912Z/report.csv;[];[];[]
drowsiness;wasm;a0945.raw;equal;2;2;2;1;21;ESP32/cnn_webassembly_esp32/reports/20261009T030249020912Z/report.csv;[];[];[]
drowsiness;wasm;a0946.raw;equal;2;2;2;1;21;ESP32/cnn_webassembly_esp32/reports/20261009T030249020912Z/report.csv;[];[];[]
drowsiness;wasm;a0947.raw;equal;2;2;2;1;21;ESP32/cnn_webassembly_esp32/reports/20261009T030249020912Z/report.csv;[];[];[]
drowsiness;wasm;a0948.raw;equal;2;2;2;1;21;ESP32/cnn_webassembly_esp32/reports/20261009T030249020912Z/report.csv;[];[];[]
drowsiness;wasm;a0949.raw;equal;2;2;2;1;21;ESP32/cnn_webassembly_esp32/reports/20261009T030249020912Z/report.csv;[];[];[]
drowsiness;wasm;a0950.raw;mode;15;16;16;2;21;ESP32/cnn_webassembly_esp32/reports/20261009T030249020912Z/report.csv;[];[];[]
drowsiness;wasm;a0951.raw;equal;2;2;2;1;21;ESP32/cnn_webassembly_esp32/reports/20261009T030249020912Z/report.csv;[];[];[]
drowsiness;wasm;a0952.raw;equal;2;2;2;1;21;ESP32/cnn_webassembly_esp32/reports/20261009T030249020912Z/report.csv;[];[];[]
drowsiness;wasm;a0953.raw;equal;2;2;2;1;21;ESP32/cnn_webassembly_esp32/reports/20261009T030249020912Z/report.csv;[];[];[]
drowsiness;wasm;a0954.raw;equal;2;2;2;1;21;ESP32/cnn_webassembly_esp32/reports/20261009T030249020912Z/report.csv;[];[];[]
drowsiness;wasm;a0955.raw;equal;2;2;2;1;21;ESP32/cnn_webassembly_esp32/reports/20261009T030249020912Z/report.csv;[];[];[]
drowsiness;wasm;a0956.raw;equal;2;2;2;1;21;ESP32/cnn_webassembly_esp32/reports/20261009T030249020912Z/report.csv;[];[];[]
drowsiness;wasm;a0957.raw;equal;2;2;2;1;21;ESP32/cnn_webassembly_esp32/reports/20261009T030249020912Z/report.csv;[];[];[]
drowsiness;wasm;a0958.raw;equal;2;2;2;1;21;ESP32/cnn_webassembly_esp32/reports/20261009T030249020912Z/report.csv;[];[];[]
drowsiness;wasm;a0959.raw;mode;15;16;16;2;21;ESP32/cnn_webassembly_esp32/reports/20261009T030249020912Z/report.csv;[];[];[]
drowsiness;wasm;a0960.raw;equal;2;2;2;1;21;ESP32/cnn_webassembly_esp32/reports/20261009T030249020912Z/report.csv;[];[];[]
drowsiness;wasm;a0961.raw;equal;2;2;2;1;21;ESP32/cnn_webassembly_esp32/reports/20261009T030249020912Z/report.csv;[];[];[]
drowsiness;wasm;a0962.raw;equal;2;2;2;1;21;ESP32/cnn_webassembly_esp32/reports/20261009T030249020912Z/report.csv;[];[];[]
drowsiness;wasm;a0963.raw;equal;2;2;2;1;21;ESP32/cnn_webassembly_esp32/reports/20261009T030249020912Z/report.csv;[];[];[]
drowsiness;wasm;a0964.raw;equal;2;2;2;1;21;ESP32/cnn_webassembly_esp32/reports/20261009T030249020912Z/report.csv;[];[];[]
drowsiness;wasm;a0965.raw;equal;2;2;2;1;21;ESP32/cnn_webassembly_esp32/reports/20261009T030249020912Z/report.csv;[];[];[]
drowsiness;wasm;a0966.raw;equal;2;2;2;1;21;ESP32/cnn_webassembly_esp32/reports/20261009T030249020912Z/report.csv;[];[];[]
drowsiness;wasm;a0967.raw;equal;2;2;2;1;21;ESP32/cnn_webassembly_esp32/reports/20261009T030249020912Z/report.csv;[];[];[]
drowsiness;wasm;a0968.raw;equal;2;2;2;1;21;ESP32/cnn_webassembly_esp32/reports/20261009T030249020912Z/report.csv;[];[];[]
drowsiness;wasm;a0969.raw;mode;15;16;16;2;22;ESP32/cnn_webassembly_esp32/reports/20261009T100046423575Z/report.csv;[];[];[]
drowsiness;wasm;a0970.raw;equal;2;2;2;1;21;ESP32/cnn_webassembly_esp32/reports/20261009T030249020912Z/report.csv;[];[];[]
drowsiness;wasm;a0971.raw;equal;2;2;2;1;21;ESP32/cnn_webassembly_esp32/reports/20261009T030249020912Z/report.csv;[];[];[]
drowsiness;wasm;a0972.raw;equal;2;2;2;1;21;ESP32/cnn_webassembly_esp32/reports/20261009T030249020912Z/report.csv;[];[];[]
drowsiness;wasm;a0973.raw;equal;2;2;2;1;21;ESP32/cnn_webassembly_esp32/reports/20261009T030249020912Z/report.csv;[];[];[]
drowsiness;wasm;a0974.raw;equal;2;2;2;1;21;ESP32/cnn_webassembly_esp32/reports/20261009T030249020912Z/report.csv;[];[];[]
drowsiness;wasm;a0975.raw;equal;2;2;2;1;21;ESP32/cnn_webassembly_esp32/reports/20261009T030249020912Z/report.csv;[];[];[]
drowsiness;wasm;a0976.raw;equal;2;2;2;1;21;ESP32/cnn_webassembly_esp32/reports/20261009T030249020912Z/report.csv;[];[];[]
drowsiness;wasm;a0977.raw;equal;2;2;2;1;21;ESP32/cnn_webassembly_esp32/reports/20261009T030249020912Z/report.csv;[];[];[]
drowsiness;wasm;a0978.raw;equal;2;2;2;1;21;ESP32/cnn_webassembly_esp32/reports/20261009T030249020912Z/report.csv;[];[];[]
drowsiness;wasm;a0979.raw;equal;2;2;2;1;21;ESP32/cnn_webassembly_esp32/reports/20261009T030249020912Z/report.csv;[];[];[]
drowsiness;wasm;a0980.raw;equal;2;2;2;1;21;ESP32/cnn_webassembly_esp32/reports/20261009T030249020912Z/report.csv;[];[];[]
drowsiness;wasm;a0981.raw;equal;2;2;2;1;21;ESP32/cnn_webassembly_esp32/reports/20261009T030249020912Z/report.csv;[];[];[]
drowsiness;wasm;a0982.raw;equal;2;2;2;1;21;ESP32/cnn_webassembly_esp32/reports/20261009T030249020912Z/report.csv;[];[];[]
drowsiness;wasm;a0983.raw;equal;2;2;2;1;21;ESP32/cnn_webassembly_esp32/reports/20261009T030249020912Z/report.csv;[];[];[]
drowsiness;wasm;a0984.raw;equal;2;2;2;1;21;ESP32/cnn_webassembly_esp32/reports/20261009T030249020912Z/report.csv;[];[];[]
drowsiness;wasm;a0985.raw;equal;2;2;2;1;21;ESP32/cnn_webassembly_esp32/reports/20261009T030249020912Z/report.csv;[];[];[]
drowsiness;wasm;a0986.raw;equal;2;2;2;1;21;ESP32/cnn_webassembly_esp32/reports/20261009T030249020912Z/report.csv;[];[];[]
drowsiness;wasm;a0987.raw;equal;2;2;2;1;21;ESP32/cnn_webassembly_esp32/reports/20261009T030249020912Z/report.csv;[];[];[]
drowsiness;wasm;a0988.raw;equal;2;2;2;1;21;ESP32/cnn_webassembly_esp32/reports/20261009T030249020912Z/report.csv;[];[];[]
drowsiness;wasm;a0989.raw;equal;2;2;2;1;21;ESP32/cnn_webassembly_esp32/reports/20261009T030249020912Z/report.csv;[];[];[]
drowsiness;wasm;a0990.raw;equal;2;2;2;1;21;ESP32/cnn_webassembly_esp32/reports/20261009T030249020912Z/report.csv;[];[];[]
drowsiness;wasm;a0991.raw;equal;2;2;2;1;21;ESP32/cnn_webassembly_esp32/reports/20261009T030249020912Z/report.csv;[];[];[]
drowsiness;wasm;a0992.raw;equal;2;2;2;1;21;ESP32/cnn_webassembly_esp32/reports/20261009T030249020912Z/report.csv;[];[];[]
drowsiness;wasm;a0993.raw;equal;2;2;2;1;21;ESP32/cnn_webassembly_esp32/reports/20261009T030249020912Z/report.csv;[];[];[]
drowsiness;wasm;a0994.raw;equal;2;2;2;1;21;ESP32/cnn_webassembly_esp32/reports/20261009T030249020912Z/report.csv;[];[];[]
drowsiness;wasm;a0995.raw;equal;2;2;2;1;21;ESP32/cnn_webassembly_esp32/reports/20261009T030249020912Z/report.csv;[];[];[]
drowsiness;wasm;a0996.raw;equal;2;2;2;1;21;ESP32/cnn_webassembly_esp32/reports/20261009T030249020912Z/report.csv;[];[];[]
drowsiness;wasm;a0997.raw;equal;2;2;2;1;21;ESP32/cnn_webassembly_esp32/reports/20261009T030249020912Z/report.csv;[];[];[]
drowsiness;wasm;a0998.raw;equal;2;2;2;1;21;ESP32/cnn_webassembly_esp32/reports/20261009T030249020912Z/report.csv;[];[];[]
drowsiness;wasm;a0999.raw;equal;2;2;2;1;21;ESP32/cnn_webassembly_esp32/reports/20261009T030249020912Z/report.csv;[];[];[]
drowsiness;wasm;a1000.raw;equal;2;2;2;1;21;ESP32/cnn_webassembly_esp32/reports/20261009T030249020912Z/report.csv;[];[];[]
drowsiness;wasm;a1001.raw;equal;2;2;2;1;21;ESP32/cnn_webassembly_esp32/reports/20261009T030249020912Z/report.csv;[];[];[]
drowsiness;wasm;a1002.raw;equal;2;2;2;1;21;ESP32/cnn_webassembly_esp32/reports/20261009T030249020912Z/report.csv;[];[];[]
drowsiness;wasm;a1003.raw;equal;2;2;2;1;21;ESP32/cnn_webassembly_esp32/reports/20261009T030249020912Z/report.csv;[];[];[]
drowsiness;wasm;a1004.raw;equal;2;2;2;1;21;ESP32/cnn_webassembly_esp32/reports/20261009T030249020912Z/report.csv;[];[];[]
drowsiness;wasm;a1005.raw;equal;2;2;2;1;21;ESP32/cnn_webassembly_esp32/reports/20261009T030249020912Z/report.csv;[];[];[]
drowsiness;wasm;a1006.raw;equal;2;2;2;1;21;ESP32/cnn_webassembly_esp32/reports/20261009T030249020912Z/report.csv;[];[];[]
drowsiness;wasm;a1007.raw;equal;2;2;2;1;21;ESP32/cnn_webassembly_esp32/reports/20261009T030249020912Z/report.csv;[];[];[]
drowsiness;wasm;a1008.raw;equal;2;2;2;1;21;ESP32/cnn_webassembly_esp32/reports/20261009T030249020912Z/report.csv;[];[];[]
