name_image,ok,class_0_raw,class_1_raw,result,label,right,download_ms,inference_ms,heap_before,heap_after,heap_used,psram_before,psram_after,psram_used,stack_min_free_bytes
"A0001_pngxcr.raw",1,255,0,1,1,1,580.048,6157.981,2075980,2076104,0,1969096,1969096,0,13172
"A0002_og7hdg.raw",1,255,0,1,1,1,541.843,6156.652,2075556,2075676,0,1969096,1969096,0,13172
"A0003_s1ihic.raw",1,255,0,1,1,1,532.277,6152.353,2075336,2075464,0,1969096,1969096,0,13172
"A0004_tvdtsw.raw",1,255,0,1,1,1,548.232,6154.301,2075136,2075252,0,1969096,1969096,0,13172
"A0005_lkbtef.raw",1,255,0,1,1,1,549.673,6153.179,2074924,2075040,0,1969096,1969096,0,13172
"A0006_xtno5a.raw",1,255,0,1,1,1,571.913,6154.751,2074708,2074828,0,1969096,1969096,0,13172
"A0007_fbqrt3.raw",1,255,0,1,1,1,575.961,6158.140,2074492,2074616,0,1969096,1969096,0,13172
"A0008_gntaey.raw",1,255,0,1,1,1,532.940,6160.124,2074284,2074404,0,1969096,1969096,0,13172
"A0009_jwliki.raw",1,255,0,1,1,1,517.962,6151.098,2074072,2074192,0,1969096,1969096,0,13172
"A0010_luzdk8.raw",1,255,0,1,1,1,543.610,6163.725,2073864,2073980,0,1969096,1969096,0,13172
"A0011_y9xxcq.raw",1,255,0,1,1,1,1033.035,6158.800,2073648,2073768,0,1969096,1969096,0,13172
"A0012_loynpr.raw",1,255,0,1,1,1,742.042,6158.828,2073436,2073556,0,1969096,1969096,0,13172
"A0013_lyk7g7.raw",1,255,0,1,1,1,566.271,6169.105,2073224,2073344,0,1969096,1969096,0,13172
"A0014_xebhqb.raw",1,255,0,1,1,1,538.037,6167.399,2073012,2073132,0,1969096,1969096,0,13172
"A0015_mmk45e.raw",1,255,0,1,1,1,855.942,6159.396,2072800,2072920,0,1969096,1969096,0,13172
"A0016_ux9mpm.raw",1,255,0,1,1,1,528.833,6151.656,2072588,2072708,0,1969096,1969096,0,13172
"A0017_wjyxc2.raw",1,255,0,1,1,1,554.275,6140.227,2072376,2072496,0,1969096,1969096,0,13172
"A0018_a4n97h.raw",1,255,0,1,1,1,561.391,6137.819,2072164,2072516,0,1969096,1969096,0,13156
"A0019_z88xx1.raw",1,255,0,1,1,1,588.019,6129.827,2072188,2072516,0,1969096,1969096,0,13156
"A0020_aej2s3.raw",1,255,0,1,1,1,509.138,6142.534,2072176,2072516,0,1969096,1969096,0,13156
"A0021_ip7hjm.raw",1,255,0,1,1,1,528.844,6132.919,2072188,2072516,0,1969096,1969096,0,13156
"A0022_nrgqxv.raw",1,255,0,1,1,1,521.978,6136.532,2072184,2072516,0,1969096,1969096,0,13156
"A0023_fitx0c.raw",1,255,0,1,1,1,491.301,6147.034,2072184,2072516,0,1969096,1969096,0,13076
"A0024_uipfcl.raw",1,255,0,1,1,1,533.508,6138.535,2072184,2072516,0,1969096,1969096,0,13076
"A0025_fcgk86.raw",1,255,0,1,1,1,519.422,6131.512,2072188,2072516,0,1969096,1969096,0,13076
"A0026_k4j7ld.raw",1,255,0,1,1,1,505.477,6137.353,2072172,2072504,0,1969096,1969096,0,13076
"A0027_h7xugf.raw",1,255,0,1,1,1,529.530,6140.798,2072176,2072512,0,1969096,1969096,0,13076
"A0028_pzbugc.raw",1,255,0,1,1,1,547.941,6143.269,2072180,2072512,0,1969096,1969096,0,13076
"A0029_dgl8ty.raw",1,255,0,1,1,1,580.623,6149.531,2072180,2072512,0,1969096,1969096,0,13076
"A0030_iabo50.raw",1,255,0,1,1,1,567.950,6153.076,2072180,2072512,0,1969096,1969096,0,13076
"A0031_y1oyri.raw",1,255,0,1,1,1,498.941,6144.325,2072180,2072512,0,1969096,1969096,0,13076
"A0032_z8so1m.raw",1,255,0,1,1,1,531.712,6137.849,2072184,2072512,0,1969096,1969096,0,13076
"A0033_gftspe.raw",1,255,0,1,1,1,518.221,6137.880,2072176,2072300,0,1969096,1969096,0,13076
"A0034_s2ywtc.raw",1,255,0,1,1,1,507.568,6142.235,2072184,2072300,0,1969096,1969096,0,13076
"A0035_injh7h.raw",1,255,0,1,1,1,499.399,6133.841,2072184,2072300,0,1969096,1969096,0,13076
"A0036_ovpnp5.raw",1,255,0,1,1,1,520.758,6134.379,2072184,2072300,0,1969096,1969096,0,13076
"A0037_bp2gqm.raw",1,255,0,1,1,1,496.249,6144.214,2072176,2072300,0,1969096,1969096,0,13076
"A0038_k8stxs.raw",1,255,0,1,1,1,524.865,6139.675,2071964,2072300,0,1969096,1969096,0,13076
"A0039_wtctsw.raw",1,255,0,1,1,1,493.771,6134.942,2072176,2072300,0,1969096,1969096,0,13076
"A0040_d0jwlk.raw",1,255,0,1,1,1,505.116,6132.466,2072180,2072300,0,1969096,1969096,0,13076
"A0041_b4hu6s.raw",1,255,0,1,1,1,508.847,6144.624,2071972,2072300,0,1969096,1969096,0,13076
"A0042_y7f56p.raw",1,255,0,1,1,1,487.343,6143.654,2072184,2072300,0,1969096,1969096,0,13076
"A0043_ass1ml.raw",1,255,0,1,1,1,487.324,6141.978,2072180,2072300,0,1969096,1969096,0,13076
"A0044_ljaciu.raw",1,255,0,1,1,1,486.733,6143.319,2067876,2068216,0,1965000,1965000,0,13076
"A0045_pwe0bx.raw",1,255,0,1,1,1,518.136,6136.438,2068100,2068236,0,1965000,1965000,0,13076
"A0046_pu9lzg.raw",1,255,0,1,1,1,527.249,6134.553,2067880,2068216,0,1965000,1965000,0,13076
"A0047_hia2gg.raw",1,255,0,1,1,1,509.429,6137.362,2067884,2068216,0,1965000,1965000,0,13076
"A0048_e7drlt.raw",1,255,0,1,1,1,480.222,6137.329,2068096,2068216,0,1965000,1965000,0,13076
"A0049_z6tiwc.raw",1,255,0,1,1,1,531.959,6132.442,2067884,2068216,0,1965000,1965000,0,13076
"A0050_bhp1zt.raw",1,255,0,1,1,1,542.043,6150.070,2067884,2068216,0,1965000,1965000,0,13076
"A0051_hrjzui.raw",1,255,0,1,1,1,505.386,6142.302,2067888,2068216,0,1965000,1965000,0,13076
"A0052_nn7lwr.raw",1,255,0,1,1,1,543.377,6148.471,2067888,2068216,0,1965000,1965000,0,13076
"A0053_fyyelc.raw",1,255,0,1,1,1,494.924,6139.969,2067884,2068216,0,1965000,1965000,0,13076
"A0054_n4fxj6.raw",1,255,0,1,1,1,486.940,6135.191,2067888,2068216,0,1965000,1965000,0,13076
"A0055_ewya0t.raw",1,255,0,1,1,1,512.223,6140.486,2067888,2068216,0,1965000,1965000,0,13076
"A0056_a0acwa.raw",1,255,0,1,1,1,537.978,6146.152,2067880,2068216,0,1965000,1965000,0,13076
"A0057_yusm7j.raw",1,255,0,1,1,1,515.790,6143.481,2067888,2068216,0,1965000,1965000,0,13076
"A0058_xkdviy.raw",1,255,0,1,1,1,584.016,6150.204,2067880,2068216,0,1965000,1965000,0,13076
"A0059_p22lmg.raw",1,255,0,1,1,1,519.245,6140.050,2068092,2068216,0,1965000,1965000,0,13076
"A0060_dancqa.raw",1,255,0,1,1,1,514.405,6139.999,2067876,2068216,0,1965000,1965000,0,13076
"A0061_jnzho0.raw",1,255,0,1,1,1,515.287,6148.874,2067880,2068216,0,1965000,1965000,0,13076
"A0062_wslntj.raw",1,255,0,1,1,1,494.589,6154.822,2068092,2068216,0,1965000,1965000,0,13076
"A0063_fw20ng.raw",1,255,0,1,1,1,534.397,6148.216,2067880,2068208,0,1965000,1965000,0,13076
"A0064_u235d3.raw",1,255,0,1,1,1,511.152,6152.423,2068092,2068208,0,1965000,1965000,0,13076
"A0065_k5sww8.raw",1,255,0,1,1,1,510.936,6154.717,2068092,2068208,0,1965000,1965000,0,13076
"A0066_eblayi.raw",1,255,0,1,1,1,523.776,6135.267,2067868,2068208,0,1965000,1965000,0,13076
"A0067_qvzekt.raw",1,255,0,1,1,1,485.899,6151.601,2068080,2068208,0,1965000,1965000,0,13076
"A0068_jnyp3t.raw",1,255,0,1,1,1,501.050,6171.077,2068080,2068208,0,1965000,1965000,0,13076
"A0069_el3q49.raw",1,255,0,1,1,1,487.010,6168.125,2067868,2068208,0,1965000,1965000,0,13076
"A0070_e7a48y.raw",1,255,0,1,1,1,498.138,6152.778,2068092,2068208,0,1965000,1965000,0,13076
"A0071_rabdpq.raw",1,255,0,1,1,1,540.332,6164.494,2068080,2068208,0,1965000,1965000,0,13076
"A0072_jzmgzt.raw",1,255,0,1,1,1,491.915,6161.429,2067876,2068208,0,1965000,1965000,0,13076
"A0073_aaom1j.raw",1,255,0,1,1,1,530.753,6184.128,2068088,2068208,0,1965000,1965000,0,13076
"A0074_z2njia.raw",1,255,0,1,1,1,607.066,6184.950,2068088,2068208,0,1965000,1965000,0,13076
"A0075_thixnn.raw",1,255,0,1,1,1,503.603,6174.038,2068084,2068208,0,1965000,1965000,0,13076
"A0076_uepirg.raw",1,255,0,1,1,1,520.489,6172.122,2068088,2068208,0,1965000,1965000,0,13076
"A0077_yzpefp.raw",1,255,0,1,1,1,503.608,6177.313,2068092,2068208,0,1965000,1965000,0,13076
"A0078_j4xkdw.raw",1,255,0,1,1,1,529.104,6183.372,2068092,2068420,0,1965000,1965000,0,13076
"A0079_fpq2a0.raw",1,255,0,1,1,1,532.420,6180.747,2068088,2068208,0,1965000,1965000,0,13076
"A0080_ty7pql.raw",1,255,0,1,1,1,531.982,6178.809,2068092,2068420,0,1965000,1965000,0,13076
"A0081_lay34z.raw",1,255,0,1,1,1,487.122,6166.391,2068080,2068208,0,1965000,1965000,0,13076
"A0082_mrkhe4.raw",1,255,0,1,1,1,510.843,6178.078,2068084,2068208,0,1965000,1965000,0,13076
"A0083_dni2q2.raw",1,255,0,1,1,1,522.334,6179.119,2068088,2068420,0,1965000,1965000,0,13076
"A0084_alnglc.raw",1,255,0,1,1,1,502.304,6168.908,2068092,2068208,0,1965000,1965000,0,13076
"A0085_oateqz.raw",1,255,0,1,1,1,510.628,6178.984,2068088,2068420,0,1965000,1965000,0,13076
"A0086_pahizi.raw",1,255,0,1,1,1,529.568,6166.799,2068088,2068440,0,1965000,1965000,0,13076
"A0087_yukxlc.raw",1,255,0,1,1,1,546.857,6181.168,2068092,2068420,0,1965000,1965000,0,13076
"A0088_pdgosv.raw",1,255,0,1,1,1,519.191,6184.150,2068092,2068420,0,1965000,1965000,0,13076
"A0089_eds2md.raw",1,255,0,1,1,1,538.430,6191.987,2059896,2060228,0,1956808,1956808,0,13076
"A0090_szdiau.raw",1,255,0,1,1,1,522.338,6181.082,2059900,2060248,0,1956808,1956808,0,13076
"A0091_x0ti6u.raw",1,255,0,1,1,1,527.026,6184.693,2059888,2060004,0,1956808,1956808,0,13076
"A0092_u4sqxd.raw",1,255,0,1,1,1,513.603,6176.716,2059888,2060216,0,1956808,1956808,0,13076
"A0093_at2jv8.raw",1,255,0,1,1,1,511.730,6184.815,2059888,2060216,0,1956808,1956808,0,13076
"A0094_zfb8nu.raw",1,255,0,1,1,1,510.737,6168.751,2059880,2060216,0,1956808,1956808,0,13076
"A0095_jkkj9n.raw",1,255,0,1,1,1,515.012,6156.831,2059880,2060216,0,1956808,1956808,0,13076
"A0096_lxnofi.raw",1,255,0,1,1,1,523.276,6155.187,2059888,2060004,0,1956808,1956808,0,13076
"A0097_ntrg1i.raw",1,255,0,1,1,1,497.537,6158.922,2059884,2060216,0,1956808,1956808,0,13076
"A0098_rt7au4.raw",1,255,0,1,1,1,470.086,6128.048,2059876,2060004,0,1956808,1956808,0,13076
"A0099_wwf9mo.raw",1,255,0,1,1,1,508.612,6142.692,2059884,2060004,0,1956808,1956808,0,13076
"A0100_oi2b8q.raw",1,255,0,1,1,1,549.752,6145.419,2059884,2060216,0,1956808,1956808,0,13076
"A0101_auofjv.raw",1,255,0,1,1,1,565.923,6141.417,2059888,2060004,0,1956808,1956808,0,13076
"A0102_idx02p.raw",1,255,0,1,1,1,556.876,6152.392,2059888,2060216,0,1956808,1956808,0,13076
"A0103_t0glqy.raw",1,255,0,1,1,1,556.518,6163.015,2059888,2060004,0,1956808,1956808,0,13076
"A0104_j7srio.raw",1,255,0,1,1,1,544.011,6149.980,2059884,2060216,0,1956808,1956808,0,13076
"A0105_fzuugw.raw",1,255,0,1,1,1,546.853,6147.858,2059880,2060004,0,1956808,1956808,0,13076
"A0106_qphfdn.raw",1,255,0,1,1,1,501.730,6149.864,2059884,2060004,0,1956808,1956808,0,13076
"A0107_wadfu2.raw",1,255,0,1,1,1,519.792,6145.548,2059884,2060004,0,1956808,1956808,0,13076
"A0108_jkpzov.raw",1,255,0,1,1,1,556.931,6141.154,2059888,2060004,0,1956808,1956808,0,13076
"A0109_chn51b.raw",1,255,0,1,1,1,522.238,6156.424,2059900,2060228,0,1956808,1956808,0,13076
"A0110_uxtbiv.raw",1,255,0,1,1,1,503.920,6129.372,2059896,2060016,0,1956808,1956808,0,13076
"A0111_u7etpv.raw",1,255,0,1,1,1,534.744,6151.044,2059896,2060016,0,1956808,1956808,0,13076
"A0112_conneq.raw",1,255,0,1,1,1,511.637,6138.948,2059892,2060016,0,1956808,1956808,0,13076
"A0113_axcwln.raw",1,255,0,1,1,1,551.481,6153.992,2059900,2060016,0,1956808,1956808,0,13076
"A0114_epzka5.raw",1,255,0,1,1,1,531.493,6157.457,2059900,2060228,0,1956808,1956808,0,13076
"A0115_uxm5qb.raw",1,255,0,1,1,1,576.073,6161.165,2059900,2060016,0,1956808,1956808,0,13076
"A0116_doy9hj.raw",1,255,0,1,1,1,769.869,6163.172,2059900,2060228,0,1956808,1956808,0,13076
"A0117_pu5hmu.raw",1,255,0,1,1,1,491.518,6169.086,2059900,2060228,0,1956808,1956808,0,13076
"A0118_a7dv0n.raw",1,255,0,1,1,1,512.173,6149.837,2059900,2060228,0,1956808,1956808,0,13076
"A0119_oedla2.raw",1,255,0,1,1,1,498.906,6160.157,2059900,2060228,0,1956808,1956808,0,13076
"A0120_epjujj.raw",1,255,0,1,1,1,523.373,6158.636,2059900,2060228,0,1956808,1956808,0,13076
"A0121_g3jyy8.raw",1,255,0,1,1,1,527.043,6159.657,2059900,2060248,0,1956808,1956808,0,13076
"A0122_pmx2yd.raw",1,255,0,1,1,1,743.906,6146.294,2059900,2060228,0,1956808,1956808,0,13076
"A0123_xfgb6h.raw",1,255,0,1,1,1,541.311,6158.514,2059900,2060228,0,1956808,1956808,0,13076
"A0124_edx00r.raw",1,255,0,1,1,1,504.498,6135.651,2059900,2060228,0,1956808,1956808,0,13076
"A0125_nk5v0r.raw",1,255,0,1,1,1,516.033,6160.557,2059900,2060232,0,1956808,1956808,0,13076
"A0126_xrfib4.raw",1,255,0,1,1,1,578.726,6150.280,2059900,2060232,0,1956808,1956808,0,13076
"A0127_yjaolz.raw",1,255,0,1,1,1,558.516,6154.282,2059904,2060232,0,1956808,1956808,0,13076
"A0128_z5lkxc.raw",1,255,0,1,1,1,577.839,6151.724,2059900,2060232,0,1956808,1956808,0,13076
"A0129_n862po.raw",1,255,0,1,1,1,535.106,6151.636,2059900,2060232,0,1956808,1956808,0,13076
"A0130_neigqw.raw",1,255,0,1,1,1,554.546,6147.014,2059896,2060232,0,1956808,1956808,0,13076
"A0131_za9qd1.raw",1,255,0,1,1,1,560.332,6155.749,2059900,2060232,0,1956808,1956808,0,13076
"A0132_eounyo.raw",1,255,0,1,1,1,533.160,6141.114,2059904,2060232,0,1956808,1956808,0,13076
"A0133_ymmvtg.raw",1,255,0,1,1,1,578.333,6140.757,2059904,2060232,0,1956808,1956808,0,13076
"A0134_mjqqoe.raw",1,255,0,1,1,1,512.283,6135.987,2059904,2060232,0,1956808,1956808,0,13076
"A0135_enzni9.raw",1,255,0,1,1,1,559.132,6138.084,2059904,2060232,0,1956808,1956808,0,13076
"A0136_ml45ow.raw",1,255,0,1,1,1,533.981,6140.610,2059904,2060232,0,1956808,1956808,0,13076
"A0137_qdzoid.raw",1,255,0,1,1,1,532.386,6144.477,2059904,2060232,0,1956808,1956808,0,13076
"A0138_lrkwgg.raw",1,255,0,1,1,1,523.306,6170.501,2059904,2060232,0,1956808,1956808,0,13076
"A0139_c7zcva.raw",1,255,0,1,1,1,534.233,6171.459,2059888,2060220,0,1956808,1956808,0,13076
"A0140_hmgnyz.raw",1,255,0,1,1,1,531.059,6170.176,2059880,2060208,0,1956808,1956808,0,13076
"A0141_zb8g2z.raw",1,255,0,1,1,1,827.050,6145.138,2059876,2060208,0,1956808,1956808,0,13076
"A0142_quqwbe.raw",1,255,0,1,1,1,544.717,6154.520,2059876,2060208,0,1956808,1956808,0,13076
"A0143_scl1ia.raw",1,255,0,1,1,1,534.910,6135.984,2059876,2060208,0,1956808,1956808,0,13076
"A0144_seuevk.raw",1,255,0,1,1,1,536.898,6135.395,2059880,2060208,0,1956808,1956808,0,13076
"A0145_aj799g.raw",1,255,0,1,1,1,506.475,6126.398,2059876,2060208,0,1956808,1956808,0,13076
"A0146_pdyurx.raw",1,255,0,1,1,1,494.242,6121.557,2059868,2060208,0,1956808,1956808,0,13076
"A0147_ryewk1.raw",1,255,0,1,1,1,508.714,6123.543,2059880,2060208,0,1956808,1956808,0,13076
"A0148_ofubry.raw",1,255,0,1,1,1,528.292,6121.085,2059876,2060208,0,1956808,1956808,0,13076
"A0149_web0fw.raw",1,255,0,1,1,1,524.502,6128.083,2059868,2059996,0,1956808,1956808,0,13076
"A0150_wse9nd.raw",1,255,0,1,1,1,545.785,6120.550,2059868,2060200,0,1956808,1956808,0,13076
"A0151_d8j5q5.raw",1,255,0,1,1,1,1555.868,6119.588,2059864,2060200,0,1956808,1956808,0,13076
"A0152_pkc90o.raw",1,255,0,1,1,1,497.826,6127.851,2059872,2060196,0,1956808,1956808,0,13076
"A0153_ypv0ko.raw",1,255,0,1,1,1,499.932,6127.345,2059868,2060196,0,1956808,1956808,0,13076
"A0154_rqnhhr.raw",1,255,0,1,1,1,1547.595,6121.875,2059868,2060196,0,1956808,1956808,0,13076
"A0155_jpj4jd.raw",1,255,0,1,1,1,488.106,6123.672,2059864,2060196,0,1956808,1956808,0,13076
"A0156_jyhznq.raw",1,255,0,1,1,1,502.494,6120.550,2059856,2060208,0,1956808,1956808,0,13076
"A0157_wdpbft.raw",1,255,0,1,1,1,501.049,6124.971,2059880,2060220,0,1956808,1956808,0,13076
"A0158_piwgzx.raw",1,255,0,1,1,1,479.659,6125.293,2059892,2060220,0,1956808,1956808,0,13076
"A0159_k0mdgr.raw",1,255,0,1,1,1,493.637,6119.889,2059892,2060220,0,1956808,1956808,0,13076
"A0160_h2xppl.raw",1,255,0,1,1,1,507.940,6132.652,2059892,2060220,0,1956808,1956808,0,13076
"A0161_hu558c.raw",1,255,0,1,1,1,516.355,6130.533,2059892,2060220,0,1956808,1956808,0,13076
"A0162_wszbpa.raw",1,255,0,1,1,1,534.805,6129.467,2059892,2060220,0,1956808,1956808,0,13076
"A0163_qujlmb.raw",1,255,0,1,1,1,499.305,6125.476,2059880,2060220,0,1956808,1956808,0,13076
"A0164_ufwztd.raw",1,255,0,1,1,1,492.657,6127.472,2059888,2060220,0,1956808,1956808,0,13076
"A0165_mlk6uo.raw",1,255,0,1,1,1,499.390,6121.369,2059880,2060220,0,1956808,1956808,0,13076
"A0166_btzmek.raw",1,255,0,1,1,1,513.556,6123.612,2059888,2060240,0,1956808,1956808,0,13076
"A0167_lylbhn.raw",1,255,0,1,1,1,496.532,6130.357,2059892,2060228,0,1956808,1956808,0,13076
"A0168_kkus6d.raw",1,255,0,1,1,1,521.071,6119.664,2059900,2060016,0,1956808,1956808,0,13076
"A0169_ozaahc.raw",1,255,0,1,1,1,487.077,6123.787,2059900,2060228,0,1956808,1956808,0,13076
"A0170_ncl2k4.raw",1,255,0,1,1,1,493.499,6136.655,2059900,2060228,0,1956808,1956808,0,13076
"A0171_gdk0wj.raw",1,255,0,1,1,1,480.394,6121.967,2059892,2060016,0,1956808,1956808,0,13076
"A0172_fh9j69.raw",1,255,0,1,1,1,476.172,6127.294,2059680,2060016,0,1956808,1956808,0,13076
"A0173_fdiofg.raw",1,255,0,1,1,1,498.106,6123.502,2059684,2060016,0,1956808,1956808,0,13076
"A0174_qhr2xh.raw",1,255,0,1,1,1,570.818,6124.706,2059680,2060016,0,1956808,1956808,0,13076
"A0175_atyzgx.raw",1,255,0,1,1,1,488.940,6126.815,2059680,2060016,0,1956808,1956808,0,13076
"A0176_t9el8k.raw",1,255,0,1,1,1,475.806,6122.567,2059684,2060016,0,1956808,1956808,0,13076
"A0177_zjv7ht.raw",1,255,0,1,1,1,482.642,6128.181,2059684,2060016,0,1956808,1956808,0,13076
"A0178_ztki3l.raw",1,255,0,1,1,1,478.020,6129.094,2043304,2043632,0,1940424,1940424,0,13076
"A0179_zbcidy.raw",1,255,0,1,1,1,704.089,6125.311,2043300,2043632,0,1940424,1940424,0,13076
"A0180_iydqnn.raw",1,255,0,1,1,1,513.226,6133.717,2043304,2043632,0,1940424,1940424,0,13076
"A0181_iu3rku.raw",1,255,0,1,1,1,493.162,6127.058,2043304,2043632,0,1940424,1940424,0,13076
"A0182_ugicji.raw",1,255,0,1,1,1,502.907,6124.557,2043300,2043632,0,1940424,1940424,0,13076
"A0183_dfukym.raw",1,255,0,1,1,1,502.404,6128.894,2043304,2043632,0,1940424,1940424,0,13076
"A0184_rd2y4r.raw",1,255,0,1,1,1,521.305,6128.027,2043300,2043632,0,1940424,1940424,0,13076
"A0185_qtqkkp.raw",1,255,0,1,1,1,512.844,6125.928,2043292,2043632,0,1940424,1940424,0,13028
"A0188_bdgn9q.raw",1,255,0,1,1,1,507.040,6126.438,2043300,2043632,0,1940424,1940424,0,13028
"A0189_ny2ilw.raw",1,255,0,1,1,1,515.700,6134.125,2043300,2043632,0,1940424,1940424,0,13028
"A0190_cqjpqk.raw",1,255,0,1,1,1,479.695,6128.595,2043304,2043632,0,1940424,1940424,0,13028
"A0191_fwkpbo.raw",1,255,0,1,1,1,516.682,6128.708,2043304,2043632,0,1940424,1940424,0,13028
"A0192_uzchni.raw",1,255,0,1,1,1,512.031,6135.862,2043288,2043632,0,1940424,1940424,0,13028
"A0193_nkhiuo.raw",1,255,0,1,1,1,522.097,6130.126,2043300,2043632,0,1940424,1940424,0,13028
"A0194_zvbcfo.raw",1,255,0,1,1,1,487.260,6129.428,2043304,2043632,0,1940424,1940424,0,13028
"A0195_tr6ora.raw",1,255,0,1,1,1,499.927,6133.950,2043292,2043624,0,1940424,1940424,0,13028
"A0196_whkx6w.raw",1,255,0,1,1,1,509.063,6161.349,2043296,2043624,0,1940424,1940424,0,13028
"A0197_xfivh2.raw",1,255,0,1,1,1,507.342,6162.439,2043284,2043624,0,1940424,1940424,0,13028
"A0198_jimefi.raw",1,255,0,1,1,1,509.426,6147.421,2043292,2043624,0,1940424,1940424,0,13028
"A0199_ar2ay8.raw",1,255,0,1,1,1,514.758,6159.111,2043284,2043624,0,1940424,1940424,0,13028
"A0200_ohacof.raw",1,255,0,1,1,1,546.087,6179.855,2043296,2043624,0,1940424,1940424,0,13028
"A0201_ysj9co.raw",1,255,0,1,1,1,492.336,6202.694,2043288,2043624,0,1940424,1940424,0,13028
"A0202_nvcfjl.raw",1,255,0,1,1,1,526.569,6191.172,2043500,2043624,0,1940424,1940424,0,13028
"A0203_ch7mwc.raw",1,255,0,1,1,1,500.189,6191.284,2043292,2043624,0,1940424,1940424,0,13028
"A0204_jkbdpj.raw",1,255,0,1,1,1,528.822,6196.750,2043496,2043624,0,1940424,1940424,0,13028
"A0205_fvodso.raw",1,255,0,1,1,1,511.833,6193.346,2043508,2043624,0,1940424,1940424,0,13028
"A0206_f9brjr.raw",1,255,0,1,1,1,505.240,6193.142,2043504,2043624,0,1940424,1940424,0,13028
"A0207_crypbs.raw",1,255,0,1,1,1,490.123,6201.347,2043500,2043624,0,1940424,1940424,0,13028
"A0208_ciqneq.raw",1,255,0,1,1,1,513.213,6191.213,2043500,2043624,0,1940424,1940424,0,13028
"A0209_zvqfpy.raw",1,255,0,1,1,1,495.012,6189.468,2043504,2043624,0,1940424,1940424,0,13028
"A0210_ww71zb.raw",1,255,0,1,1,1,504.274,6184.720,2043508,2043836,0,1940424,1940424,0,13028
"A0211_tsumyc.raw",1,255,0,1,1,1,481.733,6188.744,2043496,2043624,0,1940424,1940424,0,13028
"A0212_s1cswj.raw",1,255,0,1,1,1,496.664,6189.727,2043508,2043624,0,1940424,1940424,0,13028
"A0213_vt8gg8.raw",1,255,0,1,1,1,478.130,6189.227,2043516,2043864,0,1940424,1940424,0,13028
"A0214_s9etmp.raw",1,255,0,1,1,1,519.615,6201.316,2043512,2043632,0,1940424,1940424,0,13028
"A0215_slzstg.raw",1,255,0,1,1,1,609.598,6191.255,2043516,2043844,0,1940424,1940424,0,13028
"A0216_pey3bs.raw",1,255,0,1,1,1,524.199,6187.518,2043500,2043848,0,1940424,1940424,0,13028
"A0217_hgh87m.raw",1,255,0,1,1,1,507.757,6192.922,2043520,2043848,0,1940424,1940424,0,13028
"A0218_p313qk.raw",1,255,0,1,1,1,532.664,6196.562,2043516,2043848,0,1940424,1940424,0,13028
"A0219_v2w2a3.raw",1,255,0,1,1,1,606.601,6189.632,2043512,2043848,0,1940424,1940424,0,13028
"A0220_znt3dh.raw",1,255,0,1,1,1,499.361,6187.507,2043516,2043848,0,1940424,1940424,0,13028
"A0222_sbfsny.raw",1,255,0,1,1,1,493.314,6192.517,2043520,2043848,0,1940424,1940424,0,13028
"A0223_kns6ja.raw",1,255,0,1,1,1,471.115,6190.407,2043516,2043848,0,1940424,1940424,0,13028
"A0224_ec1q80.raw",1,255,0,1,1,1,465.063,6193.034,2043516,2043848,0,1940424,1940424,0,13028
"A0225_ijfo9b.raw",1,255,0,1,1,1,517.495,6184.906,2043516,2043848,0,1940424,1940424,0,13028
"A0226_hluh5b.raw",1,255,0,1,1,1,523.730,6188.692,2043520,2043848,0,1940424,1940424,0,13028
"A0227_kmqc8p.raw",1,255,0,1,1,1,510.709,6188.686,2043516,2043848,0,1940424,1940424,0,13028
"A0228_cm4srd.raw",1,255,0,1,1,1,495.664,6185.545,2043516,2043848,0,1940424,1940424,0,13028
"A0229_asb2qh.raw",1,255,0,1,1,1,536.526,6194.652,2043516,2043848,0,1940424,1940424,0,13028
"A0230_vrqiqx.raw",1,255,0,1,1,1,502.860,6203.896,2043500,2043836,0,1940424,1940424,0,13028
"A0231_bfqh0p.raw",1,255,0,1,1,1,498.219,6190.974,2043504,2043836,0,1940424,1940424,0,13028
"A0232_dgrsxo.raw",1,255,0,1,1,1,526.979,6191.286,2043504,2043836,0,1940424,1940424,0,13028
"A0233_xqv5rq.raw",1,255,0,1,1,1,473.431,6189.221,2043504,2043836,0,1940424,1940424,0,13028
"A0234_s9tsrz.raw",1,255,0,1,1,1,539.910,6196.363,2043500,2043836,0,1940424,1940424,0,13028
"A0235_f5egs1.raw",1,255,0,1,1,1,503.010,6191.070,2043496,2043824,0,1940424,1940424,0,13028
"A0236_eknpio.raw",1,255,0,1,1,1,494.486,6188.597,2043492,2043824,0,1940424,1940424,0,13028
"A0237_gmrxbk.raw",1,255,0,1,1,1,518.953,6187.877,2043484,2043612,0,1940424,1940424,0,13028
"A0238_cutltl.raw",1,255,0,1,1,1,497.228,6194.343,2043496,2043824,0,1940424,1940424,0,13028
"A0239_pyv9f4.raw",1,255,0,1,1,1,504.697,6186.802,2043492,2043824,0,1940424,1940424,0,13028
"A0240_tjh4sv.raw",1,255,0,1,1,1,497.902,6179.443,2043496,2043824,0,1940424,1940424,0,13028
"A0241_jn8liu.raw",1,255,0,1,1,1,484.826,6182.954,2043492,2043824,0,1940424,1940424,0,13028
"A0242_vcn7h9.raw",1,255,0,1,1,1,514.932,6185.564,2043496,2043612,0,1940424,1940424,0,13028
"A0243_wmkjie.raw",1,255,0,1,1,1,501.426,6195.786,2043492,2043824,0,1940424,1940424,0,13028
"A0244_uvkbjy.raw",1,255,0,1,1,1,511.854,6185.824,2043488,2043612,0,1940424,1940424,0,13028
"A0245_qcwoib.raw",1,255,0,1,1,1,499.855,6179.068,2043496,2043824,0,1940424,1940424,0,13028
"A0246_zemmnk.raw",1,255,0,1,1,1,760.262,6187.831,2043492,2043824,0,1940424,1940424,0,13028
"A0247_pq1oev.raw",1,255,0,1,1,1,504.563,6176.531,2043492,2043836,0,1940424,1940424,0,13028
"A0248_x0oo3k.raw",1,255,0,1,1,1,480.278,6178.630,2043496,2043836,0,1940424,1940424,0,13028
"A0249_i0dxqu.raw",1,255,0,1,1,1,500.955,6182.703,2043508,2043836,0,1940424,1940424,0,13028
"A0250_axxp23.raw",1,255,0,1,1,1,529.514,6178.997,2043508,2043836,0,1940424,1940424,0,13028
"A0252_w9tnqy.raw",1,255,0,1,1,1,611.030,6182.519,2043500,2043832,0,1940424,1940424,0,13028
"A0253_bxpt22.raw",1,255,0,1,1,1,500.410,6174.606,2043492,2043844,0,1940424,1940424,0,13028
"A0254_hukz5u.raw",1,255,0,1,1,1,519.257,6183.015,2043500,2043828,0,1940424,1940424,0,13028
"A0255_g1clny.raw",1,255,0,1,1,1,501.909,6181.073,2043496,2043828,0,1940424,1940424,0,13028
"A0256_kbw8md.raw",1,255,0,1,1,1,527.120,6178.382,2043496,2043828,0,1940424,1940424,0,13028
"A0257_ux4eb4.raw",1,255,0,1,1,1,479.752,6183.692,2043500,2043828,0,1940424,1940424,0,13028
"A0258_hevype.raw",1,255,0,1,1,1,517.034,6187.241,2043496,2043828,0,1940424,1940424,0,13028
"A0259_jkmxqq.raw",1,255,0,1,1,1,480.076,6177.557,2043496,2043828,0,1940424,1940424,0,13028
"A0260_zuqtnh.raw",1,255,0,1,1,1,523.724,6177.417,2043500,2043848,0,1940424,1940424,0,13028
"A0261_y0babc.raw",1,255,0,1,1,1,498.668,6187.410,2043488,2043828,0,1940424,1940424,0,13028
"A0262_bn3bfl.raw",1,255,0,1,1,1,510.134,6190.466,2043500,2043828,0,1940424,1940424,0,13028
"A0263_eaovwh.raw",1,255,0,1,1,1,482.527,6181.973,2043496,2043828,0,1940424,1940424,0,13028
"A0264_znxwji.raw",1,255,0,1,1,1,516.459,6179.474,2043492,2043828,0,1940424,1940424,0,13028
"A0265_x7adfc.raw",1,255,0,1,1,1,491.927,6176.071,2043492,2043612,0,1940424,1940424,0,13028
"A0266_sxsryp.raw",1,255,0,1,1,1,512.727,6183.355,2043496,2043824,0,1940424,1940424,0,13028
"A0267_fmmmsv.raw",1,255,0,1,1,1,519.817,6184.437,2043496,2043612,0,1940424,1940424,0,13028
"A0268_o7e2th.raw",1,255,0,1,1,1,506.334,6189.079,2043496,2043824,0,1940424,1940424,0,13028
"A0269_ajpovb.raw",1,255,0,1,1,1,515.224,6181.993,2043496,2043612,0,1940424,1940424,0,13028
"A0270_l00eru.raw",1,255,0,1,1,1,497.765,6185.648,2043500,2043828,0,1940424,1940424,0,13028
"A0271_idqtq6.raw",1,255,0,1,1,1,536.276,6186.673,2043500,2043840,0,1940424,1940424,0,13028
"A0272_ci12kp.raw",1,255,0,1,1,1,511.800,6174.715,2043512,2043632,0,1940424,1940424,0,12996
"A0273_oobnvs.raw",1,255,0,1,1,1,517.608,6176.530,2043516,2043844,0,1940424,1940424,0,12996
"A0274_z8y0ts.raw",1,255,0,1,1,1,524.074,6177.113,2043512,2043632,0,1940424,1940424,0,12996
"A0275_qcom4d.raw",1,255,0,1,1,1,521.468,6172.463,2043516,2043844,0,1940424,1940424,0,12996
"A0276_u8civs.raw",1,255,0,1,1,1,531.500,6173.347,2043516,2043844,0,1940424,1940424,0,12996
"A0277_lp0jyl.raw",1,255,0,1,1,1,512.869,6185.978,2043516,2043844,0,1940424,1940424,0,12996
"A0278_alargq.raw",1,255,0,1,1,1,519.963,6182.448,2043508,2043844,0,1940424,1940424,0,12996
"A0279_yofu8q.raw",1,255,0,1,1,1,536.371,6176.868,2043500,2043844,0,1940424,1940424,0,12996
"A0280_sudwco.raw",1,255,0,1,1,1,532.335,6170.626,2043516,2043844,0,1940424,1940424,0,12996
"A0284_eqeqpu.raw",1,255,0,1,1,1,600.289,6177.409,2043512,2043840,0,1940424,1940424,0,12996
"A0285_hlnoe3.raw",1,255,0,1,1,1,497.623,6171.867,2043508,2043840,0,1940424,1940424,0,12996
"A0286_ssxkmx.raw",1,255,0,1,1,1,503.119,6186.565,2043500,2043840,0,1940424,1940424,0,12996
"A0287_kpxbdk.raw",1,255,0,1,1,1,498.534,6185.913,2043504,2043840,0,1940424,1940424,0,12996
"A0288_aql3s9.raw",1,255,0,1,1,1,532.306,6183.562,2043504,2043840,0,1940424,1940424,0,12996
"A0289_n1hkoe.raw",1,255,0,1,1,1,505.387,6177.743,2043508,2043840,0,1940424,1940424,0,12996
"A0290_bdpny1.raw",1,255,0,1,1,1,527.050,6180.332,2043504,2043840,0,1940424,1940424,0,12996
"A0291_zkzfpo.raw",1,255,0,1,1,1,837.500,6185.000,2043508,2043840,0,1940424,1940424,0,12996
"A0292_gc2isa.raw",1,255,0,1,1,1,520.739,6181.751,2043504,2043840,0,1940424,1940424,0,12996
"A0293_wrvywi.raw",1,255,0,1,1,1,510.863,6170.535,2043512,2043840,0,1940424,1940424,0,12996
"A0294_hbaudo.raw",1,255,0,1,1,1,508.175,6186.972,2043496,2043828,0,1940424,1940424,0,12996
"A0295_s5k0wm.raw",1,255,0,1,1,1,509.969,6183.946,2043500,2043828,0,1940424,1940424,0,12996
"A0296_d9znpe.raw",1,255,0,1,1,1,507.530,6182.073,2043500,2043828,0,1940424,1940424,0,12996
"A0297_xfqrcq.raw",1,255,0,1,1,1,477.497,6182.816,2043500,2043828,0,1940424,1940424,0,12996
"A0298_mrexge.raw",1,255,0,1,1,1,513.171,6185.305,2043500,2043828,0,1940424,1940424,0,12996
"A0299_ixvobf.raw",1,255,0,1,1,1,509.407,6193.373,2043496,2043828,0,1940424,1940424,0,12996
"A0300_ti9hcd.raw",1,255,0,1,1,1,498.093,6181.934,2043500,2043828,0,1940424,1940424,0,12996
"A0301_qub0zf.raw",1,255,0,1,1,1,533.462,6184.435,2043496,2043832,0,1940424,1940424,0,12996
"A0302_dvtavh.raw",1,255,0,1,1,1,532.727,6182.420,2043500,2043832,0,1940424,1940424,0,12996
"A0303_yp97an.raw",1,255,0,1,1,1,501.259,6172.572,2043504,2043832,0,1940424,1940424,0,12996
"A0304_y71j7t.raw",1,255,0,1,1,1,509.275,6186.367,2043504,2043832,0,1940424,1940424,0,12996
"A0305_yybafz.raw",1,255,0,1,1,1,520.319,6180.027,2043504,2043832,0,1940424,1940424,0,12996
"A0306_qjkmac.raw",1,255,0,1,1,1,498.135,6184.421,2043500,2043832,0,1940424,1940424,0,12996
"A0307_flkxrv.raw",1,255,0,1,1,1,464.309,6189.123,2043504,2043832,0,1940424,1940424,0,12996
"A0308_xkictc.raw",1,255,0,1,1,1,478.682,6184.513,2043500,2043640,0,1940424,1940424,0,12996
"A0309_gzx0lp.raw",1,255,0,1,1,1,522.522,6185.896,2043504,2044044,0,1940424,1940424,0,12996
"A0310_b9zuuj.raw",1,255,0,1,1,1,543.517,6187.416,2043716,2044044,0,1940424,1940424,0,12996
"A0311_ynnqsg.raw",1,255,0,1,1,1,535.032,6191.782,2043928,2044500,0,1940424,1940424,0,12996
"A0312_r5dft8.raw",1,255,0,1,1,1,532.845,6202.151,2044152,2044480,0,1940424,1940424,0,12996
"A0313_xyi7vm.raw",1,255,0,1,1,1,775.960,6196.903,2044360,2044904,0,1940424,1940424,0,12996
"A0314_hjwlcr.raw",1,255,0,1,1,1,502.384,6183.004,2044568,2045136,0,1940424,1940424,0,12996
"A0315_im4uan.raw",1,255,0,1,1,1,528.778,6185.137,2044780,2045328,0,1940424,1940424,0,12996
"A0316_d8tfsd.raw",1,255,0,1,1,1,504.223,6203.318,2045000,2045540,0,1940424,1940424,0,12996
"A0317_ik34xx.raw",1,255,0,1,1,1,531.678,6187.128,2045212,2045772,0,1940424,1940424,0,12996
"A0318_i0fam1.raw",1,255,0,1,1,1,525.823,6181.312,2045420,2045964,0,1940424,1940424,0,12996
"A0319_co5vs4.raw",1,255,0,1,1,1,512.808,6187.586,2045636,2046176,0,1940424,1940424,0,12996
"A0320_jk1elq.raw",1,255,0,1,1,1,503.766,6195.382,2045840,2046408,0,1940424,1940424,0,12996
"A0321_qdoo2i.raw",1,255,0,1,1,1,555.167,6188.959,2046048,2046600,0,1940424,1940424,0,12996
"A0322_bj3jaj.raw",1,255,0,1,1,1,525.959,6196.127,2046272,2046812,0,1940424,1940424,0,12996
"A0323_udkkdk.raw",1,255,0,1,1,1,489.326,6193.277,2046480,2047024,0,1940424,1940424,0,12996
"A0324_ix2x76.raw",1,255,0,1,1,1,536.766,6189.025,2046696,2047236,0,1940424,1940424,0,12996
"A0325_vtxqtl.raw",1,255,0,1,1,1,514.566,6193.764,2046908,2047468,0,1940424,1940424,0,12996
"A0326_jbtwvz.raw",1,255,0,1,1,1,570.713,6191.391,2047116,2047488,0,1940424,1940424,0,12996
"A0327_bdutno.raw",1,255,0,1,1,1,553.809,6188.316,2047116,2047468,0,1940424,1940424,0,12996
"A0328_fk3csq.raw",1,255,0,1,1,1,508.115,6197.297,2047116,2047476,0,1940424,1940424,0,12996
"A0329_yuy1yj.raw",1,255,0,1,1,1,979.218,6190.491,2047124,2047496,0,1940424,1940424,0,12996
"A0330_eymoe2.raw",1,255,0,1,1,1,500.718,6198.936,2047124,2047476,0,1940424,1940424,0,12996
"A0331_hseg4s.raw",1,255,0,1,1,1,502.658,6190.685,2047124,2047476,0,1940424,1940424,0,12996
"A0332_ekfdwv.raw",1,255,0,1,1,1,520.264,6193.626,2047124,2047496,0,1940424,1940424,0,12996
"A0333_lmugko.raw",1,255,0,1,1,1,548.760,6187.557,2047116,2047476,0,1940424,1940424,0,12996
"A0334_tjccqp.raw",1,255,0,1,1,1,579.790,6184.025,2047124,2047476,0,1940424,1940424,0,12996
"A0335_ycajns.raw",1,255,0,1,1,1,583.011,6188.372,2047124,2047496,0,1940424,1940424,0,12996
"A0336_zcwtf9.raw",1,255,0,1,1,1,550.428,6185.822,2047128,2047476,0,1940424,1940424,0,12996
"A0337_p6uclg.raw",1,255,0,1,1,1,558.646,6200.605,2047124,2047476,0,1940424,1940424,0,12996
"A0338_n0t7rv.raw",1,255,0,1,1,1,966.504,6190.623,2047128,2047496,0,1940424,1940424,0,12996
"A0339_pudo2p.raw",1,255,0,1,1,1,559.153,6190.539,2047128,2047476,0,1940424,1940424,0,12996
"A0340_tlndrh.raw",1,255,0,1,1,1,500.043,6201.830,2047124,2047476,0,1940424,1940424,0,12996
"A0341_hejolh.raw",1,255,0,1,1,1,582.766,6190.382,2047124,2047496,0,1940424,1940424,0,12996
"A0342_lp6gkv.raw",1,255,0,1,1,1,543.931,6189.938,2047116,2047476,0,1940424,1940424,0,12996
"A0343_y3pszq.raw",1,255,0,1,1,1,510.928,6185.628,2047124,2047476,0,1940424,1940424,0,12996
"A0344_ptvhiq.raw",1,255,0,1,1,1,504.426,6189.348,2047124,2047496,0,1940424,1940424,0,12996
"A0345_wetetm.raw",1,255,0,1,1,1,519.112,6186.546,2047124,2047476,0,1940424,1940424,0,12996
"A0346_jhdhsf.raw",1,255,0,1,1,1,518.228,6189.432,2047124,2047476,0,1940424,1940424,0,12996
"A0347_qjv2cy.raw",1,255,0,1,1,1,546.735,6189.018,2047124,2047496,0,1940424,1940424,0,12996
"A0348_g7ge9x.raw",1,255,0,1,1,1,571.214,6190.377,2047112,2047476,0,1940424,1940424,0,12996
"A0349_lbh80x.raw",1,255,0,1,1,1,621.479,6187.445,2047124,2047476,0,1940424,1940424,0,12996
"A0350_tex9fb.raw",1,255,0,1,1,1,536.780,6195.284,2047124,2047496,0,1940424,1940424,0,12996
"A0352_zvdebj.raw",1,255,0,1,1,1,752.962,6192.439,2047128,2047476,0,1940424,1940424,0,12996
"A0353_cssdbg.raw",1,255,0,1,1,1,574.169,6187.023,2047124,2047476,0,1940424,1940424,0,12996
"A0354_syikha.raw",1,255,0,1,1,1,519.954,6194.152,2047112,2047496,0,1940424,1940424,0,12996
"A0355_d5zrql.raw",1,255,0,1,1,1,530.115,6187.292,2047124,2047476,0,1940424,1940424,0,12996
"A0356_ew2wb9.raw",1,255,0,1,1,1,496.456,6185.837,2047124,2047476,0,1940424,1940424,0,12996
"A0357_jyzhgd.raw",1,255,0,1,1,1,516.776,6188.916,2047124,2047496,0,1940424,1940424,0,12996
"A0358_azetfv.raw",1,255,0,1,1,1,512.795,6189.462,2047128,2047476,0,1940424,1940424,0,12996
"A0359_pqllv9.raw",1,255,0,1,1,1,547.825,6192.682,2047124,2047476,0,1940424,1940424,0,12996
"A0360_pwtuqo.raw",1,255,0,1,1,1,546.626,6188.016,2047128,2047496,0,1940424,1940424,0,12996
"A0361_cjbzmd.raw",1,255,0,1,1,1,570.535,6183.607,2047124,2047476,0,1940424,1940424,0,12996
"A0362_ogt4km.raw",1,255,0,1,1,1,490.943,6181.173,2047116,2047476,0,1940424,1940424,0,12996
"A0363_njr5v5.raw",1,255,0,1,1,1,490.432,6199.171,2047120,2047496,0,1940424,1940424,0,12996
"A0364_layfgn.raw",1,255,0,1,1,1,500.242,6184.256,2014356,2014708,0,1907656,1907656,0,12996
"A0365_btvcvn.raw",1,255,0,1,1,1,506.182,6192.673,2014356,2014708,0,1907656,1907656,0,12996
"A0366_km2ell.raw",1,255,0,1,1,1,522.416,6197.042,2014356,2014728,0,1907656,1907656,0,12996
"A0367_ruqycj.raw",1,255,0,1,1,1,534.651,6186.160,2014356,2014708,0,1907656,1907656,0,12996
"A0368_bsgs52.raw",1,255,0,1,1,1,521.117,6186.521,2014356,2014708,0,1907656,1907656,0,12996
"A0369_s4pwkw.raw",1,255,0,1,1,1,510.678,6194.441,2014356,2014728,0,1907656,1907656,0,12996
"A0370_wfarv0.raw",1,255,0,1,1,1,502.217,6194.034,2014356,2014708,0,1907656,1907656,0,12996
"A0371_joxrak.raw",1,255,0,1,1,1,668.538,6188.325,2014356,2014708,0,1907656,1907656,0,12996
"A0372_zoohxs.raw",1,255,0,1,1,1,895.606,6186.741,2014356,2014728,0,1907656,1907656,0,12996
"A0373_z41pvo.raw",1,255,0,1,1,1,514.642,6191.605,2014356,2014708,0,1907656,1907656,0,12996
"A0374_r21kou.raw",1,255,0,1,1,1,494.810,6187.423,2014356,2014708,0,1907656,1907656,0,12996
"A0376_thu5jh.raw",1,255,0,1,1,1,495.863,6183.321,2014352,2014728,0,1907656,1907656,0,12996
"A0377_kkzhwn.raw",1,255,0,1,1,1,538.665,6188.038,2014348,2014708,0,1907656,1907656,0,12996
"A0378_wigkro.raw",1,255,0,1,1,1,518.018,6189.447,2014356,2014708,0,1907656,1907656,0,12996
"A0379_hbssm3.raw",1,255,0,1,1,1,542.575,6190.269,2014352,2014728,0,1907656,1907656,0,12996
"A0380_tjsogc.raw",1,255,0,1,1,1,543.282,6180.740,2014360,2014708,0,1907656,1907656,0,12996
"A0381_rm2xed.raw",1,255,0,1,1,1,517.801,6192.243,2014356,2014708,0,1907656,1907656,0,12996
"A0382_s5qt3h.raw",1,255,0,1,1,1,526.440,6188.947,2014356,2014728,0,1907656,1907656,0,12996
"A0383_vvjhh8.raw",1,255,0,1,1,1,492.333,6183.436,2014356,2014708,0,1907656,1907656,0,12996
"A0384_z6tazi.raw",1,255,0,1,1,1,552.032,6186.380,2014356,2014708,0,1907656,1907656,0,12996
"A0385_k1aoy5.raw",1,255,0,1,1,1,517.253,6181.545,2014356,2014728,0,1907656,1907656,0,12996
"A0386_mjlxio.raw",1,255,0,1,1,1,486.913,6182.615,2014356,2014708,0,1907656,1907656,0,12996
"A0387_ynmcl2.raw",1,255,0,1,1,1,583.555,6178.411,2014360,2014708,0,1907656,1907656,0,12996
"A0388_trhvtl.raw",1,255,0,1,1,1,606.296,6186.461,2014356,2014728,0,1907656,1907656,0,12996
"A0389_kemn1f.raw",1,255,0,1,1,1,609.228,6184.275,2014356,2014708,0,1907656,1907656,0,12996
"A0390_hnpat7.raw",1,255,0,1,1,1,608.386,6182.961,2014356,2014708,0,1907656,1907656,0,12996
"A0391_fsubq3.raw",1,255,0,1,1,1,560.531,6188.027,2014348,2014728,0,1907656,1907656,0,12996
"A0392_oc7uwv.raw",1,255,0,1,1,1,592.599,6196.728,2014344,2014708,0,1907656,1907656,0,12996
"A0393_ebtlw8.raw",1,255,0,1,1,1,671.428,6191.682,2014356,2014708,0,1907656,1907656,0,12996
"A0394_pryct3.raw",1,255,0,1,1,1,675.804,6184.037,2014356,2014728,0,1907656,1907656,0,12996
"A0395_pswwpv.raw",1,255,0,1,1,1,565.135,6188.022,2014356,2014708,0,1907656,1907656,0,12996
"A0396_lfswc9.raw",1,255,0,1,1,1,503.363,6189.191,2014356,2014708,0,1907656,1907656,0,12996
"A0397_kfddhc.raw",1,255,0,1,1,1,502.223,6187.145,2014356,2014728,0,1907656,1907656,0,12996
"A0398_vk698p.raw",1,255,0,1,1,1,527.567,6178.575,2014356,2014708,0,1907656,1907656,0,12996
"A0399_rbwika.raw",1,255,0,1,1,1,507.080,6196.054,2014360,2014708,0,1907656,1907656,0,12996
"A0400_eqg00u.raw",1,255,0,1,1,1,493.524,6190.789,2014348,2014728,0,1907656,1907656,0,12996
"A0401_rilc1b.raw",1,255,0,1,1,1,497.217,6185.954,2014356,2014708,0,1907656,1907656,0,12996
"A0402_w0vt9h.raw",1,255,0,1,1,1,535.424,6197.686,2014356,2014708,0,1907656,1907656,0,12996
"A0403_wffqhr.raw",1,255,0,1,1,1,495.803,6196.546,2014356,2014728,0,1907656,1907656,0,12996
"A0404_uzsvg8.raw",1,255,0,1,1,1,485.884,6180.351,2014356,2014708,0,1907656,1907656,0,12996
"A0405_tg9teh.raw",1,255,0,1,1,1,846.537,6171.846,2014356,2014708,0,1907656,1907656,0,12996
"A0406_zflebv.raw",1,255,0,1,1,1,559.648,6186.939,2014356,2014728,0,1907656,1907656,0,12996
"A0407_rbgpmh.raw",1,255,0,1,1,1,573.448,6187.208,2014344,2014708,0,1907656,1907656,0,12996
"A0408_f7y5c6.raw",1,255,0,1,1,1,518.133,6187.806,2014356,2014708,0,1907656,1907656,0,12996
"A0409_e4wdni.raw",1,255,0,1,1,1,547.950,6187.716,2014352,2014728,0,1907656,1907656,0,12996
"A0410_dojvrg.raw",1,255,0,1,1,1,567.898,6195.129,2014344,2014708,0,1907656,1907656,0,12996
"A0411_dfilzh.raw",1,255,0,1,1,1,694.632,6186.023,2014356,2014708,0,1907656,1907656,0,12996
"A0412_n3jvir.raw",1,255,0,1,1,1,561.548,6193.552,2014356,2014708,0,1907656,1907656,0,12996
"A0413_g1j1dn.raw",1,255,0,1,1,1,554.139,6196.704,2014356,2014708,0,1907656,1907656,0,12996
"A0414_lv2t3u.raw",1,255,0,1,1,1,558.248,6191.750,2014356,2014708,0,1907656,1907656,0,12996
"A0415_vah7zi.raw",1,255,0,1,1,1,544.897,6190.755,2014356,2014728,0,1907656,1907656,0,12996
"A0416_scjbfe.raw",1,255,0,1,1,1,553.501,6193.596,2014356,2014708,0,1907656,1907656,0,12996
"A0417_ad97qt.raw",1,255,0,1,1,1,573.031,6191.595,2014356,2014708,0,1907656,1907656,0,12996
"A0418_qs0nro.raw",1,255,0,1,1,1,577.646,6189.475,2014356,2014728,0,1907656,1907656,0,12996
"A0419_ahvcmt.raw",1,255,0,1,1,1,557.346,6188.797,2014356,2014708,0,1907656,1907656,0,12996
"A0420_vsemxf.raw",1,255,0,1,1,1,543.974,6190.095,2014356,2014708,0,1907656,1907656,0,12996
"A0421_keuvyd.raw",1,255,0,1,1,1,573.091,6192.238,2014356,2014728,0,1907656,1907656,0,12996
"A0422_r5hsns.raw",1,255,0,1,1,1,537.163,6183.634,2014356,2014468,0,1907656,1907656,0,12996
"A0423_tvwfxt.raw",1,255,0,1,1,1,565.038,6181.430,2014140,2014256,0,1907656,1907656,0,12996
"A0424_dpdtdp.raw",1,255,0,1,1,1,512.251,6193.808,2013852,2013972,0,1907656,1907656,0,12996
"A0425_zb0vdx.raw",1,255,0,1,1,1,715.392,6193.780,2013640,2013760,0,1907656,1907656,0,12996
"A0426_hddmf6.raw",1,255,0,1,1,1,932.768,6191.596,2013428,2013548,0,1907656,1907656,0,12996
"A0427_crhssy.raw",1,255,0,1,1,1,508.725,6193.526,2013208,2013336,0,1907656,1907656,0,12996
"A0428_xgl8bw.raw",1,255,0,1,1,1,510.024,6196.909,2012996,2013124,0,1907656,1907656,0,12996
"A0429_lrjppg.raw",1,255,0,1,1,1,517.628,6192.985,2012788,2012916,0,1907656,1907656,0,12996
"A0430_iohwav.raw",1,255,0,1,1,1,496.365,6196.484,2012576,2012704,0,1907656,1907656,0,12996
"A0431_oknhqk.raw",1,255,0,1,1,1,474.572,6194.208,2012364,2012492,0,1907656,1907656,0,12996
"A0432_r8uyuf.raw",1,255,0,1,1,1,504.050,6191.421,2012152,2012280,0,1907656,1907656,0,12996
"A0433_ftsb7l.raw",1,255,0,1,1,1,512.390,6190.167,2011940,2012068,0,1907656,1907656,0,12996
"A0434_g58dax.raw",1,255,0,1,1,1,515.496,6196.320,2011728,2011856,0,1907656,1907656,0,12996
"A0435_vs0v09.raw",1,255,0,1,1,1,499.172,6191.423,2011516,2011644,0,1907656,1907656,0,12996
"A0436_rf7nm6.raw",1,255,0,1,1,1,518.199,6190.302,2011316,2011432,0,1907656,1907656,0,12996
"A0437_msxuo6.raw",1,255,0,1,1,1,512.956,6191.775,2011100,2011220,0,1907656,1907656,0,12996
"A0440_ntynus.raw",1,255,0,1,1,1,665.134,6195.385,2010888,2011008,0,1907656,1907656,0,12996
"A0441_v7wwui.raw",1,255,0,1,1,1,547.749,6191.443,2010676,2011008,0,1907656,1907656,0,12996
"A0442_dqkqpe.raw",1,255,0,1,1,1,543.662,6157.795,2010680,2011008,0,1907656,1907656,0,12996
"A0443_nsskxx.raw",1,255,0,1,1,1,661.581,6176.964,2010680,2011008,0,1907656,1907656,0,12996
"A0444_il9w1f.raw",1,255,0,1,1,1,528.187,6194.068,2010508,2011004,0,1907656,1907656,0,12996
"A0445_qwyknw.raw",1,255,0,1,1,1,497.561,6190.540,2010676,2011004,0,1907656,1907656,0,12996
"A0446_acwzym.raw",1,255,0,1,1,1,504.751,6192.214,2010392,2011004,0,1907656,1907656,0,12996
"A0447_ztuewd.raw",1,255,0,1,1,1,603.745,6195.294,2010676,2011004,0,1907656,1907656,0,12996
"A0448_hjoceg.raw",1,255,0,1,1,1,476.183,6188.624,2010676,2011004,0,1907656,1907656,0,12996
"A0449_hchlnu.raw",1,255,0,1,1,1,516.558,6196.155,2010672,2011000,0,1907656,1907656,0,12996
"A0450_r9v6aw.raw",1,255,0,1,1,1,515.881,6191.803,2010668,2011000,0,1907656,1907656,0,12996
"A0451_cjyaqu.raw",1,255,0,1,1,1,511.937,6192.999,2010668,2011000,0,1907656,1907656,0,12996
"A0452_m0ut30.raw",1,255,0,1,1,1,508.603,6191.473,2010664,2011000,0,1907656,1907656,0,12996
"A0453_dvu9kl.raw",1,255,0,1,1,1,524.335,6192.568,2010664,2011000,0,1907656,1907656,0,12996
"A0454_jk4df0.raw",1,255,0,1,1,1,564.524,6194.875,2009024,2011000,0,1907656,1907656,0,12996
"A0455_zaucsk.raw",1,255,0,1,1,1,530.056,6182.511,2010664,2011000,0,1907656,1907656,0,12996
"A0456_q4rdoh.raw",1,255,0,1,1,1,491.323,6196.629,2010664,2011000,0,1907656,1907656,0,12996
"A0457_ygc8fl.raw",1,255,0,1,1,1,518.920,6199.457,2010672,2011000,0,1907656,1907656,0,12996
"A0460_qeqqbx.raw",1,255,0,1,1,1,656.883,6197.952,2010664,2011000,0,1907656,1907656,0,12996
"A0461_vyvota.raw",1,255,0,1,1,1,495.873,6188.463,2010672,2011000,0,1907656,1907656,0,12996
"A0462_tbli0t.raw",1,255,0,1,1,1,494.949,6198.289,2010672,2011000,0,1907656,1907656,0,12996
"A0463_xlxxae.raw",1,255,0,1,1,1,487.082,6193.039,2010672,2011000,0,1907656,1907656,0,12996
"A0464_vlecha.raw",1,255,0,1,1,1,715.528,6193.426,2010672,2011000,0,1907656,1907656,0,12996
"A0465_asowsq.raw",1,255,0,1,1,1,919.986,6193.071,2010672,2011000,0,1907656,1907656,0,12996
"A0466_swkz2f.raw",1,255,0,1,1,1,681.865,6198.042,2010660,2011000,0,1907656,1907656,0,12996
"A0467_kefijj.raw",1,255,0,1,1,1,541.980,6194.313,2010788,2011000,0,1907656,1907656,0,12996
"A0468_xznvsy.raw",1,255,0,1,1,1,537.929,6195.918,2010672,2011004,0,1907656,1907656,0,12996
"A0469_cjnozm.raw",1,255,0,1,1,1,544.400,6201.370,2010676,2011004,0,1907656,1907656,0,12996
"A0470_sr1crp.raw",1,255,0,1,1,1,528.795,6200.799,2010676,2011032,0,1907656,1907656,0,12996
"A0471_vegjb2.raw",1,255,0,1,1,1,586.074,6198.482,2010684,2011216,0,1907656,1907656,0,12996
"A0472_anpbxw.raw",1,255,0,1,1,1,533.966,6197.584,2010892,2011428,0,1907656,1907656,0,12996
"A0473_f0xhxn.raw",1,255,0,1,1,1,617.758,6207.080,2011100,2011668,0,1907656,1907656,0,12996
"A0474_lcgqt3.raw",1,255,0,1,1,1,521.762,6193.034,2011316,2011852,0,1907656,1907656,0,12996
"A0475_izdi4w.raw",1,255,0,1,1,1,562.924,6188.601,2011516,2012064,0,1907656,1907656,0,12996
"A0476_sicood.raw",1,255,0,1,1,1,539.553,6195.597,2011732,2012304,0,1907656,1907656,0,12996
"A0477_hkkbrr.raw",1,255,0,1,1,1,528.523,6205.835,2011940,2012488,0,1907656,1907656,0,12996
"A0478_assip5.raw",1,255,0,1,1,1,475.387,6201.990,2012168,2012700,0,1907656,1907656,0,12996
"A0479_iwl6rk.raw",1,255,0,1,1,1,526.496,6196.415,2012372,2012940,0,1907656,1907656,0,12996
"A0480_d6kou8.raw",1,255,0,1,1,1,526.513,6196.808,2012592,2013124,0,1907656,1907656,0,12996
"A0481_tfxlsp.raw",1,255,0,1,1,1,531.155,6195.922,2012804,2013336,0,1907656,1907656,0,12996
"A0482_qkkfjr.raw",1,255,0,1,1,1,530.399,6192.062,2013008,2013576,0,1907656,1907656,0,12996
"A0483_jknnb3.raw",1,255,0,1,1,1,594.839,6195.389,2013228,2013760,0,1907656,1907656,0,12996
"A0484_bntigi.raw",1,255,0,1,1,1,545.096,6194.319,2013440,2013972,0,1907656,1907656,0,12996
"A0485_xhwwsw.raw",1,255,0,1,1,1,529.897,6195.750,2013632,2014212,0,1907656,1907656,0,12996
"A0486_tpalip.raw",1,255,0,1,1,1,546.235,6199.422,2013864,2014396,0,1907656,1907656,0,12996
"A0487_svmkzb.raw",1,255,0,1,1,1,483.240,6192.965,2014068,2014636,0,1907656,1907656,0,12996
"A0488_n1nhui.raw",1,255,0,1,1,1,490.649,6196.282,2014288,2014656,0,1907656,1907656,0,12996
"A0489_r5fgah.raw",1,255,0,1,1,1,504.158,6185.500,2014280,2014636,0,1907656,1907656,0,12996
"A0490_qgy6rp.raw",1,255,0,1,1,1,503.941,6191.737,2014288,2014636,0,1907656,1907656,0,12996
"A0491_i88loc.raw",1,255,0,1,1,1,555.296,6193.124,2014288,2014656,0,1907656,1907656,0,12996
"A0492_swhvle.raw",1,255,0,1,1,1,463.916,6191.834,2014272,2014636,0,1907656,1907656,0,12996
"A0493_o51twc.raw",1,255,0,1,1,1,491.209,6190.765,2014288,2014636,0,1907656,1907656,0,12996
"A0494_mqhtek.raw",1,255,0,1,1,1,516.453,6193.500,2014288,2014656,0,1907656,1907656,0,12996
"A0495_y2b89h.raw",1,255,0,1,1,1,521.114,6194.223,2014280,2014636,0,1907656,1907656,0,12996
"A0496_vm1dk9.raw",1,255,0,1,1,1,488.442,6186.986,2014280,2014636,0,1907656,1907656,0,12996
"A0497_eamtyq.raw",1,255,0,1,1,1,497.038,6183.462,2014288,2014656,0,1907656,1907656,0,12996
"A0498_lfav63.raw",1,255,0,1,1,1,546.094,6188.608,2014280,2014636,0,1907656,1907656,0,12996
"A0499_xne8pi.raw",1,255,0,1,1,1,503.877,6196.169,2014288,2014636,0,1907656,1907656,0,12996
"A0500_xtopuy.raw",1,255,0,1,1,1,518.758,6201.353,2014280,2014656,0,1907656,1907656,0,12996
"A0501_at6y7x.raw",1,255,0,1,1,1,516.019,6205.896,2014280,2014636,0,1907656,1907656,0,12996
"A0502_p0l3k7.raw",1,255,0,1,1,1,515.728,6192.555,2014288,2014636,0,1907656,1907656,0,12996
"A0503_o9cfdx.raw",1,255,0,1,1,1,544.546,6200.473,2014288,2014656,0,1907656,1907656,0,12996
"A0504_pyua7m.raw",1,255,0,1,1,1,532.321,6193.268,2014280,2014636,0,1907656,1907656,0,12996
"A0505_bbbusp.raw",1,255,0,1,1,1,508.667,6196.968,2014288,2014636,0,1907656,1907656,0,12996
"A0506_kadii0.raw",1,255,0,1,1,1,534.493,6193.772,2014288,2014656,0,1907656,1907656,0,12996
"A0507_pe5hgg.raw",1,255,0,1,1,1,548.868,6190.249,2014280,2014636,0,1907656,1907656,0,12996
"A0508_earveh.raw",1,255,0,1,1,1,603.805,6188.034,2014288,2014636,0,1907656,1907656,0,12996
"A0509_va1ytr.raw",1,255,0,1,1,1,543.408,6199.930,2014288,2014656,0,1907656,1907656,0,12996
"A0510_sidcww.raw",1,255,0,1,1,1,689.649,6188.117,2014280,2014636,0,1907656,1907656,0,12996
"A0511_kamyz0.raw",1,255,0,1,1,1,532.095,6189.889,2014288,2014636,0,1907656,1907656,0,12996
"A0512_yzhvei.raw",1,255,0,1,1,1,520.516,6191.604,2014276,2014656,0,1907656,1907656,0,12996
"A0513_cbwrja.raw",1,255,0,1,1,1,500.057,6198.751,2014280,2014396,0,1907656,1907656,0,12996
"A0514_j9x2cs.raw",1,255,0,1,1,1,565.865,6197.327,2014076,2014184,0,1907656,1907656,0,12996
"A0515_riyszz.raw",1,255,0,1,1,1,515.880,6190.893,2013856,2013972,0,1907656,1907656,0,12996
"A0516_fzplpi.raw",1,255,0,1,1,1,934.285,6198.042,2013644,2013760,0,1907656,1907656,0,12996
"A0517_azl09d.raw",1,255,0,1,1,1,520.037,6193.464,2013428,2013548,0,1907656,1907656,0,12996
"A0518_ouwrq5.raw",1,255,0,1,1,1,529.997,6199.221,2013216,2013336,0,1907656,1907656,0,12996
"A0519_fch6p5.raw",1,255,0,1,1,1,1196.107,6195.495,2013004,2013124,0,1907656,1907656,0,12996
"A0520_wms8t7.raw",1,255,0,1,1,1,1947.643,6200.101,2012796,2012912,0,1907656,1907656,0,12996
"A0521_zrv9be.raw",1,255,0,1,1,1,738.022,6195.259,2012580,2012700,0,1907656,1907656,0,12996
"A0522_sdy6pp.raw",1,255,0,1,1,1,635.420,6203.405,2012488,2012488,0,1907656,1907656,0,12996
"A0523_my3hwa.raw",1,255,0,1,1,1,521.609,6198.599,2012160,2012276,0,1907656,1907656,0,12996
"A0524_eayaz7.raw",1,255,0,1,1,1,510.079,6198.016,2011944,2012064,0,1907656,1907656,0,12996
"A0525_ns7v4d.raw",1,255,0,1,1,1,504.869,6191.990,2011448,2011852,0,1907656,1907656,0,12996
"A0526_vc3lwl.raw",1,255,0,1,1,1,737.571,6195.321,2011520,2011640,0,1907656,1907656,0,12996
"A0527_fukqby.raw",1,255,0,1,1,1,522.628,6200.898,2011308,2011428,0,1907656,1907656,0,12996
"A0528_d5qz3n.raw",1,255,0,1,1,1,745.141,6197.209,2011100,2011216,0,1907656,1907656,0,12996
"A0529_fqs9ek.raw",1,255,0,1,1,1,838.832,6196.902,2010884,2011004,0,1907656,1907656,0,12996
"A0530_ittubu.raw",1,255,0,1,1,1,492.021,6199.898,2010672,2011004,0,1907656,1907656,0,12996
"A0531_rh96q9.raw",1,255,0,1,1,1,472.816,6202.500,2010672,2011004,0,1907656,1907656,0,12996
"A0532_shp5kf.raw",1,255,0,1,1,1,862.261,6189.658,2010676,2011004,0,1907656,1907656,0,12996
"A0533_jgfkhr.raw",1,255,0,1,1,1,521.722,6192.491,2010676,2011004,0,1907656,1907656,0,12996
"A0534_q4vdru.raw",1,255,0,1,1,1,650.150,6197.552,2010676,2011008,0,1907656,1907656,0,12996
"A0535_yeyi8o.raw",1,255,0,1,1,1,501.841,6192.866,2010680,2011008,0,1907656,1907656,0,12996
"A0536_ym5n6g.raw",1,255,0,1,1,1,480.209,6195.403,2010680,2011008,0,1907656,1907656,0,12996
"A0537_dhqjia.raw",1,255,0,1,1,1,500.522,6201.652,2010676,2011004,0,1907656,1907656,0,12996
"A0538_usmtyp.raw",1,255,0,1,1,1,506.382,6199.583,2010676,2011004,0,1907656,1907656,0,12996
"A0539_yjmbql.raw",1,255,0,1,1,1,720.280,6194.982,2010668,2011004,0,1907656,1907656,0,12996
"A0540_nlzdb8.raw",1,255,0,1,1,1,532.855,6154.748,2010676,2011004,0,1907656,1907656,0,12996
"A0541_yaxz8u.raw",1,255,0,1,1,1,685.889,6162.561,2010668,2011004,0,1907656,1907656,0,12996
"A0542_gd2z73.raw",1,255,0,1,1,1,516.381,6155.156,2010680,2011004,0,1907656,1907656,0,12996
"A0543_zbw18s.raw",1,255,0,1,1,1,633.817,6151.659,2010668,2011004,0,1907656,1907656,0,12996
"A0544_ii5kta.raw",1,255,0,1,1,1,526.021,6154.560,2010676,2011004,0,1907656,1907656,0,12996
"A0545_nnauux.raw",1,255,0,1,1,1,537.307,6152.620,2010668,2011004,0,1907656,1907656,0,12996
"A0546_l4sstw.raw",1,255,0,1,1,1,505.289,6138.636,2010672,2011004,0,1907656,1907656,0,12996
"A0547_urqdkk.raw",1,255,0,1,1,1,537.129,6138.878,2010668,2011004,0,1907656,1907656,0,12996
"A0548_oebfwb.raw",1,255,0,1,1,1,574.485,6141.442,2010664,2011004,0,1907656,1907656,0,12996
"A0549_foic2s.raw",1,255,0,1,1,1,654.811,6137.765,2010676,2011004,0,1907656,1907656,0,12996
"A0550_lv0l9j.raw",1,255,0,1,1,1,497.216,6153.762,2010676,2011004,0,1907656,1907656,0,12996
"A0551_wvilcl.raw",1,255,0,1,1,1,512.532,6141.783,2010400,2011004,0,1907656,1907656,0,12996
"A0552_akjoqp.raw",1,255,0,1,1,1,521.457,6147.523,2010424,2011004,0,1907656,1907656,0,12996
"A0553_htgzxm.raw",1,255,0,1,1,1,485.744,6150.982,2010396,2011004,0,1907656,1907656,0,12996
"A0554_i4prpo.raw",1,255,0,1,1,1,486.994,6152.310,2010676,2011004,0,1907656,1907656,0,12996
"A0555_isv0te.raw",1,255,0,1,1,1,714.053,6138.021,2010684,2011004,0,1907656,1907656,0,12996
"A0556_faycyw.raw",1,255,0,1,1,1,698.208,6148.704,2010672,2011032,0,1907656,1907656,0,12996
"A0557_atmlcs.raw",1,255,0,1,1,1,692.842,6143.169,2010672,2011004,0,1907656,1907656,0,12996
"A0558_i0cs51.raw",1,255,0,1,1,1,527.018,6152.494,2010684,2011004,0,1907656,1907656,0,12996
"A0559_spqliz.raw",1,255,0,1,1,1,483.684,6147.862,2010672,2011004,0,1907656,1907656,0,12996
"A0560_dwktsk.raw",1,255,0,1,1,1,486.699,6138.273,2010664,2011004,0,1907656,1907656,0,12996
"A0561_i9r032.raw",1,255,0,1,1,1,493.791,6139.411,2010672,2011004,0,1907656,1907656,0,12996
"A0562_ei6oeg.raw",1,255,0,1,1,1,505.181,6136.040,2010676,2011004,0,1907656,1907656,0,12996
"A0563_knj4me.raw",1,255,0,1,1,1,870.180,6145.347,2010672,2011004,0,1907656,1907656,0,12996
"A0564_evwdra.raw",1,255,0,1,1,1,528.704,6144.721,2010668,2011004,0,1907656,1907656,0,12996
"A0565_dbksyo.raw",1,255,0,1,1,1,515.883,6146.220,2010672,2011004,0,1907656,1907656,0,12996
"A0566_sn7wu2.raw",1,255,0,1,1,1,508.691,6136.510,2010672,2011004,0,1907656,1907656,0,12996
"A0567_jnanrf.raw",1,255,0,1,1,1,505.205,6144.921,2010664,2011004,0,1907656,1907656,0,12996
"A0568_s9glwg.raw",1,255,0,1,1,1,491.518,6147.607,2010684,2011004,0,1907656,1907656,0,12996
"A0569_e1vypc.raw",1,255,0,1,1,1,483.293,6144.487,2010680,2011004,0,1907656,1907656,0,12996
"A0570_fxtrl3.raw",1,255,0,1,1,1,482.461,6136.595,2010672,2010792,0,1907656,1907656,0,12996
"A0571_sief6k.raw",1,255,0,1,1,1,695.615,6137.078,2010672,2011004,0,1907656,1907656,0,12996
"A0572_v03ba8.raw",1,255,0,1,1,1,500.990,6142.306,2010676,2010792,0,1907656,1907656,0,12996
"A0573_xqffl5.raw",1,255,0,1,1,1,499.097,6147.822,2010664,2011004,0,1907656,1907656,0,12996
"A0574_lbz9zz.raw",1,255,0,1,1,1,590.337,6134.046,2010660,2010792,0,1907656,1907656,0,12996
"A0575_vpxnsv.raw",1,255,0,1,1,1,486.179,6143.421,2010672,2011004,0,1907656,1907656,0,12996
"A0576_hcjuac.raw",1,255,0,1,1,1,498.294,6134.105,2010676,2010792,0,1907656,1907656,0,12996
"A0577_cdkzzx.raw",1,255,0,1,1,1,507.262,6140.736,2010676,2010792,0,1907656,1907656,0,12996
"A0578_on2wmu.raw",1,255,0,1,1,1,683.641,6140.025,2010680,2011004,0,1907656,1907656,0,12996
"A0579_chs7nw.raw",1,255,0,1,1,1,693.941,6143.589,2010672,2011004,0,1907656,1907656,0,12996
"A0580_ynnbef.raw",1,255,0,1,1,1,494.395,6142.774,2010676,2010792,0,1907656,1907656,0,12996
"A0581_h5l9cs.raw",1,255,0,1,1,1,700.704,6139.734,2010676,2011004,0,1907656,1907656,0,12996
"A0582_bqjsii.raw",1,255,0,1,1,1,487.350,6132.215,2010676,2010792,0,1907656,1907656,0,12996
"A0583_mplo71.raw",1,255,0,1,1,1,914.653,6145.207,2010664,2011004,0,1907656,1907656,0,12996
"A0584_iwfs4b.raw",1,255,0,1,1,1,497.889,6148.792,2010672,2011004,0,1907656,1907656,0,12996
"A0585_menq9v.raw",1,255,0,1,1,1,676.598,6145.669,2010668,2010996,0,1907656,1907656,0,12996
"A0586_fg0wng.raw",1,255,0,1,1,1,701.652,6145.530,2010668,2010996,0,1907656,1907656,0,12996
"A0587_momwkg.raw",1,255,0,1,1,1,700.906,6141.312,2010664,2010996,0,1907656,1907656,0,12996
"A0588_n4dijx.raw",1,255,0,1,1,1,682.845,6153.745,2010660,2010996,0,1907656,1907656,0,12996
"A0589_xjzlbe.raw",1,255,0,1,1,1,1020.862,6147.298,2010668,2010996,0,1907656,1907656,0,12996
"A0590_i27ewf.raw",1,255,0,1,1,1,483.842,6148.503,2010668,2011004,0,1907656,1907656,0,12996
"A0591_ki5rd1.raw",1,255,0,1,1,1,513.467,6140.026,2010668,2011004,0,1907656,1907656,0,12996
"A0592_rgvqpl.raw",1,255,0,1,1,1,537.797,6140.283,2008940,2011004,0,1907656,1907656,0,12996
"A0593_sxuxxl.raw",1,255,0,1,1,1,514.171,6142.442,2010676,2011004,0,1907656,1907656,0,12996
"A0594_p078ft.raw",1,255,0,1,1,1,548.199,6146.327,2010676,2011004,0,1907656,1907656,0,12996
"A0595_zetnpm.raw",1,255,0,1,1,1,1040.176,6141.083,2010668,2011004,0,1907656,1907656,0,12996
"A0596_qie1ae.raw",1,255,0,1,1,1,900.572,6144.113,2010672,2011004,0,1907656,1907656,0,12996
"A0597_rdg7tz.raw",1,255,0,1,1,1,508.270,6143.760,2010668,2011004,0,1907656,1907656,0,12996
"A0598_b1pg6g.raw",1,255,0,1,1,1,532.608,6138.511,2010676,2011004,0,1907656,1907656,0,12996
"A0599_lyhlth.raw",1,255,0,1,1,1,733.166,6149.679,2010672,2010996,0,1907656,1907656,0,12996
"A0600_nkp0p3.raw",1,255,0,1,1,1,478.420,6141.808,2010668,2010996,0,1907656,1907656,0,12996
"A0601_i7vyaq.raw",1,255,0,1,1,1,699.630,6136.623,2010664,2011024,0,1907656,1907656,0,12996
"A0602_mpdwwr.raw",1,255,0,1,1,1,523.387,6138.472,2010676,2011004,0,1907656,1907656,0,12996
"A0603_lp2rah.raw",1,255,0,1,1,1,877.906,6140.907,2010684,2011004,0,1907656,1907656,0,12996
"A0604_aejyfi.raw",1,255,0,1,1,1,488.184,6146.607,2010676,2011004,0,1907656,1907656,0,12996
"A0605_nsdrki.raw",1,255,0,1,1,1,707.405,6141.267,2010672,2011004,0,1907656,1907656,0,12996
"A0606_sjc7jq.raw",1,255,0,1,1,1,685.146,6144.296,2010668,2011008,0,1907656,1907656,0,12996
"A0607_ok4fm3.raw",1,255,0,1,1,1,490.687,6144.057,2010676,2011008,0,1907656,1907656,0,12996
"A0608_aufur4.raw",1,255,0,1,1,1,734.800,6141.438,2010676,2011008,0,1907656,1907656,0,12996
"A0609_tscimb.raw",1,255,0,1,1,1,1083.262,6152.150,2010680,2011008,0,1907656,1907656,0,12996
"A0610_fz7qvg.raw",1,255,0,1,1,1,1077.189,6144.455,2010680,2011008,0,1907656,1907656,0,12996
"A0611_sn0dis.raw",1,255,0,1,1,1,562.237,6141.984,2010680,2011008,0,1907656,1907656,0,12996
"A0612_ty02k6.raw",1,255,0,1,1,1,554.070,6150.673,2010680,2011008,0,1907656,1907656,0,12996
"A0613_kds5wx.raw",1,255,0,1,1,1,516.411,6143.055,2010680,2011008,0,1907656,1907656,0,12996
"A0614_ryniaw.raw",1,255,0,1,1,1,567.601,6140.812,2010680,2011008,0,1907656,1907656,0,12996
"A0615_tp31h9.raw",1,255,0,1,1,1,540.570,6147.149,2010668,2011008,0,1907656,1907656,0,12996
"A0616_ly3kod.raw",1,255,0,1,1,1,1122.330,6134.855,2010676,2011008,0,1907656,1907656,0,12996
"A0617_hnhxyx.raw",1,255,0,1,1,1,495.002,6155.818,2010680,2011008,0,1907656,1907656,0,12996
"A0618_obxrip.raw",1,255,0,1,1,1,885.133,6137.574,2010680,2011008,0,1907656,1907656,0,12996
"A0619_nohwmg.raw",1,255,0,1,1,1,495.101,6144.390,2010676,2011008,0,1907656,1907656,0,12996
"A0620_jkbrxh.raw",1,255,0,1,1,1,698.050,6151.806,2010680,2011008,0,1907656,1907656,0,12996
"A0621_plfsth.raw",1,255,0,1,1,1,681.116,6153.922,2010680,2011008,0,1907656,1907656,0,12996
"A0622_qqipcw.raw",1,255,0,1,1,1,480.713,6144.097,2010680,2011008,0,1907656,1907656,0,12996
"A0623_gcouvg.raw",1,255,0,1,1,1,696.331,6141.327,2010684,2011004,0,1907656,1907656,0,12996
"A0624_itvr4o.raw",1,255,0,1,1,1,497.259,6143.858,2010684,2011004,0,1907656,1907656,0,12996
"A0625_ociik5.raw",1,255,0,1,1,1,494.503,6141.600,2010676,2011004,0,1907656,1907656,0,12996
"A0626_tiou4h.raw",1,255,0,1,1,1,492.115,6149.162,2010676,2011004,0,1907656,1907656,0,12996
"A0627_g9kvwn.raw",1,255,0,1,1,1,498.485,6144.363,2010672,2011008,0,1907656,1907656,0,12996
"A0628_m5syea.raw",1,255,0,1,1,1,684.676,6139.028,2010680,2011012,0,1907656,1907656,0,12996
"A0629_rewfuc.raw",1,255,0,1,1,1,484.030,6147.949,2010680,2011012,0,1907656,1907656,0,12996
"A0630_zkjwlp.raw",1,255,0,1,1,1,1016.346,6144.394,2010684,2011012,0,1907656,1907656,0,12996
"A0631_qesp0w.raw",1,255,0,1,1,1,674.964,6133.536,2010672,2011012,0,1907656,1907656,0,12996
"A0632_xb5z2u.raw",1,255,0,1,1,1,507.050,6160.758,2010684,2011012,0,1907656,1907656,0,12996
"A0633_wirreq.raw",1,255,0,1,1,1,510.541,6153.837,2010684,2011012,0,1907656,1907656,0,12996
"A0634_efv4ae.raw",1,255,0,1,1,1,940.457,6181.537,2010676,2011012,0,1907656,1907656,0,12964
"A0635_sk2sjl.raw",1,255,0,1,1,1,532.862,6184.598,2010684,2011012,0,1907656,1907656,0,12964
"A0636_qtd8mb.raw",1,255,0,1,1,1,678.274,6190.942,2010684,2011012,0,1907656,1907656,0,12964
"A0637_uoilmo.raw",1,255,0,1,1,1,758.111,6190.524,2010680,2011012,0,1907656,1907656,0,12964
"A0638_nwwze3.raw",1,255,0,1,1,1,636.474,6183.581,2010392,2011012,0,1907656,1907656,0,12964
"A0639_wgyyoo.raw",1,255,0,1,1,1,481.237,6179.056,2010380,2011012,0,1907656,1907656,0,12964
"A0640_dgyjq1.raw",1,255,0,1,1,1,736.929,6182.293,2010676,2011012,0,1907656,1907656,0,12964
"A0641_xqdfff.raw",1,255,0,1,1,1,959.620,6188.309,2010684,2011012,0,1907656,1907656,0,12964
"A0642_g7rx9w.raw",1,255,0,1,1,1,539.839,6171.739,2010684,2011032,0,1907656,1907656,0,12964
"A0643_lrgckf.raw",1,255,0,1,1,1,687.722,6175.265,2010680,2011012,0,1907656,1907656,0,12964
"A0644_remdtu.raw",1,255,0,1,1,1,754.178,6178.647,2010684,2011012,0,1907656,1907656,0,12964
"A0645_un8xfo.raw",1,255,0,1,1,1,964.464,6173.940,2010668,2011004,0,1907656,1907656,0,12964
"A0646_r1e5ug.raw",1,255,0,1,1,1,529.956,6179.713,2010676,2011004,0,1907656,1907656,0,12964
"A0647_ttzxf3.raw",1,255,0,1,1,1,496.722,6177.377,2010680,2011004,0,1907656,1907656,0,12964
"A0648_vuew7a.raw",1,255,0,1,1,1,509.023,6187.605,2010676,2011004,0,1907656,1907656,0,12964
"A0649_sv5gou.raw",1,255,0,1,1,1,495.089,6174.389,2010664,2011004,0,1907656,1907656,0,12964
"A0650_jrwr6j.raw",1,255,0,1,1,1,515.053,6183.632,2010672,2011004,0,1907656,1907656,0,12964
"A0651_vhn4py.raw",1,255,0,1,1,1,702.189,6183.741,2010676,2011004,0,1907656,1907656,0,12964
"A0652_esu1qq.raw",1,255,0,1,1,1,670.368,6178.243,2010676,2011004,0,1907656,1907656,0,12964
"A0653_ztnaae.raw",1,255,0,1,1,1,515.887,6176.756,2010668,2011004,0,1907656,1907656,0,12964
"A0654_urtqrl.raw",1,255,0,1,1,1,684.400,6185.208,2010668,2011004,0,1907656,1907656,0,12964
"A0655_shsfbu.raw",1,255,0,1,1,1,528.185,6185.325,2010676,2011004,0,1907656,1907656,0,12964
"A0656_befkeu.raw",1,255,0,1,1,1,681.327,6183.734,2010676,2011004,0,1907656,1907656,0,12964
"A0657_oy1eha.raw",1,255,0,1,1,1,579.237,6175.574,2010676,2011008,0,1907656,1907656,0,12964
"A0658_j94z9v.raw",1,255,0,1,1,1,737.635,6184.524,2010680,2011008,0,1907656,1907656,0,12964
"A0659_ukpcdr.raw",1,255,0,1,1,1,530.328,6176.856,2010796,2011008,0,1907656,1907656,0,12964
"A0660_i5c5ro.raw",1,255,0,1,1,1,701.071,6179.323,2010680,2011008,0,1907656,1907656,0,12964
"A0661_ewykqr.raw",1,255,0,1,1,1,645.878,6186.570,2010668,2011004,0,1907656,1907656,0,12964
"A0662_pypp3w.raw",1,255,0,1,1,1,497.446,6186.262,2010672,2011000,0,1907656,1907656,0,12964
"A0663_aceitj.raw",1,255,0,1,1,1,490.420,6188.309,2010380,2011000,0,1907656,1907656,0,12964
"A0664_pxrqel.raw",1,255,0,1,1,1,496.195,6185.065,2010664,2011000,0,1907656,1907656,0,12964
"A0665_y38dxs.raw",1,255,0,1,1,1,727.651,6188.470,2010672,2011000,0,1907656,1907656,0,12964
"A0666_pnaj6a.raw",1,255,0,1,1,1,510.808,6193.442,2010672,2011000,0,1907656,1907656,0,12964
"A0667_siwrct.raw",1,255,0,1,1,1,518.878,6179.437,2010672,2011000,0,1907656,1907656,0,12964
"A0668_x3c59z.raw",1,255,0,1,1,1,539.558,6188.129,2010672,2010996,0,1907656,1907656,0,12964
"A0669_c7prb5.raw",1,255,0,1,1,1,495.998,6195.401,2010660,2010996,0,1907656,1907656,0,12964
"A0670_sga8io.raw",1,255,0,1,1,1,636.166,6181.817,2010668,2010996,0,1907656,1907656,0,12964
"A0671_msnxzl.raw",1,255,0,1,1,1,778.199,6183.089,2010668,2010996,0,1907656,1907656,0,12964
"A0672_ctojhv.raw",1,255,0,1,1,1,2628.995,6190.449,2010664,2010996,0,1907656,1907656,0,12964
"A0673_rba4g5.raw",1,255,0,1,1,1,550.964,6186.415,2010668,2010996,0,1907656,1907656,0,12964
"A0674_l7jonk.raw",1,255,0,1,1,1,1024.599,6193.014,2010664,2010996,0,1907656,1907656,0,12964
"A0675_iw97ln.raw",1,255,0,1,1,1,531.814,6184.843,2010664,2010996,0,1907656,1907656,0,12964
"A0676_pn5y4b.raw",1,255,0,1,1,1,662.245,6192.258,2010664,2010996,0,1907656,1907656,0,12964
"A0677_tkqlzq.raw",1,255,0,1,1,1,529.772,6185.261,2010664,2010996,0,1907656,1907656,0,12964
"A0678_pycwhr.raw",1,255,0,1,1,1,661.166,6187.816,2010664,2011000,0,1907656,1907656,0,12964
"A0679_qvognb.raw",1,255,0,1,1,1,528.136,6187.721,2010664,2011004,0,1907656,1907656,0,12964
"A0680_uaqgt7.raw",1,255,0,1,1,1,978.148,6189.596,2010676,2011004,0,1907656,1907656,0,12964
"A0681_ekf6ej.raw",1,255,0,1,1,1,645.524,6184.580,2010676,2011004,0,1907656,1907656,0,12964
"A0682_bee18y.raw",1,255,0,1,1,1,654.396,6182.691,2010676,2011032,0,1907656,1907656,0,12964
"A0683_szqrai.raw",1,255,0,1,1,1,497.975,6173.844,2010680,2011004,0,1907656,1907656,0,12964
"A0684_tcjrco.raw",1,255,0,1,1,1,625.869,6183.344,2010672,2011004,0,1907656,1907656,0,12964
"A0685_tfz1ay.raw",1,255,0,1,1,1,646.697,6195.551,2010676,2011004,0,1907656,1907656,0,12964
"A0686_mxyzkg.raw",1,255,0,1,1,1,670.081,6180.307,2010676,2011004,0,1907656,1907656,0,12964
"A0687_dotstg.raw",1,255,0,1,1,1,501.530,6187.429,2010672,2011004,0,1907656,1907656,0,12964
"A0688_lkidhn.raw",1,255,0,1,1,1,553.829,6181.576,2010672,2011004,0,1907656,1907656,0,12964
"A0689_ecg8rq.raw",1,255,0,1,1,1,488.197,6193.256,2010672,2011004,0,1907656,1907656,0,12964
"A0690_fp6cif.raw",1,255,0,1,1,1,497.112,6179.065,2010676,2011004,0,1907656,1907656,0,12964
"A0691_lu7vv3.raw",1,255,0,1,1,1,697.363,6188.874,2010676,2011004,0,1907656,1907656,0,12964
"A0692_frjo2c.raw",1,255,0,1,1,1,504.159,6181.614,2010672,2011004,0,1907656,1907656,0,12964
"A0693_btuo7s.raw",1,255,0,1,1,1,905.841,6174.560,2010676,2011004,0,1907656,1907656,0,12964
"A0694_atxruj.raw",1,255,0,1,1,1,483.382,6166.883,2010668,2011000,0,1907656,1907656,0,12964
"A0695_hrkksx.raw",1,255,0,1,1,1,947.916,6170.737,2010668,2011000,0,1907656,1907656,0,12964
"A0696_ljtnbr.raw",1,255,0,1,1,1,513.200,6169.881,2009028,2011000,0,1907656,1907656,0,12964
"A0697_a8houf.raw",1,255,0,1,1,1,483.975,6163.471,2010672,2011000,0,1907656,1907656,0,12964
"A0698_yqtdye.raw",1,255,0,1,1,1,512.478,6166.615,2010376,2011000,0,1907656,1907656,0,12964
"A0699_c5ntrp.raw",1,255,0,1,1,1,527.213,6161.993,2010384,2011000,0,1907656,1907656,0,12964
"A0700_yzn9kl.raw",1,255,0,1,1,1,710.007,6169.774,2010672,2011000,0,1907656,1907656,0,12964
"A0701_v1ki5d.raw",1,255,0,1,1,1,670.625,6167.975,2010672,2011000,0,1907656,1907656,0,12964
"A0702_hstgbe.raw",1,255,0,1,1,1,985.907,6171.966,2010668,2011000,0,1907656,1907656,0,12964
"A0703_mbaedx.raw",1,255,0,1,1,1,524.633,6160.682,2010664,2011000,0,1907656,1907656,0,12964
"A0704_k5if1t.raw",1,255,0,1,1,1,558.080,6168.371,2010668,2011000,0,1907656,1907656,0,12964
"A0705_ydwgpw.raw",1,255,0,1,1,1,504.253,6182.904,2010664,2011000,0,1907656,1907656,0,12964
"A0706_agsphd.raw",1,255,0,1,1,1,515.215,6180.150,2010384,2011028,0,1907656,1907656,0,12964
"A0707_wbtmo0.raw",1,255,0,1,1,1,498.258,6169.371,2010680,2011212,0,1907656,1907656,0,12964
"A0708_pdxciv.raw",1,255,0,1,1,1,476.037,6168.713,2010888,2011424,0,1907656,1907656,0,12964
"A0709_zo25jz.raw",1,255,0,1,1,1,546.563,6179.438,2011096,2011664,0,1907656,1907656,0,12964
"A0710_qsdnmb.raw",1,255,0,1,1,1,538.837,6164.895,2011308,2011848,0,1907656,1907656,0,12964
"A0711_eao2r7.raw",1,255,0,1,1,1,534.882,6177.844,2011520,2012064,0,1907656,1907656,0,12964
"A0712_fkstvf.raw",1,255,0,1,1,1,498.411,6167.448,2011736,2012304,0,1907656,1907656,0,12964
"A0713_p604zz.raw",1,255,0,1,1,1,494.548,6170.071,2011956,2012488,0,1907656,1907656,0,12964
"A0714_th7vbn.raw",1,255,0,1,1,1,507.638,6173.357,2012164,2012700,0,1907656,1907656,0,12964
"A0715_arhy7w.raw",1,255,0,1,1,1,508.394,6170.602,2012372,2012940,0,1907656,1907656,0,12964
"A0716_qfyl1a.raw",1,255,0,1,1,1,532.474,6174.562,2012592,2013124,0,1907656,1907656,0,12964
"A0717_tmb9mj.raw",1,255,0,1,1,1,524.640,6166.852,2012796,2013336,0,1907656,1907656,0,12964
"A0718_w9cpn2.raw",1,255,0,1,1,1,512.559,6164.481,2013004,2013576,0,1907656,1907656,0,12964
"A0719_codgmh.raw",1,255,0,1,1,1,504.390,6174.358,2013228,2013760,0,1907656,1907656,0,12964
"A0720_t0hofq.raw",1,255,0,1,1,1,760.760,6184.003,2013436,2013972,0,1907656,1907656,0,12964
"A0721_sx9kqm.raw",1,255,0,1,1,1,652.243,6179.238,2013640,2014212,0,1907656,1907656,0,12964
"A0722_zs38xf.raw",1,255,0,1,1,1,511.900,6171.259,2013864,2014396,0,1907656,1907656,0,12964
"A0723_lfvpxj.raw",1,255,0,1,1,1,511.639,6166.636,2014064,2014628,0,1907656,1907656,0,12964
"A0724_w1gcov.raw",1,255,0,1,1,1,481.291,6171.828,2014280,2014656,0,1907656,1907656,0,12964
"A0725_jgx9al.raw",1,255,0,1,1,1,523.653,6158.393,1948744,1949100,0,1842120,1842120,0,12964
"A0726_cwzhr6.raw",1,255,0,1,1,1,565.313,6175.041,1948744,1949100,0,1842120,1842120,0,12964
"A0727_ziohsv.raw",1,255,0,1,1,1,586.364,6168.309,1948752,1949120,0,1842120,1842120,0,12964
"A0728_mo46nf.raw",1,255,0,1,1,1,545.297,6162.036,1948744,1949100,0,1842120,1842120,0,12964
"A0729_neyan5.raw",1,255,0,1,1,1,654.502,6177.528,1948752,1949100,0,1842120,1842120,0,12964
"A0730_cqwiwg.raw",1,255,0,1,1,1,559.269,6172.025,1948752,1949120,0,1842120,1842120,0,12964
"A0731_uhkr2d.raw",1,255,0,1,1,1,555.365,6168.448,1948744,1949100,0,1842120,1842120,0,12964
"A0732_cluebf.raw",1,255,0,1,1,1,530.423,6170.040,1948744,1949100,0,1842120,1842120,0,12964
"A0733_tozvut.raw",1,255,0,1,1,1,542.595,6172.719,1948752,1949120,0,1842120,1842120,0,12964
"A0734_zrfaqr.raw",1,255,0,1,1,1,705.589,6169.475,1948744,1948860,0,1842120,1842120,0,12964
"A0735_i6jg2b.raw",1,255,0,1,1,1,525.840,6170.706,1948540,1948648,0,1842120,1842120,0,12964
"A0736_quqpgm.raw",1,255,0,1,1,1,498.902,6169.372,1948320,1948436,0,1842120,1842120,0,12964
"A0737_ahipjn.raw",1,255,0,1,1,1,542.778,6160.077,1947816,1948224,0,1842120,1842120,0,12964
"A0738_bv3jys.raw",1,255,0,1,1,1,742.657,6172.903,1947892,1948012,0,1842120,1842120,0,12964
"A0739_ayrmtw.raw",1,255,0,1,1,1,937.395,6173.194,1947680,1947800,0,1842120,1842120,0,12964
"A0740_af8mbp.raw",1,255,0,1,1,1,493.785,6172.329,1947468,1947588,0,1842120,1842120,0,12964
"A0741_v5un76.raw",1,255,0,1,1,1,512.635,6169.319,1947260,1947376,0,1842120,1842120,0,12964
"A0742_jvuzp7.raw",1,255,0,1,1,1,501.511,6169.719,1947044,1947164,0,1842120,1842120,0,12964
"A0743_b7akht.raw",1,255,0,1,1,1,494.400,6170.813,1946832,1946952,0,1842120,1842120,0,12964
"A0744_y2fd2p.raw",1,255,0,1,1,1,498.231,6169.616,1946620,1946740,0,1842120,1842120,0,12964
"A0745_ldzhkv.raw",1,255,0,1,1,1,491.556,6179.040,1946408,1946528,0,1842120,1842120,0,12964
"A0746_gqwpws.raw",1,255,0,1,1,1,489.215,6172.993,1946196,1946316,0,1842120,1842120,0,12964
"A0747_ezfdnk.raw",1,255,0,1,1,1,708.127,6168.320,1945984,1946104,0,1842120,1842120,0,12964
"A0748_wzqehg.raw",1,255,0,1,1,1,490.421,6169.347,1945776,1945892,0,1842120,1842120,0,12964
"A0749_vgsiah.raw",1,255,0,1,1,1,504.887,6162.096,1945564,1945680,0,1842120,1842120,0,12964
"A0750_bpxh1s.raw",1,255,0,1,1,1,510.835,6175.591,1945348,1945468,0,1842120,1842120,0,12964
"A0751_tap7c8.raw",1,255,0,1,1,1,516.695,6175.458,1945136,1945468,0,1842120,1842120,0,12964
"A0752_dzsxgl.raw",1,255,0,1,1,1,498.609,6170.770,1945132,1945468,0,1842120,1842120,0,12964
"A0753_qxijro.raw",1,255,0,1,1,1,478.657,6179.366,1945140,1945468,0,1842120,1842120,0,12964
"A0754_ivnsif.raw",1,255,0,1,1,1,645.711,6177.397,1945136,1945468,0,1842120,1842120,0,12964
"A0755_pmnbme.raw",1,255,0,1,1,1,527.348,6173.915,1945140,1945468,0,1842120,1842120,0,12964
"A0756_elnhgh.raw",1,255,0,1,1,1,501.275,6163.138,1945136,1945256,0,1842120,1842120,0,12964
"A0757_ulqvah.raw",1,255,0,1,1,1,666.266,6167.258,1945136,1945468,0,1842120,1842120,0,12964
"A0758_nvc3n3.raw",1,255,0,1,1,1,876.635,6170.479,1945144,1945468,0,1842120,1842120,0,12964
"A0759_mp4ucz.raw",1,255,0,1,1,1,668.757,6181.269,1945136,1945468,0,1842120,1842120,0,12964
"A0760_pwodmg.raw",1,255,0,1,1,1,502.424,6172.269,1945140,1945468,0,1842120,1842120,0,12964
"A0761_gktx9g.raw",1,255,0,1,1,1,501.084,6172.115,1945132,1945468,0,1842120,1842120,0,12964
"A0762_mhfrja.raw",1,255,0,1,1,1,486.845,6168.081,1945140,1945468,0,1842120,1842120,0,12964
"A0763_kz7nwg.raw",1,255,0,1,1,1,512.836,6168.575,1945132,1945468,0,1842120,1842120,0,12964
"A0764_lxm0zi.raw",1,255,0,1,1,1,511.992,6172.792,1945140,1945468,0,1842120,1842120,0,12964
"A0765_hb6vpl.raw",1,255,0,1,1,1,962.609,6176.737,1945132,1945468,0,1842120,1842120,0,12964
"A0766_gdqm08.raw",1,255,0,1,1,1,512.946,6171.321,1945140,1945468,0,1842120,1842120,0,12964
"A0767_c4eudg.raw",1,255,0,1,1,1,525.444,6175.745,1945140,1945468,0,1842120,1842120,0,12964
"A0768_z8pnck.raw",1,255,0,1,1,1,538.607,6174.761,1945136,1945468,0,1842120,1842120,0,12964
"A0769_t2p9wf.raw",1,255,0,1,1,1,496.800,6172.843,1945140,1945472,0,1842120,1842120,0,12964
"A0770_qc16xw.raw",1,255,0,1,1,1,740.944,6182.763,1945144,1945472,0,1842120,1842120,0,12964
"A0771_lteyd8.raw",1,255,0,1,1,1,1063.377,6181.090,1945144,1945472,0,1842120,1842120,0,12964
"A0772_hisnqq.raw",1,255,0,1,1,1,511.234,6195.064,1945144,1945472,0,1842120,1842120,0,12964
"A0773_pe60gn.raw",1,255,0,1,1,1,1090.371,6200.832,1945144,1945472,0,1842120,1842120,0,12964
"A0774_gfy44o.raw",1,255,0,1,1,1,1164.694,6201.024,1945144,1945472,0,1842120,1842120,0,12964
"A0775_kd4cr3.raw",1,255,0,1,1,1,1146.577,6199.704,1945132,1945472,0,1842120,1842120,0,12964
"A0776_sepafz.raw",1,255,0,1,1,1,490.937,6196.917,1945132,1945472,0,1842120,1842120,0,12964
"A0777_yegzuc.raw",1,255,0,1,1,1,697.089,6208.809,1945132,1945496,0,1842120,1842120,0,12964
"A0778_tvv5oo.raw",1,255,0,1,1,1,509.756,6202.911,1945148,1945472,0,1842120,1842120,0,12964
"A0779_lvwafk.raw",1,255,0,1,1,1,491.012,6195.238,1945136,1945472,0,1842120,1842120,0,12964
"A0780_oyqtpe.raw",1,255,0,1,1,1,692.498,6201.541,1945144,1945472,0,1842120,1842120,0,12964
"A0781_jmchun.raw",1,255,0,1,1,1,513.588,6202.787,1945144,1945496,0,1842120,1842120,0,12964
"A0782_anecaj.raw",1,255,0,1,1,1,649.215,6197.401,1945140,1945468,0,1842120,1842120,0,12964
"A0783_j769tq.raw",1,255,0,1,1,1,492.379,6202.412,1945132,1945468,0,1842120,1842120,0,12964
"A0784_abqfgd.raw",1,255,0,1,1,1,680.743,6202.068,1945132,1945472,0,1842120,1842120,0,12964
"A0785_c6yplw.raw",1,255,0,1,1,1,672.560,6199.714,1945144,1945496,0,1842120,1842120,0,12964
"A0786_hz3ruq.raw",1,255,0,1,1,1,493.654,6205.086,1945128,1945472,0,1842120,1842120,0,12964
"A0787_xygfgg.raw",1,255,0,1,1,1,1063.453,6201.603,1945144,1945472,0,1842120,1842120,0,12964
"A0788_yjwwxm.raw",1,255,0,1,1,1,515.198,6200.175,1945136,1945472,0,1842120,1842120,0,12964
"A0789_wrmiqn.raw",1,255,0,1,1,1,701.738,6190.479,1943380,1945496,0,1842120,1842120,0,12964
"A0790_ffjth8.raw",1,255,0,1,1,1,1018.830,6196.549,1945148,1945468,0,1842120,1842120,0,12964
"A0791_rwkksd.raw",1,255,0,1,1,1,737.004,6202.970,1945128,1945468,0,1842120,1842120,0,12964
"A0792_jz0kby.raw",1,255,0,1,1,1,552.404,6200.677,1945132,1945468,0,1842120,1842120,0,12964
"A0793_q5eknu.raw",1,255,0,1,1,1,722.979,6200.271,1945132,1945496,0,1842120,1842120,0,12964
"A0794_jlctou.raw",1,255,0,1,1,1,518.318,6197.239,1944852,1945468,0,1842120,1842120,0,12964
"A0795_dlu2tf.raw",1,255,0,1,1,1,513.695,6206.236,1944844,1945468,0,1842120,1842120,0,12964
"A0796_fen6x8.raw",1,255,0,1,1,1,529.898,6204.055,1945132,1945468,0,1842120,1842120,0,12964
"A0797_xdtxb3.raw",1,255,0,1,1,1,673.252,6197.017,1945128,1945496,0,1842120,1842120,0,12964
"A0798_jkunfk.raw",1,255,0,1,1,1,516.783,6207.547,1945140,1945464,0,1842120,1842120,0,12964
"A0799_vjt21o.raw",1,255,0,1,1,1,515.406,6197.626,1945136,1945464,0,1842120,1842120,0,12964
"A0800_kthm4k.raw",1,255,0,1,1,1,935.147,6196.320,1945128,1945464,0,1842120,1842120,0,12964
"A0801_qy2gh7.raw",1,255,0,1,1,1,902.128,6197.736,1945128,1945492,0,1842120,1842120,0,12964
"A0802_lt20a2.raw",1,255,0,1,1,1,585.800,6193.963,1945124,1945464,0,1842120,1842120,0,12964
"A0803_znzztd.raw",1,255,0,1,1,1,1017.056,6199.042,1944848,1945464,0,1842120,1842120,0,12964
"A0804_gnttml.raw",1,255,0,1,1,1,729.468,6197.108,1945136,1945464,0,1842120,1842120,0,12964
"A0805_qgyejs.raw",1,255,0,1,1,1,848.514,6194.901,1945136,1945492,0,1842120,1842120,0,12964
"A0806_gbqjrm.raw",1,255,0,1,1,1,500.608,6201.493,1945144,1945464,0,1842120,1842120,0,12964
"A0807_srsgal.raw",1,255,0,1,1,1,483.210,6203.490,1945136,1945464,0,1842120,1842120,0,12964
"A0808_o72bpe.raw",1,255,0,1,1,1,709.429,6203.412,1945128,1945460,0,1842120,1842120,0,12964
"A0809_mtwcdw.raw",1,255,0,1,1,1,485.483,6197.096,1945132,1945484,0,1842120,1842120,0,12964
"A0810_am9etb.raw",1,255,0,1,1,1,502.509,6198.400,1945136,1945460,0,1842120,1842120,0,12964
"A0811_twfcsa.raw",1,255,0,1,1,1,517.720,6197.278,1945124,1945460,0,1842120,1842120,0,12964
"A0812_gsoo5u.raw",1,255,0,1,1,1,470.907,6197.510,1945132,1945460,0,1842120,1842120,0,12964
"A0813_czg8xs.raw",1,255,0,1,1,1,604.404,6201.828,1945132,1945484,0,1842120,1842120,0,12964
"A0814_iqcu4r.raw",1,255,0,1,1,1,516.348,6200.784,1945124,1945460,0,1842120,1842120,0,12964
"A0815_ixtziy.raw",1,255,0,1,1,1,871.190,6195.204,1945132,1945464,0,1842120,1842120,0,12964
"A0816_tghjgs.raw",1,255,0,1,1,1,638.092,6198.635,1945136,1945464,0,1842120,1842120,0,12964
"A0817_dxebmm.raw",1,255,0,1,1,1,854.467,6199.261,1945132,1945488,0,1842120,1842120,0,12964
"A0818_kuijdh.raw",1,255,0,1,1,1,515.607,6198.619,1945140,1945464,0,1842120,1842120,0,12964
"A0819_rp57wb.raw",1,255,0,1,1,1,505.761,6195.941,1945128,1945456,0,1842120,1842120,0,12964
"A0820_amhgh5.raw",1,255,0,1,1,1,1193.552,6204.602,1945120,1945456,0,1842120,1842120,0,12964
"A0821_dpb0zj.raw",1,255,0,1,1,1,478.110,6195.428,1944836,1945480,0,1842120,1842120,0,12964
"A0822_bex9ua.raw",1,255,0,1,1,1,491.171,6202.851,1945248,1945452,0,1842120,1842120,0,12964
"A0823_o967ym.raw",1,255,0,1,1,1,497.373,6195.348,1945124,1945452,0,1842120,1842120,0,12964
"A0824_qsi0hj.raw",1,255,0,1,1,1,688.577,6198.761,1945124,1945452,0,1842120,1842120,0,12964
"A0825_hjytxc.raw",1,255,0,1,1,1,497.984,6200.591,1945124,1945460,0,1842120,1842120,0,12964
"A0826_kkg5ee.raw",1,255,0,1,1,1,513.485,6195.035,1945132,1945460,0,1842120,1842120,0,12964
"A0827_ftxg1t.raw",1,255,0,1,1,1,498.434,6194.921,1945128,1945460,0,1842120,1842120,0,12964
"A0828_xddlp6.raw",1,255,0,1,1,1,511.906,6203.642,1945128,1945460,0,1842120,1842120,0,12964
"A0829_dgebqn.raw",1,255,0,1,1,1,499.400,6193.346,1945132,1945460,0,1842120,1842120,0,12964
"A0830_o3xuwi.raw",1,255,0,1,1,1,506.368,6204.225,1945136,1945460,0,1842120,1842120,0,12964
"A0831_uabfse.raw",1,255,0,1,1,1,933.603,6211.077,1945128,1945460,0,1842120,1842120,0,12964
"A0832_pjntoi.raw",1,255,0,1,1,1,928.591,6201.580,1945136,1945460,0,1842120,1842120,0,12964
"A0833_iqqihe.raw",1,255,0,1,1,1,675.572,6191.291,1945132,1945460,0,1842120,1842120,0,12964
"A0834_oqopsc.raw",1,255,0,1,1,1,1053.690,6200.568,1945136,1945460,0,1842120,1842120,0,12964
"A0835_kpnzqt.raw",1,255,0,1,1,1,921.599,6193.086,1945120,1945460,0,1842120,1842120,0,12964
"A0836_fayzsd.raw",1,255,0,1,1,1,493.414,6201.756,1945124,1945468,0,1842120,1842120,0,12964
"A0837_pn2hjo.raw",1,255,0,1,1,1,485.675,6200.507,1945140,1945468,0,1842120,1842120,0,12964
"A0838_gafnw9.raw",1,255,0,1,1,1,499.150,6194.955,1945136,1945476,0,1842120,1842120,0,12964
"A0839_qmlmte.raw",1,255,0,1,1,1,497.744,6199.396,1945148,1945468,0,1842120,1842120,0,12964
"A0840_kxoujm.raw",1,255,0,1,1,1,720.526,6201.513,1945136,1945468,0,1842120,1842120,0,12964
"A0841_n7lygh.raw",1,255,0,1,1,1,550.340,6195.010,1945140,1945472,0,1842120,1842120,0,12964
"A0842_c2lqo5.raw",1,255,0,1,1,1,955.776,6192.887,1945260,1945468,0,1842120,1842120,0,12964
"A0843_agsv4a.raw",1,255,0,1,1,1,506.247,6204.182,1944964,1945468,0,1842120,1842120,0,12964
"A0844_aizd01.raw",1,255,0,1,1,1,671.600,6195.245,1945136,1945468,0,1842120,1842120,0,12964
"A0845_v6auie.raw",1,255,0,1,1,1,914.982,6197.265,1945136,1945468,0,1842120,1842120,0,12964
"A0846_wyvlez.raw",1,255,0,1,1,1,667.788,6200.541,1945132,1945468,0,1842120,1842120,0,12964
"A0847_jcpyws.raw",1,255,0,1,1,1,728.397,6198.492,1945140,1945468,0,1842120,1842120,0,12964
"A0848_ytdcof.raw",1,255,0,1,1,1,838.762,6192.467,1945144,1945468,0,1842120,1842120,0,12964
"A0849_fi8nwc.raw",1,255,0,1,1,1,502.854,6194.882,1945140,1945468,0,1842120,1842120,0,12964
"A0850_adz62q.raw",1,255,0,1,1,1,681.983,6198.469,1945140,1945468,0,1842120,1842120,0,12964
"A0851_jwbnzd.raw",1,255,0,1,1,1,518.705,6193.503,1945128,1945468,0,1842120,1842120,0,12964
"A0852_ziwclm.raw",1,255,0,1,1,1,490.310,6193.153,1945136,1945468,0,1842120,1842120,0,12964
"A0853_ys0kkm.raw",1,255,0,1,1,1,923.665,6198.740,1945128,1945468,0,1842120,1842120,0,12964
"A0854_uyc7pt.raw",1,255,0,1,1,1,737.570,6204.389,1945140,1945468,0,1842120,1842120,0,12964
"A0855_p8gbah.raw",1,255,0,1,1,1,938.380,6195.038,1944852,1945468,0,1842120,1842120,0,12964
"A0856_w4ydp5.raw",1,255,0,1,1,1,642.552,6199.139,1945140,1945468,0,1842120,1842120,0,12964
"A0857_eiffvb.raw",1,255,0,1,1,1,503.855,6198.779,1945140,1945468,0,1842120,1842120,0,12964
"A0858_fbtdia.raw",1,255,0,1,1,1,483.693,6194.666,1945144,1945468,0,1842120,1842120,0,12964
"A0859_bosar1.raw",1,255,0,1,1,1,485.871,6187.317,1945140,1945468,0,1842120,1842120,0,12964
"A0860_brpwnp.raw",1,255,0,1,1,1,495.047,6198.051,1945132,1945468,0,1842120,1842120,0,12964
"A0861_qctamz.raw",1,255,0,1,1,1,644.460,6202.285,1945140,1945468,0,1842120,1842120,0,12964
"A0862_se4vht.raw",1,255,0,1,1,1,627.531,6200.278,1945136,1945464,0,1842120,1842120,0,12964
"A0863_kl7mi5.raw",1,255,0,1,1,1,505.325,6193.179,1945136,1945464,0,1842120,1842120,0,12964
"A0864_fxj0vg.raw",1,255,0,1,1,1,503.009,6187.189,1945128,1945464,0,1842120,1842120,0,12964
"A0865_ayay7r.raw",1,255,0,1,1,1,504.806,6201.839,1945136,1945492,0,1842120,1842120,0,12964
"A0866_auzumj.raw",1,255,0,1,1,1,852.368,6194.770,1945140,1945464,0,1842120,1842120,0,12964
"A0867_zzxjey.raw",1,255,0,1,1,1,507.680,6199.424,1945132,1945464,0,1842120,1842120,0,12964
"A0868_qi0zfk.raw",1,255,0,1,1,1,675.942,6200.374,1945124,1945452,0,1842120,1842120,0,12964
"A0869_yea4tb.raw",1,255,0,1,1,1,520.105,6187.922,1945112,1945440,0,1842120,1842120,0,12964
"A0870_u0jlmt.raw",1,255,0,1,1,1,469.315,6193.827,1945112,1945440,0,1842120,1842120,0,12964
"A0871_ftgu40.raw",1,255,0,1,1,1,494.393,6188.325,1945112,1945440,0,1842120,1842120,0,12964
"A0872_difcct.raw",1,255,0,1,1,1,488.867,6195.705,1945112,1945440,0,1842120,1842120,0,12964
"A0873_i2kbuf.raw",1,255,0,1,1,1,495.435,6191.804,1945104,1945440,0,1842120,1842120,0,12964
"A0874_dumoqo.raw",1,255,0,1,1,1,678.665,6193.825,1945112,1945440,0,1842120,1842120,0,12964
"A0875_jplqug.raw",1,255,0,1,1,1,853.828,6193.083,1945112,1945440,0,1842120,1842120,0,12964
"A0876_kfliex.raw",1,255,0,1,1,1,495.996,6187.621,1945112,1945440,0,1842120,1842120,0,12964
"A0877_scracb.raw",1,255,0,1,1,1,513.841,6184.511,1945120,1945440,0,1842120,1842120,0,12964
"A0878_cz9uy5.raw",1,255,0,1,1,1,1040.415,6193.659,1945100,1945440,0,1842120,1842120,0,12964
"A0879_frshjz.raw",1,255,0,1,1,1,494.085,6190.150,1945112,1945444,0,1842120,1842120,0,12964
"A0880_exaxxq.raw",1,255,0,1,1,1,520.696,6189.534,1945116,1945444,0,1842120,1842120,0,12964
"A0881_gzcqbu.raw",1,255,0,1,1,1,513.369,6197.007,1945116,1945444,0,1842120,1842120,0,12964
"A0882_yhj7yc.raw",1,255,0,1,1,1,643.499,6198.734,1945112,1945444,0,1842120,1842120,0,12964
"A0883_o9zey3.raw",1,255,0,1,1,1,649.465,6196.521,1945104,1945444,0,1842120,1842120,0,12964
"A0884_jmyqbb.raw",1,255,0,1,1,1,491.490,6175.211,1945124,1945444,0,1842120,1842120,0,12964
"A0885_bee8l1.raw",1,255,0,1,1,1,535.535,6188.281,1945112,1945452,0,1842120,1842120,0,12964
"A0886_ppwfed.raw",1,255,0,1,1,1,509.704,6194.742,1943360,1945464,0,1842120,1842120,0,12964
"A0887_rtxoyc.raw",1,255,0,1,1,1,875.499,6195.532,1943496,1945464,0,1842120,1842120,0,12964
"A0888_hdrgut.raw",1,255,0,1,1,1,873.212,6189.934,1945124,1945464,0,1842120,1842120,0,12964
"A0889_mcpdko.raw",1,255,0,1,1,1,1035.192,6185.733,1945136,1945464,0,1842120,1842120,0,12964
"A0890_oxneji.raw",1,255,0,1,1,1,524.961,6202.571,1945136,1945464,0,1842120,1842120,0,12964
"A0891_bcygob.raw",1,255,0,1,1,1,515.966,6192.903,1945128,1945464,0,1842120,1842120,0,12964
"A0892_th92wz.raw",1,255,0,1,1,1,511.714,6202.798,1945132,1945464,0,1842120,1842120,0,12964
"A0893_fplwq6.raw",1,255,0,1,1,1,489.187,6195.568,1945136,1945464,0,1842120,1842120,0,12964
"A0894_vuezk5.raw",1,255,0,1,1,1,584.088,6191.421,1945136,1945464,0,1842120,1842120,0,12964
"A0895_wjqzqn.raw",1,255,0,1,1,1,514.950,6186.264,1944904,1945464,0,1842120,1842120,0,12964
"A0896_hqikrt.raw",1,255,0,1,1,1,656.154,6190.251,1945136,1945464,0,1842120,1842120,0,12964
"A0897_lxyfxm.raw",1,255,0,1,1,1,550.376,6193.210,1945128,1945464,0,1842120,1842120,0,12964
"A0898_pruxop.raw",1,255,0,1,1,1,504.426,6193.270,1945140,1945464,0,1842120,1842120,0,12964
"A0899_inbs3j.raw",1,255,0,1,1,1,651.611,6190.845,1944836,1945464,0,1842120,1842120,0,12964
"A0900_mw2tuh.raw",1,255,0,1,1,1,497.850,6195.042,1945136,1945464,0,1842120,1842120,0,12964
"A0901_movtmq.raw",1,255,0,1,1,1,1098.290,6196.266,1945136,1945464,0,1842120,1842120,0,12964
"A0902_y0wpck.raw",1,255,0,1,1,1,481.922,6187.535,1945124,1945468,0,1842120,1842120,0,12964
"A0903_m2kica.raw",1,255,0,1,1,1,529.654,6187.221,1943380,1945468,0,1842120,1842120,0,12964
"A0904_lsbbc8.raw",1,255,0,1,1,1,758.417,6195.471,1945136,1945468,0,1842120,1842120,0,12964
"A0905_fl7bey.raw",1,255,0,1,1,1,750.494,6188.254,1945140,1945468,0,1842120,1842120,0,12964
"A0906_cfdivt.raw",1,255,0,1,1,1,721.040,6188.782,1945136,1945468,0,1842120,1842120,0,12964
"A0907_t5t37f.raw",1,255,0,1,1,1,497.164,6184.784,1945132,1945472,0,1842120,1842120,0,12964
"A0908_k60xvl.raw",1,255,0,1,1,1,599.162,6194.198,1945144,1945472,0,1842120,1842120,0,12964
"A0909_dwrszu.raw",1,255,0,1,1,1,965.091,6186.898,1945144,1945496,0,1842120,1842120,0,12964
"A0910_kcymyw.raw",1,255,0,1,1,1,549.270,6196.006,1945132,1945680,0,1842120,1842120,0,12964
"A0911_aaduoq.raw",1,255,0,1,1,1,483.707,6184.947,1945356,1945892,0,1842120,1842120,0,12964
"A0912_dxf2w9.raw",1,255,0,1,1,1,522.723,6185.370,1945556,1946132,0,1842120,1842120,0,12964
"A0913_r5zegi.raw",1,255,0,1,1,1,746.626,6190.031,1945776,1946316,0,1842120,1842120,0,12964
"A0914_fufv24.raw",1,255,0,1,1,1,527.382,6188.607,1945988,1946528,0,1842120,1842120,0,12964
"A0915_rgzmn7.raw",1,255,0,1,1,1,559.229,6198.411,1946192,1946768,0,1842120,1842120,0,12964
"A0916_djkwxt.raw",1,255,0,1,1,1,534.421,6197.090,1946420,1946952,0,1842120,1842120,0,12964
"A0917_aqpad1.raw",1,255,0,1,1,1,559.779,6189.392,1946612,1947164,0,1842120,1842120,0,12964
"A0918_b5kvk6.raw",1,255,0,1,1,1,570.998,6184.903,1946832,1947404,0,1842120,1842120,0,12964
"A0919_q602qj.raw",1,255,0,1,1,1,587.822,6195.743,1947056,1947588,0,1842120,1842120,0,12964
"A0920_uuwqit.raw",1,255,0,1,1,1,535.756,6189.548,1947260,1947800,0,1842120,1842120,0,12964
"A0921_bl0uay.raw",1,255,0,1,1,1,559.661,6196.260,1947472,1948040,0,1842120,1842120,0,12964
"A0922_l5kxcb.raw",1,255,0,1,1,1,596.726,6193.310,1947680,1948224,0,1842120,1842120,0,12964
"A0923_rsqd44.raw",1,255,0,1,1,1,529.816,6190.397,1947896,1948436,0,1842120,1842120,0,12964
"A0924_ho9ij1.raw",1,255,0,1,1,1,564.200,6198.157,1948092,1948676,0,1842120,1842120,0,12964
"A0925_jhtjw9.raw",1,255,0,1,1,1,534.712,6195.084,1948320,1948860,0,1842120,1842120,0,12964
"A0926_iq2dhc.raw",1,255,0,1,1,1,531.956,6192.079,1948540,1949100,0,1842120,1842120,0,12964
"A0927_dkovhx.raw",1,255,0,1,1,1,553.079,6181.364,1948752,1949120,0,1842120,1842120,0,12964
"A0928_gzektb.raw",1,255,0,1,1,1,552.291,6177.601,1948732,1949100,0,1842120,1842120,0,12964
"A0929_iewzh0.raw",1,255,0,1,1,1,583.818,6182.240,1948740,1949100,0,1842120,1842120,0,12964
"A0930_ifpg3o.raw",1,255,0,1,1,1,643.682,6184.619,1948752,1949120,0,1842120,1842120,0,12964
"A0931_lqgex5.raw",1,255,0,1,1,1,523.097,6174.949,1948744,1949100,0,1842120,1842120,0,12964
"A0932_pxasek.raw",1,255,0,1,1,1,509.774,6187.032,1948752,1949100,0,1842120,1842120,0,12964
"A0933_bjr2vw.raw",1,255,0,1,1,1,483.370,6186.730,1948752,1949120,0,1842120,1842120,0,12964
"A0934_cwffb2.raw",1,255,0,1,1,1,707.142,6193.684,1948744,1949100,0,1842120,1842120,0,12964
"A0935_d3dpjg.raw",1,255,0,1,1,1,502.128,6178.009,1948752,1949100,0,1842120,1842120,0,12964
"A0936_m1q0gj.raw",1,255,0,1,1,1,510.718,6185.488,1948752,1949120,0,1842120,1842120,0,12964
"A0937_yncgxd.raw",1,255,0,1,1,1,497.638,6189.553,1948744,1949100,0,1842120,1842120,0,12964
"A0938_earpmh.raw",1,255,0,1,1,1,462.361,6181.595,1948752,1949100,0,1842120,1842120,0,12964
"A0939_lirvvg.raw",1,255,0,1,1,1,509.984,6193.933,1948752,1949120,0,1842120,1842120,0,12964
"A0940_oue4rn.raw",1,255,0,1,1,1,536.489,6184.399,1948744,1949100,0,1842120,1842120,0,12964
"A0941_nykmym.raw",1,255,0,1,1,1,539.734,6193.723,1948744,1949100,0,1842120,1842120,0,12964
"A0942_ojc7ej.raw",1,255,0,1,1,1,502.649,6176.110,1948752,1949120,0,1842120,1842120,0,12964
"A0943_hza3n4.raw",1,255,0,1,1,1,560.688,6188.702,1948744,1949100,0,1842120,1842120,0,12964
"A0944_jyclyi.raw",1,255,0,1,1,1,551.070,6183.066,1948752,1949100,0,1842120,1842120,0,12964
"A0947_uc7qcl.raw",1,255,0,1,1,1,534.231,6190.957,1948752,1949120,0,1842120,1842120,0,12964
"A0948_avwkpd.raw",1,255,0,1,1,1,545.942,6187.283,1948744,1949100,0,1842120,1842120,0,12964
"A0949_uj3blf.raw",1,255,0,1,1,1,581.363,6186.335,1948752,1949100,0,1842120,1842120,0,12964
"A0950_fyd3zc.raw",1,255,0,1,1,1,622.358,6194.154,1948752,1949120,0,1842120,1842120,0,12964
"A0951_yfyz5w.raw",1,255,0,1,1,1,579.098,6187.694,1948744,1949100,0,1842120,1842120,0,12964
"A0952_xm0rpx.raw",1,255,0,1,1,1,993.026,6197.266,1948728,1949100,0,1842120,1842120,0,12964
"A0953_zset6z.raw",1,255,0,1,1,1,523.512,6195.697,1948752,1949120,0,1842120,1842120,0,12964
"A0954_exazoy.raw",1,255,0,1,1,1,493.669,6188.261,1948744,1949100,0,1842120,1842120,0,12964
"A0955_vriuls.raw",1,255,0,1,1,1,495.205,6191.780,1948752,1949100,0,1842120,1842120,0,12964
"A0956_sb5dwz.raw",1,255,0,1,1,1,496.555,6191.881,1948744,1949120,0,1842120,1842120,0,12964
"A0957_osix3a.raw",1,255,0,1,1,1,519.135,6197.229,1948744,1948860,0,1842120,1842120,0,12964
"A0958_ozeqgv.raw",1,255,0,1,1,1,721.616,6193.753,1948540,1948648,0,1842120,1842120,0,12964
"A0959_sulk1r.raw",1,255,0,1,1,1,529.358,6185.273,1948320,1948436,0,1842120,1842120,0,12964
"A0960_n1xkrj.raw",1,255,0,1,1,1,1073.755,6193.331,1948100,1948224,0,1842120,1842120,0,12964
"A0961_lr7oar.raw",1,255,0,1,1,1,510.673,6188.196,1947892,1948012,0,1842120,1842120,0,12964
"A0962_qqflsp.raw",1,255,0,1,1,1,877.048,6194.393,1947680,1947800,0,1842120,1842120,0,12964
"A0963_vfipci.raw",1,255,0,1,1,1,961.031,6202.140,1947468,1947588,0,1842120,1842120,0,12964
"A0964_eh32xh.raw",1,255,0,1,1,1,631.093,6202.086,1947260,1947376,0,1842120,1842120,0,12964
"A0965_z8y0qg.raw",1,255,0,1,1,1,640.998,6199.952,1947044,1947164,0,1842120,1842120,0,12964
"A0966_nxurdu.raw",1,255,0,1,1,1,495.184,6201.028,1946832,1946952,0,1842120,1842120,0,12964
"A0967_u1zejj.raw",1,255,0,1,1,1,672.104,6188.466,1946620,1946740,0,1842120,1842120,0,12964
"A0968_kxktln.raw",1,255,0,1,1,1,682.941,6193.894,1946408,1946528,0,1842120,1842120,0,12964
"A0969_npm4sf.raw",1,255,0,1,1,1,743.888,6184.837,1946204,1946316,0,1842120,1842120,0,12964
"A0970_yjih8o.raw",1,255,0,1,1,1,532.219,6195.270,1945984,1946104,0,1842120,1842120,0,12964
"A0971_teu6lq.raw",1,255,0,1,1,1,528.261,6204.794,1945772,1945892,0,1842120,1842120,0,12964
"A0972_ubdknw.raw",1,255,0,1,1,1,539.970,6200.596,1945564,1945680,0,1842120,1842120,0,12964
"A0973_j68alr.raw",1,255,0,1,1,1,636.128,6199.304,1945348,1945468,0,1842120,1842120,0,12964
"A0974_ehxrey.raw",1,255,0,1,1,1,497.189,6202.511,1945136,1945468,0,1842120,1842120,0,12964
"A0975_acqn9l.raw",1,255,0,1,1,1,493.581,6201.859,1945144,1945468,0,1842120,1842120,0,12964
"A0976_d3gg2g.raw",1,255,0,1,1,1,714.709,6198.647,1945140,1945468,0,1842120,1842120,0,12964
"A0977_xzp3uo.raw",1,255,0,1,1,1,495.244,6203.576,1945136,1945468,0,1842120,1842120,0,12964
"A0978_sbc38e.raw",1,255,0,1,1,1,688.589,6197.928,1945140,1945472,0,1842120,1842120,0,12964
"A0979_bdumow.raw",1,255,0,1,1,1,963.117,6199.957,1945144,1945472,0,1842120,1842120,0,12964
"A0980_phmssa.raw",1,255,0,1,1,1,723.927,6189.401,1945144,1945472,0,1842120,1842120,0,12964
"A0981_adw7q1.raw",1,255,0,1,1,1,511.466,6192.906,1945140,1945468,0,1842120,1842120,0,12964
"A0982_odsnfw.raw",1,255,0,1,1,1,663.974,6203.009,1945140,1945468,0,1842120,1842120,0,12964
"A0983_zr7jyi.raw",1,255,0,1,1,1,532.900,6194.713,1945144,1945468,0,1842120,1842120,0,12964
"A0984_w17bjj.raw",1,255,0,1,1,1,678.342,6195.228,1945132,1945468,0,1842120,1842120,0,12964
"A0985_olsxej.raw",1,255,0,1,1,1,492.300,6200.707,1945140,1945468,0,1842120,1842120,0,12964
"A0986_bgdl8r.raw",1,255,0,1,1,1,916.384,6195.346,1945256,1945468,0,1842120,1842120,0,12964
"A0987_no4kp5.raw",1,255,0,1,1,1,511.030,6198.071,1945140,1945468,0,1842120,1842120,0,12964
"A0988_opffxs.raw",1,255,0,1,1,1,717.371,6200.574,1945132,1945468,0,1842120,1842120,0,12964
"A0989_rngptt.raw",1,255,0,1,1,1,499.798,6202.376,1945136,1945468,0,1842120,1842120,0,12964
"A0990_b40cri.raw",1,255,0,1,1,1,979.298,6203.131,1945136,1945468,0,1842120,1842120,0,12964
"A0991_zo6ct1.raw",1,255,0,1,1,1,508.804,6198.658,1945140,1945468,0,1842120,1842120,0,12964
"A0992_xubgxa.raw",1,255,0,1,1,1,863.319,6196.876,1945140,1945468,0,1842120,1842120,0,12964
"A0993_tmitcp.raw",1,255,0,1,1,1,476.392,6187.085,1945132,1945468,0,1842120,1842120,0,12964
"A0994_n27ptg.raw",1,255,0,1,1,1,487.183,6193.961,1945140,1945468,0,1842120,1842120,0,12964
"A0995_nkice8.raw",1,255,0,1,1,1,479.785,6193.960,1945128,1945468,0,1842120,1842120,0,12964
"A0996_nkqj0h.raw",1,255,0,1,1,1,518.492,6188.423,1945132,1945468,0,1842120,1842120,0,12964
"A0997_uciipm.raw",1,255,0,1,1,1,486.658,6184.440,1945128,1945468,0,1842120,1842120,0,12964
"A0998_vexok9.raw",1,255,0,1,1,1,592.610,6177.834,1945140,1945468,0,1842120,1842120,0,12964
"A0999_owxuzi.raw",1,255,0,1,1,1,481.650,6200.394,1945148,1945468,0,1842120,1842120,0,12964
"A1000_rrfcql.raw",1,255,0,1,1,1,504.812,6193.367,1945140,1945496,0,1842120,1842120,0,12964
"A1001_uz1k5x.raw",1,255,0,1,1,1,530.305,6195.925,1945140,1945468,0,1842120,1842120,0,12964
"A1002_deycz1.raw",1,255,0,1,1,1,514.581,6197.361,1945136,1945468,0,1842120,1842120,0,12964
"A1003_xkpfzz.raw",1,255,0,1,1,1,530.155,6193.113,1945136,1945468,0,1842120,1842120,0,12964
"A1004_k9awe7.raw",1,255,0,1,1,1,653.836,6189.535,1945140,1945468,0,1842120,1842120,0,12964
"A1005_cehhmw.raw",1,255,0,1,1,1,509.015,6193.681,1945128,1945468,0,1842120,1842120,0,12964
"A1008_drw787.raw",1,255,0,1,1,1,861.640,6190.755,1945136,1945472,0,1842120,1842120,0,12964
"A1009_rppmiy.raw",1,255,0,1,1,1,656.382,6184.754,1945144,1945472,0,1842120,1842120,0,12964
"A1010_ccwiws.raw",1,255,0,1,1,1,1052.353,6191.304,1945148,1945472,0,1842120,1842120,0,12964
"A1011_cbdlad.raw",1,255,0,1,1,1,506.283,6194.542,1945136,1945472,0,1842120,1842120,0,12964
"A1012_p9ydh4.raw",1,255,0,1,1,1,883.581,6182.479,1945140,1945464,0,1842120,1842120,0,12964
"A1013_wzifat.raw",1,255,0,1,1,1,488.599,6184.278,1945132,1945464,0,1842120,1842120,0,12964
"A1014_fo3jtg.raw",1,255,0,1,1,1,748.198,6187.055,1945136,1945464,0,1842120,1842120,0,12964
"A1015_kee2oy.raw",1,255,0,1,1,1,532.325,6182.128,1945128,1945464,0,1842120,1842120,0,12964
"A1016_mkyxbt.raw",1,255,0,1,1,1,649.497,6190.424,1945132,1945464,0,1842120,1842120,0,12964
"A1017_xrafjc.raw",1,255,0,1,1,1,870.367,6189.204,1945128,1945464,0,1842120,1842120,0,12964
"a0002_zqq7gr.raw",1,4,251,0,0,1,518.712,6191.439,1945136,1945464,0,1842120,1842120,0,12964
"a0003_h81hoy.raw",1,0,255,0,0,1,659.821,6186.657,1945132,1945464,0,1842120,1842120,0,12964
"a0004_sxpn10.raw",1,12,243,0,0,1,646.035,6180.457,1945252,1945464,0,1842120,1842120,0,12964
"a0005_xdzwbd.raw",1,30,225,0,0,1,468.186,6180.868,1945136,1945464,0,1842120,1842120,0,12964
"a0006_hap79c.raw",1,68,187,0,0,1,482.906,6184.522,1944836,1945464,0,1842120,1842120,0,12964
"a0007_vdoztm.raw",1,225,30,1,0,0,706.512,6192.690,1945136,1945464,0,1842120,1842120,0,12964
"a0009_kl0gfn.raw",1,0,255,0,0,1,478.711,6184.435,1945136,1945460,0,1842120,1842120,0,12964
"a0010_x4dcmt.raw",1,0,255,0,0,1,510.777,6171.839,1945132,1945460,0,1842120,1842120,0,12964
"a0011_flsplt.raw",1,0,255,0,0,1,490.460,6181.642,1945132,1945460,0,1842120,1842120,0,12964
"a0012_ft7amk.raw",1,0,255,0,0,1,1053.571,6181.966,1945132,1945460,0,1842120,1842120,0,12964
"a0013_ebcpt8.raw",1,0,255,0,0,1,509.443,6176.654,1945120,1945456,0,1842120,1842120,0,12964
"a0014_lrsf2j.raw",1,0,255,0,0,1,511.466,6168.414,1945128,1945464,0,1842120,1842120,0,12964
"a0015_zgpohn.raw",1,1,254,0,0,1,514.273,6180.429,1944872,1945472,0,1842120,1842120,0,12964
"a0016_ufymvk.raw",1,0,255,0,0,1,511.153,6176.291,1943372,1945472,0,1842120,1842120,0,12964
"a0017_laaomg.raw",1,0,255,0,0,1,517.580,6178.726,1945132,1945472,0,1842120,1842120,0,12964
"a0018_u55chk.raw",1,0,255,0,0,1,720.447,6194.054,1945136,1945472,0,1842120,1842120,0,12964
"a0019_pxv1ti.raw",1,0,255,0,0,1,537.316,6209.444,1944844,1945468,0,1842120,1842120,0,12964
"a0020_pormst.raw",1,187,68,1,0,0,706.517,6203.585,1945124,1945468,0,1842120,1842120,0,12964
"a0021_zl872h.raw",1,68,187,0,0,1,501.111,6204.976,1945128,1945468,0,1842120,1842120,0,12964
"a0022_vjolwb.raw",1,0,255,0,0,1,523.476,6199.381,1945140,1945468,0,1842120,1842120,0,12964
"a0023_x4hdbq.raw",1,0,255,0,0,1,512.394,6205.415,1945140,1945468,0,1842120,1842120,0,12964
"a0024_sciqht.raw",1,0,255,0,0,1,503.520,6193.878,1945140,1945468,0,1842120,1842120,0,12964
"a0026_l57y5n.raw",1,0,255,0,0,1,1045.855,6199.524,1944864,1945468,0,1842120,1842120,0,12964
"a0029_dvulku.raw",1,0,255,0,0,1,538.600,6198.825,1945140,1945472,0,1842120,1842120,0,12964
"a0033_naqglc.raw",1,0,255,0,0,1,731.051,6195.662,1945144,1945472,0,1842120,1842120,0,12964
"a0034_h7n79n.raw",1,0,255,0,0,1,620.833,6198.146,1945260,1945472,0,1842120,1842120,0,12964
"a0035_yr8bei.raw",1,0,255,0,0,1,848.303,6191.189,1945132,1945472,0,1842120,1842120,0,12964
"a0036_pwbk3g.raw",1,0,255,0,0,1,1077.190,6187.944,1945136,1945472,0,1842120,1842120,0,12964
"a0037_ybmx1q.raw",1,0,255,0,0,1,730.710,6185.888,1945144,1945492,0,1842120,1842120,0,12964
"a0038_smiks9.raw",1,0,255,0,0,1,641.519,6191.859,1945132,1945468,0,1842120,1842120,0,12964
"a0039_gxucnd.raw",1,0,255,0,0,1,485.220,6185.963,1945136,1945468,0,1842120,1842120,0,12964
"a0040_lbkfep.raw",1,0,255,0,0,1,497.400,6194.657,1945140,1945468,0,1842120,1842120,0,12964
"a0041_mrc5vz.raw",1,0,255,0,0,1,649.415,6184.085,1944856,1945468,0,1842120,1842120,0,12964
"a0042_hyljpx.raw",1,0,255,0,0,1,657.957,6187.787,1945140,1945472,0,1842120,1842120,0,12964
"a0043_g8f6cw.raw",1,0,255,0,0,1,529.372,6193.150,1945144,1945472,0,1842120,1842120,0,12964
"a0044_uzcylm.raw",1,0,255,0,0,1,531.201,6175.950,1945144,1945468,0,1842120,1842120,0,12964
"a0045_rcl5lf.raw",1,0,255,0,0,1,519.504,6197.535,1945140,1945472,0,1842120,1842120,0,12964
"a0046_y9eobh.raw",1,0,255,0,0,1,926.853,6194.061,1945144,1945472,0,1842120,1842120,0,12964
"a0047_zwq3eq.raw",1,4,251,0,0,1,498.130,6198.013,1944852,1945472,0,1842120,1842120,0,12964
"a0048_qqzcrl.raw",1,0,255,0,0,1,501.102,6204.144,1945132,1945476,0,1842120,1842120,0,12964
"a0049_eqcyv6.raw",1,0,255,0,0,1,502.552,6197.656,1945148,1945476,0,1842120,1842120,0,12964
"a0050_lexekr.raw",1,0,255,0,0,1,468.855,6195.568,1945148,1945476,0,1842120,1842120,0,12964
"a0051_mwrqz1.raw",1,0,255,0,0,1,520.958,6195.422,1945144,1945476,0,1842120,1842120,0,12964
"a0052_luo2re.raw",1,4,251,0,0,1,510.820,6196.376,1945148,1945476,0,1842120,1842120,0,12964
"a0053_m5vljh.raw",1,187,68,1,0,0,669.716,6194.592,1945148,1945476,0,1842120,1842120,0,12964
"a0054_efp41x.raw",1,255,0,1,0,0,496.230,6197.128,1945148,1945476,0,1842120,1842120,0,12964
"a0055_mdde5c.raw",1,1,254,0,0,1,489.797,6193.407,1945148,1945476,0,1842120,1842120,0,12964
"a0056_uk1xbl.raw",1,4,251,0,0,1,850.465,6195.012,1945148,1945476,0,1842120,1842120,0,12964
"a0057_tqu6hy.raw",1,4,251,0,0,1,930.144,6199.736,1945148,1945476,0,1842120,1842120,0,12964
"a0058_rs118h.raw",1,187,68,1,0,0,478.852,6197.304,1945148,1945476,0,1842120,1842120,0,12964
"a0059_anyfxy.raw",1,0,255,0,0,1,693.020,6199.483,1945140,1945476,0,1842120,1842120,0,12964
"a0060_c698ty.raw",1,1,254,0,0,1,1052.118,6201.970,1944848,1945476,0,1842120,1842120,0,12964
"a0061_yctxsi.raw",1,68,187,0,0,1,485.818,6198.138,1944848,1945468,0,1842120,1842120,0,12964
"a0062_fqmvyz.raw",1,30,225,0,0,1,897.921,6198.204,1945140,1945468,0,1842120,1842120,0,12964
"a0063_vbisb9.raw",1,0,255,0,0,1,513.532,6199.033,1945140,1945468,0,1842120,1842120,0,12964
"a0064_kwp7cd.raw",1,0,255,0,0,1,498.947,6193.641,1945136,1945468,0,1842120,1842120,0,12964
"a0065_ntjdqy.raw",1,0,255,0,0,1,709.902,6204.795,1945140,1945468,0,1842120,1842120,0,12964
"a0066_rv5ww5.raw",1,30,225,0,0,1,511.669,6204.039,1945132,1945460,0,1842120,1842120,0,12964
"a0067_d7tibh.raw",1,0,255,0,0,1,651.782,6200.317,1945124,1945452,0,1842120,1842120,0,12964
"a0068_jfoj6o.raw",1,0,255,0,0,1,511.355,6198.224,1945124,1945460,0,1842120,1842120,0,12964
"a0069_btqbzv.raw",1,0,255,0,0,1,508.584,6201.625,1945132,1945452,0,1842120,1842120,0,12964
"a0070_efjezh.raw",1,0,255,0,0,1,498.011,6199.539,1945116,1945456,0,1842120,1842120,0,12964
"a0071_e4cuqf.raw",1,0,255,0,0,1,521.309,6199.134,1945124,1945480,0,1842120,1842120,0,12964
"a0072_t5ibmg.raw",1,0,255,0,0,1,755.757,6197.191,1943368,1945452,0,1842120,1842120,0,12964
"a0073_dkeyjo.raw",1,0,255,0,0,1,648.910,6190.924,1945112,1945452,0,1842120,1842120,0,12964
"a0074_iwmcoy.raw",1,0,255,0,0,1,513.236,6180.694,1945132,1945452,0,1842120,1842120,0,12964
"a0075_kinxwd.raw",1,0,255,0,0,1,516.419,6195.114,1945120,1945452,0,1842120,1842120,0,12964
"a0076_nagxkv.raw",1,0,255,0,0,1,689.384,6186.558,1945124,1945452,0,1842120,1842120,0,12964
"a0077_thtrkf.raw",1,0,255,0,0,1,748.731,6184.982,1945124,1945456,0,1842120,1842120,0,12964
"a0078_pcdglm.raw",1,0,255,0,0,1,484.316,6191.686,1945128,1945456,0,1842120,1842120,0,12964
"a0079_hyr6xx.raw",1,0,255,0,0,1,498.686,6190.800,1945128,1945456,0,1842120,1842120,0,12964
"a0080_lzrrpt.raw",1,0,255,0,0,1,653.784,6189.031,1944832,1945456,0,1842120,1842120,0,12964
"a0081_v2ovst.raw",1,0,255,0,0,1,641.506,6183.690,1945128,1945456,0,1842120,1842120,0,12964
"a0082_wdddcd.raw",1,1,254,0,0,1,489.017,6184.749,1945128,1945456,0,1842120,1842120,0,12964
"a0083_vgn5pa.raw",1,0,255,0,0,1,525.313,6186.687,1945128,1945464,0,1842120,1842120,0,12964
"a0084_tr6vlx.raw",1,0,255,0,0,1,649.906,6174.438,1945136,1945472,0,1842120,1842120,0,12964
"a0085_imechq.raw",1,0,255,0,0,1,484.630,6182.656,1945144,1945472,0,1842120,1842120,0,12964
"a0086_nmlcg2.raw",1,0,255,0,0,1,517.240,6176.498,1945144,1945472,0,1842120,1842120,0,12964
"a0087_tvrsu6.raw",1,0,255,0,0,1,494.095,6177.230,1945144,1945472,0,1842120,1842120,0,12964
"a0088_movh4z.raw",1,0,255,0,0,1,531.836,6170.673,1945144,1945472,0,1842120,1842120,0,12964
"a0089_g7scnd.raw",1,0,255,0,0,1,676.456,6179.569,1945144,1945472,0,1842120,1842120,0,12964
"a0090_hsatob.raw",1,0,255,0,0,1,669.190,6178.224,1945136,1945468,0,1842120,1842120,0,12964
"a0091_ya20ve.raw",1,0,255,0,0,1,473.760,6178.945,1945136,1945468,0,1842120,1842120,0,12964
"a0092_ymr2r7.raw",1,0,255,0,0,1,491.563,6181.554,1945136,1945468,0,1842120,1842120,0,12964
"a0093_x7gbas.raw",1,0,255,0,0,1,507.227,6188.515,1945132,1945472,0,1842120,1842120,0,12964
"a0094_jflpre.raw",1,0,255,0,0,1,719.361,6171.204,1945144,1945468,0,1842120,1842120,0,12964
"a0095_o8z7ji.raw",1,0,255,0,0,1,1079.581,6179.426,1945140,1945468,0,1842120,1842120,0,12964
"a0096_m1urqv.raw",1,0,255,0,0,1,649.141,6186.378,1945140,1945468,0,1842120,1842120,0,12964
"a0097_qv53m0.raw",1,0,255,0,0,1,536.356,6182.141,1945140,1945468,0,1842120,1842120,0,12964
"a0098_byyggi.raw",1,0,255,0,0,1,521.740,6184.459,1945140,1945468,0,1842120,1842120,0,12964
"a0099_vouy1n.raw",1,0,255,0,0,1,535.277,6178.876,1945140,1945472,0,1842120,1842120,0,12964
"a0100_atpeq2.raw",1,0,255,0,0,1,938.030,6201.157,1945144,1945472,0,1842120,1842120,0,12964
"a0101_qhqclb.raw",1,0,255,0,0,1,492.797,6181.524,1945144,1945472,0,1842120,1842120,0,12964
"a0102_tdrvrf.raw",1,0,255,0,0,1,698.469,6191.449,1945144,1945472,0,1842120,1842120,0,12964
"a0103_t5qk6i.raw",1,0,255,0,0,1,497.519,6170.703,1943400,1945472,0,1842120,1842120,0,12964
"a0104_aiir4v.raw",1,0,255,0,0,1,508.863,6172.866,1945140,1945472,0,1842120,1842120,0,12964
"a0105_ximfad.raw",1,0,255,0,0,1,509.169,6169.961,1945140,1945496,0,1842120,1842120,0,12964
"a0106_ehxaik.raw",1,0,255,0,0,1,622.119,6178.307,1945148,1945684,0,1842120,1842120,0,12964
"a0107_dfhjod.raw",1,0,255,0,0,1,525.394,6180.081,1945356,1945896,0,1842120,1842120,0,12964
"a0108_mubaht.raw",1,0,255,0,0,1,609.716,6175.231,1945560,1946132,0,1842120,1842120,0,12964
"a0109_hwndhw.raw",1,0,255,0,0,1,561.258,6186.626,1945784,1946320,0,1842120,1842120,0,12964
"a0110_f7itxx.raw",1,0,255,0,0,1,555.444,6181.086,1945984,1946532,0,1842120,1842120,0,12964
"a0111_q3m5nt.raw",1,0,255,0,0,1,554.411,6185.681,1946200,1946768,0,1842120,1842120,0,12964
"a0112_qyxkoh.raw",1,0,255,0,0,1,672.472,6176.025,1946416,1946956,0,1842120,1842120,0,12964
"a0113_t1qgfz.raw",1,0,255,0,0,1,561.799,6193.024,1946612,1947168,0,1842120,1842120,0,12964
"a0114_ro56rr.raw",1,0,255,0,0,1,526.214,6173.467,1946836,1947404,0,1842120,1842120,0,12964
"a0115_ehs7u1.raw",1,0,255,0,0,1,853.458,6188.812,1947040,1947592,0,1842120,1842120,0,12964
"a0116_i9gpyq.raw",1,0,255,0,0,1,605.944,6174.472,1947260,1947800,0,1842120,1842120,0,12964
"a0117_do8ad0.raw",1,0,255,0,0,1,512.034,6175.277,1947468,1948040,0,1842120,1842120,0,12964
"a0118_zq1zyf.raw",1,0,255,0,0,1,519.171,6180.809,1947680,1948224,0,1842120,1842120,0,12964
"a0119_d4dqgq.raw",1,0,255,0,0,1,512.350,6182.903,1947888,1948436,0,1842120,1842120,0,12964
"a0120_tz7dpm.raw",1,0,255,0,0,1,817.041,6188.247,1948104,1948676,0,1842120,1842120,0,12964
"a0121_bwr0nt.raw",1,0,255,0,0,1,649.517,6184.071,1948324,1948860,0,1842120,1842120,0,12964
"a0122_mb1rzy.raw",1,0,255,0,0,1,859.474,6181.771,1948536,1949100,0,1842120,1842120,0,12964
"a0123_qlq6pv.raw",1,0,255,0,0,1,879.615,6187.068,1948752,1949120,0,1842120,1842120,0,12964
"a0124_ij6tbn.raw",1,0,255,0,0,1,828.700,6168.253,1948752,1949100,0,1842120,1842120,0,12964
"a0125_b2vhup.raw",1,4,251,0,0,1,773.686,6176.169,1948752,1949100,0,1842120,1842120,0,12964
"a0126_loaplq.raw",1,0,255,0,0,1,885.128,6175.588,1948752,1949120,0,1842120,1842120,0,12964
"a0127_c6lmoo.raw",1,0,255,0,0,1,856.460,6181.159,1948752,1949100,0,1842120,1842120,0,12964
"a0128_oy1f63.raw",1,0,255,0,0,1,1149.426,6184.186,1948752,1949100,0,1842120,1842120,0,12964
"a0129_eyyc9x.raw",1,0,255,0,0,1,868.065,6185.737,1948752,1949120,0,1842120,1842120,0,12964
"a0130_jvjwea.raw",1,0,255,0,0,1,523.373,6189.582,1948740,1948860,0,1842120,1842120,0,12964
"a0131_oofgf7.raw",1,0,255,0,0,1,493.315,6183.733,1948532,1948648,0,1842120,1842120,0,12964
"a0132_n4lsdx.raw",1,0,255,0,0,1,724.719,6189.876,1948320,1948436,0,1842120,1842120,0,12964
"a0133_a6jddk.raw",1,0,255,0,0,1,644.859,6189.557,1948108,1948224,0,1842120,1842120,0,12964
"a0134_jrlrub.raw",1,0,255,0,0,1,515.512,6195.686,1947888,1948012,0,1842120,1842120,0,12964
"a0135_zh17tc.raw",1,0,255,0,0,1,541.238,6193.354,1947676,1947800,0,1842120,1842120,0,12964
"a0136_uf6cjb.raw",1,0,255,0,0,1,498.445,6190.748,1947472,1947588,0,1842120,1842120,0,12964
"a0137_c0p4j0.raw",1,0,255,0,0,1,501.414,6193.352,1947260,1947376,0,1842120,1842120,0,12964
"a0138_m4b2ck.raw",1,0,255,0,0,1,501.108,6182.305,1947044,1947164,0,1842120,1842120,0,12964
"a0139_uv51qs.raw",1,0,255,0,0,1,706.226,6194.184,1946836,1946952,0,1842120,1842120,0,12964
"a0140_uyqvkf.raw",1,0,255,0,0,1,648.736,6185.847,1946616,1946740,0,1842120,1842120,0,12964
"a0141_x8ianl.raw",1,0,255,0,0,1,1176.161,6189.497,1946408,1946528,0,1842120,1842120,0,12964
"a0142_ozrt3u.raw",1,0,255,0,0,1,478.087,6188.288,1946196,1946316,0,1842120,1842120,0,12964
"a0143_hly1a7.raw",1,0,255,0,0,1,498.302,6186.964,1945988,1946104,0,1842120,1842120,0,12964
"a0144_v9mvte.raw",1,0,255,0,0,1,610.472,6189.136,1945792,1945920,0,1842120,1842120,0,12964
"a0145_msme8x.raw",1,0,255,0,0,1,519.381,6179.157,1945556,1945680,0,1842120,1842120,0,12964
"a0146_qa7qxt.raw",1,0,255,0,0,1,503.261,6178.404,1945340,1945468,0,1842120,1842120,0,12964
"a0147_zbmyhh.raw",1,0,255,0,0,1,693.967,6177.157,1945128,1945468,0,1842120,1842120,0,12964
"a0148_ucux67.raw",1,0,255,0,0,1,646.082,6175.551,1945136,1945468,0,1842120,1842120,0,12964
"a0149_vq27pa.raw",1,0,255,0,0,1,665.624,6187.890,1945140,1945468,0,1842120,1842120,0,12964
"a0150_thhzku.raw",1,0,255,0,0,1,480.727,6181.166,1945140,1945468,0,1842120,1842120,0,12964
"a0151_cmjo48.raw",1,0,255,0,0,1,734.039,6194.300,1945140,1945468,0,1842120,1842120,0,12964
"a0152_okityq.raw",1,0,255,0,0,1,503.674,6195.497,1945144,1945468,0,1842120,1842120,0,12964
"a0153_sguu6u.raw",1,0,255,0,0,1,675.968,6186.717,1945132,1945468,0,1842120,1842120,0,12964
"a0154_znnqhl.raw",1,0,255,0,0,1,655.033,6196.209,1945132,1945468,0,1842120,1842120,0,12964
"a0155_y4pb1y.raw",1,0,255,0,0,1,498.285,6207.646,1945136,1945468,0,1842120,1842120,0,12964
"a0156_yvzvpr.raw",1,0,255,0,0,1,491.183,6195.159,1945140,1945468,0,1842120,1842120,0,12964
"a0157_e6lwgj.raw",1,0,255,0,0,1,616.339,6188.000,1945132,1945468,0,1842120,1842120,0,12964
"a0158_u7tlmh.raw",1,0,255,0,0,1,502.226,6178.704,1945132,1945468,0,1842120,1842120,0,12964
"a0159_b2q7rr.raw",1,0,255,0,0,1,498.787,6192.770,1945132,1945496,0,1842120,1842120,0,12964
"a0160_c7m7s1.raw",1,0,255,0,0,1,535.764,6174.880,1945144,1945476,0,1842120,1842120,0,12964
"a0161_hk0ygt.raw",1,0,255,0,0,1,491.504,6183.233,1945136,1945476,0,1842120,1842120,0,12964
"a0162_neipmu.raw",1,0,255,0,0,1,503.100,6180.426,1945144,1945476,0,1842120,1842120,0,12964
"a0163_cgxbzr.raw",1,0,255,0,0,1,681.223,6179.536,1945144,1945476,0,1842120,1842120,0,12964
"a0164_it0o7e.raw",1,0,255,0,0,1,648.256,6190.820,1945144,1945476,0,1842120,1842120,0,12964
"a0165_ws9muv.raw",1,0,255,0,0,1,661.110,6186.114,1945136,1945476,0,1842120,1842120,0,12964
"a0166_tuptw1.raw",1,0,255,0,0,1,523.650,6194.593,1945144,1945476,0,1842120,1842120,0,12964
"a0167_eyyncx.raw",1,0,255,0,0,1,484.289,6184.470,1945144,1945476,0,1842120,1842120,0,12964
"a0168_juburw.raw",1,0,255,0,0,1,637.299,6195.955,1945144,1945476,0,1842120,1842120,0,12964
"a0169_udigcx.raw",1,0,255,0,0,1,628.950,6195.763,1945144,1945476,0,1842120,1842120,0,12964
"a0170_xwu9s1.raw",1,0,255,0,0,1,510.443,6185.876,1945144,1945476,0,1842120,1842120,0,12964
"a0171_pwxejn.raw",1,0,255,0,0,1,500.157,6190.665,1945144,1945476,0,1842120,1842120,0,12964
"a0172_nyfjrh.raw",1,0,255,0,0,1,833.392,6190.320,1945148,1945476,0,1842120,1842120,0,12964
"a0173_eervjt.raw",1,0,255,0,0,1,474.656,6185.584,1945136,1945476,0,1842120,1842120,0,12964
"a0174_e7cpdr.raw",1,0,255,0,0,1,485.919,6181.040,1945148,1945496,0,1842120,1842120,0,12964
"a0175_swjlo7.raw",1,0,255,0,0,1,688.914,6181.568,1945148,1945476,0,1842120,1842120,0,12964
"a0176_mcvzoh.raw",1,0,255,0,0,1,653.645,6196.268,1945148,1945476,0,1842120,1842120,0,12964
"a0177_y3zolp.raw",1,0,255,0,0,1,514.423,6181.813,1945148,1945468,0,1842120,1842120,0,12964
"a0178_aaj5hy.raw",1,0,255,0,0,1,519.898,6186.873,1945140,1945476,0,1842120,1842120,0,12964
"a0179_ynprqc.raw",1,0,255,0,0,1,941.457,6189.765,1945144,1945476,0,1842120,1842120,0,12964
"a0180_kfthlj.raw",1,0,255,0,0,1,494.741,6184.695,1945148,1945476,0,1842120,1842120,0,12964
"a0181_d8jlaf.raw",1,0,255,0,0,1,487.741,6179.311,1945136,1945476,0,1842120,1842120,0,12964
"a0182_nm812y.raw",1,0,255,0,0,1,494.355,6191.052,1945148,1945476,0,1842120,1842120,0,12964
"a0183_deeois.raw",1,0,255,0,0,1,691.656,6190.934,1945144,1945468,0,1842120,1842120,0,12964
"a0184_qvfn5j.raw",1,0,255,0,0,1,644.825,6184.757,1945140,1945468,0,1842120,1842120,0,12964
"a0185_pvwq9t.raw",1,0,255,0,0,1,479.190,6182.530,1945136,1945468,0,1842120,1842120,0,12964
"a0186_q9lbfb.raw",1,0,255,0,0,1,487.531,6180.481,1945140,1945468,0,1842120,1842120,0,12964
"a0187_zs38ta.raw",1,0,255,0,0,1,1001.469,6183.141,1945136,1945468,0,1842120,1842120,0,12964
"a0188_yyagcg.raw",1,0,255,0,0,1,873.824,6182.968,1945136,1945468,0,1842120,1842120,0,12964
"a0189_tdyi1e.raw",1,0,255,0,0,1,891.553,6178.070,1945124,1945456,0,1842120,1842120,0,12964
"a0190_cugc2u.raw",1,0,255,0,0,1,626.837,6188.231,1945120,1945456,0,1842120,1842120,0,12964
"a0191_v3xe2h.raw",1,0,255,0,0,1,500.176,6187.309,1945128,1945456,0,1842120,1842120,0,12964
"a0192_ovl89c.raw",1,0,255,0,0,1,507.462,6179.422,1945128,1945456,0,1842120,1842120,0,12964
"a0193_hu0wy9.raw",1,12,243,0,0,1,518.628,6182.264,1945128,1945456,0,1842120,1842120,0,12964
"a0194_kqcnoq.raw",1,30,225,0,0,1,504.158,6176.189,1945128,1945456,0,1842120,1842120,0,12964
"a0195_czmb8s.raw",1,4,251,0,0,1,532.132,6185.103,1945128,1945456,0,1842120,1842120,0,12964
"a0196_vjvhwl.raw",1,0,255,0,0,1,649.687,6196.147,1945124,1945456,0,1842120,1842120,0,12964
"a0197_i439rf.raw",1,0,255,0,0,1,500.760,6195.663,1945116,1945444,0,1842120,1842120,0,12964
"a0198_nplldi.raw",1,0,255,0,0,1,682.543,6208.754,1945116,1945444,0,1842120,1842120,0,12964
"a0199_igszhh.raw",1,0,255,0,0,1,938.382,6205.759,1945120,1945448,0,1842120,1842120,0,12964
"a0200_b6ivgn.raw",1,12,243,0,0,1,747.929,6207.352,1945116,1945448,0,1842120,1842120,0,12964
"a0201_fhwq3q.raw",1,0,255,0,0,1,491.157,6204.938,1945108,1945448,0,1842120,1842120,0,12964
"a0202_irq4vt.raw",1,0,255,0,0,1,845.312,6206.417,1944840,1945448,0,1842120,1842120,0,12964
"a0203_m4vpew.raw",1,0,255,0,0,1,490.259,6209.159,1944812,1945448,0,1842120,1842120,0,12964
"a0204_kpkjl1.raw",1,0,255,0,0,1,495.125,6207.949,1945108,1945448,0,1842120,1842120,0,12964
"a0205_cjopmr.raw",1,0,255,0,0,1,531.028,6206.653,1945116,1945448,0,1842120,1842120,0,12964
"a0206_grls61.raw",1,0,255,0,0,1,904.735,6206.552,1945120,1945460,0,1842120,1842120,0,12964
"a0207_zt4ggr.raw",1,0,255,0,0,1,493.754,6207.561,1945128,1945460,0,1842120,1842120,0,12964
"a0208_avivkh.raw",1,0,255,0,0,1,524.432,6201.159,1945132,1945460,0,1842120,1842120,0,12964
"a0209_mbpspx.raw",1,4,251,0,0,1,2011.654,6210.019,1945132,1945460,0,1842120,1842120,0,12964
"a0210_kcvrv3.raw",1,0,255,0,0,1,519.166,6206.169,1944860,1945460,0,1842120,1842120,0,12964
"a0211_jpy47f.raw",1,12,243,0,0,1,652.114,6209.666,1945124,1945460,0,1842120,1842120,0,12964
"a0212_jimcuz.raw",1,254,1,1,0,0,638.977,6201.508,1945128,1945460,0,1842120,1842120,0,12964
"a0213_ne51o9.raw",1,30,225,0,0,1,507.948,6208.848,1945128,1945464,0,1842120,1842120,0,12964
"a0214_uajkl9.raw",1,0,255,0,0,1,523.618,6207.586,1945128,1945476,0,1842120,1842120,0,12964
"a0215_yxsy3c.raw",1,0,255,0,0,1,2284.905,6207.098,1945136,1945476,0,1842120,1842120,0,12964
"a0216_w34qky.raw",1,0,255,0,0,1,514.993,6215.462,1945144,1945476,0,1842120,1842120,0,12964
"a0217_pqf42k.raw",1,0,255,0,0,1,938.814,6206.051,1945136,1945476,0,1842120,1842120,0,12964
"a0218_nsways.raw",1,0,255,0,0,1,837.263,6197.227,1945148,1945496,0,1842120,1842120,0,12964
"a0219_e0y8kf.raw",1,0,255,0,0,1,523.787,6202.776,1945148,1945476,0,1842120,1842120,0,12964
"a0220_sqnyow.raw",1,0,255,0,0,1,664.598,6196.214,1945144,1945476,0,1842120,1842120,0,12964
"a0221_zwdiwc.raw",1,4,251,0,0,1,516.404,6200.951,1944860,1945476,0,1842120,1842120,0,12964
"a0222_icjvhp.raw",1,0,255,0,0,1,667.086,6203.876,1945132,1945464,0,1842120,1842120,0,12964
"a0223_cvjnie.raw",1,0,255,0,0,1,533.337,6197.032,1945120,1945452,0,1842120,1842120,0,12964
"a0224_zbgdda.raw",1,0,255,0,0,1,1067.221,6198.299,1945120,1945452,0,1842120,1842120,0,12964
"a0225_gvoddm.raw",1,0,255,0,0,1,535.086,6197.094,1945124,1945452,0,1842120,1842120,0,12964
"a0226_ajgork.raw",1,0,255,0,0,1,518.844,6199.053,1945120,1945452,0,1842120,1842120,0,12964
"a0227_hosyqe.raw",1,12,243,0,0,1,513.813,6208.101,1945120,1945452,0,1842120,1842120,0,12964
"a0228_beax1m.raw",1,0,255,0,0,1,823.851,6205.403,1945120,1945444,0,1842120,1842120,0,12964
"a0229_edkzub.raw",1,0,255,0,0,1,486.741,6204.590,1945104,1945444,0,1842120,1842120,0,12964
"a0230_hkndfz.raw",1,0,255,0,0,1,478.644,6197.641,1945116,1945444,0,1842120,1842120,0,12964
"a0231_dfkgjq.raw",1,187,68,1,0,0,484.842,6196.046,1945112,1945444,0,1842120,1842120,0,12964
"a0232_yxjqmf.raw",1,4,251,0,0,1,498.005,6204.188,1945108,1945444,0,1842120,1842120,0,12964
"a0233_pk87en.raw",1,0,255,0,0,1,738.325,6201.629,1945112,1945444,0,1842120,1842120,0,12964
"a0234_tzi0v2.raw",1,0,255,0,0,1,519.024,6206.037,1945112,1945444,0,1842120,1842120,0,12964
"a0235_n0quvm.raw",1,4,251,0,0,1,498.575,6193.446,1945116,1945444,0,1842120,1842120,0,12964
"a0236_ktgdmg.raw",1,1,254,0,0,1,694.056,6196.175,1945112,1945444,0,1842120,1842120,0,12964
"a0237_u2zqsb.raw",1,12,243,0,0,1,507.961,6203.455,1945116,1945444,0,1842120,1842120,0,12964
"a0238_lycwgz.raw",1,0,255,0,0,1,483.473,6204.648,1945116,1945444,0,1842120,1842120,0,12964
"a0239_deyj9t.raw",1,0,255,0,0,1,489.974,6195.169,1945116,1945456,0,1842120,1842120,0,12964
"a0240_ln1bk4.raw",1,225,30,1,0,0,479.154,6198.820,1945124,1945468,0,1842120,1842120,0,12964
"a0241_jbqsqk.raw",1,30,225,0,0,1,481.191,6202.031,1945140,1945476,0,1842120,1842120,0,12964
"a0242_emlbat.raw",1,4,251,0,0,1,491.190,6190.254,1945140,1945468,0,1842120,1842120,0,12964
"a0243_jgsndb.raw",1,0,255,0,0,1,495.160,6207.713,1945136,1945468,0,1842120,1842120,0,12964
"a0244_xvueor.raw",1,0,255,0,0,1,497.090,6210.359,1945140,1945468,0,1842120,1842120,0,12964
"a0245_artfzj.raw",1,0,255,0,0,1,886.649,6210.758,1945140,1945468,0,1842120,1842120,0,12964
"a0246_zilsnr.raw",1,0,255,0,0,1,716.205,6207.690,1945136,1945468,0,1842120,1842120,0,12964
"a0247_k09zly.raw",1,0,255,0,0,1,844.633,6199.125,1945136,1945468,0,1842120,1842120,0,12964
"a0248_jcgmcm.raw",1,0,255,0,0,1,1003.513,6208.244,1944852,1945460,0,1842120,1842120,0,12964
"a0249_ryzzky.raw",1,0,255,0,0,1,548.075,6207.188,1945128,1945460,0,1842120,1842120,0,12964
"a0250_eilcen.raw",1,0,255,0,0,1,480.373,6203.713,1945124,1945460,0,1842120,1842120,0,12964
"a0251_gou8iz.raw",1,0,255,0,0,1,496.061,6205.978,1945128,1945460,0,1842120,1842120,0,12964
"a0252_g8rdu7.raw",1,0,255,0,0,1,597.670,6218.207,1945128,1945460,0,1842120,1842120,0,12964
"a0253_zrs5z5.raw",1,0,255,0,0,1,489.754,6211.120,1945128,1945460,0,1842120,1842120,0,12964
"a0254_duhhpx.raw",1,0,255,0,0,1,528.192,6211.959,1945132,1945460,0,1842120,1842120,0,12964
"a0255_snzsh6.raw",1,0,255,0,0,1,690.070,6209.258,1945136,1945460,0,1842120,1842120,0,12964
"a0256_tl0mch.raw",1,0,255,0,0,1,519.427,6210.258,1945132,1945460,0,1842120,1842120,0,12964
"a0257_ecnd4h.raw",1,0,255,0,0,1,527.257,6211.669,1945120,1945460,0,1842120,1842120,0,12964
"a0258_k3844w.raw",1,0,255,0,0,1,548.383,6208.347,1945132,1945460,0,1842120,1842120,0,12964
"a0259_yprawt.raw",1,0,255,0,0,1,529.345,6212.225,1945128,1945468,0,1842120,1842120,0,12964
"a0260_c5y9zb.raw",1,0,255,0,0,1,531.594,6212.390,1945140,1945468,0,1842120,1842120,0,12964
"a0261_vb7hzl.raw",1,12,243,0,0,1,529.367,6219.426,1945136,1945468,0,1842120,1842120,0,12964
"a0262_ls88bb.raw",1,0,255,0,0,1,515.782,6212.409,1945136,1945468,0,1842120,1842120,0,12964
"a0263_klkxph.raw",1,0,255,0,0,1,908.462,6213.884,1945160,1945496,0,1842120,1842120,0,12964
"a0264_cni2ln.raw",1,0,255,0,0,1,561.188,6212.931,1945148,1945680,0,1842120,1842120,0,12964
"a0265_hjrfb7.raw",1,0,255,0,0,1,518.215,6211.854,1945356,1945892,0,1842120,1842120,0,12964
"a0266_zd7nqm.raw",1,0,255,0,0,1,529.513,6215.187,1945556,1946132,0,1842120,1842120,0,12964
"a0267_rvg9bm.raw",1,0,255,0,0,1,812.850,6216.832,1945776,1946316,0,1842120,1842120,0,12964
"a0268_ol9uxv.raw",1,0,255,0,0,1,833.672,6213.294,1945988,1946528,0,1842120,1842120,0,12964
"a0269_rijhyf.raw",1,0,255,0,0,1,711.947,6217.322,1946192,1946768,0,1842120,1842120,0,12964
"a0270_agqlwh.raw",1,0,255,0,0,1,559.223,6215.960,1946420,1946952,0,1842120,1842120,0,12964
"a0271_a00g3l.raw",1,0,255,0,0,1,565.035,6214.532,1946628,1947164,0,1842120,1842120,0,12964
"a0272_uwcqou.raw",1,0,255,0,0,1,552.186,6215.662,1946844,1947404,0,1842120,1842120,0,12964
"a0273_ey4uyg.raw",1,0,255,0,0,1,522.180,6213.050,1947052,1947588,0,1842120,1842120,0,12964
"a0274_rbiyxi.raw",1,0,255,0,0,1,547.064,6214.787,1947260,1947800,0,1842120,1842120,0,12964
"a0275_fgksxn.raw",1,0,255,0,0,1,518.872,6217.615,1947472,1948040,0,1842120,1842120,0,12964
"a0276_obkijn.raw",1,0,255,0,0,1,537.195,6218.443,1947692,1948224,0,1842120,1842120,0,12964
"a0277_bf7ihi.raw",1,0,255,0,0,1,559.952,6210.388,1947888,1948436,0,1842120,1842120,0,12964
"a0278_e6witx.raw",1,0,255,0,0,1,591.404,6232.126,1948108,1948676,0,1842120,1842120,0,12964
"a0279_dgrnno.raw",1,0,255,0,0,1,543.522,6199.637,1948324,1948860,0,1842120,1842120,0,12964
"a0280_xwfgrz.raw",1,0,255,0,0,1,556.427,6207.283,1948540,1949100,0,1842120,1842120,0,12964
"a0281_wvnftg.raw",1,0,255,0,0,1,507.459,6198.839,1948740,1949120,0,1842120,1842120,0,12964
"a0282_neuqgk.raw",1,0,255,0,0,1,518.302,6191.986,1948752,1949100,0,1842120,1842120,0,12964
"a0283_ed9ybp.raw",1,0,255,0,0,1,508.395,6200.089,1948752,1949100,0,1842120,1842120,0,12964
"a0284_l2pshn.raw",1,0,255,0,0,1,499.160,6204.924,1948752,1949120,0,1842120,1842120,0,12964
"a0285_czrrzg.raw",1,0,255,0,0,1,801.627,6192.424,1948752,1949100,0,1842120,1842120,0,12964
"a0286_ptumns.raw",1,0,255,0,0,1,770.025,6194.807,1948752,1949100,0,1842120,1842120,0,12964
"a0287_eehsa2.raw",1,0,255,0,0,1,845.075,6195.060,1948752,1949120,0,1842120,1842120,0,12964
"a0288_fmukvl.raw",1,0,255,0,0,1,845.562,6194.142,1948752,1949100,0,1842120,1842120,0,12964
"a0289_l9cwjl.raw",1,0,255,0,0,1,720.643,6192.800,1948740,1949100,0,1842120,1842120,0,12964
"a0290_yvjttp.raw",1,0,255,0,0,1,744.269,6195.017,1948752,1949120,0,1842120,1842120,0,12964
"a0291_xwtzfw.raw",1,0,255,0,0,1,863.939,6196.333,1948752,1949100,0,1842120,1842120,0,12964
"a0292_mfxjuh.raw",1,0,255,0,0,1,732.713,6192.014,1948744,1949100,0,1842120,1842120,0,12964
"a0293_rws1fy.raw",1,0,255,0,0,1,862.653,6195.961,1948744,1949120,0,1842120,1842120,0,12964
"a0294_amp8ud.raw",1,0,255,0,0,1,760.211,6191.389,1948752,1949100,0,1842120,1842120,0,12964
"a0295_gdssqr.raw",1,0,255,0,0,1,852.401,6189.249,1948752,1949100,0,1842120,1842120,0,12964
"a0296_cbjusq.raw",1,0,255,0,0,1,844.999,6195.375,1948744,1949120,0,1842120,1842120,0,12964
"a0297_bi3qaq.raw",1,0,255,0,0,1,805.689,6195.232,1948752,1949100,0,1842120,1842120,0,12964
"a0298_snhzju.raw",1,0,255,0,0,1,766.846,6194.692,1948752,1949100,0,1842120,1842120,0,12964
"a0299_wvgl0v.raw",1,0,255,0,0,1,880.545,6194.436,1948752,1949120,0,1842120,1842120,0,12964
"a0300_m3senv.raw",1,0,255,0,0,1,845.009,6190.468,1948752,1949100,0,1842120,1842120,0,12964
"a0301_uli8mh.raw",1,0,255,0,0,1,870.285,6187.226,1948744,1949100,0,1842120,1842120,0,12964
"a0302_vc4qix.raw",1,0,255,0,0,1,839.988,6190.031,1948732,1949120,0,1842120,1842120,0,12964
"a0303_cuf6xn.raw",1,0,255,0,0,1,993.371,6193.347,1948752,1949100,0,1842120,1842120,0,12964
"a0304_fwwn3g.raw",1,0,255,0,0,1,811.898,6193.076,1948748,1949100,0,1842120,1842120,0,12964
"a0305_fmqlfv.raw",1,0,255,0,0,1,868.564,6192.398,1948744,1949120,0,1842120,1842120,0,12964
"a0306_ulbssu.raw",1,0,255,0,0,1,673.291,6194.775,1948740,1948860,0,1842120,1842120,0,12964
"a0307_hebntn.raw",1,0,255,0,0,1,492.193,6202.289,1948532,1948648,0,1842120,1842120,0,12964
"a0308_a3dpi0.raw",1,0,255,0,0,1,916.436,6195.659,1948320,1948436,0,1842120,1842120,0,12964
"a0309_hwfzr3.raw",1,0,255,0,0,1,663.993,6197.747,1948108,1948224,0,1842120,1842120,0,12964
"a0310_xnncrg.raw",1,0,255,0,0,1,533.530,6199.139,1947896,1948012,0,1842120,1842120,0,12964
"a0311_yeksvg.raw",1,0,255,0,0,1,725.588,6196.870,1947676,1947800,0,1842120,1842120,0,12964
"a0312_hg3seh.raw",1,0,255,0,0,1,534.772,6193.298,1947472,1947588,0,1842120,1842120,0,12964
"a0313_qmcgor.raw",1,12,243,0,0,1,521.585,6194.621,1947260,1947376,0,1842120,1842120,0,12964
"a0314_qn2tkn.raw",1,0,255,0,0,1,820.356,6193.648,1947048,1947164,0,1842120,1842120,0,12964
"a0315_gzqrrt.raw",1,0,255,0,0,1,540.875,6190.454,1946840,1946952,0,1842120,1842120,0,12964
"a0316_wy1qyy.raw",1,0,255,0,0,1,498.492,6192.022,1946612,1946740,0,1842120,1842120,0,12964
"a0317_sncbpq.raw",1,1,254,0,0,1,521.689,6200.377,1946408,1946528,0,1842120,1842120,0,12964
"a0318_cwzoi8.raw",1,0,255,0,0,1,1057.328,6193.432,1946196,1946316,0,1842120,1842120,0,12964
"a0319_ghigad.raw",1,0,255,0,0,1,923.861,6195.944,1945984,1946104,0,1842120,1842120,0,12964
"a0320_yzr3ed.raw",1,0,255,0,0,1,494.874,6190.603,1945772,1945892,0,1842120,1842120,0,12964
"a0321_autrsj.raw",1,0,255,0,0,1,486.851,6218.212,1945552,1945680,0,1842120,1842120,0,12964
"a0322_ybf4bi.raw",1,12,243,0,0,1,651.413,6210.908,1945348,1945468,0,1842120,1842120,0,12964
"a0323_gejwiv.raw",1,0,255,0,0,1,502.270,6206.032,1945140,1945468,0,1842120,1842120,0,12964
"a0324_qe07mh.raw",1,0,255,0,0,1,505.650,6196.410,1945136,1945468,0,1842120,1842120,0,12964
"a0325_hqewpd.raw",1,0,255,0,0,1,776.295,6206.738,1945128,1945476,0,1842120,1842120,0,12964
"a0326_b0apf0.raw",1,0,255,0,0,1,598.125,6199.487,1945148,1945476,0,1842120,1842120,0,12964
"a0327_psfuag.raw",1,68,187,0,0,1,711.767,6196.558,1945148,1945476,0,1842120,1842120,0,12964
"a0328_y3tnna.raw",1,0,255,0,0,1,520.502,6195.807,1945148,1945476,0,1842120,1842120,0,12964
"a0329_tt1jeo.raw",1,0,255,0,0,1,549.058,6199.860,1945140,1945476,0,1842120,1842120,0,12964
"a0330_w42viz.raw",1,0,255,0,0,1,947.951,6198.718,1945148,1945476,0,1842120,1842120,0,12964
"a0331_pstkz0.raw",1,0,255,0,0,1,581.483,6197.374,1945136,1945476,0,1842120,1842120,0,12964
"a0332_mlywvc.raw",1,1,254,0,0,1,522.697,6203.174,1945148,1945476,0,1842120,1842120,0,12964
"a0333_mntmbr.raw",1,0,255,0,0,1,802.779,6198.213,1945148,1945476,0,1842120,1842120,0,12964
"a0334_hh8lbt.raw",1,0,255,0,0,1,751.527,6198.358,1945148,1945476,0,1842120,1842120,0,12964
"a0335_lj2th9.raw",1,0,255,0,0,1,727.019,6197.993,1945148,1945476,0,1842120,1842120,0,12964
"a0336_rbou7p.raw",1,0,255,0,0,1,659.297,6199.570,1945148,1945476,0,1842120,1842120,0,12964
"a0337_ne0tny.raw",1,0,255,0,0,1,532.888,6204.610,1945148,1945476,0,1842120,1842120,0,12964
"a0338_pih7ys.raw",1,0,255,0,0,1,765.442,6203.835,1945140,1945476,0,1842120,1842120,0,12964
"a0339_relvff.raw",1,0,255,0,0,1,959.786,6201.234,1944852,1945476,0,1842120,1842120,0,12964
"a0340_xhnbwm.raw",1,0,255,0,0,1,1280.953,6195.629,1945144,1945476,0,1842120,1842120,0,12964
"a0341_gjtu0s.raw",1,0,255,0,0,1,496.200,6189.606,1945148,1945476,0,1842120,1842120,0,12964
"a0342_cyuqlc.raw",1,0,255,0,0,1,1109.706,6196.717,1945148,1945476,0,1842120,1842120,0,12964
"a0343_izq4tl.raw",1,0,255,0,0,1,491.727,6202.320,1944848,1945476,0,1842120,1842120,0,12964
"a0344_rkf6lh.raw",1,0,255,0,0,1,706.595,6189.970,1944972,1945476,0,1842120,1842120,0,12964
"a0345_hlud7p.raw",1,0,255,0,0,1,720.709,6200.449,1945140,1945476,0,1842120,1842120,0,12964
"a0346_rw1jth.raw",1,0,255,0,0,1,505.835,6208.360,1945144,1945476,0,1842120,1842120,0,12964
"a0347_ckscd3.raw",1,0,255,0,0,1,482.807,6194.695,1944984,1945476,0,1842120,1842120,0,12964
"a0348_kax7ko.raw",1,0,255,0,0,1,720.971,6208.936,1945148,1945476,0,1842120,1842120,0,12964
"a0349_ufa15g.raw",1,0,255,0,0,1,522.882,6206.002,1945140,1945496,0,1842120,1842120,0,12964
"a0350_vxnkox.raw",1,4,251,0,0,1,862.171,6202.072,1945140,1945476,0,1842120,1842120,0,12964
"a0351_mztyty.raw",1,0,255,0,0,1,1128.448,6209.490,1945148,1945476,0,1842120,1842120,0,12964
"a0352_ssssf5.raw",1,0,255,0,0,1,512.968,6210.847,1945148,1945476,0,1842120,1842120,0,12964
"a0353_ekcswn.raw",1,0,255,0,0,1,736.181,6209.080,1945148,1945476,0,1842120,1842120,0,12964
"a0354_mozps1.raw",1,12,243,0,0,1,503.742,6212.698,1944868,1945476,0,1842120,1842120,0,12964
"a0355_e8krxs.raw",1,0,255,0,0,1,653.386,6205.402,1945148,1945476,0,1842120,1842120,0,12964
"a0356_hyiott.raw",1,1,254,0,0,1,852.730,6209.882,1944868,1945476,0,1842120,1842120,0,12964
"a0357_efrban.raw",1,0,255,0,0,1,704.468,6218.289,1945140,1945472,0,1842120,1842120,0,12964
"a0358_a6ukmk.raw",1,4,251,0,0,1,507.261,6209.170,1945144,1945472,0,1842120,1842120,0,12964
"a0359_uy7niw.raw",1,0,255,0,0,1,481.026,6215.603,1945140,1945468,0,1842120,1842120,0,12964
"a0360_ya0ihl.raw",1,68,187,0,0,1,510.846,6207.039,1945136,1945468,0,1842120,1842120,0,12964
"a0361_mskx0o.raw",1,4,251,0,0,1,487.837,6210.087,1945136,1945468,0,1842120,1842120,0,12964
"a0362_e7v87k.raw",1,0,255,0,0,1,639.041,6205.828,1945140,1945472,0,1842120,1842120,0,12964
"a0363_utqzrc.raw",1,0,255,0,0,1,516.012,6212.322,1945144,1945472,0,1842120,1842120,0,12964
"a0364_wtolk5.raw",1,0,255,0,0,1,503.059,6214.737,1945144,1945472,0,1842120,1842120,0,12964
"a0365_brwton.raw",1,1,254,0,0,1,662.887,6203.304,1945144,1945472,0,1842120,1842120,0,12964
"a0366_aszhel.raw",1,0,255,0,0,1,499.150,6204.285,1944876,1945472,0,1842120,1842120,0,12964
"a0367_iqzcw7.raw",1,0,255,0,0,1,739.076,6207.652,1945144,1945476,0,1842120,1842120,0,12964
"a0368_ywq7qy.raw",1,0,255,0,0,1,654.906,6204.843,1945136,1945476,0,1842120,1842120,0,12964
"a0369_h6dlbk.raw",1,0,255,0,0,1,489.652,6204.374,1945148,1945476,0,1842120,1842120,0,12964
"a0370_e50gdu.raw",1,0,255,0,0,1,491.153,6214.331,1945144,1945472,0,1842120,1842120,0,12964
"a0371_tmswzg.raw",1,30,225,0,0,1,714.631,6205.782,1945144,1945472,0,1842120,1842120,0,12964
"a0372_dweigx.raw",1,0,255,0,0,1,731.577,6193.673,1945144,1945472,0,1842120,1842120,0,12964
"a0373_q2cyb8.raw",1,128,128,-1,0,0,507.697,6197.940,1945144,1945472,0,1842120,1842120,0,12964
"a0374_oarx5d.raw",1,0,255,0,0,1,490.665,6193.647,1945144,1945472,0,1842120,1842120,0,12964
"a0375_gusroz.raw",1,0,255,0,0,1,771.972,6196.710,1945120,1945460,0,1842120,1842120,0,12964
"a0376_m1fxpo.raw",1,1,254,0,0,1,701.510,6197.187,1943392,1945460,0,1842120,1842120,0,12964
"a0377_ifo97c.raw",1,4,251,0,0,1,513.559,6197.628,1943396,1945460,0,1842120,1842120,0,12964
"a0378_fik4u6.raw",1,0,255,0,0,1,870.572,6192.697,1945132,1945460,0,1842120,1842120,0,12964
"a0379_gw8z6g.raw",1,0,255,0,0,1,503.783,6198.113,1945132,1945460,0,1842120,1842120,0,12964
"a0380_lp7x8s.raw",1,0,255,0,0,1,525.733,6193.042,1945124,1945452,0,1842120,1842120,0,12964
"a0381_wio2x9.raw",1,4,251,0,0,1,507.029,6191.102,1945240,1945452,0,1842120,1842120,0,12964
"a0382_bfgu3h.raw",1,0,255,0,0,1,805.354,6220.282,1945124,1945452,0,1842120,1842120,0,12964
"a0383_ne5pb0.raw",1,0,255,0,0,1,532.913,6202.409,1945124,1945452,0,1842120,1842120,0,12964
"a0384_yurynn.raw",1,4,251,0,0,1,966.294,6203.156,1945124,1945448,0,1842120,1842120,0,12964
"a0385_k94gtl.raw",1,30,225,0,0,1,543.003,6199.926,1945108,1945448,0,1842120,1842120,0,12964
"a0386_zhu1uu.raw",1,68,187,0,0,1,572.325,6202.119,1945120,1945448,0,1842120,1842120,0,12964
"a0387_eyzakq.raw",1,4,251,0,0,1,667.467,6195.154,1945120,1945452,0,1842120,1842120,0,12964
"a0388_skrfsx.raw",1,187,68,1,0,0,524.661,6207.928,1944960,1945452,0,1842120,1842120,0,12964
"a0389_cdwqt5.raw",1,0,255,0,0,1,516.428,6206.298,1945240,1945452,0,1842120,1842120,0,12964
"a0390_vefwrh.raw",1,1,254,0,0,1,514.569,6194.685,1945124,1945452,0,1842120,1842120,0,12964
"a0391_ynqs8w.raw",1,30,225,0,0,1,687.001,6205.048,1945112,1945452,0,1842120,1842120,0,12964
"a0392_kkdykz.raw",1,0,255,0,0,1,528.586,6198.631,1945112,1945464,0,1842120,1842120,0,12964
"a0393_adm5xz.raw",1,0,255,0,0,1,479.399,6188.280,1945136,1945488,0,1842120,1842120,0,12964
"a0394_xo3wmq.raw",1,0,255,0,0,1,715.530,6196.631,1945124,1945460,0,1842120,1842120,0,12964
"a0395_elaeka.raw",1,0,255,0,0,1,508.227,6193.167,1944948,1945456,0,1842120,1842120,0,12964
"a0396_irvlsi.raw",1,30,225,0,0,1,510.283,6191.389,1945128,1945460,0,1842120,1842120,0,12964
"a0397_bavjyv.raw",1,0,255,0,0,1,511.019,6196.586,1945132,1945468,0,1842120,1842120,0,12964
"a0398_qdxpcm.raw",1,30,225,0,0,1,931.258,6196.899,1945124,1945464,0,1842120,1842120,0,12964
"a0399_xbysfr.raw",1,4,251,0,0,1,501.513,6195.641,1945124,1945464,0,1842120,1842120,0,12964
"a0400_tskj33.raw",1,0,255,0,0,1,499.286,6191.751,1945124,1945464,0,1842120,1842120,0,12964
"a0401_zxpxkv.raw",1,1,254,0,0,1,725.441,6193.962,1945124,1945452,0,1842120,1842120,0,12964
"a0402_bfbuwq.raw",1,0,255,0,0,1,632.834,6195.301,1945124,1945452,0,1842120,1842120,0,12964
"a0403_aj20fw.raw",1,0,255,0,0,1,500.292,6192.628,1944848,1945452,0,1842120,1842120,0,12964
"a0404_pmyywf.raw",1,0,255,0,0,1,549.993,6195.840,1945112,1945452,0,1842120,1842120,0,12964
"a0405_z2vo4z.raw",1,1,254,0,0,1,535.607,6193.246,1945124,1945452,0,1842120,1842120,0,12964
"a0406_dilr56.raw",1,1,254,0,0,1,516.848,6192.326,1945104,1945444,0,1842120,1842120,0,12964
"a0407_n23xab.raw",1,4,251,0,0,1,1017.003,6195.340,1945116,1945444,0,1842120,1842120,0,12964
"a0408_pnh30f.raw",1,187,68,1,0,0,499.365,6195.585,1945228,1945444,0,1842120,1842120,0,12964
"a0409_jz7fsx.raw",1,128,128,-1,0,0,683.747,6193.682,1945104,1945448,0,1842120,1842120,0,12964
"a0410_eyyshb.raw",1,4,251,0,0,1,500.143,6195.624,1945120,1945448,0,1842120,1842120,0,12964
"a0411_ivfjal.raw",1,0,255,0,0,1,710.609,6196.039,1945108,1945452,0,1842120,1842120,0,12964
"a0412_nabmfn.raw",1,1,254,0,0,1,934.216,6196.211,1945124,1945452,0,1842120,1842120,0,12964
"a0413_gkh0aj.raw",1,0,255,0,0,1,623.434,6193.304,1945124,1945452,0,1842120,1842120,0,12964
"a0414_uib6fx.raw",1,1,254,0,0,1,693.772,6190.618,1945112,1945452,0,1842120,1842120,0,12964
"a0415_pmkd1b.raw",1,30,225,0,0,1,503.335,6194.538,1945120,1945456,0,1842120,1842120,0,12964
"a0416_xleknl.raw",1,30,225,0,0,1,475.895,6191.794,1945128,1945456,0,1842120,1842120,0,12964
"a0417_eyobc6.raw",1,4,251,0,0,1,703.916,6197.064,1945128,1945456,0,1842120,1842120,0,12964
"a0418_tcunvq.raw",1,68,187,0,0,1,481.790,6192.201,1945124,1945468,0,1842120,1842120,0,12964
"a0419_kiw6cu.raw",1,0,255,0,0,1,916.798,6194.734,1945140,1945468,0,1842120,1842120,0,12964
"a0420_f5zypq.raw",1,0,255,0,0,1,644.899,6194.003,1945128,1945468,0,1842120,1842120,0,12964
"a0421_btxrs5.raw",1,4,251,0,0,1,529.684,6195.729,1945136,1945468,0,1842120,1842120,0,12964
"a0422_k7og1c.raw",1,1,254,0,0,1,863.682,6195.524,1945140,1945468,0,1842120,1842120,0,12964
"a0423_q0gp9y.raw",1,12,243,0,0,1,478.316,6190.895,1945140,1945472,0,1842120,1842120,0,12964
"a0424_iqpyaf.raw",1,12,243,0,0,1,484.316,6197.170,1945144,1945472,0,1842120,1842120,0,12964
"a0425_njco0n.raw",1,12,243,0,0,1,645.053,6196.243,1945144,1945472,0,1842120,1842120,0,12964
"a0426_cxdnij.raw",1,0,255,0,0,1,487.345,6212.640,1945144,1945472,0,1842120,1842120,0,12964
"a0427_rag1kt.raw",1,4,251,0,0,1,543.113,6205.162,1945144,1945472,0,1842120,1842120,0,12964
"a0428_njrrll.raw",1,0,255,0,0,1,507.153,6201.763,1945136,1945472,0,1842120,1842120,0,12964
"a0429_aecy13.raw",1,0,255,0,0,1,497.541,6200.001,1945140,1945472,0,1842120,1842120,0,12964
"a0430_z635ag.raw",1,0,255,0,0,1,516.341,6201.090,1945144,1945472,0,1842120,1842120,0,12964
"a0431_gkfosz.raw",1,0,255,0,0,1,487.567,6200.196,1814076,1814396,0,1711048,1711048,0,12964
"a0432_tivk7v.raw",1,0,255,0,0,1,913.379,6199.692,1814068,1814396,0,1711048,1711048,0,12964
"a0433_ncbqdq.raw",1,0,255,0,0,1,635.171,6200.779,1814068,1814396,0,1711048,1711048,0,12964
"a0434_ep6no7.raw",1,255,0,1,0,0,471.031,6199.296,1814068,1814404,0,1711048,1711048,0,12964
"a0435_dpxauv.raw",1,0,255,0,0,1,528.716,6201.064,1814076,1814404,0,1711048,1711048,0,12964
"a0436_pga3xo.raw",1,12,243,0,0,1,705.695,6201.338,1814064,1814392,0,1711048,1711048,0,12964
"a0437_btzm2d.raw",1,0,255,0,0,1,481.790,6196.778,1814064,1814412,0,1711048,1711048,0,12964
"a0438_opm3it.raw",1,4,251,0,0,1,505.506,6196.764,1814060,1814388,0,1711048,1711048,0,12964
"a0439_cd87fj.raw",1,225,30,1,0,0,644.688,6203.056,1814060,1814388,0,1711048,1711048,0,12964
"a0440_acyc6p.raw",1,0,255,0,0,1,798.157,6197.764,1814060,1814388,0,1711048,1711048,0,12964
"a0441_ytxgcy.raw",1,0,255,0,0,1,505.983,6201.501,1814060,1814388,0,1711048,1711048,0,12964
"a0442_xspmhr.raw",1,0,255,0,0,1,516.004,6203.574,1814060,1814388,0,1711048,1711048,0,12964
"a0443_cdcvwu.raw",1,1,254,0,0,1,695.029,6200.508,1814060,1814388,0,1711048,1711048,0,12964
"a0444_j6y02a.raw",1,1,254,0,0,1,865.476,6199.124,1814060,1814388,0,1711048,1711048,0,12964
"a0445_aibcf1.raw",1,0,255,0,0,1,749.032,6196.599,1814056,1814388,0,1711048,1711048,0,12964
"a0446_ciqbyy.raw",1,0,255,0,0,1,632.482,6194.623,1814060,1814388,0,1711048,1711048,0,12964
"a0447_mt29xi.raw",1,0,255,0,0,1,463.491,6194.584,1814060,1814388,0,1711048,1711048,0,12964
"a0448_pqutrh.raw",1,0,255,0,0,1,498.020,6202.812,1814060,1814388,0,1711048,1711048,0,12964
"a0449_wtugor.raw",1,0,255,0,0,1,698.622,6194.961,1814060,1814384,0,1711048,1711048,0,12964
"a0450_us5s4a.raw",1,0,255,0,0,1,697.819,6199.471,1814056,1814384,0,1711048,1711048,0,12964
"a0451_jblp9q.raw",1,0,255,0,0,1,627.194,6208.218,1814056,1814384,0,1711048,1711048,0,12964
"a0452_dgfibu.raw",1,0,255,0,0,1,740.149,6194.744,1814044,1814372,0,1711048,1711048,0,12964
"a0453_ssx81x.raw",1,1,254,0,0,1,740.760,6202.333,1814040,1814384,0,1711048,1711048,0,12964
"a0454_fihwzz.raw",1,0,255,0,0,1,739.786,6212.885,1814052,1814380,0,1711048,1711048,0,12964
"a0455_f1v08x.raw",1,0,255,0,0,1,931.250,6204.221,1814040,1814384,0,1711048,1711048,0,12964
"a0456_jbbytw.raw",1,1,254,0,0,1,478.087,6204.014,1814044,1814384,0,1711048,1711048,0,12964
"a0457_rvidg3.raw",1,0,255,0,0,1,517.012,6200.448,1814044,1814372,0,1711048,1711048,0,12964
"a0458_ncuapq.raw",1,0,255,0,0,1,540.102,6196.653,1814044,1814372,0,1711048,1711048,0,12964
"a0459_n0bre1.raw",1,0,255,0,0,1,493.260,6204.411,1814032,1814372,0,1711048,1711048,0,12964
"a0460_vnexx0.raw",1,0,255,0,0,1,632.317,6210.030,1814044,1814372,0,1711048,1711048,0,12964
"a0461_iapxlr.raw",1,0,255,0,0,1,497.733,6208.390,1814044,1814372,0,1711048,1711048,0,12964
"a0462_h8twiu.raw",1,0,255,0,0,1,1081.143,6210.149,1814044,1814372,0,1711048,1711048,0,12964
"a0463_mhfiyh.raw",1,12,243,0,0,1,1136.905,6200.608,1814044,1814372,0,1711048,1711048,0,12964
"a0464_x53o1v.raw",1,0,255,0,0,1,656.262,6212.835,1814044,1814372,0,1711048,1711048,0,12964
"a0465_ec97ce.raw",1,0,255,0,0,1,701.458,6214.375,1814044,1814372,0,1711048,1711048,0,12964
"a0466_txwy5x.raw",1,0,255,0,0,1,508.106,6210.538,1814044,1814372,0,1711048,1711048,0,12964
"a0467_wcwcy1.raw",1,0,255,0,0,1,752.599,6208.198,1814032,1814372,0,1711048,1711048,0,12964
"a0468_bvpuar.raw",1,0,255,0,0,1,519.411,6204.852,1814032,1814372,0,1711048,1711048,0,12964
"a0469_iginmo.raw",1,12,243,0,0,1,482.617,6206.858,1814044,1814384,0,1711048,1711048,0,12964
"a0470_dgvbr5.raw",1,0,255,0,0,1,702.661,6207.484,1814052,1814384,0,1711048,1711048,0,12964
"a0471_tymfzy.raw",1,0,255,0,0,1,522.984,6199.677,1814172,1814388,0,1711048,1711048,0,12964
"a0472_qovckd.raw",1,0,255,0,0,1,490.978,6207.544,1814060,1814388,0,1711048,1711048,0,12964
"a0473_t1qzgj.raw",1,0,255,0,0,1,667.371,6205.756,1814060,1814388,0,1711048,1711048,0,12964
"a0474_f1fjub.raw",1,0,255,0,0,1,496.175,6217.298,1814060,1814400,0,1711048,1711048,0,12964
"a0475_x17tls.raw",1,0,255,0,0,1,669.270,6200.510,1814068,1814400,0,1711048,1711048,0,12964
"a0476_drui7y.raw",1,0,255,0,0,1,522.555,6194.294,1814072,1814400,0,1711048,1711048,0,12964
"a0477_xehlxc.raw",1,187,68,1,0,0,950.695,6194.126,1814072,1814400,0,1711048,1711048,0,12964
"a0478_pq1mjn.raw",1,0,255,0,0,1,635.034,6195.051,1814072,1814400,0,1711048,1711048,0,12964
"a0479_utpr3r.raw",1,4,251,0,0,1,638.445,6203.030,1814060,1814400,0,1711048,1711048,0,12964
"a0480_nluqsp.raw",1,30,225,0,0,1,470.919,6194.300,1814072,1814400,0,1711048,1711048,0,12964
"a0481_d6enwf.raw",1,12,243,0,0,1,499.810,6193.303,1814072,1814424,0,1711048,1711048,0,12964
"a0482_ilzi6s.raw",1,0,255,0,0,1,486.532,6191.244,1814076,1814400,0,1711048,1711048,0,12964
"a0483_y7mohq.raw",1,1,254,0,0,1,489.157,6195.227,1814064,1814392,0,1711048,1711048,0,12964
"a0484_ef6jfj.raw",1,0,255,0,0,1,704.707,6190.850,1814064,1814392,0,1711048,1711048,0,12964
"a0485_i4zqb5.raw",1,0,255,0,0,1,489.526,6193.291,1814060,1814392,0,1711048,1711048,0,12964
"a0486_y3nchs.raw",1,0,255,0,0,1,645.490,6196.328,1814064,1814392,0,1711048,1711048,0,12964
"a0487_rsqfdb.raw",1,0,255,0,0,1,649.962,6203.867,1814052,1814392,0,1711048,1711048,0,12964
"a0488_cmhvem.raw",1,0,255,0,0,1,550.294,6203.742,1814064,1814392,0,1711048,1711048,0,12964
"a0489_qjhusp.raw",1,0,255,0,0,1,506.968,6204.749,1814064,1814392,0,1711048,1711048,0,12964
"a0490_rrkrzr.raw",1,0,255,0,0,1,524.938,6208.531,1814064,1814392,0,1711048,1711048,0,12964
"a0491_mdyrqw.raw",1,0,255,0,0,1,486.244,6193.129,1814060,1814384,0,1711048,1711048,0,12964
"a0492_odjwal.raw",1,0,255,0,0,1,499.668,6198.295,1814056,1814384,0,1711048,1711048,0,12964
"a0493_qlzfzy.raw",1,0,255,0,0,1,520.983,6211.240,1814052,1814384,0,1711048,1711048,0,12964
"a0494_itdnei.raw",1,0,255,0,0,1,654.282,6201.218,1814056,1814384,0,1711048,1711048,0,12964
"a0495_yv6xrp.raw",1,0,255,0,0,1,752.333,6193.716,1813780,1814384,0,1711048,1711048,0,12964
"a0496_ajmtaz.raw",1,12,243,0,0,1,713.601,6204.035,1814056,1814384,0,1711048,1711048,0,12964
"a0497_ddab9f.raw",1,0,255,0,0,1,525.860,6200.179,1814056,1814384,0,1711048,1711048,0,12964
"a0498_we22f9.raw",1,4,251,0,0,1,666.844,6195.391,1814048,1814384,0,1711048,1711048,0,12964
"a0499_rwv63j.raw",1,0,255,0,0,1,519.726,6202.349,1814048,1814384,0,1711048,1711048,0,12964
"a0500_wnfhhn.raw",1,0,255,0,0,1,520.808,6205.364,1814044,1814392,0,1711048,1711048,0,12964
"a0501_vdeng8.raw",1,0,255,0,0,1,525.943,6199.584,1813764,1814380,0,1711048,1711048,0,12964
"a0502_l1nrsi.raw",1,1,254,0,0,1,674.379,6197.580,1813792,1814380,0,1711048,1711048,0,12964
"a0503_yciwk7.raw",1,0,255,0,0,1,739.447,6195.382,1813892,1814380,0,1711048,1711048,0,12964
"a0504_t5yaii.raw",1,0,255,0,0,1,515.699,6202.652,1814052,1814380,0,1711048,1711048,0,12964
"a0505_ntf7d7.raw",1,1,254,0,0,1,503.177,6197.876,1814052,1814380,0,1711048,1711048,0,12964
"a0506_lvoq8i.raw",1,68,187,0,0,1,540.657,6194.637,1814052,1814380,0,1711048,1711048,0,12964
"a0507_wxvyq0.raw",1,12,243,0,0,1,702.624,6200.298,1814052,1814380,0,1711048,1711048,0,12964
"a0508_hhrsyn.raw",1,30,225,0,0,1,726.737,6198.764,1814052,1814384,0,1711048,1711048,0,12964
"a0509_dcjswu.raw",1,1,254,0,0,1,512.602,6196.832,1814040,1814380,0,1711048,1711048,0,12964
"a0510_cmenkd.raw",1,251,4,1,0,0,654.973,6201.486,1814040,1814372,0,1711048,1711048,0,12964
"a0511_scur8z.raw",1,0,255,0,0,1,750.733,6200.103,1814032,1814372,0,1711048,1711048,0,12964
"a0512_w9c2sj.raw",1,0,255,0,0,1,735.718,6196.149,1814044,1814372,0,1711048,1711048,0,12964
"a0513_xqp4r5.raw",1,0,255,0,0,1,542.045,6192.548,1814044,1814372,0,1711048,1711048,0,12964
"a0514_sbdvnj.raw",1,12,243,0,0,1,509.202,6197.224,1814044,1814372,0,1711048,1711048,0,12964
"a0515_as3vgi.raw",1,187,68,1,0,0,512.433,6193.425,1814044,1814368,0,1711048,1711048,0,12964
"a0516_nck4nk.raw",1,0,255,0,0,1,513.253,6195.187,1814032,1814368,0,1711048,1711048,0,12964
"a0517_wdvfet.raw",1,0,255,0,0,1,736.433,6195.326,1813752,1814368,0,1711048,1711048,0,12964
"a0518_axs6q3.raw",1,0,255,0,0,1,515.075,6194.755,1814040,1814380,0,1711048,1711048,0,12964
"a0519_mne2yx.raw",1,0,255,0,0,1,652.336,6194.427,1814048,1814380,0,1711048,1711048,0,12964
"a0520_xnp6dj.raw",1,0,255,0,0,1,757.969,6192.836,1813768,1814380,0,1711048,1711048,0,12964
"a0521_hnvoqg.raw",1,0,255,0,0,1,734.117,6196.534,1814052,1814380,0,1711048,1711048,0,12964
"a0522_ksetdo.raw",1,0,255,0,0,1,551.609,6193.405,1814052,1814380,0,1711048,1711048,0,12964
"a0523_fzkjoj.raw",1,0,255,0,0,1,518.367,6208.170,1814048,1814380,0,1711048,1711048,0,12964
"a0524_ctltpm.raw",1,0,255,0,0,1,528.196,6197.616,1814052,1814380,0,1711048,1711048,0,12964
"a0525_fquagl.raw",1,0,255,0,0,1,777.254,6190.908,1814168,1814408,0,1711048,1711048,0,12964
"a0526_w6ivtw.raw",1,0,255,0,0,1,922.365,6192.267,1814056,1814384,0,1711048,1711048,0,12964
"a0527_sqlxhv.raw",1,0,255,0,0,1,652.127,6199.492,1814056,1814396,0,1711048,1711048,0,12964
"a0528_bt4vm3.raw",1,0,255,0,0,1,639.172,6193.227,1814048,1814396,0,1711048,1711048,0,12964
"a0529_rrgdnq.raw",1,0,255,0,0,1,505.200,6198.535,1813904,1814396,0,1711048,1711048,0,12964
"a0530_s0ul7h.raw",1,0,255,0,0,1,674.084,6194.160,1814068,1814396,0,1711048,1711048,0,12964
"a0531_jh6xfy.raw",1,0,255,0,0,1,539.042,6209.645,1814068,1814396,0,1711048,1711048,0,12964
"a0532_hq1ucu.raw",1,1,254,0,0,1,570.068,6210.798,1814068,1814396,0,1711048,1711048,0,12964
"a0533_cw1dlm.raw",1,0,255,0,0,1,499.252,6200.044,1814060,1814396,0,1711048,1711048,0,12964
"a0534_ra8j3s.raw",1,0,255,0,0,1,506.021,6201.256,1814076,1814396,0,1711048,1711048,0,12964
"a0535_spf3f7.raw",1,0,255,0,0,1,641.967,6203.242,1814064,1814396,0,1711048,1711048,0,12964
"a0536_mkjxcx.raw",1,0,255,0,0,1,732.842,6196.902,1814068,1814396,0,1711048,1711048,0,12964
"a0537_l1h8tc.raw",1,0,255,0,0,1,495.018,6204.155,1814064,1814396,0,1711048,1711048,0,12964
"a0538_adfb5b.raw",1,0,255,0,0,1,488.797,6203.842,1814060,1814396,0,1711048,1711048,0,12964
"a0539_a1vvau.raw",1,0,255,0,0,1,477.981,6200.357,1814056,1814384,0,1711048,1711048,0,12964
"a0540_wwrhlt.raw",1,0,255,0,0,1,496.321,6195.178,1814044,1814384,0,1711048,1711048,0,12964
"a0541_rasb78.raw",1,0,255,0,0,1,496.423,6205.126,1814056,1814384,0,1711048,1711048,0,12964
"a0542_wu5des.raw",1,0,255,0,0,1,721.713,6200.304,1814064,1814384,0,1711048,1711048,0,12964
"a0543_fojjsl.raw",1,0,255,0,0,1,497.103,6199.210,1814044,1814388,0,1711048,1711048,0,12964
"a0544_d9bjli.raw",1,1,254,0,0,1,511.726,6204.012,1814060,1814388,0,1711048,1711048,0,12964
"a0545_j6zdji.raw",1,0,255,0,0,1,530.164,6197.464,1814060,1814388,0,1711048,1711048,0,12964
"a0546_yxoqjg.raw",1,0,255,0,0,1,503.477,6200.568,1814060,1814388,0,1711048,1711048,0,12964
"a0547_pinzq9.raw",1,4,251,0,0,1,671.593,6199.828,1814060,1814388,0,1711048,1711048,0,12964
"a0548_ena0nh.raw",1,4,251,0,0,1,483.167,6200.876,1814060,1814388,0,1711048,1711048,0,12964
"a0549_ff63qe.raw",1,0,255,0,0,1,509.379,6200.387,1814060,1814388,0,1711048,1711048,0,12964
"a0550_pozqkn.raw",1,0,255,0,0,1,515.807,6194.577,1814048,1814388,0,1711048,1711048,0,12964
"a0551_as5jnv.raw",1,0,255,0,0,1,498.512,6192.194,1814060,1814388,0,1711048,1711048,0,12964
"a0552_gbhlm9.raw",1,0,255,0,0,1,486.965,6198.635,1814060,1814388,0,1711048,1711048,0,12964
"a0553_evgaab.raw",1,0,255,0,0,1,628.440,6206.438,1814060,1814388,0,1711048,1711048,0,12964
"a0554_vtqnds.raw",1,0,255,0,0,1,536.039,6198.566,1814060,1814388,0,1711048,1711048,0,12964
"a0555_qwz43p.raw",1,12,243,0,0,1,729.555,6200.074,1814052,1814388,0,1711048,1711048,0,12964
"a0556_gc3ou5.raw",1,0,255,0,0,1,742.457,6204.631,1814060,1814400,0,1711048,1711048,0,12964
"a0557_oxwjci.raw",1,0,255,0,0,1,797.639,6192.301,1814064,1814400,0,1711048,1711048,0,12964
"a0558_ci3fht.raw",1,68,187,0,0,1,694.189,6197.164,1814072,1814400,0,1711048,1711048,0,12964
"a0559_kpcy4e.raw",1,187,68,1,0,0,505.732,6200.876,1814072,1814400,0,1711048,1711048,0,12964
"a0560_y7shea.raw",1,30,225,0,0,1,496.466,6202.869,1814072,1814400,0,1711048,1711048,0,12964
"a0561_q5euyp.raw",1,187,68,1,0,0,520.338,6207.414,1813780,1814400,0,1711048,1711048,0,12964
"a0562_jvyukt.raw",1,0,255,0,0,1,507.956,6205.183,1814060,1814400,0,1711048,1711048,0,12964
"a0563_x59wk4.raw",1,0,255,0,0,1,516.714,6207.331,1814060,1814400,0,1711048,1711048,0,12964
"a0564_x5albw.raw",1,0,255,0,0,1,659.453,6202.123,1814068,1814400,0,1711048,1711048,0,12964
"a0565_q7vh5u.raw",1,0,255,0,0,1,516.421,6204.740,1814072,1814400,0,1711048,1711048,0,12964
"a0566_tkqf1u.raw",1,0,255,0,0,1,535.839,6204.269,1814072,1814396,0,1711048,1711048,0,12964
"a0567_jaeh7l.raw",1,1,254,0,0,1,521.664,6202.961,1813788,1814396,0,1711048,1711048,0,12964
"a0568_pn3hjm.raw",1,0,255,0,0,1,525.903,6203.709,1814068,1814396,0,1711048,1711048,0,12964
"a0569_sb3kjv.raw",1,0,255,0,0,1,521.272,6206.115,1814056,1814396,0,1711048,1711048,0,12964
"a0570_bhndyp.raw",1,0,255,0,0,1,481.912,6205.493,1814064,1814424,0,1711048,1711048,0,12964
"a0571_uugbnx.raw",1,0,255,0,0,1,493.822,6210.282,1814076,1814396,0,1711048,1711048,0,12964
"a0572_vow98l.raw",1,0,255,0,0,1,518.208,6210.481,1814064,1814396,0,1711048,1711048,0,12964
"a0573_kl4vin.raw",1,1,254,0,0,1,741.078,6206.355,1814068,1814396,0,1711048,1711048,0,12964
"a0574_mdbjbm.raw",1,0,255,0,0,1,505.998,6204.099,1814064,1814396,0,1711048,1711048,0,12964
"a0575_onpbfw.raw",1,0,255,0,0,1,523.019,6207.539,1814064,1814396,0,1711048,1711048,0,12964
"a0576_vyfcxa.raw",1,0,255,0,0,1,505.273,6207.880,1814068,1814396,0,1711048,1711048,0,12964
"a0577_y0qkbo.raw",1,0,255,0,0,1,705.584,6207.134,1814068,1814400,0,1711048,1711048,0,12964
"a0578_oeih0e.raw",1,0,255,0,0,1,700.271,6204.030,1814072,1814400,0,1711048,1711048,0,12964
"a0579_utchud.raw",1,0,255,0,0,1,474.836,6206.189,1814068,1814400,0,1711048,1711048,0,12964
"a0580_zzlxop.raw",1,0,255,0,0,1,716.882,6207.320,1814072,1814400,0,1711048,1711048,0,12964
"a0581_we2iix.raw",1,0,255,0,0,1,716.036,6206.296,1814064,1814400,0,1711048,1711048,0,12964
"a0582_boixmz.raw",1,30,225,0,0,1,740.145,6195.746,1814068,1814400,0,1711048,1711048,0,12964
"a0583_bpxanm.raw",1,4,251,0,0,1,509.472,6193.861,1814072,1814400,0,1711048,1711048,0,12964
"a0584_gprpij.raw",1,0,255,0,0,1,506.605,6189.009,1814060,1814400,0,1711048,1711048,0,12964
"a0585_hrd0bx.raw",1,0,255,0,0,1,499.187,6200.124,1814072,1814400,0,1711048,1711048,0,12964
"a0586_uzznzm.raw",1,1,254,0,0,1,489.054,6192.731,1814072,1814400,0,1711048,1711048,0,12964
"a0587_xo8y8t.raw",1,0,255,0,0,1,480.883,6195.395,1814072,1814400,0,1711048,1711048,0,12964
"a0588_oaqs1s.raw",1,1,254,0,0,1,512.640,6193.830,1814072,1814400,0,1711048,1711048,0,12964
"a0589_tnyzqy.raw",1,1,254,0,0,1,531.667,6197.266,1814064,1814400,0,1711048,1711048,0,12964
"a0590_i2xg5w.raw",1,0,255,0,0,1,695.867,6193.783,1814072,1814400,0,1711048,1711048,0,12964
"a0591_juna3x.raw",1,0,255,0,0,1,506.379,6195.157,1814072,1814400,0,1711048,1711048,0,12964
"a0592_bpzfci.raw",1,0,255,0,0,1,535.600,6191.250,1814068,1814400,0,1711048,1711048,0,12964
"a0593_yyvxqe.raw",1,0,255,0,0,1,499.346,6208.178,1814060,1814404,0,1711048,1711048,0,12964
"a0594_abccov.raw",1,0,255,0,0,1,507.924,6196.264,1814064,1814404,0,1711048,1711048,0,12964
"a0595_ywpxll.raw",1,0,255,0,0,1,625.356,6204.556,1814064,1814404,0,1711048,1711048,0,12964
"a0596_n0zlvg.raw",1,0,255,0,0,1,576.264,6201.200,1814072,1814404,0,1711048,1711048,0,12964
"a0597_z1wxys.raw",1,0,255,0,0,1,501.031,6202.693,1814076,1814404,0,1711048,1711048,0,12964
"a0598_yymfbg.raw",1,4,251,0,0,1,637.269,6194.929,1814076,1814404,0,1711048,1711048,0,12964
"a0599_f1rqmp.raw",1,128,128,-1,0,0,484.326,6205.627,1814072,1814404,0,1711048,1711048,0,12964
"a0600_p7xv1u.raw",1,0,255,0,0,1,532.991,6194.456,1814068,1814404,0,1711048,1711048,0,12964
"a0601_jompz5.raw",1,4,251,0,0,1,728.574,6196.204,1814076,1814404,0,1711048,1711048,0,12964
"a0602_eu5616.raw",1,0,255,0,0,1,526.959,6198.579,1814076,1814404,0,1711048,1711048,0,12964
"a0603_iacu7h.raw",1,0,255,0,0,1,746.400,6195.078,1814076,1814404,0,1711048,1711048,0,12964
"a0604_z8dlmd.raw",1,1,254,0,0,1,556.154,6193.521,1814076,1814404,0,1711048,1711048,0,12964
"a0605_czshfu.raw",1,0,255,0,0,1,507.683,6192.118,1814076,1814404,0,1711048,1711048,0,12964
"a0606_mlcyro.raw",1,4,251,0,0,1,508.216,6195.361,1814068,1814404,0,1711048,1711048,0,12964
"a0607_kysimp.raw",1,0,255,0,0,1,525.205,6195.164,1814076,1814404,0,1711048,1711048,0,12964
"a0608_qdjnjk.raw",1,0,255,0,0,1,510.926,6192.476,1814064,1814396,0,1711048,1711048,0,12964
"a0609_sasgdm.raw",1,0,255,0,0,1,544.551,6192.725,1814060,1814396,0,1711048,1711048,0,12964
"a0610_bmwy1m.raw",1,0,255,0,0,1,542.678,6196.246,1814068,1814396,0,1711048,1711048,0,12964
"a0611_yp0qq3.raw",1,0,255,0,0,1,540.149,6193.030,1814064,1814396,0,1711048,1711048,0,12964
"a0612_fzvure.raw",1,12,243,0,0,1,502.291,6194.737,1814068,1814400,0,1711048,1711048,0,12964
"a0613_aj1zh1.raw",1,4,251,0,0,1,673.188,6194.943,1814068,1814396,0,1711048,1711048,0,12964
"a0614_rohvfe.raw",1,0,255,0,0,1,547.221,6192.762,1814060,1814396,0,1711048,1711048,0,12964
"a0615_jpsupv.raw",1,0,255,0,0,1,505.120,6198.823,1814056,1814424,0,1711048,1711048,0,12964
"a0616_wp4r4d.raw",1,0,255,0,0,1,525.202,6192.961,1814072,1814396,0,1711048,1711048,0,12964
"a0617_za0k82.raw",1,0,255,0,0,1,488.664,6193.029,1814068,1814396,0,1711048,1711048,0,12964
"a0618_gis7rc.raw",1,0,255,0,0,1,619.329,6191.816,1814056,1814396,0,1711048,1711048,0,12964
"a0619_fkp7lg.raw",1,0,255,0,0,1,641.972,6192.709,1814068,1814396,0,1711048,1711048,0,12964
"a0620_olycak.raw",1,30,225,0,0,1,489.185,6188.676,1814068,1814396,0,1711048,1711048,0,12964
"a0621_gcmg2i.raw",1,0,255,0,0,1,728.092,6191.817,1814068,1814396,0,1711048,1711048,0,12964
"a0622_nfd9zi.raw",1,0,255,0,0,1,746.979,6191.853,1814064,1814396,0,1711048,1711048,0,12964
"a0623_bdvofi.raw",1,0,255,0,0,1,544.973,6194.475,1814068,1814396,0,1711048,1711048,0,12964
"a0624_mlai6p.raw",1,0,255,0,0,1,503.437,6194.128,1814068,1814396,0,1711048,1711048,0,12964
"a0625_kogqyx.raw",1,0,255,0,0,1,661.257,6191.930,1814064,1814396,0,1711048,1711048,0,12964
"a0626_tgzpf9.raw",1,0,255,0,0,1,668.730,6192.618,1814068,1814396,0,1711048,1711048,0,12964
"a0627_uenvke.raw",1,0,255,0,0,1,488.798,6193.817,1813796,1814396,0,1711048,1711048,0,12964
"a0628_mpar7n.raw",1,30,225,0,0,1,664.387,6194.652,1814068,1814396,0,1711048,1711048,0,12964
"a0629_ttcqzt.raw",1,0,255,0,0,1,638.195,6194.988,1814068,1814396,0,1711048,1711048,0,12964
"a0630_mf6zwg.raw",1,0,255,0,0,1,647.856,6198.043,1814068,1814396,0,1711048,1711048,0,12964
"a0631_cxnyqw.raw",1,0,255,0,0,1,634.259,6193.875,1814184,1814396,0,1711048,1711048,0,12964
"a0632_mexgmw.raw",1,0,255,0,0,1,496.842,6191.634,1814068,1814396,0,1711048,1711048,0,12964
"a0633_qnejd0.raw",1,0,255,0,0,1,690.681,6197.272,1814068,1814396,0,1711048,1711048,0,12964
"a0634_ttvgpf.raw",1,0,255,0,0,1,524.137,6200.520,1814068,1814396,0,1711048,1711048,0,12964
"a0635_wzjqyp.raw",1,0,255,0,0,1,494.674,6193.708,1814064,1814400,0,1711048,1711048,0,12964
"a0636_wxvrax.raw",1,0,255,0,0,1,495.110,6194.472,1813764,1814400,0,1711048,1711048,0,12964
"a0637_sagkhq.raw",1,0,255,0,0,1,519.614,6205.180,1814064,1814400,0,1711048,1711048,0,12964
"a0638_wbqkdb.raw",1,0,255,0,0,1,502.108,6208.356,1814072,1814400,0,1711048,1711048,0,12964
"a0639_d74bsz.raw",1,0,255,0,0,1,525.574,6201.108,1814072,1814400,0,1711048,1711048,0,12964
"a0640_hebnb8.raw",1,0,255,0,0,1,495.081,6200.238,1814072,1814400,0,1711048,1711048,0,12964
"a0641_ldjphh.raw",1,0,255,0,0,1,510.270,6198.104,1814072,1814400,0,1711048,1711048,0,12964
"a0642_ibo8f5.raw",1,1,254,0,0,1,480.558,6206.158,1814068,1814400,0,1711048,1711048,0,12964
"a0643_ee3z2q.raw",1,0,255,0,0,1,493.759,6198.648,1814068,1814400,0,1711048,1711048,0,12964
"a0644_xczfq2.raw",1,0,255,0,0,1,495.048,6204.415,1814068,1814400,0,1711048,1711048,0,12964
"a0645_xnlh5d.raw",1,4,251,0,0,1,726.270,6196.964,1814064,1814400,0,1711048,1711048,0,12964
"a0646_ooesqs.raw",1,0,255,0,0,1,707.983,6196.461,1814068,1814400,0,1711048,1711048,0,12964
"a0647_uprnic.raw",1,0,255,0,0,1,568.680,6189.878,1814072,1814400,0,1711048,1711048,0,12964
"a0648_dezlz6.raw",1,0,255,0,0,1,732.557,6195.835,1814068,1814400,0,1711048,1711048,0,12964
"a0649_kqjhrg.raw",1,0,255,0,0,1,529.132,6200.615,1814072,1814400,0,1711048,1711048,0,12964
"a0650_upldwg.raw",1,0,255,0,0,1,512.789,6196.334,1814072,1814400,0,1711048,1711048,0,12964
"a0651_bgzfqg.raw",1,0,255,0,0,1,491.711,6191.546,1814068,1814400,0,1711048,1711048,0,12964
"a0652_wczeqm.raw",1,0,255,0,0,1,499.215,6191.767,1814068,1814396,0,1711048,1711048,0,12964
"a0653_cwyesj.raw",1,0,255,0,0,1,497.226,6190.513,1814068,1814400,0,1711048,1711048,0,12964
"a0654_yrpogb.raw",1,0,255,0,0,1,497.201,6190.849,1814072,1814400,0,1711048,1711048,0,12964
"a0655_eqlumw.raw",1,0,255,0,0,1,488.951,6191.234,1814068,1814400,0,1711048,1711048,0,12964
"a0656_pohd3d.raw",1,0,255,0,0,1,495.160,6186.905,1814068,1814400,0,1711048,1711048,0,12964
"a0657_jgs4ke.raw",1,1,254,0,0,1,487.728,6192.037,1814072,1814400,0,1711048,1711048,0,12964
"a0658_oeowvk.raw",1,0,255,0,0,1,504.647,6191.907,1814072,1814400,0,1711048,1711048,0,12964
"a0659_yuhdpz.raw",1,0,255,0,0,1,630.742,6199.600,1814064,1814400,0,1711048,1711048,0,12964
"a0660_bmt8ir.raw",1,0,255,0,0,1,483.303,6194.002,1814072,1814424,0,1711048,1711048,0,12964
"a0661_d3ryzs.raw",1,1,254,0,0,1,516.736,6190.119,1814072,1814612,0,1711048,1711048,0,12964
"a0662_pszeho.raw",1,0,255,0,0,1,495.371,6195.978,1814288,1814824,0,1711048,1711048,0,12964
"a0663_gya6lx.raw",1,12,243,0,0,1,515.425,6187.012,1814496,1815060,0,1711048,1711048,0,12964
"a0664_xuflth.raw",1,30,225,0,0,1,536.274,6190.139,1814708,1815248,0,1711048,1711048,0,12964
"a0665_vel4ht.raw",1,0,255,0,0,1,477.802,6195.325,1814916,1815460,0,1711048,1711048,0,12964
"a0666_vyr75r.raw",1,0,255,0,0,1,493.202,6184.051,1815132,1815696,0,1711048,1711048,0,12964
"a0667_z9zuag.raw",1,0,255,0,0,1,519.327,6192.281,1815336,1815884,0,1711048,1711048,0,12964
"a0668_cbsegh.raw",1,0,255,0,0,1,509.690,6195.743,1815560,1816096,0,1711048,1711048,0,12964
"a0669_vjvxad.raw",1,0,255,0,0,1,531.525,6189.754,1815764,1816332,0,1711048,1711048,0,12964
"a0670_ilprgk.raw",1,0,255,0,0,1,527.210,6195.474,1815976,1816520,0,1711048,1711048,0,12964
"a0671_olak7t.raw",1,0,255,0,0,1,501.344,6203.060,1816192,1816732,0,1711048,1711048,0,12964
"a0672_jxl2je.raw",1,0,255,0,0,1,541.122,6198.380,1816404,1816968,0,1711048,1711048,0,12964
"a0673_jaiutc.raw",1,0,255,0,0,1,553.174,6198.266,1816620,1817156,0,1711048,1711048,0,12964
"a0674_lasnd4.raw",1,0,255,0,0,1,520.687,6204.015,1816832,1817368,0,1711048,1711048,0,12964
"a0675_wru6ul.raw",1,0,255,0,0,1,584.134,6206.335,1817040,1817604,0,1711048,1711048,0,12964
"a0676_yqu7tq.raw",1,0,255,0,0,1,558.929,6211.521,1817256,1817792,0,1711048,1711048,0,12964
"a0677_aedco5.raw",1,0,255,0,0,1,514.435,6207.532,1817448,1818024,0,1711048,1711048,0,12964
"a0678_vbkryv.raw",1,30,225,0,0,1,542.812,6205.781,1817676,1818048,0,1711048,1711048,0,12964
"a0679_wfsxje.raw",1,0,255,0,0,1,666.120,6196.678,1817680,1818028,0,1711048,1711048,0,12964
"a0680_ve8rnb.raw",1,0,255,0,0,1,558.936,6200.758,1817680,1818028,0,1711048,1711048,0,12964
"a0681_kcmnwb.raw",1,0,255,0,0,1,534.638,6194.358,1817680,1818048,0,1711048,1711048,0,12964
"a0682_ys3bp4.raw",1,68,187,0,0,1,561.002,6204.446,1817680,1818028,0,1711048,1711048,0,12964
"a0683_e9djb0.raw",1,0,255,0,0,1,563.043,6200.940,1817680,1818028,0,1711048,1711048,0,12964
"a0684_waxp5q.raw",1,0,255,0,0,1,527.813,6192.760,1817672,1818048,0,1711048,1711048,0,12964
"a0685_bssujn.raw",1,0,255,0,0,1,500.109,6193.895,1817680,1818028,0,1711048,1711048,0,12964
"a0686_rqe20r.raw",1,0,255,0,0,1,518.324,6201.572,1817680,1818028,0,1711048,1711048,0,12964
"a0687_garg3x.raw",1,1,254,0,0,1,525.262,6196.600,1815920,1818048,0,1711048,1711048,0,12964
"a0688_rjhmhh.raw",1,0,255,0,0,1,557.239,6193.785,1817680,1818028,0,1711048,1711048,0,12964
"a0689_zk4tlc.raw",1,0,255,0,0,1,493.149,6203.593,1817672,1818028,0,1711048,1711048,0,12964
"a0690_f6ntnp.raw",1,0,255,0,0,1,763.811,6200.049,1817680,1818048,0,1711048,1711048,0,12964
"a0691_nmp8lx.raw",1,0,255,0,0,1,841.018,6201.225,1817676,1818028,0,1711048,1711048,0,12964
"a0692_bmegkx.raw",1,0,255,0,0,1,546.772,6196.605,1817680,1818028,0,1711048,1711048,0,12964
"a0693_rnp3zq.raw",1,4,251,0,0,1,560.308,6199.980,1817680,1818048,0,1711048,1711048,0,12964
"a0694_sryr4a.raw",1,0,255,0,0,1,545.329,6190.769,1817680,1818028,0,1711048,1711048,0,12964
"a0695_asrnis.raw",1,0,255,0,0,1,559.399,6204.874,1817680,1818028,0,1711048,1711048,0,12964
"a0696_kslrep.raw",1,0,255,0,0,1,532.357,6199.034,1817680,1818048,0,1711048,1711048,0,12964
"a0697_cejjwf.raw",1,4,251,0,0,1,541.910,6199.789,1817680,1818028,0,1711048,1711048,0,12964
"a0698_mzgl33.raw",1,0,255,0,0,1,548.344,6196.770,1817672,1818028,0,1711048,1711048,0,12964
"a0699_ni65d1.raw",1,0,255,0,0,1,515.914,6204.998,1817672,1818048,0,1711048,1711048,0,12964
"a0700_ksh7wu.raw",1,0,255,0,0,1,522.147,6201.976,1817680,1818028,0,1711048,1711048,0,12964
"a0701_hbrcgl.raw",1,1,254,0,0,1,541.213,6188.872,1817680,1818028,0,1711048,1711048,0,12964
"a0702_tbpnqg.raw",1,1,254,0,0,1,540.433,6191.805,1817680,1818048,0,1711048,1711048,0,12964
"a0703_nds0dd.raw",1,0,255,0,0,1,517.908,6192.534,1817668,1817788,0,1711048,1711048,0,12964
"a0704_eu2stn.raw",1,0,255,0,0,1,496.663,6197.214,1817460,1817576,0,1711048,1711048,0,12964
"a0705_nlwccs.raw",1,0,255,0,0,1,666.457,6201.656,1817248,1817364,0,1711048,1711048,0,12964
"a0706_hum8pu.raw",1,0,255,0,0,1,765.982,6197.929,1817036,1817152,0,1711048,1711048,0,12964
"a0707_mmaddx.raw",1,0,255,0,0,1,718.103,6192.914,1816816,1816940,0,1711048,1711048,0,12964
"a0708_lqfyba.raw",1,0,255,0,0,1,512.972,6191.257,1816604,1816728,0,1711048,1711048,0,12964
"a0709_tpxi8p.raw",1,0,255,0,0,1,481.275,6191.728,1816400,1816516,0,1711048,1711048,0,12964
"a0710_prgxd8.raw",1,4,251,0,0,1,477.161,6190.867,1816188,1816304,0,1711048,1711048,0,12964
"a0711_rewvuv.raw",1,1,254,0,0,1,700.085,6192.667,1815972,1816092,0,1711048,1711048,0,12964
"a0712_fzdims.raw",1,1,254,0,0,1,948.217,6190.821,1814000,1815880,0,1711048,1711048,0,12964
"a0713_gs5cry.raw",1,30,225,0,0,1,500.371,6190.052,1815544,1815668,0,1711048,1711048,0,12964
"a0714_cyq1ji.raw",1,30,225,0,0,1,485.025,6194.957,1815336,1815456,0,1711048,1711048,0,12964
"a0715_bpkr0e.raw",1,0,255,0,0,1,487.332,6187.491,1815124,1815244,0,1711048,1711048,0,12964
"a0716_hiynya.raw",1,0,255,0,0,1,707.588,6186.609,1814916,1815032,0,1711048,1711048,0,12964
"a0717_xzbvm2.raw",1,30,225,0,0,1,640.862,6188.975,1814704,1814820,0,1711048,1711048,0,12964
"a0718_silz3t.raw",1,0,255,0,0,1,651.937,6192.484,1814480,1814608,0,1711048,1711048,0,12964
"a0719_o8a5oo.raw",1,1,254,0,0,1,760.639,6188.971,1814276,1814396,0,1711048,1711048,0,12964
"a0720_vpddbj.raw",1,0,255,0,0,1,493.613,6188.164,1814068,1814396,0,1711048,1711048,0,12964
"a0721_yefy3d.raw",1,0,255,0,0,1,691.219,6196.396,1814064,1814396,0,1711048,1711048,0,12964
"a0722_hskghr.raw",1,0,255,0,0,1,498.984,6184.512,1814056,1814404,0,1711048,1711048,0,12964
"a0723_jwft40.raw",1,187,68,1,0,0,695.026,6186.063,1813816,1814404,0,1711048,1711048,0,12964
"a0724_juvbew.raw",1,0,255,0,0,1,649.784,6191.254,1814068,1814404,0,1711048,1711048,0,12964
"a0725_wsesl2.raw",1,0,255,0,0,1,641.118,6187.921,1814076,1814404,0,1711048,1711048,0,12964
"a0726_dmmulp.raw",1,30,225,0,0,1,494.828,6190.328,1814068,1814404,0,1711048,1711048,0,12964
"a0727_cwcuqt.raw",1,4,251,0,0,1,484.795,6192.356,1814076,1814404,0,1711048,1711048,0,12964
"a0728_ibbstl.raw",1,1,254,0,0,1,1965.645,6185.792,1814064,1814404,0,1711048,1711048,0,12964
"a0729_nviu2e.raw",1,12,243,0,0,1,684.904,6185.415,1814076,1814404,0,1711048,1711048,0,12964
"a0730_ct28hm.raw",1,0,255,0,0,1,507.328,6187.062,1814076,1814404,0,1711048,1711048,0,12964
"a0731_akbizi.raw",1,0,255,0,0,1,687.733,6194.743,1814076,1814404,0,1711048,1711048,0,12964
"a0732_utvay2.raw",1,0,255,0,0,1,653.264,6182.684,1814076,1814404,0,1711048,1711048,0,12964
"a0733_wds78g.raw",1,0,255,0,0,1,492.648,6185.184,1814076,1814404,0,1711048,1711048,0,12964
"a0734_hbjpa5.raw",1,0,255,0,0,1,512.748,6178.361,1814076,1814404,0,1711048,1711048,0,12964
"a0735_yjrj0n.raw",1,0,255,0,0,1,644.562,6178.776,1814068,1814404,0,1711048,1711048,0,12964
"a0736_gb3git.raw",1,4,251,0,0,1,528.792,6181.548,1814076,1814404,0,1711048,1711048,0,12964
"a0737_k6v9j7.raw",1,0,255,0,0,1,682.004,6179.663,1814068,1814404,0,1711048,1711048,0,12964
"a0738_dwsc1y.raw",1,251,4,1,0,0,529.464,6173.934,1814076,1814404,0,1711048,1711048,0,12964
"a0739_e3ferw.raw",1,4,251,0,0,1,487.259,6190.121,1814076,1814404,0,1711048,1711048,0,12964
"a0740_ahujpt.raw",1,187,68,1,0,0,1077.962,6186.197,1814076,1814404,0,1711048,1711048,0,12964
"a0741_cq0dq1.raw",1,12,243,0,0,1,563.143,6182.595,1813804,1814404,0,1711048,1711048,0,12964
"a0742_xsh1bu.raw",1,0,255,0,0,1,510.069,6183.994,1814068,1814404,0,1711048,1711048,0,12964
"a0743_gkqxqs.raw",1,0,255,0,0,1,569.179,6189.864,1814072,1814404,0,1711048,1711048,0,12964
"a0744_lzysbl.raw",1,1,254,0,0,1,520.338,6195.416,1814076,1814404,0,1711048,1711048,0,12964
"a0745_f0vhir.raw",1,4,251,0,0,1,680.922,6176.342,1814076,1814404,0,1711048,1711048,0,12964
"a0746_c2yp2x.raw",1,1,254,0,0,1,547.911,6171.344,1814076,1814424,0,1711048,1711048,0,12964
"a0747_cuo48h.raw",1,0,255,0,0,1,545.549,6186.464,1814068,1814404,0,1711048,1711048,0,12964
"a0748_ilgos5.raw",1,0,255,0,0,1,559.251,6171.218,1814076,1814404,0,1711048,1711048,0,12964
"a0749_pwkwof.raw",1,0,255,0,0,1,672.224,6168.764,1814076,1814404,0,1711048,1711048,0,12964
"a0750_lhkgrp.raw",1,0,255,0,0,1,504.830,6168.829,1813796,1814404,0,1711048,1711048,0,12964
"a0751_kejtsr.raw",1,1,254,0,0,1,615.986,6164.629,1814076,1814404,0,1711048,1711048,0,12964
"a0752_osomim.raw",1,0,255,0,0,1,475.689,6175.423,1814076,1814404,0,1711048,1711048,0,12964
"a0753_uohkaf.raw",1,0,255,0,0,1,664.500,6173.601,1814076,1814404,0,1711048,1711048,0,12964
"a0754_elpjrt.raw",1,12,243,0,0,1,975.175,6178.288,1814076,1814396,0,1711048,1711048,0,12964
"a0755_unt17r.raw",1,12,243,0,0,1,650.281,6168.203,1814068,1814396,0,1711048,1711048,0,12964
"a0756_ud9ocf.raw",1,0,255,0,0,1,664.053,6174.130,1814060,1814396,0,1711048,1711048,0,12964
"a0757_yxnbvd.raw",1,0,255,0,0,1,689.239,6169.198,1814060,1814396,0,1711048,1711048,0,12964
"a0758_o6d7rp.raw",1,4,251,0,0,1,493.044,6168.195,1814068,1814396,0,1711048,1711048,0,12964
"a0759_sxgamc.raw",1,0,255,0,0,1,495.398,6179.464,1814068,1814396,0,1711048,1711048,0,12964
"a0760_yl14ql.raw",1,12,243,0,0,1,692.537,6180.119,1814064,1814396,0,1711048,1711048,0,12964
"a0761_dcyfun.raw",1,0,255,0,0,1,638.539,6176.847,1814068,1814396,0,1711048,1711048,0,12964
"a0762_rza9ov.raw",1,0,255,0,0,1,678.660,6166.077,1814068,1814396,0,1711048,1711048,0,12964
"a0763_y60ubl.raw",1,0,255,0,0,1,1104.324,6164.356,1814068,1814396,0,1711048,1711048,0,12964
"a0764_rgixeu.raw",1,0,255,0,0,1,506.352,6169.413,1814068,1814396,0,1711048,1711048,0,12964
"a0765_xd0bu7.raw",1,0,255,0,0,1,718.425,6163.756,1814068,1814396,0,1711048,1711048,0,12964
"a0766_ze9b3f.raw",1,0,255,0,0,1,663.350,6167.214,1814056,1814400,0,1711048,1711048,0,12964
"a0767_qwxmbg.raw",1,0,255,0,0,1,512.473,6166.979,1814072,1814400,0,1711048,1711048,0,12964
"a0768_jj4gjl.raw",1,0,255,0,0,1,515.515,6186.846,1814072,1814400,0,1711048,1711048,0,12964
"a0769_gitmsy.raw",1,225,30,1,0,0,511.948,6181.931,1814072,1814400,0,1711048,1711048,0,12964
"a0770_aexvbp.raw",1,0,255,0,0,1,593.220,6166.012,1814072,1814400,0,1711048,1711048,0,12964
"a0771_upzakb.raw",1,0,255,0,0,1,679.660,6174.206,1814072,1814400,0,1711048,1711048,0,12964
"a0772_oxud4q.raw",1,0,255,0,0,1,779.637,6168.246,1814072,1814400,0,1711048,1711048,0,12964
"a0773_ru9dbg.raw",1,0,255,0,0,1,777.244,6167.655,1814072,1814400,0,1711048,1711048,0,12964
"a0774_nn8hcb.raw",1,0,255,0,0,1,531.111,6173.889,1814072,1814400,0,1711048,1711048,0,12964
"a0775_o04m03.raw",1,0,255,0,0,1,680.345,6170.312,1814072,1814400,0,1711048,1711048,0,12964
"a0776_negbbp.raw",1,0,255,0,0,1,776.845,6165.647,1814072,1814400,0,1711048,1711048,0,12964
"a0777_gqwblp.raw",1,0,255,0,0,1,658.716,6165.930,1814072,1814400,0,1711048,1711048,0,12964
"a0778_qaafrk.raw",1,4,251,0,0,1,810.231,6176.965,1814068,1814400,0,1711048,1711048,0,12964
"a0779_bptrkt.raw",1,0,255,0,0,1,538.478,6179.041,1813788,1814400,0,1711048,1711048,0,12964
"a0780_fz72nw.raw",1,0,255,0,0,1,504.664,6167.726,1814072,1814400,0,1711048,1711048,0,12964
"a0781_t9hi3t.raw",1,1,254,0,0,1,729.966,6175.059,1814188,1814400,0,1711048,1711048,0,12964
"a0782_vctoja.raw",1,0,255,0,0,1,740.934,6157.702,1814072,1814400,0,1711048,1711048,0,12964
"a0783_xnqnl3.raw",1,0,255,0,0,1,679.521,6178.422,1814072,1814400,0,1711048,1711048,0,12964
"a0784_qtsviy.raw",1,4,251,0,0,1,656.148,6177.162,1814060,1814400,0,1711048,1711048,0,12964
"a0785_msdluh.raw",1,0,255,0,0,1,500.626,6168.941,1814072,1814396,0,1711048,1711048,0,12964
"a0786_h0hyyy.raw",1,0,255,0,0,1,494.391,6168.855,1814056,1814396,0,1711048,1711048,0,12964
"a0787_b6d0ky.raw",1,4,251,0,0,1,700.176,6173.811,1814056,1814396,0,1711048,1711048,0,12964
"a0788_twesiw.raw",1,0,255,0,0,1,659.611,6178.184,1814068,1814396,0,1711048,1711048,0,12964
"a0789_gb92pe.raw",1,1,254,0,0,1,661.690,6177.042,1814068,1814396,0,1711048,1711048,0,12964
"a0790_bco4tj.raw",1,0,255,0,0,1,661.478,6180.595,1814072,1814424,0,1711048,1711048,0,12964
"a0791_wb6o3f.raw",1,0,255,0,0,1,516.613,6172.721,1814068,1814608,0,1711048,1711048,0,12964
"a0792_pa5pgp.raw",1,0,255,0,0,1,508.184,6184.011,1814288,1814820,0,1711048,1711048,0,12964
"a0793_vd9iof.raw",1,0,255,0,0,1,558.940,6179.730,1814484,1815060,0,1711048,1711048,0,12964
"a0794_k219ra.raw",1,0,255,0,0,1,531.733,6185.057,1814708,1815244,0,1711048,1711048,0,12964
"a0795_sb6rst.raw",1,0,255,0,0,1,518.238,6180.978,1814912,1815456,0,1711048,1711048,0,12964
"a0796_xclwib.raw",1,0,255,0,0,1,496.954,6184.459,1815128,1815696,0,1711048,1711048,0,12964
"a0797_egxwye.raw",1,0,255,0,0,1,658.660,6183.446,1815336,1815880,0,1711048,1711048,0,12964
"a0798_kva4rd.raw",1,0,255,0,0,1,534.860,6183.153,1815552,1816092,0,1711048,1711048,0,12964
"a0799_rjx1y5.raw",1,0,255,0,0,1,512.742,6184.816,1815760,1816332,0,1711048,1711048,0,12964
"a0800_tk2jif.raw",1,30,225,0,0,1,496.876,6190.595,1815984,1816516,0,1711048,1711048,0,12964
"a0801_pmshvh.raw",1,0,255,0,0,1,506.443,6190.808,1816192,1816728,0,1711048,1711048,0,12964
"a0802_ekiupc.raw",1,4,251,0,0,1,537.123,6191.047,1816388,1816968,0,1711048,1711048,0,12964
"a0803_xfgf45.raw",1,0,255,0,0,1,489.635,6191.682,1816616,1817152,0,1711048,1711048,0,12964
"a0804_ooc5vn.raw",1,0,255,0,0,1,489.578,6187.182,1816824,1817364,0,1711048,1711048,0,12964
"a0805_dghslm.raw",1,0,255,0,0,1,471.068,6217.800,1817036,1817604,0,1711048,1711048,0,12964
"a0806_wum0iu.raw",1,0,255,0,0,1,548.186,6191.439,1817248,1817788,0,1711048,1711048,0,12964
"a0807_f3pigs.raw",1,0,255,0,0,1,505.697,6194.940,1817468,1818020,0,1711048,1711048,0,12964
"a0808_rawpbf.raw",1,0,255,0,0,1,544.597,6194.900,1817672,1818048,0,1711048,1711048,0,12964
"a0809_wfdsgj.raw",1,68,187,0,0,1,543.397,6184.394,1817680,1818028,0,1711048,1711048,0,12964
"a0810_ewvsfz.raw",1,0,255,0,0,1,554.373,6189.733,1817680,1818028,0,1711048,1711048,0,12964
"a0811_elqoqf.raw",1,4,251,0,0,1,510.203,6191.338,1817680,1818048,0,1711048,1711048,0,12964
"a0812_hsg2wa.raw",1,0,255,0,0,1,486.058,6193.862,1817680,1818028,0,1711048,1711048,0,12964
"a0813_lqjwai.raw",1,0,255,0,0,1,497.194,6184.816,1817680,1818028,0,1711048,1711048,0,12964
"a0814_nkzdfz.raw",1,0,255,0,0,1,546.676,6189.699,1817680,1818048,0,1711048,1711048,0,12964
"a0815_jb7ymq.raw",1,187,68,1,0,0,556.390,6191.135,1817680,1818028,0,1711048,1711048,0,12964
"a0816_o4htwx.raw",1,12,243,0,0,1,553.800,6187.280,1817680,1818028,0,1711048,1711048,0,12964
"a0817_ocsex0.raw",1,0,255,0,0,1,524.764,6184.849,1817680,1818048,0,1711048,1711048,0,12964
"a0818_dpor8o.raw",1,0,255,0,0,1,578.169,6190.325,1817680,1818028,0,1711048,1711048,0,12964
"a0819_xuvowc.raw",1,128,128,-1,0,0,557.380,6191.401,1817672,1818028,0,1711048,1711048,0,12964
"a0820_paaohf.raw",1,0,255,0,0,1,549.516,6188.509,1817680,1818048,0,1711048,1711048,0,12964
"a0821_dx76jf.raw",1,30,225,0,0,1,556.748,6192.320,1817672,1818028,0,1711048,1711048,0,12964
"a0822_hiit6y.raw",1,0,255,0,0,1,560.577,6171.473,1817680,1818028,0,1711048,1711048,0,12964
"a0823_ja8t9a.raw",1,0,255,0,0,1,541.454,6178.503,1817676,1818048,0,1711048,1711048,0,12964
"a0824_rxppzr.raw",1,0,255,0,0,1,528.518,6171.617,1817680,1818028,0,1711048,1711048,0,12964
"a0825_auy9db.raw",1,30,225,0,0,1,527.005,6179.646,1817680,1818028,0,1711048,1711048,0,12964
"a0826_qdzqux.raw",1,0,255,0,0,1,544.505,6176.607,1817680,1818048,0,1711048,1711048,0,12964
"a0827_emcfqn.raw",1,12,243,0,0,1,525.576,6171.377,1817680,1818028,0,1711048,1711048,0,12964
"a0828_ct8vho.raw",1,0,255,0,0,1,493.545,6182.686,1817672,1818028,0,1711048,1711048,0,12964
"a0829_wgpf7s.raw",1,0,255,0,0,1,506.350,6175.103,1817680,1818048,0,1711048,1711048,0,12964
"a0830_qrkzkk.raw",1,0,255,0,0,1,525.453,6175.883,1817680,1818028,0,1711048,1711048,0,12964
"a0831_jcvthf.raw",1,1,254,0,0,1,560.979,6193.915,1817680,1818028,0,1711048,1711048,0,12964
"a0832_sybcyr.raw",1,0,255,0,0,1,550.005,6189.757,1817680,1818048,0,1711048,1711048,0,12964
"a0833_dm6xib.raw",1,0,255,0,0,1,538.345,6180.579,1817680,1818028,0,1711048,1711048,0,12964
"a0834_p7u54n.raw",1,0,255,0,0,1,576.703,6178.814,1817680,1818028,0,1711048,1711048,0,12964
"a0835_vantug.raw",1,0,255,0,0,1,503.830,6158.102,1817680,1818048,0,1711048,1711048,0,12964
"a0836_mun9q0.raw",1,0,255,0,0,1,978.721,6184.669,1817664,1817788,0,1711048,1711048,0,12964
"a0837_scdivg.raw",1,0,255,0,0,1,502.190,6190.020,1817460,1817576,0,1711048,1711048,0,12964
"a0838_bpbznd.raw",1,0,255,0,0,1,700.270,6181.434,1817248,1817364,0,1711048,1711048,0,12964
"a0839_kbw6wl.raw",1,0,255,0,0,1,501.408,6189.878,1817036,1817152,0,1711048,1711048,0,12964
"a0840_vmqgjq.raw",1,0,255,0,0,1,556.281,6176.371,1816816,1816940,0,1711048,1711048,0,12964
"a0841_tykaik.raw",1,0,255,0,0,1,712.376,6179.434,1816604,1816728,0,1711048,1711048,0,12964
"a0842_yjt6jg.raw",1,0,255,0,0,1,522.636,6194.257,1816400,1816516,0,1711048,1711048,0,12964
"a0843_sxn9db.raw",1,0,255,0,0,1,509.669,6184.689,1814428,1816304,0,1711048,1711048,0,12964
"a0844_orspbr.raw",1,0,255,0,0,1,527.157,6188.816,1815964,1816092,0,1711048,1711048,0,12964
"a0845_t6gxnm.raw",1,0,255,0,0,1,651.436,6177.582,1815764,1815880,0,1711048,1711048,0,12964
"a0846_bh9gxd.raw",1,4,251,0,0,1,640.494,6186.314,1815540,1815668,0,1711048,1711048,0,12964
"a0847_ybdqxw.raw",1,0,255,0,0,1,649.324,6183.377,1815336,1815456,0,1711048,1711048,0,12964
"a0848_ncpp26.raw",1,0,255,0,0,1,664.198,6191.863,1815128,1815244,0,1711048,1711048,0,12964
"a0849_atsaxb.raw",1,0,255,0,0,1,632.172,6195.918,1814916,1815032,0,1711048,1711048,0,12964
"a0850_hxq9qe.raw",1,1,254,0,0,1,638.105,6187.314,1814700,1814820,0,1711048,1711048,0,12964
"a0851_gyh0is.raw",1,1,254,0,0,1,530.613,6190.362,1814480,1814608,0,1711048,1711048,0,12964
"a0852_t8myv6.raw",1,0,255,0,0,1,667.257,6181.258,1814276,1814396,0,1711048,1711048,0,12964
"a0853_v7iovm.raw",1,0,255,0,0,1,691.966,6181.786,1814068,1814396,0,1711048,1711048,0,12964
"a0854_kt4cfx.raw",1,12,243,0,0,1,720.407,6179.796,1814064,1814396,0,1711048,1711048,0,12964
"a0855_msi9bq.raw",1,0,255,0,0,1,527.203,6189.539,1814056,1814404,0,1711048,1711048,0,12964
"a0856_qb3144.raw",1,1,254,0,0,1,505.471,6185.195,1814076,1814404,0,1711048,1711048,0,12964
"a0857_evjxmt.raw",1,12,243,0,0,1,632.256,6186.539,1814068,1814404,0,1711048,1711048,0,12964
"a0858_tbkvom.raw",1,0,255,0,0,1,490.573,6186.992,1813780,1814404,0,1711048,1711048,0,12964
"a0859_xevmvq.raw",1,0,255,0,0,1,576.945,6184.681,1814068,1814404,0,1711048,1711048,0,12964
"a0860_ypkcpl.raw",1,0,255,0,0,1,683.842,6187.516,1814076,1814404,0,1711048,1711048,0,12964
"a0861_to1dkl.raw",1,0,255,0,0,1,667.761,6174.527,1814064,1814404,0,1711048,1711048,0,12964
"a0862_vjnuox.raw",1,0,255,0,0,1,516.353,6179.446,1814076,1814404,0,1711048,1711048,0,12964
"a0863_t6og9h.raw",1,0,255,0,0,1,510.015,6170.935,1814076,1814404,0,1711048,1711048,0,12964
"a0864_jo5rr4.raw",1,0,255,0,0,1,487.247,6168.045,1814076,1814404,0,1711048,1711048,0,12964
"a0865_p2e5xc.raw",1,0,255,0,0,1,487.286,6173.328,1813896,1814404,0,1711048,1711048,0,12964
"a0866_csdd84.raw",1,0,255,0,0,1,685.585,6173.760,1814076,1814404,0,1711048,1711048,0,12964
"a0867_yuoqce.raw",1,0,255,0,0,1,656.119,6186.372,1814076,1814404,0,1711048,1711048,0,12964
"a0868_meddym.raw",1,0,255,0,0,1,755.986,6164.952,1814068,1814404,0,1711048,1711048,0,12964
"a0869_mengeh.raw",1,0,255,0,0,1,689.077,6173.415,1814076,1814404,0,1711048,1711048,0,12964
"a0870_lr9loo.raw",1,0,255,0,0,1,508.137,6176.730,1814076,1814404,0,1711048,1711048,0,12964
"a0871_g1yqnr.raw",1,1,254,0,0,1,703.364,6185.648,1814076,1814404,0,1711048,1711048,0,12964
"a0872_cwd26g.raw",1,0,255,0,0,1,500.999,6173.768,1814076,1814404,0,1711048,1711048,0,12964
"a0873_n7uczw.raw",1,1,254,0,0,1,719.241,6184.424,1814076,1814404,0,1711048,1711048,0,12964
"a0874_atkpzx.raw",1,0,255,0,0,1,651.714,6175.421,1814068,1814404,0,1711048,1711048,0,12964
"a0875_tzaliv.raw",1,0,255,0,0,1,663.748,6171.687,1814068,1814404,0,1711048,1711048,0,12964
"a0876_cjzvjc.raw",1,1,254,0,0,1,508.627,6171.271,1814072,1814404,0,1711048,1711048,0,12964
"a0877_y9gzac.raw",1,0,255,0,0,1,708.999,6175.908,1813792,1814404,0,1711048,1711048,0,12964
"a0878_dlogyd.raw",1,0,255,0,0,1,510.637,6175.873,1814076,1814404,0,1711048,1711048,0,12964
"a0879_myemcq.raw",1,0,255,0,0,1,706.593,6175.406,1814068,1814424,0,1711048,1711048,0,12964
"a0880_cfnnmp.raw",1,4,251,0,0,1,513.669,6180.212,1814076,1814616,0,1711048,1711048,0,12964
"a0881_ljtvq1.raw",1,0,255,0,0,1,542.808,6171.232,1814284,1814828,0,1711048,1711048,0,12964
"a0882_a84tnc.raw",1,1,254,0,0,1,841.509,6178.892,1814500,1815060,0,1711048,1711048,0,12964
"a0883_pmjcjh.raw",1,0,255,0,0,1,756.572,6165.091,1814712,1815252,0,1711048,1711048,0,12964
"a0884_gfbw71.raw",1,0,255,0,0,1,765.350,6172.553,1814920,1815464,0,1711048,1711048,0,12964
"a0885_fhifeg.raw",1,0,255,0,0,1,791.188,6182.325,1815136,1815696,0,1711048,1711048,0,12964
"a0886_rdx8hw.raw",1,0,255,0,0,1,739.076,6175.355,1815348,1815888,0,1711048,1711048,0,12964
"a0887_ugr4tq.raw",1,0,255,0,0,1,879.419,6181.790,1815556,1816092,0,1711048,1711048,0,12964
"a0888_dddc2r.raw",1,4,251,0,0,1,856.538,6178.368,1815764,1816332,0,1711048,1711048,0,12964
"a0889_p7edum.raw",1,187,68,1,0,0,759.861,6181.729,1815976,1816516,0,1711048,1711048,0,12964
"a0890_nsgjou.raw",1,1,254,0,0,1,860.907,6183.038,1816184,1816728,0,1711048,1711048,0,12964
"a0891_xrxbn8.raw",1,4,251,0,0,1,753.479,6170.836,1816400,1816968,0,1711048,1711048,0,12964
"a0892_trop1o.raw",1,0,255,0,0,1,786.897,6183.614,1816620,1817152,0,1711048,1711048,0,12964
"a0893_pidjvq.raw",1,0,255,0,0,1,972.775,6183.566,1816820,1817364,0,1711048,1711048,0,12964
"a0894_xkszfb.raw",1,1,254,0,0,1,858.225,6178.868,1817032,1817604,0,1711048,1711048,0,12964
"a0895_fqwgdf.raw",1,187,68,1,0,0,724.562,6184.157,1817252,1817788,0,1711048,1711048,0,12964
"a0896_itt8b0.raw",1,30,225,0,0,1,757.571,6172.965,1817460,1818028,0,1711048,1711048,0,12964
"a0897_m8645c.raw",1,0,255,0,0,1,867.639,6172.913,1817680,1818048,0,1711048,1711048,0,12964
"a0898_rzwgnv.raw",1,68,187,0,0,1,781.754,6174.785,1817680,1818028,0,1711048,1711048,0,12964
"a0899_quzq7p.raw",1,1,254,0,0,1,1265.745,6183.986,1817680,1818028,0,1711048,1711048,0,12964
"a0900_iabglw.raw",1,1,254,0,0,1,753.820,6185.987,1817680,1818048,0,1711048,1711048,0,12964
"a0901_ilsl9y.raw",1,0,255,0,0,1,771.730,6188.409,1817680,1818028,0,1711048,1711048,0,12964
"a0902_rembu7.raw",1,0,255,0,0,1,744.492,6175.225,1817676,1818028,0,1711048,1711048,0,12964
"a0903_m8c2rs.raw",1,1,254,0,0,1,779.070,6183.711,1817680,1818048,0,1711048,1711048,0,12964
"a0904_uvav8u.raw",1,4,251,0,0,1,759.223,6183.212,1817680,1818028,0,1711048,1711048,0,12964
"a0905_qf09nh.raw",1,30,225,0,0,1,743.756,6190.721,1817672,1818028,0,1711048,1711048,0,12964
"a0906_vfzxgn.raw",1,0,255,0,0,1,751.562,6189.437,1817672,1818048,0,1711048,1711048,0,12964
"a0907_gtspia.raw",1,0,255,0,0,1,747.576,6177.749,1817680,1818028,0,1711048,1711048,0,12964
"a0908_zsoqqj.raw",1,0,255,0,0,1,755.419,6189.162,1817672,1818028,0,1711048,1711048,0,12964
"a0909_abdxqi.raw",1,0,255,0,0,1,855.654,6188.349,1817680,1818048,0,1711048,1711048,0,12964
"a0910_wmnbxs.raw",1,0,255,0,0,1,782.798,6198.811,1817680,1818028,0,1711048,1711048,0,12964
"a0911_qhshgz.raw",1,0,255,0,0,1,830.322,6167.630,1817680,1818028,0,1711048,1711048,0,12964
"a0912_hsoiv1.raw",1,0,255,0,0,1,790.782,6179.504,1817680,1818048,0,1711048,1711048,0,12964
"a0913_zdvegf.raw",1,0,255,0,0,1,847.093,6174.029,1817680,1818028,0,1711048,1711048,0,12964
"a0914_fw1mbt.raw",1,0,255,0,0,1,772.880,6177.664,1817672,1818028,0,1711048,1711048,0,12964
"a0915_onsav3.raw",1,0,255,0,0,1,853.816,6171.624,1817672,1818048,0,1711048,1711048,0,12964
"a0916_vzortr.raw",1,0,255,0,0,1,863.937,6177.438,1817680,1818028,0,1711048,1711048,0,12964
"a0917_rimnro.raw",1,0,255,0,0,1,885.955,6181.494,1817680,1818028,0,1711048,1711048,0,12964
"a0918_let3nb.raw",1,0,255,0,0,1,729.292,6177.730,1817680,1818048,0,1711048,1711048,0,12964
"a0919_thhrs9.raw",1,0,255,0,0,1,864.069,6188.779,1817668,1818028,0,1711048,1711048,0,12964
"a0920_tzu4or.raw",1,4,251,0,0,1,760.442,6181.003,1817672,1818028,0,1711048,1711048,0,12964
"a0921_xwl2m2.raw",1,0,255,0,0,1,857.469,6174.992,1817680,1818048,0,1711048,1711048,0,12964
"a0922_ptnhyf.raw",1,0,255,0,0,1,850.197,6178.205,1817680,1818028,0,1711048,1711048,0,12964
"a0923_zhqnfa.raw",1,0,255,0,0,1,787.070,6173.329,1817680,1818028,0,1711048,1711048,0,12964
"a0924_yrvcde.raw",1,0,255,0,0,1,885.925,6185.112,1817680,1818048,0,1711048,1711048,0,12964
"a0925_jojxoz.raw",1,0,255,0,0,1,717.155,6180.031,1817664,1817788,0,1711048,1711048,0,12964
"a0926_s5fqda.raw",1,30,225,0,0,1,665.075,6185.700,1817460,1817576,0,1711048,1711048,0,12964
"a0927_agxdjn.raw",1,0,255,0,0,1,650.662,6189.332,1817248,1817364,0,1711048,1711048,0,12964
"a0928_nxwt0j.raw",1,0,255,0,0,1,493.932,6189.931,1817040,1817152,0,1711048,1711048,0,12964
"a0929_insdo7.raw",1,0,255,0,0,1,702.543,6189.270,1816816,1816940,0,1711048,1711048,0,12964
"a0930_nstgfg.raw",1,12,243,0,0,1,523.792,6193.880,1816604,1816728,0,1711048,1711048,0,12964
"a0931_cvujv4.raw",1,0,255,0,0,1,542.180,6180.449,1816400,1816516,0,1711048,1711048,0,12964
"a0932_qenein.raw",1,4,251,0,0,1,481.379,6180.523,1816188,1816304,0,1711048,1711048,0,12964
"a0933_ddzhlj.raw",1,4,251,0,0,1,656.746,6179.095,1815972,1816092,0,1711048,1711048,0,12964
"a0934_h9y6jq.raw",1,0,255,0,0,1,763.153,6183.829,1815756,1815880,0,1711048,1711048,0,12964
"a0935_wkfaia.raw",1,0,255,0,0,1,533.212,6187.907,1815540,1815668,0,1711048,1711048,0,12964
"a0936_bokibz.raw",1,0,255,0,0,1,538.694,6187.189,1815328,1815456,0,1711048,1711048,0,12964
"a0937_q2grnt.raw",1,0,255,0,0,1,570.649,6188.014,1815128,1815244,0,1711048,1711048,0,12964
"a0938_zlqrwc.raw",1,1,254,0,0,1,532.552,6185.595,1814904,1815032,0,1711048,1711048,0,12964
"a0939_gnzseb.raw",1,0,255,0,0,1,529.451,6193.486,1814700,1814820,0,1711048,1711048,0,12964
"a0940_cedhge.raw",1,0,255,0,0,1,692.301,6188.886,1814480,1814608,0,1711048,1711048,0,12964
"a0941_p7wolj.raw",1,0,255,0,0,1,529.822,6188.115,1814280,1814396,0,1711048,1711048,0,12964
"a0942_nrr0yn.raw",1,30,225,0,0,1,668.154,6184.333,1814068,1814396,0,1711048,1711048,0,12964
"a0943_z4hnpo.raw",1,12,243,0,0,1,528.605,6181.083,1814064,1814396,0,1711048,1711048,0,12964
"a0944_v7qrn1.raw",1,187,68,1,0,0,661.447,6186.000,1814056,1814404,0,1711048,1711048,0,12964
"a0945_doysg3.raw",1,12,243,0,0,1,677.021,6183.944,1814076,1814404,0,1711048,1711048,0,12964
"a0946_urjknv.raw",1,0,255,0,0,1,511.794,6196.372,1814068,1814404,0,1711048,1711048,0,12964
"a0947_wlc3jr.raw",1,0,255,0,0,1,542.883,6182.833,1814076,1814404,0,1711048,1711048,0,12964
"a0948_f1hper.raw",1,0,255,0,0,1,661.038,6194.533,1814068,1814404,0,1711048,1711048,0,12964
"a0949_qlz4h3.raw",1,0,255,0,0,1,496.977,6188.009,1814076,1814376,0,1711048,1711048,0,12964
"a0950_xtmcwu.raw",1,1,254,0,0,1,703.040,6186.212,1814064,1814404,0,1711048,1711048,0,12964
"a0951_xcmxlj.raw",1,0,255,0,0,1,668.311,6184.705,1814076,1814404,0,1711048,1711048,0,12964
"a0952_oip6ep.raw",1,12,243,0,0,1,505.656,6186.505,1814076,1814404,0,1711048,1711048,0,12964
"a0953_eolxuo.raw",1,0,255,0,0,1,768.708,6191.376,1814076,1814404,0,1711048,1711048,0,12964
"a0954_oxhbh8.raw",1,0,255,0,0,1,493.704,6210.898,1814076,1814404,0,1711048,1711048,0,12964
"a0955_qbygdh.raw",1,1,254,0,0,1,486.686,6193.960,1814076,1814404,0,1711048,1711048,0,12964
"a0956_aeym4u.raw",1,0,255,0,0,1,474.637,6191.203,1814076,1814404,0,1711048,1711048,0,12964
"a0957_z4pde7.raw",1,4,251,0,0,1,491.744,6197.052,1814068,1814404,0,1711048,1711048,0,12964
"a0958_huwfsz.raw",1,1,254,0,0,1,642.600,6192.351,1814192,1814404,0,1711048,1711048,0,12964
"a0959_cbmjkb.raw",1,128,128,-1,0,0,500.305,6198.764,1814072,1814404,0,1711048,1711048,0,12964
"a0960_vvgfi8.raw",1,128,128,-1,0,0,688.988,6200.751,1814076,1814404,0,1711048,1711048,0,12964
"a0961_tarbfe.raw",1,0,255,0,0,1,505.214,6189.854,1814076,1814404,0,1711048,1711048,0,12964
"a0962_hum61t.raw",1,12,243,0,0,1,479.982,6182.739,1814076,1814404,0,1711048,1711048,0,12964
"a0963_wz8emn.raw",1,187,68,1,0,0,565.500,6196.278,1814068,1814404,0,1711048,1711048,0,12964
"a0964_canail.raw",1,68,187,0,0,1,721.753,6201.551,1814076,1814404,0,1711048,1711048,0,12964
"a0965_jc384x.raw",1,187,68,1,0,0,660.254,6190.143,1814072,1814404,0,1711048,1711048,0,12964
"a0966_yn5vst.raw",1,251,4,1,0,0,760.210,6194.578,1814076,1814404,0,1711048,1711048,0,12964
"a0967_gxvuny.raw",1,255,0,1,0,0,498.380,6199.305,1814076,1814404,0,1711048,1711048,0,12964
"a0968_g3zqqc.raw",1,254,1,1,0,0,645.924,6200.534,1814076,1814404,0,1711048,1711048,0,12964
"a0969_o4uupq.raw",1,68,187,0,0,1,663.248,6195.526,1814096,1814424,0,1711048,1711048,0,12964
"a0970_dnatzm.raw",1,0,255,0,0,1,719.805,6189.960,1812324,1814404,0,1711048,1711048,0,12964
"a0971_nweobd.raw",1,1,254,0,0,1,643.590,6197.894,1814076,1814404,0,1711048,1711048,0,12964
"a0972_k39yu4.raw",1,0,255,0,0,1,505.939,6194.913,1814076,1814404,0,1711048,1711048,0,12964
"a0973_nofz6m.raw",1,0,255,0,0,1,522.937,6187.197,1814076,1814404,0,1711048,1711048,0,12964
"a0974_rysqbw.raw",1,1,254,0,0,1,699.955,6191.032,1814076,1814404,0,1711048,1711048,0,12964
"a0975_qf9j0w.raw",1,0,255,0,0,1,496.967,6197.510,1814076,1814404,0,1711048,1711048,0,12964
"a0976_wj5hvf.raw",1,0,255,0,0,1,496.277,6204.411,1814068,1814388,0,1711048,1711048,0,12964
"a0977_zzrxw7.raw",1,0,255,0,0,1,618.812,6204.816,1814060,1814388,0,1711048,1711048,0,12964
"a0978_lwts50.raw",1,0,255,0,0,1,506.187,6196.950,1814060,1814388,0,1711048,1711048,0,12964
"a0979_kvhksp.raw",1,0,255,0,0,1,523.372,6205.086,1814052,1814388,0,1711048,1711048,0,12964
"a0980_pxxmht.raw",1,0,255,0,0,1,683.846,6206.244,1814056,1814388,0,1711048,1711048,0,12964
"a0981_kuxkk2.raw",1,0,255,0,0,1,512.487,6200.446,1814060,1814396,0,1711048,1711048,0,12964
"a0982_eclgce.raw",1,0,255,0,0,1,502.759,6204.055,1814068,1814396,0,1711048,1711048,0,12964
"a0983_cnhiiq.raw",1,30,225,0,0,1,715.838,6198.479,1814068,1814396,0,1711048,1711048,0,12964
"a0984_lt0wwh.raw",1,0,255,0,0,1,486.083,6197.124,1814068,1814396,0,1711048,1711048,0,12964
"a0985_ybph7v.raw",1,0,255,0,0,1,650.274,6191.738,1814064,1814396,0,1711048,1711048,0,12964
"a0986_fxpzyo.raw",1,0,255,0,0,1,652.968,6192.937,1814060,1814396,0,1711048,1711048,0,12964
"a0987_yvjwwy.raw",1,12,243,0,0,1,661.381,6193.784,1814068,1814396,0,1711048,1711048,0,12964
"a0988_nnmdgy.raw",1,0,255,0,0,1,528.856,6202.013,1814068,1814396,0,1711048,1711048,0,12964
"a0989_uk4obq.raw",1,0,255,0,0,1,525.884,6194.301,1814056,1814396,0,1711048,1711048,0,12964
"a0990_begep6.raw",1,30,225,0,0,1,530.673,6201.975,1814056,1814396,0,1711048,1711048,0,12964
"a0991_h9jlfy.raw",1,0,255,0,0,1,757.594,6196.846,1814056,1814396,0,1711048,1711048,0,12964
"a0992_pkredq.raw",1,0,255,0,0,1,548.075,6199.011,1813836,1814396,0,1711048,1711048,0,12964
"a0993_hco1q2.raw",1,0,255,0,0,1,753.312,6191.239,1814064,1814404,0,1711048,1711048,0,12964
"a0994_bdkrnc.raw",1,0,255,0,0,1,770.479,6203.445,1814072,1814404,0,1711048,1711048,0,12964
"a0995_nyipoo.raw",1,4,251,0,0,1,547.517,6198.153,1814072,1814404,0,1711048,1711048,0,12964
"a0996_rfgrox.raw",1,1,254,0,0,1,1020.316,6195.210,1814076,1814404,0,1711048,1711048,0,12964
"a0997_zo21tb.raw",1,0,255,0,0,1,710.385,6191.790,1814072,1814404,0,1711048,1711048,0,12964
"a0998_qcaubk.raw",1,0,255,0,0,1,507.411,6196.897,1814076,1814396,0,1711048,1711048,0,12964
"a0999_datefo.raw",1,0,255,0,0,1,516.891,6205.370,1813804,1814396,0,1711048,1711048,0,12964
"a1000_xlkjpv.raw",1,0,255,0,0,1,509.245,6204.772,1814068,1814396,0,1711048,1711048,0,12964
"a1001_b5sgfg.raw",1,1,254,0,0,1,511.475,6203.707,1814060,1814396,0,1711048,1711048,0,12964
"a1002_lghd3i.raw",1,0,255,0,0,1,750.273,6193.210,1814064,1814396,0,1711048,1711048,0,12964
"a1003_dtql8u.raw",1,0,255,0,0,1,529.865,6194.957,1814064,1814396,0,1711048,1711048,0,12964
"a1004_pjfizq.raw",1,0,255,0,0,1,554.879,6194.583,1814068,1814396,0,1711048,1711048,0,12964
"a1005_ts2gmv.raw",1,0,255,0,0,1,748.617,6193.925,1813900,1814396,0,1711048,1711048,0,12964
"a1006_qspmhh.raw",1,1,254,0,0,1,729.485,6193.096,1814064,1814396,0,1711048,1711048,0,12964
"a1007_wyhoel.raw",1,1,254,0,0,1,514.260,6196.075,1814060,1814396,0,1711048,1711048,0,12964
"a1008_vewmzh.raw",1,0,255,0,0,1,514.901,6202.951,1814068,1814396,0,1711048,1711048,0,12964

# total=2000 sucesso=2000 erros=0 empates=6
# rotuladas_com_sucesso=2000 acertos=1964
# accuracy_pct=98.200
# inference_avg_ms=6184.736 inference_min_ms=6119.588 inference_max_ms=6232.126
# download_avg_ms=601.554
# heap_min_free_bytes=1780544 psram_min_free_bytes=1710944 psram_total_bytes=4194304
